time,fx,fy,fz,tx,ty,tz,vx,vy,vz,travel_mm,pos_x,pos_y,pos_z,phase
0.0000,-0.0439,0.0852,-0.5394,-0.01417,-0.00452,0.00175,-5.00,0.00,0.00,0.0,125.46,633.30,302.41,DESCEND
0.0109,0.0960,-0.0147,0.0605,0.00782,0.01047,-0.00024,-5.00,0.00,0.00,0.0,125.46,633.30,302.41,DESCEND
0.0211,0.1860,-0.1447,0.0305,0.00382,0.00247,0.00075,-5.00,0.00,0.00,0.0,125.46,633.30,302.40,DESCEND
0.0312,0.1560,-0.2747,0.2005,0.02082,0.00747,0.00075,-5.00,0.00,0.00,0.0,125.46,633.30,302.39,DESCEND
0.0413,0.0960,0.0152,-0.4094,0.00782,-0.00552,0.00275,-5.00,0.00,0.00,0.0,125.46,633.30,302.38,DESCEND
0.0514,0.0860,0.3452,-0.6394,-0.00417,-0.01152,0.00475,-5.00,0.00,0.00,0.0,125.46,633.30,302.36,DESCEND
0.0615,-0.0439,-0.0347,-0.4994,-0.00817,-0.00652,0.00375,-5.00,0.00,0.00,0.1,125.47,633.30,302.34,DESCEND
0.0716,0.2660,0.0952,-0.0694,0.01782,0.00847,0.00075,-5.00,0.00,0.00,0.1,125.47,633.30,302.32,DESCEND
0.0817,-0.0039,0.1852,-0.4194,0.01082,0.00447,0.00475,-5.00,0.00,0.00,0.1,125.47,633.30,302.29,DESCEND
0.0918,-0.0839,0.3652,-0.5594,-0.00817,-0.00552,0.00575,-5.00,0.00,0.00,0.1,125.47,633.30,302.26,DESCEND
0.1019,0.1360,0.0252,-0.1394,0.01082,0.00147,0.00175,-5.00,0.00,0.00,0.2,125.47,633.31,302.22,DESCEND
0.1121,-0.0939,0.3652,-0.4394,-0.01617,0.00247,0.00275,-5.00,0.00,0.00,0.2,125.47,633.31,302.19,DESCEND
0.1222,-0.1739,0.1052,-0.2194,-0.00317,0.00047,0.00475,-5.00,0.00,0.00,0.3,125.47,633.31,302.14,DESCEND
0.1323,-0.0539,0.0652,-0.1194,-0.00517,0.00447,0.00275,-5.00,0.00,0.00,0.3,125.47,633.31,302.10,DESCEND
0.1424,-0.0039,0.5952,-0.4194,-0.00917,-0.00652,0.00675,-5.00,0.00,0.00,0.4,125.47,633.31,302.04,DESCEND
0.1525,0.1860,0.2652,-0.1494,-0.00217,0.00347,0.00375,-5.00,0.00,0.00,0.4,125.47,633.31,302.00,DESCEND
0.1626,0.2760,-0.1247,0.0505,0.00782,0.01247,0.00475,-5.00,0.00,0.00,0.5,125.47,633.32,301.94,DESCEND
0.1727,-0.0039,0.4252,-0.3694,-0.00517,0.01647,0.00475,-5.00,0.00,0.00,0.5,125.47,633.32,301.88,DESCEND
0.1829,0.3060,0.2952,-0.3794,0.00382,0.00447,0.00475,-5.00,0.00,0.00,0.6,125.47,633.32,301.84,DESCEND
0.1930,0.1260,0.3052,-0.3494,0.01282,0.00347,0.00775,-5.00,0.00,0.00,0.6,125.47,633.32,301.78,DESCEND
0.2031,-0.0139,0.1552,-0.4694,0.00282,0.00247,0.00575,-5.00,0.00,0.00,0.7,125.47,633.32,301.74,DESCEND
0.2133,-0.0439,0.1752,-0.3394,-0.00217,-0.01052,0.00675,-5.00,0.00,0.00,0.7,125.47,633.33,301.68,DESCEND
0.2234,-0.1039,0.2352,-0.3694,0.00382,-0.01352,0.00175,-5.00,0.00,0.00,0.8,125.47,633.33,301.64,DESCEND
0.2335,-0.2239,0.2552,-0.2694,-0.00017,-0.00652,0.00275,-5.00,0.00,0.00,0.8,125.47,633.33,301.58,DESCEND
0.2436,-0.0339,-0.0347,-0.1494,0.00782,0.00647,0.00475,-5.00,0.00,0.00,0.9,125.47,633.33,301.54,DESCEND
0.2537,0.1760,-0.3447,-0.0794,0.02682,0.01547,-0.00124,-5.00,0.00,0.00,0.9,125.47,633.33,301.48,DESCEND
0.2638,0.1260,-0.0547,0.0605,0.00182,0.00647,0.00075,-5.00,0.00,0.00,1.0,125.47,633.33,301.44,DESCEND
0.2739,0.1260,0.0452,-0.3394,0.00482,-0.00352,0.00375,-5.00,0.00,0.00,1.0,125.47,633.34,301.38,DESCEND
0.2841,-0.1439,0.2252,-0.2894,-0.00717,0.01147,-0.00024,-5.00,0.00,0.00,1.1,125.47,633.34,301.34,DESCEND
0.2942,0.0660,0.3952,-0.3994,0.00382,0.00847,0.00675,-5.00,0.00,0.00,1.1,125.47,633.34,301.28,DESCEND
0.3043,0.0760,0.3452,-0.5594,0.00482,-0.00052,0.00475,-5.00,0.00,0.00,1.2,125.47,633.34,301.24,DESCEND
0.3144,0.1560,0.1352,-0.0294,-0.00517,0.00247,0.00175,-5.00,0.00,0.00,1.2,125.47,633.34,301.18,DESCEND
0.3245,0.0460,0.1852,-0.5994,0.01182,-0.00052,0.00475,-5.00,0.00,0.00,1.3,125.47,633.35,301.14,DESCEND
0.3346,0.0760,-0.1247,-0.0594,0.01582,0.00547,0.00075,-5.00,0.00,0.00,1.3,125.47,633.35,301.08,DESCEND
0.3447,-0.0339,0.0652,-0.4294,0.00182,-0.00452,0.00175,-5.00,0.00,0.00,1.4,125.47,633.35,301.02,DESCEND
0.3548,-0.1139,0.6352,-0.6294,0.00882,-0.00452,0.00475,-5.00,0.00,0.00,1.4,125.47,633.35,300.98,DESCEND
0.3650,-0.0039,0.2352,-0.2694,-0.00417,-0.00352,0.00475,-5.00,0.00,0.00,1.5,125.47,633.35,300.92,DESCEND
0.3751,0.0460,-0.3147,-0.0494,0.02082,0.00747,-0.00124,-5.00,0.00,0.00,1.5,125.47,633.35,300.88,DESCEND
0.3852,0.0660,0.0952,-0.0994,0.02082,0.00447,0.00375,-5.00,0.00,0.00,1.6,125.47,633.36,300.82,DESCEND
0.3953,-0.1039,0.1352,-0.3294,-0.01317,-0.00452,0.00275,-5.00,0.00,0.00,1.6,125.47,633.36,300.78,DESCEND
0.4054,-0.0539,0.2352,-0.3094,0.00182,0.00347,0.00775,-5.00,0.00,0.00,1.7,125.47,633.36,300.72,DESCEND
0.4155,0.2060,0.1652,-0.3194,0.01382,0.00147,0.00175,-5.00,0.00,0.00,1.7,125.47,633.36,300.68,DESCEND
0.4256,0.0660,-0.1547,0.0205,0.00582,-0.00052,0.00175,-5.00,0.00,0.00,1.8,125.47,633.36,300.62,DESCEND
0.4357,0.0760,0.4752,-0.3994,0.01682,0.01047,0.00575,-5.00,0.00,0.00,1.8,125.47,633.37,300.58,DESCEND
0.4458,-0.0839,0.4152,-0.4794,0.00382,-0.00552,0.00275,-5.00,0.00,0.00,1.9,125.47,633.37,300.52,DESCEND
0.4559,-0.0839,0.0452,0.1305,0.00382,0.00647,-0.00024,-5.00,0.00,0.00,1.9,125.47,633.37,300.48,DESCEND
0.4661,0.0960,0.1552,-0.1794,0.00182,0.00447,0.00175,-5.00,0.00,0.00,2.0,125.47,633.37,300.42,DESCEND
0.4762,0.2860,-0.2047,-0.2894,0.03082,0.00947,0.00075,-5.00,0.00,0.00,2.0,125.47,633.37,300.38,DESCEND
0.4863,-0.1139,-0.0047,-0.2794,0.00882,0.00247,0.00275,-5.00,0.00,0.00,2.1,125.47,633.38,300.32,DESCEND
0.4964,0.1160,0.2052,-0.4594,0.01682,-0.00052,0.00275,-5.00,0.00,0.00,2.1,125.47,633.38,300.28,DESCEND
0.5066,-0.0339,-0.2647,0.0005,0.00982,0.00847,-0.00324,-5.00,0.00,0.00,2.2,125.47,633.38,300.22,DESCEND
0.5167,0.1060,0.1752,-0.3494,0.01782,-0.00052,0.00475,-5.00,0.00,0.00,2.2,125.47,633.38,300.16,DESCEND
0.5268,0.1260,0.0852,-0.2294,0.01882,0.00447,0.00175,-5.00,0.00,0.00,2.3,125.47,633.38,300.12,DESCEND
0.5369,0.0460,-0.1147,-0.2794,0.00882,0.00147,0.00075,-5.00,0.00,0.00,2.3,125.47,633.39,300.06,DESCEND
0.5471,0.0360,0.0152,-0.1394,0.00982,0.00847,0.00175,-5.00,0.00,0.00,2.4,125.47,633.39,300.02,DESCEND
0.5572,0.1060,0.0252,-0.1194,-0.00117,0.00047,0.00175,-5.00,0.00,0.00,2.4,125.47,633.39,299.96,DESCEND
0.5673,-0.0739,0.3852,-0.2894,-0.01617,-0.01352,0.00375,-5.00,0.00,0.00,2.5,125.47,633.39,299.92,DESCEND
0.5774,0.1060,-0.1747,0.0205,0.01282,0.00747,0.00175,-5.00,0.00,0.00,2.5,125.47,633.39,299.86,DESCEND
0.5876,-0.0039,-0.0047,-0.1194,-0.00817,-0.00452,0.00275,-5.00,0.00,0.00,2.6,125.47,633.39,299.82,DESCEND
0.5977,-0.2039,-0.2147,0.1705,-0.02317,0.00047,-0.00024,-5.00,0.00,0.00,2.6,125.47,633.40,299.76,DESCEND
0.6078,0.0860,-0.1847,-0.2094,0.00282,-0.00852,0.00375,-5.00,0.00,0.00,2.7,125.47,633.40,299.72,DESCEND
0.6179,0.1060,0.0952,-0.3194,0.01382,0.00047,0.00375,-5.00,0.00,0.00,2.7,125.47,633.40,299.66,DESCEND
0.6281,-0.0239,0.3452,-0.1994,0.01482,0.00347,0.00475,-5.00,0.00,0.00,2.8,125.47,633.40,299.62,DESCEND
0.6382,-0.0139,0.3752,-0.3594,0.01182,0.00347,0.00575,-5.00,0.00,0.00,2.8,125.47,633.40,299.56,DESCEND
0.6483,0.0960,0.1552,-0.1194,0.01182,0.00847,0.00075,-5.00,0.00,0.00,2.9,125.47,633.40,299.52,DESCEND
0.6584,0.3260,-0.0447,-0.0994,0.02882,0.00547,0.00275,-5.00,0.00,0.00,2.9,125.48,633.41,299.46,DESCEND
0.6686,-0.0139,0.2852,-0.6194,-0.00217,-0.00452,0.00575,-5.00,0.00,0.00,3.0,125.48,633.41,299.40,DESCEND
0.6787,0.2460,0.2752,-0.3894,0.01282,-0.00452,0.00475,-5.00,0.00,0.00,3.0,125.48,633.41,299.36,DESCEND
0.6888,-0.0639,0.3952,-0.3794,-0.00517,-0.00252,0.00775,-5.00,0.00,0.00,3.1,125.48,633.41,299.30,DESCEND
0.6989,0.1260,-0.0047,-0.1994,0.00882,0.00447,0.00075,-5.00,0.00,0.00,3.1,125.48,633.41,299.26,DESCEND
0.7091,-0.0639,-0.1547,-0.3094,-0.00117,-0.00852,0.00175,-5.00,0.00,0.00,3.2,125.48,633.42,299.22,DESCEND
0.7193,0.1660,0.1152,0.0005,0.00082,-0.00452,0.00275,-5.00,0.00,0.00,3.2,125.48,633.42,299.16,DESCEND
0.7294,-0.0839,0.2852,-0.4394,0.00882,-0.00052,0.00675,-5.00,0.00,0.00,3.3,125.48,633.42,299.10,DESCEND
0.7395,0.1160,0.3752,-0.3594,0.00882,-0.00152,0.00675,-5.00,0.00,0.00,3.3,125.48,633.42,299.06,DESCEND
0.7496,0.1060,0.1552,-0.0994,0.01282,-0.00452,0.00475,-5.00,0.00,0.00,3.4,125.48,633.42,299.00,DESCEND
0.7597,0.0460,0.0052,-0.0394,0.01182,0.01047,0.00375,-5.00,0.00,0.00,3.4,125.48,633.43,298.96,DESCEND
0.7699,-0.1039,-0.1747,0.0005,0.00082,0.00347,0.00475,-5.00,0.00,0.00,3.5,125.48,633.43,298.90,DESCEND
0.7800,0.0660,-0.0647,-0.0094,-0.00317,0.00047,0.00275,-5.00,0.00,0.00,3.5,125.48,633.43,298.86,DESCEND
0.7901,-0.1939,0.0952,-0.2094,0.00682,0.01147,0.00275,-5.00,0.00,0.00,3.6,125.48,633.43,298.80,DESCEND
0.8002,0.1360,0.4552,-0.6094,0.02082,0.01047,0.00775,-5.00,0.00,0.00,3.6,125.48,633.43,298.76,DESCEND
0.8103,0.1660,0.1952,-0.4794,0.01382,0.00547,0.00375,-5.00,0.00,0.00,3.7,125.48,633.44,298.70,DESCEND
0.8204,0.0860,-0.2547,-0.2194,0.00182,0.00047,0.00275,-5.00,0.00,0.00,3.7,125.48,633.44,298.66,DESCEND
0.8305,-0.0739,-0.0647,-0.0394,0.00982,0.00947,0.00375,-5.00,0.00,0.00,3.8,125.48,633.44,298.60,DESCEND
0.8407,0.0060,0.2152,-0.3994,0.00182,-0.00452,0.00275,-5.00,0.00,0.00,3.9,125.48,633.44,298.54,DESCEND
0.8508,-0.1139,0.0752,-0.1494,-0.00117,0.00047,0.00675,-5.00,0.00,0.00,3.9,125.48,633.44,298.50,DESCEND
0.8609,-0.0039,0.0852,-0.2794,0.00682,0.00647,0.00275,-5.00,0.00,0.00,4.0,125.48,633.44,298.44,DESCEND
0.8710,0.1060,0.0052,-0.3094,0.00082,-0.00652,0.00475,-5.00,0.00,0.00,4.0,125.48,633.45,298.40,DESCEND
0.8811,0.0860,0.0952,-0.3094,0.01482,-0.00152,0.00375,-5.00,0.00,0.00,4.1,125.48,633.45,298.34,DESCEND
0.8912,0.1160,0.0852,-0.4294,0.01982,0.00047,0.00375,-5.00,0.00,0.00,4.1,125.48,633.45,298.30,DESCEND
0.9014,0.0160,0.2752,-0.2294,0.00582,-0.00152,0.00675,-5.00,0.00,0.00,4.2,125.48,633.45,298.24,DESCEND
0.9115,-0.0739,0.1352,0.0305,0.00282,0.00447,0.00675,-5.00,0.00,0.00,4.2,125.48,633.45,298.20,DESCEND
0.9216,0.0960,0.1852,-0.1994,0.00682,0.00147,0.00375,-5.00,0.00,0.00,4.3,125.48,633.46,298.14,DESCEND
0.9317,0.2860,0.0752,-0.0994,0.01782,0.01047,0.00075,-5.00,0.00,0.00,4.3,125.48,633.46,298.10,DESCEND
0.9418,-0.0539,0.0552,-0.1594,0.01782,0.00947,0.00675,-5.00,0.00,0.00,4.4,125.48,633.46,298.04,DESCEND
0.9519,0.1160,-0.0047,-0.1794,0.00782,-0.00152,0.00275,-5.00,0.00,0.00,4.4,125.48,633.46,298.00,DESCEND
0.9620,0.0360,0.3452,-0.4194,-0.00017,-0.01152,0.00475,-5.00,0.00,0.00,4.5,125.48,633.46,297.94,DESCEND
0.9722,0.1360,-0.1747,-0.3794,0.01882,-0.00652,0.00175,-5.00,0.00,0.00,4.5,125.48,633.46,297.90,DESCEND
0.9823,0.0060,0.3352,-0.1894,-0.00917,-0.01252,0.00375,-5.00,0.00,0.00,4.6,125.48,633.47,297.84,DESCEND
0.9924,-0.1139,0.3452,-0.4094,-0.01017,-0.00452,0.00475,-5.00,0.00,0.00,4.6,125.48,633.47,297.80,DESCEND
1.0025,-0.1039,0.0752,-0.3394,-0.00717,-0.00952,0.00375,-5.00,0.00,0.00,4.7,125.48,633.47,297.74,DESCEND
1.0126,-0.1339,0.0452,-0.2594,-0.00317,0.00347,0.00575,-5.00,0.00,0.00,4.7,125.48,633.47,297.68,DESCEND
1.0227,0.0760,0.0452,-0.0694,0.00982,0.00447,0.00775,-5.00,0.00,0.00,4.8,125.48,633.47,297.64,DESCEND
1.0329,0.0260,0.4552,-0.2294,-0.00817,-0.00352,0.00675,-5.00,0.00,0.00,4.8,125.48,633.48,297.59,DESCEND
1.0430,-0.1139,-0.1447,0.2005,0.01382,0.00747,0.00375,-5.00,0.00,0.00,4.9,125.48,633.48,297.55,DESCEND
1.0531,0.0660,-0.1947,-0.3394,0.01782,-0.00152,0.00175,-5.00,0.00,0.00,4.9,125.48,633.48,297.49,DESCEND
1.0632,0.1360,0.0352,-0.4094,0.00682,-0.00152,0.00375,-5.00,0.00,0.00,5.0,125.48,633.48,297.45,DESCEND
1.0733,0.1560,0.2452,-0.6994,0.01382,0.00247,0.00975,-5.00,0.00,0.00,5.0,125.48,633.48,297.39,DESCEND
1.0834,0.0560,-0.2447,0.0605,0.00982,-0.00352,-0.00224,-5.00,0.00,0.00,5.1,125.48,633.49,297.35,DESCEND
1.0935,0.0960,0.2052,-0.2594,-0.00217,-0.00652,0.00375,-5.00,0.00,0.00,5.1,125.48,633.49,297.29,DESCEND
1.1036,-0.0639,0.1252,-0.4094,0.01082,0.00547,0.00975,-5.00,0.00,0.00,5.2,125.48,633.49,297.25,DESCEND
1.1137,-0.1039,0.2152,-0.1694,-0.00417,0.00047,0.00575,-5.00,0.00,0.00,5.2,125.48,633.49,297.19,DESCEND
1.1239,0.1860,-0.0147,-0.2994,0.02982,0.00747,0.00475,-5.00,0.00,0.00,5.3,125.48,633.49,297.15,DESCEND
1.1340,0.0260,0.1752,-0.5794,-0.00517,-0.01352,0.01075,-5.00,0.00,0.00,5.3,125.48,633.49,297.09,DESCEND
1.1441,-0.1239,0.0752,-0.3394,-0.00517,0.00247,0.00175,-5.00,0.00,0.00,5.4,125.48,633.50,297.05,DESCEND
1.1542,-0.0739,0.0952,-0.0994,0.00682,0.00647,0.00675,-5.00,0.00,0.00,5.4,125.48,633.50,296.99,DESCEND
1.1644,0.0860,-0.1847,-0.1294,0.01582,0.00647,0.00375,-5.00,0.00,0.00,5.5,125.48,633.50,296.93,DESCEND
1.1745,0.0660,-0.2947,-0.0794,0.01582,0.01147,0.00175,-5.00,0.00,0.00,5.5,125.48,633.50,296.89,DESCEND
1.1846,0.1760,0.2052,-0.2294,0.00982,0.00647,0.00475,-5.00,0.00,0.00,5.6,125.48,633.50,296.83,DESCEND
1.1948,0.0560,0.2652,-0.1294,0.00182,0.00147,0.00475,-5.00,0.00,0.00,5.6,125.48,633.51,296.79,DESCEND
1.2049,-0.0139,0.3452,-0.4594,-0.00417,-0.00452,0.00375,-5.00,0.00,0.00,5.7,125.48,633.51,296.73,DESCEND
1.2150,0.0260,0.2452,-0.3494,0.00182,-0.00552,0.00575,-5.00,0.00,0.00,5.7,125.48,633.51,296.69,DESCEND
1.2252,0.0860,0.2852,-0.2694,0.01382,0.00247,0.00275,-5.00,0.00,0.00,5.8,125.48,633.51,296.63,DESCEND
1.2353,0.1360,0.0152,-0.1794,0.01782,0.00547,0.00475,-5.00,0.00,0.00,5.8,125.48,633.51,296.59,DESCEND
1.2454,0.0460,0.0952,-0.0494,0.01782,0.00347,0.00175,-5.00,0.00,0.00,5.9,125.49,633.52,296.53,DESCEND
1.2555,0.0660,0.0152,-0.0494,0.00382,-0.00852,0.00475,-5.00,0.00,0.00,5.9,125.49,633.52,296.49,DESCEND
1.2657,0.0760,-0.0447,-0.1794,0.01582,-0.00052,0.00575,-5.00,0.00,0.00,6.0,125.49,633.52,296.43,DESCEND
1.2758,0.1060,0.1252,-0.0894,0.01582,0.00447,0.00275,-5.00,0.00,0.00,6.0,125.49,633.52,296.39,DESCEND
1.2859,0.0360,0.1252,-0.2094,0.01682,0.00347,0.00775,-5.00,0.00,0.00,6.1,125.49,633.52,296.33,DESCEND
1.2960,0.0960,0.0652,-0.1694,-0.00317,0.00147,0.00375,-5.00,0.00,0.00,6.1,125.49,633.52,296.29,DESCEND
1.3062,0.1160,-0.1847,0.0105,0.01982,0.00347,0.00175,-5.00,0.00,0.00,6.2,125.49,633.53,296.23,DESCEND
1.3163,0.0560,-0.0747,0.0205,0.00682,0.00547,0.00375,-5.00,0.00,0.00,6.2,125.49,633.53,296.19,DESCEND
1.3264,0.1760,0.3952,-0.1294,0.01682,0.00647,0.00175,-5.00,0.00,0.00,6.3,125.49,633.53,296.13,DESCEND
1.3365,0.0360,0.1552,-0.0794,-0.00217,-0.00752,0.00375,-5.00,0.00,0.00,6.3,125.49,633.53,296.07,DESCEND
1.3466,0.0260,0.2952,-0.4894,-0.00517,-0.00952,0.00775,-5.00,0.00,0.00,6.4,125.49,633.53,296.03,DESCEND
1.3567,0.1860,0.2952,-0.0394,0.01282,0.00447,0.00775,-5.00,0.00,0.00,6.4,125.49,633.54,295.97,DESCEND
1.3669,0.1060,0.0652,-0.1494,0.02282,0.01047,0.00475,-5.00,0.00,0.00,6.5,125.49,633.54,295.93,DESCEND
1.3770,0.0160,0.2252,-0.3494,0.01082,-0.00152,0.00475,-5.00,0.00,0.00,6.5,125.49,633.54,295.87,DESCEND
1.3872,0.2760,0.0552,-0.3494,0.00882,-0.01452,0.00975,-5.00,0.00,0.00,6.6,125.49,633.54,295.83,DESCEND
1.3973,0.1460,-0.0347,-0.1394,0.02382,0.01147,0.00275,-5.00,0.00,0.00,6.6,125.49,633.54,295.77,DESCEND
1.4074,0.0760,0.2452,-0.2394,0.01282,0.00147,0.00675,-5.00,0.00,0.00,6.7,125.49,633.54,295.73,DESCEND
1.4175,0.1460,0.1652,-0.3694,-0.00217,-0.00452,0.00475,-5.00,0.00,0.00,6.7,125.49,633.55,295.67,DESCEND
1.4277,0.0860,-0.4647,0.4105,0.01782,0.00847,0.00175,-5.00,0.00,0.00,6.8,125.49,633.55,295.63,DESCEND
1.4378,0.3660,0.3052,-0.4594,0.02382,-0.00952,0.00775,-5.00,0.00,0.00,6.8,125.49,633.55,295.57,DESCEND
1.4479,0.0360,0.1652,-0.2494,-0.00117,-0.00352,0.00275,-5.00,0.00,0.00,6.9,125.49,633.55,295.53,DESCEND
1.4580,0.1260,-0.2447,0.0105,0.01282,-0.00052,0.00275,-5.00,0.00,0.00,6.9,125.49,633.55,295.47,DESCEND
1.4681,0.0660,0.2152,-0.7194,0.01882,-0.00952,0.00475,-5.00,0.00,0.00,7.0,125.49,633.56,295.43,DESCEND
1.4783,0.0960,0.3252,-0.4994,0.02082,-0.00352,0.00575,-5.00,0.00,0.00,7.0,125.49,633.56,295.37,DESCEND
1.4884,-0.0439,0.2452,-0.5894,0.01482,0.00047,0.00875,-5.00,0.00,0.00,7.1,125.49,633.56,295.31,DESCEND
1.4985,-0.1539,0.0752,-0.2194,-0.00617,0.00447,0.00375,-5.00,0.00,0.00,7.1,125.49,633.56,295.27,DESCEND
1.5087,0.0460,0.0152,-0.2294,0.01482,-0.00352,0.00675,-5.00,0.00,0.00,7.2,125.49,633.56,295.21,DESCEND
1.5188,0.1160,0.4252,-0.5394,0.00282,-0.00652,0.01075,-5.00,0.00,0.00,7.2,125.49,633.57,295.17,DESCEND
1.5289,0.1360,-0.0647,0.0005,-0.00217,0.00347,0.00475,-5.00,0.00,0.00,7.3,125.49,633.57,295.11,DESCEND
1.5391,0.0260,0.4352,-0.5494,0.01082,0.00047,0.00975,-5.00,0.00,0.00,7.3,125.49,633.57,295.07,DESCEND
1.5492,0.1160,0.4152,-0.4994,0.00982,-0.00052,0.00775,-5.00,0.00,0.00,7.4,125.49,633.57,295.01,DESCEND
1.5593,0.0660,0.6852,-0.5494,0.00782,-0.00952,0.01275,-5.00,0.00,0.00,7.4,125.49,633.57,294.97,DESCEND
1.5694,-0.0039,0.1652,0.0105,0.01882,0.00447,0.00375,-5.00,0.00,0.00,7.5,125.49,633.57,294.91,DESCEND
1.5796,0.1060,0.0952,-0.0694,0.00682,-0.00552,0.00575,-5.00,0.00,0.00,7.5,125.49,633.58,294.87,DESCEND
1.5897,-0.0339,0.5452,-0.6694,-0.01117,-0.01852,0.00975,-5.00,0.00,0.00,7.6,125.49,633.58,294.81,DESCEND
1.5998,0.1260,-0.0747,-0.0494,0.00382,-0.00552,-0.00024,-5.00,0.00,0.00,7.6,125.49,633.58,294.77,DESCEND
1.6100,0.2560,0.2252,-0.4894,0.02882,-0.00352,0.00375,-5.00,0.00,0.00,7.7,125.49,633.58,294.71,DESCEND
1.6201,-0.0839,0.3852,-0.3094,0.00682,0.00047,0.00675,-5.00,0.00,0.00,7.7,125.49,633.58,294.67,DESCEND
1.6302,0.2960,0.0152,-0.1094,0.03282,0.00247,0.00275,-5.00,0.00,0.00,7.8,125.49,633.59,294.61,DESCEND
1.6404,0.3360,0.0052,-0.1194,0.01882,-0.00052,0.00075,-5.00,0.00,0.00,7.9,125.49,633.59,294.55,DESCEND
1.6505,-0.0439,0.2452,-0.2394,-0.00417,-0.00252,0.00475,-5.00,0.00,0.00,7.9,125.49,633.59,294.51,DESCEND
1.6606,0.1260,0.3152,-0.0894,0.00282,0.00647,0.00675,-5.00,0.00,0.00,8.0,125.49,633.59,294.45,DESCEND
1.6708,0.1860,-0.3547,-0.0394,0.01782,0.00347,0.00075,-5.00,0.00,0.00,8.0,125.49,633.59,294.41,DESCEND
1.6809,0.1560,-0.1047,-0.0594,0.03482,0.01247,0.00175,-5.00,0.00,0.00,8.1,125.49,633.60,294.35,DESCEND
1.6910,-0.0139,-0.2047,0.1205,-0.00417,0.00147,0.00375,-5.00,0.00,0.00,8.1,125.49,633.60,294.31,DESCEND
1.7011,0.2760,0.0352,-0.4994,0.01982,-0.01152,0.00475,-5.00,0.00,0.00,8.2,125.49,633.60,294.25,DESCEND
1.7112,0.1360,-0.0047,-0.2494,0.02482,0.01047,0.00475,-5.00,0.00,0.00,8.2,125.49,633.60,294.21,DESCEND
1.7214,0.2460,-0.4447,0.0005,0.02982,0.00047,-0.00124,-5.00,0.00,0.00,8.3,125.49,633.60,294.15,DESCEND
1.7315,-0.2239,0.0552,0.0205,-0.00517,0.00147,0.00375,-5.00,0.00,0.00,8.3,125.49,633.60,294.11,DESCEND
1.7416,-0.0139,0.3052,-0.2094,0.02082,0.00147,0.01075,-5.00,0.00,0.00,8.4,125.49,633.61,294.05,DESCEND
1.7517,0.0960,-0.0547,-0.2894,0.00882,-0.00352,0.00475,-5.00,0.00,0.00,8.4,125.49,633.61,294.01,DESCEND
1.7618,0.3760,0.1352,-0.1494,0.02482,0.00247,0.00275,-5.00,0.00,0.00,8.5,125.49,633.61,293.95,DESCEND
1.7719,0.1060,0.4252,-0.6594,0.01682,-0.00252,0.00775,-5.00,0.00,0.00,8.5,125.49,633.61,293.91,DESCEND
1.7821,-0.0339,0.0452,0.0305,0.01582,0.01047,0.00475,-5.00,0.00,0.00,8.6,125.49,633.61,293.85,DESCEND
1.7922,0.1860,0.3452,-0.3794,0.02582,0.00147,0.00575,-5.00,0.00,0.00,8.6,125.49,633.62,293.81,DESCEND
1.8023,-0.0339,-0.1047,0.0905,0.01782,0.01047,0.00475,-5.00,0.00,0.00,8.7,125.49,633.62,293.75,DESCEND
1.8124,-0.0439,0.3852,-0.2594,0.02182,0.01447,0.00475,-5.00,0.00,0.00,8.7,125.49,633.62,293.69,DESCEND
1.8226,-0.0139,0.0752,-0.4594,0.00682,0.00047,0.00775,-5.00,0.00,0.00,8.8,125.49,633.62,293.65,DESCEND
1.8327,-0.0139,0.3952,-0.2994,0.00582,-0.00152,0.00875,-5.00,0.00,0.00,8.8,125.49,633.62,293.59,DESCEND
1.8428,0.1660,-0.0847,-0.3094,0.02982,-0.00452,0.00475,-5.00,0.00,0.00,8.9,125.49,633.62,293.55,DESCEND
1.8529,0.0460,0.1252,-0.2394,0.02582,0.01047,0.00475,-5.00,0.00,0.00,8.9,125.50,633.63,293.49,DESCEND
1.8630,-0.0439,-0.1747,-0.0594,0.00382,0.00447,0.00175,-5.00,0.00,0.00,9.0,125.50,633.63,293.45,DESCEND
1.8732,0.1660,-0.0247,-0.1094,0.02282,-0.00052,0.00475,-5.00,0.00,0.00,9.0,125.50,633.63,293.39,DESCEND
1.8833,0.0460,0.3752,-0.3894,-0.00117,-0.00952,0.00575,-5.00,0.00,0.00,9.1,125.50,633.63,293.35,DESCEND
1.8934,0.0260,0.2352,-0.3194,0.00582,0.00047,0.00575,-5.00,0.00,0.00,9.1,125.50,633.63,293.29,DESCEND
1.9035,0.2160,0.1952,-0.4094,0.02782,0.00347,0.00575,-5.00,0.00,0.00,9.2,125.50,633.64,293.25,DESCEND
1.9137,0.0760,0.2452,-0.1994,-0.00017,-0.00552,0.00675,-5.00,0.00,0.00,9.2,125.50,633.64,293.19,DESCEND
1.9238,0.0960,0.0652,-0.4194,0.00682,-0.00252,0.00575,-5.00,0.00,0.00,9.3,125.50,633.64,293.15,DESCEND
1.9339,0.0760,0.0352,-0.1394,0.01682,0.00247,0.00575,-5.00,0.00,0.00,9.3,125.50,633.64,293.09,DESCEND
1.9441,0.1060,-0.0047,-0.3394,0.00782,-0.00152,0.00475,-5.00,0.00,0.00,9.4,125.50,633.64,293.05,DESCEND
1.9542,0.1060,0.3252,-0.5894,0.01682,-0.00052,0.00875,-5.00,0.00,0.00,9.4,125.50,633.65,292.99,DESCEND
1.9643,-0.0039,0.0352,-0.1094,-0.00117,-0.00352,0.00275,-5.00,0.00,0.00,9.5,125.50,633.65,292.93,DESCEND
1.9744,0.2260,0.2152,-0.3694,0.02182,-0.00752,0.00375,-5.00,0.00,0.00,9.5,125.50,633.65,292.89,DESCEND
1.9845,0.1060,-0.0547,-0.1694,0.01082,0.00247,0.00775,-5.00,0.00,0.00,9.6,125.50,633.65,292.83,DESCEND
1.9946,0.1060,-0.0947,0.0505,0.01982,-0.00452,0.00575,-5.00,0.00,0.00,9.6,125.50,633.65,292.79,DESCEND
2.0047,-0.0939,0.4752,-0.6994,-0.01417,-0.01952,0.00875,-5.00,0.00,0.00,9.7,125.50,633.66,292.73,DESCEND
2.0148,0.0460,0.1252,-0.3694,0.01082,-0.00252,0.00675,-5.00,0.00,0.00,9.7,125.50,633.66,292.69,DESCEND
2.0249,0.0860,-0.1447,-0.1294,-0.00517,-0.00552,0.00075,-5.00,0.00,0.00,9.8,125.50,633.66,292.63,DESCEND
2.0351,0.0560,0.1652,-0.3894,0.01082,0.00147,0.00875,-5.00,0.00,0.00,9.8,125.50,633.66,292.59,DESCEND
2.0452,0.2160,0.3952,-0.3594,0.03082,0.00047,0.00675,-5.00,0.00,0.00,9.9,125.50,633.66,292.53,DESCEND
2.0553,0.0160,0.1952,-0.2294,0.00282,0.00447,0.00575,-5.00,0.00,0.00,9.9,125.50,633.66,292.49,DESCEND
2.0654,-0.0239,-0.1047,0.1305,0.03082,0.02147,0.00675,-5.00,0.00,0.00,10.0,125.50,633.67,292.43,DESCEND
2.0755,0.1260,-0.0247,-0.1194,0.01982,0.00347,0.00575,-5.00,0.00,0.00,10.0,125.50,633.67,292.39,DESCEND
2.0856,-0.0139,-0.0247,-0.1994,-0.00017,-0.00552,0.00475,-5.00,0.00,0.00,10.1,125.50,633.67,292.33,DESCEND
2.0958,-0.0539,0.4452,-0.7894,0.00882,-0.00952,0.00975,-5.00,0.00,0.00,10.1,125.50,633.67,292.29,DESCEND
2.1059,0.3160,0.0852,-0.4594,0.02482,0.00247,0.00675,-5.00,0.00,0.00,10.2,125.50,633.67,292.23,DESCEND
2.1160,-0.2539,0.0752,-0.0294,-0.00417,0.00447,0.00875,-5.00,0.00,0.00,10.2,125.50,633.68,292.19,DESCEND
2.1261,0.0260,0.1352,-0.2494,0.00582,-0.01152,0.00475,-5.00,0.00,0.00,10.3,125.50,633.68,292.13,DESCEND
2.1362,0.0860,0.0252,-0.3194,0.02582,0.01347,0.00475,-5.00,0.00,0.00,10.3,125.50,633.68,292.07,DESCEND
2.1463,0.0560,0.1552,-0.2094,0.00882,-0.00252,0.00775,-5.00,0.00,0.00,10.4,125.50,633.68,292.03,DESCEND
2.1565,0.0860,0.2752,-0.2894,0.01582,0.00847,0.00775,-5.00,0.00,0.00,10.4,125.50,633.68,291.97,DESCEND
2.1666,-0.0939,0.0652,-0.0894,-0.00017,0.00447,0.00275,-5.00,0.00,0.00,10.5,125.50,633.68,291.93,DESCEND
2.1767,0.2360,0.1652,-0.2094,0.02082,-0.00152,0.00475,-5.00,0.00,0.00,10.5,125.50,633.69,291.87,DESCEND
2.1868,-0.0339,0.3452,-0.4694,-0.00317,-0.00752,0.00975,-5.00,0.00,0.00,10.6,125.50,633.69,291.83,DESCEND
2.1969,0.0060,0.2352,-0.4594,0.00582,-0.01052,0.00875,-5.00,0.00,0.00,10.6,125.50,633.69,291.77,DESCEND
2.2071,0.0060,0.0352,-0.3794,0.00582,-0.00152,0.00575,-5.00,0.00,0.00,10.7,125.50,633.69,291.73,DESCEND
2.2172,-0.1139,0.2752,-0.2894,0.00082,-0.00352,0.00975,-5.00,0.00,0.00,10.7,125.50,633.69,291.67,DESCEND
2.2273,-0.0639,0.4452,-0.3694,-0.00317,-0.00352,0.00475,-5.00,0.00,0.00,10.8,125.50,633.70,291.63,DESCEND
2.2375,0.1260,-0.1147,0.0805,0.00882,0.00547,0.00175,-5.00,0.00,0.00,10.8,125.50,633.70,291.57,DESCEND
2.2476,0.2160,-0.0447,-0.1194,0.01282,0.00147,0.00775,-5.00,0.00,0.00,10.9,125.50,633.70,291.53,DESCEND
2.2577,0.1260,0.2752,-0.3994,-0.00117,-0.00552,0.00475,-5.00,0.00,0.00,10.9,125.50,633.70,291.47,DESCEND
2.2678,0.1660,-0.0447,-0.3594,0.02482,0.00247,0.00475,-5.00,0.00,0.00,11.0,125.50,633.70,291.43,DESCEND
2.2779,0.0860,0.4352,0.0405,0.00982,-0.00652,0.00675,-5.00,0.00,0.00,11.0,125.50,633.71,291.37,DESCEND
2.2881,0.0160,0.4252,-0.5194,-0.00917,-0.01052,0.00875,-5.00,0.00,0.00,11.1,125.50,633.71,291.33,DESCEND
2.2982,0.0460,-0.1247,0.0905,0.01882,0.00047,0.00575,-5.00,0.00,0.00,11.1,125.50,633.71,291.27,DESCEND
2.3083,-0.0539,0.4452,-0.2294,-0.00617,-0.00452,0.00775,-5.00,0.00,0.00,11.2,125.50,633.71,291.21,DESCEND
2.3184,0.0660,0.0952,-0.0794,0.00882,0.00447,0.00575,-5.00,0.00,0.00,11.2,125.50,633.71,291.17,DESCEND
2.3285,0.0260,0.2452,-0.2994,-0.00017,-0.00652,0.00775,-5.00,0.00,0.00,11.3,125.50,633.71,291.11,DESCEND
2.3386,0.0160,-0.0147,-0.3894,0.02182,0.00047,0.00675,-5.00,0.00,0.00,11.3,125.50,633.72,291.07,DESCEND
2.3487,0.0860,0.1052,-0.1694,0.00482,0.00147,0.00475,-5.00,0.00,0.00,11.4,125.50,633.72,291.01,DESCEND
2.3588,0.0860,-0.1647,-0.0194,0.01282,0.01047,0.00575,-5.00,0.00,0.00,11.4,125.50,633.72,290.97,DESCEND
2.3689,0.0160,0.3852,-0.2794,0.00882,0.00447,0.00975,-5.00,0.00,0.00,11.5,125.50,633.72,290.91,DESCEND
2.3791,0.3660,0.1952,-0.2594,0.03482,0.00647,0.00775,-5.00,0.00,0.00,11.5,125.50,633.72,290.87,DESCEND
2.3892,0.3160,0.1652,-0.2394,0.02582,0.00247,0.00375,-5.00,0.00,0.00,11.6,125.50,633.73,290.81,DESCEND
2.3993,-0.0839,0.2252,-0.5094,-0.00117,-0.00552,0.00675,-5.00,0.00,0.00,11.6,125.50,633.73,290.77,DESCEND
2.4094,0.1460,0.2452,-0.3494,0.02182,0.00347,0.00875,-5.00,0.00,0.00,11.7,125.50,633.73,290.71,DESCEND
2.4195,0.0460,-0.0747,-0.0194,0.02482,0.00947,0.00275,-5.00,0.00,0.00,11.7,125.50,633.73,290.67,DESCEND
2.4296,0.1360,0.0052,-0.0094,0.00582,-0.00352,0.00775,-5.00,0.00,0.00,11.8,125.50,633.73,290.61,DESCEND
2.4397,0.1360,0.2952,-0.2894,0.01182,-0.00652,0.00575,-5.00,0.00,0.00,11.8,125.50,633.73,290.57,DESCEND
2.4499,-0.1139,0.2352,-0.2494,-0.00317,0.00347,0.00675,-5.00,0.00,0.00,11.9,125.50,633.74,290.51,DESCEND
2.4600,-0.0539,0.3252,-0.4194,0.01182,0.01047,0.00575,-5.00,0.00,0.00,11.9,125.51,633.74,290.47,DESCEND
2.4701,-0.0339,-0.1947,0.1305,-0.00617,0.00547,0.00575,-5.00,0.00,0.00,12.0,125.51,633.74,290.41,DESCEND
2.4802,-0.0139,-0.3947,0.0605,0.01282,0.00047,0.00375,-5.00,0.00,0.00,12.1,125.51,633.74,290.35,DESCEND
2.4903,-0.0139,0.0652,-0.2394,0.00982,0.00247,0.00775,-5.00,0.00,0.00,12.1,125.51,633.74,290.31,DESCEND
2.5004,-0.1039,0.5352,-0.3994,-0.00617,-0.00052,0.00875,-5.00,0.00,0.00,12.2,125.51,633.75,290.25,DESCEND
2.5105,0.3060,0.4552,-0.3194,0.00882,-0.01552,0.00875,-5.00,0.00,0.00,12.2,125.51,633.75,290.21,DESCEND
2.5206,0.0660,0.2352,-0.2894,0.00082,-0.00652,0.00475,-5.00,0.00,0.00,12.3,125.51,633.75,290.15,DESCEND
2.5308,0.2560,0.3052,-0.1694,0.02882,0.00447,0.00475,-5.00,0.00,0.00,12.3,125.51,633.75,290.11,DESCEND
2.5409,0.1260,0.5152,-0.4094,0.01782,-0.00352,0.00775,-5.00,0.00,0.00,12.4,125.51,633.75,290.05,DESCEND
2.5510,0.1660,0.0752,-0.2894,0.01882,-0.01052,0.00775,-5.00,0.00,0.00,12.4,125.51,633.76,290.01,DESCEND
2.5611,0.2360,0.0652,-0.1494,0.01682,0.00047,0.00275,-5.00,0.00,0.00,12.5,125.51,633.76,289.95,DESCEND
2.5712,0.0260,0.1252,0.0305,0.00982,0.01147,0.00775,-5.00,0.00,0.00,12.5,125.51,633.76,289.91,DESCEND
2.5813,0.0160,0.1752,-0.1494,0.02582,0.00547,0.00975,-5.00,0.00,0.00,12.6,125.51,633.76,289.85,DESCEND
2.5914,-0.0539,0.2352,-0.2994,-0.00117,-0.00252,0.00775,-5.00,0.00,0.00,12.6,125.51,633.76,289.81,DESCEND
2.6015,0.1360,0.0952,-0.2194,0.02082,0.00547,0.00675,-5.00,0.00,0.00,12.7,125.51,633.76,289.75,DESCEND
2.6116,0.0060,0.3352,-0.1094,0.01082,0.00847,0.00875,-5.00,0.00,0.00,12.7,125.51,633.77,289.71,DESCEND
2.6217,0.3260,0.0752,0.0305,0.01182,0.00247,0.00875,-5.00,0.00,0.00,12.8,125.51,633.77,289.65,DESCEND
2.6318,0.1660,-0.0947,-0.1694,0.01982,0.00447,0.00375,-5.00,0.00,0.00,12.8,125.51,633.77,289.61,DESCEND
2.6420,0.0560,0.0552,-0.1994,0.00582,0.00047,0.00775,-5.00,0.00,0.00,12.9,125.51,633.77,289.55,DESCEND
2.6521,-0.0239,0.0952,-0.3494,0.00382,0.00347,0.00575,-5.00,0.00,0.00,12.9,125.51,633.77,289.49,DESCEND
2.6622,0.1060,0.1352,-0.5794,0.00282,-0.01352,0.00875,-5.00,0.00,0.00,13.0,125.51,633.78,289.45,DESCEND
2.6724,0.0560,0.1152,0.0105,0.00182,-0.00752,0.00475,-5.00,0.00,0.00,13.0,125.51,633.78,289.39,DESCEND
2.6825,-0.0239,0.1752,-0.1494,0.00982,0.00447,0.00675,-5.00,0.00,0.00,13.1,125.51,633.78,289.35,DESCEND
2.6926,0.1160,0.2652,-0.6094,0.00782,-0.00552,0.01075,-5.00,0.00,0.00,13.1,125.51,633.78,289.29,DESCEND
2.7027,-0.0539,0.2852,-0.2194,0.02282,0.01647,0.00775,-5.00,0.00,0.00,13.2,125.51,633.78,289.25,DESCEND
2.7128,0.0460,-0.0747,-0.1594,0.01482,0.00647,0.00475,-5.00,0.00,0.00,13.2,125.51,633.79,289.19,DESCEND
2.7229,-0.0039,0.1252,-0.3394,0.00982,0.00447,0.00875,-5.00,0.00,0.00,13.3,125.51,633.79,289.15,DESCEND
2.7331,0.0960,0.0052,-0.0994,0.01582,0.01347,0.00475,-5.00,0.00,0.00,13.3,125.51,633.79,289.09,DESCEND
2.7432,0.0560,0.2452,-0.2294,0.01582,0.00547,0.00775,-5.00,0.00,0.00,13.4,125.51,633.79,289.05,DESCEND
2.7533,-0.1339,0.0952,-0.2094,0.00082,-0.00052,0.00575,-5.00,0.00,0.00,13.4,125.51,633.79,288.99,DESCEND
2.7634,0.0460,0.2052,-0.2994,0.01182,-0.00552,0.00675,-5.00,0.00,0.00,13.5,125.51,633.79,288.95,DESCEND
2.7735,0.1060,0.0152,-0.2194,0.00482,-0.00352,0.00575,-5.00,0.00,0.00,13.5,125.51,633.80,288.89,DESCEND
2.7836,-0.1139,0.1552,-0.0894,-0.00217,-0.00252,0.00675,-5.00,0.00,0.00,13.6,125.51,633.80,288.85,DESCEND
2.7938,-0.0439,-0.2047,-0.1294,0.01982,0.02247,0.00475,-5.00,0.00,0.00,13.6,125.51,633.80,288.79,DESCEND
2.8039,0.3360,0.0652,-0.4694,0.02082,-0.00952,0.00775,-5.00,0.00,0.00,13.7,125.51,633.80,288.75,DESCEND
2.8140,-0.0939,-0.0647,0.1105,0.01082,0.00547,0.00575,-5.00,0.00,0.00,13.7,125.51,633.80,288.69,DESCEND
2.8241,0.0460,0.4252,-0.3994,-0.00417,-0.00452,0.01075,-5.00,0.00,0.00,13.8,125.51,633.81,288.63,DESCEND
2.8343,0.1860,0.2752,-0.2794,0.00082,-0.01252,0.00675,-5.00,0.00,0.00,13.8,125.51,633.81,288.59,DESCEND
2.8443,0.3060,0.0052,-0.1894,0.02882,0.00647,0.00675,-5.00,0.00,0.00,13.9,125.51,633.81,288.53,DESCEND
2.8545,0.4760,0.0252,-0.0094,0.03682,0.00947,0.00375,-5.00,0.00,0.00,13.9,125.51,633.81,288.49,DESCEND
2.8646,0.0860,0.1552,-0.3094,0.01382,-0.00352,0.00875,-5.00,0.00,0.00,14.0,125.51,633.81,288.43,DESCEND
2.8747,-0.0039,-0.1847,-0.1894,0.02182,0.00647,0.00675,-5.00,0.00,0.00,14.0,125.51,633.82,288.39,DESCEND
2.8848,0.0060,0.1452,-0.2594,0.02782,0.01147,0.00875,-5.00,0.00,0.00,14.1,125.51,633.82,288.33,DESCEND
2.8949,0.0560,0.2152,-0.1894,0.01982,0.01247,0.00875,-5.00,0.00,0.00,14.1,125.51,633.82,288.29,DESCEND
2.9050,0.2760,-0.0347,0.0405,0.04482,0.01447,0.00475,-5.00,0.00,0.00,14.2,125.51,633.82,288.23,DESCEND
2.9151,-0.0439,0.1752,-0.1194,0.01282,0.00747,0.00575,-5.00,0.00,0.00,14.2,125.51,633.82,288.19,DESCEND
2.9253,0.2160,0.0652,-0.3294,0.03882,0.00147,0.00575,-5.00,0.00,0.00,14.3,125.51,633.82,288.13,DESCEND
2.9354,0.0160,0.2752,-0.1994,0.00182,0.00447,0.00575,-5.00,0.00,0.00,14.3,125.51,633.83,288.09,DESCEND
2.9455,0.1560,-0.0847,-0.1294,0.01882,0.00547,0.00775,-5.00,0.00,0.00,14.4,125.51,633.83,288.03,DESCEND
2.9556,0.2660,0.1052,-0.0794,0.01982,0.00547,0.00675,-5.00,0.00,0.00,14.4,125.51,633.83,287.99,DESCEND
2.9657,-0.1039,0.1152,-0.2794,0.00082,0.01047,0.00875,-5.00,0.00,0.00,14.5,125.51,633.83,287.93,DESCEND
2.9758,0.0960,0.2652,-0.2894,0.00682,0.00047,0.01175,-5.00,0.00,0.00,14.5,125.51,633.83,287.89,DESCEND
2.9859,0.1060,0.0152,-0.0594,0.01882,0.00747,0.00475,-5.00,0.00,0.00,14.6,125.51,633.84,287.83,DESCEND
2.9961,0.1260,0.0252,-0.3094,0.01782,0.00247,0.00475,-5.00,0.00,0.00,14.6,125.51,633.84,287.77,DESCEND
3.0062,0.0460,0.3652,-0.0994,0.01982,0.00647,0.00875,-5.00,0.00,0.00,14.7,125.51,633.84,287.73,DESCEND
3.0163,0.0360,0.2252,-0.3294,0.00782,-0.00352,0.00875,-5.00,0.00,0.00,14.7,125.51,633.84,287.67,DESCEND
3.0264,0.0560,0.4252,-0.3494,0.01682,0.00047,0.01075,-5.00,0.00,0.00,14.8,125.51,633.84,287.63,DESCEND
3.0365,0.0260,0.2752,-0.6294,0.01282,0.00347,0.01075,-5.00,0.00,0.00,14.8,125.51,633.85,287.57,DESCEND
3.0466,0.0360,0.1152,0.0205,0.01382,0.00547,0.00775,-5.00,0.00,0.00,14.9,125.51,633.85,287.53,DESCEND
3.0568,-0.1039,0.4952,-0.2994,0.01182,-0.00152,0.01175,-5.00,0.00,0.00,14.9,125.51,633.85,287.47,DESCEND
3.0669,0.1560,-0.1047,-0.1494,0.02582,0.01247,0.00475,-5.00,0.00,0.00,15.0,125.51,633.85,287.43,DESCEND
3.0770,0.1360,0.0152,-0.1994,0.02082,0.00847,0.00575,-5.00,0.00,0.00,15.0,125.52,633.85,287.37,DESCEND
3.0871,0.2760,0.2452,-0.3494,0.01382,0.00047,0.01075,-5.00,0.00,0.00,15.1,125.52,633.85,287.33,DESCEND
3.0972,0.0260,-0.0147,0.0905,0.02182,0.01647,0.00575,-5.00,0.00,0.00,15.1,125.52,633.86,287.27,DESCEND
3.1073,0.0560,0.1352,0.1305,0.01782,0.02147,0.01075,-5.00,0.00,0.00,15.2,125.52,633.86,287.24,DESCEND
3.1174,0.0760,0.4152,-0.2994,0.00082,-0.00452,0.00775,-5.00,0.00,0.00,15.2,125.52,633.86,287.18,DESCEND
3.1275,0.1360,-0.0947,-0.3194,0.01282,-0.00052,0.00275,-5.00,0.00,0.00,15.3,125.52,633.86,287.14,DESCEND
3.1377,0.2160,0.0152,0.0005,0.01782,-0.00252,0.00675,-5.00,0.00,0.00,15.3,125.52,633.86,287.08,DESCEND
3.1478,0.0360,0.4852,-0.5194,0.00082,-0.00352,0.01175,-5.00,0.00,0.00,15.4,125.52,633.87,287.04,DESCEND
3.1579,0.1160,-0.0847,-0.0494,0.01882,0.00347,0.00975,-5.00,0.00,0.00,15.4,125.52,633.87,286.98,DESCEND
3.1681,-0.0139,-0.0147,-0.0394,0.01582,0.01347,0.00675,-5.00,0.00,0.00,15.5,125.52,633.87,286.92,DESCEND
3.1782,0.1160,0.4052,-0.4494,0.02282,0.00947,0.00775,-5.00,0.00,0.00,15.5,125.52,633.87,286.88,DESCEND
3.1883,0.1460,0.3652,-0.4294,0.01282,-0.00052,0.01075,-5.00,0.00,0.00,15.6,125.52,633.87,286.82,DESCEND
3.1984,0.2160,-0.0947,-0.0094,0.01882,0.00847,0.00675,-5.00,0.00,0.00,15.6,125.52,633.87,286.78,DESCEND
3.2085,0.1360,-0.1647,0.0005,0.01582,0.00747,0.00475,-5.00,0.00,0.00,15.7,125.52,633.88,286.72,DESCEND
3.2186,0.0860,0.0652,-0.0094,0.00982,0.00547,0.00775,-5.00,0.00,0.00,15.7,125.52,633.88,286.68,DESCEND
3.2288,0.0160,0.2552,-0.1994,0.01282,0.00147,0.00975,-5.00,0.00,0.00,15.8,125.52,633.88,286.62,DESCEND
3.2389,0.1260,0.2952,-0.4794,0.02682,0.00247,0.00875,-5.00,0.00,0.00,15.8,125.52,633.88,286.58,DESCEND
3.2490,0.0660,0.2352,-0.4194,0.01782,-0.00252,0.00675,-5.00,0.00,0.00,15.9,125.52,633.88,286.52,DESCEND
3.2591,0.2260,0.1252,-0.2094,0.00582,-0.00452,0.01275,-5.00,0.00,0.00,15.9,125.52,633.89,286.48,DESCEND
3.2692,0.1560,0.3852,-0.7494,0.01782,-0.00752,0.01275,-5.00,0.00,0.00,16.0,125.52,633.89,286.42,DESCEND
3.2793,0.0460,0.4152,-0.5994,0.00782,-0.00252,0.00875,-5.00,0.00,0.00,16.0,125.52,633.89,286.38,DESCEND
3.2894,0.0060,0.4752,-0.4794,-0.00917,-0.01652,0.01275,-5.00,0.00,0.00,16.1,125.52,633.89,286.32,DESCEND
3.2995,0.0360,0.0852,-0.3694,0.01682,0.00147,0.01075,-5.00,0.00,0.00,16.1,125.52,633.89,286.28,DESCEND
3.3096,0.1160,0.3252,-0.4194,0.02282,0.00047,0.00975,-5.00,0.00,0.00,16.2,125.52,633.90,286.22,DESCEND
3.3197,0.1360,0.0852,-0.4294,0.02482,0.00447,0.00775,-5.00,0.00,0.00,16.2,125.52,633.90,286.18,DESCEND
3.3300,-0.0439,0.3352,-0.3294,0.01682,0.01347,0.00875,-5.00,0.00,0.00,16.3,125.52,633.90,286.12,DESCEND
3.3401,-0.0439,0.2052,-0.4094,0.01882,0.00347,0.01075,-5.00,0.00,0.00,16.4,125.52,633.90,286.06,DESCEND
3.3502,-0.0039,0.3752,-0.2894,0.02282,0.01147,0.00975,-5.00,0.00,0.00,16.4,125.52,633.90,286.02,DESCEND
3.3603,0.2260,-0.1347,-0.2594,0.02782,0.00947,0.00575,-5.00,0.00,0.00,16.5,125.52,633.91,285.96,DESCEND
3.3704,-0.0939,0.2452,-0.1794,0.00182,0.00247,0.01275,-5.00,0.00,0.00,16.5,125.52,633.91,285.92,DESCEND
3.3805,-0.0639,0.0752,-0.1194,-0.00517,-0.00252,0.00675,-5.00,0.00,0.00,16.6,125.52,633.91,285.86,DESCEND
3.3906,0.1660,0.2952,-0.3694,0.01082,-0.00452,0.00975,-5.00,0.00,0.00,16.6,125.52,633.91,285.82,DESCEND
3.4007,0.1960,-0.0747,-0.0794,0.01482,0.00847,0.00675,-5.00,0.00,0.00,16.7,125.52,633.91,285.76,DESCEND
3.4109,0.1160,0.0652,0.0405,0.00382,-0.00752,0.00975,-5.00,0.00,0.00,16.7,125.52,633.91,285.72,DESCEND
3.4210,0.1360,0.1752,-0.5394,-0.00217,-0.01052,0.00875,-5.00,0.00,0.00,16.8,125.52,633.92,285.66,DESCEND
3.4311,0.0160,0.1252,-0.0094,0.01982,0.00847,0.00775,-5.00,0.00,0.00,16.8,125.52,633.92,285.62,DESCEND
3.4412,0.0360,0.2052,-0.4594,0.00482,0.00247,0.00475,-5.00,0.00,0.00,16.9,125.52,633.92,285.56,DESCEND
3.4513,0.1660,-0.1047,-0.0394,0.01082,0.01047,0.00575,-5.00,0.00,0.00,16.9,125.52,633.92,285.52,DESCEND
3.4614,0.0960,0.0752,-0.0894,0.01582,0.00047,0.00675,-5.00,0.00,0.00,17.0,125.52,633.92,285.46,DESCEND
3.4715,0.1260,0.0652,-0.0894,0.01282,0.00647,0.00675,-5.00,0.00,0.00,17.0,125.52,633.92,285.42,DESCEND
3.4816,0.0360,-0.0947,-0.1394,0.01382,0.00547,0.00675,-5.00,0.00,0.00,17.1,125.52,633.93,285.36,DESCEND
3.4917,0.0260,0.3852,-0.3894,0.00582,-0.00452,0.01275,-5.00,0.00,0.00,17.1,125.52,633.93,285.32,DESCEND
3.5018,0.2560,-0.1147,0.0305,0.03382,0.01047,0.00475,-5.00,0.00,0.00,17.2,125.52,633.93,285.26,DESCEND
3.5119,0.1060,-0.0847,0.0505,0.00182,0.00547,0.00675,-5.00,0.00,0.00,17.2,125.52,633.93,285.20,DESCEND
3.5220,0.1160,0.3352,-0.2794,0.00982,0.00247,0.00975,-5.00,0.00,0.00,17.3,125.52,633.93,285.16,DESCEND
3.5322,0.0160,0.0152,-0.0694,0.02682,0.00547,0.00675,-5.00,0.00,0.00,17.3,125.52,633.94,285.10,DESCEND
3.5423,0.1460,0.2052,-0.1394,0.01482,-0.00252,0.00975,-5.00,0.00,0.00,17.4,125.52,633.94,285.06,DESCEND
3.5524,-0.0039,0.5052,-0.4194,0.00582,-0.00352,0.01375,-5.00,0.00,0.00,17.4,125.52,633.94,285.00,DESCEND
3.5625,0.3660,0.0452,-0.3294,0.03382,0.00947,0.00775,-5.00,0.00,0.00,17.5,125.52,633.94,284.96,DESCEND
3.5727,0.0160,-0.0547,-0.0894,0.01582,0.01147,0.00675,-5.00,0.00,0.00,17.5,125.52,633.94,284.90,DESCEND
3.5829,0.0660,0.2652,-0.1994,0.02782,0.01347,0.00775,-5.00,0.00,0.00,17.6,125.52,633.95,284.86,DESCEND
3.5930,-0.0939,0.2152,-0.2394,-0.00317,-0.00152,0.00975,-5.00,0.00,0.00,17.6,125.52,633.95,284.80,DESCEND
3.6031,0.1660,0.1852,-0.0894,0.01982,0.00147,0.00975,-5.00,0.00,0.00,17.7,125.52,633.95,284.76,DESCEND
3.6132,0.1660,0.0552,0.0905,0.01182,0.00747,0.00675,-5.00,0.00,0.00,17.7,125.52,633.95,284.70,DESCEND
3.6233,0.1460,0.1652,-0.4194,0.00682,-0.00652,0.00775,-5.00,0.00,0.00,17.8,125.52,633.95,284.66,DESCEND
3.6334,0.0160,0.0952,-0.1394,0.01282,0.00447,0.00875,-5.00,0.00,0.00,17.8,125.52,633.96,284.60,DESCEND
3.6435,0.1160,0.2152,-0.3094,0.02282,0.00547,0.01175,-5.00,0.00,0.00,17.9,125.52,633.96,284.56,DESCEND
3.6536,0.0160,0.6252,-0.4994,0.00482,-0.00652,0.01475,-5.00,0.00,0.00,17.9,125.52,633.96,284.50,DESCEND
3.6638,0.0360,-0.0347,-0.2494,0.00982,0.00247,0.00775,-5.00,0.00,0.00,18.0,125.52,633.96,284.44,DESCEND
3.6739,0.2860,-0.1747,-0.2094,0.00882,-0.00852,0.00575,-5.00,0.00,0.00,18.0,125.52,633.96,284.40,DESCEND
3.6840,0.0860,-0.1847,0.0805,0.00382,0.00547,0.00575,-5.00,0.00,0.00,18.1,125.52,633.96,284.34,DESCEND
3.6941,0.2160,0.0652,-0.2094,0.01382,0.00347,0.00875,-5.00,0.00,0.00,18.1,125.52,633.97,284.30,DESCEND
3.7042,0.1460,-0.1347,-0.1094,0.01282,-0.00252,0.00475,-5.00,0.00,0.00,18.2,125.52,633.97,284.24,DESCEND
3.7144,0.1660,-0.0047,-0.2394,0.02482,0.00247,0.00675,-5.00,0.00,0.00,18.2,125.53,633.97,284.20,DESCEND
3.7245,0.1860,0.2452,-0.2594,0.00982,0.00547,0.00975,-5.00,0.00,0.00,18.3,125.53,633.97,284.14,DESCEND
3.7346,0.0660,0.4452,0.0105,0.01382,0.00447,0.01175,-5.00,0.00,0.00,18.3,125.53,633.97,284.10,DESCEND
3.7447,0.1060,0.6752,-0.6694,0.02182,-0.00452,0.01275,-5.00,0.00,0.00,18.4,125.53,633.98,284.04,DESCEND
3.7548,0.0660,0.2052,-0.1194,0.01582,0.01247,0.00875,-5.00,0.00,0.00,18.4,125.53,633.98,284.00,DESCEND
3.7649,-0.0539,0.2552,-0.4194,-0.01117,-0.00452,0.01075,-5.00,0.00,0.00,18.5,125.53,633.98,283.94,DESCEND
3.7751,0.0360,0.2552,-0.1994,-0.00217,-0.00052,0.01075,-5.00,0.00,0.00,18.5,125.53,633.98,283.90,DESCEND
3.7852,0.2060,0.0252,0.1105,0.01882,0.01247,0.00875,-5.00,0.00,0.00,18.6,125.53,633.98,283.84,DESCEND
3.7953,0.1960,0.3552,-0.0694,0.01182,0.00147,0.00575,-5.00,0.00,0.00,18.6,125.53,633.98,283.80,DESCEND
3.8054,0.1160,0.0952,-0.0594,0.01882,0.00447,0.01075,-5.00,0.00,0.00,18.7,125.53,633.99,283.74,DESCEND
3.8155,0.1260,0.0852,-0.2294,0.00482,0.00147,0.00575,-5.00,0.00,0.00,18.7,125.53,633.99,283.70,DESCEND
3.8256,0.1660,0.0852,-0.0594,0.02182,0.00947,0.00875,-5.00,0.00,0.00,18.8,125.53,633.99,283.64,DESCEND
3.8357,-0.0139,0.2752,-0.0894,0.01082,0.00547,0.00875,-5.00,0.00,0.00,18.8,125.53,633.99,283.58,DESCEND
3.8458,-0.0339,0.1652,-0.1394,0.01282,0.00547,0.00875,-5.00,0.00,0.00,18.9,125.53,633.99,283.54,DESCEND
3.8559,0.1160,0.1952,-0.0394,0.02182,0.01147,0.00975,-5.00,0.00,0.00,18.9,125.53,634.00,283.48,DESCEND
3.8661,0.1160,0.2152,-0.3694,0.00482,-0.00052,0.01075,-5.00,0.00,0.00,19.0,125.53,634.00,283.44,DESCEND
3.8762,0.1060,0.0352,-0.4994,0.02482,-0.00052,0.00875,-5.00,0.00,0.00,19.0,125.53,634.00,283.38,DESCEND
3.8863,0.0860,0.1552,-0.1994,0.01282,0.00747,0.00475,-5.00,0.00,0.00,19.1,125.53,634.00,283.34,DESCEND
3.8964,0.1960,-0.0247,-0.1994,0.01982,0.00347,0.00975,-5.00,0.00,0.00,19.1,125.53,634.00,283.28,DESCEND
3.9066,0.0960,0.0952,-0.2594,0.00682,-0.00752,0.00975,-5.00,0.00,0.00,19.2,125.53,634.01,283.24,DESCEND
3.9167,0.0460,0.4752,-0.5294,0.00982,-0.00952,0.00775,-5.00,0.00,0.00,19.2,125.53,634.01,283.18,DESCEND
3.9268,0.0260,0.3652,-0.5194,0.00082,-0.01152,0.01175,-5.00,0.00,0.00,19.3,125.53,634.01,283.14,DESCEND
3.9369,0.3160,0.2352,-0.2894,0.02882,0.00147,0.01075,-5.00,0.00,0.00,19.3,125.53,634.01,283.08,DESCEND
3.9470,0.1560,-0.0447,-0.1094,0.02882,0.00247,0.00675,-5.00,0.00,0.00,19.4,125.53,634.01,283.04,DESCEND
3.9572,-0.0739,0.2152,-0.2194,0.01882,0.01247,0.00875,-5.00,0.00,0.00,19.4,125.53,634.01,282.98,DESCEND
3.9673,0.2860,-0.1247,0.1205,0.01682,-0.00052,0.00675,-5.00,0.00,0.00,19.5,125.53,634.02,282.94,DESCEND
3.9774,0.1060,-0.1047,0.0205,0.01682,0.00747,0.01075,-5.00,0.00,0.00,19.5,125.53,634.02,282.88,DESCEND
3.9876,0.0160,0.4952,-0.5094,-0.00117,-0.00752,0.01175,-5.00,0.00,0.00,19.6,125.53,634.02,282.84,DESCEND
3.9977,0.2560,0.3652,-0.1894,0.02082,0.00747,0.00875,-5.00,0.00,0.00,19.6,125.53,634.02,282.78,DESCEND
4.0078,-0.0339,0.0552,-0.0394,0.00482,0.00847,0.01175,-5.00,0.00,0.00,19.7,125.53,634.02,282.72,DESCEND
4.0179,0.0560,0.3352,-0.1294,0.00382,-0.00252,0.01375,-5.00,0.00,0.00,19.7,125.53,634.03,282.68,DESCEND
4.0280,0.0260,0.2452,-0.3494,0.00682,-0.00252,0.01075,-5.00,0.00,0.00,19.8,125.53,634.03,282.62,DESCEND
4.0382,0.0460,0.3052,-0.4294,0.02682,0.00347,0.00775,-5.00,0.00,0.00,19.8,125.53,634.03,282.58,DESCEND
4.0483,0.0760,0.5052,-0.3494,-0.00417,-0.01052,0.01475,-5.00,0.00,0.00,19.9,125.53,634.03,282.52,DESCEND
4.0584,0.1560,0.2252,-0.4994,0.02382,-0.00152,0.00875,-5.00,0.00,0.00,19.9,125.53,634.03,282.48,DESCEND
4.0685,0.2860,0.3652,-0.5094,0.02782,-0.00452,0.01175,-5.00,0.00,0.00,20.0,125.53,634.04,282.42,DESCEND
4.0786,-0.0339,0.3552,-0.4694,0.00682,-0.00552,0.01075,-5.00,0.00,0.00,20.0,125.53,634.04,282.38,DESCEND
4.0887,0.1960,-0.1047,-0.0294,0.01982,0.00547,0.00675,-5.00,0.00,0.00,20.1,125.53,634.04,282.32,DESCEND
4.0989,0.0560,0.2252,-0.4694,0.01482,0.00647,0.01075,-5.00,0.00,0.00,20.1,125.53,634.04,282.28,DESCEND
4.1092,0.0060,0.2852,-0.3794,0.00882,-0.00552,0.00975,-5.00,0.00,0.00,20.2,125.53,634.04,282.22,DESCEND
4.1193,0.0760,0.1552,-0.3594,0.01982,0.00547,0.00975,-5.00,0.00,0.00,20.2,125.53,634.04,282.18,DESCEND
4.1295,0.0660,0.1752,-0.0994,0.01382,0.00047,0.00775,-5.00,0.00,0.00,20.3,125.53,634.05,282.12,DESCEND
4.1396,0.2160,-0.0147,-0.1394,0.01782,0.00047,0.00975,-5.00,0.00,0.00,20.4,125.53,634.05,282.06,DESCEND
4.1497,-0.0739,0.1852,-0.3194,-0.00617,-0.00552,0.00975,-5.00,0.00,0.00,20.4,125.53,634.05,282.02,DESCEND
4.1598,-0.0839,0.3552,-0.2394,0.01582,0.00647,0.01175,-5.00,0.00,0.00,20.5,125.53,634.05,281.96,DESCEND
4.1699,0.1560,-0.0347,-0.2994,0.03182,0.00847,0.00775,-5.00,0.00,0.00,20.5,125.53,634.05,281.92,DESCEND
4.1800,0.0760,0.0652,-0.1694,0.01682,0.00347,0.00975,-5.00,0.00,0.00,20.6,125.53,634.06,281.86,DESCEND
4.1902,0.2260,0.0452,-0.0294,0.01082,0.01347,0.01075,-5.00,0.00,0.00,20.6,125.53,634.06,281.82,DESCEND
4.2003,0.1760,0.5252,-0.7294,0.01482,-0.00752,0.01375,-5.00,0.00,0.00,20.7,125.53,634.06,281.76,DESCEND
4.2104,0.1260,-0.0447,-0.1494,-0.00517,0.00047,0.00775,-5.00,0.00,0.00,20.7,125.53,634.06,281.72,DESCEND
4.2205,0.0560,0.3252,-0.3594,0.00882,0.00447,0.01075,-5.00,0.00,0.00,20.8,125.53,634.06,281.66,DESCEND
4.2306,0.0960,0.3352,-0.3294,0.00282,0.00147,0.01175,-5.00,0.00,0.00,20.8,125.53,634.07,281.62,DESCEND
4.2408,0.0160,0.1352,-0.3294,0.00982,0.00347,0.00975,-5.00,0.00,0.00,20.9,125.53,634.07,281.56,DESCEND
4.2509,-0.0139,0.1952,-0.0094,0.00482,0.00247,0.00875,-5.00,0.00,0.00,20.9,125.53,634.07,281.52,DESCEND
4.2610,-0.1139,0.5352,-0.3594,-0.01017,-0.00552,0.00975,-5.00,0.00,0.00,21.0,125.53,634.07,281.46,DESCEND
4.2711,0.2260,-0.1047,-0.1794,0.00782,-0.00752,0.01075,-5.00,0.00,0.00,21.0,125.53,634.07,281.42,DESCEND
4.2812,0.1260,-0.0847,0.0305,0.03382,0.02947,0.00675,-5.00,0.00,0.00,21.1,125.53,634.07,281.36,DESCEND
4.2913,0.0960,0.3352,-0.2194,0.02082,0.00047,0.01075,-5.00,0.00,0.00,21.1,125.53,634.08,281.32,DESCEND
4.3015,-0.1139,0.0452,-0.3894,0.00182,0.00047,0.00975,-5.00,0.00,0.00,21.2,125.53,634.08,281.26,DESCEND
4.3116,0.1360,0.2852,-0.2294,0.02582,-0.00252,0.01075,-5.00,0.00,0.00,21.2,125.53,634.08,281.22,DESCEND
4.3217,0.0560,0.0552,0.0405,0.03382,0.01947,0.00775,-5.00,0.00,0.00,21.3,125.53,634.08,281.16,DESCEND
4.3318,-0.0039,-0.0647,-0.2694,0.02182,0.01447,0.00875,-5.00,0.00,0.00,21.3,125.53,634.08,281.10,DESCEND
4.3419,0.1460,0.1652,-0.1594,0.01682,0.00747,0.00775,-5.00,0.00,0.00,21.4,125.53,634.09,281.06,DESCEND
4.3520,0.0960,0.1252,0.0405,0.02082,0.01047,0.00775,-5.00,0.00,0.00,21.4,125.54,634.09,281.00,DESCEND
4.3621,0.1760,0.1152,-0.2494,0.01182,0.00047,0.01275,-5.00,0.00,0.00,21.5,125.54,634.09,280.96,DESCEND
4.3722,-0.0239,0.2352,-0.3694,0.01782,0.00447,0.00775,-5.00,0.00,0.00,21.5,125.54,634.09,280.90,DESCEND
4.3824,0.2760,0.0752,-0.2094,0.02582,0.00147,0.00575,-5.00,0.00,0.00,21.6,125.54,634.09,280.86,DESCEND
4.3925,0.0860,0.1052,-0.1694,0.01682,0.00647,0.00975,-5.00,0.00,0.00,21.6,125.54,634.10,280.80,DESCEND
4.4026,0.0660,0.5252,-0.2894,0.00182,0.00147,0.00875,-5.00,0.00,0.00,21.7,125.54,634.10,280.76,DESCEND
4.4127,0.0060,0.3352,-0.2094,0.01382,0.00647,0.01375,-5.00,0.00,0.00,21.7,125.54,634.10,280.70,DESCEND
4.4228,-0.0239,0.1252,-0.2694,0.00782,0.00547,0.00575,-5.00,0.00,0.00,21.8,125.54,634.10,280.66,DESCEND
4.4329,0.1460,0.0852,-0.1794,0.02082,0.00447,0.00975,-5.00,0.00,0.00,21.8,125.54,634.10,280.60,DESCEND
4.4431,0.1360,0.1152,-0.1294,0.02582,0.00547,0.00875,-5.00,0.00,0.00,21.9,125.54,634.10,280.56,DESCEND
4.4532,-0.0139,0.4452,-0.5494,0.00282,-0.01152,0.01375,-5.00,0.00,0.00,21.9,125.54,634.11,280.50,DESCEND
4.4633,0.0260,0.1752,-0.1694,0.01282,0.00847,0.00875,-5.00,0.00,0.00,22.0,125.54,634.11,280.46,DESCEND
4.4735,0.0860,0.0752,-0.4194,0.01782,-0.00152,0.01275,-5.00,0.00,0.00,22.0,125.54,634.11,280.40,DESCEND
4.4836,0.1860,0.0552,-0.0794,0.02582,0.01047,0.00975,-5.00,0.00,0.00,22.1,125.54,634.11,280.34,DESCEND
4.4936,0.2260,0.4752,-0.7294,0.01682,-0.00652,0.01275,-5.00,0.00,0.00,22.1,125.54,634.11,280.30,DESCEND
4.5037,0.3760,-0.0447,-0.1694,0.01082,-0.00652,0.00575,-5.00,0.00,0.00,22.2,125.54,634.12,280.24,DESCEND
4.5138,0.2760,0.0752,-0.2894,0.03282,0.00347,0.00875,-5.00,0.00,0.00,22.2,125.54,634.12,280.20,DESCEND
4.5240,0.0160,0.2552,-0.2894,-0.00317,-0.00852,0.01175,-5.00,0.00,0.00,22.3,125.54,634.12,280.14,DESCEND
4.5341,0.1060,0.0452,0.1205,0.01982,0.01047,0.00775,-5.00,0.00,0.00,22.3,125.54,634.12,280.10,DESCEND
4.5442,0.1960,0.0052,-0.3294,0.02282,0.00247,0.00675,-5.00,0.00,0.00,22.4,125.54,634.12,280.04,DESCEND
4.5543,0.1760,0.5652,-0.6394,0.00782,-0.01152,0.00775,-5.00,0.00,0.00,22.4,125.54,634.12,280.00,DESCEND
4.5644,-0.0039,0.1652,-0.2994,-0.00117,-0.00652,0.01275,-5.00,0.00,0.00,22.5,125.54,634.13,279.94,DESCEND
4.5745,-0.0539,0.1852,-0.2994,0.01282,0.00847,0.00975,-5.00,0.00,0.00,22.5,125.54,634.13,279.90,DESCEND
4.5846,-0.0139,0.1652,-0.2594,0.01782,0.00847,0.01075,-5.00,0.00,0.00,22.6,125.54,634.13,279.84,DESCEND
4.5948,0.3360,-0.0347,-0.3194,0.02782,-0.00352,0.00675,-5.00,0.00,0.00,22.6,125.54,634.13,279.80,DESCEND
4.6049,0.1860,0.1752,-0.4594,0.01682,0.00047,0.01075,-5.00,0.00,0.00,22.7,125.54,634.13,279.74,DESCEND
4.6150,0.1460,0.3752,-0.3294,0.02682,-0.00052,0.00675,-5.00,0.00,0.00,22.7,125.54,634.14,279.70,DESCEND
4.6251,0.2360,0.3152,-0.4594,0.00582,0.00147,0.01075,-5.00,0.00,0.00,22.8,125.54,634.14,279.64,DESCEND
4.6352,0.2260,-0.0147,0.0205,0.01282,-0.00252,0.01375,-5.00,0.00,0.00,22.8,125.54,634.14,279.60,DESCEND
4.6453,0.2360,0.2752,-0.5394,0.02382,0.00147,0.01275,-5.00,0.00,0.00,22.9,125.54,634.14,279.54,DESCEND
4.6554,-0.0739,0.4452,-0.3994,-0.00117,0.00147,0.01275,-5.00,0.00,0.00,22.9,125.54,634.14,279.50,DESCEND
4.6655,0.2460,0.3752,-0.4994,0.02982,-0.00552,0.01275,-5.00,0.00,0.00,23.0,125.54,634.15,279.44,DESCEND
4.6756,0.0160,0.1052,-0.0894,0.01082,0.00047,0.00575,-5.00,0.00,0.00,23.0,125.54,634.15,279.38,DESCEND
4.6857,-0.0839,0.1652,-0.2594,-0.00217,-0.00552,0.01175,-5.00,0.00,0.00,23.1,125.54,634.15,279.34,DESCEND
4.6958,0.0460,-0.0247,-0.0394,0.01282,0.00747,0.01075,-5.00,0.00,0.00,23.1,125.54,634.15,279.28,DESCEND
4.7059,0.1760,0.0052,0.2405,0.02282,0.01147,0.00875,-5.00,0.00,0.00,23.2,125.54,634.15,279.24,DESCEND
4.7161,0.0760,-0.2247,0.1405,0.01982,0.01147,0.00775,-5.00,0.00,0.00,23.2,125.54,634.16,279.18,DESCEND
4.7262,0.0960,0.2352,-0.2894,0.02682,0.00447,0.01075,-5.00,0.00,0.00,23.3,125.54,634.16,279.14,DESCEND
4.7363,0.2760,0.0752,0.0605,0.01682,0.00547,0.00775,-5.00,0.00,0.00,23.3,125.54,634.16,279.08,DESCEND
4.7464,0.0660,0.1152,-0.3394,0.02382,0.01147,0.01275,-5.00,0.00,0.00,23.4,125.54,634.16,279.04,DESCEND
4.7565,0.0960,0.1952,-0.3494,0.00682,-0.00152,0.01075,-5.00,0.00,0.00,23.4,125.54,634.16,278.98,DESCEND
4.7666,0.2460,0.0152,0.0205,0.02482,0.00847,0.00775,-5.00,0.00,0.00,23.5,125.54,634.16,278.94,DESCEND
4.7767,0.1360,0.2252,-0.1794,0.01382,0.00647,0.00675,-5.00,0.00,0.00,23.5,125.54,634.17,278.88,DESCEND
4.7868,-0.0239,0.3352,-0.1794,0.01582,0.00147,0.01275,-5.00,0.00,0.00,23.6,125.54,634.17,278.84,DESCEND
4.7969,0.0760,-0.0947,0.1005,0.02782,0.01447,0.00775,-5.00,0.00,0.00,23.6,125.54,634.17,278.78,DESCEND
4.8070,-0.0439,0.0552,-0.3794,0.02682,0.01347,0.00775,-5.00,0.00,0.00,23.7,125.54,634.17,278.74,DESCEND
4.8172,-0.0039,0.1552,-0.2694,0.01082,-0.00052,0.01075,-5.00,0.00,0.00,23.7,125.54,634.17,278.68,DESCEND
4.8273,-0.0139,0.4752,-0.4294,0.00382,-0.00752,0.01575,-5.00,0.00,0.00,23.8,125.54,634.18,278.64,DESCEND
4.8374,0.2060,-0.1247,-0.1094,0.01282,0.00347,0.00775,-5.00,0.00,0.00,23.8,125.54,634.18,278.58,DESCEND
4.8475,0.1760,0.0652,0.0105,-0.00017,0.00847,0.01175,-5.00,0.00,0.00,23.9,125.54,634.18,278.52,DESCEND
4.8576,0.1960,-0.0347,0.0205,0.01782,0.00347,0.00775,-5.00,0.00,0.00,23.9,125.54,634.18,278.48,DESCEND
4.8677,0.1060,0.1852,-0.2494,0.00182,-0.00652,0.00975,-5.00,0.00,0.00,24.0,125.54,634.18,278.42,DESCEND
4.8778,0.0460,-0.0147,-0.2394,0.00182,-0.00452,0.00675,-5.00,0.00,0.00,24.0,125.54,634.18,278.38,DESCEND
4.8879,0.1760,-0.1047,-0.0394,0.03582,0.01447,0.00475,-5.00,0.00,0.00,24.1,125.54,634.19,278.32,DESCEND
4.8982,0.3260,-0.0147,-0.1394,0.03882,0.00747,0.01075,-5.00,0.00,0.00,24.1,125.54,634.19,278.28,DESCEND
4.9083,0.1460,-0.1247,-0.2394,0.04282,0.01247,0.00575,-5.00,0.00,0.00,24.2,125.54,634.19,278.22,DESCEND
4.9184,-0.0439,0.2252,-0.1894,0.00682,-0.00452,0.01275,-5.00,0.00,0.00,24.2,125.54,634.19,278.18,DESCEND
4.9286,0.2860,0.2752,-0.4894,0.01682,-0.01052,0.00575,-5.00,0.00,0.00,24.3,125.54,634.19,278.12,DESCEND
4.9387,0.0760,0.1852,-0.0594,0.00382,0.00147,0.01175,-5.00,0.00,0.00,24.3,125.54,634.20,278.08,DESCEND
4.9488,0.2860,0.0852,-0.1994,0.03682,0.00647,0.00875,-5.00,0.00,0.00,24.4,125.54,634.20,278.02,DESCEND
4.9589,0.2160,0.2752,-0.5494,0.01782,-0.00552,0.00975,-5.00,0.00,0.00,24.4,125.54,634.20,277.98,DESCEND
4.9690,0.1560,0.3152,-0.4994,0.01682,-0.00452,0.01075,-5.00,0.00,0.00,24.5,125.54,634.20,277.92,DESCEND
4.9792,0.0260,0.4252,-0.2694,-0.00217,-0.01252,0.01275,-5.00,0.00,0.00,24.5,125.54,634.20,277.88,DESCEND
4.9893,0.2060,0.2552,-0.3494,-0.00017,-0.00852,0.00775,-5.00,0.00,0.00,24.6,125.54,634.21,277.82,DESCEND
4.9994,0.1160,0.3052,-0.0994,0.01182,0.00047,0.00875,-5.00,0.00,0.00,24.6,125.54,634.21,277.78,DESCEND
5.0095,0.0560,0.3952,-0.2994,0.02082,0.00247,0.01275,-5.00,0.00,0.00,24.7,125.55,634.21,277.72,DESCEND
5.0196,0.1960,0.4452,-0.3194,0.02382,-0.00552,0.01075,-5.00,0.00,0.00,24.8,125.55,634.21,277.66,DESCEND
5.0298,0.2660,0.0152,0.1105,0.01882,-0.00052,0.01275,-5.00,0.00,0.00,24.8,125.55,634.21,277.62,DESCEND
5.0399,0.1560,0.0452,-0.4894,0.03082,0.00247,0.00875,-5.00,0.00,0.00,24.9,125.55,634.22,277.56,DESCEND
5.0500,0.2860,0.3352,-0.4694,0.02782,-0.00452,0.00975,-5.00,0.00,0.00,24.9,125.55,634.22,277.52,DESCEND
5.0601,-0.1139,0.4852,-0.0094,0.01982,0.01247,0.01475,-5.00,0.00,0.00,25.0,125.55,634.22,277.46,DESCEND
5.0702,0.0760,0.2152,-0.1794,0.00182,-0.01852,0.00975,-5.00,0.00,0.00,25.0,125.55,634.22,277.42,DESCEND
5.0803,0.1660,0.4752,-0.3594,0.02682,0.00647,0.01075,-5.00,0.00,0.00,25.1,125.55,634.22,277.36,DESCEND
5.0904,0.2260,0.2552,-0.2294,0.01682,0.00347,0.01175,-5.00,0.00,0.00,25.1,125.55,634.22,277.32,DESCEND
5.1005,0.2660,0.1652,-0.4294,0.01482,-0.00652,0.00675,-5.00,0.00,0.00,25.2,125.55,634.23,277.26,DESCEND
5.1106,0.1460,0.5352,-0.4394,0.02282,0.00547,0.01175,-5.00,0.00,0.00,25.2,125.55,634.23,277.22,DESCEND
5.1208,0.1560,0.0752,-0.2394,0.02782,0.01047,0.00775,-5.00,0.00,0.00,25.3,125.55,634.23,277.16,DESCEND
5.1309,0.1460,0.3752,-0.2494,0.02082,0.00247,0.01175,-5.00,0.00,0.00,25.3,125.55,634.23,277.12,DESCEND
5.1410,0.2260,0.2152,-0.5094,0.03382,0.00647,0.00975,-5.00,0.00,0.00,25.4,125.55,634.23,277.06,DESCEND
5.1512,0.2160,0.7052,-0.5294,0.01082,-0.01052,0.01575,-5.00,0.00,0.00,25.4,125.55,634.23,277.02,DESCEND
5.1612,0.2860,0.1552,-0.5894,0.02082,-0.00552,0.00975,-5.00,0.00,0.00,25.5,125.55,634.24,276.96,DESCEND
5.1714,0.0860,0.1252,-0.1694,0.00982,0.00447,0.00975,-5.00,0.00,0.00,25.5,125.55,634.24,276.90,DESCEND
5.1815,0.1060,-0.0947,-0.1994,0.01982,0.00247,0.00775,-5.00,0.00,0.00,25.6,125.55,634.24,276.86,DESCEND
5.1916,0.1960,0.1252,-0.1994,0.01882,0.00747,0.00975,-5.00,0.00,0.00,25.6,125.55,634.24,276.80,DESCEND
5.2017,0.2060,-0.0547,-0.0694,0.03282,0.01147,0.01075,-5.00,0.00,0.00,25.7,125.55,634.24,276.76,DESCEND
5.2118,-0.2139,0.2752,-0.2894,0.01082,0.01547,0.01175,-5.00,0.00,0.00,25.7,125.55,634.25,276.70,DESCEND
5.2220,0.0660,0.0052,-0.1594,0.03282,0.01347,0.01075,-5.00,0.00,0.00,25.8,125.55,634.25,276.66,DESCEND
5.2321,0.2960,0.2752,-0.3794,0.01682,-0.00252,0.01375,-5.00,0.00,0.00,25.8,125.55,634.25,276.60,DESCEND
5.2422,0.0360,0.1452,0.0905,0.01582,0.00747,0.00975,-5.00,0.00,0.00,25.9,125.55,634.25,276.56,DESCEND
5.2523,0.0860,0.1652,-0.1394,0.00682,0.00247,0.00975,-5.00,0.00,0.00,25.9,125.55,634.25,276.50,DESCEND
5.2624,0.1560,0.2552,-0.6394,0.00882,-0.00752,0.00975,-5.00,0.00,0.00,26.0,125.55,634.26,276.46,DESCEND
5.2725,-0.1139,0.2652,-0.3594,0.01282,0.00947,0.01375,-5.00,0.00,0.00,26.0,125.55,634.26,276.40,DESCEND
5.2826,0.2560,0.2552,-0.2194,0.02182,-0.00052,0.01075,-5.00,0.00,0.00,26.1,125.55,634.26,276.34,DESCEND
5.2927,0.3060,-0.0247,0.0805,0.02882,0.00747,0.00575,-5.00,0.00,0.00,26.1,125.55,634.26,276.30,DESCEND
5.3029,-0.0239,-0.0347,-0.1994,0.01282,0.00447,0.00875,-5.00,0.00,0.00,26.2,125.55,634.26,276.26,DESCEND
5.3130,0.0560,0.3952,-0.2594,0.01182,0.00047,0.01275,-5.00,0.00,0.00,26.2,125.55,634.27,276.21,DESCEND
5.3231,0.2160,0.0552,-0.1394,0.00982,-0.00452,0.01175,-5.00,0.00,0.00,26.3,125.55,634.27,276.17,DESCEND
5.3332,-0.0639,0.0552,0.0105,0.00182,-0.00052,0.00975,-5.00,0.00,0.00,26.3,125.55,634.27,276.11,DESCEND
5.3433,0.1460,0.5352,-0.2794,0.01782,0.00047,0.01175,-5.00,0.00,0.00,26.4,125.55,634.27,276.05,DESCEND
5.3534,0.0360,0.4152,-0.2694,0.00182,-0.01052,0.00975,-5.00,0.00,0.00,26.4,125.55,634.27,276.01,DESCEND
5.3636,-0.0439,0.5852,-0.6994,-0.00017,-0.01052,0.01675,-5.00,0.00,0.00,26.5,125.55,634.27,275.95,DESCEND
5.3737,0.1960,0.1552,-0.0494,0.01882,0.00447,0.00975,-5.00,0.00,0.00,26.5,125.55,634.28,275.91,DESCEND
5.3838,0.1860,0.1852,-0.2294,0.02582,0.01047,0.01175,-5.00,0.00,0.00,26.6,125.55,634.28,275.85,DESCEND
5.3939,-0.1039,-0.0447,-0.1994,0.01582,0.00947,0.01075,-5.00,0.00,0.00,26.6,125.55,634.28,275.81,DESCEND
5.4041,0.1660,0.0952,0.0105,-0.00317,-0.00752,0.00675,-5.00,0.00,0.00,26.7,125.55,634.28,275.75,DESCEND
5.4142,0.2060,0.2052,-0.0994,0.01682,0.00847,0.01175,-5.00,0.00,0.00,26.7,125.55,634.28,275.71,DESCEND
5.4243,-0.0139,0.1452,-0.2694,0.02182,0.00547,0.01175,-5.00,0.00,0.00,26.8,125.55,634.29,275.65,DESCEND
5.4344,0.0260,0.3052,-0.2994,0.00082,-0.00752,0.01075,-5.00,0.00,0.00,26.8,125.55,634.29,275.61,DESCEND
5.4445,0.0060,0.3652,-0.2294,0.01082,-0.00352,0.01375,-5.00,0.00,0.00,26.9,125.55,634.29,275.55,DESCEND
5.4546,-0.0239,-0.0647,0.0405,0.00582,0.00347,0.00775,-5.00,0.00,0.00,26.9,125.55,634.29,275.51,DESCEND
5.4648,0.2760,0.1752,-0.2994,0.02082,-0.00352,0.01075,-5.00,0.00,0.00,27.0,125.55,634.29,275.45,DESCEND
5.4749,-0.0039,0.2452,-0.5594,0.00482,-0.00452,0.00975,-5.00,0.00,0.00,27.0,125.55,634.29,275.41,DESCEND
5.4850,0.0060,0.0252,-0.2994,0.00882,0.00447,0.00975,-5.00,0.00,0.00,27.1,125.55,634.30,275.35,DESCEND
5.4951,0.1660,0.1252,-0.3094,0.01482,-0.00252,0.00975,-5.00,0.00,0.00,27.1,125.55,634.30,275.31,DESCEND
5.5052,0.1260,0.1352,-0.3694,0.01282,0.00547,0.01075,-5.00,0.00,0.00,27.2,125.55,634.30,275.25,DESCEND
5.5153,0.0260,0.0552,-0.0294,0.00782,0.01447,0.01075,-5.00,0.00,0.00,27.2,125.55,634.30,275.21,DESCEND
5.5254,0.0860,-0.0747,-0.0594,0.02282,0.01147,0.00975,-5.00,0.00,0.00,27.3,125.55,634.30,275.15,DESCEND
5.5355,-0.0739,0.3652,-0.2294,0.00782,0.00547,0.01375,-5.00,0.00,0.00,27.3,125.55,634.31,275.09,DESCEND
5.5456,0.1460,0.3052,-0.1394,0.01582,0.00147,0.01175,-5.00,0.00,0.00,27.4,125.55,634.31,275.05,DESCEND
5.5557,0.1160,0.2152,-0.0394,0.01782,0.00747,0.00875,-5.00,0.00,0.00,27.4,125.55,634.31,274.99,DESCEND
5.5658,-0.0039,-0.0147,-0.1294,0.01082,0.00447,0.01075,-5.00,0.00,0.00,27.5,125.55,634.31,274.95,DESCEND
5.5759,0.1260,0.0852,-0.1494,0.02282,0.00847,0.01175,-5.00,0.00,0.00,27.5,125.55,634.31,274.89,DESCEND
5.5861,0.3360,0.0552,0.0105,0.03182,0.00847,0.00475,-5.00,0.00,0.00,27.6,125.55,634.32,274.85,DESCEND
5.5962,0.0960,0.1252,-0.3194,0.02582,0.01247,0.01375,-5.00,0.00,0.00,27.6,125.55,634.32,274.79,DESCEND
5.6063,-0.1039,0.3152,-0.1894,0.01082,0.00047,0.00975,-5.00,0.00,0.00,27.7,125.55,634.32,274.75,DESCEND
5.6164,0.0560,0.0952,-0.1794,0.01282,-0.00552,0.00975,-5.00,0.00,0.00,27.7,125.55,634.32,274.69,DESCEND
5.6264,0.0560,0.0752,-0.1194,0.00182,-0.00552,0.00675,-5.00,0.00,0.00,27.8,125.55,634.32,274.65,DESCEND
5.6366,-0.0239,-0.1247,0.6705,0.01482,0.01347,0.00875,-5.00,0.00,0.00,27.8,125.55,634.33,274.59,DESCEND
5.6467,0.1660,0.1452,-0.2094,0.01882,0.00447,0.01175,-5.00,0.00,0.00,27.9,125.55,634.33,274.55,DESCEND
5.6568,0.0760,0.2252,-0.6294,0.01082,-0.00752,0.01575,-5.00,0.00,0.00,27.9,125.55,634.33,274.49,DESCEND
5.6670,0.0660,0.0252,-0.1194,0.02582,0.01747,0.01175,-5.00,0.00,0.00,28.0,125.55,634.33,274.45,DESCEND
5.6771,-0.0839,0.3852,-0.3894,-0.00817,-0.00852,0.01575,-5.00,0.00,0.00,28.0,125.56,634.33,274.39,DESCEND
5.6872,0.0460,0.2052,0.0205,0.01882,0.01047,0.01175,-5.00,0.00,0.00,28.1,125.56,634.33,274.35,DESCEND
5.6973,0.2660,0.1052,-0.2694,0.02282,-0.00852,0.00775,-5.00,0.00,0.00,28.1,125.56,634.34,274.29,DESCEND
5.7074,0.0460,0.2652,-0.3394,0.00782,-0.00252,0.01275,-5.00,0.00,0.00,28.2,125.56,634.34,274.23,DESCEND
5.7176,0.0160,0.1952,0.1505,0.01782,0.01047,0.01175,-5.00,0.00,0.00,28.2,125.56,634.34,274.19,DESCEND
5.7277,0.0160,0.3752,-0.3794,0.01482,-0.00452,0.01375,-5.00,0.00,0.00,28.3,125.56,634.34,274.13,DESCEND
5.7379,0.1360,0.0852,-0.0994,0.02782,0.00547,0.01075,-5.00,0.00,0.00,28.3,125.56,634.34,274.09,DESCEND
5.7480,0.0660,0.4352,-0.4394,0.01682,0.00447,0.00975,-5.00,0.00,0.00,28.4,125.56,634.35,274.03,DESCEND
5.7581,0.1460,0.3252,-0.4794,0.01982,-0.00252,0.01375,-5.00,0.00,0.00,28.4,125.56,634.35,273.99,DESCEND
5.7683,0.0460,0.1352,-0.1394,0.02682,0.01347,0.01175,-5.00,0.00,0.00,28.5,125.56,634.35,273.93,DESCEND
5.7784,0.1660,0.1852,-0.3194,0.01882,-0.00152,0.00975,-5.00,0.00,0.00,28.5,125.56,634.35,273.89,DESCEND
5.7885,0.0460,0.3152,-0.4694,0.00882,-0.00152,0.01175,-5.00,0.00,0.00,28.6,125.56,634.35,273.83,DESCEND
5.7986,0.1260,0.2652,-0.1994,0.01682,-0.00352,0.00775,-5.00,0.00,0.00,28.6,125.56,634.35,273.79,DESCEND
5.8087,0.2260,0.2652,-0.3394,0.02282,0.00047,0.00875,-5.00,0.00,0.00,28.7,125.56,634.36,273.73,DESCEND
5.8188,0.1260,0.2152,-0.3994,0.00682,-0.00452,0.00975,-5.00,0.00,0.00,28.7,125.56,634.36,273.69,DESCEND
5.8289,0.2660,0.2552,-0.5594,0.01582,-0.00652,0.01075,-5.00,0.00,0.00,28.8,125.56,634.36,273.63,DESCEND
5.8390,0.0960,0.1652,0.0005,0.01682,-0.00552,0.01075,-5.00,0.00,0.00,28.8,125.56,634.36,273.59,DESCEND
5.8492,0.0660,0.2452,-0.1294,0.00282,-0.00552,0.00875,-5.00,0.00,0.00,28.9,125.56,634.36,273.53,DESCEND
5.8593,0.3560,-0.0547,0.1405,0.02482,0.00247,0.00575,-5.00,0.00,0.00,29.0,125.56,634.37,273.47,DESCEND
5.8694,-0.0239,-0.1747,0.2905,0.01482,0.01247,0.00775,-5.00,0.00,0.00,29.0,125.56,634.37,273.43,DESCEND
5.8795,0.0060,0.1452,-0.1294,0.00382,0.00447,0.01075,-5.00,0.00,0.00,29.1,125.56,634.37,273.37,DESCEND
5.8896,0.1360,0.1452,-0.3694,0.01482,-0.00752,0.01075,-5.00,0.00,0.00,29.1,125.56,634.37,273.33,DESCEND
5.8998,0.2260,0.2252,-0.0894,0.01282,0.01147,0.01175,-5.00,0.00,0.00,29.2,125.56,634.37,273.27,DESCEND
5.9099,0.0160,0.4052,-0.2394,0.01982,0.01347,0.01275,-5.00,0.00,0.00,29.2,125.56,634.38,273.23,DESCEND
5.9200,0.2160,0.7552,-0.7694,0.00082,-0.01752,0.01475,-5.00,0.00,0.00,29.3,125.56,634.38,273.17,DESCEND
5.9301,0.0760,0.2152,-0.0794,0.03182,0.01247,0.00975,-5.00,0.00,0.00,29.3,125.56,634.38,273.13,DESCEND
5.9402,0.0760,0.0252,-0.0394,0.01782,0.00347,0.01375,-5.00,0.00,0.00,29.4,125.56,634.38,273.07,DESCEND
5.9504,0.0560,0.0752,-0.0094,0.01582,0.00147,0.00975,-5.00,0.00,0.00,29.4,125.56,634.38,273.03,DESCEND
5.9605,0.0960,0.0452,-0.0694,0.00782,0.00447,0.00775,-5.00,0.00,0.00,29.5,125.56,634.39,272.97,DESCEND
5.9706,0.0460,0.2352,-0.1594,0.01382,-0.00152,0.01475,-5.00,0.00,0.00,29.5,125.56,634.39,272.93,DESCEND
5.9807,0.0660,0.2452,-0.1594,0.01082,0.00647,0.00975,-5.00,0.00,0.00,29.6,125.56,634.39,272.87,DESCEND
5.9908,0.1560,0.4352,-0.4894,0.00682,-0.00152,0.01475,-5.00,0.00,0.00,29.6,125.56,634.39,272.83,DESCEND
6.0010,0.2060,0.1152,0.0405,0.02182,0.01247,0.00675,-5.00,0.00,0.00,29.7,125.56,634.39,272.77,DESCEND
6.0111,0.2660,0.1952,-0.2394,0.01482,0.00247,0.01275,-5.00,0.00,0.00,29.7,125.56,634.39,272.73,DESCEND
6.0212,0.1660,0.1752,-0.0594,0.01682,0.00647,0.00675,-5.00,0.00,0.00,29.8,125.56,634.40,272.67,DESCEND
6.0313,0.2060,0.0952,-0.1494,0.04082,0.01447,0.00575,-5.00,0.00,0.00,29.8,125.56,634.40,272.61,DESCEND
6.0414,-0.1639,0.2352,-0.1794,0.00582,0.01147,0.01175,-5.00,0.00,0.00,29.9,125.56,634.40,272.57,DESCEND
6.0515,0.0860,0.2952,-0.2794,0.02382,0.00847,0.00875,-5.00,0.00,0.00,29.9,125.56,634.40,272.51,DESCEND
6.0617,0.0660,0.0952,-0.4494,0.01882,-0.00052,0.01175,-5.00,0.00,0.00,30.0,125.56,634.40,272.47,DESCEND
6.0718,-0.0039,0.0852,0.0105,0.02582,0.01647,0.01375,-5.00,0.00,0.00,30.0,125.56,634.41,272.41,DESCEND
6.0819,0.1060,0.0552,0.0305,0.01782,0.01147,0.00975,-5.00,0.00,0.00,30.1,125.56,634.41,272.37,DESCEND
6.0921,0.0560,0.3752,-0.4694,0.02682,0.00747,0.00975,-5.00,0.00,0.00,30.1,125.56,634.41,272.31,DESCEND
6.1022,-0.1239,-0.1247,0.0005,0.00282,0.00447,0.01275,-5.00,0.00,0.00,30.2,125.56,634.41,272.27,DESCEND
6.1123,0.2460,0.2752,-0.4194,0.02482,-0.00352,0.00975,-5.00,0.00,0.00,30.2,125.56,634.41,272.21,DESCEND
6.1224,0.2660,0.1152,-0.1794,0.03782,0.02247,0.01075,-5.00,0.00,0.00,30.3,125.56,634.41,272.17,DESCEND
6.1325,0.0260,0.1752,-0.5894,0.01882,-0.00052,0.01075,-5.00,0.00,0.00,30.3,125.56,634.42,272.11,DESCEND
6.1426,-0.0439,0.0552,-0.2994,0.01782,0.00747,0.00975,-5.00,0.00,0.00,30.4,125.56,634.42,272.07,DESCEND
6.1527,0.0860,-0.0747,-0.1794,0.02282,0.00147,0.01175,-5.00,0.00,0.00,30.4,125.56,634.42,272.01,DESCEND
6.1629,0.1260,0.1852,-0.1194,0.01282,-0.00252,0.01175,-5.00,0.00,0.00,30.5,125.56,634.42,271.97,DESCEND
6.1730,-0.1339,0.1652,-0.3094,-0.01617,-0.00252,0.01275,-5.00,0.00,0.00,30.5,125.56,634.42,271.91,DESCEND
6.1831,0.0960,0.2852,-0.3694,0.01382,0.00147,0.01275,-5.00,0.00,0.00,30.6,125.56,634.43,271.87,DESCEND
6.1932,-0.0139,0.0152,-0.2394,0.00482,-0.00052,0.00875,-5.00,0.00,0.00,30.6,125.56,634.43,271.81,DESCEND
6.2033,0.1460,0.1852,-0.3994,0.01482,-0.00452,0.00875,-5.00,0.00,0.00,30.7,125.56,634.43,271.75,DESCEND
6.2134,0.1260,0.3952,-0.6194,-0.00117,-0.01452,0.01575,-5.00,0.00,0.00,30.7,125.56,634.43,271.71,DESCEND
6.2235,0.2460,0.2652,-0.4194,0.01482,-0.00852,0.01075,-5.00,0.00,0.00,30.8,125.56,634.43,271.65,DESCEND
6.2336,-0.1939,0.2952,0.2005,-0.00017,0.01347,0.01175,-5.00,0.00,0.00,30.8,125.56,634.44,271.61,DESCEND
6.2437,0.1360,0.1052,-0.0994,0.02582,0.00747,0.01275,-5.00,0.00,0.00,30.9,125.56,634.44,271.55,DESCEND
6.2538,0.1660,0.2552,0.0805,0.02182,0.00747,0.01375,-5.00,0.00,0.00,30.9,125.56,634.44,271.51,DESCEND
6.2640,0.1060,-0.0247,-0.1594,0.01982,0.00247,0.00775,-5.00,0.00,0.00,31.0,125.56,634.44,271.45,DESCEND
6.2741,0.0560,-0.0147,-0.0394,0.00682,0.00647,0.01175,-5.00,0.00,0.00,31.0,125.56,634.44,271.41,DESCEND
6.2842,0.2060,0.3752,-0.3294,0.02182,0.00447,0.01175,-5.00,0.00,0.00,31.1,125.56,634.44,271.35,DESCEND
6.2943,0.0360,0.0252,0.0305,0.01982,0.00547,0.00975,-5.00,0.00,0.00,31.1,125.56,634.45,271.31,DESCEND
6.3045,0.0060,0.0752,-0.3194,-0.00717,-0.01452,0.01075,-5.00,0.00,0.00,31.2,125.56,634.45,271.25,DESCEND
6.3146,0.2460,-0.1347,-0.2794,0.01582,0.00147,0.00575,-5.00,0.00,0.00,31.2,125.56,634.45,271.21,DESCEND
6.3247,-0.0339,0.1252,-0.0794,0.02282,0.00647,0.01375,-5.00,0.00,0.00,31.3,125.56,634.45,271.15,DESCEND
6.3348,0.0660,-0.0447,-0.0394,0.02282,0.01047,0.00575,-5.00,0.00,0.00,31.3,125.56,634.45,271.11,DESCEND
6.3449,-0.0339,0.1052,-0.0594,0.00282,0.00447,0.00975,-5.00,0.00,0.00,31.4,125.56,634.46,271.05,DESCEND
6.3551,0.0860,0.0652,-0.1994,0.01982,0.00547,0.00975,-5.00,0.00,0.00,31.4,125.56,634.46,270.99,DESCEND
6.3652,0.2060,-0.0047,-0.0894,0.02782,0.00747,0.00875,-5.00,0.00,0.00,31.5,125.57,634.46,270.95,DESCEND
6.3753,0.0060,0.2352,-0.1494,0.01582,0.00447,0.01375,-5.00,0.00,0.00,31.5,125.57,634.46,270.89,DESCEND
6.3854,-0.1039,0.1952,-0.2594,0.00582,0.00247,0.01675,-5.00,0.00,0.00,31.6,125.57,634.46,270.85,DESCEND
6.3955,0.2260,0.1452,-0.3994,0.02382,-0.00052,0.00975,-5.00,0.00,0.00,31.6,125.57,634.47,270.79,DESCEND
6.4056,0.1860,0.4152,-0.7094,0.02682,-0.00052,0.01675,-5.00,0.00,0.00,31.7,125.57,634.47,270.75,DESCEND
6.4157,0.1760,0.1252,-0.1994,0.02682,0.00147,0.01075,-5.00,0.00,0.00,31.7,125.57,634.47,270.69,DESCEND
6.4259,0.0460,0.3352,-0.2294,0.01782,0.00347,0.01175,-5.00,0.00,0.00,31.8,125.57,634.47,270.65,DESCEND
6.4360,-0.0039,0.2252,-0.2394,0.00782,-0.00452,0.01275,-5.00,0.00,0.00,31.8,125.57,634.47,270.59,DESCEND
6.4461,0.4560,0.7752,-0.7494,0.02282,-0.01352,0.01275,-5.00,0.00,0.00,31.9,125.57,634.47,270.55,DESCEND
6.4562,0.1560,0.3152,-0.3794,0.02582,0.00547,0.01175,-5.00,0.00,0.00,31.9,125.57,634.48,270.49,DESCEND
6.4663,0.0560,0.4052,-0.2894,0.00882,-0.00652,0.01675,-5.00,0.00,0.00,32.0,125.57,634.48,270.45,DESCEND
6.4765,0.1460,0.2252,-0.2994,0.02782,0.00747,0.00775,-5.00,0.00,0.00,32.0,125.57,634.48,270.39,DESCEND
6.4866,0.1160,0.7552,-0.5794,0.03182,0.00947,0.01575,-5.00,0.00,0.00,32.1,125.57,634.48,270.35,DESCEND
6.4967,-0.0039,0.2752,-0.3394,-0.00017,0.00247,0.01375,-5.00,0.00,0.00,32.1,125.57,634.48,270.29,DESCEND
6.5068,0.2360,0.1352,-0.0294,0.01582,0.00047,0.01075,-5.00,0.00,0.00,32.2,125.57,634.49,270.25,DESCEND
6.5169,0.2360,0.5652,-0.5594,0.01982,-0.00752,0.01175,-5.00,0.00,0.00,32.2,125.57,634.49,270.19,DESCEND
6.5270,0.1960,-0.0047,-0.2694,0.02182,0.00247,0.00875,-5.00,0.00,0.00,32.3,125.57,634.49,270.13,DESCEND
6.5372,0.0560,0.0952,-0.1394,0.01382,0.00447,0.00875,-5.00,0.00,0.00,32.3,125.57,634.49,270.09,DESCEND
6.5473,0.0260,0.0652,-0.3894,0.00882,-0.00252,0.00875,-5.00,0.00,0.00,32.4,125.57,634.49,270.03,DESCEND
6.5574,0.0760,0.1152,-0.4294,0.01082,-0.01452,0.01475,-5.00,0.00,0.00,32.4,125.57,634.50,269.99,DESCEND
6.5675,-0.0139,0.3252,-0.5794,0.00882,-0.01152,0.01175,-5.00,0.00,0.00,32.5,125.57,634.50,269.93,DESCEND
6.5776,0.1860,0.1552,-0.3894,0.02082,-0.00352,0.01075,-5.00,0.00,0.00,32.5,125.57,634.50,269.89,DESCEND
6.5877,0.2060,-0.0847,0.0405,0.02782,0.00447,0.00675,-5.00,0.00,0.00,32.6,125.57,634.50,269.83,DESCEND
6.5978,-0.0939,0.4252,-0.4394,0.00082,0.00047,0.01375,-5.00,0.00,0.00,32.6,125.57,634.50,269.79,DESCEND
6.6079,0.1360,0.1452,-0.4194,0.02282,0.00047,0.01075,-5.00,0.00,0.00,32.7,125.57,634.50,269.73,DESCEND
6.6181,-0.0639,0.3152,-0.2694,0.00082,-0.00352,0.01475,-5.00,0.00,0.00,32.7,125.57,634.51,269.69,DESCEND
6.6282,-0.0939,0.2152,-0.0694,0.02982,0.02347,0.01175,-5.00,0.00,0.00,32.8,125.57,634.51,269.63,DESCEND
6.6383,0.1260,0.3452,-0.2394,0.02382,0.00247,0.01075,-5.00,0.00,0.00,32.8,125.57,634.51,269.59,DESCEND
6.6484,0.1060,0.4452,-0.1894,0.01982,0.00747,0.01375,-5.00,0.00,0.00,32.9,125.57,634.51,269.53,DESCEND
6.6585,0.1760,0.1052,-0.3294,0.01882,0.00547,0.01175,-5.00,0.00,0.00,32.9,125.57,634.51,269.49,DESCEND
6.6686,0.1260,0.1652,-0.3294,0.00982,0.00147,0.01175,-5.00,0.00,0.00,33.0,125.57,634.52,269.43,DESCEND
6.6787,0.1360,0.2852,-0.5794,0.04082,-0.00052,0.01275,-5.00,0.00,0.00,33.0,125.57,634.52,269.39,DESCEND
6.6888,0.0260,0.1152,-0.3194,0.02182,0.00347,0.01475,-5.00,0.00,0.00,33.1,125.57,634.52,269.33,DESCEND
6.6990,0.0160,0.3452,-0.4294,0.02482,0.00647,0.01275,-5.00,0.00,0.00,33.1,125.57,634.52,269.29,DESCEND
6.7091,0.2260,-0.0047,-0.3794,0.02082,-0.01052,0.01375,-5.00,0.00,0.00,33.2,125.57,634.52,269.23,DESCEND
6.7192,0.2160,0.1552,-0.6394,0.02382,-0.00952,0.01175,-5.00,0.00,0.00,33.2,125.57,634.52,269.19,DESCEND
6.7292,0.2160,0.2752,-0.5294,0.02082,-0.00552,0.01175,-5.00,0.00,0.00,33.3,125.57,634.53,269.13,DESCEND
6.7394,0.2460,-0.1647,-0.0894,0.03382,0.01547,0.00875,-5.00,0.00,0.00,33.4,125.57,634.53,269.07,DESCEND
6.7495,0.0960,0.1052,-0.6194,0.00682,-0.00852,0.00975,-5.00,0.00,0.00,33.4,125.57,634.53,269.03,DESCEND
6.7596,-0.0039,0.1052,-0.2994,0.00582,-0.00052,0.01175,-5.00,0.00,0.00,33.5,125.57,634.53,268.97,DESCEND
6.7697,0.2960,0.2952,-0.3094,0.03282,0.00547,0.01275,-5.00,0.00,0.00,33.5,125.57,634.53,268.93,DESCEND
6.7798,0.1860,0.3352,-0.6594,0.01782,-0.00752,0.01375,-5.00,0.00,0.00,33.6,125.57,634.54,268.87,DESCEND
6.7899,0.0560,0.4052,-0.4294,0.01182,-0.00052,0.01475,-5.00,0.00,0.00,33.6,125.57,634.54,268.83,DESCEND
6.8001,0.1760,0.3152,-0.3894,0.02482,0.00847,0.01375,-5.00,0.00,0.00,33.7,125.57,634.54,268.77,DESCEND
6.8102,0.2460,0.2452,-0.2194,0.01882,0.00347,0.01175,-5.00,0.00,0.00,33.7,125.57,634.54,268.73,DESCEND
6.8203,0.0660,0.1152,-0.3094,0.01982,0.00747,0.01275,-5.00,0.00,0.00,33.8,125.57,634.54,268.67,DESCEND
6.8304,0.0160,0.3452,-0.3494,0.02182,0.00447,0.01375,-5.00,0.00,0.00,33.8,125.57,634.55,268.63,DESCEND
6.8405,0.2460,0.1452,-0.4994,0.00982,-0.01552,0.01075,-5.00,0.00,0.00,33.9,125.57,634.55,268.57,DESCEND
6.8506,0.2360,0.0652,-0.2894,0.02982,0.00347,0.01375,-5.00,0.00,0.00,33.9,125.57,634.55,268.53,DESCEND
6.8607,0.1860,0.2852,-0.1594,0.01682,-0.00252,0.01275,-5.00,0.00,0.00,34.0,125.57,634.55,268.47,DESCEND
6.8708,0.1860,0.3952,-0.5094,0.02782,0.00247,0.01175,-5.00,0.00,0.00,34.0,125.57,634.55,268.41,DESCEND
6.8809,-0.0139,0.0452,-0.6094,0.02882,0.00947,0.00975,-5.00,0.00,0.00,34.1,125.57,634.56,268.37,DESCEND
6.8911,0.1260,0.4352,-0.3494,0.00882,-0.00252,0.01275,-5.00,0.00,0.00,34.1,125.57,634.56,268.31,DESCEND
6.9012,-0.0639,0.2452,-0.0794,0.01082,0.00647,0.01275,-5.00,0.00,0.00,34.2,125.57,634.56,268.27,DESCEND
6.9113,0.0260,0.0952,-0.2594,0.02682,-0.00052,0.01575,-5.00,0.00,0.00,34.2,125.57,634.56,268.21,DESCEND
6.9214,0.1260,0.1952,-0.4494,0.02282,-0.00952,0.01275,-5.00,0.00,0.00,34.3,125.57,634.56,268.17,DESCEND
6.9315,-0.0439,-0.0647,-0.1694,0.00482,-0.00252,0.01175,-5.00,0.00,0.00,34.3,125.57,634.56,268.11,DESCEND
6.9416,0.1760,-0.0447,-0.2394,0.02082,0.00147,0.01175,-5.00,0.00,0.00,34.4,125.57,634.57,268.07,DESCEND
6.9518,0.0860,0.2952,-0.3794,0.01382,-0.00052,0.01375,-5.00,0.00,0.00,34.4,125.57,634.57,268.01,DESCEND
6.9619,0.2860,0.4052,-0.3794,0.04482,0.00647,0.01375,-5.00,0.00,0.00,34.5,125.57,634.57,267.97,DESCEND
6.9720,0.1660,0.3452,-0.1794,0.02682,0.01147,0.01075,-5.00,0.00,0.00,34.5,125.57,634.57,267.91,DESCEND
6.9821,0.0060,0.5152,-0.3794,0.00382,-0.00752,0.01675,-5.00,0.00,0.00,34.6,125.57,634.57,267.87,DESCEND
6.9922,-0.0239,-0.0647,-0.2794,0.01882,0.00047,0.01275,-5.00,0.00,0.00,34.6,125.57,634.58,267.81,DESCEND
7.0024,0.0860,0.0152,0.0205,0.02082,0.00347,0.01375,-5.00,0.00,0.00,34.7,125.57,634.58,267.77,DESCEND
7.0125,0.1660,0.2052,-0.1194,0.00482,-0.00452,0.01175,-5.00,0.00,0.00,34.7,125.57,634.58,267.71,DESCEND
7.0226,-0.0939,0.1352,-0.0594,0.01382,0.01747,0.01275,-5.00,0.00,0.00,34.8,125.57,634.58,267.67,DESCEND
7.0328,0.0760,0.0652,0.0705,0.02282,0.01647,0.00975,-5.00,0.00,0.00,34.8,125.57,634.58,267.61,DESCEND
7.0429,0.1260,0.2152,-0.4994,0.03582,0.01347,0.01175,-5.00,0.00,0.00,34.9,125.57,634.58,267.57,DESCEND
7.0530,0.0860,0.1952,-0.2594,0.02282,0.00347,0.01275,-5.00,0.00,0.00,34.9,125.57,634.59,267.51,DESCEND
7.0631,0.0860,0.1852,-0.1394,0.01582,-0.00052,0.01075,-5.00,0.00,0.00,35.0,125.58,634.59,267.45,DESCEND
7.0732,0.1660,-0.1547,-0.0494,0.02582,0.00247,0.00975,-5.00,0.00,0.00,35.0,125.58,634.59,267.41,DESCEND
7.0833,0.1160,-0.1147,0.2705,0.02182,0.00747,0.01175,-5.00,0.00,0.00,35.1,125.58,634.59,267.35,DESCEND
7.0934,0.1260,0.4152,-0.4394,0.01782,-0.00052,0.01175,-5.00,0.00,0.00,35.1,125.58,634.59,267.31,DESCEND
7.1036,-0.0339,0.3152,-0.2894,-0.00317,-0.00752,0.01275,-5.00,0.00,0.00,35.2,125.58,634.60,267.25,DESCEND
7.1137,0.1260,0.0452,-0.2494,0.01282,-0.00352,0.01075,-5.00,0.00,0.00,35.2,125.58,634.60,267.21,DESCEND
7.1238,-0.0439,0.2652,-0.5594,0.00782,0.00047,0.01375,-5.00,0.00,0.00,35.3,125.58,634.60,267.15,DESCEND
7.1339,0.1760,0.1852,-0.2794,0.02482,0.00147,0.01375,-5.00,0.00,0.00,35.3,125.58,634.60,267.11,DESCEND
7.1440,0.0660,0.2852,-0.2194,0.01482,0.00647,0.00975,-5.00,0.00,0.00,35.4,125.58,634.60,267.05,DESCEND
7.1541,-0.0939,0.2352,-0.1694,0.00682,0.00847,0.01575,-5.00,0.00,0.00,35.4,125.58,634.61,267.01,DESCEND
7.1642,-0.0039,0.0952,-0.2594,0.01082,0.00947,0.01075,-5.00,0.00,0.00,35.5,125.58,634.61,266.95,DESCEND
7.1743,0.1660,-0.0147,-0.0994,0.02182,0.01347,0.00875,-5.00,0.00,0.00,35.5,125.58,634.61,266.91,DESCEND
7.1844,-0.0739,0.2752,-0.2394,0.01382,0.00547,0.01275,-5.00,0.00,0.00,35.6,125.58,634.61,266.85,DESCEND
7.1945,-0.0539,0.4552,-0.3694,0.00182,-0.00452,0.01575,-5.00,0.00,0.00,35.6,125.58,634.61,266.81,DESCEND
7.2047,0.2360,0.1152,-0.2994,0.03382,0.00747,0.00975,-5.00,0.00,0.00,35.7,125.58,634.62,266.75,DESCEND
7.2148,0.1160,0.2252,-0.5694,0.02282,-0.00152,0.01275,-5.00,0.00,0.00,35.7,125.58,634.62,266.69,DESCEND
7.2249,0.1260,-0.0447,-0.3894,0.02382,0.00147,0.01275,-5.00,0.00,0.00,35.8,125.58,634.62,266.65,DESCEND
7.2351,0.2060,0.3452,-0.1894,0.02482,-0.00052,0.01775,-5.00,0.00,0.00,35.8,125.58,634.62,266.59,DESCEND
7.2452,0.1860,0.1852,-0.3694,0.01282,0.00047,0.00775,-5.00,0.00,0.00,35.9,125.58,634.62,266.55,DESCEND
7.2554,0.1560,0.4352,-0.5294,0.00082,-0.00852,0.01475,-5.00,0.00,0.00,35.9,125.58,634.62,266.49,DESCEND
7.2655,0.0560,0.1952,-0.4894,0.00582,-0.00752,0.01175,-5.00,0.00,0.00,36.0,125.58,634.63,266.45,DESCEND
7.2756,0.1060,0.1852,-0.4494,0.01482,0.00147,0.01175,-5.00,0.00,0.00,36.0,125.58,634.63,266.39,DESCEND
7.2857,0.1660,-0.1147,0.1205,0.03382,0.01547,0.01075,-5.00,0.00,0.00,36.1,125.58,634.63,266.35,DESCEND
7.2958,0.0160,0.2652,-0.5094,0.01482,0.00247,0.01375,-5.00,0.00,0.00,36.1,125.58,634.63,266.29,DESCEND
7.3059,0.1660,0.2252,-0.1194,0.01482,0.00347,0.01275,-5.00,0.00,0.00,36.2,125.58,634.63,266.25,DESCEND
7.3160,0.0760,0.0252,-0.1994,0.00982,0.00747,0.01075,-5.00,0.00,0.00,36.2,125.58,634.64,266.19,DESCEND
7.3261,0.1260,0.3652,-0.1694,0.02282,0.00747,0.01175,-5.00,0.00,0.00,36.3,125.58,634.64,266.15,DESCEND
7.3363,0.0960,0.0452,-0.2594,0.00182,-0.00652,0.01075,-5.00,0.00,0.00,36.3,125.58,634.64,266.09,DESCEND
7.3464,0.2260,-0.0547,-0.0094,0.03082,0.00447,0.00875,-5.00,0.00,0.00,36.4,125.58,634.64,266.05,DESCEND
7.3565,0.0060,0.4552,-0.5594,0.00582,-0.01252,0.01475,-5.00,0.00,0.00,36.4,125.58,634.64,265.99,DESCEND
7.3666,0.0360,0.4752,-0.4194,0.02782,0.00347,0.01575,-5.00,0.00,0.00,36.5,125.58,634.64,265.95,DESCEND
7.3767,0.1460,0.3652,-0.2894,0.00182,-0.00952,0.01375,-5.00,0.00,0.00,36.5,125.58,634.65,265.89,DESCEND
7.3868,0.0860,0.6152,-0.4294,0.00582,-0.00352,0.01375,-5.00,0.00,0.00,36.6,125.58,634.65,265.83,DESCEND
7.3969,0.1560,0.1552,-0.1194,0.01982,0.01047,0.01175,-5.00,0.00,0.00,36.6,125.58,634.65,265.79,DESCEND
7.4071,-0.0539,0.2952,-0.4594,0.01382,-0.00152,0.01375,-5.00,0.00,0.00,36.7,125.58,634.65,265.73,DESCEND
7.4172,0.0860,0.3852,-0.5094,0.01082,-0.01052,0.01275,-5.00,0.00,0.00,36.7,125.58,634.65,265.69,DESCEND
7.4273,-0.0139,0.3952,-0.3894,0.00282,-0.00452,0.01375,-5.00,0.00,0.00,36.8,125.58,634.66,265.63,DESCEND
7.4374,0.0660,0.3252,-0.2994,0.01182,0.00247,0.00975,-5.00,0.00,0.00,36.8,125.58,634.66,265.59,DESCEND
7.4475,0.1160,0.4852,-0.3394,0.02182,-0.00052,0.00975,-5.00,0.00,0.00,36.9,125.58,634.66,265.53,DESCEND
7.4577,0.0160,0.4152,-0.2894,0.01582,-0.00152,0.01375,-5.00,0.00,0.00,36.9,125.58,634.66,265.49,DESCEND
7.4678,0.2560,-0.2147,0.1605,0.02782,0.01047,0.00875,-5.00,0.00,0.00,37.0,125.58,634.66,265.43,DESCEND
7.4779,0.0560,0.1652,-0.4694,0.02582,0.00247,0.01375,-5.00,0.00,0.00,37.0,125.58,634.67,265.39,DESCEND
7.4880,0.1760,0.2952,-0.1094,0.03082,0.01247,0.00875,-5.00,0.00,0.00,37.1,125.58,634.67,265.33,DESCEND
7.4981,0.0960,0.3752,-0.3094,0.01982,0.00047,0.01275,-5.00,0.00,0.00,37.1,125.58,634.67,265.29,DESCEND
7.5082,0.0460,-0.2447,-0.0394,0.02182,0.01447,0.00975,-5.00,0.00,0.00,37.2,125.58,634.67,265.23,DESCEND
7.5183,0.1360,0.4352,-0.5494,0.01282,-0.00552,0.01475,-5.00,0.00,0.00,37.2,125.58,634.67,265.19,DESCEND
7.5284,0.3460,-0.0747,-0.1994,0.02582,0.00447,0.00975,-5.00,0.00,0.00,37.3,125.58,634.67,265.13,DESCEND
7.5386,0.1860,0.1752,-0.2294,0.01182,-0.00252,0.01175,-5.00,0.00,0.00,37.3,125.58,634.68,265.09,DESCEND
7.5487,0.1360,0.3152,-0.5994,0.00482,-0.00952,0.01275,-5.00,0.00,0.00,37.4,125.58,634.68,265.03,DESCEND
7.5588,0.1960,0.0152,-0.2194,0.02782,0.00347,0.01475,-5.00,0.00,0.00,37.4,125.58,634.68,264.99,DESCEND
7.5689,-0.0539,0.3052,-0.4894,0.00382,-0.00552,0.01475,-5.00,0.00,0.00,37.5,125.58,634.68,264.93,DESCEND
7.5790,-0.0439,-0.3147,0.0505,0.00982,0.00447,0.00875,-5.00,0.00,0.00,37.6,125.58,634.68,264.87,DESCEND
7.5891,0.1360,0.0652,-0.1394,0.02482,0.00147,0.01375,-5.00,0.00,0.00,37.6,125.58,634.69,264.83,DESCEND
7.5993,0.2360,0.0152,-0.3294,0.01982,-0.00552,0.00975,-5.00,0.00,0.00,37.7,125.58,634.69,264.77,DESCEND
7.6094,0.1460,0.1052,-0.1894,0.01682,0.00147,0.00875,-5.00,0.00,0.00,37.7,125.58,634.69,264.73,DESCEND
7.6195,0.0960,0.3452,-0.1994,0.02282,0.01247,0.01575,-5.00,0.00,0.00,37.8,125.58,634.69,264.67,DESCEND
7.6296,0.2460,0.3252,-0.5694,0.02282,0.00347,0.01375,-5.00,0.00,0.00,37.8,125.58,634.69,264.64,DESCEND
7.6397,0.2160,0.1452,-0.5294,0.01882,-0.00252,0.01175,-5.00,0.00,0.00,37.9,125.58,634.70,264.58,DESCEND
7.6498,0.2560,0.1552,-0.2094,0.01482,-0.00052,0.01275,-5.00,0.00,0.00,37.9,125.58,634.70,264.54,DESCEND
7.6599,0.1560,-0.0147,-0.1294,0.01482,-0.00052,0.01075,-5.00,0.00,0.00,38.0,125.58,634.70,264.48,DESCEND
7.6701,0.2160,0.3252,-0.1794,0.01182,-0.00252,0.01075,-5.00,0.00,0.00,38.0,125.58,634.70,264.44,DESCEND
7.6802,0.1660,-0.1347,-0.1194,0.01482,-0.00152,0.01375,-5.00,0.00,0.00,38.1,125.58,634.70,264.38,DESCEND
7.6903,0.2760,0.2452,-0.4794,0.02482,-0.00752,0.01375,-5.00,0.00,0.00,38.1,125.58,634.70,264.34,DESCEND
7.7004,0.1260,0.3152,-0.2794,0.02982,0.00847,0.01275,-5.00,0.00,0.00,38.2,125.58,634.71,264.28,DESCEND
7.7105,0.2760,0.3552,-0.4694,0.02282,-0.00752,0.01475,-5.00,0.00,0.00,38.2,125.58,634.71,264.24,DESCEND
7.7206,0.1060,0.5052,-0.4394,0.02382,0.00247,0.01275,-5.00,0.00,0.00,38.3,125.58,634.71,264.18,DESCEND
7.7307,-0.0039,0.0952,-0.4894,0.01282,-0.00352,0.01375,-5.00,0.00,0.00,38.3,125.58,634.71,264.12,DESCEND
7.7408,0.1260,0.5252,-0.3994,-0.00117,-0.01052,0.01475,-5.00,0.00,0.00,38.4,125.58,634.71,264.08,DESCEND
7.7510,0.3060,-0.0247,-0.1294,0.02182,0.00247,0.00775,-5.00,0.00,0.00,38.4,125.58,634.72,264.02,DESCEND
7.7611,-0.0239,0.3052,-0.1594,0.03082,0.00947,0.01575,-5.00,0.00,0.00,38.5,125.58,634.72,263.98,DESCEND
7.7712,0.1760,0.3952,-0.7994,0.02082,-0.00552,0.01275,-5.00,0.00,0.00,38.5,125.59,634.72,263.92,DESCEND
7.7813,0.0660,0.1452,-0.4094,-0.00217,-0.00952,0.01175,-5.00,0.00,0.00,38.6,125.59,634.72,263.88,DESCEND
7.7914,0.2260,0.3752,-0.3994,0.01882,-0.00052,0.01275,-5.00,0.00,0.00,38.6,125.59,634.72,263.82,DESCEND
7.8015,0.0960,0.2352,-0.1494,0.01582,0.00747,0.01275,-5.00,0.00,0.00,38.7,125.59,634.73,263.78,DESCEND
7.8116,0.0360,0.2652,-0.2894,0.01782,0.00647,0.01275,-5.00,0.00,0.00,38.7,125.59,634.73,263.72,DESCEND
7.8218,0.0560,0.4752,-0.4194,0.00582,-0.00552,0.01275,-5.00,0.00,0.00,38.8,125.59,634.73,263.68,DESCEND
7.8319,0.1060,0.4452,-0.3194,0.02382,-0.00352,0.01575,-5.00,0.00,0.00,38.8,125.59,634.73,263.62,DESCEND
7.8420,0.2860,0.1052,0.0305,0.02682,0.00647,0.01275,-5.00,0.00,0.00,38.9,125.59,634.73,263.58,DESCEND
7.8521,0.2360,0.1752,-0.3794,0.02282,-0.00152,0.01475,-5.00,0.00,0.00,38.9,125.59,634.73,263.52,DESCEND
7.8622,0.0760,0.1552,-0.1794,0.00282,0.00547,0.01375,-5.00,0.00,0.00,39.0,125.59,634.74,263.48,DESCEND
7.8723,0.2560,0.2752,-0.4694,0.03182,-0.00352,0.01175,-5.00,0.00,0.00,39.0,125.59,634.74,263.42,DESCEND
7.8824,0.2260,0.2152,-0.5394,0.02582,-0.00452,0.01675,-5.00,0.00,0.00,39.1,125.59,634.74,263.38,DESCEND
7.8926,0.1560,0.0852,-0.2894,0.01882,0.00047,0.01575,-5.00,0.00,0.00,39.1,125.59,634.74,263.32,DESCEND
7.9027,0.1060,0.1352,-0.1094,0.01282,0.00747,0.00775,-5.00,0.00,0.00,39.2,125.59,634.74,263.28,DESCEND
7.9128,0.0060,0.5252,-0.2594,0.01082,-0.00152,0.01575,-5.00,0.00,0.00,39.2,125.59,634.75,263.22,DESCEND
7.9229,0.1960,0.2952,-0.4894,0.01882,0.00347,0.01375,-5.00,0.00,0.00,39.3,125.59,634.75,263.16,DESCEND
7.9330,0.4360,0.0652,-0.3394,0.02782,-0.00152,0.00775,-5.00,0.00,0.00,39.3,125.59,634.75,263.12,DESCEND
7.9431,0.0960,-0.0247,0.2605,0.01282,-0.00252,0.01175,-5.00,0.00,0.00,39.4,125.59,634.75,263.06,DESCEND
7.9532,0.1760,0.0152,-0.1194,0.02382,0.00547,0.01175,-5.00,0.00,0.00,39.4,125.59,634.75,263.02,DESCEND
7.9634,-0.0139,0.2252,-0.0794,0.00682,0.00447,0.01175,-5.00,0.00,0.00,39.5,125.59,634.76,262.96,DESCEND
7.9735,0.1660,0.1652,-0.3694,0.00882,0.00347,0.01075,-5.00,0.00,0.00,39.5,125.59,634.76,262.92,DESCEND
7.9836,0.0360,0.4752,-0.3594,0.00682,-0.00452,0.01475,-5.00,0.00,0.00,39.6,125.59,634.76,262.86,DESCEND
7.9937,0.0860,0.2052,-0.1694,0.02982,-0.00252,0.01375,-5.00,0.00,0.00,39.6,125.59,634.76,262.82,DESCEND
8.0038,0.3460,-0.0447,-0.1194,0.04382,0.01047,0.01175,-5.00,0.00,0.00,39.7,125.59,634.76,262.76,DESCEND
8.0140,0.0260,0.1552,-0.1994,0.00882,-0.00752,0.01675,-5.00,0.00,0.00,39.7,125.59,634.76,262.72,DESCEND
8.0241,-0.1639,0.4352,0.0205,0.00782,0.00847,0.01175,-5.00,0.00,0.00,39.8,125.59,634.77,262.66,DESCEND
8.0342,0.1660,0.2352,-0.4294,0.02082,-0.00552,0.01775,-5.00,0.00,0.00,39.8,125.59,634.77,262.62,DESCEND
8.0443,-0.0539,0.3052,-0.2494,0.01882,-0.00152,0.01375,-5.00,0.00,0.00,39.9,125.59,634.77,262.56,DESCEND
8.0544,0.0760,0.3952,-0.1194,0.01282,0.00447,0.01175,-5.00,0.00,0.00,39.9,125.59,634.77,262.52,DESCEND
8.0645,0.1560,0.1152,-0.2694,0.01782,0.00247,0.01375,-5.00,0.00,0.00,40.0,125.59,634.77,262.46,DESCEND
8.0746,0.0660,0.1652,-0.2894,0.00582,-0.00152,0.01475,-5.00,0.00,0.00,40.0,125.59,634.78,262.40,DESCEND
8.0847,-0.1239,0.6152,-0.4294,-0.00117,-0.00152,0.01575,-5.00,0.00,0.00,40.1,125.59,634.78,262.36,DESCEND
8.0949,0.1260,0.3852,-0.3594,0.01882,0.00847,0.01275,-5.00,0.00,0.00,40.1,125.59,634.78,262.30,DESCEND
8.1050,-0.0039,0.3052,-0.2894,0.00682,-0.00252,0.01175,-5.00,0.00,0.00,40.2,125.59,634.78,262.26,DESCEND
8.1151,0.1360,0.3352,-0.1194,0.00882,-0.00852,0.01475,-5.00,0.00,0.00,40.2,125.59,634.78,262.20,DESCEND
8.1252,-0.0939,0.1652,-0.1294,0.00682,0.00147,0.01175,-5.00,0.00,0.00,40.3,125.59,634.79,262.16,DESCEND
8.1353,0.0960,0.1052,-0.1094,0.03882,0.01347,0.01175,-5.00,0.00,0.00,40.3,125.59,634.79,262.10,DESCEND
8.1454,0.1760,-0.3247,0.0905,0.03582,0.02047,0.01175,-5.00,0.00,0.00,40.4,125.59,634.79,262.06,DESCEND
8.1555,0.1560,0.3252,-0.2394,0.01082,-0.00552,0.01475,-5.00,0.00,0.00,40.4,125.59,634.79,262.00,DESCEND
8.1658,-0.1239,0.1152,-0.1494,0.00582,0.00447,0.01375,-5.00,0.00,0.00,40.5,125.59,634.79,261.96,DESCEND
8.1759,0.0260,0.3052,-0.2794,0.01782,-0.00252,0.01575,-5.00,0.00,0.00,40.5,125.59,634.79,261.90,DESCEND
8.1861,0.0660,0.4452,-0.5394,-0.01117,-0.02052,0.01375,-5.00,0.00,0.00,40.6,125.59,634.80,261.86,DESCEND
8.1962,0.1760,0.1652,-0.3294,0.02482,0.00247,0.01375,-5.00,0.00,0.00,40.6,125.59,634.80,261.80,DESCEND
8.2063,0.0860,0.1252,-0.3594,0.01082,-0.00652,0.01475,-5.00,0.00,0.00,40.7,125.59,634.80,261.76,DESCEND
8.2164,0.0560,0.2252,-0.3094,0.01082,-0.00152,0.01475,-5.00,0.00,0.00,40.7,125.59,634.80,261.70,DESCEND
8.2265,-0.0539,0.3752,-0.1994,0.01482,0.00547,0.01375,-5.00,0.00,0.00,40.8,125.59,634.80,261.66,DESCEND
8.2367,-0.1739,0.2852,-0.2394,-0.01717,-0.01352,0.01575,-5.00,0.00,0.00,40.8,125.59,634.81,261.60,DESCEND
8.2468,0.2360,0.1752,-0.1594,0.01382,0.00047,0.01075,-5.00,0.00,0.00,40.9,125.59,634.81,261.54,DESCEND
8.2569,0.0760,0.1452,-0.0694,0.02182,0.01147,0.00975,-5.00,0.00,0.00,40.9,125.59,634.81,261.50,DESCEND
8.2671,0.0060,0.3552,-0.1194,-0.00517,-0.01152,0.01475,-5.00,0.00,0.00,41.0,125.59,634.81,261.44,DESCEND
8.2772,0.0060,0.2352,-0.0094,0.02782,0.01447,0.01475,-5.00,0.00,0.00,41.0,125.59,634.81,261.40,DESCEND
8.2873,0.1560,0.1152,0.0505,0.02182,0.00447,0.01475,-5.00,0.00,0.00,41.1,125.59,634.82,261.34,DESCEND
8.2975,0.2460,-0.0347,-0.1994,0.03182,0.00547,0.00975,-5.00,0.00,0.00,41.1,125.59,634.82,261.30,DESCEND
8.3076,0.2160,0.2152,-0.2694,0.01882,-0.00552,0.01375,-5.00,0.00,0.00,41.2,125.59,634.82,261.24,DESCEND
8.3177,0.1860,0.1452,-0.4494,0.01882,-0.00952,0.01275,-5.00,0.00,0.00,41.2,125.59,634.82,261.20,DESCEND
8.3278,0.1460,0.0352,0.0205,0.01782,-0.00252,0.00975,-5.00,0.00,0.00,41.3,125.59,634.82,261.14,DESCEND
8.3379,-0.0639,0.2552,-0.1494,0.01382,0.01347,0.01475,-5.00,0.00,0.00,41.3,125.59,634.82,261.10,DESCEND
8.3481,0.1160,0.1852,-0.2294,0.01982,0.01247,0.01275,-5.00,0.00,0.00,41.4,125.59,634.83,261.04,DESCEND
8.3582,-0.0939,0.1752,-0.1094,0.00882,0.01047,0.00975,-5.00,0.00,0.00,41.4,125.59,634.83,261.00,DESCEND
8.3683,0.1560,0.1552,-0.0794,0.02282,0.00147,0.01275,-5.00,0.00,0.00,41.5,125.59,634.83,260.94,DESCEND
8.3784,-0.0239,0.1352,0.0805,0.02982,0.01847,0.01175,-5.00,0.00,0.00,41.5,125.59,634.83,260.90,DESCEND
8.3885,0.3060,0.3752,-0.2194,0.03582,0.00447,0.01475,-5.00,0.00,0.00,41.6,125.59,634.83,260.84,DESCEND
8.3987,0.1360,-0.0547,-0.1894,0.01482,0.00047,0.00975,-5.00,0.00,0.00,41.7,125.59,634.84,260.78,DESCEND
8.4088,0.3060,0.3952,-0.4494,0.02782,0.01647,0.01375,-5.00,0.00,0.00,41.7,125.59,634.84,260.74,DESCEND
8.4189,-0.0439,0.0152,-0.0894,0.00282,0.01147,0.01275,-5.00,0.00,0.00,41.8,125.59,634.84,260.68,DESCEND
8.4291,0.2360,-0.0247,-0.1794,0.02382,0.01847,0.00875,-5.00,0.00,0.00,41.8,125.59,634.84,260.64,DESCEND
8.4392,0.2760,0.1152,-0.0694,0.02082,0.03447,0.00575,-5.00,0.00,0.00,41.9,125.59,634.84,260.58,DESCEND
8.4493,0.0160,0.1652,-0.2994,0.00282,0.01947,0.00875,-5.00,0.00,0.00,41.9,125.59,634.85,260.54,DESCEND
8.4594,0.3160,-0.0547,0.1205,0.02982,0.03247,0.00675,-5.00,0.00,0.00,42.0,125.59,634.85,260.48,DESCEND
8.4695,0.3960,-0.0747,-0.2794,0.02882,0.02847,0.00775,-5.00,0.00,0.00,42.0,125.59,634.85,260.44,DESCEND
8.4796,0.3060,-0.0247,-0.0994,0.01382,0.03247,0.00275,-5.00,0.00,0.00,42.1,125.59,634.85,260.38,DESCEND
8.4897,0.4560,0.4952,-0.1394,0.02482,0.03547,0.00475,-5.00,0.00,0.00,42.1,125.59,634.85,260.34,DESCEND
8.4999,0.3060,-0.1447,-0.1294,0.02282,0.04647,0.00375,-5.00,0.00,0.00,42.2,125.60,634.85,260.28,DESCEND
8.5100,0.4660,0.2752,-0.2894,0.01482,0.03347,0.00575,-5.00,0.00,0.00,42.2,125.60,634.86,260.24,DESCEND
8.5201,0.2760,0.3352,-0.0494,0.03382,0.05447,0.00475,-5.00,0.00,0.00,42.3,125.60,634.86,260.18,DESCEND
8.5302,0.3460,0.1652,-0.1494,0.01482,0.05047,0.00075,-5.00,0.00,0.00,42.3,125.60,634.86,260.14,DESCEND
8.5403,0.3060,0.2652,0.0105,0.01582,0.05247,0.00375,-5.00,0.00,0.00,42.4,125.60,634.86,260.08,DESCEND
8.5504,0.5660,0.2052,-0.3894,0.00782,0.03947,0.00275,-5.00,0.00,0.00,42.4,125.60,634.86,260.04,DESCEND
8.5606,0.4260,0.2552,-0.1094,0.02482,0.05047,0.00675,-5.00,0.00,0.00,42.5,125.60,634.87,259.98,DESCEND
8.5707,0.6360,0.1652,0.0505,0.03082,0.06247,-0.00124,-5.00,0.00,0.00,42.5,125.60,634.87,259.92,DESCEND
8.5808,0.4460,0.1352,0.1705,0.01882,0.07047,-0.00124,-5.00,0.00,0.00,42.6,125.60,634.87,259.88,DESCEND
8.5909,0.4660,-0.0047,-0.0394,0.02882,0.07447,0.00075,-5.00,0.00,0.00,42.6,125.60,634.87,259.82,DESCEND
8.6010,0.5560,0.5752,-0.2894,0.03482,0.06247,0.00375,-5.00,0.00,0.00,42.7,125.60,634.87,259.78,DESCEND
8.6111,0.4860,0.2352,-0.3194,0.02082,0.06447,-0.00124,-5.00,0.00,0.00,42.7,125.60,634.88,259.72,DESCEND
8.6212,0.4260,0.1652,0.2005,0.01982,0.07747,-0.00024,-5.00,0.00,0.00,42.8,125.60,634.88,259.68,DESCEND
8.6313,0.4860,0.2352,-0.0594,0.01382,0.06847,0.00075,-5.00,0.00,0.00,42.8,125.60,634.88,259.62,DESCEND
8.6414,0.5760,0.3052,-0.1294,0.01582,0.06847,-0.00124,-5.00,0.00,0.00,42.9,125.60,634.88,259.58,DESCEND
8.6516,0.4560,-0.0847,0.3005,0.02382,0.08747,-0.00624,-5.00,0.00,0.00,42.9,125.60,634.88,259.52,DESCEND
8.6617,0.7860,0.1552,0.0305,0.01882,0.07347,-0.00124,-5.00,0.00,0.00,43.0,125.60,634.88,259.48,DESCEND
8.6718,0.8160,0.4552,-0.2294,0.03682,0.07447,-0.00124,-5.00,0.00,0.00,43.0,125.60,634.89,259.42,DESCEND
8.6819,0.5060,0.2152,0.0505,0.03382,0.09647,-0.00624,-5.00,0.00,0.00,43.1,125.60,634.89,259.38,DESCEND
8.6920,0.9260,0.1952,-0.1294,0.04682,0.08247,-0.00524,-5.00,0.00,0.00,43.1,125.60,634.89,259.32,DESCEND
8.7021,0.5460,0.1052,0.1505,0.03082,0.09647,-0.00624,-5.00,0.00,0.00,43.2,125.60,634.89,259.28,DESCEND
8.7122,0.7060,0.2152,0.0505,0.01882,0.09047,-0.00624,-5.00,0.00,0.00,43.2,125.60,634.89,259.22,DESCEND
8.7224,0.5360,0.4452,-0.1894,0.00582,0.09647,-0.00324,-5.00,0.00,0.00,43.3,125.60,634.90,259.18,DESCEND
8.7325,0.7660,0.2752,-0.2094,0.02282,0.08547,-0.00524,-5.00,0.00,0.00,43.3,125.60,634.90,259.12,DESCEND
8.7426,0.5260,0.1852,0.1105,0.03982,0.11547,-0.00624,-5.00,0.00,0.00,43.4,125.60,634.90,259.06,DESCEND
8.7527,0.7160,0.1752,0.1005,0.01882,0.09747,-0.00624,-5.00,0.00,0.00,43.4,125.60,634.90,259.02,DESCEND
8.7628,0.7860,0.2452,-0.0094,0.02482,0.09747,-0.00524,-5.00,0.00,0.00,43.5,125.60,634.90,258.96,DESCEND
8.7729,0.7960,0.3852,-0.3194,0.03382,0.10247,-0.00724,-5.00,0.00,0.00,43.5,125.60,634.91,258.92,DESCEND
8.7830,0.7960,0.1652,0.0905,0.01882,0.10647,-0.01124,-5.00,0.00,0.00,43.6,125.60,634.91,258.86,DESCEND
8.7931,0.5760,0.1752,0.1505,0.01882,0.12147,-0.01024,-5.00,0.00,0.00,43.6,125.60,634.91,258.82,DESCEND
8.8032,0.8360,-0.0447,-0.1494,0.02882,0.10847,-0.01124,-5.00,0.00,0.00,43.7,125.60,634.91,258.76,DESCEND
8.8134,0.9760,0.1452,0.1205,0.02182,0.10947,-0.01124,-5.00,0.00,0.00,43.7,125.60,634.91,258.72,DESCEND
8.8235,0.6760,0.5452,-0.2394,0.00982,0.10747,-0.00824,-5.00,0.00,0.00,43.8,125.60,634.91,258.66,DESCEND
8.8336,0.7160,0.6252,-0.1894,0.02982,0.12447,-0.00824,-5.00,0.00,0.00,43.8,125.60,634.92,258.62,DESCEND
8.8437,0.7960,0.1752,0.0705,0.02082,0.11547,-0.01024,-5.00,0.00,0.00,43.9,125.60,634.92,258.56,DESCEND
8.8538,0.7460,0.1752,-0.3194,0.01882,0.11047,-0.01124,-5.00,0.00,0.00,43.9,125.60,634.92,258.52,DESCEND
8.8639,0.7160,0.4052,-0.1294,0.00482,0.11847,-0.01024,-5.00,0.00,0.00,44.0,125.60,634.92,258.46,DESCEND
8.8740,0.8860,-0.2547,0.2505,0.04482,0.13047,-0.01424,-5.00,0.00,0.00,44.0,125.60,634.92,258.42,DESCEND
8.8841,1.0460,-0.0947,0.3205,0.04282,0.13347,-0.01324,-5.00,0.00,0.00,44.1,125.60,634.93,258.36,DESCEND
8.8942,0.8060,0.3752,-0.0994,0.03282,0.12547,-0.01124,-5.00,0.00,0.00,44.1,125.60,634.93,258.32,DESCEND
8.9043,1.1260,0.3652,-0.1994,0.02782,0.12247,-0.01124,-5.00,0.00,0.00,44.2,125.60,634.93,258.26,DESCEND
8.9144,1.0560,0.2152,-0.0894,0.04082,0.12647,-0.01324,-5.00,0.00,0.00,44.2,125.60,634.93,258.20,SEARCH_Y
8.9245,0.9160,0.0652,0.2005,0.02382,0.13247,-0.01124,0.00,-3.00,0.00,44.3,125.60,634.93,258.16,SEARCH_Y
8.9346,0.8360,0.3252,-0.1894,0.03182,0.13047,-0.01124,0.00,-3.00,0.00,44.3,125.60,634.94,258.10,SEARCH_Y
8.9447,0.7260,0.4052,-0.0694,0.01182,0.12747,-0.01224,0.00,-3.00,0.00,44.4,125.60,634.94,258.06,SEARCH_Y
8.9548,0.8860,0.4652,-0.2194,0.03782,0.14247,-0.01524,0.00,-3.00,0.00,44.4,125.59,634.94,258.01,SEARCH_Y
8.9650,1.0660,0.1552,-0.0894,0.00682,0.12647,-0.01624,0.00,-3.00,0.00,44.5,125.59,634.94,257.98,SEARCH_Y
8.9751,1.1860,0.2352,-0.1694,0.04582,0.15547,-0.02124,0.00,-3.00,0.00,44.5,125.58,634.94,257.94,SEARCH_Y
8.9852,1.0260,0.0852,-0.0994,0.04182,0.15547,-0.01924,0.00,-3.00,0.00,44.5,125.57,634.94,257.91,SEARCH_Y
8.9952,0.7960,-0.1247,-0.1094,0.02882,0.17247,-0.02424,0.00,-3.00,0.00,44.6,125.56,634.94,257.87,SEARCH_Y
9.0053,0.8860,0.7152,-0.3094,0.00382,0.15347,-0.02224,0.00,-3.00,0.00,44.6,125.55,634.94,257.85,SEARCH_Y
9.0154,1.1260,0.2152,-0.1894,0.00482,0.14547,-0.02624,0.00,-3.00,0.00,44.6,125.53,634.94,257.82,SEARCH_Y
9.0255,1.1960,0.2752,-0.0994,0.03082,0.16847,-0.02824,0.00,-3.00,0.00,44.6,125.52,634.94,257.80,SEARCH_Y
9.0356,1.1560,0.3052,-0.3494,0.03182,0.16947,-0.02624,0.00,-3.00,0.00,44.7,125.49,634.94,257.78,SEARCH_Y
9.0457,1.2460,-0.1047,0.0205,0.04382,0.17547,-0.03424,0.00,-3.00,0.00,44.7,125.48,634.94,257.77,SEARCH_Y
9.0558,1.1060,0.3052,-0.2794,0.02482,0.17047,-0.02724,0.00,-3.00,0.00,44.7,125.45,634.94,257.75,SEARCH_Y
9.0660,0.9560,0.2352,-0.3094,0.02382,0.18247,-0.03124,0.00,-3.00,0.00,44.7,125.43,634.94,257.75,SEARCH_Y
9.0761,1.1960,0.4052,-0.4194,0.03282,0.17847,-0.02924,0.00,-3.00,0.00,44.7,125.40,634.94,257.74,SEARCH_Y
9.0862,1.1360,0.2052,0.1105,0.04582,0.20247,-0.03324,0.00,-3.00,0.00,44.7,125.38,634.94,257.74,SEARCH_Y
9.0963,1.1360,0.4052,-0.1594,0.02382,0.18247,-0.03424,0.00,-3.00,0.00,44.7,125.34,634.94,257.74,SEARCH_Y
9.1064,1.0260,0.4152,0.0305,0.04982,0.19947,-0.03124,0.00,-3.00,0.00,44.7,125.32,634.94,257.74,SEARCH_Y
9.1165,1.3060,0.0552,0.0905,0.05182,0.19047,-0.03224,0.00,-3.00,0.00,44.7,125.28,634.94,257.74,SEARCH_Y
9.1267,0.9760,0.4552,-0.2394,0.01182,0.17847,-0.02724,0.00,-3.00,0.00,44.7,125.24,634.94,257.74,SEARCH_Y
9.1400,1.0660,0.6852,-0.1894,0.05382,0.19747,-0.02524,0.00,-3.00,0.00,44.7,125.21,634.94,257.74,SEARCH_Y
9.1501,1.0260,0.0952,0.0405,0.04482,0.19247,-0.03024,0.00,-3.00,0.00,44.7,125.18,634.94,257.74,SEARCH_Y
9.1602,1.2060,0.1552,-0.0794,0.02882,0.17947,-0.02824,0.00,-3.00,0.00,44.7,125.15,634.94,257.74,SEARCH_Y
9.1703,1.0960,0.3152,-0.2394,0.03182,0.18647,-0.02924,0.00,-3.00,0.00,44.7,125.11,634.93,257.74,SEARCH_Y
9.1804,1.0860,0.4952,-0.1094,0.01482,0.18047,-0.03224,0.00,-3.00,0.00,44.7,125.09,634.93,257.74,SEARCH_Y
9.1905,0.9560,0.5352,-0.2394,0.00382,0.18147,-0.03024,0.00,-3.00,0.00,44.7,125.05,634.93,257.74,SEARCH_Y
9.2006,1.2860,0.3252,0.0205,0.02082,0.20047,-0.03324,0.00,-3.00,0.00,44.7,125.03,634.93,257.73,SEARCH_Y
9.2108,1.1260,0.5552,-0.1594,-0.00717,0.17047,-0.03024,0.00,-3.00,0.00,44.7,124.99,634.93,257.73,SEARCH_Y
9.2209,1.1260,0.7052,-0.5694,0.00682,0.16747,-0.02724,0.00,-3.00,0.00,44.7,124.97,634.93,257.73,SEARCH_Y
9.2310,1.2460,-0.0747,-0.0494,0.01582,0.17847,-0.03424,0.00,-3.00,0.00,44.7,124.93,634.93,257.73,SEARCH_Y
9.2411,1.2060,0.6352,-0.5494,0.02082,0.17747,-0.02924,0.00,-3.00,0.00,44.7,124.91,634.93,257.73,SEARCH_Y
9.2512,1.1060,0.3952,-0.1994,0.00982,0.16847,-0.03324,0.00,-3.00,0.00,44.7,124.87,634.93,257.73,SEARCH_Y
9.2613,1.0860,0.3852,0.0105,0.02982,0.19647,-0.03524,0.00,-3.00,0.00,44.7,124.85,634.93,257.73,SEARCH_Y
9.2714,1.2060,0.2852,-0.2594,0.00082,0.17247,-0.03024,0.00,-3.00,0.00,44.7,124.81,634.93,257.73,SEARCH_Y
9.2815,1.1860,0.3452,0.1105,0.01282,0.18947,-0.03224,0.00,-3.00,0.00,44.7,124.79,634.92,257.73,SEARCH_Y
9.2916,1.1260,0.2652,-0.1094,0.01282,0.17647,-0.03124,0.00,-3.00,0.00,44.7,124.75,634.92,257.73,SEARCH_Y
9.3017,1.0860,0.1852,0.1605,0.01282,0.18247,-0.03224,0.00,-3.00,0.00,44.7,124.73,634.92,257.73,SEARCH_Y
9.3118,1.1460,0.5552,-0.3994,0.00582,0.18247,-0.02724,0.00,-3.00,0.00,44.7,124.69,634.92,257.73,SEARCH_Y
9.3219,1.1960,0.4552,-0.1894,0.01882,0.19347,-0.03024,0.00,-3.00,0.00,44.7,124.67,634.92,257.73,SEARCH_Y
9.3321,1.3060,0.7152,-0.3794,0.01882,0.18247,-0.02824,0.00,-3.00,0.00,44.7,124.63,634.92,257.73,SEARCH_Y
9.3422,1.1860,0.5652,-0.1894,0.00882,0.18247,-0.03224,0.00,-3.00,0.00,44.7,124.61,634.92,257.73,SEARCH_Y
9.3523,1.1460,0.4252,-0.2494,0.01182,0.19447,-0.03724,0.00,-3.00,0.00,44.7,124.57,634.92,257.73,SEARCH_Y
9.3624,1.2660,0.4752,-0.2394,0.02382,0.18747,-0.03524,0.00,-3.00,0.00,44.7,124.53,634.92,257.73,SEARCH_Y
9.3725,1.2960,-0.0247,0.3305,0.02482,0.19547,-0.03724,0.00,-3.00,0.00,44.7,124.51,634.92,257.73,SEARCH_Y
9.3826,1.3260,0.6252,-0.3994,0.00582,0.17147,-0.03324,0.00,-3.00,0.00,44.7,124.47,634.92,257.73,SEARCH_Y
9.3928,1.3660,0.3052,0.1505,0.03182,0.19847,-0.03624,0.00,-3.00,0.00,44.7,124.45,634.92,257.73,SEARCH_Y
9.4029,1.2560,0.5352,-0.2594,0.01082,0.18047,-0.03324,0.00,-3.00,0.00,44.7,124.41,634.91,257.73,SEARCH_Y
9.4130,1.1660,0.1852,-0.0094,0.00682,0.18447,-0.03624,0.00,-3.00,0.00,44.7,124.39,634.91,257.73,SEARCH_Y
9.4231,1.1560,0.6152,-0.3294,-0.00017,0.17647,-0.02924,0.00,-3.00,0.00,44.7,124.35,634.91,257.73,SEARCH_Y
9.4332,1.2360,0.0652,0.1605,0.02282,0.19547,-0.03524,0.00,-3.00,0.00,44.7,124.33,634.91,257.73,SEARCH_Y
9.4433,1.4360,0.1752,0.1105,0.01882,0.18447,-0.03224,0.00,-3.00,0.00,44.7,124.29,634.91,257.73,SEARCH_Y
9.4534,0.9960,0.2852,-0.0994,-0.00417,0.17647,-0.03124,0.00,-3.00,0.00,44.7,124.27,634.91,257.73,SEARCH_Y
9.4635,1.2560,0.5652,-0.4894,0.00582,0.17047,-0.03124,0.00,-3.00,0.00,44.7,124.23,634.91,257.73,SEARCH_Y
9.4736,1.3660,0.1752,-0.1494,0.01082,0.17047,-0.03624,0.00,-3.00,0.00,44.7,124.21,634.91,257.73,SEARCH_Y
9.4837,1.3760,0.3352,-0.1794,0.01482,0.17547,-0.03224,0.00,-3.00,0.00,44.7,124.17,634.91,257.73,SEARCH_Y
9.4937,1.1960,0.3452,-0.1194,0.01782,0.17547,-0.03024,0.00,-3.00,0.00,44.7,124.15,634.91,257.73,SEARCH_Y
9.5039,0.9160,0.3652,-0.1794,-0.01317,0.17147,-0.02624,0.00,-3.00,0.00,44.7,124.11,634.91,257.73,SEARCH_Y
9.5140,1.2260,0.2352,0.0505,0.00082,0.16347,-0.03224,0.00,-3.00,0.00,44.7,124.09,634.90,257.73,SEARCH_Y
9.5241,1.1660,0.4952,-0.1794,0.02182,0.17847,-0.02624,0.00,-3.00,0.00,44.7,124.05,634.90,257.73,SEARCH_Y
9.5342,1.0260,0.5752,-0.1294,0.00882,0.16947,-0.02624,0.00,-3.00,0.00,44.7,124.02,634.90,257.73,SEARCH_Y
9.5443,1.1460,0.1652,0.1705,0.01882,0.18547,-0.03124,0.00,-3.00,0.00,44.7,123.99,634.90,257.73,SEARCH_Y
9.5544,1.0560,0.4452,-0.3194,-0.00117,0.16547,-0.03024,0.00,-3.00,0.00,44.7,123.96,634.90,257.73,SEARCH_Y
9.5645,0.9560,0.6652,-0.0194,0.01682,0.17747,-0.02824,0.00,-3.00,0.00,44.7,123.93,634.90,257.73,SEARCH_Y
9.5746,1.3460,0.4352,-0.1294,0.01882,0.16347,-0.03124,0.00,-3.00,0.00,44.7,123.90,634.90,257.73,SEARCH_Y
9.5847,1.0760,0.5752,-0.0894,0.00382,0.16747,-0.03124,0.00,-3.00,0.00,44.7,123.87,634.90,257.73,SEARCH_Y
9.5949,1.1360,0.3052,-0.0294,0.00282,0.15947,-0.03124,0.00,-3.00,0.00,44.7,123.83,634.90,257.73,SEARCH_Y
9.6050,1.0660,0.3452,-0.0794,0.00082,0.16047,-0.03024,0.00,-3.00,0.00,44.7,123.81,634.90,257.73,SEARCH_Y
9.6151,1.1860,0.0052,0.3305,0.02282,0.18147,-0.03324,0.00,-3.00,0.00,44.7,123.77,634.90,257.73,SEARCH_Y
9.6252,1.1860,0.2252,-0.1894,0.02082,0.16147,-0.02924,0.00,-3.00,0.00,44.7,123.75,634.90,257.73,SEARCH_Y
9.6353,1.1660,0.2952,-0.0494,0.00782,0.16047,-0.03024,0.00,-3.00,0.00,44.7,123.71,634.89,257.73,SEARCH_Y
9.6454,0.9960,0.4152,-0.5594,0.00582,0.15747,-0.02824,0.00,-3.00,0.00,44.7,123.69,634.89,257.73,SEARCH_Y
9.6555,0.9960,0.2552,-0.4094,0.01082,0.16347,-0.03224,0.00,-3.00,0.00,44.7,123.65,634.89,257.73,SEARCH_Y
9.6657,1.1560,0.2552,-0.0894,0.03082,0.16447,-0.03024,0.00,-3.00,0.00,44.7,123.63,634.89,257.73,SEARCH_Y
9.6758,1.0560,0.4252,0.0305,0.01182,0.16747,-0.03024,0.00,-3.00,0.00,44.7,123.59,634.89,257.73,SEARCH_Y
9.6859,1.1560,0.3852,-0.2194,0.02082,0.15947,-0.02924,0.00,-3.00,0.00,44.7,123.57,634.89,257.73,SEARCH_Y
9.6960,1.1860,0.2652,-0.2894,0.02182,0.16347,-0.02724,0.00,-3.00,0.00,44.7,123.53,634.89,257.73,SEARCH_Y
9.7062,1.2060,0.5552,-0.4694,0.01782,0.16047,-0.02824,0.00,-3.00,0.00,44.8,123.50,634.89,257.73,SEARCH_Y
9.7163,1.0660,0.3852,-0.1994,0.01882,0.16347,-0.02424,0.00,-3.00,0.00,44.8,123.47,634.89,257.73,SEARCH_Y
9.7263,1.1760,0.6952,-0.7394,-0.00217,0.14247,-0.02524,0.00,-3.00,0.00,44.8,123.44,634.89,257.73,SEARCH_Y
9.7365,0.9360,0.7952,-0.3694,0.00682,0.17247,-0.02724,0.00,-3.00,0.00,44.8,123.41,634.89,257.73,SEARCH_Y
9.7466,1.0060,0.2852,-0.1594,0.01282,0.16747,-0.02624,0.00,-3.00,0.00,44.8,123.38,634.88,257.73,SEARCH_Y
9.7567,0.9960,0.7852,-0.4794,0.00682,0.15547,-0.02424,0.00,-3.00,0.00,44.8,123.35,634.88,257.73,SEARCH_Y
9.7668,1.1060,0.3252,0.1905,0.01182,0.16047,-0.02724,0.00,-3.00,0.00,44.8,123.32,634.88,257.73,SEARCH_Y
9.7769,1.0560,0.3752,-0.1794,0.01182,0.15747,-0.02624,0.00,-3.00,0.00,44.8,123.29,634.88,257.73,SEARCH_Y
9.7871,1.1360,0.5752,-0.3194,0.00982,0.15247,-0.02824,0.00,-3.00,0.00,44.8,123.26,634.88,257.73,SEARCH_Y
9.7972,1.0960,0.5052,-0.3894,0.02182,0.15747,-0.02524,0.00,-3.00,0.00,44.8,123.23,634.88,257.73,SEARCH_Y
9.8073,1.0760,0.4052,-0.3794,0.01082,0.16047,-0.02724,0.00,-3.00,0.00,44.8,123.20,634.88,257.73,SEARCH_Y
9.8174,1.0460,0.4952,-0.3894,0.00782,0.15947,-0.02624,0.00,-3.00,0.00,44.8,123.17,634.88,257.73,SEARCH_Y
9.8275,0.8360,0.4552,-0.2394,-0.00017,0.15947,-0.02224,0.00,-3.00,0.00,44.8,123.14,634.88,257.73,SEARCH_Y
9.8376,0.9560,0.0252,0.1005,0.00582,0.16147,-0.03024,0.00,-3.00,0.00,44.8,123.11,634.88,257.73,SEARCH_Y
9.8478,0.9760,0.5352,-0.4394,0.00482,0.15147,-0.02424,0.00,-3.00,0.00,44.8,123.08,634.88,257.73,SEARCH_Y
9.8579,1.0860,0.3352,-0.3994,0.00482,0.15247,-0.02924,0.00,-3.00,0.00,44.8,123.05,634.88,257.73,SEARCH_Y
9.8680,1.0760,0.0252,0.2305,0.00282,0.16347,-0.03024,0.00,-3.00,0.00,44.8,123.02,634.87,257.72,SEARCH_Y
9.8781,1.1160,0.6952,-0.3694,0.00982,0.14747,-0.02324,0.00,-3.00,0.00,44.8,122.98,634.87,257.72,SEARCH_Y
9.8882,1.1560,0.1352,0.0105,0.01382,0.14847,-0.02524,0.00,-3.00,0.00,44.8,122.96,634.87,257.72,SEARCH_Y
9.8983,1.0360,0.4652,-0.0694,0.01582,0.16347,-0.02524,0.00,-3.00,0.00,44.8,122.92,634.87,257.72,SEARCH_Y
9.9085,1.1260,0.1552,0.0505,0.02882,0.16447,-0.02924,0.00,-3.00,0.00,44.8,122.90,634.87,257.72,SEARCH_Y
9.9186,0.9660,0.3652,-0.0694,0.01082,0.17047,-0.02524,0.00,-3.00,0.00,44.8,122.86,634.87,257.72,SEARCH_Y
9.9287,0.9760,0.3352,-0.5894,0.01682,0.15647,-0.02924,0.00,-3.00,0.00,44.8,122.84,634.87,257.72,SEARCH_Y
9.9388,1.1060,0.2652,-0.5794,0.02282,0.15547,-0.02724,0.00,-3.00,0.00,44.8,122.80,634.87,257.72,SEARCH_Y
9.9489,0.9260,0.4252,-0.1294,0.00982,0.16447,-0.02924,0.00,-3.00,0.00,44.8,122.78,634.87,257.72,SEARCH_Y
9.9590,1.1460,0.0552,-0.0994,0.00582,0.15447,-0.02924,0.00,-3.00,0.00,44.8,122.74,634.87,257.72,SEARCH_Y
9.9692,1.2760,0.5052,-0.5694,0.02182,0.15247,-0.02924,0.00,-3.00,0.00,44.8,122.71,634.87,257.72,SEARCH_Y
9.9793,0.7660,0.2352,-0.1794,-0.00217,0.16447,-0.03024,0.00,-3.00,0.00,44.8,122.68,634.86,257.72,SEARCH_Y
9.9893,1.1860,0.0652,0.1305,0.01282,0.15647,-0.02724,0.00,-3.00,0.00,44.8,122.65,634.86,257.72,SEARCH_Y
9.9995,0.9960,0.2952,0.0205,0.00682,0.16147,-0.02624,0.00,-3.00,0.00,44.8,122.62,634.86,257.72,SEARCH_Y
10.0096,0.9660,0.2652,-0.0394,0.01682,0.15947,-0.02524,0.00,-3.00,0.00,44.8,122.59,634.86,257.72,SEARCH_Y
10.0197,1.2360,-0.0447,-0.1194,0.01582,0.14747,-0.02824,0.00,-3.00,0.00,44.8,122.56,634.86,257.72,SEARCH_Y
10.0298,0.9060,0.2152,0.0105,-0.00617,0.14647,-0.02824,0.00,-3.00,0.00,44.8,122.53,634.86,257.72,SEARCH_Y
10.0399,1.0660,0.5952,-0.3694,0.00582,0.14947,-0.02524,0.00,-3.00,0.00,44.8,122.50,634.86,257.72,SEARCH_Y
10.0500,1.1560,0.3852,-0.2994,0.00982,0.13947,-0.02424,0.00,-3.00,0.00,44.8,122.47,634.86,257.72,SEARCH_Y
10.0601,1.2860,0.0652,-0.1094,0.02682,0.15047,-0.02824,0.00,-3.00,0.00,44.8,122.44,634.86,257.72,SEARCH_Y
10.0703,1.1960,0.7652,-0.5594,0.01982,0.14347,-0.02524,0.00,-3.00,0.00,44.8,122.40,634.86,257.72,SEARCH_Y
10.0804,1.0760,0.2852,-0.0994,0.01482,0.15347,-0.02624,0.00,-3.00,0.00,44.8,122.38,634.86,257.72,SEARCH_Y
10.0905,1.1760,0.5252,-0.2394,0.01282,0.15147,-0.02424,0.00,-3.00,0.00,44.8,122.34,634.85,257.72,SEARCH_Y
10.1021,0.9360,0.3252,0.0105,0.00382,0.15647,-0.02924,0.00,-3.00,0.00,44.8,122.31,634.85,257.72,SEARCH_Y
10.1122,1.0760,0.1752,-0.0694,0.00282,0.14747,-0.02424,0.00,-3.00,0.00,44.8,122.28,634.85,257.72,SEARCH_Y
10.1223,1.0460,0.5652,-0.1594,0.00582,0.13647,-0.02324,0.00,-3.00,0.00,44.8,122.25,634.85,257.72,SEARCH_Y
10.1324,1.0560,0.4752,-0.2194,0.02082,0.16047,-0.02424,0.00,-3.00,0.00,44.8,122.22,634.85,257.72,SEARCH_Y
10.1425,1.0460,0.1452,0.2705,0.02382,0.16747,-0.02824,0.00,-3.00,0.00,44.8,122.19,634.85,257.72,SEARCH_Y
10.1527,0.8660,0.5052,0.1105,0.00082,0.15247,-0.02224,0.00,-3.00,0.00,44.8,122.16,634.85,257.72,SEARCH_Y
10.1628,1.0160,-0.0547,0.0205,0.02882,0.16547,-0.02724,0.00,-3.00,0.00,44.8,122.12,634.85,257.72,SEARCH_Y
10.1729,0.9960,0.2952,-0.0594,0.03582,0.16047,-0.02524,0.00,-3.00,0.00,44.8,122.10,634.85,257.72,SEARCH_Y
10.1830,0.9360,0.1652,-0.0394,0.02282,0.16447,-0.02624,0.00,-3.00,0.00,44.8,122.06,634.85,257.72,SEARCH_Y
10.1931,0.8960,0.2852,0.0005,0.00782,0.15647,-0.02724,0.00,-3.00,0.00,44.8,122.04,634.85,257.72,SEARCH_Y
10.2032,1.2160,0.2752,0.1405,0.00482,0.14147,-0.02424,0.00,-3.00,0.00,44.8,122.00,634.85,257.72,SEARCH_Y
10.2133,1.0560,0.3952,-0.2794,0.00682,0.14547,-0.02224,0.00,-3.00,0.00,44.8,121.98,634.84,257.72,SEARCH_Y
10.2234,1.0960,0.3352,0.0305,0.00882,0.15647,-0.02624,0.00,-3.00,0.00,44.9,121.94,634.84,257.72,SEARCH_Y
10.2336,1.1960,0.2952,0.0805,0.02682,0.16447,-0.03024,0.00,-3.00,0.00,44.9,121.92,634.84,257.72,SEARCH_Y
10.2437,0.9360,0.3852,0.0805,0.01582,0.16847,-0.02824,0.00,-3.00,0.00,44.9,121.88,634.84,257.72,SEARCH_Y
10.2538,1.0060,0.3552,-0.2794,0.01382,0.15747,-0.02424,0.00,-3.00,0.00,44.9,121.86,634.84,257.72,SEARCH_Y
10.2640,1.0460,0.3552,-0.2794,0.00682,0.14847,-0.02724,0.00,-3.00,0.00,44.9,121.82,634.84,257.72,SEARCH_Y
10.2741,0.9960,0.5052,-0.0894,0.01082,0.15647,-0.02324,0.00,-3.00,0.00,44.9,121.79,634.84,257.72,SEARCH_Y
10.2842,1.0060,0.2752,-0.1994,0.00882,0.14947,-0.02424,0.00,-3.00,0.00,44.9,121.76,634.84,257.72,SEARCH_Y
10.2943,1.1460,0.2252,-0.3394,0.00282,0.12847,-0.02424,0.00,-3.00,0.00,44.9,121.73,634.84,257.72,SEARCH_Y
10.3044,1.2160,0.2752,-0.1194,0.02382,0.14647,-0.02524,0.00,-3.00,0.00,44.9,121.70,634.84,257.72,SEARCH_Y
10.3145,1.1260,0.1052,0.3305,0.02982,0.16047,-0.02524,0.00,-3.00,0.00,44.9,121.67,634.84,257.72,SEARCH_Y
10.3247,0.9660,0.4252,-0.2494,-0.00317,0.14447,-0.02124,0.00,-3.00,0.00,44.9,121.64,634.83,257.72,SEARCH_Y
10.3348,1.0660,0.5752,-0.2494,0.01782,0.15347,-0.02224,0.00,-3.00,0.00,44.9,121.61,634.83,257.72,SEARCH_Y
10.3449,1.0560,0.4752,-0.1494,0.01482,0.15247,-0.02824,0.00,-3.00,0.00,44.9,121.58,634.83,257.72,SEARCH_Y
10.3550,1.0960,0.2952,-0.2094,0.01182,0.14647,-0.02224,0.00,-3.00,0.00,44.9,121.55,634.83,257.72,SEARCH_Y
10.3651,0.9960,0.3952,-0.3294,0.01382,0.14047,-0.02524,0.00,-3.00,0.00,44.9,121.52,634.83,257.72,SEARCH_Y
10.3753,0.9360,-0.0347,0.1305,0.04482,0.17347,-0.02624,0.00,-3.00,0.00,44.9,121.49,634.83,257.72,SEARCH_Y
10.3854,0.8660,0.3352,-0.3694,0.00182,0.14347,-0.02124,0.00,-3.00,0.00,44.9,121.46,634.83,257.72,SEARCH_Y
10.3955,0.9560,0.4652,-0.2794,0.01882,0.15947,-0.02424,0.00,-3.00,0.00,44.9,121.43,634.83,257.72,SEARCH_Y
10.4056,0.8360,0.2552,-0.2794,0.00582,0.14147,-0.02524,0.00,-3.00,0.00,44.9,121.40,634.83,257.72,SEARCH_Y
10.4157,0.9760,0.0752,-0.1594,0.01782,0.15547,-0.02224,0.00,-3.00,0.00,44.9,121.37,634.83,257.72,SEARCH_Y
10.4258,1.0760,0.0052,0.1305,0.02682,0.15747,-0.02824,0.00,-3.00,0.00,44.9,121.34,634.83,257.72,SEARCH_Y
10.4359,0.9460,0.3652,-0.2494,0.01982,0.15347,-0.02424,0.00,-3.00,0.00,44.9,121.31,634.83,257.72,SEARCH_Y
10.4460,0.9960,0.1752,-0.0694,0.01982,0.15347,-0.02724,0.00,-3.00,0.00,44.9,121.27,634.82,257.72,SEARCH_Y
10.4561,1.1460,0.4352,-0.2494,0.02582,0.14647,-0.02624,0.00,-3.00,0.00,44.9,121.25,634.82,257.72,SEARCH_Y
10.4663,0.8660,0.2452,0.2805,0.01682,0.16247,-0.02524,0.00,-3.00,0.00,44.9,121.21,634.82,257.72,SEARCH_Y
10.4764,1.1460,0.6652,-0.5494,0.02882,0.14447,-0.02124,0.00,-3.00,0.00,44.9,121.19,634.82,257.72,SEARCH_Y
10.4865,1.1760,0.2652,0.0005,0.02082,0.15047,-0.02424,0.00,-3.00,0.00,44.9,121.15,634.82,257.72,SEARCH_Y
10.4966,0.7860,0.5752,-0.5694,0.00282,0.14347,-0.02324,0.00,-3.00,0.00,44.9,121.13,634.82,257.72,SEARCH_Y
10.5067,1.0560,0.2052,-0.0594,0.01782,0.14247,-0.02424,0.00,-3.00,0.00,44.9,121.09,634.82,257.72,SEARCH_Y
10.5168,0.9060,0.5252,-0.3294,0.00582,0.14247,-0.02124,0.00,-3.00,0.00,44.9,121.07,634.82,257.72,SEARCH_Y
10.5269,0.9760,0.5852,-0.5294,0.00982,0.14147,-0.02024,0.00,-3.00,0.00,44.9,121.03,634.82,257.72,SEARCH_Y
10.5370,1.1560,0.4152,-0.2494,0.01882,0.14947,-0.02624,0.00,-3.00,0.00,44.9,121.01,634.82,257.72,SEARCH_Y
10.5471,0.8860,-0.0447,0.1405,0.02282,0.15847,-0.02524,0.00,-3.00,0.00,44.9,120.97,634.82,257.71,SEARCH_Y
10.5573,1.0460,0.3852,-0.3094,0.01982,0.14947,-0.02424,0.00,-3.00,0.00,44.9,120.94,634.81,257.71,SEARCH_Y
10.5674,1.0960,0.3352,0.1105,0.02982,0.16147,-0.02524,0.00,-3.00,0.00,44.9,120.91,634.81,257.71,SEARCH_Y
10.5775,1.0560,-0.0647,-0.1594,0.01182,0.14547,-0.02324,0.00,-3.00,0.00,45.0,120.88,634.81,257.71,SEARCH_Y
10.5876,0.8760,0.2752,-0.0094,0.01682,0.14947,-0.02424,0.00,-3.00,0.00,45.0,120.85,634.81,257.71,SEARCH_Y
10.5977,1.1160,0.5652,-0.2194,0.00882,0.14047,-0.02424,0.00,-3.00,0.00,45.0,120.82,634.81,257.71,SEARCH_Y
10.6079,1.1960,0.5452,-0.2294,0.03082,0.14347,-0.02124,0.00,-3.00,0.00,45.0,120.79,634.81,257.71,SEARCH_Y
10.6180,0.9460,0.0152,0.0105,0.01482,0.15347,-0.02424,0.00,-3.00,0.00,45.0,120.75,634.81,257.71,SEARCH_Y
10.6281,0.9660,0.2252,0.2005,0.01282,0.15247,-0.02724,0.00,-3.00,0.00,45.0,120.73,634.81,257.71,SEARCH_Y
10.6382,0.8760,0.3252,-0.0094,0.01282,0.15147,-0.02124,0.00,-3.00,0.00,45.0,120.69,634.81,257.71,SEARCH_Y
10.6483,1.2960,0.3052,-0.1994,0.04382,0.15247,-0.02424,0.00,-3.00,0.00,45.0,120.67,634.81,257.71,SEARCH_Y
10.6584,1.0760,0.2352,-0.2894,0.01682,0.14047,-0.02324,0.00,-3.00,0.00,45.0,120.63,634.81,257.71,SEARCH_Y
10.6685,1.0460,0.3152,0.0205,0.01282,0.14447,-0.02524,0.00,-3.00,0.00,45.0,120.61,634.80,257.71,SEARCH_Y
10.6786,1.0260,0.3452,-0.2394,0.02082,0.15147,-0.02524,0.00,-3.00,0.00,45.0,120.57,634.80,257.71,SEARCH_Y
10.6887,0.9460,0.4852,-0.4794,0.01382,0.13947,-0.02324,0.00,-3.00,0.00,45.0,120.55,634.80,257.71,SEARCH_Y
10.6988,0.7660,0.2552,-0.0194,0.01382,0.15847,-0.02124,0.00,-3.00,0.00,45.0,120.51,634.80,257.71,SEARCH_Y
10.7090,1.0760,0.2852,-0.0194,0.01082,0.13647,-0.02324,0.00,-3.00,0.00,45.0,120.49,634.80,257.71,SEARCH_Y
10.7191,1.0060,0.3852,-0.1394,0.02282,0.15147,-0.02424,0.00,-3.00,0.00,45.0,120.45,634.80,257.71,SEARCH_Y
10.7292,1.2560,0.5852,-0.6494,0.02882,0.14047,-0.02124,0.00,-3.00,0.00,45.0,120.43,634.80,257.71,SEARCH_Y
10.7393,0.9760,0.3452,0.0105,0.02382,0.15247,-0.01924,0.00,-3.00,0.00,45.0,120.39,634.80,257.71,SEARCH_Y
10.7494,1.0860,0.4352,-0.2994,0.02082,0.14647,-0.02224,0.00,-3.00,0.00,45.0,120.37,634.80,257.71,SEARCH_Y
10.7595,1.0360,0.6252,-0.0294,0.01282,0.14547,-0.02024,0.00,-3.00,0.00,45.0,120.33,634.80,257.71,SEARCH_Y
10.7697,1.1160,0.3452,-0.3094,0.01782,0.14047,-0.02524,0.00,-3.00,0.00,45.0,120.31,634.80,257.71,SEARCH_Y
10.7798,0.9260,0.5552,-0.3794,0.00282,0.13147,-0.02124,0.00,-3.00,0.00,45.0,120.27,634.80,257.71,SEARCH_Y
10.7899,0.9460,0.5152,-0.1794,0.02182,0.15847,-0.02524,0.00,-3.00,0.00,45.0,120.23,634.79,257.71,SEARCH_Y
10.8000,0.7660,-0.0047,-0.2694,0.00882,0.14547,-0.02724,0.00,-3.00,0.00,45.0,120.21,634.79,257.71,SEARCH_Y
10.8101,0.8260,0.7352,-0.5494,0.00782,0.13247,-0.02424,0.00,-3.00,0.00,45.0,120.17,634.79,257.71,SEARCH_Y
10.8203,0.9660,0.0752,0.0005,0.01782,0.15547,-0.02924,0.00,-3.00,0.00,45.0,120.15,634.79,257.71,SEARCH_Y
10.8304,1.0760,0.4852,-0.5394,0.01282,0.13647,-0.02124,0.00,-3.00,0.00,45.0,120.11,634.79,257.71,SEARCH_Y
10.8405,1.1760,0.0452,0.1405,0.01882,0.14847,-0.02924,0.00,-3.00,0.00,45.0,120.08,634.79,257.71,SEARCH_Y
10.8506,0.9660,0.3752,-0.2894,-0.00117,0.13447,-0.02424,0.00,-3.00,0.00,45.0,120.05,634.79,257.71,SEARCH_Y
10.8607,0.7760,0.7552,-0.4994,0.00382,0.14247,-0.02424,0.00,-3.00,0.00,45.0,120.03,634.79,257.71,SEARCH_Y
10.8708,0.9560,0.1752,-0.0694,0.00982,0.14147,-0.02424,0.00,-3.00,0.00,45.1,119.99,634.79,257.71,SEARCH_Y
10.8809,0.9060,-0.0147,0.0605,0.00682,0.15547,-0.02724,0.00,-3.00,0.00,45.1,119.97,634.79,257.71,SEARCH_Y
10.8910,1.0860,0.4452,-0.5194,0.02482,0.14047,-0.01924,0.00,-3.00,0.00,45.1,119.93,634.79,257.71,SEARCH_Y
10.9012,0.9560,0.6352,-0.3094,0.00582,0.14247,-0.02124,0.00,-3.00,0.00,45.1,119.91,634.78,257.71,SEARCH_Y
10.9113,1.0560,0.2852,-0.0594,0.02182,0.14947,-0.02324,0.00,-3.00,0.00,45.1,119.87,634.78,257.71,SEARCH_Y
10.9214,0.9360,0.1852,0.0705,0.01682,0.14847,-0.02324,0.00,-3.00,0.00,45.1,119.85,634.78,257.71,SEARCH_Y
10.9315,0.8660,0.5752,-0.1394,0.00782,0.14647,-0.02324,0.00,-3.00,0.00,45.1,119.81,634.78,257.71,SEARCH_Y
10.9416,1.0160,0.1652,0.0105,0.01682,0.14347,-0.02324,0.00,-3.00,0.00,45.1,119.79,634.78,257.71,SEARCH_Y
10.9517,0.7160,0.6952,-0.2894,0.00382,0.15347,-0.02324,0.00,-3.00,0.00,45.1,119.75,634.78,257.71,SEARCH_Y
10.9619,1.0460,0.5252,-0.4794,0.02182,0.14647,-0.02624,0.00,-3.00,0.00,45.1,119.72,634.78,257.71,SEARCH_Y
10.9720,0.8960,0.6552,-0.4994,0.00182,0.12847,-0.02124,0.00,-3.00,0.00,45.1,119.69,634.78,257.71,SEARCH_Y
10.9821,1.1060,0.1752,0.2605,0.01782,0.14847,-0.02524,0.00,-3.00,0.00,45.1,119.66,634.78,257.71,SEARCH_Y
10.9922,0.9360,0.3952,-0.4694,0.00982,0.14147,-0.02524,0.00,-3.00,0.00,45.1,119.63,634.78,257.71,SEARCH_Y
11.0023,0.9060,0.1852,-0.0694,0.00982,0.14647,-0.02324,0.00,-3.00,0.00,45.1,119.60,634.78,257.71,SEARCH_Y
11.0124,1.0560,0.6652,-0.7494,0.01582,0.13147,-0.02024,0.00,-3.00,0.00,45.1,119.57,634.78,257.71,SEARCH_Y
11.0225,1.1760,0.2552,-0.2494,0.03082,0.13547,-0.02224,0.00,-3.00,0.00,45.1,119.54,634.77,257.71,SEARCH_Y
11.0327,0.9160,0.3552,-0.4094,0.01782,0.14247,-0.02424,0.00,-3.00,0.00,45.1,119.51,634.77,257.71,SEARCH_Y
11.0428,1.1260,-0.1247,0.0305,0.02282,0.14447,-0.02624,0.00,-3.00,0.00,45.1,119.48,634.77,257.71,SEARCH_Y
11.0529,1.1660,0.4352,-0.3094,0.01382,0.13947,-0.02224,0.00,-3.00,0.00,45.1,119.45,634.77,257.71,SEARCH_Y
11.0630,1.1860,0.0052,-0.1094,0.03682,0.15047,-0.02724,0.00,-3.00,0.00,45.1,119.42,634.77,257.71,SEARCH_Y
11.0732,1.2260,0.3752,-0.3094,0.02482,0.13747,-0.02524,0.00,-3.00,0.00,45.1,119.39,634.77,257.71,SEARCH_Y
11.0833,0.7260,0.5552,-0.2094,0.00682,0.14547,-0.02224,0.00,-3.00,0.00,45.1,119.36,634.77,257.71,SEARCH_Y
11.0934,0.8660,0.5752,-0.4294,0.01482,0.14747,-0.02424,0.00,-3.00,0.00,45.1,119.33,634.77,257.71,SEARCH_Y
11.1035,0.9060,0.7252,-0.4894,0.00782,0.13847,-0.02124,0.00,-3.00,0.00,45.1,119.30,634.77,257.71,SEARCH_Y
11.1136,0.8960,0.3952,-0.2294,-0.00917,0.13747,-0.02324,0.00,-3.00,0.00,45.2,119.27,634.77,257.71,SEARCH_Y
11.1237,0.7460,0.4252,-0.1494,-0.00417,0.13847,-0.02524,0.00,-3.00,0.00,45.2,119.24,634.77,257.71,SEARCH_Y
11.1339,0.9660,0.3152,-0.1094,0.02782,0.15447,-0.02724,0.00,-3.00,0.00,45.2,119.20,634.76,257.71,SEARCH_Y
11.1440,0.8760,0.2652,-0.1094,0.00482,0.14147,-0.02224,0.00,-3.00,0.00,45.2,119.18,634.76,257.71,SEARCH_Y
11.1541,0.8060,0.6052,-0.5394,0.00682,0.12947,-0.01724,0.00,-3.00,0.00,45.2,119.14,634.76,257.71,SEARCH_Y
11.1642,0.8660,0.2952,-0.0094,0.00582,0.13847,-0.02424,0.00,-3.00,0.00,45.2,119.11,634.76,257.71,SEARCH_Y
11.1743,1.0660,0.5352,-0.5794,-0.00117,0.13347,-0.02224,0.00,-3.00,0.00,45.2,119.08,634.76,257.71,SEARCH_Y
11.1844,0.9560,0.4152,-0.3894,0.01482,0.14147,-0.02324,0.00,-3.00,0.00,45.2,119.05,634.76,257.71,SEARCH_Y
11.1945,1.0360,0.1952,-0.0894,0.02382,0.14047,-0.02324,0.00,-3.00,0.00,45.2,119.02,634.76,257.71,SEARCH_Y
11.2047,0.8260,0.2452,-0.4194,0.01482,0.14447,-0.02224,0.00,-3.00,0.00,45.2,118.99,634.76,257.71,SEARCH_Y
11.2148,0.9860,0.6152,-0.2994,0.00582,0.13347,-0.02524,0.00,-3.00,0.00,45.2,118.96,634.76,257.70,SEARCH_Y
11.2250,0.8760,0.3052,-0.2294,0.02682,0.14747,-0.02024,0.00,-3.00,0.00,45.2,118.93,634.76,257.70,SEARCH_Y
11.2351,0.8960,0.1252,0.0405,0.00782,0.14047,-0.02224,0.00,-3.00,0.00,45.2,118.90,634.76,257.70,SEARCH_Y
11.2452,0.9060,0.4552,-0.0294,0.01082,0.13147,-0.02024,0.00,-3.00,0.00,45.2,118.87,634.76,257.70,SEARCH_Y
11.2553,0.7160,0.4052,-0.1294,0.00082,0.14847,-0.02524,0.00,-3.00,0.00,45.2,118.84,634.75,257.70,SEARCH_Y
11.2654,0.9260,0.1152,-0.2294,0.01382,0.13647,-0.02224,0.00,-3.00,0.00,45.2,118.81,634.75,257.70,SEARCH_Y
11.2755,0.9960,0.4452,-0.3894,0.01482,0.12347,-0.02224,0.00,-3.00,0.00,45.2,118.78,634.75,257.70,SEARCH_Y
11.2856,0.8460,0.1852,-0.1094,0.01682,0.14247,-0.02524,0.00,-3.00,0.00,45.2,118.75,634.75,257.70,SEARCH_Y
11.2957,0.8460,0.3452,-0.1894,0.00882,0.13447,-0.02124,0.00,-3.00,0.00,45.2,118.72,634.75,257.70,SEARCH_Y
11.3058,0.8160,0.5152,-0.2894,0.01882,0.14647,-0.01824,0.00,-3.00,0.00,45.2,118.68,634.75,257.70,SEARCH_Y
11.3159,1.0560,0.4452,-0.4394,0.00782,0.12747,-0.02224,0.00,-3.00,0.00,45.2,118.66,634.75,257.70,SEARCH_Y
11.3261,0.9860,0.7952,-0.6494,-0.00017,0.11947,-0.01424,0.00,-3.00,0.00,45.2,118.62,634.75,257.70,SEARCH_Y
11.3362,0.9460,0.3552,-0.2094,0.02082,0.14347,-0.02024,0.00,-3.00,0.00,45.3,118.60,634.75,257.70,SEARCH_Y
11.3463,0.9560,0.6752,-0.2294,0.00082,0.13547,-0.02324,0.00,-3.00,0.00,45.3,118.56,634.75,257.70,SEARCH_Y
11.3565,1.1660,0.3452,-0.5194,0.02282,0.13047,-0.02024,0.00,-3.00,0.00,45.3,118.54,634.75,257.70,SEARCH_Y
11.3666,0.9760,0.0152,0.2305,0.00982,0.14147,-0.02524,0.00,-3.00,0.00,45.3,118.50,634.74,257.70,SEARCH_Y
11.3767,0.9360,0.5052,-0.4594,0.01582,0.14147,-0.02424,0.00,-3.00,0.00,45.3,118.48,634.74,257.70,SEARCH_Y
11.3868,0.9160,0.1152,0.0905,0.01282,0.14747,-0.02824,0.00,-3.00,0.00,45.3,118.44,634.74,257.70,SEARCH_Y
11.3969,0.9460,0.4652,-0.0694,0.01082,0.13347,-0.02624,0.00,-3.00,0.00,45.3,118.42,634.74,257.70,SEARCH_Y
11.4070,1.0660,0.0152,0.1105,0.02882,0.14347,-0.02324,0.00,-3.00,0.00,45.3,118.38,634.74,257.70,SEARCH_Y
11.4171,0.7660,0.4952,-0.1794,0.01082,0.13947,-0.01824,0.00,-3.00,0.00,45.3,118.36,634.74,257.70,SEARCH_Y
11.4273,1.0160,0.2452,0.0805,0.00882,0.13247,-0.02524,0.00,-3.00,0.00,45.3,118.32,634.74,257.70,SEARCH_Y
11.4374,0.7660,0.4552,-0.4094,0.01682,0.13947,-0.01924,0.00,-3.00,0.00,45.3,118.30,634.74,257.70,SEARCH_Y
11.4475,1.1360,0.5152,-0.2394,0.03282,0.14547,-0.02124,0.00,-3.00,0.00,45.3,118.26,634.74,257.70,SEARCH_Y
11.4576,0.9760,0.4952,-0.0494,0.00082,0.13147,-0.02224,0.00,-3.00,0.00,45.3,118.24,634.74,257.70,SEARCH_Y
11.4677,0.7460,0.4252,0.0705,0.00182,0.14247,-0.02024,0.00,-3.00,0.00,45.3,118.20,634.74,257.70,SEARCH_Y
11.4778,0.9560,0.3052,-0.2794,0.01982,0.13547,-0.02324,0.00,-3.00,0.00,45.3,118.16,634.73,257.70,SEARCH_Y
11.4879,0.9160,0.2452,0.0705,0.00282,0.13147,-0.02324,0.00,-3.00,0.00,45.3,118.14,634.73,257.70,SEARCH_Y
11.4981,0.9560,-0.2147,0.1405,0.00882,0.13747,-0.02824,0.00,-3.00,0.00,45.3,118.10,634.73,257.70,SEARCH_Y
11.5082,0.8160,0.2652,-0.0594,-0.00217,0.13447,-0.02124,0.00,-3.00,0.00,45.3,118.08,634.73,257.70,SEARCH_Y
11.5183,0.8460,0.4952,-0.3194,0.00382,0.13347,-0.01924,0.00,-3.00,0.00,45.3,118.04,634.73,257.70,SEARCH_Y
11.5284,1.0860,0.6352,-0.3994,0.00682,0.12147,-0.02324,0.00,-3.00,0.00,45.3,118.02,634.73,257.70,SEARCH_Y
11.5385,0.7960,0.1152,0.1405,0.01282,0.14247,-0.02224,0.00,-3.00,0.00,45.4,117.98,634.73,257.70,SEARCH_Y
11.5486,0.9060,0.2652,-0.0694,0.02382,0.15047,-0.02524,0.00,-3.00,0.00,45.4,117.96,634.73,257.70,SEARCH_Y
11.5587,0.8060,0.5952,-0.0394,0.00982,0.14447,-0.02024,0.00,-3.00,0.00,45.4,117.92,634.73,257.70,SEARCH_Y
11.5689,0.8960,0.2352,0.0805,0.00382,0.13547,-0.02224,0.00,-3.00,0.00,45.4,117.90,634.73,257.70,SEARCH_Y
11.5790,0.8060,0.0352,-0.0094,0.00982,0.13847,-0.02824,0.00,-3.00,0.00,45.4,117.86,634.73,257.70,SEARCH_Y
11.5891,0.9560,0.3052,0.0305,0.02082,0.14147,-0.02124,0.00,-3.00,0.00,45.4,117.84,634.73,257.70,SEARCH_Y
11.5993,0.9760,0.4552,-0.4094,0.00682,0.13247,-0.02024,0.00,-3.00,0.00,45.4,117.80,634.72,257.70,SEARCH_Y
11.6094,0.7460,0.4952,-0.5394,-0.00417,0.12347,-0.02224,0.00,-3.00,0.00,45.4,117.78,634.72,257.70,SEARCH_Y
11.6195,0.8060,0.7052,-0.3094,0.00182,0.14047,-0.02024,0.00,-3.00,0.00,45.4,117.74,634.72,257.70,SEARCH_Y
11.6296,0.9360,0.5852,-0.1594,0.02282,0.13847,-0.02224,0.00,-3.00,0.00,45.4,117.72,634.72,257.70,SEARCH_Y
11.6397,1.0660,0.5652,-0.6794,0.00682,0.12347,-0.02124,0.00,-3.00,0.00,45.4,117.68,634.72,257.70,SEARCH_Y
11.6498,0.8560,0.3052,0.0705,0.00982,0.13347,-0.01924,0.00,-3.00,0.00,45.4,117.65,634.72,257.70,SEARCH_Y
11.6600,0.8960,0.4552,-0.3794,-0.00017,0.13347,-0.02224,0.00,-3.00,0.00,45.4,117.62,634.72,257.70,SEARCH_Y
11.6701,0.9760,0.5452,-0.1894,0.00382,0.13347,-0.02124,0.00,-3.00,0.00,45.4,117.59,634.72,257.70,SEARCH_Y
11.6802,0.8660,0.4952,-0.3294,-0.00417,0.13247,-0.02224,0.00,-3.00,0.00,45.4,117.56,634.72,257.70,SEARCH_Y
11.6903,0.9260,0.0752,-0.2494,0.01782,0.12747,-0.01924,0.00,-3.00,0.00,45.4,117.53,634.72,257.70,SEARCH_Y
11.7005,0.9660,0.7052,-0.4494,0.00882,0.12847,-0.02024,0.00,-3.00,0.00,45.4,117.50,634.72,257.70,SEARCH_Y
11.7106,0.8760,-0.0347,-0.0594,0.01182,0.13547,-0.02324,0.00,-3.00,0.00,45.4,117.47,634.71,257.70,SEARCH_Y
11.7207,0.7660,0.3052,-0.0894,0.00082,0.13447,-0.02124,0.00,-3.00,0.00,45.4,117.44,634.71,257.70,SEARCH_Y
11.7308,0.9860,0.7652,-0.4094,0.02382,0.12947,-0.01824,0.00,-3.00,0.00,45.5,117.41,634.71,257.70,SEARCH_Y
11.7409,0.9460,0.0352,0.2805,0.01782,0.14147,-0.02424,0.00,-3.00,0.00,45.5,117.38,634.71,257.70,SEARCH_Y
11.7510,0.9460,0.3852,-0.2594,0.01382,0.13947,-0.02124,0.00,-3.00,0.00,45.5,117.34,634.71,257.70,SEARCH_Y
11.7611,1.0260,0.3252,-0.3394,0.03582,0.13647,-0.01724,0.00,-3.00,0.00,45.5,117.32,634.71,257.70,SEARCH_Y
11.7712,0.8960,0.4752,-0.1494,0.01182,0.12847,-0.02124,0.00,-3.00,0.00,45.5,117.28,634.71,257.70,SEARCH_Y
11.7813,0.7460,0.2552,0.0805,-0.00217,0.13947,-0.01924,0.00,-3.00,0.00,45.5,117.26,634.71,257.70,SEARCH_Y
11.7914,0.9160,0.3252,-0.1994,0.01282,0.13247,-0.02124,0.00,-3.00,0.00,45.5,117.22,634.71,257.70,SEARCH_Y
11.8015,1.1460,0.4552,-0.2394,0.03182,0.13747,-0.02024,0.00,-3.00,0.00,45.5,117.20,634.71,257.70,SEARCH_Y
11.8117,0.8360,0.5352,-0.4294,0.00782,0.12847,-0.01924,0.00,-3.00,0.00,45.5,117.16,634.71,257.70,SEARCH_Y
11.8218,0.8960,0.4852,0.1405,0.00782,0.13847,-0.02124,0.00,-3.00,0.00,45.5,117.13,634.70,257.70,SEARCH_Y
11.8319,0.7360,0.4652,-0.2294,-0.00417,0.13147,-0.02124,0.00,-3.00,0.00,45.5,117.10,634.70,257.70,SEARCH_Y
11.8420,1.0060,0.6952,-0.5494,0.01582,0.12347,-0.01924,0.00,-3.00,0.00,45.5,117.07,634.70,257.70,SEARCH_Y
11.8521,0.9160,0.7952,-0.5394,0.00282,0.12347,-0.01824,0.00,-3.00,0.00,45.5,117.04,634.70,257.70,SEARCH_Y
11.8622,0.9160,0.3452,-0.0894,0.02482,0.14547,-0.01924,0.00,-3.00,0.00,45.5,117.01,634.70,257.70,SEARCH_Y
11.8723,1.0460,0.5752,-0.6394,0.02382,0.12247,-0.01924,0.00,-3.00,0.00,45.5,116.98,634.70,257.70,SEARCH_Y
11.8824,1.0260,0.0752,-0.0894,0.01082,0.12847,-0.02724,0.00,-3.00,0.00,45.5,116.95,634.70,257.70,SEARCH_Y
11.8926,0.8860,0.5452,-0.4594,0.02182,0.13747,-0.02224,0.00,-3.00,0.00,45.5,116.92,634.70,257.69,SEARCH_Y
11.9027,0.7860,0.3052,-0.2194,0.00782,0.13847,-0.02124,0.00,-3.00,0.00,45.5,116.89,634.70,257.69,SEARCH_Y
11.9128,0.8460,0.2652,0.0505,0.00382,0.13647,-0.02424,0.00,-3.00,0.00,45.6,116.86,634.70,257.69,SEARCH_Y
11.9229,0.9960,0.1552,-0.1694,0.02282,0.14347,-0.02524,0.00,-3.00,0.00,45.6,116.83,634.70,257.69,SEARCH_Y
11.9331,1.0460,0.2952,-0.1994,0.01582,0.12747,-0.02124,0.00,-3.00,0.00,45.6,116.80,634.70,257.69,SEARCH_Y
11.9432,0.9060,0.2652,-0.1094,0.00782,0.13547,-0.02124,0.00,-3.00,0.00,45.6,116.77,634.69,257.69,SEARCH_Y
11.9533,0.9760,0.6052,-0.3494,0.02382,0.14247,-0.02024,0.00,-3.00,0.00,45.6,116.74,634.69,257.69,SEARCH_Y
11.9634,1.0560,0.0352,0.0305,0.01682,0.12947,-0.02524,0.00,-3.00,0.00,45.6,116.71,634.69,257.69,SEARCH_Y
11.9735,0.9160,0.4152,-0.0794,0.00082,0.12847,-0.02324,0.00,-3.00,0.00,45.6,116.68,634.69,257.69,SEARCH_Y
11.9836,0.8960,0.3652,-0.3094,0.01782,0.13947,-0.02324,0.00,-3.00,0.00,45.6,116.65,634.69,257.69,SEARCH_Y
11.9938,0.7560,0.2852,-0.2294,0.00882,0.13947,-0.02224,0.00,-3.00,0.00,45.6,116.61,634.69,257.69,SEARCH_Y
12.0039,1.1760,0.3152,-0.3894,0.04182,0.13847,-0.02024,0.00,-3.00,0.00,45.6,116.59,634.69,257.69,SEARCH_Y
12.0140,0.7460,0.1652,-0.1594,0.00882,0.13847,-0.01924,0.00,-3.00,0.00,45.6,116.55,634.69,257.69,SEARCH_Y
12.0241,0.8160,0.5852,-0.4994,0.01082,0.12847,-0.02024,0.00,-3.00,0.00,45.6,116.53,634.69,257.69,SEARCH_Y
12.0342,0.8160,0.3652,-0.1294,0.00982,0.13547,-0.01924,0.00,-3.00,0.00,45.6,116.49,634.69,257.69,SEARCH_Y
12.0443,1.0060,0.3452,-0.3894,0.02782,0.14147,-0.02024,0.00,-3.00,0.00,45.6,116.47,634.69,257.69,SEARCH_Y
12.0544,0.8860,0.4252,0.0405,-0.00317,0.13747,-0.01824,0.00,-3.00,0.00,45.6,116.43,634.68,257.69,SEARCH_Y
12.0646,0.8360,0.1152,0.0305,0.01482,0.13847,-0.01924,0.00,-3.00,0.00,45.6,116.41,634.68,257.69,SEARCH_Y
12.0747,0.9560,0.3752,-0.0494,0.03482,0.14047,-0.02224,0.00,-3.00,0.00,45.7,116.37,634.68,257.69,SEARCH_Y
12.0848,0.9560,0.2152,-0.2994,0.01482,0.12747,-0.02324,0.00,-3.00,0.00,45.7,116.35,634.68,257.69,SEARCH_Y
12.0949,0.8260,0.2652,-0.1194,0.00782,0.13847,-0.02124,0.00,-3.00,0.00,45.7,116.31,634.68,257.69,SEARCH_Y
12.1050,0.9960,0.2152,-0.1094,0.03382,0.13947,-0.02524,0.00,-3.00,0.00,45.7,116.29,634.68,257.69,SEARCH_Y
12.1151,0.8860,0.2552,-0.0394,0.02182,0.13647,-0.02324,0.00,-3.00,0.00,45.7,116.25,634.68,257.69,SEARCH_Y
12.1252,1.1560,0.6152,-0.3494,0.02682,0.13147,-0.01924,0.00,-3.00,0.00,45.7,116.23,634.68,257.69,SEARCH_Y
12.1353,0.8560,0.5252,-0.1994,-0.00217,0.12847,-0.02024,0.00,-3.00,0.00,45.7,116.19,634.68,257.69,SEARCH_Y
12.1454,1.0760,0.3052,-0.2094,0.03282,0.12947,-0.02124,0.00,-3.00,0.00,45.7,116.17,634.68,257.69,SEARCH_Y
12.1555,0.8960,0.1252,0.0905,0.02582,0.14147,-0.02624,0.00,-3.00,0.00,45.7,116.13,634.68,257.69,SEARCH_Y
12.1656,0.7660,0.4852,-0.4194,-0.00117,0.11647,-0.02224,0.00,-3.00,0.00,45.7,116.09,634.67,257.69,SEARCH_Y
12.1757,0.7060,0.1352,-0.1894,-0.00517,0.12947,-0.02324,0.00,-3.00,0.00,45.7,116.07,634.67,257.69,SEARCH_Y
12.1858,0.9660,0.2152,-0.1994,0.01882,0.13047,-0.02624,0.00,-3.00,0.00,45.7,116.03,634.67,257.69,SEARCH_Y
12.1959,0.8560,0.4252,-0.0194,0.00582,0.13347,-0.02024,0.00,-3.00,0.00,45.7,116.01,634.67,257.69,SEARCH_Y
12.2061,1.0460,0.4352,-0.3494,0.02782,0.13347,-0.01924,0.00,-3.00,0.00,45.7,115.97,634.67,257.69,SEARCH_Y
12.2162,0.9360,0.2452,-0.1294,0.01182,0.13247,-0.02324,0.00,-3.00,0.00,45.7,115.95,634.67,257.69,SEARCH_Y
12.2263,0.9060,0.3052,-0.6694,0.02082,0.12847,-0.02224,0.00,-3.00,0.00,45.7,115.91,634.67,257.69,SEARCH_Y
12.2364,0.8360,0.4152,0.0205,0.01082,0.14447,-0.02224,0.00,-3.00,0.00,45.8,115.89,634.67,257.69,SEARCH_Y
12.2465,0.8260,0.3452,0.1205,-0.00617,0.13447,-0.02324,0.00,-3.00,0.00,45.8,115.85,634.67,257.69,SEARCH_Y
12.2567,1.1360,0.7152,-0.2794,0.01082,0.13447,-0.02224,0.00,-3.00,0.00,45.8,115.83,634.67,257.69,SEARCH_Y
12.2668,0.7560,0.3552,0.2105,-0.00717,0.13547,-0.03024,0.00,-3.00,0.00,45.8,115.79,634.67,257.69,SEARCH_Y
12.2769,0.9260,0.5452,0.1005,-0.00817,0.13547,-0.02424,0.00,-3.00,0.00,45.8,115.77,634.67,257.69,SEARCH_Y
12.2870,0.8860,0.2652,0.2205,-0.02017,0.12747,-0.02924,0.00,-3.00,0.00,45.8,115.73,634.66,257.69,SEARCH_Y
12.2971,0.8660,0.3952,0.3205,-0.01317,0.14147,-0.02524,0.00,-3.00,0.00,45.8,115.71,634.66,257.69,SEARCH_Y
12.3073,0.8260,0.9852,-0.2294,-0.02917,0.12747,-0.01924,0.00,-3.00,0.00,45.8,115.67,634.66,257.69,SEARCH_Y
12.3174,0.9460,0.7052,-0.2594,-0.04117,0.11747,-0.02424,0.00,-3.00,0.00,45.8,115.65,634.66,257.69,SEARCH_Y
12.3275,0.7960,0.9952,-0.3794,-0.03817,0.12447,-0.02624,0.00,-3.00,0.00,45.8,115.61,634.66,257.69,SEARCH_Y
12.3377,0.9060,0.8852,-0.2594,-0.04817,0.12547,-0.02924,0.00,-3.00,0.00,45.8,115.58,634.66,257.69,SEARCH_Y
12.3478,0.9460,0.9152,-0.1994,-0.06217,0.11747,-0.02724,0.00,-3.00,0.00,45.8,115.55,634.66,257.69,SEARCH_Y
12.3579,0.8160,0.9652,-0.1294,-0.04617,0.14147,-0.02924,0.00,-3.00,0.00,45.8,115.51,634.66,257.69,SEARCH_Y
12.3681,0.8260,1.0952,-0.3994,-0.07717,0.11447,-0.02824,0.00,-3.00,0.00,45.8,115.49,634.66,257.69,SEARCH_Y
12.3782,0.9060,0.9152,0.0705,-0.06517,0.12947,-0.02924,0.00,-3.00,0.00,45.8,115.45,634.66,257.69,SEARCH_Y
12.3883,0.7860,0.7652,-0.1494,-0.05817,0.13547,-0.02724,0.00,-3.00,0.00,45.9,115.43,634.66,257.69,SEARCH_Y
12.3984,0.9060,1.0052,0.0405,-0.06317,0.12947,-0.03224,0.00,-3.00,0.00,45.9,115.39,634.65,257.69,SEARCH_Y
12.4085,0.8860,0.8252,-0.1594,-0.05217,0.13947,-0.03124,0.00,-3.00,0.00,45.9,115.37,634.65,257.69,SEARCH_Y
12.4186,1.1060,0.8052,-0.0794,-0.04817,0.13447,-0.03324,0.00,-3.00,0.00,45.9,115.33,634.65,257.69,SEARCH_Y
12.4287,1.1260,0.8052,-0.1294,-0.02917,0.14347,-0.03424,0.00,-3.00,0.00,45.9,115.31,634.65,257.69,SEARCH_Y
12.4388,1.0560,0.9952,0.0405,-0.03817,0.13347,-0.03124,0.00,-3.00,0.00,45.9,115.27,634.65,257.69,SEARCH_Y
12.4489,1.0760,0.9052,-0.3094,-0.05417,0.11547,-0.02924,0.00,-3.00,0.00,45.9,115.25,634.65,257.69,SEARCH_Y
12.4590,1.0760,0.5152,-0.1594,-0.00417,0.14547,-0.03124,0.00,-3.00,0.00,45.9,115.21,634.65,257.69,SEARCH_Y
12.4691,0.9760,0.4152,-0.1194,-0.00017,0.14247,-0.03024,0.00,-3.00,0.00,45.9,115.19,634.65,257.69,SEARCH_Y
12.4793,1.2160,0.5652,-0.2194,0.01782,0.14947,-0.02924,0.00,-3.00,0.00,45.9,115.15,634.65,257.69,SEARCH_Y
12.4894,1.1560,0.6552,-0.4994,0.00582,0.14247,-0.02524,0.00,-3.00,0.00,45.9,115.12,634.65,257.69,SEARCH_Y
12.4995,1.0560,0.6052,-0.2894,-0.00617,0.13147,-0.02824,0.00,-3.00,0.00,45.9,115.09,634.65,257.69,SEARCH_Y
12.5098,1.0860,0.3452,-0.2694,-0.00617,0.13847,-0.03224,0.00,-3.00,0.00,45.9,115.07,634.65,257.69,SEARCH_Y
12.5199,1.2260,0.2752,0.0505,0.03082,0.15347,-0.02724,0.00,-3.00,0.00,45.9,115.03,634.64,257.69,SEARCH_Y
12.5300,1.1360,0.2452,-0.2294,0.02682,0.15047,-0.02824,0.00,-3.00,0.00,45.9,115.00,634.64,257.69,SEARCH_Y
12.5402,0.8960,0.2052,0.1505,0.00682,0.13847,-0.02624,0.00,-3.00,0.00,46.0,114.97,634.64,257.69,SEARCH_Y
12.5503,0.8860,0.3652,0.0005,0.00482,0.14147,-0.02324,0.00,-3.00,0.00,46.0,114.94,634.64,257.69,SEARCH_Y
12.5603,0.8460,0.5252,-0.1794,0.01082,0.14447,-0.02524,0.00,-3.00,0.00,46.0,114.91,634.64,257.68,SEARCH_Y
12.5704,0.8860,0.3652,-0.1094,-0.00117,0.13447,-0.02224,0.00,-3.00,0.00,46.0,114.88,634.64,257.68,SEARCH_Y
12.5805,0.7760,0.4052,-0.6294,0.00482,0.12847,-0.02324,0.00,-3.00,0.00,46.0,114.85,634.64,257.68,SEARCH_Y
12.5906,0.7960,0.3752,-0.2494,0.01282,0.14247,-0.02524,0.00,-3.00,0.00,46.0,114.82,634.64,257.68,SEARCH_Y
12.6008,0.8860,0.6552,-0.3794,0.01482,0.13847,-0.02024,0.00,-3.00,0.00,46.0,114.79,634.64,257.68,SEARCH_Y
12.6109,0.8260,0.2652,0.1705,0.01982,0.14647,-0.02224,0.00,-3.00,0.00,46.0,114.76,634.64,257.68,SEARCH_Y
12.6210,0.8560,0.6252,-0.3594,0.01382,0.13547,-0.01924,0.00,-3.00,0.00,46.0,114.73,634.64,257.68,SEARCH_Y
12.6311,0.8960,0.5452,-0.1194,0.01282,0.13547,-0.02324,0.00,-3.00,0.00,46.0,114.70,634.63,257.68,SEARCH_Y
12.6412,1.0160,0.2152,-0.1494,0.03482,0.14247,-0.02524,0.00,-3.00,0.00,46.0,114.67,634.63,257.68,SEARCH_Y
12.6513,1.0760,0.0852,0.0405,0.01682,0.14847,-0.02924,0.00,-3.00,0.00,46.0,114.64,634.63,257.68,SEARCH_Y
12.6614,1.0060,0.1052,0.1405,0.02082,0.13947,-0.02524,0.00,-3.00,0.00,46.0,114.60,634.63,257.68,SEARCH_Y
12.6716,1.0160,0.3352,-0.2494,0.02182,0.14047,-0.02824,0.00,-3.00,0.00,46.0,114.58,634.63,257.68,SEARCH_Y
12.6817,0.6960,0.7052,-0.2794,-0.01417,0.12447,-0.01824,0.00,-3.00,0.00,46.1,114.54,634.63,257.68,SEARCH_Y
12.6918,0.9160,0.4952,-0.1994,0.00882,0.13847,-0.02224,0.00,-3.00,0.00,46.1,114.52,634.63,257.68,SEARCH_Y
12.7020,0.8260,0.2252,-0.0094,0.01182,0.13847,-0.02524,0.00,-3.00,0.00,46.1,114.48,634.63,257.68,SEARCH_Y
12.7121,0.8660,0.4252,-0.2794,0.02482,0.13847,-0.02324,0.00,-3.00,0.00,46.1,114.46,634.63,257.68,SEARCH_Y
12.7222,1.1260,0.0852,0.0805,0.02682,0.14347,-0.02724,0.00,-3.00,0.00,46.1,114.42,634.63,257.68,SEARCH_Y
12.7323,0.9960,0.2752,-0.0994,-0.00117,0.13847,-0.02624,0.00,-3.00,0.00,46.1,114.40,634.63,257.68,SEARCH_Y
12.7424,0.9360,0.2952,-0.1094,0.02382,0.13547,-0.02324,0.00,-3.00,0.00,46.1,114.36,634.62,257.68,SEARCH_Y
12.7525,0.9560,0.2552,-0.1494,0.01382,0.13347,-0.02724,0.00,-3.00,0.00,46.1,114.34,634.62,257.68,SEARCH_Y
12.7627,1.0460,0.1252,0.1805,0.02282,0.13547,-0.02424,0.00,-3.00,0.00,46.1,114.30,634.62,257.68,SEARCH_Y
12.7728,1.1260,0.1752,-0.2494,0.02882,0.13447,-0.02524,0.00,-3.00,0.00,46.1,114.27,634.62,257.68,SEARCH_Y
12.7829,0.9760,0.4252,-0.3894,0.00782,0.11747,-0.02124,0.00,-3.00,0.00,46.1,114.24,634.62,257.68,SEARCH_Y
12.7930,0.9160,0.4252,-0.3194,0.02582,0.14447,-0.02224,0.00,-3.00,0.00,46.1,114.21,634.62,257.68,SEARCH_Y
12.8031,0.9160,0.6252,-0.4994,0.01782,0.12247,-0.01924,0.00,-3.00,0.00,46.1,114.18,634.62,257.68,SEARCH_Y
12.8132,0.9160,-0.0247,0.2505,0.02682,0.13847,-0.02724,0.00,-3.00,0.00,46.2,114.15,634.62,257.68,SEARCH_Y
12.8233,0.7360,0.1452,-0.0394,0.01182,0.14047,-0.02324,0.00,-3.00,0.00,46.2,114.12,634.62,257.68,SEARCH_Y
12.8335,0.8560,0.4752,-0.1194,0.02282,0.13647,-0.02124,0.00,-3.00,0.00,46.2,114.08,634.62,257.68,SEARCH_Y
12.8436,0.9060,0.5352,-0.2894,0.02882,0.13847,-0.02424,0.00,-3.00,0.00,46.2,114.06,634.62,257.68,SEARCH_Y
12.8537,0.8760,0.1852,0.2005,0.02782,0.14847,-0.02224,0.00,-3.00,0.00,46.2,114.02,634.61,257.68,SEARCH_Y
12.8639,1.0060,0.4452,-0.3094,0.02082,0.12847,-0.02124,0.00,-3.00,0.00,46.2,114.00,634.61,257.68,SEARCH_Y
12.8740,0.8360,0.6352,-0.5094,0.01982,0.12947,-0.02124,0.00,-3.00,0.00,46.2,113.96,634.61,257.68,SEARCH_Y
12.8841,0.6860,0.5452,-0.4494,-0.00117,0.13247,-0.02324,0.00,-3.00,0.00,46.2,113.94,634.61,257.68,SEARCH_Y
12.8942,0.7760,0.2852,-0.1294,0.02582,0.14347,-0.02324,0.00,-3.00,0.00,46.2,113.90,634.61,257.68,SEARCH_Y
12.9043,0.9160,0.3652,-0.3694,-0.00017,0.11847,-0.02124,0.00,-3.00,0.00,46.2,113.88,634.61,257.68,SEARCH_Y
12.9144,0.8060,0.3852,-0.2494,0.01882,0.13447,-0.02324,0.00,-3.00,0.00,46.2,113.84,634.61,257.68,SEARCH_Y
12.9245,0.8360,0.5352,-0.4494,0.01182,0.13047,-0.02324,0.00,-3.00,0.00,46.2,113.82,634.61,257.68,SEARCH_Y
12.9347,0.8760,0.8052,-0.7394,0.01882,0.12847,-0.01424,0.00,-3.00,0.00,46.2,113.78,634.61,257.68,SEARCH_Y
12.9448,0.9360,0.3552,-0.4494,0.01482,0.11747,-0.02224,0.00,-3.00,0.00,46.3,113.76,634.61,257.68,SEARCH_Y
12.9549,0.8060,0.5052,-0.5094,0.00782,0.12347,-0.02124,0.00,-3.00,0.00,46.3,113.72,634.61,257.68,SEARCH_Y
12.9650,0.8560,0.5352,-0.1294,0.01882,0.13547,-0.02124,0.00,-3.00,0.00,46.3,113.70,634.61,257.68,SEARCH_Y
12.9751,1.0360,0.5152,-0.3694,0.02382,0.13547,-0.02224,0.00,-3.00,0.00,46.3,113.66,634.60,257.68,SEARCH_Y
12.9852,0.8760,0.3852,-0.0094,0.03282,0.13747,-0.02324,0.00,-3.00,0.00,46.3,113.64,634.60,257.68,SEARCH_Y
12.9954,0.9560,0.0152,0.0005,0.00682,0.13247,-0.02524,0.00,-3.00,0.00,46.3,113.60,634.60,257.68,SEARCH_Y
13.0055,0.8960,0.2752,-0.1294,0.00382,0.13147,-0.02324,0.00,-3.00,0.00,46.3,113.56,634.60,257.68,SEARCH_Y
13.0156,0.7260,0.2952,-0.2594,0.00582,0.13347,-0.02024,0.00,-3.00,0.00,46.3,113.54,634.60,257.68,SEARCH_Y
13.0257,0.8360,0.2852,-0.0594,0.02682,0.13647,-0.02124,0.00,-3.00,0.00,46.3,113.50,634.60,257.68,SEARCH_Y
13.0358,0.6960,0.3552,-0.1794,0.01482,0.13647,-0.01724,0.00,-3.00,0.00,46.3,113.48,634.60,257.68,SEARCH_Y
13.0459,0.9160,0.4952,-0.2894,0.02382,0.12947,-0.02124,0.00,-3.00,0.00,46.3,113.44,634.60,257.68,SEARCH_Y
13.0560,0.9260,0.8352,-0.4194,0.02282,0.12547,-0.01924,0.00,-3.00,0.00,46.3,113.42,634.60,257.68,SEARCH_Y
13.0661,0.8560,0.4652,-0.6194,0.00482,0.11347,-0.01824,0.00,-3.00,0.00,46.3,113.38,634.60,257.68,SEARCH_Y
13.0762,0.9460,0.0852,0.0105,0.01782,0.12547,-0.02424,0.00,-3.00,0.00,46.4,113.36,634.60,257.68,SEARCH_Y
13.0864,0.8460,0.1952,0.0805,0.02382,0.13247,-0.02124,0.00,-3.00,0.00,46.4,113.32,634.59,257.68,SEARCH_Y
13.0965,0.9660,0.3852,-0.2894,0.01582,0.12847,-0.02224,0.00,-3.00,0.00,46.4,113.30,634.59,257.68,SEARCH_Y
13.1066,0.8660,0.2852,-0.4994,0.00882,0.12547,-0.01624,0.00,-3.00,0.00,46.4,113.26,634.59,257.68,SEARCH_Y
13.1167,0.8660,0.5452,-0.4594,0.00282,0.12147,-0.02224,0.00,-3.00,0.00,46.4,113.24,634.59,257.68,SEARCH_Y
13.1268,0.9460,0.3152,-0.0994,0.01782,0.12847,-0.02124,0.00,-3.00,0.00,46.4,113.20,634.59,257.68,SEARCH_Y
13.1369,0.9160,0.3252,-0.1794,0.00982,0.13047,-0.02424,0.00,-3.00,0.00,46.4,113.18,634.59,257.68,SEARCH_Y
13.1470,0.9060,0.3852,0.0305,0.02582,0.12847,-0.01924,0.00,-3.00,0.00,46.4,113.14,634.59,257.68,SEARCH_Y
13.1571,0.9660,0.1052,0.1105,0.02282,0.13247,-0.02524,0.00,-3.00,0.00,46.4,113.12,634.59,257.68,SEARCH_Y
13.1673,0.7560,0.4952,-0.2294,0.01382,0.13147,-0.02324,0.00,-3.00,0.00,46.4,113.08,634.59,257.68,SEARCH_Y
13.1774,1.0460,0.3352,-0.4194,0.02682,0.12747,-0.02024,0.00,-3.00,0.00,46.4,113.06,634.59,257.68,SEARCH_Y
13.1875,1.0260,0.5352,-0.4794,0.01882,0.12547,-0.02224,0.00,-3.00,0.00,46.4,113.02,634.59,257.68,SEARCH_Y
13.1975,0.7760,0.2452,-0.0494,0.01482,0.13947,-0.02124,0.00,-3.00,0.00,46.5,112.99,634.59,257.68,SEARCH_Y
13.2077,0.9360,0.3252,-0.1794,0.00382,0.12647,-0.02424,0.00,-3.00,0.00,46.5,112.96,634.58,257.68,SEARCH_Y
13.2178,0.9660,0.2852,-0.1694,0.01482,0.13047,-0.02324,0.00,-3.00,0.00,46.5,112.93,634.58,257.68,SEARCH_Y
13.2279,0.8560,0.7452,-0.6794,0.01382,0.11847,-0.01824,0.00,-3.00,0.00,46.5,112.90,634.58,257.68,SEARCH_Y
13.2380,0.8960,0.3852,-0.1294,0.00882,0.12747,-0.02224,0.00,-3.00,0.00,46.5,112.87,634.58,257.67,SEARCH_Y
13.2481,0.7360,0.7552,-0.3194,-0.01017,0.12147,-0.02124,0.00,-3.00,0.00,46.5,112.84,634.58,257.67,SEARCH_Y
13.2582,0.9760,0.1852,-0.2194,0.01882,0.12247,-0.02324,0.00,-3.00,0.00,46.5,112.81,634.58,257.67,SEARCH_Y
13.2683,1.0260,0.0252,-0.0894,0.02982,0.13147,-0.02424,0.00,-3.00,0.00,46.5,112.78,634.58,257.67,SEARCH_Y
13.2784,0.7460,0.6152,-0.0694,0.00782,0.13547,-0.02124,0.00,-3.00,0.00,46.5,112.75,634.58,257.67,SEARCH_Y
13.2886,0.8660,0.8752,-0.4794,0.00082,0.11947,-0.01624,0.00,-3.00,0.00,46.5,112.72,634.58,257.67,SEARCH_Y
13.2987,0.8160,0.6752,-0.2494,-0.00517,0.12547,-0.02124,0.00,-3.00,0.00,46.5,112.69,634.58,257.67,SEARCH_Y
13.3088,0.9460,0.5652,-0.2494,-0.00317,0.12647,-0.01624,0.00,-3.00,0.00,46.5,112.66,634.58,257.67,SEARCH_Y
13.3189,1.0260,0.0352,-0.2294,0.05382,0.13947,-0.02624,0.00,-3.00,0.00,46.6,112.63,634.57,257.67,SEARCH_Y
13.3291,0.7260,0.2452,-0.1194,0.01682,0.12447,-0.02824,0.00,-3.00,0.00,46.6,112.60,634.57,257.67,SEARCH_Y
13.3392,0.8860,0.5052,-0.0594,-0.00417,0.12247,-0.01824,0.00,-3.00,0.00,46.6,112.57,634.57,257.67,SEARCH_Y
13.3493,1.1660,0.4152,-0.1494,0.01982,0.12847,-0.01924,0.00,-3.00,0.00,46.6,112.53,634.57,257.67,SEARCH_Y
13.3594,1.0260,0.2752,-0.3394,0.02182,0.12047,-0.02924,0.00,-3.00,0.00,46.6,112.51,634.57,257.67,SEARCH_Y
13.3695,0.7160,0.2952,-0.1594,-0.00517,0.11347,-0.02324,0.00,-3.00,0.00,46.6,112.47,634.57,257.67,SEARCH_Y
13.3796,0.8960,0.7452,-0.2794,0.00082,0.13147,-0.01624,0.00,-3.00,0.00,46.6,112.44,634.57,257.67,SEARCH_Y
13.3898,0.9460,0.6452,-0.1394,0.01882,0.13647,-0.02224,0.00,-3.00,0.00,46.6,112.41,634.57,257.67,SEARCH_Y
13.3999,0.8860,0.5852,-0.3094,0.01382,0.12647,-0.02624,0.00,-3.00,0.00,46.6,112.38,634.57,257.67,SEARCH_Y
13.4100,0.9260,0.3952,0.0305,0.00382,0.13647,-0.02424,0.00,-3.00,0.00,46.6,112.35,634.57,257.67,SEARCH_Y
13.4201,0.8860,0.5852,-0.1094,-0.02317,0.12747,-0.02024,0.00,-3.00,0.00,46.6,112.32,634.57,257.67,SEARCH_Y
13.4302,1.0460,0.4452,0.0005,-0.00917,0.13147,-0.03024,0.00,-3.00,0.00,46.7,112.29,634.56,257.67,SEARCH_Y
13.4403,0.8560,0.6952,-0.3394,-0.04217,0.11547,-0.03024,0.00,-3.00,0.00,46.7,112.26,634.56,257.67,SEARCH_Y
13.4504,0.7260,0.6552,-0.0794,-0.05217,0.11747,-0.02724,0.00,-3.00,0.00,46.7,112.23,634.56,257.67,SEARCH_Y
13.4605,0.9460,0.7352,0.1005,-0.03117,0.13947,-0.02724,0.00,-3.00,0.00,46.7,112.20,634.56,257.67,SEARCH_Y
13.4707,0.9860,0.9452,-0.3594,-0.05217,0.11747,-0.03524,0.00,-3.00,0.00,46.7,112.17,634.56,257.67,SEARCH_Y
13.4808,1.0060,1.3552,-0.3094,-0.05817,0.11747,-0.03224,0.00,-3.00,0.00,46.7,112.14,634.56,257.67,SEARCH_Y
13.4909,0.8960,1.0852,-0.3094,-0.05417,0.12947,-0.02724,0.00,-3.00,0.00,46.7,112.11,634.56,257.67,SEARCH_Y
13.5011,1.0460,0.9152,-0.1394,-0.06817,0.12647,-0.03324,0.00,-3.00,0.00,46.7,112.08,634.56,257.67,SEARCH_Y
13.5111,0.9460,1.3552,-0.4694,-0.06817,0.11847,-0.02724,0.00,-3.00,0.00,46.7,112.05,634.56,257.67,SEARCH_Y
13.5212,1.1260,1.1252,-0.0494,-0.06817,0.12047,-0.03624,0.00,-3.00,0.00,46.7,112.01,634.56,257.67,SEARCH_Y
13.5314,0.9260,1.0352,-0.0294,-0.08817,0.13447,-0.03424,0.00,-3.00,0.00,46.7,111.99,634.56,257.67,SEARCH_Y
13.5415,0.9660,1.1852,-0.2594,-0.10017,0.12847,-0.03724,0.00,-3.00,0.00,46.7,111.95,634.56,257.67,SEARCH_Y
13.5516,0.6460,1.5552,-0.2694,-0.12517,0.12647,-0.03724,0.00,-3.00,0.00,46.8,111.93,634.55,257.67,SEARCH_Y
13.5617,0.8660,1.2152,-0.0794,-0.11717,0.13347,-0.04224,0.00,-3.00,0.00,46.8,111.89,634.55,257.67,SEARCH_Y
13.5718,0.9360,1.2952,0.2605,-0.10617,0.14147,-0.04224,0.00,-3.00,0.00,46.8,111.87,634.55,257.67,SEARCH_Y
13.5819,1.0360,1.1552,0.1905,-0.13417,0.12147,-0.04524,0.00,-3.00,0.00,46.8,111.83,634.55,257.67,SEARCH_Y
13.5920,0.9860,1.1452,0.1705,-0.12517,0.13247,-0.04424,0.00,-3.00,0.00,46.8,111.81,634.55,257.67,SEARCH_Y
13.6021,0.9760,1.3752,-0.1494,-0.13617,0.12847,-0.04424,0.00,-3.00,0.00,46.8,111.77,634.55,257.67,SEARCH_Y
13.6122,0.7960,1.3552,0.1805,-0.15217,0.12847,-0.04324,0.00,-3.00,0.00,46.8,111.75,634.55,257.67,SEARCH_Y
13.6223,0.8160,1.4252,0.1305,-0.15517,0.12647,-0.04624,0.00,-3.00,0.00,46.8,111.71,634.55,257.67,SEARCH_Y
13.6324,0.6160,1.7752,-0.0394,-0.17517,0.12047,-0.04324,0.00,-3.00,0.00,46.8,111.69,634.55,257.67,SEARCH_Y
13.6425,0.9460,1.8752,-0.4794,-0.17617,0.10347,-0.04424,0.00,-3.00,0.00,46.8,111.65,634.55,257.67,SEARCH_Y
13.6526,0.8660,1.5052,0.3405,-0.15017,0.14247,-0.04824,0.00,-3.00,0.00,46.8,111.63,634.55,257.67,SEARCH_Y
13.6627,1.0260,1.6952,0.0605,-0.16317,0.12747,-0.04924,0.00,-3.00,0.00,46.9,111.59,634.54,257.67,SEARCH_Y
13.6729,0.8560,1.5852,-0.0294,-0.19217,0.12747,-0.05224,0.00,-3.00,0.00,46.9,111.57,634.54,257.67,SEARCH_Y
13.6830,0.7660,1.3652,0.5805,-0.20517,0.13647,-0.05424,0.00,-3.00,0.00,46.9,111.53,634.54,257.67,SEARCH_Y
13.6931,0.9460,1.7652,-0.0494,-0.20517,0.12547,-0.05324,0.00,-3.00,0.00,46.9,111.51,634.54,257.67,SEARCH_Y
13.7032,0.8360,1.9552,0.1605,-0.20817,0.13347,-0.05524,0.00,-3.00,0.00,46.9,111.47,634.54,257.67,SEARCH_Y
13.7133,0.9160,1.4552,0.1505,-0.19717,0.13847,-0.05424,0.00,-3.00,0.00,46.9,111.43,634.54,257.67,SEARCH_Y
13.7234,1.1060,1.7552,0.0505,-0.21117,0.13047,-0.05124,0.00,-3.00,0.00,46.9,111.41,634.54,257.67,SEARCH_Y
13.7335,0.8460,1.9752,0.0805,-0.22817,0.12547,-0.05524,0.00,-3.00,0.00,46.9,111.37,634.54,257.67,SEARCH_Y
13.7437,1.0560,1.9752,-0.0094,-0.22817,0.12347,-0.05224,0.00,-3.00,0.00,46.9,111.35,634.54,257.67,SEARCH_Y
13.7538,0.7860,1.8952,0.0805,-0.24417,0.12647,-0.05424,0.00,-3.00,0.00,46.9,111.31,634.54,257.67,SEARCH_Y
13.7639,0.8760,1.8252,0.1705,-0.25017,0.12647,-0.05724,0.00,-3.00,0.00,46.9,111.29,634.54,257.67,SEARCH_Y
13.7740,1.0360,1.9252,0.4005,-0.23017,0.14847,-0.06124,0.00,-3.00,0.00,47.0,111.25,634.53,257.67,SEARCH_Y
13.7841,1.0360,2.2952,-0.1294,-0.25617,0.11947,-0.05824,0.00,-3.00,0.00,47.0,111.23,634.53,257.67,SEARCH_Y
13.7943,1.1860,2.0352,0.2305,-0.24817,0.12947,-0.06224,0.00,-3.00,0.00,47.0,111.19,634.53,257.67,SEARCH_Y
13.8044,0.7760,2.0952,0.0505,-0.28117,0.13247,-0.05924,0.00,-3.00,0.00,47.0,111.17,634.53,257.67,SEARCH_Y
13.8145,1.1360,2.1452,0.0305,-0.26917,0.11947,-0.06524,0.00,-3.00,0.00,47.0,111.13,634.53,257.67,SEARCH_Y
13.8246,0.8560,2.5052,-0.0994,-0.29017,0.12647,-0.06424,0.00,-3.00,0.00,47.0,111.11,634.53,257.67,SEARCH_Y
13.8347,0.8360,2.5252,-0.0394,-0.28717,0.13347,-0.06124,0.00,-3.00,0.00,47.0,111.07,634.53,257.67,SEARCH_Y
13.8448,0.8360,2.4852,0.0605,-0.29017,0.13247,-0.06424,0.00,-3.00,0.00,47.0,111.05,634.53,257.67,SEARCH_Y
13.8549,0.9760,2.3752,0.1205,-0.29417,0.12847,-0.06524,0.00,-3.00,0.00,47.0,111.01,634.53,257.67,SEARCH_Y
13.8650,0.8660,2.3252,0.3405,-0.31617,0.13247,-0.06524,0.00,-3.00,0.00,47.0,110.99,634.53,257.67,SEARCH_Y
13.8752,0.9060,2.4252,-0.1694,-0.31017,0.12247,-0.07024,0.00,-3.00,0.00,47.1,110.95,634.53,257.67,SEARCH_Y
13.8852,0.8060,2.3552,0.1605,-0.31917,0.12947,-0.07024,0.00,-3.00,0.00,47.1,110.93,634.53,257.67,SEARCH_Y
13.8953,0.6560,2.8652,-0.1694,-0.35617,0.12247,-0.07024,0.00,-3.00,0.00,47.1,110.89,634.52,257.67,SEARCH_Y
13.9055,0.8360,2.0952,0.3505,-0.34417,0.13147,-0.07424,0.00,-3.00,0.00,47.1,110.86,634.52,257.66,SEARCH_Y
13.9156,1.0260,2.6152,-0.0794,-0.34017,0.12147,-0.07324,0.00,-3.00,0.00,47.1,110.83,634.52,257.66,SEARCH_Y
13.9257,1.0460,2.4652,-0.0294,-0.34417,0.12447,-0.07724,0.00,-3.00,0.00,47.1,110.80,634.52,257.66,SEARCH_Y
13.9358,0.8060,2.7452,0.1505,-0.35217,0.12447,-0.07124,0.00,-3.00,0.00,47.1,110.77,634.52,257.66,SEARCH_Y
13.9459,0.9460,2.5152,0.1205,-0.36117,0.12547,-0.07424,0.00,-3.00,0.00,47.1,110.74,634.52,257.66,SEARCH_Y
13.9561,0.9460,2.8052,0.2405,-0.36017,0.12047,-0.07724,0.00,-3.00,0.00,47.1,110.71,634.52,257.66,SEARCH_Y
13.9661,0.7260,2.6052,0.3805,-0.37317,0.13047,-0.07524,0.00,-3.00,0.00,47.1,110.68,634.52,257.66,SEARCH_Y
13.9762,0.8060,2.5252,0.3005,-0.38617,0.13147,-0.07624,0.00,-3.00,0.00,47.1,110.65,634.52,257.66,SEARCH_Y
13.9864,0.7560,2.9152,0.1505,-0.38717,0.12847,-0.07924,0.00,-3.00,0.00,47.2,110.62,634.52,257.66,SEARCH_Y
13.9965,1.0060,2.8652,0.1105,-0.37817,0.13247,-0.08124,0.00,-3.00,0.00,47.2,110.59,634.52,257.66,SEARCH_Y
14.0066,0.9860,2.8252,0.2105,-0.38717,0.12947,-0.07924,0.00,-3.00,0.00,47.2,110.55,634.51,257.66,SEARCH_Y
14.0167,0.9360,2.7452,0.5705,-0.39017,0.14147,-0.08324,0.00,-3.00,0.00,47.2,110.53,634.51,257.66,SEARCH_Y
14.0268,0.9760,2.8352,0.4905,-0.40317,0.13347,-0.08224,0.00,-3.00,0.00,47.2,110.49,634.51,257.66,SEARCH_Z
14.0369,0.8060,3.0352,0.2105,-0.41717,0.11947,-0.08424,0.00,0.00,3.00,47.2,110.47,634.51,257.66,SEARCH_Z
14.0470,0.9760,3.1152,0.3705,-0.40317,0.13747,-0.08324,0.00,0.00,3.00,47.2,110.44,634.51,257.66,SEARCH_Z
14.0571,0.8660,3.2252,-0.0294,-0.43917,0.11747,-0.08424,0.00,0.00,3.00,47.2,110.41,634.51,257.66,SEARCH_Z
14.0672,0.6360,3.1552,0.1905,-0.42617,0.13647,-0.08424,0.00,0.00,3.00,47.2,110.38,634.52,257.66,SEARCH_Z
14.0773,0.7660,3.3452,0.0505,-0.44517,0.12647,-0.08524,0.00,0.00,3.00,47.2,110.36,634.53,257.66,SEARCH_Z
14.0874,0.8860,3.3952,0.0605,-0.44017,0.13347,-0.08724,0.00,0.00,3.00,47.2,110.34,634.54,257.66,SEARCH_Z
14.0976,0.6860,3.1452,0.4805,-0.46217,0.13347,-0.09024,0.00,0.00,3.00,47.3,110.33,634.56,257.66,SEARCH_Z
14.1077,0.8560,3.0852,0.3205,-0.46517,0.12347,-0.08824,0.00,0.00,3.00,47.3,110.31,634.57,257.66,SEARCH_Z
14.1178,0.8060,2.9552,0.5305,-0.46917,0.13447,-0.09324,0.00,0.00,3.00,47.3,110.30,634.59,257.67,SEARCH_Z
14.1279,0.8060,3.3952,0.3605,-0.47617,0.12447,-0.08924,0.00,0.00,3.00,47.3,110.29,634.61,257.67,SEARCH_Z
14.1380,0.7660,3.3552,0.4405,-0.47317,0.13347,-0.08924,0.00,0.00,3.00,47.3,110.29,634.64,257.67,SEARCH_Z
14.1481,0.8760,3.1852,0.4505,-0.47517,0.13447,-0.09324,0.00,0.00,3.00,47.3,110.28,634.66,257.67,SEARCH_Z
14.1582,0.8660,3.7852,-0.1294,-0.48817,0.10147,-0.08924,0.00,0.00,3.00,47.3,110.28,634.70,257.67,SEARCH_Z
14.1684,0.9560,3.5152,0.1405,-0.47917,0.11747,-0.09324,0.00,0.00,3.00,47.3,110.28,634.72,257.67,SEARCH_Z
14.1785,0.8060,3.5352,-0.2294,-0.49617,0.10847,-0.09024,0.00,0.00,3.00,47.3,110.28,634.76,257.67,SEARCH_Z
14.1886,0.8960,3.3352,0.0305,-0.50117,0.11047,-0.08924,0.00,0.00,3.00,47.3,110.28,634.78,257.67,SEARCH_Z
14.1987,0.6360,3.3052,0.3305,-0.49417,0.12647,-0.09024,0.00,0.00,3.00,47.3,110.28,634.82,257.67,SEARCH_Z
14.2088,0.8860,3.1752,0.2105,-0.48617,0.12547,-0.09224,0.00,0.00,3.00,47.3,110.28,634.84,257.67,SEARCH_Z
14.2189,0.8760,3.4152,0.4205,-0.49317,0.11847,-0.09124,0.00,0.00,3.00,47.3,110.27,634.88,257.68,SEARCH_Z
14.2290,0.8660,3.2152,0.0705,-0.50417,0.10747,-0.09324,0.00,0.00,3.00,47.3,110.27,634.90,257.68,SEARCH_Z
14.2392,0.6460,3.6452,-0.2194,-0.53317,0.08947,-0.08624,0.00,0.00,3.00,47.3,110.27,634.94,257.68,SEARCH_Z
14.2493,0.6860,3.3852,-0.1494,-0.51717,0.10347,-0.08424,0.00,0.00,3.00,47.3,110.27,634.97,257.68,SEARCH_Z
14.2594,0.5960,4.0652,-0.3194,-0.53517,0.08447,-0.07924,0.00,0.00,3.00,47.3,110.27,635.00,257.68,SEARCH_Z
14.2695,0.6060,3.6252,-0.1994,-0.53217,0.08147,-0.08524,0.00,0.00,3.00,47.3,110.27,635.03,257.68,SEARCH_Z
14.2796,0.7560,3.8452,-0.3494,-0.52317,0.08947,-0.08524,0.00,0.00,3.00,47.3,110.27,635.06,257.68,SEARCH_Z
14.2898,0.7860,3.7452,-0.2094,-0.52717,0.09447,-0.08224,0.00,0.00,3.00,47.3,110.27,635.09,257.68,SEARCH_Z
14.2999,0.5960,3.5052,-0.0094,-0.54117,0.09847,-0.08724,0.00,0.00,3.00,47.3,110.27,635.12,257.68,SEARCH_Z
14.3102,0.8160,3.5852,-0.1394,-0.51617,0.09447,-0.08824,0.00,0.00,3.00,47.3,110.26,635.15,257.69,SEARCH_Z
14.3203,0.7160,4.0352,-0.3694,-0.53117,0.09047,-0.08524,0.00,0.00,3.00,47.3,110.26,635.18,257.69,SEARCH_Z
14.3304,0.6260,3.5352,0.0705,-0.52517,0.10347,-0.08524,0.00,0.00,3.00,47.3,110.26,635.21,257.69,SEARCH_Z
14.3406,0.6360,3.3552,-0.1894,-0.52217,0.10147,-0.09024,0.00,0.00,3.00,47.3,110.26,635.24,257.69,SEARCH_Z
14.3507,0.8460,3.6652,-0.4594,-0.49917,0.10447,-0.08424,0.00,0.00,3.00,47.3,110.26,635.27,257.69,SEARCH_Z
14.3608,0.8060,3.7052,-0.1694,-0.52117,0.09847,-0.09324,0.00,0.00,3.00,47.3,110.26,635.30,257.69,SEARCH_Z
14.3709,0.6360,3.7552,-0.1794,-0.54117,0.09747,-0.08724,0.00,0.00,3.00,47.3,110.26,635.33,257.69,SEARCH_Z
14.3810,0.5560,3.3752,-0.1694,-0.53617,0.10547,-0.09124,0.00,0.00,3.00,47.3,110.26,635.36,257.69,SEARCH_Z
14.3911,0.5960,3.6952,-0.2294,-0.53317,0.10447,-0.08824,0.00,0.00,3.00,47.3,110.26,635.39,257.69,SEARCH_Z
14.4012,0.7660,3.4752,-0.0494,-0.53517,0.10247,-0.09124,0.00,0.00,3.00,47.3,110.25,635.43,257.70,SEARCH_Z
14.4113,0.8760,3.5952,0.0105,-0.52317,0.10347,-0.08824,0.00,0.00,3.00,47.3,110.25,635.46,257.70,SEARCH_Z
14.4214,0.6560,3.5152,-0.0594,-0.54317,0.09247,-0.09324,0.00,0.00,3.00,47.3,110.25,635.49,257.70,SEARCH_Z
14.4315,0.7960,3.2252,-0.1394,-0.52117,0.10047,-0.09324,0.00,0.00,3.00,47.3,110.25,635.51,257.70,SEARCH_Z
14.4416,0.7160,3.9752,-0.6394,-0.52717,0.09947,-0.08424,0.00,0.00,3.00,47.3,110.25,635.55,257.70,SEARCH_Z
14.4517,0.7160,3.6852,-0.2594,-0.52217,0.10947,-0.09024,0.00,0.00,3.00,47.3,110.25,635.57,257.70,SEARCH_Z
14.4618,0.7760,3.4952,-0.0294,-0.51417,0.10147,-0.08924,0.00,0.00,3.00,47.3,110.25,635.61,257.70,SEARCH_Z
14.4719,0.8060,3.4652,-0.1394,-0.52417,0.10447,-0.08724,0.00,0.00,3.00,47.3,110.25,635.63,257.70,SEARCH_Z
14.4820,0.8760,3.8152,-0.4494,-0.54817,0.08847,-0.08924,0.00,0.00,3.00,47.3,110.24,635.67,257.70,SEARCH_Z
14.4922,0.6860,3.3152,-0.2294,-0.53017,0.09247,-0.08924,0.00,0.00,3.00,47.3,110.24,635.69,257.71,SEARCH_Z
14.5023,0.8060,3.5052,0.1505,-0.51917,0.11147,-0.09424,0.00,0.00,3.00,47.3,110.24,635.73,257.71,SEARCH_Z
14.5124,0.8060,3.4752,-0.0394,-0.52417,0.10347,-0.09424,0.00,0.00,3.00,47.3,110.24,635.75,257.71,SEARCH_Z
14.5225,0.6760,3.5852,-0.1194,-0.54017,0.10247,-0.09024,0.00,0.00,3.00,47.3,110.24,635.79,257.71,SEARCH_Z
14.5326,0.7160,3.9652,-0.3694,-0.53317,0.10147,-0.09024,0.00,0.00,3.00,47.3,110.24,635.81,257.71,SEARCH_Z
14.5428,0.5560,3.4752,-0.1594,-0.53017,0.10447,-0.09024,0.00,0.00,3.00,47.3,110.24,635.85,257.71,SEARCH_Z
14.5529,0.8260,3.4152,0.0605,-0.52017,0.11547,-0.09224,0.00,0.00,3.00,47.3,110.24,635.87,257.71,SEARCH_Z
14.5630,0.8860,3.2552,0.1005,-0.52617,0.10747,-0.09124,0.00,0.00,3.00,47.3,110.24,635.91,257.71,SEARCH_Z
14.5731,0.7360,3.7952,-0.1294,-0.53217,0.10147,-0.08924,0.00,0.00,3.00,47.3,110.23,635.94,257.71,SEARCH_Z
14.5832,0.8460,3.4452,-0.0194,-0.51917,0.10847,-0.09024,0.00,0.00,3.00,47.3,110.23,635.97,257.72,SEARCH_Z
14.5933,0.7660,3.4052,-0.0694,-0.52117,0.11847,-0.09224,0.00,0.00,3.00,47.3,110.23,636.00,257.72,SEARCH_Z
14.6034,0.8060,3.5752,-0.1994,-0.52217,0.09447,-0.08924,0.00,0.00,3.00,47.3,110.23,636.03,257.72,SEARCH_Z
14.6135,0.6160,3.7752,-0.0794,-0.53317,0.10447,-0.08624,0.00,0.00,3.00,47.3,110.23,636.06,257.72,SEARCH_Z
14.6236,0.8360,3.5052,-0.3494,-0.53117,0.09147,-0.09324,0.00,0.00,3.00,47.3,110.23,636.09,257.72,SEARCH_Z
14.6337,0.8360,3.2552,0.2705,-0.51417,0.12047,-0.09424,0.00,0.00,3.00,47.3,110.23,636.12,257.72,SEARCH_Z
14.6438,0.7360,3.4852,-0.3194,-0.51617,0.10747,-0.09224,0.00,0.00,3.00,47.3,110.23,636.15,257.72,SEARCH_Z
14.6539,0.7160,3.5752,-0.0994,-0.52617,0.11147,-0.09024,0.00,0.00,3.00,47.3,110.23,636.18,257.72,SEARCH_Z
14.6640,0.6860,3.7152,-0.4094,-0.53917,0.09547,-0.08524,0.00,0.00,3.00,47.3,110.22,636.21,257.72,SEARCH_Z
14.6742,0.9760,3.8652,-0.4994,-0.52117,0.09747,-0.09224,0.00,0.00,3.00,47.3,110.22,636.24,257.73,SEARCH_Z
14.6842,0.6760,3.7152,-0.4994,-0.53317,0.09847,-0.08724,0.00,0.00,3.00,47.3,110.22,636.27,257.73,SEARCH_Z
14.6943,0.7760,3.5752,-0.1994,-0.54017,0.10347,-0.09024,0.00,0.00,3.00,47.3,110.22,636.30,257.73,SEARCH_Z
14.7044,0.6660,3.7852,-0.1894,-0.53417,0.10747,-0.09124,0.00,0.00,3.00,47.3,110.22,636.33,257.73,SEARCH_Z
14.7145,0.9660,3.5252,0.1505,-0.52417,0.10747,-0.09224,0.00,0.00,3.00,47.3,110.22,636.36,257.73,SEARCH_Z
14.7247,0.7360,3.6952,-0.2694,-0.53017,0.10247,-0.09224,0.00,0.00,3.00,47.3,110.22,636.39,257.73,SEARCH_Z
14.7348,0.6860,3.6752,-0.1794,-0.53017,0.10647,-0.09324,0.00,0.00,3.00,47.3,110.22,636.42,257.73,SEARCH_Z
14.7449,0.7960,3.2052,0.2905,-0.52517,0.10847,-0.09024,0.00,0.00,3.00,47.3,110.22,636.45,257.73,SEARCH_Z
14.7551,0.6660,3.4252,0.2405,-0.51717,0.12347,-0.09124,0.00,0.00,3.00,47.3,110.21,636.48,257.73,SEARCH_Z
14.7652,0.9760,3.5352,0.0005,-0.51817,0.10847,-0.09324,0.00,0.00,3.00,47.3,110.21,636.52,257.74,SEARCH_Z
14.7753,0.7560,3.4652,-0.1394,-0.53217,0.10847,-0.09024,0.00,0.00,3.00,47.3,110.21,636.54,257.74,SEARCH_Z
14.7854,0.7160,3.3552,0.2405,-0.53117,0.11647,-0.09524,0.00,0.00,3.00,47.3,110.21,636.58,257.74,SEARCH_Z
14.7955,0.6160,3.7552,-0.1294,-0.54217,0.10047,-0.09024,0.00,0.00,3.00,47.3,110.21,636.60,257.74,SEARCH_Z
14.8056,0.7860,3.8452,-0.3794,-0.53617,0.09547,-0.09324,0.00,0.00,3.00,47.3,110.21,636.64,257.74,SEARCH_Z
14.8157,0.7760,3.4352,0.0505,-0.53017,0.10547,-0.09424,0.00,0.00,3.00,47.3,110.21,636.66,257.74,SEARCH_Z
14.8259,0.6360,3.2752,0.4305,-0.52217,0.12947,-0.09224,0.00,0.00,3.00,47.3,110.21,636.70,257.74,SEARCH_Z
14.8360,0.7260,3.5552,-0.1894,-0.51317,0.11447,-0.09124,0.00,0.00,3.00,47.3,110.20,636.72,257.74,SEARCH_Z
14.8461,0.8160,3.5552,-0.1794,-0.52317,0.10147,-0.09424,0.00,0.00,3.00,47.3,110.20,636.76,257.74,SEARCH_Z
14.8562,0.7360,3.6452,-0.1094,-0.53117,0.10547,-0.08924,0.00,0.00,3.00,47.3,110.20,636.78,257.74,SEARCH_Z
14.8663,1.0960,3.1352,0.2005,-0.51617,0.11147,-0.09324,0.00,0.00,3.00,47.3,110.20,636.82,257.75,SEARCH_Z
14.8764,0.5160,3.4152,0.0705,-0.52817,0.11947,-0.09424,0.00,0.00,3.00,47.3,110.20,636.84,257.75,SEARCH_Z
14.8865,0.4660,3.6652,-0.1694,-0.54517,0.10247,-0.08824,0.00,0.00,3.00,47.3,110.20,636.88,257.75,SEARCH_Z
14.8967,0.7560,2.9152,0.4905,-0.52017,0.11847,-0.09524,0.00,0.00,3.00,47.3,110.20,636.90,257.75,SEARCH_Z
14.9068,0.9660,3.6152,-0.1094,-0.51617,0.10847,-0.09424,0.00,0.00,3.00,47.3,110.20,636.94,257.75,SEARCH_Z
14.9169,0.8860,3.3652,-0.0394,-0.51317,0.11147,-0.09424,0.00,0.00,3.00,47.3,110.20,636.98,257.75,SEARCH_Z
14.9270,0.7960,3.6352,-0.1494,-0.52717,0.10547,-0.08824,0.00,0.00,3.00,47.3,110.19,637.00,257.75,SEARCH_Z
14.9372,0.8160,3.3652,-0.2094,-0.54017,0.09847,-0.09324,0.00,0.00,3.00,47.3,110.19,637.04,257.75,SEARCH_Z
14.9473,0.6060,3.4152,0.0105,-0.52417,0.11947,-0.09524,0.00,0.00,3.00,47.3,110.19,637.06,257.75,SEARCH_Z
14.9574,0.8760,3.3952,0.0205,-0.52217,0.11247,-0.09524,0.00,0.00,3.00,47.3,110.19,637.10,257.76,SEARCH_Z
14.9675,0.7560,3.6852,-0.1394,-0.52017,0.11547,-0.09024,0.00,0.00,3.00,47.3,110.19,637.12,257.76,SEARCH_Z
14.9776,0.7660,3.4152,-0.0694,-0.54117,0.10247,-0.09424,0.00,0.00,3.00,47.3,110.19,637.16,257.76,SEARCH_Z
14.9878,0.6860,3.7352,-0.5294,-0.54517,0.09647,-0.09024,0.00,0.00,3.00,47.3,110.19,637.18,257.76,SEARCH_Z
14.9979,0.8660,3.7052,0.0205,-0.53717,0.10947,-0.09424,0.00,0.00,3.00,47.3,110.19,637.22,257.76,SEARCH_Z
15.0080,0.8860,3.2652,0.1605,-0.52917,0.11647,-0.09624,0.00,0.00,3.00,47.4,110.19,637.24,257.76,SEARCH_Z
15.0181,0.6560,3.7052,-0.2694,-0.53817,0.09847,-0.09024,0.00,0.00,3.00,47.4,110.18,637.28,257.76,SEARCH_Z
15.0282,0.9560,3.5952,-0.0294,-0.52317,0.10647,-0.09324,0.00,0.00,3.00,47.4,110.18,637.30,257.76,SEARCH_Z
15.0383,0.6460,3.5952,-0.4094,-0.52617,0.10747,-0.09124,0.00,0.00,3.00,47.4,110.18,637.34,257.76,SEARCH_Z
15.0484,0.7460,3.5752,0.0105,-0.51317,0.12247,-0.09124,0.00,0.00,3.00,47.4,110.18,637.36,257.77,SEARCH_Z
15.0586,0.6460,3.5652,-0.1594,-0.52417,0.11347,-0.09024,0.00,0.00,3.00,47.4,110.18,637.40,257.77,SEARCH_Z
15.0687,0.7860,3.6652,0.0105,-0.52817,0.10947,-0.09624,0.00,0.00,3.00,47.4,110.18,637.42,257.77,SEARCH_Z
15.0788,0.7460,3.4352,-0.0194,-0.54317,0.10447,-0.09324,0.00,0.00,3.00,47.4,110.18,637.46,257.77,SEARCH_Z
15.0889,0.7760,3.3952,0.2305,-0.51617,0.12447,-0.09324,0.00,0.00,3.00,47.4,110.18,637.48,257.77,SEARCH_Z
15.0991,0.7660,3.6552,-0.3094,-0.53017,0.10147,-0.09424,0.00,0.00,3.00,47.4,110.17,637.52,257.77,SEARCH_Z
15.1092,1.0360,3.5052,0.1905,-0.51117,0.11347,-0.09624,0.00,0.00,3.00,47.4,110.17,637.54,257.77,SEARCH_Z
15.1193,0.7960,3.5952,-0.2494,-0.53317,0.10647,-0.09124,0.00,0.00,3.00,47.4,110.17,637.58,257.77,SEARCH_Z
15.1295,0.7860,3.2752,0.1605,-0.52517,0.12047,-0.09624,0.00,0.00,3.00,47.4,110.17,637.61,257.77,SEARCH_Z
15.1396,0.8060,3.6352,-0.0894,-0.53317,0.10047,-0.09224,0.00,0.00,3.00,47.4,110.17,637.64,257.78,SEARCH_Z
15.1497,0.9960,3.2652,0.1405,-0.51717,0.11447,-0.09724,0.00,0.00,3.00,47.4,110.17,637.67,257.78,SEARCH_Z
15.1598,0.8460,3.6952,0.1505,-0.53617,0.10447,-0.09124,0.00,0.00,3.00,47.4,110.17,637.70,257.78,SEARCH_Z
15.1700,0.7060,3.4752,0.1405,-0.54217,0.10747,-0.09224,0.00,0.00,3.00,47.4,110.17,637.73,257.78,SEARCH_Z
15.1801,0.9860,3.6252,-0.1694,-0.52117,0.09847,-0.08924,0.00,0.00,3.00,47.4,110.17,637.76,257.78,SEARCH_Z
15.1902,0.8460,3.1952,-0.0394,-0.53117,0.10247,-0.09424,0.00,0.00,3.00,47.4,110.16,637.79,257.78,SEARCH_Z
15.2003,0.8760,3.4452,-0.0994,-0.52317,0.11047,-0.09124,0.00,0.00,3.00,47.4,110.16,637.82,257.78,SEARCH_Z
15.2104,0.5360,3.5352,-0.0894,-0.53317,0.11547,-0.09024,0.00,0.00,3.00,47.4,110.16,637.85,257.78,SEARCH_Z
15.2205,0.7760,3.5052,-0.1094,-0.52617,0.10747,-0.09424,0.00,0.00,3.00,47.4,110.16,637.88,257.78,SEARCH_Z
15.2306,0.6760,3.8552,-0.0594,-0.53117,0.10747,-0.08924,0.00,0.00,3.00,47.4,110.16,637.91,257.79,SEARCH_Z
15.2408,0.7260,3.6252,-0.3694,-0.52717,0.10247,-0.09124,0.00,0.00,3.00,47.4,110.16,637.94,257.79,SEARCH_Z
15.2509,0.8260,3.6452,-0.3494,-0.55217,0.08947,-0.09124,0.00,0.00,3.00,47.4,110.16,637.97,257.79,SEARCH_Z
15.2610,0.7360,3.2152,0.2005,-0.52917,0.11547,-0.09124,0.00,0.00,3.00,47.4,110.16,638.01,257.79,SEARCH_Z
15.2711,0.8560,3.5552,-0.1794,-0.52817,0.10347,-0.09324,0.00,0.00,3.00,47.4,110.16,638.03,257.79,SEARCH_Z
15.2812,0.9160,3.1752,0.0905,-0.53017,0.10347,-0.09624,0.00,0.00,3.00,47.4,110.15,638.07,257.79,SEARCH_Z
15.2913,0.6760,3.5152,-0.2994,-0.53717,0.10547,-0.09524,0.00,0.00,3.00,47.4,110.15,638.09,257.79,SEARCH_Z
15.3015,0.7260,3.4452,0.0105,-0.53617,0.11647,-0.09024,0.00,0.00,3.00,47.4,110.15,638.13,257.79,SEARCH_Z
15.3116,0.8060,3.3752,0.2305,-0.52317,0.12347,-0.09424,0.00,0.00,3.00,47.4,110.15,638.15,257.79,SEARCH_Z
15.3217,0.5360,3.8652,-0.7894,-0.54417,0.08647,-0.09224,0.00,0.00,3.00,47.4,110.15,638.19,257.80,SEARCH_Z
15.3318,0.5860,3.6752,-0.3294,-0.55217,0.09747,-0.09124,0.00,0.00,3.00,47.4,110.15,638.21,257.80,SEARCH_Z
15.3420,0.5960,3.5652,-0.0094,-0.54917,0.09947,-0.09224,0.00,0.00,3.00,47.4,110.15,638.25,257.80,SEARCH_Z
15.3521,0.9560,3.6152,-0.0794,-0.53617,0.09847,-0.09624,0.00,0.00,3.00,47.4,110.15,638.27,257.80,SEARCH_Z
15.3622,0.8060,3.6652,-0.1294,-0.52817,0.10747,-0.09624,0.00,0.00,3.00,47.4,110.14,638.31,257.80,SEARCH_Z
15.3723,0.6960,3.3752,0.1305,-0.53717,0.10647,-0.09124,0.00,0.00,3.00,47.4,110.14,638.33,257.80,SEARCH_Z
15.3825,0.8560,3.5452,-0.1794,-0.53917,0.10347,-0.09224,0.00,0.00,3.00,47.4,110.14,638.37,257.80,SEARCH_Z
15.3926,0.5860,3.3552,0.0805,-0.53717,0.11047,-0.09324,0.00,0.00,3.00,47.4,110.14,638.39,257.80,SEARCH_Z
15.4027,0.7960,3.4752,-0.1194,-0.53217,0.10147,-0.09624,0.00,0.00,3.00,47.4,110.14,638.43,257.80,SEARCH_Z
15.4128,0.5860,3.7852,-0.0194,-0.53417,0.10847,-0.09324,0.00,0.00,3.00,47.4,110.14,638.46,257.81,SEARCH_Z
15.4230,0.6560,3.3052,-0.2394,-0.54217,0.10147,-0.09224,0.00,0.00,3.00,47.4,110.14,638.49,257.81,SEARCH_Z
15.4331,0.7060,3.7752,-0.2694,-0.53817,0.10447,-0.09224,0.00,0.00,3.00,47.4,110.14,638.52,257.81,SEARCH_Z
15.4432,0.6160,3.8952,-0.2094,-0.53917,0.10647,-0.08924,0.00,0.00,3.00,47.4,110.14,638.55,257.81,SEARCH_Z
15.4533,0.7260,3.7052,-0.1694,-0.55217,0.09947,-0.09424,0.00,0.00,3.00,47.5,110.13,638.58,257.81,SEARCH_Z
15.4634,0.7160,3.3052,0.3205,-0.53217,0.11847,-0.09624,0.00,0.00,3.00,47.5,110.13,638.61,257.81,SEARCH_Z
15.4735,0.9160,3.7152,-0.4894,-0.54517,0.08747,-0.09324,0.00,0.00,3.00,47.5,110.13,638.64,257.81,SEARCH_Z
15.4836,0.6860,3.6852,-0.1594,-0.53817,0.10747,-0.09224,0.00,0.00,3.00,47.5,110.13,638.67,257.81,SEARCH_Z
15.4937,0.6760,3.5352,-0.1594,-0.52017,0.11147,-0.09524,0.00,0.00,3.00,47.5,110.13,638.70,257.81,SEARCH_Z
15.5039,0.8060,3.4952,0.0905,-0.52217,0.11047,-0.09524,0.00,0.00,3.00,47.5,110.13,638.73,257.82,SEARCH_Z
15.5140,0.6860,3.5452,-0.1494,-0.54717,0.10747,-0.09124,0.00,0.00,3.00,47.5,110.13,638.76,257.82,SEARCH_Z
15.5241,0.8160,3.3552,-0.1494,-0.52917,0.10147,-0.09624,0.00,0.00,3.00,47.5,110.13,638.79,257.82,SEARCH_Z
15.5342,0.8860,3.2552,0.0105,-0.52017,0.11147,-0.09924,0.00,0.00,3.00,47.5,110.13,638.82,257.82,SEARCH_Z
15.5443,1.0160,3.3452,0.0505,-0.52517,0.10847,-0.09524,0.00,0.00,3.00,47.5,110.12,638.85,257.82,SEARCH_Z
15.5544,0.7060,3.2752,0.1905,-0.54217,0.11447,-0.09924,0.00,0.00,3.00,47.5,110.12,638.88,257.82,SEARCH_Z
15.5645,0.8460,3.6152,-0.1294,-0.54417,0.09847,-0.09724,0.00,0.00,3.00,47.5,110.12,638.91,257.82,SEARCH_Z
15.5746,0.8960,3.7252,0.0005,-0.54117,0.10447,-0.09624,0.00,0.00,3.00,47.5,110.12,638.94,257.82,SEARCH_Z
15.5847,0.8160,3.9252,-0.2894,-0.54217,0.09747,-0.09324,0.00,0.00,3.00,47.5,110.12,638.97,257.82,SEARCH_Z
15.5949,0.7760,3.2752,0.1905,-0.53717,0.11147,-0.09424,0.00,0.00,3.00,47.5,110.12,639.00,257.83,SEARCH_Z
15.6050,0.7060,3.6052,-0.1394,-0.53117,0.10347,-0.09524,0.00,0.00,3.00,47.5,110.12,639.04,257.83,SEARCH_Z
15.6151,0.8360,3.4352,-0.0394,-0.52817,0.10747,-0.09324,0.00,0.00,3.00,47.5,110.12,639.06,257.83,SEARCH_Z
15.6252,0.8660,3.7952,-0.2794,-0.53017,0.09947,-0.08924,0.00,0.00,3.00,47.5,110.11,639.10,257.83,SEARCH_Z
15.6353,0.8760,3.3752,-0.3294,-0.52617,0.10647,-0.09624,0.00,0.00,3.00,47.5,110.11,639.12,257.83,SEARCH_Z
15.6454,0.7460,3.3652,0.1705,-0.53017,0.11547,-0.09524,0.00,0.00,3.00,47.5,110.11,639.16,257.83,SEARCH_Z
15.6556,0.7060,3.7652,-0.2494,-0.53717,0.09547,-0.09024,0.00,0.00,3.00,47.5,110.11,639.18,257.83,SEARCH_Z
15.6657,0.6960,3.7352,-0.3094,-0.53017,0.09947,-0.09324,0.00,0.00,3.00,47.5,110.11,639.22,257.83,SEARCH_Z
15.6758,0.7460,3.5052,-0.1494,-0.52217,0.11347,-0.10024,0.00,0.00,3.00,47.5,110.11,639.24,257.83,SEARCH_Z
15.6859,0.6160,3.5152,0.0105,-0.54217,0.10347,-0.09324,0.00,0.00,3.00,47.5,110.11,639.28,257.84,SEARCH_Z
15.6960,0.5560,3.5352,-0.1494,-0.54717,0.10147,-0.09524,0.00,0.00,3.00,47.5,110.11,639.30,257.84,SEARCH_Z
15.7061,0.5860,3.5752,-0.2294,-0.53317,0.11147,-0.09124,0.00,0.00,3.00,47.5,110.11,639.34,257.84,SEARCH_Z
15.7162,0.6460,3.3952,-0.0394,-0.54617,0.09647,-0.09424,0.00,0.00,3.00,47.5,110.10,639.36,257.84,SEARCH_Z
15.7263,0.9760,3.5652,0.0005,-0.52917,0.10147,-0.09424,0.00,0.00,3.00,47.5,110.10,639.40,257.84,SEARCH_Z
15.7365,0.7360,3.8252,-0.1794,-0.52517,0.11647,-0.09024,0.00,0.00,3.00,47.5,110.10,639.42,257.84,SEARCH_Z
15.7466,0.8860,3.4152,0.0405,-0.53017,0.10047,-0.09524,0.00,0.00,3.00,47.5,110.10,639.46,257.84,SEARCH_Z
15.7567,0.8160,3.4752,0.2805,-0.52617,0.11347,-0.09824,0.00,0.00,3.00,47.5,110.10,639.50,257.84,SEARCH_Z
15.7668,0.9260,3.6252,0.0305,-0.52817,0.10447,-0.09624,0.00,0.00,3.00,47.5,110.10,639.52,257.84,SEARCH_Z
15.7770,0.6160,3.7152,0.1505,-0.52617,0.10947,-0.09424,0.00,0.00,3.00,47.5,110.10,639.56,257.85,SEARCH_Z
15.7871,0.8060,3.5052,-0.0194,-0.51117,0.12047,-0.09824,0.00,0.00,3.00,47.6,110.10,639.58,257.85,SEARCH_Z
15.7972,0.6660,3.4652,0.1205,-0.54117,0.11247,-0.09624,0.00,0.00,3.00,47.6,110.10,639.62,257.85,SEARCH_Z
15.8073,0.7560,3.6652,-0.1094,-0.52817,0.09947,-0.09024,0.00,0.00,3.00,47.6,110.09,639.64,257.85,SEARCH_Z
15.8174,0.5660,3.7352,-0.2794,-0.52817,0.11347,-0.09424,0.00,0.00,3.00,47.6,110.09,639.68,257.85,SEARCH_Z
15.8275,0.9160,3.2452,0.1905,-0.51917,0.12247,-0.10024,0.00,0.00,3.00,47.6,110.09,639.70,257.85,SEARCH_Z
15.8376,0.6460,3.5452,0.0105,-0.53317,0.10047,-0.09424,0.00,0.00,3.00,47.6,110.09,639.74,257.85,SEARCH_Z
15.8478,0.7960,3.5252,-0.3194,-0.52717,0.09847,-0.09824,0.00,0.00,3.00,47.6,110.09,639.76,257.85,SEARCH_Z
15.8579,0.7460,3.5952,0.0405,-0.52917,0.10247,-0.09124,0.00,0.00,3.00,47.6,110.09,639.80,257.85,SEARCH_Z
15.8680,0.6160,3.4952,0.2405,-0.55117,0.09447,-0.09724,0.00,0.00,3.00,47.6,110.09,639.82,257.86,SEARCH_Z
15.8781,0.8160,3.5552,0.3305,-0.51517,0.10447,-0.09424,0.00,0.00,3.00,47.6,110.09,639.86,257.86,SEARCH_Z
15.8882,0.5560,3.2352,0.5605,-0.51817,0.11647,-0.09124,0.00,0.00,3.00,47.6,110.09,639.88,257.86,SEARCH_Z
15.8983,0.9860,3.4352,0.5305,-0.52717,0.09347,-0.09124,0.00,0.00,3.00,47.6,110.08,639.92,257.86,SEARCH_Z
15.9084,0.5760,3.6452,-0.1294,-0.53417,0.09247,-0.09324,0.00,0.00,3.00,47.6,110.08,639.94,257.86,SEARCH_Z
15.9186,0.7160,3.6452,0.2005,-0.53417,0.09447,-0.09224,0.00,0.00,3.00,47.6,110.08,639.98,257.86,SEARCH_Z
15.9287,0.8560,3.9252,-0.0494,-0.51117,0.10447,-0.09224,0.00,0.00,3.00,47.6,110.08,640.01,257.86,SEARCH_Z
15.9388,0.6960,3.7852,-0.0494,-0.50817,0.10547,-0.09024,0.00,0.00,3.00,47.6,110.08,640.04,257.86,SEARCH_Z
15.9489,0.7160,3.4852,0.2005,-0.49917,0.10147,-0.09024,0.00,0.00,3.00,47.6,110.08,640.07,257.86,SEARCH_Z
15.9590,0.7660,3.3052,0.5705,-0.50217,0.10347,-0.09224,0.00,0.00,3.00,47.6,110.08,640.10,257.87,SEARCH_Z
15.9691,0.6560,3.5652,0.4905,-0.51217,0.09747,-0.09124,0.00,0.00,3.00,47.6,110.08,640.13,257.87,SEARCH_Z
15.9793,0.5060,3.4852,0.2305,-0.51617,0.08547,-0.09124,0.00,0.00,3.00,47.6,110.07,640.16,257.87,SEARCH_Z
15.9894,0.6560,3.2952,0.3805,-0.49917,0.09947,-0.08624,0.00,0.00,3.00,47.6,110.07,640.19,257.87,SEARCH_Z
15.9995,0.7860,3.5452,0.4705,-0.49717,0.09047,-0.09124,0.00,0.00,3.00,47.6,110.07,640.22,257.87,SEARCH_Z
16.0096,0.8860,3.5352,0.3905,-0.49017,0.10247,-0.08724,0.00,0.00,3.00,47.6,110.07,640.25,257.87,SEARCH_Z
16.0197,0.5760,3.7452,0.7005,-0.51517,0.09847,-0.09224,0.00,0.00,3.00,47.6,110.07,640.28,257.87,SEARCH_Z
16.0298,0.5960,3.4252,0.5205,-0.51617,0.09447,-0.08824,0.00,0.00,3.00,47.6,110.07,640.31,257.87,SEARCH_Z
16.0399,0.5860,3.2452,0.4405,-0.51117,0.09547,-0.09024,0.00,0.00,3.00,47.6,110.07,640.34,257.87,SEARCH_Z
16.0500,0.7260,3.2852,0.6005,-0.50017,0.10847,-0.09024,0.00,0.00,3.00,47.6,110.07,640.37,257.88,SEARCH_Z
16.0601,0.5960,3.5052,0.3505,-0.50017,0.10147,-0.08524,0.00,0.00,3.00,47.6,110.07,640.40,257.88,SEARCH_Z
16.0702,0.5060,3.4652,0.1205,-0.50617,0.09147,-0.08424,0.00,0.00,3.00,47.7,110.06,640.43,257.88,SEARCH_Z
16.0803,0.6460,3.3652,0.3305,-0.48217,0.10647,-0.08924,0.00,0.00,3.00,47.7,110.06,640.46,257.88,SEARCH_Z
16.0904,0.6460,3.3852,0.4005,-0.48017,0.11547,-0.08924,0.00,0.00,3.00,47.7,110.06,640.49,257.88,SEARCH_Z
16.1006,0.7960,3.3452,0.5905,-0.48517,0.09947,-0.08824,0.00,0.00,3.00,47.7,110.06,640.52,257.88,SEARCH_Z
16.1107,0.7860,3.6252,0.1805,-0.47717,0.09847,-0.08724,0.00,0.00,3.00,47.7,110.06,640.55,257.88,SEARCH_Z
16.1208,0.6760,3.7352,0.0505,-0.47717,0.10047,-0.08624,0.00,0.00,3.00,47.7,110.06,640.59,257.88,SEARCH_Z
16.1309,0.7860,3.3952,0.5305,-0.47317,0.11347,-0.09024,0.00,0.00,3.00,47.7,110.06,640.61,257.88,SEARCH_Z
16.1410,0.6560,3.6052,0.2505,-0.48617,0.09447,-0.08824,0.00,0.00,3.00,47.7,110.06,640.65,257.89,SEARCH_Z
16.1512,0.4360,3.2752,0.3605,-0.49217,0.10247,-0.08824,0.00,0.00,3.00,47.7,110.06,640.67,257.89,SEARCH_Z
16.1613,0.8860,3.3852,0.7405,-0.45417,0.11847,-0.08924,0.00,0.00,3.00,47.7,110.05,640.71,257.89,SEARCH_Z
16.1714,0.6960,3.1352,0.7605,-0.47017,0.11047,-0.08724,0.00,0.00,3.00,47.7,110.05,640.73,257.89,SEARCH_Z
16.1815,0.5360,3.3752,0.2505,-0.48317,0.10247,-0.08924,0.00,0.00,3.00,47.7,110.05,640.77,257.89,SEARCH_Z
16.1917,0.6460,3.0852,1.0805,-0.45717,0.12747,-0.09124,0.00,0.00,3.00,47.7,110.05,640.79,257.89,SEARCH_Z
16.2018,0.4760,3.7552,0.4005,-0.46617,0.11547,-0.08624,0.00,0.00,3.00,47.7,110.05,640.83,257.89,SEARCH_Z
16.2119,0.8460,3.6352,0.2805,-0.45217,0.11147,-0.08624,0.00,0.00,3.00,47.7,110.05,640.85,257.89,SEARCH_Z
16.2220,0.5660,3.3352,0.4905,-0.47417,0.11347,-0.08824,0.00,0.00,3.00,47.7,110.05,640.89,257.89,SEARCH_Z
16.2322,0.8260,3.3152,0.4505,-0.45617,0.11747,-0.09224,0.00,0.00,3.00,47.7,110.05,640.91,257.89,SEARCH_Z
16.2422,0.6860,3.0952,0.5005,-0.45617,0.12247,-0.09224,0.00,0.00,3.00,47.7,110.04,640.95,257.90,SEARCH_Z
16.2523,1.0560,3.3452,0.3505,-0.47517,0.09447,-0.09024,0.00,0.00,3.00,47.7,110.04,640.97,257.90,SEARCH_Z
16.2624,0.9560,3.2052,0.1705,-0.45517,0.10747,-0.09324,0.00,0.00,3.00,47.7,110.04,641.01,257.90,SEARCH_Z
16.2726,0.6960,3.2752,0.1905,-0.45617,0.12347,-0.08624,0.00,0.00,3.00,47.7,110.04,641.04,257.90,SEARCH_Z
16.2827,0.6260,3.2452,0.3405,-0.46217,0.10347,-0.09224,0.00,0.00,3.00,47.7,110.04,641.07,257.90,SEARCH_Z
16.2928,0.6060,3.2152,0.0605,-0.45417,0.11647,-0.09024,0.00,0.00,3.00,47.7,110.04,641.09,257.90,SEARCH_Z
16.3031,0.6360,3.3752,-0.0594,-0.46517,0.10147,-0.08524,0.00,0.00,3.00,47.7,110.04,641.13,257.90,SEARCH_Z
16.3132,0.8660,3.2652,0.0605,-0.44417,0.10847,-0.08524,0.00,0.00,3.00,47.8,110.04,641.16,257.90,SEARCH_Z
16.3233,0.9360,3.2652,-0.3894,-0.43917,0.11147,-0.08724,0.00,0.00,3.00,47.8,110.04,641.19,257.90,SEARCH_Z
16.3334,0.5960,3.1852,0.0205,-0.49117,0.09647,-0.08624,0.00,0.00,3.00,47.8,110.03,641.22,257.91,SEARCH_Z
16.3435,0.7560,3.3252,-0.2994,-0.47717,0.10147,-0.08224,0.00,0.00,3.00,47.8,110.03,641.25,257.91,SEARCH_Z
16.3537,0.8260,3.3952,-0.0994,-0.48417,0.09047,-0.08924,0.00,0.00,3.00,47.8,110.03,641.28,257.91,SEARCH_Z
16.3637,0.7460,3.3852,-0.2594,-0.50117,0.08947,-0.08524,0.00,0.00,3.00,47.8,110.03,641.31,257.91,SEARCH_Z
16.3739,0.9160,3.0552,-0.0494,-0.49617,0.09747,-0.08924,0.00,0.00,3.00,47.8,110.03,641.34,257.91,SEARCH_Z
16.3840,0.6860,3.2752,-0.4294,-0.50417,0.08747,-0.08824,0.00,0.00,3.00,47.8,110.03,641.37,257.91,SEARCH_Z
16.3941,0.6760,3.2552,-0.3294,-0.49717,0.08047,-0.08724,0.00,0.00,3.00,47.8,110.03,641.40,257.91,SEARCH_Z
16.4043,0.6960,3.0152,-0.3494,-0.49117,0.09447,-0.08524,0.00,0.00,3.00,47.8,110.03,641.43,257.91,SEARCH_Z
16.4144,0.6660,3.0752,-0.2094,-0.49817,0.09647,-0.08224,0.00,0.00,3.00,47.8,110.03,641.46,257.91,SEARCH_Z
16.4245,0.6960,2.7752,-0.2994,-0.48817,0.08147,-0.08924,0.00,0.00,3.00,47.8,110.02,641.49,257.92,SEARCH_Z
16.4348,0.6460,3.2452,-0.3494,-0.51317,0.07347,-0.08324,0.00,0.00,3.00,47.8,110.02,641.52,257.92,SEARCH_Z
16.4449,0.6860,2.7152,0.0205,-0.50617,0.09447,-0.08624,0.00,0.00,3.00,47.8,110.02,641.56,257.92,SEARCH_Z
16.4550,0.7460,3.3352,-0.6594,-0.49517,0.08347,-0.08724,0.00,0.00,3.00,47.8,110.02,641.58,257.92,SEARCH_Z
16.4651,0.6060,3.2052,-0.5294,-0.54117,0.06447,-0.08424,0.00,0.00,3.00,47.8,110.02,641.62,257.92,SEARCH_Z
16.4752,0.8760,3.2152,-0.8994,-0.49817,0.07347,-0.08524,0.00,0.00,3.00,47.8,110.02,641.64,257.92,SEARCH_Z
16.4853,0.7260,3.5352,-0.8294,-0.51317,0.08347,-0.08124,0.00,0.00,3.00,47.8,110.02,641.68,257.92,SEARCH_Z
16.4954,0.7260,3.4452,-0.8094,-0.51817,0.06347,-0.08724,0.00,0.00,3.00,47.8,110.02,641.70,257.92,SEARCH_Z
16.5055,0.7660,3.3452,-0.8294,-0.51817,0.06147,-0.08324,0.00,0.00,3.00,47.8,110.01,641.74,257.92,SEARCH_Z
16.5156,0.7960,3.0252,-0.4194,-0.50217,0.07947,-0.08324,0.00,0.00,3.00,47.8,110.01,641.76,257.93,SEARCH_Z
16.5258,0.8160,2.8352,-0.4194,-0.50017,0.08347,-0.08524,0.00,0.00,3.00,47.8,110.01,641.80,257.93,SEARCH_Z
16.5359,0.6860,3.6652,-1.0594,-0.52017,0.05647,-0.08024,0.00,0.00,3.00,47.9,110.01,641.82,257.93,SEARCH_Z
16.5460,0.4760,3.3552,-0.8794,-0.53617,0.06347,-0.07824,0.00,0.00,3.00,47.9,110.01,641.86,257.93,SEARCH_Z
16.5561,0.4560,3.2252,-1.1394,-0.52117,0.07647,-0.08024,0.00,0.00,3.00,47.9,110.01,641.88,257.93,SEARCH_Z
16.5662,0.6960,3.1352,-1.0894,-0.52017,0.06847,-0.08424,0.00,0.00,3.00,47.9,110.01,641.92,257.93,SEARCH_Z
16.5764,0.6760,3.3752,-0.9094,-0.53217,0.06447,-0.08324,0.00,0.00,3.00,47.9,110.01,641.94,257.93,SEARCH_Z
16.5865,0.8860,3.1252,-1.1794,-0.53317,0.05447,-0.08324,0.00,0.00,3.00,47.9,110.01,641.98,257.93,SEARCH_Z
16.5966,0.7860,3.1352,-0.9294,-0.51617,0.06647,-0.08124,0.00,0.00,3.00,47.9,110.00,642.02,257.93,SEARCH_Z
16.6067,0.5460,3.3552,-1.1794,-0.52917,0.06147,-0.08024,0.00,0.00,3.00,47.9,110.00,642.04,257.94,SEARCH_Z
16.6168,0.6360,3.0152,-0.8794,-0.53817,0.06347,-0.08424,0.00,0.00,3.00,47.9,110.00,642.08,257.94,SEARCH_Z
16.6270,0.8260,3.1552,-0.9794,-0.52217,0.05547,-0.08024,0.00,0.00,3.00,47.9,110.00,642.10,257.94,SEARCH_Z
16.6371,0.7160,3.0852,-0.8294,-0.52917,0.06447,-0.08124,0.00,0.00,3.00,47.9,110.00,642.14,257.94,SEARCH_Z
16.6472,0.8560,3.5852,-1.2794,-0.51317,0.05047,-0.07624,0.00,0.00,3.00,47.9,110.00,642.16,257.94,SEARCH_Z
16.6573,0.5860,3.1552,-0.9694,-0.53317,0.05547,-0.07824,0.00,0.00,3.00,47.9,110.00,642.20,257.94,SEARCH_Z
16.6674,0.7960,3.1152,-1.2294,-0.52517,0.05247,-0.08224,0.00,0.00,3.00,47.9,110.00,642.22,257.94,SEARCH_Z
16.6775,0.8760,3.1452,-1.5794,-0.53017,0.04647,-0.07724,0.00,0.00,3.00,47.9,110.00,642.26,257.94,SEARCH_Z
16.6876,0.5760,3.4252,-1.1394,-0.53517,0.05047,-0.07624,0.00,0.00,3.00,47.9,109.99,642.28,257.94,SEARCH_Z
16.6977,0.5860,3.0852,-1.3894,-0.55817,0.03747,-0.07624,0.00,0.00,3.00,47.9,109.99,642.32,257.95,SEARCH_Z
16.7079,0.6960,3.4952,-1.3094,-0.53717,0.04647,-0.07724,0.00,0.00,3.00,47.9,109.99,642.35,257.95,SEARCH_Z
16.7180,0.6960,3.2152,-1.5594,-0.55317,0.02947,-0.07724,0.00,0.00,3.00,47.9,109.99,642.38,257.95,SEARCH_Z
16.7281,0.6460,3.3352,-1.7794,-0.55417,0.03447,-0.07424,0.00,0.00,3.00,47.9,109.99,642.40,257.95,SEARCH_Z
16.7383,0.4560,3.0452,-1.2694,-0.54817,0.05047,-0.07524,0.00,0.00,3.00,48.0,109.99,642.44,257.95,SEARCH_Z
16.7484,0.4760,3.6552,-1.9994,-0.57217,0.02647,-0.07224,0.00,0.00,3.00,48.0,109.99,642.46,257.95,SEARCH_Z
16.7585,0.5260,2.9452,-1.0794,-0.54517,0.05447,-0.07724,0.00,0.00,3.00,48.0,109.99,642.50,257.95,SEARCH_Z
16.7686,0.6260,3.4052,-1.6294,-0.54417,0.03847,-0.07324,0.00,0.00,3.00,48.0,109.98,642.53,257.95,SEARCH_Z
16.7787,0.6860,3.2252,-1.7094,-0.54617,0.03747,-0.07424,0.00,0.00,3.00,48.0,109.98,642.56,257.95,SEARCH_Z
16.7888,0.8260,3.0952,-1.5394,-0.54817,0.03847,-0.07524,0.00,0.00,3.00,48.0,109.98,642.59,257.96,SEARCH_Z
16.7989,0.5060,3.2152,-1.3394,-0.55517,0.04247,-0.07824,0.00,0.00,3.00,48.0,109.98,642.62,257.96,SEARCH_Z
16.8091,1.0460,3.2752,0.2505,-0.36017,0.09447,-0.07524,0.00,0.00,3.00,48.0,109.98,642.65,257.96,SEARCH_Z
16.8192,1.0360,0.7452,0.6305,-0.08617,0.18947,-0.05524,0.00,0.00,3.00,48.0,109.98,642.68,257.96,SEARCH_Z
16.8293,1.3460,2.1352,0.2205,-0.26917,0.22947,-0.10624,0.00,0.00,3.00,48.0,109.98,642.71,257.96,SEARCH_Z
16.8394,0.8960,2.6852,0.5305,-0.39417,0.12847,-0.03624,0.00,0.00,3.00,48.0,109.98,642.74,257.96,SEARCH_Z
16.8495,1.2260,1.9252,0.5205,-0.34617,0.11947,-0.11024,0.00,0.00,3.00,48.0,109.98,642.77,257.96,SEARCH_Z
16.8596,0.7660,2.5552,0.3005,-0.37417,0.14047,-0.12724,0.00,0.00,3.00,48.0,109.97,642.80,257.96,SEARCH_Z
16.8697,1.3060,2.6852,0.1005,-0.35917,0.19647,-0.04424,0.00,0.00,3.00,48.0,109.97,642.83,257.96,SEARCH_Z
16.8798,1.7360,0.9852,0.5005,-0.12917,0.23647,-0.08424,0.00,0.00,3.00,48.0,109.97,642.86,257.97,SEARCH_Z
16.8899,1.4760,-0.5747,-0.5594,0.15882,0.20047,-0.04324,0.00,0.00,3.00,48.0,109.97,642.89,257.97,SEARCH_Z
16.9001,0.7560,-0.5647,-0.1994,0.13982,0.11747,-0.00324,0.00,0.00,3.00,48.0,109.97,642.92,257.97,SEARCH_Z
16.9102,0.7560,0.3152,0.1305,-0.01117,0.13447,-0.04424,0.00,0.00,3.00,48.0,109.97,642.95,257.97,SEARCH_Z
16.9203,0.7460,-0.2947,-0.3994,0.11082,0.16347,0.00675,0.00,0.00,3.00,48.0,109.97,642.98,257.97,SEARCH_Z
16.9304,0.4060,0.5352,-0.3394,0.07582,0.10047,-0.03324,0.00,0.00,3.00,48.1,109.97,643.01,257.97,SEARCH_Z
16.9406,0.2560,0.6452,0.3805,0.00382,0.08147,-0.02024,0.00,0.00,3.00,48.1,109.97,643.05,257.97,SEARCH_Z
16.9507,0.6760,0.0952,0.5005,0.08282,0.08047,0.02975,0.00,0.00,3.00,48.1,109.96,643.07,257.97,SEARCH_Z
16.9608,0.3460,-0.2047,0.6605,0.07182,0.05747,-0.03324,0.00,0.00,3.00,48.1,109.96,643.11,257.97,SEARCH_Z
16.9709,0.4760,-0.3047,0.2405,0.11882,0.04847,0.01275,0.00,0.00,3.00,48.1,109.96,643.13,257.98,SEARCH_Z
16.9810,0.7260,-0.5147,0.8905,0.12882,0.09647,0.00975,0.00,0.00,3.00,48.1,109.96,643.17,257.98,SEARCH_Z
16.9911,0.4760,0.0052,-0.1194,0.12282,0.10447,-0.00324,0.00,0.00,3.00,48.1,109.96,643.19,257.98,SEARCH_Z
17.0012,0.4960,-0.0747,-0.0594,0.10682,0.08747,0.00775,0.00,0.00,3.00,48.1,109.96,643.23,257.98,SEARCH_Z
17.0113,0.5360,-0.4847,0.5105,0.13282,0.09547,-0.00124,0.00,0.00,3.00,48.1,109.96,643.25,257.98,SEARCH_Z
17.0214,0.7460,-0.7147,-0.4194,0.14382,0.08047,0.00175,0.00,0.00,3.00,48.1,109.96,643.29,257.98,SEARCH_Z
17.0315,0.4260,-0.3447,0.1905,0.14182,0.07647,0.00775,0.00,0.00,3.00,48.1,109.95,643.31,257.98,SEARCH_Z
17.0416,0.4460,-0.2647,-0.3894,0.12782,0.06947,0.01175,0.00,0.00,3.00,48.1,109.95,643.35,257.98,SEARCH_Z
17.0517,0.5160,-0.2047,-0.1694,0.13082,0.09047,0.00275,0.00,0.00,3.00,48.1,109.95,643.37,257.98,SEARCH_Z
17.0618,0.4160,-0.3547,0.0005,0.10282,0.05647,0.00475,0.00,0.00,3.00,48.1,109.95,643.41,257.99,SEARCH_Z
17.0719,0.3160,-0.5447,0.0705,0.12182,0.04847,0.00875,0.00,0.00,3.00,48.1,109.95,643.43,257.99,SEARCH_Z
17.0821,0.6060,-0.5547,-0.2194,0.11782,0.04347,-0.00324,0.00,0.00,3.00,48.1,109.95,643.47,257.99,SEARCH_Z
17.0922,0.2260,-0.8047,-0.0894,0.09782,0.06247,0.00775,0.00,0.00,3.00,48.1,109.95,643.49,257.99,SEARCH_Z
17.1023,0.4060,-0.5147,-0.4494,0.12782,0.05247,0.01875,0.00,0.00,3.00,48.1,109.95,643.53,257.99,SEARCH_Z
17.1124,0.4460,-0.7047,-0.5494,0.15582,0.05047,0.01775,0.00,0.00,3.00,48.2,109.95,643.57,257.99,SEARCH_Z
17.1226,0.2260,-0.4447,-0.3294,0.12882,0.04647,0.02175,0.00,0.00,3.00,48.2,109.94,643.59,257.99,SEARCH_Z
17.1327,0.2860,-0.3447,-0.3794,0.12482,0.04947,0.01975,0.00,0.00,3.00,48.2,109.94,643.63,257.99,SEARCH_Z
17.1428,0.2460,-0.7347,0.1405,0.12082,0.05547,0.00475,0.00,0.00,3.00,48.2,109.94,643.65,257.99,SEARCH_Z
17.1529,0.1860,-0.2747,-0.3494,0.10182,0.05347,0.01175,0.00,0.00,3.00,48.2,109.94,643.69,258.00,SEARCH_Z
17.1630,0.4460,-0.2847,-0.4694,0.10682,0.03747,0.01575,0.00,0.00,3.00,48.2,109.94,643.71,258.00,SEARCH_Z
17.1732,0.4660,-0.3147,-0.7594,0.10982,0.03147,0.00875,0.00,0.00,3.00,48.2,109.94,643.75,258.00,SEARCH_Z
17.1832,0.2660,-0.3447,-0.6794,0.11982,0.04647,0.01675,0.00,0.00,3.00,48.2,109.94,643.77,258.00,SEARCH_Z
17.1933,0.3360,-0.4747,-0.2294,0.13382,0.05547,0.01875,0.00,0.00,3.00,48.2,109.94,643.81,258.00,SEARCH_Z
17.2035,0.4760,-0.6547,-0.5694,0.15182,0.05147,0.01775,0.00,0.00,3.00,48.2,109.94,643.83,258.00,SEARCH_Z
17.2136,0.2460,-0.5747,-0.2294,0.13782,0.04547,0.01575,0.00,0.00,3.00,48.2,109.93,643.87,258.00,SEARCH_Z
17.2237,0.5060,-0.7647,-0.0194,0.14482,0.04847,0.01275,0.00,0.00,3.00,48.2,109.93,643.89,258.00,SEARCH_Z
17.2339,0.2860,-0.5247,-0.1894,0.10582,0.04247,0.01075,0.00,0.00,3.00,48.2,109.93,643.93,258.00,SEARCH_Z
17.2440,0.4460,-0.6147,-0.0394,0.11482,0.05847,0.00575,0.00,0.00,3.00,48.2,109.93,643.95,258.01,SEARCH_Z
17.2541,0.3260,-0.6647,0.1105,0.12282,0.04847,0.01075,0.00,0.00,3.00,48.2,109.93,643.99,258.01,SEARCH_Z
17.2642,0.2760,-0.3247,-0.1794,0.11582,0.04947,0.01275,0.00,0.00,3.00,48.2,109.93,644.01,258.01,SEARCH_Z
17.2743,0.4560,-0.0947,-0.3794,0.12082,0.04947,0.02375,0.00,0.00,3.00,48.2,109.93,644.05,258.01,SEARCH_Z
17.2844,0.5160,-0.3247,-0.6194,0.11982,0.04347,0.01475,0.00,0.00,3.00,48.3,109.93,644.08,258.01,SEARCH_Z
17.2945,0.3860,-0.4347,-0.1694,0.13682,0.06447,0.01475,0.00,0.00,3.00,48.3,109.92,644.11,258.01,SEARCH_Z
17.3047,0.3860,-0.1947,-0.5094,0.10782,0.04947,0.01275,0.00,0.00,3.00,48.3,109.92,644.14,258.01,SEARCH_Z
17.3147,0.1660,-0.2647,-0.4794,0.09182,0.05047,0.01275,0.00,0.00,3.00,48.3,109.92,644.17,258.01,SEARCH_Z
17.3248,0.4160,-0.6647,0.0205,0.11282,0.05647,0.01175,0.00,0.00,3.00,48.3,109.92,644.20,258.01,SEARCH_Z
17.3349,0.3160,-0.3147,-0.2394,0.09982,0.05247,0.01375,0.00,0.00,3.00,48.3,109.92,644.23,258.02,SEARCH_Z
17.3451,0.4860,-0.5047,-0.2994,0.11882,0.05647,0.01275,0.00,0.00,3.00,48.3,109.92,644.26,258.02,SEARCH_Z
17.3552,0.3660,-0.6047,-0.1494,0.11082,0.05147,0.01575,0.00,0.00,3.00,48.3,109.92,644.29,258.02,SEARCH_Z
17.3653,0.4360,-0.3047,-0.4794,0.12582,0.04347,0.01775,0.00,0.00,3.00,48.3,109.92,644.32,258.02,SEARCH_Z
17.3754,0.3860,-0.3147,-0.4994,0.11482,0.04347,0.01575,0.00,0.00,3.00,48.3,109.92,644.35,258.02,SEARCH_Z
17.3855,0.3860,-0.6747,-0.2894,0.11682,0.05147,0.00975,0.00,0.00,3.00,48.3,109.91,644.38,258.02,SEARCH_Z
17.3956,0.3360,-0.5047,-0.4594,0.09982,0.04547,0.00875,0.00,0.00,3.00,48.3,109.91,644.41,258.02,SEARCH_Z
17.4057,0.5360,-0.2747,-0.7294,0.10282,0.03947,0.00775,0.00,0.00,3.00,48.3,109.91,644.44,258.02,SEARCH_Z
17.4158,0.3360,-0.4147,-0.2294,0.12582,0.06047,0.00875,0.00,0.00,3.00,48.3,109.91,644.47,258.02,SEARCH_Z
17.4259,0.3660,-0.2147,-0.4794,0.11082,0.05247,0.01175,0.00,0.00,3.00,48.3,109.91,644.50,258.03,SEARCH_Z
17.4361,0.3960,-0.1147,-0.5394,0.13082,0.05747,0.01375,0.00,0.00,3.00,48.3,109.91,644.53,258.03,SEARCH_Z
17.4462,0.3760,-0.5047,-0.0594,0.12882,0.06947,0.01075,0.00,0.00,3.00,48.4,109.91,644.56,258.03,SEARCH_Z
17.4564,0.4360,-0.4747,-0.3494,0.11982,0.05747,0.00975,0.00,0.00,3.00,48.4,109.91,644.60,258.03,SEARCH_Z
17.4665,0.3760,-0.5047,-0.1994,0.10882,0.05147,0.01175,0.00,0.00,3.00,48.4,109.91,644.62,258.03,SEARCH_Z
17.4766,0.4660,-0.1747,-0.3494,0.10582,0.04647,0.00575,0.00,0.00,3.00,48.4,109.90,644.66,258.03,SEARCH_Z
17.4867,0.4360,-0.2247,-0.4994,0.10982,0.05147,0.01075,0.00,0.00,3.00,48.4,109.90,644.68,258.03,SEARCH_Z
17.4968,0.7260,-0.2747,-0.4994,0.11882,0.05347,0.01075,0.00,0.00,3.00,48.4,109.90,644.72,258.03,SEARCH_Z
17.5069,0.4260,-0.3547,-0.4094,0.11282,0.05347,0.01175,0.00,0.00,3.00,48.4,109.90,644.74,258.03,SEARCH_Z
17.5171,0.2160,-0.3247,-0.1794,0.10782,0.06047,0.01075,0.00,0.00,3.00,48.4,109.90,644.78,258.04,SEARCH_Z
17.5272,0.4060,-0.1347,-0.4194,0.10082,0.05547,0.00975,0.00,0.00,3.00,48.4,109.90,644.80,258.04,SEARCH_Z
17.5373,0.4760,0.0452,-0.6494,0.11382,0.05247,0.01075,0.00,0.00,3.00,48.4,109.90,644.84,258.04,SEARCH_Z
17.5474,0.4360,-0.5847,-0.3894,0.08182,0.03747,0.00675,0.00,0.00,3.00,48.4,109.90,644.86,258.04,SEARCH_Z
17.5576,0.5160,-0.2947,-0.3894,0.11882,0.04747,0.00975,0.00,0.00,3.00,48.4,109.89,644.90,258.04,SEARCH_Z
17.5677,0.4460,-0.5047,-0.2594,0.10382,0.06047,0.00775,0.00,0.00,3.00,48.4,109.89,644.92,258.04,SEARCH_Z
17.5778,0.4060,-0.3647,-0.4694,0.10882,0.05547,0.01175,0.00,0.00,3.00,48.4,109.89,644.96,258.04,SEARCH_Z
17.5879,0.3860,-0.4247,0.1005,0.11382,0.06847,0.01075,0.00,0.00,3.00,48.4,109.89,644.98,258.04,SEARCH_Z
17.5980,0.4760,-0.4347,-0.2394,0.12182,0.06647,0.01075,0.00,0.00,3.00,48.5,109.89,645.02,258.04,SEARCH_Z
17.6082,0.5460,-0.3847,-0.0594,0.11982,0.07047,0.00575,0.00,0.00,3.00,48.5,109.89,645.04,258.04,SEARCH_Z
17.6182,0.5960,-0.2747,-0.4594,0.09982,0.04247,0.00875,0.00,0.00,3.00,48.5,109.89,645.08,258.05,SEARCH_Z
17.6283,0.1860,-0.0447,-0.3294,0.07982,0.05147,0.00875,0.00,0.00,3.00,48.5,109.89,645.11,258.05,SEARCH_Z
17.6385,0.4260,-0.2147,-0.4094,0.10082,0.05147,0.00675,0.00,0.00,3.00,48.5,109.89,645.14,258.05,SEARCH_Z
17.6486,0.4260,-0.2347,-0.3094,0.10382,0.05847,0.00975,0.00,0.00,3.00,48.5,109.88,645.17,258.05,SEARCH_Z
17.6587,0.5360,-0.2347,-0.1494,0.11782,0.05847,0.00575,0.00,0.00,3.00,48.5,109.88,645.20,258.05,SEARCH_Z
17.6688,0.5060,-0.1747,-0.3794,0.11182,0.05247,0.00775,0.00,0.00,3.00,48.5,109.88,645.23,258.05,SEARCH_Z
17.6789,0.6560,-0.2547,-0.2694,0.11482,0.05647,0.01175,0.00,0.00,3.00,48.5,109.88,645.26,258.05,SEARCH_Z
17.6890,0.3060,-0.3547,-0.4394,0.10482,0.06647,0.01175,0.00,0.00,3.00,48.5,109.88,645.29,258.05,SEARCH_Z
17.6991,0.3460,-0.5047,-0.1094,0.09682,0.05747,0.00675,0.00,0.00,3.00,48.5,109.88,645.32,258.05,SEARCH_Z
17.7092,0.6060,-0.3747,-0.2694,0.11082,0.05647,0.00975,0.00,0.00,3.00,48.5,109.88,645.35,258.06,SEARCH_Z
17.7193,0.5160,-0.2147,-0.3294,0.11682,0.06547,0.00975,0.00,0.00,3.00,48.5,109.88,645.38,258.06,SEARCH_Z
17.7294,0.2960,-0.1347,-0.2794,0.10382,0.06247,0.00875,0.00,0.00,3.00,48.5,109.88,645.41,258.06,SEARCH_Z
17.7396,0.3460,-0.3347,-0.0594,0.10382,0.06647,0.00475,0.00,0.00,3.00,48.5,109.87,645.44,258.06,SEARCH_Z
17.7497,0.3560,-0.3647,0.1305,0.09282,0.06147,0.00875,0.00,0.00,3.00,48.6,109.87,645.47,258.06,SEARCH_Z
17.7598,0.3260,0.0452,-0.4494,0.08082,0.03747,0.00975,0.00,0.00,3.00,48.6,109.87,645.50,258.06,SEARCH_Z
17.7699,0.4260,-0.3247,0.0005,0.09682,0.05747,0.00575,0.00,0.00,3.00,48.6,109.87,645.53,258.06,SEARCH_Z
17.7800,0.5160,-0.1847,-0.4294,0.09882,0.05147,0.00875,0.00,0.00,3.00,48.6,109.87,645.56,258.06,SEARCH_Z
17.7901,0.5060,-0.1847,-0.6394,0.10982,0.05947,0.01175,0.00,0.00,3.00,48.6,109.87,645.59,258.06,SEARCH_Z
17.8002,0.3660,0.0752,-0.7494,0.09582,0.05447,0.01175,0.00,0.00,3.00,48.6,109.87,645.62,258.07,SEARCH_Z
17.8103,0.4660,-0.2647,-0.3194,0.11282,0.05747,0.00875,0.00,0.00,3.00,48.6,109.87,645.65,258.07,SEARCH_Z
17.8204,0.6560,-0.5147,-0.2894,0.11682,0.05747,0.00675,0.00,0.00,3.00,48.6,109.86,645.69,258.07,SEARCH_Z
17.8305,0.5560,-0.6247,-0.2294,0.12182,0.06347,0.00275,0.00,0.00,3.00,48.6,109.86,645.71,258.07,SEARCH_Z
17.8407,0.3360,-0.0747,-0.5594,0.10182,0.05647,0.00775,0.00,0.00,3.00,48.6,109.86,645.75,258.07,SEARCH_Z
17.8508,0.3460,-0.3447,-0.1994,0.10082,0.05847,0.00575,0.00,0.00,3.00,48.6,109.86,645.77,258.07,SEARCH_Z
17.8609,0.4560,-0.2747,-0.3794,0.09382,0.05547,0.00475,0.00,0.00,3.00,48.6,109.86,645.81,258.07,SEARCH_Z
17.8710,0.2660,0.1752,-0.2394,0.06882,0.05047,0.00875,0.00,0.00,3.00,48.6,109.86,645.83,258.07,SEARCH_Z
17.8811,0.5360,-0.4047,0.2005,0.09582,0.06647,0.00575,0.00,0.00,3.00,48.7,109.86,645.87,258.07,SEARCH_Z
17.8912,0.3660,-0.4647,-0.0194,0.08682,0.05247,0.00375,0.00,0.00,3.00,48.7,109.86,645.89,258.08,SEARCH_Z
17.9013,0.3060,-0.3947,-0.0694,0.07482,0.04947,0.00875,0.00,0.00,3.00,48.7,109.86,645.93,258.08,SEARCH_Z
17.9114,0.4560,-0.4547,-0.2094,0.09582,0.06147,0.00675,0.00,0.00,3.00,48.7,109.85,645.95,258.08,SEARCH_Z
17.9216,0.5160,-0.0347,-0.3594,0.10382,0.05947,0.00875,0.00,0.00,3.00,48.7,109.85,645.99,258.08,SEARCH_Z
17.9317,0.4060,-0.1747,-0.2794,0.08782,0.05947,0.00575,0.00,0.00,3.00,48.7,109.85,646.01,258.08,SEARCH_Z
17.9418,0.3760,-0.3847,-0.0494,0.07982,0.05547,0.00175,0.00,0.00,3.00,48.7,109.85,646.05,258.08,SEARCH_Z
17.9519,0.4160,-0.1947,-0.3594,0.06382,0.04547,0.00475,0.00,0.00,3.00,48.7,109.85,646.07,258.08,SEARCH_Z
17.9621,0.3460,-0.1847,-0.1894,0.07782,0.05147,0.00975,0.00,0.00,3.00,48.7,109.85,646.11,258.08,SEARCH_Z
17.9722,0.2460,-0.3347,0.1705,0.05882,0.05947,0.00375,0.00,0.00,3.00,48.7,109.85,646.13,258.08,SEARCH_Z
17.9823,0.4560,-0.2147,-0.0394,0.07582,0.04547,0.00675,0.00,0.00,3.00,48.7,109.85,646.17,258.09,SEARCH_Z
17.9924,0.4560,-0.5547,-0.1394,0.10082,0.05647,0.00475,0.00,0.00,3.00,48.7,109.84,646.21,258.09,SEARCH_Z
18.0026,0.5260,-0.4747,-0.0794,0.08682,0.05347,0.00675,0.00,0.00,3.00,48.7,109.84,646.23,258.09,SEARCH_Z
18.0127,0.4460,-0.4447,-0.1394,0.08782,0.06347,0.00475,0.00,0.00,3.00,48.7,109.84,646.27,258.09,SEARCH_Z
18.0228,0.4060,-0.2047,-0.0694,0.09182,0.06147,0.00775,0.00,0.00,3.00,48.8,109.84,646.29,258.09,SEARCH_Z
18.0329,0.5560,-0.4247,-0.5494,0.09782,0.04747,0.00875,0.00,0.00,3.00,48.8,109.84,646.33,258.09,SEARCH_Z
18.0431,0.3460,-0.2547,-0.4494,0.06982,0.04147,0.00875,0.00,0.00,3.00,48.8,109.84,646.35,258.09,SEARCH_Z
18.0532,0.2860,-0.0747,-0.1694,0.09482,0.05947,0.01075,0.00,0.00,3.00,48.8,109.84,646.39,258.09,SEARCH_Z
18.0633,0.3160,-0.3347,-0.0594,0.08582,0.05747,0.00275,0.00,0.00,3.00,48.8,109.84,646.41,258.09,SEARCH_Z
18.0734,0.3160,-0.1547,-0.3894,0.07982,0.05147,0.00475,0.00,0.00,3.00,48.8,109.84,646.45,258.10,SEARCH_Z
18.0835,0.4260,-0.5547,-0.1194,0.08582,0.06347,0.00275,0.00,0.00,3.00,48.8,109.83,646.47,258.10,SEARCH_Z
18.0936,0.5360,-0.5147,0.1605,0.09282,0.05947,0.00575,0.00,0.00,3.00,48.8,109.83,646.51,258.10,SEARCH_Z
18.1038,0.3160,-0.2847,-0.2994,0.07582,0.04947,0.00675,0.00,0.00,3.00,48.8,109.83,646.53,258.10,SEARCH_Z
18.1139,0.4460,-0.1047,-0.3594,0.07882,0.04047,0.00475,0.00,0.00,3.00,48.8,109.83,646.57,258.10,SEARCH_Z
18.1240,0.3860,-0.2647,-0.0294,0.09082,0.05747,0.00875,0.00,0.00,3.00,48.8,109.83,646.59,258.10,SEARCH_Z
18.1342,0.2160,0.2152,-0.6494,0.06582,0.04947,0.00875,0.00,0.00,3.00,48.8,109.83,646.63,258.10,SEARCH_Z
18.1443,0.5260,-0.2147,-0.2194,0.09882,0.05247,0.00675,0.00,0.00,3.00,48.8,109.83,646.66,258.10,SEARCH_Z
18.1544,0.3760,-0.4847,-0.0094,0.07182,0.05247,0.00375,0.00,0.00,3.00,48.9,109.83,646.69,258.10,SEARCH_Z
18.1645,0.3860,-0.4947,-0.1194,0.09982,0.07347,0.00275,0.00,0.00,3.00,48.9,109.83,646.72,258.11,SEARCH_Z
18.1746,0.4060,-0.3047,-0.1594,0.08282,0.06447,0.00675,0.00,0.00,3.00,48.9,109.82,646.75,258.11,SEARCH_Z
18.1847,0.3960,-0.0347,-0.5694,0.08182,0.05547,0.00775,0.00,0.00,3.00,48.9,109.82,646.78,258.11,SEARCH_Z
18.1949,0.2760,-0.1747,-0.2094,0.08082,0.06447,0.00575,0.00,0.00,3.00,48.9,109.82,646.81,258.11,SEARCH_Z
18.2050,0.6160,-0.4847,0.0105,0.10882,0.06947,0.00875,0.00,0.00,3.00,48.9,109.82,646.84,258.11,SEARCH_Z
18.2151,0.2560,-0.3747,0.1005,0.06182,0.05647,0.00475,0.00,0.00,3.00,48.9,109.82,646.87,258.11,SEARCH_Z
18.2252,0.4260,0.0652,-0.1794,0.08882,0.05447,0.00575,0.00,0.00,3.00,48.9,109.82,646.90,258.11,SEARCH_Z
18.2353,0.0760,-0.2547,-0.0794,0.07382,0.05647,0.00875,0.00,0.00,3.00,48.9,109.82,646.93,258.11,SEARCH_Z
18.2454,0.3960,-0.4747,0.1105,0.08882,0.06547,0.00375,0.00,0.00,3.00,48.9,109.82,646.96,258.11,SEARCH_Z
18.2555,0.2760,0.0852,-0.6294,0.05782,0.03747,0.00875,0.00,0.00,3.00,48.9,109.82,646.99,258.12,SEARCH_Z
18.2656,0.3860,0.1752,-0.3394,0.07982,0.05447,0.01075,0.00,0.00,3.00,48.9,109.81,647.02,258.12,SEARCH_Z
18.2758,0.2360,-0.3447,0.0105,0.08882,0.07347,0.00875,0.00,0.00,3.00,48.9,109.81,647.05,258.12,SEARCH_Z
18.2859,0.4660,-0.1447,-0.0194,0.08282,0.05647,0.00175,0.00,0.00,3.00,49.0,109.81,647.08,258.12,SEARCH_Z
18.2960,0.2860,-0.3847,0.1105,0.07882,0.05647,0.00275,0.00,0.00,3.00,49.0,109.81,647.11,258.12,SEARCH_Z
18.3061,0.3660,0.0052,-0.5594,0.06582,0.04447,0.00875,0.00,0.00,3.00,49.0,109.81,647.14,258.12,SEARCH_Z
18.3162,0.3060,-0.0847,-0.3494,0.07482,0.05347,0.00675,0.00,0.00,3.00,49.0,109.81,647.18,258.12,SEARCH_Z
18.3263,0.3060,-0.4347,0.2205,0.07782,0.05647,0.00375,0.00,0.00,3.00,49.0,109.81,647.20,258.12,SEARCH_Z
18.3364,0.4960,-0.3547,-0.1194,0.08882,0.06347,0.00475,0.00,0.00,3.00,49.0,109.81,647.24,258.12,SEARCH_Z
18.3465,0.3460,-0.2147,-0.0994,0.07182,0.05847,0.00375,0.00,0.00,3.00,49.0,109.80,647.26,258.13,SEARCH_Z
18.3566,0.3060,-0.4247,0.3505,0.06082,0.06447,0.00475,0.00,0.00,3.00,49.0,109.80,647.30,258.13,SEARCH_Z
18.3667,0.3460,-0.3947,0.0305,0.08882,0.07147,0.00675,0.00,0.00,3.00,49.0,109.80,647.32,258.13,SEARCH_Z
18.3768,0.4360,-0.1847,-0.0394,0.08782,0.06647,0.00475,0.00,0.00,3.00,49.0,109.80,647.36,258.13,SEARCH_Z
18.3869,0.2460,-0.1947,0.0505,0.05782,0.05547,0.00575,0.00,0.00,3.00,49.0,109.80,647.38,258.13,SEARCH_Z
18.3971,0.3760,0.0052,-0.2694,0.08382,0.05247,0.00775,0.00,0.00,3.00,49.0,109.80,647.42,258.13,SEARCH_Z
18.4072,0.4660,-0.1247,-0.2694,0.09782,0.06547,0.00475,0.00,0.00,3.00,49.0,109.80,647.44,258.13,SEARCH_Z
18.4173,0.2960,-0.4247,-0.0194,0.06782,0.05147,0.00375,0.00,0.00,3.00,49.1,109.80,647.48,258.13,SEARCH_Z
18.4274,0.4860,-0.3647,0.0105,0.09382,0.06047,0.00475,0.00,0.00,3.00,49.1,109.80,647.50,258.13,SEARCH_Z
18.4376,0.2660,0.0052,-0.3394,0.06982,0.05647,0.00575,0.00,0.00,3.00,49.1,109.79,647.54,258.14,SEARCH_Z
18.4477,0.4660,0.0552,-0.1494,0.06282,0.04747,0.00375,0.00,0.00,3.00,49.1,109.79,647.56,258.14,SEARCH_Z
18.4578,0.3560,0.1852,-0.5794,0.07082,0.04047,0.00575,0.00,0.00,3.00,49.1,109.79,647.60,258.14,SEARCH_Z
18.4679,0.3760,-0.2347,-0.5294,0.07482,0.05147,0.00375,0.00,0.00,3.00,49.1,109.79,647.62,258.14,SEARCH_Z
18.4780,0.3460,-0.2347,0.0405,0.06482,0.05247,0.00575,0.00,0.00,3.00,49.1,109.79,647.66,258.14,SEARCH_Z
18.4882,0.2660,0.0052,-0.1294,0.06582,0.05247,0.00575,0.00,0.00,3.00,49.1,109.79,647.69,258.14,SEARCH_Z
18.4983,0.3160,-0.4447,-0.2594,0.07482,0.05247,0.00175,0.00,0.00,3.00,49.1,109.79,647.72,258.14,SEARCH_Z
18.5084,0.3860,-0.2447,-0.0494,0.06282,0.05247,0.00375,0.00,0.00,3.00,49.1,109.79,647.75,258.14,SEARCH_Z
18.5185,0.4460,-0.3147,-0.0694,0.09682,0.06847,0.00575,0.00,0.00,3.00,49.1,109.79,647.78,258.14,SEARCH_Z
18.5287,0.6360,-0.2547,-0.0294,0.08482,0.06047,0.00475,0.00,0.00,3.00,49.1,109.78,647.81,258.15,SEARCH_Z
18.5388,0.3960,-0.1947,0.0505,0.07882,0.06647,0.00275,0.00,0.00,3.00,49.2,109.78,647.84,258.15,SEARCH_Z
18.5489,0.5760,-0.2047,-0.3394,0.08282,0.06147,0.00875,0.00,0.00,3.00,49.2,109.78,647.87,258.15,SEARCH_Z
18.5590,0.4660,-0.1147,-0.4094,0.08282,0.06347,0.01275,0.00,0.00,3.00,49.2,109.78,647.90,258.15,SEARCH_Z
18.5691,0.3560,-0.4547,-0.1994,0.07982,0.06947,0.01275,0.00,0.00,3.00,49.2,109.78,647.93,258.15,SEARCH_Z
18.5792,0.4460,-0.0847,-0.7894,0.07682,0.05647,0.01375,0.00,0.00,3.00,49.2,109.78,647.96,258.15,SEARCH_Z
18.5893,0.6260,-0.3347,-0.5794,0.09982,0.07047,0.01275,0.00,0.00,3.00,49.2,109.78,647.99,258.15,SEARCH_Z
18.5994,0.4660,-0.0747,-1.2194,0.10382,0.07047,0.01475,0.00,0.00,3.00,49.2,109.78,648.02,258.15,SEARCH_Z
18.6095,0.6260,-0.1347,-1.0494,0.09382,0.07047,0.01375,0.00,0.00,3.00,49.2,109.77,648.05,258.15,SEARCH_Z
18.6197,0.4260,-0.1047,-1.0194,0.09382,0.06847,0.01675,0.00,0.00,3.00,49.2,109.77,648.08,258.16,SEARCH_Z
18.6298,0.4960,0.0452,-0.9494,0.08282,0.05747,0.01675,0.00,0.00,3.00,49.2,109.77,648.11,258.16,SEARCH_Z
18.6399,0.4860,-0.2047,-0.6194,0.09282,0.08047,0.01575,0.00,0.00,3.00,49.2,109.77,648.14,258.16,SEARCH_Z
18.6500,0.8660,-0.1947,-0.9994,0.11082,0.06747,0.01675,0.00,0.00,3.00,49.2,109.77,648.17,258.16,SEARCH_Z
18.6601,0.7060,-0.1947,-0.8894,0.12882,0.07847,0.01575,0.00,0.00,3.00,49.3,109.77,648.20,258.16,SEARCH_Z
18.6703,0.5860,-0.3247,-0.9394,0.10382,0.07947,0.01775,0.00,0.00,3.00,49.3,109.77,648.23,258.16,SEARCH_Z
18.6804,0.6560,-0.1447,-1.1194,0.11382,0.08447,0.01975,0.00,0.00,3.00,49.3,109.77,648.27,258.16,SEARCH_Z
18.6905,0.7460,-0.3647,-0.5394,0.13182,0.10047,0.02075,0.00,0.00,3.00,49.3,109.77,648.29,258.16,SEARCH_Z
18.7006,0.5860,-0.3547,-1.0394,0.13182,0.09847,0.02175,0.00,0.00,3.00,49.3,109.76,648.33,258.16,SEARCH_Z
18.7107,0.7060,-0.0747,-1.1094,0.12882,0.10447,0.02775,0.00,0.00,3.00,49.3,109.76,648.35,258.17,SEARCH_Z
18.7208,0.5260,-0.1947,-1.1194,0.11482,0.10047,0.02475,0.00,0.00,3.00,49.3,109.76,648.39,258.17,SEARCH_Z
18.7310,0.5960,-0.0447,-1.2294,0.13182,0.10347,0.02875,0.00,0.00,3.00,49.3,109.76,648.41,258.17,SEARCH_Z
18.7411,0.8760,-0.2547,-1.2194,0.14782,0.10947,0.02275,0.00,0.00,3.00,49.3,109.76,648.45,258.17,SEARCH_Z
18.7512,1.0660,-0.3247,-1.2394,0.14682,0.10347,0.02275,0.00,0.00,3.00,49.3,109.76,648.47,258.17,SEARCH_Z
18.7613,0.7260,-0.1747,-1.2094,0.13582,0.11047,0.02575,0.00,0.00,3.00,49.3,109.76,648.51,258.17,SEARCH_Z
18.7714,0.6860,0.0252,-1.6694,0.13382,0.09547,0.03175,0.00,0.00,3.00,49.4,109.76,648.53,258.17,SEARCH_Z
18.7815,0.8360,-0.1347,-1.4094,0.15282,0.11747,0.02675,0.00,0.00,3.00,49.4,109.75,648.57,258.17,SEARCH_Z
18.7916,0.8460,-0.4847,-1.2594,0.14882,0.11547,0.02575,0.00,0.00,3.00,49.4,109.75,648.59,258.17,SEARCH_Z
18.8017,0.7660,-0.2147,-1.4694,0.17082,0.13047,0.02975,0.00,0.00,3.00,49.4,109.75,648.63,258.18,SEARCH_Z
18.8118,0.8960,-0.5047,-1.3894,0.15582,0.10847,0.02675,0.00,0.00,3.00,49.4,109.75,648.65,258.18,SEARCH_Z
18.8219,0.9260,0.0452,-1.7994,0.16082,0.11747,0.03375,0.00,0.00,3.00,49.4,109.75,648.69,258.18,SEARCH_Z
18.8321,0.9860,-0.2947,-1.8594,0.16082,0.13247,0.02775,0.00,0.00,3.00,49.4,109.75,648.73,258.18,SEARCH_Z
18.8422,0.8060,-0.1947,-1.9794,0.14882,0.11247,0.03375,0.00,0.00,3.00,49.4,109.75,648.75,258.18,SEARCH_Z
18.8523,0.9760,-0.2647,-1.8194,0.16182,0.12747,0.02875,0.00,0.00,3.00,49.4,109.75,648.79,258.18,SEARCH_Z
18.8624,0.8360,-0.1747,-1.6694,0.16482,0.13947,0.03575,0.00,0.00,3.00,49.4,109.75,648.81,258.18,SEARCH_Z
18.8725,1.0360,-0.2847,-1.8994,0.15582,0.12447,0.02975,0.00,0.00,3.00,49.4,109.74,648.85,258.18,SEARCH_Z
18.8826,0.9860,-0.1447,-1.7894,0.15682,0.13847,0.03375,0.00,0.00,3.00,49.4,109.74,648.87,258.18,SEARCH_Z
18.8927,0.9460,-0.3347,-2.0294,0.17182,0.13947,0.03275,0.00,0.00,3.00,49.5,109.74,648.91,258.19,SEARCH_Z
18.9029,0.9760,-0.2647,-1.8194,0.17082,0.13647,0.03175,0.00,0.00,3.00,49.5,109.74,648.93,258.19,SEARCH_Z
18.9130,1.1260,-0.3347,-1.6394,0.18382,0.15447,0.03575,0.00,0.00,3.00,49.5,109.74,648.97,258.19,SEARCH_Z
18.9231,1.0560,-0.6247,-1.9194,0.18682,0.14447,0.03475,0.00,0.00,3.00,49.5,109.74,648.99,258.19,SEARCH_Z
18.9332,0.9860,-0.4747,-1.9194,0.18982,0.14347,0.03775,0.00,0.00,3.00,49.5,109.74,649.03,258.19,SEARCH_Z
18.9434,0.8760,-0.3647,-1.8394,0.18282,0.14547,0.03975,0.00,0.00,3.00,49.5,109.74,649.05,258.19,SEARCH_Z
18.9535,0.9760,-0.2447,-2.1894,0.17282,0.13947,0.03875,0.00,0.00,3.00,49.5,109.74,649.09,258.19,SEARCH_Z
18.9636,1.0360,-0.5747,-2.0294,0.19682,0.15047,0.03675,0.00,0.00,3.00,49.5,109.73,649.11,258.19,SEARCH_Z
18.9737,1.0260,-0.3947,-2.1294,0.19082,0.15747,0.03775,0.00,0.00,3.00,49.5,109.73,649.15,258.19,SEARCH_Z
18.9838,1.1860,-0.3047,-2.2594,0.21382,0.16247,0.04075,0.00,0.00,3.00,49.5,109.73,649.17,258.19,SEARCH_Z
18.9939,1.2160,-0.6247,-1.9294,0.20382,0.15747,0.03575,0.00,0.00,3.00,49.5,109.73,649.21,258.20,SEARCH_Z
19.0040,0.9560,-0.0647,-2.3494,0.19782,0.15047,0.04375,0.00,0.00,3.00,49.6,109.73,649.24,258.20,SEARCH_Z
19.0142,1.0960,-0.5847,-1.8494,0.22482,0.15947,0.04075,0.00,0.00,3.00,49.6,109.73,649.27,258.20,SEARCH_Z
19.0243,1.2460,-0.6647,-2.4194,0.21382,0.15247,0.03975,0.00,0.00,3.00,49.6,109.73,649.30,258.20,SEARCH_Z
19.0344,1.1060,-0.3147,-2.3694,0.19582,0.16247,0.04675,0.00,0.00,3.00,49.6,109.73,649.33,258.20,SEARCH_Z
19.0446,1.1460,-0.5847,-2.1494,0.21082,0.15747,0.03975,0.00,0.00,3.00,49.6,109.72,649.36,258.20,SEARCH_Z
19.0547,0.9260,-0.5047,-2.0494,0.20882,0.16547,0.04375,0.00,0.00,3.00,49.6,109.72,649.39,258.20,SEARCH_Z
19.0648,1.2060,-0.3947,-2.2994,0.21382,0.16047,0.04775,0.00,0.00,3.00,49.6,109.72,649.42,258.20,SEARCH_Z
19.0749,1.0860,-0.5147,-2.2994,0.21882,0.17147,0.04675,0.00,0.00,3.00,49.6,109.72,649.45,258.20,SEARCH_Z
19.0850,1.0560,-0.6547,-1.9894,0.23082,0.19447,0.04675,0.00,0.00,3.00,49.6,109.72,649.48,258.21,SEARCH_Z
19.0952,1.2460,-0.7147,-2.1294,0.23182,0.17947,0.04675,0.00,0.00,3.00,49.6,109.72,649.51,258.21,SEARCH_Z
19.1053,1.0960,-0.0747,-2.6894,0.20782,0.17147,0.04775,0.00,0.00,3.00,49.7,109.72,649.54,258.21,SEARCH_Z
19.1154,1.3260,-0.5347,-2.6694,0.22882,0.17647,0.04875,0.00,0.00,3.00,49.7,109.72,649.57,258.21,SEARCH_Z
19.1255,1.3960,-0.3647,-2.5994,0.23782,0.17847,0.05075,0.00,0.00,3.00,49.7,109.72,649.60,258.21,SEARCH_Z
19.1356,1.3660,-0.8047,-2.3494,0.23082,0.18347,0.04775,0.00,0.00,3.00,49.7,109.71,649.63,258.21,SEARCH_Z
19.1457,1.2860,-0.3747,-2.5094,0.23982,0.19647,0.04875,0.00,0.00,3.00,49.7,109.71,649.66,258.21,SEARCH_Z
19.1559,1.4560,-0.4447,-2.4394,0.25582,0.19847,0.05275,0.00,0.00,3.00,49.7,109.71,649.69,258.21,SEARCH_Z
19.1660,1.2360,-0.5347,-2.3794,0.24382,0.19847,0.05175,0.00,0.00,3.00,49.7,109.71,649.72,258.21,SEARCH_Z
19.1761,1.3860,-0.4447,-2.8394,0.24382,0.18447,0.05075,0.00,0.00,3.00,49.7,109.71,649.76,258.22,SEARCH_Z
19.1862,1.3060,-1.0847,-1.9294,0.26482,0.20947,0.04875,0.00,0.00,3.00,49.7,109.71,649.78,258.22,SEARCH_Z
19.1963,1.2860,-0.9347,-2.2794,0.25582,0.19847,0.05175,0.00,0.00,3.00,49.7,109.71,649.82,258.22,SEARCH_Z
19.2064,0.9960,-0.2347,-2.7594,0.23682,0.20347,0.05375,0.00,0.00,3.00,49.7,109.71,649.84,258.22,SEARCH_Z
19.2165,1.2860,-0.6147,-2.5794,0.22482,0.18247,0.05375,0.00,0.00,3.00,49.8,109.71,649.88,258.22,SEARCH_Z
19.2266,1.1560,-0.8647,-2.6594,0.24482,0.21147,0.05475,0.00,0.00,3.00,49.8,109.70,649.90,258.22,SEARCH_Z
19.2368,1.2060,-0.7547,-2.6494,0.24182,0.19547,0.05075,0.00,0.00,3.00,49.8,109.70,649.94,258.22,SEARCH_Z
19.2469,1.4360,-0.8147,-2.8994,0.25982,0.19947,0.04975,0.00,0.00,3.00,49.8,109.70,649.96,258.22,SEARCH_Z
19.2570,1.3560,-0.9047,-2.6594,0.24282,0.18947,0.05175,0.00,0.00,3.00,49.8,109.70,650.00,258.22,SEARCH_Z
19.2671,1.4460,-0.8547,-2.5094,0.26882,0.20347,0.05475,0.00,0.00,3.00,49.8,109.70,650.02,258.23,SEARCH_Z
19.2772,1.3660,-0.4647,-3.1094,0.25682,0.20247,0.05475,0.00,0.00,3.00,49.8,109.70,650.06,258.23,SEARCH_Z
19.2873,1.2460,-0.4247,-3.0894,0.25982,0.20647,0.05575,0.00,0.00,3.00,49.8,109.70,650.08,258.23,SEARCH_Z
