time,fx,fy,fz,tx,ty,tz,vx,vy,vz,travel_mm,pos_x,pos_y,pos_z,phase
0.0000,-0.1539,0.4363,-0.1514,-0.02619,-0.00124,0.00250,-5.00,0.00,0.00,0.0,102.89,650.28,302.24,DESCEND
0.0102,0.1160,0.1963,-0.0714,-0.01319,-0.00924,0.00450,-5.00,0.00,0.00,0.0,102.89,650.28,302.24,DESCEND
0.0203,-0.1939,0.4963,-0.3114,-0.02719,-0.00424,0.00350,-5.00,0.00,0.00,0.0,102.89,650.28,302.24,DESCEND
0.0304,-0.0239,0.0463,-0.2314,-0.01819,-0.01224,0.00350,-5.00,0.00,0.00,0.0,102.89,650.28,302.23,DESCEND
0.0406,-0.0439,0.0263,-0.1014,-0.01019,-0.00724,0.00150,-5.00,0.00,0.00,0.0,102.89,650.28,302.22,DESCEND
0.0507,0.0960,-0.1336,0.1185,-0.01219,-0.01124,0.00150,-5.00,0.00,0.00,0.0,102.89,650.28,302.20,DESCEND
0.0608,0.0660,0.0663,-0.0514,0.00080,-0.00524,0.00050,-5.00,0.00,0.00,0.1,102.89,650.28,302.18,DESCEND
0.0709,0.2060,-0.3036,0.1585,-0.00719,-0.01624,-0.00850,-5.00,0.00,0.00,0.1,102.89,650.28,302.15,DESCEND
0.0811,-0.1339,0.3263,-0.0014,0.00280,0.00475,0.00550,-5.00,0.00,0.00,0.1,102.89,650.29,302.13,DESCEND
0.0912,0.1060,-0.1836,0.2985,-0.00319,0.00175,0.00050,-5.00,0.00,0.00,0.1,102.89,650.29,302.10,DESCEND
0.1014,0.0360,-0.0136,0.1885,-0.00319,-0.00024,0.00250,-5.00,0.00,0.00,0.2,102.89,650.29,302.06,DESCEND
0.1115,0.0260,0.1163,0.1585,-0.02519,0.00675,0.00250,-5.00,0.00,0.00,0.2,102.89,650.29,302.02,DESCEND
0.1216,-0.0239,-0.0836,0.2385,-0.01319,0.00975,-0.00349,-5.00,0.00,0.00,0.3,102.89,650.29,301.97,DESCEND
0.1317,0.0160,-0.1536,0.1585,0.00080,0.00075,0.00150,-5.00,0.00,0.00,0.3,102.89,650.29,301.94,DESCEND
0.1418,0.0260,0.0063,0.3285,-0.00819,0.00675,-0.00150,-5.00,0.00,0.00,0.4,102.89,650.29,301.88,DESCEND
0.1520,0.0960,0.1263,-0.0214,-0.00519,0.00075,0.00350,-5.00,0.00,0.00,0.4,102.89,650.30,301.84,DESCEND
0.1621,0.0760,-0.0536,0.1085,0.00380,0.00475,0.00050,-5.00,0.00,0.00,0.5,102.89,650.30,301.78,DESCEND
0.1722,0.0760,0.0163,0.1685,-0.01119,0.00975,0.00250,-5.00,0.00,0.00,0.5,102.89,650.30,301.74,DESCEND
0.1824,0.2260,-0.1736,0.0485,-0.00819,-0.00024,-0.00449,-5.00,0.00,0.00,0.6,102.89,650.30,301.68,DESCEND
0.1924,0.2460,-0.1136,0.0185,-0.00719,0.00075,0.00150,-5.00,0.00,0.00,0.6,102.89,650.30,301.64,DESCEND
0.2026,0.0160,0.3763,-0.1914,-0.02119,-0.01524,0.00650,-5.00,0.00,0.00,0.7,102.89,650.31,301.58,DESCEND
0.2127,-0.0339,0.2863,-0.0914,-0.00219,-0.00224,0.00450,-5.00,0.00,0.00,0.7,102.89,650.31,301.54,DESCEND
0.2228,-0.1139,0.1263,-0.2414,-0.01119,-0.00624,0.00250,-5.00,0.00,0.00,0.8,102.89,650.31,301.48,DESCEND
0.2329,-0.1439,-0.2536,0.2085,-0.01319,-0.01424,-0.00050,-5.00,0.00,0.00,0.8,102.89,650.31,301.44,DESCEND
0.2431,0.0560,0.1163,-0.0514,-0.00119,-0.01024,0.00250,-5.00,0.00,0.00,0.9,102.89,650.31,301.38,DESCEND
0.2532,-0.0639,-0.0736,-0.0814,-0.02519,-0.00924,0.00150,-5.00,0.00,0.00,0.9,102.89,650.32,301.32,DESCEND
0.2633,0.1160,0.0263,-0.1014,-0.01719,-0.01224,0.00350,-5.00,0.00,0.00,1.0,102.89,650.32,301.28,DESCEND
0.2735,0.0560,0.0663,-0.0714,-0.00019,0.00175,0.00150,-5.00,0.00,0.00,1.0,102.89,650.32,301.22,DESCEND
0.2836,-0.0039,0.1563,0.0385,-0.01719,-0.00624,0.00250,-5.00,0.00,0.00,1.1,102.89,650.32,301.18,DESCEND
0.2937,-0.0439,0.3763,-0.3114,-0.03119,-0.01424,0.00150,-5.00,0.00,0.00,1.1,102.89,650.32,301.12,DESCEND
0.3038,0.2160,-0.3336,0.2985,0.01280,0.00875,-0.00249,-5.00,0.00,0.00,1.2,102.89,650.32,301.08,DESCEND
0.3139,-0.0139,-0.1436,-0.0414,-0.01619,-0.00424,-0.00249,-5.00,0.00,0.00,1.2,102.89,650.33,301.02,DESCEND
0.3240,0.0260,-0.3136,0.4085,-0.01119,-0.00424,0.00250,-5.00,0.00,0.00,1.3,102.89,650.33,300.98,DESCEND
0.3341,0.1060,-0.2136,0.2685,-0.02219,-0.01224,0.00150,-5.00,0.00,0.00,1.3,102.89,650.33,300.92,DESCEND
0.3442,0.1260,-0.1436,0.3285,-0.01919,-0.01124,0.00050,-5.00,0.00,0.00,1.4,102.89,650.33,300.88,DESCEND
0.3543,0.1160,0.1163,-0.0714,-0.00819,-0.00324,0.00150,-5.00,0.00,0.00,1.4,102.89,650.33,300.82,DESCEND
0.3644,0.1060,-0.2236,0.1385,-0.00519,-0.00324,-0.00349,-5.00,0.00,0.00,1.5,102.89,650.34,300.78,DESCEND
0.3746,0.0260,-0.3036,0.0785,0.00180,-0.00224,0.00050,-5.00,0.00,0.00,1.5,102.89,650.34,300.72,DESCEND
0.3847,0.0360,0.1963,-0.0314,-0.01119,-0.00624,0.00550,-5.00,0.00,0.00,1.6,102.89,650.34,300.68,DESCEND
0.3948,0.1160,0.0163,0.2785,0.00480,0.00075,-0.00050,-5.00,0.00,0.00,1.6,102.89,650.34,300.62,DESCEND
0.4049,0.1660,0.1763,0.0185,-0.00619,-0.00924,0.00550,-5.00,0.00,0.00,1.7,102.89,650.34,300.58,DESCEND
0.4150,0.1660,-0.2136,-0.2014,0.00580,-0.01224,-0.00249,-5.00,0.00,0.00,1.7,102.89,650.35,300.52,DESCEND
0.4251,0.1960,0.0563,0.3885,0.00580,0.00475,0.00350,-5.00,0.00,0.00,1.8,102.89,650.35,300.46,DESCEND
0.4352,-0.0939,-0.0636,0.2385,-0.02419,-0.00824,0.00250,-5.00,0.00,0.00,1.8,102.89,650.35,300.42,DESCEND
0.4453,-0.2139,-0.0136,0.1485,-0.02319,-0.00424,0.00150,-5.00,0.00,0.00,1.9,102.89,650.35,300.36,DESCEND
0.4555,-0.1739,0.4263,-0.2114,-0.02719,-0.01324,0.00550,-5.00,0.00,0.00,1.9,102.89,650.35,300.32,DESCEND
0.4656,0.0460,-0.0036,0.1985,0.01680,0.01075,0.00350,-5.00,0.00,0.00,2.0,102.89,650.36,300.26,DESCEND
0.4757,0.0860,0.1763,-0.0214,-0.00219,-0.01324,0.00450,-5.00,0.00,0.00,2.0,102.90,650.36,300.22,DESCEND
0.4859,-0.1039,-0.0136,-0.0414,-0.02919,-0.01124,0.00350,-5.00,0.00,0.00,2.1,102.90,650.36,300.16,DESCEND
0.4960,0.1560,-0.0736,0.3185,-0.00919,-0.01024,-0.00150,-5.00,0.00,0.00,2.1,102.90,650.36,300.12,DESCEND
0.5061,-0.0139,0.2163,-0.2614,-0.00719,-0.00424,0.00250,-5.00,0.00,0.00,2.2,102.90,650.36,300.06,DESCEND
0.5162,0.0560,-0.1236,0.1485,-0.00019,-0.00424,0.00550,-5.00,0.00,0.00,2.2,102.90,650.36,300.02,DESCEND
0.5263,0.0760,0.1563,0.0785,-0.00419,-0.00624,0.00650,-5.00,0.00,0.00,2.3,102.90,650.37,299.96,DESCEND
0.5364,-0.0539,-0.1236,0.3585,-0.00719,0.00175,-0.00249,-5.00,0.00,0.00,2.3,102.90,650.37,299.92,DESCEND
0.5466,-0.0039,-0.1236,0.2285,-0.00919,-0.00424,0.00550,-5.00,0.00,0.00,2.4,102.90,650.37,299.86,DESCEND
0.5567,-0.2039,-0.2636,0.1885,-0.01319,0.01275,0.00050,-5.00,0.00,0.00,2.4,102.90,650.37,299.82,DESCEND
0.5668,0.2160,-0.1536,0.0385,-0.00419,-0.01224,0.00050,-5.00,0.00,0.00,2.5,102.90,650.37,299.76,DESCEND
0.5770,0.1060,-0.1236,0.1385,0.00180,0.00475,0.00150,-5.00,0.00,0.00,2.5,102.90,650.38,299.72,DESCEND
0.5871,-0.0939,0.2263,0.1485,-0.01119,-0.00624,0.00650,-5.00,0.00,0.00,2.6,102.90,650.38,299.66,DESCEND
0.5972,-0.1239,-0.0536,0.3385,-0.00219,0.00375,0.00250,-5.00,0.00,0.00,2.6,102.90,650.38,299.60,DESCEND
0.6074,0.0260,0.0363,0.1185,0.00280,-0.00424,0.00250,-5.00,0.00,0.00,2.7,102.90,650.38,299.56,DESCEND
0.6175,0.1860,0.2163,0.2785,-0.01719,-0.01524,0.00250,-5.00,0.00,0.00,2.7,102.90,650.38,299.50,DESCEND
0.6276,0.0360,-0.0436,0.2585,-0.01119,-0.00224,0.00250,-5.00,0.00,0.00,2.8,102.90,650.39,299.46,DESCEND
0.6377,0.0660,0.1763,-0.1314,-0.00619,-0.01324,0.00350,-5.00,0.00,0.00,2.8,102.90,650.39,299.40,DESCEND
0.6479,0.0760,-0.1536,0.2285,0.00680,0.00475,0.00050,-5.00,0.00,0.00,2.9,102.90,650.39,299.36,DESCEND
0.6580,-0.1739,-0.1636,0.3585,-0.00219,0.00775,0.00350,-5.00,0.00,0.00,2.9,102.90,650.39,299.30,DESCEND
0.6682,0.1360,0.0663,0.0285,-0.00119,-0.00924,0.00050,-5.00,0.00,0.00,3.0,102.90,650.39,299.26,DESCEND
0.6783,0.1160,-0.2336,0.3485,-0.00719,-0.00224,-0.00050,-5.00,0.00,0.00,3.0,102.90,650.39,299.20,DESCEND
0.6884,-0.1039,0.0463,0.1585,-0.01919,-0.00824,0.00250,-5.00,0.00,0.00,3.1,102.90,650.40,299.16,DESCEND
0.6985,-0.0039,0.2163,-0.1714,-0.00719,-0.00824,0.00350,-5.00,0.00,0.00,3.1,102.90,650.40,299.10,DESCEND
0.7087,0.0360,0.1363,0.0685,-0.01419,-0.01424,0.00350,-5.00,0.00,0.00,3.2,102.90,650.40,299.06,DESCEND
0.7188,-0.1839,0.3263,-0.2414,-0.02819,-0.01324,0.00550,-5.00,0.00,0.00,3.2,102.90,650.40,299.00,DESCEND
0.7289,0.0160,-0.0136,0.1685,-0.02019,-0.00824,0.00150,-5.00,0.00,0.00,3.3,102.90,650.40,298.96,DESCEND
0.7390,-0.1639,-0.0536,0.2685,-0.02719,-0.00624,0.00350,-5.00,0.00,0.00,3.3,102.90,650.41,298.90,DESCEND
0.7492,0.0160,0.3663,-0.1514,-0.00519,-0.00424,0.00450,-5.00,0.00,0.00,3.4,102.90,650.41,298.84,DESCEND
0.7593,0.1060,0.2363,-0.0214,-0.01519,-0.01224,0.00350,-5.00,0.00,0.00,3.4,102.90,650.41,298.80,DESCEND
0.7694,0.0160,-0.6036,0.8785,-0.00619,0.00675,0.00050,-5.00,0.00,0.00,3.5,102.90,650.41,298.74,DESCEND
0.7795,0.0560,0.3063,-0.2014,-0.00919,-0.01524,0.00650,-5.00,0.00,0.00,3.5,102.90,650.41,298.70,DESCEND
0.7897,0.1260,-0.1136,-0.2314,-0.01519,-0.02224,0.00150,-5.00,0.00,0.00,3.6,102.90,650.42,298.64,DESCEND
0.7998,0.0960,0.1763,-0.2614,0.00480,-0.00924,0.00250,-5.00,0.00,0.00,3.6,102.90,650.42,298.60,DESCEND
0.8099,0.2360,-0.3836,0.5085,0.00080,-0.01024,-0.00349,-5.00,0.00,0.00,3.7,102.90,650.42,298.56,DESCEND
0.8200,0.0160,0.0563,0.2085,0.00280,-0.00324,0.00550,-5.00,0.00,0.00,3.7,102.90,650.42,298.50,DESCEND
0.8301,0.1360,-0.0436,0.0485,0.00980,-0.00224,0.00250,-5.00,0.00,0.00,3.8,102.90,650.42,298.44,DESCEND
0.8402,-0.0239,-0.3636,0.3185,-0.01119,-0.00524,-0.00050,-5.00,0.00,0.00,3.8,102.90,650.42,298.40,DESCEND
0.8503,0.2260,-0.4336,0.2685,0.01080,-0.00024,-0.00050,-5.00,0.00,0.00,3.9,102.90,650.43,298.34,DESCEND
0.8605,0.0360,0.3063,-0.2214,-0.01019,-0.01324,0.00950,-5.00,0.00,0.00,3.9,102.90,650.43,298.30,DESCEND
0.8706,0.1860,-0.1436,0.0485,-0.01019,-0.01124,-0.00050,-5.00,0.00,0.00,4.0,102.90,650.43,298.24,DESCEND
0.8807,0.1460,0.1363,0.1985,0.00280,0.00275,-0.00050,-5.00,0.00,0.00,4.0,102.90,650.43,298.20,DESCEND
0.8908,0.0960,-0.0036,0.0285,-0.01519,-0.01124,0.00350,-5.00,0.00,0.00,4.1,102.90,650.43,298.14,DESCEND
0.9010,0.0260,-0.1836,0.3685,-0.01119,-0.00224,0.00250,-5.00,0.00,0.00,4.1,102.90,650.44,298.10,DESCEND
0.9111,-0.0539,-0.4236,0.4085,-0.00619,-0.00224,-0.00150,-5.00,0.00,0.00,4.2,102.90,650.44,298.04,DESCEND
0.9212,0.0360,0.0363,0.1485,-0.00319,-0.00724,0.00350,-5.00,0.00,0.00,4.3,102.90,650.44,297.98,DESCEND
0.9313,0.3060,-0.0336,-0.0814,0.02080,-0.00124,0.00450,-5.00,0.00,0.00,4.3,102.90,650.44,297.94,DESCEND
0.9415,0.0060,0.0263,-0.1014,-0.00119,-0.00724,0.00250,-5.00,0.00,0.00,4.4,102.90,650.44,297.88,DESCEND
0.9516,-0.0239,-0.1836,0.1885,-0.00519,-0.00424,0.00150,-5.00,0.00,0.00,4.4,102.90,650.45,297.84,DESCEND
0.9617,0.1060,-0.0036,0.0785,0.00480,0.00875,0.00250,-5.00,0.00,0.00,4.5,102.90,650.45,297.78,DESCEND
0.9719,0.1360,0.1963,-0.1814,-0.00319,-0.00724,0.00350,-5.00,0.00,0.00,4.5,102.90,650.45,297.74,DESCEND
0.9820,0.0060,-0.1636,-0.1314,-0.00219,-0.00624,0.00150,-5.00,0.00,0.00,4.6,102.90,650.45,297.68,DESCEND
0.9921,0.0860,0.2863,0.0885,-0.00919,-0.00524,0.00450,-5.00,0.00,0.00,4.6,102.90,650.45,297.64,DESCEND
1.0022,-0.0839,0.3163,0.1385,-0.01519,-0.00824,0.00550,-5.00,0.00,0.00,4.7,102.90,650.46,297.58,DESCEND
1.0123,-0.0839,-0.3136,0.3385,-0.01419,-0.00424,-0.00150,-5.00,0.00,0.00,4.7,102.90,650.46,297.54,DESCEND
1.0225,-0.0739,0.4163,-0.2014,-0.02619,-0.01824,0.00650,-5.00,0.00,0.00,4.8,102.91,650.46,297.48,DESCEND
1.0326,-0.0239,-0.0536,0.4085,-0.00519,-0.00324,0.00250,-5.00,0.00,0.00,4.8,102.91,650.46,297.44,DESCEND
1.0427,-0.0539,-0.3836,0.3785,-0.00719,-0.00324,0.00150,-5.00,0.00,0.00,4.9,102.91,650.46,297.38,DESCEND
1.0529,0.0060,-0.2536,0.3685,0.00680,0.00375,0.00350,-5.00,0.00,0.00,4.9,102.91,650.46,297.34,DESCEND
1.0630,0.0860,-0.0236,0.0485,-0.00019,-0.00724,0.00250,-5.00,0.00,0.00,5.0,102.91,650.47,297.28,DESCEND
1.0731,0.0960,0.1463,-0.0814,-0.00219,0.00075,0.00250,-5.00,0.00,0.00,5.0,102.91,650.47,297.24,DESCEND
1.0832,-0.0139,-0.2036,0.1785,0.00080,-0.00324,0.00150,-5.00,0.00,0.00,5.1,102.91,650.47,297.18,DESCEND
1.0933,0.2760,-0.3036,0.1885,0.00480,-0.00624,-0.00150,-5.00,0.00,0.00,5.1,102.91,650.47,297.12,DESCEND
1.1034,-0.0939,0.3363,-0.1114,-0.00019,-0.00124,0.00550,-5.00,0.00,0.00,5.2,102.91,650.47,297.08,DESCEND
1.1135,-0.0439,-0.5136,0.7285,-0.00019,0.01675,0.00450,-5.00,0.00,0.00,5.2,102.91,650.48,297.02,DESCEND
1.1237,0.0560,-0.0136,-0.1014,-0.02219,-0.01924,0.00250,-5.00,0.00,0.00,5.3,102.91,650.48,296.98,DESCEND
1.1338,-0.2039,0.0463,0.1185,-0.01919,-0.00624,0.00550,-5.00,0.00,0.00,5.3,102.91,650.48,296.92,DESCEND
1.1439,0.1860,-0.2236,0.1485,-0.00619,-0.00924,-0.00249,-5.00,0.00,0.00,5.4,102.91,650.48,296.88,DESCEND
1.1540,0.2460,-0.2836,0.1585,0.01180,-0.00424,0.00050,-5.00,0.00,0.00,5.4,102.91,650.48,296.82,DESCEND
1.1642,-0.0239,-0.1136,-0.0114,-0.00719,-0.00624,0.00650,-5.00,0.00,0.00,5.5,102.91,650.49,296.78,DESCEND
1.1743,-0.0939,0.1563,-0.1914,-0.00519,-0.01624,0.00750,-5.00,0.00,0.00,5.5,102.91,650.49,296.72,DESCEND
1.1845,0.2160,0.0963,-0.0814,-0.00119,-0.00624,0.00550,-5.00,0.00,0.00,5.6,102.91,650.49,296.68,DESCEND
1.1946,0.0460,0.0063,0.1985,-0.00719,-0.00324,0.00350,-5.00,0.00,0.00,5.6,102.91,650.49,296.62,DESCEND
1.2047,0.0460,-0.3336,0.1385,0.01680,0.00775,0.00150,-5.00,0.00,0.00,5.7,102.91,650.49,296.58,DESCEND
1.2149,-0.1039,-0.0036,0.0985,-0.01119,-0.00424,0.00350,-5.00,0.00,0.00,5.7,102.91,650.49,296.52,DESCEND
1.2250,0.1960,-0.1936,0.2985,-0.00219,-0.00224,0.00050,-5.00,0.00,0.00,5.8,102.91,650.50,296.48,DESCEND
1.2352,0.1060,-0.1936,0.1985,0.01680,0.00375,0.00150,-5.00,0.00,0.00,5.8,102.91,650.50,296.42,DESCEND
1.2453,-0.0539,-0.0836,0.2685,0.00280,0.00775,0.00650,-5.00,0.00,0.00,5.9,102.91,650.50,296.36,DESCEND
1.2554,0.0760,0.0663,0.2785,0.00580,0.00375,0.00350,-5.00,0.00,0.00,5.9,102.91,650.50,296.32,DESCEND
1.2655,-0.1839,0.0963,-0.0014,-0.03119,-0.00724,0.00550,-5.00,0.00,0.00,6.0,102.91,650.50,296.26,DESCEND
1.2756,0.0460,-0.1536,0.3685,-0.00319,-0.00324,0.00150,-5.00,0.00,0.00,6.0,102.91,650.51,296.22,DESCEND
1.2858,0.0860,0.1363,-0.1114,-0.02819,-0.02324,0.00350,-5.00,0.00,0.00,6.1,102.91,650.51,296.16,DESCEND
1.2960,-0.0139,0.4463,-0.0314,-0.01319,-0.01224,0.01150,-5.00,0.00,0.00,6.1,102.91,650.51,296.12,DESCEND
1.3061,0.0160,0.0263,0.2085,-0.01319,-0.00524,0.00650,-5.00,0.00,0.00,6.2,102.91,650.51,296.06,DESCEND
1.3162,0.0760,-0.3336,0.2985,-0.00119,-0.00524,0.00350,-5.00,0.00,0.00,6.2,102.91,650.51,296.02,DESCEND
1.3264,0.0960,0.1463,0.0085,-0.01119,-0.01924,0.00450,-5.00,0.00,0.00,6.3,102.91,650.52,295.96,DESCEND
1.3365,0.1860,-0.3736,0.7085,0.00480,-0.00124,0.00350,-5.00,0.00,0.00,6.3,102.91,650.52,295.92,DESCEND
1.3466,-0.0439,0.1463,-0.0314,0.00380,-0.00124,0.00450,-5.00,0.00,0.00,6.4,102.91,650.52,295.86,DESCEND
1.3567,0.0860,-0.2636,0.4585,-0.00819,-0.00124,0.00250,-5.00,0.00,0.00,6.4,102.91,650.52,295.82,DESCEND
1.3669,0.0560,-0.1336,0.4685,-0.02519,-0.00424,-0.00249,-5.00,0.00,0.00,6.5,102.91,650.52,295.76,DESCEND
1.3770,0.0160,-0.0236,0.1685,-0.01019,-0.00424,0.00350,-5.00,0.00,0.00,6.5,102.91,650.52,295.72,DESCEND
1.3871,-0.2239,0.4463,0.0285,-0.01619,-0.00724,0.00750,-5.00,0.00,0.00,6.6,102.91,650.53,295.66,DESCEND
1.3972,-0.0039,0.1163,0.0885,-0.00019,-0.00324,0.00550,-5.00,0.00,0.00,6.6,102.91,650.53,295.60,DESCEND
1.4074,0.1160,-0.0236,0.0085,-0.02719,-0.01724,0.00550,-5.00,0.00,0.00,6.7,102.91,650.53,295.56,DESCEND
1.4175,-0.0639,0.3263,-0.0914,-0.01419,-0.01524,0.00450,-5.00,0.00,0.00,6.7,102.91,650.53,295.50,DESCEND
1.4276,0.1660,0.1763,0.0185,0.00480,-0.00624,0.00450,-5.00,0.00,0.00,6.8,102.91,650.53,295.46,DESCEND
1.4377,-0.0339,0.0563,-0.0314,0.00880,-0.00124,0.00350,-5.00,0.00,0.00,6.8,102.91,650.54,295.40,DESCEND
1.4478,0.0960,0.0263,-0.1914,-0.00719,-0.01724,0.00350,-5.00,0.00,0.00,6.9,102.91,650.54,295.37,DESCEND
1.4580,0.1160,-0.2736,0.3185,-0.00119,-0.00524,0.00250,-5.00,0.00,0.00,6.9,102.91,650.54,295.31,DESCEND
1.4681,0.0360,0.3063,0.0385,-0.00219,-0.00524,0.00450,-5.00,0.00,0.00,7.0,102.91,650.54,295.27,DESCEND
1.4782,-0.0739,0.0163,-0.0514,0.00280,-0.00224,0.00550,-5.00,0.00,0.00,7.0,102.91,650.54,295.21,DESCEND
1.4884,0.1060,0.2263,-0.1114,0.00080,-0.00024,0.00650,-5.00,0.00,0.00,7.1,102.91,650.55,295.17,DESCEND
1.4985,0.2160,-0.0636,-0.0214,0.00180,-0.00724,0.00250,-5.00,0.00,0.00,7.1,102.91,650.55,295.11,DESCEND
1.5086,0.2260,-0.2436,0.3485,0.00380,-0.00024,0.00250,-5.00,0.00,0.00,7.2,102.91,650.55,295.07,DESCEND
1.5188,0.0660,-0.0036,0.1085,-0.02419,-0.00824,0.00250,-5.00,0.00,0.00,7.2,102.91,650.55,295.01,DESCEND
1.5289,0.2360,-0.1036,0.3685,-0.00119,-0.00624,0.00250,-5.00,0.00,0.00,7.3,102.91,650.55,294.97,DESCEND
1.5390,0.1560,-0.0436,0.1785,-0.00119,-0.01124,0.00350,-5.00,0.00,0.00,7.3,102.91,650.56,294.91,DESCEND
1.5491,0.0360,0.3363,-0.1014,-0.01219,-0.00824,0.00750,-5.00,0.00,0.00,7.4,102.91,650.56,294.85,DESCEND
1.5592,0.2660,-0.2036,0.5485,0.00580,0.00175,0.00150,-5.00,0.00,0.00,7.4,102.91,650.56,294.81,DESCEND
1.5694,-0.0039,0.1863,0.2985,-0.01119,-0.01224,0.00850,-5.00,0.00,0.00,7.5,102.91,650.56,294.75,DESCEND
1.5795,0.0460,-0.0136,0.0785,0.00780,0.00275,0.00350,-5.00,0.00,0.00,7.5,102.92,650.56,294.71,DESCEND
1.5896,0.0060,-0.0436,0.1985,-0.00719,-0.00124,0.00150,-5.00,0.00,0.00,7.6,102.92,650.56,294.65,DESCEND
1.5997,0.1260,0.0763,-0.1514,0.00080,-0.02224,0.00650,-5.00,0.00,0.00,7.6,102.92,650.57,294.61,DESCEND
1.6098,-0.0139,-0.0236,0.4085,-0.00719,0.00675,0.00550,-5.00,0.00,0.00,7.7,102.92,650.57,294.57,DESCEND
1.6200,-0.0539,0.0863,0.0585,-0.00819,-0.00324,0.00650,-5.00,0.00,0.00,7.7,102.92,650.57,294.51,DESCEND
1.6301,0.0760,0.2263,0.0785,-0.00819,-0.00924,0.00750,-5.00,0.00,0.00,7.8,102.92,650.57,294.45,DESCEND
1.6402,-0.1039,0.0663,0.1885,0.00180,0.00475,0.00350,-5.00,0.00,0.00,7.8,102.92,650.57,294.41,DESCEND
1.6503,0.0660,-0.1536,0.0585,0.00380,0.00175,0.00350,-5.00,0.00,0.00,7.9,102.92,650.58,294.35,DESCEND
1.6605,0.0560,0.1963,0.0085,-0.00619,-0.00424,0.00450,-5.00,0.00,0.00,7.9,102.92,650.58,294.31,DESCEND
1.6706,0.0760,-0.3336,0.1685,0.00080,-0.00124,0.00350,-5.00,0.00,0.00,8.0,102.92,650.58,294.25,DESCEND
1.6807,-0.0739,0.3463,0.0185,0.00080,-0.00324,0.01050,-5.00,0.00,0.00,8.0,102.92,650.58,294.21,DESCEND
1.6908,0.1160,-0.0636,-0.1014,-0.01519,-0.01824,0.00250,-5.00,0.00,0.00,8.1,102.92,650.58,294.15,DESCEND
1.7010,0.0460,0.3463,-0.1714,-0.01919,-0.01124,0.00450,-5.00,0.00,0.00,8.1,102.92,650.58,294.11,DESCEND
1.7111,0.1060,0.0063,0.0685,0.01080,-0.00224,0.00350,-5.00,0.00,0.00,8.2,102.92,650.59,294.05,DESCEND
1.7212,-0.1139,0.1763,0.3285,-0.02319,-0.01224,0.00250,-5.00,0.00,0.00,8.3,102.92,650.59,293.99,DESCEND
1.7314,-0.0739,0.2263,0.4085,-0.01119,0.00075,0.00350,-5.00,0.00,0.00,8.3,102.92,650.59,293.95,DESCEND
1.7416,-0.0239,-0.1636,0.2485,-0.02719,-0.01124,0.00350,-5.00,0.00,0.00,8.4,102.92,650.59,293.89,DESCEND
1.7517,0.0260,-0.0336,0.4585,0.01180,0.00475,0.00350,-5.00,0.00,0.00,8.4,102.92,650.59,293.85,DESCEND
1.7618,-0.1039,-0.2936,0.4385,-0.02119,-0.00224,0.00250,-5.00,0.00,0.00,8.5,102.92,650.60,293.79,DESCEND
1.7720,0.0860,-0.5036,0.6585,-0.00519,0.00375,0.00050,-5.00,0.00,0.00,8.5,102.92,650.60,293.75,DESCEND
1.7821,-0.0439,0.0463,0.2585,0.00480,0.00375,0.00750,-5.00,0.00,0.00,8.6,102.92,650.60,293.69,DESCEND
1.7922,-0.0639,-0.1836,0.4085,-0.00419,0.00375,0.00250,-5.00,0.00,0.00,8.6,102.92,650.60,293.65,DESCEND
1.8024,0.0560,-0.0336,0.2985,-0.00919,-0.01424,0.00850,-5.00,0.00,0.00,8.7,102.92,650.60,293.59,DESCEND
1.8125,-0.0939,0.4063,-0.0314,-0.01519,-0.00224,0.00450,-5.00,0.00,0.00,8.7,102.92,650.61,293.55,DESCEND
1.8226,0.1260,0.0963,-0.0614,-0.01819,-0.01724,0.00250,-5.00,0.00,0.00,8.8,102.92,650.61,293.49,DESCEND
1.8328,-0.2139,0.3163,-0.2014,-0.00819,-0.00524,0.00350,-5.00,0.00,0.00,8.8,102.92,650.61,293.45,DESCEND
1.8429,0.0760,0.2763,-0.2614,-0.00419,-0.01424,0.00250,-5.00,0.00,0.00,8.9,102.92,650.61,293.39,DESCEND
1.8530,0.0560,0.1163,0.3485,-0.00519,0.00075,0.00550,-5.00,0.00,0.00,8.9,102.92,650.61,293.35,DESCEND
1.8631,0.1860,0.2863,-0.1114,-0.00819,-0.01824,0.00550,-5.00,0.00,0.00,9.0,102.92,650.62,293.29,DESCEND
1.8732,-0.1339,-0.0136,0.0985,-0.01419,-0.00724,0.00550,-5.00,0.00,0.00,9.0,102.92,650.62,293.23,DESCEND
1.8833,0.0060,-0.0536,0.2885,-0.00019,-0.00924,0.00250,-5.00,0.00,0.00,9.1,102.92,650.62,293.19,DESCEND
1.8934,0.0360,0.3463,-0.2314,-0.01519,-0.01824,0.00650,-5.00,0.00,0.00,9.1,102.92,650.62,293.13,DESCEND
1.9036,-0.1839,0.0263,0.2185,-0.01319,0.00175,0.00950,-5.00,0.00,0.00,9.2,102.92,650.62,293.09,DESCEND
1.9137,-0.1039,0.0263,0.1385,-0.02519,-0.00824,0.00650,-5.00,0.00,0.00,9.2,102.92,650.63,293.03,DESCEND
1.9238,-0.0939,0.0763,0.4185,-0.01719,-0.00524,0.00350,-5.00,0.00,0.00,9.3,102.92,650.63,292.99,DESCEND
1.9339,-0.0739,0.2863,0.0585,-0.01519,-0.00724,0.00550,-5.00,0.00,0.00,9.3,102.92,650.63,292.93,DESCEND
1.9441,-0.0239,0.1663,-0.0614,-0.01619,-0.01224,0.00950,-5.00,0.00,0.00,9.4,102.92,650.63,292.89,DESCEND
1.9542,-0.0339,0.0463,0.1485,-0.02319,-0.01424,0.00750,-5.00,0.00,0.00,9.4,102.92,650.63,292.83,DESCEND
1.9643,-0.1839,0.1963,0.0285,-0.02019,-0.00924,0.00550,-5.00,0.00,0.00,9.5,102.92,650.63,292.79,DESCEND
1.9745,-0.0239,0.0763,0.1385,-0.00619,-0.00924,0.00550,-5.00,0.00,0.00,9.5,102.92,650.64,292.73,DESCEND
1.9846,-0.1539,-0.1036,0.1285,-0.02419,-0.01324,0.00450,-5.00,0.00,0.00,9.6,102.92,650.64,292.69,DESCEND
1.9947,0.1760,-0.1236,0.3585,-0.00219,-0.00424,0.00250,-5.00,0.00,0.00,9.6,102.92,650.64,292.63,DESCEND
2.0048,-0.1039,0.1663,-0.2014,-0.00219,-0.01124,0.01050,-5.00,0.00,0.00,9.7,102.92,650.64,292.59,DESCEND
2.0149,0.1260,-0.1236,0.3085,-0.00719,-0.00824,0.00550,-5.00,0.00,0.00,9.7,102.92,650.64,292.53,DESCEND
2.0251,0.0560,0.3563,-0.1414,-0.00919,-0.01524,0.00950,-5.00,0.00,0.00,9.8,102.92,650.65,292.49,DESCEND
2.0352,-0.1639,-0.2536,0.3685,-0.02519,-0.00924,0.00550,-5.00,0.00,0.00,9.8,102.92,650.65,292.43,DESCEND
2.0453,0.0660,-0.1736,0.2285,0.00080,-0.00424,0.00550,-5.00,0.00,0.00,9.9,102.92,650.65,292.37,DESCEND
2.0554,-0.0139,-0.0236,0.3885,-0.01519,-0.01324,-0.00050,-5.00,0.00,0.00,9.9,102.92,650.65,292.33,DESCEND
2.0655,0.0960,0.0263,0.0985,0.00780,-0.00824,0.00450,-5.00,0.00,0.00,10.0,102.92,650.65,292.27,DESCEND
2.0756,-0.0639,0.1563,-0.0614,-0.02819,-0.01324,0.00750,-5.00,0.00,0.00,10.0,102.92,650.66,292.23,DESCEND
2.0857,0.0860,-0.2336,0.4485,0.02080,0.01075,0.00150,-5.00,0.00,0.00,10.1,102.92,650.66,292.17,DESCEND
2.0959,-0.0439,0.0063,-0.1214,-0.02119,-0.01524,0.00450,-5.00,0.00,0.00,10.1,102.92,650.66,292.13,DESCEND
2.1060,0.1660,0.0863,0.4685,0.02580,0.01575,0.00550,-5.00,0.00,0.00,10.2,102.92,650.66,292.07,DESCEND
2.1161,0.1360,-0.0036,0.2985,-0.00419,-0.00124,0.00650,-5.00,0.00,0.00,10.2,102.92,650.66,292.03,DESCEND
2.1262,0.2460,-0.0636,0.0285,0.01780,-0.00724,-0.00050,-5.00,0.00,0.00,10.3,102.92,650.66,291.97,DESCEND
2.1363,-0.1239,0.1863,-0.1814,-0.02819,-0.02124,0.00850,-5.00,0.00,0.00,10.3,102.92,650.67,291.93,DESCEND
2.1464,0.0860,-0.4336,0.4185,0.00180,-0.00224,0.00050,-5.00,0.00,0.00,10.4,102.93,650.67,291.87,DESCEND
2.1566,-0.1739,-0.2636,0.5185,-0.00719,0.00275,0.00250,-5.00,0.00,0.00,10.4,102.93,650.67,291.83,DESCEND
2.1667,-0.0339,-0.0936,0.3485,0.00380,-0.00024,0.00350,-5.00,0.00,0.00,10.5,102.93,650.67,291.77,DESCEND
2.1768,-0.0639,-0.0736,0.0885,-0.00819,-0.01324,0.00150,-5.00,0.00,0.00,10.5,102.93,650.67,291.73,DESCEND
2.1869,-0.2339,-0.0736,0.2185,-0.00919,-0.00224,-0.00050,-5.00,0.00,0.00,10.6,102.93,650.68,291.67,DESCEND
2.1970,-0.1339,-0.0936,0.2885,-0.01219,0.00775,0.00250,-5.00,0.00,0.00,10.6,102.93,650.68,291.63,DESCEND
2.2072,0.0260,-0.0936,0.6685,-0.00119,0.00675,0.00350,-5.00,0.00,0.00,10.7,102.93,650.68,291.57,DESCEND
2.2173,-0.2139,0.0763,0.3585,-0.02519,-0.00124,0.00750,-5.00,0.00,0.00,10.7,102.93,650.68,291.51,DESCEND
2.2274,0.0260,-0.3536,0.2885,-0.01119,-0.00424,0.00450,-5.00,0.00,0.00,10.8,102.93,650.68,291.47,DESCEND
2.2375,0.0160,0.1063,-0.0614,-0.01219,-0.01724,0.00650,-5.00,0.00,0.00,10.8,102.93,650.69,291.41,DESCEND
2.2476,-0.0639,0.0463,0.0285,-0.01419,-0.00724,0.00550,-5.00,0.00,0.00,10.9,102.93,650.69,291.37,DESCEND
2.2577,0.0460,0.1263,-0.0514,-0.00319,-0.01124,0.00650,-5.00,0.00,0.00,10.9,102.93,650.69,291.31,DESCEND
2.2678,0.1460,-0.0236,-0.1614,0.00980,-0.00724,0.00250,-5.00,0.00,0.00,11.0,102.93,650.69,291.27,DESCEND
2.2780,0.0860,0.1663,0.2585,-0.01419,-0.01324,0.00250,-5.00,0.00,0.00,11.0,102.93,650.69,291.21,DESCEND
2.2880,-0.0539,0.1763,-0.2414,0.00080,-0.00324,0.01050,-5.00,0.00,0.00,11.1,102.93,650.69,291.17,DESCEND
2.2982,-0.0339,0.2763,0.1685,-0.00719,-0.00724,0.00550,-5.00,0.00,0.00,11.1,102.93,650.70,291.11,DESCEND
2.3083,0.1560,-0.0936,0.1985,0.00180,-0.00324,0.00450,-5.00,0.00,0.00,11.2,102.93,650.70,291.07,DESCEND
2.3184,0.0260,0.0063,0.1385,0.00180,-0.00724,0.00450,-5.00,0.00,0.00,11.2,102.93,650.70,291.01,DESCEND
2.3285,0.0060,0.2063,0.0285,-0.00519,-0.01024,0.00550,-5.00,0.00,0.00,11.3,102.93,650.70,290.97,DESCEND
2.3386,0.0260,-0.2436,0.3585,-0.00219,-0.00024,0.00550,-5.00,0.00,0.00,11.3,102.93,650.70,290.91,DESCEND
2.3487,0.0060,0.0063,0.0485,-0.00419,-0.01024,0.00450,-5.00,0.00,0.00,11.4,102.93,650.71,290.87,DESCEND
2.3589,0.1160,0.0863,0.0685,-0.01719,-0.01624,0.00450,-5.00,0.00,0.00,11.4,102.93,650.71,290.81,DESCEND
2.3690,-0.0439,0.2363,0.0185,-0.01919,-0.00324,0.00550,-5.00,0.00,0.00,11.5,102.93,650.71,290.77,DESCEND
2.3791,0.0560,-0.2236,0.3985,-0.00419,0.00275,0.00250,-5.00,0.00,0.00,11.5,102.93,650.71,290.71,DESCEND
2.3892,0.1160,0.0463,0.3085,-0.00119,-0.00224,0.00450,-5.00,0.00,0.00,11.6,102.93,650.71,290.65,DESCEND
2.3993,0.0360,0.1463,0.2085,-0.00519,-0.00524,0.00450,-5.00,0.00,0.00,11.6,102.93,650.72,290.61,DESCEND
2.4095,-0.0239,0.2663,0.1885,-0.00119,-0.00324,0.00350,-5.00,0.00,0.00,11.7,102.93,650.72,290.55,DESCEND
2.4196,-0.0039,-0.3436,0.3785,0.00480,0.00975,0.00350,-5.00,0.00,0.00,11.7,102.93,650.72,290.51,DESCEND
2.4297,0.1460,-0.1436,-0.0914,0.00980,-0.00724,-0.00050,-5.00,0.00,0.00,11.8,102.93,650.72,290.45,DESCEND
2.4398,0.0460,-0.2036,0.4485,-0.00419,-0.00124,0.00450,-5.00,0.00,0.00,11.8,102.93,650.72,290.41,DESCEND
2.4500,0.1460,0.0863,0.2585,0.00780,-0.00324,0.00450,-5.00,0.00,0.00,11.9,102.93,650.73,290.35,DESCEND
2.4601,0.0160,0.2663,-0.0114,-0.00419,-0.01824,0.00950,-5.00,0.00,0.00,11.9,102.93,650.73,290.31,DESCEND
2.4702,0.1860,0.2263,-0.0414,-0.00719,-0.01624,0.00750,-5.00,0.00,0.00,12.0,102.93,650.73,290.25,DESCEND
2.4803,-0.1539,-0.0836,0.3285,-0.01419,0.00075,0.00850,-5.00,0.00,0.00,12.0,102.93,650.73,290.21,DESCEND
2.4904,-0.1439,0.2263,-0.2414,-0.02919,-0.01624,0.01050,-5.00,0.00,0.00,12.1,102.93,650.73,290.15,DESCEND
2.5005,-0.0139,-0.1136,0.1585,-0.01019,-0.00724,0.00450,-5.00,0.00,0.00,12.1,102.93,650.73,290.11,DESCEND
2.5107,-0.0339,0.0563,0.1185,-0.01119,-0.00924,0.00750,-5.00,0.00,0.00,12.2,102.93,650.74,290.05,DESCEND
2.5208,0.0560,0.0163,-0.0314,0.00080,-0.01024,0.00450,-5.00,0.00,0.00,12.2,102.93,650.74,290.01,DESCEND
2.5309,0.1060,0.0463,0.0385,0.00980,-0.00224,0.00450,-5.00,0.00,0.00,12.3,102.93,650.74,289.95,DESCEND
2.5411,-0.0039,0.1763,-0.1914,-0.01219,-0.01424,0.01050,-5.00,0.00,0.00,12.3,102.93,650.74,289.91,DESCEND
2.5512,0.0560,-0.0436,-0.1314,0.01180,0.00575,0.00250,-5.00,0.00,0.00,12.4,102.93,650.74,289.85,DESCEND
2.5613,0.0360,0.1263,-0.0314,-0.00419,-0.01024,0.00550,-5.00,0.00,0.00,12.4,102.93,650.75,289.81,DESCEND
2.5714,0.0260,0.3763,-0.3514,-0.00619,-0.01924,0.01050,-5.00,0.00,0.00,12.5,102.93,650.75,289.75,DESCEND
2.5815,-0.0639,0.0063,0.2785,-0.00819,-0.00024,0.00650,-5.00,0.00,0.00,12.6,102.93,650.75,289.69,DESCEND
2.5916,0.0960,0.2863,-0.2514,0.00180,-0.01124,0.01150,-5.00,0.00,0.00,12.6,102.93,650.75,289.65,DESCEND
2.6017,-0.0439,0.1663,-0.2514,-0.01119,-0.01324,0.00750,-5.00,0.00,0.00,12.7,102.93,650.75,289.59,DESCEND
2.6119,0.0360,-0.0136,0.1285,0.00680,-0.00524,0.00650,-5.00,0.00,0.00,12.7,102.93,650.76,289.55,DESCEND
2.6220,0.1860,-0.1936,0.4585,-0.00119,0.00275,0.00450,-5.00,0.00,0.00,12.8,102.93,650.76,289.49,DESCEND
2.6321,0.0060,0.0863,-0.1114,-0.02319,-0.01924,0.01050,-5.00,0.00,0.00,12.8,102.93,650.76,289.45,DESCEND
2.6422,-0.0139,-0.1036,-0.2014,-0.02419,-0.01924,0.00850,-5.00,0.00,0.00,12.9,102.93,650.76,289.39,DESCEND
2.6523,0.0960,0.4063,-0.1114,-0.00219,-0.00224,0.00450,-5.00,0.00,0.00,12.9,102.93,650.76,289.35,DESCEND
2.6624,0.2860,0.0163,-0.0214,0.00580,-0.01424,0.00950,-5.00,0.00,0.00,13.0,102.93,650.76,289.29,DESCEND
2.6726,-0.0139,-0.0536,0.0785,-0.00719,-0.01224,0.00650,-5.00,0.00,0.00,13.0,102.93,650.77,289.25,DESCEND
2.6827,0.0760,0.1663,-0.0414,0.01180,-0.00424,0.00850,-5.00,0.00,0.00,13.1,102.93,650.77,289.19,DESCEND
2.6928,-0.0539,0.0663,0.1385,-0.00819,-0.00224,0.00450,-5.00,0.00,0.00,13.1,102.93,650.77,289.15,DESCEND
2.7029,0.0960,0.1863,-0.3914,-0.00419,-0.01524,0.00750,-5.00,0.00,0.00,13.2,102.93,650.77,289.09,DESCEND
2.7130,0.1060,-0.0636,0.0485,-0.00019,-0.00524,0.00550,-5.00,0.00,0.00,13.2,102.93,650.77,289.05,DESCEND
2.7232,-0.0939,0.2963,0.2785,-0.00919,-0.00624,0.00850,-5.00,0.00,0.00,13.3,102.94,650.78,288.99,DESCEND
2.7333,0.2860,0.0263,0.0885,-0.00619,-0.02024,0.00050,-5.00,0.00,0.00,13.3,102.94,650.78,288.95,DESCEND
2.7434,-0.0039,-0.1836,0.2585,-0.01519,-0.00324,0.00450,-5.00,0.00,0.00,13.4,102.94,650.78,288.89,DESCEND
2.7535,-0.0239,0.2163,0.0085,0.00080,-0.00524,0.00650,-5.00,0.00,0.00,13.4,102.94,650.78,288.83,DESCEND
2.7636,0.1660,0.1863,0.0285,0.00480,-0.00424,0.00650,-5.00,0.00,0.00,13.5,102.94,650.78,288.79,DESCEND
2.7737,0.1260,0.2663,-0.3014,0.00080,-0.01024,0.00950,-5.00,0.00,0.00,13.5,102.94,650.79,288.73,DESCEND
2.7838,0.0960,-0.0736,0.4185,0.00580,0.00575,0.00650,-5.00,0.00,0.00,13.6,102.94,650.79,288.69,DESCEND
2.7939,0.2660,0.1163,0.0385,-0.00219,-0.01624,0.00550,-5.00,0.00,0.00,13.6,102.94,650.79,288.63,DESCEND
2.8040,-0.0439,0.2963,0.0185,-0.00319,-0.00024,0.00450,-5.00,0.00,0.00,13.7,102.94,650.79,288.59,DESCEND
2.8142,0.0160,-0.2236,0.3885,0.00580,0.00275,0.00650,-5.00,0.00,0.00,13.7,102.94,650.79,288.53,DESCEND
2.8243,-0.0939,0.0763,0.0285,-0.00619,-0.01024,0.00950,-5.00,0.00,0.00,13.8,102.94,650.79,288.49,DESCEND
2.8344,0.0060,0.0263,-0.1714,-0.00919,-0.01724,0.00950,-5.00,0.00,0.00,13.8,102.94,650.80,288.43,DESCEND
2.8445,-0.0739,0.0263,0.0585,-0.00819,-0.00924,0.00450,-5.00,0.00,0.00,13.9,102.94,650.80,288.39,DESCEND
2.8546,0.1060,0.4763,-0.0914,0.00680,-0.00624,0.00950,-5.00,0.00,0.00,13.9,102.94,650.80,288.33,DESCEND
2.8647,0.1460,0.2263,-0.1114,-0.00019,-0.01624,0.00950,-5.00,0.00,0.00,14.0,102.94,650.80,288.29,DESCEND
2.8748,0.0160,0.2163,-0.0414,0.00180,-0.01224,0.01050,-5.00,0.00,0.00,14.0,102.94,650.80,288.23,DESCEND
2.8849,0.0160,0.1063,0.0285,-0.01619,-0.01724,0.00850,-5.00,0.00,0.00,14.1,102.94,650.81,288.19,DESCEND
2.8951,0.1460,-0.0336,0.1685,-0.00619,-0.01524,0.00550,-5.00,0.00,0.00,14.1,102.94,650.81,288.13,DESCEND
2.9052,-0.0339,-0.1736,0.1385,-0.02119,-0.01324,0.00150,-5.00,0.00,0.00,14.2,102.94,650.81,288.09,DESCEND
2.9153,0.0260,0.3163,0.0585,0.00180,-0.00124,0.00850,-5.00,0.00,0.00,14.2,102.94,650.81,288.03,DESCEND
2.9254,0.0460,0.0863,0.2085,-0.00219,-0.00124,0.00750,-5.00,0.00,0.00,14.3,102.94,650.81,287.97,DESCEND
2.9355,-0.0039,-0.0536,0.1485,-0.00119,-0.00824,0.00550,-5.00,0.00,0.00,14.3,102.94,650.82,287.93,DESCEND
2.9457,0.1360,-0.1036,0.1685,0.00480,-0.00624,0.00350,-5.00,0.00,0.00,14.4,102.94,650.82,287.87,DESCEND
2.9558,-0.1339,0.0463,0.0885,-0.00619,-0.00324,0.00750,-5.00,0.00,0.00,14.4,102.94,650.82,287.83,DESCEND
2.9659,0.0160,-0.0436,0.3585,-0.00419,-0.00224,0.00550,-5.00,0.00,0.00,14.5,102.94,650.82,287.77,DESCEND
2.9761,0.0060,-0.1436,0.2185,0.00480,-0.00924,0.00750,-5.00,0.00,0.00,14.5,102.94,650.82,287.73,DESCEND
2.9862,0.0360,-0.1836,0.3485,0.01580,0.00375,0.00550,-5.00,0.00,0.00,14.6,102.94,650.83,287.67,DESCEND
2.9963,-0.0939,0.2363,0.0585,-0.00719,-0.00824,0.00750,-5.00,0.00,0.00,14.6,102.94,650.83,287.63,DESCEND
3.0064,-0.1439,0.0163,0.0785,-0.00319,0.00575,0.00850,-5.00,0.00,0.00,14.7,102.94,650.83,287.57,DESCEND
3.0166,-0.1039,0.3063,0.2685,-0.01819,-0.00624,0.00750,-5.00,0.00,0.00,14.7,102.94,650.83,287.53,DESCEND
3.0267,-0.1039,-0.0436,0.0885,-0.00219,-0.00724,0.00550,-5.00,0.00,0.00,14.8,102.94,650.83,287.47,DESCEND
3.0368,0.0560,0.0163,0.2985,0.00880,0.00375,0.00850,-5.00,0.00,0.00,14.8,102.94,650.83,287.43,DESCEND
3.0469,0.1660,-0.1336,0.3085,-0.00819,-0.00724,0.00650,-5.00,0.00,0.00,14.9,102.94,650.84,287.37,DESCEND
3.0571,0.1860,-0.2036,0.3185,0.00780,-0.00224,0.00750,-5.00,0.00,0.00,14.9,102.94,650.84,287.33,DESCEND
3.0672,-0.0139,-0.1536,0.2885,-0.00719,-0.00024,0.00650,-5.00,0.00,0.00,15.0,102.94,650.84,287.27,DESCEND
3.0773,-0.0339,-0.0336,0.2785,-0.00219,-0.00024,0.00550,-5.00,0.00,0.00,15.0,102.94,650.84,287.21,DESCEND
3.0874,-0.0339,-0.0736,0.5285,-0.01019,-0.00124,0.00750,-5.00,0.00,0.00,15.1,102.94,650.84,287.17,DESCEND
3.0975,0.1760,-0.0336,0.0885,-0.01219,-0.02024,0.00650,-5.00,0.00,0.00,15.1,102.94,650.85,287.13,DESCEND
3.1076,-0.0539,0.2363,0.2285,-0.00019,-0.01124,0.00750,-5.00,0.00,0.00,15.2,102.94,650.85,287.07,DESCEND
3.1177,-0.0939,0.2363,0.1085,0.00280,0.00275,0.00550,-5.00,0.00,0.00,15.2,102.94,650.85,287.03,DESCEND
3.1278,0.2360,-0.1636,0.2785,0.00980,-0.00724,0.00850,-5.00,0.00,0.00,15.3,102.94,650.85,286.97,DESCEND
3.1379,0.1760,-0.2736,0.3485,0.02080,-0.00424,0.00750,-5.00,0.00,0.00,15.3,102.94,650.85,286.91,DESCEND
3.1481,0.1360,-0.0536,0.1685,0.02180,-0.00224,0.00850,-5.00,0.00,0.00,15.4,102.94,650.86,286.87,DESCEND
3.1582,-0.0739,0.0963,0.0685,0.00680,0.00775,0.00650,-5.00,0.00,0.00,15.4,102.94,650.86,286.81,DESCEND
3.1683,0.0260,-0.1636,0.3185,-0.00819,-0.00924,0.00650,-5.00,0.00,0.00,15.5,102.94,650.86,286.77,DESCEND
3.1784,0.0960,-0.0436,0.2385,0.00980,-0.00124,0.00950,-5.00,0.00,0.00,15.5,102.94,650.86,286.71,DESCEND
3.1885,-0.3539,0.0063,0.3685,-0.01819,0.00275,0.00850,-5.00,0.00,0.00,15.6,102.94,650.86,286.67,DESCEND
3.1986,-0.0039,0.1963,0.2585,-0.00919,-0.00524,0.00650,-5.00,0.00,0.00,15.6,102.94,650.86,286.61,DESCEND
3.2087,0.0460,0.2163,0.0685,0.00880,-0.00424,0.00850,-5.00,0.00,0.00,15.7,102.94,650.87,286.55,DESCEND
3.2188,-0.0739,-0.1136,0.2685,-0.01619,-0.01624,0.00350,-5.00,0.00,0.00,15.7,102.94,650.87,286.51,DESCEND
3.2289,0.0360,-0.2336,0.2985,0.00780,-0.00724,0.00350,-5.00,0.00,0.00,15.8,102.94,650.87,286.47,DESCEND
3.2390,0.0660,-0.0436,0.1885,0.00580,-0.00824,0.00750,-5.00,0.00,0.00,15.8,102.94,650.87,286.41,DESCEND
3.2492,0.0760,0.0363,-0.0214,0.00580,-0.00724,0.00550,-5.00,0.00,0.00,15.9,102.94,650.87,286.37,DESCEND
3.2593,0.1360,-0.1536,0.3285,0.00780,-0.00724,0.00650,-5.00,0.00,0.00,15.9,102.94,650.88,286.31,DESCEND
3.2694,0.1760,-0.1036,0.1985,0.00980,-0.00924,0.00250,-5.00,0.00,0.00,16.0,102.94,650.88,286.25,DESCEND
3.2795,0.1360,-0.2336,0.2385,-0.00319,-0.01424,0.00550,-5.00,0.00,0.00,16.0,102.94,650.88,286.21,DESCEND
3.2896,-0.0439,0.0163,0.2285,-0.00719,-0.00124,0.00950,-5.00,0.00,0.00,16.1,102.94,650.88,286.15,DESCEND
3.2997,0.1760,-0.0836,-0.0414,0.00780,-0.01224,0.00650,-5.00,0.00,0.00,16.1,102.94,650.88,286.11,DESCEND
3.3099,-0.0339,0.1463,0.2085,-0.01719,-0.00724,0.00850,-5.00,0.00,0.00,16.2,102.95,650.89,286.05,DESCEND
3.3200,0.0460,-0.2436,0.4585,0.00280,-0.00324,0.00350,-5.00,0.00,0.00,16.2,102.95,650.89,286.01,DESCEND
3.3301,-0.0339,0.1563,0.1485,-0.01219,-0.00924,0.00750,-5.00,0.00,0.00,16.3,102.95,650.89,285.95,DESCEND
3.3402,-0.0839,0.2463,-0.1314,-0.00419,-0.01224,0.00950,-5.00,0.00,0.00,16.3,102.95,650.89,285.91,DESCEND
3.3503,0.2160,-0.2636,0.4285,-0.00019,-0.01024,0.00450,-5.00,0.00,0.00,16.4,102.95,650.89,285.85,DESCEND
3.3604,-0.0239,0.1463,-0.0914,-0.02119,-0.01224,0.00950,-5.00,0.00,0.00,16.4,102.95,650.89,285.81,DESCEND
3.3705,0.1260,-0.0436,0.2185,-0.00719,-0.01524,0.00950,-5.00,0.00,0.00,16.5,102.95,650.90,285.75,DESCEND
3.3807,-0.2439,-0.0336,0.3385,-0.01719,-0.00124,0.00350,-5.00,0.00,0.00,16.5,102.95,650.90,285.71,DESCEND
3.3908,0.0760,0.3363,-0.1514,-0.03019,-0.02224,0.00850,-5.00,0.00,0.00,16.6,102.95,650.90,285.65,DESCEND
3.4009,0.1060,0.0563,0.2285,-0.01419,-0.01524,0.00850,-5.00,0.00,0.00,16.6,102.95,650.90,285.61,DESCEND
3.4110,0.0460,0.2663,-0.1214,-0.01219,-0.01924,0.00550,-5.00,0.00,0.00,16.7,102.95,650.90,285.55,DESCEND
3.4211,0.0560,-0.2936,0.0785,-0.01219,-0.02224,0.00850,-5.00,0.00,0.00,16.7,102.95,650.91,285.51,DESCEND
3.4312,0.0460,-0.2336,0.1185,-0.00219,-0.00424,0.00450,-5.00,0.00,0.00,16.8,102.95,650.91,285.45,DESCEND
3.4413,-0.0339,-0.4336,0.2585,-0.01819,-0.00624,0.00150,-5.00,0.00,0.00,16.9,102.95,650.91,285.39,DESCEND
3.4514,-0.0239,0.0963,0.2085,-0.01719,-0.01124,0.00950,-5.00,0.00,0.00,16.9,102.95,650.91,285.35,DESCEND
3.4615,0.0260,0.1663,0.3685,-0.00619,-0.00624,0.00550,-5.00,0.00,0.00,17.0,102.95,650.91,285.29,DESCEND
3.4716,-0.0239,-0.1136,0.2085,-0.00519,-0.00124,0.00350,-5.00,0.00,0.00,17.0,102.95,650.92,285.26,DESCEND
3.4818,0.0860,0.0063,-0.2814,-0.00619,-0.01924,0.01050,-5.00,0.00,0.00,17.1,102.95,650.92,285.20,DESCEND
3.4919,-0.0439,0.1063,0.2785,-0.01319,-0.00524,0.00850,-5.00,0.00,0.00,17.1,102.95,650.92,285.16,DESCEND
3.5020,0.0960,0.4263,-0.3814,-0.01219,-0.01424,0.01050,-5.00,0.00,0.00,17.2,102.95,650.92,285.10,DESCEND
3.5121,0.0160,0.1863,-0.1114,0.00480,-0.01124,0.00950,-5.00,0.00,0.00,17.2,102.95,650.92,285.06,DESCEND
3.5222,0.0460,0.1663,-0.0514,-0.00419,-0.00824,0.00550,-5.00,0.00,0.00,17.3,102.95,650.93,285.00,DESCEND
3.5323,0.1860,-0.0136,0.3085,0.01680,0.00175,0.00950,-5.00,0.00,0.00,17.3,102.95,650.93,284.96,DESCEND
3.5425,-0.1639,0.2063,0.0885,-0.01819,-0.01224,0.00850,-5.00,0.00,0.00,17.4,102.95,650.93,284.90,DESCEND
3.5526,0.0060,-0.4136,0.5985,0.01080,0.00275,0.00450,-5.00,0.00,0.00,17.4,102.95,650.93,284.86,DESCEND
3.5628,-0.0839,0.0163,0.0785,-0.01719,-0.01224,0.01250,-5.00,0.00,0.00,17.5,102.95,650.93,284.80,DESCEND
3.5729,0.1560,-0.1236,0.2985,0.00980,-0.00424,0.00250,-5.00,0.00,0.00,17.5,102.95,650.93,284.76,DESCEND
3.5830,0.1060,-0.5236,0.5185,0.00380,0.00175,0.00150,-5.00,0.00,0.00,17.6,102.95,650.94,284.70,DESCEND
3.5931,0.1760,-0.1136,0.4185,0.00380,-0.00724,0.00750,-5.00,0.00,0.00,17.6,102.95,650.94,284.66,DESCEND
3.6033,0.0760,0.2363,-0.3414,-0.00219,-0.01224,0.00750,-5.00,0.00,0.00,17.7,102.95,650.94,284.60,DESCEND
3.6134,0.1360,0.1963,-0.2414,-0.00419,-0.01224,0.00950,-5.00,0.00,0.00,17.7,102.95,650.94,284.54,DESCEND
3.6235,-0.0039,0.0863,-0.0314,-0.00919,-0.01424,0.00450,-5.00,0.00,0.00,17.8,102.95,650.94,284.50,DESCEND
3.6336,-0.0939,0.1963,0.3885,-0.00319,0.00175,0.00850,-5.00,0.00,0.00,17.8,102.95,650.95,284.44,DESCEND
3.6437,-0.0139,0.3163,-0.1514,0.00680,-0.00324,0.00950,-5.00,0.00,0.00,17.9,102.95,650.95,284.40,DESCEND
3.6538,0.0360,0.0763,0.1585,-0.01219,-0.00724,0.00750,-5.00,0.00,0.00,17.9,102.95,650.95,284.34,DESCEND
3.6640,0.0560,0.2263,0.0685,0.00580,-0.00624,0.01250,-5.00,0.00,0.00,18.0,102.95,650.95,284.30,DESCEND
3.6741,0.1060,-0.0036,0.2785,0.02980,0.00475,0.00650,-5.00,0.00,0.00,18.0,102.95,650.95,284.24,DESCEND
3.6842,0.0560,-0.0236,-0.0114,-0.00719,-0.02024,0.00550,-5.00,0.00,0.00,18.1,102.95,650.96,284.20,DESCEND
3.6943,-0.0939,-0.0136,0.3685,0.00680,-0.00024,0.01150,-5.00,0.00,0.00,18.1,102.95,650.96,284.14,DESCEND
3.7045,0.0560,0.2863,-0.3414,-0.00019,-0.01124,0.00950,-5.00,0.00,0.00,18.2,102.95,650.96,284.10,DESCEND
3.7146,0.1460,0.2163,0.1785,0.01380,-0.00724,0.00750,-5.00,0.00,0.00,18.2,102.95,650.96,284.04,DESCEND
3.7247,0.2260,-0.1336,0.1685,0.01380,-0.00424,0.00650,-5.00,0.00,0.00,18.3,102.95,650.96,284.00,DESCEND
3.7348,-0.2339,0.2663,-0.0414,-0.02919,-0.01124,0.00950,-5.00,0.00,0.00,18.3,102.95,650.96,283.94,DESCEND
3.7449,-0.0539,0.3163,-0.3014,-0.00919,-0.01724,0.01450,-5.00,0.00,0.00,18.4,102.95,650.97,283.90,DESCEND
3.7550,-0.0639,0.3063,-0.0114,-0.01419,-0.02124,0.01350,-5.00,0.00,0.00,18.4,102.95,650.97,283.84,DESCEND
3.7652,0.0860,-0.0636,0.3685,0.00080,-0.00524,0.00550,-5.00,0.00,0.00,18.5,102.95,650.97,283.80,DESCEND
3.7753,-0.0439,-0.2836,0.4985,-0.00019,0.00275,0.01050,-5.00,0.00,0.00,18.5,102.95,650.97,283.74,DESCEND
3.7854,0.0660,0.0663,-0.0214,-0.00219,-0.01024,0.00850,-5.00,0.00,0.00,18.6,102.95,650.97,283.68,DESCEND
3.7954,0.0360,0.2463,-0.0814,-0.01219,-0.01824,0.00750,-5.00,0.00,0.00,18.6,102.95,650.98,283.64,DESCEND
3.8056,-0.1339,-0.1136,0.0685,-0.00119,-0.00024,0.01050,-5.00,0.00,0.00,18.7,102.95,650.98,283.58,DESCEND
3.8157,-0.1439,0.2263,-0.0514,-0.01019,-0.01024,0.00650,-5.00,0.00,0.00,18.7,102.95,650.98,283.54,DESCEND
3.8258,0.1760,-0.1436,0.0785,0.01880,-0.00224,0.00650,-5.00,0.00,0.00,18.8,102.95,650.98,283.48,DESCEND
3.8359,0.0660,-0.0136,-0.0314,-0.01419,-0.02024,0.00850,-5.00,0.00,0.00,18.8,102.95,650.98,283.44,DESCEND
3.8460,0.1760,0.0963,0.1585,-0.00119,-0.01624,0.00750,-5.00,0.00,0.00,18.9,102.95,650.99,283.38,DESCEND
3.8561,0.1660,0.1563,-0.2914,0.00080,-0.01424,0.01050,-5.00,0.00,0.00,18.9,102.95,650.99,283.34,DESCEND
3.8662,0.1460,-0.3036,0.2085,-0.01119,-0.00824,0.00750,-5.00,0.00,0.00,19.0,102.95,650.99,283.28,DESCEND
3.8764,0.0060,0.1163,0.0885,-0.00519,0.00175,0.00450,-5.00,0.00,0.00,19.0,102.95,650.99,283.24,DESCEND
3.8865,-0.1539,-0.1836,0.0985,-0.00619,0.00175,0.00950,-5.00,0.00,0.00,19.1,102.95,650.99,283.18,DESCEND
3.8966,-0.0439,0.2763,-0.0914,-0.02019,-0.01524,0.00950,-5.00,0.00,0.00,19.1,102.95,650.99,283.14,DESCEND
3.9067,-0.2139,0.0063,0.2685,-0.01719,-0.00124,0.01050,-5.00,0.00,0.00,19.2,102.96,651.00,283.08,DESCEND
3.9168,-0.1339,0.0963,0.1385,-0.00719,-0.00424,0.00950,-5.00,0.00,0.00,19.2,102.96,651.00,283.04,DESCEND
3.9270,0.0460,0.0863,-0.2114,0.00480,-0.01324,0.00850,-5.00,0.00,0.00,19.3,102.96,651.00,282.98,DESCEND
3.9371,-0.0039,-0.0436,0.1185,-0.00319,-0.01824,0.00350,-5.00,0.00,0.00,19.3,102.96,651.00,282.94,DESCEND
3.9472,-0.0739,-0.1436,0.4485,0.00580,0.00275,0.00750,-5.00,0.00,0.00,19.4,102.96,651.00,282.88,DESCEND
3.9573,0.0160,0.1763,0.0385,-0.00719,-0.01924,0.01250,-5.00,0.00,0.00,19.4,102.96,651.01,282.84,DESCEND
3.9674,0.1160,-0.0136,0.2685,-0.00419,-0.00524,0.00850,-5.00,0.00,0.00,19.5,102.96,651.01,282.78,DESCEND
3.9775,-0.0739,-0.0036,0.0885,-0.00519,-0.01124,0.00850,-5.00,0.00,0.00,19.5,102.96,651.01,282.72,DESCEND
3.9876,0.2160,-0.0736,0.2285,0.00280,-0.00924,0.01250,-5.00,0.00,0.00,19.6,102.96,651.01,282.68,DESCEND
3.9978,-0.0839,0.4563,-0.1914,-0.01719,-0.02224,0.01250,-5.00,0.00,0.00,19.6,102.96,651.01,282.62,DESCEND
4.0079,-0.0539,0.4563,-0.3614,-0.01419,-0.01624,0.00850,-5.00,0.00,0.00,19.7,102.96,651.02,282.58,DESCEND
4.0180,0.0760,0.0763,0.1785,-0.00019,-0.00124,0.01050,-5.00,0.00,0.00,19.7,102.96,651.02,282.52,DESCEND
4.0281,0.0060,0.2163,-0.1514,0.00580,-0.00524,0.01150,-5.00,0.00,0.00,19.8,102.96,651.02,282.48,DESCEND
4.0383,-0.0639,0.0063,0.1785,-0.01419,-0.01524,0.00950,-5.00,0.00,0.00,19.8,102.96,651.02,282.42,DESCEND
4.0484,0.0260,-0.0136,0.2485,0.00280,-0.00224,0.00750,-5.00,0.00,0.00,19.9,102.96,651.02,282.38,DESCEND
4.0585,0.1760,0.0863,0.0085,-0.00119,-0.01024,0.01350,-5.00,0.00,0.00,19.9,102.96,651.03,282.32,DESCEND
4.0686,0.0360,-0.1036,0.2985,-0.00319,-0.00624,0.00850,-5.00,0.00,0.00,20.0,102.96,651.03,282.28,DESCEND
4.0787,0.1360,-0.3136,0.4285,-0.00519,-0.01124,0.00550,-5.00,0.00,0.00,20.0,102.96,651.03,282.22,DESCEND
4.0889,-0.0339,-0.3136,0.1685,-0.00319,-0.00724,0.00650,-5.00,0.00,0.00,20.1,102.96,651.03,282.18,DESCEND
4.0990,0.0760,0.1263,-0.1214,0.00480,-0.01424,0.01250,-5.00,0.00,0.00,20.1,102.96,651.03,282.12,DESCEND
4.1091,0.1160,-0.0136,0.0885,0.00680,-0.00424,0.01050,-5.00,0.00,0.00,20.2,102.96,651.03,282.08,DESCEND
4.1192,0.1360,0.1563,0.0985,-0.01319,-0.01224,0.00850,-5.00,0.00,0.00,20.2,102.96,651.04,282.02,DESCEND
4.1293,-0.0039,0.2163,0.1985,-0.01419,-0.01524,0.01150,-5.00,0.00,0.00,20.3,102.96,651.04,281.96,DESCEND
4.1394,-0.0139,0.0763,-0.2214,-0.01219,-0.01524,0.00850,-5.00,0.00,0.00,20.3,102.96,651.04,281.92,DESCEND
4.1496,0.0360,-0.1336,0.6185,0.00180,-0.00124,0.00650,-5.00,0.00,0.00,20.4,102.96,651.04,281.86,DESCEND
4.1597,-0.2439,0.2963,-0.0314,-0.01519,-0.00524,0.01050,-5.00,0.00,0.00,20.4,102.96,651.04,281.82,DESCEND
4.1698,-0.0939,0.2663,-0.2614,-0.02519,-0.02424,0.00950,-5.00,0.00,0.00,20.5,102.96,651.05,281.76,DESCEND
4.1799,-0.0339,0.3063,-0.2914,0.00080,-0.01124,0.01250,-5.00,0.00,0.00,20.5,102.96,651.05,281.72,DESCEND
4.1900,0.0060,-0.1336,0.3985,-0.00319,-0.00324,0.00750,-5.00,0.00,0.00,20.6,102.96,651.05,281.66,DESCEND
4.2002,-0.1639,-0.0236,0.1985,-0.00719,-0.00224,0.00750,-5.00,0.00,0.00,20.6,102.96,651.05,281.62,DESCEND
4.2103,-0.0339,0.2463,-0.3214,0.00780,-0.01024,0.01250,-5.00,0.00,0.00,20.7,102.96,651.05,281.56,DESCEND
4.2204,0.2260,0.0463,-0.0114,0.00180,-0.02024,0.00850,-5.00,0.00,0.00,20.7,102.96,651.06,281.52,DESCEND
4.2305,-0.0839,-0.4636,0.6085,-0.00819,0.00575,0.00550,-5.00,0.00,0.00,20.8,102.96,651.06,281.46,DESCEND
4.2406,0.1560,0.0463,0.0885,0.01380,-0.00224,0.00750,-5.00,0.00,0.00,20.8,102.96,651.06,281.42,DESCEND
4.2507,0.1760,-0.0636,0.0485,0.00180,-0.01524,0.00350,-5.00,0.00,0.00,20.9,102.96,651.06,281.36,DESCEND
4.2608,-0.0339,0.0363,0.0185,-0.01319,-0.01324,0.00950,-5.00,0.00,0.00,20.9,102.96,651.06,281.32,DESCEND
4.2710,0.0460,0.4963,-0.1014,-0.00919,-0.01624,0.01250,-5.00,0.00,0.00,21.0,102.96,651.07,281.26,DESCEND
4.2811,0.1060,-0.2436,0.2585,-0.01519,-0.01024,0.00550,-5.00,0.00,0.00,21.0,102.96,651.07,281.22,DESCEND
4.2912,0.0660,-0.3736,0.2985,-0.00519,-0.01524,0.00450,-5.00,0.00,0.00,21.1,102.96,651.07,281.16,DESCEND
4.3013,0.0360,0.1263,0.0685,-0.02219,-0.02224,0.01450,-5.00,0.00,0.00,21.1,102.96,651.07,281.12,DESCEND
4.3114,0.0160,0.0163,0.3085,-0.00419,-0.01224,0.00550,-5.00,0.00,0.00,21.2,102.96,651.07,281.06,DESCEND
4.3215,0.0160,-0.0036,0.1685,-0.00019,-0.00824,0.00850,-5.00,0.00,0.00,21.2,102.96,651.07,281.02,DESCEND
4.3316,0.0660,0.2363,0.0385,0.00280,-0.01124,0.00750,-5.00,0.00,0.00,21.3,102.96,651.08,280.96,DESCEND
4.3417,0.0160,-0.2236,0.1085,-0.00719,-0.00524,0.00250,-5.00,0.00,0.00,21.4,102.96,651.08,280.90,DESCEND
4.3518,-0.1539,-0.0536,0.1385,-0.01619,-0.01124,0.01350,-5.00,0.00,0.00,21.4,102.96,651.08,280.86,DESCEND
4.3620,-0.0039,-0.0336,0.2485,0.00880,-0.00024,0.00750,-5.00,0.00,0.00,21.5,102.96,651.08,280.80,DESCEND
4.3721,0.0260,0.0463,0.0085,-0.00119,-0.01324,0.00950,-5.00,0.00,0.00,21.5,102.96,651.08,280.76,DESCEND
4.3822,0.0160,0.2963,-0.0514,-0.00819,-0.00924,0.00950,-5.00,0.00,0.00,21.6,102.96,651.09,280.70,DESCEND
4.3923,0.0260,0.0763,0.2185,-0.00619,-0.01124,0.00850,-5.00,0.00,0.00,21.6,102.96,651.09,280.66,DESCEND
4.4024,0.0060,0.1063,0.2685,0.00580,-0.00024,0.01150,-5.00,0.00,0.00,21.7,102.96,651.09,280.60,DESCEND
4.4125,0.0760,-0.3236,0.3885,-0.00919,-0.01024,0.00850,-5.00,0.00,0.00,21.7,102.96,651.09,280.56,DESCEND
4.4226,-0.1139,0.4863,-0.1814,-0.01819,-0.02124,0.01350,-5.00,0.00,0.00,21.8,102.96,651.09,280.50,DESCEND
4.4328,-0.0439,-0.1236,0.1285,-0.00319,-0.01724,0.01050,-5.00,0.00,0.00,21.8,102.96,651.09,280.46,DESCEND
4.4429,-0.0139,0.0363,-0.1714,-0.01019,-0.01624,0.00850,-5.00,0.00,0.00,21.9,102.96,651.10,280.40,DESCEND
4.4530,0.0060,0.2363,0.0685,0.00380,-0.00424,0.00850,-5.00,0.00,0.00,21.9,102.96,651.10,280.36,DESCEND
4.4630,0.0160,0.0063,0.0985,-0.00419,-0.00624,0.00950,-5.00,0.00,0.00,22.0,102.96,651.10,280.30,DESCEND
4.4732,-0.1639,0.0663,0.3485,-0.01719,-0.01224,0.00850,-5.00,0.00,0.00,22.0,102.96,651.10,280.26,DESCEND
4.4833,0.0960,0.2463,0.2285,0.00480,-0.00924,0.01150,-5.00,0.00,0.00,22.1,102.96,651.10,280.20,DESCEND
4.4934,-0.1039,0.3263,-0.0414,-0.01619,-0.01024,0.01050,-5.00,0.00,0.00,22.1,102.96,651.11,280.14,DESCEND
4.5035,0.0460,0.1463,0.1985,0.00580,-0.00924,0.01250,-5.00,0.00,0.00,22.2,102.96,651.11,280.10,DESCEND
4.5136,-0.0539,0.2863,-0.1214,0.00080,-0.01124,0.01250,-5.00,0.00,0.00,22.2,102.97,651.11,280.04,DESCEND
4.5238,0.0060,0.0963,-0.2514,0.00480,-0.00924,0.00850,-5.00,0.00,0.00,22.3,102.97,651.11,280.00,DESCEND
4.5339,0.0460,0.0063,0.1185,-0.00219,-0.01424,0.01050,-5.00,0.00,0.00,22.3,102.97,651.11,279.94,DESCEND
4.5440,-0.0139,-0.0736,0.2685,0.00980,-0.00524,0.00550,-5.00,0.00,0.00,22.4,102.97,651.12,279.90,DESCEND
4.5541,-0.2639,0.0663,0.1085,-0.02019,-0.01124,0.01050,-5.00,0.00,0.00,22.4,102.97,651.12,279.84,DESCEND
4.5642,0.0360,0.1363,-0.2014,-0.00619,-0.02024,0.00650,-5.00,0.00,0.00,22.5,102.97,651.12,279.80,DESCEND
4.5743,0.0460,0.0763,-0.0714,-0.00719,-0.01824,0.00750,-5.00,0.00,0.00,22.5,102.97,651.12,279.74,DESCEND
4.5844,0.0660,0.1163,-0.0514,-0.00519,-0.02324,0.00850,-5.00,0.00,0.00,22.6,102.97,651.12,279.70,DESCEND
4.5945,0.0060,0.3363,0.0885,-0.00619,-0.01024,0.01250,-5.00,0.00,0.00,22.6,102.97,651.13,279.64,DESCEND
4.6046,-0.2039,0.0563,0.2785,-0.00819,0.00075,0.00750,-5.00,0.00,0.00,22.7,102.97,651.13,279.60,DESCEND
4.6147,0.0360,0.0063,0.0385,0.00680,-0.00424,0.00750,-5.00,0.00,0.00,22.7,102.97,651.13,279.54,DESCEND
4.6249,0.0660,0.1063,-0.0114,-0.00319,-0.01524,0.01050,-5.00,0.00,0.00,22.8,102.97,651.13,279.50,DESCEND
4.6350,0.1060,-0.0536,0.2885,0.00680,-0.00724,0.01050,-5.00,0.00,0.00,22.8,102.97,651.13,279.44,DESCEND
4.6451,0.0560,0.0463,0.0885,-0.00519,-0.00824,0.00950,-5.00,0.00,0.00,22.9,102.97,651.13,279.40,DESCEND
4.6552,-0.0139,-0.0136,0.2185,0.00480,-0.00424,0.00850,-5.00,0.00,0.00,22.9,102.97,651.14,279.34,DESCEND
4.6653,0.0860,0.2863,-0.1014,-0.00519,-0.02224,0.01150,-5.00,0.00,0.00,23.0,102.97,651.14,279.30,DESCEND
4.6754,-0.0639,0.2363,0.0485,-0.00119,-0.00824,0.01150,-5.00,0.00,0.00,23.0,102.97,651.14,279.24,DESCEND
4.6856,-0.1639,0.3063,-0.0314,-0.01119,-0.00824,0.00850,-5.00,0.00,0.00,23.1,102.97,651.14,279.18,DESCEND
4.6957,0.1160,0.3663,-0.1214,-0.00919,-0.02424,0.01350,-5.00,0.00,0.00,23.1,102.97,651.14,279.14,DESCEND
4.7058,0.1260,-0.1836,0.3185,-0.00019,-0.00924,0.00650,-5.00,0.00,0.00,23.2,102.97,651.15,279.08,DESCEND
4.7159,0.0760,0.4263,-0.1714,-0.00819,-0.02224,0.01350,-5.00,0.00,0.00,23.2,102.97,651.15,279.04,DESCEND
4.7260,0.0760,0.0763,0.2485,0.00080,-0.00124,0.01150,-5.00,0.00,0.00,23.3,102.97,651.15,278.98,DESCEND
4.7362,0.0960,0.1463,0.1585,-0.00719,-0.00924,0.00850,-5.00,0.00,0.00,23.3,102.97,651.15,278.94,DESCEND
4.7463,0.0760,-0.4636,0.4585,-0.00419,-0.00624,0.00650,-5.00,0.00,0.00,23.4,102.97,651.15,278.88,DESCEND
4.7564,-0.0139,0.2363,0.0485,-0.01619,-0.01524,0.01250,-5.00,0.00,0.00,23.4,102.97,651.16,278.84,DESCEND
4.7665,-0.0739,0.1463,0.0885,-0.02319,-0.01724,0.00950,-5.00,0.00,0.00,23.5,102.97,651.16,278.78,DESCEND
4.7766,-0.1439,-0.1036,0.2985,-0.00919,-0.00024,0.00750,-5.00,0.00,0.00,23.5,102.97,651.16,278.74,DESCEND
4.7867,0.0060,-0.0436,0.2485,-0.01319,-0.00324,0.00850,-5.00,0.00,0.00,23.6,102.97,651.16,278.68,DESCEND
4.7968,-0.1339,-0.1536,0.0985,-0.00419,-0.01524,0.00750,-5.00,0.00,0.00,23.6,102.97,651.16,278.64,DESCEND
4.8069,0.1460,0.1263,0.1285,0.00080,-0.01924,0.01050,-5.00,0.00,0.00,23.7,102.97,651.17,278.58,DESCEND
4.8171,0.1860,0.0963,-0.1414,-0.00619,-0.02424,0.00950,-5.00,0.00,0.00,23.7,102.97,651.17,278.54,DESCEND
4.8272,0.1160,-0.1736,0.2685,-0.00019,-0.01424,0.00850,-5.00,0.00,0.00,23.8,102.97,651.17,278.48,DESCEND
4.8373,0.0960,-0.3736,0.3485,0.00580,-0.00624,0.00550,-5.00,0.00,0.00,23.8,102.97,651.17,278.44,DESCEND
4.8474,0.0460,-0.0336,0.1485,-0.01619,-0.01824,0.00650,-5.00,0.00,0.00,23.9,102.97,651.17,278.38,DESCEND
4.8575,-0.0239,0.2263,-0.0814,-0.01119,-0.01324,0.01350,-5.00,0.00,0.00,23.9,102.97,651.17,278.32,DESCEND
4.8677,0.1860,0.0063,0.3185,0.00280,-0.01024,0.00750,-5.00,0.00,0.00,24.0,102.97,651.18,278.28,DESCEND
4.8778,-0.0539,0.1963,0.2585,-0.00919,-0.00224,0.01050,-5.00,0.00,0.00,24.0,102.97,651.18,278.22,DESCEND
4.8879,0.0460,0.1263,-0.1814,-0.01319,-0.01224,0.00950,-5.00,0.00,0.00,24.1,102.97,651.18,278.18,DESCEND
4.8980,-0.0539,0.1563,0.0985,-0.00319,-0.00924,0.00850,-5.00,0.00,0.00,24.1,102.97,651.18,278.12,DESCEND
4.9081,0.1160,0.0263,0.0785,0.00380,-0.00924,0.00950,-5.00,0.00,0.00,24.2,102.97,651.18,278.08,DESCEND
4.9182,-0.0539,-0.2236,0.1985,-0.01419,-0.01224,0.00750,-5.00,0.00,0.00,24.2,102.97,651.19,278.02,DESCEND
4.9283,0.1960,0.0563,0.0885,0.00780,-0.01724,0.00850,-5.00,0.00,0.00,24.3,102.97,651.19,277.98,DESCEND
4.9384,0.0060,0.1263,0.1685,0.00880,-0.00524,0.01150,-5.00,0.00,0.00,24.3,102.97,651.19,277.92,DESCEND
4.9485,-0.1639,0.3163,0.0085,-0.01419,-0.00924,0.01250,-5.00,0.00,0.00,24.4,102.97,651.19,277.88,DESCEND
4.9586,-0.0739,0.1163,0.2785,-0.00119,0.00675,0.00950,-5.00,0.00,0.00,24.4,102.97,651.19,277.82,DESCEND
4.9687,-0.0039,-0.0236,0.1085,0.00980,-0.00524,0.00850,-5.00,0.00,0.00,24.5,102.97,651.20,277.78,DESCEND
4.9788,-0.0039,-0.0636,0.1685,0.00080,-0.00524,0.00850,-5.00,0.00,0.00,24.5,102.97,651.20,277.72,DESCEND
4.9889,-0.0739,-0.0836,-0.0414,-0.00719,-0.01024,0.00850,-5.00,0.00,0.00,24.6,102.97,651.20,277.68,DESCEND
4.9991,0.4060,0.1563,0.1285,0.01480,-0.01024,0.00950,-5.00,0.00,0.00,24.6,102.97,651.20,277.62,DESCEND
5.0092,-0.0539,-0.0836,0.1685,-0.00619,-0.00924,0.01150,-5.00,0.00,0.00,24.7,102.97,651.20,277.56,DESCEND
5.0193,0.2060,0.2863,-0.3914,-0.00219,-0.02024,0.01150,-5.00,0.00,0.00,24.7,102.97,651.20,277.52,DESCEND
5.0294,-0.0439,-0.0036,0.0685,-0.00419,-0.01224,0.01050,-5.00,0.00,0.00,24.8,102.97,651.21,277.46,DESCEND
5.0395,-0.0939,-0.1236,0.2385,-0.01119,-0.00224,0.00750,-5.00,0.00,0.00,24.8,102.97,651.21,277.42,DESCEND
5.0496,-0.0039,0.0463,0.0685,-0.00319,-0.01124,0.01350,-5.00,0.00,0.00,24.9,102.97,651.21,277.36,DESCEND
5.0597,0.0360,0.0363,0.1085,0.00380,-0.01224,0.01150,-5.00,0.00,0.00,24.9,102.97,651.21,277.32,DESCEND
5.0698,-0.1339,0.0063,0.2285,0.00680,-0.00024,0.01050,-5.00,0.00,0.00,25.0,102.97,651.21,277.26,DESCEND
5.0801,-0.0739,0.4763,-0.2214,-0.01219,-0.01624,0.01350,-5.00,0.00,0.00,25.0,102.97,651.22,277.22,DESCEND
5.0902,0.1660,0.1763,-0.0414,-0.00119,-0.01924,0.01250,-5.00,0.00,0.00,25.1,102.97,651.22,277.16,DESCEND
5.1003,0.1260,0.1463,0.3185,-0.00019,-0.00824,0.00850,-5.00,0.00,0.00,25.1,102.97,651.22,277.12,DESCEND
5.1104,0.0660,0.1163,0.0085,-0.00419,-0.00824,0.00850,-5.00,0.00,0.00,25.2,102.97,651.22,277.06,DESCEND
5.1205,0.0360,0.1263,-0.0014,0.00780,-0.00424,0.01250,-5.00,0.00,0.00,25.2,102.98,651.22,277.02,DESCEND
5.1306,0.1460,-0.0036,-0.0814,-0.00019,-0.01124,0.00850,-5.00,0.00,0.00,25.3,102.98,651.23,276.96,DESCEND
5.1407,0.0460,0.1863,0.2785,-0.00419,-0.00624,0.01350,-5.00,0.00,0.00,25.3,102.98,651.23,276.92,DESCEND
5.1509,0.0060,0.1263,0.2285,-0.00619,-0.01124,0.01550,-5.00,0.00,0.00,25.4,102.98,651.23,276.86,DESCEND
5.1610,-0.0839,0.2263,-0.0514,-0.00919,-0.01424,0.01150,-5.00,0.00,0.00,25.4,102.98,651.23,276.82,DESCEND
5.1711,0.1560,0.0563,-0.0614,0.00780,-0.01424,0.01350,-5.00,0.00,0.00,25.5,102.98,651.23,276.76,DESCEND
5.1812,0.0660,-0.2736,0.7685,-0.00419,-0.00224,0.00950,-5.00,0.00,0.00,25.5,102.98,651.23,276.72,DESCEND
5.1913,-0.0339,0.0063,-0.2714,-0.00819,-0.01924,0.01150,-5.00,0.00,0.00,25.6,102.98,651.24,276.66,DESCEND
5.2014,-0.0039,0.0363,-0.0414,0.01680,-0.00124,0.00650,-5.00,0.00,0.00,25.7,102.98,651.24,276.60,DESCEND
5.2115,-0.2339,0.0663,0.2285,-0.02019,-0.00824,0.00950,-5.00,0.00,0.00,25.7,102.98,651.24,276.56,DESCEND
5.2216,0.0360,0.2863,-0.2614,-0.00619,-0.01824,0.01450,-5.00,0.00,0.00,25.8,102.98,651.24,276.50,DESCEND
5.2318,-0.0939,0.2563,-0.0614,-0.01019,-0.00924,0.01150,-5.00,0.00,0.00,25.8,102.98,651.24,276.46,DESCEND
5.2419,0.1060,-0.0636,0.0185,-0.01319,-0.02024,0.01050,-5.00,0.00,0.00,25.9,102.98,651.25,276.40,DESCEND
5.2520,-0.1539,0.0663,0.1485,-0.01519,-0.01124,0.01350,-5.00,0.00,0.00,25.9,102.98,651.25,276.36,DESCEND
5.2621,-0.0139,0.0563,0.1785,-0.00519,-0.00924,0.01050,-5.00,0.00,0.00,26.0,102.98,651.25,276.30,DESCEND
5.2722,0.1060,0.1163,0.1285,0.00780,-0.00824,0.00650,-5.00,0.00,0.00,26.0,102.98,651.25,276.26,DESCEND
5.2823,0.0260,0.1063,-0.0414,-0.01419,-0.01124,0.01150,-5.00,0.00,0.00,26.1,102.98,651.25,276.20,DESCEND
5.2924,0.1460,-0.0036,0.0685,0.02680,-0.00324,0.01150,-5.00,0.00,0.00,26.1,102.98,651.26,276.16,DESCEND
5.3025,-0.0539,0.1163,-0.2814,-0.00319,-0.02724,0.01050,-5.00,0.00,0.00,26.2,102.98,651.26,276.10,DESCEND
5.3127,-0.0739,0.2463,-0.1014,-0.01119,-0.01724,0.01350,-5.00,0.00,0.00,26.2,102.98,651.26,276.06,DESCEND
5.3228,0.0960,0.6263,-0.4914,-0.00919,-0.02824,0.01450,-5.00,0.00,0.00,26.3,102.98,651.26,276.00,DESCEND
5.3329,-0.0139,0.1963,-0.1414,-0.00119,-0.01924,0.01350,-5.00,0.00,0.00,26.3,102.98,651.26,275.96,DESCEND
5.3430,-0.0339,0.1563,0.1985,0.00080,-0.00824,0.01250,-5.00,0.00,0.00,26.4,102.98,651.27,275.90,DESCEND
5.3531,0.1060,0.1363,-0.0414,0.00480,-0.01324,0.01050,-5.00,0.00,0.00,26.4,102.98,651.27,275.86,DESCEND
5.3632,0.0460,0.0663,0.0485,0.00580,-0.01024,0.00950,-5.00,0.00,0.00,26.5,102.98,651.27,275.80,DESCEND
5.3733,-0.0439,0.1563,-0.0714,-0.00719,-0.01024,0.01250,-5.00,0.00,0.00,26.5,102.98,651.27,275.76,DESCEND
5.3834,0.0060,0.3563,-0.0514,-0.01819,-0.01624,0.01050,-5.00,0.00,0.00,26.6,102.98,651.27,275.70,DESCEND
5.3935,0.1760,0.1663,0.0285,0.01680,-0.00724,0.01250,-5.00,0.00,0.00,26.6,102.98,651.28,275.64,DESCEND
5.4036,0.0060,0.0563,0.3485,-0.00719,-0.00824,0.01050,-5.00,0.00,0.00,26.7,102.98,651.28,275.60,DESCEND
5.4137,0.0960,-0.2136,0.2685,0.00980,-0.00124,0.01150,-5.00,0.00,0.00,26.7,102.98,651.28,275.54,DESCEND
5.4238,0.1560,0.0063,0.2785,0.00180,-0.01724,0.01050,-5.00,0.00,0.00,26.8,102.98,651.28,275.50,DESCEND
5.4340,-0.1139,0.1463,0.0185,-0.00519,-0.01124,0.01050,-5.00,0.00,0.00,26.8,102.98,651.28,275.44,DESCEND
5.4441,-0.0039,0.2763,-0.1514,0.00680,-0.01524,0.01250,-5.00,0.00,0.00,26.9,102.98,651.28,275.40,DESCEND
5.4542,0.0960,0.2663,0.0385,0.00780,-0.00624,0.01450,-5.00,0.00,0.00,26.9,102.98,651.29,275.34,DESCEND
5.4643,-0.3639,0.1063,0.1985,-0.03119,-0.01624,0.01050,-5.00,0.00,0.00,27.0,102.98,651.29,275.30,DESCEND
5.4744,-0.0039,0.0063,0.0685,-0.00919,-0.00924,0.00850,-5.00,0.00,0.00,27.0,102.98,651.29,275.24,DESCEND
5.4845,0.1660,-0.0036,-0.1014,0.00580,-0.01724,0.01350,-5.00,0.00,0.00,27.1,102.98,651.29,275.20,DESCEND
5.4946,0.2160,0.1463,0.0685,0.01380,-0.00724,0.00950,-5.00,0.00,0.00,27.1,102.98,651.29,275.14,DESCEND
5.5047,0.0360,0.0263,0.3085,-0.00919,-0.01324,0.01150,-5.00,0.00,0.00,27.2,102.98,651.30,275.10,DESCEND
5.5148,-0.0239,0.1663,-0.0714,-0.01419,-0.01624,0.01450,-5.00,0.00,0.00,27.2,102.98,651.30,275.04,DESCEND
5.5249,0.0760,0.0563,0.3185,0.00080,-0.01324,0.01250,-5.00,0.00,0.00,27.3,102.98,651.30,275.00,DESCEND
5.5351,0.0360,0.0163,-0.0114,-0.00719,-0.01124,0.00850,-5.00,0.00,0.00,27.3,102.98,651.30,274.94,DESCEND
5.5451,0.0960,0.1863,0.3685,0.01180,-0.00024,0.01150,-5.00,0.00,0.00,27.4,102.98,651.30,274.90,DESCEND
5.5553,0.0360,0.0063,-0.1314,0.00380,-0.00524,0.00850,-5.00,0.00,0.00,27.4,102.98,651.31,274.84,DESCEND
5.5654,-0.0139,0.3063,-0.1214,-0.00519,-0.01124,0.01350,-5.00,0.00,0.00,27.5,102.98,651.31,274.80,DESCEND
5.5755,-0.0539,0.2963,0.1885,0.00080,-0.00724,0.01050,-5.00,0.00,0.00,27.5,102.98,651.31,274.74,DESCEND
5.5856,0.2260,-0.4936,0.1885,0.04080,0.00475,0.00750,-5.00,0.00,0.00,27.6,102.98,651.31,274.69,DESCEND
5.5957,0.0160,-0.0536,0.1085,0.01080,-0.01124,0.01250,-5.00,0.00,0.00,27.6,102.98,651.31,274.65,DESCEND
5.6058,-0.0039,0.1963,-0.1314,-0.01319,-0.01524,0.01250,-5.00,0.00,0.00,27.7,102.98,651.31,274.59,DESCEND
5.6160,0.0560,0.0463,-0.1114,-0.00619,-0.01524,0.01050,-5.00,0.00,0.00,27.7,102.98,651.32,274.55,DESCEND
5.6261,-0.1639,0.0163,-0.1514,-0.00819,-0.01924,0.01650,-5.00,0.00,0.00,27.8,102.98,651.32,274.49,DESCEND
5.6362,0.0360,0.2863,0.0385,-0.00319,-0.02124,0.01550,-5.00,0.00,0.00,27.8,102.98,651.32,274.45,DESCEND
5.6463,-0.0239,0.1563,-0.1114,-0.01819,-0.01324,0.01350,-5.00,0.00,0.00,27.9,102.98,651.32,274.39,DESCEND
5.6564,0.1260,0.1163,0.0685,0.01180,-0.00524,0.01050,-5.00,0.00,0.00,27.9,102.98,651.32,274.35,DESCEND
5.6666,0.0460,0.3263,-0.1514,-0.00219,-0.01324,0.01350,-5.00,0.00,0.00,28.0,102.98,651.33,274.29,DESCEND
5.6767,0.0460,0.1363,0.1985,0.00880,-0.00424,0.01050,-5.00,0.00,0.00,28.0,102.98,651.33,274.25,DESCEND
5.6869,0.2160,0.2463,-0.4514,0.01480,-0.02424,0.01450,-5.00,0.00,0.00,28.1,102.98,651.33,274.19,DESCEND
5.6970,0.0560,0.0363,0.2485,-0.00619,-0.01524,0.01450,-5.00,0.00,0.00,28.1,102.98,651.33,274.15,DESCEND
5.7071,0.0360,0.2263,-0.1814,0.00480,-0.00724,0.01450,-5.00,0.00,0.00,28.2,102.98,651.33,274.09,DESCEND
5.7172,0.0060,0.2063,0.1485,0.00680,-0.00924,0.01250,-5.00,0.00,0.00,28.2,102.98,651.34,274.05,DESCEND
5.7273,0.1860,0.2263,-0.1914,-0.00019,-0.02324,0.01650,-5.00,0.00,0.00,28.3,102.98,651.34,273.99,DESCEND
5.7374,0.1260,0.2263,-0.1914,0.00280,-0.02324,0.01750,-5.00,0.00,0.00,28.3,102.98,651.34,273.93,DESCEND
5.7476,0.0160,0.2763,0.1685,-0.01019,-0.01624,0.01050,-5.00,0.00,0.00,28.4,102.99,651.34,273.89,DESCEND
5.7577,0.1560,0.4063,-0.2814,-0.01719,-0.02424,0.01450,-5.00,0.00,0.00,28.4,102.99,651.34,273.83,DESCEND
5.7678,0.0460,-0.2536,0.2685,0.00680,-0.00724,0.01050,-5.00,0.00,0.00,28.5,102.99,651.34,273.79,DESCEND
5.7780,-0.0539,0.2263,0.3585,-0.01219,-0.01124,0.01450,-5.00,0.00,0.00,28.5,102.99,651.35,273.73,DESCEND
5.7881,-0.1139,0.1263,0.1985,0.00080,-0.00524,0.01050,-5.00,0.00,0.00,28.6,102.99,651.35,273.69,DESCEND
5.7982,0.0060,0.2963,-0.1014,-0.00519,-0.01424,0.01250,-5.00,0.00,0.00,28.6,102.99,651.35,273.63,DESCEND
5.8084,-0.0939,-0.0636,0.0285,-0.01719,-0.02024,0.00950,-5.00,0.00,0.00,28.7,102.99,651.35,273.59,DESCEND
5.8185,-0.1939,-0.0236,0.0585,0.01280,-0.00724,0.01250,-5.00,0.00,0.00,28.7,102.99,651.35,273.53,DESCEND
5.8286,0.2060,-0.0236,0.1085,0.02580,-0.00624,0.01250,-5.00,0.00,0.00,28.8,102.99,651.36,273.49,DESCEND
5.8387,0.0960,0.0963,-0.1814,-0.00119,-0.02224,0.01550,-5.00,0.00,0.00,28.8,102.99,651.36,273.43,DESCEND
5.8489,-0.0939,0.1663,-0.0414,-0.01419,-0.02224,0.01350,-5.00,0.00,0.00,28.9,102.99,651.36,273.39,DESCEND
5.8590,0.0660,0.4663,-0.2614,0.00680,-0.02124,0.01350,-5.00,0.00,0.00,28.9,102.99,651.36,273.33,DESCEND
5.8691,-0.1339,0.2863,-0.1114,-0.02219,-0.01624,0.01550,-5.00,0.00,0.00,29.0,102.99,651.36,273.29,DESCEND
5.8792,0.2060,-0.0936,0.3585,0.01180,-0.00224,0.01550,-5.00,0.00,0.00,29.0,102.99,651.37,273.23,DESCEND
5.8893,0.0260,-0.0636,0.0885,-0.00519,-0.01124,0.00950,-5.00,0.00,0.00,29.1,102.99,651.37,273.19,DESCEND
5.8994,-0.0139,0.3763,-0.3214,-0.01519,-0.01824,0.01350,-5.00,0.00,0.00,29.1,102.99,651.37,273.13,DESCEND
5.9095,-0.0939,0.2363,0.1585,-0.01219,-0.01324,0.01250,-5.00,0.00,0.00,29.2,102.99,651.37,273.07,DESCEND
5.9197,0.0160,0.4763,-0.1714,-0.00219,-0.01324,0.01650,-5.00,0.00,0.00,29.2,102.99,651.37,273.03,DESCEND
5.9298,-0.0439,0.1563,0.0185,0.00480,-0.01224,0.01150,-5.00,0.00,0.00,29.3,102.99,651.38,272.97,DESCEND
5.9399,-0.1139,0.1263,0.1285,0.00680,-0.00624,0.01150,-5.00,0.00,0.00,29.3,102.99,651.38,272.93,DESCEND
5.9500,0.1960,0.0363,0.0885,0.01780,-0.00924,0.01050,-5.00,0.00,0.00,29.4,102.99,651.38,272.87,DESCEND
5.9601,0.0660,-0.0436,0.1985,-0.00419,-0.01824,0.00750,-5.00,0.00,0.00,29.4,102.99,651.38,272.83,DESCEND
5.9702,-0.2039,-0.0936,0.1985,-0.01919,-0.01424,0.00950,-5.00,0.00,0.00,29.5,102.99,651.38,272.77,DESCEND
5.9803,-0.0439,-0.0136,-0.3614,0.01080,-0.01524,0.01050,-5.00,0.00,0.00,29.5,102.99,651.38,272.73,DESCEND
5.9905,0.0160,0.0763,-0.2114,0.01780,-0.00924,0.01050,-5.00,0.00,0.00,29.6,102.99,651.39,272.67,DESCEND
6.0006,-0.1039,-0.0936,0.5585,-0.02219,-0.00924,0.01150,-5.00,0.00,0.00,29.6,102.99,651.39,272.63,DESCEND
6.0107,0.1660,0.0763,-0.0814,0.00380,-0.01524,0.01650,-5.00,0.00,0.00,29.7,102.99,651.39,272.57,DESCEND
6.0209,0.0760,0.0763,-0.1414,0.01080,-0.00524,0.01250,-5.00,0.00,0.00,29.7,102.99,651.39,272.53,DESCEND
6.0310,0.1160,0.0763,-0.1314,0.01080,-0.02124,0.01350,-5.00,0.00,0.00,29.8,102.99,651.39,272.47,DESCEND
6.0411,0.0560,0.1363,0.0985,0.00380,-0.00024,0.01250,-5.00,0.00,0.00,29.8,102.99,651.40,272.43,DESCEND
6.0512,0.0960,-0.0436,0.4685,0.00480,-0.00624,0.01350,-5.00,0.00,0.00,29.9,102.99,651.40,272.37,DESCEND
6.0613,0.0660,0.1063,-0.1514,-0.00719,-0.02124,0.01350,-5.00,0.00,0.00,29.9,102.99,651.40,272.33,DESCEND
6.0714,-0.0839,0.1163,0.0485,-0.01919,-0.01824,0.01450,-5.00,0.00,0.00,30.0,102.99,651.40,272.27,DESCEND
6.0816,0.0960,0.2763,-0.2314,-0.01019,-0.02724,0.01450,-5.00,0.00,0.00,30.1,102.99,651.40,272.21,DESCEND
6.0917,-0.0939,0.0963,0.3985,-0.01119,-0.01424,0.01650,-5.00,0.00,0.00,30.1,102.99,651.41,272.17,DESCEND
6.1017,-0.0139,0.1563,-0.2114,-0.00919,-0.01924,0.01250,-5.00,0.00,0.00,30.2,102.99,651.41,272.11,DESCEND
6.1119,-0.0039,0.3063,-0.0814,0.00080,-0.01424,0.01250,-5.00,0.00,0.00,30.2,102.99,651.41,272.07,DESCEND
6.1220,-0.0439,-0.1936,0.3085,-0.00619,-0.00424,0.01350,-5.00,0.00,0.00,30.3,102.99,651.41,272.01,DESCEND
6.1321,0.3060,-0.1936,-0.0814,0.02380,-0.01024,0.00950,-5.00,0.00,0.00,30.3,102.99,651.41,271.97,DESCEND
6.1422,0.0160,0.1563,-0.0914,-0.00319,-0.02524,0.01450,-5.00,0.00,0.00,30.4,102.99,651.42,271.91,DESCEND
6.1524,-0.2039,-0.1736,0.2385,-0.00319,-0.00924,0.01350,-5.00,0.00,0.00,30.4,102.99,651.42,271.87,DESCEND
6.1626,-0.1039,0.2363,-0.1214,0.00580,-0.01624,0.01550,-5.00,0.00,0.00,30.5,102.99,651.42,271.81,DESCEND
6.1727,0.1760,-0.1536,-0.0114,0.00780,-0.00624,0.01250,-5.00,0.00,0.00,30.5,102.99,651.42,271.77,DESCEND
6.1828,0.0760,0.0063,0.2285,-0.00719,-0.01524,0.01050,-5.00,0.00,0.00,30.6,102.99,651.42,271.71,DESCEND
6.1929,-0.0439,-0.0236,-0.1314,-0.00719,-0.02624,0.01350,-5.00,0.00,0.00,30.6,102.99,651.42,271.67,DESCEND
6.2030,-0.1339,0.3363,0.1085,-0.00719,-0.01024,0.01650,-5.00,0.00,0.00,30.7,102.99,651.43,271.61,DESCEND
6.2131,0.1260,0.5963,-0.0214,-0.00219,-0.01524,0.01550,-5.00,0.00,0.00,30.7,102.99,651.43,271.57,DESCEND
6.2232,0.1060,0.1463,0.0285,0.00980,-0.01524,0.01650,-5.00,0.00,0.00,30.8,102.99,651.43,271.51,DESCEND
6.2333,-0.2339,-0.0936,-0.0214,-0.01619,-0.02124,0.01150,-5.00,0.00,0.00,30.8,102.99,651.43,271.47,DESCEND
6.2434,-0.0739,0.1963,0.0285,-0.00219,-0.01224,0.01250,-5.00,0.00,0.00,30.9,102.99,651.43,271.41,DESCEND
6.2535,0.0560,0.0663,-0.0014,0.02080,-0.00524,0.01150,-5.00,0.00,0.00,30.9,102.99,651.44,271.35,DESCEND
6.2636,0.0360,-0.1636,0.2485,0.00680,-0.01224,0.01050,-5.00,0.00,0.00,31.0,102.99,651.44,271.31,DESCEND
6.2738,0.1360,0.0263,0.0285,0.00480,-0.01624,0.01350,-5.00,0.00,0.00,31.0,102.99,651.44,271.25,DESCEND
6.2839,-0.2139,0.4063,-0.0014,-0.01419,-0.01724,0.01450,-5.00,0.00,0.00,31.1,102.99,651.44,271.21,DESCEND
6.2940,0.1960,0.2663,-0.2914,0.01180,-0.01824,0.01150,-5.00,0.00,0.00,31.1,102.99,651.44,271.15,DESCEND
6.3041,0.1560,0.4263,-0.3314,-0.00319,-0.02924,0.01650,-5.00,0.00,0.00,31.2,102.99,651.45,271.11,DESCEND
6.3143,-0.0339,0.1063,0.1385,0.00780,-0.00824,0.00950,-5.00,0.00,0.00,31.2,102.99,651.45,271.05,DESCEND
6.3244,0.0560,0.2863,-0.1314,0.00080,-0.01524,0.01450,-5.00,0.00,0.00,31.3,102.99,651.45,271.01,DESCEND
6.3345,0.0960,0.3663,-0.0414,-0.01419,-0.02024,0.01550,-5.00,0.00,0.00,31.3,102.99,651.45,270.95,DESCEND
6.3446,-0.1039,0.2763,-0.1314,-0.00519,-0.02324,0.01450,-5.00,0.00,0.00,31.4,102.99,651.45,270.91,DESCEND
6.3547,-0.0939,0.4863,-0.2714,0.00080,-0.01424,0.02050,-5.00,0.00,0.00,31.4,102.99,651.45,270.85,DESCEND
6.3648,-0.1139,-0.1236,0.1585,0.00180,-0.00824,0.01050,-5.00,0.00,0.00,31.5,102.99,651.46,270.81,DESCEND
6.3749,0.2360,-0.0336,0.3085,0.01980,-0.01324,0.01150,-5.00,0.00,0.00,31.5,102.99,651.46,270.75,DESCEND
6.3851,0.1960,0.1663,0.0085,0.00580,-0.02524,0.01450,-5.00,0.00,0.00,31.6,103.00,651.46,270.71,DESCEND
6.3952,0.1660,0.1263,-0.0514,0.01480,-0.01424,0.01350,-5.00,0.00,0.00,31.6,103.00,651.46,270.65,DESCEND
6.4053,0.1460,0.0363,0.0185,0.00880,-0.00724,0.01150,-5.00,0.00,0.00,31.7,103.00,651.46,270.61,DESCEND
6.4154,0.1860,0.0563,0.2385,0.00380,-0.01024,0.01150,-5.00,0.00,0.00,31.7,103.00,651.47,270.55,DESCEND
6.4255,0.1860,0.2863,-0.3414,0.00680,-0.02224,0.01450,-5.00,0.00,0.00,31.8,103.00,651.47,270.49,DESCEND
6.4356,0.0460,-0.0736,0.0385,-0.00319,-0.01424,0.01050,-5.00,0.00,0.00,31.8,103.00,651.47,270.45,DESCEND
6.4457,0.0460,0.1163,-0.1214,-0.00819,-0.02524,0.01150,-5.00,0.00,0.00,31.9,103.00,651.47,270.39,DESCEND
6.4558,-0.1639,0.1963,-0.0514,-0.00719,-0.01024,0.01750,-5.00,0.00,0.00,31.9,103.00,651.47,270.35,DESCEND
6.4660,-0.0439,0.1263,-0.1514,-0.02119,-0.02324,0.01450,-5.00,0.00,0.00,32.0,103.00,651.48,270.29,DESCEND
6.4761,-0.0539,0.4563,-0.3714,0.00680,-0.01224,0.01650,-5.00,0.00,0.00,32.0,103.00,651.48,270.25,DESCEND
6.4862,0.0160,-0.0236,0.0785,0.01080,-0.01324,0.01450,-5.00,0.00,0.00,32.1,103.00,651.48,270.19,DESCEND
6.4963,-0.1739,0.2263,0.0085,-0.00419,-0.00124,0.01350,-5.00,0.00,0.00,32.1,103.00,651.48,270.15,DESCEND
6.5064,-0.0739,-0.1336,0.1985,-0.01119,-0.01624,0.01250,-5.00,0.00,0.00,32.2,103.00,651.48,270.09,DESCEND
6.5166,0.0960,-0.2036,0.2385,0.01880,0.00075,0.01250,-5.00,0.00,0.00,32.2,103.00,651.48,270.05,DESCEND
6.5267,0.1160,0.3063,-0.2014,0.01480,-0.01424,0.01550,-5.00,0.00,0.00,32.3,103.00,651.49,269.99,DESCEND
6.5368,0.2160,0.2463,-0.1114,0.01680,-0.01624,0.01550,-5.00,0.00,0.00,32.3,103.00,651.49,269.95,DESCEND
6.5470,0.1660,0.3663,0.0385,0.00480,-0.02224,0.01350,-5.00,0.00,0.00,32.4,103.00,651.49,269.89,DESCEND
6.5571,-0.0439,-0.2336,0.2485,0.00080,-0.00324,0.00950,-5.00,0.00,0.00,32.4,103.00,651.49,269.85,DESCEND
6.5672,-0.2839,0.5463,-0.2614,-0.03119,-0.02324,0.01750,-5.00,0.00,0.00,32.5,103.00,651.49,269.79,DESCEND
6.5773,0.0360,-0.0536,0.1585,0.00180,-0.01224,0.01250,-5.00,0.00,0.00,32.5,103.00,651.50,269.75,DESCEND
6.5874,0.1860,-0.2336,0.1385,0.01780,-0.00524,0.00850,-5.00,0.00,0.00,32.6,103.00,651.50,269.69,DESCEND
6.5976,0.1860,0.3263,0.0985,0.01380,-0.00624,0.01550,-5.00,0.00,0.00,32.6,103.00,651.50,269.63,DESCEND
6.6077,0.0760,0.1163,-0.1914,0.00480,-0.02024,0.01250,-5.00,0.00,0.00,32.7,103.00,651.50,269.59,DESCEND
6.6178,-0.1439,0.1463,-0.0214,0.00280,-0.01224,0.01450,-5.00,0.00,0.00,32.7,103.00,651.50,269.53,DESCEND
6.6279,0.0960,0.3263,-0.3114,0.01080,-0.02524,0.01450,-5.00,0.00,0.00,32.8,103.00,651.51,269.49,DESCEND
6.6380,0.0560,-0.0136,0.1685,0.00180,-0.01624,0.01150,-5.00,0.00,0.00,32.8,103.00,651.51,269.43,DESCEND
6.6481,-0.0139,-0.0236,0.3085,0.00580,-0.00524,0.01550,-5.00,0.00,0.00,32.9,103.00,651.51,269.39,DESCEND
6.6582,0.0160,-0.2436,0.3485,-0.00819,-0.01324,0.01550,-5.00,0.00,0.00,32.9,103.00,651.51,269.33,DESCEND
6.6683,-0.0039,-0.0036,0.0285,-0.00519,-0.02124,0.01150,-5.00,0.00,0.00,33.0,103.00,651.51,269.29,DESCEND
6.6785,-0.2939,0.2163,-0.0414,-0.02519,-0.02124,0.01650,-5.00,0.00,0.00,33.0,103.00,651.52,269.23,DESCEND
6.6886,-0.1039,-0.1136,0.1085,0.00880,0.00175,0.01050,-5.00,0.00,0.00,33.1,103.00,651.52,269.19,DESCEND
6.6987,0.0160,0.1063,-0.0014,-0.00619,-0.02124,0.01450,-5.00,0.00,0.00,33.1,103.00,651.52,269.13,DESCEND
6.7088,-0.0039,0.1263,-0.0014,0.01480,-0.00824,0.01650,-5.00,0.00,0.00,33.2,103.00,651.52,269.09,DESCEND
6.7190,-0.1039,0.4263,-0.2914,-0.02519,-0.02224,0.01550,-5.00,0.00,0.00,33.2,103.00,651.52,269.03,DESCEND
6.7291,0.0560,0.1063,0.1485,-0.01019,-0.00824,0.01050,-5.00,0.00,0.00,33.3,103.00,651.52,268.99,DESCEND
6.7392,-0.0939,0.2763,0.0285,-0.01819,-0.02224,0.01950,-5.00,0.00,0.00,33.3,103.00,651.53,268.93,DESCEND
6.7493,-0.0439,0.0463,0.0085,0.00480,-0.00824,0.01250,-5.00,0.00,0.00,33.4,103.00,651.53,268.89,DESCEND
6.7594,-0.0039,0.2263,-0.3214,-0.00119,-0.01424,0.01350,-5.00,0.00,0.00,33.4,103.00,651.53,268.83,DESCEND
6.7695,0.1360,-0.1736,0.2085,0.00980,-0.01624,0.01550,-5.00,0.00,0.00,33.5,103.00,651.53,268.79,DESCEND
6.7796,0.0460,0.3063,0.1585,0.01080,-0.00624,0.01350,-5.00,0.00,0.00,33.5,103.00,651.53,268.73,DESCEND
6.7898,0.1360,0.1963,-0.2514,0.02580,-0.01024,0.01150,-5.00,0.00,0.00,33.6,103.00,651.54,268.67,DESCEND
6.7999,0.0460,0.2863,-0.2514,-0.01619,-0.03124,0.01750,-5.00,0.00,0.00,33.6,103.00,651.54,268.63,DESCEND
6.8100,0.1160,0.1063,-0.2114,0.00980,-0.01924,0.01450,-5.00,0.00,0.00,33.7,103.00,651.54,268.57,DESCEND
6.8201,-0.1939,0.2563,-0.2214,-0.00619,-0.01924,0.01150,-5.00,0.00,0.00,33.7,103.00,651.54,268.53,DESCEND
6.8302,0.1060,-0.0136,0.0985,0.00680,-0.01324,0.01550,-5.00,0.00,0.00,33.8,103.00,651.54,268.47,DESCEND
6.8404,0.1260,-0.0336,0.3185,-0.00819,-0.01224,0.01350,-5.00,0.00,0.00,33.8,103.00,651.55,268.43,DESCEND
6.8505,0.1060,0.1563,0.1985,-0.00719,-0.01124,0.01150,-5.00,0.00,0.00,33.9,103.00,651.55,268.37,DESCEND
6.8607,0.0960,0.2163,-0.0514,0.01080,-0.02124,0.01550,-5.00,0.00,0.00,33.9,103.00,651.55,268.33,DESCEND
6.8708,0.0460,0.0663,0.0885,-0.00819,-0.01424,0.01150,-5.00,0.00,0.00,34.0,103.00,651.55,268.27,DESCEND
6.8809,-0.1339,0.1463,0.1485,0.00080,-0.00424,0.01650,-5.00,0.00,0.00,34.0,103.00,651.55,268.23,DESCEND
6.8910,0.0860,0.0263,-0.0214,0.02580,-0.00024,0.01250,-5.00,0.00,0.00,34.1,103.00,651.56,268.17,DESCEND
6.9011,-0.0239,0.2163,-0.2914,-0.00919,-0.02324,0.01150,-5.00,0.00,0.00,34.1,103.00,651.56,268.13,DESCEND
6.9113,0.1360,0.0263,0.1085,0.01080,-0.01424,0.01350,-5.00,0.00,0.00,34.2,103.00,651.56,268.07,DESCEND
6.9214,-0.0339,0.1063,0.3085,-0.01319,-0.01924,0.01350,-5.00,0.00,0.00,34.3,103.00,651.56,268.01,DESCEND
6.9315,0.2060,0.0763,-0.2314,0.00680,-0.01824,0.01650,-5.00,0.00,0.00,34.3,103.00,651.56,267.97,DESCEND
6.9416,-0.0939,0.0863,0.1585,-0.01019,-0.01624,0.01450,-5.00,0.00,0.00,34.4,103.00,651.56,267.91,DESCEND
6.9517,0.1360,0.0263,-0.0514,0.00380,-0.02124,0.01150,-5.00,0.00,0.00,34.4,103.00,651.57,267.87,DESCEND
6.9618,0.0960,-0.1536,0.4685,-0.00819,-0.01224,0.00850,-5.00,0.00,0.00,34.5,103.00,651.57,267.81,DESCEND
6.9720,-0.0239,0.0763,0.4485,-0.00019,-0.00124,0.01550,-5.00,0.00,0.00,34.5,103.00,651.57,267.77,DESCEND
6.9821,-0.0639,0.0663,0.1585,-0.01619,-0.01924,0.01350,-5.00,0.00,0.00,34.6,103.00,651.57,267.71,DESCEND
6.9922,-0.1739,0.1163,-0.0314,-0.01819,-0.03324,0.01450,-5.00,0.00,0.00,34.6,103.00,651.57,267.67,DESCEND
7.0023,-0.0239,-0.1436,0.1185,-0.00419,-0.01024,0.01150,-5.00,0.00,0.00,34.7,103.00,651.58,267.61,DESCEND
7.0125,0.0160,0.1963,-0.0514,0.00280,-0.01924,0.01550,-5.00,0.00,0.00,34.7,103.00,651.58,267.57,DESCEND
7.0226,0.1460,0.2963,-0.1814,-0.00619,-0.02724,0.01450,-5.00,0.00,0.00,34.8,103.00,651.58,267.51,DESCEND
7.0327,-0.0839,0.0963,-0.0114,-0.01319,-0.02224,0.01550,-5.00,0.00,0.00,34.8,103.01,651.58,267.47,DESCEND
7.0428,0.0860,-0.0436,0.1085,-0.00419,-0.01224,0.01250,-5.00,0.00,0.00,34.9,103.01,651.58,267.41,DESCEND
7.0530,0.0860,0.1663,-0.0314,-0.00219,-0.02024,0.01750,-5.00,0.00,0.00,34.9,103.01,651.59,267.37,DESCEND
7.0631,0.2560,0.4263,-0.3814,0.00480,-0.02824,0.01650,-5.00,0.00,0.00,35.0,103.01,651.59,267.31,DESCEND
7.0732,0.1160,-0.1036,-0.1814,-0.01319,-0.02124,0.01050,-5.00,0.00,0.00,35.0,103.01,651.59,267.27,DESCEND
7.0833,0.0360,0.1363,-0.0514,0.01380,-0.00224,0.01250,-5.00,0.00,0.00,35.1,103.01,651.59,267.21,DESCEND
7.0934,-0.0139,-0.2636,0.1085,0.00680,-0.00924,0.01150,-5.00,0.00,0.00,35.1,103.01,651.59,267.17,DESCEND
7.1035,-0.0039,0.2263,0.0285,0.00980,-0.00724,0.01550,-5.00,0.00,0.00,35.2,103.01,651.59,267.11,DESCEND
7.1137,-0.1539,0.1563,-0.0414,-0.02019,-0.01224,0.00950,-5.00,0.00,0.00,35.2,103.01,651.60,267.05,DESCEND
7.1237,-0.0739,0.3263,-0.1314,-0.00919,-0.01524,0.01550,-5.00,0.00,0.00,35.3,103.01,651.60,267.01,DESCEND
7.1339,0.1860,0.2563,-0.0914,0.01780,-0.01724,0.01450,-5.00,0.00,0.00,35.3,103.01,651.60,266.95,DESCEND
7.1440,-0.0639,0.1163,0.2085,-0.00919,-0.00824,0.01250,-5.00,0.00,0.00,35.4,103.01,651.60,266.91,DESCEND
7.1541,-0.1139,0.5163,-0.1814,-0.00519,-0.00924,0.01450,-5.00,0.00,0.00,35.4,103.01,651.60,266.85,DESCEND
7.1642,-0.0739,0.1563,0.0785,-0.00719,-0.01224,0.01450,-5.00,0.00,0.00,35.5,103.01,651.61,266.81,DESCEND
7.1743,0.0060,-0.0736,-0.0514,0.00180,-0.01424,0.01150,-5.00,0.00,0.00,35.5,103.01,651.61,266.75,DESCEND
7.1845,0.0660,0.2463,-0.3314,-0.00819,-0.01724,0.01450,-5.00,0.00,0.00,35.6,103.01,651.61,266.71,DESCEND
7.1946,-0.0039,0.2963,-0.0814,-0.01819,-0.02324,0.01250,-5.00,0.00,0.00,35.6,103.01,651.61,266.65,DESCEND
7.2047,0.0460,0.0163,0.0885,0.00380,-0.01724,0.01250,-5.00,0.00,0.00,35.7,103.01,651.61,266.61,DESCEND
7.2148,-0.0839,0.2063,-0.1314,-0.01419,-0.01624,0.01250,-5.00,0.00,0.00,35.7,103.01,651.62,266.55,DESCEND
7.2249,0.0260,0.2063,0.0185,-0.01419,-0.02024,0.01350,-5.00,0.00,0.00,35.8,103.01,651.62,266.51,DESCEND
7.2350,-0.0039,-0.4136,0.4085,0.00480,-0.00324,0.01150,-5.00,0.00,0.00,35.8,103.01,651.62,266.45,DESCEND
7.2451,-0.0839,-0.3036,0.5285,-0.00919,-0.01824,0.00750,-5.00,0.00,0.00,35.9,103.01,651.62,266.41,DESCEND
7.2552,-0.0039,0.0463,-0.2214,0.00180,-0.01824,0.01350,-5.00,0.00,0.00,35.9,103.01,651.62,266.35,DESCEND
7.2654,-0.0439,0.0763,0.1685,-0.00019,-0.01324,0.01250,-5.00,0.00,0.00,36.0,103.01,651.62,266.31,DESCEND
7.2755,0.0260,0.2363,0.1785,0.00880,-0.00324,0.01150,-5.00,0.00,0.00,36.0,103.01,651.63,266.25,DESCEND
7.2856,-0.1039,0.3663,-0.2014,0.00380,-0.01124,0.01550,-5.00,0.00,0.00,36.1,103.01,651.63,266.19,DESCEND
7.2957,0.0860,0.1363,0.0185,-0.01119,-0.01524,0.01350,-5.00,0.00,0.00,36.1,103.01,651.63,266.15,DESCEND
7.3058,0.0460,0.0263,0.1285,0.00780,-0.00324,0.01150,-5.00,0.00,0.00,36.2,103.01,651.63,266.09,DESCEND
7.3159,0.1760,-0.0736,0.1385,0.00080,-0.01924,0.01150,-5.00,0.00,0.00,36.2,103.01,651.63,266.05,DESCEND
7.3260,-0.1039,-0.0236,0.3585,-0.00219,-0.00524,0.01150,-5.00,0.00,0.00,36.3,103.01,651.64,265.99,DESCEND
7.3362,-0.2639,0.1463,0.1085,-0.01719,-0.01724,0.01350,-5.00,0.00,0.00,36.3,103.01,651.64,265.95,DESCEND
7.3463,0.1360,0.2263,0.0585,0.01480,-0.00624,0.01050,-5.00,0.00,0.00,36.4,103.01,651.64,265.89,DESCEND
7.3564,-0.2339,0.0963,0.0685,-0.00619,-0.01424,0.01350,-5.00,0.00,0.00,36.4,103.01,651.64,265.85,DESCEND
7.3665,-0.1339,0.5763,-0.2014,-0.01619,-0.02024,0.01950,-5.00,0.00,0.00,36.5,103.01,651.64,265.79,DESCEND
7.3766,0.0760,-0.1736,0.0985,0.00080,-0.01324,0.01350,-5.00,0.00,0.00,36.5,103.01,651.65,265.75,DESCEND
7.3867,0.0860,0.1763,-0.1114,-0.01519,-0.03024,0.01850,-5.00,0.00,0.00,36.6,103.01,651.65,265.69,DESCEND
7.3968,0.0260,0.1963,-0.2114,0.00680,-0.01724,0.01350,-5.00,0.00,0.00,36.6,103.01,651.65,265.65,DESCEND
7.4069,0.0060,0.3163,-0.2914,0.00080,-0.01724,0.01450,-5.00,0.00,0.00,36.7,103.01,651.65,265.59,DESCEND
7.4170,0.0560,0.0163,-0.0314,0.00780,-0.01024,0.01450,-5.00,0.00,0.00,36.7,103.01,651.65,265.55,DESCEND
7.4271,0.0360,-0.0136,-0.0914,0.01580,-0.00424,0.01250,-5.00,0.00,0.00,36.8,103.01,651.66,265.49,DESCEND
7.4372,-0.0139,0.3163,-0.2214,0.01080,-0.01324,0.01650,-5.00,0.00,0.00,36.8,103.01,651.66,265.45,DESCEND
7.4473,-0.0739,0.1363,0.2585,-0.00119,-0.00424,0.01550,-5.00,0.00,0.00,36.9,103.01,651.66,265.39,DESCEND
7.4574,0.0160,0.1963,0.0685,0.01580,-0.00324,0.01050,-5.00,0.00,0.00,36.9,103.01,651.66,265.35,DESCEND
7.4675,0.0160,0.0463,0.2185,-0.00019,-0.00624,0.00950,-5.00,0.00,0.00,37.0,103.01,651.66,265.29,DESCEND
7.4777,0.0160,0.2663,-0.0614,-0.01219,-0.01624,0.01650,-5.00,0.00,0.00,37.0,103.01,651.67,265.23,DESCEND
7.4878,0.0160,-0.0636,0.1885,0.01180,-0.00124,0.01250,-5.00,0.00,0.00,37.1,103.01,651.67,265.19,DESCEND
7.4979,0.0160,0.3563,-0.1714,-0.01119,-0.01624,0.01650,-5.00,0.00,0.00,37.1,103.01,651.67,265.13,DESCEND
7.5080,-0.0839,0.1063,0.1585,-0.00219,-0.01124,0.01550,-5.00,0.00,0.00,37.2,103.01,651.67,265.09,DESCEND
7.5181,-0.0639,0.1163,-0.0814,-0.00119,-0.01124,0.01250,-5.00,0.00,0.00,37.2,103.01,651.67,265.03,DESCEND
7.5282,0.1160,0.1263,0.0785,0.00580,-0.01524,0.01250,-5.00,0.00,0.00,37.3,103.01,651.67,264.99,DESCEND
7.5383,0.0760,0.1863,0.0585,0.01080,-0.02124,0.01450,-5.00,0.00,0.00,37.3,103.01,651.68,264.93,DESCEND
7.5484,-0.0339,-0.0036,0.2185,0.01080,-0.00724,0.01450,-5.00,0.00,0.00,37.4,103.01,651.68,264.89,DESCEND
7.5585,0.0860,-0.1636,0.1085,0.01480,-0.01124,0.01250,-5.00,0.00,0.00,37.4,103.01,651.68,264.83,DESCEND
7.5686,0.1560,0.1463,-0.2214,-0.00319,-0.02524,0.01250,-5.00,0.00,0.00,37.5,103.01,651.68,264.79,DESCEND
7.5788,0.0260,0.0963,-0.0214,0.01280,-0.00324,0.01250,-5.00,0.00,0.00,37.5,103.01,651.68,264.73,DESCEND
7.5889,0.0460,-0.2336,0.0085,-0.00119,-0.02424,0.01650,-5.00,0.00,0.00,37.6,103.01,651.69,264.69,DESCEND
7.5990,-0.1239,0.1363,-0.2014,-0.00419,-0.01124,0.01450,-5.00,0.00,0.00,37.6,103.01,651.69,264.63,DESCEND
7.6091,-0.0239,0.2063,-0.3214,0.01380,-0.01024,0.01450,-5.00,0.00,0.00,37.7,103.01,651.69,264.59,DESCEND
7.6192,-0.1239,0.0963,0.0785,-0.02819,-0.01624,0.01150,-5.00,0.00,0.00,37.7,103.01,651.69,264.53,DESCEND
7.6293,0.0460,0.4663,-0.0514,-0.00319,-0.00724,0.01250,-5.00,0.00,0.00,37.8,103.01,651.69,264.49,DESCEND
7.6394,-0.0839,0.0263,0.0285,-0.00319,-0.01024,0.01250,-5.00,0.00,0.00,37.8,103.01,651.70,264.43,DESCEND
7.6495,-0.1139,0.0163,0.0985,-0.00119,-0.01424,0.01250,-5.00,0.00,0.00,37.9,103.01,651.70,264.37,DESCEND
7.6596,0.1560,-0.2836,0.1585,0.01980,-0.00824,0.01450,-5.00,0.00,0.00,37.9,103.01,651.70,264.33,DESCEND
7.6697,0.0160,0.2563,-0.1414,-0.00719,-0.02624,0.01250,-5.00,0.00,0.00,38.0,103.01,651.70,264.27,DESCEND
7.6798,-0.0939,-0.0436,-0.1414,0.00980,-0.00924,0.01350,-5.00,0.00,0.00,38.0,103.01,651.70,264.23,DESCEND
7.6900,-0.1139,0.3363,-0.0214,-0.01619,-0.02224,0.01250,-5.00,0.00,0.00,38.1,103.02,651.70,264.17,DESCEND
7.7001,-0.0139,0.0463,0.0085,0.02080,-0.00824,0.01150,-5.00,0.00,0.00,38.1,103.02,651.71,264.13,DESCEND
7.7102,-0.0739,0.2363,-0.0014,-0.00019,-0.00424,0.01350,-5.00,0.00,0.00,38.2,103.02,651.71,264.07,DESCEND
7.7203,-0.0439,0.5863,-0.0714,-0.00719,-0.01224,0.01650,-5.00,0.00,0.00,38.2,103.02,651.71,264.03,DESCEND
7.7304,-0.0039,0.1263,0.1285,-0.01419,-0.01724,0.01250,-5.00,0.00,0.00,38.3,103.02,651.71,263.97,DESCEND
7.7405,-0.0539,0.2163,0.1285,-0.00619,-0.01624,0.01550,-5.00,0.00,0.00,38.3,103.02,651.71,263.93,DESCEND
7.7506,0.1160,0.3863,-0.2014,0.00380,-0.01524,0.01750,-5.00,0.00,0.00,38.4,103.02,651.72,263.87,DESCEND
7.7607,-0.1039,0.4163,-0.2014,-0.01319,-0.00824,0.01650,-5.00,0.00,0.00,38.4,103.02,651.72,263.83,DESCEND
7.7709,0.0560,-0.0436,-0.0414,-0.00519,-0.01624,0.01350,-5.00,0.00,0.00,38.5,103.02,651.72,263.77,DESCEND
7.7810,0.0260,0.2263,-0.0514,-0.00719,-0.02324,0.01350,-5.00,0.00,0.00,38.5,103.02,651.72,263.73,DESCEND
7.7911,0.0260,-0.0736,0.2485,-0.01219,-0.01324,0.01350,-5.00,0.00,0.00,38.6,103.02,651.72,263.68,DESCEND
7.8012,-0.1139,0.2763,-0.2014,-0.00619,-0.01124,0.01250,-5.00,0.00,0.00,38.6,103.02,651.73,263.64,DESCEND
7.8114,-0.2339,0.0763,0.0185,-0.01819,-0.02424,0.01450,-5.00,0.00,0.00,38.7,103.02,651.73,263.58,DESCEND
7.8215,0.0560,-0.0136,-0.1014,0.01880,-0.01024,0.01550,-5.00,0.00,0.00,38.7,103.02,651.73,263.54,DESCEND
7.8316,0.0060,0.1263,-0.1914,-0.01219,-0.02124,0.01550,-5.00,0.00,0.00,38.8,103.02,651.73,263.48,DESCEND
7.8417,-0.1139,0.0963,-0.0814,0.00680,-0.01724,0.01450,-5.00,0.00,0.00,38.9,103.02,651.73,263.42,DESCEND
7.8518,-0.0739,0.2563,-0.0814,-0.00519,-0.01724,0.01650,-5.00,0.00,0.00,38.9,103.02,651.73,263.38,DESCEND
7.8619,-0.0439,0.1963,0.0785,-0.00419,-0.01524,0.01550,-5.00,0.00,0.00,39.0,103.02,651.74,263.32,DESCEND
7.8721,0.2060,-0.1936,0.4585,0.01580,-0.00124,0.01750,-5.00,0.00,0.00,39.0,103.02,651.74,263.28,DESCEND
7.8822,-0.0039,0.2863,0.0385,-0.00919,-0.01024,0.01450,-5.00,0.00,0.00,39.1,103.02,651.74,263.22,DESCEND
7.8923,0.0760,-0.0636,0.3485,0.00680,-0.00424,0.01350,-5.00,0.00,0.00,39.1,103.02,651.74,263.18,DESCEND
7.9024,0.1360,-0.1236,0.1085,0.01280,-0.00024,0.01050,-5.00,0.00,0.00,39.2,103.02,651.74,263.12,DESCEND
7.9125,-0.0039,0.3163,-0.0214,0.00180,-0.01324,0.01550,-5.00,0.00,0.00,39.2,103.02,651.75,263.08,DESCEND
7.9226,-0.0439,0.0763,0.0985,0.01180,-0.00524,0.01750,-5.00,0.00,0.00,39.3,103.02,651.75,263.02,DESCEND
7.9327,-0.0439,0.0763,0.0185,-0.01019,-0.00824,0.01850,-5.00,0.00,0.00,39.3,103.02,651.75,262.98,DESCEND
7.9429,0.1960,0.1863,-0.2514,0.00380,-0.00424,0.01950,-5.00,0.00,0.00,39.4,103.02,651.75,262.92,DESCEND
7.9530,0.1960,0.1163,-0.0314,0.02180,0.00075,0.02250,-5.00,0.00,0.00,39.4,103.02,651.75,262.88,DESCEND
7.9631,0.1760,-0.1136,0.2185,0.00480,0.00275,0.02050,-5.00,0.00,0.00,39.5,103.02,651.76,262.82,DESCEND
7.9732,0.3160,-0.2536,0.4485,0.02480,0.01875,0.02050,-5.00,0.00,0.00,39.5,103.02,651.76,262.78,DESCEND
7.9834,-0.0139,0.1563,-0.3414,-0.00019,0.01475,0.02650,-5.00,0.00,0.00,39.6,103.02,651.76,262.72,DESCEND
7.9935,0.1760,0.2663,0.1785,-0.00119,0.01275,0.02950,-5.00,0.00,0.00,39.6,103.02,651.76,262.68,DESCEND
8.0036,0.2460,0.0463,0.3085,0.00380,0.02175,0.02450,-5.00,0.00,0.00,39.7,103.02,651.76,262.62,DESCEND
8.0137,0.4360,-0.1536,0.1585,0.01080,0.02375,0.02350,-5.00,0.00,0.00,39.7,103.02,651.77,262.56,DESCEND
8.0238,0.2860,0.2763,-0.0214,-0.01119,0.01175,0.02750,-5.00,0.00,0.00,39.8,103.02,651.77,262.52,DESCEND
8.0340,0.4160,-0.0036,0.2885,-0.00219,0.01975,0.02450,-5.00,0.00,0.00,39.8,103.02,651.77,262.46,DESCEND
8.0440,0.3860,0.0663,0.1685,-0.01019,0.02275,0.02650,-5.00,0.00,0.00,39.9,103.02,651.77,262.42,DESCEND
8.0542,0.2560,-0.0336,0.2585,0.00880,0.03375,0.02550,-5.00,0.00,0.00,39.9,103.02,651.77,262.36,DESCEND
8.0643,0.3460,-0.2436,0.2185,0.00680,0.02875,0.02650,-5.00,0.00,0.00,40.0,103.02,651.77,262.32,DESCEND
8.0744,0.2160,-0.0236,0.1685,-0.01019,0.02475,0.02850,-5.00,0.00,0.00,40.0,103.02,651.78,262.26,DESCEND
8.0845,0.1160,-0.3536,0.2785,-0.00319,0.03675,0.02950,-5.00,0.00,0.00,40.1,103.02,651.78,262.22,DESCEND
8.0946,0.4460,-0.1836,0.0885,0.00780,0.03375,0.02950,-5.00,0.00,0.00,40.1,103.02,651.78,262.16,DESCEND
8.1047,0.1660,0.3963,0.0185,-0.01819,0.02075,0.03750,-5.00,0.00,0.00,40.2,103.02,651.78,262.12,DESCEND
8.1149,0.1560,-0.0436,0.1085,0.00180,0.03875,0.03750,-5.00,0.00,0.00,40.2,103.02,651.78,262.06,DESCEND
8.1250,0.1560,0.0863,0.1285,0.00280,0.04175,0.03450,-5.00,0.00,0.00,40.3,103.02,651.79,262.02,DESCEND
8.1351,0.2760,0.2863,0.0985,-0.02219,0.03175,0.03350,-5.00,0.00,0.00,40.3,103.02,651.79,261.96,DESCEND
8.1452,0.2260,0.2163,0.1385,-0.00319,0.04675,0.03850,-5.00,0.00,0.00,40.4,103.02,651.79,261.92,DESCEND
8.1553,0.2960,-0.1936,0.3085,-0.01619,0.04375,0.03150,-5.00,0.00,0.00,40.4,103.02,651.79,261.86,DESCEND
8.1654,0.3460,0.2763,0.0685,-0.01519,0.04575,0.03750,-5.00,0.00,0.00,40.5,103.02,651.79,261.82,DESCEND
8.1755,0.3560,0.1163,0.3385,0.00680,0.06275,0.03550,-5.00,0.00,0.00,40.5,103.02,651.80,261.76,DESCEND
8.1856,0.3360,0.0963,-0.1314,-0.00919,0.04875,0.03650,-5.00,0.00,0.00,40.6,103.02,651.80,261.70,DESCEND
8.1957,0.5860,-0.1136,0.0585,0.00280,0.04975,0.03550,-5.00,0.00,0.00,40.6,103.02,651.80,261.66,DESCEND
8.2058,0.3360,0.0363,0.2685,-0.01019,0.05675,0.03550,-5.00,0.00,0.00,40.7,103.02,651.80,261.60,DESCEND
8.2159,0.3160,0.1663,0.0385,-0.00819,0.04675,0.03750,-5.00,0.00,0.00,40.7,103.02,651.80,261.56,DESCEND
8.2260,0.5660,0.1463,0.2685,-0.00019,0.05575,0.03550,-5.00,0.00,0.00,40.8,103.02,651.81,261.50,DESCEND
8.2362,0.5660,-0.1736,0.3985,0.01080,0.05275,0.03850,-5.00,0.00,0.00,40.8,103.02,651.81,261.46,DESCEND
8.2463,0.3460,-0.0736,0.0985,-0.00719,0.05275,0.04150,-5.00,0.00,0.00,40.9,103.02,651.81,261.40,DESCEND
8.2564,0.5660,-0.0036,-0.1514,0.00480,0.04875,0.04150,-5.00,0.00,0.00,40.9,103.02,651.81,261.36,DESCEND
8.2665,0.5160,-0.0736,-0.0114,0.00580,0.05475,0.04050,-5.00,0.00,0.00,41.0,103.02,651.81,261.30,DESCEND
8.2766,0.4560,-0.2536,0.2485,-0.00019,0.05475,0.04050,-5.00,0.00,0.00,41.0,103.02,651.81,261.26,DESCEND
8.2867,0.4660,0.2363,0.3085,-0.00819,0.06475,0.04450,-5.00,0.00,0.00,41.1,103.02,651.82,261.20,DESCEND
8.2968,0.6660,0.1163,0.0785,0.00880,0.06475,0.04350,-5.00,0.00,0.00,41.1,103.02,651.82,261.16,DESCEND
8.3069,0.6760,-0.1336,0.1285,0.00480,0.06275,0.04150,-5.00,0.00,0.00,41.2,103.02,651.82,261.10,DESCEND
8.3170,0.6360,0.1063,0.3985,-0.00919,0.06175,0.04250,-5.00,0.00,0.00,41.2,103.02,651.82,261.06,DESCEND
8.3272,0.5660,0.0163,0.1785,0.00180,0.07775,0.04050,-5.00,0.00,0.00,41.3,103.02,651.82,261.00,DESCEND
8.3373,0.5060,0.1563,-0.1214,-0.01419,0.05875,0.04450,-5.00,0.00,0.00,41.3,103.02,651.83,260.96,DESCEND
8.3474,0.4160,0.2963,-0.1514,-0.00019,0.07275,0.04550,-5.00,0.00,0.00,41.4,103.02,651.83,260.90,DESCEND
8.3575,0.3860,0.4763,-0.1514,-0.03319,0.05275,0.04350,-5.00,0.00,0.00,41.4,103.02,651.83,260.86,DESCEND
8.3677,0.6960,-0.3036,0.5085,0.01080,0.08175,0.03750,-5.00,0.00,0.00,41.5,103.03,651.83,260.80,DESCEND
8.3778,0.6860,-0.3736,0.1285,0.00680,0.07475,0.04250,-5.00,0.00,0.00,41.5,103.03,651.83,260.74,DESCEND
8.3879,0.7560,0.1363,-0.0914,0.00880,0.07275,0.04850,-5.00,0.00,0.00,41.6,103.03,651.84,260.70,DESCEND
8.3980,0.5560,0.1963,-0.2114,-0.00419,0.05975,0.04650,-5.00,0.00,0.00,41.6,103.03,651.84,260.64,DESCEND
8.4082,0.5860,-0.0236,0.3185,0.00980,0.07975,0.04750,-5.00,0.00,0.00,41.7,103.03,651.84,260.60,DESCEND
8.4183,0.6160,0.2963,0.2985,-0.01419,0.07875,0.04750,-5.00,0.00,0.00,41.7,103.03,651.84,260.54,DESCEND
8.4284,0.5560,0.2763,0.0185,-0.00319,0.07875,0.05050,-5.00,0.00,0.00,41.8,103.03,651.84,260.50,DESCEND
8.4385,0.4660,-0.1436,0.3585,-0.01119,0.08775,0.05150,-5.00,0.00,0.00,41.8,103.03,651.85,260.44,DESCEND
8.4486,0.6160,0.2763,0.0485,-0.00719,0.07975,0.05450,-5.00,0.00,0.00,41.9,103.03,651.85,260.40,DESCEND
8.4587,0.5860,0.0563,0.3185,-0.00019,0.09575,0.04950,-5.00,0.00,0.00,41.9,103.03,651.85,260.34,DESCEND
8.4689,0.5460,0.0263,0.3585,0.00180,0.10075,0.05050,-5.00,0.00,0.00,42.0,103.03,651.85,260.30,DESCEND
8.4790,0.9760,0.0863,0.0785,0.00980,0.11275,0.04250,-5.00,0.00,0.00,42.0,103.03,651.85,260.24,DESCEND
8.4891,0.9460,0.0763,0.0885,-0.00119,0.10475,0.04550,-5.00,0.00,0.00,42.1,103.03,651.85,260.20,DESCEND
8.4992,0.8460,0.2463,0.0485,0.01180,0.13275,0.04850,-5.00,0.00,0.00,42.1,103.03,651.86,260.14,DESCEND
8.5093,0.8160,-0.1836,-0.0114,0.00380,0.12375,0.04450,-5.00,0.00,0.00,42.2,103.03,651.86,260.10,DESCEND
8.5194,0.7960,-0.2236,0.2285,0.02180,0.14775,0.04550,-5.00,0.00,0.00,42.2,103.03,651.86,260.04,DESCEND
8.5295,1.0060,0.0663,0.1585,0.00480,0.15075,0.04650,-5.00,0.00,0.00,42.3,103.03,651.86,260.00,DESCEND
8.5396,1.0160,0.1163,0.0585,-0.01419,0.12775,0.04950,-5.00,0.00,0.00,42.3,103.03,651.86,259.94,DESCEND
8.5500,1.1860,0.1763,0.1085,0.01580,0.16675,0.04650,-5.00,0.00,0.00,42.4,103.03,651.87,259.88,DESCEND
8.5601,1.0760,0.1763,0.1385,0.01580,0.17875,0.04850,-5.00,0.00,0.00,42.4,103.03,651.87,259.84,DESCEND
8.5702,1.2760,-0.1436,0.2085,0.01880,0.18575,0.03950,-5.00,0.00,0.00,42.5,103.03,651.87,259.78,DESCEND
8.5803,1.0960,0.2063,0.1185,-0.00819,0.18075,0.04350,-5.00,0.00,0.00,42.5,103.03,651.87,259.74,DESCEND
8.5904,1.1160,0.0463,0.1385,0.01380,0.20075,0.04450,-5.00,0.00,0.00,42.6,103.03,651.87,259.68,DESCEND
8.6005,1.2560,0.1263,-0.3814,0.00680,0.18675,0.04250,-5.00,0.00,0.00,42.6,103.03,651.88,259.64,DESCEND
8.6106,1.2960,-0.0236,0.1785,0.00480,0.19675,0.04450,-5.00,0.00,0.00,42.7,103.03,651.88,259.58,DESCEND
8.6208,1.0560,-0.1536,0.3385,-0.00819,0.21275,0.04350,-5.00,0.00,0.00,42.7,103.03,651.88,259.54,DESCEND
8.6309,1.2960,0.3463,-0.2614,0.00080,0.20975,0.04750,-5.00,0.00,0.00,42.8,103.03,651.88,259.48,DESCEND
8.6410,1.2160,0.2163,-0.0714,-0.01519,0.21775,0.04450,-5.00,0.00,0.00,42.8,103.03,651.88,259.44,DESCEND
8.6511,1.3160,0.2463,0.0885,0.00880,0.22275,0.04450,-5.00,0.00,0.00,42.9,103.03,651.88,259.38,DESCEND
8.6612,1.5960,-0.0036,-0.0914,0.02280,0.22475,0.05050,-5.00,0.00,0.00,42.9,103.03,651.89,259.34,DESCEND
8.6713,1.2660,-0.1436,0.5285,0.00880,0.24875,0.04250,-5.00,0.00,0.00,43.0,103.03,651.89,259.28,DESCEND
8.6814,1.4860,0.3363,-0.2514,0.00380,0.23075,0.04850,-5.00,0.00,0.00,43.0,103.03,651.89,259.24,DESCEND
8.6915,1.3860,0.0763,0.0385,-0.00819,0.23275,0.04550,-5.00,0.00,0.00,43.1,103.03,651.89,259.18,DESCEND
8.7017,1.5860,0.1363,-0.1214,0.00480,0.23975,0.04450,-5.00,0.00,0.00,43.2,103.03,651.89,259.12,DESCEND
8.7118,1.5160,0.3363,0.0285,-0.00219,0.25075,0.04450,-5.00,0.00,0.00,43.2,103.03,651.90,259.08,DESCEND
8.7219,1.4360,-0.0236,-0.0214,0.00180,0.25475,0.04250,-5.00,0.00,0.00,43.3,103.03,651.90,259.02,DESCEND
8.7320,1.4460,-0.1536,0.0485,-0.01019,0.25175,0.04550,-5.00,0.00,0.00,43.3,103.03,651.90,258.98,DESCEND
8.7421,1.5460,-0.1336,0.3585,0.00080,0.25775,0.04250,-5.00,0.00,0.00,43.4,103.03,651.90,258.92,DESCEND
8.7523,1.4160,0.1263,-0.1314,-0.00919,0.25475,0.04350,-5.00,0.00,0.00,43.4,103.03,651.90,258.88,DESCEND
8.7624,1.4760,0.4363,-0.0514,0.00180,0.26775,0.05050,-5.00,0.00,0.00,43.5,103.03,651.91,258.82,DESCEND
8.7725,1.4860,0.0563,-0.0114,0.00580,0.26875,0.04550,-5.00,0.00,0.00,43.5,103.03,651.91,258.78,DESCEND
8.7826,1.6060,0.0763,-0.1414,0.00880,0.27075,0.04450,-5.00,0.00,0.00,43.6,103.03,651.91,258.72,DESCEND
8.7927,1.6160,0.1363,-0.1214,-0.00119,0.27775,0.04250,-5.00,0.00,0.00,43.6,103.03,651.91,258.68,DESCEND
8.8028,1.6460,-0.0836,0.3685,0.01980,0.30475,0.04450,-5.00,0.00,0.00,43.7,103.03,651.91,258.62,DESCEND
8.8129,1.5160,-0.0236,-0.1014,-0.01419,0.28175,0.04550,-5.00,0.00,0.00,43.7,103.03,651.91,258.58,DESCEND
8.8230,1.8060,0.0563,0.1985,0.00180,0.30175,0.04450,-5.00,0.00,0.00,43.8,103.03,651.92,258.52,DESCEND
8.8331,1.7360,0.3463,-0.2714,0.01280,0.30075,0.04250,-5.00,0.00,0.00,43.8,103.03,651.92,258.48,DESCEND
8.8432,1.5560,0.3663,-0.1514,-0.03019,0.29575,0.04750,-5.00,0.00,0.00,43.9,103.03,651.92,258.42,DESCEND
8.8533,1.7960,-0.2736,0.2785,0.00580,0.31775,0.04150,-5.00,0.00,0.00,43.9,103.03,651.92,258.38,DESCEND
8.8634,1.9160,0.2263,-0.4414,0.00580,0.30775,0.04150,-5.00,0.00,0.00,44.0,103.03,651.92,258.32,DESCEND
8.8736,1.8660,0.1463,0.1485,0.00880,0.32975,0.04250,-5.00,0.00,0.00,44.0,103.03,651.93,258.28,DESCEND
8.8837,1.9560,0.1063,0.0185,0.00280,0.33475,0.04550,-5.00,0.00,0.00,44.1,103.03,651.93,258.22,DESCEND
8.8938,1.8460,-0.0436,0.2885,0.00180,0.34875,0.04350,-5.00,0.00,0.00,44.1,103.03,651.93,258.16,DESCEND
8.9039,1.7460,0.3763,0.1285,-0.00119,0.34075,0.04750,-5.00,0.00,0.00,44.2,103.03,651.93,258.12,DESCEND
8.9140,1.8660,-0.1036,0.2985,0.00580,0.35475,0.04350,-1.00,4.00,0.00,44.2,103.03,651.93,258.06,SPIRAL
8.9241,1.9960,0.3263,0.0185,0.00980,0.35375,0.04150,-1.00,3.90,1.01,44.2,103.03,651.94,258.02,SPIRAL
8.9342,2.0360,0.4763,-0.3214,-0.00319,0.34175,0.04550,-1.00,3.62,1.99,44.3,103.04,651.94,257.97,SPIRAL
8.9443,2.2260,0.1563,0.0985,0.00780,0.35675,0.04450,-1.00,3.15,2.90,44.3,103.04,651.94,257.93,SPIRAL
8.9545,2.1360,0.4263,-0.0814,0.00980,0.35275,0.04350,-1.00,2.50,3.73,44.4,103.05,651.95,257.88,SPIRAL
8.9646,1.9560,0.3363,0.1385,-0.00919,0.36575,0.04450,-1.00,1.71,4.42,44.4,103.06,651.95,257.85,SPIRAL
8.9747,2.0560,0.0663,0.0685,0.02680,0.37275,0.04450,-1.00,0.78,4.97,44.5,103.08,651.96,257.81,SPIRAL
8.9849,2.0660,0.2863,-0.0514,0.00280,0.37075,0.04150,-1.00,-0.25,5.35,44.5,103.08,651.97,257.78,SPIRAL
8.9950,2.1160,0.0363,0.3285,0.01180,0.38675,0.04550,-1.00,-1.36,5.54,44.5,103.10,651.99,257.74,SPIRAL
9.0051,1.9360,-0.3036,0.3285,0.02180,0.39775,0.04050,-1.00,-2.51,5.54,44.6,103.10,652.01,257.72,SPIRAL
9.0152,2.2860,0.4663,-0.4914,0.00980,0.36575,0.04750,-1.00,-3.68,5.32,44.6,103.11,652.03,257.68,SPIRAL
9.0253,2.1760,0.0363,0.0285,0.00880,0.38575,0.04150,-1.00,-4.82,4.90,44.6,103.11,652.05,257.66,SPIRAL
9.0353,2.2660,0.2863,-0.0114,0.01380,0.38075,0.04450,-1.00,-5.91,4.28,44.6,103.12,652.08,257.63,SPIRAL
9.0454,2.1360,0.0863,0.0785,-0.00119,0.38675,0.04350,-1.00,-6.91,3.45,44.7,103.11,652.10,257.61,SPIRAL
9.0556,2.3660,-0.1936,0.3385,0.03680,0.39775,0.04150,-1.00,-7.79,2.44,44.7,103.11,652.13,257.58,SPIRAL
9.0657,2.2960,-0.0336,0.1785,0.01580,0.38775,0.04450,-1.00,-8.51,1.27,44.7,103.10,652.17,257.56,SPIRAL
9.0758,2.1960,0.1063,-0.2214,0.01580,0.39375,0.04550,-1.00,-9.06,-0.04,44.7,103.09,652.19,257.54,SPIRAL
9.0859,2.3660,-0.1036,0.1385,0.03180,0.40275,0.04450,-1.00,-9.41,-1.48,44.8,103.07,652.22,257.51,SPIRAL
9.0960,2.2760,-0.0936,0.1185,0.02880,0.40275,0.04450,-1.00,-9.53,-2.99,44.8,103.05,652.24,257.50,SPIRAL
9.1061,2.3660,-0.0236,0.0585,0.02980,0.40475,0.04550,-1.00,-9.41,-4.55,44.8,103.02,652.27,257.47,SPIRAL
9.1162,2.2660,0.1363,-0.1014,0.02380,0.39975,0.04950,-1.00,-9.04,-6.12,44.8,103.00,652.28,257.45,SPIRAL
9.1263,2.5160,-0.0336,0.4385,0.04780,0.41575,0.04450,-1.00,-8.43,-7.67,44.9,102.97,652.31,257.43,SPIRAL
9.1364,2.3860,0.3863,-0.1014,0.02380,0.40675,0.04850,-1.00,-7.56,-9.16,44.9,102.94,652.32,257.41,SPIRAL
9.1465,2.4060,-0.0236,0.0785,0.02080,0.40775,0.04150,-1.00,-6.45,-10.53,44.9,102.91,652.33,257.39,SPIRAL
9.1567,2.4560,0.0163,-0.1214,0.04280,0.41275,0.04650,-1.00,-5.11,-11.78,44.9,102.88,652.34,257.38,SPIRAL
9.1668,2.2860,0.0863,0.0785,0.02680,0.41475,0.04750,-1.00,-3.55,-12.84,44.9,102.84,652.34,257.35,SPIRAL
9.1769,2.3960,0.1163,-0.1814,0.02880,0.41375,0.04950,-1.00,-1.81,-13.69,44.9,102.81,652.34,257.34,SPIRAL
9.1871,2.4060,-0.0736,0.0185,0.03880,0.42375,0.04550,-1.00,0.09,-14.30,45.0,102.77,652.34,257.31,SPIRAL
9.1972,2.3960,0.2663,0.1985,0.03080,0.42375,0.04950,-1.00,2.11,-14.63,45.0,102.75,652.34,257.30,SPIRAL
9.2073,2.5160,0.2563,-0.3514,0.02780,0.42375,0.04750,-1.00,4.21,-14.68,45.0,102.71,652.32,257.28,SPIRAL
9.2175,2.3360,0.2363,0.0785,0.00780,0.42575,0.04550,-1.00,6.36,-14.43,45.0,102.67,652.31,257.25,SPIRAL
9.2276,2.5160,0.1463,0.0085,-0.00119,0.41875,0.04050,-1.00,8.50,-13.86,45.0,102.65,652.29,257.24,SPIRAL
9.2377,2.4860,0.1963,0.2185,-0.01119,0.43475,0.04150,-1.00,10.59,-12.98,45.1,102.63,652.28,257.22,SPIRAL
9.2478,2.3960,0.1763,0.2485,-0.03319,0.43675,0.03650,-1.00,12.59,-11.78,45.1,102.60,652.25,257.20,SPIRAL
9.2579,2.2960,0.5563,0.2585,-0.03119,0.44275,0.04550,-1.00,14.46,-10.28,45.1,102.58,652.22,257.18,SPIRAL
9.2680,2.3360,0.4063,0.4285,-0.03919,0.42575,0.04050,-1.00,16.14,-8.50,45.1,102.57,652.20,257.17,SPIRAL
9.2782,2.4260,0.0863,0.5985,-0.00619,0.44075,0.04250,-1.00,17.59,-6.45,45.1,102.55,652.17,257.14,SPIRAL
9.2883,2.3760,0.2263,0.3785,-0.01219,0.42575,0.04350,-1.00,18.78,-4.17,45.1,102.54,652.14,257.13,SPIRAL
9.2984,2.5760,0.5563,-0.0614,-0.02019,0.41875,0.04350,-1.00,19.66,-1.70,45.2,102.54,652.11,257.11,SPIRAL
9.3085,2.3460,-0.1436,0.4085,-0.01219,0.43775,0.03650,-1.00,20.21,0.93,45.2,102.54,652.09,257.09,SPIRAL
9.3186,2.3960,0.4663,0.3885,-0.03719,0.41875,0.04350,-1.00,20.40,3.67,45.2,102.54,652.05,257.07,SPIRAL
9.3288,2.5160,0.1463,0.2485,-0.00719,0.42275,0.03750,-1.00,20.22,6.47,45.2,102.54,652.03,257.06,SPIRAL
9.3389,2.2960,0.0763,0.6585,-0.02019,0.43275,0.03850,-1.00,19.65,9.28,45.2,102.55,652.00,257.04,SPIRAL
9.3490,2.4460,0.4363,0.3385,-0.02719,0.41775,0.04650,-1.00,18.68,12.05,45.2,102.56,651.98,257.02,SPIRAL
9.3591,2.2760,0.3663,0.4385,-0.01719,0.43875,0.04650,-1.00,17.32,14.72,45.3,102.58,651.95,257.00,SPIRAL
9.3693,2.4860,0.0863,0.5185,-0.01019,0.43275,0.04250,-1.00,15.59,17.23,45.3,102.59,651.94,256.99,SPIRAL
9.3794,2.4860,0.1863,0.4585,-0.02519,0.44375,0.04150,-1.00,13.49,19.53,45.3,102.62,651.92,256.97,SPIRAL
9.3895,2.5360,0.2363,0.4485,-0.02419,0.44375,0.03950,-1.00,11.06,21.56,45.3,102.63,651.91,256.96,SPIRAL
9.3996,2.4360,0.4363,0.5085,-0.02819,0.44975,0.03950,-1.00,8.32,23.29,45.3,102.66,651.89,256.94,SPIRAL
9.4097,2.6260,0.1563,0.4185,-0.00919,0.44075,0.04150,-1.00,5.33,24.67,45.3,102.69,651.89,256.92,SPIRAL
9.4199,2.4760,0.2263,0.2585,-0.00619,0.43975,0.04250,-1.00,2.12,25.65,45.4,102.71,651.88,256.91,SPIRAL
9.4300,2.4660,-0.0336,0.4185,-0.01219,0.44575,0.04050,-1.00,-1.24,26.21,45.4,102.74,651.89,256.89,SPIRAL
9.4401,2.2560,0.3963,0.2285,-0.03219,0.44375,0.04550,-1.00,-4.72,26.32,45.4,102.76,651.89,256.88,SPIRAL
9.4502,2.4360,0.2563,0.2885,-0.01719,0.43975,0.04050,-1.00,-8.26,25.97,45.4,102.79,651.90,256.86,SPIRAL
9.4603,2.5160,0.4363,-0.0514,-0.01719,0.44375,0.04350,-1.00,-11.75,25.14,45.4,102.81,651.91,256.85,SPIRAL
9.4704,2.5860,0.2463,0.5385,-0.00419,0.44575,0.04450,-1.00,-15.17,23.83,45.4,102.84,651.93,256.83,SPIRAL
9.4805,2.2760,0.4463,0.0985,-0.02819,0.43975,0.04350,-1.00,-18.44,22.06,45.5,102.85,651.94,256.82,SPIRAL
9.4906,2.4060,-0.1236,0.5785,-0.01319,0.45475,0.04550,-1.00,-21.51,19.84,45.5,102.87,651.97,256.80,SPIRAL
9.5008,2.4260,0.2863,0.4085,0.00780,0.46175,0.04450,-1.00,-24.30,17.19,45.5,102.88,651.98,256.79,SPIRAL
9.5109,2.5360,0.2363,0.3385,-0.00319,0.45675,0.04850,-1.00,-26.75,14.15,45.5,102.90,652.01,256.77,SPIRAL
9.5210,2.6160,0.0263,0.4385,0.01680,0.47175,0.04650,-1.00,-28.83,10.76,45.5,102.90,652.04,256.76,SPIRAL
9.5311,2.4460,0.3563,0.5685,0.01180,0.47875,0.04850,-1.00,-30.46,7.07,45.5,102.91,652.07,256.75,SPIRAL
9.5412,2.3760,0.3963,0.2085,0.00480,0.47775,0.04950,-1.00,-31.62,3.14,45.5,102.91,652.09,256.73,SPIRAL
9.5513,2.5560,-0.2136,0.7685,0.01680,0.48375,0.04650,-1.00,-32.27,-0.98,45.6,102.91,652.13,256.72,SPIRAL
9.5614,2.4560,-0.0236,0.3985,0.01780,0.47275,0.05050,-1.00,-32.37,-5.21,45.6,102.90,652.15,256.71,SPIRAL
9.5716,2.6560,-0.1436,0.1385,0.04580,0.48475,0.05050,-1.00,-31.92,-9.47,45.6,102.89,652.18,256.69,SPIRAL
9.5817,2.6160,-0.0536,-0.0714,0.04280,0.47875,0.04950,-1.00,-30.90,-13.70,45.6,102.87,652.21,256.67,SPIRAL
9.5918,2.6460,-0.5436,0.5085,0.05280,0.49575,0.04250,-1.00,-29.31,-17.81,45.6,102.85,652.23,256.66,SPIRAL
9.6019,2.6160,0.3863,-0.1714,0.03080,0.46775,0.04850,-1.00,-27.18,-21.74,45.6,102.83,652.26,256.65,SPIRAL
9.6122,2.5760,-0.1236,0.1385,0.02580,0.47375,0.04650,-1.00,-24.45,-25.49,45.6,102.81,652.28,256.64,SPIRAL
9.6223,2.6560,-0.0636,0.0585,0.03080,0.47175,0.04550,-1.00,-21.28,-28.82,45.7,102.78,652.30,256.62,SPIRAL
9.6324,2.6560,-0.2436,0.2185,0.03280,0.47175,0.04550,-1.00,-17.65,-31.75,45.7,102.76,652.31,256.61,SPIRAL
9.6426,2.6160,-0.1336,0.3085,0.02480,0.48075,0.04150,-1.00,-13.62,-34.23,45.7,102.72,652.33,256.59,SPIRAL
9.6527,2.7060,-0.1736,0.3585,0.04480,0.48975,0.03850,-1.00,-9.24,-36.18,45.7,102.70,652.33,256.58,SPIRAL
9.6628,2.6460,0.2763,-0.0814,0.02880,0.47275,0.04750,-1.00,-4.59,-37.57,45.7,102.66,652.34,256.56,SPIRAL
9.6729,2.8560,-0.0736,0.3285,0.01280,0.47175,0.03850,-1.00,0.26,-38.35,45.7,102.63,652.34,256.55,SPIRAL
9.6830,2.9060,0.1563,0.1385,0.03080,0.47775,0.04550,-1.00,5.23,-38.50,45.8,102.60,652.33,256.54,SPIRAL
9.6931,2.5860,0.1563,-0.0614,0.02480,0.49075,0.04450,-1.00,10.24,-38.01,45.8,102.57,652.33,256.52,SPIRAL
9.7032,2.7760,0.0963,0.1885,0.03180,0.49075,0.04150,-1.00,15.22,-36.85,45.8,102.53,652.32,256.51,SPIRAL
9.7133,2.6760,-0.0136,0.4285,0.02380,0.48875,0.04250,-1.00,20.07,-35.03,45.8,102.51,652.31,256.49,SPIRAL
9.7234,2.4860,0.6563,0.0785,-0.00019,0.49375,0.04950,-1.00,24.70,-32.58,45.8,102.48,652.29,256.48,SPIRAL
9.7335,2.6060,0.5363,0.0585,0.02080,0.48775,0.04650,-1.00,29.01,-29.51,45.8,102.46,652.27,256.47,SPIRAL
9.7437,2.7060,0.0663,0.2785,0.00280,0.49575,0.03850,-1.00,32.95,-25.87,45.8,102.43,652.24,256.45,SPIRAL
9.7538,2.8360,0.3463,-0.0514,-0.01219,0.48775,0.03850,-1.00,36.42,-21.71,45.9,102.41,652.21,256.43,SPIRAL
9.7639,2.8360,0.4663,0.0685,-0.02219,0.48075,0.03950,-1.00,39.38,-17.04,45.9,102.40,652.19,256.42,SPIRAL
9.7741,2.5560,0.6763,-0.0414,-0.03719,0.49275,0.03950,-1.00,41.72,-12.00,45.9,102.39,652.16,256.40,SPIRAL
9.7842,2.5460,0.2663,0.4585,-0.03519,0.49875,0.04150,-1.00,43.42,-6.63,45.9,102.38,652.14,256.39,SPIRAL
9.7943,2.7760,0.2063,0.4385,-0.01619,0.49475,0.03850,-1.00,44.42,-1.04,45.9,102.37,652.10,256.37,SPIRAL
9.8045,2.6860,-0.0936,0.4085,-0.02819,0.49275,0.03450,-1.00,44.69,4.70,45.9,102.37,652.08,256.36,SPIRAL
9.8146,2.8160,0.3563,0.3585,-0.02519,0.49475,0.03850,-1.00,44.22,10.48,45.9,102.38,652.04,256.34,SPIRAL
9.8247,2.7660,0.3763,0.0785,-0.05019,0.47675,0.04150,-1.00,42.99,16.22,45.9,102.38,652.02,256.33,SPIRAL
9.8348,2.9560,0.2563,0.2585,-0.02219,0.49275,0.03850,-1.00,41.02,21.81,46.0,102.39,651.99,256.31,SPIRAL
9.8449,2.6460,0.2463,0.4485,-0.02419,0.51275,0.04050,-1.00,38.32,27.15,46.0,102.40,651.97,256.30,SPIRAL
9.8550,2.8560,0.2863,0.0185,-0.01119,0.50575,0.03950,-1.00,34.91,32.16,46.0,102.42,651.94,256.28,SPIRAL
9.8651,2.9160,0.5563,-0.2014,-0.01719,0.49275,0.04450,-1.00,30.85,36.74,46.0,102.44,651.92,256.27,SPIRAL
9.8752,2.8660,0.4063,0.4185,-0.03219,0.49675,0.04250,-1.00,26.18,40.80,46.0,102.46,651.90,256.26,SPIRAL
9.8853,2.7360,0.1763,0.5985,-0.03619,0.50875,0.03750,-1.00,20.98,44.27,46.0,102.48,651.89,256.24,SPIRAL
9.8954,2.7360,0.2263,0.4685,-0.04219,0.51075,0.04050,-1.00,15.33,47.06,46.0,102.51,651.87,256.23,SPIRAL
9.9055,2.8260,0.1263,0.6985,-0.01619,0.51775,0.04250,-1.00,9.29,49.12,46.1,102.53,651.87,256.22,SPIRAL
9.9156,2.8060,0.2863,0.1885,-0.01219,0.51275,0.04250,-0.99,2.94,49.90,46.1,102.56,651.86,256.20,SPIRAL
9.9258,2.8560,0.3963,0.4385,-0.00419,0.52275,0.04250,-0.98,-3.46,49.87,46.1,102.59,651.86,256.18,SPIRAL
9.9359,2.7460,0.3863,0.5685,-0.01119,0.51875,0.04550,-0.97,-9.78,49.02,46.1,102.61,651.87,256.17,SPIRAL
9.9460,2.8760,0.2063,0.4485,-0.02819,0.50175,0.04350,-0.96,-15.94,47.38,46.1,102.64,651.88,256.16,SPIRAL
9.9561,2.9260,0.5563,0.1685,0.00080,0.50575,0.04050,-0.95,-21.87,44.95,46.1,102.66,651.88,256.15,SPIRAL
9.9662,2.7760,0.5163,0.5385,-0.02119,0.50875,0.04550,-0.94,-27.42,41.80,46.1,102.69,651.90,256.13,SPIRAL
9.9764,2.6560,0.2563,0.2285,-0.00919,0.51175,0.04150,-0.93,-32.53,37.96,46.1,102.71,651.91,256.12,SPIRAL
9.9865,2.9160,0.2563,0.4785,0.00980,0.50475,0.04250,-0.92,-37.11,33.50,46.2,102.73,651.94,256.11,SPIRAL
9.9966,2.9260,-0.0736,0.6285,0.00580,0.50875,0.04050,-0.92,-41.07,28.50,46.2,102.74,651.96,256.10,SPIRAL
10.0067,2.8060,0.1063,0.6585,0.00380,0.50275,0.04150,-0.91,-44.37,23.04,46.2,102.75,651.99,256.08,SPIRAL
10.0168,2.8560,0.2963,0.4285,0.01480,0.50675,0.04950,-0.90,-46.94,17.20,46.2,102.76,652.01,256.07,SPIRAL
10.0270,2.9360,0.1363,0.2485,0.02880,0.50675,0.05050,-0.89,-48.76,11.05,46.2,102.77,652.04,256.06,SPIRAL
10.0371,2.9460,-0.0636,0.2985,0.03180,0.52475,0.04850,-0.88,-49.76,4.76,46.2,102.77,652.06,256.05,SPIRAL
10.0472,2.8060,0.1063,0.2285,0.02480,0.51775,0.04650,-0.88,-49.97,-1.61,46.2,102.77,652.10,256.04,SPIRAL
10.0573,3.0860,0.3463,-0.0414,0.06580,0.53775,0.04850,-0.87,-49.35,-7.97,46.2,102.77,652.12,256.03,SPIRAL
10.0674,3.1060,-0.0736,0.2285,0.04380,0.52775,0.04450,-0.86,-47.94,-14.18,46.3,102.75,652.15,256.01,SPIRAL
10.0775,2.9160,0.1863,-0.3514,0.03780,0.52275,0.05050,-0.85,-45.74,-20.17,46.3,102.75,652.18,256.00,SPIRAL
10.0877,2.8860,-0.2136,0.2285,0.05980,0.53775,0.04150,-0.85,-42.79,-25.86,46.3,102.73,652.21,255.99,SPIRAL
10.0978,2.8660,-0.1636,0.5085,0.03480,0.53675,0.04450,-0.84,-39.15,-31.10,46.3,102.70,652.23,255.97,SPIRAL
10.1079,2.8060,-0.3336,0.2385,0.03880,0.54075,0.04250,-0.83,-34.88,-35.82,46.3,102.68,652.25,255.96,SPIRAL
10.1180,2.8460,-0.2536,0.8785,0.04380,0.53475,0.04050,-0.82,-30.04,-39.96,46.3,102.65,652.27,255.95,SPIRAL
10.1281,3.0760,0.2463,-0.2714,0.03580,0.52375,0.04750,-0.82,-24.72,-43.46,46.3,102.63,652.28,255.94,SPIRAL
10.1382,2.9460,0.1663,-0.0214,0.04680,0.52175,0.04550,-0.81,-19.00,-46.24,46.4,102.60,652.30,255.93,SPIRAL
10.1483,3.0260,0.0163,0.0885,0.02780,0.52275,0.04650,-0.80,-12.96,-48.28,46.4,102.57,652.31,255.92,SPIRAL
10.1584,2.8560,0.0763,-0.0314,0.01780,0.51575,0.04950,-0.80,-6.72,-49.54,46.4,102.54,652.31,255.90,SPIRAL
10.1685,3.0060,0.3463,0.0185,0.03680,0.52875,0.04950,-0.79,-0.36,-49.99,46.4,102.51,652.31,255.89,SPIRAL
10.1786,2.9460,-0.0536,0.0185,0.02780,0.51975,0.04650,-0.78,6.02,-49.63,46.4,102.47,652.31,255.87,SPIRAL
10.1888,3.0660,-0.1136,0.4785,0.04480,0.54375,0.04550,-0.78,12.29,-48.46,46.4,102.45,652.31,255.86,SPIRAL
10.1989,2.8260,0.4963,-0.2914,0.01880,0.52575,0.04550,-0.77,18.35,-46.50,46.4,102.41,652.29,255.85,SPIRAL
10.2090,3.1260,0.5063,-0.1114,0.01880,0.52475,0.04350,-0.77,24.12,-43.79,46.4,102.39,652.28,255.84,SPIRAL
10.2191,2.8460,0.2163,0.4385,0.01580,0.54675,0.03950,-0.76,29.51,-40.35,46.5,102.36,652.26,255.82,SPIRAL
10.2292,3.1860,0.0763,0.1285,0.03480,0.54275,0.03850,-0.75,34.40,-36.27,46.5,102.34,652.25,255.81,SPIRAL
10.2393,2.9560,0.2563,0.0385,0.00980,0.55175,0.04050,-0.75,38.74,-31.60,46.5,102.31,652.22,255.80,SPIRAL
10.2495,2.8460,0.3063,0.0685,-0.00519,0.54375,0.03450,-0.74,42.44,-26.42,46.5,102.30,652.21,255.79,SPIRAL
10.2596,3.0260,0.4563,-0.0414,-0.00719,0.54275,0.03850,-0.74,45.46,-20.81,46.5,102.28,652.17,255.77,SPIRAL
10.2697,2.8860,0.2263,0.2085,-0.01519,0.54375,0.03850,-0.73,47.73,-14.86,46.5,102.27,652.15,255.76,SPIRAL
10.2798,3.0460,0.0963,0.5285,-0.01419,0.55175,0.03850,-0.73,49.24,-8.67,46.5,102.26,652.12,255.74,SPIRAL
10.2899,2.9160,0.5963,-0.0414,-0.02119,0.54275,0.03750,-0.72,49.94,-2.32,46.6,102.25,652.08,255.73,SPIRAL
10.3000,3.0260,0.2163,0.2885,-0.02519,0.55475,0.03650,-0.72,49.83,4.05,46.6,102.25,652.06,255.72,SPIRAL
10.3102,2.7060,0.5263,0.2785,-0.04919,0.53775,0.04050,-0.71,48.91,10.35,46.6,102.25,652.02,255.70,SPIRAL
10.3203,3.1960,-0.0436,0.7885,-0.02019,0.55275,0.03450,-0.71,47.20,16.49,46.6,102.26,652.00,255.69,SPIRAL
10.3304,3.0460,0.4063,0.1985,-0.02819,0.54975,0.04150,-0.70,44.72,22.35,46.6,102.27,651.97,255.67,SPIRAL
10.3405,3.2160,0.2663,0.3485,-0.01319,0.55275,0.03950,-0.70,41.51,27.86,46.6,102.28,651.95,255.66,SPIRAL
10.3506,3.1160,0.5363,0.0585,-0.02819,0.55475,0.03750,-0.69,37.64,32.91,46.6,102.30,651.92,255.65,SPIRAL
10.3607,3.1760,0.1263,0.8685,-0.01819,0.56675,0.04150,-0.69,33.16,37.42,46.6,102.31,651.90,255.64,SPIRAL
10.3708,3.0860,0.3663,0.4985,-0.02819,0.55275,0.04050,-0.68,28.13,41.33,46.6,102.34,651.88,255.62,SPIRAL
10.3809,3.2460,0.1763,0.2885,-0.01519,0.56275,0.04250,-0.68,22.65,44.57,46.7,102.36,651.87,255.61,SPIRAL
10.3910,3.2960,0.1663,0.5985,-0.01419,0.56575,0.04150,-0.67,16.81,47.08,46.7,102.39,651.85,255.60,SPIRAL
10.4011,2.9060,0.3263,0.4685,-0.01419,0.56675,0.03850,-0.67,10.70,48.84,46.7,102.41,651.85,255.59,SPIRAL
10.4112,3.1260,0.1963,0.6085,-0.00019,0.58075,0.03950,-0.66,4.41,49.80,46.7,102.44,651.84,255.58,SPIRAL
10.4214,3.0560,0.3463,0.7385,-0.01019,0.56475,0.04550,-0.66,-1.97,49.96,46.7,102.46,651.84,255.57,SPIRAL
10.4315,2.8460,0.1563,0.5785,-0.02119,0.56775,0.04350,-0.65,-8.30,49.30,46.7,102.49,651.84,255.55,SPIRAL
10.4416,3.3260,0.0463,0.3385,0.00380,0.56175,0.04250,-0.65,-14.49,47.85,46.7,102.51,651.85,255.54,SPIRAL
10.4518,3.3460,0.0863,0.4985,0.00280,0.55575,0.03950,-0.65,-20.50,45.60,46.7,102.54,651.86,255.53,SPIRAL
10.4619,2.9860,0.1863,0.6185,0.00080,0.57675,0.04250,-0.64,-26.12,42.63,46.8,102.57,651.87,255.52,SPIRAL
10.4720,3.0860,0.5463,0.0585,-0.02319,0.54675,0.03950,-0.64,-31.34,38.95,46.8,102.59,651.89,255.51,SPIRAL
10.4821,3.0960,0.2263,0.5885,-0.00119,0.56575,0.03950,-0.63,-36.04,34.66,46.8,102.61,651.91,255.50,SPIRAL
10.4922,3.0760,0.3163,0.5585,-0.02219,0.54875,0.04150,-0.63,-40.14,29.80,46.8,102.62,651.93,255.49,SPIRAL
10.5023,3.3660,0.2263,0.4085,0.02280,0.55075,0.03950,-0.63,-43.60,24.47,46.8,102.64,651.96,255.47,SPIRAL
10.5124,3.0860,-0.0136,0.4985,0.00380,0.54575,0.04350,-0.62,-46.36,18.73,46.8,102.65,651.98,255.47,SPIRAL
10.5225,2.8960,0.1263,0.3385,0.01080,0.53175,0.04850,-0.62,-48.36,12.68,46.8,102.66,652.01,255.45,SPIRAL
10.5327,3.0260,-0.0436,0.4585,0.02880,0.54275,0.04550,-0.61,-49.58,6.43,46.8,102.66,652.04,255.45,SPIRAL
10.5428,2.9960,-0.1636,0.5085,0.03680,0.54775,0.04850,-0.61,-50.00,0.08,46.8,102.66,652.07,255.43,SPIRAL
10.5529,3.2460,-0.0536,0.2785,0.04380,0.54475,0.04450,-0.61,-49.60,-6.27,46.8,102.66,652.09,255.43,SPIRAL
10.5630,2.9360,0.0163,0.2185,0.03980,0.56475,0.04750,-0.60,-48.41,-12.49,46.9,102.65,652.13,255.41,SPIRAL
10.5731,3.1360,0.0463,0.2685,0.04480,0.57875,0.04350,-0.60,-46.43,-18.54,46.9,102.64,652.15,255.41,SPIRAL
10.5832,3.0260,0.2163,0.0185,0.02980,0.58075,0.04450,-0.60,-43.70,-24.30,46.9,102.62,652.18,255.39,SPIRAL
10.5933,3.0060,0.0263,0.0085,0.03280,0.57175,0.04250,-0.59,-40.26,-29.65,46.9,102.61,652.20,255.39,SPIRAL
10.6034,3.2460,0.1563,0.1085,0.04980,0.57475,0.04550,-0.59,-36.16,-34.52,46.9,102.58,652.23,255.37,SPIRAL
10.6135,3.2060,0.0863,0.2085,0.05680,0.57975,0.04550,-0.58,-31.49,-38.83,46.9,102.56,652.24,255.36,SPIRAL
10.6236,3.1560,-0.1936,0.4085,0.05280,0.57875,0.04150,-0.58,-26.30,-42.52,46.9,102.53,652.26,255.35,SPIRAL
10.6338,3.1360,-0.2736,0.3185,0.02680,0.56375,0.04150,-0.58,-20.69,-45.52,46.9,102.50,652.28,255.34,SPIRAL
10.6438,3.1860,0.3563,0.1685,0.03380,0.57175,0.04650,-0.57,-14.75,-47.77,47.0,102.47,652.29,255.33,SPIRAL
10.6540,3.1860,0.0563,0.3185,0.02580,0.56975,0.04150,-0.57,-8.56,-49.26,47.0,102.44,652.29,255.32,SPIRAL
10.6641,3.1360,-0.1436,0.1985,0.03080,0.57475,0.04550,-0.57,-2.23,-49.95,47.0,102.41,652.30,255.31,SPIRAL
10.6742,2.9760,0.0263,0.3885,0.01280,0.58275,0.04350,-0.56,4.11,-49.83,47.0,102.37,652.29,255.30,SPIRAL
10.6844,3.2060,-0.1636,0.3085,0.03480,0.57975,0.03950,-0.56,10.46,-48.89,47.0,102.35,652.29,255.29,SPIRAL
10.6945,3.0460,0.1363,0.0385,0.01780,0.57875,0.04150,-0.56,16.58,-47.17,47.0,102.31,652.28,255.27,SPIRAL
10.7046,3.4460,-0.2336,0.2585,0.01380,0.57675,0.04050,-0.55,22.43,-44.68,47.0,102.29,652.27,255.27,SPIRAL
10.7147,3.1460,0.4263,0.0285,0.00680,0.57275,0.03950,-0.55,27.92,-41.48,47.0,102.26,652.25,255.25,SPIRAL
10.7248,3.1560,0.1663,0.0185,0.02880,0.59775,0.03650,-0.55,32.96,-37.60,47.0,102.24,652.24,255.24,SPIRAL
10.7349,3.1560,0.2563,0.1985,0.01180,0.60175,0.04050,-0.55,37.46,-33.12,47.1,102.21,652.22,255.23,SPIRAL
10.7449,3.3660,0.3663,-0.0814,0.00580,0.57975,0.03750,-0.54,41.34,-28.12,47.1,102.19,652.20,255.22,SPIRAL
10.7551,3.2460,0.0263,0.2385,0.00280,0.59375,0.03650,-0.54,44.58,-22.63,47.1,102.17,652.17,255.21,SPIRAL
10.7652,3.2660,0.3263,0.2685,0.00680,0.59175,0.03850,-0.54,47.09,-16.79,47.1,102.16,652.15,255.20,SPIRAL
10.7753,3.3660,0.0063,0.2285,-0.00719,0.58475,0.03150,-0.53,48.84,-10.67,47.1,102.15,652.11,255.18,SPIRAL
10.7855,3.3860,0.7863,-0.2114,-0.01419,0.58175,0.03550,-0.53,49.81,-4.35,47.1,102.14,652.09,255.17,SPIRAL
10.7956,3.3260,0.4963,-0.1914,-0.02019,0.58375,0.03550,-0.53,49.96,2.02,47.1,102.14,652.05,255.16,SPIRAL
10.8057,3.4060,0.5563,0.0785,-0.01819,0.59775,0.03550,-0.53,49.30,8.35,47.1,102.14,652.03,255.15,SPIRAL
10.8158,3.2660,0.5063,0.3285,-0.03819,0.59875,0.03550,-0.52,47.84,14.53,47.1,102.15,652.00,255.14,SPIRAL
10.8260,3.3360,0.4263,0.2185,-0.02419,0.58975,0.04150,-0.52,45.60,20.51,47.2,102.16,651.96,255.12,SPIRAL
10.8361,3.3360,0.1663,0.5685,-0.02619,0.60075,0.03150,-0.52,42.62,26.14,47.2,102.17,651.94,255.12,SPIRAL
10.8462,3.2260,0.5463,0.3285,-0.03919,0.59075,0.04150,-0.51,38.96,31.34,47.2,102.19,651.91,255.10,SPIRAL
10.8563,3.5060,0.5463,0.2985,-0.01219,0.60675,0.04450,-0.51,34.66,36.04,47.2,102.20,651.90,255.09,SPIRAL
10.8664,3.2660,0.4763,0.5485,-0.01519,0.61375,0.04250,-0.51,29.81,40.14,47.2,102.23,651.88,255.08,SPIRAL
10.8765,3.3060,0.5663,0.2585,-0.02719,0.61475,0.03950,-0.51,24.47,43.60,47.2,102.24,651.86,255.07,SPIRAL
10.8867,3.4360,0.2063,0.4085,-0.00919,0.61975,0.03850,-0.50,18.74,46.35,47.2,102.27,651.85,255.06,SPIRAL
10.8968,3.3060,-0.0136,0.9985,-0.00919,0.62875,0.03550,-0.50,12.70,48.36,47.2,102.29,651.84,255.05,SPIRAL
10.9069,3.5260,0.1763,0.3985,-0.02119,0.61075,0.03550,-0.50,6.47,49.58,47.2,102.32,651.83,255.04,SPIRAL
10.9170,3.3960,0.1463,0.4485,-0.01319,0.62175,0.04050,-0.50,0.14,50.00,47.2,102.35,651.83,255.03,SPIRAL
10.9271,3.4060,0.1163,0.6485,-0.01919,0.61575,0.03650,-0.49,-6.20,49.61,47.2,102.38,651.83,255.02,SPIRAL
10.9372,3.5360,0.3063,0.6985,-0.00719,0.62675,0.03750,-0.49,-12.45,48.42,47.3,102.40,651.83,255.01,SPIRAL
10.9473,3.3960,0.2363,0.5085,-0.02219,0.60875,0.03950,-0.49,-18.50,46.45,47.3,102.43,651.85,255.00,SPIRAL
10.9574,3.1660,0.4963,0.4485,-0.01219,0.61575,0.04450,-0.49,-24.24,43.73,47.3,102.45,651.85,254.99,SPIRAL
10.9675,3.4860,0.3763,0.6185,0.00280,0.61475,0.04250,-0.46,-28.40,41.15,47.3,102.48,651.87,254.98,SPIRAL
10.9776,3.0960,0.1363,0.8285,-0.00619,0.61575,0.04350,-0.48,-34.48,36.21,47.3,102.49,651.89,254.98,SPIRAL
10.9878,3.2060,-0.0036,0.6985,-0.01119,0.60175,0.04350,-0.48,-38.81,31.52,47.3,102.51,651.91,254.97,SPIRAL
10.9979,3.2860,0.1363,0.6385,-0.00119,0.60375,0.04350,-0.48,-42.51,26.32,47.3,102.53,651.94,254.96,SPIRAL
11.0081,3.2560,0.1463,0.8785,0.00980,0.61375,0.04450,-0.47,-45.51,20.71,47.3,102.54,651.96,254.95,SPIRAL
11.0182,3.2460,0.0863,0.7285,0.00580,0.59575,0.04350,-0.47,-47.78,14.74,47.3,102.55,652.00,254.94,SPIRAL
11.0283,3.3560,0.2663,0.1585,0.00380,0.58575,0.04850,-0.47,-49.26,8.56,47.3,102.55,652.02,254.93,SPIRAL
11.0384,3.2860,0.1963,0.0185,0.01680,0.58275,0.04350,-0.47,-49.95,2.24,47.4,102.55,652.05,254.92,SPIRAL
11.0485,3.1260,0.1963,0.1085,0.02180,0.58875,0.04650,-0.47,-49.83,-4.10,47.4,102.55,652.08,254.92,SPIRAL
11.0587,3.4260,-0.0136,0.0485,0.06480,0.59275,0.04350,-0.46,-48.90,-10.42,47.4,102.54,652.11,254.91,SPIRAL
11.0688,3.3660,-0.1436,0.5285,0.05180,0.59575,0.04050,-0.46,-47.18,-16.54,47.4,102.54,652.13,254.90,SPIRAL
11.0789,3.2260,-0.0736,0.3385,0.04380,0.59675,0.04250,-0.46,-44.70,-22.41,47.4,102.52,652.17,254.89,SPIRAL
11.0890,3.3860,-0.0136,0.2085,0.04480,0.59475,0.04750,-0.46,-41.49,-27.89,47.4,102.51,652.19,254.88,SPIRAL
11.0992,3.2560,0.1163,0.1185,0.03880,0.60075,0.04550,-0.45,-37.61,-32.94,47.4,102.48,652.21,254.87,SPIRAL
11.1093,3.2660,-0.0636,0.4185,0.04680,0.60875,0.04650,-0.45,-33.13,-37.45,47.4,102.46,652.23,254.87,SPIRAL
11.1194,3.1860,0.0263,0.0385,0.03180,0.60875,0.04450,-0.45,-28.08,-41.37,47.4,102.43,652.25,254.86,SPIRAL
11.1296,3.3760,0.1063,0.2485,0.02780,0.61375,0.04250,-0.45,-22.59,-44.60,47.4,102.40,652.27,254.84,SPIRAL
11.1397,3.2860,0.2363,0.2085,0.02880,0.61975,0.04150,-0.45,-16.75,-47.11,47.4,102.38,652.28,254.84,SPIRAL
11.1498,3.4360,0.0563,0.0785,0.02980,0.61175,0.04250,-0.44,-10.65,-48.85,47.5,102.34,652.29,254.83,SPIRAL
11.1599,3.2060,0.0963,0.3485,0.02780,0.63175,0.03950,-0.44,-4.37,-49.81,47.5,102.32,652.29,254.82,SPIRAL
11.1700,3.3560,0.2263,0.0285,0.04380,0.62975,0.04250,-0.44,1.98,-49.96,47.5,102.28,652.29,254.81,SPIRAL
11.1801,3.4660,0.2463,0.2385,0.02980,0.61475,0.04150,-0.44,8.29,-49.31,47.5,102.25,652.29,254.80,SPIRAL
11.1902,3.3160,-0.0036,-0.0214,0.02580,0.62375,0.04150,-0.44,14.47,-47.86,47.5,102.22,652.28,254.79,SPIRAL
11.2003,3.4560,-0.1936,0.2885,0.04580,0.62875,0.04350,-0.43,20.43,-45.63,47.5,102.19,652.27,254.78,SPIRAL
11.2104,3.4660,0.0963,0.1185,0.03080,0.62275,0.04250,-0.43,26.07,-42.67,47.5,102.16,652.25,254.77,SPIRAL
11.2205,3.3160,0.2463,0.3585,0.03380,0.63175,0.04450,-0.43,31.27,-39.01,47.5,102.14,652.24,254.76,SPIRAL
11.2307,3.6560,0.0163,0.0885,0.04080,0.63075,0.03950,-0.43,35.98,-34.72,47.5,102.11,652.22,254.75,SPIRAL
11.2408,3.5160,0.0763,0.1685,0.01580,0.63275,0.03950,-0.43,40.10,-29.86,47.5,102.09,652.20,254.74,SPIRAL
11.2510,3.4060,0.4263,0.2685,-0.00519,0.63475,0.03850,-0.43,43.59,-24.49,47.6,102.07,652.17,254.73,SPIRAL
11.2611,3.3160,0.3063,0.3785,-0.00719,0.64675,0.03850,-0.42,46.35,-18.75,47.6,102.06,652.15,254.73,SPIRAL
11.2713,3.6160,0.0063,0.4485,-0.01619,0.63175,0.02850,-0.42,48.36,-12.70,47.6,102.05,652.12,254.71,SPIRAL
11.2814,3.4460,0.3763,0.3385,-0.02419,0.63475,0.03550,-0.42,49.58,-6.47,47.6,102.04,652.09,254.71,SPIRAL
11.2915,3.4960,0.4463,0.3485,-0.01919,0.63375,0.03850,-0.42,50.00,-0.13,47.6,102.04,652.06,254.69,SPIRAL
11.3016,3.3760,0.3763,0.5885,-0.03119,0.62675,0.03550,-0.42,49.61,6.21,47.6,102.04,652.03,254.69,SPIRAL
11.3117,3.5360,0.0763,0.5685,-0.02819,0.63275,0.03650,-0.41,48.42,12.45,47.6,102.04,652.00,254.68,SPIRAL
11.3218,3.5560,0.2863,0.5285,-0.02019,0.63775,0.03550,-0.41,46.45,18.49,47.6,102.05,651.97,254.66,SPIRAL
11.3319,3.5560,0.6063,0.4185,-0.02919,0.63475,0.03850,-0.41,43.74,24.23,47.6,102.06,651.95,254.66,SPIRAL
11.3420,3.5760,0.7063,0.1385,-0.02319,0.64075,0.04250,-0.41,40.30,29.59,47.6,102.08,651.92,254.65,SPIRAL
11.3522,3.6560,0.4363,0.2285,-0.03019,0.64175,0.03850,-0.41,36.21,34.47,47.6,102.09,651.90,254.64,SPIRAL
11.3623,3.7260,0.7363,0.2885,-0.02319,0.65675,0.04350,-0.41,31.54,38.79,47.6,102.11,651.88,254.63,SPIRAL
11.3724,3.5860,0.6863,0.2285,-0.01519,0.65775,0.03850,-0.40,26.37,42.48,47.7,102.13,651.86,254.62,SPIRAL
11.3825,3.6360,0.1563,0.6985,-0.01319,0.66175,0.03750,-0.40,20.77,45.48,47.7,102.16,651.85,254.61,SPIRAL
11.3926,3.6260,0.3963,0.4985,-0.00819,0.66275,0.03850,-0.40,14.83,47.75,47.7,102.18,651.84,254.60,SPIRAL
11.4027,3.6160,0.4163,0.4385,-0.01319,0.64975,0.03850,-0.40,8.67,49.24,47.7,102.21,651.83,254.59,SPIRAL
11.4129,3.6960,0.1963,0.5085,-0.00719,0.65575,0.03750,-0.40,2.31,49.95,47.7,102.23,651.83,254.59,SPIRAL
11.4230,3.4260,0.3963,0.4985,-0.01819,0.65875,0.04050,-0.40,-5.62,49.68,47.7,102.27,651.83,254.58,SPIRAL
11.4331,3.5860,0.5163,0.3285,-0.01119,0.64775,0.04550,-0.40,-11.86,48.57,47.7,102.29,651.83,254.57,SPIRAL
11.4432,3.3160,0.1063,0.7485,-0.01019,0.66075,0.04350,-0.40,-17.92,46.68,47.7,102.32,651.84,254.56,SPIRAL
11.4533,3.6160,0.3963,0.3985,-0.01519,0.64375,0.04350,-0.40,-23.71,44.02,47.7,102.34,651.85,254.55,SPIRAL
11.4634,3.7260,0.1563,0.4685,-0.00919,0.63975,0.03750,-0.40,-29.09,40.66,47.7,102.37,651.87,254.55,SPIRAL
11.4735,3.5560,0.4163,0.6085,-0.01619,0.64475,0.03650,-0.40,-34.01,36.65,47.7,102.38,651.88,254.54,SPIRAL
11.4836,3.5260,0.4463,0.5385,-0.00819,0.64975,0.03750,-0.40,-38.37,32.05,47.7,102.40,651.90,254.53,SPIRAL
11.4938,3.5260,0.1963,0.1685,-0.01219,0.63975,0.04050,-0.40,-42.13,26.93,47.7,102.42,651.92,254.53,SPIRAL
11.5039,3.3460,0.2963,0.2285,-0.00119,0.63975,0.04050,-0.40,-45.20,21.37,47.8,102.43,651.95,254.52,SPIRAL
11.5140,3.4060,-0.1536,0.7785,-0.00819,0.63675,0.04050,-0.40,-47.54,15.48,47.8,102.44,651.98,254.51,SPIRAL
11.5241,3.5860,0.1163,0.6585,0.01380,0.63575,0.03850,-0.40,-49.12,9.32,47.8,102.44,652.01,254.50,SPIRAL
11.5342,3.4860,0.2863,0.2985,0.00880,0.61175,0.04850,-0.40,-49.91,3.01,47.8,102.45,652.04,254.50,SPIRAL
11.5444,3.5060,0.0863,0.4885,0.02380,0.62675,0.04450,-0.40,-49.89,-3.36,47.8,102.44,652.06,254.49,SPIRAL
11.5545,3.6960,0.2863,0.1585,0.05780,0.62575,0.04150,-0.40,-49.05,-9.68,47.8,102.44,652.10,254.48,SPIRAL
11.5646,3.4260,0.1363,0.3085,0.03180,0.62075,0.04250,-0.40,-47.43,-15.81,47.8,102.43,652.12,254.48,SPIRAL
11.5747,3.3560,-0.1136,0.4785,0.02980,0.62475,0.04250,-0.40,-45.05,-21.68,47.8,102.41,652.15,254.47,SPIRAL
11.5849,3.5360,0.1063,-0.0914,0.04180,0.62175,0.04150,-0.40,-41.93,-27.24,47.8,102.40,652.17,254.46,SPIRAL
11.5950,3.1760,-0.1936,0.2585,0.04080,0.62575,0.04150,-0.40,-38.14,-32.33,47.8,102.38,652.20,254.45,SPIRAL
11.6051,3.4560,0.2463,0.0385,0.04080,0.62575,0.04150,-0.40,-33.71,-36.93,47.8,102.36,652.22,254.45,SPIRAL
11.6153,3.5360,-0.0236,0.2785,0.03580,0.62375,0.04050,-0.40,-28.76,-40.90,47.8,102.33,652.24,254.44,SPIRAL
11.6254,3.4460,0.0363,0.1185,0.02980,0.62375,0.04250,-0.40,-23.35,-44.21,47.8,102.31,652.25,254.44,SPIRAL
11.6355,3.5760,0.1363,0.2385,0.06180,0.64775,0.04050,-0.40,-17.56,-46.81,47.9,102.27,652.26,254.43,SPIRAL
11.6456,3.4960,0.1963,0.2085,0.02080,0.62975,0.04350,-0.40,-11.49,-48.66,47.9,102.25,652.27,254.42,SPIRAL
11.6557,3.6560,0.0863,0.2085,0.03180,0.63775,0.03950,-0.40,-5.21,-49.73,47.9,102.21,652.27,254.41,SPIRAL
11.6658,3.7060,-0.1036,0.3185,0.04980,0.64975,0.03950,-0.40,1.12,-49.99,47.9,102.18,652.27,254.40,SPIRAL
11.6759,3.4360,-0.3736,0.4385,0.03680,0.67175,0.03650,-0.40,7.45,-49.44,47.9,102.15,652.27,254.40,SPIRAL
11.6861,3.5760,0.0363,0.3985,0.02780,0.65775,0.04150,-0.40,13.67,-48.09,47.9,102.12,652.26,254.39,SPIRAL
11.6962,3.5560,0.0863,0.2685,0.02580,0.65775,0.04050,-0.40,19.65,-45.98,47.9,102.09,652.25,254.38,SPIRAL
11.7063,3.6360,0.3763,0.1385,0.01080,0.63975,0.04450,-0.40,25.31,-43.12,47.9,102.06,652.23,254.37,SPIRAL
11.7164,3.6160,-0.0636,0.3385,0.04080,0.66475,0.03750,-0.40,30.58,-39.56,47.9,102.04,652.22,254.36,SPIRAL
11.7265,3.5560,0.2763,0.3085,0.01780,0.65875,0.03850,-0.40,35.36,-35.35,47.9,102.01,652.20,254.35,SPIRAL
11.7367,3.5060,0.0163,0.5085,0.02680,0.67275,0.03650,-0.40,39.56,-30.58,47.9,101.99,652.18,254.35,SPIRAL
11.7468,3.6460,0.2663,0.3885,0.01780,0.67175,0.03750,-0.40,43.11,-25.32,47.9,101.97,652.15,254.34,SPIRAL
11.7570,3.6960,0.2763,0.2585,-0.00319,0.65875,0.03850,-0.40,46.00,-19.58,48.0,101.96,652.13,254.33,SPIRAL
11.7671,3.5260,0.4963,0.1085,-0.00619,0.66075,0.03550,-0.40,48.11,-13.59,48.0,101.95,652.09,254.32,SPIRAL
11.7772,3.7460,0.0363,0.2585,0.00580,0.66375,0.03450,-0.40,49.45,-7.39,48.0,101.94,652.07,254.31,SPIRAL
11.7874,3.7360,0.2763,0.3585,-0.00119,0.67175,0.03350,-0.40,49.99,-1.04,48.0,101.94,652.03,254.30,SPIRAL
11.7975,3.6060,0.4963,0.6785,-0.02219,0.66975,0.03550,-0.40,49.72,5.30,48.0,101.94,652.01,254.30,SPIRAL
11.8076,3.8460,0.4263,0.2985,-0.01219,0.67575,0.03550,-0.40,48.64,11.56,48.0,101.94,651.97,254.29,SPIRAL
11.8177,3.8960,0.4163,0.3585,-0.01519,0.66775,0.03750,-0.40,46.78,17.66,48.0,101.95,651.94,254.28,SPIRAL
11.8278,3.8360,0.2763,0.4385,-0.02819,0.67075,0.03450,-0.40,44.17,23.44,48.0,101.96,651.92,254.27,SPIRAL
11.8380,3.6960,0.3363,0.5585,-0.02019,0.69375,0.03950,-0.40,40.84,28.85,48.0,101.98,651.89,254.26,SPIRAL
11.8481,3.6560,0.1463,0.5985,-0.02919,0.68475,0.03550,-0.40,36.86,33.79,48.0,101.99,651.87,254.26,SPIRAL
11.8582,3.5060,0.8163,0.4085,-0.04219,0.69175,0.04150,-0.40,32.27,38.19,48.0,102.01,651.84,254.25,SPIRAL
11.8683,4.1560,0.2663,0.5585,-0.02019,0.68375,0.03450,-0.40,27.19,41.96,48.0,102.03,651.83,254.24,SPIRAL
11.8784,3.8060,0.4163,0.4085,-0.00319,0.70075,0.03750,-0.40,21.66,45.06,48.0,102.06,651.81,254.23,SPIRAL
11.8885,3.7660,0.3863,0.5485,-0.00719,0.69275,0.03650,-0.40,15.79,47.44,48.0,102.08,651.80,254.23,SPIRAL
11.8986,3.5760,-0.3036,1.0085,-0.02919,0.70075,0.03550,-0.40,9.66,49.06,48.1,102.11,651.79,254.22,SPIRAL
11.9087,3.7260,0.1363,1.1285,-0.01419,0.70275,0.03450,-0.40,3.36,49.89,48.1,102.14,651.79,254.21,SPIRAL
11.9189,3.7760,0.4063,0.5385,-0.01019,0.68575,0.03950,-0.40,-3.06,49.90,48.1,102.17,651.79,254.20,SPIRAL
11.9289,3.6260,0.4263,0.6685,-0.01019,0.67975,0.04150,-0.40,-9.32,49.12,48.1,102.19,651.79,254.20,SPIRAL
11.9391,3.7160,0.3663,0.4885,-0.00219,0.68175,0.04250,-0.40,-15.49,47.54,48.1,102.22,651.80,254.19,SPIRAL
11.9492,3.7060,0.1363,0.4485,-0.00519,0.67275,0.04050,-0.40,-21.38,45.20,48.1,102.24,651.80,254.19,SPIRAL
11.9593,3.5260,0.1963,0.5285,-0.01319,0.67175,0.04150,-0.40,-26.94,42.12,48.1,102.27,651.82,254.18,SPIRAL
11.9694,3.6660,0.2963,0.4285,-0.01919,0.66875,0.03750,-0.40,-32.07,38.36,48.1,102.29,651.83,254.17,SPIRAL
11.9795,3.6060,0.3263,0.5585,-0.01019,0.66775,0.03950,-0.40,-36.67,33.99,48.1,102.31,651.85,254.17,SPIRAL
11.9897,3.8160,-0.0336,0.7085,0.00280,0.66475,0.03850,-0.40,-40.69,29.06,48.1,102.33,651.87,254.16,SPIRAL
11.9998,3.5460,0.1863,0.5585,-0.01219,0.66975,0.04150,-0.40,-44.04,23.67,48.1,102.35,651.90,254.15,SPIRAL
12.0099,3.6660,-0.0236,0.7385,0.01980,0.67175,0.04050,-0.40,-46.68,17.90,48.1,102.36,651.93,254.15,SPIRAL
12.0200,3.7860,0.1563,0.8185,0.02280,0.67375,0.04250,-0.40,-48.57,11.86,48.1,102.36,651.95,254.14,SPIRAL
12.0301,3.3860,0.2363,0.5985,0.02080,0.67175,0.04650,-0.40,-49.68,5.61,48.1,102.36,651.99,254.14,SPIRAL
12.0402,3.7760,-0.3836,0.9085,0.05080,0.67475,0.04150,-0.40,-49.99,-0.74,48.1,102.36,652.01,254.13,SPIRAL
12.0503,3.5960,-0.1636,0.7385,0.04080,0.67475,0.04450,-0.40,-49.50,-7.06,48.1,102.36,652.04,254.13,SPIRAL
12.0604,3.6060,-0.0736,0.1785,0.04780,0.65575,0.04550,-0.40,-48.20,-13.28,48.2,102.35,652.07,254.12,SPIRAL
12.0705,3.7560,-0.2536,0.4285,0.06980,0.66475,0.04350,-0.40,-46.13,-19.28,48.2,102.34,652.10,254.11,SPIRAL
12.0806,3.4460,0.1163,0.2685,0.06280,0.66475,0.04450,-0.40,-43.32,-24.97,48.2,102.33,652.12,254.11,SPIRAL
12.0907,3.6360,0.1263,0.2585,0.04980,0.65775,0.04250,-0.40,-39.81,-30.26,48.2,102.31,652.15,254.10,SPIRAL
12.1008,3.5260,-0.1736,0.4085,0.03280,0.65775,0.04050,-0.40,-35.65,-35.05,48.2,102.29,652.16,254.10,SPIRAL
12.1110,3.5460,0.0963,0.2885,0.04280,0.65275,0.04350,-0.40,-30.92,-39.29,48.2,102.26,652.19,254.09,SPIRAL
12.1211,3.2460,-0.2036,0.5685,0.01280,0.66675,0.03850,-0.40,-25.67,-42.90,48.2,102.24,652.20,254.09,SPIRAL
12.1312,3.5260,-0.2136,0.4585,0.03080,0.66575,0.03950,-0.40,-20.02,-45.82,48.2,102.21,652.21,254.08,SPIRAL
12.1414,3.5260,0.0363,0.2985,0.02980,0.67275,0.04150,-0.40,-14.04,-47.99,48.2,102.18,652.22,254.07,SPIRAL
12.1515,3.7660,0.5863,-0.0714,0.03780,0.67075,0.04150,-0.40,-7.83,-49.38,48.2,102.15,652.23,254.07,SPIRAL
12.1616,3.9160,-0.1136,0.2785,0.04980,0.67675,0.03750,-0.40,-1.51,-49.98,48.2,102.12,652.23,254.06,SPIRAL
12.1717,3.6960,0.0063,0.3785,0.03080,0.68575,0.03650,-0.40,4.84,-49.76,48.2,102.09,652.23,254.05,SPIRAL
12.1819,3.7260,-0.0536,0.4285,0.02380,0.68075,0.03350,-0.40,11.12,-48.75,48.2,102.05,652.22,254.05,SPIRAL
12.1920,3.6360,0.0863,0.2785,0.02680,0.68675,0.03650,-0.40,17.20,-46.95,48.2,102.03,652.21,254.04,SPIRAL
12.2021,3.7660,-0.0336,0.3885,0.03080,0.69675,0.03850,-0.40,23.01,-44.39,48.3,101.99,652.20,254.03,SPIRAL
12.2122,3.7260,0.0263,0.3285,0.04180,0.69375,0.03950,-0.40,28.44,-41.12,48.3,101.97,652.18,254.03,SPIRAL
12.2223,3.8160,0.3363,0.2985,0.03280,0.69375,0.03850,-0.40,33.43,-37.18,48.3,101.94,652.16,254.02,SPIRAL
12.2324,3.7560,0.2563,0.5485,0.00580,0.69375,0.03650,-0.40,37.87,-32.64,48.3,101.93,652.14,254.01,SPIRAL
12.2425,3.7760,0.0963,0.5185,0.02080,0.69275,0.03750,-0.40,41.70,-27.58,48.3,101.90,652.11,254.00,SPIRAL
12.2527,3.9660,-0.0636,0.5185,0.03480,0.70175,0.03350,-0.40,44.87,-22.06,48.3,101.89,652.09,254.00,SPIRAL
12.2628,3.7560,-0.1636,0.5885,0.00280,0.70775,0.03250,-0.40,47.30,-16.19,48.3,101.88,652.06,253.99,SPIRAL
