time,fx,fy,fz,tx,ty,tz,vx,vy,vz,travel_mm,pos_x,pos_y,pos_z,phase
0.0000,-0.0815,0.0561,-0.0826,-0.00406,0.00048,0.00430,-5.00,0.00,0.00,0.0,125.69,633.23,302.41,DESCEND
0.0101,-0.0915,0.3761,-0.3526,-0.00506,-0.00851,0.00330,-5.00,0.00,0.00,0.0,125.69,633.23,302.41,DESCEND
0.0202,0.0884,0.3861,-0.4126,0.01693,0.01048,0.00030,-5.00,0.00,0.00,0.0,125.69,633.23,302.41,DESCEND
0.0303,0.3084,0.2361,-0.0526,0.00793,-0.01251,0.00030,-5.00,0.00,0.00,0.0,125.69,633.23,302.40,DESCEND
0.0404,-0.1215,0.6461,-0.6526,0.00893,-0.00151,0.00330,-5.00,0.00,0.00,0.0,125.69,633.23,302.39,DESCEND
0.0506,-0.0815,0.2161,-0.2826,-0.00106,-0.00451,-0.00069,-5.00,0.00,0.00,0.0,125.69,633.23,302.37,DESCEND
0.0607,0.0784,-0.0438,0.0073,0.00193,-0.00551,0.00030,-5.00,0.00,0.00,0.1,125.69,633.23,302.36,DESCEND
0.0708,-0.0115,0.3961,-0.3526,-0.00906,-0.00851,0.00230,-5.00,0.00,0.00,0.1,125.69,633.23,302.33,DESCEND
0.0809,0.0184,0.1761,-0.3726,-0.00806,-0.00851,-0.00069,-5.00,0.00,0.00,0.1,125.69,633.23,302.31,DESCEND
0.0910,0.0884,0.2961,-0.2326,0.00793,0.00248,0.00230,-5.00,0.00,0.00,0.1,125.69,633.24,302.27,DESCEND
0.1011,-0.0915,0.2961,0.0273,-0.00306,0.00248,0.00030,-5.00,0.00,0.00,0.2,125.69,633.24,302.25,DESCEND
0.1111,0.0684,-0.0238,-0.1626,0.01093,0.00348,-0.00069,-5.00,0.00,0.00,0.2,125.69,633.24,302.20,DESCEND
0.1212,0.0584,-0.0238,-0.1626,0.01093,-0.00651,0.00230,-5.00,0.00,0.00,0.2,125.69,633.24,302.17,DESCEND
0.1313,0.0484,0.0461,-0.0026,-0.01206,-0.01051,0.00030,-5.00,0.00,0.00,0.3,125.69,633.24,302.12,DESCEND
0.1414,0.2784,0.0261,-0.0226,0.02693,0.01648,0.00030,-5.00,0.00,0.00,0.3,125.69,633.24,302.08,DESCEND
0.1515,0.2384,0.3361,-0.2626,0.01193,0.00448,0.00230,-5.00,0.00,0.00,0.4,125.69,633.25,302.02,DESCEND
0.1616,0.2284,0.1561,-0.3326,0.00693,0.01148,-0.00069,-5.00,0.00,0.00,0.5,125.69,633.25,301.96,DESCEND
0.1717,-0.0415,0.5161,-0.2326,-0.02006,-0.00051,-0.00069,-5.00,0.00,0.00,0.5,125.69,633.25,301.92,DESCEND
0.1818,0.0084,0.2261,-0.2026,-0.01906,-0.01451,0.00530,-5.00,0.00,0.00,0.6,125.69,633.25,301.86,DESCEND
0.1919,-0.0115,0.3661,-0.2726,-0.00706,-0.01251,0.00230,-5.00,0.00,0.00,0.6,125.69,633.25,301.82,DESCEND
0.2020,0.0784,-0.0538,-0.1826,0.01593,0.00448,0.00230,-5.00,0.00,0.00,0.7,125.69,633.26,301.76,DESCEND
0.2121,-0.1215,0.1361,0.1473,0.01793,0.00648,0.00030,-5.00,0.00,0.00,0.7,125.69,633.26,301.72,DESCEND
0.2222,-0.0515,0.0961,0.0473,-0.00706,-0.00351,0.00130,-5.00,0.00,0.00,0.8,125.69,633.26,301.66,DESCEND
0.2323,-0.0115,0.5661,-0.5226,0.00793,-0.00851,0.00530,-5.00,0.00,0.00,0.8,125.69,633.26,301.62,DESCEND
0.2424,0.1384,0.1561,-0.3326,0.01093,0.00148,0.00530,-5.00,0.00,0.00,0.9,125.69,633.26,301.56,DESCEND
0.2525,-0.0815,0.0661,0.0473,0.00693,0.00948,-0.00069,-5.00,0.00,0.00,0.9,125.69,633.26,301.52,DESCEND
0.2625,-0.0415,0.3261,-0.2926,-0.00206,-0.00651,0.00330,-5.00,0.00,0.00,1.0,125.69,633.27,301.46,DESCEND
0.2726,0.0784,0.3561,-0.5226,-0.00106,0.00348,-0.00069,-5.00,0.00,0.00,1.0,125.69,633.27,301.42,DESCEND
0.2827,0.0784,0.2661,-0.4026,-0.00106,-0.00551,0.00430,-5.00,0.00,0.00,1.1,125.69,633.27,301.36,DESCEND
0.2928,-0.0015,0.3561,-0.4526,-0.00506,-0.00151,0.00430,-5.00,0.00,0.00,1.1,125.69,633.27,301.32,DESCEND
0.3030,0.1284,0.0861,-0.2826,-0.00006,-0.00751,-0.00269,-5.00,0.00,0.00,1.2,125.69,633.27,301.26,DESCEND
0.3131,-0.0815,-0.0038,-0.1826,-0.01206,-0.01151,-0.00269,-5.00,0.00,0.00,1.2,125.69,633.28,301.22,DESCEND
0.3232,0.0384,0.1961,-0.2726,-0.00306,-0.00651,0.00430,-5.00,0.00,0.00,1.3,125.69,633.28,301.16,DESCEND
0.3333,0.1984,0.0761,-0.6526,0.02193,-0.01251,0.00430,-5.00,0.00,0.00,1.3,125.69,633.28,301.12,DESCEND
0.3434,0.0584,-0.0638,0.1873,0.02793,0.00548,0.00030,-5.00,0.00,0.00,1.4,125.69,633.28,301.06,DESCEND
0.3535,-0.2615,0.2761,-0.0026,-0.00706,-0.00151,0.00630,-5.00,0.00,0.00,1.4,125.69,633.28,301.02,DESCEND
0.3636,-0.1015,0.3861,-0.4326,-0.00306,-0.00551,0.00330,-5.00,0.00,0.00,1.5,125.69,633.28,300.96,DESCEND
0.3737,0.2184,0.2661,-0.1626,0.01393,0.00248,0.00130,-5.00,0.00,0.00,1.5,125.69,633.29,300.90,DESCEND
0.3838,-0.0715,0.1361,0.0573,-0.01406,0.00248,0.00330,-5.00,0.00,0.00,1.6,125.69,633.29,300.86,DESCEND
0.3940,0.2384,0.1761,-0.3526,0.01693,0.00048,0.00330,-5.00,0.00,0.00,1.6,125.69,633.29,300.80,DESCEND
0.4040,-0.1215,0.2361,0.0373,-0.00906,0.00648,0.00030,-5.00,0.00,0.00,1.7,125.69,633.29,300.76,DESCEND
0.4141,-0.1115,0.1861,-0.1926,-0.01306,-0.00051,0.00330,-5.00,0.00,0.00,1.7,125.69,633.29,300.70,DESCEND
0.4242,-0.0815,0.0561,-0.3126,-0.00806,-0.01151,0.00230,-5.00,0.00,0.00,1.8,125.69,633.30,300.66,DESCEND
0.4343,-0.2115,0.3661,-0.2926,-0.01206,-0.00051,0.00230,-5.00,0.00,0.00,1.8,125.69,633.30,300.60,DESCEND
0.4444,-0.0215,0.1361,-0.1626,0.00693,-0.00551,0.00130,-5.00,0.00,0.00,1.9,125.69,633.30,300.56,DESCEND
0.4545,0.0584,0.3461,-0.5926,0.00093,-0.01551,0.00430,-5.00,0.00,0.00,1.9,125.69,633.30,300.50,DESCEND
0.4646,-0.1415,0.2261,-0.4226,0.00593,0.00448,-0.00069,-5.00,0.00,0.00,2.0,125.69,633.30,300.46,DESCEND
0.4747,-0.0815,0.2561,-0.0526,0.00493,0.00448,0.00230,-5.00,0.00,0.00,2.0,125.70,633.31,300.40,DESCEND
0.4848,0.0784,0.0761,-0.1726,0.00793,-0.00151,0.00130,-5.00,0.00,0.00,2.1,125.70,633.31,300.36,DESCEND
0.4949,0.1284,0.0861,-0.0826,0.01393,-0.00451,0.00330,-5.00,0.00,0.00,2.1,125.70,633.31,300.30,DESCEND
0.5050,-0.0515,0.5061,-0.3326,-0.00406,-0.00551,0.00430,-5.00,0.00,0.00,2.2,125.70,633.31,300.26,DESCEND
0.5151,-0.0115,0.3761,-0.1426,0.00593,-0.00351,0.00630,-5.00,0.00,0.00,2.2,125.70,633.31,300.20,DESCEND
0.5252,0.1284,0.3161,-0.3526,-0.00606,-0.00451,-0.00069,-5.00,0.00,0.00,2.3,125.70,633.31,300.16,DESCEND
0.5353,-0.0615,0.3361,-0.1526,-0.01106,-0.00451,-0.00069,-5.00,0.00,0.00,2.3,125.70,633.32,300.10,DESCEND
0.5454,0.1984,0.1761,-0.1926,0.00293,-0.01551,0.00130,-5.00,0.00,0.00,2.4,125.70,633.32,300.06,DESCEND
0.5555,-0.0115,-0.1138,-0.2326,-0.00606,-0.01251,-0.00169,-5.00,0.00,0.00,2.4,125.70,633.32,300.00,DESCEND
0.5656,-0.0015,0.3561,-0.3426,-0.00106,-0.00451,0.00430,-5.00,0.00,0.00,2.5,125.70,633.32,299.94,DESCEND
0.5757,-0.1415,0.5361,-0.4026,-0.00706,-0.01251,0.00730,-5.00,0.00,0.00,2.5,125.70,633.32,299.90,DESCEND
0.5858,0.2884,0.3961,-0.4526,0.02093,-0.01551,0.00330,-5.00,0.00,0.00,2.6,125.70,633.33,299.84,DESCEND
0.5959,0.0184,0.3461,-0.3626,-0.00306,-0.00751,0.00630,-5.00,0.00,0.00,2.6,125.70,633.33,299.80,DESCEND
0.6060,0.1184,0.3661,-0.0626,0.00493,-0.00551,-0.00069,-5.00,0.00,0.00,2.7,125.70,633.33,299.74,DESCEND
0.6162,-0.1915,-0.1138,0.0073,-0.01406,-0.00051,-0.00269,-5.00,0.00,0.00,2.7,125.70,633.33,299.70,DESCEND
0.6266,0.1384,0.2661,-0.3426,0.00193,-0.00951,0.00430,-5.00,0.00,0.00,2.8,125.70,633.33,299.64,DESCEND
0.6368,0.0884,-0.0538,0.0373,0.00593,0.00248,0.00130,-5.00,0.00,0.00,2.8,125.70,633.33,299.60,DESCEND
0.6473,-0.0015,0.3261,-0.0826,-0.01206,-0.00151,0.00130,-5.00,0.00,0.00,2.9,125.70,633.34,299.54,DESCEND
0.6575,0.1484,0.1261,-0.2026,0.00893,-0.00151,0.00430,-5.00,0.00,0.00,2.9,125.70,633.34,299.48,DESCEND
0.6676,0.0984,0.1761,-0.4626,0.00893,-0.00951,0.00230,-5.00,0.00,0.00,3.0,125.70,633.34,299.44,DESCEND
0.6778,-0.0215,0.3361,-0.0526,-0.00806,-0.01051,0.00530,-5.00,0.00,0.00,3.0,125.70,633.34,299.38,DESCEND
0.6879,0.0584,0.5361,-0.6026,-0.00706,-0.01351,0.00430,-5.00,0.00,0.00,3.1,125.70,633.34,299.34,DESCEND
0.6980,0.0484,-0.1038,-0.0626,0.00293,-0.00551,0.00230,-5.00,0.00,0.00,3.1,125.70,633.35,299.28,DESCEND
0.7082,0.1084,0.3261,-0.1326,-0.00206,-0.01451,0.00830,-5.00,0.00,0.00,3.2,125.70,633.35,299.24,DESCEND
0.7183,0.0184,0.2361,-0.3126,-0.00206,-0.00851,0.00030,-5.00,0.00,0.00,3.2,125.70,633.35,299.18,DESCEND
0.7284,0.0184,0.4161,-0.2126,-0.01506,-0.00551,0.00030,-5.00,0.00,0.00,3.3,125.70,633.35,299.14,DESCEND
0.7386,0.1584,0.2261,-0.3426,0.01993,0.00048,-0.00069,-5.00,0.00,0.00,3.3,125.70,633.35,299.08,DESCEND
0.7487,-0.1115,0.1961,-0.3026,-0.01406,-0.01051,0.00530,-5.00,0.00,0.00,3.4,125.70,633.36,299.04,DESCEND
0.7588,0.0384,0.3961,-0.5626,-0.00806,-0.01351,0.00330,-5.00,0.00,0.00,3.4,125.70,633.36,298.98,DESCEND
0.7689,0.0984,-0.1238,0.0373,-0.01506,-0.01051,-0.00269,-5.00,0.00,0.00,3.5,125.70,633.36,298.94,DESCEND
0.7790,0.0184,0.1061,-0.1126,0.00293,-0.00951,0.00430,-5.00,0.00,0.00,3.5,125.70,633.36,298.88,DESCEND
0.7891,0.1984,0.0061,-0.3526,0.00493,-0.00851,-0.00069,-5.00,0.00,0.00,3.6,125.70,633.36,298.84,DESCEND
0.7992,0.1284,0.3461,-0.5826,0.00893,-0.00751,-0.00069,-5.00,0.00,0.00,3.6,125.70,633.36,298.78,DESCEND
0.8093,0.0684,0.1061,-0.3126,-0.00006,-0.00851,0.00230,-5.00,0.00,0.00,3.7,125.70,633.37,298.74,DESCEND
0.8194,-0.0115,0.1561,-0.2326,-0.00706,-0.01451,0.00630,-5.00,0.00,0.00,3.7,125.70,633.37,298.68,DESCEND
0.8295,0.0184,0.2661,-0.0826,-0.00206,-0.00951,0.00630,-5.00,0.00,0.00,3.8,125.70,633.37,298.64,DESCEND
0.8396,0.2084,0.3861,-0.5826,-0.01106,-0.02051,0.00230,-5.00,0.00,0.00,3.8,125.70,633.37,298.58,DESCEND
0.8497,0.0384,-0.0838,0.1673,-0.00906,-0.01351,-0.00169,-5.00,0.00,0.00,3.9,125.70,633.37,298.52,DESCEND
0.8598,0.1184,0.2761,-0.3126,-0.00906,-0.01451,0.00630,-5.00,0.00,0.00,3.9,125.70,633.38,298.48,DESCEND
0.8699,0.0384,0.2261,-0.2026,-0.00006,-0.01551,0.00230,-5.00,0.00,0.00,4.0,125.70,633.38,298.42,DESCEND
0.8801,0.0784,0.5161,-0.5226,0.00893,-0.01251,0.00330,-5.00,0.00,0.00,4.0,125.70,633.38,298.38,DESCEND
0.8902,-0.1815,0.0961,-0.3026,-0.02206,-0.01151,0.00530,-5.00,0.00,0.00,4.1,125.70,633.38,298.32,DESCEND
0.9004,-0.0215,0.2061,-0.1826,-0.00306,0.00648,0.00430,-5.00,0.00,0.00,4.1,125.70,633.38,298.28,DESCEND
0.9104,0.0584,0.2261,-0.2226,0.00693,-0.00151,0.00430,-5.00,0.00,0.00,4.2,125.70,633.39,298.22,DESCEND
0.9205,0.0184,0.6461,-0.4426,-0.01306,-0.01251,0.00730,-5.00,0.00,0.00,4.2,125.70,633.39,298.18,DESCEND
0.9306,0.1684,0.2461,-0.2826,0.01493,0.00048,0.00230,-5.00,0.00,0.00,4.3,125.70,633.39,298.12,DESCEND
0.9407,0.1484,-0.0338,-0.1326,0.01393,-0.00451,0.00430,-5.00,0.00,0.00,4.3,125.70,633.39,298.08,DESCEND
0.9508,-0.0615,-0.0338,-0.2526,-0.00506,-0.01351,0.00430,-5.00,0.00,0.00,4.4,125.70,633.39,298.02,DESCEND
0.9609,0.0184,0.0561,-0.0026,0.00693,-0.00751,0.00530,-5.00,0.00,0.00,4.4,125.70,633.39,297.98,DESCEND
0.9710,-0.1115,-0.0938,0.0773,0.01393,0.00348,0.00430,-5.00,0.00,0.00,4.5,125.70,633.40,297.92,DESCEND
0.9811,-0.0715,0.2261,-0.3226,-0.00106,-0.01051,0.00230,-5.00,0.00,0.00,4.5,125.70,633.40,297.88,DESCEND
0.9912,-0.0315,0.2561,-0.3626,0.00693,-0.00051,0.00230,-5.00,0.00,0.00,4.6,125.70,633.40,297.82,DESCEND
1.0013,-0.1415,0.6761,-0.9226,-0.01906,-0.01651,0.00530,-5.00,0.00,0.00,4.6,125.70,633.40,297.78,DESCEND
1.0114,0.1784,0.3161,-0.2526,0.00093,-0.01351,0.00130,-5.00,0.00,0.00,4.7,125.70,633.40,297.72,DESCEND
1.0215,0.1784,0.3461,-0.3726,-0.00606,-0.01851,0.00530,-5.00,0.00,0.00,4.7,125.70,633.41,297.68,DESCEND
1.0316,0.1484,0.2761,-0.1426,0.01693,-0.00251,0.00530,-5.00,0.00,0.00,4.8,125.70,633.41,297.62,DESCEND
1.0418,-0.0115,0.3761,-0.3026,-0.00306,-0.00551,0.00430,-5.00,0.00,0.00,4.9,125.70,633.41,297.56,DESCEND
1.0518,-0.1115,0.1461,-0.1226,0.00193,0.00548,0.00430,-5.00,0.00,0.00,4.9,125.70,633.41,297.52,DESCEND
1.0619,-0.0915,0.3261,-0.2026,-0.00706,-0.00651,0.00530,-5.00,0.00,0.00,5.0,125.70,633.41,297.46,DESCEND
1.0721,0.0084,0.0561,-0.4026,0.00793,-0.00751,0.00130,-5.00,0.00,0.00,5.0,125.70,633.42,297.42,DESCEND
1.0821,-0.0215,-0.2238,0.0173,0.01593,0.00648,0.00030,-5.00,0.00,0.00,5.1,125.71,633.42,297.36,DESCEND
1.0922,0.0884,0.3861,-0.3626,0.00393,-0.00851,0.00430,-5.00,0.00,0.00,5.1,125.71,633.42,297.32,DESCEND
1.1023,0.1784,0.3661,-0.2026,0.01293,0.00048,0.00530,-5.00,0.00,0.00,5.2,125.71,633.42,297.26,DESCEND
1.1124,0.0584,0.0461,-0.2226,-0.01606,-0.02151,0.00230,-5.00,0.00,0.00,5.2,125.71,633.42,297.22,DESCEND
1.1225,0.0284,-0.0338,-0.1326,0.00593,-0.00551,0.00130,-5.00,0.00,0.00,5.3,125.71,633.42,297.16,DESCEND
1.1326,0.1484,0.5361,-0.4226,0.00893,-0.00751,0.00330,-5.00,0.00,0.00,5.3,125.71,633.43,297.12,DESCEND
1.1428,-0.0015,0.3561,-0.2526,0.00793,-0.00051,0.00030,-5.00,0.00,0.00,5.4,125.71,633.43,297.06,DESCEND
1.1528,-0.0215,0.3461,-0.4426,-0.00706,-0.00451,0.00430,-5.00,0.00,0.00,5.4,125.71,633.43,297.02,DESCEND
1.1629,0.2484,0.2261,-0.5726,0.01593,-0.00951,0.00230,-5.00,0.00,0.00,5.5,125.71,633.43,296.96,DESCEND
1.1730,0.0484,0.4161,-0.1826,-0.01006,0.00048,0.00630,-5.00,0.00,0.00,5.5,125.71,633.43,296.92,DESCEND
1.1831,0.0584,0.0461,-0.0726,-0.01206,-0.01451,0.00130,-5.00,0.00,0.00,5.6,125.71,633.44,296.86,DESCEND
1.1932,0.0384,0.3761,-0.4126,-0.02006,-0.02351,0.00730,-5.00,0.00,0.00,5.6,125.71,633.44,296.82,DESCEND
1.2033,0.2284,0.4161,-0.3226,0.00193,-0.01651,0.00330,-5.00,0.00,0.00,5.7,125.71,633.44,296.76,DESCEND
1.2134,0.0984,0.2661,-0.3926,0.00293,-0.01751,0.00630,-5.00,0.00,0.00,5.7,125.71,633.44,296.72,DESCEND
1.2235,-0.0215,0.1761,-0.2726,0.00093,-0.00751,0.00330,-5.00,0.00,0.00,5.8,125.71,633.44,296.66,DESCEND
1.2336,0.1884,0.2761,-0.1526,0.00793,-0.00451,0.00530,-5.00,0.00,0.00,5.8,125.71,633.45,296.60,DESCEND
1.2437,0.1284,0.2261,-0.1026,0.01593,0.00248,0.00430,-5.00,0.00,0.00,5.9,125.71,633.45,296.56,DESCEND
1.2538,-0.0415,0.4961,-0.2626,-0.00806,-0.00751,0.00530,-5.00,0.00,0.00,5.9,125.71,633.45,296.50,DESCEND
1.2639,-0.1015,0.1361,-0.3026,0.00093,-0.00651,0.00330,-5.00,0.00,0.00,6.0,125.71,633.45,296.46,DESCEND
1.2740,-0.0615,0.4661,-0.2926,-0.00406,-0.00851,0.00530,-5.00,0.00,0.00,6.0,125.71,633.45,296.40,DESCEND
1.2841,-0.0615,0.2761,-0.3626,-0.01206,-0.01451,0.00630,-5.00,0.00,0.00,6.1,125.71,633.45,296.36,DESCEND
1.2942,0.1184,0.0061,0.1573,0.01593,0.00548,0.00130,-5.00,0.00,0.00,6.1,125.71,633.46,296.30,DESCEND
1.3044,0.2184,-0.3138,0.1073,0.02093,0.01048,-0.00369,-5.00,0.00,0.00,6.2,125.71,633.46,296.26,DESCEND
1.3145,-0.0115,0.6261,-0.2826,0.00893,0.00448,0.00630,-5.00,0.00,0.00,6.2,125.71,633.46,296.20,DESCEND
1.3245,0.0384,-0.0338,-0.2426,0.00193,-0.01051,0.00530,-5.00,0.00,0.00,6.3,125.71,633.46,296.16,DESCEND
1.3346,0.0984,-0.0038,-0.1726,-0.00806,-0.01051,0.00630,-5.00,0.00,0.00,6.3,125.71,633.46,296.10,DESCEND
1.3447,0.1584,0.0761,-0.1126,-0.00206,-0.01851,0.00430,-5.00,0.00,0.00,6.4,125.71,633.47,296.06,DESCEND
1.3548,0.0384,0.0461,-0.4626,-0.01106,-0.01951,0.00030,-5.00,0.00,0.00,6.4,125.71,633.47,296.00,DESCEND
1.3649,0.0184,0.2461,-0.0226,-0.00106,-0.00251,0.00530,-5.00,0.00,0.00,6.5,125.71,633.47,295.96,DESCEND
1.3750,-0.1515,0.1761,-0.1726,-0.00806,0.00348,0.00630,-5.00,0.00,0.00,6.5,125.71,633.47,295.90,DESCEND
1.3851,-0.0915,0.5261,-0.5026,-0.01006,-0.00151,0.00830,-5.00,0.00,0.00,6.6,125.71,633.47,295.86,DESCEND
1.3952,0.1384,0.4861,-0.3726,0.01193,-0.00651,0.00730,-5.00,0.00,0.00,6.6,125.71,633.47,295.80,DESCEND
1.4053,0.1984,0.2961,-0.1126,0.00293,-0.01351,0.00530,-5.00,0.00,0.00,6.7,125.71,633.48,295.76,DESCEND
1.4154,-0.0615,0.6961,-0.3226,-0.00406,-0.00351,0.00730,-5.00,0.00,0.00,6.7,125.71,633.48,295.70,DESCEND
1.4255,-0.0115,0.0561,-0.0926,-0.00206,0.00848,0.00130,-5.00,0.00,0.00,6.8,125.71,633.48,295.66,DESCEND
1.4356,0.2084,0.3161,-0.2426,-0.00406,-0.01151,0.00430,-5.00,0.00,0.00,6.8,125.71,633.48,295.60,DESCEND
1.4458,0.2984,0.0761,-0.1626,0.01493,-0.00651,0.00230,-5.00,0.00,0.00,6.9,125.71,633.48,295.54,DESCEND
1.4558,-0.0515,0.0661,-0.2526,0.01093,0.00448,0.00430,-5.00,0.00,0.00,6.9,125.71,633.49,295.50,DESCEND
1.4659,-0.0315,0.4561,-0.4226,0.00193,-0.00251,0.00630,-5.00,0.00,0.00,7.0,125.71,633.49,295.44,DESCEND
1.4761,0.1284,0.2461,-0.2426,-0.00306,-0.01151,0.00230,-5.00,0.00,0.00,7.0,125.71,633.49,295.40,DESCEND
1.4862,0.0584,0.1361,-0.1526,0.01093,0.00948,-0.00169,-5.00,0.00,0.00,7.1,125.71,633.49,295.34,DESCEND
1.4963,0.0684,0.2761,-0.1326,0.01393,0.00648,0.00930,-5.00,0.00,0.00,7.1,125.71,633.49,295.30,DESCEND
1.5064,0.1084,0.1761,0.0573,0.01093,-0.00051,0.00430,-5.00,0.00,0.00,7.2,125.71,633.50,295.24,DESCEND
1.5165,0.0984,0.2561,-0.2826,0.00693,-0.01551,0.00130,-5.00,0.00,0.00,7.2,125.71,633.50,295.20,DESCEND
1.5265,-0.0815,0.4061,-0.4226,-0.01306,-0.01151,0.00530,-5.00,0.00,0.00,7.3,125.71,633.50,295.14,DESCEND
1.5366,-0.0115,0.4561,-0.4726,-0.00806,-0.01851,0.00730,-5.00,0.00,0.00,7.3,125.71,633.50,295.10,DESCEND
1.5468,0.0884,0.0661,-0.0626,0.01693,-0.00551,0.00730,-5.00,0.00,0.00,7.4,125.71,633.50,295.04,DESCEND
1.5568,-0.0115,0.3061,0.1673,0.00093,0.00648,0.00630,-5.00,0.00,0.00,7.4,125.71,633.50,295.00,DESCEND
1.5670,0.0684,0.2961,-0.1026,0.00893,0.00048,0.00430,-5.00,0.00,0.00,7.5,125.71,633.51,294.95,DESCEND
1.5771,0.0484,0.1961,-0.1126,0.00193,-0.00851,0.00330,-5.00,0.00,0.00,7.5,125.71,633.51,294.91,DESCEND
1.5872,-0.0315,0.3561,-0.4626,0.01193,-0.00751,0.00730,-5.00,0.00,0.00,7.6,125.71,633.51,294.85,DESCEND
1.5972,-0.0415,0.8461,-0.7126,-0.01706,-0.00951,0.01230,-5.00,0.00,0.00,7.6,125.71,633.51,294.81,DESCEND
1.6073,0.0084,0.2661,-0.5326,0.00493,-0.00651,0.00730,-5.00,0.00,0.00,7.7,125.71,633.51,294.75,DESCEND
1.6174,0.1384,0.2961,-0.2426,0.00793,-0.00251,0.00130,-5.00,0.00,0.00,7.7,125.71,633.52,294.71,DESCEND
1.6275,-0.1115,0.1061,-0.1826,-0.01606,-0.00451,0.00530,-5.00,0.00,0.00,7.8,125.71,633.52,294.65,DESCEND
1.6376,0.1384,0.2361,-0.3126,0.01893,0.00348,0.00030,-5.00,0.00,0.00,7.8,125.71,633.52,294.61,DESCEND
1.6477,-0.1415,0.1161,-0.0226,0.01093,0.00748,0.00230,-5.00,0.00,0.00,7.9,125.71,633.52,294.55,DESCEND
1.6578,0.1484,0.2261,-0.2226,0.02193,0.00148,0.00630,-5.00,0.00,0.00,7.9,125.71,633.52,294.49,DESCEND
1.6679,0.0084,0.3661,-0.1726,0.00893,-0.00351,0.00530,-5.00,0.00,0.00,8.0,125.71,633.52,294.45,DESCEND
1.6780,0.1684,0.5461,-0.4426,0.00093,-0.00651,0.00630,-5.00,0.00,0.00,8.0,125.71,633.53,294.39,DESCEND
1.6880,0.1084,0.4461,-0.1926,0.01193,0.00148,0.00330,-5.00,0.00,0.00,8.1,125.71,633.53,294.35,DESCEND
1.6981,0.0184,0.4661,-0.3726,0.00393,-0.00051,0.00630,-5.00,0.00,0.00,8.1,125.72,633.53,294.29,DESCEND
1.7082,0.0884,0.2961,-0.0026,0.01293,0.00048,0.00730,-5.00,0.00,0.00,8.2,125.72,633.53,294.25,DESCEND
1.7183,0.0184,0.4561,-0.2626,0.00193,0.00448,0.00530,-5.00,0.00,0.00,8.2,125.72,633.53,294.19,DESCEND
1.7284,-0.0215,0.3961,-0.3826,-0.00806,-0.01551,0.00630,-5.00,0.00,0.00,8.3,125.72,633.54,294.15,DESCEND
1.7385,0.2284,0.2561,-0.2126,0.01493,-0.00351,0.00430,-5.00,0.00,0.00,8.3,125.72,633.54,294.09,DESCEND
1.7486,0.2184,-0.3838,0.1173,0.00993,0.00748,0.00130,-5.00,0.00,0.00,8.4,125.72,633.54,294.05,DESCEND
1.7587,-0.0615,0.1761,-0.0226,0.00393,-0.00051,0.00430,-5.00,0.00,0.00,8.4,125.72,633.54,293.99,DESCEND
1.7688,0.2184,0.0761,-0.1726,0.00493,-0.01151,0.00230,-5.00,0.00,0.00,8.5,125.72,633.54,293.95,DESCEND
1.7789,0.1084,0.2361,-0.1426,-0.00206,-0.01251,0.00630,-5.00,0.00,0.00,8.5,125.72,633.55,293.89,DESCEND
1.7890,0.1584,0.1161,-0.3626,0.00293,-0.00651,0.00730,-5.00,0.00,0.00,8.6,125.72,633.55,293.85,DESCEND
1.7991,-0.1215,0.3761,-0.2526,-0.01006,-0.00251,0.00530,-5.00,0.00,0.00,8.6,125.72,633.55,293.79,DESCEND
1.8092,0.1184,0.5661,-0.6526,-0.00406,-0.02551,0.00830,-5.00,0.00,0.00,8.7,125.72,633.55,293.75,DESCEND
1.8193,0.2884,0.1161,-0.0526,0.02293,0.00148,0.00130,-5.00,0.00,0.00,8.7,125.72,633.55,293.69,DESCEND
1.8294,0.1584,0.1161,0.0973,0.00893,0.00448,-0.00069,-5.00,0.00,0.00,8.8,125.72,633.55,293.65,DESCEND
1.8394,-0.0515,0.7561,-0.2526,-0.01306,-0.01351,0.00730,-5.00,0.00,0.00,8.8,125.72,633.56,293.59,DESCEND
1.8495,0.0784,0.0661,-0.2926,0.01593,-0.00051,0.00330,-5.00,0.00,0.00,8.9,125.72,633.56,293.55,DESCEND
1.8596,0.0584,0.4061,-0.3326,0.00293,-0.00151,0.00530,-5.00,0.00,0.00,8.9,125.72,633.56,293.49,DESCEND
1.8697,0.1884,-0.2038,0.0173,0.00893,0.00148,0.00530,-5.00,0.00,0.00,9.0,125.72,633.56,293.43,DESCEND
1.8799,-0.2715,0.5061,-0.4226,-0.01906,-0.00951,0.00730,-5.00,0.00,0.00,9.0,125.72,633.56,293.39,DESCEND
1.8899,0.0884,0.1261,-0.2826,0.01893,0.00048,0.00630,-5.00,0.00,0.00,9.1,125.72,633.57,293.33,DESCEND
1.9001,-0.0115,0.5961,-0.4526,0.00093,-0.00651,0.00630,-5.00,0.00,0.00,9.1,125.72,633.57,293.29,DESCEND
1.9102,0.1684,0.1761,-0.0626,0.03793,0.01548,0.00130,-5.00,0.00,0.00,9.2,125.72,633.57,293.23,DESCEND
1.9203,0.0484,0.3461,-0.2726,0.00793,-0.00751,0.00730,-5.00,0.00,0.00,9.2,125.72,633.57,293.19,DESCEND
1.9303,-0.0115,-0.1638,-0.3626,0.00893,0.00648,0.00230,-5.00,0.00,0.00,9.3,125.72,633.57,293.13,DESCEND
1.9404,0.1484,0.2861,-0.0426,0.00693,0.00448,0.00430,-5.00,0.00,0.00,9.3,125.72,633.58,293.09,DESCEND
1.9505,0.0084,0.2561,-0.2826,0.00793,-0.01251,0.00430,-5.00,0.00,0.00,9.4,125.72,633.58,293.03,DESCEND
1.9606,0.0684,0.3561,-0.0926,-0.01106,-0.01151,0.00530,-5.00,0.00,0.00,9.4,125.72,633.58,292.99,DESCEND
1.9707,-0.0115,0.2461,-0.1926,0.00993,0.00948,0.00530,-5.00,0.00,0.00,9.5,125.72,633.58,292.93,DESCEND
1.9808,-0.1915,0.2161,-0.2226,-0.00306,0.00248,0.00430,-5.00,0.00,0.00,9.5,125.72,633.58,292.89,DESCEND
1.9910,-0.0015,0.2861,-0.0326,0.00193,-0.00451,0.00530,-5.00,0.00,0.00,9.6,125.72,633.58,292.83,DESCEND
2.0011,0.2684,0.4661,-0.5426,0.01693,-0.01351,0.00830,-5.00,0.00,0.00,9.6,125.72,633.59,292.79,DESCEND
2.0112,0.1484,-0.0838,0.0573,0.02493,0.01148,0.00030,-5.00,0.00,0.00,9.7,125.72,633.59,292.73,DESCEND
2.0213,-0.0415,0.7061,-0.5126,0.00693,-0.00251,0.01230,-5.00,0.00,0.00,9.7,125.72,633.59,292.69,DESCEND
2.0314,0.2384,0.3061,-0.0426,0.01793,-0.00251,0.00730,-5.00,0.00,0.00,9.8,125.72,633.59,292.63,DESCEND
2.0415,0.1684,0.0461,0.0073,0.01293,-0.00051,0.00430,-5.00,0.00,0.00,9.8,125.72,633.59,292.59,DESCEND
2.0516,-0.0915,0.4661,-0.1526,0.00393,0.00948,0.01130,-5.00,0.00,0.00,9.9,125.72,633.60,292.53,DESCEND
2.0617,-0.0815,0.3961,-0.4626,-0.00706,-0.00851,0.00730,-5.00,0.00,0.00,10.0,125.72,633.60,292.47,DESCEND
2.0719,0.2184,0.0461,-0.3526,0.00793,-0.00451,0.00430,-5.00,0.00,0.00,10.0,125.72,633.60,292.43,DESCEND
2.0820,0.1384,0.3361,-0.6526,-0.01206,-0.01151,0.00230,-5.00,0.00,0.00,10.1,125.72,633.60,292.37,DESCEND
2.0921,-0.0615,0.1361,-0.1426,-0.00806,-0.00351,0.00430,-5.00,0.00,0.00,10.1,125.72,633.60,292.33,DESCEND
2.1022,0.1384,0.5061,-0.4526,0.01893,-0.00851,0.00830,-5.00,0.00,0.00,10.2,125.72,633.61,292.27,DESCEND
2.1123,0.0084,0.1261,-0.2026,-0.00206,-0.00051,0.00330,-5.00,0.00,0.00,10.2,125.72,633.61,292.23,DESCEND
2.1224,-0.2215,0.3561,-0.2526,-0.01206,-0.00151,0.00530,-5.00,0.00,0.00,10.3,125.72,633.61,292.17,DESCEND
2.1325,-0.0915,0.4461,-0.1226,0.00393,-0.00051,0.01030,-5.00,0.00,0.00,10.3,125.72,633.61,292.13,DESCEND
2.1426,-0.0315,0.4161,-0.2226,-0.00006,-0.00251,0.00830,-5.00,0.00,0.00,10.4,125.72,633.61,292.07,DESCEND
2.1527,-0.1715,0.1461,-0.0226,-0.00406,0.00248,0.00530,-5.00,0.00,0.00,10.4,125.72,633.61,292.03,DESCEND
2.1627,0.1784,0.0761,-0.1626,0.01593,-0.00451,0.00530,-5.00,0.00,0.00,10.5,125.72,633.62,291.97,DESCEND
2.1728,0.0484,0.3961,-0.1026,-0.00106,0.00048,0.00530,-5.00,0.00,0.00,10.5,125.72,633.62,291.93,DESCEND
2.1829,0.0184,0.0761,-0.1726,0.00093,-0.00451,0.00430,-5.00,0.00,0.00,10.6,125.72,633.62,291.87,DESCEND
2.1930,0.0484,0.5461,-0.5126,-0.01006,-0.01451,0.01030,-5.00,0.00,0.00,10.6,125.72,633.62,291.83,DESCEND
2.2031,-0.0315,0.6261,-0.4526,0.01293,-0.00851,0.00930,-5.00,0.00,0.00,10.7,125.72,633.62,291.77,DESCEND
2.2132,-0.0015,0.4661,-0.4226,0.01393,0.00348,0.00830,-5.00,0.00,0.00,10.7,125.72,633.63,291.73,DESCEND
2.2233,0.1584,0.1961,-0.1726,0.00693,0.00248,0.00730,-5.00,0.00,0.00,10.8,125.72,633.63,291.67,DESCEND
2.2334,0.0784,0.2861,-0.3526,0.00993,-0.00251,0.00430,-5.00,0.00,0.00,10.8,125.72,633.63,291.63,DESCEND
2.2436,0.2884,0.4761,-0.7226,0.01893,-0.01251,0.00530,-5.00,0.00,0.00,10.9,125.72,633.63,291.57,DESCEND
2.2537,0.1184,0.0061,-0.1726,0.01193,-0.00251,0.00330,-5.00,0.00,0.00,10.9,125.72,633.63,291.51,DESCEND
2.2638,0.1284,0.3361,-0.3126,0.01093,-0.00451,0.00930,-5.00,0.00,0.00,11.0,125.72,633.63,291.47,DESCEND
2.2739,-0.0615,0.2761,-0.1626,-0.00606,-0.00051,0.00830,-5.00,0.00,0.00,11.0,125.72,633.64,291.41,DESCEND
2.2840,0.0384,0.2061,-0.4126,-0.00306,-0.01051,0.00430,-5.00,0.00,0.00,11.1,125.72,633.64,291.37,DESCEND
2.2941,-0.0815,0.3261,-0.1426,0.00293,-0.00051,0.01130,-5.00,0.00,0.00,11.1,125.72,633.64,291.31,DESCEND
2.3042,0.1884,0.0061,0.0473,0.01093,0.00248,0.00530,-5.00,0.00,0.00,11.2,125.72,633.64,291.27,DESCEND
2.3144,-0.1715,0.4961,-0.2726,-0.01006,-0.00251,0.00930,-5.00,0.00,0.00,11.2,125.72,633.64,291.21,DESCEND
2.3245,0.1584,0.0561,0.0973,0.00593,0.00748,0.00430,-5.00,0.00,0.00,11.3,125.73,633.65,291.17,DESCEND
2.3346,0.0884,0.1861,-0.3726,0.00993,0.00048,0.00730,-5.00,0.00,0.00,11.3,125.73,633.65,291.11,DESCEND
2.3447,0.1184,0.1661,-0.3226,0.00493,-0.00251,0.00630,-5.00,0.00,0.00,11.4,125.73,633.65,291.07,DESCEND
2.3548,0.1584,0.2761,-0.0026,0.00693,-0.00151,0.00730,-5.00,0.00,0.00,11.4,125.73,633.65,291.01,DESCEND
2.3649,-0.1015,0.1761,0.2673,0.00593,0.00848,0.00730,-5.00,0.00,0.00,11.5,125.73,633.65,290.97,DESCEND
2.3750,-0.0515,0.2861,-0.2626,-0.00406,-0.00751,0.01030,-5.00,0.00,0.00,11.5,125.73,633.66,290.91,DESCEND
2.3851,0.2184,0.1661,-0.2726,0.01893,-0.00651,0.00230,-5.00,0.00,0.00,11.6,125.73,633.66,290.87,DESCEND
2.3952,0.1084,0.4161,-0.5526,-0.00106,-0.01351,0.00830,-5.00,0.00,0.00,11.6,125.73,633.66,290.81,DESCEND
2.4053,0.1084,0.4061,-0.1726,0.00693,-0.00451,0.00830,-5.00,0.00,0.00,11.7,125.73,633.66,290.77,DESCEND
2.4154,-0.0215,0.4161,-0.2626,0.00293,0.00248,0.00830,-5.00,0.00,0.00,11.7,125.73,633.66,290.71,DESCEND
2.4255,-0.0315,0.0661,-0.0726,-0.00706,-0.00751,0.00330,-5.00,0.00,0.00,11.8,125.73,633.66,290.67,DESCEND
2.4356,0.2084,0.2561,-0.3526,0.01093,-0.00751,0.00430,-5.00,0.00,0.00,11.8,125.73,633.67,290.61,DESCEND
2.4457,0.1084,0.3161,-0.2626,-0.00306,-0.00651,0.00730,-5.00,0.00,0.00,11.9,125.73,633.67,290.55,DESCEND
2.4558,0.1284,0.5261,-0.2926,0.00893,-0.00751,0.01030,-5.00,0.00,0.00,11.9,125.73,633.67,290.51,DESCEND
2.4659,-0.1215,0.3561,-0.2326,-0.00406,-0.00051,0.00530,-5.00,0.00,0.00,12.0,125.73,633.67,290.45,DESCEND
2.4760,0.1084,0.0461,0.0973,0.00093,-0.00851,0.00630,-5.00,0.00,0.00,12.0,125.73,633.67,290.41,DESCEND
2.4861,0.1084,0.3361,-0.5126,0.00993,-0.00951,0.00530,-5.00,0.00,0.00,12.1,125.73,633.68,290.35,DESCEND
2.4961,-0.1115,-0.0938,0.0873,0.00293,0.00548,0.00030,-5.00,0.00,0.00,12.1,125.73,633.68,290.31,DESCEND
2.5063,-0.0715,0.3261,-0.1326,-0.02506,-0.01251,0.01030,-5.00,0.00,0.00,12.2,125.73,633.68,290.25,DESCEND
2.5164,0.0284,-0.0038,-0.0826,0.00793,0.00548,0.00430,-5.00,0.00,0.00,12.2,125.73,633.68,290.21,DESCEND
2.5264,0.1284,0.1161,-0.5826,0.00193,-0.01051,0.00530,-5.00,0.00,0.00,12.3,125.73,633.68,290.15,DESCEND
2.5365,0.1584,0.2361,-0.2526,0.00693,0.00548,0.00330,-5.00,0.00,0.00,12.3,125.73,633.69,290.11,DESCEND
2.5466,-0.0015,0.0861,-0.3426,0.00993,0.00148,0.00830,-5.00,0.00,0.00,12.4,125.73,633.69,290.05,DESCEND
2.5567,-0.0715,0.1961,-0.3426,-0.00406,-0.00551,0.00930,-5.00,0.00,0.00,12.4,125.73,633.69,290.01,DESCEND
2.5668,-0.0915,0.2461,-0.3726,0.00693,0.00148,0.00730,-5.00,0.00,0.00,12.5,125.73,633.69,289.95,DESCEND
2.5769,0.3384,0.0061,0.0673,0.03693,0.00348,0.00530,-5.00,0.00,0.00,12.5,125.73,633.69,289.91,DESCEND
2.5870,0.1084,0.1761,-0.1526,0.01393,0.00348,0.00430,-5.00,0.00,0.00,12.6,125.73,633.69,289.85,DESCEND
2.5971,0.1584,0.6461,-0.3626,0.01693,0.00148,0.01030,-5.00,0.00,0.00,12.6,125.73,633.70,289.81,DESCEND
2.6072,0.2184,0.1761,-0.3126,0.00693,-0.00451,0.00130,-5.00,0.00,0.00,12.7,125.73,633.70,289.75,DESCEND
2.6173,-0.0315,0.3461,-0.3126,-0.00906,-0.01151,0.00630,-5.00,0.00,0.00,12.7,125.73,633.70,289.71,DESCEND
2.6275,0.3184,0.1761,-0.2426,0.00893,-0.01451,0.00630,-5.00,0.00,0.00,12.8,125.73,633.70,289.65,DESCEND
2.6375,0.0684,0.4361,-0.2826,-0.00106,-0.00651,0.00430,-5.00,0.00,0.00,12.8,125.73,633.70,289.61,DESCEND
2.6476,-0.0615,0.4461,-0.3826,0.00093,-0.00751,0.01030,-5.00,0.00,0.00,12.9,125.73,633.71,289.55,DESCEND
2.6578,0.1384,0.0761,-0.2426,0.00193,-0.01151,0.00830,-5.00,0.00,0.00,12.9,125.73,633.71,289.49,DESCEND
2.6679,0.0684,0.2361,-0.1226,0.01393,0.00448,0.01030,-5.00,0.00,0.00,13.0,125.73,633.71,289.45,DESCEND
2.6780,0.0184,0.2761,-0.0326,-0.00906,-0.01151,0.00730,-5.00,0.00,0.00,13.0,125.73,633.71,289.39,DESCEND
2.6881,0.1484,0.6961,-0.3226,0.01193,-0.00351,0.01130,-5.00,0.00,0.00,13.1,125.73,633.71,289.35,DESCEND
2.6981,0.0384,0.5661,-0.4526,0.00493,-0.00651,0.01130,-5.00,0.00,0.00,13.1,125.73,633.72,289.29,DESCEND
2.7082,0.3184,0.4261,-0.4526,0.00393,-0.01751,0.00330,-5.00,0.00,0.00,13.2,125.73,633.72,289.25,DESCEND
2.7183,0.1184,-0.0238,0.0573,0.00293,-0.00151,0.00430,-5.00,0.00,0.00,13.2,125.73,633.72,289.19,DESCEND
2.7285,0.1184,0.2561,-0.2526,0.01293,-0.00951,0.01030,-5.00,0.00,0.00,13.3,125.73,633.72,289.15,DESCEND
2.7385,0.1984,0.5461,-0.4526,0.02093,-0.00951,0.00630,-5.00,0.00,0.00,13.3,125.73,633.72,289.09,DESCEND
2.7486,-0.1015,0.3061,-0.5326,-0.00306,-0.00951,0.00830,-5.00,0.00,0.00,13.4,125.73,633.72,289.05,DESCEND
2.7587,0.1984,0.3061,-0.3526,0.00693,-0.00451,0.00630,-5.00,0.00,0.00,13.4,125.73,633.73,288.99,DESCEND
2.7688,-0.0315,0.2161,0.0473,-0.00206,0.00648,0.00730,-5.00,0.00,0.00,13.5,125.73,633.73,288.95,DESCEND
2.7789,0.2384,0.2261,-0.0026,0.00693,-0.00451,0.00530,-5.00,0.00,0.00,13.5,125.73,633.73,288.89,DESCEND
2.7890,-0.0015,0.3761,-0.3526,0.01593,0.00848,0.01030,-5.00,0.00,0.00,13.6,125.73,633.73,288.85,DESCEND
2.7991,0.0484,0.5261,-0.4126,-0.00706,-0.00951,0.00830,-5.00,0.00,0.00,13.6,125.73,633.73,288.79,DESCEND
2.8092,-0.2415,0.5361,-0.2926,-0.00806,-0.00051,0.00730,-5.00,0.00,0.00,13.7,125.73,633.74,288.75,DESCEND
2.8193,0.0984,-0.0338,-0.0926,-0.00406,-0.00551,0.00330,-5.00,0.00,0.00,13.7,125.73,633.74,288.69,DESCEND
2.8294,0.0884,0.4761,-0.2726,-0.00206,-0.00751,0.00730,-5.00,0.00,0.00,13.8,125.73,633.74,288.65,DESCEND
2.8395,-0.0915,0.1161,0.1773,0.00493,0.00848,0.00330,-5.00,0.00,0.00,13.8,125.73,633.74,288.59,DESCEND
2.8496,-0.0115,0.3961,-0.3126,0.00493,-0.00051,0.01130,-5.00,0.00,0.00,13.9,125.73,633.74,288.55,DESCEND
2.8597,-0.1115,-0.0038,-0.0526,0.01093,0.00648,0.00430,-5.00,0.00,0.00,13.9,125.73,633.74,288.49,DESCEND
2.8698,0.2784,0.2361,-0.1526,0.02193,0.00348,0.00230,-5.00,0.00,0.00,14.0,125.73,633.75,288.43,DESCEND
2.8799,-0.0115,0.3461,-0.3026,0.00093,-0.00151,0.00730,-5.00,0.00,0.00,14.0,125.73,633.75,288.39,DESCEND
2.8900,-0.1215,0.4461,-0.2026,-0.01406,-0.01051,0.00730,-5.00,0.00,0.00,14.1,125.73,633.75,288.33,DESCEND
2.9001,0.0584,0.2661,0.0673,0.00093,-0.00651,0.00630,-5.00,0.00,0.00,14.1,125.73,633.75,288.29,DESCEND
2.9102,0.3584,0.4261,-0.1826,0.02593,0.00248,0.00830,-5.00,0.00,0.00,14.2,125.73,633.75,288.23,DESCEND
2.9203,0.0184,0.3361,-0.5926,0.01293,-0.00251,0.00530,-5.00,0.00,0.00,14.2,125.73,633.76,288.19,DESCEND
2.9304,-0.0515,0.4661,-0.2726,0.01293,0.00048,0.00730,-5.00,0.00,0.00,14.3,125.73,633.76,288.13,DESCEND
2.9405,0.0384,0.1061,-0.1126,-0.00106,-0.00351,0.00430,-5.00,0.00,0.00,14.3,125.73,633.76,288.09,DESCEND
2.9505,-0.0615,0.1661,-0.3226,0.00693,-0.00051,0.00730,-5.00,0.00,0.00,14.4,125.73,633.76,288.03,DESCEND
2.9606,0.1684,-0.3438,0.4173,0.02193,0.00748,0.00330,-5.00,0.00,0.00,14.4,125.73,633.76,287.99,DESCEND
2.9707,-0.0215,-0.1838,0.2873,0.00093,0.00648,-0.00069,-5.00,0.00,0.00,14.5,125.74,633.77,287.93,DESCEND
2.9808,0.2284,0.0961,-0.0626,0.01093,0.00348,0.00330,-5.00,0.00,0.00,14.5,125.74,633.77,287.89,DESCEND
2.9910,0.1084,0.3861,-0.3826,0.00193,0.00248,0.00730,-5.00,0.00,0.00,14.6,125.74,633.77,287.83,DESCEND
3.0011,0.1884,0.1661,-0.2626,0.00293,-0.01551,0.00930,-5.00,0.00,0.00,14.6,125.74,633.77,287.79,DESCEND
3.0111,0.1484,0.3161,-0.2026,-0.00406,-0.01251,0.00830,-5.00,0.00,0.00,14.7,125.74,633.77,287.73,DESCEND
3.0212,0.0884,0.1661,-0.2226,0.01593,-0.00251,0.00930,-5.00,0.00,0.00,14.7,125.74,633.77,287.69,DESCEND
3.0313,0.0584,0.1961,-0.1526,-0.01606,-0.01251,0.00830,-5.00,0.00,0.00,14.8,125.74,633.78,287.63,DESCEND
3.0414,-0.1315,0.2961,-0.1226,-0.00206,-0.00451,0.01130,-5.00,0.00,0.00,14.8,125.74,633.78,287.59,DESCEND
3.0515,-0.1915,-0.0138,0.2373,-0.00706,0.00048,0.00630,-5.00,0.00,0.00,14.9,125.74,633.78,287.53,DESCEND
3.0617,0.2584,0.2861,-0.2126,0.00893,0.00148,0.00730,-5.00,0.00,0.00,14.9,125.74,633.78,287.47,DESCEND
3.0718,0.0084,0.1661,-0.1626,0.01093,0.00348,0.00830,-5.00,0.00,0.00,15.0,125.74,633.78,287.43,DESCEND
3.0819,0.2284,0.7661,-0.6526,0.01393,-0.00951,0.01130,-5.00,0.00,0.00,15.0,125.74,633.79,287.37,DESCEND
3.0920,0.0484,0.2261,-0.2226,0.00393,-0.00651,0.01030,-5.00,0.00,0.00,15.1,125.74,633.79,287.33,DESCEND
3.1021,0.1684,0.3961,-0.3426,-0.00106,-0.01551,0.00630,-5.00,0.00,0.00,15.1,125.74,633.79,287.27,DESCEND
3.1122,-0.0015,-0.1038,0.0173,-0.00606,0.00548,0.00430,-5.00,0.00,0.00,15.2,125.74,633.79,287.23,DESCEND
3.1223,0.0984,0.0461,-0.1626,-0.00106,-0.00251,0.00730,-5.00,0.00,0.00,15.2,125.74,633.79,287.17,DESCEND
3.1324,0.0584,0.3661,-0.3826,-0.01106,-0.01451,0.00830,-5.00,0.00,0.00,15.3,125.74,633.80,287.13,DESCEND
3.1425,0.0184,0.0161,-0.0526,0.01593,0.01048,0.00630,-5.00,0.00,0.00,15.3,125.74,633.80,287.07,DESCEND
3.1526,0.0484,0.2661,0.0873,0.00693,0.00748,0.00830,-5.00,0.00,0.00,15.4,125.74,633.80,287.03,DESCEND
3.1627,-0.1515,0.5461,-0.5126,-0.01206,-0.00751,0.01030,-5.00,0.00,0.00,15.4,125.74,633.80,286.97,DESCEND
3.1728,0.1184,0.0561,-0.2626,0.00893,-0.00951,0.00730,-5.00,0.00,0.00,15.5,125.74,633.80,286.93,DESCEND
3.1829,-0.0615,0.5261,-0.1526,0.01093,0.00148,0.00930,-5.00,0.00,0.00,15.5,125.74,633.80,286.87,DESCEND
3.1930,0.0084,0.2761,-0.2026,0.01093,-0.00151,0.00630,-5.00,0.00,0.00,15.6,125.74,633.81,286.83,DESCEND
3.2031,0.1184,0.2761,-0.2026,0.00293,-0.00251,0.00530,-5.00,0.00,0.00,15.6,125.74,633.81,286.77,DESCEND
3.2132,0.1584,0.2761,-0.2526,0.00593,-0.00451,0.00630,-5.00,0.00,0.00,15.7,125.74,633.81,286.73,DESCEND
3.2233,0.0884,0.3161,-0.1726,0.01593,0.00648,0.00330,-5.00,0.00,0.00,15.7,125.74,633.81,286.67,DESCEND
3.2334,-0.0015,-0.1238,0.0373,0.02593,0.01448,0.00830,-5.00,0.00,0.00,15.8,125.74,633.81,286.63,DESCEND
3.2435,0.1184,0.2661,-0.0026,0.01693,0.00548,0.00930,-5.00,0.00,0.00,15.8,125.74,633.82,286.57,DESCEND
3.2536,0.2584,0.6061,-0.6426,0.01593,-0.02151,0.01030,-5.00,0.00,0.00,15.9,125.74,633.82,286.51,DESCEND
3.2637,-0.0015,0.2561,0.0173,0.01593,0.01348,0.00930,-5.00,0.00,0.00,15.9,125.74,633.82,286.47,DESCEND
3.2738,-0.0815,0.1361,-0.1126,-0.01206,-0.00851,0.00830,-5.00,0.00,0.00,16.0,125.74,633.82,286.41,DESCEND
3.2839,0.0984,0.4461,-0.6526,-0.00306,-0.01251,0.01230,-5.00,0.00,0.00,16.0,125.74,633.82,286.37,DESCEND
3.2940,0.0484,0.2661,-0.3226,0.00293,-0.00551,0.00730,-5.00,0.00,0.00,16.1,125.74,633.83,286.31,DESCEND
3.3041,0.2384,0.3061,-0.5526,0.02293,-0.00651,0.00930,-5.00,0.00,0.00,16.1,125.74,633.83,286.27,DESCEND
3.3142,0.1184,0.2061,-0.5226,0.00493,-0.00951,0.01130,-5.00,0.00,0.00,16.2,125.74,633.83,286.21,DESCEND
3.3243,0.0984,0.3061,-0.2726,0.01093,-0.00751,0.00830,-5.00,0.00,0.00,16.2,125.74,633.83,286.17,DESCEND
3.3344,-0.0815,0.4361,-0.3826,-0.00906,-0.00451,0.01030,-5.00,0.00,0.00,16.3,125.74,633.83,286.11,DESCEND
3.3445,0.1584,0.3261,-0.0526,0.00693,0.00348,0.00530,-5.00,0.00,0.00,16.3,125.74,633.83,286.07,DESCEND
3.3546,-0.0115,0.3961,-0.1826,0.00993,0.00748,0.00930,-5.00,0.00,0.00,16.4,125.74,633.84,286.01,DESCEND
3.3647,0.0084,0.2661,-0.1726,0.01393,-0.00051,0.00730,-5.00,0.00,0.00,16.4,125.74,633.84,285.97,DESCEND
3.3748,-0.1415,0.4661,-0.2526,-0.00506,-0.00151,0.00630,-5.00,0.00,0.00,16.5,125.74,633.84,285.91,DESCEND
3.3849,-0.0715,0.5161,-0.3426,-0.00406,-0.00951,0.01030,-5.00,0.00,0.00,16.5,125.74,633.84,285.87,DESCEND
3.3950,0.0784,0.1861,-0.0526,0.01493,0.00148,0.00630,-5.00,0.00,0.00,16.6,125.74,633.84,285.81,DESCEND
3.4051,0.1984,0.1761,-0.0026,0.01093,0.00248,0.00530,-5.00,0.00,0.00,16.6,125.74,633.85,285.77,DESCEND
3.4152,0.3284,0.1461,-0.3126,0.01093,-0.00851,0.00730,-5.00,0.00,0.00,16.7,125.74,633.85,285.71,DESCEND
3.4253,0.1284,0.1361,-0.1026,0.00193,-0.00851,0.00630,-5.00,0.00,0.00,16.7,125.74,633.85,285.67,DESCEND
3.4354,0.3584,0.1261,-0.3226,0.01493,-0.00051,0.00730,-5.00,0.00,0.00,16.8,125.74,633.85,285.61,DESCEND
3.4455,0.2184,0.1161,-0.1326,0.00793,-0.00351,0.00330,-5.00,0.00,0.00,16.8,125.74,633.85,285.57,DESCEND
3.4556,-0.0215,0.2261,-0.3926,0.00693,-0.00351,0.00630,-5.00,0.00,0.00,16.9,125.74,633.85,285.51,DESCEND
3.4657,-0.0615,-0.0138,-0.2026,0.00793,-0.00151,0.00630,-5.00,0.00,0.00,17.0,125.74,633.86,285.45,DESCEND
3.4758,-0.0315,0.5961,-0.6226,0.00393,-0.00551,0.01330,-5.00,0.00,0.00,17.0,125.74,633.86,285.41,DESCEND
3.4859,0.1984,0.5861,-0.1526,0.01293,-0.00251,0.00830,-5.00,0.00,0.00,17.1,125.74,633.86,285.35,DESCEND
3.4960,0.0484,0.1561,-0.2226,0.02693,0.01248,0.00930,-5.00,0.00,0.00,17.1,125.74,633.86,285.31,DESCEND
3.5061,0.1084,0.2861,-0.4226,0.00193,-0.01551,0.00630,-5.00,0.00,0.00,17.2,125.74,633.86,285.25,DESCEND
3.5162,0.0184,0.3961,-0.0926,-0.00106,-0.00251,0.01030,-5.00,0.00,0.00,17.2,125.74,633.87,285.21,DESCEND
3.5263,0.3284,0.2961,-0.2526,0.02193,0.00148,0.01030,-5.00,0.00,0.00,17.3,125.74,633.87,285.15,DESCEND
3.5364,-0.0415,0.2661,-0.4726,-0.00306,-0.00951,0.00730,-5.00,0.00,0.00,17.3,125.74,633.87,285.11,DESCEND
3.5465,-0.0715,0.5561,-0.4426,-0.00206,-0.00851,0.00930,-5.00,0.00,0.00,17.4,125.74,633.87,285.05,DESCEND
3.5565,0.0084,0.2961,-0.1626,0.01493,0.00148,0.01030,-5.00,0.00,0.00,17.4,125.74,633.87,285.01,DESCEND
3.5666,0.0984,0.1661,-0.3526,0.00193,-0.00851,0.00730,-5.00,0.00,0.00,17.5,125.74,633.88,284.95,DESCEND
3.5768,0.0584,0.4661,-0.5026,0.00293,-0.01151,0.00830,-5.00,0.00,0.00,17.5,125.74,633.88,284.91,DESCEND
3.5869,0.0084,0.2261,-0.1526,-0.00606,0.00148,0.00730,-5.00,0.00,0.00,17.6,125.74,633.88,284.85,DESCEND
3.5969,0.0684,0.3861,-0.0426,-0.00006,-0.01151,0.01130,-5.00,0.00,0.00,17.6,125.74,633.88,284.81,DESCEND
3.6070,0.0784,0.4461,-0.2826,0.00193,-0.00251,0.00930,-5.00,0.00,0.00,17.7,125.74,633.88,284.75,DESCEND
3.6171,0.0884,0.3161,-0.4626,-0.00406,-0.01051,0.00830,-5.00,0.00,0.00,17.7,125.75,633.88,284.71,DESCEND
3.6273,0.1884,0.4661,-0.6926,0.00293,-0.02151,0.01130,-5.00,0.00,0.00,17.8,125.75,633.89,284.65,DESCEND
3.6374,0.0884,0.2961,-0.3726,0.00693,-0.00651,0.00930,-5.00,0.00,0.00,17.8,125.75,633.89,284.61,DESCEND
3.6474,0.0284,0.1961,-0.1226,-0.00406,-0.00951,0.00830,-5.00,0.00,0.00,17.9,125.75,633.89,284.55,DESCEND
3.6575,-0.0815,0.1061,-0.1226,0.01093,0.00548,0.00330,-5.00,0.00,0.00,17.9,125.75,633.89,284.49,DESCEND
3.6676,0.2484,0.2361,-0.3026,0.02693,-0.00151,0.00630,-5.00,0.00,0.00,18.0,125.75,633.89,284.45,DESCEND
3.6777,0.2484,0.2561,-0.2426,0.02293,-0.01051,0.01130,-5.00,0.00,0.00,18.0,125.75,633.90,284.40,DESCEND
3.6878,0.1484,0.4461,-0.2726,0.01893,0.00348,0.00530,-5.00,0.00,0.00,18.1,125.75,633.90,284.36,DESCEND
3.6979,0.2284,0.2661,-0.3426,0.01493,-0.00151,0.00930,-5.00,0.00,0.00,18.1,125.75,633.90,284.30,DESCEND
3.7080,0.1784,0.2761,-0.2926,0.00693,-0.02051,0.00830,-5.00,0.00,0.00,18.2,125.75,633.90,284.26,DESCEND
3.7181,0.0284,0.3261,-0.2526,0.01093,0.00748,0.00730,-5.00,0.00,0.00,18.2,125.75,633.90,284.20,DESCEND
3.7282,0.2684,0.0461,-0.2626,0.00593,-0.01251,0.01030,-5.00,0.00,0.00,18.3,125.75,633.91,284.16,DESCEND
3.7383,0.1784,0.3761,-0.5326,0.00993,-0.01151,0.00930,-5.00,0.00,0.00,18.3,125.75,633.91,284.10,DESCEND
3.7484,0.2084,0.1661,-0.1126,0.01693,-0.00551,0.00730,-5.00,0.00,0.00,18.4,125.75,633.91,284.06,DESCEND
3.7585,-0.1415,0.5561,-0.4526,-0.00306,-0.01151,0.01430,-5.00,0.00,0.00,18.4,125.75,633.91,284.00,DESCEND
3.7686,0.1484,0.4861,-0.4926,0.01693,-0.01051,0.01030,-5.00,0.00,0.00,18.5,125.75,633.91,283.96,DESCEND
3.7787,0.1584,0.4561,-0.5626,-0.00306,-0.01151,0.01130,-5.00,0.00,0.00,18.5,125.75,633.91,283.90,DESCEND
3.7888,0.0084,0.4261,-0.4926,0.00793,0.00148,0.01330,-5.00,0.00,0.00,18.6,125.75,633.92,283.86,DESCEND
3.7989,0.0984,0.3161,-0.2126,0.01293,0.00148,0.00530,-5.00,0.00,0.00,18.6,125.75,633.92,283.80,DESCEND
3.8090,-0.0415,0.5061,-0.2626,0.00293,-0.00351,0.00830,-5.00,0.00,0.00,18.7,125.75,633.92,283.76,DESCEND
3.8192,-0.0215,-0.0838,-0.0826,0.00793,0.00248,0.00330,-5.00,0.00,0.00,18.7,125.75,633.92,283.70,DESCEND
3.8293,0.1084,0.3661,-0.3226,0.00693,-0.00751,0.00730,-5.00,0.00,0.00,18.8,125.75,633.92,283.66,DESCEND
3.8394,0.2084,0.2261,-0.2226,0.01593,0.00248,0.00630,-5.00,0.00,0.00,18.8,125.75,633.93,283.60,DESCEND
3.8495,-0.0915,0.2561,-0.4126,0.00693,0.00248,0.00930,-5.00,0.00,0.00,18.9,125.75,633.93,283.54,DESCEND
3.8596,0.0684,0.0561,0.0173,0.01493,0.00748,0.00630,-5.00,0.00,0.00,18.9,125.75,633.93,283.50,DESCEND
3.8697,0.0684,0.3661,-0.1726,-0.00906,-0.00251,0.01230,-5.00,0.00,0.00,19.0,125.75,633.93,283.44,DESCEND
3.8798,-0.0115,0.1961,-0.1326,0.00593,0.00448,0.01030,-5.00,0.00,0.00,19.0,125.75,633.93,283.40,DESCEND
3.8898,0.0184,0.7061,-0.5526,-0.00806,-0.00851,0.01230,-5.00,0.00,0.00,19.1,125.75,633.94,283.34,DESCEND
3.8999,0.0784,0.1861,-0.4126,-0.01006,-0.01351,0.00730,-5.00,0.00,0.00,19.1,125.75,633.94,283.30,DESCEND
3.9100,0.0984,0.1561,0.0273,-0.00106,-0.00451,0.00530,-5.00,0.00,0.00,19.2,125.75,633.94,283.24,DESCEND
3.9201,-0.0115,0.2461,-0.2626,0.00893,0.00448,0.00830,-5.00,0.00,0.00,19.2,125.75,633.94,283.20,DESCEND
3.9302,0.3284,0.2861,-0.2826,0.02093,-0.00751,0.00830,-5.00,0.00,0.00,19.3,125.75,633.94,283.14,DESCEND
3.9403,-0.0515,0.6761,-0.3726,-0.00306,-0.00751,0.00930,-5.00,0.00,0.00,19.3,125.75,633.94,283.10,DESCEND
3.9504,0.3284,0.0361,-0.2226,0.03093,0.00148,0.00730,-5.00,0.00,0.00,19.4,125.75,633.95,283.04,DESCEND
3.9605,0.0684,0.2561,0.0373,0.01393,0.00148,0.00930,-5.00,0.00,0.00,19.4,125.75,633.95,283.00,DESCEND
3.9706,-0.0815,0.4061,-0.3726,0.00193,-0.00151,0.00730,-5.00,0.00,0.00,19.5,125.75,633.95,282.94,DESCEND
3.9807,0.1984,0.3761,-0.4526,0.00293,-0.01051,0.01030,-5.00,0.00,0.00,19.5,125.75,633.95,282.90,DESCEND
3.9908,-0.0215,0.2361,-0.2926,-0.00706,-0.01051,0.01130,-5.00,0.00,0.00,19.6,125.75,633.95,282.84,DESCEND
4.0009,0.0884,-0.0038,0.2973,0.00093,-0.00251,0.00730,-5.00,0.00,0.00,19.6,125.75,633.96,282.80,DESCEND
4.0110,-0.0015,0.3061,-0.3926,-0.00206,-0.00951,0.00930,-5.00,0.00,0.00,19.7,125.75,633.96,282.74,DESCEND
4.0211,0.1584,0.2961,-0.2326,-0.00506,-0.01251,0.00830,-5.00,0.00,0.00,19.7,125.75,633.96,282.70,DESCEND
4.0312,0.0984,0.3761,-0.4526,0.01793,-0.00751,0.01030,-5.00,0.00,0.00,19.8,125.75,633.96,282.64,DESCEND
4.0413,-0.0315,0.3961,-0.1926,0.00893,-0.00351,0.00830,-5.00,0.00,0.00,19.8,125.75,633.96,282.60,DESCEND
4.0515,0.0284,0.4561,-0.4326,-0.00806,-0.01451,0.00930,-5.00,0.00,0.00,19.9,125.75,633.97,282.54,DESCEND
4.0615,0.0684,0.5761,-0.5726,0.01393,0.00548,0.01030,-5.00,0.00,0.00,19.9,125.75,633.97,282.50,DESCEND
4.0716,0.0584,0.1061,-0.1026,-0.00206,-0.00551,0.00630,-5.00,0.00,0.00,20.0,125.75,633.97,282.44,DESCEND
4.0817,-0.1015,0.8761,-0.6326,-0.00806,-0.00551,0.01630,-5.00,0.00,0.00,20.0,125.75,633.97,282.38,DESCEND
4.0919,0.3084,0.1061,-0.1026,0.01993,-0.00251,0.00730,-5.00,0.00,0.00,20.1,125.75,633.97,282.34,DESCEND
4.1020,-0.1915,0.2761,-0.1526,-0.01606,-0.00051,0.00630,-5.00,0.00,0.00,20.1,125.75,633.97,282.28,DESCEND
4.1121,0.0484,0.2461,-0.3026,0.00293,0.00448,0.00730,-5.00,0.00,0.00,20.2,125.75,633.98,282.24,DESCEND
4.1221,0.1484,0.4161,-0.2026,0.01593,-0.00051,0.00930,-5.00,0.00,0.00,20.2,125.75,633.98,282.18,DESCEND
4.1322,-0.0015,0.5561,-0.2626,-0.01906,-0.01451,0.01330,-5.00,0.00,0.00,20.3,125.75,633.98,282.14,DESCEND
4.1423,0.1584,0.4261,-0.4526,0.01693,0.00148,0.00830,-5.00,0.00,0.00,20.3,125.75,633.98,282.08,DESCEND
4.1524,0.2284,0.0261,-0.2426,0.02593,-0.00051,0.00730,-5.00,0.00,0.00,20.4,125.75,633.98,282.04,DESCEND
4.1625,0.0984,0.1761,-0.3026,0.01393,-0.00151,0.00730,-5.00,0.00,0.00,20.4,125.75,633.99,281.98,DESCEND
4.1726,0.0984,0.3661,-0.2926,0.01093,0.00048,0.00930,-5.00,0.00,0.00,20.5,125.75,633.99,281.94,DESCEND
4.1827,0.0284,0.7461,-0.7226,0.00693,-0.01051,0.01430,-5.00,0.00,0.00,20.5,125.75,633.99,281.88,DESCEND
4.1928,-0.1215,0.4661,-0.2426,-0.01606,-0.01251,0.01030,-5.00,0.00,0.00,20.6,125.75,633.99,281.84,DESCEND
4.2029,-0.1415,0.6561,-0.6026,0.00293,-0.00251,0.01530,-5.00,0.00,0.00,20.6,125.75,633.99,281.78,DESCEND
4.2130,0.0284,0.2161,-0.3226,0.01293,-0.00551,0.01030,-5.00,0.00,0.00,20.7,125.75,633.99,281.74,DESCEND
4.2231,-0.0215,0.5361,-0.4426,0.00593,-0.00251,0.01030,-5.00,0.00,0.00,20.7,125.75,634.00,281.68,DESCEND
4.2332,0.0984,0.3361,-0.3726,0.00593,-0.00351,0.00830,-5.00,0.00,0.00,20.8,125.75,634.00,281.64,DESCEND
4.2433,0.2684,-0.0238,0.1473,0.00793,-0.00051,0.00530,-5.00,0.00,0.00,20.8,125.75,634.00,281.58,DESCEND
4.2533,0.1584,0.1561,-0.2726,0.00093,-0.00551,0.00330,-5.00,0.00,0.00,20.9,125.75,634.00,281.54,DESCEND
4.2634,0.0584,0.5161,-0.1326,-0.00006,-0.00051,0.01130,-5.00,0.00,0.00,20.9,125.75,634.00,281.48,DESCEND
4.2735,0.0884,0.3361,-0.0726,0.01093,-0.00051,0.00930,-5.00,0.00,0.00,21.0,125.75,634.01,281.42,DESCEND
4.2836,0.1584,0.0661,-0.0926,0.03093,0.01048,0.00730,-5.00,0.00,0.00,21.0,125.76,634.01,281.38,DESCEND
4.2937,0.0584,0.2161,-0.0926,0.00593,0.00448,0.00730,-5.00,0.00,0.00,21.1,125.76,634.01,281.32,DESCEND
4.3038,0.1484,0.4661,-0.3926,-0.00106,-0.01251,0.01130,-5.00,0.00,0.00,21.1,125.76,634.01,281.28,DESCEND
4.3139,0.0184,0.2061,0.0673,0.00093,-0.00451,0.00830,-5.00,0.00,0.00,21.2,125.76,634.01,281.22,DESCEND
4.3240,-0.0015,0.3761,-0.4426,-0.00906,-0.00651,0.01130,-5.00,0.00,0.00,21.2,125.76,634.02,281.18,DESCEND
4.3341,0.0784,0.3861,-0.2026,-0.00006,-0.00151,0.00830,-5.00,0.00,0.00,21.3,125.76,634.02,281.12,DESCEND
4.3442,-0.0615,0.2061,-0.2426,-0.00306,-0.00051,0.01130,-5.00,0.00,0.00,21.3,125.76,634.02,281.08,DESCEND
4.3542,0.1384,0.4961,-0.3726,-0.01306,-0.01151,0.01130,-5.00,0.00,0.00,21.4,125.76,634.02,281.02,DESCEND
4.3643,0.1784,0.1661,-0.0026,0.00893,0.00548,0.00630,-5.00,0.00,0.00,21.4,125.76,634.02,280.98,DESCEND
4.3744,0.0884,0.0861,-0.4126,-0.00206,-0.00651,0.00930,-5.00,0.00,0.00,21.5,125.76,634.02,280.92,DESCEND
4.3846,-0.0515,0.3961,-0.3826,-0.01306,-0.01551,0.01330,-5.00,0.00,0.00,21.5,125.76,634.03,280.88,DESCEND
4.3947,0.0884,0.3061,-0.0726,-0.00006,-0.00551,0.00830,-5.00,0.00,0.00,21.6,125.76,634.03,280.82,DESCEND
4.4047,0.3684,0.1261,-0.4826,0.01393,-0.00951,0.00830,-5.00,0.00,0.00,21.6,125.76,634.03,280.78,DESCEND
4.4149,0.0184,0.3461,-0.0726,-0.00006,0.00548,0.00930,-5.00,0.00,0.00,21.7,125.76,634.03,280.72,DESCEND
4.4250,0.0184,0.3161,-0.4926,-0.01206,-0.01751,0.01230,-5.00,0.00,0.00,21.7,125.76,634.03,280.68,DESCEND
4.4350,0.0284,0.1761,-0.0826,-0.00206,-0.00451,0.01230,-5.00,0.00,0.00,21.8,125.76,634.04,280.62,DESCEND
4.4451,-0.0715,0.7761,-0.6126,-0.01206,-0.01451,0.01030,-5.00,0.00,0.00,21.8,125.76,634.04,280.58,DESCEND
4.4552,-0.1415,0.4161,-0.2226,-0.00806,-0.00151,0.01030,-5.00,0.00,0.00,21.9,125.76,634.04,280.52,DESCEND
4.4653,0.1984,0.0161,0.0573,0.00393,-0.00351,0.00530,-5.00,0.00,0.00,21.9,125.76,634.04,280.48,DESCEND
4.4754,0.0084,0.4361,-0.3526,-0.00206,-0.00951,0.01230,-5.00,0.00,0.00,22.0,125.76,634.04,280.42,DESCEND
4.4855,0.0684,0.6561,-0.5826,0.01593,0.00148,0.01230,-5.00,0.00,0.00,22.1,125.76,634.05,280.36,DESCEND
4.4956,-0.0115,0.3561,-0.5126,-0.00406,-0.00751,0.01230,-5.00,0.00,0.00,22.1,125.76,634.05,280.32,DESCEND
4.5057,0.0584,0.1861,-0.3026,0.02493,-0.00151,0.00730,-5.00,0.00,0.00,22.2,125.76,634.05,280.26,DESCEND
4.5158,-0.1115,0.2361,-0.2226,-0.00706,-0.00251,0.01030,-5.00,0.00,0.00,22.2,125.76,634.05,280.22,DESCEND
4.5259,0.1684,0.2161,-0.2026,0.00193,-0.00551,0.00930,-5.00,0.00,0.00,22.3,125.76,634.05,280.16,DESCEND
4.5360,0.2484,0.2661,-0.6026,0.00493,-0.01651,0.00830,-5.00,0.00,0.00,22.3,125.76,634.05,280.12,DESCEND
4.5461,-0.0415,0.3861,-0.3326,-0.01906,-0.01251,0.00930,-5.00,0.00,0.00,22.4,125.76,634.06,280.06,DESCEND
4.5562,0.1584,0.2461,-0.4426,0.00093,-0.01251,0.00930,-5.00,0.00,0.00,22.4,125.76,634.06,280.02,DESCEND
4.5663,0.1384,0.2861,-0.4126,0.00393,-0.01151,0.00830,-5.00,0.00,0.00,22.5,125.76,634.06,279.96,DESCEND
4.5764,0.1184,0.3361,-0.3526,0.00893,0.00148,0.00930,-5.00,0.00,0.00,22.5,125.76,634.06,279.92,DESCEND
4.5865,0.1484,0.4761,-0.5526,0.01593,-0.01351,0.00930,-5.00,0.00,0.00,22.6,125.76,634.06,279.86,DESCEND
4.5966,-0.0415,0.3561,-0.1726,0.00193,-0.00151,0.00930,-5.00,0.00,0.00,22.6,125.76,634.07,279.82,DESCEND
4.6067,-0.0415,0.2961,-0.3826,0.01093,0.00148,0.01130,-5.00,0.00,0.00,22.7,125.76,634.07,279.76,DESCEND
4.6168,-0.0115,0.4861,-0.3326,0.01193,0.00248,0.01030,-5.00,0.00,0.00,22.7,125.76,634.07,279.72,DESCEND
4.6269,0.0184,0.3661,-0.2826,-0.00906,-0.00251,0.01130,-5.00,0.00,0.00,22.8,125.76,634.07,279.66,DESCEND
4.6370,0.1184,0.1261,-0.3126,0.01393,0.00148,0.00930,-5.00,0.00,0.00,22.8,125.76,634.07,279.62,DESCEND
4.6471,0.1984,0.3261,-0.1826,0.02393,0.00348,0.00930,-5.00,0.00,0.00,22.9,125.76,634.08,279.56,DESCEND
4.6572,0.0484,0.4661,-0.3726,-0.01506,-0.00951,0.00930,-5.00,0.00,0.00,22.9,125.76,634.08,279.52,DESCEND
4.6673,0.0584,0.7061,-0.7826,0.00093,-0.01051,0.01330,-5.00,0.00,0.00,23.0,125.76,634.08,279.46,DESCEND
4.6774,0.0384,0.4861,-0.3126,0.00693,-0.00351,0.01230,-5.00,0.00,0.00,23.0,125.76,634.08,279.42,DESCEND
4.6875,0.2584,0.1461,0.0273,0.02493,0.01748,0.00730,-5.00,0.00,0.00,23.1,125.76,634.08,279.36,DESCEND
4.6975,0.0584,0.4361,-0.6626,-0.00406,-0.00851,0.01330,-5.00,0.00,0.00,23.1,125.76,634.08,279.32,DESCEND
4.7076,0.1484,0.6461,-0.7626,-0.00106,-0.01251,0.01330,-5.00,0.00,0.00,23.2,125.76,634.09,279.26,DESCEND
4.7177,-0.0715,0.3061,-0.1726,0.00193,0.00048,0.01230,-5.00,0.00,0.00,23.2,125.76,634.09,279.20,DESCEND
4.7278,0.2984,0.3461,-0.4126,0.02093,-0.00651,0.00830,-5.00,0.00,0.00,23.3,125.76,634.09,279.16,DESCEND
4.7379,0.0184,0.5161,-0.2426,0.00593,0.00148,0.01530,-5.00,0.00,0.00,23.3,125.76,634.09,279.10,DESCEND
4.7480,0.1084,0.1761,-0.2226,0.01693,-0.00751,0.00630,-5.00,0.00,0.00,23.4,125.76,634.09,279.06,DESCEND
4.7581,0.0784,0.7161,-0.4226,-0.00706,-0.01651,0.01830,-5.00,0.00,0.00,23.4,125.76,634.10,279.00,DESCEND
4.7682,0.0184,0.6861,-0.3226,-0.00706,-0.00751,0.01330,-5.00,0.00,0.00,23.5,125.76,634.10,278.96,DESCEND
4.7783,0.0484,0.1761,-0.1626,0.01093,0.00248,0.00830,-5.00,0.00,0.00,23.5,125.76,634.10,278.90,DESCEND
4.7884,0.2484,0.2961,-0.3826,0.01093,-0.00751,0.00730,-5.00,0.00,0.00,23.6,125.76,634.10,278.86,DESCEND
4.7985,0.0584,0.3561,-0.3726,0.00293,-0.00251,0.01030,-5.00,0.00,0.00,23.6,125.76,634.10,278.80,DESCEND
4.8086,-0.0015,0.4061,-0.5726,-0.00906,-0.00851,0.01230,-5.00,0.00,0.00,23.7,125.76,634.10,278.76,DESCEND
4.8187,-0.0815,0.3361,-0.5026,-0.00306,-0.00651,0.01230,-5.00,0.00,0.00,23.7,125.76,634.11,278.70,DESCEND
4.8288,0.0384,0.4661,-0.2226,0.00793,-0.00851,0.01130,-5.00,0.00,0.00,23.8,125.76,634.11,278.66,DESCEND
4.8390,0.1384,0.0561,-0.1826,0.01393,0.00048,0.00830,-5.00,0.00,0.00,23.8,125.76,634.11,278.60,DESCEND
4.8491,0.0384,0.0961,-0.0526,0.01093,0.00348,0.00630,-5.00,0.00,0.00,23.9,125.76,634.11,278.56,DESCEND
4.8592,0.2284,0.3661,-0.1126,0.01993,-0.00251,0.01330,-5.00,0.00,0.00,23.9,125.76,634.11,278.50,DESCEND
4.8693,0.2184,0.6761,-0.6526,0.02693,0.00648,0.01330,-5.00,0.00,0.00,24.0,125.76,634.12,278.46,DESCEND
4.8794,-0.0415,0.3561,-0.0226,-0.00706,0.00348,0.01030,-5.00,0.00,0.00,24.0,125.76,634.12,278.40,DESCEND
4.8895,0.0084,0.3161,0.2673,0.00793,0.01048,0.00830,-5.00,0.00,0.00,24.1,125.76,634.12,278.36,DESCEND
4.8995,0.0684,0.2661,-0.1926,0.00293,-0.00851,0.00630,-5.00,0.00,0.00,24.1,125.76,634.12,278.30,DESCEND
4.9096,0.0884,0.2661,-0.1626,0.01493,0.00548,0.01130,-5.00,0.00,0.00,24.2,125.76,634.12,278.24,DESCEND
4.9197,-0.0315,0.0561,-0.2726,0.00393,0.00348,0.00930,-5.00,0.00,0.00,24.2,125.76,634.13,278.20,DESCEND
4.9298,-0.0015,0.5261,-0.6226,-0.00306,-0.02051,0.01130,-5.00,0.00,0.00,24.3,125.76,634.13,278.14,DESCEND
4.9399,0.0084,0.3461,-0.4726,-0.00706,-0.00451,0.01030,-5.00,0.00,0.00,24.3,125.76,634.13,278.10,DESCEND
4.9500,0.2384,0.2261,-0.3626,0.01293,-0.00451,0.00830,-5.00,0.00,0.00,24.4,125.76,634.13,278.04,DESCEND
4.9601,0.1784,0.5061,-0.4226,0.00693,-0.01251,0.01430,-5.00,0.00,0.00,24.4,125.77,634.13,278.00,DESCEND
4.9702,-0.0315,0.3661,-0.2326,0.00493,-0.00451,0.00830,-5.00,0.00,0.00,24.5,125.77,634.14,277.94,DESCEND
4.9803,0.1084,0.5861,-0.3526,0.00293,-0.01051,0.01130,-5.00,0.00,0.00,24.5,125.77,634.14,277.90,DESCEND
4.9904,-0.0415,0.0461,-0.2226,-0.00506,0.00448,0.00930,-5.00,0.00,0.00,24.6,125.77,634.14,277.84,DESCEND
5.0005,0.2284,0.4661,-0.3326,-0.00106,-0.01351,0.01030,-5.00,0.00,0.00,24.6,125.77,634.14,277.80,DESCEND
5.0106,0.1484,0.5061,-0.5226,0.00693,-0.01251,0.01230,-5.00,0.00,0.00,24.7,125.77,634.14,277.74,DESCEND
5.0208,0.1284,0.2661,-0.4526,0.00193,-0.00451,0.00930,-5.00,0.00,0.00,24.7,125.77,634.14,277.70,DESCEND
5.0308,0.2284,0.5261,-0.3926,0.00793,-0.00551,0.01330,-5.00,0.00,0.00,24.8,125.77,634.15,277.64,DESCEND
5.0409,0.1884,0.5161,-0.6226,0.00793,-0.00751,0.01130,-5.00,0.00,0.00,24.8,125.77,634.15,277.60,DESCEND
5.0510,-0.2315,0.6061,-0.2526,-0.01006,-0.00351,0.01630,-5.00,0.00,0.00,24.9,125.77,634.15,277.54,DESCEND
5.0611,0.0384,0.3161,-0.3326,0.00193,-0.00651,0.01130,-5.00,0.00,0.00,24.9,125.77,634.15,277.50,DESCEND
5.0712,0.1184,0.6161,-0.2926,0.00393,-0.00151,0.01030,-5.00,0.00,0.00,25.0,125.77,634.15,277.44,DESCEND
5.0813,0.0384,0.2161,-0.2426,0.00093,0.00348,0.01030,-5.00,0.00,0.00,25.0,125.77,634.16,277.40,DESCEND
5.0914,0.0784,0.4161,-0.0926,0.00193,0.00248,0.00930,-5.00,0.00,0.00,25.1,125.77,634.16,277.34,DESCEND
5.1015,0.1184,0.4961,-0.1726,-0.00106,-0.01251,0.01230,-5.00,0.00,0.00,25.1,125.77,634.16,277.28,DESCEND
5.1116,0.1284,0.3361,-0.4626,0.00793,0.00248,0.01130,-5.00,0.00,0.00,25.2,125.77,634.16,277.24,DESCEND
5.1217,0.2984,0.3861,-0.2226,0.00993,-0.00851,0.00930,-5.00,0.00,0.00,25.2,125.77,634.16,277.18,DESCEND
5.1318,0.0184,0.2261,-0.5926,0.00293,-0.01351,0.00930,-5.00,0.00,0.00,25.3,125.77,634.16,277.14,DESCEND
5.1419,0.0184,0.5361,-0.2126,-0.01206,-0.01351,0.01130,-5.00,0.00,0.00,25.3,125.77,634.17,277.08,DESCEND
5.1520,0.2384,0.1561,-0.1526,0.01093,-0.00551,0.01030,-5.00,0.00,0.00,25.4,125.77,634.17,277.04,DESCEND
5.1621,0.0384,0.4761,-0.4826,0.00393,-0.01251,0.01430,-5.00,0.00,0.00,25.4,125.77,634.17,276.98,DESCEND
5.1722,-0.0315,0.7361,-0.4326,-0.00006,-0.00851,0.01130,-5.00,0.00,0.00,25.5,125.77,634.17,276.94,DESCEND
5.1823,0.1484,0.6061,-0.4126,0.01493,-0.00551,0.01630,-5.00,0.00,0.00,25.5,125.77,634.17,276.88,DESCEND
5.1924,-0.1615,0.2661,-0.0526,-0.01006,0.00748,0.01130,-5.00,0.00,0.00,25.6,125.77,634.18,276.84,DESCEND
5.2025,-0.0215,0.0261,0.0473,0.00593,0.00648,0.00930,-5.00,0.00,0.00,25.6,125.77,634.18,276.78,DESCEND
5.2125,0.0484,0.3261,-0.2226,0.01293,0.00148,0.01230,-5.00,0.00,0.00,25.7,125.77,634.18,276.74,DESCEND
5.2226,0.0084,0.7661,-0.4726,0.00493,-0.00651,0.01330,-5.00,0.00,0.00,25.7,125.77,634.18,276.68,DESCEND
5.2327,0.0784,0.6261,-0.5826,-0.00006,-0.00751,0.01330,-5.00,0.00,0.00,25.8,125.77,634.18,276.64,DESCEND
5.2428,-0.0715,0.3361,-0.2126,0.00393,-0.00151,0.00830,-5.00,0.00,0.00,25.8,125.77,634.19,276.58,DESCEND
5.2529,0.1584,0.1861,-0.2426,-0.00006,-0.01551,0.01130,-5.00,0.00,0.00,25.9,125.77,634.19,276.54,DESCEND
5.2630,-0.1315,0.1161,-0.0426,-0.00206,-0.00251,0.00930,-5.00,0.00,0.00,25.9,125.77,634.19,276.48,DESCEND
5.2731,0.1984,0.2361,-0.4126,0.02793,-0.00451,0.01130,-5.00,0.00,0.00,26.0,125.77,634.19,276.44,DESCEND
5.2832,0.0784,0.3661,-0.2226,0.00693,-0.00451,0.01230,-5.00,0.00,0.00,26.0,125.77,634.19,276.38,DESCEND
5.2933,-0.0915,0.5561,-0.3826,-0.00506,-0.00651,0.01230,-5.00,0.00,0.00,26.1,125.77,634.19,276.34,DESCEND
5.3034,-0.1015,0.6861,-0.6426,-0.00806,-0.00151,0.01430,-5.00,0.00,0.00,26.1,125.77,634.20,276.28,DESCEND
5.3135,-0.0615,0.6161,-0.3326,-0.01606,-0.01351,0.01630,-5.00,0.00,0.00,26.2,125.77,634.20,276.22,DESCEND
5.3235,0.0784,0.4161,-0.5426,0.00493,-0.00851,0.00830,-5.00,0.00,0.00,26.2,125.77,634.20,276.18,DESCEND
5.3336,0.1984,0.0861,-0.3026,0.00793,-0.00251,0.00730,-5.00,0.00,0.00,26.3,125.77,634.20,276.12,DESCEND
5.3437,0.0384,0.8561,-0.4826,-0.00206,-0.00651,0.01430,-5.00,0.00,0.00,26.3,125.77,634.20,276.08,DESCEND
5.3538,-0.0215,0.6761,-0.3326,0.00393,-0.00251,0.01330,-5.00,0.00,0.00,26.4,125.77,634.21,276.02,DESCEND
5.3639,-0.0015,0.3961,-0.1226,0.00393,0.01548,0.00530,-5.00,0.00,0.00,26.4,125.77,634.21,275.98,DESCEND
5.3740,-0.0815,0.1861,0.1173,0.00693,0.01448,0.00830,-5.00,0.00,0.00,26.5,125.77,634.21,275.92,DESCEND
5.3841,0.0884,0.4861,-0.1126,-0.00006,-0.00851,0.01430,-5.00,0.00,0.00,26.5,125.77,634.21,275.88,DESCEND
5.3942,0.0884,0.3061,-0.2226,-0.00806,-0.01451,0.00630,-5.00,0.00,0.00,26.6,125.77,634.21,275.82,DESCEND
5.4043,0.0184,0.4861,-0.5326,0.00093,-0.00851,0.01430,-5.00,0.00,0.00,26.6,125.77,634.22,275.78,DESCEND
5.4144,-0.1715,0.1261,0.0373,0.00093,0.01148,0.00830,-5.00,0.00,0.00,26.7,125.77,634.22,275.72,DESCEND
5.4245,0.2184,0.3161,-0.1026,0.00493,-0.00651,0.00530,-5.00,0.00,0.00,26.7,125.77,634.22,275.68,DESCEND
5.4346,-0.0015,-0.0838,0.0573,0.00693,0.01348,0.00930,-5.00,0.00,0.00,26.8,125.77,634.22,275.62,DESCEND
5.4447,-0.0815,0.4661,-0.5126,-0.00206,-0.00251,0.01130,-5.00,0.00,0.00,26.8,125.77,634.22,275.58,DESCEND
5.4548,-0.0115,0.0661,0.0773,0.01093,0.00448,0.00830,-5.00,0.00,0.00,26.9,125.77,634.22,275.52,DESCEND
5.4649,0.2284,0.3461,-0.2626,0.00993,-0.00251,0.01130,-5.00,0.00,0.00,26.9,125.77,634.23,275.48,DESCEND
5.4750,0.1084,0.4761,-0.4026,0.00393,-0.00951,0.01130,-5.00,0.00,0.00,27.0,125.77,634.23,275.42,DESCEND
5.4851,0.1084,0.7661,-0.4926,0.00393,-0.00251,0.01330,-5.00,0.00,0.00,27.0,125.77,634.23,275.38,DESCEND
5.4951,0.2184,0.3861,-0.3426,0.01593,-0.00951,0.01130,-5.00,0.00,0.00,27.1,125.77,634.23,275.32,DESCEND
5.5052,0.1284,0.3061,-0.2926,0.00593,0.00448,0.00830,-5.00,0.00,0.00,27.1,125.77,634.23,275.28,DESCEND
5.5153,-0.0715,0.5061,-0.6926,-0.00806,-0.01251,0.01430,-5.00,0.00,0.00,27.2,125.77,634.24,275.22,DESCEND
5.5254,-0.0115,0.4361,-0.5826,-0.01106,-0.02151,0.01430,-5.00,0.00,0.00,27.2,125.77,634.24,275.18,DESCEND
5.5356,0.1084,0.3461,-0.4626,0.00593,-0.00751,0.01230,-5.00,0.00,0.00,27.3,125.77,634.24,275.12,DESCEND
5.5457,0.2684,0.4561,-0.4726,0.02593,0.00148,0.01030,-5.00,0.00,0.00,27.4,125.77,634.24,275.06,DESCEND
5.5557,0.0884,0.0761,-0.2326,0.00393,-0.00451,0.01130,-5.00,0.00,0.00,27.4,125.77,634.24,275.02,DESCEND
5.5658,0.0784,0.4261,-0.4126,-0.01006,-0.01451,0.01430,-5.00,0.00,0.00,27.5,125.77,634.25,274.96,DESCEND
5.5759,0.0384,0.2961,-0.1926,0.00293,-0.00951,0.01030,-5.00,0.00,0.00,27.5,125.77,634.25,274.92,DESCEND
5.5860,0.0684,0.5161,-0.4526,-0.00006,-0.00051,0.01130,-5.00,0.00,0.00,27.6,125.77,634.25,274.86,DESCEND
5.5961,0.0984,0.3061,-0.4626,0.00893,-0.01051,0.01730,-5.00,0.00,0.00,27.6,125.77,634.25,274.82,DESCEND
5.6062,-0.1415,0.4561,-0.1726,-0.00306,0.00248,0.00830,-5.00,0.00,0.00,27.7,125.77,634.25,274.76,DESCEND
5.6163,0.0984,0.6361,-0.2526,0.00093,0.00248,0.01330,-5.00,0.00,0.00,27.7,125.77,634.25,274.72,DESCEND
5.6264,-0.1615,0.3861,-0.4726,-0.00006,-0.00651,0.01530,-5.00,0.00,0.00,27.8,125.77,634.26,274.66,DESCEND
5.6365,0.0484,0.2961,-0.0826,0.00393,-0.00251,0.00930,-5.00,0.00,0.00,27.8,125.77,634.26,274.62,DESCEND
5.6466,0.1184,0.2761,-0.2226,0.02293,0.00748,0.01030,-5.00,0.00,0.00,27.9,125.77,634.26,274.56,DESCEND
5.6567,0.0184,0.0661,0.0273,0.01493,0.01848,0.00530,-5.00,0.00,0.00,27.9,125.78,634.26,274.52,DESCEND
5.6668,0.0184,0.3961,-0.5126,0.00693,-0.00451,0.01330,-5.00,0.00,0.00,28.0,125.78,634.26,274.46,DESCEND
5.6769,0.1984,0.3261,-0.1726,0.00993,-0.00351,0.01230,-5.00,0.00,0.00,28.0,125.78,634.27,274.42,DESCEND
5.6870,0.0584,0.5761,-0.4726,-0.00106,-0.00851,0.01230,-5.00,0.00,0.00,28.1,125.78,634.27,274.36,DESCEND
5.6971,0.2084,0.1961,-0.2826,0.01993,0.00048,0.01230,-5.00,0.00,0.00,28.1,125.78,634.27,274.32,DESCEND
5.7072,0.1784,0.3161,-0.3226,0.01393,-0.00551,0.01130,-5.00,0.00,0.00,28.2,125.78,634.27,274.26,DESCEND
5.7173,-0.0715,0.4261,-0.6026,-0.00306,-0.00151,0.01330,-5.00,0.00,0.00,28.2,125.78,634.27,274.20,DESCEND
5.7274,0.0784,0.2361,-0.3326,0.02193,-0.00051,0.01330,-5.00,0.00,0.00,28.3,125.78,634.27,274.16,DESCEND
5.7375,0.1484,0.5461,-0.4526,0.00093,-0.01351,0.01330,-5.00,0.00,0.00,28.3,125.78,634.28,274.10,DESCEND
5.7476,0.0284,0.4161,-0.5926,-0.00006,-0.01251,0.00830,-5.00,0.00,0.00,28.4,125.78,634.28,274.06,DESCEND
5.7577,0.1684,0.3161,-0.4526,0.00893,0.00048,0.01130,-5.00,0.00,0.00,28.4,125.78,634.28,274.00,DESCEND
5.7678,0.2284,-0.0738,-0.1426,0.01793,-0.00151,0.00730,-5.00,0.00,0.00,28.5,125.78,634.28,273.96,DESCEND
5.7779,0.0384,0.7061,-0.4126,-0.00106,-0.00951,0.01430,-5.00,0.00,0.00,28.5,125.78,634.28,273.90,DESCEND
5.7880,0.0084,0.2061,-0.1226,0.00093,0.00448,0.00930,-5.00,0.00,0.00,28.6,125.78,634.29,273.86,DESCEND
5.7981,0.0484,0.5861,-0.7926,0.00893,-0.00151,0.01630,-5.00,0.00,0.00,28.6,125.78,634.29,273.80,DESCEND
5.8082,0.1984,-0.0238,-0.1626,0.01193,-0.01551,0.01230,-5.00,0.00,0.00,28.7,125.78,634.29,273.76,DESCEND
5.8183,0.2884,0.1461,-0.0726,0.02893,0.00448,0.00930,-5.00,0.00,0.00,28.7,125.78,634.29,273.70,DESCEND
5.8284,0.0384,0.3261,-0.1726,0.00793,-0.00051,0.00930,-5.00,0.00,0.00,28.8,125.78,634.29,273.66,DESCEND
5.8385,0.1884,0.1661,-0.1526,0.01093,-0.00351,0.00730,-5.00,0.00,0.00,28.8,125.78,634.30,273.60,DESCEND
5.8486,0.1284,0.4761,-0.2226,0.02293,-0.00051,0.01630,-5.00,0.00,0.00,28.9,125.78,634.30,273.56,DESCEND
5.8587,-0.0615,0.0661,-0.1026,-0.00606,0.00148,0.00930,-5.00,0.00,0.00,28.9,125.78,634.30,273.50,DESCEND
5.8688,0.1084,0.1461,-0.2526,-0.00606,-0.00551,0.01030,-5.00,0.00,0.00,29.0,125.78,634.30,273.46,DESCEND
5.8789,-0.0515,0.3061,-0.0926,0.00293,-0.00251,0.01430,-5.00,0.00,0.00,29.0,125.78,634.30,273.40,DESCEND
5.8890,-0.0515,0.7861,-0.5526,0.01193,-0.00951,0.01230,-5.00,0.00,0.00,29.1,125.78,634.30,273.36,DESCEND
5.8991,0.2984,0.4361,-0.3526,0.02293,0.00248,0.01330,-5.00,0.00,0.00,29.1,125.78,634.31,273.30,DESCEND
5.9092,-0.0715,0.1761,-0.0426,-0.00206,0.00148,0.01030,-5.00,0.00,0.00,29.2,125.78,634.31,273.27,DESCEND
5.9193,0.0584,0.3161,-0.3826,0.00593,-0.00451,0.00830,-5.00,0.00,0.00,29.2,125.78,634.31,273.21,DESCEND
5.9294,0.0184,0.3661,-0.1826,0.00593,-0.00351,0.00830,-5.00,0.00,0.00,29.3,125.78,634.31,273.17,DESCEND
5.9395,0.1384,0.4561,-0.5426,0.01493,0.00148,0.00830,-5.00,0.00,0.00,29.3,125.78,634.31,273.11,DESCEND
5.9496,0.1684,0.2961,-0.3326,0.01193,0.00048,0.01130,-5.00,0.00,0.00,29.4,125.78,634.32,273.05,DESCEND
5.9597,0.1184,0.1961,-0.3526,-0.01006,-0.01351,0.01030,-5.00,0.00,0.00,29.4,125.78,634.32,273.01,DESCEND
5.9698,0.1984,0.4561,-0.6426,0.02493,-0.00851,0.01230,-5.00,0.00,0.00,29.5,125.78,634.32,272.95,DESCEND
5.9799,0.0084,0.2661,-0.5626,0.02093,0.00248,0.01030,-5.00,0.00,0.00,29.5,125.78,634.32,272.91,DESCEND
5.9899,0.0884,0.3361,-0.4226,0.01093,-0.01151,0.01230,-5.00,0.00,0.00,29.6,125.78,634.32,272.85,DESCEND
6.0000,0.0984,0.1061,-0.0326,-0.00106,-0.00251,0.00930,-5.00,0.00,0.00,29.6,125.78,634.33,272.81,DESCEND
6.0101,0.0884,-0.1238,0.1773,0.00393,0.00748,0.00530,-5.00,0.00,0.00,29.7,125.78,634.33,272.75,DESCEND
6.0202,0.1384,0.3861,-0.2426,0.00593,-0.00251,0.01130,-5.00,0.00,0.00,29.7,125.78,634.33,272.71,DESCEND
6.0303,0.2684,0.5561,-0.6126,-0.00106,-0.02251,0.01430,-5.00,0.00,0.00,29.8,125.78,634.33,272.65,DESCEND
6.0404,-0.1115,0.4561,-0.6026,-0.00506,-0.01151,0.01530,-5.00,0.00,0.00,29.8,125.78,634.33,272.61,DESCEND
6.0506,-0.1715,0.1061,-0.2626,-0.00506,-0.01251,0.01230,-5.00,0.00,0.00,29.9,125.78,634.33,272.55,DESCEND
6.0607,0.0284,0.4061,-0.2426,-0.00006,0.00148,0.01330,-5.00,0.00,0.00,29.9,125.78,634.34,272.51,DESCEND
6.0708,0.0484,0.7661,-0.6126,0.00293,-0.00951,0.01830,-5.00,0.00,0.00,30.0,125.78,634.34,272.45,DESCEND
6.0809,0.1084,0.9261,-0.7326,0.00593,-0.00651,0.01730,-5.00,0.00,0.00,30.0,125.78,634.34,272.41,DESCEND
6.0910,0.0684,0.5461,-0.4726,-0.01106,-0.01751,0.01230,-5.00,0.00,0.00,30.1,125.78,634.34,272.35,DESCEND
6.1011,0.1984,0.5261,-0.4826,0.00493,-0.00151,0.00930,-5.00,0.00,0.00,30.1,125.78,634.34,272.31,DESCEND
6.1112,0.1784,0.6261,-0.4426,0.00393,-0.00951,0.01330,-5.00,0.00,0.00,30.2,125.78,634.35,272.25,DESCEND
6.1213,0.1284,0.2861,-0.4026,-0.00406,-0.00351,0.00730,-5.00,0.00,0.00,30.2,125.78,634.35,272.21,DESCEND
6.1314,0.0684,0.2461,-0.3626,0.01193,-0.00051,0.01030,-5.00,0.00,0.00,30.3,125.78,634.35,272.15,DESCEND
6.1415,0.0584,0.5461,-0.4626,-0.01306,-0.01651,0.01030,-5.00,0.00,0.00,30.3,125.78,634.35,272.11,DESCEND
6.1515,0.1484,0.2361,-0.6226,-0.00206,-0.00751,0.01030,-5.00,0.00,0.00,30.4,125.78,634.35,272.05,DESCEND
6.1616,-0.0315,0.2061,0.0573,0.00493,0.01048,0.00930,-5.00,0.00,0.00,30.4,125.78,634.36,271.99,DESCEND
6.1717,0.0384,0.0561,-0.1326,-0.00806,-0.00551,0.00830,-5.00,0.00,0.00,30.5,125.78,634.36,271.95,DESCEND
6.1818,-0.0115,0.2661,-0.2226,0.00493,-0.00151,0.01130,-5.00,0.00,0.00,30.5,125.78,634.36,271.89,DESCEND
6.1919,-0.0815,0.1261,-0.3426,0.00093,-0.00851,0.01030,-5.00,0.00,0.00,30.6,125.78,634.36,271.85,DESCEND
6.2020,0.0284,0.1661,-0.1726,0.00993,0.00148,0.01030,-5.00,0.00,0.00,30.6,125.78,634.36,271.79,DESCEND
6.2121,-0.0515,0.5261,-0.3626,0.01593,0.00148,0.01130,-5.00,0.00,0.00,30.7,125.78,634.36,271.75,DESCEND
6.2222,0.0584,0.3861,-0.3826,-0.00006,-0.00651,0.01430,-5.00,0.00,0.00,30.7,125.78,634.37,271.69,DESCEND
6.2323,0.1384,0.1561,-0.4326,0.00693,-0.00751,0.00830,-5.00,0.00,0.00,30.8,125.78,634.37,271.65,DESCEND
6.2424,0.1184,0.2961,0.0673,0.00793,0.00148,0.01130,-5.00,0.00,0.00,30.8,125.78,634.37,271.59,DESCEND
6.2525,-0.0115,0.5361,-0.5226,0.00793,-0.00351,0.01530,-5.00,0.00,0.00,30.9,125.78,634.37,271.55,DESCEND
6.2626,-0.0915,0.4661,-0.4826,0.00093,0.00148,0.01130,-5.00,0.00,0.00,30.9,125.78,634.37,271.49,DESCEND
6.2727,0.0284,0.4961,-0.3826,-0.01006,-0.01351,0.01530,-5.00,0.00,0.00,31.0,125.78,634.38,271.45,DESCEND
6.2828,0.0984,0.3961,-0.3526,0.00393,-0.00851,0.01230,-5.00,0.00,0.00,31.0,125.78,634.38,271.39,DESCEND
6.2929,0.1384,0.0561,-0.0326,0.00093,0.00748,0.01030,-5.00,0.00,0.00,31.1,125.78,634.38,271.35,DESCEND
6.3031,0.1884,0.4461,-0.5326,0.00093,-0.01551,0.00930,-5.00,0.00,0.00,31.1,125.78,634.38,271.29,DESCEND
6.3132,-0.1715,0.3661,-0.2526,-0.01806,-0.00751,0.01430,-5.00,0.00,0.00,31.2,125.78,634.38,271.25,DESCEND
6.3233,-0.0715,0.3461,-0.3026,-0.00806,-0.00951,0.01430,-5.00,0.00,0.00,31.2,125.78,634.39,271.19,DESCEND
6.3334,-0.2115,0.6261,-0.1326,0.00393,0.01148,0.01330,-5.00,0.00,0.00,31.3,125.78,634.39,271.15,DESCEND
6.3435,-0.1015,0.6661,-0.3626,-0.00106,0.00048,0.01130,-5.00,0.00,0.00,31.3,125.78,634.39,271.09,DESCEND
6.3535,0.1184,0.6461,-0.5826,-0.00606,-0.02251,0.01330,-5.00,0.00,0.00,31.4,125.78,634.39,271.03,DESCEND
6.3636,0.1184,0.1461,0.0173,0.00793,-0.00451,0.00730,-5.00,0.00,0.00,31.4,125.79,634.39,270.99,DESCEND
6.3737,0.0384,0.4361,-0.5526,-0.00806,-0.01551,0.01030,-5.00,0.00,0.00,31.5,125.79,634.39,270.95,DESCEND
6.3838,0.2884,0.0161,0.3273,0.00993,-0.00251,0.00630,-5.00,0.00,0.00,31.5,125.79,634.40,270.89,DESCEND
6.3940,0.1184,-0.3338,0.2373,0.01193,0.00448,0.00630,-5.00,0.00,0.00,31.6,125.79,634.40,270.83,DESCEND
6.4041,0.1784,0.2761,-0.1326,0.01393,0.00048,0.01230,-5.00,0.00,0.00,31.6,125.79,634.40,270.79,DESCEND
6.4142,0.0584,0.7961,-0.8526,0.00593,-0.01551,0.01230,-5.00,0.00,0.00,31.7,125.79,634.40,270.73,DESCEND
6.4242,0.0784,0.6261,-0.5826,-0.00606,-0.00851,0.01430,-5.00,0.00,0.00,31.7,125.79,634.40,270.69,DESCEND
6.4343,0.1184,0.1361,-0.1626,0.00893,-0.00051,0.01130,-5.00,0.00,0.00,31.8,125.79,634.41,270.63,DESCEND
6.4445,0.0284,0.4061,-0.4526,0.01893,0.00148,0.01030,-5.00,0.00,0.00,31.8,125.79,634.41,270.59,DESCEND
6.4546,0.0884,0.4761,-0.3026,0.00593,-0.00651,0.01030,-5.00,0.00,0.00,31.9,125.79,634.41,270.53,DESCEND
6.4647,0.2984,0.3961,-0.5826,0.02393,-0.00551,0.01230,-5.00,0.00,0.00,31.9,125.79,634.41,270.49,DESCEND
6.4748,-0.0415,0.4261,-0.4026,0.00393,-0.00451,0.01330,-5.00,0.00,0.00,32.0,125.79,634.41,270.43,DESCEND
6.4849,0.0584,0.2661,-0.4326,0.01193,-0.01251,0.01030,-5.00,0.00,0.00,32.0,125.79,634.41,270.39,DESCEND
6.4950,0.0484,0.3761,-0.5726,0.00893,-0.00251,0.01330,-5.00,0.00,0.00,32.1,125.79,634.42,270.33,DESCEND
6.5051,0.1084,0.4461,-0.2326,0.02393,0.00848,0.01230,-5.00,0.00,0.00,32.1,125.79,634.42,270.29,DESCEND
6.5152,-0.0915,0.2061,-0.0826,-0.00206,-0.00451,0.01430,-5.00,0.00,0.00,32.2,125.79,634.42,270.23,DESCEND
6.5253,0.0684,0.4461,-0.0626,0.01393,0.00048,0.01430,-5.00,0.00,0.00,32.2,125.79,634.42,270.19,DESCEND
6.5354,0.0884,0.3061,-0.2826,0.00793,0.00048,0.01330,-5.00,0.00,0.00,32.3,125.79,634.42,270.13,DESCEND
6.5456,0.2684,0.6361,-0.3726,0.01093,-0.00851,0.01730,-5.00,0.00,0.00,32.4,125.79,634.43,270.07,DESCEND
6.5557,0.2384,0.3361,-0.2426,0.00993,-0.00851,0.01030,-5.00,0.00,0.00,32.4,125.79,634.43,270.03,DESCEND
6.5657,-0.0115,0.0661,-0.0726,0.00193,0.00248,0.00730,-5.00,0.00,0.00,32.5,125.79,634.43,269.97,DESCEND
6.5759,0.2984,0.1861,-0.1926,0.01993,0.00248,0.01030,-5.00,0.00,0.00,32.5,125.79,634.43,269.93,DESCEND
6.5859,0.1284,0.4061,-0.4626,0.01193,-0.00351,0.00830,-5.00,0.00,0.00,32.6,125.79,634.43,269.87,DESCEND
6.5960,0.0384,0.6361,-0.4926,0.01193,-0.00451,0.01330,-5.00,0.00,0.00,32.6,125.79,634.44,269.83,DESCEND
6.6061,0.0084,0.4061,-0.2926,0.00693,-0.00451,0.01030,-5.00,0.00,0.00,32.7,125.79,634.44,269.77,DESCEND
6.6162,0.0484,0.5161,-0.7826,0.00693,-0.01351,0.01330,-5.00,0.00,0.00,32.7,125.79,634.44,269.73,DESCEND
6.6263,0.2684,0.3761,-0.3326,0.01693,-0.00951,0.01330,-5.00,0.00,0.00,32.8,125.79,634.44,269.67,DESCEND
6.6364,0.0984,0.2661,-0.2126,0.00593,-0.00151,0.01330,-5.00,0.00,0.00,32.8,125.79,634.44,269.63,DESCEND
6.6465,-0.0315,-0.1038,-0.0526,0.02293,0.01148,0.00830,-5.00,0.00,0.00,32.9,125.79,634.45,269.57,DESCEND
6.6566,0.1784,0.6361,-0.4226,-0.00006,-0.01651,0.01330,-5.00,0.00,0.00,32.9,125.79,634.45,269.53,DESCEND
6.6667,0.2384,0.7461,-0.6926,0.01093,-0.01151,0.01330,-5.00,0.00,0.00,33.0,125.79,634.45,269.47,DESCEND
6.6768,0.0484,0.2561,-0.2626,-0.00006,-0.00751,0.01230,-5.00,0.00,0.00,33.0,125.79,634.45,269.43,DESCEND
6.6869,0.2084,0.4061,-0.4026,0.01193,-0.00551,0.01530,-5.00,0.00,0.00,33.1,125.79,634.45,269.37,DESCEND
6.6970,-0.0615,0.3561,-0.2326,0.00493,0.00648,0.01030,-5.00,0.00,0.00,33.1,125.79,634.45,269.33,DESCEND
6.7071,0.0484,0.3261,-0.1126,0.01693,0.00348,0.00830,-5.00,0.00,0.00,33.2,125.79,634.46,269.27,DESCEND
6.7172,0.1584,0.5561,-0.7326,0.00593,-0.01351,0.01430,-5.00,0.00,0.00,33.2,125.79,634.46,269.23,DESCEND
6.7273,-0.0215,0.0761,-0.3426,-0.01006,-0.01251,0.00730,-5.00,0.00,0.00,33.3,125.79,634.46,269.17,DESCEND
6.7374,0.2184,0.4161,-0.3726,-0.00606,-0.01051,0.01330,-5.00,0.00,0.00,33.3,125.79,634.46,269.13,DESCEND
6.7475,0.1884,0.4061,-0.5026,0.01493,-0.00251,0.01330,-5.00,0.00,0.00,33.4,125.79,634.46,269.07,DESCEND
6.7576,-0.0515,0.5461,-0.4926,-0.00906,-0.00751,0.01530,-5.00,0.00,0.00,33.4,125.79,634.47,269.01,DESCEND
6.7677,0.0584,0.7561,-0.9326,-0.00106,-0.01851,0.01630,-5.00,0.00,0.00,33.5,125.79,634.47,268.97,DESCEND
6.7778,0.1584,0.6161,-0.5526,0.01693,-0.00151,0.01430,-5.00,0.00,0.00,33.5,125.79,634.47,268.91,DESCEND
6.7879,-0.0215,0.7361,-0.6226,0.00093,-0.01051,0.01630,-5.00,0.00,0.00,33.6,125.79,634.47,268.87,DESCEND
6.7980,0.1784,0.4661,-0.4926,0.00593,-0.00451,0.01230,-5.00,0.00,0.00,33.6,125.79,634.47,268.81,DESCEND
6.8081,0.0384,0.3861,-0.5326,-0.00106,-0.00451,0.01530,-5.00,0.00,0.00,33.7,125.79,634.47,268.77,DESCEND
6.8182,0.0484,0.2161,-0.0026,0.00693,0.00648,0.01430,-5.00,0.00,0.00,33.7,125.79,634.48,268.71,DESCEND
6.8282,0.1484,0.2761,-0.1626,0.00393,-0.00951,0.00930,-5.00,0.00,0.00,33.8,125.79,634.48,268.67,DESCEND
6.8396,-0.0515,0.2561,0.0273,0.00093,-0.00251,0.01130,-5.00,0.00,0.00,33.8,125.79,634.48,268.61,DESCEND
6.8497,-0.0915,0.3461,-0.4326,0.00493,-0.00451,0.01230,-5.00,0.00,0.00,33.9,125.79,634.48,268.55,DESCEND
6.8598,-0.1015,0.0761,0.0873,0.01493,0.01048,0.01130,-5.00,0.00,0.00,33.9,125.79,634.48,268.51,DESCEND
6.8699,-0.0215,0.3261,-0.2626,0.00793,-0.00251,0.01330,-5.00,0.00,0.00,34.0,125.79,634.49,268.45,DESCEND
6.8800,0.0684,0.3761,-0.4926,-0.00006,-0.00951,0.01130,-5.00,0.00,0.00,34.0,125.79,634.49,268.41,DESCEND
6.8901,0.2684,0.7261,-0.3226,0.02293,0.00248,0.01430,-5.00,0.00,0.00,34.1,125.79,634.49,268.35,DESCEND
6.9001,0.0584,0.1761,-0.1226,0.01293,0.01348,0.01230,-5.00,0.00,0.00,34.1,125.79,634.49,268.31,DESCEND
6.9102,0.2184,0.5661,-0.7226,0.01493,-0.00451,0.01430,-5.00,0.00,0.00,34.2,125.79,634.49,268.25,DESCEND
6.9203,0.2084,0.2361,-0.4526,0.00893,-0.00251,0.01030,-5.00,0.00,0.00,34.2,125.79,634.50,268.21,DESCEND
6.9304,0.0484,0.4361,-0.3926,0.00493,-0.00251,0.01130,-5.00,0.00,0.00,34.3,125.79,634.50,268.15,DESCEND
6.9405,0.1184,0.4561,-0.3526,0.01293,0.00548,0.01030,-5.00,0.00,0.00,34.3,125.79,634.50,268.11,DESCEND
6.9506,-0.0115,0.4761,-0.3626,0.00993,-0.00851,0.01330,-5.00,0.00,0.00,34.4,125.79,634.50,268.05,DESCEND
6.9606,0.0984,0.3861,-0.2526,-0.00406,-0.01251,0.01730,-5.00,0.00,0.00,34.4,125.79,634.50,268.01,DESCEND
6.9708,-0.0315,0.6761,-0.6326,0.00593,-0.00451,0.01630,-5.00,0.00,0.00,34.5,125.79,634.51,267.95,DESCEND
6.9809,0.2184,0.1661,-0.1426,0.01293,0.00148,0.00930,-5.00,0.00,0.00,34.5,125.79,634.51,267.91,DESCEND
6.9910,0.0884,0.3961,-0.2426,0.00093,-0.01051,0.01130,-5.00,0.00,0.00,34.6,125.79,634.51,267.85,DESCEND
7.0011,0.0184,0.5961,-0.3226,0.00793,0.00148,0.01230,-5.00,0.00,0.00,34.6,125.79,634.51,267.81,DESCEND
7.0112,0.1384,0.2361,-0.3126,-0.00106,-0.01551,0.01230,-5.00,0.00,0.00,34.7,125.79,634.51,267.75,DESCEND
7.0213,-0.0015,0.2461,-0.3026,0.00093,-0.00051,0.01430,-5.00,0.00,0.00,34.7,125.79,634.51,267.71,DESCEND
7.0314,0.0084,0.2861,-0.4426,-0.00506,-0.01251,0.01530,-5.00,0.00,0.00,34.8,125.79,634.52,267.65,DESCEND
7.0415,-0.2115,0.2161,-0.1526,-0.00006,-0.00251,0.01230,-5.00,0.00,0.00,34.8,125.79,634.52,267.59,DESCEND
7.0515,0.1584,0.7561,-0.5426,0.00693,-0.01251,0.01430,-5.00,0.00,0.00,34.9,125.79,634.52,267.55,DESCEND
7.0617,-0.1415,0.3861,-0.4826,-0.01706,-0.01351,0.01630,-5.00,0.00,0.00,34.9,125.79,634.52,267.49,DESCEND
7.0718,0.0384,0.1761,-0.4426,0.00393,0.00348,0.01230,-5.00,0.00,0.00,35.0,125.79,634.52,267.45,DESCEND
7.0819,0.2084,0.5461,-0.2926,0.00193,-0.00551,0.01330,-5.00,0.00,0.00,35.0,125.80,634.53,267.39,DESCEND
7.0919,0.0184,0.6361,-0.0626,-0.00506,-0.00551,0.00930,-5.00,0.00,0.00,35.1,125.80,634.53,267.35,DESCEND
7.1020,0.1584,0.3961,-0.2626,0.00893,0.00148,0.01030,-5.00,0.00,0.00,35.1,125.80,634.53,267.29,DESCEND
7.1122,0.0984,0.4061,-0.3826,0.01193,-0.00151,0.01330,-5.00,0.00,0.00,35.2,125.80,634.53,267.25,DESCEND
7.1223,0.0784,0.3761,-0.3126,-0.00906,-0.01451,0.00830,-5.00,0.00,0.00,35.2,125.80,634.53,267.19,DESCEND
7.1324,-0.0215,0.6061,-0.5026,-0.00406,-0.00251,0.01530,-5.00,0.00,0.00,35.3,125.80,634.53,267.15,DESCEND
7.1425,0.1084,0.3761,-0.1926,0.00693,0.00048,0.01430,-5.00,0.00,0.00,35.3,125.80,634.54,267.09,DESCEND
7.1525,0.1484,0.1561,0.0373,0.01793,0.00848,0.01530,-5.00,0.00,0.00,35.4,125.80,634.54,267.05,DESCEND
7.1627,-0.0515,0.2761,-0.3426,0.00093,-0.00351,0.01230,-5.00,0.00,0.00,35.4,125.80,634.54,266.99,DESCEND
7.1728,0.1084,0.2561,-0.1826,0.01493,-0.00051,0.01130,-5.00,0.00,0.00,35.5,125.80,634.54,266.95,DESCEND
7.1828,0.1284,0.3161,-0.3226,0.00193,-0.00551,0.01530,-5.00,0.00,0.00,35.5,125.80,634.54,266.89,DESCEND
7.1929,0.1284,0.7061,-0.5326,0.00693,-0.00851,0.01230,-5.00,0.00,0.00,35.6,125.80,634.55,266.85,DESCEND
7.2030,0.1284,0.3461,-0.2626,0.00893,-0.00651,0.01530,-5.00,0.00,0.00,35.6,125.80,634.55,266.79,DESCEND
7.2131,0.0584,0.3061,-0.2026,0.01093,-0.00551,0.01230,-5.00,0.00,0.00,35.7,125.80,634.55,266.75,DESCEND
7.2232,-0.0415,0.5261,-0.4026,0.00793,0.00048,0.01230,-5.00,0.00,0.00,35.7,125.80,634.55,266.69,DESCEND
7.2333,0.3284,0.1261,-0.3126,0.01593,-0.00751,0.00830,-5.00,0.00,0.00,35.8,125.80,634.55,266.65,DESCEND
7.2434,0.0784,0.1761,-0.1426,-0.00006,-0.00651,0.01130,-5.00,0.00,0.00,35.8,125.80,634.56,266.59,DESCEND
7.2535,0.1484,0.4561,-0.5426,0.00193,-0.01551,0.01330,-5.00,0.00,0.00,35.9,125.80,634.56,266.53,DESCEND
7.2635,0.1384,0.3361,-0.2026,0.00793,-0.00251,0.01330,-5.00,0.00,0.00,35.9,125.80,634.56,266.49,DESCEND
7.2736,0.1284,0.2761,-0.2626,0.00293,-0.00851,0.01130,-5.00,0.00,0.00,36.0,125.80,634.56,266.43,DESCEND
7.2837,0.1684,0.6661,-0.6826,0.01193,-0.00551,0.01430,-5.00,0.00,0.00,36.0,125.80,634.56,266.39,DESCEND
7.2938,0.1684,0.1561,-0.0926,0.01693,0.00448,0.01230,-5.00,0.00,0.00,36.1,125.80,634.57,266.33,DESCEND
7.3039,-0.0615,0.3161,-0.3326,0.01293,0.00648,0.01230,-5.00,0.00,0.00,36.1,125.80,634.57,266.29,DESCEND
7.3140,0.0584,0.6061,-0.2626,-0.00506,-0.01151,0.01530,-5.00,0.00,0.00,36.2,125.80,634.57,266.23,DESCEND
7.3241,0.1084,0.5161,-0.1426,0.02193,0.00448,0.01530,-5.00,0.00,0.00,36.2,125.80,634.57,266.19,DESCEND
7.3342,-0.1415,0.4261,-0.6426,0.00593,0.00448,0.01230,-5.00,0.00,0.00,36.3,125.80,634.57,266.13,DESCEND
7.3443,0.0484,0.2661,-0.0626,0.01693,0.00948,0.01430,-5.00,0.00,0.00,36.3,125.80,634.57,266.09,DESCEND
7.3544,0.0784,0.2161,-0.0726,0.01493,0.00548,0.01230,-5.00,0.00,0.00,36.4,125.80,634.58,266.03,DESCEND
7.3645,0.1184,0.2261,0.0573,0.00293,0.00148,0.00930,-5.00,0.00,0.00,36.4,125.80,634.58,265.99,DESCEND
7.3746,0.1684,0.2861,-0.2026,-0.00206,-0.00551,0.01230,-5.00,0.00,0.00,36.5,125.80,634.58,265.93,DESCEND
7.3847,0.2384,0.3461,-0.0726,0.02693,0.00648,0.01230,-5.00,0.00,0.00,36.5,125.80,634.58,265.89,DESCEND
7.3948,0.0184,0.3061,-0.3926,0.00993,0.00448,0.01330,-5.00,0.00,0.00,36.6,125.80,634.58,265.83,DESCEND
7.4049,-0.1215,0.5161,-0.3026,-0.00206,0.00048,0.01430,-5.00,0.00,0.00,36.6,125.80,634.59,265.79,DESCEND
7.4150,-0.0715,0.3061,0.1073,0.01493,0.01548,0.01330,-5.00,0.00,0.00,36.7,125.80,634.59,265.73,DESCEND
7.4251,0.0184,0.3261,-0.3726,-0.00306,-0.00451,0.01130,-5.00,0.00,0.00,36.7,125.80,634.59,265.69,DESCEND
7.4352,0.2284,0.3861,-0.7926,0.02293,-0.00751,0.01130,-5.00,0.00,0.00,36.8,125.80,634.59,265.63,DESCEND
7.4453,0.0784,0.0761,-0.0126,-0.00206,-0.01251,0.01030,-5.00,0.00,0.00,36.8,125.80,634.59,265.59,DESCEND
7.4554,0.1884,0.1761,0.0773,0.00493,0.00048,0.00930,-5.00,0.00,0.00,36.9,125.80,634.60,265.53,DESCEND
7.4655,0.3084,0.4261,-0.3426,0.01893,-0.00551,0.01330,-5.00,0.00,0.00,36.9,125.80,634.60,265.49,DESCEND
7.4755,0.0584,0.3961,-0.1626,0.00493,0.00248,0.01030,-5.00,0.00,0.00,37.0,125.80,634.60,265.43,DESCEND
7.4856,0.0384,0.3861,-0.2426,-0.01206,-0.00951,0.01330,-5.00,0.00,0.00,37.1,125.80,634.60,265.37,DESCEND
7.4957,0.0984,0.4161,-0.7026,-0.00106,-0.01751,0.01130,-5.00,0.00,0.00,37.1,125.80,634.60,265.33,DESCEND
7.5058,-0.0815,0.1661,0.0573,0.00193,0.01248,0.01130,-5.00,0.00,0.00,37.2,125.80,634.60,265.27,DESCEND
7.5159,0.0384,0.7261,-0.6126,0.01393,-0.00251,0.01530,-5.00,0.00,0.00,37.2,125.80,634.61,265.23,DESCEND
7.5260,-0.0315,0.5961,-0.5426,0.01593,-0.00451,0.01630,-5.00,0.00,0.00,37.3,125.80,634.61,265.17,DESCEND
7.5361,0.1384,0.2661,-0.1326,0.02193,0.00548,0.01230,-5.00,0.00,0.00,37.3,125.80,634.61,265.13,DESCEND
7.5463,-0.0115,0.4361,-0.3926,0.01393,0.01048,0.01330,-5.00,0.00,0.00,37.4,125.80,634.61,265.07,DESCEND
7.5564,0.0684,0.3961,-0.1826,0.00793,0.00248,0.01530,-5.00,0.00,0.00,37.4,125.80,634.61,265.03,DESCEND
7.5665,0.0984,0.2461,-0.5526,0.00493,-0.01551,0.01430,-5.00,0.00,0.00,37.5,125.80,634.62,264.97,DESCEND
7.5766,0.2584,0.3161,-0.2726,0.01093,-0.00251,0.01030,-5.00,0.00,0.00,37.5,125.80,634.62,264.93,DESCEND
7.5867,-0.1115,0.4061,-0.3126,-0.00706,-0.00251,0.01030,-5.00,0.00,0.00,37.6,125.80,634.62,264.87,DESCEND
7.5968,0.1484,0.3361,-0.2826,0.01593,-0.00051,0.01130,-5.00,0.00,0.00,37.6,125.80,634.62,264.83,DESCEND
7.6069,-0.0615,0.3761,-0.4726,0.00893,-0.00551,0.01430,-5.00,0.00,0.00,37.7,125.80,634.62,264.77,DESCEND
7.6170,0.2584,0.3961,-0.3126,0.01193,-0.00351,0.01330,-5.00,0.00,0.00,37.7,125.80,634.62,264.73,DESCEND
7.6271,0.0284,0.5861,-0.5726,0.00893,-0.00551,0.01730,-5.00,0.00,0.00,37.8,125.80,634.63,264.67,DESCEND
7.6372,-0.0515,0.5561,-0.3826,0.00093,0.00048,0.01430,-5.00,0.00,0.00,37.8,125.80,634.63,264.63,DESCEND
7.6473,0.2184,0.2361,-0.1826,0.00593,-0.00451,0.01430,-5.00,0.00,0.00,37.9,125.80,634.63,264.57,DESCEND
7.6575,0.1484,0.4761,-0.1026,0.01493,-0.00351,0.01330,-5.00,0.00,0.00,37.9,125.80,634.63,264.51,DESCEND
7.6675,0.2784,0.0461,-0.4226,0.00993,-0.01351,0.01030,-5.00,0.00,0.00,38.0,125.80,634.63,264.47,DESCEND
7.6777,0.2384,0.2261,-0.0826,0.01993,0.00548,0.01130,-5.00,0.00,0.00,38.0,125.80,634.64,264.41,DESCEND
7.6877,0.1784,0.4961,-0.2326,0.01293,-0.00551,0.01030,-5.00,0.00,0.00,38.1,125.80,634.64,264.37,DESCEND
7.6978,0.0484,0.3661,-0.5526,0.00193,-0.01851,0.01530,-5.00,0.00,0.00,38.1,125.80,634.64,264.31,DESCEND
7.7079,-0.0015,0.3461,-0.4126,-0.00106,-0.00851,0.01130,-5.00,0.00,0.00,38.2,125.80,634.64,264.27,DESCEND
7.7180,0.0384,0.3161,-0.3326,0.00293,-0.00451,0.01430,-5.00,0.00,0.00,38.2,125.80,634.64,264.21,DESCEND
7.7282,0.1184,0.3161,-0.3026,0.01693,-0.00351,0.01130,-5.00,0.00,0.00,38.3,125.80,634.65,264.17,DESCEND
7.7383,0.2384,0.1161,-0.1826,0.02493,0.00048,0.01030,-5.00,0.00,0.00,38.3,125.80,634.65,264.11,DESCEND
7.7484,-0.0215,0.4961,-0.3126,-0.00606,-0.00251,0.01730,-5.00,0.00,0.00,38.4,125.80,634.65,264.07,DESCEND
7.7585,0.4384,0.1061,-0.2926,0.01493,-0.01451,0.00930,-5.00,0.00,0.00,38.4,125.80,634.65,264.01,DESCEND
7.7686,0.0884,0.3161,-0.2326,0.01193,-0.00451,0.01030,-5.00,0.00,0.00,38.5,125.80,634.65,263.97,DESCEND
7.7787,0.1684,0.3161,-0.2526,0.00093,-0.00851,0.01530,-5.00,0.00,0.00,38.5,125.80,634.66,263.91,DESCEND
7.7888,0.2284,0.0461,0.0173,0.03393,0.01448,0.00730,-5.00,0.00,0.00,38.6,125.80,634.66,263.87,DESCEND
7.7989,-0.1015,0.5161,-0.2826,0.00993,0.01548,0.01130,-5.00,0.00,0.00,38.6,125.80,634.66,263.81,DESCEND
7.8090,0.1584,0.2161,-0.0926,0.00993,-0.00351,0.01430,-5.00,0.00,0.00,38.7,125.80,634.66,263.77,DESCEND
7.8192,0.2284,0.4061,-0.2326,0.01793,-0.00051,0.01030,-5.00,0.00,0.00,38.7,125.80,634.66,263.71,DESCEND
7.8293,-0.0015,0.2161,-0.4726,0.00893,-0.00051,0.01130,-5.00,0.00,0.00,38.8,125.81,634.66,263.67,DESCEND
7.8394,-0.1215,0.3461,-0.1526,-0.01006,-0.00651,0.01530,-5.00,0.00,0.00,38.8,125.81,634.67,263.61,DESCEND
7.8495,0.0084,0.5561,-0.5226,-0.00906,-0.02251,0.01630,-5.00,0.00,0.00,38.9,125.81,634.67,263.55,DESCEND
7.8596,0.1384,0.2761,-0.3126,0.03293,0.00948,0.01330,-5.00,0.00,0.00,38.9,125.81,634.67,263.51,DESCEND
7.8697,0.1984,0.3861,-0.2626,0.01693,0.00148,0.01330,-5.00,0.00,0.00,39.0,125.81,634.67,263.45,DESCEND
7.8798,0.1584,0.4961,-0.4326,0.01093,-0.00351,0.01230,-5.00,0.00,0.00,39.0,125.81,634.67,263.41,DESCEND
7.8899,0.0884,0.4461,-0.3626,0.01193,-0.00651,0.01330,-5.00,0.00,0.00,39.1,125.81,634.68,263.35,DESCEND
7.9000,0.0584,0.2861,-0.2726,0.00293,-0.00251,0.01430,-5.00,0.00,0.00,39.1,125.81,634.68,263.31,DESCEND
7.9101,-0.0415,0.0661,-0.2626,-0.00206,-0.01051,0.01230,-5.00,0.00,0.00,39.2,125.81,634.68,263.25,DESCEND
7.9202,0.1384,0.2661,-0.3526,0.00293,-0.00751,0.00930,-5.00,0.00,0.00,39.2,125.81,634.68,263.21,DESCEND
7.9303,0.1084,0.2761,-0.1226,0.00093,-0.00951,0.01330,-5.00,0.00,0.00,39.3,125.81,634.68,263.15,DESCEND
7.9404,0.0884,0.3761,-0.1626,-0.00206,-0.00251,0.01530,-5.00,0.00,0.00,39.3,125.81,634.68,263.11,DESCEND
7.9505,0.0384,0.1461,0.0673,-0.00306,-0.00451,0.00930,-5.00,0.00,0.00,39.4,125.81,634.69,263.05,DESCEND
7.9606,0.1084,0.3861,-0.1226,0.01393,-0.00051,0.01030,-5.00,0.00,0.00,39.4,125.81,634.69,263.01,DESCEND
7.9707,0.0284,0.2761,-0.3626,-0.01006,-0.00651,0.01530,-5.00,0.00,0.00,39.5,125.81,634.69,262.95,DESCEND
7.9808,0.1284,0.6261,-0.5326,0.02293,-0.00451,0.01330,-5.00,0.00,0.00,39.5,125.81,634.69,262.91,DESCEND
7.9909,0.0784,0.6561,-0.8026,0.01593,-0.00751,0.01430,-5.00,0.00,0.00,39.6,125.81,634.69,262.85,DESCEND
8.0010,0.0484,0.2861,-0.1426,-0.01006,-0.01351,0.01330,-5.00,0.00,0.00,39.6,125.81,634.70,262.81,DESCEND
8.0111,-0.0215,0.2361,-0.0026,-0.00406,0.00248,0.01230,-5.00,0.00,0.00,39.7,125.81,634.70,262.75,DESCEND
8.0212,0.2484,0.2361,-0.1626,0.00193,-0.01051,0.01130,-5.00,0.00,0.00,39.7,125.81,634.70,262.71,DESCEND
8.0313,-0.0215,0.3161,-0.2626,-0.00906,-0.00451,0.01430,-5.00,0.00,0.00,39.8,125.81,634.70,262.65,DESCEND
8.0414,0.2284,0.3761,-0.1626,0.01793,0.00048,0.00830,-5.00,0.00,0.00,39.8,125.81,634.70,262.61,DESCEND
8.0515,-0.1515,0.4061,-0.4226,-0.00706,-0.01051,0.01230,-5.00,0.00,0.00,39.9,125.81,634.71,262.55,DESCEND
8.0616,0.2084,0.3761,-0.5026,0.01993,-0.00151,0.01530,-5.00,0.00,0.00,39.9,125.81,634.71,262.49,DESCEND
8.0717,0.0584,0.7061,-0.5626,0.01393,-0.00551,0.01230,-5.00,0.00,0.00,40.0,125.81,634.71,262.45,DESCEND
8.0818,0.1384,0.3961,-0.4326,0.01793,-0.01351,0.01530,-5.00,0.00,0.00,40.0,125.81,634.71,262.39,DESCEND
8.0919,0.0784,0.5461,-0.4626,0.00493,-0.00651,0.01430,-5.00,0.00,0.00,40.1,125.81,634.71,262.35,DESCEND
8.1020,0.1484,0.3361,-0.6426,-0.00006,-0.00951,0.01030,-5.00,0.00,0.00,40.1,125.81,634.72,262.29,DESCEND
8.1121,-0.2215,0.3761,-0.2926,-0.02206,-0.00651,0.01730,-5.00,0.00,0.00,40.2,125.81,634.72,262.25,DESCEND
8.1222,-0.2715,0.6161,-0.4026,-0.01506,-0.01451,0.01630,-5.00,0.00,0.00,40.2,125.81,634.72,262.19,DESCEND
8.1323,0.2084,0.3261,-0.5526,0.01693,-0.00551,0.01030,-5.00,0.00,0.00,40.3,125.81,634.72,262.15,DESCEND
8.1424,0.1184,0.3961,-0.5526,0.01693,0.00348,0.01230,-5.00,0.00,0.00,40.3,125.81,634.72,262.09,DESCEND
8.1525,0.2984,0.3761,-0.5226,0.02093,-0.00751,0.01330,-5.00,0.00,0.00,40.4,125.81,634.72,262.05,DESCEND
8.1625,0.0284,0.2961,-0.4826,0.00693,-0.00151,0.01630,-5.00,0.00,0.00,40.4,125.81,634.73,261.99,DESCEND
8.1726,0.1984,0.4061,-0.4026,0.00293,-0.01651,0.01730,-5.00,0.00,0.00,40.5,125.81,634.73,261.95,DESCEND
8.1827,0.0584,0.2961,-0.3426,-0.00806,-0.01551,0.01330,-5.00,0.00,0.00,40.5,125.81,634.73,261.89,DESCEND
8.1928,0.0784,0.4061,-0.3626,0.01093,-0.00551,0.01630,-5.00,0.00,0.00,40.6,125.81,634.73,261.85,DESCEND
8.2029,0.0484,0.6961,-0.8426,0.01793,-0.00051,0.01730,-5.00,0.00,0.00,40.6,125.81,634.73,261.79,DESCEND
8.2130,0.2484,0.1961,-0.2426,0.01793,0.00648,0.01230,-5.00,0.00,0.00,40.7,125.81,634.74,261.73,DESCEND
8.2231,0.1084,0.5461,-0.6426,0.01793,-0.00451,0.01530,-5.00,0.00,0.00,40.7,125.81,634.74,261.69,DESCEND
8.2332,-0.0315,0.6761,-0.2126,0.01693,0.01048,0.01330,-5.00,0.00,0.00,40.8,125.81,634.74,261.65,DESCEND
8.2433,0.1384,0.5661,-0.4326,0.00693,-0.00551,0.01930,-5.00,0.00,0.00,40.8,125.81,634.74,261.59,DESCEND
8.2534,0.0484,0.0261,-0.0926,-0.01406,-0.00551,0.01230,-5.00,0.00,0.00,40.9,125.81,634.74,261.53,DESCEND
8.2635,0.2184,-0.0538,-0.3526,0.01893,-0.00251,0.01030,-5.00,0.00,0.00,40.9,125.81,634.74,261.50,DESCEND
8.2736,0.3484,0.2761,-0.2626,0.02393,0.00148,0.01230,-5.00,0.00,0.00,41.0,125.81,634.75,261.44,DESCEND
8.2838,-0.0215,0.4361,-0.2326,-0.00406,-0.00551,0.01430,-5.00,0.00,0.00,41.0,125.81,634.75,261.40,DESCEND
8.2938,0.3384,0.0861,-0.2626,0.02993,0.00448,0.01130,-5.00,0.00,0.00,41.1,125.81,634.75,261.34,DESCEND
8.3039,-0.0115,0.6861,-0.4226,-0.00306,-0.00351,0.01530,-5.00,0.00,0.00,41.1,125.81,634.75,261.30,DESCEND
8.3140,0.0384,0.0961,-0.0826,0.00393,-0.00251,0.00930,-5.00,0.00,0.00,41.2,125.81,634.75,261.24,DESCEND
8.3241,-0.1115,0.4761,-0.4526,0.00193,0.00348,0.01430,-5.00,0.00,0.00,41.2,125.81,634.76,261.20,DESCEND
8.3342,-0.0015,0.4261,-0.4526,0.01293,-0.00051,0.01530,-5.00,0.00,0.00,41.3,125.81,634.76,261.14,DESCEND
8.3443,0.0184,-0.0938,0.1673,0.02593,0.01748,0.00930,-5.00,0.00,0.00,41.3,125.81,634.76,261.10,DESCEND
8.3544,0.2484,0.4861,-0.6826,0.01193,-0.01451,0.01230,-5.00,0.00,0.00,41.4,125.81,634.76,261.04,DESCEND
8.3645,-0.0315,0.7961,-0.3626,-0.00506,-0.00551,0.02030,-5.00,0.00,0.00,41.4,125.81,634.76,261.00,DESCEND
8.3746,0.1884,0.5661,-0.3726,0.00293,-0.00751,0.01430,-5.00,0.00,0.00,41.5,125.81,634.77,260.94,DESCEND
8.3847,0.0184,0.4461,-0.3126,-0.01206,-0.00651,0.01230,-5.00,0.00,0.00,41.5,125.81,634.77,260.90,DESCEND
8.3948,0.1584,0.3661,-0.5626,0.00593,0.00348,0.00830,-5.00,0.00,0.00,41.6,125.81,634.77,260.84,DESCEND
8.4049,0.3784,0.2061,-0.4926,0.01293,0.00948,0.00530,-5.00,0.00,0.00,41.6,125.81,634.77,260.80,DESCEND
8.4150,0.3284,0.1461,-0.4026,0.00993,0.01248,0.00730,-5.00,0.00,0.00,41.7,125.81,634.77,260.74,DESCEND
8.4251,0.1684,0.3261,-0.1526,0.01393,0.01648,0.01030,-5.00,0.00,0.00,41.7,125.81,634.77,260.70,DESCEND
8.4352,0.2984,0.1561,-0.0726,0.00393,0.01648,0.00730,-5.00,0.00,0.00,41.8,125.81,634.78,260.64,DESCEND
8.4453,0.1984,0.0461,-0.0626,-0.00106,0.03048,0.00430,-5.00,0.00,0.00,41.8,125.81,634.78,260.60,DESCEND
8.4554,0.3884,0.6561,-0.4126,0.02193,0.03248,0.00830,-5.00,0.00,0.00,41.9,125.81,634.78,260.54,DESCEND
8.4655,0.5684,0.3861,-0.1626,0.01193,0.02748,0.00830,-5.00,0.00,0.00,42.0,125.81,634.78,260.48,DESCEND
8.4756,0.4384,0.3361,-0.3026,0.01693,0.03448,0.00530,-5.00,0.00,0.00,42.0,125.81,634.78,260.44,DESCEND
8.4857,0.2084,0.2461,-0.2426,0.00793,0.03348,0.00530,-5.00,0.00,0.00,42.1,125.81,634.79,260.38,DESCEND
8.4960,0.3184,0.4161,-0.2026,0.01493,0.04648,0.00330,-5.00,0.00,0.00,42.1,125.81,634.79,260.34,DESCEND
8.5061,0.5184,0.5761,-0.4626,0.01693,0.03848,0.00430,-5.00,0.00,0.00,42.2,125.81,634.79,260.28,DESCEND
8.5162,0.3184,0.3361,-0.3226,0.00993,0.04048,0.00530,-5.00,0.00,0.00,42.2,125.81,634.79,260.24,DESCEND
8.5262,0.4784,0.4061,-0.1526,0.03193,0.06348,0.00330,-5.00,0.00,0.00,42.3,125.81,634.79,260.18,DESCEND
8.5363,0.5084,0.3661,-0.4126,0.03193,0.05148,0.00330,-5.00,0.00,0.00,42.3,125.81,634.80,260.14,DESCEND
8.5464,0.4884,0.6361,-0.3826,0.03593,0.05948,0.00230,-5.00,0.00,0.00,42.4,125.81,634.80,260.08,DESCEND
8.5565,0.4884,0.4861,-0.4626,0.01693,0.04848,0.00330,-5.00,0.00,0.00,42.4,125.81,634.80,260.04,DESCEND
8.5666,0.3584,0.3961,-0.1526,0.02593,0.07048,0.00430,-5.00,0.00,0.00,42.5,125.81,634.80,259.98,DESCEND
8.5767,0.4184,0.2861,-0.0726,0.00693,0.06148,0.00030,-5.00,0.00,0.00,42.5,125.81,634.80,259.94,DESCEND
8.5868,0.5284,0.4761,-0.2626,0.00793,0.05648,0.00230,-5.00,0.00,0.00,42.6,125.82,634.80,259.88,DESCEND
8.5969,0.4584,0.5961,-0.2826,-0.00506,0.05548,0.00430,-5.00,0.00,0.00,42.6,125.82,634.81,259.84,DESCEND
8.6070,0.7284,0.5961,-0.4026,0.03593,0.07148,-0.00269,-5.00,0.00,0.00,42.7,125.82,634.81,259.78,DESCEND
8.6171,0.6784,0.2561,-0.1926,0.02193,0.06348,-0.00469,-5.00,0.00,0.00,42.7,125.82,634.81,259.74,DESCEND
8.6272,0.8184,0.2361,-0.5026,0.03893,0.07348,-0.00369,-5.00,0.00,0.00,42.8,125.82,634.81,259.68,DESCEND
8.6373,0.5784,0.5061,-0.2426,0.01393,0.07448,0.00030,-5.00,0.00,0.00,42.8,125.82,634.81,259.64,DESCEND
8.6474,0.4984,0.0161,-0.1726,0.01493,0.08848,-0.00269,-5.00,0.00,0.00,42.9,125.82,634.82,259.58,DESCEND
8.6575,0.6284,0.6761,-0.4826,0.00793,0.07248,-0.00069,-5.00,0.00,0.00,42.9,125.82,634.82,259.52,DESCEND
8.6675,0.6884,0.3961,-0.2626,0.02593,0.08648,-0.00369,-5.00,0.00,0.00,43.0,125.82,634.82,259.48,DESCEND
8.6776,0.8884,0.3761,-0.2526,0.01893,0.07948,-0.00469,-5.00,0.00,0.00,43.0,125.82,634.82,259.42,DESCEND
8.6877,0.6584,0.4361,-0.2826,0.01893,0.08448,-0.00469,-5.00,0.00,0.00,43.1,125.82,634.82,259.38,DESCEND
8.6978,0.5784,0.3061,-0.0626,-0.00406,0.08348,-0.00469,-5.00,0.00,0.00,43.1,125.82,634.83,259.32,DESCEND
8.7079,0.7284,0.4061,-0.2926,0.01493,0.09048,-0.00669,-5.00,0.00,0.00,43.2,125.82,634.83,259.28,DESCEND
8.7180,0.7084,0.2361,-0.0526,0.01493,0.09648,-0.00869,-5.00,0.00,0.00,43.2,125.82,634.83,259.24,DESCEND
8.7281,1.0284,0.1961,-0.2026,0.02893,0.09048,-0.01069,-5.00,0.00,0.00,43.3,125.82,634.83,259.18,DESCEND
8.7382,0.6284,0.3561,-0.0826,0.00793,0.10048,-0.00869,-5.00,0.00,0.00,43.3,125.82,634.83,259.12,DESCEND
8.7483,0.8484,0.2861,-0.2726,0.00993,0.08948,-0.00969,-5.00,0.00,0.00,43.4,125.82,634.83,259.08,DESCEND
8.7584,0.8084,0.3761,-0.2326,0.02293,0.09948,-0.00869,-5.00,0.00,0.00,43.4,125.82,634.84,259.02,DESCEND
8.7685,0.8084,-0.0738,0.1773,0.02693,0.11548,-0.01269,-5.00,0.00,0.00,43.5,125.82,634.84,258.98,DESCEND
8.7786,0.5684,0.5861,-0.5626,0.00293,0.10348,-0.00669,-5.00,0.00,0.00,43.5,125.82,634.84,258.92,DESCEND
8.7887,0.4984,0.2961,-0.0126,-0.00906,0.11548,-0.01069,-5.00,0.00,0.00,43.6,125.82,634.84,258.88,DESCEND
8.7988,0.7084,0.1561,-0.2326,0.01393,0.11348,-0.01069,-5.00,0.00,0.00,43.6,125.82,634.84,258.82,DESCEND
8.8089,0.8084,0.3461,-0.3326,0.03593,0.11148,-0.00969,-5.00,0.00,0.00,43.7,125.82,634.85,258.78,DESCEND
8.8190,0.7284,0.1861,-0.2626,0.02793,0.11448,-0.01169,-5.00,0.00,0.00,43.7,125.82,634.85,258.72,DESCEND
8.8291,0.8784,0.4461,-0.5926,0.02593,0.10748,-0.01169,-5.00,0.00,0.00,43.8,125.82,634.85,258.68,DESCEND
8.8392,0.8484,0.1861,0.1473,0.01693,0.12148,-0.01269,-5.00,0.00,0.00,43.8,125.82,634.85,258.62,DESCEND
8.8493,0.8984,0.6761,-0.3626,0.01893,0.11048,-0.00869,-5.00,0.00,0.00,43.9,125.82,634.85,258.58,DESCEND
8.8594,0.7884,0.4061,-0.0926,0.01193,0.12548,-0.01269,-5.00,0.00,0.00,43.9,125.82,634.86,258.52,DESCEND
8.8695,1.0684,0.4061,-0.2426,0.01593,0.11148,-0.01169,-5.00,0.00,0.00,44.0,125.82,634.86,258.46,DESCEND
8.8796,0.8984,0.5961,-0.4026,0.02093,0.11348,-0.01069,-5.00,0.00,0.00,44.0,125.82,634.86,258.42,DESCEND
8.8897,0.8584,0.1261,0.2873,0.01993,0.13348,-0.01869,-5.00,0.00,0.00,44.1,125.82,634.86,258.36,DESCEND
8.8998,1.0084,0.4661,-0.2926,0.02093,0.11448,-0.01169,-5.00,0.00,0.00,44.1,125.82,634.86,258.32,DESCEND
8.9099,1.0084,0.4961,0.0173,0.01993,0.12748,-0.01369,-5.00,0.00,0.00,44.2,125.82,634.86,258.26,DESCEND
8.9200,0.8484,0.5261,-0.0626,0.01893,0.13048,-0.01369,-5.00,0.00,0.00,44.2,125.82,634.87,258.22,DESCEND
8.9301,0.9484,0.2061,0.4073,0.01693,0.13548,-0.01469,-5.00,0.00,0.00,44.3,125.82,634.87,258.16,DESCEND
8.9402,0.9084,0.2561,-0.0226,0.02093,0.14148,-0.01569,-5.00,0.00,0.00,44.3,125.82,634.87,258.12,DESCEND
8.9503,1.0084,0.1761,0.1273,0.02593,0.13348,-0.01469,-5.00,0.00,0.00,44.4,125.82,634.87,258.06,DESCEND
8.9604,0.9384,0.0461,-0.0826,0.01793,0.12848,-0.01669,-5.00,0.00,0.00,44.4,125.82,634.87,258.02,DESCEND
8.9705,0.9584,0.4361,-0.2826,0.01693,0.12448,-0.01469,-5.00,0.00,0.00,44.5,125.82,634.88,257.96,DESCEND
8.9805,0.7184,0.2361,0.0573,-0.01006,0.13448,-0.01269,-5.00,0.00,0.00,44.5,125.82,634.88,257.92,DESCEND
8.9906,1.1184,-0.1038,-0.0526,0.03493,0.14048,-0.01869,-5.00,0.00,0.00,44.6,125.82,634.88,257.86,DESCEND
9.0007,1.1384,0.2661,-0.1026,0.02993,0.13748,-0.01369,-5.00,0.00,0.00,44.6,125.82,634.88,257.82,DESCEND
9.0108,1.1784,0.3661,-0.4826,0.02093,0.12648,-0.01669,-5.00,0.00,0.00,44.7,125.82,634.88,257.76,DESCEND
9.0209,0.8684,0.5061,-0.0026,0.01693,0.13948,-0.01769,-5.00,0.00,0.00,44.7,125.82,634.89,257.72,DESCEND
9.0310,1.0984,0.4261,-0.1526,0.02093,0.13548,-0.01869,-5.00,0.00,0.00,44.8,125.82,634.89,257.66,DESCEND
9.0411,1.1184,0.6961,-0.6526,0.01193,0.12848,-0.01669,-5.00,0.00,0.00,44.8,125.82,634.89,257.62,DESCEND
9.0512,0.9984,0.0261,0.1873,0.02693,0.14848,-0.01569,-5.00,0.00,0.00,44.9,125.82,634.89,257.56,DESCEND
9.0613,0.8184,0.4961,-0.3126,0.02093,0.14748,-0.01769,-5.00,0.00,0.00,44.9,125.82,634.89,257.52,DESCEND
9.0714,1.1784,0.2061,-0.3326,0.03193,0.15648,-0.02269,-5.00,0.00,0.00,45.0,125.82,634.89,257.46,SEARCH_Y
9.0815,1.3384,0.0961,-0.2326,0.04393,0.16048,-0.02669,0.00,-3.00,0.00,45.0,125.82,634.90,257.40,SEARCH_Y
9.0916,0.9984,0.3061,-0.2826,0.01693,0.16348,-0.02669,0.00,-3.00,0.00,45.1,125.82,634.90,257.36,SEARCH_Y
9.1017,1.1184,0.1261,-0.1526,0.02193,0.16948,-0.02869,0.00,-3.00,0.00,45.1,125.82,634.90,257.31,SEARCH_Y
9.1118,1.1884,0.2261,-0.3326,0.02293,0.17348,-0.02869,0.00,-3.00,0.00,45.2,125.81,634.90,257.27,SEARCH_Y
9.1219,1.0384,0.2761,-0.2126,-0.00906,0.16148,-0.02869,0.00,-3.00,0.00,45.2,125.81,634.90,257.23,SEARCH_Y
9.1320,1.5484,0.6261,-0.6726,0.02793,0.17148,-0.03169,0.00,-3.00,0.00,45.2,125.80,634.90,257.20,SEARCH_Y
9.1421,1.3284,0.3461,-0.4026,0.02193,0.18848,-0.03769,0.00,-3.00,0.00,45.3,125.79,634.90,257.16,SEARCH_Y
9.1522,1.4084,0.5561,-0.4426,0.02193,0.19248,-0.03469,0.00,-3.00,0.00,45.3,125.78,634.91,257.13,SEARCH_Y
9.1623,1.1084,0.6161,-0.5226,0.02193,0.19548,-0.03369,0.00,-3.00,0.00,45.3,125.76,634.91,257.10,SEARCH_Y
9.1724,1.2984,0.3461,-0.3026,0.00893,0.19448,-0.03769,0.00,-3.00,0.00,45.4,125.75,634.91,257.08,SEARCH_Y
9.1825,1.3684,0.1061,-0.1726,0.02893,0.20648,-0.04169,0.00,-3.00,0.00,45.4,125.73,634.91,257.06,SEARCH_Y
9.1926,1.2784,0.6761,-0.5326,0.01293,0.20648,-0.03969,0.00,-3.00,0.00,45.4,125.71,634.91,257.04,SEARCH_Y
9.2027,1.3684,0.4561,-0.2226,0.01293,0.19748,-0.03869,0.00,-3.00,0.00,45.4,125.69,634.91,257.03,SEARCH_Y
9.2128,1.3084,0.2861,-0.0726,0.03493,0.21948,-0.04569,0.00,-3.00,0.00,45.4,125.67,634.91,257.02,SEARCH_Y
9.2229,1.3484,0.5961,-0.2326,0.01993,0.20948,-0.04269,0.00,-3.00,0.00,45.4,125.64,634.91,257.01,SEARCH_Y
9.2331,1.4684,0.2861,-0.1126,0.02093,0.20348,-0.04169,0.00,-3.00,0.00,45.4,125.61,634.90,257.01,SEARCH_Y
9.2432,1.4384,0.2761,-0.2026,0.04993,0.22448,-0.04369,0.00,-3.00,0.00,45.4,125.58,634.90,257.00,SEARCH_Y
9.2533,1.3584,0.1861,0.0673,0.02093,0.20448,-0.04469,0.00,-3.00,0.00,45.4,125.54,634.90,257.00,SEARCH_Y
9.2635,1.2784,0.4461,-0.1426,0.01793,0.21248,-0.04169,0.00,-3.00,0.00,45.4,125.52,634.90,257.00,SEARCH_Y
9.2736,1.3584,0.5061,-0.0926,0.04793,0.22348,-0.04069,0.00,-3.00,0.00,45.4,125.48,634.90,257.00,SEARCH_Y
9.2837,1.3284,0.6661,-0.5826,0.03093,0.20448,-0.03769,0.00,-3.00,0.00,45.4,125.46,634.90,257.00,SEARCH_Y
9.2938,1.6284,0.0461,-0.1326,0.04893,0.21948,-0.04369,0.00,-3.00,0.00,45.4,125.42,634.90,257.00,SEARCH_Y
9.3038,1.2884,0.3961,-0.1926,0.03093,0.21548,-0.03969,0.00,-3.00,0.00,45.4,125.40,634.90,257.00,SEARCH_Y
9.3139,1.6084,0.4761,-0.4026,0.05093,0.19848,-0.03669,0.00,-3.00,0.00,45.4,125.36,634.90,257.00,SEARCH_Y
9.3240,1.4484,0.3961,-0.3426,0.01793,0.19548,-0.03969,0.00,-3.00,0.00,45.4,125.34,634.90,257.00,SEARCH_Y
9.3341,1.3784,0.7761,-0.5226,0.00193,0.19248,-0.03769,0.00,-3.00,0.00,45.4,125.30,634.90,257.00,SEARCH_Y
9.3442,1.2984,0.3961,-0.2126,0.01293,0.20148,-0.04069,0.00,-3.00,0.00,45.4,125.28,634.90,257.00,SEARCH_Y
9.3543,1.6684,0.4861,-0.3426,0.02593,0.20348,-0.04369,0.00,-3.00,0.00,45.4,125.24,634.89,257.00,SEARCH_Y
9.3644,1.3584,0.6161,-0.1626,0.01393,0.21248,-0.04369,0.00,-3.00,0.00,45.4,125.22,634.89,257.00,SEARCH_Y
9.3745,1.3284,0.4461,-0.0026,0.01693,0.21148,-0.04469,0.00,-3.00,0.00,45.4,125.18,634.89,257.00,SEARCH_Y
9.3846,1.4784,0.3261,-0.2426,0.01093,0.20348,-0.04369,0.00,-3.00,0.00,45.4,125.16,634.89,257.00,SEARCH_Y
9.3947,1.5284,0.4361,-0.3726,0.00993,0.19748,-0.03869,0.00,-3.00,0.00,45.4,125.12,634.89,257.00,SEARCH_Y
9.4048,1.2184,0.4661,-0.3326,0.00193,0.20348,-0.04169,0.00,-3.00,0.00,45.4,125.10,634.89,257.00,SEARCH_Y
9.4149,1.2684,0.4661,-0.1126,0.00393,0.21748,-0.04069,0.00,-3.00,0.00,45.4,125.06,634.89,257.00,SEARCH_Y
9.4250,1.3084,0.2861,-0.0826,-0.01206,0.20948,-0.04269,0.00,-3.00,0.00,45.4,125.04,634.89,257.00,SEARCH_Y
9.4351,1.4284,0.4861,-0.4026,0.01093,0.21048,-0.04669,0.00,-3.00,0.00,45.4,125.00,634.89,257.00,SEARCH_Y
9.4452,1.4984,0.5461,-0.5426,0.00993,0.19848,-0.03969,0.00,-3.00,0.00,45.4,124.98,634.89,257.00,SEARCH_Y
9.4553,1.4284,0.3861,-0.0126,0.01793,0.21348,-0.04469,0.00,-3.00,0.00,45.4,124.94,634.89,257.00,SEARCH_Y
9.4654,1.3184,0.7161,-0.3026,0.00193,0.20948,-0.04369,0.00,-3.00,0.00,45.4,124.90,634.88,257.00,SEARCH_Y
9.4755,1.2284,0.3961,-0.0026,0.00793,0.21548,-0.04569,0.00,-3.00,0.00,45.4,124.88,634.88,257.00,SEARCH_Y
9.4855,1.4384,0.5461,-0.2226,0.01193,0.21548,-0.04669,0.00,-3.00,0.00,45.4,124.84,634.88,257.00,SEARCH_Y
9.4956,1.4884,0.4161,-0.1326,0.00993,0.21748,-0.04769,0.00,-3.00,0.00,45.4,124.82,634.88,257.00,SEARCH_Y
9.5057,1.5084,0.3761,0.1973,0.01793,0.21948,-0.04669,0.00,-3.00,0.00,45.5,124.78,634.88,257.00,SEARCH_Y
9.5158,1.4284,0.4761,-0.3326,0.00793,0.20548,-0.04769,0.00,-3.00,0.00,45.5,124.76,634.88,257.00,SEARCH_Y
9.5259,1.3984,0.5361,-0.3926,-0.00206,0.20748,-0.04069,0.00,-3.00,0.00,45.5,124.72,634.88,257.00,SEARCH_Y
9.5360,1.3884,0.3961,0.0073,0.00493,0.21948,-0.04469,0.00,-3.00,0.00,45.5,124.70,634.88,257.00,SEARCH_Y
9.5461,1.1884,0.8061,-0.2826,0.00193,0.22148,-0.04369,0.00,-3.00,0.00,45.5,124.66,634.88,257.00,SEARCH_Y
9.5562,1.2184,0.7561,-0.4926,0.01293,0.21348,-0.04169,0.00,-3.00,0.00,45.5,124.64,634.88,257.00,SEARCH_Y
9.5663,1.2184,0.4761,-0.2426,-0.00506,0.21648,-0.04569,0.00,-3.00,0.00,45.5,124.60,634.88,257.00,SEARCH_Y
9.5764,1.4684,0.4661,-0.0526,0.00893,0.21148,-0.04369,0.00,-3.00,0.00,45.5,124.58,634.88,257.00,SEARCH_Y
9.5865,1.3484,1.0661,-0.3526,0.00293,0.20548,-0.04169,0.00,-3.00,0.00,45.5,124.54,634.87,257.00,SEARCH_Y
9.5966,1.6284,0.6061,-0.2526,-0.00006,0.19548,-0.04469,0.00,-3.00,0.00,45.5,124.52,634.87,257.00,SEARCH_Y
9.6067,1.4484,0.3361,-0.0426,-0.00006,0.21148,-0.04569,0.00,-3.00,0.00,45.5,124.48,634.87,257.00,SEARCH_Y
9.6168,1.2384,0.6561,-0.4826,-0.00106,0.20648,-0.04369,0.00,-3.00,0.00,45.5,124.46,634.87,257.00,SEARCH_Y
9.6269,1.4284,0.2161,0.0673,0.01893,0.21648,-0.04769,0.00,-3.00,0.00,45.5,124.42,634.87,257.00,SEARCH_Y
9.6370,1.4084,0.1761,0.0073,0.00993,0.21548,-0.04569,0.00,-3.00,0.00,45.5,124.40,634.87,257.00,SEARCH_Y
9.6471,1.2184,0.3761,-0.1126,0.00093,0.21548,-0.04069,0.00,-3.00,0.00,45.5,124.36,634.87,257.00,SEARCH_Y
9.6572,1.3984,0.2061,-0.1226,0.01093,0.20248,-0.04369,0.00,-3.00,0.00,45.5,124.34,634.87,257.00,SEARCH_Y
9.6673,1.4184,0.2661,-0.4026,0.00893,0.20748,-0.04269,0.00,-3.00,0.00,45.5,124.30,634.87,257.00,SEARCH_Y
9.6774,1.1684,0.5661,-0.3426,-0.00406,0.20648,-0.04169,0.00,-3.00,0.00,45.5,124.28,634.87,257.00,SEARCH_Y
9.6875,1.4484,0.3861,-0.0526,0.00193,0.20448,-0.04469,0.00,-3.00,0.00,45.5,124.24,634.87,257.00,SEARCH_Y
9.6976,1.4584,0.4761,-0.3626,-0.01106,0.19048,-0.04269,0.00,-3.00,0.00,45.5,124.21,634.87,257.00,SEARCH_Y
9.7077,1.2384,0.4261,-0.0626,0.00693,0.19948,-0.03969,0.00,-3.00,0.00,45.5,124.18,634.86,257.00,SEARCH_Y
9.7178,1.2084,0.6261,-0.2626,0.00093,0.20448,-0.04269,0.00,-3.00,0.00,45.5,124.16,634.86,257.00,SEARCH_Y
9.7279,1.4984,-0.1738,0.3173,0.02393,0.20848,-0.04569,0.00,-3.00,0.00,45.5,124.12,634.86,257.00,SEARCH_Y
9.7380,1.3184,0.3861,-0.3126,0.01493,0.20048,-0.04069,0.00,-3.00,0.00,45.5,124.09,634.86,257.00,SEARCH_Y
9.7481,1.3784,0.5561,-0.2226,0.00393,0.19248,-0.04169,0.00,-3.00,0.00,45.5,124.06,634.86,257.00,SEARCH_Y
9.7582,1.3984,0.3161,-0.3626,0.00393,0.19648,-0.04269,0.00,-3.00,0.00,45.5,124.03,634.86,257.00,SEARCH_Y
9.7683,1.3684,0.2961,0.3573,0.01093,0.20848,-0.04469,0.00,-3.00,0.00,45.5,124.00,634.86,257.00,SEARCH_Y
9.7784,1.4684,0.4961,-0.1326,0.01593,0.20148,-0.04469,0.00,-3.00,0.00,45.5,123.97,634.86,257.00,SEARCH_Y
9.7885,1.3684,0.4061,-0.1526,0.01993,0.20848,-0.03869,0.00,-3.00,0.00,45.5,123.94,634.86,257.00,SEARCH_Y
9.7986,1.3084,0.2461,-0.2426,0.01193,0.19648,-0.04269,0.00,-3.00,0.00,45.5,123.91,634.86,257.00,SEARCH_Y
9.8088,1.2684,0.2961,0.0073,0.00993,0.20048,-0.04269,0.00,-3.00,0.00,45.5,123.88,634.86,257.00,SEARCH_Y
9.8189,1.2284,0.6161,-0.3126,0.00293,0.19348,-0.04069,0.00,-3.00,0.00,45.5,123.85,634.85,257.00,SEARCH_Y
9.8290,1.1684,0.4361,-0.2826,0.00593,0.20248,-0.03869,0.00,-3.00,0.00,45.5,123.82,634.85,257.00,SEARCH_Y
9.8391,1.3284,0.2561,-0.2726,0.01193,0.18948,-0.04169,0.00,-3.00,0.00,45.5,123.78,634.85,257.00,SEARCH_Y
9.8492,1.2684,0.7461,-0.5826,0.00593,0.19648,-0.03869,0.00,-3.00,0.00,45.5,123.76,634.85,257.00,SEARCH_Y
9.8593,1.1784,0.5761,-0.2426,0.00293,0.19548,-0.03769,0.00,-3.00,0.00,45.5,123.72,634.85,256.99,SEARCH_Y
9.8694,1.4084,0.5961,-0.4026,0.01393,0.19048,-0.03769,0.00,-3.00,0.00,45.5,123.70,634.85,256.99,SEARCH_Y
9.8795,1.4484,0.1761,0.1873,0.02993,0.20848,-0.04169,0.00,-3.00,0.00,45.5,123.66,634.85,256.99,SEARCH_Y
9.8896,1.4884,0.4661,-0.2626,0.01093,0.18848,-0.03769,0.00,-3.00,0.00,45.5,123.63,634.85,256.99,SEARCH_Y
9.8997,1.3084,0.6161,-0.4226,-0.00406,0.18748,-0.04069,0.00,-3.00,0.00,45.5,123.60,634.85,256.99,SEARCH_Y
9.9098,1.1784,0.3461,-0.0726,0.00593,0.20348,-0.04069,0.00,-3.00,0.00,45.5,123.57,634.85,256.99,SEARCH_Y
9.9199,1.0584,0.5461,-0.3726,-0.00106,0.19548,-0.03369,0.00,-3.00,0.00,45.5,123.54,634.85,256.99,SEARCH_Y
9.9300,1.1784,0.4061,-0.1926,0.01193,0.21048,-0.04069,0.00,-3.00,0.00,45.5,123.51,634.85,256.99,SEARCH_Y
9.9401,1.1984,0.7161,-0.3226,-0.00506,0.18348,-0.03669,0.00,-3.00,0.00,45.5,123.48,634.84,256.99,SEARCH_Y
9.9502,1.1884,0.4161,-0.3426,-0.00606,0.17948,-0.03669,0.00,-3.00,0.00,45.5,123.45,634.84,256.99,SEARCH_Y
9.9603,1.3684,0.3261,-0.0826,0.02693,0.20348,-0.03969,0.00,-3.00,0.00,45.5,123.42,634.84,256.99,SEARCH_Y
9.9704,1.3684,0.2161,-0.1326,0.01493,0.19248,-0.04169,0.00,-3.00,0.00,45.5,123.39,634.84,256.99,SEARCH_Y
9.9805,1.1384,0.4961,-0.3026,-0.00306,0.19648,-0.04069,0.00,-3.00,0.00,45.5,123.36,634.84,256.99,SEARCH_Y
9.9905,1.2884,0.3561,-0.2426,0.02093,0.19948,-0.03969,0.00,-3.00,0.00,45.5,123.33,634.84,256.99,SEARCH_Y
10.0006,1.1584,0.3261,-0.2926,0.00093,0.18548,-0.03869,0.00,-3.00,0.00,45.5,123.30,634.84,256.99,SEARCH_Y
10.0107,1.2684,0.6161,-0.1926,-0.00006,0.18448,-0.03869,0.00,-3.00,0.00,45.5,123.27,634.84,256.99,SEARCH_Y
10.0208,1.2084,0.1561,-0.0726,0.01693,0.19648,-0.04369,0.00,-3.00,0.00,45.5,123.24,634.84,256.99,SEARCH_Y
10.0309,1.4684,0.1061,-0.0026,0.02193,0.19048,-0.04269,0.00,-3.00,0.00,45.5,123.21,634.84,256.99,SEARCH_Y
10.0410,1.1984,0.6161,-0.5726,0.00593,0.18648,-0.03569,0.00,-3.00,0.00,45.5,123.18,634.84,256.99,SEARCH_Y
10.0511,1.4184,0.4961,-0.2426,0.02293,0.19248,-0.03969,0.00,-3.00,0.00,45.5,123.15,634.84,256.99,SEARCH_Y
10.0612,1.1284,0.0161,0.0073,0.01793,0.20248,-0.04069,0.00,-3.00,0.00,45.5,123.12,634.83,256.99,SEARCH_Y
10.0713,1.3184,0.3461,-0.4026,0.01593,0.18548,-0.03669,0.00,-3.00,0.00,45.5,123.09,634.83,256.99,SEARCH_Y
10.0814,1.2884,0.3161,0.1073,0.01993,0.20248,-0.04269,0.00,-3.00,0.00,45.5,123.05,634.83,256.99,SEARCH_Y
10.0915,1.0984,0.6861,-0.3026,-0.00406,0.18548,-0.03769,0.00,-3.00,0.00,45.5,123.03,634.83,256.99,SEARCH_Y
10.1016,1.1984,0.3861,-0.3226,0.00993,0.18848,-0.03669,0.00,-3.00,0.00,45.5,122.99,634.83,256.99,SEARCH_Y
10.1117,1.2384,0.3061,0.0373,-0.01306,0.18848,-0.04269,0.00,-3.00,0.00,45.5,122.97,634.83,256.99,SEARCH_Y
10.1218,1.2784,0.4161,-0.2026,0.00993,0.19148,-0.03969,0.00,-3.00,0.00,45.5,122.93,634.83,256.99,SEARCH_Y
10.1319,1.4484,0.1561,0.0273,0.01893,0.19648,-0.03969,0.00,-3.00,0.00,45.5,122.91,634.83,256.99,SEARCH_Y
10.1420,1.4084,0.1461,-0.1626,0.01193,0.17948,-0.03869,0.00,-3.00,0.00,45.5,122.87,634.83,256.99,SEARCH_Y
10.1521,1.4684,0.1761,-0.4826,0.01093,0.17548,-0.03869,0.00,-3.00,0.00,45.5,122.85,634.83,256.99,SEARCH_Y
10.1622,1.0984,0.5661,-0.2126,-0.00706,0.18748,-0.03569,0.00,-3.00,0.00,45.5,122.81,634.83,256.99,SEARCH_Y
10.1723,1.1684,0.5361,-0.2826,-0.00506,0.18848,-0.04069,0.00,-3.00,0.00,45.5,122.79,634.82,256.99,SEARCH_Y
10.1824,1.2884,0.4761,-0.1226,0.01593,0.18648,-0.03869,0.00,-3.00,0.00,45.5,122.75,634.82,256.99,SEARCH_Y
10.1925,1.2384,0.5461,-0.0726,0.01193,0.18948,-0.03769,0.00,-3.00,0.00,45.5,122.73,634.82,256.99,SEARCH_Y
10.2025,1.2784,0.3661,-0.1226,0.01493,0.19348,-0.03869,0.00,-3.00,0.00,45.5,122.69,634.82,256.99,SEARCH_Y
10.2126,1.2984,0.4061,-0.2826,0.00693,0.18648,-0.03969,0.00,-3.00,0.00,45.6,122.67,634.82,256.99,SEARCH_Y
10.2227,1.2884,0.3561,-0.1726,0.00393,0.17848,-0.04069,0.00,-3.00,0.00,45.6,122.63,634.82,256.99,SEARCH_Y
10.2328,1.1984,0.7361,-0.6426,-0.00906,0.16548,-0.03469,0.00,-3.00,0.00,45.6,122.60,634.82,256.99,SEARCH_Y
10.2429,1.3884,0.4461,-0.4326,0.01693,0.17748,-0.03869,0.00,-3.00,0.00,45.6,122.57,634.82,256.99,SEARCH_Y
10.2530,1.2384,0.3861,-0.0726,0.00793,0.18548,-0.03869,0.00,-3.00,0.00,45.6,122.54,634.82,256.99,SEARCH_Y
10.2632,1.2484,0.6061,-0.6026,-0.01206,0.16348,-0.03469,0.00,-3.00,0.00,45.6,122.51,634.82,256.99,SEARCH_Y
10.2733,1.1184,0.3261,0.0873,0.00193,0.18948,-0.03869,0.00,-3.00,0.00,45.6,122.48,634.82,256.99,SEARCH_Y
10.2834,1.2884,0.5161,-0.7026,-0.00706,0.15648,-0.03869,0.00,-3.00,0.00,45.6,122.45,634.82,256.99,SEARCH_Y
10.2935,1.2684,0.4761,-0.2526,0.00793,0.18048,-0.03769,0.00,-3.00,0.00,45.6,122.42,634.81,256.99,SEARCH_Y
10.3035,1.2284,0.3861,-0.2126,0.01093,0.18548,-0.03869,0.00,-3.00,0.00,45.6,122.39,634.81,256.99,SEARCH_Y
10.3136,1.2684,0.0861,0.0473,0.00693,0.18348,-0.04069,0.00,-3.00,0.00,45.6,122.35,634.81,256.99,SEARCH_Y
10.3237,0.9784,0.5161,-0.0726,0.00093,0.19048,-0.03669,0.00,-3.00,0.00,45.6,122.33,634.81,256.99,SEARCH_Y
10.3338,1.3184,0.7161,-0.5726,0.00793,0.17648,-0.03669,0.00,-3.00,0.00,45.6,122.29,634.81,256.99,SEARCH_Y
10.3439,1.0484,0.2861,-0.1126,0.00893,0.18648,-0.03569,0.00,-3.00,0.00,45.6,122.27,634.81,256.99,SEARCH_Y
10.3540,1.2484,0.4861,-0.2026,0.00993,0.17648,-0.03069,0.00,-3.00,0.00,45.6,122.23,634.81,256.99,SEARCH_Y
10.3641,1.1684,0.1961,-0.1426,0.02493,0.19548,-0.03769,0.00,-3.00,0.00,45.6,122.21,634.81,256.99,SEARCH_Y
10.3742,1.0484,0.2661,0.0573,0.00793,0.19548,-0.03869,0.00,-3.00,0.00,45.6,122.17,634.81,256.99,SEARCH_Y
10.3843,1.4184,0.4261,-0.1926,0.01193,0.18548,-0.03269,0.00,-3.00,0.00,45.6,122.15,634.81,256.99,SEARCH_Y
10.3944,1.4484,0.5161,-0.3126,0.03193,0.19048,-0.03269,0.00,-3.00,0.00,45.6,122.11,634.81,256.99,SEARCH_Y
10.4045,1.2784,0.1961,-0.0726,0.00393,0.17648,-0.03869,0.00,-3.00,0.00,45.6,122.09,634.80,256.99,SEARCH_Y
10.4146,1.3384,0.4461,-0.0926,0.00693,0.18148,-0.04069,0.00,-3.00,0.00,45.6,122.05,634.80,256.99,SEARCH_Y
10.4247,1.1884,0.3261,-0.0426,0.00393,0.17948,-0.03669,0.00,-3.00,0.00,45.6,122.03,634.80,256.99,SEARCH_Y
10.4348,1.1984,0.5061,-0.1226,0.01093,0.18348,-0.03369,0.00,-3.00,0.00,45.6,121.99,634.80,256.99,SEARCH_Y
10.4449,1.1184,0.4961,-0.2226,0.00693,0.18648,-0.03869,0.00,-3.00,0.00,45.6,121.97,634.80,256.99,SEARCH_Y
10.4550,1.2184,0.4661,-0.2326,0.01393,0.17948,-0.03769,0.00,-3.00,0.00,45.6,121.93,634.80,256.99,SEARCH_Y
10.4651,1.1084,0.7061,-0.3726,0.00593,0.17348,-0.03569,0.00,-3.00,0.00,45.6,121.91,634.80,256.99,SEARCH_Y
10.4752,1.1284,0.4461,-0.2626,0.00593,0.18448,-0.03769,0.00,-3.00,0.00,45.6,121.87,634.80,256.99,SEARCH_Y
10.4853,0.9884,0.5361,-0.0926,-0.00106,0.18148,-0.03569,0.00,-3.00,0.00,45.6,121.85,634.80,256.99,SEARCH_Y
10.4954,1.0284,0.6561,-0.2826,0.01193,0.18648,-0.03769,0.00,-3.00,0.00,45.6,121.81,634.80,256.99,SEARCH_Y
10.5055,1.1784,0.2561,-0.1726,-0.00906,0.16448,-0.03569,0.00,-3.00,0.00,45.6,121.77,634.80,256.99,SEARCH_Y
10.5156,1.0684,0.3461,-0.2326,-0.00006,0.17748,-0.03369,0.00,-3.00,0.00,45.6,121.75,634.80,256.99,SEARCH_Y
10.5257,1.3484,0.2261,-0.1026,0.01993,0.18248,-0.03669,0.00,-3.00,0.00,45.6,121.71,634.79,256.99,SEARCH_Y
10.5357,1.1484,0.6061,-0.2026,0.00993,0.18048,-0.03669,0.00,-3.00,0.00,45.6,121.69,634.79,256.99,SEARCH_Y
10.5459,1.1384,0.6561,-0.2526,0.00893,0.18348,-0.03569,0.00,-3.00,0.00,45.6,121.65,634.79,256.98,SEARCH_Y
10.5559,1.1184,0.5361,-0.2926,0.00993,0.18148,-0.03469,0.00,-3.00,0.00,45.6,121.63,634.79,256.98,SEARCH_Y
10.5660,1.2684,0.5661,-0.1626,0.00793,0.18048,-0.03969,0.00,-3.00,0.00,45.6,121.59,634.79,256.98,SEARCH_Y
10.5761,1.3684,0.1461,0.0473,0.02393,0.18848,-0.04269,0.00,-3.00,0.00,45.6,121.57,634.79,256.98,SEARCH_Y
10.5862,1.1484,0.2161,-0.2526,0.02393,0.17948,-0.03369,0.00,-3.00,0.00,45.6,121.53,634.79,256.98,SEARCH_Y
10.5963,1.0484,0.5661,-0.3226,0.00493,0.18048,-0.03769,0.00,-3.00,0.00,45.6,121.51,634.79,256.98,SEARCH_Y
10.6064,1.2684,0.6861,-0.2726,0.01393,0.18048,-0.03769,0.00,-3.00,0.00,45.6,121.47,634.79,256.98,SEARCH_Y
10.6165,1.4184,0.3861,-0.2626,0.02293,0.17848,-0.03569,0.00,-3.00,0.00,45.7,121.45,634.79,256.98,SEARCH_Y
10.6266,1.2484,0.4061,-0.3126,-0.00306,0.17348,-0.03669,0.00,-3.00,0.00,45.7,121.41,634.79,256.98,SEARCH_Y
10.6367,1.1984,0.3061,-0.3926,0.00693,0.17148,-0.03769,0.00,-3.00,0.00,45.7,121.39,634.79,256.98,SEARCH_Y
10.6468,1.0784,0.4561,-0.0626,0.00493,0.18348,-0.03469,0.00,-3.00,0.00,45.7,121.35,634.78,256.98,SEARCH_Y
10.6569,1.0384,0.7661,-0.1126,-0.01506,0.17748,-0.03369,0.00,-3.00,0.00,45.7,121.33,634.78,256.98,SEARCH_Y
10.6670,1.2184,0.4261,0.0273,0.00393,0.17448,-0.03869,0.00,-3.00,0.00,45.7,121.29,634.78,256.98,SEARCH_Y
10.6771,1.1284,0.3661,-0.1926,0.00493,0.18248,-0.03569,0.00,-3.00,0.00,45.7,121.27,634.78,256.98,SEARCH_Y
10.6872,1.2384,0.5061,0.0773,0.00993,0.18448,-0.03269,0.00,-3.00,0.00,45.7,121.23,634.78,256.98,SEARCH_Y
10.6973,1.2084,0.5861,-0.1826,0.00593,0.17648,-0.03569,0.00,-3.00,0.00,45.7,121.21,634.78,256.98,SEARCH_Y
10.7074,1.2684,0.3061,0.1473,0.01793,0.19248,-0.03869,0.00,-3.00,0.00,45.7,121.17,634.78,256.98,SEARCH_Y
10.7175,1.2084,0.4761,-0.2526,0.00293,0.17748,-0.03569,0.00,-3.00,0.00,45.7,121.15,634.78,256.98,SEARCH_Y
10.7276,1.0684,0.3861,-0.0126,0.01493,0.19148,-0.03569,0.00,-3.00,0.00,45.7,121.11,634.78,256.98,SEARCH_Y
10.7377,1.0884,0.5761,-0.2126,-0.01406,0.17048,-0.03169,0.00,-3.00,0.00,45.7,121.08,634.78,256.98,SEARCH_Y
10.7478,1.1584,0.4061,-0.1726,0.01093,0.18148,-0.03369,0.00,-3.00,0.00,45.7,121.05,634.78,256.98,SEARCH_Y
10.7579,1.0784,0.4661,0.0573,-0.00406,0.18048,-0.03369,0.00,-3.00,0.00,45.7,121.02,634.77,256.98,SEARCH_Y
10.7680,0.9584,0.4261,-0.1726,0.00993,0.17948,-0.03369,0.00,-3.00,0.00,45.7,120.99,634.77,256.98,SEARCH_Y
10.7781,1.3084,0.4661,-0.2326,0.01893,0.17148,-0.03569,0.00,-3.00,0.00,45.7,120.96,634.77,256.98,SEARCH_Y
10.7882,1.1184,0.3561,-0.1926,0.02393,0.17948,-0.03569,0.00,-3.00,0.00,45.7,120.93,634.77,256.98,SEARCH_Y
10.7983,1.3384,0.1561,-0.1226,0.02093,0.18148,-0.03869,0.00,-3.00,0.00,45.7,120.89,634.77,256.98,SEARCH_Y
10.8084,1.2284,0.3261,-0.1626,0.01093,0.18248,-0.04169,0.00,-3.00,0.00,45.7,120.87,634.77,256.98,SEARCH_Y
10.8185,1.2484,0.6561,-0.7426,0.00993,0.16248,-0.03369,0.00,-3.00,0.00,45.7,120.83,634.77,256.98,SEARCH_Y
10.8285,1.2084,0.1561,-0.3526,0.01193,0.17148,-0.03569,0.00,-3.00,0.00,45.7,120.81,634.77,256.98,SEARCH_Y
10.8386,1.1884,0.4961,-0.4526,-0.00306,0.16348,-0.03169,0.00,-3.00,0.00,45.7,120.77,634.77,256.98,SEARCH_Y
10.8487,1.1784,0.6861,-0.3626,0.00193,0.16548,-0.03369,0.00,-3.00,0.00,45.7,120.75,634.77,256.98,SEARCH_Y
10.8588,1.1984,0.4461,-0.2926,0.03193,0.18748,-0.03469,0.00,-3.00,0.00,45.7,120.71,634.77,256.98,SEARCH_Y
10.8689,1.1784,0.4261,-0.0126,0.02293,0.18848,-0.03469,0.00,-3.00,0.00,45.7,120.69,634.77,256.98,SEARCH_Y
10.8790,1.2284,0.3661,-0.1526,0.01193,0.16748,-0.03469,0.00,-3.00,0.00,45.7,120.65,634.76,256.98,SEARCH_Y
10.8891,1.2884,0.5761,-0.6326,0.00193,0.14748,-0.03369,0.00,-3.00,0.00,45.7,120.63,634.76,256.98,SEARCH_Y
10.8992,1.1984,0.4161,-0.1726,0.01093,0.17648,-0.03669,0.00,-3.00,0.00,45.7,120.59,634.76,256.98,SEARCH_Y
10.9093,1.2184,0.4761,-0.5226,0.00493,0.16948,-0.03669,0.00,-3.00,0.00,45.7,120.57,634.76,256.98,SEARCH_Y
10.9194,1.0584,0.2061,-0.2026,-0.00206,0.17748,-0.03869,0.00,-3.00,0.00,45.7,120.53,634.76,256.98,SEARCH_Y
10.9295,1.3084,0.4261,-0.3126,0.02393,0.16548,-0.03769,0.00,-3.00,0.00,45.8,120.50,634.76,256.98,SEARCH_Y
10.9396,1.1084,0.6761,-0.4526,0.00993,0.16848,-0.03369,0.00,-3.00,0.00,45.8,120.47,634.76,256.98,SEARCH_Y
10.9497,1.2284,0.1761,0.0773,0.02493,0.18048,-0.03869,0.00,-3.00,0.00,45.8,120.44,634.76,256.98,SEARCH_Y
10.9598,1.0984,0.8461,-0.6126,0.00393,0.15348,-0.03269,0.00,-3.00,0.00,45.8,120.41,634.76,256.98,SEARCH_Y
10.9699,1.1384,0.4761,-0.5026,0.00993,0.16248,-0.03069,0.00,-3.00,0.00,45.8,120.38,634.76,256.98,SEARCH_Y
10.9800,0.9884,0.5261,-0.3426,0.01393,0.16748,-0.03169,0.00,-3.00,0.00,45.8,120.35,634.76,256.98,SEARCH_Y
10.9901,1.0884,0.2561,0.1573,0.00993,0.18348,-0.03469,0.00,-3.00,0.00,45.8,120.32,634.75,256.98,SEARCH_Y
11.0002,1.2784,0.1461,0.1573,0.01093,0.17748,-0.03669,0.00,-3.00,0.00,45.8,120.29,634.75,256.98,SEARCH_Y
11.0103,1.1884,0.8361,-0.2826,-0.01306,0.15848,-0.03269,0.00,-3.00,0.00,45.8,120.26,634.75,256.98,SEARCH_Y
11.0204,1.1884,0.6261,-0.2426,0.00893,0.17648,-0.03269,0.00,-3.00,0.00,45.8,120.23,634.75,256.98,SEARCH_Y
11.0305,1.2384,0.6161,-0.3126,0.01793,0.16448,-0.03169,0.00,-3.00,0.00,45.8,120.20,634.75,256.98,SEARCH_Y
11.0406,1.4384,0.6061,-0.4526,0.01993,0.16548,-0.03769,0.00,-3.00,0.00,45.8,120.17,634.75,256.98,SEARCH_Y
11.0507,1.1684,0.4961,-0.2826,-0.00406,0.15948,-0.03469,0.00,-3.00,0.00,45.8,120.14,634.75,256.98,SEARCH_Y
11.0608,1.1684,0.6361,-0.2226,0.02493,0.17748,-0.03369,0.00,-3.00,0.00,45.8,120.11,634.75,256.98,SEARCH_Y
11.0709,1.0884,0.1961,-0.1526,0.00693,0.17648,-0.03469,0.00,-3.00,0.00,45.8,120.08,634.75,256.98,SEARCH_Y
11.0810,0.8984,0.3461,-0.2126,-0.00806,0.16748,-0.03269,0.00,-3.00,0.00,45.8,120.05,634.75,256.98,SEARCH_Y
11.0911,1.2384,0.3661,0.0473,0.00993,0.17248,-0.03769,0.00,-3.00,0.00,45.8,120.02,634.75,256.98,SEARCH_Y
11.1012,1.0484,0.0661,0.1673,0.02293,0.18348,-0.03669,0.00,-3.00,0.00,45.8,119.99,634.75,256.98,SEARCH_Y
11.1113,0.9384,0.7961,-0.6326,-0.00806,0.15448,-0.02969,0.00,-3.00,0.00,45.8,119.96,634.74,256.98,SEARCH_Y
11.1214,1.1884,0.5861,-0.6426,0.00393,0.16148,-0.03369,0.00,-3.00,0.00,45.8,119.92,634.74,256.98,SEARCH_Y
11.1315,1.3184,0.2861,-0.1326,0.01493,0.15848,-0.03669,0.00,-3.00,0.00,45.8,119.90,634.74,256.98,SEARCH_Y
11.1416,1.1684,0.2461,-0.0626,0.02093,0.17348,-0.03469,0.00,-3.00,0.00,45.8,119.86,634.74,256.98,SEARCH_Y
11.1518,1.0084,0.3361,-0.3326,0.01793,0.17048,-0.03469,0.00,-3.00,0.00,45.8,119.84,634.74,256.98,SEARCH_Y
11.1618,1.2884,0.4261,-0.3726,0.01693,0.16448,-0.03369,0.00,-3.00,0.00,45.8,119.80,634.74,256.98,SEARCH_Y
11.1719,1.0384,0.4161,-0.4326,-0.00506,0.16148,-0.03869,0.00,-3.00,0.00,45.8,119.78,634.74,256.98,SEARCH_Y
11.1820,1.2084,0.2561,-0.1826,0.01293,0.15948,-0.03869,0.00,-3.00,0.00,45.8,119.74,634.74,256.98,SEARCH_Y
11.1922,1.1384,0.3861,-0.1026,0.01693,0.17548,-0.03269,0.00,-3.00,0.00,45.9,119.71,634.74,256.98,SEARCH_Y
11.2023,1.2684,0.3561,-0.1026,0.01293,0.16348,-0.03369,0.00,-3.00,0.00,45.9,119.68,634.74,256.98,SEARCH_Y
11.2124,1.0784,0.4661,0.0273,-0.00506,0.17348,-0.03369,0.00,-3.00,0.00,45.9,119.65,634.74,256.98,SEARCH_Y
11.2225,0.9784,0.4161,-0.2526,0.00093,0.17048,-0.02969,0.00,-3.00,0.00,45.9,119.62,634.73,256.98,SEARCH_Y
11.2326,1.2684,0.6261,-0.3826,0.00693,0.15948,-0.02869,0.00,-3.00,0.00,45.9,119.59,634.73,256.98,SEARCH_Y
11.2427,1.0684,0.4661,-0.4926,0.00993,0.17348,-0.03369,0.00,-3.00,0.00,45.9,119.56,634.73,256.97,SEARCH_Y
11.2528,1.2884,0.4961,-0.3326,0.02193,0.16748,-0.03669,0.00,-3.00,0.00,45.9,119.53,634.73,256.97,SEARCH_Y
11.2629,0.9884,0.8461,-0.3026,-0.00406,0.15948,-0.03169,0.00,-3.00,0.00,45.9,119.50,634.73,256.97,SEARCH_Y
11.2730,1.1384,0.3661,-0.1726,0.01193,0.17148,-0.03369,0.00,-3.00,0.00,45.9,119.47,634.73,256.97,SEARCH_Y
11.2831,1.1784,0.3161,-0.2626,0.00293,0.16048,-0.03569,0.00,-3.00,0.00,45.9,119.44,634.73,256.97,SEARCH_Y
11.2933,0.9584,0.4161,0.0273,-0.01106,0.16848,-0.03169,0.00,-3.00,0.00,45.9,119.41,634.73,256.97,SEARCH_Y
11.3034,1.0484,0.1661,-0.4126,0.00993,0.16848,-0.03369,0.00,-3.00,0.00,45.9,119.38,634.73,256.97,SEARCH_Y
11.3135,1.2584,0.5161,-0.2726,0.00393,0.15848,-0.03269,0.00,-3.00,0.00,45.9,119.34,634.73,256.97,SEARCH_Y
11.3235,1.1584,0.1961,0.1373,0.02293,0.18048,-0.03669,0.00,-3.00,0.00,45.9,119.32,634.73,256.97,SEARCH_Y
11.3336,1.2184,0.4261,-0.2526,0.01993,0.16848,-0.03469,0.00,-3.00,0.00,45.9,119.28,634.73,256.97,SEARCH_Y
11.3437,0.9884,0.3361,-0.1026,0.00193,0.16648,-0.03269,0.00,-3.00,0.00,45.9,119.26,634.72,256.97,SEARCH_Y
11.3538,1.0584,0.5061,-0.4226,0.00693,0.16548,-0.03169,0.00,-3.00,0.00,45.9,119.22,634.72,256.97,SEARCH_Y
11.3640,1.0984,0.5161,-0.1726,-0.00206,0.16048,-0.03569,0.00,-3.00,0.00,45.9,119.20,634.72,256.97,SEARCH_Y
11.3741,0.8584,0.6461,-0.2326,-0.01406,0.16348,-0.03269,0.00,-3.00,0.00,45.9,119.16,634.72,256.97,SEARCH_Y
11.3842,1.0784,0.6161,-0.2826,0.01293,0.16448,-0.03169,0.00,-3.00,0.00,45.9,119.14,634.72,256.97,SEARCH_Y
11.3943,1.2684,0.2861,-0.2926,0.02493,0.17748,-0.03369,0.00,-3.00,0.00,45.9,119.10,634.72,256.97,SEARCH_Y
11.4044,1.1484,0.6361,-0.5426,0.01493,0.16248,-0.03169,0.00,-3.00,0.00,45.9,119.08,634.72,256.97,SEARCH_Y
11.4145,0.9684,0.5161,-0.2726,-0.02106,0.16148,-0.03669,0.00,-3.00,0.00,45.9,119.04,634.72,256.97,SEARCH_Y
11.4245,0.9784,0.3561,0.1473,-0.02306,0.17248,-0.03569,0.00,-3.00,0.00,46.0,119.02,634.72,256.97,SEARCH_Y
11.4346,0.9784,0.4561,-0.1726,-0.02606,0.16748,-0.03769,0.00,-3.00,0.00,46.0,118.98,634.72,256.97,SEARCH_Y
11.4447,0.8784,0.8861,-0.3426,-0.03206,0.15848,-0.03469,0.00,-3.00,0.00,46.0,118.96,634.72,256.97,SEARCH_Y
11.4548,1.1484,0.8161,-0.3926,-0.03206,0.15448,-0.03469,0.00,-3.00,0.00,46.0,118.92,634.71,256.97,SEARCH_Y
11.4650,0.9284,0.7861,-0.3626,-0.03606,0.16448,-0.03769,0.00,-3.00,0.00,46.0,118.90,634.71,256.97,SEARCH_Y
11.4751,1.0884,0.5961,-0.0226,-0.04506,0.15648,-0.03769,0.00,-3.00,0.00,46.0,118.86,634.71,256.97,SEARCH_Y
11.4852,0.8584,0.6661,0.1273,-0.05106,0.16648,-0.03769,0.00,-3.00,0.00,46.0,118.82,634.71,256.97,SEARCH_Z
11.4952,0.9084,1.1961,-0.3526,-0.04006,0.16048,-0.03569,0.00,0.00,3.00,46.0,118.80,634.71,256.97,SEARCH_Z
11.5053,1.0584,0.5461,-0.1126,-0.06806,0.15248,-0.03569,0.00,0.00,3.00,46.0,118.78,634.71,256.97,SEARCH_Z
11.5154,1.3584,0.9561,-0.4226,-0.04606,0.15048,-0.03769,0.00,0.00,3.00,46.0,118.74,634.71,256.97,SEARCH_Z
11.5255,1.1084,1.3161,-0.5826,-0.08206,0.13448,-0.03769,0.00,0.00,3.00,46.0,118.72,634.72,256.97,SEARCH_Z
11.5357,0.9984,0.9161,-0.1526,-0.07406,0.15048,-0.03969,0.00,0.00,3.00,46.0,118.70,634.72,256.97,SEARCH_Z
11.5458,1.0884,1.1561,-0.5026,-0.07506,0.14848,-0.03769,0.00,0.00,3.00,46.0,118.67,634.74,256.97,SEARCH_Z
11.5559,0.9184,1.1061,-0.5126,-0.06906,0.15148,-0.03969,0.00,0.00,3.00,46.0,118.66,634.75,256.97,SEARCH_Z
11.5659,1.1584,0.8161,-0.4626,-0.05206,0.15448,-0.04269,0.00,0.00,3.00,46.0,118.64,634.77,256.97,SEARCH_Z
11.5761,1.0084,0.9761,-0.2526,-0.06306,0.16048,-0.03469,0.00,0.00,3.00,46.0,118.63,634.78,256.97,SEARCH_Z
11.5862,1.0284,0.7861,-0.2626,-0.05106,0.16548,-0.03969,0.00,0.00,3.00,46.0,118.62,634.80,256.97,SEARCH_Z
11.5962,1.1784,0.7961,0.0573,-0.05206,0.14948,-0.04069,0.00,0.00,3.00,46.0,118.61,634.82,256.97,SEARCH_Z
11.6064,1.1584,0.6361,-0.1426,-0.03106,0.16648,-0.03569,0.00,0.00,3.00,46.0,118.61,634.85,256.98,SEARCH_Z
11.6165,1.0484,0.8461,-0.3026,-0.03006,0.16248,-0.03569,0.00,0.00,3.00,46.0,118.61,634.88,256.98,SEARCH_Z
11.6265,1.2584,0.4161,-0.2226,-0.01706,0.16648,-0.04069,0.00,0.00,3.00,46.0,118.60,634.91,256.98,SEARCH_Z
11.6366,1.0484,0.3061,0.0773,-0.02106,0.16948,-0.03769,0.00,0.00,3.00,46.0,118.60,634.94,256.98,SEARCH_Z
11.6467,1.1384,0.0961,-0.2426,-0.01406,0.15048,-0.03869,0.00,0.00,3.00,46.0,118.60,634.97,256.98,SEARCH_Z
11.6568,1.0484,0.5261,-0.0726,-0.00806,0.17148,-0.03769,0.00,0.00,3.00,46.0,118.60,635.00,256.98,SEARCH_Z
11.6669,1.1984,0.4561,-0.5126,-0.00206,0.14748,-0.03069,0.00,0.00,3.00,46.0,118.60,635.03,256.98,SEARCH_Z
11.6770,0.8184,0.6061,-0.6026,-0.00106,0.16048,-0.03369,0.00,0.00,3.00,46.0,118.60,635.06,256.98,SEARCH_Z
11.6871,1.0784,0.8561,-0.4726,0.00393,0.14248,-0.02569,0.00,0.00,3.00,46.0,118.60,635.09,256.98,SEARCH_Z
11.6972,0.8284,0.4061,-0.3426,0.00993,0.14748,-0.02769,0.00,0.00,3.00,46.0,118.60,635.12,256.99,SEARCH_Z
11.7073,0.9784,0.4561,-0.5626,0.00493,0.13848,-0.02469,0.00,0.00,3.00,46.0,118.60,635.15,256.99,SEARCH_Z
11.7174,0.8584,0.6761,-0.5826,-0.00506,0.13248,-0.02069,0.00,0.00,3.00,46.0,118.59,635.19,256.99,SEARCH_Z
11.7275,0.9784,0.4461,-0.4326,0.00493,0.13048,-0.02169,0.00,0.00,3.00,46.0,118.59,635.21,256.99,SEARCH_Z
11.7375,0.8984,0.5161,-0.5626,0.01093,0.13048,-0.02269,0.00,0.00,3.00,46.0,118.59,635.25,256.99,SEARCH_Z
11.7476,0.8784,-0.0738,0.0873,0.01293,0.14648,-0.02869,0.00,0.00,3.00,46.0,118.59,635.27,256.99,SEARCH_Z
11.7577,0.9284,0.5161,-0.4526,0.00893,0.13748,-0.02369,0.00,0.00,3.00,46.0,118.59,635.31,256.99,SEARCH_Z
11.7679,0.9884,0.5361,-0.2726,0.01593,0.13548,-0.02369,0.00,0.00,3.00,46.0,118.59,635.33,256.99,SEARCH_Z
11.7779,0.7684,0.4061,-0.0426,0.01393,0.14348,-0.02569,0.00,0.00,3.00,46.0,118.59,635.37,256.99,SEARCH_Z
11.7880,1.0984,0.1661,0.0173,0.01493,0.14248,-0.02969,0.00,0.00,3.00,46.0,118.59,635.39,257.00,SEARCH_Z
11.7982,0.9784,0.3961,-0.2226,0.01693,0.14948,-0.02669,0.00,0.00,3.00,46.0,118.59,635.43,257.00,SEARCH_Z
11.8083,1.0984,0.4361,-0.5326,0.03093,0.13648,-0.02369,0.00,0.00,3.00,46.0,118.58,635.45,257.00,SEARCH_Z
11.8184,0.8684,0.4361,-0.2326,0.00893,0.14048,-0.02769,0.00,0.00,3.00,46.0,118.58,635.49,257.00,SEARCH_Z
11.8285,0.8984,0.6161,-0.5826,0.00793,0.13248,-0.02669,0.00,0.00,3.00,46.0,118.58,635.51,257.00,SEARCH_Z
11.8385,1.0584,0.3661,-0.3326,0.00893,0.14148,-0.02569,0.00,0.00,3.00,46.0,118.58,635.55,257.00,SEARCH_Z
11.8486,0.7184,0.5061,-0.1826,0.00193,0.14648,-0.02669,0.00,0.00,3.00,46.0,118.58,635.57,257.00,SEARCH_Z
11.8587,0.8984,0.3561,-0.4226,0.02493,0.16148,-0.02869,0.00,0.00,3.00,46.0,118.58,635.61,257.00,SEARCH_Z
11.8688,1.0084,0.3261,-0.3826,0.01093,0.14648,-0.03069,0.00,0.00,3.00,46.0,118.58,635.63,257.00,SEARCH_Z
11.8789,0.9184,0.2061,-0.1526,0.01193,0.15148,-0.02869,0.00,0.00,3.00,46.0,118.58,635.67,257.01,SEARCH_Z
11.8890,1.0084,0.5461,-0.5526,-0.00306,0.14448,-0.02769,0.00,0.00,3.00,46.0,118.58,635.69,257.01,SEARCH_Z
11.8991,1.0184,0.3861,-0.2726,0.00993,0.15248,-0.03369,0.00,0.00,3.00,46.0,118.57,635.73,257.01,SEARCH_Z
11.9092,1.0384,0.2461,-0.1326,0.01493,0.16548,-0.03369,0.00,0.00,3.00,46.0,118.57,635.75,257.01,SEARCH_Z
11.9193,1.2684,0.7061,-0.5426,0.02093,0.14648,-0.02969,0.00,0.00,3.00,46.0,118.57,635.79,257.01,SEARCH_Z
11.9294,1.0284,0.4161,-0.6226,0.00393,0.14048,-0.03169,0.00,0.00,3.00,46.0,118.57,635.81,257.01,SEARCH_Z
11.9395,0.9384,0.4861,-0.4526,-0.00206,0.14148,-0.02869,0.00,0.00,3.00,46.0,118.57,635.85,257.01,SEARCH_Z
11.9496,0.9284,0.3261,-0.3126,-0.00506,0.14748,-0.03069,0.00,0.00,3.00,46.0,118.57,635.89,257.01,SEARCH_Z
11.9597,1.0384,0.5061,-0.2426,-0.00406,0.14848,-0.02769,0.00,0.00,3.00,46.0,118.57,635.91,257.01,SEARCH_Z
11.9698,1.0984,0.5261,-0.1826,0.00993,0.15048,-0.02969,0.00,0.00,3.00,46.0,118.57,635.95,257.02,SEARCH_Z
11.9799,0.8584,0.5561,-0.3026,-0.00606,0.14848,-0.03069,0.00,0.00,3.00,46.0,118.56,635.97,257.02,SEARCH_Z
11.9900,1.0184,0.5261,-0.1926,0.01193,0.16048,-0.03069,0.00,0.00,3.00,46.0,118.56,636.01,257.02,SEARCH_Z
12.0001,0.8884,0.4661,-0.2726,-0.00206,0.14548,-0.02969,0.00,0.00,3.00,46.0,118.56,636.03,257.02,SEARCH_Z
12.0102,0.8584,0.6061,-0.6726,-0.00606,0.14148,-0.02969,0.00,0.00,3.00,46.0,118.56,636.07,257.02,SEARCH_Z
12.0203,1.2384,0.4561,-0.1426,0.02093,0.15548,-0.02969,0.00,0.00,3.00,46.0,118.56,636.09,257.02,SEARCH_Z
12.0304,1.0184,0.3961,-0.1726,0.00893,0.15348,-0.03269,0.00,0.00,3.00,46.0,118.56,636.13,257.02,SEARCH_Z
12.0405,1.1084,0.4561,-0.3226,0.02093,0.15748,-0.02969,0.00,0.00,3.00,46.0,118.56,636.15,257.02,SEARCH_Z
12.0506,0.8684,0.5161,-0.4026,-0.00506,0.14848,-0.02769,0.00,0.00,3.00,46.0,118.56,636.19,257.02,SEARCH_Z
12.0607,1.1884,0.1161,-0.2826,0.01493,0.14148,-0.03269,0.00,0.00,3.00,46.0,118.56,636.21,257.02,SEARCH_Z
12.0708,0.8284,0.5161,-0.6026,0.00193,0.14848,-0.02769,0.00,0.00,3.00,46.0,118.55,636.25,257.03,SEARCH_Z
12.0810,0.9884,0.6261,-0.3126,0.00893,0.14548,-0.02669,0.00,0.00,3.00,46.0,118.55,636.27,257.03,SEARCH_Z
12.0911,0.8384,0.2861,-0.3226,-0.00106,0.15148,-0.03069,0.00,0.00,3.00,46.0,118.55,636.31,257.03,SEARCH_Z
12.1012,1.0984,0.2661,-0.2226,0.02493,0.16448,-0.03469,0.00,0.00,3.00,46.0,118.55,636.33,257.03,SEARCH_Z
12.1113,1.1684,0.1661,-0.1526,0.01193,0.15348,-0.03269,0.00,0.00,3.00,46.0,118.55,636.37,257.03,SEARCH_Z
12.1214,0.9884,0.2361,-0.2726,0.00793,0.15548,-0.03469,0.00,0.00,3.00,46.0,118.55,636.40,257.03,SEARCH_Z
12.1315,1.1484,0.0161,-0.1026,0.03793,0.17548,-0.03569,0.00,0.00,3.00,46.0,118.55,636.43,257.03,SEARCH_Z
12.1416,0.9884,0.1561,-0.3226,0.00593,0.15748,-0.03669,0.00,0.00,3.00,46.0,118.55,636.46,257.03,SEARCH_Z
12.1517,0.9484,0.2461,-0.3526,0.01993,0.16248,-0.03169,0.00,0.00,3.00,46.1,118.55,636.49,257.03,SEARCH_Z
12.1618,0.9984,0.5161,-0.2826,0.01293,0.15048,-0.02969,0.00,0.00,3.00,46.1,118.54,636.52,257.04,SEARCH_Z
12.1719,0.8184,0.6761,-0.7526,-0.01006,0.14948,-0.02969,0.00,0.00,3.00,46.1,118.54,636.55,257.04,SEARCH_Z
12.1820,0.9684,0.2161,-0.3026,0.02593,0.16248,-0.03169,0.00,0.00,3.00,46.1,118.54,636.58,257.04,SEARCH_Z
12.1921,1.1184,0.1661,-0.2326,0.01893,0.16148,-0.03669,0.00,0.00,3.00,46.1,118.54,636.61,257.04,SEARCH_Z
12.2022,1.0484,0.3661,-0.2226,0.02093,0.15848,-0.03069,0.00,0.00,3.00,46.1,118.54,636.64,257.04,SEARCH_Z
12.2123,0.9584,0.1461,0.0173,0.01793,0.16748,-0.03569,0.00,0.00,3.00,46.1,118.54,636.67,257.04,SEARCH_Z
12.2224,1.0284,0.4561,-0.3326,0.00293,0.15048,-0.03069,0.00,0.00,3.00,46.1,118.54,636.70,257.04,SEARCH_Z
12.2325,0.9084,-0.2238,0.1573,0.00693,0.15248,-0.03669,0.00,0.00,3.00,46.1,118.54,636.73,257.04,SEARCH_Z
12.2426,1.0884,0.5361,-0.2726,0.01393,0.14748,-0.02869,0.00,0.00,3.00,46.1,118.54,636.76,257.04,SEARCH_Z
12.2527,1.1984,0.5561,-0.4326,0.02093,0.15748,-0.03169,0.00,0.00,3.00,46.1,118.53,636.79,257.05,SEARCH_Z
12.2628,1.0784,0.4461,-0.4626,-0.00506,0.14548,-0.03369,0.00,0.00,3.00,46.1,118.53,636.82,257.05,SEARCH_Z
12.2729,1.1684,0.0961,-0.2426,0.00193,0.14548,-0.03569,0.00,0.00,3.00,46.1,118.53,636.85,257.05,SEARCH_Z
12.2830,1.0484,0.5261,-0.3726,0.00893,0.14348,-0.03069,0.00,0.00,3.00,46.1,118.53,636.88,257.05,SEARCH_Z
12.2931,0.9884,0.4061,-0.3326,0.00393,0.15548,-0.03269,0.00,0.00,3.00,46.1,118.53,636.91,257.05,SEARCH_Z
12.3032,1.1484,0.0361,-0.0426,0.00593,0.15648,-0.03269,0.00,0.00,3.00,46.1,118.53,636.94,257.05,SEARCH_Z
12.3133,1.0584,0.4261,-0.6226,0.01193,0.14448,-0.03069,0.00,0.00,3.00,46.1,118.53,636.97,257.05,SEARCH_Z
12.3234,1.1184,0.1261,-0.2426,0.01993,0.15148,-0.03469,0.00,0.00,3.00,46.1,118.53,637.00,257.05,SEARCH_Z
12.3335,0.9484,0.4161,-0.2126,0.00993,0.15248,-0.03269,0.00,0.00,3.00,46.1,118.53,637.04,257.05,SEARCH_Z
12.3436,1.0584,0.6161,-0.7726,0.00693,0.14948,-0.03269,0.00,0.00,3.00,46.1,118.52,637.06,257.06,SEARCH_Z
12.3537,0.9384,0.3461,-0.5526,0.01393,0.14848,-0.03269,0.00,0.00,3.00,46.1,118.52,637.10,257.06,SEARCH_Z
12.3638,1.0084,0.2161,-0.1826,0.01593,0.16048,-0.03169,0.00,0.00,3.00,46.1,118.52,637.12,257.06,SEARCH_Z
12.3739,1.1784,0.5761,-0.4326,0.02293,0.15248,-0.03069,0.00,0.00,3.00,46.1,118.52,637.16,257.06,SEARCH_Z
12.3840,1.0684,0.3161,-0.2326,0.01393,0.14948,-0.03169,0.00,0.00,3.00,46.1,118.52,637.18,257.06,SEARCH_Z
12.3941,1.1084,0.2561,-0.1426,0.02193,0.16148,-0.03469,0.00,0.00,3.00,46.1,118.52,637.22,257.06,SEARCH_Z
12.4042,0.9184,0.1461,-0.0926,-0.00406,0.14948,-0.03069,0.00,0.00,3.00,46.1,118.52,637.24,257.06,SEARCH_Z
12.4143,1.0784,0.4661,-0.5426,0.02393,0.15348,-0.02969,0.00,0.00,3.00,46.1,118.52,637.28,257.06,SEARCH_Z
12.4244,0.9484,0.4561,-0.1226,0.01193,0.15548,-0.03269,0.00,0.00,3.00,46.1,118.52,637.30,257.06,SEARCH_Z
12.4345,1.0584,0.4661,-0.3526,0.01793,0.15848,-0.02969,0.00,0.00,3.00,46.1,118.51,637.34,257.07,SEARCH_Z
12.4446,1.0384,0.2561,-0.0226,0.02293,0.16748,-0.03169,0.00,0.00,3.00,46.1,118.51,637.36,257.07,SEARCH_Z
12.4547,1.0384,0.0261,-0.1126,0.00693,0.14748,-0.03069,0.00,0.00,3.00,46.1,118.51,637.40,257.07,SEARCH_Z
12.4648,0.9284,0.1661,-0.3326,0.00593,0.15048,-0.03469,0.00,0.00,3.00,46.1,118.51,637.42,257.07,SEARCH_Z
12.4749,0.8784,-0.0038,0.1973,-0.01106,0.15048,-0.03469,0.00,0.00,3.00,46.1,118.51,637.46,257.07,SEARCH_Z
12.4850,1.1184,0.2061,-0.2026,0.02093,0.15248,-0.02769,0.00,0.00,3.00,46.1,118.51,637.48,257.07,SEARCH_Z
12.4951,1.0084,0.4961,-0.2226,0.00893,0.14148,-0.02869,0.00,0.00,3.00,46.1,118.51,637.52,257.07,SEARCH_Z
12.5052,0.9984,0.5161,-0.5926,0.00893,0.14048,-0.02869,0.00,0.00,3.00,46.1,118.51,637.54,257.07,SEARCH_Z
12.5153,1.1084,0.2861,-0.3526,0.00593,0.13848,-0.02869,0.00,0.00,3.00,46.1,118.50,637.58,257.07,SEARCH_Z
12.5254,0.9084,0.0061,-0.0326,-0.00106,0.15048,-0.03169,0.00,0.00,3.00,46.1,118.50,637.61,257.08,SEARCH_Z
12.5355,0.9684,0.6061,-0.4626,0.00093,0.13448,-0.02569,0.00,0.00,3.00,46.1,118.50,637.64,257.08,SEARCH_Z
12.5456,1.1184,0.3661,-0.4626,0.01693,0.13148,-0.02769,0.00,0.00,3.00,46.1,118.50,637.67,257.08,SEARCH_Z
12.5557,0.8584,0.4461,-0.4926,0.01693,0.14848,-0.02669,0.00,0.00,3.00,46.1,118.50,637.70,257.08,SEARCH_Z
12.5658,1.1484,0.2461,-0.1226,0.01593,0.14348,-0.03269,0.00,0.00,3.00,46.1,118.50,637.73,257.08,SEARCH_Z
12.5759,0.7684,0.6561,-0.4526,0.00493,0.14448,-0.02469,0.00,0.00,3.00,46.1,118.50,637.76,257.08,SEARCH_Z
12.5860,1.0184,0.2961,-0.4926,0.01293,0.14248,-0.03269,0.00,0.00,3.00,46.1,118.50,637.79,257.08,SEARCH_Z
12.5961,0.8884,0.9861,-0.5626,0.00293,0.14048,-0.02369,0.00,0.00,3.00,46.1,118.50,637.82,257.08,SEARCH_Z
12.6062,0.6884,0.5461,-0.4726,-0.00206,0.14648,-0.02769,0.00,0.00,3.00,46.1,118.49,637.85,257.08,SEARCH_Z
12.6163,0.9484,0.5761,-0.4226,0.01493,0.15248,-0.02669,0.00,0.00,3.00,46.1,118.49,637.88,257.09,SEARCH_Z
12.6264,1.0084,0.5961,-0.5226,0.00993,0.14448,-0.03269,0.00,0.00,3.00,46.1,118.49,637.91,257.09,SEARCH_Z
12.6365,0.8884,0.4261,-0.4126,0.00593,0.14648,-0.02669,0.00,0.00,3.00,46.1,118.49,637.94,257.09,SEARCH_Z
12.6465,0.9684,0.6361,-0.3826,-0.00106,0.14348,-0.03069,0.00,0.00,3.00,46.1,118.49,637.97,257.09,SEARCH_Z
12.6566,0.9584,0.3961,-0.5226,0.01293,0.14548,-0.02869,0.00,0.00,3.00,46.1,118.49,638.00,257.09,SEARCH_Z
12.6667,0.9084,0.3961,-0.4126,-0.00106,0.13548,-0.02869,0.00,0.00,3.00,46.1,118.49,638.03,257.09,SEARCH_Z
12.6768,0.6684,0.4061,-0.3826,-0.00706,0.14748,-0.02869,0.00,0.00,3.00,46.1,118.49,638.06,257.09,SEARCH_Z
12.6869,0.9384,0.2261,-0.2826,0.02493,0.15848,-0.03069,0.00,0.00,3.00,46.1,118.49,638.09,257.09,SEARCH_Z
12.6970,0.7884,0.4061,-0.3326,0.00993,0.14748,-0.02969,0.00,0.00,3.00,46.1,118.48,638.12,257.09,SEARCH_Z
12.7071,1.0884,-0.1938,0.1973,0.03693,0.15248,-0.03469,0.00,0.00,3.00,46.1,118.48,638.15,257.10,SEARCH_Z
12.7172,0.9584,0.1561,-0.4326,0.01093,0.14148,-0.02969,0.00,0.00,3.00,46.2,118.48,638.19,257.10,SEARCH_Z
12.7273,0.9984,0.4961,-0.3526,0.00093,0.13248,-0.03169,0.00,0.00,3.00,46.2,118.48,638.21,257.10,SEARCH_Z
12.7374,0.9784,0.4261,-0.3326,0.01593,0.14348,-0.02769,0.00,0.00,3.00,46.2,118.48,638.24,257.10,SEARCH_Z
12.7475,1.2484,-0.0538,0.0073,0.02393,0.14548,-0.03269,0.00,0.00,3.00,46.2,118.48,638.27,257.10,SEARCH_Z
12.7577,0.8784,0.5861,-0.4326,-0.00406,0.13448,-0.02869,0.00,0.00,3.00,46.2,118.48,638.31,257.10,SEARCH_Z
12.7678,1.1884,-0.1638,-0.0926,0.02993,0.14948,-0.03369,0.00,0.00,3.00,46.2,118.48,638.33,257.10,SEARCH_Z
12.7779,0.6184,0.4861,-0.5926,-0.01006,0.13848,-0.02969,0.00,0.00,3.00,46.2,118.48,638.37,257.10,SEARCH_Z
12.7880,0.9384,0.4961,-0.5626,0.00593,0.13648,-0.02869,0.00,0.00,3.00,46.2,118.47,638.39,257.10,SEARCH_Z
12.7981,0.7984,0.4561,-0.3526,0.00593,0.14848,-0.02769,0.00,0.00,3.00,46.2,118.47,638.43,257.11,SEARCH_Z
12.8082,0.9484,0.2061,-0.3026,0.00793,0.14948,-0.03069,0.00,0.00,3.00,46.2,118.47,638.45,257.11,SEARCH_Z
12.8183,1.0084,0.5361,-0.3826,0.02693,0.13748,-0.02769,0.00,0.00,3.00,46.2,118.47,638.49,257.11,SEARCH_Z
12.8284,0.9084,0.2761,-0.4026,0.01793,0.15248,-0.03169,0.00,0.00,3.00,46.2,118.47,638.51,257.11,SEARCH_Z
12.8385,0.9884,0.5761,-0.3126,0.00993,0.13948,-0.02769,0.00,0.00,3.00,46.2,118.47,638.55,257.11,SEARCH_Z
12.8486,1.0384,0.3361,-0.0426,0.03493,0.15448,-0.02969,0.00,0.00,3.00,46.2,118.47,638.57,257.11,SEARCH_Z
12.8587,1.1184,0.4861,-0.4926,0.01193,0.13148,-0.02869,0.00,0.00,3.00,46.2,118.47,638.61,257.11,SEARCH_Z
12.8688,0.8584,0.1661,-0.3526,0.00293,0.14148,-0.03369,0.00,0.00,3.00,46.2,118.47,638.63,257.11,SEARCH_Z
12.8789,0.9684,0.5461,-0.1826,0.01293,0.13748,-0.02469,0.00,0.00,3.00,46.2,118.46,638.67,257.11,SEARCH_Z
12.8890,0.8284,-0.1538,0.1273,0.02793,0.16548,-0.03469,0.00,0.00,3.00,46.2,118.46,638.69,257.11,SEARCH_Z
12.8991,0.7884,0.3861,-0.3126,0.00293,0.14548,-0.02769,0.00,0.00,3.00,46.2,118.46,638.73,257.12,SEARCH_Z
12.9093,1.0584,0.4661,-0.3426,0.02293,0.14948,-0.03069,0.00,0.00,3.00,46.2,118.46,638.77,257.12,SEARCH_Z
12.9194,1.0384,0.1761,0.0273,0.03393,0.16348,-0.03369,0.00,0.00,3.00,46.2,118.46,638.79,257.12,SEARCH_Z
12.9294,1.1284,0.3061,-0.1026,0.01493,0.15048,-0.03269,0.00,0.00,3.00,46.2,118.46,638.83,257.12,SEARCH_Z
12.9395,0.9184,0.8761,-0.5326,0.02393,0.14048,-0.02469,0.00,0.00,3.00,46.2,118.46,638.85,257.12,SEARCH_Z
12.9496,0.6084,0.8161,-0.3626,-0.00806,0.14648,-0.02869,0.00,0.00,3.00,46.2,118.46,638.89,257.12,SEARCH_Z
12.9597,0.9084,0.2861,-0.0526,0.01793,0.14948,-0.03269,0.00,0.00,3.00,46.2,118.46,638.91,257.12,SEARCH_Z
12.9698,0.8384,0.2061,-0.0226,0.01293,0.14248,-0.03069,0.00,0.00,3.00,46.2,118.45,638.95,257.12,SEARCH_Z
12.9799,1.0484,0.2061,-0.2126,0.02593,0.15348,-0.03269,0.00,0.00,3.00,46.2,118.45,638.97,257.12,SEARCH_Z
12.9900,0.8484,0.4561,-0.2126,0.01693,0.15348,-0.03069,0.00,0.00,3.00,46.2,118.45,639.01,257.13,SEARCH_Z
13.0001,0.9284,0.7461,-0.4426,0.00493,0.13748,-0.02869,0.00,0.00,3.00,46.2,118.45,639.03,257.13,SEARCH_Z
13.0102,0.9684,0.3361,-0.5026,0.00493,0.13548,-0.02869,0.00,0.00,3.00,46.2,118.45,639.07,257.13,SEARCH_Z
13.0202,0.7884,0.2361,-0.1926,0.02093,0.14148,-0.03069,0.00,0.00,3.00,46.2,118.45,639.09,257.13,SEARCH_Z
13.0303,1.1784,0.4761,-0.6026,0.02293,0.13648,-0.02569,0.00,0.00,3.00,46.2,118.45,639.13,257.13,SEARCH_Z
13.0404,0.9684,0.1861,-0.2326,0.03493,0.15848,-0.03269,0.00,0.00,3.00,46.2,118.45,639.15,257.13,SEARCH_Z
13.0505,0.9984,0.5761,-0.5226,0.01393,0.14448,-0.02669,0.00,0.00,3.00,46.2,118.44,639.19,257.13,SEARCH_Z
13.0605,0.9784,0.5161,-0.3026,0.01793,0.14948,-0.02569,0.00,0.00,3.00,46.2,118.44,639.21,257.13,SEARCH_Z
13.0706,1.0084,0.3361,-0.4726,0.00993,0.13848,-0.02869,0.00,0.00,3.00,46.2,118.44,639.25,257.13,SEARCH_Z
13.0807,1.0884,0.1861,-0.3026,0.02393,0.14248,-0.03369,0.00,0.00,3.00,46.2,118.44,639.27,257.14,SEARCH_Z
13.0908,1.1184,0.1461,-0.3726,0.02693,0.14448,-0.03169,0.00,0.00,3.00,46.3,118.44,639.31,257.14,SEARCH_Z
13.1009,0.9084,0.3661,-0.2226,0.00893,0.14448,-0.03069,0.00,0.00,3.00,46.3,118.44,639.33,257.14,SEARCH_Z
13.1110,1.1384,0.2061,-0.3126,0.03693,0.14848,-0.02869,0.00,0.00,3.00,46.3,118.44,639.37,257.14,SEARCH_Z
13.1211,0.7484,0.2861,-0.0126,0.00493,0.14948,-0.02869,0.00,0.00,3.00,46.3,118.44,639.39,257.14,SEARCH_Z
13.1312,1.0584,0.1361,-0.1426,0.03393,0.15648,-0.03169,0.00,0.00,3.00,46.3,118.44,639.43,257.14,SEARCH_Z
13.1413,0.9784,0.2361,-0.0026,0.02493,0.15348,-0.03169,0.00,0.00,3.00,46.3,118.43,639.45,257.14,SEARCH_Z
13.1514,0.9284,0.4061,-0.3026,0.00893,0.13948,-0.03269,0.00,0.00,3.00,46.3,118.43,639.49,257.14,SEARCH_Z
13.1615,0.9984,0.1861,-0.3126,0.03293,0.14948,-0.03069,0.00,0.00,3.00,46.3,118.43,639.52,257.14,SEARCH_Z
13.1716,1.1484,0.5061,-0.3626,0.01393,0.13748,-0.03069,0.00,0.00,3.00,46.3,118.43,639.55,257.15,SEARCH_Z
13.1817,1.0184,0.4161,-0.8426,-0.00106,0.12548,-0.03369,0.00,0.00,3.00,46.3,118.43,639.58,257.15,SEARCH_Z
13.1918,0.8384,0.3461,-0.5126,0.00693,0.14248,-0.02769,0.00,0.00,3.00,46.3,118.43,639.61,257.15,SEARCH_Z
13.2019,1.0484,0.3361,-0.4026,0.02293,0.14248,-0.02869,0.00,0.00,3.00,46.3,118.43,639.64,257.15,SEARCH_Z
13.2120,1.0884,0.2661,-0.3226,0.02493,0.14248,-0.02969,0.00,0.00,3.00,46.3,118.43,639.67,257.15,SEARCH_Z
13.2221,1.0984,0.2961,-0.4426,0.02893,0.14848,-0.03169,0.00,0.00,3.00,46.3,118.43,639.70,257.15,SEARCH_Z
13.2323,1.0684,0.0561,-0.1326,0.04093,0.15748,-0.02969,0.00,0.00,3.00,46.3,118.42,639.73,257.15,SEARCH_Z
13.2424,0.7984,0.0961,-0.0526,0.00893,0.15648,-0.03269,0.00,0.00,3.00,46.3,118.42,639.76,257.15,SEARCH_Z
13.2525,1.0784,0.1661,-0.0826,0.01793,0.14148,-0.03169,0.00,0.00,3.00,46.3,118.42,639.79,257.15,SEARCH_Z
13.2625,1.0884,0.1361,-0.1826,0.03893,0.14848,-0.03069,0.00,0.00,3.00,46.3,118.42,639.82,257.16,SEARCH_Z
13.2726,1.0084,0.5261,-0.6026,0.00493,0.12948,-0.02669,0.00,0.00,3.00,46.3,118.42,639.85,257.16,SEARCH_Z
13.2827,0.9884,0.6261,-0.3426,0.01693,0.14548,-0.02369,0.00,0.00,3.00,46.3,118.42,639.88,257.16,SEARCH_Z
13.2928,0.8584,0.0261,-0.0326,0.00493,0.14848,-0.03369,0.00,0.00,3.00,46.3,118.42,639.91,257.16,SEARCH_Z
13.3029,0.9984,0.3661,-0.4026,0.02393,0.13748,-0.02969,0.00,0.00,3.00,46.3,118.42,639.94,257.16,SEARCH_Z
13.3130,0.9884,0.4261,-0.0526,0.02593,0.14748,-0.02569,0.00,0.00,3.00,46.3,118.42,639.97,257.16,SEARCH_Z
13.3231,0.8884,0.3461,-0.3126,0.00693,0.13748,-0.02869,0.00,0.00,3.00,46.3,118.41,640.00,257.16,SEARCH_Z
13.3332,0.9484,0.5761,-0.5126,0.01393,0.13248,-0.02869,0.00,0.00,3.00,46.3,118.41,640.03,257.16,SEARCH_Z
13.3433,0.9584,0.1661,0.0173,0.02093,0.15048,-0.03369,0.00,0.00,3.00,46.3,118.41,640.06,257.16,SEARCH_Z
13.3534,0.9384,0.3161,-0.5526,0.01693,0.14048,-0.02769,0.00,0.00,3.00,46.3,118.41,640.10,257.17,SEARCH_Z
13.3635,0.7884,0.1361,-0.1126,0.02193,0.14348,-0.02769,0.00,0.00,3.00,46.3,118.41,640.12,257.17,SEARCH_Z
13.3735,0.9784,0.4961,-0.5326,0.01393,0.12948,-0.02969,0.00,0.00,3.00,46.3,118.41,640.16,257.17,SEARCH_Z
13.3836,0.9184,0.2161,-0.5626,0.02393,0.13948,-0.03069,0.00,0.00,3.00,46.3,118.41,640.18,257.17,SEARCH_Z
13.3937,0.9784,0.3861,-0.1726,0.02393,0.14848,-0.02869,0.00,0.00,3.00,46.4,118.41,640.22,257.17,SEARCH_Z
13.4038,0.9384,0.2861,-0.5126,0.00893,0.13348,-0.02669,0.00,0.00,3.00,46.4,118.41,640.24,257.17,SEARCH_Z
13.4139,0.8584,0.0961,0.0973,0.00893,0.14948,-0.03169,0.00,0.00,3.00,46.4,118.40,640.28,257.17,SEARCH_Z
13.4240,0.9484,0.4161,-0.5226,0.00493,0.12848,-0.02669,0.00,0.00,3.00,46.4,118.40,640.30,257.17,SEARCH_Z
13.4341,0.9184,0.2161,-0.3326,0.02093,0.14448,-0.03269,0.00,0.00,3.00,46.4,118.40,640.34,257.17,SEARCH_Z
13.4442,0.8184,0.7161,-0.4026,0.01093,0.13648,-0.02669,0.00,0.00,3.00,46.4,118.40,640.36,257.18,SEARCH_Z
13.4543,1.1084,-0.1138,0.2973,0.02993,0.14348,-0.03569,0.00,0.00,3.00,46.4,118.40,640.40,257.18,SEARCH_Z
13.4644,0.7684,0.0061,0.0173,0.01793,0.14248,-0.03369,0.00,0.00,3.00,46.4,118.40,640.42,257.18,SEARCH_Z
13.4745,0.9184,0.4561,-0.4126,0.01693,0.13548,-0.03069,0.00,0.00,3.00,46.4,118.40,640.46,257.18,SEARCH_Z
13.4846,0.8684,0.3061,-0.1326,0.01993,0.14748,-0.02669,0.00,0.00,3.00,46.4,118.40,640.48,257.18,SEARCH_Z
13.4946,1.0084,0.4261,-0.1626,0.03393,0.13948,-0.02969,0.00,0.00,3.00,46.4,118.39,640.52,257.18,SEARCH_Z
13.5047,0.7084,0.7761,-0.1526,0.00093,0.13448,-0.02069,0.00,0.00,3.00,46.4,118.39,640.54,257.18,SEARCH_Z
13.5148,0.8384,0.4861,-0.1926,0.02293,0.14148,-0.02569,0.00,0.00,3.00,46.4,118.39,640.58,257.18,SEARCH_Z
13.5249,0.6884,0.0661,-0.0326,0.00393,0.14348,-0.02869,0.00,0.00,3.00,46.4,118.39,640.60,257.18,SEARCH_Z
13.5350,1.1284,0.4361,-0.2626,0.01193,0.10148,-0.02369,0.00,0.00,3.00,46.4,118.39,640.64,257.19,SEARCH_Z
13.5451,1.1384,0.1661,0.1173,0.04093,0.13248,-0.02769,0.00,0.00,3.00,46.4,118.39,640.66,257.19,SEARCH_Z
13.5552,0.9284,0.1161,-0.0126,0.02593,0.13548,-0.02669,0.00,0.00,3.00,46.4,118.39,640.70,257.19,SEARCH_Z
13.5653,0.8884,0.5561,0.0773,0.03093,0.13148,-0.02369,0.00,0.00,3.00,46.4,118.39,640.73,257.19,SEARCH_Z
13.5755,0.8084,0.1661,-0.1226,0.01493,0.11748,-0.02469,0.00,0.00,3.00,46.4,118.39,640.76,257.19,SEARCH_Z
13.5855,0.7584,0.0261,0.1573,0.02793,0.13348,-0.02569,0.00,0.00,3.00,46.4,118.38,640.79,257.19,SEARCH_Z
13.5956,1.0184,-0.0638,0.2073,0.04593,0.13148,-0.02069,0.00,0.00,3.00,46.4,118.38,640.82,257.19,SEARCH_Z
13.6057,0.7584,0.5561,0.0873,0.02093,0.12548,-0.02069,0.00,0.00,3.00,46.4,118.38,640.85,257.19,SEARCH_Z
13.6159,0.8384,0.3861,-0.1726,0.03893,0.11648,-0.02269,0.00,0.00,3.00,46.4,118.38,640.88,257.19,SEARCH_Z
13.6260,0.7184,0.4061,-0.0826,0.04093,0.12448,-0.01869,0.00,0.00,3.00,46.4,118.38,640.91,257.20,SEARCH_Z
13.6361,0.8784,0.3961,-0.0726,0.03093,0.11648,-0.01969,0.00,0.00,3.00,46.4,118.38,640.94,257.20,SEARCH_Z
13.6462,0.9284,0.3361,-0.1726,0.03593,0.11448,-0.02069,0.00,0.00,3.00,46.5,118.38,640.97,257.20,SEARCH_Z
13.6563,0.8484,0.3861,0.1373,0.03493,0.12248,-0.02069,0.00,0.00,3.00,46.5,118.38,641.00,257.20,SEARCH_Z
13.6664,0.7884,0.1561,0.4173,0.03993,0.11848,-0.02469,0.00,0.00,3.00,46.5,118.38,641.03,257.20,SEARCH_Z
13.6765,0.7184,0.1461,0.2173,0.06193,0.12448,-0.01869,0.00,0.00,3.00,46.5,118.37,641.06,257.20,SEARCH_Z
13.6865,0.8584,0.2761,-0.1726,0.03293,0.11548,-0.01869,0.00,0.00,3.00,46.5,118.37,641.09,257.20,SEARCH_Z
13.6966,0.7584,0.0961,0.0073,0.03593,0.12048,-0.01969,0.00,0.00,3.00,46.5,118.37,641.12,257.20,SEARCH_Z
13.7067,1.0584,0.0161,-0.0226,0.04493,0.10948,-0.02269,0.00,0.00,3.00,46.5,118.37,641.15,257.20,SEARCH_Z
13.7168,0.5684,0.2861,-0.0826,0.00193,0.11548,-0.01869,0.00,0.00,3.00,46.5,118.37,641.19,257.21,SEARCH_Z
13.7268,0.7384,0.1761,-0.2326,0.01893,0.11448,-0.01469,0.00,0.00,3.00,46.5,118.37,641.21,257.21,SEARCH_Z
13.7370,0.7884,0.0861,-0.1926,0.02793,0.10948,-0.02569,0.00,0.00,3.00,46.5,118.37,641.24,257.21,SEARCH_Z
13.7471,0.8284,0.5861,-0.3826,0.01493,0.10648,-0.01569,0.00,0.00,3.00,46.5,118.37,641.27,257.21,SEARCH_Z
13.7572,0.8584,0.2561,-0.5826,0.00793,0.09648,-0.01569,0.00,0.00,3.00,46.5,118.37,641.30,257.21,SEARCH_Z
13.7673,0.7884,0.2061,-0.2026,0.02493,0.11548,-0.02069,0.00,0.00,3.00,46.5,118.36,641.34,257.21,SEARCH_Z
13.7774,0.7684,0.2261,-0.0026,0.01493,0.11648,-0.02069,0.00,0.00,3.00,46.5,118.36,641.36,257.21,SEARCH_Z
13.7875,0.8084,0.5761,-0.4026,0.01493,0.09848,-0.01769,0.00,0.00,3.00,46.5,118.36,641.40,257.21,SEARCH_Z
13.7975,0.7484,0.0961,0.1173,0.01293,0.11248,-0.01969,0.00,0.00,3.00,46.5,118.36,641.43,257.21,SEARCH_Z
13.8076,0.8184,0.1361,-0.0526,0.01293,0.10548,-0.02069,0.00,0.00,3.00,46.5,118.36,641.46,257.21,SEARCH_Z
13.8177,0.4984,0.2261,-0.1526,-0.00106,0.11648,-0.01869,0.00,0.00,3.00,46.5,118.36,641.49,257.22,SEARCH_Z
13.8278,0.8884,0.2061,-0.0726,0.01493,0.11248,-0.01969,0.00,0.00,3.00,46.5,118.36,641.52,257.22,SEARCH_Z
13.8379,0.9884,0.2161,-0.1626,0.01793,0.10948,-0.01869,0.00,0.00,3.00,46.5,118.36,641.55,257.22,SEARCH_Z
13.8480,0.9084,0.5161,-0.6026,0.00693,0.09348,-0.01669,0.00,0.00,3.00,46.5,118.36,641.58,257.22,SEARCH_Z
13.8581,0.9184,0.2161,-0.2326,-0.00006,0.09448,-0.02169,0.00,0.00,3.00,46.5,118.35,641.61,257.22,SEARCH_Z
13.8682,0.6384,0.6761,-0.7026,0.02193,0.10948,-0.01769,0.00,0.00,3.00,46.5,118.35,641.64,257.22,SEARCH_Z
13.8783,0.5384,0.3161,-0.5626,0.00393,0.10948,-0.02069,0.00,0.00,3.00,46.6,118.35,641.67,257.22,SEARCH_Z
13.8884,0.6884,0.6161,-0.5226,0.02293,0.09948,-0.01369,0.00,0.00,3.00,46.6,118.35,641.70,257.22,SEARCH_Z
13.8985,0.6584,-0.2538,0.1373,0.02193,0.11948,-0.02069,0.00,0.00,3.00,46.6,118.35,641.73,257.22,SEARCH_Z
13.9086,0.7484,0.0461,0.2373,0.01293,0.11448,-0.02169,0.00,0.00,3.00,46.6,118.35,641.76,257.23,SEARCH_Z
13.9189,0.9184,0.3361,-0.4226,0.00893,0.10048,-0.01769,0.00,0.00,3.00,46.6,118.35,641.79,257.23,SEARCH_Z
13.9290,0.7984,0.3561,-0.4626,0.00493,0.10148,-0.02069,0.00,0.00,3.00,46.6,118.35,641.82,257.23,SEARCH_Z
13.9391,0.7784,0.3961,-0.8626,0.00093,0.09948,-0.01869,0.00,0.00,3.00,46.6,118.34,641.85,257.23,SEARCH_Z
13.9492,0.7884,0.1161,-0.4426,0.01793,0.11548,-0.01669,0.00,0.00,3.00,46.6,118.34,641.88,257.23,SEARCH_Z
13.9593,0.6584,0.3161,-0.3626,0.00293,0.10448,-0.01769,0.00,0.00,3.00,46.6,118.34,641.91,257.23,SEARCH_Z
13.9694,0.6484,0.3961,-0.6126,0.00293,0.10148,-0.01969,0.00,0.00,3.00,46.6,118.34,641.95,257.23,SEARCH_Z
13.9795,0.9084,-0.0638,-0.1226,0.02193,0.10648,-0.02469,0.00,0.00,3.00,46.6,118.34,641.97,257.23,SEARCH_Z
13.9895,0.5484,0.3261,-0.5526,0.00093,0.10048,-0.01769,0.00,0.00,3.00,46.6,118.34,642.01,257.23,SEARCH_Z
13.9996,0.8484,0.2061,-0.8426,-0.00606,0.08148,-0.01769,0.00,0.00,3.00,46.6,118.34,642.03,257.24,SEARCH_Z
14.0097,0.7484,0.5761,-1.0626,0.00593,0.08948,-0.01169,0.00,0.00,3.00,46.6,118.34,642.07,257.24,SEARCH_Z
14.0198,0.4984,0.1061,-0.5326,-0.00706,0.10448,-0.01569,0.00,0.00,3.00,46.6,118.34,642.09,257.24,SEARCH_Z
14.0299,0.7284,0.6461,-1.0426,-0.00106,0.08848,-0.01169,0.00,0.00,3.00,46.6,118.33,642.13,257.24,SEARCH_Z
14.0400,0.6184,0.2461,-1.0326,-0.00506,0.08548,-0.01269,0.00,0.00,3.00,46.6,118.33,642.15,257.24,SEARCH_Z
