time,fx,fy,fz,tx,ty,tz,vx,vy,vz,travel_mm,pos_x,pos_y,pos_z,phase
0.0000,0.0094,-0.1863,0.2636,-0.01381,-0.00913,-0.00226,-5.00,0.00,0.00,0.0,125.49,633.29,302.40,DESCEND
0.0102,-0.0905,0.0036,-0.0163,-0.01781,-0.01213,0.00073,-5.00,0.00,0.00,0.0,125.49,633.29,302.39,DESCEND
0.0203,0.0394,0.2136,-0.2763,-0.00081,-0.00713,0.00073,-5.00,0.00,0.00,0.0,125.49,633.29,302.39,DESCEND
0.0304,0.0994,0.1436,-0.2063,0.00818,-0.00713,0.00173,-5.00,0.00,0.00,0.0,125.49,633.29,302.38,DESCEND
0.0405,-0.2705,0.0436,-0.0763,-0.01981,-0.00913,0.00473,-5.00,0.00,0.00,0.0,125.49,633.29,302.36,DESCEND
0.0506,0.2194,-0.3163,0.3036,0.00818,-0.00613,-0.00626,-5.00,0.00,0.00,0.0,125.49,633.29,302.35,DESCEND
0.0607,-0.1405,0.1136,0.0736,-0.01881,-0.00313,0.00373,-5.00,0.00,0.00,0.1,125.49,633.29,302.33,DESCEND
0.0708,-0.1305,-0.0663,-0.0263,-0.02881,-0.00713,0.00073,-5.00,0.00,0.00,0.1,125.49,633.29,302.31,DESCEND
0.0809,-0.0205,-0.0763,0.1336,0.00018,0.00286,0.00173,-5.00,0.00,0.00,0.1,125.49,633.29,302.27,DESCEND
0.0910,0.0094,-0.0463,-0.0463,-0.01081,-0.01213,0.00373,-5.00,0.00,0.00,0.1,125.49,633.30,302.25,DESCEND
0.1011,0.0594,0.1336,0.0236,-0.01481,-0.00813,0.00173,-5.00,0.00,0.00,0.2,125.49,633.30,302.21,DESCEND
0.1112,0.0894,-0.0463,0.1236,0.00518,-0.00013,0.00373,-5.00,0.00,0.00,0.2,125.49,633.30,302.18,DESCEND
0.1213,0.0494,-0.2063,0.1636,0.00118,-0.00413,-0.00226,-5.00,0.00,0.00,0.3,125.49,633.30,302.13,DESCEND
0.1314,-0.0905,0.2736,-0.0863,-0.01081,-0.00313,0.00073,-5.00,0.00,0.00,0.3,125.49,633.30,302.07,DESCEND
0.1415,-0.1605,-0.1563,-0.1163,-0.02581,-0.01413,-0.00026,-5.00,0.00,0.00,0.4,125.49,633.30,302.03,DESCEND
0.1516,-0.2105,0.1636,0.2836,-0.02381,0.00386,0.00373,-5.00,0.00,0.00,0.4,125.49,633.31,301.97,DESCEND
0.1617,-0.0105,0.3336,-0.2163,-0.01681,-0.00413,0.00373,-5.00,0.00,0.00,0.5,125.49,633.31,301.93,DESCEND
0.1718,-0.1805,-0.1263,0.2036,-0.03781,0.00286,0.00073,-5.00,0.00,0.00,0.5,125.49,633.31,301.87,DESCEND
0.1819,0.0894,0.1636,-0.0963,-0.01181,-0.00813,0.00173,-5.00,0.00,0.00,0.6,125.49,633.31,301.83,DESCEND
0.1920,-0.1405,0.0836,-0.1363,0.00218,-0.00713,0.00473,-5.00,0.00,0.00,0.6,125.50,633.31,301.77,DESCEND
0.2021,-0.1705,-0.0663,-0.1463,-0.00981,-0.01113,0.00473,-5.00,0.00,0.00,0.7,125.50,633.31,301.73,DESCEND
0.2122,-0.1105,-0.2363,0.0536,0.01018,-0.00213,0.00073,-5.00,0.00,0.00,0.7,125.50,633.32,301.67,DESCEND
0.2223,-0.2605,-0.2263,0.2836,-0.02581,-0.01713,-0.00226,-5.00,0.00,0.00,0.8,125.50,633.32,301.63,DESCEND
0.2324,-0.2205,0.0336,-0.0963,-0.00081,-0.01613,-0.00026,-5.00,0.00,0.00,0.8,125.50,633.32,301.57,DESCEND
0.2425,0.0794,-0.1863,0.2436,0.00618,-0.00513,-0.00126,-5.00,0.00,0.00,0.9,125.50,633.32,301.53,DESCEND
0.2526,0.0094,0.3436,0.0736,-0.01381,-0.00513,0.00273,-5.00,0.00,0.00,0.9,125.50,633.32,301.47,DESCEND
0.2627,0.0094,0.1336,-0.0663,0.00818,0.00486,0.00073,-5.00,0.00,0.00,1.0,125.50,633.33,301.43,DESCEND
0.2728,-0.1205,-0.0163,0.1836,-0.00481,-0.00013,0.00673,-5.00,0.00,0.00,1.0,125.50,633.33,301.37,DESCEND
0.2829,0.0594,0.0636,-0.0463,-0.02181,-0.00313,-0.00126,-5.00,0.00,0.00,1.1,125.50,633.33,301.33,DESCEND
0.2930,0.0294,0.3036,-0.2863,-0.01581,-0.01613,0.00473,-5.00,0.00,0.00,1.1,125.50,633.33,301.27,DESCEND
0.3031,0.1694,0.0436,-0.0163,0.00618,-0.00113,0.00273,-5.00,0.00,0.00,1.2,125.50,633.33,301.23,DESCEND
0.3132,-0.0005,0.2236,-0.0063,-0.01181,-0.01313,0.00373,-5.00,0.00,0.00,1.2,125.50,633.33,301.17,DESCEND
0.3233,-0.0705,0.0836,-0.0663,-0.00881,-0.01013,0.00373,-5.00,0.00,0.00,1.3,125.50,633.34,301.11,DESCEND
0.3334,0.0394,-0.0263,0.0436,0.00118,-0.00613,0.00073,-5.00,0.00,0.00,1.3,125.50,633.34,301.07,DESCEND
0.3435,-0.2005,0.3336,-0.0063,-0.01581,-0.02113,0.00673,-5.00,0.00,0.00,1.4,125.50,633.34,301.01,DESCEND
0.3536,-0.2005,0.0136,-0.0063,-0.02781,-0.02613,0.00373,-5.00,0.00,0.00,1.4,125.50,633.34,300.97,DESCEND
0.3637,-0.0905,0.1036,-0.1463,0.00018,-0.00313,0.00073,-5.00,0.00,0.00,1.5,125.50,633.34,300.91,DESCEND
0.3738,-0.2305,0.5936,-0.4263,-0.01081,-0.01413,0.00673,-5.00,0.00,0.00,1.5,125.50,633.35,300.87,DESCEND
0.3839,-0.0905,0.2336,-0.0363,-0.02081,-0.01213,0.00173,-5.00,0.00,0.00,1.6,125.50,633.35,300.81,DESCEND
0.3940,-0.1105,0.6436,-0.4263,-0.02381,-0.02013,0.00773,-5.00,0.00,0.00,1.6,125.50,633.35,300.77,DESCEND
0.4041,-0.0705,0.4736,-0.3063,-0.02081,-0.01513,0.00673,-5.00,0.00,0.00,1.7,125.50,633.35,300.71,DESCEND
0.4142,-0.1005,0.5236,-0.2663,-0.03281,-0.01513,0.00673,-5.00,0.00,0.00,1.7,125.50,633.35,300.67,DESCEND
0.4243,-0.0905,0.0236,0.1536,-0.00681,0.00186,0.00573,-5.00,0.00,0.00,1.8,125.50,633.36,300.61,DESCEND
0.4344,0.0294,0.0736,-0.1363,0.00018,-0.01413,0.00373,-5.00,0.00,0.00,1.8,125.50,633.36,300.57,DESCEND
0.4445,-0.1105,-0.1863,0.3636,-0.01781,-0.00513,0.00073,-5.00,0.00,0.00,1.9,125.50,633.36,300.51,DESCEND
0.4546,-0.1105,-0.0363,0.2436,-0.00281,0.00186,0.00273,-5.00,0.00,0.00,1.9,125.50,633.36,300.47,DESCEND
0.4647,0.0294,-0.1863,0.0836,0.01018,-0.00013,-0.00026,-5.00,0.00,0.00,2.0,125.50,633.36,300.41,DESCEND
0.4748,0.1494,-0.1663,-0.0063,-0.00881,-0.01113,-0.00026,-5.00,0.00,0.00,2.0,125.50,633.36,300.37,DESCEND
0.4848,-0.2105,-0.2263,0.0836,-0.02781,-0.00913,0.00273,-5.00,0.00,0.00,2.1,125.50,633.37,300.31,DESCEND
0.4949,0.0694,0.2136,-0.2563,-0.00181,-0.00513,-0.00226,-5.00,0.00,0.00,2.1,125.50,633.37,300.27,DESCEND
0.5051,-0.0205,0.0536,-0.3563,-0.02081,-0.01613,0.00273,-5.00,0.00,0.00,2.2,125.50,633.37,300.21,DESCEND
0.5152,-0.0205,-0.0063,-0.0163,-0.00281,-0.00413,0.00573,-5.00,0.00,0.00,2.2,125.50,633.37,300.17,DESCEND
0.5253,0.2694,0.1136,-0.2163,0.00618,-0.01613,0.00373,-5.00,0.00,0.00,2.3,125.50,633.37,300.11,DESCEND
0.5354,-0.1205,0.4536,-0.5063,-0.02581,-0.01913,0.00673,-5.00,0.00,0.00,2.3,125.50,633.38,300.05,DESCEND
0.5455,-0.1705,0.2236,-0.3063,-0.02781,-0.01213,0.00573,-5.00,0.00,0.00,2.4,125.50,633.38,300.01,DESCEND
0.5556,0.0094,0.0736,-0.2163,0.00018,-0.00713,-0.00126,-5.00,0.00,0.00,2.4,125.50,633.38,299.95,DESCEND
0.5657,0.0394,0.2336,-0.3063,-0.00681,-0.01013,0.00273,-5.00,0.00,0.00,2.5,125.50,633.38,299.91,DESCEND
0.5758,0.0994,0.1236,0.0936,-0.00181,-0.01313,0.00073,-5.00,0.00,0.00,2.5,125.50,633.38,299.85,DESCEND
0.5859,-0.2005,0.1136,0.0636,-0.01181,-0.01213,0.00673,-5.00,0.00,0.00,2.6,125.50,633.38,299.81,DESCEND
0.5960,0.1094,-0.0463,-0.2463,-0.00681,-0.01613,0.00173,-5.00,0.00,0.00,2.6,125.50,633.39,299.75,DESCEND
0.6061,0.0194,-0.2163,0.1736,-0.01481,-0.01013,-0.00226,-5.00,0.00,0.00,2.7,125.50,633.39,299.71,DESCEND
0.6162,-0.0305,-0.1763,0.0636,-0.00881,-0.01013,0.00473,-5.00,0.00,0.00,2.7,125.50,633.39,299.65,DESCEND
0.6264,-0.1805,0.3136,-0.2163,-0.01681,-0.01413,0.00773,-5.00,0.00,0.00,2.8,125.50,633.39,299.61,DESCEND
0.6365,-0.3005,0.2136,-0.2063,-0.01381,0.00486,0.00273,-5.00,0.00,0.00,2.8,125.50,633.39,299.55,DESCEND
0.6466,-0.0805,0.4536,-0.3463,-0.00481,-0.00313,0.00373,-5.00,0.00,0.00,2.9,125.50,633.40,299.51,DESCEND
0.6567,-0.0205,0.3436,-0.3663,-0.01681,-0.01613,0.00673,-5.00,0.00,0.00,2.9,125.50,633.40,299.45,DESCEND
0.6668,-0.0605,0.1436,-0.0463,-0.01081,-0.00513,0.00173,-5.00,0.00,0.00,3.0,125.50,633.40,299.41,DESCEND
0.6769,0.1394,-0.1463,0.1936,0.00818,-0.00013,0.00373,-5.00,0.00,0.00,3.0,125.50,633.40,299.35,DESCEND
0.6870,-0.0405,0.0436,-0.1263,-0.00781,-0.00513,0.00173,-5.00,0.00,0.00,3.1,125.50,633.40,299.31,DESCEND
0.6971,-0.1205,0.4036,-0.3163,-0.01981,-0.01213,0.00973,-5.00,0.00,0.00,3.1,125.50,633.41,299.25,DESCEND
0.7073,0.0094,0.1036,-0.3263,-0.00181,-0.01713,0.00573,-5.00,0.00,0.00,3.2,125.50,633.41,299.21,DESCEND
0.7174,-0.0605,0.0736,-0.1263,-0.01281,-0.01513,0.00273,-5.00,0.00,0.00,3.2,125.50,633.41,299.15,DESCEND
0.7275,0.0894,0.3036,-0.5563,-0.02781,-0.03213,0.00573,-5.00,0.00,0.00,3.3,125.50,633.41,299.11,DESCEND
0.7377,-0.0305,0.3836,-0.2463,-0.01481,-0.01813,0.00473,-5.00,0.00,0.00,3.3,125.50,633.41,299.05,DESCEND
0.7478,-0.1505,-0.0063,0.0936,-0.02081,-0.00813,0.00273,-5.00,0.00,0.00,3.4,125.50,633.41,298.99,DESCEND
0.7579,-0.0605,-0.1963,0.0436,-0.00681,-0.00513,0.00373,-5.00,0.00,0.00,3.4,125.50,633.42,298.95,DESCEND
0.7680,-0.2005,0.1936,0.0236,-0.01081,0.00386,0.00473,-5.00,0.00,0.00,3.5,125.51,633.42,298.89,DESCEND
0.7781,0.0094,0.3136,0.1336,-0.00381,-0.00313,0.00073,-5.00,0.00,0.00,3.5,125.51,633.42,298.85,DESCEND
0.7882,0.1194,0.2036,0.0236,-0.00081,-0.00813,0.00073,-5.00,0.00,0.00,3.6,125.51,633.42,298.79,DESCEND
0.7983,-0.1705,0.3736,-0.3863,-0.02981,-0.02013,0.00673,-5.00,0.00,0.00,3.6,125.51,633.42,298.75,DESCEND
0.8084,-0.2405,0.1736,0.1736,-0.01681,-0.00413,0.00373,-5.00,0.00,0.00,3.7,125.51,633.43,298.69,DESCEND
0.8184,-0.0005,0.0836,0.0536,0.00718,-0.00613,0.00373,-5.00,0.00,0.00,3.7,125.51,633.43,298.65,DESCEND
0.8286,-0.2605,-0.1663,-0.0063,-0.00881,-0.00613,-0.00026,-5.00,0.00,0.00,3.8,125.51,633.43,298.59,DESCEND
0.8387,-0.0605,0.3436,0.0536,-0.01481,-0.00213,0.00473,-5.00,0.00,0.00,3.8,125.51,633.43,298.55,DESCEND
0.8488,-0.2405,0.1636,-0.0863,-0.00781,-0.00213,0.00573,-5.00,0.00,0.00,3.9,125.51,633.43,298.49,DESCEND
0.8589,-0.2105,0.6136,-0.3863,-0.02081,-0.01713,0.00673,-5.00,0.00,0.00,3.9,125.51,633.43,298.45,DESCEND
0.8690,-0.1005,-0.2163,0.1236,-0.01181,0.00586,0.00073,-5.00,0.00,0.00,4.0,125.51,633.44,298.39,DESCEND
0.8791,-0.2405,-0.2063,0.3736,-0.02181,-0.00913,0.00373,-5.00,0.00,0.00,4.0,125.51,633.44,298.35,DESCEND
0.8892,-0.1205,-0.0663,0.1036,-0.01081,-0.00613,0.00073,-5.00,0.00,0.00,4.1,125.51,633.44,298.29,DESCEND
0.8993,-0.0705,-0.1363,-0.0363,-0.01181,-0.01113,0.00073,-5.00,0.00,0.00,4.1,125.51,633.44,298.25,DESCEND
0.9094,-0.1805,-0.0563,-0.4263,0.00418,-0.00113,0.00373,-5.00,0.00,0.00,4.2,125.51,633.44,298.19,DESCEND
0.9195,-0.0705,0.1736,0.0536,0.00218,-0.00513,0.00773,-5.00,0.00,0.00,4.3,125.51,633.45,298.13,DESCEND
0.9296,-0.0905,0.1436,0.2436,0.01018,0.00686,0.00573,-5.00,0.00,0.00,4.3,125.51,633.45,298.09,DESCEND
0.9397,-0.2705,-0.2063,0.3336,-0.02981,-0.00613,0.00073,-5.00,0.00,0.00,4.4,125.51,633.45,298.03,DESCEND
0.9498,-0.0805,0.0336,-0.0963,-0.02081,-0.01913,0.00773,-5.00,0.00,0.00,4.4,125.51,633.45,297.99,DESCEND
0.9599,-0.0605,0.3436,-0.1363,-0.02081,-0.01913,0.00873,-5.00,0.00,0.00,4.5,125.51,633.45,297.93,DESCEND
0.9700,-0.1405,0.2836,-0.3063,-0.03581,-0.02313,0.00373,-5.00,0.00,0.00,4.5,125.51,633.46,297.89,DESCEND
0.9801,-0.1805,0.0936,-0.4563,-0.01581,-0.01313,0.00973,-5.00,0.00,0.00,4.6,125.51,633.46,297.83,DESCEND
0.9902,0.0594,0.4136,-0.2663,-0.00381,-0.00913,0.00773,-5.00,0.00,0.00,4.6,125.51,633.46,297.79,DESCEND
1.0003,0.0494,0.0436,0.1536,-0.00681,-0.01013,0.00273,-5.00,0.00,0.00,4.7,125.51,633.46,297.73,DESCEND
1.0104,-0.1505,0.1836,0.0036,-0.01181,-0.00713,0.00673,-5.00,0.00,0.00,4.7,125.51,633.46,297.69,DESCEND
1.0205,-0.0305,0.3836,-0.1663,-0.00781,0.00086,0.00673,-5.00,0.00,0.00,4.8,125.51,633.46,297.63,DESCEND
1.0306,-0.1105,0.2636,-0.5163,-0.00081,-0.00913,0.00473,-5.00,0.00,0.00,4.8,125.51,633.47,297.59,DESCEND
1.0407,0.2194,0.1936,0.0936,0.01918,-0.00813,0.00573,-5.00,0.00,0.00,4.9,125.51,633.47,297.53,DESCEND
1.0508,0.0294,0.0836,-0.2763,-0.00181,-0.01513,0.00373,-5.00,0.00,0.00,4.9,125.51,633.47,297.49,DESCEND
1.0609,-0.1005,-0.0063,-0.1063,-0.00681,-0.01113,0.00473,-5.00,0.00,0.00,5.0,125.51,633.47,297.43,DESCEND
1.0710,-0.0905,-0.2563,0.3936,0.00518,0.00886,0.00173,-5.00,0.00,0.00,5.0,125.51,633.47,297.39,DESCEND
1.0811,-0.0505,0.1936,-0.0963,-0.00881,-0.00613,0.00073,-5.00,0.00,0.00,5.1,125.51,633.48,297.33,DESCEND
1.0912,-0.1105,0.0636,-0.3263,-0.01781,-0.01013,0.00273,-5.00,0.00,0.00,5.1,125.51,633.48,297.29,DESCEND
1.1013,0.0494,0.0336,-0.2763,-0.00081,-0.00813,0.00273,-5.00,0.00,0.00,5.2,125.51,633.48,297.23,DESCEND
1.1114,-0.0105,0.0136,0.1736,-0.02381,-0.01313,0.00273,-5.00,0.00,0.00,5.2,125.51,633.48,297.17,DESCEND
1.1215,0.0394,0.1336,-0.1963,-0.00281,-0.01013,0.00273,-5.00,0.00,0.00,5.3,125.51,633.48,297.13,DESCEND
1.1316,0.2294,0.3836,-0.3063,0.00518,-0.01313,0.00273,-5.00,0.00,0.00,5.3,125.51,633.49,297.07,DESCEND
1.1417,-0.0105,0.2436,0.0436,-0.00081,-0.00613,0.00673,-5.00,0.00,0.00,5.4,125.51,633.49,297.03,DESCEND
1.1518,0.1094,0.1036,0.0236,-0.01581,-0.01513,0.00273,-5.00,0.00,0.00,5.4,125.51,633.49,296.97,DESCEND
1.1620,-0.1305,0.0336,-0.2263,-0.01281,-0.00813,0.00473,-5.00,0.00,0.00,5.5,125.51,633.49,296.93,DESCEND
1.1720,-0.1705,-0.0363,-0.1163,-0.01481,-0.00913,0.00173,-5.00,0.00,0.00,5.5,125.51,633.49,296.87,DESCEND
1.1822,0.0294,0.0236,-0.1663,0.00718,-0.01313,0.00173,-5.00,0.00,0.00,5.6,125.51,633.49,296.83,DESCEND
1.1924,0.1094,-0.1763,-0.1863,-0.01881,-0.02613,0.00173,-5.00,0.00,0.00,5.6,125.51,633.50,296.77,DESCEND
1.2025,-0.1005,0.2736,-0.0763,-0.00581,-0.01113,0.00473,-5.00,0.00,0.00,5.7,125.51,633.50,296.73,DESCEND
1.2126,-0.0005,0.2536,0.0136,-0.01381,-0.00813,0.00873,-5.00,0.00,0.00,5.7,125.51,633.50,296.67,DESCEND
1.2228,-0.2205,0.1536,0.1236,-0.02681,-0.01513,0.00473,-5.00,0.00,0.00,5.8,125.51,633.50,296.63,DESCEND
1.2329,-0.1105,-0.0763,0.0736,-0.00481,-0.00313,0.00073,-5.00,0.00,0.00,5.8,125.51,633.50,296.57,DESCEND
1.2430,0.1994,0.1536,-0.2063,0.00918,-0.01113,0.00673,-5.00,0.00,0.00,5.9,125.51,633.51,296.53,DESCEND
1.2532,-0.1705,0.3636,-0.3263,-0.02181,-0.01513,0.00573,-5.00,0.00,0.00,5.9,125.51,633.51,296.47,DESCEND
1.2633,-0.1005,0.2936,-0.0363,0.00718,-0.00713,0.00673,-5.00,0.00,0.00,6.0,125.51,633.51,296.43,DESCEND
1.2734,-0.0605,0.1936,-0.3663,-0.00181,-0.00413,0.00773,-5.00,0.00,0.00,6.0,125.51,633.51,296.37,DESCEND
1.2835,-0.0405,-0.0563,0.0636,-0.00581,0.00186,-0.00026,-5.00,0.00,0.00,6.1,125.51,633.51,296.31,DESCEND
1.2936,-0.1105,-0.0963,0.1736,-0.00281,0.00286,0.00173,-5.00,0.00,0.00,6.1,125.51,633.51,296.27,DESCEND
1.3037,-0.2005,0.0036,-0.0763,-0.01781,-0.01113,0.00273,-5.00,0.00,0.00,6.2,125.51,633.52,296.21,DESCEND
1.3138,-0.0705,0.0536,-0.0863,0.00918,-0.00613,0.00373,-5.00,0.00,0.00,6.2,125.51,633.52,296.17,DESCEND
1.3239,0.1894,-0.2163,0.1136,0.00518,-0.01013,0.00073,-5.00,0.00,0.00,6.3,125.51,633.52,296.11,DESCEND
1.3340,0.1394,0.0336,-0.2163,0.01318,-0.00813,0.00673,-5.00,0.00,0.00,6.3,125.51,633.52,296.07,DESCEND
1.3441,0.0494,-0.0563,-0.0963,0.00718,-0.00813,0.00773,-5.00,0.00,0.00,6.4,125.52,633.52,296.01,DESCEND
1.3542,-0.0405,-0.0063,-0.2163,-0.01781,-0.01213,0.00573,-5.00,0.00,0.00,6.4,125.52,633.53,295.97,DESCEND
1.3643,0.0594,-0.1063,0.1136,0.00518,0.00186,0.00073,-5.00,0.00,0.00,6.5,125.52,633.53,295.91,DESCEND
1.3745,0.0194,0.0236,-0.1563,0.00618,-0.00313,0.00273,-5.00,0.00,0.00,6.5,125.52,633.53,295.87,DESCEND
1.3845,-0.0105,0.2036,-0.2563,-0.00981,-0.00913,0.00673,-5.00,0.00,0.00,6.6,125.52,633.53,295.81,DESCEND
1.3947,-0.2405,0.2936,0.0636,-0.01881,-0.01413,0.00473,-5.00,0.00,0.00,6.6,125.52,633.53,295.77,DESCEND
1.4048,-0.0205,0.1136,0.0336,-0.01081,-0.00713,0.00573,-5.00,0.00,0.00,6.7,125.52,633.54,295.71,DESCEND
1.4149,-0.0705,0.0036,-0.0163,-0.00681,-0.00613,0.00373,-5.00,0.00,0.00,6.7,125.52,633.54,295.67,DESCEND
1.4250,-0.2105,0.3236,-0.3563,-0.01881,-0.01213,0.00473,-5.00,0.00,0.00,6.8,125.52,633.54,295.61,DESCEND
1.4351,-0.0005,0.0636,0.0536,-0.00681,-0.00613,0.00473,-5.00,0.00,0.00,6.8,125.52,633.54,295.57,DESCEND
1.4452,-0.1005,0.3536,-0.4463,-0.00881,-0.00313,0.00673,-5.00,0.00,0.00,6.9,125.52,633.54,295.51,DESCEND
1.4553,-0.2105,0.2336,-0.0163,-0.00881,0.00186,0.00573,-5.00,0.00,0.00,6.9,125.52,633.54,295.47,DESCEND
1.4655,0.0394,-0.0363,0.0236,0.01118,-0.01213,0.00173,-5.00,0.00,0.00,7.0,125.52,633.55,295.41,DESCEND
1.4756,0.0794,0.2936,-0.2563,0.00018,-0.01713,0.00873,-5.00,0.00,0.00,7.0,125.52,633.55,295.35,DESCEND
1.4857,0.1294,-0.0563,-0.1063,0.00018,-0.01013,0.00173,-5.00,0.00,0.00,7.1,125.52,633.55,295.31,DESCEND
1.4959,0.1094,0.2136,0.0236,-0.01281,-0.01213,0.00573,-5.00,0.00,0.00,7.1,125.52,633.55,295.25,DESCEND
1.5060,-0.0305,0.2936,-0.5963,-0.00981,-0.02013,0.00673,-5.00,0.00,0.00,7.2,125.52,633.55,295.21,DESCEND
1.5162,0.0894,0.0636,-0.0263,0.00518,-0.00913,0.00173,-5.00,0.00,0.00,7.2,125.52,633.56,295.15,DESCEND
1.5263,0.0294,0.0836,0.1736,-0.00481,0.00486,0.00173,-5.00,0.00,0.00,7.3,125.52,633.56,295.11,DESCEND
1.5364,0.0494,0.3036,-0.1663,0.00418,-0.01613,0.00873,-5.00,0.00,0.00,7.3,125.52,633.56,295.05,DESCEND
1.5465,-0.0405,-0.1863,0.0236,-0.00281,-0.00513,0.00373,-5.00,0.00,0.00,7.4,125.52,633.56,295.01,DESCEND
1.5566,-0.1205,-0.0163,-0.0663,-0.01181,-0.00913,0.00773,-5.00,0.00,0.00,7.4,125.52,633.56,294.95,DESCEND
1.5667,0.2394,0.3236,-0.0663,-0.00981,-0.02013,0.00373,-5.00,0.00,0.00,7.5,125.52,633.56,294.91,DESCEND
1.5768,0.0394,-0.0163,-0.3263,0.01218,0.00186,0.00173,-5.00,0.00,0.00,7.5,125.52,633.57,294.85,DESCEND
1.5869,-0.0105,0.1836,-0.0563,0.00318,-0.00213,0.00373,-5.00,0.00,0.00,7.6,125.52,633.57,294.81,DESCEND
1.5970,0.0294,0.1836,-0.1063,0.00218,-0.00513,0.00573,-5.00,0.00,0.00,7.6,125.52,633.57,294.75,DESCEND
1.6071,-0.0305,-0.0263,-0.1563,-0.01181,-0.00913,0.00273,-5.00,0.00,0.00,7.7,125.52,633.57,294.71,DESCEND
1.6172,0.0094,0.1736,-0.2763,-0.01781,-0.01713,0.00573,-5.00,0.00,0.00,7.7,125.52,633.57,294.65,DESCEND
1.6274,0.0294,-0.0063,-0.0863,0.00918,-0.00013,0.00373,-5.00,0.00,0.00,7.8,125.52,633.58,294.61,DESCEND
1.6375,-0.0905,0.2736,-0.1663,-0.02581,-0.02213,0.00973,-5.00,0.00,0.00,7.8,125.52,633.58,294.55,DESCEND
1.6476,-0.0805,0.5336,-0.2863,-0.02781,-0.01313,0.00573,-5.00,0.00,0.00,7.9,125.52,633.58,294.49,DESCEND
1.6577,0.0094,-0.0763,-0.1263,-0.00781,-0.01013,0.00373,-5.00,0.00,0.00,7.9,125.52,633.58,294.45,DESCEND
1.6678,-0.0005,0.3036,-0.2163,-0.00281,-0.00713,0.00573,-5.00,0.00,0.00,8.0,125.52,633.58,294.39,DESCEND
1.6779,-0.0305,0.3536,-0.4063,0.00818,-0.01413,0.00773,-5.00,0.00,0.00,8.0,125.52,633.59,294.35,DESCEND
1.6880,-0.0005,-0.0163,0.1636,-0.01081,-0.01513,0.00273,-5.00,0.00,0.00,8.1,125.52,633.59,294.29,DESCEND
1.6981,-0.1205,0.0636,-0.4863,-0.00581,-0.01613,0.00673,-5.00,0.00,0.00,8.1,125.52,633.59,294.25,DESCEND
1.7082,0.0194,0.2836,-0.3863,-0.00781,-0.01313,0.00673,-5.00,0.00,0.00,8.2,125.52,633.59,294.19,DESCEND
1.7183,0.1094,-0.0063,-0.0063,0.00518,-0.00913,0.00373,-5.00,0.00,0.00,8.2,125.52,633.59,294.15,DESCEND
1.7285,-0.0205,-0.2863,0.0436,-0.00981,-0.00313,0.00473,-5.00,0.00,0.00,8.3,125.52,633.60,294.09,DESCEND
1.7386,-0.0905,0.2936,-0.3763,-0.00781,-0.01913,0.00873,-5.00,0.00,0.00,8.3,125.52,633.60,294.05,DESCEND
1.7488,-0.0705,0.2336,-0.5363,-0.02181,-0.03113,0.00873,-5.00,0.00,0.00,8.4,125.52,633.60,293.99,DESCEND
1.7589,-0.0805,0.0736,-0.2963,-0.01081,-0.00713,0.00573,-5.00,0.00,0.00,8.4,125.52,633.60,293.95,DESCEND
1.7690,-0.1805,0.2836,-0.2063,-0.01681,-0.01213,0.00973,-5.00,0.00,0.00,8.5,125.52,633.60,293.89,DESCEND
1.7791,0.0494,-0.0463,0.0036,0.00118,-0.00913,0.00473,-5.00,0.00,0.00,8.5,125.52,633.60,293.85,DESCEND
1.7892,-0.1305,0.1236,0.0336,-0.01581,-0.01113,0.00473,-5.00,0.00,0.00,8.6,125.52,633.61,293.79,DESCEND
1.7993,-0.2505,-0.1663,0.2136,-0.02281,-0.00013,0.00173,-5.00,0.00,0.00,8.6,125.52,633.61,293.75,DESCEND
1.8094,0.0694,0.2936,-0.2963,-0.00581,-0.01013,0.00573,-5.00,0.00,0.00,8.7,125.52,633.61,293.69,DESCEND
1.8195,-0.0005,0.1636,-0.2263,-0.02481,-0.01213,0.00673,-5.00,0.00,0.00,8.8,125.52,633.61,293.63,DESCEND
1.8296,-0.0105,0.1736,-0.1263,-0.02181,-0.00713,0.00873,-5.00,0.00,0.00,8.8,125.52,633.61,293.60,DESCEND
1.8397,-0.1005,-0.1763,0.2736,0.00618,0.00686,0.00173,-5.00,0.00,0.00,8.9,125.52,633.62,293.54,DESCEND
1.8498,-0.0305,0.2336,-0.3063,-0.00881,-0.01613,0.00573,-5.00,0.00,0.00,8.9,125.52,633.62,293.50,DESCEND
1.8599,-0.0105,0.2636,-0.1563,0.00418,0.00686,0.00673,-5.00,0.00,0.00,9.0,125.52,633.62,293.44,DESCEND
1.8700,-0.1605,-0.0463,0.1136,-0.03081,-0.01513,0.00573,-5.00,0.00,0.00,9.0,125.52,633.62,293.40,DESCEND
1.8801,0.0294,0.4536,-0.3263,-0.00881,-0.01313,0.00973,-5.00,0.00,0.00,9.1,125.52,633.62,293.34,DESCEND
1.8902,-0.1205,0.0036,-0.2163,-0.01381,-0.00913,0.00473,-5.00,0.00,0.00,9.1,125.52,633.62,293.30,DESCEND
1.9003,-0.1505,0.0936,-0.0263,-0.02281,-0.01013,0.00373,-5.00,0.00,0.00,9.2,125.52,633.63,293.24,DESCEND
1.9104,-0.0005,0.3436,-0.0963,-0.01381,-0.00813,0.00673,-5.00,0.00,0.00,9.2,125.52,633.63,293.20,DESCEND
1.9205,-0.2305,0.0036,0.1636,-0.01281,-0.00613,0.00573,-5.00,0.00,0.00,9.3,125.52,633.63,293.14,DESCEND
1.9306,0.1294,0.1036,-0.2463,-0.00081,-0.01513,0.00873,-5.00,0.00,0.00,9.3,125.52,633.63,293.10,DESCEND
1.9407,0.1294,0.3236,-0.2963,-0.00481,-0.00713,0.00673,-5.00,0.00,0.00,9.4,125.53,633.63,293.04,DESCEND
1.9508,-0.2805,0.1036,0.1336,-0.01081,-0.00413,0.00573,-5.00,0.00,0.00,9.4,125.53,633.64,293.00,DESCEND
1.9609,0.0294,0.2036,-0.3563,-0.00481,-0.00713,0.00473,-5.00,0.00,0.00,9.5,125.53,633.64,292.94,DESCEND
1.9710,0.0594,0.3736,-0.1363,0.00418,-0.00713,0.00273,-5.00,0.00,0.00,9.5,125.53,633.64,292.90,DESCEND
1.9811,0.1394,-0.2263,-0.1663,0.01018,-0.00213,0.00373,-5.00,0.00,0.00,9.6,125.53,633.64,292.84,DESCEND
1.9912,-0.1205,-0.2263,0.0436,0.00218,0.00086,0.00473,-5.00,0.00,0.00,9.6,125.53,633.64,292.80,DESCEND
2.0013,-0.1305,-0.3163,0.5736,-0.01981,-0.00013,-0.00026,-5.00,0.00,0.00,9.7,125.53,633.65,292.74,DESCEND
2.0114,-0.0405,0.2736,-0.0863,-0.00781,-0.00813,0.00673,-5.00,0.00,0.00,9.7,125.53,633.65,292.70,DESCEND
2.0215,0.0594,0.1736,-0.2363,-0.01181,-0.00913,0.00573,-5.00,0.00,0.00,9.8,125.53,633.65,292.64,DESCEND
2.0316,-0.1805,0.2136,-0.3863,-0.01681,-0.01613,0.00473,-5.00,0.00,0.00,9.8,125.53,633.65,292.58,DESCEND
2.0417,-0.1705,-0.1463,0.2736,-0.02481,0.00286,0.00473,-5.00,0.00,0.00,9.9,125.53,633.65,292.54,DESCEND
2.0518,-0.2905,0.2436,-0.1863,-0.01181,-0.00913,0.00573,-5.00,0.00,0.00,9.9,125.53,633.65,292.48,DESCEND
2.0619,0.0694,0.3336,-0.3763,-0.00081,-0.00713,0.00573,-5.00,0.00,0.00,10.0,125.53,633.66,292.44,DESCEND
2.0720,-0.0405,0.1636,-0.2963,-0.00481,-0.00713,0.00673,-5.00,0.00,0.00,10.0,125.53,633.66,292.38,DESCEND
2.0821,-0.0105,0.5136,-0.4263,0.01518,-0.00513,0.00673,-5.00,0.00,0.00,10.1,125.53,633.66,292.34,DESCEND
2.0922,0.0494,-0.1063,-0.0663,0.00818,-0.00113,0.00273,-5.00,0.00,0.00,10.1,125.53,633.66,292.28,DESCEND
2.1023,-0.1205,-0.0463,0.2536,-0.01081,0.00386,0.00273,-5.00,0.00,0.00,10.2,125.53,633.66,292.24,DESCEND
2.1124,-0.0305,-0.0663,-0.1163,-0.00781,-0.00613,0.00373,-5.00,0.00,0.00,10.2,125.53,633.67,292.18,DESCEND
2.1225,-0.1905,0.1436,-0.1563,-0.01081,-0.01213,0.00473,-5.00,0.00,0.00,10.3,125.53,633.67,292.14,DESCEND
2.1326,-0.0505,0.1236,-0.2363,-0.01581,-0.01313,0.00973,-5.00,0.00,0.00,10.3,125.53,633.67,292.08,DESCEND
2.1427,-0.1005,0.1936,-0.4563,-0.00581,-0.01413,0.00673,-5.00,0.00,0.00,10.4,125.53,633.67,292.04,DESCEND
2.1528,-0.0505,-0.0663,-0.3563,0.00118,-0.01213,0.00473,-5.00,0.00,0.00,10.4,125.53,633.67,291.98,DESCEND
2.1629,0.1294,0.1836,-0.3963,-0.00581,-0.01813,0.00673,-5.00,0.00,0.00,10.5,125.53,633.67,291.94,DESCEND
2.1730,-0.1405,0.1136,-0.1063,-0.00681,-0.00313,0.00573,-5.00,0.00,0.00,10.5,125.53,633.68,291.88,DESCEND
2.1831,-0.0605,0.2236,-0.2463,-0.00381,-0.00113,0.00773,-5.00,0.00,0.00,10.6,125.53,633.68,291.84,DESCEND
2.1933,0.0594,0.3236,-0.1763,-0.01081,-0.02013,0.00673,-5.00,0.00,0.00,10.6,125.53,633.68,291.78,DESCEND
2.2034,0.1194,0.0236,-0.2563,-0.01281,-0.02313,0.00373,-5.00,0.00,0.00,10.7,125.53,633.68,291.74,DESCEND
2.2135,-0.1405,0.3536,-0.6063,-0.01181,-0.01613,0.00573,-5.00,0.00,0.00,10.7,125.53,633.68,291.68,DESCEND
2.2236,-0.0905,-0.1063,0.5136,-0.01381,-0.00213,0.00173,-5.00,0.00,0.00,10.8,125.53,633.69,291.62,DESCEND
2.2337,0.0094,-0.0763,0.0836,-0.00181,-0.00713,0.00373,-5.00,0.00,0.00,10.8,125.53,633.69,291.58,DESCEND
2.2438,0.0194,-0.1363,-0.0863,0.00318,0.00086,0.00373,-5.00,0.00,0.00,10.9,125.53,633.69,291.52,DESCEND
2.2539,-0.1705,0.2136,-0.3063,-0.01881,-0.00413,0.00673,-5.00,0.00,0.00,10.9,125.53,633.69,291.48,DESCEND
2.2640,0.2894,0.0036,-0.1863,0.00918,-0.00913,0.00473,-5.00,0.00,0.00,11.0,125.53,633.69,291.42,DESCEND
2.2741,-0.0705,0.0336,-0.0663,-0.01681,-0.01513,0.00673,-5.00,0.00,0.00,11.0,125.53,633.70,291.38,DESCEND
2.2842,-0.0605,0.1136,-0.0463,0.00118,-0.00513,0.00473,-5.00,0.00,0.00,11.1,125.53,633.70,291.32,DESCEND
2.2943,-0.1705,0.3336,-0.2563,-0.01481,-0.01213,0.01173,-5.00,0.00,0.00,11.1,125.53,633.70,291.28,DESCEND
2.3044,0.0294,0.5036,-0.2763,-0.01181,-0.02413,0.00673,-5.00,0.00,0.00,11.2,125.53,633.70,291.22,DESCEND
2.3145,0.0494,0.2136,-0.2163,-0.00181,-0.01413,0.00873,-5.00,0.00,0.00,11.2,125.53,633.70,291.18,DESCEND
2.3246,-0.0605,0.0536,-0.1763,-0.01281,-0.00713,0.00573,-5.00,0.00,0.00,11.3,125.53,633.70,291.12,DESCEND
2.3347,0.0394,0.3336,-0.3063,-0.00381,-0.02413,0.00673,-5.00,0.00,0.00,11.3,125.53,633.71,291.08,DESCEND
2.3448,0.0494,0.1636,0.1036,-0.01081,-0.00613,0.00573,-5.00,0.00,0.00,11.4,125.53,633.71,291.02,DESCEND
2.3549,0.0294,0.0836,-0.2063,0.00618,-0.00613,0.00373,-5.00,0.00,0.00,11.4,125.53,633.71,290.98,DESCEND
2.3650,-0.0105,0.4436,-0.2963,-0.00881,-0.01413,0.00573,-5.00,0.00,0.00,11.5,125.53,633.71,290.92,DESCEND
2.3751,0.0294,-0.0963,0.0436,0.00218,-0.00813,0.00273,-5.00,0.00,0.00,11.5,125.53,633.71,290.88,DESCEND
2.3852,0.0394,-0.0163,0.2336,-0.00181,0.00086,0.00273,-5.00,0.00,0.00,11.6,125.53,633.72,290.82,DESCEND
2.3953,0.0494,0.2436,-0.3463,-0.01381,-0.01013,0.00373,-5.00,0.00,0.00,11.6,125.53,633.72,290.78,DESCEND
2.4054,-0.1605,0.5236,-0.5763,-0.00481,-0.01313,0.01073,-5.00,0.00,0.00,11.7,125.53,633.72,290.72,DESCEND
2.4155,-0.3405,0.3136,-0.3263,-0.01581,-0.00513,0.00773,-5.00,0.00,0.00,11.7,125.53,633.72,290.66,DESCEND
2.4256,-0.1305,0.3936,-0.1463,-0.01281,-0.01213,0.00573,-5.00,0.00,0.00,11.8,125.53,633.72,290.62,DESCEND
2.4357,0.0194,0.3636,-0.7063,-0.01981,-0.03213,0.00873,-5.00,0.00,0.00,11.8,125.53,633.73,290.56,DESCEND
2.4458,0.1594,-0.0063,0.1136,0.00818,-0.00613,0.00773,-5.00,0.00,0.00,11.9,125.53,633.73,290.52,DESCEND
2.4559,-0.0905,0.0136,-0.0063,0.00218,-0.00013,0.00573,-5.00,0.00,0.00,11.9,125.53,633.73,290.46,DESCEND
2.4660,0.0394,-0.0563,0.1636,0.00218,0.00486,0.00573,-5.00,0.00,0.00,12.0,125.53,633.73,290.42,DESCEND
2.4761,0.2794,0.0536,0.1336,0.00118,-0.02213,0.00773,-5.00,0.00,0.00,12.0,125.53,633.73,290.36,DESCEND
2.4862,-0.0505,-0.0563,-0.0763,0.01118,0.00186,0.00473,-5.00,0.00,0.00,12.1,125.53,633.73,290.32,DESCEND
2.4963,0.2294,-0.0763,-0.1463,0.00218,-0.01313,-0.00026,-5.00,0.00,0.00,12.1,125.53,633.74,290.26,DESCEND
2.5064,0.0694,0.2336,-0.2163,-0.00581,-0.01013,0.00473,-5.00,0.00,0.00,12.2,125.53,633.74,290.22,DESCEND
2.5165,0.0994,0.0236,-0.2263,0.00318,-0.00413,0.00673,-5.00,0.00,0.00,12.2,125.53,633.74,290.16,DESCEND
2.5266,-0.1005,0.0336,-0.2163,0.00318,-0.00313,0.00573,-5.00,0.00,0.00,12.3,125.53,633.74,290.12,DESCEND
2.5367,0.0894,0.0336,0.0636,-0.00081,-0.00513,0.00573,-5.00,0.00,0.00,12.3,125.54,633.74,290.06,DESCEND
2.5468,0.0694,0.1336,-0.0863,-0.00781,-0.01113,0.00973,-5.00,0.00,0.00,12.4,125.54,633.75,290.02,DESCEND
2.5569,0.0294,-0.1163,0.3036,0.00918,0.00286,0.00473,-5.00,0.00,0.00,12.4,125.54,633.75,289.96,DESCEND
2.5670,0.1794,-0.1663,0.0736,0.00618,-0.00013,0.00373,-5.00,0.00,0.00,12.5,125.54,633.75,289.92,DESCEND
2.5770,0.3094,0.2636,0.0136,0.00618,0.00686,0.00373,-5.00,0.00,0.00,12.5,125.54,633.75,289.86,DESCEND
2.5871,-0.0505,0.1136,-0.5563,-0.01481,-0.01213,0.00473,-5.00,0.00,0.00,12.6,125.54,633.75,289.82,DESCEND
2.5973,-0.1505,0.2036,-0.3663,-0.01481,-0.01413,0.00773,-5.00,0.00,0.00,12.6,125.54,633.75,289.76,DESCEND
2.6074,-0.0205,0.0636,-0.1063,0.01018,-0.00213,0.00473,-5.00,0.00,0.00,12.7,125.54,633.76,289.72,DESCEND
2.6174,-0.1105,0.3336,-0.4163,-0.01581,-0.01313,0.00673,-5.00,0.00,0.00,12.7,125.54,633.76,289.66,DESCEND
2.6276,-0.0305,0.1236,0.2636,-0.01081,-0.00613,0.00773,-5.00,0.00,0.00,12.8,125.54,633.76,289.60,DESCEND
2.6377,-0.0105,-0.0863,0.0136,0.00518,-0.00013,0.00573,-5.00,0.00,0.00,12.8,125.54,633.76,289.56,DESCEND
2.6477,-0.1305,0.1536,0.1836,-0.00981,-0.00613,0.00773,-5.00,0.00,0.00,12.9,125.54,633.76,289.50,DESCEND
2.6578,-0.0005,0.3236,-0.0663,0.00318,-0.00813,0.00973,-5.00,0.00,0.00,12.9,125.54,633.77,289.46,DESCEND
2.6680,-0.0305,0.3936,-0.0663,-0.00381,-0.01013,0.00573,-5.00,0.00,0.00,13.0,125.54,633.77,289.40,DESCEND
2.6781,-0.0605,0.0036,-0.0963,-0.01081,-0.01113,0.00673,-5.00,0.00,0.00,13.0,125.54,633.77,289.36,DESCEND
2.6881,-0.1605,0.0336,-0.0063,-0.00281,-0.00113,0.00673,-5.00,0.00,0.00,13.1,125.54,633.77,289.30,DESCEND
2.6983,-0.0605,0.2536,-0.0363,-0.00981,0.00286,0.00273,-5.00,0.00,0.00,13.1,125.54,633.77,289.26,DESCEND
2.7084,-0.0005,0.1836,-0.0563,-0.00181,0.00186,0.00573,-5.00,0.00,0.00,13.2,125.54,633.78,289.20,DESCEND
2.7184,-0.2205,0.1236,-0.1363,-0.02481,-0.00713,0.00873,-5.00,0.00,0.00,13.2,125.54,633.78,289.16,DESCEND
2.7286,0.0194,-0.1263,0.1236,0.00318,-0.00313,0.00373,-5.00,0.00,0.00,13.3,125.54,633.78,289.10,DESCEND
2.7387,-0.0805,0.1236,-0.2563,-0.01081,-0.01313,0.00473,-5.00,0.00,0.00,13.3,125.54,633.78,289.06,DESCEND
2.7488,0.2294,0.0036,-0.1363,0.00918,-0.00713,0.00573,-5.00,0.00,0.00,13.4,125.54,633.78,289.00,DESCEND
2.7589,-0.2905,0.1036,0.0436,-0.02881,-0.01113,0.01173,-5.00,0.00,0.00,13.4,125.54,633.78,288.96,DESCEND
2.7691,-0.0005,0.1036,0.2236,-0.01281,-0.00913,0.00573,-5.00,0.00,0.00,13.5,125.54,633.79,288.90,DESCEND
2.7791,0.0094,0.2536,-0.0763,0.00518,-0.00413,0.00873,-5.00,0.00,0.00,13.5,125.54,633.79,288.86,DESCEND
2.7892,-0.1505,-0.1463,0.1836,-0.03081,-0.01513,0.00673,-5.00,0.00,0.00,13.6,125.54,633.79,288.80,DESCEND
2.7994,-0.0005,0.0236,-0.0663,0.00818,-0.00613,0.00373,-5.00,0.00,0.00,13.7,125.54,633.79,288.74,DESCEND
2.8095,-0.0305,0.1836,-0.1063,-0.01181,-0.01313,0.00973,-5.00,0.00,0.00,13.7,125.54,633.79,288.70,DESCEND
2.8196,-0.0905,0.1936,-0.1663,-0.00281,-0.00213,0.00873,-5.00,0.00,0.00,13.8,125.54,633.80,288.64,DESCEND
2.8297,-0.0605,0.2736,-0.1463,-0.01081,-0.00813,0.00373,-5.00,0.00,0.00,13.8,125.54,633.80,288.60,DESCEND
2.8398,-0.1005,0.4836,-0.2863,0.00018,-0.00313,0.01173,-5.00,0.00,0.00,13.9,125.54,633.80,288.54,DESCEND
2.8499,-0.3105,0.4336,-0.3263,-0.02181,-0.01613,0.00873,-5.00,0.00,0.00,13.9,125.54,633.80,288.50,DESCEND
2.8600,-0.0805,0.1136,0.0636,-0.00881,-0.00213,0.00873,-5.00,0.00,0.00,14.0,125.54,633.80,288.44,DESCEND
2.8701,0.0094,0.3136,-0.1163,-0.01081,-0.00513,0.00873,-5.00,0.00,0.00,14.0,125.54,633.80,288.40,DESCEND
2.8802,-0.1605,0.2236,-0.2563,-0.01281,-0.01813,0.00573,-5.00,0.00,0.00,14.1,125.54,633.81,288.34,DESCEND
2.8903,0.0294,0.1136,-0.0463,-0.00381,-0.00513,0.00673,-5.00,0.00,0.00,14.1,125.54,633.81,288.30,DESCEND
2.9004,-0.0805,0.4636,-0.5963,-0.00981,-0.01313,0.01173,-5.00,0.00,0.00,14.2,125.54,633.81,288.24,DESCEND
2.9105,-0.0805,0.0436,0.0536,-0.01081,-0.01213,0.00873,-5.00,0.00,0.00,14.2,125.54,633.81,288.20,DESCEND
2.9206,0.0894,0.1336,-0.3363,-0.00081,-0.01213,0.00473,-5.00,0.00,0.00,14.3,125.54,633.81,288.14,DESCEND
2.9307,-0.2705,0.1636,0.2236,-0.01481,-0.00313,0.00773,-5.00,0.00,0.00,14.3,125.54,633.82,288.10,DESCEND
2.9408,-0.1905,0.1336,0.0036,-0.01381,-0.00813,0.00873,-5.00,0.00,0.00,14.4,125.54,633.82,288.04,DESCEND
2.9509,-0.0905,0.1436,-0.0763,-0.00081,-0.00113,0.00373,-5.00,0.00,0.00,14.4,125.54,633.82,288.00,DESCEND
2.9610,-0.0005,0.1736,0.0536,-0.01681,-0.01713,0.00673,-5.00,0.00,0.00,14.5,125.54,633.82,287.94,DESCEND
2.9711,-0.0105,0.1336,-0.4463,0.01218,-0.00413,0.01073,-5.00,0.00,0.00,14.5,125.54,633.82,287.90,DESCEND
2.9812,-0.1505,0.4036,-0.1163,-0.02581,-0.01513,0.00973,-5.00,0.00,0.00,14.6,125.54,633.83,287.84,DESCEND
2.9913,0.0394,-0.2563,0.2936,0.00118,-0.00113,0.00273,-5.00,0.00,0.00,14.6,125.54,633.83,287.80,DESCEND
3.0014,0.1094,0.3536,-0.2063,0.01818,0.00086,0.00673,-5.00,0.00,0.00,14.7,125.54,633.83,287.74,DESCEND
3.0115,-0.1005,0.0936,0.0336,-0.00881,-0.00413,0.00873,-5.00,0.00,0.00,14.7,125.54,633.83,287.70,DESCEND
3.0216,-0.1005,-0.0763,0.3236,0.01218,0.00786,0.00373,-5.00,0.00,0.00,14.8,125.54,633.83,287.64,DESCEND
3.0317,0.1194,0.1636,-0.1363,0.00018,-0.01013,0.00673,-5.00,0.00,0.00,14.8,125.54,633.83,287.58,DESCEND
3.0418,0.0594,0.1236,0.2736,-0.01281,-0.00513,0.00273,-5.00,0.00,0.00,14.9,125.54,633.84,287.54,DESCEND
3.0519,-0.0905,0.1136,-0.1163,-0.01281,-0.01313,0.01073,-5.00,0.00,0.00,14.9,125.54,633.84,287.48,DESCEND
3.0620,-0.1305,-0.1663,0.0936,-0.02081,-0.00813,0.00373,-5.00,0.00,0.00,15.0,125.54,633.84,287.44,DESCEND
3.0721,-0.0805,0.2936,-0.3263,-0.02981,-0.02413,0.00673,-5.00,0.00,0.00,15.0,125.54,633.84,287.38,DESCEND
3.0822,0.0094,0.3536,0.1536,0.00618,0.00586,0.00673,-5.00,0.00,0.00,15.1,125.54,633.84,287.34,DESCEND
3.0923,-0.0105,0.1136,-0.0163,-0.00281,-0.00413,0.00673,-5.00,0.00,0.00,15.1,125.54,633.85,287.28,DESCEND
3.1024,-0.1805,0.1336,0.1636,0.00218,0.00986,0.00673,-5.00,0.00,0.00,15.2,125.54,633.85,287.24,DESCEND
3.1125,-0.2705,0.1936,0.1836,-0.02181,0.00186,0.00573,-5.00,0.00,0.00,15.2,125.54,633.85,287.18,DESCEND
3.1226,-0.0405,0.1136,-0.0963,-0.01781,-0.00913,0.00473,-5.00,0.00,0.00,15.3,125.54,633.85,287.14,DESCEND
3.1327,0.0594,0.0536,-0.0463,0.00718,-0.00513,0.00473,-5.00,0.00,0.00,15.3,125.54,633.85,287.08,DESCEND
3.1428,0.1094,-0.1063,-0.0563,0.00518,-0.00213,0.00373,-5.00,0.00,0.00,15.4,125.54,633.85,287.04,DESCEND
3.1529,-0.0405,0.1636,-0.1063,-0.01781,-0.01213,0.00873,-5.00,0.00,0.00,15.4,125.55,633.86,286.98,DESCEND
3.1630,-0.0505,0.2436,-0.0263,-0.01781,-0.01713,0.00973,-5.00,0.00,0.00,15.5,125.55,633.86,286.94,DESCEND
3.1731,-0.3105,-0.0563,-0.0063,-0.01681,0.00286,0.00773,-5.00,0.00,0.00,15.5,125.55,633.86,286.88,DESCEND
3.1833,-0.0905,-0.1863,0.2036,-0.01381,-0.00313,0.00273,-5.00,0.00,0.00,15.6,125.55,633.86,286.84,DESCEND
3.1934,-0.0705,0.4736,-0.4163,-0.00081,-0.00913,0.01273,-5.00,0.00,0.00,15.6,125.55,633.86,286.78,DESCEND
3.2035,0.1294,0.3136,-0.2063,0.01318,-0.00913,0.00973,-5.00,0.00,0.00,15.7,125.55,633.87,286.74,DESCEND
3.2135,-0.0305,-0.2363,0.1236,0.01218,0.00986,-0.00026,-5.00,0.00,0.00,15.7,125.55,633.87,286.68,DESCEND
3.2236,0.1094,-0.3063,-0.0763,0.00218,-0.00913,0.00373,-5.00,0.00,0.00,15.8,125.55,633.87,286.62,DESCEND
3.2337,0.1394,0.1536,-0.0663,0.01418,-0.00213,0.00973,-5.00,0.00,0.00,15.8,125.55,633.87,286.58,DESCEND
3.2438,0.0494,-0.0863,0.0236,0.00318,-0.00813,0.00873,-5.00,0.00,0.00,15.9,125.55,633.87,286.52,DESCEND
3.2539,-0.0805,0.1236,-0.3663,-0.02481,-0.02313,0.00773,-5.00,0.00,0.00,15.9,125.55,633.88,286.48,DESCEND
3.2640,0.0894,0.1036,-0.2463,-0.01781,-0.02213,0.00673,-5.00,0.00,0.00,16.0,125.55,633.88,286.42,DESCEND
3.2741,-0.1205,0.2936,-0.4263,-0.01981,-0.01713,0.00873,-5.00,0.00,0.00,16.0,125.55,633.88,286.38,DESCEND
3.2842,0.0194,0.1536,0.1236,0.01518,0.00686,0.00773,-5.00,0.00,0.00,16.1,125.55,633.88,286.32,DESCEND
3.2943,0.0394,0.0536,-0.3563,-0.00581,-0.01613,0.00773,-5.00,0.00,0.00,16.1,125.55,633.88,286.28,DESCEND
3.3044,0.0394,0.6436,-0.6763,-0.00981,-0.02613,0.01373,-5.00,0.00,0.00,16.2,125.55,633.89,286.22,DESCEND
3.3145,-0.1005,-0.0963,0.0736,-0.01281,-0.00913,0.00573,-5.00,0.00,0.00,16.2,125.55,633.89,286.18,DESCEND
3.3246,-0.1105,0.3536,-0.2763,-0.01181,-0.01013,0.00873,-5.00,0.00,0.00,16.3,125.55,633.89,286.12,DESCEND
3.3347,-0.0105,0.1436,-0.0463,-0.00081,0.00286,0.00973,-5.00,0.00,0.00,16.3,125.55,633.89,286.08,DESCEND
3.3448,-0.1205,0.3636,-0.3063,-0.00481,-0.00613,0.01173,-5.00,0.00,0.00,16.4,125.55,633.89,286.02,DESCEND
3.3549,0.1294,0.1236,-0.0863,0.00018,-0.01413,0.01073,-5.00,0.00,0.00,16.4,125.55,633.89,285.98,DESCEND
3.3650,-0.0305,0.0536,0.0836,-0.01081,-0.01013,0.00673,-5.00,0.00,0.00,16.5,125.55,633.90,285.92,DESCEND
3.3751,0.1494,0.5036,-0.3263,0.01818,-0.00313,0.00873,-5.00,0.00,0.00,16.5,125.55,633.90,285.88,DESCEND
3.3852,-0.2105,0.3236,-0.1763,-0.00181,-0.00313,0.00473,-5.00,0.00,0.00,16.6,125.55,633.90,285.82,DESCEND
3.3953,-0.0305,0.1736,-0.3263,-0.02081,-0.02113,0.00773,-5.00,0.00,0.00,16.6,125.55,633.90,285.78,DESCEND
3.4055,-0.1305,0.0836,0.1136,-0.01281,-0.00213,0.01173,-5.00,0.00,0.00,16.7,125.55,633.90,285.72,DESCEND
3.4156,-0.0705,0.0736,-0.1863,-0.01181,-0.01213,0.00973,-5.00,0.00,0.00,16.7,125.55,633.91,285.66,DESCEND
3.4257,-0.0405,-0.0063,0.0036,-0.00981,-0.00313,0.00673,-5.00,0.00,0.00,16.8,125.55,633.91,285.62,DESCEND
3.4358,0.0694,-0.1063,0.0236,-0.00781,-0.01513,0.00673,-5.00,0.00,0.00,16.8,125.55,633.91,285.56,DESCEND
3.4459,-0.0705,0.2836,-0.2463,-0.01581,-0.02113,0.01073,-5.00,0.00,0.00,16.9,125.55,633.91,285.52,DESCEND
3.4560,-0.1205,0.2736,-0.3963,-0.00681,-0.00813,0.01173,-5.00,0.00,0.00,16.9,125.55,633.91,285.46,DESCEND
3.4661,-0.0405,0.2936,-0.2163,-0.00381,-0.00913,0.00773,-5.00,0.00,0.00,17.0,125.55,633.91,285.42,DESCEND
3.4762,0.0994,0.1836,-0.4663,0.00718,-0.00613,0.01073,-5.00,0.00,0.00,17.0,125.55,633.92,285.36,DESCEND
3.4863,0.0694,-0.1963,0.2636,-0.00581,-0.00713,0.00673,-5.00,0.00,0.00,17.1,125.55,633.92,285.32,DESCEND
3.4963,-0.1005,0.3836,-0.1163,-0.00981,-0.00713,0.01373,-5.00,0.00,0.00,17.1,125.55,633.92,285.26,DESCEND
3.5064,0.0094,-0.0063,-0.0363,-0.00581,-0.01113,0.01073,-5.00,0.00,0.00,17.2,125.55,633.92,285.22,DESCEND
3.5166,-0.2505,0.0536,0.0336,-0.02281,-0.00713,0.00773,-5.00,0.00,0.00,17.2,125.55,633.92,285.16,DESCEND
3.5267,0.0594,0.3836,-0.5163,0.00218,-0.01413,0.00973,-5.00,0.00,0.00,17.3,125.55,633.93,285.12,DESCEND
3.5368,0.0294,-0.2863,-0.0063,0.00418,-0.00413,0.00373,-5.00,0.00,0.00,17.3,125.55,633.93,285.06,DESCEND
3.5469,-0.1305,-0.1063,0.0036,0.00218,0.00286,0.00773,-5.00,0.00,0.00,17.4,125.55,633.93,285.02,DESCEND
3.5570,0.1294,0.1336,0.0236,-0.01581,-0.00813,0.00873,-5.00,0.00,0.00,17.4,125.55,633.93,284.96,DESCEND
3.5671,0.0994,0.1736,-0.3563,-0.00581,-0.01313,0.00673,-5.00,0.00,0.00,17.5,125.55,633.93,284.92,DESCEND
3.5772,0.0694,0.3336,-0.1263,0.01418,-0.00013,0.00873,-5.00,0.00,0.00,17.5,125.55,633.94,284.86,DESCEND
3.5873,0.0594,0.2736,-0.0963,0.01318,-0.00613,0.01373,-5.00,0.00,0.00,17.6,125.55,633.94,284.82,DESCEND
3.5974,0.1794,0.2736,-0.0063,0.01318,-0.00113,0.01073,-5.00,0.00,0.00,17.6,125.55,633.94,284.76,DESCEND
3.6075,-0.0805,0.2136,-0.1763,0.00018,-0.00613,0.01173,-5.00,0.00,0.00,17.7,125.55,633.94,284.70,DESCEND
3.6176,0.1594,0.1436,-0.0363,-0.00481,-0.00613,0.00673,-5.00,0.00,0.00,17.7,125.55,633.94,284.66,DESCEND
3.6277,-0.0505,0.2236,-0.3963,-0.00481,-0.01013,0.01073,-5.00,0.00,0.00,17.8,125.55,633.94,284.60,DESCEND
3.6378,0.0894,0.2636,-0.4563,-0.01481,-0.02113,0.00773,-5.00,0.00,0.00,17.8,125.55,633.95,284.56,DESCEND
3.6479,-0.0205,0.5436,-0.3463,-0.01281,-0.01313,0.01073,-5.00,0.00,0.00,17.9,125.55,633.95,284.50,DESCEND
3.6580,-0.0205,0.0036,-0.2763,-0.01481,-0.01013,0.00973,-5.00,0.00,0.00,17.9,125.55,633.95,284.46,DESCEND
3.6681,-0.0405,0.0336,0.0936,-0.00581,-0.00013,0.00773,-5.00,0.00,0.00,18.0,125.55,633.95,284.40,DESCEND
3.6782,-0.0405,-0.1963,0.1236,-0.00981,-0.00113,0.00773,-5.00,0.00,0.00,18.0,125.55,633.95,284.36,DESCEND
3.6883,-0.1405,-0.1263,0.3636,-0.00881,0.00386,0.00473,-5.00,0.00,0.00,18.1,125.55,633.96,284.30,DESCEND
3.6984,0.1294,-0.0863,-0.3363,0.00518,-0.01713,0.00973,-5.00,0.00,0.00,18.1,125.55,633.96,284.26,DESCEND
3.7085,0.0394,0.3236,-0.3663,-0.00081,-0.00913,0.01073,-5.00,0.00,0.00,18.2,125.55,633.96,284.20,DESCEND
3.7186,-0.0205,0.1936,0.2136,0.00218,0.00586,0.00673,-5.00,0.00,0.00,18.2,125.55,633.96,284.16,DESCEND
3.7287,-0.0105,0.4636,-0.3363,-0.01081,-0.01213,0.01373,-5.00,0.00,0.00,18.3,125.55,633.96,284.10,DESCEND
3.7388,-0.1005,0.3436,-0.0063,-0.01281,-0.01013,0.01373,-5.00,0.00,0.00,18.3,125.55,633.96,284.06,DESCEND
3.7488,0.0994,-0.0463,-0.0963,0.00218,-0.00913,0.00773,-5.00,0.00,0.00,18.4,125.55,633.97,284.00,DESCEND
3.7589,0.0494,0.1136,0.4036,-0.01481,-0.01313,0.00473,-5.00,0.00,0.00,18.4,125.55,633.97,283.96,DESCEND
3.7690,0.1394,0.1936,0.1536,-0.01181,-0.01613,0.01173,-5.00,0.00,0.00,18.5,125.56,633.97,283.90,DESCEND
3.7791,0.0994,-0.0163,-0.0163,0.00818,-0.00513,0.00673,-5.00,0.00,0.00,18.5,125.56,633.97,283.86,DESCEND
3.7892,-0.1105,-0.1463,0.2136,-0.01981,-0.00613,0.00873,-5.00,0.00,0.00,18.6,125.56,633.97,283.80,DESCEND
3.7993,-0.2505,0.0736,0.0436,-0.01481,-0.00113,0.01173,-5.00,0.00,0.00,18.6,125.56,633.98,283.76,DESCEND
3.8094,0.0594,0.1736,-0.1663,-0.01081,-0.01913,0.00973,-5.00,0.00,0.00,18.7,125.56,633.98,283.70,DESCEND
3.8195,-0.1105,0.1936,0.1336,0.00118,0.00586,0.01073,-5.00,0.00,0.00,18.7,125.56,633.98,283.66,DESCEND
3.8296,-0.0405,0.2536,0.0736,-0.00781,-0.00313,0.01073,-5.00,0.00,0.00,18.8,125.56,633.98,283.60,DESCEND
3.8397,0.4594,0.2036,0.0436,0.02918,0.00086,0.00773,-5.00,0.00,0.00,18.9,125.56,633.98,283.54,DESCEND
3.8498,0.0994,0.1336,0.1136,0.01118,-0.00013,0.00373,-5.00,0.00,0.00,18.9,125.56,633.99,283.50,DESCEND
3.8599,-0.0305,0.3236,-0.2363,0.00518,-0.00213,0.00773,-5.00,0.00,0.00,19.0,125.56,633.99,283.44,DESCEND
3.8700,-0.0205,0.2836,-0.4163,-0.00581,-0.01913,0.00773,-5.00,0.00,0.00,19.0,125.56,633.99,283.40,DESCEND
3.8801,0.0394,0.2236,-0.2363,-0.00181,-0.01113,0.01273,-5.00,0.00,0.00,19.1,125.56,633.99,283.34,DESCEND
3.8902,-0.0505,0.3436,-0.2263,-0.01381,-0.01813,0.00973,-5.00,0.00,0.00,19.1,125.56,633.99,283.30,DESCEND
3.9003,-0.0705,0.3936,-0.2663,-0.00881,-0.00713,0.01273,-5.00,0.00,0.00,19.2,125.56,633.99,283.24,DESCEND
3.9104,-0.1205,0.1236,0.0736,-0.00981,-0.00413,0.01073,-5.00,0.00,0.00,19.2,125.56,634.00,283.20,DESCEND
3.9205,-0.1205,-0.0163,0.1736,0.00018,0.00086,0.00873,-5.00,0.00,0.00,19.3,125.56,634.00,283.14,DESCEND
3.9306,0.0594,0.2936,-0.0663,0.00418,-0.00413,0.01073,-5.00,0.00,0.00,19.3,125.56,634.00,283.10,DESCEND
3.9407,0.0694,0.0836,0.1836,0.00818,0.00386,0.00773,-5.00,0.00,0.00,19.4,125.56,634.00,283.04,DESCEND
3.9508,0.0494,-0.1663,0.0136,-0.00681,-0.01213,0.00673,-5.00,0.00,0.00,19.4,125.56,634.00,283.00,DESCEND
3.9609,0.0394,0.0536,-0.4163,0.00418,-0.02013,0.00973,-5.00,0.00,0.00,19.5,125.56,634.01,282.95,DESCEND
3.9710,0.0894,0.1536,-0.1763,0.01018,-0.00813,0.00873,-5.00,0.00,0.00,19.5,125.56,634.01,282.91,DESCEND
3.9811,-0.0105,0.3436,-0.4663,0.00118,-0.00513,0.01173,-5.00,0.00,0.00,19.6,125.56,634.01,282.85,DESCEND
3.9912,0.0694,0.4636,-0.4363,-0.00581,-0.01413,0.01073,-5.00,0.00,0.00,19.6,125.56,634.01,282.81,DESCEND
4.0013,0.0494,0.0736,-0.5063,-0.00081,-0.01613,0.00773,-5.00,0.00,0.00,19.7,125.56,634.01,282.75,DESCEND
4.0114,0.0294,0.3936,-0.2663,-0.01081,-0.01613,0.01273,-5.00,0.00,0.00,19.7,125.56,634.02,282.69,DESCEND
4.0215,-0.0205,0.0936,-0.2563,-0.01481,-0.01213,0.00773,-5.00,0.00,0.00,19.8,125.56,634.02,282.65,DESCEND
4.0316,0.1794,-0.0163,-0.2363,0.00818,-0.00313,0.00873,-5.00,0.00,0.00,19.8,125.56,634.02,282.61,DESCEND
4.0417,0.0094,-0.0663,0.1636,0.00518,-0.00513,0.01073,-5.00,0.00,0.00,19.9,125.56,634.02,282.55,DESCEND
4.0518,0.1994,-0.0363,0.1836,0.00018,0.00086,0.01073,-5.00,0.00,0.00,19.9,125.56,634.02,282.49,DESCEND
4.0619,0.2894,0.1136,0.0236,0.02118,-0.00613,0.00673,-5.00,0.00,0.00,20.0,125.56,634.02,282.45,DESCEND
4.0720,0.1894,0.2736,-0.2363,0.00418,-0.01513,0.00873,-5.00,0.00,0.00,20.0,125.56,634.03,282.39,DESCEND
4.0820,0.0894,0.0336,-0.0763,0.00218,-0.00913,0.00773,-5.00,0.00,0.00,20.1,125.56,634.03,282.35,DESCEND
4.0921,-0.0405,0.4336,-0.2063,0.01018,-0.00513,0.01273,-5.00,0.00,0.00,20.1,125.56,634.03,282.29,DESCEND
4.1023,-0.0505,0.3336,-0.3363,-0.01381,-0.01413,0.00873,-5.00,0.00,0.00,20.2,125.56,634.03,282.25,DESCEND
4.1123,0.0494,0.3736,0.0636,-0.00681,-0.00313,0.01073,-5.00,0.00,0.00,20.2,125.56,634.03,282.19,DESCEND
4.1224,-0.0205,-0.0963,0.1736,-0.00181,-0.00213,0.00773,-5.00,0.00,0.00,20.3,125.56,634.04,282.15,DESCEND
4.1325,0.2494,0.2936,-0.0063,-0.01081,-0.01513,0.00673,-5.00,0.00,0.00,20.3,125.56,634.04,282.09,DESCEND
4.1426,-0.1005,0.1936,-0.1963,-0.00481,-0.00113,0.01073,-5.00,0.00,0.00,20.4,125.56,634.04,282.05,DESCEND
4.1527,0.0294,-0.0463,0.0736,0.01218,0.00886,0.00773,-5.00,0.00,0.00,20.4,125.56,634.04,281.99,DESCEND
4.1628,-0.1105,0.1636,-0.4263,-0.01281,-0.02213,0.01173,-5.00,0.00,0.00,20.5,125.56,634.04,281.95,DESCEND
4.1729,-0.2305,-0.1963,0.2736,-0.00881,0.00286,0.00773,-5.00,0.00,0.00,20.5,125.56,634.04,281.89,DESCEND
4.1830,-0.1905,0.2936,-0.1263,-0.00281,-0.00813,0.01273,-5.00,0.00,0.00,20.6,125.56,634.05,281.85,DESCEND
4.1931,-0.1605,-0.1563,0.2236,-0.01681,-0.00913,0.00773,-5.00,0.00,0.00,20.6,125.56,634.05,281.79,DESCEND
4.2032,0.0194,-0.0163,0.3036,0.00218,-0.00113,0.00773,-5.00,0.00,0.00,20.7,125.56,634.05,281.75,DESCEND
4.2133,0.0794,0.1236,-0.2363,-0.00181,-0.00313,0.00873,-5.00,0.00,0.00,20.7,125.56,634.05,281.69,DESCEND
4.2234,-0.0705,0.0136,-0.2963,-0.01081,-0.01513,0.00873,-5.00,0.00,0.00,20.8,125.56,634.05,281.65,DESCEND
4.2335,0.0094,0.2236,0.2536,-0.00081,-0.00013,0.00973,-5.00,0.00,0.00,20.8,125.56,634.06,281.59,DESCEND
4.2436,0.0594,0.4836,-0.1563,-0.00281,-0.00213,0.01073,-5.00,0.00,0.00,20.9,125.56,634.06,281.53,DESCEND
4.2537,0.0494,0.1236,-0.2263,-0.01381,-0.00813,0.00773,-5.00,0.00,0.00,20.9,125.56,634.06,281.49,DESCEND
4.2638,-0.1005,0.1736,0.2436,-0.00581,0.00786,0.00873,-5.00,0.00,0.00,21.0,125.56,634.06,281.43,DESCEND
4.2739,-0.0305,0.2036,-0.3163,-0.00081,-0.01013,0.01173,-5.00,0.00,0.00,21.0,125.56,634.06,281.39,DESCEND
4.2843,-0.2105,0.2336,0.0736,0.02618,0.01386,0.00973,-5.00,0.00,0.00,21.1,125.56,634.07,281.33,DESCEND
4.2944,0.1094,0.0836,-0.1663,-0.00581,-0.01013,0.00573,-5.00,0.00,0.00,21.1,125.56,634.07,281.29,DESCEND
4.3045,0.0394,0.2936,-0.5263,-0.01081,-0.02113,0.01473,-5.00,0.00,0.00,21.2,125.56,634.07,281.23,DESCEND
4.3146,-0.0505,0.4836,-0.2963,-0.00481,-0.00613,0.00873,-5.00,0.00,0.00,21.2,125.56,634.07,281.19,DESCEND
4.3247,-0.0305,0.1736,-0.1463,0.00518,0.00086,0.00573,-5.00,0.00,0.00,21.3,125.56,634.07,281.13,DESCEND
4.3348,0.1294,0.0836,-0.0263,0.00818,-0.00313,0.01073,-5.00,0.00,0.00,21.3,125.56,634.07,281.09,DESCEND
4.3449,-0.0705,0.1436,0.0236,0.00118,-0.00313,0.00973,-5.00,0.00,0.00,21.4,125.56,634.08,281.03,DESCEND
4.3549,0.0594,0.5536,-0.1363,-0.00681,-0.01113,0.01273,-5.00,0.00,0.00,21.4,125.56,634.08,280.99,DESCEND
4.3650,0.1994,0.1736,0.2136,0.01618,0.00186,0.01073,-5.00,0.00,0.00,21.5,125.56,634.08,280.93,DESCEND
4.3752,-0.0105,0.3936,-0.1663,-0.00481,-0.00513,0.01373,-5.00,0.00,0.00,21.5,125.56,634.08,280.89,DESCEND
4.3852,0.0194,0.4536,-0.3863,-0.00281,-0.00913,0.00973,-5.00,0.00,0.00,21.6,125.56,634.08,280.83,DESCEND
4.3953,-0.0505,0.2836,-0.2363,-0.04081,-0.02513,0.01373,-5.00,0.00,0.00,21.6,125.56,634.09,280.79,DESCEND
4.4055,-0.0805,0.2536,0.0136,-0.02481,-0.01813,0.01273,-5.00,0.00,0.00,21.7,125.57,634.09,280.73,DESCEND
4.4156,0.0094,0.0536,0.2236,0.00118,0.00186,0.01073,-5.00,0.00,0.00,21.7,125.57,634.09,280.69,DESCEND
4.4257,0.0494,0.2636,0.1236,0.00318,-0.01113,0.01273,-5.00,0.00,0.00,21.8,125.57,634.09,280.63,DESCEND
4.4358,-0.0105,0.0536,0.1836,-0.01081,-0.00613,0.01273,-5.00,0.00,0.00,21.8,125.57,634.09,280.57,DESCEND
4.4458,-0.1105,0.2736,-0.1563,0.00118,-0.00613,0.01473,-5.00,0.00,0.00,21.9,125.57,634.10,280.53,DESCEND
4.4559,0.1294,-0.1263,0.3536,0.00518,-0.00713,0.00373,-5.00,0.00,0.00,21.9,125.57,634.10,280.47,DESCEND
4.4661,-0.1205,0.3036,-0.1863,-0.01481,-0.01413,0.00873,-5.00,0.00,0.00,22.0,125.57,634.10,280.43,DESCEND
4.4762,0.0294,0.4236,-0.3663,-0.01581,-0.02213,0.01073,-5.00,0.00,0.00,22.0,125.57,634.10,280.37,DESCEND
4.4862,-0.0005,0.1636,-0.1863,-0.00881,-0.01313,0.00973,-5.00,0.00,0.00,22.1,125.57,634.10,280.33,DESCEND
4.4964,0.1794,0.1136,-0.2563,0.00218,-0.00713,0.00773,-5.00,0.00,0.00,22.1,125.57,634.10,280.27,DESCEND
4.5065,-0.0405,0.1336,-0.0963,-0.01381,-0.00913,0.00673,-5.00,0.00,0.00,22.2,125.57,634.11,280.23,DESCEND
4.5166,0.1694,0.4636,-0.1463,0.00318,-0.00613,0.00973,-5.00,0.00,0.00,22.2,125.57,634.11,280.17,DESCEND
4.5267,0.1594,0.0636,0.1536,0.00418,-0.00213,0.00973,-5.00,0.00,0.00,22.3,125.57,634.11,280.13,DESCEND
4.5368,0.3094,-0.0563,0.2236,0.01518,-0.00313,0.00773,-5.00,0.00,0.00,22.3,125.57,634.11,280.07,DESCEND
4.5468,0.1194,0.1436,0.0636,0.00818,0.00086,0.00373,-5.00,0.00,0.00,22.4,125.57,634.11,280.03,DESCEND
4.5569,0.0494,0.2736,-0.3163,0.00118,-0.01313,0.01073,-5.00,0.00,0.00,22.4,125.57,634.12,279.97,DESCEND
4.5670,0.0394,-0.1063,0.3036,0.00818,0.00186,0.00673,-5.00,0.00,0.00,22.5,125.57,634.12,279.93,DESCEND
4.5771,0.0894,0.2836,-0.2363,0.00518,-0.01113,0.01173,-5.00,0.00,0.00,22.5,125.57,634.12,279.87,DESCEND
4.5872,-0.1105,0.2336,-0.3163,-0.00881,-0.01913,0.01273,-5.00,0.00,0.00,22.6,125.57,634.12,279.83,DESCEND
4.5973,-0.0705,0.0336,-0.0563,-0.01081,-0.01213,0.01073,-5.00,0.00,0.00,22.6,125.57,634.12,279.77,DESCEND
4.6074,-0.0005,0.1336,-0.1063,0.00318,-0.00013,0.00673,-5.00,0.00,0.00,22.7,125.57,634.12,279.73,DESCEND
4.6175,0.0294,0.1536,-0.0663,0.00018,-0.00913,0.00773,-5.00,0.00,0.00,22.7,125.57,634.13,279.67,DESCEND
4.6276,-0.0605,0.1536,0.0536,-0.01581,-0.00713,0.01073,-5.00,0.00,0.00,22.8,125.57,634.13,279.61,DESCEND
4.6377,0.1094,-0.2463,0.0736,0.00518,-0.00113,0.00573,-5.00,0.00,0.00,22.8,125.57,634.13,279.57,DESCEND
4.6478,0.0794,0.2036,-0.2663,-0.00881,-0.02013,0.01073,-5.00,0.00,0.00,22.9,125.57,634.13,279.51,DESCEND
4.6578,0.0694,0.2636,-0.0463,-0.00681,-0.01413,0.01073,-5.00,0.00,0.00,22.9,125.57,634.13,279.47,DESCEND
4.6679,0.0294,0.2036,-0.1863,0.01618,0.00386,0.00873,-5.00,0.00,0.00,23.0,125.57,634.14,279.41,DESCEND
4.6780,0.2994,-0.0063,0.0636,0.01318,-0.00613,0.00573,-5.00,0.00,0.00,23.0,125.57,634.14,279.37,DESCEND
4.6881,-0.1405,0.2036,-0.2363,-0.00581,-0.01613,0.01473,-5.00,0.00,0.00,23.1,125.57,634.14,279.31,DESCEND
4.6982,-0.0805,0.3936,-0.1263,-0.01981,-0.01113,0.01473,-5.00,0.00,0.00,23.1,125.57,634.14,279.27,DESCEND
4.7083,-0.2505,-0.0863,-0.0063,-0.00281,-0.00313,0.00673,-5.00,0.00,0.00,23.2,125.57,634.14,279.21,DESCEND
4.7185,0.1394,-0.0963,0.0636,0.01918,-0.00113,0.00873,-5.00,0.00,0.00,23.2,125.57,634.15,279.17,DESCEND
4.7286,-0.1005,0.0636,0.2936,0.00018,0.00186,0.00873,-5.00,0.00,0.00,23.3,125.57,634.15,279.11,DESCEND
4.7387,0.0394,-0.0763,0.2536,0.00518,0.00386,0.00673,-5.00,0.00,0.00,23.3,125.57,634.15,279.07,DESCEND
4.7487,-0.0405,0.0836,0.1536,-0.00181,0.00486,0.01073,-5.00,0.00,0.00,23.4,125.57,634.15,279.01,DESCEND
4.7588,0.0894,0.4936,-0.3163,-0.00681,-0.01613,0.01373,-5.00,0.00,0.00,23.4,125.57,634.15,278.97,DESCEND
4.7689,-0.2005,0.0936,0.0136,-0.00381,-0.00513,0.01173,-5.00,0.00,0.00,23.5,125.57,634.15,278.91,DESCEND
4.7790,-0.0705,0.0536,0.0836,-0.00681,-0.00513,0.00573,-5.00,0.00,0.00,23.5,125.57,634.16,278.87,DESCEND
4.7891,0.1394,0.1636,-0.0463,0.00118,-0.00913,0.01073,-5.00,0.00,0.00,23.6,125.57,634.16,278.81,DESCEND
4.7992,0.1594,0.0336,0.1536,0.00218,-0.00613,0.00973,-5.00,0.00,0.00,23.6,125.57,634.16,278.77,DESCEND
4.8093,-0.0505,0.1036,-0.0763,-0.00981,-0.01513,0.00573,-5.00,0.00,0.00,23.7,125.57,634.16,278.71,DESCEND
4.8194,0.2394,0.1636,-0.1263,0.01118,-0.00813,0.00673,-5.00,0.00,0.00,23.7,125.57,634.16,278.67,DESCEND
4.8295,-0.0105,0.1636,-0.2163,-0.02381,-0.02613,0.01473,-5.00,0.00,0.00,23.8,125.57,634.17,278.61,DESCEND
4.8396,-0.0405,0.3136,0.0536,-0.00881,-0.00713,0.01073,-5.00,0.00,0.00,23.9,125.57,634.17,278.55,DESCEND
4.8497,-0.0905,0.0136,0.0336,-0.00281,-0.00313,0.01073,-5.00,0.00,0.00,23.9,125.57,634.17,278.51,DESCEND
4.8598,-0.0705,0.2136,-0.0163,-0.02581,-0.01213,0.00773,-5.00,0.00,0.00,24.0,125.57,634.17,278.45,DESCEND
4.8699,-0.0705,0.1136,-0.0263,-0.00181,-0.00813,0.01073,-5.00,0.00,0.00,24.0,125.57,634.17,278.41,DESCEND
4.8800,0.1394,0.1336,-0.2963,0.01518,-0.00313,0.01173,-5.00,0.00,0.00,24.1,125.57,634.18,278.35,DESCEND
4.8901,-0.1205,0.0536,0.1036,-0.00181,-0.01313,0.00973,-5.00,0.00,0.00,24.1,125.57,634.18,278.31,DESCEND
4.9002,0.0094,0.2336,-0.2763,-0.01181,-0.01313,0.01273,-5.00,0.00,0.00,24.2,125.57,634.18,278.25,DESCEND
4.9103,-0.0305,0.0536,0.0636,-0.00381,-0.00113,0.00773,-5.00,0.00,0.00,24.2,125.57,634.18,278.21,DESCEND
4.9204,0.0894,0.1736,-0.1363,0.00218,-0.00213,0.00573,-5.00,0.00,0.00,24.3,125.57,634.18,278.15,DESCEND
4.9305,-0.0905,-0.0563,0.0736,-0.01181,-0.00813,0.00573,-5.00,0.00,0.00,24.3,125.57,634.18,278.11,DESCEND
4.9406,-0.0205,0.2436,-0.1263,-0.00981,-0.01413,0.01073,-5.00,0.00,0.00,24.4,125.57,634.19,278.05,DESCEND
4.9507,0.0194,0.0736,-0.1363,-0.01781,-0.02313,0.00873,-5.00,0.00,0.00,24.4,125.57,634.19,278.01,DESCEND
4.9608,-0.0605,0.2936,0.0036,-0.01181,-0.01113,0.00973,-5.00,0.00,0.00,24.5,125.57,634.19,277.95,DESCEND
4.9709,-0.0705,0.3236,-0.3363,-0.02181,-0.02513,0.01173,-5.00,0.00,0.00,24.5,125.57,634.19,277.91,DESCEND
4.9810,-0.1905,-0.1063,0.1936,-0.01081,-0.00513,0.00673,-5.00,0.00,0.00,24.6,125.57,634.19,277.85,DESCEND
4.9911,-0.0105,0.3736,-0.0363,-0.00381,0.00286,0.01073,-5.00,0.00,0.00,24.6,125.57,634.20,277.81,DESCEND
5.0013,-0.0405,-0.1863,-0.0763,-0.00181,-0.00913,0.01073,-5.00,0.00,0.00,24.7,125.57,634.20,277.75,DESCEND
5.0114,0.0694,-0.0163,0.0136,0.01218,0.00086,0.00973,-5.00,0.00,0.00,24.7,125.57,634.20,277.71,DESCEND
5.0215,-0.0705,0.4136,-0.1663,-0.01681,-0.02313,0.01073,-5.00,0.00,0.00,24.8,125.57,634.20,277.65,DESCEND
5.0315,-0.0605,0.0636,0.0636,-0.01381,-0.01113,0.00973,-5.00,0.00,0.00,24.8,125.57,634.20,277.61,DESCEND
5.0416,-0.2405,0.5436,-0.2663,-0.00581,-0.00113,0.01673,-5.00,0.00,0.00,24.9,125.57,634.20,277.55,DESCEND
5.0518,-0.0005,0.2236,0.2136,-0.00581,-0.01613,0.01173,-5.00,0.00,0.00,24.9,125.58,634.21,277.49,DESCEND
5.0619,0.0394,0.3636,-0.5563,0.01218,-0.01513,0.01073,-5.00,0.00,0.00,25.0,125.58,634.21,277.45,DESCEND
5.0720,0.0194,0.0836,0.1736,-0.00581,-0.01113,0.00973,-5.00,0.00,0.00,25.0,125.58,634.21,277.39,DESCEND
5.0821,0.0494,0.2836,-0.1463,-0.01081,-0.00613,0.00973,-5.00,0.00,0.00,25.1,125.58,634.21,277.35,DESCEND
5.0922,0.0894,-0.0463,0.1736,0.00418,-0.00013,0.00873,-5.00,0.00,0.00,25.1,125.58,634.21,277.29,DESCEND
5.1023,0.0894,0.1136,0.0936,-0.00581,-0.00913,0.01073,-5.00,0.00,0.00,25.2,125.58,634.22,277.25,DESCEND
5.1124,0.0194,0.0336,-0.0263,-0.00181,-0.00713,0.00973,-5.00,0.00,0.00,25.2,125.58,634.22,277.19,DESCEND
5.1225,0.1194,0.2436,-0.2163,0.01418,-0.01213,0.01073,-5.00,0.00,0.00,25.3,125.58,634.22,277.15,DESCEND
5.1327,0.0094,0.0636,0.1236,0.00918,-0.00313,0.00473,-5.00,0.00,0.00,25.3,125.58,634.22,277.09,DESCEND
5.1428,0.1294,0.1236,-0.2563,-0.00481,-0.02013,0.00973,-5.00,0.00,0.00,25.4,125.58,634.22,277.05,DESCEND
5.1529,-0.0105,0.4036,-0.3563,-0.00981,-0.01913,0.00973,-5.00,0.00,0.00,25.4,125.58,634.23,276.99,DESCEND
5.1630,-0.0105,0.2636,-0.2063,0.01018,-0.00713,0.01273,-5.00,0.00,0.00,25.5,125.58,634.23,276.95,DESCEND
5.1731,-0.0505,0.4336,-0.1763,-0.00981,-0.01313,0.01273,-5.00,0.00,0.00,25.5,125.58,634.23,276.89,DESCEND
5.1832,0.1194,-0.1663,0.0336,0.00918,-0.00613,0.00873,-5.00,0.00,0.00,25.6,125.58,634.23,276.85,DESCEND
5.1933,-0.0905,0.2036,0.0636,-0.00381,0.00286,0.01073,-5.00,0.00,0.00,25.6,125.58,634.23,276.79,DESCEND
5.2034,-0.1505,0.1536,0.1836,-0.01181,-0.00613,0.01173,-5.00,0.00,0.00,25.7,125.58,634.23,276.75,DESCEND
5.2135,0.1294,-0.0763,0.0636,0.00218,-0.00513,0.00973,-5.00,0.00,0.00,25.7,125.58,634.24,276.69,DESCEND
5.2236,0.1794,0.0736,0.1036,0.01618,-0.00413,0.00573,-5.00,0.00,0.00,25.8,125.58,634.24,276.65,DESCEND
5.2337,0.0394,-0.0763,0.2436,-0.00381,-0.01113,0.00973,-5.00,0.00,0.00,25.8,125.58,634.24,276.59,DESCEND
5.2438,0.0394,0.3336,-0.2263,-0.00081,-0.00613,0.00773,-5.00,0.00,0.00,25.9,125.58,634.24,276.53,DESCEND
5.2539,-0.0005,0.1836,-0.0563,-0.00481,-0.00813,0.00873,-5.00,0.00,0.00,25.9,125.58,634.24,276.49,DESCEND
5.2640,-0.0605,0.1836,0.1336,-0.00281,-0.00013,0.01173,-5.00,0.00,0.00,26.0,125.58,634.25,276.43,DESCEND
5.2741,-0.0005,-0.1763,0.3536,-0.00281,0.00186,0.00673,-5.00,0.00,0.00,26.0,125.58,634.25,276.39,DESCEND
5.2842,0.1194,0.3736,-0.1063,0.00618,-0.00413,0.00973,-5.00,0.00,0.00,26.1,125.58,634.25,276.35,DESCEND
5.2943,-0.1205,0.3936,-0.1363,-0.00881,-0.00013,0.01173,-5.00,0.00,0.00,26.1,125.58,634.25,276.29,DESCEND
5.3044,0.0094,0.3736,-0.1463,0.01018,-0.00813,0.01373,-5.00,0.00,0.00,26.2,125.58,634.25,276.23,DESCEND
5.3144,-0.0305,-0.1363,0.1036,-0.00681,-0.00813,0.00573,-5.00,0.00,0.00,26.2,125.58,634.26,276.19,DESCEND
5.3245,0.0394,0.4036,-0.0463,0.00318,-0.00713,0.01273,-5.00,0.00,0.00,26.3,125.58,634.26,276.13,DESCEND
5.3346,0.3194,0.0836,0.0336,0.02518,0.00486,0.00573,-5.00,0.00,0.00,26.3,125.58,634.26,276.09,DESCEND
5.3448,0.0194,0.4036,-0.2263,-0.00981,-0.01113,0.00573,-5.00,0.00,0.00,26.4,125.58,634.26,276.03,DESCEND
5.3549,0.0194,-0.0463,-0.0163,-0.00881,-0.00913,0.01073,-5.00,0.00,0.00,26.4,125.58,634.26,275.99,DESCEND
5.3650,-0.0005,-0.0063,-0.0663,-0.00681,-0.00813,0.00673,-5.00,0.00,0.00,26.5,125.58,634.26,275.93,DESCEND
5.3751,0.0394,0.2036,0.0336,-0.00681,-0.00513,0.01173,-5.00,0.00,0.00,26.5,125.58,634.27,275.89,DESCEND
5.3851,-0.0005,0.2636,-0.0963,-0.00781,-0.00613,0.01273,-5.00,0.00,0.00,26.6,125.58,634.27,275.83,DESCEND
5.3952,0.1894,0.1736,0.0536,0.00318,-0.00413,0.00873,-5.00,0.00,0.00,26.6,125.58,634.27,275.79,DESCEND
5.4053,0.2094,0.2036,-0.1563,0.00818,-0.01413,0.01173,-5.00,0.00,0.00,26.7,125.58,634.27,275.73,DESCEND
5.4154,-0.0205,0.1336,0.2436,0.00418,-0.00213,0.00973,-5.00,0.00,0.00,26.7,125.58,634.27,275.69,DESCEND
5.4255,-0.1505,0.0936,-0.1863,-0.01881,-0.02213,0.00773,-5.00,0.00,0.00,26.8,125.58,634.28,275.63,DESCEND
5.4356,0.0894,0.2736,-0.0163,-0.00281,-0.01213,0.01273,-5.00,0.00,0.00,26.8,125.58,634.28,275.59,DESCEND
5.4457,0.1394,0.1836,-0.0863,0.00918,-0.00913,0.00773,-5.00,0.00,0.00,26.9,125.58,634.28,275.53,DESCEND
5.4558,0.0694,0.3236,-0.2663,-0.00681,-0.01013,0.01273,-5.00,0.00,0.00,26.9,125.58,634.28,275.47,DESCEND
5.4659,0.0594,-0.1663,0.0436,0.01918,-0.00013,0.00573,-5.00,0.00,0.00,27.0,125.58,634.28,275.43,DESCEND
5.4760,-0.0405,0.4136,-0.4263,-0.01581,-0.01813,0.01373,-5.00,0.00,0.00,27.0,125.58,634.29,275.37,DESCEND
5.4861,0.0794,0.0036,0.0636,0.00318,0.00086,0.00773,-5.00,0.00,0.00,27.1,125.58,634.29,275.33,DESCEND
5.4962,0.0394,0.0336,0.1236,0.01418,0.00186,0.00973,-5.00,0.00,0.00,27.1,125.58,634.29,275.27,DESCEND
5.5063,0.0294,0.0536,-0.1763,0.01918,0.00286,0.01173,-5.00,0.00,0.00,27.2,125.58,634.29,275.23,DESCEND
5.5163,-0.0305,0.1136,0.1136,-0.02181,-0.01113,0.00973,-5.00,0.00,0.00,27.2,125.58,634.29,275.17,DESCEND
5.5264,0.2194,0.3736,-0.1263,0.00918,-0.00213,0.01073,-5.00,0.00,0.00,27.3,125.58,634.29,275.13,DESCEND
5.5365,-0.1205,0.3736,-0.1863,-0.00481,-0.00013,0.01473,-5.00,0.00,0.00,27.3,125.58,634.30,275.07,DESCEND
5.5466,0.0094,0.0236,-0.0263,0.00618,-0.00613,0.00973,-5.00,0.00,0.00,27.4,125.58,634.30,275.03,DESCEND
5.5567,0.0394,0.4036,-0.4763,0.00418,-0.00913,0.00973,-5.00,0.00,0.00,27.4,125.58,634.30,274.97,DESCEND
5.5668,-0.0205,0.2636,-0.3863,-0.00981,-0.01313,0.01173,-5.00,0.00,0.00,27.5,125.58,634.30,274.93,DESCEND
5.5769,0.0494,0.1836,-0.1163,-0.00681,-0.01113,0.00873,-5.00,0.00,0.00,27.5,125.58,634.30,274.87,DESCEND
5.5870,-0.1005,0.0436,0.2936,-0.00081,-0.00213,0.00873,-5.00,0.00,0.00,27.6,125.58,634.31,274.83,DESCEND
5.5971,-0.0705,0.1936,-0.0663,-0.00181,-0.00913,0.01073,-5.00,0.00,0.00,27.6,125.58,634.31,274.77,DESCEND
5.6072,0.0294,0.3736,0.1536,-0.00781,-0.01413,0.01173,-5.00,0.00,0.00,27.7,125.58,634.31,274.73,DESCEND
5.6173,0.1594,-0.1463,0.4236,-0.00581,-0.00813,0.00573,-5.00,0.00,0.00,27.7,125.58,634.31,274.67,DESCEND
5.6274,0.1894,0.1736,0.0236,0.02018,0.00086,0.00873,-5.00,0.00,0.00,27.8,125.58,634.31,274.63,DESCEND
5.6375,0.0694,0.3336,-0.3963,-0.01181,-0.02413,0.01373,-5.00,0.00,0.00,27.8,125.58,634.31,274.57,DESCEND
5.6476,0.1094,0.1936,-0.0863,0.00818,-0.01213,0.01073,-5.00,0.00,0.00,27.9,125.58,634.32,274.53,DESCEND
5.6578,0.1394,0.2936,-0.2863,-0.00681,-0.02613,0.00973,-5.00,0.00,0.00,27.9,125.58,634.32,274.47,DESCEND
5.6678,0.0294,-0.1063,0.0836,0.00318,-0.00013,0.00973,-5.00,0.00,0.00,28.0,125.58,634.32,274.41,DESCEND
5.6780,0.0994,0.4236,-0.3663,-0.00081,-0.00713,0.00973,-5.00,0.00,0.00,28.0,125.58,634.32,274.37,DESCEND
5.6881,-0.0105,0.1736,0.1336,0.00818,0.00386,0.01073,-5.00,0.00,0.00,28.1,125.58,634.32,274.31,DESCEND
5.6982,-0.1305,0.1736,-0.0963,-0.00181,-0.00513,0.01273,-5.00,0.00,0.00,28.1,125.58,634.33,274.27,DESCEND
5.7083,-0.0705,0.1736,0.3136,0.00318,0.00186,0.01273,-5.00,0.00,0.00,28.2,125.59,634.33,274.21,DESCEND
5.7184,-0.1305,0.0636,-0.1263,-0.00381,-0.00813,0.01173,-5.00,0.00,0.00,28.2,125.59,634.33,274.17,DESCEND
5.7285,0.0894,-0.1063,-0.1063,0.01018,-0.00113,0.00873,-5.00,0.00,0.00,28.3,125.59,634.33,274.11,DESCEND
5.7386,-0.0805,0.3836,-0.2163,0.02018,0.00586,0.01373,-5.00,0.00,0.00,28.3,125.59,634.33,274.07,DESCEND
5.7487,0.0894,0.2036,-0.1363,0.00418,-0.00913,0.00773,-5.00,0.00,0.00,28.4,125.59,634.34,274.01,DESCEND
5.7588,-0.0205,0.0436,-0.0963,-0.00581,-0.00513,0.01073,-5.00,0.00,0.00,28.4,125.59,634.34,273.97,DESCEND
5.7688,0.0094,0.1836,0.0036,0.00218,-0.01313,0.01673,-5.00,0.00,0.00,28.5,125.59,634.34,273.91,DESCEND
5.7789,-0.0005,0.3236,-0.1063,-0.01981,-0.02413,0.01273,-5.00,0.00,0.00,28.5,125.59,634.34,273.87,DESCEND
5.7890,0.0294,0.2136,-0.1763,-0.00981,-0.01813,0.00873,-5.00,0.00,0.00,28.6,125.59,634.34,273.81,DESCEND
5.7991,0.2094,0.1136,-0.0963,0.00318,-0.00813,0.01073,-5.00,0.00,0.00,28.6,125.59,634.34,273.77,DESCEND
5.8092,0.1094,-0.3263,0.1536,0.02418,0.00286,0.00873,-5.00,0.00,0.00,28.7,125.59,634.35,273.71,DESCEND
5.8193,-0.2105,0.5036,-0.1563,-0.01781,-0.00413,0.00873,-5.00,0.00,0.00,28.7,125.59,634.35,273.67,DESCEND
5.8294,-0.0505,0.4436,0.0136,0.00018,-0.00613,0.01473,-5.00,0.00,0.00,28.8,125.59,634.35,273.61,DESCEND
5.8395,-0.0405,0.4236,-0.0863,-0.01581,-0.00713,0.00773,-5.00,0.00,0.00,28.8,125.59,634.35,273.57,DESCEND
5.8496,-0.0805,0.2936,0.0136,0.01718,0.00586,0.01173,-5.00,0.00,0.00,28.9,125.59,634.35,273.51,DESCEND
5.8597,-0.0205,0.3236,-0.1563,-0.02681,-0.02413,0.01173,-5.00,0.00,0.00,29.0,125.59,634.36,273.45,DESCEND
5.8698,-0.0505,0.1336,-0.1763,-0.00281,-0.00813,0.01073,-5.00,0.00,0.00,29.0,125.59,634.36,273.41,DESCEND
5.8799,0.1794,0.2436,-0.2663,-0.00581,-0.02313,0.01073,-5.00,0.00,0.00,29.1,125.59,634.36,273.35,DESCEND
5.8900,0.0194,0.1136,-0.0163,0.00818,-0.00313,0.01073,-5.00,0.00,0.00,29.1,125.59,634.36,273.31,DESCEND
5.9001,-0.0105,0.4236,-0.4663,-0.02681,-0.02813,0.01273,-5.00,0.00,0.00,29.2,125.59,634.36,273.25,DESCEND
5.9102,0.0694,-0.0163,0.2636,0.01318,0.00086,0.01173,-5.00,0.00,0.00,29.2,125.59,634.37,273.21,DESCEND
5.9203,0.0894,0.1336,-0.0463,0.00418,0.00486,0.01073,-5.00,0.00,0.00,29.3,125.59,634.37,273.15,DESCEND
5.9304,0.1394,0.1236,-0.2363,0.00118,-0.01413,0.01173,-5.00,0.00,0.00,29.3,125.59,634.37,273.11,DESCEND
5.9405,-0.1405,0.3136,-0.1463,-0.02281,-0.02313,0.01473,-5.00,0.00,0.00,29.4,125.59,634.37,273.05,DESCEND
5.9506,-0.1705,0.5836,-0.1863,-0.00881,-0.01513,0.01473,-5.00,0.00,0.00,29.4,125.59,634.37,273.01,DESCEND
5.9607,0.1694,0.0436,-0.1963,-0.00181,-0.01713,0.00973,-5.00,0.00,0.00,29.5,125.59,634.37,272.95,DESCEND
5.9708,-0.0305,0.1636,-0.0163,-0.01381,0.00086,0.00873,-5.00,0.00,0.00,29.5,125.59,634.38,272.91,DESCEND
5.9809,0.0894,0.3036,-0.1863,0.00718,-0.00813,0.01173,-5.00,0.00,0.00,29.6,125.59,634.38,272.85,DESCEND
5.9910,-0.0605,0.4836,-0.4563,-0.00381,-0.00913,0.01173,-5.00,0.00,0.00,29.6,125.59,634.38,272.81,DESCEND
6.0011,-0.0305,0.1636,-0.2663,0.01018,-0.01313,0.01173,-5.00,0.00,0.00,29.7,125.59,634.38,272.75,DESCEND
6.0112,0.1294,0.3636,-0.1863,0.00918,-0.01113,0.01073,-5.00,0.00,0.00,29.7,125.59,634.38,272.71,DESCEND
6.0212,0.1194,0.0236,-0.1963,-0.00881,-0.01813,0.00873,-5.00,0.00,0.00,29.8,125.59,634.39,272.65,DESCEND
6.0313,0.0694,0.5036,-0.1663,-0.00781,-0.00913,0.01573,-5.00,0.00,0.00,29.8,125.59,634.39,272.61,DESCEND
6.0414,-0.0105,0.4536,0.0736,0.00318,-0.00313,0.01373,-5.00,0.00,0.00,29.9,125.59,634.39,272.55,DESCEND
6.0515,-0.0305,-0.0063,-0.0663,-0.00681,-0.00413,0.00873,-5.00,0.00,0.00,29.9,125.59,634.39,272.51,DESCEND
6.0617,-0.0805,0.3136,-0.1463,-0.00581,-0.00513,0.01373,-5.00,0.00,0.00,30.0,125.59,634.39,272.45,DESCEND
6.0718,-0.0405,-0.0263,-0.1163,0.00618,-0.00413,0.01073,-5.00,0.00,0.00,30.0,125.59,634.40,272.39,DESCEND
6.0819,0.2294,0.3636,-0.1163,0.01318,-0.00613,0.01373,-5.00,0.00,0.00,30.1,125.59,634.40,272.35,DESCEND
6.0920,-0.0405,0.3436,0.1736,-0.01781,-0.01613,0.01173,-5.00,0.00,0.00,30.1,125.59,634.40,272.29,DESCEND
6.1021,0.0194,-0.0063,0.1236,0.00018,-0.01213,0.00873,-5.00,0.00,0.00,30.2,125.59,634.40,272.25,DESCEND
6.1122,-0.0805,0.1136,0.0936,-0.01581,-0.00913,0.01473,-5.00,0.00,0.00,30.2,125.59,634.40,272.19,DESCEND
6.1223,0.0994,0.1736,0.0036,-0.00281,-0.00413,0.01073,-5.00,0.00,0.00,30.3,125.59,634.40,272.15,DESCEND
6.1324,-0.0605,0.0536,-0.0663,0.00418,-0.00913,0.00673,-5.00,0.00,0.00,30.3,125.59,634.41,272.09,DESCEND
6.1425,0.1394,0.3136,-0.3163,0.00318,-0.00413,0.00873,-5.00,0.00,0.00,30.4,125.59,634.41,272.05,DESCEND
6.1526,-0.0105,0.1336,0.0036,-0.01681,-0.01213,0.01373,-5.00,0.00,0.00,30.4,125.59,634.41,271.99,DESCEND
6.1627,0.0794,0.1036,0.0236,-0.00681,-0.01713,0.00873,-5.00,0.00,0.00,30.5,125.59,634.41,271.95,DESCEND
6.1728,-0.0005,0.0336,0.0536,-0.00181,-0.00513,0.00873,-5.00,0.00,0.00,30.5,125.59,634.41,271.89,DESCEND
6.1829,-0.0105,0.0536,-0.0263,-0.00281,0.00186,0.01273,-5.00,0.00,0.00,30.6,125.59,634.42,271.85,DESCEND
6.1930,0.0494,0.0636,0.2036,0.01718,-0.00313,0.01273,-5.00,0.00,0.00,30.6,125.59,634.42,271.79,DESCEND
6.2031,-0.1205,-0.2863,0.3336,0.01118,0.00886,0.00973,-5.00,0.00,0.00,30.7,125.59,634.42,271.75,DESCEND
6.2132,-0.0705,0.3036,0.0636,-0.00481,-0.01113,0.01173,-5.00,0.00,0.00,30.7,125.59,634.42,271.70,DESCEND
6.2233,0.0494,0.2336,-0.0863,0.00618,-0.01213,0.01573,-5.00,0.00,0.00,30.8,125.59,634.42,271.66,DESCEND
6.2334,-0.0305,0.2736,-0.1163,0.00618,-0.00813,0.01473,-5.00,0.00,0.00,30.8,125.59,634.42,271.60,DESCEND
6.2435,0.0094,-0.0763,0.0236,-0.00581,-0.00613,0.00573,-5.00,0.00,0.00,30.9,125.59,634.43,271.56,DESCEND
6.2536,-0.1305,0.3336,0.0936,0.00218,-0.00613,0.01373,-5.00,0.00,0.00,30.9,125.59,634.43,271.50,DESCEND
6.2637,0.1094,0.1436,-0.1863,0.00418,-0.00913,0.01073,-5.00,0.00,0.00,31.0,125.59,634.43,271.46,DESCEND
6.2739,-0.1305,0.0836,0.2036,-0.01481,-0.01113,0.00873,-5.00,0.00,0.00,31.0,125.59,634.43,271.40,DESCEND
6.2840,0.0594,0.4436,-0.2063,-0.01581,-0.02413,0.01073,-5.00,0.00,0.00,31.1,125.59,634.43,271.36,DESCEND
6.2941,-0.0505,0.1336,-0.0863,-0.01181,-0.01313,0.01273,-5.00,0.00,0.00,31.1,125.59,634.44,271.30,DESCEND
6.3042,-0.1605,0.3936,-0.2363,-0.01581,-0.01113,0.01673,-5.00,0.00,0.00,31.2,125.59,634.44,271.24,DESCEND
6.3143,0.1894,0.4136,-0.1463,0.02118,-0.00213,0.01273,-5.00,0.00,0.00,31.2,125.59,634.44,271.20,DESCEND
6.3244,-0.0105,0.2036,-0.1663,-0.00181,-0.01513,0.01273,-5.00,0.00,0.00,31.3,125.59,634.44,271.14,DESCEND
6.3345,-0.1305,0.4536,-0.1763,-0.00681,-0.01813,0.01673,-5.00,0.00,0.00,31.3,125.59,634.44,271.10,DESCEND
6.3446,0.0694,-0.0563,0.3236,0.00918,-0.00413,0.01073,-5.00,0.00,0.00,31.4,125.59,634.45,271.04,DESCEND
6.3547,0.0894,0.1936,-0.0163,0.00418,-0.00313,0.01373,-5.00,0.00,0.00,31.4,125.59,634.45,271.00,DESCEND
6.3648,-0.2005,0.2236,-0.3063,-0.02681,-0.01913,0.01273,-5.00,0.00,0.00,31.5,125.59,634.45,270.94,DESCEND
6.3749,0.0494,0.3436,0.0236,0.00618,-0.00313,0.01273,-5.00,0.00,0.00,31.5,125.60,634.45,270.90,DESCEND
6.3850,-0.0305,0.2436,-0.1163,-0.00281,-0.00113,0.01173,-5.00,0.00,0.00,31.6,125.60,634.45,270.84,DESCEND
6.3950,0.0494,0.0136,0.1036,-0.00281,-0.00813,0.01273,-5.00,0.00,0.00,31.6,125.60,634.45,270.80,DESCEND
6.4051,0.0794,0.3236,-0.1763,0.01618,-0.00513,0.00873,-5.00,0.00,0.00,31.7,125.60,634.46,270.74,DESCEND
6.4152,0.1994,0.2236,0.0436,0.00918,-0.00413,0.01073,-5.00,0.00,0.00,31.7,125.60,634.46,270.70,DESCEND
6.4253,-0.0905,0.1036,-0.0963,-0.00281,-0.00313,0.00973,-5.00,0.00,0.00,31.8,125.60,634.46,270.64,DESCEND
6.4354,-0.0305,0.1736,0.2436,-0.00581,-0.00513,0.01173,-5.00,0.00,0.00,31.8,125.60,634.46,270.60,DESCEND
6.4455,-0.0105,0.0136,0.0036,0.00518,-0.00513,0.01173,-5.00,0.00,0.00,31.9,125.60,634.46,270.54,DESCEND
6.4556,0.1094,0.3036,-0.0463,0.00418,-0.00713,0.01073,-5.00,0.00,0.00,31.9,125.60,634.47,270.50,DESCEND
6.4657,0.1494,0.3236,-0.3163,0.00418,-0.01513,0.01273,-5.00,0.00,0.00,32.0,125.60,634.47,270.44,DESCEND
6.4758,0.0894,0.2336,0.1536,0.00818,-0.00413,0.01273,-5.00,0.00,0.00,32.0,125.60,634.47,270.38,DESCEND
6.4859,-0.1705,0.4636,-0.2763,0.01018,-0.00013,0.01273,-5.00,0.00,0.00,32.1,125.60,634.47,270.34,DESCEND
6.4961,-0.0205,0.0536,0.1236,0.00918,0.00186,0.01173,-5.00,0.00,0.00,32.1,125.60,634.47,270.28,DESCEND
6.5061,-0.0205,0.1136,0.2036,-0.00481,0.00286,0.00773,-5.00,0.00,0.00,32.2,125.60,634.48,270.24,DESCEND
6.5162,-0.0805,0.1836,0.0836,-0.01881,-0.01313,0.00973,-5.00,0.00,0.00,32.2,125.60,634.48,270.18,DESCEND
6.5263,0.1294,-0.1463,0.3436,0.00318,0.00186,0.00673,-5.00,0.00,0.00,32.3,125.60,634.48,270.14,DESCEND
6.5364,0.2294,0.2736,-0.0263,-0.00181,-0.01913,0.00973,-5.00,0.00,0.00,32.3,125.60,634.48,270.08,DESCEND
6.5465,0.0994,0.1336,-0.0763,-0.00081,-0.01113,0.01373,-5.00,0.00,0.00,32.4,125.60,634.48,270.04,DESCEND
6.5566,-0.2005,0.1836,-0.0763,-0.02781,-0.01213,0.00773,-5.00,0.00,0.00,32.4,125.60,634.48,269.98,DESCEND
6.5667,0.0394,0.3136,-0.3363,-0.00281,-0.02013,0.01273,-5.00,0.00,0.00,32.5,125.60,634.49,269.94,DESCEND
6.5768,0.0094,0.2736,-0.0463,0.00118,-0.01213,0.01573,-5.00,0.00,0.00,32.5,125.60,634.49,269.88,DESCEND
6.5869,0.1094,-0.0163,0.2036,0.00418,-0.00513,0.00973,-5.00,0.00,0.00,32.6,125.60,634.49,269.84,DESCEND
6.5970,-0.0805,0.4336,-0.0863,-0.01781,-0.01413,0.01373,-5.00,0.00,0.00,32.6,125.60,634.49,269.78,DESCEND
6.6071,0.1694,0.2836,-0.0763,0.00418,-0.01213,0.01373,-5.00,0.00,0.00,32.7,125.60,634.49,269.72,DESCEND
6.6171,-0.1105,0.2436,0.1436,0.00718,0.00586,0.01273,-5.00,0.00,0.00,32.7,125.60,634.50,269.68,DESCEND
6.6272,-0.1805,0.0036,0.1936,-0.02281,-0.00513,0.01173,-5.00,0.00,0.00,32.8,125.60,634.50,269.64,DESCEND
6.6374,-0.0305,0.3836,-0.1063,-0.00081,-0.01213,0.01273,-5.00,0.00,0.00,32.8,125.60,634.50,269.58,DESCEND
6.6475,-0.0505,0.1636,-0.0063,-0.01681,-0.01113,0.01173,-5.00,0.00,0.00,32.9,125.60,634.50,269.54,DESCEND
6.6576,-0.0405,0.0836,-0.2263,0.00218,-0.01013,0.01273,-5.00,0.00,0.00,32.9,125.60,634.50,269.48,DESCEND
6.6677,-0.1105,0.4736,-0.3863,-0.00781,-0.01213,0.01473,-5.00,0.00,0.00,33.0,125.60,634.51,269.42,DESCEND
6.6778,-0.0705,0.3036,-0.0563,-0.00281,-0.00213,0.01273,-5.00,0.00,0.00,33.0,125.60,634.51,269.38,DESCEND
6.6879,-0.0105,0.3136,-0.0763,-0.01281,-0.02013,0.01273,-5.00,0.00,0.00,33.1,125.60,634.51,269.34,DESCEND
6.6980,0.0094,0.4836,-0.3163,0.00218,-0.01613,0.01573,-5.00,0.00,0.00,33.1,125.60,634.51,269.28,DESCEND
6.7081,-0.1605,0.0136,0.0136,-0.00381,0.00086,0.00973,-5.00,0.00,0.00,33.2,125.60,634.51,269.22,DESCEND
6.7182,-0.1905,0.4236,-0.1763,-0.02881,-0.02313,0.01273,-5.00,0.00,0.00,33.2,125.60,634.51,269.18,DESCEND
6.7283,0.0694,0.2436,-0.2763,0.00018,-0.01413,0.01173,-5.00,0.00,0.00,33.3,125.60,634.52,269.12,DESCEND
6.7384,-0.0005,0.2936,-0.3263,0.00418,-0.00713,0.01173,-5.00,0.00,0.00,33.3,125.60,634.52,269.08,DESCEND
6.7485,0.1194,0.0136,0.1536,0.00218,-0.00013,0.00873,-5.00,0.00,0.00,33.4,125.60,634.52,269.02,DESCEND
6.7586,0.0194,0.1436,-0.1463,0.00218,-0.00713,0.01073,-5.00,0.00,0.00,33.4,125.60,634.52,268.98,DESCEND
6.7687,-0.0005,0.3336,0.1436,-0.00981,-0.01213,0.01673,-5.00,0.00,0.00,33.5,125.60,634.52,268.92,DESCEND
6.7788,-0.0205,0.0136,0.0536,-0.00681,-0.00713,0.00973,-5.00,0.00,0.00,33.5,125.60,634.53,268.88,DESCEND
6.7889,0.0794,0.6436,-0.2763,0.00018,-0.00613,0.01273,-5.00,0.00,0.00,33.6,125.60,634.53,268.82,DESCEND
6.7991,-0.1405,0.4036,-0.0263,-0.00281,-0.01713,0.01473,-5.00,0.00,0.00,33.6,125.60,634.53,268.78,DESCEND
6.8092,0.0494,-0.0163,0.1136,0.01318,-0.00513,0.01173,-5.00,0.00,0.00,33.7,125.60,634.53,268.72,DESCEND
6.8193,0.0694,0.1036,-0.0863,0.00918,-0.01113,0.01473,-5.00,0.00,0.00,33.7,125.60,634.53,268.68,DESCEND
6.8294,0.0494,0.3936,-0.1663,-0.00081,-0.01513,0.01673,-5.00,0.00,0.00,33.8,125.60,634.53,268.62,DESCEND
6.8395,0.1794,0.1436,0.3836,0.01418,-0.00113,0.00973,-5.00,0.00,0.00,33.8,125.60,634.54,268.58,DESCEND
6.8496,0.1294,0.2536,-0.2263,0.00718,-0.01113,0.01273,-5.00,0.00,0.00,33.9,125.60,634.54,268.52,DESCEND
6.8597,-0.0005,0.1336,-0.0763,-0.00281,-0.01413,0.01273,-5.00,0.00,0.00,33.9,125.60,634.54,268.48,DESCEND
6.8698,-0.1305,0.1636,-0.0463,-0.00881,-0.01613,0.01273,-5.00,0.00,0.00,34.0,125.60,634.54,268.42,DESCEND
6.8799,-0.0205,0.0136,0.1236,-0.00781,-0.00813,0.00773,-5.00,0.00,0.00,34.1,125.60,634.54,268.36,DESCEND
6.8900,-0.0705,0.2736,-0.0763,0.00518,-0.00213,0.01273,-5.00,0.00,0.00,34.1,125.60,634.55,268.32,DESCEND
6.9001,0.1594,0.4636,-0.2163,0.00818,-0.00813,0.01173,-5.00,0.00,0.00,34.2,125.60,634.55,268.26,DESCEND
6.9102,0.2194,-0.0063,0.0636,0.01618,0.00386,0.01173,-5.00,0.00,0.00,34.2,125.60,634.55,268.22,DESCEND
6.9203,0.0794,0.5636,-0.1663,0.00718,-0.01613,0.01673,-5.00,0.00,0.00,34.3,125.60,634.55,268.16,DESCEND
6.9304,0.0194,0.3836,-0.2263,0.00018,-0.00513,0.01073,-5.00,0.00,0.00,34.3,125.60,634.55,268.12,DESCEND
6.9405,0.1094,0.0136,-0.0463,-0.00081,-0.00913,0.01073,-5.00,0.00,0.00,34.4,125.60,634.56,268.06,DESCEND
6.9506,-0.1405,0.4036,-0.1163,-0.01081,-0.01213,0.01573,-5.00,0.00,0.00,34.4,125.60,634.56,268.02,DESCEND
6.9607,-0.0505,0.5036,-0.5163,-0.01381,-0.02413,0.01073,-5.00,0.00,0.00,34.5,125.60,634.56,267.96,DESCEND
6.9708,0.1694,-0.2663,0.1836,0.00918,-0.01013,0.00673,-5.00,0.00,0.00,34.5,125.60,634.56,267.92,DESCEND
6.9809,-0.0405,0.3636,0.0436,-0.01581,-0.00813,0.01573,-5.00,0.00,0.00,34.6,125.60,634.56,267.86,DESCEND
6.9910,-0.0005,0.2236,0.0036,-0.01381,-0.01513,0.01173,-5.00,0.00,0.00,34.6,125.60,634.56,267.82,DESCEND
7.0012,-0.1305,0.5236,-0.3263,0.00218,-0.00713,0.01573,-5.00,0.00,0.00,34.7,125.60,634.57,267.76,DESCEND
7.0113,0.2094,-0.0663,0.1636,0.02118,0.00586,0.01073,-5.00,0.00,0.00,34.7,125.60,634.57,267.72,DESCEND
7.0213,-0.1805,0.6036,-0.2063,-0.01781,-0.01813,0.01673,-5.00,0.00,0.00,34.8,125.60,634.57,267.66,DESCEND
7.0314,0.1694,0.0636,0.0036,0.00718,-0.00613,0.01073,-5.00,0.00,0.00,34.8,125.60,634.57,267.62,DESCEND
7.0415,-0.1405,0.6036,-0.1763,-0.01781,-0.01213,0.01473,-5.00,0.00,0.00,34.9,125.60,634.57,267.56,DESCEND
7.0516,0.1394,0.4836,-0.2163,0.01318,-0.01413,0.01773,-5.00,0.00,0.00,34.9,125.60,634.58,267.52,DESCEND
7.0617,-0.0005,0.4236,-0.1763,-0.02081,-0.01613,0.01473,-5.00,0.00,0.00,35.0,125.61,634.58,267.46,DESCEND
7.0718,0.1094,0.2136,-0.1963,0.01418,-0.00313,0.01273,-5.00,0.00,0.00,35.0,125.61,634.58,267.40,DESCEND
7.0819,0.0194,0.0736,-0.0063,0.01218,0.00286,0.01173,-5.00,0.00,0.00,35.1,125.61,634.58,267.36,DESCEND
7.0920,-0.1405,0.2836,0.3336,0.00018,0.00086,0.01373,-5.00,0.00,0.00,35.1,125.61,634.58,267.30,DESCEND
7.1020,0.1594,-0.0063,0.1936,0.01218,-0.00013,0.01373,-5.00,0.00,0.00,35.2,125.61,634.59,267.26,DESCEND
7.1121,-0.1005,0.4136,-0.3863,-0.01281,-0.02713,0.01873,-5.00,0.00,0.00,35.2,125.61,634.59,267.20,DESCEND
7.1222,-0.0705,0.2836,-0.1963,0.01318,0.00386,0.01073,-5.00,0.00,0.00,35.3,125.61,634.59,267.16,DESCEND
7.1323,0.0894,-0.1463,0.2436,-0.01081,-0.01013,0.00873,-5.00,0.00,0.00,35.3,125.61,634.59,267.10,DESCEND
7.1424,-0.0505,0.2436,0.2036,0.01418,0.00986,0.00973,-5.00,0.00,0.00,35.4,125.61,634.59,267.06,DESCEND
7.1526,0.0594,0.2836,0.0136,0.00218,-0.00513,0.01173,-5.00,0.00,0.00,35.4,125.61,634.59,267.00,DESCEND
7.1627,-0.0505,0.3536,-0.1963,-0.00481,-0.01113,0.01073,-5.00,0.00,0.00,35.5,125.61,634.60,266.96,DESCEND
7.1728,-0.0505,0.3236,0.0536,-0.01381,-0.00513,0.01373,-5.00,0.00,0.00,35.5,125.61,634.60,266.90,DESCEND
7.1829,-0.1205,0.4236,-0.1763,-0.00081,-0.00213,0.01573,-5.00,0.00,0.00,35.6,125.61,634.60,266.86,DESCEND
7.1930,0.0294,0.1236,0.2836,-0.01081,-0.00013,0.00873,-5.00,0.00,0.00,35.6,125.61,634.60,266.80,DESCEND
7.2031,0.0694,0.3536,-0.2563,-0.00281,-0.01513,0.01873,-5.00,0.00,0.00,35.7,125.61,634.60,266.76,DESCEND
7.2132,-0.0205,0.3936,-0.2963,0.00218,-0.00913,0.01373,-5.00,0.00,0.00,35.7,125.61,634.61,266.70,DESCEND
7.2233,0.0294,0.0036,0.0136,0.00918,0.00286,0.01173,-5.00,0.00,0.00,35.8,125.61,634.61,266.66,DESCEND
7.2334,-0.1105,0.3236,-0.1063,-0.00681,-0.00313,0.01373,-5.00,0.00,0.00,35.8,125.61,634.61,266.60,DESCEND
7.2435,-0.1205,0.2936,-0.2763,-0.00481,-0.01213,0.01373,-5.00,0.00,0.00,35.9,125.61,634.61,266.56,DESCEND
7.2536,-0.1205,0.3336,-0.0663,-0.00481,-0.00313,0.01373,-5.00,0.00,0.00,35.9,125.61,634.61,266.50,DESCEND
7.2637,0.1194,-0.0763,-0.0063,0.00518,-0.00913,0.00773,-5.00,0.00,0.00,36.0,125.61,634.61,266.46,DESCEND
7.2738,0.1394,-0.0863,0.1836,0.01418,-0.00413,0.01273,-5.00,0.00,0.00,36.0,125.61,634.62,266.40,DESCEND
7.2839,0.0094,-0.2063,0.1636,0.00318,-0.00013,0.01073,-5.00,0.00,0.00,36.1,125.61,634.62,266.36,DESCEND
7.2940,0.0394,0.0736,-0.1263,-0.00481,-0.00813,0.01173,-5.00,0.00,0.00,36.1,125.61,634.62,266.30,DESCEND
7.3041,0.0494,0.2436,-0.0363,0.00918,0.00086,0.01573,-5.00,0.00,0.00,36.2,125.61,634.62,266.24,DESCEND
7.3142,-0.0905,-0.1463,0.4236,0.01218,0.00786,0.01373,-5.00,0.00,0.00,36.2,125.61,634.62,266.20,DESCEND
7.3243,0.1394,0.0336,0.1436,0.00718,-0.00413,0.01273,-5.00,0.00,0.00,36.3,125.61,634.63,266.14,DESCEND
7.3344,0.1394,-0.0363,-0.0463,0.01718,-0.00913,0.01173,-5.00,0.00,0.00,36.3,125.61,634.63,266.10,DESCEND
7.3444,0.0794,0.1336,-0.2163,0.00518,-0.01913,0.01073,-5.00,0.00,0.00,36.4,125.61,634.63,266.04,DESCEND
7.3546,0.2294,0.3236,-0.1763,0.01718,-0.01213,0.01273,-5.00,0.00,0.00,36.4,125.61,634.63,266.00,DESCEND
7.3647,0.1294,0.1936,0.0436,0.01318,-0.00013,0.01473,-5.00,0.00,0.00,36.5,125.61,634.63,265.94,DESCEND
7.3748,-0.0405,0.2036,-0.1263,0.00618,-0.00313,0.01373,-5.00,0.00,0.00,36.5,125.61,634.64,265.90,DESCEND
7.3849,-0.1005,0.2736,-0.0163,0.01118,0.00286,0.01173,-5.00,0.00,0.00,36.6,125.61,634.64,265.84,DESCEND
7.3950,-0.0905,0.1836,-0.1163,-0.01481,-0.00913,0.01373,-5.00,0.00,0.00,36.6,125.61,634.64,265.80,DESCEND
7.4051,0.0194,0.1136,0.2836,-0.00581,-0.00713,0.01273,-5.00,0.00,0.00,36.7,125.61,634.64,265.74,DESCEND
7.4152,0.0994,0.6636,-0.2463,0.00318,-0.01813,0.01773,-5.00,0.00,0.00,36.7,125.61,634.64,265.70,DESCEND
7.4253,0.0094,0.2036,0.0036,0.00018,-0.01613,0.01073,-5.00,0.00,0.00,36.8,125.61,634.65,265.64,DESCEND
7.4354,0.0194,0.1236,-0.2063,-0.00381,-0.00213,0.00973,-5.00,0.00,0.00,36.8,125.61,634.65,265.60,DESCEND
7.4455,0.0994,0.0736,-0.0163,0.00518,-0.00813,0.01173,-5.00,0.00,0.00,36.9,125.61,634.65,265.54,DESCEND
7.4556,0.0394,0.4736,-0.1363,0.00518,-0.01013,0.01273,-5.00,0.00,0.00,36.9,125.61,634.65,265.50,DESCEND
7.4657,-0.0805,0.2236,0.0436,0.00118,0.00386,0.01273,-5.00,0.00,0.00,37.0,125.61,634.65,265.44,DESCEND
7.4758,-0.0005,0.4336,-0.0863,-0.01081,-0.01613,0.01173,-5.00,0.00,0.00,37.0,125.61,634.65,265.40,DESCEND
7.4859,0.0694,0.5536,-0.4563,0.00418,-0.01913,0.01673,-5.00,0.00,0.00,37.1,125.61,634.66,265.34,DESCEND
7.4960,0.0594,-0.0063,0.0036,-0.00181,-0.01413,0.01473,-5.00,0.00,0.00,37.1,125.61,634.66,265.28,DESCEND
7.5061,-0.1305,0.2136,0.0636,-0.00281,-0.00113,0.01273,-5.00,0.00,0.00,37.2,125.61,634.66,265.24,DESCEND
7.5162,-0.1205,-0.0563,0.1536,-0.01081,-0.01013,0.01273,-5.00,0.00,0.00,37.2,125.61,634.66,265.18,DESCEND
7.5263,-0.1605,0.2636,-0.3563,-0.00381,-0.01013,0.01673,-5.00,0.00,0.00,37.3,125.61,634.66,265.14,DESCEND
7.5363,-0.0505,0.2036,0.2536,-0.00581,-0.01013,0.01173,-5.00,0.00,0.00,37.3,125.61,634.67,265.08,DESCEND
7.5464,0.0094,0.2236,-0.2563,0.00318,-0.01213,0.01173,-5.00,0.00,0.00,37.4,125.61,634.67,265.04,DESCEND
7.5565,-0.0305,0.4536,-0.3963,-0.01081,-0.01013,0.01573,-5.00,0.00,0.00,37.4,125.61,634.67,264.98,DESCEND
7.5666,-0.1605,0.0636,0.3636,-0.00281,0.00686,0.00973,-5.00,0.00,0.00,37.5,125.61,634.67,264.94,DESCEND
7.5767,0.1594,0.1136,0.1036,0.00118,-0.00913,0.00773,-5.00,0.00,0.00,37.5,125.61,634.67,264.88,DESCEND
7.5869,-0.0705,0.4736,-0.0763,0.00218,-0.00713,0.01773,-5.00,0.00,0.00,37.6,125.61,634.67,264.84,DESCEND
7.5970,0.0094,0.3236,0.0036,-0.00181,-0.00513,0.01373,-5.00,0.00,0.00,37.6,125.61,634.68,264.78,DESCEND
7.6071,-0.0105,0.4836,-0.2963,-0.00181,-0.01813,0.01473,-5.00,0.00,0.00,37.7,125.61,634.68,264.74,DESCEND
7.6172,-0.2205,0.4136,-0.1863,-0.00981,-0.00713,0.01373,-5.00,0.00,0.00,37.7,125.61,634.68,264.68,DESCEND
7.6272,-0.0905,0.1336,-0.0063,-0.02681,-0.02213,0.01173,-5.00,0.00,0.00,37.8,125.61,634.68,264.64,DESCEND
7.6373,0.1094,0.3136,-0.2663,-0.00581,-0.02213,0.01373,-5.00,0.00,0.00,37.8,125.61,634.68,264.58,DESCEND
7.6474,-0.0205,0.3436,-0.2363,0.01218,-0.00613,0.01273,-5.00,0.00,0.00,37.9,125.61,634.69,264.54,DESCEND
7.6576,0.0294,0.0536,0.1736,0.00318,-0.00513,0.01173,-5.00,0.00,0.00,37.9,125.61,634.69,264.48,DESCEND
7.6677,0.1394,0.1836,0.0636,0.00718,-0.00913,0.01273,-5.00,0.00,0.00,38.0,125.61,634.69,264.44,DESCEND
7.6778,0.1594,-0.2163,0.4136,0.00418,-0.00313,0.00773,-5.00,0.00,0.00,38.0,125.61,634.69,264.38,DESCEND
7.6879,0.0794,0.5536,-0.3563,-0.00581,-0.01613,0.01473,-5.00,0.00,0.00,38.1,125.61,634.69,264.32,DESCEND
7.6980,-0.0405,0.0936,0.1136,0.00718,0.00286,0.01173,-5.00,0.00,0.00,38.1,125.61,634.70,264.28,DESCEND
7.7081,0.1094,0.2736,-0.3463,-0.00181,-0.01913,0.01373,-5.00,0.00,0.00,38.2,125.61,634.70,264.22,DESCEND
7.7182,0.1194,0.0636,0.1536,-0.00581,-0.00513,0.00973,-5.00,0.00,0.00,38.2,125.61,634.70,264.18,DESCEND
7.7283,-0.0505,-0.1463,-0.0063,-0.00681,-0.01413,0.01073,-5.00,0.00,0.00,38.3,125.61,634.70,264.12,DESCEND
7.7384,0.1694,0.5336,-0.4363,-0.01681,-0.02713,0.01473,-5.00,0.00,0.00,38.3,125.61,634.70,264.08,DESCEND
7.7484,0.0494,0.1236,-0.0063,0.01718,0.00086,0.01273,-5.00,0.00,0.00,38.4,125.61,634.71,264.02,DESCEND
7.7585,0.0694,0.1236,0.0036,0.00218,-0.00613,0.01373,-5.00,0.00,0.00,38.4,125.62,634.71,263.98,DESCEND
7.7687,-0.0005,0.1336,-0.1863,0.00718,-0.00413,0.01273,-5.00,0.00,0.00,38.5,125.62,634.71,263.92,DESCEND
7.7787,0.0994,0.3836,-0.3163,0.00318,-0.00413,0.00973,-5.00,0.00,0.00,38.5,125.62,634.71,263.88,DESCEND
7.7888,-0.0405,0.1536,0.0936,-0.01281,-0.00613,0.01173,-5.00,0.00,0.00,38.6,125.62,634.71,263.82,DESCEND
7.7989,0.1694,0.2036,-0.0763,0.00518,-0.01113,0.01373,-5.00,0.00,0.00,38.6,125.62,634.71,263.78,DESCEND
7.8091,-0.0705,0.3836,-0.3563,0.00618,-0.00713,0.01773,-5.00,0.00,0.00,38.7,125.62,634.72,263.72,DESCEND
7.8191,-0.0405,0.0036,-0.0063,-0.00581,-0.00913,0.01373,-5.00,0.00,0.00,38.7,125.62,634.72,263.68,DESCEND
7.8292,0.0094,0.2636,0.0836,-0.00781,-0.01213,0.01173,-5.00,0.00,0.00,38.8,125.62,634.72,263.62,DESCEND
7.8394,0.0394,0.5236,-0.5463,0.00518,-0.01713,0.01673,-5.00,0.00,0.00,38.8,125.62,634.72,263.58,DESCEND
7.8495,0.0494,0.0336,-0.0863,-0.00881,-0.01813,0.01173,-5.00,0.00,0.00,38.9,125.62,634.72,263.52,DESCEND
7.8596,0.0894,0.0736,0.1436,0.00618,-0.00013,0.01273,-5.00,0.00,0.00,38.9,125.62,634.72,263.48,DESCEND
7.8697,0.1294,0.3236,-0.0263,0.00518,-0.00713,0.01073,-5.00,0.00,0.00,39.0,125.62,634.73,263.42,DESCEND
7.8798,0.0994,0.2136,-0.0763,-0.00781,-0.02513,0.01473,-5.00,0.00,0.00,39.0,125.62,634.73,263.38,DESCEND
7.8899,-0.2005,0.4236,0.0636,0.00218,-0.00013,0.01473,-5.00,0.00,0.00,39.1,125.62,634.73,263.32,DESCEND
7.9000,0.1194,0.2236,-0.1563,0.01418,-0.00613,0.01473,-5.00,0.00,0.00,39.1,125.62,634.73,263.28,DESCEND
7.9100,-0.1105,0.4436,-0.1063,-0.00581,-0.00913,0.01773,-5.00,0.00,0.00,39.2,125.62,634.73,263.22,DESCEND
7.9202,0.0894,0.2736,-0.0463,0.00618,-0.00413,0.01173,-5.00,0.00,0.00,39.3,125.62,634.74,263.16,DESCEND
7.9303,0.0594,0.0336,0.0836,-0.00781,-0.02113,0.01173,-5.00,0.00,0.00,39.3,125.62,634.74,263.12,DESCEND
7.9404,-0.0505,0.1136,-0.0363,-0.00281,-0.00713,0.01173,-5.00,0.00,0.00,39.4,125.62,634.74,263.06,DESCEND
7.9505,-0.0405,0.5236,-0.3363,0.00018,-0.01413,0.01273,-5.00,0.00,0.00,39.4,125.62,634.74,263.02,DESCEND
7.9606,0.0394,0.1936,-0.3463,0.01018,-0.00713,0.01473,-5.00,0.00,0.00,39.5,125.62,634.74,262.96,DESCEND
7.9707,0.1194,0.1836,0.0736,0.00918,-0.00513,0.01173,-5.00,0.00,0.00,39.5,125.62,634.75,262.92,DESCEND
7.9808,0.0794,0.1736,0.1136,-0.00381,-0.00813,0.01173,-5.00,0.00,0.00,39.6,125.62,634.75,262.86,DESCEND
7.9909,0.1294,0.0736,-0.2463,0.00718,-0.01013,0.01273,-5.00,0.00,0.00,39.6,125.62,634.75,262.82,DESCEND
8.0010,0.0694,-0.1363,0.2936,0.00718,0.00486,0.01173,-5.00,0.00,0.00,39.7,125.62,634.75,262.76,DESCEND
8.0111,0.2194,0.2236,0.0036,0.00918,-0.00613,0.00973,-5.00,0.00,0.00,39.7,125.62,634.75,262.72,DESCEND
8.0212,0.1494,0.1336,-0.0963,0.00918,-0.01613,0.01073,-5.00,0.00,0.00,39.8,125.62,634.76,262.66,DESCEND
8.0313,0.0094,0.1036,-0.2263,-0.00281,-0.01513,0.01473,-5.00,0.00,0.00,39.8,125.62,634.76,262.62,DESCEND
8.0414,0.0794,0.1236,-0.0863,0.01018,-0.00313,0.01073,-5.00,0.00,0.00,39.9,125.62,634.76,262.56,DESCEND
8.0515,0.0394,-0.0563,0.1536,0.00218,-0.00613,0.01073,-5.00,0.00,0.00,39.9,125.62,634.76,262.52,DESCEND
8.0616,-0.1105,0.4136,0.1436,-0.00581,-0.00613,0.01573,-5.00,0.00,0.00,40.0,125.62,634.76,262.46,DESCEND
8.0717,0.2894,0.2536,0.2436,0.02418,-0.00113,0.01073,-5.00,0.00,0.00,40.0,125.62,634.76,262.42,DESCEND
8.0818,-0.0305,0.1436,0.0636,0.01218,0.00386,0.01573,-5.00,0.00,0.00,40.1,125.62,634.77,262.36,DESCEND
8.0919,0.1094,0.1736,-0.0763,-0.00381,-0.01013,0.01173,-5.00,0.00,0.00,40.1,125.62,634.77,262.30,DESCEND
8.1020,0.1394,0.3536,0.1536,0.01018,-0.00413,0.01473,-5.00,0.00,0.00,40.2,125.62,634.77,262.26,DESCEND
8.1121,0.0694,0.1336,0.0436,0.00718,-0.01113,0.01373,-5.00,0.00,0.00,40.2,125.62,634.77,262.20,DESCEND
8.1222,-0.1205,0.1236,-0.0963,-0.01381,-0.01213,0.00873,-5.00,0.00,0.00,40.3,125.62,634.77,262.16,DESCEND
8.1323,-0.1105,0.4036,0.0936,-0.00381,-0.00713,0.01173,-5.00,0.00,0.00,40.3,125.62,634.78,262.10,DESCEND
8.1424,0.0594,-0.1063,0.3736,0.00118,-0.00113,0.00973,-5.00,0.00,0.00,40.4,125.62,634.78,262.06,DESCEND
8.1524,0.0294,0.0636,0.2236,-0.00081,-0.01013,0.00873,-5.00,0.00,0.00,40.4,125.62,634.78,262.00,DESCEND
8.1625,-0.0705,0.2936,-0.1363,0.00618,0.00386,0.01273,-5.00,0.00,0.00,40.5,125.62,634.78,261.96,DESCEND
8.1727,-0.0105,0.4236,-0.3563,-0.00181,-0.01013,0.01373,-5.00,0.00,0.00,40.5,125.62,634.78,261.90,DESCEND
8.1828,-0.0405,0.2636,0.1336,0.00418,-0.00413,0.01173,-5.00,0.00,0.00,40.6,125.62,634.78,261.86,DESCEND
8.1928,0.1394,0.0936,-0.2363,0.00018,-0.02213,0.01373,-5.00,0.00,0.00,40.6,125.62,634.79,261.80,DESCEND
8.2029,-0.0005,0.0536,0.1236,0.01918,0.00486,0.00973,-5.00,0.00,0.00,40.7,125.62,634.79,261.76,DESCEND
8.2130,0.0394,0.0736,0.0536,-0.00281,-0.00713,0.01173,-5.00,0.00,0.00,40.7,125.62,634.79,261.70,DESCEND
8.2231,0.1194,0.1836,0.1136,-0.00381,-0.00413,0.01073,-5.00,0.00,0.00,40.8,125.62,634.79,261.66,DESCEND
8.2332,0.0694,0.0436,0.0936,0.01918,0.00186,0.01473,-5.00,0.00,0.00,40.8,125.62,634.79,261.60,DESCEND
8.2433,0.1894,0.1836,-0.0963,0.01418,-0.01313,0.01473,-5.00,0.00,0.00,40.9,125.62,634.80,261.56,DESCEND
8.2534,-0.0705,0.7136,-0.4663,0.00718,-0.00713,0.01573,-5.00,0.00,0.00,40.9,125.62,634.80,261.50,DESCEND
8.2635,0.0994,-0.1463,0.2436,0.00918,-0.00013,0.01273,-5.00,0.00,0.00,41.0,125.62,634.80,261.46,DESCEND
8.2736,-0.1305,0.3236,0.2536,-0.01181,-0.00213,0.01473,-5.00,0.00,0.00,41.0,125.62,634.80,261.40,DESCEND
8.2837,0.0994,0.2536,-0.0963,0.00518,-0.00513,0.01373,-5.00,0.00,0.00,41.1,125.62,634.80,261.36,DESCEND
8.2938,-0.0305,0.2236,-0.1663,0.00018,-0.00713,0.01373,-5.00,0.00,0.00,41.1,125.62,634.81,261.30,DESCEND
8.3039,-0.1005,0.3236,0.1036,0.01018,0.00686,0.01573,-5.00,0.00,0.00,41.2,125.62,634.81,261.24,DESCEND
8.3140,0.2694,0.0736,-0.0563,-0.00081,-0.00913,0.01073,-5.00,0.00,0.00,41.2,125.62,634.81,261.20,DESCEND
8.3241,0.1294,0.3736,-0.2663,0.01118,-0.00813,0.01773,-5.00,0.00,0.00,41.3,125.62,634.81,261.14,DESCEND
8.3342,-0.2005,0.2736,-0.0163,-0.00181,-0.01813,0.01473,-5.00,0.00,0.00,41.3,125.62,634.81,261.10,DESCEND
8.3443,-0.1405,0.3936,-0.0763,-0.00681,-0.00813,0.01473,-5.00,0.00,0.00,41.4,125.62,634.82,261.04,DESCEND
8.3544,0.0494,0.1036,-0.0263,0.01018,0.00086,0.01373,-5.00,0.00,0.00,41.4,125.62,634.82,261.00,DESCEND
8.3646,0.0494,0.2136,0.1036,-0.00981,0.00486,0.01073,-5.00,0.00,0.00,41.5,125.62,634.82,260.94,DESCEND
8.3747,-0.0705,-0.0863,0.1536,0.00118,0.02186,0.00573,-5.00,0.00,0.00,41.5,125.62,634.82,260.90,DESCEND
8.3848,0.0194,0.3936,-0.1463,-0.02181,0.00186,0.01073,-5.00,0.00,0.00,41.6,125.62,634.82,260.84,DESCEND
8.3949,0.3494,0.1836,-0.2363,0.01518,0.01386,0.01073,-5.00,0.00,0.00,41.6,125.62,634.82,260.80,DESCEND
8.4050,0.1994,0.0836,0.2236,0.00018,0.02386,0.00373,-5.00,0.00,0.00,41.7,125.62,634.83,260.74,DESCEND
8.4151,0.0894,0.2136,0.2836,0.01018,0.03586,0.00873,-5.00,0.00,0.00,41.7,125.62,634.83,260.70,DESCEND
8.4251,0.3994,0.1736,0.1036,0.01018,0.02986,0.00073,-5.00,0.00,0.00,41.8,125.62,634.83,260.64,DESCEND
8.4354,0.4294,-0.1963,0.2036,0.01418,0.03786,-0.00126,-5.00,0.00,0.00,41.8,125.62,634.83,260.60,DESCEND
8.4455,0.2794,0.2036,-0.0363,0.01218,0.04686,0.00273,-5.00,0.00,0.00,41.9,125.62,634.83,260.54,DESCEND
8.4556,0.3394,0.0736,-0.0663,-0.00081,0.02686,0.00273,-5.00,0.00,0.00,41.9,125.62,634.84,260.50,DESCEND
8.4657,0.3494,-0.0563,0.2036,0.00818,0.04586,-0.00126,-5.00,0.00,0.00,42.0,125.63,634.84,260.44,DESCEND
8.4758,0.4094,0.2936,0.1136,0.01218,0.03686,0.00373,-5.00,0.00,0.00,42.0,125.63,634.84,260.40,DESCEND
8.4859,0.4494,0.1336,0.1536,0.00118,0.03886,0.00373,-5.00,0.00,0.00,42.1,125.63,634.84,260.34,DESCEND
8.4960,0.1994,0.6336,-0.1063,-0.01681,0.04286,0.00373,-5.00,0.00,0.00,42.1,125.63,634.84,260.28,DESCEND
8.5061,0.4094,0.0836,-0.1663,-0.00081,0.04086,0.00173,-5.00,0.00,0.00,42.2,125.63,634.84,260.24,DESCEND
8.5161,0.3894,-0.0763,0.2036,0.02118,0.05786,-0.00326,-5.00,0.00,0.00,42.2,125.63,634.85,260.18,DESCEND
8.5262,0.3694,0.0236,0.2036,-0.00081,0.05286,0.00073,-5.00,0.00,0.00,42.3,125.63,634.85,260.14,DESCEND
8.5363,0.4194,0.0136,0.0836,0.00718,0.05986,-0.00526,-5.00,0.00,0.00,42.3,125.63,634.85,260.08,DESCEND
8.5464,0.5394,0.0436,0.1936,-0.00281,0.05686,-0.00626,-5.00,0.00,0.00,42.4,125.63,634.85,260.04,DESCEND
8.5565,0.5994,0.4236,0.0636,-0.00781,0.05386,0.00073,-5.00,0.00,0.00,42.4,125.63,634.85,259.98,DESCEND
8.5666,0.3694,-0.0563,0.3236,0.01518,0.06886,-0.00626,-5.00,0.00,0.00,42.5,125.63,634.86,259.94,DESCEND
8.5767,0.4594,0.1336,0.0336,0.00518,0.06186,-0.00726,-5.00,0.00,0.00,42.5,125.63,634.86,259.88,DESCEND
8.5868,0.3994,0.1636,0.1936,0.00818,0.07486,-0.00226,-5.00,0.00,0.00,42.6,125.63,634.86,259.85,DESCEND
8.5969,0.4094,-0.0063,0.4936,-0.00581,0.07886,-0.00426,-5.00,0.00,0.00,42.6,125.63,634.86,259.79,DESCEND
8.6070,0.4794,0.1836,0.3436,-0.00381,0.07186,-0.00426,-5.00,0.00,0.00,42.7,125.63,634.86,259.75,DESCEND
8.6171,0.4494,0.1236,0.1136,0.01418,0.07586,-0.00426,-5.00,0.00,0.00,42.7,125.63,634.87,259.69,DESCEND
8.6272,0.5694,0.3036,-0.0663,0.00518,0.07286,-0.00426,-5.00,0.00,0.00,42.8,125.63,634.87,259.65,DESCEND
8.6373,0.6194,0.2536,0.0536,-0.00081,0.07486,-0.00626,-5.00,0.00,0.00,42.8,125.63,634.87,259.59,DESCEND
8.6473,0.6394,0.2036,0.2036,-0.00881,0.07686,-0.00826,-5.00,0.00,0.00,42.9,125.63,634.87,259.55,DESCEND
8.6575,0.5594,0.2036,0.1836,-0.00281,0.08486,-0.00526,-5.00,0.00,0.00,42.9,125.63,634.87,259.49,DESCEND
8.6675,0.7394,0.2636,-0.0263,0.01518,0.07886,-0.00426,-5.00,0.00,0.00,43.0,125.63,634.87,259.45,DESCEND
8.6777,0.6594,0.1736,0.1036,0.00418,0.08486,-0.00626,-5.00,0.00,0.00,43.0,125.63,634.88,259.39,DESCEND
8.6878,0.6194,0.5036,0.0336,0.01118,0.09286,-0.00626,-5.00,0.00,0.00,43.1,125.63,634.88,259.35,DESCEND
8.6979,0.4894,-0.0463,0.2136,-0.00081,0.09186,-0.00626,-5.00,0.00,0.00,43.1,125.63,634.88,259.29,DESCEND
8.7080,0.5894,0.2236,0.2636,-0.00681,0.09586,-0.01026,-5.00,0.00,0.00,43.2,125.63,634.88,259.23,DESCEND
8.7181,0.4194,0.1736,0.1036,0.00418,0.09986,-0.00926,-5.00,0.00,0.00,43.2,125.63,634.88,259.19,DESCEND
8.7281,0.7194,0.2536,0.1536,-0.00281,0.09386,-0.01026,-5.00,0.00,0.00,43.3,125.63,634.89,259.13,DESCEND
8.7383,0.6494,0.1636,-0.0863,-0.00881,0.09486,-0.01026,-5.00,0.00,0.00,43.3,125.63,634.89,259.09,DESCEND
8.7483,0.7294,-0.0563,0.4236,-0.00781,0.09986,-0.01426,-5.00,0.00,0.00,43.4,125.63,634.89,259.03,DESCEND
8.7584,0.6194,0.3836,-0.0363,-0.00481,0.09186,-0.01226,-5.00,0.00,0.00,43.4,125.63,634.89,258.99,DESCEND
8.7685,0.6294,0.3836,-0.2663,0.00218,0.10186,-0.01226,-5.00,0.00,0.00,43.5,125.63,634.89,258.93,DESCEND
8.7787,0.6394,0.4136,-0.1863,-0.01881,0.08986,-0.01126,-5.00,0.00,0.00,43.5,125.63,634.90,258.89,DESCEND
8.7887,0.9094,0.2436,-0.0863,0.00118,0.09486,-0.01126,-5.00,0.00,0.00,43.6,125.63,634.90,258.83,DESCEND
8.7989,0.7794,0.4736,-0.0563,-0.00281,0.10986,-0.01026,-5.00,0.00,0.00,43.6,125.63,634.90,258.79,DESCEND
8.8090,0.5894,0.1536,0.0136,0.00818,0.11686,-0.01426,-5.00,0.00,0.00,43.7,125.63,634.90,258.73,DESCEND
8.8191,0.7294,-0.0763,0.3836,0.00818,0.11886,-0.01426,-5.00,0.00,0.00,43.7,125.63,634.90,258.69,DESCEND
8.8291,0.7394,0.1736,0.1636,0.01518,0.12086,-0.01126,-5.00,0.00,0.00,43.8,125.63,634.90,258.63,DESCEND
8.8393,0.8594,-0.1163,0.2936,0.01918,0.12386,-0.01426,-5.00,0.00,0.00,43.8,125.63,634.91,258.59,DESCEND
8.8494,0.9894,-0.0863,0.6036,0.01718,0.13186,-0.01826,-5.00,0.00,0.00,43.9,125.63,634.91,258.53,DESCEND
8.8594,0.7294,0.0736,-0.0463,-0.00881,0.10486,-0.01326,-5.00,0.00,0.00,43.9,125.63,634.91,258.49,DESCEND
8.8695,0.8494,0.2036,0.2136,0.00818,0.12286,-0.01426,-5.00,0.00,0.00,44.0,125.63,634.91,258.43,DESCEND
8.8796,0.8494,0.1436,0.3836,0.01518,0.13286,-0.01326,-5.00,0.00,0.00,44.0,125.63,634.91,258.39,DESCEND
8.8897,0.8594,0.0836,0.5136,0.00818,0.12086,-0.01426,-5.00,0.00,0.00,44.1,125.63,634.92,258.33,DESCEND
8.8998,0.7694,0.3636,0.3036,-0.00881,0.12586,-0.01426,-5.00,0.00,0.00,44.1,125.63,634.92,258.29,DESCEND
8.9099,0.9094,0.3136,-0.1363,0.02218,0.12586,-0.01326,-5.00,0.00,0.00,44.2,125.63,634.92,258.23,DESCEND
8.9200,0.8494,0.3136,0.0536,0.01418,0.13386,-0.01326,-5.00,0.00,0.00,44.3,125.63,634.92,258.17,DESCEND
8.9301,0.8194,0.3636,0.2236,0.00318,0.13586,-0.01426,-5.00,0.00,0.00,44.3,125.63,634.92,258.13,DESCEND
8.9402,0.8494,0.3336,0.2336,-0.00181,0.12486,-0.01526,-5.00,0.00,0.00,44.4,125.63,634.93,258.07,DESCEND
8.9503,0.8894,0.3336,0.3536,0.01718,0.14386,-0.01426,-5.00,0.00,0.00,44.4,125.63,634.93,258.03,DESCEND
8.9604,0.8894,0.1136,0.3136,0.00818,0.12886,-0.01626,-5.00,0.00,0.00,44.5,125.63,634.93,257.97,DESCEND
8.9705,1.1294,0.1436,0.2636,0.02718,0.13086,-0.01926,-5.00,0.00,0.00,44.5,125.63,634.93,257.93,DESCEND
8.9806,0.9794,0.3036,0.0236,0.00718,0.13186,-0.01726,-5.00,0.00,0.00,44.6,125.63,634.93,257.87,DESCEND
8.9907,0.9494,0.4136,0.2636,0.01418,0.13786,-0.01626,-5.00,0.00,0.00,44.6,125.63,634.93,257.83,DESCEND
9.0008,0.6494,0.0636,0.5236,-0.00181,0.14386,-0.01426,-5.00,0.00,0.00,44.7,125.63,634.94,257.77,DESCEND
9.0109,0.9094,0.5736,-0.1863,0.01318,0.13786,-0.01426,-5.00,0.00,0.00,44.7,125.63,634.94,257.73,DESCEND
9.0211,0.9394,0.2236,0.1036,0.00518,0.15186,-0.02226,-5.00,0.00,0.00,44.8,125.63,634.94,257.67,SEARCH_Y
9.0312,0.9594,0.2536,0.2136,0.00618,0.15986,-0.02426,0.00,-3.00,0.00,44.8,125.63,634.94,257.63,SEARCH_Y
9.0413,0.8394,0.4836,-0.1163,0.00018,0.15886,-0.02226,0.00,-3.00,0.00,44.9,125.63,634.94,257.57,SEARCH_Y
9.0514,1.0694,0.0536,0.4236,0.00118,0.16286,-0.02826,0.00,-3.00,0.00,44.9,125.63,634.95,257.53,SEARCH_Y
9.0615,1.1194,0.1136,0.2636,0.00318,0.17186,-0.02926,0.00,-3.00,0.00,44.9,125.63,634.95,257.48,SEARCH_Y
9.0717,1.3194,0.1436,0.1736,0.03118,0.17486,-0.03126,0.00,-3.00,0.00,45.0,125.62,634.95,257.45,SEARCH_Y
9.0817,1.2194,-0.0263,0.2836,-0.00081,0.17486,-0.03426,0.00,-3.00,0.00,45.0,125.61,634.95,257.40,SEARCH_Y
9.0918,1.1094,0.2036,-0.0363,0.01518,0.18486,-0.03526,0.00,-3.00,0.00,45.0,125.60,634.95,257.38,SEARCH_Y
9.1020,1.3394,-0.1463,0.1036,0.02018,0.18786,-0.03526,0.00,-3.00,0.00,45.1,125.59,634.95,257.34,SEARCH_Y
9.1121,1.1094,0.0636,0.1136,-0.01081,0.18786,-0.03726,0.00,-3.00,0.00,45.1,125.58,634.95,257.32,SEARCH_Y
9.1222,1.2594,0.2536,0.1336,-0.00181,0.18786,-0.03926,0.00,-3.00,0.00,45.1,125.56,634.95,257.29,SEARCH_Y
9.1323,1.1394,0.2636,0.1936,-0.00281,0.19386,-0.03926,0.00,-3.00,0.00,45.2,125.54,634.95,257.26,SEARCH_Y
9.1424,1.1494,0.2636,0.3736,0.00718,0.20986,-0.04026,0.00,-3.00,0.00,45.2,125.52,634.95,257.25,SEARCH_Y
9.1524,1.3994,0.2936,-0.0263,0.00418,0.19386,-0.04026,0.00,-3.00,0.00,45.2,125.50,634.95,257.23,SEARCH_Y
9.1626,1.2394,0.3536,0.2336,0.00818,0.20686,-0.03926,0.00,-3.00,0.00,45.2,125.48,634.95,257.22,SEARCH_Y
9.1727,1.3194,0.2236,0.1636,0.01118,0.20286,-0.04026,0.00,-3.00,0.00,45.2,125.45,634.95,257.22,SEARCH_Y
9.1828,1.3494,0.3636,0.2036,0.00918,0.19986,-0.04026,0.00,-3.00,0.00,45.2,125.43,634.95,257.21,SEARCH_Y
9.1929,1.2794,0.1636,0.0536,0.01918,0.21086,-0.04026,0.00,-3.00,0.00,45.2,125.39,634.95,257.21,SEARCH_Y
9.2030,1.1194,0.3236,0.0536,0.01118,0.20886,-0.04026,0.00,-3.00,0.00,45.2,125.37,634.95,257.21,SEARCH_Y
9.2131,1.3394,0.2636,0.2736,0.00618,0.20786,-0.04026,0.00,-3.00,0.00,45.2,125.33,634.95,257.21,SEARCH_Y
9.2231,1.4494,0.3836,0.2036,0.03318,0.21886,-0.04226,0.00,-3.00,0.00,45.2,125.31,634.95,257.21,SEARCH_Y
9.2333,1.3094,0.0236,0.2536,0.02118,0.21186,-0.04126,0.00,-3.00,0.00,45.2,125.27,634.95,257.21,SEARCH_Y
9.2433,1.0794,0.6136,0.2036,0.01918,0.21586,-0.03626,0.00,-3.00,0.00,45.2,125.25,634.95,257.21,SEARCH_Y
9.2534,1.4394,-0.2463,0.8036,0.03918,0.21486,-0.04726,0.00,-3.00,0.00,45.2,125.21,634.94,257.21,SEARCH_Y
9.2635,1.2294,0.1736,0.3236,0.02818,0.21686,-0.04026,0.00,-3.00,0.00,45.2,125.19,634.94,257.21,SEARCH_Y
9.2736,1.3694,0.3836,0.2036,0.02518,0.21586,-0.03826,0.00,-3.00,0.00,45.2,125.15,634.94,257.21,SEARCH_Y
9.2837,1.3794,0.2736,0.1536,0.00318,0.20186,-0.04026,0.00,-3.00,0.00,45.2,125.11,634.94,257.21,SEARCH_Y
9.2938,1.3994,0.4436,0.1136,0.02118,0.20786,-0.04226,0.00,-3.00,0.00,45.2,125.09,634.94,257.21,SEARCH_Y
9.3039,1.2794,0.5836,0.1836,-0.01281,0.19986,-0.03726,0.00,-3.00,0.00,45.2,125.07,634.94,257.21,SEARCH_Y
9.3140,1.5494,0.1336,0.6436,0.01718,0.21986,-0.04326,0.00,-3.00,0.00,45.2,125.03,634.94,257.21,SEARCH_Y
9.3241,1.1694,0.0536,0.4736,-0.00381,0.21586,-0.04626,0.00,-3.00,0.00,45.2,124.99,634.94,257.21,SEARCH_Y
9.3342,1.3594,-0.0163,0.1836,-0.00281,0.20186,-0.04526,0.00,-3.00,0.00,45.2,124.97,634.94,257.21,SEARCH_Y
9.3443,1.3594,0.2836,0.2136,0.03018,0.22486,-0.04226,0.00,-3.00,0.00,45.2,124.93,634.94,257.21,SEARCH_Y
9.3544,1.4394,0.2936,0.0336,-0.00481,0.19386,-0.04126,0.00,-3.00,0.00,45.2,124.91,634.94,257.21,SEARCH_Y
9.3645,1.2594,0.5436,0.0736,-0.01381,0.20086,-0.04026,0.00,-3.00,0.00,45.2,124.87,634.93,257.21,SEARCH_Y
9.3746,1.2094,0.2936,0.1736,-0.02681,0.20486,-0.04026,0.00,-3.00,0.00,45.2,124.85,634.93,257.21,SEARCH_Y
9.3847,1.2894,0.5436,0.1736,-0.01381,0.20686,-0.04726,0.00,-3.00,0.00,45.2,124.81,634.93,257.21,SEARCH_Y
9.3948,1.1594,0.7336,-0.0763,-0.01981,0.20286,-0.04026,0.00,-3.00,0.00,45.2,124.79,634.93,257.21,SEARCH_Y
9.4049,1.3794,0.5036,-0.0963,0.00618,0.21186,-0.04426,0.00,-3.00,0.00,45.2,124.75,634.93,257.21,SEARCH_Y
9.4150,1.1094,0.0936,0.1436,0.00418,0.22286,-0.04126,0.00,-3.00,0.00,45.2,124.73,634.93,257.21,SEARCH_Y
9.4251,1.5794,0.1436,0.4136,0.00518,0.21786,-0.04626,0.00,-3.00,0.00,45.2,124.69,634.93,257.21,SEARCH_Y
9.4352,1.2394,0.2736,0.3236,0.00018,0.21886,-0.04526,0.00,-3.00,0.00,45.2,124.67,634.93,257.21,SEARCH_Y
9.4453,1.3394,0.0836,0.3036,-0.00381,0.21586,-0.04626,0.00,-3.00,0.00,45.2,124.63,634.93,257.21,SEARCH_Y
9.4555,1.4494,0.2336,0.1236,-0.00781,0.20786,-0.05026,0.00,-3.00,0.00,45.2,124.61,634.93,257.21,SEARCH_Y
9.4656,1.2994,0.1736,0.0336,0.00018,0.21886,-0.04726,0.00,-3.00,0.00,45.2,124.57,634.93,257.21,SEARCH_Y
9.4757,1.2794,0.7636,-0.0663,0.00218,0.21886,-0.04226,0.00,-3.00,0.00,45.2,124.55,634.93,257.21,SEARCH_Y
9.4857,1.5194,0.4236,0.2736,-0.00281,0.21186,-0.04426,0.00,-3.00,0.00,45.2,124.51,634.92,257.21,SEARCH_Y
9.4958,1.2194,0.2536,0.4036,-0.01381,0.20986,-0.04626,0.00,-3.00,0.00,45.2,124.49,634.92,257.21,SEARCH_Y
9.5059,1.3294,0.3436,0.1436,0.00118,0.22286,-0.04226,0.00,-3.00,0.00,45.2,124.45,634.92,257.21,SEARCH_Y
9.5160,1.5794,0.5636,0.0036,0.00718,0.21286,-0.04326,0.00,-3.00,0.00,45.2,124.42,634.92,257.21,SEARCH_Y
9.5261,1.1394,0.6536,-0.0463,-0.00081,0.21986,-0.04326,0.00,-3.00,0.00,45.2,124.39,634.92,257.20,SEARCH_Y
9.5362,1.2794,0.4636,0.2136,-0.00481,0.21386,-0.04526,0.00,-3.00,0.00,45.2,124.36,634.92,257.20,SEARCH_Y
9.5463,1.3294,0.5636,-0.0163,-0.01581,0.20286,-0.04426,0.00,-3.00,0.00,45.2,124.33,634.92,257.20,SEARCH_Y
9.5564,1.3194,0.4836,0.0236,-0.00981,0.20586,-0.04326,0.00,-3.00,0.00,45.2,124.30,634.92,257.20,SEARCH_Y
9.5665,1.3594,0.3536,0.2836,0.01318,0.21786,-0.04426,0.00,-3.00,0.00,45.2,124.27,634.92,257.20,SEARCH_Y
9.5766,1.2194,0.3236,0.3636,-0.01681,0.20986,-0.04526,0.00,-3.00,0.00,45.2,124.24,634.92,257.20,SEARCH_Y
9.5867,1.6094,0.5736,-0.1563,0.00418,0.20086,-0.04726,0.00,-3.00,0.00,45.2,124.21,634.92,257.20,SEARCH_Y
9.5968,1.1694,0.6236,0.0236,-0.02981,0.19786,-0.03926,0.00,-3.00,0.00,45.2,124.18,634.91,257.20,SEARCH_Y
9.6069,1.3394,0.2536,0.2036,-0.00481,0.20286,-0.04426,0.00,-3.00,0.00,45.2,124.15,634.91,257.20,SEARCH_Y
9.6170,1.1894,0.2836,-0.0763,-0.00181,0.20886,-0.04126,0.00,-3.00,0.00,45.2,124.12,634.91,257.20,SEARCH_Y
9.6271,1.1694,0.0336,0.6936,-0.03081,0.20086,-0.04326,0.00,-3.00,0.00,45.2,124.09,634.91,257.20,SEARCH_Y
9.6372,1.0594,0.4536,0.2436,-0.00281,0.21486,-0.03926,0.00,-3.00,0.00,45.2,124.06,634.91,257.20,SEARCH_Y
9.6472,0.9794,0.1036,0.3036,-0.01581,0.20586,-0.04126,0.00,-3.00,0.00,45.2,124.03,634.91,257.20,SEARCH_Y
9.6573,1.3094,0.5836,-0.0063,0.01018,0.20986,-0.03826,0.00,-3.00,0.00,45.2,124.00,634.91,257.20,SEARCH_Y
9.6675,1.4094,0.3336,-0.0163,0.00918,0.19886,-0.04226,0.00,-3.00,0.00,45.2,123.97,634.91,257.20,SEARCH_Y
9.6776,1.3194,0.3536,0.0736,0.00718,0.20486,-0.04026,0.00,-3.00,0.00,45.2,123.93,634.91,257.20,SEARCH_Y
9.6877,1.3294,0.5136,0.3336,-0.01281,0.20186,-0.04026,0.00,-3.00,0.00,45.2,123.91,634.91,257.20,SEARCH_Y
9.6978,1.1494,0.3536,0.4036,-0.01381,0.20586,-0.03826,0.00,-3.00,0.00,45.3,123.87,634.91,257.20,SEARCH_Y
9.7079,1.4394,0.1236,0.3536,0.01218,0.21486,-0.04626,0.00,-3.00,0.00,45.3,123.84,634.90,257.20,SEARCH_Y
9.7180,1.3494,0.2336,-0.2763,-0.00281,0.18686,-0.03826,0.00,-3.00,0.00,45.3,123.81,634.90,257.20,SEARCH_Y
9.7281,1.0494,0.4136,0.0036,-0.00881,0.19886,-0.04226,0.00,-3.00,0.00,45.3,123.78,634.90,257.20,SEARCH_Y
9.7382,1.2494,0.3136,0.4936,0.00118,0.21186,-0.04226,0.00,-3.00,0.00,45.3,123.75,634.90,257.20,SEARCH_Y
9.7483,1.2994,0.4136,-0.1863,-0.00081,0.19886,-0.04026,0.00,-3.00,0.00,45.3,123.72,634.90,257.20,SEARCH_Y
9.7584,1.2894,0.5236,0.0036,0.01918,0.20686,-0.03826,0.00,-3.00,0.00,45.3,123.69,634.90,257.20,SEARCH_Y
9.7685,1.1594,0.2836,0.3836,-0.01581,0.20086,-0.03926,0.00,-3.00,0.00,45.3,123.66,634.90,257.20,SEARCH_Y
9.7786,1.3094,0.7136,-0.1663,-0.00581,0.19286,-0.04026,0.00,-3.00,0.00,45.3,123.63,634.90,257.20,SEARCH_Y
9.7887,1.2694,0.2936,0.4536,0.00318,0.21386,-0.04526,0.00,-3.00,0.00,45.3,123.60,634.90,257.20,SEARCH_Y
9.7988,1.2794,0.1336,0.3536,0.00418,0.20186,-0.03626,0.00,-3.00,0.00,45.3,123.57,634.90,257.20,SEARCH_Y
9.8089,1.4994,0.4536,0.0436,0.00818,0.19086,-0.04026,0.00,-3.00,0.00,45.3,123.54,634.90,257.20,SEARCH_Y
9.8190,1.2294,0.4636,0.2936,-0.02081,0.19686,-0.04226,0.00,-3.00,0.00,45.3,123.51,634.90,257.20,SEARCH_Y
9.8291,1.1994,0.2936,0.0236,-0.01081,0.18786,-0.03726,0.00,-3.00,0.00,45.3,123.48,634.89,257.20,SEARCH_Y
9.8392,1.2794,0.1436,0.2036,-0.00181,0.20286,-0.04326,0.00,-3.00,0.00,45.3,123.45,634.89,257.20,SEARCH_Y
9.8493,1.0894,0.5436,-0.1563,-0.02181,0.18386,-0.03826,0.00,-3.00,0.00,45.3,123.42,634.89,257.20,SEARCH_Y
9.8594,1.3794,0.4036,0.1436,-0.00881,0.19486,-0.03826,0.00,-3.00,0.00,45.3,123.39,634.89,257.20,SEARCH_Y
9.8695,1.2194,0.3236,0.0836,0.00118,0.20286,-0.04126,0.00,-3.00,0.00,45.3,123.36,634.89,257.20,SEARCH_Y
9.8796,1.0794,0.5236,0.0436,-0.00781,0.19686,-0.04126,0.00,-3.00,0.00,45.3,123.33,634.89,257.20,SEARCH_Y
9.8897,1.2794,0.5536,-0.2663,-0.00181,0.18986,-0.03626,0.00,-3.00,0.00,45.3,123.30,634.89,257.20,SEARCH_Y
9.8998,1.1894,0.7036,-0.0363,-0.00881,0.19586,-0.04026,0.00,-3.00,0.00,45.3,123.27,634.89,257.20,SEARCH_Y
9.9099,1.2794,0.3336,-0.0863,-0.00381,0.19486,-0.04426,0.00,-3.00,0.00,45.3,123.24,634.89,257.20,SEARCH_Y
9.9200,1.2894,0.3736,0.0636,-0.01181,0.18786,-0.04326,0.00,-3.00,0.00,45.3,123.20,634.89,257.20,SEARCH_Y
9.9301,1.2794,0.1936,0.2236,-0.01681,0.18286,-0.04426,0.00,-3.00,0.00,45.3,123.18,634.89,257.20,SEARCH_Y
9.9402,1.0294,0.6636,0.1736,0.00318,0.19886,-0.03426,0.00,-3.00,0.00,45.3,123.14,634.88,257.20,SEARCH_Y
9.9503,1.2394,0.3436,0.0236,-0.00581,0.19186,-0.03926,0.00,-3.00,0.00,45.3,123.12,634.88,257.20,SEARCH_Y
9.9604,1.2294,0.6136,-0.0463,-0.01181,0.17886,-0.03626,0.00,-3.00,0.00,45.3,123.08,634.88,257.20,SEARCH_Y
9.9705,1.1994,0.2036,0.0136,0.00418,0.18886,-0.03826,0.00,-3.00,0.00,45.3,123.06,634.88,257.20,SEARCH_Y
9.9806,1.2894,0.2936,0.1936,0.00418,0.19586,-0.04226,0.00,-3.00,0.00,45.3,123.02,634.88,257.20,SEARCH_Y
9.9907,1.3194,0.6836,-0.3863,0.00118,0.17486,-0.03626,0.00,-3.00,0.00,45.3,123.00,634.88,257.20,SEARCH_Y
10.0008,1.0694,0.2036,0.4636,-0.00681,0.19886,-0.04126,0.00,-3.00,0.00,45.3,122.96,634.88,257.20,SEARCH_Y
10.0109,1.3694,0.5636,-0.1663,0.00718,0.18186,-0.03826,0.00,-3.00,0.00,45.3,122.94,634.88,257.20,SEARCH_Y
10.0210,1.0694,0.0636,0.3936,-0.00081,0.19286,-0.04026,0.00,-3.00,0.00,45.3,122.90,634.88,257.20,SEARCH_Y
10.0311,1.4294,0.0436,0.0736,0.02218,0.19486,-0.04026,0.00,-3.00,0.00,45.3,122.88,634.88,257.20,SEARCH_Y
10.0411,1.3094,-0.1363,0.5036,0.00518,0.19386,-0.04226,0.00,-3.00,0.00,45.3,122.84,634.88,257.20,SEARCH_Y
10.0512,1.5094,0.2836,0.0136,0.00918,0.17286,-0.03826,0.00,-3.00,0.00,45.3,122.82,634.88,257.20,SEARCH_Y
10.0613,0.9994,0.5336,0.0736,-0.01881,0.18586,-0.03526,0.00,-3.00,0.00,45.3,122.78,634.87,257.20,SEARCH_Y
10.0714,1.1194,0.4036,-0.2463,0.00318,0.18286,-0.03726,0.00,-3.00,0.00,45.3,122.75,634.87,257.20,SEARCH_Y
10.0815,1.1594,0.5336,0.2736,0.00418,0.18686,-0.03426,0.00,-3.00,0.00,45.3,122.72,634.87,257.20,SEARCH_Y
10.0916,1.0594,-0.0563,0.5436,-0.01281,0.19486,-0.03826,0.00,-3.00,0.00,45.3,122.69,634.87,257.20,SEARCH_Y
10.1017,1.3294,0.1136,0.4736,0.01518,0.19786,-0.04026,0.00,-3.00,0.00,45.3,122.66,634.87,257.20,SEARCH_Y
10.1118,1.3894,0.0336,0.4636,0.00418,0.18386,-0.04026,0.00,-3.00,0.00,45.3,122.63,634.87,257.20,SEARCH_Y
10.1219,1.0894,0.3536,0.1236,-0.00481,0.18386,-0.03626,0.00,-3.00,0.00,45.3,122.60,634.87,257.20,SEARCH_Y
10.1321,1.2194,0.4536,-0.1563,-0.01181,0.17786,-0.03626,0.00,-3.00,0.00,45.3,122.56,634.87,257.20,SEARCH_Y
10.1421,1.1994,0.5036,0.0736,0.00318,0.17986,-0.03726,0.00,-3.00,0.00,45.3,122.54,634.87,257.20,SEARCH_Y
10.1523,1.3394,0.1936,0.3036,0.01618,0.19286,-0.04026,0.00,-3.00,0.00,45.3,122.50,634.87,257.20,SEARCH_Y
10.1623,1.1594,0.4436,0.1936,-0.00081,0.18686,-0.04126,0.00,-3.00,0.00,45.3,122.48,634.87,257.20,SEARCH_Y
10.1725,1.0494,0.4436,0.3336,0.00018,0.18086,-0.03326,0.00,-3.00,0.00,45.3,122.44,634.86,257.20,SEARCH_Y
10.1825,1.2394,-0.0563,0.2736,0.01218,0.19486,-0.04026,0.00,-3.00,0.00,45.3,122.42,634.86,257.20,SEARCH_Y
10.1927,1.0794,0.4736,0.0136,0.00318,0.18886,-0.03526,0.00,-3.00,0.00,45.3,122.38,634.86,257.19,SEARCH_Y
10.2028,1.4094,-0.0363,0.2436,0.01118,0.18486,-0.04226,0.00,-3.00,0.00,45.3,122.36,634.86,257.19,SEARCH_Y
10.2129,0.9994,0.3536,-0.0063,-0.01481,0.17486,-0.03526,0.00,-3.00,0.00,45.3,122.32,634.86,257.19,SEARCH_Y
10.2230,1.1194,0.3836,0.0636,-0.00181,0.18086,-0.03626,0.00,-3.00,0.00,45.3,122.30,634.86,257.19,SEARCH_Y
10.2331,1.2494,0.1536,0.2536,0.01418,0.19186,-0.03826,0.00,-3.00,0.00,45.3,122.26,634.86,257.19,SEARCH_Y
10.2432,1.2094,0.0736,0.2336,-0.00481,0.18886,-0.04026,0.00,-3.00,0.00,45.3,122.24,634.86,257.19,SEARCH_Y
10.2533,1.0794,0.5536,-0.0063,-0.01881,0.17386,-0.03426,0.00,-3.00,0.00,45.3,122.20,634.86,257.19,SEARCH_Y
10.2634,1.2294,0.8136,-0.5463,0.00618,0.17886,-0.03526,0.00,-3.00,0.00,45.3,122.18,634.86,257.19,SEARCH_Y
10.2735,1.1994,0.3536,0.0936,0.00018,0.18486,-0.03826,0.00,-3.00,0.00,45.4,122.14,634.86,257.19,SEARCH_Y
10.2836,1.0594,0.4936,-0.1063,0.00318,0.17986,-0.03626,0.00,-3.00,0.00,45.4,122.10,634.86,257.19,SEARCH_Y
10.2937,1.1594,0.3336,0.1836,-0.01181,0.17986,-0.03426,0.00,-3.00,0.00,45.4,122.08,634.85,257.19,SEARCH_Y
10.3038,1.2794,0.0436,0.4036,0.01018,0.18586,-0.03826,0.00,-3.00,0.00,45.4,122.06,634.85,257.19,SEARCH_Y
10.3139,1.1694,0.4236,-0.0163,-0.00281,0.18086,-0.03926,0.00,-3.00,0.00,45.4,122.02,634.85,257.19,SEARCH_Y
10.3240,1.0494,0.4236,-0.0163,0.01218,0.18986,-0.03426,0.00,-3.00,0.00,45.4,122.00,634.85,257.19,SEARCH_Y
10.3341,1.0994,0.3236,0.0636,-0.00681,0.18386,-0.03426,0.00,-3.00,0.00,45.4,121.96,634.85,257.19,SEARCH_Y
10.3442,1.0994,0.2136,0.1536,-0.00681,0.18186,-0.03826,0.00,-3.00,0.00,45.4,121.92,634.85,257.19,SEARCH_Y
10.3543,1.0994,0.2836,0.2836,-0.00281,0.17786,-0.03826,0.00,-3.00,0.00,45.4,121.90,634.85,257.19,SEARCH_Y
10.3644,1.1394,0.0136,0.2436,-0.00081,0.18686,-0.03626,0.00,-3.00,0.00,45.4,121.86,634.85,257.19,SEARCH_Y
10.3745,1.0594,0.4836,0.4836,0.00118,0.19286,-0.03426,0.00,-3.00,0.00,45.4,121.84,634.85,257.19,SEARCH_Y
10.3846,1.3394,0.5836,0.0136,0.01718,0.18386,-0.03926,0.00,-3.00,0.00,45.4,121.80,634.85,257.19,SEARCH_Y
10.3947,1.2594,0.2936,0.3136,0.00718,0.18586,-0.03526,0.00,-3.00,0.00,45.4,121.78,634.85,257.19,SEARCH_Y
10.4048,1.0394,0.2136,0.2936,0.00018,0.18386,-0.03526,0.00,-3.00,0.00,45.4,121.74,634.84,257.19,SEARCH_Y
10.4149,0.9294,0.1036,0.1336,-0.01181,0.17986,-0.03926,0.00,-3.00,0.00,45.4,121.72,634.84,257.19,SEARCH_Y
10.4250,1.2294,0.5336,0.0436,-0.00381,0.18286,-0.03726,0.00,-3.00,0.00,45.4,121.68,634.84,257.19,SEARCH_Y
10.4351,1.1994,0.7636,-0.1863,-0.00481,0.17386,-0.02926,0.00,-3.00,0.00,45.4,121.66,634.84,257.19,SEARCH_Y
10.4452,1.2694,0.5836,-0.0363,0.00518,0.17386,-0.03626,0.00,-3.00,0.00,45.4,121.62,634.84,257.19,SEARCH_Y
10.4554,1.2694,0.3436,0.2336,0.00018,0.17386,-0.03626,0.00,-3.00,0.00,45.4,121.60,634.84,257.19,SEARCH_Y
10.4655,1.4594,0.6236,-0.0663,0.01618,0.17586,-0.03826,0.00,-3.00,0.00,45.4,121.56,634.84,257.19,SEARCH_Y
10.4756,0.8794,0.2636,0.2536,-0.00781,0.19086,-0.03826,0.00,-3.00,0.00,45.4,121.54,634.84,257.19,SEARCH_Y
10.4859,0.9994,0.5236,0.0136,-0.00181,0.17486,-0.03426,0.00,-3.00,0.00,45.4,121.50,634.84,257.19,SEARCH_Y
10.4960,1.2194,0.2636,0.3036,0.00918,0.17986,-0.03826,0.00,-3.00,0.00,45.4,121.47,634.84,257.19,SEARCH_Y
10.5061,1.2094,0.4336,-0.0263,-0.02181,0.16686,-0.03326,0.00,-3.00,0.00,45.4,121.44,634.84,257.19,SEARCH_Y
10.5163,0.8694,0.6036,-0.2263,-0.01281,0.17386,-0.03426,0.00,-3.00,0.00,45.4,121.41,634.83,257.19,SEARCH_Y
10.5264,1.3294,0.3636,0.2836,-0.00181,0.18886,-0.03726,0.00,-3.00,0.00,45.4,121.38,634.83,257.19,SEARCH_Y
10.5364,1.3094,0.6236,-0.2763,0.00818,0.17986,-0.03526,0.00,-3.00,0.00,45.4,121.35,634.83,257.19,SEARCH_Y
10.5465,1.1794,0.2436,0.1536,0.01418,0.18286,-0.03726,0.00,-3.00,0.00,45.4,121.32,634.83,257.19,SEARCH_Y
10.5567,1.2494,0.6236,-0.0463,-0.00881,0.17086,-0.03426,0.00,-3.00,0.00,45.4,121.29,634.83,257.19,SEARCH_Y
10.5668,1.1394,0.0936,0.2436,0.00418,0.17786,-0.03826,0.00,-3.00,0.00,45.4,121.26,634.83,257.19,SEARCH_Y
10.5769,1.1094,0.6436,-0.4163,0.00018,0.17286,-0.03526,0.00,-3.00,0.00,45.4,121.23,634.83,257.19,SEARCH_Y
10.5869,1.3694,0.3536,0.3636,0.00818,0.18486,-0.03726,0.00,-3.00,0.00,45.4,121.20,634.83,257.19,SEARCH_Y
10.5970,1.1194,0.4036,0.1136,-0.00581,0.17986,-0.03626,0.00,-3.00,0.00,45.4,121.17,634.83,257.19,SEARCH_Y
10.6071,1.1494,0.3236,-0.0763,-0.00681,0.17486,-0.03826,0.00,-3.00,0.00,45.4,121.14,634.83,257.19,SEARCH_Y
10.6172,1.1294,0.0636,0.2836,0.00418,0.17986,-0.03626,0.00,-3.00,0.00,45.4,121.11,634.83,257.19,SEARCH_Y
10.6273,0.9894,0.2036,0.1136,-0.02481,0.16986,-0.03626,0.00,-3.00,0.00,45.4,121.08,634.83,257.19,SEARCH_Y
10.6374,1.2694,0.3936,0.0736,0.01218,0.18386,-0.03626,0.00,-3.00,0.00,45.5,121.05,634.82,257.19,SEARCH_Y
10.6475,1.0394,0.2736,-0.0263,-0.01181,0.16886,-0.03626,0.00,-3.00,0.00,45.5,121.02,634.82,257.19,SEARCH_Y
10.6576,1.2094,0.1736,0.5736,-0.00581,0.18486,-0.03826,0.00,-3.00,0.00,45.5,120.98,634.82,257.19,SEARCH_Y
10.6677,0.9694,0.3436,0.0936,-0.00781,0.18186,-0.03326,0.00,-3.00,0.00,45.5,120.96,634.82,257.19,SEARCH_Y
10.6778,1.0294,0.4336,-0.0963,-0.00181,0.17486,-0.03426,0.00,-3.00,0.00,45.5,120.92,634.82,257.19,SEARCH_Y
10.6879,1.0694,0.4636,-0.2263,-0.01481,0.16786,-0.03426,0.00,-3.00,0.00,45.5,120.90,634.82,257.19,SEARCH_Y
10.6980,1.0494,0.1336,0.3436,-0.00981,0.17686,-0.03526,0.00,-3.00,0.00,45.5,120.86,634.82,257.19,SEARCH_Y
10.7081,1.3194,0.0836,0.0636,-0.00581,0.16486,-0.04126,0.00,-3.00,0.00,45.5,120.83,634.82,257.19,SEARCH_Y
10.7181,1.0094,0.3736,0.0136,0.00218,0.16886,-0.03126,0.00,-3.00,0.00,45.5,120.80,634.82,257.19,SEARCH_Y
10.7282,1.0494,0.8036,-0.3163,-0.01281,0.16286,-0.03126,0.00,-3.00,0.00,45.5,120.77,634.82,257.19,SEARCH_Y
10.7383,1.0994,0.6336,-0.1063,0.00818,0.17386,-0.03326,0.00,-3.00,0.00,45.5,120.74,634.82,257.19,SEARCH_Y
10.7484,1.0394,0.4036,-0.0763,-0.02081,0.16786,-0.03626,0.00,-3.00,0.00,45.5,120.71,634.81,257.19,SEARCH_Y
10.7585,1.0994,0.2036,0.2536,-0.00781,0.17986,-0.03726,0.00,-3.00,0.00,45.5,120.68,634.81,257.19,SEARCH_Y
10.7686,1.2194,0.0836,0.3236,-0.00181,0.16786,-0.03926,0.00,-3.00,0.00,45.5,120.65,634.81,257.19,SEARCH_Y
10.7787,0.8994,0.5336,0.0636,-0.02181,0.16486,-0.03426,0.00,-3.00,0.00,45.5,120.62,634.81,257.19,SEARCH_Y
10.7888,1.0594,0.3136,0.1336,-0.00881,0.16986,-0.03726,0.00,-3.00,0.00,45.5,120.59,634.81,257.19,SEARCH_Y
10.7989,1.1494,0.5836,0.0236,-0.00481,0.16586,-0.03526,0.00,-3.00,0.00,45.5,120.56,634.81,257.19,SEARCH_Y
10.8090,1.0594,0.1636,0.2336,-0.01481,0.17886,-0.03826,0.00,-3.00,0.00,45.5,120.53,634.81,257.19,SEARCH_Y
10.8191,1.2894,0.4436,-0.0763,0.02018,0.17386,-0.03226,0.00,-3.00,0.00,45.5,120.50,634.81,257.19,SEARCH_Y
10.8292,1.0194,0.4536,0.1536,-0.00081,0.17986,-0.03426,0.00,-3.00,0.00,45.5,120.47,634.81,257.19,SEARCH_Y
10.8393,0.9894,0.4636,0.1736,-0.00681,0.17286,-0.03326,0.00,-3.00,0.00,45.5,120.44,634.81,257.19,SEARCH_Y
10.8494,0.7794,0.7136,-0.2063,-0.02781,0.16586,-0.02926,0.00,-3.00,0.00,45.5,120.41,634.81,257.19,SEARCH_Y
10.8595,1.1794,0.3736,0.1736,0.01618,0.18286,-0.03526,0.00,-3.00,0.00,45.5,120.38,634.81,257.18,SEARCH_Y
10.8696,1.1294,0.7136,-0.3163,-0.00981,0.15386,-0.03326,0.00,-3.00,0.00,45.5,120.35,634.80,257.18,SEARCH_Y
10.8797,1.0494,0.2536,0.3436,-0.01581,0.17586,-0.03726,0.00,-3.00,0.00,45.5,120.32,634.80,257.18,SEARCH_Y
10.8898,0.9094,0.5536,0.0836,-0.02481,0.16886,-0.03226,0.00,-3.00,0.00,45.5,120.29,634.80,257.18,SEARCH_Y
10.9000,0.9594,0.3936,-0.0963,-0.00481,0.16686,-0.03526,0.00,-3.00,0.00,45.5,120.26,634.80,257.18,SEARCH_Y
10.9100,1.0894,0.6636,0.0536,-0.00381,0.16686,-0.03126,0.00,-3.00,0.00,45.5,120.23,634.80,257.18,SEARCH_Y
10.9202,1.2194,0.6036,0.1736,0.01418,0.18086,-0.03526,0.00,-3.00,0.00,45.5,120.19,634.80,257.18,SEARCH_Y
10.9303,1.1094,0.1836,-0.0563,-0.00581,0.16286,-0.03626,0.00,-3.00,0.00,45.5,120.17,634.80,257.18,SEARCH_Y
10.9403,0.9194,0.2636,-0.0363,-0.00381,0.17586,-0.03526,0.00,-3.00,0.00,45.6,120.13,634.80,257.18,SEARCH_Y
10.9505,1.0494,0.2636,0.4536,-0.01881,0.17186,-0.03726,0.00,-3.00,0.00,45.6,120.11,634.80,257.18,SEARCH_Y
10.9606,0.9994,0.4236,0.1236,-0.00881,0.16386,-0.03226,0.00,-3.00,0.00,45.6,120.07,634.80,257.18,SEARCH_Y
10.9707,1.1594,-0.1263,0.4836,0.01318,0.18286,-0.03626,0.00,-3.00,0.00,45.6,120.05,634.80,257.18,SEARCH_Y
10.9808,1.2194,0.2336,0.0636,0.00618,0.16686,-0.03326,0.00,-3.00,0.00,45.6,120.01,634.79,257.18,SEARCH_Y
10.9909,1.1394,0.2136,0.1136,0.01118,0.17286,-0.03326,0.00,-3.00,0.00,45.6,119.99,634.79,257.18,SEARCH_Y
11.0010,1.0394,0.2336,0.1436,-0.01381,0.16186,-0.03426,0.00,-3.00,0.00,45.6,119.95,634.79,257.18,SEARCH_Y
11.0111,1.1894,0.2636,0.1736,-0.00081,0.16886,-0.03426,0.00,-3.00,0.00,45.6,119.93,634.79,257.18,SEARCH_Y
11.0212,1.0294,0.4036,0.0236,-0.01581,0.16986,-0.03826,0.00,-3.00,0.00,45.6,119.89,634.79,257.18,SEARCH_Y
11.0312,0.9894,0.3136,0.1336,-0.01081,0.15886,-0.03426,0.00,-3.00,0.00,45.6,119.87,634.79,257.18,SEARCH_Y
11.0413,1.0994,0.3536,-0.0863,0.00618,0.17186,-0.03326,0.00,-3.00,0.00,45.6,119.83,634.79,257.18,SEARCH_Y
11.0514,1.2594,0.2736,0.2236,0.02018,0.17686,-0.03826,0.00,-3.00,0.00,45.6,119.80,634.79,257.18,SEARCH_Y
11.0615,0.8894,0.2936,0.0936,-0.00281,0.17486,-0.03226,0.00,-3.00,0.00,45.6,119.77,634.79,257.18,SEARCH_Y
11.0716,0.8394,0.0536,0.2336,-0.00681,0.17386,-0.03626,0.00,-3.00,0.00,45.6,119.74,634.79,257.18,SEARCH_Y
11.0817,1.0394,0.2736,0.0036,-0.01381,0.16186,-0.03626,0.00,-3.00,0.00,45.6,119.71,634.79,257.18,SEARCH_Y
11.0918,1.3394,-0.0063,0.3336,0.01218,0.16986,-0.04026,0.00,-3.00,0.00,45.6,119.68,634.79,257.18,SEARCH_Y
11.1019,1.3194,-0.0463,0.1636,0.01618,0.16686,-0.04226,0.00,-3.00,0.00,45.6,119.65,634.78,257.18,SEARCH_Y
11.1120,1.0894,0.3736,-0.0263,-0.00881,0.15486,-0.03026,0.00,-3.00,0.00,45.6,119.61,634.78,257.18,SEARCH_Y
11.1221,0.7894,0.4136,-0.1563,-0.02081,0.16286,-0.03526,0.00,-3.00,0.00,45.6,119.59,634.78,257.18,SEARCH_Y
11.1322,0.9894,0.2236,0.2936,-0.00681,0.16986,-0.03226,0.00,-3.00,0.00,45.6,119.55,634.78,257.18,SEARCH_Y
11.1423,1.0494,0.3036,0.2936,0.01618,0.17386,-0.03026,0.00,-3.00,0.00,45.6,119.53,634.78,257.18,SEARCH_Y
11.1524,0.9394,0.5236,-0.1963,-0.01681,0.15486,-0.02926,0.00,-3.00,0.00,45.6,119.49,634.78,257.18,SEARCH_Y
11.1625,0.8094,0.4736,0.0436,0.00818,0.17786,-0.03326,0.00,-3.00,0.00,45.6,119.47,634.78,257.18,SEARCH_Y
11.1726,1.1994,-0.1563,0.3236,0.01018,0.17386,-0.04126,0.00,-3.00,0.00,45.6,119.43,634.78,257.18,SEARCH_Y
11.1827,1.0294,0.1536,0.3936,-0.01481,0.16386,-0.03526,0.00,-3.00,0.00,45.6,119.41,634.78,257.18,SEARCH_Y
11.1928,1.0694,0.2636,0.0936,0.00318,0.16586,-0.03326,0.00,-3.00,0.00,45.7,119.37,634.78,257.18,SEARCH_Y
11.2029,1.0694,0.3736,0.1736,0.00418,0.16586,-0.03326,0.00,-3.00,0.00,45.7,119.35,634.78,257.18,SEARCH_Y
11.2130,1.0494,0.3436,-0.0363,-0.01081,0.15786,-0.03426,0.00,-3.00,0.00,45.7,119.31,634.77,257.18,SEARCH_Y
11.2231,1.2394,0.4936,0.2136,0.01018,0.16986,-0.03526,0.00,-3.00,0.00,45.7,119.29,634.77,257.18,SEARCH_Y
11.2332,1.0094,0.5036,-0.0263,0.00318,0.16786,-0.03426,0.00,-3.00,0.00,45.7,119.25,634.77,257.18,SEARCH_Y
11.2433,1.0694,0.3336,-0.2463,-0.00581,0.15686,-0.03226,0.00,-3.00,0.00,45.7,119.23,634.77,257.18,SEARCH_Y
11.2534,0.9694,0.1136,0.3036,0.01618,0.17086,-0.03626,0.00,-3.00,0.00,45.7,119.19,634.77,257.18,SEARCH_Y
11.2635,1.0794,0.4136,-0.0663,0.00318,0.16886,-0.03326,0.00,-3.00,0.00,45.7,119.17,634.77,257.18,SEARCH_Y
11.2736,1.0894,0.4336,0.0036,0.00018,0.16786,-0.03526,0.00,-3.00,0.00,45.7,119.13,634.77,257.18,SEARCH_Y
11.2837,0.9194,0.3536,0.0036,-0.00681,0.16086,-0.02526,0.00,-3.00,0.00,45.7,119.11,634.77,257.18,SEARCH_Y
11.2938,0.8794,0.3836,0.0536,-0.00781,0.16386,-0.03526,0.00,-3.00,0.00,45.7,119.07,634.77,257.18,SEARCH_Y
11.3039,1.1594,0.3936,-0.1563,-0.00081,0.15586,-0.03326,0.00,-3.00,0.00,45.7,119.05,634.77,257.18,SEARCH_Y
11.3140,0.8594,0.2936,0.2536,-0.00381,0.16986,-0.03226,0.00,-3.00,0.00,45.7,119.01,634.77,257.18,SEARCH_Y
11.3241,0.9594,-0.0263,0.3936,-0.00181,0.17486,-0.03726,0.00,-3.00,0.00,45.7,118.97,634.76,257.18,SEARCH_Y
11.3342,1.3094,0.2636,0.1936,0.00918,0.15786,-0.03926,0.00,-3.00,0.00,45.7,118.95,634.76,257.18,SEARCH_Y
11.3444,0.8694,0.5636,-0.1563,-0.01281,0.15286,-0.02926,0.00,-3.00,0.00,45.7,118.91,634.76,257.18,SEARCH_Y
11.3545,1.0594,0.1336,0.4236,0.00918,0.16986,-0.03626,0.00,-3.00,0.00,45.7,118.89,634.76,257.18,SEARCH_Y
11.3646,0.9794,0.3736,0.3536,0.00818,0.17886,-0.03626,0.00,-3.00,0.00,45.7,118.85,634.76,257.18,SEARCH_Y
11.3747,0.9194,0.3136,0.3036,-0.00481,0.16786,-0.03226,0.00,-3.00,0.00,45.7,118.83,634.76,257.18,SEARCH_Y
11.3848,1.0294,0.1636,0.1136,0.00318,0.16686,-0.03026,0.00,-3.00,0.00,45.7,118.79,634.76,257.18,SEARCH_Y
11.3951,1.1494,0.0036,0.1336,0.00718,0.15886,-0.03626,0.00,-3.00,0.00,45.7,118.77,634.76,257.18,SEARCH_Y
11.4053,0.9094,0.2036,0.1936,-0.01581,0.16186,-0.03726,0.00,-3.00,0.00,45.7,118.73,634.76,257.18,SEARCH_Y
11.4154,0.7194,0.2636,0.2536,-0.01981,0.16486,-0.03626,0.00,-3.00,0.00,45.7,118.71,634.76,257.18,SEARCH_Y
11.4255,0.9694,0.2636,0.1836,-0.01481,0.15886,-0.03726,0.00,-3.00,0.00,45.8,118.67,634.76,257.18,SEARCH_Y
11.4356,0.8894,0.3336,0.2336,-0.00681,0.17086,-0.03726,0.00,-3.00,0.00,45.8,118.65,634.76,257.18,SEARCH_Y
11.4457,0.9494,0.1936,0.3936,-0.00881,0.16586,-0.03526,0.00,-3.00,0.00,45.8,118.61,634.75,257.18,SEARCH_Y
11.4558,0.8894,0.3836,0.0536,-0.00281,0.16586,-0.03426,0.00,-3.00,0.00,45.8,118.59,634.75,257.18,SEARCH_Y
11.4659,0.8694,0.4136,0.1436,0.00518,0.17486,-0.03126,0.00,-3.00,0.00,45.8,118.55,634.75,257.18,SEARCH_Y
11.4760,1.0294,0.2036,-0.1863,-0.01181,0.14986,-0.03526,0.00,-3.00,0.00,45.8,118.53,634.75,257.18,SEARCH_Y
11.4862,0.8594,0.1936,0.2936,-0.00881,0.16886,-0.03526,0.00,-3.00,0.00,45.8,118.49,634.75,257.18,SEARCH_Y
11.4963,1.0494,0.2236,0.1036,0.00718,0.16686,-0.03426,0.00,-3.00,0.00,45.8,118.46,634.75,257.18,SEARCH_Y
11.5064,0.9594,0.4036,-0.3563,0.00418,0.15886,-0.03326,0.00,-3.00,0.00,45.8,118.43,634.75,257.18,SEARCH_Y
11.5165,1.0694,0.4536,0.1836,0.01618,0.17386,-0.03126,0.00,-3.00,0.00,45.8,118.40,634.75,257.18,SEARCH_Y
11.5266,0.8994,0.3336,0.0236,-0.00881,0.15486,-0.03626,0.00,-3.00,0.00,45.8,118.37,634.75,257.17,SEARCH_Y
11.5367,0.9694,-0.1163,0.0736,0.00518,0.16486,-0.03726,0.00,-3.00,0.00,45.8,118.34,634.75,257.17,SEARCH_Y
11.5468,1.0294,0.1436,0.5136,-0.00181,0.16086,-0.03726,0.00,-3.00,0.00,45.8,118.31,634.75,257.17,SEARCH_Y
11.5569,1.2994,0.1436,0.0936,0.01718,0.15486,-0.03626,0.00,-3.00,0.00,45.8,118.28,634.74,257.17,SEARCH_Y
11.5670,0.7294,0.7036,-0.6163,-0.01081,0.14586,-0.02626,0.00,-3.00,0.00,45.8,118.25,634.74,257.17,SEARCH_Y
11.5771,1.0794,0.0836,-0.0163,-0.01081,0.14686,-0.03626,0.00,-3.00,0.00,45.8,118.22,634.74,257.17,SEARCH_Y
11.5872,1.1294,-0.1263,0.3936,0.01118,0.17286,-0.03826,0.00,-3.00,0.00,45.8,118.19,634.74,257.17,SEARCH_Y
11.5973,1.1394,0.4336,0.0536,0.00118,0.15686,-0.03026,0.00,-3.00,0.00,45.8,118.16,634.74,257.17,SEARCH_Y
11.6074,1.0894,0.1536,0.1836,0.01318,0.16086,-0.03326,0.00,-3.00,0.00,45.8,118.13,634.74,257.17,SEARCH_Y
11.6175,0.9894,0.2536,0.0236,0.00318,0.15886,-0.03226,0.00,-3.00,0.00,45.8,118.10,634.74,257.17,SEARCH_Y
11.6276,0.9094,0.3036,0.1636,-0.01081,0.16486,-0.03526,0.00,-3.00,0.00,45.8,118.07,634.74,257.17,SEARCH_Y
11.6377,0.9494,-0.0863,0.1836,0.00018,0.16086,-0.03626,0.00,-3.00,0.00,45.9,118.03,634.74,257.17,SEARCH_Y
11.6478,0.7594,0.3236,0.0936,-0.00881,0.16986,-0.03626,0.00,-3.00,0.00,45.9,118.01,634.74,257.17,SEARCH_Y
11.6580,0.9994,0.3636,-0.1563,-0.01381,0.14586,-0.03426,0.00,-3.00,0.00,45.9,117.97,634.74,257.17,SEARCH_Y
11.6681,1.1194,0.2736,-0.1363,-0.00681,0.13786,-0.03326,0.00,-3.00,0.00,45.9,117.94,634.73,257.17,SEARCH_Y
11.6782,1.3794,0.0836,0.0936,0.04218,0.16686,-0.03826,0.00,-3.00,0.00,45.9,117.91,634.73,257.17,SEARCH_Y
11.6883,0.9294,0.4736,0.0336,-0.00281,0.16486,-0.03526,0.00,-3.00,0.00,45.9,117.88,634.73,257.17,SEARCH_Y
11.6984,0.9294,0.2436,0.2236,-0.00081,0.16186,-0.03526,0.00,-3.00,0.00,45.9,117.85,634.73,257.17,SEARCH_Y
11.7085,1.1294,0.2936,0.1336,0.00718,0.15886,-0.03526,0.00,-3.00,0.00,45.9,117.82,634.73,257.17,SEARCH_Y
11.7186,1.0894,0.7136,-0.3463,-0.00181,0.15186,-0.03326,0.00,-3.00,0.00,45.9,117.79,634.73,257.17,SEARCH_Y
11.7287,0.9494,0.4436,-0.1963,-0.00081,0.14786,-0.03226,0.00,-3.00,0.00,45.9,117.76,634.73,257.17,SEARCH_Y
11.7388,1.1794,0.4036,-0.1463,0.02018,0.15886,-0.03426,0.00,-3.00,0.00,45.9,117.73,634.73,257.17,SEARCH_Y
11.7489,0.9794,0.5136,-0.1363,-0.00881,0.15186,-0.02926,0.00,-3.00,0.00,45.9,117.70,634.73,257.17,SEARCH_Y
11.7590,0.7994,0.4036,0.1836,-0.00681,0.16086,-0.02926,0.00,-3.00,0.00,45.9,117.67,634.73,257.17,SEARCH_Y
11.7691,0.8294,0.1436,0.2636,-0.00981,0.16086,-0.03326,0.00,-3.00,0.00,45.9,117.64,634.73,257.17,SEARCH_Y
11.7792,1.0994,0.2436,0.2036,0.00818,0.16486,-0.03626,0.00,-3.00,0.00,45.9,117.61,634.73,257.17,SEARCH_Y
11.7893,0.9494,0.4736,-0.1063,-0.00281,0.15586,-0.03026,0.00,-3.00,0.00,45.9,117.58,634.72,257.17,SEARCH_Y
11.7994,0.9694,0.2636,0.1336,-0.01581,0.15586,-0.03426,0.00,-3.00,0.00,45.9,117.55,634.72,257.17,SEARCH_Y
11.8096,1.1794,0.3936,0.1936,0.01918,0.16686,-0.03126,0.00,-3.00,0.00,45.9,117.52,634.72,257.17,SEARCH_Y
11.8197,1.0794,-0.0063,0.3236,0.00918,0.16386,-0.03626,0.00,-3.00,0.00,45.9,117.49,634.72,257.17,SEARCH_Y
11.8297,0.9394,0.2936,0.0036,-0.00581,0.16086,-0.03226,0.00,-3.00,0.00,46.0,117.46,634.72,257.17,SEARCH_Y
11.8399,0.9394,0.2036,0.2136,0.01418,0.16586,-0.03326,0.00,-3.00,0.00,46.0,117.43,634.72,257.17,SEARCH_Y
11.8500,1.0794,0.2736,-0.0163,0.00718,0.15786,-0.03526,0.00,-3.00,0.00,46.0,117.40,634.72,257.17,SEARCH_Y
11.8601,0.9794,0.1736,0.1636,-0.00181,0.15386,-0.03526,0.00,-3.00,0.00,46.0,117.36,634.72,257.17,SEARCH_Y
11.8702,1.1494,0.0336,0.1936,0.02218,0.16386,-0.03926,0.00,-3.00,0.00,46.0,117.34,634.72,257.17,SEARCH_Y
11.8803,1.0194,0.3236,0.0436,-0.01081,0.15686,-0.03526,0.00,-3.00,0.00,46.0,117.30,634.72,257.17,SEARCH_Y
11.8904,0.9694,0.3036,0.2836,-0.01781,0.15986,-0.03826,0.00,-3.00,0.00,46.0,117.28,634.72,257.17,SEARCH_Y
11.9005,0.9694,0.0736,0.3336,-0.00681,0.16586,-0.03726,0.00,-3.00,0.00,46.0,117.24,634.71,257.17,SEARCH_Y
11.9106,0.9894,0.2236,0.3636,0.00018,0.16886,-0.03626,0.00,-3.00,0.00,46.0,117.22,634.71,257.17,SEARCH_Y
11.9207,0.8094,0.3036,0.1736,-0.00381,0.16286,-0.03226,0.00,-3.00,0.00,46.0,117.18,634.71,257.17,SEARCH_Y
11.9308,0.9094,0.5836,0.0136,-0.00581,0.16186,-0.03026,0.00,-3.00,0.00,46.0,117.16,634.71,257.17,SEARCH_Y
11.9409,1.0394,0.3036,0.1236,0.01118,0.16286,-0.03526,0.00,-3.00,0.00,46.0,117.12,634.71,257.17,SEARCH_Y
11.9510,0.8294,0.4736,0.2036,-0.02581,0.15886,-0.03526,0.00,-3.00,0.00,46.0,117.10,634.71,257.17,SEARCH_Y
11.9611,0.9494,0.5436,0.0536,-0.01081,0.15786,-0.03426,0.00,-3.00,0.00,46.0,117.06,634.71,257.17,SEARCH_Y
11.9711,0.9294,0.1336,0.2836,-0.01981,0.16086,-0.03926,0.00,-3.00,0.00,46.0,117.04,634.71,257.17,SEARCH_Y
11.9812,1.0094,0.2336,0.0436,-0.02681,0.14986,-0.04026,0.00,-3.00,0.00,46.0,117.00,634.71,257.17,SEARCH_Y
11.9913,0.9194,0.3836,0.0936,-0.01881,0.16786,-0.03626,0.00,-3.00,0.00,46.0,116.98,634.71,257.17,SEARCH_Y
12.0014,1.3094,0.7536,-0.2763,-0.01381,0.14586,-0.03926,0.00,-3.00,0.00,46.1,116.94,634.71,257.17,SEARCH_Y
12.0115,0.9694,0.5636,0.0736,-0.04481,0.14586,-0.03526,0.00,-3.00,0.00,46.1,116.92,634.71,257.17,SEARCH_Y
12.0216,1.1194,0.2236,0.4736,-0.02781,0.16386,-0.03826,0.00,-3.00,0.00,46.1,116.88,634.70,257.17,SEARCH_Y
12.0317,0.9094,0.7636,0.1236,-0.05581,0.14986,-0.03626,0.00,-3.00,0.00,46.1,116.86,634.70,257.17,SEARCH_Y
12.0418,0.9194,0.6736,0.3036,-0.07281,0.15086,-0.03926,0.00,-3.00,0.00,46.1,116.82,634.70,257.17,SEARCH_Y
12.0519,0.8294,0.7036,0.2736,-0.08481,0.15386,-0.04126,0.00,-3.00,0.00,46.1,116.79,634.70,257.17,SEARCH_Y
12.0620,0.9194,0.8936,-0.1463,-0.08481,0.14086,-0.04126,0.00,-3.00,0.00,46.1,116.76,634.70,257.17,SEARCH_Y
12.0721,1.0094,1.3536,-0.0463,-0.08381,0.14086,-0.03826,0.00,-3.00,0.00,46.1,116.72,634.70,257.17,SEARCH_Z
12.0823,0.9494,1.0336,-0.2263,-0.09181,0.13886,-0.04026,0.00,0.00,3.00,46.1,116.70,634.70,257.17,SEARCH_Z
12.0924,1.0294,1.1536,0.0336,-0.09981,0.14386,-0.04126,0.00,0.00,3.00,46.1,116.66,634.70,257.17,SEARCH_Z
12.1025,1.0294,0.8836,0.2236,-0.07381,0.15386,-0.04026,0.00,0.00,3.00,46.1,116.64,634.70,257.17,SEARCH_Z
12.1126,0.8794,0.9936,-0.0863,-0.08781,0.14386,-0.03626,0.00,0.00,3.00,46.1,116.61,634.71,257.17,SEARCH_Z
12.1227,0.9794,0.5236,0.1536,-0.06181,0.16586,-0.04026,0.00,0.00,3.00,46.1,116.59,634.71,257.17,SEARCH_Z
12.1328,0.8794,1.0636,0.0436,-0.07981,0.15086,-0.04126,0.00,0.00,3.00,46.1,116.57,634.72,257.17,SEARCH_Z
12.1429,1.0994,0.7736,-0.1563,-0.05181,0.15986,-0.04326,0.00,0.00,3.00,46.1,116.56,634.73,257.17,SEARCH_Z
12.1530,0.9694,0.6236,0.2436,-0.05581,0.16086,-0.04026,0.00,0.00,3.00,46.1,116.54,634.75,257.17,SEARCH_Z
12.1632,1.0594,0.3136,0.1036,-0.03381,0.17086,-0.04626,0.00,0.00,3.00,46.1,116.53,634.77,257.17,SEARCH_Z
12.1732,1.0694,0.7336,0.0336,-0.02681,0.16186,-0.03526,0.00,0.00,3.00,46.1,116.52,634.79,257.17,SEARCH_Z
12.1833,1.0994,0.4436,-0.1263,-0.00681,0.15786,-0.03826,0.00,0.00,3.00,46.1,116.51,634.81,257.17,SEARCH_Z
12.1934,1.2694,0.3336,0.2936,-0.00881,0.15786,-0.04026,0.00,0.00,3.00,46.1,116.51,634.84,257.17,SEARCH_Z
12.2035,0.8894,0.4136,0.2836,-0.01581,0.16186,-0.04026,0.00,0.00,3.00,46.1,116.50,634.87,257.17,SEARCH_Z
12.2136,1.0094,0.1336,-0.2663,0.00018,0.15486,-0.03826,0.00,0.00,3.00,46.1,116.50,634.90,257.17,SEARCH_Z
12.2237,0.7694,0.2736,-0.0863,-0.00281,0.15786,-0.03526,0.00,0.00,3.00,46.1,116.50,634.93,257.17,SEARCH_Z
12.2338,0.8294,0.0836,0.4036,-0.01181,0.16886,-0.03826,0.00,0.00,3.00,46.1,116.50,634.96,257.18,SEARCH_Z
12.2439,0.8894,0.3536,0.1836,-0.01181,0.15786,-0.03326,0.00,0.00,3.00,46.1,116.50,634.99,257.18,SEARCH_Z
12.2540,1.0194,0.0836,0.1036,-0.00981,0.15186,-0.03726,0.00,0.00,3.00,46.1,116.50,635.02,257.18,SEARCH_Z
12.2641,0.9394,0.6236,-0.1663,-0.01081,0.14586,-0.02726,0.00,0.00,3.00,46.1,116.50,635.05,257.18,SEARCH_Z
12.2742,0.7694,0.8836,-0.4263,-0.01581,0.13686,-0.02526,0.00,0.00,3.00,46.1,116.50,635.08,257.18,SEARCH_Z
12.2843,0.9394,0.6136,-0.2463,-0.00481,0.13086,-0.02826,0.00,0.00,3.00,46.1,116.49,635.12,257.18,SEARCH_Z
12.2944,0.9994,0.0236,-0.2063,0.00118,0.12386,-0.02926,0.00,0.00,3.00,46.1,116.49,635.14,257.18,SEARCH_Z
12.3046,1.0494,-0.0363,0.0536,0.00218,0.12786,-0.02626,0.00,0.00,3.00,46.1,116.49,635.18,257.18,SEARCH_Z
12.3147,1.0994,0.0836,0.0236,0.00418,0.11786,-0.02526,0.00,0.00,3.00,46.1,116.49,635.20,257.18,SEARCH_Z
12.3248,0.8294,0.7136,-0.3163,-0.00281,0.12286,-0.02026,0.00,0.00,3.00,46.1,116.49,635.24,257.19,SEARCH_Z
12.3349,0.9594,0.1236,0.1036,0.00018,0.12986,-0.02326,0.00,0.00,3.00,46.1,116.49,635.26,257.19,SEARCH_Z
12.3450,0.7494,-0.0463,0.1836,-0.01981,0.13286,-0.02526,0.00,0.00,3.00,46.1,116.49,635.30,257.19,SEARCH_Z
12.3550,0.9194,0.3536,-0.1163,0.00218,0.13286,-0.02626,0.00,0.00,3.00,46.1,116.49,635.32,257.19,SEARCH_Z
12.3651,0.8894,0.1536,0.0836,0.00518,0.13386,-0.03126,0.00,0.00,3.00,46.1,116.49,635.36,257.19,SEARCH_Z
12.3753,0.9994,0.1536,-0.0863,0.02018,0.12786,-0.02726,0.00,0.00,3.00,46.1,116.48,635.38,257.19,SEARCH_Z
12.3854,0.8794,-0.0663,-0.1063,0.02118,0.13886,-0.02626,0.00,0.00,3.00,46.1,116.48,635.42,257.19,SEARCH_Z
12.3954,0.8994,0.3036,-0.0863,0.02018,0.14686,-0.02726,0.00,0.00,3.00,46.1,116.48,635.44,257.19,SEARCH_Z
12.4056,1.0694,0.3136,-0.3063,0.01218,0.13186,-0.02926,0.00,0.00,3.00,46.1,116.48,635.48,257.19,SEARCH_Z
12.4157,0.8694,0.5036,-0.0963,-0.00581,0.13786,-0.02826,0.00,0.00,3.00,46.1,116.48,635.50,257.19,SEARCH_Z
12.4258,1.0494,0.1536,0.1936,-0.00481,0.12886,-0.02826,0.00,0.00,3.00,46.1,116.48,635.54,257.20,SEARCH_Z
12.4359,0.9094,0.3936,-0.3663,-0.00381,0.13586,-0.02526,0.00,0.00,3.00,46.1,116.48,635.56,257.20,SEARCH_Z
12.4460,0.8794,0.3736,-0.0363,-0.00981,0.13286,-0.03526,0.00,0.00,3.00,46.1,116.48,635.60,257.20,SEARCH_Z
12.4561,0.8094,0.4436,-0.0763,-0.01681,0.14386,-0.02626,0.00,0.00,3.00,46.1,116.48,635.62,257.20,SEARCH_Z
12.4662,1.0894,-0.0163,0.2736,0.01218,0.15186,-0.03526,0.00,0.00,3.00,46.1,116.47,635.66,257.20,SEARCH_Z
12.4763,0.8394,0.3736,-0.0963,0.00018,0.14286,-0.03026,0.00,0.00,3.00,46.1,116.47,635.69,257.20,SEARCH_Z
12.4865,0.7594,0.3736,-0.2363,-0.01381,0.12886,-0.03226,0.00,0.00,3.00,46.1,116.47,635.72,257.20,SEARCH_Z
12.4966,0.8894,0.2136,0.1936,0.01218,0.16386,-0.03426,0.00,0.00,3.00,46.1,116.47,635.75,257.20,SEARCH_Z
12.5067,0.9794,0.1436,-0.0863,-0.00981,0.12986,-0.03326,0.00,0.00,3.00,46.1,116.47,635.78,257.20,SEARCH_Z
12.5168,0.8494,0.2136,-0.2163,-0.00181,0.14386,-0.03526,0.00,0.00,3.00,46.2,116.47,635.81,257.21,SEARCH_Z
12.5269,0.9994,0.2636,-0.1463,0.01418,0.15186,-0.03226,0.00,0.00,3.00,46.2,116.47,635.84,257.21,SEARCH_Z
12.5370,1.0194,0.1136,-0.0063,0.00518,0.14286,-0.03226,0.00,0.00,3.00,46.2,116.47,635.87,257.21,SEARCH_Z
12.5471,1.1494,0.0736,0.1336,0.02918,0.15086,-0.03426,0.00,0.00,3.00,46.2,116.47,635.90,257.21,SEARCH_Z
12.5572,1.2094,0.1536,0.1936,0.02718,0.15086,-0.03426,0.00,0.00,3.00,46.2,116.46,635.93,257.21,SEARCH_Z
12.5673,0.9894,0.4736,-0.2863,0.00518,0.13286,-0.02926,0.00,0.00,3.00,46.2,116.46,635.96,257.21,SEARCH_Z
12.5774,1.0994,0.2636,-0.0763,0.00618,0.14686,-0.03126,0.00,0.00,3.00,46.2,116.46,635.99,257.21,SEARCH_Z
12.5875,0.8294,0.0436,0.2436,-0.01281,0.14986,-0.03226,0.00,0.00,3.00,46.2,116.46,636.02,257.21,SEARCH_Z
12.5976,0.9794,-0.1863,0.2736,-0.00781,0.13686,-0.03426,0.00,0.00,3.00,46.2,116.46,636.05,257.21,SEARCH_Z
12.6076,1.1194,0.1336,-0.2163,0.00218,0.12786,-0.02926,0.00,0.00,3.00,46.2,116.46,636.09,257.22,SEARCH_Z
12.6177,0.7894,0.0436,0.0736,0.00018,0.14986,-0.03126,0.00,0.00,3.00,46.2,116.46,636.11,257.22,SEARCH_Z
12.6278,1.0294,0.1136,0.0136,-0.00781,0.13386,-0.03026,0.00,0.00,3.00,46.2,116.46,636.14,257.22,SEARCH_Z
12.6379,0.9294,0.2736,-0.2663,0.01018,0.14286,-0.02726,0.00,0.00,3.00,46.2,116.45,636.17,257.22,SEARCH_Z
12.6480,1.0794,0.4436,-0.1263,0.00518,0.14486,-0.03326,0.00,0.00,3.00,46.2,116.45,636.20,257.22,SEARCH_Z
12.6581,1.0794,0.2536,-0.3163,0.00418,0.13486,-0.03026,0.00,0.00,3.00,46.2,116.45,636.23,257.22,SEARCH_Z
12.6682,0.8894,-0.1163,0.0636,0.00318,0.14686,-0.03326,0.00,0.00,3.00,46.2,116.45,636.27,257.22,SEARCH_Z
12.6783,0.8794,0.0636,-0.1563,0.00618,0.14386,-0.03526,0.00,0.00,3.00,46.2,116.45,636.29,257.22,SEARCH_Z
12.6884,0.8894,-0.0663,0.2836,0.00118,0.14186,-0.03126,0.00,0.00,3.00,46.2,116.45,636.33,257.22,SEARCH_Z
12.6985,0.9894,0.2836,-0.0163,0.00218,0.14686,-0.02826,0.00,0.00,3.00,46.2,116.45,636.35,257.23,SEARCH_Z
12.7087,0.9694,0.3836,0.1736,0.00118,0.14686,-0.03226,0.00,0.00,3.00,46.2,116.45,636.39,257.23,SEARCH_Z
12.7188,0.9594,0.2636,-0.2263,0.01018,0.13886,-0.02826,0.00,0.00,3.00,46.2,116.45,636.41,257.23,SEARCH_Z
12.7289,1.0294,0.0636,0.0936,0.00118,0.15286,-0.03426,0.00,0.00,3.00,46.2,116.44,636.45,257.23,SEARCH_Z
12.7390,0.9094,0.0936,0.2336,0.00318,0.14986,-0.03126,0.00,0.00,3.00,46.2,116.44,636.47,257.23,SEARCH_Z
12.7491,1.0994,0.0736,0.2536,0.01818,0.14886,-0.03226,0.00,0.00,3.00,46.2,116.44,636.51,257.23,SEARCH_Z
12.7592,0.7794,0.2436,-0.1863,-0.01381,0.14686,-0.03126,0.00,0.00,3.00,46.2,116.44,636.53,257.23,SEARCH_Z
12.7693,1.0994,0.1236,-0.1063,0.00518,0.14086,-0.03126,0.00,0.00,3.00,46.2,116.44,636.57,257.23,SEARCH_Z
12.7794,0.8994,0.5236,-0.1363,0.00518,0.14086,-0.02926,0.00,0.00,3.00,46.2,116.44,636.59,257.23,SEARCH_Z
12.7895,0.9894,0.2436,-0.3463,-0.00281,0.13086,-0.03226,0.00,0.00,3.00,46.2,116.44,636.63,257.24,SEARCH_Z
12.7996,0.9094,0.1536,-0.1163,0.01318,0.14886,-0.03126,0.00,0.00,3.00,46.2,116.44,636.65,257.24,SEARCH_Z
12.8097,0.8694,-0.0363,0.0936,0.00618,0.15286,-0.03326,0.00,0.00,3.00,46.2,116.44,636.69,257.24,SEARCH_Z
12.8198,0.7194,0.2436,-0.1363,0.00618,0.14186,-0.03026,0.00,0.00,3.00,46.2,116.43,636.71,257.24,SEARCH_Z
12.8299,1.0094,0.2736,0.0436,0.00418,0.14286,-0.02926,0.00,0.00,3.00,46.2,116.43,636.75,257.24,SEARCH_Z
12.8400,0.8294,0.4036,-0.0463,-0.01081,0.14386,-0.02926,0.00,0.00,3.00,46.2,116.43,636.77,257.24,SEARCH_Z
12.8501,0.7994,0.4436,0.0536,0.01818,0.16986,-0.02826,0.00,0.00,3.00,46.2,116.43,636.81,257.24,SEARCH_Z
12.8602,0.7994,0.2236,0.1236,-0.00281,0.14686,-0.03126,0.00,0.00,3.00,46.2,116.43,636.85,257.24,SEARCH_Z
12.8703,1.1194,-0.0463,0.3936,0.00918,0.14186,-0.03326,0.00,0.00,3.00,46.2,116.43,636.87,257.24,SEARCH_Z
12.8804,0.9694,0.2436,0.1536,0.00218,0.14086,-0.02926,0.00,0.00,3.00,46.2,116.43,636.91,257.25,SEARCH_Z
12.8905,0.9894,0.0436,-0.1763,0.00518,0.13586,-0.03026,0.00,0.00,3.00,46.2,116.43,636.93,257.25,SEARCH_Z
12.9006,1.1394,-0.0863,0.3236,0.01418,0.15186,-0.03426,0.00,0.00,3.00,46.2,116.42,636.97,257.25,SEARCH_Z
12.9107,0.8594,0.3336,-0.1963,0.00618,0.13986,-0.03226,0.00,0.00,3.00,46.2,116.42,636.99,257.25,SEARCH_Z
12.9208,1.1594,0.2236,-0.1563,0.02018,0.14686,-0.03226,0.00,0.00,3.00,46.2,116.42,637.03,257.25,SEARCH_Z
12.9309,0.7994,0.3036,0.1136,0.00418,0.15686,-0.03326,0.00,0.00,3.00,46.2,116.42,637.05,257.25,SEARCH_Z
12.9410,0.8194,0.4136,-0.0263,0.00718,0.15286,-0.03326,0.00,0.00,3.00,46.2,116.42,637.09,257.25,SEARCH_Z
12.9511,0.9494,0.1736,0.0836,0.00818,0.14786,-0.03326,0.00,0.00,3.00,46.2,116.42,637.11,257.25,SEARCH_Z
12.9612,0.7494,0.3036,-0.1663,0.00318,0.14786,-0.03326,0.00,0.00,3.00,46.2,116.42,637.15,257.25,SEARCH_Z
12.9713,0.9494,0.0936,-0.2463,0.00418,0.14786,-0.03126,0.00,0.00,3.00,46.2,116.42,637.17,257.26,SEARCH_Z
12.9815,0.8994,0.3436,0.4536,-0.00081,0.15586,-0.03426,0.00,0.00,3.00,46.2,116.42,637.21,257.26,SEARCH_Z
12.9916,0.9994,-0.0663,0.1036,0.00918,0.14686,-0.03426,0.00,0.00,3.00,46.2,116.41,637.23,257.26,SEARCH_Z
13.0017,0.9294,0.3736,-0.1963,0.01618,0.15086,-0.03226,0.00,0.00,3.00,46.2,116.41,637.27,257.26,SEARCH_Z
13.0118,1.1194,0.2536,-0.3863,0.03218,0.14786,-0.03526,0.00,0.00,3.00,46.2,116.41,637.29,257.26,SEARCH_Z
13.0219,0.8894,0.2236,0.0236,0.00518,0.14786,-0.03026,0.00,0.00,3.00,46.2,116.41,637.33,257.26,SEARCH_Z
13.0320,0.9094,0.1036,-0.1363,-0.00481,0.13586,-0.03426,0.00,0.00,3.00,46.2,116.41,637.35,257.26,SEARCH_Z
13.0421,0.7494,-0.0263,0.0236,0.00018,0.15186,-0.03226,0.00,0.00,3.00,46.2,116.41,637.39,257.26,SEARCH_Z
13.0522,0.9494,0.3436,0.0136,0.01218,0.14986,-0.03426,0.00,0.00,3.00,46.2,116.41,637.42,257.26,SEARCH_Z
13.0623,0.9494,-0.0163,0.1836,0.00518,0.15086,-0.03426,0.00,0.00,3.00,46.2,116.41,637.45,257.27,SEARCH_Z
13.0724,1.0294,0.2436,-0.0663,0.00418,0.13886,-0.03126,0.00,0.00,3.00,46.2,116.41,637.48,257.27,SEARCH_Z
13.0825,0.9294,0.1336,-0.1263,0.00418,0.13586,-0.03126,0.00,0.00,3.00,46.2,116.40,637.51,257.27,SEARCH_Z
13.0926,0.7894,0.4136,0.0736,-0.00581,0.15086,-0.03126,0.00,0.00,3.00,46.2,116.40,637.54,257.27,SEARCH_Z
13.1027,0.8094,0.2536,0.2036,0.01918,0.15886,-0.03226,0.00,0.00,3.00,46.2,116.40,637.57,257.27,SEARCH_Z
13.1128,0.8294,0.2236,-0.2563,-0.00581,0.13386,-0.03126,0.00,0.00,3.00,46.2,116.40,637.60,257.27,SEARCH_Z
13.1229,0.8094,0.4836,-0.3163,0.00418,0.13786,-0.03226,0.00,0.00,3.00,46.2,116.40,637.63,257.27,SEARCH_Z
13.1330,0.9094,0.1636,-0.2663,-0.01481,0.13486,-0.03326,0.00,0.00,3.00,46.2,116.40,637.66,257.27,SEARCH_Z
13.1431,0.8794,0.3936,0.2836,-0.00781,0.14086,-0.03026,0.00,0.00,3.00,46.2,116.40,637.69,257.27,SEARCH_Z
13.1532,1.0094,0.7136,-0.4863,0.01718,0.14186,-0.02626,0.00,0.00,3.00,46.2,116.40,637.72,257.28,SEARCH_Z
13.1633,0.9494,0.1236,-0.1063,0.01418,0.13586,-0.03026,0.00,0.00,3.00,46.2,116.40,637.75,257.28,SEARCH_Z
13.1734,0.9094,0.4936,0.0336,0.00218,0.14886,-0.02926,0.00,0.00,3.00,46.2,116.39,637.78,257.28,SEARCH_Z
13.1835,0.7594,0.6136,-0.1263,-0.00381,0.13786,-0.02426,0.00,0.00,3.00,46.2,116.39,637.81,257.28,SEARCH_Z
13.1936,0.9694,0.3036,-0.3063,0.01818,0.14486,-0.03126,0.00,0.00,3.00,46.2,116.39,637.84,257.28,SEARCH_Z
13.2037,0.9794,0.3336,-0.3563,0.00418,0.13786,-0.03226,0.00,0.00,3.00,46.3,116.39,637.87,257.28,SEARCH_Z
13.2138,0.8094,0.7136,-0.3763,0.01118,0.14686,-0.02826,0.00,0.00,3.00,46.3,116.39,637.90,257.28,SEARCH_Z
13.2239,0.7594,0.3136,-0.2063,0.00718,0.14086,-0.03126,0.00,0.00,3.00,46.3,116.39,637.93,257.28,SEARCH_Z
13.2340,0.8694,0.0436,0.0536,0.00718,0.13586,-0.03326,0.00,0.00,3.00,46.3,116.39,637.96,257.28,SEARCH_Z
13.2441,0.7894,0.3636,-0.3063,0.00318,0.14286,-0.03026,0.00,0.00,3.00,46.3,116.39,637.99,257.28,SEARCH_Z
13.2542,0.8194,0.0736,-0.1063,0.00618,0.13286,-0.02926,0.00,0.00,3.00,46.3,116.39,638.02,257.29,SEARCH_Z
13.2643,1.0394,0.4436,-0.1963,0.00718,0.12786,-0.02926,0.00,0.00,3.00,46.3,116.38,638.06,257.29,SEARCH_Z
13.2744,0.9694,0.0536,0.0136,0.01018,0.14586,-0.03426,0.00,0.00,3.00,46.3,116.38,638.08,257.29,SEARCH_Z
13.2845,1.0194,0.1636,-0.0663,0.03518,0.14586,-0.03126,0.00,0.00,3.00,46.3,116.38,638.12,257.29,SEARCH_Z
13.2945,0.9194,0.2336,-0.0863,-0.00981,0.12386,-0.03026,0.00,0.00,3.00,46.3,116.38,638.14,257.29,SEARCH_Z
13.3046,0.8694,0.1436,0.0636,0.00918,0.14086,-0.02926,0.00,0.00,3.00,46.3,116.38,638.18,257.29,SEARCH_Z
13.3147,0.8994,0.5536,-0.5163,0.00518,0.12686,-0.02726,0.00,0.00,3.00,46.3,116.38,638.20,257.29,SEARCH_Z
13.3249,0.9494,0.1736,-0.1363,0.01318,0.14486,-0.03526,0.00,0.00,3.00,46.3,116.38,638.24,257.29,SEARCH_Z
13.3350,0.8994,0.2436,-0.0763,0.00518,0.14686,-0.03026,0.00,0.00,3.00,46.3,116.38,638.26,257.29,SEARCH_Z
13.3451,0.9594,0.1536,-0.2163,0.00518,0.13586,-0.03026,0.00,0.00,3.00,46.3,116.37,638.30,257.30,SEARCH_Z
13.3552,0.7894,-0.0763,-0.0963,0.00118,0.14186,-0.03326,0.00,0.00,3.00,46.3,116.37,638.32,257.30,SEARCH_Z
13.3653,1.0594,0.1036,0.1436,0.01418,0.14586,-0.03526,0.00,0.00,3.00,46.3,116.37,638.36,257.30,SEARCH_Z
13.3754,0.8794,-0.1063,0.2536,0.01418,0.14486,-0.03326,0.00,0.00,3.00,46.3,116.37,638.38,257.30,SEARCH_Z
13.3855,1.0294,0.1236,0.1836,0.01318,0.14186,-0.03026,0.00,0.00,3.00,46.3,116.37,638.42,257.30,SEARCH_Z
13.3956,0.8994,0.4536,-0.1763,0.00918,0.14486,-0.03026,0.00,0.00,3.00,46.3,116.37,638.44,257.30,SEARCH_Z
13.4057,0.8194,0.1336,0.0736,0.01018,0.15286,-0.03326,0.00,0.00,3.00,46.3,116.37,638.48,257.30,SEARCH_Z
13.4158,1.0194,0.0736,0.0536,0.02318,0.14586,-0.03426,0.00,0.00,3.00,46.3,116.37,638.50,257.30,SEARCH_Z
13.4259,1.0094,0.2436,-0.0963,0.01718,0.13986,-0.02926,0.00,0.00,3.00,46.3,116.37,638.54,257.30,SEARCH_Z
13.4360,0.8894,0.4036,-0.0563,0.01018,0.13986,-0.02626,0.00,0.00,3.00,46.3,116.36,638.56,257.31,SEARCH_Z
13.4460,0.8594,0.6036,-0.5463,0.00418,0.12786,-0.02826,0.00,0.00,3.00,46.3,116.36,638.60,257.31,SEARCH_Z
13.4561,0.7894,0.5636,-0.1263,0.00418,0.13986,-0.03126,0.00,0.00,3.00,46.3,116.36,638.62,257.31,SEARCH_Z
13.4662,0.8794,0.0936,-0.0263,-0.00181,0.13586,-0.03126,0.00,0.00,3.00,46.3,116.36,638.66,257.31,SEARCH_Z
13.4763,0.9194,0.3036,-0.1563,-0.00181,0.12986,-0.03026,0.00,0.00,3.00,46.3,116.36,638.69,257.31,SEARCH_Z
13.4866,0.9994,0.1336,0.1036,0.00518,0.13086,-0.02726,0.00,0.00,3.00,46.3,116.36,638.72,257.31,SEARCH_Z
13.4967,0.6394,0.0236,0.0836,-0.00281,0.14586,-0.03026,0.00,0.00,3.00,46.3,116.36,638.75,257.31,SEARCH_Z
13.5068,0.9694,0.4236,-0.5263,0.00418,0.12986,-0.02926,0.00,0.00,3.00,46.3,116.36,638.78,257.31,SEARCH_Z
13.5169,0.9494,0.0136,-0.0463,0.00818,0.12986,-0.03226,0.00,0.00,3.00,46.3,116.36,638.81,257.31,SEARCH_Z
13.5270,1.0294,0.1836,0.0536,0.00818,0.13386,-0.02926,0.00,0.00,3.00,46.3,116.35,638.84,257.32,SEARCH_Z
13.5371,0.7994,0.1536,-0.0263,-0.00681,0.13786,-0.03426,0.00,0.00,3.00,46.3,116.35,638.87,257.32,SEARCH_Z
13.5472,0.7894,0.1236,-0.0163,0.01318,0.14686,-0.03326,0.00,0.00,3.00,46.3,116.35,638.90,257.32,SEARCH_Z
13.5573,0.8794,0.3236,-0.1963,0.00218,0.12986,-0.02826,0.00,0.00,3.00,46.3,116.35,638.93,257.32,SEARCH_Z
13.5674,0.9694,-0.1063,0.2236,0.01718,0.14386,-0.03126,0.00,0.00,3.00,46.3,116.35,638.96,257.32,SEARCH_Z
13.5775,0.7794,0.5536,-0.2863,-0.01081,0.12486,-0.03026,0.00,0.00,3.00,46.3,116.35,638.99,257.32,SEARCH_Z
13.5877,0.7694,0.0736,0.2836,0.00818,0.14586,-0.02826,0.00,0.00,3.00,46.3,116.35,639.02,257.32,SEARCH_Z
13.5978,1.0794,0.2036,0.0436,0.02718,0.14086,-0.02926,0.00,0.00,3.00,46.4,116.35,639.05,257.32,SEARCH_Z
13.6079,1.0994,-0.0963,0.2736,0.01818,0.14186,-0.03226,0.00,0.00,3.00,46.4,116.35,639.08,257.32,SEARCH_Z
13.6180,0.9194,0.2736,-0.1163,-0.00881,0.12486,-0.03026,0.00,0.00,3.00,46.4,116.34,639.11,257.33,SEARCH_Z
13.6281,0.9594,0.0436,-0.1763,0.01118,0.12486,-0.03026,0.00,0.00,3.00,46.4,116.34,639.14,257.33,SEARCH_Z
13.6382,1.0794,-0.1363,0.0536,0.00218,0.13286,-0.02926,0.00,0.00,3.00,46.4,116.34,639.17,257.33,SEARCH_Z
13.6483,0.9394,0.1836,-0.2763,0.01218,0.13186,-0.02826,0.00,0.00,3.00,46.4,116.34,639.21,257.33,SEARCH_Z
13.6584,0.8794,0.0336,0.0536,0.00018,0.13086,-0.03426,0.00,0.00,3.00,46.4,116.34,639.23,257.33,SEARCH_Z
13.6685,0.7594,-0.1463,0.5736,0.01018,0.15386,-0.03026,0.00,0.00,3.00,46.4,116.34,639.27,257.33,SEARCH_Z
13.6786,0.9394,0.0736,0.0036,0.00318,0.13586,-0.03126,0.00,0.00,3.00,46.4,116.34,639.29,257.33,SEARCH_Z
13.6887,0.9394,0.1936,-0.0863,0.01618,0.14586,-0.03126,0.00,0.00,3.00,46.4,116.34,639.33,257.33,SEARCH_Z
13.6988,0.9894,0.4236,-0.6663,0.01018,0.12586,-0.03126,0.00,0.00,3.00,46.4,116.33,639.35,257.33,SEARCH_Z
13.7089,0.9794,0.3136,-0.1363,0.02018,0.13886,-0.03126,0.00,0.00,3.00,46.4,116.33,639.39,257.34,SEARCH_Z
13.7190,0.7894,0.1536,-0.1263,-0.00781,0.12886,-0.03026,0.00,0.00,3.00,46.4,116.33,639.41,257.34,SEARCH_Z
13.7291,0.8194,0.0536,0.2936,0.00118,0.14086,-0.03426,0.00,0.00,3.00,46.4,116.33,639.45,257.34,SEARCH_Z
13.7392,0.8594,0.3036,-0.3763,-0.00981,0.12486,-0.02826,0.00,0.00,3.00,46.4,116.33,639.47,257.34,SEARCH_Z
13.7493,0.8594,0.4036,-0.1563,0.01618,0.14586,-0.02926,0.00,0.00,3.00,46.4,116.33,639.51,257.34,SEARCH_Z
13.7594,0.6794,0.3236,-0.2263,0.01018,0.14386,-0.02826,0.00,0.00,3.00,46.4,116.33,639.53,257.34,SEARCH_Z
13.7695,0.8594,0.0936,0.1536,0.00218,0.13486,-0.02726,0.00,0.00,3.00,46.4,116.33,639.57,257.34,SEARCH_Z
13.7796,0.9394,0.3636,-0.1363,0.01518,0.13986,-0.02626,0.00,0.00,3.00,46.4,116.33,639.59,257.34,SEARCH_Z
13.7897,0.8194,0.1536,0.1036,0.00018,0.14686,-0.03126,0.00,0.00,3.00,46.4,116.32,639.63,257.34,SEARCH_Z
13.7997,0.7194,0.3736,-0.3363,0.01018,0.14286,-0.02926,0.00,0.00,3.00,46.4,116.32,639.65,257.34,SEARCH_Z
13.8099,0.8094,0.2836,-0.0363,-0.00281,0.13586,-0.03126,0.00,0.00,3.00,46.4,116.32,639.69,257.35,SEARCH_Z
13.8200,0.9694,0.3536,-0.1163,0.00718,0.13486,-0.02926,0.00,0.00,3.00,46.4,116.32,639.71,257.35,SEARCH_Z
13.8301,0.7894,0.1236,-0.0863,0.00718,0.13686,-0.02826,0.00,0.00,3.00,46.4,116.32,639.75,257.35,SEARCH_Z
13.8402,0.8694,0.0936,-0.0163,-0.00081,0.13286,-0.03126,0.00,0.00,3.00,46.4,116.32,639.77,257.35,SEARCH_Z
13.8503,0.8494,0.1436,0.1336,0.01018,0.13986,-0.03226,0.00,0.00,3.00,46.4,116.32,639.81,257.35,SEARCH_Z
13.8604,0.7594,0.3536,-0.1963,0.00318,0.13786,-0.03026,0.00,0.00,3.00,46.4,116.32,639.85,257.35,SEARCH_Z
13.8705,0.7794,0.4036,-0.3463,-0.00381,0.12786,-0.02426,0.00,0.00,3.00,46.4,116.32,639.87,257.35,SEARCH_Z
13.8806,1.1694,0.0036,-0.0963,0.01218,0.13086,-0.03126,0.00,0.00,3.00,46.4,116.31,639.91,257.35,SEARCH_Z
13.8907,1.0094,-0.0763,0.1736,0.01418,0.12386,-0.03326,0.00,0.00,3.00,46.4,116.31,639.93,257.35,SEARCH_Z
13.9009,0.7994,-0.1863,0.2136,-0.00181,0.13386,-0.03426,0.00,0.00,3.00,46.4,116.31,639.97,257.36,SEARCH_Z
13.9110,1.0094,0.2336,0.0536,0.01218,0.13386,-0.03026,0.00,0.00,3.00,46.5,116.31,639.99,257.36,SEARCH_Z
13.9211,0.8394,-0.0563,-0.1163,0.00718,0.12786,-0.02826,0.00,0.00,3.00,46.5,116.31,640.03,257.36,SEARCH_Z
13.9312,0.8794,0.0736,-0.2063,0.01218,0.12886,-0.03426,0.00,0.00,3.00,46.5,116.31,640.05,257.36,SEARCH_Z
13.9413,1.0794,0.3236,0.0036,0.00618,0.13786,-0.02826,0.00,0.00,3.00,46.5,116.31,640.09,257.36,SEARCH_Z
13.9514,0.8894,0.3736,-0.3463,0.00218,0.12286,-0.02826,0.00,0.00,3.00,46.5,116.31,640.11,257.36,SEARCH_Z
13.9615,0.8594,0.2436,-0.0763,0.00718,0.13186,-0.03126,0.00,0.00,3.00,46.5,116.30,640.15,257.36,SEARCH_Z
13.9716,0.8594,0.1336,0.0836,0.00218,0.12886,-0.03126,0.00,0.00,3.00,46.5,116.30,640.17,257.36,SEARCH_Z
13.9817,0.6794,0.1236,-0.0663,0.00518,0.13586,-0.02726,0.00,0.00,3.00,46.5,116.30,640.21,257.36,SEARCH_Z
13.9918,0.9094,0.1636,0.0336,0.00718,0.12986,-0.03126,0.00,0.00,3.00,46.5,116.30,640.23,257.37,SEARCH_Z
14.0020,0.8194,0.0036,0.3136,0.02418,0.14386,-0.03126,0.00,0.00,3.00,46.5,116.30,640.27,257.37,SEARCH_Z
14.0121,1.0494,0.0436,0.3636,0.01118,0.12786,-0.03026,0.00,0.00,3.00,46.5,116.30,640.29,257.37,SEARCH_Z
14.0222,0.9794,0.0036,0.2136,0.03318,0.13686,-0.03226,0.00,0.00,3.00,46.5,116.30,640.33,257.37,SEARCH_Z
14.0323,0.7594,0.1736,0.2036,0.00518,0.13486,-0.03026,0.00,0.00,3.00,46.5,116.30,640.36,257.37,SEARCH_Z
14.0424,0.9094,0.4136,-0.0063,0.00318,0.12486,-0.02726,0.00,0.00,3.00,46.5,116.30,640.39,257.37,SEARCH_Z
14.0525,0.6194,0.5036,0.0736,0.01018,0.14386,-0.02726,0.00,0.00,3.00,46.5,116.29,640.42,257.37,SEARCH_Z
14.0626,0.9794,0.2036,-0.0863,0.01918,0.12186,-0.02726,0.00,0.00,3.00,46.5,116.29,640.45,257.37,SEARCH_Z
14.0727,0.8194,-0.0363,0.3136,0.00918,0.12886,-0.02826,0.00,0.00,3.00,46.5,116.29,640.48,257.37,SEARCH_Z
14.0828,0.8194,0.3636,0.1236,0.01018,0.11986,-0.02726,0.00,0.00,3.00,46.5,116.29,640.51,257.38,SEARCH_Z
14.0929,0.7794,0.1036,0.1336,0.01618,0.12886,-0.02626,0.00,0.00,3.00,46.5,116.29,640.54,257.38,SEARCH_Z
14.1030,0.6994,0.5236,-0.0963,0.01818,0.12786,-0.02026,0.00,0.00,3.00,46.5,116.29,640.57,257.38,SEARCH_Z
14.1131,0.6394,0.3936,0.3136,0.00618,0.12586,-0.02626,0.00,0.00,3.00,46.5,116.29,640.60,257.38,SEARCH_Z
14.1232,0.7494,-0.1063,0.5936,0.00918,0.12486,-0.02626,0.00,0.00,3.00,46.5,116.29,640.63,257.38,SEARCH_Z
14.1333,0.5694,0.4636,0.3836,0.02218,0.13086,-0.02226,0.00,0.00,3.00,46.5,116.29,640.66,257.38,SEARCH_Z
14.1434,0.7094,0.0636,0.5036,0.01518,0.12086,-0.02526,0.00,0.00,3.00,46.5,116.28,640.69,257.38,SEARCH_Z
14.1535,0.6994,0.2736,0.2536,0.01618,0.11386,-0.02426,0.00,0.00,3.00,46.5,116.28,640.72,257.38,SEARCH_Z
14.1636,0.6494,0.3936,0.2836,0.01118,0.11486,-0.02226,0.00,0.00,3.00,46.5,116.28,640.75,257.38,SEARCH_Z
14.1737,0.6394,0.2836,0.2736,0.03718,0.12786,-0.02026,0.00,0.00,3.00,46.5,116.28,640.78,257.39,SEARCH_Z
14.1838,0.3794,0.3636,0.1436,0.01518,0.11886,-0.02026,0.00,0.00,3.00,46.6,116.28,640.81,257.39,SEARCH_Z
14.1939,0.6694,-0.1863,0.4436,0.03318,0.12386,-0.02526,0.00,0.00,3.00,46.6,116.28,640.84,257.39,SEARCH_Z
14.2040,0.9894,0.0536,0.2336,0.04318,0.11886,-0.02226,0.00,0.00,3.00,46.6,116.28,640.87,257.39,SEARCH_Z
14.2141,0.8194,0.3236,0.0936,0.02018,0.11386,-0.01426,0.00,0.00,3.00,46.6,116.28,640.90,257.39,SEARCH_Z
14.2242,0.6494,0.0036,-0.0863,0.00618,0.10386,-0.02326,0.00,0.00,3.00,46.6,116.27,640.94,257.39,SEARCH_Z
14.2343,0.6094,0.2736,-0.1663,0.00818,0.10386,-0.02026,0.00,0.00,3.00,46.6,116.27,640.96,257.39,SEARCH_Z
14.2444,0.8294,-0.0563,0.2236,0.02118,0.11786,-0.02326,0.00,0.00,3.00,46.6,116.27,641.00,257.39,SEARCH_Z
14.2545,0.7294,0.4936,-0.2463,0.02018,0.10586,-0.01626,0.00,0.00,3.00,46.6,116.27,641.02,257.39,SEARCH_Z
14.2646,0.8094,0.1936,-0.0963,0.01418,0.10786,-0.02126,0.00,0.00,3.00,46.6,116.27,641.06,257.40,SEARCH_Z
14.2747,0.8994,-0.0563,0.0436,0.01618,0.10286,-0.02626,0.00,0.00,3.00,46.6,116.27,641.08,257.40,SEARCH_Z
14.2848,0.4794,0.2736,-0.2963,0.00918,0.11586,-0.02126,0.00,0.00,3.00,46.6,116.27,641.12,257.40,SEARCH_Z
14.2949,0.6294,0.3036,-0.6063,-0.01381,0.09486,-0.01726,0.00,0.00,3.00,46.6,116.27,641.14,257.40,SEARCH_Z
14.3050,0.9994,0.1836,-0.0763,0.00418,0.09886,-0.02226,0.00,0.00,3.00,46.6,116.27,641.18,257.40,SEARCH_Z
14.3151,0.6694,-0.0163,0.0436,-0.00581,0.10486,-0.02626,0.00,0.00,3.00,46.6,116.26,641.20,257.40,SEARCH_Z
14.3253,0.8794,0.0936,-0.1263,-0.00481,0.09186,-0.02726,0.00,0.00,3.00,46.6,116.26,641.24,257.40,SEARCH_Z
14.3354,0.5694,0.0136,-0.0363,-0.01781,0.09586,-0.02126,0.00,0.00,3.00,46.6,116.26,641.26,257.40,SEARCH_Z
14.3454,0.7594,0.1736,-0.1763,0.01818,0.10486,-0.02226,0.00,0.00,3.00,46.6,116.26,641.30,257.40,SEARCH_Z
14.3555,0.7994,0.0236,0.1436,0.01218,0.10386,-0.02226,0.00,0.00,3.00,46.6,116.26,641.32,257.41,SEARCH_Z
14.3656,0.4994,-0.0963,0.2936,0.00218,0.11186,-0.02026,0.00,0.00,3.00,46.6,116.26,641.36,257.41,SEARCH_Z
14.3757,0.6294,0.3236,-0.2163,0.01218,0.10186,-0.02226,0.00,0.00,3.00,46.6,116.26,641.38,257.41,SEARCH_Z
14.3858,0.7194,0.2636,-0.0763,0.01318,0.10886,-0.02226,0.00,0.00,3.00,46.6,116.26,641.42,257.41,SEARCH_Z
14.3959,0.6894,0.0836,-0.0763,-0.00381,0.09186,-0.01926,0.00,0.00,3.00,46.6,116.26,641.44,257.41,SEARCH_Z
14.4060,0.6694,0.1836,0.1036,0.01118,0.10886,-0.01726,0.00,0.00,3.00,46.6,116.25,641.48,257.41,SEARCH_Z
14.4161,0.7594,0.2536,-0.1163,0.00718,0.08986,-0.01626,0.00,0.00,3.00,46.7,116.25,641.50,257.41,SEARCH_Z
14.4262,0.5894,-0.0863,0.1036,-0.01181,0.09286,-0.02126,0.00,0.00,3.00,46.7,116.25,641.54,257.41,SEARCH_Z
14.4363,0.6794,0.2236,0.1036,0.02118,0.10986,-0.01826,0.00,0.00,3.00,46.7,116.25,641.57,257.41,SEARCH_Z
14.4464,0.5494,0.4436,-0.6063,-0.01881,0.08386,-0.01826,0.00,0.00,3.00,46.7,116.25,641.60,257.42,SEARCH_Z
14.4565,0.7794,0.4236,-0.4763,-0.01781,0.07086,-0.01626,0.00,0.00,3.00,46.7,116.25,641.63,257.42,SEARCH_Z
14.4666,0.8294,0.1436,-0.3763,0.00718,0.08486,-0.01626,0.00,0.00,3.00,46.7,116.25,641.66,257.42,SEARCH_Z
14.4767,0.6194,0.1936,-0.1063,0.00318,0.10486,-0.01926,0.00,0.00,3.00,46.7,116.25,641.69,257.42,SEARCH_Z
14.4870,0.5894,0.1336,-0.2163,-0.00181,0.09586,-0.01726,0.00,0.00,3.00,46.7,116.25,641.72,257.42,SEARCH_Z
14.4971,0.6494,0.2736,-0.6963,0.01318,0.09586,-0.01726,0.00,0.00,3.00,46.7,116.24,641.75,257.42,SEARCH_Z
14.5072,0.7694,0.1036,-0.2663,0.00718,0.08886,-0.01826,0.00,0.00,3.00,46.7,116.24,641.78,257.42,SEARCH_Z
14.5173,0.7894,0.4436,-0.8063,0.00018,0.08386,-0.01626,0.00,0.00,3.00,46.7,116.24,641.81,257.42,SEARCH_Z
14.5274,0.7194,-0.0263,-0.6163,-0.02481,0.06586,-0.01626,0.00,0.00,3.00,46.7,116.24,641.84,257.42,SEARCH_Z
14.5375,0.3794,0.4436,-1.1363,-0.02181,0.07586,-0.01326,0.00,0.00,3.00,46.7,116.24,641.87,257.43,SEARCH_Z
14.5476,0.5694,0.2436,-0.7463,-0.01781,0.08086,-0.01426,0.00,0.00,3.00,46.7,116.24,641.90,257.43,SEARCH_Z
