time,fx,fy,fz,tx,ty,tz,vx,vy,vz,travel_mm,pos_x,pos_y,pos_z,phase
0.0000,0.1076,0.1691,-0.1641,-0.00167,-0.01529,0.00230,-5.00,0.00,0.00,0.0,125.59,633.27,302.52,DESCEND
0.0102,-0.1423,-0.0408,0.0358,-0.01467,-0.00729,-0.00069,-5.00,0.00,0.00,0.0,125.59,633.27,302.51,DESCEND
0.0203,-0.0623,-0.3308,0.5558,-0.01467,-0.00129,-0.00569,-5.00,0.00,0.00,0.0,125.59,633.27,302.51,DESCEND
0.0304,-0.2023,0.0791,0.1858,-0.01167,0.00070,0.00230,-5.00,0.00,0.00,0.0,125.59,633.27,302.50,DESCEND
0.0405,-0.0423,0.3991,-0.3141,-0.00167,-0.00529,0.00130,-5.00,0.00,0.00,0.0,125.59,633.27,302.49,DESCEND
0.0506,0.1676,0.2491,-0.1541,0.01432,-0.00929,0.00030,-5.00,0.00,0.00,0.0,125.59,633.27,302.47,DESCEND
0.0607,0.0876,0.3091,-0.0141,-0.01667,-0.01929,0.00030,-5.00,0.00,0.00,0.1,125.59,633.27,302.46,DESCEND
0.0708,-0.0823,0.1291,0.0458,-0.00767,-0.00029,-0.00269,-5.00,0.00,0.00,0.1,125.59,633.27,302.43,DESCEND
0.0809,0.0076,0.4791,-0.5641,-0.00267,-0.01629,0.00130,-5.00,0.00,0.00,0.1,125.59,633.28,302.41,DESCEND
0.0911,-0.0123,0.0591,0.0658,-0.00067,-0.00429,0.00030,-5.00,0.00,0.00,0.1,125.59,633.28,302.38,DESCEND
0.1012,0.0476,-0.1808,0.3358,0.00832,0.00070,-0.00269,-5.00,0.00,0.00,0.2,125.59,633.28,302.33,DESCEND
0.1114,-0.1323,0.2191,0.0558,-0.00267,0.00570,0.00130,-5.00,0.00,0.00,0.2,125.59,633.28,302.30,DESCEND
0.1215,-0.0823,-0.0108,-0.1141,0.01432,0.00770,0.00030,-5.00,0.00,0.00,0.3,125.59,633.28,302.25,DESCEND
0.1316,-0.0723,-0.0608,0.1858,-0.00167,-0.00629,0.00030,-5.00,0.00,0.00,0.3,125.59,633.28,302.22,DESCEND
0.1417,-0.1223,-0.0708,0.3758,-0.00567,0.00370,-0.00369,-5.00,0.00,0.00,0.4,125.59,633.28,302.16,DESCEND
0.1518,0.2676,-0.1008,0.2658,0.00432,0.00170,-0.00169,-5.00,0.00,0.00,0.4,125.59,633.29,302.12,DESCEND
0.1619,0.1576,-0.0708,0.1658,-0.01267,-0.00529,-0.00269,-5.00,0.00,0.00,0.5,125.59,633.29,302.06,DESCEND
0.1720,0.1976,0.0691,0.0758,-0.00667,0.00370,-0.00169,-5.00,0.00,0.00,0.5,125.59,633.29,302.02,DESCEND
0.1822,-0.0023,0.6091,-0.2341,-0.01267,0.00070,0.00630,-5.00,0.00,0.00,0.6,125.59,633.29,301.96,DESCEND
0.1923,-0.0323,0.0891,-0.0041,-0.01767,-0.00829,-0.00169,-5.00,0.00,0.00,0.6,125.59,633.29,301.92,DESCEND
0.2024,-0.0023,0.0091,-0.0641,0.00232,-0.00829,-0.00069,-5.00,0.00,0.00,0.7,125.59,633.30,301.86,DESCEND
0.2126,-0.1023,0.3191,-0.4341,0.00332,-0.00829,0.00230,-5.00,0.00,0.00,0.7,125.59,633.30,301.82,DESCEND
0.2227,-0.0723,-0.1608,0.2458,0.00732,-0.00629,-0.00369,-5.00,0.00,0.00,0.8,125.59,633.30,301.76,DESCEND
0.2328,-0.0823,0.0491,-0.1841,0.00632,-0.00729,-0.00469,-5.00,0.00,0.00,0.8,125.59,633.30,301.72,DESCEND
0.2429,0.1176,-0.0308,-0.2241,0.00732,-0.00829,0.00130,-5.00,0.00,0.00,0.9,125.59,633.30,301.66,DESCEND
0.2530,0.0576,-0.0308,0.0758,-0.01267,-0.01529,-0.00269,-5.00,0.00,0.00,0.9,125.59,633.30,301.62,DESCEND
0.2631,-0.0623,0.0891,0.0358,-0.00767,-0.00629,0.00230,-5.00,0.00,0.00,1.0,125.59,633.31,301.56,DESCEND
0.2732,0.1176,0.0291,-0.0641,0.00932,0.00470,-0.00169,-5.00,0.00,0.00,1.0,125.59,633.31,301.50,DESCEND
0.2833,0.0276,0.0091,0.0758,-0.00667,0.00070,-0.00369,-5.00,0.00,0.00,1.1,125.59,633.31,301.46,DESCEND
0.2934,0.2076,0.0991,0.2158,0.00032,-0.00329,-0.00069,-5.00,0.00,0.00,1.1,125.59,633.31,301.40,DESCEND
0.3035,-0.0323,0.0191,-0.2341,-0.00567,0.00070,0.00230,-5.00,0.00,0.00,1.2,125.59,633.31,301.36,DESCEND
0.3136,-0.0523,-0.0008,0.0158,0.00232,-0.00229,0.00030,-5.00,0.00,0.00,1.2,125.59,633.32,301.30,DESCEND
0.3237,-0.0623,0.1691,0.1358,-0.01267,-0.01629,-0.00169,-5.00,0.00,0.00,1.3,125.59,633.32,301.26,DESCEND
0.3339,0.0476,0.3191,-0.2941,0.01332,-0.00929,0.01030,-5.00,0.00,0.00,1.3,125.59,633.32,301.20,DESCEND
0.3440,-0.2223,-0.0508,-0.0041,-0.02667,-0.02529,-0.00069,-5.00,0.00,0.00,1.4,125.59,633.32,301.16,DESCEND
0.3541,-0.1523,-0.1608,-0.0341,0.00132,-0.01429,-0.00069,-5.00,0.00,0.00,1.4,125.59,633.32,301.10,DESCEND
0.3642,-0.0523,0.3491,-0.1841,0.00232,-0.01329,0.00330,-5.00,0.00,0.00,1.5,125.59,633.33,301.06,DESCEND
0.3743,-0.0723,0.0991,0.2558,-0.01167,-0.00629,0.00030,-5.00,0.00,0.00,1.5,125.59,633.33,301.00,DESCEND
0.3844,-0.0323,0.0891,-0.2141,-0.01267,-0.01529,0.00030,-5.00,0.00,0.00,1.6,125.59,633.33,300.96,DESCEND
0.3945,0.0776,0.0991,-0.0841,0.00532,-0.00429,-0.00169,-5.00,0.00,0.00,1.6,125.59,633.33,300.90,DESCEND
0.4046,-0.0023,-0.0208,-0.1241,-0.00667,-0.00529,-0.00069,-5.00,0.00,0.00,1.7,125.59,633.33,300.86,DESCEND
0.4147,-0.0423,0.3391,-0.0841,-0.01567,-0.01229,-0.00069,-5.00,0.00,0.00,1.7,125.59,633.33,300.80,DESCEND
0.4248,-0.0923,0.1691,0.1358,0.00132,-0.00629,0.00630,-5.00,0.00,0.00,1.8,125.60,633.34,300.76,DESCEND
0.4349,-0.0823,0.4891,-0.2241,-0.00367,-0.00929,0.00230,-5.00,0.00,0.00,1.8,125.60,633.34,300.70,DESCEND
0.4451,-0.0123,0.0191,0.2358,0.00132,0.00070,0.00130,-5.00,0.00,0.00,1.9,125.60,633.34,300.64,DESCEND
0.4552,0.0176,-0.0108,-0.1641,-0.01267,-0.01829,0.00030,-5.00,0.00,0.00,1.9,125.60,633.34,300.60,DESCEND
0.4653,0.0076,0.3791,-0.2541,-0.01167,-0.03129,0.00330,-5.00,0.00,0.00,2.0,125.60,633.34,300.54,DESCEND
0.4754,-0.0523,0.2591,-0.1741,-0.00567,-0.01429,0.00530,-5.00,0.00,0.00,2.0,125.60,633.35,300.50,DESCEND
0.4855,-0.0323,-0.1808,0.4658,-0.00367,-0.00229,0.00130,-5.00,0.00,0.00,2.1,125.60,633.35,300.44,DESCEND
0.4956,0.1576,0.3091,-0.2241,-0.00467,-0.00829,0.00130,-5.00,0.00,0.00,2.1,125.60,633.35,300.40,DESCEND
0.5057,-0.0023,-0.1408,0.1558,-0.00467,-0.00929,0.00030,-5.00,0.00,0.00,2.2,125.60,633.35,300.34,DESCEND
0.5158,-0.0923,0.4991,-0.4541,0.00232,-0.01429,0.00530,-5.00,0.00,0.00,2.2,125.60,633.35,300.30,DESCEND
0.5259,0.0576,-0.1608,0.1158,-0.00267,-0.00529,-0.00169,-5.00,0.00,0.00,2.3,125.60,633.36,300.24,DESCEND
0.5360,-0.0523,0.0791,0.0358,-0.00967,-0.00829,0.00330,-5.00,0.00,0.00,2.3,125.60,633.36,300.20,DESCEND
0.5461,0.1376,0.2991,-0.0541,-0.00567,-0.01129,0.00230,-5.00,0.00,0.00,2.4,125.60,633.36,300.14,DESCEND
0.5562,-0.0223,0.0691,-0.0441,-0.00367,-0.01629,0.00130,-5.00,0.00,0.00,2.4,125.60,633.36,300.10,DESCEND
0.5663,-0.0523,-0.2908,0.4558,0.02532,0.01370,-0.00169,-5.00,0.00,0.00,2.5,125.60,633.36,300.04,DESCEND
0.5764,-0.1723,0.2191,0.1958,-0.00667,-0.00129,0.00430,-5.00,0.00,0.00,2.5,125.60,633.36,300.00,DESCEND
0.5865,-0.2323,0.0991,0.1058,-0.01367,-0.01629,-0.00169,-5.00,0.00,0.00,2.6,125.60,633.37,299.94,DESCEND
0.5966,0.0576,-0.0508,-0.0041,0.00332,-0.01029,0.00230,-5.00,0.00,0.00,2.6,125.60,633.37,299.90,DESCEND
0.6067,-0.1023,0.6291,-0.3841,-0.02167,-0.02929,0.00330,-5.00,0.00,0.00,2.7,125.60,633.37,299.84,DESCEND
0.6169,0.0476,0.2191,-0.1241,-0.00367,-0.01029,-0.00069,-5.00,0.00,0.00,2.7,125.60,633.37,299.80,DESCEND
0.6270,0.1876,0.4591,-0.1441,0.00632,-0.01429,0.00730,-5.00,0.00,0.00,2.8,125.60,633.37,299.74,DESCEND
0.6371,0.2276,-0.3308,0.3358,0.00232,-0.00529,-0.00269,-5.00,0.00,0.00,2.8,125.60,633.38,299.70,DESCEND
0.6472,0.0376,0.2491,-0.0041,0.00532,-0.00729,0.00330,-5.00,0.00,0.00,2.9,125.60,633.38,299.64,DESCEND
0.6574,-0.0823,0.2091,-0.0741,-0.00167,-0.00029,0.00130,-5.00,0.00,0.00,2.9,125.60,633.38,299.58,DESCEND
0.6675,-0.0023,-0.1608,-0.0741,-0.01467,-0.01029,-0.00069,-5.00,0.00,0.00,3.0,125.60,633.38,299.54,DESCEND
0.6776,-0.0023,0.1791,-0.0341,-0.00467,-0.00929,0.00430,-5.00,0.00,0.00,3.0,125.60,633.38,299.48,DESCEND
0.6877,0.0776,0.1291,-0.2841,-0.00667,-0.01229,0.00430,-5.00,0.00,0.00,3.1,125.60,633.38,299.44,DESCEND
0.6978,-0.0523,-0.0708,0.2758,0.00132,-0.00329,-0.00069,-5.00,0.00,0.00,3.1,125.60,633.39,299.38,DESCEND
0.7079,-0.1523,0.3591,-0.3441,-0.03467,-0.01329,0.00230,-5.00,0.00,0.00,3.2,125.60,633.39,299.34,DESCEND
0.7180,-0.0123,0.1291,-0.1041,-0.01167,-0.01429,0.00330,-5.00,0.00,0.00,3.2,125.60,633.39,299.28,DESCEND
0.7281,0.0076,-0.0108,-0.0841,-0.00567,-0.00829,0.00030,-5.00,0.00,0.00,3.3,125.60,633.39,299.24,DESCEND
0.7382,-0.0323,0.3891,-0.2641,-0.01067,-0.01229,0.00830,-5.00,0.00,0.00,3.3,125.60,633.39,299.18,DESCEND
0.7484,0.0176,0.2091,-0.3541,-0.00367,-0.01329,0.00230,-5.00,0.00,0.00,3.4,125.60,633.40,299.14,DESCEND
0.7585,0.0576,0.3091,-0.2241,-0.00167,-0.01029,0.00030,-5.00,0.00,0.00,3.4,125.60,633.40,299.08,DESCEND
0.7686,-0.0323,0.1691,-0.1641,0.00332,-0.01029,0.00030,-5.00,0.00,0.00,3.5,125.60,633.40,299.04,DESCEND
0.7787,0.0776,0.0991,-0.0641,0.00332,-0.01129,0.00230,-5.00,0.00,0.00,3.5,125.60,633.40,298.98,DESCEND
0.7888,-0.0023,0.2391,-0.2841,0.00632,-0.00229,0.00530,-5.00,0.00,0.00,3.6,125.60,633.40,298.94,DESCEND
0.7989,-0.0423,0.0691,0.2658,0.00232,-0.00229,0.00230,-5.00,0.00,0.00,3.6,125.60,633.41,298.88,DESCEND
0.8090,-0.0023,0.4991,0.1258,-0.00267,-0.00629,0.00330,-5.00,0.00,0.00,3.7,125.60,633.41,298.82,DESCEND
0.8192,0.0276,0.1391,-0.0141,0.01232,-0.00829,0.00230,-5.00,0.00,0.00,3.7,125.60,633.41,298.78,DESCEND
0.8292,0.0876,-0.1008,0.4258,0.01332,-0.00029,0.00130,-5.00,0.00,0.00,3.8,125.60,633.41,298.72,DESCEND
0.8394,-0.1223,-0.0508,0.1858,-0.00367,-0.00429,0.00130,-5.00,0.00,0.00,3.8,125.60,633.41,298.68,DESCEND
0.8495,0.0276,0.2191,-0.2041,0.00032,-0.01229,0.00430,-5.00,0.00,0.00,3.9,125.60,633.42,298.62,DESCEND
0.8596,-0.1423,0.1391,0.0258,-0.01067,-0.00429,0.00230,-5.00,0.00,0.00,3.9,125.60,633.42,298.58,DESCEND
0.8697,-0.0623,-0.3408,0.0458,0.01332,-0.00229,0.00130,-5.00,0.00,0.00,4.0,125.60,633.42,298.52,DESCEND
0.8798,0.0376,0.2591,-0.1241,-0.03167,-0.02429,0.00130,-5.00,0.00,0.00,4.0,125.60,633.42,298.48,DESCEND
0.8899,0.0676,-0.2008,0.1258,0.01432,-0.01129,0.00230,-5.00,0.00,0.00,4.1,125.60,633.42,298.42,DESCEND
0.9000,-0.1923,0.2391,-0.3041,-0.02867,-0.02729,0.00530,-5.00,0.00,0.00,4.1,125.60,633.42,298.38,DESCEND
0.9100,0.0076,0.6691,-0.6941,-0.00567,-0.02129,0.00530,-5.00,0.00,0.00,4.2,125.60,633.43,298.32,DESCEND
0.9201,-0.1723,0.3691,-0.4541,-0.00867,-0.01629,0.00230,-5.00,0.00,0.00,4.2,125.60,633.43,298.28,DESCEND
0.9302,-0.0723,0.0591,0.0058,0.00032,-0.00629,0.00430,-5.00,0.00,0.00,4.3,125.60,633.43,298.22,DESCEND
0.9404,0.2276,-0.0608,-0.1241,0.01832,-0.00929,-0.00169,-5.00,0.00,0.00,4.3,125.60,633.43,298.18,DESCEND
0.9504,0.2376,0.0891,-0.2841,0.00432,-0.01929,0.00030,-5.00,0.00,0.00,4.4,125.60,633.43,298.12,DESCEND
0.9605,-0.2723,0.0591,0.1358,-0.01067,-0.00629,0.00530,-5.00,0.00,0.00,4.4,125.60,633.44,298.08,DESCEND
0.9706,0.0376,-0.0808,0.1758,0.01132,0.00270,0.00030,-5.00,0.00,0.00,4.5,125.60,633.44,298.02,DESCEND
0.9808,-0.0623,0.2091,-0.0541,-0.01667,-0.01029,0.00430,-5.00,0.00,0.00,4.5,125.60,633.44,297.98,DESCEND
0.9908,0.0676,0.1791,-0.0441,0.01232,-0.00329,0.00130,-5.00,0.00,0.00,4.6,125.60,633.44,297.92,DESCEND
1.0010,0.1276,0.0891,-0.0241,0.00132,-0.00729,0.00230,-5.00,0.00,0.00,4.6,125.61,633.44,297.88,DESCEND
1.0111,0.0076,0.1691,-0.0341,0.00332,-0.00329,0.00530,-5.00,0.00,0.00,4.7,125.61,633.44,297.82,DESCEND
1.0212,-0.0923,0.3091,-0.2141,-0.02067,-0.02329,0.00330,-5.00,0.00,0.00,4.8,125.61,633.45,297.76,DESCEND
1.0313,0.0576,0.3691,-0.3241,-0.00767,-0.01629,0.00530,-5.00,0.00,0.00,4.8,125.61,633.45,297.72,DESCEND
1.0414,-0.0123,0.2091,-0.2541,-0.01367,-0.02429,0.00130,-5.00,0.00,0.00,4.9,125.61,633.45,297.66,DESCEND
1.0515,0.1576,0.1791,-0.1241,0.00132,-0.02129,0.00330,-5.00,0.00,0.00,4.9,125.61,633.45,297.62,DESCEND
1.0616,-0.0123,0.0691,-0.1041,0.01532,-0.01029,0.00530,-5.00,0.00,0.00,5.0,125.61,633.45,297.56,DESCEND
1.0717,0.2576,-0.0008,-0.0941,-0.00367,-0.01729,0.00430,-5.00,0.00,0.00,5.0,125.61,633.46,297.52,DESCEND
1.0818,0.0476,0.2291,-0.1841,-0.00167,-0.01329,0.00230,-5.00,0.00,0.00,5.1,125.61,633.46,297.46,DESCEND
1.0919,0.2076,0.3191,-0.0141,0.01332,-0.01329,0.00130,-5.00,0.00,0.00,5.1,125.61,633.46,297.42,DESCEND
1.1020,0.0876,-0.2208,0.0758,0.00432,-0.00829,-0.00169,-5.00,0.00,0.00,5.2,125.61,633.46,297.36,DESCEND
1.1124,-0.0023,-0.1208,0.1458,0.00432,-0.00029,-0.00169,-5.00,0.00,0.00,5.2,125.61,633.46,297.32,DESCEND
1.1226,-0.1123,0.2391,-0.0141,0.00432,-0.00629,0.00730,-5.00,0.00,0.00,5.3,125.61,633.47,297.26,DESCEND
1.1327,-0.1823,0.3191,-0.0441,-0.01667,-0.01529,0.00330,-5.00,0.00,0.00,5.3,125.61,633.47,297.22,DESCEND
1.1428,-0.0023,0.3391,-0.3041,-0.00767,-0.02129,0.00830,-5.00,0.00,0.00,5.4,125.61,633.47,297.16,DESCEND
1.1530,-0.0823,0.1891,0.0658,0.00132,-0.00729,0.00530,-5.00,0.00,0.00,5.4,125.61,633.47,297.10,DESCEND
1.1632,-0.0723,0.4691,-0.1341,-0.02367,-0.01929,0.00230,-5.00,0.00,0.00,5.5,125.61,633.47,297.06,DESCEND
1.1733,0.0176,0.3391,-0.3741,-0.00667,-0.01729,0.00930,-5.00,0.00,0.00,5.5,125.61,633.47,297.00,DESCEND
1.1835,0.0276,0.1691,0.1758,-0.01767,-0.01329,0.00230,-5.00,0.00,0.00,5.6,125.61,633.48,296.96,DESCEND
1.1936,0.0276,-0.1208,-0.0041,0.00132,-0.00829,0.00130,-5.00,0.00,0.00,5.6,125.61,633.48,296.90,DESCEND
1.2037,0.0776,0.1191,-0.2941,-0.01267,-0.01329,0.00530,-5.00,0.00,0.00,5.7,125.61,633.48,296.86,DESCEND
1.2138,0.1476,0.3591,-0.4541,0.00332,-0.01229,0.00030,-5.00,0.00,0.00,5.7,125.61,633.48,296.80,DESCEND
1.2240,-0.1523,0.0991,0.0958,0.00532,-0.00629,0.00430,-5.00,0.00,0.00,5.8,125.61,633.48,296.76,DESCEND
1.2341,0.0176,0.3291,-0.2141,-0.00867,-0.01329,0.00630,-5.00,0.00,0.00,5.8,125.61,633.49,296.70,DESCEND
1.2442,-0.1523,0.5791,-0.5341,-0.02467,-0.01929,0.00430,-5.00,0.00,0.00,5.9,125.61,633.49,296.66,DESCEND
1.2543,-0.0323,0.2291,0.1858,0.00332,-0.00329,0.00530,-5.00,0.00,0.00,5.9,125.61,633.49,296.60,DESCEND
1.2644,-0.0623,0.0391,0.2058,0.00932,-0.00629,0.00430,-5.00,0.00,0.00,6.0,125.61,633.49,296.56,DESCEND
1.2745,-0.0223,0.3291,-0.2241,-0.01567,-0.01829,0.00430,-5.00,0.00,0.00,6.0,125.61,633.49,296.50,DESCEND
1.2846,-0.0723,-0.1408,-0.0141,-0.00167,-0.00229,0.00130,-5.00,0.00,0.00,6.1,125.61,633.49,296.46,DESCEND
1.2948,0.1376,0.1991,-0.0241,0.01132,-0.00129,0.00130,-5.00,0.00,0.00,6.1,125.61,633.50,296.40,DESCEND
1.3049,0.2276,0.0191,-0.1241,0.02132,-0.00129,-0.00169,-5.00,0.00,0.00,6.2,125.61,633.50,296.36,DESCEND
1.3150,0.0376,0.0391,-0.0641,0.00732,-0.00729,0.00030,-5.00,0.00,0.00,6.2,125.61,633.50,296.30,DESCEND
1.3251,0.0976,-0.2308,0.4058,0.00032,-0.00429,-0.00269,-5.00,0.00,0.00,6.3,125.61,633.50,296.24,DESCEND
1.3352,-0.0823,0.5091,-0.1141,-0.00967,-0.01929,0.00830,-5.00,0.00,0.00,6.3,125.61,633.50,296.20,DESCEND
1.3453,0.0776,0.0191,-0.1441,0.01132,-0.01629,0.00130,-5.00,0.00,0.00,6.4,125.61,633.51,296.14,DESCEND
1.3556,-0.0923,0.1591,0.1458,-0.00967,-0.00929,0.00230,-5.00,0.00,0.00,6.4,125.61,633.51,296.10,DESCEND
1.3657,0.0276,0.0291,-0.0741,0.01032,-0.00529,0.00030,-5.00,0.00,0.00,6.5,125.61,633.51,296.04,DESCEND
1.3758,0.0276,-0.0108,-0.1441,-0.02367,-0.02429,0.00230,-5.00,0.00,0.00,6.5,125.61,633.51,296.00,DESCEND
1.3860,-0.0223,0.1791,-0.0941,-0.02567,-0.02729,0.00430,-5.00,0.00,0.00,6.6,125.61,633.51,295.94,DESCEND
1.3961,-0.1123,0.4591,-0.3741,-0.00567,-0.01429,0.00430,-5.00,0.00,0.00,6.6,125.61,633.52,295.90,DESCEND
1.4062,-0.0923,0.3391,-0.2641,-0.01867,-0.01529,0.00530,-5.00,0.00,0.00,6.7,125.61,633.52,295.84,DESCEND
1.4163,0.1076,0.2491,-0.2341,0.01732,-0.00029,0.00330,-5.00,0.00,0.00,6.7,125.61,633.52,295.80,DESCEND
1.4265,0.0976,0.2591,-0.1841,0.00532,-0.00529,0.00730,-5.00,0.00,0.00,6.8,125.61,633.52,295.74,DESCEND
1.4365,-0.0823,0.2591,0.0958,0.00232,0.00070,0.00230,-5.00,0.00,0.00,6.8,125.61,633.52,295.70,DESCEND
1.4467,0.1876,0.0391,-0.0441,0.00132,-0.01829,0.00230,-5.00,0.00,0.00,6.9,125.61,633.53,295.64,DESCEND
1.4568,-0.0923,0.6491,-0.4441,-0.01967,-0.02829,0.00930,-5.00,0.00,0.00,6.9,125.61,633.53,295.60,DESCEND
1.4669,-0.0023,0.1791,0.0158,-0.00067,-0.00729,0.00530,-5.00,0.00,0.00,7.0,125.61,633.53,295.54,DESCEND
1.4770,-0.0623,-0.1808,0.0958,-0.00267,-0.00929,0.00430,-5.00,0.00,0.00,7.0,125.61,633.53,295.50,DESCEND
1.4872,0.2476,0.2491,-0.3241,0.01132,-0.01629,0.00030,-5.00,0.00,0.00,7.1,125.61,633.53,295.44,DESCEND
1.4973,-0.0323,0.1391,0.1658,-0.01267,-0.01629,0.00530,-5.00,0.00,0.00,7.1,125.61,633.53,295.38,DESCEND
1.5074,0.0676,0.2291,0.0758,0.01032,-0.01129,0.00630,-5.00,0.00,0.00,7.2,125.61,633.54,295.34,DESCEND
1.5175,-0.2623,0.5591,-0.0641,-0.01267,-0.00529,0.00830,-5.00,0.00,0.00,7.2,125.61,633.54,295.28,DESCEND
1.5276,0.2276,0.2491,-0.2441,0.00732,-0.00829,0.00430,-5.00,0.00,0.00,7.3,125.61,633.54,295.24,DESCEND
1.5378,-0.0723,0.2491,-0.4441,-0.00467,-0.02029,0.00130,-5.00,0.00,0.00,7.3,125.61,633.54,295.18,DESCEND
1.5479,0.0376,0.0991,-0.0941,0.00232,-0.01229,-0.00069,-5.00,0.00,0.00,7.4,125.61,633.54,295.14,DESCEND
1.5580,0.0776,0.2991,0.2358,0.00332,-0.00229,0.00430,-5.00,0.00,0.00,7.4,125.61,633.55,295.08,DESCEND
1.5681,-0.0323,0.3791,-0.0841,-0.02367,-0.02429,0.00630,-5.00,0.00,0.00,7.5,125.61,633.55,295.04,DESCEND
1.5782,0.0676,-0.0208,0.2458,-0.00067,-0.00729,-0.00169,-5.00,0.00,0.00,7.5,125.61,633.55,294.98,DESCEND
1.5883,-0.0923,0.3091,-0.1241,-0.01767,-0.01929,0.00930,-5.00,0.00,0.00,7.6,125.62,633.55,294.94,DESCEND
1.5984,0.0576,-0.0108,0.4358,-0.00167,-0.00429,-0.00169,-5.00,0.00,0.00,7.6,125.62,633.55,294.88,DESCEND
1.6085,-0.0323,0.1091,0.0458,-0.01867,-0.02029,0.00130,-5.00,0.00,0.00,7.7,125.62,633.55,294.84,DESCEND
1.6187,0.0776,0.2291,-0.1141,0.00932,-0.01329,0.01030,-5.00,0.00,0.00,7.7,125.62,633.56,294.78,DESCEND
1.6287,-0.0623,0.1691,-0.0241,-0.00667,-0.01129,0.00430,-5.00,0.00,0.00,7.8,125.62,633.56,294.74,DESCEND
1.6389,-0.0323,-0.0108,0.1158,-0.01267,-0.00829,0.00130,-5.00,0.00,0.00,7.8,125.62,633.56,294.68,DESCEND
1.6490,0.0576,0.5191,-0.1641,0.00932,-0.00829,0.00530,-5.00,0.00,0.00,7.9,125.62,633.56,294.64,DESCEND
1.6591,0.1676,0.2591,0.1258,-0.00967,-0.01629,0.00530,-5.00,0.00,0.00,7.9,125.62,633.56,294.58,DESCEND
1.6692,-0.1423,0.6191,-0.3441,-0.01567,-0.01729,0.00930,-5.00,0.00,0.00,8.0,125.62,633.57,294.52,DESCEND
1.6793,-0.1623,-0.2008,0.2658,-0.01667,-0.00829,0.00030,-5.00,0.00,0.00,8.0,125.62,633.57,294.48,DESCEND
1.6894,0.0176,0.1691,-0.1241,-0.00567,-0.01029,0.00630,-5.00,0.00,0.00,8.1,125.62,633.57,294.42,DESCEND
1.6995,-0.0123,0.3691,-0.3241,-0.01367,-0.02329,0.00830,-5.00,0.00,0.00,8.1,125.62,633.57,294.38,DESCEND
1.7096,-0.1723,0.5591,-0.4041,-0.02267,-0.02429,0.00530,-5.00,0.00,0.00,8.2,125.62,633.57,294.32,DESCEND
1.7198,-0.0423,0.4391,-0.2341,-0.00467,-0.01529,0.00730,-5.00,0.00,0.00,8.2,125.62,633.58,294.28,DESCEND
1.7299,-0.2123,-0.0308,0.0958,-0.00567,-0.00929,0.00430,-5.00,0.00,0.00,8.3,125.62,633.58,294.22,DESCEND
1.7400,-0.1023,0.2691,0.1958,0.01232,-0.00229,0.00230,-5.00,0.00,0.00,8.3,125.62,633.58,294.18,DESCEND
1.7501,0.0476,-0.1608,0.2258,0.01332,-0.00329,0.00130,-5.00,0.00,0.00,8.4,125.62,633.58,294.12,DESCEND
1.7602,0.0576,0.0591,0.1458,-0.00567,-0.01629,0.00230,-5.00,0.00,0.00,8.4,125.62,633.58,294.08,DESCEND
1.7703,0.2076,-0.1308,0.0758,0.00732,-0.00729,0.00330,-5.00,0.00,0.00,8.5,125.62,633.58,294.02,DESCEND
1.7804,0.2176,0.2391,-0.1641,0.00832,-0.01029,0.00730,-5.00,0.00,0.00,8.5,125.62,633.59,293.98,DESCEND
1.7906,0.1276,0.0791,0.1558,0.00832,0.00070,0.00030,-5.00,0.00,0.00,8.6,125.62,633.59,293.92,DESCEND
1.8007,0.0176,0.1591,-0.1141,0.00732,-0.01029,0.00130,-5.00,0.00,0.00,8.6,125.62,633.59,293.88,DESCEND
1.8108,0.0876,0.2091,-0.1441,-0.01067,-0.02429,0.00530,-5.00,0.00,0.00,8.7,125.62,633.59,293.82,DESCEND
1.8209,-0.0623,0.3491,-0.2041,0.00432,-0.00229,0.00630,-5.00,0.00,0.00,8.7,125.62,633.59,293.78,DESCEND
1.8310,-0.0023,-0.0408,0.3858,-0.00367,-0.00429,0.00430,-5.00,0.00,0.00,8.8,125.62,633.60,293.72,DESCEND
1.8411,0.0076,0.3291,-0.0641,-0.00467,-0.01829,0.00530,-5.00,0.00,0.00,8.8,125.62,633.60,293.68,DESCEND
1.8512,0.0676,-0.2408,0.4158,0.02432,0.00270,-0.00269,-5.00,0.00,0.00,8.9,125.62,633.60,293.62,DESCEND
1.8613,0.0876,0.0891,0.1458,0.00332,-0.00929,0.00430,-5.00,0.00,0.00,9.0,125.62,633.60,293.56,DESCEND
1.8714,-0.0623,0.0391,0.0558,0.00832,-0.00429,0.00530,-5.00,0.00,0.00,9.0,125.62,633.60,293.52,DESCEND
1.8815,0.0076,0.3191,-0.0041,0.01332,0.00170,0.00430,-5.00,0.00,0.00,9.1,125.62,633.61,293.46,DESCEND
1.8917,-0.0723,0.3391,-0.1341,-0.00267,-0.01129,0.00730,-5.00,0.00,0.00,9.1,125.62,633.61,293.42,DESCEND
1.9018,0.0476,0.1791,0.2158,0.00032,-0.00029,0.00130,-5.00,0.00,0.00,9.2,125.62,633.61,293.37,DESCEND
1.9119,0.0276,0.1391,-0.0441,0.00932,-0.01229,0.00430,-5.00,0.00,0.00,9.2,125.62,633.61,293.33,DESCEND
1.9221,-0.1623,0.3091,0.1158,-0.02067,-0.01129,0.00430,-5.00,0.00,0.00,9.3,125.62,633.61,293.27,DESCEND
1.9322,0.1176,-0.2108,0.1958,0.01232,-0.00229,-0.00069,-5.00,0.00,0.00,9.3,125.62,633.61,293.23,DESCEND
1.9423,-0.0423,0.6191,-0.2141,-0.00067,-0.00629,0.00630,-5.00,0.00,0.00,9.4,125.62,633.62,293.17,DESCEND
1.9524,0.1776,0.2891,-0.0841,0.00732,-0.01829,0.00530,-5.00,0.00,0.00,9.4,125.62,633.62,293.13,DESCEND
1.9625,0.1176,0.0391,0.0458,-0.01267,-0.02329,0.00630,-5.00,0.00,0.00,9.5,125.62,633.62,293.07,DESCEND
1.9726,-0.0223,0.1691,0.0558,-0.00067,-0.00829,0.00630,-5.00,0.00,0.00,9.5,125.62,633.62,293.03,DESCEND
1.9827,0.0376,0.3191,0.1458,0.00832,-0.00329,0.00330,-5.00,0.00,0.00,9.6,125.62,633.62,292.97,DESCEND
1.9928,-0.0823,0.0591,0.0758,-0.01167,-0.00729,0.00330,-5.00,0.00,0.00,9.6,125.62,633.63,292.93,DESCEND
2.0029,-0.0023,0.3391,0.2058,0.00132,-0.00629,0.00530,-5.00,0.00,0.00,9.7,125.62,633.63,292.87,DESCEND
2.0130,-0.0323,0.3991,-0.3741,-0.01067,-0.02329,0.00830,-5.00,0.00,0.00,9.7,125.62,633.63,292.81,DESCEND
2.0231,0.1176,0.0191,0.3158,-0.00167,-0.00929,0.00430,-5.00,0.00,0.00,9.8,125.62,633.63,292.77,DESCEND
2.0332,-0.0623,0.2891,-0.0541,-0.00267,-0.01929,0.00530,-5.00,0.00,0.00,9.8,125.62,633.63,292.71,DESCEND
2.0434,0.0876,0.0991,-0.3941,-0.00667,-0.02029,0.00330,-5.00,0.00,0.00,9.9,125.62,633.64,292.67,DESCEND
2.0535,0.0476,0.5291,-0.4741,0.00132,-0.01529,0.00930,-5.00,0.00,0.00,9.9,125.62,633.64,292.61,DESCEND
2.0635,0.2276,0.2791,-0.0341,0.01432,-0.00729,0.00530,-5.00,0.00,0.00,10.0,125.62,633.64,292.57,DESCEND
2.0737,-0.3523,0.6791,-0.5441,-0.01267,-0.01229,0.00930,-5.00,0.00,0.00,10.0,125.62,633.64,292.51,DESCEND
2.0838,-0.0823,0.1191,-0.0941,-0.02367,-0.01129,0.00530,-5.00,0.00,0.00,10.1,125.62,633.64,292.47,DESCEND
2.0939,0.0676,0.5091,-0.2041,0.01832,-0.00429,0.00730,-5.00,0.00,0.00,10.1,125.62,633.64,292.41,DESCEND
2.1040,0.0576,0.2191,-0.0841,-0.00167,-0.00529,0.00430,-5.00,0.00,0.00,10.2,125.62,633.65,292.37,DESCEND
2.1141,0.2576,0.2391,0.1358,0.02232,-0.00629,0.00630,-5.00,0.00,0.00,10.2,125.62,633.65,292.31,DESCEND
2.1242,0.0776,0.0991,0.1958,0.00732,-0.00129,0.00130,-5.00,0.00,0.00,10.3,125.62,633.65,292.27,DESCEND
2.1343,0.0776,-0.1408,0.3258,-0.00467,-0.00729,0.00330,-5.00,0.00,0.00,10.3,125.62,633.65,292.21,DESCEND
2.1444,0.1376,0.0891,-0.3241,-0.01367,-0.02929,0.00430,-5.00,0.00,0.00,10.4,125.62,633.65,292.17,DESCEND
2.1545,0.0376,0.3791,-0.3341,-0.00767,-0.01929,0.00630,-5.00,0.00,0.00,10.4,125.62,633.66,292.11,DESCEND
2.1646,0.1176,0.1991,-0.0641,0.00732,-0.01929,0.00830,-5.00,0.00,0.00,10.5,125.62,633.66,292.07,DESCEND
2.1747,0.0076,-0.0208,0.0558,0.00732,-0.01129,0.00330,-5.00,0.00,0.00,10.5,125.63,633.66,292.01,DESCEND
2.1848,-0.0023,0.0591,-0.0441,-0.00167,-0.00829,0.00230,-5.00,0.00,0.00,10.6,125.63,633.66,291.97,DESCEND
2.1949,-0.0623,0.3691,-0.2941,0.00532,-0.00629,0.00830,-5.00,0.00,0.00,10.6,125.63,633.66,291.91,DESCEND
2.2050,-0.1223,-0.0308,-0.0241,-0.00767,-0.00729,0.00330,-5.00,0.00,0.00,10.7,125.63,633.66,291.87,DESCEND
2.2151,0.0576,0.0591,-0.0441,0.00132,-0.01429,0.00730,-5.00,0.00,0.00,10.7,125.63,633.67,291.81,DESCEND
2.2252,-0.1223,0.2791,-0.2341,0.00032,-0.00329,0.00230,-5.00,0.00,0.00,10.8,125.63,633.67,291.75,DESCEND
2.2353,0.0776,0.1191,-0.1141,-0.01467,-0.01029,0.00430,-5.00,0.00,0.00,10.8,125.63,633.67,291.71,DESCEND
2.2454,-0.0023,0.1191,-0.0041,0.00532,-0.00729,0.00930,-5.00,0.00,0.00,10.9,125.63,633.67,291.65,DESCEND
2.2555,-0.0423,0.1691,-0.2041,0.00132,-0.01329,0.00030,-5.00,0.00,0.00,10.9,125.63,633.67,291.61,DESCEND
2.2655,0.0076,0.4091,-0.0741,-0.02167,-0.01529,0.00830,-5.00,0.00,0.00,11.0,125.63,633.68,291.55,DESCEND
2.2756,0.0576,0.5391,-0.3541,0.00232,-0.01729,0.01030,-5.00,0.00,0.00,11.0,125.63,633.68,291.51,DESCEND
2.2857,-0.0223,0.1691,-0.1141,-0.00667,-0.01329,0.00530,-5.00,0.00,0.00,11.1,125.63,633.68,291.45,DESCEND
2.2958,-0.0123,0.3991,-0.1241,-0.01367,-0.02029,0.00830,-5.00,0.00,0.00,11.1,125.63,633.68,291.41,DESCEND
2.3059,0.0976,-0.0608,0.3358,0.00532,-0.01029,0.00430,-5.00,0.00,0.00,11.2,125.63,633.68,291.35,DESCEND
2.3161,0.3476,0.2391,-0.1441,0.02232,-0.01729,0.00730,-5.00,0.00,0.00,11.2,125.63,633.69,291.31,DESCEND
2.3262,0.0176,0.2391,0.2458,0.00332,-0.00929,0.00430,-5.00,0.00,0.00,11.3,125.63,633.69,291.25,DESCEND
2.3363,-0.0723,0.1691,0.1558,0.00832,0.00170,0.00530,-5.00,0.00,0.00,11.3,125.63,633.69,291.21,DESCEND
2.3464,0.0076,-0.0708,0.1758,0.00532,-0.00729,0.00630,-5.00,0.00,0.00,11.4,125.63,633.69,291.15,DESCEND
2.3565,0.0076,-0.1508,0.3058,0.00332,0.00170,0.00430,-5.00,0.00,0.00,11.4,125.63,633.69,291.11,DESCEND
2.3666,-0.0423,0.0691,0.3458,-0.00067,-0.00329,0.00230,-5.00,0.00,0.00,11.5,125.63,633.69,291.05,DESCEND
2.3767,-0.2223,0.1091,0.0058,-0.00567,-0.01329,0.00930,-5.00,0.00,0.00,11.5,125.63,633.70,291.01,DESCEND
2.3868,-0.0423,-0.1308,0.0958,-0.00467,-0.01829,0.00530,-5.00,0.00,0.00,11.6,125.63,633.70,290.95,DESCEND
2.3969,0.0876,0.1091,-0.3341,0.00232,-0.01529,0.00830,-5.00,0.00,0.00,11.6,125.63,633.70,290.91,DESCEND
2.4070,0.1976,0.0691,0.0058,-0.00267,-0.01429,0.00330,-5.00,0.00,0.00,11.7,125.63,633.70,290.85,DESCEND
2.4171,0.2976,0.3491,-0.3141,0.00632,-0.02029,0.00630,-5.00,0.00,0.00,11.7,125.63,633.70,290.79,DESCEND
2.4272,-0.0023,0.1591,-0.3341,-0.00567,-0.01529,0.00130,-5.00,0.00,0.00,11.8,125.63,633.71,290.75,DESCEND
2.4373,-0.0923,0.6091,-0.2341,-0.00367,-0.01629,0.01030,-5.00,0.00,0.00,11.8,125.63,633.71,290.69,DESCEND
2.4474,-0.0723,-0.1708,0.2958,-0.00867,-0.00929,0.00230,-5.00,0.00,0.00,11.9,125.63,633.71,290.65,DESCEND
2.4575,-0.1923,0.2291,-0.3441,-0.00867,-0.02029,0.00630,-5.00,0.00,0.00,11.9,125.63,633.71,290.59,DESCEND
2.4676,-0.0823,0.1891,-0.1741,-0.00767,-0.01829,0.00830,-5.00,0.00,0.00,12.0,125.63,633.71,290.55,DESCEND
2.4777,0.0676,0.0791,-0.0141,0.00332,-0.00229,0.00630,-5.00,0.00,0.00,12.0,125.63,633.72,290.49,DESCEND
2.4878,0.1676,0.2191,-0.3441,0.00432,-0.02029,0.00430,-5.00,0.00,0.00,12.1,125.63,633.72,290.45,DESCEND
2.4979,0.0676,0.5091,-0.4541,0.00032,-0.01529,0.00630,-5.00,0.00,0.00,12.1,125.63,633.72,290.39,DESCEND
2.5080,-0.0823,0.1991,0.1858,0.01132,-0.00129,0.00730,-5.00,0.00,0.00,12.2,125.63,633.72,290.35,DESCEND
2.5181,-0.0323,0.0991,0.1058,-0.01367,-0.01829,0.00630,-5.00,0.00,0.00,12.2,125.63,633.72,290.29,DESCEND
2.5282,0.0276,0.2591,-0.1141,-0.00167,-0.01529,0.00630,-5.00,0.00,0.00,12.3,125.63,633.72,290.25,DESCEND
2.5383,0.0376,0.2891,-0.1741,0.00732,-0.01129,0.00730,-5.00,0.00,0.00,12.3,125.63,633.73,290.19,DESCEND
2.5484,0.1676,0.0691,-0.0541,0.01432,-0.01529,0.00330,-5.00,0.00,0.00,12.4,125.63,633.73,290.15,DESCEND
2.5585,0.0076,0.1591,0.0158,-0.00267,-0.00529,0.00530,-5.00,0.00,0.00,12.4,125.63,633.73,290.09,DESCEND
2.5686,-0.0123,-0.0808,0.0358,0.00132,-0.00729,0.00530,-5.00,0.00,0.00,12.5,125.63,633.73,290.05,DESCEND
2.5788,0.0976,0.2991,-0.3041,-0.01667,-0.02829,0.00330,-5.00,0.00,0.00,12.5,125.63,633.73,289.99,DESCEND
2.5889,-0.0423,0.1491,0.1258,-0.01367,-0.02229,0.00630,-5.00,0.00,0.00,12.6,125.63,633.74,289.95,DESCEND
2.5990,0.0376,0.3891,-0.1441,-0.00867,-0.02829,0.00930,-5.00,0.00,0.00,12.6,125.63,633.74,289.89,DESCEND
2.6091,0.0476,0.2791,-0.0241,0.00932,-0.00429,0.00930,-5.00,0.00,0.00,12.7,125.63,633.74,289.83,DESCEND
2.6192,0.0876,-0.1908,0.4658,-0.00067,-0.00329,-0.00169,-5.00,0.00,0.00,12.7,125.63,633.74,289.79,DESCEND
2.6293,-0.1123,0.3091,-0.2841,-0.00467,-0.00929,0.00730,-5.00,0.00,0.00,12.8,125.63,633.74,289.73,DESCEND
2.6394,0.1476,-0.0308,-0.0241,0.00932,-0.01329,0.00430,-5.00,0.00,0.00,12.8,125.63,633.75,289.69,DESCEND
2.6495,0.1076,0.3191,-0.1941,0.00832,-0.01729,0.00430,-5.00,0.00,0.00,12.9,125.63,633.75,289.63,DESCEND
2.6596,0.0376,0.0591,-0.1141,0.00732,-0.00729,0.00330,-5.00,0.00,0.00,12.9,125.63,633.75,289.59,DESCEND
2.6697,-0.1323,0.0091,0.2358,-0.00767,-0.00229,0.00430,-5.00,0.00,0.00,13.0,125.63,633.75,289.53,DESCEND
2.6798,-0.0023,0.2691,-0.0741,0.01232,-0.00829,0.00430,-5.00,0.00,0.00,13.0,125.63,633.75,289.49,DESCEND
2.6899,0.0876,-0.0708,0.1958,0.01232,-0.00529,0.00830,-5.00,0.00,0.00,13.1,125.63,633.75,289.43,DESCEND
2.7000,0.2076,0.0191,0.1058,-0.00167,-0.01929,0.00330,-5.00,0.00,0.00,13.1,125.63,633.76,289.39,DESCEND
2.7101,0.1676,-0.2908,0.4458,0.00732,-0.00129,0.00230,-5.00,0.00,0.00,13.2,125.63,633.76,289.33,DESCEND
2.7202,-0.0523,0.1391,0.1858,-0.00467,-0.01029,0.00330,-5.00,0.00,0.00,13.2,125.63,633.76,289.29,DESCEND
2.7303,-0.0323,0.1391,0.0258,-0.00567,-0.01129,0.00430,-5.00,0.00,0.00,13.3,125.63,633.76,289.23,DESCEND
2.7404,-0.0323,0.6091,-0.5341,-0.02167,-0.02229,0.01130,-5.00,0.00,0.00,13.4,125.63,633.76,289.17,DESCEND
2.7505,-0.0823,-0.0808,0.1858,-0.00567,-0.01429,0.00530,-5.00,0.00,0.00,13.4,125.63,633.77,289.13,DESCEND
2.7606,-0.1923,0.2791,-0.1041,0.00332,-0.01029,0.01130,-5.00,0.00,0.00,13.4,125.63,633.77,289.09,DESCEND
2.7707,-0.0523,0.0091,0.0858,0.00332,-0.00129,0.00930,-5.00,0.00,0.00,13.5,125.63,633.77,289.03,DESCEND
2.7808,0.0176,0.0491,-0.0941,-0.01167,-0.02529,0.00630,-5.00,0.00,0.00,13.5,125.64,633.77,288.99,DESCEND
2.7909,0.3376,0.0891,-0.1141,0.02532,-0.01029,0.00630,-5.00,0.00,0.00,13.6,125.64,633.77,288.93,DESCEND
2.8010,-0.0823,-0.3108,0.1558,0.01532,0.00470,0.00430,-5.00,0.00,0.00,13.6,125.64,633.77,288.89,DESCEND
2.8112,-0.0223,0.2691,-0.3141,0.00232,-0.01529,0.00830,-5.00,0.00,0.00,13.7,125.64,633.78,288.83,DESCEND
2.8213,0.0876,0.2491,-0.1941,0.00032,-0.02029,0.00630,-5.00,0.00,0.00,13.8,125.64,633.78,288.77,DESCEND
2.8314,-0.0623,0.2491,0.0258,0.01132,-0.00329,0.00930,-5.00,0.00,0.00,13.8,125.64,633.78,288.73,DESCEND
2.8415,-0.0923,-0.2808,0.2658,0.00832,0.00570,0.00030,-5.00,0.00,0.00,13.9,125.64,633.78,288.67,DESCEND
2.8516,0.0076,-0.0108,0.1358,-0.02467,-0.02629,0.00630,-5.00,0.00,0.00,13.9,125.64,633.78,288.63,DESCEND
2.8616,-0.0823,0.2191,-0.0141,0.00032,-0.01629,0.00730,-5.00,0.00,0.00,14.0,125.64,633.79,288.57,DESCEND
2.8717,0.0276,-0.2108,0.2658,0.00032,-0.00229,0.00430,-5.00,0.00,0.00,14.0,125.64,633.79,288.53,DESCEND
2.8818,0.1776,0.1991,-0.0641,0.00932,-0.00429,0.00430,-5.00,0.00,0.00,14.1,125.64,633.79,288.47,DESCEND
2.8919,0.1276,0.2891,-0.0641,0.00032,-0.01529,0.00630,-5.00,0.00,0.00,14.1,125.64,633.79,288.43,DESCEND
2.9020,0.1076,0.6991,-0.4641,-0.00067,-0.01629,0.00930,-5.00,0.00,0.00,14.2,125.64,633.79,288.37,DESCEND
2.9122,-0.0423,0.1691,0.0658,0.00232,-0.00329,0.00430,-5.00,0.00,0.00,14.2,125.64,633.80,288.33,DESCEND
2.9223,-0.0923,0.4391,-0.4741,-0.01467,-0.02229,0.01030,-5.00,0.00,0.00,14.3,125.64,633.80,288.27,DESCEND
2.9324,-0.0823,0.0391,0.1258,-0.00267,-0.00229,0.00630,-5.00,0.00,0.00,14.3,125.64,633.80,288.23,DESCEND
2.9425,0.1176,-0.0108,0.2258,0.00432,-0.00629,0.00430,-5.00,0.00,0.00,14.4,125.64,633.80,288.17,DESCEND
2.9526,-0.0823,0.5391,-0.1341,-0.01467,-0.01229,0.01230,-5.00,0.00,0.00,14.4,125.64,633.80,288.13,DESCEND
2.9627,-0.1223,0.0191,0.0858,-0.00967,-0.01429,0.00730,-5.00,0.00,0.00,14.5,125.64,633.81,288.07,DESCEND
2.9728,-0.2023,0.3891,-0.4041,-0.01467,-0.02229,0.00930,-5.00,0.00,0.00,14.5,125.64,633.81,288.03,DESCEND
2.9829,0.0676,0.0291,0.1758,0.00632,-0.00929,0.00430,-5.00,0.00,0.00,14.6,125.64,633.81,287.97,DESCEND
2.9930,0.0976,-0.0908,0.2358,0.02032,0.00070,0.00630,-5.00,0.00,0.00,14.6,125.64,633.81,287.93,DESCEND
3.0031,0.0976,0.1691,0.0958,0.01532,-0.01029,0.00630,-5.00,0.00,0.00,14.7,125.64,633.81,287.87,DESCEND
3.0132,-0.1423,0.2891,-0.0241,-0.01567,-0.01429,0.01030,-5.00,0.00,0.00,14.7,125.64,633.81,287.81,DESCEND
3.0233,0.1876,0.3191,-0.0641,0.01032,-0.01029,0.00930,-5.00,0.00,0.00,14.8,125.64,633.82,287.77,DESCEND
3.0334,0.1876,0.2791,0.0858,0.00432,-0.00929,0.00930,-5.00,0.00,0.00,14.8,125.64,633.82,287.71,DESCEND
3.0435,0.0176,0.0991,-0.0041,0.00932,-0.01429,0.00630,-5.00,0.00,0.00,14.9,125.64,633.82,287.67,DESCEND
3.0536,-0.0123,0.2991,0.1058,0.01932,-0.00229,0.00930,-5.00,0.00,0.00,14.9,125.64,633.82,287.61,DESCEND
3.0637,0.0676,0.5391,-0.0641,-0.00667,-0.01429,0.00930,-5.00,0.00,0.00,15.0,125.64,633.82,287.57,DESCEND
3.0738,0.0276,0.2491,0.0458,-0.00067,-0.01229,0.00630,-5.00,0.00,0.00,15.0,125.64,633.83,287.51,DESCEND
3.0839,-0.0323,0.2691,0.0358,0.00032,-0.01329,0.00930,-5.00,0.00,0.00,15.1,125.64,633.83,287.47,DESCEND
3.0940,0.0376,0.0891,0.1558,0.00232,-0.00629,0.00630,-5.00,0.00,0.00,15.1,125.64,633.83,287.41,DESCEND
3.1042,-0.1823,-0.0008,0.0058,0.00932,0.00170,0.00830,-5.00,0.00,0.00,15.2,125.64,633.83,287.37,DESCEND
3.1143,0.0976,0.1291,0.0358,0.00932,-0.00629,0.00630,-5.00,0.00,0.00,15.2,125.64,633.83,287.31,DESCEND
3.1244,0.0376,0.1491,0.3058,0.02032,0.01170,0.00630,-5.00,0.00,0.00,15.3,125.64,633.83,287.27,DESCEND
3.1345,0.1376,0.2891,-0.0841,0.00932,-0.00229,0.00930,-5.00,0.00,0.00,15.3,125.64,633.84,287.21,DESCEND
3.1446,-0.0023,0.1591,-0.0741,0.00232,-0.01129,0.00930,-5.00,0.00,0.00,15.4,125.64,633.84,287.17,DESCEND
3.1547,0.0976,0.1991,-0.1341,0.00432,-0.02129,0.00830,-5.00,0.00,0.00,15.4,125.64,633.84,287.11,DESCEND
3.1647,0.0876,0.1991,-0.0241,0.00532,-0.01329,0.00630,-5.00,0.00,0.00,15.5,125.64,633.84,287.07,DESCEND
3.1748,-0.0923,0.3691,-0.1241,-0.00067,-0.01129,0.00830,-5.00,0.00,0.00,15.5,125.64,633.84,287.01,DESCEND
3.1849,-0.0423,0.1191,-0.0541,0.00632,-0.01229,0.00730,-5.00,0.00,0.00,15.6,125.64,633.85,286.97,DESCEND
3.1951,-0.0523,0.5291,-0.0641,-0.00067,-0.00629,0.01030,-5.00,0.00,0.00,15.6,125.64,633.85,286.91,DESCEND
3.2052,-0.0923,0.1691,-0.1941,-0.01267,-0.02129,0.00930,-5.00,0.00,0.00,15.7,125.64,633.85,286.87,DESCEND
3.2153,0.0376,0.3191,-0.1741,-0.00767,-0.01329,0.01030,-5.00,0.00,0.00,15.7,125.64,633.85,286.81,DESCEND
3.2254,0.0776,-0.0008,0.0858,-0.00667,-0.00629,0.00430,-5.00,0.00,0.00,15.8,125.64,633.85,286.75,DESCEND
3.2355,-0.0123,0.1291,-0.1941,-0.00867,-0.01129,0.00930,-5.00,0.00,0.00,15.8,125.64,633.86,286.71,DESCEND
3.2456,-0.2323,0.3191,0.1758,-0.00767,-0.00229,0.00630,-5.00,0.00,0.00,15.9,125.64,633.86,286.65,DESCEND
3.2557,-0.0823,-0.0408,0.1158,-0.00067,-0.00329,0.00430,-5.00,0.00,0.00,15.9,125.64,633.86,286.61,DESCEND
3.2658,-0.0223,0.1691,-0.2841,0.01032,-0.00029,0.00530,-5.00,0.00,0.00,16.0,125.64,633.86,286.55,DESCEND
3.2759,0.0676,0.2591,-0.3841,0.00232,-0.00729,0.00430,-5.00,0.00,0.00,16.0,125.64,633.86,286.51,DESCEND
3.2860,-0.1123,0.1991,0.1058,-0.00567,-0.01529,0.00830,-5.00,0.00,0.00,16.1,125.64,633.86,286.45,DESCEND
3.2961,-0.0323,0.4391,-0.2441,0.00532,-0.01129,0.01030,-5.00,0.00,0.00,16.1,125.64,633.87,286.41,DESCEND
3.3062,0.0676,0.0891,0.1058,0.00032,-0.01329,0.00630,-5.00,0.00,0.00,16.2,125.64,633.87,286.35,DESCEND
3.3163,0.0076,0.0191,-0.0641,-0.00467,-0.01329,0.00530,-5.00,0.00,0.00,16.2,125.64,633.87,286.31,DESCEND
3.3264,-0.0523,0.3791,-0.2841,0.00632,-0.01229,0.00930,-5.00,0.00,0.00,16.3,125.64,633.87,286.25,DESCEND
3.3365,0.0976,0.1091,0.0758,0.01332,-0.00129,0.00630,-5.00,0.00,0.00,16.3,125.64,633.87,286.21,DESCEND
3.3466,-0.1623,0.2791,-0.1541,-0.01867,-0.01529,0.00530,-5.00,0.00,0.00,16.4,125.64,633.88,286.15,DESCEND
3.3567,0.0276,0.1391,0.1558,-0.00367,-0.00829,0.00630,-5.00,0.00,0.00,16.4,125.64,633.88,286.11,DESCEND
3.3668,0.1476,0.1991,-0.0541,0.00932,-0.00329,0.00530,-5.00,0.00,0.00,16.5,125.64,633.88,286.05,DESCEND
3.3769,0.2376,0.1491,-0.0941,0.00932,-0.01429,0.00630,-5.00,0.00,0.00,16.5,125.64,633.88,286.01,DESCEND
3.3870,0.1776,-0.1308,-0.0141,0.01532,-0.00229,0.00430,-5.00,0.00,0.00,16.6,125.64,633.88,285.95,DESCEND
3.3971,0.1276,0.3291,-0.1741,-0.00367,-0.02429,0.00830,-5.00,0.00,0.00,16.6,125.65,633.89,285.91,DESCEND
3.4072,0.0676,0.2391,-0.3641,0.00532,-0.01729,0.00730,-5.00,0.00,0.00,16.7,125.65,633.89,285.85,DESCEND
3.4173,-0.0723,0.0991,-0.0441,-0.00267,-0.01129,0.00830,-5.00,0.00,0.00,16.7,125.65,633.89,285.79,DESCEND
3.4274,0.1876,0.0491,-0.1941,0.00832,-0.01029,0.00630,-5.00,0.00,0.00,16.8,125.65,633.89,285.75,DESCEND
3.4375,0.0576,0.2991,-0.0041,-0.00067,-0.01029,0.00930,-5.00,0.00,0.00,16.8,125.65,633.89,285.69,DESCEND
3.4477,0.0876,-0.1708,0.0258,-0.01067,-0.01629,0.00630,-5.00,0.00,0.00,16.9,125.65,633.89,285.65,DESCEND
3.4577,0.1076,0.0491,0.1158,0.00432,-0.00929,0.00830,-5.00,0.00,0.00,16.9,125.65,633.90,285.59,DESCEND
3.4678,0.0276,0.3691,0.0458,-0.01367,-0.01529,0.01030,-5.00,0.00,0.00,17.0,125.65,633.90,285.55,DESCEND
3.4780,-0.2623,0.2091,-0.1741,-0.01367,-0.02129,0.00930,-5.00,0.00,0.00,17.0,125.65,633.90,285.49,DESCEND
3.4881,0.0176,-0.0108,0.1558,0.00932,-0.00229,0.00530,-5.00,0.00,0.00,17.1,125.65,633.90,285.45,DESCEND
3.4982,-0.0523,0.1391,-0.0141,0.00032,-0.00729,0.00830,-5.00,0.00,0.00,17.1,125.65,633.90,285.39,DESCEND
3.5083,-0.0923,0.2891,-0.1941,0.00532,-0.00229,0.00930,-5.00,0.00,0.00,17.2,125.65,633.91,285.35,DESCEND
3.5184,0.1276,0.2491,-0.1141,0.02532,-0.00429,0.00930,-5.00,0.00,0.00,17.2,125.65,633.91,285.29,DESCEND
3.5285,0.1176,-0.1108,0.2858,0.01532,-0.00629,0.00430,-5.00,0.00,0.00,17.3,125.65,633.91,285.25,DESCEND
3.5386,-0.0223,0.2391,-0.2641,0.00132,-0.01729,0.00930,-5.00,0.00,0.00,17.3,125.65,633.91,285.19,DESCEND
3.5487,0.0676,-0.0108,0.1758,0.00732,-0.00029,0.00330,-5.00,0.00,0.00,17.4,125.65,633.91,285.15,DESCEND
3.5588,0.1376,0.0891,0.1858,0.01132,-0.00129,0.00930,-5.00,0.00,0.00,17.4,125.65,633.92,285.09,DESCEND
3.5689,-0.0723,0.2691,0.0358,-0.00067,-0.01329,0.01130,-5.00,0.00,0.00,17.5,125.65,633.92,285.05,DESCEND
3.5790,-0.0323,0.3191,0.0158,0.00432,-0.01029,0.01130,-5.00,0.00,0.00,17.5,125.65,633.92,284.99,DESCEND
3.5891,-0.0023,0.3891,-0.3541,0.01832,0.00270,0.00830,-5.00,0.00,0.00,17.6,125.65,633.92,284.95,DESCEND
3.5992,0.0176,0.3191,-0.1441,-0.00467,-0.01929,0.00930,-5.00,0.00,0.00,17.6,125.65,633.92,284.89,DESCEND
3.6093,-0.1223,0.2291,-0.2741,-0.00467,-0.01729,0.00930,-5.00,0.00,0.00,17.7,125.65,633.92,284.83,DESCEND
3.6194,0.1676,-0.1208,-0.1541,-0.00267,-0.01929,0.00230,-5.00,0.00,0.00,17.7,125.65,633.93,284.79,DESCEND
3.6295,0.0576,0.4191,0.1258,-0.00067,-0.00429,0.00630,-5.00,0.00,0.00,17.8,125.65,633.93,284.73,DESCEND
3.6396,-0.0023,-0.0408,0.2158,-0.00767,-0.00329,0.00630,-5.00,0.00,0.00,17.8,125.65,633.93,284.69,DESCEND
3.6497,0.1476,0.4091,-0.3641,0.00732,-0.01329,0.00930,-5.00,0.00,0.00,17.9,125.65,633.93,284.63,DESCEND
3.6598,0.1076,-0.1008,0.3158,-0.00567,-0.01029,0.00430,-5.00,0.00,0.00,17.9,125.65,633.93,284.59,DESCEND
3.6698,0.1576,0.1791,-0.2541,0.01232,-0.01129,0.00630,-5.00,0.00,0.00,18.0,125.65,633.94,284.53,DESCEND
3.6800,0.1476,0.2091,-0.1941,0.01232,-0.00629,0.00930,-5.00,0.00,0.00,18.0,125.65,633.94,284.49,DESCEND
3.6901,0.1076,0.3691,-0.0641,0.00932,0.00070,0.00530,-5.00,0.00,0.00,18.1,125.65,633.94,284.43,DESCEND
3.7002,-0.0223,-0.0408,-0.2041,-0.01267,-0.02129,0.00430,-5.00,0.00,0.00,18.1,125.65,633.94,284.39,DESCEND
3.7103,-0.1623,0.1191,0.2458,0.00232,0.00370,0.00930,-5.00,0.00,0.00,18.2,125.65,633.94,284.33,DESCEND
3.7204,-0.1423,0.2891,-0.3441,-0.01067,-0.01229,0.00630,-5.00,0.00,0.00,18.2,125.65,633.94,284.29,DESCEND
3.7305,0.1076,0.0791,-0.0341,0.00232,-0.01529,0.00830,-5.00,0.00,0.00,18.3,125.65,633.95,284.23,DESCEND
3.7406,-0.0223,0.7191,-0.2441,0.00132,-0.01129,0.01230,-5.00,0.00,0.00,18.3,125.65,633.95,284.19,DESCEND
3.7507,-0.1123,0.1591,0.1058,-0.00667,-0.00829,0.00730,-5.00,0.00,0.00,18.4,125.65,633.95,284.13,DESCEND
3.7608,-0.0523,0.3391,-0.0541,-0.02567,-0.02329,0.00730,-5.00,0.00,0.00,18.4,125.65,633.95,284.09,DESCEND
3.7709,0.1776,0.1391,-0.1541,0.01532,-0.00629,0.00730,-5.00,0.00,0.00,18.5,125.65,633.95,284.03,DESCEND
3.7810,0.1476,0.0891,-0.0041,0.00132,-0.01229,0.00730,-5.00,0.00,0.00,18.5,125.65,633.96,283.99,DESCEND
3.7911,-0.0623,0.2791,0.1558,-0.01267,-0.00529,0.00730,-5.00,0.00,0.00,18.6,125.65,633.96,283.93,DESCEND
3.8012,0.0876,0.2891,0.1358,-0.00667,-0.00729,0.00530,-5.00,0.00,0.00,18.7,125.65,633.96,283.87,DESCEND
3.8113,-0.0223,-0.0608,0.0658,-0.01367,-0.01429,0.00530,-5.00,0.00,0.00,18.7,125.65,633.96,283.83,DESCEND
3.8213,0.2176,0.0191,0.1358,0.03632,-0.00229,0.00830,-5.00,0.00,0.00,18.8,125.65,633.96,283.77,DESCEND
3.8314,0.0576,0.0091,0.0258,0.00732,-0.00929,0.00530,-5.00,0.00,0.00,18.8,125.65,633.97,283.73,DESCEND
3.8415,-0.1223,0.2391,-0.2341,-0.01167,-0.02129,0.00630,-5.00,0.00,0.00,18.9,125.65,633.97,283.67,DESCEND
3.8516,0.1076,0.4291,-0.4241,0.01032,-0.01329,0.01030,-5.00,0.00,0.00,18.9,125.65,633.97,283.63,DESCEND
3.8618,-0.1623,0.1791,0.0658,-0.00167,-0.00129,0.00430,-5.00,0.00,0.00,19.0,125.65,633.97,283.57,DESCEND
3.8719,-0.0423,0.2191,0.0158,0.00532,-0.00229,0.01030,-5.00,0.00,0.00,19.0,125.65,633.97,283.53,DESCEND
3.8820,0.2876,-0.0108,0.3058,0.03332,0.00270,0.00530,-5.00,0.00,0.00,19.1,125.65,633.98,283.47,DESCEND
3.8921,0.0876,-0.1008,-0.1841,0.00832,-0.00429,0.00730,-5.00,0.00,0.00,19.1,125.65,633.98,283.43,DESCEND
3.9022,0.1376,0.4091,0.0158,-0.00167,-0.01429,0.01130,-5.00,0.00,0.00,19.2,125.65,633.98,283.37,DESCEND
3.9123,0.0376,0.3591,0.1158,-0.00467,-0.00829,0.00730,-5.00,0.00,0.00,19.2,125.65,633.98,283.33,DESCEND
3.9224,0.1276,-0.0008,-0.0241,-0.00567,-0.01729,0.00630,-5.00,0.00,0.00,19.3,125.65,633.98,283.27,DESCEND
3.9325,-0.0623,0.2691,-0.2141,-0.01767,-0.02129,0.00930,-5.00,0.00,0.00,19.3,125.65,633.98,283.23,DESCEND
3.9426,0.0576,0.0691,0.1458,0.01332,-0.00429,0.00730,-5.00,0.00,0.00,19.4,125.65,633.99,283.17,DESCEND
3.9527,-0.1023,0.5591,-0.0441,0.00032,-0.00629,0.01130,-5.00,0.00,0.00,19.4,125.65,633.99,283.13,DESCEND
3.9628,0.0376,0.3191,-0.1641,-0.00467,-0.02329,0.00830,-5.00,0.00,0.00,19.5,125.65,633.99,283.07,DESCEND
3.9729,0.0976,0.1391,-0.0141,0.00132,-0.01729,0.00630,-5.00,0.00,0.00,19.5,125.65,633.99,283.03,DESCEND
3.9830,-0.1323,0.0791,-0.0041,-0.00567,-0.00829,0.00930,-5.00,0.00,0.00,19.6,125.65,633.99,282.97,DESCEND
3.9931,0.0376,0.2191,-0.0441,0.00332,-0.01229,0.00930,-5.00,0.00,0.00,19.6,125.65,634.00,282.93,DESCEND
4.0032,0.0676,0.1491,-0.0641,0.00832,-0.01229,0.00630,-5.00,0.00,0.00,19.7,125.65,634.00,282.87,DESCEND
4.0133,0.2276,-0.0308,0.2058,0.00932,-0.00129,0.00530,-5.00,0.00,0.00,19.7,125.65,634.00,282.82,DESCEND
4.0234,0.0076,0.2391,-0.0841,-0.01167,-0.00829,0.01030,-5.00,0.00,0.00,19.8,125.66,634.00,282.78,DESCEND
4.0335,0.1576,-0.0308,0.1558,0.01432,-0.00429,0.00930,-5.00,0.00,0.00,19.8,125.66,634.00,282.72,DESCEND
4.0436,0.1276,0.1591,0.0558,0.00132,-0.01629,0.00630,-5.00,0.00,0.00,19.9,125.66,634.00,282.68,DESCEND
4.0537,-0.0123,0.2691,-0.3041,-0.00267,-0.01429,0.00830,-5.00,0.00,0.00,19.9,125.66,634.01,282.62,DESCEND
4.0638,-0.1023,0.2891,-0.1441,-0.02767,-0.01829,0.01230,-5.00,0.00,0.00,20.0,125.66,634.01,282.58,DESCEND
4.0739,0.0676,0.1391,-0.2241,0.01532,-0.01029,0.00830,-5.00,0.00,0.00,20.0,125.66,634.01,282.52,DESCEND
4.0840,-0.0023,0.0091,-0.0541,0.00232,-0.01029,0.00730,-5.00,0.00,0.00,20.1,125.66,634.01,282.48,DESCEND
4.0941,-0.0923,0.2391,-0.1141,-0.00467,-0.01329,0.00830,-5.00,0.00,0.00,20.1,125.66,634.01,282.42,DESCEND
4.1041,0.0476,0.1091,-0.0441,-0.00467,-0.01529,0.01030,-5.00,0.00,0.00,20.2,125.66,634.02,282.38,DESCEND
4.1142,0.1076,0.0091,0.1658,0.00332,-0.00529,0.00730,-5.00,0.00,0.00,20.2,125.66,634.02,282.32,DESCEND
4.1243,-0.0323,-0.0808,0.0658,0.00032,-0.00229,0.00630,-5.00,0.00,0.00,20.3,125.66,634.02,282.28,DESCEND
4.1344,0.0376,0.2791,-0.1841,-0.01367,-0.01929,0.00730,-5.00,0.00,0.00,20.3,125.66,634.02,282.22,DESCEND
4.1445,0.0476,0.3491,-0.2241,-0.01367,-0.01829,0.01130,-5.00,0.00,0.00,20.4,125.66,634.02,282.18,DESCEND
4.1546,0.0576,0.2491,0.0258,-0.01167,-0.01329,0.00830,-5.00,0.00,0.00,20.4,125.66,634.03,282.12,DESCEND
4.1647,0.1776,0.6191,-0.4041,0.01032,-0.01629,0.01130,-5.00,0.00,0.00,20.5,125.66,634.03,282.08,DESCEND
4.1748,-0.0223,0.5991,-0.5441,0.00832,-0.01029,0.00730,-5.00,0.00,0.00,20.5,125.66,634.03,282.02,DESCEND
4.1849,-0.0123,-0.0308,0.1158,-0.00567,-0.01829,0.00430,-5.00,0.00,0.00,20.6,125.66,634.03,281.98,DESCEND
4.1950,0.0176,0.0891,-0.0441,0.00332,-0.01529,0.00830,-5.00,0.00,0.00,20.6,125.66,634.03,281.92,DESCEND
4.2051,0.2176,0.3291,-0.0941,0.01532,-0.01029,0.00830,-5.00,0.00,0.00,20.7,125.66,634.03,281.88,DESCEND
4.2152,0.0776,0.2091,0.2658,0.01432,-0.00129,0.01030,-5.00,0.00,0.00,20.7,125.66,634.04,281.82,DESCEND
4.2253,0.2776,0.1591,-0.0041,0.00132,-0.00729,0.00530,-5.00,0.00,0.00,20.8,125.66,634.04,281.76,DESCEND
4.2354,0.1376,0.0291,0.1558,-0.00067,-0.01229,0.00730,-5.00,0.00,0.00,20.8,125.66,634.04,281.72,DESCEND
4.2455,0.0976,0.3491,-0.2141,-0.00567,-0.01829,0.00830,-5.00,0.00,0.00,20.9,125.66,634.04,281.66,DESCEND
4.2556,-0.0323,0.4491,-0.2041,-0.00067,-0.00229,0.01330,-5.00,0.00,0.00,20.9,125.66,634.04,281.62,DESCEND
4.2657,0.1476,0.0391,-0.0841,0.00832,-0.00529,0.00630,-5.00,0.00,0.00,21.0,125.66,634.05,281.56,DESCEND
4.2758,-0.0123,0.3691,-0.0041,-0.01567,-0.01429,0.00830,-5.00,0.00,0.00,21.0,125.66,634.05,281.52,DESCEND
4.2859,-0.0523,0.2591,-0.0941,0.00332,-0.00129,0.01030,-5.00,0.00,0.00,21.1,125.66,634.05,281.46,DESCEND
4.2960,-0.2223,0.2091,0.1058,-0.00167,-0.00429,0.01230,-5.00,0.00,0.00,21.1,125.66,634.05,281.42,DESCEND
4.3061,0.1176,0.1291,-0.0941,0.00232,-0.01829,0.00930,-5.00,0.00,0.00,21.2,125.66,634.05,281.36,DESCEND
4.3162,-0.0823,0.1891,-0.2541,-0.01767,-0.01329,0.00930,-5.00,0.00,0.00,21.2,125.66,634.06,281.32,DESCEND
4.3263,-0.0023,0.2891,-0.3241,-0.00767,-0.02129,0.01430,-5.00,0.00,0.00,21.3,125.66,634.06,281.26,DESCEND
4.3364,0.0676,0.1091,-0.1441,0.01332,-0.00729,0.00830,-5.00,0.00,0.00,21.3,125.66,634.06,281.22,DESCEND
4.3465,0.1576,0.5391,0.0058,0.01132,-0.00229,0.01030,-5.00,0.00,0.00,21.4,125.66,634.06,281.16,DESCEND
4.3566,-0.0923,-0.0908,-0.1841,-0.01567,-0.01029,0.00630,-5.00,0.00,0.00,21.4,125.66,634.06,281.12,DESCEND
4.3667,0.0176,0.4291,-0.1441,-0.02067,-0.02429,0.00930,-5.00,0.00,0.00,21.5,125.66,634.06,281.06,DESCEND
4.3768,-0.1623,0.2591,-0.2541,-0.00067,-0.00629,0.01230,-5.00,0.00,0.00,21.5,125.66,634.07,281.02,DESCEND
4.3869,-0.0323,0.2891,-0.2541,0.01332,-0.00929,0.00930,-5.00,0.00,0.00,21.6,125.66,634.07,280.96,DESCEND
4.3970,0.0476,0.2591,-0.4241,0.01032,-0.01129,0.01230,-5.00,0.00,0.00,21.6,125.66,634.07,280.92,DESCEND
4.4071,-0.0123,0.0391,0.1758,0.01832,-0.00629,0.00630,-5.00,0.00,0.00,21.7,125.66,634.07,280.86,DESCEND
4.4172,-0.0023,0.2691,-0.3841,-0.00167,-0.01829,0.01030,-5.00,0.00,0.00,21.7,125.66,634.07,280.80,DESCEND
4.4273,0.0176,0.1491,0.1658,0.01032,-0.00129,0.00930,-5.00,0.00,0.00,21.8,125.66,634.08,280.76,DESCEND
4.4374,-0.0723,0.7391,-0.1841,0.00732,-0.00629,0.01230,-5.00,0.00,0.00,21.8,125.66,634.08,280.70,DESCEND
4.4476,-0.0023,0.1291,-0.0541,-0.00567,-0.01129,0.01230,-5.00,0.00,0.00,21.9,125.66,634.08,280.66,DESCEND
4.4577,0.0476,0.3391,-0.3741,0.00632,-0.00929,0.01230,-5.00,0.00,0.00,21.9,125.66,634.08,280.60,DESCEND
4.4678,0.0976,0.3191,-0.4641,-0.00067,-0.02129,0.01230,-5.00,0.00,0.00,22.0,125.66,634.08,280.56,DESCEND
4.4778,0.1476,0.2191,-0.1341,0.00432,-0.01429,0.00830,-5.00,0.00,0.00,22.0,125.66,634.09,280.50,DESCEND
4.4879,0.2476,0.1891,-0.0141,0.01132,-0.00829,0.00930,-5.00,0.00,0.00,22.1,125.66,634.09,280.46,DESCEND
4.4980,0.0576,0.0691,-0.1841,-0.02067,-0.02229,0.01030,-5.00,0.00,0.00,22.1,125.66,634.09,280.40,DESCEND
4.5081,-0.0823,0.5591,-0.5041,0.01032,-0.00829,0.01430,-5.00,0.00,0.00,22.2,125.66,634.09,280.36,DESCEND
4.5183,0.0576,0.4791,-0.2641,-0.00367,-0.00729,0.00830,-5.00,0.00,0.00,22.2,125.66,634.09,280.30,DESCEND
4.5283,0.0776,0.1791,-0.3241,-0.01067,-0.01729,0.01030,-5.00,0.00,0.00,22.3,125.66,634.09,280.26,DESCEND
4.5384,0.1076,0.6191,-0.6141,0.01832,-0.01029,0.01130,-5.00,0.00,0.00,22.3,125.66,634.10,280.20,DESCEND
4.5486,0.0576,0.2991,-0.1141,-0.00867,-0.01029,0.00830,-5.00,0.00,0.00,22.4,125.66,634.10,280.16,DESCEND
4.5587,0.1276,0.0791,-0.2041,0.02332,-0.00429,0.00930,-5.00,0.00,0.00,22.4,125.66,634.10,280.10,DESCEND
4.5688,0.0476,0.3291,-0.1441,-0.00567,-0.00929,0.00830,-5.00,0.00,0.00,22.5,125.66,634.10,280.06,DESCEND
4.5789,-0.0923,0.4991,-0.1441,-0.00067,-0.01029,0.01130,-5.00,0.00,0.00,22.5,125.66,634.10,280.00,DESCEND
4.5890,0.0576,0.1291,0.2258,0.00132,-0.00429,0.00930,-5.00,0.00,0.00,22.6,125.66,634.11,279.96,DESCEND
4.5991,0.1276,0.5191,-0.3541,0.00732,-0.02729,0.01230,-5.00,0.00,0.00,22.6,125.66,634.11,279.90,DESCEND
4.6092,0.0276,0.0991,0.0358,0.01332,-0.00229,0.00830,-5.00,0.00,0.00,22.7,125.66,634.11,279.86,DESCEND
4.6193,0.0076,0.1191,-0.2541,0.01432,-0.01529,0.01130,-5.00,0.00,0.00,22.7,125.66,634.11,279.80,DESCEND
4.6294,0.1076,0.4391,-0.1841,0.01332,-0.00129,0.01230,-5.00,0.00,0.00,22.8,125.66,634.11,279.74,DESCEND
4.6395,0.0076,0.2491,0.1858,0.00732,0.00570,0.01130,-5.00,0.00,0.00,22.8,125.66,634.12,279.70,DESCEND
4.6495,-0.0723,0.3991,-0.0841,-0.00367,-0.00529,0.01230,-5.00,0.00,0.00,22.9,125.66,634.12,279.64,DESCEND
4.6596,0.1076,0.5891,-0.0641,-0.00067,-0.01329,0.01430,-5.00,0.00,0.00,22.9,125.67,634.12,279.60,DESCEND
4.6697,-0.0523,0.1791,0.0858,-0.00267,-0.00429,0.01030,-5.00,0.00,0.00,23.0,125.67,634.12,279.54,DESCEND
4.6798,0.1376,0.4091,-0.1441,0.00132,-0.01329,0.01130,-5.00,0.00,0.00,23.0,125.67,634.12,279.50,DESCEND
4.6899,0.1676,0.2291,-0.0041,0.00132,-0.01029,0.01130,-5.00,0.00,0.00,23.1,125.67,634.12,279.44,DESCEND
4.7000,-0.0823,0.3791,-0.2941,0.01332,-0.00729,0.01030,-5.00,0.00,0.00,23.1,125.67,634.13,279.40,DESCEND
4.7102,0.1076,0.0491,0.1058,0.01532,-0.00629,0.00730,-5.00,0.00,0.00,23.2,125.67,634.13,279.34,DESCEND
4.7203,-0.1623,0.4291,-0.2041,-0.00267,-0.00729,0.01330,-5.00,0.00,0.00,23.2,125.67,634.13,279.30,DESCEND
4.7304,-0.1123,-0.0108,-0.1641,-0.01167,-0.01329,0.00930,-5.00,0.00,0.00,23.3,125.67,634.13,279.24,DESCEND
4.7404,-0.0923,0.3391,-0.1041,-0.00667,-0.00829,0.01330,-5.00,0.00,0.00,23.3,125.67,634.13,279.20,DESCEND
4.7505,0.1076,0.1091,0.0258,-0.01067,-0.01529,0.00730,-5.00,0.00,0.00,23.4,125.67,634.14,279.14,DESCEND
4.7606,0.0076,0.2691,-0.1241,-0.01067,-0.01929,0.01030,-5.00,0.00,0.00,23.4,125.67,634.14,279.10,DESCEND
4.7707,0.0076,0.3791,-0.0041,-0.00267,-0.01529,0.01530,-5.00,0.00,0.00,23.5,125.67,634.14,279.04,DESCEND
4.7808,-0.0323,0.5091,-0.3241,-0.01967,-0.02029,0.01030,-5.00,0.00,0.00,23.5,125.67,634.14,279.00,DESCEND
4.7909,0.1376,0.2591,-0.2241,0.01432,-0.00429,0.00830,-5.00,0.00,0.00,23.6,125.67,634.14,278.94,DESCEND
4.8010,-0.0423,0.3191,-0.0741,-0.00967,-0.01429,0.01030,-5.00,0.00,0.00,23.6,125.67,634.14,278.90,DESCEND
4.8111,0.0376,0.2291,-0.2541,0.00332,-0.01129,0.00830,-5.00,0.00,0.00,23.7,125.67,634.15,278.84,DESCEND
4.8212,0.1676,-0.0108,-0.1341,0.00432,-0.00829,0.00830,-5.00,0.00,0.00,23.8,125.67,634.15,278.78,DESCEND
4.8313,0.0876,0.1291,0.0358,0.00032,-0.00129,0.00930,-5.00,0.00,0.00,23.8,125.67,634.15,278.74,DESCEND
4.8414,0.2876,0.1691,-0.0741,0.02232,-0.00429,0.00930,-5.00,0.00,0.00,23.9,125.67,634.15,278.68,DESCEND
4.8515,-0.1023,-0.0608,0.0458,-0.00467,-0.00729,0.00930,-5.00,0.00,0.00,23.9,125.67,634.15,278.64,DESCEND
4.8616,0.2476,0.4391,-0.4041,0.02432,-0.00929,0.00930,-5.00,0.00,0.00,24.0,125.67,634.16,278.58,DESCEND
4.8717,0.0076,0.1191,-0.0541,0.00832,-0.01329,0.01030,-5.00,0.00,0.00,24.0,125.67,634.16,278.54,DESCEND
4.8818,0.0776,0.1591,-0.1341,0.00632,-0.01029,0.01330,-5.00,0.00,0.00,24.1,125.67,634.16,278.48,DESCEND
4.8919,-0.1423,0.1591,-0.1941,-0.02267,-0.02429,0.00930,-5.00,0.00,0.00,24.1,125.67,634.16,278.44,DESCEND
4.9020,-0.0423,0.1891,0.1758,-0.00867,-0.00729,0.00730,-5.00,0.00,0.00,24.2,125.67,634.16,278.38,DESCEND
4.9121,0.0276,0.3491,-0.0141,0.00432,-0.00929,0.00930,-5.00,0.00,0.00,24.2,125.67,634.17,278.34,DESCEND
4.9222,-0.1423,-0.1708,0.1758,0.01532,0.00670,0.00830,-5.00,0.00,0.00,24.3,125.67,634.17,278.28,DESCEND
4.9323,0.1676,0.1891,-0.1541,0.00832,-0.00729,0.00830,-5.00,0.00,0.00,24.3,125.67,634.17,278.24,DESCEND
4.9424,0.0076,0.4091,-0.0041,-0.01567,-0.01329,0.00930,-5.00,0.00,0.00,24.4,125.67,634.17,278.18,DESCEND
4.9525,0.0776,0.1491,-0.1641,0.01632,0.00270,0.00830,-5.00,0.00,0.00,24.4,125.67,634.17,278.14,DESCEND
4.9626,-0.0023,0.0691,-0.2741,0.01332,-0.00729,0.00930,-5.00,0.00,0.00,24.5,125.67,634.18,278.08,DESCEND
4.9727,-0.0323,0.4091,-0.1541,0.02032,0.00270,0.01030,-5.00,0.00,0.00,24.5,125.67,634.18,278.04,DESCEND
4.9828,-0.0423,0.3591,0.0658,-0.00067,-0.00129,0.01230,-5.00,0.00,0.00,24.6,125.67,634.18,277.98,DESCEND
4.9929,0.2076,0.1191,0.0558,0.00032,-0.00929,0.00930,-5.00,0.00,0.00,24.6,125.67,634.18,277.94,DESCEND
5.0030,-0.1023,0.0891,-0.1441,0.00232,-0.01429,0.01230,-5.00,0.00,0.00,24.7,125.67,634.18,277.88,DESCEND
5.0131,0.0876,0.2291,-0.0941,0.01332,-0.01129,0.01030,-5.00,0.00,0.00,24.7,125.67,634.18,277.84,DESCEND
5.0232,0.0676,0.1691,-0.4241,0.01732,-0.00829,0.01230,-5.00,0.00,0.00,24.8,125.67,634.19,277.78,DESCEND
5.0333,0.0576,0.4791,-0.3241,-0.01567,-0.02429,0.01130,-5.00,0.00,0.00,24.8,125.67,634.19,277.72,DESCEND
5.0434,-0.1123,0.6991,-0.5641,-0.00867,-0.01129,0.01230,-5.00,0.00,0.00,24.9,125.67,634.19,277.68,DESCEND
5.0535,-0.0123,0.2291,-0.0641,0.00632,-0.00929,0.01030,-5.00,0.00,0.00,24.9,125.67,634.19,277.62,DESCEND
5.0636,0.1776,0.4791,-0.3541,0.00732,-0.01129,0.01030,-5.00,0.00,0.00,25.0,125.67,634.19,277.58,DESCEND
5.0737,0.0976,0.3291,-0.3141,0.00032,-0.02029,0.01030,-5.00,0.00,0.00,25.0,125.67,634.20,277.52,DESCEND
5.0838,0.0076,0.3391,-0.0641,-0.00767,-0.01629,0.01030,-5.00,0.00,0.00,25.1,125.67,634.20,277.48,DESCEND
5.0939,0.0076,0.5191,-0.5541,-0.00067,-0.01529,0.01430,-5.00,0.00,0.00,25.1,125.67,634.20,277.42,DESCEND
5.1040,0.0776,0.1991,-0.0241,0.02132,-0.00829,0.01230,-5.00,0.00,0.00,25.2,125.67,634.20,277.38,DESCEND
5.1141,0.1376,0.4991,-0.1541,0.00332,-0.02329,0.01130,-5.00,0.00,0.00,25.2,125.67,634.20,277.32,DESCEND
5.1242,-0.2023,0.2491,-0.1241,-0.02067,-0.01829,0.00930,-5.00,0.00,0.00,25.3,125.67,634.20,277.28,DESCEND
5.1343,0.0776,0.6091,-0.5041,0.01132,-0.01729,0.01230,-5.00,0.00,0.00,25.3,125.67,634.21,277.22,DESCEND
5.1444,0.0876,0.2291,-0.2041,0.00332,-0.01129,0.01030,-5.00,0.00,0.00,25.4,125.67,634.21,277.18,DESCEND
5.1545,0.0276,0.4691,-0.0941,0.00732,-0.00129,0.01530,-5.00,0.00,0.00,25.4,125.67,634.21,277.12,DESCEND
5.1646,-0.2223,0.1891,0.2358,-0.00467,0.00570,0.00730,-5.00,0.00,0.00,25.5,125.67,634.21,277.08,DESCEND
5.1746,-0.0923,0.0091,0.0658,-0.01067,-0.00729,0.00630,-5.00,0.00,0.00,25.5,125.67,634.21,277.02,DESCEND
5.1847,0.1476,0.6591,-0.1841,0.02332,0.00270,0.01330,-5.00,0.00,0.00,25.6,125.67,634.22,276.98,DESCEND
5.1948,0.1776,0.3191,-0.2241,0.00632,-0.01029,0.00830,-5.00,0.00,0.00,25.6,125.67,634.22,276.92,DESCEND
5.2049,0.0676,0.0391,-0.1541,0.01332,-0.01229,0.00930,-5.00,0.00,0.00,25.7,125.67,634.22,276.88,DESCEND
5.2151,-0.0423,0.2591,-0.1141,-0.00567,-0.01029,0.01030,-5.00,0.00,0.00,25.7,125.67,634.22,276.82,DESCEND
5.2252,0.0676,0.2591,-0.1441,0.00032,-0.01629,0.00830,-5.00,0.00,0.00,25.8,125.67,634.22,276.78,DESCEND
5.2353,-0.1623,0.0991,-0.2441,-0.00967,-0.00929,0.00630,-5.00,0.00,0.00,25.8,125.67,634.23,276.72,DESCEND
5.2453,-0.0323,0.1891,-0.1741,0.01532,0.00270,0.00630,-5.00,0.00,0.00,25.9,125.67,634.23,276.66,DESCEND
5.2554,0.0876,0.3291,0.0958,0.02032,0.00270,0.00730,-5.00,0.00,0.00,25.9,125.67,634.23,276.62,DESCEND
5.2655,0.0476,0.2891,-0.1441,-0.01567,-0.02129,0.01130,-5.00,0.00,0.00,26.0,125.67,634.23,276.56,DESCEND
5.2756,-0.0323,0.5791,-0.5141,-0.00767,-0.01729,0.01530,-5.00,0.00,0.00,26.0,125.67,634.23,276.52,DESCEND
5.2857,0.2776,0.3691,-0.4341,-0.00267,-0.02229,0.01130,-5.00,0.00,0.00,26.1,125.67,634.24,276.46,DESCEND
5.2958,0.1876,0.3291,-0.3741,0.01732,0.00170,0.01030,-5.00,0.00,0.00,26.1,125.67,634.24,276.42,DESCEND
5.3059,0.1876,0.4091,-0.2441,-0.00767,-0.02229,0.00930,-5.00,0.00,0.00,26.2,125.68,634.24,276.36,DESCEND
5.3160,0.0176,0.3591,-0.6841,-0.00867,-0.02629,0.01430,-5.00,0.00,0.00,26.2,125.68,634.24,276.32,DESCEND
5.3261,0.0776,0.3791,-0.1841,0.01232,-0.00929,0.01230,-5.00,0.00,0.00,26.3,125.68,634.24,276.26,DESCEND
5.3362,0.1976,0.3491,-0.0341,0.01732,-0.01829,0.01030,-5.00,0.00,0.00,26.3,125.68,634.24,276.22,DESCEND
5.3463,0.2576,0.2291,-0.2141,0.00132,-0.01129,0.00730,-5.00,0.00,0.00,26.4,125.68,634.25,276.16,DESCEND
5.3564,0.0276,0.0791,-0.0241,0.00432,-0.00929,0.00730,-5.00,0.00,0.00,26.4,125.68,634.25,276.12,DESCEND
5.3665,-0.1123,0.3791,-0.2541,-0.00367,-0.00929,0.00830,-5.00,0.00,0.00,26.5,125.68,634.25,276.06,DESCEND
5.3765,0.1276,0.3291,-0.1241,-0.00167,-0.01129,0.01230,-5.00,0.00,0.00,26.5,125.68,634.25,276.02,DESCEND
5.3867,-0.0323,0.2891,-0.2541,0.00332,-0.01029,0.01330,-5.00,0.00,0.00,26.6,125.68,634.25,275.96,DESCEND
5.3968,0.1476,0.0391,0.1958,0.00232,-0.00829,0.00730,-5.00,0.00,0.00,26.6,125.68,634.26,275.92,DESCEND
5.4069,0.0676,0.5191,-0.2241,0.00832,-0.01429,0.01330,-5.00,0.00,0.00,26.7,125.68,634.26,275.86,DESCEND
5.4170,0.0776,0.1491,-0.0841,0.02132,-0.00629,0.00830,-5.00,0.00,0.00,26.7,125.68,634.26,275.82,DESCEND
5.4271,0.0376,0.5291,-0.0841,0.00432,-0.00529,0.01230,-5.00,0.00,0.00,26.8,125.68,634.26,275.76,DESCEND
5.4372,0.1476,0.1091,0.0458,0.01032,-0.01229,0.01330,-5.00,0.00,0.00,26.8,125.68,634.26,275.72,DESCEND
5.4473,0.0076,0.2091,0.0958,0.00832,-0.00229,0.01030,-5.00,0.00,0.00,26.9,125.68,634.26,275.66,DESCEND
5.4574,-0.0923,0.3191,-0.3541,0.00832,0.00170,0.01030,-5.00,0.00,0.00,26.9,125.68,634.27,275.60,DESCEND
5.4675,0.0876,0.4991,-0.1941,0.00332,-0.02029,0.01330,-5.00,0.00,0.00,27.0,125.68,634.27,275.56,DESCEND
5.4776,0.1476,0.2791,-0.2541,0.02032,-0.00729,0.01130,-5.00,0.00,0.00,27.0,125.68,634.27,275.50,DESCEND
5.4877,0.1576,0.4891,-0.4641,0.01032,-0.01729,0.01230,-5.00,0.00,0.00,27.1,125.68,634.27,275.46,DESCEND
5.4978,0.1276,0.0391,0.1158,0.00232,-0.00929,0.01130,-5.00,0.00,0.00,27.1,125.68,634.27,275.40,DESCEND
5.5079,-0.0523,0.3291,-0.1641,-0.01067,-0.01129,0.01130,-5.00,0.00,0.00,27.2,125.68,634.28,275.36,DESCEND
5.5180,0.0176,0.5991,-0.2241,-0.00967,-0.01629,0.01330,-5.00,0.00,0.00,27.2,125.68,634.28,275.30,DESCEND
5.5281,-0.1823,0.6591,-0.1641,-0.00867,-0.00129,0.01630,-5.00,0.00,0.00,27.3,125.68,634.28,275.26,DESCEND
5.5382,0.2276,0.4791,-0.1641,0.02332,-0.00429,0.00930,-5.00,0.00,0.00,27.3,125.68,634.28,275.20,DESCEND
5.5483,0.0276,-0.0308,0.0258,0.00132,-0.01029,0.01130,-5.00,0.00,0.00,27.4,125.68,634.28,275.16,DESCEND
5.5584,-0.0923,0.4691,-0.1441,-0.00267,-0.00229,0.01230,-5.00,0.00,0.00,27.4,125.68,634.29,275.10,DESCEND
5.5685,0.1276,0.0991,-0.0641,0.01432,-0.00829,0.01030,-5.00,0.00,0.00,27.5,125.68,634.29,275.06,DESCEND
5.5786,0.1176,0.3291,-0.2941,-0.01167,-0.03029,0.01230,-5.00,0.00,0.00,27.5,125.68,634.29,275.00,DESCEND
5.5889,-0.0723,0.1991,0.0458,0.00332,-0.00729,0.00730,-5.00,0.00,0.00,27.6,125.68,634.29,274.96,DESCEND
5.5990,-0.0023,0.4691,-0.1241,-0.00967,-0.01429,0.01130,-5.00,0.00,0.00,27.6,125.68,634.29,274.90,DESCEND
5.6091,-0.0023,0.1791,0.0458,0.01732,-0.00329,0.00930,-5.00,0.00,0.00,27.7,125.68,634.29,274.86,DESCEND
5.6192,-0.0523,0.3791,-0.3141,0.00832,-0.00929,0.01230,-5.00,0.00,0.00,27.7,125.68,634.30,274.80,DESCEND
5.6293,-0.0323,0.2591,-0.1541,-0.00667,-0.01029,0.01330,-5.00,0.00,0.00,27.8,125.68,634.30,274.74,DESCEND
5.6393,-0.1523,0.1191,0.0358,0.00332,-0.00429,0.01230,-5.00,0.00,0.00,27.9,125.68,634.30,274.68,DESCEND
5.6494,0.0976,0.5091,-0.0241,0.00132,-0.01229,0.01230,-5.00,0.00,0.00,27.9,125.68,634.30,274.64,DESCEND
5.6595,0.0876,0.2591,-0.1941,0.00532,-0.00029,0.00930,-5.00,0.00,0.00,27.9,125.68,634.30,274.60,DESCEND
5.6696,0.2076,0.2291,0.0758,0.02932,0.00470,0.00630,-5.00,0.00,0.00,28.0,125.68,634.31,274.54,DESCEND
5.6797,-0.1323,0.3391,-0.1941,-0.00767,-0.01729,0.01230,-5.00,0.00,0.00,28.0,125.68,634.31,274.50,DESCEND
5.6898,0.2076,0.0291,-0.0041,0.01132,-0.00829,0.01130,-5.00,0.00,0.00,28.1,125.68,634.31,274.44,DESCEND
5.6999,0.0676,0.0791,-0.1041,0.02032,0.00070,0.00930,-5.00,0.00,0.00,28.1,125.68,634.31,274.40,DESCEND
5.7100,-0.0523,0.1791,-0.2141,0.00932,-0.00829,0.01130,-5.00,0.00,0.00,28.2,125.68,634.31,274.34,DESCEND
5.7202,-0.0323,0.4591,-0.3141,-0.00167,-0.02729,0.01630,-5.00,0.00,0.00,28.2,125.68,634.32,274.30,DESCEND
5.7303,0.0376,0.2591,-0.2441,-0.00067,-0.01129,0.01130,-5.00,0.00,0.00,28.3,125.68,634.32,274.24,DESCEND
5.7404,0.0376,0.0991,0.0458,0.00532,-0.00429,0.01130,-5.00,0.00,0.00,28.3,125.68,634.32,274.20,DESCEND
5.7505,-0.1123,0.2691,-0.1741,-0.01467,-0.02329,0.01430,-5.00,0.00,0.00,28.4,125.68,634.32,274.14,DESCEND
5.7605,-0.0723,0.2091,-0.0641,-0.00167,-0.00529,0.01230,-5.00,0.00,0.00,28.4,125.68,634.32,274.10,DESCEND
5.7706,0.1976,0.3491,-0.0141,-0.00367,-0.01029,0.00930,-5.00,0.00,0.00,28.5,125.68,634.32,274.04,DESCEND
5.7808,-0.0123,0.1791,-0.0541,0.00032,-0.01629,0.01230,-5.00,0.00,0.00,28.5,125.68,634.33,274.00,DESCEND
5.7909,-0.0223,-0.2408,0.2758,0.00932,-0.00429,0.00830,-5.00,0.00,0.00,28.6,125.68,634.33,273.94,DESCEND
5.8010,0.0976,0.4491,-0.3741,0.02132,-0.00329,0.01130,-5.00,0.00,0.00,28.6,125.68,634.33,273.90,DESCEND
5.8111,0.0876,0.2991,-0.4141,0.00032,-0.01329,0.01230,-5.00,0.00,0.00,28.7,125.68,634.33,273.84,DESCEND
5.8212,0.0576,0.3391,-0.2941,0.00232,-0.00929,0.00830,-5.00,0.00,0.00,28.8,125.68,634.33,273.78,DESCEND
5.8313,0.1076,-0.2908,0.4758,0.02232,0.00970,0.01030,-5.00,0.00,0.00,28.8,125.68,634.34,273.74,DESCEND
5.8414,0.1776,0.2891,-0.0941,0.01532,-0.00129,0.01230,-5.00,0.00,0.00,28.9,125.68,634.34,273.68,DESCEND
5.8515,-0.0123,0.0391,0.1358,-0.00567,-0.01329,0.01230,-5.00,0.00,0.00,28.9,125.68,634.34,273.64,DESCEND
5.8616,-0.0423,0.5591,-0.1441,0.00032,-0.00929,0.01230,-5.00,0.00,0.00,29.0,125.68,634.34,273.58,DESCEND
5.8717,0.1576,0.2991,0.2658,0.01932,0.00070,0.01030,-5.00,0.00,0.00,29.0,125.68,634.34,273.54,DESCEND
5.8818,0.1476,0.1591,0.0958,0.00932,-0.00429,0.00930,-5.00,0.00,0.00,29.1,125.68,634.35,273.48,DESCEND
5.8919,0.0276,0.6791,-0.3741,0.00832,-0.01629,0.01430,-5.00,0.00,0.00,29.1,125.68,634.35,273.44,DESCEND
5.9020,-0.0423,0.3591,0.0958,-0.02067,-0.01129,0.01030,-5.00,0.00,0.00,29.2,125.68,634.35,273.38,DESCEND
5.9121,0.0076,0.2091,-0.1141,-0.00767,-0.01929,0.01730,-5.00,0.00,0.00,29.2,125.68,634.35,273.34,DESCEND
5.9222,-0.0223,0.1691,-0.0941,-0.00267,-0.01129,0.01230,-5.00,0.00,0.00,29.3,125.68,634.35,273.28,DESCEND
5.9323,0.2176,0.2991,-0.2841,0.00832,-0.00929,0.01230,-5.00,0.00,0.00,29.3,125.68,634.35,273.24,DESCEND
5.9423,0.1776,0.0891,0.0658,0.01532,-0.00629,0.00930,-5.00,0.00,0.00,29.4,125.68,634.36,273.18,DESCEND
5.9524,0.1376,0.0591,-0.1341,0.01732,-0.01529,0.01130,-5.00,0.00,0.00,29.4,125.68,634.36,273.14,DESCEND
5.9625,0.0676,0.3591,-0.0641,0.01832,-0.00629,0.01330,-5.00,0.00,0.00,29.5,125.68,634.36,273.08,DESCEND
5.9726,-0.0823,-0.1608,0.1058,0.00732,-0.00429,0.01030,-5.00,0.00,0.00,29.5,125.69,634.36,273.04,DESCEND
5.9828,-0.2923,-0.1108,0.3058,-0.00967,-0.00029,0.01030,-5.00,0.00,0.00,29.6,125.69,634.36,272.98,DESCEND
5.9928,-0.0023,0.0891,0.0658,0.00632,-0.00629,0.01130,-5.00,0.00,0.00,29.6,125.69,634.37,272.94,DESCEND
6.0029,-0.0323,0.0391,0.0258,0.00632,-0.00029,0.00630,-5.00,0.00,0.00,29.7,125.69,634.37,272.88,DESCEND
6.0130,-0.0723,0.1591,0.4058,-0.00967,-0.00229,0.00930,-5.00,0.00,0.00,29.7,125.69,634.37,272.84,DESCEND
6.0231,0.1876,0.4791,-0.3941,0.00232,-0.01729,0.01430,-5.00,0.00,0.00,29.8,125.69,634.37,272.78,DESCEND
6.0332,-0.0623,0.2391,-0.1941,-0.00067,-0.01229,0.01430,-5.00,0.00,0.00,29.8,125.69,634.37,272.74,DESCEND
6.0433,0.1576,0.3491,-0.1641,0.01232,-0.01329,0.01130,-5.00,0.00,0.00,29.9,125.69,634.38,272.68,DESCEND
6.0534,-0.0223,0.0691,-0.1041,-0.00267,-0.01529,0.01330,-5.00,0.00,0.00,29.9,125.69,634.38,272.62,DESCEND
6.0635,0.0176,0.0291,0.1358,0.00632,-0.00029,0.01030,-5.00,0.00,0.00,30.0,125.69,634.38,272.58,DESCEND
6.0736,0.3276,0.1991,-0.0241,0.03032,-0.00229,0.01030,-5.00,0.00,0.00,30.0,125.69,634.38,272.52,DESCEND
6.0837,-0.1823,0.4791,-0.5641,-0.01767,-0.02029,0.01030,-5.00,0.00,0.00,30.1,125.69,634.38,272.48,DESCEND
6.0938,-0.0123,0.3691,-0.0341,-0.00367,-0.00829,0.01030,-5.00,0.00,0.00,30.1,125.69,634.38,272.42,DESCEND
6.1050,0.1276,0.3691,-0.2341,0.01132,-0.01329,0.01030,-5.00,0.00,0.00,30.2,125.69,634.39,272.38,DESCEND
6.1152,0.0076,0.6091,-0.4541,0.00932,-0.01629,0.01430,-5.00,0.00,0.00,30.2,125.69,634.39,272.32,DESCEND
6.1252,-0.0623,0.4291,-0.2041,-0.00067,-0.00929,0.01430,-5.00,0.00,0.00,30.3,125.69,634.39,272.26,DESCEND
6.1353,0.2476,-0.0108,0.2558,0.01332,-0.00229,0.00730,-5.00,0.00,0.00,30.3,125.69,634.39,272.22,DESCEND
6.1454,0.0976,0.3591,-0.0541,0.01032,-0.00429,0.00930,-5.00,0.00,0.00,30.4,125.69,634.39,272.16,DESCEND
6.1555,0.0676,0.2491,-0.0341,0.01832,0.00870,0.01030,-5.00,0.00,0.00,30.4,125.69,634.40,272.12,DESCEND
6.1656,0.0476,0.3291,-0.0641,-0.00067,-0.00229,0.01330,-5.00,0.00,0.00,30.5,125.69,634.40,272.06,DESCEND
6.1757,-0.0723,0.0391,0.4058,0.01232,0.00470,0.01030,-5.00,0.00,0.00,30.5,125.69,634.40,272.02,DESCEND
6.1858,0.0076,0.5091,-0.2241,-0.00867,-0.01529,0.01230,-5.00,0.00,0.00,30.6,125.69,634.40,271.96,DESCEND
6.1959,0.1876,-0.2708,0.4258,0.02132,-0.00229,0.00530,-5.00,0.00,0.00,30.6,125.69,634.40,271.92,DESCEND
6.2060,0.0576,0.6691,-0.5041,0.00532,-0.02029,0.01530,-5.00,0.00,0.00,30.7,125.69,634.41,271.86,DESCEND
6.2162,0.3076,0.6891,-0.3741,0.00932,-0.01629,0.01130,-5.00,0.00,0.00,30.7,125.69,634.41,271.82,DESCEND
6.2263,-0.1923,0.4791,-0.2941,-0.01967,-0.01729,0.01330,-5.00,0.00,0.00,30.8,125.69,634.41,271.76,DESCEND
6.2364,-0.0923,0.0791,0.2658,0.00132,0.00270,0.01030,-5.00,0.00,0.00,30.8,125.69,634.41,271.72,DESCEND
6.2465,0.1076,0.1791,0.1658,0.01032,-0.00729,0.01330,-5.00,0.00,0.00,30.9,125.69,634.41,271.66,DESCEND
6.2566,0.0876,0.4791,-0.1341,0.00332,-0.01529,0.01130,-5.00,0.00,0.00,30.9,125.69,634.41,271.62,DESCEND
6.2667,-0.0223,0.3491,-0.0441,0.00432,-0.00829,0.01230,-5.00,0.00,0.00,31.0,125.69,634.42,271.57,DESCEND
6.2768,0.1476,0.1191,-0.0241,0.02532,-0.00329,0.00930,-5.00,0.00,0.00,31.0,125.69,634.42,271.53,DESCEND
6.2869,-0.0823,0.6391,-0.2241,-0.00167,-0.01529,0.01530,-5.00,0.00,0.00,31.1,125.69,634.42,271.47,DESCEND
6.2970,0.1576,0.4291,0.0458,0.01932,-0.00429,0.01330,-5.00,0.00,0.00,31.1,125.69,634.42,271.43,DESCEND
6.3071,0.1576,0.1291,-0.0341,0.00732,-0.01429,0.01530,-5.00,0.00,0.00,31.2,125.69,634.42,271.37,DESCEND
6.3172,0.0976,0.0391,0.0558,0.00232,-0.00929,0.00930,-5.00,0.00,0.00,31.2,125.69,634.43,271.33,DESCEND
6.3273,-0.0023,0.4191,-0.1341,0.00032,-0.01229,0.01430,-5.00,0.00,0.00,31.3,125.69,634.43,271.27,DESCEND
6.3374,-0.0023,0.1691,-0.1041,0.01732,0.00470,0.01130,-5.00,0.00,0.00,31.3,125.69,634.43,271.21,DESCEND
6.3475,0.2076,0.2891,-0.1941,0.01832,-0.01429,0.01330,-5.00,0.00,0.00,31.4,125.69,634.43,271.17,DESCEND
6.3576,-0.1523,0.2191,-0.2341,-0.01267,-0.00929,0.00830,-5.00,0.00,0.00,31.4,125.69,634.43,271.11,DESCEND
6.3677,0.1176,0.3891,-0.3441,0.00732,-0.00929,0.01330,-5.00,0.00,0.00,31.5,125.69,634.44,271.07,DESCEND
6.3777,0.0576,0.2791,-0.3841,0.00032,-0.01029,0.00930,-5.00,0.00,0.00,31.5,125.69,634.44,271.01,DESCEND
6.3879,0.0376,0.0291,0.3158,-0.00967,-0.00029,0.01030,-5.00,0.00,0.00,31.6,125.69,634.44,270.97,DESCEND
6.3980,0.0276,0.4091,0.0158,0.02532,-0.00429,0.01330,-5.00,0.00,0.00,31.6,125.69,634.44,270.91,DESCEND
6.4081,-0.0323,-0.0708,-0.0041,0.00832,0.00270,0.00930,-5.00,0.00,0.00,31.7,125.69,634.44,270.87,DESCEND
6.4182,-0.1823,0.2191,-0.0841,-0.02667,-0.01529,0.01430,-5.00,0.00,0.00,31.7,125.69,634.45,270.81,DESCEND
6.4283,-0.0923,0.4291,-0.3341,-0.00667,-0.00929,0.01330,-5.00,0.00,0.00,31.8,125.69,634.45,270.77,DESCEND
6.4384,-0.0823,0.4391,0.1358,0.00232,-0.00629,0.01330,-5.00,0.00,0.00,31.8,125.69,634.45,270.71,DESCEND
6.4485,0.0676,0.4791,-0.2341,-0.00067,-0.00829,0.01230,-5.00,0.00,0.00,31.9,125.69,634.45,270.67,DESCEND
6.4586,0.0676,0.2991,0.0658,0.00532,-0.00229,0.01130,-5.00,0.00,0.00,31.9,125.69,634.45,270.61,DESCEND
6.4687,-0.1523,0.1591,0.0158,-0.00967,-0.00629,0.01330,-5.00,0.00,0.00,32.0,125.69,634.45,270.57,DESCEND
6.4788,0.0676,0.3591,-0.2641,0.00832,-0.01829,0.01530,-5.00,0.00,0.00,32.0,125.69,634.46,270.51,DESCEND
6.4889,0.2076,-0.0708,-0.1041,0.01232,-0.01129,0.01230,-5.00,0.00,0.00,32.1,125.69,634.46,270.47,DESCEND
6.4990,0.1476,0.2791,0.1158,0.01332,-0.00729,0.00930,-5.00,0.00,0.00,32.1,125.69,634.46,270.41,DESCEND
6.5091,-0.0623,-0.0808,-0.0141,0.00632,-0.00029,0.01130,-5.00,0.00,0.00,32.2,125.69,634.46,270.37,DESCEND
6.5192,0.2176,0.0891,-0.0141,0.01132,-0.00629,0.01030,-5.00,0.00,0.00,32.2,125.69,634.46,270.31,DESCEND
6.5293,0.0276,0.3091,-0.2341,0.00532,-0.01129,0.01230,-5.00,0.00,0.00,32.3,125.69,634.47,270.25,DESCEND
6.5394,0.0276,0.4191,-0.1041,0.00332,-0.01229,0.01630,-5.00,0.00,0.00,32.3,125.69,634.47,270.21,DESCEND
6.5496,0.1076,0.5391,-0.1941,0.00632,-0.00829,0.02030,-5.00,0.00,0.00,32.4,125.69,634.47,270.15,DESCEND
6.5596,-0.0923,0.5691,-0.3041,0.00132,-0.01129,0.01530,-5.00,0.00,0.00,32.4,125.69,634.47,270.11,DESCEND
6.5698,0.1276,0.4191,-0.2941,0.01132,-0.01329,0.01330,-5.00,0.00,0.00,32.5,125.69,634.47,270.05,DESCEND
6.5799,-0.1423,0.2491,-0.0341,0.00032,-0.00029,0.01430,-5.00,0.00,0.00,32.5,125.69,634.47,270.01,DESCEND
6.5899,-0.0023,0.1791,-0.0241,0.01832,-0.00029,0.01030,-5.00,0.00,0.00,32.6,125.69,634.48,269.95,DESCEND
6.6000,0.3376,-0.1008,0.2058,0.02532,-0.00129,0.00930,-5.00,0.00,0.00,32.6,125.69,634.48,269.91,DESCEND
6.6102,0.1776,0.4091,-0.2341,0.00232,-0.02129,0.01130,-5.00,0.00,0.00,32.7,125.69,634.48,269.85,DESCEND
6.6203,-0.0523,0.4291,-0.0041,0.00432,-0.00429,0.01630,-5.00,0.00,0.00,32.7,125.69,634.48,269.81,DESCEND
6.6304,0.0976,0.4091,-0.2641,0.01332,-0.01029,0.01530,-5.00,0.00,0.00,32.8,125.69,634.48,269.75,DESCEND
6.6405,0.0276,0.4391,-0.1941,0.00732,-0.00729,0.01530,-5.00,0.00,0.00,32.8,125.69,634.49,269.71,DESCEND
6.6506,-0.0623,0.1291,0.2558,-0.01167,-0.01129,0.01330,-5.00,0.00,0.00,32.9,125.70,634.49,269.65,DESCEND
6.6607,0.0976,0.1291,0.0258,-0.00167,-0.01029,0.01130,-5.00,0.00,0.00,32.9,125.70,634.49,269.61,DESCEND
6.6708,0.0276,-0.0008,-0.0041,0.00532,-0.00729,0.00830,-5.00,0.00,0.00,33.0,125.70,634.49,269.55,DESCEND
6.6809,0.2776,-0.0208,0.0658,0.00932,-0.00629,0.00930,-5.00,0.00,0.00,33.0,125.70,634.49,269.51,DESCEND
6.6910,0.1976,0.0191,-0.0941,0.01732,-0.00429,0.01130,-5.00,0.00,0.00,33.1,125.70,634.50,269.45,DESCEND
6.7011,-0.1023,0.2091,0.2058,-0.00567,-0.00629,0.01430,-5.00,0.00,0.00,33.1,125.70,634.50,269.41,DESCEND
6.7112,-0.2923,0.4491,-0.2141,-0.01667,-0.00929,0.01730,-5.00,0.00,0.00,33.2,125.70,634.50,269.35,DESCEND
6.7213,0.1076,-0.0008,-0.2441,0.01132,-0.01229,0.00930,-5.00,0.00,0.00,33.2,125.70,634.50,269.31,DESCEND
6.7314,0.0776,0.5391,-0.0341,-0.01467,-0.01829,0.01430,-5.00,0.00,0.00,33.3,125.70,634.50,269.25,DESCEND
6.7415,0.0976,0.3091,-0.1241,0.00332,-0.01729,0.01230,-5.00,0.00,0.00,33.4,125.70,634.51,269.19,DESCEND
6.7516,0.0376,0.0291,0.2558,-0.00067,-0.00729,0.01030,-5.00,0.00,0.00,33.4,125.70,634.51,269.15,DESCEND
6.7617,0.1076,0.5691,-0.1741,0.01932,-0.01029,0.01930,-5.00,0.00,0.00,33.5,125.70,634.51,269.09,DESCEND
6.7719,0.0076,0.1991,-0.1541,0.00332,-0.00529,0.01330,-5.00,0.00,0.00,33.5,125.70,634.51,269.05,DESCEND
6.7820,0.0376,0.3891,-0.1241,-0.00467,-0.00729,0.01230,-5.00,0.00,0.00,33.6,125.70,634.51,268.99,DESCEND
6.7921,0.1176,0.0991,-0.0941,0.00032,-0.00429,0.01330,-5.00,0.00,0.00,33.6,125.70,634.51,268.95,DESCEND
6.8022,0.0676,0.2191,-0.1641,-0.01367,-0.01729,0.01430,-5.00,0.00,0.00,33.7,125.70,634.52,268.89,DESCEND
6.8123,0.1576,0.3191,-0.3941,0.00532,-0.02129,0.01530,-5.00,0.00,0.00,33.7,125.70,634.52,268.85,DESCEND
6.8224,0.1676,0.5091,-0.2941,0.01632,-0.01329,0.01530,-5.00,0.00,0.00,33.8,125.70,634.52,268.79,DESCEND
6.8325,-0.0523,0.5091,-0.3841,-0.00967,-0.01829,0.01630,-5.00,0.00,0.00,33.8,125.70,634.52,268.75,DESCEND
6.8426,0.1876,0.6191,-0.4141,0.02932,-0.01129,0.01530,-5.00,0.00,0.00,33.9,125.70,634.52,268.69,DESCEND
6.8527,0.1676,-0.0408,-0.1641,0.00432,-0.01429,0.00730,-5.00,0.00,0.00,33.9,125.70,634.53,268.65,DESCEND
6.8628,0.0776,0.1491,-0.3441,-0.00067,-0.01029,0.01430,-5.00,0.00,0.00,34.0,125.70,634.53,268.59,DESCEND
6.8729,0.1276,0.6691,-0.1441,0.01532,-0.01329,0.01630,-5.00,0.00,0.00,34.0,125.70,634.53,268.55,DESCEND
6.8830,0.0376,0.3091,-0.2341,0.00432,-0.01529,0.01230,-5.00,0.00,0.00,34.1,125.70,634.53,268.49,DESCEND
6.8931,0.1476,0.1691,0.0758,0.02332,0.00170,0.01230,-5.00,0.00,0.00,34.1,125.70,634.53,268.45,DESCEND
6.9032,0.0276,-0.0008,0.1358,0.00332,0.00070,0.01130,-5.00,0.00,0.00,34.2,125.70,634.53,268.39,DESCEND
6.9133,0.0976,0.2991,0.2158,0.00432,-0.01429,0.01130,-5.00,0.00,0.00,34.2,125.70,634.54,268.33,DESCEND
6.9234,-0.0523,0.2291,-0.3241,-0.00867,-0.01729,0.01230,-5.00,0.00,0.00,34.3,125.70,634.54,268.29,DESCEND
6.9335,0.0176,0.4891,-0.4241,0.01032,-0.01429,0.01630,-5.00,0.00,0.00,34.3,125.70,634.54,268.23,DESCEND
6.9436,0.2876,0.2891,-0.0441,0.00532,-0.00429,0.01130,-5.00,0.00,0.00,34.4,125.70,634.54,268.19,DESCEND
6.9537,-0.1423,0.2891,0.0358,-0.00467,-0.01029,0.01330,-5.00,0.00,0.00,34.4,125.70,634.54,268.13,DESCEND
6.9638,0.1276,0.2891,-0.2541,0.02132,-0.00129,0.01130,-5.00,0.00,0.00,34.5,125.70,634.55,268.09,DESCEND
6.9738,0.0476,0.3891,-0.1241,0.00232,-0.01229,0.01430,-5.00,0.00,0.00,34.5,125.70,634.55,268.03,DESCEND
6.9840,-0.1223,0.5791,-0.3341,-0.01067,-0.01629,0.01530,-5.00,0.00,0.00,34.6,125.70,634.55,267.99,DESCEND
6.9941,-0.0123,0.2491,-0.0241,-0.00167,-0.01129,0.01130,-5.00,0.00,0.00,34.6,125.70,634.55,267.93,DESCEND
7.0042,0.0376,0.3091,-0.0841,0.01432,-0.01029,0.01630,-5.00,0.00,0.00,34.7,125.70,634.55,267.89,DESCEND
7.0143,-0.0023,0.2891,-0.0841,0.00732,-0.01029,0.01330,-5.00,0.00,0.00,34.7,125.70,634.56,267.83,DESCEND
7.0244,0.0676,0.2891,-0.1841,0.01732,-0.00329,0.01030,-5.00,0.00,0.00,34.8,125.70,634.56,267.79,DESCEND
7.0345,0.1776,0.1891,-0.0641,0.00832,-0.00329,0.01030,-5.00,0.00,0.00,34.8,125.70,634.56,267.73,DESCEND
7.0446,0.0176,0.3191,-0.0841,0.00232,-0.01229,0.01030,-5.00,0.00,0.00,34.9,125.70,634.56,267.69,DESCEND
7.0547,0.0776,0.2091,0.3458,0.01632,-0.00429,0.01130,-5.00,0.00,0.00,34.9,125.70,634.56,267.63,DESCEND
7.0648,0.0176,0.2191,-0.0441,0.00332,-0.01129,0.01130,-5.00,0.00,0.00,35.0,125.70,634.56,267.59,DESCEND
7.0749,0.0476,0.4391,0.0658,0.01732,0.00670,0.01230,-5.00,0.00,0.00,35.0,125.70,634.57,267.53,DESCEND
7.0850,-0.1623,0.4691,-0.2641,-0.01467,-0.01529,0.01530,-5.00,0.00,0.00,35.1,125.70,634.57,267.49,DESCEND
7.0951,-0.0523,-0.0808,0.2758,0.02132,0.00070,0.00930,-5.00,0.00,0.00,35.1,125.70,634.57,267.43,DESCEND
7.1052,-0.0223,0.4391,-0.1141,0.00932,-0.01229,0.01530,-5.00,0.00,0.00,35.2,125.70,634.57,267.39,DESCEND
7.1153,-0.1023,0.1291,-0.1041,-0.00967,-0.00829,0.01130,-5.00,0.00,0.00,35.2,125.70,634.57,267.33,DESCEND
7.1254,0.0876,0.1491,0.1658,-0.00467,-0.00729,0.00830,-5.00,0.00,0.00,35.3,125.70,634.58,267.27,DESCEND
7.1355,0.2476,0.1891,0.0258,0.00832,-0.01129,0.01330,-5.00,0.00,0.00,35.3,125.70,634.58,267.23,DESCEND
7.1456,0.2076,0.3891,-0.1741,0.02632,-0.00929,0.00930,-5.00,0.00,0.00,35.4,125.70,634.58,267.17,DESCEND
7.1557,0.3076,0.1791,0.1058,0.00932,-0.01329,0.00730,-5.00,0.00,0.00,35.4,125.70,634.58,267.13,DESCEND
7.1658,0.0376,-0.0308,0.0958,0.00232,-0.00529,0.01130,-5.00,0.00,0.00,35.5,125.70,634.58,267.07,DESCEND
7.1759,0.0576,0.3491,-0.4341,-0.00867,-0.02629,0.01530,-5.00,0.00,0.00,35.5,125.70,634.59,267.03,DESCEND
7.1860,0.0076,0.4491,-0.0241,0.02332,0.00070,0.01430,-5.00,0.00,0.00,35.6,125.70,634.59,266.97,DESCEND
7.1961,0.0176,-0.0308,0.0358,0.02732,0.00270,0.01030,-5.00,0.00,0.00,35.6,125.70,634.59,266.93,DESCEND
7.2062,-0.0323,0.1591,0.2258,0.02032,0.01170,0.01130,-5.00,0.00,0.00,35.7,125.70,634.59,266.87,DESCEND
7.2163,0.0976,0.1891,0.1658,0.00432,-0.00629,0.01330,-5.00,0.00,0.00,35.7,125.70,634.59,266.83,DESCEND
7.2264,-0.0423,-0.0708,0.4158,0.00532,-0.00129,0.01030,-5.00,0.00,0.00,35.8,125.70,634.59,266.77,DESCEND
7.2365,0.0676,0.4091,-0.1941,0.00232,-0.01529,0.01030,-5.00,0.00,0.00,35.8,125.70,634.60,266.73,DESCEND
7.2466,0.1276,0.1291,-0.0241,0.01732,-0.00029,0.01230,-5.00,0.00,0.00,35.9,125.70,634.60,266.67,DESCEND
7.2567,0.0976,0.7891,-0.3941,0.02432,-0.01029,0.01530,-5.00,0.00,0.00,35.9,125.70,634.60,266.63,DESCEND
7.2668,0.1276,0.2991,-0.2641,0.00532,-0.01429,0.01230,-5.00,0.00,0.00,36.0,125.70,634.60,266.57,DESCEND
7.2769,-0.0923,0.0491,0.1658,0.00532,-0.00229,0.01130,-5.00,0.00,0.00,36.0,125.70,634.60,266.53,DESCEND
7.2870,0.1276,0.0691,-0.1741,0.00632,-0.01529,0.01030,-5.00,0.00,0.00,36.1,125.70,634.61,266.47,DESCEND
7.2971,0.0576,0.5391,0.1458,0.00832,-0.00129,0.01130,-5.00,0.00,0.00,36.1,125.70,634.61,266.43,DESCEND
7.3072,0.0276,0.4291,0.0858,-0.00167,-0.01129,0.01330,-5.00,0.00,0.00,36.2,125.70,634.61,266.37,DESCEND
7.3173,0.1176,0.3391,0.1758,0.00132,-0.01229,0.01330,-5.00,0.00,0.00,36.2,125.70,634.61,266.31,DESCEND
7.3274,0.1476,0.0691,0.1258,0.02732,-0.00129,0.00930,-5.00,0.00,0.00,36.3,125.71,634.61,266.27,DESCEND
7.3375,-0.1623,0.1591,0.2058,-0.02067,-0.00829,0.01130,-5.00,0.00,0.00,36.3,125.71,634.62,266.21,DESCEND
7.3476,0.1576,0.2791,0.0358,0.00532,-0.00729,0.01230,-5.00,0.00,0.00,36.4,125.71,634.62,266.17,DESCEND
7.3577,0.1276,0.7191,-0.3841,0.00432,-0.01429,0.01430,-5.00,0.00,0.00,36.4,125.71,634.62,266.11,DESCEND
7.3678,0.0376,0.6991,-0.4641,-0.00167,-0.01829,0.01130,-5.00,0.00,0.00,36.5,125.71,634.62,266.07,DESCEND
7.3779,0.0276,0.2691,-0.2741,-0.00367,-0.01529,0.01130,-5.00,0.00,0.00,36.5,125.71,634.62,266.01,DESCEND
7.3880,0.0276,0.6691,-0.4841,0.02032,-0.01229,0.01230,-5.00,0.00,0.00,36.6,125.71,634.62,265.97,DESCEND
7.3981,0.0276,0.0191,-0.1841,-0.00067,-0.01229,0.01030,-5.00,0.00,0.00,36.6,125.71,634.63,265.91,DESCEND
7.4082,0.1776,0.3591,-0.0841,0.00032,-0.02129,0.01530,-5.00,0.00,0.00,36.7,125.71,634.63,265.87,DESCEND
7.4183,0.1376,0.6191,-0.3441,0.00932,-0.01829,0.01330,-5.00,0.00,0.00,36.7,125.71,634.63,265.81,DESCEND
7.4284,0.1276,-0.2808,0.4758,0.01732,0.01170,0.00630,-5.00,0.00,0.00,36.8,125.71,634.63,265.77,DESCEND
7.4385,-0.0723,0.7291,-0.2741,-0.01867,-0.02529,0.01730,-5.00,0.00,0.00,36.8,125.71,634.63,265.71,DESCEND
7.4486,0.0776,0.4091,-0.2241,-0.00567,-0.01729,0.01530,-5.00,0.00,0.00,36.9,125.71,634.64,265.67,DESCEND
7.4587,0.1076,0.5191,-0.2141,0.01632,-0.00229,0.01230,-5.00,0.00,0.00,36.9,125.71,634.64,265.61,DESCEND
7.4688,0.0176,0.1791,-0.0341,0.02132,-0.00229,0.01030,-5.00,0.00,0.00,37.0,125.71,634.64,265.57,DESCEND
7.4789,-0.0023,0.1291,0.5358,0.00832,-0.00129,0.00930,-5.00,0.00,0.00,37.0,125.71,634.64,265.51,DESCEND
7.4890,0.3176,0.1691,-0.1641,0.00432,-0.03229,0.01030,-5.00,0.00,0.00,37.1,125.71,634.64,265.47,DESCEND
7.4991,0.0876,0.3491,0.1658,0.01332,-0.00629,0.01430,-5.00,0.00,0.00,37.1,125.71,634.65,265.41,DESCEND
7.5092,0.1876,0.4091,0.0358,0.02032,-0.01129,0.01330,-5.00,0.00,0.00,37.2,125.71,634.65,265.37,DESCEND
7.5193,-0.0323,0.4491,-0.1941,-0.00367,-0.01829,0.01430,-5.00,0.00,0.00,37.2,125.71,634.65,265.31,DESCEND
7.5294,0.0976,0.4391,0.1358,0.00932,-0.00529,0.01530,-5.00,0.00,0.00,37.3,125.71,634.65,265.25,DESCEND
7.5395,0.0976,0.2291,0.0258,0.00132,-0.01729,0.01530,-5.00,0.00,0.00,37.3,125.71,634.65,265.21,DESCEND
7.5496,0.0076,0.2491,-0.2241,0.01032,-0.01029,0.01130,-5.00,0.00,0.00,37.4,125.71,634.65,265.15,DESCEND
7.5597,0.0776,0.3291,-0.1241,0.00232,-0.00429,0.01330,-5.00,0.00,0.00,37.4,125.71,634.66,265.11,DESCEND
7.5698,0.0276,0.2191,-0.1641,-0.00467,-0.02029,0.01230,-5.00,0.00,0.00,37.5,125.71,634.66,265.05,DESCEND
7.5799,0.0976,0.0191,-0.1741,0.01432,-0.01329,0.01130,-5.00,0.00,0.00,37.5,125.71,634.66,265.01,DESCEND
7.5900,0.2576,0.7591,-0.7241,0.02632,-0.01729,0.01630,-5.00,0.00,0.00,37.6,125.71,634.66,264.95,DESCEND
7.6001,0.0376,0.1591,-0.1941,0.01332,-0.02029,0.01530,-5.00,0.00,0.00,37.6,125.71,634.66,264.91,DESCEND
7.6102,0.1376,0.3791,-0.2041,0.00032,-0.01729,0.01330,-5.00,0.00,0.00,37.7,125.71,634.67,264.85,DESCEND
7.6203,0.1476,0.0091,0.2258,0.01932,0.00170,0.00830,-5.00,0.00,0.00,37.7,125.71,634.67,264.81,DESCEND
7.6304,0.1676,0.0791,0.1358,0.02932,0.00170,0.00930,-5.00,0.00,0.00,37.8,125.71,634.67,264.75,DESCEND
7.6405,-0.0223,0.0291,0.0558,0.00532,-0.01329,0.01030,-5.00,0.00,0.00,37.8,125.71,634.67,264.71,DESCEND
7.6506,-0.0823,0.0391,0.3558,-0.00167,-0.00329,0.01430,-5.00,0.00,0.00,37.9,125.71,634.67,264.65,DESCEND
7.6607,0.1276,0.2691,-0.0841,0.00732,-0.00829,0.01230,-5.00,0.00,0.00,37.9,125.71,634.68,264.61,DESCEND
7.6708,-0.0823,0.2391,-0.0441,0.02832,0.00070,0.01330,-5.00,0.00,0.00,38.0,125.71,634.68,264.55,DESCEND
7.6809,-0.0223,0.1991,0.2358,-0.01467,-0.01629,0.00930,-5.00,0.00,0.00,38.0,125.71,634.68,264.51,DESCEND
7.6910,-0.0523,0.5091,-0.2141,-0.02167,-0.02829,0.01430,-5.00,0.00,0.00,38.1,125.71,634.68,264.45,DESCEND
7.7011,0.1976,0.5691,-0.3441,0.01632,-0.01529,0.01730,-5.00,0.00,0.00,38.1,125.71,634.68,264.41,DESCEND
7.7112,0.1676,0.0991,0.1958,0.00832,-0.01229,0.01030,-5.00,0.00,0.00,38.2,125.71,634.68,264.35,DESCEND
7.7213,0.1876,0.7491,-0.5941,0.00032,-0.02129,0.01430,-5.00,0.00,0.00,38.3,125.71,634.69,264.29,DESCEND
7.7313,0.1676,0.3391,-0.0841,0.00232,-0.01329,0.01430,-5.00,0.00,0.00,38.3,125.71,634.69,264.25,DESCEND
7.7415,0.2576,0.2891,-0.3241,0.02432,-0.01029,0.01230,-5.00,0.00,0.00,38.4,125.71,634.69,264.19,DESCEND
7.7516,-0.0423,0.3091,-0.1041,-0.00167,-0.01829,0.01230,-5.00,0.00,0.00,38.4,125.71,634.69,264.15,DESCEND
7.7617,0.0176,0.4291,-0.1941,0.02532,0.00170,0.01130,-5.00,0.00,0.00,38.5,125.71,634.69,264.09,DESCEND
7.7718,-0.0023,0.4291,-0.2041,-0.01367,-0.01629,0.01230,-5.00,0.00,0.00,38.5,125.71,634.70,264.05,DESCEND
7.7819,-0.1623,0.3491,-0.2241,-0.00467,-0.00729,0.01130,-5.00,0.00,0.00,38.6,125.71,634.70,263.99,DESCEND
7.7920,-0.1023,0.3991,-0.3241,0.00232,-0.01029,0.01330,-5.00,0.00,0.00,38.6,125.71,634.70,263.95,DESCEND
7.8021,0.2076,0.1491,0.0558,0.02332,-0.00529,0.01130,-5.00,0.00,0.00,38.7,125.71,634.70,263.89,DESCEND
7.8122,0.1376,0.1691,0.2658,0.01732,-0.00029,0.01430,-5.00,0.00,0.00,38.7,125.71,634.70,263.85,DESCEND
7.8223,0.0076,-0.2208,0.4558,0.00532,0.00570,0.01130,-5.00,0.00,0.00,38.8,125.71,634.71,263.79,DESCEND
7.8324,0.0476,0.3791,-0.2241,-0.00967,-0.02329,0.01530,-5.00,0.00,0.00,38.8,125.71,634.71,263.75,DESCEND
7.8425,0.2276,-0.2408,0.3258,0.03332,0.00870,0.01130,-5.00,0.00,0.00,38.9,125.71,634.71,263.69,DESCEND
7.8526,0.1776,0.3391,-0.0641,0.01632,-0.01329,0.01130,-5.00,0.00,0.00,38.9,125.71,634.71,263.65,DESCEND
7.8627,-0.0423,0.1991,0.1158,-0.00267,-0.00929,0.01030,-5.00,0.00,0.00,39.0,125.71,634.71,263.59,DESCEND
7.8728,-0.0023,0.7791,-0.2841,0.00132,-0.01729,0.01530,-5.00,0.00,0.00,39.0,125.71,634.71,263.55,DESCEND
7.8829,0.0676,0.3591,-0.0741,-0.01267,-0.01929,0.01330,-5.00,0.00,0.00,39.1,125.71,634.72,263.49,DESCEND
7.8930,0.0176,0.0791,0.2358,-0.00967,-0.02129,0.01030,-5.00,0.00,0.00,39.1,125.71,634.72,263.45,DESCEND
7.9031,-0.1123,0.5391,-0.3241,-0.00467,-0.01029,0.01430,-5.00,0.00,0.00,39.2,125.71,634.72,263.39,DESCEND
7.9132,0.0776,0.2091,0.2058,0.00232,-0.00229,0.01130,-5.00,0.00,0.00,39.2,125.71,634.72,263.35,DESCEND
7.9233,0.1176,0.1691,0.3258,0.01732,-0.00229,0.01030,-5.00,0.00,0.00,39.3,125.71,634.72,263.29,DESCEND
7.9334,-0.1923,0.1391,0.2058,-0.00467,-0.00429,0.01330,-5.00,0.00,0.00,39.3,125.71,634.73,263.25,DESCEND
7.9435,0.1076,0.2991,-0.5241,0.00232,-0.01829,0.01330,-5.00,0.00,0.00,39.4,125.71,634.73,263.19,DESCEND
7.9536,0.0076,0.2391,-0.0141,0.00732,-0.00629,0.01130,-5.00,0.00,0.00,39.4,125.71,634.73,263.13,DESCEND
7.9638,0.1776,0.1491,0.0858,0.01732,0.00370,0.00930,-5.00,0.00,0.00,39.5,125.71,634.73,263.09,DESCEND
7.9739,-0.0723,0.3691,0.1558,-0.00867,-0.00729,0.01330,-5.00,0.00,0.00,39.5,125.71,634.73,263.03,DESCEND
7.9841,0.2576,0.3191,-0.2541,0.01032,-0.01629,0.01230,-5.00,0.00,0.00,39.6,125.71,634.74,262.99,DESCEND
7.9942,-0.0123,0.6491,-0.0341,0.01332,-0.01429,0.01330,-5.00,0.00,0.00,39.6,125.71,634.74,262.93,DESCEND
8.0043,-0.0123,0.0391,0.1558,0.00732,-0.00729,0.01130,-5.00,0.00,0.00,39.7,125.71,634.74,262.89,DESCEND
8.0144,0.0976,0.1791,-0.1441,0.01032,-0.00329,0.01030,-5.00,0.00,0.00,39.7,125.71,634.74,262.83,DESCEND
8.0245,0.2276,0.3991,-0.2341,0.01832,-0.01029,0.01230,-5.00,0.00,0.00,39.8,125.71,634.74,262.79,DESCEND
8.0345,0.0476,0.2991,-0.0641,-0.00567,-0.01929,0.01230,-5.00,0.00,0.00,39.8,125.72,634.74,262.73,DESCEND
8.0446,0.1176,0.2091,-0.0041,0.02432,-0.00629,0.01130,-5.00,0.00,0.00,39.9,125.72,634.75,262.69,DESCEND
8.0547,0.2176,0.4491,-0.2241,-0.00867,-0.02729,0.01330,-5.00,0.00,0.00,39.9,125.72,634.75,262.63,DESCEND
8.0648,0.2676,0.0491,-0.3241,0.01732,-0.01029,0.01030,-5.00,0.00,0.00,40.0,125.72,634.75,262.59,DESCEND
8.0749,0.1776,0.3491,-0.1441,0.00132,-0.01729,0.01330,-5.00,0.00,0.00,40.0,125.72,634.75,262.53,DESCEND
8.0851,0.0476,0.1991,0.2158,0.00732,-0.00729,0.01030,-5.00,0.00,0.00,40.1,125.72,634.75,262.49,DESCEND
8.0952,0.2876,0.4891,-0.1941,0.02032,-0.01729,0.01530,-5.00,0.00,0.00,40.1,125.72,634.76,262.43,DESCEND
8.1052,-0.0723,0.2791,-0.1841,0.00432,-0.00229,0.01430,-5.00,0.00,0.00,40.2,125.72,634.76,262.39,DESCEND
8.1153,-0.1323,0.3491,-0.3041,0.00532,-0.00629,0.01330,-5.00,0.00,0.00,40.2,125.72,634.76,262.33,DESCEND
8.1254,-0.0623,0.2391,-0.0641,0.01432,-0.00729,0.01430,-5.00,0.00,0.00,40.3,125.72,634.76,262.27,DESCEND
8.1355,-0.0223,0.0891,-0.0241,-0.00067,-0.01429,0.01430,-5.00,0.00,0.00,40.3,125.72,634.76,262.23,DESCEND
8.1456,0.1976,0.0891,-0.0141,0.01632,0.00170,0.00830,-5.00,0.00,0.00,40.4,125.72,634.77,262.17,DESCEND
8.1557,0.0776,0.3191,-0.1641,-0.00167,-0.00829,0.01330,-5.00,0.00,0.00,40.4,125.72,634.77,262.13,DESCEND
8.1658,0.0776,0.3891,-0.1541,0.01032,-0.00629,0.01530,-5.00,0.00,0.00,40.5,125.72,634.77,262.07,DESCEND
8.1759,0.1076,0.4391,-0.1941,0.01432,-0.00229,0.01330,-5.00,0.00,0.00,40.5,125.72,634.77,262.03,DESCEND
8.1860,0.0176,0.1091,-0.0941,0.01832,0.00470,0.01430,-5.00,0.00,0.00,40.6,125.72,634.77,261.97,DESCEND
8.1961,-0.1123,0.0591,-0.1541,0.00332,-0.00729,0.01130,-5.00,0.00,0.00,40.6,125.72,634.77,261.93,DESCEND
8.2062,-0.1123,0.3791,-0.2241,0.00032,-0.00529,0.01730,-5.00,0.00,0.00,40.7,125.72,634.78,261.87,DESCEND
8.2164,0.0276,-0.2408,0.3358,0.00232,-0.01129,0.01330,-5.00,0.00,0.00,40.7,125.72,634.78,261.83,DESCEND
8.2264,-0.0423,0.0491,0.3758,0.00332,0.00470,0.01230,-5.00,0.00,0.00,40.8,125.72,634.78,261.77,DESCEND
8.2365,0.1776,0.2091,-0.0841,0.00532,-0.01429,0.01230,-5.00,0.00,0.00,40.8,125.72,634.78,261.73,DESCEND
8.2466,-0.0523,0.3591,0.0158,-0.00067,-0.01029,0.01230,-5.00,0.00,0.00,40.9,125.72,634.78,261.67,DESCEND
8.2567,-0.0223,0.1791,0.0258,-0.00467,-0.00529,0.01230,-5.00,0.00,0.00,40.9,125.72,634.79,261.63,DESCEND
8.2668,0.1476,0.3291,-0.1041,0.01632,-0.00629,0.01230,-5.00,0.00,0.00,41.0,125.72,634.79,261.57,DESCEND
8.2770,-0.0323,0.2691,0.1658,0.00132,0.00170,0.01230,-5.00,0.00,0.00,41.0,125.72,634.79,261.53,DESCEND
8.2871,0.0876,0.3291,0.0258,0.02732,0.00570,0.01430,-5.00,0.00,0.00,41.1,125.72,634.79,261.47,DESCEND
8.2972,0.0176,0.6491,0.0258,-0.00967,-0.00929,0.01330,-5.00,0.00,0.00,41.1,125.72,634.79,261.43,DESCEND
8.3073,-0.0223,0.5791,-0.2041,-0.00267,-0.01129,0.01530,-5.00,0.00,0.00,41.2,125.72,634.80,261.37,DESCEND
8.3174,0.0176,0.4491,-0.3441,0.00032,-0.00529,0.01330,-5.00,0.00,0.00,41.2,125.72,634.80,261.31,DESCEND
8.3275,0.2776,0.4591,0.0458,0.00732,-0.02129,0.01330,-5.00,0.00,0.00,41.3,125.72,634.80,261.27,DESCEND
8.3376,0.0676,0.4091,-0.0241,0.00732,-0.00729,0.01530,-5.00,0.00,0.00,41.3,125.72,634.80,261.21,DESCEND
8.3476,0.1976,0.1991,-0.0941,0.01332,-0.01829,0.01430,-5.00,0.00,0.00,41.4,125.72,634.80,261.17,DESCEND
8.3577,0.1576,0.4091,0.2458,0.00932,-0.00829,0.01130,-5.00,0.00,0.00,41.4,125.72,634.80,261.11,DESCEND
8.3678,0.0976,0.2191,0.1658,-0.00667,-0.00629,0.01030,-5.00,0.00,0.00,41.5,125.72,634.81,261.07,DESCEND
8.3779,-0.0123,0.2591,-0.0041,0.01132,-0.00529,0.01430,-5.00,0.00,0.00,41.5,125.72,634.81,261.01,DESCEND
8.3880,0.0376,0.5691,-0.2641,0.00332,-0.00829,0.01030,-5.00,0.00,0.00,41.6,125.72,634.81,260.97,DESCEND
8.3981,0.0176,0.0591,0.3758,0.02032,0.02070,0.00930,-5.00,0.00,0.00,41.6,125.72,634.81,260.91,DESCEND
8.4083,0.1576,0.0791,0.5558,0.00332,0.01670,0.00930,-5.00,0.00,0.00,41.7,125.72,634.81,260.87,DESCEND
8.4184,0.1676,0.2391,-0.0841,0.00432,0.01070,0.01030,-5.00,0.00,0.00,41.7,125.72,634.82,260.81,DESCEND
8.4285,0.2776,0.1191,-0.1141,-0.00467,0.00570,0.00730,-5.00,0.00,0.00,41.8,125.72,634.82,260.77,DESCEND
8.4386,0.1276,0.1891,-0.1141,0.01132,0.01470,0.00930,-5.00,0.00,0.00,41.8,125.72,634.82,260.71,DESCEND
8.4487,0.3676,0.3091,-0.0041,0.01132,0.01570,0.00530,-5.00,0.00,0.00,41.9,125.72,634.82,260.67,DESCEND
8.4588,0.2876,0.1891,0.0358,0.00732,0.03270,0.00730,-5.00,0.00,0.00,41.9,125.72,634.82,260.61,DESCEND
8.4689,0.3476,0.4891,0.2558,0.01532,0.02870,0.00330,-5.00,0.00,0.00,42.0,125.72,634.83,260.57,DESCEND
8.4791,0.2176,0.2591,-0.0641,0.01032,0.02670,0.00430,-5.00,0.00,0.00,42.0,125.72,634.83,260.51,DESCEND
8.4892,0.3676,0.4191,-0.1341,0.00332,0.03070,0.00630,-5.00,0.00,0.00,42.1,125.72,634.83,260.45,DESCEND
8.4993,0.1776,0.3991,-0.1141,0.01332,0.04070,0.00430,-5.00,0.00,0.00,42.1,125.72,634.83,260.41,DESCEND
8.5094,0.2876,0.2691,0.1658,0.02132,0.05170,0.00330,-5.00,0.00,0.00,42.2,125.72,634.83,260.35,DESCEND
8.5195,0.2876,0.2891,0.0658,0.01832,0.05070,0.00330,-5.00,0.00,0.00,42.2,125.72,634.83,260.31,DESCEND
8.5296,0.3076,0.4391,-0.2941,0.00332,0.03770,0.00230,-5.00,0.00,0.00,42.3,125.72,634.84,260.25,DESCEND
8.5397,0.1776,0.2291,0.0758,-0.01067,0.05270,0.00030,-5.00,0.00,0.00,42.3,125.72,634.84,260.21,DESCEND
8.5498,0.5576,0.1991,0.2358,0.00732,0.04270,0.00130,-5.00,0.00,0.00,42.4,125.72,634.84,260.15,DESCEND
8.5599,0.3776,0.4291,-0.1141,0.00432,0.05170,0.00230,-5.00,0.00,0.00,42.4,125.72,634.84,260.11,DESCEND
8.5700,0.4076,0.3291,-0.2041,0.00532,0.04670,0.00030,-5.00,0.00,0.00,42.5,125.72,634.84,260.05,DESCEND
8.5801,0.2376,0.2191,-0.0141,0.01532,0.06670,0.00130,-5.00,0.00,0.00,42.5,125.72,634.85,260.01,DESCEND
8.5902,0.4776,0.1991,0.0758,0.01932,0.06770,-0.00069,-5.00,0.00,0.00,42.6,125.72,634.85,259.95,DESCEND
8.6003,0.4576,0.1991,0.2158,0.01432,0.06770,-0.00269,-5.00,0.00,0.00,42.6,125.72,634.85,259.91,DESCEND
8.6104,0.4976,0.0691,0.1958,0.01332,0.06670,-0.00469,-5.00,0.00,0.00,42.7,125.72,634.85,259.85,DESCEND
8.6206,0.4476,-0.1008,0.0858,0.01732,0.07270,-0.00469,-5.00,0.00,0.00,42.7,125.72,634.85,259.82,DESCEND
8.6307,0.5776,0.4591,-0.2941,0.00532,0.05170,0.00030,-5.00,0.00,0.00,42.8,125.72,634.86,259.76,DESCEND
8.6408,0.4376,0.2891,0.1358,-0.00367,0.06670,-0.00269,-5.00,0.00,0.00,42.8,125.72,634.86,259.72,DESCEND
8.6509,0.5576,-0.0508,0.1758,0.00732,0.07170,-0.00469,-5.00,0.00,0.00,42.9,125.72,634.86,259.66,DESCEND
8.6610,0.5976,0.2091,0.0258,-0.00067,0.07270,-0.00369,-5.00,0.00,0.00,42.9,125.72,634.86,259.62,DESCEND
8.6711,0.6576,0.3991,0.0158,0.01532,0.06770,-0.00269,-5.00,0.00,0.00,43.0,125.72,634.86,259.56,DESCEND
8.6812,0.6276,0.2491,-0.0041,0.00032,0.06270,-0.00269,-5.00,0.00,0.00,43.1,125.72,634.87,259.50,DESCEND
8.6913,0.8876,0.2191,-0.3741,0.00632,0.06570,-0.00869,-5.00,0.00,0.00,43.1,125.72,634.87,259.46,DESCEND
8.7013,0.5676,0.3091,0.1258,-0.00967,0.06970,-0.00469,-5.00,0.00,0.00,43.2,125.72,634.87,259.40,DESCEND
8.7114,0.7276,0.1491,-0.1041,0.01732,0.07870,-0.00469,-5.00,0.00,0.00,43.2,125.72,634.87,259.36,DESCEND
8.7215,0.5976,0.3891,-0.0641,0.01332,0.07670,-0.00369,-5.00,0.00,0.00,43.3,125.72,634.87,259.30,DESCEND
8.7316,0.5876,0.2391,0.1658,0.01532,0.09270,-0.00969,-5.00,0.00,0.00,43.3,125.72,634.87,259.26,DESCEND
8.7417,0.8576,0.3391,0.0558,0.02232,0.09670,-0.00869,-5.00,0.00,0.00,43.4,125.72,634.88,259.20,DESCEND
8.7519,0.8776,0.0491,0.2058,0.01932,0.08470,-0.01469,-5.00,0.00,0.00,43.4,125.73,634.88,259.16,DESCEND
8.7619,0.7676,0.0591,0.1458,0.00832,0.09070,-0.01369,-5.00,0.00,0.00,43.5,125.73,634.88,259.10,DESCEND
8.7720,0.6276,0.2191,0.0558,0.01532,0.10370,-0.00869,-5.00,0.00,0.00,43.5,125.73,634.88,259.06,DESCEND
8.7821,0.8076,0.0791,-0.1041,0.00132,0.09270,-0.00869,-5.00,0.00,0.00,43.6,125.73,634.88,259.00,DESCEND
8.7922,0.7276,0.3491,0.0058,0.02132,0.10170,-0.01169,-5.00,0.00,0.00,43.6,125.73,634.89,258.96,DESCEND
8.8023,0.6376,0.7591,-0.1641,-0.00067,0.09870,-0.00869,-5.00,0.00,0.00,43.7,125.73,634.89,258.90,DESCEND
8.8124,0.7576,-0.0208,0.3158,0.03132,0.11570,-0.01569,-5.00,0.00,0.00,43.7,125.73,634.89,258.86,DESCEND
8.8225,0.8476,0.2091,0.2258,0.00432,0.10070,-0.01169,-5.00,0.00,0.00,43.8,125.73,634.89,258.80,DESCEND
8.8325,0.8176,0.3791,0.0358,-0.00067,0.09670,-0.00969,-5.00,0.00,0.00,43.8,125.73,634.89,258.76,DESCEND
8.8426,0.6976,0.3091,0.1358,0.01132,0.11070,-0.01169,-5.00,0.00,0.00,43.9,125.73,634.89,258.70,DESCEND
8.8527,0.5376,-0.0008,0.4458,-0.00567,0.12170,-0.01469,-5.00,0.00,0.00,43.9,125.73,634.90,258.66,DESCEND
8.8628,0.7676,0.0591,0.0958,0.01332,0.10970,-0.01169,-5.00,0.00,0.00,44.0,125.73,634.90,258.60,DESCEND
8.8729,0.7376,0.3991,0.2558,0.02432,0.12470,-0.01169,-5.00,0.00,0.00,44.0,125.73,634.90,258.56,DESCEND
8.8830,0.9776,0.1991,0.0558,0.01632,0.11270,-0.01269,-5.00,0.00,0.00,44.1,125.73,634.90,258.50,DESCEND
8.8931,0.9176,0.0291,0.4258,0.02632,0.11970,-0.01269,-5.00,0.00,0.00,44.1,125.73,634.90,258.46,DESCEND
8.9032,0.8876,0.4191,-0.1641,0.01332,0.11870,-0.01269,-5.00,0.00,0.00,44.2,125.73,634.91,258.40,SEARCH_Y
8.9133,0.7876,0.2691,0.1958,0.02132,0.13270,-0.01269,0.00,-3.00,0.00,44.2,125.73,634.91,258.34,SEARCH_Y
8.9234,0.9476,0.1591,0.5658,0.01332,0.12770,-0.01269,0.00,-3.00,0.00,44.2,125.73,634.91,258.30,SEARCH_Y
8.9335,0.6876,0.0991,0.2758,0.01432,0.12670,-0.01369,0.00,-3.00,0.00,44.3,125.72,634.91,258.24,SEARCH_Y
8.9436,0.7876,0.5191,-0.2141,0.02232,0.12170,-0.01169,0.00,-3.00,0.00,44.3,125.72,634.91,258.21,SEARCH_Y
8.9537,0.9376,0.5591,-0.0341,0.02632,0.12670,-0.01269,0.00,-3.00,0.00,44.4,125.71,634.91,258.16,SEARCH_Y
8.9638,0.8676,0.4591,-0.1341,0.01432,0.12370,-0.01169,0.00,-3.00,0.00,44.4,125.71,634.92,258.13,SEARCH_Y
8.9739,0.9376,0.1591,0.1858,0.02132,0.11770,-0.01269,0.00,-3.00,0.00,44.5,125.69,634.92,258.10,SEARCH_Y
8.9841,0.9676,0.2991,-0.1141,0.02332,0.13770,-0.01669,0.00,-3.00,0.00,44.5,125.68,634.92,258.07,SEARCH_Y
8.9942,1.0676,0.4691,0.0458,0.01032,0.11770,-0.01269,0.00,-3.00,0.00,44.5,125.67,634.92,258.04,SEARCH_Y
9.0043,0.8776,0.2591,0.0458,0.02732,0.13270,-0.01569,0.00,-3.00,0.00,44.5,125.65,634.92,258.02,SEARCH_Y
9.0144,1.1376,0.1091,0.0758,0.03332,0.12570,-0.01769,0.00,-3.00,0.00,44.6,125.63,634.92,258.00,SEARCH_Y
9.0245,0.8376,0.1091,0.4358,0.01232,0.14570,-0.01669,0.00,-3.00,0.00,44.6,125.62,634.92,257.98,SEARCH_Y
9.0345,0.9076,0.3191,-0.0341,0.01832,0.13270,-0.01469,0.00,-3.00,0.00,44.6,125.59,634.92,257.97,SEARCH_Y
9.0446,0.9576,0.4491,-0.0241,0.01232,0.13470,-0.01769,0.00,-3.00,0.00,44.6,125.57,634.92,257.96,SEARCH_Y
9.0547,0.8876,0.2391,0.1758,0.04032,0.16870,-0.01969,0.00,-3.00,0.00,44.6,125.54,634.92,257.95,SEARCH_Y
9.0648,1.1576,0.0491,0.3358,0.01032,0.14070,-0.02069,0.00,-3.00,0.00,44.6,125.52,634.92,257.94,SEARCH_Y
9.0749,1.0176,0.1691,-0.2141,0.00832,0.13670,-0.02069,0.00,-3.00,0.00,44.6,125.49,634.92,257.94,SEARCH_Y
9.0850,0.9276,0.1291,0.3058,0.02032,0.14170,-0.02069,0.00,-3.00,0.00,44.6,125.46,634.91,257.94,SEARCH_Y
9.0951,0.9576,0.2591,0.1358,0.01732,0.14670,-0.01769,0.00,-3.00,0.00,44.6,125.42,634.91,257.94,SEARCH_Y
9.1052,1.0076,0.2091,-0.0641,0.02632,0.15170,-0.02369,0.00,-3.00,0.00,44.6,125.40,634.91,257.94,SEARCH_Y
9.1153,0.9876,0.5391,-0.1541,0.03532,0.15170,-0.02169,0.00,-3.00,0.00,44.6,125.36,634.91,257.94,SEARCH_Y
9.1254,0.9876,0.3391,0.1358,0.01532,0.14470,-0.01969,0.00,-3.00,0.00,44.6,125.33,634.91,257.94,SEARCH_Y
9.1355,0.9376,0.1491,0.4258,0.02732,0.15970,-0.02269,0.00,-3.00,0.00,44.6,125.30,634.91,257.94,SEARCH_Y
9.1456,0.9576,0.2591,0.3458,0.03032,0.16570,-0.01969,0.00,-3.00,0.00,44.6,125.27,634.91,257.94,SEARCH_Y
9.1557,1.2276,0.2891,-0.0841,0.02632,0.14170,-0.02169,0.00,-3.00,0.00,44.6,125.24,634.91,257.94,SEARCH_Y
9.1658,1.0976,0.3791,0.2558,0.02232,0.15270,-0.02369,0.00,-3.00,0.00,44.6,125.21,634.91,257.94,SEARCH_Y
9.1758,1.2076,0.5091,-0.0041,0.00732,0.14270,-0.02069,0.00,-3.00,0.00,44.6,125.18,634.91,257.94,SEARCH_Y
9.1859,0.9376,0.3891,-0.0541,0.00632,0.15170,-0.02469,0.00,-3.00,0.00,44.6,125.15,634.91,257.94,SEARCH_Y
9.1960,1.0576,-0.2408,0.5058,-0.00967,0.15370,-0.02969,0.00,-3.00,0.00,44.6,125.12,634.90,257.94,SEARCH_Y
9.2061,1.0076,0.3591,0.1758,-0.00367,0.15170,-0.02869,0.00,-3.00,0.00,44.6,125.09,634.90,257.94,SEARCH_Y
9.2162,1.0876,0.6191,-0.2241,0.00432,0.14770,-0.02669,0.00,-3.00,0.00,44.6,125.06,634.90,257.94,SEARCH_Y
9.2263,0.9076,0.1891,-0.0941,-0.00767,0.14970,-0.02769,0.00,-3.00,0.00,44.6,125.03,634.90,257.94,SEARCH_Y
9.2364,0.9476,0.5791,-0.0241,-0.00767,0.14770,-0.02369,0.00,-3.00,0.00,44.6,125.00,634.90,257.94,SEARCH_Y
9.2465,0.9276,0.0491,0.1358,-0.01167,0.15670,-0.03069,0.00,-3.00,0.00,44.6,124.97,634.90,257.94,SEARCH_Y
9.2566,1.0376,0.6091,0.0158,-0.00667,0.15670,-0.02669,0.00,-3.00,0.00,44.6,124.94,634.90,257.94,SEARCH_Y
9.2667,1.0376,0.5091,-0.0041,0.00032,0.15670,-0.03269,0.00,-3.00,0.00,44.6,124.91,634.90,257.94,SEARCH_Y
9.2768,1.0876,0.4491,-0.1241,0.01132,0.16470,-0.02669,0.00,-3.00,0.00,44.6,124.88,634.90,257.94,SEARCH_Y
9.2869,1.1576,0.1991,0.1258,0.00332,0.16470,-0.03069,0.00,-3.00,0.00,44.6,124.85,634.90,257.94,SEARCH_Y
9.2970,1.0776,0.5491,0.0458,0.00732,0.16770,-0.03269,0.00,-3.00,0.00,44.6,124.82,634.90,257.94,SEARCH_Y
9.3071,1.1276,0.2691,0.1558,0.00132,0.16670,-0.03069,0.00,-3.00,0.00,44.6,124.79,634.90,257.94,SEARCH_Y
9.3172,1.1776,0.4591,0.1258,0.00032,0.16270,-0.03469,0.00,-3.00,0.00,44.6,124.75,634.89,257.94,SEARCH_Y
9.3273,1.0976,0.5391,-0.0941,-0.01067,0.16170,-0.03469,0.00,-3.00,0.00,44.6,124.73,634.89,257.94,SEARCH_Y
9.3374,1.2576,0.4591,-0.0541,0.00632,0.15970,-0.03069,0.00,-3.00,0.00,44.6,124.69,634.89,257.94,SEARCH_Y
9.3475,1.0176,0.5391,0.0858,-0.00767,0.17470,-0.03269,0.00,-3.00,0.00,44.6,124.67,634.89,257.94,SEARCH_Y
9.3576,1.0876,0.6091,0.0558,0.00032,0.16770,-0.03369,0.00,-3.00,0.00,44.6,124.63,634.89,257.94,SEARCH_Y
9.3677,1.3276,0.5991,-0.2141,0.02832,0.16770,-0.03269,0.00,-3.00,0.00,44.6,124.61,634.89,257.94,SEARCH_Y
9.3778,1.0876,0.4491,-0.1141,0.00032,0.16370,-0.03069,0.00,-3.00,0.00,44.6,124.57,634.89,257.94,SEARCH_Y
9.3879,0.9776,0.5691,-0.0341,0.00032,0.17370,-0.03369,0.00,-3.00,0.00,44.6,124.55,634.89,257.94,SEARCH_Y
9.3980,1.1276,0.8091,0.0058,-0.00667,0.15870,-0.02869,0.00,-3.00,0.00,44.6,124.51,634.89,257.94,SEARCH_Y
9.4081,1.1176,0.3691,0.0658,-0.00167,0.16570,-0.03369,0.00,-3.00,0.00,44.6,124.49,634.89,257.94,SEARCH_Y
9.4182,1.1076,0.0391,0.3258,0.00032,0.17070,-0.03569,0.00,-3.00,0.00,44.6,124.45,634.89,257.94,SEARCH_Y
9.4283,1.2376,0.3191,0.0858,0.01232,0.16570,-0.03469,0.00,-3.00,0.00,44.6,124.43,634.89,257.94,SEARCH_Y
9.4384,1.0676,0.4391,0.0658,0.00632,0.16970,-0.03169,0.00,-3.00,0.00,44.6,124.39,634.88,257.94,SEARCH_Y
9.4485,0.9876,0.3791,-0.0241,0.01132,0.17070,-0.03069,0.00,-3.00,0.00,44.6,124.37,634.88,257.94,SEARCH_Y
9.4586,1.2176,0.2591,-0.2741,0.02332,0.16370,-0.03369,0.00,-3.00,0.00,44.6,124.33,634.88,257.94,SEARCH_Y
9.4687,1.0876,0.2291,-0.0541,-0.00167,0.15670,-0.02869,0.00,-3.00,0.00,44.6,124.30,634.88,257.94,SEARCH_Y
9.4789,0.9276,0.2891,0.1958,-0.02467,0.16270,-0.02969,0.00,-3.00,0.00,44.6,124.27,634.88,257.94,SEARCH_Y
9.4890,1.2376,0.5191,0.0558,-0.01067,0.15170,-0.03069,0.00,-3.00,0.00,44.6,124.24,634.88,257.94,SEARCH_Y
9.4991,1.2776,0.7191,-0.1341,0.00632,0.15470,-0.02769,0.00,-3.00,0.00,44.6,124.21,634.88,257.94,SEARCH_Y
9.5092,1.1476,0.1691,0.0958,-0.00167,0.15670,-0.02969,0.00,-3.00,0.00,44.6,124.17,634.88,257.94,SEARCH_Y
9.5193,1.0976,0.6591,0.0158,0.00332,0.15870,-0.02669,0.00,-3.00,0.00,44.6,124.15,634.88,257.93,SEARCH_Y
9.5294,1.0176,0.5191,0.1258,0.00932,0.16470,-0.03069,0.00,-3.00,0.00,44.6,124.11,634.88,257.93,SEARCH_Y
9.5395,1.1776,0.1791,-0.1341,0.02032,0.16170,-0.03069,0.00,-3.00,0.00,44.6,124.09,634.88,257.93,SEARCH_Y
9.5496,1.0376,0.3391,-0.0041,0.01232,0.16870,-0.02369,0.00,-3.00,0.00,44.6,124.05,634.87,257.93,SEARCH_Y
9.5597,1.0276,0.3091,0.1058,-0.00067,0.16170,-0.02869,0.00,-3.00,0.00,44.6,124.03,634.87,257.93,SEARCH_Y
9.5698,1.1476,0.3991,-0.0941,-0.00267,0.14770,-0.02969,0.00,-3.00,0.00,44.6,123.99,634.87,257.93,SEARCH_Y
9.5799,1.2076,0.4891,-0.1541,0.01232,0.15270,-0.02769,0.00,-3.00,0.00,44.6,123.97,634.87,257.93,SEARCH_Y
9.5900,1.0776,0.1991,-0.0041,-0.01167,0.14770,-0.03169,0.00,-3.00,0.00,44.6,123.94,634.87,257.93,SEARCH_Y
9.6001,1.0576,0.3791,0.1258,0.01332,0.16170,-0.02969,0.00,-3.00,0.00,44.6,123.91,634.87,257.93,SEARCH_Y
9.6102,1.0476,0.4591,-0.1141,0.00732,0.15570,-0.02969,0.00,-3.00,0.00,44.6,123.87,634.87,257.93,SEARCH_Y
9.6204,1.2076,0.2091,0.1358,0.02532,0.16570,-0.02769,0.00,-3.00,0.00,44.6,123.85,634.87,257.93,SEARCH_Y
9.6305,1.0476,0.3691,0.2858,0.00132,0.15670,-0.03269,0.00,-3.00,0.00,44.6,123.81,634.87,257.93,SEARCH_Y
9.6405,0.9676,0.7191,-0.4041,-0.00867,0.15370,-0.02569,0.00,-3.00,0.00,44.6,123.79,634.87,257.93,SEARCH_Y
9.6507,1.1276,0.3591,0.2158,0.01432,0.15870,-0.02669,0.00,-3.00,0.00,44.6,123.75,634.87,257.93,SEARCH_Y
9.6607,1.0876,0.3591,0.3758,0.00132,0.15770,-0.02769,0.00,-3.00,0.00,44.7,123.73,634.87,257.93,SEARCH_Y
9.6708,0.8376,0.5091,-0.0641,0.00432,0.16170,-0.02869,0.00,-3.00,0.00,44.7,123.69,634.86,257.93,SEARCH_Y
9.6810,0.9176,0.2591,0.2158,0.00332,0.15570,-0.02969,0.00,-3.00,0.00,44.7,123.67,634.86,257.93,SEARCH_Y
9.6910,1.0476,0.1891,0.1858,-0.01167,0.14370,-0.03069,0.00,-3.00,0.00,44.7,123.63,634.86,257.93,SEARCH_Y
9.7012,1.0976,0.5191,-0.2041,-0.00667,0.14670,-0.02569,0.00,-3.00,0.00,44.7,123.61,634.86,257.93,SEARCH_Y
9.7113,0.8976,0.2391,0.4158,0.00532,0.16770,-0.02969,0.00,-3.00,0.00,44.7,123.57,634.86,257.93,SEARCH_Y
9.7214,1.0176,0.3491,0.0258,0.00832,0.16370,-0.03069,0.00,-3.00,0.00,44.7,123.53,634.86,257.93,SEARCH_Y
9.7315,1.1376,0.5391,-0.0441,0.02032,0.15570,-0.02769,0.00,-3.00,0.00,44.7,123.51,634.86,257.93,SEARCH_Y
9.7416,1.1776,0.4091,0.3258,0.00732,0.16170,-0.03369,0.00,-3.00,0.00,44.7,123.47,634.86,257.93,SEARCH_Y
9.7517,0.9576,0.4891,0.1158,0.00132,0.15670,-0.02769,0.00,-3.00,0.00,44.7,123.45,634.86,257.93,SEARCH_Y
9.7618,0.9776,0.1491,0.1158,0.01132,0.16570,-0.02769,0.00,-3.00,0.00,44.7,123.41,634.86,257.93,SEARCH_Y
9.7719,1.1276,0.4191,0.0258,0.01132,0.15670,-0.02769,0.00,-3.00,0.00,44.7,123.39,634.86,257.93,SEARCH_Y
9.7820,0.8976,0.3791,-0.1141,-0.00567,0.15070,-0.02869,0.00,-3.00,0.00,44.7,123.35,634.85,257.93,SEARCH_Y
9.7921,1.0876,0.3891,0.1858,0.00832,0.15570,-0.02769,0.00,-3.00,0.00,44.7,123.33,634.85,257.93,SEARCH_Y
9.8022,1.0176,0.2591,0.2458,-0.00967,0.15270,-0.03069,0.00,-3.00,0.00,44.7,123.29,634.85,257.93,SEARCH_Y
9.8123,0.9876,0.5491,-0.1841,-0.00067,0.15770,-0.02669,0.00,-3.00,0.00,44.7,123.27,634.85,257.93,SEARCH_Y
9.8224,0.8476,0.5391,-0.1741,-0.00767,0.14670,-0.03169,0.00,-3.00,0.00,44.7,123.23,634.85,257.93,SEARCH_Y
9.8325,0.7276,0.5291,0.0158,-0.00667,0.15470,-0.03069,0.00,-3.00,0.00,44.7,123.21,634.85,257.93,SEARCH_Y
9.8426,0.9976,0.2991,0.1158,0.00732,0.14970,-0.02869,0.00,-3.00,0.00,44.7,123.17,634.85,257.93,SEARCH_Y
9.8527,0.8976,0.1291,0.0658,-0.01167,0.14670,-0.02869,0.00,-3.00,0.00,44.7,123.15,634.85,257.93,SEARCH_Y
9.8628,0.8076,0.0191,0.1758,-0.00467,0.15070,-0.02969,0.00,-3.00,0.00,44.7,123.11,634.85,257.93,SEARCH_Y
9.8729,0.9176,0.5091,-0.1041,0.00332,0.13570,-0.02769,0.00,-3.00,0.00,44.7,123.09,634.85,257.93,SEARCH_Y
9.8830,0.8976,0.1491,0.1758,0.00932,0.15670,-0.03469,0.00,-3.00,0.00,44.7,123.05,634.85,257.93,SEARCH_Y
9.8931,0.9576,0.4991,0.0058,0.00332,0.14370,-0.02569,0.00,-3.00,0.00,44.7,123.03,634.85,257.93,SEARCH_Y
9.9032,0.9576,0.4991,-0.1741,-0.01967,0.13370,-0.02969,0.00,-3.00,0.00,44.7,122.99,634.84,257.93,SEARCH_Y
9.9133,1.0676,0.1491,0.0758,0.01332,0.14970,-0.02969,0.00,-3.00,0.00,44.7,122.96,634.84,257.93,SEARCH_Y
9.9234,0.8476,0.3991,-0.2441,-0.00867,0.13970,-0.02669,0.00,-3.00,0.00,44.7,122.93,634.84,257.93,SEARCH_Y
9.9335,1.0076,0.5091,0.0058,0.00632,0.15370,-0.02869,0.00,-3.00,0.00,44.7,122.90,634.84,257.93,SEARCH_Y
9.9436,0.9376,0.4791,-0.2141,0.00832,0.15270,-0.02769,0.00,-3.00,0.00,44.7,122.87,634.84,257.93,SEARCH_Y
9.9538,1.0476,0.3591,-0.0741,-0.00467,0.13970,-0.03269,0.00,-3.00,0.00,44.7,122.84,634.84,257.93,SEARCH_Y
9.9638,0.9176,-0.0308,0.2958,0.00432,0.15570,-0.03169,0.00,-3.00,0.00,44.7,122.81,634.84,257.93,SEARCH_Y
9.9739,0.8676,0.5591,-0.0541,-0.01667,0.13770,-0.02569,0.00,-3.00,0.00,44.7,122.78,634.84,257.93,SEARCH_Y
9.9841,0.8976,0.6191,-0.2441,-0.00067,0.13870,-0.02969,0.00,-3.00,0.00,44.7,122.75,634.84,257.93,SEARCH_Y
9.9942,0.8176,0.3291,-0.1141,-0.01067,0.14570,-0.02469,0.00,-3.00,0.00,44.7,122.72,634.84,257.93,SEARCH_Y
10.0043,0.8776,0.4191,-0.1241,0.01032,0.15670,-0.02969,0.00,-3.00,0.00,44.7,122.69,634.84,257.93,SEARCH_Y
10.0143,0.7876,0.4591,0.1258,-0.00267,0.15670,-0.02969,0.00,-3.00,0.00,44.7,122.66,634.83,257.93,SEARCH_Y
10.0244,0.9476,0.5491,0.0458,0.00532,0.14670,-0.02769,0.00,-3.00,0.00,44.7,122.63,634.83,257.93,SEARCH_Y
10.0345,1.1176,0.3391,0.2658,0.02332,0.15070,-0.03069,0.00,-3.00,0.00,44.7,122.60,634.83,257.93,SEARCH_Y
10.0446,0.7776,0.4691,0.1658,-0.00567,0.15470,-0.02769,0.00,-3.00,0.00,44.7,122.57,634.83,257.93,SEARCH_Y
10.0547,0.9876,0.3391,0.2258,0.00032,0.14870,-0.02969,0.00,-3.00,0.00,44.7,122.53,634.83,257.93,SEARCH_Y
10.0648,1.0576,0.1291,0.1358,0.01232,0.15270,-0.02869,0.00,-3.00,0.00,44.7,122.51,634.83,257.93,SEARCH_Y
10.0749,0.8276,-0.0708,0.4258,0.00632,0.14870,-0.03069,0.00,-3.00,0.00,44.7,122.47,634.83,257.93,SEARCH_Y
10.0851,0.9176,0.2091,0.0858,-0.00967,0.14070,-0.03369,0.00,-3.00,0.00,44.7,122.45,634.83,257.93,SEARCH_Y
10.0952,0.8176,0.4191,0.0358,-0.00267,0.15570,-0.02869,0.00,-3.00,0.00,44.7,122.41,634.83,257.93,SEARCH_Y
10.1053,0.8576,0.7091,-0.2841,-0.02867,0.12370,-0.02569,0.00,-3.00,0.00,44.7,122.38,634.83,257.93,SEARCH_Y
10.1154,0.9176,0.6191,-0.0441,-0.00467,0.14470,-0.02969,0.00,-3.00,0.00,44.7,122.35,634.83,257.93,SEARCH_Y
10.1255,0.8576,0.2091,0.1458,-0.00467,0.14370,-0.02769,0.00,-3.00,0.00,44.7,122.32,634.82,257.93,SEARCH_Y
10.1356,1.0176,0.0191,0.4458,-0.01267,0.13770,-0.03169,0.00,-3.00,0.00,44.7,122.29,634.82,257.93,SEARCH_Y
10.1458,0.9876,0.3191,-0.3141,0.00432,0.14070,-0.02969,0.00,-3.00,0.00,44.7,122.26,634.82,257.93,SEARCH_Y
10.1559,0.9776,0.3791,0.0358,-0.00567,0.13070,-0.02669,0.00,-3.00,0.00,44.7,122.23,634.82,257.93,SEARCH_Y
10.1660,0.9276,0.3791,-0.2341,-0.00367,0.14070,-0.03069,0.00,-3.00,0.00,44.7,122.20,634.82,257.93,SEARCH_Y
10.1761,0.9376,0.1891,-0.2141,0.01432,0.14370,-0.02969,0.00,-3.00,0.00,44.7,122.17,634.82,257.93,SEARCH_Y
10.1862,1.0276,0.4791,-0.1241,-0.00367,0.13270,-0.02969,0.00,-3.00,0.00,44.8,122.14,634.82,257.92,SEARCH_Y
10.1963,1.0876,0.3091,0.2558,-0.00167,0.14270,-0.02969,0.00,-3.00,0.00,44.8,122.11,634.82,257.92,SEARCH_Y
10.2064,0.9176,0.3691,0.1558,0.00032,0.14970,-0.02569,0.00,-3.00,0.00,44.8,122.08,634.82,257.92,SEARCH_Y
10.2165,0.9776,0.4691,0.0358,0.00032,0.14070,-0.02769,0.00,-3.00,0.00,44.8,122.05,634.82,257.92,SEARCH_Y
10.2266,0.7976,0.5091,-0.2241,0.00632,0.14270,-0.02269,0.00,-3.00,0.00,44.8,122.02,634.82,257.92,SEARCH_Y
10.2367,0.7976,0.5191,-0.0641,-0.01067,0.14270,-0.02769,0.00,-3.00,0.00,44.8,121.99,634.82,257.92,SEARCH_Y
10.2468,0.8576,0.6291,-0.0441,-0.02867,0.13670,-0.02769,0.00,-3.00,0.00,44.8,121.96,634.81,257.92,SEARCH_Y
10.2569,0.8476,0.0591,0.0858,-0.00367,0.14070,-0.02969,0.00,-3.00,0.00,44.8,121.93,634.81,257.92,SEARCH_Y
10.2670,1.0376,0.4591,-0.0441,-0.01367,0.13370,-0.03069,0.00,-3.00,0.00,44.8,121.90,634.81,257.92,SEARCH_Y
10.2771,0.7476,0.1691,0.1058,-0.00567,0.14770,-0.02869,0.00,-3.00,0.00,44.8,121.87,634.81,257.92,SEARCH_Y
10.2872,0.8676,0.9091,-0.1941,0.00132,0.14070,-0.02369,0.00,-3.00,0.00,44.8,121.84,634.81,257.92,SEARCH_Y
10.2973,0.9876,0.1091,0.2058,-0.01167,0.12670,-0.02869,0.00,-3.00,0.00,44.8,121.81,634.81,257.92,SEARCH_Y
10.3074,1.0576,0.2891,0.0858,0.01332,0.13670,-0.02869,0.00,-3.00,0.00,44.8,121.78,634.81,257.92,SEARCH_Y
10.3175,0.8476,0.3191,0.2958,-0.00067,0.14870,-0.02869,0.00,-3.00,0.00,44.8,121.74,634.81,257.92,SEARCH_Y
10.3276,0.7876,0.3491,-0.0441,-0.00867,0.14170,-0.02769,0.00,-3.00,0.00,44.8,121.72,634.81,257.92,SEARCH_Y
10.3377,0.8476,0.3091,0.2958,0.00032,0.14170,-0.02769,0.00,-3.00,0.00,44.8,121.68,634.81,257.92,SEARCH_Y
10.3478,0.6876,0.1591,0.0658,-0.01767,0.13270,-0.02569,0.00,-3.00,0.00,44.8,121.66,634.81,257.92,SEARCH_Y
10.3579,0.8576,0.3591,0.0158,-0.00067,0.14470,-0.02769,0.00,-3.00,0.00,44.8,121.62,634.80,257.92,SEARCH_Y
10.3680,0.8476,0.3091,0.2958,-0.00267,0.13970,-0.02769,0.00,-3.00,0.00,44.8,121.60,634.80,257.92,SEARCH_Y
10.3782,0.5876,0.4791,-0.2241,-0.03567,0.12770,-0.02569,0.00,-3.00,0.00,44.8,121.56,634.80,257.92,SEARCH_Y
10.3883,0.7476,0.6491,-0.0341,-0.01167,0.13970,-0.02569,0.00,-3.00,0.00,44.8,121.54,634.80,257.92,SEARCH_Y
10.3984,1.0076,0.3991,0.1558,-0.00467,0.13570,-0.02969,0.00,-3.00,0.00,44.8,121.50,634.80,257.92,SEARCH_Y
10.4085,0.9276,0.4191,0.1258,-0.01167,0.12770,-0.02669,0.00,-3.00,0.00,44.8,121.48,634.80,257.92,SEARCH_Y
10.4187,0.8576,0.4191,-0.2241,-0.01067,0.12770,-0.02369,0.00,-3.00,0.00,44.8,121.44,634.80,257.92,SEARCH_Y
10.4288,0.8776,0.6691,-0.0441,-0.00267,0.13670,-0.02169,0.00,-3.00,0.00,44.8,121.42,634.80,257.92,SEARCH_Y
10.4389,1.0776,0.2191,0.0958,0.01732,0.14170,-0.02769,0.00,-3.00,0.00,44.8,121.38,634.80,257.92,SEARCH_Y
10.4490,0.8176,0.1891,0.3258,-0.01367,0.13170,-0.02869,0.00,-3.00,0.00,44.8,121.35,634.80,257.92,SEARCH_Y
10.4591,1.0476,0.0791,0.0958,0.00432,0.13870,-0.02969,0.00,-3.00,0.00,44.8,121.32,634.80,257.92,SEARCH_Y
10.4692,0.8676,-0.0708,0.4458,0.01532,0.14870,-0.02669,0.00,-3.00,0.00,44.8,121.29,634.80,257.92,SEARCH_Y
10.4793,0.7876,0.1991,0.0358,-0.00267,0.12970,-0.02869,0.00,-3.00,0.00,44.8,121.26,634.79,257.92,SEARCH_Y
10.4894,0.9476,0.3191,0.0858,0.00032,0.13070,-0.02669,0.00,-3.00,0.00,44.8,121.22,634.79,257.92,SEARCH_Y
10.4995,0.6676,0.4091,0.0058,-0.01667,0.12770,-0.02369,0.00,-3.00,0.00,44.8,121.20,634.79,257.92,SEARCH_Y
10.5096,1.0576,0.1591,0.5158,0.01532,0.13970,-0.03169,0.00,-3.00,0.00,44.8,121.16,634.79,257.92,SEARCH_Y
10.5197,0.9376,0.4191,0.1358,0.00632,0.13570,-0.02669,0.00,-3.00,0.00,44.8,121.14,634.79,257.92,SEARCH_Y
10.5298,0.7676,0.5591,0.0158,-0.00867,0.14870,-0.02569,0.00,-3.00,0.00,44.8,121.10,634.79,257.92,SEARCH_Y
10.5399,1.0476,0.3991,-0.2141,0.01432,0.13570,-0.03069,0.00,-3.00,0.00,44.8,121.08,634.79,257.92,SEARCH_Y
10.5500,0.7576,0.4491,0.2458,-0.00567,0.14670,-0.02569,0.00,-3.00,0.00,44.9,121.04,634.79,257.92,SEARCH_Y
10.5601,1.0376,0.3691,-0.0141,0.00432,0.13670,-0.02869,0.00,-3.00,0.00,44.9,121.02,634.79,257.92,SEARCH_Y
10.5702,0.9376,0.2291,0.0558,0.00032,0.13170,-0.02669,0.00,-3.00,0.00,44.9,120.98,634.79,257.92,SEARCH_Y
10.5803,0.9876,0.1391,-0.0041,0.00132,0.13970,-0.03069,0.00,-3.00,0.00,44.9,120.96,634.79,257.92,SEARCH_Y
10.5904,0.7176,0.4791,-0.0641,-0.00067,0.13670,-0.02469,0.00,-3.00,0.00,44.9,120.92,634.79,257.92,SEARCH_Y
10.6005,0.8076,0.2491,0.2458,0.01032,0.15070,-0.02669,0.00,-3.00,0.00,44.9,120.90,634.78,257.92,SEARCH_Y
10.6106,0.8576,0.5391,-0.2541,0.00032,0.13870,-0.02269,0.00,-3.00,0.00,44.9,120.86,634.78,257.92,SEARCH_Y
10.6207,0.8576,0.8791,-0.4141,0.00532,0.12670,-0.02169,0.00,-3.00,0.00,44.9,120.84,634.78,257.92,SEARCH_Y
10.6308,0.8276,0.3191,0.1758,-0.00167,0.13570,-0.02769,0.00,-3.00,0.00,44.9,120.80,634.78,257.92,SEARCH_Y
10.6409,0.8376,0.4191,0.0858,0.01132,0.14470,-0.02469,0.00,-3.00,0.00,44.9,120.78,634.78,257.92,SEARCH_Y
10.6510,0.7976,0.2791,0.0558,0.01532,0.14670,-0.02369,0.00,-3.00,0.00,44.9,120.74,634.78,257.92,SEARCH_Y
10.6611,1.0976,-0.1308,0.6858,0.00932,0.14170,-0.03069,0.00,-3.00,0.00,44.9,120.72,634.78,257.92,SEARCH_Y
10.6712,0.8576,0.1891,0.0958,-0.00667,0.13770,-0.02769,0.00,-3.00,0.00,44.9,120.68,634.78,257.92,SEARCH_Y
10.6813,0.9676,0.2991,0.0958,0.01332,0.14270,-0.02669,0.00,-3.00,0.00,44.9,120.64,634.78,257.92,SEARCH_Y
10.6914,0.7176,0.4491,-0.0741,0.00132,0.13870,-0.02369,0.00,-3.00,0.00,44.9,120.62,634.78,257.92,SEARCH_Y
10.7015,0.8876,0.0991,0.0558,0.00932,0.14770,-0.02969,0.00,-3.00,0.00,44.9,120.58,634.78,257.92,SEARCH_Y
10.7116,0.7876,0.4791,-0.0341,-0.01467,0.13070,-0.02569,0.00,-3.00,0.00,44.9,120.56,634.77,257.92,SEARCH_Y
10.7217,1.0076,0.5891,0.0058,-0.00367,0.13870,-0.02569,0.00,-3.00,0.00,44.9,120.52,634.77,257.92,SEARCH_Y
10.7318,1.0876,0.9691,-0.2041,-0.00567,0.12170,-0.02069,0.00,-3.00,0.00,44.9,120.50,634.77,257.92,SEARCH_Y
10.7419,0.7776,0.4191,0.1558,-0.01567,0.13670,-0.02669,0.00,-3.00,0.00,44.9,120.46,634.77,257.92,SEARCH_Y
10.7520,0.8376,0.4591,0.1258,-0.00567,0.13770,-0.02669,0.00,-3.00,0.00,44.9,120.44,634.77,257.92,SEARCH_Y
10.7621,0.9576,0.2291,0.1458,-0.00667,0.12970,-0.02669,0.00,-3.00,0.00,44.9,120.40,634.77,257.92,SEARCH_Y
10.7722,0.6476,0.6391,-0.3341,-0.01367,0.12770,-0.02169,0.00,-3.00,0.00,44.9,120.38,634.77,257.92,SEARCH_Y
10.7823,1.0076,0.2591,0.1558,-0.00467,0.12670,-0.02969,0.00,-3.00,0.00,44.9,120.34,634.77,257.92,SEARCH_Y
10.7924,0.7576,0.4891,0.0458,0.00632,0.13970,-0.02669,0.00,-3.00,0.00,44.9,120.32,634.77,257.92,SEARCH_Y
10.8025,0.8376,0.6091,0.2258,0.00132,0.14270,-0.02669,0.00,-3.00,0.00,44.9,120.28,634.77,257.92,SEARCH_Y
10.8126,1.0076,0.1791,0.2658,0.02032,0.13770,-0.02669,0.00,-3.00,0.00,44.9,120.26,634.77,257.92,SEARCH_Y
10.8227,0.7676,0.4391,0.1058,-0.01267,0.12570,-0.02369,0.00,-3.00,0.00,44.9,120.22,634.77,257.92,SEARCH_Y
10.8328,0.7776,0.0591,-0.0441,0.01932,0.13970,-0.02469,0.00,-3.00,0.00,45.0,120.20,634.76,257.92,SEARCH_Y
10.8429,0.8976,0.7891,0.0058,0.01632,0.14070,-0.02269,0.00,-3.00,0.00,45.0,120.16,634.76,257.92,SEARCH_Y
10.8530,1.0376,0.1791,0.3358,0.01332,0.13770,-0.02569,0.00,-3.00,0.00,45.0,120.14,634.76,257.91,SEARCH_Y
10.8631,0.8476,0.6191,0.1958,-0.00367,0.14070,-0.02569,0.00,-3.00,0.00,45.0,120.10,634.76,257.91,SEARCH_Y
10.8732,0.9776,0.3291,-0.1041,0.00132,0.13670,-0.02969,0.00,-3.00,0.00,45.0,120.08,634.76,257.91,SEARCH_Y
10.8833,0.9076,0.4291,0.2558,-0.00567,0.13470,-0.02569,0.00,-3.00,0.00,45.0,120.04,634.76,257.91,SEARCH_Y
10.8934,0.7576,0.2391,-0.3041,-0.00467,0.12570,-0.02769,0.00,-3.00,0.00,45.0,120.01,634.76,257.91,SEARCH_Y
10.9035,0.7176,0.4691,0.0958,-0.02267,0.12470,-0.02669,0.00,-3.00,0.00,45.0,119.98,634.76,257.91,SEARCH_Y
10.9136,0.8976,0.4191,-0.0641,0.00532,0.12670,-0.02769,0.00,-3.00,0.00,45.0,119.95,634.76,257.91,SEARCH_Y
10.9237,0.7076,0.3691,-0.0841,-0.02567,0.12470,-0.02469,0.00,-3.00,0.00,45.0,119.92,634.76,257.91,SEARCH_Y
10.9338,0.7176,0.1791,0.0858,-0.00967,0.13170,-0.02569,0.00,-3.00,0.00,45.0,119.89,634.76,257.91,SEARCH_Y
10.9439,1.0276,0.2691,0.3858,0.00332,0.14070,-0.02969,0.00,-3.00,0.00,45.0,119.86,634.75,257.91,SEARCH_Y
10.9540,0.9576,0.2991,-0.1341,0.00232,0.12270,-0.02869,0.00,-3.00,0.00,45.0,119.83,634.75,257.91,SEARCH_Y
10.9642,1.0776,0.0391,0.3558,-0.01367,0.12070,-0.02769,0.00,-3.00,0.00,45.0,119.80,634.75,257.91,SEARCH_Y
10.9743,0.9376,0.2091,0.2458,0.01032,0.13070,-0.02669,0.00,-3.00,0.00,45.0,119.77,634.75,257.91,SEARCH_Y
10.9844,0.8076,0.3691,0.4658,-0.00267,0.14070,-0.02869,0.00,-3.00,0.00,45.0,119.74,634.75,257.91,SEARCH_Y
10.9945,0.7876,0.5591,-0.0241,0.00032,0.13370,-0.02569,0.00,-3.00,0.00,45.0,119.71,634.75,257.91,SEARCH_Y
11.0046,0.6976,0.4091,-0.0041,-0.01267,0.12070,-0.02369,0.00,-3.00,0.00,45.0,119.68,634.75,257.91,SEARCH_Y
11.0147,0.7776,0.4491,-0.0641,-0.00867,0.13070,-0.02169,0.00,-3.00,0.00,45.0,119.65,634.75,257.91,SEARCH_Y
11.0248,0.6776,0.4391,0.1058,-0.00567,0.13270,-0.02369,0.00,-3.00,0.00,45.0,119.62,634.75,257.91,SEARCH_Y
11.0349,0.9176,0.9391,-0.1041,-0.00167,0.12570,-0.02369,0.00,-3.00,0.00,45.0,119.58,634.75,257.91,SEARCH_Y
11.0450,0.8376,0.2691,0.5158,0.00732,0.14270,-0.02469,0.00,-3.00,0.00,45.0,119.55,634.75,257.91,SEARCH_Y
11.0552,0.8976,0.5091,-0.1041,-0.01267,0.13270,-0.02569,0.00,-3.00,0.00,45.0,119.52,634.75,257.91,SEARCH_Y
11.0652,0.7076,0.1391,0.2858,0.00432,0.13670,-0.02769,0.00,-3.00,0.00,45.0,119.50,634.74,257.91,SEARCH_Y
11.0753,0.8976,0.5191,-0.2541,0.01732,0.13470,-0.02469,0.00,-3.00,0.00,45.0,119.46,634.74,257.91,SEARCH_Y
11.0855,0.7576,0.4791,-0.0641,-0.01867,0.12570,-0.02469,0.00,-3.00,0.00,45.1,119.43,634.74,257.91,SEARCH_Y
11.0955,0.9876,0.5491,-0.2141,0.01432,0.13770,-0.02469,0.00,-3.00,0.00,45.1,119.40,634.74,257.91,SEARCH_Y
11.1057,1.0876,0.5691,-0.0941,0.01132,0.12270,-0.02569,0.00,-3.00,0.00,45.1,119.37,634.74,257.91,SEARCH_Y
11.1158,0.8476,0.4391,0.0458,0.01032,0.13170,-0.02469,0.00,-3.00,0.00,45.1,119.34,634.74,257.91,SEARCH_Y
11.1259,0.9276,0.3791,-0.2341,-0.00767,0.11570,-0.02169,0.00,-3.00,0.00,45.1,119.31,634.74,257.91,SEARCH_Y
11.1359,0.8276,0.3891,-0.1041,0.01332,0.13170,-0.02069,0.00,-3.00,0.00,45.1,119.28,634.74,257.91,SEARCH_Y
11.1460,0.9876,0.2391,0.4158,0.01732,0.14070,-0.02669,0.00,-3.00,0.00,45.1,119.25,634.74,257.91,SEARCH_Y
11.1562,0.8676,0.4191,-0.2341,0.00232,0.12370,-0.02369,0.00,-3.00,0.00,45.1,119.22,634.74,257.91,SEARCH_Y
11.1663,0.8376,0.3091,0.2058,0.00332,0.13870,-0.02369,0.00,-3.00,0.00,45.1,119.19,634.74,257.91,SEARCH_Y
11.1764,1.0176,0.3391,0.0258,0.01232,0.13370,-0.02769,0.00,-3.00,0.00,45.1,119.16,634.73,257.91,SEARCH_Y
11.1865,0.8676,0.5291,0.0158,0.00132,0.12670,-0.02169,0.00,-3.00,0.00,45.1,119.13,634.73,257.91,SEARCH_Y
11.1966,0.7876,0.3491,0.2658,-0.00367,0.13270,-0.02569,0.00,-3.00,0.00,45.1,119.10,634.73,257.91,SEARCH_Y
11.2067,0.9276,0.2391,0.1858,-0.00167,0.12370,-0.02869,0.00,-3.00,0.00,45.1,119.07,634.73,257.91,SEARCH_Y
11.2168,0.6976,0.4691,-0.0741,0.00032,0.13170,-0.02469,0.00,-3.00,0.00,45.1,119.04,634.73,257.91,SEARCH_Y
11.2269,0.9076,0.0591,-0.0641,0.00732,0.13270,-0.02769,0.00,-3.00,0.00,45.1,119.01,634.73,257.91,SEARCH_Y
11.2370,0.7376,0.4091,0.3258,-0.00667,0.12870,-0.02769,0.00,-3.00,0.00,45.1,118.98,634.73,257.91,SEARCH_Y
11.2471,0.8976,0.3391,0.0458,0.01032,0.13470,-0.02569,0.00,-3.00,0.00,45.1,118.95,634.73,257.91,SEARCH_Y
11.2572,0.6576,0.8891,-0.6741,-0.01567,0.11370,-0.01769,0.00,-3.00,0.00,45.1,118.92,634.73,257.91,SEARCH_Y
11.2673,0.8376,0.1091,-0.2341,0.01732,0.12670,-0.02269,0.00,-3.00,0.00,45.1,118.89,634.73,257.91,SEARCH_Y
11.2774,0.8576,0.5691,-0.3341,-0.01067,0.11570,-0.02169,0.00,-3.00,0.00,45.1,118.85,634.73,257.91,SEARCH_Y
11.2875,0.6876,0.7491,-0.2241,-0.01067,0.12070,-0.01969,0.00,-3.00,0.00,45.1,118.83,634.73,257.91,SEARCH_Y
11.2976,0.7776,0.3591,0.1058,-0.00667,0.12770,-0.02269,0.00,-3.00,0.00,45.1,118.79,634.72,257.91,SEARCH_Y
11.3077,0.6576,0.5091,-0.0441,0.00132,0.13470,-0.02369,0.00,-3.00,0.00,45.2,118.77,634.72,257.91,SEARCH_Y
11.3178,0.7276,0.1991,0.0158,0.00232,0.12970,-0.02569,0.00,-3.00,0.00,45.2,118.73,634.72,257.91,SEARCH_Y
11.3279,0.8876,0.5691,-0.0941,0.00632,0.12970,-0.02269,0.00,-3.00,0.00,45.2,118.71,634.72,257.91,SEARCH_Y
11.3380,0.8576,0.4291,0.1558,0.00432,0.12970,-0.02469,0.00,-3.00,0.00,45.2,118.67,634.72,257.91,SEARCH_Y
11.3481,1.0976,0.2091,0.2058,0.03132,0.13570,-0.02569,0.00,-3.00,0.00,45.2,118.65,634.72,257.91,SEARCH_Y
11.3582,0.7976,0.1891,-0.0441,0.01132,0.12470,-0.02469,0.00,-3.00,0.00,45.2,118.61,634.72,257.91,SEARCH_Y
11.3683,0.7476,0.7791,-0.4041,-0.02167,0.11270,-0.01769,0.00,-3.00,0.00,45.2,118.59,634.72,257.91,SEARCH_Y
11.3784,0.6876,0.3691,-0.0441,0.00332,0.12870,-0.02869,0.00,-3.00,0.00,45.2,118.55,634.72,257.91,SEARCH_Y
11.3885,1.0676,0.5891,-0.2741,0.01032,0.12470,-0.02569,0.00,-3.00,0.00,45.2,118.53,634.72,257.91,SEARCH_Y
11.3986,0.8376,0.5591,0.0258,-0.01367,0.12170,-0.01969,0.00,-3.00,0.00,45.2,118.49,634.72,257.91,SEARCH_Y
11.4087,0.7476,0.3591,0.0258,-0.00067,0.12970,-0.02369,0.00,-3.00,0.00,45.2,118.47,634.71,257.91,SEARCH_Y
11.4188,0.7676,0.3691,0.2358,0.00532,0.13570,-0.02069,0.00,-3.00,0.00,45.2,118.43,634.71,257.91,SEARCH_Y
11.4289,0.8176,0.5191,-0.0541,0.00032,0.13070,-0.02069,0.00,-3.00,0.00,45.2,118.40,634.71,257.91,SEARCH_Y
11.4390,0.7976,0.3091,-0.0341,-0.01367,0.12270,-0.02569,0.00,-3.00,0.00,45.2,118.37,634.71,257.91,SEARCH_Y
11.4491,0.8876,0.5091,0.0758,0.02032,0.12970,-0.02069,0.00,-3.00,0.00,45.2,118.34,634.71,257.91,SEARCH_Y
11.4592,0.9576,0.7791,-0.2141,-0.00067,0.11570,-0.01969,0.00,-3.00,0.00,45.2,118.31,634.71,257.91,SEARCH_Y
11.4693,0.9276,0.3491,0.3058,0.02432,0.14270,-0.02369,0.00,-3.00,0.00,45.2,118.27,634.71,257.91,SEARCH_Y
11.4794,0.8176,0.1291,0.2358,0.00532,0.12770,-0.02469,0.00,-3.00,0.00,45.2,118.25,634.71,257.91,SEARCH_Y
11.4895,0.8476,0.2991,-0.2241,0.00432,0.12170,-0.02369,0.00,-3.00,0.00,45.2,118.21,634.71,257.91,SEARCH_Y
11.4996,0.8276,0.2791,-0.0141,-0.00367,0.12670,-0.02469,0.00,-3.00,0.00,45.2,118.19,634.71,257.91,SEARCH_Y
11.5097,0.8676,0.2591,0.1358,-0.01067,0.11070,-0.02669,0.00,-3.00,0.00,45.2,118.15,634.71,257.90,SEARCH_Y
11.5198,0.5776,0.4591,0.2058,-0.00567,0.13670,-0.02369,0.00,-3.00,0.00,45.3,118.13,634.71,257.90,SEARCH_Y
11.5299,0.9076,0.4891,-0.2541,-0.00367,0.11770,-0.02169,0.00,-3.00,0.00,45.3,118.09,634.70,257.90,SEARCH_Y
11.5400,0.8476,0.3291,0.3458,0.01632,0.13970,-0.02069,0.00,-3.00,0.00,45.3,118.07,634.70,257.90,SEARCH_Y
11.5501,0.7076,0.4591,-0.1841,-0.02067,0.11270,-0.02169,0.00,-3.00,0.00,45.3,118.03,634.70,257.90,SEARCH_Y
11.5602,1.0076,0.3891,0.0558,0.00532,0.11970,-0.02469,0.00,-3.00,0.00,45.3,118.01,634.70,257.90,SEARCH_Y
11.5703,0.9376,0.3691,0.0158,0.00632,0.12670,-0.02569,0.00,-3.00,0.00,45.3,117.97,634.70,257.90,SEARCH_Y
11.5804,0.7576,0.6891,0.1158,0.00432,0.12770,-0.02269,0.00,-3.00,0.00,45.3,117.95,634.70,257.90,SEARCH_Y
11.5906,0.8776,0.2991,-0.0541,0.00832,0.12570,-0.02469,0.00,-3.00,0.00,45.3,117.91,634.70,257.90,SEARCH_Y
11.6007,0.9876,0.2191,-0.0541,0.00832,0.11970,-0.02569,0.00,-3.00,0.00,45.3,117.89,634.70,257.90,SEARCH_Y
11.6108,0.7476,0.6091,-0.1041,-0.01967,0.11170,-0.02269,0.00,-3.00,0.00,45.3,117.85,634.70,257.90,SEARCH_Y
11.6209,0.7576,0.8291,-0.2341,-0.00667,0.11570,-0.01769,0.00,-3.00,0.00,45.3,117.83,634.70,257.90,SEARCH_Y
11.6310,0.5576,0.3191,0.1958,-0.00467,0.13270,-0.02069,0.00,-3.00,0.00,45.3,117.79,634.70,257.90,SEARCH_Y
11.6411,0.9076,0.8091,-0.3341,0.00932,0.12070,-0.02169,0.00,-3.00,0.00,45.3,117.77,634.69,257.90,SEARCH_Y
11.6512,0.7576,0.4191,-0.1341,-0.00267,0.12170,-0.02369,0.00,-3.00,0.00,45.3,117.73,634.69,257.90,SEARCH_Y
11.6613,0.8076,0.5591,-0.3841,-0.00167,0.11070,-0.02269,0.00,-3.00,0.00,45.3,117.69,634.69,257.90,SEARCH_Y
11.6713,0.9176,-0.0108,0.0258,0.01132,0.12270,-0.02569,0.00,-3.00,0.00,45.3,117.67,634.69,257.90,SEARCH_Y
11.6815,0.8276,0.4291,0.1458,-0.00167,0.11970,-0.02169,0.00,-3.00,0.00,45.3,117.63,634.69,257.90,SEARCH_Y
11.6915,0.7476,0.3491,-0.1641,-0.00267,0.13070,-0.02669,0.00,-3.00,0.00,45.3,117.61,634.69,257.90,SEARCH_Y
11.7017,0.7776,0.2591,0.0658,0.00632,0.13370,-0.02369,0.00,-3.00,0.00,45.4,117.57,634.69,257.90,SEARCH_Y
11.7118,1.0176,0.3491,0.1058,0.02132,0.12570,-0.02369,0.00,-3.00,0.00,45.4,117.55,634.69,257.90,SEARCH_Y
11.7219,0.8476,0.2991,0.1958,-0.00167,0.12670,-0.02269,0.00,-3.00,0.00,45.4,117.51,634.69,257.90,SEARCH_Y
11.7320,0.9376,0.4991,0.1158,0.01332,0.13270,-0.02569,0.00,-3.00,0.00,45.4,117.49,634.69,257.90,SEARCH_Y
11.7421,0.6876,0.3991,0.0358,-0.00467,0.12070,-0.02169,0.00,-3.00,0.00,45.4,117.45,634.69,257.90,SEARCH_Y
11.7523,0.9676,0.7591,-0.0741,-0.00667,0.11170,-0.02169,0.00,-3.00,0.00,45.4,117.43,634.69,257.90,SEARCH_Y
11.7624,0.9476,0.0891,-0.1041,0.01032,0.12670,-0.02269,0.00,-3.00,0.00,45.4,117.39,634.68,257.90,SEARCH_Y
11.7725,0.6876,0.3391,-0.1641,-0.00867,0.11870,-0.02369,0.00,-3.00,0.00,45.4,117.37,634.68,257.90,SEARCH_Y
11.7826,0.8276,0.4091,0.1558,0.01232,0.13070,-0.02269,0.00,-3.00,0.00,45.4,117.33,634.68,257.90,SEARCH_Y
11.7926,0.7576,0.3591,0.1458,0.00732,0.12870,-0.02269,0.00,-3.00,0.00,45.4,117.31,634.68,257.90,SEARCH_Y
11.8027,0.9676,-0.1608,0.3158,0.02332,0.13170,-0.02669,0.00,-3.00,0.00,45.4,117.27,634.68,257.90,SEARCH_Y
11.8128,0.8576,0.7591,-0.1641,-0.00167,0.11470,-0.01869,0.00,-3.00,0.00,45.4,117.25,634.68,257.90,SEARCH_Y
11.8229,0.7976,0.9591,-0.1241,-0.01567,0.11970,-0.01769,0.00,-3.00,0.00,45.4,117.21,634.68,257.90,SEARCH_Y
11.8330,0.7976,0.3291,0.0058,0.00932,0.12970,-0.02169,0.00,-3.00,0.00,45.4,117.19,634.68,257.90,SEARCH_Y
11.8432,0.7576,0.1591,0.2758,-0.00367,0.12170,-0.02169,0.00,-3.00,0.00,45.4,117.15,634.68,257.90,SEARCH_Y
11.8533,0.8176,0.7591,-0.1341,-0.02167,0.12670,-0.02769,0.00,-3.00,0.00,45.4,117.12,634.68,257.90,SEARCH_Y
11.8634,1.0276,0.4091,0.2258,-0.01067,0.11370,-0.02369,0.00,-3.00,0.00,45.4,117.09,634.68,257.90,SEARCH_Y
11.8735,0.8976,0.3791,0.2658,-0.01767,0.12970,-0.02769,0.00,-3.00,0.00,45.4,117.06,634.67,257.90,SEARCH_Y
11.8836,0.7576,0.5691,0.0158,-0.03667,0.12270,-0.02769,0.00,-3.00,0.00,45.5,117.03,634.67,257.90,SEARCH_Y
11.8937,1.0076,0.4591,0.2558,-0.03167,0.12570,-0.02869,0.00,-3.00,0.00,45.5,117.00,634.67,257.90,SEARCH_Y
11.9038,0.8376,0.7391,0.3358,-0.02167,0.13270,-0.02769,0.00,-3.00,0.00,45.5,116.97,634.67,257.90,SEARCH_Y
11.9139,0.8476,0.8291,-0.0441,-0.03667,0.12170,-0.02669,0.00,-3.00,0.00,45.5,116.94,634.67,257.90,SEARCH_Y
11.9240,0.8076,1.1491,0.2258,-0.04767,0.12770,-0.02769,0.00,-3.00,0.00,45.5,116.91,634.67,257.90,SEARCH_Y
11.9341,0.8576,0.5991,0.2058,-0.06067,0.11770,-0.03169,0.00,-3.00,0.00,45.5,116.88,634.67,257.90,SEARCH_Y
11.9442,0.8576,0.6591,0.2058,-0.06667,0.12770,-0.03169,0.00,-3.00,0.00,45.5,116.85,634.67,257.90,SEARCH_Y
11.9543,0.8376,1.2291,-0.0441,-0.07967,0.10770,-0.02969,0.00,-3.00,0.00,45.5,116.82,634.67,257.90,SEARCH_Y
11.9644,0.8176,0.8191,-0.0741,-0.08167,0.10470,-0.03269,0.00,-3.00,0.00,45.5,116.79,634.67,257.90,SEARCH_Y
11.9745,0.7376,1.1291,-0.0641,-0.09267,0.12170,-0.03369,0.00,-3.00,0.00,45.5,116.76,634.67,257.90,SEARCH_Z
11.9846,0.8076,0.8691,0.2658,-0.08567,0.11870,-0.03969,0.00,0.00,3.00,45.5,116.73,634.67,257.90,SEARCH_Z
11.9947,0.8276,1.3091,-0.3441,-0.10567,0.11370,-0.03169,0.00,0.00,3.00,45.5,116.70,634.66,257.90,SEARCH_Z
12.0048,0.9376,0.5791,0.5158,-0.08767,0.12670,-0.03869,0.00,0.00,3.00,45.5,116.67,634.67,257.90,SEARCH_Z
12.0150,0.9976,0.6591,-0.0741,-0.06267,0.12470,-0.04069,0.00,0.00,3.00,45.5,116.64,634.67,257.90,SEARCH_Z
12.0251,1.0976,0.7891,-0.0741,-0.06767,0.12370,-0.03669,0.00,0.00,3.00,45.5,116.63,634.68,257.90,SEARCH_Z
12.0352,0.7876,0.6591,0.1058,-0.07767,0.13470,-0.03469,0.00,0.00,3.00,45.5,116.60,634.69,257.90,SEARCH_Z
12.0453,0.8376,0.6991,0.4258,-0.05467,0.14370,-0.03969,0.00,0.00,3.00,45.5,116.59,634.71,257.90,SEARCH_Z
12.0554,0.7276,1.1091,-0.1541,-0.07967,0.11470,-0.03569,0.00,0.00,3.00,45.5,116.57,634.72,257.90,SEARCH_Z
12.0655,0.9376,0.3691,0.1358,-0.05867,0.13570,-0.03569,0.00,0.00,3.00,45.5,116.56,634.74,257.90,SEARCH_Z
12.0756,1.0076,0.5491,0.0058,-0.03467,0.13870,-0.03469,0.00,0.00,3.00,45.5,116.55,634.76,257.90,SEARCH_Z
12.0857,0.9576,0.5191,0.2958,-0.01367,0.13670,-0.03669,0.00,0.00,3.00,45.5,116.55,634.79,257.90,SEARCH_Z
12.0958,0.8476,0.4891,-0.1341,-0.03667,0.12770,-0.03369,0.00,0.00,3.00,45.5,116.54,634.81,257.90,SEARCH_Z
12.1059,0.8776,0.0391,0.5158,-0.01867,0.14970,-0.03469,0.00,0.00,3.00,45.5,116.54,634.85,257.90,SEARCH_Z
12.1160,1.0876,0.5191,-0.1141,-0.00867,0.12870,-0.03369,0.00,0.00,3.00,45.5,116.54,634.87,257.90,SEARCH_Z
12.1261,0.7376,0.6191,-0.1141,-0.00967,0.13570,-0.03169,0.00,0.00,3.00,45.5,116.54,634.91,257.91,SEARCH_Z
12.1362,1.0876,0.4291,0.0358,-0.01667,0.13470,-0.02969,0.00,0.00,3.00,45.5,116.54,634.93,257.91,SEARCH_Z
12.1463,0.9076,0.0491,0.0558,-0.01467,0.12870,-0.03169,0.00,0.00,3.00,45.5,116.54,634.97,257.91,SEARCH_Z
12.1564,0.8876,0.4891,-0.3541,-0.00767,0.12970,-0.03269,0.00,0.00,3.00,45.5,116.54,634.99,257.91,SEARCH_Z
12.1665,0.9876,-0.0008,0.3258,-0.01867,0.11270,-0.03069,0.00,0.00,3.00,45.5,116.53,635.03,257.91,SEARCH_Z
12.1766,0.9276,0.4491,-0.3141,-0.00267,0.10670,-0.02769,0.00,0.00,3.00,45.5,116.53,635.05,257.91,SEARCH_Z
12.1868,0.6676,0.7291,-0.2241,-0.02367,0.09670,-0.02369,0.00,0.00,3.00,45.5,116.53,635.09,257.91,SEARCH_Z
12.1969,0.7376,0.4691,-0.1441,-0.01467,0.10570,-0.01869,0.00,0.00,3.00,45.6,116.53,635.11,257.91,SEARCH_Z
12.2070,0.7276,0.1991,0.0058,-0.01267,0.10470,-0.02069,0.00,0.00,3.00,45.6,116.53,635.15,257.91,SEARCH_Z
12.2171,0.8676,0.5291,-0.2441,0.00232,0.09770,-0.01669,0.00,0.00,3.00,45.6,116.53,635.17,257.92,SEARCH_Z
12.2272,0.8176,0.4191,-0.1141,-0.00867,0.09370,-0.01769,0.00,0.00,3.00,45.6,116.53,635.21,257.92,SEARCH_Z
12.2373,0.7776,0.2191,-0.0541,0.00632,0.11570,-0.01969,0.00,0.00,3.00,45.6,116.53,635.23,257.92,SEARCH_Z
12.2474,0.7176,0.0691,0.3158,-0.00067,0.11570,-0.02169,0.00,0.00,3.00,45.6,116.53,635.27,257.92,SEARCH_Z
12.2575,0.7876,0.0991,0.1358,0.01432,0.11970,-0.02169,0.00,0.00,3.00,45.6,116.52,635.30,257.92,SEARCH_Z
12.2676,0.6976,0.1891,0.0958,0.00932,0.12270,-0.02169,0.00,0.00,3.00,45.6,116.52,635.33,257.92,SEARCH_Z
12.2778,0.7276,0.3091,-0.1141,0.02432,0.12070,-0.02269,0.00,0.00,3.00,45.6,116.52,635.36,257.92,SEARCH_Z
12.2879,0.6576,0.1191,0.1758,0.00832,0.12070,-0.02669,0.00,0.00,3.00,45.6,116.52,635.39,257.92,SEARCH_Z
12.2980,0.7676,0.0291,0.1858,0.01432,0.12770,-0.02569,0.00,0.00,3.00,45.6,116.52,635.42,257.92,SEARCH_Z
12.3081,0.8676,-0.0808,0.2358,0.00132,0.13070,-0.02669,0.00,0.00,3.00,45.6,116.52,635.45,257.93,SEARCH_Z
12.3182,0.8076,0.2891,0.0158,0.01332,0.12770,-0.02169,0.00,0.00,3.00,45.6,116.52,635.48,257.93,SEARCH_Z
12.3283,0.7976,0.3691,-0.0041,-0.01267,0.11270,-0.02369,0.00,0.00,3.00,45.6,116.52,635.51,257.93,SEARCH_Z
12.3384,0.8376,-0.1408,0.4658,0.01432,0.14670,-0.03469,0.00,0.00,3.00,45.6,116.52,635.54,257.93,SEARCH_Z
12.3484,1.0876,0.1591,0.2158,-0.00167,0.11870,-0.02769,0.00,0.00,3.00,45.6,116.51,635.57,257.93,SEARCH_Z
12.3585,0.7776,0.1291,0.2058,0.00032,0.13670,-0.02869,0.00,0.00,3.00,45.6,116.51,635.60,257.93,SEARCH_Z
12.3686,0.8476,0.1391,-0.0441,-0.00967,0.11570,-0.03069,0.00,0.00,3.00,45.6,116.51,635.63,257.93,SEARCH_Z
12.3787,0.8276,0.3491,-0.1141,0.00632,0.12470,-0.02569,0.00,0.00,3.00,45.6,116.51,635.66,257.93,SEARCH_Z
12.3888,0.6976,0.4691,-0.1141,-0.00967,0.12270,-0.02269,0.00,0.00,3.00,45.6,116.51,635.69,257.93,SEARCH_Z
12.3989,0.7276,0.4791,-0.0841,-0.00367,0.12770,-0.02569,0.00,0.00,3.00,45.6,116.51,635.72,257.94,SEARCH_Z
12.4090,0.7076,0.3691,0.1458,-0.01467,0.12970,-0.02669,0.00,0.00,3.00,45.6,116.51,635.75,257.94,SEARCH_Z
12.4192,0.7776,0.0491,0.2758,-0.00967,0.12370,-0.02869,0.00,0.00,3.00,45.6,116.51,635.78,257.94,SEARCH_Z
12.4293,0.7576,0.2991,0.1558,-0.00067,0.13870,-0.02569,0.00,0.00,3.00,45.6,116.51,635.81,257.94,SEARCH_Z
12.4394,0.8576,0.6491,-0.0541,-0.00167,0.11870,-0.02369,0.00,0.00,3.00,45.6,116.50,635.84,257.94,SEARCH_Z
12.4495,0.8776,-0.1208,0.2858,-0.00167,0.11970,-0.02769,0.00,0.00,3.00,45.6,116.50,635.88,257.94,SEARCH_Z
12.4596,0.9776,0.5691,-0.3641,0.01232,0.12070,-0.02669,0.00,0.00,3.00,45.6,116.50,635.90,257.94,SEARCH_Z
12.4697,0.8876,0.1991,0.0058,0.01132,0.13170,-0.02569,0.00,0.00,3.00,45.6,116.50,635.94,257.94,SEARCH_Z
12.4798,0.8076,0.1191,0.0558,0.00932,0.13270,-0.02669,0.00,0.00,3.00,45.6,116.50,635.96,257.94,SEARCH_Z
12.4900,0.9176,0.0691,0.2658,-0.00267,0.12570,-0.02669,0.00,0.00,3.00,45.6,116.50,636.00,257.95,SEARCH_Z
12.5001,0.9576,0.2991,-0.0841,0.00932,0.13170,-0.02769,0.00,0.00,3.00,45.6,116.50,636.02,257.95,SEARCH_Z
12.5102,0.8976,0.2091,-0.0041,0.00732,0.13170,-0.02669,0.00,0.00,3.00,45.6,116.50,636.06,257.95,SEARCH_Z
12.5203,0.6676,0.1191,0.1658,-0.00467,0.13670,-0.03169,0.00,0.00,3.00,45.6,116.49,636.08,257.95,SEARCH_Z
12.5304,0.8176,0.2291,0.1458,0.01832,0.13370,-0.02569,0.00,0.00,3.00,45.6,116.49,636.12,257.95,SEARCH_Z
12.5405,0.9176,0.3191,0.0458,-0.00167,0.12370,-0.02669,0.00,0.00,3.00,45.6,116.49,636.14,257.95,SEARCH_Z
12.5506,1.0076,0.4091,-0.0741,0.01632,0.12970,-0.02969,0.00,0.00,3.00,45.6,116.49,636.18,257.95,SEARCH_Z
12.5607,0.6576,0.3391,-0.2341,-0.00567,0.11770,-0.02469,0.00,0.00,3.00,45.6,116.49,636.20,257.95,SEARCH_Z
12.5708,0.8776,0.0191,0.1258,0.01132,0.13370,-0.02769,0.00,0.00,3.00,45.6,116.49,636.24,257.95,SEARCH_Z
12.5809,0.7776,0.1791,0.0858,0.00232,0.12470,-0.02769,0.00,0.00,3.00,45.6,116.49,636.26,257.96,SEARCH_Z
12.5910,1.0076,0.5091,-0.1741,0.02432,0.12870,-0.02469,0.00,0.00,3.00,45.6,116.49,636.30,257.96,SEARCH_Z
12.6011,0.8276,0.1291,0.1458,0.00632,0.12970,-0.02569,0.00,0.00,3.00,45.6,116.49,636.32,257.96,SEARCH_Z
12.6112,0.8876,0.1591,0.2158,0.00932,0.12870,-0.02669,0.00,0.00,3.00,45.6,116.48,636.36,257.96,SEARCH_Z
12.6214,0.9776,0.4191,-0.3041,0.00732,0.11670,-0.02869,0.00,0.00,3.00,45.6,116.48,636.40,257.96,SEARCH_Z
12.6315,0.9276,0.4791,-0.5041,0.01632,0.12270,-0.02669,0.00,0.00,3.00,45.6,116.48,636.42,257.96,SEARCH_Z
12.6416,0.8476,0.1691,0.2358,-0.00167,0.12270,-0.02669,0.00,0.00,3.00,45.6,116.48,636.46,257.96,SEARCH_Z
12.6517,0.7676,0.4291,0.0358,0.01732,0.13770,-0.02669,0.00,0.00,3.00,45.6,116.48,636.48,257.96,SEARCH_Z
12.6618,0.9176,0.3791,-0.2941,0.00832,0.11370,-0.02569,0.00,0.00,3.00,45.6,116.48,636.52,257.96,SEARCH_Z
12.6719,0.9476,0.0991,0.1758,0.02032,0.14170,-0.03069,0.00,0.00,3.00,45.6,116.48,636.54,257.97,SEARCH_Z
12.6820,0.7676,0.5491,-0.2641,0.00132,0.12470,-0.02269,0.00,0.00,3.00,45.6,116.48,636.58,257.97,SEARCH_Z
12.6921,1.0476,0.1691,-0.0541,0.02032,0.12970,-0.02369,0.00,0.00,3.00,45.6,116.48,636.60,257.97,SEARCH_Z
12.7022,0.7276,0.4491,-0.2241,0.01332,0.13670,-0.02569,0.00,0.00,3.00,45.6,116.47,636.64,257.97,SEARCH_Z
12.7123,0.8576,0.2691,-0.0241,0.01132,0.12770,-0.02569,0.00,0.00,3.00,45.6,116.47,636.66,257.97,SEARCH_Z
12.7224,1.0676,0.3591,0.0658,0.00332,0.11470,-0.02569,0.00,0.00,3.00,45.6,116.47,636.70,257.97,SEARCH_Z
12.7325,1.0576,-0.1108,0.1058,0.02032,0.13170,-0.02969,0.00,0.00,3.00,45.6,116.47,636.72,257.97,SEARCH_Z
12.7426,0.8176,-0.1808,0.4958,0.00832,0.13570,-0.03069,0.00,0.00,3.00,45.6,116.47,636.76,257.97,SEARCH_Z
12.7527,0.8876,0.3191,-0.2241,0.01432,0.12470,-0.02469,0.00,0.00,3.00,45.6,116.47,636.78,257.97,SEARCH_Z
12.7628,0.8176,0.2391,-0.0041,0.00632,0.13470,-0.02769,0.00,0.00,3.00,45.6,116.47,636.82,257.98,SEARCH_Z
12.7729,1.0976,0.2091,-0.1641,0.00632,0.12070,-0.02769,0.00,0.00,3.00,45.6,116.47,636.84,257.98,SEARCH_Z
12.7830,0.8376,0.0091,0.3658,0.00932,0.13770,-0.03069,0.00,0.00,3.00,45.6,116.47,636.88,257.98,SEARCH_Z
12.7931,0.8276,0.3491,0.2458,-0.01467,0.11170,-0.02469,0.00,0.00,3.00,45.6,116.46,636.90,257.98,SEARCH_Z
12.8032,0.6776,0.5991,-0.2741,-0.01967,0.11270,-0.01969,0.00,0.00,3.00,45.6,116.46,636.94,257.98,SEARCH_Z
12.8133,0.8676,0.0891,0.1658,0.00932,0.12570,-0.02769,0.00,0.00,3.00,45.6,116.46,636.96,257.98,SEARCH_Z
12.8234,0.8176,0.1491,0.2458,0.00432,0.12970,-0.02869,0.00,0.00,3.00,45.6,116.46,637.00,257.98,SEARCH_Z
12.8335,0.7176,0.4091,0.1958,-0.00167,0.12970,-0.02569,0.00,0.00,3.00,45.6,116.46,637.03,257.98,SEARCH_Z
12.8436,1.0276,0.1491,0.0758,0.01732,0.12870,-0.02669,0.00,0.00,3.00,45.6,116.46,637.06,257.98,SEARCH_Z
12.8537,0.8176,0.4591,0.0358,-0.00067,0.11670,-0.02369,0.00,0.00,3.00,45.6,116.46,637.09,257.99,SEARCH_Z
12.8638,0.6876,0.2891,-0.1741,-0.00967,0.11770,-0.02269,0.00,0.00,3.00,45.6,116.46,637.12,257.99,SEARCH_Z
12.8739,1.0276,0.4091,-0.1641,0.01832,0.12070,-0.02769,0.00,0.00,3.00,45.6,116.45,637.15,257.99,SEARCH_Z
12.8840,0.8976,0.3091,0.0858,0.00632,0.12970,-0.02569,0.00,0.00,3.00,45.6,116.45,637.18,257.99,SEARCH_Z
12.8941,0.5476,0.4091,-0.2841,-0.00267,0.12570,-0.02269,0.00,0.00,3.00,45.6,116.45,637.21,257.99,SEARCH_Z
12.9042,0.8876,0.1091,0.2058,0.03332,0.14770,-0.03169,0.00,0.00,3.00,45.6,116.45,637.24,257.99,SEARCH_Z
12.9143,0.8876,-0.0808,0.2858,0.00432,0.12770,-0.03069,0.00,0.00,3.00,45.6,116.45,637.27,257.99,SEARCH_Z
12.9244,0.7376,0.0191,0.1158,0.00132,0.12470,-0.03169,0.00,0.00,3.00,45.6,116.45,637.30,257.99,SEARCH_Z
12.9345,0.9176,0.0691,0.2258,0.03232,0.14070,-0.02869,0.00,0.00,3.00,45.6,116.45,637.33,257.99,SEARCH_Z
12.9446,0.7876,0.0091,-0.0741,0.01032,0.12470,-0.02669,0.00,0.00,3.00,45.6,116.45,637.36,257.99,SEARCH_Z
12.9547,1.0076,0.4191,-0.1641,0.01632,0.11970,-0.02369,0.00,0.00,3.00,45.6,116.45,637.39,258.00,SEARCH_Z
12.9648,0.8476,0.1391,0.2358,0.00232,0.11970,-0.02669,0.00,0.00,3.00,45.6,116.44,637.42,258.00,SEARCH_Z
12.9749,0.9076,0.4091,-0.2341,0.00832,0.11770,-0.02769,0.00,0.00,3.00,45.6,116.44,637.45,258.00,SEARCH_Z
12.9850,0.8576,0.2991,-0.1341,0.01132,0.12970,-0.02669,0.00,0.00,3.00,45.6,116.44,637.48,258.00,SEARCH_Z
12.9951,0.8176,0.3891,-0.3641,-0.00167,0.11970,-0.02569,0.00,0.00,3.00,45.6,116.44,637.51,258.00,SEARCH_Z
13.0052,0.7076,0.2891,0.2758,0.01032,0.13570,-0.02769,0.00,0.00,3.00,45.6,116.44,637.54,258.00,SEARCH_Z
13.0153,0.8176,0.4191,-0.2241,-0.00867,0.11670,-0.02469,0.00,0.00,3.00,45.6,116.44,637.57,258.00,SEARCH_Z
13.0254,0.8376,0.0691,0.1758,0.00732,0.13070,-0.02769,0.00,0.00,3.00,45.6,116.44,637.61,258.00,SEARCH_Z
13.0355,0.7176,0.1791,0.1958,0.00832,0.12770,-0.02369,0.00,0.00,3.00,45.7,116.44,637.63,258.00,SEARCH_Z
13.0457,0.6276,0.4791,-0.0241,0.00432,0.12670,-0.02769,0.00,0.00,3.00,45.7,116.44,637.67,258.01,SEARCH_Z
13.0558,0.7176,0.1091,0.3858,0.00632,0.12370,-0.02669,0.00,0.00,3.00,45.7,116.43,637.69,258.01,SEARCH_Z
13.0659,0.8976,0.4391,-0.3941,0.01132,0.12370,-0.02669,0.00,0.00,3.00,45.7,116.43,637.73,258.01,SEARCH_Z
13.0760,1.0576,-0.0708,-0.0141,0.03032,0.11570,-0.02969,0.00,0.00,3.00,45.7,116.43,637.75,258.01,SEARCH_Z
13.0861,0.7076,0.3891,-0.0041,0.00332,0.11870,-0.02469,0.00,0.00,3.00,45.7,116.43,637.79,258.01,SEARCH_Z
13.0962,0.8076,0.0691,0.1858,0.01232,0.12770,-0.02669,0.00,0.00,3.00,45.7,116.43,637.81,258.01,SEARCH_Z
13.1063,0.8776,0.4591,-0.2741,0.01232,0.11670,-0.02369,0.00,0.00,3.00,45.7,116.43,637.85,258.01,SEARCH_Z
13.1164,0.7076,0.2791,0.4358,0.00332,0.12470,-0.02369,0.00,0.00,3.00,45.7,116.43,637.87,258.01,SEARCH_Z
13.1265,0.8176,-0.0708,0.2058,0.00032,0.11670,-0.02969,0.00,0.00,3.00,45.7,116.43,637.91,258.01,SEARCH_Z
13.1366,0.8676,0.3191,0.0458,-0.00167,0.10570,-0.02469,0.00,0.00,3.00,45.7,116.43,637.93,258.02,SEARCH_Z
13.1467,0.6976,0.0291,0.0558,0.00932,0.12170,-0.02569,0.00,0.00,3.00,45.7,116.42,637.97,258.02,SEARCH_Z
13.1568,0.7076,0.5391,-0.3441,0.00632,0.12370,-0.02169,0.00,0.00,3.00,45.7,116.42,637.99,258.02,SEARCH_Z
13.1669,0.8576,0.1291,0.0258,0.00932,0.11370,-0.02669,0.00,0.00,3.00,45.7,116.42,638.03,258.02,SEARCH_Z
13.1770,0.6776,0.2191,-0.1241,0.01532,0.12370,-0.02469,0.00,0.00,3.00,45.7,116.42,638.05,258.02,SEARCH_Z
13.1871,0.9476,0.1891,0.2058,0.03332,0.12470,-0.02469,0.00,0.00,3.00,45.7,116.42,638.09,258.02,SEARCH_Z
13.1972,0.9576,-0.1308,-0.0741,0.02232,0.12670,-0.02769,0.00,0.00,3.00,45.7,116.42,638.11,258.02,SEARCH_Z
13.2073,0.8276,-0.0008,-0.0941,0.00732,0.11870,-0.02569,0.00,0.00,3.00,45.7,116.42,638.15,258.02,SEARCH_Z
13.2174,0.8476,0.2191,0.0158,0.00332,0.11770,-0.02569,0.00,0.00,3.00,45.7,116.42,638.18,258.02,SEARCH_Z
13.2275,0.7476,-0.0208,0.2558,-0.00167,0.11970,-0.02769,0.00,0.00,3.00,45.7,116.42,638.21,258.03,SEARCH_Z
13.2376,0.7276,-0.1008,0.2558,-0.00267,0.12670,-0.02269,0.00,0.00,3.00,45.7,116.41,638.24,258.03,SEARCH_Z
13.2477,0.7276,0.2191,-0.1541,0.01132,0.12370,-0.02569,0.00,0.00,3.00,45.7,116.41,638.27,258.03,SEARCH_Z
13.2578,0.7376,0.4191,0.0958,-0.00767,0.11770,-0.02769,0.00,0.00,3.00,45.7,116.41,638.30,258.03,SEARCH_Z
13.2679,0.8476,0.4291,-0.1341,0.01232,0.12070,-0.02969,0.00,0.00,3.00,45.7,116.41,638.33,258.03,SEARCH_Z
13.2780,1.0276,0.4791,-0.3041,0.00032,0.10170,-0.02069,0.00,0.00,3.00,45.7,116.41,638.36,258.03,SEARCH_Z
13.2881,0.6676,0.4191,-0.3341,0.00532,0.11570,-0.02169,0.00,0.00,3.00,45.7,116.41,638.39,258.03,SEARCH_Z
13.2982,0.6276,0.1691,0.1158,0.00432,0.11870,-0.02269,0.00,0.00,3.00,45.7,116.41,638.42,258.03,SEARCH_Z
13.3083,0.8276,0.4191,-0.2041,-0.00567,0.10770,-0.02269,0.00,0.00,3.00,45.7,116.41,638.45,258.03,SEARCH_Z
13.3184,0.6276,0.0691,0.0958,0.00532,0.11770,-0.02669,0.00,0.00,3.00,45.7,116.40,638.48,258.04,SEARCH_Z
13.3285,0.5576,0.2291,-0.1241,0.01232,0.13170,-0.02569,0.00,0.00,3.00,45.7,116.40,638.51,258.04,SEARCH_Z
13.3386,0.7776,0.2991,0.1458,-0.00167,0.11370,-0.02169,0.00,0.00,3.00,45.7,116.40,638.54,258.04,SEARCH_Z
13.3487,0.6876,0.0091,0.0358,0.02032,0.12470,-0.02669,0.00,0.00,3.00,45.7,116.40,638.57,258.04,SEARCH_Z
13.3588,0.7776,0.2491,0.0258,0.00932,0.12070,-0.02369,0.00,0.00,3.00,45.7,116.40,638.60,258.04,SEARCH_Z
13.3689,0.7776,0.0891,-0.1341,0.03332,0.13270,-0.02869,0.00,0.00,3.00,45.7,116.40,638.63,258.04,SEARCH_Z
13.3791,0.7976,0.2491,-0.1541,0.01232,0.11670,-0.02169,0.00,0.00,3.00,45.7,116.40,638.66,258.04,SEARCH_Z
13.3892,0.6976,0.1891,0.1558,-0.00167,0.12370,-0.02669,0.00,0.00,3.00,45.7,116.40,638.70,258.04,SEARCH_Z
13.3993,0.8876,0.1791,-0.0741,-0.00567,0.10570,-0.02669,0.00,0.00,3.00,45.7,116.40,638.72,258.04,SEARCH_Z
13.4094,0.8876,0.1591,0.0458,-0.01467,0.10570,-0.02369,0.00,0.00,3.00,45.7,116.39,638.76,258.05,SEARCH_Z
13.4194,0.7676,0.3891,-0.2741,-0.00167,0.11270,-0.02369,0.00,0.00,3.00,45.7,116.39,638.78,258.05,SEARCH_Z
13.4295,0.6876,0.3391,-0.0941,0.00832,0.11570,-0.02069,0.00,0.00,3.00,45.7,116.39,638.82,258.05,SEARCH_Z
13.4396,0.7776,-0.0008,0.4958,0.02032,0.13570,-0.02769,0.00,0.00,3.00,45.7,116.39,638.84,258.05,SEARCH_Z
13.4497,0.7176,0.0891,0.1358,0.00832,0.12370,-0.02769,0.00,0.00,3.00,45.8,116.39,638.88,258.05,SEARCH_Z
13.4598,0.8676,0.5391,0.0158,0.01232,0.11470,-0.02669,0.00,0.00,3.00,45.8,116.39,638.90,258.05,SEARCH_Z
13.4699,0.6876,0.5091,-0.2441,-0.00967,0.10470,-0.01869,0.00,0.00,3.00,45.8,116.39,638.94,258.05,SEARCH_Z
13.4800,0.8376,0.4491,-0.4141,0.01732,0.11170,-0.02469,0.00,0.00,3.00,45.8,116.39,638.96,258.05,SEARCH_Z
13.4901,0.7576,0.1091,0.0658,-0.00067,0.10870,-0.02369,0.00,0.00,3.00,45.8,116.39,639.00,258.05,SEARCH_Z
13.5002,0.9076,0.2091,-0.1941,0.01032,0.10870,-0.02569,0.00,0.00,3.00,45.8,116.38,639.02,258.06,SEARCH_Z
13.5103,0.9076,0.1091,-0.0241,0.00532,0.10670,-0.02369,0.00,0.00,3.00,45.8,116.38,639.06,258.06,SEARCH_Z
13.5204,0.7876,0.2991,0.0058,0.01032,0.11870,-0.02169,0.00,0.00,3.00,45.8,116.38,639.08,258.06,SEARCH_Z
13.5305,1.0076,0.3591,-0.2441,0.02632,0.10370,-0.02269,0.00,0.00,3.00,45.8,116.38,639.12,258.06,SEARCH_Z
13.5406,0.7976,0.2991,-0.0141,0.02132,0.11570,-0.02469,0.00,0.00,3.00,45.8,116.38,639.14,258.06,SEARCH_Z
13.5507,0.8776,0.1391,0.0158,0.02832,0.11770,-0.02169,0.00,0.00,3.00,45.8,116.38,639.18,258.06,SEARCH_Z
13.5608,0.6076,0.2391,-0.0041,-0.00367,0.12270,-0.02169,0.00,0.00,3.00,45.8,116.38,639.20,258.06,SEARCH_Z
13.5709,0.8176,0.1791,-0.4741,0.01332,0.10670,-0.02469,0.00,0.00,3.00,45.8,116.38,639.24,258.06,SEARCH_Z
13.5810,0.7776,0.4391,-0.2441,0.00532,0.10270,-0.02069,0.00,0.00,3.00,45.8,116.38,639.26,258.06,SEARCH_Z
13.5911,0.9876,0.3191,0.0258,0.01732,0.11270,-0.02269,0.00,0.00,3.00,45.8,116.37,639.30,258.07,SEARCH_Z
13.6012,0.6776,0.1591,-0.1241,0.00032,0.10570,-0.02169,0.00,0.00,3.00,45.8,116.37,639.32,258.07,SEARCH_Z
13.6113,0.5876,0.2491,-0.0541,0.00532,0.11370,-0.02169,0.00,0.00,3.00,45.8,116.37,639.36,258.07,SEARCH_Z
13.6214,0.7476,-0.1208,0.3458,0.01332,0.11470,-0.02369,0.00,0.00,3.00,45.8,116.37,639.40,258.07,SEARCH_Z
13.6315,0.6176,0.3191,0.2658,0.01832,0.11770,-0.02069,0.00,0.00,3.00,45.8,116.37,639.42,258.07,SEARCH_Z
13.6416,0.6376,0.0091,0.1058,0.01232,0.11770,-0.02369,0.00,0.00,3.00,45.8,116.37,639.46,258.07,SEARCH_Z
13.6517,0.6676,0.2991,0.1158,0.00032,0.10870,-0.02569,0.00,0.00,3.00,45.8,116.37,639.48,258.07,SEARCH_Z
13.6618,0.6876,0.6091,-0.2241,0.02632,0.10970,-0.01869,0.00,0.00,3.00,45.8,116.37,639.52,258.07,SEARCH_Z
13.6719,0.7976,0.3791,-0.0241,0.01532,0.10270,-0.02069,0.00,0.00,3.00,45.8,116.36,639.54,258.07,SEARCH_Z
13.6820,0.6776,0.3491,0.2958,0.02532,0.11870,-0.02169,0.00,0.00,3.00,45.8,116.36,639.58,258.08,SEARCH_Z
13.6921,0.6676,0.2391,0.3058,0.00532,0.09770,-0.01669,0.00,0.00,3.00,45.8,116.36,639.60,258.08,SEARCH_Z
13.7022,0.7076,0.2791,0.2158,0.02132,0.10970,-0.02469,0.00,0.00,3.00,45.8,116.36,639.64,258.08,SEARCH_Z
13.7123,0.7176,-0.0708,0.5958,0.02432,0.11470,-0.02269,0.00,0.00,3.00,45.8,116.36,639.66,258.08,SEARCH_Z
13.7224,0.4876,0.2991,0.2958,0.02232,0.10570,-0.01669,0.00,0.00,3.00,45.8,116.36,639.70,258.08,SEARCH_Z
13.7325,0.5976,0.4891,0.1758,0.01032,0.09770,-0.01569,0.00,0.00,3.00,45.8,116.36,639.72,258.08,SEARCH_Z
13.7426,0.6376,0.4491,0.1458,0.01332,0.09070,-0.01869,0.00,0.00,3.00,45.8,116.36,639.76,258.08,SEARCH_Z
13.7527,0.7876,0.1691,0.3858,0.04632,0.09670,-0.01469,0.00,0.00,3.00,45.8,116.36,639.78,258.08,SEARCH_Z
13.7628,0.5476,0.3391,0.2958,0.01732,0.09670,-0.01469,0.00,0.00,3.00,45.9,116.35,639.82,258.08,SEARCH_Z
13.7729,0.7576,0.1491,0.2458,0.04432,0.09870,-0.01569,0.00,0.00,3.00,45.9,116.35,639.84,258.09,SEARCH_Z
13.7830,0.6476,0.1891,0.2158,0.02332,0.08970,-0.01569,0.00,0.00,3.00,45.9,116.35,639.88,258.09,SEARCH_Z
13.7931,0.6176,0.1991,0.1358,0.02432,0.09370,-0.01669,0.00,0.00,3.00,45.9,116.35,639.90,258.09,SEARCH_Z
13.8032,0.8976,0.1191,0.4358,0.03432,0.08870,-0.01569,0.00,0.00,3.00,45.9,116.35,639.94,258.09,SEARCH_Z
13.8133,0.6876,0.0991,-0.0941,0.01432,0.08170,-0.01669,0.00,0.00,3.00,45.9,116.35,639.96,258.09,SEARCH_Z
13.8234,0.5676,0.1991,0.0058,0.00832,0.09570,-0.01469,0.00,0.00,3.00,45.9,116.35,640.00,258.09,SEARCH_Z
13.8335,0.4676,0.0991,-0.0641,0.00332,0.08570,-0.01369,0.00,0.00,3.00,45.9,116.35,640.03,258.09,SEARCH_Z
13.8436,0.6276,0.1191,0.0458,0.01432,0.09170,-0.01969,0.00,0.00,3.00,45.9,116.35,640.06,258.09,SEARCH_Z
13.8537,0.8376,-0.0008,-0.0841,0.02032,0.08670,-0.01969,0.00,0.00,3.00,45.9,116.34,640.09,258.09,SEARCH_Z
13.8638,0.5176,0.4791,-0.2341,0.00432,0.08870,-0.01369,0.00,0.00,3.00,45.9,116.34,640.12,258.10,SEARCH_Z
13.8739,0.5776,0.3691,-0.1441,0.00932,0.08470,-0.01369,0.00,0.00,3.00,45.9,116.34,640.15,258.10,SEARCH_Z
13.8840,0.5776,-0.0208,0.1958,0.00532,0.09570,-0.01469,0.00,0.00,3.00,45.9,116.34,640.18,258.10,SEARCH_Z
13.8941,0.6476,0.0291,0.2458,0.01732,0.09270,-0.01569,0.00,0.00,3.00,45.9,116.34,640.21,258.10,SEARCH_Z
13.9042,0.7176,0.2591,-0.0741,0.01332,0.08870,-0.01569,0.00,0.00,3.00,45.9,116.34,640.24,258.10,SEARCH_Z
13.9143,0.5776,0.8191,-0.4341,-0.00967,0.07070,-0.01169,0.00,0.00,3.00,45.9,116.34,640.27,258.10,SEARCH_Z
13.9244,0.6376,0.0491,0.1358,0.00032,0.08570,-0.01769,0.00,0.00,3.00,45.9,116.34,640.30,258.10,SEARCH_Z
13.9345,0.7276,0.3691,0.0558,0.01032,0.08270,-0.01669,0.00,0.00,3.00,45.9,116.34,640.33,258.10,SEARCH_Z
13.9446,0.6676,0.2391,-0.3541,0.01332,0.08770,-0.01469,0.00,0.00,3.00,45.9,116.33,640.36,258.10,SEARCH_Z
13.9548,0.6376,-0.2208,0.0458,0.00732,0.08070,-0.01869,0.00,0.00,3.00,45.9,116.33,640.39,258.11,SEARCH_Z
13.9649,0.5376,0.1191,0.3258,0.00432,0.08170,-0.01469,0.00,0.00,3.00,45.9,116.33,640.42,258.11,SEARCH_Z
13.9750,0.8076,0.1091,-0.0641,0.01332,0.08170,-0.02069,0.00,0.00,3.00,45.9,116.33,640.45,258.11,SEARCH_Z
13.9851,0.6676,0.0791,-0.0041,0.01432,0.07470,-0.01269,0.00,0.00,3.00,45.9,116.33,640.48,258.11,SEARCH_Z
13.9952,0.4076,0.3191,-0.2641,-0.00567,0.07170,-0.01269,0.00,0.00,3.00,45.9,116.33,640.51,258.11,SEARCH_Z
14.0053,0.5476,0.2191,-0.2141,0.00432,0.07570,-0.01569,0.00,0.00,3.00,45.9,116.33,640.54,258.11,SEARCH_Z
14.0154,0.6176,0.2691,-0.3441,-0.01867,0.05570,-0.01069,0.00,0.00,3.00,45.9,116.33,640.57,258.11,SEARCH_Z
14.0255,0.5076,0.0691,-0.2241,0.00332,0.06270,-0.01269,0.00,0.00,3.00,45.9,116.32,640.61,258.11,SEARCH_Z
14.0356,0.5076,0.3691,-0.3341,-0.00067,0.07070,-0.00869,0.00,0.00,3.00,46.0,116.32,640.63,258.11,SEARCH_Z
14.0457,0.7076,0.1691,-0.2641,0.00232,0.06470,-0.01069,0.00,0.00,3.00,46.0,116.32,640.67,258.12,SEARCH_Z
14.0558,0.4576,0.3591,-0.1341,0.00532,0.06470,-0.00469,0.00,0.00,3.00,46.0,116.32,640.69,258.12,SEARCH_Z
14.0659,0.5176,0.4391,-0.3141,0.00332,0.06370,-0.00669,0.00,0.00,3.00,46.0,116.32,640.73,258.12,SEARCH_Z
14.0760,0.6276,0.0191,-0.0841,0.00732,0.07270,-0.00969,0.00,0.00,3.00,46.0,116.32,640.75,258.12,SEARCH_Z
14.0861,0.6676,0.3391,-0.4041,-0.00567,0.06470,-0.00669,0.00,0.00,3.00,46.0,116.32,640.79,258.12,SEARCH_Z
14.0962,0.3976,0.3891,-0.3941,-0.01467,0.04770,-0.00469,0.00,0.00,3.00,46.0,116.32,640.81,258.12,SEARCH_Z
14.1063,0.4576,0.3791,-0.4641,-0.00667,0.05770,-0.01169,0.00,0.00,3.00,46.0,116.32,640.85,258.12,SEARCH_Z
14.1164,0.4276,0.4391,-0.7541,-0.00567,0.05970,0.00030,0.00,0.00,3.00,46.0,116.31,640.87,258.12,SEARCH_Z
14.1265,0.6176,-0.0408,-0.4441,-0.01867,0.04670,-0.01069,0.00,0.00,3.00,46.0,116.31,640.91,258.12,SEARCH_Z
14.1366,0.5676,0.1791,-0.7741,-0.00267,0.05570,-0.01269,0.00,0.00,3.00,46.0,116.31,640.93,258.12,SEARCH_Z
14.1467,0.3476,0.0591,-0.4541,-0.01367,0.06870,-0.01269,0.00,0.00,3.00,46.0,116.31,640.97,258.13,SEARCH_Z
