time,fx,fy,fz,tx,ty,tz,vx,vy,vz,travel_mm,pos_x,pos_y,pos_z,phase
0.0000,0.1481,0.0183,0.2250,0.02561,0.00704,0.00450,-5.00,0.00,0.00,0.0,125.41,633.31,302.41,DESCEND
0.0101,-0.1418,0.0383,-0.0549,-0.00938,-0.00195,0.00250,-5.00,0.00,0.00,0.0,125.41,633.31,302.41,DESCEND
0.0203,-0.0818,0.1683,0.0050,-0.01138,-0.00795,0.00650,-5.00,0.00,0.00,0.0,125.41,633.31,302.40,DESCEND
0.0304,0.0381,0.0583,0.2550,-0.00738,-0.00495,0.00550,-5.00,0.00,0.00,0.0,125.41,633.31,302.39,DESCEND
0.0405,0.1181,0.0883,0.2050,0.00161,-0.00195,0.00150,-5.00,0.00,0.00,0.0,125.41,633.31,302.38,DESCEND
0.0506,0.0581,0.1883,-0.1049,0.00261,-0.01095,0.00350,-5.00,0.00,0.00,0.1,125.41,633.31,302.36,DESCEND
0.0607,0.0881,0.4683,0.1150,-0.01738,-0.00795,0.00250,-5.00,0.00,0.00,0.1,125.41,633.31,302.34,DESCEND
0.0708,0.0981,-0.0716,0.3950,0.00161,0.00404,0.00150,-5.00,0.00,0.00,0.1,125.41,633.31,302.31,DESCEND
0.0809,-0.1518,0.2383,-0.1449,-0.01838,-0.00895,0.00350,-5.00,0.00,0.00,0.1,125.41,633.32,302.29,DESCEND
0.0909,0.1381,0.0083,0.1550,0.00661,-0.00395,0.00650,-5.00,0.00,0.00,0.2,125.41,633.32,302.25,DESCEND
0.1011,0.0081,0.0883,0.3250,-0.00238,-0.00295,0.00350,-5.00,0.00,0.00,0.2,125.41,633.32,302.22,DESCEND
0.1112,-0.0518,0.1083,0.0750,0.01061,0.00004,0.00150,-5.00,0.00,0.00,0.2,125.41,633.32,302.17,DESCEND
0.1213,-0.1218,-0.1316,0.1250,-0.01238,-0.01095,0.00350,-5.00,0.00,0.00,0.3,125.41,633.32,302.14,DESCEND
0.1315,0.2181,-0.0316,0.3850,0.00761,0.00404,-0.00049,-5.00,0.00,0.00,0.3,125.41,633.32,302.08,DESCEND
0.1416,-0.0618,-0.0616,0.1550,-0.00538,-0.00295,0.00050,-5.00,0.00,0.00,0.4,125.41,633.32,302.04,DESCEND
0.1517,0.0881,0.0683,-0.1149,-0.00338,-0.00695,0.00450,-5.00,0.00,0.00,0.4,125.41,633.33,301.98,DESCEND
0.1621,0.1481,-0.0716,0.0950,0.00761,0.00904,0.00150,-5.00,0.00,0.00,0.5,125.41,633.33,301.94,DESCEND
0.1722,0.2981,0.1083,-0.1249,0.00961,0.00704,0.00450,-5.00,0.00,0.00,0.5,125.41,633.33,301.88,DESCEND
0.1823,0.1781,0.2283,0.1950,-0.00138,0.00004,0.00750,-5.00,0.00,0.00,0.6,125.41,633.33,301.82,DESCEND
0.1924,0.0581,0.2983,-0.2649,-0.01538,-0.01795,0.00350,-5.00,0.00,0.00,0.6,125.41,633.33,301.78,DESCEND
0.2026,-0.2618,0.1983,-0.1949,-0.02438,-0.00795,0.00750,-5.00,0.00,0.00,0.7,125.41,633.34,301.72,DESCEND
0.2127,0.0181,0.0183,0.0250,0.00661,-0.01495,0.00350,-5.00,0.00,0.00,0.7,125.41,633.34,301.68,DESCEND
0.2228,0.0981,-0.0316,-0.1049,0.00461,-0.00895,-0.00149,-5.00,0.00,0.00,0.8,125.41,633.34,301.62,DESCEND
0.2329,0.0881,0.3283,0.0050,0.01461,0.00404,0.00250,-5.00,0.00,0.00,0.8,125.41,633.34,301.58,DESCEND
0.2430,0.0581,-0.1616,0.2150,0.00461,-0.00295,0.00350,-5.00,0.00,0.00,0.9,125.41,633.34,301.52,DESCEND
0.2531,0.0881,-0.3216,0.1450,0.00061,-0.00595,0.00150,-5.00,0.00,0.00,0.9,125.41,633.34,301.48,DESCEND
0.2632,-0.0518,0.0483,0.0250,-0.00438,-0.00395,0.00150,-5.00,0.00,0.00,1.0,125.41,633.35,301.42,DESCEND
0.2733,0.1481,0.2783,-0.2449,-0.01338,-0.01895,0.00450,-5.00,0.00,0.00,1.0,125.41,633.35,301.38,DESCEND
0.2834,-0.0518,0.1383,-0.0149,-0.01938,-0.01295,0.00650,-5.00,0.00,0.00,1.1,125.41,633.35,301.32,DESCEND
0.2935,0.0881,0.1983,-0.1449,-0.00438,-0.00895,0.00550,-5.00,0.00,0.00,1.1,125.41,633.35,301.28,DESCEND
0.3036,-0.0218,0.1083,0.0350,-0.00438,0.00204,0.00550,-5.00,0.00,0.00,1.2,125.41,633.35,301.22,DESCEND
0.3137,-0.0418,0.0783,0.0850,-0.00838,-0.00795,0.00350,-5.00,0.00,0.00,1.2,125.41,633.36,301.18,DESCEND
0.3238,-0.3118,-0.0916,0.0250,-0.00038,-0.00095,-0.00049,-5.00,0.00,0.00,1.3,125.41,633.36,301.12,DESCEND
0.3339,-0.0218,0.0283,-0.0849,0.00461,-0.02295,0.00950,-5.00,0.00,0.00,1.3,125.41,633.36,301.08,DESCEND
0.3441,-0.1618,-0.2316,0.2850,-0.00438,-0.00995,-0.00049,-5.00,0.00,0.00,1.4,125.41,633.36,301.02,DESCEND
0.3542,-0.1918,0.2383,-0.2549,-0.01338,-0.01195,0.00550,-5.00,0.00,0.00,1.4,125.41,633.36,300.98,DESCEND
0.3643,-0.0018,0.1783,-0.3949,0.00361,-0.01695,0.00650,-5.00,0.00,0.00,1.5,125.41,633.37,300.92,DESCEND
0.3744,-0.1018,-0.0016,-0.2249,-0.02738,-0.02395,0.00150,-5.00,0.00,0.00,1.6,125.41,633.37,300.86,DESCEND
0.3845,0.1881,-0.0116,0.0650,0.00861,0.00304,0.00150,-5.00,0.00,0.00,1.6,125.41,633.37,300.82,DESCEND
0.3947,0.0181,0.0783,0.1250,-0.00338,-0.00795,0.00550,-5.00,0.00,0.00,1.7,125.41,633.37,300.76,DESCEND
0.4048,0.2581,0.0683,0.0650,0.00861,0.00004,0.00250,-5.00,0.00,0.00,1.7,125.41,633.37,300.72,DESCEND
0.4149,0.0181,0.0483,0.1550,0.01361,0.01504,0.00550,-5.00,0.00,0.00,1.8,125.41,633.38,300.66,DESCEND
0.4251,-0.0318,-0.0016,0.2250,0.00261,0.00604,0.00450,-5.00,0.00,0.00,1.8,125.41,633.38,300.62,DESCEND
0.4352,0.2081,0.3283,-0.3249,-0.00338,-0.02195,0.00850,-5.00,0.00,0.00,1.9,125.41,633.38,300.56,DESCEND
0.4453,-0.0318,0.0083,0.3850,-0.00638,-0.00095,0.00150,-5.00,0.00,0.00,1.9,125.41,633.38,300.52,DESCEND
0.4554,0.2781,0.1483,-0.1749,0.01761,-0.01095,0.00350,-5.00,0.00,0.00,2.0,125.41,633.38,300.46,DESCEND
0.4656,-0.1518,0.3383,-0.2449,-0.00338,-0.00795,0.00650,-5.00,0.00,0.00,2.0,125.41,633.38,300.42,DESCEND
0.4757,0.1981,-0.2116,0.2750,0.00461,-0.00195,-0.00049,-5.00,0.00,0.00,2.1,125.41,633.39,300.36,DESCEND
0.4858,-0.0518,-0.0016,0.1550,0.00361,0.00204,0.00250,-5.00,0.00,0.00,2.1,125.41,633.39,300.32,DESCEND
0.4958,-0.1918,-0.2616,0.1550,0.00261,0.00204,0.00550,-5.00,0.00,0.00,2.2,125.41,633.39,300.26,DESCEND
0.5060,-0.0718,0.1983,-0.1149,-0.01438,-0.01295,0.00650,-5.00,0.00,0.00,2.2,125.41,633.39,300.22,DESCEND
0.5161,0.0481,0.1083,0.0050,-0.00038,-0.00895,0.00750,-5.00,0.00,0.00,2.3,125.41,633.39,300.16,DESCEND
0.5262,0.0681,0.1283,0.0950,-0.01138,-0.00795,0.00750,-5.00,0.00,0.00,2.3,125.41,633.39,300.12,DESCEND
0.5363,-0.0818,0.2283,0.1350,-0.01038,0.00004,0.00550,-5.00,0.00,0.00,2.4,125.41,633.40,300.06,DESCEND
0.5465,-0.0918,-0.1016,0.2350,-0.00138,0.00104,0.00650,-5.00,0.00,0.00,2.4,125.41,633.40,300.00,DESCEND
0.5566,-0.0918,0.0583,0.1350,-0.02238,-0.00595,0.00450,-5.00,0.00,0.00,2.5,125.41,633.40,299.96,DESCEND
0.5667,0.0981,0.1583,-0.0349,-0.00738,-0.01095,0.00750,-5.00,0.00,0.00,2.5,125.41,633.40,299.90,DESCEND
0.5768,-0.1818,0.4383,-0.4049,-0.00738,-0.00795,0.01150,-5.00,0.00,0.00,2.6,125.41,633.40,299.86,DESCEND
0.5869,-0.0018,0.0883,0.3150,0.01661,0.01404,0.00350,-5.00,0.00,0.00,2.6,125.41,633.41,299.80,DESCEND
0.5970,0.0181,-0.0116,0.3650,0.00461,0.00004,0.00250,-5.00,0.00,0.00,2.7,125.41,633.41,299.76,DESCEND
0.6071,-0.0318,-0.1316,0.3550,-0.00038,-0.00695,0.00050,-5.00,0.00,0.00,2.7,125.41,633.41,299.70,DESCEND
0.6173,0.0381,-0.2716,0.0650,0.01961,0.00904,0.00150,-5.00,0.00,0.00,2.8,125.41,633.41,299.66,DESCEND
0.6275,-0.0418,-0.1616,0.2350,-0.00238,0.00104,0.00350,-5.00,0.00,0.00,2.8,125.42,633.41,299.60,DESCEND
0.6376,0.0781,-0.2116,0.2150,0.01661,0.00704,0.00150,-5.00,0.00,0.00,2.9,125.42,633.42,299.56,DESCEND
0.6478,0.0581,0.1983,0.1650,-0.00738,-0.00295,0.00350,-5.00,0.00,0.00,2.9,125.42,633.42,299.50,DESCEND
0.6579,0.1381,-0.0216,0.1150,0.01561,0.00704,0.00050,-5.00,0.00,0.00,3.0,125.42,633.42,299.46,DESCEND
0.6680,0.0581,-0.1416,0.4250,-0.00038,-0.00595,0.00450,-5.00,0.00,0.00,3.0,125.42,633.42,299.40,DESCEND
0.6781,-0.0918,-0.0816,0.1450,-0.00338,-0.00195,0.00850,-5.00,0.00,0.00,3.1,125.42,633.42,299.36,DESCEND
0.6882,-0.0418,0.1983,-0.1449,-0.02038,-0.01795,0.00550,-5.00,0.00,0.00,3.1,125.42,633.43,299.30,DESCEND
0.6984,0.0481,-0.1416,0.1150,-0.00638,-0.00495,0.00450,-5.00,0.00,0.00,3.2,125.42,633.43,299.24,DESCEND
0.7085,0.0781,0.1483,0.0850,-0.00438,-0.00795,0.00350,-5.00,0.00,0.00,3.2,125.42,633.43,299.20,DESCEND
0.7186,0.0581,-0.2216,0.1650,0.00761,-0.00195,0.00350,-5.00,0.00,0.00,3.3,125.42,633.43,299.14,DESCEND
0.7288,0.0581,0.2783,0.0250,0.01161,0.00404,0.00650,-5.00,0.00,0.00,3.3,125.42,633.43,299.10,DESCEND
0.7389,-0.0518,0.4383,-0.1149,-0.01338,-0.01795,0.00450,-5.00,0.00,0.00,3.4,125.42,633.43,299.04,DESCEND
0.7491,-0.0118,-0.0916,0.1550,0.00861,-0.00195,0.00650,-5.00,0.00,0.00,3.4,125.42,633.44,299.00,DESCEND
0.7592,0.0981,-0.1016,0.3350,0.00061,-0.00195,0.00150,-5.00,0.00,0.00,3.5,125.42,633.44,298.94,DESCEND
0.7694,-0.0218,-0.1216,0.5250,0.01761,0.00604,0.00250,-5.00,0.00,0.00,3.5,125.42,633.44,298.88,DESCEND
0.7795,0.1481,-0.2416,0.4050,0.00461,0.00604,0.00350,-5.00,0.00,0.00,3.6,125.42,633.44,298.84,DESCEND
0.7896,-0.1118,-0.0916,0.1550,-0.01738,-0.00895,0.00450,-5.00,0.00,0.00,3.6,125.42,633.44,298.78,DESCEND
0.7997,-0.1218,-0.1716,0.3650,-0.02038,-0.00395,0.00550,-5.00,0.00,0.00,3.7,125.42,633.45,298.74,DESCEND
0.8098,-0.0718,0.1583,0.0050,-0.00038,-0.00495,0.00750,-5.00,0.00,0.00,3.7,125.42,633.45,298.68,DESCEND
0.8200,0.1081,0.1583,-0.0449,0.00461,-0.00795,0.00250,-5.00,0.00,0.00,3.8,125.42,633.45,298.64,DESCEND
0.8301,0.0981,0.2183,-0.3349,0.00361,-0.00895,0.00550,-5.00,0.00,0.00,3.8,125.42,633.45,298.58,DESCEND
0.8402,-0.0118,-0.2016,0.1450,-0.00438,-0.01495,0.00250,-5.00,0.00,0.00,3.9,125.42,633.45,298.54,DESCEND
0.8503,0.0881,0.5483,-0.3549,-0.00038,-0.01695,0.00650,-5.00,0.00,0.00,3.9,125.42,633.46,298.48,DESCEND
0.8604,0.0181,-0.1316,0.4350,-0.00738,0.00704,0.00850,-5.00,0.00,0.00,4.0,125.42,633.46,298.44,DESCEND
0.8706,0.2381,-0.0316,-0.0449,0.00061,-0.00895,0.00450,-5.00,0.00,0.00,4.0,125.42,633.46,298.38,DESCEND
0.8807,0.1281,-0.1416,0.3150,0.01261,0.00304,0.00550,-5.00,0.00,0.00,4.1,125.42,633.46,298.34,DESCEND
0.8908,0.2081,0.2483,-0.1649,0.00861,-0.01095,0.00550,-5.00,0.00,0.00,4.1,125.42,633.46,298.28,DESCEND
0.9010,0.0081,-0.2716,0.3250,-0.00438,-0.00295,0.00350,-5.00,0.00,0.00,4.2,125.42,633.46,298.24,DESCEND
0.9111,0.0281,-0.1716,0.0850,0.01361,-0.00195,0.00650,-5.00,0.00,0.00,4.2,125.42,633.47,298.18,DESCEND
0.9212,-0.0718,0.2183,0.1450,0.00561,-0.00195,0.00250,-5.00,0.00,0.00,4.3,125.42,633.47,298.14,DESCEND
0.9314,0.1881,-0.0416,0.4850,0.01061,-0.00095,0.00450,-5.00,0.00,0.00,4.3,125.42,633.47,298.08,DESCEND
0.9415,-0.0618,-0.0216,0.3350,0.00761,0.00604,0.00950,-5.00,0.00,0.00,4.4,125.42,633.47,298.04,DESCEND
0.9516,0.0681,-0.1916,0.2750,-0.00638,-0.00395,-0.00249,-5.00,0.00,0.00,4.4,125.42,633.47,297.98,DESCEND
0.9617,-0.0018,0.1983,-0.1249,0.01361,-0.00295,0.00850,-5.00,0.00,0.00,4.5,125.42,633.48,297.94,DESCEND
0.9718,0.1481,-0.0516,0.4050,0.00561,0.00304,0.00350,-5.00,0.00,0.00,4.5,125.42,633.48,297.88,DESCEND
0.9819,0.0081,0.4083,-0.0449,-0.00838,-0.00695,0.00750,-5.00,0.00,0.00,4.6,125.42,633.48,297.84,DESCEND
0.9920,0.3081,-0.1016,0.0550,0.00461,-0.01095,0.00350,-5.00,0.00,0.00,4.6,125.42,633.48,297.78,DESCEND
1.0021,0.0181,0.4583,-0.2049,-0.01138,-0.01595,0.00450,-5.00,0.00,0.00,4.7,125.42,633.48,297.74,DESCEND
1.0122,-0.0318,-0.0816,0.1750,-0.00538,0.00704,0.00850,-5.00,0.00,0.00,4.7,125.42,633.48,297.68,DESCEND
1.0223,-0.1218,0.2483,-0.0249,-0.00338,-0.01195,0.00750,-5.00,0.00,0.00,4.8,125.42,633.49,297.62,DESCEND
1.0324,-0.0418,-0.2416,0.3550,0.00961,0.00504,0.00050,-5.00,0.00,0.00,4.8,125.42,633.49,297.58,DESCEND
1.0425,0.0681,0.1283,-0.0749,-0.00338,-0.01095,0.00550,-5.00,0.00,0.00,4.9,125.42,633.49,297.52,DESCEND
1.0526,0.1781,-0.2816,0.2750,-0.00938,-0.00995,0.00050,-5.00,0.00,0.00,4.9,125.42,633.49,297.48,DESCEND
1.0627,0.0181,-0.2416,0.2250,0.01761,0.00704,0.00450,-5.00,0.00,0.00,5.0,125.42,633.49,297.42,DESCEND
1.0728,0.0981,-0.2016,0.1150,0.01361,0.00504,0.00450,-5.00,0.00,0.00,5.0,125.42,633.50,297.38,DESCEND
1.0830,0.0781,-0.0216,0.0950,-0.00138,-0.00695,0.00450,-5.00,0.00,0.00,5.1,125.42,633.50,297.32,DESCEND
1.0931,0.0081,0.0383,-0.1249,-0.00938,-0.00895,0.00150,-5.00,0.00,0.00,5.1,125.42,633.50,297.28,DESCEND
1.1032,-0.1118,-0.0616,0.0250,-0.00738,-0.00295,0.00550,-5.00,0.00,0.00,5.2,125.42,633.50,297.22,DESCEND
1.1133,-0.0418,0.4583,-0.1849,0.00161,-0.01595,0.00850,-5.00,0.00,0.00,5.2,125.42,633.50,297.18,DESCEND
1.1234,0.0881,-0.1216,0.0650,0.00161,-0.00395,0.00550,-5.00,0.00,0.00,5.3,125.42,633.51,297.12,DESCEND
1.1336,0.1081,0.1383,-0.0049,0.01461,-0.00595,0.00950,-5.00,0.00,0.00,5.3,125.42,633.51,297.08,DESCEND
1.1438,-0.1318,-0.0716,0.0950,-0.00238,-0.00195,0.00350,-5.00,0.00,0.00,5.4,125.42,633.51,297.02,DESCEND
1.1540,0.0581,-0.2216,0.1650,0.01361,-0.00095,0.00050,-5.00,0.00,0.00,5.4,125.42,633.51,296.98,DESCEND
1.1641,0.0381,-0.0716,0.5150,-0.01338,-0.00595,0.00750,-5.00,0.00,0.00,5.5,125.42,633.51,296.92,DESCEND
1.1742,-0.0618,0.3083,-0.2849,-0.00138,0.00104,0.01050,-5.00,0.00,0.00,5.6,125.42,633.51,296.86,DESCEND
1.1844,0.0281,-0.2316,0.4750,0.00961,0.01104,0.00050,-5.00,0.00,0.00,5.6,125.42,633.52,296.82,DESCEND
1.1945,-0.0518,0.0383,-0.1049,0.00361,-0.01195,0.00450,-5.00,0.00,0.00,5.7,125.42,633.52,296.76,DESCEND
1.2046,-0.0618,0.1383,0.1750,0.00061,0.00504,0.00450,-5.00,0.00,0.00,5.7,125.42,633.52,296.72,DESCEND
1.2148,-0.1218,0.1083,0.0450,-0.01938,-0.01395,0.00750,-5.00,0.00,0.00,5.8,125.42,633.52,296.66,DESCEND
1.2250,-0.1718,-0.0616,0.0450,-0.00238,-0.00495,0.00650,-5.00,0.00,0.00,5.8,125.43,633.52,296.62,DESCEND
1.2351,0.0881,0.0883,0.0450,-0.00538,-0.00495,0.00450,-5.00,0.00,0.00,5.9,125.43,633.53,296.56,DESCEND
1.2452,0.0081,-0.0316,0.1450,-0.00038,0.00004,0.00850,-5.00,0.00,0.00,5.9,125.43,633.53,296.52,DESCEND
1.2553,0.0181,-0.1216,0.1150,0.00261,0.00304,0.00850,-5.00,0.00,0.00,6.0,125.43,633.53,296.46,DESCEND
1.2655,0.1881,0.0383,0.2250,0.00961,-0.00095,0.00250,-5.00,0.00,0.00,6.0,125.43,633.53,296.42,DESCEND
1.2756,-0.2518,-0.0116,-0.0049,-0.00838,-0.00195,0.00650,-5.00,0.00,0.00,6.1,125.43,633.53,296.36,DESCEND
1.2857,-0.2118,0.2583,0.0450,-0.01538,-0.00295,0.00750,-5.00,0.00,0.00,6.1,125.43,633.53,296.32,DESCEND
1.2958,0.1081,-0.0216,0.1450,0.01961,-0.00095,0.00650,-5.00,0.00,0.00,6.2,125.43,633.54,296.26,DESCEND
1.3059,-0.0818,0.0483,-0.1449,0.00261,-0.00195,0.00550,-5.00,0.00,0.00,6.2,125.43,633.54,296.22,DESCEND
1.3161,-0.1318,0.1883,0.0350,-0.01338,-0.00295,0.00550,-5.00,0.00,0.00,6.3,125.43,633.54,296.17,DESCEND
1.3262,0.0381,0.1883,0.2850,0.01261,0.01004,0.00650,-5.00,0.00,0.00,6.3,125.43,633.54,296.13,DESCEND
1.3363,0.0881,0.1483,0.1450,0.01861,0.00204,0.00750,-5.00,0.00,0.00,6.4,125.43,633.54,296.07,DESCEND
1.3464,0.2181,0.0983,-0.1849,0.01161,-0.01295,0.00150,-5.00,0.00,0.00,6.4,125.43,633.55,296.01,DESCEND
1.3565,0.0681,-0.0316,-0.0449,0.00561,-0.00295,0.00450,-5.00,0.00,0.00,6.5,125.43,633.55,295.97,DESCEND
1.3666,-0.0118,0.1383,0.1150,-0.00938,-0.01195,0.00350,-5.00,0.00,0.00,6.5,125.43,633.55,295.91,DESCEND
1.3768,-0.0118,0.5583,-0.1549,-0.00738,-0.01595,0.00950,-5.00,0.00,0.00,6.6,125.43,633.55,295.87,DESCEND
1.3869,-0.0818,-0.0716,-0.0949,-0.01738,-0.01295,0.00650,-5.00,0.00,0.00,6.6,125.43,633.55,295.81,DESCEND
1.3970,0.0081,0.0483,-0.3949,-0.00338,-0.00895,0.00650,-5.00,0.00,0.00,6.7,125.43,633.56,295.77,DESCEND
1.4071,0.0181,0.0683,-0.0349,-0.00238,-0.01195,0.00750,-5.00,0.00,0.00,6.7,125.43,633.56,295.71,DESCEND
1.4173,-0.1718,0.2183,-0.2649,-0.00938,-0.00895,0.00850,-5.00,0.00,0.00,6.8,125.43,633.56,295.67,DESCEND
1.4274,-0.0718,0.0083,0.2250,0.00361,0.00604,0.00450,-5.00,0.00,0.00,6.8,125.43,633.56,295.61,DESCEND
1.4375,-0.2218,0.0883,0.1050,0.01061,0.01304,0.00850,-5.00,0.00,0.00,6.9,125.43,633.56,295.57,DESCEND
1.4477,-0.1318,-0.2516,0.1250,-0.01438,0.00004,0.00750,-5.00,0.00,0.00,6.9,125.43,633.56,295.51,DESCEND
1.4578,0.0681,-0.0416,0.0350,0.01161,0.00104,0.00750,-5.00,0.00,0.00,7.0,125.43,633.57,295.47,DESCEND
1.4679,0.0981,0.0383,-0.0149,0.00861,0.00504,0.00950,-5.00,0.00,0.00,7.0,125.43,633.57,295.41,DESCEND
1.4780,0.1681,-0.0516,0.1550,0.02361,-0.00495,0.00350,-5.00,0.00,0.00,7.1,125.43,633.57,295.37,DESCEND
1.4882,0.0281,0.1683,-0.2649,-0.00838,-0.01395,0.00650,-5.00,0.00,0.00,7.1,125.43,633.57,295.31,DESCEND
1.4984,0.0281,0.0583,0.0550,0.01061,-0.00495,0.00550,-5.00,0.00,0.00,7.2,125.43,633.57,295.25,DESCEND
1.5085,0.0281,-0.2316,0.1250,0.00561,-0.00495,0.00050,-5.00,0.00,0.00,7.2,125.43,633.58,295.21,DESCEND
1.5186,-0.2218,0.2283,0.1850,-0.01238,0.00004,0.00650,-5.00,0.00,0.00,7.3,125.43,633.58,295.15,DESCEND
1.5287,-0.0818,-0.1216,-0.0449,-0.00238,-0.00295,0.00550,-5.00,0.00,0.00,7.3,125.43,633.58,295.11,DESCEND
1.5388,-0.0118,0.0783,-0.0049,0.00461,-0.00295,0.00650,-5.00,0.00,0.00,7.4,125.43,633.58,295.05,DESCEND
1.5490,0.0481,0.2083,-0.0949,-0.00038,-0.00795,0.00750,-5.00,0.00,0.00,7.4,125.43,633.58,295.01,DESCEND
1.5591,0.0481,-0.1416,0.1450,-0.00838,-0.00295,0.00250,-5.00,0.00,0.00,7.5,125.43,633.59,294.95,DESCEND
1.5692,-0.0418,-0.1216,0.2250,0.00561,-0.00395,0.00750,-5.00,0.00,0.00,7.5,125.43,633.59,294.91,DESCEND
1.5793,-0.0218,0.2983,0.0550,0.00561,-0.00195,0.00350,-5.00,0.00,0.00,7.6,125.43,633.59,294.85,DESCEND
1.5895,-0.0418,0.0683,0.2250,0.00461,0.00104,0.00650,-5.00,0.00,0.00,7.6,125.43,633.59,294.81,DESCEND
1.5996,-0.0418,-0.1116,0.1550,0.00161,-0.01295,0.00550,-5.00,0.00,0.00,7.7,125.43,633.59,294.75,DESCEND
1.6097,0.0081,0.2283,-0.0949,0.00561,0.00104,0.00650,-5.00,0.00,0.00,7.7,125.43,633.59,294.71,DESCEND
1.6198,-0.0918,0.2383,0.1550,-0.00138,-0.00095,0.00550,-5.00,0.00,0.00,7.8,125.43,633.60,294.65,DESCEND
1.6300,-0.0318,0.4783,-0.2649,-0.00538,-0.00895,0.00950,-5.00,0.00,0.00,7.8,125.43,633.60,294.61,DESCEND
1.6401,0.0581,0.0283,0.0450,-0.00038,-0.01595,0.00650,-5.00,0.00,0.00,7.9,125.43,633.60,294.55,DESCEND
1.6502,0.0581,-0.0116,0.2650,-0.00338,-0.00595,0.00550,-5.00,0.00,0.00,7.9,125.43,633.60,294.51,DESCEND
1.6603,-0.0918,0.3783,-0.0049,0.00461,0.00204,0.00750,-5.00,0.00,0.00,8.0,125.43,633.60,294.45,DESCEND
1.6705,-0.0718,0.1783,-0.0549,-0.00638,-0.00595,0.00550,-5.00,0.00,0.00,8.0,125.43,633.61,294.39,DESCEND
1.6806,0.0981,-0.0216,0.0750,0.00561,0.00304,0.00750,-5.00,0.00,0.00,8.1,125.43,633.61,294.35,DESCEND
1.6907,0.2081,-0.0316,0.2150,0.00561,-0.00095,0.00550,-5.00,0.00,0.00,8.1,125.43,633.61,294.29,DESCEND
1.7008,0.1781,-0.3916,0.4350,0.02461,0.01004,-0.00249,-5.00,0.00,0.00,8.2,125.43,633.61,294.25,DESCEND
1.7114,-0.0018,-0.0516,0.0850,0.00061,-0.01195,0.00950,-5.00,0.00,0.00,8.2,125.43,633.61,294.19,DESCEND
1.7216,-0.0218,0.0983,0.2450,0.00261,-0.00095,0.00350,-5.00,0.00,0.00,8.3,125.43,633.61,294.15,DESCEND
1.7318,-0.0018,-0.1316,0.3750,0.00561,0.00104,0.00350,-5.00,0.00,0.00,8.3,125.43,633.62,294.09,DESCEND
1.7427,-0.1218,0.1683,0.0550,-0.00638,-0.00895,0.00750,-5.00,0.00,0.00,8.4,125.43,633.62,294.03,DESCEND
1.7528,0.0581,0.2183,-0.1449,-0.00038,-0.00795,0.00750,-5.00,0.00,0.00,8.4,125.43,633.62,293.99,DESCEND
1.7630,0.1081,0.0983,-0.0249,0.01161,0.00304,0.00450,-5.00,0.00,0.00,8.5,125.43,633.62,293.93,DESCEND
1.7731,0.3281,0.0083,-0.0449,0.01861,0.00404,0.00150,-5.00,0.00,0.00,8.5,125.43,633.62,293.89,DESCEND
1.7832,-0.0018,0.1683,0.1450,0.01361,-0.00095,0.00750,-5.00,0.00,0.00,8.6,125.43,633.63,293.83,DESCEND
1.7934,0.0381,0.2583,-0.2449,0.00361,-0.01395,0.00850,-5.00,0.00,0.00,8.6,125.43,633.63,293.79,DESCEND
1.8036,-0.0618,-0.1016,0.0650,-0.00238,-0.00295,0.00650,-5.00,0.00,0.00,8.7,125.43,633.63,293.73,DESCEND
1.8137,0.1981,0.0783,-0.0249,0.01761,-0.00095,0.00650,-5.00,0.00,0.00,8.7,125.43,633.63,293.69,DESCEND
1.8238,-0.0018,-0.0616,0.2450,0.00961,-0.00095,0.00750,-5.00,0.00,0.00,8.8,125.43,633.63,293.63,DESCEND
1.8340,-0.0118,-0.2016,0.0950,0.02561,0.01104,0.00650,-5.00,0.00,0.00,8.8,125.44,633.64,293.59,DESCEND
1.8441,0.2481,-0.1216,0.1550,0.01661,0.00004,0.00550,-5.00,0.00,0.00,8.9,125.44,633.64,293.53,DESCEND
1.8542,0.0681,0.0483,0.1050,0.00961,0.00004,0.00450,-5.00,0.00,0.00,9.0,125.44,633.64,293.47,DESCEND
1.8643,-0.1118,-0.0816,0.3250,-0.00238,-0.00495,0.01050,-5.00,0.00,0.00,9.0,125.44,633.64,293.43,DESCEND
1.8745,-0.0518,0.1683,0.2050,-0.01338,-0.00795,0.00450,-5.00,0.00,0.00,9.1,125.44,633.64,293.37,DESCEND
1.8845,-0.0818,-0.0616,0.1250,-0.00338,-0.00095,0.00550,-5.00,0.00,0.00,9.1,125.44,633.65,293.33,DESCEND
1.8947,-0.1418,0.3183,-0.1949,-0.00238,0.00104,0.01350,-5.00,0.00,0.00,9.2,125.44,633.65,293.27,DESCEND
1.9048,-0.0018,-0.0416,0.2250,0.01561,0.00304,0.00450,-5.00,0.00,0.00,9.2,125.44,633.65,293.23,DESCEND
1.9149,0.0581,-0.2116,0.3450,0.01761,0.00904,0.00650,-5.00,0.00,0.00,9.3,125.44,633.65,293.17,DESCEND
1.9250,0.0281,0.0483,0.0050,-0.00038,-0.00495,0.00950,-5.00,0.00,0.00,9.3,125.44,633.65,293.13,DESCEND
1.9351,-0.1118,0.2683,0.0250,0.00561,0.00304,0.00650,-5.00,0.00,0.00,9.4,125.44,633.65,293.07,DESCEND
1.9452,0.0581,-0.1616,0.0150,0.00861,0.00404,0.00950,-5.00,0.00,0.00,9.4,125.44,633.66,293.03,DESCEND
1.9553,-0.1218,0.3183,-0.0449,-0.00438,-0.00895,0.00650,-5.00,0.00,0.00,9.5,125.44,633.66,292.97,DESCEND
1.9655,0.0881,-0.3116,0.3850,-0.00038,-0.00195,0.00850,-5.00,0.00,0.00,9.5,125.44,633.66,292.93,DESCEND
1.9756,-0.1418,0.0983,-0.1449,0.00261,-0.01395,0.00750,-5.00,0.00,0.00,9.6,125.44,633.66,292.87,DESCEND
1.9857,-0.1418,0.0383,0.3150,-0.00538,0.00204,0.00650,-5.00,0.00,0.00,9.6,125.44,633.66,292.83,DESCEND
1.9958,-0.0418,-0.0116,0.1650,0.00461,-0.00395,0.00850,-5.00,0.00,0.00,9.7,125.44,633.67,292.77,DESCEND
2.0058,-0.1118,0.0583,0.0350,-0.01138,-0.01095,0.00750,-5.00,0.00,0.00,9.7,125.44,633.67,292.73,DESCEND
2.0159,0.1081,0.1583,-0.0549,0.00361,-0.00695,0.00750,-5.00,0.00,0.00,9.8,125.44,633.67,292.67,DESCEND
2.0260,-0.1218,0.0283,0.2150,-0.02238,-0.00795,0.00450,-5.00,0.00,0.00,9.8,125.44,633.67,292.63,DESCEND
2.0362,0.1981,0.0883,-0.1749,0.01361,-0.00795,0.00550,-5.00,0.00,0.00,9.9,125.44,633.67,292.57,DESCEND
2.0463,-0.1518,0.1083,0.0950,0.00561,0.00204,0.00650,-5.00,0.00,0.00,9.9,125.44,633.67,292.53,DESCEND
2.0564,-0.1118,0.0283,-0.0449,0.00061,-0.00195,0.00550,-5.00,0.00,0.00,10.0,125.44,633.68,292.47,DESCEND
2.0664,0.0881,-0.1716,0.3050,0.00661,-0.00295,0.00550,-5.00,0.00,0.00,10.0,125.44,633.68,292.41,DESCEND
2.0765,-0.0818,-0.4016,0.5850,-0.00038,0.00704,0.00650,-5.00,0.00,0.00,10.1,125.44,633.68,292.37,DESCEND
2.0866,0.0681,0.0483,-0.0449,-0.01438,-0.01695,0.00650,-5.00,0.00,0.00,10.1,125.44,633.68,292.31,DESCEND
2.0967,-0.0418,0.4583,-0.0549,-0.00238,-0.00695,0.01150,-5.00,0.00,0.00,10.2,125.44,633.68,292.27,DESCEND
2.1068,-0.1618,0.1583,-0.1049,-0.02138,-0.01695,0.00950,-5.00,0.00,0.00,10.2,125.44,633.69,292.21,DESCEND
2.1170,0.0681,-0.2016,0.2150,0.01961,0.00304,0.00550,-5.00,0.00,0.00,10.3,125.44,633.69,292.17,DESCEND
2.1271,0.0381,0.2183,-0.1249,-0.00038,-0.00095,0.00850,-5.00,0.00,0.00,10.3,125.44,633.69,292.11,DESCEND
2.1371,0.0881,-0.0016,0.2850,-0.00538,-0.01195,0.00850,-5.00,0.00,0.00,10.4,125.44,633.69,292.07,DESCEND
2.1473,0.0981,-0.3716,0.4250,0.01861,0.00704,0.00450,-5.00,0.00,0.00,10.4,125.44,633.69,292.01,DESCEND
2.1573,-0.0718,-0.0416,0.2050,-0.00538,-0.00195,0.00650,-5.00,0.00,0.00,10.5,125.44,633.70,291.97,DESCEND
2.1674,0.0581,0.0983,0.1550,-0.00638,-0.01095,0.00550,-5.00,0.00,0.00,10.5,125.44,633.70,291.91,DESCEND
2.1775,0.0381,0.1883,-0.0549,-0.00138,-0.00995,0.00950,-5.00,0.00,0.00,10.6,125.44,633.70,291.87,DESCEND
2.1876,0.2181,-0.0316,0.2050,0.00061,-0.00695,0.00450,-5.00,0.00,0.00,10.6,125.44,633.70,291.81,DESCEND
2.1977,0.2181,0.0883,0.1250,0.00961,-0.00895,0.00650,-5.00,0.00,0.00,10.7,125.44,633.70,291.77,DESCEND
2.2078,0.0981,-0.1916,0.1750,0.00661,0.00304,0.00450,-5.00,0.00,0.00,10.7,125.44,633.70,291.71,DESCEND
2.2179,0.2681,0.1283,-0.2249,0.01461,-0.00495,0.00550,-5.00,0.00,0.00,10.8,125.44,633.71,291.67,DESCEND
2.2281,0.0881,0.0983,-0.0549,0.00061,-0.01795,0.00850,-5.00,0.00,0.00,10.8,125.44,633.71,291.61,DESCEND
2.2382,0.2381,-0.0516,-0.0649,0.01461,-0.00995,0.00550,-5.00,0.00,0.00,10.9,125.44,633.71,291.57,DESCEND
2.2483,-0.0318,0.1483,0.0650,-0.00338,-0.00595,0.00750,-5.00,0.00,0.00,10.9,125.44,633.71,291.51,DESCEND
2.2584,-0.1918,0.3283,-0.5049,-0.02838,-0.01495,0.01250,-5.00,0.00,0.00,11.0,125.44,633.71,291.45,DESCEND
2.2685,0.0081,0.2583,-0.0349,0.00861,-0.00895,0.00850,-5.00,0.00,0.00,11.0,125.44,633.72,291.41,DESCEND
2.2786,-0.1418,-0.0616,0.1550,-0.01338,-0.00995,0.00850,-5.00,0.00,0.00,11.1,125.44,633.72,291.35,DESCEND
2.2887,0.0281,0.1483,-0.0549,0.01261,-0.00395,0.00650,-5.00,0.00,0.00,11.1,125.44,633.72,291.31,DESCEND
2.2988,0.1181,-0.1116,0.0550,0.01761,-0.00095,0.00550,-5.00,0.00,0.00,11.2,125.44,633.72,291.25,DESCEND
2.3089,-0.0818,0.3683,-0.2349,-0.00238,-0.01295,0.01250,-5.00,0.00,0.00,11.2,125.44,633.72,291.21,DESCEND
2.3190,0.1081,0.0883,-0.0549,-0.00938,-0.01295,0.00250,-5.00,0.00,0.00,11.3,125.44,633.73,291.15,DESCEND
2.3291,0.0581,-0.2616,0.5850,0.01261,0.00604,0.00450,-5.00,0.00,0.00,11.3,125.44,633.73,291.11,DESCEND
2.3392,-0.1118,0.2183,0.1650,-0.00238,0.00904,0.00950,-5.00,0.00,0.00,11.4,125.44,633.73,291.05,DESCEND
2.3493,0.1781,0.1483,-0.1249,0.00061,-0.00595,0.00650,-5.00,0.00,0.00,11.4,125.44,633.73,291.01,DESCEND
2.3594,-0.0818,0.2983,0.0050,-0.00838,-0.00495,0.00950,-5.00,0.00,0.00,11.5,125.44,633.73,290.95,DESCEND
2.3695,0.1081,-0.0816,0.1750,0.01161,0.00004,0.00550,-5.00,0.00,0.00,11.5,125.44,633.73,290.91,DESCEND
2.3795,0.2381,-0.0616,0.0150,0.00361,-0.00795,0.00850,-5.00,0.00,0.00,11.6,125.44,633.74,290.85,DESCEND
2.3896,0.1881,-0.3216,0.0350,0.01361,-0.00495,0.00450,-5.00,0.00,0.00,11.6,125.44,633.74,290.81,DESCEND
2.3997,-0.0718,0.0983,0.1750,-0.01338,-0.00995,0.00950,-5.00,0.00,0.00,11.7,125.44,633.74,290.75,DESCEND
2.4098,-0.0218,0.1083,-0.0549,-0.01738,-0.01995,0.00750,-5.00,0.00,0.00,11.7,125.44,633.74,290.71,DESCEND
2.4199,0.0881,0.2183,0.1050,0.01261,0.00404,0.01250,-5.00,0.00,0.00,11.8,125.44,633.74,290.65,DESCEND
2.4300,0.0281,-0.1716,0.1450,0.00161,-0.01195,0.00850,-5.00,0.00,0.00,11.8,125.44,633.75,290.61,DESCEND
2.4401,0.1481,-0.1116,0.0250,0.02461,-0.00395,0.00550,-5.00,0.00,0.00,11.9,125.44,633.75,290.55,DESCEND
2.4502,-0.1318,0.0683,0.0250,-0.01138,-0.00395,0.00750,-5.00,0.00,0.00,11.9,125.44,633.75,290.51,DESCEND
2.4603,0.0781,0.0883,0.1250,-0.00338,0.00104,0.01050,-5.00,0.00,0.00,12.0,125.45,633.75,290.45,DESCEND
2.4705,0.0181,0.1183,0.1250,-0.00038,-0.01195,0.00650,-5.00,0.00,0.00,12.0,125.45,633.75,290.39,DESCEND
2.4806,-0.2318,0.5783,-0.2849,-0.01838,-0.00495,0.00850,-5.00,0.00,0.00,12.1,125.45,633.75,290.35,DESCEND
2.4907,-0.0318,-0.3216,0.3750,-0.00138,0.01404,0.00550,-5.00,0.00,0.00,12.1,125.45,633.76,290.29,DESCEND
2.5008,0.0681,-0.1416,0.0950,0.01461,-0.00395,0.00950,-5.00,0.00,0.00,12.2,125.45,633.76,290.25,DESCEND
2.5109,0.1181,0.0483,0.1150,-0.00638,-0.01495,0.00450,-5.00,0.00,0.00,12.2,125.45,633.76,290.19,DESCEND
2.5209,-0.0318,-0.2316,0.1050,-0.00338,0.00004,0.00650,-5.00,0.00,0.00,12.3,125.45,633.76,290.15,DESCEND
2.5310,0.0081,-0.0116,0.2050,0.00961,0.00404,0.00450,-5.00,0.00,0.00,12.3,125.45,633.76,290.09,DESCEND
2.5412,-0.0118,0.1483,-0.0649,0.00261,-0.00795,0.01250,-5.00,0.00,0.00,12.4,125.45,633.77,290.05,DESCEND
2.5513,-0.1418,0.0683,-0.0249,-0.01138,0.00004,0.00550,-5.00,0.00,0.00,12.4,125.45,633.77,289.99,DESCEND
2.5614,0.1981,-0.0616,0.1950,0.00661,-0.00795,0.00450,-5.00,0.00,0.00,12.5,125.45,633.77,289.95,DESCEND
2.5715,0.2081,0.0083,0.1250,0.00061,-0.01395,0.00750,-5.00,0.00,0.00,12.5,125.45,633.77,289.89,DESCEND
2.5816,0.1081,0.1983,0.1050,-0.00738,-0.00795,0.00850,-5.00,0.00,0.00,12.6,125.45,633.77,289.85,DESCEND
2.5916,0.0981,-0.0416,0.1050,-0.00438,-0.00295,0.00650,-5.00,0.00,0.00,12.6,125.45,633.78,289.79,DESCEND
2.6017,0.0581,-0.0016,0.3150,-0.00138,0.00104,0.00450,-5.00,0.00,0.00,12.7,125.45,633.78,289.75,DESCEND
2.6118,0.0681,-0.2616,0.1850,0.00361,0.00204,0.00550,-5.00,0.00,0.00,12.7,125.45,633.78,289.69,DESCEND
2.6219,-0.0218,0.1883,0.3650,0.02461,0.01204,0.01150,-5.00,0.00,0.00,12.8,125.45,633.78,289.65,DESCEND
2.6320,-0.2918,-0.0816,0.2250,-0.00038,0.00204,0.00950,-5.00,0.00,0.00,12.8,125.45,633.78,289.59,DESCEND
2.6421,0.1781,0.3583,-0.2449,-0.00038,-0.01595,0.00950,-5.00,0.00,0.00,12.9,125.45,633.78,289.55,DESCEND
2.6522,0.0481,0.2083,0.2350,-0.00738,-0.00095,0.01050,-5.00,0.00,0.00,12.9,125.45,633.79,289.49,DESCEND
2.6623,-0.0618,-0.1416,0.3850,0.00061,-0.00195,0.00750,-5.00,0.00,0.00,13.0,125.45,633.79,289.43,DESCEND
2.6724,-0.0418,0.2383,-0.1549,0.00761,-0.00195,0.00850,-5.00,0.00,0.00,13.0,125.45,633.79,289.39,DESCEND
2.6825,-0.0018,-0.1916,0.2350,0.01161,0.00804,0.00750,-5.00,0.00,0.00,13.1,125.45,633.79,289.33,DESCEND
2.6926,-0.1718,0.2683,0.2450,-0.01138,-0.01295,0.00750,-5.00,0.00,0.00,13.1,125.45,633.79,289.29,DESCEND
2.7027,-0.0418,0.1383,0.1850,0.00061,-0.00095,0.00850,-5.00,0.00,0.00,13.2,125.45,633.80,289.23,DESCEND
2.7128,0.0381,-0.3616,0.3850,0.00261,-0.00395,0.00250,-5.00,0.00,0.00,13.2,125.45,633.80,289.19,DESCEND
2.7228,-0.1318,0.3883,-0.3149,-0.02338,-0.01095,0.01250,-5.00,0.00,0.00,13.3,125.45,633.80,289.13,DESCEND
2.7329,-0.0818,0.1483,0.0950,0.01361,0.00604,0.00850,-5.00,0.00,0.00,13.3,125.45,633.80,289.09,DESCEND
2.7430,-0.0618,0.2983,-0.0649,-0.01038,-0.00595,0.00550,-5.00,0.00,0.00,13.4,125.45,633.80,289.03,DESCEND
2.7531,0.0981,0.2283,-0.0149,0.00861,-0.00095,0.00950,-5.00,0.00,0.00,13.4,125.45,633.80,288.99,DESCEND
2.7632,-0.0118,-0.2616,0.3550,0.00561,0.00104,0.00750,-5.00,0.00,0.00,13.5,125.45,633.81,288.93,DESCEND
2.7733,-0.0518,-0.0816,0.3050,0.00961,0.00304,0.00650,-5.00,0.00,0.00,13.5,125.45,633.81,288.89,DESCEND
2.7834,0.1681,0.0183,-0.0049,0.00861,-0.01095,0.01150,-5.00,0.00,0.00,13.6,125.45,633.81,288.83,DESCEND
2.7935,0.0781,0.1983,0.0350,0.02161,0.00504,0.01050,-5.00,0.00,0.00,13.6,125.45,633.81,288.79,DESCEND
2.8036,-0.0918,0.2383,-0.0349,0.00561,-0.00495,0.01150,-5.00,0.00,0.00,13.7,125.45,633.81,288.73,DESCEND
2.8138,-0.0818,-0.0416,0.2150,-0.01138,-0.00695,0.00650,-5.00,0.00,0.00,13.7,125.45,633.82,288.69,DESCEND
2.8239,0.0281,0.0283,0.2450,-0.00438,0.00504,0.00750,-5.00,0.00,0.00,13.8,125.45,633.82,288.63,DESCEND
2.8340,-0.2018,-0.1616,0.5350,0.00361,0.00704,0.01050,-5.00,0.00,0.00,13.8,125.45,633.82,288.59,DESCEND
2.8440,0.1481,0.0883,0.4150,0.00861,-0.00395,0.00550,-5.00,0.00,0.00,13.9,125.45,633.82,288.53,DESCEND
2.8542,0.0981,0.3183,0.1250,-0.00038,0.00704,0.00550,-5.00,0.00,0.00,13.9,125.45,633.82,288.49,DESCEND
2.8642,0.2381,-0.1516,0.2650,0.02461,0.00304,0.01050,-5.00,0.00,0.00,14.0,125.45,633.83,288.43,DESCEND
2.8743,0.0681,-0.0016,-0.2149,0.01161,0.00104,0.00350,-5.00,0.00,0.00,14.0,125.45,633.83,288.37,DESCEND
2.8844,-0.0418,0.0383,0.2950,-0.00338,0.00304,0.00750,-5.00,0.00,0.00,14.1,125.45,633.83,288.33,DESCEND
2.8945,-0.0318,-0.0716,0.2250,-0.00038,-0.00595,0.00950,-5.00,0.00,0.00,14.1,125.45,633.83,288.27,DESCEND
2.9046,-0.2018,0.1883,0.0750,-0.00038,0.00304,0.01050,-5.00,0.00,0.00,14.2,125.45,633.83,288.23,DESCEND
2.9147,0.0481,-0.1616,0.1750,0.00861,0.00304,0.00750,-5.00,0.00,0.00,14.2,125.45,633.84,288.17,DESCEND
2.9248,-0.2218,0.2783,-0.0649,-0.02238,-0.00495,0.00850,-5.00,0.00,0.00,14.3,125.45,633.84,288.13,DESCEND
2.9349,0.1281,0.2683,-0.0749,0.00361,-0.00695,0.00750,-5.00,0.00,0.00,14.3,125.45,633.84,288.07,DESCEND
2.9450,-0.1018,0.2283,-0.1849,-0.01238,-0.01595,0.01250,-5.00,0.00,0.00,14.4,125.45,633.84,288.03,DESCEND
2.9551,-0.0818,0.1383,-0.0249,-0.00938,-0.01295,0.01050,-5.00,0.00,0.00,14.4,125.45,633.84,287.97,DESCEND
2.9652,0.0881,0.1583,0.2250,-0.01638,-0.00995,0.00950,-5.00,0.00,0.00,14.5,125.45,633.84,287.93,DESCEND
2.9753,0.0681,0.0683,-0.0049,-0.01038,-0.00895,0.00550,-5.00,0.00,0.00,14.5,125.45,633.85,287.87,DESCEND
2.9854,0.0781,0.0283,0.2550,0.00861,0.00404,0.00950,-5.00,0.00,0.00,14.6,125.45,633.85,287.83,DESCEND
2.9955,-0.1318,0.2783,0.0450,0.00761,0.00704,0.01550,-5.00,0.00,0.00,14.6,125.45,633.85,287.77,DESCEND
3.0056,-0.1518,0.2583,-0.1649,-0.01438,-0.01395,0.01150,-5.00,0.00,0.00,14.7,125.45,633.85,287.73,DESCEND
3.0158,0.2381,0.0783,0.1750,0.03261,0.01004,0.00750,-5.00,0.00,0.00,14.7,125.45,633.85,287.67,DESCEND
3.0258,-0.0018,0.1683,0.2050,0.00161,-0.00395,0.00850,-5.00,0.00,0.00,14.8,125.45,633.86,287.63,DESCEND
3.0359,0.0181,0.1283,-0.0349,0.01061,-0.00095,0.01150,-5.00,0.00,0.00,14.8,125.45,633.86,287.57,DESCEND
3.0460,-0.3118,0.0183,0.6350,-0.01438,0.00804,0.01250,-5.00,0.00,0.00,14.9,125.45,633.86,287.53,DESCEND
3.0561,-0.0518,-0.2416,0.1150,-0.00038,-0.00095,0.00650,-5.00,0.00,0.00,14.9,125.45,633.86,287.47,DESCEND
3.0662,0.1381,-0.0416,-0.0649,0.00861,-0.00295,0.00850,-5.00,0.00,0.00,15.0,125.45,633.86,287.43,DESCEND
3.0763,0.0681,0.2283,-0.4949,-0.00538,-0.01195,0.01150,-5.00,0.00,0.00,15.0,125.45,633.86,287.37,DESCEND
3.0864,0.1381,-0.0116,0.0350,0.00161,-0.00195,0.00250,-5.00,0.00,0.00,15.1,125.46,633.87,287.31,DESCEND
3.0965,0.0781,-0.1416,0.3250,0.00461,-0.00195,0.01050,-5.00,0.00,0.00,15.1,125.46,633.87,287.27,DESCEND
3.1066,0.1081,0.3083,0.0850,0.00361,-0.00495,0.00950,-5.00,0.00,0.00,15.2,125.46,633.87,287.21,DESCEND
3.1167,0.0181,-0.2616,0.2750,0.00461,0.00604,0.00550,-5.00,0.00,0.00,15.2,125.46,633.87,287.17,DESCEND
3.1268,-0.0618,-0.1316,0.3150,-0.00538,0.00104,0.00850,-5.00,0.00,0.00,15.3,125.46,633.87,287.11,DESCEND
3.1369,0.2281,0.0183,0.3750,-0.00038,-0.01595,0.00450,-5.00,0.00,0.00,15.3,125.46,633.88,287.07,DESCEND
3.1471,0.1481,0.2383,-0.1849,0.00861,-0.00995,0.00950,-5.00,0.00,0.00,15.4,125.46,633.88,287.01,DESCEND
3.1572,-0.1318,0.1083,0.1350,-0.00938,-0.00595,0.01050,-5.00,0.00,0.00,15.4,125.46,633.88,286.97,DESCEND
3.1673,-0.0618,0.1883,-0.2349,-0.00338,-0.01195,0.00750,-5.00,0.00,0.00,15.5,125.46,633.88,286.91,DESCEND
3.1774,0.0981,0.1883,-0.0449,-0.00438,-0.01195,0.01050,-5.00,0.00,0.00,15.5,125.46,633.88,286.87,DESCEND
3.1875,-0.0118,0.1783,-0.1349,-0.00638,-0.00195,0.00850,-5.00,0.00,0.00,15.6,125.46,633.89,286.81,DESCEND
3.1975,-0.0418,-0.2216,0.3850,0.01061,0.00404,0.00650,-5.00,0.00,0.00,15.6,125.46,633.89,286.77,DESCEND
3.2076,0.0681,0.1483,0.0650,0.01861,0.01204,0.01050,-5.00,0.00,0.00,15.7,125.46,633.89,286.71,DESCEND
3.2177,0.1081,-0.3116,0.1950,0.01761,0.00104,0.00550,-5.00,0.00,0.00,15.7,125.46,633.89,286.67,DESCEND
3.2278,0.0881,-0.0916,0.0850,-0.00138,-0.00895,0.00650,-5.00,0.00,0.00,15.8,125.46,633.89,286.61,DESCEND
3.2380,-0.0618,-0.1216,0.2150,0.00561,0.00504,0.01150,-5.00,0.00,0.00,15.8,125.46,633.89,286.57,DESCEND
3.2481,0.0481,-0.0116,0.1950,0.00661,-0.00395,0.00850,-5.00,0.00,0.00,15.9,125.46,633.90,286.51,DESCEND
3.2582,0.0781,0.0583,0.0050,0.00161,-0.00695,0.01050,-5.00,0.00,0.00,15.9,125.46,633.90,286.47,DESCEND
3.2683,0.0681,0.1183,0.1250,-0.01238,-0.02095,0.01050,-5.00,0.00,0.00,16.0,125.46,633.90,286.41,DESCEND
3.2783,-0.1518,-0.1216,0.3550,-0.01938,-0.00095,0.00550,-5.00,0.00,0.00,16.1,125.46,633.90,286.35,DESCEND
3.2884,-0.0118,-0.0916,0.0650,0.01261,0.00604,0.00950,-5.00,0.00,0.00,16.1,125.46,633.90,286.31,DESCEND
3.2985,0.0781,0.1283,0.1850,0.00361,0.00404,0.00750,-5.00,0.00,0.00,16.2,125.46,633.91,286.25,DESCEND
3.3086,-0.0418,0.1483,0.1550,-0.00738,-0.00595,0.00950,-5.00,0.00,0.00,16.2,125.46,633.91,286.21,DESCEND
3.3187,0.1281,0.0283,-0.1149,0.00261,-0.00795,0.00550,-5.00,0.00,0.00,16.3,125.46,633.91,286.15,DESCEND
3.3288,-0.1218,0.1983,0.2650,0.01761,0.01504,0.01150,-5.00,0.00,0.00,16.3,125.46,633.91,286.11,DESCEND
3.3390,0.0181,0.2883,-0.2149,-0.00338,-0.01295,0.01250,-5.00,0.00,0.00,16.4,125.46,633.91,286.05,DESCEND
3.3491,0.1281,-0.0216,0.2350,0.01561,0.00504,0.01050,-5.00,0.00,0.00,16.4,125.46,633.91,286.01,DESCEND
3.3592,-0.0618,0.0183,0.1250,-0.00038,-0.00195,0.01050,-5.00,0.00,0.00,16.5,125.46,633.92,285.95,DESCEND
3.3693,-0.0318,0.0883,0.0050,-0.00138,-0.01395,0.01250,-5.00,0.00,0.00,16.5,125.46,633.92,285.91,DESCEND
3.3793,-0.1618,0.3383,-0.0649,-0.00738,-0.00495,0.00950,-5.00,0.00,0.00,16.6,125.46,633.92,285.85,DESCEND
3.3895,-0.0618,0.0883,0.1750,0.00561,0.00004,0.00850,-5.00,0.00,0.00,16.6,125.46,633.92,285.81,DESCEND
3.3996,-0.0118,-0.0816,0.2850,0.00161,0.00404,0.00950,-5.00,0.00,0.00,16.7,125.46,633.92,285.75,DESCEND
3.4097,0.0981,0.1183,0.2950,-0.00138,0.00204,0.01050,-5.00,0.00,0.00,16.7,125.46,633.93,285.71,DESCEND
3.4198,0.0681,0.0183,0.3450,0.00461,-0.00895,0.01150,-5.00,0.00,0.00,16.8,125.46,633.93,285.66,DESCEND
3.4299,0.0181,0.3183,0.2750,0.00461,-0.00095,0.00650,-5.00,0.00,0.00,16.8,125.46,633.93,285.62,DESCEND
3.4400,0.0981,0.3483,0.0450,0.00461,0.00304,0.00950,-5.00,0.00,0.00,16.9,125.46,633.93,285.56,DESCEND
3.4501,-0.0818,-0.1316,0.1650,-0.00038,-0.00595,0.01150,-5.00,0.00,0.00,16.9,125.46,633.93,285.52,DESCEND
3.4602,-0.0518,0.4683,-0.1349,0.00361,0.00004,0.01050,-5.00,0.00,0.00,17.0,125.46,633.94,285.46,DESCEND
3.4703,-0.2418,-0.3216,0.4950,0.00361,0.00904,0.00550,-5.00,0.00,0.00,17.0,125.46,633.94,285.40,DESCEND
3.4803,0.1981,0.4783,-0.3249,0.01261,-0.01295,0.01250,-5.00,0.00,0.00,17.1,125.46,633.94,285.36,DESCEND
3.4904,-0.1118,0.0283,0.2150,-0.00538,0.00104,0.01050,-5.00,0.00,0.00,17.1,125.46,633.94,285.30,DESCEND
3.5005,0.0281,0.1683,0.0450,0.00961,0.00704,0.01250,-5.00,0.00,0.00,17.2,125.46,633.94,285.26,DESCEND
3.5106,0.0681,0.0883,0.2050,0.00461,0.00104,0.00850,-5.00,0.00,0.00,17.2,125.46,633.95,285.20,DESCEND
3.5208,-0.0318,0.0283,0.2150,-0.00638,-0.00195,0.01050,-5.00,0.00,0.00,17.3,125.46,633.95,285.16,DESCEND
3.5309,0.1981,0.1583,-0.0549,0.01961,0.00604,0.00850,-5.00,0.00,0.00,17.3,125.46,633.95,285.10,DESCEND
3.5409,0.0781,0.2083,0.0050,0.00261,-0.00395,0.00850,-5.00,0.00,0.00,17.4,125.46,633.95,285.06,DESCEND
3.5510,0.1481,0.2983,-0.0149,0.01161,-0.00395,0.01150,-5.00,0.00,0.00,17.4,125.46,633.95,285.00,DESCEND
3.5611,-0.0018,0.1283,0.2850,0.00861,0.00404,0.00550,-5.00,0.00,0.00,17.5,125.46,633.95,284.96,DESCEND
3.5713,-0.0518,0.3483,-0.2449,0.02261,0.00804,0.01350,-5.00,0.00,0.00,17.5,125.46,633.96,284.90,DESCEND
3.5814,0.0081,0.0383,0.2450,-0.00038,-0.00295,0.00650,-5.00,0.00,0.00,17.6,125.46,633.96,284.86,DESCEND
3.5915,-0.1118,-0.1216,0.4950,0.00061,0.00804,0.00650,-5.00,0.00,0.00,17.6,125.46,633.96,284.80,DESCEND
3.6016,0.1281,0.0983,0.0050,0.01061,-0.00795,0.01050,-5.00,0.00,0.00,17.7,125.46,633.96,284.76,DESCEND
3.6117,0.0481,0.0083,0.4150,-0.01238,-0.01195,0.00850,-5.00,0.00,0.00,17.7,125.46,633.96,284.70,DESCEND
3.6221,0.0981,-0.0416,0.1850,-0.00138,-0.00695,0.00950,-5.00,0.00,0.00,17.8,125.46,633.96,284.66,DESCEND
3.6322,-0.0718,0.3083,0.0550,-0.00238,-0.00195,0.01250,-5.00,0.00,0.00,17.8,125.46,633.97,284.60,DESCEND
3.6423,-0.0418,0.0983,0.3150,-0.00838,-0.00695,0.01250,-5.00,0.00,0.00,17.9,125.46,633.97,284.54,DESCEND
3.6524,-0.0418,0.0083,0.2850,0.00061,-0.00295,0.00950,-5.00,0.00,0.00,17.9,125.46,633.97,284.50,DESCEND
3.6625,-0.1518,0.3683,0.0550,-0.00338,-0.00295,0.01150,-5.00,0.00,0.00,18.0,125.46,633.97,284.44,DESCEND
3.6726,-0.0918,0.1783,-0.0549,-0.01338,-0.00095,0.01150,-5.00,0.00,0.00,18.0,125.46,633.97,284.40,DESCEND
3.6827,0.0781,-0.0416,-0.0149,0.00861,-0.00595,0.00850,-5.00,0.00,0.00,18.1,125.46,633.98,284.34,DESCEND
3.6928,-0.0618,0.3383,-0.1849,0.01161,-0.00195,0.01050,-5.00,0.00,0.00,18.1,125.46,633.98,284.30,DESCEND
3.7029,0.1881,-0.1416,0.3250,0.01661,-0.00195,0.00650,-5.00,0.00,0.00,18.2,125.46,633.98,284.24,DESCEND
3.7129,-0.2118,0.2783,0.0750,0.01361,0.00304,0.01450,-5.00,0.00,0.00,18.2,125.46,633.98,284.20,DESCEND
3.7231,0.1881,0.1383,0.1550,0.00761,0.00004,0.00650,-5.00,0.00,0.00,18.3,125.46,633.98,284.14,DESCEND
3.7331,-0.1818,0.0483,0.0850,-0.00838,-0.00595,0.01550,-5.00,0.00,0.00,18.3,125.47,633.99,284.10,DESCEND
3.7432,-0.0418,-0.3016,0.2950,-0.00538,-0.00495,0.00650,-5.00,0.00,0.00,18.4,125.47,633.99,284.04,DESCEND
3.7534,0.0581,0.3283,0.1050,0.01661,0.00904,0.01250,-5.00,0.00,0.00,18.4,125.47,633.99,284.00,DESCEND
3.7634,0.0981,-0.2016,0.3150,0.00061,-0.00495,0.00950,-5.00,0.00,0.00,18.5,125.47,633.99,283.94,DESCEND
3.7735,0.0281,-0.0616,0.1550,-0.00338,-0.00895,0.00750,-5.00,0.00,0.00,18.5,125.47,633.99,283.90,DESCEND
3.7836,-0.0818,0.0883,0.1450,-0.01138,-0.00295,0.01050,-5.00,0.00,0.00,18.6,125.47,634.00,283.84,DESCEND
3.7937,0.0881,0.3383,-0.0449,0.00661,-0.00995,0.01250,-5.00,0.00,0.00,18.6,125.47,634.00,283.80,DESCEND
3.8038,0.0181,-0.0016,0.3750,0.00361,0.00504,0.00750,-5.00,0.00,0.00,18.7,125.47,634.00,283.74,DESCEND
3.8139,-0.1818,0.5783,-0.1949,0.00561,-0.00995,0.01450,-5.00,0.00,0.00,18.7,125.47,634.00,283.70,DESCEND
3.8240,-0.0418,-0.1116,0.5650,0.00861,0.00604,0.00750,-5.00,0.00,0.00,18.8,125.47,634.00,283.64,DESCEND
3.8341,0.1581,0.2383,-0.3049,-0.00338,-0.01095,0.00950,-5.00,0.00,0.00,18.8,125.47,634.00,283.60,DESCEND
3.8442,-0.0218,0.0983,0.0750,0.00061,-0.00495,0.00750,-5.00,0.00,0.00,18.9,125.47,634.01,283.54,DESCEND
3.8543,0.3181,0.0583,0.1850,0.00261,-0.00695,0.00850,-5.00,0.00,0.00,18.9,125.47,634.01,283.48,DESCEND
3.8644,-0.0318,0.0783,0.0750,-0.00738,-0.00395,0.01050,-5.00,0.00,0.00,19.0,125.47,634.01,283.44,DESCEND
3.8745,-0.2118,0.1483,0.2550,-0.00738,-0.00195,0.00750,-5.00,0.00,0.00,19.0,125.47,634.01,283.38,DESCEND
3.8846,-0.1918,-0.4416,0.5350,0.00861,0.01304,0.00450,-5.00,0.00,0.00,19.1,125.47,634.01,283.34,DESCEND
3.8947,0.0881,0.0683,0.0650,0.00561,-0.00295,0.00950,-5.00,0.00,0.00,19.1,125.47,634.02,283.28,DESCEND
3.9048,-0.1518,0.3883,-0.3249,-0.01538,-0.01495,0.01050,-5.00,0.00,0.00,19.2,125.47,634.02,283.24,DESCEND
3.9149,0.0681,-0.1616,0.2450,0.01361,0.00404,0.00850,-5.00,0.00,0.00,19.2,125.47,634.02,283.18,DESCEND
3.9250,0.0581,0.0383,-0.1349,-0.00338,-0.01395,0.00750,-5.00,0.00,0.00,19.3,125.47,634.02,283.14,DESCEND
3.9351,0.1581,0.1183,-0.1349,-0.00238,-0.01795,0.01250,-5.00,0.00,0.00,19.3,125.47,634.02,283.08,DESCEND
3.9452,0.1081,0.3683,0.0050,0.00761,-0.01395,0.01050,-5.00,0.00,0.00,19.4,125.47,634.02,283.04,DESCEND
3.9553,0.0581,0.3083,-0.2149,0.01561,-0.00295,0.01050,-5.00,0.00,0.00,19.4,125.47,634.03,282.98,DESCEND
3.9654,-0.1318,0.3083,0.0350,-0.00138,-0.00595,0.00950,-5.00,0.00,0.00,19.5,125.47,634.03,282.94,DESCEND
3.9755,-0.1218,-0.1516,0.2750,-0.00438,-0.00095,0.01050,-5.00,0.00,0.00,19.5,125.47,634.03,282.88,DESCEND
3.9856,-0.0018,0.4483,-0.3049,-0.00338,-0.00595,0.01250,-5.00,0.00,0.00,19.6,125.47,634.03,282.84,DESCEND
3.9957,0.0681,0.0383,-0.0349,0.00761,-0.00495,0.01050,-5.00,0.00,0.00,19.6,125.47,634.03,282.78,DESCEND
4.0058,-0.0218,0.2883,-0.0149,0.00561,-0.00095,0.00950,-5.00,0.00,0.00,19.7,125.47,634.04,282.74,DESCEND
4.0159,-0.0818,0.1683,0.1350,-0.00738,-0.00295,0.01050,-5.00,0.00,0.00,19.7,125.47,634.04,282.68,DESCEND
4.0260,0.0581,0.2583,-0.1549,0.01061,-0.00495,0.01150,-5.00,0.00,0.00,19.8,125.47,634.04,282.64,DESCEND
4.0361,-0.0518,0.1083,0.2750,-0.00938,-0.00495,0.00550,-5.00,0.00,0.00,19.8,125.47,634.04,282.58,DESCEND
4.0462,0.0281,0.0583,0.0750,-0.00538,-0.01195,0.01150,-5.00,0.00,0.00,19.9,125.47,634.04,282.54,DESCEND
4.0563,-0.0918,0.3483,-0.0749,0.00261,-0.00795,0.01450,-5.00,0.00,0.00,19.9,125.47,634.05,282.48,DESCEND
4.0664,-0.0218,0.2083,-0.2849,-0.00138,-0.00495,0.01350,-5.00,0.00,0.00,20.0,125.47,634.05,282.42,DESCEND
4.0765,0.0281,-0.0016,0.2950,0.01961,0.01004,0.00850,-5.00,0.00,0.00,20.0,125.47,634.05,282.38,DESCEND
4.0866,-0.0618,0.2583,0.0650,-0.00038,-0.00295,0.01050,-5.00,0.00,0.00,20.1,125.47,634.05,282.32,DESCEND
4.0967,-0.1218,-0.1816,0.2650,-0.01038,-0.00295,0.00750,-5.00,0.00,0.00,20.1,125.47,634.05,282.28,DESCEND
4.1068,0.2581,0.0083,0.0750,0.01361,0.00104,0.01050,-5.00,0.00,0.00,20.2,125.47,634.05,282.22,DESCEND
4.1169,0.0381,0.0683,0.2450,0.00361,0.00004,0.00850,-5.00,0.00,0.00,20.2,125.47,634.06,282.18,DESCEND
4.1270,-0.1318,0.0383,0.1150,-0.00138,-0.00395,0.01050,-5.00,0.00,0.00,20.3,125.47,634.06,282.12,DESCEND
4.1371,0.0981,0.0283,0.2450,0.00961,0.00004,0.00850,-5.00,0.00,0.00,20.3,125.47,634.06,282.08,DESCEND
4.1472,0.1881,-0.0616,0.3050,0.00461,0.00304,0.00650,-5.00,0.00,0.00,20.4,125.47,634.06,282.02,DESCEND
4.1573,0.1281,0.2583,-0.1849,0.01261,-0.00595,0.01150,-5.00,0.00,0.00,20.4,125.47,634.06,281.98,DESCEND
4.1674,-0.1918,0.2383,0.1550,-0.01638,-0.00695,0.01450,-5.00,0.00,0.00,20.5,125.47,634.07,281.92,DESCEND
4.1775,0.0981,-0.1016,0.1850,0.01461,-0.00295,0.00850,-5.00,0.00,0.00,20.5,125.47,634.07,281.88,DESCEND
4.1876,0.0681,-0.0116,0.4550,0.00261,0.00004,0.01050,-5.00,0.00,0.00,20.6,125.47,634.07,281.82,DESCEND
4.1977,-0.0118,0.1683,-0.0349,-0.00538,-0.00695,0.00950,-5.00,0.00,0.00,20.6,125.47,634.07,281.78,DESCEND
4.2078,-0.1318,0.2283,-0.1249,-0.00938,-0.01395,0.01450,-5.00,0.00,0.00,20.7,125.47,634.07,281.72,DESCEND
4.2179,0.0881,-0.1616,0.2750,0.01261,0.00304,0.00850,-5.00,0.00,0.00,20.7,125.47,634.07,281.68,DESCEND
4.2280,0.0281,0.3383,-0.1249,0.00761,-0.00595,0.01050,-5.00,0.00,0.00,20.8,125.47,634.08,281.62,DESCEND
4.2382,0.1681,0.3283,-0.2149,0.02261,0.00304,0.01150,-5.00,0.00,0.00,20.8,125.47,634.08,281.58,DESCEND
4.2483,0.0681,-0.0316,0.1350,0.00561,0.00004,0.00650,-5.00,0.00,0.00,20.9,125.47,634.08,281.52,DESCEND
4.2584,0.1281,0.2083,-0.1349,0.00161,-0.00995,0.01250,-5.00,0.00,0.00,21.0,125.47,634.08,281.46,DESCEND
4.2685,0.1481,-0.0816,0.0850,0.01661,-0.00995,0.00850,-5.00,0.00,0.00,21.0,125.47,634.08,281.42,DESCEND
4.2786,0.0681,-0.0416,0.1750,0.03161,0.01004,0.00950,-5.00,0.00,0.00,21.1,125.47,634.09,281.36,DESCEND
4.2887,-0.0118,-0.0816,0.1750,0.00261,-0.00395,0.01050,-5.00,0.00,0.00,21.1,125.47,634.09,281.32,DESCEND
4.2988,-0.0518,0.1383,-0.1649,-0.01838,-0.01795,0.00750,-5.00,0.00,0.00,21.2,125.47,634.09,281.26,DESCEND
4.3089,-0.0218,0.4183,-0.1349,0.00461,0.00004,0.00850,-5.00,0.00,0.00,21.2,125.47,634.09,281.22,DESCEND
4.3190,-0.1118,0.1283,0.0550,-0.00038,-0.01195,0.01350,-5.00,0.00,0.00,21.3,125.47,634.09,281.16,DESCEND
4.3291,0.2181,0.2483,-0.1649,0.01961,-0.00695,0.01250,-5.00,0.00,0.00,21.3,125.47,634.10,281.12,DESCEND
4.3391,0.2181,0.0583,0.1350,0.01861,-0.00195,0.01250,-5.00,0.00,0.00,21.4,125.47,634.10,281.06,DESCEND
4.3493,0.0381,-0.0116,0.3250,0.00361,0.00704,0.00650,-5.00,0.00,0.00,21.4,125.47,634.10,281.02,DESCEND
4.3593,0.1581,0.1983,-0.1849,0.01361,-0.00095,0.01050,-5.00,0.00,0.00,21.5,125.47,634.10,280.96,DESCEND
4.3694,-0.0018,0.2683,0.1250,0.00561,0.00304,0.01150,-5.00,0.00,0.00,21.5,125.47,634.10,280.92,DESCEND
4.3795,-0.0218,-0.0116,0.1750,0.00061,-0.00495,0.00750,-5.00,0.00,0.00,21.6,125.47,634.11,280.86,DESCEND
4.3896,0.0781,0.1583,0.0950,-0.00038,-0.01095,0.00850,-5.00,0.00,0.00,21.6,125.48,634.11,280.82,DESCEND
4.3997,0.3681,-0.1616,0.2650,0.01761,-0.00195,0.00750,-5.00,0.00,0.00,21.7,125.48,634.11,280.76,DESCEND
4.4098,0.0781,0.0683,-0.0549,0.00061,-0.00395,0.01050,-5.00,0.00,0.00,21.7,125.48,634.11,280.72,DESCEND
4.4199,-0.0818,-0.0016,0.0450,0.00861,0.00104,0.01150,-5.00,0.00,0.00,21.8,125.48,634.11,280.66,DESCEND
4.4300,-0.0318,0.0383,-0.1349,0.00561,-0.00895,0.01150,-5.00,0.00,0.00,21.8,125.48,634.11,280.62,DESCEND
4.4401,0.0281,-0.0216,0.3250,-0.00438,-0.00695,0.01250,-5.00,0.00,0.00,21.9,125.48,634.12,280.56,DESCEND
4.4502,-0.0218,0.0183,-0.1149,-0.01138,-0.01595,0.01050,-5.00,0.00,0.00,21.9,125.48,634.12,280.52,DESCEND
4.4603,0.0381,0.1583,0.0050,0.01361,0.00104,0.00750,-5.00,0.00,0.00,22.0,125.48,634.12,280.46,DESCEND
4.4704,-0.0418,0.3483,-0.1649,-0.00838,-0.00795,0.00950,-5.00,0.00,0.00,22.0,125.48,634.12,280.40,DESCEND
4.4805,0.0581,-0.0216,0.1950,-0.00338,-0.00995,0.01150,-5.00,0.00,0.00,22.1,125.48,634.12,280.36,DESCEND
4.4906,0.0081,0.3383,-0.2249,-0.00638,-0.01495,0.01250,-5.00,0.00,0.00,22.1,125.48,634.13,280.30,DESCEND
4.5007,0.1081,-0.1116,0.3750,0.01661,0.00904,0.01250,-5.00,0.00,0.00,22.2,125.48,634.13,280.26,DESCEND
4.5108,0.1081,0.0983,0.0850,-0.01338,-0.01595,0.01650,-5.00,0.00,0.00,22.2,125.48,634.13,280.20,DESCEND
4.5209,0.1481,0.1783,-0.0749,-0.00238,-0.01095,0.01150,-5.00,0.00,0.00,22.3,125.48,634.13,280.16,DESCEND
4.5310,0.2081,0.0383,0.1250,0.00361,-0.00695,0.01050,-5.00,0.00,0.00,22.3,125.48,634.13,280.10,DESCEND
4.5411,-0.0218,0.2483,0.0350,-0.00838,-0.00695,0.01150,-5.00,0.00,0.00,22.4,125.48,634.13,280.06,DESCEND
4.5512,0.2181,-0.3116,0.1250,0.03261,0.00804,0.00850,-5.00,0.00,0.00,22.4,125.48,634.14,280.00,DESCEND
4.5613,-0.0718,-0.3216,0.4150,0.00461,0.00604,0.00450,-5.00,0.00,0.00,22.5,125.48,634.14,279.96,DESCEND
4.5714,0.1581,-0.0216,0.4250,0.01261,0.00104,0.00750,-5.00,0.00,0.00,22.5,125.48,634.14,279.90,DESCEND
4.5815,-0.0618,0.1083,0.1250,-0.00838,-0.00995,0.01250,-5.00,0.00,0.00,22.6,125.48,634.14,279.86,DESCEND
4.5916,-0.1418,0.3283,-0.4749,-0.01338,-0.01295,0.01350,-5.00,0.00,0.00,22.6,125.48,634.14,279.80,DESCEND
4.6017,-0.0018,0.4183,-0.2249,0.00661,0.00104,0.01350,-5.00,0.00,0.00,22.7,125.48,634.15,279.76,DESCEND
4.6118,-0.0918,-0.1616,0.3450,-0.00938,0.00004,0.01150,-5.00,0.00,0.00,22.7,125.48,634.15,279.70,DESCEND
4.6219,0.0981,-0.2016,0.2950,0.00061,-0.00195,0.00650,-5.00,0.00,0.00,22.8,125.48,634.15,279.66,DESCEND
4.6321,-0.0218,0.1083,-0.0049,0.00061,-0.00095,0.01450,-5.00,0.00,0.00,22.8,125.48,634.15,279.60,DESCEND
4.6421,-0.0518,0.2383,-0.0949,0.00161,-0.00095,0.00950,-5.00,0.00,0.00,22.9,125.48,634.15,279.56,DESCEND
4.6522,-0.0118,-0.1216,0.0550,0.02061,0.01304,0.01050,-5.00,0.00,0.00,22.9,125.48,634.16,279.50,DESCEND
4.6624,0.0481,-0.1916,0.3250,0.01761,0.00904,0.01050,-5.00,0.00,0.00,23.0,125.48,634.16,279.44,DESCEND
4.6725,-0.2518,0.1483,0.0850,-0.01138,-0.00695,0.00950,-5.00,0.00,0.00,23.0,125.48,634.16,279.40,DESCEND
4.6826,-0.0818,-0.0616,0.3750,0.00661,0.00904,0.00850,-5.00,0.00,0.00,23.1,125.48,634.16,279.34,DESCEND
4.6927,-0.1218,-0.1416,0.3050,-0.01638,-0.00595,0.00950,-5.00,0.00,0.00,23.1,125.48,634.16,279.30,DESCEND
4.7028,-0.0218,0.0083,-0.0749,0.01261,-0.00495,0.01250,-5.00,0.00,0.00,23.2,125.48,634.16,279.24,DESCEND
4.7129,-0.1018,0.1183,-0.2149,0.00861,-0.00195,0.01250,-5.00,0.00,0.00,23.2,125.48,634.17,279.20,DESCEND
4.7230,0.0781,-0.0016,0.3150,0.00061,-0.00095,0.00550,-5.00,0.00,0.00,23.3,125.48,634.17,279.14,DESCEND
4.7331,0.1481,0.5083,-0.2249,0.00961,-0.01295,0.01350,-5.00,0.00,0.00,23.3,125.48,634.17,279.10,DESCEND
4.7432,-0.0318,0.4983,-0.3649,0.00761,-0.00195,0.01050,-5.00,0.00,0.00,23.4,125.48,634.17,279.04,DESCEND
4.7533,0.1381,0.2683,-0.2449,0.00761,-0.01195,0.01250,-5.00,0.00,0.00,23.4,125.48,634.17,279.00,DESCEND
4.7634,-0.2218,0.2983,-0.1149,0.00261,0.00804,0.01550,-5.00,0.00,0.00,23.5,125.48,634.18,278.94,DESCEND
4.7735,-0.0318,-0.1316,0.5050,0.00461,0.01204,0.00950,-5.00,0.00,0.00,23.5,125.48,634.18,278.90,DESCEND
4.7836,0.0281,-0.2016,0.2250,-0.00238,-0.01195,0.01150,-5.00,0.00,0.00,23.6,125.48,634.18,278.84,DESCEND
4.7937,-0.0418,0.2383,0.1150,0.00161,-0.01395,0.01750,-5.00,0.00,0.00,23.6,125.48,634.18,278.80,DESCEND
4.8038,0.1281,0.1783,-0.0049,0.01561,-0.00295,0.01150,-5.00,0.00,0.00,23.7,125.48,634.18,278.74,DESCEND
4.8139,0.1181,0.1983,0.0350,0.00761,-0.00295,0.00950,-5.00,0.00,0.00,23.7,125.48,634.18,278.70,DESCEND
4.8239,-0.1918,0.1383,-0.0149,0.00061,0.00304,0.01150,-5.00,0.00,0.00,23.8,125.48,634.19,278.64,DESCEND
4.8340,0.0781,-0.0016,0.2250,0.00161,-0.00095,0.00750,-5.00,0.00,0.00,23.8,125.48,634.19,278.60,DESCEND
4.8441,-0.0218,-0.0316,-0.1349,0.01661,-0.00095,0.01350,-5.00,0.00,0.00,23.9,125.48,634.19,278.54,DESCEND
4.8542,-0.0818,0.1683,0.0250,0.00361,0.00004,0.00850,-5.00,0.00,0.00,23.9,125.48,634.19,278.50,DESCEND
4.8643,0.1581,0.4083,0.0150,0.01361,-0.00195,0.01050,-5.00,0.00,0.00,24.0,125.48,634.19,278.44,DESCEND
4.8744,0.1181,0.0183,-0.1649,-0.00138,-0.01695,0.00950,-5.00,0.00,0.00,24.0,125.48,634.20,278.38,DESCEND
4.8845,0.0381,-0.1016,0.2550,0.01061,0.00804,0.00550,-5.00,0.00,0.00,24.1,125.48,634.20,278.34,DESCEND
4.8946,0.0581,-0.1416,-0.0549,-0.00038,-0.00895,0.00850,-5.00,0.00,0.00,24.1,125.48,634.20,278.28,DESCEND
4.9048,-0.0318,0.2383,-0.2749,0.00361,-0.00195,0.01250,-5.00,0.00,0.00,24.2,125.48,634.20,278.24,DESCEND
4.9149,0.1881,-0.2016,0.4350,0.00161,-0.00295,0.00750,-5.00,0.00,0.00,24.2,125.48,634.20,278.18,DESCEND
4.9250,0.1081,-0.0416,0.3150,0.01961,0.00604,0.01350,-5.00,0.00,0.00,24.3,125.48,634.21,278.14,DESCEND
4.9351,0.0581,0.2183,-0.0149,0.00161,-0.00495,0.01250,-5.00,0.00,0.00,24.3,125.48,634.21,278.08,DESCEND
4.9452,-0.1918,0.1383,0.1350,-0.00838,0.00804,0.01150,-5.00,0.00,0.00,24.4,125.48,634.21,278.04,DESCEND
4.9553,0.2481,0.0083,0.1450,0.01761,-0.00095,0.00950,-5.00,0.00,0.00,24.4,125.48,634.21,277.98,DESCEND
4.9654,-0.0218,0.0483,-0.1249,0.00861,-0.00495,0.00750,-5.00,0.00,0.00,24.5,125.48,634.21,277.94,DESCEND
4.9755,0.1381,0.1083,0.0050,0.01061,0.00104,0.00750,-5.00,0.00,0.00,24.5,125.48,634.22,277.88,DESCEND
4.9856,0.1981,0.0583,0.0950,0.01761,-0.00295,0.00950,-5.00,0.00,0.00,24.6,125.48,634.22,277.84,DESCEND
4.9957,0.0881,0.5183,-0.1749,-0.00238,-0.01395,0.01450,-5.00,0.00,0.00,24.6,125.48,634.22,277.78,DESCEND
5.0058,-0.0018,-0.0116,0.1550,0.00061,-0.00295,0.01150,-5.00,0.00,0.00,24.7,125.48,634.22,277.74,DESCEND
5.0159,-0.1518,0.1483,0.1050,0.00361,0.00704,0.01050,-5.00,0.00,0.00,24.7,125.48,634.22,277.68,DESCEND
5.0260,0.1881,0.2983,0.0350,-0.00038,0.00204,0.00950,-5.00,0.00,0.00,24.8,125.48,634.22,277.64,DESCEND
5.0361,0.0981,0.0483,0.1950,-0.00338,0.00204,0.00650,-5.00,0.00,0.00,24.8,125.48,634.23,277.58,DESCEND
5.0462,-0.0518,0.5183,-0.4249,-0.00438,-0.01395,0.01450,-5.00,0.00,0.00,24.9,125.48,634.23,277.54,DESCEND
5.0563,0.0381,-0.0416,0.0450,0.01461,0.00404,0.01550,-5.00,0.00,0.00,24.9,125.49,634.23,277.48,DESCEND
5.0664,0.2081,-0.1616,-0.0049,0.02161,0.00004,0.00950,-5.00,0.00,0.00,25.0,125.49,634.23,277.42,DESCEND
5.0765,0.1281,0.1283,-0.1549,-0.00338,-0.00995,0.00950,-5.00,0.00,0.00,25.0,125.49,634.23,277.38,DESCEND
5.0866,-0.0718,-0.0716,0.2650,0.00061,0.00804,0.01050,-5.00,0.00,0.00,25.1,125.49,634.24,277.32,DESCEND
5.0967,-0.0218,0.0083,0.1950,0.00761,-0.00095,0.01050,-5.00,0.00,0.00,25.1,125.49,634.24,277.28,DESCEND
5.1068,0.1281,-0.0216,-0.1149,0.02161,0.00004,0.00950,-5.00,0.00,0.00,25.2,125.49,634.24,277.22,DESCEND
5.1169,0.1481,0.0083,0.0250,-0.00438,-0.01795,0.00750,-5.00,0.00,0.00,25.2,125.49,634.24,277.18,DESCEND
5.1270,0.2581,0.2283,-0.1249,0.01461,-0.01695,0.01250,-5.00,0.00,0.00,25.3,125.49,634.24,277.12,DESCEND
5.1371,-0.1418,-0.0216,0.0750,0.00261,0.00104,0.01150,-5.00,0.00,0.00,25.3,125.49,634.24,277.08,DESCEND
5.1472,0.0581,0.3383,-0.1049,-0.00038,-0.00995,0.01150,-5.00,0.00,0.00,25.4,125.49,634.25,277.02,DESCEND
5.1573,0.0281,0.1783,0.0750,-0.00338,-0.01095,0.01250,-5.00,0.00,0.00,25.4,125.49,634.25,276.98,DESCEND
5.1674,-0.1718,0.1083,0.2850,0.01061,0.00304,0.01350,-5.00,0.00,0.00,25.5,125.49,634.25,276.92,DESCEND
5.1775,0.0981,0.4983,-0.1849,0.00161,-0.00695,0.01050,-5.00,0.00,0.00,25.5,125.49,634.25,276.88,DESCEND
5.1876,0.0781,0.4583,-0.0949,-0.00438,-0.01595,0.01650,-5.00,0.00,0.00,25.6,125.49,634.25,276.82,DESCEND
5.1977,0.0981,0.3083,0.2150,-0.00138,-0.00895,0.01250,-5.00,0.00,0.00,25.6,125.49,634.26,276.78,DESCEND
5.2078,0.0081,0.2383,-0.0549,0.00061,-0.00195,0.01050,-5.00,0.00,0.00,25.7,125.49,634.26,276.72,DESCEND
5.2179,-0.0018,0.0683,0.0850,-0.00838,-0.01295,0.01250,-5.00,0.00,0.00,25.7,125.49,634.26,276.68,DESCEND
5.2281,0.0081,-0.1116,0.2150,-0.00338,-0.01395,0.00850,-5.00,0.00,0.00,25.8,125.49,634.26,276.62,DESCEND
5.2382,0.0781,0.0683,-0.1949,0.01661,-0.00995,0.01350,-5.00,0.00,0.00,25.8,125.49,634.26,276.58,DESCEND
5.2483,0.1281,0.0483,0.0550,0.00461,-0.00295,0.00750,-5.00,0.00,0.00,25.9,125.49,634.27,276.52,DESCEND
5.2584,0.1281,-0.1116,0.1250,0.01161,-0.00795,0.01050,-5.00,0.00,0.00,26.0,125.49,634.27,276.46,DESCEND
5.2685,0.0081,0.1883,0.0550,0.00861,-0.00495,0.01550,-5.00,0.00,0.00,26.0,125.49,634.27,276.42,DESCEND
5.2786,0.1181,0.1383,0.3450,0.02661,0.01704,0.00950,-5.00,0.00,0.00,26.1,125.49,634.27,276.36,DESCEND
5.2887,0.0981,0.0583,0.1450,-0.01038,-0.01195,0.01450,-5.00,0.00,0.00,26.1,125.49,634.27,276.32,DESCEND
5.2988,0.1281,0.0383,-0.0449,0.00461,-0.00595,0.01350,-5.00,0.00,0.00,26.2,125.49,634.27,276.26,DESCEND
5.3089,-0.0418,0.1283,-0.0049,0.00261,-0.00395,0.01250,-5.00,0.00,0.00,26.2,125.49,634.28,276.22,DESCEND
5.3189,-0.0818,0.1383,0.1250,0.01561,-0.00195,0.01050,-5.00,0.00,0.00,26.3,125.49,634.28,276.16,DESCEND
5.3290,-0.0918,0.1283,0.0150,-0.01238,-0.00695,0.00950,-5.00,0.00,0.00,26.3,125.49,634.28,276.12,DESCEND
5.3392,0.1481,0.2283,-0.1449,0.01761,0.00204,0.01250,-5.00,0.00,0.00,26.4,125.49,634.28,276.06,DESCEND
5.3493,-0.0518,0.0383,-0.1149,-0.00138,-0.00595,0.01350,-5.00,0.00,0.00,26.4,125.49,634.28,276.02,DESCEND
5.3594,0.0981,0.0383,0.1550,0.01461,0.00504,0.01550,-5.00,0.00,0.00,26.5,125.49,634.29,275.96,DESCEND
5.3695,-0.0518,0.2083,0.0950,0.00961,0.00204,0.01350,-5.00,0.00,0.00,26.5,125.49,634.29,275.92,DESCEND
5.3796,-0.0718,-0.0016,0.3650,0.02061,0.00404,0.00750,-5.00,0.00,0.00,26.6,125.49,634.29,275.86,DESCEND
5.3896,-0.0618,0.1083,-0.0649,0.01361,0.00404,0.01450,-5.00,0.00,0.00,26.6,125.49,634.29,275.82,DESCEND
5.3997,0.1481,0.4783,-0.2149,-0.00138,-0.00495,0.01550,-5.00,0.00,0.00,26.7,125.49,634.29,275.76,DESCEND
5.4098,0.0281,0.2683,0.1650,-0.00438,-0.00895,0.01050,-5.00,0.00,0.00,26.7,125.49,634.29,275.72,DESCEND
5.4199,-0.0918,-0.1516,0.1950,-0.00838,-0.00495,0.00950,-5.00,0.00,0.00,26.8,125.49,634.30,275.66,DESCEND
5.4301,-0.0318,0.2083,-0.2449,0.01761,0.00504,0.01350,-5.00,0.00,0.00,26.8,125.49,634.30,275.62,DESCEND
5.4402,-0.0718,0.4983,-0.4649,-0.00738,-0.01095,0.01450,-5.00,0.00,0.00,26.9,125.49,634.30,275.56,DESCEND
5.4503,0.1381,0.1383,0.1150,0.00761,-0.01095,0.01150,-5.00,0.00,0.00,26.9,125.49,634.30,275.50,DESCEND
5.4604,0.0081,0.0883,0.2050,-0.01138,-0.00695,0.01250,-5.00,0.00,0.00,27.0,125.49,634.30,275.46,DESCEND
5.4705,-0.0418,0.0183,0.0950,0.00761,0.00104,0.01650,-5.00,0.00,0.00,27.0,125.49,634.31,275.40,DESCEND
5.4806,0.0281,0.0383,0.0950,-0.00938,-0.00795,0.00850,-5.00,0.00,0.00,27.1,125.49,634.31,275.36,DESCEND
5.4907,-0.0718,0.4883,-0.2249,-0.01538,-0.00595,0.01150,-5.00,0.00,0.00,27.1,125.49,634.31,275.30,DESCEND
5.5008,-0.0518,0.0083,0.3750,0.01661,0.01504,0.01250,-5.00,0.00,0.00,27.2,125.49,634.31,275.26,DESCEND
5.5109,0.0081,0.1283,-0.0149,0.00061,-0.01195,0.01050,-5.00,0.00,0.00,27.2,125.49,634.31,275.20,DESCEND
5.5210,0.0081,-0.3916,0.4550,0.02461,0.01004,0.01050,-5.00,0.00,0.00,27.3,125.49,634.32,275.16,DESCEND
5.5311,-0.0118,-0.2516,0.2450,-0.00938,-0.00695,0.01050,-5.00,0.00,0.00,27.3,125.49,634.32,275.10,DESCEND
5.5412,0.0381,0.2383,0.0350,0.00961,0.00204,0.01250,-5.00,0.00,0.00,27.4,125.49,634.32,275.06,DESCEND
5.5513,0.1481,0.4683,-0.1149,-0.00538,-0.02195,0.01550,-5.00,0.00,0.00,27.4,125.49,634.32,275.00,DESCEND
5.5614,-0.1418,0.3483,0.0350,-0.00038,0.00304,0.01150,-5.00,0.00,0.00,27.5,125.49,634.32,274.96,DESCEND
5.5714,-0.1018,-0.0416,-0.0149,0.00061,-0.00295,0.00950,-5.00,0.00,0.00,27.5,125.49,634.33,274.90,DESCEND
5.5815,-0.1618,0.3283,-0.1749,-0.01438,-0.00695,0.01050,-5.00,0.00,0.00,27.6,125.49,634.33,274.86,DESCEND
5.5916,0.0381,0.4683,-0.0049,-0.01038,-0.00695,0.01250,-5.00,0.00,0.00,27.6,125.49,634.33,274.80,DESCEND
5.6017,-0.0218,0.3283,-0.2949,0.00761,-0.00995,0.01550,-5.00,0.00,0.00,27.7,125.49,634.33,274.76,DESCEND
5.6118,0.0281,0.3683,-0.0849,-0.00338,-0.00495,0.01250,-5.00,0.00,0.00,27.7,125.49,634.33,274.70,DESCEND
5.6219,0.2181,0.3183,-0.2049,0.01961,0.00104,0.01650,-5.00,0.00,0.00,27.8,125.49,634.33,274.66,DESCEND
5.6320,0.1281,0.2283,-0.0449,0.01661,-0.00095,0.01650,-5.00,0.00,0.00,27.8,125.49,634.34,274.61,DESCEND
5.6422,0.1481,0.2583,0.0250,0.00161,-0.00895,0.00850,-5.00,0.00,0.00,27.9,125.49,634.34,274.57,DESCEND
5.6523,-0.0118,0.2383,0.0050,0.00861,0.00004,0.01450,-5.00,0.00,0.00,27.9,125.49,634.34,274.51,DESCEND
5.6624,-0.0418,-0.2416,0.2550,-0.00338,-0.00095,0.01050,-5.00,0.00,0.00,28.0,125.49,634.34,274.45,DESCEND
5.6725,0.0781,-0.1616,-0.0749,0.02161,0.00604,0.01050,-5.00,0.00,0.00,28.0,125.49,634.34,274.41,DESCEND
5.6826,0.0681,-0.0316,0.1150,0.01261,-0.00495,0.01150,-5.00,0.00,0.00,28.1,125.49,634.35,274.35,DESCEND
5.6927,-0.2418,0.1983,0.3450,-0.02038,-0.00395,0.01650,-5.00,0.00,0.00,28.1,125.49,634.35,274.31,DESCEND
5.7028,-0.0418,0.0183,0.4650,-0.00638,-0.00195,0.00950,-5.00,0.00,0.00,28.2,125.49,634.35,274.25,DESCEND
5.7129,0.1581,-0.2016,0.4850,0.01461,0.00304,0.00750,-5.00,0.00,0.00,28.2,125.49,634.35,274.21,DESCEND
5.7230,-0.0718,-0.1016,0.4650,-0.00838,0.00304,0.00850,-5.00,0.00,0.00,28.3,125.49,634.35,274.15,DESCEND
5.7331,0.1781,0.0883,-0.1249,0.01461,-0.01095,0.01250,-5.00,0.00,0.00,28.3,125.49,634.35,274.11,DESCEND
5.7432,0.1381,0.0583,-0.0449,0.00561,0.00104,0.00750,-5.00,0.00,0.00,28.4,125.50,634.36,274.05,DESCEND
5.7533,-0.0618,0.4683,-0.2549,-0.00638,-0.01395,0.01450,-5.00,0.00,0.00,28.4,125.50,634.36,274.01,DESCEND
5.7634,-0.0118,0.3183,-0.0749,-0.00838,-0.00895,0.01550,-5.00,0.00,0.00,28.5,125.50,634.36,273.95,DESCEND
5.7736,0.0281,0.0383,0.1750,0.01761,0.01104,0.00950,-5.00,0.00,0.00,28.5,125.50,634.36,273.91,DESCEND
5.7836,-0.0918,0.2983,-0.0149,0.00161,-0.00395,0.01550,-5.00,0.00,0.00,28.6,125.50,634.36,273.85,DESCEND
5.7937,0.0481,0.0983,-0.0649,0.00661,0.00004,0.01550,-5.00,0.00,0.00,28.6,125.50,634.37,273.81,DESCEND
5.8038,0.0281,-0.0816,0.1250,0.02661,0.00904,0.00550,-5.00,0.00,0.00,28.7,125.50,634.37,273.75,DESCEND
5.8139,0.2881,-0.0416,0.3050,0.01461,0.00104,0.01150,-5.00,0.00,0.00,28.7,125.50,634.37,273.71,DESCEND
5.8240,0.1781,-0.1116,0.0850,0.02261,-0.00095,0.00850,-5.00,0.00,0.00,28.8,125.50,634.37,273.65,DESCEND
5.8341,-0.0018,0.1983,-0.2249,-0.00638,-0.01495,0.00850,-5.00,0.00,0.00,28.8,125.50,634.37,273.61,DESCEND
5.8442,0.0081,-0.1516,0.2350,0.00861,0.01004,0.00850,-5.00,0.00,0.00,28.9,125.50,634.38,273.55,DESCEND
5.8543,0.0181,0.0883,0.1950,0.01061,0.00604,0.00950,-5.00,0.00,0.00,28.9,125.50,634.38,273.51,DESCEND
5.8644,0.0781,-0.1316,0.0950,0.01461,0.00104,0.00950,-5.00,0.00,0.00,29.0,125.50,634.38,273.45,DESCEND
5.8745,0.1281,0.1583,0.1650,0.01261,0.00204,0.01450,-5.00,0.00,0.00,29.0,125.50,634.38,273.39,DESCEND
5.8846,-0.1418,-0.1716,0.2850,0.00861,0.01204,0.01350,-5.00,0.00,0.00,29.1,125.50,634.38,273.35,DESCEND
5.8947,-0.0218,-0.0116,0.2250,0.00561,0.00004,0.01150,-5.00,0.00,0.00,29.1,125.50,634.38,273.29,DESCEND
5.9048,-0.0718,-0.0916,0.1450,0.00261,-0.01295,0.01050,-5.00,0.00,0.00,29.2,125.50,634.39,273.25,DESCEND
5.9148,0.1181,0.0383,0.3150,0.00761,-0.00495,0.01250,-5.00,0.00,0.00,29.2,125.50,634.39,273.19,DESCEND
5.9250,0.0281,0.4383,-0.1449,0.00461,-0.01195,0.01450,-5.00,0.00,0.00,29.3,125.50,634.39,273.15,DESCEND
5.9351,-0.0818,0.2683,-0.1549,-0.01838,-0.02195,0.01250,-5.00,0.00,0.00,29.3,125.50,634.39,273.09,DESCEND
5.9452,-0.0718,-0.1716,0.3350,-0.00938,-0.00095,0.00650,-5.00,0.00,0.00,29.4,125.50,634.39,273.05,DESCEND
5.9553,-0.0718,-0.0116,0.0950,-0.01738,-0.00895,0.01150,-5.00,0.00,0.00,29.4,125.50,634.40,272.99,DESCEND
5.9653,-0.1118,0.0083,0.1550,0.01161,0.00804,0.01450,-5.00,0.00,0.00,29.5,125.50,634.40,272.95,DESCEND
5.9754,-0.0218,0.2983,-0.2649,0.00061,-0.01395,0.01450,-5.00,0.00,0.00,29.5,125.50,634.40,272.89,DESCEND
5.9855,-0.0018,0.1483,0.0750,0.01461,0.00504,0.01150,-5.00,0.00,0.00,29.6,125.50,634.40,272.85,DESCEND
5.9956,-0.0818,0.0083,0.1250,0.01361,0.00804,0.01150,-5.00,0.00,0.00,29.6,125.50,634.40,272.79,DESCEND
6.0057,0.1181,-0.0416,0.2750,0.00161,-0.00195,0.00950,-5.00,0.00,0.00,29.7,125.50,634.40,272.75,DESCEND
6.0158,0.1581,0.1583,-0.0349,0.00761,-0.00395,0.01150,-5.00,0.00,0.00,29.7,125.50,634.41,272.69,DESCEND
6.0260,0.0081,-0.2216,0.2650,0.00161,-0.00295,0.01150,-5.00,0.00,0.00,29.8,125.50,634.41,272.65,DESCEND
6.0361,0.1081,-0.1216,0.1950,0.01261,0.00304,0.00850,-5.00,0.00,0.00,29.8,125.50,634.41,272.59,DESCEND
6.0461,0.1181,0.3783,-0.1949,0.00861,-0.00595,0.01550,-5.00,0.00,0.00,29.9,125.50,634.41,272.55,DESCEND
6.0562,0.2181,0.1283,-0.0749,0.00461,-0.01295,0.01450,-5.00,0.00,0.00,29.9,125.50,634.41,272.49,DESCEND
6.0663,0.1381,0.0883,-0.2149,0.01461,0.00104,0.01150,-5.00,0.00,0.00,30.0,125.50,634.42,272.43,DESCEND
6.0764,-0.0218,0.3383,-0.1449,0.00561,0.00004,0.01250,-5.00,0.00,0.00,30.0,125.50,634.42,272.39,DESCEND
6.0865,0.0181,0.1783,0.0850,0.01261,-0.00595,0.01350,-5.00,0.00,0.00,30.1,125.50,634.42,272.33,DESCEND
6.0966,0.1681,0.2883,-0.0049,0.00561,-0.00495,0.01250,-5.00,0.00,0.00,30.1,125.50,634.42,272.29,DESCEND
6.1067,-0.0418,-0.1516,0.2350,0.00061,0.00304,0.01150,-5.00,0.00,0.00,30.2,125.50,634.42,272.23,DESCEND
6.1169,-0.1518,0.0783,0.0150,-0.01538,-0.00395,0.01150,-5.00,0.00,0.00,30.2,125.50,634.43,272.19,DESCEND
6.1270,0.0981,0.0483,0.1850,0.00561,-0.00595,0.01350,-5.00,0.00,0.00,30.3,125.50,634.43,272.13,DESCEND
6.1370,-0.0618,0.2883,-0.2849,-0.00838,-0.00895,0.01850,-5.00,0.00,0.00,30.3,125.50,634.43,272.09,DESCEND
6.1471,0.1181,-0.2516,0.3250,0.02361,0.00604,0.01050,-5.00,0.00,0.00,30.4,125.50,634.43,272.03,DESCEND
6.1572,0.1081,0.1983,0.0250,0.01261,0.00004,0.01050,-5.00,0.00,0.00,30.4,125.50,634.43,271.99,DESCEND
6.1673,0.2081,-0.1016,0.1050,-0.00538,-0.01195,0.01150,-5.00,0.00,0.00,30.5,125.50,634.44,271.93,DESCEND
6.1774,0.0881,0.3083,-0.3349,0.00761,-0.00295,0.01050,-5.00,0.00,0.00,30.5,125.50,634.44,271.89,DESCEND
6.1875,0.1581,0.2483,-0.0549,0.00461,-0.00895,0.01050,-5.00,0.00,0.00,30.6,125.50,634.44,271.83,DESCEND
6.1976,0.0481,0.0683,0.3250,0.01061,0.01104,0.01350,-5.00,0.00,0.00,30.6,125.50,634.44,271.79,DESCEND
6.2077,0.0481,0.0483,0.2150,0.00261,0.00304,0.01150,-5.00,0.00,0.00,30.7,125.50,634.44,271.73,DESCEND
6.2178,0.1881,-0.0716,0.3550,0.02961,0.00704,0.01050,-5.00,0.00,0.00,30.7,125.50,634.44,271.69,DESCEND
6.2279,0.1081,0.1983,0.0850,0.01061,-0.00195,0.01050,-5.00,0.00,0.00,30.8,125.50,634.45,271.63,DESCEND
6.2380,-0.0318,-0.0116,0.2950,-0.00038,0.00704,0.01150,-5.00,0.00,0.00,30.8,125.50,634.45,271.59,DESCEND
6.2481,0.1581,0.5283,-0.2049,-0.00838,-0.01595,0.01750,-5.00,0.00,0.00,30.9,125.50,634.45,271.53,DESCEND
6.2583,-0.0618,-0.1616,0.3250,0.00961,0.00904,0.01150,-5.00,0.00,0.00,31.0,125.50,634.45,271.47,DESCEND
6.2684,-0.0118,0.2883,0.0850,0.01261,0.00604,0.01450,-5.00,0.00,0.00,31.0,125.50,634.45,271.43,DESCEND
6.2784,0.1281,0.2283,0.0950,0.02261,0.00604,0.01150,-5.00,0.00,0.00,31.1,125.50,634.46,271.37,DESCEND
6.2885,0.1481,0.1083,-0.2049,0.00361,-0.00795,0.01450,-5.00,0.00,0.00,31.1,125.50,634.46,271.33,DESCEND
6.2986,-0.0218,0.2883,0.1050,0.00461,-0.00395,0.01450,-5.00,0.00,0.00,31.2,125.50,634.46,271.27,DESCEND
6.3087,0.0481,0.2083,-0.2849,-0.00738,-0.01195,0.01250,-5.00,0.00,0.00,31.2,125.50,634.46,271.23,DESCEND
6.3188,0.0381,0.1983,0.1950,0.02661,0.00504,0.01250,-5.00,0.00,0.00,31.3,125.50,634.46,271.17,DESCEND
6.3289,0.0381,0.0883,-0.3249,-0.01338,-0.01495,0.00950,-5.00,0.00,0.00,31.3,125.50,634.46,271.13,DESCEND
6.3390,0.1581,0.2483,-0.1449,0.00461,-0.00995,0.01050,-5.00,0.00,0.00,31.4,125.50,634.47,271.07,DESCEND
6.3491,-0.2518,0.0583,0.2450,-0.00138,0.01404,0.01550,-5.00,0.00,0.00,31.4,125.50,634.47,271.03,DESCEND
6.3592,-0.0318,0.3383,0.0250,0.00561,0.00404,0.01150,-5.00,0.00,0.00,31.5,125.50,634.47,270.97,DESCEND
6.3693,-0.1318,0.2283,-0.0449,-0.00538,-0.00095,0.01250,-5.00,0.00,0.00,31.5,125.50,634.47,270.93,DESCEND
6.3794,0.1581,0.1983,-0.0049,0.01261,-0.00595,0.01450,-5.00,0.00,0.00,31.6,125.50,634.47,270.87,DESCEND
6.3895,0.0781,-0.1916,0.2350,0.02061,0.01004,0.01250,-5.00,0.00,0.00,31.6,125.50,634.48,270.83,DESCEND
6.3996,0.1181,0.0683,-0.1849,0.00261,-0.00295,0.01550,-5.00,0.00,0.00,31.7,125.50,634.48,270.77,DESCEND
6.4097,-0.1218,0.0183,0.0850,0.00361,-0.00195,0.01150,-5.00,0.00,0.00,31.7,125.50,634.48,270.73,DESCEND
6.4198,0.1281,0.1183,0.0250,0.00161,-0.00095,0.01250,-5.00,0.00,0.00,31.8,125.50,634.48,270.67,DESCEND
6.4299,-0.0518,0.0983,0.1250,-0.00438,-0.00095,0.01450,-5.00,0.00,0.00,31.8,125.50,634.48,270.63,DESCEND
6.4400,0.0081,-0.2916,0.1650,0.00361,0.00004,0.00950,-5.00,0.00,0.00,31.9,125.51,634.49,270.57,DESCEND
6.4501,-0.0818,0.1383,0.0850,0.01161,0.00204,0.01450,-5.00,0.00,0.00,31.9,125.51,634.49,270.53,DESCEND
6.4602,-0.0018,-0.0716,0.1750,-0.00438,0.00204,0.00950,-5.00,0.00,0.00,32.0,125.51,634.49,270.47,DESCEND
6.4703,0.0181,0.0083,0.1950,0.00361,-0.00395,0.01250,-5.00,0.00,0.00,32.0,125.51,634.49,270.41,DESCEND
6.4804,0.1181,0.2483,-0.1849,0.00961,-0.01795,0.01350,-5.00,0.00,0.00,32.1,125.51,634.49,270.37,DESCEND
6.4905,-0.0018,-0.0216,0.3750,0.00661,0.00604,0.01450,-5.00,0.00,0.00,32.1,125.51,634.50,270.31,DESCEND
6.5006,-0.1018,-0.0116,0.2150,-0.01338,-0.00395,0.01450,-5.00,0.00,0.00,32.2,125.51,634.50,270.27,DESCEND
6.5107,-0.0518,-0.0216,0.4550,-0.00538,0.00404,0.01350,-5.00,0.00,0.00,32.2,125.51,634.50,270.21,DESCEND
6.5208,-0.0118,0.0283,0.2150,-0.02038,-0.00695,0.01150,-5.00,0.00,0.00,32.3,125.51,634.50,270.17,DESCEND
6.5310,0.0881,-0.0816,0.1650,0.02261,0.00904,0.01250,-5.00,0.00,0.00,32.3,125.51,634.50,270.11,DESCEND
6.5411,0.0381,-0.0016,0.1350,0.00261,-0.00095,0.01550,-5.00,0.00,0.00,32.4,125.51,634.50,270.07,DESCEND
6.5512,-0.0218,0.1983,0.1550,0.00761,0.00304,0.01250,-5.00,0.00,0.00,32.4,125.51,634.51,270.01,DESCEND
6.5613,-0.0218,0.2383,-0.1149,-0.00338,-0.00395,0.01350,-5.00,0.00,0.00,32.5,125.51,634.51,269.97,DESCEND
6.5714,0.0281,0.0883,0.0250,0.00861,0.00004,0.01150,-5.00,0.00,0.00,32.5,125.51,634.51,269.91,DESCEND
6.5815,-0.0418,0.1183,0.2350,0.00261,-0.00195,0.01150,-5.00,0.00,0.00,32.6,125.51,634.51,269.87,DESCEND
6.5916,0.1481,-0.0916,0.1950,-0.00638,-0.00195,0.01150,-5.00,0.00,0.00,32.6,125.51,634.51,269.81,DESCEND
6.6017,0.0381,-0.0216,-0.0449,0.00661,-0.01395,0.01250,-5.00,0.00,0.00,32.7,125.51,634.52,269.77,DESCEND
6.6118,-0.0218,0.0083,0.3750,0.00061,0.00604,0.01050,-5.00,0.00,0.00,32.7,125.51,634.52,269.71,DESCEND
6.6219,-0.1318,0.1783,0.1650,-0.00738,0.00104,0.01450,-5.00,0.00,0.00,32.8,125.51,634.52,269.67,DESCEND
6.6320,-0.0318,-0.1916,0.4550,0.00761,0.01204,0.01250,-5.00,0.00,0.00,32.8,125.51,634.52,269.61,DESCEND
6.6421,-0.0118,0.3883,-0.2549,0.00261,-0.00495,0.01450,-5.00,0.00,0.00,32.9,125.51,634.52,269.57,DESCEND
6.6522,0.1781,0.2383,0.0050,-0.00238,-0.01295,0.01550,-5.00,0.00,0.00,32.9,125.51,634.52,269.51,DESCEND
6.6623,0.0781,0.0383,0.3450,0.00461,0.00404,0.01150,-5.00,0.00,0.00,33.0,125.51,634.53,269.45,DESCEND
6.6724,-0.0318,0.2283,0.1450,0.00161,0.00904,0.01050,-5.00,0.00,0.00,33.0,125.51,634.53,269.41,DESCEND
6.6825,0.2481,-0.0416,0.1950,0.02261,0.00304,0.00950,-5.00,0.00,0.00,33.1,125.51,634.53,269.35,DESCEND
6.6926,-0.0218,0.0883,-0.0349,-0.00438,-0.00495,0.01250,-5.00,0.00,0.00,33.1,125.51,634.53,269.31,DESCEND
6.7027,-0.0218,-0.1516,0.1950,0.00061,0.00304,0.01150,-5.00,0.00,0.00,33.2,125.51,634.53,269.25,DESCEND
6.7128,0.0681,0.3883,-0.0749,0.01161,0.00004,0.01050,-5.00,0.00,0.00,33.2,125.51,634.54,269.21,DESCEND
6.7229,-0.0118,-0.1616,0.0850,0.00161,-0.00695,0.01350,-5.00,0.00,0.00,33.3,125.51,634.54,269.15,DESCEND
6.7330,0.1481,0.1383,-0.1049,0.01461,-0.00595,0.01450,-5.00,0.00,0.00,33.3,125.51,634.54,269.11,DESCEND
6.7431,0.1581,0.1283,0.0750,0.02561,0.00604,0.01350,-5.00,0.00,0.00,33.4,125.51,634.54,269.05,DESCEND
6.7532,-0.0118,0.2783,-0.2249,0.00061,-0.00895,0.01250,-5.00,0.00,0.00,33.4,125.51,634.54,269.01,DESCEND
6.7634,-0.1118,0.2883,-0.2749,0.00861,0.00204,0.01350,-5.00,0.00,0.00,33.5,125.51,634.55,268.95,DESCEND
6.7735,-0.0718,-0.1716,0.3750,0.00461,0.00604,0.01150,-5.00,0.00,0.00,33.5,125.51,634.55,268.91,DESCEND
6.7836,0.2681,0.1383,-0.1049,0.01061,-0.00695,0.01250,-5.00,0.00,0.00,33.6,125.51,634.55,268.85,DESCEND
6.7937,0.0281,0.0783,0.0850,0.00761,0.00104,0.01250,-5.00,0.00,0.00,33.6,125.51,634.55,268.81,DESCEND
6.8038,-0.0518,0.0983,-0.4049,0.01261,0.00104,0.01450,-5.00,0.00,0.00,33.7,125.51,634.55,268.75,DESCEND
6.8139,-0.1218,-0.0516,0.1050,0.00061,0.00504,0.01650,-5.00,0.00,0.00,33.7,125.51,634.55,268.71,DESCEND
6.8240,0.2881,-0.0916,0.3150,0.02261,0.00504,0.00750,-5.00,0.00,0.00,33.8,125.51,634.56,268.65,DESCEND
6.8340,-0.0418,-0.1316,0.4050,0.02461,0.01504,0.01050,-5.00,0.00,0.00,33.8,125.51,634.56,268.61,DESCEND
6.8442,0.0881,0.0583,0.3350,-0.00538,-0.00795,0.01650,-5.00,0.00,0.00,33.9,125.51,634.56,268.55,DESCEND
6.8543,-0.0218,-0.2716,0.2250,-0.00538,-0.01395,0.01050,-5.00,0.00,0.00,33.9,125.51,634.56,268.49,DESCEND
6.8644,0.0681,-0.2016,0.0150,0.01761,0.00604,0.01050,-5.00,0.00,0.00,34.0,125.51,634.56,268.45,DESCEND
6.8745,0.0681,-0.1716,0.4150,0.00661,0.00304,0.00850,-5.00,0.00,0.00,34.0,125.51,634.57,268.39,DESCEND
6.8846,0.0381,-0.1816,0.3150,0.00161,0.01004,0.00950,-5.00,0.00,0.00,34.1,125.51,634.57,268.35,DESCEND
6.8947,0.3181,-0.2816,-0.0149,0.03761,0.01004,0.01050,-5.00,0.00,0.00,34.1,125.51,634.57,268.29,DESCEND
6.9048,-0.1318,0.2983,0.2350,-0.00138,0.00304,0.01450,-5.00,0.00,0.00,34.2,125.51,634.57,268.25,DESCEND
6.9149,0.1481,0.2883,0.0450,0.00661,-0.00795,0.01350,-5.00,0.00,0.00,34.2,125.51,634.57,268.19,DESCEND
6.9250,0.0981,0.2283,-0.0049,0.01761,0.00304,0.01150,-5.00,0.00,0.00,34.3,125.51,634.57,268.15,DESCEND
6.9351,0.2281,0.0883,-0.1149,-0.01138,-0.01795,0.01050,-5.00,0.00,0.00,34.3,125.51,634.58,268.09,DESCEND
6.9452,0.0381,0.4083,-0.4949,0.01961,-0.00595,0.01950,-5.00,0.00,0.00,34.4,125.51,634.58,268.05,DESCEND
6.9553,-0.1118,0.2983,0.2050,0.00661,-0.00095,0.01450,-5.00,0.00,0.00,34.4,125.51,634.58,267.99,DESCEND
6.9654,0.0781,-0.2116,0.2950,0.00861,0.00204,0.00450,-5.00,0.00,0.00,34.5,125.51,634.58,267.95,DESCEND
6.9755,-0.0418,-0.0116,0.2850,-0.00338,0.00804,0.01150,-5.00,0.00,0.00,34.5,125.51,634.58,267.89,DESCEND
6.9856,0.1681,0.2183,-0.1349,-0.00538,-0.01095,0.01250,-5.00,0.00,0.00,34.6,125.51,634.59,267.85,DESCEND
6.9957,0.2681,0.1983,-0.0049,0.00961,-0.00895,0.01250,-5.00,0.00,0.00,34.6,125.51,634.59,267.79,DESCEND
7.0058,-0.0318,0.2383,-0.0549,0.00261,-0.00495,0.01650,-5.00,0.00,0.00,34.7,125.51,634.59,267.75,DESCEND
7.0159,-0.0118,0.3483,-0.2349,0.01561,-0.00095,0.01550,-5.00,0.00,0.00,34.7,125.51,634.59,267.69,DESCEND
7.0260,-0.0118,0.2383,0.0850,0.00861,0.00704,0.01250,-5.00,0.00,0.00,34.8,125.51,634.59,267.65,DESCEND
7.0360,0.1581,0.1583,0.2650,0.01361,0.00504,0.01150,-5.00,0.00,0.00,34.8,125.51,634.60,267.59,DESCEND
7.0461,0.0981,0.3983,-0.2249,-0.00638,-0.01995,0.01650,-5.00,0.00,0.00,34.9,125.51,634.60,267.55,DESCEND
7.0562,-0.0518,0.0283,0.1250,0.00661,0.00004,0.01450,-5.00,0.00,0.00,34.9,125.51,634.60,267.49,DESCEND
7.0663,-0.1018,0.2183,-0.0749,0.00561,-0.00195,0.01650,-5.00,0.00,0.00,35.0,125.51,634.60,267.43,DESCEND
7.0764,-0.1418,0.0283,0.1250,-0.00938,0.00204,0.00850,-5.00,0.00,0.00,35.0,125.51,634.60,267.39,DESCEND
7.0865,0.0381,0.2783,0.0150,0.00961,-0.00595,0.01250,-5.00,0.00,0.00,35.1,125.51,634.61,267.33,DESCEND
7.0966,0.1481,-0.0116,0.0050,0.02561,0.00104,0.01050,-5.00,0.00,0.00,35.1,125.51,634.61,267.29,DESCEND
7.1068,-0.1718,0.3983,-0.3849,0.00161,-0.00695,0.01950,-5.00,0.00,0.00,35.2,125.51,634.61,267.23,DESCEND
7.1169,0.3181,-0.1116,0.0650,0.00761,-0.01595,0.01150,-5.00,0.00,0.00,35.2,125.51,634.61,267.19,DESCEND
7.1270,-0.0118,0.3783,-0.0749,0.00561,0.00304,0.01550,-5.00,0.00,0.00,35.3,125.51,634.61,267.13,DESCEND
7.1371,0.0781,0.3783,0.0850,0.00961,0.00004,0.01550,-5.00,0.00,0.00,35.3,125.51,634.61,267.09,DESCEND
7.1472,0.1481,-0.0416,0.2350,0.00661,0.00204,0.01050,-5.00,0.00,0.00,35.4,125.52,634.62,267.03,DESCEND
7.1573,0.2181,-0.2816,0.3550,0.03161,0.01304,0.00850,-5.00,0.00,0.00,35.4,125.52,634.62,266.99,DESCEND
7.1674,0.1081,-0.1316,0.0650,-0.01238,-0.01595,0.01150,-5.00,0.00,0.00,35.5,125.52,634.62,266.93,DESCEND
7.1775,-0.0618,0.2683,-0.0349,-0.01638,-0.00395,0.01550,-5.00,0.00,0.00,35.5,125.52,634.62,266.89,DESCEND
7.1876,-0.0318,-0.0516,0.0450,0.00661,0.00404,0.01250,-5.00,0.00,0.00,35.6,125.52,634.62,266.83,DESCEND
7.1977,0.0781,-0.0116,0.2650,0.01161,-0.00195,0.01250,-5.00,0.00,0.00,35.6,125.52,634.63,266.79,DESCEND
7.2077,0.0781,0.0883,-0.3349,0.01061,-0.01495,0.01450,-5.00,0.00,0.00,35.7,125.52,634.63,266.73,DESCEND
7.2179,-0.0218,0.0983,0.0650,0.00961,-0.00195,0.01150,-5.00,0.00,0.00,35.7,125.52,634.63,266.69,DESCEND
7.2280,0.1181,0.5083,-0.0549,0.00661,-0.00195,0.01450,-5.00,0.00,0.00,35.8,125.52,634.63,266.63,DESCEND
7.2381,-0.0918,0.1783,0.0950,-0.00138,0.00004,0.01350,-5.00,0.00,0.00,35.8,125.52,634.63,266.59,DESCEND
7.2481,0.0881,0.5783,-0.2449,0.00361,-0.00795,0.01750,-5.00,0.00,0.00,35.9,125.52,634.63,266.53,DESCEND
7.2582,-0.0118,0.3083,0.0150,-0.00238,-0.00195,0.01250,-5.00,0.00,0.00,35.9,125.52,634.64,266.49,DESCEND
7.2683,0.0681,0.1183,0.0650,0.01061,-0.00595,0.01450,-5.00,0.00,0.00,36.0,125.52,634.64,266.43,DESCEND
7.2785,0.0481,-0.0516,0.1150,0.00261,-0.00895,0.01050,-5.00,0.00,0.00,36.1,125.52,634.64,266.37,DESCEND
7.2886,0.0181,0.2783,0.0450,-0.00238,-0.00295,0.01350,-5.00,0.00,0.00,36.1,125.52,634.64,266.33,DESCEND
7.2987,0.2881,0.2683,0.1050,0.02961,0.00104,0.01250,-5.00,0.00,0.00,36.2,125.52,634.64,266.27,DESCEND
7.3087,0.3081,0.0383,0.3450,0.01661,-0.00495,0.01350,-5.00,0.00,0.00,36.2,125.52,634.65,266.23,DESCEND
7.3188,0.0881,-0.2016,0.2850,0.00261,-0.00495,0.01050,-5.00,0.00,0.00,36.3,125.52,634.65,266.17,DESCEND
7.3290,-0.0618,-0.0416,0.2450,-0.00638,-0.00695,0.01150,-5.00,0.00,0.00,36.3,125.52,634.65,266.13,DESCEND
7.3390,0.0381,0.3383,-0.2549,0.01361,-0.01695,0.01850,-5.00,0.00,0.00,36.4,125.52,634.65,266.07,DESCEND
7.3491,0.0281,0.1783,-0.1349,0.01961,-0.00295,0.01350,-5.00,0.00,0.00,36.4,125.52,634.65,266.03,DESCEND
7.3592,0.0181,0.1083,0.0850,0.01661,0.00304,0.01150,-5.00,0.00,0.00,36.5,125.52,634.66,265.97,DESCEND
7.3693,-0.0618,0.1683,-0.0549,-0.01038,-0.00895,0.01150,-5.00,0.00,0.00,36.5,125.52,634.66,265.93,DESCEND
7.3794,-0.0718,0.3883,-0.0049,-0.00338,-0.00395,0.01950,-5.00,0.00,0.00,36.6,125.52,634.66,265.87,DESCEND
7.3895,0.0381,0.4183,0.0450,-0.00438,-0.00895,0.01350,-5.00,0.00,0.00,36.6,125.52,634.66,265.83,DESCEND
7.3996,0.0481,0.0583,0.0150,0.01261,0.00104,0.01150,-5.00,0.00,0.00,36.7,125.52,634.66,265.77,DESCEND
7.4097,-0.2118,0.1883,-0.1049,0.00761,0.00304,0.01750,-5.00,0.00,0.00,36.7,125.52,634.66,265.73,DESCEND
7.4198,0.0181,-0.1416,0.3650,0.01361,0.00304,0.01050,-5.00,0.00,0.00,36.8,125.52,634.67,265.67,DESCEND
7.4299,-0.1818,0.2183,0.1350,-0.00738,0.00604,0.01650,-5.00,0.00,0.00,36.8,125.52,634.67,265.63,DESCEND
7.4400,0.0381,0.1383,-0.0149,0.00661,-0.01295,0.01350,-5.00,0.00,0.00,36.9,125.52,634.67,265.57,DESCEND
7.4501,-0.0218,0.1083,0.0250,0.00061,-0.00695,0.01250,-5.00,0.00,0.00,36.9,125.52,634.67,265.53,DESCEND
7.4602,0.1981,0.0483,0.0650,0.00461,-0.00895,0.01250,-5.00,0.00,0.00,37.0,125.52,634.67,265.47,DESCEND
7.4703,-0.0318,-0.3316,0.5450,-0.01738,-0.00995,0.00950,-5.00,0.00,0.00,37.0,125.52,634.68,265.43,DESCEND
7.4804,-0.0818,0.2483,-0.1349,-0.00138,-0.01195,0.01350,-5.00,0.00,0.00,37.1,125.52,634.68,265.37,DESCEND
7.4905,0.0681,0.0483,0.2750,-0.00838,-0.01395,0.01350,-5.00,0.00,0.00,37.1,125.52,634.68,265.31,DESCEND
7.5006,0.0381,0.1283,-0.1849,-0.00038,0.00404,0.01350,-5.00,0.00,0.00,37.2,125.52,634.68,265.27,DESCEND
7.5107,0.1381,-0.1316,0.2750,0.01361,-0.00495,0.01150,-5.00,0.00,0.00,37.2,125.52,634.68,265.21,DESCEND
7.5208,0.1481,-0.0016,0.1950,-0.00138,-0.00795,0.01250,-5.00,0.00,0.00,37.3,125.52,634.69,265.17,DESCEND
7.5309,-0.0418,-0.0016,-0.0749,0.00561,0.00704,0.01350,-5.00,0.00,0.00,37.3,125.52,634.69,265.11,DESCEND
7.5410,0.0481,-0.0016,0.1050,-0.00338,-0.00795,0.01450,-5.00,0.00,0.00,37.4,125.52,634.69,265.07,DESCEND
7.5511,0.0881,0.1183,0.2850,0.00561,-0.00795,0.01450,-5.00,0.00,0.00,37.4,125.52,634.69,265.01,DESCEND
7.5613,0.0281,0.2483,-0.0249,0.00561,-0.00695,0.01850,-5.00,0.00,0.00,37.5,125.52,634.69,264.97,DESCEND
7.5714,0.0481,0.0283,0.1650,0.00561,-0.00095,0.01550,-5.00,0.00,0.00,37.5,125.52,634.69,264.91,DESCEND
7.5815,0.0281,0.0783,0.0250,-0.00138,-0.00495,0.01550,-5.00,0.00,0.00,37.6,125.52,634.70,264.87,DESCEND
7.5916,-0.1318,-0.1016,0.2150,-0.00138,-0.00395,0.01250,-5.00,0.00,0.00,37.6,125.52,634.70,264.81,DESCEND
7.6017,0.0281,0.2283,-0.0549,0.00161,-0.00595,0.01250,-5.00,0.00,0.00,37.7,125.52,634.70,264.77,DESCEND
7.6118,0.0281,0.1483,0.1650,0.02161,0.00304,0.01350,-5.00,0.00,0.00,37.7,125.52,634.70,264.71,DESCEND
7.6219,-0.0718,-0.1216,-0.0149,-0.00638,-0.01195,0.01450,-5.00,0.00,0.00,37.8,125.52,634.70,264.67,DESCEND
7.6320,-0.0318,-0.0716,0.2950,0.01161,0.00604,0.01050,-5.00,0.00,0.00,37.8,125.52,634.71,264.61,DESCEND
7.6421,0.0481,0.3083,-0.0549,0.00161,-0.00195,0.01350,-5.00,0.00,0.00,37.9,125.52,634.71,264.57,DESCEND
7.6522,0.2281,0.1383,0.0450,0.01161,-0.00195,0.01550,-5.00,0.00,0.00,37.9,125.52,634.71,264.51,DESCEND
7.6622,0.0581,-0.3216,-0.0149,-0.00538,-0.00895,0.00750,-5.00,0.00,0.00,38.0,125.52,634.71,264.45,DESCEND
7.6723,0.0681,0.2283,-0.2149,0.00961,-0.00195,0.01450,-5.00,0.00,0.00,38.0,125.52,634.71,264.41,DESCEND
7.6824,-0.0818,-0.2016,0.5950,-0.00038,0.00204,0.01150,-5.00,0.00,0.00,38.1,125.52,634.72,264.35,DESCEND
7.6925,-0.1618,0.5383,-0.2649,0.00261,-0.00995,0.01950,-5.00,0.00,0.00,38.1,125.52,634.72,264.31,DESCEND
7.7026,0.0181,0.3383,-0.2749,-0.00238,-0.01595,0.01550,-5.00,0.00,0.00,38.2,125.52,634.72,264.25,DESCEND
7.7127,0.0481,0.2983,-0.1549,0.00661,-0.00695,0.01550,-5.00,0.00,0.00,38.2,125.52,634.72,264.21,DESCEND
7.7228,-0.0218,0.1483,-0.0549,-0.00038,-0.01195,0.01350,-5.00,0.00,0.00,38.3,125.52,634.72,264.15,DESCEND
7.7329,0.0681,-0.0616,0.1650,0.00461,-0.00295,0.01350,-5.00,0.00,0.00,38.3,125.52,634.72,264.11,DESCEND
7.7430,0.0281,0.0783,0.0250,0.00561,0.00304,0.00950,-5.00,0.00,0.00,38.4,125.52,634.73,264.05,DESCEND
7.7531,0.0381,-0.1916,0.3050,0.01361,0.00004,0.01350,-5.00,0.00,0.00,38.4,125.52,634.73,264.01,DESCEND
7.7632,0.0181,0.0983,0.2150,0.01761,0.01004,0.01050,-5.00,0.00,0.00,38.5,125.52,634.73,263.95,DESCEND
7.7733,0.0781,0.3583,-0.1649,-0.01238,-0.01595,0.01350,-5.00,0.00,0.00,38.5,125.52,634.73,263.91,DESCEND
7.7834,-0.0618,0.3283,0.0850,0.00861,0.00504,0.01650,-5.00,0.00,0.00,38.6,125.52,634.73,263.85,DESCEND
7.7935,-0.1118,0.3083,-0.1749,-0.00438,-0.00595,0.01350,-5.00,0.00,0.00,38.6,125.52,634.74,263.81,DESCEND
7.8036,0.1181,0.2383,-0.1249,-0.01338,-0.00895,0.01350,-5.00,0.00,0.00,38.7,125.52,634.74,263.75,DESCEND
7.8137,0.2581,0.0883,-0.0449,0.00661,-0.00395,0.01550,-5.00,0.00,0.00,38.7,125.52,634.74,263.71,DESCEND
7.8238,0.0181,0.0783,-0.0149,-0.00538,-0.01595,0.01250,-5.00,0.00,0.00,38.8,125.52,634.74,263.65,DESCEND
7.8339,0.0281,-0.2716,0.1250,0.01561,0.00604,0.01350,-5.00,0.00,0.00,38.8,125.52,634.74,263.61,DESCEND
7.8440,0.0981,0.0483,0.2150,0.01161,0.00304,0.01250,-5.00,0.00,0.00,38.9,125.52,634.75,263.55,DESCEND
7.8542,0.1181,-0.0116,-0.0749,0.01961,0.00104,0.01150,-5.00,0.00,0.00,38.9,125.52,634.75,263.51,DESCEND
7.8643,0.0581,0.0183,0.0150,0.01261,0.00004,0.01650,-5.00,0.00,0.00,39.0,125.52,634.75,263.45,DESCEND
7.8744,0.0581,0.2083,-0.0849,0.00361,-0.00195,0.01650,-5.00,0.00,0.00,39.0,125.53,634.75,263.39,DESCEND
7.8845,0.2981,0.0983,0.4450,0.01461,-0.00595,0.00950,-5.00,0.00,0.00,39.1,125.53,634.75,263.35,DESCEND
7.8946,0.1081,0.3383,-0.0849,0.00161,-0.00695,0.01650,-5.00,0.00,0.00,39.1,125.53,634.75,263.29,DESCEND
7.9047,-0.1918,-0.1016,-0.0849,-0.01038,-0.00795,0.01450,-5.00,0.00,0.00,39.2,125.53,634.76,263.25,DESCEND
7.9148,0.0581,0.1883,0.1350,0.01561,-0.00095,0.01350,-5.00,0.00,0.00,39.2,125.53,634.76,263.19,DESCEND
7.9249,0.1781,0.0483,0.1750,0.01461,0.00304,0.01150,-5.00,0.00,0.00,39.3,125.53,634.76,263.15,DESCEND
7.9349,0.0781,0.1683,0.0350,-0.00038,-0.00195,0.01150,-5.00,0.00,0.00,39.3,125.53,634.76,263.09,DESCEND
7.9450,-0.0218,-0.3016,0.3550,0.00361,0.00604,0.01150,-5.00,0.00,0.00,39.4,125.53,634.76,263.05,DESCEND
7.9551,-0.0518,0.0583,-0.0949,0.00661,0.00204,0.01450,-5.00,0.00,0.00,39.4,125.53,634.77,262.99,DESCEND
7.9652,-0.0418,-0.0016,0.1150,-0.00038,-0.00895,0.01250,-5.00,0.00,0.00,39.5,125.53,634.77,262.95,DESCEND
7.9753,0.0281,0.1283,-0.3249,-0.00238,-0.01995,0.01450,-5.00,0.00,0.00,39.5,125.53,634.77,262.89,DESCEND
7.9855,0.0681,0.0683,0.1350,0.01561,0.00104,0.01450,-5.00,0.00,0.00,39.6,125.53,634.77,262.86,DESCEND
7.9956,-0.1218,0.1183,0.2050,0.01461,0.00704,0.01650,-5.00,0.00,0.00,39.6,125.53,634.77,262.80,DESCEND
8.0057,0.1681,0.1783,-0.1549,-0.00038,-0.01095,0.01050,-5.00,0.00,0.00,39.7,125.53,634.77,262.76,DESCEND
8.0158,-0.0518,0.6583,-0.3249,0.01061,0.00004,0.01950,-5.00,0.00,0.00,39.7,125.53,634.78,262.70,DESCEND
8.0259,-0.1218,0.3583,-0.1049,-0.00638,-0.00595,0.01550,-5.00,0.00,0.00,39.8,125.53,634.78,262.66,DESCEND
8.0360,-0.0018,0.2083,-0.0149,0.00561,-0.00495,0.02050,-5.00,0.00,0.00,39.8,125.53,634.78,262.60,DESCEND
8.0461,-0.1018,0.2883,-0.0149,-0.01238,-0.00295,0.01650,-5.00,0.00,0.00,39.9,125.53,634.78,262.56,DESCEND
8.0562,-0.0918,-0.0116,-0.0049,-0.00838,-0.00795,0.01250,-5.00,0.00,0.00,39.9,125.53,634.78,262.50,DESCEND
8.0663,-0.0918,-0.0216,0.0650,0.00261,0.00104,0.01650,-5.00,0.00,0.00,40.0,125.53,634.79,262.44,DESCEND
8.0764,0.0381,-0.0316,-0.0649,0.00061,-0.00395,0.01350,-5.00,0.00,0.00,40.0,125.53,634.79,262.40,DESCEND
8.0865,-0.0418,0.2883,-0.0449,-0.00338,-0.00095,0.01150,-5.00,0.00,0.00,40.1,125.53,634.79,262.34,DESCEND
8.0966,0.0681,0.3783,-0.1649,0.01761,-0.00095,0.01450,-5.00,0.00,0.00,40.1,125.53,634.79,262.30,DESCEND
8.1067,0.1481,0.4283,-0.2749,0.01761,-0.00995,0.01450,-5.00,0.00,0.00,40.2,125.53,634.79,262.24,DESCEND
8.1168,-0.0618,0.0883,-0.0049,-0.00938,-0.01395,0.01650,-5.00,0.00,0.00,40.2,125.53,634.80,262.20,DESCEND
8.1269,-0.0018,0.1783,-0.2949,0.00961,-0.01295,0.01750,-5.00,0.00,0.00,40.3,125.53,634.80,262.14,DESCEND
8.1370,0.0581,0.3083,-0.1949,0.00961,-0.00595,0.01750,-5.00,0.00,0.00,40.3,125.53,634.80,262.10,DESCEND
8.1471,0.0581,0.3283,-0.4249,0.00961,-0.01495,0.01950,-5.00,0.00,0.00,40.4,125.53,634.80,262.04,DESCEND
8.1572,0.1081,-0.0516,0.1350,0.01961,0.00904,0.01650,-5.00,0.00,0.00,40.4,125.53,634.80,262.00,DESCEND
8.1673,0.0581,0.1383,0.0450,0.01661,0.00604,0.01250,-5.00,0.00,0.00,40.5,125.53,634.81,261.94,DESCEND
8.1774,0.0381,-0.1716,0.0750,0.01061,0.00004,0.01250,-5.00,0.00,0.00,40.5,125.53,634.81,261.90,DESCEND
8.1875,0.2681,0.0383,0.0150,0.01761,-0.00195,0.01450,-5.00,0.00,0.00,40.6,125.53,634.81,261.84,DESCEND
8.1976,0.0081,0.0283,-0.0749,0.02561,0.00904,0.01650,-5.00,0.00,0.00,40.6,125.53,634.81,261.80,DESCEND
8.2077,-0.1318,0.3483,-0.1349,0.00861,0.00104,0.01750,-5.00,0.00,0.00,40.7,125.53,634.81,261.74,DESCEND
8.2178,0.1981,-0.1516,0.3250,0.00961,0.00404,0.01350,-5.00,0.00,0.00,40.7,125.53,634.81,261.70,DESCEND
8.2279,0.1181,-0.0016,-0.1249,0.00761,-0.00195,0.01550,-5.00,0.00,0.00,40.8,125.53,634.82,261.64,DESCEND
8.2380,0.0981,0.0483,-0.0349,0.00061,-0.00395,0.01550,-5.00,0.00,0.00,40.8,125.53,634.82,261.60,DESCEND
8.2480,0.0181,0.0883,-0.1749,0.01961,0.00104,0.01250,-5.00,0.00,0.00,40.9,125.53,634.82,261.54,DESCEND
8.2581,0.0581,0.0683,0.1250,-0.01338,-0.01795,0.01550,-5.00,0.00,0.00,40.9,125.53,634.82,261.50,DESCEND
8.2682,0.1981,-0.0616,0.2350,0.01661,0.00804,0.01150,-5.00,0.00,0.00,41.0,125.53,634.82,261.44,DESCEND
8.2783,0.1581,-0.0916,0.1550,0.00861,0.00304,0.01450,-5.00,0.00,0.00,41.0,125.53,634.83,261.40,DESCEND
8.2884,-0.1818,0.3283,-0.0649,0.00361,0.00504,0.01750,-5.00,0.00,0.00,41.1,125.53,634.83,261.34,DESCEND
8.2986,0.2081,0.2183,0.0650,0.00961,-0.00295,0.01150,-5.00,0.00,0.00,41.2,125.53,634.83,261.28,DESCEND
8.3087,0.1281,0.2283,-0.2449,0.00961,-0.01095,0.01550,-5.00,0.00,0.00,41.2,125.53,634.83,261.24,DESCEND
8.3188,-0.1318,0.4783,-0.3649,0.01261,0.00004,0.01350,-5.00,0.00,0.00,41.3,125.53,634.83,261.18,DESCEND
8.3289,-0.0518,0.2783,-0.2349,0.00161,-0.00295,0.01550,-5.00,0.00,0.00,41.3,125.53,634.83,261.14,DESCEND
8.3389,0.1681,-0.0216,-0.0649,0.01761,0.00004,0.01150,-5.00,0.00,0.00,41.4,125.53,634.84,261.08,DESCEND
8.3490,-0.1218,0.1883,0.1450,-0.00138,-0.00595,0.01450,-5.00,0.00,0.00,41.4,125.53,634.84,261.04,DESCEND
8.3592,0.0481,0.1083,-0.0749,0.01461,-0.00095,0.01150,-5.00,0.00,0.00,41.5,125.53,634.84,260.98,DESCEND
8.3693,0.0781,0.1183,0.1050,0.00861,0.00104,0.01250,-5.00,0.00,0.00,41.5,125.53,634.84,260.94,DESCEND
8.3794,0.0881,-0.0016,0.0050,0.02261,0.00404,0.00950,-5.00,0.00,0.00,41.6,125.53,634.84,260.88,DESCEND
8.3895,0.0181,0.2783,-0.1349,-0.00438,-0.00995,0.01750,-5.00,0.00,0.00,41.6,125.53,634.85,260.84,DESCEND
8.3996,0.0881,0.4183,-0.3249,-0.00938,-0.00895,0.01650,-5.00,0.00,0.00,41.7,125.53,634.85,260.78,DESCEND
8.4097,-0.0718,0.3283,-0.1749,-0.00938,-0.01095,0.01550,-5.00,0.00,0.00,41.7,125.53,634.85,260.74,DESCEND
8.4198,0.0081,0.1583,-0.2049,-0.00238,-0.00995,0.01550,-5.00,0.00,0.00,41.8,125.53,634.85,260.68,DESCEND
8.4299,0.1681,0.0883,-0.1549,0.01761,-0.00695,0.01750,-5.00,0.00,0.00,41.8,125.53,634.85,260.64,DESCEND
8.4399,-0.0718,-0.0616,0.0650,0.00061,0.00604,0.01450,-5.00,0.00,0.00,41.9,125.53,634.86,260.58,DESCEND
8.4500,0.0381,-0.0616,0.1750,0.01361,0.00104,0.01650,-5.00,0.00,0.00,41.9,125.53,634.86,260.54,DESCEND
8.4601,0.1181,-0.0316,0.1950,0.01261,-0.00295,0.01450,-5.00,0.00,0.00,42.0,125.53,634.86,260.48,DESCEND
8.4702,0.1181,0.3783,-0.6849,0.01161,-0.01895,0.01650,-5.00,0.00,0.00,42.0,125.53,634.86,260.44,DESCEND
8.4803,-0.0018,-0.0316,0.1950,0.00061,0.00004,0.01650,-5.00,0.00,0.00,42.1,125.53,634.86,260.38,DESCEND
8.4904,-0.1718,-0.0216,0.3650,-0.00038,0.00004,0.01250,-5.00,0.00,0.00,42.1,125.53,634.87,260.32,DESCEND
8.5005,0.1081,0.0783,0.2850,-0.00238,-0.00595,0.01350,-5.00,0.00,0.00,42.2,125.53,634.87,260.28,DESCEND
8.5106,0.1981,0.3883,-0.2549,0.01161,-0.00395,0.01450,-5.00,0.00,0.00,42.2,125.53,634.87,260.22,DESCEND
8.5207,0.1281,-0.0516,-0.2249,0.00061,-0.00895,0.01450,-5.00,0.00,0.00,42.3,125.53,634.87,260.18,DESCEND
8.5308,0.1081,0.1283,-0.0949,0.01261,0.00204,0.01250,-5.00,0.00,0.00,42.3,125.53,634.87,260.12,DESCEND
8.5409,-0.0618,0.3083,-0.2549,0.01661,-0.00695,0.01650,-5.00,0.00,0.00,42.4,125.53,634.87,260.08,DESCEND
8.5510,0.0081,0.3783,-0.2449,-0.01938,-0.02495,0.01750,-5.00,0.00,0.00,42.4,125.53,634.88,260.02,DESCEND
8.5611,-0.0718,0.0283,0.2050,0.00561,0.00004,0.01450,-5.00,0.00,0.00,42.5,125.53,634.88,259.98,DESCEND
8.5712,-0.1418,0.2083,-0.2449,-0.00238,-0.00495,0.01650,-5.00,0.00,0.00,42.5,125.53,634.88,259.92,DESCEND
8.5813,-0.0418,0.2583,-0.1349,0.00761,-0.00395,0.01750,-5.00,0.00,0.00,42.6,125.53,634.88,259.88,DESCEND
8.5914,0.0481,-0.0116,0.1350,0.00461,-0.00395,0.01150,-5.00,0.00,0.00,42.6,125.53,634.88,259.82,DESCEND
8.6015,-0.0618,0.0983,-0.4049,0.00961,-0.00695,0.01550,-5.00,0.00,0.00,42.7,125.53,634.89,259.78,DESCEND
8.6116,-0.0418,-0.0716,0.3450,0.02261,0.01804,0.01350,-5.00,0.00,0.00,42.7,125.53,634.89,259.72,DESCEND
8.6217,0.1981,-0.1116,0.1750,0.02061,-0.00095,0.01250,-5.00,0.00,0.00,42.8,125.54,634.89,259.68,DESCEND
8.6319,-0.1218,0.3083,-0.2049,-0.00338,-0.00495,0.01850,-5.00,0.00,0.00,42.8,125.54,634.89,259.62,DESCEND
8.6419,0.2081,-0.3016,0.3150,0.01061,0.00004,0.01250,-5.00,0.00,0.00,42.9,125.54,634.89,259.58,DESCEND
8.6521,-0.1218,0.4183,-0.1949,-0.00538,-0.00695,0.01750,-5.00,0.00,0.00,42.9,125.54,634.89,259.52,DESCEND
8.6622,-0.0918,-0.1616,0.3050,0.01261,0.01504,0.01450,-5.00,0.00,0.00,43.0,125.54,634.90,259.48,DESCEND
8.6722,0.2081,-0.0316,0.3250,0.01661,0.00604,0.01250,-5.00,0.00,0.00,43.0,125.54,634.90,259.42,DESCEND
8.6823,0.1481,0.0283,-0.2449,-0.00138,-0.01295,0.01650,-5.00,0.00,0.00,43.1,125.54,634.90,259.38,DESCEND
8.6924,-0.0118,0.1683,0.0950,0.00461,0.00704,0.01150,-5.00,0.00,0.00,43.1,125.54,634.90,259.32,DESCEND
8.7025,0.1881,-0.0216,0.1450,0.02161,0.00704,0.01150,-5.00,0.00,0.00,43.2,125.54,634.90,259.26,DESCEND
8.7126,0.2681,-0.1216,0.1950,0.02261,-0.00095,0.01350,-5.00,0.00,0.00,43.2,125.54,634.91,259.22,DESCEND
8.7227,0.1681,0.3083,-0.2149,0.00661,-0.00895,0.01550,-5.00,0.00,0.00,43.3,125.54,634.91,259.16,DESCEND
8.7328,-0.0818,0.2083,-0.1149,0.00661,0.00004,0.01450,-5.00,0.00,0.00,43.3,125.54,634.91,259.12,DESCEND
8.7429,-0.0618,-0.1516,0.4150,0.01461,0.01904,0.01450,-5.00,0.00,0.00,43.4,125.54,634.91,259.06,DESCEND
8.7531,0.0281,-0.0016,0.1650,0.01061,0.01204,0.01550,-5.00,0.00,0.00,43.4,125.54,634.91,259.02,DESCEND
8.7632,0.0181,0.2183,0.2250,-0.00138,0.00804,0.01250,-5.00,0.00,0.00,43.5,125.54,634.91,258.98,DESCEND
8.7733,-0.1418,0.3083,-0.2049,-0.01038,-0.01195,0.01450,-5.00,0.00,0.00,43.5,125.54,634.92,258.92,DESCEND
8.7834,0.0881,-0.2116,0.2350,0.00961,0.00704,0.01250,-5.00,0.00,0.00,43.6,125.54,634.92,258.86,DESCEND
8.7935,-0.0418,0.1083,0.1050,-0.00438,-0.00895,0.01550,-5.00,0.00,0.00,43.6,125.54,634.92,258.82,DESCEND
8.8036,-0.1218,0.2983,-0.4149,-0.00038,-0.01195,0.01650,-5.00,0.00,0.00,43.7,125.54,634.92,258.76,DESCEND
8.8136,0.1381,0.2883,-0.2349,0.01761,-0.00395,0.01450,-5.00,0.00,0.00,43.7,125.54,634.92,258.72,DESCEND
8.8237,0.0581,0.0783,-0.0049,0.01061,-0.00195,0.01550,-5.00,0.00,0.00,43.8,125.54,634.93,258.66,DESCEND
8.8339,0.0881,0.3183,-0.2149,0.00561,-0.00795,0.01450,-5.00,0.00,0.00,43.8,125.54,634.93,258.62,DESCEND
8.8439,-0.0718,0.2583,-0.3549,0.01661,-0.00195,0.01650,-5.00,0.00,0.00,43.9,125.54,634.93,258.56,DESCEND
8.8540,-0.0018,0.3383,0.0150,0.00461,0.00104,0.01150,-5.00,0.00,0.00,43.9,125.54,634.93,258.52,DESCEND
8.8641,0.0181,-0.0416,-0.1249,-0.00338,-0.00795,0.01450,-5.00,0.00,0.00,44.0,125.54,634.93,258.46,DESCEND
8.8742,0.1581,0.3883,-0.3149,0.01361,-0.01795,0.02050,-5.00,0.00,0.00,44.0,125.54,634.94,258.42,DESCEND
8.8843,0.1381,-0.0316,0.1350,0.02061,0.01004,0.01050,-5.00,0.00,0.00,44.1,125.54,634.94,258.36,DESCEND
8.8944,0.1281,0.2683,-0.4549,0.00261,-0.01495,0.01650,-5.00,0.00,0.00,44.1,125.54,634.94,258.30,DESCEND
8.9045,-0.1118,0.0283,0.4150,-0.00838,0.00904,0.01250,-5.00,0.00,0.00,44.2,125.54,634.94,258.26,DESCEND
8.9146,0.0481,0.1183,0.0950,0.01461,0.00904,0.01250,-5.00,0.00,0.00,44.2,125.54,634.94,258.20,DESCEND
8.9247,-0.0218,0.4583,-0.2249,0.01161,-0.00095,0.01850,-5.00,0.00,0.00,44.3,125.54,634.95,258.16,DESCEND
8.9348,0.1181,-0.1916,0.3650,0.01661,-0.00395,0.01550,-5.00,0.00,0.00,44.3,125.54,634.95,258.10,DESCEND
8.9449,0.0481,0.4283,-0.2049,0.00461,-0.00795,0.01950,-5.00,0.00,0.00,44.4,125.54,634.95,258.06,DESCEND
8.9549,0.0381,-0.1516,0.1550,0.01061,0.00204,0.01050,-5.00,0.00,0.00,44.4,125.54,634.95,258.00,DESCEND
8.9650,-0.2418,0.6483,-0.1249,-0.01238,-0.00995,0.02050,-5.00,0.00,0.00,44.5,125.54,634.95,257.96,DESCEND
8.9751,-0.0918,0.2383,0.0050,-0.00038,-0.00695,0.01750,-5.00,0.00,0.00,44.5,125.54,634.95,257.90,DESCEND
8.9852,0.0181,0.3083,-0.3049,0.01461,-0.00195,0.01750,-5.00,0.00,0.00,44.6,125.54,634.96,257.86,DESCEND
8.9953,-0.0718,-0.0316,0.1750,0.00461,0.00304,0.01450,-5.00,0.00,0.00,44.6,125.54,634.96,257.80,DESCEND
9.0054,-0.1018,0.1383,0.2350,0.00461,0.00204,0.01550,-5.00,0.00,0.00,44.7,125.54,634.96,257.76,DESCEND
9.0155,-0.0918,0.2583,-0.0049,0.00361,-0.00095,0.01650,-5.00,0.00,0.00,44.7,125.54,634.96,257.70,DESCEND
9.0256,0.1381,0.2083,-0.2149,0.00661,-0.00095,0.01750,-5.00,0.00,0.00,44.8,125.54,634.96,257.66,DESCEND
9.0357,-0.0518,-0.0916,0.2350,-0.02138,-0.01595,0.01150,-5.00,0.00,0.00,44.8,125.54,634.97,257.60,DESCEND
9.0458,-0.0118,0.3583,-0.2949,-0.01038,-0.01195,0.01850,-5.00,0.00,0.00,44.9,125.54,634.97,257.56,DESCEND
9.0559,0.0881,0.3583,-0.3149,0.01661,-0.00695,0.01550,-5.00,0.00,0.00,44.9,125.54,634.97,257.50,DESCEND
9.0660,0.0781,-0.0816,0.2150,0.00861,-0.00095,0.01150,-5.00,0.00,0.00,45.0,125.54,634.97,257.46,DESCEND
9.0761,0.1281,0.0583,-0.2649,0.01661,-0.00695,0.01550,-5.00,0.00,0.00,45.0,125.54,634.97,257.40,DESCEND
9.0862,-0.1218,0.1383,-0.0449,-0.01038,-0.01395,0.01450,-5.00,0.00,0.00,45.1,125.54,634.97,257.36,DESCEND
9.0963,0.0881,0.0683,-0.0849,0.00461,-0.00195,0.01450,-5.00,0.00,0.00,45.1,125.54,634.98,257.30,DESCEND
9.1064,-0.1618,0.2183,-0.1849,-0.00838,-0.01195,0.01750,-5.00,0.00,0.00,45.2,125.54,634.98,257.26,DESCEND
9.1165,-0.0518,0.2983,-0.2549,0.00661,-0.00195,0.01850,-5.00,0.00,0.00,45.2,125.54,634.98,257.20,DESCEND
9.1266,0.1281,0.1783,0.0150,0.02061,0.00404,0.01450,-5.00,0.00,0.00,45.3,125.54,634.98,257.14,DESCEND
9.1367,-0.0018,-0.0016,0.0850,-0.01038,-0.00695,0.01250,-5.00,0.00,0.00,45.3,125.54,634.98,257.10,DESCEND
9.1468,0.1381,-0.2716,0.6450,0.01061,0.00904,0.01150,-5.00,0.00,0.00,45.4,125.54,634.99,257.04,DESCEND
9.1569,0.1781,0.1483,0.0050,0.01161,-0.00095,0.01250,-5.00,0.00,0.00,45.4,125.54,634.99,257.00,DESCEND
9.1670,-0.1218,0.2383,0.0450,-0.00138,-0.00495,0.01550,-5.00,0.00,0.00,45.5,125.54,634.99,256.94,DESCEND
9.1771,-0.0018,-0.1416,0.1350,0.01361,-0.00295,0.01650,-5.00,0.00,0.00,45.5,125.54,634.99,256.90,DESCEND
9.1872,0.0181,0.1983,-0.1549,0.00261,-0.00895,0.01850,-5.00,0.00,0.00,45.6,125.54,634.99,256.84,DESCEND
9.1973,0.0281,-0.2116,0.0050,0.00961,-0.00895,0.01050,-5.00,0.00,0.00,45.6,125.54,635.00,256.80,DESCEND
9.2074,0.0181,-0.1116,0.1050,0.01661,0.00804,0.01350,-5.00,0.00,0.00,45.7,125.54,635.00,256.74,DESCEND
9.2175,-0.1018,0.0583,0.1450,0.00361,-0.00895,0.01450,-5.00,0.00,0.00,45.7,125.54,635.00,256.70,DESCEND
9.2275,-0.0218,0.1583,0.0050,0.00561,-0.00495,0.01550,-5.00,0.00,0.00,45.8,125.54,635.00,256.64,DESCEND
9.2376,-0.0918,0.3083,-0.0749,0.00361,0.00004,0.02050,-5.00,0.00,0.00,45.8,125.54,635.00,256.60,DESCEND
9.2477,-0.1318,-0.1716,0.3350,-0.00138,0.00204,0.01250,-5.00,0.00,0.00,45.9,125.54,635.01,256.54,DESCEND
9.2578,-0.0118,0.2783,-0.2149,-0.00938,-0.01695,0.01350,-5.00,0.00,0.00,45.9,125.54,635.01,256.50,DESCEND
9.2679,0.0781,0.3483,-0.4449,0.00361,-0.01295,0.01850,-5.00,0.00,0.00,46.0,125.54,635.01,256.44,DESCEND
9.2780,0.0881,0.4383,-0.0049,0.00861,0.00004,0.01550,-5.00,0.00,0.00,46.0,125.54,635.01,256.40,DESCEND
9.2881,0.0381,-0.2816,0.0450,0.00661,-0.00795,0.01350,-5.00,0.00,0.00,46.1,125.54,635.01,256.34,DESCEND
9.2982,-0.0118,0.3683,-0.1749,-0.00738,-0.01195,0.01750,-5.00,0.00,0.00,46.1,125.54,635.01,256.30,DESCEND
9.3083,0.0081,-0.1316,0.0550,0.00961,-0.00095,0.01250,-5.00,0.00,0.00,46.2,125.54,635.02,256.24,DESCEND
9.3184,-0.0818,0.1883,0.2950,0.00061,-0.00595,0.01950,-5.00,0.00,0.00,46.3,125.54,635.02,256.18,DESCEND
9.3286,-0.1218,0.1183,0.0250,0.00561,0.00704,0.01350,-5.00,0.00,0.00,46.3,125.54,635.02,256.14,DESCEND
9.3387,-0.0418,0.2083,-0.1149,0.01261,0.00304,0.01850,-5.00,0.00,0.00,46.4,125.54,635.02,256.08,DESCEND
9.3487,0.1981,0.3983,-0.1949,0.00561,-0.00795,0.01750,-5.00,0.00,0.00,46.4,125.54,635.02,256.04,DESCEND
9.3589,0.0981,0.5083,0.1450,0.00261,-0.00395,0.01650,-5.00,0.00,0.00,46.5,125.54,635.03,255.98,DESCEND
9.3689,0.1781,0.1583,-0.1049,0.00461,-0.00695,0.01650,-5.00,0.00,0.00,46.5,125.54,635.03,255.94,DESCEND
9.3790,-0.0018,-0.0516,0.1950,0.00861,0.01104,0.01250,-5.00,0.00,0.00,46.6,125.55,635.03,255.88,DESCEND
9.3891,-0.0918,0.3083,-0.1449,-0.00938,-0.01195,0.01950,-5.00,0.00,0.00,46.6,125.55,635.03,255.84,DESCEND
9.3993,-0.0618,-0.0116,0.2550,0.01061,-0.00295,0.01350,-5.00,0.00,0.00,46.7,125.55,635.03,255.78,DESCEND
9.4093,-0.0218,0.0983,0.2450,0.00061,0.00304,0.01550,-5.00,0.00,0.00,46.7,125.55,635.03,255.74,DESCEND
9.4195,0.0181,0.1283,-0.1149,-0.00638,-0.00895,0.01550,-5.00,0.00,0.00,46.8,125.55,635.04,255.68,DESCEND
9.4296,0.0181,0.1783,-0.3149,-0.00938,-0.01995,0.01550,-5.00,0.00,0.00,46.8,125.55,635.04,255.64,DESCEND
9.4396,0.1381,0.1283,-0.1849,0.01061,-0.00195,0.01650,-5.00,0.00,0.00,46.9,125.55,635.04,255.58,DESCEND
9.4498,0.1381,0.0883,-0.0949,0.01761,0.00304,0.01650,-5.00,0.00,0.00,46.9,125.55,635.04,255.54,DESCEND
9.4599,0.0381,-0.1616,0.3650,0.00261,-0.00195,0.01350,-5.00,0.00,0.00,47.0,125.55,635.04,255.48,DESCEND
9.4699,0.2281,-0.1116,0.3850,0.01761,0.00204,0.01550,-5.00,0.00,0.00,47.0,125.55,635.05,255.44,DESCEND
9.4800,0.1081,0.0683,-0.0049,-0.01038,-0.00395,0.01150,-5.00,0.00,0.00,47.1,125.55,635.05,255.38,DESCEND
9.4901,0.0581,0.0183,-0.0149,0.01061,0.00204,0.01350,-5.00,0.00,0.00,47.1,125.55,635.05,255.34,DESCEND
9.5002,0.1781,0.0783,0.0050,0.01161,-0.01395,0.01950,-5.00,0.00,0.00,47.2,125.55,635.05,255.28,DESCEND
9.5103,-0.0618,-0.0416,0.0150,0.00661,0.00504,0.01250,-5.00,0.00,0.00,47.2,125.55,635.05,255.24,DESCEND
9.5205,-0.1218,0.4683,-0.1949,-0.01038,-0.00395,0.01450,-5.00,0.00,0.00,47.3,125.55,635.06,255.18,DESCEND
9.5306,-0.0818,0.3483,-0.1549,-0.00838,-0.01395,0.01950,-5.00,0.00,0.00,47.3,125.55,635.06,255.12,DESCEND
9.5407,-0.1818,0.2083,0.1850,-0.00038,0.00604,0.01550,-5.00,0.00,0.00,47.4,125.55,635.06,255.08,DESCEND
9.5508,-0.1018,-0.0016,0.2450,0.01061,0.00904,0.01550,-5.00,0.00,0.00,47.4,125.55,635.06,255.02,DESCEND
9.5608,0.0481,0.1283,-0.1649,-0.00138,-0.01295,0.01450,-5.00,0.00,0.00,47.5,125.55,635.06,254.98,DESCEND
9.5710,0.0281,-0.0216,-0.3649,0.00461,-0.00495,0.01350,-5.00,0.00,0.00,47.5,125.55,635.07,254.92,DESCEND
9.5811,0.1881,-0.1316,0.3050,0.02161,0.00704,0.01450,-5.00,0.00,0.00,47.6,125.55,635.07,254.88,DESCEND
9.5912,-0.0018,0.3783,0.0750,0.01161,0.00204,0.01750,-5.00,0.00,0.00,47.6,125.55,635.07,254.82,DESCEND
9.6012,0.0781,0.0883,-0.0349,0.01261,0.00204,0.01550,-5.00,0.00,0.00,47.7,125.55,635.07,254.78,DESCEND
9.6113,-0.0218,0.3283,-0.0549,0.00561,0.00204,0.01750,-5.00,0.00,0.00,47.7,125.55,635.07,254.72,DESCEND
9.6214,0.3981,0.1583,-0.1949,0.00261,-0.01995,0.01150,-5.00,0.00,0.00,47.8,125.55,635.07,254.68,DESCEND
9.6315,-0.0118,0.3383,-0.2849,0.01061,-0.00695,0.02150,-5.00,0.00,0.00,47.8,125.55,635.08,254.62,DESCEND
9.6416,0.0981,0.1283,0.0650,0.00561,-0.00495,0.01650,-5.00,0.00,0.00,47.9,125.55,635.08,254.58,DESCEND
9.6517,0.2181,-0.0816,-0.0049,0.03161,0.01104,0.01350,-5.00,0.00,0.00,47.9,125.55,635.08,254.52,DESCEND
9.6618,0.0881,-0.1816,0.4050,0.02161,0.01604,0.01050,-5.00,0.00,0.00,48.0,125.55,635.08,254.48,DESCEND
9.6719,0.1181,-0.0716,0.1050,0.02561,0.00504,0.01050,-5.00,0.00,0.00,48.0,125.55,635.08,254.42,DESCEND
9.6820,-0.1118,0.2483,0.0150,0.00561,0.00604,0.01950,-5.00,0.00,0.00,48.1,125.55,635.09,254.38,DESCEND
9.6921,0.0381,0.2383,0.2350,-0.00538,-0.00495,0.01950,-5.00,0.00,0.00,48.1,125.55,635.09,254.32,DESCEND
9.7022,-0.0418,0.2983,-0.1149,-0.00838,-0.01395,0.01450,-5.00,0.00,0.00,48.2,125.55,635.09,254.28,DESCEND
9.7123,-0.1018,0.1083,0.2750,-0.00138,0.00004,0.01550,-5.00,0.00,0.00,48.2,125.55,635.09,254.22,DESCEND
9.7224,-0.0418,0.3583,-0.0749,0.00761,0.00504,0.01750,-5.00,0.00,0.00,48.3,125.55,635.09,254.16,DESCEND
9.7325,-0.0618,-0.0316,0.2250,0.00361,0.00604,0.01550,-5.00,0.00,0.00,48.3,125.55,635.09,254.12,DESCEND
9.7427,0.2581,0.1283,0.1050,0.01661,-0.00395,0.01450,-5.00,0.00,0.00,48.4,125.55,635.10,254.06,DESCEND
9.7528,0.1981,0.1683,-0.1849,0.01061,0.00104,0.01550,-5.00,0.00,0.00,48.4,125.55,635.10,254.02,DESCEND
9.7629,0.0581,-0.0216,-0.0649,0.02261,0.00404,0.01650,-5.00,0.00,0.00,48.5,125.55,635.10,253.96,DESCEND
9.7729,-0.0918,0.3383,-0.1949,-0.00038,-0.01495,0.01850,-5.00,0.00,0.00,48.5,125.55,635.10,253.92,DESCEND
9.7830,0.0881,0.2783,-0.3549,0.00361,-0.01295,0.01750,-5.00,0.00,0.00,48.6,125.55,635.10,253.86,DESCEND
9.7931,0.0781,-0.0216,0.1550,0.01661,0.01204,0.01750,-5.00,0.00,0.00,48.6,125.55,635.11,253.82,DESCEND
9.8032,0.0081,0.3383,-0.3149,-0.00838,-0.00595,0.01250,-5.00,0.00,0.00,48.7,125.55,635.11,253.76,DESCEND
9.8133,0.1681,0.2383,-0.3549,0.03061,-0.00295,0.01650,-5.00,0.00,0.00,48.7,125.55,635.11,253.72,DESCEND
9.8234,0.0181,0.1783,0.0250,-0.00238,-0.00095,0.01550,-5.00,0.00,0.00,48.8,125.55,635.11,253.66,DESCEND
9.8335,0.1281,0.4583,-0.3149,0.00761,0.00004,0.01550,-5.00,0.00,0.00,48.8,125.55,635.11,253.62,DESCEND
9.8436,0.2081,-0.1016,0.1150,0.02361,-0.00195,0.01650,-5.00,0.00,0.00,48.9,125.55,635.12,253.56,DESCEND
9.8537,-0.0818,0.1183,-0.0149,-0.00338,-0.00495,0.01450,-5.00,0.00,0.00,48.9,125.55,635.12,253.52,DESCEND
9.8638,-0.1518,0.2583,0.2350,-0.01038,-0.00095,0.01850,-5.00,0.00,0.00,49.0,125.55,635.12,253.46,DESCEND
9.8739,-0.0218,0.1983,-0.2049,-0.00438,-0.01195,0.02050,-5.00,0.00,0.00,49.0,125.55,635.12,253.42,DESCEND
9.8840,-0.1518,0.3083,-0.2349,-0.00538,-0.00295,0.01750,-5.00,0.00,0.00,49.1,125.55,635.12,253.36,DESCEND
9.8941,-0.0518,-0.1316,0.1350,-0.00238,0.00004,0.01550,-5.00,0.00,0.00,49.1,125.55,635.12,253.32,DESCEND
9.9042,0.0581,0.1083,-0.0049,0.00561,0.00204,0.01650,-5.00,0.00,0.00,49.2,125.55,635.13,253.26,DESCEND
9.9143,0.2381,0.0283,0.0850,0.02761,0.01104,0.01150,-5.00,0.00,0.00,49.2,125.55,635.13,253.20,DESCEND
9.9244,0.1481,0.2583,-0.1949,0.00761,-0.01595,0.01850,-5.00,0.00,0.00,49.3,125.55,635.13,253.16,DESCEND
9.9345,-0.1318,0.4983,-0.1349,0.00161,0.00104,0.01750,-5.00,0.00,0.00,49.3,125.55,635.13,253.10,DESCEND
9.9446,-0.0518,0.1083,-0.0249,0.01761,0.00104,0.01850,-5.00,0.00,0.00,49.4,125.55,635.13,253.06,DESCEND
9.9547,0.0181,-0.2116,0.2950,0.01161,0.00804,0.01150,-5.00,0.00,0.00,49.4,125.55,635.14,253.00,DESCEND
9.9648,0.0381,0.1183,-0.0549,0.00561,-0.00195,0.01550,-5.00,0.00,0.00,49.5,125.55,635.14,252.96,DESCEND
9.9749,-0.0418,0.2983,-0.1949,-0.01338,-0.01695,0.02250,-5.00,0.00,0.00,49.5,125.55,635.14,252.90,DESCEND
9.9850,0.0281,0.2183,0.0950,0.01061,0.00304,0.01450,-5.00,0.00,0.00,49.6,125.55,635.14,252.86,DESCEND
9.9952,0.1181,0.0383,-0.0049,0.01461,0.00504,0.01650,-5.00,0.00,0.00,49.6,125.55,635.14,252.80,DESCEND
10.0053,0.0981,0.0583,-0.0449,0.00261,0.00304,0.01350,-5.00,0.00,0.00,49.7,125.55,635.15,252.76,DESCEND
10.0154,-0.0218,0.0183,0.4450,-0.01238,0.00604,0.01250,-5.00,0.00,0.00,49.7,125.55,635.15,252.70,DESCEND
10.0255,-0.0718,0.1483,-0.0549,0.01961,0.01204,0.01750,-5.00,0.00,0.00,49.8,125.55,635.15,252.66,DESCEND
10.0356,-0.1218,0.5683,-0.0849,-0.00638,-0.00595,0.01650,-5.00,0.00,0.00,49.8,125.55,635.15,252.60,DESCEND
10.0457,-0.0618,-0.0216,-0.0649,0.01561,-0.01395,0.01550,-5.00,0.00,0.00,49.9,125.55,635.15,252.56,DESCEND
10.0558,0.0381,-0.0116,-0.1449,0.00061,-0.00495,0.01650,-5.00,0.00,0.00,49.9,125.55,635.15,252.50,DESCEND
10.0660,0.0781,0.1983,0.0650,0.00761,0.00604,0.01150,-5.00,0.00,0.00,50.0,125.55,635.16,252.46,DESCEND
10.0761,0.0781,0.3483,-0.0649,0.00961,-0.00695,0.01750,-5.00,0.00,0.00,50.0,125.55,635.16,252.40,DESCEND
10.0862,0.0281,0.2383,-0.1549,-0.00638,-0.01495,0.01850,-5.00,0.00,0.00,50.1,125.55,635.16,252.36,DESCEND
10.0963,0.0181,-0.1216,0.0650,0.00361,0.00604,0.01450,-5.00,0.00,0.00,50.1,125.55,635.16,252.30,DESCEND
10.1064,0.0881,0.1583,-0.0149,0.01961,0.00204,0.01750,-5.00,0.00,0.00,50.2,125.55,635.16,252.24,DESCEND
10.1165,0.0181,0.1883,-0.0149,0.00861,0.00504,0.01350,-5.00,0.00,0.00,50.2,125.55,635.17,252.20,DESCEND
10.1266,0.2481,-0.1816,0.2450,0.01261,0.00604,0.01150,-5.00,0.00,0.00,50.3,125.55,635.17,252.14,DESCEND
10.1367,0.2081,0.0983,0.0550,0.02161,-0.00195,0.01550,-5.00,0.00,0.00,50.3,125.55,635.17,252.10,DESCEND
10.1468,-0.0418,0.1183,-0.0649,-0.01138,-0.00995,0.01350,-5.00,0.00,0.00,50.4,125.55,635.17,252.04,DESCEND
10.1835,-0.0218,0.2283,-0.1449,0.00361,-0.00795,0.01850,-5.00,0.00,0.00,50.6,125.56,635.18,251.86,DESCEND
10.1936,-0.0318,-0.1316,0.0250,0.02061,0.00404,0.01550,-5.00,0.00,0.00,50.6,125.56,635.18,251.82,DESCEND
10.2037,-0.0118,-0.1116,0.3250,0.00861,0.00904,0.01250,-5.00,0.00,0.00,50.7,125.56,635.18,251.76,DESCEND
10.2138,0.0981,0.2783,-0.5449,0.01761,-0.02095,0.02250,-5.00,0.00,0.00,50.7,125.56,635.18,251.72,DESCEND
10.2239,0.1481,0.3183,-0.2349,0.01261,-0.00495,0.01550,-5.00,0.00,0.00,50.8,125.56,635.19,251.66,DESCEND
10.2341,-0.1518,0.2283,-0.1149,-0.00238,0.00004,0.01950,-5.00,0.00,0.00,50.8,125.56,635.19,251.62,DESCEND
10.2442,-0.0918,0.0283,0.3950,0.00161,0.00504,0.01350,-5.00,0.00,0.00,50.9,125.56,635.19,251.56,DESCEND
10.2543,-0.1318,-0.0916,0.1150,0.00361,0.00404,0.01650,-5.00,0.00,0.00,50.9,125.56,635.19,251.50,DESCEND
10.2644,0.1481,-0.0216,0.2850,0.00861,0.00804,0.01450,-5.00,0.00,0.00,51.0,125.56,635.19,251.46,DESCEND
10.2745,0.1081,0.3783,-0.1949,0.00561,-0.00695,0.01650,-5.00,0.00,0.00,51.0,125.56,635.20,251.40,DESCEND
10.2846,-0.0118,-0.0016,-0.1249,0.00161,-0.00695,0.01450,-5.00,0.00,0.00,51.1,125.56,635.20,251.36,DESCEND
10.2947,0.0981,-0.0416,0.2050,0.01461,-0.00295,0.01150,-5.00,0.00,0.00,51.1,125.56,635.20,251.30,DESCEND
10.3048,0.1981,0.1283,-0.1149,0.00361,-0.00895,0.01750,-5.00,0.00,0.00,51.2,125.56,635.20,251.26,DESCEND
10.3149,0.0381,0.3083,-0.0549,0.00261,-0.00495,0.01950,-5.00,0.00,0.00,51.2,125.56,635.20,251.20,DESCEND
10.3250,0.0381,-0.0616,0.2450,0.00561,-0.00795,0.01350,-5.00,0.00,0.00,51.3,125.56,635.20,251.16,DESCEND
10.3351,0.2581,-0.3916,0.2850,0.02661,0.00804,0.00950,-5.00,0.00,0.00,51.3,125.56,635.21,251.10,DESCEND
10.3452,0.0381,-0.1316,0.4250,0.02661,0.02304,0.01750,-5.00,0.00,0.00,51.4,125.56,635.21,251.06,DESCEND
10.3553,0.1481,0.2783,-0.2649,0.01461,-0.00795,0.01650,-5.00,0.00,0.00,51.4,125.56,635.21,251.00,DESCEND
10.3654,0.0881,0.1183,-0.0549,-0.00138,-0.00795,0.01350,-5.00,0.00,0.00,51.5,125.56,635.21,250.96,DESCEND
10.3755,0.0281,-0.0316,0.1050,0.01761,0.00704,0.01750,-5.00,0.00,0.00,51.5,125.56,635.21,250.90,DESCEND
10.3856,-0.0418,0.0483,0.1150,0.00561,-0.00495,0.01450,-5.00,0.00,0.00,51.6,125.56,635.22,250.86,DESCEND
10.3957,0.1881,0.3683,-0.1949,0.01161,-0.00495,0.01450,-5.00,0.00,0.00,51.6,125.56,635.22,250.80,DESCEND
10.4058,0.0781,0.0483,0.0350,0.02861,0.01304,0.01750,-5.00,0.00,0.00,51.7,125.56,635.22,250.76,DESCEND
10.4159,0.0881,0.2083,-0.3349,0.00961,-0.01395,0.01750,-5.00,0.00,0.00,51.7,125.56,635.22,250.70,DESCEND
10.4260,-0.0018,0.1783,-0.5249,0.00461,-0.01895,0.01650,-5.00,0.00,0.00,51.8,125.56,635.22,250.66,DESCEND
10.4361,-0.0218,0.3583,-0.1049,0.00261,-0.00195,0.01650,-5.00,0.00,0.00,51.8,125.56,635.23,250.60,DESCEND
10.4462,0.0881,0.3883,-0.1049,-0.00438,-0.00895,0.01850,-5.00,0.00,0.00,51.9,125.56,635.23,250.56,DESCEND
10.4563,0.0681,0.6383,-0.1149,0.01161,-0.00295,0.01950,-5.00,0.00,0.00,51.9,125.56,635.23,250.51,DESCEND
10.4664,0.2081,0.0083,0.2750,0.02061,0.00704,0.01350,-5.00,0.00,0.00,52.0,125.56,635.23,250.45,DESCEND
10.4765,0.0281,0.3683,-0.3449,-0.00338,-0.01195,0.01750,-5.00,0.00,0.00,52.0,125.56,635.23,250.41,DESCEND
10.4866,-0.0418,0.1983,0.1050,0.00761,-0.00795,0.01650,-5.00,0.00,0.00,52.1,125.56,635.23,250.35,DESCEND
10.4967,0.1081,0.1683,-0.0049,0.01061,-0.01195,0.01750,-5.00,0.00,0.00,52.1,125.56,635.24,250.31,DESCEND
10.5068,0.1881,0.3883,-0.2049,0.01961,-0.00695,0.01650,-5.00,0.00,0.00,52.2,125.56,635.24,250.25,DESCEND
10.5169,0.1281,0.1983,-0.1149,0.00061,-0.00695,0.01350,-5.00,0.00,0.00,52.2,125.56,635.24,250.21,DESCEND
10.5270,-0.1718,0.0183,0.2950,0.01061,0.01204,0.01550,-5.00,0.00,0.00,52.3,125.56,635.24,250.15,DESCEND
10.5371,0.0981,-0.1216,0.3250,0.01061,0.00204,0.01450,-5.00,0.00,0.00,52.3,125.56,635.24,250.11,DESCEND
10.5471,0.1481,0.0983,0.3950,0.02561,0.00704,0.01450,-5.00,0.00,0.00,52.4,125.56,635.25,250.05,DESCEND
10.5572,0.1081,0.1783,0.0850,0.00261,-0.00495,0.02150,-5.00,0.00,0.00,52.4,125.56,635.25,250.01,DESCEND
10.5674,0.1081,-0.4016,0.4350,0.01161,0.00604,0.00950,-5.00,0.00,0.00,52.5,125.56,635.25,249.95,DESCEND
10.5775,-0.0018,0.1283,0.0750,0.02561,0.00604,0.01550,-5.00,0.00,0.00,52.5,125.56,635.25,249.91,DESCEND
10.5876,0.0081,0.1783,0.0050,0.00561,-0.00095,0.01550,-5.00,0.00,0.00,52.6,125.56,635.25,249.85,DESCEND
10.5977,-0.1818,-0.0016,0.0050,0.00661,-0.00095,0.01850,-5.00,0.00,0.00,52.6,125.56,635.25,249.81,DESCEND
10.6077,0.1581,0.3383,-0.0749,0.01461,-0.00595,0.01550,-5.00,0.00,0.00,52.7,125.56,635.26,249.75,DESCEND
10.6178,0.2281,0.0083,-0.1349,0.02561,0.00104,0.01350,-5.00,0.00,0.00,52.7,125.56,635.26,249.71,DESCEND
10.6280,0.0181,0.2483,-0.0849,0.00161,-0.01095,0.01850,-5.00,0.00,0.00,52.8,125.56,635.26,249.65,DESCEND
10.6381,0.2381,0.3283,-0.0549,0.00661,-0.00995,0.01650,-5.00,0.00,0.00,52.8,125.56,635.26,249.61,DESCEND
10.6482,0.1681,0.0183,0.3550,0.02461,0.01304,0.01350,-5.00,0.00,0.00,52.9,125.56,635.26,249.55,DESCEND
10.6582,0.0681,0.0183,0.1750,0.02961,0.01304,0.01450,-5.00,0.00,0.00,53.0,125.56,635.27,249.49,DESCEND
10.6684,-0.2018,0.1283,-0.0549,-0.01538,-0.00895,0.01650,-5.00,0.00,0.00,53.0,125.56,635.27,249.45,DESCEND
10.6785,0.0381,0.1883,0.0550,0.01861,-0.00295,0.01850,-5.00,0.00,0.00,53.1,125.56,635.27,249.39,DESCEND
10.6886,-0.0618,0.0883,-0.0249,0.00561,0.00304,0.01550,-5.00,0.00,0.00,53.1,125.56,635.27,249.35,DESCEND
10.6987,-0.0518,-0.1216,0.0750,0.00961,0.00604,0.01250,-5.00,0.00,0.00,53.2,125.56,635.27,249.29,DESCEND
10.7088,0.1081,-0.1916,0.3850,0.03061,0.01004,0.01250,-5.00,0.00,0.00,53.2,125.56,635.28,249.25,DESCEND
10.7189,0.0781,0.3383,-0.1349,0.01261,-0.00195,0.01750,-5.00,0.00,0.00,53.3,125.56,635.28,249.19,DESCEND
10.7290,0.1781,0.2183,0.0850,0.00561,-0.00895,0.01850,-5.00,0.00,0.00,53.3,125.56,635.28,249.15,DESCEND
10.7391,-0.0418,0.2183,0.0650,-0.00438,-0.00795,0.02050,-5.00,0.00,0.00,53.4,125.56,635.28,249.09,DESCEND
10.7492,-0.1918,0.5683,-0.0249,-0.01138,-0.00495,0.01650,-5.00,0.00,0.00,53.4,125.56,635.28,249.05,DESCEND
10.7593,-0.0318,0.5083,-0.0449,0.01161,-0.00395,0.02150,-5.00,0.00,0.00,53.5,125.56,635.29,248.99,DESCEND
10.7694,-0.0818,0.1683,0.2050,-0.00738,-0.00295,0.01650,-5.00,0.00,0.00,53.5,125.56,635.29,248.95,DESCEND
10.7795,0.0881,-0.1016,0.1650,0.01261,0.00304,0.01350,-5.00,0.00,0.00,53.6,125.56,635.29,248.89,DESCEND
10.7896,0.0681,0.2783,-0.0349,0.00461,-0.00295,0.01550,-5.00,0.00,0.00,53.6,125.56,635.29,248.85,DESCEND
10.7997,-0.1418,-0.1416,0.1950,-0.00138,-0.00395,0.01350,-5.00,0.00,0.00,53.7,125.56,635.29,248.79,DESCEND
10.8099,0.0481,0.0083,-0.0549,0.00461,-0.00495,0.01850,-5.00,0.00,0.00,53.7,125.56,635.29,248.75,DESCEND
10.8200,0.0281,0.1883,-0.0049,0.00661,0.00204,0.01650,-5.00,0.00,0.00,53.8,125.56,635.30,248.69,DESCEND
10.8301,-0.2718,0.4283,-0.3949,-0.00538,-0.00995,0.01850,-5.00,0.00,0.00,53.8,125.56,635.30,248.65,DESCEND
10.8402,-0.2118,-0.0516,0.4150,-0.01138,0.00704,0.01450,-5.00,0.00,0.00,53.9,125.56,635.30,248.59,DESCEND
10.8503,0.0781,0.1083,0.1950,0.01061,-0.00195,0.01650,-5.00,0.00,0.00,53.9,125.56,635.30,248.55,DESCEND
10.8604,-0.0618,0.5683,-0.0049,-0.00738,-0.00595,0.01750,-5.00,0.00,0.00,54.0,125.56,635.30,248.49,DESCEND
10.8705,0.1081,0.1283,0.3950,-0.00038,-0.00295,0.01350,-5.00,0.00,0.00,54.0,125.56,635.31,248.43,DESCEND
10.8805,-0.0618,0.3583,-0.0949,0.00661,0.00304,0.02050,-5.00,0.00,0.00,54.1,125.56,635.31,248.39,DESCEND
10.8907,-0.1918,-0.0616,0.3250,-0.00038,0.01704,0.01650,-5.00,0.00,0.00,54.1,125.56,635.31,248.33,DESCEND
10.9008,0.1081,0.1783,-0.1649,0.01961,0.00104,0.01750,-5.00,0.00,0.00,54.2,125.56,635.31,248.29,DESCEND
10.9109,0.0581,0.0983,0.0750,-0.00138,0.00104,0.01250,-5.00,0.00,0.00,54.2,125.56,635.31,248.23,DESCEND
10.9209,0.0781,0.2483,-0.0549,0.01661,0.00004,0.01950,-5.00,0.00,0.00,54.3,125.56,635.31,248.19,DESCEND
10.9310,0.0381,0.1083,0.0650,0.00361,-0.00995,0.01350,-5.00,0.00,0.00,54.3,125.56,635.32,248.13,DESCEND
10.9411,-0.0218,0.1083,0.0650,0.02361,-0.00395,0.01750,-5.00,0.00,0.00,54.4,125.56,635.32,248.09,DESCEND
10.9512,0.1981,0.2783,-0.1849,0.01061,-0.00995,0.01750,-5.00,0.00,0.00,54.4,125.56,635.32,248.03,DESCEND
10.9613,-0.0618,-0.1116,0.2650,0.00361,0.00904,0.01450,-5.00,0.00,0.00,54.5,125.57,635.32,247.99,DESCEND
10.9715,-0.0818,-0.0116,0.1050,-0.00838,-0.01095,0.02050,-5.00,0.00,0.00,54.5,125.57,635.32,247.93,DESCEND
10.9816,0.0781,0.0683,0.2950,0.00661,0.00004,0.01550,-5.00,0.00,0.00,54.6,125.57,635.33,247.89,DESCEND
10.9917,0.0481,0.4083,0.0250,0.00761,0.00304,0.01850,-5.00,0.00,0.00,54.6,125.57,635.33,247.83,DESCEND
11.0018,0.0881,0.1283,0.0650,-0.00238,-0.00395,0.01750,-5.00,0.00,0.00,54.7,125.57,635.33,247.79,DESCEND
11.0119,0.1381,0.1683,0.0650,0.01861,-0.00595,0.01350,-5.00,0.00,0.00,54.7,125.57,635.33,247.73,DESCEND
11.0219,0.0681,0.0783,-0.0249,0.00761,0.00104,0.01650,-5.00,0.00,0.00,54.8,125.57,635.33,247.69,DESCEND
11.0320,-0.0318,0.1683,0.0950,-0.00938,-0.00495,0.01550,-5.00,0.00,0.00,54.8,125.57,635.34,247.63,DESCEND
11.0422,0.0781,0.0483,0.1950,0.01961,0.00004,0.01950,-5.00,0.00,0.00,54.9,125.57,635.34,247.59,DESCEND
11.0522,0.0581,0.1483,0.1150,0.02361,0.00404,0.01850,-5.00,0.00,0.00,54.9,125.57,635.34,247.53,DESCEND
11.0623,0.2881,-0.0416,0.4250,0.00661,0.00104,0.00850,-5.00,0.00,0.00,55.0,125.57,635.34,247.47,DESCEND
11.0724,-0.0118,-0.1516,0.4050,0.00061,0.00104,0.01950,-5.00,0.00,0.00,55.0,125.57,635.34,247.43,DESCEND
11.0826,0.1281,0.0183,-0.3449,0.03461,0.00504,0.01750,-5.00,0.00,0.00,55.1,125.57,635.35,247.37,DESCEND
11.0927,0.0881,0.3883,-0.2349,-0.01038,-0.00695,0.01750,-5.00,0.00,0.00,55.1,125.57,635.35,247.33,DESCEND
11.1028,0.1381,0.0883,0.1250,0.01361,0.01904,0.02050,-5.00,0.00,0.00,55.2,125.57,635.35,247.27,DESCEND
11.1129,0.0981,0.2583,0.1550,0.01461,0.02704,0.02350,-5.00,0.00,0.00,55.2,125.57,635.35,247.23,DESCEND
11.1229,0.3081,0.1383,0.2850,0.02061,0.02604,0.01850,-5.00,0.00,0.00,55.3,125.57,635.35,247.17,DESCEND
11.1330,0.1681,0.3983,-0.0049,0.00361,0.01904,0.02550,-5.00,0.00,0.00,55.3,125.57,635.35,247.13,DESCEND
11.1431,0.3081,0.2683,0.0250,0.00361,0.01904,0.02450,-5.00,0.00,0.00,55.4,125.57,635.36,247.07,DESCEND
11.1532,0.2781,0.3683,0.0550,0.00861,0.02804,0.02250,-5.00,0.00,0.00,55.4,125.57,635.36,247.03,DESCEND
11.1633,0.2081,-0.0216,0.0850,0.01061,0.04004,0.02850,-5.00,0.00,0.00,55.5,125.57,635.36,246.97,DESCEND
11.1734,0.1581,0.5683,-0.1149,0.00761,0.02404,0.03250,-5.00,0.00,0.00,55.5,125.57,635.36,246.93,DESCEND
11.1835,0.3481,0.0183,-0.1049,0.02161,0.04304,0.02550,-5.00,0.00,0.00,55.6,125.57,635.36,246.87,DESCEND
11.1936,-0.0718,0.3183,-0.2149,-0.00438,0.03904,0.03150,-5.00,0.00,0.00,55.6,125.57,635.37,246.83,DESCEND
11.2037,0.1481,0.2083,0.2750,-0.00138,0.03704,0.02850,-5.00,0.00,0.00,55.7,125.57,635.37,246.77,DESCEND
11.2139,0.1181,0.0383,0.1250,-0.01138,0.03804,0.02950,-5.00,0.00,0.00,55.7,125.57,635.37,246.73,DESCEND
11.2239,0.3581,0.2883,-0.1349,0.01461,0.03704,0.02750,-5.00,0.00,0.00,55.8,125.57,635.37,246.67,DESCEND
11.2340,0.1181,0.0883,0.4350,-0.00438,0.05304,0.02850,-5.00,0.00,0.00,55.8,125.57,635.37,246.63,DESCEND
11.2442,0.5381,0.2883,0.1450,-0.00138,0.03604,0.03350,-5.00,0.00,0.00,55.9,125.57,635.38,246.57,DESCEND
11.2543,0.1981,0.2583,0.1550,-0.00338,0.05604,0.03150,-5.00,0.00,0.00,55.9,125.57,635.38,246.51,DESCEND
11.2644,0.2581,0.0883,0.1750,-0.00638,0.05704,0.03150,-5.00,0.00,0.00,56.0,125.57,635.38,246.47,DESCEND
11.2745,0.3581,0.2583,0.2850,-0.00238,0.05504,0.03350,-5.00,0.00,0.00,56.0,125.57,635.38,246.41,DESCEND
11.2846,0.5281,0.3583,0.1450,0.00761,0.05804,0.03650,-5.00,0.00,0.00,56.1,125.57,635.38,246.37,DESCEND
11.2946,0.4681,0.2383,0.3850,0.01661,0.07404,0.03850,-5.00,0.00,0.00,56.1,125.57,635.38,246.31,DESCEND
11.3048,0.4581,0.3983,-0.2749,-0.01038,0.05604,0.03750,-5.00,0.00,0.00,56.2,125.57,635.39,246.27,DESCEND
11.3148,0.5181,0.2483,0.0550,0.01161,0.07404,0.03850,-5.00,0.00,0.00,56.2,125.57,635.39,246.21,DESCEND
11.3250,0.2181,0.3283,-0.0649,-0.00938,0.07204,0.04450,-5.00,0.00,0.00,56.3,125.57,635.39,246.17,DESCEND
11.3350,0.5081,0.0083,0.3150,0.01061,0.08604,0.03750,-5.00,0.00,0.00,56.3,125.57,635.39,246.11,DESCEND
11.3452,0.5881,0.3983,-0.1649,0.00261,0.07504,0.04750,-5.00,0.00,0.00,56.4,125.57,635.39,246.07,DESCEND
11.3553,0.5581,-0.0016,0.0350,-0.00038,0.07904,0.04250,-5.00,0.00,0.00,56.4,125.57,635.40,246.01,DESCEND
11.3654,0.5781,0.3783,0.1550,-0.00138,0.09304,0.04050,-5.00,0.00,0.00,56.5,125.57,635.40,245.97,DESCEND
11.3754,0.6281,0.2183,0.2750,0.00061,0.10004,0.04550,-5.00,0.00,0.00,56.5,125.57,635.40,245.91,DESCEND
11.3855,0.7581,0.3483,-0.0349,-0.00038,0.08404,0.04950,-5.00,0.00,0.00,56.6,125.57,635.40,245.87,DESCEND
11.3956,0.8481,0.5083,0.2150,0.00961,0.11104,0.04650,-5.00,0.00,0.00,56.6,125.57,635.40,245.81,DESCEND
11.4057,0.7181,0.1583,0.1750,0.00861,0.10704,0.04750,-5.00,0.00,0.00,56.7,125.57,635.40,245.77,DESCEND
11.4158,0.5481,0.2683,0.4250,-0.01338,0.11204,0.04850,-5.00,0.00,0.00,56.7,125.57,635.41,245.71,DESCEND
11.4259,0.6281,0.5383,-0.1649,-0.02538,0.09104,0.05550,-5.00,0.00,0.00,56.8,125.57,635.41,245.67,DESCEND
11.4361,0.7181,0.0983,-0.0949,-0.00638,0.11404,0.04850,-5.00,0.00,0.00,56.8,125.57,635.41,245.61,DESCEND
11.4461,0.6381,0.2683,0.0250,-0.00338,0.11304,0.05550,-5.00,0.00,0.00,56.9,125.57,635.41,245.57,DESCEND
11.4562,0.6981,0.0483,0.3850,-0.01738,0.12104,0.05150,-5.00,0.00,0.00,56.9,125.57,635.41,245.51,DESCEND
11.4663,0.6981,0.2583,0.0750,0.00361,0.12204,0.05650,-5.00,0.00,0.00,57.0,125.57,635.42,245.45,SEARCH_Y
11.4764,0.8181,0.1583,0.0650,-0.00738,0.12504,0.05650,0.00,-3.00,0.00,57.0,125.57,635.42,245.41,SEARCH_Y
11.4865,0.7581,0.4083,0.1550,0.00861,0.14104,0.06050,0.00,-3.00,0.00,57.1,125.57,635.42,245.35,SEARCH_Y
11.4966,0.9281,0.2283,0.0950,0.00161,0.13904,0.06050,0.00,-3.00,0.00,57.1,125.57,635.42,245.31,SEARCH_Y
11.5067,1.1281,-0.0416,0.0450,0.02661,0.15004,0.05950,0.00,-3.00,0.00,57.2,125.56,635.42,245.26,SEARCH_Y
11.5168,0.7781,0.2183,-0.1449,0.00361,0.14904,0.06150,0.00,-3.00,0.00,57.2,125.56,635.42,245.23,SEARCH_Y
11.5269,0.8781,0.0983,0.2950,0.01561,0.16104,0.06150,0.00,-3.00,0.00,57.3,125.55,635.43,245.18,SEARCH_Y
11.5370,0.9381,0.2183,0.2350,0.01261,0.15804,0.06650,0.00,-3.00,0.00,57.3,125.54,635.43,245.16,SEARCH_Y
11.5471,0.8481,0.2083,-0.0849,-0.00338,0.15504,0.06450,0.00,-3.00,0.00,57.3,125.53,635.43,245.12,SEARCH_Y
11.5572,0.8681,0.1783,-0.0749,-0.01838,0.14604,0.06550,0.00,-3.00,0.00,57.4,125.52,635.43,245.10,SEARCH_Y
11.5673,1.0581,0.3683,0.1650,0.01661,0.16904,0.06750,0.00,-3.00,0.00,57.4,125.50,635.43,245.07,SEARCH_Y
11.5774,1.0781,0.4383,-0.1149,0.00061,0.15804,0.06550,0.00,-3.00,0.00,57.4,125.49,635.43,245.05,SEARCH_Y
11.5875,0.8681,0.1583,-0.0949,-0.01638,0.16604,0.06550,0.00,-3.00,0.00,57.4,125.46,635.43,245.03,SEARCH_Y
11.5976,1.0481,0.0283,0.4050,0.01161,0.18104,0.06550,0.00,-3.00,0.00,57.4,125.45,635.43,245.02,SEARCH_Y
11.6077,1.1381,0.2283,-0.1849,0.00161,0.16104,0.06850,0.00,-3.00,0.00,57.4,125.42,635.43,245.00,SEARCH_Y
11.6178,0.9881,0.4283,-0.2449,0.00061,0.16204,0.07050,0.00,-3.00,0.00,57.5,125.40,635.43,244.99,SEARCH_Y
11.6280,1.0981,0.2983,-0.0749,-0.01638,0.15904,0.06750,0.00,-3.00,0.00,57.5,125.37,635.43,244.99,SEARCH_Y
11.6381,1.1181,0.4483,-0.5649,-0.00738,0.15304,0.06550,0.00,-3.00,0.00,57.5,125.35,635.43,244.99,SEARCH_Y
11.6482,0.9881,0.0883,0.1950,0.00861,0.17704,0.06450,0.00,-3.00,0.00,57.5,125.31,635.43,244.99,SEARCH_Y
11.6583,1.1881,0.4783,-0.0249,-0.00838,0.17404,0.06750,0.00,-3.00,0.00,57.5,125.27,635.42,244.98,SEARCH_Y
11.6684,0.9481,0.2983,0.0150,-0.00038,0.17404,0.06850,0.00,-3.00,0.00,57.5,125.25,635.42,244.98,SEARCH_Y
11.6785,1.0181,-0.0816,0.2550,0.00261,0.17404,0.06350,0.00,-3.00,0.00,57.5,125.21,635.42,244.98,SEARCH_Y
11.6886,0.7981,0.2083,0.3150,-0.01938,0.18304,0.06750,0.00,-3.00,0.00,57.5,125.19,635.42,244.98,SEARCH_Y
11.6987,0.7281,0.4183,-0.2349,-0.01438,0.17204,0.07150,0.00,-3.00,0.00,57.5,125.15,635.42,244.98,SEARCH_Y
11.7088,0.9181,0.2283,0.1550,0.00061,0.18004,0.06950,0.00,-3.00,0.00,57.5,125.13,635.42,244.98,SEARCH_Y
11.7189,0.8781,0.3683,-0.3249,0.00061,0.18004,0.06750,0.00,-3.00,0.00,57.5,125.09,635.42,244.98,SEARCH_Y
11.7290,0.9081,0.3283,-0.0149,-0.00838,0.17304,0.06650,0.00,-3.00,0.00,57.5,125.07,635.42,244.98,SEARCH_Y
11.7391,1.1281,0.2483,0.2050,-0.00538,0.17704,0.06850,0.00,-3.00,0.00,57.5,125.03,635.42,244.98,SEARCH_Y
11.7492,0.8681,0.2383,-0.0349,-0.03738,0.17404,0.07250,0.00,-3.00,0.00,57.5,125.01,635.42,244.98,SEARCH_Y
11.7593,1.0081,0.3283,0.1850,-0.00138,0.18804,0.06750,0.00,-3.00,0.00,57.5,124.97,635.42,244.98,SEARCH_Y
11.7694,1.1181,0.1683,-0.0849,-0.01938,0.16904,0.06550,0.00,-3.00,0.00,57.5,124.95,635.42,244.98,SEARCH_Y
11.7794,0.9881,0.2983,0.0150,-0.02238,0.17604,0.06950,0.00,-3.00,0.00,57.5,124.91,635.41,244.98,SEARCH_Y
11.7896,1.0081,0.3383,-0.0949,-0.01838,0.18004,0.06750,0.00,-3.00,0.00,57.5,124.89,635.41,244.98,SEARCH_Y
11.7997,0.9781,0.5983,-0.1149,-0.04238,0.17304,0.07050,0.00,-3.00,0.00,57.5,124.85,635.41,244.98,SEARCH_Y
11.8097,1.1481,0.5583,0.0050,-0.01638,0.18004,0.07250,0.00,-3.00,0.00,57.5,124.83,635.41,244.98,SEARCH_Y
11.8199,1.2081,0.2583,0.0350,-0.02538,0.17704,0.06950,0.00,-3.00,0.00,57.5,124.79,635.41,244.98,SEARCH_Y
11.8299,1.4581,0.1583,0.2850,-0.00838,0.18404,0.06250,0.00,-3.00,0.00,57.5,124.77,635.41,244.98,SEARCH_Y
11.8400,1.1781,-0.0616,0.3950,-0.01938,0.20304,0.06450,0.00,-3.00,0.00,57.5,124.73,635.41,244.98,SEARCH_Y
11.8501,0.9781,0.4083,-0.0649,-0.04338,0.18704,0.07650,0.00,-3.00,0.00,57.5,124.71,635.41,244.98,SEARCH_Y
11.8602,1.0981,0.5983,-0.1449,-0.04738,0.19204,0.07150,0.00,-3.00,0.00,57.5,124.67,635.41,244.98,SEARCH_Y
11.8703,1.2281,0.6183,-0.0049,-0.03738,0.18904,0.07650,0.00,-3.00,0.00,57.5,124.64,635.41,244.98,SEARCH_Y
11.8805,0.9881,0.0883,0.3050,-0.04538,0.19604,0.07050,0.00,-3.00,0.00,57.5,124.61,635.41,244.98,SEARCH_Y
11.8906,1.3381,0.4383,-0.0349,-0.02838,0.19704,0.06950,0.00,-3.00,0.00,57.5,124.58,635.40,244.98,SEARCH_Y
11.9007,1.4381,0.2183,0.2350,-0.02138,0.19704,0.07050,0.00,-3.00,0.00,57.5,124.55,635.40,244.98,SEARCH_Y
11.9108,1.0881,0.4883,0.0550,-0.04238,0.19704,0.07450,0.00,-3.00,0.00,57.5,124.52,635.40,244.98,SEARCH_Y
11.9210,1.1981,0.5083,0.1250,-0.05038,0.19704,0.07050,0.00,-3.00,0.00,57.5,124.49,635.40,244.98,SEARCH_Y
11.9311,1.2281,0.3283,0.2850,-0.03638,0.20204,0.07250,0.00,-3.00,0.00,57.5,124.46,635.40,244.98,SEARCH_Y
11.9412,1.1981,0.7283,-0.2049,-0.04138,0.19404,0.07450,0.00,-3.00,0.00,57.5,124.43,635.40,244.98,SEARCH_Y
11.9513,1.1481,0.5783,0.0650,-0.04338,0.19704,0.07850,0.00,-3.00,0.00,57.5,124.40,635.40,244.98,SEARCH_Y
11.9614,1.0581,0.7883,-0.0849,-0.03538,0.20604,0.07850,0.00,-3.00,0.00,57.5,124.37,635.40,244.98,SEARCH_Y
11.9715,1.1381,0.5283,0.1250,-0.05438,0.19504,0.07250,0.00,-3.00,0.00,57.5,124.33,635.40,244.98,SEARCH_Y
11.9816,1.2281,0.4983,0.0250,-0.05438,0.18804,0.07550,0.00,-3.00,0.00,57.5,124.31,635.40,244.98,SEARCH_Y
11.9917,1.2681,-0.0716,0.3250,-0.05538,0.19004,0.06950,0.00,-3.00,0.00,57.5,124.27,635.40,244.98,SEARCH_Y
12.0017,1.1681,0.3183,0.1950,-0.03838,0.20304,0.06850,0.00,-3.00,0.00,57.5,124.25,635.40,244.98,SEARCH_Y
12.0120,1.1381,0.4883,0.4150,-0.04638,0.19604,0.07250,0.00,-3.00,0.00,57.5,124.21,635.39,244.98,SEARCH_Y
12.0221,1.2681,0.3683,0.0850,-0.04038,0.19204,0.07450,0.00,-3.00,0.00,57.5,124.19,635.39,244.98,SEARCH_Y
12.0322,1.2581,0.3883,0.1350,-0.03938,0.19404,0.07450,0.00,-3.00,0.00,57.5,124.15,635.39,244.98,SEARCH_Y
12.0423,1.1181,0.4583,-0.0249,-0.05038,0.19404,0.07450,0.00,-3.00,0.00,57.5,124.12,635.39,244.98,SEARCH_Y
12.0524,1.3781,0.5383,0.0950,-0.04338,0.20204,0.06850,0.00,-3.00,0.00,57.5,124.09,635.39,244.98,SEARCH_Y
12.0625,1.1581,0.2983,0.3150,-0.05738,0.19504,0.07550,0.00,-3.00,0.00,57.5,124.06,635.39,244.98,SEARCH_Y
12.0726,1.0581,0.4683,0.1850,-0.05738,0.20804,0.07150,0.00,-3.00,0.00,57.5,124.03,635.39,244.98,SEARCH_Y
12.0827,1.0281,0.5283,0.0650,-0.05538,0.20104,0.07350,0.00,-3.00,0.00,57.5,124.00,635.39,244.98,SEARCH_Y
12.0928,1.2481,0.4483,0.2750,-0.03538,0.20804,0.07350,0.00,-3.00,0.00,57.5,123.97,635.39,244.98,SEARCH_Y
12.1029,1.1081,0.5783,0.0250,-0.04138,0.20804,0.07750,0.00,-3.00,0.00,57.5,123.94,635.39,244.98,SEARCH_Y
12.1130,1.1981,0.5183,0.1050,-0.03238,0.19804,0.07450,0.00,-3.00,0.00,57.5,123.91,635.39,244.98,SEARCH_Y
12.1231,1.1881,0.4183,0.3450,-0.04938,0.20604,0.07350,0.00,-3.00,0.00,57.5,123.88,635.38,244.98,SEARCH_Y
12.1332,1.3381,0.6383,-0.0649,-0.05938,0.19004,0.07450,0.00,-3.00,0.00,57.5,123.85,635.38,244.98,SEARCH_Y
12.1433,1.0481,0.3983,0.1850,-0.05238,0.20304,0.07550,0.00,-3.00,0.00,57.5,123.82,635.38,244.98,SEARCH_Y
12.1534,1.2381,0.2283,0.0450,-0.04338,0.21004,0.07450,0.00,-3.00,0.00,57.5,123.79,635.38,244.98,SEARCH_Y
12.1636,1.2281,0.4283,0.2850,-0.04838,0.19804,0.07250,0.00,-3.00,0.00,57.5,123.76,635.38,244.98,SEARCH_Y
12.1737,1.1381,0.3683,0.1150,-0.04438,0.21604,0.07150,0.00,-3.00,0.00,57.5,123.73,635.38,244.98,SEARCH_Y
12.1838,1.0281,0.8383,-0.2749,-0.05938,0.19904,0.07850,0.00,-3.00,0.00,57.5,123.70,635.38,244.98,SEARCH_Y
12.1939,1.2581,0.2883,0.4050,-0.04538,0.20304,0.07550,0.00,-3.00,0.00,57.5,123.67,635.38,244.98,SEARCH_Y
12.2040,0.9481,0.3883,0.1450,-0.07538,0.19704,0.07450,0.00,-3.00,0.00,57.5,123.64,635.38,244.98,SEARCH_Y
12.2141,1.0581,0.4483,0.1950,-0.04038,0.21004,0.08050,0.00,-3.00,0.00,57.5,123.61,635.38,244.98,SEARCH_Y
12.2242,1.1181,0.3483,0.0750,-0.05238,0.20604,0.07650,0.00,-3.00,0.00,57.5,123.58,635.38,244.98,SEARCH_Y
12.2342,1.2381,0.4083,0.0750,-0.04638,0.21004,0.07450,0.00,-3.00,0.00,57.5,123.55,635.38,244.98,SEARCH_Y
12.2444,1.2081,0.1483,0.1850,-0.04938,0.20704,0.07550,0.00,-3.00,0.00,57.5,123.52,635.37,244.98,SEARCH_Y
12.2545,1.0781,0.7183,-0.1249,-0.05538,0.20404,0.07850,0.00,-3.00,0.00,57.5,123.48,635.37,244.98,SEARCH_Y
12.2646,1.2181,0.2983,0.1150,-0.06638,0.20604,0.07550,0.00,-3.00,0.00,57.5,123.46,635.37,244.98,SEARCH_Y
12.2747,1.1181,0.4983,0.6750,-0.04838,0.22004,0.07650,0.00,-3.00,0.00,57.5,123.42,635.37,244.98,SEARCH_Y
12.2848,1.0481,0.6683,-0.0949,-0.06438,0.20604,0.08150,0.00,-3.00,0.00,57.5,123.40,635.37,244.98,SEARCH_Y
12.2949,1.0581,0.5783,-0.1149,-0.06838,0.20604,0.07850,0.00,-3.00,0.00,57.5,123.36,635.37,244.98,SEARCH_Y
12.3050,1.0381,0.1883,0.4350,-0.05838,0.22604,0.07850,0.00,-3.00,0.00,57.5,123.34,635.37,244.98,SEARCH_Y
12.3151,1.1781,0.6583,0.1850,-0.06938,0.20504,0.08050,0.00,-3.00,0.00,57.5,123.30,635.37,244.98,SEARCH_Y
12.3252,1.2181,0.4483,0.2350,-0.06938,0.21104,0.07650,0.00,-3.00,0.00,57.5,123.28,635.37,244.98,SEARCH_Y
12.3353,1.2881,0.4983,0.2250,-0.05138,0.21904,0.07550,0.00,-3.00,0.00,57.5,123.24,635.37,244.98,SEARCH_Y
12.3454,1.0181,0.3883,0.3150,-0.07138,0.21804,0.07950,0.00,-3.00,0.00,57.5,123.22,635.37,244.98,SEARCH_Y
12.3555,0.9781,0.3383,0.4150,-0.06038,0.22304,0.07750,0.00,-3.00,0.00,57.5,123.18,635.36,244.98,SEARCH_Y
12.3656,1.1981,0.7983,0.0450,-0.05838,0.20904,0.08250,0.00,-3.00,0.00,57.5,123.15,635.36,244.97,SEARCH_Y
12.3757,1.1481,0.2583,0.3050,-0.06738,0.22404,0.07750,0.00,-3.00,0.00,57.5,123.12,635.36,244.97,SEARCH_Y
12.3858,1.1581,0.1883,0.3650,-0.05838,0.21504,0.07750,0.00,-3.00,0.00,57.5,123.09,635.36,244.97,SEARCH_Y
12.3959,1.4081,0.5783,0.1850,-0.04438,0.21904,0.08250,0.00,-3.00,0.00,57.5,123.06,635.36,244.97,SEARCH_Y
12.4060,1.3781,0.4783,0.3650,-0.04638,0.21704,0.07650,0.00,-3.00,0.00,57.5,123.03,635.36,244.97,SEARCH_Y
12.4161,1.0381,0.5083,-0.0149,-0.07538,0.20404,0.08250,0.00,-3.00,0.00,57.5,123.00,635.36,244.97,SEARCH_Y
12.4263,1.4481,0.5383,-0.2149,-0.04538,0.21004,0.08550,0.00,-3.00,0.00,57.5,122.96,635.36,244.97,SEARCH_Y
12.4364,1.2381,0.6183,-0.1849,-0.05338,0.21704,0.08550,0.00,-3.00,0.00,57.5,122.94,635.36,244.97,SEARCH_Y
12.4464,1.3681,0.6183,0.0350,-0.04738,0.21304,0.08550,0.00,-3.00,0.00,57.5,122.90,635.36,244.97,SEARCH_Y
12.4565,1.0381,0.3983,0.1050,-0.06738,0.22504,0.08250,0.00,-3.00,0.00,57.5,122.88,635.36,244.97,SEARCH_Y
12.4666,1.3081,0.4683,0.1050,-0.04338,0.22404,0.08250,0.00,-3.00,0.00,57.5,122.84,635.35,244.97,SEARCH_Y
12.4767,1.2481,0.5183,0.0950,-0.06438,0.20304,0.07950,0.00,-3.00,0.00,57.5,122.82,635.35,244.97,SEARCH_Y
12.4868,1.5681,0.3983,-0.1049,-0.03738,0.20604,0.07950,0.00,-3.00,0.00,57.5,122.78,635.35,244.97,SEARCH_Y
12.4969,1.4081,0.1983,0.1450,-0.04838,0.22004,0.07850,0.00,-3.00,0.00,57.5,122.76,635.35,244.97,SEARCH_Y
12.5070,1.1881,0.2283,0.3250,-0.04638,0.22904,0.07850,0.00,-3.00,0.00,57.5,122.72,635.35,244.97,SEARCH_Y
12.5172,1.1181,0.8183,-0.1049,-0.06438,0.21704,0.08350,0.00,-3.00,0.00,57.5,122.70,635.35,244.97,SEARCH_Y
12.5273,1.1881,0.8083,-0.0349,-0.06638,0.22104,0.08350,0.00,-3.00,0.00,57.5,122.66,635.35,244.97,SEARCH_Y
12.5374,1.2381,0.4683,0.1950,-0.04038,0.23504,0.08350,0.00,-3.00,0.00,57.5,122.64,635.35,244.97,SEARCH_Y
12.5475,1.2181,0.5783,0.1950,-0.04638,0.23804,0.08350,0.00,-3.00,0.00,57.5,122.60,635.35,244.97,SEARCH_Y
12.5577,1.2181,0.8483,-0.2149,-0.06138,0.22204,0.08550,0.00,-3.00,0.00,57.5,122.58,635.35,244.97,SEARCH_Y
12.5678,1.2781,0.2283,0.1150,-0.06038,0.21904,0.08150,0.00,-3.00,0.00,57.5,122.54,635.35,244.97,SEARCH_Y
12.5780,1.4581,0.3183,0.2350,-0.05638,0.21904,0.08050,0.00,-3.00,0.00,57.5,122.52,635.35,244.97,SEARCH_Y
12.5881,1.2081,0.3083,0.1650,-0.06238,0.22104,0.08350,0.00,-3.00,0.00,57.6,122.48,635.34,244.97,SEARCH_Y
12.5982,1.4081,0.6683,0.1950,-0.05538,0.21804,0.08450,0.00,-3.00,0.00,57.6,122.44,635.34,244.97,SEARCH_Y
12.6084,1.4081,0.2783,0.4050,-0.04738,0.23604,0.08050,0.00,-3.00,0.00,57.6,122.42,635.34,244.97,SEARCH_Y
12.6185,1.1381,0.5883,0.0450,-0.07338,0.21904,0.08250,0.00,-3.00,0.00,57.6,122.38,635.34,244.97,SEARCH_Y
12.6286,1.4681,0.4483,0.1050,-0.03138,0.23504,0.07850,0.00,-3.00,0.00,57.6,122.36,635.34,244.97,SEARCH_Y
12.6388,1.2981,0.4983,-0.0249,-0.07938,0.20904,0.08150,0.00,-3.00,0.00,57.6,122.32,635.34,244.97,SEARCH_Y
12.6489,1.1681,0.5583,0.1150,-0.06038,0.22804,0.08450,0.00,-3.00,0.00,57.6,122.30,635.34,244.97,SEARCH_Y
12.6590,1.1481,0.2983,0.2950,-0.06538,0.23204,0.08050,0.00,-3.00,0.00,57.6,122.26,635.34,244.97,SEARCH_Y
12.6691,1.1881,0.6883,0.1750,-0.06438,0.22604,0.08450,0.00,-3.00,0.00,57.6,122.24,635.34,244.97,SEARCH_Y
12.6794,1.2581,0.1183,0.3250,-0.07038,0.22904,0.08450,0.00,-3.00,0.00,57.6,122.20,635.34,244.97,SEARCH_Y
12.6895,1.1981,0.3983,0.1250,-0.05538,0.22404,0.08650,0.00,-3.00,0.00,57.6,122.18,635.34,244.97,SEARCH_Y
12.6996,1.4081,0.8283,-0.3249,-0.06538,0.21504,0.08850,0.00,-3.00,0.00,57.6,122.14,635.33,244.97,SEARCH_Y
12.7098,1.1181,0.3883,0.2950,-0.08338,0.21904,0.08850,0.00,-3.00,0.00,57.6,122.12,635.33,244.97,SEARCH_Y
12.7200,1.2281,0.3483,0.1750,-0.06938,0.22404,0.08350,0.00,-3.00,0.00,57.6,122.08,635.33,244.97,SEARCH_Y
12.7302,1.2281,0.7383,-0.1549,-0.07138,0.22704,0.08450,0.00,-3.00,0.00,57.6,122.06,635.33,244.97,SEARCH_Y
12.7403,1.3481,0.7183,-0.0749,-0.06938,0.21204,0.09050,0.00,-3.00,0.00,57.6,122.02,635.33,244.97,SEARCH_Y
12.7504,1.4281,0.0983,0.3450,-0.05938,0.22804,0.07850,0.00,-3.00,0.00,57.6,121.99,635.33,244.97,SEARCH_Y
12.7606,1.3581,0.4683,0.4450,-0.05438,0.22404,0.08550,0.00,-3.00,0.00,57.6,121.96,635.33,244.97,SEARCH_Y
12.7707,1.2481,0.5683,-0.1849,-0.06038,0.22304,0.08650,0.00,-3.00,0.00,57.6,121.93,635.33,244.97,SEARCH_Y
12.7808,1.3081,0.6983,-0.0849,-0.05138,0.22604,0.08750,0.00,-3.00,0.00,57.6,121.90,635.33,244.97,SEARCH_Y
12.7909,1.1681,0.7383,-0.2049,-0.07938,0.22304,0.08350,0.00,-3.00,0.00,57.6,121.87,635.33,244.97,SEARCH_Y
12.8010,1.4481,0.2783,0.2150,-0.06538,0.22104,0.08350,0.00,-3.00,0.00,57.6,121.84,635.33,244.97,SEARCH_Y
12.8112,1.3081,0.4883,0.4750,-0.06238,0.22804,0.08550,0.00,-3.00,0.00,57.6,121.81,635.33,244.97,SEARCH_Y
12.8213,1.2381,0.4783,0.1650,-0.06038,0.23004,0.08350,0.00,-3.00,0.00,57.6,121.78,635.32,244.97,SEARCH_Y
12.8314,1.2981,0.4983,0.3450,-0.05838,0.23104,0.08650,0.00,-3.00,0.00,57.6,121.75,635.32,244.97,SEARCH_Y
12.8415,1.2281,0.6683,-0.0249,-0.07638,0.21604,0.08350,0.00,-3.00,0.00,57.6,121.72,635.32,244.97,SEARCH_Y
12.8516,1.2881,0.4983,0.2750,-0.06338,0.22904,0.08250,0.00,-3.00,0.00,57.6,121.69,635.32,244.97,SEARCH_Y
12.8619,1.1981,0.5583,0.1250,-0.06738,0.22904,0.08550,0.00,-3.00,0.00,57.6,121.66,635.32,244.97,SEARCH_Y
12.8719,1.3681,0.3683,-0.0549,-0.06038,0.22304,0.08350,0.00,-3.00,0.00,57.6,121.63,635.32,244.97,SEARCH_Y
12.8820,1.3081,0.9883,-0.1649,-0.07838,0.22404,0.09050,0.00,-3.00,0.00,57.6,121.60,635.32,244.97,SEARCH_Y
12.8922,1.4381,0.5983,0.0050,-0.07238,0.22004,0.08650,0.00,-3.00,0.00,57.6,121.57,635.32,244.97,SEARCH_Y
12.9023,1.2981,0.1283,0.3750,-0.07138,0.22004,0.07950,0.00,-3.00,0.00,57.6,121.53,635.32,244.97,SEARCH_Y
12.9124,1.3381,0.2183,0.2850,-0.04538,0.23604,0.07850,0.00,-3.00,0.00,57.6,121.51,635.32,244.97,SEARCH_Y
12.9225,1.1781,0.4983,0.0350,-0.06638,0.22704,0.08650,0.00,-3.00,0.00,57.6,121.47,635.32,244.97,SEARCH_Y
12.9326,1.2981,0.6383,-0.2149,-0.07238,0.21504,0.08950,0.00,-3.00,0.00,57.6,121.44,635.31,244.97,SEARCH_Y
12.9427,1.1381,0.4783,-0.3749,-0.06638,0.22604,0.08250,0.00,-3.00,0.00,57.6,121.41,635.31,244.97,SEARCH_Y
12.9528,1.3681,0.4083,0.0550,-0.03638,0.23204,0.09250,0.00,-3.00,0.00,57.6,121.38,635.31,244.97,SEARCH_Y
12.9629,1.4581,0.2183,0.1550,-0.03438,0.22904,0.08550,0.00,-3.00,0.00,57.6,121.35,635.31,244.97,SEARCH_Y
12.9729,1.6981,0.7883,0.0050,-0.03738,0.22004,0.08850,0.00,-3.00,0.00,57.6,121.32,635.31,244.97,SEARCH_Y
12.9831,1.0581,0.7183,0.1550,-0.07038,0.22404,0.09350,0.00,-3.00,0.00,57.6,121.29,635.31,244.97,SEARCH_Y
12.9932,1.1381,0.3883,-0.0049,-0.06238,0.21704,0.08750,0.00,-3.00,0.00,57.6,121.25,635.31,244.97,SEARCH_Z
13.0033,1.3681,0.3483,0.1250,-0.04138,0.24004,0.08450,0.00,0.00,3.00,57.6,121.23,635.31,244.97,SEARCH_Z
13.0133,1.2781,0.5683,-0.0549,-0.05838,0.22904,0.08650,0.00,0.00,3.00,57.6,121.20,635.31,244.97,SEARCH_Z
13.0234,1.3381,0.7283,-0.1049,-0.05338,0.21804,0.08650,0.00,0.00,3.00,57.6,121.17,635.31,244.97,SEARCH_Z
13.0336,1.4181,0.7083,-0.2049,-0.06238,0.21904,0.08650,0.00,0.00,3.00,57.6,121.15,635.32,244.97,SEARCH_Z
13.0437,1.5281,0.7283,-0.0149,-0.05638,0.22604,0.08650,0.00,0.00,3.00,57.6,121.13,635.33,244.97,SEARCH_Z
13.0538,1.3081,0.3383,0.1850,-0.07038,0.22704,0.08450,0.00,0.00,3.00,57.6,121.11,635.34,244.97,SEARCH_Z
13.0639,1.3381,0.3083,0.3550,-0.05238,0.23304,0.08250,0.00,0.00,3.00,57.6,121.10,635.35,244.97,SEARCH_Z
13.0740,1.5481,0.4783,-0.2349,-0.05838,0.21404,0.08750,0.00,0.00,3.00,57.6,121.08,635.37,244.97,SEARCH_Z
13.0841,1.1581,0.3183,0.3350,-0.06238,0.23104,0.08650,0.00,0.00,3.00,57.6,121.07,635.39,244.97,SEARCH_Z
13.0942,1.1581,0.4183,0.0650,-0.04938,0.23204,0.08750,0.00,0.00,3.00,57.6,121.06,635.41,244.97,SEARCH_Z
13.1043,1.0881,0.4683,0.1950,-0.06338,0.23104,0.08750,0.00,0.00,3.00,57.6,121.06,635.44,244.97,SEARCH_Z
13.1143,1.2481,0.3783,-0.0149,-0.06238,0.22904,0.08550,0.00,0.00,3.00,57.6,121.05,635.47,244.97,SEARCH_Z
13.1244,1.2481,0.6683,-0.5349,-0.06038,0.21804,0.08750,0.00,0.00,3.00,57.6,121.05,635.49,244.97,SEARCH_Z
13.1346,1.3281,0.9383,-0.4549,-0.06138,0.22004,0.08750,0.00,0.00,3.00,57.6,121.05,635.53,244.97,SEARCH_Z
13.1447,1.3881,0.3383,-0.2249,-0.03538,0.22704,0.08650,0.00,0.00,3.00,57.6,121.05,635.55,244.97,SEARCH_Z
13.1548,1.2981,0.2983,-0.0949,-0.04538,0.22404,0.08550,0.00,0.00,3.00,57.6,121.05,635.59,244.98,SEARCH_Z
13.1649,1.3781,0.4983,0.0250,-0.05838,0.21404,0.08850,0.00,0.00,3.00,57.6,121.05,635.61,244.98,SEARCH_Z
13.1749,1.1581,0.4383,0.1150,-0.03638,0.23004,0.09150,0.00,0.00,3.00,57.6,121.05,635.65,244.98,SEARCH_Z
13.1850,1.3381,0.5183,-0.2049,-0.02538,0.21504,0.08550,0.00,0.00,3.00,57.6,121.05,635.67,244.98,SEARCH_Z
13.1951,1.3181,0.4383,-0.1949,-0.04138,0.20704,0.08350,0.00,0.00,3.00,57.6,121.04,635.71,244.98,SEARCH_Z
13.2052,1.1281,0.7283,-0.3649,-0.02238,0.20404,0.08650,0.00,0.00,3.00,57.6,121.04,635.73,244.98,SEARCH_Z
13.2153,1.0081,0.4283,-0.2549,-0.02238,0.20304,0.08050,0.00,0.00,3.00,57.6,121.04,635.77,244.98,SEARCH_Z
13.2254,0.9681,0.3683,-0.2449,-0.02738,0.19904,0.08050,0.00,0.00,3.00,57.6,121.04,635.79,244.98,SEARCH_Z
13.2355,1.1581,-0.0216,0.1650,-0.00838,0.19904,0.07750,0.00,0.00,3.00,57.6,121.04,635.83,244.98,SEARCH_Z
13.2456,1.1481,0.3483,-0.3849,0.02961,0.18004,0.07050,0.00,0.00,3.00,57.6,121.04,635.85,244.98,SEARCH_Z
13.2557,1.1381,0.0483,-0.0249,0.03961,0.16504,0.06350,0.00,0.00,3.00,57.7,121.04,635.89,244.99,SEARCH_Z
13.2658,0.9581,-0.2116,0.0950,0.01461,0.17204,0.06950,0.00,0.00,3.00,57.7,121.04,635.91,244.99,SEARCH_Z
13.2759,0.9181,0.0683,-0.1549,0.03061,0.16304,0.07250,0.00,0.00,3.00,57.7,121.03,635.95,244.99,SEARCH_Z
13.2860,0.7781,-0.3216,0.3150,0.03061,0.16404,0.06750,0.00,0.00,3.00,57.7,121.03,635.97,244.99,SEARCH_Z
13.2962,0.9681,-0.0616,-0.2149,0.03161,0.16904,0.07350,0.00,0.00,3.00,57.7,121.03,636.01,244.99,SEARCH_Z
13.3063,0.9981,-0.0616,-0.1049,0.05861,0.16704,0.06950,0.00,0.00,3.00,57.7,121.03,636.05,244.99,SEARCH_Z
13.3163,0.9381,0.2483,-0.4549,0.05261,0.16404,0.07250,0.00,0.00,3.00,57.7,121.03,636.07,244.99,SEARCH_Z
13.3264,1.1181,0.2583,-0.2949,0.05761,0.16704,0.07350,0.00,0.00,3.00,57.7,121.03,636.11,244.99,SEARCH_Z
13.3365,0.9981,-0.3616,0.0150,0.07261,0.18104,0.07150,0.00,0.00,3.00,57.7,121.03,636.13,244.99,SEARCH_Z
13.3466,0.7381,-0.2116,-0.3349,0.04961,0.16304,0.07250,0.00,0.00,3.00,57.7,121.03,636.17,245.00,SEARCH_Z
13.3567,0.8781,0.0083,-0.0849,0.05561,0.17104,0.07850,0.00,0.00,3.00,57.7,121.03,636.19,245.00,SEARCH_Z
13.3668,0.6881,-0.4516,0.1550,0.06361,0.18804,0.07150,0.00,0.00,3.00,57.7,121.02,636.23,245.00,SEARCH_Z
13.3769,0.9181,0.1383,-0.3949,0.05861,0.16604,0.07850,0.00,0.00,3.00,57.7,121.02,636.25,245.00,SEARCH_Z
13.3870,0.7381,0.0583,-0.3049,0.04561,0.17704,0.07250,0.00,0.00,3.00,57.7,121.02,636.29,245.00,SEARCH_Z
13.3971,0.8281,0.0883,-0.3349,0.03561,0.15604,0.06650,0.00,0.00,3.00,57.7,121.02,636.31,245.00,SEARCH_Z
13.4072,1.0381,-0.0216,-0.0049,0.02761,0.15204,0.06750,0.00,0.00,3.00,57.7,121.02,636.35,245.00,SEARCH_Z
13.4173,0.8881,0.2283,-0.3149,0.02261,0.14404,0.06750,0.00,0.00,3.00,57.7,121.02,636.37,245.00,SEARCH_Z
13.4274,0.8281,0.0283,-0.6249,0.05261,0.15204,0.06950,0.00,0.00,3.00,57.7,121.02,636.41,245.00,SEARCH_Z
13.4375,0.8881,0.2983,-0.7049,0.03461,0.15404,0.07050,0.00,0.00,3.00,57.7,121.02,636.43,245.01,SEARCH_Z
13.4476,0.6181,0.1083,-0.1749,0.01761,0.15604,0.07150,0.00,0.00,3.00,57.7,121.02,636.47,245.01,SEARCH_Z
13.4577,1.0181,0.0783,-0.5049,0.06261,0.15004,0.07050,0.00,0.00,3.00,57.7,121.01,636.49,245.01,SEARCH_Z
13.4678,0.9681,-0.0916,-0.3649,0.07461,0.17704,0.06950,0.00,0.00,3.00,57.7,121.01,636.53,245.01,SEARCH_Z
13.4779,0.9181,-0.1716,-0.2649,0.05061,0.15404,0.07050,0.00,0.00,3.00,57.7,121.01,636.55,245.01,SEARCH_Z
13.4881,0.9181,-0.0616,-0.2649,0.06261,0.16904,0.06650,0.00,0.00,3.00,57.7,121.01,636.59,245.01,SEARCH_Z
13.4982,0.9281,-0.1416,-0.4149,0.06961,0.15704,0.07250,0.00,0.00,3.00,57.7,121.01,636.61,245.01,SEARCH_Z
13.5082,1.0381,0.0483,-0.6249,0.04961,0.14604,0.06550,0.00,0.00,3.00,57.7,121.01,636.65,245.01,SEARCH_Z
13.5183,1.0081,0.2183,-0.8049,0.06061,0.14004,0.06850,0.00,0.00,3.00,57.7,121.01,636.68,245.01,SEARCH_Z
13.5284,0.8081,-0.0516,-0.2749,0.03761,0.15304,0.06550,0.00,0.00,3.00,57.7,121.01,636.71,245.02,SEARCH_Z
13.5385,0.8581,0.2183,-0.5049,0.04761,0.15504,0.06850,0.00,0.00,3.00,57.7,121.00,636.74,245.02,SEARCH_Z
13.5487,0.8281,0.1183,-0.1249,0.02261,0.14904,0.06350,0.00,0.00,3.00,57.7,121.00,636.77,245.02,SEARCH_Z
13.5588,0.8081,-0.0116,0.0150,0.03261,0.15504,0.06250,0.00,0.00,3.00,57.7,121.00,636.80,245.02,SEARCH_Z
13.5688,0.7481,-0.0616,-0.0349,0.03061,0.15604,0.06250,0.00,0.00,3.00,57.7,121.00,636.83,245.02,SEARCH_Z
13.5790,0.7381,0.1683,-0.3049,0.01361,0.14904,0.06550,0.00,0.00,3.00,57.7,121.00,636.86,245.02,SEARCH_Z
13.5891,0.8781,0.2683,-0.3349,0.02161,0.13604,0.06350,0.00,0.00,3.00,57.7,121.00,636.89,245.02,SEARCH_Z
13.5992,0.8581,0.1783,-0.3849,0.03061,0.14504,0.07050,0.00,0.00,3.00,57.7,121.00,636.92,245.02,SEARCH_Z
13.6093,0.7481,0.0083,-0.4249,0.03961,0.15304,0.06750,0.00,0.00,3.00,57.7,121.00,636.95,245.02,SEARCH_Z
13.6194,0.8681,0.1483,-0.4149,0.05161,0.15504,0.06750,0.00,0.00,3.00,57.7,121.00,636.98,245.03,SEARCH_Z
13.6295,0.8781,0.3883,-0.6349,0.04061,0.14104,0.06950,0.00,0.00,3.00,57.7,120.99,637.01,245.03,SEARCH_Z
13.6396,0.9581,-0.0216,-0.0749,0.03761,0.14804,0.06250,0.00,0.00,3.00,57.7,120.99,637.04,245.03,SEARCH_Z
13.6497,0.8481,-0.1216,-0.1649,0.04561,0.15104,0.06050,0.00,0.00,3.00,57.7,120.99,637.07,245.03,SEARCH_Z
13.6598,0.8081,0.0983,-0.3149,0.04061,0.14604,0.06350,0.00,0.00,3.00,57.7,120.99,637.10,245.03,SEARCH_Z
13.6699,0.9381,0.1983,-0.3449,0.02961,0.14104,0.05950,0.00,0.00,3.00,57.7,120.99,637.13,245.03,SEARCH_Z
13.6800,0.7181,0.2983,-0.4449,0.02861,0.15004,0.06050,0.00,0.00,3.00,57.7,120.99,637.16,245.03,SEARCH_Z
13.6902,0.9881,0.2683,-0.2349,0.03561,0.14704,0.05850,0.00,0.00,3.00,57.7,120.99,637.19,245.03,SEARCH_Z
13.7002,0.6681,0.0083,-0.0749,0.01861,0.14904,0.06250,0.00,0.00,3.00,57.7,120.99,637.22,245.03,SEARCH_Z
13.7103,0.9081,-0.0316,-0.3849,0.05461,0.14904,0.05950,0.00,0.00,3.00,57.7,120.99,637.26,245.04,SEARCH_Z
13.7204,0.9981,-0.0116,-0.3249,0.05361,0.16404,0.06050,0.00,0.00,3.00,57.7,120.98,637.28,245.04,SEARCH_Z
13.7305,0.8681,0.1983,-0.5049,0.03161,0.13804,0.06250,0.00,0.00,3.00,57.7,120.98,637.32,245.04,SEARCH_Z
13.7406,0.8081,0.0883,-0.3549,0.03561,0.14304,0.06250,0.00,0.00,3.00,57.7,120.98,637.34,245.04,SEARCH_Z
13.7507,0.9881,0.0283,-0.5849,0.05161,0.13504,0.06150,0.00,0.00,3.00,57.7,120.98,637.38,245.04,SEARCH_Z
13.7608,0.8281,0.4683,-0.6949,0.04261,0.14504,0.06250,0.00,0.00,3.00,57.7,120.98,637.40,245.04,SEARCH_Z
13.7709,1.0381,0.1783,-0.4049,0.05061,0.14204,0.06050,0.00,0.00,3.00,57.7,120.98,637.44,245.04,SEARCH_Z
13.7810,0.8381,0.2783,-0.4749,0.03361,0.13504,0.06150,0.00,0.00,3.00,57.7,120.98,637.46,245.04,SEARCH_Z
13.7911,0.8181,0.1783,-0.4649,0.03961,0.14504,0.06050,0.00,0.00,3.00,57.7,120.98,637.50,245.04,SEARCH_Z
13.8012,0.8281,0.1183,-0.4749,0.02861,0.13504,0.06050,0.00,0.00,3.00,57.7,120.98,637.52,245.05,SEARCH_Z
13.8113,0.8181,0.6083,-0.6449,0.03961,0.13504,0.05850,0.00,0.00,3.00,57.7,120.97,637.56,245.05,SEARCH_Z
13.8214,0.8781,-0.1116,-0.2649,0.04861,0.15104,0.05450,0.00,0.00,3.00,57.7,120.97,637.58,245.05,SEARCH_Z
13.8315,0.7481,0.1983,-0.0049,0.02461,0.14404,0.05950,0.00,0.00,3.00,57.7,120.97,637.62,245.05,SEARCH_Z
13.8416,0.8981,0.0883,-0.2149,0.03961,0.14104,0.05650,0.00,0.00,3.00,57.7,120.97,637.64,245.05,SEARCH_Z
13.8517,0.8081,0.1883,-0.2249,0.04661,0.13704,0.05850,0.00,0.00,3.00,57.7,120.97,637.68,245.05,SEARCH_Z
13.8618,0.7981,-0.1016,0.0450,0.03461,0.14404,0.05350,0.00,0.00,3.00,57.7,120.97,637.70,245.05,SEARCH_Z
13.8719,0.5981,0.4383,-0.5049,0.01561,0.13504,0.06050,0.00,0.00,3.00,57.7,120.97,637.74,245.05,SEARCH_Z
13.8819,0.7081,0.2883,-0.4149,0.05461,0.15204,0.05750,0.00,0.00,3.00,57.7,120.97,637.76,245.05,SEARCH_Z
13.8921,0.7381,-0.2216,-0.2549,0.02761,0.13404,0.05450,0.00,0.00,3.00,57.7,120.96,637.80,245.06,SEARCH_Z
13.9022,0.8281,-0.2716,-0.2949,0.02961,0.13604,0.05650,0.00,0.00,3.00,57.7,120.96,637.82,245.06,SEARCH_Z
13.9123,1.0081,-0.0216,-0.4049,0.03761,0.13004,0.05750,0.00,0.00,3.00,57.7,120.96,637.86,245.06,SEARCH_Z
13.9224,0.6281,-0.0016,-0.1749,0.03061,0.14504,0.05950,0.00,0.00,3.00,57.7,120.96,637.88,245.06,SEARCH_Z
13.9325,0.6481,0.1383,-0.2249,0.02461,0.14304,0.05750,0.00,0.00,3.00,57.7,120.96,637.92,245.06,SEARCH_Z
13.9426,0.6581,0.1083,-0.1549,0.03461,0.14004,0.05250,0.00,0.00,3.00,57.7,120.96,637.95,245.06,SEARCH_Z
13.9527,0.8681,0.2583,-0.4249,0.03161,0.13004,0.05750,0.00,0.00,3.00,57.7,120.96,637.98,245.06,SEARCH_Z
13.9628,0.8181,0.3183,-0.7249,0.03161,0.12604,0.05950,0.00,0.00,3.00,57.7,120.96,638.01,245.06,SEARCH_Z
13.9729,0.9581,0.2183,-0.5249,0.03861,0.13804,0.05550,0.00,0.00,3.00,57.7,120.96,638.04,245.06,SEARCH_Z
13.9829,0.7781,0.4383,-0.8449,0.02161,0.12604,0.06050,0.00,0.00,3.00,57.7,120.95,638.07,245.07,SEARCH_Z
13.9930,0.5281,0.5083,-0.5749,0.02861,0.13704,0.06350,0.00,0.00,3.00,57.7,120.95,638.10,245.07,SEARCH_Z
14.0031,0.6081,0.2883,-0.1549,0.01461,0.13704,0.06050,0.00,0.00,3.00,57.7,120.95,638.13,245.07,SEARCH_Z
14.0132,0.7781,0.1783,-0.5849,0.03561,0.13404,0.05850,0.00,0.00,3.00,57.7,120.95,638.16,245.07,SEARCH_Z
14.0233,0.6281,0.0483,-0.4749,0.01961,0.13404,0.06050,0.00,0.00,3.00,57.7,120.95,638.19,245.07,SEARCH_Z
14.0334,0.7881,0.2483,-0.4049,0.02661,0.13804,0.05750,0.00,0.00,3.00,57.7,120.95,638.22,245.07,SEARCH_Z
14.0435,0.8481,0.0583,-0.4149,0.03761,0.13804,0.05650,0.00,0.00,3.00,57.7,120.95,638.25,245.07,SEARCH_Z
14.0536,0.9081,0.0083,-0.5949,0.04461,0.13404,0.05450,0.00,0.00,3.00,57.7,120.95,638.28,245.07,SEARCH_Z
14.0637,0.5081,0.2883,-0.3849,0.01061,0.12704,0.06150,0.00,0.00,3.00,57.7,120.95,638.31,245.07,SEARCH_Z
14.0738,0.7981,0.2683,-0.3349,0.03461,0.12304,0.05850,0.00,0.00,3.00,57.7,120.94,638.34,245.07,SEARCH_Z
14.0839,0.9381,-0.1316,-0.2249,0.04361,0.13604,0.05750,0.00,0.00,3.00,57.7,120.94,638.37,245.08,SEARCH_Z
14.0940,0.7881,0.5483,-0.8949,0.01761,0.13004,0.05950,0.00,0.00,3.00,57.7,120.94,638.40,245.08,SEARCH_Z
14.1041,0.8381,-0.3016,-0.3249,0.03961,0.14204,0.05350,0.00,0.00,3.00,57.7,120.94,638.43,245.08,SEARCH_Z
14.1142,0.8081,0.1783,-0.2649,0.03861,0.13904,0.05850,0.00,0.00,3.00,57.7,120.94,638.46,245.08,SEARCH_Z
14.1243,0.8781,0.2683,-0.3149,0.03261,0.12804,0.05850,0.00,0.00,3.00,57.7,120.94,638.49,245.08,SEARCH_Z
14.1344,0.8981,0.0383,-0.5049,0.03361,0.12504,0.05450,0.00,0.00,3.00,57.7,120.94,638.53,245.08,SEARCH_Z
14.1445,0.7981,0.0583,-0.2549,0.04361,0.13304,0.05650,0.00,0.00,3.00,57.7,120.94,638.55,245.08,SEARCH_Z
14.1546,0.6281,0.0183,-0.4049,0.02461,0.12904,0.06150,0.00,0.00,3.00,57.7,120.93,638.59,245.08,SEARCH_Z
14.1648,0.4881,0.5683,-0.5349,0.02361,0.13304,0.06150,0.00,0.00,3.00,57.7,120.93,638.61,245.08,SEARCH_Z
14.1749,0.7081,0.1483,-0.6849,0.03161,0.13204,0.05550,0.00,0.00,3.00,57.7,120.93,638.65,245.09,SEARCH_Z
14.1849,0.8381,0.1183,-0.3749,0.04761,0.14104,0.05350,0.00,0.00,3.00,57.7,120.93,638.67,245.09,SEARCH_Z
14.1951,0.8181,0.2983,-0.3249,0.03361,0.12704,0.05650,0.00,0.00,3.00,57.8,120.93,638.71,245.09,SEARCH_Z
14.2052,0.8381,0.0083,-0.1449,0.04761,0.13804,0.05550,0.00,0.00,3.00,57.8,120.93,638.73,245.09,SEARCH_Z
14.2153,0.8381,0.2483,-0.3249,0.03161,0.13304,0.05850,0.00,0.00,3.00,57.8,120.93,638.77,245.09,SEARCH_Z
14.2254,0.6481,-0.1016,-0.3249,0.01661,0.13004,0.05750,0.00,0.00,3.00,57.8,120.93,638.79,245.09,SEARCH_Z
14.2355,0.7181,-0.0216,-0.1049,0.04261,0.13904,0.05650,0.00,0.00,3.00,57.8,120.93,638.83,245.09,SEARCH_Z
14.2456,0.6381,-0.0216,-0.3249,0.02161,0.13104,0.05750,0.00,0.00,3.00,57.8,120.92,638.85,245.09,SEARCH_Z
14.2557,0.7981,0.3383,-0.5849,0.03161,0.12104,0.05850,0.00,0.00,3.00,57.8,120.92,638.89,245.09,SEARCH_Z
14.2658,0.8281,0.1983,-0.3649,0.03561,0.13204,0.05450,0.00,0.00,3.00,57.8,120.92,638.91,245.10,SEARCH_Z
14.2759,0.7481,0.0783,-0.5049,0.02061,0.13004,0.05850,0.00,0.00,3.00,57.8,120.92,638.95,245.10,SEARCH_Z
14.2860,0.6381,0.3683,-0.4949,0.02261,0.12404,0.05950,0.00,0.00,3.00,57.8,120.92,638.97,245.10,SEARCH_Z
14.2961,1.0481,0.0783,-0.3249,0.05361,0.13904,0.05450,0.00,0.00,3.00,57.8,120.92,639.01,245.10,SEARCH_Z
14.3062,0.6381,-0.0516,-0.2849,0.01161,0.12004,0.05750,0.00,0.00,3.00,57.8,120.92,639.03,245.10,SEARCH_Z
14.3163,0.7881,-0.1216,-0.3949,0.03461,0.12504,0.05550,0.00,0.00,3.00,57.8,120.92,639.07,245.10,SEARCH_Z
14.3264,0.9581,-0.0616,-0.2049,0.04461,0.13304,0.05150,0.00,0.00,3.00,57.8,120.92,639.11,245.10,SEARCH_Z
14.3365,0.5481,0.1183,-0.5149,0.02661,0.13104,0.05250,0.00,0.00,3.00,57.8,120.91,639.13,245.10,SEARCH_Z
14.3466,0.6081,0.6783,-0.5949,0.02161,0.13204,0.06150,0.00,0.00,3.00,57.8,120.91,639.17,245.10,SEARCH_Z
14.3567,0.7581,0.3483,-0.3149,0.03061,0.13104,0.05650,0.00,0.00,3.00,57.8,120.91,639.19,245.11,SEARCH_Z
14.3668,0.7481,0.0683,-0.2749,0.02261,0.12504,0.05450,0.00,0.00,3.00,57.8,120.91,639.23,245.11,SEARCH_Z
14.3769,0.7881,-0.0516,-0.3649,0.04761,0.13804,0.05450,0.00,0.00,3.00,57.8,120.91,639.25,245.11,SEARCH_Z
14.3870,0.7781,0.1483,-0.8149,0.02661,0.12204,0.05250,0.00,0.00,3.00,57.8,120.91,639.29,245.11,SEARCH_Z
14.3971,0.7581,0.0883,-0.6149,0.03561,0.12904,0.05250,0.00,0.00,3.00,57.8,120.91,639.31,245.11,SEARCH_Z
14.4073,0.8681,0.0083,0.0050,0.03861,0.13804,0.05250,0.00,0.00,3.00,57.8,120.91,639.35,245.11,SEARCH_Z
14.4173,0.5981,0.0883,-0.5649,0.02061,0.12104,0.05550,0.00,0.00,3.00,57.8,120.91,639.37,245.11,SEARCH_Z
14.4274,0.6981,0.1283,-0.4749,-0.00438,0.11104,0.05550,0.00,0.00,3.00,57.8,120.90,639.41,245.11,SEARCH_Z
14.4375,0.7081,0.4883,-0.7249,0.02061,0.12604,0.05450,0.00,0.00,3.00,57.8,120.90,639.43,245.11,SEARCH_Z
14.4476,0.8381,0.0283,-0.1449,0.01861,0.11604,0.05650,0.00,0.00,3.00,57.8,120.90,639.47,245.12,SEARCH_Z
14.4577,0.7081,0.2783,-0.3249,0.02761,0.13404,0.05250,0.00,0.00,3.00,57.8,120.90,639.49,245.12,SEARCH_Z
14.4678,0.9681,0.4283,-0.5549,0.04661,0.11904,0.05450,0.00,0.00,3.00,57.8,120.90,639.53,245.12,SEARCH_Z
14.4780,0.9681,-0.1916,-0.1649,0.03861,0.12104,0.05050,0.00,0.00,3.00,57.8,120.90,639.55,245.12,SEARCH_Z
14.4881,0.9081,-0.0616,-0.3849,0.03461,0.12704,0.05550,0.00,0.00,3.00,57.8,120.90,639.59,245.12,SEARCH_Z
14.4982,0.5981,0.2083,-0.1949,0.02061,0.12504,0.05850,0.00,0.00,3.00,57.8,120.90,639.61,245.12,SEARCH_Z
14.5083,0.7481,-0.0116,-0.4249,0.01761,0.12004,0.05450,0.00,0.00,3.00,57.8,120.89,639.65,245.12,SEARCH_Z
14.5184,0.9181,0.0483,-0.5349,0.03561,0.12604,0.05450,0.00,0.00,3.00,57.8,120.89,639.68,245.12,SEARCH_Z
14.5285,0.7181,0.2783,-0.0749,0.04161,0.13504,0.05650,0.00,0.00,3.00,57.8,120.89,639.71,245.12,SEARCH_Z
14.5385,0.6781,0.1283,-0.2549,0.02861,0.13404,0.05650,0.00,0.00,3.00,57.8,120.89,639.74,245.13,SEARCH_Z
14.5486,0.7381,0.3183,-0.7449,0.04061,0.12404,0.05550,0.00,0.00,3.00,57.8,120.89,639.77,245.13,SEARCH_Z
14.5587,0.7981,0.1683,-0.4249,0.05061,0.13804,0.05350,0.00,0.00,3.00,57.8,120.89,639.80,245.13,SEARCH_Z
14.5688,0.9281,0.3883,-0.6549,0.03261,0.12004,0.05150,0.00,0.00,3.00,57.8,120.89,639.83,245.13,SEARCH_Z
14.5790,0.5581,0.4583,-0.3949,0.01761,0.12604,0.05450,0.00,0.00,3.00,57.8,120.89,639.86,245.13,SEARCH_Z
14.5891,0.6281,0.3383,-0.4049,0.03361,0.13804,0.05350,0.00,0.00,3.00,57.8,120.89,639.89,245.13,SEARCH_Z
14.5992,0.4981,-0.1616,-0.1249,0.00761,0.12504,0.05450,0.00,0.00,3.00,57.8,120.88,639.92,245.13,SEARCH_Z
14.6093,0.6881,0.1983,-0.4249,0.00861,0.11704,0.05650,0.00,0.00,3.00,57.8,120.88,639.95,245.13,SEARCH_Z
14.6193,0.7581,0.0483,-0.0849,0.02361,0.12504,0.05450,0.00,0.00,3.00,57.8,120.88,639.98,245.13,SEARCH_Z
14.6294,0.7481,0.2383,-0.4949,0.03161,0.12804,0.05250,0.00,0.00,3.00,57.8,120.88,640.01,245.13,SEARCH_Z
14.6396,0.8081,0.1583,-0.5849,0.03861,0.12004,0.05250,0.00,0.00,3.00,57.8,120.88,640.04,245.14,SEARCH_Z
14.6497,0.7381,0.0383,-0.5049,0.02561,0.12204,0.05450,0.00,0.00,3.00,57.9,120.88,640.07,245.14,SEARCH_Z
14.6598,0.5481,0.2183,-0.3249,0.02561,0.13104,0.05650,0.00,0.00,3.00,57.9,120.88,640.10,245.14,SEARCH_Z
14.6699,0.9081,0.3983,-0.6049,0.03661,0.12204,0.05350,0.00,0.00,3.00,57.9,120.88,640.13,245.14,SEARCH_Z
14.6800,0.6881,0.2183,-0.1749,0.03161,0.12804,0.05650,0.00,0.00,3.00,57.9,120.88,640.16,245.14,SEARCH_Z
14.6901,0.7381,0.1683,-0.3849,0.03761,0.12104,0.05550,0.00,0.00,3.00,57.9,120.87,640.19,245.14,SEARCH_Z
14.7002,0.7381,0.1783,-0.6449,0.01761,0.12104,0.04950,0.00,0.00,3.00,57.9,120.87,640.22,245.14,SEARCH_Z
14.7102,0.7481,0.3883,-0.3949,0.04261,0.12904,0.05350,0.00,0.00,3.00,57.9,120.87,640.25,245.14,SEARCH_Z
14.7203,0.6681,-0.2516,-0.0849,0.03361,0.13504,0.05250,0.00,0.00,3.00,57.9,120.87,640.28,245.14,SEARCH_Z
14.7305,0.6081,0.2883,-0.5849,0.02161,0.11704,0.05550,0.00,0.00,3.00,57.9,120.87,640.32,245.15,SEARCH_Z
14.7406,0.8081,0.4883,-0.6349,0.02761,0.11204,0.05850,0.00,0.00,3.00,57.9,120.87,640.34,245.15,SEARCH_Z
14.7506,0.6081,0.4283,-0.4749,0.02261,0.12704,0.05550,0.00,0.00,3.00,57.9,120.87,640.38,245.15,SEARCH_Z
14.7608,0.6381,0.3383,-0.5749,0.03061,0.11804,0.05750,0.00,0.00,3.00,57.9,120.87,640.40,245.15,SEARCH_Z
14.7709,0.7081,0.5183,-0.7049,0.01861,0.10904,0.05650,0.00,0.00,3.00,57.9,120.86,640.44,245.15,SEARCH_Z
14.7809,0.7481,0.2883,-0.1549,0.03361,0.13204,0.05250,0.00,0.00,3.00,57.9,120.86,640.46,245.15,SEARCH_Z
14.7910,0.6981,0.0683,-0.2149,0.01561,0.11904,0.05550,0.00,0.00,3.00,57.9,120.86,640.50,245.15,SEARCH_Z
14.8011,0.9481,-0.0016,-0.3549,0.03961,0.13204,0.04950,0.00,0.00,3.00,57.9,120.86,640.52,245.15,SEARCH_Z
14.8112,0.7081,-0.1216,-0.1649,0.03661,0.13304,0.05050,0.00,0.00,3.00,57.9,120.86,640.56,245.15,SEARCH_Z
14.8213,0.6981,0.4283,-0.7649,0.02061,0.11404,0.05750,0.00,0.00,3.00,57.9,120.86,640.58,245.16,SEARCH_Z
14.8314,0.6581,-0.1416,-0.1149,0.01461,0.12404,0.05150,0.00,0.00,3.00,57.9,120.86,640.62,245.16,SEARCH_Z
14.8415,0.8281,0.2083,-0.3249,0.02661,0.11604,0.05350,0.00,0.00,3.00,57.9,120.86,640.64,245.16,SEARCH_Z
14.8516,0.7381,-0.0216,-0.3749,0.02661,0.12004,0.04850,0.00,0.00,3.00,57.9,120.86,640.68,245.16,SEARCH_Z
14.8618,0.5781,0.2383,-0.3649,0.01361,0.12404,0.05350,0.00,0.00,3.00,57.9,120.85,640.70,245.16,SEARCH_Z
14.8719,0.6981,0.2383,-0.3649,0.02961,0.11404,0.05250,0.00,0.00,3.00,57.9,120.85,640.74,245.16,SEARCH_Z
14.8820,0.3881,0.1383,-0.2249,0.01361,0.12704,0.05250,0.00,0.00,3.00,57.9,120.85,640.76,245.16,SEARCH_Z
14.8921,0.7381,0.2883,-0.5649,0.03961,0.11804,0.05350,0.00,0.00,3.00,57.9,120.85,640.80,245.16,SEARCH_Z
14.9022,0.6081,0.4783,-0.6649,0.01461,0.11004,0.05450,0.00,0.00,3.00,57.9,120.85,640.82,245.16,SEARCH_Z
14.9123,0.9181,0.3883,-0.2849,0.02061,0.11704,0.04850,0.00,0.00,3.00,57.9,120.85,640.86,245.17,SEARCH_Z
14.9224,0.6981,0.0083,-0.4449,0.04561,0.13104,0.04850,0.00,0.00,3.00,57.9,120.85,640.89,245.17,SEARCH_Z
14.9325,0.8081,-0.1716,-0.4549,0.03361,0.12404,0.05050,0.00,0.00,3.00,57.9,120.85,640.92,245.17,SEARCH_Z
14.9426,0.6581,0.1083,-0.5049,0.03061,0.11604,0.05050,0.00,0.00,3.00,57.9,120.85,640.95,245.17,SEARCH_Z
14.9526,0.5181,0.0583,-0.4049,0.01161,0.11904,0.05150,0.00,0.00,3.00,57.9,120.84,640.98,245.17,SEARCH_Z
14.9628,0.4381,-0.1716,0.3750,0.02261,0.13304,0.05050,0.00,0.00,3.00,57.9,120.84,641.01,245.17,SEARCH_Z
14.9728,0.7181,0.0483,-0.3049,0.01761,0.11304,0.05250,0.00,0.00,3.00,57.9,120.84,641.04,245.17,SEARCH_Z
14.9830,0.6681,0.2383,-0.7049,0.03661,0.12104,0.04850,0.00,0.00,3.00,57.9,120.84,641.07,245.17,SEARCH_Z
14.9930,0.9081,0.1083,-0.4749,0.04061,0.11304,0.04950,0.00,0.00,3.00,57.9,120.84,641.10,245.17,SEARCH_Z
15.0031,0.6181,0.0683,-0.3449,0.02261,0.12004,0.05150,0.00,0.00,3.00,57.9,120.84,641.13,245.18,SEARCH_Z
15.0133,0.8681,0.4783,-0.5749,0.04961,0.12004,0.05250,0.00,0.00,3.00,58.0,120.84,641.16,245.18,SEARCH_Z
15.0234,0.6081,-0.2216,-0.0249,0.02461,0.11904,0.04650,0.00,0.00,3.00,58.0,120.84,641.19,245.18,SEARCH_Z
15.0335,0.5681,0.0383,-0.2849,0.03361,0.12504,0.04650,0.00,0.00,3.00,58.0,120.84,641.22,245.18,SEARCH_Z
15.0435,0.8181,0.0283,-0.3049,0.04561,0.13104,0.05050,0.00,0.00,3.00,58.0,120.83,641.25,245.18,SEARCH_Z
15.0536,0.7681,0.1183,-0.4849,0.03561,0.11304,0.04850,0.00,0.00,3.00,58.0,120.83,641.28,245.18,SEARCH_Z
15.0637,0.7581,0.0483,-0.2949,0.03361,0.11904,0.04950,0.00,0.00,3.00,58.0,120.83,641.31,245.18,SEARCH_Z
15.0738,0.7181,0.1783,-0.4649,0.04961,0.11904,0.05350,0.00,0.00,3.00,58.0,120.83,641.34,245.18,SEARCH_Z
15.0840,0.6981,0.2183,-0.3949,0.03761,0.12104,0.04950,0.00,0.00,3.00,58.0,120.83,641.37,245.18,SEARCH_Z
15.0941,0.6081,0.1883,-0.5949,0.02661,0.11304,0.05250,0.00,0.00,3.00,58.0,120.83,641.40,245.19,SEARCH_Z
15.1042,0.7681,0.3383,-0.4749,0.02761,0.10704,0.04850,0.00,0.00,3.00,58.0,120.83,641.43,245.19,SEARCH_Z
15.1143,0.5881,-0.0116,-0.3249,0.02361,0.11704,0.05350,0.00,0.00,3.00,58.0,120.83,641.46,245.19,SEARCH_Z
15.1244,0.8681,-0.1016,-0.3749,0.03261,0.11304,0.04950,0.00,0.00,3.00,58.0,120.82,641.49,245.19,SEARCH_Z
15.1345,0.6781,0.1483,-0.2049,0.02961,0.11804,0.05250,0.00,0.00,3.00,58.0,120.82,641.53,245.19,SEARCH_Z
15.1446,0.9581,0.1383,-0.3049,0.04661,0.12204,0.04950,0.00,0.00,3.00,58.0,120.82,641.55,245.19,SEARCH_Z
15.1546,0.6681,-0.0416,-0.4249,0.02661,0.10604,0.05250,0.00,0.00,3.00,58.0,120.82,641.59,245.19,SEARCH_Z
15.1647,0.4681,0.0883,-0.6349,0.01061,0.10404,0.04850,0.00,0.00,3.00,58.0,120.82,641.61,245.19,SEARCH_Z
15.1748,0.8281,0.1683,-0.4249,0.04361,0.11304,0.04950,0.00,0.00,3.00,58.0,120.82,641.65,245.19,SEARCH_Z
15.1849,0.6181,0.1883,-0.3749,0.03361,0.11004,0.05250,0.00,0.00,3.00,58.0,120.82,641.67,245.20,SEARCH_Z
15.1950,0.7081,0.0783,-0.2549,0.03061,0.11904,0.04950,0.00,0.00,3.00,58.0,120.82,641.71,245.20,SEARCH_Z
15.2051,0.7481,-0.0016,-0.2249,0.03761,0.11904,0.04850,0.00,0.00,3.00,58.0,120.82,641.73,245.20,SEARCH_Z
15.2152,0.5281,0.2483,-0.5749,0.02961,0.10804,0.05150,0.00,0.00,3.00,58.0,120.81,641.77,245.20,SEARCH_Z
15.2253,0.6281,0.2583,-0.3949,0.03761,0.12504,0.04950,0.00,0.00,3.00,58.0,120.81,641.79,245.20,SEARCH_Z
15.2354,0.7381,0.2283,-0.3549,0.03161,0.12104,0.05250,0.00,0.00,3.00,58.0,120.81,641.83,245.20,SEARCH_Z
