time,fx,fy,fz,tx,ty,tz,vx,vy,vz,travel_mm,pos_x,pos_y,pos_z,phase
0.0000,-0.0620,-0.1696,0.2366,-0.00701,-0.00082,0.00041,-5.00,0.00,0.00,0.0,125.49,633.28,302.46,DESCEND
0.0102,-0.1520,0.0303,0.0666,-0.01301,-0.00682,-0.00258,-5.00,0.00,0.00,0.0,125.49,633.28,302.46,DESCEND
0.0203,-0.0820,-0.0896,0.0666,-0.01701,-0.00382,0.00241,-5.00,0.00,0.00,0.0,125.49,633.28,302.46,DESCEND
0.0304,-0.1720,0.3703,-0.1533,-0.00201,0.00117,0.00841,-5.00,0.00,0.00,0.0,125.49,633.28,302.45,DESCEND
0.0406,0.0279,0.1303,-0.1333,-0.00301,-0.00282,-0.00058,-5.00,0.00,0.00,0.0,125.49,633.28,302.44,DESCEND
0.0507,-0.0720,-0.1996,0.3566,-0.00701,0.00117,0.00041,-5.00,0.00,0.00,0.0,125.49,633.28,302.42,DESCEND
0.0609,-0.0420,0.1403,-0.0433,-0.01401,-0.01382,0.00241,-5.00,0.00,0.00,0.1,125.49,633.28,302.40,DESCEND
0.0710,0.2579,-0.2496,0.0566,0.00598,-0.00582,-0.00258,-5.00,0.00,0.00,0.1,125.49,633.28,302.38,DESCEND
0.0811,0.1979,-0.0896,0.1866,0.01398,-0.00082,-0.00058,-5.00,0.00,0.00,0.1,125.49,633.28,302.35,DESCEND
0.0912,-0.1320,-0.1296,0.4566,-0.01401,-0.00082,-0.00058,-5.00,0.00,0.00,0.1,125.49,633.29,302.32,DESCEND
0.1014,0.1679,-0.1796,-0.0333,0.00798,-0.00282,-0.00058,-5.00,0.00,0.00,0.2,125.49,633.29,302.29,DESCEND
0.1114,-0.1320,0.2103,-0.2533,-0.01801,-0.00682,0.00241,-5.00,0.00,0.00,0.2,125.49,633.29,302.25,DESCEND
0.1216,0.0179,0.2003,-0.1233,0.00798,0.00317,-0.00058,-5.00,0.00,0.00,0.3,125.49,633.29,302.20,DESCEND
0.1317,0.1379,-0.2296,-0.0133,0.01298,0.00017,-0.00258,-5.00,0.00,0.00,0.3,125.49,633.29,302.16,DESCEND
0.1418,-0.0320,0.0603,-0.0033,-0.02401,-0.00682,0.00141,-5.00,0.00,0.00,0.4,125.49,633.29,302.10,DESCEND
0.1520,0.1579,-0.1896,-0.1133,-0.01201,-0.01282,-0.00058,-5.00,0.00,0.00,0.4,125.49,633.30,302.06,DESCEND
0.1621,0.0379,0.1303,-0.0833,-0.00401,0.00417,0.00241,-5.00,0.00,0.00,0.5,125.49,633.30,302.00,DESCEND
0.1722,0.0979,0.3903,-0.1633,-0.01101,0.00617,0.00041,-5.00,0.00,0.00,0.5,125.49,633.30,301.96,DESCEND
0.1823,0.2079,0.2303,-0.1233,-0.00901,-0.00182,0.00441,-5.00,0.00,0.00,0.6,125.49,633.30,301.90,DESCEND
0.1924,-0.0420,-0.3096,0.2366,-0.01201,-0.00082,0.00041,-5.00,0.00,0.00,0.6,125.49,633.30,301.86,DESCEND
0.2026,-0.0520,0.2103,-0.1033,0.00198,-0.00782,-0.00258,-5.00,0.00,0.00,0.7,125.49,633.30,301.80,DESCEND
0.2127,-0.0720,0.0303,0.0466,-0.00301,-0.00582,0.00041,-5.00,0.00,0.00,0.7,125.49,633.31,301.76,DESCEND
0.2228,-0.0020,0.0903,0.0666,-0.01201,-0.01782,-0.00158,-5.00,0.00,0.00,0.8,125.49,633.31,301.70,DESCEND
0.2329,0.0279,0.0003,0.0366,-0.00601,-0.01782,-0.00158,-5.00,0.00,0.00,0.8,125.49,633.31,301.66,DESCEND
0.2431,-0.1720,0.0403,0.0066,-0.01201,-0.00982,-0.00058,-5.00,0.00,0.00,0.9,125.49,633.31,301.60,DESCEND
0.2532,0.0279,-0.0396,0.1266,-0.00501,0.00417,0.00041,-5.00,0.00,0.00,0.9,125.49,633.31,301.56,DESCEND
0.2633,-0.0220,-0.0196,-0.0833,0.00998,0.00817,0.00241,-5.00,0.00,0.00,1.0,125.49,633.32,301.50,DESCEND
0.2734,0.0979,-0.1396,0.1066,0.00898,0.01517,-0.00058,-5.00,0.00,0.00,1.0,125.49,633.32,301.44,DESCEND
0.2836,0.1379,0.2703,0.0066,-0.00501,-0.00282,0.00241,-5.00,0.00,0.00,1.1,125.49,633.32,301.40,DESCEND
0.2937,-0.0020,0.3303,-0.0533,-0.01201,-0.01082,0.00641,-5.00,0.00,0.00,1.1,125.49,633.32,301.34,DESCEND
0.3038,-0.0620,0.1603,-0.0033,-0.01601,-0.00082,0.00441,-5.00,0.00,0.00,1.2,125.49,633.32,301.30,DESCEND
0.3139,-0.1020,0.2203,-0.1133,-0.00501,-0.00782,0.00441,-5.00,0.00,0.00,1.2,125.49,633.33,301.24,DESCEND
0.3240,-0.0820,0.2603,0.1566,-0.02001,-0.01082,0.00341,-5.00,0.00,0.00,1.3,125.49,633.33,301.20,DESCEND
0.3341,-0.1420,0.2203,0.0566,-0.00201,-0.00082,0.00041,-5.00,0.00,0.00,1.3,125.49,633.33,301.14,DESCEND
0.3442,0.1079,-0.1296,-0.1533,0.01498,-0.01182,0.00141,-5.00,0.00,0.00,1.4,125.49,633.33,301.10,DESCEND
0.3543,-0.2720,0.2903,-0.2233,-0.01001,-0.00282,0.00241,-5.00,0.00,0.00,1.4,125.49,633.33,301.04,DESCEND
0.3644,0.0579,0.0303,0.0866,0.01098,0.00317,0.00141,-5.00,0.00,0.00,1.5,125.49,633.33,301.00,DESCEND
0.3745,-0.0820,0.2103,0.0366,-0.00901,-0.00582,0.00341,-5.00,0.00,0.00,1.5,125.49,633.34,300.94,DESCEND
0.3847,-0.0820,0.1703,-0.0333,-0.02501,-0.01682,0.00241,-5.00,0.00,0.00,1.6,125.49,633.34,300.90,DESCEND
0.3948,0.0479,0.3303,-0.0533,-0.01001,-0.01082,0.00441,-5.00,0.00,0.00,1.6,125.49,633.34,300.84,DESCEND
0.4049,-0.0120,-0.1096,0.2066,-0.00301,-0.00482,0.00441,-5.00,0.00,0.00,1.7,125.49,633.34,300.80,DESCEND
0.4150,0.0379,0.0803,-0.0633,0.00498,0.00017,0.00041,-5.00,0.00,0.00,1.7,125.49,633.34,300.74,DESCEND
0.4252,-0.0520,0.1003,-0.1133,-0.01101,-0.00182,-0.00158,-5.00,0.00,0.00,1.8,125.49,633.35,300.70,DESCEND
0.4353,0.0179,0.1903,-0.1733,-0.00001,0.00017,0.00141,-5.00,0.00,0.00,1.8,125.49,633.35,300.64,DESCEND
0.4454,-0.1920,0.1603,-0.0733,-0.01301,-0.01482,0.00441,-5.00,0.00,0.00,1.9,125.49,633.35,300.58,DESCEND
0.4555,-0.1820,0.3103,-0.0233,-0.01401,0.00117,0.00341,-5.00,0.00,0.00,1.9,125.49,633.35,300.54,DESCEND
0.4656,-0.0120,0.3003,-0.0633,0.00398,0.00317,0.00341,-5.00,0.00,0.00,2.0,125.49,633.35,300.50,DESCEND
0.4757,0.1479,-0.1296,0.1766,0.01098,0.00417,0.00041,-5.00,0.00,0.00,2.0,125.49,633.35,300.44,DESCEND
0.4859,0.1579,0.0203,0.0066,0.01698,-0.00382,0.00141,-5.00,0.00,0.00,2.1,125.49,633.36,300.38,DESCEND
0.4960,-0.0420,0.2803,-0.1533,-0.00901,-0.01282,0.00441,-5.00,0.00,0.00,2.1,125.49,633.36,300.34,DESCEND
0.5061,-0.2120,-0.3196,0.1766,-0.02201,0.00117,-0.00158,-5.00,0.00,0.00,2.2,125.49,633.36,300.28,DESCEND
0.5162,-0.1620,0.0603,0.2066,-0.00401,0.00317,-0.00058,-5.00,0.00,0.00,2.2,125.49,633.36,300.24,DESCEND
0.5263,0.0179,0.0503,0.0266,-0.00401,-0.01482,0.00341,-5.00,0.00,0.00,2.3,125.49,633.36,300.18,DESCEND
0.5364,0.0779,-0.0196,0.0266,-0.00501,-0.01282,0.00341,-5.00,0.00,0.00,2.3,125.49,633.37,300.14,DESCEND
0.5466,-0.0620,0.0503,-0.1033,-0.00901,-0.00182,0.00241,-5.00,0.00,0.00,2.4,125.49,633.37,300.08,DESCEND
0.5567,-0.2220,-0.1896,0.2766,-0.01301,-0.00082,0.00741,-5.00,0.00,0.00,2.4,125.49,633.37,300.04,DESCEND
0.5668,0.0579,0.1703,-0.2133,-0.00901,-0.00782,0.00041,-5.00,0.00,0.00,2.5,125.49,633.37,299.98,DESCEND
0.5769,0.0979,-0.0396,0.1466,0.00398,-0.00482,-0.00158,-5.00,0.00,0.00,2.5,125.49,633.37,299.94,DESCEND
0.5870,0.1779,0.1603,0.0566,-0.00301,-0.00782,0.00141,-5.00,0.00,0.00,2.6,125.49,633.38,299.88,DESCEND
0.5971,-0.2620,-0.0596,0.0866,-0.02601,0.00017,0.00141,-5.00,0.00,0.00,2.6,125.49,633.38,299.84,DESCEND
0.6072,0.0979,0.0403,-0.2833,-0.00801,-0.01682,0.00141,-5.00,0.00,0.00,2.7,125.49,633.38,299.78,DESCEND
0.6174,-0.2020,0.1603,-0.0333,-0.00301,-0.00782,0.00241,-5.00,0.00,0.00,2.7,125.49,633.38,299.74,DESCEND
0.6275,-0.0920,-0.0096,0.0666,-0.00501,-0.01082,0.00441,-5.00,0.00,0.00,2.8,125.49,633.38,299.68,DESCEND
0.6377,-0.0120,0.1603,-0.0833,0.00598,-0.00482,0.00441,-5.00,0.00,0.00,2.8,125.50,633.39,299.62,DESCEND
0.6478,-0.1820,-0.1396,0.1566,-0.01001,0.00417,-0.00058,-5.00,0.00,0.00,2.9,125.50,633.39,299.58,DESCEND
0.6580,-0.0920,0.3203,-0.3033,-0.01001,-0.00682,0.00641,-5.00,0.00,0.00,2.9,125.50,633.39,299.52,DESCEND
0.6681,-0.2520,-0.0896,0.2566,-0.01901,-0.00282,0.00641,-5.00,0.00,0.00,3.0,125.50,633.39,299.48,DESCEND
0.6782,-0.0120,0.0903,0.0766,0.00798,0.01517,0.00141,-5.00,0.00,0.00,3.0,125.50,633.39,299.42,DESCEND
0.6884,0.0579,0.1303,-0.0633,0.00598,-0.00182,-0.00058,-5.00,0.00,0.00,3.1,125.50,633.39,299.38,DESCEND
0.6985,-0.0420,-0.0996,0.2666,-0.00801,0.00217,0.00241,-5.00,0.00,0.00,3.1,125.50,633.40,299.32,DESCEND
0.7086,-0.0320,0.3003,-0.0533,-0.00901,-0.00182,0.00241,-5.00,0.00,0.00,3.2,125.50,633.40,299.28,DESCEND
0.7188,-0.0620,0.0803,0.0666,0.00898,0.00017,0.00541,-5.00,0.00,0.00,3.2,125.50,633.40,299.22,DESCEND
0.7289,-0.0820,-0.1896,0.0466,0.00298,-0.00582,0.00041,-5.00,0.00,0.00,3.3,125.50,633.40,299.18,DESCEND
0.7390,0.0479,0.0503,0.0566,0.00798,0.00017,0.00141,-5.00,0.00,0.00,3.3,125.50,633.40,299.12,DESCEND
0.7492,0.0679,0.0603,-0.1033,0.00298,-0.01482,0.00541,-5.00,0.00,0.00,3.4,125.50,633.40,299.08,DESCEND
0.7594,-0.1820,0.1103,-0.2233,-0.00201,-0.00382,0.00341,-5.00,0.00,0.00,3.4,125.50,633.41,299.02,DESCEND
0.7695,0.0579,0.1503,-0.0533,-0.00801,-0.00982,0.00541,-5.00,0.00,0.00,3.5,125.50,633.41,298.96,DESCEND
0.7796,-0.1620,0.5703,-0.3433,-0.01401,-0.01282,0.00541,-5.00,0.00,0.00,3.5,125.50,633.41,298.92,DESCEND
0.7898,-0.0420,0.1603,-0.1233,0.00198,-0.00482,0.00041,-5.00,0.00,0.00,3.6,125.50,633.41,298.86,DESCEND
0.7999,-0.1620,0.2003,-0.0833,-0.01001,0.00017,0.00541,-5.00,0.00,0.00,3.6,125.50,633.41,298.82,DESCEND
0.8100,0.2279,-0.0996,-0.0033,-0.00601,-0.00682,0.00141,-5.00,0.00,0.00,3.7,125.50,633.42,298.76,DESCEND
0.8202,0.0579,-0.0496,-0.0733,0.00698,-0.00082,0.00241,-5.00,0.00,0.00,3.7,125.50,633.42,298.72,DESCEND
0.8303,-0.0020,0.1103,-0.0233,-0.00601,-0.00682,0.00141,-5.00,0.00,0.00,3.8,125.50,633.42,298.66,DESCEND
0.8404,-0.0720,0.0903,0.0766,-0.00601,-0.00382,0.00141,-5.00,0.00,0.00,3.8,125.50,633.42,298.62,DESCEND
0.8505,-0.1420,-0.1896,0.2366,-0.02001,0.00817,0.00241,-5.00,0.00,0.00,3.9,125.50,633.42,298.56,DESCEND
0.8606,-0.2520,0.1503,0.1966,-0.00901,0.00217,0.00241,-5.00,0.00,0.00,3.9,125.50,633.43,298.52,DESCEND
0.8707,-0.1020,0.2803,-0.2333,-0.01201,-0.00982,0.00541,-5.00,0.00,0.00,4.0,125.50,633.43,298.46,DESCEND
0.8808,-0.0820,0.2403,-0.1233,-0.00901,-0.01182,0.00541,-5.00,0.00,0.00,4.0,125.50,633.43,298.42,DESCEND
0.8909,-0.2020,0.1203,0.1766,-0.02701,-0.01082,0.00341,-5.00,0.00,0.00,4.1,125.50,633.43,298.36,DESCEND
0.9011,0.0379,0.1103,-0.3033,-0.01301,-0.00982,0.00441,-5.00,0.00,0.00,4.1,125.50,633.43,298.32,DESCEND
0.9112,-0.0620,0.0503,0.0666,-0.00901,-0.00782,0.00241,-5.00,0.00,0.00,4.2,125.50,633.44,298.26,DESCEND
0.9213,0.1479,-0.2396,0.1866,0.01198,-0.00382,0.00041,-5.00,0.00,0.00,4.2,125.50,633.44,298.22,DESCEND
0.9314,0.0279,0.3003,-0.3233,-0.00501,-0.01582,0.00841,-5.00,0.00,0.00,4.3,125.50,633.44,298.16,DESCEND
0.9416,-0.0420,0.1403,-0.0333,-0.00701,-0.01082,0.00241,-5.00,0.00,0.00,4.4,125.50,633.44,298.10,DESCEND
0.9517,0.0379,0.1703,0.0666,-0.01401,-0.00782,0.00341,-5.00,0.00,0.00,4.4,125.50,633.44,298.06,DESCEND
0.9618,-0.0420,0.1503,-0.0033,-0.01501,-0.01082,0.00441,-5.00,0.00,0.00,4.5,125.50,633.44,298.00,DESCEND
0.9719,-0.2620,-0.3196,0.2866,-0.01701,0.00817,-0.00058,-5.00,0.00,0.00,4.5,125.50,633.45,297.96,DESCEND
0.9820,-0.1820,0.0603,0.2266,-0.01501,-0.00582,0.00241,-5.00,0.00,0.00,4.6,125.50,633.45,297.90,DESCEND
0.9921,-0.1520,0.1603,0.0866,0.00098,0.00017,0.00441,-5.00,0.00,0.00,4.6,125.50,633.45,297.86,DESCEND
1.0022,0.2979,0.2503,0.1566,0.00398,-0.00582,0.00041,-5.00,0.00,0.00,4.7,125.50,633.45,297.80,DESCEND
1.0123,-0.1120,0.1503,-0.0333,-0.01801,-0.01582,0.00541,-5.00,0.00,0.00,4.7,125.50,633.45,297.76,DESCEND
1.0224,-0.0020,0.0603,0.1566,-0.00101,-0.00482,0.00141,-5.00,0.00,0.00,4.8,125.50,633.46,297.70,DESCEND
1.0325,-0.0020,0.1503,-0.2433,-0.01001,-0.00882,0.00441,-5.00,0.00,0.00,4.8,125.50,633.46,297.66,DESCEND
1.0426,-0.1320,0.1303,0.0666,-0.00801,-0.01182,0.00141,-5.00,0.00,0.00,4.9,125.50,633.46,297.60,DESCEND
1.0527,-0.0220,0.4603,-0.2433,-0.00601,-0.01282,0.00741,-5.00,0.00,0.00,4.9,125.50,633.46,297.56,DESCEND
1.0629,-0.1220,-0.0496,0.2466,-0.02701,-0.01782,0.00141,-5.00,0.00,0.00,5.0,125.50,633.46,297.50,DESCEND
1.0730,-0.0920,0.1903,-0.1833,-0.00801,-0.00782,0.00541,-5.00,0.00,0.00,5.0,125.50,633.46,297.46,DESCEND
1.0831,-0.2920,-0.1996,0.1366,-0.02201,-0.01382,0.00241,-5.00,0.00,0.00,5.1,125.50,633.47,297.40,DESCEND
1.0932,0.0179,0.3803,-0.0233,0.01498,0.00717,0.00641,-5.00,0.00,0.00,5.1,125.50,633.47,297.36,DESCEND
1.1033,-0.0120,-0.0696,-0.0033,0.00198,0.00117,0.00241,-5.00,0.00,0.00,5.2,125.50,633.47,297.30,DESCEND
1.1134,-0.0820,0.2503,0.1266,-0.01201,-0.00382,0.00741,-5.00,0.00,0.00,5.2,125.50,633.47,297.26,DESCEND
1.1236,-0.0920,0.1603,0.0566,0.00398,0.00417,0.00141,-5.00,0.00,0.00,5.3,125.50,633.47,297.20,DESCEND
1.1336,-0.1320,0.1303,0.0566,-0.01301,-0.00682,0.00641,-5.00,0.00,0.00,5.3,125.50,633.48,297.14,DESCEND
1.1437,-0.0820,-0.0396,0.1666,0.00198,0.00617,0.00541,-5.00,0.00,0.00,5.4,125.50,633.48,297.10,DESCEND
1.1539,-0.0320,0.1503,0.0966,-0.00901,-0.01082,0.00441,-5.00,0.00,0.00,5.4,125.50,633.48,297.05,DESCEND
1.1640,0.1679,-0.2196,0.1266,-0.00801,-0.01482,0.00141,-5.00,0.00,0.00,5.5,125.50,633.48,297.01,DESCEND
1.1740,-0.0520,-0.1796,0.1566,0.00598,0.00617,0.00341,-5.00,0.00,0.00,5.5,125.50,633.48,296.95,DESCEND
1.1842,-0.1720,0.2403,0.0066,-0.00601,-0.00582,0.00441,-5.00,0.00,0.00,5.6,125.50,633.49,296.91,DESCEND
1.1943,-0.0820,0.2403,-0.0533,0.00098,0.00117,0.00141,-5.00,0.00,0.00,5.6,125.50,633.49,296.85,DESCEND
1.2044,-0.1720,0.0703,0.0566,-0.01701,-0.00882,0.00341,-5.00,0.00,0.00,5.7,125.50,633.49,296.81,DESCEND
1.2145,-0.0720,0.0403,-0.3233,-0.00701,-0.01582,0.00641,-5.00,0.00,0.00,5.7,125.50,633.49,296.75,DESCEND
1.2247,-0.0820,0.0603,0.2066,-0.01201,-0.00182,0.00341,-5.00,0.00,0.00,5.8,125.50,633.49,296.71,DESCEND
1.2348,-0.1520,0.2403,-0.1133,-0.01201,-0.00482,0.00641,-5.00,0.00,0.00,5.8,125.50,633.50,296.65,DESCEND
1.2449,-0.0220,0.0203,-0.0933,0.00498,-0.00082,0.00341,-5.00,0.00,0.00,5.9,125.50,633.50,296.61,DESCEND
1.2550,0.1579,-0.0396,0.1266,-0.01001,-0.00782,0.00241,-5.00,0.00,0.00,5.9,125.51,633.50,296.55,DESCEND
1.2651,-0.0420,0.2603,-0.1633,-0.01601,-0.01482,0.00541,-5.00,0.00,0.00,6.0,125.51,633.50,296.51,DESCEND
1.2752,0.0079,0.0803,0.3066,-0.00701,0.00117,0.00141,-5.00,0.00,0.00,6.0,125.51,633.50,296.45,DESCEND
1.2854,0.2879,0.1003,-0.3033,0.00398,-0.00882,0.00241,-5.00,0.00,0.00,6.1,125.51,633.50,296.39,DESCEND
1.2955,-0.0120,0.1603,-0.1233,-0.02001,-0.01882,0.00441,-5.00,0.00,0.00,6.1,125.51,633.51,296.35,DESCEND
1.3056,-0.0520,0.0803,-0.1733,0.00598,0.00117,0.00241,-5.00,0.00,0.00,6.2,125.51,633.51,296.29,DESCEND
1.3157,-0.0220,-0.3796,0.3966,0.00198,0.00517,0.00141,-5.00,0.00,0.00,6.2,125.51,633.51,296.25,DESCEND
1.3259,-0.1720,0.3503,-0.1533,-0.00701,0.00017,0.00641,-5.00,0.00,0.00,6.3,125.51,633.51,296.19,DESCEND
1.3360,0.1079,0.0403,-0.1133,0.01598,-0.00382,0.00141,-5.00,0.00,0.00,6.3,125.51,633.51,296.15,DESCEND
1.3461,0.0279,-0.1096,-0.0833,0.00198,-0.01182,0.00341,-5.00,0.00,0.00,6.4,125.51,633.52,296.09,DESCEND
1.3562,-0.1720,0.4403,-0.0933,-0.00401,0.00017,0.00641,-5.00,0.00,0.00,6.4,125.51,633.52,296.05,DESCEND
1.3664,-0.2020,0.1103,-0.1033,-0.03601,-0.02982,0.00541,-5.00,0.00,0.00,6.5,125.51,633.52,295.99,DESCEND
1.3765,-0.0420,0.3503,-0.1233,-0.00201,-0.00482,0.00741,-5.00,0.00,0.00,6.5,125.51,633.52,295.95,DESCEND
1.3867,0.0379,0.1203,-0.2333,-0.00401,-0.01182,0.00541,-5.00,0.00,0.00,6.6,125.51,633.52,295.89,DESCEND
1.3968,-0.0720,-0.0096,-0.0733,0.01498,0.00817,0.00441,-5.00,0.00,0.00,6.6,125.51,633.52,295.85,DESCEND
1.4069,-0.1120,0.3203,0.1466,-0.01101,0.00117,0.00541,-5.00,0.00,0.00,6.7,125.51,633.53,295.79,DESCEND
1.4170,0.0379,0.0403,-0.0533,-0.00301,-0.00882,0.00241,-5.00,0.00,0.00,6.7,125.51,633.53,295.75,DESCEND
1.4272,-0.0720,0.2503,0.0166,0.00498,0.00017,0.00441,-5.00,0.00,0.00,6.8,125.51,633.53,295.69,DESCEND
1.4373,-0.1820,-0.0296,-0.0433,-0.00501,-0.00082,0.00441,-5.00,0.00,0.00,6.8,125.51,633.53,295.65,DESCEND
1.4474,0.0679,0.3003,-0.1033,0.00198,-0.01182,0.00341,-5.00,0.00,0.00,6.9,125.51,633.53,295.59,DESCEND
1.4576,-0.2020,0.2003,-0.0733,-0.00001,0.00317,0.00541,-5.00,0.00,0.00,6.9,125.51,633.54,295.53,DESCEND
1.4676,-0.0520,0.2203,-0.0733,-0.01701,-0.01682,0.00841,-5.00,0.00,0.00,7.0,125.51,633.54,295.49,DESCEND
1.4778,-0.0720,-0.0096,0.2966,-0.00701,-0.00882,0.00241,-5.00,0.00,0.00,7.0,125.51,633.54,295.43,DESCEND
1.4879,-0.0220,-0.0196,0.0366,0.01298,0.00217,0.00541,-5.00,0.00,0.00,7.1,125.51,633.54,295.39,DESCEND
1.4980,-0.1220,0.1803,-0.0633,-0.00101,0.00317,0.00241,-5.00,0.00,0.00,7.1,125.51,633.54,295.33,DESCEND
1.5081,0.0579,0.0703,-0.0733,0.00398,-0.00382,0.00641,-5.00,0.00,0.00,7.2,125.51,633.55,295.29,DESCEND
1.5182,-0.2120,0.0603,0.0666,-0.01101,-0.00082,0.00141,-5.00,0.00,0.00,7.2,125.51,633.55,295.23,DESCEND
1.5283,-0.1220,0.1203,0.0866,-0.01901,-0.01282,0.00241,-5.00,0.00,0.00,7.3,125.51,633.55,295.19,DESCEND
1.5384,0.1079,-0.0696,0.5866,0.00498,0.00217,0.00441,-5.00,0.00,0.00,7.3,125.51,633.55,295.13,DESCEND
1.5486,-0.1620,-0.0796,0.2366,0.00798,0.01117,0.00541,-5.00,0.00,0.00,7.4,125.51,633.55,295.09,DESCEND
1.5587,0.0879,0.0103,-0.2633,0.00298,0.00017,0.00341,-5.00,0.00,0.00,7.4,125.51,633.55,295.03,DESCEND
1.5688,-0.1120,0.1003,-0.4033,-0.01001,-0.01382,0.00841,-5.00,0.00,0.00,7.5,125.51,633.56,294.99,DESCEND
1.5789,-0.0720,-0.2196,0.0866,0.01098,0.00817,0.00241,-5.00,0.00,0.00,7.5,125.51,633.56,294.93,DESCEND
1.5891,0.2379,0.1003,-0.0633,0.00098,-0.00382,0.00441,-5.00,0.00,0.00,7.6,125.51,633.56,294.89,DESCEND
1.5992,-0.0320,0.1103,0.0366,0.00898,0.00317,0.00141,-5.00,0.00,0.00,7.6,125.51,633.56,294.83,DESCEND
1.6093,0.1179,-0.4196,0.0866,-0.00501,-0.01982,0.00041,-5.00,0.00,0.00,7.7,125.51,633.56,294.79,DESCEND
1.6195,-0.1520,0.1403,0.0866,-0.01501,0.00017,0.00341,-5.00,0.00,0.00,7.7,125.51,633.57,294.73,DESCEND
1.6296,-0.0720,0.1203,0.3466,-0.00601,0.00117,0.00041,-5.00,0.00,0.00,7.8,125.51,633.57,294.67,DESCEND
1.6397,-0.2320,0.4603,0.1466,-0.02801,-0.01182,0.00741,-5.00,0.00,0.00,7.8,125.51,633.57,294.63,DESCEND
1.6499,-0.0320,0.1703,-0.0233,-0.01401,-0.01182,0.00641,-5.00,0.00,0.00,7.9,125.51,633.57,294.57,DESCEND
1.6600,0.0479,-0.1796,0.0766,-0.00101,-0.00182,0.00141,-5.00,0.00,0.00,7.9,125.51,633.57,294.53,DESCEND
1.6701,-0.1220,0.0903,0.0066,-0.01301,-0.01182,0.00541,-5.00,0.00,0.00,8.0,125.51,633.58,294.47,DESCEND
1.6802,-0.0620,0.1003,0.1566,-0.01501,0.00417,0.00241,-5.00,0.00,0.00,8.0,125.51,633.58,294.43,DESCEND
1.6903,-0.0620,0.4003,-0.3933,-0.01201,-0.01882,0.00841,-5.00,0.00,0.00,8.1,125.51,633.58,294.37,DESCEND
1.7004,0.0479,0.1303,-0.0233,0.00098,0.00217,0.00341,-5.00,0.00,0.00,8.1,125.51,633.58,294.33,DESCEND
1.7105,0.0279,0.3903,0.1266,-0.00001,0.00217,0.00941,-5.00,0.00,0.00,8.2,125.51,633.58,294.27,DESCEND
1.7206,-0.1220,-0.0396,0.0466,-0.01301,-0.00882,0.00541,-5.00,0.00,0.00,8.2,125.51,633.58,294.23,DESCEND
1.7307,-0.0620,0.1003,-0.0133,-0.01201,-0.01082,0.00541,-5.00,0.00,0.00,8.3,125.51,633.59,294.17,DESCEND
1.7409,0.0679,0.1903,0.0666,-0.00201,-0.01282,0.00241,-5.00,0.00,0.00,8.3,125.51,633.59,294.13,DESCEND
1.7510,-0.0820,0.2003,-0.1733,0.00598,0.00517,0.00541,-5.00,0.00,0.00,8.4,125.51,633.59,294.07,DESCEND
1.7611,0.0779,0.3503,-0.1133,-0.01401,-0.01582,0.00541,-5.00,0.00,0.00,8.4,125.51,633.59,294.03,DESCEND
1.7712,-0.0420,0.0603,0.1766,0.01398,0.00117,0.00641,-5.00,0.00,0.00,8.5,125.51,633.59,293.97,DESCEND
1.7813,-0.1920,0.1703,0.0466,-0.01701,-0.00882,0.00441,-5.00,0.00,0.00,8.5,125.51,633.60,293.93,DESCEND
1.7915,0.0879,0.0703,0.0466,-0.00401,0.00217,0.00241,-5.00,0.00,0.00,8.6,125.51,633.60,293.87,DESCEND
1.8016,0.0479,0.0103,0.0466,0.00298,-0.00582,0.00041,-5.00,0.00,0.00,8.7,125.51,633.60,293.81,DESCEND
1.8117,-0.0720,0.1303,0.3666,-0.01701,-0.00482,0.00141,-5.00,0.00,0.00,8.7,125.51,633.60,293.77,DESCEND
1.8219,0.0879,0.0203,0.0766,-0.00201,0.00417,0.00141,-5.00,0.00,0.00,8.8,125.51,633.60,293.71,DESCEND
1.8320,-0.1020,0.3103,0.1766,0.00098,0.00517,0.00541,-5.00,0.00,0.00,8.8,125.51,633.61,293.67,DESCEND
1.8421,0.0979,0.0203,-0.1333,0.00398,-0.00282,0.00341,-5.00,0.00,0.00,8.9,125.51,633.61,293.61,DESCEND
1.8523,-0.1020,0.0703,-0.1033,-0.01101,0.00017,0.00441,-5.00,0.00,0.00,8.9,125.51,633.61,293.57,DESCEND
1.8624,0.0179,-0.0196,-0.0233,-0.00501,-0.00882,0.00441,-5.00,0.00,0.00,9.0,125.51,633.61,293.51,DESCEND
1.8725,0.0979,0.3003,-0.2633,0.00198,-0.01382,0.00841,-5.00,0.00,0.00,9.0,125.52,633.61,293.47,DESCEND
1.8827,-0.0620,0.4003,-0.2333,0.00498,-0.00982,0.00341,-5.00,0.00,0.00,9.1,125.52,633.61,293.41,DESCEND
1.8928,0.0079,0.2503,-0.0433,0.01498,0.00717,0.00441,-5.00,0.00,0.00,9.1,125.52,633.62,293.37,DESCEND
1.9029,0.0179,0.0603,0.1066,-0.00601,-0.00582,0.00241,-5.00,0.00,0.00,9.2,125.52,633.62,293.31,DESCEND
1.9130,-0.1320,0.1203,-0.2233,-0.01001,-0.00882,0.00541,-5.00,0.00,0.00,9.2,125.52,633.62,293.27,DESCEND
1.9231,-0.0120,0.0503,0.0466,-0.01801,-0.01582,0.00341,-5.00,0.00,0.00,9.3,125.52,633.62,293.21,DESCEND
1.9333,-0.1120,0.0103,0.2966,-0.00501,0.00717,0.00241,-5.00,0.00,0.00,9.3,125.52,633.62,293.17,DESCEND
1.9434,0.0579,0.0903,-0.0933,-0.00701,-0.00382,0.00541,-5.00,0.00,0.00,9.4,125.52,633.63,293.11,DESCEND
1.9536,0.1679,0.2003,-0.2733,-0.00901,-0.01582,0.00541,-5.00,0.00,0.00,9.4,125.52,633.63,293.05,DESCEND
1.9637,0.0779,-0.3496,0.6466,-0.00601,0.00617,-0.00258,-5.00,0.00,0.00,9.5,125.52,633.63,293.01,DESCEND
1.9738,0.0079,0.2503,-0.1333,-0.01201,-0.01282,0.00541,-5.00,0.00,0.00,9.5,125.52,633.63,292.95,DESCEND
1.9839,-0.3120,-0.2096,0.3166,-0.01001,0.00617,0.00041,-5.00,0.00,0.00,9.6,125.52,633.63,292.91,DESCEND
1.9940,0.0079,0.3603,-0.3333,-0.01801,-0.02482,0.00341,-5.00,0.00,0.00,9.6,125.52,633.64,292.85,DESCEND
2.0041,-0.1220,-0.2296,0.1366,0.00198,0.00417,0.00541,-5.00,0.00,0.00,9.7,125.52,633.64,292.81,DESCEND
2.0143,-0.0720,-0.0696,-0.1233,-0.01201,-0.01282,0.00141,-5.00,0.00,0.00,9.7,125.52,633.64,292.75,DESCEND
2.0244,-0.0220,0.3903,0.0266,-0.01101,-0.01182,0.00941,-5.00,0.00,0.00,9.8,125.52,633.64,292.71,DESCEND
2.0345,-0.0520,0.0503,-0.1633,-0.00501,-0.00982,0.00541,-5.00,0.00,0.00,9.8,125.52,633.64,292.65,DESCEND
2.0446,-0.0620,0.0403,0.4966,0.00198,0.00517,0.00741,-5.00,0.00,0.00,9.9,125.52,633.64,292.61,DESCEND
2.0547,0.0179,-0.1596,0.0666,0.00698,-0.00682,0.00341,-5.00,0.00,0.00,9.9,125.52,633.65,292.55,DESCEND
2.0648,0.0179,0.2703,0.1066,0.00798,-0.00182,0.00341,-5.00,0.00,0.00,10.0,125.52,633.65,292.51,DESCEND
2.0749,-0.1720,0.0603,0.1266,-0.01401,-0.00582,0.00341,-5.00,0.00,0.00,10.0,125.52,633.65,292.45,DESCEND
2.0851,0.0279,0.1703,-0.1233,0.00498,-0.00382,0.00441,-5.00,0.00,0.00,10.1,125.52,633.65,292.41,DESCEND
2.0952,-0.1720,0.1203,0.1266,0.00098,-0.00782,0.00441,-5.00,0.00,0.00,10.1,125.52,633.65,292.35,DESCEND
2.1053,-0.0620,0.1403,0.1766,0.00298,0.00417,0.00441,-5.00,0.00,0.00,10.2,125.52,633.66,292.31,DESCEND
2.1154,-0.2320,-0.0596,0.3166,-0.01801,0.00017,0.00541,-5.00,0.00,0.00,10.2,125.52,633.66,292.25,DESCEND
2.1255,0.2079,0.2303,-0.2233,0.00998,-0.01082,0.00441,-5.00,0.00,0.00,10.3,125.52,633.66,292.21,DESCEND
2.1356,-0.0920,-0.1996,0.5266,0.01398,0.00817,0.00541,-5.00,0.00,0.00,10.3,125.52,633.66,292.15,DESCEND
2.1457,-0.0620,0.0003,0.2566,-0.00301,0.00317,0.00341,-5.00,0.00,0.00,10.4,125.52,633.66,292.09,DESCEND
2.1558,0.0279,0.6403,-0.8233,-0.02301,-0.02382,0.01041,-5.00,0.00,0.00,10.4,125.52,633.67,292.05,DESCEND
2.1659,-0.0320,-0.0696,0.1166,-0.01001,-0.00382,0.00241,-5.00,0.00,0.00,10.5,125.52,633.67,291.99,DESCEND
2.1760,-0.1320,0.0703,0.5566,0.00098,0.00017,0.00241,-5.00,0.00,0.00,10.5,125.52,633.67,291.95,DESCEND
2.1862,0.0879,0.1103,-0.0333,0.00498,-0.00682,0.00641,-5.00,0.00,0.00,10.6,125.52,633.67,291.89,DESCEND
2.1963,-0.2020,-0.2596,0.3066,-0.02201,-0.00482,0.00441,-5.00,0.00,0.00,10.6,125.52,633.67,291.85,DESCEND
2.2064,0.0779,0.3103,0.1066,-0.00801,-0.01282,0.00741,-5.00,0.00,0.00,10.7,125.52,633.67,291.79,DESCEND
2.2165,0.1079,0.4003,-0.2033,0.01598,-0.00582,0.00641,-5.00,0.00,0.00,10.7,125.52,633.68,291.75,DESCEND
2.2266,-0.0620,0.3303,-0.0133,-0.01201,-0.01082,0.00541,-5.00,0.00,0.00,10.8,125.52,633.68,291.69,DESCEND
2.2367,-0.0620,0.3103,0.1466,-0.00801,-0.00682,0.00541,-5.00,0.00,0.00,10.8,125.52,633.68,291.65,DESCEND
2.2468,0.0179,0.1303,-0.0233,0.00498,0.00017,0.00541,-5.00,0.00,0.00,10.9,125.52,633.68,291.59,DESCEND
2.2570,-0.0220,0.1403,0.2766,0.01598,0.00317,0.00341,-5.00,0.00,0.00,10.9,125.52,633.68,291.55,DESCEND
2.2671,0.0779,-0.2096,0.4466,-0.00701,0.00317,0.00141,-5.00,0.00,0.00,11.0,125.52,633.69,291.49,DESCEND
2.2772,-0.2020,0.1403,-0.1133,-0.01101,-0.00982,0.00741,-5.00,0.00,0.00,11.0,125.52,633.69,291.45,DESCEND
2.2874,0.0979,-0.1796,0.0866,0.02098,0.01317,-0.00058,-5.00,0.00,0.00,11.1,125.52,633.69,291.39,DESCEND
2.2975,0.0079,0.0003,0.0166,-0.00801,-0.00882,0.00441,-5.00,0.00,0.00,11.1,125.52,633.69,291.35,DESCEND
2.3076,-0.0420,0.1403,0.0766,-0.01201,-0.00482,0.00341,-5.00,0.00,0.00,11.2,125.52,633.69,291.29,DESCEND
2.3177,0.0779,0.7103,-0.3833,0.00298,-0.01282,0.00641,-5.00,0.00,0.00,11.2,125.52,633.70,291.23,DESCEND
2.3278,-0.0020,-0.0796,-0.1333,0.00198,-0.00882,0.00741,-5.00,0.00,0.00,11.3,125.52,633.70,291.19,DESCEND
2.3379,-0.2220,0.2003,0.0466,-0.00901,0.00317,0.00541,-5.00,0.00,0.00,11.3,125.52,633.70,291.13,DESCEND
2.3480,0.2779,0.2603,-0.0433,0.00898,-0.01182,0.00541,-5.00,0.00,0.00,11.4,125.52,633.70,291.09,DESCEND
2.3582,0.0579,0.1703,0.0166,-0.00401,-0.00282,0.00541,-5.00,0.00,0.00,11.4,125.52,633.70,291.03,DESCEND
2.3683,-0.0120,-0.1096,0.2666,-0.00001,0.00117,0.00341,-5.00,0.00,0.00,11.5,125.52,633.70,290.99,DESCEND
2.3784,-0.0920,0.5503,-0.4733,-0.01301,-0.01582,0.01041,-5.00,0.00,0.00,11.5,125.52,633.71,290.93,DESCEND
2.3885,-0.1720,-0.1696,0.2666,0.00798,0.01517,0.00241,-5.00,0.00,0.00,11.6,125.52,633.71,290.89,DESCEND
2.3986,0.0879,-0.0296,0.2766,0.00998,0.00417,0.00541,-5.00,0.00,0.00,11.6,125.52,633.71,290.83,DESCEND
2.4087,0.0079,0.5403,-0.4933,-0.00901,-0.02382,0.01141,-5.00,0.00,0.00,11.7,125.52,633.71,290.79,DESCEND
2.4188,-0.0120,0.1003,0.0466,-0.01201,-0.01082,0.00641,-5.00,0.00,0.00,11.7,125.52,633.71,290.73,DESCEND
2.4290,-0.1020,0.3103,0.0166,-0.00901,-0.00682,0.00641,-5.00,0.00,0.00,11.8,125.52,633.72,290.69,DESCEND
2.4391,0.0279,-0.1596,-0.0033,-0.00201,-0.00482,0.00641,-5.00,0.00,0.00,11.8,125.52,633.72,290.63,DESCEND
2.4492,-0.0420,-0.2596,0.5666,0.00898,0.01017,0.00341,-5.00,0.00,0.00,11.9,125.52,633.72,290.59,DESCEND
2.4593,-0.0420,0.1203,-0.1533,-0.00101,-0.00782,0.00541,-5.00,0.00,0.00,11.9,125.52,633.72,290.53,DESCEND
2.4694,-0.0020,-0.0796,0.0166,-0.00801,-0.01082,0.00141,-5.00,0.00,0.00,12.0,125.52,633.72,290.49,DESCEND
2.4795,-0.1120,0.2703,0.0866,-0.00801,-0.00082,0.00341,-5.00,0.00,0.00,12.0,125.52,633.72,290.43,DESCEND
2.4896,0.1479,0.1403,-0.2933,0.00098,-0.01782,0.00941,-5.00,0.00,0.00,12.1,125.52,633.73,290.39,DESCEND
2.4997,-0.0020,-0.1396,0.0466,0.01198,0.00117,0.00241,-5.00,0.00,0.00,12.1,125.52,633.73,290.33,DESCEND
2.5098,0.0779,0.2303,0.0166,-0.00401,-0.00982,0.00641,-5.00,0.00,0.00,12.2,125.53,633.73,290.27,DESCEND
2.5200,0.0379,0.2003,-0.2533,-0.00701,-0.00982,0.00641,-5.00,0.00,0.00,12.2,125.53,633.73,290.23,DESCEND
2.5301,0.0279,0.1203,0.2666,0.00298,-0.00482,0.00241,-5.00,0.00,0.00,12.3,125.53,633.73,290.17,DESCEND
2.5402,0.0579,0.3503,-0.3733,-0.02201,-0.02882,0.00741,-5.00,0.00,0.00,12.3,125.53,633.74,290.13,DESCEND
2.5503,-0.1920,0.0503,0.0766,-0.01801,0.00317,0.00541,-5.00,0.00,0.00,12.4,125.53,633.74,290.07,DESCEND
2.5605,-0.0520,0.0703,0.0766,0.00998,0.00717,0.00441,-5.00,0.00,0.00,12.4,125.53,633.74,290.03,DESCEND
2.5706,-0.0020,-0.0096,0.1666,-0.00001,0.00117,0.00541,-5.00,0.00,0.00,12.5,125.53,633.74,289.97,DESCEND
2.5807,-0.0920,0.1903,-0.0133,-0.00201,0.00317,0.00541,-5.00,0.00,0.00,12.5,125.53,633.74,289.93,DESCEND
2.5908,0.0079,-0.1096,0.1366,-0.00601,0.00117,0.00241,-5.00,0.00,0.00,12.6,125.53,633.75,289.87,DESCEND
2.6009,-0.0520,0.1503,0.1766,-0.00401,0.00517,0.00641,-5.00,0.00,0.00,12.6,125.53,633.75,289.83,DESCEND
2.6111,0.0179,0.2803,-0.1533,-0.01901,-0.01182,0.00541,-5.00,0.00,0.00,12.7,125.53,633.75,289.77,DESCEND
2.6212,-0.0720,0.3603,-0.0933,-0.00901,-0.00382,0.00541,-5.00,0.00,0.00,12.7,125.53,633.75,289.73,DESCEND
2.6313,0.0779,0.3003,-0.1133,-0.00101,-0.01082,0.00841,-5.00,0.00,0.00,12.8,125.53,633.75,289.67,DESCEND
2.6414,0.0079,0.1703,0.2466,-0.00101,0.00217,0.00441,-5.00,0.00,0.00,12.8,125.53,633.75,289.63,DESCEND
2.6515,0.1979,0.0303,-0.1433,0.01098,-0.00282,0.00341,-5.00,0.00,0.00,12.9,125.53,633.76,289.57,DESCEND
2.6616,-0.0620,0.0703,0.0566,0.00798,-0.00482,0.00541,-5.00,0.00,0.00,13.0,125.53,633.76,289.51,DESCEND
2.6717,0.0979,0.3303,-0.1933,-0.00001,-0.01582,0.00441,-5.00,0.00,0.00,13.0,125.53,633.76,289.47,DESCEND
2.6818,-0.0820,0.2003,-0.0933,0.00198,-0.00182,0.00841,-5.00,0.00,0.00,13.1,125.53,633.76,289.41,DESCEND
2.6920,-0.1420,-0.1796,0.1866,-0.00701,0.00217,0.00941,-5.00,0.00,0.00,13.1,125.53,633.76,289.37,DESCEND
2.7021,-0.1520,0.3003,-0.3033,-0.01101,-0.00082,0.00541,-5.00,0.00,0.00,13.2,125.53,633.77,289.31,DESCEND
2.7122,0.0279,-0.1396,0.3866,-0.00001,0.00617,0.00241,-5.00,0.00,0.00,13.2,125.53,633.77,289.27,DESCEND
2.7223,-0.0920,-0.0896,0.1366,0.00598,0.00817,0.00341,-5.00,0.00,0.00,13.3,125.53,633.77,289.21,DESCEND
2.7325,0.1379,-0.0296,0.0766,0.01998,0.00617,0.00641,-5.00,0.00,0.00,13.3,125.53,633.77,289.17,DESCEND
2.7425,0.1579,-0.0896,0.0866,0.00198,-0.00882,0.00641,-5.00,0.00,0.00,13.4,125.53,633.77,289.11,DESCEND
2.7526,-0.0420,0.4403,-0.2233,-0.00001,-0.01182,0.00841,-5.00,0.00,0.00,13.4,125.53,633.78,289.07,DESCEND
2.7628,0.1379,0.2603,0.2166,0.00498,-0.00282,0.00541,-5.00,0.00,0.00,13.5,125.53,633.78,289.01,DESCEND
2.7728,0.1979,-0.1196,0.3666,0.00698,0.00417,0.00441,-5.00,0.00,0.00,13.5,125.53,633.78,288.97,DESCEND
2.7829,-0.1420,-0.1996,0.0766,-0.00401,-0.01082,0.00541,-5.00,0.00,0.00,13.6,125.53,633.78,288.91,DESCEND
2.7930,0.1179,0.1503,-0.2633,-0.00001,-0.00682,0.00641,-5.00,0.00,0.00,13.6,125.53,633.78,288.87,DESCEND
2.8031,0.0279,0.3403,0.0066,-0.01701,-0.01082,0.01041,-5.00,0.00,0.00,13.7,125.53,633.78,288.81,DESCEND
2.8133,-0.0620,0.5203,-0.2233,-0.00801,-0.00682,0.00741,-5.00,0.00,0.00,13.7,125.53,633.79,288.77,DESCEND
2.8234,-0.1920,0.1503,-0.4733,-0.02501,-0.02282,0.00741,-5.00,0.00,0.00,13.8,125.53,633.79,288.71,DESCEND
2.8335,0.0979,0.3603,-0.2333,0.00898,-0.00082,0.01041,-5.00,0.00,0.00,13.8,125.53,633.79,288.67,DESCEND
2.8436,-0.1820,-0.1496,0.0966,-0.00901,0.00317,0.00741,-5.00,0.00,0.00,13.9,125.53,633.79,288.61,DESCEND
2.8538,0.0979,0.3203,0.1466,-0.01101,-0.01182,0.00941,-5.00,0.00,0.00,13.9,125.53,633.79,288.55,DESCEND
2.8638,-0.1320,0.2403,-0.2533,-0.01701,-0.01182,0.00641,-5.00,0.00,0.00,14.0,125.53,633.80,288.51,DESCEND
2.8740,-0.1720,0.1703,0.0566,-0.01201,0.00017,0.01041,-5.00,0.00,0.00,14.0,125.53,633.80,288.45,DESCEND
2.8841,-0.0220,0.0403,0.0166,-0.00501,0.00117,0.00541,-5.00,0.00,0.00,14.1,125.53,633.80,288.41,DESCEND
2.8942,-0.1620,0.1303,0.0366,-0.02101,-0.01782,0.00741,-5.00,0.00,0.00,14.1,125.53,633.80,288.35,DESCEND
2.9043,0.0579,0.2703,-0.2333,-0.00801,-0.01282,0.00441,-5.00,0.00,0.00,14.2,125.53,633.80,288.31,DESCEND
2.9144,0.0379,0.0303,-0.0033,-0.00301,-0.00582,0.00641,-5.00,0.00,0.00,14.2,125.53,633.81,288.25,DESCEND
2.9247,0.0879,0.3303,0.0966,0.00598,-0.00882,0.00741,-5.00,0.00,0.00,14.3,125.53,633.81,288.21,DESCEND
2.9348,0.1479,-0.0696,0.3566,0.02298,0.00117,0.00241,-5.00,0.00,0.00,14.3,125.53,633.81,288.15,DESCEND
2.9449,0.0379,0.1403,0.0266,0.00298,-0.01382,0.00941,-5.00,0.00,0.00,14.4,125.53,633.81,288.11,DESCEND
2.9550,0.0879,0.0303,-0.2633,0.00098,-0.01582,0.00841,-5.00,0.00,0.00,14.4,125.53,633.81,288.05,DESCEND
2.9651,0.0279,-0.0096,0.1166,0.00998,0.00317,0.00441,-5.00,0.00,0.00,14.5,125.53,633.81,288.01,DESCEND
2.9752,-0.0820,0.6803,-0.3033,-0.01001,-0.00682,0.00641,-5.00,0.00,0.00,14.5,125.53,633.82,287.95,DESCEND
2.9853,0.0479,0.0903,0.1066,0.00798,-0.00182,0.00441,-5.00,0.00,0.00,14.6,125.53,633.82,287.91,DESCEND
2.9954,-0.1820,0.1703,0.1566,-0.02401,-0.00682,0.00741,-5.00,0.00,0.00,14.6,125.53,633.82,287.85,DESCEND
3.0055,-0.0720,0.1303,0.0466,-0.01601,-0.00182,0.00341,-5.00,0.00,0.00,14.7,125.53,633.82,287.81,DESCEND
3.0156,0.0779,0.2903,-0.0133,-0.00901,-0.00882,0.00941,-5.00,0.00,0.00,14.7,125.53,633.82,287.75,DESCEND
3.0257,-0.0920,0.0903,0.1566,-0.01701,-0.00682,0.00441,-5.00,0.00,0.00,14.8,125.53,633.83,287.69,DESCEND
3.0358,-0.0620,0.2303,-0.4333,-0.00701,-0.02082,0.00841,-5.00,0.00,0.00,14.8,125.53,633.83,287.65,DESCEND
3.0460,0.0079,0.3903,-0.2733,-0.00401,-0.01782,0.01041,-5.00,0.00,0.00,14.9,125.53,633.83,287.59,DESCEND
3.0561,-0.1320,0.4303,-0.1533,-0.00601,0.00017,0.00741,-5.00,0.00,0.00,14.9,125.53,633.83,287.55,DESCEND
3.0662,-0.1320,0.2503,-0.0633,-0.01001,-0.01182,0.00841,-5.00,0.00,0.00,15.0,125.53,633.83,287.49,DESCEND
3.0763,0.0679,0.0403,-0.0233,-0.01901,-0.01682,0.00441,-5.00,0.00,0.00,15.0,125.53,633.84,287.45,DESCEND
3.0864,0.0879,0.6303,-0.5233,-0.00801,-0.01882,0.01041,-5.00,0.00,0.00,15.1,125.53,633.84,287.39,DESCEND
3.0965,-0.0220,0.1703,-0.1333,-0.00301,-0.00582,0.00941,-5.00,0.00,0.00,15.1,125.53,633.84,287.35,DESCEND
3.1066,-0.0920,0.0203,0.1866,-0.00201,0.00317,0.00641,-5.00,0.00,0.00,15.2,125.53,633.84,287.29,DESCEND
3.1167,0.1479,-0.0296,0.3266,0.00298,0.00417,0.00341,-5.00,0.00,0.00,15.2,125.53,633.84,287.25,DESCEND
3.1268,0.1379,0.1803,-0.1433,0.00398,-0.00882,0.00641,-5.00,0.00,0.00,15.3,125.53,633.84,287.19,DESCEND
3.1370,-0.2020,-0.0496,-0.0133,-0.01401,-0.00882,0.00541,-5.00,0.00,0.00,15.3,125.53,633.85,287.15,DESCEND
3.1471,-0.0320,0.2003,-0.2033,-0.00301,-0.01082,0.00741,-5.00,0.00,0.00,15.4,125.54,633.85,287.09,DESCEND
3.1572,-0.0020,0.2003,-0.1633,-0.01701,-0.00882,0.00541,-5.00,0.00,0.00,15.4,125.54,633.85,287.05,DESCEND
3.1673,-0.0220,0.0703,0.0966,-0.00001,0.00517,0.00641,-5.00,0.00,0.00,15.5,125.54,633.85,286.99,DESCEND
3.1774,0.0379,0.1603,0.0966,-0.00201,-0.01082,0.00841,-5.00,0.00,0.00,15.5,125.54,633.85,286.95,DESCEND
3.1876,0.0379,0.1403,-0.1533,0.00098,-0.01582,0.00641,-5.00,0.00,0.00,15.6,125.54,633.86,286.89,DESCEND
3.1977,-0.0720,-0.3096,0.1966,0.00998,0.00517,0.00941,-5.00,0.00,0.00,15.6,125.54,633.86,286.85,DESCEND
3.2078,0.2079,0.0503,0.0666,0.01298,0.00017,0.00741,-5.00,0.00,0.00,15.7,125.54,633.86,286.79,DESCEND
3.2179,0.1779,-0.1896,0.0966,0.01698,0.00817,0.00441,-5.00,0.00,0.00,15.7,125.54,633.86,286.73,DESCEND
3.2280,-0.0620,0.2903,0.1766,0.00098,0.00617,0.00841,-5.00,0.00,0.00,15.8,125.54,633.86,286.70,DESCEND
3.2382,-0.1520,0.1203,-0.2933,0.00098,-0.00582,0.00541,-5.00,0.00,0.00,15.8,125.54,633.87,286.64,DESCEND
3.2483,0.0379,0.3103,-0.1433,0.01398,-0.00282,0.01041,-5.00,0.00,0.00,15.9,125.54,633.87,286.60,DESCEND
3.2584,0.0079,0.0403,-0.0033,-0.01801,-0.01882,0.00641,-5.00,0.00,0.00,15.9,125.54,633.87,286.54,DESCEND
3.2685,-0.0920,0.1503,0.0266,0.00498,0.00617,0.00841,-5.00,0.00,0.00,16.0,125.54,633.87,286.50,DESCEND
3.2786,-0.0820,-0.1296,0.1666,0.00898,-0.00182,0.00641,-5.00,0.00,0.00,16.0,125.54,633.87,286.44,DESCEND
3.2887,-0.0020,0.3003,-0.0933,-0.01201,-0.00982,0.01041,-5.00,0.00,0.00,16.1,125.54,633.87,286.40,DESCEND
3.2989,0.0279,-0.1096,0.1766,-0.00501,-0.00982,0.00941,-5.00,0.00,0.00,16.1,125.54,633.88,286.34,DESCEND
3.3090,0.0679,-0.0296,0.3766,-0.00301,-0.00282,0.00541,-5.00,0.00,0.00,16.2,125.54,633.88,286.30,DESCEND
3.3191,-0.0820,0.1103,0.2666,-0.00501,-0.00582,0.00341,-5.00,0.00,0.00,16.2,125.54,633.88,286.24,DESCEND
3.3292,-0.0320,0.0903,-0.1633,-0.01101,-0.01482,0.00841,-5.00,0.00,0.00,16.3,125.54,633.88,286.20,DESCEND
3.3393,0.0179,0.2503,-0.1033,-0.01101,-0.00382,0.00841,-5.00,0.00,0.00,16.3,125.54,633.88,286.14,DESCEND
3.3494,-0.1620,0.2303,0.0766,-0.00901,0.00717,0.00641,-5.00,0.00,0.00,16.4,125.54,633.89,286.10,DESCEND
3.3595,0.2079,-0.0796,0.1866,0.02598,0.00617,0.00441,-5.00,0.00,0.00,16.4,125.54,633.89,286.04,DESCEND
3.3696,-0.1120,0.5003,-0.3233,-0.00301,-0.01182,0.01041,-5.00,0.00,0.00,16.5,125.54,633.89,286.00,DESCEND
3.3798,0.0779,0.0703,0.0966,-0.00101,-0.00782,0.00341,-5.00,0.00,0.00,16.5,125.54,633.89,285.94,DESCEND
3.3899,-0.0420,-0.1296,0.2666,0.01198,0.00817,0.00741,-5.00,0.00,0.00,16.6,125.54,633.89,285.88,DESCEND
3.4000,-0.0320,0.3103,-0.0433,-0.02101,-0.01282,0.00841,-5.00,0.00,0.00,16.6,125.54,633.90,285.84,DESCEND
3.4101,-0.0320,0.2303,-0.1233,0.00698,-0.00982,0.01141,-5.00,0.00,0.00,16.7,125.54,633.90,285.78,DESCEND
3.4202,-0.0920,0.1103,-0.1633,-0.01001,-0.00882,0.00641,-5.00,0.00,0.00,16.7,125.54,633.90,285.74,DESCEND
3.4303,-0.0320,-0.0696,0.2766,0.00398,0.00317,0.00641,-5.00,0.00,0.00,16.8,125.54,633.90,285.68,DESCEND
3.4404,0.0379,0.0703,0.3366,0.00198,0.00517,0.00541,-5.00,0.00,0.00,16.8,125.54,633.90,285.64,DESCEND
3.4505,-0.2620,0.5703,-0.1733,-0.00801,-0.00382,0.01241,-5.00,0.00,0.00,16.9,125.54,633.90,285.58,DESCEND
3.4606,-0.0420,0.2203,-0.0933,-0.00401,0.00017,0.00541,-5.00,0.00,0.00,16.9,125.54,633.91,285.54,DESCEND
3.4707,0.0279,-0.1696,0.1066,-0.01401,-0.00682,0.00541,-5.00,0.00,0.00,17.0,125.54,633.91,285.48,DESCEND
3.4808,-0.0120,0.2203,-0.0733,-0.01201,-0.00682,0.00841,-5.00,0.00,0.00,17.0,125.54,633.91,285.44,DESCEND
3.4910,0.0679,0.0903,-0.3433,-0.00801,-0.01582,0.00841,-5.00,0.00,0.00,17.1,125.54,633.91,285.38,DESCEND
3.5011,0.1179,0.1303,-0.0233,-0.00701,-0.01182,0.00741,-5.00,0.00,0.00,17.1,125.54,633.91,285.34,DESCEND
3.5112,0.0179,0.2703,-0.2033,-0.00601,-0.01682,0.00741,-5.00,0.00,0.00,17.2,125.54,633.92,285.28,DESCEND
3.5213,-0.0920,-0.0396,0.1466,-0.00001,-0.00382,0.00341,-5.00,0.00,0.00,17.2,125.54,633.92,285.24,DESCEND
3.5314,0.1179,-0.0296,-0.2033,0.01298,-0.01382,0.00841,-5.00,0.00,0.00,17.3,125.54,633.92,285.18,DESCEND
3.5416,-0.0620,0.4603,-0.4433,-0.00801,-0.01982,0.00941,-5.00,0.00,0.00,17.3,125.54,633.92,285.14,DESCEND
3.5517,0.0079,0.1903,-0.1133,0.00298,-0.00682,0.00441,-5.00,0.00,0.00,17.4,125.54,633.92,285.08,DESCEND
3.5618,-0.0020,0.0103,-0.4133,-0.00501,-0.00782,0.00741,-5.00,0.00,0.00,17.5,125.54,633.93,285.02,DESCEND
3.5719,0.1579,-0.1396,-0.0033,0.00898,-0.00082,0.00541,-5.00,0.00,0.00,17.5,125.54,633.93,284.98,DESCEND
3.5820,0.0479,0.1003,0.3266,-0.00001,0.00417,0.00441,-5.00,0.00,0.00,17.6,125.54,633.93,284.92,DESCEND
3.5921,0.1679,0.0403,0.2166,0.01798,0.00617,0.01141,-5.00,0.00,0.00,17.6,125.54,633.93,284.88,DESCEND
3.6022,-0.1420,0.2303,-0.1933,-0.00901,-0.00882,0.00641,-5.00,0.00,0.00,17.7,125.54,633.93,284.82,DESCEND
3.6123,0.0879,-0.0896,0.2966,0.00498,0.00017,0.00441,-5.00,0.00,0.00,17.7,125.54,633.93,284.78,DESCEND
3.6225,-0.0820,-0.1496,0.2466,-0.00801,-0.00982,0.00841,-5.00,0.00,0.00,17.8,125.54,633.94,284.72,DESCEND
3.6327,0.1279,0.0103,0.3266,0.02398,0.01017,0.00241,-5.00,0.00,0.00,17.8,125.54,633.94,284.68,DESCEND
3.6428,0.0179,-0.0496,-0.1133,-0.00601,-0.01182,0.00641,-5.00,0.00,0.00,17.9,125.54,633.94,284.62,DESCEND
3.6529,0.0879,-0.2496,0.1466,0.00398,-0.00382,0.00741,-5.00,0.00,0.00,17.9,125.54,633.94,284.58,DESCEND
3.6630,0.0379,-0.0596,-0.0233,0.00598,0.00217,0.00541,-5.00,0.00,0.00,18.0,125.54,633.94,284.52,DESCEND
3.6732,0.1779,0.0403,-0.1933,-0.00001,-0.02082,0.00741,-5.00,0.00,0.00,18.0,125.54,633.95,284.48,DESCEND
3.6833,0.1279,-0.1396,0.3566,0.00898,0.00417,0.00341,-5.00,0.00,0.00,18.1,125.54,633.95,284.42,DESCEND
3.6934,-0.1120,-0.2696,0.2266,-0.00201,0.00417,0.00441,-5.00,0.00,0.00,18.1,125.54,633.95,284.38,DESCEND
3.7035,-0.0220,-0.1696,0.2766,0.00498,0.00717,0.00541,-5.00,0.00,0.00,18.2,125.54,633.95,284.32,DESCEND
3.7136,-0.0520,0.2903,-0.1833,0.00098,-0.00482,0.00941,-5.00,0.00,0.00,18.2,125.54,633.95,284.28,DESCEND
3.7238,0.0279,0.0603,0.2066,0.00798,0.00417,0.00541,-5.00,0.00,0.00,18.3,125.54,633.96,284.22,DESCEND
3.7339,0.1079,0.4003,-0.5633,0.00698,-0.01382,0.00941,-5.00,0.00,0.00,18.3,125.54,633.96,284.16,DESCEND
3.7440,-0.1520,-0.3096,0.3466,-0.00801,0.00017,0.00441,-5.00,0.00,0.00,18.4,125.54,633.96,284.12,DESCEND
3.7541,-0.1720,0.2803,-0.1533,-0.01401,0.00117,0.00641,-5.00,0.00,0.00,18.4,125.54,633.96,284.06,DESCEND
3.7642,0.1579,-0.0296,-0.0233,0.01098,-0.00082,0.00641,-5.00,0.00,0.00,18.5,125.54,633.96,284.02,DESCEND
3.7743,-0.0520,-0.0096,0.2966,0.01198,0.01817,0.00441,-5.00,0.00,0.00,18.5,125.54,633.96,283.96,DESCEND
3.7845,-0.1120,0.1203,-0.2433,-0.02001,-0.01282,0.01241,-5.00,0.00,0.00,18.6,125.54,633.97,283.92,DESCEND
3.7946,-0.1720,-0.2296,0.1966,-0.00101,0.01017,0.00441,-5.00,0.00,0.00,18.6,125.54,633.97,283.86,DESCEND
3.8047,0.1179,0.5403,-0.4033,0.00498,-0.00782,0.01041,-5.00,0.00,0.00,18.7,125.55,633.97,283.82,DESCEND
3.8148,-0.1120,0.0203,-0.0533,-0.01701,-0.01082,0.00641,-5.00,0.00,0.00,18.7,125.55,633.97,283.76,DESCEND
3.8250,0.1779,0.0703,-0.5733,-0.00301,-0.02082,0.00741,-5.00,0.00,0.00,18.8,125.55,633.97,283.72,DESCEND
3.8351,0.0379,0.0303,0.2466,-0.00801,-0.00582,0.00641,-5.00,0.00,0.00,18.8,125.55,633.98,283.66,DESCEND
3.8452,-0.0120,0.1303,0.1966,-0.00301,-0.00082,0.00841,-5.00,0.00,0.00,18.9,125.55,633.98,283.62,DESCEND
3.8554,-0.1520,0.6203,-0.4533,-0.00401,-0.01182,0.01241,-5.00,0.00,0.00,18.9,125.55,633.98,283.56,DESCEND
3.8655,0.0979,-0.0196,0.0766,-0.00101,-0.00182,0.00841,-5.00,0.00,0.00,19.0,125.55,633.98,283.52,DESCEND
3.8756,-0.0320,-0.0996,0.2666,-0.00001,-0.00982,0.00741,-5.00,0.00,0.00,19.0,125.55,633.98,283.46,DESCEND
3.8857,-0.0520,0.2903,-0.0833,0.00498,-0.00582,0.00841,-5.00,0.00,0.00,19.1,125.55,633.99,283.40,DESCEND
3.8959,0.1379,0.5903,-0.4133,0.00598,-0.01182,0.01041,-5.00,0.00,0.00,19.1,125.55,633.99,283.36,DESCEND
3.9060,0.1879,-0.0896,0.3766,0.01698,0.01417,0.00541,-5.00,0.00,0.00,19.2,125.55,633.99,283.30,DESCEND
3.9161,0.1579,0.0103,0.1866,0.01198,0.00417,0.00641,-5.00,0.00,0.00,19.2,125.55,633.99,283.26,DESCEND
3.9262,-0.1220,0.1303,-0.0833,-0.00001,0.00017,0.00841,-5.00,0.00,0.00,19.3,125.55,633.99,283.20,DESCEND
3.9363,-0.0720,-0.2796,0.3766,0.00998,0.01117,0.00541,-5.00,0.00,0.00,19.3,125.55,633.99,283.16,DESCEND
3.9464,-0.0420,0.2703,0.0366,-0.00701,-0.00482,0.01241,-5.00,0.00,0.00,19.4,125.55,634.00,283.10,DESCEND
3.9565,-0.1120,0.2003,-0.2533,0.00398,-0.00882,0.00841,-5.00,0.00,0.00,19.4,125.55,634.00,283.06,DESCEND
3.9666,0.0279,0.0303,0.0266,0.01798,0.00817,0.00541,-5.00,0.00,0.00,19.5,125.55,634.00,283.00,DESCEND
3.9768,-0.0420,-0.0296,0.1966,0.00998,-0.00382,0.00841,-5.00,0.00,0.00,19.5,125.55,634.00,282.96,DESCEND
3.9869,-0.1420,0.2103,0.0466,-0.00701,-0.00782,0.00841,-5.00,0.00,0.00,19.6,125.55,634.00,282.90,DESCEND
3.9970,0.1279,-0.0696,0.0566,0.01098,-0.00882,0.00841,-5.00,0.00,0.00,19.6,125.55,634.01,282.86,DESCEND
4.0071,0.1079,-0.1496,0.2266,0.00998,0.00317,0.00241,-5.00,0.00,0.00,19.7,125.55,634.01,282.80,DESCEND
4.0172,0.2579,-0.3596,0.4266,0.00098,-0.01182,0.00041,-5.00,0.00,0.00,19.7,125.55,634.01,282.76,DESCEND
4.0273,-0.1020,0.4003,0.0866,-0.01001,0.00117,0.00441,-5.00,0.00,0.00,19.8,125.55,634.01,282.70,DESCEND
4.0374,-0.0520,-0.0496,0.2866,-0.00101,0.00217,0.00941,-5.00,0.00,0.00,19.8,125.55,634.01,282.66,DESCEND
4.0475,0.0079,-0.0896,-0.0833,0.00398,-0.00482,0.00441,-5.00,0.00,0.00,19.9,125.55,634.02,282.60,DESCEND
4.0576,0.0879,0.0003,0.1466,0.01098,0.01117,0.00541,-5.00,0.00,0.00,19.9,125.55,634.02,282.54,DESCEND
4.0678,0.0179,-0.2596,0.4766,0.00798,0.00417,0.00541,-5.00,0.00,0.00,20.0,125.55,634.02,282.50,DESCEND
4.0779,-0.0920,-0.2096,0.2066,0.01198,0.00917,0.00441,-5.00,0.00,0.00,20.0,125.55,634.02,282.44,DESCEND
4.0880,0.0379,0.1303,0.1666,-0.00501,-0.00482,0.00741,-5.00,0.00,0.00,20.1,125.55,634.02,282.40,DESCEND
4.0981,-0.0020,0.5003,-0.1733,-0.00201,-0.01182,0.01141,-5.00,0.00,0.00,20.1,125.55,634.02,282.34,DESCEND
4.1082,-0.0720,0.1603,-0.1233,-0.02101,-0.01782,0.01041,-5.00,0.00,0.00,20.2,125.55,634.03,282.30,DESCEND
4.1184,-0.0220,0.1203,-0.0433,0.01398,0.00517,0.01241,-5.00,0.00,0.00,20.2,125.55,634.03,282.24,DESCEND
4.1285,0.1379,0.5103,-0.4733,0.00998,-0.00882,0.01341,-5.00,0.00,0.00,20.3,125.55,634.03,282.20,DESCEND
4.1386,0.1479,0.0903,0.1966,0.01998,0.00717,0.00841,-5.00,0.00,0.00,20.3,125.55,634.03,282.14,DESCEND
4.1487,0.0479,0.0203,-0.1233,0.00898,-0.00182,0.00641,-5.00,0.00,0.00,20.4,125.55,634.03,282.10,DESCEND
4.1589,0.0979,-0.3496,-0.0033,0.00598,-0.00482,0.00441,-5.00,0.00,0.00,20.4,125.55,634.04,282.04,DESCEND
4.1690,-0.0120,0.0803,-0.0233,0.01198,0.00117,0.01241,-5.00,0.00,0.00,20.5,125.55,634.04,282.00,DESCEND
4.1791,0.0379,-0.1396,0.1066,0.01298,0.00017,0.00541,-5.00,0.00,0.00,20.5,125.55,634.04,281.94,DESCEND
4.1893,0.0679,0.1503,-0.5333,0.00198,-0.01382,0.00841,-5.00,0.00,0.00,20.6,125.55,634.04,281.90,DESCEND
4.1994,0.2679,-0.2096,0.1266,0.00898,-0.00882,0.00541,-5.00,0.00,0.00,20.6,125.55,634.04,281.84,DESCEND
4.2095,0.0279,0.2303,-0.3233,-0.00801,-0.01382,0.01041,-5.00,0.00,0.00,20.7,125.55,634.04,281.80,DESCEND
4.2196,-0.0620,0.4003,-0.0833,-0.01301,-0.00982,0.00741,-5.00,0.00,0.00,20.7,125.55,634.05,281.74,DESCEND
4.2297,0.1179,0.0903,0.0066,0.00298,-0.01082,0.01041,-5.00,0.00,0.00,20.8,125.55,634.05,281.70,DESCEND
4.2398,0.0979,-0.1096,0.3766,-0.00301,0.00217,0.00241,-5.00,0.00,0.00,20.8,125.55,634.05,281.64,DESCEND
4.2499,-0.0420,-0.1796,0.3166,-0.00801,-0.00082,0.00641,-5.00,0.00,0.00,20.9,125.55,634.05,281.60,DESCEND
4.2600,-0.0420,0.1003,0.1066,0.00598,0.00217,0.00741,-5.00,0.00,0.00,20.9,125.55,634.05,281.54,DESCEND
4.2701,0.0379,0.1803,-0.0333,-0.00201,-0.00382,0.00741,-5.00,0.00,0.00,21.0,125.55,634.06,281.48,DESCEND
4.2802,0.0979,0.3703,-0.1233,-0.01601,-0.00982,0.00941,-5.00,0.00,0.00,21.0,125.55,634.06,281.44,DESCEND
4.2903,-0.1220,0.2903,-0.2233,-0.00501,-0.00482,0.01041,-5.00,0.00,0.00,21.1,125.55,634.06,281.38,DESCEND
4.3005,-0.1620,-0.1496,0.1566,-0.00301,0.00817,0.00541,-5.00,0.00,0.00,21.1,125.55,634.06,281.34,DESCEND
4.3106,-0.0320,0.3603,-0.3933,-0.01601,-0.01982,0.00841,-5.00,0.00,0.00,21.2,125.55,634.06,281.28,DESCEND
4.3207,0.0379,0.5403,-0.4033,-0.00001,-0.01782,0.01241,-5.00,0.00,0.00,21.2,125.55,634.07,281.24,DESCEND
4.3308,-0.0820,0.0703,0.0166,-0.00201,0.00517,0.00541,-5.00,0.00,0.00,21.3,125.55,634.07,281.18,DESCEND
4.3409,0.0979,0.1103,-0.1733,0.00198,-0.00782,0.01141,-5.00,0.00,0.00,21.3,125.55,634.07,281.14,DESCEND
4.3510,-0.0120,0.3203,-0.2033,0.01298,-0.00282,0.01141,-5.00,0.00,0.00,21.4,125.55,634.07,281.08,DESCEND
4.3612,-0.0520,0.0003,0.1166,-0.00601,-0.00282,0.00841,-5.00,0.00,0.00,21.4,125.55,634.07,281.04,DESCEND
4.3713,-0.0420,0.2703,-0.0133,-0.00401,0.00417,0.00841,-5.00,0.00,0.00,21.5,125.55,634.08,280.98,DESCEND
4.3814,-0.1820,0.2603,0.2266,-0.00801,0.00117,0.01041,-5.00,0.00,0.00,21.5,125.55,634.08,280.94,DESCEND
4.3915,-0.1520,0.1503,-0.0233,-0.00701,-0.00782,0.00841,-5.00,0.00,0.00,21.6,125.55,634.08,280.88,DESCEND
4.4016,-0.0420,-0.0096,-0.0533,-0.01301,-0.00682,0.00741,-5.00,0.00,0.00,21.6,125.55,634.08,280.84,DESCEND
4.4118,0.0479,-0.0396,0.0166,-0.00501,-0.00982,0.00941,-5.00,0.00,0.00,21.7,125.55,634.08,280.78,DESCEND
4.4219,0.1379,-0.0096,-0.2733,0.00098,-0.00882,0.00841,-5.00,0.00,0.00,21.8,125.55,634.08,280.72,DESCEND
4.4320,0.1079,0.4403,-0.5133,-0.01401,-0.02482,0.01241,-5.00,0.00,0.00,21.8,125.55,634.09,280.68,DESCEND
4.4421,0.1379,0.5603,-0.4433,0.01098,-0.01082,0.01141,-5.00,0.00,0.00,21.9,125.55,634.09,280.62,DESCEND
4.4522,0.0279,0.2203,-0.1933,0.01398,-0.01082,0.01241,-5.00,0.00,0.00,21.9,125.55,634.09,280.58,DESCEND
4.4623,0.0979,-0.0196,-0.0533,0.01198,-0.00082,0.00341,-5.00,0.00,0.00,22.0,125.55,634.09,280.52,DESCEND
4.4724,0.1679,0.1003,-0.3033,-0.00301,-0.01082,0.00741,-5.00,0.00,0.00,22.0,125.55,634.09,280.48,DESCEND
4.4826,-0.0920,0.3103,0.0166,-0.00301,-0.00482,0.01341,-5.00,0.00,0.00,22.1,125.56,634.10,280.42,DESCEND
4.4926,-0.0320,0.6103,-0.5733,-0.00701,-0.01182,0.01441,-5.00,0.00,0.00,22.1,125.56,634.10,280.38,DESCEND
4.5027,0.1579,-0.3596,0.5966,0.00898,0.00917,0.00541,-5.00,0.00,0.00,22.2,125.56,634.10,280.32,DESCEND
4.5128,-0.0820,0.3103,-0.1533,-0.01501,-0.01182,0.01141,-5.00,0.00,0.00,22.2,125.56,634.10,280.28,DESCEND
4.5230,0.0179,0.1303,0.0466,-0.00701,-0.00582,0.01041,-5.00,0.00,0.00,22.3,125.56,634.10,280.22,DESCEND
4.5331,0.0879,0.3203,-0.1533,-0.00201,-0.00182,0.01041,-5.00,0.00,0.00,22.3,125.56,634.10,280.18,DESCEND
4.5432,-0.0220,-0.0996,0.5866,-0.00201,0.00917,0.00741,-5.00,0.00,0.00,22.4,125.56,634.11,280.12,DESCEND
4.5533,-0.0320,0.0203,0.0366,-0.01701,-0.00982,0.00741,-5.00,0.00,0.00,22.4,125.56,634.11,280.08,DESCEND
4.5634,0.0879,0.0903,0.0166,-0.00301,-0.00882,0.00941,-5.00,0.00,0.00,22.5,125.56,634.11,280.02,DESCEND
4.5735,-0.0120,0.0503,0.0866,0.00798,0.00317,0.00741,-5.00,0.00,0.00,22.5,125.56,634.11,279.98,DESCEND
4.5836,-0.0820,0.1503,0.0066,0.00298,0.00217,0.00841,-5.00,0.00,0.00,22.6,125.56,634.11,279.92,DESCEND
4.5937,-0.0820,0.0803,0.0766,-0.00201,0.00017,0.00341,-5.00,0.00,0.00,22.6,125.56,634.12,279.86,DESCEND
4.6039,-0.0720,0.2303,0.1366,-0.02301,-0.00982,0.01241,-5.00,0.00,0.00,22.7,125.56,634.12,279.82,DESCEND
4.6140,0.1579,0.1603,-0.0533,0.00698,0.00117,0.00941,-5.00,0.00,0.00,22.7,125.56,634.12,279.76,DESCEND
4.6241,0.0679,0.0303,0.1566,0.00698,0.00717,0.00641,-5.00,0.00,0.00,22.8,125.56,634.12,279.72,DESCEND
4.6342,-0.1320,0.2203,0.1166,-0.01801,-0.00382,0.00741,-5.00,0.00,0.00,22.8,125.56,634.12,279.66,DESCEND
4.6443,-0.0420,0.2203,0.1066,-0.00301,-0.00682,0.01141,-5.00,0.00,0.00,22.9,125.56,634.13,279.62,DESCEND
4.6544,0.1479,-0.2096,0.3266,0.00498,-0.00182,0.00541,-5.00,0.00,0.00,22.9,125.56,634.13,279.56,DESCEND
4.6645,-0.0520,-0.0096,0.2666,-0.00001,0.00617,0.00841,-5.00,0.00,0.00,23.0,125.56,634.13,279.52,DESCEND
4.6746,-0.2120,-0.1396,0.2766,0.00398,0.00517,0.00841,-5.00,0.00,0.00,23.0,125.56,634.13,279.46,DESCEND
4.6848,0.1779,-0.1196,0.0066,0.01298,-0.00582,0.00541,-5.00,0.00,0.00,23.1,125.56,634.13,279.42,DESCEND
4.6949,0.0279,0.0303,0.0466,-0.00201,-0.00582,0.00941,-5.00,0.00,0.00,23.1,125.56,634.14,279.36,DESCEND
4.7050,0.0779,-0.1096,0.4566,0.01998,0.00917,0.00841,-5.00,0.00,0.00,23.2,125.56,634.14,279.32,DESCEND
4.7151,-0.0520,-0.1096,0.2666,-0.01101,-0.00082,0.00741,-5.00,0.00,0.00,23.2,125.56,634.14,279.26,DESCEND
4.7252,-0.0220,0.1503,0.2366,0.00498,-0.00182,0.01041,-5.00,0.00,0.00,23.3,125.56,634.14,279.22,DESCEND
4.7353,0.0179,0.2703,0.1266,-0.00801,-0.00882,0.00941,-5.00,0.00,0.00,23.3,125.56,634.14,279.16,DESCEND
4.7455,-0.0820,0.1703,-0.2133,0.00898,-0.00082,0.00641,-5.00,0.00,0.00,23.4,125.56,634.14,279.12,DESCEND
4.7557,0.0079,0.2203,-0.1733,-0.02301,-0.02082,0.01041,-5.00,0.00,0.00,23.4,125.56,634.15,279.06,DESCEND
4.7658,0.1679,0.4003,-0.2033,0.00498,0.00117,0.00941,-5.00,0.00,0.00,23.5,125.56,634.15,279.02,DESCEND
4.7758,0.0379,0.1703,0.0466,0.00298,0.00217,0.00941,-5.00,0.00,0.00,23.5,125.56,634.15,278.96,DESCEND
4.7860,-0.0620,0.1703,-0.4633,-0.00701,-0.01382,0.00641,-5.00,0.00,0.00,23.6,125.56,634.15,278.90,DESCEND
4.7960,-0.0720,0.1103,0.3166,0.00298,0.00517,0.01241,-5.00,0.00,0.00,23.6,125.56,634.15,278.86,DESCEND
4.8061,-0.0820,0.0703,0.0566,-0.00601,0.00017,0.01241,-5.00,0.00,0.00,23.7,125.56,634.16,278.80,DESCEND
4.8163,0.1079,0.3203,-0.2433,0.00298,-0.01082,0.00841,-5.00,0.00,0.00,23.7,125.56,634.16,278.76,DESCEND
4.8264,0.0179,0.0103,0.1066,-0.00701,-0.00982,0.00841,-5.00,0.00,0.00,23.8,125.56,634.16,278.70,DESCEND
4.8365,0.0679,0.4103,-0.1433,0.00998,-0.00082,0.01041,-5.00,0.00,0.00,23.8,125.56,634.16,278.66,DESCEND
4.8466,0.0579,0.3503,-0.2233,-0.00401,-0.00382,0.01141,-5.00,0.00,0.00,23.9,125.56,634.16,278.60,DESCEND
4.8567,-0.0020,0.0003,-0.0433,0.00398,0.00417,0.00841,-5.00,0.00,0.00,23.9,125.56,634.16,278.56,DESCEND
4.8668,0.0879,0.1103,0.0466,-0.00501,-0.01082,0.00941,-5.00,0.00,0.00,24.0,125.56,634.17,278.50,DESCEND
4.8770,0.3079,0.3103,0.0566,0.02198,0.00317,0.01041,-5.00,0.00,0.00,24.0,125.56,634.17,278.46,DESCEND
4.8871,0.0479,0.1903,-0.1033,0.01598,0.00017,0.01141,-5.00,0.00,0.00,24.1,125.56,634.17,278.40,DESCEND
4.8972,-0.1220,-0.1696,0.3166,-0.01301,-0.00082,0.00441,-5.00,0.00,0.00,24.1,125.56,634.17,278.36,DESCEND
4.9073,0.0979,0.2503,0.0366,-0.01001,-0.00582,0.01041,-5.00,0.00,0.00,24.2,125.56,634.17,278.30,DESCEND
4.9174,0.1879,0.2403,-0.0233,0.02398,0.00617,0.00841,-5.00,0.00,0.00,24.2,125.56,634.18,278.26,DESCEND
4.9275,0.0879,0.1303,0.0066,0.00298,-0.00282,0.00541,-5.00,0.00,0.00,24.3,125.56,634.18,278.20,DESCEND
4.9376,0.1079,0.2203,0.0466,0.00398,0.00017,0.00841,-5.00,0.00,0.00,24.3,125.56,634.18,278.16,DESCEND
4.9477,0.1379,-0.4296,0.2466,0.01298,-0.00382,0.00441,-5.00,0.00,0.00,24.4,125.56,634.18,278.10,DESCEND
4.9579,0.0079,0.3303,-0.2333,-0.01601,-0.02082,0.01441,-5.00,0.00,0.00,24.4,125.56,634.18,278.04,DESCEND
4.9680,-0.0320,0.6203,-0.2133,-0.03001,-0.02282,0.01341,-5.00,0.00,0.00,24.5,125.56,634.19,278.00,DESCEND
4.9781,0.0679,0.1703,-0.0833,0.00198,-0.00582,0.00941,-5.00,0.00,0.00,24.5,125.56,634.19,277.94,DESCEND
4.9882,0.4179,-0.0096,0.1866,0.01898,0.00317,0.00641,-5.00,0.00,0.00,24.6,125.56,634.19,277.90,DESCEND
4.9983,-0.0320,0.1303,-0.0433,0.01298,-0.00082,0.00941,-5.00,0.00,0.00,24.6,125.56,634.19,277.84,DESCEND
5.0084,0.1579,-0.0896,0.1666,0.01098,0.00117,0.00641,-5.00,0.00,0.00,24.7,125.56,634.19,277.80,DESCEND
5.0186,-0.0520,-0.0296,0.3266,0.00598,0.00817,0.01341,-5.00,0.00,0.00,24.7,125.56,634.20,277.74,DESCEND
5.0287,0.0279,0.1203,0.0466,0.01498,-0.00082,0.01041,-5.00,0.00,0.00,24.8,125.56,634.20,277.70,DESCEND
5.0388,0.1179,0.4403,-0.2333,-0.00901,-0.01582,0.00941,-5.00,0.00,0.00,24.8,125.56,634.20,277.64,DESCEND
5.0489,-0.0220,0.1903,-0.2033,0.00198,-0.00682,0.00941,-5.00,0.00,0.00,24.9,125.56,634.20,277.60,DESCEND
5.0590,-0.0620,0.4703,-0.2133,-0.00901,-0.01382,0.01141,-5.00,0.00,0.00,24.9,125.56,634.20,277.54,DESCEND
5.0691,0.1379,0.0503,0.2366,0.01598,0.01017,0.00941,-5.00,0.00,0.00,25.0,125.56,634.20,277.50,DESCEND
5.0793,-0.0420,0.1403,0.3866,-0.00401,0.00217,0.00941,-5.00,0.00,0.00,25.0,125.56,634.21,277.44,DESCEND
5.0894,-0.0520,0.1903,-0.0833,-0.00201,-0.00482,0.01241,-5.00,0.00,0.00,25.1,125.56,634.21,277.40,DESCEND
5.0995,0.0779,-0.2596,0.4566,0.00798,0.00317,0.00641,-5.00,0.00,0.00,25.1,125.56,634.21,277.34,DESCEND
5.1096,0.2579,-0.1396,0.2766,0.01498,-0.00182,0.00641,-5.00,0.00,0.00,25.2,125.56,634.21,277.30,DESCEND
5.1197,-0.0220,0.0303,-0.1633,-0.01701,-0.01182,0.00941,-5.00,0.00,0.00,25.2,125.56,634.21,277.24,DESCEND
5.1298,-0.1020,0.2503,-0.0033,-0.01201,-0.00582,0.00841,-5.00,0.00,0.00,25.3,125.56,634.22,277.18,DESCEND
5.1400,-0.0220,0.2303,0.3166,0.01498,0.01017,0.01341,-5.00,0.00,0.00,25.3,125.56,634.22,277.14,DESCEND
5.1501,0.0279,0.2403,-0.0133,0.00098,-0.00682,0.00941,-5.00,0.00,0.00,25.4,125.56,634.22,277.08,DESCEND
5.1602,0.1179,0.2703,-0.0733,0.00698,-0.00582,0.01341,-5.00,0.00,0.00,25.4,125.57,634.22,277.04,DESCEND
5.1703,-0.1620,0.5503,-0.5933,-0.01601,-0.02582,0.01741,-5.00,0.00,0.00,25.5,125.57,634.22,276.98,DESCEND
5.1804,0.0379,0.3203,-0.1633,-0.00301,-0.01082,0.01341,-5.00,0.00,0.00,25.5,125.57,634.22,276.94,DESCEND
5.1905,0.2679,-0.0296,0.2966,0.01598,0.00217,0.00841,-5.00,0.00,0.00,25.6,125.57,634.23,276.88,DESCEND
5.2006,0.1979,0.2703,-0.0233,0.01698,0.00717,0.00941,-5.00,0.00,0.00,25.6,125.57,634.23,276.84,DESCEND
5.2107,0.0479,0.1203,-0.0633,0.00198,-0.00782,0.01141,-5.00,0.00,0.00,25.7,125.57,634.23,276.78,DESCEND
5.2210,0.0079,-0.2896,0.0966,-0.00201,-0.00182,0.00641,-5.00,0.00,0.00,25.7,125.57,634.23,276.74,DESCEND
5.2311,-0.0920,0.1303,-0.0033,-0.00401,0.00617,0.00741,-5.00,0.00,0.00,25.8,125.57,634.23,276.68,DESCEND
5.2412,0.1479,0.0203,-0.1933,0.01698,-0.00282,0.01141,-5.00,0.00,0.00,25.8,125.57,634.24,276.64,DESCEND
5.2513,0.0479,0.5103,-0.2333,-0.01001,-0.01782,0.00841,-5.00,0.00,0.00,25.9,125.57,634.24,276.58,DESCEND
5.2614,0.0279,0.0703,-0.1933,0.00698,-0.00982,0.00341,-5.00,0.00,0.00,25.9,125.57,634.24,276.54,DESCEND
5.2715,0.0879,0.0103,-0.0333,0.01598,0.00217,0.01341,-5.00,0.00,0.00,26.0,125.57,634.24,276.48,DESCEND
5.2816,0.1679,-0.2396,0.3566,0.02498,0.01517,0.00641,-5.00,0.00,0.00,26.0,125.57,634.24,276.44,DESCEND
5.2917,-0.0620,0.0803,0.1766,0.00898,0.00817,0.00941,-5.00,0.00,0.00,26.1,125.57,634.25,276.38,DESCEND
5.3019,0.0979,0.1103,0.0266,-0.00201,-0.01482,0.01041,-5.00,0.00,0.00,26.2,125.57,634.25,276.32,DESCEND
5.3120,-0.0420,0.1303,0.0366,-0.00001,-0.00682,0.00941,-5.00,0.00,0.00,26.2,125.57,634.25,276.28,DESCEND
5.3222,0.1079,-0.0096,0.0566,0.01198,-0.00082,0.00641,-5.00,0.00,0.00,26.3,125.57,634.25,276.22,DESCEND
5.3323,-0.1620,0.4003,-0.0833,-0.00401,-0.00482,0.01241,-5.00,0.00,0.00,26.3,125.57,634.25,276.18,DESCEND
5.3424,0.0179,0.0703,-0.0133,0.01398,0.00617,0.01041,-5.00,0.00,0.00,26.4,125.57,634.26,276.12,DESCEND
5.3525,0.0979,-0.0396,0.1266,0.00798,-0.01082,0.01041,-5.00,0.00,0.00,26.4,125.57,634.26,276.08,DESCEND
5.3626,-0.0420,-0.2996,0.4266,0.00398,0.00617,0.00541,-5.00,0.00,0.00,26.5,125.57,634.26,276.02,DESCEND
5.3727,0.1179,0.5003,-0.2533,0.01098,-0.00582,0.01141,-5.00,0.00,0.00,26.5,125.57,634.26,275.98,DESCEND
5.3828,-0.2620,0.0803,0.0266,-0.00201,0.00517,0.00941,-5.00,0.00,0.00,26.6,125.57,634.26,275.92,DESCEND
5.3929,0.0779,0.1503,0.0766,-0.00201,-0.00682,0.01241,-5.00,0.00,0.00,26.6,125.57,634.26,275.88,DESCEND
5.4030,0.0879,0.3203,-0.0833,0.00298,-0.00582,0.01241,-5.00,0.00,0.00,26.7,125.57,634.27,275.82,DESCEND
5.4132,0.1179,0.1103,0.0866,0.00098,-0.00782,0.00741,-5.00,0.00,0.00,26.7,125.57,634.27,275.78,DESCEND
5.4233,0.0379,0.1403,-0.0533,0.00598,-0.00182,0.00641,-5.00,0.00,0.00,26.8,125.57,634.27,275.73,DESCEND
5.4334,0.0079,0.1703,-0.1233,-0.00901,-0.01482,0.01241,-5.00,0.00,0.00,26.8,125.57,634.27,275.69,DESCEND
5.4435,0.0479,0.4103,-0.0933,-0.00101,-0.00982,0.01041,-5.00,0.00,0.00,26.9,125.57,634.27,275.63,DESCEND
5.4537,-0.0120,-0.2596,0.6266,0.00298,0.01117,0.00741,-5.00,0.00,0.00,26.9,125.57,634.28,275.59,DESCEND
5.4638,-0.1220,0.2703,0.0566,0.00498,-0.00382,0.01241,-5.00,0.00,0.00,27.0,125.57,634.28,275.53,DESCEND
5.4739,-0.1120,0.2603,-0.0633,-0.00901,-0.01082,0.00941,-5.00,0.00,0.00,27.0,125.57,634.28,275.47,DESCEND
5.4840,0.0179,0.0803,-0.1533,0.00398,-0.00382,0.01241,-5.00,0.00,0.00,27.1,125.57,634.28,275.43,DESCEND
5.4941,-0.0920,-0.0596,-0.0133,0.00498,-0.00282,0.01141,-5.00,0.00,0.00,27.1,125.57,634.28,275.37,DESCEND
5.5042,-0.0020,0.1503,0.0266,0.00098,0.00817,0.00641,-5.00,0.00,0.00,27.2,125.57,634.28,275.33,DESCEND
5.5143,0.1979,-0.0096,0.1566,0.00298,-0.00782,0.00741,-5.00,0.00,0.00,27.2,125.57,634.29,275.27,DESCEND
5.5244,-0.0020,0.1803,-0.0533,-0.00601,-0.00482,0.00641,-5.00,0.00,0.00,27.3,125.57,634.29,275.23,DESCEND
5.5345,-0.1420,0.2103,-0.3433,-0.01401,-0.00582,0.01041,-5.00,0.00,0.00,27.3,125.57,634.29,275.17,DESCEND
5.5447,0.0979,0.2203,-0.1033,0.00698,-0.00382,0.01241,-5.00,0.00,0.00,27.4,125.57,634.29,275.13,DESCEND
5.5548,0.0879,0.4903,-0.1333,0.00398,-0.00982,0.01141,-5.00,0.00,0.00,27.4,125.57,634.29,275.07,DESCEND
5.5649,-0.0820,0.2503,0.0866,-0.00501,-0.00882,0.01041,-5.00,0.00,0.00,27.5,125.57,634.30,275.03,DESCEND
5.5750,0.0579,0.0703,0.0666,0.00398,-0.00282,0.01141,-5.00,0.00,0.00,27.5,125.57,634.30,274.97,DESCEND
5.5851,0.0779,0.6603,-0.2233,-0.02701,-0.02182,0.01541,-5.00,0.00,0.00,27.6,125.57,634.30,274.93,DESCEND
5.5952,-0.0120,0.1403,0.1266,0.00898,-0.00882,0.01141,-5.00,0.00,0.00,27.6,125.57,634.30,274.87,DESCEND
5.6053,0.0879,0.2303,-0.1333,0.00298,-0.00382,0.01041,-5.00,0.00,0.00,27.7,125.57,634.30,274.83,DESCEND
5.6154,0.2379,0.0303,0.2166,0.00198,-0.00782,0.00841,-5.00,0.00,0.00,27.7,125.57,634.31,274.77,DESCEND
5.6255,0.0779,0.1103,-0.1233,-0.00001,-0.01382,0.01341,-5.00,0.00,0.00,27.8,125.57,634.31,274.73,DESCEND
5.6356,-0.0020,0.3003,0.3366,-0.00201,0.00217,0.01141,-5.00,0.00,0.00,27.8,125.57,634.31,274.67,DESCEND
5.6457,0.0479,-0.0296,0.2666,0.00998,0.00417,0.01041,-5.00,0.00,0.00,27.9,125.57,634.31,274.63,DESCEND
5.6559,-0.2720,0.3203,0.2166,-0.01301,-0.00282,0.01241,-5.00,0.00,0.00,27.9,125.57,634.31,274.57,DESCEND
5.6660,0.0879,0.0903,0.0566,-0.00401,-0.00882,0.01041,-5.00,0.00,0.00,28.0,125.57,634.32,274.51,DESCEND
5.6761,-0.0320,-0.0496,0.1966,0.00098,0.00017,0.00841,-5.00,0.00,0.00,28.0,125.57,634.32,274.47,DESCEND
5.6862,0.1279,0.1103,0.0366,0.00798,0.01017,0.00641,-5.00,0.00,0.00,28.1,125.57,634.32,274.41,DESCEND
5.6963,0.1179,0.0403,0.2166,0.00398,0.00517,0.00941,-5.00,0.00,0.00,28.1,125.57,634.32,274.37,DESCEND
5.7064,0.0679,0.0503,0.1866,0.00498,-0.00282,0.01041,-5.00,0.00,0.00,28.2,125.57,634.32,274.31,DESCEND
5.7165,0.1979,0.1003,-0.0033,0.01498,-0.00182,0.00941,-5.00,0.00,0.00,28.2,125.57,634.32,274.27,DESCEND
5.7266,-0.0420,0.3803,-0.2533,0.01498,-0.00082,0.01241,-5.00,0.00,0.00,28.3,125.57,634.33,274.21,DESCEND
5.7368,-0.1520,0.1103,0.1966,0.00698,0.00617,0.01141,-5.00,0.00,0.00,28.3,125.57,634.33,274.17,DESCEND
5.7469,0.0679,0.1303,-0.0433,0.00298,-0.00082,0.00741,-5.00,0.00,0.00,28.4,125.57,634.33,274.11,DESCEND
5.7570,0.1679,0.1103,0.2366,0.00798,-0.00882,0.01041,-5.00,0.00,0.00,28.4,125.57,634.33,274.07,DESCEND
5.7671,0.1079,0.4603,-0.0933,0.01098,-0.00182,0.01441,-5.00,0.00,0.00,28.5,125.57,634.33,274.01,DESCEND
5.7772,-0.0620,0.1803,0.0266,0.00598,-0.00482,0.01041,-5.00,0.00,0.00,28.5,125.57,634.34,273.97,DESCEND
5.7873,0.0579,0.2303,0.2266,0.00398,0.00017,0.00841,-5.00,0.00,0.00,28.6,125.57,634.34,273.91,DESCEND
5.7974,0.1379,0.2103,-0.0933,0.00598,-0.00082,0.00741,-5.00,0.00,0.00,28.6,125.57,634.34,273.87,DESCEND
5.8075,-0.1620,-0.0496,0.0466,0.00298,0.00017,0.01041,-5.00,0.00,0.00,28.7,125.57,634.34,273.81,DESCEND
5.8176,0.0679,0.0803,0.0366,0.00998,0.00717,0.01041,-5.00,0.00,0.00,28.7,125.57,634.34,273.77,DESCEND
5.8277,0.0679,0.1703,-0.2933,-0.00401,-0.01582,0.01141,-5.00,0.00,0.00,28.8,125.57,634.34,273.71,DESCEND
5.8378,-0.0820,0.2603,0.0366,0.00598,-0.00382,0.00941,-5.00,0.00,0.00,28.8,125.57,634.35,273.67,DESCEND
5.8480,0.2079,0.0703,0.1466,0.01598,0.00117,0.00941,-5.00,0.00,0.00,28.9,125.57,634.35,273.61,DESCEND
5.8581,0.0179,0.0003,-0.1733,-0.00301,-0.00782,0.00641,-5.00,0.00,0.00,28.9,125.58,634.35,273.55,DESCEND
5.8681,0.2479,-0.0096,0.1466,0.02298,0.00217,0.00741,-5.00,0.00,0.00,29.0,125.58,634.35,273.51,DESCEND
5.8782,0.2379,0.0603,-0.2733,0.02198,-0.00882,0.01141,-5.00,0.00,0.00,29.0,125.58,634.35,273.45,DESCEND
5.8884,-0.0720,0.2103,0.0266,-0.00501,-0.00182,0.00741,-5.00,0.00,0.00,29.1,125.58,634.36,273.41,DESCEND
5.8985,-0.0120,0.2803,-0.1833,-0.00201,-0.01182,0.01241,-5.00,0.00,0.00,29.1,125.58,634.36,273.35,DESCEND
5.9086,0.3079,-0.1996,-0.0033,0.01398,-0.00882,0.00941,-5.00,0.00,0.00,29.2,125.58,634.36,273.31,DESCEND
5.9187,-0.0420,0.1003,0.1966,-0.01901,-0.00982,0.01241,-5.00,0.00,0.00,29.2,125.58,634.36,273.25,DESCEND
5.9288,0.1379,-0.0396,-0.0233,0.00398,-0.01182,0.00841,-5.00,0.00,0.00,29.3,125.58,634.36,273.21,DESCEND
5.9389,0.0479,0.0503,0.0766,0.00298,-0.01182,0.01241,-5.00,0.00,0.00,29.3,125.58,634.37,273.15,DESCEND
5.9491,0.0679,0.3503,-0.3033,-0.01101,-0.01482,0.01341,-5.00,0.00,0.00,29.4,125.58,634.37,273.11,DESCEND
5.9592,0.0379,0.3303,-0.2433,-0.02001,-0.01982,0.01141,-5.00,0.00,0.00,29.4,125.58,634.37,273.05,DESCEND
5.9693,0.0679,0.0803,-0.2033,0.00698,-0.00382,0.00641,-5.00,0.00,0.00,29.5,125.58,634.37,273.01,DESCEND
5.9794,0.0779,0.2403,-0.0733,0.00298,-0.00482,0.01041,-5.00,0.00,0.00,29.5,125.58,634.37,272.95,DESCEND
5.9895,0.0979,-0.1596,0.1166,0.00898,-0.00882,0.01041,-5.00,0.00,0.00,29.6,125.58,634.37,272.91,DESCEND
5.9996,0.1579,-0.1296,0.4366,-0.00301,0.00017,0.00641,-5.00,0.00,0.00,29.6,125.58,634.38,272.85,DESCEND
6.0097,0.0279,0.3903,0.0666,-0.00601,-0.00982,0.00841,-5.00,0.00,0.00,29.7,125.58,634.38,272.81,DESCEND
6.0198,-0.1520,0.1303,-0.0133,-0.01301,-0.00682,0.01041,-5.00,0.00,0.00,29.7,125.58,634.38,272.75,DESCEND
6.0300,0.1079,0.1803,0.0766,0.01498,0.00017,0.00641,-5.00,0.00,0.00,29.8,125.58,634.38,272.69,DESCEND
6.0401,0.2579,0.6203,-0.1333,0.00798,-0.01282,0.01641,-5.00,0.00,0.00,29.8,125.58,634.38,272.65,DESCEND
6.0502,-0.0520,0.3803,-0.1033,-0.01601,-0.01782,0.01341,-5.00,0.00,0.00,29.9,125.58,634.39,272.59,DESCEND
6.0603,-0.1120,0.0203,0.3666,-0.00201,-0.00382,0.01141,-5.00,0.00,0.00,29.9,125.58,634.39,272.55,DESCEND
6.0704,0.1979,0.2003,-0.2433,0.00998,-0.00982,0.01241,-5.00,0.00,0.00,30.0,125.58,634.39,272.49,DESCEND
6.0805,0.1279,-0.0296,-0.1133,0.01898,0.00417,0.01041,-5.00,0.00,0.00,30.0,125.58,634.39,272.45,DESCEND
6.0906,-0.0420,0.0603,0.1366,0.00698,0.00117,0.01241,-5.00,0.00,0.00,30.1,125.58,634.39,272.39,DESCEND
6.1008,-0.0320,0.3103,-0.4333,-0.00501,-0.00682,0.01641,-5.00,0.00,0.00,30.1,125.58,634.40,272.35,DESCEND
6.1109,-0.1020,0.2303,-0.2433,0.00698,-0.00482,0.00741,-5.00,0.00,0.00,30.2,125.58,634.40,272.29,DESCEND
6.1210,-0.1320,0.6703,0.0166,-0.00801,-0.00582,0.01441,-5.00,0.00,0.00,30.2,125.58,634.40,272.25,DESCEND
6.1311,0.1479,0.1803,-0.0133,0.00698,-0.00282,0.00841,-5.00,0.00,0.00,30.3,125.58,634.40,272.19,DESCEND
6.1412,-0.0620,0.0603,-0.0933,-0.00201,-0.01182,0.00841,-5.00,0.00,0.00,30.3,125.58,634.40,272.15,DESCEND
6.1513,0.0679,0.3803,-0.1433,0.00898,0.00217,0.00941,-5.00,0.00,0.00,30.4,125.58,634.40,272.09,DESCEND
6.1614,-0.2720,0.0203,0.0366,0.00398,0.00217,0.01141,-5.00,0.00,0.00,30.4,125.58,634.41,272.05,DESCEND
6.1715,0.1179,0.3003,-0.1733,0.00998,-0.00682,0.00941,-5.00,0.00,0.00,30.5,125.58,634.41,271.99,DESCEND
6.1816,-0.0620,0.0003,-0.0533,-0.00401,-0.00082,0.01041,-5.00,0.00,0.00,30.5,125.58,634.41,271.95,DESCEND
6.1918,-0.0820,0.4103,-0.3833,-0.00201,-0.00382,0.01441,-5.00,0.00,0.00,30.6,125.58,634.41,271.89,DESCEND
6.2019,0.0179,0.1303,-0.1433,-0.00101,-0.01082,0.00641,-5.00,0.00,0.00,30.7,125.58,634.41,271.83,DESCEND
6.2120,-0.0020,0.2303,-0.2333,0.00698,-0.00282,0.00841,-5.00,0.00,0.00,30.7,125.58,634.42,271.79,DESCEND
6.2221,-0.0220,0.3403,-0.2233,0.00098,0.00117,0.01441,-5.00,0.00,0.00,30.8,125.58,634.42,271.73,DESCEND
6.2323,0.1679,0.3003,-0.0433,0.00598,-0.01382,0.01041,-5.00,0.00,0.00,30.8,125.58,634.42,271.69,DESCEND
6.2424,-0.0220,0.3303,0.2266,0.01098,0.01117,0.00841,-5.00,0.00,0.00,30.9,125.58,634.42,271.63,DESCEND
6.2525,0.0479,0.1003,-0.0133,0.00398,-0.00882,0.01341,-5.00,0.00,0.00,30.9,125.58,634.42,271.59,DESCEND
6.2626,0.0279,0.2803,-0.1033,0.01298,-0.00282,0.00841,-5.00,0.00,0.00,31.0,125.58,634.43,271.53,DESCEND
6.2727,0.0579,0.0203,-0.1333,0.01998,0.00117,0.01041,-5.00,0.00,0.00,31.0,125.58,634.43,271.49,DESCEND
6.2829,0.0779,0.1103,-0.0033,0.00998,-0.00182,0.00841,-5.00,0.00,0.00,31.1,125.58,634.43,271.43,DESCEND
6.2930,0.0179,-0.0596,0.0866,-0.01801,-0.00882,0.01041,-5.00,0.00,0.00,31.1,125.58,634.43,271.39,DESCEND
6.3031,-0.1520,-0.2696,0.0266,0.00198,-0.00582,0.01141,-5.00,0.00,0.00,31.2,125.58,634.43,271.33,DESCEND
6.3132,0.0079,-0.2096,0.2866,0.00598,0.00217,0.01141,-5.00,0.00,0.00,31.2,125.58,634.43,271.29,DESCEND
6.3233,-0.1520,0.2303,-0.2833,-0.00401,-0.00282,0.01141,-5.00,0.00,0.00,31.3,125.58,634.44,271.23,DESCEND
6.3334,-0.0020,0.5503,-0.2533,-0.00201,-0.00382,0.01541,-5.00,0.00,0.00,31.3,125.58,634.44,271.19,DESCEND
6.3435,0.1779,0.2403,-0.1533,0.00898,-0.01282,0.01341,-5.00,0.00,0.00,31.4,125.58,634.44,271.13,DESCEND
6.3536,0.0479,-0.1496,-0.0433,0.01998,0.00517,0.01041,-5.00,0.00,0.00,31.4,125.58,634.44,271.09,DESCEND
6.3637,0.1279,-0.2396,0.2666,0.00298,0.00017,0.00841,-5.00,0.00,0.00,31.5,125.58,634.44,271.03,DESCEND
6.3738,0.1779,-0.3096,0.0666,0.01098,-0.00882,0.00541,-5.00,0.00,0.00,31.5,125.58,634.45,270.99,DESCEND
6.3840,0.0279,0.1403,0.0766,0.00998,0.00117,0.00941,-5.00,0.00,0.00,31.6,125.58,634.45,270.93,DESCEND
6.3941,0.0179,0.5003,-0.4133,-0.00901,-0.01382,0.01341,-5.00,0.00,0.00,31.6,125.58,634.45,270.87,DESCEND
6.4042,0.1179,0.1003,-0.0133,-0.00201,-0.01182,0.00741,-5.00,0.00,0.00,31.7,125.58,634.45,270.83,DESCEND
6.4143,-0.0720,0.1503,0.0366,0.00698,0.00617,0.01341,-5.00,0.00,0.00,31.7,125.58,634.45,270.77,DESCEND
6.4245,0.1179,0.2903,-0.2033,0.00998,0.00117,0.01041,-5.00,0.00,0.00,31.8,125.58,634.46,270.73,DESCEND
6.4346,0.0079,-0.0496,0.2166,0.00698,0.00517,0.01041,-5.00,0.00,0.00,31.8,125.58,634.46,270.67,DESCEND
6.4447,0.2779,0.1603,0.0866,0.00498,-0.00782,0.01041,-5.00,0.00,0.00,31.9,125.58,634.46,270.63,DESCEND
6.4548,-0.0220,0.4003,-0.1933,-0.01501,-0.02382,0.01441,-5.00,0.00,0.00,31.9,125.58,634.46,270.57,DESCEND
6.4649,-0.0520,0.0403,-0.0033,0.00798,0.00317,0.00841,-5.00,0.00,0.00,32.0,125.58,634.46,270.53,DESCEND
6.4750,-0.0320,0.1503,0.1166,-0.00701,-0.00182,0.01341,-5.00,0.00,0.00,32.0,125.58,634.47,270.47,DESCEND
6.4851,-0.0920,0.3303,0.0466,-0.00801,-0.00082,0.00741,-5.00,0.00,0.00,32.1,125.58,634.47,270.43,DESCEND
6.4952,-0.1520,0.4603,0.1566,-0.00701,0.00517,0.01141,-5.00,0.00,0.00,32.1,125.58,634.47,270.37,DESCEND
6.5053,-0.0020,0.1703,0.0966,0.01698,0.00717,0.01041,-5.00,0.00,0.00,32.2,125.58,634.47,270.33,DESCEND
6.5155,0.0579,0.3103,0.0766,0.00198,0.00717,0.01241,-5.00,0.00,0.00,32.2,125.58,634.47,270.27,DESCEND
6.5256,0.1179,0.1903,-0.0933,0.01498,-0.00182,0.01041,-5.00,0.00,0.00,32.3,125.58,634.47,270.23,DESCEND
6.5356,0.0479,0.0803,0.0466,-0.01501,-0.00882,0.01141,-5.00,0.00,0.00,32.3,125.58,634.48,270.17,DESCEND
6.5457,-0.1120,0.2003,0.1066,0.00398,0.00617,0.01041,-5.00,0.00,0.00,32.4,125.58,634.48,270.13,DESCEND
6.5559,0.0879,0.3203,-0.1733,-0.00201,-0.01182,0.01741,-5.00,0.00,0.00,32.4,125.58,634.48,270.07,DESCEND
6.5660,0.1179,0.2103,-0.2433,0.01098,-0.00582,0.01341,-5.00,0.00,0.00,32.5,125.58,634.48,270.01,DESCEND
6.5761,0.0979,0.0003,-0.0333,0.00598,-0.00982,0.00841,-5.00,0.00,0.00,32.5,125.59,634.48,269.97,DESCEND
6.5862,0.0579,0.2403,-0.3833,0.00298,-0.01182,0.01041,-5.00,0.00,0.00,32.6,125.59,634.49,269.91,DESCEND
6.5963,0.0079,0.2003,-0.4633,-0.01301,-0.02082,0.01141,-5.00,0.00,0.00,32.6,125.59,634.49,269.87,DESCEND
6.6064,-0.0320,0.4303,0.0166,0.00198,-0.00182,0.01241,-5.00,0.00,0.00,32.7,125.59,634.49,269.81,DESCEND
6.6165,0.0779,0.1003,0.0166,-0.00601,-0.01382,0.01041,-5.00,0.00,0.00,32.7,125.59,634.49,269.77,DESCEND
6.6266,0.0379,0.4603,-0.3933,0.00498,-0.01182,0.01441,-5.00,0.00,0.00,32.8,125.59,634.49,269.71,DESCEND
6.6367,-0.1820,0.2903,-0.3433,-0.01501,-0.01782,0.01441,-5.00,0.00,0.00,32.8,125.59,634.49,269.67,DESCEND
6.6468,0.0179,0.1103,0.1666,0.00098,-0.00682,0.01241,-5.00,0.00,0.00,32.9,125.59,634.50,269.61,DESCEND
6.6570,0.0279,0.2703,0.1366,-0.00101,0.00017,0.01241,-5.00,0.00,0.00,32.9,125.59,634.50,269.57,DESCEND
6.6671,0.0079,-0.0396,-0.1333,0.00898,-0.00282,0.00941,-5.00,0.00,0.00,33.0,125.59,634.50,269.51,DESCEND
6.6772,0.1279,0.3103,-0.1933,0.00898,0.00217,0.00841,-5.00,0.00,0.00,33.0,125.59,634.50,269.47,DESCEND
6.6873,0.1279,0.2603,-0.2133,0.00998,-0.00382,0.01441,-5.00,0.00,0.00,33.1,125.59,634.50,269.41,DESCEND
6.6975,0.0579,0.1803,0.0966,-0.00601,-0.00582,0.00641,-5.00,0.00,0.00,33.1,125.59,634.51,269.37,DESCEND
6.7076,0.0079,0.2503,0.0766,-0.00001,0.00317,0.00941,-5.00,0.00,0.00,33.2,125.59,634.51,269.31,DESCEND
6.7177,0.0679,-0.0596,0.0266,0.00398,-0.00782,0.01041,-5.00,0.00,0.00,33.2,125.59,634.51,269.27,DESCEND
6.7278,-0.0120,0.2603,-0.1833,0.01698,-0.00082,0.01141,-5.00,0.00,0.00,33.3,125.59,634.51,269.21,DESCEND
6.7379,0.1579,0.4203,-0.0633,0.01198,-0.00582,0.01041,-5.00,0.00,0.00,33.3,125.59,634.51,269.15,DESCEND
6.7481,-0.0520,0.3703,-0.1233,0.00098,-0.00182,0.01441,-5.00,0.00,0.00,33.4,125.59,634.52,269.11,DESCEND
6.7582,0.1779,0.1303,-0.1133,0.00598,-0.01182,0.01041,-5.00,0.00,0.00,33.4,125.59,634.52,269.05,DESCEND
6.7683,0.0879,-0.1996,-0.0133,0.00298,-0.00182,0.00641,-5.00,0.00,0.00,33.5,125.59,634.52,269.01,DESCEND
6.7784,-0.0520,0.3203,-0.2433,-0.01201,-0.00782,0.01341,-5.00,0.00,0.00,33.5,125.59,634.52,268.95,DESCEND
6.7885,0.0879,0.5003,-0.1633,0.00798,-0.01282,0.01241,-5.00,0.00,0.00,33.6,125.59,634.52,268.91,DESCEND
6.7986,-0.1620,-0.2096,0.4966,0.00798,0.01417,0.01341,-5.00,0.00,0.00,33.6,125.59,634.53,268.85,DESCEND
6.8087,-0.0620,-0.0896,-0.0333,-0.00401,-0.00482,0.00641,-5.00,0.00,0.00,33.7,125.59,634.53,268.81,DESCEND
6.8188,0.1379,0.0103,0.1666,-0.01201,-0.00982,0.00841,-5.00,0.00,0.00,33.7,125.59,634.53,268.75,DESCEND
6.8289,0.0479,0.2403,0.0766,-0.01101,-0.01082,0.01041,-5.00,0.00,0.00,33.8,125.59,634.53,268.71,DESCEND
6.8390,-0.1520,0.2703,-0.0933,-0.00901,-0.00582,0.01541,-5.00,0.00,0.00,33.8,125.59,634.53,268.65,DESCEND
6.8491,0.0279,0.0303,0.2566,-0.00801,-0.00382,0.01141,-5.00,0.00,0.00,33.9,125.59,634.53,268.61,DESCEND
6.8593,0.1079,0.4603,-0.3133,-0.00101,-0.01082,0.01341,-5.00,0.00,0.00,33.9,125.59,634.54,268.55,DESCEND
6.8694,0.0579,0.2203,-0.0533,-0.00401,-0.00882,0.01441,-5.00,0.00,0.00,34.0,125.59,634.54,268.51,DESCEND
6.8795,-0.0420,-0.0696,0.0366,-0.00301,-0.00582,0.00941,-5.00,0.00,0.00,34.0,125.59,634.54,268.45,DESCEND
6.8896,0.0379,0.3803,-0.3933,0.01798,0.00517,0.01441,-5.00,0.00,0.00,34.1,125.59,634.54,268.41,DESCEND
6.8997,0.1579,0.6403,-0.5633,0.00398,-0.01582,0.01941,-5.00,0.00,0.00,34.1,125.59,634.54,268.35,DESCEND
6.9098,-0.1720,0.2203,-0.0033,-0.00101,-0.00482,0.01441,-5.00,0.00,0.00,34.2,125.59,634.55,268.31,DESCEND
6.9199,0.1179,0.3103,-0.0033,0.00598,-0.00282,0.01341,-5.00,0.00,0.00,34.2,125.59,634.55,268.25,DESCEND
6.9301,0.0279,0.5203,-0.1333,0.01998,-0.00282,0.01841,-5.00,0.00,0.00,34.3,125.59,634.55,268.19,DESCEND
6.9402,0.0079,0.1103,0.0666,-0.00901,-0.00782,0.01141,-5.00,0.00,0.00,34.3,125.59,634.55,268.15,DESCEND
6.9503,0.1179,0.2403,-0.4033,-0.00701,-0.02182,0.01241,-5.00,0.00,0.00,34.4,125.59,634.55,268.09,DESCEND
6.9604,-0.1420,0.2403,-0.2433,-0.01201,-0.01182,0.01541,-5.00,0.00,0.00,34.4,125.59,634.55,268.05,DESCEND
6.9705,0.0479,-0.0696,-0.1333,-0.00301,-0.01182,0.00641,-5.00,0.00,0.00,34.5,125.59,634.56,267.99,DESCEND
6.9807,0.0879,-0.2296,0.1866,0.00298,-0.00282,0.01041,-5.00,0.00,0.00,34.5,125.59,634.56,267.95,DESCEND
6.9908,-0.0320,0.2903,-0.2433,0.00198,-0.00982,0.01241,-5.00,0.00,0.00,34.6,125.59,634.56,267.89,DESCEND
7.0009,0.0979,-0.0296,0.0566,0.00698,-0.00282,0.01041,-5.00,0.00,0.00,34.6,125.59,634.56,267.85,DESCEND
7.0110,0.0179,0.1003,0.0066,0.00798,-0.00782,0.01341,-5.00,0.00,0.00,34.7,125.59,634.56,267.79,DESCEND
7.0212,0.0379,0.2303,-0.0433,-0.00901,-0.00482,0.01041,-5.00,0.00,0.00,34.7,125.59,634.57,267.75,DESCEND
7.0313,-0.0520,0.2203,-0.1333,-0.00001,-0.00582,0.01341,-5.00,0.00,0.00,34.8,125.59,634.57,267.69,DESCEND
7.0414,-0.0220,0.2303,-0.3233,-0.00201,-0.01182,0.01441,-5.00,0.00,0.00,34.8,125.59,634.57,267.65,DESCEND
7.0515,0.1179,0.2903,-0.0233,0.00398,-0.01382,0.01341,-5.00,0.00,0.00,34.9,125.59,634.57,267.59,DESCEND
7.0616,0.1479,0.1303,0.1966,0.01098,-0.00082,0.00741,-5.00,0.00,0.00,34.9,125.59,634.57,267.55,DESCEND
7.0717,-0.1020,-0.0996,0.0166,0.00398,-0.00382,0.00741,-5.00,0.00,0.00,35.0,125.59,634.58,267.49,DESCEND
7.0818,0.1079,-0.2596,0.3766,-0.00001,-0.00282,0.00741,-5.00,0.00,0.00,35.0,125.59,634.58,267.45,DESCEND
7.0919,0.1679,0.2703,-0.2933,0.01298,-0.00782,0.01241,-5.00,0.00,0.00,35.1,125.59,634.58,267.39,DESCEND
7.1020,-0.0920,0.4003,0.0566,-0.00401,-0.00982,0.01041,-5.00,0.00,0.00,35.2,125.59,634.58,267.33,DESCEND
7.1122,-0.2120,0.2503,0.1366,-0.00801,-0.00182,0.01241,-5.00,0.00,0.00,35.2,125.59,634.58,267.29,DESCEND
7.1223,0.2479,0.2603,0.1166,0.00998,0.00117,0.00841,-5.00,0.00,0.00,35.3,125.59,634.59,267.23,DESCEND
7.1324,0.2979,0.3103,0.0766,0.00398,0.00417,0.00841,-5.00,0.00,0.00,35.3,125.59,634.59,267.19,DESCEND
7.1425,0.0179,0.3703,-0.0333,-0.00601,-0.01482,0.01141,-5.00,0.00,0.00,35.4,125.59,634.59,267.13,DESCEND
7.1526,0.1279,0.1003,-0.1533,0.00498,-0.00982,0.01241,-5.00,0.00,0.00,35.4,125.59,634.59,267.09,DESCEND
7.1627,0.0979,0.1603,0.0866,0.01198,0.00017,0.01141,-5.00,0.00,0.00,35.5,125.59,634.59,267.03,DESCEND
7.1728,0.0179,0.3303,-0.2433,0.01498,-0.00182,0.01241,-5.00,0.00,0.00,35.5,125.59,634.59,266.99,DESCEND
7.1829,-0.0620,0.1303,0.2766,-0.00501,-0.00282,0.00841,-5.00,0.00,0.00,35.6,125.59,634.60,266.93,DESCEND
7.1930,0.0179,0.2303,-0.1033,-0.00501,-0.02082,0.00941,-5.00,0.00,0.00,35.6,125.59,634.60,266.89,DESCEND
7.2032,-0.1720,0.1403,-0.0433,-0.01001,-0.00182,0.01341,-5.00,0.00,0.00,35.7,125.59,634.60,266.83,DESCEND
7.2133,0.1479,0.2503,-0.0633,0.00498,-0.00782,0.01241,-5.00,0.00,0.00,35.7,125.59,634.60,266.79,DESCEND
7.2234,0.0379,0.2203,-0.1433,-0.00801,-0.01182,0.01041,-5.00,0.00,0.00,35.8,125.59,634.60,266.73,DESCEND
7.2335,0.0679,0.6403,-0.5733,0.00398,-0.01682,0.01541,-5.00,0.00,0.00,35.8,125.59,634.61,266.69,DESCEND
7.2436,0.1179,0.2603,-0.1233,0.00698,-0.00882,0.00941,-5.00,0.00,0.00,35.9,125.59,634.61,266.63,DESCEND
7.2537,0.0579,0.1903,-0.1933,-0.00601,-0.01282,0.01041,-5.00,0.00,0.00,35.9,125.59,634.61,266.59,DESCEND
7.2638,0.1279,0.0703,-0.0533,0.00598,-0.00782,0.00841,-5.00,0.00,0.00,36.0,125.59,634.61,266.53,DESCEND
7.2739,0.0779,0.1803,-0.2033,0.01098,-0.00282,0.00741,-5.00,0.00,0.00,36.0,125.59,634.61,266.49,DESCEND
7.2840,0.0679,0.3403,0.1066,0.01698,0.00517,0.01041,-5.00,0.00,0.00,36.1,125.59,634.61,266.43,DESCEND
7.2941,-0.1320,0.2903,-0.1533,-0.02401,-0.01382,0.01541,-5.00,0.00,0.00,36.1,125.59,634.62,266.37,DESCEND
7.3042,0.0479,0.6503,-0.2633,-0.00301,-0.01682,0.01441,-5.00,0.00,0.00,36.2,125.60,634.62,266.33,DESCEND
7.3143,-0.1620,0.2103,0.0266,-0.00801,-0.00982,0.01141,-5.00,0.00,0.00,36.2,125.60,634.62,266.27,DESCEND
7.3245,-0.0720,0.1203,-0.0333,-0.00501,-0.00582,0.01041,-5.00,0.00,0.00,36.3,125.60,634.62,266.23,DESCEND
7.3346,0.1179,-0.0296,0.1566,0.01598,-0.00182,0.00941,-5.00,0.00,0.00,36.3,125.60,634.62,266.17,DESCEND
7.3447,0.0879,0.2503,-0.1033,-0.00301,-0.00582,0.00841,-5.00,0.00,0.00,36.4,125.60,634.63,266.13,DESCEND
7.3548,-0.0720,0.4103,-0.2333,-0.00701,-0.01782,0.01541,-5.00,0.00,0.00,36.4,125.60,634.63,266.07,DESCEND
7.3649,0.0279,0.2103,-0.0133,0.00698,-0.00482,0.01041,-5.00,0.00,0.00,36.5,125.60,634.63,266.03,DESCEND
7.3750,0.1179,0.4703,0.2366,-0.00001,-0.00182,0.01141,-5.00,0.00,0.00,36.5,125.60,634.63,265.97,DESCEND
7.3851,0.0779,0.5003,-0.2833,0.01198,-0.00182,0.01241,-5.00,0.00,0.00,36.6,125.60,634.63,265.93,DESCEND
7.3952,0.0279,0.4203,0.0066,-0.00201,-0.01582,0.01241,-5.00,0.00,0.00,36.6,125.60,634.64,265.87,DESCEND
7.4053,0.0279,0.3303,-0.1133,-0.01101,-0.02082,0.01241,-5.00,0.00,0.00,36.7,125.60,634.64,265.83,DESCEND
7.4154,0.0879,0.1403,0.2166,0.01298,0.00317,0.01241,-5.00,0.00,0.00,36.7,125.60,634.64,265.77,DESCEND
7.4256,0.0379,0.2903,-0.1833,0.00098,-0.00982,0.01041,-5.00,0.00,0.00,36.8,125.60,634.64,265.73,DESCEND
7.4357,0.0579,0.2403,-0.3533,0.00898,-0.01882,0.01341,-5.00,0.00,0.00,36.8,125.60,634.64,265.67,DESCEND
7.4458,-0.0120,0.2503,-0.0333,-0.00801,-0.01282,0.00941,-5.00,0.00,0.00,36.9,125.60,634.64,265.63,DESCEND
7.4559,0.1879,0.4003,-0.1533,0.01698,-0.00582,0.01441,-5.00,0.00,0.00,36.9,125.60,634.65,265.57,DESCEND
7.4661,0.0179,0.2303,-0.3133,-0.00301,-0.01282,0.01441,-5.00,0.00,0.00,37.0,125.60,634.65,265.51,DESCEND
7.4762,-0.0220,0.5003,-0.4633,-0.00501,-0.01582,0.01341,-5.00,0.00,0.00,37.0,125.60,634.65,265.47,DESCEND
7.4863,0.0379,0.0403,0.1666,0.01898,0.01017,0.00641,-5.00,0.00,0.00,37.1,125.60,634.65,265.41,DESCEND
7.4964,-0.1120,-0.0196,0.0666,0.00698,0.00017,0.01141,-5.00,0.00,0.00,37.1,125.60,634.65,265.37,DESCEND
7.5066,0.0279,0.2403,-0.2233,-0.00301,-0.01082,0.00741,-5.00,0.00,0.00,37.2,125.60,634.66,265.31,DESCEND
7.5167,0.3279,0.0203,0.2266,0.01698,0.00017,0.01041,-5.00,0.00,0.00,37.2,125.60,634.66,265.27,DESCEND
7.5268,0.0279,0.2003,-0.2033,0.00898,-0.00582,0.01041,-5.00,0.00,0.00,37.3,125.60,634.66,265.21,DESCEND
7.5369,0.0479,0.0003,0.0466,0.01998,-0.00582,0.01341,-5.00,0.00,0.00,37.3,125.60,634.66,265.17,DESCEND
7.5471,0.1579,0.5303,-0.3033,0.00698,-0.01182,0.00941,-5.00,0.00,0.00,37.4,125.60,634.66,265.11,DESCEND
7.5572,0.1379,-0.0296,0.0266,-0.00301,-0.00682,0.01141,-5.00,0.00,0.00,37.4,125.60,634.67,265.07,DESCEND
7.5673,0.1679,0.4503,-0.4433,-0.00401,-0.01982,0.01341,-5.00,0.00,0.00,37.5,125.60,634.67,265.01,DESCEND
7.5774,0.2479,0.2103,0.1266,-0.00401,-0.00582,0.01141,-5.00,0.00,0.00,37.5,125.60,634.67,264.97,DESCEND
7.5875,0.2079,0.3603,-0.2533,0.00298,-0.01582,0.01441,-5.00,0.00,0.00,37.6,125.60,634.67,264.91,DESCEND
7.5976,-0.1220,-0.1196,0.1066,0.00398,0.00117,0.01041,-5.00,0.00,0.00,37.6,125.60,634.67,264.87,DESCEND
7.6077,0.1179,-0.1696,0.0466,0.00498,-0.00882,0.00841,-5.00,0.00,0.00,37.7,125.60,634.68,264.81,DESCEND
7.6178,0.0779,-0.1296,0.1566,-0.00201,0.00117,0.00441,-5.00,0.00,0.00,37.7,125.60,634.68,264.77,DESCEND
7.6280,-0.0720,0.0403,-0.0133,0.00298,0.00317,0.00941,-5.00,0.00,0.00,37.8,125.60,634.68,264.71,DESCEND
7.6381,0.0079,0.0203,0.3366,-0.00001,0.00417,0.01141,-5.00,0.00,0.00,37.8,125.60,634.68,264.65,DESCEND
7.6482,-0.0620,0.6603,-0.4633,-0.01801,-0.02082,0.01341,-5.00,0.00,0.00,37.9,125.60,634.68,264.61,DESCEND
7.6584,-0.1120,0.2303,-0.1533,-0.00401,-0.00082,0.00941,-5.00,0.00,0.00,37.9,125.60,634.68,264.55,DESCEND
7.6685,0.1879,-0.0496,0.0266,0.01498,-0.00582,0.00941,-5.00,0.00,0.00,38.0,125.60,634.69,264.51,DESCEND
7.6786,-0.1420,0.1103,0.0666,-0.00701,-0.00082,0.01341,-5.00,0.00,0.00,38.0,125.60,634.69,264.45,DESCEND
7.6887,-0.0820,0.3803,0.0666,-0.00501,-0.00882,0.01241,-5.00,0.00,0.00,38.1,125.60,634.69,264.41,DESCEND
7.6988,-0.0320,0.3403,0.0066,-0.00301,-0.00582,0.01541,-5.00,0.00,0.00,38.1,125.60,634.69,264.35,DESCEND
7.7089,-0.0720,0.2803,-0.1433,0.00498,-0.00782,0.01141,-5.00,0.00,0.00,38.2,125.60,634.69,264.31,DESCEND
7.7191,0.0079,0.2003,-0.2933,-0.00101,-0.00882,0.01341,-5.00,0.00,0.00,38.2,125.60,634.70,264.25,DESCEND
7.7292,-0.2120,-0.0796,0.2166,-0.00001,-0.00082,0.00941,-5.00,0.00,0.00,38.3,125.60,634.70,264.21,DESCEND
7.7393,0.0979,0.0803,0.2166,0.00398,-0.00082,0.00941,-5.00,0.00,0.00,38.3,125.60,634.70,264.15,DESCEND
7.7494,0.3379,-0.1696,0.2166,0.01398,-0.00182,0.01141,-5.00,0.00,0.00,38.4,125.60,634.70,264.12,DESCEND
7.7596,0.2079,-0.1596,0.1266,0.01798,-0.00382,0.00641,-5.00,0.00,0.00,38.4,125.60,634.70,264.06,DESCEND
7.7697,-0.0420,0.2703,0.1266,-0.00701,-0.00482,0.01641,-5.00,0.00,0.00,38.5,125.60,634.70,264.02,DESCEND
7.7798,-0.0320,0.1103,-0.1533,0.01098,0.00417,0.01041,-5.00,0.00,0.00,38.5,125.60,634.71,263.96,DESCEND
7.7899,0.0579,0.2903,-0.0133,0.00598,-0.00282,0.01341,-5.00,0.00,0.00,38.6,125.60,634.71,263.90,DESCEND
7.8000,0.0479,0.0903,0.2766,-0.00701,-0.00782,0.01141,-5.00,0.00,0.00,38.6,125.60,634.71,263.86,DESCEND
7.8102,0.0079,-0.1196,0.1066,-0.00001,0.00417,0.00841,-5.00,0.00,0.00,38.7,125.60,634.71,263.80,DESCEND
7.8203,-0.1320,0.1203,-0.0633,0.00198,0.00517,0.00841,-5.00,0.00,0.00,38.7,125.60,634.71,263.76,DESCEND
7.8304,-0.2020,0.6403,-0.2633,-0.01101,-0.00182,0.01441,-5.00,0.00,0.00,38.8,125.60,634.72,263.70,DESCEND
7.8405,0.0579,0.1703,-0.2133,0.00098,-0.01082,0.01141,-5.00,0.00,0.00,38.8,125.60,634.72,263.66,DESCEND
7.8506,-0.1320,0.4103,-0.5433,-0.00501,-0.01082,0.01441,-5.00,0.00,0.00,38.9,125.60,634.72,263.60,DESCEND
7.8607,0.1379,0.2903,-0.4033,0.01898,-0.00482,0.01241,-5.00,0.00,0.00,38.9,125.60,634.72,263.56,DESCEND
7.8708,-0.1520,0.1203,0.0266,-0.00801,0.00117,0.00941,-5.00,0.00,0.00,39.0,125.60,634.72,263.50,DESCEND
7.8809,-0.0920,0.0303,0.0766,-0.00201,0.00017,0.01241,-5.00,0.00,0.00,39.0,125.60,634.73,263.46,DESCEND
7.8911,0.1779,0.2103,-0.1633,0.02798,-0.00182,0.01241,-5.00,0.00,0.00,39.1,125.60,634.73,263.40,DESCEND
7.9012,-0.0020,0.0703,0.1466,-0.00701,-0.00682,0.01041,-5.00,0.00,0.00,39.1,125.60,634.73,263.36,DESCEND
7.9114,0.0979,0.0703,0.0266,-0.01601,-0.02182,0.01141,-5.00,0.00,0.00,39.2,125.60,634.73,263.30,DESCEND
7.9215,0.0379,-0.0596,0.2166,-0.00001,-0.00182,0.00941,-5.00,0.00,0.00,39.2,125.60,634.73,263.26,DESCEND
7.9316,0.0079,0.4103,-0.1933,-0.00001,-0.00482,0.01141,-5.00,0.00,0.00,39.3,125.60,634.74,263.20,DESCEND
7.9417,-0.1520,0.3603,-0.0433,-0.00001,0.00517,0.01241,-5.00,0.00,0.00,39.3,125.60,634.74,263.16,DESCEND
7.9517,0.1279,0.2003,-0.0233,0.00798,-0.00182,0.00941,-5.00,0.00,0.00,39.4,125.60,634.74,263.10,DESCEND
7.9618,0.1779,0.1203,-0.1233,0.01898,-0.00882,0.01241,-5.00,0.00,0.00,39.4,125.60,634.74,263.06,DESCEND
7.9720,-0.0520,0.4903,-0.2333,-0.01601,-0.01582,0.01241,-5.00,0.00,0.00,39.5,125.60,634.74,263.00,DESCEND
7.9821,0.1879,0.3103,-0.1033,0.01198,-0.00182,0.01341,-5.00,0.00,0.00,39.6,125.60,634.74,262.94,DESCEND
7.9922,-0.0020,0.4603,-0.0233,-0.01101,-0.01282,0.01541,-5.00,0.00,0.00,39.6,125.60,634.75,262.90,DESCEND
8.0023,-0.0120,0.1003,0.0766,-0.00001,-0.00082,0.01041,-5.00,0.00,0.00,39.7,125.60,634.75,262.84,DESCEND
8.0124,-0.1820,0.0803,-0.0133,-0.00601,-0.00482,0.01141,-5.00,0.00,0.00,39.7,125.60,634.75,262.80,DESCEND
8.0225,0.0479,-0.2096,0.1366,0.00198,-0.00282,0.00941,-5.00,0.00,0.00,39.8,125.60,634.75,262.74,DESCEND
8.0326,0.1179,-0.0596,0.1266,0.02398,0.00417,0.00941,-5.00,0.00,0.00,39.8,125.60,634.75,262.70,DESCEND
8.0427,-0.1120,-0.0596,0.1766,-0.00901,-0.00782,0.00841,-5.00,0.00,0.00,39.9,125.60,634.76,262.64,DESCEND
8.0528,0.1979,-0.0796,0.1566,0.01998,0.00517,0.01241,-5.00,0.00,0.00,39.9,125.61,634.76,262.60,DESCEND
8.0629,0.0179,-0.0096,0.0166,-0.00401,-0.00782,0.01241,-5.00,0.00,0.00,40.0,125.61,634.76,262.54,DESCEND
8.0730,0.0779,0.2403,-0.1933,-0.00301,-0.01582,0.01341,-5.00,0.00,0.00,40.0,125.61,634.76,262.50,DESCEND
8.0831,0.0979,0.2103,-0.1933,0.00098,-0.01482,0.01141,-5.00,0.00,0.00,40.1,125.61,634.76,262.44,DESCEND
8.0933,0.1379,0.4303,-0.3133,-0.00001,-0.01682,0.01341,-5.00,0.00,0.00,40.1,125.61,634.77,262.40,DESCEND
8.1034,-0.0420,0.2803,-0.1733,0.00098,-0.00482,0.01641,-5.00,0.00,0.00,40.2,125.61,634.77,262.34,DESCEND
8.1135,0.0179,0.2703,-0.1333,0.00198,-0.00182,0.01341,-5.00,0.00,0.00,40.2,125.61,634.77,262.30,DESCEND
8.1236,-0.0520,0.2203,-0.0833,-0.00001,-0.00982,0.01741,-5.00,0.00,0.00,40.3,125.61,634.77,262.24,DESCEND
8.1337,-0.1420,0.4003,-0.2033,-0.01401,-0.01282,0.01641,-5.00,0.00,0.00,40.3,125.61,634.77,262.20,DESCEND
8.1438,-0.0020,0.3203,-0.2333,0.01498,0.00617,0.01041,-5.00,0.00,0.00,40.4,125.61,634.77,262.14,DESCEND
8.1539,0.1879,0.3703,-0.1233,0.00398,-0.01682,0.01241,-5.00,0.00,0.00,40.4,125.61,634.78,262.10,DESCEND
8.1640,0.0179,0.2003,-0.0433,0.00098,-0.00682,0.01341,-5.00,0.00,0.00,40.5,125.61,634.78,262.04,DESCEND
8.1742,0.1379,0.4503,-0.3933,0.01198,-0.00282,0.01441,-5.00,0.00,0.00,40.5,125.61,634.78,261.98,DESCEND
8.1843,0.0079,-0.0496,-0.1933,-0.00801,-0.00582,0.01341,-5.00,0.00,0.00,40.6,125.61,634.78,261.94,DESCEND
8.1943,-0.0220,0.2603,0.0066,-0.00401,-0.01082,0.01541,-5.00,0.00,0.00,40.6,125.61,634.78,261.88,DESCEND
8.2045,-0.1020,0.4503,-0.4433,-0.00101,-0.01082,0.01441,-5.00,0.00,0.00,40.7,125.61,634.79,261.84,DESCEND
8.2146,0.1779,-0.0696,0.3266,0.02698,-0.00282,0.01241,-5.00,0.00,0.00,40.7,125.61,634.79,261.78,DESCEND
8.2248,0.0979,-0.0196,0.1166,0.01398,0.00017,0.01041,-5.00,0.00,0.00,40.8,125.61,634.79,261.74,DESCEND
8.2348,-0.0520,0.1003,-0.1233,-0.00401,-0.00382,0.00841,-5.00,0.00,0.00,40.8,125.61,634.79,261.68,DESCEND
8.2449,0.3579,0.1503,0.0266,0.00798,-0.00782,0.00841,-5.00,0.00,0.00,40.9,125.61,634.79,261.64,DESCEND
8.2550,0.1579,0.2103,0.0866,0.01098,-0.00382,0.00941,-5.00,0.00,0.00,40.9,125.61,634.80,261.58,DESCEND
8.2652,0.0279,0.4003,0.0666,0.00798,-0.00082,0.01241,-5.00,0.00,0.00,41.0,125.61,634.80,261.54,DESCEND
8.2753,0.0679,0.2703,-0.3733,-0.00301,-0.01582,0.01241,-5.00,0.00,0.00,41.0,125.61,634.80,261.48,DESCEND
8.2854,0.0579,0.5803,-0.3633,-0.00001,-0.00882,0.01741,-5.00,0.00,0.00,41.1,125.61,634.80,261.44,DESCEND
8.2955,-0.0520,0.1003,-0.2933,-0.00801,-0.02282,0.01041,-5.00,0.00,0.00,41.1,125.61,634.80,261.38,DESCEND
8.3056,0.0679,0.4703,-0.2433,0.00298,-0.00482,0.01341,-5.00,0.00,0.00,41.2,125.61,634.80,261.34,DESCEND
8.3157,0.0979,0.2703,-0.3533,-0.01101,-0.02082,0.01241,-5.00,0.00,0.00,41.2,125.61,634.81,261.28,DESCEND
8.3259,0.0479,0.0903,-0.0533,-0.02001,-0.01682,0.01241,-5.00,0.00,0.00,41.3,125.61,634.81,261.24,DESCEND
8.3360,0.1179,0.1003,0.1266,0.01298,-0.00382,0.01041,-5.00,0.00,0.00,41.3,125.61,634.81,261.18,DESCEND
8.3461,0.0479,0.5503,-0.1733,0.00098,-0.01382,0.01641,-5.00,0.00,0.00,41.4,125.61,634.81,261.12,DESCEND
8.3562,0.0879,0.2003,0.2466,0.00198,-0.00082,0.01541,-5.00,0.00,0.00,41.4,125.61,634.81,261.08,DESCEND
8.3663,0.0379,0.4503,0.1166,0.00198,-0.00882,0.01441,-5.00,0.00,0.00,41.5,125.61,634.82,261.02,DESCEND
8.3764,0.0679,0.5003,-0.4533,-0.00701,-0.02382,0.01341,-5.00,0.00,0.00,41.5,125.61,634.82,260.98,DESCEND
8.3865,-0.0820,0.2103,-0.1033,0.00298,-0.00782,0.01541,-5.00,0.00,0.00,41.6,125.61,634.82,260.92,DESCEND
8.3966,0.0679,0.4203,-0.2333,0.00798,0.00317,0.00841,-5.00,0.00,0.00,41.6,125.61,634.82,260.88,DESCEND
8.4068,-0.0720,-0.1396,0.3166,0.00798,0.01717,0.00541,-5.00,0.00,0.00,41.7,125.61,634.82,260.82,DESCEND
8.4169,0.1379,0.0603,0.0966,0.00898,0.00517,0.00941,-5.00,0.00,0.00,41.7,125.61,634.83,260.78,DESCEND
8.4270,0.0079,0.1303,0.0166,-0.00801,0.00917,0.00941,-5.00,0.00,0.00,41.8,125.61,634.83,260.72,DESCEND
8.4371,0.2279,0.2703,0.0666,0.00098,0.01617,0.00841,-5.00,0.00,0.00,41.8,125.61,634.83,260.68,DESCEND
8.4472,0.1779,0.6303,-0.3133,0.00698,0.01817,0.01341,-5.00,0.00,0.00,41.9,125.61,634.83,260.62,DESCEND
8.4574,0.1079,-0.0196,0.2266,0.00698,0.03217,0.00541,-5.00,0.00,0.00,41.9,125.61,634.83,260.58,DESCEND
8.4675,0.0279,0.2803,0.4266,0.00398,0.04217,0.00841,-5.00,0.00,0.00,42.0,125.61,634.83,260.52,DESCEND
8.4776,0.2979,0.1903,-0.1533,0.02498,0.03717,0.00641,-5.00,0.00,0.00,42.0,125.61,634.84,260.48,DESCEND
8.4877,0.2879,0.2403,-0.0033,0.00298,0.03217,0.00441,-5.00,0.00,0.00,42.1,125.61,634.84,260.42,DESCEND
8.4978,0.1879,0.0003,0.3266,-0.00401,0.03617,0.00341,-5.00,0.00,0.00,42.1,125.61,634.84,260.38,DESCEND
8.5079,0.2979,0.3603,-0.0133,-0.00501,0.03717,0.00341,-5.00,0.00,0.00,42.2,125.61,634.84,260.32,DESCEND
8.5180,0.1479,0.2703,-0.1633,-0.00301,0.04317,0.00441,-5.00,0.00,0.00,42.2,125.61,634.84,260.26,DESCEND
8.5281,0.5379,0.3603,0.1366,0.01698,0.04517,0.00041,-5.00,0.00,0.00,42.3,125.61,634.85,260.22,DESCEND
8.5382,0.1479,0.0503,0.2966,-0.00001,0.05117,-0.00058,-5.00,0.00,0.00,42.3,125.61,634.85,260.16,DESCEND
8.5483,0.4379,0.4703,-0.1433,0.01798,0.05017,0.00441,-5.00,0.00,0.00,42.4,125.61,634.85,260.12,DESCEND
8.5585,0.3279,0.2203,-0.0833,0.01298,0.05317,0.00041,-5.00,0.00,0.00,42.4,125.61,634.85,260.06,DESCEND
8.5686,0.3379,0.0803,0.0566,0.00698,0.05317,0.00041,-5.00,0.00,0.00,42.5,125.61,634.85,260.02,DESCEND
8.5787,0.3279,0.1903,0.2766,0.00698,0.06317,0.00141,-5.00,0.00,0.00,42.5,125.61,634.86,259.96,DESCEND
8.5888,0.6379,0.4303,-0.1933,0.02198,0.06217,-0.00158,-5.00,0.00,0.00,42.6,125.61,634.86,259.92,DESCEND
8.5988,0.3779,0.0703,0.0666,0.00098,0.05417,-0.00058,-5.00,0.00,0.00,42.6,125.61,634.86,259.86,DESCEND
8.6090,0.4879,0.1603,-0.0633,-0.00701,0.06117,-0.00358,-5.00,0.00,0.00,42.7,125.61,634.86,259.82,DESCEND
8.6191,0.4479,0.2403,0.0966,0.02298,0.06517,-0.00158,-5.00,0.00,0.00,42.7,125.61,634.86,259.76,DESCEND
8.6292,0.5679,0.3403,0.0666,0.01598,0.07117,-0.00058,-5.00,0.00,0.00,42.8,125.61,634.86,259.72,DESCEND
8.6393,0.5779,0.0003,0.1766,0.01298,0.06617,-0.00058,-5.00,0.00,0.00,42.8,125.61,634.87,259.66,DESCEND
8.6494,0.6479,-0.3096,0.2566,0.01298,0.07417,-0.00258,-5.00,0.00,0.00,42.9,125.61,634.87,259.62,DESCEND
8.6595,0.7779,-0.3896,0.6866,0.02998,0.08417,-0.00858,-5.00,0.00,0.00,42.9,125.61,634.87,259.56,DESCEND
8.6696,0.7679,0.1903,0.1866,0.02798,0.09217,-0.00658,-5.00,0.00,0.00,43.0,125.61,634.87,259.52,DESCEND
8.6797,0.5079,-0.0996,0.5666,0.01998,0.09417,-0.00458,-5.00,0.00,0.00,43.0,125.61,634.87,259.46,DESCEND
8.6898,0.5579,-0.0096,0.3066,0.01198,0.09017,-0.01058,-5.00,0.00,0.00,43.1,125.61,634.88,259.42,DESCEND
8.6999,0.5979,0.2603,-0.3233,0.01498,0.08417,-0.00558,-5.00,0.00,0.00,43.1,125.61,634.88,259.36,DESCEND
8.7100,0.5779,0.1103,0.2166,0.01098,0.08417,-0.00658,-5.00,0.00,0.00,43.2,125.61,634.88,259.30,DESCEND
8.7201,0.4379,0.4303,-0.2533,0.00598,0.08817,-0.00558,-5.00,0.00,0.00,43.2,125.61,634.88,259.26,DESCEND
8.7302,0.6279,0.0403,0.4466,0.01798,0.09417,-0.01058,-5.00,0.00,0.00,43.3,125.61,634.88,259.20,DESCEND
8.7403,0.6779,-0.0496,0.3466,0.02298,0.10117,-0.00958,-5.00,0.00,0.00,43.3,125.61,634.89,259.16,DESCEND
8.7505,0.5779,0.0903,0.2366,0.00998,0.09817,-0.00958,-5.00,0.00,0.00,43.4,125.61,634.89,259.10,DESCEND
8.7606,0.8479,0.1203,0.2366,0.02198,0.09417,-0.00758,-5.00,0.00,0.00,43.4,125.61,634.89,259.06,DESCEND
8.7707,0.9279,0.2103,0.2366,0.03198,0.10517,-0.01158,-5.00,0.00,0.00,43.5,125.61,634.89,259.00,DESCEND
8.7809,0.7779,0.1903,0.2166,0.01098,0.10617,-0.00958,-5.00,0.00,0.00,43.5,125.61,634.89,258.96,DESCEND
8.7910,0.7379,0.0903,0.0566,0.01898,0.12317,-0.01458,-5.00,0.00,0.00,43.6,125.61,634.90,258.90,DESCEND
8.8011,0.7779,0.1003,0.1766,0.01398,0.13417,-0.01458,-5.00,0.00,0.00,43.6,125.61,634.90,258.86,DESCEND
8.8112,0.8779,0.2103,-0.2933,0.01798,0.12817,-0.01558,-5.00,0.00,0.00,43.7,125.61,634.90,258.80,DESCEND
8.8213,0.7779,0.3703,-0.1933,0.01198,0.14517,-0.01558,-5.00,0.00,0.00,43.7,125.62,634.90,258.76,DESCEND
8.8314,1.0079,0.4103,-0.1233,0.00698,0.13817,-0.01558,-5.00,0.00,0.00,43.8,125.62,634.90,258.70,DESCEND
8.8415,0.9579,0.1503,-0.0933,0.02798,0.17017,-0.01658,-5.00,0.00,0.00,43.8,125.62,634.90,258.66,DESCEND
8.8516,0.9779,0.4603,-0.3633,0.01398,0.16017,-0.01858,-5.00,0.00,0.00,43.9,125.62,634.91,258.60,DESCEND
8.8617,1.0079,0.1903,-0.2333,0.01598,0.17717,-0.02258,-5.00,0.00,0.00,43.9,125.62,634.91,258.56,DESCEND
8.8718,1.1979,-0.1496,-0.1533,0.01498,0.18117,-0.02758,-5.00,0.00,0.00,44.0,125.62,634.91,258.50,DESCEND
8.8820,1.1879,0.1603,-0.0533,0.02498,0.19317,-0.02258,-5.00,0.00,0.00,44.0,125.62,634.91,258.46,DESCEND
8.8921,1.1279,0.1703,-0.2033,0.02398,0.19517,-0.02458,-5.00,0.00,0.00,44.1,125.62,634.91,258.40,DESCEND
8.9022,1.1979,-0.0596,-0.2333,0.01198,0.20217,-0.03058,-5.00,0.00,0.00,44.2,125.62,634.92,258.34,DESCEND
8.9372,1.3779,0.3203,-0.6333,0.01498,0.21617,-0.03258,-5.00,0.00,0.00,44.3,125.62,634.92,258.18,DESCEND
8.9473,1.2679,-0.0596,-0.0933,0.00898,0.23217,-0.03458,-5.00,0.00,0.00,44.4,125.62,634.92,258.12,DESCEND
8.9575,1.3979,0.2203,-0.3733,0.00598,0.22617,-0.02958,-5.00,0.00,0.00,44.4,125.62,634.93,258.08,DESCEND
8.9676,1.4379,0.1003,-0.4033,0.00798,0.23017,-0.03358,-5.00,0.00,0.00,44.5,125.62,634.93,258.02,DESCEND
8.9777,1.4279,0.2603,-0.5133,-0.00601,0.22817,-0.03158,-5.00,0.00,0.00,44.5,125.62,634.93,257.98,DESCEND
8.9878,1.5179,0.2203,-0.8233,0.00598,0.23217,-0.03558,-5.00,0.00,0.00,44.6,125.62,634.93,257.92,DESCEND
8.9979,1.6879,0.0003,-0.3533,0.00198,0.24417,-0.03658,-5.00,0.00,0.00,44.6,125.62,634.93,257.88,DESCEND
9.0080,1.5679,-0.0496,-0.3733,0.01498,0.25117,-0.03958,-5.00,0.00,0.00,44.7,125.62,634.94,257.82,DESCEND
9.0182,1.7179,-0.1096,-0.1733,0.03298,0.26317,-0.03758,-5.00,0.00,0.00,44.7,125.62,634.94,257.76,DESCEND
9.0283,1.4579,0.0503,-0.4733,0.01998,0.26417,-0.03758,-5.00,0.00,0.00,44.8,125.62,634.94,257.72,DESCEND
9.0384,1.4479,0.1903,-0.6333,0.00298,0.26417,-0.03758,-5.00,0.00,0.00,44.8,125.62,634.94,257.66,DESCEND
9.0485,1.6479,0.3103,-0.5833,-0.01101,0.24817,-0.04058,-5.00,0.00,0.00,44.9,125.62,634.94,257.62,DESCEND
9.0587,1.6079,0.1603,-0.5733,0.01498,0.28317,-0.04258,-5.00,0.00,0.00,44.9,125.62,634.94,257.56,DESCEND
9.0688,1.5779,0.0303,-0.1933,0.00698,0.28017,-0.04158,-5.00,0.00,0.00,45.0,125.62,634.95,257.52,DESCEND
9.0789,1.7579,0.0303,-0.5733,0.01198,0.28017,-0.04458,-5.00,0.00,0.00,45.0,125.62,634.95,257.46,DESCEND
9.0890,1.7079,0.2603,-0.8133,-0.00301,0.28417,-0.04358,-5.00,0.00,0.00,45.1,125.62,634.95,257.42,DESCEND
9.0991,1.6179,-0.2996,-0.6033,0.00898,0.30017,-0.04558,-5.00,0.00,0.00,45.1,125.62,634.95,257.36,DESCEND
9.1093,1.9079,0.0803,-0.7333,0.00598,0.29217,-0.04858,-5.00,0.00,0.00,45.2,125.62,634.95,257.32,DESCEND
9.1194,1.6379,0.2603,-0.6333,0.00898,0.30717,-0.04658,-5.00,0.00,0.00,45.2,125.62,634.96,257.26,DESCEND
9.1295,1.8579,-0.0396,-0.8233,-0.00001,0.29417,-0.04658,-5.00,0.00,0.00,45.3,125.62,634.96,257.22,DESCEND
9.1396,2.0479,-0.0096,-0.7933,0.01898,0.30917,-0.05358,-5.00,0.00,0.00,45.3,125.62,634.96,257.16,SEARCH_Y
9.1497,1.8279,0.3103,-0.5033,0.00798,0.32717,-0.04758,0.00,-3.00,0.00,45.4,125.62,634.96,257.12,SEARCH_Y
9.1598,2.0079,0.3203,-1.2333,0.01098,0.31617,-0.05258,0.00,-3.00,0.00,45.4,125.62,634.96,257.06,SEARCH_Y
9.1699,1.9379,0.0403,-0.5933,0.00798,0.33417,-0.05658,0.00,-3.00,0.00,45.5,125.62,634.96,257.03,SEARCH_Y
9.1800,1.8779,0.2203,-0.9033,0.00098,0.32717,-0.05158,0.00,-3.00,0.00,45.5,125.61,634.97,256.97,SEARCH_Y
9.1902,2.0379,0.2803,-0.6133,0.00698,0.34317,-0.05458,0.00,-3.00,0.00,45.6,125.60,634.97,256.93,SEARCH_Y
9.2002,2.0579,-0.0496,-0.5733,-0.00301,0.33717,-0.05558,0.00,-3.00,0.00,45.6,125.60,634.97,256.90,SEARCH_Y
9.2104,2.0079,0.2403,-0.9033,0.00998,0.35017,-0.05658,0.00,-3.00,0.00,45.6,125.58,634.97,256.86,SEARCH_Y
9.2205,2.0179,0.0003,-0.4733,0.00198,0.35217,-0.06358,0.00,-3.00,0.00,45.7,125.58,634.97,256.84,SEARCH_Y
9.2306,1.9879,0.1203,-0.5633,0.00498,0.36417,-0.05858,0.00,-3.00,0.00,45.7,125.56,634.97,256.80,SEARCH_Y
9.2407,2.1779,0.2003,-0.7933,0.01898,0.36917,-0.06258,0.00,-3.00,0.00,45.7,125.55,634.97,256.79,SEARCH_Y
9.2508,2.2179,0.3303,-1.1433,0.00798,0.35917,-0.05858,0.00,-3.00,0.00,45.7,125.52,634.97,256.76,SEARCH_Y
9.2609,2.1379,0.1603,-0.8633,-0.00501,0.35317,-0.05858,0.00,-3.00,0.00,45.7,125.51,634.97,256.75,SEARCH_Y
9.2710,2.0679,0.4803,-1.0433,0.00698,0.36117,-0.05558,0.00,-3.00,0.00,45.8,125.48,634.97,256.73,SEARCH_Y
9.2812,2.1879,-0.0496,-0.6933,0.00298,0.36517,-0.06258,0.00,-3.00,0.00,45.8,125.46,634.97,256.72,SEARCH_Y
9.2913,2.0279,-0.0096,-0.7533,-0.00201,0.36717,-0.05958,0.00,-3.00,0.00,45.8,125.43,634.97,256.71,SEARCH_Y
9.3014,2.3579,0.2703,-0.9233,0.01398,0.36817,-0.05958,0.00,-3.00,0.00,45.8,125.41,634.97,256.71,SEARCH_Y
9.3115,2.3079,0.2103,-0.8633,0.01598,0.37117,-0.05858,0.00,-3.00,0.00,45.8,125.38,634.97,256.71,SEARCH_Y
9.3216,2.0779,0.3103,-0.8533,0.00998,0.37117,-0.06158,0.00,-3.00,0.00,45.8,125.35,634.97,256.71,SEARCH_Y
9.3317,2.3379,-0.0896,-0.4933,0.01098,0.36917,-0.06358,0.00,-3.00,0.00,45.8,125.32,634.97,256.71,SEARCH_Y
9.3419,2.1379,0.3103,-1.1233,0.00598,0.36217,-0.06358,0.00,-3.00,0.00,45.8,125.29,634.97,256.71,SEARCH_Y
9.3520,2.0779,0.1803,-0.8633,0.00198,0.37017,-0.06258,0.00,-3.00,0.00,45.8,125.26,634.97,256.71,SEARCH_Y
9.3621,2.0679,0.3403,-1.0033,-0.00601,0.35717,-0.05958,0.00,-3.00,0.00,45.8,125.22,634.96,256.71,SEARCH_Y
9.3722,1.9479,0.3703,-0.8933,-0.00801,0.36917,-0.05758,0.00,-3.00,0.00,45.8,125.20,634.96,256.71,SEARCH_Y
9.3823,2.2979,0.2003,-0.8033,-0.00901,0.35317,-0.05758,0.00,-3.00,0.00,45.8,125.16,634.96,256.71,SEARCH_Y
9.3926,2.1479,0.6003,-1.0533,-0.00301,0.35717,-0.05358,0.00,-3.00,0.00,45.8,125.14,634.96,256.71,SEARCH_Y
9.4027,1.9179,0.5503,-0.6233,-0.03401,0.35617,-0.06258,0.00,-3.00,0.00,45.8,125.10,634.96,256.70,SEARCH_Y
9.4128,2.1179,0.4003,-0.5333,-0.03701,0.36217,-0.06358,0.00,-3.00,0.00,45.8,125.08,634.96,256.70,SEARCH_Y
9.4229,1.9279,0.2503,-0.7733,-0.04801,0.35517,-0.06458,0.00,-3.00,0.00,45.8,125.04,634.96,256.70,SEARCH_Y
9.4330,2.2079,0.5003,-0.8033,-0.05901,0.34817,-0.06558,0.00,-3.00,0.00,45.8,125.02,634.96,256.70,SEARCH_Y
9.4432,1.9879,0.4003,-0.4933,-0.06001,0.35417,-0.06558,0.00,-3.00,0.00,45.8,124.98,634.96,256.70,SEARCH_Y
9.4533,1.8779,0.6003,-0.5933,-0.06201,0.36417,-0.06058,0.00,-3.00,0.00,45.8,124.96,634.96,256.70,SEARCH_Y
9.4634,2.0579,0.3303,-0.7133,-0.05701,0.34917,-0.06058,0.00,-3.00,0.00,45.8,124.92,634.96,256.70,SEARCH_Y
9.4736,2.1079,0.2703,-0.5933,-0.05301,0.36317,-0.06458,0.00,-3.00,0.00,45.8,124.90,634.96,256.70,SEARCH_Y
9.4836,2.0279,0.3903,-0.6333,-0.07001,0.35417,-0.06158,0.00,-3.00,0.00,45.8,124.86,634.95,256.70,SEARCH_Y
9.4937,2.0279,0.4003,-0.7933,-0.05901,0.35417,-0.06658,0.00,-3.00,0.00,45.8,124.84,634.95,256.70,SEARCH_Y
9.5039,2.1479,0.4403,-0.3833,-0.06101,0.34717,-0.06358,0.00,-3.00,0.00,45.8,124.80,634.95,256.70,SEARCH_Y
9.5140,2.0479,0.4303,-0.8333,-0.05901,0.34917,-0.06158,0.00,-3.00,0.00,45.8,124.77,634.95,256.70,SEARCH_Y
9.5241,2.1979,0.5903,-0.7933,-0.05901,0.35817,-0.06558,0.00,-3.00,0.00,45.8,124.74,634.95,256.70,SEARCH_Y
9.5342,2.0879,0.6903,-1.0633,-0.06701,0.34717,-0.06758,0.00,-3.00,0.00,45.8,124.70,634.95,256.70,SEARCH_Y
9.5443,2.0679,0.4003,-0.7033,-0.06101,0.36617,-0.06658,0.00,-3.00,0.00,45.8,124.68,634.95,256.70,SEARCH_Y
9.5544,2.2779,0.4003,-0.9233,-0.07101,0.35117,-0.07058,0.00,-3.00,0.00,45.8,124.64,634.95,256.70,SEARCH_Y
9.5646,2.0679,0.1403,-0.7633,-0.07201,0.36717,-0.07058,0.00,-3.00,0.00,45.8,124.62,634.95,256.70,SEARCH_Y
9.5747,2.1379,0.7403,-0.8433,-0.05001,0.36717,-0.06658,0.00,-3.00,0.00,45.8,124.58,634.95,256.70,SEARCH_Y
9.5848,2.1379,0.5703,-1.0433,-0.07501,0.35917,-0.06858,0.00,-3.00,0.00,45.8,124.56,634.95,256.70,SEARCH_Y
9.5949,2.3679,0.6903,-1.0133,-0.04901,0.36417,-0.07058,0.00,-3.00,0.00,45.8,124.52,634.94,256.70,SEARCH_Y
9.6050,2.1779,0.4503,-0.7033,-0.07301,0.36317,-0.06658,0.00,-3.00,0.00,45.8,124.50,634.94,256.70,SEARCH_Y
9.6151,2.0479,0.3003,-1.1433,-0.05701,0.37217,-0.07158,0.00,-3.00,0.00,45.8,124.46,634.94,256.70,SEARCH_Y
9.6252,2.1179,0.5503,-0.7833,-0.07101,0.35917,-0.06758,0.00,-3.00,0.00,45.8,124.44,634.94,256.70,SEARCH_Y
9.6354,1.9379,0.4603,-0.5733,-0.07701,0.35717,-0.06658,0.00,-3.00,0.00,45.8,124.40,634.94,256.70,SEARCH_Y
9.6455,2.1179,0.3103,-0.8733,-0.07701,0.34917,-0.06758,0.00,-3.00,0.00,45.8,124.38,634.94,256.70,SEARCH_Y
9.6556,2.0079,0.3903,-0.8133,-0.08101,0.34917,-0.06758,0.00,-3.00,0.00,45.8,124.34,634.94,256.70,SEARCH_Y
9.6657,2.1279,0.5303,-1.0133,-0.07601,0.34617,-0.06858,0.00,-3.00,0.00,45.8,124.32,634.94,256.70,SEARCH_Y
9.6758,2.0479,0.4703,-0.9833,-0.08101,0.34717,-0.06458,0.00,-3.00,0.00,45.8,124.28,634.94,256.70,SEARCH_Y
9.6859,2.2979,0.3103,-0.7833,-0.06101,0.35817,-0.06958,0.00,-3.00,0.00,45.8,124.26,634.94,256.70,SEARCH_Y
9.6960,2.0479,0.2603,-0.7933,-0.05601,0.36017,-0.06358,0.00,-3.00,0.00,45.8,124.22,634.94,256.70,SEARCH_Y
9.7062,2.0779,0.6403,-0.9933,-0.07601,0.34617,-0.06958,0.00,-3.00,0.00,45.8,124.18,634.93,256.70,SEARCH_Y
9.7163,2.1579,0.5403,-1.3333,-0.05901,0.33317,-0.06358,0.00,-3.00,0.00,45.8,124.16,634.93,256.70,SEARCH_Y
9.7265,2.1379,0.8403,-1.2033,-0.06801,0.33217,-0.06058,0.00,-3.00,0.00,45.8,124.12,634.93,256.70,SEARCH_Y
9.7366,2.2179,0.4203,-1.1033,-0.07901,0.32117,-0.06358,0.00,-3.00,0.00,45.8,124.10,634.93,256.70,SEARCH_Y
9.7467,1.9379,0.2103,-0.7533,-0.06501,0.33917,-0.06758,0.00,-3.00,0.00,45.8,124.06,634.93,256.70,SEARCH_Y
9.7568,1.8779,0.6103,-0.7033,-0.08201,0.33917,-0.05958,0.00,-3.00,0.00,45.8,124.04,634.93,256.70,SEARCH_Y
9.7670,2.1879,0.8103,-1.0433,-0.04501,0.33517,-0.06258,0.00,-3.00,0.00,45.8,124.00,634.93,256.70,SEARCH_Y
9.7771,1.7679,0.5103,-1.2133,-0.07701,0.32017,-0.06258,0.00,-3.00,0.00,45.8,123.98,634.93,256.70,SEARCH_Y
9.7872,2.0279,-0.0796,-0.6633,-0.04401,0.34917,-0.06358,0.00,-3.00,0.00,45.8,123.94,634.93,256.70,SEARCH_Y
9.7973,2.0179,0.3403,-0.8533,-0.06501,0.33117,-0.06558,0.00,-3.00,0.00,45.8,123.92,634.93,256.70,SEARCH_Y
9.8075,1.8879,0.4303,-0.9233,-0.07501,0.32617,-0.05958,0.00,-3.00,0.00,45.8,123.88,634.93,256.70,SEARCH_Y
9.8176,1.8179,0.3003,-0.7833,-0.07601,0.32117,-0.06158,0.00,-3.00,0.00,45.8,123.86,634.93,256.70,SEARCH_Y
9.8277,2.0979,0.2003,-0.5233,-0.06101,0.32517,-0.06558,0.00,-3.00,0.00,45.8,123.82,634.92,256.70,SEARCH_Y
9.8379,2.0879,0.1203,-0.6833,-0.05901,0.32917,-0.06358,0.00,-3.00,0.00,45.8,123.80,634.92,256.70,SEARCH_Y
9.8480,1.7979,0.4603,-0.9733,-0.07001,0.32717,-0.06058,0.00,-3.00,0.00,45.8,123.76,634.92,256.70,SEARCH_Y
9.8581,1.7979,0.6703,-0.9933,-0.07401,0.32017,-0.05858,0.00,-3.00,0.00,45.8,123.73,634.92,256.70,SEARCH_Y
9.8682,1.8879,0.4303,-1.0233,-0.07901,0.31717,-0.06158,0.00,-3.00,0.00,45.8,123.70,634.92,256.70,SEARCH_Y
9.8783,2.0079,0.3503,-0.9933,-0.06001,0.31917,-0.05958,0.00,-3.00,0.00,45.8,123.67,634.92,256.70,SEARCH_Y
9.8884,1.7579,-0.1496,-0.3733,-0.07601,0.32917,-0.06458,0.00,-3.00,0.00,45.8,123.64,634.92,256.70,SEARCH_Y
9.8986,2.0179,0.6403,-1.1333,-0.08101,0.29917,-0.05458,0.00,-3.00,0.00,45.8,123.61,634.92,256.70,SEARCH_Y
9.9087,1.8779,0.1703,-0.6033,-0.07701,0.31017,-0.06558,0.00,-3.00,0.00,45.8,123.58,634.92,256.70,SEARCH_Y
9.9188,1.7779,0.7703,-0.8333,-0.09101,0.30917,-0.05458,0.00,-3.00,0.00,45.8,123.55,634.92,256.70,SEARCH_Y
9.9289,1.8079,0.9003,-1.0933,-0.07701,0.30517,-0.05558,0.00,-3.00,0.00,45.8,123.52,634.92,256.70,SEARCH_Y
9.9390,2.0179,0.7003,-1.1133,-0.06201,0.30617,-0.05758,0.00,-3.00,0.00,45.8,123.49,634.91,256.70,SEARCH_Y
9.9491,1.9379,0.3503,-0.8233,-0.06201,0.31317,-0.05958,0.00,-3.00,0.00,45.8,123.46,634.91,256.70,SEARCH_Y
9.9592,1.8479,0.2603,-0.5933,-0.05601,0.32217,-0.05958,0.00,-3.00,0.00,45.8,123.43,634.91,256.70,SEARCH_Y
9.9693,1.9179,0.5103,-0.8033,-0.06001,0.31317,-0.06158,0.00,-3.00,0.00,45.8,123.40,634.91,256.70,SEARCH_Y
9.9794,2.0979,0.0203,-0.7033,-0.04901,0.31317,-0.06158,0.00,-3.00,0.00,45.8,123.37,634.91,256.70,SEARCH_Y
9.9896,1.8079,0.3603,-0.9833,-0.06001,0.31317,-0.06158,0.00,-3.00,0.00,45.8,123.34,634.91,256.70,SEARCH_Y
9.9997,1.8979,0.7003,-0.9833,-0.04901,0.31817,-0.05758,0.00,-3.00,0.00,45.8,123.31,634.91,256.70,SEARCH_Y
10.0098,1.8379,0.1703,-0.9233,-0.07301,0.29917,-0.05958,0.00,-3.00,0.00,45.8,123.28,634.91,256.70,SEARCH_Y
10.0199,1.6479,0.3703,-0.7533,-0.08901,0.30617,-0.05958,0.00,-3.00,0.00,45.8,123.25,634.91,256.70,SEARCH_Y
10.0301,1.8179,0.6203,-1.0333,-0.07201,0.31117,-0.05558,0.00,-3.00,0.00,45.8,123.21,634.91,256.70,SEARCH_Y
10.0402,1.8379,0.4303,-0.9533,-0.05201,0.30617,-0.06058,0.00,-3.00,0.00,45.9,123.19,634.91,256.70,SEARCH_Y
10.0503,1.8179,0.6203,-0.8433,-0.07201,0.29917,-0.05558,0.00,-3.00,0.00,45.9,123.15,634.91,256.70,SEARCH_Y
10.0604,1.9479,0.4503,-0.8933,-0.07601,0.29517,-0.05358,0.00,-3.00,0.00,45.9,123.13,634.90,256.70,SEARCH_Y
10.0705,1.8979,0.4603,-0.6833,-0.07701,0.30017,-0.05458,0.00,-3.00,0.00,45.9,123.09,634.90,256.70,SEARCH_Y
10.0806,1.8979,0.4403,-0.6933,-0.05301,0.30817,-0.05558,0.00,-3.00,0.00,45.9,123.06,634.90,256.70,SEARCH_Y
10.0907,1.8879,0.6403,-0.9533,-0.06301,0.29517,-0.05658,0.00,-3.00,0.00,45.9,123.03,634.90,256.69,SEARCH_Y
10.1008,1.8679,0.4603,-0.7333,-0.07901,0.29017,-0.05958,0.00,-3.00,0.00,45.9,123.00,634.90,256.69,SEARCH_Y
10.1109,1.9279,0.6103,-1.1933,-0.05701,0.29217,-0.05558,0.00,-3.00,0.00,45.9,122.97,634.90,256.69,SEARCH_Y
10.1211,1.6679,0.3203,-0.6733,-0.06801,0.30517,-0.05958,0.00,-3.00,0.00,45.9,122.94,634.90,256.69,SEARCH_Y
10.1311,1.9079,0.4103,-0.8433,-0.06501,0.29517,-0.05658,0.00,-3.00,0.00,45.9,122.91,634.90,256.69,SEARCH_Y
10.1413,1.9579,0.7303,-1.1433,-0.06001,0.29317,-0.05658,0.00,-3.00,0.00,45.9,122.88,634.90,256.69,SEARCH_Y
10.1514,1.9879,0.8003,-1.2733,-0.06201,0.28517,-0.05358,0.00,-3.00,0.00,45.9,122.85,634.90,256.69,SEARCH_Y
10.1615,1.7379,0.1903,-0.9033,-0.06301,0.30117,-0.05758,0.00,-3.00,0.00,45.9,122.82,634.90,256.69,SEARCH_Y
10.1716,1.3879,0.8003,-0.8133,-0.08201,0.30617,-0.05558,0.00,-3.00,0.00,45.9,122.79,634.89,256.69,SEARCH_Y
10.1817,1.7579,0.3403,-0.6633,-0.07101,0.29817,-0.05158,0.00,-3.00,0.00,45.9,122.76,634.89,256.69,SEARCH_Y
10.1918,1.6579,0.3503,-0.7433,-0.07501,0.30017,-0.05758,0.00,-3.00,0.00,45.9,122.73,634.89,256.69,SEARCH_Y
10.2020,1.6579,0.5103,-0.8233,-0.06701,0.29617,-0.05558,0.00,-3.00,0.00,45.9,122.70,634.89,256.69,SEARCH_Y
10.2121,1.7979,0.2103,-0.7533,-0.06101,0.29817,-0.05758,0.00,-3.00,0.00,45.9,122.67,634.89,256.69,SEARCH_Y
10.2222,1.8179,0.3903,-0.8233,-0.06801,0.28617,-0.05458,0.00,-3.00,0.00,45.9,122.63,634.89,256.69,SEARCH_Y
10.2323,1.7579,0.5803,-0.9233,-0.06901,0.28917,-0.05558,0.00,-3.00,0.00,45.9,122.61,634.89,256.69,SEARCH_Y
10.2424,1.7779,0.2203,-0.6433,-0.05601,0.30117,-0.05558,0.00,-3.00,0.00,45.9,122.57,634.89,256.69,SEARCH_Y
10.2526,1.7979,0.1303,-0.6333,-0.04801,0.30217,-0.05658,0.00,-3.00,0.00,45.9,122.55,634.89,256.69,SEARCH_Y
10.2627,1.8079,0.4603,-0.7333,-0.06501,0.29717,-0.05758,0.00,-3.00,0.00,45.9,122.51,634.89,256.69,SEARCH_Y
10.2728,1.7579,0.3603,-0.8333,-0.05201,0.30217,-0.05258,0.00,-3.00,0.00,45.9,122.49,634.89,256.69,SEARCH_Y
10.2829,1.8579,0.5603,-0.6433,-0.04301,0.31517,-0.05358,0.00,-3.00,0.00,45.9,122.45,634.89,256.69,SEARCH_Y
10.2931,1.6479,0.2403,-0.9033,-0.06201,0.30317,-0.06058,0.00,-3.00,0.00,45.9,122.43,634.88,256.69,SEARCH_Y
10.3032,1.7679,0.6403,-0.7533,-0.06701,0.29817,-0.05558,0.00,-3.00,0.00,45.9,122.39,634.88,256.69,SEARCH_Y
10.3133,1.8079,0.4803,-1.1333,-0.06301,0.28617,-0.05758,0.00,-3.00,0.00,45.9,122.37,634.88,256.69,SEARCH_Y
10.3234,1.4879,0.2603,-0.7633,-0.06401,0.29917,-0.05458,0.00,-3.00,0.00,45.9,122.33,634.88,256.69,SEARCH_Y
10.3335,1.7379,0.2503,-0.5733,-0.05301,0.30017,-0.05658,0.00,-3.00,0.00,45.9,122.31,634.88,256.69,SEARCH_Y
10.3436,1.6279,0.6103,-0.8533,-0.08401,0.28217,-0.05058,0.00,-3.00,0.00,45.9,122.27,634.88,256.69,SEARCH_Y
10.3537,1.6279,0.3503,-0.5733,-0.06801,0.29017,-0.05558,0.00,-3.00,0.00,45.9,122.25,634.88,256.69,SEARCH_Y
10.3638,1.6679,0.2903,-0.8733,-0.05701,0.29017,-0.05358,0.00,-3.00,0.00,45.9,122.21,634.88,256.69,SEARCH_Y
10.3739,1.7179,0.4303,-0.8033,-0.05901,0.29117,-0.05158,0.00,-3.00,0.00,45.9,122.19,634.88,256.69,SEARCH_Y
10.3841,1.7379,0.4103,-0.9633,-0.06701,0.27617,-0.05158,0.00,-3.00,0.00,45.9,122.15,634.88,256.69,SEARCH_Y
10.3942,1.8179,0.4803,-0.6933,-0.05301,0.28817,-0.05158,0.00,-3.00,0.00,45.9,122.11,634.88,256.69,SEARCH_Y
10.4043,1.4579,0.2703,-0.5133,-0.06301,0.30317,-0.05358,0.00,-3.00,0.00,45.9,122.09,634.87,256.69,SEARCH_Y
10.4144,1.6979,0.6103,-0.9433,-0.06001,0.28917,-0.05158,0.00,-3.00,0.00,45.9,122.05,634.87,256.69,SEARCH_Y
10.4245,1.7379,0.5703,-1.1733,-0.06401,0.27917,-0.05558,0.00,-3.00,0.00,45.9,122.03,634.87,256.69,SEARCH_Y
10.4346,1.7879,0.2203,-0.5833,-0.06601,0.28317,-0.05558,0.00,-3.00,0.00,45.9,121.99,634.87,256.69,SEARCH_Y
10.4447,1.5679,0.3703,-0.9833,-0.07301,0.27917,-0.05158,0.00,-3.00,0.00,45.9,121.97,634.87,256.69,SEARCH_Y
10.4548,1.7079,0.4303,-0.7633,-0.05301,0.29217,-0.05358,0.00,-3.00,0.00,45.9,121.93,634.87,256.69,SEARCH_Y
10.4649,1.8879,0.6203,-1.0933,-0.04401,0.27917,-0.05258,0.00,-3.00,0.00,45.9,121.91,634.87,256.69,SEARCH_Y
10.4751,1.6379,0.3603,-0.9933,-0.06301,0.28217,-0.05258,0.00,-3.00,0.00,45.9,121.87,634.87,256.69,SEARCH_Y
10.4852,1.7779,0.5303,-0.9233,-0.06201,0.28117,-0.05158,0.00,-3.00,0.00,45.9,121.85,634.87,256.69,SEARCH_Y
10.4954,1.8279,0.4003,-0.9333,-0.05801,0.27817,-0.05358,0.00,-3.00,0.00,45.9,121.81,634.87,256.69,SEARCH_Y
10.5055,1.6479,0.6503,-0.9033,-0.05101,0.28517,-0.05258,0.00,-3.00,0.00,45.9,121.79,634.87,256.69,SEARCH_Y
10.5156,1.9379,0.3703,-0.7833,-0.03901,0.28217,-0.05458,0.00,-3.00,0.00,46.0,121.75,634.87,256.69,SEARCH_Y
10.5256,1.5879,0.5103,-0.9133,-0.06601,0.27217,-0.04758,0.00,-3.00,0.00,46.0,121.73,634.86,256.69,SEARCH_Y
10.5358,1.8379,0.4303,-0.6433,-0.04901,0.28117,-0.05258,0.00,-3.00,0.00,46.0,121.69,634.86,256.69,SEARCH_Y
10.5459,1.6979,0.2703,-0.5833,-0.04801,0.29317,-0.05458,0.00,-3.00,0.00,46.0,121.67,634.86,256.69,SEARCH_Y
10.5560,1.5279,0.5803,-0.9633,-0.08101,0.27517,-0.04858,0.00,-3.00,0.00,46.0,121.63,634.86,256.69,SEARCH_Y
10.5661,1.5979,0.4503,-1.2633,-0.05301,0.27617,-0.04958,0.00,-3.00,0.00,46.0,121.61,634.86,256.69,SEARCH_Y
10.5762,1.9279,0.0903,-0.5933,-0.05701,0.27617,-0.05358,0.00,-3.00,0.00,46.0,121.57,634.86,256.69,SEARCH_Y
10.5863,1.7479,0.7603,-1.2433,-0.06301,0.27017,-0.04858,0.00,-3.00,0.00,46.0,121.54,634.86,256.69,SEARCH_Y
10.5964,1.5979,0.9203,-1.1533,-0.06301,0.27517,-0.04758,0.00,-3.00,0.00,46.0,121.51,634.86,256.69,SEARCH_Y
10.6065,1.6779,0.3103,-0.6433,-0.06501,0.28217,-0.05458,0.00,-3.00,0.00,46.0,121.48,634.86,256.69,SEARCH_Y
10.6166,1.5679,0.5303,-0.7633,-0.06301,0.27617,-0.05058,0.00,-3.00,0.00,46.0,121.45,634.86,256.69,SEARCH_Y
10.6268,1.7079,0.2203,-0.5333,-0.05401,0.28217,-0.05258,0.00,-3.00,0.00,46.0,121.42,634.86,256.69,SEARCH_Y
10.6369,1.7479,0.6203,-1.0333,-0.05401,0.27417,-0.05158,0.00,-3.00,0.00,46.0,121.39,634.85,256.69,SEARCH_Y
10.6470,1.7079,0.2103,-0.4833,-0.07101,0.27517,-0.05658,0.00,-3.00,0.00,46.0,121.36,634.85,256.69,SEARCH_Y
10.6571,1.7879,0.3403,-0.9333,-0.06301,0.27117,-0.05258,0.00,-3.00,0.00,46.0,121.33,634.85,256.69,SEARCH_Y
10.6672,1.6579,0.1903,-0.9833,-0.07901,0.26217,-0.05258,0.00,-3.00,0.00,46.0,121.29,634.85,256.69,SEARCH_Y
10.6773,1.6979,0.4403,-0.6333,-0.05301,0.27817,-0.05658,0.00,-3.00,0.00,46.0,121.27,634.85,256.69,SEARCH_Y
10.6874,1.4879,0.7903,-0.8733,-0.07301,0.26817,-0.04958,0.00,-3.00,0.00,46.0,121.23,634.85,256.69,SEARCH_Y
10.6975,1.4579,0.8103,-0.8433,-0.07001,0.27117,-0.04758,0.00,-3.00,0.00,46.0,121.21,634.85,256.69,SEARCH_Y
10.7076,1.5379,0.6203,-1.0133,-0.06401,0.26517,-0.04858,0.00,-3.00,0.00,46.0,121.17,634.85,256.69,SEARCH_Y
10.7178,1.5579,0.4603,-0.8833,-0.06401,0.26417,-0.05158,0.00,-3.00,0.00,46.0,121.15,634.85,256.69,SEARCH_Y
10.7279,1.8379,0.1003,-0.6833,-0.04801,0.27917,-0.05458,0.00,-3.00,0.00,46.0,121.11,634.85,256.69,SEARCH_Y
10.7380,1.7879,0.0903,-0.5433,-0.04701,0.27617,-0.05358,0.00,-3.00,0.00,46.0,121.09,634.85,256.69,SEARCH_Y
10.7481,1.7079,0.2903,-0.6033,-0.04501,0.27817,-0.05058,0.00,-3.00,0.00,46.0,121.05,634.85,256.69,SEARCH_Y
10.7583,1.7879,0.2503,-0.5833,-0.03301,0.28217,-0.05058,0.00,-3.00,0.00,46.0,121.02,634.84,256.69,SEARCH_Y
10.7684,1.5779,0.4303,-0.6633,-0.08701,0.25617,-0.05358,0.00,-3.00,0.00,46.0,120.99,634.84,256.69,SEARCH_Y
10.7785,1.6579,0.6803,-1.2133,-0.05201,0.26117,-0.04758,0.00,-3.00,0.00,46.0,120.96,634.84,256.68,SEARCH_Y
10.7886,1.6479,0.1503,-0.7233,-0.06501,0.27617,-0.05358,0.00,-3.00,0.00,46.0,120.93,634.84,256.68,SEARCH_Y
10.7987,1.4179,0.5803,-0.9833,-0.08001,0.26317,-0.04958,0.00,-3.00,0.00,46.0,120.90,634.84,256.68,SEARCH_Y
10.8088,1.8179,-0.0396,-0.5733,-0.05501,0.27317,-0.05858,0.00,-3.00,0.00,46.0,120.87,634.84,256.68,SEARCH_Y
10.8189,1.6579,0.3503,-0.4533,-0.06601,0.27717,-0.05258,0.00,-3.00,0.00,46.0,120.84,634.84,256.68,SEARCH_Y
10.8291,1.6979,0.6703,-0.7733,-0.06301,0.26517,-0.05158,0.00,-3.00,0.00,46.0,120.81,634.84,256.68,SEARCH_Y
10.8392,1.7179,0.2603,-0.7233,-0.06301,0.26617,-0.05458,0.00,-3.00,0.00,46.0,120.78,634.84,256.68,SEARCH_Y
10.8493,1.8979,0.5703,-0.8933,-0.04401,0.27317,-0.05058,0.00,-3.00,0.00,46.0,120.75,634.84,256.68,SEARCH_Y
10.8595,1.5779,0.4603,-0.6033,-0.06001,0.26617,-0.05258,0.00,-3.00,0.00,46.0,120.72,634.84,256.68,SEARCH_Y
10.8696,1.6879,0.3403,-0.9333,-0.05501,0.27117,-0.04958,0.00,-3.00,0.00,46.1,120.69,634.83,256.68,SEARCH_Y
10.8797,1.6779,0.3903,-0.6733,-0.06101,0.26917,-0.05258,0.00,-3.00,0.00,46.1,120.66,634.83,256.68,SEARCH_Y
10.8898,1.6979,0.5003,-0.6933,-0.04801,0.27017,-0.05458,0.00,-3.00,0.00,46.1,120.63,634.83,256.68,SEARCH_Y
10.8999,1.7179,0.2403,-0.4433,-0.04801,0.27217,-0.04758,0.00,-3.00,0.00,46.1,120.60,634.83,256.68,SEARCH_Y
10.9100,1.5879,0.2903,-0.6133,-0.06401,0.26217,-0.05258,0.00,-3.00,0.00,46.1,120.57,634.83,256.68,SEARCH_Y
10.9201,1.5079,0.8303,-0.8533,-0.07801,0.26117,-0.04958,0.00,-3.00,0.00,46.1,120.54,634.83,256.68,SEARCH_Y
10.9302,1.5279,0.5103,-0.9833,-0.05101,0.26417,-0.04658,0.00,-3.00,0.00,46.1,120.50,634.83,256.68,SEARCH_Y
10.9403,1.7179,0.2103,-0.6433,-0.06701,0.25917,-0.05458,0.00,-3.00,0.00,46.1,120.48,634.83,256.68,SEARCH_Y
10.9504,1.7679,0.1803,-0.5533,-0.04501,0.27117,-0.05258,0.00,-3.00,0.00,46.1,120.44,634.83,256.68,SEARCH_Y
10.9606,1.6879,0.5703,-1.0433,-0.06201,0.25817,-0.05058,0.00,-3.00,0.00,46.1,120.42,634.83,256.68,SEARCH_Y
10.9707,1.4279,0.3003,-0.8233,-0.07201,0.27517,-0.05158,0.00,-3.00,0.00,46.1,120.38,634.83,256.68,SEARCH_Y
10.9808,1.5379,0.4403,-0.7633,-0.05401,0.26617,-0.04958,0.00,-3.00,0.00,46.1,120.36,634.82,256.68,SEARCH_Y
10.9909,1.7779,0.4503,-0.7433,-0.05901,0.26417,-0.05458,0.00,-3.00,0.00,46.1,120.32,634.82,256.68,SEARCH_Y
11.0010,1.5479,0.2903,-0.6933,-0.07201,0.26117,-0.05158,0.00,-3.00,0.00,46.1,120.30,634.82,256.68,SEARCH_Y
11.0111,1.5679,0.0603,-0.4033,-0.05401,0.27317,-0.05258,0.00,-3.00,0.00,46.1,120.26,634.82,256.68,SEARCH_Y
11.0212,1.5279,0.6003,-1.0333,-0.05101,0.26317,-0.05058,0.00,-3.00,0.00,46.1,120.24,634.82,256.68,SEARCH_Y
11.0313,1.7679,0.4903,-1.0133,-0.04101,0.26817,-0.04858,0.00,-3.00,0.00,46.1,120.20,634.82,256.68,SEARCH_Y
11.0414,1.6479,0.4003,-0.7233,-0.06001,0.25917,-0.05258,0.00,-3.00,0.00,46.1,120.18,634.82,256.68,SEARCH_Y
11.0516,1.6879,0.3703,-0.6933,-0.05801,0.26117,-0.05258,0.00,-3.00,0.00,46.1,120.14,634.82,256.68,SEARCH_Y
11.0617,1.4979,0.5003,-0.8033,-0.06001,0.26717,-0.04858,0.00,-3.00,0.00,46.1,120.11,634.82,256.68,SEARCH_Y
11.0719,1.6279,0.3803,-0.9633,-0.06101,0.26017,-0.04958,0.00,-3.00,0.00,46.1,120.08,634.82,256.68,SEARCH_Y
11.0820,1.5379,0.3903,-0.6633,-0.04901,0.26217,-0.05058,0.00,-3.00,0.00,46.1,120.05,634.82,256.68,SEARCH_Y
11.0921,1.5579,0.4403,-0.9033,-0.06001,0.26017,-0.04758,0.00,-3.00,0.00,46.1,120.02,634.82,256.68,SEARCH_Y
11.1022,1.5279,0.5603,-0.8833,-0.07201,0.25917,-0.04858,0.00,-3.00,0.00,46.1,119.98,634.81,256.68,SEARCH_Y
11.1123,1.6879,0.6103,-0.8833,-0.05501,0.26417,-0.05258,0.00,-3.00,0.00,46.1,119.96,634.81,256.68,SEARCH_Y
11.1224,1.6179,0.5003,-0.7733,-0.06301,0.26117,-0.05158,0.00,-3.00,0.00,46.1,119.92,634.81,256.68,SEARCH_Y
11.1325,1.5979,0.1203,-0.7333,-0.04601,0.26817,-0.05258,0.00,-3.00,0.00,46.1,119.90,634.81,256.68,SEARCH_Y
11.1426,1.5379,0.7103,-0.6433,-0.06201,0.27017,-0.05258,0.00,-3.00,0.00,46.1,119.86,634.81,256.68,SEARCH_Y
11.1527,1.4579,0.3503,-0.6933,-0.06401,0.25917,-0.05258,0.00,-3.00,0.00,46.2,119.84,634.81,256.68,SEARCH_Y
11.1629,1.6179,0.7003,-1.0133,-0.04901,0.26417,-0.04858,0.00,-3.00,0.00,46.2,119.80,634.81,256.68,SEARCH_Y
11.1730,1.7479,0.4603,-0.8033,-0.04801,0.24617,-0.04758,0.00,-3.00,0.00,46.2,119.78,634.81,256.68,SEARCH_Y
11.1831,1.6579,0.4303,-0.9333,-0.04801,0.25717,-0.04558,0.00,-3.00,0.00,46.2,119.74,634.81,256.68,SEARCH_Y
11.1932,1.5379,0.6103,-0.9233,-0.06401,0.25817,-0.04958,0.00,-3.00,0.00,46.2,119.72,634.81,256.68,SEARCH_Y
11.2033,1.5079,0.2903,-0.6033,-0.06201,0.25517,-0.04958,0.00,-3.00,0.00,46.2,119.68,634.81,256.68,SEARCH_Y
11.2134,1.5579,0.3403,-0.6533,-0.05001,0.26317,-0.04758,0.00,-3.00,0.00,46.2,119.66,634.80,256.68,SEARCH_Y
11.2235,1.5379,0.6503,-1.0133,-0.07401,0.25117,-0.04758,0.00,-3.00,0.00,46.2,119.62,634.80,256.68,SEARCH_Y
11.2336,1.5979,0.5703,-0.9933,-0.06701,0.25217,-0.04958,0.00,-3.00,0.00,46.2,119.60,634.80,256.68,SEARCH_Y
11.2437,1.3579,0.8203,-0.8633,-0.07401,0.26017,-0.04758,0.00,-3.00,0.00,46.2,119.56,634.80,256.68,SEARCH_Y
11.2538,1.5379,0.4203,-0.8433,-0.05301,0.25817,-0.05158,0.00,-3.00,0.00,46.2,119.54,634.80,256.68,SEARCH_Y
11.2639,1.3979,0.6403,-0.8533,-0.08001,0.25217,-0.04958,0.00,-3.00,0.00,46.2,119.50,634.80,256.68,SEARCH_Y
11.2741,1.5279,0.4803,-0.6233,-0.05501,0.25817,-0.04958,0.00,-3.00,0.00,46.2,119.48,634.80,256.68,SEARCH_Y
11.2842,1.5279,0.7303,-1.1233,-0.05201,0.25417,-0.04758,0.00,-3.00,0.00,46.2,119.44,634.80,256.68,SEARCH_Y
11.2943,1.4879,0.8303,-1.3633,-0.06301,0.24617,-0.04358,0.00,-3.00,0.00,46.2,119.40,634.80,256.68,SEARCH_Y
11.3044,1.6679,0.2803,-0.8133,-0.04801,0.25217,-0.05358,0.00,-3.00,0.00,46.2,119.38,634.80,256.68,SEARCH_Y
11.3145,1.5779,0.3303,-0.6633,-0.06001,0.25217,-0.04758,0.00,-3.00,0.00,46.2,119.34,634.80,256.68,SEARCH_Y
11.3246,1.7879,0.7303,-0.9133,-0.04301,0.25617,-0.05058,0.00,-3.00,0.00,46.2,119.32,634.80,256.68,SEARCH_Y
11.3347,1.5279,-0.0196,-0.5033,-0.06001,0.25917,-0.05258,0.00,-3.00,0.00,46.2,119.28,634.79,256.68,SEARCH_Y
11.3448,1.5679,0.3503,-0.6033,-0.04801,0.26817,-0.04758,0.00,-3.00,0.00,46.2,119.26,634.79,256.68,SEARCH_Y
11.3550,1.8579,0.7203,-0.9533,-0.06901,0.25317,-0.04958,0.00,-3.00,0.00,46.2,119.22,634.79,256.68,SEARCH_Y
11.3651,1.5179,0.7703,-1.0533,-0.08601,0.24317,-0.04658,0.00,-3.00,0.00,46.2,119.20,634.79,256.68,SEARCH_Y
11.3752,1.3479,0.9203,-0.8033,-0.10401,0.25417,-0.04358,0.00,-3.00,0.00,46.2,119.16,634.79,256.68,SEARCH_Y
11.3853,1.5279,0.4503,-0.5133,-0.09201,0.26317,-0.04758,0.00,-3.00,0.00,46.2,119.14,634.79,256.68,SEARCH_Y
11.3954,1.4479,0.8003,-0.7233,-0.10401,0.25317,-0.04158,0.00,-3.00,0.00,46.3,119.10,634.79,256.68,SEARCH_Y
11.4056,1.5179,0.4903,-0.6033,-0.09601,0.26417,-0.04258,0.00,-3.00,0.00,46.3,119.08,634.79,256.68,SEARCH_Y
11.4157,1.6179,0.9903,-0.8933,-0.09701,0.26217,-0.04058,0.00,-3.00,0.00,46.3,119.04,634.79,256.68,SEARCH_Y
11.4258,1.5179,0.9903,-0.9533,-0.11901,0.25717,-0.04058,0.00,-3.00,0.00,46.3,119.02,634.79,256.68,SEARCH_Y
11.4360,1.6079,0.6003,-0.8533,-0.10001,0.26817,-0.04458,0.00,-3.00,0.00,46.3,118.98,634.79,256.68,SEARCH_Y
11.4461,1.4279,1.0103,-0.7033,-0.14301,0.26017,-0.03758,0.00,-3.00,0.00,46.3,118.96,634.78,256.68,SEARCH_Y
11.4562,1.2679,0.6603,-0.7133,-0.14401,0.26117,-0.03758,0.00,-3.00,0.00,46.3,118.92,634.78,256.68,SEARCH_Y
11.4663,1.4479,0.7903,-0.2933,-0.14501,0.26817,-0.03958,0.00,-3.00,0.00,46.3,118.89,634.78,256.68,SEARCH_Y
11.4765,1.5279,1.2603,-0.7533,-0.14901,0.26217,-0.03358,0.00,-3.00,0.00,46.3,118.86,634.78,256.67,SEARCH_Y
11.4866,1.5679,0.9403,-0.6133,-0.15201,0.25617,-0.03358,0.00,-3.00,0.00,46.3,118.83,634.78,256.67,SEARCH_Y
11.4967,1.6279,1.0503,-0.6633,-0.15601,0.25917,-0.03258,0.00,-3.00,0.00,46.3,118.80,634.78,256.67,SEARCH_Y
11.5068,1.5779,1.2603,-0.7833,-0.16201,0.26117,-0.03558,0.00,-3.00,0.00,46.3,118.77,634.78,256.67,SEARCH_Y
11.5169,1.4879,0.8403,-0.3333,-0.15501,0.28217,-0.03558,0.00,-3.00,0.00,46.3,118.74,634.78,256.67,SEARCH_Y
11.5272,1.6979,1.1303,-0.5033,-0.16301,0.26417,-0.03158,0.00,-3.00,0.00,46.3,118.71,634.78,256.67,SEARCH_Y
11.5373,1.7179,1.4103,-1.0533,-0.19601,0.24317,-0.02858,0.00,-3.00,0.00,46.3,118.68,634.78,256.67,SEARCH_Y
11.5474,1.5579,1.4303,-0.7133,-0.18001,0.26217,-0.03058,0.00,-3.00,0.00,46.3,118.65,634.78,256.67,SEARCH_Y
11.5575,1.8679,0.8303,-0.3233,-0.17301,0.27117,-0.03458,0.00,-3.00,0.00,46.3,118.62,634.78,256.67,SEARCH_Y
11.5676,1.6779,1.4003,-0.7833,-0.20601,0.26917,-0.02958,0.00,-3.00,0.00,46.3,118.59,634.77,256.67,SEARCH_Y
11.5777,1.6879,1.3003,-0.5933,-0.18901,0.27817,-0.02958,0.00,-3.00,0.00,46.3,118.56,634.77,256.67,SEARCH_Y
11.5878,1.5979,1.6103,-0.8433,-0.23201,0.27117,-0.02658,0.00,-3.00,0.00,46.3,118.53,634.77,256.67,SEARCH_Y
11.5980,1.7879,1.4503,-0.5233,-0.22101,0.26917,-0.03058,0.00,-3.00,0.00,46.3,118.50,634.77,256.67,SEARCH_Y
11.6081,1.6879,1.3703,-0.3033,-0.21701,0.28317,-0.02958,0.00,-3.00,0.00,46.3,118.47,634.77,256.67,SEARCH_Y
11.6182,1.6479,1.7703,-0.6633,-0.23301,0.28117,-0.02258,0.00,-3.00,0.00,46.4,118.43,634.77,256.67,SEARCH_Y
11.6284,1.6779,1.6203,-0.5933,-0.24801,0.27417,-0.02658,0.00,-3.00,0.00,46.4,118.41,634.77,256.67,SEARCH_Y
11.6385,1.5879,1.4103,-0.4433,-0.25401,0.27817,-0.02558,0.00,-3.00,0.00,46.4,118.37,634.77,256.67,SEARCH_Y
11.6486,1.6879,1.6003,-0.5733,-0.25101,0.27517,-0.02158,0.00,-3.00,0.00,46.4,118.35,634.77,256.67,SEARCH_Y
11.6587,1.7979,1.7803,-0.8733,-0.25401,0.26717,-0.02058,0.00,-3.00,0.00,46.4,118.31,634.77,256.67,SEARCH_Y
11.6688,1.4979,1.6603,-0.7333,-0.27701,0.27017,-0.02258,0.00,-3.00,0.00,46.4,118.28,634.77,256.67,SEARCH_Y
11.6789,1.8879,1.5503,-0.5733,-0.26001,0.26817,-0.01858,0.00,-3.00,0.00,46.4,118.25,634.76,256.67,SEARCH_Y
11.6890,1.7179,1.8003,-0.6733,-0.26401,0.27917,-0.02058,0.00,-3.00,0.00,46.4,118.22,634.76,256.67,SEARCH_Y
11.6991,1.6379,1.6903,-0.3033,-0.28001,0.28017,-0.02358,0.00,-3.00,0.00,46.4,118.19,634.76,256.67,SEARCH_Y
11.7093,1.6779,1.7703,-0.5433,-0.29001,0.29017,-0.02458,0.00,-3.00,0.00,46.4,118.16,634.76,256.67,SEARCH_Y
11.7194,1.4779,1.8103,-0.4833,-0.29601,0.27917,-0.01758,0.00,-3.00,0.00,46.4,118.13,634.76,256.67,SEARCH_Y
11.7295,1.7979,2.1203,-1.0533,-0.30701,0.26817,-0.01558,0.00,-3.00,0.00,46.4,118.10,634.76,256.67,SEARCH_Y
11.7397,1.7879,1.8403,-0.2533,-0.31201,0.29017,-0.01458,0.00,-3.00,0.00,46.4,118.07,634.76,256.67,SEARCH_Y
11.7498,1.7379,2.1103,-0.7433,-0.31601,0.27317,-0.01658,0.00,-3.00,0.00,46.4,118.04,634.76,256.67,SEARCH_Y
11.7599,1.9079,1.7803,-0.3033,-0.30701,0.29717,-0.01458,0.00,-3.00,0.00,46.4,118.01,634.76,256.67,SEARCH_Y
11.7700,1.8479,1.8203,-0.5333,-0.30601,0.29217,-0.01858,0.00,-3.00,0.00,46.4,117.98,634.76,256.67,SEARCH_Y
11.7801,1.8479,2.0303,-0.8533,-0.32401,0.29217,-0.01358,0.00,-3.00,0.00,46.4,117.95,634.76,256.67,SEARCH_Y
11.7902,1.7179,1.5903,-0.3033,-0.33201,0.28817,-0.01558,0.00,-3.00,0.00,46.4,117.91,634.75,256.67,SEARCH_Y
11.8003,1.8879,1.8503,-0.5033,-0.33301,0.28917,-0.01158,0.00,-3.00,0.00,46.4,117.89,634.75,256.67,SEARCH_Y
11.8104,1.6679,2.0203,-0.6333,-0.35201,0.28717,-0.01358,0.00,-3.00,0.00,46.4,117.85,634.75,256.67,SEARCH_Y
11.8205,1.7679,2.6903,-0.8933,-0.35601,0.28517,-0.00658,0.00,-3.00,0.00,46.4,117.83,634.75,256.67,SEARCH_Y
11.8306,1.8479,1.9503,-0.4733,-0.35301,0.29017,-0.00958,0.00,-3.00,0.00,46.5,117.79,634.75,256.67,SEARCH_Y
11.8407,1.7979,2.1903,-0.6933,-0.36401,0.29017,-0.00958,0.00,-3.00,0.00,46.5,117.77,634.75,256.67,SEARCH_Y
11.8509,1.6679,2.2803,-0.6833,-0.36601,0.30017,-0.00658,0.00,-3.00,0.00,46.5,117.74,634.75,256.67,SEARCH_Y
11.8610,1.8879,2.3203,-0.6633,-0.36401,0.29017,-0.00758,0.00,-3.00,0.00,46.5,117.71,634.75,256.67,SEARCH_Y
11.8711,1.7379,2.3903,-0.3933,-0.37701,0.29617,-0.00658,0.00,-3.00,0.00,46.5,117.67,634.75,256.67,SEARCH_Y
11.8812,1.8879,2.5103,-0.8133,-0.38201,0.28717,-0.00758,0.00,-3.00,0.00,46.5,117.65,634.75,256.67,SEARCH_Y
11.8913,1.7479,2.7103,-0.6633,-0.39701,0.29017,-0.00458,0.00,-3.00,0.00,46.5,117.61,634.75,256.67,SEARCH_Y
11.9014,2.0179,1.9003,-0.4233,-0.39101,0.30017,-0.01358,0.00,-3.00,0.00,46.5,117.59,634.75,256.67,SEARCH_Y
11.9115,1.9379,2.0603,-0.3033,-0.40201,0.29517,-0.01158,0.00,-3.00,0.00,46.5,117.55,634.74,256.67,SEARCH_Y
11.9216,1.9979,2.2903,-0.4333,-0.38501,0.31717,-0.01158,0.00,-3.00,0.00,46.5,117.53,634.74,256.67,SEARCH_Y
11.9318,1.8679,2.4703,-0.7733,-0.40101,0.30217,-0.00558,0.00,-3.00,0.00,46.5,117.49,634.74,256.67,SEARCH_Y
11.9419,1.8279,2.5403,-0.5133,-0.40901,0.31117,-0.00958,0.00,-3.00,0.00,46.5,117.47,634.74,256.67,SEARCH_Y
11.9520,1.9679,2.2303,-0.4433,-0.39301,0.32217,-0.00758,0.00,-3.00,0.00,46.5,117.43,634.74,256.67,SEARCH_Y
11.9621,1.8979,2.7103,-0.8033,-0.40701,0.30817,-0.00158,0.00,-3.00,0.00,46.5,117.41,634.74,256.67,SEARCH_Y
11.9722,1.7879,2.7203,-0.3933,-0.42301,0.31417,-0.00658,0.00,-3.00,0.00,46.5,117.37,634.74,256.67,SEARCH_Y
11.9823,1.8279,2.8003,-0.9033,-0.41101,0.31717,-0.00658,0.00,-3.00,0.00,46.5,117.33,634.74,256.67,SEARCH_Y
11.9924,1.9079,2.7303,-0.9333,-0.43501,0.31117,-0.00758,0.00,-3.00,0.00,46.5,117.31,634.74,256.67,SEARCH_Y
12.0025,1.9279,2.3403,-0.4333,-0.41801,0.32817,-0.01158,0.00,-3.00,0.00,46.5,117.27,634.74,256.67,SEARCH_Y
12.0126,1.9479,2.3903,-0.6333,-0.41901,0.33017,-0.00958,0.00,-3.00,0.00,46.6,117.25,634.74,256.67,SEARCH_Y
12.0227,2.0679,2.5403,-0.6033,-0.42701,0.31617,-0.00958,0.00,-3.00,0.00,46.6,117.21,634.73,256.67,SEARCH_Y
12.0329,1.9779,2.7103,-0.8133,-0.44101,0.33017,-0.00858,0.00,-3.00,0.00,46.6,117.19,634.73,256.67,SEARCH_Y
12.0430,2.0779,2.9503,-0.7833,-0.44001,0.31917,-0.01158,0.00,-3.00,0.00,46.6,117.15,634.73,256.67,SEARCH_Y
12.0531,2.0979,2.9503,-0.9833,-0.44401,0.32017,-0.00858,0.00,-3.00,0.00,46.6,117.13,634.73,256.67,SEARCH_Y
12.0633,2.0979,2.5203,-0.3633,-0.44701,0.33417,-0.01058,0.00,-3.00,0.00,46.6,117.09,634.73,256.67,SEARCH_Y
12.0734,1.9979,2.7003,-0.4733,-0.45101,0.33817,-0.01258,0.00,-3.00,0.00,46.6,117.07,634.73,256.67,SEARCH_Y
12.0835,1.9679,2.9603,-0.8433,-0.45401,0.33517,-0.01358,0.00,-3.00,0.00,46.6,117.03,634.73,256.67,SEARCH_Y
12.0936,1.9179,2.7903,-0.4733,-0.47001,0.33517,-0.00958,0.00,-3.00,0.00,46.6,117.01,634.73,256.67,SEARCH_Y
12.1037,2.1979,2.7703,-0.5133,-0.46201,0.33617,-0.01158,0.00,-3.00,0.00,46.6,116.97,634.73,256.67,SEARCH_Y
12.1138,2.0779,2.9303,-0.7033,-0.45701,0.34517,-0.00958,0.00,-3.00,0.00,46.6,116.95,634.73,256.67,SEARCH_Y
12.1239,1.9579,2.8403,-0.4233,-0.47001,0.34817,-0.01158,0.00,-3.00,0.00,46.6,116.91,634.73,256.67,SEARCH_Y
12.1341,2.0179,2.8803,-0.7433,-0.47901,0.35417,-0.00658,0.00,-3.00,0.00,46.6,116.89,634.73,256.67,SEARCH_Y
12.1442,2.0779,3.0703,-0.8933,-0.47201,0.34717,-0.00758,0.00,-3.00,0.00,46.6,116.85,634.72,256.67,SEARCH_Y
12.1543,2.3079,2.8103,-0.6033,-0.44201,0.36117,-0.01258,0.00,-3.00,0.00,46.6,116.82,634.72,256.67,SEARCH_Y
12.1644,2.1579,2.9303,-0.8333,-0.46701,0.35717,-0.00958,0.00,-3.00,0.00,46.6,116.79,634.72,256.66,SEARCH_Y
12.1745,1.9279,3.0203,-0.4633,-0.49501,0.35817,-0.00858,0.00,-3.00,0.00,46.6,116.76,634.72,256.66,SEARCH_Y
12.1846,2.1479,2.7903,-0.5933,-0.48001,0.37117,-0.00958,0.00,-3.00,0.00,46.6,116.73,634.72,256.66,SEARCH_Y
12.1948,2.2179,3.0403,-0.7033,-0.49501,0.34817,-0.00758,0.00,-3.00,0.00,46.7,116.70,634.72,256.66,SEARCH_Y
12.2049,2.1779,2.7303,-0.6233,-0.48101,0.37017,-0.01158,0.00,-3.00,0.00,46.7,116.67,634.72,256.66,SEARCH_Y
12.2150,2.4779,2.7903,-0.5833,-0.48401,0.36517,-0.00658,0.00,-3.00,0.00,46.7,116.64,634.72,256.66,SEARCH_Y
12.2251,2.2679,2.9503,-0.6333,-0.51001,0.36617,-0.01058,0.00,-3.00,0.00,46.7,116.61,634.72,256.66,SEARCH_Y
12.2352,2.2379,3.1803,-1.0333,-0.49901,0.36017,-0.00358,0.00,-3.00,0.00,46.7,116.58,634.72,256.66,SEARCH_Y
12.2453,2.1579,3.0703,-0.8033,-0.50201,0.37817,-0.00858,0.00,-3.00,0.00,46.7,116.55,634.72,256.66,SEARCH_Y
12.2554,2.1479,2.7703,-0.5233,-0.51101,0.37317,-0.00758,0.00,-3.00,0.00,46.7,116.51,634.71,256.66,SEARCH_Y
12.2656,2.2579,2.9303,-0.5133,-0.48801,0.39217,-0.00858,0.00,-3.00,0.00,46.7,116.49,634.71,256.66,SEARCH_Y
12.2757,2.0379,3.3503,-0.8933,-0.53401,0.36417,-0.00658,0.00,-3.00,0.00,46.7,116.45,634.71,256.66,SEARCH_Y
12.2858,2.2479,3.1203,-1.0533,-0.51501,0.37617,-0.00758,0.00,-3.00,0.00,46.7,116.43,634.71,256.66,SEARCH_Y
12.2960,2.2279,3.3603,-0.9333,-0.52201,0.37417,-0.00658,0.00,-3.00,0.00,46.7,116.39,634.71,256.66,SEARCH_Y
12.3061,2.2479,3.1003,-0.5933,-0.53301,0.38117,-0.00958,0.00,-3.00,0.00,46.7,116.37,634.71,256.66,SEARCH_Y
12.3162,2.4079,3.3303,-0.6633,-0.50201,0.39517,-0.00558,0.00,-3.00,0.00,46.7,116.33,634.71,256.66,SEARCH_Y
12.3263,2.4979,3.2703,-1.0833,-0.52401,0.38017,-0.00758,0.00,-3.00,0.00,46.7,116.30,634.71,256.66,SEARCH_Y
12.3363,2.3279,2.7903,-0.4633,-0.53001,0.40617,-0.01058,0.00,-3.00,0.00,46.7,116.27,634.71,256.66,SEARCH_Y
12.3465,2.3679,3.2903,-0.9333,-0.52901,0.39217,-0.00558,0.00,-3.00,0.00,46.7,116.24,634.71,256.66,SEARCH_Y
12.3566,2.3579,3.0503,-0.4533,-0.51601,0.41917,-0.00958,0.00,-3.00,0.00,46.7,116.21,634.71,256.66,SEARCH_Y
12.3667,2.5779,3.0403,-0.5233,-0.50201,0.41817,-0.00858,0.00,-3.00,0.00,46.8,116.18,634.70,256.66,SEARCH_Y
12.3768,2.7079,3.2003,-0.9633,-0.52801,0.39217,-0.00358,0.00,-3.00,0.00,46.8,116.15,634.70,256.66,SEARCH_Y
12.3869,2.4579,3.2203,-0.5933,-0.52801,0.40717,-0.00258,0.00,-3.00,0.00,46.8,116.12,634.70,256.66,SEARCH_Y
12.3970,2.4579,3.0003,-0.8733,-0.53401,0.40817,-0.00558,0.00,-3.00,0.00,46.8,116.09,634.70,256.66,SEARCH_Y
12.4071,2.4379,3.4603,-0.9833,-0.52701,0.41317,-0.00858,0.00,-3.00,0.00,46.8,116.06,634.70,256.66,SEARCH_Y
12.4172,2.4479,3.0003,-0.8833,-0.52601,0.41117,-0.00158,0.00,-3.00,0.00,46.8,116.03,634.70,256.66,SEARCH_Y
12.4274,2.3379,3.4203,-0.8733,-0.53501,0.41817,0.00141,0.00,-3.00,0.00,46.8,116.00,634.70,256.66,SEARCH_Y
12.4375,2.2179,3.3203,-0.6733,-0.53201,0.43217,-0.00158,0.00,-3.00,0.00,46.8,115.97,634.70,256.66,SEARCH_Y
12.4476,2.4679,3.3103,-0.9333,-0.54201,0.41917,-0.00158,0.00,-3.00,0.00,46.8,115.94,634.70,256.66,SEARCH_Y
12.4577,2.4179,3.4603,-0.9333,-0.54401,0.42017,-0.00358,0.00,-3.00,0.00,46.8,115.91,634.70,256.66,SEARCH_Y
12.4678,2.7779,3.2503,-0.5533,-0.54301,0.42817,-0.00358,0.00,-3.00,0.00,46.8,115.88,634.70,256.66,SEARCH_Y
12.4779,2.6079,3.0603,-0.8333,-0.50101,0.44417,0.00741,0.00,-3.00,0.00,46.8,115.85,634.70,256.66,SEARCH_Y
12.4880,3.0479,1.2503,-1.3133,-0.18601,0.46317,0.10641,0.00,-3.00,0.00,46.8,115.82,634.69,256.66,SEARCH_Y
12.4981,2.7879,-0.0096,-1.5233,-0.01001,0.45717,0.02441,0.00,-3.00,0.00,46.8,115.79,634.69,256.66,SEARCH_Y
12.5082,2.4779,1.1403,-1.5033,-0.18801,0.47017,0.01141,0.00,-3.00,0.00,46.8,115.76,634.69,256.66,SEARCH_Y
12.5183,2.9279,0.4003,-1.6333,-0.18201,0.45717,0.09841,0.00,-3.00,0.00,46.9,115.72,634.69,256.66,SEARCH_Y
12.5284,2.9179,-0.7696,-1.2533,-0.08901,0.47517,0.00641,0.00,-3.00,0.00,46.9,115.70,634.69,256.66,SEARCH_Y
12.5385,2.3779,-0.2896,-1.9033,-0.08401,0.47517,0.02541,0.00,-3.00,0.00,46.9,115.66,634.69,256.66,SEARCH_Y
12.5486,2.6879,0.3603,-1.3533,-0.12801,0.47117,0.06941,0.00,-3.00,0.00,46.9,115.64,634.69,256.66,SEARCH_Y
12.5587,2.7479,-0.3396,-1.5533,-0.07901,0.46717,0.02641,0.00,-3.00,0.00,46.9,115.60,634.69,256.66,SEARCH_Y
12.5688,2.6479,0.2203,-1.4633,-0.03701,0.45617,0.03741,0.00,-3.00,0.00,46.9,115.58,634.69,256.66,SEARCH_Y
12.5790,2.4979,0.0703,-1.0233,-0.05101,0.45317,0.07541,0.00,-3.00,0.00,46.9,115.54,634.69,256.66,SEARCH_Y
12.5891,2.6979,0.0803,-1.0733,-0.06501,0.41917,0.04441,0.00,-3.00,0.00,46.9,115.52,634.69,256.66,SEARCH_Y
12.5992,2.3379,0.0803,-1.1733,-0.05001,0.42817,0.05641,0.00,-3.00,0.00,46.9,115.48,634.68,256.66,SEARCH_Y
12.6093,2.4679,0.3703,-1.3533,-0.06801,0.41117,0.06141,0.00,-3.00,0.00,46.9,115.46,634.68,256.66,SEARCH_Y
12.6194,2.0779,0.2203,-0.7433,-0.11401,0.42717,0.05241,0.00,-3.00,0.00,46.9,115.42,634.68,256.66,SEARCH_Y
12.6296,2.6079,0.8203,-1.3033,-0.09801,0.41517,0.05641,0.00,-3.00,0.00,46.9,115.40,634.68,256.66,SEARCH_Y
12.6397,2.5179,0.8703,-0.9633,-0.12901,0.42217,0.04941,0.00,-3.00,0.00,46.9,115.36,634.68,256.66,SEARCH_Y
12.6498,2.8379,0.3403,-0.9933,-0.10301,0.41917,0.04741,0.00,-3.00,0.00,46.9,115.34,634.68,256.66,SEARCH_Y
12.6599,2.3679,0.8403,-1.2533,-0.13001,0.41317,0.05041,0.00,-3.00,0.00,46.9,115.30,634.68,256.66,SEARCH_Y
12.6700,2.6379,0.6503,-1.3133,-0.11701,0.41717,0.04641,0.00,-3.00,0.00,46.9,115.27,634.68,256.66,SEARCH_Y
12.6801,2.3579,0.2403,-1.3733,-0.10501,0.40917,0.05441,0.00,-3.00,0.00,47.0,115.24,634.68,256.66,SEARCH_Y
12.6902,2.4679,0.0303,-1.2733,-0.06301,0.42117,0.04841,0.00,-3.00,0.00,47.0,115.21,634.68,256.66,SEARCH_Y
12.7003,2.5279,-0.1896,-0.8833,-0.07401,0.43217,0.04541,0.00,-3.00,0.00,47.0,115.18,634.68,256.66,SEARCH_Y
12.7104,2.6179,0.0903,-1.3733,-0.04401,0.41917,0.05641,0.00,-3.00,0.00,47.0,115.15,634.68,256.66,SEARCH_Y
12.7205,2.3479,0.4203,-1.6133,-0.03501,0.42617,0.05241,0.00,-3.00,0.00,47.0,115.12,634.67,256.66,SEARCH_Y
12.7306,2.5179,0.1503,-1.3333,-0.05301,0.41617,0.05441,0.00,-3.00,0.00,47.0,115.08,634.67,256.66,SEARCH_Y
12.7407,2.5179,0.3303,-1.1833,-0.04801,0.42017,0.05641,0.00,-3.00,0.00,47.0,115.06,634.67,256.66,SEARCH_Y
12.7509,2.2879,0.2603,-1.0133,-0.06901,0.41217,0.04341,0.00,-3.00,0.00,47.0,115.02,634.67,256.66,SEARCH_Y
12.7610,2.3779,0.6103,-1.2233,-0.09301,0.39217,0.05441,0.00,-3.00,0.00,47.0,115.00,634.67,256.66,SEARCH_Y
12.7711,2.5779,0.2203,-1.1033,-0.06301,0.41117,0.05141,0.00,-3.00,0.00,47.0,114.96,634.67,256.66,SEARCH_Y
12.7812,2.2979,0.2303,-1.0233,-0.10401,0.40117,0.04641,0.00,-3.00,0.00,47.0,114.94,634.67,256.66,SEARCH_Y
12.7913,2.4079,0.4503,-1.3733,-0.08701,0.40117,0.05241,0.00,-3.00,0.00,47.0,114.90,634.67,256.66,SEARCH_Y
12.8014,2.5079,0.2803,-1.1733,-0.10001,0.40717,0.04641,0.00,-3.00,0.00,47.0,114.88,634.67,256.66,SEARCH_Y
12.8115,2.4579,0.2803,-1.0133,-0.09701,0.40617,0.05041,0.00,-3.00,0.00,47.0,114.84,634.67,256.66,SEARCH_Y
12.8216,2.2079,0.2003,-1.0133,-0.09801,0.40417,0.04841,0.00,-3.00,0.00,47.1,114.82,634.67,256.66,SEARCH_Y
12.8318,2.2579,0.3003,-0.9933,-0.09001,0.41717,0.04941,0.00,-3.00,0.00,47.1,114.78,634.66,256.66,SEARCH_Y
12.8419,2.4779,0.1003,-0.8833,-0.09001,0.40117,0.04441,0.00,-3.00,0.00,47.1,114.76,634.66,256.66,SEARCH_Y
12.8520,2.1779,0.3803,-0.9433,-0.12501,0.39517,0.04941,0.00,-3.00,0.00,47.1,114.72,634.66,256.65,SEARCH_Y
12.8621,2.3379,0.2903,-1.0033,-0.08601,0.39717,0.04941,0.00,-3.00,0.00,47.1,114.70,634.66,256.65,SEARCH_Y
12.8722,2.4079,0.2203,-1.0333,-0.09401,0.39517,0.04541,0.00,-3.00,0.00,47.1,114.66,634.66,256.65,SEARCH_Y
12.8823,2.2379,0.5603,-1.2433,-0.10001,0.39217,0.04841,0.00,-3.00,0.00,47.1,114.62,634.66,256.65,SEARCH_Y
12.8924,2.2879,0.8103,-1.3633,-0.10901,0.39417,0.04941,0.00,-3.00,0.00,47.1,114.60,634.66,256.65,SEARCH_Y
12.9026,2.4279,0.9803,-1.5933,-0.11401,0.37517,0.04841,0.00,-3.00,0.00,47.1,114.56,634.66,256.65,SEARCH_Y
12.9127,2.3679,0.7103,-0.9633,-0.10801,0.38917,0.04641,0.00,-3.00,0.00,47.1,114.54,634.66,256.65,SEARCH_Y
12.9228,2.2079,0.6203,-1.3533,-0.09301,0.39517,0.04541,0.00,-3.00,0.00,47.1,114.50,634.66,256.65,SEARCH_Y
12.9329,2.4079,0.5403,-1.2433,-0.08101,0.39317,0.04841,0.00,-3.00,0.00,47.1,114.48,634.66,256.65,SEARCH_Y
12.9430,2.4479,0.6003,-1.2933,-0.08901,0.38917,0.05241,0.00,-3.00,0.00,47.1,114.44,634.65,256.65,SEARCH_Y
12.9532,2.3479,0.4003,-1.3633,-0.10101,0.37517,0.04841,0.00,-3.00,0.00,47.1,114.42,634.65,256.65,SEARCH_Y
12.9633,2.2179,0.3703,-1.1233,-0.10901,0.39817,0.04541,0.00,-3.00,0.00,47.2,114.38,634.65,256.65,SEARCH_Y
12.9734,2.4779,0.5503,-1.4433,-0.10101,0.38917,0.05041,0.00,-3.00,0.00,47.2,114.36,634.65,256.65,SEARCH_Y
12.9836,2.3279,0.6803,-1.5233,-0.09401,0.39317,0.04941,0.00,-3.00,0.00,47.2,114.32,634.65,256.65,SEARCH_Y
12.9936,2.1979,0.4803,-0.9433,-0.09401,0.40317,0.04541,0.00,-3.00,0.00,47.2,114.30,634.65,256.65,SEARCH_Y
13.0038,2.3679,0.2203,-1.2233,-0.09701,0.38317,0.04741,0.00,-3.00,0.00,47.2,114.26,634.65,256.65,SEARCH_Y
13.0139,2.2379,0.3503,-0.9733,-0.09301,0.39017,0.05241,0.00,-3.00,0.00,47.2,114.24,634.65,256.65,SEARCH_Y
13.0240,2.2279,0.6403,-1.1133,-0.09501,0.38717,0.04941,0.00,-3.00,0.00,47.2,114.20,634.65,256.65,SEARCH_Y
13.0341,2.2679,0.4103,-1.0533,-0.09501,0.39217,0.04541,0.00,-3.00,0.00,47.2,114.18,634.65,256.65,SEARCH_Y
13.0442,2.3279,0.6003,-1.2433,-0.10101,0.37917,0.05441,0.00,-3.00,0.00,47.2,114.14,634.65,256.65,SEARCH_Y
13.0543,2.2679,0.5403,-1.4833,-0.08101,0.39117,0.04841,0.00,-3.00,0.00,47.2,114.11,634.64,256.65,SEARCH_Y
13.0644,2.2979,0.3203,-0.8633,-0.09101,0.38917,0.04641,0.00,-3.00,0.00,47.2,114.08,634.64,256.65,SEARCH_Y
13.0746,2.1179,0.4403,-0.9633,-0.09501,0.38717,0.05241,0.00,-3.00,0.00,47.2,114.05,634.64,256.65,SEARCH_Y
13.0846,2.3379,0.6303,-1.0533,-0.09801,0.38617,0.04541,0.00,-3.00,0.00,47.2,114.02,634.64,256.65,SEARCH_Y
13.0947,2.0779,0.4303,-0.7533,-0.09101,0.39717,0.05041,0.00,-3.00,0.00,47.2,113.99,634.64,256.65,SEARCH_Y
13.1048,2.0879,0.4503,-1.0633,-0.07801,0.39317,0.05141,0.00,-3.00,0.00,47.3,113.96,634.64,256.65,SEARCH_Y
13.1150,2.4279,0.3503,-1.1033,-0.06901,0.38117,0.04941,0.00,-3.00,0.00,47.3,113.93,634.64,256.65,SEARCH_Y
13.1251,2.1679,0.3903,-1.2233,-0.05801,0.39617,0.05141,0.00,-3.00,0.00,47.3,113.90,634.64,256.65,SEARCH_Y
13.1352,2.3779,0.4203,-1.2233,-0.06601,0.39017,0.05341,0.00,-3.00,0.00,47.3,113.87,634.64,256.65,SEARCH_Y
13.1453,2.3279,0.4903,-1.1033,-0.07301,0.38117,0.05341,0.00,-3.00,0.00,47.3,113.84,634.64,256.65,SEARCH_Y
13.1554,2.1279,0.2803,-0.8133,-0.06701,0.39917,0.05141,0.00,-3.00,0.00,47.3,113.81,634.64,256.65,SEARCH_Y
13.1656,2.3679,0.2103,-1.1233,-0.04401,0.39217,0.04941,0.00,-3.00,0.00,47.3,113.78,634.64,256.65,SEARCH_Y
13.1757,2.2879,0.4303,-0.9833,-0.04401,0.38417,0.05441,0.00,-3.00,0.00,47.3,113.75,634.63,256.65,SEARCH_Y
13.1858,2.1979,0.3803,-1.2833,-0.06001,0.36017,0.05541,0.00,-3.00,0.00,47.3,113.72,634.63,256.65,SEARCH_Y
13.1960,1.9979,0.2903,-1.2433,-0.05401,0.37617,0.05641,0.00,-3.00,0.00,47.3,113.69,634.63,256.65,SEARCH_Y
13.2061,2.0579,0.2803,-1.0933,-0.04401,0.38017,0.05941,0.00,-3.00,0.00,47.3,113.66,634.63,256.65,SEARCH_Y
13.2162,2.3479,0.0503,-0.9333,-0.01801,0.38217,0.05141,0.00,-3.00,0.00,47.3,113.63,634.63,256.65,SEARCH_Y
13.2263,2.1479,-0.1496,-1.1233,-0.02701,0.37417,0.05341,0.00,-3.00,0.00,47.3,113.59,634.63,256.65,SEARCH_Y
13.2364,2.0479,0.0803,-1.0233,-0.04001,0.37517,0.05441,0.00,-3.00,0.00,47.4,113.57,634.63,256.65,SEARCH_Y
13.2465,2.3379,-0.5396,-0.7533,-0.01901,0.37417,0.04841,0.00,-3.00,0.00,47.4,113.53,634.63,256.65,SEARCH_Y
13.2566,2.1479,0.4303,-1.2133,-0.01601,0.37717,0.05941,0.00,-3.00,0.00,47.4,113.51,634.63,256.65,SEARCH_Y
13.2668,2.1479,-0.1796,-0.8333,-0.01601,0.37417,0.05641,0.00,-3.00,0.00,47.4,113.47,634.63,256.65,SEARCH_Y
13.2769,2.0779,0.0503,-1.0233,-0.01501,0.37617,0.05641,0.00,-3.00,0.00,47.4,113.44,634.63,256.65,SEARCH_Y
13.2870,2.0679,0.2503,-1.0733,-0.01001,0.36517,0.06141,0.00,-3.00,0.00,47.4,113.41,634.62,256.65,SEARCH_Y
13.2971,1.8679,0.1403,-0.7333,-0.01901,0.36617,0.06241,0.00,-3.00,0.00,47.4,113.38,634.62,256.65,SEARCH_Y
13.3072,2.1479,0.0303,-0.8333,-0.02001,0.35717,0.05741,0.00,-3.00,0.00,47.4,113.35,634.62,256.65,SEARCH_Y
13.3173,1.9879,0.4403,-1.3333,-0.02901,0.34917,0.06641,0.00,-3.00,0.00,47.4,113.32,634.62,256.65,SEARCH_Y
13.3274,2.1579,0.1803,-0.8033,0.00298,0.36817,0.05741,0.00,-3.00,0.00,47.4,113.29,634.62,256.65,SEARCH_Y
13.3375,2.2079,0.0203,-0.9133,-0.00201,0.35317,0.05941,0.00,-3.00,0.00,47.4,113.26,634.62,256.65,SEARCH_Y
13.3477,2.0379,-0.0496,-0.9533,-0.00601,0.36817,0.05241,0.00,-3.00,0.00,47.4,113.23,634.62,256.65,SEARCH_Y
13.3578,1.8979,0.2003,-0.9333,-0.02901,0.35317,0.06441,0.00,-3.00,0.00,47.4,113.20,634.62,256.65,SEARCH_Y
13.3679,2.0279,0.2303,-1.2933,-0.00601,0.34817,0.06241,0.00,-3.00,0.00,47.5,113.17,634.62,256.65,SEARCH_Y
13.3780,1.9479,0.0303,-1.0233,-0.01301,0.35617,0.05841,0.00,-3.00,0.00,47.5,113.13,634.62,256.65,SEARCH_Y
13.3881,2.0679,0.0203,-0.7133,0.00898,0.36017,0.06341,0.00,-3.00,0.00,47.5,113.11,634.62,256.65,SEARCH_Y
13.3982,1.9479,0.0103,-0.5233,0.01198,0.36217,0.06341,0.00,-3.00,0.00,47.5,113.08,634.62,256.65,SEARCH_Y
13.4083,2.0679,-0.2696,-0.7633,0.00698,0.34817,0.05941,0.00,-3.00,0.00,47.5,113.05,634.61,256.65,SEARCH_Y
13.4184,2.0079,0.3303,-1.2033,0.01598,0.32417,0.07541,0.00,-3.00,0.00,47.5,113.01,634.61,256.65,SEARCH_Y
13.4287,2.0079,0.0403,-0.8733,0.01098,0.34017,0.06041,0.00,-3.00,0.00,47.5,112.99,634.61,256.65,SEARCH_Y
13.4388,2.2479,0.0503,-0.6133,0.01998,0.34817,0.06841,0.00,-3.00,0.00,47.5,112.95,634.61,256.65,SEARCH_Y
13.4489,1.9779,-0.0896,-0.7433,0.03998,0.33717,0.07241,0.00,-3.00,0.00,47.5,112.93,634.61,256.65,SEARCH_Y
13.4590,1.9679,0.0003,-0.9733,0.02198,0.32017,0.05841,0.00,-3.00,0.00,47.5,112.89,634.61,256.65,SEARCH_Y
13.4691,1.8579,0.2503,-0.6033,0.00698,0.33917,0.07141,0.00,-3.00,0.00,47.5,112.87,634.61,256.65,SEARCH_Y
13.4793,1.8279,0.0503,-0.7033,0.00498,0.33317,0.06541,0.00,-3.00,0.00,47.5,112.83,634.61,256.65,SEARCH_Y
13.4894,2.0279,0.1703,-1.0333,0.00198,0.32417,0.06241,0.00,-3.00,0.00,47.6,112.81,634.61,256.65,SEARCH_Y
13.4995,1.8879,0.4503,-1.2033,-0.03201,0.31317,0.07241,0.00,-3.00,0.00,47.6,112.77,634.61,256.65,SEARCH_Y
13.5096,1.9779,0.1103,-0.6133,0.00198,0.32917,0.06141,0.00,-3.00,0.00,47.6,112.75,634.61,256.65,SEARCH_Y
13.5198,1.9179,-0.0196,-0.8033,-0.00901,0.32017,0.06141,0.00,-3.00,0.00,47.6,112.71,634.60,256.65,SEARCH_Y
13.5299,1.8479,0.1503,-0.7533,-0.01801,0.31117,0.06741,0.00,-3.00,0.00,47.6,112.69,634.60,256.65,SEARCH_Y
13.5400,1.7679,0.2103,-0.6933,0.01298,0.31417,0.07541,0.00,-3.00,0.00,47.6,112.65,634.60,256.64,SEARCH_Y
13.5501,1.8279,0.0703,-0.8133,0.03298,0.31017,0.06941,0.00,-3.00,0.00,47.6,112.63,634.60,256.64,SEARCH_Y
13.5602,1.7579,0.1903,-0.8833,0.00798,0.31017,0.07041,0.00,-3.00,0.00,47.6,112.59,634.60,256.64,SEARCH_Y
13.5703,1.8779,-0.2496,-0.6333,0.01498,0.30617,0.06541,0.00,-3.00,0.00,47.6,112.55,634.60,256.64,SEARCH_Y
13.5804,1.6479,0.3803,-0.7433,-0.01601,0.30817,0.05741,0.00,-3.00,0.00,47.6,112.53,634.60,256.64,SEARCH_Y
13.5905,1.7179,0.2003,-0.5033,-0.03201,0.31717,0.05541,0.00,-3.00,0.00,47.6,112.49,634.60,256.64,SEARCH_Y
13.6006,1.9479,0.1503,-0.5833,-0.02301,0.30917,0.04841,0.00,-3.00,0.00,47.6,112.47,634.60,256.64,SEARCH_Y
13.6108,1.9579,0.2903,-0.4633,-0.02001,0.31217,0.05441,0.00,-3.00,0.00,47.7,112.43,634.60,256.64,SEARCH_Y
13.6209,1.8379,0.4603,-0.5833,-0.04201,0.28917,0.05141,0.00,-3.00,0.00,47.7,112.41,634.60,256.64,SEARCH_Y
13.6310,1.8479,0.5003,-1.0533,-0.03401,0.29017,0.04941,0.00,-3.00,0.00,47.7,112.37,634.59,256.64,SEARCH_Y
13.6411,1.8479,0.1703,-0.8033,-0.02201,0.30117,0.05241,0.00,-3.00,0.00,47.7,112.35,634.59,256.64,SEARCH_Y
13.6513,1.5979,0.6203,-0.7333,-0.03601,0.30217,0.05841,0.00,-3.00,0.00,47.7,112.31,634.59,256.64,SEARCH_Y
13.6614,1.7979,0.5103,-0.7733,-0.04401,0.29717,0.05041,0.00,-3.00,0.00,47.7,112.29,634.59,256.64,SEARCH_Y
13.6715,1.7079,0.5403,-0.5833,-0.05301,0.30817,0.05141,0.00,-3.00,0.00,47.7,112.25,634.59,256.64,SEARCH_Y
13.6816,1.8379,0.5903,-0.4733,-0.05901,0.30617,0.04841,0.00,-3.00,0.00,47.7,112.23,634.59,256.64,SEARCH_Y
13.6917,1.9579,0.5303,-0.5033,-0.06701,0.30217,0.04041,0.00,-3.00,0.00,47.7,112.19,634.59,256.64,SEARCH_Y
13.7018,1.8079,0.7403,-0.3033,-0.07701,0.29817,0.04241,0.00,-3.00,0.00,47.7,112.17,634.59,256.64,SEARCH_Y
13.7119,1.5479,1.0703,-0.5833,-0.08601,0.30817,0.04241,0.00,-3.00,0.00,47.7,112.13,634.59,256.64,SEARCH_Y
13.7221,1.7979,0.8203,-0.3633,-0.08601,0.30617,0.03541,0.00,-3.00,0.00,47.7,112.11,634.59,256.64,SEARCH_Y
13.7322,1.7379,0.6803,-0.5833,-0.10201,0.29617,0.03541,0.00,-3.00,0.00,47.8,112.07,634.59,256.64,SEARCH_Y
13.7423,1.9079,0.5403,-0.4533,-0.10801,0.29517,0.02541,0.00,-3.00,0.00,47.8,112.05,634.59,256.64,SEARCH_Y
13.7524,1.6679,1.0903,-0.5933,-0.12301,0.28717,0.03241,0.00,-3.00,0.00,47.8,112.01,634.58,256.64,SEARCH_Y
13.7626,1.8179,0.9703,-0.6633,-0.09801,0.29917,0.03041,0.00,-3.00,0.00,47.8,111.98,634.58,256.64,SEARCH_Y
13.7727,1.7279,0.9603,-0.3633,-0.12601,0.28917,0.03041,0.00,-3.00,0.00,47.8,111.95,634.58,256.64,SEARCH_Y
13.7828,1.7879,0.8203,-0.2433,-0.10901,0.30317,0.02141,0.00,-3.00,0.00,47.8,111.92,634.58,256.64,SEARCH_Y
13.7929,1.7679,0.9203,-0.4433,-0.11101,0.29117,0.02141,0.00,-3.00,0.00,47.8,111.89,634.58,256.64,SEARCH_Y
13.8030,1.8179,0.6603,0.1466,-0.10101,0.30617,0.01041,0.00,-3.00,0.00,47.8,111.86,634.58,256.64,SEARCH_Y
13.8132,1.6779,0.7903,-0.3433,-0.11101,0.28017,0.01041,0.00,-3.00,0.00,47.8,111.83,634.58,256.64,SEARCH_Y
13.8233,1.6079,1.2303,-0.8133,-0.13401,0.26017,0.01041,0.00,-3.00,0.00,47.8,111.80,634.58,256.64,SEARCH_Y
13.8334,1.6779,1.0803,-0.4733,-0.10601,0.27217,-0.00058,0.00,-3.00,0.00,47.8,111.77,634.58,256.64,SEARCH_Y
13.8435,1.5979,0.6903,0.0266,-0.11001,0.27817,-0.00658,0.00,-3.00,0.00,47.9,111.74,634.58,256.64,SEARCH_Y
13.8536,1.6779,0.9203,-0.2733,-0.10001,0.25917,-0.01058,0.00,-3.00,0.00,47.9,111.71,634.58,256.64,SEARCH_Y
13.8638,1.7379,0.6303,0.0566,-0.07001,0.25717,-0.01258,0.00,-3.00,0.00,47.9,111.68,634.57,256.64,SEARCH_Y
13.8739,1.9379,0.5503,0.0366,-0.05501,0.25417,-0.01658,0.00,-3.00,0.00,47.9,111.65,634.57,256.64,SEARCH_Y
13.8840,1.3979,0.8103,-0.0833,-0.07901,0.24017,-0.01558,0.00,-3.00,0.00,47.9,111.61,634.57,256.64,SEARCH_Y
13.8941,1.4379,0.8703,-0.2533,-0.07201,0.24117,-0.01358,0.00,-3.00,0.00,47.9,111.59,634.57,256.64,SEARCH_Y
13.9042,1.5279,0.6003,0.4066,-0.05701,0.25017,-0.01558,0.00,-3.00,0.00,47.9,111.55,634.57,256.64,SEARCH_Y
13.9143,1.3979,1.0703,-0.2333,-0.06301,0.23817,-0.01358,0.00,-3.00,0.00,47.9,111.53,634.57,256.64,SEARCH_Y
13.9244,1.4579,0.6903,0.0466,-0.07501,0.23317,-0.01658,0.00,-3.00,0.00,47.9,111.49,634.57,256.64,SEARCH_Y
13.9345,1.3679,0.6003,0.0966,-0.07401,0.23517,-0.01358,0.00,-3.00,0.00,47.9,111.46,634.57,256.64,SEARCH_Y
13.9446,1.5879,0.6603,0.0066,-0.05501,0.23517,-0.01458,0.00,-3.00,0.00,47.9,111.43,634.57,256.64,SEARCH_Y
13.9547,1.4779,0.8403,0.0566,-0.05901,0.23717,-0.01458,0.00,-3.00,0.00,48.0,111.40,634.57,256.64,SEARCH_Y
13.9648,1.5179,0.5303,-0.0333,-0.06101,0.23017,-0.01458,0.00,-3.00,0.00,48.0,111.37,634.57,256.64,SEARCH_Y
13.9749,1.4679,0.8003,-0.0133,-0.05101,0.24217,-0.00858,0.00,-3.00,0.00,48.0,111.34,634.56,256.64,SEARCH_Y
13.9851,1.3179,1.0803,-0.2933,-0.06501,0.21717,-0.01058,0.00,-3.00,0.00,48.0,111.31,634.56,256.64,SEARCH_Y
13.9952,1.3579,0.8203,0.0266,-0.06101,0.22217,-0.01358,0.00,-3.00,0.00,48.0,111.28,634.56,256.64,SEARCH_Y
14.0053,1.4779,0.7703,-0.7033,-0.04101,0.22117,-0.01158,0.00,-3.00,0.00,48.0,111.25,634.56,256.64,SEARCH_Y
14.0154,1.3679,0.7503,-0.2733,-0.04601,0.23417,-0.01858,0.00,-3.00,0.00,48.0,111.22,634.56,256.64,SEARCH_Y
14.0255,1.5079,0.9603,-0.5233,-0.10301,0.21017,-0.01758,0.00,-3.00,0.00,48.0,111.19,634.56,256.64,SEARCH_Y
14.0356,1.4479,0.3603,0.1466,-0.08501,0.23917,-0.02058,0.00,-3.00,0.00,48.0,111.16,634.56,256.64,SEARCH_Y
14.0458,1.2579,1.0503,0.0366,-0.12001,0.23117,-0.02158,0.00,-3.00,0.00,48.0,111.13,634.56,256.64,SEARCH_Y
14.0558,1.2479,0.8703,0.2166,-0.12901,0.23017,-0.01658,0.00,-3.00,0.00,48.0,111.10,634.56,256.64,SEARCH_Y
14.0660,1.5079,1.2503,-0.2133,-0.11401,0.21717,-0.01658,0.00,-3.00,0.00,48.1,111.07,634.56,256.64,SEARCH_Y
14.0761,1.4179,0.7403,0.2966,-0.10001,0.23217,-0.01858,0.00,-3.00,0.00,48.1,111.04,634.56,256.64,SEARCH_Y
14.0862,1.3579,0.8403,0.2466,-0.11201,0.22717,-0.01658,0.00,-3.00,0.00,48.1,111.01,634.56,256.64,SEARCH_Y
14.0963,1.5079,0.8903,-0.0833,-0.09501,0.22517,-0.02158,0.00,-3.00,0.00,48.1,110.98,634.55,256.64,SEARCH_Y
14.1064,1.2679,1.1503,-0.2033,-0.13001,0.22017,-0.01558,0.00,-3.00,0.00,48.1,110.95,634.55,256.64,SEARCH_Y
14.1165,1.4779,1.4703,-0.1333,-0.12501,0.22717,-0.01658,0.00,-3.00,0.00,48.1,110.92,634.55,256.64,SEARCH_Y
14.1266,1.6979,1.0703,-0.0533,-0.11901,0.22517,-0.02158,0.00,-3.00,0.00,48.1,110.88,634.55,256.64,SEARCH_Y
14.1367,1.5079,1.3003,0.1966,-0.14001,0.22917,-0.01958,0.00,-3.00,0.00,48.1,110.86,634.55,256.64,SEARCH_Y
14.1468,1.3679,1.4103,-0.1033,-0.16701,0.22017,-0.01658,0.00,-3.00,0.00,48.1,110.82,634.55,256.64,SEARCH_Y
14.1569,1.2479,1.3003,0.0766,-0.17301,0.22917,-0.02058,0.00,-3.00,0.00,48.1,110.80,634.55,256.64,SEARCH_Y
14.1670,1.4979,1.2503,0.2266,-0.16901,0.23417,-0.02258,0.00,-3.00,0.00,48.1,110.76,634.55,256.64,SEARCH_Y
14.1772,1.6179,1.4103,0.2366,-0.17201,0.22917,-0.01958,0.00,-3.00,0.00,48.2,110.74,634.55,256.64,SEARCH_Y
14.1873,1.6579,0.8503,0.3866,-0.16101,0.23517,-0.02658,0.00,-3.00,0.00,48.2,110.70,634.55,256.64,SEARCH_Y
14.1974,1.3379,1.3503,0.1966,-0.18501,0.22817,-0.01958,0.00,-3.00,0.00,48.2,110.68,634.55,256.64,SEARCH_Y
14.2075,1.4679,1.2303,0.3166,-0.17401,0.24417,-0.01958,0.00,-3.00,0.00,48.2,110.64,634.54,256.64,SEARCH_Y
14.2176,1.3879,1.6903,0.1566,-0.18601,0.23717,-0.01858,0.00,-3.00,0.00,48.2,110.62,634.54,256.64,SEARCH_Y
14.2277,1.3379,1.3103,0.2966,-0.20001,0.22717,-0.02158,0.00,-3.00,0.00,48.2,110.58,634.54,256.64,SEARCH_Y
14.2378,1.5479,1.7403,-0.2433,-0.20001,0.23317,-0.02158,0.00,-3.00,0.00,48.2,110.56,634.54,256.63,SEARCH_Y
14.2479,1.4179,1.7603,0.0566,-0.21401,0.23517,-0.02758,0.00,-3.00,0.00,48.2,110.52,634.54,256.63,SEARCH_Y
14.2581,1.5279,1.2803,0.3666,-0.19201,0.23817,-0.03158,0.00,-3.00,0.00,48.2,110.50,634.54,256.63,SEARCH_Y
14.2682,1.6679,0.5203,0.1066,-0.03501,0.27617,-0.03458,0.00,-3.00,0.00,48.2,110.46,634.54,256.63,SEARCH_Y
14.2783,1.5479,0.3103,-0.1533,0.04298,0.26717,-0.02758,0.00,-3.00,0.00,48.2,110.44,634.54,256.63,SEARCH_Y
14.2884,1.2479,0.6403,0.0066,-0.02001,0.24117,-0.03158,0.00,-3.00,0.00,48.3,110.40,634.54,256.63,SEARCH_Y
14.2985,1.6679,-0.1996,-0.1833,0.09498,0.22317,0.03241,0.00,-3.00,0.00,48.3,110.36,634.54,256.63,SEARCH_Y
14.3086,0.9879,-0.0996,0.0466,0.10798,0.16517,0.04741,0.00,-3.00,0.00,48.3,110.34,634.54,256.63,SEARCH_Y
14.3187,0.5879,0.6803,0.0366,-0.01301,0.16717,0.03741,0.00,-3.00,0.00,48.3,110.30,634.53,256.63,SEARCH_Y
14.3289,1.1879,-0.3696,-0.0833,0.04398,0.19017,0.07541,0.00,-3.00,0.00,48.3,110.28,634.53,256.63,SEARCH_Y
14.3390,0.8079,-0.2396,0.0566,0.04398,0.17817,0.04841,0.00,-3.00,0.00,48.3,110.24,634.53,256.63,SEARCH_Y
14.3491,0.8279,0.1803,-0.0733,0.02898,0.16117,0.05441,0.00,-3.00,0.00,48.3,110.22,634.53,256.63,SEARCH_Y
14.3592,1.1579,0.1803,-0.0333,0.02898,0.16317,0.06141,0.00,-3.00,0.00,48.3,110.18,634.53,256.63,SEARCH_Y
14.3693,1.2279,-0.2096,-0.2733,0.09698,0.17417,0.05341,0.00,-3.00,0.00,48.3,110.16,634.53,256.63,SEARCH_Y
14.3794,1.1279,0.0803,-0.5033,0.09998,0.16617,0.05941,0.00,-3.00,0.00,48.3,110.12,634.53,256.63,SEARCH_Y
14.3895,1.0679,-0.4896,0.0766,0.09398,0.18417,0.06141,0.00,-3.00,0.00,48.4,110.10,634.53,256.63,SEARCH_Y
14.3997,0.9979,-0.0296,-0.4033,0.07298,0.16517,0.05641,0.00,-3.00,0.00,48.4,110.06,634.53,256.63,SEARCH_Y
14.4098,0.9479,0.0703,-0.4433,0.05498,0.17017,0.06141,0.00,-3.00,0.00,48.4,110.04,634.53,256.63,SEARCH_Y
14.4199,1.0779,-0.0196,0.0566,0.03998,0.16417,0.05141,0.00,-3.00,0.00,48.4,110.00,634.53,256.63,SEARCH_Y
14.4301,1.0079,0.4003,-0.3133,0.01398,0.16817,0.05041,0.00,-3.00,0.00,48.4,109.98,634.53,256.63,SEARCH_Y
14.4402,0.8879,0.4303,-0.0333,-0.00401,0.16917,0.04941,0.00,-3.00,0.00,48.4,109.94,634.52,256.63,SEARCH_Y
14.4503,0.8279,0.5003,-0.4533,-0.01701,0.16217,0.04541,0.00,-3.00,0.00,48.4,109.91,634.52,256.63,SEARCH_Y
14.4604,1.0279,-0.1196,0.3166,0.02198,0.18217,0.04441,0.00,-3.00,0.00,48.4,109.88,634.52,256.63,SEARCH_Y
14.4705,1.0679,0.1603,-0.0933,-0.01201,0.15517,0.04241,0.00,-3.00,0.00,48.4,109.85,634.52,256.63,SEARCH_Y
14.4806,1.1679,0.2803,-0.0833,0.00098,0.15717,0.04941,0.00,-3.00,0.00,48.4,109.82,634.52,256.63,SEARCH_Y
14.4908,0.9879,0.2703,0.0866,0.02898,0.18117,0.04741,0.00,-3.00,0.00,48.5,109.79,634.52,256.63,SEARCH_Y
14.5009,0.8879,0.8603,-0.4433,-0.00701,0.16217,0.04841,0.00,-3.00,0.00,48.5,109.76,634.52,256.63,SEARCH_Y
14.5110,0.8979,-0.0596,0.2166,-0.01101,0.17417,0.04541,0.00,-3.00,0.00,48.5,109.72,634.52,256.63,SEARCH_Y
14.5211,1.0179,0.3603,0.2066,-0.01301,0.17517,0.04541,0.00,-3.00,0.00,48.5,109.70,634.52,256.63,SEARCH_Y
14.5312,0.8979,0.3003,0.1566,-0.02501,0.16417,0.04441,0.00,-3.00,0.00,48.5,109.66,634.52,256.63,SEARCH_Y
14.5413,0.9879,0.5103,-0.0133,-0.03901,0.15917,0.04841,0.00,-3.00,0.00,48.5,109.64,634.52,256.63,SEARCH_Y
14.5514,0.9579,0.4203,-0.2233,0.00198,0.16817,0.04441,0.00,-3.00,0.00,48.5,109.60,634.51,256.63,SEARCH_Y
14.5616,0.8979,0.0803,0.0366,-0.01001,0.16517,0.04541,0.00,-3.00,0.00,48.5,109.58,634.51,256.63,SEARCH_Y
14.5717,0.9179,0.0003,0.2466,-0.01901,0.17017,0.03841,0.00,-3.00,0.00,48.5,109.54,634.51,256.63,SEARCH_Y
14.5818,0.8979,0.3703,0.0266,-0.00001,0.16717,0.04341,0.00,-3.00,0.00,48.5,109.52,634.51,256.63,SEARCH_Y
14.5920,0.9779,0.5503,-0.2633,-0.00501,0.15117,0.04541,0.00,-3.00,0.00,48.6,109.48,634.51,256.63,SEARCH_Y
14.6021,0.9979,0.2403,0.0366,0.00298,0.14717,0.04241,0.00,-3.00,0.00,48.6,109.46,634.51,256.63,SEARCH_Y
14.6122,1.0479,0.0903,0.0566,0.01398,0.15117,0.03941,0.00,-3.00,0.00,48.6,109.42,634.51,256.63,SEARCH_Y
14.6223,0.9179,0.2103,0.0466,0.00098,0.14917,0.04141,0.00,-3.00,0.00,48.6,109.40,634.51,256.63,SEARCH_Y
14.6324,0.9579,0.3203,-0.1533,0.00798,0.13817,0.04441,0.00,-3.00,0.00,48.6,109.36,634.51,256.63,SEARCH_Y
14.6425,0.7779,0.5203,-0.2433,0.00198,0.14717,0.04641,0.00,-3.00,0.00,48.6,109.33,634.51,256.63,SEARCH_Y
14.6527,0.9379,0.3903,-0.1133,0.00698,0.15717,0.04441,0.00,-3.00,0.00,48.6,109.30,634.51,256.63,SEARCH_Y
14.6628,1.3179,0.4403,-0.3533,0.00798,0.15017,0.04341,0.00,-3.00,0.00,48.6,109.27,634.50,256.63,SEARCH_Y
14.6729,0.9079,0.3303,0.0966,-0.01501,0.15317,0.04441,0.00,-3.00,0.00,48.6,109.24,634.50,256.63,SEARCH_Y
14.6830,0.7879,0.1503,0.3866,-0.01901,0.16817,0.04041,0.00,-3.00,0.00,48.7,109.21,634.50,256.63,SEARCH_Y
14.6931,0.8779,0.3803,0.1366,-0.00701,0.16717,0.04541,0.00,-3.00,0.00,48.7,109.18,634.50,256.63,SEARCH_Y
14.7032,1.0179,0.2803,0.2466,0.01098,0.16917,0.04541,0.00,-3.00,0.00,48.7,109.15,634.50,256.63,SEARCH_Y
14.7133,1.0179,0.1803,0.2166,-0.00601,0.16617,0.04141,0.00,-3.00,0.00,48.7,109.12,634.50,256.63,SEARCH_Y
14.7235,1.0779,0.3803,0.1166,0.00698,0.15717,0.04341,0.00,-3.00,0.00,48.7,109.09,634.50,256.63,SEARCH_Y
14.7336,0.8279,0.3303,0.0266,0.00698,0.16917,0.04241,0.00,-3.00,0.00,48.7,109.06,634.50,256.63,SEARCH_Y
14.7437,0.9979,0.3503,0.0166,0.01198,0.16417,0.04341,0.00,-3.00,0.00,48.7,109.03,634.50,256.63,SEARCH_Y
14.7539,1.0579,0.4203,-0.1533,0.00698,0.16417,0.04141,0.00,-3.00,0.00,48.7,109.00,634.50,256.63,SEARCH_Y
14.7640,1.1779,0.2303,0.0666,0.00598,0.16217,0.04041,0.00,-3.00,0.00,48.7,108.97,634.50,256.63,SEARCH_Y
14.7741,0.9779,0.9003,-0.3933,-0.01201,0.15917,0.04641,0.00,-3.00,0.00,48.7,108.94,634.50,256.63,SEARCH_Y
14.7842,0.9779,0.4003,-0.0433,-0.01701,0.16017,0.04141,0.00,-3.00,0.00,48.8,108.91,634.49,256.63,SEARCH_Y
14.7943,0.9079,0.5903,-0.0333,-0.01101,0.16117,0.04141,0.00,-3.00,0.00,48.8,108.88,634.49,256.63,SEARCH_Y
14.8044,1.1279,0.3703,-0.1533,-0.00801,0.16717,0.04241,0.00,-3.00,0.00,48.8,108.85,634.49,256.63,SEARCH_Y
14.8146,1.0479,0.4903,0.1866,-0.00201,0.17217,0.04141,0.00,-3.00,0.00,48.8,108.81,634.49,256.63,SEARCH_Y
14.8247,1.0379,0.7003,0.0366,-0.01401,0.15217,0.04341,0.00,-3.00,0.00,48.8,108.79,634.49,256.63,SEARCH_Y
14.8348,1.1479,0.3003,-0.0033,0.00498,0.16617,0.04041,0.00,-3.00,0.00,48.8,108.75,634.49,256.63,SEARCH_Y
14.8449,1.0879,-0.0896,0.2266,0.00398,0.16717,0.03741,0.00,-3.00,0.00,48.8,108.73,634.49,256.63,SEARCH_Y
14.8550,1.1379,0.5503,-0.1833,0.01098,0.16117,0.04241,0.00,-3.00,0.00,48.8,108.69,634.49,256.63,SEARCH_Y
14.8651,1.1679,0.3703,-0.2733,-0.00301,0.15417,0.04241,0.00,-3.00,0.00,48.8,108.67,634.49,256.63,SEARCH_Y
14.8752,0.9079,0.5503,-0.1533,0.00498,0.16817,0.03941,0.00,-3.00,0.00,48.9,108.63,634.49,256.63,SEARCH_Y
14.8853,0.9579,0.5203,-0.1433,-0.02201,0.15517,0.04341,0.00,-3.00,0.00,48.9,108.61,634.49,256.63,SEARCH_Y
14.8955,1.0879,0.4903,-0.2933,0.00398,0.16117,0.04041,0.00,-3.00,0.00,48.9,108.57,634.48,256.63,SEARCH_Y
14.9056,1.1679,0.3403,-0.0133,0.00398,0.15517,0.04041,0.00,-3.00,0.00,48.9,108.55,634.48,256.63,SEARCH_Y
14.9157,1.1379,0.3903,-0.0933,-0.00601,0.15617,0.03941,0.00,-3.00,0.00,48.9,108.51,634.48,256.63,SEARCH_Y
14.9258,1.1779,0.1803,0.2766,0.00598,0.17317,0.03641,0.00,-3.00,0.00,48.9,108.49,634.48,256.62,SEARCH_Y
14.9359,1.0379,0.3503,-0.2433,0.00998,0.16417,0.03841,0.00,-3.00,0.00,48.9,108.45,634.48,256.62,SEARCH_Y
14.9460,1.0379,0.2603,-0.1233,-0.01801,0.15917,0.03841,0.00,-3.00,0.00,48.9,108.42,634.48,256.62,SEARCH_Y
14.9561,1.2979,0.5203,-0.0433,-0.00001,0.15617,0.03841,0.00,-3.00,0.00,48.9,108.39,634.48,256.62,SEARCH_Y
14.9663,0.9579,0.7203,-0.0133,-0.02201,0.15917,0.04041,0.00,-3.00,0.00,48.9,108.36,634.48,256.62,SEARCH_Y
14.9764,1.1879,0.3103,0.2266,-0.00101,0.16217,0.03941,0.00,-3.00,0.00,49.0,108.33,634.48,256.62,SEARCH_Y
14.9865,0.8979,0.1403,0.1066,-0.02101,0.15817,0.03741,0.00,-3.00,0.00,49.0,108.29,634.48,256.62,SEARCH_Y
14.9967,1.1979,0.1903,0.0266,0.00798,0.16517,0.03541,0.00,-3.00,0.00,49.0,108.27,634.48,256.62,SEARCH_Y
15.0068,1.0279,0.1203,0.3966,-0.00501,0.16117,0.03641,0.00,-3.00,0.00,49.0,108.23,634.47,256.62,SEARCH_Y
15.0169,1.0279,0.2203,0.0566,-0.01001,0.15517,0.03741,0.00,-3.00,0.00,49.0,108.21,634.47,256.62,SEARCH_Y
15.0270,0.7579,0.6403,-0.1633,-0.01301,0.16017,0.03841,0.00,-3.00,0.00,49.0,108.17,634.47,256.62,SEARCH_Y
15.0371,1.1379,0.1903,-0.1333,0.01498,0.16817,0.03441,0.00,-3.00,0.00,49.0,108.15,634.47,256.62,SEARCH_Y
15.0472,1.0679,0.4403,-0.1733,-0.01601,0.14417,0.04441,0.00,-3.00,0.00,49.0,108.11,634.47,256.62,SEARCH_Y
15.0573,1.0179,0.1903,0.2366,-0.01601,0.16217,0.03741,0.00,-3.00,0.00,49.0,108.09,634.47,256.62,SEARCH_Y
15.0675,1.1579,0.6603,-0.1533,-0.02001,0.14717,0.04241,0.00,-3.00,0.00,49.1,108.05,634.47,256.62,SEARCH_Y
15.0776,1.0979,0.6403,0.1066,-0.01001,0.15517,0.04141,0.00,-3.00,0.00,49.1,108.03,634.47,256.62,SEARCH_Y
15.0877,0.8779,0.1903,0.2366,-0.00801,0.17117,0.03641,0.00,-3.00,0.00,49.1,107.99,634.47,256.62,SEARCH_Y
15.0978,1.0779,0.4003,-0.2433,0.00898,0.16217,0.03941,0.00,-3.00,0.00,49.1,107.97,634.47,256.62,SEARCH_Y
15.1079,0.9179,0.3403,0.1266,-0.02301,0.16117,0.03841,0.00,-3.00,0.00,49.1,107.93,634.47,256.62,SEARCH_Y
15.1181,1.2079,0.4403,-0.2933,0.00498,0.16017,0.03741,0.00,-3.00,0.00,49.1,107.91,634.47,256.62,SEARCH_Y
15.1282,0.9579,0.3203,-0.1333,-0.00501,0.16317,0.03541,0.00,-3.00,0.00,49.1,107.87,634.46,256.62,SEARCH_Y
15.1383,0.8579,0.5803,-0.0033,-0.02001,0.16217,0.04141,0.00,-3.00,0.00,49.1,107.85,634.46,256.62,SEARCH_Y
15.1484,0.7579,0.1903,0.0966,-0.00601,0.17317,0.03541,0.00,-3.00,0.00,49.1,107.81,634.46,256.62,SEARCH_Y
15.1585,0.8979,0.3103,0.2266,-0.01301,0.16617,0.03941,0.00,-3.00,0.00,49.2,107.77,634.46,256.62,SEARCH_Y
15.1686,1.2579,0.6703,-0.1433,-0.00201,0.16017,0.03641,0.00,-3.00,0.00,49.2,107.75,634.46,256.62,SEARCH_Y
15.1787,0.9379,0.3303,-0.0733,-0.01201,0.16017,0.03741,0.00,-3.00,0.00,49.2,107.71,634.46,256.62,SEARCH_Y
15.1888,1.2379,0.2903,0.0666,0.01398,0.16217,0.03741,0.00,-3.00,0.00,49.2,107.69,634.46,256.62,SEARCH_Y
15.1990,0.9779,0.3103,-0.0633,-0.00901,0.16417,0.03441,0.00,-3.00,0.00,49.2,107.65,634.46,256.62,SEARCH_Y
15.2091,0.9979,0.1603,0.1866,0.00598,0.17017,0.03641,0.00,-3.00,0.00,49.2,107.63,634.46,256.62,SEARCH_Y
15.2192,0.9879,0.4903,0.0566,-0.00401,0.16217,0.03741,0.00,-3.00,0.00,49.2,107.59,634.46,256.62,SEARCH_Y
15.2293,1.0879,0.2503,-0.2033,0.00998,0.15517,0.03941,0.00,-3.00,0.00,49.2,107.57,634.46,256.62,SEARCH_Y
15.2394,0.9979,0.3303,-0.1333,-0.00201,0.15617,0.03941,0.00,-3.00,0.00,49.2,107.53,634.45,256.62,SEARCH_Y
15.2495,0.8479,0.6403,-0.1933,-0.02201,0.16017,0.04041,0.00,-3.00,0.00,49.3,107.51,634.45,256.62,SEARCH_Y
15.2596,1.0079,0.7503,-0.3533,-0.00601,0.15417,0.03841,0.00,-3.00,0.00,49.3,107.47,634.45,256.62,SEARCH_Y
15.2697,0.9279,0.5503,-0.1833,-0.02201,0.15517,0.03441,0.00,-3.00,0.00,49.3,107.45,634.45,256.62,SEARCH_Y
15.2798,0.9179,0.3803,-0.0433,-0.03001,0.14717,0.04041,0.00,-3.00,0.00,49.3,107.41,634.45,256.62,SEARCH_Y
15.2899,0.8879,0.4603,-0.1033,-0.01601,0.15817,0.03941,0.00,-3.00,0.00,49.3,107.39,634.45,256.62,SEARCH_Y
15.3001,1.0579,0.5603,-0.3333,-0.01401,0.15617,0.03941,0.00,-3.00,0.00,49.3,107.35,634.45,256.62,SEARCH_Y
15.3102,1.0279,0.3003,-0.2333,-0.02201,0.14817,0.03641,0.00,-3.00,0.00,49.3,107.33,634.45,256.62,SEARCH_Y
15.3203,0.7679,0.1203,0.1166,-0.01901,0.17217,0.03641,0.00,-3.00,0.00,49.3,107.29,634.45,256.62,SEARCH_Y
15.3305,0.8879,0.2703,-0.0633,-0.01201,0.16617,0.03941,0.00,-3.00,0.00,49.3,107.26,634.45,256.62,SEARCH_Y
15.3406,1.1279,0.2503,0.2166,-0.01401,0.15917,0.03641,0.00,-3.00,0.00,49.4,107.23,634.45,256.62,SEARCH_Y
15.3507,0.9979,0.4903,-0.1533,-0.01801,0.15617,0.03941,0.00,-3.00,0.00,49.4,107.20,634.44,256.62,SEARCH_Y
15.3608,0.9979,0.5803,-0.3633,-0.02701,0.14617,0.03941,0.00,-3.00,0.00,49.4,107.17,634.44,256.62,SEARCH_Y
15.3709,1.0279,0.2903,0.0666,-0.01601,0.15317,0.03741,0.00,-3.00,0.00,49.4,107.14,634.44,256.62,SEARCH_Y
15.3810,0.9779,0.3403,-0.0733,0.00698,0.16417,0.03741,0.00,-3.00,0.00,49.4,107.11,634.44,256.62,SEARCH_Y
15.3911,1.0579,0.5903,0.0366,-0.00901,0.15417,0.03741,0.00,-3.00,0.00,49.4,107.08,634.44,256.62,SEARCH_Y
15.4012,0.9179,0.4003,0.0866,-0.02101,0.15617,0.03941,0.00,-3.00,0.00,49.4,107.05,634.44,256.62,SEARCH_Y
15.4114,1.1479,0.5003,0.1266,-0.01101,0.14717,0.03741,0.00,-3.00,0.00,49.4,107.02,634.44,256.62,SEARCH_Y
15.4215,0.8479,0.5203,-0.0633,-0.01301,0.16617,0.03741,0.00,-3.00,0.00,49.4,106.99,634.44,256.62,SEARCH_Y
15.4316,0.9679,0.3903,0.1766,-0.00801,0.16417,0.03341,0.00,-3.00,0.00,49.5,106.96,634.44,256.62,SEARCH_Y
15.4417,1.1479,0.7803,-0.2033,-0.01501,0.15217,0.03741,0.00,-3.00,0.00,49.5,106.93,634.44,256.62,SEARCH_Y
15.4518,1.0579,0.3503,-0.0733,-0.03001,0.15317,0.03641,0.00,-3.00,0.00,49.5,106.90,634.44,256.62,SEARCH_Y
15.4619,0.8679,0.6803,-0.4933,-0.03201,0.14917,0.03941,0.00,-3.00,0.00,49.5,106.87,634.44,256.62,SEARCH_Y
15.4720,0.9079,0.5403,-0.0033,-0.00601,0.16117,0.03841,0.00,-3.00,0.00,49.5,106.84,634.43,256.62,SEARCH_Y
15.4821,1.0279,0.6803,0.0066,-0.01701,0.16417,0.03641,0.00,-3.00,0.00,49.5,106.81,634.43,256.62,SEARCH_Y
15.4923,1.1779,0.5003,-0.0733,-0.00401,0.16217,0.03541,0.00,-3.00,0.00,49.5,106.78,634.43,256.62,SEARCH_Y
15.5024,1.0879,0.3903,-0.0833,0.00698,0.16117,0.03641,0.00,-3.00,0.00,49.5,106.75,634.43,256.62,SEARCH_Y
15.5125,0.9579,0.4703,-0.1133,-0.01601,0.15417,0.03441,0.00,-3.00,0.00,49.6,106.72,634.43,256.62,SEARCH_Y
15.5226,0.9679,0.2103,0.0466,-0.00801,0.16317,0.03541,0.00,-3.00,0.00,49.6,106.68,634.43,256.62,SEARCH_Y
15.5327,1.0579,0.3403,0.0666,-0.00501,0.15917,0.03241,0.00,-3.00,0.00,49.6,106.66,634.43,256.62,SEARCH_Y
15.5428,1.1179,0.0903,0.3966,-0.00101,0.16617,0.03341,0.00,-3.00,0.00,49.6,106.62,634.43,256.62,SEARCH_Y
15.5529,1.1079,0.5703,-0.2933,-0.00501,0.15317,0.03641,0.00,-3.00,0.00,49.6,106.60,634.43,256.62,SEARCH_Y
15.5631,1.2279,0.7403,-0.1233,-0.01401,0.15217,0.03641,0.00,-3.00,0.00,49.6,106.56,634.43,256.62,SEARCH_Y
15.5732,0.8879,0.2603,0.0766,-0.02701,0.15917,0.03141,0.00,-3.00,0.00,49.6,106.53,634.43,256.62,SEARCH_Y
15.5833,0.9079,0.6303,0.0566,-0.01301,0.15917,0.03741,0.00,-3.00,0.00,49.6,106.50,634.42,256.62,SEARCH_Y
15.5934,0.8779,0.2803,0.2966,-0.00801,0.16517,0.03441,0.00,-3.00,0.00,49.6,106.47,634.42,256.62,SEARCH_Y
15.6035,0.9079,0.0703,0.1566,0.00198,0.17517,0.03241,0.00,-3.00,0.00,49.7,106.44,634.42,256.62,SEARCH_Y
15.6136,1.1379,0.4703,-0.1133,-0.01101,0.15717,0.03341,0.00,-3.00,0.00,49.7,106.41,634.42,256.61,SEARCH_Y
15.6237,1.0479,0.4603,0.1366,-0.01201,0.16717,0.03241,0.00,-3.00,0.00,49.7,106.38,634.42,256.61,SEARCH_Y
15.6338,1.0479,0.2603,-0.0033,-0.02601,0.14817,0.03441,0.00,-3.00,0.00,49.7,106.35,634.42,256.61,SEARCH_Y
15.6439,0.9879,0.6403,0.0666,-0.01701,0.16117,0.03541,0.00,-3.00,0.00,49.7,106.32,634.42,256.61,SEARCH_Y
15.6541,0.9979,0.5803,-0.0533,-0.00401,0.16117,0.03841,0.00,-3.00,0.00,49.7,106.29,634.42,256.61,SEARCH_Y
15.6642,0.9579,0.3703,-0.0133,-0.00901,0.16417,0.03441,0.00,-3.00,0.00,49.7,106.26,634.42,256.61,SEARCH_Y
15.6743,0.9779,0.3203,-0.2133,-0.00501,0.15817,0.03141,0.00,-3.00,0.00,49.7,106.23,634.42,256.61,SEARCH_Y
15.6844,0.9679,0.4703,0.1366,-0.01101,0.16117,0.03341,0.00,-3.00,0.00,49.8,106.20,634.42,256.61,SEARCH_Y
15.6945,1.2279,0.2503,0.3166,0.00998,0.16217,0.02941,0.00,-3.00,0.00,49.8,106.16,634.41,256.61,SEARCH_Y
15.7046,0.9479,0.3703,-0.0233,-0.03101,0.15117,0.03741,0.00,-3.00,0.00,49.8,106.14,634.41,256.61,SEARCH_Y
15.7147,1.0279,0.4703,-0.1533,-0.02501,0.15017,0.03441,0.00,-3.00,0.00,49.8,106.10,634.41,256.61,SEARCH_Y
15.7249,1.1279,0.6803,-0.4933,0.00298,0.15617,0.03541,0.00,-3.00,0.00,49.8,106.08,634.41,256.61,SEARCH_Y
15.7350,1.1079,0.2503,0.1566,-0.01501,0.15717,0.03141,0.00,-3.00,0.00,49.8,106.04,634.41,256.61,SEARCH_Y
15.7451,1.0079,0.7503,-0.0933,-0.02201,0.16017,0.03741,0.00,-3.00,0.00,49.8,106.02,634.41,256.61,SEARCH_Y
15.7553,1.1079,0.8903,-0.3333,-0.00901,0.14317,0.04141,0.00,-3.00,0.00,49.8,105.98,634.41,256.61,SEARCH_Y
15.7654,1.1679,0.3503,-0.0933,-0.00101,0.15317,0.03241,0.00,-3.00,0.00,49.8,105.96,634.41,256.61,SEARCH_Y
15.7755,1.1979,0.4403,-0.0533,-0.01401,0.16117,0.03341,0.00,-3.00,0.00,49.9,105.92,634.41,256.61,SEARCH_Y
15.7856,1.0079,0.2803,-0.1533,-0.00801,0.15617,0.03441,0.00,-3.00,0.00,49.9,105.90,634.41,256.61,SEARCH_Y
15.7958,1.1479,0.6403,-0.1533,-0.01601,0.15117,0.03341,0.00,-3.00,0.00,49.9,105.86,634.41,256.61,SEARCH_Y
15.8059,1.0379,0.3803,-0.1833,-0.01501,0.15217,0.03341,0.00,-3.00,0.00,49.9,105.84,634.41,256.61,SEARCH_Y
15.8160,0.9379,0.6403,-0.2133,-0.00301,0.16817,0.03141,0.00,-3.00,0.00,49.9,105.80,634.40,256.61,SEARCH_Y
15.8261,0.9579,0.5303,0.3766,-0.03701,0.16617,0.03041,0.00,-3.00,0.00,49.9,105.78,634.40,256.61,SEARCH_Y
15.8362,1.0279,0.5003,0.1966,-0.03101,0.16017,0.03141,0.00,-3.00,0.00,49.9,105.74,634.40,256.61,SEARCH_Y
15.8463,1.0279,0.2803,0.2566,-0.03601,0.17617,0.02641,0.00,-3.00,0.00,49.9,105.72,634.40,256.61,SEARCH_Y
15.8564,0.9979,0.6903,0.0866,-0.04401,0.15717,0.03341,0.00,-3.00,0.00,50.0,105.68,634.40,256.61,SEARCH_Y
15.8665,1.1079,0.8603,-0.0733,-0.04701,0.15317,0.03341,0.00,-3.00,0.00,50.0,105.64,634.40,256.61,SEARCH_Y
15.8767,1.0579,0.6903,-0.1333,-0.05401,0.15817,0.03241,0.00,-3.00,0.00,50.0,105.62,634.40,256.61,SEARCH_Y
15.8868,1.0779,0.8503,-0.1133,-0.06401,0.16417,0.02941,0.00,-3.00,0.00,50.0,105.58,634.40,256.61,SEARCH_Y
15.8969,0.9079,0.6403,0.0266,-0.07501,0.16717,0.02841,0.00,-3.00,0.00,50.0,105.56,634.40,256.61,SEARCH_Y
15.9070,1.1379,0.8703,0.3466,-0.06701,0.17117,0.02841,0.00,-3.00,0.00,50.0,105.52,634.40,256.61,SEARCH_Y
15.9171,1.0579,0.9303,-0.0033,-0.07601,0.17917,0.02541,0.00,-3.00,0.00,50.0,105.50,634.40,256.61,SEARCH_Y
15.9272,1.0179,1.1403,-0.0333,-0.09001,0.17017,0.02641,0.00,-3.00,0.00,50.0,105.46,634.39,256.61,SEARCH_Y
15.9373,1.1479,0.5803,0.2966,-0.09001,0.17217,0.02641,0.00,-3.00,0.00,50.1,105.44,634.39,256.61,SEARCH_Y
15.9475,1.0179,0.9003,0.0066,-0.10801,0.16217,0.02741,0.00,-3.00,0.00,50.1,105.40,634.39,256.61,SEARCH_Y
15.9576,0.9279,1.1503,-0.1233,-0.12601,0.16017,0.02241,0.00,-3.00,0.00,50.1,105.38,634.39,256.61,SEARCH_Y
15.9677,0.9279,1.0503,0.1466,-0.11101,0.18117,0.02541,0.00,-3.00,0.00,50.1,105.34,634.39,256.61,SEARCH_Y
15.9778,1.1079,1.3803,-0.3633,-0.13801,0.14417,0.02541,0.00,-3.00,0.00,50.1,105.32,634.39,256.61,SEARCH_Y
15.9879,1.1279,1.2003,-0.1133,-0.13301,0.16517,0.02541,0.00,-3.00,0.00,50.1,105.28,634.39,256.61,SEARCH_Y
15.9981,1.0279,1.3903,-0.0733,-0.16001,0.15517,0.02441,0.00,-3.00,0.00,50.1,105.26,634.39,256.61,SEARCH_Y
16.0082,1.0479,1.2903,-0.1333,-0.15401,0.16717,0.02241,0.00,-3.00,0.00,50.1,105.22,634.39,256.61,SEARCH_Y
16.0183,1.0779,1.5903,0.1366,-0.15301,0.16617,0.02241,0.00,-3.00,0.00,50.2,105.20,634.39,256.61,SEARCH_Y
16.0284,1.0879,1.6503,-0.2333,-0.15201,0.16717,0.02441,0.00,-3.00,0.00,50.2,105.16,634.39,256.61,SEARCH_Y
16.0385,0.9679,1.5903,-0.2433,-0.17101,0.15817,0.02541,0.00,-3.00,0.00,50.2,105.13,634.38,256.61,SEARCH_Y
16.0486,1.0379,1.1603,0.2866,-0.20101,0.16517,0.01941,0.00,-3.00,0.00,50.2,105.10,634.38,256.61,SEARCH_Y
16.0587,1.1879,1.4603,-0.0133,-0.18901,0.16517,0.02041,0.00,-3.00,0.00,50.2,105.07,634.38,256.61,SEARCH_Y
16.0688,1.1379,1.1203,0.1066,-0.18501,0.17417,0.01541,0.00,-3.00,0.00,50.2,105.04,634.38,256.61,SEARCH_Y
16.0789,1.1779,1.9803,-0.2533,-0.20701,0.16317,0.01641,0.00,-3.00,0.00,50.2,105.01,634.38,256.61,SEARCH_Y
16.0890,1.2679,2.0403,-0.2533,-0.20901,0.15417,0.01941,0.00,-3.00,0.00,50.2,104.98,634.38,256.61,SEARCH_Y
16.0992,1.0279,1.6703,0.1166,-0.19901,0.17617,0.01741,0.00,-3.00,0.00,50.3,104.95,634.38,256.61,SEARCH_Y
16.1093,1.0979,1.5603,0.3266,-0.20901,0.18017,0.01741,0.00,-3.00,0.00,50.3,104.92,634.38,256.61,SEARCH_Y
16.1194,1.0279,1.6903,-0.3133,-0.22301,0.16517,0.01641,0.00,-3.00,0.00,50.3,104.89,634.38,256.61,SEARCH_Y
16.1295,1.2079,1.3103,0.3566,-0.23601,0.16417,0.01041,0.00,-3.00,0.00,50.3,104.86,634.38,256.61,SEARCH_Y
16.1396,1.0979,1.2303,0.3266,-0.22901,0.18017,0.01141,0.00,-3.00,0.00,50.3,104.83,634.38,256.61,SEARCH_Y
16.1497,0.9279,1.7603,0.0566,-0.26201,0.17317,0.01341,0.00,-3.00,0.00,50.3,104.80,634.38,256.61,SEARCH_Y
16.1598,1.1279,1.7203,0.2566,-0.25101,0.18717,0.01241,0.00,-3.00,0.00,50.3,104.77,634.37,256.61,SEARCH_Y
16.1699,1.0779,1.8803,0.1066,-0.25101,0.18417,0.01241,0.00,-3.00,0.00,50.3,104.74,634.37,256.61,SEARCH_Y
16.1800,0.9679,2.1103,-0.1533,-0.27501,0.17017,0.01241,0.00,-3.00,0.00,50.4,104.71,634.37,256.61,SEARCH_Y
16.1902,1.2679,1.7903,0.0866,-0.25601,0.18817,0.01141,0.00,-3.00,0.00,50.4,104.68,634.37,256.61,SEARCH_Y
16.2003,1.0179,2.0403,-0.0533,-0.28701,0.17117,0.01241,0.00,-3.00,0.00,50.4,104.65,634.37,256.61,SEARCH_Y
16.2104,0.9779,2.4903,-0.2033,-0.28201,0.17917,0.01141,0.00,-3.00,0.00,50.4,104.62,634.37,256.61,SEARCH_Y
16.2205,1.1879,2.1203,-0.1733,-0.28101,0.17617,0.00741,0.00,-3.00,0.00,50.4,104.58,634.37,256.61,SEARCH_Y
16.2307,1.0979,1.9503,-0.0333,-0.28701,0.17917,0.01041,0.00,-3.00,0.00,50.4,104.55,634.37,256.61,SEARCH_Y
16.2408,1.1579,1.8303,0.4566,-0.29301,0.18917,0.00441,0.00,-3.00,0.00,50.4,104.52,634.37,256.61,SEARCH_Y
16.2509,1.2179,2.5403,-0.3733,-0.30301,0.16617,0.00941,0.00,-3.00,0.00,50.4,104.49,634.37,256.61,SEARCH_Y
16.2646,1.2179,2.0503,0.2966,-0.30601,0.19317,0.00541,0.00,-3.00,0.00,50.5,104.45,634.36,256.61,SEARCH_Y
16.2747,1.2279,2.6803,-0.2033,-0.32401,0.17317,0.00341,0.00,-3.00,0.00,50.5,104.42,634.36,256.61,SEARCH_Y
16.2848,1.3279,2.7203,-0.1733,-0.31501,0.17617,0.00941,0.00,-3.00,0.00,50.5,104.39,634.36,256.61,SEARCH_Y
16.2949,0.9979,2.3903,-0.0233,-0.35001,0.17717,-0.00058,0.00,-3.00,0.00,50.5,104.36,634.36,256.61,SEARCH_Y
16.3050,1.3379,2.4103,-0.0633,-0.33901,0.17717,0.00241,0.00,-3.00,0.00,50.5,104.33,634.36,256.60,SEARCH_Y
16.3152,1.0979,2.8903,-0.2933,-0.35501,0.18517,0.00141,0.00,-3.00,0.00,50.5,104.30,634.36,256.60,SEARCH_Y
16.3253,1.2479,2.1903,0.0866,-0.36201,0.17517,0.00041,0.00,-3.00,0.00,50.5,104.27,634.36,256.60,SEARCH_Y
16.3354,1.2479,2.3203,0.3066,-0.36501,0.18417,-0.00058,0.00,-3.00,0.00,50.6,104.24,634.36,256.60,SEARCH_Y
16.3455,1.2979,2.5603,0.2366,-0.36801,0.17617,0.00241,0.00,-3.00,0.00,50.6,104.21,634.36,256.60,SEARCH_Y
16.3556,1.3479,2.6303,0.1866,-0.38301,0.17817,-0.00158,0.00,-3.00,0.00,50.6,104.18,634.36,256.60,SEARCH_Y
16.3657,1.2279,2.6903,0.0766,-0.38201,0.18217,-0.00458,0.00,-3.00,0.00,50.6,104.15,634.36,256.60,SEARCH_Y
16.3759,1.3379,2.6303,0.3066,-0.38601,0.19417,-0.00958,0.00,-3.00,0.00,50.6,104.12,634.36,256.60,SEARCH_Y
16.3860,1.0079,2.5703,0.2366,-0.42701,0.17917,-0.00258,0.00,-3.00,0.00,50.6,104.09,634.35,256.60,SEARCH_Y
16.3961,1.2279,2.7903,-0.1033,-0.39701,0.17717,-0.00158,0.00,-3.00,0.00,50.6,104.06,634.35,256.60,SEARCH_Y
16.4062,1.2179,2.8403,0.2766,-0.42001,0.18117,-0.00458,0.00,-3.00,0.00,50.6,104.03,634.35,256.60,SEARCH_Y
16.4163,1.1379,2.8703,0.1166,-0.43201,0.17117,-0.00558,0.00,-3.00,0.00,50.7,104.00,634.35,256.60,SEARCH_Y
16.4264,1.3279,2.8403,-0.0433,-0.41301,0.18217,-0.00658,0.00,-3.00,0.00,50.7,103.97,634.35,256.60,SEARCH_Y
16.4365,1.5179,2.8403,0.1766,-0.41901,0.18217,-0.00658,0.00,-3.00,0.00,50.7,103.93,634.35,256.60,SEARCH_Y
16.4466,1.1779,3.2703,-0.0233,-0.44301,0.17817,-0.00458,0.00,-3.00,0.00,50.7,103.90,634.35,256.60,SEARCH_Y
16.4567,1.2579,3.1303,0.0066,-0.43001,0.19017,-0.00658,0.00,-3.00,0.00,50.7,103.87,634.35,256.60,SEARCH_Y
16.4669,1.2879,3.0903,-0.0633,-0.45001,0.18017,-0.00958,0.00,-3.00,0.00,50.7,103.84,634.35,256.60,SEARCH_Y
16.4770,1.1579,3.1103,0.1366,-0.46301,0.18817,-0.00758,0.00,-3.00,0.00,50.7,103.81,634.35,256.60,SEARCH_Y
16.4871,1.1879,3.0903,0.4366,-0.46201,0.19417,-0.00658,0.00,-3.00,0.00,50.7,103.78,634.35,256.60,SEARCH_Y
16.4973,1.0979,3.0303,0.1866,-0.47801,0.19017,-0.00758,0.00,-3.00,0.00,50.8,103.75,634.34,256.60,SEARCH_Y
16.5074,1.3679,3.2103,0.2566,-0.47601,0.19117,-0.01158,0.00,-3.00,0.00,50.8,103.72,634.34,256.60,SEARCH_Y
16.5175,1.1779,3.1703,0.0066,-0.48701,0.19817,-0.01058,0.00,-3.00,0.00,50.8,103.69,634.34,256.60,SEARCH_Y
16.5276,1.3679,3.2003,0.1866,-0.47301,0.20117,-0.01358,0.00,-3.00,0.00,50.8,103.66,634.34,256.60,SEARCH_Y
16.5377,1.2779,3.2303,0.2166,-0.49301,0.20417,-0.01458,0.00,-3.00,0.00,50.8,103.63,634.34,256.60,SEARCH_Y
16.5478,1.2679,3.1003,0.2066,-0.50801,0.19317,-0.01158,0.00,-3.00,0.00,50.8,103.60,634.34,256.60,SEARCH_Y
16.5579,1.3279,3.2203,0.1566,-0.50101,0.20717,-0.01058,0.00,-3.00,0.00,50.8,103.57,634.34,256.60,SEARCH_Y
16.5681,1.0479,3.3503,0.0066,-0.53301,0.19517,-0.00658,0.00,-3.00,0.00,50.9,103.54,634.34,256.60,SEARCH_Y
16.5782,1.2379,3.8703,-0.1333,-0.52301,0.20217,-0.00758,0.00,-3.00,0.00,50.9,103.51,634.34,256.60,SEARCH_Y
16.5883,1.2279,3.7403,0.1166,-0.52901,0.19817,-0.00758,0.00,-3.00,0.00,50.9,103.48,634.34,256.60,SEARCH_Y
16.5984,1.1579,3.7103,0.0166,-0.54701,0.20217,-0.00558,0.00,-3.00,0.00,50.9,103.44,634.34,256.60,SEARCH_Y
16.6085,1.3179,3.2803,0.4766,-0.55501,0.20717,-0.00958,0.00,-3.00,0.00,50.9,103.42,634.33,256.60,SEARCH_Y
16.6186,1.0679,3.6103,0.4266,-0.56201,0.21717,-0.00058,0.00,-3.00,0.00,50.9,103.38,634.33,256.60,SEARCH_Y
16.6287,1.2779,3.4603,0.2366,-0.53901,0.22517,0.02441,0.00,-3.00,0.00,50.9,103.36,634.33,256.60,SEARCH_Y
16.6389,1.4979,3.8303,-0.1833,-0.56101,0.21717,0.00641,0.00,-3.00,0.00,50.9,103.32,634.33,256.60,SEARCH_Y
16.6490,1.2179,3.3503,0.2366,-0.56601,0.22017,0.01341,0.00,-3.00,0.00,51.0,103.30,634.33,256.60,SEARCH_Y
16.6591,1.2579,3.9203,0.1066,-0.56901,0.23317,0.00941,0.00,-3.00,0.00,51.0,103.26,634.33,256.60,SEARCH_Y
16.6692,1.4979,3.6603,0.1566,-0.56801,0.22617,0.00741,0.00,-3.00,0.00,51.0,103.24,634.33,256.60,SEARCH_Y
16.6793,1.3779,3.7403,0.2266,-0.58601,0.22017,0.00541,0.00,-3.00,0.00,51.0,103.20,634.33,256.60,SEARCH_Y
16.6894,1.4479,3.8203,0.3766,-0.56301,0.24017,0.00741,0.00,-3.00,0.00,51.0,103.18,634.33,256.60,SEARCH_Y
16.6995,1.1579,4.0403,-0.1433,-0.60401,0.21417,0.00641,0.00,-3.00,0.00,51.0,103.14,634.33,256.60,SEARCH_Y
16.7096,1.3679,4.0203,0.3066,-0.58401,0.22317,0.01041,0.00,-3.00,0.00,51.0,103.12,634.33,256.60,SEARCH_Y
16.7198,1.3279,3.7003,0.2566,-0.59001,0.22717,0.00241,0.00,-3.00,0.00,51.1,103.08,634.32,256.60,SEARCH_Y
16.7299,1.2479,4.2103,0.0666,-0.62001,0.21717,0.00441,0.00,-3.00,0.00,51.1,103.06,634.32,256.60,SEARCH_Y
16.7400,1.3579,4.1803,0.0466,-0.62601,0.22017,0.00441,0.00,-3.00,0.00,51.1,103.02,634.32,256.60,SEARCH_Y
16.7501,1.1179,3.9103,0.1066,-0.65401,0.21817,0.00141,0.00,-3.00,0.00,51.1,103.00,634.32,256.60,SEARCH_Y
16.7602,1.5579,3.7103,0.5366,-0.60501,0.25317,-0.00258,0.00,-3.00,0.00,51.1,102.96,634.32,256.60,SEARCH_Y
16.7704,1.2379,4.0503,0.2166,-0.62001,0.23917,0.03141,0.00,-3.00,0.00,51.1,102.94,634.32,256.60,SEARCH_Y
16.7805,1.6879,3.8703,0.4366,-0.60101,0.28117,0.02141,0.00,-3.00,0.00,51.1,102.90,634.32,256.60,SEARCH_Y
16.7906,1.6479,3.9203,0.7466,-0.63001,0.24517,0.00741,0.00,-3.00,0.00,51.1,102.86,634.32,256.60,SEARCH_Y
16.8007,1.6179,4.1703,0.1066,-0.64001,0.22517,0.02941,0.00,-3.00,0.00,51.2,102.84,634.32,256.60,SEARCH_Y
16.8109,1.6679,3.9803,0.4666,-0.66701,0.25017,0.00641,0.00,-3.00,0.00,51.2,102.80,634.32,256.60,SEARCH_Y
16.8210,1.4879,4.0003,0.5066,-0.66101,0.24517,0.01441,0.00,-3.00,0.00,51.2,102.78,634.32,256.60,SEARCH_Y
16.8311,1.5079,4.3803,0.1166,-0.67801,0.23917,0.01541,0.00,-3.00,0.00,51.2,102.74,634.32,256.60,SEARCH_Y
16.8412,1.3879,4.2003,0.4466,-0.66201,0.25117,0.01341,0.00,-3.00,0.00,51.2,102.72,634.31,256.60,SEARCH_Y
16.8513,1.5679,4.1703,0.5466,-0.65801,0.25917,0.01141,0.00,-3.00,0.00,51.2,102.68,634.31,256.60,SEARCH_Y
16.8614,1.5479,4.0803,0.2266,-0.68001,0.23917,0.01841,0.00,-3.00,0.00,51.2,102.66,634.31,256.60,SEARCH_Y
16.8715,1.4279,3.9503,0.6366,-0.67601,0.25117,0.00541,0.00,-3.00,0.00,51.3,102.62,634.31,256.60,SEARCH_Y
16.8816,1.2179,4.4603,0.3366,-0.67001,0.26617,0.02941,0.00,-3.00,0.00,51.3,102.60,634.31,256.60,SEARCH_Y
16.8917,3.0179,0.7503,0.3166,0.01498,0.29217,0.19941,0.00,-3.00,0.00,51.3,102.56,634.31,256.60,SEARCH_Y
16.9018,1.3379,-0.0696,-0.2233,0.35398,0.14917,-0.09558,0.00,-3.00,0.00,51.3,102.54,634.31,256.60,SEARCH_Y
16.9119,-0.9120,1.7103,-0.8733,-0.08401,0.09917,-0.09558,0.00,-3.00,0.00,51.3,102.50,634.31,256.60,SEARCH_Y
16.9221,2.5479,0.6503,0.1666,-0.10601,0.31617,0.13441,0.00,-3.00,0.00,51.3,102.48,634.31,256.60,SEARCH_Y
16.9322,1.4479,-1.9096,-0.0733,0.14498,0.18017,-0.07858,0.00,-3.00,0.00,51.3,102.44,634.31,256.60,SEARCH_Y
16.9423,0.3679,-1.3096,-1.0333,0.20698,0.19417,-0.06358,0.00,-3.00,0.00,51.3,102.42,634.31,256.60,SEARCH_Y
16.9524,1.7779,1.1503,-1.2933,0.02398,0.26017,0.05841,0.00,-3.00,0.00,51.4,102.38,634.30,256.60,SEARCH_Y
16.9625,1.5979,-0.0496,-0.0033,0.04698,0.20317,-0.04058,0.00,-3.00,0.00,51.4,102.35,634.30,256.60,SEARCH_Y
16.9726,1.2579,-0.6396,-0.7733,0.17598,0.18717,-0.02758,0.00,-3.00,0.00,51.4,102.32,634.30,256.60,SEARCH_Y
16.9827,0.9079,0.5003,-0.6133,0.01698,0.17117,0.01641,0.00,-3.00,0.00,51.4,102.29,634.30,256.60,SEARCH_Y
16.9928,1.6279,1.1003,-0.0533,-0.07701,0.20217,-0.00458,0.00,-3.00,0.00,51.4,102.26,634.30,256.60,SEARCH_Y
17.0029,1.6479,0.1503,-0.2833,0.06598,0.16517,-0.00158,0.00,-3.00,0.00,51.4,102.23,634.30,256.59,SEARCH_Y
17.0130,0.9779,0.5803,-0.7233,0.07098,0.14517,-0.02558,0.00,-3.00,0.00,51.4,102.20,634.30,256.59,SEARCH_Y
17.0231,1.3679,1.5403,-0.7433,-0.06301,0.18517,0.00341,0.00,-3.00,0.00,51.5,102.17,634.30,256.59,SEARCH_Y
17.0332,1.4279,0.7103,-0.1533,-0.02701,0.20717,0.00541,0.00,-3.00,0.00,51.5,102.14,634.30,256.59,SEARCH_Y
17.0433,1.3979,-0.1096,-0.1433,0.05498,0.19617,-0.02358,0.00,-3.00,0.00,51.5,102.11,634.30,256.59,SEARCH_Y
17.0534,0.8879,0.4103,-0.4633,0.02898,0.21817,-0.01058,0.00,-3.00,0.00,51.5,102.08,634.30,256.59,SEARCH_Y
17.0636,1.4979,0.6503,-0.3233,-0.01101,0.22417,-0.00758,0.00,-3.00,0.00,51.5,102.05,634.29,256.59,SEARCH_Y
17.0737,1.3279,0.9103,-0.5633,-0.02101,0.18717,-0.02258,0.00,-3.00,0.00,51.5,102.02,634.29,256.59,SEARCH_Y
17.0838,1.2679,0.2303,-0.4133,0.05298,0.18517,-0.01158,0.00,-3.00,0.00,51.5,101.99,634.29,256.59,SEARCH_Y
17.0939,1.4379,-0.1596,-0.2433,0.04398,0.19217,-0.02458,0.00,-3.00,0.00,51.6,101.96,634.29,256.59,SEARCH_Y
17.1040,1.0279,0.2903,-0.3633,0.03998,0.20217,-0.00958,0.00,-3.00,0.00,51.6,101.92,634.29,256.59,SEARCH_Y
17.1141,1.0179,0.1703,-0.3233,0.05398,0.20717,-0.00458,0.00,-3.00,0.00,51.6,101.90,634.29,256.59,SEARCH_Y
17.1243,1.2479,0.7103,-0.5233,0.04898,0.21917,-0.00958,0.00,-3.00,0.00,51.6,101.86,634.29,256.59,SEARCH_Y
17.1343,1.3779,-0.0196,-0.2733,0.03098,0.20417,0.00441,0.00,-3.00,0.00,51.6,101.84,634.29,256.59,SEARCH_Y
17.1445,1.3079,0.8803,-0.7633,0.02498,0.18917,-0.00858,0.00,-3.00,0.00,51.6,101.80,634.29,256.59,SEARCH_Y
17.1546,1.2779,0.6903,-0.5533,0.02098,0.19117,-0.00558,0.00,-3.00,0.00,51.6,101.77,634.29,256.59,SEARCH_Y
17.1648,1.3679,0.5003,0.0166,-0.00701,0.19217,-0.01358,0.00,-3.00,0.00,51.7,101.74,634.29,256.59,SEARCH_Y
17.1749,1.2679,0.5703,-0.3133,0.01998,0.20617,-0.01758,0.00,-3.00,0.00,51.7,101.71,634.28,256.59,SEARCH_Y
17.1850,1.4079,-0.0996,-0.0233,0.05398,0.19417,-0.01558,0.00,-3.00,0.00,51.7,101.68,634.28,256.59,SEARCH_Y
17.1951,1.2779,0.4203,-0.4533,0.03298,0.20117,-0.01458,0.00,-3.00,0.00,51.7,101.65,634.28,256.59,SEARCH_Y
17.2052,1.3379,0.4103,-0.5533,0.00798,0.20517,-0.01358,0.00,-3.00,0.00,51.7,101.62,634.28,256.59,SEARCH_Y
17.2153,1.2079,0.5703,-0.6933,0.00898,0.19517,-0.00458,0.00,-3.00,0.00,51.7,101.59,634.28,256.59,SEARCH_Y
17.2254,1.5379,0.5703,-0.5733,0.03598,0.21217,-0.01958,0.00,-3.00,0.00,51.7,101.56,634.28,256.59,SEARCH_Y
17.2355,1.2979,0.4403,-0.5633,0.01998,0.19717,-0.00858,0.00,-3.00,0.00,51.8,101.53,634.28,256.59,SEARCH_Y
17.2456,1.4679,0.5003,-0.8133,0.01598,0.21017,-0.00858,0.00,-3.00,0.00,51.8,101.50,634.28,256.59,SEARCH_Y
17.2557,1.3379,0.6203,-0.8533,0.02498,0.19717,-0.01258,0.00,-3.00,0.00,51.8,101.47,634.28,256.59,SEARCH_Y
17.2658,1.3479,0.4903,-0.3933,0.01298,0.19817,-0.01558,0.00,-3.00,0.00,51.8,101.44,634.28,256.59,SEARCH_Y
17.2760,1.2479,0.3403,-0.5033,-0.00001,0.19217,-0.01458,0.00,-3.00,0.00,51.8,101.41,634.28,256.59,SEARCH_Y
17.2861,1.2479,0.8503,-0.6733,-0.00601,0.19017,-0.01058,0.00,-3.00,0.00,51.8,101.38,634.28,256.59,SEARCH_Y
17.2962,1.2179,0.4003,-0.2833,-0.00501,0.20517,-0.01458,0.00,-3.00,0.00,51.8,101.35,634.27,256.59,SEARCH_Y
17.3063,1.4279,0.6203,-0.3933,0.01098,0.19717,-0.01058,0.00,-3.00,0.00,51.9,101.32,634.27,256.59,SEARCH_Y
17.3164,1.1479,0.4503,-0.2633,0.01598,0.20817,-0.00958,0.00,-3.00,0.00,51.9,101.29,634.27,256.59,SEARCH_Y
17.3265,1.2979,0.2303,-0.3433,0.02598,0.20717,-0.01358,0.00,-3.00,0.00,51.9,101.26,634.27,256.59,SEARCH_Y
17.3366,1.1479,0.4503,-0.4933,0.03098,0.20817,-0.01058,0.00,-3.00,0.00,51.9,101.23,634.27,256.59,SEARCH_Y
17.3467,1.3279,0.3503,-0.4633,0.02398,0.20417,-0.01358,0.00,-3.00,0.00,51.9,101.19,634.27,256.59,SEARCH_Y
17.3569,1.4179,0.4303,-0.4633,0.02398,0.19617,-0.01458,0.00,-3.00,0.00,51.9,101.17,634.27,256.59,SEARCH_Y
17.3670,1.2779,0.3303,-0.3933,0.03698,0.20317,-0.01058,0.00,-3.00,0.00,51.9,101.13,634.27,256.59,SEARCH_Y
17.3771,1.5279,0.1203,-0.3733,0.03498,0.19417,-0.01658,0.00,-3.00,0.00,52.0,101.11,634.27,256.59,SEARCH_Y
17.3872,1.3379,0.2003,-0.1133,0.03098,0.20317,-0.01358,0.00,-3.00,0.00,52.0,101.07,634.27,256.59,SEARCH_Y
17.3974,1.3479,0.3603,-0.4133,0.02298,0.19017,-0.01158,0.00,-3.00,0.00,52.0,101.05,634.27,256.59,SEARCH_Y
17.4075,1.1979,0.4003,-0.1233,0.00998,0.20917,-0.01358,0.00,-3.00,0.00,52.0,101.01,634.26,256.59,SEARCH_Y
17.4176,1.3679,0.4903,-0.6033,0.02798,0.19417,-0.01058,0.00,-3.00,0.00,52.0,100.99,634.26,256.59,SEARCH_Y
17.4277,1.2579,0.6203,-0.5233,0.02098,0.19817,-0.01058,0.00,-3.00,0.00,52.0,100.95,634.26,256.59,SEARCH_Y
17.4378,1.4679,0.1103,-0.6933,0.02298,0.19517,-0.01358,0.00,-3.00,0.00,52.0,100.93,634.26,256.59,SEARCH_Y
17.4480,1.3179,0.4103,-0.2133,0.01298,0.20917,-0.01158,0.00,-3.00,0.00,52.1,100.89,634.26,256.59,SEARCH_Y
17.4581,1.2479,0.4703,-0.2533,0.02598,0.20217,-0.01158,0.00,-3.00,0.00,52.1,100.87,634.26,256.59,SEARCH_Y
17.4682,1.2079,0.4903,-0.3333,0.03398,0.20817,-0.01558,0.00,-3.00,0.00,52.1,100.83,634.26,256.59,SEARCH_Y
17.4783,1.4379,0.7603,-0.4933,0.01498,0.19417,-0.00658,0.00,-3.00,0.00,52.1,100.81,634.26,256.59,SEARCH_Y
17.4884,1.4279,0.3503,-0.6333,0.02798,0.20617,-0.01258,0.00,-3.00,0.00,52.1,100.77,634.26,256.59,SEARCH_Y
17.4987,1.3279,0.6003,-0.4733,0.04098,0.21817,-0.01558,0.00,-3.00,0.00,52.1,100.73,634.26,256.59,SEARCH_Y
17.5088,1.3779,0.2903,-0.1633,0.03898,0.21317,-0.01158,0.00,-3.00,0.00,52.1,100.71,634.26,256.59,SEARCH_Y
17.5189,1.1979,0.4203,-0.5633,0.00498,0.19017,-0.01158,0.00,-3.00,0.00,52.2,100.67,634.25,256.59,SEARCH_Y
17.5290,1.3279,0.5003,-0.6233,0.03098,0.20017,-0.01158,0.00,-3.00,0.00,52.2,100.65,634.25,256.59,SEARCH_Y
17.5391,1.1379,0.5903,-0.3533,0.00498,0.20317,-0.00458,0.00,-3.00,0.00,52.2,100.61,634.25,256.59,SEARCH_Y
17.5492,1.4879,0.2403,-0.1433,0.02998,0.19617,-0.01258,0.00,-3.00,0.00,52.2,100.59,634.25,256.59,SEARCH_Y
17.5593,1.2979,0.3303,-0.1633,0.01598,0.19017,-0.01558,0.00,-3.00,0.00,52.2,100.55,634.25,256.59,SEARCH_Y
17.5695,1.3379,0.4303,-0.3933,0.02398,0.20517,-0.01258,0.00,-3.00,0.00,52.2,100.53,634.25,256.59,SEARCH_Y
17.5796,1.4079,0.1403,-0.2333,0.01498,0.18717,-0.00958,0.00,-3.00,0.00,52.2,100.49,634.25,256.59,SEARCH_Y
17.5897,1.2679,0.4903,-0.3333,0.02798,0.20817,-0.00858,0.00,-3.00,0.00,52.3,100.47,634.25,256.59,SEARCH_Y
17.5998,1.3879,0.2603,-0.3433,0.03198,0.20117,-0.01158,0.00,-3.00,0.00,52.3,100.43,634.25,256.59,SEARCH_Y
17.6099,1.1279,0.2403,-0.0533,0.01098,0.20117,-0.01358,0.00,-3.00,0.00,52.3,100.41,634.25,256.59,SEARCH_Y
17.6200,1.5079,0.4803,-0.5933,0.02798,0.19617,-0.01158,0.00,-3.00,0.00,52.3,100.37,634.25,256.59,SEARCH_Y
17.6302,1.1479,0.3503,-0.4033,0.00198,0.19917,-0.01258,0.00,-3.00,0.00,52.3,100.35,634.25,256.59,SEARCH_Y
17.6403,1.2079,0.5503,-0.4833,0.01898,0.19617,-0.01058,0.00,-3.00,0.00,52.3,100.31,634.24,256.59,SEARCH_Y
17.6503,1.4679,0.5703,-0.5733,0.02898,0.19717,-0.01358,0.00,-3.00,0.00,52.3,100.29,634.24,256.59,SEARCH_Y
17.6605,1.2579,0.6603,-0.5733,0.00998,0.19117,-0.01058,0.00,-3.00,0.00,52.4,100.25,634.24,256.59,SEARCH_Y
17.6706,1.3079,0.2703,-0.0133,0.01998,0.20417,-0.01358,0.00,-3.00,0.00,52.4,100.22,634.24,256.59,SEARCH_Y
17.6807,1.3779,0.1003,0.0166,0.02598,0.20017,-0.01658,0.00,-3.00,0.00,52.4,100.19,634.24,256.59,SEARCH_Y
17.6908,1.1579,0.4803,-0.5533,0.01698,0.19517,-0.01258,0.00,-3.00,0.00,52.4,100.16,634.24,256.58,SEARCH_Y
17.7010,1.4879,0.4803,-0.4033,0.04198,0.19617,-0.00958,0.00,-3.00,0.00,52.4,100.13,634.24,256.58,SEARCH_Y
17.7110,1.4679,0.4403,-0.4533,0.03798,0.20417,-0.01658,0.00,-3.00,0.00,52.4,100.10,634.24,256.58,SEARCH_Y
17.7212,1.3179,0.4003,-0.4533,0.01598,0.19417,-0.01058,0.00,-3.00,0.00,52.5,100.07,634.24,256.58,SEARCH_Y
17.7313,1.1279,0.4303,-0.5933,0.00598,0.19317,-0.01658,0.00,-3.00,0.00,52.5,100.04,634.24,256.58,SEARCH_Y
17.7414,1.1679,0.4803,-0.4633,0.00098,0.20417,-0.00958,0.00,-3.00,0.00,52.5,100.01,634.24,256.58,SEARCH_Y
17.7515,1.0379,0.3703,-0.3333,0.01898,0.21117,-0.00758,0.00,-3.00,0.00,52.5,99.98,634.23,256.58,SEARCH_Y
17.7616,1.1779,0.3103,-0.2733,0.02598,0.20817,-0.01658,0.00,-3.00,0.00,52.5,99.95,634.23,256.58,SEARCH_Y
17.7717,1.3879,0.5203,-0.5033,0.01398,0.18217,-0.01058,0.00,-3.00,0.00,52.5,99.91,634.23,256.58,SEARCH_Y
17.7818,1.4279,0.3103,-0.2633,0.01398,0.19217,-0.01258,0.00,-3.00,0.00,52.5,99.89,634.23,256.58,SEARCH_Y
17.7920,0.9079,0.4403,-0.5833,-0.00601,0.19317,-0.01258,0.00,-3.00,0.00,52.6,99.85,634.23,256.58,SEARCH_Y
17.8021,1.0579,0.8803,-0.5233,-0.00601,0.19817,-0.00958,0.00,-3.00,0.00,52.6,99.83,634.23,256.58,SEARCH_Y
17.8122,1.2379,0.5603,-0.7033,0.02098,0.19817,-0.01158,0.00,-3.00,0.00,52.6,99.79,634.23,256.58,SEARCH_Y
17.8223,1.1579,0.5103,-0.5333,-0.00201,0.19117,-0.01058,0.00,-3.00,0.00,52.6,99.77,634.23,256.58,SEARCH_Y
17.8324,1.2979,0.3203,-0.2733,0.01098,0.19517,-0.01258,0.00,-3.00,0.00,52.6,99.73,634.23,256.58,SEARCH_Y
17.8425,1.1379,0.5603,-0.7133,0.02298,0.21017,-0.00758,0.00,-3.00,0.00,52.6,99.71,634.23,256.58,SEARCH_Y
17.8526,1.2079,0.3203,-0.3433,0.02098,0.20517,-0.01058,0.00,-3.00,0.00,52.6,99.67,634.23,256.58,SEARCH_Y
17.8627,1.3179,0.1803,-0.2633,0.03798,0.19717,-0.00858,0.00,-3.00,0.00,52.7,99.64,634.22,256.58,SEARCH_Y
17.8728,1.3079,0.4503,-0.7133,0.03598,0.19417,-0.00958,0.00,-3.00,0.00,52.7,99.61,634.22,256.58,SEARCH_Y
17.8829,1.2679,0.3303,-0.3333,0.03498,0.20317,-0.01258,0.00,-3.00,0.00,52.7,99.58,634.22,256.58,SEARCH_Y
17.8930,1.2979,0.6103,-0.5033,0.02298,0.19817,-0.00958,0.00,-3.00,0.00,52.7,99.55,634.22,256.58,SEARCH_Y
17.9031,1.2579,0.4303,-0.4533,0.02498,0.19917,-0.01158,0.00,-3.00,0.00,52.7,99.52,634.22,256.58,SEARCH_Y
17.9132,1.1879,0.2903,-0.4133,0.00798,0.18917,-0.01058,0.00,-3.00,0.00,52.7,99.49,634.22,256.58,SEARCH_Y
17.9233,1.2579,0.6503,-0.4733,0.02098,0.19117,-0.00758,0.00,-3.00,0.00,52.8,99.46,634.22,256.58,SEARCH_Y
17.9334,1.4979,0.3103,-0.2233,0.03198,0.19417,-0.00758,0.00,-3.00,0.00,52.8,99.43,634.22,256.58,SEARCH_Y
17.9436,1.2579,0.5603,-0.4933,0.03198,0.19617,-0.00658,0.00,-3.00,0.00,52.8,99.40,634.22,256.58,SEARCH_Y
17.9538,1.4279,0.4703,-0.8233,0.01998,0.17717,-0.01258,0.00,-3.00,0.00,52.8,99.37,634.22,256.58,SEARCH_Y
17.9639,1.2979,0.5203,-0.4433,0.03998,0.21417,-0.01458,0.00,-3.00,0.00,52.8,99.34,634.22,256.58,SEARCH_Y
17.9740,1.3479,0.2703,-0.2733,0.03298,0.19617,-0.00758,0.00,-3.00,0.00,52.8,99.31,634.21,256.58,SEARCH_Y
17.9841,1.3279,0.4203,-0.6533,0.02698,0.19517,-0.00958,0.00,-3.00,0.00,52.8,99.28,634.21,256.58,SEARCH_Y
17.9942,1.1579,0.5003,-0.4633,0.00898,0.19817,-0.01258,0.00,-3.00,0.00,52.9,99.25,634.21,256.58,SEARCH_Y
18.0043,1.6279,0.4303,-0.4533,0.02798,0.18517,-0.00758,0.00,-3.00,0.00,52.9,99.22,634.21,256.58,SEARCH_Y
18.0144,1.2079,0.3303,-0.2533,0.03098,0.20917,-0.01058,0.00,-3.00,0.00,52.9,99.19,634.21,256.58,SEARCH_Y
18.0246,1.3879,0.5403,-0.4933,0.02998,0.19617,-0.00958,0.00,-3.00,0.00,52.9,99.16,634.21,256.58,SEARCH_Y
18.0347,1.1379,0.5303,-0.2833,0.01998,0.19017,-0.00458,0.00,-3.00,0.00,52.9,99.12,634.21,256.58,SEARCH_Y
18.0448,1.1279,0.3103,-0.3933,0.03098,0.20117,-0.00958,0.00,-3.00,0.00,52.9,99.10,634.21,256.58,SEARCH_Y
18.0549,1.1879,0.5503,-0.5333,0.01698,0.19617,-0.00958,0.00,-3.00,0.00,53.0,99.06,634.21,256.58,SEARCH_Y
18.0650,1.3179,0.6503,-0.9133,0.02298,0.19117,-0.00958,0.00,-3.00,0.00,53.0,99.04,634.21,256.58,SEARCH_Y
18.0751,1.2079,1.0803,-0.8233,0.01498,0.19717,-0.00958,0.00,-3.00,0.00,53.0,99.00,634.21,256.58,SEARCH_Y
18.0852,1.2579,0.6903,-0.4433,0.01498,0.19417,-0.00858,0.00,-3.00,0.00,53.0,98.98,634.21,256.58,SEARCH_Y
18.0953,1.2379,0.6003,-0.6033,0.00598,0.19617,-0.01058,0.00,-3.00,0.00,53.0,98.94,634.20,256.58,SEARCH_Y
18.1054,1.2679,0.2003,-0.3033,0.02698,0.20417,-0.01358,0.00,-3.00,0.00,53.0,98.92,634.20,256.58,SEARCH_Y
18.1155,1.2579,0.5503,-0.5633,0.03498,0.20517,-0.00958,0.00,-3.00,0.00,53.0,98.88,634.20,256.58,SEARCH_Y
18.1256,1.2979,0.3603,-0.2333,0.01398,0.19417,-0.01258,0.00,-3.00,0.00,53.1,98.86,634.20,256.58,SEARCH_Y
18.1357,1.1979,0.3303,-0.3533,0.00998,0.19117,-0.01058,0.00,-3.00,0.00,53.1,98.82,634.20,256.58,SEARCH_Y
18.1459,1.4879,0.2703,-0.3533,0.03598,0.19317,-0.01258,0.00,-3.00,0.00,53.1,98.80,634.20,256.58,SEARCH_Y
18.1560,1.1579,0.2703,-0.0833,0.01898,0.20317,-0.01058,0.00,-3.00,0.00,53.1,98.76,634.20,256.58,SEARCH_Y
18.1662,1.3379,0.6203,-0.3333,0.01898,0.19617,-0.00658,0.00,-3.00,0.00,53.1,98.74,634.20,256.58,SEARCH_Y
18.1763,1.3379,0.6503,-0.6933,0.01798,0.19117,-0.01058,0.00,-3.00,0.00,53.1,98.70,634.20,256.58,SEARCH_Y
18.1865,1.2079,0.7403,-0.5933,0.00898,0.18717,-0.00758,0.00,-3.00,0.00,53.1,98.68,634.20,256.58,SEARCH_Y
18.1966,1.3679,0.0803,-0.2233,0.02698,0.19917,-0.01658,0.00,-3.00,0.00,53.2,98.64,634.20,256.58,SEARCH_Y
18.2066,1.3579,0.5503,-0.5333,0.02198,0.19717,-0.00858,0.00,-3.00,0.00,53.2,98.60,634.19,256.58,SEARCH_Y
18.2167,1.3179,0.5803,-0.3333,0.03098,0.19517,-0.00958,0.00,-3.00,0.00,53.2,98.58,634.19,256.58,SEARCH_Y
18.2268,1.1579,0.4503,-0.2233,0.03198,0.20217,-0.00758,0.00,-3.00,0.00,53.2,98.54,634.19,256.58,SEARCH_Y
18.2369,0.9779,0.5403,-0.4733,0.00898,0.19417,-0.00858,0.00,-3.00,0.00,53.2,98.52,634.19,256.58,SEARCH_Y
18.2470,1.1879,0.1403,-0.1633,0.02498,0.19517,-0.01458,0.00,-3.00,0.00,53.2,98.48,634.19,256.58,SEARCH_Y
18.2571,1.3279,0.2503,-0.4533,0.02598,0.19417,-0.00858,0.00,-3.00,0.00,53.3,98.46,634.19,256.58,SEARCH_Y
18.2673,1.3279,0.2503,-0.3633,0.03098,0.19317,-0.00958,0.00,-3.00,0.00,53.3,98.42,634.19,256.58,SEARCH_Y
18.2774,1.1479,0.6203,-0.4133,0.00898,0.19317,-0.01358,0.00,-3.00,0.00,53.3,98.40,634.19,256.58,SEARCH_Y
18.2875,1.1279,0.7603,-0.4333,0.02098,0.18617,-0.00858,0.00,-3.00,0.00,53.3,98.36,634.19,256.58,SEARCH_Y
18.2976,1.3179,0.4603,-0.5933,0.01698,0.19117,-0.01158,0.00,-3.00,0.00,53.3,98.34,634.19,256.58,SEARCH_Y
18.3077,1.3279,0.3303,-0.5233,0.01698,0.18717,-0.01058,0.00,-3.00,0.00,53.3,98.30,634.19,256.58,SEARCH_Y
18.3178,1.1679,0.6003,-0.2933,0.01798,0.19817,-0.01358,0.00,-3.00,0.00,53.4,98.28,634.18,256.58,SEARCH_Y
18.3279,1.3079,0.1403,-0.0933,0.02198,0.20217,-0.01158,0.00,-3.00,0.00,53.4,98.24,634.18,256.58,SEARCH_Y
18.3380,1.3279,0.7803,-0.6733,0.03598,0.18717,-0.00458,0.00,-3.00,0.00,53.4,98.22,634.18,256.58,SEARCH_Y
18.3482,0.9479,0.3403,-0.4633,0.01598,0.19717,-0.01058,0.00,-3.00,0.00,53.4,98.18,634.18,256.58,SEARCH_Y
18.3583,1.2779,0.4003,-0.8033,0.01798,0.18217,-0.01058,0.00,-3.00,0.00,53.4,98.16,634.18,256.58,SEARCH_Y
18.3684,1.0779,0.7303,-0.5533,0.00798,0.18817,-0.00558,0.00,-3.00,0.00,53.4,98.12,634.18,256.58,SEARCH_Y
18.3785,1.1979,0.2803,-0.5933,0.03098,0.19317,-0.01158,0.00,-3.00,0.00,53.4,98.10,634.18,256.57,SEARCH_Y
18.3886,1.0879,0.5003,-0.7433,0.00598,0.17117,-0.00758,0.00,-3.00,0.00,53.5,98.06,634.18,256.57,SEARCH_Y
18.3987,1.3179,0.6703,-0.1733,0.02798,0.19717,-0.00758,0.00,-3.00,0.00,53.5,98.03,634.18,256.57,SEARCH_Y
18.4089,1.2379,0.3903,-0.4933,0.04598,0.19617,-0.00858,0.00,-3.00,0.00,53.5,98.00,634.18,256.57,SEARCH_Y
18.4190,1.2679,0.1503,-0.2133,0.05098,0.19117,-0.01058,0.00,-3.00,0.00,53.5,97.97,634.18,256.57,SEARCH_Y
18.4291,1.0879,0.1203,-0.3933,0.03598,0.19217,-0.00758,0.00,-3.00,0.00,53.5,97.94,634.17,256.57,SEARCH_Y
18.4392,1.1979,0.1603,-0.1633,0.04798,0.19417,-0.00558,0.00,-3.00,0.00,53.5,97.90,634.17,256.57,SEARCH_Y
18.4493,1.1679,0.2003,-0.4133,0.03798,0.18017,-0.00458,0.00,-3.00,0.00,53.6,97.88,634.17,256.57,SEARCH_Y
18.4594,1.0479,0.2603,-0.5533,0.05298,0.18317,-0.00158,0.00,-3.00,0.00,53.6,97.84,634.17,256.57,SEARCH_Y
18.4695,1.2279,0.4303,-0.7333,0.04998,0.18617,-0.00658,0.00,-3.00,0.00,53.6,97.82,634.17,256.57,SEARCH_Y
18.4796,1.3379,0.1103,-0.2233,0.06098,0.19617,-0.00158,0.00,-3.00,0.00,53.6,97.78,634.17,256.57,SEARCH_Y
18.4897,1.1279,0.4803,-0.2733,0.04298,0.19417,-0.00858,0.00,-3.00,0.00,53.6,97.76,634.17,256.57,SEARCH_Y
18.4999,1.2979,0.0303,-0.3833,0.06798,0.18417,-0.00758,0.00,-3.00,0.00,53.6,97.72,634.17,256.57,SEARCH_Y
18.5100,1.1979,0.3503,-0.3133,0.06298,0.18417,0.00141,0.00,-3.00,0.00,53.7,97.70,634.17,256.57,SEARCH_Y
18.5201,1.3079,-0.0596,-0.3733,0.06498,0.17317,-0.00258,0.00,-3.00,0.00,53.7,97.66,634.17,256.57,SEARCH_Y
18.5303,1.2879,0.1903,-0.1633,0.08098,0.16317,0.00441,0.00,-3.00,0.00,53.7,97.64,634.17,256.57,SEARCH_Y
18.5404,1.1079,-0.1496,-0.3933,0.09098,0.16017,0.01041,0.00,-3.00,0.00,53.7,97.60,634.17,256.57,SEARCH_Y
18.5505,0.9879,-0.1296,-0.6133,0.10798,0.14117,0.01541,0.00,-3.00,0.00,53.7,97.58,634.16,256.57,SEARCH_Y
18.5606,0.8879,-0.3696,-0.4933,0.14898,0.13317,0.02841,0.00,-3.00,0.00,53.7,97.54,634.16,256.57,SEARCH_Y
18.5706,0.7779,-0.0696,-0.3933,0.10698,0.13917,0.03341,0.00,-3.00,0.00,53.7,97.52,634.16,256.57,SEARCH_Y
18.5808,0.8279,-0.0796,-0.4433,0.07398,0.14117,0.03441,0.00,-3.00,0.00,53.8,97.48,634.16,256.57,SEARCH_Y
18.5909,0.7379,-0.0396,-0.2433,0.08898,0.12917,0.04041,0.00,-3.00,0.00,53.8,97.45,634.16,256.57,SEARCH_Y
18.6010,0.9679,0.0803,-0.5733,0.09798,0.13117,0.04141,0.00,-3.00,0.00,53.8,97.42,634.16,256.57,SEARCH_Y
18.6111,0.8379,-0.2296,-0.3833,0.08298,0.12917,0.03741,0.00,-3.00,0.00,53.8,97.39,634.16,256.57,SEARCH_Y
18.6213,0.8679,-0.1896,-0.4133,0.09398,0.11817,0.03341,0.00,-3.00,0.00,53.8,97.36,634.16,256.57,SEARCH_Y
18.6315,0.8579,0.1003,-0.2233,0.09398,0.13117,0.03541,0.00,-3.00,0.00,53.8,97.33,634.16,256.57,SEARCH_Y
18.6417,0.8979,-0.1796,-0.3333,0.09798,0.13617,0.03541,0.00,-3.00,0.00,53.9,97.30,634.16,256.57,SEARCH_Y
18.6518,0.6979,-0.1596,-0.3633,0.07498,0.13317,0.03441,0.00,-3.00,0.00,53.9,97.27,634.16,256.57,SEARCH_Y
18.6619,0.7379,0.0303,-0.3733,0.06898,0.14117,0.03841,0.00,-3.00,0.00,53.9,97.24,634.15,256.57,SEARCH_Y
18.6720,0.7379,-0.1296,-0.2933,0.06398,0.12917,0.03841,0.00,-3.00,0.00,53.9,97.21,634.15,256.57,SEARCH_Y
18.6821,1.1779,-0.0496,-0.0333,0.07698,0.13117,0.03941,0.00,-3.00,0.00,53.9,97.18,634.15,256.57,SEARCH_Y
18.6922,0.9379,0.1103,-0.0933,0.05898,0.13717,0.04741,0.00,-3.00,0.00,53.9,97.15,634.15,256.57,SEARCH_Y
18.7023,0.8479,-0.0996,0.1266,0.04698,0.13417,0.04341,0.00,-3.00,0.00,54.0,97.12,634.15,256.57,SEARCH_Y
18.7124,0.6279,0.1403,0.0766,0.03098,0.13317,0.04441,0.00,-3.00,0.00,54.0,97.09,634.15,256.57,SEARCH_Y
18.7226,0.6479,0.1003,-0.0533,0.03998,0.13617,0.05041,0.00,-3.00,0.00,54.0,97.06,634.15,256.57,SEARCH_Y
18.7327,0.6679,-0.1396,0.1666,0.02298,0.12517,0.04441,0.00,-3.00,0.00,54.0,97.03,634.15,256.57,SEARCH_Y
18.7428,0.8479,0.3403,-0.3033,0.04098,0.12517,0.05241,0.00,-3.00,0.00,54.0,96.99,634.15,256.57,SEARCH_Y
18.7529,0.8479,0.3203,-0.3133,0.02798,0.12117,0.05441,0.00,-3.00,0.00,54.0,96.97,634.15,256.57,SEARCH_Y
18.7630,0.8879,0.3403,-0.2233,0.02898,0.12517,0.05041,0.00,-3.00,0.00,54.1,96.93,634.15,256.57,SEARCH_Y
18.7731,0.7679,0.2403,0.0266,0.00598,0.12017,0.05241,0.00,-3.00,0.00,54.1,96.91,634.14,256.57,SEARCH_Y
18.7832,0.8579,0.3003,-0.0433,0.02398,0.13617,0.05041,0.00,-3.00,0.00,54.1,96.87,634.14,256.57,SEARCH_Y
18.7933,0.8179,0.5803,-0.3133,0.00198,0.11817,0.05341,0.00,-3.00,0.00,54.1,96.85,634.14,256.57,SEARCH_Y
18.8034,0.8279,0.2803,0.1166,0.01398,0.13917,0.05541,0.00,-3.00,0.00,54.1,96.81,634.14,256.57,SEARCH_Y
18.8136,0.8879,0.4403,-0.3433,-0.00701,0.12017,0.05741,0.00,-3.00,0.00,54.1,96.79,634.14,256.57,SEARCH_Y
18.8236,0.7279,0.4003,-0.0533,-0.01301,0.12817,0.05641,0.00,-3.00,0.00,54.2,96.75,634.14,256.57,SEARCH_Y
18.8337,0.7879,0.6503,-0.1433,0.00298,0.14017,0.05741,0.00,-3.00,0.00,54.2,96.73,634.14,256.57,SEARCH_Y
18.8439,0.6779,0.2903,-0.1733,-0.01901,0.12917,0.05941,0.00,-3.00,0.00,54.2,96.69,634.14,256.57,SEARCH_Y
18.8540,0.7179,0.1803,0.1766,-0.01401,0.12617,0.06241,0.00,-3.00,0.00,54.2,96.67,634.14,256.57,SEARCH_Y
18.8641,0.6079,0.2603,-0.0733,-0.00901,0.14217,0.05441,0.00,-3.00,0.00,54.2,96.63,634.14,256.57,SEARCH_Y
18.8742,0.7279,0.3703,0.0566,-0.00201,0.13717,0.05841,0.00,-3.00,0.00,54.2,96.61,634.14,256.57,SEARCH_Y
18.8843,0.8079,0.1403,0.2866,-0.02101,0.12917,0.05641,0.00,-3.00,0.00,54.2,96.57,634.13,256.57,SEARCH_Y
18.8944,0.8479,0.3303,0.1166,0.00198,0.14417,0.06041,0.00,-3.00,0.00,54.3,96.54,634.13,256.57,SEARCH_Y
18.9045,0.9479,0.6403,-0.5933,-0.00001,0.12617,0.06041,0.00,-3.00,0.00,54.3,96.51,634.13,256.57,SEARCH_Y
18.9146,0.9179,0.4003,-0.1633,-0.00201,0.12317,0.06141,0.00,-3.00,0.00,54.3,96.48,634.13,256.57,SEARCH_Y
18.9247,0.8279,0.8303,-0.3333,-0.00401,0.13017,0.06041,0.00,-3.00,0.00,54.3,96.45,634.13,256.57,SEARCH_Y
18.9348,0.7679,0.6103,0.1966,-0.00901,0.14017,0.06141,0.00,-3.00,0.00,54.3,96.41,634.13,256.57,SEARCH_Y
18.9450,0.8179,0.7003,-0.3433,-0.01901,0.11717,0.06141,0.00,-3.00,0.00,54.3,96.39,634.13,256.57,SEARCH_Y
18.9551,0.7779,0.9403,-0.1433,-0.01201,0.12917,0.06441,0.00,-3.00,0.00,54.4,96.35,634.13,256.57,SEARCH_Y
18.9652,0.7479,0.7203,-0.2933,-0.03201,0.11517,0.06141,0.00,-3.00,0.00,54.4,96.33,634.13,256.57,SEARCH_Y
18.9753,0.7279,0.4103,0.0266,-0.01401,0.12917,0.06141,0.00,-3.00,0.00,54.4,96.29,634.13,256.57,SEARCH_Y
18.9854,0.7679,0.2903,0.0666,-0.01101,0.13717,0.06141,0.00,-3.00,0.00,54.4,96.27,634.13,256.57,SEARCH_Y
18.9955,0.8279,0.5503,-0.1133,-0.00001,0.13617,0.06041,0.00,-3.00,0.00,54.4,96.23,634.12,256.57,SEARCH_Y
19.0056,0.9579,0.6803,0.0666,0.00998,0.14617,0.06341,0.00,-3.00,0.00,54.4,96.21,634.12,256.57,SEARCH_Y
19.0157,0.9379,0.6203,-0.0433,0.00198,0.13417,0.06241,0.00,-3.00,0.00,54.5,96.17,634.12,256.57,SEARCH_Y
19.0258,0.7379,0.5203,-0.1333,-0.01401,0.13117,0.06141,0.00,-3.00,0.00,54.5,96.15,634.12,256.57,SEARCH_Y
19.0359,0.9779,0.5803,-0.0333,-0.01801,0.12917,0.05841,0.00,-3.00,0.00,54.5,96.11,634.12,256.57,SEARCH_Y
19.0460,0.8979,0.4203,0.0966,-0.00101,0.13517,0.06241,0.00,-3.00,0.00,54.5,96.09,634.12,256.57,SEARCH_Y
19.0561,0.6479,0.7503,-0.2033,-0.01301,0.13917,0.06241,0.00,-3.00,0.00,54.5,96.05,634.12,256.57,SEARCH_Y
19.0663,0.8479,0.4003,-0.1833,0.01198,0.14417,0.06441,0.00,-3.00,0.00,54.5,96.03,634.12,256.56,SEARCH_Y
19.0764,0.9679,0.4103,0.0566,-0.00501,0.13017,0.05841,0.00,-3.00,0.00,54.6,95.99,634.12,256.56,SEARCH_Y
19.0865,1.1079,0.0703,0.1566,0.02098,0.14017,0.05741,0.00,-3.00,0.00,54.6,95.97,634.12,256.56,SEARCH_Y
19.0966,0.8379,0.5103,-0.4233,-0.00601,0.12217,0.06241,0.00,-3.00,0.00,54.6,95.93,634.12,256.56,SEARCH_Y
19.1067,0.6779,0.3403,0.2066,-0.00701,0.14617,0.06241,0.00,-3.00,0.00,54.6,95.90,634.12,256.56,SEARCH_Y
19.1168,0.7879,0.6603,0.0666,-0.01101,0.13417,0.06341,0.00,-3.00,0.00,54.6,95.87,634.11,256.56,SEARCH_Y
19.1269,0.8379,-0.0296,0.1866,-0.00201,0.13817,0.06141,0.00,-3.00,0.00,54.6,95.83,634.11,256.56,SEARCH_Y
19.1371,1.0079,0.7103,-0.4833,-0.01001,0.12517,0.06441,0.00,-3.00,0.00,54.7,95.81,634.11,256.56,SEARCH_Y
19.1472,1.1179,0.3703,0.0766,0.01998,0.13917,0.06041,0.00,-3.00,0.00,54.7,95.77,634.11,256.56,SEARCH_Y
19.1573,0.7679,0.2203,0.1666,-0.02801,0.13117,0.06141,0.00,-3.00,0.00,54.7,95.75,634.11,256.56,SEARCH_Y
19.1675,0.7979,0.5303,0.0566,-0.01601,0.13117,0.06341,0.00,-3.00,0.00,54.7,95.71,634.11,256.56,SEARCH_Y
19.1776,1.0679,0.1403,0.4166,0.02898,0.14817,0.05741,0.00,-3.00,0.00,54.7,95.69,634.11,256.56,SEARCH_Y
19.1877,0.9079,0.5003,-0.1233,0.00598,0.14117,0.06641,0.00,-3.00,0.00,54.7,95.65,634.11,256.56,SEARCH_Y
19.1978,0.8579,0.3703,0.0566,-0.00401,0.13617,0.06641,0.00,-3.00,0.00,54.8,95.63,634.11,256.56,SEARCH_Y
19.2079,0.7779,0.4803,0.1266,-0.01001,0.14317,0.06241,0.00,-3.00,0.00,54.8,95.59,634.11,256.56,SEARCH_Y
19.2180,0.7879,0.4903,-0.1733,-0.03001,0.12017,0.06441,0.00,-3.00,0.00,54.8,95.57,634.11,256.56,SEARCH_Y
19.2281,0.7679,0.2303,0.1166,-0.00701,0.14217,0.06141,0.00,-3.00,0.00,54.8,95.53,634.10,256.56,SEARCH_Y
19.2383,0.7879,0.4703,0.0066,0.00198,0.13817,0.06041,0.00,-3.00,0.00,54.8,95.51,634.10,256.56,SEARCH_Y
19.2484,0.6479,0.5603,0.0866,-0.01201,0.13517,0.06541,0.00,-3.00,0.00,54.8,95.47,634.10,256.56,SEARCH_Y
19.2586,0.7279,0.2303,0.1566,-0.00901,0.13217,0.06241,0.00,-3.00,0.00,54.9,95.45,634.10,256.56,SEARCH_Y
19.2687,1.0279,0.7303,0.0066,0.00398,0.13617,0.06541,0.00,-3.00,0.00,54.9,95.41,634.10,256.56,SEARCH_Y
19.2788,1.0479,0.1803,0.2366,0.00398,0.14217,0.06241,0.00,-3.00,0.00,54.9,95.38,634.10,256.56,SEARCH_Y
19.2889,0.8679,0.3103,-0.0033,0.00298,0.13517,0.06141,0.00,-3.00,0.00,54.9,95.35,634.10,256.56,SEARCH_Y
19.2990,0.6779,0.4503,-0.3333,-0.00001,0.14017,0.06641,0.00,-3.00,0.00,54.9,95.32,634.10,256.56,SEARCH_Y
19.3091,0.7779,0.5703,-0.1233,-0.00301,0.13717,0.06441,0.00,-3.00,0.00,54.9,95.29,634.10,256.56,SEARCH_Y
19.3192,0.9879,0.2203,0.1866,-0.00001,0.13717,0.06441,0.00,-3.00,0.00,55.0,95.26,634.10,256.56,SEARCH_Y
19.3293,0.5879,0.5403,-0.2333,0.00198,0.14217,0.06541,0.00,-3.00,0.00,55.0,95.23,634.10,256.56,SEARCH_Y
19.3394,0.9979,0.4803,0.0066,0.00598,0.14517,0.06441,0.00,-3.00,0.00,55.0,95.20,634.09,256.56,SEARCH_Y
19.3495,0.7679,0.5703,-0.2033,-0.01301,0.13317,0.06341,0.00,-3.00,0.00,55.0,95.17,634.09,256.56,SEARCH_Y
19.3596,0.8279,0.3403,-0.1733,0.00598,0.14217,0.06141,0.00,-3.00,0.00,55.0,95.14,634.09,256.56,SEARCH_Y
19.3698,1.0079,0.5703,-0.3333,-0.00901,0.12517,0.06741,0.00,-3.00,0.00,55.0,95.11,634.09,256.56,SEARCH_Y
19.3799,1.0379,0.0103,0.2266,0.01698,0.14117,0.05841,0.00,-3.00,0.00,55.1,95.08,634.09,256.56,SEARCH_Y
19.3900,0.8279,0.1803,0.2166,0.01098,0.14217,0.06141,0.00,-3.00,0.00,55.1,95.05,634.09,256.56,SEARCH_Y
19.4002,0.6379,0.0503,0.1866,-0.00101,0.14517,0.06241,0.00,-3.00,0.00,55.1,95.02,634.09,256.56,SEARCH_Y
19.4103,1.0679,0.5003,-0.0833,0.00598,0.13717,0.06041,0.00,-3.00,0.00,55.1,94.99,634.09,256.56,SEARCH_Y
19.4204,0.8479,0.2303,0.5066,-0.00001,0.14617,0.05941,0.00,-3.00,0.00,55.1,94.96,634.09,256.56,SEARCH_Y
19.4305,0.9879,0.4803,-0.2533,-0.00801,0.12217,0.06541,0.00,-3.00,0.00,55.1,94.93,634.09,256.56,SEARCH_Y
19.4406,0.9479,0.2203,0.0966,0.01098,0.14117,0.06541,0.00,-3.00,0.00,55.2,94.90,634.09,256.56,SEARCH_Y
19.4507,0.8879,0.5103,0.1866,0.00698,0.14717,0.06641,0.00,-3.00,0.00,55.2,94.86,634.08,256.56,SEARCH_Y
19.4609,0.8579,0.1603,0.0166,0.00198,0.14517,0.06741,0.00,-3.00,0.00,55.2,94.84,634.08,256.56,SEARCH_Y
19.4710,0.7279,0.7203,0.0066,-0.00901,0.14117,0.06541,0.00,-3.00,0.00,55.2,94.80,634.08,256.56,SEARCH_Y
19.4811,0.8779,0.4603,-0.0333,0.00798,0.14717,0.06741,0.00,-3.00,0.00,55.2,94.78,634.08,256.56,SEARCH_Y
19.4912,0.6579,0.3703,0.1266,-0.00201,0.15017,0.06641,0.00,-3.00,0.00,55.3,94.74,634.08,256.56,SEARCH_Y
19.5013,0.9479,0.5903,-0.0033,-0.00301,0.13917,0.06641,0.00,-3.00,0.00,55.3,94.72,634.08,256.56,SEARCH_Y
19.5114,1.0579,0.1703,-0.0333,0.00698,0.14917,0.06541,0.00,-3.00,0.00,55.3,94.68,634.08,256.56,SEARCH_Y
19.5215,0.8079,0.4803,-0.0933,0.00798,0.14817,0.06541,0.00,-3.00,0.00,55.3,94.66,634.08,256.56,SEARCH_Y
19.5316,0.9579,0.2803,0.1166,-0.00501,0.14317,0.06341,0.00,-3.00,0.00,55.3,94.62,634.08,256.56,SEARCH_Y
19.5417,1.1079,0.3703,0.1366,0.00698,0.14617,0.06541,0.00,-3.00,0.00,55.3,94.60,634.08,256.56,SEARCH_Y
19.5519,0.9679,0.4603,0.1366,0.00998,0.14917,0.06241,0.00,-3.00,0.00,55.4,94.56,634.08,256.56,SEARCH_Y
19.5620,0.9179,0.2403,0.1166,0.00698,0.15317,0.06341,0.00,-3.00,0.00,55.4,94.54,634.08,256.56,SEARCH_Y
19.5721,0.9879,0.5003,-0.4233,0.02498,0.14117,0.06441,0.00,-3.00,0.00,55.4,94.50,634.07,256.56,SEARCH_Y
19.5822,0.6479,0.6603,-0.2733,-0.00701,0.14517,0.06641,0.00,-3.00,0.00,55.4,94.47,634.07,256.56,SEARCH_Y
19.5923,1.1079,0.4603,0.0166,0.01598,0.14517,0.06141,0.00,-3.00,0.00,55.4,94.44,634.07,256.56,SEARCH_Y
19.6025,0.8979,0.5303,-0.0533,0.00698,0.14117,0.06541,0.00,-3.00,0.00,55.4,94.41,634.07,256.56,SEARCH_Y
19.6126,0.7779,0.6603,-0.1333,0.00198,0.13917,0.06641,0.00,-3.00,0.00,55.5,94.38,634.07,256.56,SEARCH_Y
19.6227,1.0679,0.4003,-0.1333,0.00598,0.15517,0.06341,0.00,-3.00,0.00,55.5,94.34,634.07,256.56,SEARCH_Y
19.6328,0.9579,0.7303,-0.1833,-0.00201,0.12517,0.06541,0.00,-3.00,0.00,55.5,94.32,634.07,256.56,SEARCH_Y
19.6429,0.7479,0.5003,-0.0533,-0.00701,0.13817,0.06541,0.00,-3.00,0.00,55.5,94.28,634.07,256.56,SEARCH_Y
19.6530,0.7879,0.4303,-0.0933,-0.00501,0.13917,0.06241,0.00,-3.00,0.00,55.5,94.26,634.07,256.56,SEARCH_Y
19.6631,0.7979,0.5003,-0.0033,0.00198,0.14917,0.06741,0.00,-3.00,0.00,55.5,94.22,634.07,256.56,SEARCH_Y
19.6732,0.8679,0.3503,-0.1833,-0.01301,0.13417,0.06341,0.00,-3.00,0.00,55.6,94.20,634.07,256.56,SEARCH_Y
19.6833,0.6679,-0.0296,0.1766,-0.00501,0.15017,0.05841,0.00,-3.00,0.00,55.6,94.16,634.06,256.56,SEARCH_Y
19.6934,0.7379,0.5403,0.0066,-0.03201,0.12517,0.06941,0.00,-3.00,0.00,55.6,94.14,634.06,256.56,SEARCH_Y
19.7035,1.0679,0.0203,0.4366,0.01998,0.15417,0.06141,0.00,-3.00,0.00,55.6,94.10,634.06,256.56,SEARCH_Y
19.7136,0.9279,0.1303,0.1566,-0.00101,0.14417,0.06141,0.00,-3.00,0.00,55.6,94.08,634.06,256.56,SEARCH_Y
19.7237,0.8379,0.0303,0.1766,-0.00601,0.13617,0.06541,0.00,-3.00,0.00,55.6,94.04,634.06,256.56,SEARCH_Y
19.7339,0.7679,0.5303,0.0766,0.01298,0.15417,0.06641,0.00,-3.00,0.00,55.7,94.02,634.06,256.56,SEARCH_Y
19.7440,0.7379,0.2203,0.1266,-0.00601,0.14417,0.06341,0.00,-3.00,0.00,55.7,93.98,634.06,256.56,SEARCH_Y
19.7541,0.9379,0.6103,-0.1433,-0.00901,0.13417,0.06841,0.00,-3.00,0.00,55.7,93.96,634.06,256.55,SEARCH_Y
19.7643,0.8879,0.2903,0.1066,-0.01401,0.13517,0.06541,0.00,-3.00,0.00,55.7,93.92,634.06,256.55,SEARCH_Y
19.7744,0.8679,0.6603,-0.6433,-0.00301,0.13117,0.06841,0.00,-3.00,0.00,55.7,93.90,634.06,256.55,SEARCH_Y
19.7845,0.7079,0.6503,-0.1533,-0.02301,0.14517,0.06641,0.00,-3.00,0.00,55.7,93.86,634.06,256.55,SEARCH_Y
19.7946,0.8979,0.6103,-0.2433,-0.03301,0.12117,0.06641,0.00,-3.00,0.00,55.8,93.84,634.05,256.55,SEARCH_Y
19.8048,0.9179,0.4703,-0.2633,0.00098,0.13917,0.06941,0.00,-3.00,0.00,55.8,93.80,634.05,256.55,SEARCH_Y
19.8149,0.8679,0.4803,-0.2333,-0.00501,0.13717,0.06841,0.00,-3.00,0.00,55.8,93.76,634.05,256.55,SEARCH_Y
19.8249,0.9979,0.4703,0.1666,0.00998,0.15017,0.06741,0.00,-3.00,0.00,55.8,93.74,634.05,256.55,SEARCH_Y
19.8351,0.9479,0.5803,-0.1433,-0.00301,0.13017,0.07241,0.00,-3.00,0.00,55.8,93.70,634.05,256.55,SEARCH_Y
19.8452,0.9779,0.2303,-0.0233,0.00398,0.15317,0.06041,0.00,-3.00,0.00,55.9,93.68,634.05,256.55,SEARCH_Y
19.8553,0.9379,0.5603,-0.3633,0.00798,0.14817,0.06541,0.00,-3.00,0.00,55.9,93.64,634.05,256.55,SEARCH_Y
19.8654,0.9279,0.5803,-0.0233,-0.00501,0.14517,0.06341,0.00,-3.00,0.00,55.9,93.62,634.05,256.55,SEARCH_Y
19.8755,0.8179,0.4103,0.1766,0.00798,0.14917,0.06541,0.00,-3.00,0.00,55.9,93.58,634.05,256.55,SEARCH_Y
19.8856,0.8179,0.3103,0.0766,-0.00001,0.14517,0.06841,0.00,-3.00,0.00,55.9,93.56,634.05,256.55,SEARCH_Y
19.8957,0.8579,0.1403,-0.1233,0.00298,0.14817,0.06541,0.00,-3.00,0.00,55.9,93.52,634.05,256.55,SEARCH_Y
19.9058,0.9879,0.1503,0.2766,0.01698,0.15517,0.06441,0.00,-3.00,0.00,56.0,93.50,634.04,256.55,SEARCH_Y
19.9160,0.8179,0.3303,-0.0033,-0.00801,0.14117,0.06441,0.00,-3.00,0.00,56.0,93.46,634.04,256.55,SEARCH_Y
19.9261,0.8579,0.4203,-0.0933,0.00198,0.15317,0.06941,0.00,-3.00,0.00,56.0,93.44,634.04,256.55,SEARCH_Y
19.9362,0.7679,0.8703,-0.3633,-0.02801,0.12917,0.07141,0.00,-3.00,0.00,56.0,93.40,634.04,256.55,SEARCH_Y
19.9463,1.0279,0.3503,-0.1733,-0.00601,0.13317,0.06241,0.00,-3.00,0.00,56.0,93.38,634.04,256.55,SEARCH_Y
19.9565,0.7879,0.3603,0.1166,-0.00101,0.14617,0.06841,0.00,-3.00,0.00,56.0,93.34,634.04,256.55,SEARCH_Y
19.9665,0.7279,0.3703,-0.0333,-0.01501,0.15117,0.06741,0.00,-3.00,0.00,56.1,93.32,634.04,256.55,SEARCH_Y
19.9766,0.7179,0.5203,-0.1033,-0.00701,0.14617,0.06641,0.00,-3.00,0.00,56.1,93.28,634.04,256.55,SEARCH_Y
19.9867,0.8079,0.7403,-0.1433,-0.01601,0.13817,0.07041,0.00,-3.00,0.00,56.1,93.26,634.04,256.55,SEARCH_Y
19.9969,0.8779,0.4003,0.0666,-0.00101,0.14417,0.06641,0.00,-3.00,0.00,56.1,93.22,634.04,256.55,SEARCH_Y
20.0070,1.0779,0.2703,-0.1133,0.00098,0.14617,0.06441,0.00,-3.00,0.00,56.1,93.19,634.04,256.55,SEARCH_Y
20.0171,1.0179,0.6003,-0.2233,-0.00501,0.13417,0.06341,0.00,-3.00,0.00,56.2,93.16,634.03,256.55,SEARCH_Y
20.0272,0.9179,0.7103,-0.2733,-0.00701,0.14117,0.06441,0.00,-3.00,0.00,56.2,93.13,634.03,256.55,SEARCH_Y
20.0373,0.8379,0.6603,-0.0433,-0.00701,0.14117,0.06641,0.00,-3.00,0.00,56.2,93.10,634.03,256.55,SEARCH_Y
20.0474,0.8879,0.4403,-0.3733,0.00698,0.14317,0.06441,0.00,-3.00,0.00,56.2,93.07,634.03,256.55,SEARCH_Y
20.0575,0.8079,0.0903,0.1666,0.00198,0.15217,0.06541,0.00,-3.00,0.00,56.2,93.04,634.03,256.55,SEARCH_Y
20.0676,0.6879,0.2403,0.1466,-0.00801,0.14617,0.06441,0.00,-3.00,0.00,56.2,93.01,634.03,256.55,SEARCH_Y
20.0778,0.9079,0.6603,-0.3933,-0.00501,0.13917,0.06741,0.00,-3.00,0.00,56.3,92.98,634.03,256.55,SEARCH_Y
20.0879,1.1579,0.3303,-0.1033,0.00998,0.13917,0.06541,0.00,-3.00,0.00,56.3,92.95,634.03,256.55,SEARCH_Y
20.0980,0.8179,0.5503,-0.1833,0.00298,0.14617,0.06941,0.00,-3.00,0.00,56.3,92.92,634.03,256.55,SEARCH_Y
20.1081,0.6479,0.5203,0.1766,-0.01001,0.15217,0.06641,0.00,-3.00,0.00,56.3,92.89,634.03,256.55,SEARCH_Y
20.1182,0.9279,0.4203,-0.2233,-0.00401,0.14117,0.06441,0.00,-3.00,0.00,56.3,92.86,634.03,256.55,SEARCH_Y
20.1283,1.1179,0.2003,0.1466,0.01898,0.15117,0.06541,0.00,-3.00,0.00,56.3,92.83,634.03,256.55,SEARCH_Y
20.1384,0.9779,0.4703,-0.1333,-0.00101,0.14917,0.06741,0.00,-3.00,0.00,56.4,92.80,634.02,256.55,SEARCH_Y
20.1485,0.9579,0.6003,0.0766,0.01998,0.15817,0.06641,0.00,-3.00,0.00,56.4,92.77,634.02,256.55,SEARCH_Y
20.1586,1.0079,0.3003,0.2566,0.01298,0.15117,0.06341,0.00,-3.00,0.00,56.4,92.74,634.02,256.55,SEARCH_Y
20.1687,0.9379,0.3503,-0.2033,0.00698,0.14117,0.06441,0.00,-3.00,0.00,56.4,92.71,634.02,256.55,SEARCH_Y
20.1789,1.0679,0.4603,-0.0733,-0.00601,0.13317,0.06741,0.00,-3.00,0.00,56.4,92.67,634.02,256.55,SEARCH_Y
20.1890,0.8379,0.4703,-0.0333,-0.00201,0.14717,0.07141,0.00,-3.00,0.00,56.5,92.65,634.02,256.55,SEARCH_Y
20.1991,0.8979,0.5303,0.0866,0.00598,0.15317,0.06341,0.00,-3.00,0.00,56.5,92.61,634.02,256.55,SEARCH_Y
20.2092,0.8579,0.5503,-0.0633,0.00598,0.15117,0.06741,0.00,-3.00,0.00,56.5,92.59,634.02,256.55,SEARCH_Y
20.2193,1.0479,0.1803,0.3166,0.01698,0.15317,0.06641,0.00,-3.00,0.00,56.5,92.55,634.02,256.55,SEARCH_Y
20.2294,1.0279,0.2103,0.0066,0.00698,0.14617,0.06741,0.00,-3.00,0.00,56.5,92.53,634.02,256.55,SEARCH_Y
20.2395,0.6079,0.6803,-0.0833,-0.01101,0.15617,0.06941,0.00,-3.00,0.00,56.5,92.49,634.02,256.55,SEARCH_Y
20.2496,1.0379,0.4603,0.1966,0.00398,0.15317,0.06841,0.00,-3.00,0.00,56.6,92.47,634.01,256.55,SEARCH_Y
20.2598,0.8779,0.5603,0.0366,-0.00801,0.13717,0.07141,0.00,-3.00,0.00,56.6,92.43,634.01,256.55,SEARCH_Y
20.2699,0.7279,0.4403,0.1666,-0.00401,0.15617,0.07041,0.00,-3.00,0.00,56.6,92.41,634.01,256.55,SEARCH_Y
20.2800,1.0879,0.3903,0.0766,0.00798,0.14817,0.07041,0.00,-3.00,0.00,56.6,92.37,634.01,256.55,SEARCH_Y
20.2901,0.9879,0.3403,0.1966,0.00998,0.14917,0.06941,0.00,-3.00,0.00,56.6,92.34,634.01,256.55,SEARCH_Y
20.3002,0.5379,0.2903,0.2066,-0.00901,0.15917,0.06441,0.00,-3.00,0.00,56.6,92.31,634.01,256.55,SEARCH_Y
20.3103,0.9279,0.6003,0.1766,0.00198,0.14917,0.06641,0.00,-3.00,0.00,56.7,92.28,634.01,256.55,SEARCH_Y
20.3205,1.0379,0.5003,0.2666,0.00698,0.14617,0.06741,0.00,-3.00,0.00,56.7,92.25,634.01,256.55,SEARCH_Y
20.3306,1.0479,0.5903,-0.1033,0.01998,0.15717,0.06541,0.00,-3.00,0.00,56.7,92.22,634.01,256.55,SEARCH_Y
20.3406,1.0279,0.6303,-0.2333,0.00098,0.14117,0.06441,0.00,-3.00,0.00,56.7,92.19,634.01,256.55,SEARCH_Y
20.3508,0.9079,0.5203,-0.0533,0.01198,0.16017,0.06641,0.00,-3.00,0.00,56.7,92.15,634.01,256.55,SEARCH_Y
20.3609,0.9979,-0.0496,0.2066,0.00398,0.15117,0.06441,0.00,-3.00,0.00,56.8,92.13,634.00,256.55,SEARCH_Y
20.3710,0.7879,0.6603,-0.3133,-0.01401,0.14417,0.07041,0.00,-3.00,0.00,56.8,92.09,634.00,256.55,SEARCH_Y
20.3811,0.7979,0.5303,0.0366,-0.02801,0.14517,0.06941,0.00,-3.00,0.00,56.8,92.07,634.00,256.55,SEARCH_Y
20.3912,0.9779,0.3803,-0.0033,-0.00201,0.14417,0.07141,0.00,-3.00,0.00,56.8,92.03,634.00,256.55,SEARCH_Y
20.4014,0.7879,0.4603,0.0566,-0.01001,0.14117,0.07141,0.00,-3.00,0.00,56.8,92.01,634.00,256.55,SEARCH_Y
20.4115,0.7879,0.4203,0.1066,0.00398,0.15617,0.06841,0.00,-3.00,0.00,56.8,91.97,634.00,256.55,SEARCH_Y
20.4216,0.7379,0.4803,-0.1333,0.00398,0.14917,0.06541,0.00,-3.00,0.00,56.9,91.95,634.00,256.55,SEARCH_Y
20.4317,1.0079,0.3103,-0.0433,-0.00001,0.14317,0.06741,0.00,-3.00,0.00,56.9,91.91,634.00,256.55,SEARCH_Y
20.4418,0.6679,0.4803,-0.1833,-0.00001,0.14617,0.06641,0.00,-3.00,0.00,56.9,91.89,634.00,256.55,SEARCH_Y
20.4519,0.9979,0.7803,-0.4333,-0.00001,0.13117,0.06841,0.00,-3.00,0.00,56.9,91.85,634.00,256.54,SEARCH_Y
20.4620,0.8679,0.4603,-0.2033,-0.00701,0.14417,0.06841,0.00,-3.00,0.00,56.9,91.83,634.00,256.54,SEARCH_Y
20.4721,1.0679,0.4003,-0.2133,0.03598,0.14617,0.07141,0.00,-3.00,0.00,57.0,91.79,633.99,256.54,SEARCH_Y
20.4822,0.8879,0.3003,-0.1533,0.01798,0.13817,0.06841,0.00,-3.00,0.00,57.0,91.77,633.99,256.54,SEARCH_Y
20.4923,0.7279,0.7203,-0.3733,-0.00801,0.14017,0.07041,0.00,-3.00,0.00,57.0,91.73,633.99,256.54,SEARCH_Y
20.5024,0.9079,0.2903,-0.2733,0.02198,0.13617,0.07141,0.00,-3.00,0.00,57.0,91.71,633.99,256.54,SEARCH_Y
20.5125,0.8279,0.3803,-0.3233,0.02498,0.14517,0.07041,0.00,-3.00,0.00,57.0,91.67,633.99,256.54,SEARCH_Y
20.5226,0.9379,0.2903,-0.1233,0.01698,0.13617,0.06941,0.00,-3.00,0.00,57.0,91.65,633.99,256.54,SEARCH_Y
20.5327,0.8479,0.1103,-0.1333,0.02698,0.13917,0.07041,0.00,-3.00,0.00,57.1,91.61,633.99,256.54,SEARCH_Y
20.5429,0.7779,0.3603,-0.2133,0.00898,0.13817,0.06741,0.00,-3.00,0.00,57.1,91.57,633.99,256.54,SEARCH_Y
20.5530,0.7879,0.1903,-0.1133,0.01298,0.15417,0.06741,0.00,-3.00,0.00,57.1,91.55,633.99,256.54,SEARCH_Y
20.5631,0.6479,0.3603,-0.1533,0.01298,0.14217,0.07141,0.00,-3.00,0.00,57.1,91.51,633.99,256.54,SEARCH_Y
20.5733,0.9879,0.1703,-0.2833,0.03298,0.14317,0.06441,0.00,-3.00,0.00,57.1,91.49,633.99,256.54,SEARCH_Y
20.5834,0.7179,0.2803,-0.1533,0.01198,0.14917,0.06741,0.00,-3.00,0.00,57.2,91.45,633.98,256.54,SEARCH_Y
20.5935,0.9079,0.1203,-0.2633,0.03398,0.14617,0.06941,0.00,-3.00,0.00,57.2,91.43,633.98,256.54,SEARCH_Y
20.6036,0.8579,0.2903,-0.2633,0.02498,0.14617,0.06641,0.00,-3.00,0.00,57.2,91.39,633.98,256.54,SEARCH_Y
20.6138,0.9679,0.2303,-0.3933,0.00998,0.12817,0.06641,0.00,-3.00,0.00,57.2,91.37,633.98,256.54,SEARCH_Y
20.6239,0.9379,0.4003,-0.4833,0.02098,0.14417,0.06441,0.00,-3.00,0.00,57.2,91.33,633.98,256.54,SEARCH_Y
20.6340,1.0879,0.4403,-0.4833,0.00998,0.14017,0.06241,0.00,-3.00,0.00,57.2,91.31,633.98,256.54,SEARCH_Y
20.6441,0.7579,0.4803,-0.6933,-0.01201,0.14517,0.06441,0.00,-3.00,0.00,57.3,91.27,633.98,256.54,SEARCH_Y
20.6542,0.9879,0.3603,-0.5233,-0.00701,0.13817,0.06341,0.00,-3.00,0.00,57.3,91.25,633.98,256.54,SEARCH_Y
20.6643,0.9579,0.3503,-0.5133,-0.00101,0.15717,0.06641,0.00,-3.00,0.00,57.3,91.21,633.98,256.54,SEARCH_Y
20.6744,0.9479,0.7403,-0.8633,0.01498,0.15717,0.06641,0.00,-3.00,0.00,57.3,91.19,633.98,256.54,SEARCH_Y
20.6846,0.8779,0.7903,-0.6733,-0.02201,0.14817,0.06541,0.00,-3.00,0.00,57.3,91.15,633.98,256.54,SEARCH_Y
20.6946,0.8979,1.0803,-0.8333,-0.03201,0.15617,0.06741,0.00,-3.00,0.00,57.4,91.13,633.98,256.54,SEARCH_Y
20.7048,1.1779,0.5603,-0.5833,-0.02901,0.16417,0.06041,0.00,-3.00,0.00,57.4,91.09,633.97,256.54,SEARCH_Y
20.7149,1.1279,0.3003,-0.1733,-0.01401,0.17917,0.06041,0.00,-3.00,0.00,57.4,91.06,633.97,256.54,SEARCH_Y
20.7250,0.9879,0.7303,-0.9433,-0.05101,0.17217,0.05941,0.00,-3.00,0.00,57.4,91.03,633.97,256.54,SEARCH_Y
20.7351,1.3879,0.4803,-0.9033,-0.01901,0.18117,0.05641,0.00,-3.00,0.00,57.4,91.00,633.97,256.54,SEARCH_Y
20.7452,1.0879,0.4203,-0.7533,-0.05601,0.18217,0.05941,0.00,-3.00,0.00,57.4,90.97,633.97,256.54,SEARCH_Y
20.7554,1.1679,0.4603,-0.5933,-0.02401,0.20817,0.05741,0.00,-3.00,0.00,57.5,90.94,633.97,256.54,SEARCH_Y
20.7655,1.1779,0.5503,-0.9933,-0.02901,0.20617,0.05841,0.00,-3.00,0.00,57.5,90.91,633.97,256.54,SEARCH_Y
20.7756,1.1679,0.4803,-0.7233,-0.03301,0.20517,0.05841,0.00,-3.00,0.00,57.5,90.88,633.97,256.54,SEARCH_Y
20.7857,1.2079,0.6003,-0.8433,-0.02901,0.21117,0.06041,0.00,-3.00,0.00,57.5,90.85,633.97,256.54,SEARCH_Y
20.7958,1.3479,0.8503,-0.8333,-0.04701,0.21217,0.06141,0.00,-3.00,0.00,57.5,90.82,633.97,256.54,SEARCH_Y
20.8060,1.2479,0.7703,-1.0033,-0.02001,0.23017,0.06541,0.00,-3.00,0.00,57.6,90.79,633.97,256.54,SEARCH_Y
20.8161,1.4979,0.7503,-0.9033,-0.03101,0.21117,0.06541,0.00,-3.00,0.00,57.6,90.76,633.96,256.54,SEARCH_Y
20.8262,1.4179,0.8103,-0.8333,-0.02701,0.22817,0.06341,0.00,-3.00,0.00,57.6,90.73,633.96,256.54,SEARCH_Y
20.8363,1.3979,0.2503,-0.3733,0.00298,0.25517,0.06241,0.00,-3.00,0.00,57.6,90.70,633.96,256.54,SEARCH_Y
20.8464,1.4779,0.4403,-0.7233,0.00798,0.24517,0.06341,0.00,-3.00,0.00,57.6,90.67,633.96,256.54,SEARCH_Y
20.8565,1.6579,0.6303,-0.9033,0.00298,0.23217,0.06841,0.00,-3.00,0.00,57.7,90.64,633.96,256.54,SEARCH_Y
20.8666,1.5579,0.6503,-0.6633,0.00498,0.25317,0.06841,0.00,-3.00,0.00,57.7,90.61,633.96,256.54,SEARCH_Y
20.8768,1.3179,0.7103,-0.9733,0.00998,0.25617,0.07041,0.00,-3.00,0.00,57.7,90.58,633.96,256.54,SEARCH_Y
20.8869,1.5779,0.3503,-0.5233,-0.00801,0.25417,0.06741,0.00,-3.00,0.00,57.7,90.54,633.96,256.54,SEARCH_Y
20.8970,1.4579,0.0303,-0.4733,0.01398,0.27417,0.06441,0.00,-3.00,0.00,57.7,90.52,633.96,256.54,SEARCH_Y
20.9071,1.7579,0.4003,-0.8033,0.00698,0.26617,0.06741,0.00,-3.00,0.00,57.7,90.48,633.96,256.54,SEARCH_Y
20.9172,1.2979,0.3503,-0.3633,-0.00501,0.28017,0.06941,0.00,-3.00,0.00,57.8,90.46,633.96,256.54,SEARCH_Y
20.9273,1.5479,0.4103,-0.5133,0.01198,0.28817,0.06541,0.00,-3.00,0.00,57.8,90.42,633.95,256.54,SEARCH_Y
20.9374,1.6979,0.6003,-0.6933,0.01198,0.27917,0.06941,0.00,-3.00,0.00,57.8,90.40,633.95,256.54,SEARCH_Y
20.9475,1.6079,0.7503,-0.8333,0.00598,0.27617,0.07441,0.00,-3.00,0.00,57.8,90.36,633.95,256.54,SEARCH_Y
20.9576,1.5479,0.0903,-0.7733,0.00098,0.27517,0.06941,0.00,-3.00,0.00,57.8,90.34,633.95,256.54,SEARCH_Y
20.9678,1.5779,0.3803,-0.3933,0.00398,0.27917,0.07141,0.00,-3.00,0.00,57.9,90.30,633.95,256.54,SEARCH_Y
20.9779,1.5379,0.6303,-0.5433,-0.01301,0.28117,0.07141,0.00,-3.00,0.00,57.9,90.28,633.95,256.54,SEARCH_Y
20.9880,1.6579,0.8703,-0.8833,-0.01701,0.27717,0.07441,0.00,-3.00,0.00,57.9,90.24,633.95,256.54,SEARCH_Y
20.9982,1.4979,1.0003,-0.4633,-0.03001,0.28517,0.07241,0.00,-3.00,0.00,57.9,90.22,633.95,256.54,SEARCH_Y
21.0083,1.5879,0.4403,-0.2233,-0.01101,0.30417,0.06941,0.00,-3.00,0.00,57.9,90.18,633.95,256.54,SEARCH_Y
21.0184,1.6179,0.6903,-0.6933,-0.01501,0.28017,0.06841,0.00,-3.00,0.00,57.9,90.15,633.95,256.54,SEARCH_Y
21.0285,1.5379,0.5503,-0.1633,-0.02001,0.30017,0.06541,0.00,-3.00,0.00,58.0,90.12,633.95,256.54,SEARCH_Y
21.0386,1.6879,0.5203,-0.4033,0.01298,0.30017,0.07141,0.00,-3.00,0.00,58.0,90.09,633.94,256.54,SEARCH_Y
21.0487,1.6579,0.2203,-0.3033,0.01198,0.29417,0.06941,0.00,-3.00,0.00,58.0,90.06,633.94,256.54,SEARCH_Y
21.0588,1.6979,0.4003,-0.4033,0.00498,0.28217,0.07241,0.00,-3.00,0.00,58.0,90.02,633.94,256.54,SEARCH_Y
21.0689,1.5179,0.5703,-0.5833,0.01698,0.29517,0.07341,0.00,-3.00,0.00,58.0,90.00,633.94,256.54,SEARCH_Y
21.0790,1.7579,0.4103,-0.7433,0.01598,0.29117,0.07141,0.00,-3.00,0.00,58.1,89.96,633.94,256.54,SEARCH_Y
21.0891,1.7879,0.7003,-0.5133,0.01098,0.29017,0.07441,0.00,-3.00,0.00,58.1,89.94,633.94,256.54,SEARCH_Y
21.0993,1.6879,0.5003,-0.5633,0.01798,0.28817,0.07441,0.00,-3.00,0.00,58.1,89.90,633.94,256.54,SEARCH_Y
21.1094,1.5879,0.3603,-0.5733,0.02098,0.29217,0.07741,0.00,-3.00,0.00,58.1,89.88,633.94,256.54,SEARCH_Y
21.1195,1.6379,0.3003,-0.5933,0.02298,0.28617,0.07641,0.00,-3.00,0.00,58.1,89.84,633.94,256.54,SEARCH_Y
21.1296,1.6479,0.5903,-0.7433,0.00998,0.27717,0.07941,0.00,-3.00,0.00,58.2,89.82,633.94,256.54,SEARCH_Y
21.1396,1.5679,0.3303,-0.3633,0.00698,0.28517,0.07641,0.00,-3.00,0.00,58.2,89.78,633.94,256.53,SEARCH_Y
21.1497,1.5079,0.6503,-0.6933,-0.00801,0.27317,0.07641,0.00,-3.00,0.00,58.2,89.76,633.93,256.53,SEARCH_Y
21.1598,1.6679,0.2703,-0.3733,0.02898,0.28517,0.07541,0.00,-3.00,0.00,58.2,89.72,633.93,256.53,SEARCH_Y
21.1699,1.6179,0.7203,-0.7233,0.01198,0.28017,0.07541,0.00,-3.00,0.00,58.2,89.70,633.93,256.53,SEARCH_Y
21.1801,1.3879,0.2903,-0.3833,-0.00101,0.29117,0.07141,0.00,-3.00,0.00,58.2,89.66,633.93,256.53,SEARCH_Y
21.1902,1.5779,0.7503,-0.5333,-0.01301,0.27517,0.07341,0.00,-3.00,0.00,58.3,89.64,633.93,256.53,SEARCH_Y
21.2003,1.6179,0.3203,-0.1533,-0.01601,0.27817,0.07241,0.00,-3.00,0.00,58.3,89.60,633.93,256.53,SEARCH_Y
21.2104,1.7579,0.4303,-0.7533,0.03098,0.29017,0.07341,0.00,-3.00,0.00,58.3,89.58,633.93,256.53,SEARCH_Y
21.2206,1.6379,0.3403,-0.4033,0.00398,0.27417,0.07041,0.00,-3.00,0.00,58.3,89.54,633.93,256.53,SEARCH_Y
21.2307,1.5379,0.3603,-0.5533,-0.00101,0.26917,0.07741,0.00,-3.00,0.00,58.3,89.52,633.93,256.53,SEARCH_Y
21.2408,1.5179,0.6203,-0.6533,0.03098,0.28417,0.07741,0.00,-3.00,0.00,58.4,89.48,633.93,256.53,SEARCH_Y
21.2509,1.7079,0.2403,-0.0533,0.02198,0.28517,0.07341,0.00,-3.00,0.00,58.4,89.44,633.93,256.53,SEARCH_Y
21.2610,1.5479,0.1303,-0.4433,0.02698,0.27717,0.07341,0.00,-3.00,0.00,58.4,89.42,633.93,256.53,SEARCH_Y
21.2712,1.5279,0.2303,-0.3233,0.02598,0.27717,0.07741,0.00,-3.00,0.00,58.4,89.38,633.92,256.53,SEARCH_Y
21.2813,1.4779,0.3203,-0.6833,0.02398,0.27217,0.07841,0.00,-3.00,0.00,58.4,89.36,633.92,256.53,SEARCH_Y
21.2914,1.6079,0.6103,-0.6933,0.03298,0.26417,0.08041,0.00,-3.00,0.00,58.5,89.32,633.92,256.53,SEARCH_Y
21.3015,1.5379,0.2503,-0.2433,0.02998,0.26817,0.07441,0.00,-3.00,0.00,58.5,89.30,633.92,256.53,SEARCH_Y
21.3116,1.4779,0.1503,-0.4433,0.02898,0.26417,0.07641,0.00,-3.00,0.00,58.5,89.26,633.92,256.53,SEARCH_Y
21.3217,1.3279,0.1903,-0.3833,0.02298,0.26917,0.07541,0.00,-3.00,0.00,58.5,89.24,633.92,256.53,SEARCH_Y
21.3318,1.4979,0.2703,-0.3433,0.00898,0.27017,0.07441,0.00,-3.00,0.00,58.5,89.20,633.92,256.53,SEARCH_Y
21.3419,1.5679,0.3703,-0.2633,0.02898,0.26817,0.08141,0.00,-3.00,0.00,58.5,89.18,633.92,256.53,SEARCH_Y
21.3520,1.4979,0.3603,-0.0533,0.03798,0.26717,0.07841,0.00,-3.00,0.00,58.6,89.14,633.92,256.53,SEARCH_Y
21.3621,1.6879,0.4103,-0.4833,0.04898,0.26517,0.07441,0.00,-3.00,0.00,58.6,89.12,633.92,256.53,SEARCH_Y
21.3723,1.3879,0.3703,-0.3233,0.01798,0.26217,0.08141,0.00,-3.00,0.00,58.6,89.08,633.92,256.53,SEARCH_Y
21.3823,1.5979,0.3003,-0.1233,0.03598,0.26117,0.07541,0.00,-3.00,0.00,58.6,89.06,633.91,256.53,SEARCH_Y
21.3925,1.5579,0.0803,-0.3433,0.02098,0.25517,0.07441,0.00,-3.00,0.00,58.6,89.02,633.91,256.53,SEARCH_Y
21.4026,1.5779,0.6703,-0.6033,0.00898,0.24317,0.07441,0.00,-3.00,0.00,58.7,89.00,633.91,256.53,SEARCH_Y
21.4127,1.5379,0.4903,-0.1933,0.02998,0.26517,0.07941,0.00,-3.00,0.00,58.7,88.96,633.91,256.53,SEARCH_Y
21.4228,1.3879,0.5203,-0.5033,0.02298,0.25817,0.07541,0.00,-3.00,0.00,58.7,88.94,633.91,256.53,SEARCH_Y
21.4329,1.4079,0.7003,-0.5733,0.01698,0.25317,0.07841,0.00,-3.00,0.00,58.7,88.90,633.91,256.53,SEARCH_Y
21.4430,1.3779,0.4603,-0.3533,0.01098,0.25417,0.08341,0.00,-3.00,0.00,58.7,88.87,633.91,256.53,SEARCH_Y
21.4531,1.3179,0.5303,-0.3733,0.01498,0.25217,0.07241,0.00,-3.00,0.00,58.8,88.84,633.91,256.53,SEARCH_Y
21.4632,1.4879,0.3503,-0.3633,0.02898,0.26517,0.07641,0.00,-3.00,0.00,58.8,88.81,633.91,256.53,SEARCH_Y
21.4734,1.3479,0.5103,-0.3933,0.00398,0.25217,0.07441,0.00,-3.00,0.00,58.8,88.78,633.91,256.53,SEARCH_Y
21.4835,1.4079,0.4003,-0.2433,0.01698,0.24917,0.07441,0.00,-3.00,0.00,58.8,88.75,633.91,256.53,SEARCH_Y
21.4936,1.5079,0.1703,-0.1033,0.01498,0.24017,0.07541,0.00,-3.00,0.00,58.8,88.72,633.90,256.53,SEARCH_Y
21.5037,1.3079,0.3203,0.1866,0.01398,0.24717,0.07441,0.00,-3.00,0.00,58.9,88.69,633.90,256.53,SEARCH_Y
21.5138,1.5179,0.4603,0.2166,0.00798,0.22317,0.07341,0.00,-3.00,0.00,58.9,88.66,633.90,256.53,SEARCH_Y
21.5240,1.0979,0.6603,-0.0733,-0.01201,0.20417,0.07841,0.00,-3.00,0.00,58.9,88.63,633.90,256.53,SEARCH_Y
21.5341,1.0979,0.5903,0.1766,-0.00401,0.21317,0.07341,0.00,-3.00,0.00,58.9,88.60,633.90,256.53,SEARCH_Y
21.5442,1.2779,0.2303,-0.0533,0.00998,0.20817,0.07341,0.00,-3.00,0.00,58.9,88.57,633.90,256.53,SEARCH_Y
21.5543,1.1879,0.1503,0.0666,-0.00701,0.18917,0.07541,0.00,-3.00,0.00,58.9,88.54,633.90,256.53,SEARCH_Y
21.5645,1.1279,0.2603,0.1966,-0.00701,0.18917,0.07341,0.00,-3.00,0.00,59.0,88.51,633.90,256.53,SEARCH_Y
21.5747,1.2079,0.0303,-0.1733,0.00198,0.18917,0.06741,0.00,-3.00,0.00,59.0,88.48,633.90,256.53,SEARCH_Y
21.5848,1.2279,0.5803,-0.1133,0.01298,0.18917,0.07341,0.00,-3.00,0.00,59.0,88.45,633.90,256.53,SEARCH_Y
21.5949,1.0679,0.7303,-0.1533,-0.00301,0.18717,0.07341,0.00,-3.00,0.00,59.0,88.41,633.90,256.53,SEARCH_Y
21.6050,0.9179,0.4703,0.0566,-0.00701,0.19317,0.07441,0.00,-3.00,0.00,59.0,88.39,633.89,256.53,SEARCH_Y
21.6151,0.9379,0.7303,-0.3333,-0.00601,0.17817,0.07141,0.00,-3.00,0.00,59.1,88.35,633.89,256.53,SEARCH_Y
21.6252,1.0179,0.5903,-0.1133,-0.00601,0.17517,0.07341,0.00,-3.00,0.00,59.1,88.33,633.89,256.53,SEARCH_Y
21.6353,0.8979,0.4903,-0.0733,-0.02301,0.17217,0.06941,0.00,-3.00,0.00,59.1,88.29,633.89,256.53,SEARCH_Y
21.6454,1.0279,0.4703,-0.2433,-0.00201,0.16317,0.07241,0.00,-3.00,0.00,59.1,88.27,633.89,256.53,SEARCH_Y
21.6555,1.0779,0.3603,0.0166,-0.01201,0.17617,0.07141,0.00,-3.00,0.00,59.1,88.23,633.89,256.53,SEARCH_Y
21.6656,1.0079,0.4403,0.0166,0.00498,0.17817,0.07041,0.00,-3.00,0.00,59.2,88.21,633.89,256.53,SEARCH_Y
21.6757,0.9379,0.5503,-0.1133,-0.03101,0.15217,0.07241,0.00,-3.00,0.00,59.2,88.17,633.89,256.53,SEARCH_Y
21.6858,0.7779,0.6303,-0.1633,-0.02501,0.16317,0.07041,0.00,-3.00,0.00,59.2,88.15,633.89,256.53,SEARCH_Y
21.6959,0.9079,0.4303,0.2166,0.00098,0.17817,0.06941,0.00,-3.00,0.00,59.2,88.11,633.89,256.53,SEARCH_Y
21.7061,0.8179,0.2603,0.1466,-0.01001,0.17717,0.06741,0.00,-3.00,0.00,59.2,88.09,633.89,256.53,SEARCH_Y
21.7162,0.9779,0.2203,0.4766,0.00698,0.17917,0.06841,0.00,-3.00,0.00,59.3,88.05,633.88,256.53,SEARCH_Y
21.7263,1.0879,0.6503,0.0066,-0.00201,0.17117,0.06841,0.00,-3.00,0.00,59.3,88.02,633.88,256.53,SEARCH_Y
21.7364,1.1779,0.5303,-0.0133,0.00098,0.16417,0.07041,0.00,-3.00,0.00,59.3,87.99,633.88,256.53,SEARCH_Y
21.7465,1.2679,0.3803,0.1166,0.00798,0.16417,0.06841,0.00,-3.00,0.00,59.3,87.96,633.88,256.53,SEARCH_Y
21.7566,1.1979,0.2803,0.0666,0.00798,0.16017,0.06741,0.00,-3.00,0.00,59.3,87.93,633.88,256.53,SEARCH_Y
21.7668,0.9779,0.6603,0.0066,0.01198,0.17317,0.06941,0.00,-3.00,0.00,59.4,87.90,633.88,256.53,SEARCH_Y
21.7769,0.9379,0.4303,0.2866,0.00198,0.16917,0.07041,0.00,-3.00,0.00,59.4,87.87,633.88,256.53,SEARCH_Y
21.7870,1.0179,0.1703,0.0966,0.00998,0.17517,0.06541,0.00,-3.00,0.00,59.4,87.83,633.88,256.53,SEARCH_Y
21.7971,1.0079,0.4003,0.0566,0.01198,0.17217,0.07341,0.00,-3.00,0.00,59.4,87.81,633.88,256.53,SEARCH_Y
21.8072,1.1479,0.5203,-0.2233,0.01698,0.16517,0.06741,0.00,-3.00,0.00,59.4,87.77,633.88,256.53,SEARCH_Y
21.8173,1.0179,0.3003,0.3766,-0.00801,0.17217,0.06741,0.00,-3.00,0.00,59.5,87.75,633.88,256.53,SEARCH_Y
21.8274,1.0679,0.3603,0.1366,0.00398,0.16217,0.06641,0.00,-3.00,0.00,59.5,87.71,633.87,256.52,SEARCH_Y
21.8375,0.8579,0.2003,-0.0233,-0.01001,0.16217,0.07141,0.00,-3.00,0.00,59.5,87.69,633.87,256.52,SEARCH_Y
21.8476,0.9279,0.5803,-0.2533,-0.00801,0.16517,0.06641,0.00,-3.00,0.00,59.5,87.65,633.87,256.52,SEARCH_Y
21.8578,0.8179,0.2003,0.3066,-0.00201,0.16417,0.06841,0.00,-3.00,0.00,59.5,87.63,633.87,256.52,SEARCH_Y
21.8679,1.0579,0.7003,-0.2633,-0.01301,0.14917,0.07241,0.00,-3.00,0.00,59.6,87.59,633.87,256.52,SEARCH_Y
21.8780,0.9579,0.5303,-0.1533,-0.00401,0.16217,0.06841,0.00,-3.00,0.00,59.6,87.57,633.87,256.52,SEARCH_Y
21.8881,1.0279,0.4603,-0.3333,-0.00801,0.14717,0.06841,0.00,-3.00,0.00,59.6,87.53,633.87,256.52,SEARCH_Y
21.8982,0.8279,0.5303,-0.0433,-0.00901,0.16317,0.06741,0.00,-3.00,0.00,59.6,87.51,633.87,256.52,SEARCH_Y
21.9083,0.9279,0.2303,0.3466,0.00498,0.16617,0.06641,0.00,-3.00,0.00,59.6,87.47,633.87,256.52,SEARCH_Y
21.9184,0.9379,0.4203,-0.0133,-0.02801,0.14417,0.06941,0.00,-3.00,0.00,59.6,87.45,633.87,256.52,SEARCH_Y
21.9285,1.0479,0.4803,-0.0033,0.01098,0.16017,0.06741,0.00,-3.00,0.00,59.7,87.41,633.87,256.52,SEARCH_Y
21.9386,1.0079,0.2803,-0.0333,0.00398,0.16217,0.06741,0.00,-3.00,0.00,59.7,87.39,633.87,256.52,SEARCH_Y
21.9488,0.7379,0.5803,-0.0533,-0.00101,0.16917,0.06841,0.00,-3.00,0.00,59.7,87.35,633.86,256.52,SEARCH_Y
21.9589,1.0079,0.6203,-0.2933,-0.01201,0.14417,0.06741,0.00,-3.00,0.00,59.7,87.33,633.86,256.52,SEARCH_Y
21.9690,0.9179,0.4703,0.3166,-0.01001,0.16517,0.06741,0.00,-3.00,0.00,59.7,87.29,633.86,256.52,SEARCH_Y
21.9791,0.8579,0.3703,0.2966,-0.02001,0.16517,0.06841,0.00,-3.00,0.00,59.8,87.25,633.86,256.52,SEARCH_Y
21.9892,0.7979,0.3603,0.1466,0.00198,0.16317,0.06641,0.00,-3.00,0.00,59.8,87.23,633.86,256.52,SEARCH_Y
21.9993,1.2179,0.6303,0.2266,-0.00101,0.15417,0.06441,0.00,-3.00,0.00,59.8,87.19,633.86,256.52,SEARCH_Y
22.0094,0.9679,0.6903,-0.1833,0.00598,0.16417,0.07141,0.00,-3.00,0.00,59.8,87.17,633.86,256.52,SEARCH_Y
22.0196,0.9879,0.1703,0.4366,-0.00101,0.15817,0.06241,0.00,-3.00,0.00,59.8,87.13,633.86,256.52,SEARCH_Y
22.0297,0.8979,0.4703,0.3666,0.00498,0.16517,0.06741,0.00,-3.00,0.00,59.9,87.11,633.86,256.52,SEARCH_Y
22.0398,1.1379,0.3503,-0.1733,0.00098,0.14917,0.06741,0.00,-3.00,0.00,59.9,87.07,633.86,256.52,SEARCH_Y
22.0499,0.9379,0.7903,0.1166,0.00798,0.16217,0.06941,0.00,-3.00,0.00,59.9,87.05,633.86,256.52,SEARCH_Y
22.0600,0.9479,0.2003,0.2566,0.00898,0.17117,0.06641,0.00,-3.00,0.00,59.9,87.01,633.85,256.52,SEARCH_Y
22.0701,0.8379,0.4003,0.2266,-0.00901,0.16217,0.06341,0.00,-3.00,0.00,59.9,86.99,633.85,256.52,SEARCH_Y
22.0802,1.1679,0.3303,0.0366,0.01398,0.15717,0.06741,0.00,-3.00,0.00,60.0,86.95,633.85,256.52,SEARCH_Y
22.0903,1.0779,0.5703,-0.4833,0.00298,0.14817,0.07141,0.00,-3.00,0.00,60.0,86.93,633.85,256.52,SEARCH_Y
22.1004,1.1779,0.4203,-0.1033,0.01698,0.14817,0.06541,0.00,-3.00,0.00,60.0,86.89,633.85,256.52,SEARCH_Y
22.1105,0.8779,0.7103,-0.0633,-0.02501,0.14817,0.06841,0.00,-3.00,0.00,60.0,86.87,633.85,256.52,SEARCH_Y
22.1207,0.8979,0.6303,-0.1133,-0.01301,0.14517,0.07441,0.00,-3.00,0.00,60.0,86.83,633.85,256.52,SEARCH_Y
22.1308,0.7479,0.3503,0.0566,-0.01401,0.15717,0.06841,0.00,-3.00,0.00,60.1,86.81,633.85,256.52,SEARCH_Y
22.1409,0.8079,0.3103,0.0566,0.00098,0.16417,0.06841,0.00,-3.00,0.00,60.1,86.77,633.85,256.52,SEARCH_Y
22.1510,0.7979,0.8203,-0.1033,-0.01301,0.16017,0.06941,0.00,-3.00,0.00,60.1,86.74,633.85,256.52,SEARCH_Y
22.1611,1.1579,0.4003,0.0666,0.01098,0.15917,0.06541,0.00,-3.00,0.00,60.1,86.71,633.85,256.52,SEARCH_Y
22.1713,1.0879,0.5803,0.0366,-0.01201,0.14517,0.06941,0.00,-3.00,0.00,60.1,86.68,633.84,256.52,SEARCH_Y
22.1814,0.7479,0.5403,0.1166,-0.01701,0.15617,0.07041,0.00,-3.00,0.00,60.2,86.65,633.84,256.52,SEARCH_Y
22.1915,0.9479,0.3403,-0.0133,-0.00501,0.16017,0.07041,0.00,-3.00,0.00,60.2,86.62,633.84,256.52,SEARCH_Y
22.2016,1.0979,0.5203,-0.0333,0.00698,0.15817,0.06641,0.00,-3.00,0.00,60.2,86.59,633.84,256.52,SEARCH_Y
22.2117,0.8779,0.9203,-0.2433,-0.00601,0.16017,0.07041,0.00,-3.00,0.00,60.2,86.56,633.84,256.52,SEARCH_Y
22.2218,1.0979,0.0603,0.5466,0.00798,0.16917,0.06641,0.00,-3.00,0.00,60.2,86.53,633.84,256.52,SEARCH_Y
22.2319,1.0979,0.6803,-0.1333,0.01598,0.15917,0.06841,0.00,-3.00,0.00,60.3,86.50,633.84,256.52,SEARCH_Y
22.2420,1.0779,0.0103,0.2366,0.02298,0.16617,0.06441,0.00,-3.00,0.00,60.3,86.47,633.84,256.52,SEARCH_Y
22.2521,1.0479,0.5003,0.1566,0.00998,0.16617,0.06741,0.00,-3.00,0.00,60.3,86.44,633.84,256.52,SEARCH_Y
22.2622,1.1179,0.6403,-0.1833,-0.00801,0.14617,0.06841,0.00,-3.00,0.00,60.3,86.41,633.84,256.52,SEARCH_Y
22.2724,1.1179,0.5803,-0.2533,0.00298,0.15117,0.06741,0.00,-3.00,0.00,60.3,86.38,633.84,256.52,SEARCH_Y
22.2825,1.0479,0.4903,-0.0833,-0.00101,0.15017,0.06641,0.00,-3.00,0.00,60.4,86.35,633.83,256.52,SEARCH_Y
22.2926,0.8379,0.4803,0.0366,-0.02301,0.15617,0.06541,0.00,-3.00,0.00,60.4,86.32,633.83,256.52,SEARCH_Y
22.3028,1.0679,0.7703,-0.0533,-0.00401,0.15617,0.06941,0.00,-3.00,0.00,60.4,86.29,633.83,256.52,SEARCH_Y
22.3129,1.0679,0.7503,-0.1933,0.00798,0.15517,0.06841,0.00,-3.00,0.00,60.4,86.26,633.83,256.52,SEARCH_Y
22.3230,0.7879,0.5303,0.1366,-0.01301,0.16017,0.07041,0.00,-3.00,0.00,60.4,86.23,633.83,256.52,SEARCH_Y
22.3331,0.9679,0.7203,0.0466,-0.00801,0.15517,0.06841,0.00,-3.00,0.00,60.5,86.20,633.83,256.52,SEARCH_Y
22.3432,0.8679,0.4503,0.3366,-0.01001,0.16917,0.06641,0.00,-3.00,0.00,60.5,86.16,633.83,256.52,SEARCH_Y
22.3533,1.2079,0.5903,-0.3033,0.00598,0.14917,0.07041,0.00,-3.00,0.00,60.5,86.14,633.83,256.52,SEARCH_Y
22.3634,1.0679,0.5303,0.1466,-0.00901,0.15017,0.06841,0.00,-3.00,0.00,60.5,86.10,633.83,256.52,SEARCH_Y
22.3735,0.8079,0.8103,-0.1133,-0.01901,0.15817,0.07241,0.00,-3.00,0.00,60.5,86.08,633.83,256.52,SEARCH_Y
22.3836,1.0479,0.1603,0.3366,0.01298,0.16417,0.06741,0.00,-3.00,0.00,60.6,86.04,633.83,256.52,SEARCH_Y
22.3937,1.0279,0.7103,-0.1733,-0.01101,0.14917,0.06741,0.00,-3.00,0.00,60.6,86.02,633.82,256.52,SEARCH_Y
22.4039,0.9679,0.5903,-0.2233,-0.00601,0.15517,0.06541,0.00,-3.00,0.00,60.6,85.98,633.82,256.52,SEARCH_Y
22.4140,1.0079,0.3603,0.1366,-0.00101,0.15717,0.06941,0.00,-3.00,0.00,60.6,85.96,633.82,256.52,SEARCH_Y
22.4241,0.8379,0.1503,-0.1533,0.00498,0.16817,0.06641,0.00,-3.00,0.00,60.6,85.92,633.82,256.52,SEARCH_Y
22.4342,1.0679,0.6403,-0.2533,-0.00301,0.15217,0.07041,0.00,-3.00,0.00,60.7,85.90,633.82,256.52,SEARCH_Y
22.4443,0.9979,0.5203,-0.0133,-0.00401,0.15717,0.06941,0.00,-3.00,0.00,60.7,85.86,633.82,256.52,SEARCH_Y
22.4544,1.0179,0.6103,0.0666,0.00698,0.15917,0.06841,0.00,-3.00,0.00,60.7,85.84,633.82,256.52,SEARCH_Y
22.4645,0.7579,0.4803,0.1366,-0.02101,0.16217,0.06741,0.00,-3.00,0.00,60.7,85.80,633.82,256.52,SEARCH_Y
22.4747,0.7079,0.4903,0.0866,-0.01601,0.16617,0.07041,0.00,-3.00,0.00,60.7,85.77,633.82,256.52,SEARCH_Y
22.4848,1.0079,0.5603,-0.0433,-0.01301,0.15117,0.06641,0.00,-3.00,0.00,60.8,85.74,633.82,256.52,SEARCH_Y
22.4949,0.8679,0.5503,0.2566,-0.00301,0.16917,0.06341,0.00,-3.00,0.00,60.8,85.71,633.82,256.52,SEARCH_Y
22.5050,1.0779,0.6703,0.0566,-0.00701,0.15017,0.06741,0.00,-3.00,0.00,60.8,85.68,633.81,256.52,SEARCH_Y
22.5151,1.0979,0.5903,0.0166,-0.00601,0.14817,0.06841,0.00,-3.00,0.00,60.8,85.64,633.81,256.51,SEARCH_Y
22.5252,1.0979,0.7703,0.0366,-0.00701,0.14517,0.07041,0.00,-3.00,0.00,60.8,85.62,633.81,256.51,SEARCH_Y
22.5354,0.8779,0.5503,-0.2433,-0.00101,0.16017,0.06641,0.00,-3.00,0.00,60.9,85.58,633.81,256.51,SEARCH_Y
22.5455,0.8179,0.4903,0.0366,-0.01501,0.16617,0.06641,0.00,-3.00,0.00,60.9,85.56,633.81,256.51,SEARCH_Y
22.5556,0.7879,0.5203,0.0466,-0.01801,0.15717,0.06741,0.00,-3.00,0.00,60.9,85.52,633.81,256.51,SEARCH_Y
22.5657,1.0579,0.7603,-0.0333,-0.00201,0.15517,0.06841,0.00,-3.00,0.00,60.9,85.50,633.81,256.51,SEARCH_Y
22.5758,1.0579,0.5203,-0.0333,0.00498,0.16417,0.06641,0.00,-3.00,0.00,60.9,85.46,633.81,256.51,SEARCH_Y
22.5859,0.9179,0.4603,0.3366,0.00798,0.17117,0.06441,0.00,-3.00,0.00,61.0,85.44,633.81,256.51,SEARCH_Y
22.5960,1.0879,0.2003,0.3066,-0.00401,0.14917,0.06841,0.00,-3.00,0.00,61.0,85.40,633.81,256.51,SEARCH_Y
22.6061,0.9579,0.2203,0.3366,0.00598,0.17117,0.06241,0.00,-3.00,0.00,61.0,85.38,633.81,256.51,SEARCH_Y
22.6162,1.0179,0.2703,0.1366,-0.00501,0.15417,0.06741,0.00,-3.00,0.00,61.0,85.34,633.80,256.51,SEARCH_Y
22.6265,0.9179,0.4803,-0.0133,-0.02501,0.14917,0.06841,0.00,-3.00,0.00,61.0,85.32,633.80,256.51,SEARCH_Y
22.6366,0.7779,0.8303,-0.0333,-0.01801,0.15817,0.07341,0.00,-3.00,0.00,61.1,85.28,633.80,256.51,SEARCH_Y
22.6467,0.9879,0.5503,-0.0133,-0.01901,0.14517,0.06841,0.00,-3.00,0.00,61.1,85.26,633.80,256.51,SEARCH_Y
22.6569,1.1779,0.4903,-0.0033,0.00698,0.16417,0.06641,0.00,-3.00,0.00,61.1,85.22,633.80,256.51,SEARCH_Y
22.6670,1.1979,0.6703,-0.5733,-0.00501,0.14017,0.06941,0.00,-3.00,0.00,61.1,85.19,633.80,256.51,SEARCH_Y
22.6771,0.9379,0.7903,-0.0733,-0.00701,0.15017,0.06941,0.00,-3.00,0.00,61.1,85.16,633.80,256.51,SEARCH_Y
22.6872,0.9679,0.4003,-0.3533,-0.00401,0.14617,0.06541,0.00,-3.00,0.00,61.2,85.13,633.80,256.51,SEARCH_Y
22.6973,0.8179,0.8203,0.4066,-0.02401,0.15717,0.06841,0.00,-3.00,0.00,61.2,85.10,633.80,256.51,SEARCH_Y
22.7074,1.0479,0.9103,-0.4033,-0.01001,0.14717,0.07041,0.00,-3.00,0.00,61.2,85.07,633.80,256.51,SEARCH_Y
22.7176,1.1679,0.3103,-0.1733,0.01798,0.15617,0.06441,0.00,-3.00,0.00,61.2,85.04,633.80,256.51,SEARCH_Y
22.7276,0.9379,0.6503,-0.1733,-0.01201,0.15317,0.07041,0.00,-3.00,0.00,61.2,85.00,633.80,256.51,SEARCH_Y
22.7377,0.8779,0.4803,-0.1033,-0.00201,0.16417,0.07041,0.00,-3.00,0.00,61.3,84.98,633.79,256.51,SEARCH_Y
22.7479,1.1779,0.5803,0.2166,0.01098,0.16017,0.06741,0.00,-3.00,0.00,61.3,84.94,633.79,256.51,SEARCH_Y
22.7580,1.0079,0.6603,-0.2433,-0.00601,0.15717,0.07041,0.00,-3.00,0.00,61.3,84.92,633.79,256.51,SEARCH_Y
22.7681,0.8179,0.4703,0.1666,-0.00801,0.16617,0.06641,0.00,-3.00,0.00,61.3,84.88,633.79,256.51,SEARCH_Y
22.7782,0.9879,0.6603,0.0266,-0.00701,0.15617,0.06941,0.00,-3.00,0.00,61.3,84.86,633.79,256.51,SEARCH_Y
22.7883,0.8379,0.7503,-0.1633,-0.01301,0.15217,0.07241,0.00,-3.00,0.00,61.4,84.82,633.79,256.51,SEARCH_Y
22.7985,0.9879,0.4203,0.0466,-0.00201,0.15517,0.06841,0.00,-3.00,0.00,61.4,84.80,633.79,256.51,SEARCH_Y
22.8086,1.0779,0.2403,0.2666,-0.00301,0.16317,0.06641,0.00,-3.00,0.00,61.4,84.76,633.79,256.51,SEARCH_Y
22.8186,1.0179,0.6803,0.0566,-0.01201,0.15217,0.06941,0.00,-3.00,0.00,61.4,84.74,633.79,256.51,SEARCH_Y
22.8288,0.9979,0.5603,0.2366,-0.00101,0.15817,0.07041,0.00,-3.00,0.00,61.4,84.70,633.79,256.51,SEARCH_Y
22.8389,1.1379,0.5103,0.1866,0.02098,0.16217,0.07041,0.00,-3.00,0.00,61.5,84.67,633.79,256.51,SEARCH_Y
22.8490,0.7679,0.4003,0.3466,-0.01601,0.15917,0.06641,0.00,-3.00,0.00,61.5,84.64,633.78,256.51,SEARCH_Y
22.8591,1.0679,0.3503,0.2166,0.00598,0.15617,0.06841,0.00,-3.00,0.00,61.5,84.61,633.78,256.51,SEARCH_Y
22.8693,1.0179,0.2303,0.0766,0.00498,0.15617,0.06441,0.00,-3.00,0.00,61.5,84.58,633.78,256.51,SEARCH_Y
22.8794,0.9279,0.5403,-0.0733,-0.00001,0.15917,0.06541,0.00,-3.00,0.00,61.5,84.55,633.78,256.51,SEARCH_Y
22.8895,0.9979,0.3703,0.1266,0.00498,0.16217,0.06641,0.00,-3.00,0.00,61.6,84.52,633.78,256.51,SEARCH_Y
22.8996,1.0579,0.1803,-0.2133,0.01098,0.14817,0.06641,0.00,-3.00,0.00,61.6,84.49,633.78,256.51,SEARCH_Y
22.9097,0.9579,0.3103,-0.0333,-0.02001,0.14017,0.06541,0.00,-3.00,0.00,61.6,84.46,633.78,256.51,SEARCH_Y
22.9198,0.9679,0.6003,0.0666,-0.00501,0.15217,0.06941,0.00,-3.00,0.00,61.6,84.43,633.78,256.51,SEARCH_Y
22.9299,1.0979,0.5303,-0.0733,0.01198,0.16317,0.06941,0.00,-3.00,0.00,61.6,84.40,633.78,256.51,SEARCH_Y
22.9400,1.0579,0.7603,-0.1033,0.01098,0.15517,0.07141,0.00,-3.00,0.00,61.7,84.37,633.78,256.51,SEARCH_Y
22.9502,0.8479,0.6303,-0.0633,-0.01601,0.15917,0.06741,0.00,-3.00,0.00,61.7,84.34,633.78,256.51,SEARCH_Y
22.9603,0.9579,0.5103,0.0266,-0.00201,0.15917,0.06441,0.00,-3.00,0.00,61.7,84.31,633.77,256.51,SEARCH_Y
22.9704,1.1079,0.4103,0.0966,0.01598,0.16717,0.06841,0.00,-3.00,0.00,61.7,84.28,633.77,256.51,SEARCH_Y
22.9805,0.8279,0.5403,0.1066,-0.00801,0.16317,0.07141,0.00,-3.00,0.00,61.7,84.25,633.77,256.51,SEARCH_Y
22.9906,0.9979,0.6703,-0.1733,0.00198,0.15417,0.07141,0.00,-3.00,0.00,61.8,84.22,633.77,256.51,SEARCH_Y
23.0007,0.9779,0.4003,-0.0233,0.00698,0.16217,0.06641,0.00,-3.00,0.00,61.8,84.19,633.77,256.51,SEARCH_Y
23.0108,1.0979,0.4703,-0.0033,0.00398,0.15517,0.07041,0.00,-3.00,0.00,61.8,84.16,633.77,256.51,SEARCH_Y
23.0209,0.9579,0.4703,-0.1433,-0.00201,0.14817,0.06841,0.00,-3.00,0.00,61.8,84.13,633.77,256.51,SEARCH_Y
23.0310,1.0679,0.2803,0.3666,-0.00101,0.15517,0.06341,0.00,-3.00,0.00,61.8,84.09,633.77,256.51,SEARCH_Y
23.0411,0.7879,0.5903,-0.3033,-0.01201,0.14317,0.06941,0.00,-3.00,0.00,61.9,84.07,633.77,256.51,SEARCH_Y
23.0512,0.8979,0.4903,-0.0633,-0.00101,0.16217,0.06541,0.00,-3.00,0.00,61.9,84.03,633.77,256.51,SEARCH_Y
23.0613,0.8379,0.2103,0.4866,-0.00401,0.16017,0.06641,0.00,-3.00,0.00,61.9,84.01,633.77,256.51,SEARCH_Y
23.0715,1.0179,0.6003,-0.1333,0.00298,0.15717,0.06641,0.00,-3.00,0.00,61.9,83.97,633.76,256.51,SEARCH_Y
23.0816,1.0079,0.3103,0.1466,0.00398,0.16017,0.06841,0.00,-3.00,0.00,61.9,83.95,633.76,256.51,SEARCH_Y
23.0917,1.1279,0.5203,-0.0133,-0.00501,0.14917,0.06741,0.00,-3.00,0.00,62.0,83.91,633.76,256.51,SEARCH_Y
23.1018,1.0279,0.5203,-0.0333,-0.00501,0.16017,0.06741,0.00,-3.00,0.00,62.0,83.89,633.76,256.51,SEARCH_Y
23.1119,1.0279,0.5503,-0.1733,-0.01101,0.14417,0.06741,0.00,-3.00,0.00,62.0,83.85,633.76,256.51,SEARCH_Y
23.1220,0.9979,0.5703,0.0366,-0.00301,0.15817,0.07141,0.00,-3.00,0.00,62.0,83.83,633.76,256.51,SEARCH_Y
23.1322,1.1279,0.4903,0.1666,0.00498,0.16517,0.06841,0.00,-3.00,0.00,62.1,83.79,633.76,256.51,SEARCH_Y
23.1423,0.8879,0.8303,-0.1633,-0.00401,0.15417,0.07441,0.00,-3.00,0.00,62.1,83.77,633.76,256.51,SEARCH_Y
23.1524,1.0279,0.4903,0.0866,0.00598,0.16517,0.07241,0.00,-3.00,0.00,62.1,83.73,633.76,256.51,SEARCH_Y
23.1625,1.1579,0.0903,0.5166,0.01698,0.16917,0.06241,0.00,-3.00,0.00,62.1,83.71,633.76,256.51,SEARCH_Y
23.1726,1.0679,0.5703,-0.3933,-0.01201,0.14217,0.06641,0.00,-3.00,0.00,62.1,83.67,633.76,256.51,SEARCH_Y
23.1827,1.0079,0.5203,-0.0933,0.00598,0.15417,0.07241,0.00,-3.00,0.00,62.1,83.65,633.75,256.51,SEARCH_Y
23.1929,0.9479,0.6203,-0.0433,0.00598,0.15817,0.06541,0.00,-3.00,0.00,62.2,83.61,633.75,256.51,SEARCH_Y
23.2030,0.8679,0.1003,-0.0133,-0.01901,0.14617,0.06441,0.00,-3.00,0.00,62.2,83.57,633.75,256.50,SEARCH_Y
23.2131,0.9179,0.4103,0.2366,0.00598,0.15917,0.06441,0.00,-3.00,0.00,62.2,83.55,633.75,256.50,SEARCH_Y
23.2232,1.0579,0.4703,0.0266,0.01698,0.15817,0.06641,0.00,-3.00,0.00,62.2,83.51,633.75,256.50,SEARCH_Y
23.2333,0.9379,0.1803,0.2366,0.00598,0.15817,0.06741,0.00,-3.00,0.00,62.3,83.49,633.75,256.50,SEARCH_Y
23.2434,0.9179,0.4203,0.0666,0.00498,0.16017,0.06941,0.00,-3.00,0.00,62.3,83.45,633.75,256.50,SEARCH_Y
23.2535,0.8679,0.1603,0.3366,0.00198,0.16617,0.06541,0.00,-3.00,0.00,62.3,83.43,633.75,256.50,SEARCH_Y
23.2636,0.8979,0.8103,-0.2233,-0.03001,0.13717,0.06741,0.00,-3.00,0.00,62.3,83.39,633.75,256.50,SEARCH_Y
23.2737,0.9079,0.6403,-0.1033,-0.00801,0.15317,0.06741,0.00,-3.00,0.00,62.3,83.37,633.75,256.50,SEARCH_Y
23.2838,0.8879,0.4603,0.0466,0.00698,0.16017,0.06741,0.00,-3.00,0.00,62.4,83.33,633.75,256.50,SEARCH_Y
23.2939,0.7979,0.2603,0.2266,-0.00701,0.15817,0.06641,0.00,-3.00,0.00,62.4,83.31,633.74,256.50,SEARCH_Y
23.3040,0.9579,0.4403,0.0866,0.00298,0.15517,0.06841,0.00,-3.00,0.00,62.4,83.27,633.74,256.50,SEARCH_Y
23.3141,0.9979,0.6503,-0.1033,0.00898,0.14817,0.06941,0.00,-3.00,0.00,62.4,83.25,633.74,256.50,SEARCH_Y
23.3243,0.8379,0.7703,-0.2933,-0.01501,0.14717,0.07041,0.00,-3.00,0.00,62.4,83.21,633.74,256.50,SEARCH_Y
23.3344,1.0979,0.4603,-0.0733,0.00598,0.14817,0.07041,0.00,-3.00,0.00,62.5,83.19,633.74,256.50,SEARCH_Y
23.3445,1.0979,0.8503,-0.3733,-0.00301,0.14017,0.07141,0.00,-3.00,0.00,62.5,83.15,633.74,256.50,SEARCH_Y
23.3546,0.9779,0.5003,-0.0333,-0.00701,0.15517,0.06641,0.00,-3.00,0.00,62.5,83.13,633.74,256.50,SEARCH_Y
23.3647,1.0179,0.4103,-0.0833,0.00998,0.15617,0.06541,0.00,-3.00,0.00,62.5,83.09,633.74,256.50,SEARCH_Y
23.3748,0.7679,0.2703,0.1666,-0.02101,0.15417,0.06741,0.00,-3.00,0.00,62.5,83.07,633.74,256.50,SEARCH_Y
23.3849,0.9979,0.4103,0.1266,0.00198,0.15817,0.06541,0.00,-3.00,0.00,62.6,83.03,633.74,256.50,SEARCH_Y
23.3950,1.1179,0.5203,-0.0533,0.00898,0.15117,0.06441,0.00,-3.00,0.00,62.6,83.00,633.74,256.50,SEARCH_Y
23.4051,0.9479,0.6303,0.0866,0.00798,0.16317,0.06641,0.00,-3.00,0.00,62.6,82.97,633.74,256.50,SEARCH_Y
23.4152,0.9979,0.7403,-0.3433,-0.01301,0.13817,0.06741,0.00,-3.00,0.00,62.6,82.94,633.73,256.50,SEARCH_Y
23.4254,0.8779,0.2803,-0.0033,-0.00601,0.15417,0.06641,0.00,-3.00,0.00,62.6,82.91,633.73,256.50,SEARCH_Y
23.4355,1.0079,0.6703,-0.2533,-0.00401,0.14717,0.06641,0.00,-3.00,0.00,62.7,82.88,633.73,256.50,SEARCH_Y
23.4456,0.6479,0.7903,-0.0033,-0.02301,0.15717,0.07141,0.00,-3.00,0.00,62.7,82.85,633.73,256.50,SEARCH_Y
23.4557,0.9679,0.2903,0.1766,0.00998,0.16617,0.06341,0.00,-3.00,0.00,62.7,82.82,633.73,256.50,SEARCH_Y
23.4658,1.0379,0.6103,-0.2533,-0.01801,0.13617,0.06841,0.00,-3.00,0.00,62.7,82.79,633.73,256.50,SEARCH_Y
23.4759,0.9879,0.4603,0.3266,0.00598,0.16317,0.06741,0.00,-3.00,0.00,62.8,82.75,633.73,256.50,SEARCH_Y
23.4860,0.8979,0.3003,0.3566,0.00198,0.16817,0.07041,0.00,-3.00,0.00,62.8,82.73,633.73,256.50,SEARCH_Y
23.4961,1.0879,0.3203,0.1266,0.00198,0.15717,0.06641,0.00,-3.00,0.00,62.8,82.69,633.73,256.50,SEARCH_Y
23.5063,0.8579,0.6503,0.0966,0.00798,0.16517,0.06541,0.00,-3.00,0.00,62.8,82.67,633.73,256.50,SEARCH_Y
23.5164,0.9379,0.7103,0.0866,-0.01801,0.14417,0.07141,0.00,-3.00,0.00,62.8,82.63,633.73,256.50,SEARCH_Y
23.5265,0.7979,0.7403,-0.2733,-0.00401,0.16217,0.06741,0.00,-3.00,0.00,62.9,82.61,633.72,256.50,SEARCH_Y
23.5366,0.9379,0.4003,0.0766,0.00598,0.16517,0.06441,0.00,-3.00,0.00,62.9,82.57,633.72,256.50,SEARCH_Y
23.5467,1.2679,0.3803,-0.0333,0.02098,0.15417,0.06441,0.00,-3.00,0.00,62.9,82.55,633.72,256.50,SEARCH_Y
23.5568,0.8979,0.4203,0.2566,-0.00401,0.15817,0.06541,0.00,-3.00,0.00,62.9,82.51,633.72,256.50,SEARCH_Y
23.5670,0.9679,0.4303,-0.1333,0.01198,0.15917,0.06641,0.00,-3.00,0.00,62.9,82.48,633.72,256.50,SEARCH_Y
23.5771,0.8879,0.7303,0.1666,-0.00401,0.15817,0.06841,0.00,-3.00,0.00,63.0,82.45,633.72,256.50,SEARCH_Y
23.5872,1.2379,0.6503,-0.2533,0.00998,0.15017,0.06741,0.00,-3.00,0.00,63.0,82.42,633.72,256.50,SEARCH_Y
23.5973,0.6179,0.3503,0.0966,-0.01401,0.16117,0.06841,0.00,-3.00,0.00,63.0,82.39,633.72,256.50,SEARCH_Y
23.6074,0.9479,0.3103,0.1066,-0.00801,0.16217,0.06441,0.00,-3.00,0.00,63.0,82.36,633.72,256.50,SEARCH_Y
23.6175,0.9179,0.5803,-0.1533,-0.00101,0.15517,0.07041,0.00,-3.00,0.00,63.0,82.33,633.72,256.50,SEARCH_Y
23.6276,0.9779,0.6803,0.0366,0.00798,0.15517,0.06841,0.00,-3.00,0.00,63.1,82.30,633.72,256.50,SEARCH_Y
23.6377,0.8079,0.4803,-0.0933,-0.00801,0.15317,0.06641,0.00,-3.00,0.00,63.1,82.27,633.71,256.50,SEARCH_Y
23.6478,0.8179,0.3403,0.3966,-0.00101,0.16417,0.06641,0.00,-3.00,0.00,63.1,82.24,633.71,256.50,SEARCH_Y
23.6579,0.9179,0.3003,0.1366,-0.00401,0.16117,0.06841,0.00,-3.00,0.00,63.1,82.21,633.71,256.50,SEARCH_Y
23.6680,0.9579,0.3103,0.0966,0.00498,0.15917,0.06641,0.00,-3.00,0.00,63.2,82.18,633.71,256.50,SEARCH_Y
23.6781,0.7679,0.2803,0.3366,0.00098,0.16817,0.06541,0.00,-3.00,0.00,63.2,82.15,633.71,256.50,SEARCH_Y
23.6883,0.8579,0.4903,0.1066,-0.00501,0.15417,0.06541,0.00,-3.00,0.00,63.2,82.12,633.71,256.50,SEARCH_Y
23.6984,0.8879,0.5503,-0.2633,0.00898,0.15517,0.06741,0.00,-3.00,0.00,63.2,82.09,633.71,256.50,SEARCH_Y
23.7085,0.8179,0.6503,-0.0233,-0.01001,0.15517,0.06841,0.00,-3.00,0.00,63.2,82.06,633.71,256.50,SEARCH_Y
23.7186,0.6479,0.8303,-0.2733,-0.02501,0.15017,0.06641,0.00,-3.00,0.00,63.3,82.03,633.71,256.50,SEARCH_Y
23.7287,0.9279,0.4403,0.2166,0.01098,0.16117,0.06941,0.00,-3.00,0.00,63.3,82.00,633.71,256.50,SEARCH_Y
23.7389,0.9679,0.3703,0.0566,0.01098,0.16717,0.06741,0.00,-3.00,0.00,63.3,81.97,633.71,256.50,SEARCH_Y
23.7490,1.0979,-0.0196,0.2966,-0.00401,0.15017,0.06341,0.00,-3.00,0.00,63.3,81.94,633.70,256.50,SEARCH_Y
23.7591,1.0179,0.5803,-0.1833,-0.01101,0.14217,0.07041,0.00,-3.00,0.00,63.3,81.90,633.70,256.50,SEARCH_Y
23.7692,0.9579,0.2903,0.1666,0.00298,0.15317,0.06841,0.00,-3.00,0.00,63.4,81.88,633.70,256.50,SEARCH_Y
23.7794,1.1479,0.5403,-0.3933,0.00698,0.13717,0.06641,0.00,-3.00,0.00,63.4,81.84,633.70,256.50,SEARCH_Y
23.7895,1.1379,0.2103,0.0866,0.00398,0.15217,0.06141,0.00,-3.00,0.00,63.4,81.82,633.70,256.50,SEARCH_Y
23.7996,0.8479,0.4203,0.1666,-0.00201,0.15817,0.06641,0.00,-3.00,0.00,63.4,81.78,633.70,256.50,SEARCH_Y
23.8097,1.0479,0.3603,0.1566,0.01798,0.16517,0.06541,0.00,-3.00,0.00,63.4,81.76,633.70,256.50,SEARCH_Y
23.8198,0.9379,0.7203,-0.6833,0.00998,0.15517,0.06941,0.00,-3.00,0.00,63.5,81.72,633.70,256.50,SEARCH_Y
23.8299,0.9379,0.2203,0.1666,0.00698,0.15817,0.06341,0.00,-3.00,0.00,63.5,81.70,633.70,256.50,SEARCH_Y
23.8400,1.0179,0.6703,-0.1333,0.00498,0.15417,0.06741,0.00,-3.00,0.00,63.5,81.66,633.70,256.50,SEARCH_Y
23.8501,0.8279,0.8303,-0.2433,-0.02401,0.14517,0.07041,0.00,-3.00,0.00,63.5,81.64,633.70,256.50,SEARCH_Y
23.8602,0.9579,0.4803,-0.0633,0.00798,0.16417,0.06741,0.00,-3.00,0.00,63.6,81.60,633.69,256.50,SEARCH_Y
23.8703,0.7879,0.4103,-0.0933,0.00298,0.16317,0.06641,0.00,-3.00,0.00,63.6,81.58,633.69,256.50,SEARCH_Y
23.8804,1.0579,0.2803,0.1166,0.01498,0.15917,0.06341,0.00,-3.00,0.00,63.6,81.54,633.69,256.50,SEARCH_Y
23.8905,0.8579,0.4903,0.1966,0.00698,0.15817,0.06841,0.00,-3.00,0.00,63.6,81.52,633.69,256.50,SEARCH_Y
23.9007,1.1079,0.4803,-0.0133,0.00898,0.15217,0.06641,0.00,-3.00,0.00,63.6,81.48,633.69,256.49,SEARCH_Y
23.9108,0.7579,0.7403,0.0666,-0.01101,0.16117,0.06941,0.00,-3.00,0.00,63.7,81.46,633.69,256.49,SEARCH_Y
23.9209,0.8679,0.4403,-0.0833,-0.00001,0.16217,0.06741,0.00,-3.00,0.00,63.7,81.42,633.69,256.49,SEARCH_Y
23.9310,0.7579,0.5303,-0.0433,-0.01901,0.14817,0.07141,0.00,-3.00,0.00,63.7,81.38,633.69,256.49,SEARCH_Y
23.9411,0.9279,0.5403,0.0066,0.00798,0.16017,0.06841,0.00,-3.00,0.00,63.7,81.36,633.69,256.49,SEARCH_Y
23.9513,0.9779,0.7903,-0.0933,-0.00201,0.15417,0.06741,0.00,-3.00,0.00,63.7,81.32,633.69,256.49,SEARCH_Y
23.9614,1.1279,0.4403,-0.0533,0.00798,0.15017,0.06441,0.00,-3.00,0.00,63.8,81.30,633.69,256.49,SEARCH_Y
23.9715,1.0779,0.4403,0.0866,0.01998,0.16917,0.06241,0.00,-3.00,0.00,63.8,81.26,633.68,256.49,SEARCH_Y
23.9816,1.0379,0.2403,0.2566,-0.00301,0.15517,0.06541,0.00,-3.00,0.00,63.8,81.24,633.68,256.49,SEARCH_Y
23.9917,1.0779,0.4903,0.0166,0.00398,0.15417,0.06441,0.00,-3.00,0.00,63.8,81.20,633.68,256.49,SEARCH_Y
24.0019,0.7279,0.4103,0.1366,-0.00801,0.16117,0.06541,0.00,-3.00,0.00,63.8,81.18,633.68,256.49,SEARCH_Y
24.0120,0.9079,0.5003,0.0466,0.01398,0.15717,0.06841,0.00,-3.00,0.00,63.9,81.14,633.68,256.49,SEARCH_Y
24.0221,1.0579,0.6003,0.0166,-0.00001,0.15317,0.06841,0.00,-3.00,0.00,63.9,81.12,633.68,256.49,SEARCH_Y
24.0322,1.0779,0.4603,-0.0733,-0.01101,0.14617,0.06241,0.00,-3.00,0.00,63.9,81.08,633.68,256.49,SEARCH_Y
24.0423,1.0779,0.4803,-0.0433,-0.00201,0.15317,0.06841,0.00,-3.00,0.00,63.9,81.06,633.68,256.49,SEARCH_Y
24.0524,1.2279,0.7303,-0.1533,0.02798,0.16317,0.06441,0.00,-3.00,0.00,64.0,81.02,633.68,256.49,SEARCH_Y
24.0625,1.0479,0.1503,0.0966,0.01498,0.16517,0.06141,0.00,-3.00,0.00,64.0,81.00,633.68,256.49,SEARCH_Y
24.0726,0.9379,0.3703,0.2766,0.00998,0.17017,0.06741,0.00,-3.00,0.00,64.0,80.96,633.68,256.49,SEARCH_Y
24.0827,0.6179,0.6003,-0.2133,-0.01001,0.16217,0.06741,0.00,-3.00,0.00,64.0,80.94,633.67,256.49,SEARCH_Y
24.0929,0.8679,0.3603,0.0566,-0.01301,0.15117,0.06741,0.00,-3.00,0.00,64.0,80.90,633.67,256.49,SEARCH_Y
24.1030,0.7679,0.2703,0.2666,0.00798,0.17317,0.06441,0.00,-3.00,0.00,64.1,80.87,633.67,256.49,SEARCH_Y
24.1131,0.9779,0.5803,-0.2133,-0.00201,0.14917,0.06441,0.00,-3.00,0.00,64.1,80.84,633.67,256.49,SEARCH_Y
24.1232,1.0679,0.3903,0.0966,0.00698,0.16417,0.06741,0.00,-3.00,0.00,64.1,80.81,633.67,256.49,SEARCH_Y
24.1334,1.0579,0.2203,-0.0933,0.00998,0.15817,0.06641,0.00,-3.00,0.00,64.1,80.78,633.67,256.49,SEARCH_Y
24.1435,1.0279,0.5603,-0.1033,-0.00301,0.15217,0.06341,0.00,-3.00,0.00,64.1,80.75,633.67,256.49,SEARCH_Y
24.1536,1.0579,0.2903,0.0366,0.02498,0.17117,0.06341,0.00,-3.00,0.00,64.2,80.72,633.67,256.49,SEARCH_Y
24.1637,0.9779,0.4903,-0.0733,0.02798,0.16617,0.06641,0.00,-3.00,0.00,64.2,80.69,633.67,256.49,SEARCH_Y
24.1738,1.2679,0.3803,0.2666,0.01698,0.16117,0.06341,0.00,-3.00,0.00,64.2,80.66,633.67,256.49,SEARCH_Y
24.1839,0.8879,0.3703,0.2466,-0.01801,0.15617,0.06641,0.00,-3.00,0.00,64.2,80.63,633.67,256.49,SEARCH_Y
24.1940,0.8079,0.5603,0.0066,-0.00801,0.15217,0.06641,0.00,-3.00,0.00,64.2,80.60,633.66,256.49,SEARCH_Y
24.2042,1.0279,0.2603,-0.0833,-0.00701,0.14317,0.06441,0.00,-3.00,0.00,64.3,80.57,633.66,256.49,SEARCH_Y
24.2143,0.9779,0.5803,-0.0233,0.00398,0.15417,0.06741,0.00,-3.00,0.00,64.3,80.54,633.66,256.49,SEARCH_Y
24.2244,0.6679,0.6303,-0.1733,0.00298,0.15717,0.07041,0.00,-3.00,0.00,64.3,80.51,633.66,256.49,SEARCH_Y
24.2345,1.0279,0.6303,-0.2533,-0.01301,0.13717,0.06541,0.00,-3.00,0.00,64.3,80.48,633.66,256.49,SEARCH_Y
24.2446,0.8779,0.2103,0.3866,-0.00001,0.15417,0.06441,0.00,-3.00,0.00,64.4,80.44,633.66,256.49,SEARCH_Y
24.2547,1.0279,0.3803,-0.0733,0.02698,0.15917,0.06241,0.00,-3.00,0.00,64.4,80.42,633.66,256.49,SEARCH_Y
24.2649,0.9679,0.3903,0.0866,0.01198,0.15817,0.06141,0.00,-3.00,0.00,64.4,80.38,633.66,256.49,SEARCH_Y
24.2750,0.9479,0.6703,-0.5133,-0.01401,0.14217,0.07041,0.00,-3.00,0.00,64.4,80.35,633.66,256.49,SEARCH_Y
24.2851,0.9879,0.4203,-0.0233,0.01398,0.16417,0.07241,0.00,-3.00,0.00,64.4,80.32,633.66,256.49,SEARCH_Y
24.2952,0.8979,0.6503,-0.0933,0.00998,0.15817,0.06741,0.00,-3.00,0.00,64.5,80.29,633.66,256.49,SEARCH_Y
24.3317,0.9179,0.4703,0.2266,-0.01801,0.15417,0.06441,0.00,-3.00,0.00,64.5,80.18,633.65,256.49,SEARCH_Y
24.3418,0.9979,0.6403,0.0166,-0.03401,0.15617,0.06441,0.00,-3.00,0.00,64.6,80.16,633.65,256.49,SEARCH_Y
24.3519,0.8979,0.3103,0.0966,-0.00701,0.15117,0.06741,0.00,-3.00,0.00,64.6,80.12,633.65,256.49,SEARCH_Y
24.3620,0.9979,0.1503,0.1866,0.01798,0.16917,0.06241,0.00,-3.00,0.00,64.6,80.10,633.65,256.49,SEARCH_Y
24.3721,0.9479,0.4603,0.1066,-0.01001,0.16917,0.06541,0.00,-3.00,0.00,64.6,80.06,633.65,256.49,SEARCH_Y
24.3822,0.9379,0.5003,-0.2433,-0.01401,0.15217,0.07141,0.00,-3.00,0.00,64.6,80.04,633.65,256.49,SEARCH_Y
24.3923,0.7579,0.5003,-0.3233,-0.01301,0.15817,0.06741,0.00,-3.00,0.00,64.7,80.00,633.65,256.49,SEARCH_Y
24.4024,1.1079,0.2203,0.1466,0.00998,0.16317,0.06241,0.00,-3.00,0.00,64.7,79.98,633.65,256.49,SEARCH_Y
24.4126,1.0379,0.5203,-0.0833,0.00098,0.15217,0.06741,0.00,-3.00,0.00,64.7,79.94,633.65,256.49,SEARCH_Y
24.4226,0.9079,-0.0196,0.3166,0.00298,0.16317,0.06241,0.00,-3.00,0.00,64.7,79.92,633.64,256.49,SEARCH_Y
24.4327,1.0079,0.5403,-0.1533,-0.00101,0.15117,0.06841,0.00,-3.00,0.00,64.8,79.88,633.64,256.49,SEARCH_Y
24.4428,0.8879,0.0803,0.3166,0.00998,0.17617,0.06041,0.00,-3.00,0.00,64.8,79.86,633.64,256.49,SEARCH_Y
24.4529,0.9879,0.5603,-0.2033,0.00098,0.15717,0.06641,0.00,-3.00,0.00,64.8,79.82,633.64,256.49,SEARCH_Y
24.4631,1.1379,0.0103,0.4366,0.00598,0.16117,0.06441,0.00,-3.00,0.00,64.8,79.78,633.64,256.49,SEARCH_Y
24.4732,0.9579,0.2803,-0.1333,-0.00201,0.15117,0.06741,0.00,-3.00,0.00,64.8,79.76,633.64,256.49,SEARCH_Y
24.4833,1.1379,0.2203,0.1566,0.00898,0.15817,0.06141,0.00,-3.00,0.00,64.9,79.72,633.64,256.49,SEARCH_Y
24.4934,0.9179,0.3903,-0.0833,-0.00501,0.16117,0.06641,0.00,-3.00,0.00,64.9,79.70,633.64,256.49,SEARCH_Y
24.5036,1.1479,0.5003,-0.1833,0.00998,0.16117,0.06541,0.00,-3.00,0.00,64.9,79.66,633.64,256.49,SEARCH_Y
24.5137,0.8279,0.3803,0.1166,-0.02001,0.14717,0.06741,0.00,-3.00,0.00,64.9,79.64,633.64,256.49,SEARCH_Y
24.5238,1.0179,0.7003,-0.4233,0.00098,0.14617,0.07041,0.00,-3.00,0.00,65.0,79.60,633.64,256.49,SEARCH_Y
24.5339,0.8079,0.3103,0.0966,-0.00201,0.16717,0.06441,0.00,-3.00,0.00,65.0,79.58,633.63,256.49,SEARCH_Y
24.5440,1.1179,0.3303,-0.0233,0.02398,0.16917,0.06741,0.00,-3.00,0.00,65.0,79.54,633.63,256.49,SEARCH_Y
24.5541,0.9779,0.6203,0.1266,-0.00001,0.15617,0.07041,0.00,-3.00,0.00,65.0,79.52,633.63,256.49,SEARCH_Y
24.5642,0.9779,0.4203,0.2066,0.01698,0.17217,0.06841,0.00,-3.00,0.00,65.0,79.48,633.63,256.49,SEARCH_Y
24.5744,1.1179,0.5403,-0.3933,0.00798,0.15017,0.07041,0.00,-3.00,0.00,65.1,79.46,633.63,256.49,SEARCH_Y
24.5845,0.9179,0.5103,0.1266,-0.00301,0.15817,0.06741,0.00,-3.00,0.00,65.1,79.42,633.63,256.48,SEARCH_Y
24.5946,0.8579,0.3203,-0.2433,0.00398,0.15517,0.06841,0.00,-3.00,0.00,65.1,79.40,633.63,256.48,SEARCH_Y
24.6047,1.1679,0.4003,0.1766,0.01998,0.16317,0.06641,0.00,-3.00,0.00,65.1,79.36,633.63,256.48,SEARCH_Y
24.6148,0.9479,0.4203,0.1066,-0.00101,0.16117,0.06841,0.00,-3.00,0.00,65.1,79.34,633.63,256.48,SEARCH_Y
24.6249,0.9979,0.1903,0.0666,0.01598,0.17317,0.06441,0.00,-3.00,0.00,65.2,79.30,633.63,256.48,SEARCH_Y
24.6350,0.8979,0.5303,-0.2033,-0.00201,0.16617,0.06541,0.00,-3.00,0.00,65.2,79.27,633.63,256.48,SEARCH_Y
24.6452,0.9779,0.3603,-0.2533,0.00298,0.15317,0.06741,0.00,-3.00,0.00,65.2,79.24,633.62,256.48,SEARCH_Y
24.6553,0.7979,0.6003,-0.2133,0.00298,0.16517,0.06741,0.00,-3.00,0.00,65.2,79.22,633.62,256.48,SEARCH_Y
24.6654,0.8679,0.3603,0.3766,0.00198,0.16417,0.06841,0.00,-3.00,0.00,65.3,79.18,633.62,256.48,SEARCH_Y
24.6755,1.0079,0.3703,-0.1033,0.00298,0.15717,0.06741,0.00,-3.00,0.00,65.3,79.15,633.62,256.48,SEARCH_Y
24.6856,0.9179,0.3703,-0.3633,0.01598,0.16417,0.06541,0.00,-3.00,0.00,65.3,79.12,633.62,256.48,SEARCH_Y
24.6957,1.1479,0.4303,-0.0433,0.01398,0.15517,0.06441,0.00,-3.00,0.00,65.3,79.09,633.62,256.48,SEARCH_Y
24.7059,0.9879,0.4503,-0.2133,0.01598,0.16517,0.06841,0.00,-3.00,0.00,65.3,79.06,633.62,256.48,SEARCH_Y
24.7160,1.1479,0.1803,0.1166,0.01698,0.15617,0.06141,0.00,-3.00,0.00,65.4,79.03,633.62,256.48,SEARCH_Y
24.7260,1.1379,0.7203,-0.2233,0.01198,0.15617,0.06741,0.00,-3.00,0.00,65.4,79.00,633.62,256.48,SEARCH_Y
24.7362,0.8979,0.4703,0.1866,0.00298,0.16217,0.06641,0.00,-3.00,0.00,65.4,78.97,633.62,256.48,SEARCH_Y
24.7463,0.9379,0.9303,-0.1833,0.00798,0.15817,0.07041,0.00,-3.00,0.00,65.4,78.94,633.62,256.48,SEARCH_Y
24.7564,0.8479,0.5703,-0.1433,0.00398,0.15817,0.06741,0.00,-3.00,0.00,65.5,78.91,633.61,256.48,SEARCH_Y
24.7666,0.9479,0.4203,0.0266,-0.00801,0.14717,0.06641,0.00,-3.00,0.00,65.5,78.88,633.61,256.48,SEARCH_Y
24.7766,1.2079,0.9603,0.1266,0.01098,0.15717,0.07141,0.00,-3.00,0.00,65.5,78.84,633.61,256.48,SEARCH_Y
24.7867,1.0579,0.3603,0.1566,0.00098,0.15517,0.06641,0.00,-3.00,0.00,65.5,78.82,633.61,256.48,SEARCH_Y
24.7968,0.9479,0.2703,0.2866,0.00098,0.16017,0.06641,0.00,-3.00,0.00,65.5,78.78,633.61,256.48,SEARCH_Y
24.8069,1.1079,0.4103,0.1266,0.01098,0.16417,0.06741,0.00,-3.00,0.00,65.6,78.76,633.61,256.48,SEARCH_Y
24.8171,1.0079,0.4203,-0.1933,0.00598,0.15117,0.07241,0.00,-3.00,0.00,65.6,78.72,633.61,256.48,SEARCH_Y
24.8272,0.8579,0.3803,0.1066,0.00198,0.15817,0.06641,0.00,-3.00,0.00,65.6,78.69,633.61,256.48,SEARCH_Y
24.8373,0.8479,0.3903,0.0766,-0.01001,0.16017,0.06341,0.00,-3.00,0.00,65.6,78.66,633.61,256.48,SEARCH_Y
24.8474,0.8879,0.2803,0.2566,0.00998,0.16017,0.06241,0.00,-3.00,0.00,65.6,78.63,633.61,256.48,SEARCH_Y
24.8575,1.0379,0.2903,0.0066,0.01098,0.15317,0.06641,0.00,-3.00,0.00,65.7,78.60,633.61,256.48,SEARCH_Y
24.8676,0.7979,0.7203,-0.2733,0.00398,0.15917,0.06941,0.00,-3.00,0.00,65.7,78.57,633.60,256.48,SEARCH_Y
24.8777,0.7879,0.5903,0.0866,-0.00201,0.15917,0.06841,0.00,-3.00,0.00,65.7,78.54,633.60,256.48,SEARCH_Y
24.8878,0.9279,0.6803,-0.0733,-0.01301,0.16117,0.06341,0.00,-3.00,0.00,65.7,78.51,633.60,256.48,SEARCH_Y
24.8979,1.0779,0.3403,0.1766,-0.01501,0.16517,0.06141,0.00,-3.00,0.00,65.8,78.48,633.60,256.48,SEARCH_Y
24.9081,1.0479,0.4003,0.2166,-0.01401,0.16017,0.06341,0.00,-3.00,0.00,65.8,78.45,633.60,256.48,SEARCH_Y
24.9182,1.1179,0.4703,0.0466,-0.01201,0.15517,0.06341,0.00,-3.00,0.00,65.8,78.42,633.60,256.48,SEARCH_Y
24.9283,0.8779,0.6503,0.0566,-0.03501,0.15217,0.06341,0.00,-3.00,0.00,65.8,78.39,633.60,256.48,SEARCH_Y
24.9384,1.0679,0.4103,0.4566,-0.02001,0.16717,0.06041,0.00,-3.00,0.00,65.8,78.36,633.60,256.48,SEARCH_Y
24.9485,0.9979,0.8303,0.0066,-0.02801,0.15717,0.06041,0.00,-3.00,0.00,65.9,78.33,633.60,256.48,SEARCH_Y
24.9586,0.9879,0.8903,-0.0433,-0.03701,0.15817,0.06341,0.00,-3.00,0.00,65.9,78.30,633.60,256.48,SEARCH_Y
24.9687,0.9079,1.0403,0.1866,-0.06001,0.16517,0.05841,0.00,-3.00,0.00,65.9,78.27,633.60,256.48,SEARCH_Y
24.9789,0.8079,1.0803,-0.3733,-0.07101,0.15417,0.06541,0.00,-3.00,0.00,65.9,78.24,633.60,256.48,SEARCH_Y
24.9890,1.0079,1.0403,0.1366,-0.08801,0.16317,0.05641,0.00,-3.00,0.00,66.0,78.21,633.59,256.48,SEARCH_Y
24.9991,1.1279,0.8503,0.2566,-0.08201,0.15717,0.05441,0.00,-3.00,0.00,66.0,78.17,633.59,256.48,SEARCH_Y
25.0092,0.9779,1.0203,0.4066,-0.09601,0.16717,0.05541,0.00,-3.00,0.00,66.0,78.15,633.59,256.48,SEARCH_Y
25.0193,0.8479,1.1503,-0.1133,-0.11301,0.15417,0.05641,0.00,-3.00,0.00,66.0,78.11,633.59,256.48,SEARCH_Y
25.0294,1.0279,1.1203,0.3366,-0.11601,0.15317,0.04841,0.00,-3.00,0.00,66.0,78.09,633.59,256.48,SEARCH_Y
25.0396,0.9079,1.1903,0.0766,-0.12601,0.15917,0.05141,0.00,-3.00,0.00,66.1,78.05,633.59,256.48,SEARCH_Y
25.0497,0.8379,1.3603,0.0866,-0.13701,0.16417,0.05341,0.00,-3.00,0.00,66.1,78.03,633.59,256.48,SEARCH_Y
25.0598,0.9879,1.4803,-0.0233,-0.12901,0.16417,0.05141,0.00,-3.00,0.00,66.1,77.99,633.59,256.48,SEARCH_Y
25.0699,1.0279,1.3103,-0.0733,-0.14301,0.15617,0.05441,0.00,-3.00,0.00,66.1,77.97,633.59,256.48,SEARCH_Y
25.0800,1.0679,1.1203,0.1066,-0.12601,0.17017,0.04741,0.00,-3.00,0.00,66.2,77.93,633.59,256.48,SEARCH_Y
25.0901,0.8679,1.4003,0.1166,-0.15801,0.16217,0.04741,0.00,-3.00,0.00,66.2,77.91,633.59,256.48,SEARCH_Y
25.1003,0.9479,1.5303,-0.0533,-0.17201,0.16217,0.04341,0.00,-3.00,0.00,66.2,77.87,633.58,256.48,SEARCH_Y
25.1104,1.1079,1.5603,0.1066,-0.17401,0.16917,0.04141,0.00,-3.00,0.00,66.2,77.85,633.58,256.48,SEARCH_Y
25.1205,1.0979,1.5103,0.1766,-0.18701,0.16017,0.03941,0.00,-3.00,0.00,66.2,77.81,633.58,256.48,SEARCH_Y
25.1306,1.0579,1.6703,0.2066,-0.19301,0.16417,0.03641,0.00,-3.00,0.00,66.3,77.79,633.58,256.48,SEARCH_Y
25.1407,0.9379,1.8803,0.2866,-0.21201,0.16817,0.03541,0.00,-3.00,0.00,66.3,77.75,633.58,256.48,SEARCH_Y
25.1508,1.0579,1.8703,-0.0733,-0.22801,0.15217,0.03641,0.00,-3.00,0.00,66.3,77.73,633.58,256.48,SEARCH_Y
25.1609,1.0079,2.0003,-0.0433,-0.21901,0.16517,0.03541,0.00,-3.00,0.00,66.3,77.69,633.58,256.48,SEARCH_Y
25.1711,1.0479,1.7203,0.3266,-0.23201,0.16617,0.03041,0.00,-3.00,0.00,66.4,77.65,633.58,256.48,SEARCH_Y
25.1812,1.1079,1.5803,0.1666,-0.22001,0.16517,0.02841,0.00,-3.00,0.00,66.4,77.63,633.58,256.48,SEARCH_Y
25.1913,1.2979,2.3103,-0.3033,-0.23501,0.15917,0.03541,0.00,-3.00,0.00,66.4,77.59,633.58,256.48,SEARCH_Y
25.2014,0.9379,2.1503,-0.0333,-0.22801,0.17517,0.02841,0.00,-3.00,0.00,66.4,77.57,633.58,256.48,SEARCH_Y
25.2115,1.1379,2.0403,0.3166,-0.24401,0.16917,0.02641,0.00,-3.00,0.00,66.4,77.53,633.57,256.48,SEARCH_Y
25.2216,1.0179,1.7403,0.4366,-0.27101,0.16617,0.02341,0.00,-3.00,0.00,66.5,77.51,633.57,256.48,SEARCH_Y
25.2317,1.2379,2.1403,-0.0033,-0.25701,0.17017,0.02741,0.00,-3.00,0.00,66.5,77.47,633.57,256.48,SEARCH_Y
25.2419,1.0479,2.2103,0.2466,-0.27201,0.17517,0.01541,0.00,-3.00,0.00,66.5,77.45,633.57,256.48,SEARCH_Y
25.2520,1.0079,2.4503,0.0166,-0.28001,0.16517,0.02341,0.00,-3.00,0.00,66.5,77.41,633.57,256.48,SEARCH_Y
25.2621,1.1379,2.1403,0.3566,-0.29501,0.16717,0.02041,0.00,-3.00,0.00,66.5,77.39,633.57,256.48,SEARCH_Y
25.2722,1.0479,2.5103,0.3466,-0.29801,0.17317,0.01941,0.00,-3.00,0.00,66.6,77.35,633.57,256.47,SEARCH_Y
25.2824,1.0679,2.2003,0.2966,-0.30601,0.16417,0.01541,0.00,-3.00,0.00,66.6,77.33,633.57,256.47,SEARCH_Y
25.2925,1.2179,2.5103,-0.0433,-0.29401,0.17317,0.01341,0.00,-3.00,0.00,66.6,77.29,633.57,256.47,SEARCH_Y
25.3026,1.0579,2.3803,0.1566,-0.32801,0.16717,0.01841,0.00,-3.00,0.00,66.6,77.27,633.57,256.47,SEARCH_Y
25.3127,1.0879,2.2603,0.1766,-0.31501,0.18017,0.01741,0.00,-3.00,0.00,66.7,77.23,633.57,256.47,SEARCH_Y
25.3228,0.9879,2.3603,0.1766,-0.33301,0.17717,0.01641,0.00,-3.00,0.00,66.7,77.21,633.56,256.47,SEARCH_Y
25.3329,0.9979,2.4503,0.2666,-0.34101,0.17817,0.01541,0.00,-3.00,0.00,66.7,77.17,633.56,256.47,SEARCH_Y
25.3430,0.9179,2.3503,0.7366,-0.36001,0.18117,0.01141,0.00,-3.00,0.00,66.7,77.14,633.56,256.47,SEARCH_Y
25.3531,1.0879,2.9403,0.1866,-0.36001,0.16517,0.01441,0.00,-3.00,0.00,66.7,77.11,633.56,256.47,SEARCH_Y
25.3632,0.8879,2.8303,0.5566,-0.39401,0.16817,0.01241,0.00,-3.00,0.00,66.8,77.08,633.56,256.47,SEARCH_Y
25.3733,1.1279,2.7503,0.3466,-0.40301,0.15517,0.01041,0.00,-3.00,0.00,66.8,77.05,633.56,256.47,SEARCH_Y
25.3835,1.0679,2.9403,0.1966,-0.40301,0.16517,0.00941,0.00,-3.00,0.00,66.8,77.02,633.56,256.47,SEARCH_Y
25.3936,1.1479,2.9603,0.1866,-0.41201,0.14817,0.00941,0.00,-3.00,0.00,66.8,76.99,633.56,256.47,SEARCH_Y
25.4037,0.9879,3.2403,0.0566,-0.41601,0.15717,0.00941,0.00,-3.00,0.00,66.9,76.96,633.56,256.47,SEARCH_Y
25.4138,1.2979,2.8203,0.7866,-0.40201,0.17917,0.00741,0.00,-3.00,0.00,66.9,76.93,633.56,256.47,SEARCH_Y
25.4240,1.0679,3.2903,0.0166,-0.44101,0.15517,0.01141,0.00,-3.00,0.00,66.9,76.90,633.56,256.47,SEARCH_Y
25.4341,0.9379,3.0803,0.3866,-0.44401,0.16517,0.01041,0.00,-3.00,0.00,66.9,76.87,633.55,256.47,SEARCH_Y
25.4442,1.1479,3.0703,0.5666,-0.42501,0.17817,0.00741,0.00,-3.00,0.00,66.9,76.84,633.55,256.47,SEARCH_Y
25.4543,1.0079,2.9103,0.7966,-0.44101,0.17017,0.00541,0.00,-3.00,0.00,67.0,76.81,633.55,256.47,SEARCH_Y
25.4644,1.1879,3.2903,0.3066,-0.43701,0.17217,0.00641,0.00,-3.00,0.00,67.0,76.78,633.55,256.47,SEARCH_Y
25.4746,1.0579,3.1903,0.4166,-0.45901,0.16817,0.00341,0.00,-3.00,0.00,67.0,76.75,633.55,256.47,SEARCH_Y
25.4847,1.1879,3.3803,0.3466,-0.45101,0.18217,0.00541,0.00,-3.00,0.00,67.0,76.72,633.55,256.47,SEARCH_Y
25.4948,1.1279,3.3603,0.6066,-0.46601,0.17917,0.00641,0.00,-3.00,0.00,67.1,76.69,633.55,256.47,SEARCH_Y
25.5049,0.7379,3.3903,0.6866,-0.50001,0.17917,0.00441,0.00,-3.00,0.00,67.1,76.66,633.55,256.47,SEARCH_Y
25.5150,1.0079,2.9403,0.9066,-0.48801,0.18417,0.00341,0.00,-3.00,0.00,67.1,76.63,633.55,256.47,SEARCH_Y
25.5251,0.9579,3.0303,1.0766,-0.48701,0.19517,0.00241,0.00,-3.00,0.00,67.1,76.60,633.55,256.47,SEARCH_Y
25.5353,0.7979,3.4003,0.7266,-0.51301,0.17817,0.00741,0.00,-3.00,0.00,67.1,76.56,633.55,256.47,SEARCH_Y
25.5454,1.2879,3.7903,0.5066,-0.49501,0.17117,0.00441,0.00,-3.00,0.00,67.2,76.54,633.54,256.47,SEARCH_Y
25.5555,1.2079,3.6203,0.5066,-0.50701,0.18117,0.00041,0.00,-3.00,0.00,67.2,76.50,633.54,256.47,SEARCH_Y
25.5656,1.1179,3.7803,0.6866,-0.53301,0.18017,0.00341,0.00,-3.00,0.00,67.2,76.47,633.54,256.47,SEARCH_Y
25.5758,1.0179,3.5103,0.5866,-0.54301,0.18117,-0.00158,0.00,-3.00,0.00,67.2,76.44,633.54,256.47,SEARCH_Y
25.5859,1.1479,3.9403,0.5266,-0.56201,0.16917,-0.00558,0.00,-3.00,0.00,67.3,76.41,633.54,256.47,SEARCH_Y
25.5960,1.0779,3.5303,0.6166,-0.56601,0.17517,-0.00658,0.00,-3.00,0.00,67.3,76.38,633.54,256.47,SEARCH_Y
25.6061,1.2779,3.4803,0.8766,-0.56901,0.17917,-0.00658,0.00,-3.00,0.00,67.3,76.35,633.54,256.47,SEARCH_Y
25.6162,1.0079,3.9503,0.4966,-0.59601,0.15917,-0.00358,0.00,-3.00,0.00,67.3,76.32,633.54,256.47,SEARCH_Y
25.6263,1.2179,4.1503,0.6866,-0.57901,0.18117,-0.00158,0.00,-3.00,0.00,67.3,76.29,633.54,256.47,SEARCH_Y
25.6364,1.1079,3.9503,0.8566,-0.59001,0.18617,-0.00358,0.00,-3.00,0.00,67.4,76.26,633.54,256.47,SEARCH_Y
25.6465,1.0379,3.6903,0.8866,-0.59301,0.18817,-0.00758,0.00,-3.00,0.00,67.4,76.23,633.54,256.47,SEARCH_Y
25.6566,0.9879,3.8503,0.3866,-0.60701,0.16517,-0.00758,0.00,-3.00,0.00,67.4,76.20,633.53,256.47,SEARCH_Y
25.6667,1.0479,4.1803,0.2866,-0.61801,0.16017,-0.01058,0.00,-3.00,0.00,67.4,76.17,633.53,256.47,SEARCH_Y
25.6769,0.9879,4.0803,0.8766,-0.62301,0.19217,-0.00958,0.00,-3.00,0.00,67.5,76.14,633.53,256.47,SEARCH_Y
25.6870,1.0679,4.3303,0.6866,-0.61301,0.19217,-0.01258,0.00,-3.00,0.00,67.5,76.11,633.53,256.47,SEARCH_Y
25.6971,0.9879,3.6703,0.8366,-0.60701,0.19617,-0.01758,0.00,-3.00,0.00,67.5,76.08,633.53,256.47,SEARCH_Y
25.7072,1.0979,3.8603,0.2366,-0.56801,0.19817,-0.02858,0.00,-3.00,0.00,67.5,76.04,633.53,256.47,SEARCH_Y
25.7173,0.8179,4.3603,0.4266,-0.61701,0.18817,-0.03258,0.00,-3.00,0.00,67.5,76.02,633.53,256.47,SEARCH_Y
25.7274,1.1179,4.2003,0.3466,-0.63701,0.18517,-0.01458,0.00,-3.00,0.00,67.6,75.98,633.53,256.47,SEARCH_Y
25.7375,1.0779,4.3003,0.4266,-0.64901,0.17717,-0.03858,0.00,-3.00,0.00,67.6,75.96,633.53,256.47,SEARCH_Y
25.7476,1.4179,4.1903,0.6566,-0.63901,0.18617,-0.02858,0.00,-3.00,0.00,67.6,75.92,633.53,256.47,SEARCH_Y
25.7577,1.1379,4.7303,0.4466,-0.66701,0.18217,-0.01858,0.00,-3.00,0.00,67.6,75.90,633.53,256.47,SEARCH_Y
25.7678,1.1679,4.3703,0.6966,-0.65101,0.19117,-0.03258,0.00,-3.00,0.00,67.7,75.86,633.52,256.47,SEARCH_Y
25.7779,1.0779,4.8603,0.3266,-0.67301,0.17417,-0.02658,0.00,-3.00,0.00,67.7,75.84,633.52,256.47,SEARCH_Y
25.7881,1.3579,4.3603,0.7666,-0.65001,0.18517,-0.02658,0.00,-3.00,0.00,67.7,75.80,633.52,256.47,SEARCH_Y
25.7982,0.9079,4.5103,1.0666,-0.68301,0.20217,-0.03558,0.00,-3.00,0.00,67.7,75.78,633.52,256.47,SEARCH_Y
25.8083,1.0479,4.5603,0.5866,-0.69901,0.17817,-0.02758,0.00,-3.00,0.00,67.7,75.74,633.52,256.47,SEARCH_Y
25.8184,1.0779,4.6103,0.9566,-0.69101,0.18817,-0.02658,0.00,-3.00,0.00,67.8,75.72,633.52,256.47,SEARCH_Y
25.8285,1.2679,4.5603,0.8666,-0.70101,0.18317,-0.03658,0.00,-3.00,0.00,67.8,75.68,633.52,256.47,SEARCH_Y
25.8386,1.0979,4.8203,0.5966,-0.69801,0.18817,-0.02758,0.00,-3.00,0.00,67.8,75.66,633.52,256.47,SEARCH_Y
25.8488,1.1579,4.5703,1.0766,-0.70701,0.20017,-0.03058,0.00,-3.00,0.00,67.8,75.62,633.52,256.47,SEARCH_Y
25.8588,0.8879,4.8803,0.4066,-0.74001,0.18817,-0.02958,0.00,-3.00,0.00,67.9,75.60,633.52,256.47,SEARCH_Y
25.8689,1.0279,4.6703,1.1066,-0.74501,0.18717,-0.03358,0.00,-3.00,0.00,67.9,75.56,633.52,256.47,SEARCH_Y
25.8790,1.1479,5.1503,0.3666,-0.74801,0.17517,-0.02958,0.00,-3.00,0.00,67.9,75.54,633.52,256.47,SEARCH_Y
25.8891,1.1579,5.0803,0.8066,-0.76901,0.16817,-0.03058,0.00,-3.00,0.00,67.9,75.50,633.51,256.47,SEARCH_Z
25.8992,0.9379,4.8303,0.8066,-0.76101,0.19217,-0.03258,0.00,0.00,3.00,67.9,75.48,633.51,256.47,SEARCH_Z
25.9093,1.0879,4.3503,1.4366,-0.76401,0.20217,-0.04058,0.00,0.00,3.00,68.0,75.44,633.51,256.47,SEARCH_Z
25.9194,1.0579,4.9903,0.9566,-0.77701,0.18617,-0.03558,0.00,0.00,3.00,68.0,75.41,633.52,256.47,SEARCH_Z
25.9295,1.2579,4.7203,1.1266,-0.76801,0.19717,-0.03558,0.00,0.00,3.00,68.0,75.39,633.52,256.47,SEARCH_Z
25.9396,1.4579,4.8803,1.0766,-0.75701,0.20117,-0.03558,0.00,0.00,3.00,68.0,75.37,633.53,256.47,SEARCH_Z
25.9497,0.9179,5.5703,0.5966,-0.80401,0.17517,-0.02958,0.00,0.00,3.00,68.0,75.35,633.54,256.47,SEARCH_Z
25.9599,0.9879,5.4403,0.7566,-0.81401,0.18417,-0.03458,0.00,0.00,3.00,68.0,75.33,633.56,256.47,SEARCH_Z
25.9700,1.1879,5.5203,0.7266,-0.79901,0.18517,-0.03658,0.00,0.00,3.00,68.1,75.32,633.57,256.47,SEARCH_Z
25.9801,1.0879,5.1803,0.7966,-0.81901,0.18417,-0.03658,0.00,0.00,3.00,68.1,75.31,633.59,256.47,SEARCH_Z
25.9902,1.0379,5.1103,0.9866,-0.82201,0.18717,-0.03858,0.00,0.00,3.00,68.1,75.30,633.61,256.47,SEARCH_Z
26.0003,1.2579,5.2003,0.6766,-0.82001,0.18517,-0.04158,0.00,0.00,3.00,68.1,75.29,633.64,256.47,SEARCH_Z
26.0104,1.4279,5.4203,0.6566,-0.81501,0.18817,-0.04258,0.00,0.00,3.00,68.1,75.29,633.66,256.47,SEARCH_Z
26.0205,0.9679,5.5303,0.8166,-0.84201,0.18517,-0.03558,0.00,0.00,3.00,68.1,75.29,633.70,256.47,SEARCH_Z
26.0306,1.1279,5.3503,1.1266,-0.83301,0.19517,-0.04458,0.00,0.00,3.00,68.1,75.29,633.72,256.47,SEARCH_Z
26.0408,1.1379,5.4403,0.7766,-0.83101,0.19117,-0.04058,0.00,0.00,3.00,68.1,75.28,633.76,256.47,SEARCH_Z
26.0509,1.0479,5.6703,0.6366,-0.84501,0.17617,-0.03858,0.00,0.00,3.00,68.1,75.28,633.78,256.47,SEARCH_Z
26.0610,1.0479,5.2803,0.9366,-0.84701,0.18417,-0.04358,0.00,0.00,3.00,68.1,75.28,633.82,256.48,SEARCH_Z
26.0711,1.0179,5.5803,0.6266,-0.85401,0.17717,-0.04258,0.00,0.00,3.00,68.1,75.28,633.85,256.48,SEARCH_Z
26.0812,0.9979,5.5003,0.4266,-0.86201,0.15617,-0.03958,0.00,0.00,3.00,68.1,75.28,633.88,256.48,SEARCH_Z
26.0914,1.1079,5.4703,0.4966,-0.82701,0.17217,-0.04858,0.00,0.00,3.00,68.1,75.28,633.91,256.48,SEARCH_Z
26.1015,1.1379,5.1903,0.5866,-0.83801,0.16517,-0.04558,0.00,0.00,3.00,68.1,75.28,633.94,256.48,SEARCH_Z
26.1116,1.1379,5.5403,0.2066,-0.83101,0.15417,-0.04858,0.00,0.00,3.00,68.1,75.28,633.97,256.48,SEARCH_Z
26.1217,1.1479,5.5103,0.4966,-0.82201,0.15517,-0.04658,0.00,0.00,3.00,68.1,75.28,634.00,256.48,SEARCH_Z
26.1318,1.0579,5.4703,0.2966,-0.82401,0.16217,-0.04958,0.00,0.00,3.00,68.1,75.27,634.03,256.48,SEARCH_Z
26.1419,1.1879,5.3703,0.1366,-0.80101,0.16717,-0.04658,0.00,0.00,3.00,68.1,75.27,634.06,256.49,SEARCH_Z
26.1520,1.1579,5.2603,0.1366,-0.80301,0.17217,-0.04458,0.00,0.00,3.00,68.1,75.27,634.09,256.49,SEARCH_Z
26.1622,1.2279,5.2203,0.1666,-0.80401,0.16117,-0.04458,0.00,0.00,3.00,68.1,75.27,634.12,256.49,SEARCH_Z
26.1723,1.1679,5.3203,-0.1433,-0.79401,0.16017,-0.04458,0.00,0.00,3.00,68.1,75.27,634.15,256.49,SEARCH_Z
26.1824,1.1179,5.4103,-0.0433,-0.79801,0.16017,-0.04158,0.00,0.00,3.00,68.1,75.27,634.18,256.49,SEARCH_Z
26.1925,1.3479,5.2703,-0.0133,-0.78701,0.16817,-0.04758,0.00,0.00,3.00,68.1,75.27,634.21,256.49,SEARCH_Z
26.2026,1.0279,5.5003,0.2366,-0.79301,0.16617,-0.04858,0.00,0.00,3.00,68.1,75.27,634.24,256.49,SEARCH_Z
26.2127,1.1979,5.4903,0.3766,-0.79501,0.15717,-0.05358,0.00,0.00,3.00,68.1,75.27,634.27,256.49,SEARCH_Z
26.2228,1.1379,5.2803,0.2066,-0.78801,0.16617,-0.05158,0.00,0.00,3.00,68.1,75.26,634.30,256.49,SEARCH_Z
26.2329,1.1679,5.4003,-0.1933,-0.78901,0.15217,-0.05458,0.00,0.00,3.00,68.1,75.26,634.33,256.50,SEARCH_Z
26.2430,1.0279,5.3903,0.0566,-0.78701,0.16217,-0.05458,0.00,0.00,3.00,68.1,75.26,634.36,256.50,SEARCH_Z
26.2532,0.9579,5.2203,-0.2333,-0.79001,0.17517,-0.05258,0.00,0.00,3.00,68.1,75.26,634.39,256.50,SEARCH_Z
26.2633,1.1179,5.4703,-0.2233,-0.79001,0.16017,-0.05058,0.00,0.00,3.00,68.1,75.26,634.43,256.50,SEARCH_Z
26.2734,0.9479,5.3403,-0.2233,-0.76601,0.18717,-0.05158,0.00,0.00,3.00,68.1,75.26,634.45,256.50,SEARCH_Z
26.2835,1.1179,5.2003,-0.2833,-0.77301,0.18517,-0.05058,0.00,0.00,3.00,68.1,75.26,634.49,256.50,SEARCH_Z
26.2936,1.2379,5.2103,-0.6733,-0.76401,0.17117,-0.04858,0.00,0.00,3.00,68.1,75.26,634.51,256.50,SEARCH_Z
26.3037,1.0879,5.1603,-0.3033,-0.75901,0.19017,-0.05158,0.00,0.00,3.00,68.1,75.25,634.55,256.50,SEARCH_Z
26.3138,1.0979,5.1503,-0.4233,-0.75601,0.19217,-0.05158,0.00,0.00,3.00,68.1,75.25,634.57,256.50,SEARCH_Z
26.3239,1.5979,5.0703,-0.3333,-0.73801,0.19817,-0.05558,0.00,0.00,3.00,68.1,75.25,634.61,256.51,SEARCH_Z
26.3340,1.2779,5.4903,-0.9533,-0.76701,0.18917,-0.05158,0.00,0.00,3.00,68.1,75.25,634.63,256.51,SEARCH_Z
26.3441,1.4379,5.2803,-0.7833,-0.73101,0.20617,-0.05058,0.00,0.00,3.00,68.1,75.25,634.67,256.51,SEARCH_Z
26.3543,1.5379,4.8603,-0.6633,-0.73701,0.20517,-0.05658,0.00,0.00,3.00,68.1,75.25,634.69,256.51,SEARCH_Z
26.3643,1.5079,5.3803,-1.0133,-0.73801,0.19417,-0.05058,0.00,0.00,3.00,68.1,75.25,634.73,256.51,SEARCH_Z
26.3745,1.4579,4.9803,-0.6333,-0.73201,0.21117,-0.05658,0.00,0.00,3.00,68.1,75.25,634.75,256.51,SEARCH_Z
26.3846,1.5279,5.0903,-0.7433,-0.71401,0.21817,-0.05358,0.00,0.00,3.00,68.1,75.25,634.79,256.51,SEARCH_Z
26.3947,1.4179,5.2503,-1.2133,-0.70701,0.21617,-0.05158,0.00,0.00,3.00,68.1,75.24,634.81,256.51,SEARCH_Z
26.4049,1.5579,5.1103,-1.0733,-0.71501,0.22317,-0.05358,0.00,0.00,3.00,68.1,75.24,634.85,256.51,SEARCH_Z
26.4150,1.5779,4.7903,-1.1533,-0.70801,0.21217,-0.04958,0.00,0.00,3.00,68.1,75.24,634.87,256.52,SEARCH_Z
26.4251,1.4979,5.1903,-1.4433,-0.71101,0.21517,-0.05158,0.00,0.00,3.00,68.1,75.24,634.91,256.52,SEARCH_Z
26.4352,1.5079,5.0603,-1.3033,-0.71301,0.21817,-0.05358,0.00,0.00,3.00,68.1,75.24,634.94,256.52,SEARCH_Z
26.4453,1.4079,4.9403,-1.3333,-0.71001,0.22717,-0.05358,0.00,0.00,3.00,68.1,75.24,634.97,256.52,SEARCH_Z
26.4554,1.6179,4.8903,-1.3333,-0.69201,0.23517,-0.05258,0.00,0.00,3.00,68.1,75.24,634.99,256.52,SEARCH_Z
26.4655,1.7979,4.9403,-1.3133,-0.68101,0.23817,-0.05258,0.00,0.00,3.00,68.1,75.24,635.03,256.52,SEARCH_Z
26.4756,1.4079,5.1403,-1.6333,-0.70701,0.22817,-0.05358,0.00,0.00,3.00,68.1,75.23,635.06,256.52,SEARCH_Z
26.4857,1.4379,4.8703,-1.0433,-0.68701,0.24217,-0.05558,0.00,0.00,3.00,68.1,75.23,635.09,256.52,SEARCH_Z
26.4958,1.5479,5.1803,-1.7033,-0.68401,0.23517,-0.05058,0.00,0.00,3.00,68.1,75.23,635.12,256.52,SEARCH_Z
26.5060,1.5779,4.5403,-1.4133,-0.69301,0.24417,-0.05358,0.00,0.00,3.00,68.1,75.23,635.15,256.53,SEARCH_Z
26.5161,1.3179,5.2103,-1.8433,-0.70701,0.22617,-0.05358,0.00,0.00,3.00,68.1,75.23,635.18,256.53,SEARCH_Z
26.5262,1.6879,4.7403,-1.4333,-0.67201,0.25417,-0.05358,0.00,0.00,3.00,68.1,75.23,635.21,256.53,SEARCH_Z
26.5363,1.6579,5.1903,-1.9133,-0.69001,0.22717,-0.05358,0.00,0.00,3.00,68.1,75.23,635.24,256.53,SEARCH_Z
26.5464,1.8779,5.0103,-1.8133,-0.68301,0.24017,-0.05658,0.00,0.00,3.00,68.1,75.23,635.27,256.53,SEARCH_Z
26.5606,1.8679,4.9403,-1.7733,-0.67401,0.24317,-0.05358,0.00,0.00,3.00,68.1,75.23,635.32,256.53,SEARCH_Z
26.5708,1.6279,4.6403,-1.5333,-0.67201,0.25517,-0.05758,0.00,0.00,3.00,68.1,75.22,635.34,256.53,SEARCH_Z
26.5809,1.5879,5.1303,-1.7933,-0.67501,0.24717,-0.05358,0.00,0.00,3.00,68.1,75.22,635.38,256.53,SEARCH_Z
26.5910,1.6479,5.0703,-2.0733,-0.67301,0.24617,-0.04958,0.00,0.00,3.00,68.1,75.22,635.40,256.54,SEARCH_Z
26.6011,1.5379,5.0603,-1.7333,-0.68401,0.24917,-0.05058,0.00,0.00,3.00,68.1,75.22,635.44,256.54,SEARCH_Z
26.6111,1.5179,5.0303,-2.1833,-0.68601,0.24317,-0.04958,0.00,0.00,3.00,68.1,75.22,635.47,256.54,SEARCH_Z
26.6213,1.6779,4.9403,-1.7833,-0.67101,0.26017,-0.05558,0.00,0.00,3.00,68.1,75.22,635.50,256.54,SEARCH_Z
26.6314,1.8279,5.0403,-1.9433,-0.66801,0.25617,-0.05458,0.00,0.00,3.00,68.1,75.22,635.53,256.54,SEARCH_Z
26.6415,1.8279,5.0103,-2.1433,-0.67201,0.24017,-0.05358,0.00,0.00,3.00,68.1,75.22,635.56,256.54,SEARCH_Z
26.6516,1.6379,4.9903,-2.1233,-0.68301,0.25817,-0.05858,0.00,0.00,3.00,68.1,75.21,635.59,256.54,SEARCH_Z
26.6617,1.6979,4.7903,-1.8333,-0.66501,0.27317,-0.05458,0.00,0.00,3.00,68.1,75.21,635.62,256.54,SEARCH_Z
26.6719,1.8579,5.0403,-2.3333,-0.64701,0.26717,-0.05158,0.00,0.00,3.00,68.1,75.21,635.65,256.54,SEARCH_Z
26.6820,1.9079,4.9403,-2.2433,-0.65101,0.26917,-0.05458,0.00,0.00,3.00,68.1,75.21,635.68,256.55,SEARCH_Z
26.6921,1.8279,4.8203,-2.4033,-0.65501,0.26317,-0.05258,0.00,0.00,3.00,68.1,75.21,635.71,256.55,SEARCH_Z
26.7022,1.7179,4.5203,-1.8433,-0.64901,0.27917,-0.05458,0.00,0.00,3.00,68.1,75.21,635.74,256.55,SEARCH_Z
26.7123,1.7979,4.8103,-1.7633,-0.66601,0.28317,-0.05358,0.00,0.00,3.00,68.1,75.21,635.77,256.55,SEARCH_Z
26.7224,1.7879,5.1203,-2.1633,-0.65601,0.29417,-0.05458,0.00,0.00,3.00,68.1,75.21,635.80,256.55,SEARCH_Z
26.7325,1.8379,4.7503,-1.6633,-0.66201,0.28917,-0.05558,0.00,0.00,3.00,68.1,75.21,635.83,256.55,SEARCH_Z
26.7426,1.9379,4.7203,-1.8733,-0.64601,0.29417,-0.05658,0.00,0.00,3.00,68.1,75.20,635.86,256.55,SEARCH_Z
26.7527,1.8679,4.6603,-1.8133,-0.66701,0.28517,-0.05958,0.00,0.00,3.00,68.1,75.20,635.89,256.55,SEARCH_Z
26.7629,1.9179,4.7203,-2.1933,-0.65901,0.28717,-0.05558,0.00,0.00,3.00,68.1,75.20,635.92,256.55,SEARCH_Z
26.7730,1.9679,4.7103,-2.0933,-0.65601,0.29617,-0.05858,0.00,0.00,3.00,68.1,75.20,635.95,256.56,SEARCH_Z
26.7831,1.9979,5.0503,-2.2433,-0.65901,0.29117,-0.05558,0.00,0.00,3.00,68.1,75.20,635.99,256.56,SEARCH_Z
26.7932,1.7679,4.8203,-2.0533,-0.64801,0.31017,-0.05258,0.00,0.00,3.00,68.1,75.20,636.01,256.56,SEARCH_Z
26.8033,2.2279,4.6703,-1.9833,-0.64701,0.30417,-0.05258,0.00,0.00,3.00,68.1,75.20,636.05,256.56,SEARCH_Z
26.8135,1.7379,5.0503,-1.9833,-0.65001,0.30917,-0.05458,0.00,0.00,3.00,68.1,75.20,636.07,256.56,SEARCH_Z
26.8236,2.1679,5.0803,-2.5233,-0.64701,0.29917,-0.05858,0.00,0.00,3.00,68.1,75.20,636.11,256.56,SEARCH_Z
26.8337,2.0279,4.9603,-2.5433,-0.64901,0.30717,-0.05458,0.00,0.00,3.00,68.1,75.19,636.13,256.56,SEARCH_Z
26.8438,2.1479,4.9603,-2.1933,-0.64601,0.30517,-0.06058,0.00,0.00,3.00,68.1,75.19,636.17,256.56,SEARCH_Z
26.8539,1.9379,4.9503,-2.4833,-0.65401,0.31217,-0.05758,0.00,0.00,3.00,68.1,75.19,636.19,256.56,SEARCH_Z
26.8640,1.9779,4.7603,-2.2933,-0.63901,0.31817,-0.05558,0.00,0.00,3.00,68.2,75.19,636.23,256.57,SEARCH_Z
26.8741,1.7479,4.8703,-2.4633,-0.66301,0.30817,-0.05358,0.00,0.00,3.00,68.2,75.19,636.25,256.57,SEARCH_Z
26.8842,1.9979,4.6203,-2.0733,-0.63701,0.32817,-0.05558,0.00,0.00,3.00,68.2,75.19,636.29,256.57,SEARCH_Z
26.8943,2.0679,4.8703,-2.3433,-0.64901,0.33217,-0.05758,0.00,0.00,3.00,68.2,75.19,636.31,256.57,SEARCH_Z
26.9044,2.1779,4.9703,-2.6233,-0.64801,0.31917,-0.05258,0.00,0.00,3.00,68.2,75.19,636.35,256.57,SEARCH_Z
26.9145,2.0579,4.7403,-2.3133,-0.65401,0.32417,-0.05558,0.00,0.00,3.00,68.2,75.18,636.37,256.57,SEARCH_Z
26.9247,2.1679,4.6803,-2.3933,-0.64001,0.32917,-0.05658,0.00,0.00,3.00,68.2,75.18,636.41,256.57,SEARCH_Z
26.9348,1.9979,4.8303,-2.4033,-0.63701,0.34417,-0.05658,0.00,0.00,3.00,68.2,75.18,636.43,256.57,SEARCH_Z
26.9449,2.2079,5.0103,-2.6533,-0.65401,0.32417,-0.05958,0.00,0.00,3.00,68.2,75.18,636.47,256.57,SEARCH_Z
26.9550,2.2279,4.6903,-2.3433,-0.65001,0.32517,-0.05958,0.00,0.00,3.00,68.2,75.18,636.49,256.58,SEARCH_Z
26.9651,2.1679,4.6803,-2.4933,-0.65101,0.32917,-0.05658,0.00,0.00,3.00,68.2,75.18,636.53,256.58,SEARCH_Z
26.9752,2.1479,4.3703,-2.4133,-0.63801,0.34017,-0.05858,0.00,0.00,3.00,68.2,75.18,636.56,256.58,SEARCH_Z
26.9853,2.3779,4.6003,-2.4633,-0.62501,0.34617,-0.05658,0.00,0.00,3.00,68.2,75.18,636.59,256.58,SEARCH_Z
26.9955,2.3479,4.7003,-2.6133,-0.62401,0.34217,-0.05558,0.00,0.00,3.00,68.2,75.18,636.62,256.58,SEARCH_Z
27.0057,2.1879,4.6603,-2.7033,-0.64501,0.33917,-0.05458,0.00,0.00,3.00,68.2,75.17,636.65,256.58,SEARCH_Z
27.0158,2.1879,4.8303,-2.7633,-0.64801,0.32917,-0.05558,0.00,0.00,3.00,68.2,75.17,636.68,256.58,SEARCH_Z
27.0259,1.9779,4.5103,-0.5333,-0.67101,0.32417,-0.07658,0.00,0.00,3.00,68.2,75.17,636.71,256.58,SEARCH_Z
27.0360,1.9879,4.8303,-1.5433,-0.67201,0.33217,-0.04358,0.00,0.00,3.00,68.2,75.17,636.74,256.59,SEARCH_Z
27.0462,2.1479,4.9903,-2.0933,-0.68401,0.31117,-0.07358,0.00,0.00,3.00,68.2,75.17,636.77,256.59,SEARCH_Z
27.0563,1.9479,4.6703,-1.8733,-0.67901,0.30417,-0.05858,0.00,0.00,3.00,68.2,75.17,636.80,256.59,SEARCH_Z
27.0664,2.2579,4.7103,-1.7433,-0.70101,0.32617,-0.06758,0.00,0.00,3.00,68.2,75.17,636.83,256.59,SEARCH_Z
27.0765,2.1079,4.6803,-1.5033,-0.66701,0.30317,-0.06558,0.00,0.00,3.00,68.2,75.17,636.86,256.59,SEARCH_Z
27.0866,2.0879,4.6703,-1.6733,-0.68501,0.33217,-0.05758,0.00,0.00,3.00,68.2,75.17,636.89,256.59,SEARCH_Z
27.0967,1.9679,4.6503,-2.0533,-0.66401,0.33717,-0.05958,0.00,0.00,3.00,68.2,75.16,636.92,256.59,SEARCH_Z
27.1068,1.8779,4.7203,-2.1733,-0.67301,0.32317,-0.05558,0.00,0.00,3.00,68.2,75.16,636.95,256.59,SEARCH_Z
27.1169,2.0579,4.8503,-2.2333,-0.65601,0.33417,-0.05158,0.00,0.00,3.00,68.2,75.16,636.98,256.59,SEARCH_Z
27.1270,2.0579,4.4703,-1.8733,-0.62601,0.34417,-0.06058,0.00,0.00,3.00,68.2,75.16,637.01,256.60,SEARCH_Z
27.1371,2.2779,4.5703,-2.2233,-0.62001,0.34717,-0.05458,0.00,0.00,3.00,68.2,75.16,637.04,256.60,SEARCH_Z
27.1472,1.8579,4.4503,-1.5933,-0.68501,0.31917,-0.06258,0.00,0.00,3.00,68.2,75.16,637.08,256.60,SEARCH_Z
27.1573,1.8379,4.9603,-1.9833,-0.68401,0.30717,-0.05358,0.00,0.00,3.00,68.2,75.16,637.10,256.60,SEARCH_Z
27.1674,2.2879,4.5403,-1.6933,-0.65201,0.35517,-0.05958,0.00,0.00,3.00,68.2,75.16,637.14,256.60,SEARCH_Z
27.1776,2.0979,4.6903,-1.9233,-0.64201,0.33617,-0.06558,0.00,0.00,3.00,68.2,75.15,637.16,256.60,SEARCH_Z
27.1877,1.9479,4.9103,-1.6333,-0.68401,0.32017,-0.06258,0.00,0.00,3.00,68.2,75.15,637.20,256.60,SEARCH_Z
27.1978,2.2679,4.4103,-1.5933,-0.64701,0.33817,-0.05958,0.00,0.00,3.00,68.2,75.15,637.22,256.60,SEARCH_Z
27.2080,2.2679,4.5103,-1.8333,-0.63001,0.34617,-0.06658,0.00,0.00,3.00,68.2,75.15,637.26,256.60,SEARCH_Z
27.2181,2.0879,4.7403,-2.2933,-0.66301,0.33117,-0.05558,0.00,0.00,3.00,68.2,75.15,637.28,256.61,SEARCH_Z
27.2282,2.1279,4.5003,-2.1633,-0.63601,0.34217,-0.05958,0.00,0.00,3.00,68.2,75.15,637.32,256.61,SEARCH_Z
27.2384,1.9179,4.7903,-2.2933,-0.63301,0.35117,-0.05558,0.00,0.00,3.00,68.2,75.15,637.34,256.61,SEARCH_Z
27.2485,2.2579,4.8803,-2.6633,-0.62201,0.33717,-0.05358,0.00,0.00,3.00,68.2,75.15,637.38,256.61,SEARCH_Z
27.2586,2.0479,4.5103,-2.3233,-0.62701,0.34717,-0.05958,0.00,0.00,3.00,68.2,75.15,637.40,256.61,SEARCH_Z
27.2688,2.0879,4.5703,-1.4733,-0.64001,0.34017,-0.06458,0.00,0.00,3.00,68.2,75.14,637.44,256.61,SEARCH_Z
27.2789,2.0079,4.4203,-1.9233,-0.64001,0.34817,-0.04858,0.00,0.00,3.00,68.2,75.14,637.46,256.61,SEARCH_Z
27.2890,1.8679,4.7503,-2.2333,-0.66501,0.33417,-0.07358,0.00,0.00,3.00,68.2,75.14,637.50,256.61,SEARCH_Z
27.2991,2.0679,4.4203,-1.8333,-0.63201,0.33117,-0.05258,0.00,0.00,3.00,68.2,75.14,637.52,256.61,SEARCH_Z
27.3092,2.2379,4.6103,-1.8733,-0.64901,0.33617,-0.06458,0.00,0.00,3.00,68.2,75.14,637.56,256.62,SEARCH_Z
27.3193,2.1179,4.3503,-1.9433,-0.63501,0.33517,-0.06158,0.00,0.00,3.00,68.2,75.14,637.60,256.62,SEARCH_Z
27.3294,2.1979,4.2303,-1.8833,-0.62801,0.35117,-0.06358,0.00,0.00,3.00,68.2,75.14,637.62,256.62,SEARCH_Z
27.3396,2.0279,4.6103,-1.7533,-0.64101,0.32417,-0.06158,0.00,0.00,3.00,68.2,75.14,637.66,256.62,SEARCH_Z
27.3498,2.0679,4.5803,-2.1033,-0.62601,0.33417,-0.05358,0.00,0.00,3.00,68.2,75.13,637.68,256.62,SEARCH_Z
27.3599,2.3479,4.5903,-2.2533,-0.60701,0.34717,-0.05958,0.00,0.00,3.00,68.2,75.13,637.72,256.62,SEARCH_Z
27.3700,2.0779,4.3003,-2.2133,-0.60501,0.33817,-0.06058,0.00,0.00,3.00,68.2,75.13,637.74,256.62,SEARCH_Z
27.3801,2.2079,4.6003,-2.1933,-0.61501,0.35117,-0.05658,0.00,0.00,3.00,68.2,75.13,637.78,256.62,SEARCH_Z
27.3902,2.1779,4.4403,-2.3833,-0.62101,0.33817,-0.05558,0.00,0.00,3.00,68.2,75.13,637.80,256.62,SEARCH_Z
27.4004,1.8079,4.9303,-2.2233,-0.66001,0.33917,-0.06558,0.00,0.00,3.00,68.2,75.13,637.84,256.63,SEARCH_Z
27.4105,2.2879,4.3703,-1.9133,-0.64201,0.34217,-0.05758,0.00,0.00,3.00,68.2,75.13,637.86,256.63,SEARCH_Z
27.4206,2.1879,4.3703,-2.2933,-0.64001,0.33017,-0.06458,0.00,0.00,3.00,68.2,75.13,637.90,256.63,SEARCH_Z
27.4307,2.1679,4.7903,-2.4233,-0.60701,0.34717,-0.05658,0.00,0.00,3.00,68.2,75.13,637.92,256.63,SEARCH_Z
27.4409,2.3279,4.2203,-2.2433,-0.62101,0.33317,-0.06058,0.00,0.00,3.00,68.3,75.12,637.96,256.63,SEARCH_Z
27.4510,1.7079,4.4203,-2.4633,-0.63901,0.32017,-0.05758,0.00,0.00,3.00,68.3,75.12,637.98,256.63,SEARCH_Z
27.4611,1.9079,4.4903,-2.3933,-0.61401,0.36217,-0.05758,0.00,0.00,3.00,68.3,75.12,638.02,256.63,SEARCH_Z
27.4712,2.2679,4.2003,-2.2533,-0.60301,0.34517,-0.06858,0.00,0.00,3.00,68.3,75.12,638.04,256.63,SEARCH_Z
27.4813,2.0279,4.2603,-2.5833,-0.60901,0.34617,-0.05958,0.00,0.00,3.00,68.3,75.12,638.08,256.63,SEARCH_Z
27.4914,2.1279,4.5503,-2.7833,-0.61401,0.35017,-0.05858,0.00,0.00,3.00,68.3,75.12,638.11,256.64,SEARCH_Z
27.5016,2.1779,4.3803,-2.7133,-0.61201,0.33717,-0.06458,0.00,0.00,3.00,68.3,75.12,638.14,256.64,SEARCH_Z
27.5117,2.0179,4.4303,-2.4833,-0.60501,0.35617,-0.05258,0.00,0.00,3.00,68.3,75.12,638.17,256.64,SEARCH_Z
27.5218,2.1479,4.1003,-2.2133,-0.64501,0.34117,-0.06258,0.00,0.00,3.00,68.3,75.12,638.20,256.64,SEARCH_Z
27.5319,1.8379,4.5903,-2.0433,-0.65201,0.32617,-0.04458,0.00,0.00,3.00,68.3,75.11,638.23,256.64,SEARCH_Z
27.5421,2.1279,4.5903,-2.3233,-0.65401,0.33017,-0.03158,0.00,0.00,3.00,68.3,75.11,638.26,256.64,SEARCH_Z
27.5522,2.0779,4.7003,-2.4233,-0.64601,0.31917,-0.03558,0.00,0.00,3.00,68.3,75.11,638.29,256.64,SEARCH_Z
27.5623,2.2379,4.7903,-2.2433,-0.62201,0.34017,-0.05058,0.00,0.00,3.00,68.3,75.11,638.32,256.64,SEARCH_Z
27.5724,1.8879,4.3203,-2.2933,-0.64501,0.32017,-0.03558,0.00,0.00,3.00,68.3,75.11,638.35,256.65,SEARCH_Z
27.5826,2.1379,4.3703,-2.3933,-0.63901,0.32617,-0.03758,0.00,0.00,3.00,68.3,75.11,638.38,256.65,SEARCH_Z
27.5927,2.0579,4.4103,-2.6433,-0.64101,0.31517,-0.04858,0.00,0.00,3.00,68.3,75.11,638.41,256.65,SEARCH_Z
27.6028,2.1279,4.9203,-2.7233,-0.64101,0.32017,-0.03258,0.00,0.00,3.00,68.3,75.11,638.44,256.65,SEARCH_Z
27.6129,2.2279,4.4403,-2.8233,-0.60801,0.34117,-0.03958,0.00,0.00,3.00,68.3,75.10,638.47,256.65,SEARCH_Z
27.6230,1.8679,4.7003,-2.5833,-0.64201,0.32317,-0.04758,0.00,0.00,3.00,68.3,75.10,638.50,256.65,SEARCH_Z
27.6331,2.1779,4.5203,-2.4333,-0.63901,0.33317,-0.03958,0.00,0.00,3.00,68.3,75.10,638.53,256.65,SEARCH_Z
27.6433,1.7879,4.9603,-1.8333,-0.66101,0.31217,-0.04558,0.00,0.00,3.00,68.3,75.10,638.57,256.65,SEARCH_Z
27.6534,1.8279,4.5503,-2.1033,-0.63301,0.31717,-0.03958,0.00,0.00,3.00,68.3,75.10,638.59,256.65,SEARCH_Z
27.6636,2.2579,4.6803,-2.1833,-0.62901,0.33317,-0.03958,0.00,0.00,3.00,68.3,75.10,638.63,256.66,SEARCH_Z
27.6737,1.7879,4.3803,-1.8733,-0.62401,0.32517,-0.04858,0.00,0.00,3.00,68.3,75.10,638.65,256.66,SEARCH_Z
27.6838,1.8879,4.4103,-2.1333,-0.64301,0.31517,-0.03958,0.00,0.00,3.00,68.3,75.10,638.69,256.66,SEARCH_Z
27.6939,1.9379,4.3703,-2.3333,-0.64101,0.32217,-0.03758,0.00,0.00,3.00,68.3,75.10,638.71,256.66,SEARCH_Z
27.7040,2.1279,4.2503,-2.3333,-0.60401,0.33017,-0.05258,0.00,0.00,3.00,68.3,75.09,638.75,256.66,SEARCH_Z
27.7142,2.0579,4.2503,-2.0933,-0.62701,0.33517,-0.03858,0.00,0.00,3.00,68.3,75.09,638.77,256.66,SEARCH_Z
27.7243,2.0479,4.5903,-2.5833,-0.61001,0.32917,-0.03858,0.00,0.00,3.00,68.3,75.09,638.81,256.66,SEARCH_Z
27.7344,1.8779,4.5303,-2.5933,-0.60901,0.32917,-0.04058,0.00,0.00,3.00,68.3,75.09,638.83,256.66,SEARCH_Z
27.7445,2.0379,4.2603,-2.4433,-0.61601,0.33217,-0.04058,0.00,0.00,3.00,68.3,75.09,638.87,256.66,SEARCH_Z
27.7546,2.0079,4.7003,-3.0433,-0.61201,0.31817,-0.04158,0.00,0.00,3.00,68.3,75.09,638.89,256.67,SEARCH_Z
27.7647,1.8179,4.4003,-1.4133,-0.62101,0.33617,-0.04258,0.00,0.00,3.00,68.3,75.09,638.93,256.67,SEARCH_Z
27.7749,1.8879,4.4003,-1.7533,-0.62401,0.32317,-0.03358,0.00,0.00,3.00,68.3,75.09,638.95,256.67,SEARCH_Z
27.7850,2.1579,4.7303,-2.3633,-0.61601,0.31517,-0.04558,0.00,0.00,3.00,68.3,75.08,638.99,256.67,SEARCH_Z
27.7951,1.9379,4.5103,-2.0933,-0.63601,0.30517,-0.05558,0.00,0.00,3.00,68.3,75.08,639.01,256.67,SEARCH_Z
27.8052,2.1579,4.3103,-2.3533,-0.61501,0.32617,-0.03558,0.00,0.00,3.00,68.3,75.08,639.05,256.67,SEARCH_Z
27.8153,2.1579,4.3603,-2.2433,-0.59601,0.34517,-0.05258,0.00,0.00,3.00,68.3,75.08,639.08,256.67,SEARCH_Z
27.8254,1.8979,4.2703,-2.2533,-0.59701,0.33617,-0.04858,0.00,0.00,3.00,68.3,75.08,639.11,256.67,SEARCH_Z
27.8355,2.3679,4.3303,-2.2833,-0.58001,0.35117,-0.04058,0.00,0.00,3.00,68.3,75.08,639.14,256.67,SEARCH_Z
27.8456,2.2579,3.9003,-2.3033,-0.58401,0.33417,-0.04858,0.00,0.00,3.00,68.4,75.08,639.17,256.68,SEARCH_Z
27.8557,2.1179,4.5103,-2.4233,-0.57901,0.35017,-0.03958,0.00,0.00,3.00,68.4,75.08,639.20,256.68,SEARCH_Z
27.8658,1.8579,4.3503,-2.2433,-0.60601,0.33217,-0.04558,0.00,0.00,3.00,68.4,75.08,639.23,256.68,SEARCH_Z
27.8759,2.1179,4.3503,-2.6833,-0.59001,0.32917,-0.03558,0.00,0.00,3.00,68.4,75.07,639.26,256.68,SEARCH_Z
27.8861,2.1979,4.4803,-2.5633,-0.58401,0.33217,-0.04158,0.00,0.00,3.00,68.4,75.07,639.29,256.68,SEARCH_Z
27.8962,1.7079,4.3503,-2.0233,-0.59501,0.31117,-0.03858,0.00,0.00,3.00,68.4,75.07,639.32,256.68,SEARCH_Z
27.9063,2.3779,4.3003,-1.9533,-0.59801,0.33717,-0.04658,0.00,0.00,3.00,68.4,75.07,639.35,256.68,SEARCH_Z
27.9164,2.1379,3.9603,-1.9333,-0.58801,0.33917,-0.04958,0.00,0.00,3.00,68.4,75.07,639.38,256.68,SEARCH_Z
27.9266,2.0079,4.3603,-2.5533,-0.58401,0.32517,-0.04058,0.00,0.00,3.00,68.4,75.07,639.41,256.68,SEARCH_Z
27.9366,2.0679,4.3503,-2.3633,-0.57701,0.32717,-0.04258,0.00,0.00,3.00,68.4,75.07,639.44,256.69,SEARCH_Z
27.9467,2.1779,4.2303,-2.3933,-0.55901,0.33417,-0.04158,0.00,0.00,3.00,68.4,75.07,639.47,256.69,SEARCH_Z
27.9569,1.9979,4.4003,-2.5933,-0.55601,0.34817,-0.04058,0.00,0.00,3.00,68.4,75.06,639.50,256.69,SEARCH_Z
27.9670,2.0379,4.3603,-2.5633,-0.56001,0.33917,-0.03858,0.00,0.00,3.00,68.4,75.06,639.53,256.69,SEARCH_Z
27.9771,2.0679,4.0003,-2.7233,-0.56001,0.34217,-0.04358,0.00,0.00,3.00,68.4,75.06,639.56,256.69,SEARCH_Z
27.9872,2.0679,4.6003,-3.0633,-0.56501,0.34817,-0.03658,0.00,0.00,3.00,68.4,75.06,639.59,256.69,SEARCH_Z
27.9973,2.1079,4.0103,-2.1733,-0.58201,0.33917,-0.04958,0.00,0.00,3.00,68.4,75.06,639.62,256.69,SEARCH_Z
28.0074,2.2079,4.3903,-1.9833,-0.58301,0.32617,-0.03658,0.00,0.00,3.00,68.4,75.06,639.66,256.69,SEARCH_Z
28.0175,2.2179,4.3103,-2.2133,-0.59001,0.33417,-0.04758,0.00,0.00,3.00,68.4,75.06,639.68,256.69,SEARCH_Z
28.0276,1.8779,4.0303,-2.2133,-0.57101,0.33517,-0.04458,0.00,0.00,3.00,68.4,75.06,639.72,256.70,SEARCH_Z
28.0377,2.3879,4.1803,-2.7533,-0.54201,0.36117,-0.04458,0.00,0.00,3.00,68.4,75.06,639.74,256.70,SEARCH_Z
28.0478,2.1379,4.3103,-2.2533,-0.57301,0.31517,-0.04358,0.00,0.00,3.00,68.4,75.05,639.78,256.70,SEARCH_Z
28.0580,2.3479,3.7903,-2.2533,-0.56101,0.34317,-0.04058,0.00,0.00,3.00,68.4,75.05,639.80,256.70,SEARCH_Z
28.0681,2.1379,4.1503,-2.6933,-0.56701,0.36017,-0.04858,0.00,0.00,3.00,68.4,75.05,639.84,256.70,SEARCH_Z
28.0782,2.2279,3.8003,-2.2733,-0.56701,0.34317,-0.04558,0.00,0.00,3.00,68.4,75.05,639.86,256.70,SEARCH_Z
28.0883,2.2579,3.9703,-2.4533,-0.58401,0.33817,-0.04558,0.00,0.00,3.00,68.4,75.05,639.90,256.70,SEARCH_Z
28.0984,2.1979,3.9103,-2.8633,-0.55401,0.35317,-0.04558,0.00,0.00,3.00,68.4,75.05,639.92,256.70,SEARCH_Z
28.1086,1.8779,4.1503,-2.3233,-0.58501,0.32517,-0.05158,0.00,0.00,3.00,68.4,75.05,639.96,256.70,SEARCH_Z
28.1186,2.4579,4.1303,-2.3833,-0.55101,0.36417,-0.04358,0.00,0.00,3.00,68.4,75.05,639.98,256.71,SEARCH_Z
28.1287,2.4079,4.2703,-2.6533,-0.55301,0.34417,-0.05158,0.00,0.00,3.00,68.4,75.05,640.02,256.71,SEARCH_Z
28.1389,2.0579,4.3903,-2.9533,-0.56601,0.34917,-0.04358,0.00,0.00,3.00,68.4,75.04,640.04,256.71,SEARCH_Z
28.1490,2.3279,3.8103,-2.2233,-0.54901,0.37417,-0.05158,0.00,0.00,3.00,68.4,75.04,640.08,256.71,SEARCH_Z
28.1591,2.2879,3.9303,-2.7233,-0.55301,0.34817,-0.04858,0.00,0.00,3.00,68.4,75.04,640.10,256.71,SEARCH_Z
28.1692,2.2579,4.2003,-2.8333,-0.55201,0.36517,-0.04058,0.00,0.00,3.00,68.4,75.04,640.14,256.71,SEARCH_Z
28.1793,2.1579,4.1703,-2.9133,-0.55501,0.36017,-0.04658,0.00,0.00,3.00,68.4,75.04,640.18,256.71,SEARCH_Z
28.1894,2.0779,4.0503,-2.8533,-0.56801,0.35717,-0.04658,0.00,0.00,3.00,68.5,75.04,640.20,256.71,SEARCH_Z
28.1995,2.2779,4.5703,-3.0333,-0.56801,0.34217,-0.04158,0.00,0.00,3.00,68.5,75.04,640.24,256.72,SEARCH_Z
28.2096,1.9779,4.2903,-2.4533,-0.58101,0.32517,-0.01558,0.00,0.00,3.00,68.5,75.04,640.26,256.72,SEARCH_Z
28.2198,2.2379,4.2503,-2.1633,-0.58701,0.35217,-0.02958,0.00,0.00,3.00,68.5,75.03,640.30,256.72,SEARCH_Z
28.2299,2.0979,4.3703,-2.3333,-0.59901,0.33417,-0.04958,0.00,0.00,3.00,68.5,75.03,640.32,256.72,SEARCH_Z
28.2401,2.0179,4.4003,-2.4133,-0.60601,0.33817,-0.02958,0.00,0.00,3.00,68.5,75.03,640.36,256.72,SEARCH_Z
28.2502,2.4579,4.1903,-2.6333,-0.57401,0.35117,-0.03758,0.00,0.00,3.00,68.5,75.03,640.38,256.72,SEARCH_Z
28.2603,2.0979,4.4303,-3.0633,-0.58301,0.34017,-0.04358,0.00,0.00,3.00,68.5,75.03,640.42,256.72,SEARCH_Z
28.2704,2.2479,4.2403,-2.8733,-0.57601,0.35017,-0.03058,0.00,0.00,3.00,68.5,75.03,640.44,256.72,SEARCH_Z
28.2805,2.3079,4.0703,-2.7533,-0.56601,0.36717,-0.03858,0.00,0.00,3.00,68.5,75.03,640.48,256.72,SEARCH_Z
28.2906,2.1179,3.8203,-2.7133,-0.53501,0.38417,-0.04058,0.00,0.00,3.00,68.5,75.03,640.50,256.73,SEARCH_Z
28.3007,2.2279,4.0403,-2.9633,-0.56101,0.35717,-0.02958,0.00,0.00,3.00,68.5,75.03,640.54,256.73,SEARCH_Z
28.3109,2.3079,4.0603,-2.8633,-0.54901,0.36517,-0.04058,0.00,0.00,3.00,68.5,75.02,640.56,256.73,SEARCH_Z
28.3210,2.3779,3.9203,-2.8733,-0.54201,0.38817,-0.04258,0.00,0.00,3.00,68.5,75.02,640.60,256.73,SEARCH_Z
28.3311,2.1879,4.2603,-1.3233,-0.55901,0.37317,-0.04358,0.00,0.00,3.00,68.5,75.02,640.62,256.73,SEARCH_Z
28.3413,1.7979,4.0903,-1.9633,-0.59601,0.33117,-0.03858,0.00,0.00,3.00,68.5,75.02,640.66,256.73,SEARCH_Z
28.3514,2.0979,4.0203,-2.5433,-0.60401,0.34217,-0.03658,0.00,0.00,3.00,68.5,75.02,640.68,256.73,SEARCH_Z
28.3615,2.3179,4.3303,-2.4733,-0.57401,0.34917,-0.04658,0.00,0.00,3.00,68.5,75.02,640.72,256.73,SEARCH_Z
28.3716,2.0579,4.4803,-2.9233,-0.57901,0.34517,-0.03758,0.00,0.00,3.00,68.5,75.02,640.75,256.73,SEARCH_Z
28.3817,2.4179,4.3603,-2.6333,-0.55501,0.36117,-0.03758,0.00,0.00,3.00,68.5,75.02,640.78,256.74,SEARCH_Z
28.3918,2.1879,4.0703,-2.7433,-0.55501,0.34617,-0.03958,0.00,0.00,3.00,68.5,75.01,640.81,256.74,SEARCH_Z
28.4019,2.1079,4.2803,-2.9333,-0.55101,0.36517,-0.03358,0.00,0.00,3.00,68.5,75.01,640.84,256.74,SEARCH_Z
28.4120,2.4879,4.1803,-3.0333,-0.53801,0.36417,-0.03958,0.00,0.00,3.00,68.5,75.01,640.87,256.74,SEARCH_Z
28.4221,2.0679,4.1403,-2.8233,-0.53601,0.36917,-0.03858,0.00,0.00,3.00,68.5,75.01,640.90,256.74,SEARCH_Z
28.4323,2.4379,3.6603,-2.6833,-0.50101,0.38717,-0.03558,0.00,0.00,3.00,68.5,75.01,640.93,256.74,SEARCH_Z
28.4424,2.3579,3.9503,-2.9733,-0.50101,0.36917,-0.03558,0.00,0.00,3.00,68.5,75.01,640.96,256.74,SEARCH_Z
28.4525,2.4479,3.8703,-3.0433,-0.50701,0.37917,-0.04258,0.00,0.00,3.00,68.5,75.01,640.99,256.74,SEARCH_Z
28.4626,2.2479,4.1203,-3.3033,-0.56301,0.34717,-0.04658,0.00,0.00,3.00,68.5,75.01,641.02,256.74,SEARCH_Z
28.4727,1.9679,4.0403,-2.0233,-0.53501,0.35317,-0.03458,0.00,0.00,3.00,68.5,75.01,641.05,256.75,SEARCH_Z
28.4828,2.4579,4.1403,-2.2133,-0.54101,0.36317,-0.04558,0.00,0.00,3.00,68.5,75.00,641.08,256.75,SEARCH_Z
28.4930,2.0779,4.2203,-2.6933,-0.54701,0.34417,-0.04358,0.00,0.00,3.00,68.6,75.00,641.11,256.75,SEARCH_Z
28.5031,2.2279,3.7703,-2.6433,-0.53401,0.36717,-0.04158,0.00,0.00,3.00,68.6,75.00,641.14,256.75,SEARCH_Z
28.5132,2.4179,3.6803,-2.7933,-0.51601,0.36817,-0.04158,0.00,0.00,3.00,68.6,75.00,641.17,256.75,SEARCH_Z
28.5233,2.1279,4.0103,-2.9333,-0.50401,0.36617,-0.04158,0.00,0.00,3.00,68.6,75.00,641.21,256.75,SEARCH_Z
28.5334,2.4679,3.9803,-3.3533,-0.51001,0.36017,-0.03558,0.00,0.00,3.00,68.6,75.00,641.23,256.75,SEARCH_Z
28.5435,2.4279,3.9803,-3.1233,-0.50701,0.35617,-0.03858,0.00,0.00,3.00,68.6,75.00,641.27,256.75,SEARCH_Z
28.5536,2.2979,3.7903,-3.0933,-0.50001,0.37517,-0.03658,0.00,0.00,3.00,68.6,75.00,641.29,256.75,SEARCH_Z
28.5638,2.2279,3.7503,-3.1333,-0.48901,0.38017,-0.03958,0.00,0.00,3.00,68.6,75.00,641.33,256.76,SEARCH_Z
28.5739,2.1679,3.7803,-3.1333,-0.48601,0.38817,-0.04358,0.00,0.00,3.00,68.6,74.99,641.35,256.76,SEARCH_Z
28.5840,2.2179,3.3303,-2.2233,-0.52901,0.36717,-0.04758,0.00,0.00,3.00,68.6,74.99,641.39,256.76,SEARCH_Z
28.5942,1.7079,4.1503,-1.9233,-0.55701,0.33117,-0.03858,0.00,0.00,3.00,68.6,74.99,641.41,256.76,SEARCH_Z
28.6043,2.1679,4.1203,-2.4733,-0.54001,0.35417,-0.03858,0.00,0.00,3.00,68.6,74.99,641.45,256.76,SEARCH_Z
28.6143,2.2279,4.0703,-2.6533,-0.50701,0.36117,-0.05358,0.00,0.00,3.00,68.6,74.99,641.47,256.76,SEARCH_Z
28.6245,2.1179,4.2103,-3.0133,-0.51901,0.34417,-0.03858,0.00,0.00,3.00,68.6,74.99,641.51,256.76,SEARCH_Z
28.6346,2.4979,3.7403,-2.8933,-0.49801,0.37317,-0.04258,0.00,0.00,3.00,68.6,74.99,641.53,256.76,SEARCH_Z
28.6447,2.0579,3.7903,-2.7733,-0.50601,0.36517,-0.04658,0.00,0.00,3.00,68.6,74.99,641.57,256.76,SEARCH_Z
28.6548,2.4279,3.8203,-2.7033,-0.50701,0.36117,-0.04058,0.00,0.00,3.00,68.6,74.98,641.59,256.77,SEARCH_Z
28.6649,2.1279,3.9003,-3.3033,-0.50401,0.36217,-0.04258,0.00,0.00,3.00,68.6,74.98,641.63,256.77,SEARCH_Z
28.6751,2.1979,3.5703,-3.3133,-0.48401,0.36517,-0.04258,0.00,0.00,3.00,68.6,74.98,641.65,256.77,SEARCH_Z
28.6852,2.3879,4.0103,-3.4133,-0.47301,0.37717,-0.03558,0.00,0.00,3.00,68.6,74.98,641.69,256.77,SEARCH_Z
28.6953,2.1679,4.0103,-3.4933,-0.47901,0.36517,-0.04258,0.00,0.00,3.00,68.6,74.98,641.72,256.77,SEARCH_Z
28.7054,2.2079,4.1803,-3.5833,-0.50401,0.37117,-0.04358,0.00,0.00,3.00,68.6,74.98,641.75,256.77,SEARCH_Z
28.7155,2.3179,3.8603,-3.0633,-0.50201,0.38217,-0.04758,0.00,0.00,3.00,68.6,74.98,641.78,256.77,SEARCH_Z
28.7257,2.1979,3.7503,-3.2633,-0.50401,0.38117,-0.05258,0.00,0.00,3.00,68.6,74.98,641.81,256.77,SEARCH_Z
28.7358,2.2779,3.5903,-3.3433,-0.49701,0.39117,-0.05158,0.00,0.00,3.00,68.6,74.98,641.84,256.78,SEARCH_Z
28.7459,2.2179,3.9203,-3.4933,-0.49501,0.38017,-0.05058,0.00,0.00,3.00,68.6,74.97,641.87,256.78,SEARCH_Z
28.7560,2.4079,3.7703,-3.5533,-0.47701,0.38017,-0.04658,0.00,0.00,3.00,68.6,74.97,641.90,256.78,SEARCH_Z
28.7661,2.4079,3.6703,-3.5433,-0.47401,0.38117,-0.04458,0.00,0.00,3.00,68.7,74.97,641.93,256.78,SEARCH_Z
28.7763,2.6379,3.5903,-3.2333,-0.45901,0.40017,-0.05058,0.00,0.00,3.00,68.7,74.97,641.96,256.78,SEARCH_Z
28.7864,1.8779,3.7503,-1.3433,-0.52801,0.36917,-0.04358,0.00,0.00,3.00,68.7,74.97,641.99,256.78,SEARCH_Z
28.7965,1.8179,4.2803,-2.0433,-0.55801,0.31417,0.01141,0.00,0.00,3.00,68.7,74.97,642.02,256.78,SEARCH_Z
28.8066,2.5379,4.0003,-2.4833,-0.52201,0.36417,-0.03158,0.00,0.00,3.00,68.7,74.97,642.05,256.78,SEARCH_Z
28.8167,2.0379,3.7703,-2.8133,-0.52501,0.34317,-0.04958,0.00,0.00,3.00,68.7,74.97,642.08,256.78,SEARCH_Z
28.8268,2.3179,4.3203,-3.0133,-0.55501,0.35117,-0.01458,0.00,0.00,3.00,68.7,74.97,642.11,256.78,SEARCH_Z
28.8369,2.2579,3.7803,-2.7633,-0.53501,0.35817,-0.03058,0.00,0.00,3.00,68.7,74.96,642.14,256.79,SEARCH_Z
28.8470,2.1679,3.9803,-2.6933,-0.52001,0.36217,-0.04158,0.00,0.00,3.00,68.7,74.96,642.17,256.79,SEARCH_Z
28.8571,2.4379,4.1603,-2.9333,-0.52101,0.36817,-0.01658,0.00,0.00,3.00,68.7,74.96,642.20,256.79,SEARCH_Z
28.8672,2.2179,3.8503,-3.4533,-0.49501,0.36817,-0.03458,0.00,0.00,3.00,68.7,74.96,642.23,256.79,SEARCH_Z
28.8773,2.1579,3.8903,-3.0733,-0.49801,0.38217,-0.02758,0.00,0.00,3.00,68.7,74.96,642.26,256.79,SEARCH_Z
28.8874,2.5179,3.8903,-3.2233,-0.49701,0.36317,-0.01858,0.00,0.00,3.00,68.7,74.96,642.30,256.79,SEARCH_Z
28.8975,2.2779,4.1403,-3.4033,-0.48701,0.36817,-0.03258,0.00,0.00,3.00,68.7,74.96,642.32,256.79,SEARCH_Z
28.9077,2.6379,3.8703,-3.2033,-0.47901,0.39317,-0.02858,0.00,0.00,3.00,68.7,74.96,642.36,256.79,SEARCH_Z
28.9178,2.5479,4.0303,-3.5733,-0.48201,0.38217,-0.03558,0.00,0.00,3.00,68.7,74.95,642.38,256.80,SEARCH_Z
28.9279,2.1079,3.7203,-3.1033,-0.50701,0.40317,-0.04258,0.00,0.00,3.00,68.7,74.95,642.42,256.80,SEARCH_Z
28.9380,2.6179,3.7603,-2.9433,-0.48401,0.39717,-0.03558,0.00,0.00,3.00,68.7,74.95,642.44,256.80,SEARCH_Z
28.9481,2.3679,3.9603,-3.6133,-0.50201,0.38417,-0.03558,0.00,0.00,3.00,68.7,74.95,642.48,256.80,SEARCH_Z
28.9583,2.5279,3.4403,-3.5833,-0.47501,0.39317,-0.04058,0.00,0.00,3.00,68.7,74.95,642.50,256.80,SEARCH_Z
28.9684,2.4879,3.8103,-3.6233,-0.48601,0.38717,-0.03158,0.00,0.00,3.00,68.7,74.95,642.54,256.80,SEARCH_Z
28.9785,2.3079,3.5803,-3.4833,-0.49101,0.39517,-0.03758,0.00,0.00,3.00,68.7,74.95,642.56,256.80,SEARCH_Z
28.9886,2.3779,3.6703,-3.4133,-0.48701,0.40817,-0.03858,0.00,0.00,3.00,68.7,74.95,642.60,256.80,SEARCH_Z
28.9987,2.3379,3.8603,-3.8033,-0.49601,0.39317,-0.03358,0.00,0.00,3.00,68.7,74.95,642.62,256.80,SEARCH_Z
29.0089,2.2279,4.0703,-2.9133,-0.51201,0.35717,-0.03858,0.00,0.00,3.00,68.8,74.94,642.66,256.81,SEARCH_Z
29.0190,2.3079,3.6003,-2.8033,-0.50801,0.35917,-0.01758,0.00,0.00,3.00,68.8,74.94,642.68,256.81,SEARCH_Z
29.0291,2.5679,3.6803,-2.6633,-0.49601,0.39117,-0.04958,0.00,0.00,3.00,68.8,74.94,642.72,256.81,SEARCH_Z
29.0392,2.1779,3.6103,-2.6433,-0.51301,0.36417,-0.03758,0.00,0.00,3.00,68.8,74.94,642.74,256.81,SEARCH_Z
29.0493,2.7379,3.4703,-2.7433,-0.48401,0.40017,-0.03658,0.00,0.00,3.00,68.8,74.94,642.78,256.81,SEARCH_Z
29.0594,2.4279,3.9203,-3.0433,-0.47101,0.38817,-0.03558,0.00,0.00,3.00,68.8,74.94,642.82,256.81,SEARCH_Z
29.0695,2.5679,3.5903,-3.2333,-0.45501,0.39117,-0.03358,0.00,0.00,3.00,68.8,74.94,642.84,256.81,SEARCH_Z
29.0796,2.5479,3.9503,-3.4233,-0.45701,0.40617,-0.02958,0.00,0.00,3.00,68.8,74.94,642.88,256.81,SEARCH_Z
29.0897,2.5079,3.4603,-3.0033,-0.45901,0.40517,-0.03858,0.00,0.00,3.00,68.8,74.93,642.90,256.81,SEARCH_Z
29.0998,2.4879,3.5703,-3.2233,-0.47001,0.40417,-0.03158,0.00,0.00,3.00,68.8,74.93,642.94,256.82,SEARCH_Z
29.1099,2.3579,3.5003,-3.2933,-0.43401,0.42317,-0.03058,0.00,0.00,3.00,68.8,74.93,642.96,256.82,SEARCH_Z
29.1201,2.4979,3.4603,-3.2933,-0.42001,0.42117,-0.03458,0.00,0.00,3.00,68.8,74.93,643.00,256.82,SEARCH_Z
29.1302,2.5779,3.3203,-3.3333,-0.45701,0.41717,-0.03258,0.00,0.00,3.00,68.8,74.93,643.02,256.82,SEARCH_Z
29.1403,2.5079,3.5003,-3.7133,-0.45701,0.41117,-0.03658,0.00,0.00,3.00,68.8,74.93,643.06,256.82,SEARCH_Z
29.1504,2.5579,3.5403,-3.5433,-0.44101,0.42617,-0.04058,0.00,0.00,3.00,68.8,74.93,643.08,256.82,SEARCH_Z
29.1605,2.5479,3.5903,-3.2933,-0.45701,0.41417,-0.03358,0.00,0.00,3.00,68.8,74.93,643.12,256.82,SEARCH_Z
29.1706,2.7379,3.3303,-3.5233,-0.43901,0.41217,-0.03958,0.00,0.00,3.00,68.8,74.93,643.14,256.82,SEARCH_Z
29.1808,2.5679,3.8503,-3.7833,-0.44401,0.43517,-0.03458,0.00,0.00,3.00,68.8,74.92,643.18,256.82,SEARCH_Z
29.1909,2.6879,3.6303,-3.2533,-0.44201,0.42317,-0.02358,0.00,0.00,3.00,68.8,74.92,643.20,256.83,SEARCH_Z
29.2010,2.5279,4.1803,-3.0733,-0.48901,0.43717,0.00041,0.00,0.00,3.00,68.8,74.92,643.23,256.83,SEARCH_Z
29.2111,2.2879,3.1703,-0.0933,-0.50801,0.43317,-0.02058,0.00,0.00,3.00,68.8,74.92,643.26,256.83,SEARCH_Z
29.2212,1.4979,4.3103,-0.4833,-0.61101,0.33417,-0.00858,0.00,0.00,3.00,68.8,74.92,643.29,256.83,SEARCH_Z
29.2313,2.3379,3.4803,-0.0433,-0.57301,0.38017,0.02041,0.00,0.00,3.00,68.8,74.92,643.32,256.83,SEARCH_Z
29.2415,1.9479,3.3903,0.1366,-0.56701,0.38917,-0.05958,0.00,0.00,3.00,68.9,74.92,643.35,256.83,SEARCH_Z
29.2516,1.8079,4.0203,-0.7633,-0.58201,0.35317,-0.01558,0.00,0.00,3.00,68.9,74.92,643.39,256.83,SEARCH_Z
29.2617,2.4679,4.0703,-0.5933,-0.58301,0.39517,-0.01258,0.00,0.00,3.00,68.9,74.91,643.41,256.83,SEARCH_Z
29.2718,2.1379,3.6203,-0.8633,-0.56201,0.39117,-0.03858,0.00,0.00,3.00,68.9,74.91,643.45,256.83,SEARCH_Z
29.2819,2.3079,4.1503,-1.1733,-0.57901,0.39717,-0.00258,0.00,0.00,3.00,68.9,74.91,643.47,256.84,SEARCH_Z
29.2920,2.2779,3.9403,-1.0033,-0.55601,0.41017,-0.01458,0.00,0.00,3.00,68.9,74.91,643.51,256.84,SEARCH_Z
29.3021,2.2979,4.0803,-1.8633,-0.53101,0.39317,-0.02758,0.00,0.00,3.00,68.9,74.91,643.53,256.84,SEARCH_Z
29.3122,2.2979,4.3403,-1.2533,-0.55801,0.40817,-0.00258,0.00,0.00,3.00,68.9,74.91,643.57,256.84,SEARCH_Z
29.3223,2.1979,3.6803,-1.2333,-0.54201,0.39817,-0.01758,0.00,0.00,3.00,68.9,74.91,643.59,256.84,SEARCH_Z
29.3324,2.5179,4.0103,-1.1233,-0.52501,0.42117,-0.02258,0.00,0.00,3.00,68.9,74.91,643.63,256.84,SEARCH_Z
29.3426,2.2879,3.8403,-0.9533,-0.54301,0.41217,-0.02258,0.00,0.00,3.00,68.9,74.91,643.65,256.84,SEARCH_Z
29.3526,2.2579,3.8903,-1.1033,-0.53701,0.42517,-0.01958,0.00,0.00,3.00,68.9,74.90,643.69,256.84,SEARCH_Z
29.3627,2.5779,3.5403,-1.1133,-0.53501,0.43217,-0.02758,0.00,0.00,3.00,68.9,74.90,643.71,256.84,SEARCH_Z
29.3728,2.2379,4.1003,-1.6633,-0.53201,0.41717,-0.01658,0.00,0.00,3.00,68.9,74.90,643.75,256.85,SEARCH_Z
29.3829,2.5179,4.0403,-1.7633,-0.51301,0.42817,-0.01858,0.00,0.00,3.00,68.9,74.90,643.77,256.85,SEARCH_Z
29.3930,2.4579,3.7803,-1.4933,-0.54001,0.42117,-0.02058,0.00,0.00,3.00,68.9,74.90,643.81,256.85,SEARCH_Z
29.4031,2.3279,3.7603,-1.7733,-0.51301,0.43217,-0.02158,0.00,0.00,3.00,68.9,74.90,643.83,256.85,SEARCH_Z
29.4132,2.6279,3.8603,-1.2433,-0.52501,0.43117,-0.03058,0.00,0.00,3.00,68.9,74.90,643.87,256.85,SEARCH_Z
29.4233,2.5079,3.9803,-0.9933,-0.53101,0.43217,-0.03758,0.00,0.00,3.00,68.9,74.90,643.89,256.85,SEARCH_Z
29.4335,2.5879,3.6003,-0.4233,-0.52501,0.43317,-0.04058,0.00,0.00,3.00,68.9,74.90,643.93,256.85,SEARCH_Z
29.4436,2.4579,3.9003,-0.2733,-0.53701,0.42217,-0.03758,0.00,0.00,3.00,68.9,74.89,643.97,256.85,SEARCH_Z
29.4537,2.4079,3.7003,-0.2633,-0.53901,0.41217,-0.03958,0.00,0.00,3.00,68.9,74.89,643.99,256.85,SEARCH_Z
29.4639,2.2679,3.7603,-0.2233,-0.55601,0.40917,-0.04258,0.00,0.00,3.00,69.0,74.89,644.03,256.86,SEARCH_Z
29.4740,2.3179,3.5703,-0.0833,-0.54701,0.41717,-0.04158,0.00,0.00,3.00,69.0,74.89,644.05,256.86,SEARCH_Z
29.4841,2.3779,3.3603,0.0366,-0.54201,0.41817,-0.04158,0.00,0.00,3.00,69.0,74.89,644.09,256.86,SEARCH_Z
29.4942,2.2779,3.6003,0.1666,-0.53201,0.43117,-0.04358,0.00,0.00,3.00,69.0,74.89,644.11,256.86,SEARCH_Z
29.5043,2.2279,3.6303,0.0666,-0.54801,0.42217,-0.03458,0.00,0.00,3.00,69.0,74.89,644.15,256.86,SEARCH_Z
29.5144,2.4979,3.6803,-0.2833,-0.55001,0.41317,-0.03758,0.00,0.00,3.00,69.0,74.89,644.17,256.86,SEARCH_Z
29.5246,2.2579,3.6503,-0.0533,-0.55101,0.43417,-0.04558,0.00,0.00,3.00,69.0,74.88,644.21,256.86,SEARCH_Z
29.5347,2.3579,3.5803,0.1066,-0.54601,0.42917,-0.03558,0.00,0.00,3.00,69.0,74.88,644.23,256.86,SEARCH_Z
29.5448,2.2979,3.5103,0.2366,-0.54601,0.43317,-0.04158,0.00,0.00,3.00,69.0,74.88,644.27,256.87,SEARCH_Z
29.5549,2.5179,3.7403,-0.0033,-0.52601,0.42117,-0.04158,0.00,0.00,3.00,69.0,74.88,644.29,256.87,SEARCH_Z
29.5650,2.4279,3.8003,-0.1933,-0.54501,0.40217,-0.03858,0.00,0.00,3.00,69.0,74.88,644.33,256.87,SEARCH_Z
29.5751,2.2679,3.5803,0.1266,-0.55301,0.40517,-0.03858,0.00,0.00,3.00,69.0,74.88,644.35,256.87,SEARCH_Z
29.5852,2.4079,3.5103,0.2866,-0.54501,0.41517,-0.04258,0.00,0.00,3.00,69.0,74.88,644.39,256.87,SEARCH_Z
29.5953,2.2979,3.6503,0.1766,-0.55201,0.41717,-0.03658,0.00,0.00,3.00,69.0,74.88,644.41,256.87,SEARCH_Z
29.6054,2.5279,3.7303,-0.2433,-0.52801,0.42417,-0.03858,0.00,0.00,3.00,69.0,74.88,644.45,256.87,SEARCH_Z
29.6155,2.3079,4.0403,-0.2733,-0.54301,0.40917,-0.03458,0.00,0.00,3.00,69.0,74.87,644.48,256.87,SEARCH_Z
29.6256,2.2279,3.8103,-0.1733,-0.54901,0.41917,-0.03558,0.00,0.00,3.00,69.0,74.87,644.51,256.87,SEARCH_Z
29.6357,2.3479,3.7303,0.0766,-0.53001,0.41717,-0.03958,0.00,0.00,3.00,69.0,74.87,644.54,256.88,SEARCH_Z
29.6459,2.1779,3.5103,-0.0733,-0.54301,0.41917,-0.03958,0.00,0.00,3.00,69.0,74.87,644.57,256.88,SEARCH_Z
29.6561,2.2879,3.7203,-0.1733,-0.54601,0.42617,-0.03758,0.00,0.00,3.00,69.0,74.87,644.60,256.88,SEARCH_Z
29.6662,2.4679,3.6403,-0.4033,-0.53001,0.41317,-0.03658,0.00,0.00,3.00,69.1,74.87,644.63,256.88,SEARCH_Z
29.6763,2.4179,3.9703,-0.4233,-0.53401,0.41817,-0.03258,0.00,0.00,3.00,69.1,74.87,644.66,256.88,SEARCH_Z
29.6864,2.4579,3.6403,-0.1433,-0.51801,0.43717,-0.03258,0.00,0.00,3.00,69.1,74.87,644.69,256.88,SEARCH_Z
29.6966,2.2879,3.6303,-0.3933,-0.52901,0.43317,-0.03358,0.00,0.00,3.00,69.1,74.86,644.72,256.88,SEARCH_Z
29.7067,2.3779,3.9903,-0.7333,-0.52001,0.43117,-0.02858,0.00,0.00,3.00,69.1,74.86,644.75,256.88,SEARCH_Z
29.7168,2.5579,3.6403,-0.6733,-0.51501,0.42417,-0.03058,0.00,0.00,3.00,69.1,74.86,644.78,256.88,SEARCH_Z
29.7269,2.5079,3.3003,-0.9433,-0.51801,0.42517,-0.03258,0.00,0.00,3.00,69.1,74.86,644.81,256.89,SEARCH_Z
29.7370,2.4879,3.7903,-0.9033,-0.49401,0.44517,-0.02958,0.00,0.00,3.00,69.1,74.86,644.84,256.89,SEARCH_Z
29.7471,2.4479,3.9103,-1.0033,-0.51701,0.42117,-0.03058,0.00,0.00,3.00,69.1,74.86,644.87,256.89,SEARCH_Z
29.7573,2.5079,3.9003,-0.9233,-0.52001,0.42317,-0.03058,0.00,0.00,3.00,69.1,74.86,644.90,256.89,SEARCH_Z
29.7674,2.5479,3.5903,-0.9233,-0.50501,0.43517,-0.03158,0.00,0.00,3.00,69.1,74.86,644.93,256.89,SEARCH_Z
29.7774,2.3779,4.0503,-1.4533,-0.50701,0.41917,-0.02558,0.00,0.00,3.00,69.1,74.86,644.96,256.89,SEARCH_Z
29.7876,2.3879,3.8303,-1.3033,-0.50401,0.42717,-0.02558,0.00,0.00,3.00,69.1,74.85,645.00,256.89,SEARCH_Z
29.7977,2.2979,3.4403,-0.8933,-0.49601,0.43717,-0.03058,0.00,0.00,3.00,69.1,74.85,645.02,256.89,SEARCH_Z
29.8078,2.4179,4.0003,-1.3133,-0.49501,0.43917,-0.02658,0.00,0.00,3.00,69.1,74.85,645.06,256.89,SEARCH_Z
29.8179,2.6179,3.7903,-1.5033,-0.48401,0.43317,-0.02358,0.00,0.00,3.00,69.1,74.85,645.08,256.90,SEARCH_Z
29.8280,2.4779,3.7103,-1.0733,-0.49901,0.44317,-0.02858,0.00,0.00,3.00,69.1,74.85,645.12,256.90,SEARCH_Z
29.8381,2.4179,3.6703,-1.2233,-0.51101,0.42917,-0.02058,0.00,0.00,3.00,69.1,74.85,645.14,256.90,SEARCH_Z
29.8483,2.7779,3.6503,-1.0733,-0.47901,0.44117,-0.02758,0.00,0.00,3.00,69.1,74.85,645.18,256.90,SEARCH_Z
29.8584,2.4979,3.5903,-1.4133,-0.49701,0.43017,-0.02358,0.00,0.00,3.00,69.2,74.85,645.20,256.90,SEARCH_Z
29.8685,2.4779,3.7803,-1.1133,-0.50901,0.42617,-0.02358,0.00,0.00,3.00,69.2,74.84,645.24,256.90,SEARCH_Z
29.8786,2.3779,3.9403,-1.4433,-0.49701,0.42817,-0.02158,0.00,0.00,3.00,69.2,74.84,645.26,256.90,SEARCH_Z
29.8888,2.3979,3.9203,-1.8333,-0.49001,0.43217,-0.02458,0.00,0.00,3.00,69.2,74.84,645.30,256.90,SEARCH_Z
29.8989,2.6179,3.7903,-1.9233,-0.48801,0.42717,-0.02058,0.00,0.00,3.00,69.2,74.84,645.32,256.90,SEARCH_Z
29.9090,2.6879,3.7803,-1.7133,-0.48301,0.43217,-0.02358,0.00,0.00,3.00,69.2,74.84,645.36,256.91,SEARCH_Z
29.9191,2.7479,4.0203,-1.8233,-0.48501,0.42717,-0.02458,0.00,0.00,3.00,69.2,74.84,645.38,256.91,SEARCH_Z
29.9292,2.5679,3.7903,-1.5533,-0.47301,0.44217,-0.01858,0.00,0.00,3.00,69.2,74.84,645.42,256.91,SEARCH_Z
29.9393,2.8079,3.6403,-1.6633,-0.47601,0.43717,-0.01758,0.00,0.00,3.00,69.2,74.84,645.44,256.91,SEARCH_Z
29.9494,2.6379,4.0803,-2.1233,-0.47101,0.43117,-0.01758,0.00,0.00,3.00,69.2,74.84,645.48,256.91,SEARCH_Z
29.9595,2.5379,3.9403,-2.0033,-0.47501,0.44117,-0.01958,0.00,0.00,3.00,69.2,74.83,645.51,256.91,SEARCH_Z
29.9696,2.4579,3.9403,-1.9133,-0.50201,0.43517,-0.01858,0.00,0.00,3.00,69.2,74.83,645.54,256.91,SEARCH_Z
29.9798,2.5879,4.0503,-2.0333,-0.48801,0.42817,-0.01758,0.00,0.00,3.00,69.2,74.83,645.57,256.91,SEARCH_Z
29.9898,2.5479,3.9603,-2.2233,-0.48401,0.43117,-0.02058,0.00,0.00,3.00,69.2,74.83,645.60,256.91,SEARCH_Z
29.9999,2.7979,3.6803,-1.8533,-0.48201,0.43317,-0.01958,0.00,0.00,3.00,69.2,74.83,645.63,256.92,SEARCH_Z
30.0101,2.7179,3.7503,-2.2533,-0.46201,0.44117,-0.01758,0.00,0.00,3.00,69.2,74.83,645.66,256.92,SEARCH_Z
30.0202,2.5979,3.9103,-2.3533,-0.48101,0.43617,-0.01658,0.00,0.00,3.00,69.2,74.83,645.69,256.92,SEARCH_Z
30.0303,2.6179,4.0503,-2.6333,-0.47501,0.43917,-0.01858,0.00,0.00,3.00,69.2,74.83,645.72,256.92,SEARCH_Z
30.0404,2.5779,4.0903,-2.5033,-0.48401,0.43217,-0.01658,0.00,0.00,3.00,69.3,74.82,645.75,256.92,SEARCH_Z
30.0505,2.7379,4.0103,-2.5433,-0.46501,0.44017,-0.01658,0.00,0.00,3.00,69.3,74.82,645.78,256.92,SEARCH_Z
30.0606,2.3679,3.8703,-2.0433,-0.47001,0.44917,-0.01458,0.00,0.00,3.00,69.3,74.82,645.81,256.92,SEARCH_Z
30.0708,2.5879,3.9803,-2.2033,-0.46901,0.43617,-0.01558,0.00,0.00,3.00,69.3,74.82,645.84,256.92,SEARCH_Z
30.0809,2.8179,3.8503,-2.2933,-0.45801,0.43517,-0.01858,0.00,0.00,3.00,69.3,74.82,645.87,256.93,SEARCH_Z
30.0910,2.8579,3.8103,-2.6233,-0.43401,0.44517,-0.01758,0.00,0.00,3.00,69.3,74.82,645.90,256.93,SEARCH_Z
30.1011,2.5879,3.9203,-2.7233,-0.46501,0.43217,-0.01458,0.00,0.00,3.00,69.3,74.82,645.93,256.93,SEARCH_Z
30.1112,2.6079,3.7703,-2.3733,-0.44301,0.44517,-0.01458,0.00,0.00,3.00,69.3,74.82,645.96,256.93,SEARCH_Z
30.1213,2.5279,4.1903,-2.7733,-0.47201,0.43617,-0.00758,0.00,0.00,3.00,69.3,74.82,645.99,256.93,SEARCH_Z
30.1314,2.5879,3.6903,-2.4933,-0.47001,0.44117,-0.01158,0.00,0.00,3.00,69.3,74.81,646.03,256.93,SEARCH_Z
30.1415,2.5379,4.1403,-2.9933,-0.46601,0.43317,-0.00558,0.00,0.00,3.00,69.3,74.81,646.05,256.93,SEARCH_Z
30.1516,2.4879,3.8103,-2.5133,-0.46301,0.44117,-0.00858,0.00,0.00,3.00,69.3,74.81,646.09,256.93,SEARCH_Z
30.1617,2.6079,3.7203,-2.7533,-0.43601,0.45117,-0.01058,0.00,0.00,3.00,69.3,74.81,646.11,256.93,SEARCH_Z
30.1718,2.6679,3.7203,-2.7333,-0.46301,0.43817,-0.00858,0.00,0.00,3.00,69.3,74.81,646.15,256.94,SEARCH_Z
30.1819,2.7879,4.0203,-3.2033,-0.43301,0.44317,-0.00458,0.00,0.00,3.00,69.3,74.81,646.17,256.94,SEARCH_Z
30.1920,2.5679,4.1303,-3.2833,-0.44601,0.43617,-0.00258,0.00,0.00,3.00,69.3,74.81,646.21,256.94,SEARCH_Z
30.2021,2.5979,3.7803,-3.3533,-0.44501,0.43017,-0.00258,0.00,0.00,3.00,69.3,74.81,646.23,256.94,SEARCH_Z
30.2122,2.7079,3.8903,-3.1933,-0.43401,0.44617,-0.00158,0.00,0.00,3.00,69.3,74.81,646.27,256.94,SEARCH_Z
30.2224,2.7079,3.7003,-3.2733,-0.42801,0.45017,-0.00258,0.00,0.00,3.00,69.4,74.80,646.29,256.94,SEARCH_Z
30.2325,2.7379,3.8303,-3.2533,-0.44501,0.43217,0.00041,0.00,0.00,3.00,69.4,74.80,646.33,256.94,SEARCH_Z
30.2426,2.8979,3.7103,-3.1033,-0.43001,0.44217,-0.00358,0.00,0.00,3.00,69.4,74.80,646.35,256.94,SEARCH_Z
30.2527,2.5579,3.6803,-3.2533,-0.44101,0.44117,0.00141,0.00,0.00,3.00,69.4,74.80,646.39,256.94,SEARCH_Z
30.2628,2.7979,3.4703,-3.1833,-0.42701,0.44017,-0.00058,0.00,0.00,3.00,69.4,74.80,646.41,256.95,SEARCH_Z
30.2730,2.6479,3.8503,-3.3533,-0.42801,0.43117,0.00141,0.00,0.00,3.00,69.4,74.80,646.45,256.95,SEARCH_Z
30.2831,2.5179,3.0403,-1.9733,-0.45701,0.41017,-0.00558,0.00,0.00,3.00,69.4,74.80,646.47,256.95,SEARCH_Z
30.2932,2.0279,3.8703,-1.5733,-0.47201,0.37417,-0.01158,0.00,0.00,3.00,69.4,74.80,646.51,256.95,SEARCH_Z
30.3033,2.4779,3.7903,-1.8733,-0.46901,0.41917,0.00241,0.00,0.00,3.00,69.4,74.79,646.53,256.95,SEARCH_Z
30.3134,2.4779,3.7503,-2.5233,-0.48601,0.39117,-0.00458,0.00,0.00,3.00,69.4,74.79,646.57,256.95,SEARCH_Z
30.3235,2.1979,4.0503,-1.0233,-0.47601,0.38117,-0.01658,0.00,0.00,3.00,69.4,74.79,646.61,256.95,SEARCH_Z
30.3336,2.5579,3.7503,-2.3033,-0.47201,0.38117,0.00141,0.00,0.00,3.00,69.4,74.79,646.63,256.95,SEARCH_Z
30.3437,2.3179,3.7303,-2.1633,-0.47601,0.39217,-0.00558,0.00,0.00,3.00,69.4,74.79,646.67,256.95,SEARCH_Z
30.3538,2.4379,3.3703,-1.7933,-0.44401,0.41617,-0.00858,0.00,0.00,3.00,69.4,74.79,646.69,256.96,SEARCH_Z
30.3640,2.1679,3.8003,-2.3033,-0.47501,0.40617,-0.00158,0.00,0.00,3.00,69.4,74.79,646.73,256.96,SEARCH_Z
30.3741,2.5879,3.3103,-2.4333,-0.43201,0.40117,0.00441,0.00,0.00,3.00,69.4,74.79,646.75,256.96,SEARCH_Z
30.3842,2.4379,3.8003,-2.4533,-0.43301,0.41117,-0.00158,0.00,0.00,3.00,69.4,74.79,646.79,256.96,SEARCH_Z
30.3943,2.3979,4.0003,-2.5133,-0.42901,0.40017,0.00841,0.00,0.00,3.00,69.5,74.78,646.81,256.96,SEARCH_Z
30.4045,2.5579,3.4903,-2.3233,-0.42501,0.40217,0.00541,0.00,0.00,3.00,69.5,74.78,646.85,256.96,SEARCH_Z
30.4146,2.5979,3.6303,-2.8133,-0.41801,0.40817,0.00641,0.00,0.00,3.00,69.5,74.78,646.87,256.96,SEARCH_Z
30.4247,2.5179,3.5203,-2.5133,-0.43901,0.40417,0.01441,0.00,0.00,3.00,69.5,74.78,646.91,256.96,SEARCH_Z
30.4348,2.4379,3.5803,-2.5133,-0.43201,0.41617,0.00841,0.00,0.00,3.00,69.5,74.78,646.93,256.96,SEARCH_Z
30.4449,2.5279,3.9503,-2.8833,-0.43701,0.39317,0.00841,0.00,0.00,3.00,69.5,74.78,646.97,256.97,SEARCH_Z
30.4551,2.5579,3.6403,-2.8133,-0.41901,0.40617,0.01141,0.00,0.00,3.00,69.5,74.78,647.00,256.97,SEARCH_Z
30.4652,2.6979,3.6203,-3.3033,-0.40501,0.39917,0.00841,0.00,0.00,3.00,69.5,74.78,647.03,256.97,SEARCH_Z
30.4753,2.5579,3.7503,-2.9933,-0.41901,0.39717,0.01041,0.00,0.00,3.00,69.5,74.78,647.05,256.97,SEARCH_Z
30.4854,2.1979,3.4203,-1.4633,-0.44101,0.38117,-0.00258,0.00,0.00,3.00,69.5,74.77,647.09,256.97,SEARCH_Z
30.4955,2.3779,3.6403,-2.5333,-0.41501,0.38617,-0.00058,0.00,0.00,3.00,69.5,74.77,647.12,256.97,SEARCH_Z
30.5056,2.4079,3.7703,-2.1933,-0.42701,0.41417,0.00541,0.00,0.00,3.00,69.5,74.77,647.15,256.97,SEARCH_Z
30.5157,2.2779,2.9903,-2.2333,-0.42101,0.39017,0.00641,0.00,0.00,3.00,69.5,74.77,647.18,256.97,SEARCH_Z
30.5258,2.1079,3.7103,-1.6333,-0.43001,0.39017,-0.01558,0.00,0.00,3.00,69.5,74.77,647.21,256.97,SEARCH_Z
30.5359,2.4179,3.7603,-2.3833,-0.41601,0.39917,0.00541,0.00,0.00,3.00,69.5,74.77,647.24,256.98,SEARCH_Z
30.5461,2.2379,3.6603,-2.5933,-0.44001,0.38317,0.00541,0.00,0.00,3.00,69.5,74.77,647.27,256.98,SEARCH_Z
30.5562,2.5379,3.6103,-2.4133,-0.39201,0.39617,0.00241,0.00,0.00,3.00,69.6,74.77,647.30,256.98,SEARCH_Z
30.5664,2.5179,3.3103,-2.3233,-0.39001,0.39417,0.00641,0.00,0.00,3.00,69.6,74.76,647.33,256.98,SEARCH_Z
30.5765,2.4479,3.5903,-2.9333,-0.38501,0.37817,0.01041,0.00,0.00,3.00,69.6,74.76,647.36,256.98,SEARCH_Z
30.5866,2.4579,3.6903,-3.0633,-0.37701,0.40417,0.01041,0.00,0.00,3.00,69.6,74.76,647.39,256.98,SEARCH_Z
30.5967,2.0679,3.6303,-2.7733,-0.41001,0.40117,0.01641,0.00,0.00,3.00,69.6,74.76,647.42,256.98,SEARCH_Z
30.6068,2.4679,3.4503,-2.8733,-0.38901,0.40617,0.01141,0.00,0.00,3.00,69.6,74.76,647.45,256.98,SEARCH_Z
30.6169,2.5379,3.7203,-3.4133,-0.37701,0.39717,0.01141,0.00,0.00,3.00,69.6,74.76,647.48,256.98,SEARCH_Z
30.6270,2.4179,3.8203,-3.0833,-0.38201,0.40717,0.01341,0.00,0.00,3.00,69.6,74.76,647.51,256.99,SEARCH_Z
30.6372,2.5179,3.9303,-3.3133,-0.38701,0.39517,0.01841,0.00,0.00,3.00,69.6,74.76,647.54,256.99,SEARCH_Z
30.6473,2.5879,3.1703,-2.7533,-0.36601,0.41417,0.01141,0.00,0.00,3.00,69.6,74.76,647.57,256.99,SEARCH_Z
30.6574,2.3679,3.7203,-3.3733,-0.38901,0.38217,0.00541,0.00,0.00,3.00,69.6,74.75,647.60,256.99,SEARCH_Z
30.6675,2.3479,3.3603,-2.8433,-0.39001,0.39117,-0.00058,0.00,0.00,3.00,69.6,74.75,647.64,256.99,SEARCH_Z
30.6776,2.1879,3.7503,-3.0633,-0.40301,0.40017,0.01241,0.00,0.00,3.00,69.6,74.75,647.66,256.99,SEARCH_Z
30.6877,2.4579,3.2703,-2.6033,-0.38501,0.38817,0.01141,0.00,0.00,3.00,69.6,74.75,647.70,256.99,SEARCH_Z
30.6978,2.5179,3.2703,-2.7133,-0.40201,0.38917,0.00141,0.00,0.00,3.00,69.6,74.75,647.72,256.99,SEARCH_Z
30.7079,2.4879,3.3203,-3.0033,-0.37601,0.39217,0.01641,0.00,0.00,3.00,69.6,74.75,647.76,257.00,SEARCH_Z
30.7181,2.3779,3.6203,-2.6933,-0.36701,0.40617,0.01341,0.00,0.00,3.00,69.7,74.75,647.78,257.00,SEARCH_Z
30.7282,2.6079,3.3903,-2.9833,-0.36901,0.39617,0.00841,0.00,0.00,3.00,69.7,74.75,647.82,257.00,SEARCH_Z
30.7383,2.2179,3.4103,-3.2333,-0.38201,0.39117,0.02041,0.00,0.00,3.00,69.7,74.74,647.84,257.00,SEARCH_Z
30.7484,2.6079,3.1903,-3.0333,-0.35701,0.39917,0.01441,0.00,0.00,3.00,69.7,74.74,647.88,257.00,SEARCH_Z
30.7585,2.5979,3.2903,-3.2633,-0.35201,0.39817,0.01841,0.00,0.00,3.00,69.7,74.74,647.90,257.00,SEARCH_Z
30.7686,2.3879,3.4003,-3.5433,-0.35801,0.39517,0.02241,0.00,0.00,3.00,69.7,74.74,647.94,257.00,SEARCH_Z
30.7787,2.3279,3.4603,-3.0333,-0.35901,0.40917,0.02241,0.00,0.00,3.00,69.7,74.74,647.96,257.00,SEARCH_Z
30.7888,2.2879,3.7603,-3.2833,-0.41801,0.35917,0.01041,0.00,0.00,3.00,69.7,74.74,648.00,257.00,SEARCH_Z
30.7989,2.1679,3.1503,-2.2933,-0.36701,0.37117,-0.00058,0.00,0.00,3.00,69.7,74.74,648.02,257.00,SEARCH_Z
30.8091,2.5079,3.5003,-2.5333,-0.39301,0.39317,0.00541,0.00,0.00,3.00,69.7,74.74,648.06,257.01,SEARCH_Z
30.8192,2.3379,3.4203,-2.2733,-0.38601,0.37717,0.01341,0.00,0.00,3.00,69.7,74.74,648.08,257.01,SEARCH_Z
30.8293,2.3679,3.4303,-2.8633,-0.38001,0.38217,0.00241,0.00,0.00,3.00,69.7,74.73,648.12,257.01,SEARCH_Z
30.8394,2.4179,3.2303,-2.7033,-0.35701,0.38717,0.01641,0.00,0.00,3.00,69.7,74.73,648.14,257.01,SEARCH_Z
30.8495,2.3579,3.5903,-2.6433,-0.35901,0.38117,0.01641,0.00,0.00,3.00,69.7,74.73,648.18,257.01,SEARCH_Z
30.8596,2.5679,3.3503,-3.1633,-0.33101,0.40017,0.00841,0.00,0.00,3.00,69.7,74.73,648.21,257.01,SEARCH_Z
30.8698,2.2979,3.1303,-2.9533,-0.35001,0.38117,0.02041,0.00,0.00,3.00,69.8,74.73,648.24,257.01,SEARCH_Z
30.8799,2.3779,3.1703,-2.9233,-0.35501,0.39517,0.01641,0.00,0.00,3.00,69.8,74.73,648.27,257.01,SEARCH_Z
30.8900,2.2179,3.3403,-2.9633,-0.32501,0.40317,0.02041,0.00,0.00,3.00,69.8,74.73,648.30,257.02,SEARCH_Z
30.9001,2.2979,3.5203,-3.4533,-0.34801,0.38717,0.02641,0.00,0.00,3.00,69.8,74.73,648.33,257.02,SEARCH_Z
30.9102,2.4779,3.3203,-3.2333,-0.32601,0.40417,0.02041,0.00,0.00,3.00,69.8,74.72,648.36,257.02,SEARCH_Z
30.9203,2.3879,3.2303,-3.1933,-0.32901,0.40717,0.02041,0.00,0.00,3.00,69.8,74.72,648.39,257.02,SEARCH_Z
30.9305,2.2079,3.6903,-3.5933,-0.35101,0.35317,0.00541,0.00,0.00,3.00,69.8,74.72,648.42,257.02,SEARCH_Z
30.9406,2.2579,3.1203,-2.6133,-0.34601,0.39217,0.00541,0.00,0.00,3.00,69.8,74.72,648.45,257.02,SEARCH_Z
30.9507,2.3079,3.5403,-2.8433,-0.34401,0.38917,0.02141,0.00,0.00,3.00,69.8,74.72,648.48,257.02,SEARCH_Z
30.9608,2.3279,2.9403,-2.7133,-0.35501,0.37317,0.01641,0.00,0.00,3.00,69.8,74.72,648.51,257.02,SEARCH_Z
30.9709,2.3879,3.2503,-2.9333,-0.34801,0.39217,0.01241,0.00,0.00,3.00,69.8,74.72,648.54,257.02,SEARCH_Z
30.9811,2.3179,3.0203,-2.7333,-0.33801,0.39217,0.02041,0.00,0.00,3.00,69.8,74.72,648.57,257.03,SEARCH_Z
30.9912,2.3479,3.1503,-3.2433,-0.33001,0.39717,0.02341,0.00,0.00,3.00,69.8,74.72,648.60,257.03,SEARCH_Z
31.0013,2.3379,3.1603,-2.9633,-0.28701,0.41417,0.02041,0.00,0.00,3.00,69.8,74.71,648.63,257.03,SEARCH_Z
31.0114,2.5179,3.0703,-3.3633,-0.30601,0.39817,0.02541,0.00,0.00,3.00,69.8,74.71,648.67,257.03,SEARCH_Z
31.0216,2.5979,3.1103,-3.6433,-0.30601,0.39017,0.01941,0.00,0.00,3.00,69.9,74.71,648.69,257.03,SEARCH_Z
31.0317,2.3679,3.3103,-3.5033,-0.30301,0.38417,0.02741,0.00,0.00,3.00,69.9,74.71,648.73,257.03,SEARCH_Z
31.0418,2.2579,3.5603,-4.1233,-0.30501,0.37917,0.03241,0.00,0.00,3.00,69.9,74.71,648.75,257.03,SEARCH_Z
31.0519,2.3379,2.8303,-2.1733,-0.31901,0.38117,0.02241,0.00,0.00,3.00,69.9,74.71,648.79,257.03,SEARCH_Z
31.0620,2.1579,3.1603,-2.8433,-0.32301,0.35417,0.00741,0.00,0.00,3.00,69.9,74.71,648.81,257.03,SEARCH_Z
31.0721,2.3479,3.5403,-3.2933,-0.33901,0.37617,0.01641,0.00,0.00,3.00,69.9,74.71,648.85,257.04,SEARCH_Z
31.0822,2.2579,3.3403,-3.1833,-0.34001,0.36917,0.02941,0.00,0.00,3.00,69.9,74.70,648.87,257.04,SEARCH_Z
31.0924,2.4079,3.2203,-3.1033,-0.33301,0.36717,0.01841,0.00,0.00,3.00,69.9,74.70,648.91,257.04,SEARCH_Z
31.1025,2.2379,3.4803,-3.3433,-0.34101,0.37717,0.02541,0.00,0.00,3.00,69.9,74.70,648.93,257.04,SEARCH_Z
31.1126,2.1879,3.2403,-3.0333,-0.31301,0.38317,0.03041,0.00,0.00,3.00,69.9,74.70,648.97,257.04,SEARCH_Z
31.1227,2.2279,2.9203,-3.3133,-0.30601,0.38517,0.02641,0.00,0.00,3.00,69.9,74.70,648.99,257.04,SEARCH_Z
31.1328,2.3079,3.2503,-3.1633,-0.29401,0.38717,0.02741,0.00,0.00,3.00,69.9,74.70,649.03,257.04,SEARCH_Z
31.1430,2.2179,2.8803,-3.3833,-0.31501,0.37517,0.02741,0.00,0.00,3.00,69.9,74.70,649.05,257.04,SEARCH_Z
31.1532,2.2679,3.1403,-3.6933,-0.29501,0.38217,0.02941,0.00,0.00,3.00,69.9,74.70,649.09,257.04,SEARCH_Z
31.1633,2.4979,2.9803,-3.7133,-0.27701,0.38517,0.03141,0.00,0.00,3.00,69.9,74.70,649.11,257.05,SEARCH_Z
31.1734,2.6979,3.0203,-3.8833,-0.28701,0.37717,0.03041,0.00,0.00,3.00,70.0,74.69,649.15,257.05,SEARCH_Z
31.1835,2.2279,3.2803,-3.6633,-0.31901,0.36917,0.03441,0.00,0.00,3.00,70.0,74.69,649.19,257.05,SEARCH_Z
31.1936,2.0379,2.9103,-3.1433,-0.31901,0.36117,0.00841,0.00,0.00,3.00,70.0,74.69,649.21,257.05,SEARCH_Z
31.2037,2.3379,2.9903,-3.0033,-0.31001,0.38217,0.01841,0.00,0.00,3.00,70.0,74.69,649.25,257.05,SEARCH_Z
31.2139,2.3579,3.3203,-3.6133,-0.32701,0.35317,0.03341,0.00,0.00,3.00,70.0,74.69,649.27,257.05,SEARCH_Z
31.2240,2.6079,3.0703,-3.6133,-0.29901,0.36117,0.02141,0.00,0.00,3.00,70.0,74.69,649.31,257.05,SEARCH_Z
31.2341,2.4279,3.0903,-3.4733,-0.30101,0.37217,0.02741,0.00,0.00,3.00,70.0,74.69,649.33,257.05,SEARCH_Z
31.2442,2.2079,2.9203,-3.1933,-0.30701,0.37417,0.03141,0.00,0.00,3.00,70.0,74.69,649.37,257.05,SEARCH_Z
31.2543,2.1979,2.6103,-3.1533,-0.29001,0.39517,0.02941,0.00,0.00,3.00,70.0,74.68,649.39,257.06,SEARCH_Z
31.2644,2.3779,3.3603,-3.9933,-0.28801,0.37117,0.03941,0.00,0.00,3.00,70.0,74.68,649.43,257.06,SEARCH_Z
31.2745,2.3279,3.0603,-3.7433,-0.29601,0.37517,0.03741,0.00,0.00,3.00,70.0,74.68,649.45,257.06,SEARCH_Z
31.2846,2.2579,3.1903,-4.0133,-0.27701,0.39017,0.03941,0.00,0.00,3.00,70.0,74.68,649.49,257.06,SEARCH_Z
31.2947,2.0979,3.2203,-3.9633,-0.28901,0.37917,0.04341,0.00,0.00,3.00,70.0,74.68,649.51,257.06,SEARCH_Z
31.3048,2.3179,3.1603,-4.1133,-0.28001,0.38617,0.03841,0.00,0.00,3.00,70.0,74.68,649.55,257.06,SEARCH_Z
31.3150,2.3179,2.5603,-2.8033,-0.28601,0.38417,0.02741,0.00,0.00,3.00,70.1,74.68,649.57,257.06,SEARCH_Z
31.3251,1.7779,2.9703,-2.6933,-0.33101,0.34617,0.02541,0.00,0.00,3.00,70.1,74.68,649.61,257.06,SEARCH_Z
31.3352,2.5179,2.9403,-2.7733,-0.32001,0.36617,0.04641,0.00,0.00,3.00,70.1,74.68,649.63,257.06,SEARCH_Z
31.3453,2.3279,2.8703,-3.1433,-0.29301,0.36417,0.03141,0.00,0.00,3.00,70.1,74.67,649.67,257.07,SEARCH_Z
31.3554,2.3279,2.9103,-3.3533,-0.29301,0.36317,0.03641,0.00,0.00,3.00,70.1,74.67,649.69,257.07,SEARCH_Z
31.3655,2.4079,2.7703,-3.0333,-0.28201,0.38717,0.04341,0.00,0.00,3.00,70.1,74.67,649.73,257.07,SEARCH_Z
31.3756,2.2079,3.2603,-3.7233,-0.30101,0.36117,0.04041,0.00,0.00,3.00,70.1,74.67,649.76,257.07,SEARCH_Z
31.3857,2.2879,3.5303,-4.0033,-0.28901,0.35817,0.05041,0.00,0.00,3.00,70.1,74.67,649.79,257.07,SEARCH_Z
31.4210,2.3779,2.8203,-3.7533,-0.27001,0.37217,0.04941,0.00,0.00,3.00,70.1,74.67,649.89,257.07,SEARCH_Z
31.4311,2.2279,3.3203,-4.1633,-0.26801,0.36117,0.05241,0.00,0.00,3.00,70.1,74.66,649.92,257.08,SEARCH_Z
31.4412,2.3879,2.7603,-3.9633,-0.26201,0.37517,0.04741,0.00,0.00,3.00,70.1,74.66,649.95,257.08,SEARCH_Z
31.4513,2.3279,3.0903,-4.0633,-0.27601,0.38117,0.04841,0.00,0.00,3.00,70.2,74.66,649.98,257.08,SEARCH_Z
31.4614,1.9079,3.0703,-3.4233,-0.26901,0.35517,0.02641,0.00,0.00,3.00,70.2,74.66,650.01,257.08,SEARCH_Z
31.4715,2.3779,2.9003,-3.1033,-0.26701,0.37517,0.02741,0.00,0.00,3.00,70.2,74.66,650.05,257.08,SEARCH_Z
31.4817,2.2479,2.5603,-3.3933,-0.29501,0.34917,0.04741,0.00,0.00,3.00,70.2,74.66,650.07,257.08,SEARCH_Z
31.4918,2.1279,2.8603,-3.6233,-0.29001,0.35317,0.03741,0.00,0.00,3.00,70.2,74.66,650.11,257.08,SEARCH_Z
31.5019,2.6579,2.7603,-3.8633,-0.27901,0.36217,0.03141,0.00,0.00,3.00,70.2,74.66,650.13,257.08,SEARCH_Z
31.5120,2.1079,2.8303,-3.5433,-0.27101,0.35717,0.05141,0.00,0.00,3.00,70.2,74.65,650.17,257.08,SEARCH_Z
31.5221,2.4879,2.7403,-3.9933,-0.24601,0.36417,0.04141,0.00,0.00,3.00,70.2,74.65,650.19,257.09,SEARCH_Z
31.5323,2.2979,2.8303,-4.2333,-0.24901,0.35617,0.04441,0.00,0.00,3.00,70.2,74.65,650.23,257.09,SEARCH_Z
31.5424,2.3579,2.5603,-3.7233,-0.26101,0.36417,0.04741,0.00,0.00,3.00,70.2,74.65,650.25,257.09,SEARCH_Z
31.5525,2.6579,2.7103,-4.1733,-0.22401,0.37517,0.04541,0.00,0.00,3.00,70.2,74.65,650.29,257.09,SEARCH_Z
31.5626,2.2979,3.2903,-4.5733,-0.24501,0.36017,0.05241,0.00,0.00,3.00,70.2,74.65,650.31,257.09,SEARCH_Z
31.5727,2.2479,2.6403,-4.2733,-0.24501,0.37917,0.04641,0.00,0.00,3.00,70.2,74.65,650.35,257.09,SEARCH_Z
31.5828,2.5979,2.6003,-4.6033,-0.22501,0.37917,0.04541,0.00,0.00,3.00,70.2,74.65,650.37,257.09,SEARCH_Z
31.5929,2.3279,2.2903,-2.9733,-0.26501,0.37617,0.03441,0.00,0.00,3.00,70.3,74.65,650.41,257.09,SEARCH_Z
31.6030,1.9279,2.6303,-3.2633,-0.24101,0.35917,0.02941,0.00,0.00,3.00,70.3,74.64,650.43,257.09,SEARCH_Z
31.6132,2.3979,3.0003,-3.9933,-0.28601,0.35617,0.03541,0.00,0.00,3.00,70.3,74.64,650.47,257.10,SEARCH_Z
31.6233,2.1779,2.5703,-3.4833,-0.29701,0.33517,0.04041,0.00,0.00,3.00,70.3,74.64,650.49,257.10,SEARCH_Z
31.6334,2.3679,2.6503,-3.7433,-0.27101,0.36617,0.02741,0.00,0.00,3.00,70.3,74.64,650.53,257.10,SEARCH_Z
31.6436,2.3679,2.4103,-3.0833,-0.25501,0.37217,0.03941,0.00,0.00,3.00,70.3,74.64,650.57,257.10,SEARCH_Z
31.6537,2.3379,2.5603,-3.5733,-0.24901,0.36517,0.03841,0.00,0.00,3.00,70.3,74.64,650.59,257.10,SEARCH_Z
31.6638,2.3079,2.7503,-3.7333,-0.22601,0.38717,0.03741,0.00,0.00,3.00,70.3,74.64,650.63,257.10,SEARCH_Z
31.6740,2.1479,2.9503,-4.3533,-0.22701,0.37217,0.04441,0.00,0.00,3.00,70.3,74.64,650.65,257.10,SEARCH_Z
31.6841,2.4779,2.8703,-4.4433,-0.21501,0.38517,0.04641,0.00,0.00,3.00,70.3,74.63,650.69,257.10,SEARCH_Z
31.6942,2.3479,2.0503,-3.8033,-0.21101,0.38817,0.04041,0.00,0.00,3.00,70.3,74.63,650.71,257.10,SEARCH_Z
31.7043,2.5379,2.7603,-4.4433,-0.20301,0.38017,0.05041,0.00,0.00,3.00,70.3,74.63,650.75,257.11,SEARCH_Z
31.7144,2.3079,2.4803,-4.4733,-0.22701,0.38317,0.04841,0.00,0.00,3.00,70.3,74.63,650.77,257.11,SEARCH_Z
31.7245,2.3179,2.2103,-4.1633,-0.24901,0.37517,0.04341,0.00,0.00,3.00,70.4,74.63,650.81,257.11,SEARCH_Z
31.7346,2.2979,2.6003,-1.7633,-0.27801,0.36217,0.04441,0.00,0.00,3.00,70.4,74.63,650.83,257.11,SEARCH_Z
31.7447,2.1979,2.6003,-3.7033,-0.26201,0.31517,0.03241,0.00,0.00,3.00,70.4,74.63,650.87,257.11,SEARCH_Z
31.7548,2.4479,2.6003,-3.5033,-0.26301,0.35917,0.04241,0.00,0.00,3.00,70.4,74.63,650.89,257.11,SEARCH_Z
31.7650,2.2079,2.5403,-3.4433,-0.25501,0.35917,0.05241,0.00,0.00,3.00,70.4,74.63,650.93,257.11,SEARCH_Z
31.7752,2.1879,2.5203,-3.9833,-0.24601,0.34717,0.03941,0.00,0.00,3.00,70.4,74.62,650.95,257.11,SEARCH_Z
31.7853,2.2679,2.7403,-3.9333,-0.24601,0.37417,0.05141,0.00,0.00,3.00,70.4,74.62,650.99,257.12,SEARCH_Z
31.7953,2.4079,2.2603,-3.8333,-0.22001,0.36317,0.05341,0.00,0.00,3.00,70.4,74.62,651.01,257.12,SEARCH_Z
31.8055,2.2979,2.8903,-4.3533,-0.22801,0.36417,0.05041,0.00,0.00,3.00,70.4,74.62,651.05,257.12,SEARCH_Z
31.8156,2.3779,2.8203,-4.2533,-0.24001,0.34817,0.05341,0.00,0.00,3.00,70.4,74.62,651.08,257.12,SEARCH_Z
31.8257,2.3579,2.7903,-4.7633,-0.22301,0.36017,0.05941,0.00,0.00,3.00,70.4,74.62,651.11,257.12,SEARCH_Z
31.8358,2.5379,2.5203,-4.6333,-0.21701,0.36217,0.05641,0.00,0.00,3.00,70.4,74.62,651.14,257.12,SEARCH_Z
31.8459,2.3679,2.8803,-5.1133,-0.21301,0.35417,0.06041,0.00,0.00,3.00,70.4,74.62,651.17,257.12,SEARCH_Z
