time,fx,fy,fz,tx,ty,tz,vx,vy,vz,travel_mm,pos_x,pos_y,pos_z,phase
0.0000,0.0933,0.1514,-0.2304,0.00161,-0.00529,0.00149,-5.00,0.00,0.00,0.0,125.52,633.28,302.44,DESCEND
0.0102,0.2533,-0.4585,0.4395,0.00561,-0.00129,-0.00650,-5.00,0.00,0.00,0.0,125.52,633.28,302.44,DESCEND
0.0203,0.1433,-0.1885,0.1595,-0.01938,-0.01429,-0.00650,-5.00,0.00,0.00,0.0,125.52,633.28,302.43,DESCEND
0.0304,0.1433,-0.2285,0.2295,-0.00938,-0.00529,-0.00350,-5.00,0.00,0.00,0.0,125.52,633.28,302.42,DESCEND
0.0405,0.0633,0.0914,0.1795,-0.02338,-0.00629,-0.00250,-5.00,0.00,0.00,0.0,125.52,633.29,302.41,DESCEND
0.0506,0.2333,0.3214,0.2895,0.00761,0.00470,0.00049,-5.00,0.00,0.00,0.0,125.52,633.29,302.39,DESCEND
0.0607,0.2733,-0.1485,0.1295,-0.00638,-0.00929,-0.00150,-5.00,0.00,0.00,0.1,125.52,633.29,302.37,DESCEND
0.0709,0.1733,-0.0985,-0.1304,0.00561,-0.00829,-0.00050,-5.00,0.00,0.00,0.1,125.52,633.29,302.34,DESCEND
0.0810,0.2033,-0.1485,0.3395,-0.00938,-0.01429,-0.00050,-5.00,0.00,0.00,0.1,125.52,633.29,302.31,DESCEND
0.0911,0.2433,-0.2385,-0.0604,0.01261,-0.00229,0.00149,-5.00,0.00,0.00,0.2,125.52,633.29,302.28,DESCEND
0.1012,0.1633,-0.3785,0.4695,-0.00338,0.00370,-0.00350,-5.00,0.00,0.00,0.2,125.52,633.29,302.25,DESCEND
0.1113,0.0733,-0.3185,0.3795,-0.01038,0.00770,-0.00350,-5.00,0.00,0.00,0.2,125.52,633.29,302.20,DESCEND
0.1214,0.2333,-0.0885,0.0895,0.00161,-0.00529,-0.00050,-5.00,0.00,0.00,0.3,125.52,633.29,302.16,DESCEND
0.1315,0.1333,0.2214,0.0195,-0.01638,-0.00429,-0.00150,-5.00,0.00,0.00,0.3,125.52,633.30,302.11,DESCEND
0.1417,0.1933,0.1114,0.0095,0.01161,-0.00229,0.00249,-5.00,0.00,0.00,0.4,125.52,633.30,302.07,DESCEND
0.1518,0.2733,0.1214,-0.1504,0.01061,0.00870,-0.00250,-5.00,0.00,0.00,0.4,125.52,633.30,302.01,DESCEND
0.1619,0.3033,0.0614,0.0095,0.01161,0.00670,-0.00150,-5.00,0.00,0.00,0.5,125.52,633.30,301.97,DESCEND
0.1720,0.5033,-0.0985,0.1495,0.01161,0.00870,-0.00350,-5.00,0.00,0.00,0.5,125.52,633.30,301.91,DESCEND
0.1821,0.2233,0.3514,-0.3504,-0.02138,-0.01929,0.00149,-5.00,0.00,0.00,0.6,125.52,633.30,301.87,DESCEND
0.1922,0.1033,0.2114,-0.2004,-0.00638,-0.02029,0.00249,-5.00,0.00,0.00,0.6,125.52,633.31,301.81,DESCEND
0.2023,0.1533,-0.2385,0.0995,0.02261,0.00470,-0.00150,-5.00,0.00,0.00,0.7,125.52,633.31,301.77,DESCEND
0.2124,0.0133,0.1014,0.0995,0.01661,0.00670,0.00249,-5.00,0.00,0.00,0.7,125.52,633.31,301.71,DESCEND
0.2224,0.1233,-0.1385,0.0495,0.01761,-0.01029,-0.00250,-5.00,0.00,0.00,0.8,125.52,633.31,301.67,DESCEND
0.2325,0.1633,-0.4285,0.3295,0.01661,0.00170,-0.00350,-5.00,0.00,0.00,0.8,125.52,633.31,301.61,DESCEND
0.2426,0.3133,-0.0585,0.2995,-0.00538,-0.00929,-0.00050,-5.00,0.00,0.00,0.9,125.52,633.32,301.57,DESCEND
0.2527,0.0833,-0.1385,0.1995,-0.01738,-0.00829,-0.00250,-5.00,0.00,0.00,0.9,125.52,633.32,301.51,DESCEND
0.2628,0.0933,-0.5685,0.4095,-0.00538,0.01070,-0.00150,-5.00,0.00,0.00,1.0,125.52,633.32,301.45,DESCEND
0.2729,0.0533,-0.0485,-0.0604,0.01161,0.00570,-0.00050,-5.00,0.00,0.00,1.0,125.52,633.32,301.41,DESCEND
0.2830,0.1733,0.1714,-0.5404,-0.01338,-0.01829,0.00049,-5.00,0.00,0.00,1.1,125.52,633.32,301.35,DESCEND
0.2931,0.3533,-0.1185,0.1195,0.00661,0.00370,0.00549,-5.00,0.00,0.00,1.1,125.52,633.33,301.31,DESCEND
0.3033,0.4333,-0.7385,0.8195,0.01661,0.00970,-0.00350,-5.00,0.00,0.00,1.2,125.52,633.33,301.25,DESCEND
0.3133,0.0433,-0.2385,0.2095,-0.00738,0.00270,-0.00250,-5.00,0.00,0.00,1.2,125.52,633.33,301.21,DESCEND
0.3234,0.2133,-0.3285,0.2495,0.01661,0.00670,0.00049,-5.00,0.00,0.00,1.3,125.52,633.33,301.15,DESCEND
0.3335,0.1033,0.2314,-0.2104,-0.00038,-0.01529,0.00249,-5.00,0.00,0.00,1.3,125.52,633.33,301.11,DESCEND
0.3437,-0.0066,-0.0385,-0.1404,0.01061,-0.00529,-0.00050,-5.00,0.00,0.00,1.4,125.52,633.33,301.05,DESCEND
0.3538,0.1633,-0.2785,0.1395,0.00961,-0.00529,-0.00150,-5.00,0.00,0.00,1.4,125.52,633.34,301.01,DESCEND
0.3639,0.0633,-0.1885,0.0095,-0.00538,-0.01129,-0.00150,-5.00,0.00,0.00,1.5,125.52,633.34,300.95,DESCEND
0.3740,0.3333,-0.4185,0.2395,0.01161,-0.00329,-0.00150,-5.00,0.00,0.00,1.5,125.52,633.34,300.91,DESCEND
0.3841,0.1733,-0.5985,0.5195,0.01061,0.00670,-0.00250,-5.00,0.00,0.00,1.6,125.52,633.34,300.85,DESCEND
0.3942,0.2633,-0.0885,-0.0304,0.00361,-0.00529,-0.00150,-5.00,0.00,0.00,1.6,125.52,633.34,300.81,DESCEND
0.4043,0.1633,-0.0785,-0.1304,-0.01238,-0.01229,0.00349,-5.00,0.00,0.00,1.7,125.52,633.35,300.75,DESCEND
0.4144,0.2033,-0.3085,0.1095,0.00361,-0.00129,-0.00150,-5.00,0.00,0.00,1.7,125.52,633.35,300.71,DESCEND
0.4245,0.0933,-0.2385,0.3995,-0.01238,-0.00529,-0.00150,-5.00,0.00,0.00,1.8,125.52,633.35,300.65,DESCEND
0.4346,0.1333,-0.3085,0.1395,-0.00738,-0.01329,0.00149,-5.00,0.00,0.00,1.8,125.52,633.35,300.61,DESCEND
0.4447,0.1133,-0.1885,-0.1004,-0.00438,-0.01329,-0.00350,-5.00,0.00,0.00,1.9,125.52,633.35,300.55,DESCEND
0.4548,0.1433,-0.3585,0.2295,-0.00638,-0.00629,-0.00250,-5.00,0.00,0.00,1.9,125.52,633.35,300.51,DESCEND
0.4649,0.0933,-0.2085,0.3195,-0.00638,-0.00929,0.00049,-5.00,0.00,0.00,2.0,125.52,633.36,300.45,DESCEND
0.4750,0.3033,-0.1085,0.2795,0.01061,-0.00229,-0.00250,-5.00,0.00,0.00,2.1,125.52,633.36,300.39,DESCEND
0.4851,0.1333,0.1314,-0.3504,-0.02238,-0.02629,0.00249,-5.00,0.00,0.00,2.1,125.52,633.36,300.35,DESCEND
0.4952,0.3833,-0.1385,0.0095,-0.00438,-0.01429,-0.00250,-5.00,0.00,0.00,2.2,125.52,633.36,300.29,DESCEND
0.5053,0.3333,-0.0485,0.0095,0.00561,-0.00329,0.00149,-5.00,0.00,0.00,2.2,125.52,633.36,300.25,DESCEND
0.5154,0.2333,-0.2985,0.4695,0.00361,0.01070,-0.00150,-5.00,0.00,0.00,2.3,125.52,633.37,300.19,DESCEND
0.5255,0.2033,-0.1485,0.2895,-0.00238,-0.00129,-0.00350,-5.00,0.00,0.00,2.3,125.52,633.37,300.15,DESCEND
0.5356,0.2833,-0.1885,0.1295,0.01361,0.00070,-0.00250,-5.00,0.00,0.00,2.4,125.52,633.37,300.09,DESCEND
0.5457,0.1233,0.0714,-0.2104,-0.02638,-0.01229,0.00349,-5.00,0.00,0.00,2.4,125.52,633.37,300.05,DESCEND
0.5558,0.3133,-0.0485,0.1295,0.00661,-0.01229,0.00049,-5.00,0.00,0.00,2.5,125.52,633.37,299.99,DESCEND
0.5659,0.1733,0.1214,-0.3504,0.00261,-0.01129,0.00249,-5.00,0.00,0.00,2.5,125.52,633.38,299.95,DESCEND
0.5760,0.0433,-0.0285,0.0195,-0.00238,-0.00429,0.00249,-5.00,0.00,0.00,2.6,125.53,633.38,299.89,DESCEND
0.5861,-0.0266,-0.0385,-0.2004,-0.00338,-0.01229,-0.00150,-5.00,0.00,0.00,2.6,125.53,633.38,299.85,DESCEND
0.5962,0.1433,-0.1785,0.1395,0.00061,-0.00429,0.00049,-5.00,0.00,0.00,2.7,125.53,633.38,299.79,DESCEND
0.6064,0.2233,-0.1585,-0.0804,0.00661,-0.00429,-0.00250,-5.00,0.00,0.00,2.7,125.53,633.38,299.75,DESCEND
0.6165,0.2433,0.0514,0.0995,0.00461,-0.00529,0.00149,-5.00,0.00,0.00,2.8,125.53,633.39,299.69,DESCEND
0.6266,0.2933,0.0314,-0.2304,-0.00138,-0.00929,-0.00050,-5.00,0.00,0.00,2.8,125.53,633.39,299.65,DESCEND
0.6367,0.1333,-0.0785,0.1295,-0.00838,-0.00629,-0.00050,-5.00,0.00,0.00,2.9,125.53,633.39,299.59,DESCEND
0.6468,0.1133,-0.0385,-0.0904,0.00061,-0.00629,0.00049,-5.00,0.00,0.00,2.9,125.53,633.39,299.53,DESCEND
0.6569,0.0933,-0.3385,0.5195,-0.00838,0.00670,0.00149,-5.00,0.00,0.00,3.0,125.53,633.39,299.49,DESCEND
0.6670,0.1233,-0.3085,-0.1304,-0.00238,-0.00729,-0.00050,-5.00,0.00,0.00,3.0,125.53,633.39,299.43,DESCEND
0.6772,0.1133,0.0414,-0.1204,-0.00138,-0.00629,0.00449,-5.00,0.00,0.00,3.1,125.53,633.40,299.39,DESCEND
0.6873,0.1933,-0.0285,-0.1104,0.00361,-0.00629,-0.00250,-5.00,0.00,0.00,3.1,125.53,633.40,299.33,DESCEND
0.6974,0.1833,0.2014,-0.0204,0.00661,-0.00429,0.00249,-5.00,0.00,0.00,3.2,125.53,633.40,299.29,DESCEND
0.7075,0.1933,-0.1185,-0.2004,0.00461,-0.00629,0.00249,-5.00,0.00,0.00,3.2,125.53,633.40,299.23,DESCEND
0.7176,0.0833,0.2414,-0.4504,-0.00738,-0.01829,0.00149,-5.00,0.00,0.00,3.3,125.53,633.40,299.19,DESCEND
0.7277,-0.0266,-0.2885,0.1795,-0.02438,-0.01929,0.00149,-5.00,0.00,0.00,3.3,125.53,633.41,299.13,DESCEND
0.7380,0.1933,-0.0685,0.0895,0.00161,-0.00529,0.00149,-5.00,0.00,0.00,3.4,125.53,633.41,299.09,DESCEND
0.7481,0.2533,-0.2585,0.2595,0.01161,0.01070,-0.00350,-5.00,0.00,0.00,3.4,125.53,633.41,299.03,DESCEND
0.7582,0.1333,0.0514,0.1595,0.00561,0.00370,0.00049,-5.00,0.00,0.00,3.5,125.53,633.41,298.99,DESCEND
0.7683,-0.0266,-0.0985,0.1295,-0.01638,-0.00329,0.00049,-5.00,0.00,0.00,3.5,125.53,633.41,298.93,DESCEND
0.7784,0.1233,-0.0885,0.2195,-0.00038,-0.00029,-0.00050,-5.00,0.00,0.00,3.6,125.53,633.41,298.89,DESCEND
0.7885,0.2833,0.0314,-0.0904,0.00961,-0.01429,0.00449,-5.00,0.00,0.00,3.6,125.53,633.42,298.83,DESCEND
0.7986,0.2233,-0.2085,0.1195,0.00961,-0.00429,-0.00050,-5.00,0.00,0.00,3.7,125.53,633.42,298.79,DESCEND
0.8087,0.0233,-0.1885,0.0795,-0.02138,-0.02129,-0.00050,-5.00,0.00,0.00,3.7,125.53,633.42,298.73,DESCEND
0.8188,0.1033,-0.3485,0.0095,0.00461,-0.00729,-0.00050,-5.00,0.00,0.00,3.8,125.53,633.42,298.69,DESCEND
0.8289,-0.0366,-0.2385,0.3295,-0.01038,0.00670,0.00249,-5.00,0.00,0.00,3.8,125.53,633.42,298.63,DESCEND
0.8391,0.3433,-0.2385,-0.2304,0.01061,0.00370,-0.00350,-5.00,0.00,0.00,3.9,125.53,633.43,298.57,DESCEND
0.8492,0.0833,-0.0585,0.1295,-0.00838,-0.00829,0.00049,-5.00,0.00,0.00,3.9,125.53,633.43,298.53,DESCEND
0.8593,-0.0366,-0.1585,-0.0604,0.00061,-0.00029,0.00249,-5.00,0.00,0.00,4.0,125.53,633.43,298.47,DESCEND
0.8694,0.0633,-0.0185,-0.2404,-0.02038,-0.01429,0.00049,-5.00,0.00,0.00,4.0,125.53,633.43,298.43,DESCEND
0.8794,0.1233,-0.3085,0.3095,-0.01138,-0.01029,0.00349,-5.00,0.00,0.00,4.1,125.53,633.43,298.37,DESCEND
0.8896,0.2433,-0.1685,0.1895,0.00461,-0.01129,0.00449,-5.00,0.00,0.00,4.1,125.53,633.44,298.33,DESCEND
0.8997,0.2433,-0.0885,0.1495,0.01061,-0.01029,0.00149,-5.00,0.00,0.00,4.2,125.53,633.44,298.27,DESCEND
0.9098,0.1433,0.2614,-0.2404,-0.01138,-0.01029,0.00249,-5.00,0.00,0.00,4.2,125.53,633.44,298.23,DESCEND
0.9199,-0.1366,0.3414,-0.0804,-0.00738,-0.00229,0.00649,-5.00,0.00,0.00,4.3,125.53,633.44,298.17,DESCEND
0.9300,0.1833,-0.2085,-0.0704,0.00061,-0.00929,0.00049,-5.00,0.00,0.00,4.3,125.53,633.44,298.13,DESCEND
0.9401,0.2333,-0.2585,-0.0404,-0.00138,-0.01229,0.00049,-5.00,0.00,0.00,4.4,125.53,633.44,298.07,DESCEND
0.9502,0.0733,-0.1285,-0.0004,-0.00538,0.00370,0.00049,-5.00,0.00,0.00,4.4,125.53,633.45,298.03,DESCEND
0.9603,0.1533,-0.3085,0.1195,0.00161,0.00270,0.00049,-5.00,0.00,0.00,4.5,125.53,633.45,297.97,DESCEND
0.9705,0.2233,-0.1785,0.0095,0.00861,-0.00929,-0.00050,-5.00,0.00,0.00,4.5,125.53,633.45,297.93,DESCEND
0.9806,0.2033,-0.1085,0.2495,0.00661,-0.00329,-0.00150,-5.00,0.00,0.00,4.6,125.53,633.45,297.87,DESCEND
0.9907,-0.0366,0.0714,0.1695,-0.02838,-0.00829,0.00349,-5.00,0.00,0.00,4.6,125.53,633.45,297.83,DESCEND
1.0008,0.1833,0.1714,-0.3904,-0.01838,-0.01929,0.00249,-5.00,0.00,0.00,4.7,125.53,633.46,297.77,DESCEND
1.0109,0.1133,-0.3585,0.1395,0.00661,-0.00129,0.00149,-5.00,0.00,0.00,4.7,125.53,633.46,297.73,DESCEND
1.0210,0.1533,-0.0585,-0.0604,-0.00138,-0.01029,0.00049,-5.00,0.00,0.00,4.8,125.53,633.46,297.67,DESCEND
1.0311,0.1333,-0.3185,0.0695,-0.00638,-0.00329,-0.00150,-5.00,0.00,0.00,4.8,125.53,633.46,297.61,DESCEND
1.0412,0.2033,-0.0385,0.1295,-0.00938,-0.00629,0.00049,-5.00,0.00,0.00,4.9,125.53,633.46,297.57,DESCEND
1.0513,-0.0166,-0.0385,-0.1404,-0.00838,-0.01129,0.00249,-5.00,0.00,0.00,4.9,125.53,633.47,297.51,DESCEND
1.0614,0.3133,-0.2685,-0.3004,0.00561,-0.01629,0.00149,-5.00,0.00,0.00,5.0,125.53,633.47,297.47,DESCEND
1.0715,0.2233,-0.1285,-0.0604,0.00261,-0.00229,0.00049,-5.00,0.00,0.00,5.0,125.53,633.47,297.41,DESCEND
1.0816,0.1033,-0.1285,-0.1104,-0.00738,-0.01229,-0.00050,-5.00,0.00,0.00,5.1,125.53,633.47,297.37,DESCEND
1.0917,0.1733,0.0914,-0.2604,-0.00838,-0.01429,0.00149,-5.00,0.00,0.00,5.1,125.53,633.47,297.31,DESCEND
1.1018,0.1033,0.4914,-0.1204,-0.01538,-0.01429,0.00449,-5.00,0.00,0.00,5.2,125.53,633.47,297.27,DESCEND
1.1120,0.0033,-0.1685,-0.0604,-0.00738,-0.00829,0.00049,-5.00,0.00,0.00,5.2,125.53,633.48,297.21,DESCEND
1.1221,0.2433,-0.3785,0.2795,0.00261,0.00070,0.00149,-5.00,0.00,0.00,5.3,125.53,633.48,297.17,DESCEND
1.1322,0.0933,-0.2385,-0.1204,-0.01338,-0.00929,0.00349,-5.00,0.00,0.00,5.3,125.53,633.48,297.11,DESCEND
1.1423,0.2033,0.0914,0.0595,-0.00238,-0.01529,-0.00050,-5.00,0.00,0.00,5.4,125.53,633.48,297.07,DESCEND
1.1524,0.1633,0.2614,-0.2804,-0.01238,-0.01029,0.00049,-5.00,0.00,0.00,5.4,125.53,633.48,297.01,DESCEND
1.1625,0.2633,0.0414,0.1295,-0.00738,-0.01329,0.00249,-5.00,0.00,0.00,5.5,125.53,633.49,296.97,DESCEND
1.1726,0.3633,-0.2085,0.0795,0.02161,0.00570,-0.00250,-5.00,0.00,0.00,5.5,125.54,633.49,296.91,DESCEND
1.1827,0.0533,0.0114,-0.2104,0.00361,-0.01029,0.00249,-5.00,0.00,0.00,5.6,125.54,633.49,296.87,DESCEND
1.1928,-0.0366,0.2014,-0.1104,-0.00938,-0.00429,0.00549,-5.00,0.00,0.00,5.6,125.54,633.49,296.81,DESCEND
1.2029,0.1433,-0.0785,-0.0204,-0.01238,-0.01329,-0.00050,-5.00,0.00,0.00,5.7,125.54,633.49,296.75,DESCEND
1.2130,0.2133,-0.0685,0.1695,0.00061,-0.00629,0.00049,-5.00,0.00,0.00,5.7,125.54,633.49,296.71,DESCEND
1.2231,0.3333,-0.1785,-0.0804,0.02261,-0.00629,0.00049,-5.00,0.00,0.00,5.8,125.54,633.50,296.65,DESCEND
1.2332,0.2333,0.3314,-0.0504,0.00361,-0.00529,0.00449,-5.00,0.00,0.00,5.8,125.54,633.50,296.61,DESCEND
1.2433,0.0633,0.1714,-0.2604,-0.00138,-0.00529,0.00149,-5.00,0.00,0.00,5.9,125.54,633.50,296.55,DESCEND
1.2534,0.0633,-0.1285,0.1095,0.00261,0.00970,-0.00350,-5.00,0.00,0.00,5.9,125.54,633.50,296.51,DESCEND
1.2635,0.1033,-0.0385,-0.0704,0.00061,-0.00229,0.00049,-5.00,0.00,0.00,6.0,125.54,633.50,296.45,DESCEND
1.2736,0.0233,0.0814,-0.1704,-0.00538,-0.00229,0.00349,-5.00,0.00,0.00,6.0,125.54,633.51,296.41,DESCEND
1.2837,0.2333,0.1514,-0.2304,-0.01338,-0.01629,0.00249,-5.00,0.00,0.00,6.1,125.54,633.51,296.35,DESCEND
1.2938,0.2033,-0.0485,0.0595,-0.00738,-0.01029,-0.00150,-5.00,0.00,0.00,6.1,125.54,633.51,296.31,DESCEND
1.3039,0.1333,0.0214,-0.2404,-0.01838,-0.01929,0.00049,-5.00,0.00,0.00,6.2,125.54,633.51,296.25,DESCEND
1.3140,0.0333,0.4714,-0.3304,-0.01138,-0.01529,0.00649,-5.00,0.00,0.00,6.2,125.54,633.51,296.21,DESCEND
1.3242,0.1733,-0.0185,-0.0004,0.00961,0.00070,-0.00050,-5.00,0.00,0.00,6.3,125.54,633.52,296.15,DESCEND
1.3343,0.3233,0.0414,0.1795,0.00761,-0.00629,0.00249,-5.00,0.00,0.00,6.3,125.54,633.52,296.11,DESCEND
1.3444,0.1333,0.1714,-0.0104,0.00361,-0.01029,0.00549,-5.00,0.00,0.00,6.4,125.54,633.52,296.05,DESCEND
1.3544,0.2033,0.0814,-0.2704,-0.00438,-0.01229,0.00449,-5.00,0.00,0.00,6.4,125.54,633.52,296.01,DESCEND
1.3645,0.2533,0.2414,-0.2204,-0.00238,-0.01229,0.00249,-5.00,0.00,0.00,6.5,125.54,633.52,295.95,DESCEND
1.3746,0.1233,-0.1685,0.1695,-0.00438,-0.00329,0.00149,-5.00,0.00,0.00,6.5,125.54,633.52,295.91,DESCEND
1.3847,0.2933,0.1314,-0.0304,0.01061,-0.00029,0.00549,-5.00,0.00,0.00,6.6,125.54,633.53,295.85,DESCEND
1.3949,0.2133,-0.0785,0.1095,-0.01438,-0.01229,0.00349,-5.00,0.00,0.00,6.6,125.54,633.53,295.81,DESCEND
1.4050,0.1033,-0.2285,0.2895,-0.00038,-0.00529,-0.00150,-5.00,0.00,0.00,6.7,125.54,633.53,295.75,DESCEND
1.4151,0.3433,0.2214,-0.1704,0.00761,-0.01329,0.00449,-5.00,0.00,0.00,6.7,125.54,633.53,295.69,DESCEND
1.4251,0.0333,-0.0285,0.0695,-0.00738,-0.00329,0.00449,-5.00,0.00,0.00,6.8,125.54,633.53,295.65,DESCEND
1.4352,0.2933,-0.2485,0.0595,0.00761,-0.00729,-0.00150,-5.00,0.00,0.00,6.8,125.54,633.54,295.59,DESCEND
1.4453,0.2233,-0.0685,-0.0404,-0.00638,-0.01029,-0.00050,-5.00,0.00,0.00,6.9,125.54,633.54,295.55,DESCEND
1.4554,0.1633,-0.2885,0.1195,-0.00138,-0.00729,0.00149,-5.00,0.00,0.00,6.9,125.54,633.54,295.49,DESCEND
1.4656,0.3133,0.0514,-0.1104,0.00261,-0.00629,0.00149,-5.00,0.00,0.00,7.0,125.54,633.54,295.45,DESCEND
1.4757,0.1733,-0.5585,0.1595,-0.00238,-0.01029,-0.00150,-5.00,0.00,0.00,7.0,125.54,633.54,295.39,DESCEND
1.4858,0.0933,0.0414,-0.0704,-0.01238,-0.00529,0.00449,-5.00,0.00,0.00,7.1,125.54,633.54,295.35,DESCEND
1.4960,0.0933,0.2814,-0.0904,0.01061,0.00370,0.00549,-5.00,0.00,0.00,7.1,125.54,633.55,295.29,DESCEND
1.5061,0.0633,-0.1185,-0.1304,-0.00138,-0.00429,0.00249,-5.00,0.00,0.00,7.2,125.54,633.55,295.25,DESCEND
1.5162,0.2433,0.0314,0.1095,0.00661,-0.00429,0.00149,-5.00,0.00,0.00,7.2,125.54,633.55,295.19,DESCEND
1.5263,0.0233,-0.0185,0.0395,-0.01238,-0.00729,-0.00150,-5.00,0.00,0.00,7.3,125.54,633.55,295.15,DESCEND
1.5364,0.2033,0.0314,-0.2104,-0.00438,-0.00929,0.00149,-5.00,0.00,0.00,7.3,125.54,633.55,295.09,DESCEND
1.5464,0.2533,0.0014,0.0395,-0.01338,-0.01629,0.00249,-5.00,0.00,0.00,7.4,125.54,633.56,295.05,DESCEND
1.5565,0.2333,0.0814,-0.0404,0.00161,0.00170,0.00249,-5.00,0.00,0.00,7.4,125.54,633.56,294.99,DESCEND
1.5666,0.2333,-0.1385,0.0895,-0.00838,-0.00429,0.00149,-5.00,0.00,0.00,7.5,125.54,633.56,294.95,DESCEND
1.5767,0.2233,-0.1885,0.0095,0.01561,-0.00229,0.00449,-5.00,0.00,0.00,7.5,125.54,633.56,294.89,DESCEND
1.5868,0.2233,-0.5685,0.4195,0.00761,0.00170,0.00049,-5.00,0.00,0.00,7.6,125.54,633.56,294.85,DESCEND
1.5969,0.2333,-0.5585,0.3695,0.00761,-0.00329,-0.00050,-5.00,0.00,0.00,7.6,125.54,633.57,294.79,DESCEND
1.6070,0.1633,-0.0585,-0.1104,-0.00138,-0.00529,0.00349,-5.00,0.00,0.00,7.7,125.54,633.57,294.73,DESCEND
1.6171,0.1333,-0.1585,0.0195,0.00761,-0.00329,0.00149,-5.00,0.00,0.00,7.7,125.54,633.57,294.69,DESCEND
1.6272,0.0733,-0.1985,0.2095,-0.00638,-0.00429,0.00049,-5.00,0.00,0.00,7.8,125.54,633.57,294.63,DESCEND
1.6373,0.1633,-0.1085,0.1095,-0.00538,-0.00429,0.00549,-5.00,0.00,0.00,7.8,125.54,633.57,294.59,DESCEND
1.6474,0.0533,-0.2385,0.4295,-0.00138,0.00470,0.00349,-5.00,0.00,0.00,7.9,125.54,633.58,294.53,DESCEND
1.6575,0.0333,-0.0885,-0.0504,-0.00238,-0.00329,0.00149,-5.00,0.00,0.00,7.9,125.54,633.58,294.49,DESCEND
1.6676,0.1433,-0.1385,-0.1404,-0.00738,-0.01329,0.00049,-5.00,0.00,0.00,8.0,125.54,633.58,294.43,DESCEND
1.6777,0.2233,0.0414,-0.1104,0.01361,0.00370,-0.00050,-5.00,0.00,0.00,8.0,125.54,633.58,294.39,DESCEND
1.6878,-0.0266,-0.0085,0.0795,-0.01738,-0.00129,0.00349,-5.00,0.00,0.00,8.1,125.54,633.58,294.33,DESCEND
1.6978,0.2633,-0.2185,-0.0304,0.01361,-0.00229,0.00249,-5.00,0.00,0.00,8.1,125.54,633.58,294.29,DESCEND
1.7080,0.0633,-0.3885,0.2495,-0.01238,-0.00129,0.00449,-5.00,0.00,0.00,8.2,125.54,633.59,294.23,DESCEND
1.7180,0.2533,-0.0485,-0.1304,0.01061,-0.00929,0.00449,-5.00,0.00,0.00,8.2,125.54,633.59,294.19,DESCEND
1.7282,0.0233,-0.2385,0.2295,0.00161,0.00370,0.00049,-5.00,0.00,0.00,8.3,125.54,633.59,294.13,DESCEND
1.7383,0.3033,-0.1585,-0.1104,0.00461,-0.01429,0.00149,-5.00,0.00,0.00,8.3,125.54,633.59,294.09,DESCEND
1.7484,0.2133,0.0314,0.1495,0.00661,-0.00229,0.00649,-5.00,0.00,0.00,8.4,125.54,633.59,294.03,DESCEND
1.7585,0.1833,0.0514,0.1295,0.00361,-0.00329,0.00249,-5.00,0.00,0.00,8.4,125.54,633.59,293.99,DESCEND
1.7686,0.2233,0.0814,-0.2304,-0.00238,-0.00529,0.00449,-5.00,0.00,0.00,8.5,125.54,633.60,293.93,DESCEND
1.7787,0.1633,-0.1885,0.0195,-0.00838,-0.01029,0.00149,-5.00,0.00,0.00,8.5,125.54,633.60,293.89,DESCEND
1.7888,0.2333,0.3814,-0.2304,0.00761,-0.00229,0.00649,-5.00,0.00,0.00,8.6,125.55,633.60,293.83,DESCEND
1.7988,0.0933,-0.3785,0.0395,0.00261,0.00570,0.00249,-5.00,0.00,0.00,8.6,125.55,633.60,293.79,DESCEND
1.8089,0.1433,-0.3485,0.2295,-0.00238,0.00170,0.00149,-5.00,0.00,0.00,8.7,125.55,633.60,293.73,DESCEND
1.8190,0.0933,0.0214,-0.1904,0.00961,0.00470,0.00649,-5.00,0.00,0.00,8.8,125.55,633.61,293.67,DESCEND
1.8291,0.1633,0.0414,0.0195,-0.01238,-0.01029,0.00549,-5.00,0.00,0.00,8.8,125.55,633.61,293.63,DESCEND
1.8393,0.1433,0.1114,-0.1904,-0.01238,-0.02029,0.00449,-5.00,0.00,0.00,8.9,125.55,633.61,293.57,DESCEND
1.8494,0.3633,0.1914,-0.2904,0.01261,-0.01429,0.00349,-5.00,0.00,0.00,8.9,125.55,633.61,293.53,DESCEND
1.8595,0.1933,0.0314,-0.2104,-0.01438,-0.01429,0.00649,-5.00,0.00,0.00,9.0,125.55,633.61,293.47,DESCEND
1.8696,0.0533,-0.0985,0.2195,-0.00638,0.00170,-0.00250,-5.00,0.00,0.00,9.0,125.55,633.62,293.43,DESCEND
1.8797,0.1433,-0.1085,0.0195,-0.00438,-0.01529,0.00249,-5.00,0.00,0.00,9.1,125.55,633.62,293.37,DESCEND
1.8898,0.2833,-0.1385,-0.1104,0.01061,-0.00329,0.00249,-5.00,0.00,0.00,9.1,125.55,633.62,293.33,DESCEND
1.8999,0.1933,0.0414,-0.3604,-0.00838,-0.01829,0.00749,-5.00,0.00,0.00,9.2,125.55,633.62,293.27,DESCEND
1.9100,0.0333,-0.0785,0.0695,-0.00238,-0.00629,0.00349,-5.00,0.00,0.00,9.2,125.55,633.62,293.23,DESCEND
1.9201,0.1233,0.4814,-0.2404,-0.02438,-0.02129,0.00849,-5.00,0.00,0.00,9.3,125.55,633.63,293.17,DESCEND
1.9302,0.3433,0.0314,0.0195,0.00161,-0.00629,0.00949,-5.00,0.00,0.00,9.3,125.55,633.63,293.13,DESCEND
1.9403,0.1833,-0.2785,0.2695,0.00661,0.00270,-0.00150,-5.00,0.00,0.00,9.4,125.55,633.63,293.07,DESCEND
1.9504,0.1833,-0.4385,0.0095,-0.00638,-0.01429,0.00149,-5.00,0.00,0.00,9.4,125.55,633.63,293.03,DESCEND
1.9605,0.0033,-0.0685,-0.0804,0.00261,-0.00929,0.00449,-5.00,0.00,0.00,9.5,125.55,633.63,292.97,DESCEND
1.9707,0.4633,0.0514,-0.0404,0.01961,-0.01629,0.00649,-5.00,0.00,0.00,9.5,125.55,633.63,292.93,DESCEND
1.9808,0.1533,-0.3385,0.3395,-0.00338,-0.00529,0.00249,-5.00,0.00,0.00,9.6,125.55,633.64,292.87,DESCEND
1.9909,0.3633,-0.1685,0.2195,0.00561,-0.00629,-0.00050,-5.00,0.00,0.00,9.6,125.55,633.64,292.83,DESCEND
2.0010,0.3833,0.0314,-0.2604,0.01261,-0.01029,0.00249,-5.00,0.00,0.00,9.7,125.55,633.64,292.77,DESCEND
2.0111,0.3033,-0.1485,0.0895,-0.00838,-0.01729,0.00349,-5.00,0.00,0.00,9.7,125.55,633.64,292.71,DESCEND
2.0212,0.1633,0.0714,-0.4304,-0.00438,-0.01329,0.00549,-5.00,0.00,0.00,9.8,125.55,633.64,292.67,DESCEND
2.0313,0.1533,0.0014,-0.0604,0.01361,0.00070,0.00349,-5.00,0.00,0.00,9.8,125.55,633.65,292.61,DESCEND
2.0414,0.0933,0.3914,-0.3204,-0.00638,-0.01429,0.00749,-5.00,0.00,0.00,9.9,125.55,633.65,292.57,DESCEND
2.0515,0.0833,-0.2785,0.1395,0.00561,0.00470,0.00249,-5.00,0.00,0.00,9.9,125.55,633.65,292.51,DESCEND
2.0616,0.1333,-0.1785,-0.0204,-0.01038,-0.00729,0.00349,-5.00,0.00,0.00,10.0,125.55,633.65,292.47,DESCEND
2.0717,0.2033,-0.1385,-0.0404,-0.00338,-0.00329,0.00549,-5.00,0.00,0.00,10.0,125.55,633.65,292.41,DESCEND
2.0818,0.2033,-0.4785,0.3795,-0.01138,0.00070,0.00049,-5.00,0.00,0.00,10.1,125.55,633.65,292.37,DESCEND
2.0919,-0.0066,-0.3585,0.2195,0.01061,0.00370,0.00249,-5.00,0.00,0.00,10.1,125.55,633.66,292.31,DESCEND
2.1020,0.2233,-0.1785,0.0795,-0.01038,-0.01029,-0.00150,-5.00,0.00,0.00,10.2,125.55,633.66,292.27,DESCEND
2.1121,-0.0566,-0.2985,0.2295,0.01761,0.01170,0.00349,-5.00,0.00,0.00,10.2,125.55,633.66,292.22,DESCEND
2.1222,0.1333,-0.0085,0.1995,-0.01038,-0.01129,0.00449,-5.00,0.00,0.00,10.3,125.55,633.66,292.18,DESCEND
2.1323,0.1933,-0.1485,0.1295,0.00761,-0.00129,0.00249,-5.00,0.00,0.00,10.3,125.55,633.66,292.12,DESCEND
2.1424,0.2533,0.1014,-0.0704,-0.01038,-0.00629,0.00349,-5.00,0.00,0.00,10.4,125.55,633.67,292.08,DESCEND
2.1525,0.2633,-0.2285,0.2095,0.00461,-0.00329,0.00749,-5.00,0.00,0.00,10.4,125.55,633.67,292.02,DESCEND
2.1626,0.3333,-0.0885,0.1695,0.00261,-0.00629,0.00249,-5.00,0.00,0.00,10.5,125.55,633.67,291.98,DESCEND
2.1727,0.4433,-0.2185,-0.2904,0.00961,-0.00929,0.00149,-5.00,0.00,0.00,10.5,125.55,633.67,291.92,DESCEND
2.1828,0.0833,-0.0585,-0.0304,-0.01138,-0.00829,0.00549,-5.00,0.00,0.00,10.6,125.55,633.67,291.88,DESCEND
2.1929,0.2333,-0.1285,0.2895,0.00461,-0.01129,0.00449,-5.00,0.00,0.00,10.6,125.55,633.68,291.82,DESCEND
2.2031,0.1133,0.0514,-0.3204,-0.02238,-0.02629,0.00349,-5.00,0.00,0.00,10.7,125.55,633.68,291.76,DESCEND
2.2132,0.2133,-0.2485,0.3595,0.01061,0.00670,0.00149,-5.00,0.00,0.00,10.7,125.55,633.68,291.72,DESCEND
2.2233,0.2533,-0.1785,0.3095,0.01061,0.00270,-0.00150,-5.00,0.00,0.00,10.8,125.55,633.68,291.66,DESCEND
2.2334,0.1233,-0.2285,0.0395,0.01261,0.00970,0.00549,-5.00,0.00,0.00,10.8,125.55,633.68,291.62,DESCEND
2.2435,0.0733,-0.0385,-0.1104,-0.01238,-0.00329,0.00449,-5.00,0.00,0.00,10.9,125.55,633.68,291.56,DESCEND
2.2536,0.0533,-0.0985,0.0895,-0.01438,-0.00129,0.00449,-5.00,0.00,0.00,10.9,125.55,633.69,291.52,DESCEND
2.2637,0.1533,-0.0885,0.0395,0.00561,0.00470,0.00349,-5.00,0.00,0.00,11.0,125.55,633.69,291.46,DESCEND
2.2738,-0.0166,-0.1385,0.2995,-0.00838,0.00170,0.00549,-5.00,0.00,0.00,11.0,125.55,633.69,291.42,DESCEND
2.2839,0.1133,0.1714,0.0595,-0.01738,-0.01329,0.00349,-5.00,0.00,0.00,11.1,125.55,633.69,291.36,DESCEND
2.2940,-0.0966,-0.0985,-0.0304,-0.01638,-0.01129,0.00449,-5.00,0.00,0.00,11.1,125.55,633.69,291.32,DESCEND
2.3041,0.1533,0.3114,-0.2604,0.00361,-0.01229,0.00649,-5.00,0.00,0.00,11.2,125.55,633.70,291.26,DESCEND
2.3142,0.2633,0.1714,-0.0504,-0.00438,-0.01929,0.00749,-5.00,0.00,0.00,11.2,125.55,633.70,291.22,DESCEND
2.3243,0.0233,0.0114,-0.1504,-0.00638,-0.00629,0.00249,-5.00,0.00,0.00,11.3,125.55,633.70,291.16,DESCEND
2.3345,0.0433,-0.0985,0.2595,-0.01538,-0.00029,0.00449,-5.00,0.00,0.00,11.3,125.55,633.70,291.12,DESCEND
2.3446,0.2533,-0.0085,0.1195,0.00761,0.00070,0.00249,-5.00,0.00,0.00,11.4,125.55,633.70,291.06,DESCEND
2.3547,0.2133,-0.1485,-0.1504,0.00361,-0.01129,0.00649,-5.00,0.00,0.00,11.4,125.55,633.70,291.02,DESCEND
2.3648,0.1633,0.0314,-0.1904,0.00761,-0.00929,0.00549,-5.00,0.00,0.00,11.5,125.55,633.71,290.96,DESCEND
2.3749,0.1233,-0.0885,-0.0104,-0.00338,-0.00829,0.00349,-5.00,0.00,0.00,11.5,125.55,633.71,290.90,DESCEND
2.3850,-0.0266,0.1514,-0.0504,-0.00638,-0.01029,0.00749,-5.00,0.00,0.00,11.6,125.55,633.71,290.86,DESCEND
2.3951,0.2533,-0.2385,0.3795,0.00461,-0.00029,0.00149,-5.00,0.00,0.00,11.6,125.55,633.71,290.80,DESCEND
2.4052,0.1433,0.0214,0.1895,-0.00338,-0.01429,0.00549,-5.00,0.00,0.00,11.7,125.55,633.71,290.76,DESCEND
2.4153,0.3033,0.0414,0.0295,0.01861,0.00570,0.00549,-5.00,0.00,0.00,11.7,125.56,633.72,290.70,DESCEND
2.4254,0.0833,0.1414,-0.2004,-0.00338,-0.01029,0.00849,-5.00,0.00,0.00,11.8,125.56,633.72,290.66,DESCEND
2.4355,0.1433,0.0914,0.3495,0.00161,-0.00029,0.00749,-5.00,0.00,0.00,11.8,125.56,633.72,290.60,DESCEND
2.4456,0.3733,-0.1885,0.3495,0.02861,0.00570,0.00049,-5.00,0.00,0.00,11.9,125.56,633.72,290.56,DESCEND
2.4557,0.4133,-0.1385,-0.1304,0.01461,-0.00629,0.00049,-5.00,0.00,0.00,11.9,125.56,633.72,290.50,DESCEND
2.4658,0.3533,-0.0285,0.1595,0.01761,0.00070,0.00349,-5.00,0.00,0.00,12.0,125.56,633.73,290.46,DESCEND
2.4759,0.1533,-0.1685,-0.0104,0.00161,-0.01129,0.00449,-5.00,0.00,0.00,12.0,125.56,633.73,290.40,DESCEND
2.4860,0.1033,0.2114,-0.5304,0.00261,-0.00929,0.00649,-5.00,0.00,0.00,12.1,125.56,633.73,290.36,DESCEND
2.4961,0.2233,0.1814,0.4595,0.01261,0.00470,0.00249,-5.00,0.00,0.00,12.1,125.56,633.73,290.30,DESCEND
2.5062,0.1333,0.2314,-0.3204,-0.00338,-0.00929,0.01149,-5.00,0.00,0.00,12.2,125.56,633.73,290.26,DESCEND
2.5163,0.0833,0.0614,-0.3104,-0.02838,-0.02429,0.00649,-5.00,0.00,0.00,12.2,125.56,633.73,290.20,DESCEND
2.5264,0.1233,0.3214,-0.4104,-0.01338,-0.01629,0.00849,-5.00,0.00,0.00,12.3,125.56,633.74,290.16,DESCEND
2.5365,0.2333,-0.1285,0.2395,-0.00738,-0.00229,0.00049,-5.00,0.00,0.00,12.3,125.56,633.74,290.10,DESCEND
2.5466,0.1233,-0.0885,0.0695,-0.01338,-0.00629,0.00549,-5.00,0.00,0.00,12.4,125.56,633.74,290.06,DESCEND
2.5567,0.1833,-0.1185,-0.1004,0.02061,0.00370,0.00449,-5.00,0.00,0.00,12.4,125.56,633.74,290.00,DESCEND
2.5668,0.1733,0.0414,-0.0704,-0.00738,-0.01529,0.00349,-5.00,0.00,0.00,12.5,125.56,633.74,289.96,DESCEND
2.5769,0.2333,-0.2185,0.1895,-0.00538,-0.00929,0.00249,-5.00,0.00,0.00,12.5,125.56,633.75,289.90,DESCEND
2.5870,0.3033,-0.2385,0.0595,0.00861,-0.00129,0.00249,-5.00,0.00,0.00,12.6,125.56,633.75,289.84,DESCEND
2.5971,0.3433,-0.0885,0.1195,0.00161,-0.01229,0.00449,-5.00,0.00,0.00,12.6,125.56,633.75,289.80,DESCEND
2.6071,0.2033,-0.3785,0.0395,0.00361,-0.01129,-0.00150,-5.00,0.00,0.00,12.7,125.56,633.75,289.74,DESCEND
2.6172,0.1233,-0.1385,0.1995,-0.00538,-0.00829,0.00449,-5.00,0.00,0.00,12.7,125.56,633.75,289.70,DESCEND
2.6273,0.1333,0.2914,0.0195,-0.00938,-0.00629,0.00949,-5.00,0.00,0.00,12.8,125.56,633.76,289.64,DESCEND
2.6375,0.0833,-0.1285,0.3995,0.00461,0.00870,0.00449,-5.00,0.00,0.00,12.8,125.56,633.76,289.60,DESCEND
2.6476,0.1533,-0.0485,0.0995,-0.00038,-0.00029,0.00849,-5.00,0.00,0.00,12.9,125.56,633.76,289.54,DESCEND
2.6577,0.1733,0.3214,-0.3104,-0.01438,-0.01529,0.00649,-5.00,0.00,0.00,12.9,125.56,633.76,289.50,DESCEND
2.6678,0.1133,0.0014,-0.0204,0.00461,-0.00129,0.00349,-5.00,0.00,0.00,13.0,125.56,633.76,289.44,DESCEND
2.6779,0.0833,-0.2185,-0.0604,-0.01338,-0.00229,0.00549,-5.00,0.00,0.00,13.0,125.56,633.76,289.40,DESCEND
2.6880,0.2633,0.2214,-0.0604,0.00661,-0.00729,0.00849,-5.00,0.00,0.00,13.1,125.56,633.77,289.34,DESCEND
2.6981,0.1433,-0.1185,0.3495,0.00161,-0.00829,0.00349,-5.00,0.00,0.00,13.1,125.56,633.77,289.30,DESCEND
2.7082,0.0733,-0.2585,0.0195,-0.00538,-0.00029,0.00149,-5.00,0.00,0.00,13.2,125.56,633.77,289.24,DESCEND
2.7183,0.3633,-0.1385,0.0895,-0.01538,-0.00629,0.00349,-5.00,0.00,0.00,13.2,125.56,633.77,289.20,DESCEND
2.7284,0.0533,0.0314,0.0595,0.00961,0.00270,0.00649,-5.00,0.00,0.00,13.3,125.56,633.77,289.14,DESCEND
2.7385,0.1633,-0.0085,-0.2104,-0.01238,-0.01429,0.00749,-5.00,0.00,0.00,13.3,125.56,633.78,289.10,DESCEND
2.7486,0.3433,-0.0785,-0.0604,-0.00838,-0.01829,0.00249,-5.00,0.00,0.00,13.4,125.56,633.78,289.04,DESCEND
2.7587,0.0933,0.0814,-0.2304,-0.00138,-0.00229,0.00549,-5.00,0.00,0.00,13.4,125.56,633.78,289.00,DESCEND
2.7688,0.0933,-0.0485,-0.1204,-0.00038,-0.00129,0.00449,-5.00,0.00,0.00,13.5,125.56,633.78,288.94,DESCEND
2.7789,0.3133,0.3414,-0.4204,0.00261,-0.01029,0.00849,-5.00,0.00,0.00,13.6,125.56,633.78,288.88,DESCEND
2.7890,0.1433,0.1914,-0.2704,-0.03038,-0.03129,0.00849,-5.00,0.00,0.00,13.6,125.56,633.79,288.84,DESCEND
2.7991,0.1433,0.2414,-0.3704,0.01061,-0.01229,0.00749,-5.00,0.00,0.00,13.7,125.56,633.79,288.78,DESCEND
2.8093,0.1633,0.0114,0.1895,-0.01538,-0.01029,0.00249,-5.00,0.00,0.00,13.7,125.56,633.79,288.74,DESCEND
2.8194,0.2033,-0.1285,0.1495,-0.00538,-0.01129,0.00149,-5.00,0.00,0.00,13.8,125.56,633.79,288.68,DESCEND
2.8295,0.1333,0.3314,-0.3904,-0.01438,-0.01629,0.00549,-5.00,0.00,0.00,13.8,125.56,633.79,288.64,DESCEND
2.8397,0.2333,-0.3985,0.2795,0.00261,-0.00729,0.00349,-5.00,0.00,0.00,13.9,125.56,633.79,288.58,DESCEND
2.8498,0.4033,0.0914,-0.0604,0.01261,-0.01229,0.00649,-5.00,0.00,0.00,13.9,125.56,633.80,288.54,DESCEND
2.8599,0.3933,0.0614,-0.2204,-0.00138,-0.01929,0.00349,-5.00,0.00,0.00,14.0,125.56,633.80,288.48,DESCEND
2.8700,0.2033,0.0514,0.0895,0.01461,0.00670,0.00649,-5.00,0.00,0.00,14.0,125.56,633.80,288.44,DESCEND
2.8801,0.1733,-0.1485,-0.0204,-0.00738,-0.01429,0.00649,-5.00,0.00,0.00,14.1,125.56,633.80,288.38,DESCEND
2.8902,0.2333,-0.0785,-0.1104,-0.00738,-0.00429,0.00749,-5.00,0.00,0.00,14.1,125.56,633.80,288.34,DESCEND
2.9003,-0.0566,-0.1585,0.1495,-0.01438,-0.00329,0.00649,-5.00,0.00,0.00,14.2,125.56,633.81,288.28,DESCEND
2.9104,0.4233,-0.1985,-0.0104,0.00861,0.00070,0.00449,-5.00,0.00,0.00,14.2,125.56,633.81,288.24,DESCEND
2.9204,0.2933,0.1014,-0.2404,0.03461,0.00370,0.00849,-5.00,0.00,0.00,14.3,125.56,633.81,288.18,DESCEND
2.9306,0.3133,-0.0385,-0.2404,0.00861,-0.01029,0.00349,-5.00,0.00,0.00,14.3,125.56,633.81,288.14,DESCEND
2.9407,0.0233,0.1614,-0.3104,-0.01538,-0.01329,0.00649,-5.00,0.00,0.00,14.4,125.56,633.81,288.08,DESCEND
2.9508,0.2333,0.4314,-0.5404,-0.00038,-0.01929,0.01049,-5.00,0.00,0.00,14.4,125.56,633.81,288.04,DESCEND
2.9609,0.2533,-0.3285,-0.0604,0.00761,-0.00729,0.00249,-5.00,0.00,0.00,14.5,125.56,633.82,287.98,DESCEND
2.9710,0.1433,0.2214,0.0095,0.00561,0.00270,0.00349,-5.00,0.00,0.00,14.5,125.56,633.82,287.92,DESCEND
2.9811,-0.0166,0.3414,-0.2504,-0.00738,-0.00929,0.01149,-5.00,0.00,0.00,14.6,125.56,633.82,287.88,DESCEND
2.9912,0.2633,-0.0885,0.1495,0.01561,0.00470,0.00449,-5.00,0.00,0.00,14.6,125.56,633.82,287.82,DESCEND
3.0013,0.2533,-0.1585,0.0295,0.00661,-0.00629,0.00649,-5.00,0.00,0.00,14.7,125.56,633.82,287.78,DESCEND
3.0114,0.2233,-0.1685,0.3395,0.01961,0.00470,0.00349,-5.00,0.00,0.00,14.7,125.56,633.83,287.72,DESCEND
3.0215,0.1433,0.1314,-0.2804,-0.00938,-0.01829,0.00649,-5.00,0.00,0.00,14.8,125.56,633.83,287.68,DESCEND
3.0316,0.1733,-0.0885,0.1595,-0.00538,-0.00429,0.00449,-5.00,0.00,0.00,14.8,125.56,633.83,287.62,DESCEND
3.0417,0.3533,-0.2585,0.1295,0.01461,-0.00229,0.00449,-5.00,0.00,0.00,14.9,125.56,633.83,287.58,DESCEND
3.0518,0.0833,0.2014,-0.2104,0.00361,-0.00729,0.00649,-5.00,0.00,0.00,14.9,125.57,633.83,287.52,DESCEND
3.0619,0.2533,-0.2185,0.1895,-0.00438,-0.00229,0.00449,-5.00,0.00,0.00,15.0,125.57,633.84,287.48,DESCEND
3.0721,0.1733,0.0214,-0.1304,0.00261,-0.01029,0.00749,-5.00,0.00,0.00,15.0,125.57,633.84,287.42,DESCEND
3.0822,0.0833,-0.0985,0.3395,-0.00938,0.00570,0.00449,-5.00,0.00,0.00,15.1,125.57,633.84,287.38,DESCEND
3.0923,0.3333,0.1314,-0.4304,0.01161,-0.01329,0.00349,-5.00,0.00,0.00,15.1,125.57,633.84,287.32,DESCEND
3.1024,0.3533,-0.5885,0.6995,0.02761,0.01470,0.00349,-5.00,0.00,0.00,15.2,125.57,633.84,287.28,DESCEND
3.1125,0.3433,-0.3085,0.1195,0.00661,-0.01029,0.00549,-5.00,0.00,0.00,15.2,125.57,633.84,287.22,DESCEND
3.1226,0.4833,-0.0285,-0.2304,0.00461,-0.01229,0.00749,-5.00,0.00,0.00,15.3,125.57,633.85,287.18,DESCEND
3.1327,0.2933,-0.0885,0.0295,0.00761,-0.00529,0.00749,-5.00,0.00,0.00,15.3,125.57,633.85,287.12,DESCEND
3.1428,0.1633,0.2114,-0.2104,-0.01938,-0.01929,0.00749,-5.00,0.00,0.00,15.4,125.57,633.85,287.06,DESCEND
3.1529,0.1133,-0.0785,-0.2004,-0.00438,-0.00629,0.00549,-5.00,0.00,0.00,15.4,125.57,633.85,287.02,DESCEND
3.1630,0.2233,0.0114,-0.1104,-0.01138,-0.01829,0.00449,-5.00,0.00,0.00,15.5,125.57,633.85,286.96,DESCEND
3.1731,0.2033,0.1314,-0.2404,-0.01538,-0.01629,0.00849,-5.00,0.00,0.00,15.5,125.57,633.86,286.92,DESCEND
3.1832,-0.0566,0.0914,-0.1604,-0.02338,-0.01429,0.00649,-5.00,0.00,0.00,15.6,125.57,633.86,286.86,DESCEND
3.1933,0.3233,0.2114,-0.2104,0.01561,-0.00629,0.00849,-5.00,0.00,0.00,15.6,125.57,633.86,286.82,DESCEND
3.2035,0.1733,-0.2585,0.1895,-0.00738,-0.00729,0.00449,-5.00,0.00,0.00,15.7,125.57,633.86,286.76,DESCEND
3.2135,0.3333,0.1814,-0.3704,0.02761,-0.00429,0.00349,-5.00,0.00,0.00,15.7,125.57,633.86,286.72,DESCEND
3.2236,0.3533,0.0414,0.1395,0.01261,-0.00529,0.00249,-5.00,0.00,0.00,15.8,125.57,633.87,286.66,DESCEND
3.2337,0.1533,0.3714,-0.0404,0.00261,-0.00329,0.00949,-5.00,0.00,0.00,15.8,125.57,633.87,286.62,DESCEND
3.2438,0.3233,-0.3885,0.2095,0.01861,0.00670,0.00449,-5.00,0.00,0.00,15.9,125.57,633.87,286.56,DESCEND
3.2539,0.1133,0.1214,-0.4404,-0.01338,-0.01829,0.00749,-5.00,0.00,0.00,15.9,125.57,633.87,286.52,DESCEND
3.2640,0.0533,0.3014,-0.4804,-0.00538,-0.01129,0.01049,-5.00,0.00,0.00,16.0,125.57,633.87,286.46,DESCEND
3.2741,0.1733,0.1314,-0.2104,0.00961,-0.00229,0.00749,-5.00,0.00,0.00,16.0,125.57,633.87,286.42,DESCEND
3.2842,0.3433,0.0014,-0.0004,0.00961,-0.01329,0.00549,-5.00,0.00,0.00,16.1,125.57,633.88,286.36,DESCEND
3.2943,0.1533,-0.1985,0.3895,-0.00738,-0.00129,0.00149,-5.00,0.00,0.00,16.1,125.57,633.88,286.32,DESCEND
3.3045,0.2733,-0.0785,0.2195,-0.01738,-0.01129,0.00249,-5.00,0.00,0.00,16.2,125.57,633.88,286.26,DESCEND
3.3146,0.3833,-0.0585,0.0595,0.01061,-0.01229,0.00549,-5.00,0.00,0.00,16.2,125.57,633.88,286.22,DESCEND
3.3247,0.1333,0.3614,-0.5004,0.00461,-0.00929,0.00849,-5.00,0.00,0.00,16.3,125.57,633.88,286.16,DESCEND
3.3348,0.0333,0.3214,-0.2404,-0.00238,-0.00529,0.00849,-5.00,0.00,0.00,16.3,125.57,633.89,286.12,DESCEND
3.3449,0.2833,0.0314,-0.1304,-0.00038,-0.00929,0.00549,-5.00,0.00,0.00,16.4,125.57,633.89,286.06,DESCEND
3.3550,0.3033,-0.1885,-0.1804,0.00761,-0.00429,0.00549,-5.00,0.00,0.00,16.4,125.57,633.89,286.00,DESCEND
3.3651,0.2433,-0.0785,-0.1304,0.00761,-0.00729,0.00449,-5.00,0.00,0.00,16.5,125.57,633.89,285.96,DESCEND
3.3752,0.5633,-0.2385,0.0395,0.01261,-0.00829,0.00549,-5.00,0.00,0.00,16.5,125.57,633.89,285.90,DESCEND
3.3853,0.2633,0.0014,0.1695,-0.00038,-0.00329,0.00549,-5.00,0.00,0.00,16.6,125.57,633.90,285.86,DESCEND
3.3955,0.0133,-0.2985,0.1295,-0.00538,-0.00029,0.00349,-5.00,0.00,0.00,16.6,125.57,633.90,285.80,DESCEND
3.4056,0.1833,-0.0585,0.1195,0.00061,-0.00729,0.00449,-5.00,0.00,0.00,16.7,125.57,633.90,285.76,DESCEND
3.4157,0.2433,-0.1685,0.1395,0.00361,-0.00229,0.00549,-5.00,0.00,0.00,16.7,125.57,633.90,285.70,DESCEND
3.4258,0.1833,0.1514,-0.3704,0.00961,-0.00229,0.00149,-5.00,0.00,0.00,16.8,125.57,633.90,285.66,DESCEND
3.4359,0.1033,-0.0285,0.0895,-0.01138,-0.00629,0.00249,-5.00,0.00,0.00,16.8,125.57,633.90,285.60,DESCEND
3.4460,0.2933,0.2114,-0.2004,0.01361,0.00070,0.00749,-5.00,0.00,0.00,16.9,125.57,633.91,285.56,DESCEND
3.4561,0.2933,-0.2685,0.1395,-0.00438,-0.01429,-0.00150,-5.00,0.00,0.00,16.9,125.57,633.91,285.50,DESCEND
3.4662,0.2633,-0.1885,-0.0804,-0.00038,-0.01229,0.00449,-5.00,0.00,0.00,17.0,125.57,633.91,285.46,DESCEND
3.4763,-0.0866,0.1714,-0.5004,0.00961,0.00370,0.01049,-5.00,0.00,0.00,17.0,125.57,633.91,285.40,DESCEND
3.4864,0.0033,-0.1485,0.0595,-0.01638,-0.01829,0.00249,-5.00,0.00,0.00,17.1,125.57,633.91,285.36,DESCEND
3.4964,0.1033,-0.0785,0.0595,-0.00638,-0.01729,0.00749,-5.00,0.00,0.00,17.1,125.57,633.92,285.30,DESCEND
3.5065,0.1133,-0.0585,0.0195,-0.00038,-0.00429,0.00349,-5.00,0.00,0.00,17.2,125.57,633.92,285.26,DESCEND
3.5166,0.1033,0.3714,-0.3504,-0.00638,-0.00929,0.00749,-5.00,0.00,0.00,17.2,125.57,633.92,285.20,DESCEND
3.5267,0.2833,0.1014,-0.0304,0.00461,-0.00629,0.00649,-5.00,0.00,0.00,17.3,125.57,633.92,285.16,DESCEND
3.5369,0.0633,-0.0585,0.1695,-0.01638,-0.00829,0.00549,-5.00,0.00,0.00,17.3,125.57,633.92,285.10,DESCEND
3.5469,0.4233,-0.2685,-0.0004,-0.00338,-0.01329,0.00149,-5.00,0.00,0.00,17.4,125.57,633.93,285.04,DESCEND
3.5570,-0.0066,0.2914,-0.2204,0.00261,0.00570,0.00849,-5.00,0.00,0.00,17.4,125.57,633.93,285.00,DESCEND
3.5671,0.2633,-0.0085,0.0095,0.00861,-0.00129,0.00449,-5.00,0.00,0.00,17.5,125.57,633.93,284.94,DESCEND
3.5772,0.3033,0.2014,-0.1104,0.00761,-0.00529,0.00949,-5.00,0.00,0.00,17.5,125.57,633.93,284.90,DESCEND
3.5873,0.0433,0.0914,0.1095,-0.00538,0.00270,0.00649,-5.00,0.00,0.00,17.6,125.57,633.93,284.84,DESCEND
3.5974,0.0233,-0.2885,0.3395,-0.00438,-0.00529,0.00549,-5.00,0.00,0.00,17.6,125.57,633.93,284.80,DESCEND
3.6075,0.2833,0.1114,-0.0204,0.00461,-0.00529,0.00349,-5.00,0.00,0.00,17.7,125.57,633.94,284.74,DESCEND
3.6176,0.2233,0.1214,-0.2604,-0.00438,-0.00829,0.00849,-5.00,0.00,0.00,17.7,125.57,633.94,284.70,DESCEND
3.6277,0.2633,0.3114,-0.1704,0.00661,-0.00829,0.00849,-5.00,0.00,0.00,17.8,125.57,633.94,284.64,DESCEND
3.6378,0.1133,0.2114,0.1495,-0.00538,-0.00629,0.00549,-5.00,0.00,0.00,17.8,125.57,633.94,284.60,DESCEND
3.6479,0.0533,0.0414,-0.0404,-0.00838,-0.00729,0.00649,-5.00,0.00,0.00,17.9,125.57,633.94,284.54,DESCEND
3.6580,0.3133,0.0014,-0.1204,0.00961,-0.00029,0.00549,-5.00,0.00,0.00,17.9,125.57,633.95,284.50,DESCEND
3.6681,0.0933,0.0114,0.1395,0.01261,0.00270,0.00549,-5.00,0.00,0.00,18.0,125.57,633.95,284.44,DESCEND
3.6782,0.2333,-0.1785,-0.0404,0.01261,-0.00329,0.00649,-5.00,0.00,0.00,18.0,125.57,633.95,284.40,DESCEND
3.6883,0.0833,0.1214,0.3595,-0.02138,-0.00729,0.00449,-5.00,0.00,0.00,18.1,125.57,633.95,284.34,DESCEND
3.6985,0.2333,-0.3485,0.4295,0.00061,-0.00529,0.00449,-5.00,0.00,0.00,18.1,125.58,633.95,284.30,DESCEND
3.7086,0.0733,0.0714,-0.0404,-0.00538,-0.00329,0.00649,-5.00,0.00,0.00,18.2,125.58,633.95,284.24,DESCEND
3.7187,0.1333,-0.1185,0.3295,0.00861,0.00570,0.00349,-5.00,0.00,0.00,18.2,125.58,633.96,284.20,DESCEND
3.7288,0.2533,0.3514,-0.3404,-0.00638,-0.01429,0.00949,-5.00,0.00,0.00,18.3,125.58,633.96,284.14,DESCEND
3.7389,0.1933,0.2614,-0.2804,-0.00038,-0.01329,0.00849,-5.00,0.00,0.00,18.4,125.58,633.96,284.08,DESCEND
3.7490,0.2333,-0.0185,-0.0404,-0.00738,-0.01929,0.00549,-5.00,0.00,0.00,18.4,125.58,633.96,284.04,DESCEND
3.7591,0.2133,0.2514,0.0195,-0.00438,-0.00729,0.00649,-5.00,0.00,0.00,18.5,125.58,633.96,283.98,DESCEND
3.7692,0.1133,-0.0285,0.2295,-0.00238,-0.00129,0.00649,-5.00,0.00,0.00,18.5,125.58,633.97,283.94,DESCEND
3.7793,0.1833,-0.1085,0.0895,-0.00738,-0.00529,0.00449,-5.00,0.00,0.00,18.6,125.58,633.97,283.88,DESCEND
3.7894,0.1533,0.0214,0.1695,0.00861,0.00870,0.00349,-5.00,0.00,0.00,18.6,125.58,633.97,283.84,DESCEND
3.7995,0.0433,0.0014,-0.0904,-0.00438,-0.00029,0.00549,-5.00,0.00,0.00,18.7,125.58,633.97,283.78,DESCEND
3.8097,0.1933,0.1214,0.1595,-0.00338,0.00170,0.01049,-5.00,0.00,0.00,18.7,125.58,633.97,283.74,DESCEND
3.8198,0.0933,-0.0685,0.1495,0.00461,-0.00529,0.00649,-5.00,0.00,0.00,18.8,125.58,633.98,283.68,DESCEND
3.8298,0.3133,0.0714,0.1295,0.00061,-0.01029,0.00349,-5.00,0.00,0.00,18.8,125.58,633.98,283.64,DESCEND
3.8399,0.0233,0.1014,-0.0504,-0.00238,-0.00829,0.00749,-5.00,0.00,0.00,18.9,125.58,633.98,283.58,DESCEND
3.8500,0.3433,-0.1485,0.0395,-0.01138,-0.01929,0.00149,-5.00,0.00,0.00,18.9,125.58,633.98,283.54,DESCEND
3.8601,0.3133,0.0914,0.0395,0.00361,-0.01629,0.00849,-5.00,0.00,0.00,19.0,125.58,633.98,283.48,DESCEND
3.8702,0.2233,0.0914,-0.1504,-0.00338,-0.01229,0.00749,-5.00,0.00,0.00,19.0,125.58,633.98,283.44,DESCEND
3.8803,0.1733,-0.0685,0.1195,-0.00338,-0.00529,0.00849,-5.00,0.00,0.00,19.1,125.58,633.99,283.38,DESCEND
3.8904,0.2633,0.2514,-0.2504,-0.00238,-0.01529,0.00749,-5.00,0.00,0.00,19.1,125.58,633.99,283.34,DESCEND
3.9005,0.3533,0.0114,0.0795,0.01361,-0.01429,0.00549,-5.00,0.00,0.00,19.2,125.58,633.99,283.28,DESCEND
3.9106,0.0933,-0.1185,0.0995,0.00261,-0.00429,0.00249,-5.00,0.00,0.00,19.2,125.58,633.99,283.24,DESCEND
3.9207,0.2333,-0.0485,0.1595,-0.00738,-0.01329,0.00749,-5.00,0.00,0.00,19.3,125.58,633.99,283.18,DESCEND
3.9308,0.1333,0.0214,-0.0704,-0.00738,-0.01029,0.00749,-5.00,0.00,0.00,19.3,125.58,634.00,283.14,DESCEND
3.9409,0.3733,0.1114,-0.2004,0.01261,-0.01029,0.00949,-5.00,0.00,0.00,19.4,125.58,634.00,283.08,DESCEND
3.9510,0.1733,-0.3385,0.4595,0.01461,-0.00029,0.00449,-5.00,0.00,0.00,19.4,125.58,634.00,283.02,DESCEND
3.9611,0.2633,-0.0585,0.2095,-0.00638,-0.00229,0.00849,-5.00,0.00,0.00,19.5,125.58,634.00,282.98,DESCEND
3.9712,0.1433,-0.1285,0.0795,0.01661,0.00970,0.00449,-5.00,0.00,0.00,19.5,125.58,634.00,282.92,DESCEND
3.9813,0.1433,-0.1385,0.2095,0.01661,0.00470,0.00449,-5.00,0.00,0.00,19.6,125.58,634.01,282.88,DESCEND
3.9914,0.0533,0.3614,-0.3004,-0.00638,-0.01029,0.00849,-5.00,0.00,0.00,19.6,125.58,634.01,282.82,DESCEND
4.0015,0.0133,0.0714,0.1395,-0.00338,0.00370,0.00949,-5.00,0.00,0.00,19.7,125.58,634.01,282.78,DESCEND
4.0116,0.1733,0.3214,-0.2904,-0.01838,-0.01929,0.00949,-5.00,0.00,0.00,19.7,125.58,634.01,282.72,DESCEND
4.0217,0.2433,-0.3085,0.0595,0.00661,-0.01429,0.00449,-5.00,0.00,0.00,19.8,125.58,634.01,282.68,DESCEND
4.0318,0.1033,0.0114,-0.2304,-0.02638,-0.01629,0.00449,-5.00,0.00,0.00,19.8,125.58,634.01,282.62,DESCEND
4.0420,0.0833,-0.1985,0.1395,0.01561,0.00870,0.00549,-5.00,0.00,0.00,19.9,125.58,634.02,282.58,DESCEND
4.0521,0.0233,0.0514,-0.1204,-0.00338,-0.00529,0.00949,-5.00,0.00,0.00,19.9,125.58,634.02,282.52,DESCEND
4.0622,0.2933,-0.1585,0.2795,0.01761,0.00270,0.00149,-5.00,0.00,0.00,20.0,125.58,634.02,282.48,DESCEND
4.0723,0.2333,-0.1185,-0.0604,0.00461,-0.00729,0.00549,-5.00,0.00,0.00,20.0,125.58,634.02,282.42,DESCEND
4.0824,0.1733,0.0014,-0.1804,-0.00638,-0.01829,0.00849,-5.00,0.00,0.00,20.1,125.58,634.02,282.38,DESCEND
4.0925,0.1033,-0.0185,-0.0904,0.00061,-0.00929,0.00549,-5.00,0.00,0.00,20.1,125.58,634.03,282.32,DESCEND
4.1026,0.3033,-0.1485,-0.1904,0.00861,-0.01129,0.00349,-5.00,0.00,0.00,20.2,125.58,634.03,282.28,DESCEND
4.1127,-0.0466,0.1714,-0.0004,-0.01138,-0.00029,0.00749,-5.00,0.00,0.00,20.2,125.58,634.03,282.22,DESCEND
4.1228,0.1733,-0.3785,0.5095,0.01161,0.01070,0.00349,-5.00,0.00,0.00,20.3,125.58,634.03,282.18,DESCEND
4.1329,0.2633,-0.2885,0.2795,-0.02338,-0.01229,0.00449,-5.00,0.00,0.00,20.3,125.58,634.03,282.12,DESCEND
4.1430,0.2333,-0.1985,0.0595,-0.00238,-0.00329,0.00449,-5.00,0.00,0.00,20.4,125.58,634.04,282.06,DESCEND
4.1530,0.2833,-0.2385,0.2795,0.00561,0.00970,0.00449,-5.00,0.00,0.00,20.4,125.58,634.04,282.02,DESCEND
4.1631,0.0433,-0.0185,0.2095,-0.00238,-0.00029,0.00749,-5.00,0.00,0.00,20.5,125.58,634.04,281.96,DESCEND
4.1732,0.0133,-0.2185,0.2895,-0.00638,0.00470,0.00449,-5.00,0.00,0.00,20.5,125.58,634.04,281.92,DESCEND
4.1833,0.3233,-0.0985,-0.0704,0.00861,-0.00729,0.00749,-5.00,0.00,0.00,20.6,125.58,634.04,281.86,DESCEND
4.1934,0.3333,-0.2185,-0.0304,0.02461,0.00870,0.00649,-5.00,0.00,0.00,20.6,125.58,634.04,281.82,DESCEND
4.2035,0.3733,-0.2085,-0.1604,0.01761,-0.01429,0.00749,-5.00,0.00,0.00,20.7,125.58,634.05,281.76,DESCEND
4.2136,0.2033,-0.0385,-0.1404,0.02061,0.00170,0.00349,-5.00,0.00,0.00,20.7,125.58,634.05,281.72,DESCEND
4.2237,0.2033,0.2114,-0.4204,-0.00938,-0.01729,0.00749,-5.00,0.00,0.00,20.8,125.58,634.05,281.66,DESCEND
4.2338,0.1333,0.0814,0.0895,0.00961,-0.00029,0.01249,-5.00,0.00,0.00,20.8,125.58,634.05,281.62,DESCEND
4.2439,0.2233,-0.4185,0.4495,-0.02238,-0.01129,0.00049,-5.00,0.00,0.00,20.9,125.58,634.05,281.57,DESCEND
4.2540,0.0633,-0.2485,-0.0304,-0.00638,-0.00029,0.00849,-5.00,0.00,0.00,20.9,125.58,634.06,281.53,DESCEND
4.2641,0.2533,-0.4385,0.5795,0.01261,0.00970,0.00349,-5.00,0.00,0.00,21.0,125.58,634.06,281.47,DESCEND
4.2742,0.1033,0.1414,-0.1904,-0.01138,-0.00529,0.01049,-5.00,0.00,0.00,21.0,125.58,634.06,281.43,DESCEND
4.2843,0.3233,0.0214,-0.2504,0.01661,-0.00229,0.00749,-5.00,0.00,0.00,21.1,125.58,634.06,281.37,DESCEND
4.2944,0.1833,0.1114,-0.1904,0.00861,-0.00129,0.00649,-5.00,0.00,0.00,21.1,125.58,634.06,281.33,DESCEND
4.3045,0.3933,-0.0085,0.0295,0.02361,-0.00029,0.00649,-5.00,0.00,0.00,21.2,125.58,634.07,281.27,DESCEND
4.3146,0.0633,0.0314,-0.2204,-0.01538,-0.01929,0.00749,-5.00,0.00,0.00,21.2,125.58,634.07,281.23,DESCEND
4.3247,0.3733,0.3414,-0.2704,0.01061,-0.01129,0.00749,-5.00,0.00,0.00,21.3,125.58,634.07,281.17,DESCEND
4.3348,0.1633,0.1614,-0.1404,0.00561,-0.00029,0.00749,-5.00,0.00,0.00,21.3,125.58,634.07,281.13,DESCEND
4.3449,0.1333,-0.0685,0.1395,-0.00238,0.00170,0.00549,-5.00,0.00,0.00,21.4,125.58,634.07,281.07,DESCEND
4.3550,0.1933,0.2414,-0.3404,-0.00338,-0.01829,0.00549,-5.00,0.00,0.00,21.4,125.59,634.07,281.01,DESCEND
4.3651,0.1833,0.0914,-0.0804,0.00961,-0.00629,0.00849,-5.00,0.00,0.00,21.5,125.59,634.08,280.97,DESCEND
4.3752,0.1433,0.3014,-0.2704,0.00361,-0.01929,0.01449,-5.00,0.00,0.00,21.5,125.59,634.08,280.91,DESCEND
4.3853,0.1733,0.2814,-0.4604,-0.00138,-0.01829,0.00649,-5.00,0.00,0.00,21.6,125.59,634.08,280.87,DESCEND
4.3954,0.2633,0.2314,-0.4304,0.01661,-0.00729,0.00749,-5.00,0.00,0.00,21.6,125.59,634.08,280.81,DESCEND
4.4056,0.2633,-0.2085,0.1895,-0.00438,0.00770,0.00349,-5.00,0.00,0.00,21.7,125.59,634.08,280.77,DESCEND
4.4157,0.2133,-0.1985,-0.0404,-0.00338,-0.01029,0.00549,-5.00,0.00,0.00,21.7,125.59,634.09,280.71,DESCEND
4.4258,0.2733,0.0814,0.0095,0.00861,0.00170,0.00749,-5.00,0.00,0.00,21.8,125.59,634.09,280.67,DESCEND
4.4359,0.3733,-0.0785,0.1195,0.00661,-0.01029,0.00649,-5.00,0.00,0.00,21.8,125.59,634.09,280.61,DESCEND
4.4460,0.2333,0.3114,-0.2804,0.01361,-0.01529,0.00749,-5.00,0.00,0.00,21.9,125.59,634.09,280.57,DESCEND
4.4560,0.2333,-0.0585,0.2095,0.01461,0.00270,0.00549,-5.00,0.00,0.00,21.9,125.59,634.09,280.51,DESCEND
4.4662,0.0533,0.1014,0.0295,-0.00938,-0.00629,0.01149,-5.00,0.00,0.00,22.0,125.59,634.09,280.47,DESCEND
4.4763,0.1533,-0.5485,0.3495,-0.00638,-0.00329,0.00049,-5.00,0.00,0.00,22.0,125.59,634.10,280.41,DESCEND
4.4864,0.1433,-0.0285,0.0895,-0.00138,-0.00629,0.00949,-5.00,0.00,0.00,22.1,125.59,634.10,280.37,DESCEND
4.4966,0.0233,-0.0185,-0.1504,-0.01238,-0.01229,0.00549,-5.00,0.00,0.00,22.1,125.59,634.10,280.31,DESCEND
4.5067,-0.0166,-0.0385,0.0395,-0.00438,-0.00729,0.00449,-5.00,0.00,0.00,22.2,125.59,634.10,280.27,DESCEND
4.5168,0.3033,-0.4485,0.3195,-0.00838,-0.00529,0.00449,-5.00,0.00,0.00,22.2,125.59,634.10,280.21,DESCEND
4.5269,0.1933,0.2314,-0.0704,-0.00438,-0.00929,0.00749,-5.00,0.00,0.00,22.3,125.59,634.11,280.17,DESCEND
4.5370,0.1933,0.1514,0.0895,0.01061,0.00670,0.00549,-5.00,0.00,0.00,22.3,125.59,634.11,280.11,DESCEND
4.5470,0.3733,0.4414,-0.1604,0.00061,0.00270,0.00849,-5.00,0.00,0.00,22.4,125.59,634.11,280.05,DESCEND
4.5572,0.1233,-0.3585,0.1995,0.00861,0.00470,0.00449,-5.00,0.00,0.00,22.4,125.59,634.11,280.01,DESCEND
4.5673,0.0933,-0.0485,0.2095,0.00461,-0.00629,0.00649,-5.00,0.00,0.00,22.5,125.59,634.11,279.95,DESCEND
4.5774,0.1433,0.0014,-0.4004,-0.01138,-0.02129,0.00749,-5.00,0.00,0.00,22.5,125.59,634.12,279.91,DESCEND
4.5875,0.2533,0.1814,-0.4404,0.01561,-0.01329,0.01149,-5.00,0.00,0.00,22.6,125.59,634.12,279.85,DESCEND
4.5976,0.0533,0.2614,-0.2104,-0.00038,-0.00829,0.01449,-5.00,0.00,0.00,22.6,125.59,634.12,279.81,DESCEND
4.6077,0.3133,-0.0985,-0.1004,-0.00438,-0.01029,0.00649,-5.00,0.00,0.00,22.7,125.59,634.12,279.75,DESCEND
4.6178,0.2933,0.2714,0.1395,0.01261,-0.00229,0.00649,-5.00,0.00,0.00,22.7,125.59,634.12,279.71,DESCEND
4.6279,0.1833,0.0114,0.0895,-0.00238,-0.00229,0.01149,-5.00,0.00,0.00,22.8,125.59,634.12,279.65,DESCEND
4.6380,-0.0766,0.4714,-0.2804,-0.01738,-0.01629,0.00949,-5.00,0.00,0.00,22.8,125.59,634.13,279.61,DESCEND
4.6481,0.1633,0.5214,-0.0304,-0.00238,0.00370,0.00949,-5.00,0.00,0.00,22.9,125.59,634.13,279.55,DESCEND
4.6582,0.1333,0.0714,0.0095,-0.02138,-0.01229,0.00849,-5.00,0.00,0.00,22.9,125.59,634.13,279.51,DESCEND
4.6684,0.0533,-0.0885,0.1195,-0.01138,-0.00029,0.00649,-5.00,0.00,0.00,23.0,125.59,634.13,279.45,DESCEND
4.6785,0.1033,0.3414,-0.1104,-0.01738,-0.01529,0.00849,-5.00,0.00,0.00,23.0,125.59,634.13,279.41,DESCEND
4.6886,0.2533,-0.2485,0.6095,0.01261,0.01070,0.00449,-5.00,0.00,0.00,23.1,125.59,634.14,279.35,DESCEND
4.6987,0.1733,0.2014,-0.4404,-0.01738,-0.02929,0.01149,-5.00,0.00,0.00,23.1,125.59,634.14,279.31,DESCEND
4.7088,0.1933,-0.0485,0.1795,0.01161,0.00270,0.00649,-5.00,0.00,0.00,23.2,125.59,634.14,279.25,DESCEND
4.7189,0.1733,-0.2285,0.3195,-0.00038,0.00370,0.00049,-5.00,0.00,0.00,23.3,125.59,634.14,279.19,DESCEND
4.7290,0.3933,-0.0485,-0.0804,0.02461,-0.00929,0.00649,-5.00,0.00,0.00,23.3,125.59,634.14,279.15,DESCEND
4.7392,-0.0466,0.0414,0.0895,-0.01338,-0.00829,0.00949,-5.00,0.00,0.00,23.4,125.59,634.15,279.09,DESCEND
4.7493,0.1633,0.1814,0.0895,0.00061,-0.01029,0.00949,-5.00,0.00,0.00,23.4,125.59,634.15,279.05,DESCEND
4.7594,0.1533,0.0814,-0.0304,-0.00338,-0.00529,0.00749,-5.00,0.00,0.00,23.5,125.59,634.15,278.99,DESCEND
4.7694,0.1533,0.0814,-0.1404,-0.00538,-0.01129,0.00949,-5.00,0.00,0.00,23.5,125.59,634.15,278.95,DESCEND
4.7795,0.1533,-0.1385,-0.0404,0.00261,-0.00429,0.00449,-5.00,0.00,0.00,23.6,125.59,634.15,278.89,DESCEND
4.7896,0.2733,-0.0085,-0.1104,-0.00238,-0.01129,0.00549,-5.00,0.00,0.00,23.6,125.59,634.15,278.85,DESCEND
4.7998,0.1633,0.3014,-0.3604,0.00161,-0.00929,0.01149,-5.00,0.00,0.00,23.7,125.59,634.16,278.79,DESCEND
4.8099,0.2533,0.4014,-0.1904,0.00161,-0.01329,0.00949,-5.00,0.00,0.00,23.7,125.59,634.16,278.75,DESCEND
4.8200,-0.0566,-0.1285,0.1495,-0.01738,-0.00429,0.00949,-5.00,0.00,0.00,23.8,125.59,634.16,278.69,DESCEND
4.8301,0.1933,-0.2285,0.1095,-0.01738,-0.01129,0.00549,-5.00,0.00,0.00,23.8,125.59,634.16,278.65,DESCEND
4.8402,0.1933,0.2014,-0.2404,0.00561,-0.00529,0.00849,-5.00,0.00,0.00,23.9,125.59,634.16,278.59,DESCEND
4.8503,0.1633,0.0614,0.1695,0.00161,-0.00329,0.00849,-5.00,0.00,0.00,23.9,125.59,634.17,278.55,DESCEND
4.8604,0.2333,-0.0385,-0.1204,0.01761,0.00870,0.00649,-5.00,0.00,0.00,24.0,125.59,634.17,278.49,DESCEND
4.8705,0.3133,-0.2185,0.2495,0.01961,0.00070,0.00649,-5.00,0.00,0.00,24.0,125.59,634.17,278.45,DESCEND
4.8806,0.2033,0.0914,-0.1204,0.00061,-0.00329,0.00849,-5.00,0.00,0.00,24.1,125.59,634.17,278.39,DESCEND
4.8907,0.3733,-0.1385,0.1295,0.00461,-0.01429,0.00749,-5.00,0.00,0.00,24.1,125.59,634.17,278.35,DESCEND
4.9008,0.0333,-0.1185,0.0095,-0.00738,-0.00029,0.00449,-5.00,0.00,0.00,24.2,125.59,634.18,278.29,DESCEND
4.9109,0.1733,-0.2485,0.1995,-0.00638,-0.01029,0.00249,-5.00,0.00,0.00,24.2,125.59,634.18,278.23,DESCEND
4.9210,0.3333,0.0314,-0.2004,-0.00838,-0.01529,0.00449,-5.00,0.00,0.00,24.3,125.59,634.18,278.19,DESCEND
4.9311,0.2133,-0.0385,-0.0004,-0.00638,-0.00729,0.00749,-5.00,0.00,0.00,24.3,125.59,634.18,278.13,DESCEND
4.9412,0.1933,0.1614,0.1495,0.00161,-0.00729,0.00949,-5.00,0.00,0.00,24.4,125.59,634.18,278.09,DESCEND
4.9513,0.1433,-0.1285,0.1795,0.01261,0.00870,0.00349,-5.00,0.00,0.00,24.4,125.59,634.18,278.03,DESCEND
4.9615,0.4033,0.0314,0.2395,0.01061,-0.00029,0.00649,-5.00,0.00,0.00,24.5,125.59,634.19,277.99,DESCEND
4.9716,0.3933,-0.1685,0.1795,0.02561,-0.00229,0.00549,-5.00,0.00,0.00,24.5,125.59,634.19,277.93,DESCEND
4.9816,0.1033,0.0614,0.3095,-0.00338,-0.00229,0.00749,-5.00,0.00,0.00,24.6,125.59,634.19,277.89,DESCEND
4.9917,0.3133,-0.2285,0.0295,0.02661,0.00370,0.00849,-5.00,0.00,0.00,24.6,125.59,634.19,277.83,DESCEND
5.0018,0.2333,-0.0785,0.2295,0.00861,0.00370,0.00649,-5.00,0.00,0.00,24.7,125.59,634.19,277.79,DESCEND
5.0119,0.2733,-0.0185,0.0595,0.01361,0.00170,0.00649,-5.00,0.00,0.00,24.7,125.59,634.20,277.73,DESCEND
5.0221,0.0933,0.3314,-0.2404,-0.00238,-0.01029,0.01049,-5.00,0.00,0.00,24.8,125.59,634.20,277.69,DESCEND
5.0322,0.1933,-0.0085,0.1595,0.00561,-0.00829,0.00949,-5.00,0.00,0.00,24.8,125.60,634.20,277.63,DESCEND
5.0423,0.2833,0.0714,0.2595,0.01761,0.00570,0.00649,-5.00,0.00,0.00,24.9,125.60,634.20,277.59,DESCEND
5.0524,0.1833,0.2014,0.1395,-0.00938,-0.00029,0.00749,-5.00,0.00,0.00,24.9,125.60,634.20,277.53,DESCEND
5.0624,0.1233,-0.0585,0.2595,-0.00938,-0.00329,0.00849,-5.00,0.00,0.00,25.0,125.60,634.20,277.49,DESCEND
5.0726,0.0633,0.0114,0.0795,-0.00138,-0.00729,0.00549,-5.00,0.00,0.00,25.0,125.60,634.21,277.43,DESCEND
5.0827,0.2033,0.0714,-0.2404,-0.01138,-0.01829,0.00549,-5.00,0.00,0.00,25.1,125.60,634.21,277.39,DESCEND
5.0928,0.3033,0.2714,-0.1404,0.00761,-0.00829,0.00949,-5.00,0.00,0.00,25.1,125.60,634.21,277.33,DESCEND
5.1029,0.1633,0.1014,-0.4104,-0.00538,-0.01529,0.01049,-5.00,0.00,0.00,25.2,125.60,634.21,277.29,DESCEND
5.1130,0.2033,0.0014,-0.0104,-0.01238,-0.00829,0.00949,-5.00,0.00,0.00,25.2,125.60,634.21,277.23,DESCEND
5.1230,0.2433,0.1814,-0.3304,0.01261,-0.00329,0.01149,-5.00,0.00,0.00,25.3,125.60,634.22,277.17,DESCEND
5.1332,0.1733,-0.0685,-0.0104,-0.00138,0.00070,0.00949,-5.00,0.00,0.00,25.3,125.60,634.22,277.13,DESCEND
5.1433,0.2033,0.1014,-0.1704,-0.01338,-0.01329,0.00749,-5.00,0.00,0.00,25.4,125.60,634.22,277.07,DESCEND
5.1534,0.1833,0.1914,0.1095,-0.01038,-0.00729,0.00849,-5.00,0.00,0.00,25.4,125.60,634.22,277.03,DESCEND
5.1635,0.1233,0.1114,-0.1204,0.00961,-0.00329,0.00949,-5.00,0.00,0.00,25.5,125.60,634.22,276.97,DESCEND
5.1736,0.1333,-0.1385,-0.1304,-0.01238,-0.01229,0.00849,-5.00,0.00,0.00,25.5,125.60,634.23,276.93,DESCEND
5.1837,0.1933,-0.2385,0.2495,0.01061,0.00070,0.00549,-5.00,0.00,0.00,25.6,125.60,634.23,276.87,DESCEND
5.1938,0.1833,0.1714,-0.2504,-0.00038,-0.00829,0.01149,-5.00,0.00,0.00,25.6,125.60,634.23,276.83,DESCEND
5.2039,0.0233,0.3414,-0.3904,-0.00138,-0.01529,0.01149,-5.00,0.00,0.00,25.7,125.60,634.23,276.77,DESCEND
5.2140,0.1433,0.0114,0.0995,0.01961,0.01070,0.00949,-5.00,0.00,0.00,25.7,125.60,634.23,276.73,DESCEND
5.2241,0.3133,-0.0285,-0.1504,0.01061,-0.01329,0.01049,-5.00,0.00,0.00,25.8,125.60,634.23,276.67,DESCEND
5.2342,0.2533,0.0914,-0.1404,0.00561,-0.00829,0.00749,-5.00,0.00,0.00,25.8,125.60,634.24,276.63,DESCEND
5.2443,0.1033,0.0414,-0.0804,-0.00738,-0.01429,0.01049,-5.00,0.00,0.00,25.9,125.60,634.24,276.57,DESCEND
5.2544,0.1533,-0.0985,0.2695,-0.01138,0.00170,0.00449,-5.00,0.00,0.00,25.9,125.60,634.24,276.53,DESCEND
5.2645,0.2133,0.3714,-0.4004,0.01261,-0.00529,0.01149,-5.00,0.00,0.00,26.0,125.60,634.24,276.47,DESCEND
5.2747,0.0933,-0.0585,0.0995,-0.00838,-0.00429,0.00749,-5.00,0.00,0.00,26.0,125.60,634.24,276.43,DESCEND
5.2848,0.3133,0.2214,-0.4004,0.00161,-0.01129,0.00649,-5.00,0.00,0.00,26.1,125.60,634.25,276.37,DESCEND
5.2949,0.3633,-0.2385,0.0195,0.00961,-0.00129,0.00049,-5.00,0.00,0.00,26.1,125.60,634.25,276.33,DESCEND
5.3050,0.2433,-0.0285,-0.3004,0.00561,-0.00629,0.00749,-5.00,0.00,0.00,26.2,125.60,634.25,276.27,DESCEND
5.3151,0.1733,0.2514,-0.1604,0.00161,-0.00929,0.00949,-5.00,0.00,0.00,26.2,125.60,634.25,276.21,DESCEND
5.3252,0.2933,-0.1985,-0.2404,0.00761,-0.00529,0.00549,-5.00,0.00,0.00,26.3,125.60,634.25,276.17,DESCEND
5.3353,0.0433,0.1514,-0.2104,-0.00338,-0.01129,0.01149,-5.00,0.00,0.00,26.3,125.60,634.26,276.11,DESCEND
5.3454,0.2033,0.0214,-0.3004,0.00961,-0.00529,0.00649,-5.00,0.00,0.00,26.4,125.60,634.26,276.07,DESCEND
5.3554,0.2233,-0.0185,0.0695,-0.01138,-0.01529,0.00549,-5.00,0.00,0.00,26.4,125.60,634.26,276.01,DESCEND
5.3655,0.0933,0.1114,0.0495,0.00761,0.00470,0.01049,-5.00,0.00,0.00,26.5,125.60,634.26,275.97,DESCEND
5.3757,0.2733,-0.1085,0.0395,0.00061,-0.00929,0.00749,-5.00,0.00,0.00,26.5,125.60,634.26,275.91,DESCEND
5.3857,0.3933,0.2814,-0.3804,0.00661,-0.01429,0.01049,-5.00,0.00,0.00,26.6,125.60,634.26,275.87,DESCEND
5.3958,0.1533,0.0314,0.2595,-0.00538,0.00370,0.00949,-5.00,0.00,0.00,26.6,125.60,634.27,275.81,DESCEND
5.4059,0.2033,-0.2785,0.1895,-0.02038,-0.01529,0.00649,-5.00,0.00,0.00,26.7,125.60,634.27,275.77,DESCEND
5.4160,0.2533,0.1114,-0.2004,-0.00438,-0.00729,0.01049,-5.00,0.00,0.00,26.7,125.60,634.27,275.71,DESCEND
5.4261,0.0833,0.0814,-0.2804,0.01361,0.00170,0.00849,-5.00,0.00,0.00,26.8,125.60,634.27,275.67,DESCEND
5.4362,0.0333,0.0614,-0.0504,-0.00038,-0.00829,0.01149,-5.00,0.00,0.00,26.8,125.60,634.27,275.61,DESCEND
5.4463,0.1133,-0.0085,-0.2104,-0.00138,-0.01229,0.00849,-5.00,0.00,0.00,26.9,125.60,634.28,275.57,DESCEND
5.4564,0.1333,0.1714,0.0195,-0.00138,-0.00429,0.01149,-5.00,0.00,0.00,26.9,125.60,634.28,275.51,DESCEND
5.4665,0.2333,-0.4685,0.5995,0.02361,0.01270,0.00349,-5.00,0.00,0.00,27.0,125.60,634.28,275.47,DESCEND
5.4766,0.3033,-0.3585,0.0795,0.00661,-0.00629,0.00449,-5.00,0.00,0.00,27.0,125.60,634.28,275.41,DESCEND
5.4867,0.2233,0.0014,-0.3404,-0.00538,-0.01129,0.01049,-5.00,0.00,0.00,27.1,125.60,634.28,275.37,DESCEND
5.4968,0.3833,-0.0985,0.3595,0.02861,0.01170,0.00349,-5.00,0.00,0.00,27.1,125.60,634.29,275.31,DESCEND
5.5070,0.4033,-0.1885,-0.0604,0.00761,-0.00429,0.00349,-5.00,0.00,0.00,27.2,125.60,634.29,275.27,DESCEND
5.5171,0.2533,-0.2185,0.2195,0.00661,0.00970,0.00749,-5.00,0.00,0.00,27.2,125.60,634.29,275.21,DESCEND
5.5271,0.3833,-0.0785,-0.0904,0.00861,-0.00829,0.00749,-5.00,0.00,0.00,27.3,125.60,634.29,275.15,DESCEND
5.5372,0.0833,0.0214,0.1395,0.00061,0.00670,0.00749,-5.00,0.00,0.00,27.3,125.60,634.29,275.11,DESCEND
5.5474,0.4033,0.1314,-0.3404,0.01061,-0.01029,0.00849,-5.00,0.00,0.00,27.4,125.60,634.29,275.05,DESCEND
5.5574,0.0233,0.2014,0.1395,-0.00838,-0.00829,0.01549,-5.00,0.00,0.00,27.4,125.60,634.30,275.01,DESCEND
5.5675,0.3333,-0.2185,-0.0804,0.02361,-0.00629,0.00549,-5.00,0.00,0.00,27.5,125.60,634.30,274.95,DESCEND
5.5777,0.2233,0.0414,-0.3504,0.00061,-0.01129,0.01049,-5.00,0.00,0.00,27.5,125.60,634.30,274.91,DESCEND
5.5878,0.0733,-0.2485,0.1695,-0.00238,0.00470,0.00949,-5.00,0.00,0.00,27.6,125.60,634.30,274.85,DESCEND
5.5979,0.2233,-0.0985,-0.0104,0.01661,-0.00329,0.00649,-5.00,0.00,0.00,27.6,125.60,634.30,274.81,DESCEND
5.6080,0.2533,0.1014,-0.1804,0.00461,0.00270,0.00749,-5.00,0.00,0.00,27.7,125.60,634.31,274.75,DESCEND
5.6181,0.3233,-0.0985,0.0795,-0.00138,-0.00829,0.00549,-5.00,0.00,0.00,27.7,125.60,634.31,274.71,DESCEND
5.6282,0.1133,0.4614,-0.1404,0.00061,0.00170,0.00949,-5.00,0.00,0.00,27.8,125.60,634.31,274.65,DESCEND
5.6384,0.2933,-0.1285,0.1895,0.02361,0.01070,0.00549,-5.00,0.00,0.00,27.8,125.60,634.31,274.61,DESCEND
5.6484,0.1333,0.5614,-0.4604,-0.01138,-0.01329,0.01249,-5.00,0.00,0.00,27.9,125.60,634.31,274.55,DESCEND
5.6585,0.2333,-0.2985,-0.1204,0.01761,0.00470,0.00449,-5.00,0.00,0.00,27.9,125.60,634.31,274.51,DESCEND
5.6686,0.1933,-0.0885,0.2395,0.01261,-0.00029,0.01249,-5.00,0.00,0.00,28.0,125.60,634.32,274.45,DESCEND
5.6787,0.3233,-0.2185,-0.3804,0.01061,-0.01329,0.00749,-5.00,0.00,0.00,28.0,125.60,634.32,274.41,DESCEND
5.6888,0.2933,0.1114,-0.0604,0.00661,-0.01129,0.00749,-5.00,0.00,0.00,28.1,125.60,634.32,274.35,DESCEND
5.6989,0.1333,0.0814,-0.1004,-0.01438,-0.01529,0.01449,-5.00,0.00,0.00,28.2,125.60,634.32,274.29,DESCEND
5.7091,0.3333,-0.0785,-0.2004,-0.00238,-0.01629,0.00849,-5.00,0.00,0.00,28.2,125.60,634.32,274.25,DESCEND
5.7191,0.2733,-0.0785,-0.1104,0.00361,-0.00629,0.00649,-5.00,0.00,0.00,28.3,125.61,634.33,274.19,DESCEND
5.7292,0.1433,-0.0985,0.1795,-0.00338,-0.00829,0.00749,-5.00,0.00,0.00,28.3,125.61,634.33,274.15,DESCEND
5.7393,0.2133,-0.1485,0.0595,0.01661,0.01170,0.00949,-5.00,0.00,0.00,28.4,125.61,634.33,274.09,DESCEND
5.7494,0.2033,-0.0585,-0.0504,0.00861,-0.00529,0.00749,-5.00,0.00,0.00,28.4,125.61,634.33,274.05,DESCEND
5.7595,0.1533,-0.1385,-0.2104,0.00861,-0.00629,0.00749,-5.00,0.00,0.00,28.5,125.61,634.33,273.99,DESCEND
5.7696,0.3233,0.2114,-0.5504,-0.00238,-0.01429,0.01249,-5.00,0.00,0.00,28.5,125.61,634.34,273.95,DESCEND
5.7797,0.2233,0.1314,0.0795,-0.00338,-0.01129,0.01149,-5.00,0.00,0.00,28.6,125.61,634.34,273.89,DESCEND
5.7898,0.2433,0.1214,-0.2504,-0.00038,-0.00829,0.01149,-5.00,0.00,0.00,28.6,125.61,634.34,273.85,DESCEND
5.8000,0.1133,0.6914,-0.4804,-0.01438,-0.02029,0.01549,-5.00,0.00,0.00,28.7,125.61,634.34,273.79,DESCEND
5.8100,0.2433,0.2114,-0.3804,0.00661,-0.00829,0.00949,-5.00,0.00,0.00,28.7,125.61,634.34,273.75,DESCEND
5.8201,0.2733,0.3114,0.1095,0.00361,-0.00029,0.01049,-5.00,0.00,0.00,28.8,125.61,634.35,273.69,DESCEND
5.8302,0.3133,-0.1785,-0.0204,0.00161,-0.00929,0.00449,-5.00,0.00,0.00,28.8,125.61,634.35,273.65,DESCEND
5.8404,0.3533,0.1214,0.0695,0.00461,-0.01129,0.01049,-5.00,0.00,0.00,28.9,125.61,634.35,273.59,DESCEND
5.8504,0.2333,-0.2685,0.0495,0.01261,-0.00529,0.00949,-5.00,0.00,0.00,28.9,125.61,634.35,273.55,DESCEND
5.8605,0.0633,0.1014,0.1195,-0.00438,-0.00129,0.00949,-5.00,0.00,0.00,29.0,125.61,634.35,273.49,DESCEND
5.8706,0.3733,0.3114,-0.1204,-0.00638,-0.02129,0.01249,-5.00,0.00,0.00,29.0,125.61,634.35,273.45,DESCEND
5.8808,0.1233,-0.3385,0.1395,-0.00338,0.00070,0.00649,-5.00,0.00,0.00,29.1,125.61,634.36,273.39,DESCEND
5.8909,0.0633,0.1914,0.0195,-0.01038,-0.02129,0.01349,-5.00,0.00,0.00,29.1,125.61,634.36,273.35,DESCEND
5.9010,0.1633,0.2614,-0.2704,-0.00138,-0.01229,0.01149,-5.00,0.00,0.00,29.2,125.61,634.36,273.29,DESCEND
5.9111,0.6333,-0.2085,-0.1504,0.01461,-0.01129,0.00449,-5.00,0.00,0.00,29.2,125.61,634.36,273.23,DESCEND
5.9212,0.3633,-0.1185,0.1995,0.00961,0.00470,0.00849,-5.00,0.00,0.00,29.3,125.61,634.36,273.19,DESCEND
5.9313,0.3533,-0.0585,0.1095,0.00361,-0.00429,0.00949,-5.00,0.00,0.00,29.3,125.61,634.37,273.13,DESCEND
5.9414,0.2233,0.2514,-0.0104,0.00161,-0.00729,0.01049,-5.00,0.00,0.00,29.4,125.61,634.37,273.09,DESCEND
5.9515,0.2333,-0.1685,0.0595,-0.00038,-0.00629,0.00949,-5.00,0.00,0.00,29.4,125.61,634.37,273.03,DESCEND
5.9616,0.2633,-0.1785,0.1195,0.00461,-0.00029,0.01149,-5.00,0.00,0.00,29.5,125.61,634.37,272.99,DESCEND
5.9717,0.2333,0.1914,0.0095,-0.00138,-0.00429,0.00749,-5.00,0.00,0.00,29.5,125.61,634.37,272.93,DESCEND
5.9818,0.2733,0.1914,-0.3604,0.00361,-0.01129,0.00949,-5.00,0.00,0.00,29.6,125.61,634.37,272.89,DESCEND
5.9919,0.0633,-0.4685,0.1495,-0.00438,0.00570,0.00449,-5.00,0.00,0.00,29.6,125.61,634.38,272.83,DESCEND
6.0020,0.4533,0.0114,-0.3004,0.00561,-0.01329,0.00949,-5.00,0.00,0.00,29.7,125.61,634.38,272.79,DESCEND
6.0121,0.2533,-0.0585,-0.0204,0.00661,-0.00229,0.01049,-5.00,0.00,0.00,29.7,125.61,634.38,272.73,DESCEND
6.0222,0.1033,-0.2185,-0.0304,-0.00638,-0.01429,0.00749,-5.00,0.00,0.00,29.8,125.61,634.38,272.69,DESCEND
6.0323,0.1533,0.0414,-0.3404,-0.00538,-0.02029,0.01249,-5.00,0.00,0.00,29.8,125.61,634.38,272.63,DESCEND
6.0424,0.2333,-0.1585,-0.1504,0.00761,-0.00729,0.00749,-5.00,0.00,0.00,29.9,125.61,634.39,272.59,DESCEND
6.0525,0.2933,0.1014,-0.0804,0.00261,-0.00629,0.00549,-5.00,0.00,0.00,29.9,125.61,634.39,272.53,DESCEND
6.0626,0.0933,0.2314,-0.5204,-0.01138,-0.01029,0.00949,-5.00,0.00,0.00,30.0,125.61,634.39,272.49,DESCEND
6.0727,0.1133,-0.1385,0.2095,-0.00338,-0.00629,0.00749,-5.00,0.00,0.00,30.0,125.61,634.39,272.43,DESCEND
6.0828,0.2733,0.3614,-0.2504,0.01861,-0.01229,0.01349,-5.00,0.00,0.00,30.1,125.61,634.39,272.39,DESCEND
6.0929,0.1233,-0.0285,0.1795,-0.00238,0.00170,0.00249,-5.00,0.00,0.00,30.1,125.61,634.40,272.33,DESCEND
6.1030,-0.0266,0.0114,0.1195,-0.01538,0.00170,0.01249,-5.00,0.00,0.00,30.2,125.61,634.40,272.27,DESCEND
6.1131,0.1833,-0.1485,-0.0004,0.00361,-0.00629,0.00549,-5.00,0.00,0.00,30.2,125.61,634.40,272.23,DESCEND
6.1232,0.2533,0.0214,0.0595,0.01161,-0.00029,0.00849,-5.00,0.00,0.00,30.3,125.61,634.40,272.17,DESCEND
6.1333,0.3733,0.0514,-0.0404,0.00161,-0.00629,0.00649,-5.00,0.00,0.00,30.3,125.61,634.40,272.13,DESCEND
6.1435,0.4133,-0.1485,-0.2204,0.01161,-0.00829,0.01049,-5.00,0.00,0.00,30.4,125.61,634.41,272.07,DESCEND
6.1535,0.1433,0.0314,-0.0504,0.00261,-0.00329,0.00849,-5.00,0.00,0.00,30.4,125.61,634.41,272.03,DESCEND
6.1636,0.2833,0.1114,-0.1304,0.02661,0.00170,0.00449,-5.00,0.00,0.00,30.5,125.61,634.41,271.97,DESCEND
6.1738,0.1933,0.0014,0.1095,-0.00838,-0.00629,0.00649,-5.00,0.00,0.00,30.5,125.61,634.41,271.93,DESCEND
6.1839,0.2633,-0.2785,-0.0004,0.01561,-0.00529,0.01149,-5.00,0.00,0.00,30.6,125.61,634.41,271.87,DESCEND
6.1939,0.2233,-0.0685,0.0295,0.01561,-0.00129,0.00749,-5.00,0.00,0.00,30.6,125.61,634.41,271.83,DESCEND
6.2040,0.2833,-0.0585,0.2495,0.00161,-0.00029,0.00549,-5.00,0.00,0.00,30.7,125.61,634.42,271.77,DESCEND
6.2142,0.1233,-0.0885,0.0995,0.00161,-0.00229,0.00749,-5.00,0.00,0.00,30.7,125.61,634.42,271.73,DESCEND
6.2243,0.2633,-0.0685,-0.0704,0.00061,-0.00829,0.01049,-5.00,0.00,0.00,30.8,125.61,634.42,271.67,DESCEND
6.2343,0.2733,0.3614,-0.5004,-0.00338,-0.01829,0.00849,-5.00,0.00,0.00,30.8,125.61,634.42,271.63,DESCEND
6.2445,0.1833,0.4414,-0.4104,-0.00738,-0.01229,0.01449,-5.00,0.00,0.00,30.9,125.61,634.42,271.57,DESCEND
6.2546,0.1933,0.1114,-0.2704,-0.00338,-0.01329,0.01249,-5.00,0.00,0.00,30.9,125.61,634.43,271.53,DESCEND
6.2647,-0.0866,0.2314,-0.1904,-0.01438,-0.00829,0.01249,-5.00,0.00,0.00,31.0,125.61,634.43,271.47,DESCEND
6.2749,0.1833,0.0114,-0.0204,-0.00238,-0.00429,0.01349,-5.00,0.00,0.00,31.0,125.61,634.43,271.41,DESCEND
6.2850,0.4833,0.0914,-0.0104,0.03061,-0.00729,0.00949,-5.00,0.00,0.00,31.1,125.61,634.43,271.37,DESCEND
6.2950,0.2633,-0.1285,0.2695,0.00961,0.00470,0.00849,-5.00,0.00,0.00,31.1,125.61,634.43,271.31,DESCEND
6.3051,0.2333,-0.0485,-0.1004,-0.00038,-0.01229,0.00749,-5.00,0.00,0.00,31.2,125.61,634.43,271.27,DESCEND
6.3153,0.1433,-0.0685,-0.0704,0.01561,0.00670,0.00549,-5.00,0.00,0.00,31.2,125.61,634.44,271.21,DESCEND
6.3253,0.3633,-0.0585,0.0995,0.02361,0.00370,0.00449,-5.00,0.00,0.00,31.3,125.61,634.44,271.17,DESCEND
6.3354,0.0933,-0.0985,-0.1004,0.00061,-0.00629,0.00749,-5.00,0.00,0.00,31.3,125.61,634.44,271.11,DESCEND
6.3456,0.2433,-0.2585,0.1395,0.00461,-0.00229,0.00749,-5.00,0.00,0.00,31.4,125.61,634.44,271.07,DESCEND
6.3556,0.2533,0.1014,-0.4604,0.00361,-0.01329,0.00949,-5.00,0.00,0.00,31.4,125.61,634.44,271.01,DESCEND
6.3657,0.2333,-0.1985,-0.1004,0.00261,-0.00829,0.00749,-5.00,0.00,0.00,31.5,125.61,634.45,270.97,DESCEND
6.3759,0.2333,-0.2285,0.2395,-0.00338,-0.00929,0.00549,-5.00,0.00,0.00,31.5,125.61,634.45,270.91,DESCEND
6.3860,0.0333,0.2414,-0.2804,-0.00738,-0.00529,0.01049,-5.00,0.00,0.00,31.6,125.61,634.45,270.87,DESCEND
6.3961,0.1533,0.1614,-0.0104,-0.00138,-0.00329,0.00849,-5.00,0.00,0.00,31.6,125.61,634.45,270.81,DESCEND
6.4062,0.1433,-0.0185,0.1895,0.00261,0.00470,0.00649,-5.00,0.00,0.00,31.7,125.61,634.45,270.77,DESCEND
6.4163,0.1133,0.0414,-0.1204,-0.00738,-0.00829,0.00549,-5.00,0.00,0.00,31.7,125.62,634.46,270.71,DESCEND
6.4264,0.1833,0.1014,-0.2404,0.01161,-0.00329,0.00949,-5.00,0.00,0.00,31.8,125.62,634.46,270.67,DESCEND
6.4364,0.0733,0.1414,-0.2504,0.00261,-0.00729,0.00949,-5.00,0.00,0.00,31.8,125.62,634.46,270.61,DESCEND
6.4465,0.0733,-0.0685,-0.0504,0.00461,-0.00929,0.00849,-5.00,0.00,0.00,31.9,125.62,634.46,270.57,DESCEND
6.4566,0.3033,-0.0185,-0.2804,0.00761,-0.01029,0.00849,-5.00,0.00,0.00,31.9,125.62,634.46,270.51,DESCEND
6.4668,0.2233,-0.1585,-0.1204,0.01361,-0.00029,0.00949,-5.00,0.00,0.00,32.0,125.62,634.47,270.45,DESCEND
6.4769,0.1533,-0.0385,0.0895,0.01561,0.00770,0.00949,-5.00,0.00,0.00,32.0,125.62,634.47,270.41,DESCEND
6.4870,0.2133,-0.1585,-0.0304,0.01661,0.00270,0.00649,-5.00,0.00,0.00,32.1,125.62,634.47,270.35,DESCEND
6.4971,0.0533,0.1214,0.1295,-0.00638,-0.00329,0.01249,-5.00,0.00,0.00,32.1,125.62,634.47,270.31,DESCEND
6.5072,0.0833,0.1114,0.1295,-0.01538,-0.01229,0.00949,-5.00,0.00,0.00,32.2,125.62,634.47,270.26,DESCEND
6.5173,0.2433,-0.1385,0.1895,-0.00638,0.00170,0.00749,-5.00,0.00,0.00,32.2,125.62,634.47,270.22,DESCEND
6.5274,0.2733,0.1014,-0.2504,-0.00338,-0.01329,0.01049,-5.00,0.00,0.00,32.3,125.62,634.48,270.16,DESCEND
6.5375,0.1533,-0.0685,-0.0504,0.00761,-0.00229,0.00949,-5.00,0.00,0.00,32.3,125.62,634.48,270.12,DESCEND
6.5476,0.3733,0.1914,-0.1704,0.00961,-0.01029,0.00549,-5.00,0.00,0.00,32.4,125.62,634.48,270.06,DESCEND
6.5577,0.2633,0.5014,-0.2904,0.00961,-0.02029,0.01249,-5.00,0.00,0.00,32.4,125.62,634.48,270.02,DESCEND
6.5679,0.2233,0.0114,-0.3504,0.01061,-0.00329,0.00949,-5.00,0.00,0.00,32.5,125.62,634.48,269.96,DESCEND
6.5780,0.1733,0.2014,-0.4404,0.00961,-0.01529,0.01149,-5.00,0.00,0.00,32.5,125.62,634.49,269.92,DESCEND
6.5881,0.2533,-0.1485,0.0895,-0.00538,-0.01729,0.00849,-5.00,0.00,0.00,32.6,125.62,634.49,269.86,DESCEND
6.5982,0.3033,-0.2285,0.0295,0.01561,0.00270,0.00649,-5.00,0.00,0.00,32.6,125.62,634.49,269.82,DESCEND
6.6083,0.1133,0.0914,0.0695,-0.00938,-0.01129,0.01149,-5.00,0.00,0.00,32.7,125.62,634.49,269.76,DESCEND
6.6184,0.2533,-0.1485,-0.0704,0.00961,-0.00729,0.00649,-5.00,0.00,0.00,32.7,125.62,634.49,269.72,DESCEND
6.6285,0.4133,-0.1585,-0.0604,0.02661,-0.00529,0.00849,-5.00,0.00,0.00,32.8,125.62,634.49,269.66,DESCEND
6.6386,0.1933,-0.0485,-0.1404,-0.00338,-0.00829,0.01049,-5.00,0.00,0.00,32.8,125.62,634.50,269.62,DESCEND
6.6487,0.2433,0.1214,-0.0204,0.00661,-0.01529,0.00849,-5.00,0.00,0.00,32.9,125.62,634.50,269.56,DESCEND
6.6588,0.2133,-0.1685,0.0595,-0.00038,-0.00829,0.00749,-5.00,0.00,0.00,32.9,125.62,634.50,269.52,DESCEND
6.6689,0.3033,-0.2885,0.2095,0.01361,0.00070,0.01149,-5.00,0.00,0.00,33.0,125.62,634.50,269.46,DESCEND
6.6791,0.1633,0.2914,-0.1804,-0.02038,-0.01329,0.00949,-5.00,0.00,0.00,33.1,125.62,634.50,269.40,DESCEND
6.6892,0.1933,0.0914,0.0395,-0.00638,-0.00729,0.00949,-5.00,0.00,0.00,33.1,125.62,634.51,269.36,DESCEND
6.6993,0.2533,0.1614,-0.2404,0.00061,-0.01529,0.00849,-5.00,0.00,0.00,33.2,125.62,634.51,269.30,DESCEND
6.7094,0.1533,0.0314,0.0995,-0.00138,0.00670,0.00649,-5.00,0.00,0.00,33.2,125.62,634.51,269.26,DESCEND
6.7194,0.1533,0.1214,-0.1604,-0.00438,-0.01429,0.01049,-5.00,0.00,0.00,33.3,125.62,634.51,269.20,DESCEND
6.7295,0.1833,-0.0185,-0.0504,-0.00638,-0.01029,0.00749,-5.00,0.00,0.00,33.3,125.62,634.51,269.16,DESCEND
6.7396,0.2033,0.1814,-0.2604,0.00161,-0.00929,0.00949,-5.00,0.00,0.00,33.4,125.62,634.52,269.10,DESCEND
6.7497,0.3033,-0.1885,0.0695,0.01561,-0.01029,0.00949,-5.00,0.00,0.00,33.4,125.62,634.52,269.06,DESCEND
6.7598,0.1333,0.0614,0.0095,-0.00838,-0.01129,0.00949,-5.00,0.00,0.00,33.5,125.62,634.52,269.00,DESCEND
6.7699,0.0533,0.1614,-0.0504,-0.02538,-0.00929,0.01349,-5.00,0.00,0.00,33.5,125.62,634.52,268.96,DESCEND
6.7800,0.3333,-0.2385,0.5295,0.00761,0.00270,0.00849,-5.00,0.00,0.00,33.6,125.62,634.52,268.90,DESCEND
6.7901,0.1633,-0.1085,0.0695,0.00561,-0.00429,0.00849,-5.00,0.00,0.00,33.6,125.62,634.52,268.86,DESCEND
6.8002,0.2133,-0.0085,0.2695,0.01561,0.00370,0.01049,-5.00,0.00,0.00,33.7,125.62,634.53,268.80,DESCEND
6.8103,0.2533,-0.0285,-0.3604,-0.00538,-0.01129,0.00949,-5.00,0.00,0.00,33.7,125.62,634.53,268.76,DESCEND
6.8204,0.2733,-0.0485,-0.0404,0.00961,-0.00329,0.00949,-5.00,0.00,0.00,33.8,125.62,634.53,268.70,DESCEND
6.8305,0.3733,-0.2985,-0.1504,0.02061,-0.00929,0.00749,-5.00,0.00,0.00,33.8,125.62,634.53,268.66,DESCEND
6.8407,0.2333,-0.0285,0.1295,-0.00438,-0.00929,0.00849,-5.00,0.00,0.00,33.9,125.62,634.53,268.60,DESCEND
6.8508,0.1433,0.2514,-0.1804,0.01061,-0.00029,0.01349,-5.00,0.00,0.00,33.9,125.62,634.54,268.56,DESCEND
6.8609,0.1133,0.5714,-0.4304,-0.01138,-0.01329,0.01349,-5.00,0.00,0.00,34.0,125.62,634.54,268.50,DESCEND
6.8710,0.3133,-0.0385,0.0895,0.00361,-0.00929,0.01249,-5.00,0.00,0.00,34.0,125.62,634.54,268.44,DESCEND
6.8811,0.1433,0.1414,-0.1204,-0.01938,-0.01629,0.01149,-5.00,0.00,0.00,34.1,125.62,634.54,268.40,DESCEND
6.8912,0.1433,-0.3185,-0.2604,-0.00038,-0.00729,0.00749,-5.00,0.00,0.00,34.1,125.62,634.54,268.36,DESCEND
6.9013,0.3533,0.1114,-0.2704,0.00461,-0.01229,0.00849,-5.00,0.00,0.00,34.2,125.62,634.55,268.30,DESCEND
6.9114,0.0633,0.1314,-0.1104,-0.00338,-0.00629,0.01249,-5.00,0.00,0.00,34.2,125.62,634.55,268.24,DESCEND
6.9215,0.3333,-0.0985,0.1195,0.01061,-0.00829,0.01149,-5.00,0.00,0.00,34.3,125.62,634.55,268.20,DESCEND
6.9316,0.0833,0.0614,-0.1804,-0.00738,-0.01529,0.01249,-5.00,0.00,0.00,34.3,125.62,634.55,268.14,DESCEND
6.9417,0.2933,-0.1785,0.0095,0.02061,0.00670,0.00649,-5.00,0.00,0.00,34.4,125.62,634.55,268.10,DESCEND
6.9518,0.1833,0.0014,0.1095,-0.00438,-0.00529,0.00749,-5.00,0.00,0.00,34.4,125.62,634.55,268.04,DESCEND
6.9619,0.3833,-0.2485,0.0195,0.00461,-0.00429,0.00849,-5.00,0.00,0.00,34.5,125.62,634.56,268.00,DESCEND
6.9719,0.0933,0.4414,-0.4304,-0.02838,-0.02629,0.01249,-5.00,0.00,0.00,34.5,125.62,634.56,267.94,DESCEND
6.9821,0.1533,-0.0785,-0.1404,0.02061,0.00370,0.00949,-5.00,0.00,0.00,34.6,125.62,634.56,267.90,DESCEND
6.9922,0.0833,0.3914,-0.1104,-0.00838,-0.01129,0.01549,-5.00,0.00,0.00,34.6,125.62,634.56,267.84,DESCEND
7.0022,0.3633,-0.2485,-0.0704,0.01961,-0.00329,0.01049,-5.00,0.00,0.00,34.7,125.62,634.56,267.80,DESCEND
7.0124,0.1533,0.0914,0.0395,0.00261,0.00470,0.00949,-5.00,0.00,0.00,34.7,125.62,634.57,267.74,DESCEND
7.0224,0.1933,0.0814,-0.0704,0.01361,-0.00129,0.01149,-5.00,0.00,0.00,34.8,125.62,634.57,267.70,DESCEND
7.0325,0.2233,0.0514,-0.1104,0.00061,-0.01429,0.01449,-5.00,0.00,0.00,34.8,125.62,634.57,267.64,DESCEND
7.0426,0.3233,-0.2785,0.0495,0.00761,-0.01129,0.00549,-5.00,0.00,0.00,34.9,125.62,634.57,267.60,DESCEND
7.0527,0.1333,-0.1985,0.2795,-0.01138,0.00370,0.00849,-5.00,0.00,0.00,34.9,125.62,634.57,267.54,DESCEND
7.0628,0.4233,-0.3685,0.0595,0.01361,-0.00929,0.01149,-5.00,0.00,0.00,35.0,125.62,634.57,267.50,DESCEND
7.0729,0.3633,-0.0885,0.1695,0.02261,-0.00529,0.00749,-5.00,0.00,0.00,35.0,125.62,634.58,267.44,DESCEND
7.0830,0.1133,0.0214,-0.2204,0.00261,-0.00029,0.00949,-5.00,0.00,0.00,35.1,125.62,634.58,267.38,DESCEND
7.0931,0.2733,-0.0685,0.0295,0.01061,0.00070,0.00849,-5.00,0.00,0.00,35.1,125.62,634.58,267.34,DESCEND
7.1032,0.2233,-0.0085,0.0595,0.01161,-0.00229,0.00949,-5.00,0.00,0.00,35.2,125.62,634.58,267.28,DESCEND
7.1134,0.1333,0.1014,0.1795,0.00261,-0.01029,0.01049,-5.00,0.00,0.00,35.2,125.62,634.58,267.24,DESCEND
7.1234,0.2033,0.1914,0.0195,-0.00538,-0.00129,0.01349,-5.00,0.00,0.00,35.3,125.62,634.59,267.18,DESCEND
7.1335,0.0633,0.1714,-0.4604,-0.02838,-0.02129,0.01349,-5.00,0.00,0.00,35.3,125.63,634.59,267.14,DESCEND
7.1437,0.2233,0.0514,0.0295,0.02561,0.00970,0.01049,-5.00,0.00,0.00,35.4,125.63,634.59,267.08,DESCEND
7.1538,0.2833,-0.0385,-0.2404,-0.00238,-0.01129,0.00949,-5.00,0.00,0.00,35.4,125.63,634.59,267.04,DESCEND
7.1639,0.1833,0.2314,-0.2904,0.00461,-0.01029,0.01149,-5.00,0.00,0.00,35.5,125.63,634.59,266.98,DESCEND
7.1741,0.1533,-0.0385,0.3495,0.00661,0.01070,0.00849,-5.00,0.00,0.00,35.5,125.63,634.60,266.94,DESCEND
7.1842,0.2233,0.3814,-0.1704,-0.00138,-0.00529,0.01349,-5.00,0.00,0.00,35.6,125.63,634.60,266.88,DESCEND
7.1943,0.1633,0.4014,-0.2104,0.00761,-0.00029,0.01049,-5.00,0.00,0.00,35.6,125.63,634.60,266.84,DESCEND
7.2044,0.3233,0.0114,0.1395,0.01261,-0.00329,0.01049,-5.00,0.00,0.00,35.7,125.63,634.60,266.78,DESCEND
7.2144,0.4133,0.0814,-0.3704,0.00061,-0.01429,0.00749,-5.00,0.00,0.00,35.7,125.63,634.60,266.74,DESCEND
7.2245,0.0433,-0.1985,-0.1204,-0.00238,-0.00429,0.00949,-5.00,0.00,0.00,35.8,125.63,634.61,266.68,DESCEND
7.2346,0.3133,0.0514,-0.5504,0.00661,-0.00829,0.00849,-5.00,0.00,0.00,35.8,125.63,634.61,266.64,DESCEND
7.2448,0.2033,-0.0485,0.1295,0.00461,-0.01029,0.01149,-5.00,0.00,0.00,35.9,125.63,634.61,266.58,DESCEND
7.2548,0.1333,0.0314,-0.2504,0.00061,-0.00629,0.00949,-5.00,0.00,0.00,35.9,125.63,634.61,266.54,DESCEND
7.2649,0.1933,-0.0385,0.1095,0.01261,0.01170,0.00949,-5.00,0.00,0.00,36.0,125.63,634.61,266.48,DESCEND
7.2751,0.2833,0.1814,-0.0004,-0.00938,-0.00929,0.00849,-5.00,0.00,0.00,36.0,125.63,634.61,266.42,DESCEND
7.2852,0.4233,0.1014,-0.1904,0.01761,-0.00929,0.01149,-5.00,0.00,0.00,36.1,125.63,634.62,266.38,DESCEND
7.2953,0.0333,0.1114,-0.0004,-0.00938,-0.00629,0.01149,-5.00,0.00,0.00,36.1,125.63,634.62,266.32,DESCEND
7.3054,0.2133,-0.1285,0.2195,0.01761,0.01170,0.00849,-5.00,0.00,0.00,36.2,125.63,634.62,266.28,DESCEND
7.3155,0.3433,0.0714,0.1195,0.00861,-0.00329,0.01149,-5.00,0.00,0.00,36.2,125.63,634.62,266.22,DESCEND
7.3256,0.3733,-0.3585,0.1595,0.02661,-0.00429,0.00849,-5.00,0.00,0.00,36.3,125.63,634.62,266.18,DESCEND
7.3357,0.3933,-0.1285,-0.0704,0.01661,-0.00829,0.00749,-5.00,0.00,0.00,36.3,125.63,634.63,266.12,DESCEND
7.3458,0.2533,0.0614,0.1695,0.00261,-0.00429,0.00949,-5.00,0.00,0.00,36.4,125.63,634.63,266.08,DESCEND
7.3559,0.2733,-0.0185,-0.2804,0.01661,-0.00129,0.01349,-5.00,0.00,0.00,36.4,125.63,634.63,266.02,DESCEND
7.3660,-0.0266,0.2914,-0.0604,0.00361,0.00170,0.01049,-5.00,0.00,0.00,36.5,125.63,634.63,265.98,DESCEND
7.3761,0.2533,0.0714,-0.2304,-0.00038,-0.00829,0.01449,-5.00,0.00,0.00,36.5,125.63,634.63,265.92,DESCEND
7.3862,0.2433,0.3714,-0.0804,-0.01238,-0.01429,0.00949,-5.00,0.00,0.00,36.6,125.63,634.63,265.88,DESCEND
7.3963,0.3033,-0.1285,0.1995,0.00761,-0.00529,0.00549,-5.00,0.00,0.00,36.6,125.63,634.64,265.82,DESCEND
7.4064,0.4033,0.0014,0.0195,0.00361,-0.01129,0.00749,-5.00,0.00,0.00,36.7,125.63,634.64,265.78,DESCEND
7.4165,0.1133,-0.2785,0.1995,-0.00938,-0.00129,0.00749,-5.00,0.00,0.00,36.7,125.63,634.64,265.72,DESCEND
7.4266,0.2833,0.1214,-0.1604,0.00461,-0.00329,0.00949,-5.00,0.00,0.00,36.8,125.63,634.64,265.68,DESCEND
7.4367,0.1433,0.1014,-0.1204,-0.00338,-0.00729,0.00949,-5.00,0.00,0.00,36.8,125.63,634.64,265.62,DESCEND
7.4468,0.2133,0.2714,-0.2504,-0.00538,-0.01329,0.01249,-5.00,0.00,0.00,36.9,125.63,634.65,265.58,DESCEND
7.4569,0.2733,-0.0285,-0.1504,0.00561,-0.00629,0.00949,-5.00,0.00,0.00,36.9,125.63,634.65,265.52,DESCEND
7.4671,0.3133,0.2514,-0.3704,-0.00538,-0.01229,0.01049,-5.00,0.00,0.00,37.0,125.63,634.65,265.46,DESCEND
7.4772,0.1633,0.2014,-0.5304,-0.00638,-0.02029,0.01449,-5.00,0.00,0.00,37.0,125.63,634.65,265.42,DESCEND
7.4873,0.0333,0.0414,-0.0904,0.00461,-0.00429,0.01049,-5.00,0.00,0.00,37.1,125.63,634.65,265.36,DESCEND
7.4974,0.0833,0.0814,-0.1904,-0.00638,-0.01229,0.01049,-5.00,0.00,0.00,37.1,125.63,634.66,265.32,DESCEND
7.5076,0.2933,-0.3385,0.1595,0.00861,0.00470,0.00849,-5.00,0.00,0.00,37.2,125.63,634.66,265.26,DESCEND
7.5176,0.3733,0.2014,-0.2704,0.03161,-0.00429,0.01049,-5.00,0.00,0.00,37.2,125.63,634.66,265.22,DESCEND
7.5278,0.0933,0.2214,-0.4604,-0.01038,-0.02029,0.01249,-5.00,0.00,0.00,37.3,125.63,634.66,265.16,DESCEND
7.5379,0.2833,-0.0885,0.0195,0.00361,-0.01329,0.01049,-5.00,0.00,0.00,37.3,125.63,634.66,265.12,DESCEND
7.5479,0.3633,0.1914,-0.0704,0.00461,-0.00829,0.00949,-5.00,0.00,0.00,37.4,125.63,634.67,265.06,DESCEND
7.5580,0.1733,0.1714,-0.1704,-0.00138,-0.00829,0.01349,-5.00,0.00,0.00,37.4,125.63,634.67,265.02,DESCEND
7.5681,0.1733,0.4914,-0.3804,-0.00738,-0.02029,0.01649,-5.00,0.00,0.00,37.5,125.63,634.67,264.96,DESCEND
7.5782,0.1933,-0.2585,0.0395,-0.00538,-0.00729,0.00749,-5.00,0.00,0.00,37.5,125.63,634.67,264.92,DESCEND
7.5883,0.2433,0.4714,-0.3204,-0.00338,-0.01429,0.01649,-5.00,0.00,0.00,37.6,125.63,634.67,264.86,DESCEND
7.5984,0.1833,0.1314,-0.2204,0.01161,-0.00829,0.01249,-5.00,0.00,0.00,37.6,125.63,634.67,264.82,DESCEND
7.6086,0.2133,-0.1585,0.0695,0.00161,-0.00729,0.00949,-5.00,0.00,0.00,37.7,125.63,634.68,264.76,DESCEND
7.6187,0.0633,0.2914,-0.2504,0.00461,-0.00429,0.01249,-5.00,0.00,0.00,37.7,125.63,634.68,264.72,DESCEND
7.6288,0.3133,0.0014,0.0695,0.01961,0.00570,0.00849,-5.00,0.00,0.00,37.8,125.63,634.68,264.66,DESCEND
7.6389,0.1633,-0.2585,0.3095,-0.00038,0.00270,0.00849,-5.00,0.00,0.00,37.9,125.63,634.68,264.60,DESCEND
7.6490,0.3533,0.3214,-0.5104,-0.01138,-0.01929,0.01049,-5.00,0.00,0.00,37.9,125.63,634.68,264.56,DESCEND
7.6591,0.2733,0.1314,-0.0704,0.00761,-0.00629,0.01249,-5.00,0.00,0.00,38.0,125.63,634.69,264.50,DESCEND
7.6692,0.1533,-0.1585,0.2595,0.00661,0.00170,0.01249,-5.00,0.00,0.00,38.0,125.63,634.69,264.46,DESCEND
7.6793,0.2533,-0.0585,-0.0204,0.01061,-0.00729,0.00749,-5.00,0.00,0.00,38.1,125.63,634.69,264.40,DESCEND
7.6894,0.1433,0.1014,-0.3604,0.00361,-0.00129,0.01249,-5.00,0.00,0.00,38.1,125.63,634.69,264.36,DESCEND
7.6994,0.0833,0.0614,0.1495,0.00561,0.00170,0.01449,-5.00,0.00,0.00,38.2,125.63,634.69,264.30,DESCEND
7.7095,0.2033,0.1214,-0.0204,0.00761,-0.00129,0.01249,-5.00,0.00,0.00,38.2,125.63,634.69,264.26,DESCEND
7.7197,0.1333,0.0714,-0.2704,0.00161,-0.01429,0.01249,-5.00,0.00,0.00,38.3,125.63,634.70,264.20,DESCEND
7.7298,-0.0766,0.1714,-0.1004,-0.01538,-0.00329,0.01349,-5.00,0.00,0.00,38.3,125.63,634.70,264.16,DESCEND
7.7398,0.2933,0.1814,-0.2904,-0.01338,-0.02129,0.01349,-5.00,0.00,0.00,38.4,125.63,634.70,264.10,DESCEND
7.7499,0.1333,-0.0785,-0.0004,0.00461,-0.00129,0.01149,-5.00,0.00,0.00,38.4,125.63,634.70,264.06,DESCEND
7.7600,0.1533,0.1914,-0.1504,-0.02138,-0.02529,0.01349,-5.00,0.00,0.00,38.5,125.63,634.70,264.00,DESCEND
7.7702,0.3133,0.0814,-0.0604,0.01761,-0.00229,0.01449,-5.00,0.00,0.00,38.5,125.63,634.71,263.96,DESCEND
7.7803,0.1033,-0.0385,0.2395,0.00061,0.00470,0.00549,-5.00,0.00,0.00,38.6,125.63,634.71,263.90,DESCEND
7.7904,0.2333,0.1414,-0.2004,-0.00338,-0.01629,0.01649,-5.00,0.00,0.00,38.6,125.63,634.71,263.86,DESCEND
7.8004,0.0833,-0.1585,-0.1804,0.01061,0.00470,0.00849,-5.00,0.00,0.00,38.7,125.63,634.71,263.80,DESCEND
7.8106,0.3033,0.1114,0.1395,0.00661,-0.00329,0.01049,-5.00,0.00,0.00,38.7,125.63,634.71,263.76,DESCEND
7.8207,0.2233,0.2814,-0.1404,-0.00638,-0.00829,0.01349,-5.00,0.00,0.00,38.8,125.63,634.72,263.70,DESCEND
7.8308,0.1633,0.2914,-0.1104,0.01561,0.00370,0.01249,-5.00,0.00,0.00,38.8,125.63,634.72,263.66,DESCEND
7.8409,0.2033,-0.1385,0.0795,-0.00138,-0.00629,0.00749,-5.00,0.00,0.00,38.9,125.63,634.72,263.60,DESCEND
7.8510,0.2633,0.1014,-0.3504,0.01161,-0.00229,0.01249,-5.00,0.00,0.00,38.9,125.63,634.72,263.54,DESCEND
7.8611,0.3933,0.0514,-0.2604,0.01461,-0.00129,0.01049,-5.00,0.00,0.00,39.0,125.63,634.72,263.50,DESCEND
7.8712,0.0333,0.4714,-0.4204,-0.01038,-0.01829,0.01549,-5.00,0.00,0.00,39.0,125.64,634.73,263.44,DESCEND
7.8813,0.2433,-0.1985,0.2295,-0.00838,-0.01229,0.00749,-5.00,0.00,0.00,39.1,125.64,634.73,263.40,DESCEND
7.8914,0.4533,0.0614,-0.5004,0.00361,-0.01929,0.00949,-5.00,0.00,0.00,39.1,125.64,634.73,263.36,DESCEND
7.9015,0.0033,0.4114,-0.2504,-0.01238,-0.01629,0.01449,-5.00,0.00,0.00,39.2,125.64,634.73,263.30,DESCEND
7.9116,0.2233,-0.1385,-0.0404,0.00261,-0.01029,0.01049,-5.00,0.00,0.00,39.2,125.64,634.73,263.24,DESCEND
7.9217,0.0733,0.0114,0.0495,-0.00838,-0.00829,0.01249,-5.00,0.00,0.00,39.3,125.64,634.73,263.20,DESCEND
7.9318,0.3833,0.0414,-0.5104,0.01261,-0.01729,0.01149,-5.00,0.00,0.00,39.3,125.64,634.74,263.14,DESCEND
7.9419,0.4033,-0.2585,-0.0004,0.00861,-0.00529,0.00949,-5.00,0.00,0.00,39.4,125.64,634.74,263.10,DESCEND
7.9521,0.3633,0.0614,-0.2304,0.00261,-0.01429,0.01449,-5.00,0.00,0.00,39.4,125.64,634.74,263.04,DESCEND
7.9622,0.1533,0.2114,-0.1204,-0.01038,-0.01029,0.01349,-5.00,0.00,0.00,39.5,125.64,634.74,263.00,DESCEND
7.9723,0.2433,-0.0485,-0.1304,0.02161,0.00970,0.00949,-5.00,0.00,0.00,39.5,125.64,634.74,262.94,DESCEND
7.9824,0.0733,-0.2385,0.1495,-0.00138,-0.00329,0.00949,-5.00,0.00,0.00,39.6,125.64,634.75,262.90,DESCEND
7.9924,0.2433,0.1414,-0.3004,0.00561,-0.01429,0.00849,-5.00,0.00,0.00,39.6,125.64,634.75,262.84,DESCEND
8.0025,0.3033,0.0414,-0.4104,0.00561,-0.01229,0.01049,-5.00,0.00,0.00,39.7,125.64,634.75,262.80,DESCEND
8.0127,0.1833,0.3214,-0.3904,-0.00238,-0.01729,0.01549,-5.00,0.00,0.00,39.7,125.64,634.75,262.74,DESCEND
8.0228,0.1033,0.0214,-0.2004,-0.01438,-0.01529,0.01449,-5.00,0.00,0.00,39.8,125.64,634.75,262.70,DESCEND
8.0329,0.4333,0.0714,-0.4004,0.01461,-0.01829,0.01349,-5.00,0.00,0.00,39.8,125.64,634.75,262.64,DESCEND
8.0430,0.2233,0.1814,-0.0404,0.01461,-0.00529,0.01249,-5.00,0.00,0.00,39.9,125.64,634.76,262.58,DESCEND
8.0531,0.2433,-0.1585,0.0495,0.00461,-0.00129,0.00949,-5.00,0.00,0.00,39.9,125.64,634.76,262.54,DESCEND
8.0632,0.2333,0.3514,-0.3104,-0.00338,-0.01229,0.01349,-5.00,0.00,0.00,40.0,125.64,634.76,262.48,DESCEND
8.0733,-0.0266,0.4114,-0.1504,-0.00338,-0.00229,0.01549,-5.00,0.00,0.00,40.0,125.64,634.76,262.44,DESCEND
8.0834,0.2533,-0.1785,0.1495,0.01361,0.00570,0.01049,-5.00,0.00,0.00,40.1,125.64,634.76,262.38,DESCEND
8.0935,0.0533,0.2014,-0.2204,0.00261,-0.01229,0.01449,-5.00,0.00,0.00,40.1,125.64,634.77,262.34,DESCEND
8.1036,0.3333,0.2114,-0.1104,-0.00038,-0.00529,0.01249,-5.00,0.00,0.00,40.2,125.64,634.77,262.28,DESCEND
8.1137,0.2933,-0.1785,0.1795,0.02761,0.01170,0.00749,-5.00,0.00,0.00,40.2,125.64,634.77,262.24,DESCEND
8.1238,0.1533,-0.0885,-0.1104,0.00761,-0.00329,0.01049,-5.00,0.00,0.00,40.3,125.64,634.77,262.18,DESCEND
8.1340,0.1933,0.5614,-0.0804,0.00161,-0.00329,0.01649,-5.00,0.00,0.00,40.3,125.64,634.77,262.14,DESCEND
8.1441,0.1733,-0.0285,-0.0304,-0.00338,-0.00529,0.01249,-5.00,0.00,0.00,40.4,125.64,634.78,262.08,DESCEND
8.1542,0.2233,-0.1085,-0.0804,-0.00138,-0.01729,0.01049,-5.00,0.00,0.00,40.4,125.64,634.78,262.04,DESCEND
8.1643,0.1833,0.0614,0.3695,0.01461,0.01070,0.00749,-5.00,0.00,0.00,40.5,125.64,634.78,261.98,DESCEND
8.1745,0.2533,-0.0585,-0.1604,0.00261,-0.00029,0.01049,-5.00,0.00,0.00,40.5,125.64,634.78,261.94,DESCEND
8.1845,0.3733,0.0414,-0.2604,0.00361,-0.01429,0.01449,-5.00,0.00,0.00,40.6,125.64,634.78,261.88,DESCEND
8.1946,0.1033,0.0914,-0.3604,0.00561,-0.00229,0.01349,-5.00,0.00,0.00,40.6,125.64,634.78,261.84,DESCEND
8.2047,0.2533,0.1214,-0.1904,0.01061,-0.00729,0.01049,-5.00,0.00,0.00,40.7,125.64,634.79,261.78,DESCEND
8.2149,0.3033,0.2014,-0.1404,0.00461,-0.00729,0.00949,-5.00,0.00,0.00,40.7,125.64,634.79,261.72,DESCEND
8.2250,0.1233,-0.0885,-0.0804,0.01461,0.00470,0.01049,-5.00,0.00,0.00,40.8,125.64,634.79,261.68,DESCEND
8.2351,0.1533,0.1314,-0.0004,-0.00538,-0.00429,0.01249,-5.00,0.00,0.00,40.8,125.64,634.79,261.62,DESCEND
8.2452,0.1533,-0.2185,0.2995,0.00861,0.00870,0.00849,-5.00,0.00,0.00,40.9,125.64,634.79,261.58,DESCEND
8.2553,0.3533,-0.2885,0.2095,0.01961,-0.00429,0.00849,-5.00,0.00,0.00,40.9,125.64,634.80,261.52,DESCEND
8.2654,0.1633,0.1914,-0.1504,-0.00738,-0.01429,0.01449,-5.00,0.00,0.00,41.0,125.64,634.80,261.48,DESCEND
8.2756,0.2533,0.1214,0.0295,0.00761,-0.00929,0.01349,-5.00,0.00,0.00,41.0,125.64,634.80,261.42,DESCEND
8.2857,0.1933,0.2114,-0.2504,0.00561,-0.00729,0.01149,-5.00,0.00,0.00,41.1,125.64,634.80,261.38,DESCEND
8.2957,0.1133,0.4614,-0.1604,0.00161,0.00470,0.01349,-5.00,0.00,0.00,41.1,125.64,634.80,261.32,DESCEND
8.3058,0.1733,-0.0485,-0.0004,0.00361,-0.01029,0.00649,-5.00,0.00,0.00,41.2,125.64,634.81,261.28,DESCEND
8.3160,0.3833,0.0114,0.0495,0.00161,-0.00129,0.00849,-5.00,0.00,0.00,41.2,125.64,634.81,261.22,DESCEND
8.3261,0.1933,0.3914,-0.3804,0.00761,-0.01029,0.01349,-5.00,0.00,0.00,41.3,125.64,634.81,261.18,DESCEND
8.3361,-0.0566,0.1514,-0.1904,0.00261,0.00270,0.00649,-5.00,0.00,0.00,41.3,125.64,634.81,261.12,DESCEND
8.3463,0.3433,0.1014,-0.0904,0.00161,0.00470,0.00649,-5.00,0.00,0.00,41.4,125.64,634.81,261.08,DESCEND
8.3564,0.2633,-0.1185,0.1295,0.03061,0.02670,0.01149,-5.00,0.00,0.00,41.4,125.64,634.81,261.02,DESCEND
8.3664,0.3133,0.2714,-0.1504,-0.01538,0.00070,0.01249,-5.00,0.00,0.00,41.5,125.64,634.82,260.98,DESCEND
8.3766,0.3933,0.0214,-0.2704,0.00761,0.01170,0.00849,-5.00,0.00,0.00,41.5,125.64,634.82,260.92,DESCEND
8.3867,0.5533,0.2514,-0.0204,0.02461,0.03270,0.01049,-5.00,0.00,0.00,41.6,125.64,634.82,260.88,DESCEND
8.3968,0.4333,0.3714,-0.3304,0.02061,0.02470,0.00549,-5.00,0.00,0.00,41.6,125.64,634.82,260.82,DESCEND
8.4069,0.1433,0.3114,-0.1804,-0.01238,0.02270,0.00749,-5.00,0.00,0.00,41.7,125.64,634.82,260.76,DESCEND
8.4170,0.4333,-0.1185,0.1895,0.00761,0.03570,0.00149,-5.00,0.00,0.00,41.7,125.64,634.83,260.72,DESCEND
8.4271,0.5833,-0.0285,0.1595,-0.00038,0.02570,0.00349,-5.00,0.00,0.00,41.8,125.64,634.83,260.66,DESCEND
8.4373,0.3733,0.2414,-0.4604,-0.02338,0.02070,0.00349,-5.00,0.00,0.00,41.8,125.64,634.83,260.62,DESCEND
8.4474,0.4933,-0.0385,0.1195,0.02161,0.05170,-0.00150,-5.00,0.00,0.00,41.9,125.64,634.83,260.56,DESCEND
8.4574,0.5233,0.4414,-0.2604,0.01561,0.04170,0.00549,-5.00,0.00,0.00,41.9,125.64,634.83,260.52,DESCEND
8.4675,0.5333,-0.2585,0.5195,0.02461,0.06270,-0.00150,-5.00,0.00,0.00,42.0,125.64,634.84,260.46,DESCEND
8.4777,0.7233,-0.1985,0.1695,0.01761,0.05370,0.00049,-5.00,0.00,0.00,42.0,125.64,634.84,260.42,DESCEND
8.4878,0.5033,-0.0385,0.0195,-0.00338,0.03970,-0.00050,-5.00,0.00,0.00,42.1,125.64,634.84,260.36,DESCEND
8.4979,0.7233,0.0614,-0.2304,0.01361,0.05070,-0.00550,-5.00,0.00,0.00,42.1,125.64,634.84,260.32,DESCEND
8.5080,0.7433,0.1414,0.0695,0.01861,0.05170,0.00349,-5.00,0.00,0.00,42.2,125.64,634.84,260.26,DESCEND
8.5181,0.6433,0.1914,-0.1504,-0.00338,0.05070,-0.00050,-5.00,0.00,0.00,42.2,125.64,634.84,260.22,DESCEND
8.5282,0.7633,-0.0985,-0.1104,0.00461,0.04770,-0.00150,-5.00,0.00,0.00,42.3,125.64,634.85,260.16,DESCEND
8.5383,0.8033,0.0114,0.0095,0.02561,0.06170,-0.00350,-5.00,0.00,0.00,42.3,125.64,634.85,260.12,DESCEND
8.5485,0.5333,0.0014,0.0595,0.00761,0.06570,-0.00150,-5.00,0.00,0.00,42.4,125.64,634.85,260.06,DESCEND
8.5585,0.8133,0.4314,-0.4104,0.02561,0.06470,-0.00150,-5.00,0.00,0.00,42.4,125.64,634.85,260.02,DESCEND
8.5686,0.7133,0.0414,0.1895,0.00761,0.06070,-0.00550,-5.00,0.00,0.00,42.5,125.64,634.85,259.96,DESCEND
8.5788,0.7133,-0.0285,-0.0604,0.00961,0.06770,-0.00650,-5.00,0.00,0.00,42.5,125.64,634.86,259.92,DESCEND
8.5889,0.7433,-0.4085,0.5695,0.00661,0.08270,-0.00550,-5.00,0.00,0.00,42.6,125.64,634.86,259.86,DESCEND
8.5990,0.6833,0.1014,0.2295,0.01061,0.08270,-0.00750,-5.00,0.00,0.00,42.7,125.64,634.86,259.80,DESCEND
8.6091,0.4633,-0.1985,0.1295,0.00761,0.08270,-0.00450,-5.00,0.00,0.00,42.7,125.64,634.86,259.76,DESCEND
8.6192,0.6833,-0.0085,-0.0404,0.00361,0.08070,-0.00450,-5.00,0.00,0.00,42.8,125.65,634.86,259.70,DESCEND
8.6293,0.8633,0.1514,0.0395,0.01461,0.08170,-0.00550,-5.00,0.00,0.00,42.8,125.65,634.87,259.66,DESCEND
8.6394,0.7233,-0.0485,-0.1604,0.00761,0.07870,-0.00850,-5.00,0.00,0.00,42.9,125.65,634.87,259.60,DESCEND
8.6495,0.7733,0.0714,-0.1604,0.02261,0.09670,-0.01050,-5.00,0.00,0.00,42.9,125.65,634.87,259.56,DESCEND
8.6596,0.6633,0.0514,0.0795,0.00161,0.08970,-0.01050,-5.00,0.00,0.00,43.0,125.65,634.87,259.50,DESCEND
8.6697,0.9033,0.1614,0.0295,0.00561,0.08770,-0.01050,-5.00,0.00,0.00,43.0,125.65,634.87,259.46,DESCEND
8.6798,0.9233,0.0514,0.1695,0.02761,0.10570,-0.00850,-5.00,0.00,0.00,43.1,125.65,634.87,259.40,DESCEND
8.6899,0.9033,0.1414,0.0995,0.01061,0.10070,-0.01050,-5.00,0.00,0.00,43.1,125.65,634.88,259.36,DESCEND
8.7000,0.9433,0.1214,0.0895,0.01961,0.10270,-0.00850,-5.00,0.00,0.00,43.2,125.65,634.88,259.30,DESCEND
8.7102,0.7933,0.0314,0.0695,0.00161,0.09570,-0.01150,-5.00,0.00,0.00,43.2,125.65,634.88,259.26,DESCEND
8.7203,0.8133,-0.1285,-0.0604,-0.00138,0.09170,-0.01250,-5.00,0.00,0.00,43.3,125.65,634.88,259.20,SEARCH_Y
8.7304,1.2633,-0.1485,0.3195,0.03261,0.10670,-0.01350,0.00,-3.00,0.00,43.3,125.65,634.88,259.16,SEARCH_Y
8.7405,0.9333,-0.1385,-0.0604,0.00061,0.10270,-0.01150,0.00,-3.00,0.00,43.4,125.65,634.89,259.11,SEARCH_Y
8.7506,0.7933,-0.2185,0.2095,0.01061,0.10970,-0.01350,0.00,-3.00,0.00,43.4,125.64,634.89,259.07,SEARCH_Y
8.7607,1.1533,-0.2685,0.3695,0.03561,0.11970,-0.01350,0.00,-3.00,0.00,43.4,125.64,634.89,259.02,SEARCH_Y
8.7708,0.8533,0.2914,0.0595,0.01161,0.11670,-0.01250,0.00,-3.00,0.00,43.5,125.63,634.89,258.97,SEARCH_Y
8.7809,0.8233,0.2014,-0.0704,0.01861,0.12370,-0.01050,0.00,-3.00,0.00,43.5,125.62,634.89,258.94,SEARCH_Y
8.7910,0.9233,0.1314,0.0495,0.01161,0.12470,-0.01250,0.00,-3.00,0.00,43.6,125.61,634.89,258.90,SEARCH_Y
8.8011,0.8433,0.2614,-0.1204,-0.00238,0.10970,-0.01550,0.00,-3.00,0.00,43.6,125.60,634.89,258.88,SEARCH_Y
8.8112,1.0633,-0.0685,0.2095,0.00961,0.11370,-0.01550,0.00,-3.00,0.00,43.6,125.59,634.89,258.85,SEARCH_Y
8.8213,1.1233,-0.1685,0.4495,0.00961,0.12170,-0.01750,0.00,-3.00,0.00,43.6,125.57,634.89,258.83,SEARCH_Y
8.8314,0.9233,-0.0685,-0.0704,-0.00138,0.10670,-0.01450,0.00,-3.00,0.00,43.7,125.55,634.89,258.80,SEARCH_Y
8.8415,1.0833,0.0914,0.1195,0.00961,0.11870,-0.01450,0.00,-3.00,0.00,43.7,125.54,634.89,258.79,SEARCH_Y
8.8516,1.0333,0.1514,-0.0104,0.01061,0.11370,-0.01650,0.00,-3.00,0.00,43.7,125.51,634.89,258.77,SEARCH_Y
8.8617,1.0233,-0.1185,0.2895,0.01061,0.12270,-0.01650,0.00,-3.00,0.00,43.7,125.49,634.89,258.76,SEARCH_Y
8.8718,1.0733,0.2114,0.1595,0.01361,0.11470,-0.01450,0.00,-3.00,0.00,43.7,125.46,634.89,258.76,SEARCH_Y
8.8819,1.0033,-0.2085,0.0795,0.02161,0.12570,-0.01950,0.00,-3.00,0.00,43.7,125.44,634.89,258.75,SEARCH_Y
8.8920,0.8433,0.3814,-0.4804,-0.00738,0.10570,-0.01150,0.00,-3.00,0.00,43.7,125.40,634.89,258.75,SEARCH_Y
8.9021,1.0133,0.0114,0.0295,0.01161,0.11170,-0.01550,0.00,-3.00,0.00,43.7,125.38,634.89,258.75,SEARCH_Y
8.9122,0.9433,0.1614,0.1195,0.01561,0.11770,-0.01250,0.00,-3.00,0.00,43.7,125.34,634.89,258.75,SEARCH_Y
8.9223,1.1033,0.0814,0.1495,0.04561,0.12370,-0.01250,0.00,-3.00,0.00,43.7,125.32,634.89,258.75,SEARCH_Y
8.9324,0.7933,-0.1985,0.2095,0.02561,0.12570,-0.01250,0.00,-3.00,0.00,43.7,125.28,634.89,258.75,SEARCH_Y
8.9425,0.8233,0.0314,-0.0604,0.00961,0.10970,-0.01050,0.00,-3.00,0.00,43.7,125.26,634.89,258.75,SEARCH_Y
8.9526,0.9533,0.3114,0.0495,0.00561,0.11070,-0.01350,0.00,-3.00,0.00,43.7,125.22,634.89,258.75,SEARCH_Y
8.9627,1.0633,-0.2585,0.2595,0.00461,0.10370,-0.01250,0.00,-3.00,0.00,43.7,125.20,634.89,258.75,SEARCH_Y
8.9728,0.8833,-0.1085,0.1795,0.01761,0.11770,-0.01150,0.00,-3.00,0.00,43.7,125.16,634.88,258.75,SEARCH_Y
8.9829,1.0533,0.2414,0.1095,0.01061,0.10570,-0.01550,0.00,-3.00,0.00,43.7,125.13,634.88,258.75,SEARCH_Y
8.9931,1.1433,0.1714,0.0395,0.00161,0.11270,-0.01450,0.00,-3.00,0.00,43.7,125.10,634.88,258.75,SEARCH_Y
9.0031,0.8433,0.2514,-0.1704,-0.00838,0.09870,-0.00850,0.00,-3.00,0.00,43.7,125.07,634.88,258.75,SEARCH_Y
9.0133,0.8533,0.0414,-0.0704,0.00961,0.10670,-0.01450,0.00,-3.00,0.00,43.7,125.04,634.88,258.75,SEARCH_Y
9.0234,0.6433,-0.0485,-0.0304,-0.02138,0.10070,-0.01250,0.00,-3.00,0.00,43.7,125.01,634.88,258.75,SEARCH_Y
9.0335,0.7433,-0.0085,0.0495,-0.00738,0.11570,-0.01150,0.00,-3.00,0.00,43.7,124.98,634.88,258.75,SEARCH_Y
9.0437,0.7833,-0.1485,-0.1104,0.00161,0.10970,-0.01750,0.00,-3.00,0.00,43.7,124.95,634.88,258.75,SEARCH_Y
9.0538,0.8733,0.3014,0.0995,-0.02738,0.09570,-0.01250,0.00,-3.00,0.00,43.7,124.92,634.88,258.75,SEARCH_Y
9.0639,1.0433,0.1814,-0.1104,-0.00438,0.10370,-0.01150,0.00,-3.00,0.00,43.7,124.89,634.88,258.75,SEARCH_Y
9.0740,1.0233,0.6114,-0.3104,0.00161,0.10970,-0.01050,0.00,-3.00,0.00,43.7,124.86,634.88,258.75,SEARCH_Y
9.0841,1.1733,0.1314,-0.0604,0.01161,0.10670,-0.01450,0.00,-3.00,0.00,43.7,124.83,634.87,258.75,SEARCH_Y
9.0942,1.0633,0.2914,-0.0104,0.00661,0.10470,-0.01450,0.00,-3.00,0.00,43.7,124.80,634.87,258.75,SEARCH_Y
9.1043,0.9833,-0.1585,-0.0604,0.00161,0.10870,-0.01050,0.00,-3.00,0.00,43.7,124.77,634.87,258.75,SEARCH_Y
9.1144,0.9533,0.0714,-0.0004,-0.00138,0.11270,-0.01250,0.00,-3.00,0.00,43.7,124.74,634.87,258.75,SEARCH_Y
9.1245,1.0533,0.4314,-0.1004,0.00161,0.10370,-0.01250,0.00,-3.00,0.00,43.7,124.71,634.87,258.75,SEARCH_Y
9.1346,0.9833,0.5214,-0.2204,0.00161,0.10470,-0.01150,0.00,-3.00,0.00,43.7,124.68,634.87,258.75,SEARCH_Y
9.1448,0.9933,-0.2485,0.1195,0.00461,0.10870,-0.01250,0.00,-3.00,0.00,43.7,124.65,634.87,258.75,SEARCH_Y
9.1548,1.0033,-0.3185,0.2895,0.02961,0.13070,-0.02050,0.00,-3.00,0.00,43.7,124.62,634.87,258.75,SEARCH_Y
9.1649,0.7233,0.5714,-0.2304,-0.01638,0.11170,-0.01450,0.00,-3.00,0.00,43.7,124.59,634.87,258.75,SEARCH_Y
9.1751,0.9233,0.2614,-0.2304,0.00361,0.10670,-0.01350,0.00,-3.00,0.00,43.7,124.55,634.87,258.75,SEARCH_Y
9.1852,1.0833,0.4514,-0.1304,-0.00538,0.09870,-0.01350,0.00,-3.00,0.00,43.7,124.53,634.87,258.75,SEARCH_Y
9.1953,1.0433,0.1014,-0.0104,-0.00338,0.10870,-0.01650,0.00,-3.00,0.00,43.7,124.49,634.87,258.75,SEARCH_Y
9.2054,1.2333,-0.1485,0.0495,0.01461,0.11070,-0.01850,0.00,-3.00,0.00,43.7,124.46,634.86,258.75,SEARCH_Y
9.2155,0.9433,0.0514,0.3995,-0.00238,0.10570,-0.01650,0.00,-3.00,0.00,43.7,124.43,634.86,258.74,SEARCH_Y
9.2255,1.0333,-0.0985,-0.0604,-0.00338,0.10470,-0.01550,0.00,-3.00,0.00,43.7,124.40,634.86,258.74,SEARCH_Y
9.2357,0.7533,0.3814,-0.2904,-0.01138,0.10370,-0.01350,0.00,-3.00,0.00,43.7,124.37,634.86,258.74,SEARCH_Y
9.2458,0.7233,0.0814,-0.0204,-0.00038,0.10970,-0.01350,0.00,-3.00,0.00,43.7,124.34,634.86,258.74,SEARCH_Y
9.2559,0.9033,0.2014,-0.1504,-0.00938,0.09870,-0.01250,0.00,-3.00,0.00,43.7,124.31,634.86,258.74,SEARCH_Y
9.2660,1.0733,0.3014,-0.2004,0.00761,0.10070,-0.01150,0.00,-3.00,0.00,43.7,124.28,634.86,258.74,SEARCH_Y
9.2761,1.2733,-0.0185,-0.1404,0.00961,0.09770,-0.01550,0.00,-3.00,0.00,43.7,124.25,634.86,258.74,SEARCH_Y
9.2862,1.0333,-0.0285,-0.2704,-0.00038,0.08970,-0.01550,0.00,-3.00,0.00,43.7,124.22,634.86,258.74,SEARCH_Y
9.2963,1.0033,0.3914,-0.1904,-0.00838,0.09270,-0.01250,0.00,-3.00,0.00,43.7,124.19,634.86,258.74,SEARCH_Y
9.3063,0.9233,0.0214,-0.0704,0.00961,0.11170,-0.01450,0.00,-3.00,0.00,43.7,124.16,634.86,258.74,SEARCH_Y
9.3165,1.1433,0.2014,-0.1904,0.01161,0.09370,-0.01150,0.00,-3.00,0.00,43.7,124.13,634.85,258.74,SEARCH_Y
9.3266,0.8033,0.3014,-0.1104,-0.01238,0.09470,-0.01050,0.00,-3.00,0.00,43.7,124.10,634.85,258.74,SEARCH_Y
9.3367,0.6833,0.2114,0.0895,0.00461,0.10970,-0.00950,0.00,-3.00,0.00,43.7,124.07,634.85,258.74,SEARCH_Y
9.3468,0.8933,-0.0485,0.2495,-0.00038,0.10470,-0.01050,0.00,-3.00,0.00,43.7,124.03,634.85,258.74,SEARCH_Y
9.3568,0.8033,0.3214,0.2495,-0.00538,0.10070,-0.01050,0.00,-3.00,0.00,43.7,124.01,634.85,258.74,SEARCH_Y
9.3669,0.8433,0.1614,0.1195,-0.00738,0.09870,-0.01250,0.00,-3.00,0.00,43.7,123.97,634.85,258.74,SEARCH_Y
9.3771,1.1733,0.2714,-0.2904,0.01061,0.09270,-0.01050,0.00,-3.00,0.00,43.7,123.95,634.85,258.74,SEARCH_Y
9.3872,1.0933,0.0714,0.1095,0.01161,0.09370,-0.01150,0.00,-3.00,0.00,43.8,123.91,634.85,258.74,SEARCH_Y
9.3973,0.8433,0.1514,0.0995,-0.01038,0.09770,-0.01350,0.00,-3.00,0.00,43.8,123.89,634.85,258.74,SEARCH_Y
9.4074,0.9033,-0.0785,0.1495,0.01061,0.11470,-0.01150,0.00,-3.00,0.00,43.8,123.85,634.85,258.74,SEARCH_Y
9.4174,0.7333,0.2114,0.0395,-0.00738,0.10370,-0.01250,0.00,-3.00,0.00,43.8,123.83,634.85,258.74,SEARCH_Y
9.4275,0.9133,0.1314,-0.1804,0.00861,0.09370,-0.00850,0.00,-3.00,0.00,43.8,123.79,634.85,258.74,SEARCH_Y
9.4376,0.8733,0.1314,-0.2904,-0.01638,0.07970,-0.01050,0.00,-3.00,0.00,43.8,123.77,634.84,258.74,SEARCH_Y
9.4477,0.9033,-0.1285,0.0795,0.00861,0.10070,-0.01250,0.00,-3.00,0.00,43.8,123.73,634.84,258.74,SEARCH_Y
9.4578,0.8233,0.0114,-0.0704,-0.01538,0.09070,-0.01150,0.00,-3.00,0.00,43.8,123.71,634.84,258.74,SEARCH_Y
9.4680,0.8933,-0.0585,0.0995,0.00261,0.10370,-0.01450,0.00,-3.00,0.00,43.8,123.67,634.84,258.74,SEARCH_Y
9.4781,0.8133,0.2114,0.2095,0.00761,0.09970,-0.00950,0.00,-3.00,0.00,43.8,123.65,634.84,258.74,SEARCH_Y
9.4882,0.9233,0.2314,0.0595,0.01561,0.09970,-0.00650,0.00,-3.00,0.00,43.8,123.61,634.84,258.74,SEARCH_Y
9.4983,0.7233,0.2314,-0.0204,-0.01138,0.09970,-0.01350,0.00,-3.00,0.00,43.8,123.59,634.84,258.74,SEARCH_Y
9.5084,0.8933,0.0514,0.1795,0.01161,0.10570,-0.01250,0.00,-3.00,0.00,43.8,123.55,634.84,258.74,SEARCH_Y
9.5184,0.8433,0.2314,-0.1004,-0.01438,0.07970,-0.00850,0.00,-3.00,0.00,43.8,123.53,634.84,258.74,SEARCH_Y
9.5285,0.9733,0.1514,0.0495,-0.00738,0.09570,-0.01150,0.00,-3.00,0.00,43.8,123.49,634.84,258.74,SEARCH_Y
9.5386,0.8533,0.2714,-0.0704,-0.02238,0.08770,-0.01050,0.00,-3.00,0.00,43.8,123.47,634.84,258.74,SEARCH_Y
9.5487,0.7133,0.6414,-0.4404,0.00161,0.09870,-0.00750,0.00,-3.00,0.00,43.8,123.43,634.83,258.74,SEARCH_Y
9.5588,0.8833,0.2714,-0.1504,-0.00438,0.09070,-0.00750,0.00,-3.00,0.00,43.8,123.41,634.83,258.74,SEARCH_Y
9.5689,0.8833,0.0414,0.2295,0.01561,0.10870,-0.01350,0.00,-3.00,0.00,43.8,123.37,634.83,258.74,SEARCH_Y
9.5790,0.9633,-0.0385,0.1195,0.00361,0.09670,-0.01350,0.00,-3.00,0.00,43.8,123.33,634.83,258.74,SEARCH_Y
9.5891,0.7033,0.0714,0.1595,-0.00238,0.09970,-0.01150,0.00,-3.00,0.00,43.8,123.31,634.83,258.74,SEARCH_Y
9.5992,0.9833,0.3014,-0.2404,-0.00238,0.09170,-0.01250,0.00,-3.00,0.00,43.8,123.27,634.83,258.74,SEARCH_Y
9.6094,0.8733,0.1614,-0.0804,-0.01338,0.08170,-0.01050,0.00,-3.00,0.00,43.8,123.25,634.83,258.74,SEARCH_Y
9.6195,0.7633,0.2514,-0.2204,-0.02138,0.08370,-0.00950,0.00,-3.00,0.00,43.8,123.21,634.83,258.74,SEARCH_Y
9.6296,0.8833,0.5914,-0.3604,-0.00438,0.08970,-0.00450,0.00,-3.00,0.00,43.8,123.19,634.83,258.74,SEARCH_Y
9.6397,0.8133,0.2114,-0.0604,-0.00938,0.08570,-0.00950,0.00,-3.00,0.00,43.8,123.15,634.83,258.74,SEARCH_Y
9.6498,0.7533,0.1414,0.0095,-0.01338,0.09470,-0.01050,0.00,-3.00,0.00,43.8,123.13,634.83,258.74,SEARCH_Y
9.6599,0.7833,0.0514,-0.1704,0.00661,0.09670,-0.01050,0.00,-3.00,0.00,43.8,123.09,634.83,258.74,SEARCH_Y
9.6700,0.9133,-0.1185,0.1295,0.01761,0.09870,-0.01050,0.00,-3.00,0.00,43.8,123.07,634.82,258.74,SEARCH_Y
9.6801,0.8033,0.2514,-0.1104,0.01261,0.08770,-0.00750,0.00,-3.00,0.00,43.8,123.03,634.82,258.74,SEARCH_Y
9.6902,0.7633,0.2914,0.0895,0.00861,0.09570,-0.01050,0.00,-3.00,0.00,43.8,123.01,634.82,258.74,SEARCH_Y
9.7003,0.7433,-0.3585,0.0995,0.00861,0.09670,-0.01250,0.00,-3.00,0.00,43.8,122.97,634.82,258.74,SEARCH_Y
9.7105,0.9333,-0.0985,-0.1304,0.01361,0.09670,-0.01050,0.00,-3.00,0.00,43.8,122.95,634.82,258.74,SEARCH_Y
9.7206,0.8733,-0.1085,0.1595,-0.00638,0.08670,-0.01150,0.00,-3.00,0.00,43.8,122.91,634.82,258.74,SEARCH_Y
9.7307,0.7833,0.0414,-0.1404,0.00261,0.09070,-0.00950,0.00,-3.00,0.00,43.8,122.89,634.82,258.74,SEARCH_Y
9.7407,0.6733,0.2014,-0.1504,-0.00638,0.08770,-0.00950,0.00,-3.00,0.00,43.8,122.85,634.82,258.74,SEARCH_Y
9.7508,0.8033,0.3314,0.0695,-0.00138,0.09670,-0.01050,0.00,-3.00,0.00,43.8,122.82,634.82,258.74,SEARCH_Y
9.7609,0.7733,0.1514,-0.0404,0.00761,0.10470,-0.00750,0.00,-3.00,0.00,43.8,122.79,634.82,258.74,SEARCH_Y
9.7710,0.7933,0.1214,-0.1904,-0.00938,0.08170,-0.00750,0.00,-3.00,0.00,43.8,122.76,634.82,258.74,SEARCH_Y
9.7811,0.8333,0.0914,0.1395,-0.00538,0.09670,-0.01050,0.00,-3.00,0.00,43.8,122.73,634.81,258.74,SEARCH_Y
9.7912,0.9533,0.0914,-0.3004,0.00261,0.07970,-0.00850,0.00,-3.00,0.00,43.8,122.69,634.81,258.74,SEARCH_Y
9.8013,0.8633,0.2214,-0.0904,0.01461,0.08970,-0.00650,0.00,-3.00,0.00,43.8,122.67,634.81,258.74,SEARCH_Y
9.8115,0.6733,-0.1785,0.1295,0.02261,0.10570,-0.01050,0.00,-3.00,0.00,43.8,122.63,634.81,258.74,SEARCH_Y
9.8216,0.8333,0.1914,0.0995,0.01261,0.09370,-0.00650,0.00,-3.00,0.00,43.8,122.61,634.81,258.74,SEARCH_Y
9.8316,0.9033,0.0414,0.0095,0.01561,0.08870,-0.01050,0.00,-3.00,0.00,43.8,122.57,634.81,258.74,SEARCH_Y
9.8418,0.8733,0.0614,-0.1704,0.01361,0.09370,-0.00850,0.00,-3.00,0.00,43.8,122.55,634.81,258.74,SEARCH_Y
9.8518,0.8733,-0.3685,0.0895,0.00861,0.08870,-0.01050,0.00,-3.00,0.00,43.8,122.51,634.81,258.74,SEARCH_Y
9.8619,0.7533,0.0614,-0.3604,0.00461,0.08470,-0.00750,0.00,-3.00,0.00,43.8,122.49,634.81,258.74,SEARCH_Y
9.8720,0.9133,0.3414,-0.2104,-0.00338,0.08170,-0.00750,0.00,-3.00,0.00,43.8,122.45,634.81,258.74,SEARCH_Y
9.8821,0.6833,0.0614,0.2195,-0.00538,0.10170,-0.00950,0.00,-3.00,0.00,43.8,122.43,634.81,258.74,SEARCH_Y
9.8922,0.7833,-0.0085,-0.1104,0.00861,0.09870,-0.01050,0.00,-3.00,0.00,43.8,122.39,634.81,258.74,SEARCH_Y
9.9023,0.8933,0.2314,0.1895,0.00261,0.09270,-0.00950,0.00,-3.00,0.00,43.8,122.37,634.80,258.73,SEARCH_Y
9.9125,0.9733,0.1714,-0.1104,0.00961,0.08470,-0.00950,0.00,-3.00,0.00,43.8,122.33,634.80,258.73,SEARCH_Y
9.9225,0.7333,0.0914,-0.2004,-0.00238,0.08570,-0.00750,0.00,-3.00,0.00,43.8,122.31,634.80,258.73,SEARCH_Y
9.9326,0.8433,-0.0285,-0.0404,0.01361,0.08770,-0.01050,0.00,-3.00,0.00,43.8,122.27,634.80,258.73,SEARCH_Y
9.9428,0.8633,-0.0585,-0.1304,0.00761,0.08170,-0.01250,0.00,-3.00,0.00,43.9,122.24,634.80,258.73,SEARCH_Y
9.9529,0.7533,0.2814,-0.1404,-0.00338,0.08470,-0.00850,0.00,-3.00,0.00,43.9,122.21,634.80,258.73,SEARCH_Y
9.9630,0.8833,0.0214,0.1495,-0.00138,0.08670,-0.01050,0.00,-3.00,0.00,43.9,122.18,634.80,258.73,SEARCH_Y
9.9731,0.9533,0.0314,-0.1604,0.01961,0.08770,-0.00950,0.00,-3.00,0.00,43.9,122.15,634.80,258.73,SEARCH_Y
9.9832,0.8333,0.4514,-0.5804,-0.01238,0.07070,-0.00550,0.00,-3.00,0.00,43.9,122.12,634.80,258.73,SEARCH_Y
9.9933,0.8633,-0.0785,0.1095,0.00161,0.09070,-0.01050,0.00,-3.00,0.00,43.9,122.09,634.80,258.73,SEARCH_Y
10.0034,0.9133,0.1414,0.1595,0.00661,0.08770,-0.00850,0.00,-3.00,0.00,43.9,122.06,634.80,258.73,SEARCH_Y
10.0135,0.5933,0.2814,-0.3204,-0.01738,0.07370,-0.00750,0.00,-3.00,0.00,43.9,122.03,634.79,258.73,SEARCH_Y
10.0236,0.7133,-0.0185,-0.0804,-0.00738,0.08170,-0.00850,0.00,-3.00,0.00,43.9,122.00,634.79,258.73,SEARCH_Y
10.0337,0.9033,0.1314,-0.1504,0.00161,0.07170,-0.00850,0.00,-3.00,0.00,43.9,121.97,634.79,258.73,SEARCH_Y
10.0439,0.8133,0.0114,-0.0604,0.00561,0.08370,-0.01050,0.00,-3.00,0.00,43.9,121.94,634.79,258.73,SEARCH_Y
10.0540,0.8233,-0.1085,-0.1804,-0.00738,0.07670,-0.00850,0.00,-3.00,0.00,43.9,121.91,634.79,258.73,SEARCH_Y
10.0640,0.6533,-0.0485,0.0795,0.00161,0.09570,-0.00950,0.00,-3.00,0.00,43.9,121.88,634.79,258.73,SEARCH_Y
10.0742,0.6433,0.3114,-0.2604,-0.01238,0.08670,-0.00850,0.00,-3.00,0.00,43.9,121.85,634.79,258.73,SEARCH_Y
10.0843,0.6733,-0.0885,0.1795,-0.00738,0.08770,-0.01050,0.00,-3.00,0.00,43.9,121.82,634.79,258.73,SEARCH_Y
10.0944,0.7433,0.3514,-0.1604,-0.01638,0.07970,-0.00750,0.00,-3.00,0.00,43.9,121.79,634.79,258.73,SEARCH_Y
10.1045,0.9533,0.2514,-0.2404,0.01261,0.07670,-0.00650,0.00,-3.00,0.00,43.9,121.76,634.79,258.73,SEARCH_Y
10.1146,0.7333,-0.1585,0.0295,-0.01038,0.08470,-0.00750,0.00,-3.00,0.00,43.9,121.73,634.79,258.73,SEARCH_Y
10.1247,0.6733,0.2714,-0.1604,-0.00938,0.07870,-0.01050,0.00,-3.00,0.00,43.9,121.70,634.79,258.73,SEARCH_Y
10.1348,0.6733,-0.1685,0.0395,-0.00338,0.08870,-0.01250,0.00,-3.00,0.00,43.9,121.67,634.78,258.73,SEARCH_Y
10.1449,0.8433,0.1614,0.0295,0.01461,0.09670,-0.00850,0.00,-3.00,0.00,43.9,121.64,634.78,258.73,SEARCH_Y
10.1550,0.7133,0.0414,0.0295,-0.00738,0.08170,-0.01050,0.00,-3.00,0.00,43.9,121.60,634.78,258.73,SEARCH_Y
10.1651,0.7833,0.0514,-0.0804,0.01261,0.09570,-0.01250,0.00,-3.00,0.00,43.9,121.58,634.78,258.73,SEARCH_Y
10.1752,0.9833,0.1114,-0.0104,-0.00538,0.07870,-0.00750,0.00,-3.00,0.00,43.9,121.54,634.78,258.73,SEARCH_Y
10.1853,0.9633,-0.2485,-0.1104,0.00361,0.08170,-0.00950,0.00,-3.00,0.00,43.9,121.51,634.78,258.73,SEARCH_Y
10.1954,0.8033,-0.0085,0.1595,-0.00138,0.09170,-0.01050,0.00,-3.00,0.00,43.9,121.48,634.78,258.73,SEARCH_Y
10.2055,0.8933,-0.1585,0.0095,0.01061,0.09670,-0.01050,0.00,-3.00,0.00,43.9,121.45,634.78,258.73,SEARCH_Y
10.2156,0.6133,0.2014,0.0395,-0.00438,0.08570,-0.00450,0.00,-3.00,0.00,43.9,121.42,634.78,258.73,SEARCH_Y
10.2257,0.8933,0.1714,-0.1904,0.02361,0.09170,-0.00650,0.00,-3.00,0.00,43.9,121.39,634.78,258.73,SEARCH_Y
10.2358,0.7233,0.2314,0.0995,0.00061,0.08770,-0.01050,0.00,-3.00,0.00,43.9,121.36,634.78,258.73,SEARCH_Y
10.2459,0.7433,-0.1085,-0.2104,-0.00038,0.08370,-0.01050,0.00,-3.00,0.00,43.9,121.33,634.77,258.73,SEARCH_Y
10.2560,0.9033,-0.0585,-0.0104,0.01461,0.08470,-0.00850,0.00,-3.00,0.00,43.9,121.30,634.77,258.73,SEARCH_Y
10.2661,0.7633,0.1814,-0.1704,-0.00538,0.07470,-0.00350,0.00,-3.00,0.00,43.9,121.27,634.77,258.73,SEARCH_Y
10.2763,0.9033,0.2214,-0.1704,-0.00438,0.07670,-0.00450,0.00,-3.00,0.00,43.9,121.24,634.77,258.73,SEARCH_Y
10.2864,0.8533,0.1714,-0.2004,0.00461,0.07270,-0.00650,0.00,-3.00,0.00,43.9,121.21,634.77,258.73,SEARCH_Y
10.2964,0.9233,0.1114,0.0995,0.00561,0.08070,-0.00850,0.00,-3.00,0.00,43.9,121.18,634.77,258.73,SEARCH_Y
10.3065,0.7433,0.1614,-0.1004,0.00061,0.08370,-0.01050,0.00,-3.00,0.00,43.9,121.15,634.77,258.73,SEARCH_Y
10.3166,0.7333,0.1714,-0.1104,-0.00138,0.08770,-0.00650,0.00,-3.00,0.00,44.0,121.12,634.77,258.73,SEARCH_Y
10.3267,0.6233,0.1014,-0.1004,-0.00238,0.08370,-0.00650,0.00,-3.00,0.00,44.0,121.09,634.77,258.73,SEARCH_Y
10.3369,0.7133,0.1714,-0.3304,-0.00438,0.07670,-0.00650,0.00,-3.00,0.00,44.0,121.06,634.77,258.73,SEARCH_Y
10.3470,0.8333,0.1414,-0.0804,0.01761,0.08770,-0.00450,0.00,-3.00,0.00,44.0,121.02,634.77,258.73,SEARCH_Y
10.3571,0.8233,0.2014,-0.2104,0.00061,0.08470,-0.00850,0.00,-3.00,0.00,44.0,121.00,634.77,258.73,SEARCH_Y
10.3672,0.6233,0.0214,-0.0304,-0.02238,0.07470,-0.00850,0.00,-3.00,0.00,44.0,120.96,634.76,258.73,SEARCH_Y
10.3773,0.8433,0.1914,0.0195,-0.01038,0.07270,-0.00450,0.00,-3.00,0.00,44.0,120.94,634.76,258.73,SEARCH_Y
10.3874,0.9233,-0.0785,0.1095,-0.00038,0.07770,-0.00550,0.00,-3.00,0.00,44.0,120.90,634.76,258.73,SEARCH_Y
10.3975,0.8433,0.4414,-0.2604,-0.00238,0.08570,-0.00750,0.00,-3.00,0.00,44.0,120.88,634.76,258.73,SEARCH_Y
10.4076,0.8133,0.1914,-0.0104,0.00461,0.08670,-0.00650,0.00,-3.00,0.00,44.0,120.84,634.76,258.73,SEARCH_Y
10.4177,0.7433,-0.0385,0.0695,0.00161,0.08870,-0.00850,0.00,-3.00,0.00,44.0,120.82,634.76,258.73,SEARCH_Y
10.4278,0.8533,0.3914,-0.2204,0.00661,0.08270,-0.00850,0.00,-3.00,0.00,44.0,120.78,634.76,258.73,SEARCH_Y
10.4379,0.6833,0.2914,-0.1004,-0.00338,0.08570,-0.00650,0.00,-3.00,0.00,44.0,120.76,634.76,258.73,SEARCH_Y
10.4481,0.9433,0.0314,-0.0804,0.00261,0.08170,-0.00950,0.00,-3.00,0.00,44.0,120.72,634.76,258.73,SEARCH_Y
10.4582,0.7033,-0.0985,-0.2604,0.01761,0.09270,-0.00650,0.00,-3.00,0.00,44.0,120.70,634.76,258.73,SEARCH_Y
10.4682,0.5733,0.1614,-0.0404,0.00361,0.08770,-0.00750,0.00,-3.00,0.00,44.0,120.66,634.76,258.73,SEARCH_Y
10.4784,0.6633,0.1614,-0.1304,-0.00538,0.08370,-0.00850,0.00,-3.00,0.00,44.0,120.64,634.75,258.73,SEARCH_Y
10.4884,0.7433,0.1114,-0.0204,0.00861,0.08770,-0.00650,0.00,-3.00,0.00,44.0,120.60,634.75,258.73,SEARCH_Y
10.4985,0.7033,0.1014,-0.2604,-0.00138,0.07670,-0.00850,0.00,-3.00,0.00,44.0,120.58,634.75,258.73,SEARCH_Y
10.5087,0.7633,-0.0885,-0.2404,0.00461,0.07670,-0.00650,0.00,-3.00,0.00,44.0,120.54,634.75,258.73,SEARCH_Y
10.5188,0.9933,0.1114,-0.1004,-0.00838,0.06970,-0.00650,0.00,-3.00,0.00,44.0,120.52,634.75,258.73,SEARCH_Y
10.5289,0.8533,0.2714,-0.2104,0.00761,0.08970,-0.00650,0.00,-3.00,0.00,44.0,120.48,634.75,258.73,SEARCH_Y
10.5390,0.7933,0.1714,-0.1404,-0.00338,0.07870,-0.00950,0.00,-3.00,0.00,44.0,120.44,634.75,258.73,SEARCH_Y
10.5491,0.8733,0.1514,-0.4204,0.00861,0.07370,-0.00750,0.00,-3.00,0.00,44.0,120.42,634.75,258.73,SEARCH_Y
10.5592,0.8833,0.1814,-0.0004,0.00261,0.07670,-0.00750,0.00,-3.00,0.00,44.0,120.38,634.75,258.73,SEARCH_Y
10.5693,0.7433,0.2014,0.0895,-0.00838,0.08370,-0.00750,0.00,-3.00,0.00,44.0,120.36,634.75,258.73,SEARCH_Y
10.5794,0.8533,0.1414,-0.0704,0.01161,0.08770,-0.00450,0.00,-3.00,0.00,44.0,120.32,634.75,258.73,SEARCH_Y
10.5895,0.6633,-0.0785,-0.1304,-0.01338,0.07870,-0.00850,0.00,-3.00,0.00,44.0,120.30,634.74,258.72,SEARCH_Y
10.5996,0.8133,0.0314,0.0895,0.00161,0.07970,-0.00950,0.00,-3.00,0.00,44.1,120.26,634.74,258.72,SEARCH_Y
10.6098,0.7633,-0.0585,-0.2104,0.00361,0.08570,-0.00950,0.00,-3.00,0.00,44.1,120.24,634.74,258.72,SEARCH_Y
10.6199,0.9133,-0.0185,-0.1104,-0.00038,0.07370,-0.01050,0.00,-3.00,0.00,44.1,120.20,634.74,258.72,SEARCH_Y
10.6300,0.7433,-0.2485,0.2895,0.01161,0.09170,-0.00850,0.00,-3.00,0.00,44.1,120.18,634.74,258.72,SEARCH_Y
10.6401,0.7233,0.2714,-0.2404,-0.00238,0.07570,-0.00550,0.00,-3.00,0.00,44.1,120.14,634.74,258.72,SEARCH_Y
10.6501,0.7333,0.1514,0.0795,-0.00238,0.08870,-0.01150,0.00,-3.00,0.00,44.1,120.12,634.74,258.72,SEARCH_Y
10.6602,0.8733,-0.0985,-0.0904,0.01861,0.07770,-0.00850,0.00,-3.00,0.00,44.1,120.08,634.74,258.72,SEARCH_Y
10.6703,0.7333,0.2414,-0.5004,-0.01138,0.06170,-0.00550,0.00,-3.00,0.00,44.1,120.06,634.74,258.72,SEARCH_Y
10.6805,0.6233,-0.1185,0.2795,-0.00238,0.08770,-0.00850,0.00,-3.00,0.00,44.1,120.02,634.74,258.72,SEARCH_Y
10.6906,0.7333,0.3914,-0.3204,-0.01138,0.07670,-0.00750,0.00,-3.00,0.00,44.1,120.00,634.74,258.72,SEARCH_Y
10.7007,0.8833,-0.1985,-0.0304,0.01461,0.08270,-0.00950,0.00,-3.00,0.00,44.1,119.96,634.74,258.72,SEARCH_Y
10.7108,0.8233,0.2414,-0.4204,0.00861,0.07670,-0.00350,0.00,-3.00,0.00,44.1,119.93,634.73,258.72,SEARCH_Y
10.7209,0.5933,0.1314,-0.0304,0.01261,0.08870,-0.00550,0.00,-3.00,0.00,44.1,119.90,634.73,258.72,SEARCH_Y
10.7310,0.6633,-0.0385,-0.0704,-0.00638,0.06970,-0.00850,0.00,-3.00,0.00,44.1,119.87,634.73,258.72,SEARCH_Y
10.7411,0.7533,0.3814,-0.3404,0.01461,0.08570,-0.00050,0.00,-3.00,0.00,44.1,119.84,634.73,258.72,SEARCH_Y
10.7513,0.9233,0.0214,-0.0104,0.00761,0.07870,-0.01050,0.00,-3.00,0.00,44.1,119.81,634.73,258.72,SEARCH_Y
10.7614,0.8933,0.2914,-0.2304,0.00661,0.07070,-0.00450,0.00,-3.00,0.00,44.1,119.78,634.73,258.72,SEARCH_Y
10.7714,0.7133,-0.0185,-0.0304,0.01961,0.08670,-0.00650,0.00,-3.00,0.00,44.1,119.74,634.73,258.72,SEARCH_Y
10.7815,0.7333,0.3114,-0.5004,0.01361,0.07570,-0.00450,0.00,-3.00,0.00,44.1,119.72,634.73,258.72,SEARCH_Y
10.7917,0.6533,0.2314,-0.2804,0.00061,0.07770,-0.00550,0.00,-3.00,0.00,44.1,119.68,634.73,258.72,SEARCH_Y
10.8017,0.5233,-0.2085,-0.0804,0.00261,0.08470,-0.00750,0.00,-3.00,0.00,44.1,119.66,634.73,258.72,SEARCH_Y
10.8119,0.8033,-0.0085,-0.3204,0.01461,0.07970,-0.00750,0.00,-3.00,0.00,44.1,119.62,634.73,258.72,SEARCH_Y
10.8219,0.7633,0.3814,-0.1904,0.00061,0.08070,-0.00750,0.00,-3.00,0.00,44.1,119.60,634.72,258.72,SEARCH_Y
10.8320,0.8033,0.2314,0.2495,-0.00038,0.08270,-0.00650,0.00,-3.00,0.00,44.1,119.56,634.72,258.72,SEARCH_Y
10.8421,0.7533,0.1714,-0.0004,0.01261,0.09170,-0.00750,0.00,-3.00,0.00,44.1,119.54,634.72,258.72,SEARCH_Y
10.8522,0.5733,-0.1485,0.3095,-0.01238,0.09170,-0.01050,0.00,-3.00,0.00,44.2,119.50,634.72,258.72,SEARCH_Y
10.8623,0.8733,0.2014,-0.1604,0.01661,0.08370,-0.00650,0.00,-3.00,0.00,44.2,119.48,634.72,258.72,SEARCH_Y
10.8724,0.9133,-0.1485,0.0195,0.00961,0.07870,-0.00650,0.00,-3.00,0.00,44.2,119.44,634.72,258.72,SEARCH_Y
10.8825,0.7533,0.3114,0.0995,0.00261,0.08970,-0.00650,0.00,-3.00,0.00,44.2,119.42,634.72,258.72,SEARCH_Y
10.8926,0.6633,0.1114,-0.4304,-0.00838,0.06170,-0.00950,0.00,-3.00,0.00,44.2,119.38,634.72,258.72,SEARCH_Y
10.9027,0.7633,0.3614,-0.4004,0.00061,0.07470,-0.00550,0.00,-3.00,0.00,44.2,119.36,634.72,258.72,SEARCH_Y
10.9129,0.9633,-0.1285,0.4695,0.01061,0.07970,-0.00950,0.00,-3.00,0.00,44.2,119.32,634.72,258.72,SEARCH_Y
10.9230,0.8633,0.3314,-0.3304,0.00561,0.07270,-0.00550,0.00,-3.00,0.00,44.2,119.29,634.72,258.72,SEARCH_Y
10.9331,0.8133,-0.2885,0.1095,0.01461,0.07970,-0.01150,0.00,-3.00,0.00,44.2,119.26,634.72,258.72,SEARCH_Y
10.9432,0.7233,-0.0085,0.1395,0.00661,0.08370,-0.00750,0.00,-3.00,0.00,44.2,119.23,634.71,258.72,SEARCH_Y
10.9533,0.8033,0.2214,-0.0204,0.00761,0.08970,-0.01050,0.00,-3.00,0.00,44.2,119.20,634.71,258.72,SEARCH_Y
10.9634,0.7633,0.2914,-0.4804,0.00961,0.06370,-0.00250,0.00,-3.00,0.00,44.2,119.17,634.71,258.72,SEARCH_Y
10.9735,0.8233,0.3314,-0.3504,0.00761,0.07670,-0.00450,0.00,-3.00,0.00,44.2,119.14,634.71,258.72,SEARCH_Y
10.9836,0.7333,0.3714,-0.3204,-0.01138,0.06470,-0.00350,0.00,-3.00,0.00,44.2,119.11,634.71,258.72,SEARCH_Y
10.9937,0.7933,0.1614,-0.0904,0.01361,0.08370,-0.00350,0.00,-3.00,0.00,44.2,119.08,634.71,258.72,SEARCH_Y
11.0038,0.5333,0.1514,-0.0804,-0.00838,0.08570,-0.00950,0.00,-3.00,0.00,44.2,119.05,634.71,258.72,SEARCH_Y
11.0139,0.7033,0.4214,-0.3204,-0.00338,0.08170,-0.00650,0.00,-3.00,0.00,44.2,119.02,634.71,258.72,SEARCH_Y
11.0240,0.8533,0.5014,-0.3104,-0.00138,0.06570,-0.00150,0.00,-3.00,0.00,44.2,118.99,634.71,258.72,SEARCH_Y
11.0341,0.6633,-0.0185,-0.2704,-0.00838,0.07570,-0.00750,0.00,-3.00,0.00,44.2,118.96,634.71,258.72,SEARCH_Y
11.0442,0.5533,0.3014,0.0995,-0.00838,0.08170,-0.00950,0.00,-3.00,0.00,44.2,118.93,634.71,258.72,SEARCH_Y
11.0543,0.8933,0.2014,-0.2904,-0.01938,0.08070,-0.01150,0.00,-3.00,0.00,44.2,118.90,634.70,258.72,SEARCH_Y
11.0644,0.7933,0.0214,0.1495,-0.03438,0.07770,-0.01350,0.00,-3.00,0.00,44.2,118.87,634.70,258.72,SEARCH_Y
11.0745,0.9133,0.4114,-0.1404,-0.02138,0.08470,-0.01850,0.00,-3.00,0.00,44.2,118.84,634.70,258.72,SEARCH_Y
11.0846,0.9233,0.3114,-0.3404,-0.03238,0.06270,-0.01150,0.00,-3.00,0.00,44.3,118.81,634.70,258.72,SEARCH_Y
11.0947,0.9033,0.0014,0.2795,-0.03238,0.08470,-0.01850,0.00,-3.00,0.00,44.3,118.78,634.70,258.72,SEARCH_Y
11.1048,0.6633,0.5614,0.2895,-0.04838,0.07770,-0.01250,0.00,-3.00,0.00,44.3,118.75,634.70,258.72,SEARCH_Y
11.1149,0.5733,0.5914,-0.4504,-0.05038,0.08370,-0.01550,0.00,-3.00,0.00,44.3,118.71,634.70,258.72,SEARCH_Y
11.1250,0.9033,0.1914,0.0395,-0.03738,0.08570,-0.01450,0.00,-3.00,0.00,44.3,118.69,634.70,258.72,SEARCH_Y
11.1351,0.7733,0.5414,0.0795,-0.04638,0.09170,-0.01650,0.00,-3.00,0.00,44.3,118.65,634.70,258.72,SEARCH_Y
11.1452,0.9133,0.6414,-0.2704,-0.05038,0.08970,-0.02150,0.00,-3.00,0.00,44.3,118.63,634.70,258.72,SEARCH_Y
11.1553,0.8533,0.6714,-0.3504,-0.04938,0.08870,-0.01950,0.00,-3.00,0.00,44.3,118.59,634.70,258.72,SEARCH_Y
11.1654,0.9433,0.2214,0.2595,-0.03038,0.10270,-0.02050,0.00,-3.00,0.00,44.3,118.56,634.70,258.72,SEARCH_Y
11.1755,0.7333,0.8514,-0.3204,-0.04938,0.08970,-0.01950,0.00,-3.00,0.00,44.3,118.53,634.69,258.72,SEARCH_Y
11.1856,0.6833,0.4314,-0.0304,-0.05838,0.09970,-0.02050,0.00,-3.00,0.00,44.3,118.50,634.69,258.72,SEARCH_Y
11.1957,1.0533,0.4814,-0.2304,-0.02838,0.10570,-0.02250,0.00,-3.00,0.00,44.3,118.47,634.69,258.72,SEARCH_Y
11.2058,1.0233,0.2014,0.1395,-0.01838,0.11270,-0.02550,0.00,-3.00,0.00,44.3,118.44,634.69,258.72,SEARCH_Y
11.2159,0.9333,0.5914,-0.0304,-0.03738,0.09770,-0.02250,0.00,-3.00,0.00,44.3,118.41,634.69,258.72,SEARCH_Y
11.2260,0.8933,0.3514,-0.1404,-0.01438,0.11070,-0.01850,0.00,-3.00,0.00,44.3,118.38,634.69,258.72,SEARCH_Y
11.2362,1.0333,0.3214,-0.4704,0.00561,0.10670,-0.01850,0.00,-3.00,0.00,44.3,118.35,634.69,258.72,SEARCH_Y
11.2463,0.9833,0.4114,-0.4704,0.00061,0.10370,-0.01950,0.00,-3.00,0.00,44.3,118.32,634.69,258.72,SEARCH_Y
11.2563,0.6933,0.4214,-0.1804,-0.02938,0.09770,-0.02250,0.00,-3.00,0.00,44.3,118.29,634.69,258.72,SEARCH_Y
11.2665,0.9233,0.3114,-0.3204,-0.01238,0.09770,-0.01850,0.00,-3.00,0.00,44.3,118.26,634.69,258.71,SEARCH_Y
11.2766,0.8033,0.1714,-0.0404,-0.01138,0.10370,-0.02450,0.00,-3.00,0.00,44.3,118.23,634.69,258.71,SEARCH_Y
11.2867,0.8733,0.1214,-0.1904,-0.00838,0.09670,-0.01850,0.00,-3.00,0.00,44.4,118.20,634.68,258.71,SEARCH_Y
11.2968,0.6433,0.2514,-0.1004,-0.01138,0.11570,-0.01550,0.00,-3.00,0.00,44.4,118.17,634.68,258.71,SEARCH_Y
11.3069,0.7333,0.1014,-0.3304,-0.01738,0.10470,-0.01850,0.00,-3.00,0.00,44.4,118.14,634.68,258.71,SEARCH_Y
11.3170,0.7933,-0.0385,0.1795,0.00161,0.11270,-0.02250,0.00,-3.00,0.00,44.4,118.11,634.68,258.71,SEARCH_Y
11.3271,1.0133,0.0314,0.1095,0.00961,0.10570,-0.01850,0.00,-3.00,0.00,44.4,118.07,634.68,258.71,SEARCH_Y
11.3372,0.8433,-0.0585,-0.0504,0.00061,0.11070,-0.02150,0.00,-3.00,0.00,44.4,118.05,634.68,258.71,SEARCH_Y
11.3473,0.9433,-0.0885,0.1695,-0.01638,0.09870,-0.02450,0.00,-3.00,0.00,44.4,118.01,634.68,258.71,SEARCH_Y
11.3574,0.8933,0.1014,0.0095,0.00561,0.10770,-0.01850,0.00,-3.00,0.00,44.4,117.99,634.68,258.71,SEARCH_Y
11.3675,0.7233,0.2914,-0.2904,-0.00238,0.10070,-0.01650,0.00,-3.00,0.00,44.4,117.95,634.68,258.71,SEARCH_Y
11.3777,0.9633,0.0114,0.1595,0.02361,0.12870,-0.02050,0.00,-3.00,0.00,44.4,117.93,634.68,258.71,SEARCH_Y
11.3878,0.9233,-0.1585,0.1695,0.00861,0.10170,-0.01850,0.00,-3.00,0.00,44.4,117.89,634.68,258.71,SEARCH_Y
11.3979,1.0733,0.1414,-0.2804,0.02061,0.10570,-0.01450,0.00,-3.00,0.00,44.4,117.87,634.68,258.71,SEARCH_Y
11.4079,0.8133,0.0414,-0.2104,0.03261,0.11670,-0.01850,0.00,-3.00,0.00,44.4,117.83,634.67,258.71,SEARCH_Y
11.4180,0.9133,-0.2085,0.1395,0.02261,0.11170,-0.01950,0.00,-3.00,0.00,44.4,117.81,634.67,258.71,SEARCH_Y
11.4281,0.8533,0.0414,-0.1704,0.00961,0.10670,-0.02150,0.00,-3.00,0.00,44.4,117.77,634.67,258.71,SEARCH_Y
11.4382,1.2433,0.0514,-0.1304,0.03561,0.10870,-0.01950,0.00,-3.00,0.00,44.4,117.75,634.67,258.71,SEARCH_Y
11.4484,1.0833,-0.0985,0.0795,0.00861,0.09870,-0.01950,0.00,-3.00,0.00,44.4,117.71,634.67,258.71,SEARCH_Y
11.4584,0.9133,0.4114,-0.4404,0.01661,0.10970,-0.01550,0.00,-3.00,0.00,44.4,117.69,634.67,258.71,SEARCH_Y
11.4686,1.0033,0.1214,-0.1004,-0.00038,0.09070,-0.01750,0.00,-3.00,0.00,44.4,117.65,634.67,258.71,SEARCH_Y
11.4787,0.9033,0.0114,0.2995,0.01261,0.11170,-0.01650,0.00,-3.00,0.00,44.5,117.63,634.67,258.71,SEARCH_Y
11.4887,1.0633,0.0714,-0.1004,0.00361,0.10170,-0.01950,0.00,-3.00,0.00,44.5,117.59,634.67,258.71,SEARCH_Y
11.4988,0.8933,0.3014,-0.2404,-0.00538,0.08970,-0.01550,0.00,-3.00,0.00,44.5,117.57,634.67,258.71,SEARCH_Y
11.5089,0.7333,0.3014,-0.2004,-0.01738,0.09870,-0.01350,0.00,-3.00,0.00,44.5,117.53,634.67,258.71,SEARCH_Y
11.5190,0.8533,0.1414,0.1295,0.00661,0.11270,-0.01750,0.00,-3.00,0.00,44.5,117.51,634.66,258.71,SEARCH_Y
11.5291,0.9633,-0.0885,0.3295,-0.00038,0.09770,-0.01750,0.00,-3.00,0.00,44.5,117.47,634.66,258.71,SEARCH_Y
11.5392,0.8533,-0.0685,0.1095,0.00661,0.10370,-0.02050,0.00,-3.00,0.00,44.5,117.43,634.66,258.71,SEARCH_Y
11.5494,0.9133,-0.1585,-0.0204,0.02061,0.10570,-0.01850,0.00,-3.00,0.00,44.5,117.41,634.66,258.71,SEARCH_Y
11.5595,0.9233,0.2014,-0.1504,0.00161,0.09070,-0.01250,0.00,-3.00,0.00,44.5,117.37,634.66,258.71,SEARCH_Y
11.5696,0.8933,0.2414,-0.1104,0.00461,0.09370,-0.01550,0.00,-3.00,0.00,44.5,117.35,634.66,258.71,SEARCH_Y
11.5797,0.7733,0.2814,-0.1304,-0.00838,0.09070,-0.01550,0.00,-3.00,0.00,44.5,117.31,634.66,258.71,SEARCH_Y
11.5899,0.8633,0.3314,-0.0704,0.00861,0.09570,-0.01550,0.00,-3.00,0.00,44.5,117.29,634.66,258.71,SEARCH_Y
11.6000,0.9333,-0.0785,0.2095,0.00861,0.10170,-0.01850,0.00,-3.00,0.00,44.5,117.25,634.66,258.71,SEARCH_Y
11.6101,0.8233,0.3414,-0.1604,0.01461,0.10170,-0.01350,0.00,-3.00,0.00,44.5,117.23,634.66,258.71,SEARCH_Y
11.6202,0.8533,0.1514,0.0095,0.02661,0.11370,-0.02150,0.00,-3.00,0.00,44.5,117.19,634.66,258.71,SEARCH_Y
11.6303,0.9833,0.1814,0.1595,0.01861,0.10770,-0.01650,0.00,-3.00,0.00,44.5,117.17,634.65,258.71,SEARCH_Y
11.6405,0.9733,0.0314,-0.0004,0.00061,0.10170,-0.01850,0.00,-3.00,0.00,44.5,117.13,634.65,258.71,SEARCH_Y
11.6505,0.9733,0.1214,0.0595,0.01061,0.10570,-0.01650,0.00,-3.00,0.00,44.5,117.11,634.65,258.71,SEARCH_Y
11.6606,0.9033,0.2214,0.0395,-0.00038,0.09770,-0.01650,0.00,-3.00,0.00,44.6,117.07,634.65,258.71,SEARCH_Y
11.6707,0.7933,0.0614,-0.1504,0.00861,0.10770,-0.01950,0.00,-3.00,0.00,44.6,117.05,634.65,258.71,SEARCH_Y
11.6808,0.9033,0.2214,-0.1204,-0.00738,0.09170,-0.01450,0.00,-3.00,0.00,44.6,117.01,634.65,258.71,SEARCH_Y
11.6911,0.7333,0.1414,-0.0204,-0.01538,0.09670,-0.01550,0.00,-3.00,0.00,44.6,116.99,634.65,258.71,SEARCH_Y
11.7012,0.6533,0.3014,-0.4404,-0.01938,0.08670,-0.01550,0.00,-3.00,0.00,44.6,116.95,634.65,258.71,SEARCH_Y
11.7113,0.8033,0.0514,-0.0204,0.01761,0.10870,-0.01650,0.00,-3.00,0.00,44.6,116.92,634.65,258.71,SEARCH_Y
11.7214,0.7633,0.2914,0.0195,0.00561,0.09970,-0.01250,0.00,-3.00,0.00,44.6,116.89,634.65,258.71,SEARCH_Y
11.7315,0.7933,0.3714,-0.1704,0.00161,0.09570,-0.01650,0.00,-3.00,0.00,44.6,116.86,634.65,258.71,SEARCH_Y
11.7416,0.7833,0.1714,0.0595,0.00661,0.10070,-0.02050,0.00,-3.00,0.00,44.6,116.83,634.65,258.71,SEARCH_Y
11.7517,0.9433,0.0914,0.1295,0.00861,0.09870,-0.01550,0.00,-3.00,0.00,44.6,116.80,634.64,258.71,SEARCH_Y
11.7618,0.7733,0.1514,-0.2504,-0.01338,0.09270,-0.01350,0.00,-3.00,0.00,44.6,116.77,634.64,258.71,SEARCH_Y
11.7719,1.0933,-0.0085,-0.2904,0.00961,0.08970,-0.02050,0.00,-3.00,0.00,44.6,116.73,634.64,258.71,SEARCH_Y
11.7821,1.0433,-0.3385,0.1695,0.01961,0.10070,-0.02250,0.00,-3.00,0.00,44.6,116.71,634.64,258.71,SEARCH_Y
11.7922,0.7033,-0.0285,0.1395,-0.00738,0.09770,-0.01750,0.00,-3.00,0.00,44.6,116.67,634.64,258.71,SEARCH_Y
11.8023,0.9333,0.0714,-0.1704,-0.01438,0.09170,-0.01550,0.00,-3.00,0.00,44.6,116.65,634.64,258.71,SEARCH_Y
11.8124,0.6733,0.2114,-0.0404,0.00861,0.10170,-0.01650,0.00,-3.00,0.00,44.6,116.61,634.64,258.71,SEARCH_Y
11.8225,0.6933,-0.0285,0.1295,0.00361,0.10370,-0.01650,0.00,-3.00,0.00,44.7,116.59,634.64,258.71,SEARCH_Y
11.8326,0.7533,0.2714,-0.2004,0.00761,0.09970,-0.01750,0.00,-3.00,0.00,44.7,116.55,634.64,258.71,SEARCH_Y
11.8428,0.8233,0.0514,-0.3904,-0.01338,0.09070,-0.01450,0.00,-3.00,0.00,44.7,116.52,634.64,258.71,SEARCH_Y
11.8529,0.7833,0.4214,-0.1404,0.00861,0.10570,-0.01250,0.00,-3.00,0.00,44.7,116.49,634.64,258.71,SEARCH_Y
11.8629,0.9133,-0.4585,0.1295,0.01061,0.10470,-0.01850,0.00,-3.00,0.00,44.7,116.46,634.63,258.71,SEARCH_Y
11.8730,0.9033,0.1514,0.0395,-0.00538,0.09770,-0.01250,0.00,-3.00,0.00,44.7,116.43,634.63,258.71,SEARCH_Y
11.8831,0.8733,-0.2085,0.3595,0.00261,0.09770,-0.01550,0.00,-3.00,0.00,44.7,116.40,634.63,258.71,SEARCH_Y
11.8932,0.6233,-0.3485,0.1895,-0.00638,0.10370,-0.01650,0.00,-3.00,0.00,44.7,116.37,634.63,258.71,SEARCH_Y
11.9033,0.7233,0.2714,-0.0604,0.00861,0.10070,-0.01750,0.00,-3.00,0.00,44.7,116.34,634.63,258.71,SEARCH_Y
11.9134,0.8933,-0.1685,0.1095,0.00161,0.10970,-0.01650,0.00,-3.00,0.00,44.7,116.31,634.63,258.71,SEARCH_Y
11.9235,0.8133,0.0214,0.3295,0.00661,0.10270,-0.01750,0.00,-3.00,0.00,44.7,116.28,634.63,258.71,SEARCH_Y
11.9336,0.9233,-0.1685,-0.1804,-0.00538,0.09170,-0.01550,0.00,-3.00,0.00,44.7,116.25,634.63,258.71,SEARCH_Y
11.9438,0.9233,0.4514,-0.0904,0.00661,0.09770,-0.01550,0.00,-3.00,0.00,44.7,116.22,634.63,258.71,SEARCH_Y
11.9539,0.9233,-0.3785,0.0895,0.00961,0.10570,-0.01750,0.00,-3.00,0.00,44.7,116.19,634.63,258.70,SEARCH_Y
11.9640,0.8633,-0.2185,0.4995,0.00561,0.10970,-0.02250,0.00,-3.00,0.00,44.7,116.16,634.63,258.70,SEARCH_Y
11.9741,0.9533,0.1314,-0.2404,-0.00038,0.08370,-0.01550,0.00,-3.00,0.00,44.7,116.13,634.63,258.70,SEARCH_Y
11.9842,0.7833,0.0214,0.1295,0.00861,0.10070,-0.01550,0.00,-3.00,0.00,44.8,116.10,634.62,258.70,SEARCH_Y
11.9943,0.7933,-0.1185,0.2195,0.00561,0.10370,-0.01750,0.00,-3.00,0.00,44.8,116.07,634.62,258.70,SEARCH_Y
12.0045,0.7333,0.0214,-0.3304,-0.02238,0.08670,-0.01750,0.00,-3.00,0.00,44.8,116.04,634.62,258.70,SEARCH_Y
12.0146,0.8433,-0.2685,0.0395,0.00161,0.10370,-0.01550,0.00,-3.00,0.00,44.8,116.01,634.62,258.70,SEARCH_Y
12.0247,0.8833,-0.3285,-0.0604,-0.01338,0.09270,-0.01450,0.00,-3.00,0.00,44.8,115.98,634.62,258.70,SEARCH_Y
12.0348,0.7533,0.4514,0.0195,0.00161,0.10270,-0.01850,0.00,-3.00,0.00,44.8,115.95,634.62,258.70,SEARCH_Y
12.0449,0.9433,-0.3085,-0.0104,-0.00138,0.09370,-0.01650,0.00,-3.00,0.00,44.8,115.92,634.62,258.70,SEARCH_Y
12.0550,0.8833,0.1114,0.1095,0.02261,0.11170,-0.01950,0.00,-3.00,0.00,44.8,115.88,634.62,258.70,SEARCH_Y
12.0651,0.9133,-0.2385,-0.0004,-0.00438,0.08870,-0.01750,0.00,-3.00,0.00,44.8,115.86,634.62,258.70,SEARCH_Y
12.0752,0.9233,0.0414,0.1495,0.00361,0.10070,-0.01950,0.00,-3.00,0.00,44.8,115.82,634.62,258.70,SEARCH_Y
12.0853,0.6933,0.0114,0.2295,-0.00538,0.10070,-0.01550,0.00,-3.00,0.00,44.8,115.80,634.62,258.70,SEARCH_Y
12.0954,0.8133,0.5314,-0.4004,-0.01938,0.08470,-0.01050,0.00,-3.00,0.00,44.8,115.76,634.61,258.70,SEARCH_Y
12.1055,0.9433,0.2114,-0.1404,-0.00038,0.09470,-0.01350,0.00,-3.00,0.00,44.8,115.74,634.61,258.70,SEARCH_Y
12.1157,0.9133,0.2614,-0.0204,0.01161,0.10070,-0.01350,0.00,-3.00,0.00,44.8,115.70,634.61,258.70,SEARCH_Y
12.1257,0.8333,-0.0985,0.1495,0.00561,0.09870,-0.01650,0.00,-3.00,0.00,44.8,115.68,634.61,258.70,SEARCH_Y
12.1358,1.0133,-0.0785,0.1895,0.01261,0.09570,-0.01650,0.00,-3.00,0.00,44.9,115.64,634.61,258.70,SEARCH_Y
12.1459,0.6933,0.2214,0.0195,-0.00838,0.09770,-0.01550,0.00,-3.00,0.00,44.9,115.62,634.61,258.70,SEARCH_Y
12.1560,0.8133,0.1714,-0.0204,0.02061,0.10270,-0.01450,0.00,-3.00,0.00,44.9,115.58,634.61,258.70,SEARCH_Y
12.1661,0.8233,0.0314,-0.0004,-0.00138,0.09370,-0.01550,0.00,-3.00,0.00,44.9,115.55,634.61,258.70,SEARCH_Y
12.1762,0.9133,-0.1985,0.0295,0.00861,0.09670,-0.02150,0.00,-3.00,0.00,44.9,115.52,634.61,258.70,SEARCH_Y
12.1863,0.7733,0.2614,-0.1804,-0.00338,0.09070,-0.01550,0.00,-3.00,0.00,44.9,115.49,634.61,258.70,SEARCH_Y
12.1964,0.9533,-0.4185,0.2095,0.01361,0.10270,-0.02450,0.00,-3.00,0.00,44.9,115.46,634.61,258.70,SEARCH_Y
12.2065,0.8833,0.2414,0.1295,-0.00738,0.10070,-0.02450,0.00,-3.00,0.00,44.9,115.43,634.61,258.70,SEARCH_Y
12.2166,0.8433,0.2414,0.0695,-0.02238,0.09570,-0.01550,0.00,-3.00,0.00,44.9,115.40,634.60,258.70,SEARCH_Y
12.2267,0.6833,0.1314,0.2895,-0.02438,0.11170,-0.02350,0.00,-3.00,0.00,44.9,115.37,634.60,258.70,SEARCH_Y
12.2369,0.9133,0.2214,-0.1904,-0.04038,0.07370,-0.02050,0.00,-3.00,0.00,44.9,115.34,634.60,258.70,SEARCH_Y
12.2470,0.6833,0.0614,0.1595,-0.03738,0.09670,-0.01950,0.00,-3.00,0.00,44.9,115.30,634.60,258.70,SEARCH_Y
12.2571,0.9533,0.2114,0.1195,-0.02338,0.09670,-0.01850,0.00,-3.00,0.00,44.9,115.28,634.60,258.70,SEARCH_Y
12.2672,0.5133,0.5814,0.0795,-0.05338,0.10270,-0.01950,0.00,-3.00,0.00,44.9,115.24,634.60,258.70,SEARCH_Y
12.2773,0.8133,0.5914,0.2195,-0.05038,0.09570,-0.02550,0.00,-3.00,0.00,45.0,115.22,634.60,258.70,SEARCH_Y
12.2874,0.8733,0.7814,-0.2404,-0.05038,0.09770,-0.02450,0.00,-3.00,0.00,45.0,115.18,634.60,258.70,SEARCH_Y
12.2975,0.8533,0.4114,0.0895,-0.06538,0.09770,-0.02850,0.00,-3.00,0.00,45.0,115.16,634.60,258.70,SEARCH_Y
12.3076,0.7133,0.6814,0.2295,-0.07938,0.10170,-0.02850,0.00,-3.00,0.00,45.0,115.12,634.60,258.70,SEARCH_Z
12.3177,0.6733,0.8814,0.2095,-0.08138,0.09770,-0.03050,0.00,0.00,3.00,45.0,115.10,634.60,258.70,SEARCH_Z
12.3279,1.0133,0.6214,-0.0804,-0.08038,0.08570,-0.02550,0.00,0.00,3.00,45.0,115.06,634.60,258.70,SEARCH_Z
12.3380,1.0233,1.1314,-0.2604,-0.10038,0.08470,-0.02750,0.00,0.00,3.00,45.0,115.04,634.60,258.70,SEARCH_Z
12.3481,0.8133,0.6314,0.2395,-0.11338,0.09570,-0.02950,0.00,0.00,3.00,45.0,115.01,634.60,258.70,SEARCH_Z
12.3582,1.0033,1.1614,0.0295,-0.09838,0.10270,-0.02850,0.00,0.00,3.00,45.0,114.99,634.61,258.70,SEARCH_Z
12.3683,0.7933,1.1014,0.1795,-0.12938,0.09270,-0.03450,0.00,0.00,3.00,45.0,114.97,634.62,258.70,SEARCH_Z
12.3786,0.9633,0.7714,-0.0604,-0.14038,0.08670,-0.03450,0.00,0.00,3.00,45.0,114.96,634.63,258.70,SEARCH_Z
12.3887,0.7833,1.0314,0.4495,-0.12838,0.09770,-0.03650,0.00,0.00,3.00,45.0,114.94,634.65,258.70,SEARCH_Z
12.3988,0.9233,0.6614,0.0495,-0.14338,0.09370,-0.03350,0.00,0.00,3.00,45.0,114.93,634.66,258.70,SEARCH_Z
12.4089,0.6333,1.1114,0.0695,-0.12038,0.10370,-0.03650,0.00,0.00,3.00,45.0,114.92,634.69,258.70,SEARCH_Z
12.4191,1.0833,0.4014,0.1495,-0.12538,0.09270,-0.03850,0.00,0.00,3.00,45.0,114.91,634.72,258.70,SEARCH_Z
12.4292,0.9433,1.2714,0.0395,-0.13138,0.09970,-0.03650,0.00,0.00,3.00,45.0,114.91,634.74,258.70,SEARCH_Z
12.4393,0.7833,0.7414,-0.0804,-0.14138,0.10570,-0.03750,0.00,0.00,3.00,45.0,114.91,634.78,258.71,SEARCH_Z
12.4495,0.7633,1.3014,-0.0104,-0.15738,0.08370,-0.03550,0.00,0.00,3.00,45.0,114.90,634.80,258.71,SEARCH_Z
12.4596,0.6033,1.4614,-0.5504,-0.19938,0.07470,-0.03050,0.00,0.00,3.00,45.0,114.90,634.84,258.71,SEARCH_Z
12.4697,0.6833,1.4114,0.2095,-0.18938,0.08670,-0.03850,0.00,0.00,3.00,45.0,114.90,634.86,258.71,SEARCH_Z
12.4798,0.8033,1.0514,-0.3204,-0.19038,0.07270,-0.03350,0.00,0.00,3.00,45.0,114.90,634.90,258.71,SEARCH_Z
12.4899,0.8833,1.3214,-0.1104,-0.18138,0.07670,-0.03650,0.00,0.00,3.00,45.0,114.90,634.92,258.71,SEARCH_Z
12.5000,0.7333,0.9014,0.2395,-0.17738,0.08470,-0.04150,0.00,0.00,3.00,45.0,114.90,634.96,258.71,SEARCH_Z
12.5102,0.7533,1.1914,-0.2004,-0.17338,0.06370,-0.03850,0.00,0.00,3.00,45.0,114.90,634.98,258.71,SEARCH_Z
12.5203,0.6933,0.9914,0.1895,-0.19638,0.05970,-0.03450,0.00,0.00,3.00,45.0,114.90,635.02,258.71,SEARCH_Z
12.5304,0.6933,0.9014,-0.4704,-0.18838,0.05970,-0.02950,0.00,0.00,3.00,45.0,114.90,635.04,258.71,SEARCH_Z
12.5405,0.6133,1.6514,0.0995,-0.18738,0.05870,-0.02750,0.00,0.00,3.00,45.0,114.89,635.08,258.72,SEARCH_Z
12.5506,0.7133,1.0814,-0.0904,-0.20038,0.04970,-0.02750,0.00,0.00,3.00,45.0,114.89,635.10,258.72,SEARCH_Z
12.5607,0.7833,1.5114,-0.0004,-0.18138,0.06570,-0.02250,0.00,0.00,3.00,45.0,114.89,635.14,258.72,SEARCH_Z
12.5708,0.8733,1.2814,0.1395,-0.17938,0.06870,-0.03150,0.00,0.00,3.00,45.0,114.89,635.16,258.72,SEARCH_Z
12.5809,0.6733,1.3714,-0.2504,-0.20138,0.06070,-0.03450,0.00,0.00,3.00,45.0,114.89,635.20,258.72,SEARCH_Z
12.5910,0.6933,1.3014,-0.3204,-0.20338,0.06270,-0.03550,0.00,0.00,3.00,45.0,114.89,635.23,258.72,SEARCH_Z
12.6011,0.6933,1.0714,-0.1304,-0.19138,0.06670,-0.03850,0.00,0.00,3.00,45.0,114.89,635.26,258.72,SEARCH_Z
12.6112,0.8533,1.4114,-0.3904,-0.17738,0.07370,-0.03450,0.00,0.00,3.00,45.0,114.89,635.29,258.72,SEARCH_Z
12.6214,0.8133,1.0114,0.1295,-0.18138,0.07170,-0.03650,0.00,0.00,3.00,45.0,114.89,635.32,258.72,SEARCH_Z
12.6315,0.6433,1.3014,0.0695,-0.18238,0.07670,-0.03350,0.00,0.00,3.00,45.0,114.88,635.35,258.73,SEARCH_Z
12.6416,0.7533,0.7914,0.1895,-0.16738,0.08770,-0.03950,0.00,0.00,3.00,45.0,114.88,635.38,258.73,SEARCH_Z
12.6517,0.7433,1.2414,-0.0504,-0.19438,0.07770,-0.03650,0.00,0.00,3.00,45.0,114.88,635.41,258.73,SEARCH_Z
12.6618,0.8233,1.3414,-0.0504,-0.18238,0.08270,-0.03850,0.00,0.00,3.00,45.0,114.88,635.44,258.73,SEARCH_Z
12.6719,0.8133,1.2314,0.0095,-0.19038,0.07870,-0.03850,0.00,0.00,3.00,45.0,114.88,635.47,258.73,SEARCH_Z
12.6820,0.8333,0.8514,0.2695,-0.18038,0.09170,-0.04250,0.00,0.00,3.00,45.0,114.88,635.50,258.73,SEARCH_Z
12.6921,0.8733,1.2314,-0.0604,-0.18738,0.08170,-0.03850,0.00,0.00,3.00,45.0,114.88,635.53,258.73,SEARCH_Z
12.7022,0.8633,1.1914,-0.2204,-0.18838,0.07770,-0.04350,0.00,0.00,3.00,45.0,114.88,635.56,258.73,SEARCH_Z
12.7123,0.7533,1.6114,-0.3504,-0.19038,0.07270,-0.03850,0.00,0.00,3.00,45.0,114.87,635.59,258.73,SEARCH_Z
12.7224,0.9033,1.3114,-0.1104,-0.17338,0.08070,-0.03250,0.00,0.00,3.00,45.0,114.87,635.62,258.74,SEARCH_Z
12.7325,0.9133,1.4514,-0.2404,-0.16138,0.08470,-0.03450,0.00,0.00,3.00,45.0,114.87,635.65,258.74,SEARCH_Z
12.7426,0.9433,1.2814,-0.0904,-0.18538,0.07270,-0.03850,0.00,0.00,3.00,45.0,114.87,635.68,258.74,SEARCH_Z
12.7527,1.0233,1.3114,0.0595,-0.16338,0.08870,-0.03950,0.00,0.00,3.00,45.0,114.87,635.71,258.74,SEARCH_Z
12.7628,0.9033,1.0514,0.0895,-0.18338,0.08070,-0.03850,0.00,0.00,3.00,45.0,114.87,635.74,258.74,SEARCH_Z
12.7729,0.9133,1.0814,0.0095,-0.17738,0.07870,-0.04050,0.00,0.00,3.00,45.0,114.87,635.77,258.74,SEARCH_Z
12.7831,0.9533,1.1014,-0.0704,-0.20038,0.07270,-0.04250,0.00,0.00,3.00,45.0,114.87,635.81,258.74,SEARCH_Z
12.7932,0.9633,1.2914,-0.2904,-0.20238,0.07370,-0.03850,0.00,0.00,3.00,45.0,114.87,635.83,258.74,SEARCH_Z
12.8033,0.8733,1.3514,-0.2204,-0.20538,0.08070,-0.04050,0.00,0.00,3.00,45.0,114.86,635.87,258.74,SEARCH_Z
12.8135,0.8533,1.1614,-0.0604,-0.18938,0.08370,-0.04050,0.00,0.00,3.00,45.0,114.86,635.89,258.75,SEARCH_Z
12.8235,0.4933,1.3314,-0.1604,-0.20538,0.08570,-0.03750,0.00,0.00,3.00,45.0,114.86,635.93,258.75,SEARCH_Z
12.8336,0.8433,1.3014,-0.3604,-0.18838,0.07870,-0.04050,0.00,0.00,3.00,45.0,114.86,635.96,258.75,SEARCH_Z
12.8438,0.7833,1.5814,-0.3704,-0.18538,0.07770,-0.03650,0.00,0.00,3.00,45.0,114.86,635.99,258.75,SEARCH_Z
12.8539,0.7933,1.2414,-0.1504,-0.19838,0.07970,-0.04050,0.00,0.00,3.00,45.0,114.86,636.01,258.75,SEARCH_Z
12.8640,0.6933,1.1714,-0.2304,-0.18838,0.07770,-0.03950,0.00,0.00,3.00,45.1,114.86,636.05,258.75,SEARCH_Z
12.8741,0.9533,1.2714,-0.2204,-0.18338,0.07970,-0.04050,0.00,0.00,3.00,45.1,114.86,636.07,258.75,SEARCH_Z
12.8842,0.8233,0.8514,0.2795,-0.18638,0.08870,-0.04050,0.00,0.00,3.00,45.1,114.86,636.11,258.75,SEARCH_Z
12.8943,0.8433,1.2214,0.2195,-0.18638,0.08770,-0.04450,0.00,0.00,3.00,45.1,114.85,636.13,258.75,SEARCH_Z
12.9044,0.8033,1.3314,0.0295,-0.18538,0.08770,-0.04250,0.00,0.00,3.00,45.1,114.85,636.17,258.76,SEARCH_Z
12.9145,0.8633,1.5714,-0.2604,-0.18438,0.09070,-0.04050,0.00,0.00,3.00,45.1,114.85,636.19,258.76,SEARCH_Z
12.9246,0.7533,1.4714,-0.4204,-0.19638,0.07370,-0.04050,0.00,0.00,3.00,45.1,114.85,636.23,258.76,SEARCH_Z
12.9347,0.9333,1.5114,-0.1904,-0.19538,0.07270,-0.03950,0.00,0.00,3.00,45.1,114.85,636.25,258.76,SEARCH_Z
12.9449,0.8333,1.1914,-0.0304,-0.18538,0.08970,-0.04250,0.00,0.00,3.00,45.1,114.85,636.29,258.76,SEARCH_Z
12.9550,0.7733,1.3514,-0.1004,-0.19238,0.08270,-0.03450,0.00,0.00,3.00,45.1,114.85,636.32,258.76,SEARCH_Z
12.9651,1.0333,1.3014,0.1395,-0.18738,0.07770,-0.04250,0.00,0.00,3.00,45.1,114.85,636.35,258.76,SEARCH_Z
12.9752,0.9533,1.7614,-0.5204,-0.18738,0.07670,-0.03750,0.00,0.00,3.00,45.1,114.84,636.38,258.76,SEARCH_Z
12.9853,0.6533,1.5114,-0.3904,-0.19838,0.07970,-0.04350,0.00,0.00,3.00,45.1,114.84,636.41,258.76,SEARCH_Z
12.9954,0.9933,1.1414,0.0295,-0.20038,0.07770,-0.04050,0.00,0.00,3.00,45.1,114.84,636.44,258.77,SEARCH_Z
13.0055,0.8633,1.1614,-0.2004,-0.18638,0.08170,-0.04350,0.00,0.00,3.00,45.1,114.84,636.47,258.77,SEARCH_Z
13.0156,1.1033,1.0414,0.2895,-0.17338,0.09870,-0.04050,0.00,0.00,3.00,45.1,114.84,636.50,258.77,SEARCH_Z
13.0257,0.9633,1.3014,-0.1604,-0.17838,0.09370,-0.04250,0.00,0.00,3.00,45.1,114.84,636.53,258.77,SEARCH_Z
13.0358,0.9733,0.9714,0.1795,-0.17538,0.09470,-0.04650,0.00,0.00,3.00,45.1,114.84,636.56,258.77,SEARCH_Z
13.0459,0.8233,1.3914,0.1195,-0.19338,0.08870,-0.04050,0.00,0.00,3.00,45.1,114.84,636.59,258.77,SEARCH_Z
13.0560,0.7833,1.3814,-0.1804,-0.20438,0.08270,-0.04050,0.00,0.00,3.00,45.1,114.84,636.62,258.77,SEARCH_Z
13.0661,0.7533,1.4514,-0.2404,-0.19238,0.08370,-0.04350,0.00,0.00,3.00,45.1,114.83,636.65,258.77,SEARCH_Z
13.0762,0.7633,1.2414,-0.1404,-0.19838,0.08170,-0.04450,0.00,0.00,3.00,45.1,114.83,636.68,258.77,SEARCH_Z
13.0863,0.7733,0.9114,0.2095,-0.19638,0.08970,-0.03950,0.00,0.00,3.00,45.1,114.83,636.71,258.78,SEARCH_Z
13.0964,0.7133,1.6114,-0.0104,-0.19638,0.08970,-0.03750,0.00,0.00,3.00,45.1,114.83,636.74,258.78,SEARCH_Z
13.1065,0.8333,1.1314,-0.0304,-0.19538,0.08070,-0.04150,0.00,0.00,3.00,45.1,114.83,636.77,258.78,SEARCH_Z
13.1167,0.7133,1.1814,0.1095,-0.20438,0.08870,-0.04250,0.00,0.00,3.00,45.1,114.83,636.80,258.78,SEARCH_Z
13.1268,0.9733,1.1814,-0.2704,-0.18638,0.07170,-0.04250,0.00,0.00,3.00,45.1,114.83,636.83,258.78,SEARCH_Z
13.1368,0.9733,1.1914,0.1895,-0.18738,0.08770,-0.04250,0.00,0.00,3.00,45.1,114.83,636.86,258.78,SEARCH_Z
13.1470,0.9633,1.2514,-0.2204,-0.18938,0.07870,-0.04250,0.00,0.00,3.00,45.1,114.83,636.90,258.78,SEARCH_Z
13.1571,0.9333,1.2314,-0.0604,-0.18638,0.08670,-0.04150,0.00,0.00,3.00,45.1,114.82,636.92,258.78,SEARCH_Z
13.1672,0.7333,1.1114,-0.0704,-0.19238,0.08670,-0.04250,0.00,0.00,3.00,45.1,114.82,636.96,258.78,SEARCH_Z
13.1773,0.7633,1.3814,-0.0304,-0.20638,0.08570,-0.04250,0.00,0.00,3.00,45.1,114.82,636.98,258.79,SEARCH_Z
13.1874,1.0433,1.2814,0.3495,-0.17338,0.09570,-0.04650,0.00,0.00,3.00,45.1,114.82,637.02,258.79,SEARCH_Z
13.1975,0.5933,1.1414,0.0095,-0.21938,0.06670,-0.03950,0.00,0.00,3.00,45.1,114.82,637.04,258.79,SEARCH_Z
13.2076,0.7733,1.5214,-0.0104,-0.19638,0.08570,-0.04050,0.00,0.00,3.00,45.1,114.82,637.08,258.79,SEARCH_Z
13.2178,0.8633,1.0714,0.0295,-0.18038,0.08770,-0.04350,0.00,0.00,3.00,45.1,114.82,637.10,258.79,SEARCH_Z
13.2279,0.7233,1.2514,-0.2204,-0.18638,0.09370,-0.04150,0.00,0.00,3.00,45.1,114.82,637.14,258.79,SEARCH_Z
13.2380,0.8533,1.0914,-0.0104,-0.18938,0.09370,-0.04450,0.00,0.00,3.00,45.1,114.82,637.16,258.79,SEARCH_Z
13.2481,0.8833,1.4214,-0.2004,-0.17538,0.08370,-0.04650,0.00,0.00,3.00,45.1,114.81,637.20,258.79,SEARCH_Z
13.2582,0.8633,1.2314,0.0295,-0.18338,0.09070,-0.04350,0.00,0.00,3.00,45.1,114.81,637.22,258.79,SEARCH_Z
13.2683,0.8133,1.2214,-0.2604,-0.18138,0.08870,-0.04250,0.00,0.00,3.00,45.1,114.81,637.26,258.80,SEARCH_Z
13.2785,0.6733,1.2514,0.0895,-0.19338,0.09670,-0.04150,0.00,0.00,3.00,45.1,114.81,637.28,258.80,SEARCH_Z
13.2886,0.7333,1.4614,-0.2604,-0.19538,0.08370,-0.04350,0.00,0.00,3.00,45.1,114.81,637.32,258.80,SEARCH_Z
13.2987,0.8033,0.8614,0.0595,-0.18938,0.08870,-0.04350,0.00,0.00,3.00,45.1,114.81,637.34,258.80,SEARCH_Z
13.3088,0.8233,1.4114,0.0795,-0.19738,0.08570,-0.04150,0.00,0.00,3.00,45.1,114.81,637.38,258.80,SEARCH_Z
13.3189,0.7033,1.2314,-0.3304,-0.20138,0.07870,-0.03950,0.00,0.00,3.00,45.1,114.81,637.42,258.80,SEARCH_Z
13.3290,0.8233,1.0814,0.3995,-0.19538,0.09670,-0.04650,0.00,0.00,3.00,45.1,114.81,637.44,258.80,SEARCH_Z
13.3392,0.8433,1.2714,-0.0104,-0.19438,0.07870,-0.04050,0.00,0.00,3.00,45.1,114.80,637.48,258.80,SEARCH_Z
13.3493,0.8733,1.4914,-0.3704,-0.18738,0.08670,-0.03850,0.00,0.00,3.00,45.1,114.80,637.50,258.80,SEARCH_Z
13.3594,0.9833,1.6414,-0.4404,-0.18938,0.07770,-0.04250,0.00,0.00,3.00,45.1,114.80,637.54,258.81,SEARCH_Z
13.3695,0.9733,0.8614,0.1695,-0.18838,0.08970,-0.04150,0.00,0.00,3.00,45.1,114.80,637.56,258.81,SEARCH_Z
13.3796,0.9033,1.4714,0.2595,-0.19238,0.08470,-0.04050,0.00,0.00,3.00,45.1,114.80,637.60,258.81,SEARCH_Z
13.3897,0.6233,1.1014,0.0195,-0.19438,0.09770,-0.04550,0.00,0.00,3.00,45.1,114.80,637.62,258.81,SEARCH_Z
13.3998,0.9233,1.2314,-0.0804,-0.19938,0.07570,-0.04650,0.00,0.00,3.00,45.1,114.80,637.66,258.81,SEARCH_Z
13.4099,0.8433,1.0114,0.2395,-0.18338,0.08970,-0.04150,0.00,0.00,3.00,45.1,114.80,637.68,258.81,SEARCH_Z
13.4200,0.9433,1.1114,-0.1104,-0.19238,0.09070,-0.04550,0.00,0.00,3.00,45.1,114.79,637.72,258.81,SEARCH_Z
13.4301,0.8933,1.1314,0.1895,-0.19038,0.09070,-0.04150,0.00,0.00,3.00,45.1,114.79,637.74,258.81,SEARCH_Z
13.4402,0.8633,1.2914,-0.1704,-0.18838,0.08870,-0.04450,0.00,0.00,3.00,45.1,114.79,637.78,258.81,SEARCH_Z
13.4503,0.8133,1.1614,0.1595,-0.18938,0.09570,-0.04250,0.00,0.00,3.00,45.1,114.79,637.80,258.82,SEARCH_Z
13.4604,0.8133,1.1514,-0.0004,-0.18938,0.09570,-0.04450,0.00,0.00,3.00,45.1,114.79,637.84,258.82,SEARCH_Z
13.4705,0.9533,1.2714,-0.1104,-0.18938,0.08870,-0.04150,0.00,0.00,3.00,45.2,114.79,637.86,258.82,SEARCH_Z
13.4807,0.8633,1.4114,0.0895,-0.19038,0.09370,-0.04550,0.00,0.00,3.00,45.2,114.79,637.90,258.82,SEARCH_Z
13.4908,0.7033,1.2614,-0.0004,-0.20238,0.08570,-0.04350,0.00,0.00,3.00,45.2,114.79,637.92,258.82,SEARCH_Z
13.5009,0.8733,1.2814,0.0295,-0.18938,0.09370,-0.04150,0.00,0.00,3.00,45.2,114.79,637.96,258.82,SEARCH_Z
13.5110,0.8633,1.2614,0.0095,-0.18238,0.09070,-0.04250,0.00,0.00,3.00,45.2,114.78,637.99,258.82,SEARCH_Z
13.5211,0.8533,1.0014,-0.0204,-0.19038,0.08970,-0.04050,0.00,0.00,3.00,45.2,114.78,638.02,258.82,SEARCH_Z
13.5312,0.6833,1.3814,0.0195,-0.20438,0.09070,-0.04150,0.00,0.00,3.00,45.2,114.78,638.05,258.82,SEARCH_Z
13.5413,0.8433,1.4114,-0.5204,-0.17838,0.07970,-0.03950,0.00,0.00,3.00,45.2,114.78,638.08,258.83,SEARCH_Z
13.5514,0.8733,1.3514,-0.0704,-0.19438,0.08670,-0.04350,0.00,0.00,3.00,45.2,114.78,638.11,258.83,SEARCH_Z
13.5615,0.8533,1.2814,0.0695,-0.20038,0.08370,-0.04350,0.00,0.00,3.00,45.2,114.78,638.14,258.83,SEARCH_Z
13.5716,0.8033,1.3014,-0.3104,-0.21538,0.07970,-0.04650,0.00,0.00,3.00,45.2,114.78,638.17,258.83,SEARCH_Z
13.5818,0.9533,1.0714,0.3195,-0.19738,0.08770,-0.05050,0.00,0.00,3.00,45.2,114.78,638.20,258.83,SEARCH_Z
13.5918,0.7833,1.2314,0.0395,-0.20638,0.07970,-0.04250,0.00,0.00,3.00,45.2,114.78,638.23,258.83,SEARCH_Z
13.6019,0.6933,1.5414,-0.2704,-0.20038,0.08170,-0.04050,0.00,0.00,3.00,45.2,114.77,638.26,258.83,SEARCH_Z
13.6121,0.7633,1.3214,-0.1204,-0.20638,0.07770,-0.04250,0.00,0.00,3.00,45.2,114.77,638.29,258.83,SEARCH_Z
13.6222,0.9233,1.3314,-0.4304,-0.19638,0.08370,-0.04350,0.00,0.00,3.00,45.2,114.77,638.32,258.83,SEARCH_Z
13.6322,0.9733,1.0514,0.1395,-0.19138,0.08370,-0.04550,0.00,0.00,3.00,45.2,114.77,638.35,258.84,SEARCH_Z
13.6423,0.9033,1.2814,0.0895,-0.19538,0.08670,-0.04650,0.00,0.00,3.00,45.2,114.77,638.38,258.84,SEARCH_Z
13.6524,0.8633,1.3714,-0.1304,-0.20638,0.08070,-0.04450,0.00,0.00,3.00,45.2,114.77,638.41,258.84,SEARCH_Z
13.6625,0.8233,0.9314,0.0395,-0.21338,0.08470,-0.04850,0.00,0.00,3.00,45.2,114.77,638.44,258.84,SEARCH_Z
13.6727,0.6533,1.6114,-0.4304,-0.21238,0.07870,-0.04350,0.00,0.00,3.00,45.2,114.77,638.47,258.84,SEARCH_Z
13.6828,0.6933,1.4314,-0.5604,-0.22238,0.06670,-0.04450,0.00,0.00,3.00,45.2,114.77,638.50,258.84,SEARCH_Z
13.6928,0.7833,1.4514,-0.0804,-0.20438,0.08170,-0.04350,0.00,0.00,3.00,45.2,114.76,638.53,258.84,SEARCH_Z
13.7029,0.7433,1.1614,0.0895,-0.19738,0.08670,-0.04350,0.00,0.00,3.00,45.2,114.76,638.57,258.84,SEARCH_Z
13.7131,0.7433,1.2814,0.0195,-0.19638,0.08770,-0.04350,0.00,0.00,3.00,45.2,114.76,638.59,258.84,SEARCH_Z
13.7232,0.8933,1.1814,-0.1704,-0.20738,0.07370,-0.04350,0.00,0.00,3.00,45.2,114.76,638.63,258.85,SEARCH_Z
13.7333,0.7633,0.9314,0.0995,-0.19338,0.08970,-0.04750,0.00,0.00,3.00,45.2,114.76,638.65,258.85,SEARCH_Z
13.7434,0.7633,1.6914,-0.2404,-0.20838,0.07770,-0.04150,0.00,0.00,3.00,45.2,114.76,638.69,258.85,SEARCH_Z
13.7534,0.8833,1.3714,0.1595,-0.19138,0.08970,-0.04150,0.00,0.00,3.00,45.2,114.76,638.71,258.85,SEARCH_Z
13.7635,1.0033,1.4314,0.0295,-0.19838,0.07970,-0.04650,0.00,0.00,3.00,45.2,114.76,638.75,258.85,SEARCH_Z
13.7736,0.6233,1.1014,0.3595,-0.20038,0.09670,-0.04650,0.00,0.00,3.00,45.2,114.75,638.77,258.85,SEARCH_Z
13.7838,0.8033,1.1814,0.1895,-0.20538,0.08370,-0.04450,0.00,0.00,3.00,45.2,114.75,638.81,258.85,SEARCH_Z
13.7939,0.7133,1.3314,-0.1904,-0.20138,0.08270,-0.04050,0.00,0.00,3.00,45.2,114.75,638.83,258.85,SEARCH_Z
13.8039,0.9033,1.3214,-0.1704,-0.19538,0.08170,-0.04250,0.00,0.00,3.00,45.2,114.75,638.87,258.85,SEARCH_Z
13.8141,0.8633,1.5914,-0.1204,-0.18638,0.08870,-0.04350,0.00,0.00,3.00,45.2,114.75,638.89,258.85,SEARCH_Z
13.8242,0.9933,1.1914,-0.0404,-0.19938,0.07770,-0.04250,0.00,0.00,3.00,45.2,114.75,638.93,258.86,SEARCH_Z
13.8343,0.6933,1.4214,-0.4004,-0.20838,0.08070,-0.04350,0.00,0.00,3.00,45.2,114.75,638.95,258.86,SEARCH_Z
13.8444,0.9433,1.1314,-0.1204,-0.18738,0.07970,-0.04350,0.00,0.00,3.00,45.3,114.75,638.99,258.86,SEARCH_Z
13.8544,0.8433,1.5514,-0.2904,-0.20638,0.06570,-0.04250,0.00,0.00,3.00,45.3,114.75,639.01,258.86,SEARCH_Z
13.8645,0.6433,1.3814,-0.1404,-0.21838,0.07270,-0.04150,0.00,0.00,3.00,45.3,114.74,639.05,258.86,SEARCH_Z
13.8746,0.8433,1.5014,-0.1604,-0.20438,0.07370,-0.04350,0.00,0.00,3.00,45.3,114.74,639.07,258.86,SEARCH_Z
13.8847,0.7333,1.3714,-0.2204,-0.20238,0.08970,-0.04350,0.00,0.00,3.00,45.3,114.74,639.11,258.86,SEARCH_Z
13.8948,0.9133,0.9614,0.2695,-0.20338,0.07870,-0.04850,0.00,0.00,3.00,45.3,114.74,639.13,258.86,SEARCH_Z
13.9049,0.8133,1.3614,-0.1304,-0.19238,0.09370,-0.04250,0.00,0.00,3.00,45.3,114.74,639.17,258.86,SEARCH_Z
13.9150,0.7933,1.0914,0.1395,-0.20438,0.08870,-0.04350,0.00,0.00,3.00,45.3,114.74,639.19,258.87,SEARCH_Z
13.9251,0.9833,1.5414,-0.3604,-0.20338,0.07270,-0.04550,0.00,0.00,3.00,45.3,114.74,639.23,258.87,SEARCH_Z
13.9352,0.7433,1.6714,-0.4604,-0.22738,0.06570,-0.04150,0.00,0.00,3.00,45.3,114.74,639.27,258.87,SEARCH_Z
13.9455,0.7333,1.5314,-0.1904,-0.21638,0.07670,-0.04250,0.00,0.00,3.00,45.3,114.74,639.29,258.87,SEARCH_Z
13.9556,0.9333,1.4014,-0.1004,-0.20638,0.06770,-0.04450,0.00,0.00,3.00,45.3,114.73,639.33,258.87,SEARCH_Z
13.9657,0.9633,1.2214,-0.2904,-0.19538,0.07370,-0.04150,0.00,0.00,3.00,45.3,114.73,639.35,258.87,SEARCH_Z
13.9758,0.7133,1.2514,-0.0104,-0.20238,0.08170,-0.04150,0.00,0.00,3.00,45.3,114.73,639.39,258.87,SEARCH_Z
13.9859,0.7633,1.1614,0.2195,-0.20938,0.08670,-0.04650,0.00,0.00,3.00,45.3,114.73,639.41,258.87,SEARCH_Z
13.9960,0.7833,1.1614,0.2495,-0.20738,0.06970,-0.04350,0.00,0.00,3.00,45.3,114.73,639.45,258.87,SEARCH_Z
14.0061,0.7233,1.1514,0.2595,-0.22438,0.08370,-0.04650,0.00,0.00,3.00,45.3,114.73,639.47,258.88,SEARCH_Z
14.0163,0.5833,1.3814,-0.0504,-0.23638,0.07470,-0.04450,0.00,0.00,3.00,45.3,114.73,639.51,258.88,SEARCH_Z
14.0264,0.9433,1.3314,0.2895,-0.22438,0.07770,-0.04650,0.00,0.00,3.00,45.3,114.73,639.53,258.88,SEARCH_Z
14.0364,0.6333,1.1714,0.3395,-0.22838,0.08470,-0.04650,0.00,0.00,3.00,45.3,114.72,639.57,258.88,SEARCH_Z
14.0466,0.7633,1.1614,0.3395,-0.21438,0.08070,-0.04750,0.00,0.00,3.00,45.3,114.72,639.59,258.88,SEARCH_Z
14.0567,0.7933,1.1714,0.0095,-0.19738,0.07770,-0.04450,0.00,0.00,3.00,45.3,114.72,639.63,258.88,SEARCH_Z
14.0668,0.8533,1.6114,-0.3204,-0.20438,0.07370,-0.03850,0.00,0.00,3.00,45.3,114.72,639.65,258.88,SEARCH_Z
14.0769,0.7733,1.4714,-0.0404,-0.20438,0.08470,-0.04650,0.00,0.00,3.00,45.3,114.72,639.69,258.88,SEARCH_Z
14.0870,0.8233,1.2614,-0.2804,-0.19938,0.08070,-0.04350,0.00,0.00,3.00,45.3,114.72,639.72,258.88,SEARCH_Z
14.0971,0.6133,1.1814,0.1395,-0.21738,0.08770,-0.04650,0.00,0.00,3.00,45.3,114.72,639.75,258.89,SEARCH_Z
14.1072,0.5133,1.4714,-0.2904,-0.23238,0.06770,-0.04050,0.00,0.00,3.00,45.3,114.72,639.78,258.89,SEARCH_Z
14.1173,0.8033,1.5014,-0.2104,-0.22138,0.06070,-0.04550,0.00,0.00,3.00,45.3,114.72,639.81,258.89,SEARCH_Z
14.1274,0.6433,1.3514,0.2395,-0.21438,0.08570,-0.04550,0.00,0.00,3.00,45.3,114.71,639.84,258.89,SEARCH_Z
14.1375,0.8233,1.5214,-0.1504,-0.22038,0.07170,-0.04450,0.00,0.00,3.00,45.3,114.71,639.87,258.89,SEARCH_Z
14.1477,0.6533,1.3514,-0.0604,-0.24838,0.05970,-0.04450,0.00,0.00,3.00,45.4,114.71,639.90,258.89,SEARCH_Z
14.1578,0.8733,1.5814,-0.1004,-0.20738,0.07570,-0.04050,0.00,0.00,3.00,45.4,114.71,639.93,258.89,SEARCH_Z
14.1679,0.6633,1.3614,0.0295,-0.20938,0.09070,-0.04650,0.00,0.00,3.00,45.4,114.71,639.96,258.89,SEARCH_Z
14.1780,0.9333,1.1614,-0.0204,-0.19838,0.07570,-0.04450,0.00,0.00,3.00,45.4,114.71,639.99,258.89,SEARCH_Z
14.1881,0.6533,1.5514,-0.1004,-0.21638,0.07770,-0.04150,0.00,0.00,3.00,45.4,114.71,640.02,258.90,SEARCH_Z
14.1982,0.6333,1.4714,-0.2004,-0.21738,0.07870,-0.04450,0.00,0.00,3.00,45.4,114.71,640.05,258.90,SEARCH_Z
14.2083,0.8933,1.4514,-0.0704,-0.20138,0.06870,-0.04450,0.00,0.00,3.00,45.4,114.71,640.08,258.90,SEARCH_Z
14.2184,0.7333,0.9614,0.6095,-0.19238,0.09070,-0.04350,0.00,0.00,3.00,45.4,114.70,640.11,258.90,SEARCH_Z
14.2285,0.5633,1.3914,0.0995,-0.23738,0.07170,-0.04550,0.00,0.00,3.00,45.4,114.70,640.14,258.90,SEARCH_Z
14.2386,0.8233,1.3014,-0.0404,-0.20238,0.07270,-0.03950,0.00,0.00,3.00,45.4,114.70,640.17,258.90,SEARCH_Z
14.2487,0.9533,1.4714,-0.1904,-0.19838,0.07170,-0.04350,0.00,0.00,3.00,45.4,114.70,640.20,258.90,SEARCH_Z
14.2588,0.7233,1.3714,0.1095,-0.20838,0.07770,-0.04550,0.00,0.00,3.00,45.4,114.70,640.23,258.90,SEARCH_Z
14.2689,0.9033,1.2214,0.4895,-0.20238,0.07070,-0.03950,0.00,0.00,3.00,45.4,114.70,640.26,258.90,SEARCH_Z
14.2790,0.6333,1.6714,-0.2504,-0.22038,0.05470,-0.03950,0.00,0.00,3.00,45.4,114.70,640.30,258.91,SEARCH_Z
14.2891,0.5833,1.5414,-0.3204,-0.21338,0.06270,-0.03550,0.00,0.00,3.00,45.4,114.70,640.32,258.91,SEARCH_Z
14.2992,0.7533,1.4014,-0.0104,-0.21338,0.05370,-0.03650,0.00,0.00,3.00,45.4,114.70,640.36,258.91,SEARCH_Z
14.3093,0.8033,1.3514,-0.1704,-0.20538,0.05870,-0.03750,0.00,0.00,3.00,45.4,114.69,640.38,258.91,SEARCH_Z
14.3194,0.7233,1.4314,-0.0304,-0.21138,0.06070,-0.03650,0.00,0.00,3.00,45.4,114.69,640.42,258.91,SEARCH_Z
14.3295,0.5033,1.5014,-0.0204,-0.20138,0.07470,-0.03650,0.00,0.00,3.00,45.4,114.69,640.44,258.91,SEARCH_Z
14.3396,0.6433,1.4214,-0.0404,-0.21638,0.05870,-0.03850,0.00,0.00,3.00,45.4,114.69,640.48,258.91,SEARCH_Z
14.3497,0.7133,1.5214,0.2595,-0.20538,0.05970,-0.03650,0.00,0.00,3.00,45.4,114.69,640.50,258.91,SEARCH_Z
14.3598,0.7533,1.0614,0.5095,-0.21638,0.06570,-0.04450,0.00,0.00,3.00,45.4,114.69,640.54,258.91,SEARCH_Z
14.3699,0.6233,1.6214,-0.0604,-0.21738,0.06270,-0.03750,0.00,0.00,3.00,45.4,114.69,640.56,258.92,SEARCH_Z
14.3801,0.7333,1.3614,-0.1304,-0.21038,0.06370,-0.04050,0.00,0.00,3.00,45.4,114.69,640.60,258.92,SEARCH_Z
14.3902,0.7233,1.2214,-0.0404,-0.21338,0.05270,-0.03550,0.00,0.00,3.00,45.4,114.69,640.62,258.92,SEARCH_Z
14.4003,0.4633,1.3714,-0.0204,-0.20138,0.07470,-0.03850,0.00,0.00,3.00,45.4,114.68,640.66,258.92,SEARCH_Z
14.4104,0.8633,1.3914,0.0595,-0.18638,0.06370,-0.03550,0.00,0.00,3.00,45.5,114.68,640.68,258.92,SEARCH_Z
14.4205,0.6233,1.4314,-0.0204,-0.18938,0.06770,-0.03750,0.00,0.00,3.00,45.5,114.68,640.72,258.92,SEARCH_Z
14.4306,0.7733,1.1714,0.1195,-0.18638,0.06470,-0.03750,0.00,0.00,3.00,45.5,114.68,640.74,258.92,SEARCH_Z
14.4407,0.7133,1.2514,0.0795,-0.17538,0.07470,-0.03350,0.00,0.00,3.00,45.5,114.68,640.78,258.92,SEARCH_Z
14.4508,0.7733,1.0614,0.0795,-0.18638,0.06470,-0.03350,0.00,0.00,3.00,45.5,114.68,640.80,258.92,SEARCH_Z
14.4609,0.6333,1.5714,-0.1704,-0.19938,0.06370,-0.03350,0.00,0.00,3.00,45.5,114.68,640.84,258.93,SEARCH_Z
14.4710,0.7833,0.8414,0.3795,-0.17338,0.06970,-0.03750,0.00,0.00,3.00,45.5,114.68,640.87,258.93,SEARCH_Z
14.4811,0.8133,1.1814,-0.1204,-0.19438,0.06870,-0.03850,0.00,0.00,3.00,45.5,114.67,640.90,258.93,SEARCH_Z
14.4912,0.7333,1.2314,0.0395,-0.21338,0.06470,-0.03950,0.00,0.00,3.00,45.5,114.67,640.93,258.93,SEARCH_Z
14.5013,0.7733,1.5114,-0.1504,-0.18338,0.06570,-0.03650,0.00,0.00,3.00,45.5,114.67,640.96,258.93,SEARCH_Z
14.5114,0.6533,1.5114,-0.1704,-0.19338,0.06370,-0.03750,0.00,0.00,3.00,45.5,114.67,640.99,258.93,SEARCH_Z
14.5216,0.7133,1.3914,-0.4204,-0.18638,0.06170,-0.03250,0.00,0.00,3.00,45.5,114.67,641.02,258.93,SEARCH_Z
14.5317,0.7233,1.6814,-0.4304,-0.19538,0.05370,-0.03350,0.00,0.00,3.00,45.5,114.67,641.05,258.93,SEARCH_Z
14.5417,0.7433,1.3914,-0.3704,-0.17938,0.05970,-0.03150,0.00,0.00,3.00,45.5,114.67,641.08,258.93,SEARCH_Z
14.5519,0.5033,1.3114,-0.1804,-0.19538,0.06170,-0.03250,0.00,0.00,3.00,45.5,114.67,641.11,258.94,SEARCH_Z
14.5619,0.7333,1.1614,0.2095,-0.18938,0.06670,-0.03350,0.00,0.00,3.00,45.5,114.67,641.14,258.94,SEARCH_Z
14.5721,0.8133,1.2914,0.0895,-0.18138,0.06870,-0.03750,0.00,0.00,3.00,45.5,114.66,641.17,258.94,SEARCH_Z
14.5822,0.8533,1.3614,-0.0004,-0.18538,0.05870,-0.03550,0.00,0.00,3.00,45.5,114.66,641.20,258.94,SEARCH_Z
14.5923,0.9333,1.1914,0.0995,-0.16438,0.06970,-0.04050,0.00,0.00,3.00,45.5,114.66,641.23,258.94,SEARCH_Z
14.6024,0.7333,0.9714,0.1695,-0.17538,0.07370,-0.03850,0.00,0.00,3.00,45.5,114.66,641.26,258.94,SEARCH_Z
14.6124,0.9233,1.3414,0.1095,-0.18938,0.07170,-0.03950,0.00,0.00,3.00,45.5,114.66,641.29,258.94,SEARCH_Z
14.6225,0.6433,1.4814,-0.2004,-0.16938,0.07270,-0.03250,0.00,0.00,3.00,45.5,114.66,641.32,258.94,SEARCH_Z
14.6326,0.8033,1.0914,0.1595,-0.17138,0.08070,-0.04050,0.00,0.00,3.00,45.5,114.66,641.35,258.94,SEARCH_Z
14.6427,0.7033,1.1814,-0.0304,-0.17638,0.07770,-0.03650,0.00,0.00,3.00,45.6,114.66,641.38,258.94,SEARCH_Z
14.6528,0.8633,0.8914,0.5995,-0.16738,0.07470,-0.03750,0.00,0.00,3.00,45.6,114.66,641.41,258.95,SEARCH_Z
14.6629,0.7033,1.4114,-0.1004,-0.17038,0.06770,-0.03550,0.00,0.00,3.00,45.6,114.65,641.45,258.95,SEARCH_Z
14.6730,0.5733,0.9814,0.4795,-0.16538,0.08570,-0.03350,0.00,0.00,3.00,45.6,114.65,641.47,258.95,SEARCH_Z
14.6832,0.7733,1.0114,0.0995,-0.15838,0.07070,-0.03550,0.00,0.00,3.00,45.6,114.65,641.51,258.95,SEARCH_Z
14.6933,0.8633,0.8514,0.1595,-0.16638,0.07270,-0.03950,0.00,0.00,3.00,45.6,114.65,641.53,258.95,SEARCH_Z
14.7034,0.7233,1.2814,-0.1804,-0.17138,0.06870,-0.03550,0.00,0.00,3.00,45.6,114.65,641.57,258.95,SEARCH_Z
14.7135,0.9333,1.0814,-0.3404,-0.16538,0.06370,-0.03550,0.00,0.00,3.00,45.6,114.65,641.59,258.95,SEARCH_Z
14.7236,0.6133,1.1714,-0.3304,-0.17638,0.07270,-0.03550,0.00,0.00,3.00,45.6,114.65,641.63,258.95,SEARCH_Z
14.7337,0.5133,1.1514,-0.5204,-0.18738,0.06570,-0.03550,0.00,0.00,3.00,45.6,114.65,641.65,258.95,SEARCH_Z
14.7438,0.7233,0.9714,-0.1604,-0.17438,0.06270,-0.03650,0.00,0.00,3.00,45.6,114.64,641.69,258.96,SEARCH_Z
14.7539,0.5633,1.0314,-0.4304,-0.17038,0.06670,-0.03250,0.00,0.00,3.00,45.6,114.64,641.71,258.96,SEARCH_Z
14.7640,0.7533,1.0214,-0.1404,-0.17338,0.06370,-0.03050,0.00,0.00,3.00,45.6,114.64,641.75,258.96,SEARCH_Z
14.7741,0.5333,0.9014,-0.2104,-0.19138,0.05270,-0.03450,0.00,0.00,3.00,45.6,114.64,641.77,258.96,SEARCH_Z
14.7842,0.6233,1.1114,-0.5204,-0.20038,0.04370,-0.03550,0.00,0.00,3.00,45.6,114.64,641.81,258.96,SEARCH_Z
14.7943,0.4433,1.2914,-0.6404,-0.18738,0.06270,-0.03050,0.00,0.00,3.00,45.6,114.64,641.83,258.96,SEARCH_Z
14.8044,0.4133,1.1114,-0.5704,-0.20738,0.05470,-0.03550,0.00,0.00,3.00,45.6,114.64,641.87,258.96,SEARCH_Z
14.8146,0.6433,1.2614,-0.6004,-0.20538,0.04070,-0.03050,0.00,0.00,3.00,45.6,114.64,641.89,258.96,SEARCH_Z
14.8246,0.6833,0.8614,-0.3204,-0.20938,0.04470,-0.03150,0.00,0.00,3.00,45.6,114.64,641.93,258.96,SEARCH_Z
14.8347,0.7733,1.1814,-0.6704,-0.20638,0.03870,-0.02950,0.00,0.00,3.00,45.6,114.63,641.95,258.97,SEARCH_Z
14.8448,0.4433,1.4614,-0.7804,-0.22138,0.04370,-0.03050,0.00,0.00,3.00,45.6,114.63,641.99,258.97,SEARCH_Z
14.8549,0.4833,1.2314,-0.6004,-0.21838,0.04170,-0.03250,0.00,0.00,3.00,45.7,114.63,642.03,258.97,SEARCH_Z
14.8650,0.7933,1.0314,-0.7704,-0.21138,0.03170,-0.03450,0.00,0.00,3.00,45.7,114.63,642.05,258.97,SEARCH_Z
14.8751,0.6133,1.0414,-0.6804,-0.20938,0.04070,-0.03150,0.00,0.00,3.00,45.7,114.63,642.09,258.97,SEARCH_Z
14.8852,0.7633,0.9514,-1.1704,-0.20638,0.03770,-0.03050,0.00,0.00,3.00,45.7,114.63,642.11,258.97,SEARCH_Z
14.8953,0.5533,0.9614,-1.0504,-0.23138,0.02670,-0.02950,0.00,0.00,3.00,45.7,114.63,642.15,258.97,SEARCH_Z
14.9054,0.7833,1.1314,-1.3204,-0.21938,0.01770,-0.02850,0.00,0.00,3.00,45.7,114.63,642.17,258.97,SEARCH_Z
