time,fx,fy,fz,tx,ty,tz,vx,vy,vz,travel_mm,pos_x,pos_y,pos_z,phase
0.0000,0.0447,-0.4893,0.3823,0.00329,0.00420,-0.00287,-5.00,0.00,0.00,0.0,125.47,633.29,302.46,DESCEND
0.0102,-0.0252,-0.2493,0.1823,-0.01070,0.00020,-0.00187,-5.00,0.00,0.00,0.0,125.47,633.29,302.46,DESCEND
0.0203,-0.0452,-0.3593,-0.0576,0.01029,0.00720,-0.00087,-5.00,0.00,0.00,0.0,125.47,633.29,302.45,DESCEND
0.0304,0.0947,-0.2393,0.2023,-0.00070,0.00020,0.00212,-5.00,0.00,0.00,0.0,125.47,633.29,302.44,DESCEND
0.0406,-0.0152,-0.1293,-0.0876,0.02029,0.00620,0.00212,-5.00,0.00,0.00,0.0,125.47,633.29,302.43,DESCEND
0.0507,0.3647,-0.3793,0.1923,0.00529,-0.00979,-0.00287,-5.00,0.00,0.00,0.0,125.47,633.29,302.41,DESCEND
0.0608,-0.0552,-0.3493,0.1023,0.00629,0.00820,0.00012,-5.00,0.00,0.00,0.1,125.47,633.30,302.39,DESCEND
0.0710,0.1347,-0.1193,0.0323,0.00529,0.00020,-0.00287,-5.00,0.00,0.00,0.1,125.47,633.30,302.36,DESCEND
0.0812,0.0647,-0.1893,-0.0676,0.00029,-0.00179,0.00212,-5.00,0.00,0.00,0.1,125.47,633.30,302.33,DESCEND
0.0913,0.1747,-0.0493,-0.1076,0.00229,-0.00379,-0.00187,-5.00,0.00,0.00,0.2,125.47,633.30,302.30,DESCEND
0.1015,-0.0052,-0.2193,-0.1676,0.01029,0.00520,0.00212,-5.00,0.00,0.00,0.2,125.47,633.30,302.27,DESCEND
0.1116,0.1047,-0.4193,0.0923,0.03229,0.01220,-0.00087,-5.00,0.00,0.00,0.2,125.47,633.30,302.22,DESCEND
0.1219,0.0047,0.2206,-0.4876,-0.00570,-0.01379,0.00412,-5.00,0.00,0.00,0.3,125.47,633.30,302.18,DESCEND
0.1320,0.1647,-0.6393,0.1723,0.01729,0.00520,-0.00387,-5.00,0.00,0.00,0.3,125.47,633.31,302.13,DESCEND
0.1421,0.0247,-0.2293,-0.1676,-0.00070,0.00720,0.00212,-5.00,0.00,0.00,0.4,125.47,633.31,302.09,DESCEND
0.1522,0.0547,-0.2293,-0.1176,-0.00870,0.00320,0.00312,-5.00,0.00,0.00,0.4,125.47,633.31,302.03,DESCEND
0.1623,0.1547,0.0206,-0.4976,-0.01470,0.00520,0.00112,-5.00,0.00,0.00,0.5,125.47,633.31,301.99,DESCEND
0.1724,0.0947,-0.1693,0.2023,-0.01670,0.00520,-0.00287,-5.00,0.00,0.00,0.5,125.47,633.31,301.93,DESCEND
0.1825,-0.1252,-0.1293,-0.0376,-0.00270,0.00420,0.00312,-5.00,0.00,0.00,0.6,125.47,633.31,301.89,DESCEND
0.1926,0.0447,0.0606,-0.3076,0.00129,-0.01079,0.00012,-5.00,0.00,0.00,0.6,125.47,633.32,301.83,DESCEND
0.2027,-0.0752,-0.2393,-0.1276,-0.00070,0.00020,0.00312,-5.00,0.00,0.00,0.7,125.47,633.32,301.79,DESCEND
0.2128,-0.0852,-0.2393,-0.0876,0.00529,-0.00779,0.00412,-5.00,0.00,0.00,0.7,125.47,633.32,301.73,DESCEND
0.2229,-0.1952,-0.2893,0.1123,-0.00570,-0.01379,0.00012,-5.00,0.00,0.00,0.8,125.47,633.32,301.69,DESCEND
0.2330,-0.0452,-0.5493,0.3123,-0.00070,-0.00479,-0.00187,-5.00,0.00,0.00,0.8,125.47,633.32,301.63,DESCEND
0.2431,-0.1052,-0.5093,0.1423,0.00729,0.00920,0.00212,-5.00,0.00,0.00,0.9,125.47,633.33,301.57,DESCEND
0.2532,0.0947,-0.1293,-0.1176,-0.00470,0.00620,0.00112,-5.00,0.00,0.00,0.9,125.47,633.33,301.53,DESCEND
0.2633,-0.2752,-0.2093,0.0323,-0.02170,0.00720,0.00612,-5.00,0.00,0.00,1.0,125.47,633.33,301.47,DESCEND
0.2734,0.0247,-0.0793,-0.2476,0.00829,0.00620,0.00112,-5.00,0.00,0.00,1.0,125.47,633.33,301.43,DESCEND
0.2835,-0.0552,-0.3093,-0.0776,-0.02270,-0.00279,0.00212,-5.00,0.00,0.00,1.1,125.47,633.33,301.37,DESCEND
0.2936,0.0847,-0.2793,0.3323,0.00629,0.00220,0.00212,-5.00,0.00,0.00,1.1,125.47,633.33,301.33,DESCEND
0.3037,-0.1752,0.0206,-0.0676,-0.01370,-0.00679,0.00112,-5.00,0.00,0.00,1.2,125.47,633.34,301.27,DESCEND
0.3138,0.1147,-0.1193,-0.1876,0.01429,-0.00679,0.00012,-5.00,0.00,0.00,1.2,125.47,633.34,301.23,DESCEND
0.3239,-0.1052,-0.4993,0.1623,0.01129,0.01220,-0.00087,-5.00,0.00,0.00,1.3,125.47,633.34,301.17,DESCEND
0.3341,-0.0352,-0.1293,-0.2376,0.00029,0.00020,-0.00287,-5.00,0.00,0.00,1.3,125.47,633.34,301.13,DESCEND
0.3442,0.0047,-0.2893,-0.0876,0.01329,0.00220,-0.00187,-5.00,0.00,0.00,1.4,125.47,633.34,301.07,DESCEND
0.3543,-0.0152,-0.0793,-0.1076,-0.00370,-0.00479,0.00012,-5.00,0.00,0.00,1.4,125.47,633.35,301.03,DESCEND
0.3644,0.0147,-0.1893,0.0523,-0.00170,0.00220,-0.00187,-5.00,0.00,0.00,1.5,125.47,633.35,300.97,DESCEND
0.3746,-0.1652,-0.0693,-0.1876,-0.02070,-0.00279,0.00112,-5.00,0.00,0.00,1.5,125.47,633.35,300.93,DESCEND
0.3847,-0.1052,-0.5093,0.2823,0.00329,0.01420,-0.00187,-5.00,0.00,0.00,1.6,125.47,633.35,300.87,DESCEND
0.3948,0.0947,-0.2793,0.0623,0.01029,0.01020,0.00212,-5.00,0.00,0.00,1.6,125.47,633.35,300.83,DESCEND
0.4049,-0.1152,-0.1093,-0.2776,-0.01070,-0.00479,0.00312,-5.00,0.00,0.00,1.7,125.47,633.36,300.77,DESCEND
0.4150,-0.1252,-0.3393,0.0623,-0.00270,0.00820,-0.00187,-5.00,0.00,0.00,1.8,125.47,633.36,300.71,DESCEND
0.4251,-0.0352,-0.2193,0.1423,0.00629,0.00420,0.00312,-5.00,0.00,0.00,1.8,125.47,633.36,300.67,DESCEND
0.4353,0.0147,-0.3393,0.0823,-0.00370,0.00320,-0.00487,-5.00,0.00,0.00,1.9,125.47,633.36,300.61,DESCEND
0.4454,-0.0452,-0.3793,-0.0876,0.00729,-0.00479,0.00212,-5.00,0.00,0.00,1.9,125.47,633.36,300.57,DESCEND
0.4555,-0.1852,-0.3393,-0.1276,-0.01370,-0.00379,0.00212,-5.00,0.00,0.00,2.0,125.48,633.37,300.51,DESCEND
0.4656,-0.1052,0.0606,-0.2676,0.00629,0.00820,0.00112,-5.00,0.00,0.00,2.0,125.48,633.37,300.47,DESCEND
0.4757,-0.0152,-0.1493,0.0523,-0.00070,0.01020,-0.00387,-5.00,0.00,0.00,2.1,125.48,633.37,300.41,DESCEND
0.4858,-0.0552,-0.4893,0.0623,-0.00670,0.00020,-0.00087,-5.00,0.00,0.00,2.1,125.48,633.37,300.37,DESCEND
0.4959,0.1647,-0.0793,-0.0176,0.01229,0.00320,-0.00087,-5.00,0.00,0.00,2.2,125.48,633.37,300.31,DESCEND
0.5061,0.0147,-0.2493,0.0123,0.01029,0.00920,-0.00187,-5.00,0.00,0.00,2.2,125.48,633.37,300.27,DESCEND
0.5163,-0.0552,-0.2793,-0.0076,0.01029,0.00520,0.00112,-5.00,0.00,0.00,2.3,125.48,633.38,300.21,DESCEND
0.5264,0.0147,0.2106,-0.1376,-0.01270,-0.01479,0.00212,-5.00,0.00,0.00,2.3,125.48,633.38,300.17,DESCEND
0.5365,0.0047,-0.2493,0.0223,-0.00270,0.00320,0.00212,-5.00,0.00,0.00,2.4,125.48,633.38,300.11,DESCEND
0.5466,0.1447,-0.0693,-0.3876,0.00829,-0.00379,0.00112,-5.00,0.00,0.00,2.4,125.48,633.38,300.07,DESCEND
0.5568,0.1347,-0.2793,0.1023,0.00229,0.00020,0.00212,-5.00,0.00,0.00,2.5,125.48,633.38,300.01,DESCEND
0.5669,-0.0352,-0.4493,-0.1376,0.00029,0.00220,-0.00187,-5.00,0.00,0.00,2.5,125.48,633.39,299.97,DESCEND
0.5770,-0.1552,-0.0693,-0.0176,-0.00470,0.00420,0.00212,-5.00,0.00,0.00,2.6,125.48,633.39,299.91,DESCEND
0.5871,-0.0452,0.0406,-0.1176,0.00529,0.00420,0.00312,-5.00,0.00,0.00,2.6,125.48,633.39,299.87,DESCEND
0.5972,-0.1452,-0.1793,-0.1476,-0.02170,-0.00779,0.00212,-5.00,0.00,0.00,2.7,125.48,633.39,299.81,DESCEND
0.6074,0.1847,-0.2193,-0.0476,0.00429,-0.00779,-0.00187,-5.00,0.00,0.00,2.7,125.48,633.39,299.75,DESCEND
0.6175,0.0147,-0.0893,0.0823,-0.00270,-0.00479,0.00212,-5.00,0.00,0.00,2.8,125.48,633.39,299.71,DESCEND
0.6276,-0.1552,-0.3893,0.1123,-0.00570,-0.01079,0.00312,-5.00,0.00,0.00,2.8,125.48,633.40,299.65,DESCEND
0.6377,0.1747,-0.1193,-0.0976,0.00029,-0.00979,0.00212,-5.00,0.00,0.00,2.9,125.48,633.40,299.61,DESCEND
0.6478,-0.3052,-0.0193,0.1923,-0.01270,0.00620,0.00412,-5.00,0.00,0.00,2.9,125.48,633.40,299.55,DESCEND
0.6580,0.0047,-0.4393,0.1923,0.02629,0.01520,0.00212,-5.00,0.00,0.00,3.0,125.48,633.40,299.51,DESCEND
0.6681,0.1847,-0.2493,-0.0276,0.01529,0.00820,0.00112,-5.00,0.00,0.00,3.0,125.48,633.40,299.45,DESCEND
0.6784,0.1547,-0.0993,-0.1176,0.01529,0.00420,0.00412,-5.00,0.00,0.00,3.1,125.48,633.41,299.41,DESCEND
0.6885,0.0247,-0.1093,-0.0676,0.01529,0.00720,0.00512,-5.00,0.00,0.00,3.1,125.48,633.41,299.35,DESCEND
0.6986,-0.0852,-0.4793,0.3023,-0.01370,0.00120,-0.00287,-5.00,0.00,0.00,3.2,125.48,633.41,299.31,DESCEND
0.7087,0.0247,-0.3693,0.1223,0.01029,0.00720,0.00112,-5.00,0.00,0.00,3.2,125.48,633.41,299.25,DESCEND
0.7189,0.0147,-0.1793,-0.3376,-0.00470,-0.01479,0.00112,-5.00,0.00,0.00,3.3,125.48,633.41,299.21,DESCEND
0.7291,0.0647,-0.1593,0.0023,0.00529,-0.01179,0.00512,-5.00,0.00,0.00,3.3,125.48,633.42,299.15,DESCEND
0.7392,-0.0752,0.1206,-0.0476,0.01629,-0.00079,0.00912,-5.00,0.00,0.00,3.4,125.48,633.42,299.09,DESCEND
0.7493,0.1747,-0.3993,0.3623,0.00929,0.00220,-0.00187,-5.00,0.00,0.00,3.4,125.48,633.42,299.05,DESCEND
0.7594,0.1247,-0.6193,0.2023,0.00529,-0.00279,-0.00187,-5.00,0.00,0.00,3.5,125.48,633.42,298.99,DESCEND
0.7696,0.0547,0.0006,-0.2176,0.00629,-0.00279,0.00512,-5.00,0.00,0.00,3.5,125.48,633.42,298.95,DESCEND
0.7797,-0.1652,0.0806,-0.0576,0.00329,0.00020,0.00312,-5.00,0.00,0.00,3.6,125.48,633.42,298.89,DESCEND
0.7898,0.2247,-0.5093,0.2323,0.01729,0.00820,-0.00087,-5.00,0.00,0.00,3.6,125.48,633.43,298.85,DESCEND
0.7999,-0.2052,-0.1493,-0.0876,-0.01970,-0.00679,0.00012,-5.00,0.00,0.00,3.7,125.48,633.43,298.79,DESCEND
0.8100,-0.0052,-0.3393,-0.1376,0.01129,0.00420,0.00212,-5.00,0.00,0.00,3.7,125.48,633.43,298.75,DESCEND
0.8202,0.1447,-0.1893,-0.1676,0.00629,-0.01379,0.00012,-5.00,0.00,0.00,3.8,125.48,633.43,298.69,DESCEND
0.8303,-0.0852,-0.0393,-0.0176,-0.00170,-0.00179,0.00412,-5.00,0.00,0.00,3.8,125.48,633.43,298.65,DESCEND
0.8404,-0.0052,-0.1493,0.0123,-0.00370,-0.00179,0.00412,-5.00,0.00,0.00,3.9,125.48,633.44,298.59,DESCEND
0.8505,0.0847,0.0806,-0.2376,0.01029,-0.00879,0.00412,-5.00,0.00,0.00,3.9,125.48,633.44,298.55,DESCEND
0.8606,-0.1152,0.0206,0.0123,-0.00270,0.00520,0.00012,-5.00,0.00,0.00,4.0,125.48,633.44,298.49,DESCEND
0.8707,0.0147,0.0906,-0.2576,0.01029,-0.00579,0.00412,-5.00,0.00,0.00,4.0,125.48,633.44,298.45,DESCEND
0.8808,-0.0452,-0.2093,0.1723,0.01529,0.01720,0.00312,-5.00,0.00,0.00,4.1,125.48,633.44,298.39,DESCEND
0.8910,0.0647,-0.4193,0.0723,0.00529,-0.00079,0.00112,-5.00,0.00,0.00,4.1,125.48,633.44,298.35,DESCEND
0.9011,-0.0852,-0.4193,0.4723,0.01429,0.01120,0.00112,-5.00,0.00,0.00,4.2,125.48,633.45,298.29,DESCEND
0.9112,-0.0152,-0.3793,0.0623,0.01729,0.01120,0.00012,-5.00,0.00,0.00,4.2,125.48,633.45,298.23,DESCEND
0.9213,-0.0752,-0.1793,0.2423,0.00229,0.01120,0.00212,-5.00,0.00,0.00,4.3,125.48,633.45,298.19,DESCEND
0.9314,0.0947,-0.2193,0.0023,0.00629,-0.00379,0.00212,-5.00,0.00,0.00,4.3,125.48,633.45,298.13,DESCEND
0.9415,-0.1352,-0.0893,-0.0476,0.00129,-0.00079,0.00512,-5.00,0.00,0.00,4.4,125.48,633.45,298.09,DESCEND
0.9516,0.0347,-0.1393,0.1023,0.00529,0.00220,0.00212,-5.00,0.00,0.00,4.4,125.48,633.46,298.03,DESCEND
0.9617,0.0647,-0.0893,0.0623,-0.00270,-0.00279,0.00312,-5.00,0.00,0.00,4.5,125.48,633.46,297.99,DESCEND
0.9718,-0.0152,-0.1093,-0.2676,0.00329,-0.00679,0.00212,-5.00,0.00,0.00,4.5,125.48,633.46,297.93,DESCEND
0.9819,0.0847,0.0406,-0.0076,0.00629,0.00620,0.00512,-5.00,0.00,0.00,4.6,125.48,633.46,297.89,DESCEND
0.9921,0.1547,-0.4593,0.2823,0.01829,0.00820,-0.00087,-5.00,0.00,0.00,4.6,125.48,633.46,297.83,DESCEND
1.0022,0.0347,-0.2193,0.0123,0.00929,0.00120,0.00212,-5.00,0.00,0.00,4.7,125.48,633.47,297.79,DESCEND
1.0123,-0.0552,-0.0093,-0.0976,0.01529,0.00520,0.00412,-5.00,0.00,0.00,4.7,125.48,633.47,297.73,DESCEND
1.0224,0.0447,-0.4493,0.0023,0.00629,0.00220,0.00012,-5.00,0.00,0.00,4.8,125.48,633.47,297.69,DESCEND
1.0325,-0.1852,-0.6893,0.3723,-0.00370,0.00620,0.00012,-5.00,0.00,0.00,4.8,125.48,633.47,297.63,DESCEND
1.0426,0.0147,-0.2693,-0.0676,-0.00070,0.00320,0.00112,-5.00,0.00,0.00,4.9,125.48,633.47,297.59,DESCEND
1.0527,-0.1252,-0.0493,-0.1376,-0.01570,-0.01279,0.00312,-5.00,0.00,0.00,4.9,125.49,633.48,297.53,DESCEND
1.0629,-0.0452,-0.1693,-0.1576,0.00429,0.00120,0.00312,-5.00,0.00,0.00,5.0,125.49,633.48,297.49,DESCEND
1.0730,-0.1252,-0.1993,0.1123,-0.00570,-0.00279,0.00312,-5.00,0.00,0.00,5.0,125.49,633.48,297.43,DESCEND
1.0831,0.1047,-0.1893,-0.3876,0.01029,-0.00079,0.00312,-5.00,0.00,0.00,5.1,125.49,633.48,297.39,DESCEND
1.0932,-0.0152,-0.1193,0.0723,0.00229,0.00020,0.00312,-5.00,0.00,0.00,5.1,125.49,633.48,297.33,DESCEND
1.1033,0.1647,-0.1093,-0.0076,0.02029,0.00020,0.00512,-5.00,0.00,0.00,5.2,125.49,633.48,297.27,DESCEND
1.1134,-0.2552,-0.0593,-0.0576,-0.01170,-0.00179,0.00312,-5.00,0.00,0.00,5.2,125.49,633.49,297.23,DESCEND
1.1236,0.0447,-0.3293,0.3023,-0.01170,-0.00579,0.00212,-5.00,0.00,0.00,5.3,125.49,633.49,297.17,DESCEND
1.1337,0.0747,-0.5193,-0.0376,0.03929,0.01720,0.00012,-5.00,0.00,0.00,5.3,125.49,633.49,297.13,DESCEND
1.1439,-0.1652,-0.3193,-0.1976,0.00129,-0.00279,-0.00387,-5.00,0.00,0.00,5.4,125.49,633.49,297.07,DESCEND
1.1540,-0.0152,-0.4493,0.4923,0.00229,0.00220,-0.00187,-5.00,0.00,0.00,5.4,125.49,633.49,297.03,DESCEND
1.1641,0.0247,0.1106,-0.3176,-0.02170,-0.01479,0.00612,-5.00,0.00,0.00,5.5,125.49,633.50,296.97,DESCEND
1.1742,-0.0652,-0.3593,0.2023,-0.00270,0.00920,0.00112,-5.00,0.00,0.00,5.5,125.49,633.50,296.93,DESCEND
1.1844,0.0547,0.0606,-0.2376,-0.00970,-0.01079,0.00412,-5.00,0.00,0.00,5.6,125.49,633.50,296.87,DESCEND
1.1945,0.1447,-0.1693,-0.2576,0.00529,-0.00979,-0.00087,-5.00,0.00,0.00,5.6,125.49,633.50,296.83,DESCEND
1.2046,0.0447,-0.0993,0.0623,0.01429,0.00720,0.00012,-5.00,0.00,0.00,5.7,125.49,633.50,296.77,DESCEND
1.2147,0.1247,-0.3693,-0.0976,0.00329,-0.00479,0.00312,-5.00,0.00,0.00,5.7,125.49,633.50,296.73,DESCEND
1.2249,-0.0852,-0.0493,0.0523,0.00429,-0.00779,0.00512,-5.00,0.00,0.00,5.8,125.49,633.51,296.67,DESCEND
1.2350,0.1147,-0.2993,-0.0976,0.00329,-0.00979,0.00112,-5.00,0.00,0.00,5.8,125.49,633.51,296.63,DESCEND
1.2451,0.0147,-0.1993,0.1123,0.00229,0.00220,0.00112,-5.00,0.00,0.00,5.9,125.49,633.51,296.57,DESCEND
1.2552,0.0447,-0.0293,-0.2576,-0.01070,-0.00979,-0.00087,-5.00,0.00,0.00,5.9,125.49,633.51,296.51,DESCEND
1.2653,0.0647,-0.3293,0.0223,0.02529,0.00520,0.00412,-5.00,0.00,0.00,6.0,125.49,633.51,296.47,DESCEND
1.2755,0.0847,0.0106,0.0123,0.00729,0.00120,0.00412,-5.00,0.00,0.00,6.0,125.49,633.52,296.41,DESCEND
1.2858,0.0747,-0.2593,0.2823,0.01129,0.00020,0.00312,-5.00,0.00,0.00,6.1,125.49,633.52,296.37,DESCEND
1.2959,-0.0052,-0.1293,0.2723,0.00629,0.00620,0.00412,-5.00,0.00,0.00,6.1,125.49,633.52,296.31,DESCEND
1.3060,-0.0252,-0.3293,0.0323,0.00429,0.00120,0.00012,-5.00,0.00,0.00,6.2,125.49,633.52,296.27,DESCEND
1.3161,-0.3452,0.0506,-0.0976,-0.01470,-0.00279,0.00412,-5.00,0.00,0.00,6.2,125.49,633.52,296.21,DESCEND
1.3263,0.1847,-0.0493,-0.1476,0.01929,-0.00579,0.00412,-5.00,0.00,0.00,6.3,125.49,633.53,296.17,DESCEND
1.3364,-0.0852,-0.2693,0.0123,0.00529,0.00920,0.00112,-5.00,0.00,0.00,6.3,125.49,633.53,296.11,DESCEND
1.3466,0.0447,-0.4693,0.2423,0.00629,0.00820,-0.00187,-5.00,0.00,0.00,6.4,125.49,633.53,296.07,DESCEND
1.3567,0.0447,-0.2893,-0.0276,0.00329,-0.00779,0.00112,-5.00,0.00,0.00,6.4,125.49,633.53,296.01,DESCEND
1.3668,-0.0652,0.1106,0.1523,0.00829,0.00120,0.00812,-5.00,0.00,0.00,6.5,125.49,633.53,295.97,DESCEND
1.3770,0.0647,-0.1493,-0.2776,0.00329,-0.00079,0.00212,-5.00,0.00,0.00,6.5,125.49,633.53,295.91,DESCEND
1.3871,-0.1152,-0.2193,0.2423,-0.00870,0.00420,0.00312,-5.00,0.00,0.00,6.6,125.49,633.54,295.85,DESCEND
1.3972,-0.0252,-0.2093,-0.0476,0.00229,-0.00779,0.00212,-5.00,0.00,0.00,6.6,125.49,633.54,295.81,DESCEND
1.4074,0.0347,-0.1893,-0.0776,0.00229,-0.01279,0.00112,-5.00,0.00,0.00,6.7,125.49,633.54,295.75,DESCEND
1.4175,0.0247,-0.3893,0.0823,0.00329,0.00520,0.00412,-5.00,0.00,0.00,6.7,125.49,633.54,295.71,DESCEND
1.4276,-0.0052,-0.2293,0.0623,-0.00270,-0.00079,0.00712,-5.00,0.00,0.00,6.8,125.49,633.54,295.65,DESCEND
1.4377,-0.1152,-0.1493,0.0023,-0.00170,-0.00179,0.00612,-5.00,0.00,0.00,6.8,125.49,633.55,295.61,DESCEND
1.4479,0.2047,-0.0393,0.0323,0.00229,-0.01379,0.00312,-5.00,0.00,0.00,6.9,125.49,633.55,295.55,DESCEND
1.4580,-0.0552,-0.1293,-0.1576,0.00529,0.00820,0.00712,-5.00,0.00,0.00,6.9,125.49,633.55,295.51,DESCEND
1.4682,0.0447,-0.1893,0.0523,0.00929,0.00020,0.00412,-5.00,0.00,0.00,7.0,125.49,633.55,295.45,DESCEND
1.4783,0.0747,-0.3393,0.0923,0.00329,0.00120,0.00412,-5.00,0.00,0.00,7.0,125.49,633.55,295.41,DESCEND
1.4884,-0.0452,-0.1093,-0.2276,0.00329,-0.00279,0.00512,-5.00,0.00,0.00,7.1,125.49,633.56,295.35,DESCEND
1.4986,0.1347,-0.3393,0.0323,0.00429,-0.00179,-0.00087,-5.00,0.00,0.00,7.1,125.49,633.56,295.31,DESCEND
1.5087,-0.1252,-0.1993,0.0823,-0.00370,-0.00079,0.00312,-5.00,0.00,0.00,7.2,125.49,633.56,295.25,DESCEND
1.5188,0.0647,-0.3393,0.1023,0.01229,0.00920,0.00012,-5.00,0.00,0.00,7.2,125.49,633.56,295.21,DESCEND
1.5289,-0.0852,-0.1193,0.3023,0.00629,0.00920,0.00412,-5.00,0.00,0.00,7.3,125.49,633.56,295.15,DESCEND
1.5390,-0.0252,-0.1693,-0.0376,-0.01070,-0.00979,0.00412,-5.00,0.00,0.00,7.4,125.49,633.57,295.09,DESCEND
1.5491,-0.0552,-0.5093,0.3323,0.01429,0.01520,-0.00087,-5.00,0.00,0.00,7.4,125.49,633.57,295.05,DESCEND
1.5593,0.0647,-0.5893,0.2723,0.02729,0.01220,0.00012,-5.00,0.00,0.00,7.5,125.49,633.57,294.99,DESCEND
1.5694,0.1047,0.0806,-0.0276,0.01329,-0.00179,0.00812,-5.00,0.00,0.00,7.5,125.49,633.57,294.95,DESCEND
1.5795,-0.0452,-0.1193,0.0723,-0.00570,-0.00779,0.00212,-5.00,0.00,0.00,7.6,125.49,633.57,294.89,DESCEND
1.5896,-0.0552,-0.5193,0.1523,0.00929,0.00520,0.00312,-5.00,0.00,0.00,7.6,125.49,633.57,294.85,DESCEND
1.5998,0.1547,-0.2293,-0.1876,0.00329,-0.00879,0.00212,-5.00,0.00,0.00,7.7,125.49,633.58,294.79,DESCEND
1.6099,-0.0352,-0.1493,0.0523,0.00029,-0.00379,0.00412,-5.00,0.00,0.00,7.7,125.49,633.58,294.75,DESCEND
1.6200,0.0647,-0.1593,0.1223,0.00629,0.00120,0.00212,-5.00,0.00,0.00,7.8,125.49,633.58,294.69,DESCEND
1.6301,0.1047,-0.3093,-0.1176,0.00929,0.00520,0.00312,-5.00,0.00,0.00,7.8,125.49,633.58,294.65,DESCEND
1.6403,-0.0552,-0.1793,0.2023,-0.01070,0.00120,0.00312,-5.00,0.00,0.00,7.9,125.49,633.58,294.59,DESCEND
1.6504,-0.0152,-0.0493,-0.0376,0.00729,-0.00079,0.00412,-5.00,0.00,0.00,7.9,125.50,633.59,294.55,DESCEND
1.6606,-0.0252,-0.3993,-0.0676,0.00029,-0.00079,0.00312,-5.00,0.00,0.00,8.0,125.50,633.59,294.49,DESCEND
1.6707,0.0647,-0.3993,0.3623,0.01129,0.00920,0.00112,-5.00,0.00,0.00,8.0,125.50,633.59,294.45,DESCEND
1.6808,-0.1752,-0.0793,-0.0076,0.00529,0.00420,0.00312,-5.00,0.00,0.00,8.1,125.50,633.59,294.39,DESCEND
1.6910,-0.0052,-0.0793,0.1123,0.00829,0.00620,0.00412,-5.00,0.00,0.00,8.1,125.50,633.59,294.33,DESCEND
1.7011,0.0047,-0.6093,-0.0976,0.00629,0.00020,-0.00087,-5.00,0.00,0.00,8.2,125.50,633.59,294.29,DESCEND
1.7112,0.1447,-0.2693,0.0423,0.00929,-0.00579,0.00212,-5.00,0.00,0.00,8.2,125.50,633.60,294.23,DESCEND
1.7213,-0.0752,-0.2193,-0.1176,0.00329,0.00020,0.00312,-5.00,0.00,0.00,8.3,125.50,633.60,294.19,DESCEND
1.7315,0.2747,0.0506,-0.1176,0.02129,-0.00079,0.00512,-5.00,0.00,0.00,8.3,125.50,633.60,294.13,DESCEND
1.7416,-0.1552,-0.2793,0.0923,-0.00770,0.00420,0.00412,-5.00,0.00,0.00,8.4,125.50,633.60,294.09,DESCEND
1.7518,0.1147,-0.3693,0.1623,0.00429,0.00120,0.00012,-5.00,0.00,0.00,8.4,125.50,633.60,294.03,DESCEND
1.7619,-0.1852,-0.3193,-0.0176,-0.00770,-0.00679,0.00612,-5.00,0.00,0.00,8.5,125.50,633.61,293.99,DESCEND
1.7720,0.2247,-0.4293,0.2823,0.01529,0.00220,-0.00187,-5.00,0.00,0.00,8.5,125.50,633.61,293.93,DESCEND
1.7821,0.1747,-0.1793,-0.0776,0.00929,-0.01079,0.00212,-5.00,0.00,0.00,8.6,125.50,633.61,293.89,DESCEND
1.7923,0.0747,-0.1193,0.1423,-0.00070,0.00420,0.00312,-5.00,0.00,0.00,8.6,125.50,633.61,293.83,DESCEND
1.8024,0.0347,-0.5493,0.2723,0.00029,-0.00179,0.00312,-5.00,0.00,0.00,8.7,125.50,633.61,293.79,DESCEND
1.8125,-0.0452,-0.6093,0.5223,-0.00870,0.00220,0.00012,-5.00,0.00,0.00,8.7,125.50,633.62,293.73,DESCEND
1.8226,-0.1552,-0.0293,-0.2276,0.00129,-0.00479,0.00412,-5.00,0.00,0.00,8.8,125.50,633.62,293.69,DESCEND
1.8327,0.0947,-0.2893,0.0923,0.02629,0.01320,0.00012,-5.00,0.00,0.00,8.8,125.50,633.62,293.63,DESCEND
1.8429,-0.0452,-0.3893,0.1723,0.01329,0.00820,0.00612,-5.00,0.00,0.00,8.9,125.50,633.62,293.59,DESCEND
1.8530,-0.0352,-0.0793,-0.0376,0.01329,0.00520,0.00412,-5.00,0.00,0.00,8.9,125.50,633.62,293.53,DESCEND
1.8631,-0.0252,-0.3093,-0.0476,-0.00370,-0.00279,0.00312,-5.00,0.00,0.00,9.0,125.50,633.62,293.49,DESCEND
1.8732,-0.1552,-0.1093,-0.0576,-0.00570,-0.00479,0.00512,-5.00,0.00,0.00,9.0,125.50,633.63,293.43,DESCEND
1.8833,-0.0252,-0.1693,0.2523,0.00729,0.01520,0.00512,-5.00,0.00,0.00,9.1,125.50,633.63,293.37,DESCEND
1.8934,-0.0352,-0.2493,0.0623,0.01829,0.01320,0.00212,-5.00,0.00,0.00,9.1,125.50,633.63,293.33,DESCEND
1.9035,0.0747,0.1606,-0.1676,0.00729,-0.00079,0.00712,-5.00,0.00,0.00,9.2,125.50,633.63,293.27,DESCEND
1.9137,0.1947,-0.0893,-0.2176,0.00329,-0.00679,0.00412,-5.00,0.00,0.00,9.2,125.50,633.63,293.23,DESCEND
1.9238,-0.0252,-0.4493,0.3423,0.00029,0.00420,-0.00187,-5.00,0.00,0.00,9.3,125.50,633.64,293.17,DESCEND
1.9340,0.1347,-0.1593,0.1323,0.02029,0.01120,0.00412,-5.00,0.00,0.00,9.3,125.50,633.64,293.13,DESCEND
1.9441,-0.0252,-0.2493,0.2123,0.01029,0.01320,0.00612,-5.00,0.00,0.00,9.4,125.50,633.64,293.07,DESCEND
1.9542,-0.0552,-0.1193,-0.3776,0.01129,0.00420,0.00012,-5.00,0.00,0.00,9.4,125.50,633.64,293.03,DESCEND
1.9643,-0.0652,0.0206,-0.0476,0.01429,0.01020,0.00412,-5.00,0.00,0.00,9.5,125.50,633.64,292.97,DESCEND
1.9744,-0.0352,-0.0593,-0.1676,0.00729,0.00120,0.00512,-5.00,0.00,0.00,9.5,125.50,633.65,292.93,DESCEND
1.9846,0.2647,-0.3893,0.1323,0.00529,-0.00679,0.00212,-5.00,0.00,0.00,9.6,125.50,633.65,292.88,DESCEND
1.9947,-0.0252,-0.6593,0.5823,0.02729,0.01920,-0.00187,-5.00,0.00,0.00,9.6,125.50,633.65,292.84,DESCEND
2.0048,0.0747,-0.1193,-0.1276,0.02829,0.00020,0.00312,-5.00,0.00,0.00,9.7,125.50,633.65,292.78,DESCEND
2.0149,0.0747,-0.2393,-0.1476,0.00029,-0.01079,0.00512,-5.00,0.00,0.00,9.7,125.50,633.65,292.74,DESCEND
2.0251,0.1347,0.0806,-0.3176,-0.00270,-0.00979,0.00712,-5.00,0.00,0.00,9.8,125.50,633.65,292.68,DESCEND
2.0352,0.0947,-0.0293,-0.1376,0.00829,-0.00579,0.00712,-5.00,0.00,0.00,9.8,125.50,633.66,292.62,DESCEND
2.0453,-0.0452,0.0606,-0.0676,-0.00070,0.00120,0.00612,-5.00,0.00,0.00,9.9,125.50,633.66,292.58,DESCEND
2.0554,-0.1952,-0.1393,0.1623,-0.00270,0.01120,0.00812,-5.00,0.00,0.00,9.9,125.50,633.66,292.52,DESCEND
2.0656,-0.0152,-0.1993,0.2523,0.00729,0.01120,0.00312,-5.00,0.00,0.00,10.0,125.50,633.66,292.48,DESCEND
2.0757,0.0147,-0.1493,0.0423,0.00429,0.00020,0.00512,-5.00,0.00,0.00,10.0,125.50,633.66,292.42,DESCEND
2.0858,0.0947,-0.2293,0.0123,0.01629,0.00020,0.00312,-5.00,0.00,0.00,10.1,125.50,633.67,292.38,DESCEND
2.0959,0.2147,-0.4393,0.1923,0.01829,0.00420,0.00212,-5.00,0.00,0.00,10.1,125.50,633.67,292.32,DESCEND
2.1060,0.1947,-0.2393,-0.1076,0.02429,-0.00079,0.00212,-5.00,0.00,0.00,10.2,125.50,633.67,292.28,DESCEND
2.1162,0.0147,-0.1893,-0.2476,0.00329,0.00020,0.00512,-5.00,0.00,0.00,10.2,125.50,633.67,292.22,DESCEND
2.1263,-0.0552,-0.1893,0.0723,-0.01170,-0.01479,0.00212,-5.00,0.00,0.00,10.3,125.50,633.67,292.18,DESCEND
2.1364,-0.0352,-0.1093,-0.0476,0.02029,0.01220,0.00212,-5.00,0.00,0.00,10.3,125.50,633.68,292.12,DESCEND
2.1465,0.0047,0.2306,-0.2676,0.00429,-0.00079,0.00912,-5.00,0.00,0.00,10.4,125.50,633.68,292.08,DESCEND
2.1567,-0.0952,0.3606,-0.5576,-0.01870,-0.02279,0.00612,-5.00,0.00,0.00,10.4,125.50,633.68,292.02,DESCEND
2.1668,0.1747,-0.5493,-0.1076,0.03529,0.00320,0.00212,-5.00,0.00,0.00,10.5,125.50,633.68,291.98,DESCEND
2.1770,0.0247,-0.0093,-0.0476,0.00029,-0.00479,0.00912,-5.00,0.00,0.00,10.5,125.50,633.68,291.92,DESCEND
2.1871,0.0247,-0.0993,-0.0876,-0.00670,-0.01279,0.00612,-5.00,0.00,0.00,10.6,125.50,633.68,291.86,DESCEND
2.1972,-0.0352,-0.1393,-0.2376,0.00429,-0.00479,0.00312,-5.00,0.00,0.00,10.6,125.50,633.69,291.82,DESCEND
2.2073,-0.1752,-0.2093,-0.0576,-0.00270,-0.00479,0.00312,-5.00,0.00,0.00,10.7,125.50,633.69,291.76,DESCEND
2.2174,0.0947,-0.0293,-0.0676,0.00229,-0.00779,0.00812,-5.00,0.00,0.00,10.7,125.50,633.69,291.72,DESCEND
2.2275,0.2547,-0.1293,-0.1276,0.01829,0.00120,0.00412,-5.00,0.00,0.00,10.8,125.50,633.69,291.66,DESCEND
2.2376,0.0347,-0.1593,-0.3176,0.01229,-0.00079,0.00312,-5.00,0.00,0.00,10.8,125.50,633.69,291.62,DESCEND
2.2477,0.0147,-0.3193,0.1623,0.00029,0.00020,0.00512,-5.00,0.00,0.00,10.9,125.50,633.70,291.56,DESCEND
2.2578,0.0247,-0.4693,0.3823,-0.00770,-0.00079,0.00212,-5.00,0.00,0.00,10.9,125.50,633.70,291.52,DESCEND
2.2680,-0.0152,-0.0593,0.2223,0.00129,0.00120,0.00312,-5.00,0.00,0.00,11.0,125.51,633.70,291.46,DESCEND
2.2781,0.1747,-0.2893,0.1123,0.01429,-0.00679,0.00212,-5.00,0.00,0.00,11.0,125.51,633.70,291.42,DESCEND
2.2882,0.0347,-0.3393,0.2923,0.01229,0.00620,0.00312,-5.00,0.00,0.00,11.1,125.51,633.70,291.36,DESCEND
2.2983,-0.2152,0.0706,-0.0876,0.00829,0.00820,0.00712,-5.00,0.00,0.00,11.1,125.51,633.70,291.32,DESCEND
2.3084,-0.1152,-0.1893,0.0023,0.00429,-0.00179,0.00712,-5.00,0.00,0.00,11.2,125.51,633.71,291.26,DESCEND
2.3185,0.1547,-0.2293,0.0123,0.01829,0.01620,0.00012,-5.00,0.00,0.00,11.2,125.51,633.71,291.22,DESCEND
2.3286,0.1147,-0.0993,-0.1376,0.00329,-0.00979,0.00812,-5.00,0.00,0.00,11.3,125.51,633.71,291.16,DESCEND
2.3387,0.0747,-0.3193,0.1823,0.00129,0.00720,0.00312,-5.00,0.00,0.00,11.3,125.51,633.71,291.12,DESCEND
2.3489,0.1647,-0.1293,0.0523,0.00929,0.00020,0.00312,-5.00,0.00,0.00,11.4,125.51,633.71,291.06,DESCEND
2.3590,0.1247,-0.2393,0.0423,0.01629,0.00820,0.00612,-5.00,0.00,0.00,11.4,125.51,633.72,291.02,DESCEND
2.3691,-0.0352,-0.5293,0.4023,0.01829,0.01220,0.00212,-5.00,0.00,0.00,11.5,125.51,633.72,290.96,DESCEND
2.3792,0.0547,-0.5193,0.3423,0.00729,-0.00279,0.00312,-5.00,0.00,0.00,11.6,125.51,633.72,290.90,DESCEND
2.3893,-0.0052,-0.0593,-0.1476,0.00329,0.00020,0.00612,-5.00,0.00,0.00,11.6,125.51,633.72,290.86,DESCEND
2.3994,-0.0052,-0.0893,0.0023,0.02129,0.00920,0.00812,-5.00,0.00,0.00,11.7,125.51,633.72,290.80,DESCEND
2.4096,-0.2052,0.2206,-0.5376,0.00629,-0.00479,0.00612,-5.00,0.00,0.00,11.7,125.51,633.73,290.76,DESCEND
2.4197,0.0147,0.1406,-0.4276,-0.01270,-0.02079,0.00712,-5.00,0.00,0.00,11.8,125.51,633.73,290.70,DESCEND
2.4298,0.0547,0.0106,0.1623,0.00629,0.00220,0.00612,-5.00,0.00,0.00,11.8,125.51,633.73,290.66,DESCEND
2.4401,-0.0852,-0.3093,0.1523,-0.00070,0.00020,0.00312,-5.00,0.00,0.00,11.9,125.51,633.73,290.60,DESCEND
2.4502,-0.0052,-0.2593,0.0323,0.00929,0.00020,0.00412,-5.00,0.00,0.00,11.9,125.51,633.73,290.56,DESCEND
2.4603,0.1847,-0.3993,0.0123,0.02129,0.00720,0.00312,-5.00,0.00,0.00,12.0,125.51,633.74,290.50,DESCEND
2.4704,-0.2352,-0.0293,-0.0176,-0.01070,-0.00079,0.00712,-5.00,0.00,0.00,12.0,125.51,633.74,290.46,DESCEND
2.4806,0.0647,-0.2793,-0.1976,0.00629,-0.00379,0.00612,-5.00,0.00,0.00,12.1,125.51,633.74,290.40,DESCEND
2.4907,0.0047,-0.1593,0.2023,0.01429,0.00620,0.00712,-5.00,0.00,0.00,12.1,125.51,633.74,290.36,DESCEND
2.5008,0.0647,-0.1193,-0.1276,0.00629,-0.00879,0.00412,-5.00,0.00,0.00,12.2,125.51,633.74,290.30,DESCEND
2.5109,0.0647,-0.3593,0.0323,0.01329,0.00420,0.00112,-5.00,0.00,0.00,12.2,125.51,633.74,290.26,DESCEND
2.5211,0.0047,-0.2093,-0.0476,0.00229,0.00220,0.00712,-5.00,0.00,0.00,12.3,125.51,633.75,290.20,DESCEND
2.5312,-0.1352,0.0006,0.1323,0.00129,-0.00079,0.00612,-5.00,0.00,0.00,12.3,125.51,633.75,290.14,DESCEND
2.5413,0.0447,-0.0993,0.0023,0.02729,0.01120,0.00512,-5.00,0.00,0.00,12.4,125.51,633.75,290.10,DESCEND
2.5514,0.0647,-0.1193,0.1823,-0.00470,-0.00079,0.00712,-5.00,0.00,0.00,12.4,125.51,633.75,290.04,DESCEND
2.5615,0.0247,-0.3293,0.2823,0.00329,0.00420,0.00412,-5.00,0.00,0.00,12.5,125.51,633.75,290.00,DESCEND
2.5716,0.1847,-0.1793,-0.0176,0.01729,0.00020,0.00612,-5.00,0.00,0.00,12.5,125.51,633.76,289.94,DESCEND
2.5817,0.2047,-0.1093,-0.0276,0.01029,-0.00079,0.00412,-5.00,0.00,0.00,12.6,125.51,633.76,289.90,DESCEND
2.5919,0.1647,-0.1393,-0.2776,0.00529,-0.01779,0.01012,-5.00,0.00,0.00,12.6,125.51,633.76,289.84,DESCEND
2.6020,0.0847,-0.1493,-0.1776,0.03829,0.01920,0.00712,-5.00,0.00,0.00,12.7,125.51,633.76,289.80,DESCEND
2.6121,0.2547,0.0206,-0.2176,0.01829,-0.00179,0.00412,-5.00,0.00,0.00,12.7,125.51,633.76,289.74,DESCEND
2.6222,-0.1152,-0.2493,0.0323,-0.00170,0.00920,0.00612,-5.00,0.00,0.00,12.8,125.51,633.76,289.70,DESCEND
2.6323,0.1147,-0.2693,0.3123,0.00529,0.00520,-0.00087,-5.00,0.00,0.00,12.8,125.51,633.77,289.64,DESCEND
2.6425,0.0047,0.0406,0.1023,0.00529,0.00220,0.00612,-5.00,0.00,0.00,12.9,125.51,633.77,289.60,DESCEND
2.6526,0.0647,0.0306,-0.0176,0.01129,0.00320,0.00812,-5.00,0.00,0.00,12.9,125.51,633.77,289.54,DESCEND
2.6627,0.1247,-0.2593,-0.0476,0.01129,-0.00879,0.00912,-5.00,0.00,0.00,13.0,125.51,633.77,289.50,DESCEND
2.6728,0.1547,-0.1093,-0.0776,0.01529,0.00120,0.00612,-5.00,0.00,0.00,13.0,125.51,633.77,289.44,DESCEND
2.6829,0.1447,-0.5793,0.0023,0.02729,0.00820,0.00512,-5.00,0.00,0.00,13.1,125.51,633.78,289.40,DESCEND
2.6930,-0.1552,-0.0193,-0.2776,-0.00470,-0.00979,0.00612,-5.00,0.00,0.00,13.1,125.51,633.78,289.34,DESCEND
2.7032,0.0347,-0.2293,0.0323,0.00429,0.00620,0.00612,-5.00,0.00,0.00,13.2,125.51,633.78,289.28,DESCEND
2.7133,0.1547,-0.2693,0.1123,0.02229,0.00120,0.00112,-5.00,0.00,0.00,13.2,125.51,633.78,289.24,DESCEND
2.7234,0.0847,-0.2693,0.3323,0.03229,0.01820,0.00212,-5.00,0.00,0.00,13.3,125.51,633.78,289.18,DESCEND
2.7335,0.1247,-0.2993,0.1023,0.00529,-0.00079,0.00612,-5.00,0.00,0.00,13.3,125.51,633.79,289.14,DESCEND
2.7436,0.1247,-0.1693,0.1223,0.01629,0.01820,0.00112,-5.00,0.00,0.00,13.4,125.51,633.79,289.08,DESCEND
2.7537,0.0647,0.2306,-0.4876,0.01829,-0.00179,0.00912,-5.00,0.00,0.00,13.4,125.51,633.79,289.04,DESCEND
2.7638,-0.0052,-0.0893,-0.1176,0.00129,-0.00179,0.00812,-5.00,0.00,0.00,13.5,125.51,633.79,288.98,DESCEND
2.7739,0.0847,-0.1593,0.1023,0.00729,-0.01379,0.00612,-5.00,0.00,0.00,13.5,125.51,633.79,288.94,DESCEND
2.7840,-0.0252,-0.5793,0.5323,0.00729,0.01220,0.00012,-5.00,0.00,0.00,13.6,125.51,633.80,288.88,DESCEND
2.7942,0.1947,-0.0393,-0.1776,0.01829,-0.00479,0.00612,-5.00,0.00,0.00,13.6,125.51,633.80,288.84,DESCEND
2.8043,-0.1552,-0.4793,0.0223,0.00029,0.00220,0.00612,-5.00,0.00,0.00,13.7,125.51,633.80,288.78,DESCEND
2.8144,0.1647,-0.3293,0.1623,0.01829,-0.00079,0.00712,-5.00,0.00,0.00,13.7,125.51,633.80,288.74,DESCEND
2.8245,0.0447,-0.1393,-0.0576,0.01129,0.00520,0.00412,-5.00,0.00,0.00,13.8,125.51,633.80,288.68,DESCEND
2.8346,-0.1452,-0.1793,0.1523,0.01429,0.01920,0.00712,-5.00,0.00,0.00,13.8,125.51,633.80,288.64,DESCEND
2.8448,0.2147,0.0006,0.0123,0.00329,0.00020,0.00512,-5.00,0.00,0.00,13.9,125.51,633.81,288.58,DESCEND
2.8549,-0.0852,-0.2893,0.2323,-0.00170,0.00720,0.00512,-5.00,0.00,0.00,13.9,125.51,633.81,288.54,DESCEND
2.8650,-0.1052,0.0806,-0.1976,-0.00270,-0.00679,0.00912,-5.00,0.00,0.00,14.0,125.51,633.81,288.48,DESCEND
2.8751,-0.0552,0.1406,-0.1376,-0.00370,-0.00379,0.01212,-5.00,0.00,0.00,14.0,125.51,633.81,288.44,DESCEND
2.8852,-0.1152,-0.4193,0.1023,0.01629,0.01220,0.00312,-5.00,0.00,0.00,14.1,125.51,633.81,288.38,DESCEND
2.8953,0.1347,-0.2593,-0.0776,0.01929,0.00720,0.00312,-5.00,0.00,0.00,14.1,125.52,633.82,288.32,DESCEND
2.9054,-0.0952,-0.1993,0.0923,0.00229,0.00120,0.00712,-5.00,0.00,0.00,14.2,125.52,633.82,288.28,DESCEND
2.9156,-0.1052,-0.0493,0.0423,-0.00370,-0.00579,0.00812,-5.00,0.00,0.00,14.2,125.52,633.82,288.22,DESCEND
2.9257,0.0347,-0.2793,0.1223,-0.00070,-0.00379,0.00512,-5.00,0.00,0.00,14.3,125.52,633.82,288.18,DESCEND
2.9358,0.1247,0.0106,-0.0176,0.00629,-0.00779,0.00812,-5.00,0.00,0.00,14.3,125.52,633.82,288.12,DESCEND
2.9459,0.1647,-0.5993,0.3123,0.02129,0.00420,-0.00087,-5.00,0.00,0.00,14.4,125.52,633.82,288.08,DESCEND
2.9560,0.0747,-0.4093,0.3123,0.00529,0.00320,0.00112,-5.00,0.00,0.00,14.4,125.52,633.83,288.02,DESCEND
2.9662,-0.0052,-0.1193,0.3223,0.02229,0.01320,0.00512,-5.00,0.00,0.00,14.5,125.52,633.83,287.98,DESCEND
2.9763,-0.3152,-0.0993,-0.3176,-0.03470,-0.01879,0.00812,-5.00,0.00,0.00,14.5,125.52,633.83,287.92,DESCEND
2.9864,-0.0552,-0.1793,0.2523,0.00329,0.01120,0.00412,-5.00,0.00,0.00,14.6,125.52,633.83,287.88,DESCEND
2.9965,-0.1452,-0.2293,0.0523,-0.00870,0.00120,0.00412,-5.00,0.00,0.00,14.6,125.52,633.83,287.82,DESCEND
3.0066,-0.1652,-0.4093,0.3823,-0.00070,0.01020,0.00512,-5.00,0.00,0.00,14.7,125.52,633.84,287.78,DESCEND
3.0167,0.0647,0.1206,-0.0476,0.00629,-0.00179,0.00712,-5.00,0.00,0.00,14.7,125.52,633.84,287.72,DESCEND
3.0268,0.1447,-0.1093,0.1823,0.01429,0.00520,0.00312,-5.00,0.00,0.00,14.8,125.52,633.84,287.68,DESCEND
3.0370,0.0447,-0.5593,0.2723,0.01129,0.00720,0.00112,-5.00,0.00,0.00,14.8,125.52,633.84,287.62,DESCEND
3.0471,0.0147,-0.1993,-0.0276,0.01629,0.00220,0.00712,-5.00,0.00,0.00,14.9,125.52,633.84,287.58,DESCEND
3.0572,0.0247,0.0406,-0.2076,0.01729,0.00320,0.01012,-5.00,0.00,0.00,14.9,125.52,633.85,287.52,DESCEND
3.0673,-0.1452,-0.3093,0.1723,0.01429,0.01620,0.00412,-5.00,0.00,0.00,15.0,125.52,633.85,287.46,DESCEND
3.0774,0.0547,-0.2193,0.1023,0.01729,0.01420,0.00212,-5.00,0.00,0.00,15.0,125.52,633.85,287.42,DESCEND
3.0876,0.0247,-0.1693,0.1123,0.00129,0.00420,0.00312,-5.00,0.00,0.00,15.1,125.52,633.85,287.36,DESCEND
3.0977,-0.0852,-0.1793,0.1823,0.01529,0.01120,0.00412,-5.00,0.00,0.00,15.1,125.52,633.85,287.32,DESCEND
3.1078,0.0447,-0.0493,-0.2576,0.01529,0.00620,0.00612,-5.00,0.00,0.00,15.2,125.52,633.85,287.26,DESCEND
3.1179,-0.1652,-0.0493,-0.1576,-0.01170,0.00220,0.00612,-5.00,0.00,0.00,15.2,125.52,633.86,287.22,DESCEND
3.1280,-0.1852,-0.4493,0.0723,0.00129,0.01020,0.00712,-5.00,0.00,0.00,15.3,125.52,633.86,287.16,DESCEND
3.1381,0.1947,-0.4093,0.1123,0.00429,-0.00679,0.00612,-5.00,0.00,0.00,15.3,125.52,633.86,287.12,DESCEND
3.1482,-0.0752,0.0506,0.0123,0.00029,-0.01179,0.00812,-5.00,0.00,0.00,15.4,125.52,633.86,287.06,DESCEND
3.1583,0.1047,-0.0493,-0.1576,0.01529,0.00120,0.00712,-5.00,0.00,0.00,15.4,125.52,633.86,287.02,DESCEND
3.1685,0.0047,0.1206,-0.1776,0.00429,-0.00779,0.00412,-5.00,0.00,0.00,15.5,125.52,633.87,286.96,DESCEND
3.1786,0.1447,-0.0793,-0.2576,0.00429,-0.00479,0.00612,-5.00,0.00,0.00,15.5,125.52,633.87,286.92,DESCEND
3.1888,0.1947,-0.1093,-0.0776,0.01829,0.01420,0.00312,-5.00,0.00,0.00,15.6,125.52,633.87,286.86,DESCEND
3.1989,-0.0452,-0.2493,0.3423,0.00429,0.00920,0.00312,-5.00,0.00,0.00,15.6,125.52,633.87,286.82,DESCEND
3.2090,0.2847,-0.1893,0.0823,0.02629,-0.00279,0.00612,-5.00,0.00,0.00,15.7,125.52,633.87,286.76,DESCEND
3.2191,0.0747,-0.1293,0.0223,0.01229,0.00820,0.00712,-5.00,0.00,0.00,15.7,125.52,633.88,286.72,DESCEND
3.2292,-0.0352,-0.1393,-0.1776,0.00229,0.00320,0.00412,-5.00,0.00,0.00,15.8,125.52,633.88,286.66,DESCEND
3.2393,0.1647,-0.1993,0.1923,0.01429,0.00220,0.00412,-5.00,0.00,0.00,15.9,125.52,633.88,286.60,DESCEND
3.2494,0.1547,0.1406,-0.1876,0.00829,0.00120,0.00412,-5.00,0.00,0.00,15.9,125.52,633.88,286.56,DESCEND
3.2596,0.0247,-0.2893,0.2823,0.00229,-0.00279,0.00512,-5.00,0.00,0.00,16.0,125.52,633.88,286.50,DESCEND
3.2697,-0.0252,-0.3093,0.2323,0.01929,0.01120,0.00712,-5.00,0.00,0.00,16.0,125.52,633.88,286.46,DESCEND
3.2798,0.0147,-0.1593,0.0723,0.00229,-0.00579,0.00312,-5.00,0.00,0.00,16.1,125.52,633.89,286.40,DESCEND
3.2899,0.1147,-0.2793,-0.1576,0.00929,0.00020,0.00612,-5.00,0.00,0.00,16.1,125.52,633.89,286.36,DESCEND
3.3000,0.0247,-0.4193,0.2323,0.00129,0.00820,0.00212,-5.00,0.00,0.00,16.2,125.52,633.89,286.30,DESCEND
3.3101,0.0347,-0.0893,-0.1476,0.02229,-0.00279,0.00812,-5.00,0.00,0.00,16.2,125.52,633.89,286.26,DESCEND
3.3202,0.0147,-0.2093,-0.1976,0.00129,-0.00579,0.00312,-5.00,0.00,0.00,16.3,125.52,633.89,286.20,DESCEND
3.3303,-0.0252,0.2306,-0.2476,-0.00070,-0.00679,0.00512,-5.00,0.00,0.00,16.3,125.52,633.90,286.16,DESCEND
3.3404,0.0047,0.0506,-0.2076,0.00729,0.00720,0.01012,-5.00,0.00,0.00,16.4,125.52,633.90,286.10,DESCEND
3.3506,0.0547,-0.0293,-0.2776,-0.00070,-0.01279,0.00412,-5.00,0.00,0.00,16.4,125.52,633.90,286.06,DESCEND
3.3607,-0.1652,-0.0593,0.0223,0.00129,-0.00979,0.00312,-5.00,0.00,0.00,16.5,125.52,633.90,286.00,DESCEND
3.3708,-0.0452,-0.2193,0.3123,0.01329,0.00920,0.00912,-5.00,0.00,0.00,16.5,125.52,633.90,285.96,DESCEND
3.3809,0.0547,-0.4893,0.3023,0.01829,0.01320,0.00512,-5.00,0.00,0.00,16.6,125.52,633.91,285.90,DESCEND
3.3910,-0.0252,-0.1293,-0.2076,0.00429,0.00120,0.00612,-5.00,0.00,0.00,16.6,125.52,633.91,285.86,DESCEND
3.4011,0.1247,-0.1293,0.0223,0.01529,0.00120,0.00512,-5.00,0.00,0.00,16.7,125.52,633.91,285.80,DESCEND
3.4112,0.1447,-0.3993,0.2223,0.01629,-0.00179,0.00212,-5.00,0.00,0.00,16.7,125.52,633.91,285.74,DESCEND
3.4214,0.0647,-0.1893,-0.0176,0.00429,-0.00579,0.00612,-5.00,0.00,0.00,16.8,125.52,633.91,285.70,DESCEND
3.4315,-0.0552,-0.1793,-0.0876,0.00029,0.00320,0.00412,-5.00,0.00,0.00,16.8,125.52,633.91,285.64,DESCEND
3.4416,-0.0052,-0.1293,-0.0176,-0.00070,-0.01279,0.01112,-5.00,0.00,0.00,16.9,125.52,633.92,285.60,DESCEND
3.4517,-0.2452,-0.4693,0.3623,0.00429,0.00620,0.00412,-5.00,0.00,0.00,16.9,125.52,633.92,285.54,DESCEND
3.4618,-0.0052,-0.2393,0.0423,0.00729,-0.00179,0.00612,-5.00,0.00,0.00,17.0,125.52,633.92,285.50,DESCEND
3.4719,0.0747,-0.1793,0.1023,0.00729,0.00620,0.00812,-5.00,0.00,0.00,17.0,125.52,633.92,285.44,DESCEND
3.4820,0.0447,-0.0693,0.1123,0.00029,-0.00079,0.00612,-5.00,0.00,0.00,17.1,125.52,633.92,285.40,DESCEND
3.4921,0.0147,-0.5093,0.3523,0.03029,0.01620,0.00112,-5.00,0.00,0.00,17.1,125.52,633.93,285.34,DESCEND
3.5022,0.1747,-0.2093,-0.1476,0.01629,-0.00579,0.00412,-5.00,0.00,0.00,17.2,125.52,633.93,285.30,DESCEND
3.5124,0.0347,-0.0793,-0.0576,-0.01270,-0.01779,0.00812,-5.00,0.00,0.00,17.2,125.52,633.93,285.24,DESCEND
3.5225,0.0347,-0.2693,0.0423,0.00429,-0.00779,0.00612,-5.00,0.00,0.00,17.3,125.52,633.93,285.20,DESCEND
3.5326,-0.0152,-0.0793,-0.0876,0.02129,0.00520,0.00912,-5.00,0.00,0.00,17.3,125.53,633.93,285.14,DESCEND
3.5427,-0.0052,-0.1993,0.1123,0.02829,0.01420,0.00512,-5.00,0.00,0.00,17.4,125.53,633.93,285.10,DESCEND
3.5528,0.2847,-0.2793,-0.1276,0.03229,0.00420,0.00412,-5.00,0.00,0.00,17.4,125.53,633.94,285.04,DESCEND
3.5629,0.0047,-0.2893,0.1823,0.01029,0.00620,0.00412,-5.00,0.00,0.00,17.5,125.53,633.94,285.00,DESCEND
3.5730,-0.0552,0.0106,0.0323,0.00929,0.01220,0.00312,-5.00,0.00,0.00,17.5,125.53,633.94,284.94,DESCEND
3.5832,0.0347,-0.2193,0.1323,-0.00670,-0.00779,0.00312,-5.00,0.00,0.00,17.6,125.53,633.94,284.88,DESCEND
3.5933,-0.0152,-0.3193,0.2923,0.01129,0.00720,0.00512,-5.00,0.00,0.00,17.6,125.53,633.94,284.84,DESCEND
3.6034,0.1247,-0.0693,0.2123,0.01229,-0.00079,0.00712,-5.00,0.00,0.00,17.7,125.53,633.95,284.78,DESCEND
3.6135,-0.0152,-0.3093,0.0223,0.00329,-0.00479,0.00612,-5.00,0.00,0.00,17.7,125.53,633.95,284.74,DESCEND
3.6236,-0.0352,-0.4193,-0.1176,0.02229,0.00320,0.01012,-5.00,0.00,0.00,17.8,125.53,633.95,284.68,DESCEND
3.6337,0.1547,-0.3093,0.0623,0.00729,0.00220,0.00912,-5.00,0.00,0.00,17.8,125.53,633.95,284.64,DESCEND
3.6438,-0.0452,-0.0893,0.1423,-0.00870,-0.00479,0.00612,-5.00,0.00,0.00,17.9,125.53,633.95,284.58,DESCEND
3.6539,0.1347,0.0806,0.0123,0.02029,0.00920,0.00912,-5.00,0.00,0.00,17.9,125.53,633.96,284.54,DESCEND
3.6641,-0.0052,-0.3793,0.1523,0.01129,-0.00179,0.00512,-5.00,0.00,0.00,18.0,125.53,633.96,284.48,DESCEND
3.6742,-0.1152,-0.1893,-0.0076,0.00029,-0.00079,0.01112,-5.00,0.00,0.00,18.0,125.53,633.96,284.44,DESCEND
3.6843,-0.0652,-0.2193,0.2123,-0.01870,-0.00679,0.00512,-5.00,0.00,0.00,18.1,125.53,633.96,284.38,DESCEND
3.6944,0.0047,0.2606,-0.0576,0.00829,0.00020,0.00912,-5.00,0.00,0.00,18.1,125.53,633.96,284.34,DESCEND
3.7045,0.0347,-0.1093,0.0523,0.00229,0.00220,0.00912,-5.00,0.00,0.00,18.2,125.53,633.97,284.28,DESCEND
3.7146,-0.0152,-0.3593,0.0923,0.01829,0.00820,0.00412,-5.00,0.00,0.00,18.2,125.53,633.97,284.24,DESCEND
3.7247,0.0247,-0.1893,0.0523,0.00629,0.00120,0.00312,-5.00,0.00,0.00,18.3,125.53,633.97,284.18,DESCEND
3.7348,-0.0552,-0.1093,-0.0276,-0.00670,-0.00679,0.00512,-5.00,0.00,0.00,18.3,125.53,633.97,284.14,DESCEND
3.7449,0.0147,-0.0193,-0.1676,0.00329,-0.00879,0.00412,-5.00,0.00,0.00,18.4,125.53,633.97,284.08,DESCEND
3.7550,-0.2452,-0.1693,-0.0476,-0.00170,0.00020,0.00612,-5.00,0.00,0.00,18.4,125.53,633.97,284.04,DESCEND
3.7652,0.2147,-0.4993,0.0323,0.02229,0.00520,0.00212,-5.00,0.00,0.00,18.5,125.53,633.98,283.98,DESCEND
3.7753,0.0747,-0.1993,0.4223,0.01329,0.01420,0.00212,-5.00,0.00,0.00,18.5,125.53,633.98,283.92,DESCEND
3.7854,-0.0752,-0.1693,0.0523,0.00629,0.00520,0.00512,-5.00,0.00,0.00,18.6,125.53,633.98,283.88,DESCEND
3.7955,0.1747,-0.1693,0.2023,0.01529,0.00420,0.00612,-5.00,0.00,0.00,18.6,125.53,633.98,283.82,DESCEND
3.8056,0.1247,-0.2193,0.1323,0.03629,0.01420,0.00712,-5.00,0.00,0.00,18.7,125.53,633.98,283.78,DESCEND
3.8157,0.0247,-0.2493,0.0623,0.01429,0.00020,0.00612,-5.00,0.00,0.00,18.7,125.53,633.99,283.72,DESCEND
3.8258,0.1147,-0.5493,0.2323,0.01729,0.00820,0.00012,-5.00,0.00,0.00,18.8,125.53,633.99,283.68,DESCEND
3.8359,-0.0652,-0.1793,-0.1076,-0.00170,-0.01079,0.00612,-5.00,0.00,0.00,18.8,125.53,633.99,283.62,DESCEND
3.8461,-0.0452,-0.0693,-0.0176,0.01729,0.00720,0.00812,-5.00,0.00,0.00,18.9,125.53,633.99,283.58,DESCEND
3.8562,0.0147,0.0606,-0.5476,0.02029,0.00020,0.00912,-5.00,0.00,0.00,18.9,125.53,633.99,283.52,DESCEND
3.8663,0.1447,-0.0893,-0.0676,0.03729,0.01220,0.00612,-5.00,0.00,0.00,19.0,125.53,633.99,283.48,DESCEND
3.8764,0.0647,-0.0193,-0.2576,0.00829,-0.00379,0.00812,-5.00,0.00,0.00,19.0,125.53,634.00,283.42,DESCEND
3.8866,0.0947,-0.0593,-0.2676,0.01729,-0.00379,0.00712,-5.00,0.00,0.00,19.1,125.53,634.00,283.38,DESCEND
3.8967,0.0447,-0.2093,0.2523,0.01829,0.01420,0.00612,-5.00,0.00,0.00,19.1,125.53,634.00,283.32,DESCEND
3.9068,0.2447,-0.0293,0.0123,0.01029,-0.00679,0.00712,-5.00,0.00,0.00,19.2,125.53,634.00,283.28,DESCEND
3.9170,0.0547,-0.3293,0.3223,-0.00970,-0.01179,0.00212,-5.00,0.00,0.00,19.2,125.53,634.00,283.22,DESCEND
3.9271,-0.0452,0.0006,0.1023,0.01029,0.01120,0.00712,-5.00,0.00,0.00,19.3,125.53,634.01,283.18,DESCEND
3.9372,0.2647,-0.1793,0.1123,0.03229,0.00320,0.00712,-5.00,0.00,0.00,19.3,125.53,634.01,283.12,DESCEND
3.9473,-0.0152,-0.1493,0.1223,0.00829,0.00720,0.00912,-5.00,0.00,0.00,19.4,125.53,634.01,283.06,DESCEND
3.9574,0.0047,0.0006,-0.1276,0.00229,-0.00079,0.00812,-5.00,0.00,0.00,19.4,125.53,634.01,283.02,DESCEND
3.9676,0.0047,-0.1393,0.0523,-0.00270,-0.00179,0.00612,-5.00,0.00,0.00,19.5,125.53,634.01,282.96,DESCEND
3.9777,-0.2252,-0.0993,-0.2576,-0.00470,-0.00879,0.00612,-5.00,0.00,0.00,19.5,125.53,634.02,282.92,DESCEND
3.9878,0.1947,-0.2893,0.0623,0.01329,-0.00579,0.00812,-5.00,0.00,0.00,19.6,125.53,634.02,282.86,DESCEND
3.9979,-0.0152,-0.0493,0.0823,-0.00170,0.00220,0.00612,-5.00,0.00,0.00,19.6,125.53,634.02,282.82,DESCEND
4.0080,-0.0652,0.1206,-0.2676,-0.00970,-0.00979,0.01012,-5.00,0.00,0.00,19.7,125.53,634.02,282.76,DESCEND
4.0183,-0.0352,0.1006,0.0023,0.00829,0.00120,0.00912,-5.00,0.00,0.00,19.7,125.53,634.02,282.72,DESCEND
4.0284,0.0547,-0.0593,-0.0676,0.01229,0.00020,0.00912,-5.00,0.00,0.00,19.8,125.53,634.03,282.66,DESCEND
4.0385,-0.0252,-0.5293,0.2923,0.00729,-0.00179,0.00312,-5.00,0.00,0.00,19.8,125.53,634.03,282.62,DESCEND
4.0486,0.0647,-0.2493,0.0823,-0.00670,-0.00179,0.00212,-5.00,0.00,0.00,19.9,125.53,634.03,282.56,DESCEND
4.0587,0.1947,-0.1393,-0.1876,0.00729,-0.01079,0.00412,-5.00,0.00,0.00,19.9,125.53,634.03,282.52,DESCEND
4.0689,0.0547,-0.0993,-0.0876,0.01529,-0.00179,0.00912,-5.00,0.00,0.00,20.0,125.53,634.03,282.46,DESCEND
4.0790,0.0447,-0.2093,-0.1376,0.00929,0.00220,0.00612,-5.00,0.00,0.00,20.0,125.53,634.03,282.42,DESCEND
4.0891,0.0147,0.0306,-0.3676,0.00629,-0.00779,0.00612,-5.00,0.00,0.00,20.1,125.53,634.04,282.36,DESCEND
4.0993,-0.0052,-0.4593,0.3223,0.01229,0.01020,0.00312,-5.00,0.00,0.00,20.2,125.53,634.04,282.30,DESCEND
4.1094,0.1647,-0.1393,-0.1276,0.02729,0.00020,0.00612,-5.00,0.00,0.00,20.2,125.53,634.04,282.26,DESCEND
4.1195,0.2047,-0.1693,0.1623,0.02529,0.00720,0.00512,-5.00,0.00,0.00,20.3,125.53,634.04,282.21,DESCEND
4.1296,-0.0952,0.0306,-0.0576,-0.00370,-0.00379,0.01112,-5.00,0.00,0.00,20.3,125.53,634.04,282.17,DESCEND
4.1397,0.1647,0.0206,-0.1976,0.01729,-0.00479,0.00612,-5.00,0.00,0.00,20.4,125.53,634.05,282.11,DESCEND
4.1498,0.1847,-0.2893,0.1023,0.01929,0.00320,0.00712,-5.00,0.00,0.00,20.4,125.53,634.05,282.07,DESCEND
4.1599,-0.0552,-0.0893,-0.0376,0.01329,-0.00079,0.00912,-5.00,0.00,0.00,20.5,125.53,634.05,282.01,DESCEND
4.1701,0.2547,-0.2293,0.0423,0.02829,0.00920,0.00512,-5.00,0.00,0.00,20.5,125.53,634.05,281.97,DESCEND
4.1802,0.1747,-0.1693,0.1823,0.02329,0.01020,0.00512,-5.00,0.00,0.00,20.6,125.54,634.05,281.91,DESCEND
4.1903,0.0447,-0.5293,0.0523,0.03029,0.01220,0.00412,-5.00,0.00,0.00,20.6,125.54,634.05,281.87,DESCEND
4.2005,0.0847,-0.2693,0.3323,0.01129,0.00320,0.00812,-5.00,0.00,0.00,20.7,125.54,634.06,281.81,DESCEND
4.2106,-0.0552,0.1206,-0.1076,-0.00170,-0.00979,0.00912,-5.00,0.00,0.00,20.7,125.54,634.06,281.77,DESCEND
4.2207,-0.0752,-0.2893,-0.0376,0.00829,0.00120,0.00912,-5.00,0.00,0.00,20.8,125.54,634.06,281.71,DESCEND
4.2308,0.1347,-0.2393,0.2023,0.02029,0.00620,0.00212,-5.00,0.00,0.00,20.8,125.54,634.06,281.67,DESCEND
4.2409,0.1547,-0.1593,0.0523,0.01429,-0.00079,0.00812,-5.00,0.00,0.00,20.9,125.54,634.06,281.61,DESCEND
4.2510,-0.0252,0.1606,-0.3776,0.00129,-0.00779,0.00812,-5.00,0.00,0.00,20.9,125.54,634.07,281.57,DESCEND
4.2611,0.0647,-0.0593,-0.0676,-0.00270,-0.00479,0.00512,-5.00,0.00,0.00,21.0,125.54,634.07,281.51,DESCEND
4.2712,0.0247,0.3606,-0.4876,-0.00070,-0.00279,0.00912,-5.00,0.00,0.00,21.0,125.54,634.07,281.47,DESCEND
4.2813,-0.1852,-0.0493,-0.2476,-0.00670,-0.00479,0.00812,-5.00,0.00,0.00,21.1,125.54,634.07,281.41,DESCEND
4.2914,0.2447,-0.3293,-0.0776,0.01229,-0.00379,0.00512,-5.00,0.00,0.00,21.1,125.54,634.07,281.35,DESCEND
4.3015,0.0747,-0.2093,0.3423,0.00529,-0.00179,0.00712,-5.00,0.00,0.00,21.2,125.54,634.08,281.31,DESCEND
4.3116,-0.1352,-0.1293,-0.2776,0.00829,-0.00079,0.00912,-5.00,0.00,0.00,21.2,125.54,634.08,281.25,DESCEND
4.3217,0.0047,-0.4093,0.2423,0.00329,-0.00179,0.00712,-5.00,0.00,0.00,21.3,125.54,634.08,281.21,DESCEND
4.3318,-0.2152,-0.0493,-0.1376,-0.00570,-0.00479,0.00912,-5.00,0.00,0.00,21.3,125.54,634.08,281.15,DESCEND
4.3419,-0.0452,0.3406,-0.2076,-0.01770,-0.01079,0.01112,-5.00,0.00,0.00,21.4,125.54,634.08,281.11,DESCEND
4.3520,0.0447,-0.2793,0.2223,0.00829,0.00520,0.00212,-5.00,0.00,0.00,21.4,125.54,634.09,281.05,DESCEND
4.3622,0.0147,-0.0393,-0.2376,0.01129,0.00220,0.00612,-5.00,0.00,0.00,21.5,125.54,634.09,281.01,DESCEND
4.3723,0.0847,-0.3393,0.3023,-0.00270,-0.00079,0.00312,-5.00,0.00,0.00,21.5,125.54,634.09,280.95,DESCEND
4.3824,0.0647,-0.1893,-0.2076,-0.01070,-0.01479,0.00612,-5.00,0.00,0.00,21.6,125.54,634.09,280.91,DESCEND
4.3925,0.0747,-0.2193,0.0023,0.00329,0.00520,0.00512,-5.00,0.00,0.00,21.6,125.54,634.09,280.85,DESCEND
4.4026,-0.0552,-0.3293,0.1823,0.00429,0.01020,0.00912,-5.00,0.00,0.00,21.7,125.54,634.09,280.81,DESCEND
4.4127,0.0847,-0.6693,0.2623,0.01429,0.00520,0.00212,-5.00,0.00,0.00,21.7,125.54,634.10,280.75,DESCEND
4.4229,0.2147,0.0406,-0.0976,0.01129,-0.00079,0.00612,-5.00,0.00,0.00,21.8,125.54,634.10,280.71,DESCEND
4.4330,0.1547,-0.1093,-0.0376,0.01029,-0.00179,0.01012,-5.00,0.00,0.00,21.8,125.54,634.10,280.65,DESCEND
4.4431,0.0047,0.0406,0.0523,0.00329,0.00120,0.01312,-5.00,0.00,0.00,21.9,125.54,634.10,280.61,DESCEND
4.4532,0.1047,-0.2293,0.1123,0.02329,0.00720,0.00612,-5.00,0.00,0.00,21.9,125.54,634.10,280.55,DESCEND
4.4633,0.0947,0.1906,-0.3176,-0.00070,-0.00779,0.01412,-5.00,0.00,0.00,22.0,125.54,634.11,280.49,DESCEND
4.4734,-0.0152,-0.0493,-0.1376,0.01529,0.00220,0.00712,-5.00,0.00,0.00,22.0,125.54,634.11,280.45,DESCEND
4.4835,0.1647,-0.2793,0.1423,0.03329,0.00720,0.00612,-5.00,0.00,0.00,22.1,125.54,634.11,280.39,DESCEND
4.4936,-0.0052,-0.5693,0.2323,0.01329,0.00320,0.00512,-5.00,0.00,0.00,22.1,125.54,634.11,280.35,DESCEND
4.5037,-0.0152,-0.2893,0.0523,0.01729,0.00620,0.00812,-5.00,0.00,0.00,22.2,125.54,634.11,280.29,DESCEND
4.5138,0.2247,-0.3493,0.3223,0.01229,0.00120,0.00312,-5.00,0.00,0.00,22.2,125.54,634.11,280.25,DESCEND
4.5240,0.2247,-0.3093,0.1623,0.02829,0.01620,0.00512,-5.00,0.00,0.00,22.3,125.54,634.12,280.19,DESCEND
4.5341,-0.0352,-0.2493,0.1923,-0.00870,-0.00679,0.00512,-5.00,0.00,0.00,22.3,125.54,634.12,280.15,DESCEND
4.5442,0.1447,0.1406,-0.1876,0.01129,0.00120,0.00712,-5.00,0.00,0.00,22.4,125.54,634.12,280.09,DESCEND
4.5543,-0.0452,-0.0593,0.0723,0.00229,0.00120,0.00912,-5.00,0.00,0.00,22.4,125.54,634.12,280.05,DESCEND
4.5644,0.1947,-0.2393,-0.0076,0.01129,-0.00979,0.00912,-5.00,0.00,0.00,22.5,125.54,634.12,279.99,DESCEND
4.5745,-0.0052,-0.0993,-0.1076,0.01029,0.00520,0.01112,-5.00,0.00,0.00,22.5,125.54,634.13,279.95,DESCEND
4.5846,-0.0752,-0.1793,0.2423,0.01129,0.00420,0.00712,-5.00,0.00,0.00,22.6,125.54,634.13,279.89,DESCEND
4.5947,0.1047,-0.4093,0.2923,0.01629,0.00620,0.00412,-5.00,0.00,0.00,22.6,125.54,634.13,279.85,DESCEND
4.6048,-0.0952,-0.0293,0.0223,0.01429,0.00820,0.00612,-5.00,0.00,0.00,22.7,125.54,634.13,279.79,DESCEND
4.6149,-0.0352,-0.0693,0.1623,0.01829,0.01120,0.00812,-5.00,0.00,0.00,22.7,125.54,634.13,279.75,DESCEND
4.6250,0.1047,-0.1893,-0.3176,0.00329,-0.01279,0.00612,-5.00,0.00,0.00,22.8,125.54,634.14,279.69,DESCEND
4.6352,0.1547,0.2306,-0.3176,0.01629,-0.00679,0.01212,-5.00,0.00,0.00,22.8,125.54,634.14,279.65,DESCEND
4.6453,0.1947,-0.2793,-0.0576,0.02829,0.00020,0.00312,-5.00,0.00,0.00,22.9,125.54,634.14,279.59,DESCEND
4.6554,0.0847,0.0506,0.0223,0.01829,0.00620,0.01012,-5.00,0.00,0.00,22.9,125.54,634.14,279.53,DESCEND
4.6655,0.0447,-0.3893,-0.0176,0.00929,-0.00579,0.00512,-5.00,0.00,0.00,23.0,125.54,634.14,279.49,DESCEND
4.6756,-0.1052,-0.2293,0.0623,-0.00770,-0.00179,0.00612,-5.00,0.00,0.00,23.0,125.54,634.15,279.43,DESCEND
4.6857,0.0347,-0.1393,0.0923,0.00729,-0.00479,0.00612,-5.00,0.00,0.00,23.1,125.54,634.15,279.39,DESCEND
4.6958,0.1747,-0.2293,0.0523,0.01529,0.00220,0.00612,-5.00,0.00,0.00,23.1,125.54,634.15,279.33,DESCEND
4.7059,-0.0252,0.0906,-0.2076,-0.00370,-0.01079,0.01112,-5.00,0.00,0.00,23.2,125.54,634.15,279.29,DESCEND
4.7160,0.0847,-0.0893,-0.0676,0.02829,0.00320,0.00712,-5.00,0.00,0.00,23.2,125.54,634.15,279.23,DESCEND
4.7261,0.1647,-0.2293,0.2523,0.01529,-0.00279,0.00812,-5.00,0.00,0.00,23.3,125.54,634.15,279.19,DESCEND
4.7362,-0.0252,-0.4493,0.3423,0.01929,0.01120,0.00512,-5.00,0.00,0.00,23.3,125.54,634.16,279.13,DESCEND
4.7464,-0.1252,-0.7293,0.3023,0.00429,-0.00179,0.00212,-5.00,0.00,0.00,23.4,125.54,634.16,279.09,DESCEND
4.7565,0.1347,-0.0393,-0.1676,0.02829,-0.00079,0.00912,-5.00,0.00,0.00,23.4,125.54,634.16,279.03,DESCEND
4.7666,0.1447,-0.2293,-0.0476,0.00129,-0.01179,0.00812,-5.00,0.00,0.00,23.5,125.54,634.16,278.99,DESCEND
4.7767,0.0947,0.0006,0.1123,0.01529,0.00220,0.00812,-5.00,0.00,0.00,23.5,125.54,634.16,278.93,DESCEND
4.7868,0.0947,-0.0993,-0.0276,0.00729,0.00020,0.00612,-5.00,0.00,0.00,23.6,125.54,634.17,278.89,DESCEND
4.7970,-0.0452,-0.0893,0.0323,0.01029,0.00320,0.00712,-5.00,0.00,0.00,23.6,125.54,634.17,278.83,DESCEND
4.8071,-0.0552,-0.1593,-0.0776,0.01729,0.00220,0.00612,-5.00,0.00,0.00,23.7,125.54,634.17,278.79,DESCEND
4.8172,-0.1052,-0.0693,-0.2276,0.01029,-0.00279,0.01112,-5.00,0.00,0.00,23.7,125.54,634.17,278.73,DESCEND
4.8273,0.0847,-0.1093,-0.0976,0.02529,0.00820,0.00612,-5.00,0.00,0.00,23.8,125.54,634.17,278.67,DESCEND
4.8374,0.1847,-0.2393,0.1023,0.01829,0.00620,0.00112,-5.00,0.00,0.00,23.8,125.54,634.17,278.63,DESCEND
4.8476,-0.0952,-0.1393,-0.0776,0.01229,0.00120,0.01012,-5.00,0.00,0.00,23.9,125.55,634.18,278.57,DESCEND
4.8577,0.0147,-0.2893,0.1323,0.00929,0.00220,0.00512,-5.00,0.00,0.00,23.9,125.55,634.18,278.53,DESCEND
4.8678,0.0647,0.1306,-0.3376,0.01129,-0.00479,0.00812,-5.00,0.00,0.00,24.0,125.55,634.18,278.47,DESCEND
4.8779,0.2147,-0.0393,0.0723,0.02129,0.00520,0.00812,-5.00,0.00,0.00,24.0,125.55,634.18,278.43,DESCEND
4.8880,0.0147,0.0006,0.0323,0.00429,-0.00479,0.00912,-5.00,0.00,0.00,24.1,125.55,634.18,278.37,DESCEND
4.8981,0.1047,-0.0893,0.1523,0.00429,-0.00579,0.00612,-5.00,0.00,0.00,24.1,125.55,634.19,278.33,DESCEND
4.9082,0.0647,-0.0493,-0.1876,0.01629,0.00320,0.00912,-5.00,0.00,0.00,24.2,125.55,634.19,278.27,DESCEND
4.9183,0.1147,0.1306,-0.0976,0.02229,0.00020,0.00812,-5.00,0.00,0.00,24.2,125.55,634.19,278.23,DESCEND
4.9284,-0.0152,-0.3793,0.3723,0.00529,0.00020,0.00712,-5.00,0.00,0.00,24.3,125.55,634.19,278.17,DESCEND
4.9386,-0.1452,-0.2293,0.4723,0.00829,0.01820,0.00812,-5.00,0.00,0.00,24.3,125.55,634.19,278.13,DESCEND
4.9487,-0.0352,-0.1093,0.0223,0.00329,-0.00379,0.01112,-5.00,0.00,0.00,24.4,125.55,634.20,278.07,DESCEND
4.9588,-0.0152,-0.2693,0.3323,0.01829,0.00420,0.01112,-5.00,0.00,0.00,24.4,125.55,634.20,278.03,DESCEND
4.9690,0.0447,-0.2293,0.1923,0.01729,0.00720,0.00512,-5.00,0.00,0.00,24.5,125.55,634.20,277.97,DESCEND
4.9791,-0.0852,-0.2493,0.0723,0.02529,0.00820,0.00412,-5.00,0.00,0.00,24.5,125.55,634.20,277.93,DESCEND
4.9892,0.0647,-0.2593,0.3623,0.01929,0.01020,0.00612,-5.00,0.00,0.00,24.6,125.55,634.20,277.87,DESCEND
4.9993,-0.0052,0.1006,-0.2076,0.01529,-0.00079,0.01012,-5.00,0.00,0.00,24.6,125.55,634.20,277.83,DESCEND
5.0093,-0.0552,-0.1893,-0.0176,0.00529,0.00320,0.00512,-5.00,0.00,0.00,24.7,125.55,634.21,277.77,DESCEND
5.0194,-0.1152,-0.1193,-0.1276,0.00929,0.00520,0.00912,-5.00,0.00,0.00,24.8,125.55,634.21,277.71,DESCEND
5.0296,0.0147,-0.0693,-0.3476,0.00129,-0.01079,0.00912,-5.00,0.00,0.00,24.8,125.55,634.21,277.67,DESCEND
5.0397,0.2547,0.0006,0.0623,0.01429,-0.00279,0.00812,-5.00,0.00,0.00,24.9,125.55,634.21,277.61,DESCEND
5.0498,0.1347,-0.2093,0.1823,0.01629,0.00120,0.00912,-5.00,0.00,0.00,24.9,125.55,634.21,277.57,DESCEND
5.0599,0.2147,-0.1793,-0.0576,0.02829,0.00120,0.00812,-5.00,0.00,0.00,25.0,125.55,634.22,277.51,DESCEND
5.0700,0.1547,-0.0893,0.0023,0.01529,0.00220,0.00812,-5.00,0.00,0.00,25.0,125.55,634.22,277.47,DESCEND
5.0802,-0.0852,-0.1193,0.0223,-0.01570,-0.00979,0.00712,-5.00,0.00,0.00,25.1,125.55,634.22,277.41,DESCEND
5.0903,-0.0452,-0.2193,0.2023,0.00629,-0.00879,0.01312,-5.00,0.00,0.00,25.1,125.55,634.22,277.37,DESCEND
5.1004,0.0247,-0.0293,0.0423,0.01229,0.00920,0.00612,-5.00,0.00,0.00,25.2,125.55,634.22,277.31,DESCEND
5.1105,-0.0352,0.2706,-0.2876,0.00729,0.00320,0.00912,-5.00,0.00,0.00,25.2,125.55,634.23,277.27,DESCEND
5.1206,0.1147,0.2306,-0.1276,0.01129,-0.00379,0.01312,-5.00,0.00,0.00,25.3,125.55,634.23,277.21,DESCEND
5.1307,0.1847,-0.1593,-0.0976,0.01329,-0.01379,0.00712,-5.00,0.00,0.00,25.3,125.55,634.23,277.17,DESCEND
5.1409,0.0447,0.3106,-0.5576,0.00129,-0.01279,0.01212,-5.00,0.00,0.00,25.4,125.55,634.23,277.11,DESCEND
5.1510,-0.2152,0.1006,-0.5676,-0.01170,-0.00679,0.00912,-5.00,0.00,0.00,25.4,125.55,634.23,277.07,DESCEND
5.1611,-0.0452,-0.3493,0.1223,-0.01770,-0.01179,0.00712,-5.00,0.00,0.00,25.5,125.55,634.23,277.01,DESCEND
5.1712,-0.2052,-0.1893,0.2623,0.00329,0.00220,0.00712,-5.00,0.00,0.00,25.5,125.55,634.24,276.97,DESCEND
5.1814,0.0747,-0.0093,-0.0476,0.01229,0.00520,0.00712,-5.00,0.00,0.00,25.6,125.55,634.24,276.91,DESCEND
5.1915,0.0147,-0.0293,0.0523,0.01629,0.00320,0.01012,-5.00,0.00,0.00,25.6,125.55,634.24,276.85,DESCEND
5.2016,-0.0652,-0.3693,0.3923,0.00229,-0.00079,0.00412,-5.00,0.00,0.00,25.7,125.55,634.24,276.81,DESCEND
5.2117,-0.2952,0.1306,-0.0776,-0.00470,-0.00779,0.01512,-5.00,0.00,0.00,25.7,125.55,634.24,276.75,DESCEND
5.2218,0.0247,-0.1593,0.1723,0.01629,0.01220,0.00612,-5.00,0.00,0.00,25.8,125.55,634.25,276.71,DESCEND
5.2319,0.1747,-0.3693,-0.0276,0.02129,-0.00279,0.00712,-5.00,0.00,0.00,25.8,125.55,634.25,276.65,DESCEND
5.2420,0.1747,0.0206,-0.0876,0.01829,0.00120,0.00612,-5.00,0.00,0.00,25.9,125.55,634.25,276.61,DESCEND
5.2522,0.1147,-0.4093,0.1123,0.01229,0.00220,0.00112,-5.00,0.00,0.00,25.9,125.55,634.25,276.55,DESCEND
5.2623,0.0447,-0.0593,-0.0776,0.01229,-0.00579,0.01012,-5.00,0.00,0.00,26.0,125.55,634.25,276.51,DESCEND
5.2724,-0.1352,-0.0993,0.2423,-0.00070,-0.00279,0.01012,-5.00,0.00,0.00,26.0,125.55,634.26,276.45,DESCEND
5.2825,0.1247,-0.2993,-0.1276,0.02229,-0.00079,0.00812,-5.00,0.00,0.00,26.1,125.55,634.26,276.41,DESCEND
5.2926,0.0247,-0.1393,0.0123,0.00729,-0.00279,0.01012,-5.00,0.00,0.00,26.1,125.55,634.26,276.35,DESCEND
5.3027,0.1647,-0.4793,0.2223,0.02229,0.00120,0.00712,-5.00,0.00,0.00,26.2,125.55,634.26,276.31,DESCEND
5.3129,-0.1152,-0.3993,0.1323,-0.00570,-0.00779,0.00512,-5.00,0.00,0.00,26.2,125.55,634.26,276.25,DESCEND
5.3230,-0.1252,-0.1493,0.0623,0.01129,0.00220,0.01012,-5.00,0.00,0.00,26.3,125.55,634.26,276.21,DESCEND
5.3331,0.1647,0.1406,-0.4776,0.00029,-0.01779,0.01012,-5.00,0.00,0.00,26.3,125.55,634.27,276.15,DESCEND
5.3432,0.0547,-0.0793,-0.0476,0.01329,0.00520,0.01212,-5.00,0.00,0.00,26.4,125.55,634.27,276.11,DESCEND
5.3533,-0.0352,-0.3893,0.3023,0.00729,0.00720,0.00712,-5.00,0.00,0.00,26.4,125.55,634.27,276.05,DESCEND
5.3634,0.0247,-0.1593,0.2123,0.01329,0.00420,0.00912,-5.00,0.00,0.00,26.5,125.55,634.27,275.99,DESCEND
5.3735,-0.0952,-0.1193,0.0923,-0.00470,-0.00579,0.00912,-5.00,0.00,0.00,26.5,125.55,634.27,275.95,DESCEND
5.3836,0.1047,0.1306,-0.1476,0.02129,0.00520,0.00812,-5.00,0.00,0.00,26.6,125.55,634.28,275.89,DESCEND
5.3937,0.1447,-0.2893,0.0023,0.01429,-0.00379,0.00412,-5.00,0.00,0.00,26.6,125.55,634.28,275.85,DESCEND
5.4038,-0.0152,0.0206,0.0223,0.00529,-0.00379,0.00812,-5.00,0.00,0.00,26.7,125.55,634.28,275.79,DESCEND
5.4139,-0.1552,0.4106,-0.4276,-0.00170,-0.01579,0.01312,-5.00,0.00,0.00,26.7,125.55,634.28,275.75,DESCEND
5.4241,0.0647,0.0106,-0.0876,0.00829,-0.00179,0.00512,-5.00,0.00,0.00,26.8,125.55,634.28,275.69,DESCEND
5.4342,0.0647,-0.2293,0.5823,0.01829,0.01120,0.00712,-5.00,0.00,0.00,26.8,125.55,634.29,275.65,DESCEND
5.4443,-0.0652,-0.2693,0.1223,0.01429,0.00120,0.00912,-5.00,0.00,0.00,26.9,125.55,634.29,275.59,DESCEND
5.4544,0.1047,0.1606,-0.1276,-0.00370,-0.01579,0.00712,-5.00,0.00,0.00,26.9,125.55,634.29,275.55,DESCEND
5.4645,0.1647,-0.0293,0.0323,0.02329,0.00020,0.01012,-5.00,0.00,0.00,27.0,125.55,634.29,275.49,DESCEND
5.4746,-0.0152,-0.0193,-0.3376,0.00429,0.00020,0.00812,-5.00,0.00,0.00,27.0,125.55,634.29,275.45,DESCEND
5.4847,-0.0252,-0.2993,0.1423,0.00829,-0.00379,0.00812,-5.00,0.00,0.00,27.1,125.55,634.29,275.39,DESCEND
5.4948,-0.1952,-0.1993,0.0723,0.00729,0.00520,0.01312,-5.00,0.00,0.00,27.1,125.55,634.30,275.35,DESCEND
5.5049,0.2647,-0.2693,0.1523,0.01629,-0.00379,0.00512,-5.00,0.00,0.00,27.2,125.55,634.30,275.29,DESCEND
5.5150,-0.0652,-0.1493,0.1123,0.00629,0.00520,0.00512,-5.00,0.00,0.00,27.2,125.56,634.30,275.25,DESCEND
5.5251,-0.1552,-0.1493,0.1923,-0.00070,0.00120,0.01112,-5.00,0.00,0.00,27.3,125.56,634.30,275.19,DESCEND
5.5353,0.1147,-0.0793,0.2823,-0.00070,-0.00379,0.00712,-5.00,0.00,0.00,27.3,125.56,634.30,275.15,DESCEND
5.5454,-0.1352,0.2206,-0.3676,0.01129,-0.00079,0.01112,-5.00,0.00,0.00,27.4,125.56,634.31,275.09,DESCEND
5.5556,0.0747,0.3106,-0.1076,0.01029,0.00720,0.00812,-5.00,0.00,0.00,27.4,125.56,634.31,275.03,DESCEND
5.5657,0.0347,-0.2993,-0.1476,0.00529,-0.00579,0.00912,-5.00,0.00,0.00,27.5,125.56,634.31,274.99,DESCEND
5.5758,-0.0452,0.1506,0.1923,0.00429,0.00120,0.00812,-5.00,0.00,0.00,27.5,125.56,634.31,274.93,DESCEND
5.5859,-0.1252,0.1606,-0.0376,-0.01570,-0.00179,0.01112,-5.00,0.00,0.00,27.6,125.56,634.31,274.89,DESCEND
5.5960,-0.1952,0.1506,0.0423,-0.00770,0.00520,0.01212,-5.00,0.00,0.00,27.6,125.56,634.32,274.83,DESCEND
5.6061,-0.1152,-0.4893,0.4923,0.02629,0.01920,0.00512,-5.00,0.00,0.00,27.7,125.56,634.32,274.79,DESCEND
5.6162,0.0247,0.1406,-0.0776,0.00029,-0.00679,0.01012,-5.00,0.00,0.00,27.7,125.56,634.32,274.73,DESCEND
5.6263,0.1047,-0.3893,0.2123,0.02229,0.00720,0.00812,-5.00,0.00,0.00,27.8,125.56,634.32,274.69,DESCEND
5.6364,0.1247,0.0106,-0.2476,0.00929,-0.00779,0.00612,-5.00,0.00,0.00,27.8,125.56,634.32,274.63,DESCEND
5.6466,-0.1952,0.1406,-0.1276,0.00329,-0.00579,0.01112,-5.00,0.00,0.00,27.9,125.56,634.32,274.59,DESCEND
5.6567,0.0147,-0.3093,0.1623,0.00729,-0.00279,0.00812,-5.00,0.00,0.00,27.9,125.56,634.33,274.53,DESCEND
5.6668,0.1347,-0.2193,-0.0676,0.01729,-0.00279,0.00812,-5.00,0.00,0.00,28.0,125.56,634.33,274.49,DESCEND
5.6769,0.0247,-0.1793,0.0523,0.02029,0.01220,0.00912,-5.00,0.00,0.00,28.0,125.56,634.33,274.43,DESCEND
5.6870,0.2047,-0.0793,-0.0976,0.02629,-0.00379,0.00712,-5.00,0.00,0.00,28.1,125.56,634.33,274.39,DESCEND
5.6971,-0.0052,-0.0593,-0.1476,0.00629,-0.00379,0.01212,-5.00,0.00,0.00,28.1,125.56,634.33,274.33,DESCEND
5.7073,0.1447,0.3106,0.0123,0.02329,0.00220,0.00912,-5.00,0.00,0.00,28.2,125.56,634.34,274.27,DESCEND
5.7174,-0.0752,0.0906,0.0023,0.00929,-0.00479,0.01012,-5.00,0.00,0.00,28.2,125.56,634.34,274.23,DESCEND
5.7275,-0.0752,0.0806,-0.0876,0.00129,0.00620,0.00612,-5.00,0.00,0.00,28.3,125.56,634.34,274.17,DESCEND
5.7376,0.2447,-0.2693,0.1023,0.02329,0.00120,0.00312,-5.00,0.00,0.00,28.3,125.56,634.34,274.13,DESCEND
5.7478,-0.0952,-0.2193,0.1923,0.01629,0.01220,0.00812,-5.00,0.00,0.00,28.4,125.56,634.34,274.07,DESCEND
5.7579,0.0547,0.0306,-0.3076,0.00229,-0.00679,0.01212,-5.00,0.00,0.00,28.4,125.56,634.35,274.03,DESCEND
5.7680,0.1347,-0.0893,-0.0776,0.02129,0.00120,0.00812,-5.00,0.00,0.00,28.5,125.56,634.35,273.97,DESCEND
5.7781,-0.0452,-0.1993,0.3823,0.00929,0.00820,0.00812,-5.00,0.00,0.00,28.5,125.56,634.35,273.93,DESCEND
5.7882,-0.1752,-0.1093,0.1423,0.01429,0.01220,0.01012,-5.00,0.00,0.00,28.6,125.56,634.35,273.87,DESCEND
5.7983,-0.1852,-0.1493,0.0223,0.02529,0.00620,0.00712,-5.00,0.00,0.00,28.6,125.56,634.35,273.83,DESCEND
5.8084,0.1047,0.0106,-0.1576,0.01129,-0.00879,0.00712,-5.00,0.00,0.00,28.7,125.56,634.36,273.77,DESCEND
5.8185,0.0747,0.1206,0.0623,0.02929,0.01120,0.00812,-5.00,0.00,0.00,28.7,125.56,634.36,273.73,DESCEND
5.8286,-0.0052,-0.4993,0.4623,0.01929,0.01620,0.00412,-5.00,0.00,0.00,28.8,125.56,634.36,273.67,DESCEND
5.8387,0.2447,-0.0893,0.0623,0.01529,-0.00579,0.00612,-5.00,0.00,0.00,28.8,125.56,634.36,273.63,DESCEND
5.8488,0.1447,0.0906,-0.1976,0.01229,-0.00379,0.01112,-5.00,0.00,0.00,28.9,125.56,634.36,273.57,DESCEND
5.8590,0.1247,0.0306,0.2223,0.00529,-0.00679,0.01012,-5.00,0.00,0.00,28.9,125.56,634.36,273.53,DESCEND
5.8691,0.1947,-0.2193,0.1523,0.00729,-0.00179,0.00812,-5.00,0.00,0.00,29.0,125.56,634.37,273.47,DESCEND
5.8792,0.1647,-0.2093,-0.1576,0.02129,-0.00779,0.01112,-5.00,0.00,0.00,29.0,125.56,634.37,273.43,DESCEND
5.8893,0.1247,-0.1393,0.0423,0.01929,0.00120,0.00512,-5.00,0.00,0.00,29.1,125.56,634.37,273.37,DESCEND
5.8994,0.1047,-0.3193,-0.2176,0.01629,-0.00179,0.00412,-5.00,0.00,0.00,29.2,125.56,634.37,273.31,DESCEND
5.9095,-0.0452,0.1006,0.1023,-0.00670,-0.00479,0.01112,-5.00,0.00,0.00,29.2,125.56,634.37,273.27,DESCEND
5.9197,0.0447,-0.4393,0.3123,0.01629,0.00620,0.00512,-5.00,0.00,0.00,29.3,125.56,634.38,273.21,DESCEND
5.9298,0.1147,-0.3393,0.1723,0.02029,0.00820,0.00712,-5.00,0.00,0.00,29.3,125.56,634.38,273.17,DESCEND
5.9399,0.0547,-0.3093,0.2723,0.02229,0.01020,0.00812,-5.00,0.00,0.00,29.4,125.56,634.38,273.11,DESCEND
5.9500,-0.0652,0.0606,-0.1476,0.00329,-0.01079,0.00912,-5.00,0.00,0.00,29.4,125.56,634.38,273.07,DESCEND
5.9601,0.1247,0.1106,-0.3076,-0.00470,-0.01479,0.00912,-5.00,0.00,0.00,29.5,125.56,634.38,273.01,DESCEND
5.9702,0.1047,-0.2393,0.0223,0.02229,0.00520,0.00512,-5.00,0.00,0.00,29.5,125.56,634.38,272.97,DESCEND
5.9803,0.0247,-0.0793,0.0723,0.02829,0.00620,0.00812,-5.00,0.00,0.00,29.6,125.56,634.39,272.91,DESCEND
5.9904,0.1147,-0.1493,-0.0276,0.01129,-0.00179,0.01012,-5.00,0.00,0.00,29.6,125.56,634.39,272.87,DESCEND
6.0006,0.0247,0.0806,-0.1876,0.00729,-0.00279,0.00812,-5.00,0.00,0.00,29.7,125.56,634.39,272.81,DESCEND
6.0107,0.1847,-0.2993,0.1823,0.01929,0.00020,0.01112,-5.00,0.00,0.00,29.7,125.56,634.39,272.77,DESCEND
6.0208,-0.0052,0.0106,0.0723,-0.00570,0.00320,0.00912,-5.00,0.00,0.00,29.8,125.56,634.39,272.71,DESCEND
6.0309,0.1847,-0.0993,-0.2676,0.02529,0.00320,0.00812,-5.00,0.00,0.00,29.8,125.56,634.40,272.67,DESCEND
6.0410,-0.1452,-0.2293,-0.0876,-0.00070,0.00320,0.00912,-5.00,0.00,0.00,29.9,125.56,634.40,272.61,DESCEND
6.0511,0.1847,-0.5993,0.5123,0.02629,0.00820,0.00612,-5.00,0.00,0.00,29.9,125.56,634.40,272.57,DESCEND
6.0613,-0.0652,-0.1893,0.3723,0.00329,0.00720,0.00612,-5.00,0.00,0.00,30.0,125.56,634.40,272.51,DESCEND
6.0714,-0.0752,-0.3093,0.0023,0.00729,0.00420,0.00812,-5.00,0.00,0.00,30.0,125.56,634.40,272.47,DESCEND
6.0815,-0.1052,-0.4293,0.1023,-0.00570,0.00320,0.00612,-5.00,0.00,0.00,30.1,125.56,634.41,272.41,DESCEND
6.0916,0.1447,0.0006,-0.0176,0.01229,-0.00879,0.00912,-5.00,0.00,0.00,30.1,125.56,634.41,272.35,DESCEND
6.1017,0.1747,-0.0793,0.0523,0.02429,-0.00379,0.01212,-5.00,0.00,0.00,30.2,125.56,634.41,272.31,DESCEND
6.1118,-0.1552,0.1706,-0.4276,-0.01170,-0.01879,0.01312,-5.00,0.00,0.00,30.2,125.56,634.41,272.25,DESCEND
6.1219,-0.1552,0.0406,-0.1276,-0.00370,-0.00679,0.00712,-5.00,0.00,0.00,30.3,125.56,634.41,272.21,DESCEND
6.1320,0.0247,0.0006,0.0123,0.01529,0.00720,0.00812,-5.00,0.00,0.00,30.3,125.56,634.42,272.15,DESCEND
6.1421,-0.0252,0.1706,-0.0876,0.01929,0.00820,0.01012,-5.00,0.00,0.00,30.4,125.56,634.42,272.11,DESCEND
6.1522,0.1347,0.0706,-0.3776,0.02129,-0.00079,0.00912,-5.00,0.00,0.00,30.4,125.56,634.42,272.05,DESCEND
6.1624,0.0147,0.2806,-0.2376,0.00529,-0.00779,0.01312,-5.00,0.00,0.00,30.5,125.56,634.42,272.01,DESCEND
6.1725,0.1347,-0.0993,-0.0776,0.01929,0.00120,0.00912,-5.00,0.00,0.00,30.5,125.56,634.42,271.95,DESCEND
6.1826,0.0647,-0.2993,0.1223,-0.00370,-0.00279,0.00712,-5.00,0.00,0.00,30.6,125.56,634.42,271.91,DESCEND
6.1927,0.1947,-0.1593,-0.2176,0.01629,-0.00979,0.00812,-5.00,0.00,0.00,30.6,125.56,634.43,271.85,DESCEND
6.2028,0.0447,-0.2193,0.3223,0.00629,0.00520,0.00912,-5.00,0.00,0.00,30.7,125.56,634.43,271.81,DESCEND
6.2130,-0.1652,0.0306,0.1723,0.01129,0.00920,0.00812,-5.00,0.00,0.00,30.7,125.57,634.43,271.75,DESCEND
6.2231,0.1747,-0.1693,0.1623,0.01429,-0.00379,0.00512,-5.00,0.00,0.00,30.8,125.57,634.43,271.71,DESCEND
6.2332,0.0547,-0.3693,0.1923,-0.00270,-0.00479,0.00612,-5.00,0.00,0.00,30.8,125.57,634.43,271.65,DESCEND
6.2433,0.1147,-0.0093,0.1123,0.00329,-0.00979,0.01012,-5.00,0.00,0.00,30.9,125.57,634.44,271.59,DESCEND
6.2534,0.1147,-0.2393,-0.1076,-0.00570,-0.01179,0.01012,-5.00,0.00,0.00,30.9,125.57,634.44,271.55,DESCEND
6.2635,0.0647,-0.2093,-0.0476,0.00629,-0.00679,0.00712,-5.00,0.00,0.00,31.0,125.57,634.44,271.49,DESCEND
6.2736,0.0547,-0.1293,-0.0176,0.01229,-0.00279,0.00412,-5.00,0.00,0.00,31.0,125.57,634.44,271.45,DESCEND
6.2837,0.0247,-0.2193,-0.0376,0.01329,0.00120,0.00812,-5.00,0.00,0.00,31.1,125.57,634.44,271.39,DESCEND
6.2939,-0.0252,-0.0393,-0.0876,0.00629,-0.00379,0.00912,-5.00,0.00,0.00,31.1,125.57,634.44,271.35,DESCEND
6.3040,0.0747,-0.3293,0.2123,0.01929,-0.00279,0.00612,-5.00,0.00,0.00,31.2,125.57,634.45,271.29,DESCEND
6.3142,-0.0852,-0.2593,0.0623,0.00729,0.00520,0.00712,-5.00,0.00,0.00,31.2,125.57,634.45,271.25,DESCEND
6.3243,-0.0952,0.0706,0.0223,0.00129,-0.00779,0.01112,-5.00,0.00,0.00,31.3,125.57,634.45,271.19,DESCEND
6.3344,0.1447,-0.0493,-0.1276,0.00229,-0.01279,0.01012,-5.00,0.00,0.00,31.3,125.57,634.45,271.15,DESCEND
6.3445,-0.2152,-0.5493,0.4323,0.00529,0.01620,0.00512,-5.00,0.00,0.00,31.4,125.57,634.45,271.09,DESCEND
6.3546,0.0747,0.0106,-0.2576,0.02529,0.00420,0.00712,-5.00,0.00,0.00,31.4,125.57,634.46,271.05,DESCEND
6.3647,-0.2052,-0.4593,0.0523,-0.00370,-0.00179,0.00612,-5.00,0.00,0.00,31.5,125.57,634.46,271.00,DESCEND
6.3748,0.0047,-0.1293,0.0623,0.01129,-0.00079,0.00912,-5.00,0.00,0.00,31.5,125.57,634.46,270.96,DESCEND
6.3850,-0.2752,0.1906,0.1023,-0.00570,0.01520,0.00812,-5.00,0.00,0.00,31.6,125.57,634.46,270.90,DESCEND
6.3951,0.0047,-0.3693,0.3323,0.00629,0.00420,0.00612,-5.00,0.00,0.00,31.6,125.57,634.46,270.86,DESCEND
6.4052,-0.2352,-0.1393,0.0423,-0.01070,-0.00879,0.01412,-5.00,0.00,0.00,31.7,125.57,634.47,270.80,DESCEND
6.4153,-0.1852,-0.0893,0.3423,0.01729,0.02020,0.00712,-5.00,0.00,0.00,31.7,125.57,634.47,270.74,DESCEND
6.4254,0.0647,-0.0793,-0.1376,0.01629,0.00120,0.01112,-5.00,0.00,0.00,31.8,125.57,634.47,270.70,DESCEND
6.4355,-0.0552,0.1806,-0.0376,0.01129,0.00520,0.00912,-5.00,0.00,0.00,31.8,125.57,634.47,270.64,DESCEND
6.4456,-0.1852,-0.1193,0.1823,0.02529,0.01620,0.01112,-5.00,0.00,0.00,31.9,125.57,634.47,270.60,DESCEND
6.4557,0.0247,0.0506,-0.0776,0.00729,0.00220,0.00912,-5.00,0.00,0.00,31.9,125.57,634.48,270.54,DESCEND
6.4658,-0.0652,-0.0093,-0.2076,-0.01170,-0.01079,0.00912,-5.00,0.00,0.00,32.0,125.57,634.48,270.50,DESCEND
6.4759,0.0347,-0.3993,0.1123,0.00729,0.00020,0.00712,-5.00,0.00,0.00,32.0,125.57,634.48,270.44,DESCEND
6.4861,0.0247,-0.3893,0.1423,-0.00370,-0.01079,0.00912,-5.00,0.00,0.00,32.1,125.57,634.48,270.40,DESCEND
6.4961,-0.0352,-0.3493,0.2923,0.01129,0.01120,0.01012,-5.00,0.00,0.00,32.1,125.57,634.48,270.34,DESCEND
6.5063,0.0347,-0.1193,-0.1276,0.01429,0.00420,0.01012,-5.00,0.00,0.00,32.2,125.57,634.48,270.30,DESCEND
6.5164,0.0647,-0.0193,-0.1876,-0.00070,-0.00679,0.00912,-5.00,0.00,0.00,32.2,125.57,634.49,270.24,DESCEND
6.5265,-0.0152,0.0506,-0.3876,0.00829,-0.00879,0.01212,-5.00,0.00,0.00,32.3,125.57,634.49,270.20,DESCEND
6.5366,-0.0552,0.2506,-0.5376,-0.01270,-0.02379,0.00912,-5.00,0.00,0.00,32.3,125.57,634.49,270.14,DESCEND
6.5468,-0.0452,0.0006,-0.1276,-0.00670,-0.00479,0.00912,-5.00,0.00,0.00,32.4,125.57,634.49,270.10,DESCEND
6.5569,-0.0352,-0.2293,-0.0176,0.01029,-0.00179,0.00612,-5.00,0.00,0.00,32.4,125.57,634.49,270.04,DESCEND
6.5670,0.1047,-0.1093,0.2623,0.00729,-0.00879,0.00812,-5.00,0.00,0.00,32.5,125.57,634.50,270.00,DESCEND
6.5771,-0.0452,-0.0093,-0.1976,0.01629,-0.00479,0.01112,-5.00,0.00,0.00,32.5,125.57,634.50,269.94,DESCEND
6.5872,-0.0252,-0.1893,-0.2876,0.00729,-0.00779,0.00812,-5.00,0.00,0.00,32.6,125.57,634.50,269.90,DESCEND
6.5973,0.0947,0.0606,-0.1576,0.02629,0.00120,0.01112,-5.00,0.00,0.00,32.6,125.57,634.50,269.84,DESCEND
6.6074,0.1747,-0.2493,-0.1076,0.00729,-0.01379,0.00712,-5.00,0.00,0.00,32.7,125.57,634.50,269.78,DESCEND
6.6175,0.0647,-0.1893,0.0023,0.02429,0.00620,0.00712,-5.00,0.00,0.00,32.7,125.57,634.50,269.74,DESCEND
6.6277,-0.0352,-0.2793,0.0723,0.01329,-0.00279,0.00712,-5.00,0.00,0.00,32.8,125.57,634.51,269.68,DESCEND
6.6378,0.1047,-0.1093,-0.1776,0.01029,-0.01279,0.00712,-5.00,0.00,0.00,32.8,125.57,634.51,269.64,DESCEND
6.6479,-0.0652,0.1106,-0.1776,0.00229,-0.00279,0.00912,-5.00,0.00,0.00,32.9,125.57,634.51,269.58,DESCEND
6.6580,0.0347,-0.2693,0.1323,0.02129,0.00820,0.00812,-5.00,0.00,0.00,32.9,125.57,634.51,269.54,DESCEND
6.6682,0.1547,0.1506,-0.3676,0.01929,-0.00579,0.01212,-5.00,0.00,0.00,33.0,125.57,634.51,269.48,DESCEND
6.6783,0.0747,-0.0893,-0.3076,0.00729,-0.00579,0.00812,-5.00,0.00,0.00,33.0,125.57,634.52,269.44,DESCEND
6.6884,-0.1252,0.0206,0.0823,-0.00370,-0.00479,0.01212,-5.00,0.00,0.00,33.1,125.57,634.52,269.38,DESCEND
6.6985,0.1247,0.1606,-0.3476,0.00429,-0.00979,0.01112,-5.00,0.00,0.00,33.1,125.57,634.52,269.34,DESCEND
6.7086,-0.0252,-0.2093,-0.0576,0.00629,-0.00679,0.00912,-5.00,0.00,0.00,33.2,125.57,634.52,269.28,DESCEND
6.7187,-0.0352,-0.3193,0.2223,0.01029,0.00420,0.00612,-5.00,0.00,0.00,33.2,125.57,634.52,269.24,DESCEND
6.7289,0.2647,-0.1593,0.1023,0.00929,-0.00579,0.00612,-5.00,0.00,0.00,33.3,125.57,634.53,269.18,DESCEND
6.7390,0.0047,-0.2493,-0.0376,0.03229,0.01620,0.01312,-5.00,0.00,0.00,33.3,125.57,634.53,269.14,DESCEND
6.7491,0.0047,-0.1193,-0.0776,0.00229,-0.01579,0.00912,-5.00,0.00,0.00,33.4,125.57,634.53,269.08,DESCEND
6.7592,-0.0652,-0.4593,-0.0376,0.02529,0.00320,0.00712,-5.00,0.00,0.00,33.4,125.57,634.53,269.04,DESCEND
6.7693,0.1047,-0.4693,0.2723,0.01329,0.00120,0.00812,-5.00,0.00,0.00,33.5,125.57,634.53,268.98,DESCEND
6.7794,0.1247,-0.6493,0.3723,0.03029,0.01620,0.00612,-5.00,0.00,0.00,33.6,125.57,634.54,268.92,DESCEND
6.7895,-0.0652,-0.4993,0.1223,0.01029,0.00920,0.00912,-5.00,0.00,0.00,33.6,125.57,634.54,268.88,DESCEND
6.7997,0.1747,0.1406,0.2623,0.00729,-0.00579,0.01212,-5.00,0.00,0.00,33.7,125.57,634.54,268.82,DESCEND
6.8098,0.0447,-0.0093,-0.0976,-0.00170,-0.00379,0.00912,-5.00,0.00,0.00,33.7,125.57,634.54,268.78,DESCEND
6.8199,0.1147,-0.1293,-0.1376,0.01729,-0.00379,0.00912,-5.00,0.00,0.00,33.8,125.57,634.54,268.72,DESCEND
6.8300,0.0047,0.0306,-0.3176,0.00129,-0.01679,0.01212,-5.00,0.00,0.00,33.8,125.57,634.54,268.68,DESCEND
6.8402,-0.0152,0.0006,-0.2376,-0.00170,-0.01179,0.01012,-5.00,0.00,0.00,33.9,125.57,634.55,268.62,DESCEND
6.8503,0.0047,-0.1593,0.0623,0.03129,0.00820,0.01012,-5.00,0.00,0.00,33.9,125.57,634.55,268.58,DESCEND
6.8604,-0.1052,0.1306,-0.0676,0.00129,-0.00379,0.01112,-5.00,0.00,0.00,34.0,125.57,634.55,268.52,DESCEND
6.8706,0.1847,-0.1893,0.0423,0.02429,0.00520,0.00812,-5.00,0.00,0.00,34.0,125.57,634.55,268.48,DESCEND
6.8807,0.0847,-0.3193,0.3523,0.01029,0.00120,0.00612,-5.00,0.00,0.00,34.1,125.57,634.55,268.42,DESCEND
6.8908,-0.0852,0.0006,-0.1476,-0.00570,-0.00979,0.01112,-5.00,0.00,0.00,34.1,125.57,634.56,268.38,DESCEND
6.9009,0.0947,-0.7193,0.3223,0.01429,-0.00179,0.00712,-5.00,0.00,0.00,34.2,125.57,634.56,268.32,DESCEND
6.9110,0.1947,-0.3593,0.0923,0.03129,0.00720,0.00612,-5.00,0.00,0.00,34.2,125.58,634.56,268.28,DESCEND
6.9211,0.1947,-0.2593,0.2023,0.03229,0.01320,0.00912,-5.00,0.00,0.00,34.3,125.58,634.56,268.22,DESCEND
6.9312,0.1547,-0.1093,-0.2776,0.01929,-0.00579,0.01112,-5.00,0.00,0.00,34.3,125.58,634.56,268.18,DESCEND
6.9413,-0.0252,-0.0393,-0.0776,0.00629,0.00220,0.01112,-5.00,0.00,0.00,34.4,125.58,634.57,268.12,DESCEND
6.9514,0.1847,-0.2293,0.0423,0.02329,-0.00079,0.00612,-5.00,0.00,0.00,34.4,125.58,634.57,268.06,DESCEND
6.9615,0.1347,-0.5093,0.3323,0.01829,-0.00879,0.00712,-5.00,0.00,0.00,34.5,125.58,634.57,268.02,DESCEND
6.9716,0.2847,-0.1893,-0.1976,0.02629,-0.00079,0.00612,-5.00,0.00,0.00,34.5,125.58,634.57,267.96,DESCEND
6.9818,-0.0752,-0.0893,-0.1976,-0.00170,-0.00979,0.01012,-5.00,0.00,0.00,34.6,125.58,634.57,267.92,DESCEND
6.9919,0.1447,-0.1293,-0.0076,0.01929,0.00520,0.00612,-5.00,0.00,0.00,34.6,125.58,634.57,267.86,DESCEND
7.0020,0.1147,0.0306,0.0323,0.01329,-0.01279,0.01312,-5.00,0.00,0.00,34.7,125.58,634.58,267.82,DESCEND
7.0121,-0.1052,-0.1093,-0.1176,0.00629,0.00720,0.01012,-5.00,0.00,0.00,34.7,125.58,634.58,267.76,DESCEND
7.0222,0.0047,-0.0793,-0.0576,0.01429,-0.00179,0.00912,-5.00,0.00,0.00,34.8,125.58,634.58,267.72,DESCEND
7.0323,0.1647,-0.1193,-0.4976,0.00629,-0.01479,0.00812,-5.00,0.00,0.00,34.8,125.58,634.58,267.66,DESCEND
7.0424,-0.0252,0.0106,0.1623,0.00229,-0.00279,0.01312,-5.00,0.00,0.00,34.9,125.58,634.58,267.62,DESCEND
7.0525,-0.0352,-0.2393,-0.0676,0.02029,0.00020,0.01012,-5.00,0.00,0.00,34.9,125.58,634.59,267.56,DESCEND
7.0626,0.1047,-0.2693,0.2423,0.02229,0.00220,0.01012,-5.00,0.00,0.00,35.0,125.58,634.59,267.52,DESCEND
7.0727,0.1847,-0.1993,-0.0176,0.01529,0.00120,0.00912,-5.00,0.00,0.00,35.0,125.58,634.59,267.46,DESCEND
7.0828,0.0847,-0.0393,-0.1276,0.02329,0.00620,0.00912,-5.00,0.00,0.00,35.1,125.58,634.59,267.42,DESCEND
7.0929,0.0447,0.2606,0.0023,0.00329,-0.00579,0.01112,-5.00,0.00,0.00,35.1,125.58,634.59,267.36,DESCEND
7.1030,0.0447,-0.0093,-0.2276,0.02729,0.01220,0.00912,-5.00,0.00,0.00,35.2,125.58,634.59,267.32,DESCEND
7.1132,-0.0352,-0.1393,-0.0476,0.00229,-0.01279,0.01312,-5.00,0.00,0.00,35.2,125.58,634.60,267.26,DESCEND
7.1235,0.0347,0.0906,0.0423,0.01029,0.00420,0.01012,-5.00,0.00,0.00,35.3,125.58,634.60,267.22,DESCEND
7.1336,0.1547,-0.2193,0.2323,0.01729,0.00120,0.00912,-5.00,0.00,0.00,35.3,125.58,634.60,267.16,DESCEND
7.1437,-0.0452,0.0206,0.0823,-0.01270,-0.01279,0.01512,-5.00,0.00,0.00,35.4,125.58,634.60,267.10,DESCEND
7.1538,-0.0752,-0.1593,0.1123,0.00529,0.00220,0.00812,-5.00,0.00,0.00,35.4,125.58,634.60,267.06,DESCEND
7.1639,-0.0752,0.1706,-0.2176,0.00829,-0.00479,0.01512,-5.00,0.00,0.00,35.5,125.58,634.61,267.00,DESCEND
7.1741,-0.0652,-0.0293,-0.0976,0.00329,-0.01579,0.00912,-5.00,0.00,0.00,35.5,125.58,634.61,266.96,DESCEND
7.1842,-0.1552,-0.0993,0.0423,0.00229,0.00020,0.00812,-5.00,0.00,0.00,35.6,125.58,634.61,266.90,DESCEND
7.1943,0.1747,-0.2293,0.1123,0.01929,0.00620,0.00912,-5.00,0.00,0.00,35.6,125.58,634.61,266.86,DESCEND
7.2044,0.1947,-0.0193,-0.1576,0.01929,-0.00379,0.01112,-5.00,0.00,0.00,35.7,125.58,634.61,266.80,DESCEND
7.2147,-0.0352,-0.1493,-0.2476,0.00029,-0.00579,0.01112,-5.00,0.00,0.00,35.7,125.58,634.62,266.76,DESCEND
7.2248,-0.1652,-0.2393,0.3223,-0.00070,0.00620,0.00812,-5.00,0.00,0.00,35.8,125.58,634.62,266.70,DESCEND
7.2349,0.1147,-0.1293,0.2823,0.02129,0.00820,0.01112,-5.00,0.00,0.00,35.8,125.58,634.62,266.66,DESCEND
7.2450,0.1747,-0.2493,0.0123,0.01429,-0.00579,0.00612,-5.00,0.00,0.00,35.9,125.58,634.62,266.60,DESCEND
7.2551,-0.0952,-0.2993,0.1423,0.01529,0.00320,0.01112,-5.00,0.00,0.00,35.9,125.58,634.62,266.56,DESCEND
7.2652,0.0947,-0.1193,0.4123,0.01129,0.00520,0.00912,-5.00,0.00,0.00,36.0,125.58,634.63,266.50,DESCEND
7.2753,0.0847,0.0906,-0.3976,0.01129,-0.00579,0.01112,-5.00,0.00,0.00,36.0,125.58,634.63,266.46,DESCEND
7.2855,-0.0052,-0.1893,0.1723,0.00529,-0.00579,0.01312,-5.00,0.00,0.00,36.1,125.58,634.63,266.40,DESCEND
7.2956,0.2147,-0.2393,0.4723,0.02929,0.00420,0.00712,-5.00,0.00,0.00,36.1,125.58,634.63,266.34,DESCEND
7.3057,0.0747,-0.2093,-0.0276,0.01229,0.00020,0.00812,-5.00,0.00,0.00,36.2,125.58,634.63,266.30,DESCEND
7.3158,0.0647,0.3306,-0.4676,0.00429,-0.01179,0.01312,-5.00,0.00,0.00,36.2,125.58,634.63,266.24,DESCEND
7.3259,0.0547,0.1406,-0.4376,0.00929,-0.00479,0.01412,-5.00,0.00,0.00,36.3,125.58,634.64,266.20,DESCEND
7.3360,0.0847,-0.2393,0.1423,0.01029,0.00220,0.01012,-5.00,0.00,0.00,36.3,125.58,634.64,266.14,DESCEND
7.3461,0.0047,0.1106,-0.2076,0.02029,0.00020,0.00812,-5.00,0.00,0.00,36.4,125.58,634.64,266.10,DESCEND
7.3562,-0.0352,-0.0493,-0.0976,0.00729,0.00420,0.00612,-5.00,0.00,0.00,36.4,125.58,634.64,266.04,DESCEND
7.3664,-0.1152,0.0606,-0.2176,-0.00670,0.00120,0.00812,-5.00,0.00,0.00,36.5,125.58,634.64,266.00,DESCEND
7.3765,-0.3352,-0.2393,-0.1776,-0.01470,-0.00479,0.01212,-5.00,0.00,0.00,36.5,125.58,634.65,265.94,DESCEND
7.3866,-0.2752,-0.3193,0.1223,-0.00870,0.01320,0.01312,-5.00,0.00,0.00,36.6,125.58,634.65,265.90,DESCEND
7.3967,0.2047,0.1106,-0.2576,0.01529,-0.00379,0.01012,-5.00,0.00,0.00,36.6,125.58,634.65,265.84,DESCEND
7.4068,0.1847,0.0206,0.0923,-0.00170,-0.01179,0.01312,-5.00,0.00,0.00,36.7,125.58,634.65,265.80,DESCEND
7.4170,-0.2152,0.3106,-0.2576,0.00529,0.00120,0.01012,-5.00,0.00,0.00,36.7,125.58,634.65,265.74,DESCEND
7.4271,-0.0152,-0.0893,-0.0876,0.00629,-0.00279,0.00812,-5.00,0.00,0.00,36.8,125.58,634.65,265.70,DESCEND
7.4372,-0.1552,-0.1193,-0.2476,0.00629,-0.00579,0.01112,-5.00,0.00,0.00,36.8,125.58,634.66,265.64,DESCEND
7.4473,0.1347,-0.1793,0.0323,0.01029,-0.00179,0.00912,-5.00,0.00,0.00,36.9,125.58,634.66,265.58,DESCEND
7.4574,0.0347,0.0906,-0.0476,-0.01170,-0.01279,0.01012,-5.00,0.00,0.00,36.9,125.58,634.66,265.54,DESCEND
7.4675,0.2247,-0.1093,-0.1376,0.01229,-0.00979,0.00712,-5.00,0.00,0.00,37.0,125.58,634.66,265.48,DESCEND
7.4776,0.0447,0.0206,-0.2476,0.02329,0.00120,0.01012,-5.00,0.00,0.00,37.0,125.58,634.66,265.44,DESCEND
7.4877,0.1447,-0.2193,-0.0376,0.01529,-0.00979,0.00712,-5.00,0.00,0.00,37.1,125.58,634.67,265.38,DESCEND
7.4978,-0.0052,-0.0293,0.2323,0.00929,0.00920,0.01112,-5.00,0.00,0.00,37.1,125.58,634.67,265.34,DESCEND
7.5079,-0.1252,-0.1793,0.3123,0.01029,0.01420,0.00812,-5.00,0.00,0.00,37.2,125.58,634.67,265.28,DESCEND
7.5180,0.1347,0.2806,-0.1176,-0.00470,-0.00979,0.01312,-5.00,0.00,0.00,37.2,125.58,634.67,265.24,DESCEND
7.5282,0.1747,0.1006,-0.2376,0.00329,-0.01779,0.01212,-5.00,0.00,0.00,37.3,125.58,634.67,265.18,DESCEND
7.5383,-0.0252,0.0506,-0.0676,0.01829,0.00220,0.01112,-5.00,0.00,0.00,37.3,125.58,634.68,265.14,DESCEND
7.5485,0.2047,-0.0193,-0.1576,0.02429,-0.00979,0.01212,-5.00,0.00,0.00,37.4,125.58,634.68,265.08,DESCEND
7.5586,0.0747,-0.0393,-0.3776,0.01529,-0.01279,0.01112,-5.00,0.00,0.00,37.4,125.58,634.68,265.04,DESCEND
7.5687,0.0547,-0.3293,0.2023,0.00229,-0.00779,0.00912,-5.00,0.00,0.00,37.5,125.58,634.68,264.98,DESCEND
7.5788,0.0447,-0.0993,0.0423,0.01829,0.00520,0.00812,-5.00,0.00,0.00,37.5,125.58,634.68,264.94,DESCEND
7.5889,0.1647,-0.3293,0.1823,0.03129,0.01520,0.01012,-5.00,0.00,0.00,37.6,125.58,634.69,264.88,DESCEND
7.5990,0.0447,0.2606,-0.4576,0.01529,-0.00779,0.01212,-5.00,0.00,0.00,37.6,125.58,634.69,264.84,DESCEND
7.6091,0.2047,-0.2493,0.0023,0.00929,-0.00679,0.00512,-5.00,0.00,0.00,37.7,125.58,634.69,264.78,DESCEND
7.6192,0.1347,-0.0993,0.0023,0.02529,0.00920,0.00512,-5.00,0.00,0.00,37.7,125.58,634.69,264.74,DESCEND
7.6293,-0.0852,-0.5393,0.4123,0.00529,0.00820,0.00512,-5.00,0.00,0.00,37.8,125.59,634.69,264.68,DESCEND
7.6394,-0.0552,-0.3793,0.3123,0.00429,0.00220,0.00912,-5.00,0.00,0.00,37.9,125.59,634.69,264.62,DESCEND
7.6496,-0.0352,-0.1093,-0.1276,0.01729,-0.00279,0.01312,-5.00,0.00,0.00,37.9,125.59,634.70,264.58,DESCEND
7.6597,-0.2652,-0.0893,0.1623,0.00129,0.00720,0.01412,-5.00,0.00,0.00,38.0,125.59,634.70,264.52,DESCEND
7.6698,0.0247,-0.4793,0.1923,0.01529,0.00220,0.00912,-5.00,0.00,0.00,38.0,125.59,634.70,264.48,DESCEND
7.6799,-0.1052,-0.1793,-0.0376,0.00629,0.00220,0.01412,-5.00,0.00,0.00,38.1,125.59,634.70,264.42,DESCEND
7.6900,0.0247,-0.1693,-0.2276,0.01029,-0.00179,0.01012,-5.00,0.00,0.00,38.1,125.59,634.70,264.38,DESCEND
7.7001,0.2247,-0.1993,-0.2776,0.01529,-0.00979,0.01312,-5.00,0.00,0.00,38.2,125.59,634.71,264.32,DESCEND
7.7102,-0.0052,-0.0593,-0.0376,0.00229,0.00120,0.00712,-5.00,0.00,0.00,38.2,125.59,634.71,264.28,DESCEND
7.7203,-0.0652,-0.0793,-0.0976,0.00029,-0.01179,0.01312,-5.00,0.00,0.00,38.3,125.59,634.71,264.22,DESCEND
7.7304,0.0547,0.1006,-0.2576,-0.00070,-0.01379,0.01212,-5.00,0.00,0.00,38.3,125.59,634.71,264.18,DESCEND
7.7405,-0.0152,-0.4093,0.3523,0.01929,0.01420,0.00712,-5.00,0.00,0.00,38.4,125.59,634.71,264.12,DESCEND
7.7506,-0.1152,-0.0493,-0.0576,-0.00070,-0.00079,0.01212,-5.00,0.00,0.00,38.4,125.59,634.72,264.08,DESCEND
7.7607,0.0447,-0.0393,0.1523,0.01529,0.00420,0.01112,-5.00,0.00,0.00,38.5,125.59,634.72,264.02,DESCEND
7.7708,-0.0652,0.1106,0.1123,0.00229,-0.00579,0.01212,-5.00,0.00,0.00,38.5,125.59,634.72,263.98,DESCEND
7.7809,0.0547,0.0406,0.0423,0.01429,-0.00079,0.01012,-5.00,0.00,0.00,38.6,125.59,634.72,263.92,DESCEND
7.7910,-0.0452,-0.0893,0.0123,0.00429,0.00120,0.01012,-5.00,0.00,0.00,38.6,125.59,634.72,263.88,DESCEND
7.8012,0.1347,-0.1993,0.2423,0.02529,0.01020,0.00712,-5.00,0.00,0.00,38.7,125.59,634.72,263.82,DESCEND
7.8113,0.0047,-0.1193,-0.0676,-0.00070,-0.00379,0.00912,-5.00,0.00,0.00,38.7,125.59,634.73,263.78,DESCEND
7.8214,0.1947,-0.3893,-0.1776,0.02829,0.00220,0.00912,-5.00,0.00,0.00,38.8,125.59,634.73,263.72,DESCEND
7.8315,-0.1552,0.0806,-0.2076,-0.00470,-0.00879,0.01412,-5.00,0.00,0.00,38.8,125.59,634.73,263.66,DESCEND
7.8416,0.0047,0.3006,-0.2576,0.01229,0.00120,0.01412,-5.00,0.00,0.00,38.9,125.59,634.73,263.62,DESCEND
7.8517,0.0647,0.0706,0.0523,0.01929,0.00420,0.01012,-5.00,0.00,0.00,38.9,125.59,634.73,263.56,DESCEND
7.8618,0.1547,-0.3493,0.0423,0.01829,0.00120,0.00912,-5.00,0.00,0.00,39.0,125.59,634.74,263.52,DESCEND
7.8719,0.0347,-0.3793,0.3623,0.01329,0.00620,0.00612,-5.00,0.00,0.00,39.0,125.59,634.74,263.46,DESCEND
7.8821,-0.1052,0.0606,-0.1976,0.00529,0.00020,0.01212,-5.00,0.00,0.00,39.1,125.59,634.74,263.42,DESCEND
7.8922,0.1047,-0.2793,0.0923,0.01429,0.00220,0.00512,-5.00,0.00,0.00,39.1,125.59,634.74,263.36,DESCEND
7.9023,0.0847,-0.1993,0.0823,0.00729,-0.00379,0.00912,-5.00,0.00,0.00,39.2,125.59,634.74,263.32,DESCEND
7.9125,0.0447,0.1706,-0.1476,0.00629,-0.01179,0.01212,-5.00,0.00,0.00,39.2,125.59,634.75,263.26,DESCEND
7.9226,0.0847,-0.0993,0.1623,0.00529,0.00020,0.00812,-5.00,0.00,0.00,39.3,125.59,634.75,263.22,DESCEND
7.9327,0.1347,-0.1693,-0.0376,0.02429,0.00520,0.00912,-5.00,0.00,0.00,39.3,125.59,634.75,263.16,DESCEND
7.9428,-0.0052,0.0106,-0.2576,0.01829,-0.00479,0.01512,-5.00,0.00,0.00,39.4,125.59,634.75,263.12,DESCEND
7.9529,-0.0652,-0.2593,-0.0376,0.00629,0.00120,0.00812,-5.00,0.00,0.00,39.4,125.59,634.75,263.06,DESCEND
7.9631,0.0047,0.1606,-0.0876,0.01629,0.00020,0.01012,-5.00,0.00,0.00,39.5,125.59,634.75,263.02,DESCEND
7.9732,0.1247,0.4506,-0.2776,0.00229,-0.01279,0.01312,-5.00,0.00,0.00,39.5,125.59,634.76,262.96,DESCEND
7.9833,0.0147,-0.2593,0.0423,0.01729,0.00820,0.01012,-5.00,0.00,0.00,39.6,125.59,634.76,262.92,DESCEND
7.9934,0.2147,0.0906,-0.3876,0.01729,-0.00679,0.01212,-5.00,0.00,0.00,39.6,125.59,634.76,262.86,DESCEND
8.0035,-0.1252,0.1006,-0.1676,0.00029,-0.00679,0.01212,-5.00,0.00,0.00,39.7,125.59,634.76,262.80,DESCEND
8.0136,0.0747,0.0406,0.2023,0.02029,0.00320,0.01112,-5.00,0.00,0.00,39.7,125.59,634.76,262.76,DESCEND
8.0237,-0.0752,-0.0293,0.0723,0.00529,0.00320,0.01312,-5.00,0.00,0.00,39.8,125.59,634.77,262.70,DESCEND
8.0338,-0.1252,-0.3193,0.2623,-0.00870,-0.00679,0.00712,-5.00,0.00,0.00,39.8,125.59,634.77,262.66,DESCEND
8.0439,0.1347,-0.0793,-0.0476,0.02729,0.00020,0.01212,-5.00,0.00,0.00,39.9,125.59,634.77,262.60,DESCEND
8.0540,0.1347,-0.3293,-0.0676,0.02629,0.00720,0.00812,-5.00,0.00,0.00,39.9,125.59,634.77,262.56,DESCEND
8.0641,-0.0252,0.0506,-0.0676,0.00929,-0.00179,0.00912,-5.00,0.00,0.00,40.0,125.59,634.77,262.50,DESCEND
8.0743,0.0547,-0.2593,0.1423,0.00929,-0.00479,0.00912,-5.00,0.00,0.00,40.0,125.59,634.78,262.46,DESCEND
8.0844,0.1847,-0.5493,0.0523,0.01229,0.00020,0.00412,-5.00,0.00,0.00,40.1,125.59,634.78,262.40,DESCEND
8.0945,0.0747,0.0406,-0.1576,0.00429,-0.00379,0.01412,-5.00,0.00,0.00,40.1,125.59,634.78,262.36,DESCEND
8.1046,0.0947,-0.3393,0.2223,0.00529,0.00420,0.00912,-5.00,0.00,0.00,40.2,125.59,634.78,262.30,DESCEND
8.1147,-0.0352,0.1906,-0.2476,-0.00270,-0.00679,0.01112,-5.00,0.00,0.00,40.2,125.59,634.78,262.26,DESCEND
8.1248,-0.0052,-0.4793,0.4923,0.00929,-0.00479,0.00912,-5.00,0.00,0.00,40.3,125.59,634.78,262.20,DESCEND
8.1349,0.1747,-0.0293,-0.1376,0.00729,-0.01579,0.00912,-5.00,0.00,0.00,40.3,125.59,634.79,262.16,DESCEND
8.1450,-0.0552,-0.0393,-0.1576,0.01029,0.00020,0.01112,-5.00,0.00,0.00,40.4,125.59,634.79,262.10,DESCEND
8.1552,0.0547,-0.2193,0.1023,0.02329,0.01420,0.00712,-5.00,0.00,0.00,40.4,125.59,634.79,262.06,DESCEND
8.1653,0.1547,-0.0493,-0.0576,0.00929,-0.00279,0.01012,-5.00,0.00,0.00,40.5,125.59,634.79,262.00,DESCEND
8.1754,-0.1752,0.0106,-0.1976,-0.00470,-0.00679,0.01212,-5.00,0.00,0.00,40.5,125.59,634.79,261.94,DESCEND
8.1855,0.2247,-0.1193,0.1223,0.02229,0.00020,0.01012,-5.00,0.00,0.00,40.6,125.59,634.80,261.90,DESCEND
8.1956,-0.0552,-0.0793,-0.0076,-0.00370,-0.01179,0.01112,-5.00,0.00,0.00,40.6,125.59,634.80,261.84,DESCEND
8.2057,-0.0152,-0.3993,0.1123,0.02129,0.00720,0.01012,-5.00,0.00,0.00,40.7,125.59,634.80,261.80,DESCEND
8.2159,-0.0852,0.1706,-0.3076,0.00529,-0.01179,0.01412,-5.00,0.00,0.00,40.7,125.59,634.80,261.74,DESCEND
8.2260,0.0647,-0.0293,-0.0676,0.01429,-0.00379,0.01112,-5.00,0.00,0.00,40.8,125.59,634.80,261.70,DESCEND
8.2361,-0.0152,-0.1393,-0.1576,0.01629,0.00120,0.01112,-5.00,0.00,0.00,40.8,125.59,634.81,261.64,DESCEND
8.2462,0.0047,-0.3193,0.2823,0.01029,0.01420,0.00812,-5.00,0.00,0.00,40.9,125.59,634.81,261.60,DESCEND
8.2563,0.1947,0.1206,-0.1876,-0.00170,-0.01779,0.01012,-5.00,0.00,0.00,40.9,125.59,634.81,261.54,DESCEND
8.2664,-0.0352,0.0906,0.0923,0.00829,0.00520,0.01312,-5.00,0.00,0.00,41.0,125.59,634.81,261.50,DESCEND
8.2766,0.0847,-0.1793,0.0623,0.00929,0.00620,0.00812,-5.00,0.00,0.00,41.0,125.59,634.81,261.44,DESCEND
8.2867,0.0847,-0.2693,0.0223,0.00629,-0.00779,0.01412,-5.00,0.00,0.00,41.1,125.59,634.81,261.40,DESCEND
8.2968,-0.1252,-0.2793,-0.1776,0.01629,0.00920,0.01012,-5.00,0.00,0.00,41.1,125.59,634.82,261.34,DESCEND
8.3069,0.0347,-0.4093,0.1623,0.00329,-0.00179,0.00912,-5.00,0.00,0.00,41.2,125.59,634.82,261.30,DESCEND
8.3170,-0.1152,-0.3593,-0.1576,0.00729,-0.01079,0.00812,-5.00,0.00,0.00,41.2,125.59,634.82,261.24,DESCEND
8.3271,-0.0952,-0.0693,-0.2176,0.00429,-0.00379,0.01212,-5.00,0.00,0.00,41.3,125.59,634.82,261.20,DESCEND
8.3372,0.2847,0.2506,-0.2176,0.00829,-0.00979,0.01112,-5.00,0.00,0.00,41.3,125.59,634.82,261.14,DESCEND
8.3473,0.0247,-0.3393,0.2323,0.02829,0.00520,0.00912,-5.00,0.00,0.00,41.4,125.59,634.83,261.10,DESCEND
8.3574,-0.0652,0.1006,-0.0176,0.01429,-0.00179,0.01512,-5.00,0.00,0.00,41.4,125.59,634.83,261.04,DESCEND
8.3676,0.0847,-0.4793,0.1023,0.01129,-0.00779,0.00612,-5.00,0.00,0.00,41.5,125.60,634.83,260.98,DESCEND
8.3777,0.1247,-0.2293,0.3723,0.01529,0.01020,0.00812,-5.00,0.00,0.00,41.5,125.60,634.83,260.94,DESCEND
8.3878,0.1047,-0.0993,-0.2076,0.00229,-0.00779,0.00612,-5.00,0.00,0.00,41.6,125.60,634.83,260.88,DESCEND
8.3979,0.1247,0.2306,-0.2376,0.00929,-0.00479,0.01412,-5.00,0.00,0.00,41.6,125.60,634.84,260.84,DESCEND
8.4080,0.0247,-0.2793,0.2223,0.00929,0.00220,0.00312,-5.00,0.00,0.00,41.7,125.60,634.84,260.78,DESCEND
8.4182,-0.0552,-0.1293,0.1423,0.01929,0.00420,0.01012,-5.00,0.00,0.00,41.7,125.60,634.84,260.74,DESCEND
8.4283,0.1247,-0.1993,-0.1776,0.03129,-0.00179,0.00812,-5.00,0.00,0.00,41.8,125.60,634.84,260.68,DESCEND
8.4384,0.0347,-0.1093,-0.1276,0.01329,-0.00079,0.00812,-5.00,0.00,0.00,41.8,125.60,634.84,260.64,DESCEND
8.4485,0.0547,-0.0693,0.2023,0.02529,0.01920,0.00712,-5.00,0.00,0.00,41.9,125.60,634.85,260.58,DESCEND
8.4586,0.3547,0.3106,-0.3276,0.03229,0.00920,0.01412,-5.00,0.00,0.00,41.9,125.60,634.85,260.54,DESCEND
8.4687,0.2447,0.0706,-0.0676,0.01829,0.01420,0.00512,-5.00,0.00,0.00,42.0,125.60,634.85,260.48,DESCEND
8.4788,-0.0852,-0.1593,0.0723,-0.00470,0.01420,0.00812,-5.00,0.00,0.00,42.0,125.60,634.85,260.44,DESCEND
8.4889,0.0647,0.3306,-0.3076,0.01029,0.02320,0.00512,-5.00,0.00,0.00,42.1,125.60,634.85,260.38,DESCEND
8.4990,0.3247,-0.1993,0.0823,0.01729,0.02520,0.00912,-5.00,0.00,0.00,42.1,125.60,634.85,260.34,DESCEND
8.5091,0.3047,-0.0693,-0.1176,0.02129,0.02420,0.00712,-5.00,0.00,0.00,42.2,125.60,634.86,260.28,DESCEND
8.5192,0.1447,0.1606,-0.3576,0.00729,0.02720,0.00412,-5.00,0.00,0.00,42.2,125.60,634.86,260.24,DESCEND
8.5293,0.2447,-0.3693,0.2623,0.01729,0.03720,0.00412,-5.00,0.00,0.00,42.3,125.60,634.86,260.18,DESCEND
8.5394,0.1947,-0.1193,0.0223,0.00829,0.04020,-0.00187,-5.00,0.00,0.00,42.4,125.60,634.86,260.12,DESCEND
8.5496,0.3647,-0.1093,0.1423,0.02129,0.04520,0.00312,-5.00,0.00,0.00,42.4,125.60,634.86,260.08,DESCEND
8.5597,0.2947,-0.3793,0.3923,0.00929,0.04520,0.00012,-5.00,0.00,0.00,42.5,125.60,634.87,260.02,DESCEND
8.5698,0.2147,-0.4693,0.3523,0.00829,0.04420,-0.00087,-5.00,0.00,0.00,42.5,125.60,634.87,259.98,DESCEND
8.5799,0.3247,-0.5893,0.5223,0.00629,0.05220,-0.00487,-5.00,0.00,0.00,42.6,125.60,634.87,259.92,DESCEND
8.5900,0.4647,-0.2793,-0.2476,0.02029,0.04220,0.00112,-5.00,0.00,0.00,42.6,125.60,634.87,259.88,DESCEND
8.6001,0.3247,0.0906,-0.2376,0.01129,0.05020,-0.00087,-5.00,0.00,0.00,42.7,125.60,634.87,259.82,DESCEND
8.6102,0.5947,-0.1593,0.1723,0.00229,0.04120,-0.00087,-5.00,0.00,0.00,42.7,125.60,634.87,259.78,DESCEND
8.6203,0.1447,0.0806,0.0223,0.00629,0.05620,0.00312,-5.00,0.00,0.00,42.8,125.60,634.88,259.72,DESCEND
8.6304,0.2847,-0.2093,0.3123,0.01229,0.07420,-0.00287,-5.00,0.00,0.00,42.8,125.60,634.88,259.68,DESCEND
8.6406,0.2647,0.0106,0.1223,0.00629,0.06820,0.00012,-5.00,0.00,0.00,42.9,125.60,634.88,259.62,DESCEND
8.6507,0.3747,-0.3493,0.3223,0.02229,0.07120,-0.00487,-5.00,0.00,0.00,42.9,125.60,634.88,259.58,DESCEND
8.6608,0.4247,-0.2093,-0.0876,0.01329,0.06420,-0.00387,-5.00,0.00,0.00,43.0,125.60,634.88,259.52,DESCEND
8.6709,0.5447,-0.1193,-0.0376,0.02729,0.07320,-0.00687,-5.00,0.00,0.00,43.0,125.60,634.89,259.48,DESCEND
8.6810,0.5047,0.0106,0.0423,0.01429,0.07820,-0.00587,-5.00,0.00,0.00,43.1,125.60,634.89,259.42,DESCEND
8.6911,0.0947,0.1606,-0.1376,-0.01470,0.07120,-0.00187,-5.00,0.00,0.00,43.1,125.60,634.89,259.38,DESCEND
8.7012,0.3847,0.0106,0.0823,0.00429,0.08120,-0.00387,-5.00,0.00,0.00,43.2,125.60,634.89,259.32,DESCEND
8.7113,0.3847,-0.1893,0.1923,0.00829,0.08120,-0.00287,-5.00,0.00,0.00,43.2,125.60,634.89,259.28,DESCEND
8.7214,0.7847,-0.3293,0.4223,0.03629,0.09320,-0.00987,-5.00,0.00,0.00,43.3,125.60,634.90,259.22,DESCEND
8.7315,0.5047,-0.1093,-0.0076,0.02329,0.08520,-0.00787,-5.00,0.00,0.00,43.3,125.60,634.90,259.17,DESCEND
8.7416,0.5847,-0.3293,0.5123,0.02629,0.10120,-0.01187,-5.00,0.00,0.00,43.4,125.60,634.90,259.13,DESCEND
8.7517,0.6347,-0.1493,0.0023,0.02529,0.09320,-0.00987,-5.00,0.00,0.00,43.4,125.60,634.90,259.07,DESCEND
8.7618,0.7347,-0.1993,0.2823,0.03029,0.09720,-0.00887,-5.00,0.00,0.00,43.5,125.60,634.90,259.03,DESCEND
8.7719,0.5547,-0.1693,0.2123,0.02129,0.09820,-0.00987,-5.00,0.00,0.00,43.5,125.60,634.91,258.97,DESCEND
8.7821,0.6247,-0.2093,0.0423,0.02129,0.11520,-0.01487,-5.00,0.00,0.00,43.6,125.60,634.91,258.93,DESCEND
8.7922,0.6547,-0.2493,-0.0176,0.01529,0.11920,-0.01287,-5.00,0.00,0.00,43.6,125.60,634.91,258.87,DESCEND
8.8023,0.9147,-0.0093,0.2023,0.02729,0.12820,-0.01487,-5.00,0.00,0.00,43.7,125.60,634.91,258.83,DESCEND
8.8124,0.8647,-0.0493,-0.2476,0.03129,0.13920,-0.01587,-5.00,0.00,0.00,43.7,125.60,634.91,258.77,DESCEND
8.8225,0.9147,-0.2993,0.2223,0.01529,0.14120,-0.01587,-5.00,0.00,0.00,43.8,125.60,634.91,258.73,DESCEND
8.8326,1.0347,0.0206,-0.3276,0.02429,0.14020,-0.01587,-5.00,0.00,0.00,43.8,125.60,634.92,258.67,DESCEND
8.8427,0.9147,-0.0093,-0.2876,0.02929,0.15920,-0.01587,-5.00,0.00,0.00,43.9,125.60,634.92,258.63,DESCEND
8.8529,1.0647,0.4106,-0.2276,0.02829,0.16220,-0.01687,-5.00,0.00,0.00,43.9,125.60,634.92,258.57,DESCEND
8.8630,0.7747,-0.3393,0.0723,0.00729,0.17520,-0.02387,-5.00,0.00,0.00,44.0,125.60,634.92,258.53,DESCEND
8.8731,1.1647,-0.1993,-0.2576,0.01129,0.16920,-0.02687,-5.00,0.00,0.00,44.0,125.60,634.92,258.47,DESCEND
8.8832,1.0247,-0.0593,-0.3376,0.01429,0.18820,-0.02387,-5.00,0.00,0.00,44.1,125.60,634.93,258.43,DESCEND
8.8933,1.1947,-0.2793,-0.1676,0.03229,0.19420,-0.02687,-5.00,0.00,0.00,44.1,125.60,634.93,258.37,DESCEND
8.9034,1.0247,-0.1193,-0.3976,0.01429,0.20320,-0.02887,-5.00,0.00,0.00,44.2,125.60,634.93,258.33,DESCEND
8.9135,1.3147,-0.1793,-0.1976,0.03529,0.21220,-0.03187,-5.00,0.00,0.00,44.2,125.60,634.93,258.27,DESCEND
8.9236,1.4747,-0.2193,-0.3776,0.01729,0.19220,-0.02887,-5.00,0.00,0.00,44.3,125.60,634.93,258.23,DESCEND
8.9337,1.2247,-0.5593,0.2023,0.01629,0.22720,-0.03587,-5.00,0.00,0.00,44.3,125.60,634.93,258.17,DESCEND
8.9438,1.4547,-0.3293,-0.1976,0.03729,0.22420,-0.03387,-5.00,0.00,0.00,44.4,125.60,634.94,258.11,DESCEND
8.9539,1.4747,0.0706,-0.4676,0.02629,0.22420,-0.02887,-5.00,0.00,0.00,44.4,125.60,634.94,258.07,DESCEND
8.9640,1.2547,-0.0293,-0.6176,0.01829,0.23620,-0.03187,-5.00,0.00,0.00,44.5,125.60,634.94,258.01,DESCEND
8.9741,1.3847,-0.3293,-0.4476,0.01829,0.23220,-0.03787,-5.00,0.00,0.00,44.5,125.60,634.94,257.97,DESCEND
8.9842,1.4047,-0.0493,-0.3076,0.02129,0.25120,-0.03787,-5.00,0.00,0.00,44.6,125.60,634.94,257.91,DESCEND
8.9943,1.3647,-0.3993,-0.3876,0.02429,0.24820,-0.03987,-5.00,0.00,0.00,44.6,125.60,634.95,257.87,DESCEND
9.0044,1.5547,-0.2393,-0.4376,0.02129,0.24820,-0.03987,-5.00,0.00,0.00,44.7,125.60,634.95,257.81,DESCEND
9.0145,1.6447,-0.0693,-0.5776,0.03129,0.24820,-0.03287,-5.00,0.00,0.00,44.7,125.60,634.95,257.77,DESCEND
9.0246,1.5147,0.1306,-0.8076,0.00929,0.24520,-0.03887,-5.00,0.00,0.00,44.8,125.60,634.95,257.71,DESCEND
9.0347,1.5947,-0.1993,-0.4776,0.01629,0.25520,-0.04187,-5.00,0.00,0.00,44.8,125.60,634.95,257.67,DESCEND
9.0448,1.6147,-0.1693,-0.1776,0.02829,0.28320,-0.04187,-5.00,0.00,0.00,44.9,125.60,634.96,257.61,DESCEND
9.0549,1.6047,-0.3193,-0.2776,0.01929,0.27520,-0.04687,-5.00,0.00,0.00,44.9,125.60,634.96,257.57,DESCEND
9.0650,1.6647,-0.2993,-0.4876,0.01029,0.26720,-0.04787,-5.00,0.00,0.00,45.0,125.60,634.96,257.51,DESCEND
9.0751,1.6947,-0.0993,-0.3576,0.02129,0.28320,-0.04687,-5.00,0.00,0.00,45.0,125.60,634.96,257.47,DESCEND
9.0852,1.6647,-0.1393,-0.7476,0.01229,0.28620,-0.04387,-5.00,0.00,0.00,45.1,125.60,634.96,257.41,DESCEND
9.0953,1.7447,0.0706,-0.7376,0.00529,0.28020,-0.04487,-5.00,0.00,0.00,45.1,125.60,634.96,257.37,DESCEND
9.1054,1.4747,-0.2193,-0.6376,0.00229,0.28720,-0.04587,-5.00,0.00,0.00,45.2,125.60,634.97,257.31,DESCEND
9.1156,1.7647,-0.2493,-0.6976,0.01229,0.30320,-0.05087,-5.00,0.00,0.00,45.2,125.61,634.97,257.27,DESCEND
9.1257,1.7147,-0.3493,-0.1576,0.00329,0.31020,-0.05187,-5.00,0.00,0.00,45.3,125.61,634.97,257.21,DESCEND
9.1358,1.9947,-0.3293,-0.4976,0.03429,0.32420,-0.05287,-5.00,0.00,0.00,45.3,125.61,634.97,257.15,DESCEND
9.1459,1.6247,-0.2193,-0.3276,-0.00570,0.32420,-0.05587,-5.00,0.00,0.00,45.4,125.61,634.97,257.11,DESCEND
9.1560,1.9447,-0.5193,-0.3576,0.01829,0.32820,-0.05587,-5.00,0.00,0.00,45.4,125.61,634.98,257.05,DESCEND
9.1661,1.9847,0.1306,-0.6376,0.01129,0.32520,-0.05287,-5.00,0.00,0.00,45.5,125.61,634.98,257.01,DESCEND
9.1762,2.0147,-0.3093,-0.3876,0.01729,0.34120,-0.05487,-5.00,0.00,0.00,45.5,125.61,634.98,256.95,DESCEND
9.1864,1.9847,-0.4393,-0.5976,0.02229,0.34420,-0.06087,-5.00,0.00,0.00,45.6,125.61,634.98,256.89,SEARCH_Y
9.1965,1.9347,-0.1393,-0.4976,0.00329,0.34620,-0.05787,0.00,-3.00,0.00,45.6,125.61,634.98,256.85,SEARCH_Y
9.2066,2.1147,0.0106,-0.9476,0.01029,0.34220,-0.05887,0.00,-3.00,0.00,45.7,125.61,634.99,256.81,SEARCH_Y
9.2167,2.0147,0.0706,-0.5376,0.00829,0.35520,-0.06087,0.00,-3.00,0.00,45.7,125.60,634.99,256.75,SEARCH_Y
9.2269,2.0647,-0.0393,-0.6176,0.01229,0.37020,-0.06287,0.00,-3.00,0.00,45.8,125.60,634.99,256.72,SEARCH_Y
9.2370,2.0247,0.1406,-0.8176,0.00929,0.35120,-0.06087,0.00,-3.00,0.00,45.8,125.59,634.99,256.67,SEARCH_Y
9.2471,2.0647,-0.1793,-0.6676,-0.00370,0.36520,-0.06587,0.00,-3.00,0.00,45.8,125.58,634.99,256.64,SEARCH_Y
9.2572,1.9947,-0.0393,-0.9676,0.00929,0.37420,-0.06187,0.00,-3.00,0.00,45.9,125.57,634.99,256.61,SEARCH_Y
9.2674,2.0247,0.1506,-1.2176,0.00529,0.37120,-0.05687,0.00,-3.00,0.00,45.9,125.56,634.99,256.58,SEARCH_Y
9.2775,2.3047,0.1506,-0.9076,-0.00870,0.36120,-0.06187,0.00,-3.00,0.00,45.9,125.54,634.99,256.55,SEARCH_Y
9.2876,2.2247,0.0206,-0.6776,-0.00370,0.37820,-0.06587,0.00,-3.00,0.00,46.0,125.52,634.99,256.53,SEARCH_Y
9.2978,2.3447,0.0606,-0.6576,0.00429,0.37820,-0.06787,0.00,-3.00,0.00,46.0,125.51,634.99,256.51,SEARCH_Y
9.3079,2.0947,-0.0093,-0.3976,-0.00270,0.38620,-0.06787,0.00,-3.00,0.00,46.0,125.49,634.99,256.49,SEARCH_Y
9.3180,2.0947,-0.0593,-0.6776,0.00429,0.39120,-0.06387,0.00,-3.00,0.00,46.0,125.47,634.99,256.48,SEARCH_Y
9.3281,2.1747,-0.4293,-0.3676,0.01429,0.39520,-0.06887,0.00,-3.00,0.00,46.0,125.44,634.99,256.47,SEARCH_Y
9.3382,2.3047,-0.3293,-0.2276,0.01129,0.39920,-0.06887,0.00,-3.00,0.00,46.0,125.42,634.99,256.46,SEARCH_Y
9.3483,2.0247,-0.3093,-0.7376,0.00429,0.39420,-0.06787,0.00,-3.00,0.00,46.0,125.38,634.99,256.46,SEARCH_Y
9.3585,2.4747,0.0206,-0.6876,0.02529,0.39520,-0.06487,0.00,-3.00,0.00,46.0,125.36,634.99,256.46,SEARCH_Y
9.3686,2.3347,-0.4793,-0.2076,0.01629,0.39220,-0.06987,0.00,-3.00,0.00,46.0,125.32,634.99,256.46,SEARCH_Y
9.3787,2.1147,-0.2993,-0.4176,0.01229,0.38920,-0.06487,0.00,-3.00,0.00,46.0,125.30,634.99,256.46,SEARCH_Y
9.3888,2.2947,-0.0893,-0.5676,0.00929,0.38520,-0.06687,0.00,-3.00,0.00,46.0,125.26,634.99,256.46,SEARCH_Y
9.3989,2.2647,-0.3793,-0.4076,0.02429,0.39120,-0.06587,0.00,-3.00,0.00,46.0,125.24,634.99,256.46,SEARCH_Y
9.4090,2.2447,-0.3593,-0.2476,0.01529,0.38420,-0.06487,0.00,-3.00,0.00,46.0,125.20,634.99,256.46,SEARCH_Y
9.4191,2.2047,0.3506,-0.9176,0.01629,0.37820,-0.05987,0.00,-3.00,0.00,46.0,125.18,634.99,256.46,SEARCH_Y
9.4292,2.3047,-0.1193,-0.5076,0.01429,0.38220,-0.06387,0.00,-3.00,0.00,46.0,125.14,634.98,256.46,SEARCH_Y
9.4393,2.1647,-0.0893,-0.4276,-0.01170,0.38220,-0.06587,0.00,-3.00,0.00,46.0,125.12,634.98,256.46,SEARCH_Y
9.4495,1.8347,0.4606,-0.3476,-0.02570,0.39120,-0.06687,0.00,-3.00,0.00,46.0,125.08,634.98,256.46,SEARCH_Y
9.4596,2.0847,0.4906,-0.6876,-0.03870,0.36620,-0.06687,0.00,-3.00,0.00,46.0,125.05,634.98,256.46,SEARCH_Y
9.4697,1.9647,-0.0093,-0.5276,-0.03370,0.38920,-0.06687,0.00,-3.00,0.00,46.0,125.02,634.98,256.46,SEARCH_Y
9.4798,2.1447,0.2706,-0.5376,-0.04670,0.37920,-0.06787,0.00,-3.00,0.00,46.0,124.99,634.98,256.46,SEARCH_Y
9.4899,2.0447,0.3406,-0.5776,-0.05070,0.37520,-0.06787,0.00,-3.00,0.00,46.0,124.96,634.98,256.46,SEARCH_Y
9.5000,2.0047,0.0506,-0.3976,-0.03670,0.39120,-0.06687,0.00,-3.00,0.00,46.0,124.93,634.98,256.46,SEARCH_Y
9.5102,2.3647,-0.0493,-0.1976,-0.01970,0.37920,-0.06987,0.00,-3.00,0.00,46.0,124.90,634.98,256.46,SEARCH_Y
9.5203,2.1947,0.2406,-0.2476,-0.03770,0.37620,-0.06987,0.00,-3.00,0.00,46.0,124.87,634.98,256.46,SEARCH_Y
9.5304,2.1447,0.2406,-0.6276,-0.03170,0.37820,-0.06387,0.00,-3.00,0.00,46.0,124.84,634.98,256.46,SEARCH_Y
9.5405,2.3047,-0.2093,-0.0976,-0.00370,0.40320,-0.07287,0.00,-3.00,0.00,46.0,124.81,634.97,256.46,SEARCH_Y
9.5506,2.2447,-0.0693,-0.4476,-0.03070,0.38120,-0.06987,0.00,-3.00,0.00,46.0,124.78,634.97,256.46,SEARCH_Y
9.5607,2.0347,0.3306,-0.5676,-0.04270,0.37720,-0.06787,0.00,-3.00,0.00,46.0,124.75,634.97,256.46,SEARCH_Y
9.5708,2.1347,0.3606,-0.4676,-0.02870,0.39220,-0.07187,0.00,-3.00,0.00,46.0,124.72,634.97,256.45,SEARCH_Y
9.5810,2.1947,-0.1693,-0.1776,-0.00470,0.39920,-0.07387,0.00,-3.00,0.00,46.0,124.69,634.97,256.45,SEARCH_Y
9.5911,2.1547,0.0106,-0.2676,-0.04470,0.38620,-0.07287,0.00,-3.00,0.00,46.0,124.66,634.97,256.45,SEARCH_Y
9.6012,2.0047,0.2106,-0.1076,-0.03770,0.39720,-0.06887,0.00,-3.00,0.00,46.0,124.63,634.97,256.45,SEARCH_Y
9.6113,2.0147,0.7306,-0.7076,-0.04970,0.38920,-0.06787,0.00,-3.00,0.00,46.0,124.60,634.97,256.45,SEARCH_Y
9.6214,2.4047,-0.2693,-0.1476,-0.01570,0.40320,-0.07587,0.00,-3.00,0.00,46.0,124.57,634.97,256.45,SEARCH_Y
9.6315,2.2447,0.1006,-0.5976,-0.02170,0.39220,-0.07287,0.00,-3.00,0.00,46.0,124.53,634.97,256.45,SEARCH_Y
9.6417,2.2747,-0.0193,-0.3076,-0.02370,0.39320,-0.07587,0.00,-3.00,0.00,46.0,124.51,634.97,256.45,SEARCH_Y
9.6518,2.2047,0.0806,0.0323,-0.02670,0.40120,-0.07087,0.00,-3.00,0.00,46.0,124.47,634.97,256.45,SEARCH_Y
9.6619,2.4447,0.1306,-0.3476,-0.03570,0.37920,-0.07187,0.00,-3.00,0.00,46.0,124.45,634.96,256.45,SEARCH_Y
9.6720,2.2147,0.2106,-0.5876,-0.03070,0.38220,-0.07187,0.00,-3.00,0.00,46.0,124.41,634.96,256.45,SEARCH_Y
9.6822,2.1247,-0.1293,-0.0576,-0.03070,0.39720,-0.07287,0.00,-3.00,0.00,46.0,124.38,634.96,256.45,SEARCH_Y
9.6923,2.2847,-0.0593,-0.1976,-0.03370,0.39720,-0.07387,0.00,-3.00,0.00,46.0,124.35,634.96,256.45,SEARCH_Y
9.7024,2.2547,0.1106,-0.3876,-0.01870,0.38820,-0.07087,0.00,-3.00,0.00,46.0,124.32,634.96,256.45,SEARCH_Y
9.7125,2.3347,0.0706,-0.4176,-0.02470,0.37820,-0.07087,0.00,-3.00,0.00,46.0,124.29,634.96,256.45,SEARCH_Y
9.7226,2.1347,0.1906,-0.5676,-0.03370,0.38320,-0.06887,0.00,-3.00,0.00,46.0,124.26,634.96,256.45,SEARCH_Y
9.7327,2.4147,0.5606,-0.6476,-0.03570,0.36420,-0.07087,0.00,-3.00,0.00,46.1,124.23,634.96,256.45,SEARCH_Y
9.7428,2.1247,0.2706,-0.6576,-0.03270,0.37320,-0.06687,0.00,-3.00,0.00,46.1,124.20,634.96,256.45,SEARCH_Y
9.7529,2.1547,0.0306,-0.3276,-0.03470,0.37920,-0.06987,0.00,-3.00,0.00,46.1,124.17,634.96,256.45,SEARCH_Y
9.7631,2.1147,0.0206,-0.4176,-0.06470,0.35920,-0.06987,0.00,-3.00,0.00,46.1,124.14,634.96,256.45,SEARCH_Y
9.7732,2.1747,0.1006,-0.7176,-0.02370,0.36420,-0.06687,0.00,-3.00,0.00,46.1,124.11,634.95,256.45,SEARCH_Y
9.7834,1.9747,0.2606,-0.6476,-0.04470,0.36620,-0.06387,0.00,-3.00,0.00,46.1,124.07,634.95,256.45,SEARCH_Y
9.7935,2.1747,-0.2693,-0.3976,-0.01270,0.36620,-0.06887,0.00,-3.00,0.00,46.1,124.05,634.95,256.45,SEARCH_Y
9.8036,2.0247,0.1106,-0.3776,-0.03470,0.36820,-0.06787,0.00,-3.00,0.00,46.1,124.01,634.95,256.45,SEARCH_Y
9.8137,1.9247,0.1506,-0.8776,-0.04770,0.35320,-0.06187,0.00,-3.00,0.00,46.1,123.99,634.95,256.45,SEARCH_Y
9.8238,2.1247,0.2106,-0.4476,-0.03170,0.36520,-0.06687,0.00,-3.00,0.00,46.1,123.95,634.95,256.45,SEARCH_Y
9.8339,1.9747,0.2006,-0.4076,-0.05770,0.35620,-0.06687,0.00,-3.00,0.00,46.1,123.93,634.95,256.45,SEARCH_Y
9.8440,1.9547,-0.0393,-0.6876,-0.05170,0.35220,-0.06587,0.00,-3.00,0.00,46.1,123.89,634.95,256.45,SEARCH_Y
9.8541,2.0447,0.2006,-1.0876,-0.05070,0.34120,-0.06387,0.00,-3.00,0.00,46.1,123.87,634.95,256.45,SEARCH_Y
9.8642,1.8847,0.0206,-0.3176,-0.02570,0.36420,-0.06387,0.00,-3.00,0.00,46.1,123.83,634.95,256.45,SEARCH_Y
9.8743,2.0847,0.4006,-1.0576,-0.05070,0.34120,-0.06287,0.00,-3.00,0.00,46.1,123.81,634.95,256.45,SEARCH_Y
9.8845,2.1447,0.1506,-0.7876,-0.03970,0.34820,-0.06587,0.00,-3.00,0.00,46.1,123.77,634.95,256.45,SEARCH_Y
9.8946,2.1147,0.1806,-0.9476,-0.03570,0.34120,-0.06587,0.00,-3.00,0.00,46.1,123.75,634.94,256.45,SEARCH_Y
9.9047,1.8547,0.5706,-1.0376,-0.06070,0.34120,-0.06087,0.00,-3.00,0.00,46.1,123.71,634.94,256.45,SEARCH_Y
9.9148,1.9147,0.1506,-0.8376,-0.05470,0.34220,-0.06587,0.00,-3.00,0.00,46.1,123.69,634.94,256.45,SEARCH_Y
9.9249,2.0847,0.1106,-0.9076,-0.04070,0.34720,-0.06387,0.00,-3.00,0.00,46.1,123.65,634.94,256.45,SEARCH_Y
9.9350,2.0247,0.0006,-0.7976,-0.05370,0.33720,-0.06587,0.00,-3.00,0.00,46.1,123.63,634.94,256.45,SEARCH_Y
9.9452,1.8947,0.3506,-0.9676,-0.06770,0.33220,-0.06587,0.00,-3.00,0.00,46.1,123.59,634.94,256.45,SEARCH_Y
9.9553,2.0147,0.0606,-0.7976,-0.06570,0.32720,-0.06187,0.00,-3.00,0.00,46.1,123.57,634.94,256.45,SEARCH_Y
9.9654,2.0547,0.0406,-0.4076,-0.06270,0.34120,-0.06587,0.00,-3.00,0.00,46.1,123.53,634.94,256.45,SEARCH_Y
9.9756,2.1447,0.1806,-0.8176,-0.03370,0.33820,-0.06687,0.00,-3.00,0.00,46.1,123.49,634.94,256.45,SEARCH_Y
9.9857,2.1147,0.3106,-1.0976,-0.04870,0.32320,-0.06187,0.00,-3.00,0.00,46.1,123.47,634.94,256.45,SEARCH_Y
9.9958,1.8447,-0.0593,-0.5976,-0.06270,0.32920,-0.06287,0.00,-3.00,0.00,46.1,123.43,634.94,256.45,SEARCH_Y
10.0059,2.1247,-0.1393,-0.7376,-0.05870,0.31320,-0.06087,0.00,-3.00,0.00,46.1,123.41,634.93,256.45,SEARCH_Y
10.0160,1.9447,-0.0093,-0.8776,-0.06270,0.32220,-0.06287,0.00,-3.00,0.00,46.1,123.37,634.93,256.45,SEARCH_Y
10.0261,1.8747,0.0906,-1.0876,-0.06170,0.32820,-0.06287,0.00,-3.00,0.00,46.1,123.35,634.93,256.45,SEARCH_Y
10.0362,1.6847,0.1006,-0.9076,-0.07170,0.33120,-0.06487,0.00,-3.00,0.00,46.1,123.31,634.93,256.45,SEARCH_Y
10.0463,1.9147,0.3006,-0.5976,-0.05870,0.32720,-0.06387,0.00,-3.00,0.00,46.1,123.29,634.93,256.45,SEARCH_Y
10.0564,1.7347,0.6406,-1.0876,-0.06770,0.31920,-0.05387,0.00,-3.00,0.00,46.1,123.25,634.93,256.45,SEARCH_Y
10.0665,1.8147,0.0606,-0.7076,-0.08470,0.31120,-0.06387,0.00,-3.00,0.00,46.1,123.23,634.93,256.45,SEARCH_Y
10.0766,1.9047,0.3106,-0.8276,-0.03870,0.32820,-0.06187,0.00,-3.00,0.00,46.1,123.19,634.93,256.45,SEARCH_Y
10.0868,1.9447,0.3306,-0.9776,-0.06070,0.31020,-0.06287,0.00,-3.00,0.00,46.1,123.17,634.93,256.45,SEARCH_Y
10.0969,1.9147,0.1806,-0.8876,-0.04770,0.31720,-0.05887,0.00,-3.00,0.00,46.1,123.13,634.93,256.45,SEARCH_Y
10.1070,1.9247,0.2606,-0.9676,-0.04370,0.32220,-0.06187,0.00,-3.00,0.00,46.1,123.11,634.93,256.45,SEARCH_Y
10.1172,1.6947,0.1306,-0.5776,-0.07270,0.32320,-0.06187,0.00,-3.00,0.00,46.1,123.07,634.92,256.45,SEARCH_Y
10.1273,1.9347,0.3506,-0.8976,-0.06470,0.30920,-0.05987,0.00,-3.00,0.00,46.1,123.05,634.92,256.45,SEARCH_Y
10.1374,1.9047,-0.0693,-0.5476,-0.05670,0.32420,-0.06287,0.00,-3.00,0.00,46.1,123.01,634.92,256.45,SEARCH_Y
10.1475,1.9647,0.0506,-0.7576,-0.05470,0.31720,-0.06087,0.00,-3.00,0.00,46.1,122.98,634.92,256.45,SEARCH_Y
10.1576,1.9547,0.1106,-0.6276,-0.05670,0.32020,-0.06187,0.00,-3.00,0.00,46.1,122.95,634.92,256.45,SEARCH_Y
10.1677,1.9547,0.1006,-0.8376,-0.05770,0.30620,-0.06187,0.00,-3.00,0.00,46.1,122.92,634.92,256.45,SEARCH_Y
10.1778,1.8647,-0.0293,-0.8276,-0.04370,0.32520,-0.06287,0.00,-3.00,0.00,46.1,122.89,634.92,256.45,SEARCH_Y
10.1879,1.9847,0.1606,-0.6576,-0.04370,0.31620,-0.06087,0.00,-3.00,0.00,46.1,122.86,634.92,256.45,SEARCH_Y
10.1980,1.9947,0.4706,-1.0176,-0.05470,0.30420,-0.05787,0.00,-3.00,0.00,46.1,122.83,634.92,256.45,SEARCH_Y
10.2082,1.9747,0.2606,-0.6776,-0.05170,0.31820,-0.06287,0.00,-3.00,0.00,46.1,122.80,634.92,256.45,SEARCH_Y
10.2183,1.8747,0.5206,-1.0476,-0.06570,0.30520,-0.05887,0.00,-3.00,0.00,46.1,122.77,634.92,256.45,SEARCH_Y
10.2284,1.8547,0.1106,-0.7976,-0.05970,0.31220,-0.06187,0.00,-3.00,0.00,46.1,122.74,634.92,256.45,SEARCH_Y
10.2385,1.7747,0.0906,-0.7976,-0.05770,0.31120,-0.05787,0.00,-3.00,0.00,46.1,122.71,634.91,256.45,SEARCH_Y
10.2486,1.7047,-0.0693,-0.6976,-0.07770,0.30820,-0.06287,0.00,-3.00,0.00,46.1,122.67,634.91,256.44,SEARCH_Y
10.2587,2.0047,0.4206,-0.9976,-0.05270,0.30120,-0.05887,0.00,-3.00,0.00,46.1,122.65,634.91,256.44,SEARCH_Y
10.2688,1.8647,0.0006,-0.6376,-0.04870,0.31120,-0.06187,0.00,-3.00,0.00,46.1,122.61,634.91,256.44,SEARCH_Y
10.2789,1.9847,-0.1193,-0.7076,-0.05870,0.31020,-0.06487,0.00,-3.00,0.00,46.1,122.59,634.91,256.44,SEARCH_Y
10.2891,1.7947,0.0606,-0.7476,-0.05270,0.31420,-0.06187,0.00,-3.00,0.00,46.1,122.55,634.91,256.44,SEARCH_Y
10.2992,1.8147,0.3006,-0.8976,-0.06970,0.29620,-0.05987,0.00,-3.00,0.00,46.1,122.53,634.91,256.44,SEARCH_Y
10.3093,1.6247,0.1406,-1.0776,-0.07670,0.29920,-0.05787,0.00,-3.00,0.00,46.1,122.49,634.91,256.44,SEARCH_Y
10.3194,1.9447,0.1306,-0.8476,-0.04570,0.30320,-0.05687,0.00,-3.00,0.00,46.1,122.47,634.91,256.44,SEARCH_Y
10.3296,1.6847,0.3006,-1.2676,-0.07470,0.29520,-0.05687,0.00,-3.00,0.00,46.1,122.43,634.91,256.44,SEARCH_Y
10.3396,1.8147,0.4306,-1.0576,-0.06670,0.29020,-0.05487,0.00,-3.00,0.00,46.1,122.40,634.91,256.44,SEARCH_Y
10.3498,1.6347,0.6206,-1.3276,-0.08570,0.28820,-0.05487,0.00,-3.00,0.00,46.1,122.37,634.90,256.44,SEARCH_Y
10.3599,2.0247,-0.2393,-0.7376,-0.04270,0.30520,-0.06187,0.00,-3.00,0.00,46.1,122.34,634.90,256.44,SEARCH_Y
10.3700,1.9147,0.0106,-0.7076,-0.04170,0.30920,-0.05787,0.00,-3.00,0.00,46.1,122.31,634.90,256.44,SEARCH_Y
10.3801,1.9947,0.4406,-0.9376,-0.05670,0.29720,-0.05587,0.00,-3.00,0.00,46.2,122.28,634.90,256.44,SEARCH_Y
10.3902,1.7647,0.5806,-0.9876,-0.06270,0.30120,-0.05287,0.00,-3.00,0.00,46.2,122.25,634.90,256.44,SEARCH_Y
10.4003,1.7247,0.4406,-0.8776,-0.05770,0.29720,-0.05687,0.00,-3.00,0.00,46.2,122.22,634.90,256.44,SEARCH_Y
10.4104,1.7147,0.1606,-0.7976,-0.06070,0.30620,-0.05587,0.00,-3.00,0.00,46.2,122.19,634.90,256.44,SEARCH_Y
10.4206,1.4947,0.3906,-0.9376,-0.07370,0.30520,-0.05587,0.00,-3.00,0.00,46.2,122.16,634.90,256.44,SEARCH_Y
10.4307,1.8047,0.4106,-0.9876,-0.04970,0.30120,-0.05687,0.00,-3.00,0.00,46.2,122.13,634.90,256.44,SEARCH_Y
10.4408,1.7847,0.2906,-0.7676,-0.04970,0.30820,-0.05987,0.00,-3.00,0.00,46.2,122.10,634.90,256.44,SEARCH_Y
10.4509,1.8647,-0.1493,-0.6376,-0.05270,0.30220,-0.05987,0.00,-3.00,0.00,46.2,122.07,634.90,256.44,SEARCH_Y
10.4610,1.7047,0.3706,-1.1276,-0.05670,0.29920,-0.05687,0.00,-3.00,0.00,46.2,122.04,634.90,256.44,SEARCH_Y
10.4712,1.4647,0.0006,-0.5376,-0.07270,0.30320,-0.05687,0.00,-3.00,0.00,46.2,122.01,634.89,256.44,SEARCH_Y
10.4813,1.8247,0.4106,-0.8576,-0.07570,0.28520,-0.05587,0.00,-3.00,0.00,46.2,121.98,634.89,256.44,SEARCH_Y
10.4914,1.5747,-0.0393,-0.5676,-0.05370,0.30720,-0.05787,0.00,-3.00,0.00,46.2,121.95,634.89,256.44,SEARCH_Y
10.5015,1.7447,0.1006,-0.8576,-0.04770,0.29620,-0.05887,0.00,-3.00,0.00,46.2,121.92,634.89,256.44,SEARCH_Y
10.5116,1.8647,0.1206,-0.8076,-0.04470,0.30420,-0.05687,0.00,-3.00,0.00,46.2,121.88,634.89,256.44,SEARCH_Y
10.5217,1.8247,0.2606,-1.2476,-0.06370,0.28520,-0.05587,0.00,-3.00,0.00,46.2,121.86,634.89,256.44,SEARCH_Y
10.5318,1.7947,0.1806,-0.7876,-0.04570,0.30520,-0.05487,0.00,-3.00,0.00,46.2,121.82,634.89,256.44,SEARCH_Y
10.5420,1.6247,-0.0093,-0.5176,-0.07470,0.29720,-0.05987,0.00,-3.00,0.00,46.2,121.80,634.89,256.44,SEARCH_Y
10.5521,1.8147,0.1906,-0.8976,-0.04170,0.29820,-0.05687,0.00,-3.00,0.00,46.2,121.76,634.89,256.44,SEARCH_Y
10.5622,1.7447,0.0706,-1.1776,-0.07170,0.28020,-0.05887,0.00,-3.00,0.00,46.2,121.74,634.89,256.44,SEARCH_Y
10.5723,1.7147,-0.0393,-0.9376,-0.05070,0.29120,-0.05587,0.00,-3.00,0.00,46.2,121.70,634.89,256.44,SEARCH_Y
10.5824,1.8247,0.5606,-1.1976,-0.04270,0.29120,-0.05587,0.00,-3.00,0.00,46.2,121.68,634.88,256.44,SEARCH_Y
10.5925,1.7547,0.0406,-0.8376,-0.04770,0.28920,-0.05987,0.00,-3.00,0.00,46.2,121.64,634.88,256.44,SEARCH_Y
10.6026,1.7247,0.3206,-0.7976,-0.07470,0.27520,-0.05287,0.00,-3.00,0.00,46.2,121.62,634.88,256.44,SEARCH_Y
10.6127,1.6447,-0.0693,-0.6576,-0.03270,0.29920,-0.05687,0.00,-3.00,0.00,46.2,121.58,634.88,256.44,SEARCH_Y
10.6228,1.7447,0.3206,-0.7976,-0.04470,0.29820,-0.05887,0.00,-3.00,0.00,46.2,121.56,634.88,256.44,SEARCH_Y
10.6329,1.6747,0.3106,-1.0076,-0.05670,0.28520,-0.05187,0.00,-3.00,0.00,46.2,121.52,634.88,256.44,SEARCH_Y
10.6430,1.6747,0.1406,-0.6276,-0.04870,0.29520,-0.05587,0.00,-3.00,0.00,46.2,121.49,634.88,256.44,SEARCH_Y
10.6531,1.6547,0.1806,-0.6176,-0.04170,0.30320,-0.05487,0.00,-3.00,0.00,46.2,121.46,634.88,256.44,SEARCH_Y
10.6633,1.6347,-0.0693,-0.5076,-0.05270,0.30220,-0.05587,0.00,-3.00,0.00,46.2,121.43,634.88,256.44,SEARCH_Y
10.6733,1.8447,0.5206,-0.9876,-0.05570,0.27720,-0.05287,0.00,-3.00,0.00,46.2,121.40,634.88,256.44,SEARCH_Y
10.6834,1.5347,0.3106,-1.1376,-0.06070,0.29020,-0.05587,0.00,-3.00,0.00,46.2,121.36,634.88,256.44,SEARCH_Y
10.6936,1.8747,0.1106,-0.5476,-0.03470,0.30020,-0.05287,0.00,-3.00,0.00,46.2,121.34,634.88,256.44,SEARCH_Y
10.7037,1.5947,0.4106,-0.6076,-0.06170,0.28720,-0.05287,0.00,-3.00,0.00,46.2,121.30,634.87,256.44,SEARCH_Y
10.7138,1.8647,0.0406,-0.8676,-0.05170,0.28120,-0.05487,0.00,-3.00,0.00,46.2,121.28,634.87,256.44,SEARCH_Y
10.7239,1.9947,0.1706,-0.8476,-0.06070,0.28220,-0.05387,0.00,-3.00,0.00,46.2,121.24,634.87,256.44,SEARCH_Y
10.7340,1.9247,0.6206,-1.3876,-0.03570,0.28020,-0.05487,0.00,-3.00,0.00,46.2,121.22,634.87,256.44,SEARCH_Y
10.7441,1.7047,0.0706,-0.7476,-0.06070,0.29020,-0.05687,0.00,-3.00,0.00,46.2,121.18,634.87,256.44,SEARCH_Y
10.7543,1.7547,0.4706,-1.1676,-0.04870,0.27920,-0.05087,0.00,-3.00,0.00,46.2,121.16,634.87,256.44,SEARCH_Y
10.7644,1.5447,0.1806,-0.7576,-0.06270,0.28320,-0.05387,0.00,-3.00,0.00,46.3,121.12,634.87,256.44,SEARCH_Y
10.7745,1.4247,0.2606,-0.5876,-0.07270,0.29020,-0.05487,0.00,-3.00,0.00,46.3,121.10,634.87,256.44,SEARCH_Y
10.7846,1.8047,-0.0493,-0.4376,-0.04970,0.28620,-0.05587,0.00,-3.00,0.00,46.3,121.06,634.87,256.44,SEARCH_Y
10.7947,1.7947,0.1106,-0.9076,-0.04270,0.28120,-0.05387,0.00,-3.00,0.00,46.3,121.04,634.87,256.44,SEARCH_Y
10.8048,1.8847,0.3506,-0.8376,-0.04170,0.27920,-0.05687,0.00,-3.00,0.00,46.3,121.00,634.87,256.44,SEARCH_Y
10.8150,1.6947,0.1506,-0.8276,-0.06070,0.27520,-0.05187,0.00,-3.00,0.00,46.3,120.98,634.86,256.44,SEARCH_Y
10.8251,1.4347,0.2006,-0.6476,-0.06670,0.28420,-0.05187,0.00,-3.00,0.00,46.3,120.94,634.86,256.44,SEARCH_Y
10.8352,1.4847,0.1406,-0.6376,-0.05370,0.29020,-0.05287,0.00,-3.00,0.00,46.3,120.92,634.86,256.44,SEARCH_Y
10.8453,1.7647,0.2606,-1.1076,-0.06170,0.27220,-0.05387,0.00,-3.00,0.00,46.3,120.88,634.86,256.44,SEARCH_Y
10.8554,1.8347,0.1306,-0.8276,-0.05370,0.28220,-0.05487,0.00,-3.00,0.00,46.3,120.84,634.86,256.44,SEARCH_Y
10.8656,1.6347,0.1106,-0.8076,-0.04970,0.28020,-0.05387,0.00,-3.00,0.00,46.3,120.82,634.86,256.44,SEARCH_Y
10.8757,1.7747,0.2606,-0.8176,-0.04770,0.28220,-0.05787,0.00,-3.00,0.00,46.3,120.78,634.86,256.44,SEARCH_Y
10.8858,1.8447,-0.0393,-0.7276,-0.05670,0.27620,-0.05687,0.00,-3.00,0.00,46.3,120.76,634.86,256.44,SEARCH_Y
10.8960,1.7247,0.2606,-0.7576,-0.06070,0.27820,-0.05487,0.00,-3.00,0.00,46.3,120.72,634.86,256.44,SEARCH_Y
10.9061,1.5547,0.1106,-0.8076,-0.05670,0.28320,-0.05387,0.00,-3.00,0.00,46.3,120.70,634.86,256.44,SEARCH_Y
10.9162,1.7347,-0.0693,-0.6876,-0.03670,0.28620,-0.05687,0.00,-3.00,0.00,46.3,120.66,634.86,256.44,SEARCH_Y
10.9263,1.7947,-0.1093,-0.5276,-0.04370,0.28220,-0.05587,0.00,-3.00,0.00,46.3,120.64,634.85,256.43,SEARCH_Y
10.9364,1.6547,0.2306,-0.8076,-0.04870,0.28020,-0.05287,0.00,-3.00,0.00,46.3,120.60,634.85,256.43,SEARCH_Y
10.9466,1.4947,0.3206,-0.8276,-0.07070,0.27620,-0.05087,0.00,-3.00,0.00,46.3,120.58,634.85,256.43,SEARCH_Y
10.9567,1.5547,0.2106,-0.7376,-0.05570,0.28620,-0.05287,0.00,-3.00,0.00,46.3,120.54,634.85,256.43,SEARCH_Y
10.9668,1.8447,0.3806,-0.9976,-0.04570,0.27220,-0.05287,0.00,-3.00,0.00,46.3,120.52,634.85,256.43,SEARCH_Y
10.9769,1.6147,0.3606,-0.6376,-0.06070,0.28220,-0.05387,0.00,-3.00,0.00,46.3,120.48,634.85,256.43,SEARCH_Y
10.9870,1.6347,-0.0893,-0.7376,-0.04570,0.27720,-0.05487,0.00,-3.00,0.00,46.3,120.46,634.85,256.43,SEARCH_Y
10.9971,1.5547,0.1906,-0.9076,-0.05070,0.28220,-0.05187,0.00,-3.00,0.00,46.3,120.42,634.85,256.43,SEARCH_Y
11.0072,1.7747,0.2606,-1.2676,-0.05170,0.26320,-0.05087,0.00,-3.00,0.00,46.3,120.40,634.85,256.43,SEARCH_Y
11.0174,1.7247,-0.1293,-0.8876,-0.04970,0.27420,-0.05687,0.00,-3.00,0.00,46.3,120.36,634.85,256.43,SEARCH_Y
11.0275,1.6947,-0.0593,-0.7576,-0.04870,0.27520,-0.05287,0.00,-3.00,0.00,46.3,120.34,634.85,256.43,SEARCH_Y
11.0376,1.6747,-0.2093,-0.3476,-0.05470,0.27920,-0.05987,0.00,-3.00,0.00,46.3,120.30,634.85,256.43,SEARCH_Y
11.0477,1.7247,-0.0793,-0.3776,-0.02270,0.29020,-0.05487,0.00,-3.00,0.00,46.3,120.27,634.84,256.43,SEARCH_Y
11.0578,1.6947,0.2406,-0.7676,-0.05970,0.27020,-0.05487,0.00,-3.00,0.00,46.3,120.24,634.84,256.43,SEARCH_Y
11.0679,1.5847,-0.0793,-0.6476,-0.04770,0.28020,-0.05687,0.00,-3.00,0.00,46.3,120.21,634.84,256.43,SEARCH_Y
11.0780,1.6647,-0.0493,-0.8176,-0.03370,0.28120,-0.05287,0.00,-3.00,0.00,46.4,120.18,634.84,256.43,SEARCH_Y
11.0881,1.5547,0.0506,-0.6476,-0.06770,0.27420,-0.05187,0.00,-3.00,0.00,46.4,120.15,634.84,256.43,SEARCH_Y
11.0982,1.7747,0.3106,-0.6876,-0.04570,0.26920,-0.05587,0.00,-3.00,0.00,46.4,120.12,634.84,256.43,SEARCH_Y
11.1083,1.5047,0.2106,-0.8376,-0.05370,0.27820,-0.05087,0.00,-3.00,0.00,46.4,120.09,634.84,256.43,SEARCH_Y
11.1185,1.6847,0.2106,-0.8276,-0.06870,0.26720,-0.05287,0.00,-3.00,0.00,46.4,120.06,634.84,256.43,SEARCH_Y
11.1286,1.4847,-0.1993,-0.6876,-0.05570,0.27820,-0.05387,0.00,-3.00,0.00,46.4,120.03,634.84,256.43,SEARCH_Y
11.1387,1.6547,0.2806,-0.9376,-0.05070,0.26020,-0.05287,0.00,-3.00,0.00,46.4,120.00,634.84,256.43,SEARCH_Y
11.1488,1.5347,0.3206,-0.8076,-0.06070,0.27420,-0.05087,0.00,-3.00,0.00,46.4,119.97,634.84,256.43,SEARCH_Y
11.1589,1.6547,0.0706,-0.8176,-0.03570,0.28020,-0.05287,0.00,-3.00,0.00,46.4,119.94,634.83,256.43,SEARCH_Y
11.1690,1.5047,-0.0493,-0.7976,-0.05370,0.27520,-0.05387,0.00,-3.00,0.00,46.4,119.91,634.83,256.43,SEARCH_Y
11.1792,1.5447,-0.0093,-0.6876,-0.04970,0.27320,-0.05487,0.00,-3.00,0.00,46.4,119.88,634.83,256.43,SEARCH_Y
11.1893,1.7147,0.1606,-0.5776,-0.04870,0.26820,-0.05187,0.00,-3.00,0.00,46.4,119.85,634.83,256.43,SEARCH_Y
11.1994,1.5647,0.2306,-0.9776,-0.04670,0.27320,-0.05187,0.00,-3.00,0.00,46.4,119.82,634.83,256.43,SEARCH_Y
11.2095,1.6647,0.4706,-1.0976,-0.03670,0.27420,-0.04987,0.00,-3.00,0.00,46.4,119.79,634.83,256.43,SEARCH_Y
11.2196,1.5447,0.0106,-0.5176,-0.06370,0.26820,-0.05287,0.00,-3.00,0.00,46.4,119.75,634.83,256.43,SEARCH_Y
11.2297,1.7747,0.3606,-1.1076,-0.03970,0.27720,-0.04787,0.00,-3.00,0.00,46.4,119.72,634.83,256.43,SEARCH_Y
11.2398,1.7147,-0.0493,-0.5676,-0.03370,0.28320,-0.05587,0.00,-3.00,0.00,46.4,119.69,634.83,256.43,SEARCH_Y
11.2500,1.5047,0.0606,-0.8176,-0.06870,0.26320,-0.05287,0.00,-3.00,0.00,46.4,119.66,634.83,256.43,SEARCH_Y
11.2601,1.4647,0.4406,-1.0876,-0.05470,0.26920,-0.05087,0.00,-3.00,0.00,46.4,119.63,634.83,256.43,SEARCH_Y
11.2702,1.5547,-0.1993,-0.2776,-0.06670,0.26620,-0.05787,0.00,-3.00,0.00,46.4,119.60,634.83,256.43,SEARCH_Y
11.2803,1.8447,0.2106,-0.8876,-0.05570,0.24920,-0.04987,0.00,-3.00,0.00,46.4,119.57,634.82,256.43,SEARCH_Y
11.2904,1.6647,-0.1393,-0.5376,-0.05370,0.26120,-0.05287,0.00,-3.00,0.00,46.4,119.54,634.82,256.43,SEARCH_Y
11.3005,1.4647,0.2906,-0.8276,-0.05170,0.26920,-0.04887,0.00,-3.00,0.00,46.4,119.51,634.82,256.43,SEARCH_Y
11.3106,1.5147,0.2106,-0.5376,-0.04870,0.27420,-0.05287,0.00,-3.00,0.00,46.4,119.48,634.82,256.43,SEARCH_Y
11.3208,1.6147,-0.2593,-0.6576,-0.05470,0.26520,-0.05987,0.00,-3.00,0.00,46.4,119.45,634.82,256.43,SEARCH_Y
11.3309,1.7147,0.1606,-0.9476,-0.06270,0.25420,-0.05087,0.00,-3.00,0.00,46.4,119.42,634.82,256.43,SEARCH_Y
11.3410,1.3847,-0.0593,-0.2676,-0.05570,0.28020,-0.05287,0.00,-3.00,0.00,46.5,119.39,634.82,256.43,SEARCH_Y
11.3511,1.7047,0.2406,-0.9276,-0.03670,0.26720,-0.05187,0.00,-3.00,0.00,46.5,119.36,634.82,256.43,SEARCH_Y
11.3613,1.6547,0.1806,-0.8776,-0.06870,0.25720,-0.05287,0.00,-3.00,0.00,46.5,119.33,634.82,256.43,SEARCH_Y
11.3714,1.5347,0.0406,-0.5676,-0.05670,0.26820,-0.05387,0.00,-3.00,0.00,46.5,119.30,634.82,256.43,SEARCH_Y
11.3815,1.5047,0.1306,-0.7876,-0.05170,0.26920,-0.05287,0.00,-3.00,0.00,46.5,119.27,634.82,256.43,SEARCH_Y
11.3917,1.7347,0.2106,-0.7976,-0.05270,0.26520,-0.05187,0.00,-3.00,0.00,46.5,119.23,634.81,256.43,SEARCH_Y
11.4018,1.6047,0.0206,-0.8076,-0.04170,0.26620,-0.04887,0.00,-3.00,0.00,46.5,119.21,634.81,256.43,SEARCH_Y
11.4119,1.6947,-0.0093,-0.8676,-0.05370,0.25520,-0.05787,0.00,-3.00,0.00,46.5,119.17,634.81,256.43,SEARCH_Y
11.4220,1.5847,0.2006,-0.7376,-0.05670,0.26020,-0.05287,0.00,-3.00,0.00,46.5,119.15,634.81,256.43,SEARCH_Y
11.4321,1.4647,0.2406,-0.9576,-0.07270,0.25320,-0.05087,0.00,-3.00,0.00,46.5,119.11,634.81,256.43,SEARCH_Y
11.4422,1.6447,0.3506,-0.9576,-0.04870,0.26420,-0.04887,0.00,-3.00,0.00,46.5,119.09,634.81,256.43,SEARCH_Y
11.4524,1.3747,0.6506,-1.0276,-0.09070,0.27120,-0.04987,0.00,-3.00,0.00,46.5,119.05,634.81,256.43,SEARCH_Y
11.4625,1.4747,0.1806,-0.7576,-0.09570,0.25820,-0.04587,0.00,-3.00,0.00,46.5,119.03,634.81,256.43,SEARCH_Y
11.4726,1.6247,0.3106,-0.3676,-0.09170,0.26620,-0.04987,0.00,-3.00,0.00,46.5,118.99,634.81,256.43,SEARCH_Y
11.4827,1.2847,0.5406,-0.6376,-0.07970,0.28220,-0.04587,0.00,-3.00,0.00,46.5,118.97,634.81,256.43,SEARCH_Y
11.4928,1.5247,0.3606,-0.6976,-0.07170,0.27520,-0.05087,0.00,-3.00,0.00,46.5,118.93,634.81,256.43,SEARCH_Y
11.5029,1.5047,0.5206,-0.7276,-0.09570,0.26620,-0.04887,0.00,-3.00,0.00,46.5,118.91,634.80,256.43,SEARCH_Y
11.5131,1.7247,0.3206,-0.6576,-0.09670,0.26420,-0.04487,0.00,-3.00,0.00,46.5,118.87,634.80,256.43,SEARCH_Y
11.5232,1.6347,0.5906,-0.5076,-0.08770,0.27720,-0.04387,0.00,-3.00,0.00,46.5,118.83,634.80,256.43,SEARCH_Y
11.5333,1.5747,0.5706,-0.7876,-0.11970,0.26120,-0.04087,0.00,-3.00,0.00,46.5,118.81,634.80,256.43,SEARCH_Y
11.5434,1.5947,0.5406,-0.7976,-0.09670,0.27120,-0.04087,0.00,-3.00,0.00,46.5,118.79,634.80,256.43,SEARCH_Y
11.5536,1.3447,0.6006,-0.3376,-0.13770,0.27520,-0.04087,0.00,-3.00,0.00,46.5,118.75,634.80,256.43,SEARCH_Y
11.5637,1.4347,0.5406,-0.6976,-0.13570,0.26620,-0.04187,0.00,-3.00,0.00,46.5,118.71,634.80,256.43,SEARCH_Y
11.5738,1.8047,0.5506,-0.2276,-0.11870,0.28620,-0.04287,0.00,-3.00,0.00,46.6,118.69,634.80,256.43,SEARCH_Y
11.5839,1.7347,1.1006,-0.7576,-0.14070,0.27320,-0.03387,0.00,-3.00,0.00,46.6,118.65,634.80,256.43,SEARCH_Y
11.5940,1.5547,1.0406,-0.9576,-0.16070,0.26720,-0.03587,0.00,-3.00,0.00,46.6,118.63,634.80,256.43,SEARCH_Y
11.6042,1.5447,0.7806,-0.5476,-0.14770,0.28420,-0.03787,0.00,-3.00,0.00,46.6,118.59,634.80,256.42,SEARCH_Y
11.6142,1.4947,1.0906,-0.6676,-0.18270,0.26520,-0.03487,0.00,-3.00,0.00,46.6,118.57,634.80,256.42,SEARCH_Y
11.6244,1.5947,1.0906,-0.7876,-0.17770,0.26220,-0.03487,0.00,-3.00,0.00,46.6,118.53,634.79,256.42,SEARCH_Y
11.6345,1.6247,0.8506,-0.5676,-0.17070,0.27420,-0.03587,0.00,-3.00,0.00,46.6,118.51,634.79,256.42,SEARCH_Y
11.6446,1.5547,0.8206,-0.4376,-0.16170,0.29120,-0.03487,0.00,-3.00,0.00,46.6,118.47,634.79,256.42,SEARCH_Y
11.6547,1.4647,0.8206,-0.1776,-0.18270,0.29520,-0.03387,0.00,-3.00,0.00,46.6,118.45,634.79,256.42,SEARCH_Y
11.6648,1.6847,0.9306,-0.7076,-0.19070,0.27620,-0.03187,0.00,-3.00,0.00,46.6,118.41,634.79,256.42,SEARCH_Y
11.6749,1.4947,0.9306,-0.4076,-0.20370,0.28820,-0.03287,0.00,-3.00,0.00,46.6,118.39,634.79,256.42,SEARCH_Y
11.6851,1.7947,1.4506,-0.7576,-0.21070,0.26420,-0.02787,0.00,-3.00,0.00,46.6,118.35,634.79,256.42,SEARCH_Y
11.6952,1.6247,1.3406,-0.7076,-0.23570,0.27120,-0.02587,0.00,-3.00,0.00,46.6,118.33,634.79,256.42,SEARCH_Y
11.7053,1.6947,1.3906,-0.5176,-0.22770,0.28720,-0.03087,0.00,-3.00,0.00,46.6,118.29,634.79,256.42,SEARCH_Y
11.7154,1.7247,1.1706,-0.4376,-0.22970,0.29020,-0.02987,0.00,-3.00,0.00,46.6,118.27,634.79,256.42,SEARCH_Y
11.7255,1.7347,1.5906,-0.6776,-0.22370,0.28120,-0.02187,0.00,-3.00,0.00,46.6,118.23,634.79,256.42,SEARCH_Y
11.7356,1.6747,1.2806,-0.6876,-0.23870,0.27520,-0.02887,0.00,-3.00,0.00,46.6,118.21,634.78,256.42,SEARCH_Y
11.7457,1.7047,0.9706,-0.2876,-0.23870,0.29520,-0.02887,0.00,-3.00,0.00,46.6,118.17,634.78,256.42,SEARCH_Y
11.7558,1.4947,1.3706,-0.3776,-0.25170,0.29320,-0.02287,0.00,-3.00,0.00,46.6,118.14,634.78,256.42,SEARCH_Y
11.7659,1.7247,1.0106,-0.4176,-0.24670,0.28720,-0.02587,0.00,-3.00,0.00,46.6,118.11,634.78,256.42,SEARCH_Y
11.7760,1.7247,1.3906,-0.7876,-0.25170,0.28920,-0.02087,0.00,-3.00,0.00,46.6,118.08,634.78,256.42,SEARCH_Y
11.7862,1.5347,1.5806,-0.7976,-0.27370,0.28720,-0.02487,0.00,-3.00,0.00,46.7,118.05,634.78,256.42,SEARCH_Y
11.7962,1.8047,1.5906,-0.9076,-0.27270,0.28820,-0.02187,0.00,-3.00,0.00,46.7,118.02,634.78,256.42,SEARCH_Y
11.8064,1.8147,1.1206,-0.1276,-0.27270,0.30220,-0.01787,0.00,-3.00,0.00,46.7,117.99,634.78,256.42,SEARCH_Y
11.8165,1.6847,1.4206,-0.4276,-0.27670,0.29520,-0.01987,0.00,-3.00,0.00,46.7,117.96,634.78,256.42,SEARCH_Y
11.8266,1.5347,2.2006,-1.0576,-0.29170,0.29520,-0.01587,0.00,-3.00,0.00,46.7,117.93,634.78,256.42,SEARCH_Y
11.8367,1.6047,1.9606,-0.7676,-0.30070,0.30220,-0.01587,0.00,-3.00,0.00,46.7,117.89,634.78,256.42,SEARCH_Y
11.8468,1.6947,1.7306,-0.5676,-0.31170,0.29220,-0.01487,0.00,-3.00,0.00,46.7,117.87,634.77,256.42,SEARCH_Y
11.8569,1.6947,1.4806,-0.4576,-0.30870,0.29920,-0.01587,0.00,-3.00,0.00,46.7,117.83,634.77,256.42,SEARCH_Y
11.8670,1.8247,1.7206,-0.1876,-0.29770,0.31420,-0.01387,0.00,-3.00,0.00,46.7,117.81,634.77,256.42,SEARCH_Y
11.8771,1.8247,1.6906,-0.5676,-0.30770,0.29320,-0.01287,0.00,-3.00,0.00,46.7,117.77,634.77,256.42,SEARCH_Y
11.8873,2.1247,1.8106,-0.7676,-0.31670,0.28420,-0.01587,0.00,-3.00,0.00,46.7,117.75,634.77,256.42,SEARCH_Y
11.8974,1.7247,1.8106,-0.2776,-0.32770,0.29920,-0.01687,0.00,-3.00,0.00,46.7,117.71,634.77,256.42,SEARCH_Y
11.9075,1.6047,2.3106,-0.8676,-0.35470,0.28420,-0.01187,0.00,-3.00,0.00,46.7,117.69,634.77,256.42,SEARCH_Y
11.9176,1.6647,1.8406,-0.7576,-0.36770,0.29020,-0.01187,0.00,-3.00,0.00,46.7,117.65,634.77,256.42,SEARCH_Y
11.9277,1.8747,1.5806,-0.1976,-0.34770,0.30220,-0.01487,0.00,-3.00,0.00,46.7,117.62,634.77,256.42,SEARCH_Y
11.9378,1.6747,2.1106,-0.4476,-0.35470,0.29520,-0.00487,0.00,-3.00,0.00,46.7,117.59,634.77,256.42,SEARCH_Y
11.9480,1.6847,1.9506,-0.4676,-0.35270,0.30920,-0.01087,0.00,-3.00,0.00,46.7,117.56,634.77,256.42,SEARCH_Y
11.9581,1.8747,2.2006,-0.8276,-0.35870,0.29620,-0.01087,0.00,-3.00,0.00,46.7,117.53,634.77,256.42,SEARCH_Y
11.9682,1.6947,2.2806,-0.7076,-0.36470,0.30320,-0.00887,0.00,-3.00,0.00,46.7,117.50,634.76,256.42,SEARCH_Y
11.9783,1.7147,2.3306,-0.9276,-0.36570,0.30320,-0.00887,0.00,-3.00,0.00,46.7,117.47,634.76,256.42,SEARCH_Y
11.9884,1.7847,2.3406,-0.9376,-0.38870,0.28920,-0.00487,0.00,-3.00,0.00,46.8,117.44,634.76,256.42,SEARCH_Y
11.9985,1.7647,2.1606,-0.3976,-0.38670,0.31220,-0.00687,0.00,-3.00,0.00,46.8,117.41,634.76,256.42,SEARCH_Y
12.0086,1.8847,1.7006,-0.1476,-0.37870,0.32320,-0.01287,0.00,-3.00,0.00,46.8,117.38,634.76,256.42,SEARCH_Y
12.0188,1.8047,2.3506,-0.7676,-0.38670,0.31820,-0.01087,0.00,-3.00,0.00,46.8,117.35,634.76,256.42,SEARCH_Y
12.0289,1.8647,2.3306,-0.7176,-0.38670,0.31420,-0.00587,0.00,-3.00,0.00,46.8,117.32,634.76,256.42,SEARCH_Y
12.0390,1.8947,2.0006,-0.5776,-0.39970,0.31720,-0.00887,0.00,-3.00,0.00,46.8,117.29,634.76,256.42,SEARCH_Y
12.0491,1.8347,2.2206,-0.5476,-0.41170,0.31420,-0.00787,0.00,-3.00,0.00,46.8,117.26,634.76,256.42,SEARCH_Y
12.0592,1.9247,2.3106,-0.7276,-0.39370,0.32220,-0.00687,0.00,-3.00,0.00,46.8,117.23,634.76,256.42,SEARCH_Y
12.0693,1.9447,2.1706,-0.6476,-0.39370,0.33520,-0.01187,0.00,-3.00,0.00,46.8,117.20,634.76,256.42,SEARCH_Y
12.0794,1.8647,2.1406,-0.5876,-0.42170,0.32120,-0.01087,0.00,-3.00,0.00,46.8,117.17,634.75,256.42,SEARCH_Y
12.0896,1.9747,2.3206,-0.6376,-0.41170,0.33220,-0.00687,0.00,-3.00,0.00,46.8,117.14,634.75,256.42,SEARCH_Y
12.0997,1.8247,2.3506,-0.7976,-0.42970,0.31920,-0.01087,0.00,-3.00,0.00,46.8,117.10,634.75,256.42,SEARCH_Y
12.1098,2.0547,2.1506,-0.8976,-0.41170,0.32720,-0.00987,0.00,-3.00,0.00,46.8,117.08,634.75,256.42,SEARCH_Y
12.1199,2.1547,2.3906,-0.7376,-0.41170,0.32920,-0.00887,0.00,-3.00,0.00,46.8,117.04,634.75,256.42,SEARCH_Y
12.1300,2.1947,2.4306,-0.8376,-0.41270,0.33420,-0.00987,0.00,-3.00,0.00,46.8,117.02,634.75,256.42,SEARCH_Y
12.1401,1.9947,2.6806,-0.7776,-0.42170,0.33620,-0.00887,0.00,-3.00,0.00,46.8,116.98,634.75,256.42,SEARCH_Y
12.1503,2.0247,2.8106,-1.0776,-0.43970,0.33020,-0.01187,0.00,-3.00,0.00,46.8,116.96,634.75,256.42,SEARCH_Y
12.1604,2.0347,2.5206,-0.6976,-0.44570,0.34420,-0.00987,0.00,-3.00,0.00,46.8,116.92,634.75,256.42,SEARCH_Y
12.1705,2.1247,2.5206,-0.6976,-0.43870,0.34620,-0.00987,0.00,-3.00,0.00,46.9,116.90,634.75,256.42,SEARCH_Y
12.1806,1.9947,2.0706,-0.2976,-0.43470,0.36420,-0.01087,0.00,-3.00,0.00,46.9,116.86,634.75,256.42,SEARCH_Y
12.1908,1.9747,2.4506,-0.7676,-0.44870,0.34620,-0.00787,0.00,-3.00,0.00,46.9,116.84,634.74,256.42,SEARCH_Y
12.2009,2.1447,2.6006,-0.8076,-0.44770,0.34820,-0.01387,0.00,-3.00,0.00,46.9,116.80,634.74,256.42,SEARCH_Y
12.2110,2.3147,2.6306,-0.7576,-0.44370,0.35520,-0.00987,0.00,-3.00,0.00,46.9,116.78,634.74,256.42,SEARCH_Y
12.2211,2.2047,2.5806,-0.6676,-0.45170,0.35720,-0.01587,0.00,-3.00,0.00,46.9,116.74,634.74,256.42,SEARCH_Y
12.2312,2.1347,2.8206,-0.7376,-0.45070,0.35620,-0.00587,0.00,-3.00,0.00,46.9,116.71,634.74,256.42,SEARCH_Y
12.2413,2.1947,2.4406,-0.7276,-0.45570,0.35420,-0.00887,0.00,-3.00,0.00,46.9,116.68,634.74,256.42,SEARCH_Y
12.2515,2.1247,2.6106,-0.6776,-0.47770,0.35920,-0.01287,0.00,-3.00,0.00,46.9,116.65,634.74,256.42,SEARCH_Y
12.2616,2.0347,2.4806,-0.6776,-0.47170,0.36720,-0.01087,0.00,-3.00,0.00,46.9,116.62,634.74,256.42,SEARCH_Y
12.2717,2.0547,2.6506,-0.6076,-0.46870,0.37920,-0.00887,0.00,-3.00,0.00,46.9,116.58,634.74,256.42,SEARCH_Y
12.2818,2.2547,2.8706,-1.0776,-0.47270,0.36420,-0.00787,0.00,-3.00,0.00,46.9,116.56,634.74,256.42,SEARCH_Y
12.2919,2.1447,2.7306,-0.7376,-0.48570,0.36320,-0.01187,0.00,-3.00,0.00,46.9,116.52,634.74,256.41,SEARCH_Z
12.3020,2.4047,2.4906,-0.2776,-0.48070,0.38020,-0.00887,0.00,0.00,3.00,46.9,116.50,634.74,256.41,SEARCH_Z
12.3121,2.1747,2.9706,-0.8976,-0.48870,0.37220,-0.00987,0.00,0.00,3.00,46.9,116.46,634.74,256.41,SEARCH_Z
12.3222,2.2347,2.6306,-0.6976,-0.49870,0.37020,-0.00887,0.00,0.00,3.00,46.9,116.44,634.74,256.41,SEARCH_Z
12.3323,2.0047,3.0606,-0.8176,-0.50470,0.38020,-0.00587,0.00,0.00,3.00,46.9,116.41,634.74,256.41,SEARCH_Z
12.3425,2.3447,2.9406,-0.8176,-0.51370,0.36320,-0.00587,0.00,0.00,3.00,47.0,116.39,634.75,256.41,SEARCH_Z
12.3526,2.4247,2.9806,-1.1276,-0.47870,0.38820,-0.00787,0.00,0.00,3.00,47.0,116.37,634.76,256.42,SEARCH_Z
12.3627,2.2547,2.7306,-0.5976,-0.48570,0.39720,-0.00787,0.00,0.00,3.00,47.0,116.36,634.77,256.42,SEARCH_Z
12.3728,2.2247,2.7906,-0.7476,-0.49170,0.39720,-0.01087,0.00,0.00,3.00,47.0,116.34,634.79,256.42,SEARCH_Z
12.3829,2.2747,2.9906,-0.8276,-0.49170,0.40220,-0.00887,0.00,0.00,3.00,47.0,116.33,634.80,256.42,SEARCH_Z
12.3931,2.1647,2.9006,-0.7876,-0.49870,0.39620,-0.00887,0.00,0.00,3.00,47.0,116.32,634.83,256.42,SEARCH_Z
12.4032,2.4147,2.5106,-0.6276,-0.49570,0.39520,-0.00787,0.00,0.00,3.00,47.0,116.31,634.85,256.42,SEARCH_Z
12.4133,2.2247,2.8106,-0.6476,-0.50470,0.40120,-0.00487,0.00,0.00,3.00,47.0,116.31,634.88,256.42,SEARCH_Z
12.4235,2.3047,2.7006,-0.6576,-0.49270,0.40820,-0.00887,0.00,0.00,3.00,47.0,116.30,634.90,256.42,SEARCH_Z
12.4336,2.3147,2.8206,-0.6876,-0.50470,0.40920,-0.01287,0.00,0.00,3.00,47.0,116.30,634.94,256.42,SEARCH_Z
12.4437,2.3647,2.6206,-0.5076,-0.48570,0.42020,-0.00987,0.00,0.00,3.00,47.0,116.30,634.96,256.42,SEARCH_Z
12.4538,2.2447,2.8506,-1.0676,-0.49570,0.40520,-0.00887,0.00,0.00,3.00,47.0,116.30,635.00,256.42,SEARCH_Z
12.4639,2.3147,3.0306,-1.1276,-0.50970,0.38920,-0.00787,0.00,0.00,3.00,47.0,116.30,635.03,256.42,SEARCH_Z
12.4741,2.2847,2.7506,-0.9876,-0.49170,0.41020,-0.00987,0.00,0.00,3.00,47.0,116.30,635.06,256.43,SEARCH_Z
12.4842,2.2247,2.8706,-0.9176,-0.51470,0.39820,-0.01087,0.00,0.00,3.00,47.0,116.30,635.09,256.43,SEARCH_Z
12.4943,2.6047,2.3506,-1.0776,-0.48770,0.39020,-0.00987,0.00,0.00,3.00,47.0,116.30,635.12,256.43,SEARCH_Z
12.5044,2.4047,2.7306,-1.4176,-0.50370,0.37420,-0.00787,0.00,0.00,3.00,47.0,116.30,635.15,256.43,SEARCH_Z
12.5145,2.4647,2.6406,-1.4176,-0.48870,0.38020,-0.01087,0.00,0.00,3.00,47.0,116.29,635.18,256.43,SEARCH_Z
12.5246,2.3147,2.3406,-0.9576,-0.48970,0.39420,-0.01187,0.00,0.00,3.00,47.0,116.29,635.21,256.43,SEARCH_Z
12.5347,2.5147,2.7006,-1.3676,-0.46570,0.40320,-0.01187,0.00,0.00,3.00,47.0,116.29,635.24,256.43,SEARCH_Z
12.5448,2.3747,2.4006,-1.2476,-0.46970,0.41020,-0.01487,0.00,0.00,3.00,47.0,116.29,635.27,256.43,SEARCH_Z
12.5549,2.4747,2.4206,-1.4776,-0.46770,0.41220,-0.00987,0.00,0.00,3.00,47.0,116.29,635.30,256.43,SEARCH_Z
12.5650,2.6647,2.4106,-1.2376,-0.48370,0.41920,-0.00987,0.00,0.00,3.00,47.0,116.29,635.33,256.44,SEARCH_Z
12.5751,2.6947,2.5606,-1.4376,-0.45970,0.43620,-0.01487,0.00,0.00,3.00,47.0,116.29,635.36,256.44,SEARCH_Z
12.5853,2.5147,2.3006,-1.5676,-0.48270,0.42320,-0.01287,0.00,0.00,3.00,47.0,116.29,635.39,256.44,SEARCH_Z
12.5954,2.7547,2.6306,-1.7776,-0.46370,0.44020,-0.01087,0.00,0.00,3.00,47.0,116.29,635.42,256.44,SEARCH_Z
12.6055,2.5947,2.5206,-1.6676,-0.47170,0.44720,-0.01287,0.00,0.00,3.00,47.0,116.28,635.45,256.44,SEARCH_Z
12.6156,2.6047,2.2806,-1.7676,-0.45270,0.45520,-0.01387,0.00,0.00,3.00,47.0,116.28,635.48,256.44,SEARCH_Z
12.6257,2.8847,2.2806,-1.7376,-0.44870,0.45720,-0.01487,0.00,0.00,3.00,47.0,116.28,635.51,256.44,SEARCH_Z
12.6358,2.5947,2.4006,-1.9676,-0.49170,0.45120,-0.01587,0.00,0.00,3.00,47.0,116.28,635.55,256.44,SEARCH_Z
12.6459,2.6247,2.7506,-2.1576,-0.49470,0.45920,-0.01387,0.00,0.00,3.00,47.0,116.28,635.57,256.44,SEARCH_Z
12.6561,2.9447,2.1606,-1.9076,-0.41170,0.48920,0.01212,0.00,0.00,3.00,47.0,116.28,635.61,256.45,SEARCH_Z
12.6662,3.2247,-0.2993,-1.5876,-0.07970,0.51820,0.04312,0.00,0.00,3.00,47.0,116.28,635.63,256.45,SEARCH_Z
12.6763,2.6647,0.0406,-2.0076,-0.14070,0.51020,-0.01087,0.00,0.00,3.00,47.0,116.28,635.67,256.45,SEARCH_Z
12.6864,3.1547,0.6906,-2.0776,-0.22770,0.51420,0.04212,0.00,0.00,3.00,47.0,116.27,635.69,256.45,SEARCH_Z
12.6965,3.1547,-0.3393,-1.6776,-0.13970,0.53820,0.02512,0.00,0.00,3.00,47.0,116.27,635.73,256.45,SEARCH_Z
12.7066,3.0747,-0.3393,-1.7476,-0.07370,0.53620,-0.01287,0.00,0.00,3.00,47.0,116.27,635.75,256.45,SEARCH_Z
12.7167,2.7647,0.2806,-2.4576,-0.14470,0.51820,0.03912,0.00,0.00,3.00,47.0,116.27,635.79,256.45,SEARCH_Z
12.7268,2.9947,-0.1993,-2.2076,-0.09370,0.52720,0.03412,0.00,0.00,3.00,47.0,116.27,635.81,256.45,SEARCH_Z
12.7369,3.0647,-0.4393,-2.1576,-0.05670,0.52520,0.00112,0.00,0.00,3.00,47.0,116.27,635.85,256.45,SEARCH_Z
12.7470,2.7147,-0.1693,-2.2976,-0.07670,0.50720,0.04112,0.00,0.00,3.00,47.0,116.27,635.87,256.46,SEARCH_Z
12.7571,2.8947,0.4906,-2.1276,-0.11570,0.50520,0.03412,0.00,0.00,3.00,47.0,116.27,635.91,256.46,SEARCH_Z
12.7672,2.9647,0.0106,-2.3576,-0.08170,0.49320,0.02912,0.00,0.00,3.00,47.0,116.27,635.93,256.46,SEARCH_Z
12.7773,2.7947,-0.1093,-2.4076,-0.06570,0.50620,0.03712,0.00,0.00,3.00,47.0,116.26,635.97,256.46,SEARCH_Z
12.7874,2.9447,-0.1493,-1.9076,-0.09270,0.51720,0.02112,0.00,0.00,3.00,47.0,116.26,635.99,256.46,SEARCH_Z
12.7976,3.0447,-0.0693,-2.1176,-0.09270,0.52420,0.02412,0.00,0.00,3.00,47.0,116.26,636.03,256.46,SEARCH_Z
12.8077,2.9947,-0.2593,-1.7076,-0.12070,0.52220,0.01712,0.00,0.00,3.00,47.0,116.26,636.07,256.46,SEARCH_Z
12.8179,2.9547,0.0006,-2.1076,-0.09470,0.53320,0.02512,0.00,0.00,3.00,47.0,116.26,636.09,256.46,SEARCH_Z
12.8280,3.0647,0.0906,-2.1976,-0.09770,0.52620,0.02112,0.00,0.00,3.00,47.0,116.26,636.13,256.46,SEARCH_Z
12.8381,2.9347,0.0206,-2.4076,-0.12270,0.52120,0.02212,0.00,0.00,3.00,47.0,116.26,636.15,256.47,SEARCH_Z
12.8482,2.9747,0.3306,-2.4376,-0.12070,0.51720,0.02312,0.00,0.00,3.00,47.0,116.26,636.19,256.47,SEARCH_Z
12.8583,2.9547,-0.0193,-2.4476,-0.11870,0.52420,0.01712,0.00,0.00,3.00,47.0,116.26,636.21,256.47,SEARCH_Z
12.8684,3.1147,-0.1193,-2.6576,-0.08170,0.51620,0.01812,0.00,0.00,3.00,47.0,116.25,636.25,256.47,SEARCH_Z
12.8785,3.0447,-0.0793,-2.1676,-0.08270,0.53220,0.02112,0.00,0.00,3.00,47.0,116.25,636.27,256.47,SEARCH_Z
12.8886,2.9747,0.1806,-2.2176,-0.10870,0.53420,0.02112,0.00,0.00,3.00,47.0,116.25,636.31,256.47,SEARCH_Z
12.8987,3.1747,0.2506,-2.2476,-0.10470,0.53820,0.02612,0.00,0.00,3.00,47.0,116.25,636.33,256.47,SEARCH_Z
12.9088,3.0847,0.1806,-2.5576,-0.13270,0.52020,0.02012,0.00,0.00,3.00,47.0,116.25,636.37,256.47,SEARCH_Z
12.9189,2.8747,0.0806,-2.4776,-0.13570,0.53020,0.01312,0.00,0.00,3.00,47.0,116.25,636.39,256.47,SEARCH_Z
12.9291,3.0447,0.1606,-2.3276,-0.12570,0.53520,0.02112,0.00,0.00,3.00,47.0,116.25,636.43,256.48,SEARCH_Z
12.9392,2.9147,0.0406,-2.1276,-0.16370,0.52920,0.01412,0.00,0.00,3.00,47.0,116.25,636.45,256.48,SEARCH_Z
12.9493,3.1447,0.4006,-2.7176,-0.14970,0.53920,0.01512,0.00,0.00,3.00,47.0,116.24,636.49,256.48,SEARCH_Z
12.9594,3.0247,-0.0193,-2.2976,-0.13270,0.55420,0.01712,0.00,0.00,3.00,47.0,116.24,636.51,256.48,SEARCH_Z
12.9695,3.0647,0.2606,-2.6676,-0.12070,0.54720,0.01812,0.00,0.00,3.00,47.0,116.24,636.55,256.48,SEARCH_Z
12.9796,3.1747,0.0406,-2.5276,-0.11470,0.55820,0.01512,0.00,0.00,3.00,47.0,116.24,636.57,256.48,SEARCH_Z
12.9897,3.2747,0.0606,-2.5176,-0.11070,0.55320,0.01412,0.00,0.00,3.00,47.0,116.24,636.61,256.48,SEARCH_Z
12.9998,3.0547,0.2006,-2.1676,-0.12170,0.54920,0.01812,0.00,0.00,3.00,47.0,116.24,636.64,256.48,SEARCH_Z
13.0099,2.9847,-0.0093,-1.1576,-0.02570,0.51920,0.05112,0.00,0.00,3.00,47.0,116.24,636.67,256.48,SEARCH_Z
13.0200,2.0947,-0.4293,0.3423,-0.01470,0.52220,0.04112,0.00,0.00,3.00,47.0,116.24,636.70,256.49,SEARCH_Z
13.0302,2.9447,0.1206,-0.2976,-0.02770,0.51520,0.03612,0.00,0.00,3.00,47.0,116.24,636.73,256.49,SEARCH_Z
13.0403,2.5447,-0.1193,0.0823,-0.02470,0.47820,0.05012,0.00,0.00,3.00,47.0,116.23,636.76,256.49,SEARCH_Z
13.0504,2.7047,-0.0793,0.0223,-0.01970,0.50920,0.03112,0.00,0.00,3.00,47.0,116.23,636.79,256.49,SEARCH_Z
13.0605,2.5547,0.5706,-0.3876,-0.02270,0.50520,0.04812,0.00,0.00,3.00,47.0,116.23,636.82,256.49,SEARCH_Z
13.0706,2.6947,0.1506,-0.1276,-0.01570,0.50520,0.04612,0.00,0.00,3.00,47.0,116.23,636.85,256.49,SEARCH_Z
13.0807,2.6947,0.2706,-0.1376,-0.01470,0.51320,0.04012,0.00,0.00,3.00,47.0,116.23,636.88,256.49,SEARCH_Z
13.0908,2.6847,-0.1893,0.0723,0.00829,0.51920,0.05212,0.00,0.00,3.00,47.0,116.23,636.91,256.49,SEARCH_Z
13.1009,2.7547,-0.4293,0.0823,0.03529,0.50820,0.05212,0.00,0.00,3.00,47.0,116.23,636.94,256.49,SEARCH_Z
13.1110,2.5147,0.0306,-0.4076,0.01529,0.48520,0.04812,0.00,0.00,3.00,47.0,116.23,636.97,256.50,SEARCH_Z
13.1211,2.3947,0.0806,-0.1876,0.00629,0.50320,0.05712,0.00,0.00,3.00,47.0,116.23,637.00,256.50,SEARCH_Z
13.1312,2.8247,0.0006,0.0423,0.00829,0.49120,0.05212,0.00,0.00,3.00,47.0,116.22,637.03,256.50,SEARCH_Z
13.1413,2.7347,-0.4093,0.2523,0.01329,0.49220,0.04412,0.00,0.00,3.00,47.0,116.22,637.06,256.50,SEARCH_Z
13.1515,2.3947,0.2006,-0.0176,-0.01070,0.49520,0.05012,0.00,0.00,3.00,47.0,116.22,637.09,256.50,SEARCH_Z
13.1616,2.5947,0.1706,-0.2076,-0.02870,0.48620,0.05412,0.00,0.00,3.00,47.0,116.22,637.12,256.50,SEARCH_Z
13.1717,2.6247,0.1206,-0.2876,-0.01170,0.48820,0.05012,0.00,0.00,3.00,47.0,116.22,637.16,256.50,SEARCH_Z
13.1818,2.7347,0.1106,-0.0476,0.00129,0.50520,0.04612,0.00,0.00,3.00,47.0,116.22,637.18,256.50,SEARCH_Z
13.1919,2.6447,0.1806,-0.5376,-0.01370,0.48920,0.05012,0.00,0.00,3.00,47.0,116.22,637.22,256.50,SEARCH_Z
13.2021,2.5547,0.3006,-0.1076,-0.01170,0.48920,0.04812,0.00,0.00,3.00,47.0,116.22,637.24,256.51,SEARCH_Z
13.2122,2.5647,-0.0093,-0.0376,0.01229,0.49820,0.04912,0.00,0.00,3.00,47.0,116.21,637.28,256.51,SEARCH_Z
13.2223,2.6147,-0.1593,-0.0476,0.01729,0.49420,0.04812,0.00,0.00,3.00,47.0,116.21,637.30,256.51,SEARCH_Z
13.2324,2.5747,-0.2493,0.1823,-0.00570,0.47920,0.04712,0.00,0.00,3.00,47.0,116.21,637.34,256.51,SEARCH_Z
13.2425,2.5747,0.0206,0.2423,0.00629,0.49520,0.05112,0.00,0.00,3.00,47.0,116.21,637.36,256.51,SEARCH_Z
13.2527,2.7047,-0.0193,-0.2576,-0.00270,0.47720,0.04912,0.00,0.00,3.00,47.0,116.21,637.40,256.51,SEARCH_Z
13.2628,2.5947,-0.0993,0.1423,-0.00070,0.48620,0.04712,0.00,0.00,3.00,47.1,116.21,637.42,256.51,SEARCH_Z
13.2729,2.6547,-0.0193,0.0823,0.01629,0.49120,0.05212,0.00,0.00,3.00,47.1,116.21,637.46,256.51,SEARCH_Z
13.2830,2.6747,0.0906,-0.2076,0.00029,0.47120,0.05012,0.00,0.00,3.00,47.1,116.21,637.48,256.51,SEARCH_Z
13.2931,2.5147,-0.0893,0.1023,0.00729,0.49320,0.05012,0.00,0.00,3.00,47.1,116.21,637.52,256.52,SEARCH_Z
13.3032,2.4747,-0.1193,0.0223,0.02029,0.49920,0.04812,0.00,0.00,3.00,47.1,116.20,637.54,256.52,SEARCH_Z
13.3133,2.7147,-0.1493,0.0223,0.02429,0.48720,0.04812,0.00,0.00,3.00,47.1,116.20,637.58,256.52,SEARCH_Z
13.3234,2.5447,0.3406,-0.1776,0.01429,0.48920,0.05112,0.00,0.00,3.00,47.1,116.20,637.61,256.52,SEARCH_Z
13.3335,2.6247,-0.2893,0.2723,0.00529,0.48620,0.04712,0.00,0.00,3.00,47.1,116.20,637.64,256.52,SEARCH_Z
13.3436,2.6647,-0.3293,0.3523,0.01729,0.49120,0.04412,0.00,0.00,3.00,47.1,116.20,637.66,256.52,SEARCH_Z
13.3537,2.4947,-0.2393,0.2823,0.01329,0.49920,0.04612,0.00,0.00,3.00,47.1,116.20,637.70,256.52,SEARCH_Z
13.3639,2.5047,0.2006,-0.2176,0.01629,0.48420,0.04912,0.00,0.00,3.00,47.1,116.20,637.73,256.52,SEARCH_Z
13.3740,2.3547,-0.3993,0.3723,0.01929,0.49820,0.04912,0.00,0.00,3.00,47.1,116.20,637.76,256.52,SEARCH_Z
13.3841,2.4847,-0.3693,0.1423,0.01229,0.48320,0.04812,0.00,0.00,3.00,47.1,116.20,637.79,256.53,SEARCH_Z
13.3942,2.4847,-0.0893,-0.0276,0.01129,0.49520,0.04912,0.00,0.00,3.00,47.1,116.19,637.82,256.53,SEARCH_Z
13.4043,2.7347,-0.2093,0.1623,0.02329,0.49520,0.05112,0.00,0.00,3.00,47.1,116.19,637.85,256.53,SEARCH_Z
13.4144,2.4847,-0.1293,-0.0276,0.00029,0.48620,0.04612,0.00,0.00,3.00,47.1,116.19,637.88,256.53,SEARCH_Z
13.4245,2.7447,-0.2393,-0.1676,0.01429,0.49120,0.04512,0.00,0.00,3.00,47.1,116.19,637.91,256.53,SEARCH_Z
13.4347,2.5647,0.2706,-0.2576,0.00229,0.48820,0.05112,0.00,0.00,3.00,47.1,116.19,637.94,256.53,SEARCH_Z
13.4448,2.4547,-0.4693,0.1823,0.02629,0.49820,0.04712,0.00,0.00,3.00,47.1,116.19,637.97,256.53,SEARCH_Z
13.4549,2.8447,-0.0593,0.0023,0.03329,0.50020,0.04912,0.00,0.00,3.00,47.1,116.19,638.00,256.53,SEARCH_Z
13.4650,2.6447,-0.2493,0.0123,0.01129,0.47920,0.04912,0.00,0.00,3.00,47.1,116.19,638.03,256.53,SEARCH_Z
13.4751,2.6747,0.1206,0.1123,0.01629,0.49920,0.04712,0.00,0.00,3.00,47.1,116.19,638.06,256.53,SEARCH_Z
13.4852,2.3647,0.1206,-0.0976,-0.00570,0.48920,0.05112,0.00,0.00,3.00,47.1,116.18,638.09,256.54,SEARCH_Z
13.4954,2.5647,-0.2393,0.1423,0.02529,0.48920,0.04812,0.00,0.00,3.00,47.1,116.18,638.12,256.54,SEARCH_Z
13.5055,2.7047,0.1406,-0.0976,0.02729,0.48220,0.05112,0.00,0.00,3.00,47.1,116.18,638.15,256.54,SEARCH_Z
13.5156,2.6347,0.0006,0.1323,0.01729,0.48020,0.04612,0.00,0.00,3.00,47.1,116.18,638.18,256.54,SEARCH_Z
13.5257,2.5447,-0.0393,0.1223,0.02029,0.49920,0.05312,0.00,0.00,3.00,47.1,116.18,638.21,256.54,SEARCH_Z
13.5358,2.6947,-0.0993,-0.1276,0.02729,0.49120,0.04512,0.00,0.00,3.00,47.1,116.18,638.25,256.54,SEARCH_Z
13.5459,2.6347,-0.3293,0.1323,0.03229,0.49720,0.04512,0.00,0.00,3.00,47.1,116.18,638.27,256.54,SEARCH_Z
13.5560,2.5647,0.3706,-0.3276,-0.00670,0.47720,0.05212,0.00,0.00,3.00,47.1,116.18,638.31,256.54,SEARCH_Z
13.5661,2.6847,-0.6893,0.2523,0.01729,0.48920,0.04112,0.00,0.00,3.00,47.1,116.18,638.33,256.54,SEARCH_Z
13.5763,2.6447,-0.1393,0.0423,0.02029,0.48620,0.04712,0.00,0.00,3.00,47.1,116.17,638.37,256.55,SEARCH_Z
13.5865,2.6647,-0.1993,0.1123,0.00929,0.48720,0.04612,0.00,0.00,3.00,47.1,116.17,638.39,256.55,SEARCH_Z
13.5966,2.3447,-0.0993,-0.0176,-0.00870,0.47720,0.05012,0.00,0.00,3.00,47.1,116.17,638.43,256.55,SEARCH_Z
13.6067,2.3247,0.2106,-0.0476,-0.00470,0.48220,0.05112,0.00,0.00,3.00,47.1,116.17,638.45,256.55,SEARCH_Z
13.6168,2.5847,-0.2293,0.1423,0.00329,0.48220,0.04612,0.00,0.00,3.00,47.1,116.17,638.49,256.55,SEARCH_Z
13.6269,2.5047,0.0206,-0.0376,0.02529,0.48920,0.05012,0.00,0.00,3.00,47.1,116.17,638.51,256.55,SEARCH_Z
13.6370,2.6147,-0.3193,0.0523,0.01229,0.49020,0.04312,0.00,0.00,3.00,47.1,116.17,638.55,256.55,SEARCH_Z
13.6471,2.7547,-0.0893,-0.0976,0.01229,0.47220,0.04512,0.00,0.00,3.00,47.1,116.17,638.57,256.55,SEARCH_Z
13.6572,2.5247,0.0706,-0.1176,-0.00470,0.47420,0.04812,0.00,0.00,3.00,47.1,116.16,638.61,256.55,SEARCH_Z
13.6673,2.6347,0.2406,-0.3476,0.01929,0.47420,0.04912,0.00,0.00,3.00,47.1,116.16,638.63,256.56,SEARCH_Z
13.6774,2.5447,-0.0093,0.1523,0.00029,0.47120,0.04712,0.00,0.00,3.00,47.1,116.16,638.67,256.56,SEARCH_Z
13.6875,2.5047,0.2206,-0.4476,0.00729,0.47020,0.04812,0.00,0.00,3.00,47.1,116.16,638.69,256.56,SEARCH_Z
13.6976,2.4247,0.1906,-0.0676,0.01029,0.47920,0.04712,0.00,0.00,3.00,47.1,116.16,638.73,256.56,SEARCH_Z
13.7077,2.2747,-0.1193,-0.0076,0.00529,0.47920,0.04712,0.00,0.00,3.00,47.1,116.16,638.77,256.56,SEARCH_Z
13.7178,2.6947,-0.1893,-0.0676,0.01029,0.47520,0.04512,0.00,0.00,3.00,47.2,116.16,638.79,256.56,SEARCH_Z
13.7279,2.6047,-0.1393,-0.0876,0.00829,0.47820,0.04312,0.00,0.00,3.00,47.2,116.16,638.83,256.56,SEARCH_Z
13.7381,2.6747,0.0006,-0.1476,0.01129,0.46720,0.04812,0.00,0.00,3.00,47.2,116.16,638.85,256.56,SEARCH_Z
13.7482,2.5647,-0.4193,0.0723,0.01629,0.47520,0.04312,0.00,0.00,3.00,47.2,116.15,638.89,256.56,SEARCH_Z
13.7583,2.4447,-0.1293,-0.1276,0.00029,0.47220,0.04512,0.00,0.00,3.00,47.2,116.15,638.91,256.57,SEARCH_Z
13.7684,2.6247,-0.0793,-0.1676,0.00529,0.46820,0.04612,0.00,0.00,3.00,47.2,116.15,638.95,256.57,SEARCH_Z
13.7785,2.3247,0.0006,0.0023,-0.00170,0.47420,0.04612,0.00,0.00,3.00,47.2,116.15,638.97,256.57,SEARCH_Z
13.7886,2.5147,-0.2193,-0.0176,0.00129,0.46620,0.04612,0.00,0.00,3.00,47.2,116.15,639.01,256.57,SEARCH_Z
13.7987,2.4147,0.1106,-0.0876,-0.00270,0.47520,0.04612,0.00,0.00,3.00,47.2,116.15,639.03,256.57,SEARCH_Z
13.8089,2.6247,-0.2093,0.1023,0.01129,0.47120,0.04112,0.00,0.00,3.00,47.2,116.15,639.07,256.57,SEARCH_Z
13.8190,2.4547,-0.0593,0.2023,0.01229,0.48120,0.04512,0.00,0.00,3.00,47.2,116.15,639.09,256.57,SEARCH_Z
13.8291,2.6447,0.0006,-0.3176,0.02629,0.47020,0.04612,0.00,0.00,3.00,47.2,116.14,639.13,256.57,SEARCH_Z
13.8392,2.7447,0.1006,-0.2476,0.00929,0.46620,0.04512,0.00,0.00,3.00,47.2,116.14,639.15,256.57,SEARCH_Z
13.8494,2.4847,-0.0693,-0.0976,-0.00270,0.46220,0.04212,0.00,0.00,3.00,47.2,116.14,639.19,256.58,SEARCH_Z
13.8594,2.6047,0.0206,0.0023,-0.00070,0.47220,0.04312,0.00,0.00,3.00,47.2,116.14,639.21,256.58,SEARCH_Z
13.8696,2.5147,-0.0293,-0.0176,-0.01670,0.46020,0.04312,0.00,0.00,3.00,47.2,116.14,639.25,256.58,SEARCH_Z
13.8797,2.5447,-0.0893,0.1323,-0.00170,0.47520,0.04212,0.00,0.00,3.00,47.2,116.14,639.28,256.58,SEARCH_Z
13.8898,2.6147,0.0306,0.0723,0.03129,0.47920,0.04312,0.00,0.00,3.00,47.2,116.14,639.31,256.58,SEARCH_Z
13.8999,2.5047,0.1706,-0.2176,0.01829,0.47820,0.04412,0.00,0.00,3.00,47.2,116.14,639.34,256.58,SEARCH_Z
13.9101,2.2947,-0.0293,0.0623,-0.00570,0.47120,0.04612,0.00,0.00,3.00,47.2,116.14,639.37,256.58,SEARCH_Z
13.9202,2.4447,-0.2093,-0.0876,0.01029,0.48120,0.04312,0.00,0.00,3.00,47.2,116.13,639.40,256.58,SEARCH_Z
13.9303,2.5747,-0.2693,0.3623,0.01629,0.47420,0.04412,0.00,0.00,3.00,47.2,116.13,639.43,256.58,SEARCH_Z
13.9404,2.5647,0.0106,-0.1276,0.01329,0.46320,0.04712,0.00,0.00,3.00,47.2,116.13,639.46,256.59,SEARCH_Z
13.9506,2.4147,0.2306,-0.0776,0.01029,0.47020,0.04712,0.00,0.00,3.00,47.2,116.13,639.49,256.59,SEARCH_Z
13.9607,2.4547,-0.0193,-0.2976,0.01329,0.46320,0.04612,0.00,0.00,3.00,47.2,116.13,639.52,256.59,SEARCH_Z
13.9708,2.3047,0.2506,0.0623,-0.00470,0.46920,0.04812,0.00,0.00,3.00,47.2,116.13,639.55,256.59,SEARCH_Z
13.9809,2.4147,-0.1693,-0.0176,0.00129,0.47320,0.04512,0.00,0.00,3.00,47.2,116.13,639.58,256.59,SEARCH_Z
13.9910,2.4147,-0.1793,0.1023,0.00529,0.47520,0.04712,0.00,0.00,3.00,47.2,116.13,639.61,256.59,SEARCH_Z
14.0011,2.6347,-0.1093,0.1323,0.03229,0.47420,0.04512,0.00,0.00,3.00,47.2,116.13,639.64,256.59,SEARCH_Z
14.0113,2.5347,-0.2193,0.5223,0.01629,0.46120,0.04412,0.00,0.00,3.00,47.2,116.12,639.67,256.59,SEARCH_Z
14.0214,2.4547,0.0106,-0.1376,0.01629,0.46620,0.04812,0.00,0.00,3.00,47.2,116.12,639.70,256.59,SEARCH_Z
14.0315,2.5347,0.0106,-0.4276,0.02429,0.46120,0.04612,0.00,0.00,3.00,47.2,116.12,639.73,256.60,SEARCH_Z
14.0416,2.6647,-0.3193,0.0223,0.02429,0.47320,0.04112,0.00,0.00,3.00,47.2,116.12,639.76,256.60,SEARCH_Z
14.0517,2.3447,0.0906,-0.2576,0.02229,0.47720,0.04812,0.00,0.00,3.00,47.3,116.12,639.79,256.60,SEARCH_Z
14.0618,2.4447,0.3306,-0.3776,0.00229,0.46720,0.04812,0.00,0.00,3.00,47.3,116.12,639.82,256.60,SEARCH_Z
14.0719,2.4847,0.2306,-0.2376,0.00629,0.46020,0.04612,0.00,0.00,3.00,47.3,116.12,639.86,256.60,SEARCH_Z
14.0821,2.4447,-0.0993,0.1023,0.01029,0.46520,0.04212,0.00,0.00,3.00,47.3,116.12,639.88,256.60,SEARCH_Z
14.0922,2.3447,-0.0193,0.0623,0.01129,0.47120,0.04612,0.00,0.00,3.00,47.3,116.11,639.92,256.60,SEARCH_Z
14.1023,2.4747,0.2806,-0.3476,0.00629,0.45920,0.04612,0.00,0.00,3.00,47.3,116.11,639.94,256.60,SEARCH_Z
14.1124,2.3947,-0.1993,-0.0176,0.01329,0.46420,0.04512,0.00,0.00,3.00,47.3,116.11,639.98,256.60,SEARCH_Z
14.1225,2.3647,-0.2193,0.2123,-0.00670,0.46720,0.04412,0.00,0.00,3.00,47.3,116.11,640.00,256.61,SEARCH_Z
14.1326,2.7147,-0.1993,-0.0376,0.02529,0.45920,0.04312,0.00,0.00,3.00,47.3,116.11,640.04,256.61,SEARCH_Z
14.1428,2.4647,0.0806,-0.2376,0.01429,0.46820,0.04712,0.00,0.00,3.00,47.3,116.11,640.06,256.61,SEARCH_Z
14.1530,2.5947,0.0606,-0.0876,0.02729,0.46920,0.04412,0.00,0.00,3.00,47.3,116.11,640.10,256.61,SEARCH_Z
14.1631,2.6247,0.0806,-0.1376,0.01329,0.45920,0.04812,0.00,0.00,3.00,47.3,116.11,640.12,256.61,SEARCH_Z
14.1732,2.5047,-0.1693,0.0823,0.02429,0.47120,0.04112,0.00,0.00,3.00,47.3,116.11,640.16,256.61,SEARCH_Z
14.1833,2.6847,0.1106,-0.1476,0.01429,0.46320,0.04412,0.00,0.00,3.00,47.3,116.10,640.18,256.61,SEARCH_Z
14.1934,2.4647,-0.3193,0.1723,0.02329,0.47920,0.03912,0.00,0.00,3.00,47.3,116.10,640.22,256.61,SEARCH_Z
14.2035,2.3347,0.1506,-0.4176,0.00529,0.45320,0.05012,0.00,0.00,3.00,47.3,116.10,640.24,256.61,SEARCH_Z
14.2136,2.4147,0.1606,-0.4076,0.01229,0.45320,0.04812,0.00,0.00,3.00,47.3,116.10,640.28,256.62,SEARCH_Z
14.2237,2.3947,-0.0693,0.1423,-0.00970,0.45920,0.04112,0.00,0.00,3.00,47.3,116.10,640.32,256.62,SEARCH_Z
14.2338,2.4547,-0.1693,-0.2676,0.01629,0.46220,0.04712,0.00,0.00,3.00,47.3,116.10,640.34,256.62,SEARCH_Z
14.2439,2.4647,-0.0193,-0.2776,0.01229,0.46420,0.04812,0.00,0.00,3.00,47.3,116.10,640.38,256.62,SEARCH_Z
14.2541,2.4047,0.0106,-0.2076,0.02329,0.46020,0.04712,0.00,0.00,3.00,47.3,116.10,640.40,256.62,SEARCH_Z
14.2642,2.5847,-0.1693,0.3023,0.03629,0.47420,0.04112,0.00,0.00,3.00,47.3,116.10,640.44,256.62,SEARCH_Z
14.2743,2.6047,-0.1893,0.1023,0.00129,0.44520,0.04212,0.00,0.00,3.00,47.3,116.09,640.46,256.62,SEARCH_Z
14.2844,2.4247,-0.0093,-0.0076,0.02129,0.46220,0.04412,0.00,0.00,3.00,47.3,116.09,640.50,256.62,SEARCH_Z
14.2945,2.5447,0.0206,-0.0576,0.02929,0.46720,0.04412,0.00,0.00,3.00,47.3,116.09,640.52,256.62,SEARCH_Z
14.3046,2.4347,-0.3393,0.1923,0.02529,0.46220,0.04312,0.00,0.00,3.00,47.3,116.09,640.56,256.63,SEARCH_Z
14.3147,2.3347,0.2306,-0.2176,0.00729,0.45220,0.04312,0.00,0.00,3.00,47.3,116.09,640.58,256.63,SEARCH_Z
14.3249,2.5847,-0.0693,0.0823,0.02029,0.46120,0.04112,0.00,0.00,3.00,47.3,116.09,640.62,256.63,SEARCH_Z
14.3350,2.5047,0.0706,0.1723,0.01729,0.46620,0.04112,0.00,0.00,3.00,47.4,116.09,640.64,256.63,SEARCH_Z
14.3451,2.3247,0.0906,-0.1976,0.01029,0.46420,0.04312,0.00,0.00,3.00,47.4,116.09,640.68,256.63,SEARCH_Z
14.3552,2.5347,0.0006,-0.2476,0.00729,0.45020,0.04312,0.00,0.00,3.00,47.4,116.09,640.70,256.63,SEARCH_Z
14.3653,2.5147,-0.3193,-0.0676,0.01829,0.45720,0.04212,0.00,0.00,3.00,47.4,116.08,640.74,256.63,SEARCH_Z
14.3754,2.5447,-0.2593,-0.0176,0.02729,0.45620,0.04212,0.00,0.00,3.00,47.4,116.08,640.76,256.63,SEARCH_Z
14.3856,2.3847,0.1306,-0.0276,0.00429,0.44820,0.04512,0.00,0.00,3.00,47.4,116.08,640.80,256.63,SEARCH_Z
14.3957,2.5247,-0.1093,0.1723,0.02929,0.46920,0.04012,0.00,0.00,3.00,47.4,116.08,640.82,256.64,SEARCH_Z
14.4058,2.4747,0.1106,-0.1276,0.02329,0.45920,0.04612,0.00,0.00,3.00,47.4,116.08,640.86,256.64,SEARCH_Z
14.4159,2.4947,-0.2593,0.2023,0.03729,0.47920,0.04012,0.00,0.00,3.00,47.4,116.08,640.89,256.64,SEARCH_Z
14.4261,2.2347,0.1806,-0.2076,-0.01670,0.45420,0.04212,0.00,0.00,3.00,47.4,116.08,640.92,256.64,SEARCH_Z
14.4362,2.4647,-0.0593,0.2523,0.02529,0.47420,0.03912,0.00,0.00,3.00,47.4,116.08,640.95,256.64,SEARCH_Z
14.4463,2.7547,-0.0593,0.0923,0.04729,0.47420,0.03412,0.00,0.00,3.00,47.4,116.07,640.98,256.64,SEARCH_Z
14.4564,2.4447,-0.2393,-0.0576,0.02329,0.46120,0.03912,0.00,0.00,3.00,47.4,116.07,641.01,256.64,SEARCH_Z
14.4665,2.5847,-0.0993,0.1223,0.01429,0.46020,0.03612,0.00,0.00,3.00,47.4,116.07,641.04,256.64,SEARCH_Z
14.4766,2.3247,-0.0793,-0.2076,0.00529,0.45820,0.03512,0.00,0.00,3.00,47.4,116.07,641.07,256.64,SEARCH_Z
14.4867,2.6247,-0.2893,-0.0276,0.03829,0.47220,0.03512,0.00,0.00,3.00,47.4,116.07,641.10,256.65,SEARCH_Z
14.4968,2.6047,-0.4093,0.0023,0.02729,0.46720,0.02812,0.00,0.00,3.00,47.4,116.07,641.13,256.65,SEARCH_Z
14.5069,2.6647,-0.2593,-0.1876,0.02029,0.46720,0.02912,0.00,0.00,3.00,47.4,116.07,641.16,256.65,SEARCH_Z
14.5171,2.4747,-0.0293,-0.3676,0.00829,0.46120,0.02912,0.00,0.00,3.00,47.4,116.07,641.19,256.65,SEARCH_Z
14.5272,2.5047,0.1106,-0.6076,-0.00370,0.45920,0.02612,0.00,0.00,3.00,47.4,116.07,641.22,256.65,SEARCH_Z
14.5373,2.5947,-0.2893,-0.6076,0.01129,0.45520,0.01412,0.00,0.00,3.00,47.4,116.06,641.25,256.65,SEARCH_Z
14.5474,2.5047,-0.1493,-0.5076,0.01629,0.46320,0.01412,0.00,0.00,3.00,47.4,116.06,641.28,256.65,SEARCH_Z
14.5575,2.5647,-0.3093,-0.0376,0.01229,0.47020,0.01012,0.00,0.00,3.00,47.4,116.06,641.31,256.65,SEARCH_Z
14.5676,2.5447,0.0806,-0.3176,0.01129,0.46120,0.00712,0.00,0.00,3.00,47.4,116.06,641.34,256.65,SEARCH_Z
14.5777,2.5447,0.0106,-0.2976,0.01829,0.45820,0.00412,0.00,0.00,3.00,47.5,116.06,641.37,256.66,SEARCH_Z
14.5879,2.5747,0.1606,-0.5576,0.01529,0.45420,0.00312,0.00,0.00,3.00,47.5,116.06,641.41,256.66,SEARCH_Z
14.5980,2.6847,-0.2893,0.0023,0.01829,0.47020,-0.00287,0.00,0.00,3.00,47.5,116.06,641.43,256.66,SEARCH_Z
14.6081,2.4847,-0.3593,0.0323,0.00629,0.46720,-0.00087,0.00,0.00,3.00,47.5,116.06,641.47,256.66,SEARCH_Z
14.6182,2.6347,-0.2093,-0.5076,0.01629,0.46020,-0.00487,0.00,0.00,3.00,47.5,116.06,641.49,256.66,SEARCH_Z
14.6283,2.4347,-0.2593,-0.1276,0.02129,0.47920,-0.00187,0.00,0.00,3.00,47.5,116.05,641.53,256.66,SEARCH_Z
14.6384,2.5347,-0.0093,0.1523,0.02629,0.47320,-0.00487,0.00,0.00,3.00,47.5,116.05,641.55,256.66,SEARCH_Z
14.6486,2.4747,0.0306,-0.0176,0.01729,0.46720,-0.00787,0.00,0.00,3.00,47.5,116.05,641.59,256.66,SEARCH_Z
14.6587,2.3847,-0.0593,-0.0076,0.01929,0.47120,-0.00687,0.00,0.00,3.00,47.5,116.05,641.61,256.66,SEARCH_Z
14.6688,2.4347,-0.1793,0.1223,0.00729,0.46320,-0.00787,0.00,0.00,3.00,47.5,116.05,641.65,256.67,SEARCH_Z
14.6789,2.1847,-0.0293,0.0123,0.00629,0.46920,-0.01087,0.00,0.00,3.00,47.5,116.05,641.67,256.67,SEARCH_Z
14.6890,2.5647,-0.1493,0.0623,0.01529,0.46420,-0.00787,0.00,0.00,3.00,47.5,116.05,641.71,256.67,SEARCH_Z
14.6991,2.5547,-0.2393,-0.0076,0.02429,0.46420,-0.00887,0.00,0.00,3.00,47.5,116.05,641.73,256.67,SEARCH_Z
14.7092,2.4147,-0.0393,-0.2576,0.00729,0.45920,-0.00787,0.00,0.00,3.00,47.5,116.04,641.77,256.67,SEARCH_Z
14.7194,2.3947,-0.3293,0.1023,0.01929,0.46820,-0.01287,0.00,0.00,3.00,47.5,116.04,641.79,256.67,SEARCH_Z
14.7295,2.4147,0.0806,-0.2076,0.01629,0.46120,-0.00687,0.00,0.00,3.00,47.5,116.04,641.83,256.67,SEARCH_Z
14.7396,2.4647,-0.1993,0.3223,0.01029,0.46420,-0.01187,0.00,0.00,3.00,47.5,116.04,641.85,256.67,SEARCH_Z
14.7497,2.4347,0.1006,-0.1176,0.01129,0.45820,-0.00887,0.00,0.00,3.00,47.5,116.04,641.89,256.67,SEARCH_Z
14.7598,2.3747,0.1006,-0.0576,0.00229,0.46120,-0.01387,0.00,0.00,3.00,47.5,116.04,641.92,256.68,SEARCH_Z
14.7700,2.5547,0.0306,-0.0376,-0.00070,0.43920,-0.01187,0.00,0.00,3.00,47.5,116.04,641.95,256.68,SEARCH_Z
14.7801,2.3747,0.0506,-0.0176,-0.00370,0.44520,-0.01087,0.00,0.00,3.00,47.5,116.04,641.98,256.68,SEARCH_Z
14.7902,2.3947,0.0406,0.0623,0.01829,0.46520,-0.01087,0.00,0.00,3.00,47.5,116.04,642.01,256.68,SEARCH_Z
14.8003,2.5647,0.0806,0.1923,0.02429,0.46820,-0.01087,0.00,0.00,3.00,47.6,116.03,642.04,256.68,SEARCH_Z
14.8104,2.3247,0.0506,-0.2476,0.00829,0.45620,-0.00987,0.00,0.00,3.00,47.6,116.03,642.07,256.68,SEARCH_Z
14.8206,2.3747,-0.1993,0.0023,0.01329,0.46020,-0.01387,0.00,0.00,3.00,47.6,116.03,642.10,256.68,SEARCH_Z
14.8307,2.5247,-0.0493,-0.0476,0.02429,0.45520,-0.01287,0.00,0.00,3.00,47.6,116.03,642.13,256.68,SEARCH_Z
14.8408,2.3947,0.2306,-0.2176,0.01629,0.46020,-0.01087,0.00,0.00,3.00,47.6,116.03,642.16,256.68,SEARCH_Z
14.8510,2.5947,0.0906,-0.0176,0.01729,0.46220,-0.01487,0.00,0.00,3.00,47.6,116.03,642.19,256.68,SEARCH_Z
14.8611,2.3947,-0.1393,0.1723,0.01029,0.45620,-0.00987,0.00,0.00,3.00,47.6,116.03,642.22,256.69,SEARCH_Z
14.8712,2.5247,-0.0993,0.0423,0.00729,0.45420,-0.01487,0.00,0.00,3.00,47.6,116.03,642.25,256.69,SEARCH_Z
14.8813,2.3947,-0.2593,0.2523,0.00229,0.45120,-0.01187,0.00,0.00,3.00,47.6,116.03,642.28,256.69,SEARCH_Z
14.8915,2.5147,0.0006,0.0723,-0.00770,0.44320,-0.01387,0.00,0.00,3.00,47.6,116.02,642.31,256.69,SEARCH_Z
14.9016,2.3347,0.5206,-0.3676,-0.00770,0.44420,-0.00387,0.00,0.00,3.00,47.6,116.02,642.34,256.69,SEARCH_Z
14.9117,2.2647,0.1506,0.1623,0.00229,0.45720,-0.01087,0.00,0.00,3.00,47.6,116.02,642.37,256.69,SEARCH_Z
14.9218,2.5347,-0.1193,0.0623,0.01929,0.45520,-0.01287,0.00,0.00,3.00,47.6,116.02,642.40,256.69,SEARCH_Z
14.9319,2.3147,-0.0793,0.0023,0.00229,0.45020,-0.01187,0.00,0.00,3.00,47.6,116.02,642.44,256.69,SEARCH_Z
14.9420,2.3547,0.2606,0.0023,0.00529,0.45720,-0.01387,0.00,0.00,3.00,47.6,116.02,642.46,256.69,SEARCH_Z
14.9521,2.3747,-0.1993,0.0423,0.02029,0.45820,-0.01487,0.00,0.00,3.00,47.6,116.02,642.50,256.70,SEARCH_Z
14.9622,2.4047,0.2606,0.1123,-0.00170,0.44720,-0.01487,0.00,0.00,3.00,47.6,116.02,642.52,256.70,SEARCH_Z
14.9724,2.3247,0.2806,0.5623,0.01229,0.45820,-0.01087,0.00,0.00,3.00,47.6,116.01,642.56,256.70,SEARCH_Z
14.9825,2.3747,0.4006,0.2123,-0.01370,0.44020,-0.01187,0.00,0.00,3.00,47.6,116.01,642.58,256.70,SEARCH_Z
14.9926,2.3747,-0.0493,0.3323,-0.00470,0.44220,-0.01387,0.00,0.00,3.00,47.6,116.01,642.62,256.70,SEARCH_Z
15.0027,2.4447,0.2806,0.2723,0.00029,0.43720,-0.01487,0.00,0.00,3.00,47.6,116.01,642.64,256.70,SEARCH_Z
15.0128,2.4947,-0.1293,0.3423,0.01029,0.44020,-0.01187,0.00,0.00,3.00,47.7,116.01,642.68,256.70,SEARCH_Z
15.0229,2.3847,0.2406,0.2623,-0.00070,0.44020,-0.01287,0.00,0.00,3.00,47.7,116.01,642.70,256.70,SEARCH_Z
15.0331,2.2947,0.4206,0.1223,-0.01370,0.43220,-0.01087,0.00,0.00,3.00,47.7,116.01,642.74,256.70,SEARCH_Z
15.0432,2.2447,-0.0193,0.6223,-0.01070,0.43420,-0.01487,0.00,0.00,3.00,47.7,116.01,642.76,256.71,SEARCH_Z
15.0533,2.1847,-0.0893,0.7523,-0.02070,0.42120,-0.01587,0.00,0.00,3.00,47.7,116.01,642.80,256.71,SEARCH_Z
15.0634,2.3047,0.6006,0.2023,-0.04170,0.40020,-0.01587,0.00,0.00,3.00,47.7,116.00,642.82,256.71,SEARCH_Z
15.0735,2.1247,-0.0193,0.7423,-0.04570,0.41120,-0.02287,0.00,0.00,3.00,47.7,116.00,642.86,256.71,SEARCH_Z
15.0836,2.0947,0.1506,0.6823,-0.05670,0.41420,-0.02687,0.00,0.00,3.00,47.7,116.00,642.88,256.71,SEARCH_Z
15.0937,2.1647,0.3706,0.8123,-0.04570,0.41020,-0.03087,0.00,0.00,3.00,47.7,116.00,642.92,256.71,SEARCH_Z
15.1038,2.1947,0.6406,0.3823,-0.06370,0.39820,-0.03987,0.00,0.00,3.00,47.7,116.00,642.94,256.71,SEARCH_Z
15.1139,2.3847,0.3706,0.3923,-0.04270,0.39820,-0.03787,0.00,0.00,3.00,47.7,116.00,642.98,256.71,SEARCH_Z
15.1240,1.9747,-0.0293,0.7823,-0.05270,0.41020,-0.04187,0.00,0.00,3.00,47.7,116.00,643.02,256.71,SEARCH_Z
15.1341,2.1947,-0.0393,0.4623,-0.04670,0.39120,-0.04487,0.00,0.00,3.00,47.7,116.00,643.04,256.72,SEARCH_Z
15.1442,2.2947,0.4106,0.6023,-0.06070,0.37920,-0.05487,0.00,0.00,3.00,47.7,116.00,643.08,256.72,SEARCH_Z
15.1544,1.9347,0.4306,0.5123,-0.07170,0.37120,-0.06087,0.00,0.00,3.00,47.7,115.99,643.10,256.72,SEARCH_Z
15.1645,2.1147,0.4606,0.3523,-0.05170,0.37220,-0.05687,0.00,0.00,3.00,47.7,115.99,643.14,256.72,SEARCH_Z
15.1746,1.8847,0.0506,0.8023,-0.06570,0.37220,-0.06387,0.00,0.00,3.00,47.7,115.99,643.16,256.72,SEARCH_Z
15.1847,1.8747,0.3406,0.4823,-0.07970,0.37120,-0.06887,0.00,0.00,3.00,47.7,115.99,643.20,256.72,SEARCH_Z
15.1948,2.0047,0.2106,0.7023,-0.04370,0.38720,-0.06887,0.00,0.00,3.00,47.7,115.99,643.22,256.72,SEARCH_Z
15.2049,1.8947,0.3906,0.5723,-0.05970,0.37920,-0.07287,0.00,0.00,3.00,47.8,115.99,643.26,256.72,SEARCH_Z
15.2150,2.1547,0.0706,0.4423,-0.04270,0.38020,-0.06887,0.00,0.00,3.00,47.8,115.99,643.28,256.72,SEARCH_Z
15.2252,1.9747,0.0606,0.6123,-0.04270,0.37020,-0.07187,0.00,0.00,3.00,47.8,115.99,643.32,256.73,SEARCH_Z
15.2353,2.0147,-0.0093,0.5423,-0.04370,0.37120,-0.07387,0.00,0.00,3.00,47.8,115.99,643.34,256.73,SEARCH_Z
15.2454,2.0247,-0.0093,0.4423,-0.02170,0.36420,-0.06887,0.00,0.00,3.00,47.8,115.98,643.38,256.73,SEARCH_Z
15.2555,2.2247,0.0406,0.2223,-0.00070,0.36620,-0.07187,0.00,0.00,3.00,47.8,115.98,643.40,256.73,SEARCH_Z
15.2656,1.9147,0.3806,0.3123,-0.02870,0.36020,-0.07187,0.00,0.00,3.00,47.8,115.98,643.44,256.73,SEARCH_Z
15.2757,2.0347,0.2306,0.5723,-0.01070,0.36620,-0.07387,0.00,0.00,3.00,47.8,115.98,643.46,256.73,SEARCH_Z
15.2858,1.7847,-0.0793,0.4123,-0.01270,0.36720,-0.07887,0.00,0.00,3.00,47.8,115.98,643.50,256.73,SEARCH_Z
15.2959,1.9847,-0.0993,0.5023,-0.01170,0.36420,-0.08087,0.00,0.00,3.00,47.8,115.98,643.53,256.73,SEARCH_Z
15.3061,2.0047,0.2206,0.2123,0.00929,0.35820,-0.07687,0.00,0.00,3.00,47.8,115.98,643.56,256.73,SEARCH_Z
15.3161,2.2147,-0.1093,0.1923,0.02129,0.35520,-0.08587,0.00,0.00,3.00,47.8,115.98,643.59,256.74,SEARCH_Z
15.3263,1.7647,0.1106,0.1923,0.00129,0.35420,-0.07887,0.00,0.00,3.00,47.8,115.97,643.62,256.74,SEARCH_Z
15.3364,1.7647,0.0406,0.3323,0.00229,0.36120,-0.07987,0.00,0.00,3.00,47.8,115.97,643.65,256.74,SEARCH_Z
15.3465,1.8947,0.2406,0.0523,0.01429,0.35420,-0.07487,0.00,0.00,3.00,47.8,115.97,643.68,256.74,SEARCH_Z
15.3566,1.8347,-0.1293,0.2023,0.01829,0.35820,-0.08287,0.00,0.00,3.00,47.8,115.97,643.71,256.74,SEARCH_Z
15.3667,1.6447,0.2106,-0.1876,0.00129,0.34320,-0.07387,0.00,0.00,3.00,47.8,115.97,643.74,256.74,SEARCH_Z
15.3768,2.1247,-0.3593,0.5923,0.03229,0.35620,-0.07987,0.00,0.00,3.00,47.9,115.97,643.77,256.74,SEARCH_Z
15.3870,1.9047,-0.1193,0.0923,0.02529,0.34620,-0.07587,0.00,0.00,3.00,47.9,115.97,643.80,256.74,SEARCH_Z
15.3971,1.9047,0.2606,-0.0076,0.00829,0.34220,-0.07987,0.00,0.00,3.00,47.9,115.97,643.83,256.74,SEARCH_Z
15.4072,1.9947,-0.2793,0.1123,0.02629,0.34620,-0.07787,0.00,0.00,3.00,47.9,115.97,643.86,256.75,SEARCH_Z
15.4173,1.7447,0.1606,0.0823,0.01129,0.34520,-0.07687,0.00,0.00,3.00,47.9,115.96,643.89,256.75,SEARCH_Z
15.4274,1.9847,-0.0393,0.1223,0.03029,0.35020,-0.07787,0.00,0.00,3.00,47.9,115.96,643.92,256.75,SEARCH_Z
15.4376,2.0847,-0.1693,-0.0676,0.01729,0.34420,-0.07587,0.00,0.00,3.00,47.9,115.96,643.95,256.75,SEARCH_Z
15.4477,1.7547,-0.1993,0.2823,0.00329,0.35020,-0.08287,0.00,0.00,3.00,47.9,115.96,643.98,256.75,SEARCH_Z
15.4578,1.9747,-0.1993,0.2623,0.02329,0.35020,-0.07687,0.00,0.00,3.00,47.9,115.96,644.01,256.75,SEARCH_Z
15.4679,1.8347,-0.3493,0.7723,0.02129,0.35720,-0.07887,0.00,0.00,3.00,47.9,115.96,644.05,256.75,SEARCH_Z
15.4780,1.9747,-0.3493,0.4323,0.02329,0.34720,-0.07687,0.00,0.00,3.00,47.9,115.96,644.07,256.75,SEARCH_Z
15.4883,1.9347,-0.2393,0.2123,0.01729,0.34320,-0.08187,0.00,0.00,3.00,47.9,115.96,644.11,256.75,SEARCH_Z
15.4984,2.1047,0.1206,0.3823,0.02529,0.33920,-0.07687,0.00,0.00,3.00,47.9,115.96,644.13,256.76,SEARCH_Z
15.5085,1.9047,-0.1093,0.2223,0.02629,0.33420,-0.07587,0.00,0.00,3.00,47.9,115.95,644.17,256.76,SEARCH_Z
15.5186,1.9347,-0.0193,-0.0276,0.00429,0.33120,-0.07287,0.00,0.00,3.00,47.9,115.95,644.19,256.76,SEARCH_Z
15.5287,2.0847,0.1206,0.0823,0.03629,0.34720,-0.07587,0.00,0.00,3.00,47.9,115.95,644.23,256.76,SEARCH_Z
15.5388,1.8447,0.0906,-0.0476,0.02429,0.34120,-0.07387,0.00,0.00,3.00,47.9,115.95,644.25,256.76,SEARCH_Z
15.5490,1.7747,0.0206,-0.0076,0.00729,0.33320,-0.06987,0.00,0.00,3.00,48.0,115.95,644.29,256.76,SEARCH_Z
15.5591,1.7647,0.2406,-0.1776,0.01529,0.33420,-0.07187,0.00,0.00,3.00,48.0,115.95,644.31,256.76,SEARCH_Z
15.5692,1.8647,0.0506,-0.0676,0.01529,0.32320,-0.07287,0.00,0.00,3.00,48.0,115.95,644.35,256.76,SEARCH_Z
15.5793,1.8447,-0.0793,0.2723,0.03229,0.34020,-0.07487,0.00,0.00,3.00,48.0,115.95,644.37,256.76,SEARCH_Z
15.5894,1.8047,-0.2993,0.3323,0.02629,0.34420,-0.07687,0.00,0.00,3.00,48.0,115.94,644.41,256.77,SEARCH_Z
15.5995,1.8247,-0.1793,0.1723,0.02229,0.33020,-0.07587,0.00,0.00,3.00,48.0,115.94,644.43,256.77,SEARCH_Z
15.6097,1.8647,-0.3993,0.2723,0.02429,0.33820,-0.07887,0.00,0.00,3.00,48.0,115.94,644.47,256.77,SEARCH_Z
15.6198,1.8647,0.2006,0.1023,0.02029,0.33320,-0.06987,0.00,0.00,3.00,48.0,115.94,644.50,256.77,SEARCH_Z
15.6299,1.9147,-0.0993,0.0823,0.02229,0.33120,-0.07387,0.00,0.00,3.00,48.0,115.94,644.53,256.77,SEARCH_Z
15.6400,1.9647,0.1806,0.0923,0.03629,0.33520,-0.07287,0.00,0.00,3.00,48.0,115.94,644.56,256.77,SEARCH_Z
15.6501,1.6847,0.1006,0.1123,0.01929,0.32820,-0.07287,0.00,0.00,3.00,48.0,115.94,644.59,256.77,SEARCH_Z
15.6602,1.7947,-0.1293,0.0823,0.03629,0.33320,-0.07187,0.00,0.00,3.00,48.0,115.94,644.62,256.77,SEARCH_Z
15.6703,2.0247,-0.0293,0.3123,0.03229,0.33920,-0.07387,0.00,0.00,3.00,48.0,115.94,644.65,256.77,SEARCH_Z
15.6805,1.8347,-0.0893,0.3023,0.03429,0.34420,-0.07387,0.00,0.00,3.00,48.0,115.93,644.68,256.78,SEARCH_Z
15.6906,1.8947,0.2806,-0.1576,0.01329,0.32020,-0.07487,0.00,0.00,3.00,48.0,115.93,644.71,256.78,SEARCH_Z
15.7007,1.7347,-0.0393,-0.0376,0.02329,0.32620,-0.07387,0.00,0.00,3.00,48.0,115.93,644.74,256.78,SEARCH_Z
15.7108,2.1347,0.1306,-0.3176,0.02929,0.31720,-0.07387,0.00,0.00,3.00,48.1,115.93,644.77,256.78,SEARCH_Z
15.7209,1.6947,-0.0493,0.0823,0.00929,0.33120,-0.07487,0.00,0.00,3.00,48.1,115.93,644.80,256.78,SEARCH_Z
15.7310,1.7447,0.1606,-0.0876,0.02429,0.33020,-0.06987,0.00,0.00,3.00,48.1,115.93,644.83,256.78,SEARCH_Z
15.7412,1.8347,0.2606,-0.2876,0.02129,0.31820,-0.07087,0.00,0.00,3.00,48.1,115.93,644.86,256.78,SEARCH_Z
15.7513,1.6447,-0.3793,0.5323,0.00429,0.32420,-0.07687,0.00,0.00,3.00,48.1,115.93,644.89,256.78,SEARCH_Z
15.7614,1.7247,-0.2393,0.4423,0.00829,0.32520,-0.07287,0.00,0.00,3.00,48.1,115.92,644.92,256.78,SEARCH_Z
15.7715,1.7747,0.1306,-0.1276,0.01729,0.32620,-0.07287,0.00,0.00,3.00,48.1,115.92,644.95,256.79,SEARCH_Z
15.7816,1.7647,-0.0393,0.3423,0.01729,0.32320,-0.07387,0.00,0.00,3.00,48.1,115.92,644.98,256.79,SEARCH_Z
15.7917,1.8647,0.0806,0.1623,0.02129,0.31720,-0.07087,0.00,0.00,3.00,48.1,115.92,645.01,256.79,SEARCH_Z
15.8018,1.7647,-0.2593,0.0623,0.02329,0.31720,-0.07687,0.00,0.00,3.00,48.1,115.92,645.04,256.79,SEARCH_Z
15.8119,1.7747,-0.1393,-0.0476,0.01629,0.32120,-0.07487,0.00,0.00,3.00,48.1,115.92,645.08,256.79,SEARCH_Z
15.8221,1.8447,-0.2193,0.2323,0.01629,0.32120,-0.07287,0.00,0.00,3.00,48.1,115.92,645.10,256.79,SEARCH_Z
15.8322,1.5247,-0.0793,0.3823,0.00629,0.32320,-0.07387,0.00,0.00,3.00,48.1,115.92,645.14,256.79,SEARCH_Z
15.8423,1.9547,-0.2193,0.0123,0.02229,0.32220,-0.07487,0.00,0.00,3.00,48.1,115.92,645.16,256.79,SEARCH_Z
15.8524,1.7847,-0.4493,0.5223,0.02829,0.33920,-0.07587,0.00,0.00,3.00,48.1,115.91,645.20,256.79,SEARCH_Z
15.8625,1.5847,0.1406,-0.2576,0.01329,0.31820,-0.07087,0.00,0.00,3.00,48.2,115.91,645.22,256.80,SEARCH_Z
15.8726,1.7147,0.1006,0.4023,0.00329,0.31820,-0.07787,0.00,0.00,3.00,48.2,115.91,645.26,256.80,SEARCH_Z
15.8827,1.5947,-0.0093,-0.1276,0.00829,0.32020,-0.07187,0.00,0.00,3.00,48.2,115.91,645.28,256.80,SEARCH_Z
15.8928,1.5647,-0.2993,0.3023,0.01929,0.32720,-0.07387,0.00,0.00,3.00,48.2,115.91,645.32,256.80,SEARCH_Z
15.9029,1.7947,-0.5493,0.3723,0.03529,0.32520,-0.07587,0.00,0.00,3.00,48.2,115.91,645.34,256.80,SEARCH_Z
15.9130,1.7747,-0.2293,0.1923,0.01129,0.31820,-0.07087,0.00,0.00,3.00,48.2,115.91,645.38,256.80,SEARCH_Z
15.9231,1.5447,0.2106,0.0623,-0.01070,0.31120,-0.06787,0.00,0.00,3.00,48.2,115.91,645.40,256.80,SEARCH_Z
15.9333,1.6947,0.1906,-0.0276,0.01729,0.32220,-0.06987,0.00,0.00,3.00,48.2,115.91,645.44,256.80,SEARCH_Z
15.9434,2.0747,-0.2493,0.2823,0.03629,0.31820,-0.07187,0.00,0.00,3.00,48.2,115.90,645.46,256.80,SEARCH_Z
15.9535,1.6947,0.2606,-0.2776,0.01929,0.30520,-0.06787,0.00,0.00,3.00,48.2,115.90,645.50,256.81,SEARCH_Z
15.9636,1.6647,-0.3093,0.4823,0.00129,0.32120,-0.07487,0.00,0.00,3.00,48.2,115.90,645.52,256.81,SEARCH_Z
15.9737,1.5147,0.3006,0.0823,0.00629,0.31820,-0.06687,0.00,0.00,3.00,48.2,115.90,645.56,256.81,SEARCH_Z
15.9838,1.6547,0.0306,-0.0476,0.01429,0.31120,-0.06887,0.00,0.00,3.00,48.2,115.90,645.58,256.81,SEARCH_Z
15.9940,1.7147,-0.2393,0.1723,0.00529,0.30420,-0.06987,0.00,0.00,3.00,48.2,115.90,645.62,256.81,SEARCH_Z
16.0041,1.6447,0.0406,0.0823,0.02329,0.31620,-0.06987,0.00,0.00,3.00,48.2,115.90,645.66,256.81,SEARCH_Z
16.0142,1.7347,-0.3593,0.3923,0.00929,0.31220,-0.07387,0.00,0.00,3.00,48.3,115.90,645.68,256.81,SEARCH_Z
16.0243,1.8847,-0.1993,0.0323,0.01929,0.29720,-0.06787,0.00,0.00,3.00,48.3,115.89,645.72,256.81,SEARCH_Z
16.0344,1.8347,-0.0993,0.0023,0.01729,0.30420,-0.07087,0.00,0.00,3.00,48.3,115.89,645.74,256.81,SEARCH_Z
16.0446,1.6747,-0.1993,0.5023,0.02829,0.32220,-0.06987,0.00,0.00,3.00,48.3,115.89,645.78,256.82,SEARCH_Z
16.0547,1.8347,-0.2293,0.3423,0.01929,0.30720,-0.07387,0.00,0.00,3.00,48.3,115.89,645.80,256.82,SEARCH_Z
16.0648,1.9147,-0.1293,0.1123,0.00729,0.29520,-0.07587,0.00,0.00,3.00,48.3,115.89,645.84,256.82,SEARCH_Z
16.0749,1.6647,-0.0093,0.1023,0.00529,0.30120,-0.06887,0.00,0.00,3.00,48.3,115.89,645.86,256.82,SEARCH_Z
16.0850,1.5947,0.2306,-0.3776,0.00929,0.29920,-0.06487,0.00,0.00,3.00,48.3,115.89,645.90,256.82,SEARCH_Z
16.0952,1.6347,0.1106,0.1623,0.00429,0.30120,-0.06787,0.00,0.00,3.00,48.3,115.89,645.92,256.82,SEARCH_Z
16.1053,1.5147,0.0506,-0.0776,0.00629,0.30220,-0.06887,0.00,0.00,3.00,48.3,115.89,645.96,256.82,SEARCH_Z
16.1154,1.4647,-0.3893,0.5423,0.01629,0.31720,-0.06887,0.00,0.00,3.00,48.3,115.88,645.98,256.82,SEARCH_Z
16.1255,1.8347,-0.1893,0.4823,0.02129,0.31820,-0.07287,0.00,0.00,3.00,48.3,115.88,646.02,256.82,SEARCH_Z
16.1356,1.8747,0.2106,-0.1076,0.02929,0.30620,-0.06987,0.00,0.00,3.00,48.3,115.88,646.04,256.82,SEARCH_Z
16.1457,1.6747,-0.0693,0.3123,0.01329,0.32020,-0.06887,0.00,0.00,3.00,48.3,115.88,646.08,256.83,SEARCH_Z
16.1558,1.8047,0.1206,-0.0176,0.01129,0.29320,-0.07187,0.00,0.00,3.00,48.4,115.88,646.11,256.83,SEARCH_Z
16.1659,1.5747,-0.1793,0.2923,-0.00170,0.29920,-0.06787,0.00,0.00,3.00,48.4,115.88,646.14,256.83,SEARCH_Z
16.1760,1.5047,-0.0093,0.4123,0.00629,0.31220,-0.07087,0.00,0.00,3.00,48.4,115.88,646.17,256.83,SEARCH_Z
16.1862,1.6347,-0.2093,0.5823,0.01329,0.30520,-0.07087,0.00,0.00,3.00,48.4,115.88,646.20,256.83,SEARCH_Z
16.1962,1.6947,-0.0993,0.2423,0.00829,0.30320,-0.06587,0.00,0.00,3.00,48.4,115.88,646.23,256.83,SEARCH_Z
16.2063,1.6447,-0.1693,0.4423,0.01229,0.31420,-0.06787,0.00,0.00,3.00,48.4,115.87,646.26,256.83,SEARCH_Z
16.2165,1.8047,-0.0593,0.0823,0.01929,0.30320,-0.06887,0.00,0.00,3.00,48.4,115.87,646.29,256.83,SEARCH_Z
16.2266,1.6347,0.0906,-0.0576,0.01629,0.30620,-0.07087,0.00,0.00,3.00,48.4,115.87,646.32,256.83,SEARCH_Z
16.2367,1.8447,-0.3993,0.4323,0.02429,0.31120,-0.07287,0.00,0.00,3.00,48.4,115.87,646.35,256.84,SEARCH_Z
16.2468,1.7147,0.1006,0.1023,0.00729,0.29820,-0.06687,0.00,0.00,3.00,48.4,115.87,646.38,256.84,SEARCH_Z
16.2569,1.7847,-0.0593,0.1923,0.01429,0.29920,-0.06987,0.00,0.00,3.00,48.4,115.87,646.41,256.84,SEARCH_Z
16.2670,1.6147,-0.0093,0.1023,0.01729,0.30620,-0.06987,0.00,0.00,3.00,48.4,115.87,646.44,256.84,SEARCH_Z
16.2771,1.6847,-0.1593,0.1223,0.02129,0.30420,-0.06587,0.00,0.00,3.00,48.4,115.87,646.47,256.84,SEARCH_Z
16.2873,1.7547,-0.0693,0.2323,0.00629,0.29720,-0.06987,0.00,0.00,3.00,48.4,115.87,646.50,256.84,SEARCH_Z
16.2974,1.8547,0.0306,-0.0576,0.01029,0.28820,-0.06787,0.00,0.00,3.00,48.5,115.86,646.53,256.84,SEARCH_Z
16.3075,1.5047,-0.2993,0.2723,0.00629,0.31320,-0.06987,0.00,0.00,3.00,48.5,115.86,646.56,256.84,SEARCH_Z
16.3177,1.4047,-0.1293,-0.1376,-0.00170,0.30120,-0.06987,0.00,0.00,3.00,48.5,115.86,646.59,256.84,SEARCH_Z
16.3278,1.7647,0.1606,-0.0776,0.01229,0.29420,-0.06187,0.00,0.00,3.00,48.5,115.86,646.62,256.85,SEARCH_Z
16.3379,1.6647,0.0506,-0.2976,0.01729,0.29420,-0.06787,0.00,0.00,3.00,48.5,115.86,646.65,256.85,SEARCH_Z
16.3480,1.7647,0.1006,-0.2676,0.01829,0.30120,-0.06987,0.00,0.00,3.00,48.5,115.86,646.69,256.85,SEARCH_Z
16.3581,1.6347,0.1106,0.2423,0.02529,0.31120,-0.06587,0.00,0.00,3.00,48.5,115.86,646.71,256.85,SEARCH_Z
16.3682,1.6347,0.0506,-0.0776,0.01929,0.30120,-0.07187,0.00,0.00,3.00,48.5,115.86,646.75,256.85,SEARCH_Z
16.3783,1.5747,-0.2393,0.2223,0.01729,0.30720,-0.06987,0.00,0.00,3.00,48.5,115.85,646.77,256.85,SEARCH_Z
16.3885,1.7947,-0.3093,-0.0376,0.03329,0.30520,-0.06887,0.00,0.00,3.00,48.5,115.85,646.81,256.85,SEARCH_Z
16.3986,1.8847,0.2006,-0.0076,0.01729,0.29720,-0.06887,0.00,0.00,3.00,48.5,115.85,646.83,256.85,SEARCH_Z
16.4087,1.8447,0.0406,-0.2276,0.02729,0.28820,-0.06687,0.00,0.00,3.00,48.5,115.85,646.87,256.85,SEARCH_Z
16.4188,1.5847,0.0806,-0.1976,0.01929,0.29220,-0.06287,0.00,0.00,3.00,48.5,115.85,646.89,256.86,SEARCH_Z
16.4289,1.6847,0.0006,-0.1276,0.02529,0.29420,-0.06387,0.00,0.00,3.00,48.6,115.85,646.93,256.86,SEARCH_Z
16.4390,1.4947,-0.1893,0.1723,0.01729,0.30520,-0.06887,0.00,0.00,3.00,48.6,115.85,646.95,256.86,SEARCH_Z
16.4491,1.5047,0.0306,-0.2176,0.01129,0.29720,-0.06487,0.00,0.00,3.00,48.6,115.85,646.99,256.86,SEARCH_Z
16.4593,1.6547,-0.1993,0.3223,0.02729,0.30720,-0.07287,0.00,0.00,3.00,48.6,115.85,647.01,256.86,SEARCH_Z
16.4694,1.4947,-0.0493,0.0623,0.00729,0.29420,-0.06987,0.00,0.00,3.00,48.6,115.84,647.05,256.86,SEARCH_Z
16.4795,1.5547,-0.1093,0.2523,0.02029,0.30020,-0.06387,0.00,0.00,3.00,48.6,115.84,647.07,256.86,SEARCH_Z
16.4896,1.6047,-0.3393,0.4423,0.02229,0.30720,-0.07087,0.00,0.00,3.00,48.6,115.84,647.11,256.86,SEARCH_Z
16.4997,1.5047,-0.4193,0.4123,0.00329,0.29720,-0.07087,0.00,0.00,3.00,48.6,115.84,647.13,256.86,SEARCH_Z
16.5098,1.4847,-0.1393,0.2923,0.00529,0.30620,-0.06587,0.00,0.00,3.00,48.6,115.84,647.17,256.87,SEARCH_Z
16.5199,1.4147,-0.3193,0.1723,-0.00470,0.29920,-0.06687,0.00,0.00,3.00,48.6,115.84,647.20,256.87,SEARCH_Z
16.5300,1.5647,-0.1593,0.2723,0.01429,0.31220,-0.06887,0.00,0.00,3.00,48.6,115.84,647.23,256.87,SEARCH_Z
16.5401,1.6347,-0.1893,0.3023,0.02129,0.30920,-0.07287,0.00,0.00,3.00,48.6,115.84,647.26,256.87,SEARCH_Z
16.5502,1.5747,-0.0993,0.0423,0.00629,0.29720,-0.07087,0.00,0.00,3.00,48.6,115.83,647.29,256.87,SEARCH_Z
16.5603,1.5947,-0.2393,0.3423,0.01929,0.31720,-0.07587,0.00,0.00,3.00,48.7,115.83,647.32,256.87,SEARCH_Z
16.5704,1.6647,-0.0093,-0.0276,0.01629,0.29920,-0.07087,0.00,0.00,3.00,48.7,115.83,647.35,256.87,SEARCH_Z
16.5806,1.6147,0.2706,-0.1076,0.01229,0.28820,-0.06387,0.00,0.00,3.00,48.7,115.83,647.38,256.87,SEARCH_Z
16.5907,1.5047,0.0506,0.0123,0.00529,0.29220,-0.06087,0.00,0.00,3.00,48.7,115.83,647.41,256.87,SEARCH_Z
16.6009,1.5847,-0.0893,0.3423,0.01729,0.30220,-0.06787,0.00,0.00,3.00,48.7,115.83,647.44,256.88,SEARCH_Z
16.6110,1.6747,0.0606,-0.1276,0.00529,0.28620,-0.06687,0.00,0.00,3.00,48.7,115.83,647.47,256.88,SEARCH_Z
16.6212,1.7447,-0.3893,0.2623,0.02529,0.30220,-0.07187,0.00,0.00,3.00,48.7,115.83,647.50,256.88,SEARCH_Z
16.6313,1.7347,-0.4593,0.2723,0.01429,0.29420,-0.07387,0.00,0.00,3.00,48.7,115.83,647.53,256.88,SEARCH_Z
16.6414,1.6547,0.0906,0.3623,0.01129,0.30220,-0.06687,0.00,0.00,3.00,48.7,115.82,647.56,256.88,SEARCH_Z
16.6515,1.7247,-0.0593,-0.0076,0.02329,0.29520,-0.06887,0.00,0.00,3.00,48.7,115.82,647.59,256.88,SEARCH_Z
16.6616,1.5147,-0.1593,-0.0276,0.00029,0.29720,-0.07087,0.00,0.00,3.00,48.7,115.82,647.62,256.88,SEARCH_Z
16.6717,1.6147,-0.2293,0.0223,0.01029,0.29420,-0.07087,0.00,0.00,3.00,48.7,115.82,647.65,256.88,SEARCH_Z
16.6818,1.7047,-0.1293,-0.1276,0.01029,0.29220,-0.06787,0.00,0.00,3.00,48.8,115.82,647.68,256.88,SEARCH_Z
16.6919,1.7947,-0.2193,0.0323,0.00529,0.28520,-0.06487,0.00,0.00,3.00,48.8,115.82,647.72,256.89,SEARCH_Z
16.7021,1.8047,-0.0793,-0.0376,0.03129,0.29820,-0.06987,0.00,0.00,3.00,48.8,115.82,647.74,256.89,SEARCH_Z
16.7122,1.3647,0.5306,-0.7176,-0.01970,0.27620,-0.06287,0.00,0.00,3.00,48.8,115.82,647.78,256.89,SEARCH_Z
16.7223,1.6847,0.0806,-0.0876,0.00629,0.28920,-0.06587,0.00,0.00,3.00,48.8,115.82,647.80,256.89,SEARCH_Z
16.7324,1.4947,0.3806,-0.3576,-0.00170,0.28020,-0.06287,0.00,0.00,3.00,48.8,115.81,647.84,256.89,SEARCH_Z
16.7425,1.4647,0.2106,0.0023,0.00929,0.29020,-0.06587,0.00,0.00,3.00,48.8,115.81,647.86,256.89,SEARCH_Z
16.7527,1.6847,-0.2793,0.0123,0.02429,0.29320,-0.06487,0.00,0.00,3.00,48.8,115.81,647.90,256.89,SEARCH_Z
16.7628,1.6347,-0.1993,-0.0876,0.01429,0.29620,-0.06687,0.00,0.00,3.00,48.8,115.81,647.92,256.89,SEARCH_Z
16.7729,1.7447,-0.1293,-0.1476,0.00929,0.29520,-0.06487,0.00,0.00,3.00,48.8,115.81,647.96,256.89,SEARCH_Z
16.7830,1.7347,-0.2493,-0.0976,0.01529,0.30320,-0.06987,0.00,0.00,3.00,48.8,115.81,647.98,256.90,SEARCH_Z
16.7931,1.7247,0.0406,-0.3976,0.00229,0.29620,-0.06287,0.00,0.00,3.00,48.8,115.81,648.02,256.90,SEARCH_Z
16.8032,1.6847,-0.1293,-0.2376,-0.00570,0.30120,-0.06487,0.00,0.00,3.00,48.9,115.81,648.04,256.90,SEARCH_Z
16.8133,1.7147,-0.3493,-0.3276,0.02029,0.31220,-0.06587,0.00,0.00,3.00,48.9,115.80,648.08,256.90,SEARCH_Z
16.8234,1.7447,-0.1193,-0.4176,0.00929,0.31320,-0.06687,0.00,0.00,3.00,48.9,115.80,648.10,256.90,SEARCH_Z
16.8335,1.8647,-0.3393,-0.3676,0.01329,0.31520,-0.07087,0.00,0.00,3.00,48.9,115.80,648.14,256.90,SEARCH_Z
16.8436,1.8447,-0.0793,-0.5276,-0.00870,0.30520,-0.06587,0.00,0.00,3.00,48.9,115.80,648.16,256.90,SEARCH_Z
16.8537,1.8247,-0.0793,-0.5476,-0.02870,0.29320,-0.06887,0.00,0.00,3.00,48.9,115.80,648.20,256.90,SEARCH_Z
16.8638,1.7147,-0.1393,-0.2476,-0.00370,0.30420,-0.06587,0.00,0.00,3.00,48.9,115.80,648.22,256.90,SEARCH_Z
16.8739,1.6747,-0.0693,-0.1976,0.00329,0.30820,-0.06587,0.00,0.00,3.00,48.9,115.80,648.26,256.91,SEARCH_Z
16.8841,1.8247,-0.1093,0.0723,0.00929,0.30920,-0.06687,0.00,0.00,3.00,48.9,115.80,648.30,256.91,SEARCH_Z
16.9194,1.5447,0.1606,0.1123,0.00029,0.29720,-0.06087,0.00,0.00,3.00,48.9,115.79,648.39,256.91,SEARCH_Z
16.9296,1.6147,0.1106,-0.3676,0.00329,0.29220,-0.05987,0.00,0.00,3.00,49.0,115.79,648.43,256.91,SEARCH_Z
16.9397,1.7047,0.0706,0.2623,0.01929,0.30720,-0.06587,0.00,0.00,3.00,49.0,115.79,648.45,256.91,SEARCH_Z
16.9498,1.5747,0.0106,0.0123,0.00129,0.31420,-0.06287,0.00,0.00,3.00,49.0,115.79,648.49,256.91,SEARCH_Z
16.9599,1.8147,0.0006,0.0223,0.01929,0.31020,-0.06587,0.00,0.00,3.00,49.0,115.79,648.52,256.92,SEARCH_Z
16.9700,1.6347,-0.0593,-0.0976,0.02029,0.29820,-0.06087,0.00,0.00,3.00,49.0,115.79,648.55,256.92,SEARCH_Z
16.9802,1.6547,0.0706,-0.0176,0.02529,0.30420,-0.06487,0.00,0.00,3.00,49.0,115.79,648.58,256.92,SEARCH_Z
16.9903,1.8547,0.0706,-0.1976,0.02229,0.29820,-0.06087,0.00,0.00,3.00,49.0,115.78,648.61,256.92,SEARCH_Z
17.0004,1.6247,0.2106,-0.3676,0.00129,0.29120,-0.05487,0.00,0.00,3.00,49.0,115.78,648.64,256.92,SEARCH_Z
17.0105,1.6247,0.1306,-0.2376,-0.00570,0.30120,-0.05987,0.00,0.00,3.00,49.0,115.78,648.67,256.92,SEARCH_Z
17.0206,1.7747,0.1906,-0.6276,0.02229,0.31020,-0.05987,0.00,0.00,3.00,49.0,115.78,648.70,256.92,SEARCH_Z
17.0307,1.5047,0.0106,-0.4376,-0.00370,0.31020,-0.05687,0.00,0.00,3.00,49.0,115.78,648.73,256.92,SEARCH_Z
17.0408,1.9647,-0.2193,-0.2976,0.00829,0.30620,-0.06287,0.00,0.00,3.00,49.1,115.78,648.76,256.92,SEARCH_Z
17.0509,1.5047,0.2106,-0.3376,-0.00170,0.31120,-0.06087,0.00,0.00,3.00,49.1,115.78,648.79,256.92,SEARCH_Z
17.0610,1.7147,0.2406,-0.6076,-0.00570,0.31020,-0.05787,0.00,0.00,3.00,49.1,115.78,648.82,256.93,SEARCH_Z
17.0711,1.7947,0.2706,-0.6376,-0.00170,0.30420,-0.05887,0.00,0.00,3.00,49.1,115.78,648.85,256.93,SEARCH_Z
17.0812,1.7747,0.2506,-0.5576,0.00729,0.31020,-0.06087,0.00,0.00,3.00,49.1,115.77,648.88,256.93,SEARCH_Z
17.0913,1.5847,-0.0593,-0.6576,-0.00370,0.30320,-0.05587,0.00,0.00,3.00,49.1,115.77,648.91,256.93,SEARCH_Z
17.1015,1.5647,0.3306,-0.9376,0.00729,0.29920,-0.05387,0.00,0.00,3.00,49.1,115.77,648.94,256.93,SEARCH_Z
17.1116,1.7147,0.1606,-0.7076,0.01129,0.30120,-0.05087,0.00,0.00,3.00,49.1,115.77,648.97,256.93,SEARCH_Z
17.1217,1.6447,0.1606,-0.7276,0.00829,0.30620,-0.05087,0.00,0.00,3.00,49.1,115.77,649.00,256.93,SEARCH_Z
17.1318,1.8847,0.1606,-1.0476,0.02529,0.30020,-0.04987,0.00,0.00,3.00,49.1,115.77,649.03,256.93,SEARCH_Z
17.1419,1.8447,0.3806,-1.0276,0.03429,0.33120,-0.05087,0.00,0.00,3.00,49.1,115.77,649.06,256.93,SEARCH_Z
17.1520,1.6347,0.0806,-0.6776,0.03229,0.33520,-0.05087,0.00,0.00,3.00,49.2,115.77,649.10,256.94,SEARCH_Z
17.1621,1.8547,0.4406,-1.0876,0.02029,0.32020,-0.05387,0.00,0.00,3.00,49.2,115.76,649.12,256.94,SEARCH_Z
17.1722,1.8147,0.2006,-1.0176,0.02929,0.32420,-0.05187,0.00,0.00,3.00,49.2,115.76,649.16,256.94,SEARCH_Z
17.1823,1.8847,0.3806,-1.1376,0.02329,0.32220,-0.05287,0.00,0.00,3.00,49.2,115.76,649.18,256.94,SEARCH_Z
17.1925,1.9447,0.3006,-1.1176,0.03629,0.32920,-0.05187,0.00,0.00,3.00,49.2,115.76,649.22,256.94,SEARCH_Z
17.2026,1.7347,0.3306,-1.3076,0.00529,0.31120,-0.04987,0.00,0.00,3.00,49.2,115.76,649.24,256.94,SEARCH_Z
17.2127,1.9447,0.0406,-1.2076,0.02729,0.32820,-0.05187,0.00,0.00,3.00,49.2,115.76,649.28,256.94,SEARCH_Z
17.2228,1.8247,0.0506,-0.8476,0.02829,0.33520,-0.05387,0.00,0.00,3.00,49.2,115.76,649.30,256.94,SEARCH_Z
17.2329,1.8447,0.0506,-1.1476,0.04029,0.33920,-0.05487,0.00,0.00,3.00,49.2,115.76,649.34,256.94,SEARCH_Z
17.2430,1.9847,0.2006,-1.0276,0.02929,0.33320,-0.05387,0.00,0.00,3.00,49.2,115.76,649.36,256.95,SEARCH_Z
17.2532,1.7047,0.3606,-1.0776,0.02929,0.34420,-0.04887,0.00,0.00,3.00,49.2,115.75,649.40,256.95,SEARCH_Z
17.2633,1.9447,0.1106,-1.2776,0.04729,0.34120,-0.04987,0.00,0.00,3.00,49.3,115.75,649.42,256.95,SEARCH_Z
17.2734,2.0247,0.4106,-1.7076,0.03329,0.33020,-0.04787,0.00,0.00,3.00,49.3,115.75,649.46,256.95,SEARCH_Z
17.2835,1.9747,-0.0993,-1.3876,0.02529,0.34320,-0.04787,0.00,0.00,3.00,49.3,115.75,649.48,256.95,SEARCH_Z
17.2936,2.0447,0.5706,-1.4976,0.02029,0.34520,-0.04487,0.00,0.00,3.00,49.3,115.75,649.52,256.95,SEARCH_Z
17.3037,1.7547,0.5506,-1.5176,0.01229,0.33720,-0.03987,0.00,0.00,3.00,49.3,115.75,649.54,256.95,SEARCH_Z
17.3138,1.9047,0.2606,-1.4376,-0.00070,0.33920,-0.04087,0.00,0.00,3.00,49.3,115.75,649.58,256.95,SEARCH_Z
17.3239,1.7947,0.1306,-1.0776,-0.00370,0.37020,-0.02887,0.00,0.00,3.00,49.3,115.75,649.62,256.95,SEARCH_Z
17.3340,1.9547,0.5006,-1.1776,-0.01870,0.35820,-0.01987,0.00,0.00,3.00,49.3,115.75,649.64,256.96,SEARCH_Z
17.3442,2.0747,0.4706,-1.3976,-0.00970,0.35920,-0.01587,0.00,0.00,3.00,49.3,115.74,649.68,256.96,SEARCH_Z
17.3543,2.1447,0.5506,-1.3776,-0.01170,0.36520,-0.01287,0.00,0.00,3.00,49.3,115.74,649.70,256.96,SEARCH_Z
17.3644,2.0347,0.2706,-1.1276,-0.02770,0.35120,-0.01887,0.00,0.00,3.00,49.3,115.74,649.74,256.96,SEARCH_Z
17.3745,2.2247,0.4306,-1.1676,-0.00570,0.37320,-0.01787,0.00,0.00,3.00,49.4,115.74,649.76,256.96,SEARCH_Z
17.3846,2.0247,0.3706,-1.5276,-0.01970,0.37020,-0.01887,0.00,0.00,3.00,49.4,115.74,649.80,256.96,SEARCH_Z
17.3947,2.0147,0.3206,-1.1876,-0.01970,0.37920,-0.01687,0.00,0.00,3.00,49.4,115.74,649.82,256.96,SEARCH_Z
17.4048,2.1547,0.7606,-1.9376,-0.01270,0.37220,-0.01487,0.00,0.00,3.00,49.4,115.74,649.86,256.96,SEARCH_Z
17.4149,2.0647,0.3906,-1.7176,-0.00070,0.38520,-0.01587,0.00,0.00,3.00,49.4,115.74,649.88,256.96,SEARCH_Z
17.4251,2.1947,0.4406,-1.7076,-0.01970,0.36520,-0.01587,0.00,0.00,3.00,49.4,115.73,649.92,256.97,SEARCH_Z
17.4351,2.3047,0.4406,-1.6176,-0.01170,0.36920,-0.01487,0.00,0.00,3.00,49.4,115.73,649.94,256.97,SEARCH_Z
17.4453,2.1847,0.3006,-1.5176,0.00229,0.38020,-0.01487,0.00,0.00,3.00,49.4,115.73,649.98,256.97,SEARCH_Z
17.4554,2.2147,0.5306,-1.8676,-0.01070,0.37220,-0.01487,0.00,0.00,3.00,49.4,115.73,650.00,256.97,SEARCH_Z
17.4655,2.1547,0.6406,-2.2376,-0.02470,0.35720,-0.00787,0.00,0.00,3.00,49.4,115.73,650.04,256.97,SEARCH_Z
17.4756,2.1947,0.5706,-1.5676,-0.02570,0.37420,-0.01587,0.00,0.00,3.00,49.4,115.73,650.06,256.97,SEARCH_Z
17.4857,2.1647,0.5406,-1.7976,-0.01170,0.38320,-0.01487,0.00,0.00,3.00,49.5,115.73,650.10,256.97,SEARCH_Z
17.4958,2.1147,0.7006,-2.0176,-0.00770,0.37920,-0.01087,0.00,0.00,3.00,49.5,115.73,650.12,256.97,SEARCH_Z
17.5059,2.0747,0.3006,-1.8176,-0.02470,0.37320,-0.01487,0.00,0.00,3.00,49.5,115.73,650.16,256.97,SEARCH_Z
17.5160,2.3247,0.6406,-1.8476,-0.01770,0.37020,-0.00687,0.00,0.00,3.00,49.5,115.72,650.18,256.98,SEARCH_Z
17.5261,2.1347,0.3206,-1.5876,-0.01370,0.37720,-0.00587,0.00,0.00,3.00,49.5,115.72,650.22,256.98,SEARCH_Z
17.5363,2.2247,0.8306,-2.2676,-0.01470,0.37120,-0.00587,0.00,0.00,3.00,49.5,115.72,650.25,256.98,SEARCH_Z
17.5464,2.3847,0.5506,-2.0776,-0.01170,0.37620,-0.00687,0.00,0.00,3.00,49.5,115.72,650.28,256.98,SEARCH_Z
17.5565,2.3147,0.4506,-2.0776,-0.00470,0.38520,-0.00187,0.00,0.00,3.00,49.5,115.72,650.31,256.98,SEARCH_Z
17.5666,2.0747,0.7006,-1.9976,-0.04770,0.37120,-0.00087,0.00,0.00,3.00,49.5,115.72,650.34,256.98,SEARCH_Z
17.5767,2.2647,0.7106,-2.2576,-0.01670,0.38220,-0.00087,0.00,0.00,3.00,49.5,115.72,650.37,256.98,SEARCH_Z
17.5868,1.9547,0.6306,-1.9376,-0.03570,0.38520,0.00112,0.00,0.00,3.00,49.6,115.72,650.40,256.98,SEARCH_Z
17.5969,2.3847,0.6006,-1.9176,-0.02470,0.37720,0.00112,0.00,0.00,3.00,49.6,115.72,650.43,256.98,SEARCH_Z
17.6070,2.4447,0.5106,-2.4576,-0.00870,0.37620,0.00012,0.00,0.00,3.00,49.6,115.71,650.46,256.99,SEARCH_Z
17.6171,2.3147,0.7306,-2.1376,-0.02070,0.37920,0.00612,0.00,0.00,3.00,49.6,115.71,650.49,256.99,SEARCH_Z
17.6273,2.0847,0.4806,-2.1376,-0.03070,0.38420,0.00312,0.00,0.00,3.00,49.6,115.71,650.52,256.99,SEARCH_Z
17.6374,2.3747,0.8406,-2.5276,-0.01970,0.37920,0.00612,0.00,0.00,3.00,49.6,115.71,650.55,256.99,SEARCH_Z
17.6475,2.2047,0.6906,-2.0276,-0.01170,0.39720,0.00512,0.00,0.00,3.00,49.6,115.71,650.58,256.99,SEARCH_Z
17.6576,2.4247,0.4406,-2.0176,-0.02270,0.38220,0.00912,0.00,0.00,3.00,49.6,115.71,650.61,256.99,SEARCH_Z
17.6677,2.6047,0.5806,-2.3476,-0.01070,0.38720,0.00712,0.00,0.00,3.00,49.6,115.71,650.64,256.99,SEARCH_Z
17.6778,2.1547,0.7006,-2.4476,-0.02570,0.39320,0.01012,0.00,0.00,3.00,49.6,115.71,650.67,256.99,SEARCH_Z
17.6879,2.3847,0.6706,-2.4176,-0.01670,0.39820,0.00612,0.00,0.00,3.00,49.7,115.70,650.71,256.99,SEARCH_Z
17.6980,2.3047,0.6206,-2.0676,-0.02270,0.39620,0.01012,0.00,0.00,3.00,49.7,115.70,650.73,257.00,SEARCH_Z
17.7081,2.3547,1.0906,-2.4976,-0.02670,0.39620,0.01212,0.00,0.00,3.00,49.7,115.70,650.77,257.00,SEARCH_Z
17.7182,2.2047,0.9306,-2.7076,-0.01970,0.40120,0.01112,0.00,0.00,3.00,49.7,115.70,650.79,257.00,SEARCH_Z
17.7283,2.4647,0.6206,-2.6876,-0.01870,0.39020,0.01012,0.00,0.00,3.00,49.7,115.70,650.83,257.00,SEARCH_Z
17.7385,2.3947,0.6706,-2.3776,-0.02670,0.38920,0.01212,0.00,0.00,3.00,49.7,115.70,650.85,257.00,SEARCH_Z
17.7486,2.3747,0.5506,-2.4676,-0.01270,0.40520,0.00812,0.00,0.00,3.00,49.7,115.70,650.89,257.00,SEARCH_Z
17.7587,2.4747,0.7306,-2.7276,-0.02170,0.39720,0.00812,0.00,0.00,3.00,49.7,115.70,650.91,257.00,SEARCH_Z
17.7688,2.5947,0.8106,-2.6876,-0.01970,0.39520,0.01012,0.00,0.00,3.00,49.7,115.70,650.95,257.00,SEARCH_Z
17.7789,2.2647,1.0906,-2.7376,-0.02370,0.40320,0.01112,0.00,0.00,3.00,49.7,115.69,650.97,257.00,SEARCH_Z
17.7891,2.4147,0.8706,-2.8276,-0.02570,0.38920,0.01312,0.00,0.00,3.00,49.8,115.69,651.01,257.01,SEARCH_Z
17.7992,2.5547,0.6606,-2.5376,-0.00770,0.40420,0.01212,0.00,0.00,3.00,49.8,115.69,651.03,257.01,SEARCH_Z
17.8093,2.3247,0.5806,-2.1276,-0.01770,0.42520,0.01112,0.00,0.00,3.00,49.8,115.69,651.07,257.01,SEARCH_Z
17.8194,2.2947,1.0106,-2.6676,-0.02570,0.41820,0.01612,0.00,0.00,3.00,49.8,115.69,651.09,257.01,SEARCH_Z
17.8295,2.3447,0.7006,-2.9176,-0.02970,0.39720,0.01612,0.00,0.00,3.00,49.8,115.69,651.13,257.01,SEARCH_Z
17.8396,2.4747,0.6306,-2.5976,-0.01270,0.42020,0.01312,0.00,0.00,3.00,49.8,115.69,651.15,257.01,SEARCH_Z
17.8497,2.3047,0.8806,-2.6076,-0.02770,0.40920,0.01512,0.00,0.00,3.00,49.8,115.69,651.19,257.01,SEARCH_Z
17.8598,2.6147,0.8006,-2.6476,-0.01170,0.41520,0.01312,0.00,0.00,3.00,49.8,115.69,651.21,257.01,SEARCH_Z
17.8699,2.5547,0.9606,-2.8576,-0.02770,0.40720,0.01412,0.00,0.00,3.00,49.8,115.68,651.25,257.01,SEARCH_Z
17.8800,2.7147,0.7606,-2.7276,-0.01070,0.42520,0.01012,0.00,0.00,3.00,49.8,115.68,651.29,257.02,SEARCH_Z
17.8902,2.5347,0.8306,-3.0876,-0.04870,0.40020,0.00912,0.00,0.00,3.00,49.9,115.68,651.31,257.02,SEARCH_Z
17.9003,2.7847,0.8006,-3.1476,-0.03470,0.40320,0.01312,0.00,0.00,3.00,49.9,115.68,651.35,257.02,SEARCH_Z
17.9104,2.4947,0.9406,-3.0676,-0.05070,0.40920,0.01412,0.00,0.00,3.00,49.9,115.68,651.37,257.02,SEARCH_Z
