time,fx,fy,fz,tx,ty,tz,vx,vy,vz,travel_mm,pos_x,pos_y,pos_z
0.0034,0.0106,0.3084,-0.0339,-0.00755,-0.00552,0.00071,-5.00,0.00,0.00,0.0,110.81,640.32,302.34
0.0136,0.0106,-0.2215,0.1860,0.01444,0.00547,0.00271,-5.00,0.00,0.00,0.0,110.81,640.32,302.34
0.0242,0.0806,0.0184,-0.1239,-0.01855,-0.01852,0.00271,-5.00,0.00,0.00,0.0,110.81,640.32,302.33
0.0355,0.0806,0.0084,0.1260,0.00144,0.00147,0.00171,-5.00,0.00,0.00,0.0,110.81,640.32,302.32
0.0442,0.1806,-0.0015,-0.0039,0.01244,-0.00152,0.00171,-5.00,0.00,0.00,0.0,110.81,640.32,302.30
0.0548,-0.0593,0.1684,0.0360,-0.00755,-0.00752,0.00271,-5.00,0.00,0.00,0.0,110.81,640.32,302.29
0.0649,0.0606,0.3084,-0.2439,-0.00155,-0.00352,0.00271,-5.00,0.00,0.00,0.1,110.81,640.32,302.27
0.0748,-0.1193,-0.0115,0.4160,-0.00555,0.00547,0.00171,-5.00,0.00,0.00,0.1,110.81,640.32,302.25
0.0848,0.0006,-0.2515,0.1660,0.01044,0.00147,-0.00028,-5.00,0.00,0.00,0.1,110.81,640.32,302.22
0.0950,0.1006,-0.0415,0.1660,0.01344,0.00647,0.00071,-5.00,0.00,0.00,0.1,110.81,640.33,302.19
0.1048,-0.1193,0.0884,-0.0939,0.00244,-0.00252,0.00271,-5.00,0.00,0.00,0.2,110.81,640.33,302.15
0.1151,-0.0393,-0.1615,0.2360,-0.00055,-0.00152,0.00171,-5.00,0.00,0.00,0.2,110.81,640.33,302.12
0.1250,0.0406,0.2184,-0.3039,-0.00255,-0.01152,0.00271,-5.00,0.00,0.00,0.3,110.81,640.33,302.07
0.1351,-0.0393,-0.1615,0.2860,-0.00455,-0.00252,0.00071,-5.00,0.00,0.00,0.3,110.81,640.33,302.03
0.1455,0.0006,-0.2715,0.0960,-0.00755,0.00247,-0.00028,-5.00,0.00,0.00,0.4,110.81,640.33,301.97
0.1554,0.2606,-0.4615,0.2660,0.01644,0.01747,-0.00528,-5.00,0.00,0.00,0.4,110.81,640.34,301.91
0.1649,0.2706,-0.4115,0.5260,-0.00255,0.00847,-0.00228,-5.00,0.00,0.00,0.5,110.81,640.34,301.87
0.1760,0.2806,0.1084,-0.0839,0.01144,0.00947,0.00071,-5.00,0.00,0.00,0.5,110.81,640.34,301.81
0.1861,0.0806,0.2184,0.1060,-0.00255,-0.00452,0.00771,-5.00,0.00,0.00,0.6,110.81,640.34,301.77
0.1960,0.0706,0.1084,-0.1939,0.00944,-0.00852,0.00371,-5.00,0.00,0.00,0.6,110.81,640.34,301.71
0.2063,0.0706,0.1584,0.0560,0.00844,-0.00452,0.00171,-5.00,0.00,0.00,0.7,110.81,640.34,301.67
0.2162,-0.1893,-0.0415,0.2960,0.00544,-0.00352,0.00571,-5.00,0.00,0.00,0.7,110.81,640.35,301.61
0.2262,-0.0793,0.0984,-0.0139,0.00044,-0.00252,0.00071,-5.00,0.00,0.00,0.8,110.81,640.35,301.57
0.2370,0.0206,-0.3315,0.1560,0.01144,-0.00552,0.00171,-5.00,0.00,0.00,0.8,110.81,640.35,301.51
0.2465,0.0106,-0.3815,0.1860,0.01344,-0.00052,0.00071,-5.00,0.00,0.00,0.9,110.81,640.35,301.47
0.2566,-0.0393,0.2384,-0.2339,0.00544,0.00547,0.00671,-5.00,0.00,0.00,0.9,110.81,640.35,301.41
0.2671,-0.0793,-0.0515,0.4160,-0.00355,-0.00052,0.00471,-5.00,0.00,0.00,1.0,110.81,640.36,301.37
0.2771,0.0906,0.2084,-0.0439,-0.00255,-0.00652,0.00571,-5.00,0.00,0.00,1.0,110.81,640.36,301.31
0.2875,0.0406,-0.0215,0.0660,0.00144,0.00747,0.00071,-5.00,0.00,0.00,1.1,110.81,640.36,301.27
0.2974,0.0506,0.2284,0.1760,0.00044,0.00347,0.00471,-5.00,0.00,0.00,1.1,110.82,640.36,301.21
0.3076,-0.0393,0.1184,-0.0039,-0.01455,-0.00852,0.00171,-5.00,0.00,0.00,1.2,110.82,640.36,301.15
0.3174,-0.1593,-0.0715,0.2260,-0.00555,0.00147,0.00371,-5.00,0.00,0.00,1.2,110.82,640.37,301.11
0.3276,-0.1093,0.2484,-0.1739,0.00544,-0.00552,0.00171,-5.00,0.00,0.00,1.3,110.82,640.37,301.05
0.3378,-0.0093,-0.1315,-0.1039,0.00244,-0.00452,0.00271,-5.00,0.00,0.00,1.3,110.82,640.37,301.01
0.3476,-0.0293,0.0984,0.1560,0.01744,0.00647,0.00271,-5.00,0.00,0.00,1.4,110.82,640.37,300.95
0.3578,0.1906,-0.2315,0.2660,0.00744,0.00047,-0.00328,-5.00,0.00,0.00,1.4,110.82,640.37,300.91
0.3680,0.0606,0.1484,0.0760,-0.01355,-0.00652,0.00371,-5.00,0.00,0.00,1.5,110.82,640.38,300.85
0.3780,0.0006,-0.2215,0.3560,0.02644,0.02047,-0.00028,-5.00,0.00,0.00,1.5,110.82,640.38,300.81
0.3880,-0.2793,-0.0815,0.0760,-0.01355,0.00347,0.00271,-5.00,0.00,0.00,1.6,110.82,640.38,300.75
0.3985,0.1306,-0.0015,0.3360,0.01644,-0.00152,0.00471,-5.00,0.00,0.00,1.6,110.82,640.38,300.71
0.4083,0.1106,-0.0315,0.0960,0.01844,0.00147,0.00071,-5.00,0.00,0.00,1.7,110.82,640.38,300.65
0.4185,0.0406,0.2184,0.0960,-0.00455,-0.00252,0.00271,-5.00,0.00,0.00,1.7,110.82,640.38,300.61
0.4291,0.0006,-0.2115,-0.0039,-0.00455,-0.00452,0.00371,-5.00,0.00,0.00,1.8,110.82,640.39,300.55
0.4386,-0.0393,0.1184,0.2560,-0.01655,-0.01052,0.00571,-5.00,0.00,0.00,1.8,110.82,640.39,300.51
0.4488,-0.0893,0.1384,-0.0339,0.00044,0.00447,0.00171,-5.00,0.00,0.00,1.9,110.82,640.39,300.45
0.4594,0.1506,-0.1515,0.2660,0.00744,0.00747,0.00071,-5.00,0.00,0.00,1.9,110.82,640.39,300.39
0.4690,-0.0993,-0.2415,0.0860,0.01144,0.00847,0.00171,-5.00,0.00,0.00,2.0,110.82,640.39,300.35
0.4791,0.0406,-0.0215,0.0260,0.00744,0.00347,-0.00128,-5.00,0.00,0.00,2.0,110.82,640.40,300.29
0.4898,0.0106,0.0784,0.4060,0.01444,0.01647,0.00171,-5.00,0.00,0.00,2.1,110.82,640.40,300.25
0.4995,0.1006,0.0484,-0.0939,0.00944,-0.00052,0.00271,-5.00,0.00,0.00,2.1,110.82,640.40,300.19
0.5095,-0.0893,0.0184,-0.0139,-0.01055,-0.00252,0.00271,-5.00,0.00,0.00,2.2,110.82,640.40,300.15
0.5200,0.0606,-0.2615,0.1560,0.02944,0.00747,0.00171,-5.00,0.00,0.00,2.2,110.82,640.40,300.09
0.5296,-0.0893,-0.0415,0.1760,0.00744,0.00247,0.00371,-5.00,0.00,0.00,2.3,110.82,640.40,300.05
0.5397,-0.1893,0.0984,0.1060,-0.00955,0.00547,0.00271,-5.00,0.00,0.00,2.3,110.82,640.41,299.99
0.5503,0.1006,-0.0915,0.0060,0.00044,0.00047,0.00471,-5.00,0.00,0.00,2.4,110.82,640.41,299.95
0.5601,0.0906,-0.2015,0.2260,0.00144,-0.00052,0.00371,-5.00,0.00,0.00,2.4,110.82,640.41,299.89
0.5700,0.1606,-0.3115,0.2760,-0.00955,-0.00052,-0.00028,-5.00,0.00,0.00,2.5,110.82,640.41,299.85
0.5804,0.0806,-0.0715,0.1260,-0.00055,0.00347,0.00271,-5.00,0.00,0.00,2.5,110.82,640.41,299.79
0.5905,0.0106,-0.1715,0.4460,0.00444,0.00547,0.00271,-5.00,0.00,0.00,2.6,110.82,640.42,299.75
0.6006,0.0606,-0.4215,0.6360,0.00644,0.01047,-0.00128,-5.00,0.00,0.00,2.6,110.82,640.42,299.69
0.6105,0.1406,0.1184,0.1960,0.00044,-0.00052,0.00371,-5.00,0.00,0.00,2.7,110.82,640.42,299.65
0.6208,0.0506,-0.0115,-0.2339,0.00244,-0.00252,0.00171,-5.00,0.00,0.00,2.7,110.82,640.42,299.59
0.6309,0.1606,-0.0715,0.2960,0.03044,0.00047,0.00371,-5.00,0.00,0.00,2.8,110.82,640.42,299.55
0.6411,-0.0093,-0.0315,0.2660,0.00544,-0.00652,0.00471,-5.00,0.00,0.00,2.8,110.82,640.43,299.49
0.6524,0.0806,0.3984,-0.3239,0.00844,-0.00452,0.00371,-5.00,0.00,0.00,2.9,110.82,640.43,299.43
0.6614,0.1906,-0.0915,0.0160,0.01344,0.00447,0.00271,-5.00,0.00,0.00,2.9,110.82,640.43,299.39
0.6721,0.0206,-0.0715,0.1960,-0.00855,-0.00152,0.00471,-5.00,0.00,0.00,3.0,110.82,640.43,299.33
0.6821,0.0606,0.0184,-0.0239,-0.00155,-0.01352,0.00571,-5.00,0.00,0.00,3.0,110.82,640.43,299.29
0.6920,-0.1293,0.3484,0.0460,-0.02255,-0.01552,0.00071,-5.00,0.00,0.00,3.1,110.82,640.44,299.23
0.7030,0.0906,-0.0815,0.2460,0.00044,-0.00352,0.00371,-5.00,0.00,0.00,3.1,110.82,640.44,299.19
0.7122,0.0406,-0.0615,0.2360,0.00944,0.00147,0.00371,-5.00,0.00,0.00,3.2,110.82,640.44,299.13
0.7224,-0.0993,-0.0215,0.1760,-0.01555,-0.01152,0.00171,-5.00,0.00,0.00,3.2,110.82,640.44,299.09
0.7323,0.1606,-0.0715,0.3760,0.00544,0.00247,0.00171,-5.00,0.00,0.00,3.3,110.82,640.44,299.03
0.7425,0.0906,0.0484,0.1660,0.01144,0.00347,0.00371,-5.00,0.00,0.00,3.3,110.82,640.44,298.99
0.7526,0.0606,-0.0515,0.1360,-0.01455,-0.01952,0.00371,-5.00,0.00,0.00,3.4,110.82,640.45,298.93
0.7631,-0.0993,-0.0315,-0.1439,0.00444,-0.00252,0.00371,-5.00,0.00,0.00,3.4,110.82,640.45,298.89
0.7727,0.2106,-0.1315,0.0260,-0.00355,-0.01852,0.00171,-5.00,0.00,0.00,3.5,110.82,640.45,298.83
0.7827,0.0306,-0.2315,0.2460,0.00644,-0.00052,-0.00128,-5.00,0.00,0.00,3.5,110.82,640.45,298.79
0.7931,-0.0793,0.0484,0.1560,-0.00555,-0.00452,0.00771,-5.00,0.00,0.00,3.6,110.82,640.45,298.73
0.8031,-0.0293,-0.3915,0.4060,0.00244,0.00547,0.00271,-5.00,0.00,0.00,3.6,110.82,640.46,298.69
0.8131,0.0106,-0.4415,0.4460,0.01544,0.00547,0.00071,-5.00,0.00,0.00,3.7,110.82,640.46,298.63
0.8234,0.0806,-0.0215,-0.0439,0.01144,-0.00452,0.00371,-5.00,0.00,0.00,3.8,110.82,640.46,298.57
0.8334,0.1406,-0.0015,-0.1539,0.00744,-0.00752,0.00471,-5.00,0.00,0.00,3.8,110.82,640.46,298.53
0.8439,0.0606,-0.0815,0.3360,-0.00055,-0.00652,0.00071,-5.00,0.00,0.00,3.9,110.82,640.46,298.47
0.8536,-0.0593,0.1084,-0.0439,-0.02655,-0.01152,0.00171,-5.00,0.00,0.00,3.9,110.82,640.46,298.43
0.8636,-0.0093,-0.1715,0.3360,0.00144,-0.00052,0.00171,-5.00,0.00,0.00,4.0,110.83,640.47,298.37
0.8737,-0.0493,0.0684,0.0960,-0.00055,0.00347,0.00571,-5.00,0.00,0.00,4.0,110.83,640.47,298.33
0.8840,0.0206,-0.0115,0.1260,-0.01555,-0.00452,0.00471,-5.00,0.00,0.00,4.1,110.83,640.47,298.27
0.8940,0.0306,-0.3915,0.6760,0.01944,0.01547,0.00271,-5.00,0.00,0.00,4.1,110.83,640.47,298.23
0.9042,0.1906,0.1384,-0.3239,0.01044,-0.00752,0.00371,-5.00,0.00,0.00,4.2,110.83,640.47,298.17
0.9143,0.0306,-0.2315,0.2660,0.00944,0.00947,0.00571,-5.00,0.00,0.00,4.2,110.83,640.48,298.13
0.9243,-0.0593,0.1484,-0.2039,-0.00555,-0.00452,0.00471,-5.00,0.00,0.00,4.3,110.83,640.48,298.07
0.9345,0.0106,-0.0615,0.1060,-0.00055,-0.00152,0.00271,-5.00,0.00,0.00,4.3,110.83,640.48,298.03
0.9446,0.0706,0.0584,-0.0439,0.00544,-0.00352,0.00871,-5.00,0.00,0.00,4.4,110.83,640.48,297.97
0.9546,0.1906,-0.3115,0.2760,0.01944,0.00547,0.00371,-5.00,0.00,0.00,4.4,110.83,640.48,297.93
0.9649,-0.0693,-0.2515,0.4260,-0.00955,-0.00052,0.00471,-5.00,0.00,0.00,4.5,110.83,640.49,297.87
0.9749,-0.0293,0.1084,-0.0439,-0.00655,-0.01252,0.00471,-5.00,0.00,0.00,4.5,110.83,640.49,297.83
0.9853,-0.0793,0.0184,0.0660,-0.00255,-0.00852,0.00571,-5.00,0.00,0.00,4.6,110.83,640.49,297.77
0.9951,0.0906,-0.1015,-0.0639,-0.00155,-0.01452,0.00571,-5.00,0.00,0.00,4.6,110.83,640.49,297.73
1.0053,0.1106,-0.1615,0.1160,0.01044,0.00347,0.00571,-5.00,0.00,0.00,4.7,110.83,640.49,297.67
1.0154,0.0106,0.3384,-0.0139,-0.00955,-0.01052,0.00471,-5.00,0.00,0.00,4.7,110.83,640.50,297.61
1.0255,0.0606,-0.4815,0.5360,-0.00255,0.00547,0.00071,-5.00,0.00,0.00,4.8,110.83,640.50,297.57
1.0355,-0.0693,-0.2715,0.5060,-0.00055,0.00647,0.00571,-5.00,0.00,0.00,4.8,110.83,640.50,297.51
1.0459,0.2006,-0.0215,0.0660,0.02844,-0.00052,0.00271,-5.00,0.00,0.00,4.9,110.83,640.50,297.47
1.0558,0.0606,-0.2815,0.0560,0.01544,-0.00152,0.00071,-5.00,0.00,0.00,4.9,110.83,640.50,297.41
1.0659,0.0506,-0.0515,0.3660,0.00744,0.01147,0.00271,-5.00,0.00,0.00,5.0,110.83,640.50,297.37
1.0761,-0.0993,0.1684,-0.0939,-0.01255,-0.00952,0.00771,-5.00,0.00,0.00,5.0,110.83,640.51,297.31
1.0864,0.1906,-0.1215,0.0560,0.00544,-0.00552,0.00171,-5.00,0.00,0.00,5.1,110.83,640.51,297.27
1.0963,0.0306,-0.1415,0.5360,-0.00555,0.00247,0.00371,-5.00,0.00,0.00,5.1,110.83,640.51,297.21
1.1064,0.0506,0.0084,0.2360,-0.00255,-0.00152,0.00471,-5.00,0.00,0.00,5.2,110.83,640.51,297.17
1.1166,0.0506,0.3184,-0.0739,-0.00055,-0.00452,0.00871,-5.00,0.00,0.00,5.2,110.83,640.51,297.11
1.1267,-0.0293,0.0284,-0.1739,0.00244,-0.00952,0.00871,-5.00,0.00,0.00,5.3,110.83,640.52,297.07
1.1367,0.1106,-0.3115,0.2460,-0.00255,-0.01252,0.00271,-5.00,0.00,0.00,5.3,110.83,640.52,297.01
1.1472,0.0106,-0.2815,0.2560,0.00544,0.00547,-0.00128,-5.00,0.00,0.00,5.4,110.83,640.52,296.97
1.1571,-0.2093,0.2784,-0.1939,-0.02255,-0.00052,0.00771,-5.00,0.00,0.00,5.4,110.83,640.52,296.91
1.1670,-0.1193,-0.0215,0.1060,-0.01155,-0.00452,0.00471,-5.00,0.00,0.00,5.5,110.83,640.52,296.87
1.1773,0.1006,-0.0715,0.0860,-0.00355,-0.00552,0.00171,-5.00,0.00,0.00,5.5,110.83,640.53,296.81
1.1876,0.1606,-0.2815,0.3860,0.01144,0.00047,0.00271,-5.00,0.00,0.00,5.6,110.83,640.53,296.75
1.1975,0.1306,0.2084,-0.0539,0.01044,-0.00152,0.00571,-5.00,0.00,0.00,5.6,110.83,640.53,296.71
1.2075,0.2206,-0.1915,0.5060,0.01944,0.00947,0.00071,-5.00,0.00,0.00,5.7,110.83,640.53,296.65
1.2180,-0.0493,-0.2215,0.2260,-0.00855,-0.00952,0.00471,-5.00,0.00,0.00,5.7,110.83,640.53,296.61
1.2281,0.0106,-0.0215,-0.0039,-0.00555,-0.01252,0.00271,-5.00,0.00,0.00,5.8,110.83,640.53,296.55
1.2380,0.1206,0.3684,0.0760,-0.00455,-0.00652,0.00471,-5.00,0.00,0.00,5.8,110.83,640.54,296.51
1.2481,0.0406,-0.1815,0.4860,-0.01055,-0.00052,0.00571,-5.00,0.00,0.00,5.9,110.83,640.54,296.45
1.2586,0.0406,-0.2015,0.2060,-0.00255,-0.00952,-0.00028,-5.00,0.00,0.00,5.9,110.83,640.54,296.41
1.2685,0.1106,-0.2715,0.2760,0.00044,-0.01152,0.00171,-5.00,0.00,0.00,6.0,110.83,640.54,296.35
1.2786,0.0006,-0.0415,-0.0739,0.01244,0.00547,0.00771,-5.00,0.00,0.00,6.0,110.83,640.54,296.31
1.2887,0.0806,0.0684,0.3060,-0.00955,-0.00352,0.00471,-5.00,0.00,0.00,6.1,110.83,640.55,296.25
1.2988,0.1806,-0.2415,0.3360,0.01044,-0.00652,0.00371,-5.00,0.00,0.00,6.1,110.83,640.55,296.21
1.3088,0.2006,-0.1215,0.2660,0.01744,0.00047,0.00371,-5.00,0.00,0.00,6.2,110.83,640.55,296.16
1.3191,0.0306,-0.0515,0.0160,0.00144,-0.00352,0.00271,-5.00,0.00,0.00,6.2,110.83,640.55,296.12
1.3290,0.0806,0.2184,0.2760,-0.00155,0.00147,0.00471,-5.00,0.00,0.00,6.3,110.83,640.55,296.06
1.3396,-0.0793,0.2584,-0.0739,-0.00055,-0.00952,0.00771,-5.00,0.00,0.00,6.3,110.83,640.56,296.00
1.3494,0.1906,0.1684,0.1260,0.02944,0.00247,0.00271,-5.00,0.00,0.00,6.4,110.83,640.56,295.96
1.3595,0.0706,0.1784,-0.0739,0.00044,-0.00852,0.00871,-5.00,0.00,0.00,6.4,110.83,640.56,295.90
1.3698,0.2906,0.0184,0.1460,0.02744,0.00447,0.00271,-5.00,0.00,0.00,6.5,110.83,640.56,295.86
1.3800,0.0606,-0.0915,0.1560,0.01344,0.00147,0.00771,-5.00,0.00,0.00,6.5,110.83,640.56,295.80
1.3899,-0.1093,-0.1815,0.3160,0.00044,0.00447,0.00471,-5.00,0.00,0.00,6.6,110.83,640.56,295.76
1.4002,0.0606,0.0884,0.0960,-0.00255,0.00047,0.00571,-5.00,0.00,0.00,6.6,110.83,640.57,295.70
1.4104,-0.0393,-0.2215,0.3560,0.00544,0.01647,0.00471,-5.00,0.00,0.00,6.7,110.83,640.57,295.66
1.4203,-0.1193,-0.0015,0.4960,-0.00855,0.00147,0.00871,-5.00,0.00,0.00,6.7,110.83,640.57,295.60
1.4304,0.0406,0.2284,0.1760,0.00844,-0.00352,0.00771,-5.00,0.00,0.00,6.8,110.84,640.57,295.56
1.4406,0.0506,0.4284,-0.2839,0.00344,-0.01852,0.00971,-5.00,0.00,0.00,6.8,110.84,640.57,295.50
1.4510,0.1306,-0.0015,0.3560,0.00444,-0.00752,0.00671,-5.00,0.00,0.00,6.9,110.84,640.58,295.46
1.4607,0.1506,-0.0415,0.1360,0.00844,-0.00452,0.00171,-5.00,0.00,0.00,6.9,110.84,640.58,295.40
1.4708,0.0806,-0.1815,0.3660,0.01744,0.00247,0.00171,-5.00,0.00,0.00,7.0,110.84,640.58,295.36
1.4815,-0.0593,-0.2615,0.2460,0.00144,0.00347,0.00271,-5.00,0.00,0.00,7.0,110.84,640.58,295.30
1.4913,-0.1193,-0.0215,0.3460,-0.00655,-0.00052,0.00971,-5.00,0.00,0.00,7.1,110.84,640.58,295.26
1.5013,0.0206,-0.0215,-0.0139,-0.00355,-0.00752,0.00471,-5.00,0.00,0.00,7.1,110.84,640.59,295.20
1.5113,0.0506,0.0584,0.2460,0.00444,-0.00752,0.00871,-5.00,0.00,0.00,7.2,110.84,640.59,295.14
1.5221,-0.0493,-0.7615,0.6160,0.01544,0.01647,-0.00028,-5.00,0.00,0.00,7.2,110.84,640.59,295.10
1.5315,-0.0793,0.3184,-0.0839,-0.01955,-0.02352,0.00971,-5.00,0.00,0.00,7.3,110.84,640.59,295.04
1.5418,-0.0593,0.0184,0.0260,-0.00055,-0.00752,0.00671,-5.00,0.00,0.00,7.3,110.84,640.59,295.00
1.5519,-0.0093,-0.0015,0.2560,-0.01655,-0.01152,0.00471,-5.00,0.00,0.00,7.4,110.84,640.59,294.94
1.5624,0.0906,-0.0615,-0.0039,0.01544,0.00247,0.00371,-5.00,0.00,0.00,7.4,110.84,640.60,294.90
1.5721,0.0806,0.1684,-0.0739,0.00644,0.00247,0.00671,-5.00,0.00,0.00,7.5,110.84,640.60,294.84
1.5823,0.0406,0.0884,0.1460,-0.00255,-0.00952,0.00371,-5.00,0.00,0.00,7.5,110.84,640.60,294.80
1.5926,0.1606,0.1884,-0.0639,-0.00155,-0.00452,0.00571,-5.00,0.00,0.00,7.6,110.84,640.60,294.74
1.6027,0.1506,-0.2915,0.3760,0.01944,0.00647,-0.00128,-5.00,0.00,0.00,7.6,110.84,640.60,294.70
1.6128,0.0606,-0.1615,0.3060,0.01244,0.00147,0.00471,-5.00,0.00,0.00,7.7,110.84,640.61,294.64
1.6227,0.0506,-0.2315,0.2660,0.00644,-0.01152,0.00571,-5.00,0.00,0.00,7.7,110.84,640.61,294.60
1.6329,0.0206,0.0084,0.2360,-0.00855,-0.01052,0.00571,-5.00,0.00,0.00,7.8,110.84,640.61,294.54
1.6430,-0.1093,-0.0715,0.0660,-0.00655,-0.01352,0.00871,-5.00,0.00,0.00,7.8,110.84,640.61,294.50
1.6533,0.2506,-0.1115,0.2860,0.00244,-0.01452,0.00571,-5.00,0.00,0.00,7.9,110.84,640.61,294.44
1.6630,0.2306,-0.0715,0.1460,-0.00555,-0.00852,-0.00028,-5.00,0.00,0.00,7.9,110.84,640.61,294.40
1.6737,0.0706,-0.0715,0.1860,0.02144,-0.00052,0.00571,-5.00,0.00,0.00,8.0,110.84,640.62,294.34
1.6835,0.1106,-0.2215,0.3260,0.01244,0.00947,0.00571,-5.00,0.00,0.00,8.1,110.84,640.62,294.28
1.6935,-0.1193,-0.0815,0.3160,-0.00755,-0.00552,0.00571,-5.00,0.00,0.00,8.1,110.84,640.62,294.24
1.7036,0.0306,-0.1415,0.2160,0.00544,0.00647,0.00571,-5.00,0.00,0.00,8.2,110.84,640.62,294.18
1.7140,0.1906,0.0384,0.1160,0.02044,-0.00552,0.00571,-5.00,0.00,0.00,8.2,110.84,640.62,294.14
1.7239,0.0006,0.2284,-0.0939,-0.00455,-0.01052,0.00971,-5.00,0.00,0.00,8.3,110.84,640.63,294.08
1.7344,-0.0993,-0.1915,0.1560,0.00744,0.00047,0.00371,-5.00,0.00,0.00,8.3,110.84,640.63,294.04
1.7443,-0.0793,0.0384,0.4660,0.00744,0.00747,0.00571,-5.00,0.00,0.00,8.4,110.84,640.63,293.98
1.7543,0.0006,0.0484,0.0260,0.01844,-0.00952,0.01271,-5.00,0.00,0.00,8.4,110.84,640.63,293.94
1.7653,-0.0093,-0.0315,0.1960,0.00144,-0.00452,0.00671,-5.00,0.00,0.00,8.5,110.84,640.63,293.88
1.7746,-0.0193,0.2484,0.0760,0.00344,-0.00252,0.00871,-5.00,0.00,0.00,8.5,110.84,640.64,293.84
1.7848,-0.0693,-0.3415,0.1560,-0.00155,-0.00552,0.00671,-5.00,0.00,0.00,8.6,110.84,640.64,293.78
1.7948,0.1606,0.2684,-0.0639,0.00144,-0.01252,0.00471,-5.00,0.00,0.00,8.6,110.84,640.64,293.74
1.8051,0.2406,-0.2215,0.5660,0.01844,0.00947,0.00371,-5.00,0.00,0.00,8.7,110.84,640.64,293.68
1.8151,0.0906,0.3384,-0.2339,0.00144,-0.01552,0.00871,-5.00,0.00,0.00,8.7,110.84,640.64,293.64
1.8255,-0.0893,0.2184,0.1560,-0.00355,-0.00752,0.00771,-5.00,0.00,0.00,8.8,110.84,640.65,293.58
1.8353,0.1006,0.0784,0.0060,-0.00155,-0.00752,0.00671,-5.00,0.00,0.00,8.8,110.84,640.65,293.54
1.8454,0.0106,-0.1215,0.2560,-0.01755,-0.01552,0.00571,-5.00,0.00,0.00,8.9,110.84,640.65,293.48
1.8555,0.1306,-0.5415,0.4160,0.01744,0.00247,0.00071,-5.00,0.00,0.00,8.9,110.84,640.65,293.42
1.8661,-0.1393,-0.0015,0.2360,0.00844,0.00747,0.00571,-5.00,0.00,0.00,9.0,110.84,640.65,293.38
1.8758,0.1506,-0.3115,0.3660,0.01144,-0.00352,0.00271,-5.00,0.00,0.00,9.0,110.84,640.65,293.32
1.8861,0.0006,-0.1915,0.2360,-0.00855,-0.00552,0.00271,-5.00,0.00,0.00,9.1,110.84,640.66,293.28
1.8964,-0.1093,-0.0915,0.1960,-0.00655,0.00047,0.00571,-5.00,0.00,0.00,9.1,110.84,640.66,293.22
1.9064,0.1506,0.1284,0.2460,-0.00055,-0.00152,0.00571,-5.00,0.00,0.00,9.2,110.84,640.66,293.18
1.9164,0.1806,-0.1315,0.3760,0.00844,-0.00852,0.00671,-5.00,0.00,0.00,9.2,110.84,640.66,293.12
1.9265,-0.0593,0.0884,0.1760,-0.01455,-0.00752,0.00571,-5.00,0.00,0.00,9.3,110.84,640.66,293.08
1.9366,0.0206,0.1184,0.1060,-0.01155,-0.01152,0.00771,-5.00,0.00,0.00,9.3,110.84,640.67,293.02
1.9466,-0.0893,0.2184,-0.3639,-0.00555,-0.01052,0.01071,-5.00,0.00,0.00,9.4,110.84,640.67,292.98
1.9569,0.1906,0.2284,0.1760,0.00144,-0.01652,0.00671,-5.00,0.00,0.00,9.4,110.84,640.67,292.92
1.9667,0.1406,0.0584,0.3560,0.01444,-0.00452,0.00571,-5.00,0.00,0.00,9.5,110.84,640.67,292.88
1.9769,0.2306,-0.2715,0.2760,0.02744,0.00447,0.00071,-5.00,0.00,0.00,9.5,110.84,640.67,292.82
1.9871,-0.0393,0.1584,0.0460,0.00944,-0.00052,0.00671,-5.00,0.00,0.00,9.6,110.84,640.67,292.78
1.9971,-0.0093,-0.2415,0.5360,0.00144,0.00747,0.00371,-5.00,0.00,0.00,9.6,110.84,640.68,292.72
2.0073,0.1006,-0.1415,0.2760,0.01744,-0.00752,0.00371,-5.00,0.00,0.00,9.7,110.85,640.68,292.66
2.0173,-0.1993,0.1784,-0.0039,-0.00555,-0.00552,0.01071,-5.00,0.00,0.00,9.7,110.85,640.68,292.62
2.0274,0.0106,-0.0715,0.2360,0.00944,0.00347,0.00571,-5.00,0.00,0.00,9.8,110.85,640.68,292.56
2.0379,-0.1093,0.1384,0.0460,-0.01255,-0.01252,0.00671,-5.00,0.00,0.00,9.8,110.85,640.68,292.52
2.0478,-0.1893,0.1284,0.2560,-0.00855,-0.00652,0.00571,-5.00,0.00,0.00,9.9,110.85,640.69,292.46
2.0580,-0.0993,0.1884,0.1960,0.00344,0.00347,0.00771,-5.00,0.00,0.00,9.9,110.85,640.69,292.42
2.0680,0.1406,0.2684,0.1260,0.00144,-0.00452,0.00571,-5.00,0.00,0.00,10.0,110.85,640.69,292.36
2.0781,0.0106,0.6784,-0.3939,-0.00155,-0.01352,0.01171,-5.00,0.00,0.00,10.0,110.85,640.69,292.32
2.0884,0.1006,-0.0415,0.3660,-0.00055,-0.00652,0.00771,-5.00,0.00,0.00,10.1,110.85,640.69,292.26
2.0984,-0.1593,0.2884,-0.0539,-0.00555,-0.00952,0.01171,-5.00,0.00,0.00,10.1,110.85,640.70,292.22
2.1084,0.0106,0.2484,-0.2239,0.00644,-0.00952,0.00771,-5.00,0.00,0.00,10.2,110.85,640.70,292.16
2.1185,0.0806,-0.0215,-0.1439,0.01044,0.00047,0.00371,-5.00,0.00,0.00,10.2,110.85,640.70,292.12
2.1288,0.1506,0.2384,-0.1139,0.00044,-0.01352,0.00771,-5.00,0.00,0.00,10.3,110.85,640.70,292.06
2.1388,-0.1493,0.0784,0.0360,0.01244,0.00647,0.00771,-5.00,0.00,0.00,10.3,110.85,640.70,292.02
2.1490,0.1606,0.3184,-0.0739,0.00744,-0.01752,0.00871,-5.00,0.00,0.00,10.4,110.85,640.71,291.96
2.1590,-0.0493,0.3484,-0.2039,-0.00655,-0.00452,0.00871,-5.00,0.00,0.00,10.4,110.85,640.71,291.92
2.1691,0.3006,-0.1215,0.0660,0.03944,0.00047,0.00771,-5.00,0.00,0.00,10.5,110.85,640.71,291.86
2.1795,0.1506,-0.4515,-0.0139,0.01244,-0.01452,0.00371,-5.00,0.00,0.00,10.5,110.85,640.71,291.80
2.1894,0.1206,-0.2215,0.1760,0.00544,-0.01252,0.00471,-5.00,0.00,0.00,10.6,110.85,640.71,291.76
2.1996,0.0906,-0.2815,0.4960,0.00544,0.00247,0.00371,-5.00,0.00,0.00,10.6,110.85,640.71,291.70
2.2097,0.1306,0.3384,0.0060,0.00144,-0.01352,0.00671,-5.00,0.00,0.00,10.7,110.85,640.72,291.66
2.2197,-0.0393,-0.0515,0.2660,0.01044,0.00947,0.00371,-5.00,0.00,0.00,10.7,110.85,640.72,291.60
2.2298,0.1706,0.0884,-0.1239,0.00444,-0.01652,0.00671,-5.00,0.00,0.00,10.8,110.85,640.72,291.56
2.2403,0.0006,0.6084,-0.1439,-0.00055,-0.00152,0.01071,-5.00,0.00,0.00,10.8,110.85,640.72,291.50
2.2501,0.0206,0.2084,0.2160,-0.01255,-0.02052,0.00771,-5.00,0.00,0.00,10.9,110.85,640.72,291.46
2.2601,0.0406,-0.1215,0.1560,0.00644,-0.00252,0.00471,-5.00,0.00,0.00,10.9,110.85,640.73,291.40
2.2705,0.0106,0.3184,-0.1139,0.00144,-0.01352,0.00771,-5.00,0.00,0.00,11.0,110.85,640.73,291.36
2.2804,-0.1693,-0.0415,0.3860,-0.00955,-0.00052,0.00571,-5.00,0.00,0.00,11.0,110.85,640.73,291.30
2.2908,0.0506,-0.0315,0.1560,0.00844,-0.00252,0.00371,-5.00,0.00,0.00,11.1,110.85,640.73,291.26
2.3012,-0.0293,0.2184,0.0060,0.00544,-0.00852,0.00671,-5.00,0.00,0.00,11.1,110.85,640.73,291.20
2.3107,0.1206,-0.0415,0.2360,0.01444,-0.00052,0.00771,-5.00,0.00,0.00,11.2,110.85,640.73,291.16
2.3208,0.1206,0.0884,0.1860,-0.00455,-0.00452,0.00671,-5.00,0.00,0.00,11.2,110.85,640.74,291.10
2.3314,0.1206,-0.0115,0.1860,0.01344,-0.00252,0.00571,-5.00,0.00,0.00,11.3,110.85,640.74,291.06
2.3412,-0.1093,0.2284,0.0860,-0.00155,0.00347,0.00971,-5.00,0.00,0.00,11.3,110.85,640.74,291.00
2.3511,0.2906,-0.0815,0.4160,0.01144,-0.00552,0.00471,-5.00,0.00,0.00,11.4,110.85,640.74,290.96
2.3617,0.0606,0.0884,0.0860,0.00944,0.00247,0.00671,-5.00,0.00,0.00,11.4,110.85,640.74,290.90
2.3714,0.0806,0.2584,-0.0139,-0.00255,-0.01152,0.00871,-5.00,0.00,0.00,11.5,110.85,640.75,290.84
2.3814,-0.0493,-0.2415,0.3160,-0.00355,-0.01052,0.00371,-5.00,0.00,0.00,11.5,110.85,640.75,290.80
2.3918,0.1106,-0.2415,0.3660,0.01244,-0.00552,0.00671,-5.00,0.00,0.00,11.6,110.85,640.75,290.74
2.4018,-0.2293,0.2284,0.0460,0.00744,0.01047,0.00971,-5.00,0.00,0.00,11.6,110.85,640.75,290.70
2.4118,-0.0493,-0.0415,0.3460,0.00644,0.00447,0.00471,-5.00,0.00,0.00,11.7,110.85,640.75,290.64
2.4222,-0.0293,-0.0515,0.1860,0.00944,0.00747,0.00571,-5.00,0.00,0.00,11.7,110.85,640.76,290.60
2.4320,-0.0693,0.1084,0.2960,-0.00055,-0.00052,0.00771,-5.00,0.00,0.00,11.8,110.85,640.76,290.54
2.4424,0.1606,-0.3415,0.2260,0.01544,0.00547,0.00471,-5.00,0.00,0.00,11.8,110.85,640.76,290.50
2.4529,0.0706,-0.0715,0.3460,0.00744,0.00247,0.00271,-5.00,0.00,0.00,11.9,110.85,640.76,290.44
2.4625,0.0106,-0.2015,0.3360,0.01044,0.00047,0.00671,-5.00,0.00,0.00,11.9,110.85,640.76,290.40
2.4726,-0.3093,-0.1115,0.4660,-0.00755,0.00447,0.00671,-5.00,0.00,0.00,12.0,110.85,640.77,290.34
2.4830,-0.0993,-0.1715,0.3960,-0.00155,0.00047,0.00371,-5.00,0.00,0.00,12.0,110.85,640.77,290.30
2.4929,0.1206,-0.1715,0.4260,-0.01255,-0.01452,0.00471,-5.00,0.00,0.00,12.1,110.85,640.77,290.24
2.5031,0.1306,-0.3015,0.4760,0.01644,0.00347,0.00471,-5.00,0.00,0.00,12.1,110.85,640.77,290.20
2.5132,0.0206,0.2284,0.4960,-0.01255,-0.00352,0.00671,-5.00,0.00,0.00,12.2,110.85,640.77,290.14
2.5231,-0.0393,0.1884,0.2560,-0.01555,-0.00852,0.00671,-5.00,0.00,0.00,12.2,110.85,640.77,290.10
2.5334,-0.0393,0.2284,0.1760,0.00844,0.00147,0.01071,-5.00,0.00,0.00,12.3,110.85,640.78,290.04
2.5436,-0.1793,0.0884,0.1660,-0.01355,0.00147,0.00871,-5.00,0.00,0.00,12.4,110.85,640.78,289.98
2.5536,-0.0493,-0.2615,0.4260,0.00244,0.00247,0.00471,-5.00,0.00,0.00,12.4,110.85,640.78,289.94
2.5639,0.0406,-0.1415,0.2560,-0.00655,-0.01252,0.00571,-5.00,0.00,0.00,12.5,110.85,640.78,289.88
2.5738,0.1906,-0.1815,0.1360,0.02344,-0.00252,0.00571,-5.00,0.00,0.00,12.5,110.85,640.78,289.84
2.5839,0.0606,-0.0415,-0.0739,0.01044,-0.00452,0.00371,-5.00,0.00,0.00,12.6,110.86,640.79,289.78
2.5940,-0.0793,0.1784,-0.0139,-0.02055,-0.00652,0.00671,-5.00,0.00,0.00,12.6,110.86,640.79,289.74
2.6044,0.0906,0.1184,0.3660,0.01344,0.00747,0.00871,-5.00,0.00,0.00,12.7,110.86,640.79,289.68
2.6142,0.1306,0.2384,0.0860,0.01444,-0.00352,0.00971,-5.00,0.00,0.00,12.7,110.86,640.79,289.64
2.6243,-0.1093,0.2184,-0.1139,0.00444,0.00647,0.01171,-5.00,0.00,0.00,12.8,110.86,640.79,289.58
2.6347,0.1006,-0.0615,0.3260,0.01144,-0.00252,0.00671,-5.00,0.00,0.00,12.8,110.86,640.80,289.54
2.6446,0.0506,0.1684,0.2960,0.00944,0.00347,0.00871,-5.00,0.00,0.00,12.9,110.86,640.80,289.48
2.6548,-0.0093,-0.1315,0.1760,-0.00155,-0.00052,0.00571,-5.00,0.00,0.00,12.9,110.86,640.80,289.44
2.6651,-0.0593,0.2284,-0.0039,-0.00055,-0.01152,0.01071,-5.00,0.00,0.00,13.0,110.86,640.80,289.38
2.6748,0.0106,0.1084,0.1960,-0.01155,-0.00752,0.00671,-5.00,0.00,0.00,13.0,110.86,640.80,289.34
2.6859,0.1806,0.0384,0.0960,-0.01255,-0.01752,0.00971,-5.00,0.00,0.00,13.1,110.86,640.80,289.28
2.6956,-0.0193,-0.2615,0.3160,0.00844,0.00047,0.00571,-5.00,0.00,0.00,13.1,110.86,640.81,289.22
2.7053,0.0506,0.1684,-0.1339,0.00844,-0.01252,0.00871,-5.00,0.00,0.00,13.2,110.86,640.81,289.18
2.7153,0.0206,-0.0815,0.3560,0.00144,-0.00052,0.00771,-5.00,0.00,0.00,13.2,110.86,640.81,289.12
2.7258,-0.0393,0.0184,0.0660,0.00244,-0.01652,0.00671,-5.00,0.00,0.00,13.3,110.86,640.81,289.08
2.7355,-0.0093,-0.0315,0.1760,0.01544,0.00347,0.01171,-5.00,0.00,0.00,13.3,110.86,640.81,289.02
2.7458,0.0506,0.1384,0.4060,0.00944,0.00247,0.00871,-5.00,0.00,0.00,13.4,110.86,640.82,288.98
2.7563,0.2106,-0.5215,0.5360,0.00944,0.00447,0.00271,-5.00,0.00,0.00,13.4,110.86,640.82,288.92
2.7657,0.0406,-0.2015,0.2360,0.02044,0.00047,0.00471,-5.00,0.00,0.00,13.5,110.86,640.82,288.88
2.7760,0.0906,0.2184,0.0860,0.01044,-0.00052,0.00671,-5.00,0.00,0.00,13.5,110.86,640.82,288.82
2.7863,0.1006,-0.0215,0.2760,0.00044,-0.00552,0.00571,-5.00,0.00,0.00,13.6,110.86,640.82,288.78
2.7966,-0.0593,0.2284,0.0260,0.01644,0.00247,0.00871,-5.00,0.00,0.00,13.6,110.86,640.83,288.72
2.8066,-0.1193,0.4084,0.2760,-0.00755,-0.01252,0.00971,-5.00,0.00,0.00,13.7,110.86,640.83,288.68
2.8166,0.0206,-0.1015,0.4660,-0.01555,-0.00652,0.00471,-5.00,0.00,0.00,13.7,110.86,640.83,288.62
2.8268,0.1306,-0.1815,0.3160,-0.00655,-0.01152,0.00571,-5.00,0.00,0.00,13.8,110.86,640.83,288.58
2.8367,-0.0993,0.1784,0.1860,-0.00155,-0.00552,0.00871,-5.00,0.00,0.00,13.8,110.86,640.83,288.52
2.8470,0.0306,-0.2015,0.1960,0.02044,0.00547,0.00471,-5.00,0.00,0.00,13.9,110.86,640.83,288.48
2.8572,0.0206,0.3084,-0.2939,0.00444,-0.01052,0.01271,-5.00,0.00,0.00,13.9,110.86,640.84,288.42
2.8671,-0.0593,0.3384,0.2260,-0.00955,-0.01652,0.00871,-5.00,0.00,0.00,14.0,110.86,640.84,288.38
2.8771,0.0806,0.1084,0.0960,0.00344,-0.00452,0.01071,-5.00,0.00,0.00,14.0,110.86,640.84,288.32
2.8876,0.0106,0.1884,0.0760,0.01344,0.00047,0.00571,-5.00,0.00,0.00,14.1,110.86,640.84,288.26
2.8974,0.1606,0.1184,-0.0339,0.00344,-0.01952,0.00871,-5.00,0.00,0.00,14.1,110.86,640.84,288.22
2.9076,-0.0093,-0.0815,0.0560,0.01244,-0.00252,0.00771,-5.00,0.00,0.00,14.2,110.86,640.85,288.16
2.9178,-0.0093,0.1684,0.1360,-0.00655,-0.00352,0.00771,-5.00,0.00,0.00,14.2,110.86,640.85,288.12
2.9276,0.1306,-0.3915,0.2060,0.01344,-0.00652,0.00471,-5.00,0.00,0.00,14.3,110.86,640.85,288.06
2.9379,-0.0793,0.1284,0.2260,-0.00355,-0.01152,0.00671,-5.00,0.00,0.00,14.3,110.86,640.85,288.02
2.9482,0.0806,0.0484,0.0160,-0.01155,-0.01752,0.00771,-5.00,0.00,0.00,14.4,110.86,640.85,287.96
2.9580,-0.0093,-0.3215,0.2960,-0.00055,0.00047,0.00771,-5.00,0.00,0.00,14.4,110.86,640.86,287.92
2.9681,0.0606,0.1384,-0.3139,0.00844,-0.01552,0.00871,-5.00,0.00,0.00,14.5,110.86,640.86,287.86
2.9783,-0.0093,0.4684,-0.2439,-0.00155,-0.01952,0.01071,-5.00,0.00,0.00,14.5,110.86,640.86,287.82
2.9884,0.0606,0.3284,0.1060,0.00444,-0.00552,0.00871,-5.00,0.00,0.00,14.6,110.86,640.86,287.76
2.9985,-0.0193,0.0784,0.0560,-0.00855,-0.00652,0.00771,-5.00,0.00,0.00,14.6,110.86,640.86,287.72
3.0086,0.0106,-0.1615,0.2860,0.01144,0.00547,0.00771,-5.00,0.00,0.00,14.7,110.86,640.86,287.66
3.0194,0.0006,-0.0615,0.1760,0.01244,-0.00052,0.00471,-5.00,0.00,0.00,14.7,110.86,640.87,287.62
3.0288,-0.1293,-0.1415,0.2260,0.00944,0.00947,0.00571,-5.00,0.00,0.00,14.8,110.86,640.87,287.56
3.0390,-0.1193,0.0684,0.4260,-0.00855,-0.00252,0.00771,-5.00,0.00,0.00,14.8,110.86,640.87,287.52
3.0495,0.1406,-0.0015,0.2860,0.01044,-0.00652,0.00671,-5.00,0.00,0.00,14.9,110.86,640.87,287.46
3.0593,-0.0393,0.2084,0.0660,-0.00255,-0.00852,0.00771,-5.00,0.00,0.00,14.9,110.86,640.87,287.40
3.0694,0.1906,0.2384,-0.2739,-0.00255,-0.01452,0.00771,-5.00,0.00,0.00,15.0,110.86,640.88,287.36
3.0797,0.1506,-0.0615,-0.0039,0.01244,-0.00052,0.00971,-5.00,0.00,0.00,15.0,110.86,640.88,287.30
3.0895,0.2906,0.0084,0.1860,0.01944,-0.01552,0.01171,-5.00,0.00,0.00,15.1,110.86,640.88,287.26
3.0997,-0.0693,0.0484,0.0960,0.00944,0.00147,0.00471,-5.00,0.00,0.00,15.1,110.86,640.88,287.20
3.1098,0.0006,-0.3015,0.6260,0.01344,0.00747,0.01071,-5.00,0.00,0.00,15.2,110.86,640.88,287.16
3.1202,0.0506,0.1384,-0.2139,-0.00155,-0.01452,0.00871,-5.00,0.00,0.00,15.2,110.86,640.89,287.10
3.1301,-0.0193,0.1384,-0.0739,0.01044,-0.00152,0.00971,-5.00,0.00,0.00,15.3,110.86,640.89,287.06
3.1401,0.0106,-0.0015,0.0860,-0.01155,-0.02152,0.00971,-5.00,0.00,0.00,15.3,110.86,640.89,287.00
3.1504,0.2606,0.0784,0.3260,0.00944,-0.00452,0.00571,-5.00,0.00,0.00,15.4,110.86,640.89,286.96
3.1604,0.0806,0.0184,0.0760,-0.00255,-0.00752,0.00771,-5.00,0.00,0.00,15.4,110.86,640.89,286.90
3.1705,-0.0693,-0.2215,0.2260,0.00044,-0.00952,0.00771,-5.00,0.00,0.00,15.5,110.86,640.89,286.86
3.1808,0.0606,0.5184,-0.1639,-0.02155,-0.02952,0.01171,-5.00,0.00,0.00,15.5,110.87,640.90,286.80
3.1906,0.1306,-0.3215,0.6160,0.01844,0.01347,0.00471,-5.00,0.00,0.00,15.6,110.87,640.90,286.76
3.2007,0.0206,0.0884,0.1660,0.01844,-0.00152,0.00771,-5.00,0.00,0.00,15.6,110.87,640.90,286.70
3.2113,0.3506,0.0384,0.0760,0.02744,-0.00252,0.00971,-5.00,0.00,0.00,15.7,110.87,640.90,286.66
3.2209,-0.0293,0.3984,0.1360,-0.00155,-0.00652,0.00971,-5.00,0.00,0.00,15.7,110.87,640.90,286.60
3.2310,0.1506,-0.0015,0.1260,0.01244,-0.00352,0.00671,-5.00,0.00,0.00,15.8,110.87,640.91,286.56
3.2413,-0.1193,0.0384,0.0160,-0.01355,-0.00152,0.00871,-5.00,0.00,0.00,15.8,110.87,640.91,286.50
3.2515,0.0506,-0.1115,0.1660,-0.01155,-0.01552,0.00671,-5.00,0.00,0.00,15.9,110.87,640.91,286.44
3.2616,0.2006,-0.2015,0.0360,0.02344,0.00047,0.00771,-5.00,0.00,0.00,15.9,110.87,640.91,286.40
3.2717,-0.0193,0.2084,0.0660,-0.00055,-0.00652,0.01171,-5.00,0.00,0.00,16.0,110.87,640.91,286.34
3.2820,-0.0293,-0.0915,0.3460,0.00144,-0.00152,0.00771,-5.00,0.00,0.00,16.0,110.87,640.92,286.30
3.2916,0.0606,-0.1215,0.2860,0.00144,-0.00552,0.00471,-5.00,0.00,0.00,16.1,110.87,640.92,286.24
3.3019,-0.1893,-0.0115,0.3060,-0.00155,-0.00452,0.00971,-5.00,0.00,0.00,16.1,110.87,640.92,286.20
3.3120,-0.0093,-0.1215,0.4260,0.00744,-0.00652,0.00171,-5.00,0.00,0.00,16.2,110.87,640.92,286.14
3.3221,-0.2393,0.2884,-0.0639,-0.00755,-0.00852,0.01171,-5.00,0.00,0.00,16.2,110.87,640.92,286.10
3.3322,0.1006,0.0084,0.0860,0.01544,-0.00152,0.00771,-5.00,0.00,0.00,16.3,110.87,640.93,286.04
3.3422,0.1006,0.0584,0.4060,0.02044,0.00147,0.01171,-5.00,0.00,0.00,16.3,110.87,640.93,286.00
3.3527,0.0906,0.0684,-0.0639,-0.00955,-0.01952,0.00671,-5.00,0.00,0.00,16.4,110.87,640.93,285.94
3.3626,0.0606,-0.0815,0.1460,-0.00955,-0.00752,0.00671,-5.00,0.00,0.00,16.4,110.87,640.93,285.90
3.3727,0.1306,0.3584,0.0360,0.01744,-0.00652,0.01371,-5.00,0.00,0.00,16.5,110.87,640.93,285.85
3.3831,-0.0493,0.4884,-0.1339,-0.00155,-0.00652,0.00871,-5.00,0.00,0.00,16.5,110.87,640.93,285.81
3.3930,-0.0293,0.0684,0.0760,-0.00255,-0.00752,0.00771,-5.00,0.00,0.00,16.6,110.87,640.94,285.75
3.4031,0.1006,-0.2115,0.4060,0.03044,0.00447,0.01071,-5.00,0.00,0.00,16.6,110.87,640.94,285.71
3.4133,0.0506,0.2284,0.1360,0.00244,-0.00152,0.00971,-5.00,0.00,0.00,16.7,110.87,640.94,285.65
3.4232,-0.0093,-0.0815,0.2360,0.00844,0.00547,0.00871,-5.00,0.00,0.00,16.7,110.87,640.94,285.61
3.4335,-0.0593,0.5884,-0.3239,-0.01255,-0.01552,0.01471,-5.00,0.00,0.00,16.8,110.87,640.94,285.55
3.4435,0.0006,0.1084,-0.1739,-0.01455,-0.02052,0.00971,-5.00,0.00,0.00,16.9,110.87,640.95,285.49
3.4536,-0.0293,0.0684,0.2960,0.00144,-0.00952,0.00971,-5.00,0.00,0.00,16.9,110.87,640.95,285.45
3.4636,0.2406,-0.1515,0.3460,0.02144,0.00647,0.00771,-5.00,0.00,0.00,17.0,110.87,640.95,285.39
3.4737,-0.1193,0.0284,0.1460,-0.00455,-0.00152,0.00971,-5.00,0.00,0.00,17.0,110.87,640.95,285.35
3.4843,-0.1093,-0.0215,0.1460,0.00444,0.00447,0.01071,-5.00,0.00,0.00,17.1,110.87,640.95,285.29
3.4940,0.0606,0.0984,-0.1839,0.00344,-0.00852,0.00971,-5.00,0.00,0.00,17.1,110.87,640.95,285.25
3.5041,0.1206,0.3084,-0.0339,0.00444,-0.01052,0.01071,-5.00,0.00,0.00,17.2,110.87,640.96,285.19
3.5144,0.0906,-0.1815,0.4360,0.01044,-0.00552,0.00871,-5.00,0.00,0.00,17.2,110.87,640.96,285.15
3.5244,0.0906,-0.0815,0.1360,0.01644,-0.00052,0.00671,-5.00,0.00,0.00,17.3,110.87,640.96,285.09
3.5346,-0.2193,0.2384,0.1260,-0.02855,-0.01752,0.00971,-5.00,0.00,0.00,17.3,110.87,640.96,285.05
3.5447,-0.1193,0.0384,0.2660,-0.01155,-0.00452,0.00771,-5.00,0.00,0.00,17.4,110.87,640.96,284.99
3.5548,-0.2393,0.2284,-0.0639,-0.01555,-0.00852,0.01271,-5.00,0.00,0.00,17.4,110.87,640.97,284.95
3.5652,0.0206,0.2184,0.0060,-0.00755,-0.01852,0.01371,-5.00,0.00,0.00,17.5,110.87,640.97,284.89
3.5749,-0.0993,-0.1315,0.2260,0.01144,-0.00252,0.00871,-5.00,0.00,0.00,17.5,110.87,640.97,284.85
3.5860,0.0106,-0.0715,0.5560,-0.01455,-0.00752,0.00671,-5.00,0.00,0.00,17.6,110.87,640.97,284.79
3.5953,-0.0193,-0.1115,0.3060,0.00444,-0.00352,0.00571,-5.00,0.00,0.00,17.6,110.87,640.97,284.75
3.6053,0.1506,-0.4515,0.3060,0.00744,-0.00052,-0.00028,-5.00,0.00,0.00,17.7,110.87,640.98,284.69
3.6160,-0.0093,0.1884,-0.0839,-0.00255,-0.00352,0.00771,-5.00,0.00,0.00,17.7,110.87,640.98,284.63
3.6256,0.1806,0.6084,-0.1639,0.01444,-0.01552,0.01571,-5.00,0.00,0.00,17.8,110.87,640.98,284.59
3.6356,-0.0693,0.2484,-0.1639,0.00844,-0.01152,0.01171,-5.00,0.00,0.00,17.8,110.87,640.98,284.53
3.6460,0.1606,0.1484,0.0460,0.01744,-0.00352,0.00771,-5.00,0.00,0.00,17.9,110.87,640.98,284.49
3.6560,0.0206,-0.3915,0.5760,-0.00055,-0.00352,0.00771,-5.00,0.00,0.00,17.9,110.87,640.99,284.43
3.6660,-0.1093,-0.0315,0.1060,0.01844,0.00247,0.01171,-5.00,0.00,0.00,18.0,110.87,640.99,284.39
3.6761,0.0006,-0.0915,0.1560,0.00544,-0.00952,0.00771,-5.00,0.00,0.00,18.0,110.87,640.99,284.33
3.6868,0.0106,-0.1515,0.2560,0.01144,0.00147,0.00971,-5.00,0.00,0.00,18.1,110.87,640.99,284.29
3.6963,0.0506,0.0084,0.3060,-0.01255,-0.00852,0.00871,-5.00,0.00,0.00,18.1,110.87,640.99,284.23
3.7064,-0.0293,-0.3115,0.5460,0.00544,-0.00152,0.00471,-5.00,0.00,0.00,18.2,110.87,640.99,284.19
3.7168,0.1406,-0.1715,0.4260,0.00544,-0.00152,0.00771,-5.00,0.00,0.00,18.2,110.87,641.00,284.13
3.7265,-0.0193,0.0184,0.3560,0.00744,0.00247,0.00571,-5.00,0.00,0.00,18.3,110.87,641.00,284.09
3.7368,-0.0993,-0.2215,0.5060,0.02044,0.01247,0.01071,-5.00,0.00,0.00,18.3,110.87,641.00,284.03
3.7474,0.1306,0.3084,0.0860,-0.00455,-0.01552,0.01271,-5.00,0.00,0.00,18.4,110.87,641.00,283.99
3.7570,-0.1393,-0.0915,0.3660,-0.00355,-0.00952,0.00771,-5.00,0.00,0.00,18.4,110.87,641.00,283.93
3.7660,-0.0993,-0.2715,0.3260,-0.02155,-0.01552,0.00971,-5.00,0.00,0.00,18.5,110.87,641.01,283.89
3.7776,0.0806,0.0784,0.2160,0.00744,-0.00952,0.00771,-5.00,0.00,0.00,18.5,110.87,641.01,283.83
3.7878,0.0806,0.1084,-0.2639,0.00144,-0.01952,0.00871,-5.00,0.00,0.00,18.6,110.88,641.01,283.77
3.7977,-0.0693,-0.0215,-0.0339,0.00744,0.00047,0.00971,-5.00,0.00,0.00,18.6,110.88,641.01,283.73
3.8078,-0.0193,0.2784,0.0660,0.01144,-0.01352,0.01271,-5.00,0.00,0.00,18.7,110.88,641.01,283.67
3.8181,-0.1393,0.0784,0.1560,-0.00855,-0.00352,0.00571,-5.00,0.00,0.00,18.7,110.88,641.01,283.63
3.8280,-0.0593,0.1884,0.1060,-0.00455,-0.00852,0.00871,-5.00,0.00,0.00,18.8,110.88,641.02,283.57
3.8382,-0.0393,0.1584,-0.0439,0.00044,-0.00352,0.01171,-5.00,0.00,0.00,18.8,110.88,641.02,283.53
3.8485,0.1306,0.0684,0.2260,0.00144,-0.00852,0.01071,-5.00,0.00,0.00,18.9,110.88,641.02,283.47
3.8583,0.1106,-0.1315,0.2560,0.00844,-0.00352,0.00571,-5.00,0.00,0.00,18.9,110.88,641.02,283.43
3.8684,0.0306,-0.0615,-0.0339,-0.00555,-0.01452,0.00871,-5.00,0.00,0.00,19.0,110.88,641.02,283.37
3.8785,0.0606,0.5184,-0.2639,0.01544,-0.01152,0.01271,-5.00,0.00,0.00,19.0,110.88,641.03,283.33
3.8887,-0.0093,0.2984,-0.0339,0.00944,-0.00152,0.00971,-5.00,0.00,0.00,19.1,110.88,641.03,283.27
3.8988,-0.0793,-0.1015,0.0860,0.00244,-0.01352,0.01171,-5.00,0.00,0.00,19.1,110.88,641.03,283.23
3.9089,-0.0593,0.1084,-0.0039,-0.00355,-0.00652,0.01071,-5.00,0.00,0.00,19.2,110.88,641.03,283.17
3.9190,-0.1393,-0.1915,0.1360,0.00544,-0.00552,0.00971,-5.00,0.00,0.00,19.2,110.88,641.03,283.13
3.9290,0.0906,-0.1815,0.3960,0.02744,0.00247,0.01071,-5.00,0.00,0.00,19.3,110.88,641.04,283.07
3.9392,0.0706,0.1084,0.1160,0.02444,-0.00652,0.01171,-5.00,0.00,0.00,19.3,110.88,641.04,283.03
3.9496,-0.1093,-0.1015,0.1760,-0.00555,-0.01652,0.00971,-5.00,0.00,0.00,19.4,110.88,641.04,282.97
3.9593,0.2606,-0.1115,0.2660,0.00944,-0.01052,0.01071,-5.00,0.00,0.00,19.4,110.88,641.04,282.91
3.9695,0.2006,0.1384,-0.1439,0.02244,-0.00252,0.00771,-5.00,0.00,0.00,19.5,110.88,641.04,282.87
3.9796,0.0606,0.2684,-0.1039,-0.00155,-0.01252,0.01371,-5.00,0.00,0.00,19.5,110.88,641.05,282.81
3.9897,-0.0293,-0.0215,0.3860,-0.01355,-0.00152,0.01071,-5.00,0.00,0.00,19.6,110.88,641.05,282.77
3.9998,-0.1493,-0.2515,0.4860,-0.00655,-0.00852,0.00771,-5.00,0.00,0.00,19.6,110.88,641.05,282.71
4.0104,-0.0293,0.0984,0.3160,0.01344,0.00047,0.01471,-5.00,0.00,0.00,19.7,110.88,641.05,282.67
4.0204,0.1006,-0.2415,0.4160,0.00744,-0.00652,0.00871,-5.00,0.00,0.00,19.7,110.88,641.05,282.61
4.0303,0.0106,0.1384,0.3060,0.00244,-0.00352,0.00671,-5.00,0.00,0.00,19.8,110.88,641.05,282.57
4.0405,0.1206,0.1384,0.1560,0.01344,-0.00852,0.01471,-5.00,0.00,0.00,19.8,110.88,641.06,282.51
4.0509,-0.1193,0.3384,-0.1039,-0.00055,-0.01252,0.01271,-5.00,0.00,0.00,19.9,110.88,641.06,282.47
4.0608,-0.0093,0.0284,0.1260,0.01844,-0.00452,0.01471,-5.00,0.00,0.00,19.9,110.88,641.06,282.41
4.0710,0.1506,-0.2115,0.4460,0.01344,0.00347,0.00571,-5.00,0.00,0.00,20.0,110.88,641.06,282.37
4.0814,-0.0693,0.0884,0.3260,-0.00855,-0.00852,0.01071,-5.00,0.00,0.00,20.0,110.88,641.06,282.31
4.0910,0.0006,0.2584,-0.1839,-0.01355,-0.02752,0.01271,-5.00,0.00,0.00,20.1,110.88,641.07,282.27
4.1011,0.1106,-0.2315,0.3260,0.00744,-0.00752,0.00871,-5.00,0.00,0.00,20.1,110.88,641.07,282.21
4.1114,0.0306,-0.1315,0.2660,0.00344,-0.00252,0.00771,-5.00,0.00,0.00,20.2,110.88,641.07,282.15
4.1215,-0.0193,-0.0215,0.1360,0.00944,-0.00252,0.00771,-5.00,0.00,0.00,20.2,110.88,641.07,282.11
4.1316,0.3106,-0.2815,0.3260,0.02144,-0.00852,0.00771,-5.00,0.00,0.00,20.3,110.88,641.07,282.05
4.1416,0.0106,-0.0715,0.0760,0.00544,-0.00652,0.00771,-5.00,0.00,0.00,20.3,110.88,641.08,282.01
4.1521,0.1006,-0.1415,0.1760,0.01444,-0.00852,0.00871,-5.00,0.00,0.00,20.4,110.88,641.08,281.95
4.1619,0.2906,0.0084,-0.0639,0.03044,-0.00252,0.01071,-5.00,0.00,0.00,20.4,110.88,641.08,281.91
4.1720,0.2006,0.1284,0.0160,0.01644,-0.00752,0.00971,-5.00,0.00,0.00,20.5,110.88,641.08,281.85
4.1826,-0.1793,-0.0615,0.3460,0.00144,0.00347,0.00771,-5.00,0.00,0.00,20.5,110.88,641.08,281.81
4.1923,-0.1393,-0.0815,0.1260,0.00944,-0.00952,0.00971,-5.00,0.00,0.00,20.6,110.88,641.08,281.75
4.2024,0.0406,0.2084,-0.0139,0.01044,-0.00152,0.01271,-5.00,0.00,0.00,20.6,110.88,641.09,281.71
4.2128,0.0506,-0.1515,0.0360,0.02444,-0.00652,0.00871,-5.00,0.00,0.00,20.7,110.88,641.09,281.65
4.2230,0.0106,0.1184,0.1860,0.00844,-0.01852,0.00971,-5.00,0.00,0.00,20.7,110.88,641.09,281.61
4.2329,0.0406,-0.0715,0.2260,0.01744,-0.00152,0.00471,-5.00,0.00,0.00,20.8,110.88,641.09,281.55
4.2429,-0.0393,0.0784,0.2560,0.00044,-0.01552,0.00971,-5.00,0.00,0.00,20.8,110.88,641.09,281.51
4.2533,-0.0993,0.1884,0.3160,-0.01555,-0.00952,0.00971,-5.00,0.00,0.00,20.9,110.88,641.10,281.45
4.2631,0.3106,-0.1115,0.3360,0.02844,-0.00152,0.00671,-5.00,0.00,0.00,20.9,110.88,641.10,281.41
4.2732,0.1106,-0.1615,0.3560,0.02344,0.00247,0.00871,-5.00,0.00,0.00,21.0,110.88,641.10,281.35
4.2833,0.1306,0.0084,0.3060,0.01544,0.00347,0.00271,-5.00,0.00,0.00,21.0,110.88,641.10,281.31
4.2937,0.0806,0.2584,0.2360,-0.00155,-0.01552,0.01571,-5.00,0.00,0.00,21.1,110.88,641.10,281.25
4.3035,0.0206,0.5784,-0.1639,0.00644,-0.00952,0.01471,-5.00,0.00,0.00,21.2,110.88,641.11,281.19
4.3136,0.2106,-0.1015,0.1660,0.01644,-0.00852,0.00871,-5.00,0.00,0.00,21.2,110.88,641.11,281.15
4.3240,0.1806,0.1684,0.3160,0.03244,0.00147,0.01371,-5.00,0.00,0.00,21.3,110.88,641.11,281.09
4.3340,0.0006,-0.0415,0.2560,-0.00455,-0.00752,0.01071,-5.00,0.00,0.00,21.3,110.88,641.11,281.05
4.3440,-0.0693,0.1084,-0.0639,-0.00455,-0.00752,0.01271,-5.00,0.00,0.00,21.4,110.88,641.11,280.99
4.3544,0.0006,-0.1015,0.4860,0.01444,0.00247,0.00971,-5.00,0.00,0.00,21.4,110.88,641.11,280.95
4.3642,0.1706,-0.0015,0.3260,0.01144,0.00447,0.00771,-5.00,0.00,0.00,21.5,110.88,641.12,280.89
4.3743,0.2706,0.2184,0.0560,0.01544,-0.00452,0.01371,-5.00,0.00,0.00,21.5,110.88,641.12,280.85
4.3844,0.0806,0.1484,-0.0039,-0.01155,-0.02252,0.01071,-5.00,0.00,0.00,21.6,110.88,641.12,280.79
4.3948,-0.0093,0.2284,-0.0839,-0.00255,-0.02052,0.00871,-5.00,0.00,0.00,21.6,110.88,641.12,280.75
4.4047,0.1106,0.1784,-0.0739,0.01444,-0.00452,0.01571,-5.00,0.00,0.00,21.7,110.89,641.12,280.69
4.4148,-0.1393,-0.1415,0.3360,0.01244,0.00747,0.00971,-5.00,0.00,0.00,21.7,110.89,641.13,280.65
4.4251,-0.2093,0.1884,-0.0039,-0.01155,-0.01152,0.01071,-5.00,0.00,0.00,21.8,110.89,641.13,280.59
4.4349,-0.2493,0.1284,-0.1039,-0.01555,-0.01552,0.01371,-5.00,0.00,0.00,21.8,110.89,641.13,280.55
4.4452,-0.1693,-0.0515,-0.0739,-0.01855,-0.02452,0.01071,-5.00,0.00,0.00,21.9,110.89,641.13,280.49
4.4555,0.0406,-0.0915,0.3360,0.01144,0.00047,0.01171,-5.00,0.00,0.00,21.9,110.89,641.13,280.45
4.4653,0.2106,0.1084,0.0460,0.00644,-0.00252,0.00771,-5.00,0.00,0.00,22.0,110.89,641.14,280.39
4.4753,0.1006,0.2284,0.1060,0.00444,-0.00352,0.01271,-5.00,0.00,0.00,22.0,110.89,641.14,280.33
4.4859,0.1506,-0.0015,-0.0339,0.01544,-0.01152,0.01071,-5.00,0.00,0.00,22.1,110.89,641.14,280.29
4.4956,0.0506,-0.0515,0.3960,0.01344,0.00747,0.00871,-5.00,0.00,0.00,22.1,110.89,641.14,280.23
4.5058,-0.0493,0.2584,-0.0639,-0.01255,-0.01952,0.01471,-5.00,0.00,0.00,22.2,110.89,641.14,280.19
4.5162,-0.0293,0.0984,0.0260,0.00344,-0.01452,0.01171,-5.00,0.00,0.00,22.2,110.89,641.15,280.13
4.5259,0.0006,0.3284,-0.0439,0.00144,-0.01552,0.01171,-5.00,0.00,0.00,22.3,110.89,641.15,280.09
4.5361,0.0706,-0.2315,0.3360,-0.00055,-0.01352,0.00971,-5.00,0.00,0.00,22.3,110.89,641.15,280.03
4.5487,0.1306,0.0584,-0.0039,0.02144,-0.00052,0.01071,-5.00,0.00,0.00,22.4,110.89,641.15,279.99
4.5563,-0.0193,-0.1915,0.2560,0.02744,0.00847,0.01271,-5.00,0.00,0.00,22.4,110.89,641.15,279.93
4.5662,0.1606,0.1284,0.2360,-0.00855,-0.02752,0.01071,-5.00,0.00,0.00,22.5,110.89,641.15,279.89
4.5770,0.0706,-0.2315,0.3160,-0.00655,-0.01052,0.00971,-5.00,0.00,0.00,22.5,110.89,641.16,279.83
4.5876,-0.1593,0.0584,0.3060,-0.01155,-0.00352,0.01171,-5.00,0.00,0.00,22.6,110.89,641.16,279.79
4.5973,0.1906,0.3784,-0.3439,0.00844,-0.02552,0.01471,-5.00,0.00,0.00,22.6,110.89,641.16,279.73
4.6069,-0.0793,-0.1015,0.4060,-0.00155,-0.00852,0.01371,-5.00,0.00,0.00,22.7,110.89,641.16,279.69
4.6172,0.1406,-0.1315,0.3760,0.01744,-0.00452,0.00771,-5.00,0.00,0.00,22.7,110.89,641.16,279.63
4.6272,0.1306,-0.0615,0.2660,0.01144,-0.00152,0.01171,-5.00,0.00,0.00,22.8,110.89,641.17,279.59
4.6373,0.0906,-0.0615,0.1160,0.01644,-0.01152,0.01071,-5.00,0.00,0.00,22.8,110.89,641.17,279.53
4.6474,-0.1293,0.0484,0.2360,0.00544,-0.00152,0.01171,-5.00,0.00,0.00,22.9,110.89,641.17,279.47
4.6575,0.0906,0.2284,0.1560,-0.00255,-0.01552,0.01371,-5.00,0.00,0.00,22.9,110.89,641.17,279.43
4.6676,0.0106,0.1884,0.0360,-0.01355,-0.01452,0.01371,-5.00,0.00,0.00,23.0,110.89,641.17,279.37
4.6776,0.0906,0.0284,-0.0339,0.02644,-0.00152,0.01071,-5.00,0.00,0.00,23.0,110.89,641.17,279.33
4.6879,0.0606,-0.0215,-0.1139,0.00844,-0.01252,0.00771,-5.00,0.00,0.00,23.1,110.89,641.18,279.27
4.6981,-0.0593,-0.1215,0.2760,-0.00655,-0.01352,0.01271,-5.00,0.00,0.00,23.1,110.89,641.18,279.23
4.7082,0.0006,0.0284,0.1860,0.01444,-0.00152,0.00771,-5.00,0.00,0.00,23.2,110.89,641.18,279.17
4.7189,-0.0993,0.0284,0.1660,0.00944,-0.00452,0.00871,-5.00,0.00,0.00,23.2,110.89,641.18,279.13
4.7284,0.0506,0.1984,0.1860,-0.00655,-0.01352,0.01371,-5.00,0.00,0.00,23.3,110.89,641.18,279.07
4.7385,0.1806,0.0284,0.1160,0.02744,-0.00652,0.01171,-5.00,0.00,0.00,23.3,110.89,641.19,279.03
4.7488,0.0706,-0.2315,0.3560,0.00744,-0.00252,0.00771,-5.00,0.00,0.00,23.4,110.89,641.19,278.97
4.7586,-0.0293,0.0584,0.2860,0.00644,-0.00052,0.01271,-5.00,0.00,0.00,23.4,110.89,641.19,278.93
4.7687,0.1306,0.0884,-0.0339,0.00844,-0.01552,0.01271,-5.00,0.00,0.00,23.5,110.89,641.19,278.87
4.7789,-0.0193,-0.3115,0.2360,0.01244,0.00647,0.00771,-5.00,0.00,0.00,23.5,110.89,641.19,278.83
4.7892,0.1606,-0.1615,0.0460,0.00544,-0.00352,0.01271,-5.00,0.00,0.00,23.6,110.89,641.20,278.77
4.7990,0.1006,0.0784,0.2560,0.00244,-0.00452,0.00871,-5.00,0.00,0.00,23.6,110.89,641.20,278.73
4.8094,0.0406,-0.0315,0.2260,0.00644,-0.01252,0.01471,-5.00,0.00,0.00,23.7,110.89,641.20,278.67
4.8196,-0.0293,0.0284,0.0460,-0.00855,-0.01052,0.01171,-5.00,0.00,0.00,23.7,110.89,641.20,278.61
4.8294,-0.1493,-0.0215,0.0560,0.00344,-0.00852,0.00771,-5.00,0.00,0.00,23.8,110.89,641.20,278.57
4.8395,0.2906,-0.0815,0.2260,0.03044,-0.01052,0.01071,-5.00,0.00,0.00,23.8,110.89,641.21,278.51
4.8499,0.0006,0.2984,-0.1839,0.00244,-0.01752,0.01671,-5.00,0.00,0.00,23.9,110.89,641.21,278.47
4.8597,-0.0093,0.1084,0.1460,-0.00555,-0.01252,0.00871,-5.00,0.00,0.00,23.9,110.89,641.21,278.41
4.8698,0.1606,0.0684,-0.0139,0.01244,-0.01552,0.01271,-5.00,0.00,0.00,24.0,110.89,641.21,278.37
4.8799,-0.0293,0.3084,0.2060,-0.00355,-0.00252,0.01371,-5.00,0.00,0.00,24.0,110.89,641.21,278.31
4.8901,0.1606,0.1484,0.1160,0.01044,-0.00652,0.01271,-5.00,0.00,0.00,24.1,110.89,641.21,278.27
4.9002,-0.1093,0.3484,-0.1639,-0.00855,-0.01452,0.01471,-5.00,0.00,0.00,24.1,110.89,641.22,278.21
4.9103,0.0606,0.0484,0.3860,-0.00855,-0.00352,0.01271,-5.00,0.00,0.00,24.2,110.89,641.22,278.17
4.9207,0.1306,0.2284,-0.0839,0.01744,-0.01652,0.01471,-5.00,0.00,0.00,24.2,110.89,641.22,278.11
4.9306,-0.0093,0.0784,0.1360,0.01044,-0.01452,0.01071,-5.00,0.00,0.00,24.3,110.89,641.22,278.07
4.9406,0.0606,0.0784,0.1160,-0.00755,-0.01352,0.00971,-5.00,0.00,0.00,24.3,110.89,641.22,278.01
4.9508,-0.0593,-0.1615,0.3360,0.00944,0.00047,0.00771,-5.00,0.00,0.00,24.4,110.89,641.23,277.97
4.9608,-0.0793,0.2884,0.0960,-0.00755,-0.01552,0.01971,-5.00,0.00,0.00,24.4,110.89,641.23,277.91
4.9709,-0.0493,-0.3715,0.6260,0.01044,-0.00552,0.01171,-5.00,0.00,0.00,24.5,110.89,641.23,277.87
4.9813,0.2406,-0.2015,0.3760,0.02744,-0.00152,0.00871,-5.00,0.00,0.00,24.5,110.89,641.23,277.81
4.9913,0.0406,-0.0615,0.1960,0.01844,-0.00752,0.00671,-5.00,0.00,0.00,24.6,110.89,641.23,277.77
5.0013,0.1606,0.0284,0.1860,0.00444,-0.00452,0.01271,-5.00,0.00,0.00,24.6,110.89,641.24,277.71
5.0115,0.1606,-0.0215,0.0360,0.02244,0.00047,0.01071,-5.00,0.00,0.00,24.7,110.89,641.24,277.65
5.0218,-0.0093,0.1984,0.1860,0.01144,-0.00252,0.01571,-5.00,0.00,0.00,24.7,110.89,641.24,277.61
5.0317,0.0106,0.2084,0.1860,-0.00255,-0.01152,0.01471,-5.00,0.00,0.00,24.8,110.90,641.24,277.55
5.0418,-0.0093,-0.0315,0.3760,-0.00555,-0.00452,0.01271,-5.00,0.00,0.00,24.8,110.90,641.24,277.51
5.0520,0.1306,-0.0115,0.4460,0.01244,-0.00352,0.01371,-5.00,0.00,0.00,24.9,110.90,641.24,277.45
5.0620,0.0806,0.1484,0.1160,0.01644,-0.00852,0.01471,-5.00,0.00,0.00,24.9,110.90,641.25,277.41
5.0722,0.2006,0.2484,0.0160,0.01344,-0.01752,0.01171,-5.00,0.00,0.00,25.0,110.90,641.25,277.35
5.0823,0.0006,-0.1815,0.4060,0.01444,0.00847,0.00471,-5.00,0.00,0.00,25.0,110.90,641.25,277.31
5.0924,-0.1093,-0.0215,0.1960,-0.00255,-0.01852,0.01171,-5.00,0.00,0.00,25.1,110.90,641.25,277.25
5.1026,-0.1593,0.0984,0.5260,0.00244,0.00147,0.01371,-5.00,0.00,0.00,25.1,110.90,641.25,277.21
5.1126,0.0306,-0.1115,0.3160,0.02644,0.00647,0.01271,-5.00,0.00,0.00,25.2,110.90,641.26,277.15
5.1229,0.0206,0.0684,0.0060,0.00444,-0.01552,0.01371,-5.00,0.00,0.00,25.2,110.90,641.26,277.11
5.1329,-0.0793,0.1984,0.1160,0.01044,-0.01052,0.01271,-5.00,0.00,0.00,25.3,110.90,641.26,277.05
5.1430,0.1706,0.0884,0.2360,0.02544,0.00547,0.01371,-5.00,0.00,0.00,25.3,110.90,641.26,277.01
5.1533,0.1706,0.2084,0.2160,0.00944,-0.00552,0.00871,-5.00,0.00,0.00,25.4,110.90,641.26,276.95
5.1632,0.1106,0.1084,0.2260,0.02644,0.00247,0.01371,-5.00,0.00,0.00,25.4,110.90,641.26,276.91
5.1733,-0.1293,0.0084,0.1160,0.00944,-0.00152,0.01671,-5.00,0.00,0.00,25.5,110.90,641.27,276.85
5.1835,0.1306,-0.1415,0.2860,0.00944,-0.00152,0.00871,-5.00,0.00,0.00,25.6,110.90,641.27,276.79
5.1934,-0.1693,0.3884,-0.0739,-0.00155,-0.01052,0.02071,-5.00,0.00,0.00,25.6,110.90,641.27,276.75
5.2036,-0.1193,-0.0915,0.0860,-0.00155,-0.00852,0.01671,-5.00,0.00,0.00,25.7,110.90,641.27,276.69
5.2144,0.1306,0.2784,0.1660,-0.00055,-0.01952,0.01071,-5.00,0.00,0.00,25.7,110.90,641.27,276.65
5.2243,-0.0093,0.1084,-0.0939,0.01244,-0.01152,0.01371,-5.00,0.00,0.00,25.8,110.90,641.28,276.59
5.2341,0.1806,0.1784,0.0760,0.01444,-0.01452,0.01071,-5.00,0.00,0.00,25.8,110.90,641.28,276.55
5.2443,0.0606,-0.0715,0.2560,0.00844,-0.00252,0.01171,-5.00,0.00,0.00,25.9,110.90,641.28,276.49
5.2545,0.0306,-0.1415,0.1960,0.01144,-0.00952,0.00971,-5.00,0.00,0.00,25.9,110.90,641.28,276.45
5.2644,0.0206,0.0284,0.2660,0.01144,0.00047,0.01271,-5.00,0.00,0.00,26.0,110.90,641.28,276.39
5.2745,-0.0493,-0.3215,0.4760,0.00544,-0.00652,0.01071,-5.00,0.00,0.00,26.0,110.90,641.29,276.35
5.2851,0.0806,0.1384,0.2360,0.01944,-0.00452,0.01371,-5.00,0.00,0.00,26.1,110.90,641.29,276.29
5.2945,0.1206,-0.2615,0.3360,0.01044,-0.00552,0.00971,-5.00,0.00,0.00,26.1,110.90,641.29,276.25
5.3048,0.0806,0.2284,0.0760,0.01144,-0.01152,0.01471,-5.00,0.00,0.00,26.2,110.90,641.29,276.19
5.3148,-0.0493,-0.1915,0.4360,0.01644,0.00247,0.01071,-5.00,0.00,0.00,26.2,110.90,641.29,276.15
5.3250,0.0206,-0.0515,-0.1539,0.01044,-0.00852,0.01171,-5.00,0.00,0.00,26.3,110.90,641.30,276.09
5.3354,-0.0493,-0.0815,0.3560,0.00744,-0.00852,0.01271,-5.00,0.00,0.00,26.3,110.90,641.30,276.05
5.3455,-0.1093,-0.0815,0.0460,0.00344,-0.01552,0.01371,-5.00,0.00,0.00,26.4,110.90,641.30,275.99
5.3561,0.1506,-0.0515,0.0860,-0.00155,-0.01652,0.01371,-5.00,0.00,0.00,26.4,110.90,641.30,275.93
5.3663,0.0206,-0.0115,-0.1139,-0.00555,-0.01452,0.00871,-5.00,0.00,0.00,26.5,110.90,641.30,275.89
5.3756,0.2206,-0.0015,0.2360,0.01444,-0.00252,0.01271,-5.00,0.00,0.00,26.5,110.90,641.31,275.83
5.3861,0.1506,0.3384,-0.2639,0.01444,-0.01652,0.01271,-5.00,0.00,0.00,26.6,110.90,641.31,275.79
5.3959,-0.0393,0.0884,0.0760,-0.00455,-0.01852,0.01071,-5.00,0.00,0.00,26.6,110.90,641.31,275.73
5.4061,-0.0393,0.0184,0.2460,0.01844,0.00047,0.00971,-5.00,0.00,0.00,26.7,110.90,641.31,275.69
5.4166,-0.0893,-0.1215,0.3260,0.01044,-0.00452,0.00971,-5.00,0.00,0.00,26.7,110.90,641.31,275.63
5.4263,0.2006,0.3284,-0.2939,0.01544,-0.01552,0.01371,-5.00,0.00,0.00,26.8,110.90,641.31,275.59
5.4364,-0.0293,0.0684,-0.0139,0.00244,-0.00952,0.01671,-5.00,0.00,0.00,26.8,110.90,641.32,275.53
5.4465,-0.0493,0.2484,0.2960,0.00944,-0.00252,0.01571,-5.00,0.00,0.00,26.9,110.90,641.32,275.49
5.4567,-0.1293,0.1284,0.4660,-0.00355,-0.00152,0.01071,-5.00,0.00,0.00,26.9,110.90,641.32,275.43
5.4666,0.1706,-0.1815,0.3260,0.02744,-0.00052,0.01071,-5.00,0.00,0.00,27.0,110.90,641.32,275.39
5.4768,-0.1093,0.0784,0.2260,-0.00555,-0.01552,0.01471,-5.00,0.00,0.00,27.0,110.90,641.32,275.33
5.4869,-0.0193,0.0084,0.1660,0.00844,-0.00752,0.00771,-5.00,0.00,0.00,27.1,110.90,641.33,275.29
5.4970,0.0706,-0.2115,0.4560,0.01144,-0.00252,0.01271,-5.00,0.00,0.00,27.1,110.90,641.33,275.23
5.5071,0.0806,-0.1115,0.3860,0.01244,-0.00352,0.01071,-5.00,0.00,0.00,27.2,110.90,641.33,275.19
5.5173,-0.0393,0.0884,0.3760,0.01044,-0.01252,0.00971,-5.00,0.00,0.00,27.2,110.90,641.33,275.13
5.5273,-0.0493,0.1784,0.1660,-0.01855,-0.01952,0.01071,-5.00,0.00,0.00,27.3,110.90,641.33,275.09
5.5375,-0.1193,0.1684,0.1460,-0.00755,-0.00652,0.01071,-5.00,0.00,0.00,27.3,110.90,641.33,275.03
5.5476,0.0506,0.0484,0.0660,0.01344,0.00247,0.01071,-5.00,0.00,0.00,27.4,110.90,641.34,274.98
5.5576,0.0306,-0.2015,0.3260,0.01744,-0.00052,0.01271,-5.00,0.00,0.00,27.4,110.90,641.34,274.94
5.5661,-0.0093,0.1084,-0.0539,0.00644,-0.01052,0.01471,-5.00,0.00,0.00,27.5,110.90,641.34,274.90
5.5780,0.1606,-0.2015,0.3560,0.00344,-0.00652,0.01171,-5.00,0.00,0.00,27.5,110.90,641.34,274.84
5.5880,-0.1293,0.0384,0.4860,-0.00555,0.00247,0.01171,-5.00,0.00,0.00,27.6,110.90,641.34,274.78
5.5981,0.2706,-0.1915,0.0860,0.01644,-0.00952,0.01171,-5.00,0.00,0.00,27.6,110.90,641.35,274.74
5.6083,-0.0493,0.1084,0.0560,-0.00455,-0.01352,0.01271,-5.00,0.00,0.00,27.7,110.90,641.35,274.68
5.6186,-0.0393,-0.1015,-0.0139,-0.00155,-0.01052,0.01171,-5.00,0.00,0.00,27.7,110.90,641.35,274.64
5.6285,-0.0493,-0.0315,0.5060,-0.00555,-0.00852,0.01371,-5.00,0.00,0.00,27.8,110.90,641.35,274.58
5.6387,-0.2293,0.2284,0.1560,-0.01955,-0.01752,0.01071,-5.00,0.00,0.00,27.8,110.90,641.35,274.54
5.6487,0.2106,-0.1415,-0.0839,0.01944,-0.01152,0.01171,-5.00,0.00,0.00,27.9,110.90,641.36,274.48
5.6588,-0.0193,0.0584,0.0360,0.01144,-0.00252,0.01371,-5.00,0.00,0.00,27.9,110.90,641.36,274.44
5.6691,0.1306,-0.3415,0.2460,0.00144,-0.01152,0.00871,-5.00,0.00,0.00,28.0,110.91,641.36,274.38
5.6793,0.0206,0.0984,0.0360,-0.00455,-0.01052,0.01271,-5.00,0.00,0.00,28.0,110.91,641.36,274.34
5.6892,-0.0493,-0.1815,0.2260,0.00644,-0.00652,0.01171,-5.00,0.00,0.00,28.1,110.91,641.36,274.28
5.6993,-0.0593,0.3084,0.0260,0.00344,-0.01052,0.01571,-5.00,0.00,0.00,28.1,110.91,641.36,274.24
5.7093,0.0506,-0.1715,0.3460,0.02644,-0.00752,0.01171,-5.00,0.00,0.00,28.2,110.91,641.37,274.18
5.7196,-0.1493,-0.0215,0.0960,0.00544,-0.00652,0.01371,-5.00,0.00,0.00,28.2,110.91,641.37,274.12
5.7296,0.0306,0.1084,0.1260,0.02544,-0.00352,0.01671,-5.00,0.00,0.00,28.3,110.91,641.37,274.08
5.7397,-0.1793,0.0684,0.0960,0.00544,-0.01452,0.01671,-5.00,0.00,0.00,28.3,110.91,641.37,274.02
5.7500,-0.2593,-0.2115,0.4960,-0.00555,-0.00252,0.01071,-5.00,0.00,0.00,28.4,110.91,641.37,273.98
5.7599,0.2206,-0.1015,0.4860,0.01644,-0.00652,0.01071,-5.00,0.00,0.00,28.4,110.91,641.38,273.92
5.7700,-0.0493,0.0584,0.3160,-0.00155,-0.00652,0.01371,-5.00,0.00,0.00,28.5,110.91,641.38,273.88
5.7803,0.1406,0.2884,0.0060,0.02844,-0.01152,0.01671,-5.00,0.00,0.00,28.5,110.91,641.38,273.82
5.7903,-0.1893,0.3984,-0.0939,-0.01155,-0.01652,0.01671,-5.00,0.00,0.00,28.6,110.91,641.38,273.78
5.8006,-0.0193,-0.2415,0.3260,-0.00655,-0.00852,0.00771,-5.00,0.00,0.00,28.6,110.91,641.38,273.72
5.8104,-0.0393,0.1284,-0.2639,0.00744,-0.00952,0.01371,-5.00,0.00,0.00,28.7,110.91,641.39,273.68
5.8207,0.0906,0.1684,-0.0739,-0.00255,-0.02052,0.01271,-5.00,0.00,0.00,28.7,110.91,641.39,273.62
5.8307,0.0806,0.0584,0.3660,0.02344,-0.01152,0.01371,-5.00,0.00,0.00,28.8,110.91,641.39,273.58
5.8413,0.1406,-0.2815,0.6360,0.02444,0.00447,0.00971,-5.00,0.00,0.00,28.8,110.91,641.39,273.52
5.8519,-0.1293,0.4784,-0.0139,-0.01655,-0.01552,0.01771,-5.00,0.00,0.00,28.9,110.91,641.39,273.48
5.8611,-0.0393,0.1984,0.0060,0.00244,-0.01352,0.01471,-5.00,0.00,0.00,28.9,110.91,641.40,273.42
5.8712,0.2306,0.2584,-0.1939,0.02244,-0.01452,0.01571,-5.00,0.00,0.00,29.0,110.91,641.40,273.38
5.8814,0.0406,0.0384,0.2160,0.00944,-0.00852,0.01671,-5.00,0.00,0.00,29.0,110.91,641.40,273.32
5.8914,0.1406,-0.0215,0.2160,0.00944,-0.00552,0.00871,-5.00,0.00,0.00,29.1,110.91,641.40,273.26
5.9016,0.1406,0.1084,-0.1639,-0.00155,-0.02152,0.01371,-5.00,0.00,0.00,29.1,110.91,641.40,273.22
5.9117,-0.0393,-0.3215,0.3360,0.01344,-0.00552,0.00971,-5.00,0.00,0.00,29.2,110.91,641.40,273.16
5.9220,0.0306,-0.1115,0.0460,-0.00255,-0.01552,0.01371,-5.00,0.00,0.00,29.2,110.91,641.41,273.12
5.9319,-0.0093,-0.0615,0.4960,0.00144,-0.00752,0.01071,-5.00,0.00,0.00,29.3,110.91,641.41,273.06
5.9421,0.0906,-0.0315,0.1360,0.00244,-0.00752,0.01471,-5.00,0.00,0.00,29.3,110.91,641.41,273.02
5.9525,0.0306,0.0284,0.4560,0.00844,0.00047,0.01071,-5.00,0.00,0.00,29.4,110.91,641.41,272.96
5.9622,-0.0393,0.4984,-0.3439,-0.00055,-0.02252,0.01571,-5.00,0.00,0.00,29.4,110.91,641.41,272.92
5.9723,-0.0893,0.1384,0.2460,0.00944,0.00147,0.01071,-5.00,0.00,0.00,29.5,110.91,641.42,272.86
5.9826,-0.1293,0.1384,0.1560,-0.00355,-0.01152,0.01771,-5.00,0.00,0.00,29.5,110.91,641.42,272.82
5.9926,0.0806,-0.3915,0.6760,0.00744,-0.01252,0.01271,-5.00,0.00,0.00,29.6,110.91,641.42,272.76
6.0026,-0.0193,0.4784,-0.3139,0.00844,-0.01452,0.01471,-5.00,0.00,0.00,29.6,110.91,641.42,272.72
6.0128,0.0806,0.1284,-0.0039,0.00644,-0.00752,0.01471,-5.00,0.00,0.00,29.7,110.91,641.42,272.66
6.0233,0.0006,0.2084,-0.0839,0.00744,-0.00852,0.01571,-5.00,0.00,0.00,29.7,110.91,641.42,272.62
6.0330,-0.2193,0.1384,0.0260,-0.00655,-0.00352,0.01571,-5.00,0.00,0.00,29.8,110.91,641.43,272.56
6.0431,-0.0793,0.3384,-0.0739,0.00144,-0.01052,0.01771,-5.00,0.00,0.00,29.8,110.91,641.43,272.52
6.0533,-0.0693,-0.1515,0.3160,0.02144,0.00347,0.01471,-5.00,0.00,0.00,29.9,110.91,641.43,272.46
6.0633,-0.1893,0.0784,0.0860,0.00244,-0.00352,0.01171,-5.00,0.00,0.00,29.9,110.91,641.43,272.42
6.0736,-0.0593,0.1484,-0.0039,-0.00055,-0.00352,0.01571,-5.00,0.00,0.00,30.0,110.91,641.43,272.36
6.0838,-0.1893,-0.1315,0.3160,-0.00655,-0.01352,0.01171,-5.00,0.00,0.00,30.1,110.91,641.44,272.30
6.0937,-0.0493,-0.0815,0.5160,0.01144,0.00147,0.01471,-5.00,0.00,0.00,30.1,110.91,641.44,272.26
6.1066,0.0206,0.2084,0.1460,0.01044,-0.01552,0.01271,-5.00,0.00,0.00,30.2,110.91,641.44,272.20
6.1140,-0.1393,-0.1715,0.4060,0.00044,-0.00652,0.01271,-5.00,0.00,0.00,30.2,110.91,641.44,272.16
6.1240,0.0206,-0.3615,0.3360,0.00144,-0.00652,0.01171,-5.00,0.00,0.00,30.3,110.91,641.44,272.10
6.1342,-0.0193,-0.0215,0.2160,-0.01255,-0.01852,0.01071,-5.00,0.00,0.00,30.3,110.91,641.45,272.06
6.1443,-0.0293,-0.0915,0.4660,0.01244,-0.00152,0.01171,-5.00,0.00,0.00,30.4,110.91,641.45,272.00
6.1547,-0.2193,0.2184,0.0160,-0.01255,-0.00852,0.01271,-5.00,0.00,0.00,30.4,110.91,641.45,271.96
6.1646,-0.0593,0.2684,0.0160,0.02644,-0.00752,0.01571,-5.00,0.00,0.00,30.5,110.91,641.45,271.90
6.1747,-0.0493,-0.4315,0.4260,0.00044,-0.00152,0.00971,-5.00,0.00,0.00,30.5,110.91,641.45,271.86
6.1849,0.1006,-0.1615,0.1260,0.00544,-0.00352,0.01071,-5.00,0.00,0.00,30.6,110.91,641.46,271.80
6.1947,0.0206,0.2284,-0.2639,0.01944,-0.01352,0.01571,-5.00,0.00,0.00,30.6,110.91,641.46,271.76
6.2049,0.1206,-0.1315,-0.1139,0.01744,-0.01452,0.01271,-5.00,0.00,0.00,30.7,110.91,641.46,271.70
6.2154,0.1906,-0.1015,0.2060,0.02344,-0.00252,0.01271,-5.00,0.00,0.00,30.7,110.91,641.46,271.66
6.2253,-0.1993,0.2184,0.0060,-0.00955,-0.01652,0.01371,-5.00,0.00,0.00,30.8,110.91,641.46,271.60
6.2353,0.0506,0.0584,0.0260,0.00344,-0.01652,0.01171,-5.00,0.00,0.00,30.8,110.91,641.46,271.56
6.2454,0.2906,0.1684,-0.0439,0.02144,-0.01152,0.01271,-5.00,0.00,0.00,30.9,110.91,641.47,271.50
6.2556,0.1706,-0.2215,0.4560,0.01444,-0.00352,0.01071,-5.00,0.00,0.00,30.9,110.91,641.47,271.44
6.2656,0.0206,0.1084,-0.0339,-0.00055,-0.01252,0.01471,-5.00,0.00,0.00,31.0,110.91,641.47,271.40
6.2757,0.0506,0.0284,0.0960,0.03344,-0.00352,0.01371,-5.00,0.00,0.00,31.0,110.91,641.47,271.34
6.2862,0.0006,-0.1915,0.3260,0.00144,-0.00252,0.01071,-5.00,0.00,0.00,31.1,110.91,641.47,271.30
6.2959,0.0906,0.2584,-0.0239,-0.00255,-0.01852,0.01771,-5.00,0.00,0.00,31.1,110.91,641.48,271.24
6.3061,-0.1093,0.2984,0.1660,-0.01255,-0.01452,0.01571,-5.00,0.00,0.00,31.2,110.91,641.48,271.20
6.3165,0.1106,0.1384,0.0960,-0.00555,-0.01852,0.01471,-5.00,0.00,0.00,31.2,110.92,641.48,271.14
6.3263,0.0006,-0.0715,0.3060,-0.00055,-0.01052,0.01471,-5.00,0.00,0.00,31.3,110.92,641.48,271.10
6.3365,0.1006,-0.1615,0.3260,0.01344,0.00247,0.00971,-5.00,0.00,0.00,31.3,110.92,641.48,271.04
6.3466,-0.0793,0.2084,0.1060,0.01144,-0.00752,0.01371,-5.00,0.00,0.00,31.4,110.92,641.49,271.00
6.3568,0.0106,0.0284,0.0860,0.00444,-0.01152,0.01571,-5.00,0.00,0.00,31.4,110.92,641.49,270.94
6.3667,0.0906,-0.3015,0.3760,0.01544,0.00247,0.00871,-5.00,0.00,0.00,31.5,110.92,641.49,270.90
6.3770,0.1006,0.1184,0.1560,0.02544,-0.00352,0.01471,-5.00,0.00,0.00,31.5,110.92,641.49,270.84
6.3870,-0.0293,0.1084,0.2760,0.01044,-0.00552,0.01771,-5.00,0.00,0.00,31.6,110.92,641.49,270.80
6.3971,-0.1093,-0.0115,0.0560,-0.00055,-0.00952,0.01371,-5.00,0.00,0.00,31.6,110.92,641.49,270.74
6.4072,-0.0993,-0.1015,0.2860,-0.00055,0.00047,0.01771,-5.00,0.00,0.00,31.7,110.92,641.50,270.70
6.4175,0.0606,0.2084,0.1560,-0.01255,-0.02052,0.01471,-5.00,0.00,0.00,31.7,110.92,641.50,270.64
6.4273,0.2606,-0.2615,0.4460,-0.00355,-0.01252,0.00871,-5.00,0.00,0.00,31.8,110.92,641.50,270.60
6.4376,-0.1693,-0.2315,0.0460,-0.01955,-0.01352,0.01271,-5.00,0.00,0.00,31.8,110.92,641.50,270.54
6.4476,0.2206,-0.1315,0.4260,0.01744,-0.00752,0.01171,-5.00,0.00,0.00,31.9,110.92,641.50,270.48
6.4576,0.1106,-0.2315,0.3060,0.02844,0.00247,0.00971,-5.00,0.00,0.00,31.9,110.92,641.51,270.44
6.4679,0.1606,-0.2615,0.3360,0.00944,-0.00152,0.00971,-5.00,0.00,0.00,32.0,110.92,641.51,270.38
6.4780,-0.2093,0.1484,0.1160,0.01244,-0.00252,0.01371,-5.00,0.00,0.00,32.0,110.92,641.51,270.34
6.4881,0.0406,0.0184,0.3760,0.00444,-0.00852,0.01071,-5.00,0.00,0.00,32.1,110.92,641.51,270.28
6.4981,0.0806,0.0184,-0.1239,-0.00155,-0.01752,0.01471,-5.00,0.00,0.00,32.1,110.92,641.51,270.24
6.5082,0.0106,0.1484,-0.2639,0.00444,-0.01852,0.00971,-5.00,0.00,0.00,32.2,110.92,641.52,270.18
6.5185,-0.0593,0.0884,0.1260,0.00544,-0.00652,0.01271,-5.00,0.00,0.00,32.2,110.92,641.52,270.14
6.5285,0.2406,0.1984,0.1760,0.01044,-0.01552,0.01671,-5.00,0.00,0.00,32.3,110.92,641.52,270.08
6.5386,-0.1493,0.0384,0.0460,-0.01555,-0.01252,0.01471,-5.00,0.00,0.00,32.3,110.92,641.52,270.04
6.5488,-0.0093,0.0284,0.3660,0.01244,-0.00652,0.01371,-5.00,0.00,0.00,32.4,110.92,641.52,269.98
6.5635,0.1606,0.0284,-0.0439,0.00744,-0.01352,0.01071,-5.00,0.00,0.00,32.5,110.92,641.53,269.90
6.5737,0.0206,0.0284,-0.0539,0.01544,-0.01052,0.01271,-5.00,0.00,0.00,32.5,110.92,641.53,269.86
6.5843,-0.0193,-0.1715,0.2560,0.01444,-0.00352,0.01071,-5.00,0.00,0.00,32.6,110.92,641.53,269.80
6.5940,-0.0493,0.0084,-0.0139,0.02044,-0.00652,0.01571,-5.00,0.00,0.00,32.6,110.92,641.53,269.76
6.6040,0.0306,0.1384,0.0060,0.02244,-0.00552,0.01171,-5.00,0.00,0.00,32.7,110.92,641.53,269.70
6.6141,0.1006,0.2084,-0.0239,0.01844,-0.00252,0.01071,-5.00,0.00,0.00,32.7,110.92,641.54,269.66
6.6243,-0.0293,-0.2915,0.2460,0.00944,-0.00452,0.01271,-5.00,0.00,0.00,32.8,110.92,641.54,269.60
6.6343,-0.0193,-0.1115,0.1660,0.00344,0.00047,0.01171,-5.00,0.00,0.00,32.8,110.92,641.54,269.56
6.6445,0.0906,-0.1115,0.3360,0.01944,0.00547,0.01371,-5.00,0.00,0.00,32.9,110.92,641.54,269.50
6.6549,-0.0393,0.1484,0.0160,0.01344,-0.01452,0.01371,-5.00,0.00,0.00,32.9,110.92,641.54,269.46
6.6648,-0.0493,0.0384,-0.0739,0.00044,-0.01452,0.01071,-5.00,0.00,0.00,33.0,110.92,641.54,269.40
6.6749,0.0106,0.2484,0.0760,0.01644,-0.00252,0.01671,-5.00,0.00,0.00,33.0,110.92,641.55,269.36
6.6852,0.0206,0.3084,-0.2039,0.00844,-0.00652,0.01271,-5.00,0.00,0.00,33.1,110.92,641.55,269.30
6.6951,-0.0893,-0.3015,0.3460,0.01044,-0.00852,0.00771,-5.00,0.00,0.00,33.1,110.92,641.55,269.26
6.7052,0.0006,0.0484,0.1760,0.01644,-0.00952,0.01671,-5.00,0.00,0.00,33.2,110.92,641.55,269.20
6.7153,0.1006,0.0784,0.0160,0.00344,-0.01352,0.01271,-5.00,0.00,0.00,33.2,110.92,641.55,269.16
6.7256,-0.0193,0.0084,-0.0339,0.01444,-0.00452,0.01671,-5.00,0.00,0.00,33.3,110.92,641.56,269.10
6.7354,-0.0393,0.0184,0.2060,0.00544,-0.01152,0.01771,-5.00,0.00,0.00,33.3,110.92,641.56,269.06
6.7456,-0.0793,-0.0515,-0.0539,0.02044,-0.00252,0.01171,-5.00,0.00,0.00,33.4,110.92,641.56,269.00
6.7560,0.0806,-0.0215,0.1760,0.00844,-0.00852,0.01171,-5.00,0.00,0.00,33.4,110.92,641.56,268.94
6.7663,0.0606,-0.2815,0.1860,0.02044,-0.00552,0.01371,-5.00,0.00,0.00,33.5,110.92,641.56,268.90
6.7759,0.0106,-0.0215,0.2860,0.01644,-0.00752,0.01371,-5.00,0.00,0.00,33.5,110.92,641.57,268.84
6.7866,-0.0193,0.3784,-0.2639,0.00744,-0.01252,0.01671,-5.00,0.00,0.00,33.6,110.92,641.57,268.80
6.7961,-0.1193,0.1384,0.0160,0.00744,-0.00452,0.01471,-5.00,0.00,0.00,33.6,110.92,641.57,268.74
6.8063,-0.0993,-0.0215,0.2860,0.01844,0.00547,0.01071,-5.00,0.00,0.00,33.7,110.92,641.57,268.70
6.8166,0.1606,0.1384,-0.0839,0.01244,-0.00152,0.01171,-5.00,0.00,0.00,33.7,110.92,641.57,268.64
6.8264,0.0306,-0.2615,0.3560,0.01244,-0.00352,0.01371,-5.00,0.00,0.00,33.8,110.92,641.57,268.60
6.8364,0.1206,-0.2515,0.3860,0.01144,-0.01152,0.01271,-5.00,0.00,0.00,33.8,110.92,641.58,268.54
6.8469,0.0806,0.0984,0.0260,0.00044,-0.00952,0.01571,-5.00,0.00,0.00,33.9,110.92,641.58,268.50
6.8573,0.0406,-0.1515,0.6160,0.01244,0.00047,0.01271,-5.00,0.00,0.00,33.9,110.92,641.58,268.44
6.8669,0.0006,0.2884,-0.2139,0.01344,-0.00652,0.01871,-5.00,0.00,0.00,34.0,110.92,641.58,268.40
6.8770,-0.1293,0.0984,0.0960,0.00944,-0.00852,0.01771,-5.00,0.00,0.00,34.0,110.92,641.58,268.34
6.8873,0.1606,0.1884,-0.1739,-0.00755,-0.02652,0.01371,-5.00,0.00,0.00,34.1,110.92,641.59,268.30
6.8974,-0.1393,0.1584,0.2360,-0.00055,-0.00452,0.01671,-5.00,0.00,0.00,34.1,110.92,641.59,268.24
6.9075,-0.0893,0.0584,0.1860,0.01044,-0.00252,0.01571,-5.00,0.00,0.00,34.2,110.92,641.59,268.18
6.9176,0.0506,-0.0515,0.1760,0.03044,0.00347,0.01371,-5.00,0.00,0.00,34.2,110.92,641.59,268.14
6.9276,-0.0593,0.3384,-0.0439,0.01944,-0.00752,0.01771,-5.00,0.00,0.00,34.3,110.92,641.59,268.08
6.9379,0.0206,-0.0915,0.4260,0.00644,-0.00852,0.01471,-5.00,0.00,0.00,34.3,110.92,641.60,268.04
6.9480,-0.0993,0.3584,0.0760,-0.01655,-0.01552,0.01571,-5.00,0.00,0.00,34.4,110.92,641.60,267.98
6.9581,-0.1793,-0.0815,0.4860,0.01144,0.00247,0.01371,-5.00,0.00,0.00,34.4,110.92,641.60,267.94
6.9685,0.0506,0.0784,0.2160,-0.00255,-0.01052,0.01371,-5.00,0.00,0.00,34.5,110.92,641.60,267.88
6.9783,0.1806,-0.0415,-0.0639,0.00644,-0.02052,0.01471,-5.00,0.00,0.00,34.5,110.93,641.60,267.84
6.9888,-0.0193,-0.1115,0.3960,-0.00455,-0.01552,0.01071,-5.00,0.00,0.00,34.6,110.93,641.61,267.78
6.9987,0.1006,0.1184,0.0760,0.00744,-0.01252,0.01371,-5.00,0.00,0.00,34.6,110.93,641.61,267.74
7.0088,0.0606,0.0484,-0.4039,-0.00255,-0.02052,0.01371,-5.00,0.00,0.00,34.7,110.93,641.61,267.68
7.0190,-0.1493,0.3884,0.1160,-0.00355,-0.00852,0.01971,-5.00,0.00,0.00,34.7,110.93,641.61,267.64
7.0289,0.0106,0.0184,-0.0039,0.01444,-0.00452,0.01371,-5.00,0.00,0.00,34.8,110.93,641.61,267.58
7.0390,0.1406,0.1284,-0.1439,0.02544,-0.01952,0.01671,-5.00,0.00,0.00,34.8,110.93,641.61,267.54
7.0494,0.0306,0.0984,0.2560,-0.00255,-0.02052,0.01471,-5.00,0.00,0.00,34.9,110.93,641.62,267.48
7.0596,-0.1493,0.0084,0.1660,0.01044,0.00247,0.01471,-5.00,0.00,0.00,34.9,110.93,641.62,267.44
7.0695,-0.0093,0.2784,-0.1939,0.01444,0.00147,0.01371,-5.00,0.00,0.00,35.0,110.93,641.62,267.38
7.0795,-0.0093,0.0484,0.0060,0.02344,-0.00652,0.01471,-5.00,0.00,0.00,35.0,110.93,641.62,267.32
7.0899,-0.0393,0.2284,-0.2139,0.01544,-0.00652,0.01871,-5.00,0.00,0.00,35.1,110.93,641.62,267.28
7.0998,0.2206,-0.2915,0.4260,0.01644,-0.01552,0.00871,-5.00,0.00,0.00,35.1,110.93,641.63,267.22
7.1099,0.0306,-0.1415,0.1560,0.02044,0.00047,0.01671,-5.00,0.00,0.00,35.2,110.93,641.63,267.18
7.1201,0.0606,0.0284,0.2060,0.00144,-0.01652,0.01771,-5.00,0.00,0.00,35.2,110.93,641.63,267.12
7.1300,0.0706,0.0384,-0.0139,0.02644,-0.01052,0.01171,-5.00,0.00,0.00,35.3,110.93,641.63,267.08
7.1401,-0.0893,-0.0315,0.1460,0.00744,-0.00452,0.01771,-5.00,0.00,0.00,35.3,110.93,641.63,267.02
7.1506,-0.0593,-0.2315,0.3260,0.00944,-0.00152,0.01571,-5.00,0.00,0.00,35.4,110.93,641.63,266.98
7.1604,0.1006,0.0984,0.1060,0.00044,-0.01352,0.01571,-5.00,0.00,0.00,35.4,110.93,641.64,266.92
7.1705,-0.1293,0.2984,0.1160,-0.00355,-0.00752,0.01471,-5.00,0.00,0.00,35.5,110.93,641.64,266.88
7.1805,-0.0693,0.5384,-0.2839,0.00844,-0.00952,0.01971,-5.00,0.00,0.00,35.5,110.93,641.64,266.82
7.1909,-0.2493,0.0484,0.0460,-0.01155,-0.01052,0.01771,-5.00,0.00,0.00,35.6,110.93,641.64,266.78
7.2010,-0.0593,0.0684,-0.0339,0.00544,-0.01152,0.01671,-5.00,0.00,0.00,35.6,110.93,641.64,266.72
7.2110,-0.0793,-0.2915,-0.0139,0.01144,-0.00852,0.01171,-5.00,0.00,0.00,35.7,110.93,641.65,266.68
7.2211,0.0306,0.3784,-0.1839,0.01844,-0.01952,0.01771,-5.00,0.00,0.00,35.7,110.93,641.65,266.62
7.2311,-0.1093,0.2984,-0.0839,-0.00055,-0.00952,0.01571,-5.00,0.00,0.00,35.8,110.93,641.65,266.58
7.2413,-0.0393,0.0684,0.0060,0.01144,-0.00952,0.01671,-5.00,0.00,0.00,35.8,110.93,641.65,266.52
7.2517,0.1506,-0.1315,0.3760,0.02244,-0.01652,0.01471,-5.00,0.00,0.00,35.9,110.93,641.65,266.48
7.2614,-0.0493,0.0884,0.1960,0.01044,-0.01352,0.01571,-5.00,0.00,0.00,35.9,110.93,641.66,266.42
7.2716,0.0106,0.0984,0.3060,0.01544,0.00647,0.01671,-5.00,0.00,0.00,36.0,110.93,641.66,266.36
7.2818,-0.0493,0.1984,0.1460,0.00344,-0.00652,0.01371,-5.00,0.00,0.00,36.0,110.93,641.66,266.32
7.2919,-0.1793,-0.0615,0.2260,0.00744,-0.00652,0.01571,-5.00,0.00,0.00,36.1,110.93,641.66,266.26
7.3019,0.2306,-0.1815,0.0260,0.00644,-0.02752,0.01471,-5.00,0.00,0.00,36.1,110.93,641.66,266.22
7.3120,0.1406,0.0384,0.2060,0.00144,-0.01752,0.01271,-5.00,0.00,0.00,36.2,110.93,641.67,266.16
7.3222,0.0106,-0.0415,0.0360,0.01544,-0.00952,0.01571,-5.00,0.00,0.00,36.2,110.93,641.67,266.12
7.3325,0.0506,-0.0915,0.1960,0.00644,-0.00852,0.01471,-5.00,0.00,0.00,36.3,110.93,641.67,266.06
7.3424,0.1406,-0.3015,0.6360,0.01544,-0.00552,0.01171,-5.00,0.00,0.00,36.3,110.93,641.67,266.02
7.3525,0.1606,-0.1215,0.2760,0.01644,-0.00552,0.01571,-5.00,0.00,0.00,36.4,110.93,641.67,265.96
7.3625,0.0406,0.0484,0.1060,0.00244,-0.01652,0.01771,-5.00,0.00,0.00,36.4,110.93,641.67,265.92
7.3725,0.2206,-0.1515,0.4060,0.01544,-0.00652,0.01171,-5.00,0.00,0.00,36.5,110.93,641.68,265.86
7.3827,-0.0893,0.2684,0.1160,-0.00155,-0.01852,0.01871,-5.00,0.00,0.00,36.5,110.93,641.68,265.82
7.3928,-0.0293,-0.1715,0.1660,0.00944,-0.00852,0.01371,-5.00,0.00,0.00,36.6,110.93,641.68,265.76
7.4029,-0.0693,-0.0515,0.3360,-0.00355,-0.00352,0.01671,-5.00,0.00,0.00,36.6,110.93,641.68,265.72
7.4132,0.0906,-0.0615,-0.1439,0.02444,-0.00952,0.01571,-5.00,0.00,0.00,36.7,110.93,641.68,265.66
7.4232,0.0606,-0.1715,-0.0039,0.01644,-0.00952,0.01271,-5.00,0.00,0.00,36.7,110.93,641.69,265.62
7.4333,-0.0893,-0.0215,0.3960,0.01344,0.00247,0.01571,-5.00,0.00,0.00,36.8,110.93,641.69,265.56
7.4433,0.0206,-0.1815,0.2560,0.00944,-0.00952,0.01171,-5.00,0.00,0.00,36.8,110.93,641.69,265.52
7.4537,-0.0393,0.4584,-0.2339,-0.00055,-0.01852,0.02071,-5.00,0.00,0.00,36.9,110.93,641.69,265.46
7.4637,-0.0293,0.1784,-0.0039,-0.00955,-0.02252,0.01671,-5.00,0.00,0.00,37.0,110.93,641.69,265.40
7.4737,0.1706,-0.0715,0.2860,0.01344,-0.01452,0.01771,-5.00,0.00,0.00,37.0,110.93,641.70,265.36
7.4842,0.0106,0.4784,-0.1839,-0.01855,-0.03052,0.01871,-5.00,0.00,0.00,37.1,110.93,641.70,265.30
7.4940,-0.0193,0.4584,-0.1339,-0.00655,-0.01652,0.01671,-5.00,0.00,0.00,37.1,110.93,641.70,265.26
7.5041,-0.0393,-0.1515,0.4460,0.01444,-0.00752,0.01371,-5.00,0.00,0.00,37.2,110.93,641.70,265.20
7.5141,-0.0293,0.2084,0.2360,0.01844,0.00347,0.01771,-5.00,0.00,0.00,37.2,110.93,641.70,265.16
7.5246,0.1406,0.2184,0.0160,0.01144,-0.01652,0.01771,-5.00,0.00,0.00,37.3,110.93,641.71,265.10
7.5344,-0.0993,-0.2415,0.2160,0.00944,-0.00752,0.01371,-5.00,0.00,0.00,37.3,110.93,641.71,265.06
7.5446,0.0506,0.4084,-0.0639,0.01644,-0.01552,0.02071,-5.00,0.00,0.00,37.4,110.93,641.71,265.00
7.5547,0.1406,0.0884,0.1160,0.01344,-0.01752,0.01371,-5.00,0.00,0.00,37.4,110.93,641.71,264.96
7.5654,-0.0093,0.0984,0.2960,-0.00555,-0.01252,0.01371,-5.00,0.00,0.00,37.5,110.93,641.71,264.90
7.5749,0.1106,-0.2615,0.3960,0.01044,-0.01452,0.01371,-5.00,0.00,0.00,37.5,110.93,641.71,264.86
7.5852,0.0906,-0.3015,0.2960,0.03044,-0.01052,0.01271,-5.00,0.00,0.00,37.6,110.93,641.72,264.80
7.5951,-0.1693,-0.0615,-0.1339,0.00544,-0.01152,0.01571,-5.00,0.00,0.00,37.6,110.93,641.72,264.76
7.6051,0.0506,0.1384,-0.3439,0.01744,-0.01252,0.01771,-5.00,0.00,0.00,37.7,110.93,641.72,264.70
7.6152,-0.0693,0.2284,0.2460,0.01644,0.00647,0.01471,-5.00,0.00,0.00,37.7,110.93,641.72,264.66
7.6252,-0.0993,-0.2215,0.3160,0.00144,-0.01052,0.01971,-5.00,0.00,0.00,37.8,110.93,641.72,264.60
7.6353,-0.0693,0.1684,0.1160,-0.00155,-0.02252,0.01571,-5.00,0.00,0.00,37.8,110.93,641.73,264.56
7.6456,-0.1193,0.1384,0.2260,0.00844,-0.00552,0.01271,-5.00,0.00,0.00,37.9,110.93,641.73,264.50
7.6557,0.2706,-0.3615,0.5760,0.02744,0.00047,0.01071,-5.00,0.00,0.00,37.9,110.94,641.73,264.44
7.6657,0.0306,-0.0815,0.0560,0.00544,-0.01952,0.01471,-5.00,0.00,0.00,38.0,110.94,641.73,264.40
7.6759,0.0806,0.1784,-0.0839,0.01744,-0.01152,0.01671,-5.00,0.00,0.00,38.0,110.94,641.73,264.34
7.6862,0.0406,-0.1315,0.2660,0.02044,-0.00752,0.01571,-5.00,0.00,0.00,38.1,110.94,641.73,264.30
7.6960,0.1606,-0.1215,0.4660,0.02844,0.00247,0.00871,-5.00,0.00,0.00,38.1,110.94,641.74,264.24
7.7062,-0.0093,-0.2415,0.3960,0.00444,-0.01252,0.01471,-5.00,0.00,0.00,38.2,110.94,641.74,264.20
7.7163,0.1006,0.2584,0.1160,0.02044,-0.00152,0.01471,-5.00,0.00,0.00,38.2,110.94,641.74,264.14
7.7265,0.1806,0.0884,0.2260,0.02744,-0.00152,0.01571,-5.00,0.00,0.00,38.3,110.94,641.74,264.10
7.7366,-0.0093,0.0184,0.2660,-0.01555,-0.01852,0.01571,-5.00,0.00,0.00,38.3,110.94,641.74,264.04
7.7468,-0.2393,-0.0215,0.5060,-0.02555,-0.00852,0.01371,-5.00,0.00,0.00,38.4,110.94,641.75,264.00
7.7569,0.0406,-0.1515,0.4160,0.00944,-0.00552,0.01371,-5.00,0.00,0.00,38.4,110.94,641.75,263.94
7.7665,-0.1193,0.0684,0.0460,0.02544,-0.00652,0.01771,-5.00,0.00,0.00,38.5,110.94,641.75,263.90
7.7770,-0.0693,0.4684,-0.2139,-0.01555,-0.02652,0.01671,-5.00,0.00,0.00,38.5,110.94,641.75,263.84
7.7873,0.0106,-0.2115,0.6160,0.02144,0.00147,0.01671,-5.00,0.00,0.00,38.6,110.94,641.75,263.80
7.7974,0.1106,-0.1615,0.3860,0.00044,-0.01252,0.01571,-5.00,0.00,0.00,38.6,110.94,641.76,263.74
7.8075,0.0506,0.3784,0.1060,0.00444,-0.00852,0.02071,-5.00,0.00,0.00,38.7,110.94,641.76,263.70
7.8177,0.0706,0.0484,0.0960,-0.00555,-0.01852,0.01871,-5.00,0.00,0.00,38.7,110.94,641.76,263.64
7.8275,-0.0093,-0.2215,0.0960,0.00544,-0.01152,0.01371,-5.00,0.00,0.00,38.8,110.94,641.76,263.59
7.8376,0.1306,0.0184,0.1560,0.00744,-0.00952,0.01271,-5.00,0.00,0.00,38.8,110.94,641.76,263.55
7.8480,-0.1893,0.1484,0.0360,-0.00055,-0.01352,0.01771,-5.00,0.00,0.00,38.9,110.94,641.77,263.49
7.8581,-0.1193,-0.0315,0.2960,0.00244,-0.00652,0.01471,-5.00,0.00,0.00,38.9,110.94,641.77,263.45
7.8681,-0.1293,0.0384,0.3160,0.01744,-0.00452,0.01571,-5.00,0.00,0.00,39.0,110.94,641.77,263.39
7.8782,0.0306,-0.0515,0.1760,0.01244,-0.01052,0.01771,-5.00,0.00,0.00,39.0,110.94,641.77,263.35
7.8885,0.1606,0.1684,0.0260,0.02044,-0.01152,0.01471,-5.00,0.00,0.00,39.1,110.94,641.77,263.29
7.8985,0.0406,-0.0915,0.4760,0.02344,0.00247,0.01571,-5.00,0.00,0.00,39.1,110.94,641.77,263.25
7.9085,0.0806,0.1584,-0.0739,0.01944,-0.00952,0.01471,-5.00,0.00,0.00,39.2,110.94,641.78,263.19
7.9188,-0.1593,0.4484,-0.0139,-0.00855,-0.01752,0.02071,-5.00,0.00,0.00,39.2,110.94,641.78,263.15
7.9289,-0.0893,-0.0715,0.2860,-0.00255,-0.01352,0.01671,-5.00,0.00,0.00,39.3,110.94,641.78,263.09
7.9390,-0.0993,0.1884,-0.0239,0.01944,-0.00052,0.01771,-5.00,0.00,0.00,39.3,110.94,641.78,263.05
7.9491,0.0406,0.3284,0.1460,0.02044,-0.00552,0.01671,-5.00,0.00,0.00,39.4,110.94,641.78,262.99
7.9591,0.0706,0.2084,0.0460,0.01244,-0.01652,0.01971,-5.00,0.00,0.00,39.4,110.94,641.79,262.95
7.9691,0.1006,0.2784,-0.0139,0.02444,-0.00552,0.01771,-5.00,0.00,0.00,39.5,110.94,641.79,262.89
7.9794,-0.0293,0.1284,0.0660,0.01044,-0.00452,0.01771,-5.00,0.00,0.00,39.5,110.94,641.79,262.85
7.9895,-0.0593,-0.0215,0.0560,0.00444,-0.01652,0.01571,-5.00,0.00,0.00,39.6,110.94,641.79,262.79
7.9995,0.0206,0.3784,-0.0339,-0.00155,-0.02552,0.01871,-5.00,0.00,0.00,39.6,110.94,641.79,262.73
8.0097,-0.0793,0.4884,-0.1139,0.00044,-0.01852,0.02071,-5.00,0.00,0.00,39.7,110.94,641.80,262.69
8.0202,-0.1993,0.3784,-0.0639,-0.01155,-0.01752,0.01971,-5.00,0.00,0.00,39.7,110.94,641.80,262.63
8.0300,0.1206,-0.4315,0.4560,0.02744,-0.00052,0.01371,-5.00,0.00,0.00,39.8,110.94,641.80,262.59
8.0400,-0.0293,0.2584,0.0160,-0.00755,-0.02352,0.01671,-5.00,0.00,0.00,39.8,110.94,641.80,262.53
8.0501,0.0706,0.0984,-0.1339,0.01044,-0.02052,0.02171,-5.00,0.00,0.00,39.9,110.94,641.80,262.49
8.0603,-0.0993,-0.1715,0.3060,0.01744,-0.00252,0.01471,-5.00,0.00,0.00,39.9,110.94,641.80,262.43
8.0703,-0.0393,0.0884,0.4060,0.00744,-0.00652,0.01471,-5.00,0.00,0.00,40.0,110.94,641.81,262.39
8.0805,0.0606,0.1884,-0.0439,0.00244,-0.01552,0.01771,-5.00,0.00,0.00,40.0,110.94,641.81,262.33
8.0906,0.0506,0.2384,0.0460,0.00244,-0.01252,0.01671,-5.00,0.00,0.00,40.1,110.94,641.81,262.29
8.1006,-0.1193,-0.0615,0.3160,-0.00155,-0.01252,0.01771,-5.00,0.00,0.00,40.1,110.94,641.81,262.23
8.1108,0.1006,-0.1115,0.3160,0.01544,-0.00952,0.01671,-5.00,0.00,0.00,40.2,110.94,641.81,262.19
8.1211,0.0206,0.0584,0.0460,0.01944,-0.00552,0.01471,-5.00,0.00,0.00,40.2,110.94,641.82,262.13
8.1311,0.0906,0.1784,0.2260,0.02544,0.00147,0.01871,-5.00,0.00,0.00,40.3,110.94,641.82,262.09
8.1412,-0.0693,0.2684,-0.0839,-0.00255,-0.01952,0.01871,-5.00,0.00,0.00,40.3,110.94,641.82,262.03
8.1514,-0.0793,0.6284,-0.1839,0.00844,-0.01852,0.01971,-5.00,0.00,0.00,40.4,110.94,641.82,261.99
8.1614,0.0906,0.0484,0.0560,0.00244,-0.01852,0.01571,-5.00,0.00,0.00,40.4,110.94,641.82,261.93
8.1715,0.1506,-0.0615,0.1360,0.00644,-0.01952,0.01371,-5.00,0.00,0.00,40.5,110.94,641.83,261.87
8.1818,-0.0793,0.2984,-0.1539,-0.00355,-0.02452,0.02171,-5.00,0.00,0.00,40.5,110.94,641.83,261.83
8.1920,0.0706,0.0784,0.0160,-0.00755,-0.02552,0.01571,-5.00,0.00,0.00,40.6,110.94,641.83,261.77
8.2020,0.0706,-0.1515,0.1760,-0.00155,-0.01352,0.01371,-5.00,0.00,0.00,40.6,110.94,641.83,261.73
8.2121,0.1206,-0.1115,0.2960,0.02544,-0.00052,0.01571,-5.00,0.00,0.00,40.7,110.94,641.83,261.67
8.2222,-0.0693,0.2084,0.0660,0.00544,-0.00352,0.01671,-5.00,0.00,0.00,40.7,110.94,641.83,261.63
8.2323,-0.0793,0.1884,-0.1339,0.00344,-0.00952,0.01671,-5.00,0.00,0.00,40.8,110.94,641.84,261.57
8.2424,0.0606,0.3884,-0.0739,0.01644,-0.01352,0.01971,-5.00,0.00,0.00,40.8,110.94,641.84,261.53
8.2528,0.1706,0.1084,0.0960,0.02744,-0.00752,0.01671,-5.00,0.00,0.00,40.9,110.94,641.84,261.47
8.2624,-0.1493,0.4884,-0.2539,-0.01855,-0.02252,0.01971,-5.00,0.00,0.00,40.9,110.94,641.84,261.43
8.2726,0.2306,-0.0615,0.2860,0.01844,-0.00752,0.01371,-5.00,0.00,0.00,41.0,110.94,641.84,261.37
8.2831,0.1406,-0.0115,0.2260,0.01544,-0.01652,0.01571,-5.00,0.00,0.00,41.0,110.94,641.85,261.33
8.2930,-0.1693,0.0784,0.2160,0.01244,0.00547,0.01571,-5.00,0.00,0.00,41.1,110.94,641.85,261.27
8.3030,-0.0393,0.0484,-0.0239,-0.00055,-0.01352,0.01971,-5.00,0.00,0.00,41.1,110.94,641.85,261.23
8.3132,-0.1093,0.3084,-0.0739,0.00344,-0.01752,0.01671,-5.00,0.00,0.00,41.2,110.94,641.85,261.17
8.3237,-0.0593,0.0584,0.0560,0.00444,-0.01552,0.01471,-5.00,0.00,0.00,41.2,110.94,641.85,261.13
8.3334,-0.0793,-0.1915,0.1360,-0.00555,-0.01352,0.01471,-5.00,0.00,0.00,41.3,110.94,641.86,261.07
8.3436,0.1606,0.1284,0.0860,0.00544,-0.02052,0.01671,-5.00,0.00,0.00,41.3,110.95,641.86,261.03
8.3547,0.1706,-0.1115,0.3260,0.02244,-0.00052,0.01271,-5.00,0.00,0.00,41.4,110.95,641.86,260.97
8.3636,-0.0893,0.1084,0.1860,0.01744,-0.00452,0.01771,-5.00,0.00,0.00,41.5,110.95,641.86,260.91
8.3739,0.0706,0.2684,0.0060,0.00544,-0.01652,0.01471,-5.00,0.00,0.00,41.5,110.95,641.86,260.87
8.3840,-0.0493,0.2684,0.1660,0.01944,-0.00752,0.01771,-5.00,0.00,0.00,41.6,110.95,641.87,260.81
8.3940,-0.0093,0.3184,-0.0739,0.01644,-0.01152,0.01471,-5.00,0.00,0.00,41.6,110.95,641.87,260.77
8.4041,-0.1293,-0.0415,-0.1039,-0.01855,-0.02452,0.01071,-5.00,0.00,0.00,41.7,110.95,641.87,260.71
8.4143,-0.0293,0.0484,0.0660,0.00044,-0.01752,0.01671,-5.00,0.00,0.00,41.7,110.95,641.87,260.67
8.4244,-0.1393,0.5484,-0.0739,-0.00855,-0.01652,0.01971,-5.00,0.00,0.00,41.8,110.95,641.87,260.61
8.4344,0.0506,0.0684,0.0160,0.02344,0.00047,0.01271,-5.00,0.00,0.00,41.8,110.95,641.87,260.57
8.4445,0.2306,0.0384,0.1860,0.02744,-0.01052,0.01671,-5.00,0.00,0.00,41.9,110.95,641.88,260.51
8.4548,-0.1193,-0.0115,0.2660,0.00644,-0.00352,0.01371,-5.00,0.00,0.00,41.9,110.95,641.88,260.47
8.4648,0.0306,-0.0315,0.2660,0.01044,-0.01152,0.01671,-5.00,0.00,0.00,42.0,110.95,641.88,260.41
8.4750,-0.0493,-0.2915,0.4660,0.02244,0.00247,0.01371,-5.00,0.00,0.00,42.0,110.95,641.88,260.37
8.4853,0.1506,-0.1815,0.3460,0.02544,0.00147,0.01371,-5.00,0.00,0.00,42.1,110.95,641.88,260.31
8.4951,-0.0793,0.2484,0.2660,0.00744,-0.00052,0.02071,-5.00,0.00,0.00,42.1,110.95,641.89,260.27
8.5052,0.2306,0.1984,-0.0839,0.01444,0.00247,0.02171,-5.00,0.00,0.00,42.2,110.95,641.89,260.21
8.5153,-0.1793,0.0284,0.0660,-0.01255,0.00247,0.02071,-5.00,0.00,0.00,42.2,110.95,641.89,260.17
8.5254,-0.0393,-0.0415,0.0060,0.00144,-0.00152,0.02271,-5.00,0.00,0.00,42.3,110.95,641.89,260.11
8.5355,-0.0093,0.1584,0.3860,-0.00355,0.01647,0.02371,-5.00,0.00,0.00,42.3,110.95,641.89,260.07
8.5457,0.2106,0.2184,0.4460,0.01444,0.01847,0.02271,-5.00,0.00,0.00,42.4,110.95,641.90,260.01
8.5558,0.2006,-0.0615,0.3460,-0.00255,0.00447,0.01771,-5.00,0.00,0.00,42.4,110.95,641.90,259.95
8.5658,0.0806,0.3284,0.1560,-0.01555,0.00247,0.02171,-5.00,0.00,0.00,42.5,110.95,641.90,259.91
8.5760,0.2106,-0.0315,0.2960,0.00544,0.02347,0.02071,-5.00,0.00,0.00,42.5,110.95,641.90,259.85
8.5864,-0.0193,0.0384,0.4060,-0.04255,0.01947,0.02471,-5.00,0.00,0.00,42.6,110.95,641.90,259.81
8.5960,0.1806,-0.2615,0.4960,-0.00655,0.01847,0.02371,-5.00,0.00,0.00,42.6,110.95,641.90,259.75
8.6063,0.2606,0.0084,0.4160,0.00244,0.02947,0.02471,-5.00,0.00,0.00,42.7,110.95,641.91,259.71
8.6165,0.1606,-0.1915,0.4860,-0.00355,0.03647,0.02871,-5.00,0.00,0.00,42.7,110.95,641.91,259.65
8.6264,0.3606,-0.1015,0.5060,-0.01755,0.03147,0.02871,-5.00,0.00,0.00,42.8,110.95,641.91,259.61
8.6365,0.1806,0.1684,0.2460,-0.00755,0.03647,0.02971,-5.00,0.00,0.00,42.8,110.95,641.91,259.55
8.6467,0.3406,-0.2115,0.5560,-0.01655,0.03547,0.02171,-5.00,0.00,0.00,42.9,110.95,641.91,259.51
8.6569,0.2006,-0.0915,0.5760,-0.02155,0.05447,0.02971,-5.00,0.00,0.00,42.9,110.95,641.92,259.45
8.6669,0.2706,0.2884,0.3760,-0.00055,0.05447,0.03171,-5.00,0.00,0.00,43.0,110.95,641.92,259.41
8.6769,0.2606,0.2384,0.4960,-0.01555,0.04947,0.03271,-5.00,0.00,0.00,43.0,110.95,641.92,259.35
8.6872,0.2406,-0.0015,0.9760,-0.03555,0.04947,0.03071,-5.00,0.00,0.00,43.1,110.95,641.92,259.31
8.6972,0.1706,-0.0615,0.6460,-0.00955,0.06147,0.02971,-5.00,0.00,0.00,43.1,110.95,641.92,259.25
8.7073,0.4906,0.3284,0.1660,-0.01855,0.04647,0.03071,-5.00,0.00,0.00,43.2,110.95,641.92,259.21
8.7177,0.2306,-0.0715,0.4660,-0.02155,0.06047,0.03571,-5.00,0.00,0.00,43.2,110.95,641.93,259.15
8.7276,0.3006,0.2184,0.5760,-0.02955,0.05947,0.03671,-5.00,0.00,0.00,43.3,110.95,641.93,259.09
8.7377,0.4206,0.0784,0.5060,-0.02355,0.06147,0.03571,-5.00,0.00,0.00,43.3,110.95,641.93,259.05
8.7477,0.2906,-0.0515,0.6460,-0.02755,0.06647,0.03371,-5.00,0.00,0.00,43.4,110.95,641.93,258.99
8.7580,0.4306,-0.1115,0.6560,-0.01255,0.07047,0.03771,-5.00,0.00,0.00,43.4,110.95,641.93,258.95
8.7676,0.3006,0.0684,0.4660,-0.02655,0.06447,0.03671,-5.00,0.00,0.00,43.5,110.95,641.94,258.89
8.7781,0.5706,-0.0615,0.5060,-0.02055,0.06647,0.03771,-5.00,0.00,0.00,43.5,110.95,641.94,258.85
8.7883,0.3706,0.2384,0.4160,-0.03155,0.06547,0.03871,-5.00,0.00,0.00,43.6,110.95,641.94,258.79
8.7983,0.3706,0.0484,0.7360,-0.02655,0.07647,0.04071,-5.00,0.00,0.00,43.6,110.95,641.94,258.75
8.8085,0.5106,0.2684,0.5060,-0.03255,0.06647,0.04271,-5.00,0.00,0.00,43.7,110.95,641.94,258.69
8.8187,0.5806,0.2384,0.4760,-0.02955,0.06447,0.04371,-5.00,0.00,5.08,43.7,110.95,641.95,258.65
8.8287,0.5806,0.0084,0.5860,-0.01455,0.07447,0.04171,-5.00,0.00,0.00,43.8,110.95,641.95,258.59
8.8396,0.4206,0.1384,0.5460,-0.01355,0.08447,0.04271,-5.00,0.00,5.33,43.8,110.95,641.95,258.55
8.8490,0.2206,0.1584,0.6060,-0.05955,0.07647,0.04571,-5.00,0.00,0.00,43.9,110.95,641.95,258.49
8.8591,0.4706,-0.0015,0.9660,-0.02755,0.09247,0.04271,-5.00,0.00,0.00,43.9,110.95,641.96,258.45
8.8692,0.6706,-0.0715,0.6960,-0.02155,0.08247,0.04371,-5.00,0.00,0.00,44.0,110.95,641.96,258.39
8.8792,0.6106,-0.0215,0.8260,-0.02255,0.09247,0.04471,-5.00,0.00,0.00,44.0,110.95,641.96,258.35
8.8894,0.4606,0.4984,0.4660,-0.02955,0.08847,0.04771,-5.00,0.00,0.00,44.1,110.95,641.96,258.29
8.8995,0.5206,0.1084,0.4660,-0.03255,0.08047,0.04771,-5.00,0.00,0.00,44.1,110.95,641.96,258.25
8.9095,0.8906,-0.2315,1.0560,-0.00455,0.10247,0.04371,-5.00,0.00,5.43,44.2,110.95,641.97,258.19
8.9202,0.7006,-0.4915,1.1360,-0.02255,0.10047,0.04171,-5.00,0.00,6.33,44.2,110.95,641.97,258.13
8.9298,0.6806,0.0484,0.6660,-0.02455,0.09047,0.04771,-5.00,0.00,0.00,44.3,110.95,641.97,258.09
8.9398,0.6006,0.0484,0.5360,-0.02755,0.08947,0.04871,-5.00,0.00,6.63,44.3,110.95,641.98,258.03
8.9501,0.5506,0.1184,0.7560,-0.02955,0.09747,0.04671,-5.00,0.00,5.53,44.4,110.95,641.99,257.99
8.9602,0.5506,-0.0515,0.9960,-0.02955,0.11047,0.04871,-5.00,0.00,0.00,44.4,110.95,642.01,257.93
8.9702,0.5306,0.0984,1.0360,-0.03655,0.10947,0.05571,-5.00,0.00,0.00,44.5,110.95,642.02,257.89
8.9804,0.5706,0.1884,0.8560,-0.03955,0.10747,0.05471,-5.00,0.00,5.53,44.5,110.95,642.03,257.83
8.9906,0.5506,0.4084,0.7760,-0.03555,0.10847,0.05071,-5.00,0.00,0.00,44.6,110.95,642.03,257.79
9.0005,0.5806,0.0384,0.7560,-0.05155,0.09847,0.05171,-5.00,0.00,0.00,44.6,110.95,642.05,257.73
9.0106,0.7306,0.4584,0.5760,-0.02155,0.10847,0.05371,-5.00,0.00,0.00,44.7,110.95,642.05,257.69
9.0209,0.7506,-0.0115,0.6060,-0.02755,0.10847,0.05071,-5.00,0.00,0.00,44.7,110.95,642.06,257.63
9.0308,0.4206,0.2584,0.6160,-0.04055,0.10547,0.05571,-5.00,0.00,0.00,44.8,110.95,642.06,257.59
9.0410,0.7606,-0.0615,1.0060,-0.02155,0.12047,0.04971,-5.00,0.00,0.00,44.8,110.95,642.06,257.53
9.0512,0.8906,0.0784,0.7060,-0.01155,0.11847,0.05271,-5.00,0.00,0.00,44.9,110.95,642.06,257.49
9.0611,0.7706,0.1284,1.0760,-0.01055,0.13347,0.05571,-5.00,0.00,0.00,44.9,110.95,642.06,257.43
9.0713,0.9206,0.0484,0.8660,-0.01855,0.12147,0.05271,-5.00,0.00,0.00,45.0,110.95,642.07,257.39
9.0814,0.6706,0.1084,1.0760,-0.04055,0.12147,0.05871,-5.00,0.00,5.08,45.0,110.95,642.07,257.33
9.0917,0.6506,0.1884,1.0660,-0.03155,0.11947,0.05871,-5.00,0.00,0.00,45.1,110.95,642.07,257.29
9.1036,0.6606,0.1084,0.9160,-0.03555,0.12247,0.05771,-5.00,0.00,0.00,45.1,110.95,642.07,257.23
9.1118,0.8706,-0.2315,1.0460,-0.03455,0.11847,0.05471,-5.00,0.00,0.00,45.2,110.95,642.08,257.19
9.1223,0.6906,-0.2415,1.0960,-0.02155,0.13847,0.05671,-5.00,0.00,0.00,45.2,110.95,642.08,257.13
9.1319,0.7506,0.0184,0.9760,-0.02855,0.12947,0.06171,-5.00,0.00,6.08,45.3,110.95,642.08,257.07
9.1421,0.9706,0.2084,1.1160,-0.02655,0.12847,0.05671,-5.00,0.00,0.00,45.3,110.95,642.08,257.03
9.1524,0.7406,0.0184,0.6760,-0.03755,0.12947,0.05671,-5.00,0.00,0.00,45.4,110.95,642.09,256.97
9.1623,0.5906,0.1284,0.9460,-0.04955,0.14047,0.06171,-5.00,0.00,6.33,45.4,110.95,642.09,256.93
9.1723,0.7306,0.4484,0.5160,-0.04455,0.11847,0.06371,-5.00,0.00,5.88,45.5,110.95,642.10,256.87
9.1826,0.8406,0.4084,0.8460,-0.04755,0.13447,0.05771,-5.00,0.00,0.00,45.5,110.95,642.10,256.83
9.1923,0.9706,0.3184,0.7860,-0.04155,0.13447,0.06071,-5.00,0.00,0.00,45.6,110.95,642.11,256.77
9.2026,0.7206,0.1984,0.9360,-0.03755,0.14347,0.06371,-5.00,0.00,0.00,45.6,110.95,642.11,256.73
9.2128,0.6906,-0.1715,1.2060,-0.05755,0.13147,0.05571,-5.00,0.00,5.53,45.7,110.95,642.12,256.67
9.2229,0.8706,0.1484,0.9860,-0.03455,0.13747,0.06671,-5.00,0.00,0.00,45.7,110.95,642.12,256.63
9.2330,0.7706,0.0084,1.2960,-0.03955,0.15247,0.05771,-5.00,0.00,0.00,45.8,110.95,642.13,256.57
9.2431,0.6806,-0.2115,1.1060,-0.05955,0.13947,0.05871,-5.00,0.00,6.83,45.8,110.95,642.13,256.53
9.2538,0.9106,0.0584,1.1260,-0.02955,0.15347,0.06071,-5.00,0.00,6.43,45.9,110.95,642.13,256.47
9.2634,0.8006,0.1384,1.0560,-0.04155,0.14447,0.06071,-5.00,0.00,5.58,45.9,110.95,642.14,256.44
9.2735,0.8406,0.3884,0.9660,-0.04955,0.13747,0.06471,-5.00,0.00,6.08,46.0,110.95,642.15,256.38
9.2836,0.6006,-0.0815,1.2560,-0.04655,0.15747,0.06171,-5.00,0.00,7.53,46.1,110.95,642.17,256.32
9.2937,0.8906,-0.1015,1.3560,-0.04755,0.14647,0.06171,-5.00,0.00,6.23,46.1,110.95,642.18,256.28
9.3038,1.0706,-0.1015,1.0260,-0.02355,0.15747,0.06271,-5.00,0.00,6.48,46.2,110.95,642.21,256.22
9.3140,0.7306,0.2284,0.9260,-0.05355,0.14647,0.06371,-5.00,0.00,5.48,46.2,110.95,642.23,256.18
9.3245,0.7406,0.3484,0.7560,-0.02755,0.16347,0.06371,-5.00,0.00,5.38,46.3,110.95,642.27,256.12
9.3341,0.9806,0.2184,1.0760,-0.02655,0.14847,0.06571,-5.00,0.00,5.08,46.3,110.95,642.29,256.08
9.3443,1.0906,0.2584,0.8260,-0.03255,0.13847,0.06871,-5.00,0.00,0.00,46.4,110.95,642.34,256.02
9.3548,0.9506,-0.0415,1.2060,-0.02555,0.15647,0.06571,-5.00,0.00,7.03,46.4,110.95,642.37,255.98
9.3645,0.7806,0.1584,0.8260,-0.05455,0.12347,0.05371,-5.00,0.00,6.63,46.5,110.95,642.41,255.92
9.3745,0.7006,-0.0115,1.4060,-0.06255,0.12147,0.05171,-5.00,0.00,7.03,46.5,110.95,642.44,255.89
9.3847,1.0406,0.1484,1.2560,-0.03555,0.14947,0.06371,-5.00,0.00,5.48,46.6,110.94,642.49,255.83
9.3948,0.9406,0.1384,1.1360,-0.05055,0.12947,0.04771,-5.00,0.00,5.08,46.6,110.94,642.52,255.79
9.4050,0.6806,0.2784,0.9260,-0.03755,0.13247,0.06071,-5.00,0.00,6.43,46.7,110.94,642.58,255.73
9.4150,0.7606,0.1084,1.3060,-0.03455,0.13947,0.06971,-5.00,0.00,6.53,46.7,110.94,642.62,255.69
9.4252,0.8506,-0.4515,1.3660,-0.00155,0.15547,0.05571,-5.00,0.00,5.08,46.8,110.94,642.69,255.63
9.4355,0.7906,-0.1715,1.1260,-0.00255,0.14647,0.06371,-5.00,0.00,0.00,46.8,110.94,642.73,255.60
9.4455,0.5206,-0.0715,1.0560,-0.01855,0.13747,0.06571,-5.00,0.00,0.00,46.9,110.93,642.79,255.54
9.4555,0.9006,-0.0415,1.2060,-0.02855,0.11847,0.04671,-5.00,0.00,7.23,46.9,110.93,642.83,255.50
9.4658,0.8906,-0.3015,1.5360,-0.05555,0.11347,0.03771,-5.00,0.00,5.88,47.0,110.93,642.89,255.44
9.4758,0.6506,-0.0015,0.9860,-0.01655,0.11047,0.06571,-5.00,0.00,5.98,47.0,110.93,642.95,255.38
9.4863,0.6106,0.0284,0.8860,-0.00055,0.13247,0.05471,-5.00,0.00,5.23,47.1,110.93,642.99,255.35
9.4960,0.7106,0.0784,0.7460,-0.02655,0.11647,0.04271,-5.00,0.00,0.00,47.1,110.93,643.06,255.29
9.5061,0.7506,0.2784,0.9160,-0.04955,0.10047,0.05671,-5.00,0.00,6.08,47.2,110.92,643.10,255.25
9.5162,0.5006,-0.1615,0.8560,-0.02955,0.08647,0.04971,-5.00,0.00,6.53,47.2,110.92,643.16,255.19
9.5263,0.8106,0.0884,0.8160,-0.01355,0.10947,0.04871,-5.00,0.00,0.00,47.3,110.92,643.21,255.15
9.5367,0.4406,-0.1215,0.8460,-0.05255,0.10947,0.04471,-5.00,0.00,0.00,47.3,110.92,643.27,255.10
9.5466,0.8306,0.0584,0.7360,-0.02955,0.10247,0.05271,-5.00,0.00,0.00,47.4,110.92,643.32,255.06
9.5615,0.7606,-0.0515,0.9460,-0.02855,0.10047,0.04171,-5.00,0.00,0.00,47.4,110.92,643.37,255.00
9.5677,0.5006,0.0484,0.7360,-0.02755,0.07347,0.04271,-5.00,0.00,0.00,47.5,110.91,643.43,254.94
9.5769,0.4806,0.3184,0.7260,-0.03155,0.08147,0.04371,-5.00,0.00,0.00,47.5,110.91,643.46,254.90
9.5869,0.5406,0.1684,0.7560,-0.03455,0.08847,0.04471,-5.00,0.00,0.00,47.6,110.91,643.49,254.86
9.5970,0.5806,-0.0615,0.7260,-0.02955,0.08047,0.04371,-5.00,0.00,0.00,47.6,110.91,643.52,254.80
9.6072,0.3506,0.0284,0.8060,-0.01955,0.07647,0.03871,-5.00,0.00,0.00,47.7,110.91,643.55,254.77
9.6174,0.3006,0.3784,0.3960,-0.02155,0.06647,0.04971,-5.00,0.00,0.00,47.7,110.91,643.58,254.71
9.6275,0.5306,-0.2515,0.7360,-0.01555,0.08647,0.04271,-5.00,0.00,0.00,47.8,110.91,643.60,254.67
9.6375,0.6506,-0.0015,0.7760,-0.00855,0.09047,0.03971,-5.00,0.00,0.00,47.8,110.91,643.62,254.61
9.6476,0.3506,0.2484,0.4560,-0.01755,0.09047,0.05471,-5.00,0.00,0.00,47.9,110.91,643.63,254.55
9.6580,0.4506,0.1684,0.6960,-0.02255,0.07147,0.04471,-5.00,0.00,0.00,47.9,110.91,643.64,254.51
9.6680,0.2406,0.3184,0.5360,-0.05455,0.06047,0.03171,-5.00,0.00,5.68,48.0,110.91,643.65,254.45
9.6780,0.5106,-0.0815,0.8660,-0.02355,0.08247,0.04471,-5.00,0.00,0.00,48.0,110.91,643.65,254.41
9.6888,0.5006,0.0684,0.8060,-0.01455,0.08347,0.04571,-5.00,0.00,5.08,48.1,110.91,643.66,254.35
9.6982,0.5606,-0.2715,0.9360,-0.00855,0.09047,0.03771,-5.00,0.00,0.00,48.1,110.91,643.67,254.31
9.7083,0.4106,0.1384,0.7760,-0.03755,0.07047,0.04571,-5.00,0.00,0.00,48.2,110.91,643.68,254.25
9.7186,0.5306,-0.2215,1.1360,-0.01155,0.08547,0.03771,-5.00,0.00,5.68,48.2,110.91,643.69,254.21
9.7284,0.2306,0.1384,0.7260,-0.03955,0.08547,0.04371,-5.00,0.00,0.00,48.3,110.91,643.69,254.15
9.7387,0.4306,0.2984,0.7060,-0.03255,0.09947,0.04871,-5.00,0.00,0.00,48.3,110.91,643.70,254.11
9.7488,0.4906,0.2084,0.7260,-0.03355,0.07747,0.05071,-5.00,0.00,0.00,48.4,110.91,643.70,254.05
9.7592,0.5606,0.0084,0.8460,-0.02055,0.09247,0.04471,-5.00,0.00,5.03,48.4,110.91,643.70,254.01
9.7680,0.6606,0.0784,0.8160,-0.01855,0.07647,0.04071,-5.00,0.00,5.38,48.5,110.91,643.71,253.95
9.7795,0.5306,-0.2815,1.1160,-0.01755,0.10147,0.04171,-5.00,0.00,5.03,48.5,110.91,643.71,253.91
9.7898,0.5706,0.1684,0.7260,-0.02155,0.10447,0.04571,-5.00,0.00,0.00,48.6,110.91,643.72,253.85
9.7996,0.7006,0.3184,0.7560,-0.03755,0.09747,0.04071,-5.00,0.00,0.00,48.7,110.91,643.74,253.79
9.8098,0.4306,0.1884,0.7860,-0.05255,0.09347,0.05071,-5.00,0.00,0.00,48.7,110.91,643.75,253.75
9.8202,0.7406,0.0484,0.9960,-0.02655,0.11747,0.04671,-5.00,0.00,0.00,48.8,110.91,643.75,253.69
9.8300,0.6006,0.0484,0.8660,-0.02555,0.10447,0.04471,-5.00,0.00,5.58,48.8,110.91,643.76,253.65
9.8400,0.5406,0.1484,0.8460,-0.02455,0.11147,0.04571,-5.00,0.00,5.48,48.9,110.91,643.76,253.59
9.8503,0.7706,-0.0715,0.8460,-0.01555,0.11347,0.04371,-5.00,0.00,0.00,48.9,110.91,643.76,253.55
9.8604,0.7406,0.0984,0.8660,-0.01755,0.11847,0.04471,-5.00,0.00,5.33,49.0,110.91,643.77,253.49
9.8704,0.6206,-0.1215,0.8460,-0.01055,0.12247,0.04371,-5.00,0.00,0.00,49.0,110.91,643.78,253.45
9.8806,0.8106,0.0284,0.8060,-0.03655,0.09647,0.04171,-5.00,0.00,0.00,49.1,110.91,643.79,253.39
9.8909,0.4106,-0.4715,1.3360,-0.00855,0.10947,0.04371,-5.00,0.00,5.13,49.1,110.91,643.80,253.35
9.9007,0.6706,-0.0415,0.8360,-0.02255,0.11947,0.03971,-5.00,0.00,6.78,49.2,110.91,643.81,253.29
9.9109,0.7206,0.1284,0.7160,-0.01655,0.12847,0.04671,-5.00,0.00,0.00,49.2,110.91,643.81,253.25
9.9213,0.5706,0.3384,0.6860,-0.01955,0.11647,0.04071,-5.00,0.00,0.00,49.3,110.91,643.83,253.20
9.9309,0.7906,0.1184,0.6560,-0.01355,0.12047,0.04471,-5.00,0.00,5.03,49.3,110.91,643.83,253.16
9.9411,0.7206,0.3884,0.5360,-0.01955,0.11447,0.04671,-5.00,0.00,0.00,49.4,110.91,643.84,253.10
9.9511,0.6306,0.0084,0.8060,-0.00755,0.12947,0.04071,-5.00,0.00,0.00,49.4,110.91,643.85,253.06
9.9614,0.5906,-0.0815,0.9360,-0.01455,0.12847,0.04471,-5.00,0.00,0.00,49.5,110.91,643.85,253.00
9.9713,0.7006,-0.1615,0.9760,-0.01855,0.13347,0.04171,-5.00,0.00,5.13,49.5,110.91,643.85,252.96
9.9817,0.8206,-0.1515,0.9760,0.00744,0.13747,0.03771,-5.00,0.00,0.00,49.6,110.91,643.85,252.90
9.9919,0.9206,0.2284,0.6360,-0.01255,0.12547,0.04471,-5.00,0.00,0.00,49.6,110.91,643.86,252.84
10.0019,0.9606,-0.3715,1.0560,0.00144,0.13447,0.03771,-5.00,0.00,5.88,49.7,110.91,643.86,252.80
10.0120,0.8606,-0.3215,0.9860,0.01044,0.13247,0.03571,-5.00,0.00,5.88,49.7,110.91,643.87,252.74
10.0223,0.4506,-0.2315,1.1160,-0.00955,0.13347,0.03171,-5.00,0.00,5.43,49.8,110.91,643.87,252.70
10.0321,0.8206,-0.4815,1.3060,0.01944,0.15647,0.04771,-5.00,0.00,0.00,49.8,110.91,643.88,252.64
10.0422,0.5006,-0.2815,1.2160,0.00944,0.14247,0.04971,-5.00,0.00,5.43,49.9,110.91,643.89,252.60
10.0530,0.8906,-0.0115,0.5760,-0.00455,0.14547,0.04771,-5.00,0.00,6.68,49.9,110.91,643.90,252.54
10.0626,1.1206,-0.2515,0.7560,0.01744,0.14647,0.04871,-5.00,0.00,5.18,50.0,110.91,643.91,252.50
10.0726,0.7606,-0.2815,0.9960,0.01244,0.14247,0.03971,-5.00,0.00,0.00,50.0,110.91,643.92,252.44
10.0828,0.7706,-0.9715,1.6960,0.02844,0.14547,0.02671,-5.00,0.00,6.38,50.1,110.91,643.94,252.40
10.0931,0.9106,0.0184,0.9860,0.00044,0.13547,0.05871,-5.00,0.00,0.00,50.1,110.90,643.95,252.34
10.1029,0.9006,-0.3515,0.7760,0.00844,0.14547,0.04471,-5.00,0.00,5.58,50.2,110.90,643.96,252.30
10.1130,0.8006,-0.1215,0.9360,0.03344,0.16647,0.04571,-5.00,0.00,5.83,50.2,110.90,643.97,252.24
10.1235,0.7406,-0.1615,1.0560,0.00444,0.15047,0.05371,-5.00,0.00,0.00,50.3,110.90,643.98,252.20
10.1333,0.8506,-0.4115,0.9460,0.03644,0.16447,0.03971,-5.00,0.00,0.00,50.3,110.90,644.00,252.14
10.1435,1.0106,-0.1715,0.7860,0.03444,0.17347,0.04971,-5.00,0.00,0.00,50.4,110.90,644.01,252.10
10.1540,1.1206,-0.3915,0.8160,0.03044,0.15847,0.03971,-5.00,0.00,0.00,50.4,110.90,644.01,252.04
10.1636,1.0106,-0.5515,1.5560,0.04444,0.16247,0.02271,-5.00,0.00,6.18,50.5,110.90,644.02,251.98
10.1738,0.8906,0.2084,0.5160,0.03344,0.16247,0.04271,-5.00,0.00,0.00,50.5,110.90,644.02,251.94
10.1838,1.0906,-0.5115,1.2360,0.02544,0.18047,0.03971,-5.00,0.00,5.23,50.6,110.90,644.03,251.88
10.1940,0.9506,-0.3715,0.9660,0.06244,0.17247,0.04371,-5.00,0.00,0.00,50.6,110.90,644.03,251.84
10.2042,1.0206,-0.5815,1.2760,0.05244,0.16747,0.04971,-5.00,0.00,0.00,50.7,110.90,644.04,251.78
10.2143,1.2006,-0.0615,0.7060,0.05944,0.19047,0.04671,-5.00,0.00,0.00,50.7,110.90,644.05,251.74
10.2249,0.9606,-0.4415,0.9760,0.04644,0.17647,0.04771,-5.00,0.00,5.08,50.8,110.90,644.05,251.68
10.2345,0.9906,-0.1915,1.0960,0.02644,0.15447,0.03371,-5.00,0.00,5.68,50.8,110.90,644.05,251.64
10.2445,0.7606,-0.1515,0.9060,0.03444,0.17347,0.03271,-5.00,0.00,5.78,50.9,110.90,644.06,251.58
10.2547,1.3606,-0.3215,1.3660,0.06444,0.18647,0.04771,-5.00,0.00,5.93,50.9,110.90,644.07,251.54
10.2647,1.0906,-0.6015,1.0260,0.05144,0.16647,0.04971,-5.00,0.00,6.28,51.0,110.90,644.09,251.48
10.2749,0.9106,-0.3415,1.0660,0.05944,0.21447,0.04271,-5.00,0.00,0.00,51.0,110.90,644.10,251.44
10.2849,1.0406,-0.2015,0.8060,0.04244,0.19547,0.05371,-5.00,0.00,0.00,51.1,110.90,644.13,251.39
10.2950,1.2106,-0.3515,1.2660,0.06144,0.19247,0.04471,-5.00,0.00,0.00,51.1,110.90,644.14,251.35
10.3053,1.0106,-0.6915,1.3560,0.06144,0.17147,0.04171,-5.00,0.00,0.00,51.2,110.90,644.16,251.29
10.3153,0.9206,-0.3315,1.0360,0.04444,0.14947,0.04671,-5.00,0.00,0.00,51.2,110.90,644.17,251.25
10.3258,1.1006,-0.8115,1.2360,0.06044,0.16947,0.04671,-5.00,0.00,5.08,51.3,110.90,644.17,251.19
10.3356,0.8706,-0.4115,1.2660,0.04944,0.17247,0.04271,-5.00,0.00,0.00,51.3,110.90,644.17,251.15
10.3459,0.5906,-0.6915,1.3860,0.03044,0.16847,0.04771,-5.00,0.00,5.78,51.4,110.90,644.18,251.09
10.3565,1.0606,-0.3615,1.1960,0.06344,0.17347,0.03871,-5.00,0.00,5.43,51.5,110.90,644.18,251.03
10.3663,0.8606,-0.5615,0.9460,0.05244,0.17647,0.04171,-5.00,0.00,5.58,51.5,110.90,644.19,250.99
10.3760,1.0906,-0.4615,0.9660,0.05544,0.17247,0.03771,-5.00,0.00,5.98,51.6,110.90,644.20,250.93
10.3865,0.9506,-0.6615,1.4060,0.05644,0.18147,0.03971,-5.00,0.00,7.23,51.6,110.90,644.21,250.89
10.3962,0.8806,-0.5915,1.0660,0.06444,0.18847,0.03671,-5.00,0.00,0.00,51.7,110.90,644.23,250.83
10.4063,1.0406,-0.5815,1.2060,0.06944,0.19047,0.03871,-5.00,0.00,6.13,51.7,110.90,644.24,250.79
10.4164,1.1206,-0.3615,1.1360,0.05944,0.18247,0.03971,-5.00,0.00,5.83,51.8,110.90,644.26,250.73
10.4267,1.1006,-0.4215,0.5160,0.06044,0.17547,0.03571,-5.00,0.00,0.00,51.8,110.90,644.27,250.69
10.4368,0.9406,-0.5015,1.2860,0.04444,0.20947,0.03571,-5.00,0.00,0.00,51.9,110.90,644.30,250.63
10.4469,1.1906,-0.3315,0.6360,0.05244,0.21047,0.04271,-5.00,0.00,0.00,51.9,110.90,644.31,250.59
10.4577,1.0506,-0.3215,0.9160,0.05644,0.20847,0.04071,-5.00,0.00,0.00,52.0,110.90,644.33,250.53
10.4674,1.3706,-0.3915,0.6860,0.04544,0.20547,0.04271,-5.00,0.00,0.00,52.0,110.90,644.33,250.49
10.4772,1.4206,-0.7115,0.8360,0.07044,0.21947,0.03771,-5.00,0.00,5.03,52.1,110.90,644.34,250.43
10.4873,1.3806,-0.5615,1.0160,0.06344,0.23147,0.04271,-5.00,0.00,0.00,52.1,110.90,644.35,250.39
10.4973,1.4506,-0.4415,0.5760,0.07544,0.23147,0.04571,-5.00,0.00,0.00,52.2,110.90,644.36,250.33
10.5074,1.6206,-0.6215,0.5460,0.05444,0.22947,0.04471,-5.00,0.00,0.00,52.2,110.90,644.36,250.29
10.5176,1.4006,-0.4115,0.6260,0.05344,0.24347,0.04371,-5.00,0.00,0.00,52.3,110.90,644.36,250.23
10.5280,1.4706,-0.7415,1.3160,0.06144,0.25247,0.03471,-5.00,0.00,0.00,52.3,110.90,644.36,250.17
10.5379,1.6706,-0.7015,0.7860,0.09244,0.23847,0.02671,-5.00,0.00,0.00,52.4,110.90,644.37,250.13
10.5479,1.3406,-0.4115,0.7260,0.09044,0.23047,0.04371,-5.00,0.00,0.00,52.4,110.90,644.37,250.07
10.5580,1.1306,-0.2415,1.0360,0.07944,0.21747,0.05171,-5.00,0.00,0.00,52.5,110.90,644.37,250.03
10.5683,1.2806,-1.1515,1.0660,0.11444,0.21747,0.04271,-5.00,0.00,5.43,52.5,110.90,644.37,249.97
10.5783,1.4906,-0.5715,1.0560,0.09544,0.24447,0.04871,-5.00,0.00,0.00,52.6,110.90,644.37,249.93
10.5885,1.3706,-0.5515,0.6960,0.06444,0.22747,0.05371,-5.00,0.00,6.08,52.6,110.90,644.38,249.87
10.5983,1.2706,-0.8715,0.9460,0.07744,0.26247,0.04271,-5.00,0.00,0.00,52.7,110.90,644.39,249.83
10.6087,1.5106,-0.6115,0.8460,0.08644,0.24547,0.04771,-5.00,0.00,0.00,52.7,110.90,644.40,249.77
10.6186,1.4206,-0.7215,1.0360,0.10644,0.24747,0.03371,-5.00,0.00,0.00,52.8,110.90,644.40,249.73
10.6287,1.6506,-0.4115,0.7960,0.08344,0.26047,0.04971,-5.00,0.00,0.00,52.8,110.90,644.40,249.67
10.6389,1.5406,-0.4515,0.7660,0.08544,0.25447,0.04571,-5.00,0.00,0.00,52.9,110.90,644.41,249.63
10.6490,1.5306,-0.3115,1.1560,0.08144,0.25147,0.04971,-5.00,0.00,6.28,52.9,110.90,644.41,249.57
10.6592,1.1506,-0.5415,0.8560,0.09344,0.23047,0.06371,-5.00,0.00,8.23,53.0,110.90,644.41,249.53
10.6693,1.3706,-0.7115,0.6160,0.08644,0.26147,0.05271,-5.00,0.00,0.00,53.0,110.90,644.42,249.47
10.6795,1.4506,-0.8715,0.6960,0.03044,0.23847,0.05971,-5.00,0.00,0.00,53.1,110.90,644.43,249.43
10.6895,1.4806,-0.4815,0.6060,0.09344,0.26047,0.05971,-5.00,0.00,0.00,53.1,110.90,644.43,249.38
10.6995,1.4206,-0.7015,1.0360,0.10744,0.24947,0.04071,-5.00,0.00,6.13,53.2,110.90,644.43,249.34
10.7097,1.0906,-0.8115,1.1260,0.09444,0.23347,0.04371,-5.00,-5.21,5.88,53.2,110.90,644.43,249.28
10.7199,1.5806,-1.0515,1.3260,0.09244,0.26747,0.05271,-5.00,0.00,5.93,53.3,110.90,644.44,249.22
10.7299,1.5706,-0.7715,0.9160,0.10844,0.27147,0.04271,-5.00,0.00,0.00,53.3,110.90,644.45,249.18
10.7400,1.4406,-0.5915,0.7660,0.08944,0.27247,0.04871,-5.00,0.00,0.00,53.4,110.90,644.47,249.12
10.7501,1.4406,-1.0515,0.7960,0.09544,0.28647,0.05671,-5.00,0.00,0.00,53.4,110.89,644.47,249.08
10.7604,1.5206,-0.9815,0.6260,0.11244,0.27747,0.04871,-5.00,0.00,0.00,53.5,110.89,644.48,249.02
10.7704,1.7706,-0.5515,0.3960,0.12544,0.29947,0.05371,-5.00,0.00,0.00,53.5,110.89,644.48,248.98
10.7805,1.6806,-0.5015,0.5860,0.10644,0.30647,0.05171,-5.00,0.00,0.00,53.6,110.89,644.49,248.92
10.7906,1.6106,-0.5315,0.2960,0.10044,0.30747,0.05071,-5.00,0.00,0.00,53.6,110.89,644.49,248.88
10.8008,1.9106,-0.7915,0.1460,0.09944,0.30647,0.05071,-5.00,0.00,0.00,53.7,110.89,644.49,248.82
10.8108,1.7806,-0.7215,0.5060,0.11244,0.32447,0.04671,-5.00,0.00,0.00,53.7,110.89,644.49,248.78
10.8213,1.8706,-0.8915,0.3060,0.11244,0.31647,0.04771,-5.00,0.00,0.00,53.8,110.89,644.49,248.72
10.8312,1.4606,-0.3415,0.0260,0.09444,0.32447,0.05571,-5.00,0.00,0.00,53.8,110.89,644.49,248.68
10.8410,2.1506,-1.0315,0.7060,0.12644,0.24747,0.06571,-5.00,0.00,0.00,53.9,110.89,644.50,248.62
10.8511,0.0606,-0.4015,0.2960,0.12844,0.04047,0.05671,-5.00,0.00,0.00,53.9,110.89,644.50,248.58
10.8613,1.0306,-0.4815,-0.3939,0.11444,0.19047,0.04871,-5.00,-5.61,0.00,54.0,110.89,644.50,248.52
10.8714,1.1906,-0.6515,0.5160,0.09544,0.21447,0.04771,-5.00,0.00,0.00,54.0,110.89,644.50,248.48
10.8815,0.5006,-0.4915,0.1860,0.09944,0.18147,0.04971,-5.00,0.00,0.00,54.1,110.89,644.50,248.42
10.8918,1.5906,-0.8115,0.1760,0.08044,0.24947,0.04471,-5.00,0.00,0.00,54.1,110.89,644.51,248.36
10.9018,0.7406,-0.5015,0.1960,0.08844,0.20647,0.05371,-5.00,0.00,0.00,54.2,110.89,644.51,248.32
10.9119,1.5306,-0.7615,0.2260,0.12844,0.22847,0.05271,-5.00,-5.26,0.00,54.2,110.89,644.51,248.26
10.9222,1.3706,-0.6215,0.1060,0.13444,0.23947,0.05871,-5.00,0.00,0.00,54.3,110.89,644.51,248.22
10.9321,1.2506,-0.7415,0.0060,0.11744,0.21747,0.05471,-5.00,0.00,0.00,54.3,110.88,644.51,248.16
10.9423,1.4806,-0.9115,0.1660,0.11244,0.26247,0.04971,-5.00,0.00,0.00,54.4,110.88,644.51,248.12
10.9523,1.5306,-0.7115,-0.2139,0.09844,0.24447,0.05271,-5.00,0.00,0.00,54.4,110.88,644.52,248.06
10.9624,1.6106,-0.5415,-0.2039,0.11544,0.27547,0.05271,-5.00,0.00,0.00,54.5,110.88,644.52,248.02
10.9725,1.2906,-0.6415,-0.3439,0.09344,0.28047,0.04771,-5.00,0.00,0.00,54.5,110.88,644.52,247.96
10.9831,1.7106,-0.6915,-0.4039,0.11044,0.29147,0.05371,-5.00,0.00,0.00,54.6,110.88,644.52,247.92
10.9933,1.7006,-0.8815,0.0960,0.12044,0.29947,0.05271,-5.00,0.00,0.00,54.6,110.88,644.52,247.86
11.0029,1.4206,-0.8015,-0.2539,0.09244,0.29647,0.05271,-5.00,0.00,0.00,54.7,110.88,644.53,247.82
11.0131,1.9406,-0.6815,-0.2539,0.10544,0.30947,0.05571,-5.00,-5.31,0.00,54.7,110.88,644.53,247.76
11.0235,1.7006,-0.8715,-0.0839,0.10444,0.32347,0.05271,-5.00,0.00,0.00,54.8,110.88,644.53,247.72
11.0333,1.8406,-0.6815,-0.3239,0.10144,0.33047,0.05071,-5.00,0.00,0.00,54.8,110.88,644.53,247.66
11.0434,1.8106,-0.6415,-0.5539,0.09544,0.33547,0.05071,-5.00,0.00,0.00,54.9,110.88,644.53,247.62
11.0535,1.7406,-0.3315,-0.3439,0.09944,0.34147,0.05371,-5.00,0.00,0.00,54.9,110.88,644.54,247.56
11.0637,2.0706,-1.0115,-0.2039,0.10544,0.34547,0.05071,-5.00,0.00,0.00,55.0,110.88,644.54,247.50
11.0738,2.0006,-0.5115,-0.6139,0.09644,0.33047,0.05371,-5.00,0.00,0.00,55.0,110.88,644.54,247.46
11.0839,1.7506,-0.7315,-0.4039,0.08044,0.34547,0.05471,-5.00,0.00,0.00,55.1,110.88,644.54,247.40
11.0943,1.8206,-0.2415,-0.9539,0.08644,0.34547,0.05771,-5.00,0.00,0.00,55.1,110.88,644.54,247.36
11.1041,2.0306,-0.5715,-0.6939,0.07844,0.34347,0.05671,-5.00,0.00,0.00,55.2,110.88,644.55,247.30
11.1143,1.9506,-0.8815,-0.2539,0.09344,0.37347,0.04871,-5.00,0.00,0.00,55.2,110.88,644.55,247.26
11.1245,2.1206,-0.6815,-0.4439,0.09444,0.37247,0.05371,-5.00,0.00,0.00,55.3,110.88,644.55,247.20
11.1344,1.8706,-0.6815,-0.5239,0.06844,0.36547,0.05171,-5.00,0.00,0.00,55.3,110.88,644.55,247.16
11.1447,1.9706,-0.5515,-0.7239,0.08944,0.37247,0.05571,-5.00,0.00,0.00,55.4,110.88,644.55,247.10
11.1550,2.1106,-0.7715,-0.4239,0.08144,0.37547,0.05071,-5.00,0.00,0.00,55.4,110.88,644.55,247.06
11.1646,2.2406,-0.8715,-0.3939,0.07944,0.37147,0.05471,-5.00,0.00,0.00,55.5,110.88,644.56,247.00
11.1750,2.1306,-0.4415,-0.8839,0.07944,0.37647,0.05371,-5.00,0.00,0.00,55.5,110.88,644.56,246.96
11.1853,2.0906,-0.3615,-1.1739,0.06544,0.36947,0.05471,-5.00,0.00,0.00,55.6,110.88,644.56,246.90
11.1952,2.3506,-0.8015,-0.5239,0.09044,0.39447,0.04771,-5.00,0.00,0.00,55.6,110.88,644.56,246.86
11.2052,2.2706,-0.9315,-0.4539,0.09144,0.40447,0.05171,-5.00,0.00,0.00,55.7,110.88,644.56,246.80
11.2156,2.2706,-0.7015,-0.4839,0.08944,0.41347,0.05071,-5.00,0.00,0.00,55.7,110.88,644.57,246.76
11.2256,2.2506,-0.3115,-0.8139,0.06644,0.39747,0.05471,-5.00,0.00,0.00,55.8,110.88,644.57,246.70
11.2355,2.3406,-0.4715,-1.3039,0.08644,0.41047,0.05371,-5.00,0.00,-5.32,55.8,110.88,644.57,246.66
11.2459,2.2206,-0.6115,-1.0439,0.06844,0.40747,0.05171,-5.00,0.00,0.00,55.9,110.88,644.57,246.60
11.2560,2.4606,-0.2415,-0.9339,0.07444,0.42247,0.04771,-5.00,0.00,0.00,56.0,110.88,644.57,246.54
11.2659,2.6006,-0.5215,-0.5539,0.09544,0.42847,0.05471,-5.00,0.00,0.00,56.0,110.88,644.57,246.50
11.2761,2.3006,-0.5015,-0.9639,0.08344,0.43847,0.05171,-5.00,0.00,0.00,56.1,110.88,644.57,246.44
11.2864,2.4506,-0.7215,-0.7439,0.08744,0.43847,0.04971,-5.00,0.00,0.00,56.1,110.88,644.57,246.40
11.2963,2.4306,-0.3315,-1.0339,0.07544,0.43347,0.05471,-5.00,0.00,-5.22,56.2,110.88,644.57,246.34
11.3064,2.5006,-0.6015,-0.8939,0.07844,0.44947,0.05271,-5.00,0.00,0.00,56.2,110.88,644.57,246.30
11.3166,2.5906,-0.4815,-1.1239,0.07844,0.44047,0.04971,-5.00,-5.06,0.00,56.3,110.88,644.57,246.24
11.3268,2.4406,-0.3515,-0.8639,0.05344,0.44847,0.04971,-5.00,0.00,0.00,56.3,110.88,644.57,246.20
11.3370,2.6006,-0.4115,-1.1639,0.06544,0.45747,0.05171,-5.00,0.00,-5.17,56.4,110.88,644.57,246.14
11.3469,2.3106,-0.2015,-1.3239,0.03844,0.45347,0.05171,-5.00,0.00,-5.17,56.4,110.87,644.57,246.10
11.3571,2.7006,-0.4015,-1.3039,0.07644,0.46447,0.05371,-5.00,0.00,-6.12,56.5,110.87,644.56,246.04
11.3670,2.5206,-0.4715,-1.1739,0.05244,0.46247,0.05171,-5.00,0.00,-6.42,56.5,110.87,644.56,246.00
11.3773,2.5906,-0.6015,-1.1239,0.05244,0.46547,0.05271,-5.00,0.00,-6.27,56.6,110.87,644.54,245.94
11.3874,2.6906,-0.1315,-1.0339,0.06144,0.47547,0.05171,-5.00,0.00,0.00,56.6,110.87,644.53,245.90
11.3974,2.5206,-0.2915,-1.1139,0.04044,0.47647,0.05271,-5.00,0.00,0.00,56.7,110.86,644.51,245.84
11.4076,2.7306,-0.1615,-1.4939,0.05244,0.47947,0.04971,-5.00,0.00,0.00,56.7,110.86,644.49,245.80
11.4176,2.7206,-0.5115,-0.9539,0.04944,0.47947,0.05071,-5.00,0.00,0.00,56.8,110.86,644.48,245.73
11.4277,2.7306,-0.5215,-0.9139,0.04244,0.48947,0.04671,-5.00,0.00,-7.02,56.8,110.86,644.47,245.67
11.4380,2.8806,-0.2315,-1.1539,0.04044,0.47747,0.05071,-5.00,0.00,-6.32,56.9,110.86,644.47,245.63
11.4480,2.7006,0.0284,-1.0339,0.03644,0.49247,0.05071,-5.00,0.00,-5.77,56.9,110.86,644.46,245.57
11.4583,2.8606,-0.2515,-1.0839,0.03744,0.49747,0.04971,-5.00,0.00,-5.07,57.0,110.86,644.45,245.53
11.4682,3.0106,-0.1415,-1.1139,0.04044,0.49647,0.04671,-5.00,0.00,0.00,57.0,110.86,644.42,245.47
11.4783,2.7806,-0.1215,-0.8139,0.03544,0.50547,0.04671,-5.00,0.00,0.00,57.1,110.86,644.41,245.43
11.4888,2.9706,-0.2115,-0.8939,0.02744,0.50447,0.05171,-5.00,0.00,0.00,57.1,110.86,644.39,245.37
11.4986,2.8006,-0.0615,-1.1739,0.01544,0.49747,0.05171,-5.00,0.00,0.00,57.1,110.86,644.39,245.33
11.5089,3.2206,-0.0915,-0.9539,0.05544,0.52747,0.04571,-5.00,0.00,0.00,57.2,110.87,644.38,245.27
11.5194,3.0906,-0.0215,-0.6839,0.03944,0.52347,0.04571,-5.00,0.00,-5.97,57.2,110.87,644.38,245.23
11.5295,2.9206,0.0684,-0.9639,0.03544,0.52447,0.05071,-5.00,0.00,0.00,57.3,110.87,644.37,245.17
11.5392,2.8706,-0.0015,-0.8239,0.01344,0.52547,0.05271,-5.00,0.00,-6.22,57.3,110.87,644.37,245.13
11.5494,2.8206,-0.4715,-0.5239,0.01544,0.53747,0.04671,-5.00,0.00,0.00,57.4,110.87,644.37,245.07
11.5596,2.8706,-0.0215,-0.6139,0.01344,0.53547,0.04871,-5.00,0.00,0.00,57.4,110.87,644.36,245.03
11.5685,3.2006,-0.2715,-0.8839,0.01844,0.53647,0.04471,-5.00,0.00,-6.42,57.5,110.87,644.37,244.97
11.5800,3.1506,0.2084,-1.0639,0.01644,0.54047,0.04571,-5.00,0.00,-5.52,57.6,110.87,644.37,244.91
11.5905,3.1206,-0.1615,-0.9139,-0.00255,0.54147,0.04271,-5.00,0.00,0.00,57.6,110.87,644.36,244.87
11.6002,3.1906,-0.1915,-0.8639,-0.00655,0.53947,0.03871,-5.00,0.00,-6.82,57.7,110.87,644.35,244.81
11.6106,3.0106,-0.0515,-0.7739,-0.02355,0.54347,0.04071,-5.00,0.00,0.00,57.7,110.87,644.35,244.77
11.6208,3.1506,0.0484,-0.7939,0.00144,0.57047,0.04371,-5.00,0.00,-5.77,57.8,110.87,644.34,244.71
11.6305,3.1706,-0.0815,-0.7339,-0.00255,0.55847,0.04571,-5.00,0.00,0.00,57.8,110.87,644.33,244.67
11.6407,3.3706,-0.1315,-0.7939,0.01544,0.57947,0.04471,-5.00,0.00,0.00,57.9,110.87,644.32,244.61
11.6509,3.1006,-0.1315,-0.7139,-0.00055,0.56947,0.04671,-5.00,0.00,0.00,57.9,110.87,644.31,244.57
11.6610,3.0506,0.1884,-0.7939,-0.00555,0.56747,0.04471,-5.00,0.00,-5.12,58.0,110.87,644.30,244.51
11.6710,3.2506,-0.0315,-0.7939,-0.00355,0.57647,0.04471,-5.00,0.00,0.00,58.0,110.87,644.30,244.47
11.6813,3.3506,-0.1215,-0.7039,0.01444,0.58247,0.04471,-5.00,0.00,-5.97,58.1,110.87,644.29,244.41
11.6916,3.4006,-0.2015,-0.6739,0.00844,0.58947,0.04471,-5.00,0.00,0.00,58.1,110.87,644.28,244.37
11.7016,3.2206,0.1184,-1.0139,-0.01755,0.57447,0.04371,-5.00,0.00,0.00,58.2,110.87,644.27,244.31
11.7116,3.4406,0.0584,-0.9439,-0.00855,0.59047,0.04171,-5.00,0.00,0.00,58.2,110.87,644.27,244.27
11.7219,3.4106,-0.1015,-0.6239,-0.00255,0.59747,0.04171,-5.00,0.00,0.00,58.3,110.87,644.26,244.21
11.7316,3.1706,0.1684,-0.8439,-0.00855,0.60347,0.04371,-5.00,0.00,0.00,58.3,110.87,644.26,244.15
11.7418,3.3806,0.2184,-1.0139,-0.01155,0.59647,0.04271,-5.00,0.00,-5.72,58.4,110.87,644.26,244.11
11.7520,3.5806,-0.2015,-0.7339,-0.00255,0.60947,0.04271,-5.00,0.00,0.00,58.4,110.87,644.27,244.05
11.7620,3.4406,0.1184,-0.7839,0.00144,0.61047,0.04471,-5.00,0.00,0.00,58.5,110.87,644.27,244.01
11.7723,3.4606,0.0884,-0.7239,0.01244,0.62147,0.04371,-5.00,0.00,0.00,58.5,110.87,644.27,243.95
11.7824,3.4406,-0.1415,-0.9439,0.02444,0.62147,0.05171,-5.00,0.00,0.00,58.6,110.87,644.27,243.91
11.7924,3.4106,0.0284,-0.7339,0.01444,0.62347,0.04271,-5.00,0.00,0.00,58.6,110.87,644.27,243.85
11.8025,3.4506,-0.1815,-0.9439,0.02744,0.63447,0.04371,-5.00,0.00,0.00,58.7,110.87,644.27,243.81
11.8125,3.7006,-0.1515,-0.6639,0.03944,0.64347,0.04071,-5.00,0.00,0.00,58.7,110.87,644.28,243.75
11.8227,3.4606,0.3084,-1.1539,0.01244,0.63647,0.04771,-5.00,0.00,0.00,58.8,110.87,644.28,243.71
11.8327,3.4306,0.0884,-0.7439,0.00444,0.65547,0.04371,-5.00,0.00,0.00,58.8,110.88,644.28,243.65
11.8429,3.6406,-0.1115,-0.7339,0.00444,0.64547,0.04171,-5.00,0.00,0.00,58.9,110.88,644.28,243.61
11.8535,3.7206,-0.0615,-0.9339,0.00344,0.64647,0.03871,-5.00,0.00,0.00,58.9,110.88,644.28,243.55
11.8631,3.7006,-0.0315,-1.0739,0.00244,0.65047,0.04371,-5.00,0.00,0.00,59.0,110.88,644.29,243.51
11.8732,3.7006,0.0484,-0.8839,0.01144,0.65347,0.04471,-5.00,0.00,-5.62,59.0,110.88,644.29,243.45
11.8832,3.8006,0.0884,-1.2439,0.00344,0.65347,0.04371,-5.00,0.00,0.00,59.1,110.88,644.29,243.41
11.8936,3.6906,-0.1415,-0.9039,-0.00055,0.67047,0.03971,-5.00,0.00,0.00,59.1,110.88,644.29,243.35
11.9035,4.0206,-0.0115,-1.1039,0.01344,0.67347,0.03771,-5.00,0.00,0.00,59.2,110.88,644.29,243.31
11.9137,3.8106,0.2784,-1.3239,0.00944,0.68347,0.04471,-5.00,0.00,-6.67,59.2,110.88,644.29,243.25
11.9241,3.7006,0.1484,-1.1939,-0.00655,0.67347,0.04371,-5.00,0.00,-5.67,59.3,110.88,644.29,243.19
11.9339,3.9106,-0.0415,-1.1039,-0.00055,0.68747,0.04271,-5.00,0.00,-7.07,59.3,110.88,644.29,243.15
11.9440,3.8706,0.2084,-1.2239,0.00544,0.69847,0.04371,-5.00,0.00,-6.82,59.4,110.88,644.28,243.09
11.9541,3.7606,0.0584,-1.1339,-0.00455,0.70047,0.03971,-5.00,0.00,-5.52,59.4,110.88,644.27,243.05
11.9642,3.8206,0.0084,-1.2439,0.00444,0.70347,0.04171,-5.00,0.00,-7.12,59.5,110.88,644.26,242.99
