time,fx,fy,fz,tx,ty,tz,vx,vy,vz,travel_mm,pos_x,pos_y,pos_z,phase
0.0000,-0.1341,0.3638,-0.6201,-0.02889,-0.01843,0.00633,-5.00,0.00,0.00,0.0,125.49,633.31,302.41,DESCEND
0.0101,-0.0041,0.2438,-0.1701,0.00510,0.00556,0.00233,-5.00,0.00,0.00,0.0,125.49,633.31,302.41,DESCEND
0.0203,0.0658,0.0538,-0.1101,-0.00989,-0.00343,0.00033,-5.00,0.00,0.00,0.0,125.49,633.31,302.41,DESCEND
0.0304,0.0158,-0.2261,0.3498,-0.00189,0.00656,0.00033,-5.00,0.00,0.00,0.0,125.49,633.31,302.40,DESCEND
0.0405,-0.0341,-0.2861,0.1398,0.00310,0.00356,-0.00066,-5.00,0.00,0.00,0.0,125.49,633.31,302.38,DESCEND
0.0507,-0.1041,0.2638,0.0798,-0.01089,-0.00243,0.00433,-5.00,0.00,0.00,0.0,125.49,633.31,302.37,DESCEND
0.0609,0.1058,0.1138,0.1498,0.00910,0.01156,0.00033,-5.00,0.00,0.00,0.1,125.49,633.31,302.35,DESCEND
0.0710,0.0858,0.1438,-0.0901,-0.00589,-0.00943,-0.00066,-5.00,0.00,0.00,0.1,125.49,633.31,302.33,DESCEND
0.0811,-0.0541,0.0638,0.0398,-0.00789,-0.00543,0.00133,-5.00,0.00,0.00,0.1,125.49,633.31,302.29,DESCEND
0.0912,-0.1341,-0.2661,0.0998,-0.02289,-0.00443,0.00033,-5.00,0.00,0.00,0.1,125.49,633.31,302.27,DESCEND
0.1014,0.1558,0.1438,0.0398,0.00610,-0.00243,0.00033,-5.00,0.00,0.00,0.2,125.49,633.31,302.23,DESCEND
0.1115,0.1558,0.0838,0.0498,-0.00189,-0.00243,0.00033,-5.00,0.00,0.00,0.2,125.50,633.32,302.18,DESCEND
0.1216,0.0158,0.2738,-0.0701,0.00810,-0.00143,0.00233,-5.00,0.00,0.00,0.3,125.50,633.32,302.14,DESCEND
0.1317,-0.0241,-0.0361,-0.0601,0.00110,0.00456,-0.00366,-5.00,0.00,0.00,0.3,125.50,633.32,302.09,DESCEND
0.1418,0.1958,0.0038,0.0898,0.01110,0.01456,0.00133,-5.00,0.00,0.00,0.4,125.50,633.32,302.05,DESCEND
0.1520,0.1358,-0.0161,0.0698,0.01410,0.02056,-0.00166,-5.00,0.00,0.00,0.4,125.50,633.32,301.98,DESCEND
0.1621,0.0758,-0.1161,0.4198,-0.01089,0.02556,0.00033,-5.00,0.00,0.00,0.5,125.50,633.33,301.94,DESCEND
0.1722,0.1458,0.1938,0.2498,-0.01389,0.00756,0.00233,-5.00,0.00,0.00,0.5,125.50,633.33,301.88,DESCEND
0.1823,0.0558,0.2638,-0.3001,-0.01989,-0.01843,0.00433,-5.00,0.00,0.00,0.6,125.50,633.33,301.84,DESCEND
0.1924,0.1158,0.1338,-0.1101,0.01110,-0.00643,-0.00166,-5.00,0.00,0.00,0.6,125.50,633.33,301.78,DESCEND
0.2025,-0.0941,0.2038,-0.1801,-0.00889,-0.01143,0.00233,-5.00,0.00,0.00,0.7,125.50,633.33,301.74,DESCEND
0.2126,-0.0241,-0.0661,0.1198,0.00810,-0.00343,0.00333,-5.00,0.00,0.00,0.7,125.50,633.33,301.68,DESCEND
0.2227,-0.0641,0.0738,-0.0401,0.00410,-0.01643,-0.00066,-5.00,0.00,0.00,0.8,125.50,633.34,301.64,DESCEND
0.2328,0.0358,0.0238,-0.0001,0.02010,0.00056,-0.00166,-5.00,0.00,0.00,0.8,125.50,633.34,301.58,DESCEND
0.2429,0.1658,0.0638,-0.0801,0.02110,0.00556,-0.00166,-5.00,0.00,0.00,0.9,125.50,633.34,301.54,DESCEND
0.2531,0.1758,-0.0861,0.0098,0.02010,0.00856,-0.00266,-5.00,0.00,0.00,0.9,125.50,633.34,301.48,DESCEND
0.2632,0.0358,0.3038,-0.1701,0.00710,-0.00143,0.00433,-5.00,0.00,0.00,1.0,125.50,633.34,301.44,DESCEND
0.2733,0.1158,0.1738,-0.0901,0.00310,0.01056,0.00033,-5.00,0.00,0.00,1.0,125.50,633.35,301.38,DESCEND
0.2834,0.0458,-0.0461,0.0898,0.00510,0.02156,-0.00166,-5.00,0.00,0.00,1.1,125.50,633.35,301.34,DESCEND
0.2935,0.1358,0.1838,-0.0501,-0.00689,-0.00443,0.00333,-5.00,0.00,0.00,1.1,125.50,633.35,301.28,DESCEND
0.3036,0.2858,-0.0761,-0.0201,0.01110,-0.00543,-0.00066,-5.00,0.00,0.00,1.2,125.50,633.35,301.22,DESCEND
0.3137,0.1258,0.1538,0.0698,0.01210,0.00856,-0.00266,-5.00,0.00,0.00,1.2,125.50,633.35,301.18,DESCEND
0.3238,0.0158,-0.1161,-0.1701,-0.00389,-0.00943,0.00233,-5.00,0.00,0.00,1.3,125.50,633.36,301.12,DESCEND
0.3339,-0.1341,0.0238,-0.1601,-0.00689,-0.00443,0.00533,-5.00,0.00,0.00,1.3,125.50,633.36,301.08,DESCEND
0.3441,-0.0041,0.2838,-0.0701,0.00310,-0.01043,0.00233,-5.00,0.00,0.00,1.4,125.50,633.36,301.02,DESCEND
0.3542,-0.0341,0.2038,-0.0201,0.01510,0.00256,0.00133,-5.00,0.00,0.00,1.4,125.50,633.36,300.98,DESCEND
0.3643,0.1758,0.1738,-0.2701,-0.00189,-0.00643,-0.00066,-5.00,0.00,0.00,1.5,125.50,633.36,300.93,DESCEND
0.3744,0.1958,-0.1061,0.1498,0.01210,0.00056,0.00033,-5.00,0.00,0.00,1.5,125.50,633.36,300.89,DESCEND
0.3845,-0.0241,-0.1361,0.1898,-0.01689,-0.01143,-0.00066,-5.00,0.00,0.00,1.6,125.50,633.37,300.83,DESCEND
0.3946,-0.0641,-0.1761,0.1398,-0.01689,-0.00943,-0.00066,-5.00,0.00,0.00,1.6,125.50,633.37,300.79,DESCEND
0.4047,0.1658,0.0138,0.1198,0.00110,0.00256,0.00133,-5.00,0.00,0.00,1.7,125.50,633.37,300.73,DESCEND
0.4148,-0.1141,0.4538,-0.6101,-0.00989,-0.00943,0.00633,-5.00,0.00,0.00,1.7,125.50,633.37,300.69,DESCEND
0.4249,-0.0141,0.0138,0.0898,-0.00289,-0.00343,0.00233,-5.00,0.00,0.00,1.8,125.50,633.37,300.63,DESCEND
0.4350,0.1658,0.1838,-0.1701,0.00010,-0.01343,0.00533,-5.00,0.00,0.00,1.8,125.50,633.38,300.59,DESCEND
0.4451,-0.0641,0.3238,-0.3501,-0.00689,-0.01143,0.00133,-5.00,0.00,0.00,1.9,125.50,633.38,300.53,DESCEND
0.4553,0.1058,0.2038,0.1798,-0.00189,0.00356,0.00133,-5.00,0.00,0.00,1.9,125.50,633.38,300.49,DESCEND
0.4654,0.1458,0.1338,-0.2701,0.00710,-0.01043,0.00133,-5.00,0.00,0.00,2.0,125.50,633.38,300.43,DESCEND
0.4755,0.2458,0.1038,-0.1301,0.03010,-0.00343,0.00133,-5.00,0.00,0.00,2.1,125.50,633.38,300.37,DESCEND
0.4856,0.0058,0.2438,-0.1601,-0.00589,-0.00443,0.00433,-5.00,0.00,0.00,2.1,125.50,633.38,300.33,DESCEND
0.4958,0.1858,0.0738,-0.0001,0.01710,-0.00143,-0.00066,-5.00,0.00,0.00,2.2,125.50,633.39,300.27,DESCEND
0.5059,0.0158,-0.0561,-0.0101,0.00110,0.00056,0.00133,-5.00,0.00,0.00,2.2,125.50,633.39,300.23,DESCEND
0.5160,-0.0041,-0.2061,0.1698,0.00810,0.01056,-0.00266,-5.00,0.00,0.00,2.3,125.50,633.39,300.17,DESCEND
0.5261,0.0458,0.2138,0.1598,-0.02189,-0.00943,0.00233,-5.00,0.00,0.00,2.3,125.50,633.39,300.13,DESCEND
0.5362,0.2658,0.1138,-0.0901,-0.01289,-0.01643,-0.00066,-5.00,0.00,0.00,2.4,125.50,633.39,300.07,DESCEND
0.5463,0.0458,-0.0561,0.2998,-0.00289,0.00856,-0.00366,-5.00,0.00,0.00,2.4,125.50,633.40,300.03,DESCEND
0.5564,0.0958,0.1138,-0.1501,-0.00189,-0.00743,-0.00066,-5.00,0.00,0.00,2.5,125.50,633.40,299.97,DESCEND
0.5666,0.1458,-0.2761,0.1698,-0.00189,-0.00043,0.00133,-5.00,0.00,0.00,2.5,125.50,633.40,299.93,DESCEND
0.5767,0.0858,0.2038,-0.1601,0.00510,-0.00343,0.00933,-5.00,0.00,0.00,2.6,125.50,633.40,299.87,DESCEND
0.5868,0.1658,-0.1261,0.0698,-0.00789,-0.00643,0.00433,-5.00,0.00,0.00,2.6,125.50,633.40,299.83,DESCEND
0.5969,0.0258,0.0438,0.0998,0.00910,0.00556,0.00033,-5.00,0.00,0.00,2.7,125.50,633.41,299.77,DESCEND
0.6070,0.1158,-0.0361,0.1898,0.00510,0.00356,0.00333,-5.00,0.00,0.00,2.7,125.50,633.41,299.73,DESCEND
0.6171,-0.0541,0.2438,-0.1701,0.01110,-0.00543,0.00133,-5.00,0.00,0.00,2.8,125.50,633.41,299.67,DESCEND
0.6273,0.0158,0.2938,-0.1501,0.00410,-0.00943,0.00333,-5.00,0.00,0.00,2.8,125.50,633.41,299.63,DESCEND
0.6374,0.1258,0.2838,0.0998,-0.00089,-0.00943,0.00733,-5.00,0.00,0.00,2.9,125.50,633.41,299.57,DESCEND
0.6475,0.0658,-0.1661,0.1998,0.01310,-0.00443,0.00233,-5.00,0.00,0.00,2.9,125.50,633.42,299.51,DESCEND
0.6577,0.0258,0.2638,0.0598,0.00010,0.00556,0.00733,-5.00,0.00,0.00,3.0,125.50,633.42,299.47,DESCEND
0.6678,0.0158,-0.0361,0.1198,-0.01789,-0.00643,0.00233,-5.00,0.00,0.00,3.0,125.50,633.42,299.41,DESCEND
0.6779,-0.0941,0.1138,0.0198,-0.00189,0.00756,0.00033,-5.00,0.00,0.00,3.1,125.50,633.42,299.37,DESCEND
0.6881,0.1358,0.2638,-0.1101,0.00410,0.00056,0.00233,-5.00,0.00,0.00,3.1,125.50,633.42,299.31,DESCEND
0.6982,-0.0341,-0.0161,0.3398,-0.00789,0.00656,0.00333,-5.00,0.00,0.00,3.2,125.50,633.42,299.27,DESCEND
0.7083,0.4358,0.0838,-0.1601,-0.00389,-0.02743,0.00033,-5.00,0.00,0.00,3.2,125.50,633.43,299.21,DESCEND
0.7184,0.1058,-0.4461,0.4598,-0.00089,-0.00243,-0.00366,-5.00,0.00,0.00,3.3,125.50,633.43,299.17,DESCEND
0.7285,0.0558,0.1738,-0.2501,-0.00089,-0.00743,0.00133,-5.00,0.00,0.00,3.3,125.51,633.43,299.11,DESCEND
0.7387,-0.0041,0.0338,0.2898,0.00510,0.00756,0.00233,-5.00,0.00,0.00,3.4,125.51,633.43,299.07,DESCEND
0.7488,0.0158,0.4538,-0.5701,-0.00689,-0.01443,0.00433,-5.00,0.00,0.00,3.4,125.51,633.43,299.01,DESCEND
0.7589,0.0158,-0.0161,0.0198,0.01310,0.00356,0.00133,-5.00,0.00,0.00,3.5,125.51,633.43,298.97,DESCEND
0.7690,-0.1341,0.0438,-0.0401,-0.02389,-0.00543,0.00233,-5.00,0.00,0.00,3.5,125.51,633.44,298.91,DESCEND
0.7791,-0.1041,0.1238,-0.1801,-0.00989,-0.00643,0.00333,-5.00,0.00,0.00,3.6,125.51,633.44,298.87,DESCEND
0.7893,-0.0041,0.4338,-0.3801,-0.01089,-0.00943,0.00533,-5.00,0.00,0.00,3.6,125.51,633.44,298.81,DESCEND
0.7994,0.2058,0.2438,-0.2101,0.01410,-0.00643,0.00233,-5.00,0.00,0.00,3.7,125.51,633.44,298.77,DESCEND
0.8095,0.1458,0.0538,0.0898,0.00510,0.00656,0.00133,-5.00,0.00,0.00,3.7,125.51,633.44,298.71,DESCEND
0.8196,0.0758,0.1938,-0.2501,-0.00689,-0.01043,0.00533,-5.00,0.00,0.00,3.8,125.51,633.45,298.65,DESCEND
0.8297,-0.1341,0.2938,0.0398,0.00610,0.00556,0.00533,-5.00,0.00,0.00,3.8,125.51,633.45,298.61,DESCEND
0.8399,-0.0741,-0.0461,0.3098,0.00610,0.01056,0.00033,-5.00,0.00,0.00,3.9,125.51,633.45,298.55,DESCEND
0.8500,0.2258,-0.0061,0.0198,0.01210,0.00156,0.00333,-5.00,0.00,0.00,3.9,125.51,633.45,298.51,DESCEND
0.8601,0.0958,0.2938,-0.0301,0.00910,-0.00043,0.00333,-5.00,0.00,0.00,4.0,125.51,633.45,298.45,DESCEND
0.8702,0.0658,0.2038,-0.0901,0.00610,0.00056,0.00333,-5.00,0.00,0.00,4.0,125.51,633.46,298.41,DESCEND
0.8803,0.3758,-0.0561,-0.2301,0.02810,-0.00243,0.00133,-5.00,0.00,0.00,4.1,125.51,633.46,298.35,DESCEND
0.8905,-0.0141,0.2238,0.0298,-0.00189,-0.00643,0.00433,-5.00,0.00,0.00,4.1,125.51,633.46,298.31,DESCEND
0.9006,0.3158,0.2838,-0.3101,0.00110,-0.02643,0.00233,-5.00,0.00,0.00,4.2,125.51,633.46,298.25,DESCEND
0.9107,0.0758,-0.3961,-0.0401,0.01010,0.00256,-0.00066,-5.00,0.00,0.00,4.2,125.51,633.46,298.21,DESCEND
0.9209,-0.0641,-0.0861,0.1598,-0.00689,-0.00043,-0.00266,-5.00,0.00,0.00,4.3,125.51,633.47,298.15,DESCEND
0.9310,0.1158,0.2338,-0.0801,0.00210,0.00356,0.00233,-5.00,0.00,0.00,4.3,125.51,633.47,298.11,DESCEND
0.9411,-0.0341,-0.0961,0.1098,0.00110,0.00956,0.00233,-5.00,0.00,0.00,4.4,125.51,633.47,298.05,DESCEND
0.9512,0.0758,0.1938,-0.2701,0.00410,-0.00843,0.00633,-5.00,0.00,0.00,4.4,125.51,633.47,298.01,DESCEND
0.9613,0.0558,0.2938,-0.0801,0.00610,-0.00343,0.00633,-5.00,0.00,0.00,4.5,125.51,633.47,297.95,DESCEND
0.9715,-0.0241,0.3738,-0.1301,-0.01089,-0.00843,0.00433,-5.00,0.00,0.00,4.5,125.51,633.47,297.89,DESCEND
0.9816,-0.0941,0.0638,-0.0801,-0.02389,-0.00543,0.00533,-5.00,0.00,0.00,4.6,125.51,633.48,297.85,DESCEND
0.9917,0.0558,-0.1261,0.1298,0.01110,0.00656,0.00433,-5.00,0.00,0.00,4.6,125.51,633.48,297.79,DESCEND
1.0018,0.1258,0.1438,0.0598,0.00510,-0.00443,0.00333,-5.00,0.00,0.00,4.7,125.51,633.48,297.75,DESCEND
1.0120,0.1358,-0.3761,0.3598,0.01810,0.01856,0.00033,-5.00,0.00,0.00,4.7,125.51,633.48,297.69,DESCEND
1.0221,0.1358,0.0838,-0.0401,-0.00189,-0.00643,0.00033,-5.00,0.00,0.00,4.8,125.51,633.48,297.65,DESCEND
1.0322,0.0358,-0.2361,0.0798,0.00410,0.00256,-0.00166,-5.00,0.00,0.00,4.8,125.51,633.49,297.59,DESCEND
1.0423,0.0558,0.0938,-0.1401,0.01810,0.00356,0.00433,-5.00,0.00,0.00,4.9,125.51,633.49,297.55,DESCEND
1.0524,0.0258,0.1838,-0.0301,-0.00089,-0.01243,0.00633,-5.00,0.00,0.00,4.9,125.51,633.49,297.49,DESCEND
1.0625,-0.0941,0.1138,0.2498,-0.01789,-0.00643,0.00033,-5.00,0.00,0.00,5.0,125.51,633.49,297.45,DESCEND
1.0726,-0.1241,0.1638,-0.4301,-0.01989,-0.01543,0.00333,-5.00,0.00,0.00,5.0,125.51,633.49,297.39,DESCEND
1.0827,0.0358,-0.0461,0.1198,-0.00289,-0.00243,0.00233,-5.00,0.00,0.00,5.1,125.51,633.49,297.35,DESCEND
1.0928,-0.0641,0.5538,-0.1701,-0.01789,-0.01243,0.00733,-5.00,0.00,0.00,5.1,125.51,633.50,297.29,DESCEND
1.1030,0.0358,0.3538,-0.3001,-0.00989,-0.01443,0.00733,-5.00,0.00,0.00,5.2,125.51,633.50,297.25,DESCEND
1.1131,0.0658,0.0338,-0.1301,0.00910,0.00156,0.00233,-5.00,0.00,0.00,5.2,125.51,633.50,297.19,DESCEND
1.1232,0.0758,0.0138,-0.1201,0.01310,0.00456,0.00633,-5.00,0.00,0.00,5.3,125.51,633.50,297.15,DESCEND
1.1333,-0.0141,0.0138,0.3198,-0.00889,0.00156,0.00033,-5.00,0.00,0.00,5.3,125.51,633.50,297.09,DESCEND
1.1435,0.2558,-0.1261,-0.0601,0.01110,-0.00743,0.00033,-5.00,0.00,0.00,5.4,125.51,633.51,297.03,DESCEND
1.1536,-0.0541,0.2538,-0.1601,0.00610,0.00756,0.00533,-5.00,0.00,0.00,5.4,125.51,633.51,296.99,DESCEND
1.1637,-0.0541,0.1538,-0.0301,-0.00389,-0.00143,0.00333,-5.00,0.00,0.00,5.5,125.51,633.51,296.93,DESCEND
1.1739,0.0558,0.3538,-0.2201,0.00610,-0.00343,0.00733,-5.00,0.00,0.00,5.5,125.51,633.51,296.89,DESCEND
1.1840,0.1258,-0.0361,-0.0101,0.00210,-0.01943,0.00433,-5.00,0.00,0.00,5.6,125.51,633.51,296.83,DESCEND
1.1941,0.1858,0.0738,0.0798,0.00910,0.00556,0.00233,-5.00,0.00,0.00,5.6,125.51,633.52,296.79,DESCEND
1.2041,-0.1841,0.2538,-0.2001,-0.00189,0.00156,0.00333,-5.00,0.00,0.00,5.7,125.51,633.52,296.73,DESCEND
1.2143,-0.1241,0.0738,0.0498,0.00010,0.00656,0.00133,-5.00,0.00,0.00,5.7,125.51,633.52,296.69,DESCEND
1.2244,0.1758,0.0238,0.2198,0.01810,0.00556,0.00433,-5.00,0.00,0.00,5.8,125.51,633.52,296.63,DESCEND
1.2345,0.2358,0.2238,-0.3601,0.01110,0.00056,0.00433,-5.00,0.00,0.00,5.8,125.51,633.52,296.59,DESCEND
1.2446,0.0558,0.3238,-0.1001,-0.00689,-0.00443,0.00533,-5.00,0.00,0.00,5.9,125.51,633.52,296.53,DESCEND
1.2547,-0.1141,0.1038,0.1998,-0.00589,0.00856,0.00533,-5.00,0.00,0.00,5.9,125.51,633.53,296.49,DESCEND
1.2649,0.0158,-0.1161,-0.0801,0.00710,0.00456,0.00033,-5.00,0.00,0.00,6.0,125.51,633.53,296.43,DESCEND
1.2750,0.1258,0.0438,-0.1401,0.01210,-0.00343,0.00333,-5.00,0.00,0.00,6.0,125.51,633.53,296.39,DESCEND
1.2851,0.1558,0.3638,-0.3301,0.00210,-0.01143,0.00033,-5.00,0.00,0.00,6.1,125.51,633.53,296.33,DESCEND
1.2953,0.1658,0.0638,0.1498,0.00710,-0.00343,0.00233,-5.00,0.00,0.00,6.1,125.51,633.53,296.29,DESCEND
1.3054,0.1358,0.3938,-0.3901,0.01810,-0.01243,0.00733,-5.00,0.00,0.00,6.2,125.51,633.54,296.23,DESCEND
1.3155,0.0058,-0.4561,0.4598,0.00310,0.00256,-0.00166,-5.00,0.00,0.00,6.2,125.51,633.54,296.17,DESCEND
1.3256,-0.0041,-0.1161,0.0998,0.01610,0.01356,-0.00066,-5.00,0.00,0.00,6.3,125.51,633.54,296.13,DESCEND
1.3358,0.1058,-0.1961,0.0598,-0.00189,-0.00143,0.00133,-5.00,0.00,0.00,6.3,125.51,633.54,296.07,DESCEND
1.3459,0.1658,0.0338,-0.1901,0.01210,0.00556,0.00433,-5.00,0.00,0.00,6.4,125.52,633.54,296.03,DESCEND
1.3560,-0.0341,0.4238,-0.2001,-0.00589,-0.00343,0.00833,-5.00,0.00,0.00,6.4,125.52,633.55,295.97,DESCEND
1.3661,-0.2041,0.3238,0.0198,-0.02189,-0.00743,0.00333,-5.00,0.00,0.00,6.5,125.52,633.55,295.93,DESCEND
1.3763,0.1858,-0.0661,-0.0901,0.01210,-0.00343,0.00433,-5.00,0.00,0.00,6.5,125.52,633.55,295.87,DESCEND
1.3864,-0.0541,0.1238,-0.0801,0.00310,0.00556,0.00433,-5.00,0.00,0.00,6.6,125.52,633.55,295.83,DESCEND
1.3965,0.1058,0.4738,-0.5601,0.01110,-0.00343,0.00333,-5.00,0.00,0.00,6.6,125.52,633.55,295.77,DESCEND
1.4067,-0.0041,-0.0961,-0.0701,-0.00589,-0.00843,0.00033,-5.00,0.00,0.00,6.7,125.52,633.55,295.73,DESCEND
1.4168,0.2758,0.3638,0.0698,0.00010,-0.01243,0.00733,-5.00,0.00,0.00,6.7,125.52,633.56,295.67,DESCEND
1.4269,0.0758,0.3438,-0.5001,0.00510,-0.00843,0.00233,-5.00,0.00,0.00,6.8,125.52,633.56,295.63,DESCEND
1.4372,0.0958,-0.2361,0.0198,-0.01089,-0.00943,0.00133,-5.00,0.00,0.00,6.8,125.52,633.56,295.57,DESCEND
1.4473,-0.0741,-0.0261,0.1598,0.00410,0.00756,0.00433,-5.00,0.00,0.00,6.9,125.52,633.56,295.53,DESCEND
1.4574,0.0258,0.0438,0.2898,0.01410,0.01356,0.00133,-5.00,0.00,0.00,6.9,125.52,633.56,295.47,DESCEND
1.4675,0.1258,0.0738,0.0198,-0.01389,-0.01243,0.00233,-5.00,0.00,0.00,7.0,125.52,633.57,295.43,DESCEND
1.4776,0.1958,0.1438,-0.0201,0.00110,-0.00843,0.00233,-5.00,0.00,0.00,7.0,125.52,633.57,295.37,DESCEND
1.4878,-0.1941,0.0138,-0.1101,-0.00089,-0.00243,0.00333,-5.00,0.00,0.00,7.1,125.52,633.57,295.31,DESCEND
1.4979,0.0858,-0.1961,0.0398,-0.00889,-0.00843,0.00233,-5.00,0.00,0.00,7.1,125.52,633.57,295.27,DESCEND
1.5080,0.0158,0.1138,-0.0801,-0.01189,-0.01143,0.00333,-5.00,0.00,0.00,7.2,125.52,633.57,295.21,DESCEND
1.5182,0.1358,0.3138,-0.0101,0.00910,0.00556,0.00833,-5.00,0.00,0.00,7.2,125.52,633.57,295.17,DESCEND
1.5283,0.0858,0.1138,-0.2001,0.00210,-0.00643,0.00333,-5.00,0.00,0.00,7.3,125.52,633.58,295.11,DESCEND
1.5386,-0.1641,0.0438,0.1098,-0.00589,0.00256,0.00433,-5.00,0.00,0.00,7.3,125.52,633.58,295.07,DESCEND
1.5487,0.1158,-0.1061,0.0098,-0.00389,-0.00843,0.00233,-5.00,0.00,0.00,7.4,125.52,633.58,295.01,DESCEND
1.5588,0.1158,-0.2161,0.1298,0.00410,-0.00643,0.00333,-5.00,0.00,0.00,7.4,125.52,633.58,294.97,DESCEND
1.5689,0.0958,0.0438,-0.0301,0.01310,0.00556,0.00133,-5.00,0.00,0.00,7.5,125.52,633.58,294.91,DESCEND
1.5790,0.1658,-0.2461,0.2198,0.01110,0.00056,0.00233,-5.00,0.00,0.00,7.5,125.52,633.59,294.87,DESCEND
1.5891,-0.0441,-0.0561,0.0598,-0.00189,0.00156,0.00533,-5.00,0.00,0.00,7.6,125.52,633.59,294.81,DESCEND
1.5993,0.1858,0.0938,-0.1101,-0.00489,-0.01643,0.00333,-5.00,0.00,0.00,7.6,125.52,633.59,294.77,DESCEND
1.6094,-0.1141,0.3538,-0.1001,-0.00389,-0.00843,0.00833,-5.00,0.00,0.00,7.7,125.52,633.59,294.71,DESCEND
1.6195,-0.0041,0.4138,-0.3801,0.00810,-0.00343,0.00633,-5.00,0.00,0.00,7.8,125.52,633.59,294.65,DESCEND
1.6296,-0.0541,0.2338,-0.1001,-0.00789,-0.00143,0.00533,-5.00,0.00,0.00,7.8,125.52,633.60,294.61,DESCEND
1.6397,0.0758,0.2238,-0.4001,0.00310,-0.01243,0.00633,-5.00,0.00,0.00,7.9,125.52,633.60,294.55,DESCEND
1.6499,0.0658,0.6238,-0.4601,-0.00189,-0.01743,0.00933,-5.00,0.00,0.00,7.9,125.52,633.60,294.51,DESCEND
1.6600,0.0558,0.0638,0.1298,-0.00589,-0.00043,0.00333,-5.00,0.00,0.00,8.0,125.52,633.60,294.45,DESCEND
1.6701,0.0958,0.1038,-0.0801,0.00810,0.00156,0.00533,-5.00,0.00,0.00,8.0,125.52,633.60,294.41,DESCEND
1.6802,0.0758,0.3538,0.0698,0.01510,0.00256,0.00533,-5.00,0.00,0.00,8.1,125.52,633.61,294.35,DESCEND
1.6904,-0.0241,0.0838,0.0198,-0.00689,0.00056,0.00433,-5.00,0.00,0.00,8.1,125.52,633.61,294.31,DESCEND
1.7005,0.0958,-0.1161,0.3498,0.00810,0.00456,0.00233,-5.00,0.00,0.00,8.2,125.52,633.61,294.25,DESCEND
1.7106,0.2158,0.1938,-0.1201,0.00010,-0.00943,0.00233,-5.00,0.00,0.00,8.2,125.52,633.61,294.21,DESCEND
1.7207,-0.0941,0.1038,0.0498,0.00610,0.01056,0.00633,-5.00,0.00,0.00,8.3,125.52,633.61,294.15,DESCEND
1.7308,0.1358,-0.0361,-0.0801,0.01510,-0.00243,0.00333,-5.00,0.00,0.00,8.3,125.52,633.61,294.11,DESCEND
1.7410,0.0558,0.1438,-0.1001,0.00210,-0.00243,0.00433,-5.00,0.00,0.00,8.4,125.52,633.62,294.05,DESCEND
1.7511,0.0958,0.1638,-0.0101,0.01010,-0.00743,0.00533,-5.00,0.00,0.00,8.4,125.52,633.62,294.01,DESCEND
1.7612,0.0858,0.5138,-0.5701,-0.00589,-0.01143,0.00733,-5.00,0.00,0.00,8.5,125.52,633.62,293.95,DESCEND
1.7713,0.0458,0.2038,-0.0801,0.00310,0.00456,0.00433,-5.00,0.00,0.00,8.5,125.52,633.62,293.91,DESCEND
1.7814,0.2058,0.2538,-0.2901,0.00910,-0.01243,0.00533,-5.00,0.00,0.00,8.6,125.52,633.62,293.85,DESCEND
1.7915,-0.0441,0.0638,0.0598,-0.00889,-0.00743,0.00533,-5.00,0.00,0.00,8.6,125.52,633.63,293.81,DESCEND
1.8016,0.3158,-0.0961,-0.1501,0.01710,-0.00743,0.00333,-5.00,0.00,0.00,8.7,125.52,633.63,293.75,DESCEND
1.8117,0.2058,-0.3161,-0.0501,0.02810,0.00356,0.00133,-5.00,0.00,0.00,8.7,125.52,633.63,293.69,DESCEND
1.8219,0.0958,0.3538,0.0698,0.01210,0.00856,0.00733,-5.00,0.00,0.00,8.8,125.52,633.63,293.65,DESCEND
1.8320,0.0558,-0.0161,0.0398,-0.00089,-0.00143,0.00333,-5.00,0.00,0.00,8.8,125.52,633.63,293.59,DESCEND
1.8421,0.1958,0.2338,-0.1701,0.01410,0.00256,0.00433,-5.00,0.00,0.00,8.9,125.52,633.63,293.55,DESCEND
1.8523,0.1458,0.0638,-0.1801,0.00910,0.00356,0.00433,-5.00,0.00,0.00,8.9,125.52,633.64,293.49,DESCEND
1.8624,0.0658,0.1138,-0.1101,0.00410,-0.00343,0.00233,-5.00,0.00,0.00,9.0,125.52,633.64,293.45,DESCEND
1.8725,0.1058,-0.1861,0.1098,0.01310,0.00756,0.00233,-5.00,0.00,0.00,9.0,125.52,633.64,293.39,DESCEND
1.8826,0.2558,0.1938,0.0798,0.00510,-0.00843,0.00133,-5.00,0.00,0.00,9.1,125.52,633.64,293.35,DESCEND
1.8927,0.1058,-0.0161,-0.0201,0.00210,-0.00743,0.00333,-5.00,0.00,0.00,9.1,125.52,633.64,293.29,DESCEND
1.9029,0.0658,-0.1061,0.1398,0.00510,-0.00043,0.00333,-5.00,0.00,0.00,9.2,125.52,633.65,293.25,DESCEND
1.9130,0.0758,0.0638,-0.0501,0.00610,0.00256,0.00333,-5.00,0.00,0.00,9.2,125.52,633.65,293.19,DESCEND
1.9231,-0.0041,0.2838,-0.0501,-0.00889,0.00556,0.00333,-5.00,0.00,0.00,9.3,125.52,633.65,293.15,DESCEND
1.9332,0.1558,0.0838,-0.0501,-0.00989,-0.01843,0.00533,-5.00,0.00,0.00,9.3,125.52,633.65,293.09,DESCEND
1.9434,0.1358,0.0538,-0.0201,0.01510,0.00056,0.00333,-5.00,0.00,0.00,9.4,125.52,633.65,293.05,DESCEND
1.9536,0.1258,0.0038,0.3698,0.01110,0.00356,0.00033,-5.00,0.00,0.00,9.4,125.52,633.66,292.99,DESCEND
1.9636,0.0158,0.2938,-0.0601,-0.00589,-0.01243,0.00833,-5.00,0.00,0.00,9.5,125.52,633.66,292.93,DESCEND
1.9738,0.0158,-0.0761,0.3898,0.00510,0.00856,0.00433,-5.00,0.00,0.00,9.5,125.52,633.66,292.89,DESCEND
1.9839,0.1458,0.2538,-0.1801,0.00910,-0.00643,0.00633,-5.00,0.00,0.00,9.6,125.53,633.66,292.83,DESCEND
1.9940,0.0658,0.0038,-0.0701,-0.00089,-0.00043,0.00433,-5.00,0.00,0.00,9.6,125.53,633.66,292.79,DESCEND
2.0041,-0.0641,-0.1361,0.2098,-0.01889,-0.00743,0.00133,-5.00,0.00,0.00,9.7,125.53,633.66,292.73,DESCEND
2.0143,0.0158,0.3238,-0.2901,-0.00089,-0.00443,0.00533,-5.00,0.00,0.00,9.7,125.53,633.67,292.69,DESCEND
2.0244,0.2458,-0.0561,0.1598,0.02610,0.01156,0.00433,-5.00,0.00,0.00,9.8,125.53,633.67,292.63,DESCEND
2.0345,0.0958,0.0338,-0.2901,0.00210,-0.00443,0.00633,-5.00,0.00,0.00,9.8,125.53,633.67,292.59,DESCEND
2.0447,-0.0141,0.2638,0.1098,-0.02389,-0.01743,0.00533,-5.00,0.00,0.00,9.9,125.53,633.67,292.53,DESCEND
2.0548,0.0558,0.1938,0.1198,0.00810,-0.00543,0.01033,-5.00,0.00,0.00,9.9,125.53,633.67,292.49,DESCEND
2.0649,-0.0041,0.2538,0.0598,-0.00789,-0.01243,0.00433,-5.00,0.00,0.00,10.0,125.53,633.68,292.43,DESCEND
2.0750,0.0258,-0.0661,-0.1001,0.01310,0.00156,0.00333,-5.00,0.00,0.00,10.0,125.53,633.68,292.39,DESCEND
2.0852,0.0858,0.0338,0.0998,0.02210,0.00856,0.00533,-5.00,0.00,0.00,10.1,125.53,633.68,292.33,DESCEND
2.0953,0.0958,-0.0861,0.2598,0.01710,0.00156,0.00433,-5.00,0.00,0.00,10.1,125.53,633.68,292.29,DESCEND
2.1054,0.1658,-0.0061,0.1998,0.00810,-0.00143,0.00633,-5.00,0.00,0.00,10.2,125.53,633.68,292.23,DESCEND
2.1155,0.1258,0.1738,-0.2401,0.01610,-0.00143,0.00433,-5.00,0.00,0.00,10.2,125.53,633.69,292.17,DESCEND
2.1257,-0.1741,0.3938,-0.3701,-0.00489,0.00456,0.00533,-5.00,0.00,0.00,10.3,125.53,633.69,292.13,DESCEND
2.1358,-0.0341,0.3538,-0.2501,-0.00289,-0.00343,0.00933,-5.00,0.00,0.00,10.3,125.53,633.69,292.07,DESCEND
2.1459,0.1858,-0.0561,0.1398,0.01110,0.00556,0.00133,-5.00,0.00,0.00,10.4,125.53,633.69,292.03,DESCEND
2.1560,0.0558,0.1038,-0.1401,0.00710,-0.00043,0.00433,-5.00,0.00,0.00,10.4,125.53,633.69,291.97,DESCEND
2.1662,-0.1141,0.1738,-0.1401,0.00010,0.00056,0.00133,-5.00,0.00,0.00,10.5,125.53,633.69,291.93,DESCEND
2.1763,0.2658,0.2838,-0.3201,0.00810,-0.01243,0.00333,-5.00,0.00,0.00,10.5,125.53,633.70,291.87,DESCEND
2.1864,-0.2341,0.0738,0.1898,-0.01389,-0.00443,0.00533,-5.00,0.00,0.00,10.6,125.53,633.70,291.83,DESCEND
2.1965,0.0158,-0.0161,0.0698,0.00310,0.00556,0.00533,-5.00,0.00,0.00,10.6,125.53,633.70,291.77,DESCEND
2.2066,0.0258,0.2838,-0.1601,0.00210,-0.00243,0.00333,-5.00,0.00,0.00,10.7,125.53,633.70,291.73,DESCEND
2.2167,0.1358,0.1438,0.0498,0.00810,0.00756,0.00233,-5.00,0.00,0.00,10.7,125.53,633.70,291.67,DESCEND
2.2269,0.1358,0.2238,-0.1001,-0.00489,-0.00843,0.00433,-5.00,0.00,0.00,10.8,125.53,633.71,291.63,DESCEND
2.2370,0.1358,0.0638,0.2798,0.01610,0.00856,0.00633,-5.00,0.00,0.00,10.8,125.53,633.71,291.57,DESCEND
2.2471,0.0558,0.0138,-0.1401,0.01110,-0.00043,0.00533,-5.00,0.00,0.00,10.9,125.53,633.71,291.53,DESCEND
2.2572,0.0258,-0.0061,0.0598,0.01210,0.01156,0.00833,-5.00,0.00,0.00,10.9,125.53,633.71,291.47,DESCEND
2.2673,0.1458,0.0338,0.0798,0.01510,-0.00243,0.00433,-5.00,0.00,0.00,11.0,125.53,633.71,291.43,DESCEND
2.2774,0.1558,0.0938,0.1298,0.03710,0.00956,0.00533,-5.00,0.00,0.00,11.0,125.53,633.72,291.37,DESCEND
2.2875,0.2258,0.1238,0.1498,0.02310,0.00656,0.00633,-5.00,0.00,0.00,11.1,125.53,633.72,291.33,DESCEND
2.2976,0.0958,-0.0861,0.0698,0.01010,-0.01143,0.00333,-5.00,0.00,0.00,11.1,125.53,633.72,291.27,DESCEND
2.3078,0.2058,0.3038,-0.0601,0.00410,-0.00643,0.00233,-5.00,0.00,0.00,11.2,125.53,633.72,291.21,DESCEND
2.3179,0.0758,-0.0761,0.1598,0.00610,0.00956,0.00233,-5.00,0.00,0.00,11.2,125.53,633.72,291.17,DESCEND
2.3280,0.1958,0.1738,-0.1101,0.00710,-0.01043,0.00633,-5.00,0.00,0.00,11.3,125.53,633.72,291.11,DESCEND
2.3382,0.1658,-0.2861,0.4498,-0.02189,-0.00443,0.00333,-5.00,0.00,0.00,11.3,125.53,633.73,291.07,DESCEND
2.3483,0.1258,0.2838,0.0598,0.00210,0.00156,0.00833,-5.00,0.00,0.00,11.4,125.53,633.73,291.01,DESCEND
2.3584,0.0258,0.2938,0.0398,0.00610,0.00256,0.00433,-5.00,0.00,0.00,11.4,125.53,633.73,290.97,DESCEND
2.3685,0.0958,0.2738,-0.1001,0.00210,-0.00843,0.00633,-5.00,0.00,0.00,11.5,125.53,633.73,290.91,DESCEND
2.3786,-0.0041,0.1338,0.2098,-0.00089,-0.00043,0.00533,-5.00,0.00,0.00,11.5,125.53,633.73,290.87,DESCEND
2.3887,-0.2341,0.4038,-0.2001,0.00510,0.00656,0.00433,-5.00,0.00,0.00,11.6,125.53,633.74,290.81,DESCEND
2.3988,0.0258,0.4438,-0.2301,0.00410,0.00256,0.00433,-5.00,0.00,0.00,11.6,125.53,633.74,290.77,DESCEND
2.4089,0.0758,0.1038,-0.0401,0.01110,-0.00043,0.00433,-5.00,0.00,0.00,11.7,125.53,633.74,290.72,DESCEND
2.4190,-0.0741,0.0738,0.3798,0.01110,0.00756,0.00333,-5.00,0.00,0.00,11.7,125.53,633.74,290.68,DESCEND
2.4291,0.0358,0.4038,-0.2201,-0.00289,-0.00643,0.00733,-5.00,0.00,0.00,11.8,125.53,633.74,290.62,DESCEND
2.4393,0.1558,0.2138,-0.2401,0.00510,-0.01043,0.00633,-5.00,0.00,0.00,11.8,125.53,633.74,290.58,DESCEND
2.4494,-0.0041,0.1238,0.0098,0.00010,-0.00043,0.00233,-5.00,0.00,0.00,11.9,125.53,633.75,290.52,DESCEND
2.4595,-0.1641,0.0938,0.2098,-0.01089,0.00856,0.00233,-5.00,0.00,0.00,11.9,125.53,633.75,290.48,DESCEND
2.4696,0.1858,0.3338,-0.0901,-0.01289,-0.01343,0.00733,-5.00,0.00,0.00,12.0,125.53,633.75,290.42,DESCEND
2.4797,0.0358,0.4638,-0.0301,0.02110,0.00956,0.00533,-5.00,0.00,0.00,12.1,125.53,633.75,290.36,DESCEND
2.4898,0.1058,0.3738,-0.4301,0.00610,-0.00643,0.00633,-5.00,0.00,0.00,12.1,125.53,633.75,290.32,DESCEND
2.5000,0.1158,-0.0561,0.1198,-0.00289,-0.00643,0.00533,-5.00,0.00,0.00,12.2,125.53,633.76,290.26,DESCEND
2.5101,0.0558,0.3538,-0.2301,0.01710,0.00856,0.00733,-5.00,0.00,0.00,12.2,125.53,633.76,290.22,DESCEND
2.5202,0.1458,0.2138,-0.2101,0.00610,-0.00743,0.00633,-5.00,0.00,0.00,12.3,125.53,633.76,290.16,DESCEND
2.5303,0.0158,-0.1461,0.0698,-0.00089,0.00956,0.00433,-5.00,0.00,0.00,12.3,125.53,633.76,290.12,DESCEND
2.5404,-0.0441,0.1938,-0.1501,-0.01689,-0.01843,0.00533,-5.00,0.00,0.00,12.4,125.53,633.76,290.06,DESCEND
2.5505,-0.0541,-0.0361,0.1198,0.00210,-0.00043,0.00533,-5.00,0.00,0.00,12.4,125.53,633.77,290.02,DESCEND
2.5606,0.0258,0.3138,-0.3101,0.01710,0.00156,0.00533,-5.00,0.00,0.00,12.5,125.53,633.77,289.96,DESCEND
2.5707,0.0958,0.2238,-0.0301,-0.00889,0.00356,0.00433,-5.00,0.00,0.00,12.5,125.53,633.77,289.92,DESCEND
2.5809,0.0558,-0.0061,0.0398,0.00310,0.00056,0.00533,-5.00,0.00,0.00,12.6,125.53,633.77,289.86,DESCEND
2.5910,0.2158,0.0238,0.0898,0.00610,0.00056,0.00233,-5.00,0.00,0.00,12.6,125.53,633.77,289.82,DESCEND
2.6011,0.1858,0.4338,-0.3301,0.00210,-0.01543,0.00833,-5.00,0.00,0.00,12.7,125.53,633.77,289.76,DESCEND
2.6112,0.0658,0.2338,-0.2301,-0.01589,-0.00843,0.00433,-5.00,0.00,0.00,12.7,125.53,633.78,289.72,DESCEND
2.6213,0.1158,0.1938,-0.2401,0.01110,-0.00643,0.00633,-5.00,0.00,0.00,12.8,125.54,633.78,289.66,DESCEND
2.6314,0.0058,-0.0361,0.1698,0.00510,0.00356,0.00433,-5.00,0.00,0.00,12.8,125.54,633.78,289.62,DESCEND
2.6416,0.1758,0.1438,-0.1201,0.00410,-0.00443,0.00433,-5.00,0.00,0.00,12.9,125.54,633.78,289.56,DESCEND
2.6517,0.2158,0.3538,-0.3001,0.02310,0.00056,0.00733,-5.00,0.00,0.00,12.9,125.54,633.78,289.50,DESCEND
2.6618,0.0558,-0.0361,0.0598,0.00910,-0.00543,0.00233,-5.00,0.00,0.00,13.0,125.54,633.79,289.46,DESCEND
2.6720,0.0958,0.1638,0.2898,0.01610,0.00456,0.00533,-5.00,0.00,0.00,13.0,125.54,633.79,289.40,DESCEND
2.6821,-0.0041,0.1438,-0.0401,-0.00989,-0.00843,0.00633,-5.00,0.00,0.00,13.1,125.54,633.79,289.36,DESCEND
2.6922,0.1158,0.3238,-0.2101,0.00210,-0.00643,0.00633,-5.00,0.00,0.00,13.1,125.54,633.79,289.30,DESCEND
2.7023,0.1758,-0.1161,0.0998,0.00810,-0.00443,0.00433,-5.00,0.00,0.00,13.2,125.54,633.79,289.26,DESCEND
2.7124,-0.1241,0.2938,-0.1201,-0.00489,0.00256,0.00533,-5.00,0.00,0.00,13.2,125.54,633.80,289.20,DESCEND
2.7225,-0.0541,0.0738,-0.1801,-0.00089,-0.00443,0.00633,-5.00,0.00,0.00,13.3,125.54,633.80,289.16,DESCEND
2.7326,0.0458,0.3238,-0.1901,0.01210,-0.00243,0.00633,-5.00,0.00,0.00,13.3,125.54,633.80,289.10,DESCEND
2.7427,0.1658,0.3638,-0.0501,0.01210,0.00956,0.00433,-5.00,0.00,0.00,13.4,125.54,633.80,289.06,DESCEND
2.7528,0.1358,0.1738,0.1298,-0.00989,-0.00743,0.00433,-5.00,0.00,0.00,13.4,125.54,633.80,289.00,DESCEND
2.7629,-0.0441,0.2838,-0.1701,0.00110,-0.00243,0.00733,-5.00,0.00,0.00,13.5,125.54,633.80,288.96,DESCEND
2.7731,-0.1041,0.3738,-0.1101,-0.00989,-0.01043,0.00633,-5.00,0.00,0.00,13.5,125.54,633.81,288.90,DESCEND
2.7832,0.0558,0.3638,-0.3801,-0.00789,-0.01343,0.00733,-5.00,0.00,0.00,13.6,125.54,633.81,288.86,DESCEND
2.7933,-0.0441,-0.0561,0.1598,-0.00089,0.00756,0.00533,-5.00,0.00,0.00,13.6,125.54,633.81,288.80,DESCEND
2.8034,0.2458,-0.2061,0.0698,0.02710,0.00656,0.00333,-5.00,0.00,0.00,13.7,125.54,633.81,288.76,DESCEND
2.8135,0.4158,-0.3161,0.3998,0.02510,-0.00143,0.00233,-5.00,0.00,0.00,13.7,125.54,633.81,288.70,DESCEND
2.8236,-0.1041,0.0838,-0.0001,0.01010,0.00256,0.00733,-5.00,0.00,0.00,13.8,125.54,633.82,288.66,DESCEND
2.8338,0.2258,0.0738,0.0398,0.00610,0.00056,0.00333,-5.00,0.00,0.00,13.8,125.54,633.82,288.60,DESCEND
2.8439,-0.0541,0.1238,-0.1201,-0.00389,-0.00043,0.00433,-5.00,0.00,0.00,13.9,125.54,633.82,288.54,DESCEND
2.8540,0.0858,0.0238,0.1198,-0.01989,-0.01243,0.00033,-5.00,0.00,0.00,13.9,125.54,633.82,288.50,DESCEND
2.8641,0.2658,0.1338,0.0198,0.00410,-0.00143,0.00633,-5.00,0.00,0.00,14.0,125.54,633.82,288.44,DESCEND
2.8743,0.2358,0.3438,-0.1601,0.01410,-0.00943,0.01033,-5.00,0.00,0.00,14.0,125.54,633.83,288.40,DESCEND
2.8844,-0.0641,0.0638,-0.0901,-0.00389,-0.00243,0.00433,-5.00,0.00,0.00,14.1,125.54,633.83,288.34,DESCEND
2.8945,-0.1141,0.4938,-0.2401,-0.00389,0.00156,0.00833,-5.00,0.00,0.00,14.1,125.54,633.83,288.30,DESCEND
2.9046,-0.0741,0.4138,-0.3001,0.00310,0.00156,0.00733,-5.00,0.00,0.00,14.2,125.54,633.83,288.24,DESCEND
2.9147,0.1158,-0.0061,0.3898,0.00610,0.00756,0.00333,-5.00,0.00,0.00,14.2,125.54,633.83,288.20,DESCEND
2.9249,-0.0741,-0.0461,0.2798,-0.00189,0.00956,0.00533,-5.00,0.00,0.00,14.3,125.54,633.83,288.14,DESCEND
2.9350,-0.0441,0.3038,-0.0901,-0.00189,0.00756,0.00933,-5.00,0.00,0.00,14.3,125.54,633.84,288.10,DESCEND
2.9451,0.1258,0.0738,-0.0701,0.01610,-0.00043,0.00733,-5.00,0.00,0.00,14.4,125.54,633.84,288.04,DESCEND
2.9552,-0.0441,0.3738,-0.1401,0.01110,0.00056,0.00733,-5.00,0.00,0.00,14.4,125.54,633.84,288.00,DESCEND
2.9653,0.1558,0.2638,-0.3601,-0.01189,-0.00143,0.00433,-5.00,0.00,0.00,14.5,125.54,633.84,287.94,DESCEND
2.9755,-0.0641,0.7238,-0.2101,-0.01789,-0.00843,0.01033,-5.00,0.00,0.00,14.5,125.54,633.84,287.90,DESCEND
2.9856,0.1958,0.3038,-0.0201,0.00810,-0.00343,0.01033,-5.00,0.00,0.00,14.6,125.54,633.85,287.84,DESCEND
2.9957,-0.1241,-0.0561,0.0298,-0.00789,-0.00443,0.00633,-5.00,0.00,0.00,14.6,125.54,633.85,287.78,DESCEND
3.0058,-0.1041,0.2738,-0.0001,-0.01889,-0.00143,0.00733,-5.00,0.00,0.00,14.7,125.54,633.85,287.74,DESCEND
3.0159,-0.0141,0.3638,-0.0801,-0.00989,-0.01143,0.01233,-5.00,0.00,0.00,14.7,125.54,633.85,287.68,DESCEND
3.0260,0.0858,0.1338,-0.0701,0.00910,-0.01143,0.00533,-5.00,0.00,0.00,14.8,125.54,633.85,287.64,DESCEND
3.0361,0.0458,0.0338,-0.1901,0.00110,-0.00343,0.00633,-5.00,0.00,0.00,14.8,125.54,633.86,287.58,DESCEND
3.0463,0.1958,0.1238,-0.0301,0.01610,-0.00443,0.00633,-5.00,0.00,0.00,14.9,125.54,633.86,287.54,DESCEND
3.0564,0.0058,-0.1561,0.3398,0.01610,0.01856,0.00133,-5.00,0.00,0.00,14.9,125.54,633.86,287.48,DESCEND
3.0665,0.0058,-0.1661,0.3198,0.01410,0.01156,0.00433,-5.00,0.00,0.00,15.0,125.54,633.86,287.44,DESCEND
3.0766,0.0458,0.4638,-0.4601,-0.00289,-0.01143,0.01033,-5.00,0.00,0.00,15.0,125.54,633.86,287.38,DESCEND
3.0867,-0.1041,-0.0161,-0.2301,0.02310,0.00556,0.01033,-5.00,0.00,0.00,15.1,125.54,633.86,287.34,DESCEND
3.0969,-0.0541,-0.3261,0.4898,0.00710,0.01456,0.00133,-5.00,0.00,0.00,15.1,125.54,633.87,287.28,DESCEND
3.1070,0.0558,0.1338,0.0098,0.02810,0.01256,0.00433,-5.00,0.00,0.00,15.2,125.54,633.87,287.24,DESCEND
3.1171,0.1258,0.0938,0.0798,0.01310,0.00856,0.00433,-5.00,0.00,0.00,15.2,125.54,633.87,287.18,DESCEND
3.1272,0.0358,0.1538,-0.2901,0.00110,-0.00643,0.00733,-5.00,0.00,0.00,15.3,125.54,633.87,287.14,DESCEND
3.1373,-0.0441,0.2338,-0.0101,-0.00289,-0.01043,0.00533,-5.00,0.00,0.00,15.3,125.54,633.87,287.08,DESCEND
3.1475,-0.0341,0.1638,0.0098,0.00010,0.01056,0.00333,-5.00,0.00,0.00,15.4,125.54,633.88,287.04,DESCEND
3.1576,-0.0241,0.5138,-0.4801,0.00010,-0.00243,0.00933,-5.00,0.00,0.00,15.4,125.54,633.88,286.98,DESCEND
3.1677,-0.0441,0.1638,0.1398,-0.02189,-0.00943,0.00733,-5.00,0.00,0.00,15.5,125.54,633.88,286.92,DESCEND
3.1778,0.0458,0.3038,-0.1201,0.01510,0.00856,0.00633,-5.00,0.00,0.00,15.5,125.54,633.88,286.88,DESCEND
3.1879,0.1958,0.3738,-0.3801,0.01710,0.00756,0.00633,-5.00,0.00,0.00,15.6,125.54,633.88,286.82,DESCEND
3.1980,0.0858,0.1138,-0.2301,0.00810,-0.00543,0.00733,-5.00,0.00,0.00,15.6,125.54,633.88,286.78,DESCEND
3.2082,0.2858,0.0538,-0.0001,0.01510,-0.00843,0.00733,-5.00,0.00,0.00,15.7,125.54,633.89,286.72,DESCEND
3.2183,-0.1641,0.2838,-0.1201,-0.00889,0.00056,0.00833,-5.00,0.00,0.00,15.7,125.54,633.89,286.68,DESCEND
3.2284,0.0358,-0.1461,0.0998,-0.00589,0.00156,0.00233,-5.00,0.00,0.00,15.8,125.54,633.89,286.62,DESCEND
3.2385,0.2258,0.0838,0.0098,0.01810,-0.00843,0.00833,-5.00,0.00,0.00,15.8,125.54,633.89,286.58,DESCEND
3.2486,0.0958,0.2638,-0.2801,0.00410,-0.00843,0.00433,-5.00,0.00,0.00,15.9,125.54,633.89,286.52,DESCEND
3.2587,0.1458,0.3038,-0.1901,0.00310,-0.00143,0.00733,-5.00,0.00,0.00,15.9,125.54,633.90,286.48,DESCEND
3.2688,-0.0241,0.2738,-0.2701,-0.00289,-0.00643,0.00433,-5.00,0.00,0.00,16.0,125.54,633.90,286.42,DESCEND
3.2789,0.0358,0.1738,-0.0401,-0.00089,-0.00543,0.01133,-5.00,0.00,0.00,16.0,125.54,633.90,286.38,DESCEND
3.2890,0.1358,0.0538,0.0298,0.02610,0.00956,0.00633,-5.00,0.00,0.00,16.1,125.55,633.90,286.32,DESCEND
3.2992,0.0958,-0.1261,0.1198,0.01110,0.01256,0.00533,-5.00,0.00,0.00,16.1,125.55,633.90,286.28,DESCEND
3.3093,-0.1041,0.3138,-0.0701,-0.00689,-0.00643,0.00933,-5.00,0.00,0.00,16.2,125.55,633.91,286.22,DESCEND
3.3195,-0.0041,0.0638,-0.3401,-0.00189,-0.01043,0.00533,-5.00,0.00,0.00,16.2,125.55,633.91,286.18,DESCEND
3.3296,-0.1541,0.2338,0.0898,-0.01589,-0.00243,0.00633,-5.00,0.00,0.00,16.3,125.55,633.91,286.12,DESCEND
3.3397,-0.0841,0.0838,0.2498,-0.00389,0.00556,0.00633,-5.00,0.00,0.00,16.4,125.55,633.91,286.06,DESCEND
3.3499,0.2058,-0.1061,0.0398,0.00610,-0.00343,0.00533,-5.00,0.00,0.00,16.4,125.55,633.91,286.02,DESCEND
3.3600,-0.0541,-0.0061,-0.0201,0.00710,0.00856,0.00333,-5.00,0.00,0.00,16.5,125.55,633.92,285.96,DESCEND
3.3701,0.1758,0.2438,-0.2901,0.02410,0.00056,0.00633,-5.00,0.00,0.00,16.5,125.55,633.92,285.92,DESCEND
3.3802,0.1158,0.0038,0.0998,0.00410,-0.00543,0.00533,-5.00,0.00,0.00,16.6,125.55,633.92,285.86,DESCEND
3.3904,0.0158,0.5138,-0.1701,-0.00789,0.00056,0.00433,-5.00,0.00,0.00,16.6,125.55,633.92,285.82,DESCEND
3.4004,-0.0541,0.1638,0.1598,0.00610,0.01156,0.00733,-5.00,0.00,0.00,16.7,125.55,633.92,285.76,DESCEND
3.4106,0.0158,0.3138,-0.0701,0.00110,0.00156,0.00633,-5.00,0.00,0.00,16.7,125.55,633.92,285.72,DESCEND
3.4207,0.3358,0.0938,-0.1201,0.00710,-0.01343,0.00533,-5.00,0.00,0.00,16.8,125.55,633.93,285.66,DESCEND
3.4308,0.1358,0.1638,-0.1401,0.01010,0.00156,0.00533,-5.00,0.00,0.00,16.8,125.55,633.93,285.62,DESCEND
3.4409,-0.0041,-0.1261,0.0398,0.01410,0.00456,0.00533,-5.00,0.00,0.00,16.9,125.55,633.93,285.56,DESCEND
3.4510,-0.0941,0.0538,-0.1901,-0.00289,0.00056,0.00533,-5.00,0.00,0.00,16.9,125.55,633.93,285.52,DESCEND
3.4611,0.0558,0.1238,-0.0601,0.01710,0.00856,0.00533,-5.00,0.00,0.00,17.0,125.55,633.93,285.46,DESCEND
3.4713,0.1158,0.0938,0.1498,0.00710,0.00256,0.00633,-5.00,0.00,0.00,17.0,125.55,633.93,285.42,DESCEND
3.4814,0.0558,0.3838,-0.2101,-0.00689,-0.00743,0.00933,-5.00,0.00,0.00,17.1,125.55,633.94,285.36,DESCEND
3.4915,0.2258,-0.1561,0.2498,0.01910,0.00856,0.00433,-5.00,0.00,0.00,17.1,125.55,633.94,285.32,DESCEND
3.5016,0.0758,0.3638,-0.0401,0.00110,-0.00043,0.00533,-5.00,0.00,0.00,17.2,125.55,633.94,285.26,DESCEND
3.5117,0.0558,0.1938,-0.0001,0.00210,0.00056,0.01033,-5.00,0.00,0.00,17.2,125.55,633.94,285.20,DESCEND
3.5219,0.1358,0.3738,-0.4001,0.00110,-0.00743,0.01033,-5.00,0.00,0.00,17.3,125.55,633.94,285.16,DESCEND
3.5320,0.2058,0.0938,0.2698,0.02110,0.00456,0.00633,-5.00,0.00,0.00,17.3,125.55,633.95,285.10,DESCEND
3.5421,-0.2441,0.2438,-0.0001,-0.01589,-0.00443,0.00733,-5.00,0.00,0.00,17.4,125.55,633.95,285.06,DESCEND
3.5522,-0.0441,0.2338,0.0698,-0.01089,0.00056,0.00633,-5.00,0.00,0.00,17.4,125.55,633.95,285.00,DESCEND
3.5622,0.0658,0.1138,0.0998,0.00610,0.00756,0.00533,-5.00,0.00,0.00,17.5,125.55,633.95,284.96,DESCEND
3.5724,0.1258,0.2838,-0.2901,0.01510,0.00156,0.00833,-5.00,0.00,0.00,17.5,125.55,633.95,284.90,DESCEND
3.5825,0.0058,0.0438,-0.0901,0.00210,-0.00343,0.00633,-5.00,0.00,0.00,17.6,125.55,633.96,284.86,DESCEND
3.5926,-0.0041,0.3538,-0.2301,0.00210,-0.00543,0.00833,-5.00,0.00,0.00,17.6,125.55,633.96,284.80,DESCEND
3.6027,0.2258,0.3138,-0.4101,0.00910,-0.01043,0.00833,-5.00,0.00,0.00,17.7,125.55,633.96,284.76,DESCEND
3.6128,0.0858,0.1738,-0.2001,0.00910,-0.00343,0.00833,-5.00,0.00,0.00,17.7,125.55,633.96,284.70,DESCEND
3.6229,0.2158,0.1138,-0.0101,0.00710,0.00356,0.00833,-5.00,0.00,0.00,17.8,125.55,633.96,284.66,DESCEND
3.6331,-0.0541,0.2938,-0.1101,0.00010,-0.00743,0.00933,-5.00,0.00,0.00,17.8,125.55,633.97,284.60,DESCEND
3.6432,0.1358,0.2338,-0.1901,0.00510,0.00156,0.00433,-5.00,0.00,0.00,17.9,125.55,633.97,284.56,DESCEND
3.6533,0.2158,0.1138,0.0098,0.01310,0.00656,0.00433,-5.00,0.00,0.00,17.9,125.55,633.97,284.50,DESCEND
3.6634,0.1058,0.0138,0.0798,0.00010,-0.00243,0.00733,-5.00,0.00,0.00,18.0,125.55,633.97,284.46,DESCEND
3.6735,0.0858,0.0038,0.1598,0.01610,0.00556,0.00733,-5.00,0.00,0.00,18.0,125.55,633.97,284.40,DESCEND
3.6836,0.0058,0.0238,0.1998,-0.00689,-0.00843,0.00733,-5.00,0.00,0.00,18.1,125.55,633.97,284.34,DESCEND
3.6937,0.0858,-0.0961,0.2498,0.00410,0.01356,0.00733,-5.00,0.00,0.00,18.1,125.55,633.98,284.30,DESCEND
3.7038,-0.0141,0.3038,0.0298,0.00710,0.01756,0.01033,-5.00,0.00,0.00,18.2,125.55,633.98,284.24,DESCEND
3.7140,0.1558,-0.0561,-0.0701,0.01310,-0.00043,0.00433,-5.00,0.00,0.00,18.2,125.55,633.98,284.20,DESCEND
3.7241,0.0158,0.1338,-0.0401,-0.00489,-0.00443,0.00333,-5.00,0.00,0.00,18.3,125.55,633.98,284.14,DESCEND
3.7342,0.0458,0.1638,0.0098,0.00210,0.00656,0.00733,-5.00,0.00,0.00,18.3,125.55,633.98,284.10,DESCEND
3.7443,-0.0441,-0.0361,0.1098,-0.00189,-0.00043,0.00333,-5.00,0.00,0.00,18.4,125.55,633.99,284.04,DESCEND
3.7544,0.1858,0.3938,-0.3101,-0.00089,-0.00443,0.00633,-5.00,0.00,0.00,18.4,125.55,633.99,284.00,DESCEND
3.7645,0.1958,0.5038,-0.2501,0.00210,0.00356,0.00833,-5.00,0.00,0.00,18.5,125.55,633.99,283.94,DESCEND
3.7747,0.2858,0.2738,-0.2401,0.01310,-0.00043,0.00433,-5.00,0.00,0.00,18.5,125.55,633.99,283.90,DESCEND
3.7847,0.3458,0.4638,-0.4101,0.01010,-0.01543,0.00733,-5.00,0.00,0.00,18.6,125.55,633.99,283.84,DESCEND
3.7949,0.0258,0.0838,0.1798,0.01310,0.00856,0.00933,-5.00,0.00,0.00,18.6,125.55,633.99,283.80,DESCEND
3.8050,-0.0041,-0.0161,0.2598,0.00010,0.00156,0.00833,-5.00,0.00,0.00,18.7,125.55,634.00,283.74,DESCEND
3.8151,0.1558,0.0738,0.2898,0.00210,0.00456,0.00333,-5.00,0.00,0.00,18.7,125.55,634.00,283.70,DESCEND
3.8252,0.0958,0.4638,-0.3801,-0.00489,-0.01643,0.01033,-5.00,0.00,0.00,18.8,125.55,634.00,283.64,DESCEND
3.8353,-0.0941,-0.0161,0.2498,-0.00589,0.00056,0.00833,-5.00,0.00,0.00,18.8,125.55,634.00,283.60,DESCEND
3.8454,-0.1141,0.0338,0.1298,0.01110,0.01056,0.00733,-5.00,0.00,0.00,18.9,125.55,634.00,283.54,DESCEND
3.8555,0.0858,0.0438,0.2898,-0.00789,-0.00143,0.00633,-5.00,0.00,0.00,18.9,125.55,634.01,283.50,DESCEND
3.8656,-0.0241,0.0638,0.1798,-0.00389,0.00156,0.00833,-5.00,0.00,0.00,19.0,125.55,634.01,283.44,DESCEND
3.8757,0.3058,0.3438,-0.1401,0.02810,0.00956,0.00533,-5.00,0.00,0.00,19.0,125.55,634.01,283.38,DESCEND
3.8858,0.1958,0.3238,-0.1901,0.01310,-0.00343,0.00733,-5.00,0.00,0.00,19.1,125.55,634.01,283.34,DESCEND
3.8959,0.1558,0.4938,-0.1501,0.01810,-0.00243,0.01033,-5.00,0.00,0.00,19.1,125.55,634.01,283.28,DESCEND
3.9060,0.1958,-0.0261,0.2998,0.01310,-0.00143,0.00533,-5.00,0.00,0.00,19.2,125.55,634.02,283.24,DESCEND
3.9162,0.0058,0.2638,-0.5101,-0.00689,-0.01843,0.00933,-5.00,0.00,0.00,19.2,125.55,634.02,283.18,DESCEND
3.9263,0.1158,0.1938,0.0098,0.01010,0.00356,0.01033,-5.00,0.00,0.00,19.3,125.55,634.02,283.14,DESCEND
3.9364,0.0758,0.0938,0.1298,-0.00389,-0.00743,0.00733,-5.00,0.00,0.00,19.3,125.55,634.02,283.08,DESCEND
3.9465,0.1458,0.3538,0.0098,-0.00289,-0.00443,0.00533,-5.00,0.00,0.00,19.4,125.55,634.02,283.04,DESCEND
3.9566,0.1758,0.3438,-0.2801,0.00010,-0.00843,0.01033,-5.00,0.00,0.00,19.4,125.56,634.03,282.98,DESCEND
3.9667,-0.0341,-0.0061,0.1898,-0.00789,0.00456,0.00533,-5.00,0.00,0.00,19.5,125.56,634.03,282.94,DESCEND
3.9768,0.0758,0.0738,0.2798,0.00610,0.00156,0.00733,-5.00,0.00,0.00,19.5,125.56,634.03,282.88,DESCEND
3.9869,0.0258,0.2538,-0.3301,0.00510,-0.00543,0.00733,-5.00,0.00,0.00,19.6,125.56,634.03,282.84,DESCEND
3.9971,0.0458,0.1138,0.0098,0.01010,0.01456,0.00733,-5.00,0.00,0.00,19.6,125.56,634.03,282.78,DESCEND
4.0072,0.1058,0.4538,-0.1301,0.00610,0.00256,0.00733,-5.00,0.00,0.00,19.7,125.56,634.03,282.74,DESCEND
4.0173,0.2758,-0.1061,0.0898,0.01310,-0.00243,0.00433,-5.00,0.00,0.00,19.7,125.56,634.04,282.68,DESCEND
4.0274,-0.0041,0.0938,-0.1201,0.00810,-0.00143,0.00833,-5.00,0.00,0.00,19.8,125.56,634.04,282.64,DESCEND
4.0375,0.1558,0.1538,0.1598,0.01510,0.00456,0.00733,-5.00,0.00,0.00,19.8,125.56,634.04,282.58,DESCEND
4.0476,-0.0341,0.4338,-0.1201,0.00310,0.00756,0.00933,-5.00,0.00,0.00,19.9,125.56,634.04,282.52,DESCEND
4.0578,-0.0241,0.4038,-0.4001,-0.01289,-0.01443,0.00833,-5.00,0.00,0.00,19.9,125.56,634.04,282.48,DESCEND
4.0679,0.2358,-0.0061,-0.2901,0.01310,-0.00243,0.00633,-5.00,0.00,0.00,20.0,125.56,634.05,282.44,DESCEND
4.0780,-0.0041,-0.0661,0.0298,-0.00489,0.00656,0.00433,-5.00,0.00,0.00,20.0,125.56,634.05,282.38,DESCEND
4.0881,-0.0941,0.0438,0.0398,0.00210,0.00556,0.00733,-5.00,0.00,0.00,20.1,125.56,634.05,282.32,DESCEND
4.0982,0.2158,0.0238,-0.0001,-0.00689,-0.01443,0.00733,-5.00,0.00,0.00,20.1,125.56,634.05,282.28,DESCEND
4.1084,0.1758,0.0338,0.2098,-0.00089,-0.00443,0.00733,-5.00,0.00,0.00,20.2,125.56,634.05,282.22,DESCEND
4.1185,0.0258,-0.1161,0.0698,-0.01089,-0.00643,0.00533,-5.00,0.00,0.00,20.2,125.56,634.05,282.18,DESCEND
4.1286,-0.0141,0.7738,-0.5601,0.00410,-0.00243,0.01033,-5.00,0.00,0.00,20.3,125.56,634.06,282.12,DESCEND
4.1387,0.1058,-0.0961,0.2698,-0.00289,0.00556,0.00633,-5.00,0.00,0.00,20.3,125.56,634.06,282.08,DESCEND
4.1488,0.1558,-0.2961,0.0998,0.00510,0.00556,0.00633,-5.00,0.00,0.00,20.4,125.56,634.06,282.02,DESCEND
4.1589,0.2058,-0.0661,0.4998,0.01410,0.01356,0.00433,-5.00,0.00,0.00,20.4,125.56,634.06,281.98,DESCEND
4.1690,0.0958,0.2038,-0.1801,0.00110,-0.00743,0.00733,-5.00,0.00,0.00,20.5,125.56,634.06,281.92,DESCEND
4.1791,0.1658,0.2138,-0.3701,-0.00389,-0.01943,0.00633,-5.00,0.00,0.00,20.5,125.56,634.07,281.88,DESCEND
4.1893,0.0058,-0.1861,0.0998,0.00010,0.00256,0.00733,-5.00,0.00,0.00,20.6,125.56,634.07,281.82,DESCEND
4.1994,0.1758,0.1638,-0.0501,-0.00089,-0.01143,0.00833,-5.00,0.00,0.00,20.6,125.56,634.07,281.78,DESCEND
4.2095,-0.0141,0.3938,-0.2201,0.00610,0.00456,0.01033,-5.00,0.00,0.00,20.7,125.56,634.07,281.72,DESCEND
4.2196,0.0758,0.0338,0.3198,0.00710,0.01156,0.00633,-5.00,0.00,0.00,20.7,125.56,634.07,281.68,DESCEND
4.2297,-0.0641,0.0638,0.0698,-0.01089,0.00156,0.00433,-5.00,0.00,0.00,20.8,125.56,634.08,281.62,DESCEND
4.2398,0.0058,0.0338,0.0798,0.00110,0.00556,0.00733,-5.00,0.00,0.00,20.9,125.56,634.08,281.56,DESCEND
4.2499,0.0558,-0.3061,-0.0901,0.01510,0.00856,0.00533,-5.00,0.00,0.00,20.9,125.56,634.08,281.52,DESCEND
4.2601,-0.0141,0.1238,-0.0301,-0.00689,0.00756,0.00533,-5.00,0.00,0.00,21.0,125.56,634.08,281.46,DESCEND
4.2702,-0.0741,-0.1161,-0.0401,0.00910,0.00556,0.00633,-5.00,0.00,0.00,21.0,125.56,634.08,281.42,DESCEND
4.2803,0.1158,0.0538,-0.0001,0.00810,0.00456,0.00333,-5.00,0.00,0.00,21.1,125.56,634.08,281.36,DESCEND
4.2904,0.0458,0.1438,-0.3101,0.01810,-0.00043,0.00733,-5.00,0.00,0.00,21.1,125.56,634.09,281.32,DESCEND
4.3005,0.0858,0.0838,0.2598,0.01010,0.00656,0.00833,-5.00,0.00,0.00,21.2,125.56,634.09,281.26,DESCEND
4.3106,0.1858,-0.0061,0.2298,0.00110,0.00456,0.00533,-5.00,0.00,0.00,21.2,125.56,634.09,281.22,DESCEND
4.3207,0.2158,0.3038,-0.4401,0.02610,-0.00743,0.00833,-5.00,0.00,0.00,21.3,125.56,634.09,281.16,DESCEND
4.3308,0.1258,-0.0261,-0.3001,0.01310,0.00256,0.00733,-5.00,0.00,0.00,21.3,125.56,634.09,281.12,DESCEND
4.3409,-0.0841,0.1338,-0.1101,-0.01289,-0.00543,0.00633,-5.00,0.00,0.00,21.4,125.56,634.10,281.06,DESCEND
4.3510,0.1558,0.1638,-0.5601,0.00710,-0.01643,0.01033,-5.00,0.00,0.00,21.4,125.56,634.10,281.02,DESCEND
4.3611,-0.0341,0.1138,0.3098,-0.00889,0.00356,0.00433,-5.00,0.00,0.00,21.5,125.56,634.10,280.96,DESCEND
4.3712,0.1658,0.3738,-0.2901,0.01510,-0.00543,0.01233,-5.00,0.00,0.00,21.5,125.56,634.10,280.92,DESCEND
4.3814,0.0658,0.1838,-0.1701,0.01110,0.00456,0.00933,-5.00,0.00,0.00,21.6,125.56,634.10,280.86,DESCEND
4.3915,0.1158,0.1638,-0.3501,0.00910,-0.00643,0.00433,-5.00,0.00,0.00,21.6,125.56,634.10,280.82,DESCEND
4.4016,0.1258,0.1238,-0.1301,0.00810,-0.00743,0.00933,-5.00,0.00,0.00,21.7,125.56,634.11,280.76,DESCEND
4.4118,-0.1741,0.2338,0.0298,-0.00089,0.00856,0.01033,-5.00,0.00,0.00,21.7,125.56,634.11,280.70,DESCEND
4.4219,0.3758,-0.0361,-0.0901,0.02110,-0.00343,0.00833,-5.00,0.00,0.00,21.8,125.56,634.11,280.66,DESCEND
4.4320,0.0458,0.0038,0.4498,0.00810,0.00456,0.00833,-5.00,0.00,0.00,21.8,125.56,634.11,280.60,DESCEND
4.4421,0.0258,-0.0461,0.1398,-0.00389,-0.00343,0.01033,-5.00,0.00,0.00,21.9,125.56,634.11,280.56,DESCEND
4.4522,0.1558,0.2438,-0.1901,0.02310,0.00356,0.00433,-5.00,0.00,0.00,21.9,125.56,634.12,280.50,DESCEND
4.4623,0.0858,0.2038,-0.2501,0.02810,0.00056,0.00433,-5.00,0.00,0.00,22.0,125.56,634.12,280.46,DESCEND
4.4724,0.1458,-0.1561,0.0698,0.01310,0.00856,0.00533,-5.00,0.00,0.00,22.0,125.56,634.12,280.40,DESCEND
4.4825,0.1858,-0.0861,0.1698,0.01010,-0.00143,0.00933,-5.00,0.00,0.00,22.1,125.56,634.12,280.36,DESCEND
4.4927,0.1758,0.2538,-0.1601,0.01910,0.00456,0.00833,-5.00,0.00,0.00,22.1,125.56,634.12,280.30,DESCEND
4.5028,0.1058,0.3738,-0.1301,0.00910,-0.00143,0.00833,-5.00,0.00,0.00,22.2,125.56,634.13,280.26,DESCEND
4.5129,-0.0241,-0.0461,0.1998,0.00410,0.00656,0.00733,-5.00,0.00,0.00,22.2,125.56,634.13,280.20,DESCEND
4.5230,0.1058,0.2738,-0.1201,0.02910,0.00156,0.00933,-5.00,0.00,0.00,22.3,125.56,634.13,280.16,DESCEND
4.5332,0.0058,0.4438,-0.3501,-0.01089,-0.01343,0.01333,-5.00,0.00,0.00,22.3,125.56,634.13,280.10,DESCEND
4.5433,0.0958,0.0638,0.1598,-0.00389,0.00256,0.00733,-5.00,0.00,0.00,22.4,125.56,634.13,280.06,DESCEND
4.5533,0.0858,0.3338,-0.3501,0.01310,0.00156,0.00733,-5.00,0.00,0.00,22.4,125.56,634.14,280.01,DESCEND
4.5634,0.1258,0.1038,-0.0001,0.00610,-0.01743,0.00833,-5.00,0.00,0.00,22.5,125.56,634.14,279.97,DESCEND
4.5735,-0.0441,0.0938,-0.1201,0.00310,0.00456,0.00933,-5.00,0.00,0.00,22.5,125.56,634.14,279.91,DESCEND
4.5836,0.4158,0.0638,0.1298,0.01410,-0.00943,0.00533,-5.00,0.00,0.00,22.6,125.56,634.14,279.87,DESCEND
4.5938,0.2958,0.2638,-0.1201,0.00910,-0.01543,0.00833,-5.00,0.00,0.00,22.6,125.56,634.14,279.81,DESCEND
4.6038,-0.0541,0.4138,-0.3801,-0.01389,-0.00743,0.01133,-5.00,0.00,0.00,22.7,125.56,634.14,279.75,DESCEND
4.6140,0.1358,0.1338,0.1298,0.00310,0.00056,0.00933,-5.00,0.00,0.00,22.7,125.56,634.15,279.71,DESCEND
4.6241,0.1358,0.2338,-0.0401,0.00510,-0.00443,0.00833,-5.00,0.00,0.00,22.8,125.56,634.15,279.65,DESCEND
4.6343,0.1358,0.1038,0.2198,0.00210,-0.00443,0.01133,-5.00,0.00,0.00,22.8,125.56,634.15,279.61,DESCEND
4.6444,0.2058,-0.4261,0.0698,0.02110,0.01856,0.00433,-5.00,0.00,0.00,22.9,125.57,634.15,279.55,DESCEND
4.6545,0.0158,-0.0561,0.0798,-0.01489,-0.01143,0.00833,-5.00,0.00,0.00,22.9,125.57,634.15,279.51,DESCEND
4.6646,0.0258,0.0338,0.1198,-0.00289,-0.00343,0.00833,-5.00,0.00,0.00,23.0,125.57,634.16,279.45,DESCEND
4.6747,0.2058,-0.0261,0.3198,0.00510,0.00056,0.00633,-5.00,0.00,0.00,23.0,125.57,634.16,279.41,DESCEND
4.6848,-0.0341,0.1338,-0.0301,0.01010,0.00556,0.00933,-5.00,0.00,0.00,23.1,125.57,634.16,279.35,DESCEND
4.6949,0.2358,0.0538,0.1698,0.01310,-0.00043,0.01033,-5.00,0.00,0.00,23.1,125.57,634.16,279.31,DESCEND
4.7050,0.2558,-0.0461,0.0698,0.01610,-0.00443,0.01033,-5.00,0.00,0.00,23.2,125.57,634.16,279.25,DESCEND
4.7151,-0.0041,0.1938,-0.2801,-0.01089,-0.00643,0.00633,-5.00,0.00,0.00,23.2,125.57,634.16,279.21,DESCEND
4.7252,0.1958,-0.0961,-0.0201,0.03610,0.00956,0.01033,-5.00,0.00,0.00,23.3,125.57,634.17,279.15,DESCEND
4.7353,0.1458,0.0738,0.0598,0.00610,0.00356,0.00633,-5.00,0.00,0.00,23.3,125.57,634.17,279.11,DESCEND
4.7454,-0.0141,0.2338,-0.0901,-0.00189,-0.00143,0.00933,-5.00,0.00,0.00,23.4,125.57,634.17,279.05,DESCEND
4.7555,0.4258,-0.1761,-0.0201,0.01910,-0.00043,0.00733,-5.00,0.00,0.00,23.4,125.57,634.17,279.01,DESCEND
4.7656,-0.0341,0.4638,-0.1501,-0.00289,-0.00143,0.00633,-5.00,0.00,0.00,23.5,125.57,634.17,278.95,DESCEND
4.7758,0.3358,0.4638,-0.6001,0.01710,-0.00943,0.01333,-5.00,0.00,0.00,23.5,125.57,634.18,278.89,DESCEND
4.7859,0.0458,0.0438,-0.0501,0.01610,0.00756,0.00933,-5.00,0.00,0.00,23.6,125.57,634.18,278.85,DESCEND
4.7960,0.1458,0.0038,0.1798,0.01410,0.01056,0.00433,-5.00,0.00,0.00,23.6,125.57,634.18,278.79,DESCEND
4.8061,-0.0341,0.6838,-0.5401,-0.00789,-0.01543,0.01233,-5.00,0.00,0.00,23.7,125.57,634.18,278.75,DESCEND
4.8163,-0.0241,0.2338,-0.3101,-0.00589,-0.01043,0.01133,-5.00,0.00,0.00,23.7,125.57,634.18,278.69,DESCEND
4.8264,0.2558,0.5538,-0.2301,0.02010,-0.00543,0.01033,-5.00,0.00,0.00,23.8,125.57,634.19,278.65,DESCEND
4.8365,0.1458,0.1938,-0.1801,0.00210,0.00456,0.00833,-5.00,0.00,0.00,23.8,125.57,634.19,278.59,DESCEND
4.8466,0.1158,0.0838,0.0898,0.00610,-0.00143,0.01033,-5.00,0.00,0.00,23.9,125.57,634.19,278.55,DESCEND
4.8567,0.1358,0.0038,-0.0201,0.01210,0.00356,0.00733,-5.00,0.00,0.00,23.9,125.57,634.19,278.49,DESCEND
4.8668,-0.0741,0.3538,-0.0901,0.01310,0.01456,0.00833,-5.00,0.00,0.00,24.0,125.57,634.19,278.45,DESCEND
4.8769,0.1058,-0.0161,0.1398,0.01210,0.00956,0.00933,-5.00,0.00,0.00,24.0,125.57,634.20,278.39,DESCEND
4.8870,-0.0641,0.0138,-0.0001,0.00810,0.00856,0.01033,-5.00,0.00,0.00,24.1,125.57,634.20,278.35,DESCEND
4.8972,0.2258,0.3038,-0.3901,0.02010,-0.00643,0.01133,-5.00,0.00,0.00,24.1,125.57,634.20,278.29,DESCEND
4.9073,0.1758,0.1638,-0.2701,0.02310,0.00156,0.00933,-5.00,0.00,0.00,24.2,125.57,634.20,278.25,DESCEND
4.9174,-0.0341,0.0738,0.2998,0.02310,0.01756,0.01133,-5.00,0.00,0.00,24.2,125.57,634.20,278.19,DESCEND
4.9275,0.0758,0.5038,-0.1901,-0.01389,-0.01643,0.01133,-5.00,0.00,0.00,24.3,125.57,634.20,278.15,DESCEND
4.9376,0.1758,0.4438,-0.1801,0.01510,-0.00243,0.01133,-5.00,0.00,0.00,24.3,125.57,634.21,278.09,DESCEND
4.9477,0.3058,-0.1761,0.0698,0.01410,-0.00443,0.00933,-5.00,0.00,0.00,24.4,125.57,634.21,278.03,DESCEND
4.9578,0.3158,0.1138,-0.0601,0.02410,0.00356,0.00833,-5.00,0.00,0.00,24.4,125.57,634.21,277.99,DESCEND
4.9679,0.0158,0.2538,-0.0401,-0.00989,-0.00843,0.01233,-5.00,0.00,0.00,24.5,125.57,634.21,277.93,DESCEND
4.9780,0.2658,0.0838,0.1498,0.01310,0.00156,0.00333,-5.00,0.00,0.00,24.5,125.57,634.21,277.89,DESCEND
4.9881,0.3058,0.3638,-0.3201,0.01310,-0.00643,0.01033,-5.00,0.00,0.00,24.6,125.57,634.22,277.83,DESCEND
4.9983,0.3158,0.2438,-0.1301,0.00910,-0.00343,0.00533,-5.00,0.00,0.00,24.6,125.57,634.22,277.79,DESCEND
5.0084,0.2658,0.4638,-0.3601,0.01210,-0.00543,0.00633,-5.00,0.00,0.00,24.7,125.57,634.22,277.73,DESCEND
5.0185,0.3258,-0.0461,0.0398,0.01610,-0.00643,0.00533,-5.00,0.00,0.00,24.7,125.57,634.22,277.69,DESCEND
5.0286,0.1858,0.0338,0.1998,0.00710,-0.00243,0.00933,-5.00,0.00,0.00,24.8,125.57,634.22,277.63,DESCEND
5.0387,-0.0841,0.5438,-0.3201,0.00010,0.00756,0.01233,-5.00,0.00,0.00,24.8,125.57,634.22,277.59,DESCEND
5.0489,-0.0141,0.0038,0.0798,-0.00889,-0.00643,0.01133,-5.00,0.00,0.00,24.9,125.57,634.23,277.53,DESCEND
5.0589,0.1458,-0.0661,0.0698,0.01310,-0.00343,0.00733,-5.00,0.00,0.00,24.9,125.57,634.23,277.49,DESCEND
5.0691,0.0958,0.2438,-0.3101,0.00810,-0.00043,0.00733,-5.00,0.00,0.00,25.0,125.57,634.23,277.43,DESCEND
5.0792,0.2858,-0.0161,-0.2901,0.01610,0.00356,0.00733,-5.00,0.00,0.00,25.0,125.57,634.23,277.39,DESCEND
5.0893,0.2958,0.2838,-0.1801,0.01510,-0.00343,0.00933,-5.00,0.00,0.00,25.1,125.57,634.23,277.33,DESCEND
5.0994,0.0258,0.0938,0.2198,0.00810,0.00656,0.00633,-5.00,0.00,0.00,25.1,125.57,634.24,277.29,DESCEND
5.1095,0.3458,-0.1661,-0.0401,0.01310,-0.00243,0.00433,-5.00,0.00,0.00,25.2,125.57,634.24,277.23,DESCEND
5.1196,-0.0841,0.3938,-0.1501,0.00010,0.00156,0.00933,-5.00,0.00,0.00,25.2,125.57,634.24,277.19,DESCEND
5.1297,0.0958,0.2138,-0.2101,0.00710,-0.00443,0.00733,-5.00,0.00,0.00,25.3,125.57,634.24,277.13,DESCEND
5.1399,0.0558,0.3638,-0.4601,0.00910,-0.00743,0.00733,-5.00,0.00,0.00,25.4,125.57,634.24,277.07,DESCEND
5.1500,0.0958,0.4138,-0.1401,0.00310,-0.00343,0.00933,-5.00,0.00,0.00,25.4,125.57,634.25,277.03,DESCEND
5.1601,-0.0241,0.1738,-0.1001,-0.01189,-0.00643,0.00533,-5.00,0.00,0.00,25.5,125.57,634.25,276.97,DESCEND
5.1702,0.1858,0.1538,0.0598,0.01410,0.00056,0.00633,-5.00,0.00,0.00,25.5,125.57,634.25,276.93,DESCEND
5.1804,0.2458,0.3238,-0.2301,0.00910,-0.00743,0.00733,-5.00,0.00,0.00,25.6,125.57,634.25,276.87,DESCEND
5.1905,0.1658,0.3138,-0.4801,0.01510,-0.00143,0.00933,-5.00,0.00,0.00,25.6,125.57,634.25,276.83,DESCEND
5.2006,0.0358,0.4938,-0.4301,0.00410,-0.00343,0.01433,-5.00,0.00,0.00,25.7,125.57,634.25,276.77,DESCEND
5.2107,0.1758,0.2438,-0.2401,0.01910,0.00156,0.00433,-5.00,0.00,0.00,25.7,125.57,634.26,276.73,DESCEND
5.2208,0.1358,0.0138,0.1198,0.01210,-0.01243,0.00833,-5.00,0.00,0.00,25.8,125.57,634.26,276.67,DESCEND
5.2310,0.1358,-0.0161,-0.0301,0.01210,-0.01443,0.01133,-5.00,0.00,0.00,25.8,125.57,634.26,276.63,DESCEND
5.2410,0.0558,0.3338,-0.0501,-0.00189,-0.00443,0.00733,-5.00,0.00,0.00,25.9,125.57,634.26,276.57,DESCEND
5.2511,0.0358,0.5238,-0.2301,0.00010,0.00156,0.01133,-5.00,0.00,0.00,25.9,125.57,634.26,276.53,DESCEND
5.2613,0.1358,0.3938,-0.0101,0.01710,0.00556,0.01133,-5.00,0.00,0.00,26.0,125.57,634.27,276.47,DESCEND
5.2714,-0.0041,0.1738,0.0098,-0.00389,-0.00943,0.01233,-5.00,0.00,0.00,26.0,125.57,634.27,276.43,DESCEND
5.2815,0.1558,-0.0361,-0.0201,0.01610,0.00356,0.00533,-5.00,0.00,0.00,26.1,125.57,634.27,276.37,DESCEND
5.2916,0.1258,0.1638,0.0698,0.00710,-0.00543,0.00933,-5.00,0.00,0.00,26.1,125.57,634.27,276.33,DESCEND
5.3018,0.0958,0.0438,-0.0701,0.00310,-0.00543,0.00633,-5.00,0.00,0.00,26.2,125.57,634.27,276.27,DESCEND
5.3119,0.0958,0.3038,0.1898,0.00710,-0.00043,0.00933,-5.00,0.00,0.00,26.2,125.57,634.28,276.21,DESCEND
5.3220,0.0458,0.2138,0.0298,0.00110,-0.00143,0.00833,-5.00,0.00,0.00,26.3,125.57,634.28,276.17,DESCEND
5.3321,0.2158,-0.0661,0.1198,0.01010,-0.00243,0.00633,-5.00,0.00,0.00,26.3,125.57,634.28,276.11,DESCEND
5.3423,0.1858,0.2538,-0.3601,0.00210,-0.01543,0.01233,-5.00,0.00,0.00,26.4,125.58,634.28,276.07,DESCEND
5.3524,0.0958,-0.0161,-0.1401,0.00810,-0.00143,0.00833,-5.00,0.00,0.00,26.4,125.58,634.28,276.01,DESCEND
5.3625,-0.0041,0.3838,-0.3201,-0.01189,-0.00743,0.01233,-5.00,0.00,0.00,26.5,125.58,634.28,275.97,DESCEND
5.3726,0.1558,0.1638,-0.1901,0.02510,0.00156,0.01033,-5.00,0.00,0.00,26.5,125.58,634.29,275.91,DESCEND
5.3827,0.0058,0.0338,0.1098,0.01010,0.00356,0.00633,-5.00,0.00,0.00,26.6,125.58,634.29,275.87,DESCEND
5.3928,0.0458,0.2938,-0.0101,0.01010,0.00856,0.01133,-5.00,0.00,0.00,26.6,125.58,634.29,275.81,DESCEND
5.4029,0.1258,-0.0761,0.0698,0.00210,0.00056,0.00633,-5.00,0.00,0.00,26.7,125.58,634.29,275.77,DESCEND
5.4131,-0.0241,0.3438,-0.0201,0.00710,0.00356,0.00833,-5.00,0.00,0.00,26.7,125.58,634.29,275.71,DESCEND
5.4232,0.1158,0.4438,-0.2001,0.01010,0.00556,0.01033,-5.00,0.00,0.00,26.8,125.58,634.30,275.67,DESCEND
5.4333,0.1858,0.4338,-0.1101,0.01910,-0.00643,0.01133,-5.00,0.00,0.00,26.8,125.58,634.30,275.61,DESCEND
5.4434,0.1658,-0.0361,0.0998,0.03210,0.00956,0.01033,-5.00,0.00,0.00,26.9,125.58,634.30,275.57,DESCEND
5.4535,0.0058,0.4338,-0.0901,0.00410,-0.00243,0.01033,-5.00,0.00,0.00,26.9,125.58,634.30,275.51,DESCEND
5.4636,0.1958,0.1138,-0.0001,0.01310,0.00656,0.01033,-5.00,0.00,0.00,27.0,125.58,634.30,275.47,DESCEND
5.4738,0.1558,-0.0261,0.0998,0.00410,-0.00143,0.00733,-5.00,0.00,0.00,27.0,125.58,634.31,275.41,DESCEND
5.4839,0.0258,0.0438,0.0398,0.00410,0.00056,0.00833,-5.00,0.00,0.00,27.1,125.58,634.31,275.35,DESCEND
5.4940,0.1058,-0.1261,0.0198,0.00710,-0.00143,0.00933,-5.00,0.00,0.00,27.1,125.58,634.31,275.31,DESCEND
5.5041,0.1458,-0.1361,0.2098,0.00610,-0.00243,0.00933,-5.00,0.00,0.00,27.2,125.58,634.31,275.25,DESCEND
5.5143,-0.0041,0.5838,-0.3101,0.00610,0.00456,0.01433,-5.00,0.00,0.00,27.2,125.58,634.31,275.21,DESCEND
5.5244,0.1458,0.1038,0.1298,0.01010,-0.00243,0.00733,-5.00,0.00,0.00,27.3,125.58,634.31,275.15,DESCEND
5.5345,0.0958,0.2338,-0.2601,0.00010,-0.00643,0.01033,-5.00,0.00,0.00,27.3,125.58,634.32,275.11,DESCEND
5.5446,0.1158,0.1538,-0.0401,0.01510,0.00556,0.01033,-5.00,0.00,0.00,27.4,125.58,634.32,275.05,DESCEND
5.5547,0.0358,-0.1461,-0.0601,0.00710,-0.00443,0.00633,-5.00,0.00,0.00,27.4,125.58,634.32,275.01,DESCEND
5.5648,0.0258,0.1538,0.2398,-0.00889,-0.00043,0.01033,-5.00,0.00,0.00,27.5,125.58,634.32,274.95,DESCEND
5.5750,0.0858,0.0038,0.2498,0.00610,0.00356,0.01033,-5.00,0.00,0.00,27.5,125.58,634.32,274.91,DESCEND
5.5851,0.2558,0.1938,0.1198,0.00910,0.00356,0.00933,-5.00,0.00,0.00,27.6,125.58,634.33,274.85,DESCEND
5.5952,-0.0741,0.1838,0.0198,-0.00989,-0.00243,0.01133,-5.00,0.00,0.00,27.6,125.58,634.33,274.81,DESCEND
5.6053,0.1258,0.3738,-0.1301,0.03010,0.00956,0.01133,-5.00,0.00,0.00,27.7,125.58,634.33,274.75,DESCEND
5.6154,0.1258,0.3638,-0.3601,0.01010,-0.00443,0.01033,-5.00,0.00,0.00,27.7,125.58,634.33,274.71,DESCEND
5.6255,0.2258,0.2938,-0.2401,-0.00289,-0.00843,0.01033,-5.00,0.00,0.00,27.8,125.58,634.33,274.65,DESCEND
5.6356,0.2858,0.1138,0.0898,0.01210,-0.00343,0.00633,-5.00,0.00,0.00,27.8,125.58,634.33,274.61,DESCEND
5.6457,0.0158,0.0938,0.0198,0.00010,-0.00343,0.00733,-5.00,0.00,0.00,27.9,125.58,634.34,274.55,DESCEND
5.6558,0.0358,0.3238,-0.1401,0.02510,0.00856,0.01133,-5.00,0.00,0.00,27.9,125.58,634.34,274.49,DESCEND
5.6659,0.0358,0.3938,-0.2801,0.00910,-0.00043,0.01033,-5.00,0.00,0.00,28.0,125.58,634.34,274.45,DESCEND
5.6761,0.1758,0.0938,0.2198,0.01210,0.00556,0.00833,-5.00,0.00,0.00,28.0,125.58,634.34,274.39,DESCEND
5.6862,0.0258,0.2638,-0.2301,0.00810,0.00056,0.00833,-5.00,0.00,0.00,28.1,125.58,634.34,274.35,DESCEND
5.6963,0.0058,0.2138,0.0498,-0.00189,-0.00643,0.01033,-5.00,0.00,0.00,28.1,125.58,634.35,274.29,DESCEND
5.7064,0.0958,0.1238,-0.3801,-0.00389,-0.01343,0.00733,-5.00,0.00,0.00,28.2,125.58,634.35,274.25,DESCEND
5.7165,0.3058,0.2338,-0.2501,0.01010,-0.00743,0.00933,-5.00,0.00,0.00,28.2,125.58,634.35,274.19,DESCEND
5.7266,0.0958,-0.0761,0.3498,0.01710,0.00656,0.00833,-5.00,0.00,0.00,28.3,125.58,634.35,274.15,DESCEND
5.7367,0.3058,-0.0061,-0.1101,0.01710,0.00056,0.00533,-5.00,0.00,0.00,28.3,125.58,634.35,274.09,DESCEND
5.7469,-0.0141,0.2438,-0.1101,-0.00389,0.00156,0.01233,-5.00,0.00,0.00,28.4,125.58,634.36,274.05,DESCEND
5.7570,0.1358,0.1838,0.0898,0.00910,0.00056,0.01233,-5.00,0.00,0.00,28.4,125.58,634.36,273.99,DESCEND
5.7671,0.2458,0.4938,-0.3601,0.00510,-0.01443,0.01133,-5.00,0.00,0.00,28.5,125.58,634.36,273.95,DESCEND
5.7773,0.1058,-0.0461,-0.1101,0.00310,-0.00743,0.01033,-5.00,0.00,0.00,28.5,125.58,634.36,273.89,DESCEND
5.7874,0.1658,-0.0261,0.1298,0.02310,0.01356,0.00733,-5.00,0.00,0.00,28.6,125.58,634.36,273.85,DESCEND
5.7975,0.1358,0.3038,-0.2401,0.01110,0.00656,0.00733,-5.00,0.00,0.00,28.6,125.58,634.37,273.79,DESCEND
5.8076,0.1958,0.1638,0.1698,0.01510,0.00056,0.00733,-5.00,0.00,0.00,28.7,125.58,634.37,273.75,DESCEND
5.8177,0.2058,0.1738,-0.1301,0.00110,-0.01043,0.01033,-5.00,0.00,0.00,28.7,125.58,634.37,273.69,DESCEND
5.8278,0.2058,0.1238,0.2898,0.00610,0.00656,0.00733,-5.00,0.00,0.00,28.8,125.58,634.37,273.63,DESCEND
5.8379,0.0758,0.4638,-0.2701,0.00010,-0.00643,0.00733,-5.00,0.00,0.00,28.8,125.58,634.37,273.59,DESCEND
5.8481,0.0558,0.3938,-0.2701,-0.00489,-0.01043,0.01133,-5.00,0.00,0.00,28.9,125.58,634.37,273.53,DESCEND
5.8582,0.1058,0.4438,-0.3201,0.01210,-0.00143,0.01133,-5.00,0.00,0.00,28.9,125.58,634.38,273.49,DESCEND
5.8683,0.1358,0.3138,-0.3701,0.00810,-0.00843,0.01033,-5.00,0.00,0.00,29.0,125.58,634.38,273.43,DESCEND
5.8784,0.0658,-0.0361,0.1398,-0.01089,-0.00043,0.00833,-5.00,0.00,0.00,29.0,125.58,634.38,273.39,DESCEND
5.8885,0.2158,0.2038,-0.2201,0.00410,-0.00843,0.00733,-5.00,0.00,0.00,29.1,125.58,634.38,273.33,DESCEND
5.8986,0.2458,0.0638,-0.0201,-0.00589,-0.01043,0.00733,-5.00,0.00,0.00,29.1,125.58,634.38,273.29,DESCEND
5.9088,0.1058,0.3438,-0.4601,0.02210,0.00056,0.00933,-5.00,0.00,0.00,29.2,125.58,634.39,273.23,DESCEND
5.9189,0.2958,0.0938,0.1298,0.01110,-0.00143,0.00733,-5.00,0.00,0.00,29.2,125.58,634.39,273.19,DESCEND
5.9290,0.1858,0.0938,0.0898,0.01210,-0.00443,0.00933,-5.00,0.00,0.00,29.3,125.58,634.39,273.13,DESCEND
5.9392,0.1558,0.1038,-0.2401,0.00310,-0.00843,0.00533,-5.00,0.00,0.00,29.3,125.58,634.39,273.09,DESCEND
5.9493,0.1158,0.2138,-0.1801,-0.01289,-0.01443,0.00833,-5.00,0.00,0.00,29.4,125.58,634.39,273.03,DESCEND
5.9594,0.1758,0.0338,-0.2001,0.00410,-0.00643,0.00633,-5.00,0.00,0.00,29.4,125.58,634.39,272.99,DESCEND
5.9695,0.0858,0.2638,-0.4201,0.00510,-0.01443,0.01333,-5.00,0.00,0.00,29.5,125.58,634.40,272.93,DESCEND
5.9796,0.1158,0.5538,-0.1501,0.01910,0.01356,0.01433,-5.00,0.00,0.00,29.5,125.58,634.40,272.89,DESCEND
5.9897,0.1558,0.2938,-0.2801,0.01610,0.00256,0.01033,-5.00,0.00,0.00,29.6,125.58,634.40,272.81,DESCEND
5.9999,0.2658,0.1838,-0.0201,-0.00289,-0.01343,0.00633,-5.00,0.00,0.00,29.7,125.58,634.40,272.77,DESCEND
6.0100,-0.0741,0.4238,-0.0501,-0.00989,-0.00543,0.01233,-5.00,0.00,0.00,29.7,125.58,634.40,272.73,DESCEND
6.0201,0.0958,0.2338,-0.2201,0.01110,-0.00243,0.01133,-5.00,0.00,0.00,29.8,125.58,634.41,272.67,DESCEND
6.0302,-0.0541,0.4938,-0.3801,-0.01289,-0.01843,0.00933,-5.00,0.00,0.00,29.8,125.58,634.41,272.63,DESCEND
6.0404,0.3058,0.4238,0.0598,0.02010,0.00556,0.01133,-5.00,0.00,0.00,29.9,125.58,634.41,272.57,DESCEND
6.0505,0.2158,0.4438,-0.1301,0.00810,-0.00143,0.01133,-5.00,0.00,0.00,29.9,125.59,634.41,272.53,DESCEND
6.0606,0.1858,0.1338,-0.1901,0.00510,-0.01043,0.00833,-5.00,0.00,0.00,30.0,125.59,634.41,272.47,DESCEND
6.0708,0.1158,0.0638,0.4098,0.02510,0.01656,0.00533,-5.00,0.00,0.00,30.0,125.59,634.42,272.43,DESCEND
6.0809,0.2258,-0.1061,-0.0501,0.02410,-0.00543,0.00933,-5.00,0.00,0.00,30.1,125.59,634.42,272.37,DESCEND
6.0910,0.1658,0.0538,-0.1301,-0.00189,-0.01143,0.00533,-5.00,0.00,0.00,30.1,125.59,634.42,272.33,DESCEND
6.1011,0.1558,-0.0761,0.0098,0.01410,-0.00343,0.00933,-5.00,0.00,0.00,30.2,125.59,634.42,272.27,DESCEND
6.1113,0.1358,0.1838,0.0398,0.00510,0.00256,0.00733,-5.00,0.00,0.00,30.2,125.59,634.42,272.23,DESCEND
6.1214,0.1358,0.0438,-0.0201,-0.00289,-0.00543,0.01333,-5.00,0.00,0.00,30.3,125.59,634.43,272.17,DESCEND
6.1315,-0.0241,0.2238,-0.1301,0.01410,0.00856,0.01233,-5.00,0.00,0.00,30.3,125.59,634.43,272.13,DESCEND
6.1416,0.0558,0.1438,0.1598,0.00010,0.00456,0.01133,-5.00,0.00,0.00,30.4,125.59,634.43,272.07,DESCEND
6.1517,0.0658,0.0538,0.1098,-0.00089,-0.00943,0.00633,-5.00,0.00,0.00,30.4,125.59,634.43,272.03,DESCEND
6.1618,0.0758,0.2738,-0.3501,0.00410,-0.00743,0.00933,-5.00,0.00,0.00,30.5,125.59,634.43,271.97,DESCEND
6.1719,0.2858,0.0738,-0.1501,0.01810,0.00656,0.00933,-5.00,0.00,0.00,30.5,125.59,634.43,271.91,DESCEND
6.1821,0.1658,0.0938,0.1198,0.00410,-0.00143,0.01033,-5.00,0.00,0.00,30.6,125.59,634.44,271.87,DESCEND
6.1922,0.1658,0.1538,0.0598,0.00410,-0.00243,0.00833,-5.00,0.00,0.00,30.6,125.59,634.44,271.81,DESCEND
6.2023,0.1358,0.0038,0.0098,0.01510,-0.00443,0.00933,-5.00,0.00,0.00,30.7,125.59,634.44,271.77,DESCEND
6.2124,0.2058,0.2438,-0.1001,0.02910,0.00956,0.00833,-5.00,0.00,0.00,30.7,125.59,634.44,271.71,DESCEND
6.2225,0.1458,0.0638,0.0198,0.01210,0.00756,0.00733,-5.00,0.00,0.00,30.8,125.59,634.44,271.67,DESCEND
6.2326,0.0958,0.3038,-0.0701,0.00810,0.00556,0.01333,-5.00,0.00,0.00,30.8,125.59,634.45,271.61,DESCEND
6.2427,0.0058,-0.1361,0.0298,0.01410,0.01256,0.00833,-5.00,0.00,0.00,30.9,125.59,634.45,271.57,DESCEND
6.2528,-0.0541,0.2538,-0.0401,0.00710,0.00456,0.01033,-5.00,0.00,0.00,30.9,125.59,634.45,271.51,DESCEND
6.2629,0.2058,0.0238,0.1198,0.01510,0.00356,0.00833,-5.00,0.00,0.00,31.0,125.59,634.45,271.47,DESCEND
6.2730,0.1758,0.0438,0.0398,0.01210,0.00156,0.01033,-5.00,0.00,0.00,31.0,125.59,634.45,271.41,DESCEND
6.2832,0.1458,0.1038,-0.0201,0.01310,0.00456,0.00933,-5.00,0.00,0.00,31.1,125.59,634.45,271.37,DESCEND
6.2933,-0.0341,0.1638,-0.0001,0.00210,-0.00143,0.01133,-5.00,0.00,0.00,31.1,125.59,634.46,271.31,DESCEND
6.3034,0.0458,0.0238,-0.0001,0.01210,-0.00243,0.00433,-5.00,0.00,0.00,31.2,125.59,634.46,271.27,DESCEND
6.3135,0.0358,-0.1761,0.3498,0.00510,0.00756,0.00433,-5.00,0.00,0.00,31.2,125.59,634.46,271.21,DESCEND
6.3236,-0.1741,0.0038,0.0898,0.00410,-0.00143,0.01133,-5.00,0.00,0.00,31.3,125.59,634.46,271.17,DESCEND
6.3337,-0.1341,0.1638,0.0798,-0.00489,-0.00643,0.01233,-5.00,0.00,0.00,31.3,125.59,634.46,271.11,DESCEND
6.3438,0.1458,0.1138,-0.4201,0.00910,-0.00543,0.00933,-5.00,0.00,0.00,31.4,125.59,634.47,271.07,DESCEND
6.3539,0.1158,0.1138,0.0898,0.01910,0.00656,0.00933,-5.00,0.00,0.00,31.4,125.59,634.47,271.01,DESCEND
6.3641,0.2458,0.1938,0.1498,0.01110,-0.00043,0.00633,-5.00,0.00,0.00,31.5,125.59,634.47,270.95,DESCEND
6.3742,0.0558,0.4338,-0.4001,0.00510,-0.00143,0.01033,-5.00,0.00,0.00,31.5,125.59,634.47,270.91,DESCEND
6.3843,0.3058,-0.0661,-0.0501,0.01210,0.00056,0.00933,-5.00,0.00,0.00,31.6,125.59,634.47,270.85,DESCEND
6.3944,-0.0041,0.5438,-0.3801,0.00310,-0.00143,0.01333,-5.00,0.00,0.00,31.6,125.59,634.48,270.81,DESCEND
6.4045,0.1558,0.4538,-0.0601,0.01410,-0.00043,0.00933,-5.00,0.00,0.00,31.7,125.59,634.48,270.75,DESCEND
6.4146,-0.0541,0.0338,-0.0001,-0.00389,-0.00443,0.00933,-5.00,0.00,0.00,31.7,125.59,634.48,270.71,DESCEND
6.4247,0.1258,0.2038,-0.2301,0.01710,0.00256,0.01133,-5.00,0.00,0.00,31.8,125.59,634.48,270.65,DESCEND
6.4348,0.0158,0.0638,0.2398,0.00510,-0.00043,0.00933,-5.00,0.00,0.00,31.8,125.59,634.48,270.61,DESCEND
6.4449,0.2058,0.1338,-0.0101,-0.00689,-0.01643,0.00633,-5.00,0.00,0.00,31.9,125.59,634.49,270.55,DESCEND
6.4550,-0.1041,0.3738,-0.1201,-0.00889,-0.00043,0.01333,-5.00,0.00,0.00,31.9,125.59,634.49,270.51,DESCEND
6.4651,0.0058,0.0638,0.0898,0.01510,0.01256,0.00633,-5.00,0.00,0.00,32.0,125.59,634.49,270.45,DESCEND
6.4753,0.0758,0.1038,0.1398,0.01510,0.00456,0.01133,-5.00,0.00,0.00,32.0,125.59,634.49,270.41,DESCEND
6.4854,-0.1141,0.0238,0.0698,0.00910,0.01156,0.00733,-5.00,0.00,0.00,32.1,125.59,634.49,270.35,DESCEND
6.4955,0.0958,-0.0561,0.0098,0.01210,0.00656,0.00833,-5.00,0.00,0.00,32.1,125.59,634.49,270.31,DESCEND
6.5057,0.1558,0.4238,-0.4901,0.00310,-0.01243,0.01233,-5.00,0.00,0.00,32.2,125.59,634.50,270.25,DESCEND
6.5158,0.3058,0.2138,-0.2301,0.01410,-0.00843,0.01133,-5.00,0.00,0.00,32.2,125.59,634.50,270.21,DESCEND
6.5259,0.1558,0.0138,0.0298,0.00210,0.00756,0.00833,-5.00,0.00,0.00,32.3,125.59,634.50,270.15,DESCEND
6.5360,0.1258,0.1638,-0.0401,0.00610,-0.00543,0.00833,-5.00,0.00,0.00,32.3,125.59,634.50,270.09,DESCEND
6.5461,-0.0241,-0.1261,-0.0801,0.00610,-0.00343,0.00933,-5.00,0.00,0.00,32.4,125.59,634.50,270.05,DESCEND
6.5562,0.2658,0.1538,0.2398,0.01110,-0.00743,0.00833,-5.00,0.00,0.00,32.4,125.59,634.51,269.99,DESCEND
6.5664,0.0658,0.3438,-0.3601,0.01110,-0.00143,0.01133,-5.00,0.00,0.00,32.5,125.59,634.51,269.95,DESCEND
6.5766,0.0358,0.3138,-0.0001,-0.00389,-0.00543,0.01433,-5.00,0.00,0.00,32.5,125.59,634.51,269.89,DESCEND
6.5867,0.0658,0.4738,-0.1101,0.00110,-0.01043,0.01433,-5.00,0.00,0.00,32.6,125.59,634.51,269.85,DESCEND
6.5968,0.2058,0.1138,-0.0301,0.01010,0.00556,0.01133,-5.00,0.00,0.00,32.6,125.59,634.51,269.79,DESCEND
6.6069,-0.0241,0.5538,-0.3901,0.00310,-0.00643,0.01433,-5.00,0.00,0.00,32.7,125.59,634.51,269.75,DESCEND
6.6170,0.2058,0.3038,-0.2001,0.00110,-0.01043,0.01033,-5.00,0.00,0.00,32.7,125.59,634.52,269.69,DESCEND
6.6271,0.1658,-0.0761,-0.0101,0.01910,0.00656,0.00833,-5.00,0.00,0.00,32.8,125.59,634.52,269.65,DESCEND
6.6372,0.0658,0.4638,-0.3001,-0.00189,-0.01943,0.01233,-5.00,0.00,0.00,32.8,125.59,634.52,269.59,DESCEND
6.6474,0.0558,0.0338,0.0798,0.00110,0.00156,0.01033,-5.00,0.00,0.00,32.9,125.59,634.52,269.55,DESCEND
6.6575,-0.1341,0.2938,0.0998,0.00910,0.00956,0.01033,-5.00,0.00,0.00,32.9,125.59,634.52,269.49,DESCEND
6.6676,0.0558,0.2138,-0.0901,0.01510,0.00556,0.00833,-5.00,0.00,0.00,33.0,125.59,634.53,269.45,DESCEND
6.6777,0.2058,0.2938,-0.2101,0.02410,0.00256,0.01033,-5.00,0.00,0.00,33.0,125.59,634.53,269.39,DESCEND
6.6879,-0.0641,0.0638,0.0198,-0.00989,-0.00943,0.00933,-5.00,0.00,0.00,33.1,125.59,634.53,269.35,DESCEND
6.6980,0.1658,0.2138,0.0198,0.02110,0.00656,0.00633,-5.00,0.00,0.00,33.1,125.59,634.53,269.29,DESCEND
6.7081,0.2358,0.2638,-0.0801,0.02010,0.00556,0.01033,-5.00,0.00,0.00,33.2,125.59,634.53,269.23,DESCEND
6.7182,0.3258,-0.1061,0.1698,0.01210,-0.00143,0.00733,-5.00,0.00,0.00,33.2,125.59,634.54,269.19,DESCEND
6.7283,0.2758,-0.3161,0.1698,0.02210,-0.00243,0.00733,-5.00,0.00,0.00,33.3,125.59,634.54,269.13,DESCEND
6.7384,-0.0041,-0.0161,0.1498,0.01410,0.01256,0.00933,-5.00,0.00,0.00,33.3,125.59,634.54,269.09,DESCEND
6.7485,0.0458,0.2238,0.0598,-0.00089,-0.00243,0.01033,-5.00,0.00,0.00,33.4,125.59,634.54,269.03,DESCEND
6.7586,0.1258,-0.0361,0.2498,0.00210,-0.00343,0.00733,-5.00,0.00,0.00,33.4,125.59,634.54,268.99,DESCEND
6.7687,0.1258,-0.1261,0.0998,0.01810,0.00356,0.00833,-5.00,0.00,0.00,33.5,125.59,634.55,268.93,DESCEND
6.7788,0.2058,-0.0561,0.3398,0.03110,0.00956,0.00533,-5.00,0.00,0.00,33.5,125.59,634.55,268.89,DESCEND
6.7889,0.2758,-0.1661,0.0698,0.01310,-0.00343,0.00833,-5.00,0.00,0.00,33.6,125.60,634.55,268.83,DESCEND
6.7991,0.0658,-0.1061,0.1498,0.00310,-0.00143,0.00633,-5.00,0.00,0.00,33.6,125.60,634.55,268.79,DESCEND
6.8093,0.0858,0.2238,-0.0401,0.00510,-0.00043,0.00933,-5.00,0.00,0.00,33.7,125.60,634.55,268.73,DESCEND
6.8194,0.1158,0.0838,0.1198,-0.00289,-0.00143,0.00933,-5.00,0.00,0.00,33.7,125.60,634.55,268.69,DESCEND
6.8295,-0.1041,0.2938,0.0698,-0.01089,-0.00443,0.00733,-5.00,0.00,0.00,33.8,125.60,634.56,268.63,DESCEND
6.8396,0.1358,0.1438,-0.0501,0.00710,-0.00843,0.01133,-5.00,0.00,0.00,33.8,125.60,634.56,268.60,DESCEND
6.8497,0.1758,0.0538,-0.1901,0.00710,-0.00843,0.01033,-5.00,0.00,0.00,33.9,125.60,634.56,268.54,DESCEND
6.8598,0.1858,0.2938,-0.2101,0.01410,-0.00443,0.01133,-5.00,0.00,0.00,33.9,125.60,634.56,268.50,DESCEND
6.8699,0.3058,0.0438,0.4098,0.00910,0.00856,0.00733,-5.00,0.00,0.00,34.0,125.60,634.56,268.44,DESCEND
6.8800,0.0658,-0.0661,0.0998,0.00310,-0.01043,0.00533,-5.00,0.00,0.00,34.1,125.60,634.57,268.38,DESCEND
6.8901,0.1058,0.1638,-0.1901,0.02210,0.00856,0.01133,-5.00,0.00,0.00,34.1,125.60,634.57,268.34,DESCEND
6.9002,0.1758,-0.2861,0.3898,0.02410,0.00856,0.00633,-5.00,0.00,0.00,34.2,125.60,634.57,268.28,DESCEND
6.9104,0.1158,0.4038,-0.3901,-0.00189,-0.01843,0.01133,-5.00,0.00,0.00,34.2,125.60,634.57,268.24,DESCEND
6.9205,0.0358,0.2138,-0.5401,0.00410,-0.00843,0.01033,-5.00,0.00,0.00,34.3,125.60,634.57,268.18,DESCEND
6.9306,0.0958,0.0138,0.0798,0.00010,-0.00143,0.00833,-5.00,0.00,0.00,34.3,125.60,634.57,268.14,DESCEND
6.9407,0.3958,0.4138,-0.4401,0.02310,-0.01243,0.01333,-5.00,0.00,0.00,34.4,125.60,634.58,268.08,DESCEND
6.9508,0.3658,0.2938,0.1098,0.02710,0.00456,0.00933,-5.00,0.00,0.00,34.4,125.60,634.58,268.04,DESCEND
6.9609,0.2058,0.0638,0.2898,-0.00489,-0.00943,0.01333,-5.00,0.00,0.00,34.5,125.60,634.58,267.98,DESCEND
6.9711,0.2458,0.2338,-0.4901,0.00710,-0.01443,0.01333,-5.00,0.00,0.00,34.5,125.60,634.58,267.94,DESCEND
6.9812,0.1458,0.3038,-0.1801,0.00310,-0.00343,0.01133,-5.00,0.00,0.00,34.6,125.60,634.58,267.88,DESCEND
6.9913,0.1158,0.0538,-0.1201,0.01710,0.00256,0.00933,-5.00,0.00,0.00,34.6,125.60,634.59,267.84,DESCEND
7.0014,0.2058,0.1738,0.0498,0.02810,0.00256,0.01033,-5.00,0.00,0.00,34.7,125.60,634.59,267.78,DESCEND
7.0116,-0.0641,0.4238,0.2298,0.00210,0.00756,0.00933,-5.00,0.00,0.00,34.7,125.60,634.59,267.74,DESCEND
7.0217,-0.0641,0.5938,-0.4001,0.00010,-0.00843,0.01433,-5.00,0.00,0.00,34.8,125.60,634.59,267.68,DESCEND
7.0318,0.1658,0.1738,0.0898,0.01710,-0.00143,0.00833,-5.00,0.00,0.00,34.8,125.60,634.59,267.64,DESCEND
7.0419,0.0058,0.4938,-0.0601,0.01110,-0.00143,0.01033,-5.00,0.00,0.00,34.9,125.60,634.60,267.58,DESCEND
7.0520,0.0858,0.5938,-0.2601,-0.00789,-0.01343,0.01033,-5.00,0.00,0.00,34.9,125.60,634.60,267.52,DESCEND
7.0621,0.1458,0.0838,-0.0201,0.00610,-0.00043,0.00933,-5.00,0.00,0.00,35.0,125.60,634.60,267.48,DESCEND
7.0722,0.2758,0.0838,0.0898,0.00510,-0.00743,0.01133,-5.00,0.00,0.00,35.0,125.60,634.60,267.42,DESCEND
7.0824,-0.0641,0.1838,0.2398,-0.02489,-0.01043,0.00933,-5.00,0.00,0.00,35.1,125.60,634.60,267.38,DESCEND
7.0925,-0.0841,0.3438,-0.1201,0.00610,-0.00343,0.01333,-5.00,0.00,0.00,35.1,125.60,634.61,267.32,DESCEND
7.1026,-0.0141,-0.2061,0.5198,0.02210,0.01256,0.00933,-5.00,0.00,0.00,35.2,125.60,634.61,267.28,DESCEND
7.1127,0.2758,0.2038,-0.0301,0.02510,0.01056,0.01033,-5.00,0.00,0.00,35.2,125.60,634.61,267.22,DESCEND
7.1228,0.1058,0.5238,-0.4001,0.01410,-0.00043,0.01133,-5.00,0.00,0.00,35.3,125.60,634.61,267.18,DESCEND
7.1329,0.1058,0.4638,-0.3401,0.00110,-0.00943,0.01033,-5.00,0.00,0.00,35.3,125.60,634.61,267.12,DESCEND
7.1430,0.0558,0.0738,0.0398,0.00610,0.00156,0.00833,-5.00,0.00,0.00,35.4,125.60,634.61,267.08,DESCEND
7.1531,0.2158,0.0638,-0.3001,0.01810,-0.00543,0.01133,-5.00,0.00,0.00,35.4,125.60,634.62,267.02,DESCEND
7.1633,0.0358,0.3138,-0.2701,0.00910,-0.00843,0.01433,-5.00,0.00,0.00,35.5,125.60,634.62,266.98,DESCEND
7.1734,0.0658,0.1938,0.0998,0.00010,-0.00843,0.01333,-5.00,0.00,0.00,35.5,125.60,634.62,266.92,DESCEND
7.1835,0.1158,0.2438,-0.1801,0.00710,-0.00343,0.00933,-5.00,0.00,0.00,35.6,125.60,634.62,266.88,DESCEND
7.1937,0.0558,0.3638,0.2698,0.00510,0.00356,0.01333,-5.00,0.00,0.00,35.6,125.60,634.62,266.82,DESCEND
7.2038,0.3558,0.2038,-0.2101,0.03110,-0.00343,0.01133,-5.00,0.00,0.00,35.7,125.60,634.63,266.78,DESCEND
7.2139,0.1158,0.1938,0.2398,0.01310,-0.00043,0.00633,-5.00,0.00,0.00,35.7,125.60,634.63,266.72,DESCEND
7.2240,0.1658,0.4438,-0.4701,0.01310,-0.01443,0.01233,-5.00,0.00,0.00,35.8,125.60,634.63,266.66,DESCEND
7.2341,0.1558,0.1538,-0.0301,0.00610,-0.00743,0.01233,-5.00,0.00,0.00,35.8,125.60,634.63,266.62,DESCEND
7.2444,0.1358,0.0838,0.0798,0.00110,-0.01443,0.00933,-5.00,0.00,0.00,35.9,125.60,634.63,266.56,DESCEND
7.2545,0.1158,0.2938,0.0498,0.01710,0.00756,0.01233,-5.00,0.00,0.00,35.9,125.60,634.63,266.52,DESCEND
7.2646,-0.0241,0.3138,0.1198,0.00110,0.00256,0.01033,-5.00,0.00,0.00,36.0,125.60,634.64,266.46,DESCEND
7.2747,0.1558,0.1338,-0.2401,0.03210,0.00956,0.00933,-5.00,0.00,0.00,36.0,125.60,634.64,266.42,DESCEND
7.2848,0.2558,-0.0361,0.0798,0.02010,0.00656,0.00633,-5.00,0.00,0.00,36.1,125.60,634.64,266.36,DESCEND
7.2949,0.0558,0.1038,-0.2901,0.01210,-0.00043,0.00733,-5.00,0.00,0.00,36.1,125.60,634.64,266.32,DESCEND
7.3050,0.1358,0.1638,0.0198,0.03110,0.00456,0.00933,-5.00,0.00,0.00,36.2,125.60,634.64,266.26,DESCEND
7.3152,0.1958,0.1238,-0.0701,0.01210,-0.00743,0.01633,-5.00,0.00,0.00,36.2,125.60,634.65,266.22,DESCEND
7.3253,0.2158,0.2538,-0.0901,0.01710,0.00056,0.01033,-5.00,0.00,0.00,36.3,125.60,634.65,266.16,DESCEND
7.3354,0.2458,0.3038,-0.0601,0.01910,-0.00143,0.00633,-5.00,0.00,0.00,36.3,125.60,634.65,266.12,DESCEND
7.3455,0.2058,-0.0761,0.2198,0.01010,0.00256,0.00733,-5.00,0.00,0.00,36.4,125.60,634.65,266.06,DESCEND
7.3556,0.0458,0.1138,0.0298,0.00910,-0.00343,0.01033,-5.00,0.00,0.00,36.4,125.60,634.65,266.02,DESCEND
7.3657,0.0058,0.3138,-0.3301,-0.00089,-0.00543,0.01333,-5.00,0.00,0.00,36.5,125.60,634.66,265.96,DESCEND
7.3758,0.0658,0.2138,-0.1401,0.01010,-0.00143,0.01133,-5.00,0.00,0.00,36.5,125.60,634.66,265.92,DESCEND
7.3859,0.2158,0.1638,-0.1301,0.00410,-0.00643,0.01133,-5.00,0.00,0.00,36.6,125.60,634.66,265.86,DESCEND
7.3960,-0.0141,0.5338,-0.0901,-0.00089,0.00156,0.01233,-5.00,0.00,0.00,36.6,125.60,634.66,265.80,DESCEND
7.4061,0.1358,0.1338,-0.0301,0.00210,-0.01143,0.01033,-5.00,0.00,0.00,36.7,125.60,634.66,265.76,DESCEND
7.4162,0.0358,0.2738,0.0898,0.00010,-0.00043,0.01033,-5.00,0.00,0.00,36.7,125.60,634.67,265.70,DESCEND
7.4263,-0.0641,0.4438,-0.2401,-0.00289,-0.00043,0.01133,-5.00,0.00,0.00,36.8,125.60,634.67,265.66,DESCEND
7.4365,0.1758,0.3638,0.1298,0.01710,0.00156,0.00933,-5.00,0.00,0.00,36.8,125.60,634.67,265.60,DESCEND
7.4466,0.1258,0.3438,0.0298,0.00410,-0.01343,0.01433,-5.00,0.00,0.00,36.9,125.60,634.67,265.56,DESCEND
7.4567,0.2658,0.2738,-0.2501,0.01110,-0.01243,0.00933,-5.00,0.00,0.00,36.9,125.60,634.67,265.50,DESCEND
7.4668,0.0058,0.3738,-0.0101,-0.00189,-0.00043,0.01133,-5.00,0.00,0.00,37.0,125.60,634.67,265.46,DESCEND
7.4769,0.1858,0.1538,0.0498,0.00510,-0.00843,0.01333,-5.00,0.00,0.00,37.0,125.60,634.68,265.40,DESCEND
7.4870,0.2158,0.3538,-0.1701,0.02510,0.00156,0.01133,-5.00,0.00,0.00,37.1,125.60,634.68,265.36,DESCEND
7.4971,-0.0541,0.3638,-0.3401,-0.00989,-0.01443,0.01233,-5.00,0.00,0.00,37.1,125.60,634.68,265.30,DESCEND
7.5073,0.0958,0.2938,-0.2801,0.01010,-0.00643,0.01533,-5.00,0.00,0.00,37.2,125.60,634.68,265.26,DESCEND
7.5174,0.2558,0.1438,0.1798,0.02810,0.01756,0.00833,-5.00,0.00,0.00,37.2,125.60,634.68,265.20,DESCEND
7.5275,-0.0841,0.2138,-0.1901,0.00410,-0.00643,0.00933,-5.00,0.00,0.00,37.3,125.60,634.69,265.16,DESCEND
7.5376,0.0858,0.2438,-0.2201,0.00410,-0.01043,0.01533,-5.00,0.00,0.00,37.3,125.61,634.69,265.10,DESCEND
7.5477,0.1658,0.1138,0.0098,0.00510,-0.00343,0.00933,-5.00,0.00,0.00,37.4,125.61,634.69,265.06,DESCEND
7.5578,0.1458,0.5638,-0.4701,0.00210,-0.00843,0.01133,-5.00,0.00,0.00,37.4,125.61,634.69,265.00,DESCEND
7.5679,0.1858,-0.3161,0.2798,0.02910,0.01656,0.01033,-5.00,0.00,0.00,37.5,125.61,634.69,264.96,DESCEND
7.5781,-0.0341,0.4838,-0.3601,0.01410,-0.00543,0.01433,-5.00,0.00,0.00,37.5,125.61,634.69,264.90,DESCEND
7.5882,0.2058,-0.2861,0.3198,0.01110,0.00156,0.00633,-5.00,0.00,0.00,37.6,125.61,634.70,264.84,DESCEND
7.5983,0.0758,-0.0861,-0.1201,0.01410,0.00956,0.00933,-5.00,0.00,0.00,37.6,125.61,634.70,264.80,DESCEND
7.6085,0.1058,-0.2361,0.2998,0.01810,0.01056,0.00833,-5.00,0.00,0.00,37.7,125.61,634.70,264.74,DESCEND
7.6186,0.2858,0.1138,0.2998,0.01810,0.00556,0.01033,-5.00,0.00,0.00,37.7,125.61,634.70,264.70,DESCEND
7.6287,0.1558,0.0438,-0.0501,0.01210,-0.00743,0.01333,-5.00,0.00,0.00,37.8,125.61,634.70,264.64,DESCEND
7.6388,0.2858,0.0338,0.0298,0.02110,-0.00043,0.01033,-5.00,0.00,0.00,37.8,125.61,634.71,264.60,DESCEND
7.6490,-0.0241,0.3938,-0.0001,-0.00089,0.00956,0.01133,-5.00,0.00,0.00,37.9,125.61,634.71,264.54,DESCEND
7.6591,0.1258,0.4238,-0.3301,0.01810,0.00056,0.00933,-5.00,0.00,0.00,37.9,125.61,634.71,264.50,DESCEND
7.6692,0.0858,0.2638,-0.0501,0.02110,0.00256,0.01233,-5.00,0.00,0.00,38.0,125.61,634.71,264.44,DESCEND
7.6793,0.2958,0.1338,-0.0001,0.02710,-0.00243,0.01433,-5.00,0.00,0.00,38.0,125.61,634.71,264.40,DESCEND
7.6894,0.1258,0.1038,0.3498,0.01510,-0.00143,0.01133,-5.00,0.00,0.00,38.1,125.61,634.72,264.34,DESCEND
7.6995,0.0658,0.1938,0.0498,0.00010,-0.01343,0.01233,-5.00,0.00,0.00,38.1,125.61,634.72,264.30,DESCEND
7.7096,0.0758,-0.1561,0.3498,0.00610,-0.00443,0.00633,-5.00,0.00,0.00,38.2,125.61,634.72,264.24,DESCEND
7.7197,0.3358,0.0738,0.2498,0.00910,0.00056,0.00733,-5.00,0.00,0.00,38.2,125.61,634.72,264.20,DESCEND
7.7298,0.2758,-0.0961,0.0098,0.01910,0.00056,0.01033,-5.00,0.00,0.00,38.3,125.61,634.72,264.14,DESCEND
7.7400,-0.0741,-0.0061,0.1298,0.00410,0.00356,0.00433,-5.00,0.00,0.00,38.3,125.61,634.72,264.10,DESCEND
7.7501,0.2458,-0.0161,0.2098,0.01510,0.00056,0.00733,-5.00,0.00,0.00,38.4,125.61,634.73,264.04,DESCEND
7.7602,0.0858,0.0738,0.1398,0.01410,0.00056,0.00833,-5.00,0.00,0.00,38.5,125.61,634.73,263.98,DESCEND
7.7703,0.0158,0.1238,0.1698,-0.00789,0.00256,0.00733,-5.00,0.00,0.00,38.5,125.61,634.73,263.94,DESCEND
7.7804,0.0658,0.2638,-0.0201,0.00910,-0.00243,0.01333,-5.00,0.00,0.00,38.6,125.61,634.73,263.88,DESCEND
7.7905,0.0258,-0.0261,0.2298,0.01010,0.01156,0.00933,-5.00,0.00,0.00,38.6,125.61,634.73,263.84,DESCEND
7.8006,0.1858,0.1938,-0.0601,0.01610,-0.00243,0.01333,-5.00,0.00,0.00,38.7,125.61,634.74,263.78,DESCEND
7.8107,0.1358,0.2138,0.2098,0.01510,0.00056,0.00933,-5.00,0.00,0.00,38.7,125.61,634.74,263.74,DESCEND
7.8208,0.0558,0.0338,0.1398,-0.01189,-0.00943,0.00733,-5.00,0.00,0.00,38.8,125.61,634.74,263.68,DESCEND
7.8309,0.1758,0.1838,-0.2501,0.01610,-0.00443,0.01033,-5.00,0.00,0.00,38.8,125.61,634.74,263.64,DESCEND
7.8410,0.2858,0.2238,0.0098,0.02310,0.00556,0.01133,-5.00,0.00,0.00,38.9,125.61,634.74,263.58,DESCEND
7.8511,0.2658,0.0238,-0.1901,0.01710,-0.00543,0.01033,-5.00,0.00,0.00,38.9,125.61,634.75,263.54,DESCEND
7.8613,0.0158,0.1838,-0.0101,0.00610,-0.00743,0.01133,-5.00,0.00,0.00,39.0,125.61,634.75,263.48,DESCEND
7.8714,0.2458,0.1038,-0.0701,0.00410,-0.00243,0.00933,-5.00,0.00,0.00,39.0,125.61,634.75,263.44,DESCEND
7.8815,0.2158,-0.0661,0.1598,0.03310,0.01456,0.00933,-5.00,0.00,0.00,39.1,125.61,634.75,263.38,DESCEND
7.8917,0.1158,0.2138,-0.1801,-0.00289,-0.00843,0.01033,-5.00,0.00,0.00,39.1,125.61,634.75,263.34,DESCEND
7.9018,0.2858,0.0638,-0.2101,0.01210,-0.01943,0.00933,-5.00,0.00,0.00,39.2,125.61,634.75,263.28,DESCEND
7.9119,0.3558,-0.0761,-0.2201,0.01710,-0.00243,0.00633,-5.00,0.00,0.00,39.2,125.61,634.76,263.24,DESCEND
7.9220,0.2458,0.4338,0.0998,0.01810,-0.00443,0.01633,-5.00,0.00,0.00,39.3,125.61,634.76,263.18,DESCEND
7.9321,0.1658,-0.3961,0.2698,0.00810,-0.00143,0.00733,-5.00,0.00,0.00,39.3,125.61,634.76,263.14,DESCEND
7.9422,0.0758,0.3138,0.1898,-0.00989,-0.00943,0.01033,-5.00,0.00,0.00,39.4,125.61,634.76,263.08,DESCEND
7.9523,0.0858,-0.0361,-0.0701,0.01010,0.00256,0.01033,-5.00,0.00,0.00,39.4,125.61,634.76,263.02,DESCEND
7.9624,0.0958,-0.2361,0.1798,0.00910,0.00756,0.00833,-5.00,0.00,0.00,39.5,125.61,634.77,262.98,DESCEND
7.9725,0.1058,0.2238,0.0998,0.00410,-0.01243,0.01333,-5.00,0.00,0.00,39.5,125.61,634.77,262.92,DESCEND
7.9827,0.3458,0.2838,-0.2001,0.02810,-0.00743,0.01433,-5.00,0.00,0.00,39.6,125.61,634.77,262.88,DESCEND
7.9928,0.0258,0.3038,0.0898,0.00310,-0.00043,0.01333,-5.00,0.00,0.00,39.6,125.61,634.77,262.82,DESCEND
8.0029,0.3258,0.0838,0.0698,0.01810,-0.00243,0.01133,-5.00,0.00,0.00,39.7,125.61,634.77,262.78,DESCEND
8.0130,-0.0041,0.0538,0.2498,0.00210,0.00556,0.00633,-5.00,0.00,0.00,39.7,125.61,634.78,262.72,DESCEND
8.0231,0.3558,0.0538,0.2298,0.01710,0.00056,0.00433,-5.00,0.00,0.00,39.8,125.61,634.78,262.68,DESCEND
8.0333,0.2358,0.2438,0.3398,0.02710,0.00256,0.01133,-5.00,0.00,0.00,39.8,125.61,634.78,262.62,DESCEND
8.0434,0.0658,0.2338,-0.3101,0.00210,-0.01343,0.01433,-5.00,0.00,0.00,39.9,125.61,634.78,262.58,DESCEND
8.0535,0.2858,-0.0661,0.3498,0.02810,0.01056,0.01033,-5.00,0.00,0.00,39.9,125.61,634.78,262.52,DESCEND
8.0636,0.3258,0.4238,-0.1701,0.01110,-0.00643,0.01433,-5.00,0.00,0.00,40.0,125.61,634.78,262.48,DESCEND
8.0737,0.2758,0.3138,-0.2101,0.01810,-0.00643,0.01033,-5.00,0.00,0.00,40.0,125.61,634.79,262.42,DESCEND
8.0839,0.1658,0.0138,0.0398,0.00910,0.00156,0.01033,-5.00,0.00,0.00,40.1,125.61,634.79,262.38,DESCEND
8.0940,0.2058,0.3738,0.0198,-0.00289,-0.00543,0.01233,-5.00,0.00,0.00,40.1,125.61,634.79,262.32,DESCEND
8.1041,0.0758,0.5238,-0.3901,-0.00589,-0.01743,0.01533,-5.00,0.00,0.00,40.2,125.61,634.79,262.26,DESCEND
8.1142,-0.0341,0.4538,-0.4701,-0.00189,-0.01343,0.01233,-5.00,0.00,0.00,40.2,125.61,634.79,262.22,DESCEND
8.1243,-0.0741,0.3938,-0.4101,0.00510,-0.01043,0.01833,-5.00,0.00,0.00,40.3,125.61,634.80,262.16,DESCEND
8.1344,-0.0141,0.5238,-0.5001,0.00610,-0.00043,0.01233,-5.00,0.00,0.00,40.3,125.61,634.80,262.12,DESCEND
8.1446,0.1058,0.1838,-0.3401,0.00910,-0.00443,0.01233,-5.00,0.00,0.00,40.4,125.61,634.80,262.06,DESCEND
8.1547,0.0358,0.0938,-0.1401,0.01010,-0.01443,0.01733,-5.00,0.00,0.00,40.4,125.61,634.80,262.02,DESCEND
8.1649,-0.1141,0.0738,-0.1001,-0.00389,-0.00443,0.01033,-5.00,0.00,0.00,40.5,125.61,634.80,261.96,DESCEND
8.1750,0.2458,0.0538,0.1198,0.02510,0.00756,0.00833,-5.00,0.00,0.00,40.5,125.61,634.81,261.92,DESCEND
8.1851,0.0958,-0.0761,-0.0001,0.01410,0.00256,0.01133,-5.00,0.00,0.00,40.6,125.61,634.81,261.86,DESCEND
8.1952,0.0258,0.1538,-0.1801,0.00110,-0.01343,0.01333,-5.00,0.00,0.00,40.6,125.61,634.81,261.82,DESCEND
8.2053,0.0158,0.2038,-0.0601,0.01210,0.00056,0.01333,-5.00,0.00,0.00,40.7,125.61,634.81,261.76,DESCEND
8.2154,0.0158,0.3838,-0.0501,-0.00089,-0.01143,0.01633,-5.00,0.00,0.00,40.7,125.61,634.81,261.72,DESCEND
8.2255,0.0758,0.0838,0.2098,0.00310,-0.00043,0.01033,-5.00,0.00,0.00,40.8,125.61,634.81,261.66,DESCEND
8.2356,0.2158,0.3138,-0.1501,0.01110,-0.00043,0.01133,-5.00,0.00,0.00,40.8,125.61,634.82,261.62,DESCEND
8.2457,0.1758,0.0738,-0.2301,0.00610,-0.01343,0.01233,-5.00,0.00,0.00,40.9,125.61,634.82,261.56,DESCEND
8.2558,0.1758,0.3038,-0.1101,0.01110,-0.00343,0.01033,-5.00,0.00,0.00,40.9,125.61,634.82,261.52,DESCEND
8.2659,-0.0141,0.4938,-0.2201,-0.00789,-0.00543,0.01533,-5.00,0.00,0.00,41.0,125.61,634.82,261.46,DESCEND
8.2760,0.0458,0.3038,0.0198,-0.00489,0.00556,0.01233,-5.00,0.00,0.00,41.0,125.61,634.82,261.40,DESCEND
8.2861,0.1258,0.3138,-0.1001,0.00610,-0.01143,0.01133,-5.00,0.00,0.00,41.1,125.61,634.83,261.36,DESCEND
8.2962,-0.0541,0.1838,-0.1901,0.02810,0.00756,0.01433,-5.00,0.00,0.00,41.1,125.62,634.83,261.30,DESCEND
8.3064,-0.0441,-0.0661,0.2198,0.00310,0.00556,0.00933,-5.00,0.00,0.00,41.2,125.62,634.83,261.26,DESCEND
8.3165,0.1158,0.3238,-0.0501,0.01010,0.00656,0.01133,-5.00,0.00,0.00,41.2,125.62,634.83,261.20,DESCEND
8.3266,0.1858,0.1638,0.0998,0.01310,0.00156,0.01033,-5.00,0.00,0.00,41.3,125.62,634.83,261.16,DESCEND
8.3367,0.0658,0.3138,-0.1301,0.00310,-0.01443,0.01233,-5.00,0.00,0.00,41.3,125.62,634.84,261.10,DESCEND
8.3468,0.2058,0.2638,-0.3501,0.02210,-0.00743,0.01133,-5.00,0.00,0.00,41.4,125.62,634.84,261.06,DESCEND
8.3570,0.1458,0.4338,-0.1001,0.01710,0.00656,0.01333,-5.00,0.00,0.00,41.4,125.62,634.84,261.00,DESCEND
8.3671,0.1758,0.2638,-0.1101,0.00810,-0.00443,0.01433,-5.00,0.00,0.00,41.5,125.62,634.84,260.96,DESCEND
8.3772,0.2058,0.2438,-0.1001,0.03510,0.00056,0.01033,-5.00,0.00,0.00,41.5,125.62,634.84,260.90,DESCEND
8.3873,0.1558,-0.1961,0.4498,0.01210,0.00456,0.01033,-5.00,0.00,0.00,41.6,125.62,634.84,260.86,DESCEND
8.3974,0.0258,0.1538,-0.0401,-0.00089,0.00856,0.00633,-5.00,0.00,0.00,41.6,125.62,634.85,260.80,DESCEND
8.4075,0.2558,0.2738,-0.2101,0.02010,0.01756,0.00933,-5.00,0.00,0.00,41.7,125.62,634.85,260.76,DESCEND
8.4177,0.1858,0.0838,-0.0001,0.01110,0.00656,0.00633,-5.00,0.00,0.00,41.7,125.62,634.85,260.70,DESCEND
8.4278,0.1258,0.3538,-0.0701,-0.00589,0.01056,0.01033,-5.00,0.00,0.00,41.8,125.62,634.85,260.66,DESCEND
8.4379,0.2158,0.2038,-0.1501,0.00310,0.01456,0.00933,-5.00,0.00,0.00,41.8,125.62,634.85,260.60,DESCEND
8.4480,0.1958,0.1038,-0.1901,0.01110,0.02756,0.00833,-5.00,0.00,0.00,41.9,125.62,634.86,260.56,DESCEND
8.4581,0.3158,0.4438,-0.0501,0.01410,0.03056,0.00533,-5.00,0.00,0.00,41.9,125.62,634.86,260.50,DESCEND
8.4682,0.4558,0.3338,-0.0301,0.02110,0.03656,0.00533,-5.00,0.00,0.00,42.0,125.62,634.86,260.46,DESCEND
8.4783,0.2058,0.5138,0.1098,0.00610,0.04256,0.00333,-5.00,0.00,0.00,42.0,125.62,634.86,260.40,DESCEND
8.4884,0.2558,0.2238,0.0298,0.00110,0.03856,0.00333,-5.00,0.00,0.00,42.1,125.62,634.86,260.34,DESCEND
8.4986,0.5858,-0.1561,0.1898,0.02510,0.04256,-0.00266,-5.00,0.00,0.00,42.1,125.62,634.87,260.30,DESCEND
8.5087,0.4758,0.0738,-0.2501,0.03110,0.04356,-0.00366,-5.00,0.00,0.00,42.2,125.62,634.87,260.24,DESCEND
8.5188,0.3258,0.0338,-0.2201,0.01210,0.04156,-0.00166,-5.00,0.00,0.00,42.2,125.62,634.87,260.20,DESCEND
8.5289,0.3858,0.3038,0.1698,0.02710,0.05256,0.00733,-5.00,0.00,0.00,42.3,125.62,634.87,260.14,DESCEND
8.5390,0.6058,-0.0861,0.0898,0.02510,0.04156,0.00133,-5.00,0.00,0.00,42.3,125.62,634.87,260.10,DESCEND
8.5491,0.6158,0.1838,-0.0901,0.02510,0.05056,0.00233,-5.00,0.00,0.00,42.4,125.62,634.87,260.04,DESCEND
8.5593,0.5258,-0.0961,0.1998,0.02110,0.06156,-0.00066,-5.00,0.00,0.00,42.4,125.62,634.88,260.00,DESCEND
8.5694,0.6258,-0.2661,0.2698,0.02210,0.06756,-0.00566,-5.00,0.00,0.00,42.5,125.62,634.88,259.94,DESCEND
8.5795,0.4558,0.4338,0.0098,0.02010,0.06656,-0.00466,-5.00,0.00,0.00,42.5,125.62,634.88,259.90,DESCEND
8.5896,0.5958,0.2538,-0.2001,0.01610,0.06056,0.00233,-5.00,0.00,0.00,42.6,125.62,634.88,259.84,DESCEND
8.5997,0.5158,-0.0661,-0.0001,0.00410,0.06656,-0.00366,-5.00,0.00,0.00,42.6,125.62,634.88,259.80,DESCEND
8.6098,0.4758,0.2138,-0.3001,0.02010,0.06356,-0.00366,-5.00,0.00,0.00,42.7,125.62,634.89,259.74,DESCEND
8.6199,0.7158,0.2938,-0.1001,0.01310,0.06056,-0.00566,-5.00,0.00,0.00,42.7,125.62,634.89,259.70,DESCEND
8.6300,0.6058,-0.0061,-0.0901,0.01210,0.07056,-0.00266,-5.00,0.00,0.00,42.8,125.62,634.89,259.64,DESCEND
8.6401,0.5058,-0.1661,0.4898,0.02410,0.09156,-0.00766,-5.00,0.00,0.00,42.9,125.62,634.89,259.58,DESCEND
8.6503,0.4858,0.0438,0.0598,0.00610,0.08056,-0.00666,-5.00,0.00,0.00,42.9,125.62,634.89,259.54,DESCEND
8.6604,0.7858,0.3938,-0.3501,0.02510,0.07656,-0.00366,-5.00,0.00,0.00,43.0,125.62,634.90,259.48,DESCEND
8.6705,0.6058,0.2138,-0.0801,0.01210,0.08356,-0.00966,-5.00,0.00,0.00,43.0,125.62,634.90,259.44,DESCEND
8.6806,0.5258,0.2538,-0.0001,0.00710,0.08256,-0.00366,-5.00,0.00,0.00,43.1,125.62,634.90,259.38,DESCEND
8.6907,0.5758,0.2038,-0.1301,0.02110,0.09256,-0.00366,-5.00,0.00,0.00,43.1,125.62,634.90,259.34,DESCEND
8.7008,0.7458,0.0938,-0.2201,0.01610,0.08756,-0.00766,-5.00,0.00,0.00,43.2,125.62,634.90,259.28,DESCEND
8.7110,0.6958,0.0838,-0.0701,0.00410,0.08156,-0.00466,-5.00,0.00,0.00,43.2,125.62,634.90,259.24,DESCEND
8.7211,0.7858,-0.1261,0.2998,0.03610,0.10756,-0.01266,-5.00,0.00,0.00,43.3,125.62,634.91,259.18,DESCEND
8.7312,0.6958,-0.1661,0.2198,0.01010,0.08756,-0.01066,-5.00,0.00,0.00,43.3,125.62,634.91,259.14,DESCEND
8.7413,0.8958,-0.2261,0.4298,0.03710,0.10656,-0.01466,-5.00,0.00,0.00,43.4,125.62,634.91,259.08,DESCEND
8.7514,0.7558,0.0438,-0.1001,0.01810,0.09756,-0.00766,-5.00,0.00,0.00,43.4,125.62,634.91,259.04,DESCEND
8.7616,0.7758,0.2638,0.2198,0.01610,0.10056,-0.00766,-5.00,0.00,0.00,43.5,125.62,634.91,258.98,DESCEND
8.7717,0.7158,0.0938,-0.0201,0.02110,0.11156,-0.01266,-5.00,0.00,0.00,43.5,125.62,634.92,258.94,DESCEND
8.7818,0.9658,0.0738,0.1698,0.02110,0.13756,-0.01466,-5.00,0.00,0.00,43.6,125.62,634.92,258.88,DESCEND
8.7919,0.7958,0.2038,-0.2601,0.00710,0.12656,-0.01266,-5.00,0.00,0.00,43.6,125.62,634.92,258.84,DESCEND
8.8020,1.0058,0.3438,-0.3401,0.02910,0.14156,-0.01766,-5.00,0.00,0.00,43.7,125.62,634.92,258.78,DESCEND
8.8122,0.9458,-0.0561,0.0198,0.02010,0.15056,-0.01966,-5.00,0.00,0.00,43.7,125.62,634.92,258.72,DESCEND
8.8223,1.2958,0.1238,0.0498,0.03710,0.15356,-0.01766,-5.00,0.00,0.00,43.8,125.62,634.93,258.68,DESCEND
8.8324,1.1558,0.0338,-0.0101,0.03110,0.16656,-0.02066,-5.00,0.00,0.00,43.8,125.62,634.93,258.62,DESCEND
8.8425,1.0758,0.3938,-0.2401,0.02010,0.16756,-0.01866,-5.00,0.00,0.00,43.9,125.62,634.93,258.58,DESCEND
8.8526,1.1258,0.2838,-0.3301,-0.00389,0.15556,-0.02066,-5.00,0.00,0.00,43.9,125.62,634.93,258.52,DESCEND
8.8627,1.0758,0.4938,-0.4201,0.01710,0.17256,-0.01766,-5.00,0.00,0.00,44.0,125.62,634.93,258.48,DESCEND
8.8728,1.2758,0.0938,-0.2501,0.02210,0.18156,-0.02666,-5.00,0.00,0.00,44.0,125.62,634.93,258.42,DESCEND
8.8829,1.1858,0.1538,-0.2501,0.02110,0.19856,-0.03066,-5.00,0.00,0.00,44.1,125.62,634.94,258.38,DESCEND
8.8930,1.4158,-0.0161,-0.0301,0.02310,0.20456,-0.03066,-5.00,0.00,0.00,44.1,125.62,634.94,258.32,DESCEND
8.9032,1.4558,-0.2161,0.0898,0.02910,0.20856,-0.03366,-5.00,0.00,0.00,44.2,125.62,634.94,258.28,DESCEND
8.9133,1.2458,0.1738,0.0998,-0.00289,0.21156,-0.03166,-5.00,0.00,0.00,44.2,125.62,634.94,258.22,DESCEND
8.9234,1.2258,-0.0061,-0.2401,0.01710,0.21556,-0.03066,-5.00,0.00,0.00,44.3,125.62,634.94,258.18,DESCEND
8.9336,1.2558,0.4738,-0.5101,-0.00289,0.21656,-0.02966,-5.00,0.00,0.00,44.3,125.62,634.95,258.12,DESCEND
8.9437,1.6358,0.0438,-0.2501,0.03810,0.22256,-0.03366,-5.00,0.00,0.00,44.4,125.62,634.95,258.08,DESCEND
8.9538,1.4158,0.4538,-0.2801,0.02510,0.23856,-0.03466,-5.00,0.00,0.00,44.4,125.62,634.95,258.02,DESCEND
8.9638,1.4558,-0.2461,-0.0701,0.01010,0.24356,-0.03866,-5.00,0.00,0.00,44.5,125.62,634.95,257.98,DESCEND
8.9740,1.4858,0.0438,-0.2301,0.02510,0.24856,-0.03766,-5.00,0.00,0.00,44.5,125.62,634.95,257.92,DESCEND
8.9841,1.6258,0.0738,0.1698,0.01210,0.24456,-0.03966,-5.00,0.00,0.00,44.6,125.62,634.96,257.86,DESCEND
8.9942,1.7258,0.0138,-0.3101,0.02010,0.25256,-0.03966,-5.00,0.00,0.00,44.6,125.62,634.96,257.82,DESCEND
9.0043,1.4358,0.5338,-0.3401,0.01010,0.25956,-0.03766,-5.00,0.00,0.00,44.7,125.62,634.96,257.76,DESCEND
9.0145,1.6558,0.4938,-0.2501,0.01410,0.26256,-0.03966,-5.00,0.00,0.00,44.7,125.62,634.96,257.72,DESCEND
9.0247,1.8858,0.2338,-0.1301,0.02110,0.27056,-0.04466,-5.00,0.00,0.00,44.8,125.62,634.96,257.66,DESCEND
9.0348,1.7658,0.2638,-0.6101,0.01410,0.25456,-0.04066,-5.00,0.00,0.00,44.8,125.62,634.96,257.62,DESCEND
9.0450,1.4858,0.5138,-0.4901,-0.01289,0.26856,-0.04366,-5.00,0.00,0.00,44.9,125.62,634.97,257.56,DESCEND
9.0551,1.6358,0.4038,-0.3301,0.02010,0.28956,-0.04366,-5.00,0.00,0.00,44.9,125.62,634.97,257.52,DESCEND
9.0652,1.7458,0.3738,-0.4201,-0.00489,0.26756,-0.04466,-5.00,0.00,0.00,45.0,125.62,634.97,257.46,DESCEND
9.0753,1.8458,0.0438,-0.1901,0.02010,0.29156,-0.04766,-5.00,0.00,0.00,45.0,125.62,634.97,257.42,DESCEND
9.0854,1.6658,0.4238,-0.2201,0.01410,0.29956,-0.04466,-5.00,0.00,0.00,45.1,125.63,634.97,257.36,DESCEND
9.0954,1.8758,0.3038,-0.6401,-0.00089,0.28056,-0.04366,-5.00,0.00,0.00,45.1,125.63,634.98,257.32,DESCEND
9.1056,1.8358,0.1138,-0.4101,0.00010,0.29656,-0.04866,-5.00,0.00,0.00,45.2,125.63,634.98,257.26,DESCEND
9.1157,1.7158,0.3538,-0.2301,-0.01989,0.29356,-0.04266,-5.00,0.00,0.00,45.2,125.63,634.98,257.22,DESCEND
9.1258,1.7958,0.0238,0.0898,0.01910,0.31856,-0.05366,-5.00,0.00,0.00,45.3,125.63,634.98,257.16,DESCEND
9.1359,1.8658,0.6038,-0.5501,-0.01289,0.29956,-0.04966,-5.00,0.00,0.00,45.3,125.63,634.98,257.12,DESCEND
9.1460,2.1158,0.0738,-0.1101,0.01510,0.31556,-0.05466,-5.00,0.00,0.00,45.4,125.63,634.99,257.06,DESCEND
9.1561,1.8158,0.2638,-0.2201,0.01410,0.33556,-0.05666,-5.00,0.00,0.00,45.4,125.63,634.99,257.00,DESCEND
9.1662,1.8758,0.1238,-0.5801,-0.00089,0.31956,-0.05766,-5.00,0.00,0.00,45.5,125.63,634.99,256.96,DESCEND
9.1764,1.9158,0.2538,-0.0701,0.01410,0.33356,-0.05466,-5.00,0.00,0.00,45.5,125.63,634.99,256.90,DESCEND
9.1865,1.9658,0.1938,-0.0301,0.00610,0.34756,-0.05566,-5.00,0.00,0.00,45.6,125.63,634.99,256.84,SEARCH_Y
9.1966,2.2658,0.0538,-0.3801,0.01110,0.33556,-0.06266,0.00,3.00,0.00,45.6,125.63,634.99,256.80,SEARCH_Y
9.2068,1.9858,0.2138,-0.5301,-0.00489,0.34856,-0.06066,0.00,3.00,0.00,45.7,125.63,635.00,256.77,SEARCH_Y
9.2169,2.2058,0.1538,-0.2801,0.00010,0.34256,-0.06066,0.00,3.00,0.00,45.7,125.63,635.00,256.71,SEARCH_Y
9.2270,2.1058,0.1138,-0.1201,0.02310,0.36456,-0.06166,0.00,3.00,0.00,45.8,125.63,635.00,256.68,SEARCH_Y
9.2371,1.9458,0.5838,-0.3401,0.01110,0.36456,-0.05766,0.00,3.00,0.00,45.8,125.64,635.00,256.63,SEARCH_Y
9.2473,2.1758,-0.1061,0.2098,0.01610,0.37856,-0.06266,0.00,3.00,0.00,45.8,125.65,635.00,256.60,SEARCH_Y
9.2574,2.0058,0.3538,-0.3601,0.00010,0.36456,-0.06366,0.00,3.00,0.00,45.9,125.66,635.01,256.56,SEARCH_Y
9.2675,2.2258,0.4838,-0.2201,0.01110,0.37256,-0.06366,0.00,3.00,0.00,45.9,125.67,635.01,256.54,SEARCH_Y
9.2776,1.9658,0.5338,0.0698,0.00010,0.38456,-0.06566,0.00,3.00,0.00,45.9,125.69,635.01,256.51,SEARCH_Y
9.2877,2.3158,0.1038,0.1498,0.02810,0.39656,-0.06666,0.00,3.00,0.00,46.0,125.70,635.01,256.49,SEARCH_Y
9.2978,2.3758,0.3738,-0.4201,0.02010,0.38256,-0.06566,0.00,3.00,0.00,46.0,125.72,635.01,256.47,SEARCH_Y
9.3079,2.1358,0.1838,-0.1601,0.01810,0.39656,-0.06666,0.00,3.00,0.00,46.0,125.74,635.01,256.45,SEARCH_Y
9.3180,2.3358,-0.1961,0.3298,0.01610,0.39656,-0.06866,0.00,3.00,0.00,46.0,125.77,635.01,256.44,SEARCH_Y
9.3282,2.3558,0.1538,-0.2801,0.02110,0.38956,-0.06766,0.00,3.00,0.00,46.0,125.80,635.01,256.43,SEARCH_Y
9.3382,2.3458,-0.0661,0.1798,0.03410,0.40856,-0.07066,0.00,3.00,0.00,46.0,125.82,635.01,256.42,SEARCH_Y
9.3484,2.2958,0.0238,-0.3101,0.04410,0.40756,-0.06866,0.00,3.00,0.00,46.0,125.85,635.02,256.42,SEARCH_Y
9.3585,2.2658,0.1138,-0.3001,0.04010,0.40156,-0.06466,0.00,3.00,0.00,46.0,125.87,635.02,256.42,SEARCH_Y
9.3686,2.3358,0.5938,-0.5101,0.03410,0.38556,-0.05866,0.00,3.00,0.00,46.0,125.91,635.02,256.42,SEARCH_Y
9.3787,2.3358,-0.2561,0.2298,0.04310,0.40356,-0.06866,0.00,3.00,0.00,46.0,125.93,635.02,256.42,SEARCH_Y
9.3888,2.2558,-0.1761,-0.0201,0.04810,0.40156,-0.06566,0.00,3.00,0.00,46.0,125.97,635.02,256.42,SEARCH_Y
9.3989,2.3858,-0.1361,-0.0901,0.06710,0.40756,-0.06866,0.00,3.00,0.00,46.0,125.99,635.02,256.42,SEARCH_Y
9.4090,2.2858,-0.0561,0.0198,0.04510,0.39456,-0.06866,0.00,3.00,0.00,46.0,126.03,635.02,256.42,SEARCH_Y
9.4191,2.4058,-0.2561,0.2298,0.06010,0.39956,-0.06566,0.00,3.00,0.00,46.0,126.05,635.02,256.42,SEARCH_Y
9.4292,2.1358,0.0238,0.2298,0.04510,0.40556,-0.06466,0.00,3.00,0.00,46.0,126.09,635.02,256.42,SEARCH_Y
9.4393,2.1658,-0.0861,0.2398,0.05710,0.40856,-0.06366,0.00,3.00,0.00,46.0,126.11,635.02,256.42,SEARCH_Y
9.4494,2.5258,-0.1361,0.1398,0.06210,0.40256,-0.06766,0.00,3.00,0.00,46.0,126.15,635.02,256.42,SEARCH_Y
9.4596,2.3458,-0.1361,0.2098,0.05810,0.40656,-0.06766,0.00,3.00,0.00,46.0,126.18,635.03,256.42,SEARCH_Y
9.4696,2.3358,0.1338,0.0498,0.03310,0.38456,-0.06066,0.00,3.00,0.00,46.0,126.21,635.03,256.42,SEARCH_Y
9.4798,2.2758,-0.0161,0.0798,0.05910,0.40256,-0.06366,0.00,3.00,0.00,46.0,126.24,635.03,256.42,SEARCH_Y
9.4899,2.4358,0.0038,0.1298,0.05310,0.39456,-0.06466,0.00,3.00,0.00,46.0,126.27,635.03,256.42,SEARCH_Y
9.5000,2.5058,-0.2561,0.2598,0.06610,0.39756,-0.06566,0.00,3.00,0.00,46.0,126.30,635.03,256.42,SEARCH_Y
9.5101,2.4558,-0.4561,0.2698,0.06810,0.40456,-0.06666,0.00,3.00,0.00,46.0,126.33,635.03,256.42,SEARCH_Y
9.5202,2.2458,-0.3661,0.3398,0.07010,0.40256,-0.06466,0.00,3.00,0.00,46.0,126.37,635.03,256.42,SEARCH_Y
9.5304,2.2658,-0.1261,-0.2101,0.05110,0.37856,-0.06466,0.00,3.00,0.00,46.0,126.39,635.03,256.42,SEARCH_Y
9.5405,2.2458,-0.2361,0.0198,0.04210,0.38756,-0.06266,0.00,3.00,0.00,46.0,126.43,635.03,256.42,SEARCH_Y
9.5506,2.4858,-0.2261,0.0798,0.06710,0.40556,-0.06566,0.00,3.00,0.00,46.0,126.45,635.03,256.42,SEARCH_Y
9.5607,2.1558,-0.1161,-0.1401,0.05310,0.38656,-0.05966,0.00,3.00,0.00,46.0,126.49,635.03,256.42,SEARCH_Y
9.5708,2.2258,-0.1861,0.1098,0.06510,0.40356,-0.06066,0.00,3.00,0.00,46.0,126.51,635.03,256.42,SEARCH_Y
9.5809,2.4058,-0.0761,-0.0101,0.07910,0.39256,-0.06266,0.00,3.00,0.00,46.0,126.55,635.04,256.42,SEARCH_Y
9.5911,2.5658,0.2438,-0.1901,0.08110,0.39056,-0.06166,0.00,3.00,0.00,46.0,126.57,635.04,256.42,SEARCH_Y
9.6055,2.2758,0.2138,0.1798,0.06010,0.39056,-0.05766,0.00,3.00,0.00,46.0,126.62,635.04,256.42,SEARCH_Y
9.6156,2.0358,-0.0261,0.0698,0.04410,0.38456,-0.05966,0.00,3.00,0.00,46.0,126.64,635.04,256.42,SEARCH_Y
9.6257,1.9558,0.1638,0.2298,0.04110,0.38856,-0.05866,0.00,3.00,0.00,46.0,126.68,635.04,256.42,SEARCH_Y
9.6359,2.1958,0.0338,-0.0901,0.03810,0.37256,-0.05566,0.00,3.00,0.00,46.0,126.70,635.04,256.42,SEARCH_Y
9.6460,2.0258,-0.2161,0.3598,0.04310,0.39356,-0.06266,0.00,3.00,0.00,46.0,126.74,635.04,256.42,SEARCH_Y
9.6561,2.0158,-0.3161,0.1998,0.03210,0.37456,-0.06066,0.00,3.00,0.00,46.0,126.78,635.04,256.42,SEARCH_Y
9.6663,2.2858,0.1238,-0.0601,0.04210,0.37056,-0.06066,0.00,3.00,0.00,46.0,126.80,635.04,256.42,SEARCH_Y
9.6764,2.1358,-0.2861,0.1798,0.03910,0.37356,-0.05966,0.00,3.00,0.00,46.0,126.84,635.04,256.42,SEARCH_Y
9.6865,1.9958,0.2938,0.0298,0.03410,0.38056,-0.05666,0.00,3.00,0.00,46.0,126.86,635.04,256.42,SEARCH_Y
9.6966,2.0558,-0.0961,0.1298,0.03210,0.37256,-0.05866,0.00,3.00,0.00,46.0,126.90,635.05,256.42,SEARCH_Y
9.7067,2.1358,-0.0061,0.0998,0.04710,0.37956,-0.05866,0.00,3.00,0.00,46.0,126.92,635.05,256.42,SEARCH_Y
9.7168,2.3358,-0.0761,-0.1201,0.06410,0.36756,-0.05866,0.00,3.00,0.00,46.0,126.96,635.05,256.42,SEARCH_Y
9.7269,2.2958,-0.0761,0.1798,0.06310,0.37456,-0.06266,0.00,3.00,0.00,46.0,126.98,635.05,256.42,SEARCH_Y
9.7370,2.2058,0.0038,0.2898,0.06010,0.38556,-0.06066,0.00,3.00,0.00,46.1,127.02,635.05,256.42,SEARCH_Y
9.7471,2.1258,-0.2561,0.0798,0.06310,0.38256,-0.05966,0.00,3.00,0.00,46.1,127.04,635.05,256.42,SEARCH_Y
9.7572,2.3458,0.1238,0.0898,0.05410,0.36256,-0.05866,0.00,3.00,0.00,46.1,127.08,635.05,256.42,SEARCH_Y
9.7673,2.2758,-0.1461,-0.0701,0.06110,0.36656,-0.05866,0.00,3.00,0.00,46.1,127.10,635.05,256.42,SEARCH_Y
9.7774,2.1858,0.0638,0.1698,0.04810,0.36556,-0.05966,0.00,3.00,0.00,46.1,127.14,635.05,256.42,SEARCH_Y
9.7875,2.0958,-0.0961,-0.1401,0.04610,0.36656,-0.06066,0.00,3.00,0.00,46.1,127.16,635.05,256.42,SEARCH_Y
9.7976,2.2358,-0.2761,0.2298,0.05610,0.36456,-0.06066,0.00,3.00,0.00,46.1,127.20,635.05,256.42,SEARCH_Y
9.8077,2.1258,-0.2861,0.4698,0.04910,0.37756,-0.06166,0.00,3.00,0.00,46.1,127.22,635.06,256.42,SEARCH_Y
9.8179,2.0158,0.1638,-0.2001,0.03810,0.36956,-0.05566,0.00,3.00,0.00,46.1,127.26,635.06,256.42,SEARCH_Y
9.8280,2.2858,-0.3061,0.3698,0.05810,0.37256,-0.05666,0.00,3.00,0.00,46.1,127.28,635.06,256.42,SEARCH_Y
9.8381,2.1258,0.2438,-0.1201,0.05410,0.36256,-0.05066,0.00,3.00,0.00,46.1,127.32,635.06,256.42,SEARCH_Y
9.8482,2.1258,-0.0561,-0.1901,0.04910,0.37056,-0.06066,0.00,3.00,0.00,46.1,127.36,635.06,256.42,SEARCH_Y
9.8584,2.1858,-0.0561,-0.3101,0.05010,0.36256,-0.05466,0.00,3.00,0.00,46.1,127.38,635.06,256.42,SEARCH_Y
9.8687,1.9958,0.1138,-0.0501,0.04110,0.36956,-0.05666,0.00,3.00,0.00,46.1,127.42,635.06,256.42,SEARCH_Y
9.8789,1.9258,-0.2261,0.4898,0.04710,0.38156,-0.05966,0.00,3.00,0.00,46.1,127.44,635.06,256.42,SEARCH_Y
9.8890,2.1658,-0.2661,-0.0601,0.04510,0.36456,-0.05866,0.00,3.00,0.00,46.1,127.48,635.06,256.42,SEARCH_Y
9.8991,2.2458,0.1738,0.0598,0.05610,0.36256,-0.05266,0.00,3.00,0.00,46.1,127.50,635.06,256.42,SEARCH_Y
9.9092,2.1158,0.0138,-0.1301,0.03210,0.35256,-0.06066,0.00,3.00,0.00,46.1,127.54,635.06,256.43,SEARCH_Y
9.9193,2.1758,0.0338,-0.0501,0.04010,0.36356,-0.05766,0.00,3.00,0.00,46.1,127.56,635.06,256.43,SEARCH_Y
9.9294,1.9958,0.1138,0.0998,0.05010,0.37656,-0.05766,0.00,3.00,0.00,46.1,127.60,635.07,256.43,SEARCH_Y
9.9395,2.2558,0.4838,-0.3201,0.04310,0.37156,-0.06166,0.00,3.00,0.00,46.1,127.62,635.07,256.43,SEARCH_Y
9.9496,2.1358,0.0538,-0.0401,0.04710,0.36456,-0.05766,0.00,3.00,0.00,46.1,127.66,635.07,256.43,SEARCH_Y
9.9597,2.2158,-0.0261,0.4098,0.03310,0.37056,-0.06066,0.00,3.00,0.00,46.1,127.68,635.07,256.43,SEARCH_Y
9.9698,2.0258,0.1938,-0.1501,0.04110,0.36756,-0.05466,0.00,3.00,0.00,46.1,127.72,635.07,256.43,SEARCH_Y
9.9800,2.3958,0.1638,0.0398,0.06010,0.36756,-0.06066,0.00,3.00,0.00,46.1,127.75,635.07,256.43,SEARCH_Y
9.9901,1.7958,0.0538,0.0798,0.01910,0.36056,-0.05466,0.00,3.00,0.00,46.1,127.78,635.07,256.43,SEARCH_Y
10.0002,2.1258,0.0338,0.2098,0.06010,0.37656,-0.05666,0.00,3.00,0.00,46.1,127.81,635.07,256.43,SEARCH_Y
10.0103,1.9658,-0.0961,0.1398,0.06410,0.39156,-0.05666,0.00,3.00,0.00,46.1,127.84,635.07,256.43,SEARCH_Y
10.0204,1.9458,-0.1761,0.1798,0.04610,0.37756,-0.05866,0.00,3.00,0.00,46.1,127.87,635.07,256.43,SEARCH_Y
10.0305,2.0258,0.0138,-0.2201,0.03510,0.36556,-0.05666,0.00,3.00,0.00,46.1,127.90,635.07,256.43,SEARCH_Y
10.0406,2.2758,0.0038,-0.1301,0.05710,0.36556,-0.05966,0.00,3.00,0.00,46.1,127.93,635.08,256.43,SEARCH_Y
10.0507,2.3858,-0.1261,0.0398,0.06110,0.37256,-0.05866,0.00,3.00,0.00,46.1,127.96,635.08,256.43,SEARCH_Y
10.0608,2.1658,-0.0261,-0.0101,0.03610,0.36256,-0.05566,0.00,3.00,0.00,46.1,127.99,635.08,256.43,SEARCH_Y
10.0709,2.2658,-0.1261,0.4198,0.05610,0.37156,-0.05666,0.00,3.00,0.00,46.1,128.02,635.08,256.43,SEARCH_Y
10.0811,2.1058,-0.0761,-0.0201,0.04010,0.36656,-0.05666,0.00,3.00,0.00,46.1,128.05,635.08,256.43,SEARCH_Y
10.0912,2.1158,-0.1761,0.0198,0.05810,0.37256,-0.05766,0.00,3.00,0.00,46.1,128.08,635.08,256.43,SEARCH_Y
10.1013,2.1058,0.3238,-0.0601,0.04910,0.36556,-0.05566,0.00,3.00,0.00,46.1,128.11,635.08,256.43,SEARCH_Y
10.1114,1.8458,-0.2861,0.2398,0.03510,0.38256,-0.05566,0.00,3.00,0.00,46.1,128.14,635.08,256.43,SEARCH_Y
10.1215,2.1058,0.0838,-0.0801,0.07110,0.37956,-0.05866,0.00,3.00,0.00,46.1,128.17,635.08,256.43,SEARCH_Y
10.1316,2.0058,0.0338,-0.0501,0.04110,0.36756,-0.05766,0.00,3.00,0.00,46.1,128.20,635.08,256.43,SEARCH_Y
10.1417,2.2258,-0.2261,0.0698,0.05910,0.37556,-0.06166,0.00,3.00,0.00,46.1,128.23,635.08,256.43,SEARCH_Y
10.1518,2.0058,0.0038,-0.0201,0.04010,0.36756,-0.05466,0.00,3.00,0.00,46.1,128.26,635.08,256.43,SEARCH_Y
10.1619,2.0158,-0.0761,0.2198,0.05910,0.38056,-0.05766,0.00,3.00,0.00,46.1,128.29,635.09,256.43,SEARCH_Y
10.1721,2.0558,-0.1261,0.0498,0.05510,0.36856,-0.05366,0.00,3.00,0.00,46.1,128.32,635.09,256.43,SEARCH_Y
10.1822,1.9958,0.5338,-0.4801,0.05110,0.36556,-0.05366,0.00,3.00,0.00,46.1,128.35,635.09,256.43,SEARCH_Y
10.1923,2.0058,0.0138,-0.1201,0.04510,0.36156,-0.05466,0.00,3.00,0.00,46.1,128.39,635.09,256.43,SEARCH_Y
10.2024,2.1158,-0.1461,0.2198,0.05510,0.37656,-0.05966,0.00,3.00,0.00,46.1,128.41,635.09,256.43,SEARCH_Y
10.2125,2.2058,-0.0561,-0.0701,0.05010,0.36456,-0.05566,0.00,3.00,0.00,46.1,128.45,635.09,256.43,SEARCH_Y
10.2226,2.1458,0.0238,0.1298,0.04810,0.36756,-0.05666,0.00,3.00,0.00,46.1,128.48,635.09,256.43,SEARCH_Y
10.2327,2.1858,-0.0061,0.0198,0.05810,0.37056,-0.05466,0.00,3.00,0.00,46.1,128.51,635.09,256.43,SEARCH_Y
10.2428,1.9958,-0.2361,0.4598,0.04210,0.36956,-0.05866,0.00,3.00,0.00,46.1,128.54,635.09,256.43,SEARCH_Y
10.2529,2.2458,-0.2161,0.2998,0.06010,0.37556,-0.05666,0.00,3.00,0.00,46.1,128.57,635.09,256.43,SEARCH_Y
10.2630,1.9458,-0.2461,-0.0501,0.03810,0.35756,-0.05466,0.00,3.00,0.00,46.1,128.60,635.09,256.43,SEARCH_Y
10.2731,2.1358,-0.3561,0.3298,0.05510,0.37156,-0.05866,0.00,3.00,0.00,46.1,128.63,635.10,256.43,SEARCH_Y
10.2832,2.0958,0.3038,-0.0601,0.04310,0.35956,-0.05666,0.00,3.00,0.00,46.1,128.66,635.10,256.43,SEARCH_Y
10.2933,2.0658,0.0238,0.2298,0.05210,0.37256,-0.05466,0.00,3.00,0.00,46.1,128.69,635.10,256.43,SEARCH_Y
10.3035,1.9958,0.1238,-0.0001,0.04010,0.36456,-0.05666,0.00,3.00,0.00,46.1,128.72,635.10,256.43,SEARCH_Y
10.3136,2.3358,-0.4661,0.3398,0.05710,0.36856,-0.06166,0.00,3.00,0.00,46.1,128.75,635.10,256.43,SEARCH_Y
10.3237,2.1158,0.1438,-0.1901,0.06610,0.37856,-0.05566,0.00,3.00,0.00,46.1,128.78,635.10,256.43,SEARCH_Y
10.3338,2.0658,-0.1261,0.2998,0.06610,0.38256,-0.05666,0.00,3.00,0.00,46.1,128.81,635.10,256.43,SEARCH_Y
10.3439,2.1758,-0.2361,0.5998,0.04210,0.36256,-0.05466,0.00,3.00,0.00,46.1,128.84,635.10,256.43,SEARCH_Y
10.3540,1.9158,0.2738,0.1998,0.02810,0.36756,-0.05366,0.00,3.00,0.00,46.1,128.87,635.10,256.43,SEARCH_Y
10.3642,2.1558,-0.1961,-0.1001,0.05710,0.36356,-0.05866,0.00,3.00,0.00,46.1,128.91,635.10,256.43,SEARCH_Y
10.3743,2.2158,-0.2061,0.1898,0.06310,0.36956,-0.05766,0.00,3.00,0.00,46.1,128.93,635.10,256.43,SEARCH_Y
10.3843,2.0558,0.0638,0.0998,0.04110,0.36556,-0.05666,0.00,3.00,0.00,46.1,128.97,635.10,256.43,SEARCH_Y
10.3944,2.2758,-0.0561,0.0698,0.06510,0.36856,-0.05666,0.00,3.00,0.00,46.2,128.99,635.11,256.43,SEARCH_Y
10.4046,2.1458,-0.2861,0.3298,0.05410,0.37556,-0.05866,0.00,3.00,0.00,46.2,129.03,635.11,256.43,SEARCH_Y
10.4147,2.1058,-0.1561,0.1098,0.04010,0.35956,-0.05566,0.00,3.00,0.00,46.2,129.05,635.11,256.43,SEARCH_Y
10.4248,2.1058,-0.4761,0.0598,0.06010,0.37756,-0.05566,0.00,3.00,0.00,46.2,129.09,635.11,256.43,SEARCH_Y
10.4349,2.1258,-0.1061,0.2798,0.07410,0.37456,-0.05366,0.00,3.00,0.00,46.2,129.11,635.11,256.43,SEARCH_Y
10.4450,2.1958,-0.0761,0.1198,0.05210,0.36756,-0.05566,0.00,3.00,0.00,46.2,129.15,635.11,256.43,SEARCH_Y
10.4551,2.0758,-0.2461,0.1498,0.04010,0.35956,-0.06066,0.00,3.00,0.00,46.2,129.17,635.11,256.43,SEARCH_Y
10.4652,2.2258,0.2138,-0.1001,0.04710,0.35556,-0.05366,0.00,3.00,0.00,46.2,129.21,635.11,256.43,SEARCH_Y
10.4753,2.2558,0.1538,0.0998,0.04810,0.37056,-0.04966,0.00,3.00,0.00,46.2,129.23,635.11,256.43,SEARCH_Y
10.4855,2.1158,-0.2161,0.1398,0.05410,0.36656,-0.05766,0.00,3.00,0.00,46.2,129.27,635.11,256.43,SEARCH_Y
10.4956,1.9558,0.1538,-0.1701,0.02710,0.35456,-0.05166,0.00,3.00,0.00,46.2,129.29,635.11,256.43,SEARCH_Y
10.5057,2.2758,0.1138,0.1298,0.05510,0.36356,-0.05666,0.00,3.00,0.00,46.2,129.33,635.12,256.43,SEARCH_Y
10.5158,2.1158,-0.1761,-0.0301,0.05010,0.36156,-0.05466,0.00,3.00,0.00,46.2,129.35,635.12,256.43,SEARCH_Y
10.5259,2.0658,-0.3961,0.4298,0.05010,0.37956,-0.05766,0.00,3.00,0.00,46.2,129.39,635.12,256.43,SEARCH_Y
10.5361,1.9958,0.1338,-0.0001,0.03810,0.35956,-0.05166,0.00,3.00,0.00,46.2,129.41,635.12,256.43,SEARCH_Y
10.5462,2.0558,-0.2961,0.2998,0.07710,0.38656,-0.05666,0.00,3.00,0.00,46.2,129.45,635.12,256.43,SEARCH_Y
10.5563,1.9758,-0.1661,0.1098,0.03610,0.37156,-0.05866,0.00,3.00,0.00,46.2,129.49,635.12,256.43,SEARCH_Y
10.5663,1.9958,0.2438,0.2098,0.02510,0.35956,-0.05066,0.00,3.00,0.00,46.2,129.51,635.12,256.43,SEARCH_Y
10.5764,2.0458,0.3038,-0.1501,0.02910,0.35856,-0.05266,0.00,3.00,0.00,46.2,129.55,635.12,256.43,SEARCH_Y
10.5866,1.9158,0.2738,-0.2201,0.04710,0.37156,-0.05266,0.00,3.00,0.00,46.2,129.57,635.12,256.43,SEARCH_Y
10.5967,2.0358,0.1638,-0.4001,0.04510,0.35856,-0.05666,0.00,3.00,0.00,46.2,129.61,635.12,256.43,SEARCH_Y
10.6068,2.0358,-0.0261,0.1998,0.04810,0.36656,-0.05666,0.00,3.00,0.00,46.2,129.63,635.12,256.44,SEARCH_Y
10.6169,2.0358,0.0938,-0.0501,0.05110,0.36256,-0.05366,0.00,3.00,0.00,46.2,129.67,635.12,256.44,SEARCH_Y
10.6270,1.9858,-0.1361,0.2898,0.06610,0.37356,-0.05766,0.00,3.00,0.00,46.2,129.69,635.13,256.44,SEARCH_Y
10.6371,2.1258,0.0338,0.1898,0.03710,0.36756,-0.05466,0.00,3.00,0.00,46.2,129.73,635.13,256.44,SEARCH_Y
10.6473,2.1758,-0.1661,0.0798,0.02910,0.35456,-0.05366,0.00,3.00,0.00,46.2,129.75,635.13,256.44,SEARCH_Y
10.6574,2.3858,-0.0461,-0.0501,0.06510,0.36356,-0.05166,0.00,3.00,0.00,46.2,129.79,635.13,256.44,SEARCH_Y
10.6675,2.1258,-0.0161,-0.0101,0.04810,0.36256,-0.05266,0.00,3.00,0.00,46.2,129.81,635.13,256.44,SEARCH_Y
10.6776,2.1758,-0.1861,0.1598,0.05410,0.37456,-0.05666,0.00,3.00,0.00,46.2,129.85,635.13,256.44,SEARCH_Y
10.6877,1.9758,-0.1461,0.3998,0.03910,0.37256,-0.05466,0.00,3.00,0.00,46.2,129.87,635.13,256.44,SEARCH_Y
10.6978,1.8658,-0.1061,0.0498,0.05210,0.37556,-0.05366,0.00,3.00,0.00,46.2,129.91,635.13,256.44,SEARCH_Y
10.7079,2.0358,0.1738,-0.2301,0.05310,0.36156,-0.05366,0.00,3.00,0.00,46.2,129.93,635.13,256.44,SEARCH_Y
10.7181,2.1358,-0.3061,0.6098,0.06310,0.38056,-0.05566,0.00,3.00,0.00,46.2,129.97,635.13,256.44,SEARCH_Y
10.7282,2.2258,0.2438,-0.1901,0.05510,0.36056,-0.04866,0.00,3.00,0.00,46.2,130.00,635.13,256.44,SEARCH_Y
10.7383,2.0058,0.2438,-0.0601,0.05310,0.36756,-0.05466,0.00,3.00,0.00,46.2,130.03,635.14,256.44,SEARCH_Y
10.7484,2.2058,0.1638,-0.1801,0.05510,0.37156,-0.05466,0.00,3.00,0.00,46.2,130.06,635.14,256.44,SEARCH_Y
10.7585,2.1258,-0.0261,0.4098,0.03710,0.36956,-0.05766,0.00,3.00,0.00,46.2,130.09,635.14,256.44,SEARCH_Y
10.7686,2.0858,0.0338,-0.0601,0.05510,0.37056,-0.05466,0.00,3.00,0.00,46.2,130.13,635.14,256.44,SEARCH_Y
10.7787,2.2258,-0.0061,-0.0801,0.06110,0.36856,-0.05666,0.00,3.00,0.00,46.2,130.15,635.14,256.44,SEARCH_Y
10.7888,2.1858,-0.0461,-0.0901,0.04310,0.34856,-0.05266,0.00,3.00,0.00,46.3,130.19,635.14,256.44,SEARCH_Y
10.7989,2.1058,0.1138,-0.0401,0.05010,0.36256,-0.04966,0.00,3.00,0.00,46.3,130.21,635.14,256.44,SEARCH_Y
10.8090,2.1758,0.3838,-0.5401,0.04610,0.35556,-0.05466,0.00,3.00,0.00,46.3,130.25,635.14,256.44,SEARCH_Y
10.8192,2.2058,-0.2761,0.2798,0.06610,0.37356,-0.05866,0.00,3.00,0.00,46.3,130.27,635.14,256.44,SEARCH_Y
10.8292,2.2958,-0.3061,0.2498,0.05810,0.36256,-0.05766,0.00,3.00,0.00,46.3,130.31,635.14,256.44,SEARCH_Y
10.8394,2.4058,-0.2661,0.2898,0.07110,0.37156,-0.05866,0.00,3.00,0.00,46.3,130.33,635.14,256.44,SEARCH_Y
10.8495,2.0258,0.1038,-0.0201,0.05610,0.36856,-0.05466,0.00,3.00,0.00,46.3,130.37,635.14,256.44,SEARCH_Y
10.8596,2.0958,0.1338,-0.0901,0.05110,0.35956,-0.05566,0.00,3.00,0.00,46.3,130.39,635.15,256.44,SEARCH_Y
10.8697,2.1658,-0.1361,-0.2501,0.04010,0.35556,-0.05566,0.00,3.00,0.00,46.3,130.43,635.15,256.44,SEARCH_Y
10.8798,2.1758,-0.2061,0.1898,0.05910,0.36856,-0.05766,0.00,3.00,0.00,46.3,130.45,635.15,256.44,SEARCH_Y
10.8899,2.1458,0.0038,0.1998,0.04610,0.35856,-0.05266,0.00,3.00,0.00,46.3,130.49,635.15,256.44,SEARCH_Y
10.9000,1.9458,-0.2061,0.4998,0.05110,0.38256,-0.05666,0.00,3.00,0.00,46.3,130.51,635.15,256.44,SEARCH_Y
10.9101,1.9258,-0.0461,-0.0601,0.03910,0.35856,-0.05366,0.00,3.00,0.00,46.3,130.55,635.15,256.44,SEARCH_Y
10.9202,2.2058,-0.3461,0.0098,0.07110,0.37256,-0.05666,0.00,3.00,0.00,46.3,130.58,635.15,256.44,SEARCH_Y
10.9304,2.1758,-0.0361,-0.1301,0.05910,0.36356,-0.05066,0.00,3.00,0.00,46.3,130.61,635.15,256.44,SEARCH_Y
10.9405,1.9358,0.0838,-0.3801,0.05910,0.35956,-0.05266,0.00,3.00,0.00,46.3,130.64,635.15,256.44,SEARCH_Y
10.9506,1.9158,-0.1061,-0.0301,0.04410,0.36056,-0.05266,0.00,3.00,0.00,46.3,130.67,635.15,256.44,SEARCH_Y
10.9607,2.0858,-0.1961,0.2298,0.06110,0.37756,-0.05666,0.00,3.00,0.00,46.3,130.70,635.15,256.44,SEARCH_Y
10.9708,2.1458,-0.1061,-0.2101,0.05610,0.35856,-0.04966,0.00,3.00,0.00,46.3,130.73,635.16,256.44,SEARCH_Y
10.9809,2.0658,-0.1761,0.1398,0.04610,0.36456,-0.05866,0.00,3.00,0.00,46.3,130.76,635.16,256.44,SEARCH_Y
10.9910,2.1058,0.1138,-0.0001,0.04910,0.36356,-0.05266,0.00,3.00,0.00,46.3,130.79,635.16,256.44,SEARCH_Y
11.0012,2.0258,0.1138,0.2698,0.04510,0.37156,-0.05266,0.00,3.00,0.00,46.3,130.82,635.16,256.44,SEARCH_Y
11.0113,2.2458,0.0738,-0.0801,0.06010,0.35856,-0.05066,0.00,3.00,0.00,46.3,130.85,635.16,256.44,SEARCH_Y
11.0214,2.0558,0.1038,-0.1201,0.04610,0.37056,-0.05266,0.00,3.00,0.00,46.3,130.88,635.16,256.44,SEARCH_Y
11.0315,1.9358,-0.0861,0.2798,0.04910,0.37356,-0.05166,0.00,3.00,0.00,46.3,130.91,635.16,256.44,SEARCH_Y
11.0416,2.0758,-0.1761,0.0198,0.04310,0.36656,-0.05566,0.00,3.00,0.00,46.3,130.94,635.16,256.44,SEARCH_Y
11.0517,2.3258,-0.2361,0.1798,0.05610,0.36156,-0.05566,0.00,3.00,0.00,46.3,130.97,635.16,256.44,SEARCH_Y
11.0618,2.0758,-0.0061,0.1998,0.03910,0.36756,-0.05266,0.00,3.00,0.00,46.3,131.00,635.16,256.44,SEARCH_Y
11.0719,2.1558,0.1938,0.0698,0.04210,0.37056,-0.05766,0.00,3.00,0.00,46.3,131.03,635.16,256.44,SEARCH_Y
11.0820,2.0658,0.1138,0.0598,0.03310,0.35956,-0.05266,0.00,3.00,0.00,46.3,131.06,635.16,256.44,SEARCH_Y
11.0921,2.1158,-0.2061,0.1198,0.05710,0.36756,-0.05366,0.00,3.00,0.00,46.4,131.10,635.17,256.44,SEARCH_Y
11.1022,1.9958,-0.0161,0.1098,0.05610,0.36756,-0.05366,0.00,3.00,0.00,46.4,131.12,635.17,256.44,SEARCH_Y
11.1123,2.0258,-0.2661,0.3298,0.05010,0.37356,-0.05266,0.00,3.00,0.00,46.4,131.16,635.17,256.44,SEARCH_Y
11.1223,1.9858,-0.0861,0.1298,0.03810,0.36256,-0.05166,0.00,3.00,0.00,46.4,131.18,635.17,256.44,SEARCH_Y
11.1325,2.2458,0.0638,0.0298,0.05910,0.36756,-0.05466,0.00,3.00,0.00,46.4,131.22,635.17,256.44,SEARCH_Y
11.1426,1.8358,0.0238,-0.0301,0.02410,0.36756,-0.05066,0.00,3.00,0.00,46.4,131.25,635.17,256.44,SEARCH_Y
11.1527,2.1258,0.2838,-0.0501,0.02710,0.34956,-0.05166,0.00,3.00,0.00,46.4,131.28,635.17,256.44,SEARCH_Y
11.1628,2.1158,-0.0761,0.0198,0.05110,0.36656,-0.05266,0.00,3.00,0.00,46.4,131.31,635.17,256.44,SEARCH_Y
11.1729,1.8758,-0.4261,0.0898,0.04910,0.37056,-0.05366,0.00,3.00,0.00,46.4,131.34,635.17,256.44,SEARCH_Y
11.1830,2.2258,-0.3061,0.0598,0.06410,0.36956,-0.05266,0.00,3.00,0.00,46.4,131.37,635.17,256.44,SEARCH_Y
11.1931,2.1658,-0.1161,-0.0301,0.07710,0.37456,-0.05066,0.00,3.00,0.00,46.4,131.40,635.17,256.44,SEARCH_Y
11.2033,1.9358,-0.2861,0.2398,0.05010,0.36956,-0.05266,0.00,3.00,0.00,46.4,131.43,635.17,256.44,SEARCH_Y
11.2134,2.0658,-0.2061,-0.1301,0.06810,0.36756,-0.05366,0.00,3.00,0.00,46.4,131.46,635.18,256.44,SEARCH_Y
11.2235,2.1558,-0.1461,0.2698,0.05810,0.37556,-0.05266,0.00,3.00,0.00,46.4,131.49,635.18,256.44,SEARCH_Y
11.2336,2.2958,-0.1461,-0.0501,0.07610,0.36956,-0.04966,0.00,3.00,0.00,46.4,131.52,635.18,256.44,SEARCH_Y
11.2437,1.8358,-0.1361,-0.0601,0.04010,0.36656,-0.05366,0.00,3.00,0.00,46.4,131.55,635.18,256.44,SEARCH_Y
11.2538,1.8958,-0.0861,0.2898,0.04210,0.37256,-0.05366,0.00,3.00,0.00,46.4,131.58,635.18,256.44,SEARCH_Y
11.2639,2.2458,0.2138,-0.2101,0.06010,0.36656,-0.05066,0.00,3.00,0.00,46.4,131.61,635.18,256.44,SEARCH_Y
11.2740,2.1558,0.2638,-0.2901,0.05110,0.35256,-0.04866,0.00,3.00,0.00,46.4,131.64,635.18,256.44,SEARCH_Y
11.2841,2.0358,-0.0661,0.1198,0.04810,0.36956,-0.05566,0.00,3.00,0.00,46.4,131.68,635.18,256.44,SEARCH_Y
11.2943,2.1058,0.2138,-0.2201,0.04410,0.35756,-0.04666,0.00,3.00,0.00,46.4,131.70,635.18,256.44,SEARCH_Y
11.3043,2.0858,0.0338,0.0598,0.03410,0.35456,-0.05366,0.00,3.00,0.00,46.4,131.74,635.18,256.45,SEARCH_Y
11.3145,1.9558,0.0038,0.1298,0.04310,0.37356,-0.05366,0.00,3.00,0.00,46.4,131.76,635.18,256.45,SEARCH_Y
11.3245,2.1758,-0.0861,-0.2601,0.05810,0.36656,-0.05266,0.00,3.00,0.00,46.4,131.80,635.19,256.45,SEARCH_Y
11.3346,1.9058,0.1138,-0.0901,0.02810,0.36256,-0.04866,0.00,3.00,0.00,46.4,131.82,635.19,256.45,SEARCH_Y
11.3447,2.0558,-0.1461,0.1898,0.03810,0.36756,-0.05666,0.00,3.00,0.00,46.4,131.86,635.19,256.45,SEARCH_Y
11.3548,1.9758,-0.0261,0.1898,0.04810,0.37356,-0.05266,0.00,3.00,0.00,46.4,131.88,635.19,256.45,SEARCH_Y
11.3649,2.2758,0.1538,-0.2401,0.05510,0.36656,-0.05566,0.00,3.00,0.00,46.5,131.92,635.19,256.45,SEARCH_Y
11.3750,2.2058,-0.1161,-0.0601,0.07710,0.37756,-0.05466,0.00,3.00,0.00,46.5,131.94,635.19,256.45,SEARCH_Y
11.3851,2.0358,0.0338,-0.0501,0.04910,0.37856,-0.05466,0.00,3.00,0.00,46.5,131.98,635.19,256.45,SEARCH_Y
11.3953,2.1658,-0.2861,0.0398,0.05510,0.36656,-0.05766,0.00,3.00,0.00,46.5,132.00,635.19,256.45,SEARCH_Y
11.4054,2.1258,-0.1161,0.0398,0.05610,0.37056,-0.05166,0.00,3.00,0.00,46.5,132.04,635.19,256.45,SEARCH_Y
11.4155,1.8058,0.1738,0.0898,0.03010,0.37056,-0.04766,0.00,3.00,0.00,46.5,132.06,635.19,256.45,SEARCH_Y
11.4256,2.2058,-0.1361,-0.0001,0.04310,0.35256,-0.05066,0.00,3.00,0.00,46.5,132.10,635.19,256.45,SEARCH_Y
11.4357,2.1158,-0.1361,-0.1001,0.05410,0.36956,-0.05066,0.00,3.00,0.00,46.5,132.12,635.19,256.45,SEARCH_Y
11.4458,2.2458,-0.1061,0.1198,0.04810,0.35656,-0.05366,0.00,3.00,0.00,46.5,132.16,635.20,256.45,SEARCH_Y
11.4560,2.0658,-0.3161,0.4798,0.04610,0.37956,-0.05766,0.00,3.00,0.00,46.5,132.18,635.20,256.45,SEARCH_Y
11.4661,1.9958,-0.0161,-0.0201,0.03410,0.36856,-0.05266,0.00,3.00,0.00,46.5,132.22,635.20,256.45,SEARCH_Y
11.4762,2.1858,0.0838,-0.1501,0.04110,0.35956,-0.05566,0.00,3.00,0.00,46.5,132.26,635.20,256.45,SEARCH_Y
11.4863,2.1858,-0.0261,-0.1301,0.05610,0.36456,-0.05066,0.00,3.00,0.00,46.5,132.28,635.20,256.45,SEARCH_Y
11.4964,1.8758,0.0338,-0.0901,0.04010,0.37156,-0.04966,0.00,3.00,0.00,46.5,132.32,635.20,256.45,SEARCH_Y
11.5066,2.1158,-0.2061,-0.0101,0.05710,0.37656,-0.05166,0.00,3.00,0.00,46.5,132.34,635.20,256.45,SEARCH_Y
11.5167,2.1858,-0.0361,0.0098,0.04910,0.36056,-0.05166,0.00,3.00,0.00,46.5,132.38,635.20,256.45,SEARCH_Y
11.5268,2.1758,-0.2561,0.4198,0.04210,0.36656,-0.05566,0.00,3.00,0.00,46.5,132.40,635.20,256.45,SEARCH_Y
11.5369,2.1258,-0.3661,0.4298,0.04910,0.37156,-0.05366,0.00,3.00,0.00,46.5,132.44,635.20,256.45,SEARCH_Y
11.5470,2.1458,-0.0361,-0.1501,0.05510,0.36556,-0.05166,0.00,3.00,0.00,46.5,132.46,635.20,256.45,SEARCH_Y
11.5571,2.0258,-0.2561,0.2398,0.05510,0.37756,-0.05166,0.00,3.00,0.00,46.5,132.50,635.21,256.45,SEARCH_Y
11.5672,2.1258,-0.5161,0.3498,0.04810,0.37256,-0.05766,0.00,3.00,0.00,46.5,132.52,635.21,256.45,SEARCH_Y
11.5773,2.1158,-0.0561,-0.0601,0.05510,0.36856,-0.05266,0.00,3.00,0.00,46.5,132.56,635.21,256.45,SEARCH_Y
11.5874,2.2258,0.2238,-0.2101,0.05910,0.37156,-0.05066,0.00,3.00,0.00,46.5,132.58,635.21,256.45,SEARCH_Y
11.5975,2.1658,-0.7361,0.2198,0.05210,0.36956,-0.05566,0.00,3.00,0.00,46.6,132.62,635.21,256.45,SEARCH_Y
11.6076,1.9658,-0.0461,0.3598,0.02710,0.37356,-0.05566,0.00,3.00,0.00,46.6,132.64,635.21,256.45,SEARCH_Y
11.6178,1.8858,-0.0461,0.2598,0.03410,0.38056,-0.05466,0.00,3.00,0.00,46.6,132.68,635.21,256.45,SEARCH_Y
11.6278,2.1558,0.0338,-0.0001,0.04810,0.36256,-0.05366,0.00,3.00,0.00,46.6,132.70,635.21,256.45,SEARCH_Y
11.6379,2.1758,-0.1761,-0.1801,0.03910,0.36156,-0.05466,0.00,3.00,0.00,46.6,132.74,635.21,256.45,SEARCH_Y
11.6480,2.1558,0.0638,-0.0701,0.05510,0.37056,-0.05166,0.00,3.00,0.00,46.6,132.76,635.21,256.45,SEARCH_Y
11.6581,1.9758,-0.0761,-0.1201,0.06010,0.37656,-0.05166,0.00,3.00,0.00,46.6,132.80,635.21,256.45,SEARCH_Y
11.6683,2.0958,0.1138,-0.1601,0.04210,0.36656,-0.05066,0.00,3.00,0.00,46.6,132.82,635.21,256.45,SEARCH_Y
11.6784,1.8258,0.3038,-0.0401,0.03110,0.37356,-0.05266,0.00,3.00,0.00,46.6,132.86,635.22,256.45,SEARCH_Y
11.6885,2.2658,-0.5861,0.5298,0.05310,0.36856,-0.05566,0.00,3.00,0.00,46.6,132.89,635.22,256.45,SEARCH_Y
11.6986,2.2658,0.1338,-0.2001,0.05010,0.35656,-0.04966,0.00,3.00,0.00,46.6,132.92,635.22,256.45,SEARCH_Y
11.7087,1.9558,-0.3961,0.5098,0.04710,0.38156,-0.05566,0.00,3.00,0.00,46.6,132.96,635.22,256.45,SEARCH_Y
11.7188,2.0658,0.0538,-0.0401,0.04110,0.36856,-0.04866,0.00,3.00,0.00,46.6,132.98,635.22,256.45,SEARCH_Y
11.7289,2.0958,-0.0361,0.3898,0.05510,0.37156,-0.05166,0.00,3.00,0.00,46.6,133.02,635.22,256.45,SEARCH_Y
11.7391,1.8858,0.0238,0.0698,0.03410,0.36756,-0.05066,0.00,3.00,0.00,46.6,133.04,635.22,256.45,SEARCH_Y
11.7492,2.0358,0.1538,-0.0101,0.04310,0.36756,-0.05166,0.00,3.00,0.00,46.6,133.08,635.22,256.45,SEARCH_Y
11.7593,1.9358,0.2238,-0.2701,0.05310,0.37556,-0.04666,0.00,3.00,0.00,46.6,133.10,635.22,256.45,SEARCH_Y
11.7694,2.0958,-0.0761,-0.1401,0.05610,0.36856,-0.05266,0.00,3.00,0.00,46.6,133.14,635.22,256.45,SEARCH_Y
11.7795,2.0558,-0.0561,-0.1201,0.02110,0.35656,-0.04966,0.00,3.00,0.00,46.6,133.16,635.22,256.45,SEARCH_Y
11.7896,2.0858,-0.2261,0.0798,0.04910,0.37756,-0.05466,0.00,3.00,0.00,46.6,133.20,635.23,256.45,SEARCH_Y
11.7997,2.0558,-0.1261,-0.0401,0.05510,0.36356,-0.05266,0.00,3.00,0.00,46.6,133.22,635.23,256.45,SEARCH_Y
11.8098,1.9358,-0.1561,0.2898,0.04310,0.37556,-0.05266,0.00,3.00,0.00,46.7,133.26,635.23,256.45,SEARCH_Y
11.8199,2.1258,-0.0961,-0.0401,0.03410,0.36056,-0.05066,0.00,3.00,0.00,46.7,133.28,635.23,256.45,SEARCH_Y
11.8300,1.9358,-0.2861,0.0098,0.04410,0.37256,-0.05166,0.00,3.00,0.00,46.7,133.32,635.23,256.45,SEARCH_Y
11.8401,2.1158,-0.2461,0.3998,0.05310,0.37656,-0.05466,0.00,3.00,0.00,46.7,133.34,635.23,256.45,SEARCH_Y
11.8503,1.9858,-0.0561,-0.0201,0.05910,0.37956,-0.05066,0.00,3.00,0.00,46.7,133.38,635.23,256.45,SEARCH_Y
11.8604,2.1658,-0.3161,0.0198,0.07110,0.38356,-0.05266,0.00,3.00,0.00,46.7,133.41,635.23,256.45,SEARCH_Y
11.8705,1.8758,-0.0461,0.0198,0.03410,0.37556,-0.05066,0.00,3.00,0.00,46.7,133.44,635.23,256.45,SEARCH_Y
11.8806,2.1158,-0.1961,0.2398,0.06710,0.38456,-0.05466,0.00,3.00,0.00,46.7,133.47,635.23,256.45,SEARCH_Y
11.8907,2.0258,-0.2261,0.4898,0.04310,0.38256,-0.05266,0.00,3.00,0.00,46.7,133.50,635.23,256.45,SEARCH_Y
11.9008,2.0358,-0.1061,0.0798,0.05310,0.37456,-0.05066,0.00,3.00,0.00,46.7,133.53,635.23,256.45,SEARCH_Y
11.9109,1.9058,0.0138,-0.2501,0.05110,0.37556,-0.04766,0.00,3.00,0.00,46.7,133.56,635.24,256.45,SEARCH_Y
11.9210,2.0758,-0.5861,0.4298,0.05710,0.38356,-0.05466,0.00,3.00,0.00,46.7,133.59,635.24,256.45,SEARCH_Y
11.9311,2.1058,-0.2661,-0.1301,0.05510,0.36756,-0.05066,0.00,3.00,0.00,46.7,133.62,635.24,256.45,SEARCH_Y
11.9412,1.9558,0.0838,-0.0001,0.05010,0.37156,-0.04966,0.00,3.00,0.00,46.7,133.65,635.24,256.45,SEARCH_Y
11.9514,1.9958,0.0238,-0.0501,0.05510,0.37356,-0.05266,0.00,3.00,0.00,46.7,133.68,635.24,256.45,SEARCH_Y
11.9615,2.2458,0.1138,-0.1801,0.05710,0.36356,-0.04866,0.00,3.00,0.00,46.7,133.71,635.24,256.45,SEARCH_Y
11.9716,1.9258,0.0638,0.0398,0.04710,0.37756,-0.04866,0.00,3.00,0.00,46.7,133.74,635.24,256.45,SEARCH_Y
11.9817,2.0958,-0.1661,0.0698,0.05110,0.37256,-0.05266,0.00,3.00,0.00,46.7,133.77,635.24,256.45,SEARCH_Y
11.9919,2.0558,-0.0161,0.4498,0.04210,0.38356,-0.05166,0.00,3.00,0.00,46.7,133.80,635.24,256.45,SEARCH_Y
12.0020,2.0458,-0.2661,0.4898,0.03510,0.37156,-0.05366,0.00,3.00,0.00,46.8,133.83,635.24,256.46,SEARCH_Y
12.0121,1.8758,-0.0761,0.0698,0.04310,0.37956,-0.05266,0.00,3.00,0.00,46.8,133.86,635.24,256.46,SEARCH_Y
12.0222,2.1058,-0.0061,0.1898,0.06510,0.37756,-0.05066,0.00,3.00,0.00,46.8,133.89,635.25,256.46,SEARCH_Y
12.0323,2.0658,0.1738,0.0598,0.04210,0.37456,-0.04766,0.00,3.00,0.00,46.8,133.93,635.25,256.46,SEARCH_Y
12.0425,2.2258,-0.0261,-0.1401,0.05910,0.36756,-0.04866,0.00,3.00,0.00,46.8,133.95,635.25,256.46,SEARCH_Y
12.0526,2.1258,0.0838,-0.0201,0.04110,0.37056,-0.05066,0.00,3.00,0.00,46.8,133.99,635.25,256.46,SEARCH_Y
12.0627,2.1458,-0.2261,0.2498,0.04210,0.37456,-0.05166,0.00,3.00,0.00,46.8,134.02,635.25,256.46,SEARCH_Y
12.0728,2.0958,-0.0661,0.1498,0.05810,0.38256,-0.04866,0.00,3.00,0.00,46.8,134.05,635.25,256.46,SEARCH_Y
12.0829,2.1858,-0.4761,0.2798,0.04110,0.37056,-0.05566,0.00,3.00,0.00,46.8,134.08,635.25,256.46,SEARCH_Y
12.0930,2.1158,0.0738,0.0098,0.04610,0.37556,-0.05066,0.00,3.00,0.00,46.8,134.11,635.25,256.46,SEARCH_Y
12.1031,1.9758,0.0838,0.1698,0.04610,0.37856,-0.05466,0.00,3.00,0.00,46.8,134.14,635.25,256.46,SEARCH_Y
12.1132,2.1158,0.4838,-0.3601,0.04910,0.37056,-0.04766,0.00,3.00,0.00,46.8,134.17,635.25,256.46,SEARCH_Y
12.1233,1.9958,-0.0461,-0.1801,0.03510,0.36956,-0.05366,0.00,3.00,0.00,46.8,134.20,635.25,256.46,SEARCH_Y
12.1334,2.1758,0.0738,0.0698,0.05110,0.36856,-0.04866,0.00,3.00,0.00,46.8,134.23,635.25,256.46,SEARCH_Y
12.1435,1.9758,-0.2261,0.0498,0.03910,0.37156,-0.05266,0.00,3.00,0.00,46.8,134.26,635.26,256.46,SEARCH_Y
12.1536,2.0758,-0.2961,0.2298,0.05710,0.38856,-0.05366,0.00,3.00,0.00,46.8,134.29,635.26,256.46,SEARCH_Y
12.1637,2.1758,-0.0961,-0.0401,0.06210,0.37456,-0.05266,0.00,3.00,0.00,46.8,134.32,635.26,256.46,SEARCH_Y
12.1739,2.1458,-0.0061,-0.0801,0.05110,0.37556,-0.05266,0.00,3.00,0.00,46.8,134.35,635.26,256.46,SEARCH_Y
12.1840,2.2258,0.0138,0.0298,0.06010,0.38756,-0.05266,0.00,3.00,0.00,46.8,134.38,635.26,256.46,SEARCH_Y
12.1941,2.1658,-0.3861,0.4598,0.05810,0.38856,-0.05166,0.00,3.00,0.00,46.9,134.41,635.26,256.46,SEARCH_Y
12.2042,2.0058,-0.1761,-0.1001,0.04010,0.37556,-0.05166,0.00,3.00,0.00,46.9,134.45,635.26,256.46,SEARCH_Y
12.2144,2.2058,-0.2161,0.1298,0.04710,0.37256,-0.05066,0.00,3.00,0.00,46.9,134.47,635.26,256.46,SEARCH_Y
12.2245,2.0858,-0.1961,0.1398,0.04910,0.38756,-0.05266,0.00,3.00,0.00,46.9,134.51,635.26,256.46,SEARCH_Y
12.2346,2.1858,-0.1161,0.1498,0.05110,0.37556,-0.05066,0.00,3.00,0.00,46.9,134.53,635.26,256.46,SEARCH_Y
12.2447,2.0858,-0.1061,-0.0901,0.04510,0.38456,-0.04866,0.00,3.00,0.00,46.9,134.57,635.26,256.46,SEARCH_Y
12.2548,2.2058,0.0438,0.0398,0.05510,0.38356,-0.05366,0.00,3.00,0.00,46.9,134.59,635.26,256.46,SEARCH_Y
12.2649,2.2158,-0.3561,0.0198,0.05810,0.38756,-0.05666,0.00,3.00,0.00,46.9,134.63,635.27,256.46,SEARCH_Y
12.2750,1.9458,-0.0061,0.0798,0.05410,0.38456,-0.05066,0.00,3.00,0.00,46.9,134.65,635.27,256.46,SEARCH_Y
12.2851,2.1458,-0.1361,-0.0701,0.05310,0.37756,-0.05266,0.00,3.00,0.00,46.9,134.69,635.27,256.46,SEARCH_Y
12.2952,2.1858,-0.0161,-0.0301,0.04410,0.36756,-0.04766,0.00,3.00,0.00,46.9,134.71,635.27,256.46,SEARCH_Y
12.3053,1.9658,-0.2061,0.3698,0.04410,0.38756,-0.04966,0.00,3.00,0.00,46.9,134.75,635.27,256.46,SEARCH_Y
12.3155,2.1658,-0.2161,0.0898,0.07110,0.38756,-0.05366,0.00,3.00,0.00,46.9,134.77,635.27,256.46,SEARCH_Y
12.3256,2.2058,-0.2561,0.0198,0.04810,0.37756,-0.05366,0.00,3.00,0.00,46.9,134.81,635.27,256.46,SEARCH_Y
12.3357,2.1358,-0.0161,0.2298,0.04110,0.37556,-0.04566,0.00,3.00,0.00,46.9,134.83,635.27,256.46,SEARCH_Y
12.3458,1.9958,-0.0261,-0.1101,0.04010,0.37056,-0.04866,0.00,3.00,0.00,46.9,134.87,635.27,256.46,SEARCH_Y
12.3559,2.0758,-0.2361,0.4198,0.06710,0.39356,-0.05566,0.00,3.00,0.00,46.9,134.89,635.27,256.46,SEARCH_Y
12.3661,2.4058,-0.3261,0.0998,0.06910,0.37456,-0.05066,0.00,3.00,0.00,47.0,134.93,635.27,256.46,SEARCH_Y
12.3762,2.0958,-0.0361,-0.1101,0.06410,0.37956,-0.05066,0.00,3.00,0.00,47.0,134.97,635.28,256.46,SEARCH_Y
12.3863,1.9858,-0.2161,0.1898,0.04510,0.38256,-0.04766,0.00,3.00,0.00,47.0,134.99,635.28,256.46,SEARCH_Y
12.3964,2.0758,0.2138,-0.2101,0.05110,0.36656,-0.04866,0.00,3.00,0.00,47.0,135.03,635.28,256.46,SEARCH_Y
12.4065,2.1158,-0.0961,-0.2101,0.05110,0.37956,-0.05366,0.00,3.00,0.00,47.0,135.05,635.28,256.46,SEARCH_Y
12.4166,2.1658,-0.1161,0.0398,0.05210,0.37656,-0.05066,0.00,3.00,0.00,47.0,135.09,635.28,256.46,SEARCH_Y
12.4267,2.0758,-0.1761,0.0698,0.03810,0.36456,-0.04866,0.00,3.00,0.00,47.0,135.11,635.28,256.46,SEARCH_Y
12.4369,2.1258,-0.2361,0.3398,0.04810,0.37256,-0.05466,0.00,3.00,0.00,47.0,135.15,635.28,256.46,SEARCH_Y
12.4470,2.1158,-0.3961,0.3898,0.04710,0.37056,-0.04866,0.00,3.00,0.00,47.0,135.17,635.28,256.46,SEARCH_Y
12.4571,1.9658,-0.0861,-0.0301,0.03810,0.36956,-0.04666,0.00,3.00,0.00,47.0,135.21,635.28,256.46,SEARCH_Y
12.4672,1.9658,-0.1161,-0.0701,0.05010,0.36656,-0.04866,0.00,3.00,0.00,47.0,135.23,635.28,256.46,SEARCH_Y
12.4773,1.9458,-0.1761,0.3498,0.03110,0.36856,-0.04766,0.00,3.00,0.00,47.0,135.27,635.28,256.46,SEARCH_Y
12.4875,2.0458,-0.1861,-0.0101,0.04310,0.36456,-0.05266,0.00,3.00,0.00,47.0,135.29,635.28,256.46,SEARCH_Y
12.4976,2.0558,-0.3161,0.4098,0.04610,0.37656,-0.04966,0.00,3.00,0.00,47.0,135.33,635.29,256.46,SEARCH_Y
12.5077,2.2158,-0.3161,-0.2401,0.06510,0.36856,-0.05166,0.00,3.00,0.00,47.0,135.35,635.29,256.46,SEARCH_Y
12.5178,2.1058,-0.0661,0.1798,0.04210,0.37456,-0.05266,0.00,3.00,0.00,47.0,135.39,635.29,256.46,SEARCH_Y
12.5279,2.0858,-0.2161,0.1298,0.05410,0.37856,-0.04966,0.00,3.00,0.00,47.1,135.41,635.29,256.46,SEARCH_Y
12.5380,2.3058,-0.4161,0.3998,0.07110,0.37856,-0.05366,0.00,3.00,0.00,47.1,135.45,635.29,256.46,SEARCH_Y
12.5482,1.9758,-0.0861,0.1898,0.04610,0.37556,-0.05066,0.00,3.00,0.00,47.1,135.48,635.29,256.46,SEARCH_Y
12.5583,2.2158,-0.2261,0.2398,0.06010,0.36856,-0.05266,0.00,3.00,0.00,47.1,135.51,635.29,256.46,SEARCH_Y
12.5685,2.0858,-0.0061,-0.1001,0.06710,0.37056,-0.04566,0.00,3.00,0.00,47.1,135.54,635.29,256.46,SEARCH_Y
12.5785,1.8658,-0.1661,0.2798,0.05210,0.36956,-0.04466,0.00,3.00,0.00,47.1,135.57,635.29,256.46,SEARCH_Y
12.5887,2.2858,-0.1761,0.0898,0.06210,0.36656,-0.05166,0.00,3.00,0.00,47.1,135.60,635.29,256.46,SEARCH_Y
12.5988,2.1658,-0.4961,0.3698,0.06710,0.37656,-0.05166,0.00,3.00,0.00,47.1,135.63,635.29,256.46,SEARCH_Y
12.6088,2.0358,0.2138,-0.0601,0.04810,0.36656,-0.04766,0.00,3.00,0.00,47.1,135.67,635.30,256.46,SEARCH_Y
12.6190,1.8958,0.0738,-0.1201,0.04910,0.37056,-0.04766,0.00,3.00,0.00,47.1,135.69,635.30,256.46,SEARCH_Y
12.6291,2.1458,-0.0761,0.1398,0.05410,0.36856,-0.04966,0.00,3.00,0.00,47.1,135.73,635.30,256.46,SEARCH_Y
12.6392,2.0858,-0.1861,0.0198,0.05410,0.37256,-0.05366,0.00,3.00,0.00,47.1,135.75,635.30,256.46,SEARCH_Y
12.6493,2.0058,0.0538,-0.3001,0.04910,0.36556,-0.04766,0.00,3.00,0.00,47.1,135.79,635.30,256.46,SEARCH_Y
12.6594,2.0058,-0.0661,0.0198,0.05710,0.37756,-0.04866,0.00,3.00,0.00,47.1,135.81,635.30,256.46,SEARCH_Y
12.6696,2.1358,0.3238,-0.2001,0.06110,0.37056,-0.04766,0.00,3.00,0.00,47.1,135.85,635.30,256.46,SEARCH_Y
12.6797,2.1558,0.0838,-0.2601,0.06310,0.36456,-0.04966,0.00,3.00,0.00,47.1,135.87,635.30,256.46,SEARCH_Y
12.6898,1.9958,0.0438,-0.0701,0.02610,0.35656,-0.04666,0.00,3.00,0.00,47.2,135.91,635.30,256.47,SEARCH_Y
12.6999,2.0358,-0.1061,0.0098,0.04410,0.36556,-0.04866,0.00,3.00,0.00,47.2,135.93,635.30,256.47,SEARCH_Y
12.7100,2.1958,0.0038,0.1298,0.05210,0.36956,-0.04866,0.00,3.00,0.00,47.2,135.97,635.30,256.47,SEARCH_Y
12.7201,1.9758,-0.0461,0.1298,0.04710,0.38056,-0.04966,0.00,3.00,0.00,47.2,135.99,635.30,256.47,SEARCH_Y
12.7303,2.2058,-0.0161,-0.0701,0.04310,0.35956,-0.04566,0.00,3.00,0.00,47.2,136.03,635.31,256.47,SEARCH_Y
12.7404,2.2058,-0.3061,0.2998,0.06210,0.37556,-0.05066,0.00,3.00,0.00,47.2,136.06,635.31,256.47,SEARCH_Y
12.7505,1.8658,-0.0961,0.0298,0.03610,0.37056,-0.04566,0.00,3.00,0.00,47.2,136.09,635.31,256.47,SEARCH_Y
12.7606,2.0958,-0.1461,-0.0101,0.05410,0.37456,-0.05166,0.00,3.00,0.00,47.2,136.12,635.31,256.47,SEARCH_Y
12.7707,2.0958,-0.0861,0.1398,0.05410,0.37156,-0.04566,0.00,3.00,0.00,47.2,136.15,635.31,256.47,SEARCH_Y
12.7809,2.0858,-0.0861,0.3898,0.05010,0.37256,-0.04866,0.00,3.00,0.00,47.2,136.18,635.31,256.47,SEARCH_Y
12.7910,1.9058,-0.1561,-0.0401,0.05410,0.38556,-0.04866,0.00,3.00,0.00,47.2,136.21,635.31,256.47,SEARCH_Y
12.8011,2.0058,-0.1461,0.4198,0.03610,0.37556,-0.04866,0.00,3.00,0.00,47.2,136.24,635.31,256.47,SEARCH_Y
12.8112,2.1358,-0.1261,-0.1101,0.06510,0.36856,-0.04766,0.00,3.00,0.00,47.2,136.27,635.31,256.47,SEARCH_Y
12.8213,1.9458,0.0638,-0.1901,0.05010,0.36056,-0.04666,0.00,3.00,0.00,47.2,136.30,635.31,256.47,SEARCH_Y
12.8314,1.9858,-0.4861,0.2998,0.05510,0.38656,-0.04766,0.00,3.00,0.00,47.3,136.33,635.31,256.47,SEARCH_Y
12.8415,1.8058,0.0838,0.0098,0.04310,0.38056,-0.04566,0.00,3.00,0.00,47.3,136.36,635.32,256.47,SEARCH_Y
12.8516,2.0458,0.1438,-0.3201,0.05210,0.36956,-0.04766,0.00,3.00,0.00,47.3,136.39,635.32,256.47,SEARCH_Y
12.8617,2.2058,-0.3661,0.4698,0.06810,0.37356,-0.05066,0.00,3.00,0.00,47.3,136.42,635.32,256.47,SEARCH_Y
12.8718,1.7858,0.2438,0.0598,0.03010,0.36256,-0.04666,0.00,3.00,0.00,47.3,136.45,635.32,256.47,SEARCH_Y
12.8820,2.1758,-0.2761,0.1498,0.04510,0.36656,-0.05066,0.00,3.00,0.00,47.3,136.48,635.32,256.47,SEARCH_Y
12.8921,2.3058,-0.1261,0.1398,0.06010,0.36656,-0.05066,0.00,3.00,0.00,47.3,136.51,635.32,256.47,SEARCH_Y
12.9022,2.1758,-0.1661,0.0798,0.04810,0.35856,-0.04766,0.00,3.00,0.00,47.3,136.54,635.32,256.47,SEARCH_Y
12.9123,1.9458,-0.0061,-0.0501,0.04510,0.37056,-0.04266,0.00,3.00,0.00,47.3,136.58,635.32,256.47,SEARCH_Y
12.9224,1.9858,-0.1061,0.1198,0.04310,0.37556,-0.04366,0.00,3.00,0.00,47.3,136.60,635.32,256.47,SEARCH_Y
12.9325,2.2358,-0.0261,0.0598,0.07210,0.37056,-0.04766,0.00,3.00,0.00,47.3,136.64,635.32,256.47,SEARCH_Y
12.9426,2.1758,0.0738,-0.1201,0.05410,0.37056,-0.04966,0.00,3.00,0.00,47.3,136.66,635.32,256.47,SEARCH_Y
12.9527,1.9758,-0.2761,0.2398,0.05210,0.37556,-0.04666,0.00,3.00,0.00,47.3,136.70,635.32,256.47,SEARCH_Y
12.9629,2.2258,-0.3661,0.0698,0.05610,0.36456,-0.05266,0.00,3.00,0.00,47.3,136.72,635.33,256.47,SEARCH_Y
12.9730,2.0458,-0.1361,-0.1001,0.04810,0.36156,-0.04666,0.00,3.00,0.00,47.4,136.76,635.33,256.47,SEARCH_Y
12.9831,1.9858,-0.1161,0.2298,0.04710,0.37156,-0.04666,0.00,3.00,0.00,47.4,136.79,635.33,256.47,SEARCH_Y
12.9932,1.8958,-0.0261,0.1898,0.04610,0.38256,-0.04966,0.00,3.00,0.00,47.4,136.82,635.33,256.47,SEARCH_Y
13.0034,2.0558,-0.4961,0.1998,0.06610,0.37856,-0.04766,0.00,3.00,0.00,47.4,136.85,635.33,256.47,SEARCH_Y
13.0135,1.8158,-0.0861,0.1898,0.05210,0.37956,-0.04366,0.00,3.00,0.00,47.4,136.88,635.33,256.47,SEARCH_Y
13.0236,2.1058,0.0738,-0.5101,0.04910,0.36456,-0.05266,0.00,3.00,0.00,47.4,136.91,635.33,256.47,SEARCH_Y
13.0337,2.1058,-0.2761,0.1498,0.06310,0.37156,-0.04666,0.00,3.00,0.00,47.4,136.94,635.33,256.47,SEARCH_Y
13.0438,1.9358,-0.2461,0.3298,0.05410,0.37956,-0.04866,0.00,3.00,0.00,47.4,136.97,635.33,256.47,SEARCH_Y
13.0539,2.1158,-0.5161,0.4498,0.07410,0.38356,-0.05466,0.00,3.00,0.00,47.4,137.00,635.33,256.47,SEARCH_Y
13.0640,1.9658,-0.1161,0.4398,0.04310,0.38056,-0.05166,0.00,3.00,0.00,47.4,137.03,635.33,256.47,SEARCH_Y
13.0741,1.7858,0.1338,0.2298,0.02910,0.37256,-0.04366,0.00,3.00,0.00,47.4,137.06,635.33,256.47,SEARCH_Y
13.0842,2.0658,-0.4561,0.0998,0.04810,0.36956,-0.05066,0.00,3.00,0.00,47.4,137.09,635.34,256.47,SEARCH_Y
13.0943,2.0458,-0.1561,0.1798,0.06610,0.37856,-0.04866,0.00,3.00,0.00,47.4,137.12,635.34,256.47,SEARCH_Y
13.1044,1.9858,-0.1661,0.2198,0.04910,0.37556,-0.05166,0.00,3.00,0.00,47.4,137.16,635.34,256.47,SEARCH_Y
13.1145,2.2558,0.1138,-0.0901,0.06510,0.36056,-0.04466,0.00,3.00,0.00,47.5,137.18,635.34,256.47,SEARCH_Y
13.1246,1.9458,-0.1261,0.0598,0.05510,0.37256,-0.04266,0.00,3.00,0.00,47.5,137.22,635.34,256.47,SEARCH_Y
13.1347,2.2358,-0.4261,0.0398,0.06410,0.36356,-0.04966,0.00,3.00,0.00,47.5,137.24,635.34,256.47,SEARCH_Y
13.1448,2.0458,-0.2161,-0.1101,0.05210,0.36156,-0.04866,0.00,3.00,0.00,47.5,137.28,635.34,256.47,SEARCH_Y
13.1549,2.0758,-0.2261,0.3598,0.04710,0.36956,-0.04766,0.00,3.00,0.00,47.5,137.30,635.34,256.47,SEARCH_Y
13.1650,2.0458,-0.1861,0.0298,0.05410,0.36456,-0.04766,0.00,3.00,0.00,47.5,137.34,635.34,256.47,SEARCH_Y
13.1751,1.9258,-0.0361,-0.0901,0.04310,0.35856,-0.04866,0.00,3.00,0.00,47.5,137.36,635.34,256.47,SEARCH_Y
13.1853,2.0958,-0.4961,0.2998,0.05610,0.36756,-0.05066,0.00,3.00,0.00,47.5,137.40,635.34,256.47,SEARCH_Y
13.1954,2.1958,-0.2061,0.0798,0.07010,0.37256,-0.04666,0.00,3.00,0.00,47.5,137.42,635.35,256.47,SEARCH_Y
13.2055,1.9658,-0.0761,-0.0401,0.05410,0.36456,-0.04766,0.00,3.00,0.00,47.5,137.46,635.35,256.47,SEARCH_Y
13.2156,2.0058,-0.2261,0.1898,0.05910,0.36956,-0.04666,0.00,3.00,0.00,47.5,137.48,635.35,256.47,SEARCH_Y
13.2257,2.0458,-0.1561,0.0198,0.05010,0.35656,-0.04666,0.00,3.00,0.00,47.5,137.52,635.35,256.47,SEARCH_Y
13.2358,2.1658,-0.1461,-0.0501,0.06210,0.35956,-0.04366,0.00,3.00,0.00,47.5,137.54,635.35,256.47,SEARCH_Y
13.2459,1.8458,-0.2061,0.2398,0.05010,0.37256,-0.04566,0.00,3.00,0.00,47.5,137.58,635.35,256.47,SEARCH_Y
13.2561,1.8758,-0.1361,0.1698,0.06210,0.37156,-0.04366,0.00,3.00,0.00,47.6,137.60,635.35,256.47,SEARCH_Y
13.2662,2.1558,0.1338,-0.0401,0.04810,0.36456,-0.04566,0.00,3.00,0.00,47.6,137.64,635.35,256.47,SEARCH_Y
13.2763,2.1358,-0.1761,0.1198,0.06610,0.37056,-0.04866,0.00,3.00,0.00,47.6,137.68,635.35,256.47,SEARCH_Y
13.2864,1.9558,0.2538,-0.3001,0.05610,0.36056,-0.04566,0.00,3.00,0.00,47.6,137.70,635.35,256.47,SEARCH_Y
13.2965,2.1058,-0.1361,0.4898,0.06010,0.37956,-0.04266,0.00,3.00,0.00,47.6,137.74,635.35,256.47,SEARCH_Y
13.3066,2.0958,-0.2061,0.1498,0.05110,0.37356,-0.04666,0.00,3.00,0.00,47.6,137.76,635.35,256.47,SEARCH_Y
13.3168,2.0358,-0.2561,0.1698,0.05310,0.36156,-0.04766,0.00,3.00,0.00,47.6,137.80,635.36,256.47,SEARCH_Y
13.3269,1.9958,-0.2261,0.2898,0.05510,0.38256,-0.04566,0.00,3.00,0.00,47.6,137.82,635.36,256.47,SEARCH_Y
13.3370,1.9658,-0.2961,0.2798,0.04910,0.35856,-0.04766,0.00,3.00,0.00,47.6,137.86,635.36,256.47,SEARCH_Y
13.3471,1.9058,-0.1061,0.1298,0.04610,0.36856,-0.04566,0.00,3.00,0.00,47.6,137.88,635.36,256.47,SEARCH_Y
13.3572,1.9058,0.0238,0.0698,0.04410,0.36556,-0.04266,0.00,3.00,0.00,47.6,137.92,635.36,256.47,SEARCH_Y
13.3672,1.9958,0.1238,-0.0301,0.04210,0.36156,-0.04466,0.00,3.00,0.00,47.6,137.94,635.36,256.47,SEARCH_Y
13.3774,1.9058,0.2238,-0.3101,0.03710,0.35556,-0.04366,0.00,3.00,0.00,47.7,137.98,635.36,256.47,SEARCH_Y
13.3875,1.9658,-0.1061,-0.0101,0.05410,0.36756,-0.04566,0.00,3.00,0.00,47.7,138.00,635.36,256.48,SEARCH_Y
13.3976,1.8858,0.0638,-0.0401,0.05510,0.36856,-0.04666,0.00,3.00,0.00,47.7,138.04,635.36,256.48,SEARCH_Y
13.4078,1.8158,0.1338,0.2998,0.04410,0.37156,-0.04066,0.00,3.00,0.00,47.7,138.06,635.36,256.48,SEARCH_Y
13.4179,2.3158,-0.1661,-0.0001,0.06810,0.35556,-0.04766,0.00,3.00,0.00,47.7,138.10,635.36,256.48,SEARCH_Y
13.4280,2.0358,-0.0361,0.1998,0.04710,0.35756,-0.04466,0.00,3.00,0.00,47.7,138.12,635.36,256.48,SEARCH_Y
13.4381,1.9458,-0.1561,0.2298,0.04610,0.36356,-0.04566,0.00,3.00,0.00,47.7,138.16,635.37,256.48,SEARCH_Y
13.4482,2.0158,-0.0061,0.1098,0.06010,0.37256,-0.04266,0.00,3.00,0.00,47.7,138.18,635.37,256.48,SEARCH_Y
13.4583,1.9758,-0.2861,0.0998,0.06610,0.37056,-0.04666,0.00,3.00,0.00,47.7,138.22,635.37,256.48,SEARCH_Y
13.4684,2.2158,-0.2861,-0.0301,0.06710,0.36456,-0.04366,0.00,3.00,0.00,47.7,138.25,635.37,256.48,SEARCH_Y
13.4785,2.0258,-0.0961,0.0598,0.05610,0.37356,-0.04466,0.00,3.00,0.00,47.7,138.28,635.37,256.48,SEARCH_Y
13.4886,1.9458,0.0138,-0.2101,0.03810,0.35656,-0.04566,0.00,3.00,0.00,47.7,138.30,635.37,256.48,SEARCH_Y
13.4987,1.9658,0.0938,-0.0701,0.04610,0.36456,-0.04066,0.00,3.00,0.00,47.7,138.34,635.37,256.48,SEARCH_Y
13.5089,1.8758,-0.1161,0.2498,0.04510,0.37056,-0.04466,0.00,3.00,0.00,47.8,138.38,635.37,256.48,SEARCH_Y
13.5190,2.1258,-0.3761,0.3498,0.05110,0.36956,-0.04666,0.00,3.00,0.00,47.8,138.40,635.37,256.48,SEARCH_Y
13.5291,2.1858,-0.1461,0.0498,0.06010,0.36356,-0.04266,0.00,3.00,0.00,47.8,138.44,635.37,256.48,SEARCH_Y
13.5392,1.9658,0.0338,0.1498,0.03910,0.35456,-0.04566,0.00,3.00,0.00,47.8,138.46,635.37,256.48,SEARCH_Y
13.5493,1.8358,0.1438,-0.1201,0.04410,0.37056,-0.04266,0.00,3.00,0.00,47.8,138.50,635.38,256.48,SEARCH_Y
13.5594,2.2758,-0.3561,0.2698,0.06210,0.36256,-0.04566,0.00,3.00,0.00,47.8,138.52,635.38,256.48,SEARCH_Y
13.5695,2.0358,0.1738,0.1298,0.04310,0.35856,-0.04066,0.00,3.00,0.00,47.8,138.56,635.38,256.48,SEARCH_Y
13.5796,2.0058,-0.2361,0.3898,0.05010,0.36156,-0.04466,0.00,3.00,0.00,47.8,138.58,635.38,256.48,SEARCH_Y
13.5897,2.0458,0.0238,-0.0601,0.06010,0.36256,-0.04366,0.00,3.00,0.00,47.8,138.62,635.38,256.48,SEARCH_Y
13.5998,2.0058,0.0338,-0.0301,0.04910,0.35856,-0.04266,0.00,3.00,0.00,47.8,138.64,635.38,256.48,SEARCH_Y
13.6099,2.1558,-0.0861,0.0398,0.05910,0.35856,-0.04666,0.00,3.00,0.00,47.8,138.68,635.38,256.48,SEARCH_Y
13.6201,2.0758,0.1138,0.3398,0.05110,0.37256,-0.04666,0.00,3.00,0.00,47.8,138.70,635.38,256.48,SEARCH_Y
13.6302,2.0858,-0.2461,0.1598,0.05810,0.36756,-0.04466,0.00,3.00,0.00,47.9,138.74,635.38,256.48,SEARCH_Y
13.6403,2.0458,-0.2461,0.1798,0.06210,0.35656,-0.04766,0.00,3.00,0.00,47.9,138.77,635.38,256.48,SEARCH_Y
13.6504,2.0658,-0.1161,0.0798,0.05610,0.35156,-0.04666,0.00,3.00,0.00,47.9,138.80,635.38,256.48,SEARCH_Y
13.6605,1.8358,-0.0561,0.3298,0.02110,0.35656,-0.04266,0.00,3.00,0.00,47.9,138.83,635.39,256.48,SEARCH_Y
13.6706,1.9958,-0.5261,0.3698,0.06110,0.37356,-0.04966,0.00,3.00,0.00,47.9,138.86,635.39,256.48,SEARCH_Y
13.6807,1.9058,-0.2061,0.3598,0.04010,0.36056,-0.04566,0.00,3.00,0.00,47.9,138.89,635.39,256.48,SEARCH_Y
13.6908,2.0458,-0.1761,0.0698,0.05510,0.36256,-0.04366,0.00,3.00,0.00,47.9,138.92,635.39,256.48,SEARCH_Y
13.7010,2.2158,0.0338,-0.2101,0.08010,0.36656,-0.04066,0.00,3.00,0.00,47.9,138.95,635.39,256.48,SEARCH_Y
13.7111,2.1358,-0.3961,-0.1701,0.06910,0.35756,-0.04166,0.00,3.00,0.00,47.9,138.98,635.39,256.48,SEARCH_Y
13.7213,2.0358,-0.1561,-0.1301,0.05810,0.35956,-0.04066,0.00,3.00,0.00,47.9,139.01,635.39,256.48,SEARCH_Y
13.7314,1.9158,-0.3961,0.2098,0.06810,0.36456,-0.04766,0.00,3.00,0.00,47.9,139.04,635.39,256.48,SEARCH_Y
13.7415,2.1058,-0.2061,0.0298,0.05110,0.35656,-0.04666,0.00,3.00,0.00,47.9,139.07,635.39,256.48,SEARCH_Y
13.7516,1.8858,0.0238,0.0198,0.05910,0.37056,-0.04166,0.00,3.00,0.00,48.0,139.10,635.39,256.48,SEARCH_Y
13.7617,1.9258,-0.0461,0.0298,0.02210,0.34256,-0.03866,0.00,3.00,0.00,48.0,139.13,635.39,256.48,SEARCH_Y
13.7718,1.8858,-0.2461,0.4698,0.04810,0.37656,-0.04566,0.00,3.00,0.00,48.0,139.16,635.39,256.48,SEARCH_Y
13.7820,2.1758,-0.0761,0.0198,0.04410,0.35356,-0.04066,0.00,3.00,0.00,48.0,139.19,635.40,256.48,SEARCH_Y
13.7921,1.9058,-0.0261,0.3598,0.04910,0.36756,-0.04066,0.00,3.00,0.00,48.0,139.22,635.40,256.48,SEARCH_Y
13.8022,1.9358,-0.2661,0.1798,0.02610,0.35756,-0.04666,0.00,3.00,0.00,48.0,139.25,635.40,256.48,SEARCH_Y
13.8123,1.9958,-0.2661,0.1698,0.04810,0.36056,-0.04266,0.00,3.00,0.00,48.0,139.29,635.40,256.48,SEARCH_Y
13.8224,2.0958,-0.6561,0.3198,0.05810,0.37556,-0.04866,0.00,3.00,0.00,48.0,139.31,635.40,256.48,SEARCH_Y
13.8325,2.1058,-0.2061,0.1398,0.05010,0.37356,-0.04566,0.00,3.00,0.00,48.0,139.35,635.40,256.48,SEARCH_Y
13.8426,2.0558,0.0938,-0.1601,0.06910,0.37056,-0.04166,0.00,3.00,0.00,48.0,139.37,635.40,256.48,SEARCH_Y
13.8528,1.8558,-0.0561,0.3598,0.04110,0.36856,-0.04666,0.00,3.00,0.00,48.0,139.41,635.40,256.48,SEARCH_Y
13.8629,2.0458,-0.1661,0.3198,0.05210,0.37056,-0.04366,0.00,3.00,0.00,48.0,139.44,635.40,256.48,SEARCH_Y
13.8730,2.1058,-0.1861,0.0998,0.06510,0.37556,-0.04166,0.00,3.00,0.00,48.1,139.47,635.40,256.48,SEARCH_Y
13.8831,2.0358,-0.4061,0.2998,0.06210,0.37456,-0.04666,0.00,3.00,0.00,48.1,139.50,635.40,256.48,SEARCH_Y
13.8933,1.9358,-0.4461,0.6798,0.04110,0.37756,-0.04566,0.00,3.00,0.00,48.1,139.53,635.40,256.48,SEARCH_Y
13.9034,2.1858,-0.1561,-0.0401,0.05310,0.36056,-0.04666,0.00,3.00,0.00,48.1,139.56,635.41,256.48,SEARCH_Y
13.9135,1.9958,-0.3361,0.0498,0.03810,0.36056,-0.04766,0.00,3.00,0.00,48.1,139.59,635.41,256.48,SEARCH_Y
13.9237,2.0558,-0.1961,0.0098,0.07710,0.36556,-0.03966,0.00,3.00,0.00,48.1,139.62,635.41,256.48,SEARCH_Y
13.9338,2.2058,-0.2461,0.2098,0.05310,0.36456,-0.04466,0.00,3.00,0.00,48.1,139.65,635.41,256.48,SEARCH_Y
13.9438,2.0858,-0.0461,-0.0301,0.04210,0.35056,-0.04266,0.00,3.00,0.00,48.1,139.68,635.41,256.48,SEARCH_Y
13.9539,1.8658,0.0538,0.0698,0.05810,0.36456,-0.04066,0.00,3.00,0.00,48.1,139.71,635.41,256.48,SEARCH_Y
13.9641,2.1058,-0.1861,0.0498,0.05110,0.35156,-0.03866,0.00,3.00,0.00,48.1,139.74,635.41,256.48,SEARCH_Y
13.9742,2.1158,0.2338,0.0198,0.05210,0.36256,-0.04066,0.00,3.00,0.00,48.1,139.77,635.41,256.48,SEARCH_Y
13.9843,1.8858,-0.1061,0.1398,0.05110,0.36856,-0.04466,0.00,3.00,0.00,48.2,139.81,635.41,256.48,SEARCH_Y
13.9944,2.1358,-0.1561,0.3898,0.05710,0.36856,-0.04666,0.00,3.00,0.00,48.2,139.83,635.41,256.48,SEARCH_Y
14.0045,1.9858,-0.4061,0.2598,0.06810,0.37156,-0.04466,0.00,3.00,0.00,48.2,139.87,635.41,256.48,SEARCH_Y
14.0146,1.9258,0.1638,0.1498,0.03810,0.35856,-0.04066,0.00,3.00,0.00,48.2,139.89,635.41,256.48,SEARCH_Y
14.0247,1.9658,0.1438,-0.0201,0.03210,0.35256,-0.04166,0.00,3.00,0.00,48.2,139.93,635.42,256.48,SEARCH_Y
14.0348,2.0958,0.0438,0.0398,0.05410,0.35756,-0.03766,0.00,3.00,0.00,48.2,139.95,635.42,256.48,SEARCH_Y
14.0449,2.1958,-0.1461,0.2898,0.06610,0.37256,-0.04566,0.00,3.00,0.00,48.2,139.99,635.42,256.48,SEARCH_Y
14.0551,2.2158,-0.2561,0.1998,0.05810,0.35856,-0.04366,0.00,3.00,0.00,48.2,140.01,635.42,256.48,SEARCH_Y
14.0652,1.9458,-0.0261,0.1298,0.06510,0.37656,-0.03966,0.00,3.00,0.00,48.2,140.05,635.42,256.48,SEARCH_Y
14.0753,1.8658,0.0838,0.2398,0.03810,0.36056,-0.03966,0.00,3.00,0.00,48.2,140.07,635.42,256.48,SEARCH_Y
14.0854,1.9158,-0.4861,0.2398,0.05710,0.36856,-0.04466,0.00,3.00,0.00,48.2,140.11,635.42,256.49,SEARCH_Y
14.0955,2.0558,-0.0661,0.0498,0.04010,0.35256,-0.04566,0.00,3.00,0.00,48.3,140.13,635.42,256.49,SEARCH_Y
14.1056,1.8958,-0.2661,-0.0101,0.05510,0.36656,-0.04366,0.00,3.00,0.00,48.3,140.17,635.42,256.49,SEARCH_Y
14.1157,2.3458,-0.2361,0.0298,0.06610,0.36256,-0.04666,0.00,3.00,0.00,48.3,140.19,635.42,256.49,SEARCH_Y
14.1258,1.8058,0.0038,0.0098,0.04110,0.35956,-0.04066,0.00,3.00,0.00,48.3,140.23,635.42,256.49,SEARCH_Y
14.1359,2.0358,0.0038,0.2298,0.04810,0.36756,-0.04066,0.00,3.00,0.00,48.3,140.25,635.43,256.49,SEARCH_Y
14.1460,1.7958,0.0538,-0.2901,0.03810,0.35256,-0.03866,0.00,3.00,0.00,48.3,140.29,635.43,256.49,SEARCH_Y
14.1562,1.9358,0.0138,0.1298,0.05410,0.36156,-0.04466,0.00,3.00,0.00,48.3,140.31,635.43,256.49,SEARCH_Y
14.1663,1.9658,-0.0361,0.2498,0.05210,0.35956,-0.04266,0.00,3.00,0.00,48.3,140.35,635.43,256.49,SEARCH_Y
14.1764,2.0158,-0.3861,0.1798,0.06810,0.36556,-0.04366,0.00,3.00,0.00,48.3,140.39,635.43,256.49,SEARCH_Y
14.1865,2.1258,0.0238,0.0798,0.05910,0.36556,-0.04166,0.00,3.00,0.00,48.3,140.41,635.43,256.49,SEARCH_Y
14.1966,1.9558,-0.5561,0.8598,0.04210,0.37056,-0.04466,0.00,3.00,0.00,48.3,140.45,635.43,256.49,SEARCH_Y
14.2067,1.9958,-0.2461,0.1198,0.06110,0.37156,-0.04266,0.00,3.00,0.00,48.4,140.47,635.43,256.49,SEARCH_Y
14.2168,1.9358,0.1238,0.0998,0.04610,0.36256,-0.03666,0.00,3.00,0.00,48.4,140.51,635.43,256.49,SEARCH_Y
14.2270,2.0958,0.0438,-0.0501,0.06810,0.35856,-0.04266,0.00,3.00,0.00,48.4,140.53,635.43,256.49,SEARCH_Y
14.2371,1.9858,-0.1661,0.1198,0.06310,0.36356,-0.04366,0.00,3.00,0.00,48.4,140.57,635.43,256.49,SEARCH_Y
14.2472,2.0658,-0.2261,0.1998,0.06110,0.36156,-0.04266,0.00,3.00,0.00,48.4,140.59,635.43,256.49,SEARCH_Y
14.2573,2.0358,-0.2061,0.2298,0.05010,0.36256,-0.04266,0.00,3.00,0.00,48.4,140.63,635.44,256.49,SEARCH_Y
14.2674,2.0258,-0.1361,-0.0301,0.05610,0.36956,-0.04466,0.00,3.00,0.00,48.4,140.65,635.44,256.49,SEARCH_Y
14.2775,2.0258,-0.2761,0.1398,0.05010,0.36756,-0.04066,0.00,3.00,0.00,48.4,140.69,635.44,256.49,SEARCH_Y
14.2876,1.8058,-0.2461,0.4898,0.05810,0.37356,-0.04366,0.00,3.00,0.00,48.4,140.71,635.44,256.49,SEARCH_Y
14.2977,2.1258,-0.1761,0.4398,0.06010,0.36756,-0.04666,0.00,3.00,0.00,48.4,140.75,635.44,256.49,SEARCH_Y
14.3078,2.0058,0.0638,-0.0201,0.03510,0.35656,-0.03866,0.00,3.00,0.00,48.4,140.77,635.44,256.49,SEARCH_Y
14.3179,2.1958,-0.3361,0.5398,0.07910,0.37556,-0.04066,0.00,3.00,0.00,48.5,140.81,635.44,256.49,SEARCH_Y
14.3281,1.9358,-0.0061,-0.1001,0.06010,0.35456,-0.03866,0.00,3.00,0.00,48.5,140.83,635.44,256.49,SEARCH_Y
14.3382,2.0558,-0.2861,0.2998,0.05810,0.36656,-0.04266,0.00,3.00,0.00,48.5,140.87,635.44,256.49,SEARCH_Y
14.3483,1.7858,-0.2061,0.1498,0.03910,0.35956,-0.03766,0.00,3.00,0.00,48.5,140.89,635.44,256.49,SEARCH_Y
14.3584,2.0258,-0.3161,0.4298,0.05710,0.36856,-0.04466,0.00,3.00,0.00,48.5,140.93,635.44,256.49,SEARCH_Y
14.3685,1.9858,-0.3361,0.0698,0.04710,0.36556,-0.04466,0.00,3.00,0.00,48.5,140.96,635.45,256.49,SEARCH_Y
14.3786,2.1458,-0.4061,0.1498,0.07210,0.36956,-0.04066,0.00,3.00,0.00,48.5,140.99,635.45,256.49,SEARCH_Y
14.3887,2.0158,-0.1961,-0.1301,0.06610,0.36056,-0.04166,0.00,3.00,0.00,48.5,141.03,635.45,256.49,SEARCH_Y
14.3988,2.1258,-0.1861,0.1798,0.08710,0.36856,-0.04366,0.00,3.00,0.00,48.5,141.05,635.45,256.49,SEARCH_Y
14.4089,1.8358,0.1838,-0.2001,0.02210,0.35356,-0.04066,0.00,3.00,0.00,48.5,141.09,635.45,256.49,SEARCH_Y
14.4190,1.8858,-0.0261,-0.0001,0.03310,0.35756,-0.03866,0.00,3.00,0.00,48.6,141.11,635.45,256.49,SEARCH_Y
14.4292,2.1758,-0.3061,0.1498,0.05610,0.35656,-0.04366,0.00,3.00,0.00,48.6,141.15,635.45,256.49,SEARCH_Y
14.4393,2.1158,-0.4661,0.3898,0.05310,0.36556,-0.04466,0.00,3.00,0.00,48.6,141.17,635.45,256.49,SEARCH_Y
14.4494,2.2958,-0.0861,0.0398,0.04710,0.35056,-0.04566,0.00,3.00,0.00,48.6,141.21,635.45,256.49,SEARCH_Y
14.4595,1.8458,-0.2361,0.4198,0.03310,0.35456,-0.04066,0.00,3.00,0.00,48.6,141.23,635.45,256.49,SEARCH_Y
14.4697,1.9858,0.0138,0.2498,0.04610,0.36456,-0.03766,0.00,3.00,0.00,48.6,141.27,635.45,256.49,SEARCH_Y
14.4798,2.1658,-0.3061,0.1498,0.05610,0.35856,-0.03966,0.00,3.00,0.00,48.6,141.29,635.45,256.49,SEARCH_Y
14.4899,2.0358,-0.2661,0.0198,0.04710,0.35156,-0.04066,0.00,3.00,0.00,48.6,141.33,635.46,256.49,SEARCH_Y
14.5000,2.1558,-0.1161,0.3598,0.05010,0.36956,-0.04166,0.00,3.00,0.00,48.6,141.35,635.46,256.49,SEARCH_Y
14.5101,1.7458,0.0338,0.0898,0.03910,0.37356,-0.03766,0.00,3.00,0.00,48.6,141.39,635.46,256.49,SEARCH_Y
14.5202,1.9258,-0.0561,0.1798,0.05610,0.37256,-0.03966,0.00,3.00,0.00,48.7,141.42,635.46,256.49,SEARCH_Y
14.5304,2.0358,-0.0061,-0.1501,0.04110,0.35956,-0.04166,0.00,3.00,0.00,48.7,141.45,635.46,256.49,SEARCH_Y
14.5405,2.1458,-0.0661,-0.0601,0.06110,0.36656,-0.03966,0.00,3.00,0.00,48.7,141.48,635.46,256.49,SEARCH_Y
14.5506,2.1558,-0.0561,-0.0701,0.05210,0.36456,-0.03866,0.00,3.00,0.00,48.7,141.51,635.46,256.49,SEARCH_Y
14.5607,2.0758,-0.3461,0.4398,0.04510,0.37056,-0.04666,0.00,3.00,0.00,48.7,141.54,635.46,256.49,SEARCH_Y
14.5708,1.9858,0.1638,-0.0801,0.06310,0.36856,-0.03966,0.00,3.00,0.00,48.7,141.57,635.46,256.49,SEARCH_Y
14.5810,2.0458,0.0938,-0.0901,0.04710,0.36856,-0.03966,0.00,3.00,0.00,48.7,141.60,635.46,256.49,SEARCH_Y
14.5911,1.7958,-0.1661,0.5598,0.04910,0.37656,-0.03866,0.00,3.00,0.00,48.7,141.63,635.46,256.49,SEARCH_Y
14.6012,2.1058,-0.3461,0.3198,0.06310,0.37556,-0.04566,0.00,3.00,0.00,48.7,141.66,635.46,256.49,SEARCH_Y
14.6113,2.1058,0.0038,0.1398,0.04210,0.36556,-0.03866,0.00,3.00,0.00,48.7,141.69,635.47,256.49,SEARCH_Y
14.6215,2.0958,-0.1561,0.1898,0.05210,0.37156,-0.03966,0.00,3.00,0.00,48.8,141.72,635.47,256.49,SEARCH_Y
14.6316,2.0958,-0.1561,-0.0001,0.04610,0.36756,-0.04266,0.00,3.00,0.00,48.8,141.75,635.47,256.49,SEARCH_Y
14.6417,1.9058,-0.3361,0.0598,0.05210,0.37256,-0.04266,0.00,3.00,0.00,48.8,141.78,635.47,256.49,SEARCH_Y
14.6518,1.9458,0.0438,-0.0201,0.03510,0.36356,-0.04066,0.00,3.00,0.00,48.8,141.81,635.47,256.49,SEARCH_Y
14.6619,2.1058,-0.1161,0.0598,0.05210,0.37356,-0.04066,0.00,3.00,0.00,48.8,141.84,635.47,256.49,SEARCH_Y
14.6720,1.8558,-0.2161,-0.0701,0.03010,0.36456,-0.04366,0.00,3.00,0.00,48.8,141.87,635.47,256.49,SEARCH_Y
14.6822,1.8958,0.0138,-0.1101,0.01010,0.35656,-0.03866,0.00,3.00,0.00,48.8,141.90,635.47,256.49,SEARCH_Y
14.6923,2.0358,0.0138,0.0198,0.03310,0.36356,-0.03666,0.00,3.00,0.00,48.8,141.93,635.47,256.49,SEARCH_Y
14.7024,1.8258,-0.0861,0.1898,0.03410,0.37356,-0.04066,0.00,3.00,0.00,48.8,141.96,635.47,256.49,SEARCH_Y
14.7125,2.0658,-0.2961,0.0698,0.05210,0.37056,-0.04066,0.00,3.00,0.00,48.8,142.00,635.47,256.49,SEARCH_Y
14.7226,1.9858,0.1638,-0.4601,0.04610,0.36356,-0.04166,0.00,3.00,0.00,48.9,142.02,635.48,256.49,SEARCH_Y
14.7328,2.1058,-0.2661,0.2198,0.05010,0.36556,-0.03866,0.00,3.00,0.00,48.9,142.06,635.48,256.49,SEARCH_Y
14.7429,1.8858,0.0738,-0.4001,0.04410,0.36756,-0.03666,0.00,3.00,0.00,48.9,142.09,635.48,256.49,SEARCH_Y
14.7530,2.0958,-0.1461,0.1498,0.04210,0.35956,-0.04066,0.00,3.00,0.00,48.9,142.12,635.48,256.49,SEARCH_Y
14.7631,2.1458,0.2538,-0.2401,0.06010,0.36756,-0.04166,0.00,3.00,0.00,48.9,142.15,635.48,256.49,SEARCH_Y
14.7732,2.0858,-0.1361,-0.0201,0.04910,0.36356,-0.04166,0.00,3.00,0.00,48.9,142.18,635.48,256.49,SEARCH_Y
14.7834,1.8958,-0.2461,0.5298,0.05210,0.38556,-0.04266,0.00,3.00,0.00,48.9,142.21,635.48,256.50,SEARCH_Y
14.7935,2.2058,-0.0561,0.2498,0.06210,0.37556,-0.04366,0.00,3.00,0.00,48.9,142.24,635.48,256.50,SEARCH_Y
14.8036,1.9158,-0.3961,0.1398,0.03910,0.37156,-0.04666,0.00,3.00,0.00,48.9,142.27,635.48,256.50,SEARCH_Y
14.8137,1.9258,-0.0561,0.1298,0.05210,0.37556,-0.04066,0.00,3.00,0.00,48.9,142.30,635.48,256.50,SEARCH_Y
14.8238,2.0158,0.0638,0.0598,0.03310,0.35856,-0.03766,0.00,3.00,0.00,49.0,142.33,635.48,256.50,SEARCH_Y
14.8339,2.0958,0.3138,-0.1901,0.04010,0.35856,-0.03966,0.00,3.00,0.00,49.0,142.36,635.48,256.50,SEARCH_Y
14.8440,2.2358,-0.3361,0.3898,0.06410,0.37956,-0.04466,0.00,3.00,0.00,49.0,142.39,635.49,256.50,SEARCH_Y
14.8542,2.1458,-0.2561,0.1898,0.07810,0.37456,-0.04066,0.00,3.00,0.00,49.0,142.42,635.49,256.50,SEARCH_Y
14.8643,1.9458,-0.3561,0.3498,0.05510,0.37756,-0.04866,0.00,3.00,0.00,49.0,142.45,635.49,256.50,SEARCH_Y
14.8744,1.9058,-0.2161,0.3498,0.03810,0.38256,-0.03966,0.00,3.00,0.00,49.0,142.48,635.49,256.50,SEARCH_Y
14.8845,1.9858,-0.1661,-0.0001,0.04810,0.36856,-0.03766,0.00,3.00,0.00,49.0,142.52,635.49,256.50,SEARCH_Y
14.8946,1.9158,-0.3961,0.1998,0.05910,0.38656,-0.04566,0.00,3.00,0.00,49.0,142.54,635.49,256.50,SEARCH_Y
14.9047,1.7758,-0.1661,0.1698,0.01410,0.36556,-0.04466,0.00,3.00,0.00,49.0,142.58,635.49,256.50,SEARCH_Y
14.9149,2.0458,-0.3061,0.3198,0.04310,0.37556,-0.04366,0.00,3.00,0.00,49.1,142.60,635.49,256.50,SEARCH_Y
14.9250,2.1058,-0.3461,0.3298,0.05110,0.37956,-0.04366,0.00,3.00,0.00,49.1,142.64,635.49,256.50,SEARCH_Y
14.9351,2.1658,-0.3761,0.4798,0.06710,0.37856,-0.04266,0.00,3.00,0.00,49.1,142.66,635.49,256.50,SEARCH_Y
14.9452,1.7258,0.0638,0.0498,0.01210,0.37156,-0.03866,0.00,3.00,0.00,49.1,142.70,635.49,256.50,SEARCH_Y
14.9553,1.9758,0.1738,-0.0501,0.03810,0.37756,-0.03866,0.00,3.00,0.00,49.1,142.72,635.49,256.50,SEARCH_Y
14.9654,2.0058,-0.1761,0.3998,0.04610,0.37656,-0.04066,0.00,3.00,0.00,49.1,142.76,635.50,256.50,SEARCH_Y
14.9756,1.9658,-0.4961,0.3398,0.05010,0.38456,-0.04566,0.00,3.00,0.00,49.1,142.78,635.50,256.50,SEARCH_Y
14.9857,1.9858,-0.4561,0.5298,0.04910,0.38756,-0.04166,0.00,3.00,0.00,49.1,142.82,635.50,256.50,SEARCH_Y
14.9958,2.0558,-0.3061,0.2998,0.05110,0.37056,-0.04166,0.00,3.00,0.00,49.1,142.84,635.50,256.50,SEARCH_Y
15.0059,2.0558,-0.2661,0.4398,0.05510,0.37756,-0.04366,0.00,3.00,0.00,49.1,142.88,635.50,256.50,SEARCH_Y
15.0163,2.2658,-0.0161,0.1798,0.04210,0.36156,-0.04066,0.00,3.00,0.00,49.2,142.92,635.50,256.50,SEARCH_Y
15.0265,2.2358,-0.1061,0.2398,0.05410,0.37056,-0.03966,0.00,3.00,0.00,49.2,142.94,635.50,256.50,SEARCH_Y
15.0366,2.0158,0.1338,0.0098,0.06210,0.37156,-0.04066,0.00,3.00,0.00,49.2,142.98,635.50,256.50,SEARCH_Y
15.0715,2.0458,-0.3461,0.1598,0.05110,0.36456,-0.03866,0.00,3.00,0.00,49.2,143.07,635.50,256.50,SEARCH_Y
15.0817,2.2058,-0.2461,0.1098,0.05510,0.37656,-0.04066,0.00,3.00,0.00,49.2,143.11,635.51,256.50,SEARCH_Y
15.0918,2.0058,-0.1061,0.1898,0.04810,0.36856,-0.03866,0.00,3.00,0.00,49.2,143.13,635.51,256.50,SEARCH_Y
15.1019,1.9958,0.1638,-0.0801,0.03410,0.35756,-0.03666,0.00,3.00,0.00,49.2,143.17,635.51,256.50,SEARCH_Y
15.1120,2.0158,-0.1461,0.2498,0.05210,0.37956,-0.03966,0.00,3.00,0.00,49.3,143.19,635.51,256.50,SEARCH_Y
15.1221,2.1858,-0.1261,0.2598,0.04910,0.36756,-0.04066,0.00,3.00,0.00,49.3,143.23,635.51,256.50,SEARCH_Y
15.1323,2.2358,-0.0761,0.2598,0.05810,0.36556,-0.03866,0.00,3.00,0.00,49.3,143.25,635.51,256.50,SEARCH_Y
15.1424,1.9858,-0.3661,0.2798,0.04910,0.37756,-0.04166,0.00,3.00,0.00,49.3,143.29,635.51,256.50,SEARCH_Y
15.1525,1.9158,-0.0761,-0.0201,0.04710,0.37656,-0.04166,0.00,3.00,0.00,49.3,143.33,635.51,256.50,SEARCH_Y
15.1626,1.9558,-0.2661,0.1898,0.04510,0.37956,-0.04166,0.00,3.00,0.00,49.3,143.35,635.51,256.50,SEARCH_Y
15.1727,2.0158,-0.0261,-0.0101,0.03710,0.36856,-0.04066,0.00,3.00,0.00,49.3,143.39,635.51,256.50,SEARCH_Y
15.1828,1.9558,-0.0061,0.2098,0.04610,0.36956,-0.03766,0.00,3.00,0.00,49.3,143.41,635.51,256.50,SEARCH_Y
15.1930,2.0858,-0.2661,0.1798,0.05810,0.38056,-0.03966,0.00,3.00,0.00,49.3,143.45,635.52,256.50,SEARCH_Y
15.2031,2.0258,-0.1261,0.1598,0.05610,0.38256,-0.03866,0.00,3.00,0.00,49.4,143.47,635.52,256.50,SEARCH_Y
15.2132,2.1058,-0.2261,0.1298,0.04510,0.37256,-0.04066,0.00,3.00,0.00,49.4,143.51,635.52,256.50,SEARCH_Y
15.2233,2.0158,-0.2961,0.2798,0.04810,0.37456,-0.03766,0.00,3.00,0.00,49.4,143.53,635.52,256.50,SEARCH_Y
15.2334,1.9858,-0.0461,0.1198,0.04910,0.36956,-0.03866,0.00,3.00,0.00,49.4,143.57,635.52,256.50,SEARCH_Y
15.2435,2.1658,0.0938,-0.2201,0.06110,0.36956,-0.03466,0.00,3.00,0.00,49.4,143.59,635.52,256.50,SEARCH_Y
15.2536,2.0758,-0.0461,0.0498,0.03610,0.36956,-0.03966,0.00,3.00,0.00,49.4,143.63,635.52,256.50,SEARCH_Y
15.2638,2.0858,-0.1661,0.3498,0.03110,0.36256,-0.04066,0.00,3.00,0.00,49.4,143.65,635.52,256.50,SEARCH_Y
15.2739,1.9758,-0.1461,0.0098,0.03910,0.36556,-0.03966,0.00,3.00,0.00,49.4,143.69,635.52,256.50,SEARCH_Y
15.2841,2.0258,-0.2361,0.2298,0.04910,0.38256,-0.03966,0.00,3.00,0.00,49.4,143.71,635.52,256.50,SEARCH_Y
15.2942,2.1458,-0.3561,0.5798,0.04510,0.39556,-0.04066,0.00,3.00,0.00,49.5,143.75,635.52,256.50,SEARCH_Y
15.3043,2.0058,-0.1261,0.0898,0.04810,0.37056,-0.04266,0.00,3.00,0.00,49.5,143.77,635.52,256.50,SEARCH_Y
15.3144,1.8558,-0.1561,0.1198,0.04310,0.38056,-0.03866,0.00,3.00,0.00,49.5,143.81,635.53,256.50,SEARCH_Y
15.3245,2.1258,-0.3361,0.3298,0.03410,0.37056,-0.04066,0.00,3.00,0.00,49.5,143.84,635.53,256.50,SEARCH_Y
15.3346,2.1158,-0.0261,-0.1201,0.04210,0.37456,-0.03666,0.00,3.00,0.00,49.5,143.87,635.53,256.50,SEARCH_Y
15.3447,2.1758,0.1838,-0.2701,0.06610,0.37056,-0.03766,0.00,3.00,0.00,49.5,143.90,635.53,256.50,SEARCH_Y
15.3549,2.0158,-0.0661,0.2698,0.04010,0.36656,-0.03666,0.00,3.00,0.00,49.5,143.93,635.53,256.50,SEARCH_Y
15.3650,1.9958,0.0538,0.0198,0.04310,0.37656,-0.03766,0.00,3.00,0.00,49.5,143.96,635.53,256.50,SEARCH_Y
15.3751,1.8658,-0.5161,0.4398,0.04110,0.37956,-0.03766,0.00,3.00,0.00,49.5,143.99,635.53,256.50,SEARCH_Y
15.3852,2.0258,0.2438,-0.1601,0.05410,0.36456,-0.03466,0.00,3.00,0.00,49.6,144.02,635.53,256.50,SEARCH_Y
15.3953,2.0758,-0.2261,0.0398,0.03910,0.36556,-0.03966,0.00,3.00,0.00,49.6,144.05,635.53,256.50,SEARCH_Y
15.4054,1.9358,0.3038,-0.1101,0.04610,0.37456,-0.03466,0.00,3.00,0.00,49.6,144.08,635.53,256.50,SEARCH_Y
15.4155,2.0858,-0.5661,0.3498,0.06910,0.38756,-0.04566,0.00,3.00,0.00,49.6,144.11,635.53,256.50,SEARCH_Y
15.4256,1.7658,0.0138,0.1798,0.03710,0.38056,-0.03666,0.00,3.00,0.00,49.6,144.14,635.53,256.50,SEARCH_Y
15.4358,2.0458,0.0038,0.1098,0.05210,0.38056,-0.03866,0.00,3.00,0.00,49.6,144.17,635.54,256.50,SEARCH_Y
15.4459,1.9858,-0.3961,0.6998,0.04910,0.39256,-0.04166,0.00,3.00,0.00,49.6,144.21,635.54,256.50,SEARCH_Y
15.4560,1.9258,0.0138,0.0498,0.05910,0.38156,-0.03366,0.00,3.00,0.00,49.6,144.23,635.54,256.50,SEARCH_Y
15.4661,2.1058,-0.3961,0.4098,0.05010,0.37856,-0.03966,0.00,3.00,0.00,49.6,144.27,635.54,256.50,SEARCH_Y
15.4762,2.1158,-0.1261,0.4698,0.04910,0.37956,-0.03966,0.00,3.00,0.00,49.7,144.29,635.54,256.51,SEARCH_Y
15.4863,2.0858,-0.2461,0.2598,0.03910,0.37156,-0.04066,0.00,3.00,0.00,49.7,144.33,635.54,256.51,SEARCH_Y
15.4965,2.1058,-0.2061,0.4098,0.06010,0.38356,-0.03966,0.00,3.00,0.00,49.7,144.36,635.54,256.51,SEARCH_Y
15.5066,2.0658,-0.0161,-0.0301,0.04010,0.37256,-0.03966,0.00,3.00,0.00,49.7,144.39,635.54,256.51,SEARCH_Y
15.5167,1.9258,0.2038,0.1298,0.03210,0.36156,-0.03466,0.00,3.00,0.00,49.7,144.42,635.54,256.51,SEARCH_Y
15.5268,2.1258,-0.3761,0.3198,0.05710,0.37956,-0.04066,0.00,3.00,0.00,49.7,144.45,635.54,256.51,SEARCH_Y
15.5370,2.0358,-0.2461,0.2898,0.05810,0.38656,-0.04066,0.00,3.00,0.00,49.7,144.48,635.54,256.51,SEARCH_Y
15.5471,2.0158,-0.0961,-0.0801,0.05910,0.37656,-0.03566,0.00,3.00,0.00,49.7,144.51,635.55,256.51,SEARCH_Y
15.5573,2.0158,-0.1561,0.0598,0.05310,0.37956,-0.03666,0.00,3.00,0.00,49.8,144.54,635.55,256.51,SEARCH_Y
15.5674,2.1358,0.1838,-0.1301,0.05610,0.37256,-0.03466,0.00,3.00,0.00,49.8,144.57,635.55,256.51,SEARCH_Y
15.5775,1.8458,0.0038,0.3998,0.04110,0.38056,-0.03666,0.00,3.00,0.00,49.8,144.60,635.55,256.51,SEARCH_Y
15.5876,2.0958,-0.2061,-0.2401,0.05410,0.37256,-0.04266,0.00,3.00,0.00,49.8,144.63,635.55,256.51,SEARCH_Y
15.5978,1.9958,-0.2561,0.4898,0.04810,0.37756,-0.03566,0.00,3.00,0.00,49.8,144.66,635.55,256.51,SEARCH_Y
15.6078,1.8558,-0.1961,0.6098,0.03510,0.38456,-0.03966,0.00,3.00,0.00,49.8,144.69,635.55,256.51,SEARCH_Y
15.6180,2.1658,-0.5761,0.5898,0.05710,0.38556,-0.04566,0.00,3.00,0.00,49.8,144.72,635.55,256.51,SEARCH_Y
15.6281,1.7558,-0.2461,0.3098,0.04110,0.38656,-0.03566,0.00,3.00,0.00,49.8,144.75,635.55,256.51,SEARCH_Y
15.6381,1.9758,-0.1961,0.4798,0.05110,0.38556,-0.03666,0.00,3.00,0.00,49.8,144.78,635.55,256.51,SEARCH_Y
15.6482,2.0358,0.0038,-0.0001,0.04210,0.36756,-0.03466,0.00,3.00,0.00,49.9,144.81,635.55,256.51,SEARCH_Y
15.6583,2.0558,-0.3261,0.3998,0.03610,0.36956,-0.04066,0.00,3.00,0.00,49.9,144.84,635.55,256.51,SEARCH_Y
15.6685,2.0358,-0.1661,0.1698,0.06810,0.38956,-0.03666,0.00,3.00,0.00,49.9,144.88,635.56,256.51,SEARCH_Y
15.6786,2.0358,0.1438,-0.1901,0.04210,0.37256,-0.03666,0.00,3.00,0.00,49.9,144.90,635.56,256.51,SEARCH_Y
15.6887,2.0758,0.1738,-0.0501,0.04710,0.37256,-0.03666,0.00,3.00,0.00,49.9,144.94,635.56,256.51,SEARCH_Y
15.6989,2.0158,-0.1361,0.0498,0.04710,0.37056,-0.03766,0.00,3.00,0.00,49.9,144.96,635.56,256.51,SEARCH_Y
15.7090,2.0358,0.0838,-0.1501,0.05110,0.37656,-0.03566,0.00,3.00,0.00,49.9,145.00,635.56,256.51,SEARCH_Y
15.7191,2.2558,-0.0661,0.1498,0.05610,0.36756,-0.03866,0.00,3.00,0.00,49.9,145.02,635.56,256.51,SEARCH_Y
15.7292,2.3458,0.0238,-0.3101,0.04510,0.36556,-0.04166,0.00,3.00,0.00,50.0,145.06,635.56,256.51,SEARCH_Y
15.7394,1.9558,-0.0761,0.0398,0.04910,0.37256,-0.03566,0.00,3.00,0.00,50.0,145.08,635.56,256.51,SEARCH_Y
15.7495,1.9758,0.1738,0.0198,0.04010,0.37756,-0.03566,0.00,3.00,0.00,50.0,145.12,635.56,256.51,SEARCH_Y
15.7596,2.1758,-0.0861,0.1398,0.05810,0.37056,-0.03766,0.00,3.00,0.00,50.0,145.14,635.56,256.51,SEARCH_Y
15.7697,2.0158,-0.3861,0.3098,0.06110,0.38956,-0.04166,0.00,3.00,0.00,50.0,145.18,635.56,256.51,SEARCH_Y
15.7799,2.1258,0.0338,0.0198,0.04710,0.37556,-0.03966,0.00,3.00,0.00,50.0,145.20,635.56,256.51,SEARCH_Y
15.7900,2.1258,-0.2361,0.1798,0.05310,0.38156,-0.03966,0.00,3.00,0.00,50.0,145.24,635.57,256.51,SEARCH_Y
15.8001,1.8558,-0.2761,-0.0001,0.04010,0.37156,-0.03766,0.00,3.00,0.00,50.0,145.27,635.57,256.51,SEARCH_Y
15.8102,2.1858,-0.2561,0.1898,0.04810,0.37356,-0.03966,0.00,3.00,0.00,50.0,145.30,635.57,256.51,SEARCH_Y
15.8203,2.0058,-0.3761,0.3998,0.04410,0.38056,-0.03766,0.00,3.00,0.00,50.1,145.33,635.57,256.51,SEARCH_Y
15.8303,2.1558,-0.2761,-0.0501,0.04910,0.37056,-0.03766,0.00,3.00,0.00,50.1,145.36,635.57,256.51,SEARCH_Y
15.8404,1.9258,-0.1361,-0.0101,0.05510,0.38256,-0.04166,0.00,3.00,0.00,50.1,145.40,635.57,256.51,SEARCH_Y
15.8506,1.9458,-0.0261,-0.1201,0.04310,0.36856,-0.03366,0.00,3.00,0.00,50.1,145.42,635.57,256.51,SEARCH_Y
15.8607,2.0258,-0.1461,-0.0101,0.06110,0.37956,-0.03266,0.00,3.00,0.00,50.1,145.46,635.57,256.51,SEARCH_Y
15.8708,1.9658,-0.0661,0.4298,0.04710,0.38656,-0.03466,0.00,3.00,0.00,50.1,145.48,635.57,256.51,SEARCH_Y
15.8809,2.1758,-0.4461,0.3498,0.05510,0.37856,-0.04066,0.00,3.00,0.00,50.1,145.52,635.57,256.51,SEARCH_Y
15.8910,2.0058,-0.5061,0.4098,0.05010,0.37956,-0.03866,0.00,3.00,0.00,50.1,145.54,635.57,256.51,SEARCH_Y
15.9011,2.0458,-0.3761,0.2898,0.05310,0.37756,-0.03966,0.00,3.00,0.00,50.2,145.58,635.58,256.51,SEARCH_Y
15.9113,2.0258,-0.1461,0.1698,0.06910,0.37856,-0.03666,0.00,3.00,0.00,50.2,145.60,635.58,256.51,SEARCH_Y
15.9215,2.0658,-0.1761,0.1298,0.05210,0.38256,-0.03466,0.00,3.00,0.00,50.2,145.64,635.58,256.51,SEARCH_Y
15.9316,2.2358,-0.0961,0.0898,0.04510,0.36956,-0.03266,0.00,3.00,0.00,50.2,145.66,635.58,256.51,SEARCH_Y
15.9417,2.0458,-0.1761,0.4398,0.04110,0.36456,-0.03566,0.00,3.00,0.00,50.2,145.70,635.58,256.51,SEARCH_Y
15.9518,2.0358,-0.1961,0.0498,0.05310,0.36956,-0.03466,0.00,3.00,0.00,50.2,145.72,635.58,256.51,SEARCH_Y
15.9619,2.2558,0.0238,0.1698,0.05110,0.36256,-0.03666,0.00,3.00,0.00,50.2,145.76,635.58,256.51,SEARCH_Y
15.9721,1.9558,-0.2361,0.4198,0.06010,0.39256,-0.03466,0.00,3.00,0.00,50.2,145.78,635.58,256.51,SEARCH_Y
15.9822,2.0458,-0.0761,0.2098,0.04710,0.37156,-0.03566,0.00,3.00,0.00,50.3,145.82,635.58,256.51,SEARCH_Y
15.9923,2.2058,-0.1161,-0.0501,0.05610,0.37156,-0.03666,0.00,3.00,0.00,50.3,145.84,635.58,256.51,SEARCH_Y
16.0024,2.1758,-0.3361,0.4098,0.06210,0.38356,-0.03766,0.00,3.00,0.00,50.3,145.88,635.58,256.51,SEARCH_Y
16.0125,2.0858,-0.4061,0.3298,0.05710,0.37656,-0.03966,0.00,3.00,0.00,50.3,145.92,635.58,256.51,SEARCH_Y
16.0226,2.0158,-0.2761,0.0898,0.05910,0.38056,-0.03566,0.00,3.00,0.00,50.3,145.94,635.59,256.51,SEARCH_Y
16.0327,1.9958,-0.1361,0.1998,0.04610,0.37656,-0.03766,0.00,3.00,0.00,50.3,145.98,635.59,256.51,SEARCH_Y
16.0428,2.0758,-0.1461,-0.3801,0.04710,0.36256,-0.03566,0.00,3.00,0.00,50.3,146.00,635.59,256.51,SEARCH_Y
16.0529,1.9958,-0.4561,0.3898,0.03910,0.36556,-0.03666,0.00,3.00,0.00,50.3,146.04,635.59,256.51,SEARCH_Y
16.0630,1.8558,-0.3261,0.3798,0.05410,0.37956,-0.03266,0.00,3.00,0.00,50.3,146.06,635.59,256.51,SEARCH_Y
16.0732,2.1858,-0.1461,0.0898,0.04910,0.35956,-0.03166,0.00,3.00,0.00,50.4,146.10,635.59,256.51,SEARCH_Y
16.0833,1.9158,-0.0061,0.0198,0.04310,0.36856,-0.03566,0.00,3.00,0.00,50.4,146.12,635.59,256.51,SEARCH_Y
16.0934,2.2958,0.1338,0.1798,0.04510,0.36656,-0.03366,0.00,3.00,0.00,50.4,146.16,635.59,256.51,SEARCH_Y
16.1035,2.1858,-0.4261,0.3098,0.07310,0.37956,-0.03866,0.00,3.00,0.00,50.4,146.18,635.59,256.51,SEARCH_Y
16.1136,2.1058,-0.2261,0.3198,0.04010,0.36356,-0.03966,0.00,3.00,0.00,50.4,146.22,635.59,256.51,SEARCH_Y
16.1238,2.0358,-0.3261,0.3698,0.06510,0.38556,-0.03766,0.00,3.00,0.00,50.4,146.24,635.59,256.51,SEARCH_Y
16.1339,1.9058,-0.2261,-0.0101,0.04710,0.37556,-0.03166,0.00,3.00,0.00,50.4,146.28,635.59,256.51,SEARCH_Y
16.1440,2.3058,-0.2961,0.1498,0.06710,0.37456,-0.04066,0.00,3.00,0.00,50.4,146.30,635.60,256.51,SEARCH_Y
16.1541,2.0158,-0.2761,0.2398,0.04210,0.36856,-0.03966,0.00,3.00,0.00,50.5,146.34,635.60,256.51,SEARCH_Y
16.1642,2.2258,0.2838,0.0098,0.06210,0.36556,-0.03266,0.00,3.00,0.00,50.5,146.36,635.60,256.51,SEARCH_Y
16.1743,1.8558,0.0138,-0.0001,0.04310,0.37956,-0.03266,0.00,3.00,0.00,50.5,146.40,635.60,256.52,SEARCH_Y
16.1844,2.0158,-0.1661,-0.1901,0.05310,0.37156,-0.03766,0.00,3.00,0.00,50.5,146.43,635.60,256.52,SEARCH_Y
16.1946,1.8958,0.3838,-0.3601,0.03210,0.36556,-0.03266,0.00,3.00,0.00,50.5,146.46,635.60,256.52,SEARCH_Y
16.2047,2.0458,-0.2261,0.2498,0.06810,0.38056,-0.03566,0.00,3.00,0.00,50.5,146.49,635.60,256.52,SEARCH_Y
16.2148,1.8758,-0.1261,0.2998,0.03210,0.37156,-0.03466,0.00,3.00,0.00,50.5,146.52,635.60,256.52,SEARCH_Y
16.2249,1.8058,-0.0261,0.2098,0.04710,0.38056,-0.03366,0.00,3.00,0.00,50.6,146.55,635.60,256.52,SEARCH_Y
16.2350,1.9458,-0.0561,0.2398,0.05210,0.38156,-0.03466,0.00,3.00,0.00,50.6,146.58,635.60,256.52,SEARCH_Y
16.2451,2.1258,-0.2661,-0.1001,0.04810,0.36656,-0.03766,0.00,3.00,0.00,50.6,146.61,635.60,256.52,SEARCH_Y
16.2552,1.9758,-0.3261,0.2598,0.04110,0.36656,-0.03666,0.00,3.00,0.00,50.6,146.64,635.60,256.52,SEARCH_Y
16.2654,2.0658,-0.2261,0.1098,0.06010,0.37656,-0.03266,0.00,3.00,0.00,50.6,146.67,635.61,256.52,SEARCH_Y
16.2755,1.7858,-0.0861,0.1398,0.03310,0.36956,-0.03266,0.00,3.00,0.00,50.6,146.70,635.61,256.52,SEARCH_Y
16.2856,2.2658,-0.3261,0.3198,0.05410,0.37756,-0.03466,0.00,3.00,0.00,50.6,146.73,635.61,256.52,SEARCH_Y
16.2957,1.7958,-0.1761,0.3798,0.03510,0.37956,-0.03666,0.00,3.00,0.00,50.6,146.76,635.61,256.52,SEARCH_Y
16.3058,2.0458,-0.1661,0.2198,0.05410,0.38656,-0.04266,0.00,3.00,0.00,50.7,146.80,635.61,256.52,SEARCH_Y
16.3160,1.8358,-0.0761,-0.1501,0.03210,0.37756,-0.03366,0.00,3.00,0.00,50.7,146.82,635.61,256.52,SEARCH_Y
16.3261,2.2158,-0.0661,0.0398,0.05510,0.37256,-0.03666,0.00,3.00,0.00,50.7,146.86,635.61,256.52,SEARCH_Y
16.3362,1.8858,-0.2361,0.2398,0.03810,0.37956,-0.03666,0.00,3.00,0.00,50.7,146.88,635.61,256.52,SEARCH_Y
16.3463,2.1058,-0.0261,0.1698,0.05810,0.38456,-0.03666,0.00,3.00,0.00,50.7,146.92,635.61,256.52,SEARCH_Y
16.3565,1.8358,-0.0261,-0.0401,0.03610,0.37956,-0.03266,0.00,3.00,0.00,50.7,146.95,635.61,256.52,SEARCH_Y
16.3666,1.9858,-0.2461,0.5398,0.05710,0.38456,-0.03666,0.00,3.00,0.00,50.7,146.98,635.61,256.52,SEARCH_Y
16.3767,2.2258,-0.4161,0.4198,0.07510,0.38756,-0.03366,0.00,3.00,0.00,50.7,147.01,635.62,256.52,SEARCH_Y
16.3868,1.9658,-0.1461,0.3898,0.06010,0.38756,-0.03166,0.00,3.00,0.00,50.8,147.04,635.62,256.52,SEARCH_Y
16.3969,2.2458,-0.2161,0.1298,0.06110,0.37156,-0.03566,0.00,3.00,0.00,50.8,147.07,635.62,256.52,SEARCH_Y
16.4070,2.1158,-0.5361,0.6498,0.05910,0.38556,-0.03866,0.00,3.00,0.00,50.8,147.10,635.62,256.52,SEARCH_Y
16.4171,1.9858,-0.6261,0.6698,0.03310,0.37456,-0.03866,0.00,3.00,0.00,50.8,147.13,635.62,256.52,SEARCH_Y
16.4272,2.1558,-0.4361,0.2198,0.07310,0.38656,-0.03766,0.00,3.00,0.00,50.8,147.16,635.62,256.52,SEARCH_Y
16.4374,2.0858,-0.2461,0.3198,0.07510,0.39056,-0.03366,0.00,3.00,0.00,50.8,147.19,635.62,256.52,SEARCH_Y
16.4475,2.1058,-0.2961,0.0798,0.06610,0.38556,-0.03466,0.00,3.00,0.00,50.8,147.22,635.62,256.52,SEARCH_Y
16.4576,1.9658,0.1438,-0.0401,0.03110,0.37056,-0.03166,0.00,3.00,0.00,50.8,147.25,635.62,256.52,SEARCH_Y
16.4677,2.0858,0.0338,0.0298,0.04310,0.37756,-0.03166,0.00,3.00,0.00,50.9,147.28,635.62,256.52,SEARCH_Y
16.4778,2.0358,-0.0661,-0.1301,0.03710,0.37056,-0.03566,0.00,3.00,0.00,50.9,147.31,635.62,256.52,SEARCH_Y
16.4879,2.1958,-0.0961,0.1798,0.06610,0.39356,-0.03466,0.00,3.00,0.00,50.9,147.34,635.62,256.52,SEARCH_Y
16.4980,2.1458,-0.2561,-0.1901,0.04610,0.38056,-0.03666,0.00,3.00,0.00,50.9,147.37,635.63,256.52,SEARCH_Y
16.5082,2.0458,-0.1561,0.1098,0.07010,0.39056,-0.03466,0.00,3.00,0.00,50.9,147.40,635.63,256.52,SEARCH_Y
16.5183,2.0258,-0.3661,0.3298,0.04310,0.38156,-0.03566,0.00,3.00,0.00,50.9,147.43,635.63,256.52,SEARCH_Y
16.5284,1.9658,-0.3361,0.5798,0.05410,0.38856,-0.03366,0.00,3.00,0.00,50.9,147.46,635.63,256.52,SEARCH_Y
16.5385,2.0958,-0.0961,0.1798,0.06110,0.38656,-0.03266,0.00,3.00,0.00,50.9,147.49,635.63,256.52,SEARCH_Y
16.5487,1.9858,-0.1761,0.3398,0.04710,0.38056,-0.03366,0.00,3.00,0.00,51.0,147.53,635.63,256.52,SEARCH_Y
16.5588,2.1858,-0.3361,0.4698,0.05510,0.38956,-0.03866,0.00,3.00,0.00,51.0,147.55,635.63,256.52,SEARCH_Y
16.5689,1.9158,0.2038,0.1598,0.02510,0.38256,-0.03666,0.00,3.00,0.00,51.0,147.59,635.63,256.52,SEARCH_Y
16.5790,2.0658,0.1938,-0.0001,0.03110,0.37656,-0.03566,0.00,3.00,0.00,51.0,147.61,635.63,256.52,SEARCH_Y
16.5891,1.9758,0.2638,-0.1401,0.02210,0.38156,-0.03766,0.00,3.00,0.00,51.0,147.65,635.63,256.52,SEARCH_Y
16.5992,2.1958,-0.2461,0.3098,0.02510,0.37556,-0.03666,0.00,3.00,0.00,51.0,147.67,635.63,256.52,SEARCH_Y
16.6093,1.9458,0.1538,0.2598,0.03110,0.38156,-0.03166,0.00,3.00,0.00,51.0,147.71,635.64,256.52,SEARCH_Y
16.6194,2.1558,-0.3361,0.2598,0.06010,0.39156,-0.03366,0.00,3.00,0.00,51.1,147.73,635.64,256.52,SEARCH_Y
16.6296,2.1558,-0.2161,0.2298,0.03210,0.38256,-0.03766,0.00,3.00,0.00,51.1,147.77,635.64,256.52,SEARCH_Y
16.6397,2.0958,0.1038,0.1598,0.03210,0.38256,-0.03266,0.00,3.00,0.00,51.1,147.79,635.64,256.52,SEARCH_Y
16.6498,1.9958,-0.2161,0.2698,0.03710,0.38656,-0.03666,0.00,3.00,0.00,51.1,147.83,635.64,256.52,SEARCH_Y
16.6599,2.2358,-0.0861,-0.0001,0.04910,0.37756,-0.03566,0.00,3.00,0.00,51.1,147.86,635.64,256.52,SEARCH_Y
16.6700,2.0958,-0.2161,0.0598,0.06710,0.38356,-0.03166,0.00,3.00,0.00,51.1,147.89,635.64,256.52,SEARCH_Y
16.6801,1.9158,0.0038,0.2098,0.04410,0.38156,-0.03266,0.00,3.00,0.00,51.1,147.92,635.64,256.52,SEARCH_Y
16.6903,1.9958,-0.1461,0.5198,0.05210,0.37756,-0.03466,0.00,3.00,0.00,51.1,147.95,635.64,256.52,SEARCH_Y
16.7004,1.9458,-0.0961,0.3698,0.06310,0.38556,-0.02966,0.00,3.00,0.00,51.2,147.98,635.64,256.52,SEARCH_Y
16.7105,2.2758,-0.6461,0.2698,0.05510,0.37356,-0.03866,0.00,3.00,0.00,51.2,148.01,635.64,256.52,SEARCH_Y
16.7206,1.9658,-0.7561,0.8398,0.04810,0.38256,-0.03666,0.00,3.00,0.00,51.2,148.05,635.64,256.52,SEARCH_Y
16.7307,2.2558,-0.3161,0.1998,0.06110,0.37356,-0.03466,0.00,3.00,0.00,51.2,148.07,635.65,256.52,SEARCH_Y
16.7408,2.1658,-0.0361,-0.1401,0.05410,0.38056,-0.03466,0.00,3.00,0.00,51.2,148.11,635.65,256.52,SEARCH_Y
16.7510,2.0458,-0.0961,-0.0001,0.02510,0.37756,-0.03466,0.00,3.00,0.00,51.2,148.13,635.65,256.52,SEARCH_Y
16.7611,2.1058,0.2638,-0.0601,0.02110,0.37556,-0.03266,0.00,3.00,0.00,51.2,148.17,635.65,256.52,SEARCH_Y
16.7712,2.0358,-0.0261,0.0798,0.02710,0.37856,-0.03266,0.00,3.00,0.00,51.3,148.19,635.65,256.52,SEARCH_Y
16.7813,2.2158,-0.1561,0.0298,0.04910,0.37756,-0.03266,0.00,3.00,0.00,51.3,148.23,635.65,256.52,SEARCH_Y
16.7915,1.9758,-0.0061,0.1198,0.03310,0.37956,-0.03266,0.00,3.00,0.00,51.3,148.25,635.65,256.52,SEARCH_Y
16.8016,2.2458,-0.0961,0.3198,0.05910,0.38056,-0.03366,0.00,3.00,0.00,51.3,148.29,635.65,256.52,SEARCH_Y
16.8117,1.8958,-0.0261,0.3498,0.03710,0.37856,-0.03066,0.00,3.00,0.00,51.3,148.31,635.65,256.52,SEARCH_Y
16.8218,1.7758,0.0538,0.1998,0.02710,0.37056,-0.03366,0.00,3.00,0.00,51.3,148.35,635.65,256.52,SEARCH_Y
16.8319,2.1658,-0.2361,0.0598,0.06310,0.37756,-0.03166,0.00,3.00,0.00,51.3,148.37,635.65,256.52,SEARCH_Y
16.8420,1.9958,-0.3761,0.1198,0.06310,0.37256,-0.03166,0.00,3.00,0.00,51.3,148.41,635.65,256.52,SEARCH_Y
16.8521,2.2758,-0.4661,0.0798,0.09110,0.38556,-0.03766,0.00,3.00,0.00,51.4,148.43,635.66,256.52,SEARCH_Y
16.8622,2.2358,-0.2561,0.0698,0.07210,0.37956,-0.03266,0.00,3.00,0.00,51.4,148.47,635.66,256.53,SEARCH_Y
16.8723,1.9558,-0.2061,-0.1801,0.05610,0.37856,-0.03466,0.00,3.00,0.00,51.4,148.49,635.66,256.53,SEARCH_Y
16.8825,2.0158,-0.0861,0.0398,0.05110,0.38256,-0.03266,0.00,3.00,0.00,51.4,148.53,635.66,256.53,SEARCH_Y
16.8926,1.9458,0.1138,0.1698,0.04010,0.38156,-0.03266,0.00,3.00,0.00,51.4,148.57,635.66,256.53,SEARCH_Y
16.9027,1.9158,-0.0761,-0.0501,0.03810,0.38656,-0.03466,0.00,3.00,0.00,51.4,148.59,635.66,256.53,SEARCH_Y
16.9128,1.8358,0.0938,-0.1701,0.02010,0.37356,-0.03366,0.00,3.00,0.00,51.4,148.63,635.66,256.53,SEARCH_Y
16.9229,2.0758,0.0138,0.1498,0.02510,0.37556,-0.03166,0.00,3.00,0.00,51.5,148.65,635.66,256.53,SEARCH_Y
16.9330,1.9258,0.1838,0.1098,0.02410,0.36756,-0.02766,0.00,3.00,0.00,51.5,148.69,635.66,256.53,SEARCH_Y
16.9431,1.9558,0.3238,-0.2801,0.01410,0.34756,-0.03066,0.00,3.00,0.00,51.5,148.71,635.66,256.53,SEARCH_Y
16.9533,2.0058,-0.0061,0.2098,0.04910,0.38156,-0.02766,0.00,3.00,0.00,51.5,148.75,635.66,256.53,SEARCH_Y
16.9634,1.9858,-0.0961,0.2998,0.03810,0.36556,-0.02866,0.00,3.00,0.00,51.5,148.77,635.66,256.53,SEARCH_Y
16.9735,1.9658,-0.3661,0.2598,0.06710,0.38256,-0.03366,0.00,3.00,0.00,51.5,148.81,635.67,256.53,SEARCH_Y
16.9836,2.0658,-0.3761,0.2398,0.07210,0.38356,-0.03366,0.00,3.00,0.00,51.5,148.83,635.67,256.53,SEARCH_Y
16.9937,2.0658,0.0438,-0.1001,0.05610,0.36856,-0.03066,0.00,3.00,0.00,51.6,148.87,635.67,256.53,SEARCH_Y
17.0039,2.0458,-0.0261,0.0898,0.05810,0.37556,-0.03166,0.00,3.00,0.00,51.6,148.89,635.67,256.53,SEARCH_Y
17.0140,2.1858,-0.3061,-0.0801,0.06810,0.38156,-0.03166,0.00,3.00,0.00,51.6,148.93,635.67,256.53,SEARCH_Y
17.0241,2.1858,-0.0561,-0.0701,0.06410,0.36956,-0.03566,0.00,3.00,0.00,51.6,148.95,635.67,256.53,SEARCH_Y
17.0343,1.7258,-0.0361,0.1598,0.03410,0.37856,-0.03166,0.00,3.00,0.00,51.6,148.99,635.67,256.53,SEARCH_Y
17.0444,2.1158,-0.4661,0.5798,0.06310,0.39356,-0.03266,0.00,3.00,0.00,51.6,149.01,635.67,256.53,SEARCH_Y
17.0545,1.9158,-0.1761,-0.0201,0.03810,0.37256,-0.03366,0.00,3.00,0.00,51.6,149.05,635.67,256.53,SEARCH_Y
17.0646,2.1458,-0.1761,0.3998,0.04210,0.38156,-0.03366,0.00,3.00,0.00,51.6,149.08,635.67,256.53,SEARCH_Y
17.0747,1.9758,-0.2561,0.2798,0.04010,0.37856,-0.02766,0.00,3.00,0.00,51.7,149.11,635.67,256.53,SEARCH_Y
17.0848,1.8558,-0.0761,0.0998,0.04110,0.38156,-0.03066,0.00,3.00,0.00,51.7,149.14,635.68,256.53,SEARCH_Y
17.0949,1.8558,0.0538,0.0298,0.03610,0.37356,-0.03366,0.00,3.00,0.00,51.7,149.17,635.68,256.53,SEARCH_Y
17.1050,2.1458,-0.1461,0.2298,0.06610,0.38556,-0.03066,0.00,3.00,0.00,51.7,149.20,635.68,256.53,SEARCH_Y
17.1151,2.2558,-0.1361,0.1098,0.06010,0.37656,-0.03066,0.00,3.00,0.00,51.7,149.23,635.68,256.53,SEARCH_Y
17.1253,2.0558,-0.4361,0.4198,0.06010,0.38356,-0.03566,0.00,3.00,0.00,51.7,149.26,635.68,256.53,SEARCH_Y
17.1353,2.0458,-0.0561,-0.0101,0.04510,0.36956,-0.03266,0.00,3.00,0.00,51.7,149.29,635.68,256.53,SEARCH_Y
17.1455,1.9658,-0.0661,-0.1001,0.04110,0.37956,-0.03566,0.00,3.00,0.00,51.8,149.32,635.68,256.53,SEARCH_Y
17.1556,2.1358,-0.4661,0.4898,0.06910,0.38856,-0.03066,0.00,3.00,0.00,51.8,149.35,635.68,256.53,SEARCH_Y
17.1657,2.1758,-0.1761,-0.3801,0.06910,0.37256,-0.03366,0.00,3.00,0.00,51.8,149.39,635.68,256.53,SEARCH_Y
17.1758,2.0358,0.2938,-0.3301,0.04110,0.36656,-0.03066,0.00,3.00,0.00,51.8,149.41,635.68,256.53,SEARCH_Y
17.1860,2.1058,-0.0961,0.0098,0.05410,0.37656,-0.02766,0.00,3.00,0.00,51.8,149.45,635.68,256.53,SEARCH_Y
17.1961,2.0158,-0.0561,0.2598,0.04210,0.37756,-0.03066,0.00,3.00,0.00,51.8,149.47,635.68,256.53,SEARCH_Y
17.2062,1.9358,0.1138,-0.1401,0.02810,0.35956,-0.02866,0.00,3.00,0.00,51.8,149.51,635.69,256.53,SEARCH_Y
17.2163,2.1358,0.1938,0.0798,0.04310,0.37056,-0.02766,0.00,3.00,0.00,51.9,149.53,635.69,256.53,SEARCH_Y
17.2265,2.0058,-0.0261,0.0698,0.05510,0.38056,-0.02866,0.00,3.00,0.00,51.9,149.57,635.69,256.53,SEARCH_Y
17.2366,2.1258,-0.4261,0.1198,0.06110,0.38156,-0.03466,0.00,3.00,0.00,51.9,149.60,635.69,256.53,SEARCH_Y
17.2467,2.0558,0.2038,-0.0501,0.03910,0.37056,-0.02866,0.00,3.00,0.00,51.9,149.63,635.69,256.53,SEARCH_Y
17.2568,2.1558,0.1338,-0.1201,0.04210,0.36556,-0.03266,0.00,3.00,0.00,51.9,149.66,635.69,256.53,SEARCH_Y
17.2669,2.1358,-0.6261,0.4798,0.05510,0.37756,-0.03766,0.00,3.00,0.00,51.9,149.69,635.69,256.53,SEARCH_Y
17.2771,1.9258,-0.2261,0.0698,0.05010,0.37056,-0.03066,0.00,3.00,0.00,51.9,149.72,635.69,256.53,SEARCH_Y
17.2872,2.0758,-0.2961,0.3498,0.06410,0.38456,-0.03066,0.00,3.00,0.00,52.0,149.75,635.69,256.53,SEARCH_Y
17.2973,2.1658,-0.2061,0.0298,0.06310,0.36356,-0.02666,0.00,3.00,0.00,52.0,149.78,635.69,256.53,SEARCH_Y
17.3074,2.2158,-0.6461,0.5998,0.05910,0.37356,-0.03666,0.00,3.00,0.00,52.0,149.81,635.69,256.53,SEARCH_Y
17.3175,1.9558,-0.0761,0.0198,0.02810,0.36656,-0.03166,0.00,3.00,0.00,52.0,149.84,635.69,256.53,SEARCH_Y
17.3277,2.0158,-0.2761,0.2798,0.04710,0.37856,-0.02566,0.00,3.00,0.00,52.0,149.87,635.70,256.53,SEARCH_Y
17.3378,1.9558,-0.4561,0.2698,0.05610,0.38056,-0.02966,0.00,3.00,0.00,52.0,149.90,635.70,256.53,SEARCH_Y
17.3479,2.1458,-0.2461,0.1598,0.05810,0.38056,-0.03966,0.00,3.00,0.00,52.0,149.93,635.70,256.53,SEARCH_Y
17.3580,2.0258,0.0838,-0.1701,0.04110,0.37356,-0.02566,0.00,3.00,0.00,52.1,149.96,635.70,256.53,SEARCH_Y
17.3681,1.9858,-0.1261,0.0798,0.02410,0.36556,-0.02766,0.00,3.00,0.00,52.1,149.99,635.70,256.53,SEARCH_Y
17.3782,2.1258,-0.3461,0.1498,0.04710,0.37356,-0.03466,0.00,3.00,0.00,52.1,150.02,635.70,256.53,SEARCH_Y
17.3884,1.9458,-0.0161,-0.0301,0.04210,0.38056,-0.02966,0.00,3.00,0.00,52.1,150.05,635.70,256.53,SEARCH_Y
17.3985,2.1558,-0.1361,0.1798,0.02710,0.36656,-0.03066,0.00,3.00,0.00,52.1,150.08,635.70,256.53,SEARCH_Y
17.4086,2.2158,-0.1261,0.0098,0.05010,0.36756,-0.03466,0.00,3.00,0.00,52.1,150.12,635.70,256.53,SEARCH_Y
17.4188,1.9858,-0.3761,0.3698,0.07210,0.38756,-0.03066,0.00,3.00,0.00,52.1,150.14,635.70,256.53,SEARCH_Y
17.4289,2.0758,-0.4761,0.2898,0.05010,0.37756,-0.03266,0.00,3.00,0.00,52.2,150.18,635.70,256.53,SEARCH_Y
17.4390,1.9958,-0.1961,0.6398,0.05210,0.38156,-0.02966,0.00,3.00,0.00,52.2,150.20,635.70,256.53,SEARCH_Y
17.4491,2.0258,-0.0261,0.2098,0.05810,0.37656,-0.03166,0.00,3.00,0.00,52.2,150.24,635.71,256.53,SEARCH_Y
17.4592,1.9658,-0.0061,-0.0601,0.04510,0.36956,-0.02966,0.00,3.00,0.00,52.2,150.26,635.71,256.53,SEARCH_Y
17.4693,2.1358,-0.4061,0.2698,0.05810,0.37756,-0.03166,0.00,3.00,0.00,52.2,150.30,635.71,256.53,SEARCH_Y
17.4794,1.8858,-0.6061,0.3498,0.05310,0.37556,-0.03666,0.00,3.00,0.00,52.2,150.32,635.71,256.53,SEARCH_Y
17.4896,1.9458,0.0438,0.0198,0.04810,0.37656,-0.02566,0.00,3.00,0.00,52.2,150.36,635.71,256.53,SEARCH_Y
17.4997,1.9658,-0.2461,0.5098,0.03010,0.38656,-0.02866,0.00,3.00,0.00,52.3,150.39,635.71,256.53,SEARCH_Y
17.5098,2.2558,-0.2061,0.0698,0.05210,0.36156,-0.03066,0.00,3.00,0.00,52.3,150.42,635.71,256.53,SEARCH_Y
17.5199,2.1158,-0.1061,0.0998,0.04110,0.37356,-0.03166,0.00,3.00,0.00,52.3,150.45,635.71,256.53,SEARCH_Y
17.5300,1.8958,0.1938,-0.0601,0.03610,0.37856,-0.02566,0.00,3.00,0.00,52.3,150.48,635.71,256.53,SEARCH_Y
17.5401,2.1358,-0.3461,0.0998,0.06010,0.38356,-0.03266,0.00,3.00,0.00,52.3,150.51,635.71,256.53,SEARCH_Y
17.5503,2.0258,0.0338,-0.1101,0.04410,0.36956,-0.03066,0.00,3.00,0.00,52.3,150.54,635.71,256.53,SEARCH_Y
17.5604,2.1258,-0.0261,-0.0801,0.05410,0.37156,-0.02966,0.00,3.00,0.00,52.3,150.57,635.71,256.54,SEARCH_Y
17.5705,2.0158,-0.3061,0.6198,0.04210,0.38256,-0.03066,0.00,3.00,0.00,52.4,150.60,635.72,256.54,SEARCH_Y
17.5806,2.1558,-0.4361,0.0998,0.06510,0.37456,-0.03366,0.00,3.00,0.00,52.4,150.64,635.72,256.54,SEARCH_Y
17.5907,2.0558,-0.0961,0.2098,0.04810,0.36956,-0.03166,0.00,3.00,0.00,52.4,150.66,635.72,256.54,SEARCH_Y
17.6008,2.0058,-0.0061,0.2198,0.05710,0.37456,-0.02566,0.00,3.00,0.00,52.4,150.70,635.72,256.54,SEARCH_Y
17.6110,1.9658,-0.5961,0.3398,0.04810,0.37556,-0.02866,0.00,3.00,0.00,52.4,150.72,635.72,256.54,SEARCH_Y
17.6211,2.0158,-0.5061,0.3398,0.05410,0.37056,-0.03166,0.00,3.00,0.00,52.4,150.76,635.72,256.54,SEARCH_Y
17.6312,1.9758,-0.3761,0.1898,0.05510,0.37756,-0.03566,0.00,3.00,0.00,52.4,150.78,635.72,256.54,SEARCH_Y
17.6413,2.0958,-0.2761,0.0298,0.03010,0.35556,-0.02866,0.00,3.00,0.00,52.5,150.82,635.72,256.54,SEARCH_Y
17.6514,1.9858,-0.4061,0.0798,0.04410,0.36456,-0.03266,0.00,3.00,0.00,52.5,150.84,635.72,256.54,SEARCH_Y
17.6615,1.9758,-0.3861,0.2698,0.04610,0.37056,-0.02966,0.00,3.00,0.00,52.5,150.88,635.72,256.54,SEARCH_Y
17.6716,1.9058,0.3038,-0.1501,0.02210,0.36356,-0.02266,0.00,3.00,0.00,52.5,150.90,635.72,256.54,SEARCH_Y
17.6817,1.8858,-0.0561,0.1798,0.05510,0.38656,-0.02866,0.00,3.00,0.00,52.5,150.94,635.73,256.54,SEARCH_Y
17.6919,2.1158,-0.1361,0.0898,0.03810,0.35256,-0.03066,0.00,3.00,0.00,52.5,150.96,635.73,256.54,SEARCH_Y
17.7020,1.8058,-0.0861,-0.1301,0.03910,0.36656,-0.02666,0.00,3.00,0.00,52.5,151.00,635.73,256.54,SEARCH_Y
17.7121,1.8658,-0.1061,0.0998,0.03710,0.36556,-0.02766,0.00,3.00,0.00,52.6,151.02,635.73,256.54,SEARCH_Y
17.7223,1.9458,0.0038,0.1598,0.04410,0.36756,-0.02466,0.00,3.00,0.00,52.6,151.06,635.73,256.54,SEARCH_Y
17.7324,1.9658,-0.5361,0.3898,0.06410,0.37456,-0.03366,0.00,3.00,0.00,52.6,151.08,635.73,256.54,SEARCH_Y
17.7425,2.1658,-0.1361,0.2098,0.05910,0.36656,-0.03266,0.00,3.00,0.00,52.6,151.12,635.73,256.54,SEARCH_Y
17.7527,2.1258,-0.1261,0.2198,0.04210,0.37356,-0.02866,0.00,3.00,0.00,52.6,151.16,635.73,256.54,SEARCH_Y
17.7628,1.9458,-0.2061,0.0698,0.03010,0.37356,-0.02666,0.00,3.00,0.00,52.6,151.18,635.73,256.54,SEARCH_Y
17.7729,2.1858,-0.3061,0.2398,0.08010,0.37956,-0.03566,0.00,3.00,0.00,52.7,151.22,635.73,256.54,SEARCH_Y
17.7830,1.9058,-0.2161,0.2198,0.03710,0.37656,-0.03266,0.00,3.00,0.00,52.7,151.24,635.73,256.54,SEARCH_Y
17.7931,2.0458,-0.0961,0.3098,0.02810,0.36656,-0.02566,0.00,3.00,0.00,52.7,151.28,635.73,256.54,SEARCH_Y
17.8032,2.0058,-0.2461,0.3398,0.04810,0.37256,-0.02366,0.00,3.00,0.00,52.7,151.30,635.74,256.54,SEARCH_Y
17.8133,1.8258,0.1938,-0.2001,0.03310,0.36556,-0.02966,0.00,3.00,0.00,52.7,151.34,635.74,256.54,SEARCH_Y
17.8234,2.0558,-0.1461,0.2198,0.03310,0.37556,-0.02766,0.00,3.00,0.00,52.7,151.36,635.74,256.54,SEARCH_Y
17.8335,1.9958,-0.1861,0.0198,0.03910,0.37656,-0.02566,0.00,3.00,0.00,52.7,151.40,635.74,256.54,SEARCH_Y
17.8437,2.0058,-0.1161,0.1998,0.05010,0.37256,-0.03066,0.00,3.00,0.00,52.8,151.42,635.74,256.54,SEARCH_Y
17.8538,1.9358,-0.4461,0.6898,0.06710,0.39956,-0.03466,0.00,3.00,0.00,52.8,151.46,635.74,256.54,SEARCH_Y
17.8639,1.8458,-0.2561,0.1598,0.02310,0.36656,-0.02866,0.00,3.00,0.00,52.8,151.48,635.74,256.54,SEARCH_Y
17.8740,1.9158,-0.6561,0.5798,0.04010,0.37156,-0.02966,0.00,3.00,0.00,52.8,151.52,635.74,256.54,SEARCH_Y
17.8842,2.0258,-0.4161,0.1198,0.07510,0.38456,-0.03366,0.00,3.00,0.00,52.8,151.54,635.74,256.54,SEARCH_Y
17.8943,2.1058,-0.4561,0.6098,0.04210,0.37156,-0.03366,0.00,3.00,0.00,52.8,151.58,635.74,256.54,SEARCH_Y
17.9044,1.9058,-0.4161,0.1098,0.03610,0.37656,-0.02366,0.00,3.00,0.00,52.8,151.60,635.74,256.54,SEARCH_Y
17.9145,2.1358,-0.1661,0.2798,0.06110,0.36956,-0.02566,0.00,3.00,0.00,52.9,151.64,635.74,256.54,SEARCH_Y
17.9246,2.1458,-0.1361,0.0798,0.06210,0.38356,-0.03166,0.00,3.00,0.00,52.9,151.67,635.75,256.54,SEARCH_Y
17.9347,1.9958,-0.3861,0.3498,0.04710,0.37156,-0.02566,0.00,3.00,0.00,52.9,151.70,635.75,256.54,SEARCH_Y
17.9448,2.0658,-0.5161,0.7898,0.04910,0.38456,-0.02966,0.00,3.00,0.00,52.9,151.73,635.75,256.54,SEARCH_Y
17.9550,1.9858,0.1538,-0.2801,0.05910,0.37256,-0.02466,0.00,3.00,0.00,52.9,151.76,635.75,256.54,SEARCH_Y
17.9651,1.9758,-0.2861,0.0498,0.04310,0.36456,-0.02966,0.00,3.00,0.00,52.9,151.79,635.75,256.54,SEARCH_Y
17.9752,2.0058,-0.2061,0.3298,0.03710,0.37356,-0.02766,0.00,3.00,0.00,52.9,151.82,635.75,256.54,SEARCH_Y
17.9853,1.8158,-0.0461,0.3198,0.03910,0.38156,-0.02466,0.00,3.00,0.00,53.0,151.85,635.75,256.54,SEARCH_Y
17.9954,2.2458,-0.3861,0.3798,0.06910,0.38556,-0.02966,0.00,3.00,0.00,53.0,151.88,635.75,256.54,SEARCH_Y
18.0055,1.9758,-0.1161,0.1498,0.04710,0.37556,-0.02866,0.00,3.00,0.00,53.0,151.92,635.75,256.54,SEARCH_Y
18.0156,2.2958,-0.1361,0.2298,0.07310,0.37156,-0.02366,0.00,3.00,0.00,53.0,151.94,635.75,256.54,SEARCH_Y
18.0257,1.8058,-0.0561,0.5498,0.03610,0.38556,-0.02866,0.00,3.00,0.00,53.0,151.98,635.75,256.54,SEARCH_Y
18.0358,2.1558,-0.6361,0.3598,0.06910,0.37956,-0.03566,0.00,3.00,0.00,53.0,152.00,635.76,256.54,SEARCH_Y
18.0459,2.0158,-0.2561,0.3598,0.04710,0.37856,-0.02766,0.00,3.00,0.00,53.1,152.04,635.76,256.54,SEARCH_Y
18.0560,2.1358,0.3638,0.0298,0.05410,0.36756,-0.02166,0.00,3.00,0.00,53.1,152.06,635.76,256.54,SEARCH_Y
18.0661,1.8858,-0.1561,0.3898,0.05510,0.37356,-0.02766,0.00,3.00,0.00,53.1,152.10,635.76,256.54,SEARCH_Y
18.0762,1.9658,-0.3561,0.1398,0.04710,0.36756,-0.02766,0.00,3.00,0.00,53.1,152.12,635.76,256.54,SEARCH_Y
18.0864,2.1058,-0.1761,0.0098,0.05110,0.36656,-0.02766,0.00,3.00,0.00,53.1,152.16,635.76,256.54,SEARCH_Y
18.0965,1.9358,-0.4761,0.1498,0.06710,0.38656,-0.02966,0.00,3.00,0.00,53.1,152.18,635.76,256.54,SEARCH_Y
18.1066,2.1558,-0.1261,-0.0901,0.04910,0.36356,-0.02866,0.00,3.00,0.00,53.1,152.22,635.76,256.54,SEARCH_Y
18.1167,2.1758,-0.2761,0.0398,0.03910,0.36356,-0.02566,0.00,3.00,0.00,53.2,152.25,635.76,256.54,SEARCH_Y
18.1268,2.1558,-0.1761,0.0698,0.06110,0.37256,-0.02866,0.00,3.00,0.00,53.2,152.28,635.76,256.54,SEARCH_Y
18.1369,2.0058,0.0838,-0.0701,0.04410,0.37156,-0.01966,0.00,3.00,0.00,53.2,152.31,635.76,256.54,SEARCH_Y
18.1471,1.8958,-0.3461,0.5498,0.03310,0.37756,-0.02966,0.00,3.00,0.00,53.2,152.34,635.76,256.54,SEARCH_Y
18.1572,2.0258,-0.2561,-0.1001,0.04910,0.36256,-0.02566,0.00,3.00,0.00,53.2,152.37,635.77,256.54,SEARCH_Y
18.1673,1.8358,-0.0561,-0.2001,0.01410,0.35456,-0.02366,0.00,3.00,0.00,53.2,152.40,635.77,256.54,SEARCH_Y
18.1774,2.0258,-0.2861,0.2298,0.05110,0.36756,-0.02766,0.00,3.00,0.00,53.3,152.43,635.77,256.54,SEARCH_Y
18.1875,2.2058,-0.5561,0.3898,0.06710,0.36556,-0.02866,0.00,3.00,0.00,53.3,152.46,635.77,256.54,SEARCH_Y
18.1976,1.9658,0.0238,0.1298,0.04410,0.36556,-0.02566,0.00,3.00,0.00,53.3,152.49,635.77,256.54,SEARCH_Y
18.2077,2.3658,-0.1361,0.1598,0.04110,0.36056,-0.02966,0.00,3.00,0.00,53.3,152.52,635.77,256.54,SEARCH_Y
18.2178,1.9858,-0.3161,0.4198,0.05110,0.37656,-0.02766,0.00,3.00,0.00,53.3,152.55,635.77,256.54,SEARCH_Y
18.2279,1.8858,-0.3961,0.0898,0.04810,0.37756,-0.03266,0.00,3.00,0.00,53.3,152.58,635.77,256.54,SEARCH_Y
18.2380,1.8858,-0.4461,0.2798,0.05010,0.38256,-0.02666,0.00,3.00,0.00,53.3,152.61,635.77,256.54,SEARCH_Y
18.2481,1.8758,-0.3061,0.3198,0.02310,0.38556,-0.02566,0.00,3.00,0.00,53.4,152.64,635.77,256.54,SEARCH_Y
18.2582,1.9458,-0.2361,0.0898,0.04010,0.37856,-0.02566,0.00,3.00,0.00,53.4,152.67,635.77,256.55,SEARCH_Y
18.2683,2.0658,-0.3361,0.1998,0.06210,0.37556,-0.02966,0.00,3.00,0.00,53.4,152.70,635.77,256.55,SEARCH_Y
18.2784,2.0158,-0.3361,0.5898,0.04910,0.38856,-0.02566,0.00,3.00,0.00,53.4,152.73,635.78,256.55,SEARCH_Y
18.2885,2.1858,-0.1961,0.2498,0.05710,0.37256,-0.02366,0.00,3.00,0.00,53.4,152.76,635.78,256.55,SEARCH_Y
18.2986,2.0558,-0.3261,0.4398,0.05710,0.37456,-0.02666,0.00,3.00,0.00,53.4,152.79,635.78,256.55,SEARCH_Y
18.3087,2.0358,-0.0561,0.1898,0.04410,0.37656,-0.02766,0.00,3.00,0.00,53.5,152.83,635.78,256.55,SEARCH_Y
18.3188,1.9858,-0.3661,0.3198,0.03610,0.36856,-0.02666,0.00,3.00,0.00,53.5,152.85,635.78,256.55,SEARCH_Y
18.3289,1.9758,-0.0761,0.1998,0.04010,0.36556,-0.02666,0.00,3.00,0.00,53.5,152.89,635.78,256.55,SEARCH_Y
18.3391,1.8658,-0.0461,0.0498,0.04410,0.36156,-0.02466,0.00,3.00,0.00,53.5,152.92,635.78,256.55,SEARCH_Y
18.3492,1.9658,-0.3461,0.5998,0.04310,0.37356,-0.02566,0.00,3.00,0.00,53.5,152.95,635.78,256.55,SEARCH_Y
18.3593,2.0258,-0.2561,0.1798,0.04110,0.35656,-0.02266,0.00,3.00,0.00,53.5,152.98,635.78,256.55,SEARCH_Y
18.3694,2.0558,-0.1161,0.2398,0.04810,0.36456,-0.02866,0.00,3.00,0.00,53.5,153.01,635.78,256.55,SEARCH_Y
18.3795,2.1458,-0.2761,0.2398,0.06710,0.38456,-0.02866,0.00,3.00,0.00,53.6,153.04,635.78,256.55,SEARCH_Y
18.3896,1.9558,-0.1761,0.2098,0.05110,0.37956,-0.02766,0.00,3.00,0.00,53.6,153.07,635.78,256.55,SEARCH_Y
18.3997,2.0558,0.1138,-0.1201,0.05710,0.37256,-0.02466,0.00,3.00,0.00,53.6,153.10,635.79,256.55,SEARCH_Y
18.4098,2.1358,-0.4561,0.3998,0.06010,0.37556,-0.02966,0.00,3.00,0.00,53.6,153.13,635.79,256.55,SEARCH_Y
18.4199,2.0158,-0.1861,-0.0301,0.05710,0.36856,-0.02766,0.00,3.00,0.00,53.6,153.16,635.79,256.55,SEARCH_Y
18.4301,2.0158,0.0838,-0.1601,0.01910,0.35156,-0.01866,0.00,3.00,0.00,53.6,153.19,635.79,256.55,SEARCH_Y
18.4402,2.0058,-0.3161,0.2998,0.04410,0.36956,-0.02866,0.00,3.00,0.00,53.7,153.22,635.79,256.55,SEARCH_Y
18.4503,1.8758,0.1338,0.1298,0.02310,0.36156,-0.02266,0.00,3.00,0.00,53.7,153.25,635.79,256.55,SEARCH_Y
18.4604,2.0758,-0.3661,0.2698,0.07410,0.37956,-0.02666,0.00,3.00,0.00,53.7,153.28,635.79,256.55,SEARCH_Y
18.4706,1.9458,-0.1561,0.2598,0.04210,0.36656,-0.02266,0.00,3.00,0.00,53.7,153.31,635.79,256.55,SEARCH_Y
18.4807,1.8258,-0.0061,0.1398,0.02710,0.35856,-0.02366,0.00,3.00,0.00,53.7,153.35,635.79,256.55,SEARCH_Y
18.4909,2.0358,-0.1361,0.0198,0.05710,0.35856,-0.02566,0.00,3.00,0.00,53.7,153.37,635.79,256.55,SEARCH_Y
18.5010,1.9958,-0.2561,0.3198,0.05310,0.37556,-0.02966,0.00,3.00,0.00,53.8,153.41,635.79,256.55,SEARCH_Y
18.5111,2.1958,-0.3361,0.2798,0.05310,0.36856,-0.02766,0.00,3.00,0.00,53.8,153.43,635.80,256.55,SEARCH_Y
18.5212,2.1458,-0.4961,0.4598,0.05310,0.36856,-0.02666,0.00,3.00,0.00,53.8,153.47,635.80,256.55,SEARCH_Y
18.5313,2.1158,-0.1561,0.1398,0.05710,0.37256,-0.03166,0.00,3.00,0.00,53.8,153.49,635.80,256.55,SEARCH_Y
18.5414,2.1358,-0.4761,0.4698,0.04810,0.38456,-0.02866,0.00,3.00,0.00,53.8,153.53,635.80,256.55,SEARCH_Y
18.5516,2.0958,-0.3461,-0.0801,0.05810,0.37856,-0.02566,0.00,3.00,0.00,53.8,153.55,635.80,256.55,SEARCH_Y
18.5617,1.9958,-0.0261,-0.0201,0.05410,0.37356,-0.03166,0.00,3.00,0.00,53.8,153.59,635.80,256.55,SEARCH_Y
18.5718,2.0458,-0.3761,0.2198,0.04810,0.36756,-0.02566,0.00,3.00,0.00,53.9,153.61,635.80,256.55,SEARCH_Y
18.5819,1.9658,-0.2361,0.2898,0.04110,0.36556,-0.02066,0.00,3.00,0.00,53.9,153.65,635.80,256.55,SEARCH_Y
18.5921,2.0358,-0.3161,0.2698,0.04610,0.36656,-0.02966,0.00,3.00,0.00,53.9,153.67,635.80,256.55,SEARCH_Y
18.6022,1.8558,-0.1261,0.2398,0.06110,0.38156,-0.02466,0.00,3.00,0.00,53.9,153.71,635.80,256.55,SEARCH_Y
18.6123,2.0358,-0.4261,0.4398,0.05410,0.38056,-0.02766,0.00,3.00,0.00,53.9,153.73,635.80,256.55,SEARCH_Y
18.6224,1.7958,-0.2761,0.3798,0.04310,0.37056,-0.02466,0.00,3.00,0.00,53.9,153.77,635.80,256.55,SEARCH_Y
18.6325,2.0858,-0.2061,0.1098,0.07110,0.38156,-0.02566,0.00,3.00,0.00,54.0,153.79,635.81,256.55,SEARCH_Y
18.6426,1.8258,-0.4261,-0.0601,0.03010,0.36756,-0.02766,0.00,3.00,0.00,54.0,153.83,635.81,256.55,SEARCH_Y
18.6527,1.8358,0.0238,-0.0801,0.03810,0.37056,-0.01966,0.00,3.00,0.00,54.0,153.87,635.81,256.55,SEARCH_Y
18.6628,1.9858,-0.0761,0.1098,0.04110,0.36256,-0.02466,0.00,3.00,0.00,54.0,153.89,635.81,256.55,SEARCH_Y
18.6729,1.8458,0.0338,0.0898,0.04110,0.36156,-0.02366,0.00,3.00,0.00,54.0,153.93,635.81,256.55,SEARCH_Y
18.6831,2.1258,-0.5861,0.1498,0.04710,0.36756,-0.02366,0.00,3.00,0.00,54.0,153.95,635.81,256.55,SEARCH_Y
18.6932,1.9158,-0.1861,-0.0301,0.05810,0.37256,-0.02266,0.00,3.00,0.00,54.1,153.99,635.81,256.55,SEARCH_Y
18.7033,2.0658,-0.3161,-0.0101,0.05310,0.36256,-0.02866,0.00,3.00,0.00,54.1,154.01,635.81,256.55,SEARCH_Y
18.7134,1.9158,-0.0161,0.3198,0.05110,0.38056,-0.02166,0.00,3.00,0.00,54.1,154.05,635.81,256.55,SEARCH_Y
18.7235,1.8758,-0.3661,0.4698,0.04010,0.36856,-0.02666,0.00,3.00,0.00,54.1,154.07,635.81,256.55,SEARCH_Y
18.7336,2.0058,-0.0361,0.1998,0.05310,0.37656,-0.01966,0.00,3.00,0.00,54.1,154.11,635.81,256.55,SEARCH_Y
18.7437,2.1058,-0.1061,-0.1201,0.05510,0.35556,-0.02466,0.00,3.00,0.00,54.1,154.13,635.81,256.55,SEARCH_Y
18.7539,2.1058,-0.0861,0.2198,0.04210,0.37356,-0.02566,0.00,3.00,0.00,54.1,154.17,635.82,256.55,SEARCH_Y
18.7639,2.1558,-0.2661,0.5898,0.04910,0.37856,-0.02366,0.00,3.00,0.00,54.2,154.19,635.82,256.55,SEARCH_Y
18.7741,2.0758,-0.3661,0.3598,0.05310,0.37356,-0.03166,0.00,3.00,0.00,54.2,154.23,635.82,256.55,SEARCH_Y
18.7842,1.6958,-0.0661,0.3098,0.02610,0.36656,-0.03066,0.00,3.00,0.00,54.2,154.25,635.82,256.55,SEARCH_Y
18.7943,1.9758,-0.1261,0.5098,0.03310,0.37056,-0.01966,0.00,3.00,0.00,54.2,154.29,635.82,256.55,SEARCH_Y
18.8044,2.0758,-0.1561,0.1998,0.05310,0.35656,-0.02366,0.00,3.00,0.00,54.2,154.31,635.82,256.55,SEARCH_Y
18.8145,1.8958,0.1238,-0.1501,0.03310,0.35556,-0.02466,0.00,3.00,0.00,54.2,154.35,635.82,256.55,SEARCH_Y
18.8246,1.8058,-0.1061,-0.1401,0.03510,0.36456,-0.01866,0.00,3.00,0.00,54.3,154.38,635.82,256.55,SEARCH_Y
18.8347,1.9758,-0.3561,0.2498,0.04910,0.37056,-0.02366,0.00,3.00,0.00,54.3,154.41,635.82,256.55,SEARCH_Y
18.8448,2.0358,-0.1961,0.0798,0.05910,0.37356,-0.02766,0.00,3.00,0.00,54.3,154.45,635.82,256.55,SEARCH_Y
18.8549,2.1458,-0.2061,-0.0701,0.06110,0.37056,-0.02666,0.00,3.00,0.00,54.3,154.47,635.82,256.55,SEARCH_Y
18.8650,2.1358,-0.5461,0.2798,0.06110,0.38356,-0.02766,0.00,3.00,0.00,54.3,154.51,635.82,256.55,SEARCH_Y
18.8751,2.0858,-0.1461,0.0998,0.04010,0.36556,-0.01766,0.00,3.00,0.00,54.3,154.53,635.83,256.55,SEARCH_Y
18.8853,1.9058,-0.2761,0.2698,0.05310,0.37856,-0.02366,0.00,3.00,0.00,54.4,154.57,635.83,256.55,SEARCH_Y
18.8954,1.9258,0.2438,0.0698,0.03310,0.36956,-0.02966,0.00,3.00,0.00,54.4,154.59,635.83,256.55,SEARCH_Y
18.9055,1.9558,0.0338,-0.0001,0.03110,0.36356,-0.01866,0.00,3.00,0.00,54.4,154.63,635.83,256.55,SEARCH_Y
18.9156,1.8258,-0.0961,0.1598,0.06510,0.38256,-0.02366,0.00,3.00,0.00,54.4,154.65,635.83,256.55,SEARCH_Y
18.9257,1.7758,0.1838,-0.1101,0.03010,0.36056,-0.02466,0.00,3.00,0.00,54.4,154.69,635.83,256.55,SEARCH_Y
18.9358,1.8758,-0.4261,0.4198,0.02710,0.36456,-0.01966,0.00,3.00,0.00,54.4,154.71,635.83,256.55,SEARCH_Y
18.9459,2.1958,-0.2861,0.3398,0.06110,0.37556,-0.02566,0.00,3.00,0.00,54.5,154.75,635.83,256.56,SEARCH_Y
18.9560,1.8558,-0.1161,-0.0401,0.04410,0.36056,-0.02366,0.00,3.00,0.00,54.5,154.77,635.83,256.56,SEARCH_Y
18.9661,2.0558,-0.3061,0.3198,0.05610,0.36756,-0.02366,0.00,3.00,0.00,54.5,154.81,635.83,256.56,SEARCH_Y
18.9762,1.9758,-0.3761,0.1498,0.04610,0.36456,-0.02466,0.00,3.00,0.00,54.5,154.83,635.83,256.56,SEARCH_Y
18.9863,1.9358,-0.0061,0.2498,0.05010,0.37256,-0.02366,0.00,3.00,0.00,54.5,154.87,635.84,256.56,SEARCH_Y
18.9964,1.9558,-0.0261,0.0198,0.05710,0.37656,-0.02166,0.00,3.00,0.00,54.5,154.89,635.84,256.56,SEARCH_Y
19.0066,1.9458,-0.5661,0.1898,0.03810,0.37456,-0.02466,0.00,3.00,0.00,54.6,154.93,635.84,256.56,SEARCH_Y
19.0167,2.2358,-0.2561,0.0698,0.05710,0.36756,-0.02466,0.00,3.00,0.00,54.6,154.96,635.84,256.56,SEARCH_Y
19.0268,2.0158,0.1438,-0.0801,0.03710,0.36556,-0.02266,0.00,3.00,0.00,54.6,154.99,635.84,256.56,SEARCH_Y
19.0369,1.9358,-0.1961,0.0798,0.05210,0.37156,-0.02266,0.00,3.00,0.00,54.6,155.02,635.84,256.56,SEARCH_Y
19.0470,1.9158,-0.0061,0.0598,0.05210,0.37556,-0.01966,0.00,3.00,0.00,54.6,155.05,635.84,256.56,SEARCH_Y
19.0571,2.0958,-0.1461,-0.1101,0.04910,0.36056,-0.02466,0.00,3.00,0.00,54.6,155.08,635.84,256.56,SEARCH_Y
19.0673,1.8658,-0.4461,0.1498,0.04110,0.36656,-0.02466,0.00,3.00,0.00,54.6,155.11,635.84,256.56,SEARCH_Y
19.0774,1.8058,-0.5461,0.1898,0.05710,0.36756,-0.02266,0.00,3.00,0.00,54.7,155.14,635.84,256.56,SEARCH_Y
19.0875,1.9258,-0.5761,0.5498,0.04610,0.38356,-0.02666,0.00,3.00,0.00,54.7,155.17,635.84,256.56,SEARCH_Y
19.0976,2.0058,-0.3161,0.0098,0.05810,0.37056,-0.02366,0.00,3.00,0.00,54.7,155.20,635.84,256.56,SEARCH_Y
19.1077,2.0558,-0.3761,0.0898,0.04810,0.36656,-0.02566,0.00,3.00,0.00,54.7,155.23,635.85,256.56,SEARCH_Y
19.1178,1.8358,-0.0161,0.0798,0.03310,0.37256,-0.01966,0.00,3.00,0.00,54.7,155.26,635.85,256.56,SEARCH_Y
19.1279,1.8058,-0.1561,-0.3001,0.04010,0.36256,-0.02666,0.00,3.00,0.00,54.7,155.29,635.85,256.56,SEARCH_Y
19.1380,2.1858,-0.3861,0.1198,0.06810,0.37156,-0.02566,0.00,3.00,0.00,54.8,155.32,635.85,256.56,SEARCH_Y
19.1481,1.9358,0.0438,0.0898,0.05210,0.36456,-0.02266,0.00,3.00,0.00,54.8,155.35,635.85,256.56,SEARCH_Y
19.1583,1.8658,-0.1561,0.0198,0.03210,0.36456,-0.02266,0.00,3.00,0.00,54.8,155.38,635.85,256.56,SEARCH_Y
19.1684,1.9958,-0.2961,0.5498,0.02810,0.36956,-0.02366,0.00,3.00,0.00,54.8,155.41,635.85,256.56,SEARCH_Y
19.1785,2.0158,-0.1261,0.3698,0.05310,0.37556,-0.02366,0.00,3.00,0.00,54.8,155.45,635.85,256.56,SEARCH_Y
19.1886,1.8858,-0.1061,0.1298,0.05310,0.37456,-0.02266,0.00,3.00,0.00,54.8,155.47,635.85,256.56,SEARCH_Y
19.1987,1.8558,0.0438,-0.0301,0.05210,0.36856,-0.02466,0.00,3.00,0.00,54.9,155.51,635.85,256.56,SEARCH_Y
19.2088,2.1058,-0.1361,0.1498,0.05610,0.37056,-0.01766,0.00,3.00,0.00,54.9,155.54,635.85,256.56,SEARCH_Y
19.2190,1.9058,-0.0761,0.1698,0.05210,0.37056,-0.01966,0.00,3.00,0.00,54.9,155.57,635.85,256.56,SEARCH_Y
19.2291,1.8958,-0.1961,0.2998,0.05410,0.37156,-0.02666,0.00,3.00,0.00,54.9,155.60,635.86,256.56,SEARCH_Y
19.2392,2.0858,-0.4661,0.1898,0.06310,0.37256,-0.01966,0.00,3.00,0.00,54.9,155.63,635.86,256.56,SEARCH_Y
19.2493,2.0558,-0.5761,0.3498,0.05510,0.37656,-0.02266,0.00,3.00,0.00,54.9,155.66,635.86,256.56,SEARCH_Y
19.2594,1.9958,-0.2761,0.0198,0.05510,0.37056,-0.02366,0.00,3.00,0.00,55.0,155.69,635.86,256.56,SEARCH_Y
19.2695,2.0558,-0.3461,0.3198,0.07210,0.38056,-0.02366,0.00,3.00,0.00,55.0,155.72,635.86,256.56,SEARCH_Y
19.2796,1.9358,-0.4661,0.5698,0.05210,0.37656,-0.02866,0.00,3.00,0.00,55.0,155.75,635.86,256.56,SEARCH_Y
19.2897,1.9358,0.0238,-0.0001,0.03810,0.36056,-0.02066,0.00,3.00,0.00,55.0,155.78,635.86,256.56,SEARCH_Y
19.2998,1.8858,-0.1061,-0.1001,0.04410,0.36556,-0.01966,0.00,3.00,0.00,55.0,155.81,635.86,256.56,SEARCH_Y
19.3100,1.9158,-0.1261,0.0898,0.04010,0.36756,-0.02266,0.00,3.00,0.00,55.0,155.84,635.86,256.56,SEARCH_Y
19.3201,2.0258,-0.2361,0.1998,0.04610,0.36156,-0.02066,0.00,3.00,0.00,55.1,155.87,635.86,256.56,SEARCH_Y
19.3302,2.0258,-0.2561,-0.0401,0.05010,0.36756,-0.02366,0.00,3.00,0.00,55.1,155.90,635.86,256.56,SEARCH_Y
19.3403,1.9058,-0.2561,-0.0101,0.04310,0.36356,-0.02466,0.00,3.00,0.00,55.1,155.93,635.86,256.56,SEARCH_Y
19.3504,1.9058,0.0738,0.0798,0.02310,0.35656,-0.01866,0.00,3.00,0.00,55.1,155.96,635.87,256.56,SEARCH_Y
19.3606,2.0058,-0.6061,0.5298,0.04910,0.37356,-0.02166,0.00,3.00,0.00,55.1,155.99,635.87,256.56,SEARCH_Y
19.3707,1.9958,-0.2661,-0.0201,0.05110,0.36556,-0.02366,0.00,3.00,0.00,55.1,156.02,635.87,256.56,SEARCH_Y
19.3808,1.8858,-0.4961,0.2098,0.05710,0.36556,-0.02366,0.00,3.00,0.00,55.2,156.06,635.87,256.56,SEARCH_Y
19.3909,2.0058,0.0338,-0.0201,0.04610,0.36156,-0.02166,0.00,3.00,0.00,55.2,156.08,635.87,256.56,SEARCH_Y
19.4010,2.0058,-0.0861,0.3998,0.05310,0.37156,-0.01966,0.00,3.00,0.00,55.2,156.12,635.87,256.56,SEARCH_Y
19.4111,2.1858,-0.3561,0.2798,0.06110,0.36156,-0.02466,0.00,3.00,0.00,55.2,156.14,635.87,256.56,SEARCH_Y
19.4213,1.9358,-0.0961,-0.0301,0.05410,0.36456,-0.02166,0.00,3.00,0.00,55.2,156.18,635.87,256.56,SEARCH_Y
19.4314,2.0558,-0.4061,0.5198,0.04410,0.36956,-0.02366,0.00,3.00,0.00,55.2,156.20,635.87,256.56,SEARCH_Y
19.4415,2.1258,-0.4661,0.4698,0.06910,0.38556,-0.02466,0.00,3.00,0.00,55.3,156.24,635.87,256.56,SEARCH_Y
19.4517,2.1158,-0.1561,0.3198,0.06610,0.36256,-0.02366,0.00,3.00,0.00,55.3,156.26,635.87,256.56,SEARCH_Y
19.4618,1.9158,0.2038,-0.2501,0.04110,0.36056,-0.01966,0.00,3.00,0.00,55.3,156.30,635.87,256.56,SEARCH_Y
19.4719,2.0358,0.0038,0.0198,0.02010,0.35956,-0.01866,0.00,3.00,0.00,55.3,156.32,635.88,256.56,SEARCH_Y
19.4820,2.1458,-0.0561,0.1998,0.06310,0.36756,-0.01766,0.00,3.00,0.00,55.3,156.36,635.88,256.56,SEARCH_Y
19.4922,2.1458,-0.6461,0.4898,0.08110,0.37556,-0.02866,0.00,3.00,0.00,55.3,156.39,635.88,256.56,SEARCH_Y
19.5022,1.9258,-0.0561,-0.1901,0.03210,0.35956,-0.01966,0.00,3.00,0.00,55.4,156.42,635.88,256.56,SEARCH_Y
19.5124,2.1058,-0.3461,0.3598,0.04010,0.38156,-0.02066,0.00,3.00,0.00,55.4,156.45,635.88,256.56,SEARCH_Y
19.5225,1.9458,-0.1161,0.0898,0.04410,0.37356,-0.02366,0.00,3.00,0.00,55.4,156.48,635.88,256.56,SEARCH_Y
19.5327,2.0258,-0.3461,-0.1801,0.04010,0.35956,-0.02266,0.00,3.00,0.00,55.4,156.52,635.88,256.56,SEARCH_Y
19.5428,1.7858,-0.4561,0.3898,0.04310,0.38756,-0.02366,0.00,3.00,0.00,55.4,156.54,635.88,256.56,SEARCH_Y
19.5529,2.1058,-0.0561,-0.0701,0.06010,0.38056,-0.02166,0.00,3.00,0.00,55.5,156.58,635.88,256.56,SEARCH_Y
19.5630,2.0858,-0.3761,0.0598,0.06910,0.38556,-0.02466,0.00,3.00,0.00,55.5,156.60,635.88,256.56,SEARCH_Y
19.5731,2.0858,-0.0161,-0.0401,0.06210,0.38056,-0.02066,0.00,3.00,0.00,55.5,156.64,635.88,256.56,SEARCH_Y
19.5832,2.0058,-0.3361,-0.0301,0.05910,0.38056,-0.02566,0.00,3.00,0.00,55.5,156.66,635.89,256.56,SEARCH_Y
19.5933,1.9758,-0.5561,0.2198,0.05010,0.37156,-0.01866,0.00,3.00,0.00,55.5,156.70,635.89,256.56,SEARCH_Y
19.6034,2.0758,-0.0161,-0.0801,0.05310,0.36956,-0.02366,0.00,3.00,0.00,55.5,156.72,635.89,256.56,SEARCH_Y
19.6135,2.0158,-0.5761,0.1598,0.05910,0.37056,-0.02466,0.00,3.00,0.00,55.6,156.76,635.89,256.56,SEARCH_Y
19.6237,2.4058,-0.2561,0.0198,0.07310,0.36856,-0.01966,0.00,3.00,0.00,55.6,156.78,635.89,256.56,SEARCH_Y
19.6338,1.7858,0.4338,-0.3001,0.02910,0.35756,-0.01366,0.00,3.00,0.00,55.6,156.82,635.89,256.57,SEARCH_Y
19.6439,1.7758,-0.1461,-0.0701,0.03510,0.36756,-0.02266,0.00,3.00,0.00,55.6,156.84,635.89,256.57,SEARCH_Y
19.6541,1.8558,-0.0161,-0.1001,0.02810,0.37256,-0.01866,0.00,3.00,0.00,55.6,156.88,635.89,256.57,SEARCH_Y
19.6642,2.1458,-0.2661,-0.2001,0.04510,0.36656,-0.01966,0.00,3.00,0.00,55.6,156.90,635.89,256.57,SEARCH_Y
19.6743,2.3158,-0.0861,0.0498,0.05610,0.36756,-0.02466,0.00,3.00,0.00,55.7,156.94,635.89,256.57,SEARCH_Y
19.6844,2.2158,-0.2061,0.1598,0.06410,0.37556,-0.01966,0.00,3.00,0.00,55.7,156.96,635.89,256.57,SEARCH_Y
19.6945,2.2258,-0.5861,-0.0201,0.06310,0.37056,-0.02366,0.00,3.00,0.00,55.7,157.00,635.89,256.57,SEARCH_Y
19.7046,2.0058,-0.1861,0.1198,0.05310,0.37156,-0.02266,0.00,3.00,0.00,55.7,157.02,635.90,256.57,SEARCH_Y
19.7147,1.8358,-0.2561,-0.1201,0.02210,0.36856,-0.02066,0.00,3.00,0.00,55.7,157.06,635.90,256.57,SEARCH_Y
19.7249,2.1258,-0.2661,0.1498,0.03310,0.37156,-0.01666,0.00,3.00,0.00,55.7,157.10,635.90,256.57,SEARCH_Y
19.7350,2.1658,-0.4761,0.1298,0.05510,0.36856,-0.02366,0.00,3.00,0.00,55.8,157.12,635.90,256.57,SEARCH_Y
19.7451,1.8358,-0.3061,0.2698,0.02810,0.37256,-0.02166,0.00,3.00,0.00,55.8,157.16,635.90,256.57,SEARCH_Y
19.7552,2.0458,0.1338,-0.1101,0.04410,0.37656,-0.01566,0.00,3.00,0.00,55.8,157.18,635.90,256.57,SEARCH_Y
19.7654,2.2058,-0.3361,-0.0601,0.08010,0.38356,-0.01966,0.00,3.00,0.00,55.8,157.22,635.90,256.57,SEARCH_Y
19.7755,1.8858,-0.2161,0.1398,0.04510,0.36956,-0.02466,0.00,3.00,0.00,55.8,157.24,635.90,256.57,SEARCH_Y
19.7856,2.0358,-0.5061,0.4898,0.05610,0.38256,-0.02666,0.00,3.00,0.00,55.8,157.28,635.90,256.57,SEARCH_Y
19.7957,2.1258,-0.3561,0.4298,0.05110,0.38656,-0.01866,0.00,3.00,0.00,55.9,157.30,635.90,256.57,SEARCH_Y
19.8058,2.2258,-0.2061,0.0398,0.05310,0.36556,-0.02066,0.00,3.00,0.00,55.9,157.34,635.90,256.57,SEARCH_Y
19.8159,1.9758,0.0038,-0.2701,0.05210,0.37556,-0.01866,0.00,3.00,0.00,55.9,157.36,635.90,256.57,SEARCH_Y
19.8261,1.9658,0.2238,-0.1601,0.03610,0.37356,-0.01666,0.00,3.00,0.00,55.9,157.40,635.91,256.57,SEARCH_Y
19.8362,1.9058,-0.1061,0.1898,0.03110,0.37356,-0.02066,0.00,3.00,0.00,55.9,157.42,635.91,256.57,SEARCH_Y
19.8463,2.2158,-0.1861,-0.1201,0.06810,0.37256,-0.02066,0.00,3.00,0.00,55.9,157.46,635.91,256.57,SEARCH_Y
19.8564,2.0558,0.0038,0.1198,0.02610,0.36356,-0.01966,0.00,3.00,0.00,56.0,157.48,635.91,256.57,SEARCH_Y
19.8665,1.7758,-0.3161,0.3498,0.02010,0.38256,-0.02466,0.00,3.00,0.00,56.0,157.52,635.91,256.57,SEARCH_Y
19.8767,2.2158,0.0738,0.2498,0.06810,0.37356,-0.01966,0.00,3.00,0.00,56.0,157.54,635.91,256.57,SEARCH_Y
19.8868,1.8158,-0.1961,0.0598,0.04210,0.37756,-0.01866,0.00,3.00,0.00,56.0,157.58,635.91,256.57,SEARCH_Y
19.8969,1.9658,-0.3861,-0.1901,0.04810,0.36956,-0.01766,0.00,3.00,0.00,56.0,157.61,635.91,256.57,SEARCH_Y
19.9070,1.9458,-0.2861,0.0198,0.06410,0.39756,-0.02066,0.00,3.00,0.00,56.1,157.64,635.91,256.57,SEARCH_Y
19.9171,2.0358,-0.6861,0.3098,0.04010,0.37556,-0.02766,0.00,3.00,0.00,56.1,157.67,635.91,256.57,SEARCH_Y
19.9272,2.0458,-0.1761,0.3298,0.03910,0.37956,-0.02166,0.00,3.00,0.00,56.1,157.70,635.91,256.57,SEARCH_Y
19.9373,2.1158,-0.1161,-0.0601,0.06310,0.38256,-0.01966,0.00,3.00,0.00,56.1,157.73,635.91,256.57,SEARCH_Y
19.9474,2.2958,-0.2361,0.1098,0.07510,0.37456,-0.01966,0.00,3.00,0.00,56.1,157.76,635.92,256.57,SEARCH_Y
19.9576,1.8458,-0.2661,0.2498,0.04210,0.37456,-0.02266,0.00,3.00,0.00,56.1,157.79,635.92,256.57,SEARCH_Y
19.9677,1.8558,-0.4961,0.4098,0.04610,0.38556,-0.02266,0.00,3.00,0.00,56.2,157.82,635.92,256.57,SEARCH_Y
19.9778,2.2358,-0.4561,0.3898,0.06610,0.38056,-0.01666,0.00,3.00,0.00,56.2,157.85,635.92,256.57,SEARCH_Y
19.9880,1.9858,-0.1061,-0.0701,0.03810,0.36656,-0.01766,0.00,3.00,0.00,56.2,157.88,635.92,256.57,SEARCH_Y
19.9981,1.8958,-0.1061,0.0298,0.04010,0.38056,-0.02166,0.00,3.00,0.00,56.2,157.92,635.92,256.57,SEARCH_Y
20.0082,1.8158,0.3338,-0.1601,0.01710,0.35656,-0.01566,0.00,3.00,0.00,56.2,157.94,635.92,256.57,SEARCH_Y
20.0182,2.1658,-0.4461,0.5198,0.05010,0.36756,-0.02366,0.00,3.00,0.00,56.2,157.98,635.92,256.57,SEARCH_Y
20.0284,1.7958,-0.5161,0.2798,0.05410,0.37556,-0.02366,0.00,3.00,0.00,56.3,158.00,635.92,256.57,SEARCH_Y
20.0385,2.0358,-0.0761,0.1098,0.05410,0.37756,-0.01866,0.00,3.00,0.00,56.3,158.04,635.92,256.57,SEARCH_Y
20.0486,2.0158,-0.0861,0.2898,0.05310,0.37756,-0.01766,0.00,3.00,0.00,56.3,158.06,635.92,256.57,SEARCH_Y
20.0587,2.0658,-0.6661,0.2198,0.06710,0.38156,-0.02266,0.00,3.00,0.00,56.3,158.10,635.92,256.57,SEARCH_Y
20.0688,2.0058,-0.0361,-0.1801,0.04010,0.36556,-0.01666,0.00,3.00,0.00,56.3,158.13,635.93,256.57,SEARCH_Y
20.0789,2.2258,-0.3961,-0.1901,0.03910,0.37456,-0.02166,0.00,3.00,0.00,56.3,158.16,635.93,256.57,SEARCH_Y
20.0891,2.0058,-0.0361,-0.2901,0.07810,0.38256,-0.01766,0.00,3.00,0.00,56.4,158.19,635.93,256.57,SEARCH_Y
20.0992,1.9358,0.0638,-0.2201,0.05110,0.36456,-0.02066,0.00,3.00,0.00,56.4,158.22,635.93,256.57,SEARCH_Y
20.1093,2.0658,-0.1661,-0.2201,0.05010,0.37056,-0.01866,0.00,3.00,0.00,56.4,158.25,635.93,256.57,SEARCH_Y
20.1194,2.0458,-0.6461,0.3198,0.07210,0.38756,-0.02166,0.00,3.00,0.00,56.4,158.28,635.93,256.57,SEARCH_Y
20.1295,1.8658,-0.0261,0.1498,0.06210,0.37956,-0.01866,0.00,3.00,0.00,56.4,158.31,635.93,256.57,SEARCH_Y
20.1396,2.0158,-0.0061,0.0198,0.03910,0.36656,-0.01966,0.00,3.00,0.00,56.5,158.34,635.93,256.57,SEARCH_Y
20.1498,2.2558,-0.1261,0.1298,0.04710,0.37556,-0.01966,0.00,3.00,0.00,56.5,158.37,635.93,256.57,SEARCH_Y
20.1599,1.9558,-0.4561,0.1898,0.04610,0.37056,-0.02166,0.00,3.00,0.00,56.5,158.40,635.93,256.57,SEARCH_Y
20.1700,2.0358,-0.3761,0.3598,0.05710,0.38956,-0.02366,0.00,3.00,0.00,56.5,158.43,635.93,256.57,SEARCH_Y
20.1801,2.0658,-0.3161,0.0498,0.03310,0.37356,-0.02066,0.00,3.00,0.00,56.5,158.46,635.93,256.57,SEARCH_Y
20.1902,2.0558,0.0838,-0.0101,0.04310,0.38456,-0.01766,0.00,3.00,0.00,56.5,158.49,635.94,256.57,SEARCH_Y
20.2003,2.0058,-0.3161,0.5098,0.04710,0.38056,-0.01966,0.00,3.00,0.00,56.6,158.52,635.94,256.57,SEARCH_Y
20.2104,1.9658,0.0338,-0.0401,0.03810,0.37456,-0.01466,0.00,3.00,0.00,56.6,158.55,635.94,256.57,SEARCH_Y
20.2206,2.0458,0.0438,0.3398,0.05210,0.39556,-0.01866,0.00,3.00,0.00,56.6,158.58,635.94,256.57,SEARCH_Y
20.2307,2.0658,-0.3761,0.4998,0.04710,0.39256,-0.02366,0.00,3.00,0.00,56.6,158.61,635.94,256.57,SEARCH_Y
20.2408,2.1658,-0.4361,-0.0301,0.08110,0.38956,-0.01966,0.00,3.00,0.00,56.6,158.65,635.94,256.57,SEARCH_Y
20.2510,2.0258,-0.1061,-0.0001,0.04510,0.37756,-0.02066,0.00,3.00,0.00,56.7,158.67,635.94,256.57,SEARCH_Y
20.2611,1.9258,-0.5361,0.1898,0.07510,0.39356,-0.01966,0.00,3.00,0.00,56.7,158.71,635.94,256.57,SEARCH_Y
20.2712,1.9258,-0.5461,0.1398,0.07010,0.39356,-0.01866,0.00,3.00,0.00,56.7,158.73,635.94,256.57,SEARCH_Y
20.2813,1.8158,-0.7061,0.4998,0.06510,0.39856,-0.02566,0.00,3.00,0.00,56.7,158.77,635.94,256.57,SEARCH_Y
20.2914,1.7958,-0.1161,0.1198,0.02810,0.38056,-0.01866,0.00,3.00,0.00,56.7,158.79,635.94,256.57,SEARCH_Y
20.3015,2.0058,-0.3161,0.0798,0.04910,0.38356,-0.02066,0.00,3.00,0.00,56.7,158.83,635.95,256.57,SEARCH_Y
20.3116,2.0358,-0.1461,-0.1301,0.06510,0.38156,-0.01966,0.00,3.00,0.00,56.8,158.86,635.95,256.57,SEARCH_Y
20.3218,2.0558,-0.2961,-0.0501,0.07410,0.38056,-0.01966,0.00,3.00,0.00,56.8,158.89,635.95,256.57,SEARCH_Y
20.3319,1.8858,-0.2461,0.1198,0.03610,0.37756,-0.02066,0.00,3.00,0.00,56.8,158.92,635.95,256.58,SEARCH_Y
20.3420,1.6958,0.0338,0.3898,0.01210,0.38456,-0.01866,0.00,3.00,0.00,56.8,158.95,635.95,256.58,SEARCH_Y
20.3521,2.0458,-0.2361,0.4298,0.06310,0.39656,-0.01966,0.00,3.00,0.00,56.8,158.98,635.95,256.58,SEARCH_Y
20.3623,1.8958,-0.1861,0.2898,0.04810,0.37756,-0.01766,0.00,3.00,0.00,56.8,159.01,635.95,256.58,SEARCH_Y
20.3724,1.9058,0.0138,-0.0701,0.03210,0.37756,-0.01666,0.00,3.00,0.00,56.9,159.04,635.95,256.58,SEARCH_Y
20.3825,2.0758,-0.3861,0.2198,0.05110,0.37956,-0.01466,0.00,3.00,0.00,56.9,159.07,635.95,256.58,SEARCH_Y
20.3926,1.9858,-0.4161,0.2298,0.05310,0.38656,-0.02266,0.00,3.00,0.00,56.9,159.10,635.95,256.58,SEARCH_Y
20.4027,2.2258,-0.2961,-0.0201,0.06310,0.37856,-0.01766,0.00,3.00,0.00,56.9,159.13,635.95,256.58,SEARCH_Y
20.4128,1.9058,-0.2861,0.0598,0.04810,0.38456,-0.01866,0.00,3.00,0.00,56.9,159.17,635.95,256.58,SEARCH_Y
20.4230,1.9558,-0.4361,0.1698,0.06610,0.38856,-0.01866,0.00,3.00,0.00,57.0,159.19,635.96,256.58,SEARCH_Y
20.4331,2.1258,-0.3061,-0.2401,0.06810,0.37656,-0.01966,0.00,3.00,0.00,57.0,159.23,635.96,256.58,SEARCH_Y
20.4432,1.9958,-0.7361,0.3398,0.06110,0.39056,-0.01966,0.00,3.00,0.00,57.0,159.25,635.96,256.58,SEARCH_Y
20.4533,2.0158,-0.3061,0.0198,0.05210,0.38056,-0.01766,0.00,3.00,0.00,57.0,159.29,635.96,256.58,SEARCH_Y
20.4635,2.2758,-0.3461,-0.1101,0.07410,0.38356,-0.01966,0.00,3.00,0.00,57.0,159.31,635.96,256.58,SEARCH_Y
20.4736,1.7958,-0.1261,0.3098,0.04310,0.38256,-0.01966,0.00,3.00,0.00,57.0,159.35,635.96,256.58,SEARCH_Y
20.4837,2.0858,-0.0061,0.0298,0.03410,0.37856,-0.01466,0.00,3.00,0.00,57.1,159.37,635.96,256.58,SEARCH_Y
20.4938,2.2158,-0.3061,-0.1301,0.04810,0.36956,-0.01366,0.00,3.00,0.00,57.1,159.41,635.96,256.58,SEARCH_Y
20.5039,1.9858,-0.0861,-0.0901,0.04710,0.37356,-0.01966,0.00,3.00,0.00,57.1,159.43,635.96,256.58,SEARCH_Y
20.5141,1.9658,-0.2961,-0.1501,0.04210,0.37556,-0.02066,0.00,3.00,0.00,57.1,159.47,635.96,256.58,SEARCH_Y
20.5242,1.8958,0.1238,0.1598,0.02510,0.39156,-0.01266,0.00,3.00,0.00,57.1,159.49,635.96,256.58,SEARCH_Y
20.5343,2.0158,-0.4961,0.2098,0.03810,0.38256,-0.01766,0.00,3.00,0.00,57.2,159.53,635.96,256.58,SEARCH_Y
20.5444,2.1558,-0.1761,-0.2901,0.04610,0.36256,-0.02366,0.00,3.00,0.00,57.2,159.55,635.97,256.58,SEARCH_Y
20.5546,2.0958,-0.3561,-0.1401,0.05110,0.37756,-0.01266,0.00,3.00,0.00,57.2,159.59,635.97,256.58,SEARCH_Y
20.5647,2.2558,-0.5261,0.5098,0.08810,0.40356,-0.01966,0.00,3.00,0.00,57.2,159.61,635.97,256.58,SEARCH_Y
20.5748,2.0758,-0.4161,0.2298,0.07910,0.39656,-0.02066,0.00,3.00,0.00,57.2,159.65,635.97,256.58,SEARCH_Y
20.5849,2.0958,-0.4961,0.4498,0.05910,0.38656,-0.01766,0.00,3.00,0.00,57.2,159.69,635.97,256.58,SEARCH_Y
20.5951,2.0558,-0.2861,0.2398,0.05310,0.38556,-0.01966,0.00,3.00,0.00,57.3,159.71,635.97,256.58,SEARCH_Y
20.6052,1.8058,-0.5561,0.2198,0.03710,0.38056,-0.01766,0.00,3.00,0.00,57.3,159.75,635.97,256.58,SEARCH_Y
20.6153,2.0158,-0.0161,-0.1801,0.04410,0.37156,-0.01466,0.00,3.00,0.00,57.3,159.77,635.97,256.58,SEARCH_Y
20.6254,1.9858,-0.2261,0.0898,0.03210,0.37956,-0.01766,0.00,3.00,0.00,57.3,159.81,635.97,256.58,SEARCH_Y
20.6355,2.1758,-0.2861,0.0398,0.05810,0.37156,-0.01966,0.00,3.00,0.00,57.3,159.83,635.97,256.58,SEARCH_Y
20.6456,1.9858,-0.4461,0.3998,0.06410,0.39156,-0.02166,0.00,3.00,0.00,57.4,159.87,635.97,256.58,SEARCH_Y
20.6558,2.0258,-0.3161,0.0698,0.03110,0.36356,-0.01866,0.00,3.00,0.00,57.4,159.89,635.97,256.58,SEARCH_Y
20.6659,2.1058,-0.2061,0.1698,0.06610,0.39056,-0.01266,0.00,3.00,0.00,57.4,159.93,635.98,256.58,SEARCH_Y
20.6760,1.9358,-0.1961,0.1598,0.06110,0.39056,-0.01666,0.00,3.00,0.00,57.4,159.95,635.98,256.58,SEARCH_Y
20.6861,1.8458,-0.1861,0.1898,0.05110,0.39056,-0.01766,0.00,3.00,0.00,57.4,159.99,635.98,256.58,SEARCH_Y
20.6962,1.9158,-0.1261,0.1398,0.04610,0.38156,-0.01466,0.00,3.00,0.00,57.4,160.01,635.98,256.58,SEARCH_Y
20.7064,1.9758,-0.3861,-0.1301,0.04710,0.37256,-0.01866,0.00,3.00,0.00,57.5,160.05,635.98,256.58,SEARCH_Y
20.7165,1.9858,-0.3361,-0.0101,0.06510,0.38356,-0.01766,0.00,3.00,0.00,57.5,160.07,635.98,256.58,SEARCH_Y
20.7266,2.1058,-0.5061,0.2598,0.07210,0.38556,-0.02066,0.00,3.00,0.00,57.5,160.11,635.98,256.58,SEARCH_Y
20.7367,2.0758,0.0438,-0.2701,0.05910,0.37056,-0.01866,0.00,3.00,0.00,57.5,160.14,635.98,256.58,SEARCH_Y
20.7469,1.8858,-0.5761,0.4798,0.04710,0.39456,-0.01866,0.00,3.00,0.00,57.5,160.17,635.98,256.58,SEARCH_Y
20.7570,1.7058,0.1738,-0.3401,0.02810,0.37756,-0.01466,0.00,3.00,0.00,57.6,160.20,635.98,256.58,SEARCH_Y
20.7671,2.0458,-0.1161,-0.0301,0.03910,0.37156,-0.01766,0.00,3.00,0.00,57.6,160.23,635.98,256.58,SEARCH_Y
20.7772,2.1258,-0.3761,0.2798,0.07310,0.38956,-0.01766,0.00,3.00,0.00,57.6,160.26,635.98,256.58,SEARCH_Y
20.7874,1.7758,0.3938,-0.4301,0.03710,0.36956,-0.01766,0.00,3.00,0.00,57.6,160.29,635.99,256.58,SEARCH_Y
20.7975,1.8758,-0.2761,0.3398,0.02610,0.37956,-0.01666,0.00,3.00,0.00,57.6,160.33,635.99,256.58,SEARCH_Y
20.8076,1.9658,-0.3761,0.2898,0.02910,0.38056,-0.01266,0.00,3.00,0.00,57.6,160.35,635.99,256.58,SEARCH_Y
20.8177,2.0358,-0.0361,-0.0701,0.04210,0.37456,-0.01866,0.00,3.00,0.00,57.7,160.39,635.99,256.58,SEARCH_Y
20.8278,1.8658,-0.0061,-0.0901,0.03410,0.37756,-0.01566,0.00,3.00,0.00,57.7,160.41,635.99,256.58,SEARCH_Y
20.8379,1.9658,-0.2961,0.0298,0.03110,0.38056,-0.01666,0.00,3.00,0.00,57.7,160.45,635.99,256.58,SEARCH_Y
20.8480,2.1958,-0.0561,-0.1901,0.04310,0.37156,-0.01866,0.00,3.00,0.00,57.7,160.47,635.99,256.58,SEARCH_Y
20.8581,2.2358,-0.5561,0.1098,0.06110,0.38156,-0.01966,0.00,3.00,0.00,57.7,160.51,635.99,256.58,SEARCH_Y
20.8683,1.9658,-0.3261,-0.0201,0.06310,0.38856,-0.01766,0.00,3.00,0.00,57.8,160.53,635.99,256.58,SEARCH_Y
20.8784,2.0458,-0.2661,0.3198,0.08010,0.39656,-0.01966,0.00,3.00,0.00,57.8,160.57,635.99,256.58,SEARCH_Y
20.8885,1.7858,-0.4261,0.3198,0.05910,0.39556,-0.01866,0.00,3.00,0.00,57.8,160.59,635.99,256.58,SEARCH_Y
20.8986,1.9858,-0.1261,-0.1301,0.04710,0.37756,-0.01766,0.00,3.00,0.00,57.8,160.63,635.99,256.58,SEARCH_Y
20.9087,1.8158,-0.1361,0.4198,0.03910,0.38656,-0.01866,0.00,3.00,0.00,57.8,160.66,636.00,256.58,SEARCH_Y
20.9188,2.0558,-0.2861,0.2998,0.04410,0.37856,-0.01566,0.00,3.00,0.00,57.8,160.69,636.00,256.58,SEARCH_Y
20.9289,1.9158,-0.4461,0.2498,0.04910,0.38756,-0.01966,0.00,3.00,0.00,57.9,160.72,636.00,256.58,SEARCH_Y
20.9390,2.1358,-0.4561,0.4698,0.05710,0.38656,-0.02366,0.00,3.00,0.00,57.9,160.75,636.00,256.58,SEARCH_Y
20.9491,2.0258,-0.5861,0.4598,0.05410,0.38656,-0.01866,0.00,3.00,0.00,57.9,160.78,636.00,256.58,SEARCH_Y
20.9593,1.7458,0.0438,0.0198,0.04410,0.38056,-0.01166,0.00,3.00,0.00,57.9,160.81,636.00,256.58,SEARCH_Y
20.9694,1.8858,-0.0361,-0.1201,0.03510,0.36956,-0.01266,0.00,3.00,0.00,57.9,160.84,636.00,256.58,SEARCH_Y
20.9795,2.1458,-0.1761,0.1098,0.04410,0.38256,-0.01666,0.00,3.00,0.00,58.0,160.87,636.00,256.58,SEARCH_Y
20.9897,2.1558,-0.3461,-0.0801,0.06810,0.38556,-0.01566,0.00,3.00,0.00,58.0,160.90,636.00,256.58,SEARCH_Y
20.9998,2.1158,-0.1961,-0.1301,0.05610,0.37856,-0.01166,0.00,3.00,0.00,58.0,160.93,636.00,256.58,SEARCH_Y
21.0099,1.7358,-0.1861,-0.1001,0.02910,0.37556,-0.01166,0.00,3.00,0.00,58.0,160.96,636.00,256.58,SEARCH_Y
21.0200,2.0058,-0.3861,0.1798,0.05510,0.37856,-0.01566,0.00,3.00,0.00,58.0,160.99,636.01,256.59,SEARCH_Y
21.0301,1.9258,-0.4061,0.0898,0.05410,0.38656,-0.01566,0.00,3.00,0.00,58.1,161.02,636.01,256.59,SEARCH_Y
21.0403,2.0958,-0.1261,-0.0901,0.06110,0.38056,-0.01566,0.00,3.00,0.00,58.1,161.05,636.01,256.59,SEARCH_Y
21.0503,2.1358,-0.1061,0.1998,0.06810,0.38556,-0.01666,0.00,3.00,0.00,58.1,161.08,636.01,256.59,SEARCH_Y
21.0604,2.0458,-0.4561,0.0698,0.05910,0.38756,-0.02366,0.00,3.00,0.00,58.1,161.11,636.01,256.59,SEARCH_Y
21.0706,1.9658,-0.4261,0.5698,0.04610,0.39256,-0.01766,0.00,3.00,0.00,58.1,161.14,636.01,256.59,SEARCH_Y
21.0807,1.9958,0.0038,0.3298,0.02710,0.37656,-0.01566,0.00,3.00,0.00,58.1,161.17,636.01,256.59,SEARCH_Y
21.0908,2.2158,-0.2661,-0.0101,0.04910,0.37156,-0.01566,0.00,3.00,0.00,58.2,161.20,636.01,256.59,SEARCH_Y
21.1009,2.0758,0.0138,-0.2901,0.03510,0.36956,-0.01566,0.00,3.00,0.00,58.2,161.23,636.01,256.59,SEARCH_Y
21.1110,2.0258,-0.2661,0.2898,0.04810,0.38356,-0.01566,0.00,3.00,0.00,58.2,161.26,636.01,256.59,SEARCH_Y
21.1212,2.3358,-0.0261,-0.4201,0.05710,0.36456,-0.01166,0.00,3.00,0.00,58.2,161.30,636.01,256.59,SEARCH_Y
21.1313,2.1658,-0.4461,0.3298,0.04610,0.37756,-0.01966,0.00,3.00,0.00,58.2,161.33,636.01,256.59,SEARCH_Y
21.1414,1.9358,-0.2761,0.0298,0.04510,0.38556,-0.01366,0.00,3.00,0.00,58.3,161.36,636.02,256.59,SEARCH_Y
21.1515,1.9058,-0.0461,-0.3101,0.03410,0.37656,-0.01166,0.00,3.00,0.00,58.3,161.39,636.02,256.59,SEARCH_Y
21.1616,1.9358,-0.5861,0.2098,0.05010,0.38856,-0.02066,0.00,3.00,0.00,58.3,161.42,636.02,256.59,SEARCH_Y
21.1717,2.1258,-0.5961,0.2298,0.05510,0.38356,-0.02066,0.00,3.00,0.00,58.3,161.45,636.02,256.59,SEARCH_Y
21.1818,2.0158,-0.1161,0.1598,0.04510,0.38256,-0.01566,0.00,3.00,0.00,58.3,161.48,636.02,256.59,SEARCH_Y
21.1919,1.8858,-0.2061,0.2898,0.04010,0.38156,-0.01566,0.00,3.00,0.00,58.3,161.51,636.02,256.59,SEARCH_Y
21.2020,2.1058,-0.6461,0.3298,0.06210,0.38356,-0.01666,0.00,3.00,0.00,58.4,161.54,636.02,256.59,SEARCH_Y
21.2122,1.9058,-0.3561,0.0898,0.05310,0.38356,-0.01766,0.00,3.00,0.00,58.4,161.57,636.02,256.59,SEARCH_Y
21.2223,2.1158,-0.5761,0.4098,0.04410,0.37756,-0.02066,0.00,3.00,0.00,58.4,161.60,636.02,256.59,SEARCH_Y
21.2325,2.0058,0.0338,0.0698,0.04510,0.38656,-0.01366,0.00,3.00,0.00,58.4,161.63,636.02,256.59,SEARCH_Y
21.2426,1.8458,-0.2061,0.2298,0.04010,0.38356,-0.01766,0.00,3.00,0.00,58.4,161.66,636.02,256.59,SEARCH_Y
21.2527,2.1358,-0.2761,0.4298,0.06010,0.39256,-0.01366,0.00,3.00,0.00,58.5,161.69,636.02,256.59,SEARCH_Y
21.2628,2.0658,-0.3461,-0.0301,0.05010,0.37756,-0.01866,0.00,3.00,0.00,58.5,161.72,636.03,256.59,SEARCH_Y
21.2729,2.2158,-0.3661,0.1198,0.03710,0.37556,-0.01966,0.00,3.00,0.00,58.5,161.76,636.03,256.59,SEARCH_Y
21.2830,2.1158,-0.4261,0.4998,0.04910,0.39156,-0.01866,0.00,3.00,0.00,58.5,161.78,636.03,256.59,SEARCH_Y
21.2931,1.9658,-0.2061,0.1498,0.04110,0.37556,-0.01766,0.00,3.00,0.00,58.5,161.82,636.03,256.59,SEARCH_Y
21.3033,1.9958,-0.0861,0.1198,0.05210,0.37856,-0.01366,0.00,3.00,0.00,58.6,161.84,636.03,256.59,SEARCH_Y
21.3134,1.8858,-0.3361,0.1098,0.05210,0.38656,-0.01566,0.00,3.00,0.00,58.6,161.88,636.03,256.59,SEARCH_Y
21.3235,2.1358,-0.5661,0.2798,0.06410,0.39156,-0.01766,0.00,3.00,0.00,58.6,161.90,636.03,256.59,SEARCH_Y
21.3336,2.0758,-0.6261,0.3098,0.06710,0.40156,-0.01966,0.00,3.00,0.00,58.6,161.94,636.03,256.59,SEARCH_Y
21.3437,1.8958,-0.5261,0.1598,0.05710,0.39156,-0.01466,0.00,3.00,0.00,58.6,161.96,636.03,256.59,SEARCH_Y
21.3538,2.1758,-0.6461,0.2098,0.05410,0.37756,-0.01866,0.00,3.00,0.00,58.7,162.00,636.03,256.59,SEARCH_Y
21.3639,1.9858,-0.1461,-0.0801,0.05410,0.37956,-0.01666,0.00,3.00,0.00,58.7,162.02,636.03,256.59,SEARCH_Y
21.3740,1.9658,-0.3061,0.3098,0.03310,0.37456,-0.01366,0.00,3.00,0.00,58.7,162.06,636.03,256.59,SEARCH_Y
21.3842,1.9258,-0.1061,0.2598,0.05210,0.38356,-0.01666,0.00,3.00,0.00,58.7,162.08,636.04,256.59,SEARCH_Y
21.3943,2.0658,-0.4161,0.3398,0.04510,0.38056,-0.01966,0.00,3.00,0.00,58.7,162.12,636.04,256.59,SEARCH_Y
21.4044,1.9758,0.2238,-0.1801,0.03310,0.36756,-0.01466,0.00,3.00,0.00,58.7,162.14,636.04,256.59,SEARCH_Y
21.4145,2.0558,-0.2561,0.3498,0.03010,0.36956,-0.01666,0.00,3.00,0.00,58.8,162.18,636.04,256.59,SEARCH_Y
21.4246,2.0458,-0.0661,0.2398,0.03810,0.37456,-0.01166,0.00,3.00,0.00,58.8,162.20,636.04,256.59,SEARCH_Y
21.4347,2.0358,-0.3061,0.2898,0.04910,0.38156,-0.01766,0.00,3.00,0.00,58.8,162.24,636.04,256.59,SEARCH_Y
21.4448,2.0658,-0.0961,-0.0001,0.04010,0.37556,-0.01566,0.00,3.00,0.00,58.8,162.28,636.04,256.59,SEARCH_Y
21.4551,2.0058,-0.2161,0.1198,0.04410,0.37856,-0.01366,0.00,3.00,0.00,58.8,162.30,636.04,256.59,SEARCH_Y
21.4652,1.8258,-0.0161,-0.2301,0.03610,0.37256,-0.01466,0.00,3.00,0.00,58.9,162.34,636.04,256.59,SEARCH_Y
21.4753,1.9658,-0.1761,-0.0201,0.05410,0.38956,-0.01466,0.00,3.00,0.00,58.9,162.36,636.04,256.59,SEARCH_Y
21.4854,2.1458,-0.3861,0.1398,0.06310,0.37656,-0.01566,0.00,3.00,0.00,58.9,162.40,636.04,256.59,SEARCH_Y
21.4955,2.1958,-0.4861,-0.0001,0.07210,0.38056,-0.01666,0.00,3.00,0.00,58.9,162.42,636.04,256.59,SEARCH_Y
21.5056,2.0858,-0.3361,-0.0701,0.04710,0.37356,-0.01666,0.00,3.00,0.00,58.9,162.46,636.05,256.59,SEARCH_Y
21.5157,2.0958,0.1338,-0.2101,0.05710,0.37856,-0.01366,0.00,3.00,0.00,59.0,162.48,636.05,256.59,SEARCH_Y
21.5258,2.1158,-0.3961,0.4798,0.05710,0.38056,-0.01866,0.00,3.00,0.00,59.0,162.52,636.05,256.59,SEARCH_Y
21.5359,2.0658,-0.0561,-0.1801,0.04910,0.36956,-0.01466,0.00,3.00,0.00,59.0,162.54,636.05,256.59,SEARCH_Y
21.5461,2.0458,-0.3361,0.3598,0.04010,0.37956,-0.01666,0.00,3.00,0.00,59.0,162.58,636.05,256.59,SEARCH_Y
21.5562,2.1258,-0.5561,0.2198,0.04010,0.37756,-0.01766,0.00,3.00,0.00,59.0,162.60,636.05,256.59,SEARCH_Y
21.5662,2.0158,-0.0861,-0.0301,0.03010,0.36756,-0.01666,0.00,3.00,0.00,59.1,162.64,636.05,256.59,SEARCH_Y
21.5764,2.0558,-0.5161,0.2698,0.04810,0.37756,-0.01566,0.00,3.00,0.00,59.1,162.66,636.05,256.59,SEARCH_Y
21.5865,2.1258,0.0438,-0.2301,0.04910,0.37356,-0.01666,0.00,3.00,0.00,59.1,162.70,636.05,256.59,SEARCH_Y
21.5966,2.1058,-0.2261,0.0498,0.03610,0.37556,-0.01566,0.00,3.00,0.00,59.1,162.72,636.05,256.59,SEARCH_Y
21.6067,2.0358,0.0438,-0.1301,0.01310,0.36856,-0.01566,0.00,3.00,0.00,59.1,162.76,636.05,256.59,SEARCH_Y
21.6169,1.8958,0.1738,-0.0301,0.03710,0.37856,-0.01566,0.00,3.00,0.00,59.1,162.80,636.05,256.59,SEARCH_Y
21.6270,2.1958,-0.3461,0.0798,0.05210,0.38156,-0.01366,0.00,3.00,0.00,59.2,162.82,636.06,256.59,SEARCH_Y
21.6371,2.1458,-0.4361,0.0398,0.06010,0.37256,-0.01366,0.00,3.00,0.00,59.2,162.86,636.06,256.59,SEARCH_Y
21.6472,2.1158,-0.5861,0.2398,0.07110,0.37956,-0.01766,0.00,3.00,0.00,59.2,162.88,636.06,256.59,SEARCH_Y
21.6573,2.1358,-0.3061,0.2398,0.05310,0.38056,-0.01766,0.00,3.00,0.00,59.2,162.92,636.06,256.59,SEARCH_Y
21.6675,1.9458,-0.2961,-0.0101,0.05410,0.38756,-0.01366,0.00,3.00,0.00,59.2,162.94,636.06,256.59,SEARCH_Y
21.6776,1.8758,-0.3861,0.0398,0.04010,0.38656,-0.01766,0.00,3.00,0.00,59.3,162.98,636.06,256.59,SEARCH_Y
21.6877,2.1358,-0.4961,0.3098,0.06010,0.38456,-0.01666,0.00,3.00,0.00,59.3,163.00,636.06,256.59,SEARCH_Y
21.6978,2.1758,-0.3461,0.5198,0.04710,0.38356,-0.01466,0.00,3.00,0.00,59.3,163.04,636.06,256.59,SEARCH_Y
21.7079,2.0858,-0.4561,0.3598,0.03310,0.37656,-0.01966,0.00,3.00,0.00,59.3,163.06,636.06,256.59,SEARCH_Y
21.7181,1.7458,-0.3661,-0.0401,0.02410,0.37656,-0.01066,0.00,3.00,0.00,59.3,163.10,636.06,256.60,SEARCH_Y
21.7282,2.0158,-0.2061,0.2798,0.05610,0.38356,-0.01166,0.00,3.00,0.00,59.4,163.12,636.06,256.60,SEARCH_Y
21.7383,1.9958,-0.5161,0.5298,0.05110,0.38556,-0.01266,0.00,3.00,0.00,59.4,163.16,636.06,256.60,SEARCH_Y
21.7484,2.2058,-0.1661,-0.2001,0.04610,0.36756,-0.01366,0.00,3.00,0.00,59.4,163.18,636.07,256.60,SEARCH_Y
21.7585,1.9858,-0.4961,0.4898,0.07010,0.40156,-0.01766,0.00,3.00,0.00,59.4,163.22,636.07,256.60,SEARCH_Y
21.7686,2.1558,-0.6061,0.0498,0.05810,0.38956,-0.01766,0.00,3.00,0.00,59.4,163.24,636.07,256.60,SEARCH_Y
21.7787,2.1458,-0.4661,-0.2001,0.05910,0.38156,-0.01766,0.00,3.00,0.00,59.5,163.28,636.07,256.60,SEARCH_Y
21.7889,2.3058,-0.6761,0.1698,0.05910,0.37456,-0.01566,0.00,3.00,0.00,59.5,163.31,636.07,256.60,SEARCH_Y
21.7990,2.0158,-0.2561,0.0898,0.04610,0.37656,-0.01566,0.00,3.00,0.00,59.5,163.34,636.07,256.60,SEARCH_Y
21.8091,1.9158,-0.2561,0.0298,0.06810,0.38556,-0.01266,0.00,3.00,0.00,59.5,163.37,636.07,256.60,SEARCH_Y
21.8192,2.0458,-0.5261,0.0398,0.07510,0.38656,-0.01766,0.00,3.00,0.00,59.5,163.40,636.07,256.60,SEARCH_Y
21.8294,2.0358,-0.6061,0.4698,0.06410,0.39456,-0.01666,0.00,3.00,0.00,59.6,163.43,636.07,256.60,SEARCH_Y
21.8395,1.9758,-0.0061,0.0998,0.02710,0.36556,-0.01566,0.00,3.00,0.00,59.6,163.46,636.07,256.60,SEARCH_Y
21.8496,1.8358,0.2338,-0.0801,0.03110,0.36256,-0.00666,0.00,3.00,0.00,59.6,163.49,636.07,256.60,SEARCH_Y
21.8597,1.9858,-0.1761,0.2398,0.06010,0.37956,-0.01366,0.00,3.00,0.00,59.6,163.52,636.07,256.60,SEARCH_Y
21.8698,2.1158,0.0238,-0.0301,0.02510,0.35956,-0.01466,0.00,3.00,0.00,59.6,163.55,636.08,256.60,SEARCH_Y
21.8799,2.0358,-0.2561,0.3298,0.04010,0.38456,-0.01466,0.00,3.00,0.00,59.6,163.58,636.08,256.60,SEARCH_Y
21.8900,1.8258,0.1438,-0.1701,0.02910,0.37856,-0.01166,0.00,3.00,0.00,59.7,163.61,636.08,256.60,SEARCH_Y
21.9001,1.8758,-0.3761,-0.0701,0.03010,0.36756,-0.01266,0.00,3.00,0.00,59.7,163.64,636.08,256.60,SEARCH_Y
21.9102,2.0158,-0.1261,-0.2701,0.04110,0.37056,-0.01366,0.00,3.00,0.00,59.7,163.67,636.08,256.60,SEARCH_Y
21.9204,2.0858,-0.3561,0.2798,0.05510,0.39156,-0.01166,0.00,3.00,0.00,59.7,163.70,636.08,256.60,SEARCH_Y
21.9305,2.1158,0.0138,-0.0001,0.05310,0.37956,-0.01666,0.00,3.00,0.00,59.7,163.74,636.08,256.60,SEARCH_Y
21.9406,2.0858,-0.1161,-0.4501,0.05910,0.38256,-0.01466,0.00,3.00,0.00,59.8,163.76,636.08,256.60,SEARCH_Y
21.9507,2.0458,-0.0761,-0.2901,0.06610,0.38356,-0.00966,0.00,3.00,0.00,59.8,163.80,636.08,256.60,SEARCH_Y
21.9608,2.0658,-0.5261,0.0898,0.05010,0.37656,-0.01666,0.00,3.00,0.00,59.8,163.83,636.08,256.60,SEARCH_Y
21.9709,1.9858,-0.3061,0.2198,0.06410,0.38856,-0.01266,0.00,3.00,0.00,59.8,163.86,636.08,256.60,SEARCH_Y
21.9810,2.0158,-0.5461,0.3198,0.05610,0.38756,-0.01766,0.00,3.00,0.00,59.8,163.89,636.09,256.60,SEARCH_Y
21.9911,1.9058,-0.3961,0.0898,0.03910,0.38556,-0.01566,0.00,3.00,0.00,59.9,163.92,636.09,256.60,SEARCH_Y
22.0012,1.9458,-0.1661,-0.1001,0.04110,0.36656,-0.00966,0.00,3.00,0.00,59.9,163.95,636.09,256.60,SEARCH_Y
22.0114,2.0658,-0.3561,0.0298,0.04010,0.37156,-0.01566,0.00,3.00,0.00,59.9,163.98,636.09,256.60,SEARCH_Y
22.0215,2.2158,-0.1061,0.1298,0.04210,0.37056,-0.01166,0.00,3.00,0.00,59.9,164.01,636.09,256.60,SEARCH_Y
22.0316,2.0358,-0.0061,0.0098,0.02110,0.36656,-0.00866,0.00,3.00,0.00,59.9,164.04,636.09,256.60,SEARCH_Y
22.0418,1.8858,-0.3661,0.3298,0.05210,0.38756,-0.01166,0.00,3.00,0.00,60.0,164.07,636.09,256.60,SEARCH_Y
22.0519,2.1158,-0.1261,0.0398,0.01710,0.36756,-0.01166,0.00,3.00,0.00,60.0,164.10,636.09,256.60,SEARCH_Y
22.0620,2.0158,-0.1361,-0.1401,0.04810,0.38156,-0.01166,0.00,3.00,0.00,60.0,164.13,636.09,256.60,SEARCH_Y
22.0721,1.9658,-0.1461,-0.0301,0.04310,0.37956,-0.00966,0.00,3.00,0.00,60.0,164.16,636.09,256.60,SEARCH_Y
22.0822,2.0458,-0.2961,0.0498,0.05710,0.39456,-0.01266,0.00,3.00,0.00,60.0,164.19,636.09,256.60,SEARCH_Y
22.0923,1.9658,-0.2661,-0.1201,0.05110,0.38256,-0.01066,0.00,3.00,0.00,60.1,164.22,636.09,256.60,SEARCH_Y
22.1024,2.0158,-0.4461,-0.0901,0.06510,0.38756,-0.01466,0.00,3.00,0.00,60.1,164.25,636.10,256.60,SEARCH_Y
22.1125,2.1158,-0.4961,0.0398,0.06710,0.39156,-0.01566,0.00,3.00,0.00,60.1,164.28,636.10,256.60,SEARCH_Y
22.1227,2.1758,-0.2161,0.0398,0.07410,0.38556,-0.01466,0.00,3.00,0.00,60.1,164.31,636.10,256.60,SEARCH_Y
22.1328,2.0358,-0.3861,-0.0801,0.06110,0.38356,-0.01666,0.00,3.00,0.00,60.1,164.35,636.10,256.60,SEARCH_Y
22.1429,1.9358,-0.2561,0.0498,0.05710,0.38156,-0.01366,0.00,3.00,0.00,60.2,164.37,636.10,256.60,SEARCH_Y
22.1530,2.0758,-0.1961,0.0898,0.04810,0.38156,-0.01466,0.00,3.00,0.00,60.2,164.41,636.10,256.60,SEARCH_Y
22.1631,2.0058,-0.1361,0.0498,0.03210,0.37956,-0.01266,0.00,3.00,0.00,60.2,164.43,636.10,256.60,SEARCH_Y
22.1733,2.1058,-0.2761,0.2098,0.04910,0.39156,-0.01466,0.00,3.00,0.00,60.2,164.47,636.10,256.60,SEARCH_Y
22.1834,2.0658,0.2238,-0.1701,0.03210,0.36856,-0.00966,0.00,3.00,0.00,60.2,164.49,636.10,256.60,SEARCH_Y
22.1935,2.3458,-0.1361,0.0698,0.03810,0.36656,-0.01466,0.00,3.00,0.00,60.3,164.53,636.10,256.60,SEARCH_Y
22.2036,2.0558,0.1038,0.1398,0.03610,0.38056,-0.01266,0.00,3.00,0.00,60.3,164.55,636.10,256.60,SEARCH_Y
22.2137,2.0558,-0.2261,-0.0601,0.03810,0.37156,-0.00866,0.00,3.00,0.00,60.3,164.59,636.10,256.60,SEARCH_Y
22.2238,2.0858,0.3038,-0.2801,0.03810,0.37656,-0.00866,0.00,3.00,0.00,60.3,164.61,636.11,256.60,SEARCH_Y
22.2340,2.0258,-0.1761,-0.2801,0.01510,0.36556,-0.00866,0.00,3.00,0.00,60.3,164.65,636.11,256.60,SEARCH_Y
22.2441,2.1258,-0.5661,-0.0201,0.04310,0.38556,-0.01466,0.00,3.00,0.00,60.3,164.68,636.11,256.60,SEARCH_Y
22.2542,1.9558,0.3138,-0.2801,0.02510,0.37256,-0.00866,0.00,3.00,0.00,60.4,164.71,636.11,256.60,SEARCH_Y
22.2643,2.2158,-0.5461,0.2198,0.06310,0.38356,-0.01666,0.00,3.00,0.00,60.4,164.74,636.11,256.60,SEARCH_Y
22.2744,2.2058,-0.6961,0.3798,0.05610,0.38856,-0.01666,0.00,3.00,0.00,60.4,164.77,636.11,256.60,SEARCH_Y
22.2845,2.3158,-0.2861,0.1098,0.06910,0.38456,-0.01466,0.00,3.00,0.00,60.4,164.80,636.11,256.60,SEARCH_Y
22.2946,2.2058,-0.1861,0.2398,0.04310,0.38956,-0.01366,0.00,3.00,0.00,60.4,164.83,636.11,256.60,SEARCH_Y
22.3047,1.9758,-0.0561,-0.2801,0.02310,0.37456,-0.00966,0.00,3.00,0.00,60.5,164.86,636.11,256.60,SEARCH_Y
22.3148,2.0458,-0.1261,0.0598,0.03610,0.37156,-0.01066,0.00,3.00,0.00,60.5,164.89,636.11,256.60,SEARCH_Y
22.3250,2.0358,-0.0461,0.0398,0.03310,0.38156,-0.01466,0.00,3.00,0.00,60.5,164.93,636.11,256.60,SEARCH_Y
22.3351,2.1658,0.0538,0.0498,0.04110,0.37856,-0.01166,0.00,3.00,0.00,60.5,164.95,636.11,256.60,SEARCH_Y
22.3452,2.0258,-0.3761,0.2798,0.04510,0.39256,-0.01066,0.00,3.00,0.00,60.6,164.99,636.12,256.60,SEARCH_Y
22.3553,2.0658,-0.1061,-0.0801,0.02210,0.37656,-0.01066,0.00,3.00,0.00,60.6,165.01,636.12,256.60,SEARCH_Y
22.3654,1.9358,-0.2161,-0.0401,0.03710,0.39056,-0.00866,0.00,3.00,0.00,60.6,165.05,636.12,256.60,SEARCH_Y
22.3755,2.2558,-0.4661,0.1298,0.05210,0.39256,-0.01566,0.00,3.00,0.00,60.6,165.07,636.12,256.60,SEARCH_Y
22.3856,2.1158,-0.0661,-0.2301,0.02610,0.37056,-0.01166,0.00,3.00,0.00,60.6,165.11,636.12,256.60,SEARCH_Y
22.3958,1.9058,-0.1261,-0.0301,0.03510,0.38756,-0.01266,0.00,3.00,0.00,60.6,165.13,636.12,256.60,SEARCH_Y
22.4059,2.0958,-0.0661,-0.1601,0.02910,0.37256,-0.00766,0.00,3.00,0.00,60.7,165.17,636.12,256.61,SEARCH_Y
22.4160,2.1158,-0.3161,0.2498,0.05710,0.38856,-0.01366,0.00,3.00,0.00,60.7,165.19,636.12,256.61,SEARCH_Y
22.4262,2.0358,-0.5061,0.2498,0.05610,0.39356,-0.01166,0.00,3.00,0.00,60.7,165.23,636.12,256.61,SEARCH_Y
22.4363,2.1458,0.0538,-0.1301,0.05210,0.38456,-0.01266,0.00,3.00,0.00,60.7,165.25,636.12,256.61,SEARCH_Y
22.4464,1.8358,-0.1761,0.2198,0.03610,0.38456,-0.00666,0.00,3.00,0.00,60.7,165.29,636.12,256.61,SEARCH_Y
22.4565,2.1258,-0.0161,-0.0901,0.04710,0.38356,-0.01666,0.00,3.00,0.00,60.8,165.31,636.12,256.61,SEARCH_Y
22.4667,2.1058,-0.3461,0.5198,0.02910,0.37956,-0.01366,0.00,3.00,0.00,60.8,165.35,636.13,256.61,SEARCH_Y
22.4768,1.7358,-0.0861,0.4998,0.02910,0.39256,-0.00766,0.00,3.00,0.00,60.8,165.37,636.13,256.61,SEARCH_Y
22.4869,2.0858,-0.0761,0.3398,0.03210,0.38156,-0.01566,0.00,3.00,0.00,60.8,165.41,636.13,256.61,SEARCH_Y
22.4970,1.8758,-0.3761,0.2398,0.03210,0.38656,-0.01066,0.00,3.00,0.00,60.8,165.45,636.13,256.61,SEARCH_Y
22.5071,2.1558,-0.3861,0.3198,0.04210,0.38156,-0.01166,0.00,3.00,0.00,60.9,165.47,636.13,256.61,SEARCH_Y
22.5172,1.9958,-0.2461,-0.2901,0.02510,0.37456,-0.01166,0.00,3.00,0.00,60.9,165.51,636.13,256.61,SEARCH_Y
22.5273,2.0458,-0.0161,0.0798,0.04210,0.37956,-0.01166,0.00,3.00,0.00,60.9,165.53,636.13,256.61,SEARCH_Y
22.5374,1.9758,-0.4861,0.1498,0.03510,0.38756,-0.01366,0.00,3.00,0.00,60.9,165.57,636.13,256.61,SEARCH_Y
22.5475,1.8258,-0.2061,0.0898,0.02210,0.38256,-0.01366,0.00,3.00,0.00,60.9,165.59,636.13,256.61,SEARCH_Y
22.5576,2.0258,-0.3861,0.5298,0.04910,0.39856,-0.01566,0.00,3.00,0.00,61.0,165.63,636.13,256.61,SEARCH_Y
22.5678,2.0358,-0.6461,0.5998,0.04510,0.38356,-0.01366,0.00,3.00,0.00,61.0,165.65,636.13,256.61,SEARCH_Y
22.5779,1.9758,-0.1361,-0.0701,0.04510,0.37756,-0.01266,0.00,3.00,0.00,61.0,165.69,636.13,256.61,SEARCH_Y
22.5880,2.0858,-0.2561,0.0298,0.05010,0.38456,-0.00966,0.00,3.00,0.00,61.0,165.71,636.14,256.61,SEARCH_Y
22.5981,1.9858,-0.0161,0.3198,0.02410,0.38356,-0.01266,0.00,3.00,0.00,61.0,165.75,636.14,256.61,SEARCH_Y
22.6082,1.9858,0.3438,-0.1301,0.03210,0.37256,-0.00366,0.00,3.00,0.00,61.1,165.77,636.14,256.61,SEARCH_Y
22.6183,1.9058,-0.2961,0.1898,0.03210,0.38056,-0.01266,0.00,3.00,0.00,61.1,165.81,636.14,256.61,SEARCH_Y
22.6284,2.1058,-0.1461,0.1198,0.03710,0.39756,-0.01266,0.00,3.00,0.00,61.1,165.83,636.14,256.61,SEARCH_Y
22.6385,1.9058,-0.3461,0.3098,0.02210,0.38556,-0.00766,0.00,3.00,0.00,61.1,165.87,636.14,256.61,SEARCH_Y
22.6486,1.9958,0.0938,-0.1501,0.03710,0.37956,-0.01066,0.00,3.00,0.00,61.1,165.89,636.14,256.61,SEARCH_Y
22.6587,1.9758,-0.0861,0.2398,0.05010,0.38956,-0.00566,0.00,3.00,0.00,61.2,165.93,636.14,256.61,SEARCH_Y
22.6688,1.8358,-0.1761,0.3298,0.02810,0.39456,-0.00566,0.00,3.00,0.00,61.2,165.96,636.14,256.61,SEARCH_Y
22.6789,2.2458,-0.1361,-0.0901,0.05110,0.39356,-0.01366,0.00,3.00,0.00,61.2,165.99,636.14,256.61,SEARCH_Y
22.6891,1.9758,-0.2961,-0.0101,0.04910,0.39656,-0.00966,0.00,3.00,0.00,61.2,166.02,636.14,256.61,SEARCH_Y
22.6992,2.2158,-0.3261,0.1898,0.05410,0.38756,-0.00966,0.00,3.00,0.00,61.2,166.05,636.14,256.61,SEARCH_Y
22.7093,1.9458,-0.5961,0.2098,0.05710,0.38756,-0.01466,0.00,3.00,0.00,61.3,166.09,636.15,256.61,SEARCH_Y
22.7194,1.8458,-0.3261,0.3998,0.04210,0.38556,-0.00566,0.00,3.00,0.00,61.3,166.11,636.15,256.61,SEARCH_Y
22.7295,1.8858,-0.1661,0.1998,0.04610,0.38956,-0.00666,0.00,3.00,0.00,61.3,166.15,636.15,256.61,SEARCH_Y
22.7396,2.2058,-0.1361,-0.0001,0.04510,0.38256,-0.01066,0.00,3.00,0.00,61.3,166.17,636.15,256.61,SEARCH_Y
22.7497,1.8958,0.0538,0.0498,0.03310,0.38256,-0.00366,0.00,3.00,0.00,61.3,166.21,636.15,256.61,SEARCH_Y
22.7598,1.8458,-0.1161,0.1698,0.02710,0.38456,-0.00766,0.00,3.00,0.00,61.4,166.23,636.15,256.61,SEARCH_Y
22.7699,1.9958,-0.3061,0.2198,0.03810,0.38456,-0.01266,0.00,3.00,0.00,61.4,166.27,636.15,256.61,SEARCH_Y
22.7800,2.1258,0.0738,-0.2201,0.03310,0.37256,-0.00366,0.00,3.00,0.00,61.4,166.29,636.15,256.61,SEARCH_Y
22.7902,2.2058,-0.0861,0.2098,0.04710,0.38756,-0.01166,0.00,3.00,0.00,61.4,166.33,636.15,256.61,SEARCH_Y
22.8003,1.9458,0.0038,-0.1101,0.03410,0.38256,-0.00766,0.00,3.00,0.00,61.4,166.35,636.15,256.61,SEARCH_Y
22.8104,2.0958,0.0338,-0.0301,0.04810,0.39456,-0.00866,0.00,3.00,0.00,61.5,166.39,636.15,256.61,SEARCH_Y
22.8205,1.9958,-0.0161,-0.1701,0.03110,0.38156,-0.00666,0.00,3.00,0.00,61.5,166.41,636.15,256.61,SEARCH_Y
22.8306,2.1558,-0.3061,0.0698,0.05410,0.39556,-0.00966,0.00,3.00,0.00,61.5,166.45,636.16,256.61,SEARCH_Y
22.8407,1.9958,-0.0361,0.0198,0.04910,0.38756,-0.00666,0.00,3.00,0.00,61.5,166.47,636.16,256.61,SEARCH_Y
22.8508,2.0058,0.0938,-0.0201,0.04310,0.37656,-0.00266,0.00,3.00,0.00,61.5,166.51,636.16,256.61,SEARCH_Y
22.8610,2.0858,-0.1661,0.1498,0.05310,0.39656,-0.00866,0.00,3.00,0.00,61.6,166.54,636.16,256.61,SEARCH_Y
22.8711,1.9258,-0.2261,0.0098,0.05010,0.38856,-0.00466,0.00,3.00,0.00,61.6,166.57,636.16,256.61,SEARCH_Y
22.8812,2.0458,-0.1061,0.1398,0.03910,0.37856,-0.00666,0.00,3.00,0.00,61.6,166.60,636.16,256.61,SEARCH_Y
22.8913,2.1658,-0.3261,0.4398,0.03710,0.39356,-0.01366,0.00,3.00,0.00,61.6,166.63,636.16,256.61,SEARCH_Y
22.9014,2.2258,-0.5361,-0.0201,0.05210,0.37756,-0.00766,0.00,3.00,0.00,61.7,166.66,636.16,256.61,SEARCH_Y
22.9115,2.1758,-0.6061,0.6298,0.05810,0.39656,-0.01166,0.00,3.00,0.00,61.7,166.69,636.16,256.61,SEARCH_Y
22.9216,2.2858,-0.2361,0.2198,0.06810,0.38956,-0.01266,0.00,3.00,0.00,61.7,166.72,636.16,256.61,SEARCH_Y
22.9317,2.0558,0.2738,-0.0801,0.02710,0.38056,-0.00266,0.00,3.00,0.00,61.7,166.75,636.16,256.61,SEARCH_Y
22.9418,2.0358,-0.0061,0.1198,0.04610,0.38956,-0.00666,0.00,3.00,0.00,61.7,166.78,636.16,256.61,SEARCH_Y
22.9520,1.9158,-0.3361,0.2698,0.04310,0.38356,-0.00966,0.00,3.00,0.00,61.7,166.81,636.17,256.61,SEARCH_Y
22.9621,2.0158,-0.3561,-0.1501,0.05210,0.37956,-0.00466,0.00,3.00,0.00,61.8,166.84,636.17,256.61,SEARCH_Y
22.9722,2.4058,-0.5061,0.0498,0.05510,0.37856,-0.00866,0.00,3.00,0.00,61.8,166.87,636.17,256.61,SEARCH_Y
22.9823,2.0058,-0.3261,0.2098,0.03810,0.38256,-0.00566,0.00,3.00,0.00,61.8,166.90,636.17,256.61,SEARCH_Y
22.9924,1.9358,-0.1561,-0.2701,0.04310,0.38556,-0.00466,0.00,3.00,0.00,61.8,166.93,636.17,256.61,SEARCH_Y
23.0025,2.1558,-0.0961,-0.0801,0.05710,0.38756,-0.00666,0.00,3.00,0.00,61.9,166.96,636.17,256.61,SEARCH_Y
23.0126,2.1258,-0.4961,0.0198,0.03210,0.38756,-0.01166,0.00,3.00,0.00,61.9,166.99,636.17,256.61,SEARCH_Y
23.0227,2.0658,-0.2661,0.4298,0.04410,0.39356,-0.01166,0.00,3.00,0.00,61.9,167.02,636.17,256.61,SEARCH_Y
23.0328,1.9958,-0.5461,0.1298,0.05310,0.38656,-0.00966,0.00,3.00,0.00,61.9,167.05,636.17,256.61,SEARCH_Y
23.0429,1.9058,-0.0661,-0.1101,0.03110,0.38156,-0.01266,0.00,3.00,0.00,61.9,167.09,636.17,256.61,SEARCH_Y
23.0530,2.0558,-0.1461,0.1998,0.03710,0.38356,-0.00866,0.00,3.00,0.00,62.0,167.12,636.17,256.61,SEARCH_Y
23.0631,1.9758,-0.2261,0.1098,0.04210,0.38856,-0.00566,0.00,3.00,0.00,62.0,167.15,636.17,256.61,SEARCH_Y
23.0732,1.9658,-0.4061,0.2698,0.04610,0.39256,-0.01266,0.00,3.00,0.00,62.0,167.18,636.18,256.61,SEARCH_Y
23.0832,2.1658,0.0038,0.1098,0.04110,0.39056,-0.00466,0.00,3.00,0.00,62.0,167.21,636.18,256.61,SEARCH_Y
23.0934,2.0958,-0.1861,-0.0101,0.04010,0.37756,-0.00666,0.00,3.00,0.00,62.0,167.24,636.18,256.62,SEARCH_Y
23.1035,2.1758,-0.1261,0.1598,0.03910,0.38456,-0.00766,0.00,3.00,0.00,62.1,167.27,636.18,256.62,SEARCH_Y
23.1136,2.1658,-0.7761,0.6698,0.06010,0.39756,-0.00866,0.00,3.00,0.00,62.1,167.30,636.18,256.62,SEARCH_Y
23.1237,1.9758,-0.0961,-0.0101,0.03010,0.37756,-0.00566,0.00,3.00,0.00,62.1,167.33,636.18,256.62,SEARCH_Y
23.1338,1.9858,-0.4961,-0.0301,0.02510,0.37656,-0.00866,0.00,3.00,0.00,62.1,167.36,636.18,256.62,SEARCH_Y
23.1439,2.1258,-0.3561,0.0098,0.06110,0.39056,-0.00466,0.00,3.00,0.00,62.1,167.39,636.18,256.62,SEARCH_Y
23.1540,2.0158,-0.1961,-0.0301,0.05510,0.38956,-0.01066,0.00,3.00,0.00,62.2,167.42,636.18,256.62,SEARCH_Y
23.1641,2.0858,-0.3061,-0.1201,0.05110,0.37656,-0.01066,0.00,3.00,0.00,62.2,167.45,636.18,256.62,SEARCH_Y
23.1742,2.0158,-0.4161,0.1598,0.04310,0.38956,-0.00966,0.00,3.00,0.00,62.2,167.48,636.18,256.62,SEARCH_Y
23.1843,1.9758,-0.5061,0.0798,0.05210,0.39156,-0.00666,0.00,3.00,0.00,62.2,167.51,636.18,256.62,SEARCH_Y
23.1944,2.0558,-0.3561,0.3798,0.06110,0.40956,-0.00466,0.00,3.00,0.00,62.2,167.54,636.19,256.62,SEARCH_Y
23.2045,2.1058,-0.1761,0.1398,0.05710,0.38956,-0.00666,0.00,3.00,0.00,62.3,167.57,636.19,256.62,SEARCH_Y
23.2146,1.9258,-0.4061,0.3998,0.03210,0.38256,-0.01266,0.00,3.00,0.00,62.3,167.60,636.19,256.62,SEARCH_Y
23.2247,2.1758,-0.1561,0.0898,0.03710,0.38556,-0.01166,0.00,3.00,0.00,62.3,167.63,636.19,256.62,SEARCH_Y
23.2348,1.9758,0.0338,0.0498,0.03110,0.37956,-0.00466,0.00,3.00,0.00,62.3,167.66,636.19,256.62,SEARCH_Y
23.2450,2.0758,0.2038,-0.2301,0.04910,0.38256,-0.00766,0.00,3.00,0.00,62.3,167.70,636.19,256.62,SEARCH_Y
23.2551,2.1558,-0.2561,0.0798,0.04610,0.38556,-0.00666,0.00,3.00,0.00,62.4,167.72,636.19,256.62,SEARCH_Y
23.2652,1.8658,0.1838,-0.2601,0.02710,0.37656,-0.00266,0.00,3.00,0.00,62.4,167.76,636.19,256.62,SEARCH_Y
23.2753,1.8758,0.0338,-0.2601,0.05010,0.38056,-0.00466,0.00,3.00,0.00,62.4,167.78,636.19,256.62,SEARCH_Y
23.2856,1.8658,-0.1861,-0.1001,0.03810,0.38356,-0.00666,0.00,3.00,0.00,62.4,167.82,636.19,256.62,SEARCH_Y
23.2957,1.9958,-0.1761,-0.2101,0.03410,0.37556,-0.00666,0.00,3.00,0.00,62.4,167.84,636.19,256.62,SEARCH_Y
23.3058,2.0858,-0.2861,0.0098,0.06010,0.39756,-0.00766,0.00,3.00,0.00,62.5,167.88,636.20,256.62,SEARCH_Y
23.3159,1.8158,-0.3961,0.2398,0.05010,0.39656,-0.00866,0.00,3.00,0.00,62.5,167.90,636.20,256.62,SEARCH_Y
23.3260,2.1158,-0.5761,0.2298,0.06910,0.40356,-0.01266,0.00,3.00,0.00,62.5,167.94,636.20,256.62,SEARCH_Y
23.3361,2.0858,-0.1561,0.1898,0.05610,0.38656,-0.01066,0.00,3.00,0.00,62.5,167.96,636.20,256.62,SEARCH_Y
23.3463,2.0658,-0.2961,0.3598,0.03810,0.38656,-0.00866,0.00,3.00,0.00,62.6,168.00,636.20,256.62,SEARCH_Y
23.3564,2.0858,0.0538,-0.0901,0.03710,0.37956,-0.00766,0.00,3.00,0.00,62.6,168.03,636.20,256.62,SEARCH_Y
23.3665,2.0558,0.0238,0.1998,0.03310,0.37856,-0.00966,0.00,3.00,0.00,62.6,168.06,636.20,256.62,SEARCH_Y
23.3766,2.1058,-0.1261,0.2698,0.03810,0.38656,-0.00766,0.00,3.00,0.00,62.6,168.09,636.20,256.62,SEARCH_Y
23.3867,1.9458,-0.0961,0.2598,0.04110,0.38856,-0.00666,0.00,3.00,0.00,62.6,168.12,636.20,256.62,SEARCH_Y
23.3968,2.0158,-0.0661,-0.0401,0.04410,0.38056,-0.00766,0.00,3.00,0.00,62.7,168.16,636.20,256.62,SEARCH_Y
23.4069,2.0358,0.1338,-0.0901,0.03610,0.39456,-0.00266,0.00,3.00,0.00,62.7,168.18,636.20,256.62,SEARCH_Y
23.4170,2.0458,-0.4061,0.3098,0.04810,0.39956,-0.01066,0.00,3.00,0.00,62.7,168.21,636.20,256.62,SEARCH_Y
23.4272,2.0858,-0.3561,0.2898,0.03410,0.39456,-0.01166,0.00,3.00,0.00,62.7,168.24,636.21,256.62,SEARCH_Y
23.4373,1.8758,0.0838,0.0698,0.03210,0.39156,-0.00166,0.00,3.00,0.00,62.7,168.28,636.21,256.62,SEARCH_Y
23.4474,2.0558,-0.4661,0.1298,0.04310,0.39156,-0.00866,0.00,3.00,0.00,62.8,168.30,636.21,256.62,SEARCH_Y
23.4576,1.9858,-0.1461,-0.3401,0.03810,0.37856,-0.00566,0.00,3.00,0.00,62.8,168.34,636.21,256.62,SEARCH_Y
23.4677,1.9658,-0.4061,0.0398,0.06510,0.40356,-0.00866,0.00,3.00,0.00,62.8,168.36,636.21,256.62,SEARCH_Y
23.4778,2.0358,-0.3761,0.0998,0.06910,0.39556,-0.00666,0.00,3.00,0.00,62.8,168.40,636.21,256.62,SEARCH_Y
23.4879,2.0658,-0.2261,0.0998,0.04110,0.37256,-0.00566,0.00,3.00,0.00,62.8,168.42,636.21,256.62,SEARCH_Y
23.4980,1.9758,-0.8461,0.4398,0.04010,0.38356,-0.01266,0.00,3.00,0.00,62.9,168.46,636.21,256.62,SEARCH_Y
23.5081,1.9558,-0.2361,0.0598,0.03010,0.38356,-0.00666,0.00,3.00,0.00,62.9,168.48,636.21,256.62,SEARCH_Y
23.5183,2.0058,-0.3261,0.1598,0.03010,0.38156,-0.00666,0.00,3.00,0.00,62.9,168.52,636.21,256.62,SEARCH_Y
23.5284,2.1058,0.4438,-0.5501,0.03510,0.36056,-0.00166,0.00,3.00,0.00,62.9,168.54,636.21,256.62,SEARCH_Y
23.5385,2.0658,-0.1661,-0.0701,0.03510,0.37356,-0.00166,0.00,3.00,0.00,62.9,168.58,636.21,256.62,SEARCH_Y
23.5486,1.9058,-0.4961,0.3998,0.04610,0.39756,-0.00666,0.00,3.00,0.00,63.0,168.60,636.22,256.62,SEARCH_Y
23.5587,2.1658,-0.2261,0.1598,0.05110,0.38856,-0.00766,0.00,3.00,0.00,63.0,168.64,636.22,256.62,SEARCH_Y
23.5688,1.9658,-0.1761,-0.0301,0.04210,0.38956,-0.00666,0.00,3.00,0.00,63.0,168.66,636.22,256.62,SEARCH_Y
23.5790,2.0658,-0.2761,0.4098,0.02310,0.37956,-0.00466,0.00,3.00,0.00,63.0,168.70,636.22,256.62,SEARCH_Y
23.5891,2.1858,-0.1961,0.0998,0.03810,0.38856,-0.00466,0.00,3.00,0.00,63.1,168.74,636.22,256.62,SEARCH_Y
23.5992,2.1558,-0.6561,0.2398,0.06110,0.39756,-0.01066,0.00,3.00,0.00,63.1,168.76,636.22,256.62,SEARCH_Y
23.6093,2.0658,-0.3161,0.1398,0.05510,0.39656,-0.00566,0.00,3.00,0.00,63.1,168.80,636.22,256.62,SEARCH_Y
23.6195,2.1658,-0.2561,-0.0101,0.06510,0.38556,-0.00366,0.00,3.00,0.00,63.1,168.82,636.22,256.62,SEARCH_Y
23.6296,1.8458,-0.3861,0.2598,0.03610,0.38456,-0.00466,0.00,3.00,0.00,63.1,168.86,636.22,256.62,SEARCH_Y
23.6397,2.2158,-0.3761,0.0398,0.05610,0.38656,-0.00666,0.00,3.00,0.00,63.1,168.88,636.22,256.62,SEARCH_Y
23.6498,2.0058,-0.2861,0.1898,0.03810,0.38856,-0.00566,0.00,3.00,0.00,63.2,168.92,636.22,256.62,SEARCH_Y
23.6599,1.8958,-0.3161,0.1998,0.04210,0.39256,-0.00566,0.00,3.00,0.00,63.2,168.94,636.22,256.62,SEARCH_Y
23.6701,2.0758,-0.2261,0.2898,0.03210,0.38056,-0.00766,0.00,3.00,0.00,63.2,168.98,636.23,256.62,SEARCH_Y
23.6802,2.0058,-0.3061,0.2398,0.03210,0.38556,-0.00366,0.00,3.00,0.00,63.2,169.00,636.23,256.62,SEARCH_Y
23.6903,2.0058,-0.1761,0.2998,0.03410,0.39556,-0.00766,0.00,3.00,0.00,63.3,169.04,636.23,256.62,SEARCH_Y
23.7004,2.1058,-0.0661,0.1898,0.04310,0.38356,-0.00266,0.00,3.00,0.00,63.3,169.06,636.23,256.62,SEARCH_Y
23.7105,2.0158,0.0338,0.0098,0.06010,0.39556,-0.00366,0.00,3.00,0.00,63.3,169.10,636.23,256.62,SEARCH_Y
23.7206,2.0458,-0.3861,0.3598,0.04010,0.39556,-0.00666,0.00,3.00,0.00,63.3,169.12,636.23,256.62,SEARCH_Y
23.7307,2.2258,-0.2061,-0.0001,0.05010,0.39056,-0.00366,0.00,3.00,0.00,63.3,169.16,636.23,256.62,SEARCH_Y
23.7408,2.1058,0.2738,-0.5201,0.04310,0.38656,-0.00366,0.00,3.00,0.00,63.4,169.18,636.23,256.62,SEARCH_Y
23.7509,2.2658,-0.2561,0.0398,0.05410,0.39356,-0.00866,0.00,3.00,0.00,63.4,169.22,636.23,256.62,SEARCH_Y
23.7610,2.0758,-0.4861,0.0098,0.04810,0.38556,-0.00366,0.00,3.00,0.00,63.4,169.25,636.23,256.62,SEARCH_Y
23.7711,2.1058,-0.6061,0.3998,0.05310,0.39756,-0.00966,0.00,3.00,0.00,63.4,169.28,636.23,256.62,SEARCH_Y
23.7813,2.1158,-0.5161,0.2598,0.06610,0.40356,-0.00566,0.00,3.00,0.00,63.4,169.31,636.23,256.63,SEARCH_Y
23.7914,1.9658,-0.4261,-0.1701,0.04710,0.38956,-0.00566,0.00,3.00,0.00,63.5,169.34,636.24,256.63,SEARCH_Y
23.8015,2.0458,-0.1761,0.1098,0.04210,0.39456,-0.00466,0.00,3.00,0.00,63.5,169.37,636.24,256.63,SEARCH_Y
23.8116,1.9958,-0.0761,-0.0401,0.04410,0.38756,-0.00066,0.00,3.00,0.00,63.5,169.40,636.24,256.63,SEARCH_Y
23.8217,2.0558,-0.4461,0.3298,0.04110,0.39056,-0.00666,0.00,3.00,0.00,63.5,169.44,636.24,256.63,SEARCH_Y
23.8319,2.0158,-0.2261,0.3998,0.02210,0.38556,-0.00766,0.00,3.00,0.00,63.5,169.46,636.24,256.63,SEARCH_Y
23.8420,2.0858,-0.2361,0.2598,0.04110,0.38956,-0.00666,0.00,3.00,0.00,63.6,169.50,636.24,256.63,SEARCH_Y
23.8521,1.9958,-0.1261,-0.0001,0.04510,0.38756,-0.00466,0.00,3.00,0.00,63.6,169.52,636.24,256.63,SEARCH_Y
23.8622,2.1658,-0.7061,0.3998,0.04310,0.38956,-0.00866,0.00,3.00,0.00,63.6,169.56,636.24,256.63,SEARCH_Y
23.8724,2.1258,-0.4861,0.3098,0.05310,0.39156,-0.00566,0.00,3.00,0.00,63.6,169.58,636.24,256.63,SEARCH_Y
23.8825,2.0458,-0.1061,-0.1801,0.03910,0.38356,-0.00266,0.00,3.00,0.00,63.7,169.62,636.24,256.63,SEARCH_Y
23.8926,2.0858,-0.6861,0.2598,0.04310,0.39056,-0.00966,0.00,3.00,0.00,63.7,169.64,636.24,256.63,SEARCH_Y
23.9027,1.9058,-0.3561,-0.1601,0.04610,0.40156,-0.00466,0.00,3.00,0.00,63.7,169.68,636.24,256.63,SEARCH_Y
23.9128,2.0858,-0.4961,-0.0901,0.05610,0.38756,-0.00766,0.00,3.00,0.00,63.7,169.70,636.25,256.63,SEARCH_Y
23.9229,2.0158,-0.5661,0.2198,0.05210,0.39556,-0.00866,0.00,3.00,0.00,63.7,169.74,636.25,256.63,SEARCH_Y
23.9330,1.8758,-0.1861,0.2798,0.05210,0.39756,-0.00766,0.00,3.00,0.00,63.8,169.77,636.25,256.63,SEARCH_Y
23.9432,2.1258,-0.3861,0.2998,0.04610,0.39656,-0.01066,0.00,3.00,0.00,63.8,169.80,636.25,256.63,SEARCH_Y
23.9533,2.0358,-0.3361,0.3998,0.03610,0.38656,-0.00466,0.00,3.00,0.00,63.8,169.83,636.25,256.63,SEARCH_Y
23.9634,2.1558,-0.2961,0.2398,0.04810,0.40056,-0.00466,0.00,3.00,0.00,63.8,169.86,636.25,256.63,SEARCH_Y
23.9735,1.9058,-0.3261,0.3398,0.02110,0.38656,-0.00566,0.00,3.00,0.00,63.8,169.89,636.25,256.63,SEARCH_Y
23.9836,1.9358,-0.1661,0.2498,0.03210,0.38456,-0.00266,0.00,3.00,0.00,63.9,169.92,636.25,256.63,SEARCH_Y
23.9937,2.0158,-0.3461,0.2098,0.05110,0.39556,-0.00666,0.00,3.00,0.00,63.9,169.95,636.25,256.63,SEARCH_Y
24.0038,1.8858,-0.1261,-0.0801,0.04010,0.38356,-0.00066,0.00,3.00,0.00,63.9,169.98,636.25,256.63,SEARCH_Y
24.0139,1.9358,0.0838,0.0298,0.04210,0.39456,-0.00166,0.00,3.00,0.00,63.9,170.01,636.25,256.63,SEARCH_Y
24.0241,2.1058,-0.1861,-0.0101,0.03410,0.38056,-0.00266,0.00,3.00,0.00,63.9,170.04,636.25,256.63,SEARCH_Y
24.0342,2.1158,-0.1461,-0.2101,0.04210,0.38656,-0.00366,0.00,3.00,0.00,64.0,170.07,636.26,256.63,SEARCH_Y
24.0443,2.0558,-0.6461,0.1398,0.05810,0.39756,-0.00466,0.00,3.00,0.00,64.0,170.10,636.26,256.63,SEARCH_Y
24.0544,1.9958,-0.4561,-0.0401,0.04810,0.39456,-0.00766,0.00,3.00,0.00,64.0,170.13,636.26,256.63,SEARCH_Y
24.0646,2.1958,-0.5861,-0.1901,0.07110,0.38856,-0.00566,0.00,3.00,0.00,64.0,170.16,636.26,256.63,SEARCH_Y
24.0747,2.0358,-0.5661,0.1098,0.06510,0.40456,-0.00866,0.00,3.00,0.00,64.1,170.19,636.26,256.63,SEARCH_Y
24.0848,2.1258,-0.3861,0.1498,0.06410,0.39456,-0.00166,0.00,3.00,0.00,64.1,170.22,636.26,256.63,SEARCH_Y
24.0949,1.9958,-0.2461,0.3998,0.06110,0.40556,-0.00866,0.00,3.00,0.00,64.1,170.25,636.26,256.63,SEARCH_Y
24.1050,2.2558,-0.2961,0.2498,0.07910,0.40956,-0.00866,0.00,3.00,0.00,64.1,170.29,636.26,256.63,SEARCH_Y
24.1151,2.0658,-0.2361,0.1498,0.05610,0.38756,-0.00166,0.00,3.00,0.00,64.1,170.31,636.26,256.63,SEARCH_Y
24.1253,2.1558,-0.3161,0.5698,0.06710,0.39656,-0.00666,0.00,3.00,0.00,64.2,170.35,636.26,256.63,SEARCH_Y
24.1354,2.1458,-0.0461,-0.0701,0.04110,0.37756,-0.00566,0.00,3.00,0.00,64.2,170.38,636.26,256.63,SEARCH_Y
24.1455,2.0458,-0.3961,0.3798,0.04410,0.40256,-0.00266,0.00,3.00,0.00,64.2,170.41,636.26,256.63,SEARCH_Y
24.1556,2.3758,-0.4961,0.3198,0.05910,0.38656,-0.00666,0.00,3.00,0.00,64.2,170.44,636.27,256.63,SEARCH_Y
24.1657,2.0458,-0.3561,0.5698,0.03010,0.38756,-0.00566,0.00,3.00,0.00,64.2,170.47,636.27,256.63,SEARCH_Y
24.1758,2.1658,-0.1161,-0.1501,0.03210,0.38456,-0.00266,0.00,3.00,0.00,64.3,170.50,636.27,256.63,SEARCH_Y
24.1859,2.0858,-0.0861,-0.2401,0.05310,0.38556,-0.00466,0.00,3.00,0.00,64.3,170.53,636.27,256.63,SEARCH_Y
24.1961,2.0358,-0.4561,0.3298,0.05310,0.39956,-0.00566,0.00,3.00,0.00,64.3,170.56,636.27,256.63,SEARCH_Y
24.2062,2.0558,-0.5461,-0.2001,0.04210,0.38656,-0.00166,0.00,3.00,0.00,64.3,170.59,636.27,256.63,SEARCH_Y
24.2163,1.9158,-0.7861,0.5198,0.05910,0.40456,-0.00766,0.00,3.00,0.00,64.4,170.62,636.27,256.63,SEARCH_Y
24.2264,2.1458,-0.5361,0.1398,0.06110,0.39356,-0.00466,0.00,3.00,0.00,64.4,170.65,636.27,256.63,SEARCH_Y
24.2365,2.1558,-0.5761,-0.0101,0.06310,0.38556,-0.00666,0.00,3.00,0.00,64.4,170.68,636.27,256.63,SEARCH_Y
24.2466,2.2558,-0.2861,0.4498,0.05710,0.38756,-0.00666,0.00,3.00,0.00,64.4,170.71,636.27,256.63,SEARCH_Y
24.2568,2.1958,-0.5461,0.1798,0.04510,0.38956,-0.00566,0.00,3.00,0.00,64.4,170.75,636.27,256.63,SEARCH_Y
24.2669,2.0258,-0.2061,-0.0301,0.04010,0.38356,-0.00266,0.00,3.00,0.00,64.5,170.77,636.27,256.63,SEARCH_Y
24.2770,1.9858,0.0038,-0.1601,0.03610,0.38456,-0.00266,0.00,3.00,0.00,64.5,170.81,636.28,256.63,SEARCH_Y
24.2871,2.0558,-0.0561,-0.0301,0.03810,0.37856,-0.00266,0.00,3.00,0.00,64.5,170.83,636.28,256.63,SEARCH_Y
24.2972,2.0058,-0.5061,0.1498,0.05010,0.38756,-0.00466,0.00,3.00,0.00,64.5,170.87,636.28,256.63,SEARCH_Y
24.3073,2.2558,-0.2661,0.1398,0.04810,0.37556,-0.00366,0.00,3.00,0.00,64.5,170.89,636.28,256.63,SEARCH_Y
24.3174,2.1758,-0.3261,0.2798,0.05710,0.39256,-0.00466,0.00,3.00,0.00,64.6,170.93,636.28,256.63,SEARCH_Y
24.3276,1.9058,-0.2561,-0.2201,0.03210,0.38256,-0.00466,0.00,3.00,0.00,64.6,170.95,636.28,256.63,SEARCH_Y
24.3377,2.0758,-0.6061,0.0998,0.05010,0.38556,-0.00466,0.00,3.00,0.00,64.6,170.99,636.28,256.63,SEARCH_Y
24.3478,1.7958,-0.5861,0.4198,0.04310,0.40156,-0.00266,0.00,3.00,0.00,64.6,171.01,636.28,256.63,SEARCH_Y
24.3580,2.1858,-0.3761,-0.1801,0.06210,0.39356,-0.00266,0.00,3.00,0.00,64.7,171.05,636.28,256.63,SEARCH_Y
24.3681,2.2458,-0.3861,0.2498,0.04910,0.38656,-0.00466,0.00,3.00,0.00,64.7,171.07,636.28,256.63,SEARCH_Y
24.3782,2.2358,-0.4361,-0.1201,0.06110,0.37856,-0.00166,0.00,3.00,0.00,64.7,171.11,636.28,256.63,SEARCH_Y
24.3883,2.1058,-0.0861,0.0198,0.06410,0.38456,-0.00366,0.00,3.00,0.00,64.7,171.13,636.28,256.63,SEARCH_Y
24.3984,2.1058,-0.5061,0.3598,0.05010,0.38356,-0.00366,0.00,3.00,0.00,64.7,171.17,636.29,256.63,SEARCH_Y
24.4085,1.9858,-0.2161,0.0398,0.05610,0.38856,0.00233,0.00,3.00,0.00,64.8,171.19,636.29,256.63,SEARCH_Y
24.4186,2.1758,-0.1261,-0.0001,0.05510,0.39156,-0.00266,0.00,3.00,0.00,64.8,171.23,636.29,256.63,SEARCH_Y
24.4287,2.1758,-0.5061,0.4498,0.03510,0.38156,-0.00666,0.00,3.00,0.00,64.8,171.25,636.29,256.63,SEARCH_Y
24.4388,2.3958,-0.1061,0.0498,0.05010,0.37456,-0.00566,0.00,3.00,0.00,64.8,171.29,636.29,256.63,SEARCH_Y
24.4489,2.0358,-0.2161,0.0498,0.04410,0.38456,-0.00266,0.00,3.00,0.00,64.8,171.33,636.29,256.63,SEARCH_Y
24.4591,1.8758,0.0238,-0.1201,0.04110,0.37756,0.00533,0.00,3.00,0.00,64.9,171.35,636.29,256.63,SEARCH_Y
24.4692,2.0558,-0.3461,0.3298,0.04410,0.38856,-0.00066,0.00,3.00,0.00,64.9,171.39,636.29,256.64,SEARCH_Y
24.4793,2.0458,-0.3261,0.2498,0.05810,0.39556,-0.00466,0.00,3.00,0.00,64.9,171.41,636.29,256.64,SEARCH_Y
24.4894,2.0158,-0.4861,0.3298,0.06010,0.40556,-0.00166,0.00,3.00,0.00,64.9,171.45,636.29,256.64,SEARCH_Y
24.4995,2.1858,-0.3761,-0.2001,0.06610,0.39256,-0.00366,0.00,3.00,0.00,65.0,171.47,636.29,256.64,SEARCH_Y
24.5096,2.2758,-0.0661,-0.3301,0.05910,0.38456,-0.00466,0.00,3.00,0.00,65.0,171.51,636.29,256.64,SEARCH_Y
24.5198,1.9958,-0.5561,0.2998,0.05810,0.40456,-0.00166,0.00,3.00,0.00,65.0,171.53,636.30,256.64,SEARCH_Y
24.5299,1.8958,-0.4961,0.0498,0.05910,0.39456,-0.00266,0.00,3.00,0.00,65.0,171.57,636.30,256.64,SEARCH_Y
24.5400,1.9958,-0.4661,0.0498,0.04710,0.38356,-0.00066,0.00,3.00,0.00,65.0,171.59,636.30,256.64,SEARCH_Y
24.5501,1.9158,-0.3261,-0.0101,0.02810,0.38356,-0.00566,0.00,3.00,0.00,65.1,171.63,636.30,256.64,SEARCH_Y
24.5602,2.2158,-0.0861,-0.0301,0.03510,0.38356,0.00133,0.00,3.00,0.00,65.1,171.65,636.30,256.64,SEARCH_Y
24.5704,1.9958,-0.0261,-0.1701,0.04510,0.37956,-0.00266,0.00,3.00,0.00,65.1,171.69,636.30,256.64,SEARCH_Y
24.5805,1.9958,-0.2261,0.2198,0.04410,0.38556,-0.00466,0.00,3.00,0.00,65.1,171.71,636.30,256.64,SEARCH_Y
24.5906,1.9258,-0.1661,0.1898,0.03510,0.38356,0.00333,0.00,3.00,0.00,65.1,171.75,636.30,256.64,SEARCH_Y
24.6007,1.9258,-0.2561,0.1498,0.03310,0.38256,-0.00266,0.00,3.00,0.00,65.2,171.77,636.30,256.64,SEARCH_Y
24.6108,2.0258,0.1938,0.0398,0.05410,0.38456,-0.00166,0.00,3.00,0.00,65.2,171.81,636.30,256.64,SEARCH_Y
24.6209,1.9558,-0.1461,0.3098,0.03410,0.37756,0.00433,0.00,3.00,0.00,65.2,171.83,636.30,256.64,SEARCH_Y
24.6310,2.3158,-0.3861,-0.0201,0.05810,0.38256,-0.00566,0.00,3.00,0.00,65.2,171.87,636.30,256.64,SEARCH_Y
24.6411,2.0658,-0.2561,-0.1901,0.03910,0.37856,-0.00266,0.00,3.00,0.00,65.3,171.91,636.31,256.64,SEARCH_Y
24.6512,2.2158,-0.1061,-0.0701,0.05510,0.39256,-0.00366,0.00,3.00,0.00,65.3,171.93,636.31,256.64,SEARCH_Y
24.6613,1.8958,-0.3061,-0.0701,0.04210,0.38256,-0.00166,0.00,3.00,0.00,65.3,171.97,636.31,256.64,SEARCH_Y
24.6714,2.0258,-0.2561,-0.2301,0.05410,0.38456,0.00033,0.00,3.00,0.00,65.3,171.99,636.31,256.64,SEARCH_Y
24.6815,2.2958,-0.4861,-0.0401,0.06810,0.37456,-0.00066,0.00,3.00,0.00,65.3,172.03,636.31,256.64,SEARCH_Y
24.6917,1.9558,-0.4861,0.1298,0.04810,0.38356,-0.00366,0.00,3.00,0.00,65.4,172.05,636.31,256.64,SEARCH_Y
24.7018,2.1058,-0.2461,0.0398,0.06110,0.38956,-0.00266,0.00,3.00,0.00,65.4,172.09,636.31,256.64,SEARCH_Y
24.7119,2.0258,-0.2661,-0.0301,0.04110,0.38256,-0.00166,0.00,3.00,0.00,65.4,172.11,636.31,256.64,SEARCH_Y
24.7220,1.9958,-0.2661,0.2598,0.05110,0.39156,-0.00266,0.00,3.00,0.00,65.4,172.15,636.31,256.64,SEARCH_Y
24.7321,2.3658,-0.0961,0.2398,0.07210,0.39556,-0.00266,0.00,3.00,0.00,65.4,172.17,636.31,256.64,SEARCH_Y
24.7422,1.9358,-0.1761,-0.0601,0.03910,0.37456,0.00133,0.00,3.00,0.00,65.5,172.21,636.31,256.64,SEARCH_Y
24.7523,2.0658,-0.5261,0.5498,0.06110,0.39856,-0.00266,0.00,3.00,0.00,65.5,172.23,636.31,256.64,SEARCH_Y
24.7624,2.2358,-0.3361,0.1498,0.05210,0.38356,-0.00566,0.00,3.00,0.00,65.5,172.27,636.32,256.64,SEARCH_Y
24.7726,2.1758,-0.5161,-0.0401,0.06810,0.38156,-0.00566,0.00,3.00,0.00,65.5,172.29,636.32,256.64,SEARCH_Y
24.7827,2.1358,-0.2461,0.0298,0.05710,0.38656,0.00333,0.00,3.00,0.00,65.6,172.33,636.32,256.64,SEARCH_Y
24.7928,2.0058,-0.3761,0.0098,0.04810,0.38656,-0.00066,0.00,3.00,0.00,65.6,172.35,636.32,256.64,SEARCH_Y
24.8029,2.0958,-0.6561,0.4498,0.04510,0.38156,-0.00666,0.00,3.00,0.00,65.6,172.39,636.32,256.64,SEARCH_Y
24.8130,2.0058,-0.0661,-0.4901,0.05810,0.38356,0.00533,0.00,3.00,0.00,65.6,172.41,636.32,256.64,SEARCH_Y
24.8231,2.1758,-0.3361,-0.2201,0.06810,0.38556,-0.00166,0.00,3.00,0.00,65.6,172.45,636.32,256.64,SEARCH_Y
24.8332,2.1658,0.0038,-0.1801,0.04410,0.37356,-0.00066,0.00,3.00,0.00,65.7,172.48,636.32,256.64,SEARCH_Y
24.8433,2.1958,-0.3261,0.0198,0.06610,0.38956,-0.00066,0.00,3.00,0.00,65.7,172.51,636.32,256.64,SEARCH_Y
24.8534,1.9358,-0.2261,0.0198,0.04310,0.38056,-0.00366,0.00,3.00,0.00,65.7,172.54,636.32,256.64,SEARCH_Y
24.8635,2.0658,-0.3361,0.0798,0.03210,0.37656,0.00033,0.00,3.00,0.00,65.7,172.57,636.32,256.64,SEARCH_Y
24.8736,2.1858,-0.0461,-0.0301,0.04310,0.37656,-0.00166,0.00,3.00,0.00,65.8,172.60,636.32,256.64,SEARCH_Y
24.8837,1.9758,-0.1361,0.1098,0.03310,0.37256,-0.00066,0.00,3.00,0.00,65.8,172.63,636.33,256.64,SEARCH_Y
24.8938,2.1958,-0.8261,0.3398,0.05210,0.38756,-0.00466,0.00,3.00,0.00,65.8,172.67,636.33,256.64,SEARCH_Y
24.9039,2.1758,-0.4461,0.1498,0.05910,0.38356,0.00233,0.00,3.00,0.00,65.8,172.69,636.33,256.64,SEARCH_Y
24.9141,1.9958,-0.1861,-0.0401,0.04010,0.37856,0.00233,0.00,3.00,0.00,65.8,172.73,636.33,256.64,SEARCH_Y
24.9242,1.9158,-0.2761,0.0698,0.04910,0.38656,-0.00066,0.00,3.00,0.00,65.9,172.75,636.33,256.64,SEARCH_Y
24.9343,2.0658,-0.3861,-0.2801,0.05910,0.37856,0.00033,0.00,3.00,0.00,65.9,172.79,636.33,256.64,SEARCH_Y
24.9444,2.1158,-0.1061,-0.1101,0.05410,0.38756,-0.00266,0.00,3.00,0.00,65.9,172.81,636.33,256.64,SEARCH_Y
24.9545,2.0558,-0.5961,-0.0301,0.05110,0.38156,-0.00166,0.00,3.00,0.00,65.9,172.85,636.33,256.64,SEARCH_Y
24.9646,2.0058,-0.5561,0.2698,0.06010,0.39356,-0.00066,0.00,3.00,0.00,65.9,172.87,636.33,256.64,SEARCH_Y
24.9747,2.1058,-0.4361,-0.1001,0.05010,0.37056,0.00233,0.00,3.00,0.00,66.0,172.91,636.33,256.64,SEARCH_Y
24.9848,1.9458,-0.4961,0.6798,0.06110,0.39856,-0.00466,0.00,3.00,0.00,66.0,172.93,636.33,256.64,SEARCH_Y
24.9950,2.1558,-0.4561,-0.0501,0.05210,0.37956,-0.00466,0.00,3.00,0.00,66.0,172.97,636.33,256.64,SEARCH_Y
25.0051,2.0258,-0.3861,0.2698,0.05610,0.39056,-0.00066,0.00,3.00,0.00,66.0,173.00,636.34,256.64,SEARCH_Y
25.0152,1.9558,-0.2461,0.1898,0.04010,0.37656,0.00533,0.00,3.00,0.00,66.1,173.03,636.34,256.64,SEARCH_Y
25.0253,1.8258,-0.0561,0.0498,0.05110,0.38756,-0.00166,0.00,3.00,0.00,66.1,173.06,636.34,256.64,SEARCH_Y
25.0354,2.1358,-0.3761,0.0898,0.05710,0.38356,-0.00366,0.00,3.00,0.00,66.1,173.09,636.34,256.64,SEARCH_Y
25.0455,2.0758,-0.0461,0.0498,0.04610,0.38656,0.00033,0.00,3.00,0.00,66.1,173.12,636.34,256.64,SEARCH_Y
25.0557,1.8558,-0.5261,0.1598,0.03210,0.37856,0.00133,0.00,3.00,0.00,66.1,173.15,636.34,256.64,SEARCH_Y
25.0658,2.1758,0.0238,0.0898,0.06110,0.37856,0.00433,0.00,3.00,0.00,66.2,173.18,636.34,256.64,SEARCH_Y
25.0759,2.0058,-0.2761,0.0398,0.04410,0.38556,0.00133,0.00,3.00,0.00,66.2,173.21,636.34,256.64,SEARCH_Y
25.0860,1.9858,-0.3361,0.0298,0.03910,0.38756,-0.00066,0.00,3.00,0.00,66.2,173.24,636.34,256.64,SEARCH_Y
25.0961,2.0658,-0.0161,0.0998,0.03910,0.39156,0.00133,0.00,3.00,0.00,66.2,173.27,636.34,256.64,SEARCH_Y
25.1062,1.8258,0.1238,-0.0101,0.03210,0.37256,0.00333,0.00,3.00,0.00,66.3,173.30,636.34,256.64,SEARCH_Y
25.1164,1.8658,-0.3861,0.0198,0.05010,0.38456,0.00233,0.00,3.00,0.00,66.3,173.33,636.34,256.64,SEARCH_Y
25.1265,2.1158,-0.5261,0.0698,0.06410,0.38156,0.00133,0.00,3.00,0.00,66.3,173.36,636.35,256.64,SEARCH_Y
25.1366,1.9758,-0.7161,0.3798,0.05510,0.38756,-0.00366,0.00,3.00,0.00,66.3,173.39,636.35,256.64,SEARCH_Y
25.1467,2.0358,-0.5361,0.3598,0.07110,0.40256,-0.00266,0.00,3.00,0.00,66.3,173.42,636.35,256.64,SEARCH_Y
25.1568,1.7458,-0.2561,0.5298,0.03110,0.39056,0.00233,0.00,3.00,0.00,66.4,173.46,636.35,256.65,SEARCH_Y
25.1669,1.7858,0.0438,0.0698,0.02610,0.37656,0.00433,0.00,3.00,0.00,66.4,173.48,636.35,256.65,SEARCH_Y
25.1771,1.9558,-0.2661,0.2098,0.03410,0.37556,0.00233,0.00,3.00,0.00,66.4,173.52,636.35,256.65,SEARCH_Y
25.1871,1.9558,0.0438,0.0398,0.03610,0.37656,0.00133,0.00,3.00,0.00,66.4,173.54,636.35,256.65,SEARCH_Y
25.1973,1.9258,-0.2761,0.0998,0.01510,0.36756,0.00233,0.00,3.00,0.00,66.5,173.58,636.35,256.65,SEARCH_Y
25.2074,2.1958,-0.3761,0.4398,0.06210,0.37956,-0.00066,0.00,3.00,0.00,66.5,173.61,636.35,256.65,SEARCH_Y
25.2175,1.9958,-0.4661,0.3098,0.06310,0.39056,0.00533,0.00,3.00,0.00,66.5,173.64,636.35,256.65,SEARCH_Y
25.2277,2.1258,-0.3061,-0.0101,0.06410,0.38856,0.00033,0.00,3.00,0.00,66.5,173.67,636.35,256.65,SEARCH_Y
25.2378,2.1158,-0.6961,0.1698,0.06510,0.38256,-0.00366,0.00,3.00,0.00,66.5,173.70,636.35,256.65,SEARCH_Y
25.2479,2.0458,-0.2061,-0.0701,0.07210,0.38956,0.00633,0.00,3.00,0.00,66.6,173.73,636.36,256.65,SEARCH_Y
25.2580,2.0958,-0.2761,0.1898,0.07310,0.39456,0.00033,0.00,3.00,0.00,66.6,173.76,636.36,256.65,SEARCH_Y
25.2681,2.3558,-0.5361,0.2598,0.07610,0.38556,-0.00266,0.00,3.00,0.00,66.6,173.79,636.36,256.65,SEARCH_Y
25.2783,2.1858,-0.4761,-0.0501,0.06310,0.37256,0.00133,0.00,3.00,0.00,66.6,173.82,636.36,256.65,SEARCH_Y
25.2884,2.0358,-0.4761,0.4998,0.06410,0.39456,-0.00266,0.00,3.00,0.00,66.6,173.85,636.36,256.65,SEARCH_Y
25.2985,1.9858,-0.4661,0.1798,0.04910,0.37456,-0.00366,0.00,3.00,0.00,66.7,173.88,636.36,256.65,SEARCH_Y
25.3086,1.9658,-0.2761,0.3698,0.05310,0.39256,-0.00066,0.00,3.00,0.00,66.7,173.91,636.36,256.65,SEARCH_Y
25.3188,2.2458,-0.2861,0.0698,0.06310,0.37856,0.00033,0.00,3.00,0.00,66.7,173.94,636.36,256.65,SEARCH_Y
25.3289,2.2958,-0.2461,0.0698,0.04510,0.37156,-0.00166,0.00,3.00,0.00,66.7,173.97,636.36,256.65,SEARCH_Y
25.3390,1.9158,-0.2761,0.2898,0.02610,0.37156,0.00633,0.00,3.00,0.00,66.8,174.00,636.36,256.65,SEARCH_Y
25.3491,2.0158,-0.4961,0.5798,0.06810,0.39756,0.00033,0.00,3.00,0.00,66.8,174.04,636.36,256.65,SEARCH_Y
25.3593,1.9658,-0.4261,0.0798,0.06210,0.38856,0.00133,0.00,3.00,0.00,66.8,174.06,636.36,256.65,SEARCH_Y
25.3694,2.0058,-0.4761,0.3398,0.06610,0.38856,0.00033,0.00,3.00,0.00,66.8,174.10,636.37,256.65,SEARCH_Y
25.3796,1.8158,-0.4361,-0.0601,0.02110,0.37756,0.00133,0.00,3.00,0.00,66.8,174.12,636.37,256.65,SEARCH_Y
25.3897,2.1858,-0.4461,0.2998,0.05210,0.38256,-0.00366,0.00,3.00,0.00,66.9,174.16,636.37,256.65,SEARCH_Y
25.3998,2.0358,-0.2261,0.0198,0.03910,0.38456,0.00033,0.00,3.00,0.00,66.9,174.18,636.37,256.65,SEARCH_Y
25.4099,2.1558,-0.4461,-0.1901,0.05610,0.38656,0.00233,0.00,3.00,0.00,66.9,174.22,636.37,256.65,SEARCH_Y
25.4200,1.8658,-0.2461,0.2598,0.05110,0.39656,0.00233,0.00,3.00,0.00,66.9,174.24,636.37,256.65,SEARCH_Y
25.4301,2.1358,-0.4661,-0.0201,0.05010,0.37756,-0.00266,0.00,3.00,0.00,67.0,174.28,636.37,256.65,SEARCH_Y
25.4402,2.1158,-0.5061,0.1398,0.07010,0.38956,0.00433,0.00,3.00,0.00,67.0,174.30,636.37,256.65,SEARCH_Y
25.4504,2.1758,-0.7161,0.2498,0.06810,0.38056,0.00133,0.00,3.00,0.00,67.0,174.34,636.37,256.65,SEARCH_Y
25.4605,2.3258,-0.5561,0.5998,0.08510,0.39556,-0.00866,0.00,3.00,0.00,67.0,174.36,636.37,256.65,SEARCH_Y
25.4706,2.0458,-0.3961,0.1898,0.04110,0.38356,0.00033,0.00,3.00,0.00,67.1,174.40,636.37,256.65,SEARCH_Y
25.4807,2.0958,-0.5361,0.3198,0.04410,0.38356,0.00533,0.00,3.00,0.00,67.1,174.42,636.37,256.65,SEARCH_Y
25.4908,2.0058,-0.1861,0.1298,0.02210,0.38056,0.00033,0.00,3.00,0.00,67.1,174.46,636.38,256.65,SEARCH_Y
25.5009,1.9758,-0.3261,0.1998,0.04510,0.38456,0.00233,0.00,3.00,0.00,67.1,174.48,636.38,256.65,SEARCH_Y
25.5110,1.8158,-0.1461,-0.0901,0.04510,0.37756,0.01133,0.00,3.00,0.00,67.1,174.52,636.38,256.65,SEARCH_Y
25.5212,1.9658,-0.1961,0.0398,0.05410,0.37656,0.00333,0.00,3.00,0.00,67.2,174.56,636.38,256.65,SEARCH_Y
25.5313,2.0658,-0.4161,-0.0401,0.06710,0.38856,0.00133,0.00,3.00,0.00,67.2,174.58,636.38,256.65,SEARCH_Y
25.5414,2.1158,-0.4461,0.0298,0.06110,0.38656,-0.00166,0.00,3.00,0.00,67.2,174.62,636.38,256.65,SEARCH_Y
25.5515,1.9158,-0.4461,-0.0501,0.04310,0.38056,0.00133,0.00,3.00,0.00,67.2,174.64,636.38,256.65,SEARCH_Y
25.5616,1.8758,-0.1561,-0.2501,0.04310,0.37156,0.00733,0.00,3.00,0.00,67.3,174.68,636.38,256.65,SEARCH_Y
25.5717,1.9958,-0.4261,0.2098,0.06610,0.39456,-0.00266,0.00,3.00,0.00,67.3,174.70,636.38,256.65,SEARCH_Y
25.5818,2.1958,-0.7061,0.3198,0.07110,0.38656,0.00033,0.00,3.00,0.00,67.3,174.74,636.38,256.65,SEARCH_Y
25.5920,2.1158,-0.4761,0.0498,0.05210,0.36956,0.00133,0.00,3.00,0.00,67.3,174.76,636.38,256.65,SEARCH_Y
25.6021,1.9758,-0.7061,0.2698,0.05610,0.38256,-0.00266,0.00,3.00,0.00,67.3,174.80,636.38,256.65,SEARCH_Y
25.6121,1.8658,-0.3561,0.4098,0.06010,0.39356,0.00033,0.00,3.00,0.00,67.4,174.82,636.39,256.65,SEARCH_Y
25.6223,1.9458,-0.4261,0.2398,0.03910,0.38256,0.00233,0.00,3.00,0.00,67.4,174.86,636.39,256.65,SEARCH_Y
25.6324,1.8858,-0.3961,0.2698,0.03910,0.38356,0.00033,0.00,3.00,0.00,67.4,174.88,636.39,256.65,SEARCH_Y
25.6425,1.9658,-0.1461,0.1098,0.04410,0.38656,0.00533,0.00,3.00,0.00,67.4,174.92,636.39,256.65,SEARCH_Y
25.6526,2.0958,-0.1361,0.0898,0.05010,0.38656,0.00033,0.00,3.00,0.00,67.4,174.94,636.39,256.65,SEARCH_Y
25.6628,1.8158,-0.1561,0.0498,0.04610,0.38356,0.00533,0.00,3.00,0.00,67.5,174.98,636.39,256.65,SEARCH_Y
25.6730,1.8158,-0.2261,0.2198,0.04810,0.38356,0.00833,0.00,3.00,0.00,67.5,175.00,636.39,256.65,SEARCH_Y
25.6832,1.9958,-0.4761,0.4098,0.04710,0.37856,0.00133,0.00,3.00,0.00,67.5,175.04,636.39,256.65,SEARCH_Y
25.6933,2.0258,-0.2461,-0.0801,0.05510,0.37856,0.00533,0.00,3.00,0.00,67.5,175.08,636.39,256.65,SEARCH_Y
25.7033,1.9258,-0.6461,0.2998,0.06110,0.40356,0.00033,0.00,3.00,0.00,67.6,175.10,636.39,256.65,SEARCH_Y
25.7134,2.2758,0.0338,-0.4301,0.06810,0.37056,0.00533,0.00,3.00,0.00,67.6,175.14,636.39,256.65,SEARCH_Y
25.7236,1.8258,-0.3661,-0.0501,0.04810,0.39056,0.00433,0.00,3.00,0.00,67.6,175.16,636.39,256.65,SEARCH_Y
25.7337,2.1658,-0.1661,-0.0601,0.05410,0.38156,0.00233,0.00,3.00,0.00,67.6,175.20,636.40,256.65,SEARCH_Y
25.7438,2.2058,-0.5861,0.3498,0.07510,0.38856,0.00333,0.00,3.00,0.00,67.6,175.22,636.40,256.65,SEARCH_Y
25.7539,1.7058,0.0238,-0.3001,0.05010,0.38156,0.00833,0.00,3.00,0.00,67.7,175.26,636.40,256.65,SEARCH_Y
25.7640,1.9158,-0.4161,0.0898,0.04610,0.38456,-0.00066,0.00,3.00,0.00,67.7,175.28,636.40,256.65,SEARCH_Y
25.7742,2.1658,-0.1561,-0.0801,0.05910,0.37856,0.00433,0.00,3.00,0.00,67.7,175.32,636.40,256.65,SEARCH_Y
25.7843,1.8458,-0.1761,0.0098,0.04810,0.38756,0.00633,0.00,3.00,0.00,67.7,175.34,636.40,256.65,SEARCH_Y
25.7944,1.8658,-0.2361,0.2398,0.03110,0.37856,0.00333,0.00,3.00,0.00,67.8,175.38,636.40,256.65,SEARCH_Y
25.8045,1.6958,-0.0661,0.3298,0.01710,0.37856,0.00733,0.00,3.00,0.00,67.8,175.40,636.40,256.65,SEARCH_Y
25.8146,2.0658,-0.4261,0.3498,0.06610,0.39256,0.00833,0.00,3.00,0.00,67.8,175.44,636.40,256.65,SEARCH_Y
25.8247,2.0758,-0.2761,-0.0001,0.07110,0.36856,0.00433,0.00,3.00,0.00,67.8,175.46,636.40,256.65,SEARCH_Y
25.8348,2.0758,-0.6261,0.3998,0.07510,0.39256,0.00033,0.00,3.00,0.00,67.9,175.50,636.40,256.65,SEARCH_Y
25.8449,1.9758,-0.1661,0.0298,0.06210,0.38856,0.00933,0.00,3.00,0.00,67.9,175.52,636.40,256.65,SEARCH_Y
25.8550,1.8458,-0.3461,-0.0501,0.04410,0.38656,0.00333,0.00,3.00,0.00,67.9,175.56,636.41,256.66,SEARCH_Y
25.8651,2.1258,-0.5061,-0.0101,0.07610,0.38356,0.00533,0.00,3.00,0.00,67.9,175.59,636.41,256.66,SEARCH_Y
25.8752,2.0158,-0.3561,-0.2001,0.06410,0.38956,0.01133,0.00,3.00,0.00,67.9,175.62,636.41,256.66,SEARCH_Y
25.8854,1.9958,-0.3561,-0.0301,0.05410,0.36856,0.00533,0.00,3.00,0.00,68.0,175.65,636.41,256.66,SEARCH_Y
25.8955,1.8258,-0.2561,-0.2801,0.05210,0.37756,0.00433,0.00,3.00,0.00,68.0,175.68,636.41,256.66,SEARCH_Y
25.9056,1.9058,-0.4161,-0.1301,0.06110,0.37256,0.00433,0.00,3.00,0.00,68.0,175.71,636.41,256.66,SEARCH_Y
25.9157,2.0258,-0.1261,-0.2601,0.05510,0.36856,0.00233,0.00,3.00,0.00,68.0,175.74,636.41,256.66,SEARCH_Y
25.9258,1.9658,-0.4861,0.5698,0.06310,0.39256,0.00033,0.00,3.00,0.00,68.1,175.77,636.41,256.66,SEARCH_Y
25.9359,2.0058,-0.3661,0.4998,0.05410,0.39456,0.00033,0.00,3.00,0.00,68.1,175.80,636.41,256.66,SEARCH_Y
25.9461,1.9658,-0.2361,0.2998,0.03210,0.37856,0.00333,0.00,3.00,0.00,68.1,175.83,636.41,256.66,SEARCH_Y
25.9562,2.0458,-0.2961,0.1098,0.03010,0.37156,0.00433,0.00,3.00,0.00,68.1,175.86,636.41,256.66,SEARCH_Y
25.9663,2.0858,-0.3161,0.4298,0.05010,0.37656,0.00333,0.00,3.00,0.00,68.1,175.90,636.41,256.66,SEARCH_Y
25.9764,1.8158,-0.4461,0.5198,0.04810,0.38156,0.00633,0.00,3.00,0.00,68.2,175.92,636.42,256.66,SEARCH_Y
25.9865,2.1758,-0.3661,0.1898,0.04710,0.36956,0.00333,0.00,3.00,0.00,68.2,175.96,636.42,256.66,SEARCH_Y
25.9966,1.9558,-0.4861,0.2298,0.05910,0.39056,0.00233,0.00,3.00,0.00,68.2,175.98,636.42,256.66,SEARCH_Y
26.0067,1.8358,-0.5261,0.1498,0.05110,0.37756,0.00133,0.00,3.00,0.00,68.2,176.02,636.42,256.66,SEARCH_Y
26.0168,2.1358,-0.5061,0.2798,0.06010,0.38256,0.00433,0.00,3.00,0.00,68.3,176.04,636.42,256.66,SEARCH_Y
26.0270,2.1158,-0.4161,0.0098,0.06910,0.37856,0.00533,0.00,3.00,0.00,68.3,176.08,636.42,256.66,SEARCH_Y
26.0371,2.0058,-0.5961,0.1998,0.06010,0.38456,0.00233,0.00,3.00,0.00,68.3,176.11,636.42,256.66,SEARCH_Y
26.0472,2.1658,-0.5261,-0.1001,0.05310,0.37356,0.00633,0.00,3.00,0.00,68.3,176.14,636.42,256.66,SEARCH_Y
26.0573,1.8758,-0.3961,0.2598,0.06110,0.39356,0.00733,0.00,3.00,0.00,68.3,176.17,636.42,256.66,SEARCH_Y
26.0674,1.9958,-0.7061,0.4398,0.06610,0.38856,0.00233,0.00,3.00,0.00,68.4,176.20,636.42,256.66,SEARCH_Y
26.0775,1.9358,-0.3861,0.2698,0.06110,0.38756,0.00133,0.00,3.00,0.00,68.4,176.23,636.42,256.66,SEARCH_Y
26.0876,2.0158,-0.1061,-0.1401,0.05610,0.37856,0.00533,0.00,3.00,0.00,68.4,176.26,636.42,256.66,SEARCH_Y
26.0977,2.1658,-0.3961,0.4898,0.05910,0.37256,0.00133,0.00,3.00,0.00,68.4,176.29,636.43,256.66,SEARCH_Y
26.1078,2.1058,-0.4761,0.5198,0.05610,0.38256,0.00233,0.00,3.00,0.00,68.5,176.32,636.43,256.66,SEARCH_Y
26.1179,2.0458,-0.0161,0.4498,0.02810,0.37156,0.00733,0.00,3.00,0.00,68.5,176.35,636.43,256.66,SEARCH_Y
26.1280,1.9358,-0.0961,-0.0201,0.02810,0.35956,0.00833,0.00,3.00,0.00,68.5,176.38,636.43,256.66,SEARCH_Y
26.1381,1.7958,-0.1361,0.1198,0.03210,0.37256,0.00733,0.00,3.00,0.00,68.5,176.41,636.43,256.66,SEARCH_Y
26.1483,1.8458,-0.5861,0.5498,0.04310,0.37856,0.00733,0.00,3.00,0.00,68.5,176.44,636.43,256.66,SEARCH_Y
26.1584,2.0158,-0.1561,0.1598,0.03710,0.37456,0.00933,0.00,3.00,0.00,68.6,176.47,636.43,256.66,SEARCH_Y
26.1685,2.0258,-0.6761,0.3398,0.07310,0.39456,0.00133,0.00,3.00,0.00,68.6,176.50,636.43,256.66,SEARCH_Y
26.1786,2.0958,-0.3861,-0.1501,0.05810,0.38156,0.00433,0.00,3.00,0.00,68.6,176.53,636.43,256.66,SEARCH_Y
26.1887,1.8158,-0.2461,-0.0301,0.06910,0.39156,0.00633,0.00,3.00,0.00,68.6,176.56,636.43,256.66,SEARCH_Y
26.1988,1.7858,-0.3561,-0.0401,0.06210,0.39356,0.00433,0.00,3.00,0.00,68.7,176.59,636.43,256.66,SEARCH_Y
26.2089,1.9658,-0.6361,0.1098,0.07810,0.38656,0.00433,0.00,3.00,0.00,68.7,176.62,636.43,256.66,SEARCH_Y
26.2191,2.1758,-0.9961,0.0698,0.08710,0.37256,0.00033,0.00,3.00,0.00,68.7,176.65,636.44,256.66,SEARCH_Y
26.2292,1.8258,-0.7361,0.3898,0.04410,0.38256,-0.00266,0.00,3.00,0.00,68.7,176.69,636.44,256.66,SEARCH_Y
26.2392,1.9458,-0.6561,0.5298,0.05310,0.38056,0.00433,0.00,3.00,0.00,68.8,176.71,636.44,256.66,SEARCH_Y
26.2494,2.0258,-0.3761,0.0598,0.05810,0.38156,0.00233,0.00,3.00,0.00,68.8,176.74,636.44,256.66,SEARCH_Y
26.2595,1.9258,-0.1561,-0.0001,0.04510,0.37056,0.00333,0.00,3.00,0.00,68.8,176.77,636.44,256.66,SEARCH_Y
26.2696,1.9458,-0.1861,0.1798,0.02710,0.38056,0.00533,0.00,3.00,0.00,68.8,176.81,636.44,256.66,SEARCH_Y
26.2797,1.9858,-0.3661,-0.0601,0.04310,0.37156,0.00633,0.00,3.00,0.00,68.8,176.84,636.44,256.66,SEARCH_Y
26.2899,2.0058,-0.1161,0.1698,0.03910,0.36256,0.00333,0.00,3.00,0.00,68.9,176.87,636.44,256.66,SEARCH_Y
26.3000,2.0358,-0.3461,0.2298,0.05610,0.37756,0.00733,0.00,3.00,0.00,68.9,176.90,636.44,256.66,SEARCH_Y
26.3101,1.9958,-0.1561,-0.1901,0.05010,0.37156,0.01333,0.00,3.00,0.00,68.9,176.93,636.44,256.66,SEARCH_Y
26.3202,1.9258,-0.5661,0.2898,0.05010,0.37356,0.00333,0.00,3.00,0.00,68.9,176.96,636.44,256.66,SEARCH_Y
26.3303,1.9758,-0.5861,0.2198,0.06510,0.39456,0.00333,0.00,3.00,0.00,69.0,176.99,636.44,256.66,SEARCH_Y
26.3404,2.0158,-0.6561,0.5398,0.05410,0.38956,0.00133,0.00,3.00,0.00,69.0,177.02,636.45,256.66,SEARCH_Y
26.3505,2.0958,-0.3061,-0.0801,0.06310,0.37556,0.00733,0.00,3.00,0.00,69.0,177.05,636.45,256.66,SEARCH_Y
26.3606,2.0158,-0.4661,0.1598,0.06110,0.37756,0.00933,0.00,3.00,0.00,69.0,177.08,636.45,256.66,SEARCH_Y
26.3707,2.0658,-0.1461,-0.1501,0.06110,0.37056,0.00333,0.00,3.00,0.00,69.0,177.11,636.45,256.66,SEARCH_Y
26.3808,2.2258,-0.5061,0.3098,0.07910,0.38456,-0.00066,0.00,3.00,0.00,69.1,177.14,636.45,256.66,SEARCH_Y
26.3910,1.9258,-0.0961,-0.2801,0.04810,0.37056,0.00333,0.00,3.00,0.00,69.1,177.17,636.45,256.66,SEARCH_Y
26.4011,1.8258,-0.2161,0.0798,0.02910,0.36256,0.00633,0.00,3.00,0.00,69.1,177.21,636.45,256.66,SEARCH_Y
26.4112,2.0558,-0.5361,0.1798,0.05510,0.36956,0.01033,0.00,3.00,0.00,69.1,177.23,636.45,256.66,SEARCH_Y
26.4213,1.8458,-0.6761,0.2298,0.05010,0.38056,-0.00266,0.00,3.00,0.00,69.2,177.27,636.45,256.66,SEARCH_Y
26.4314,1.9558,0.0838,-0.0901,0.04510,0.37756,0.00733,0.00,3.00,0.00,69.2,177.29,636.45,256.66,SEARCH_Y
26.4415,2.0558,-0.4661,0.2598,0.04310,0.37056,0.01033,0.00,3.00,0.00,69.2,177.33,636.45,256.66,SEARCH_Y
26.4516,1.9758,-0.4861,0.1298,0.05110,0.37656,-0.00066,0.00,3.00,0.00,69.2,177.35,636.45,256.66,SEARCH_Y
26.4617,2.0358,-0.0861,-0.1001,0.07010,0.38356,0.01133,0.00,3.00,0.00,69.3,177.39,636.46,256.66,SEARCH_Y
26.4718,2.0458,-0.2761,-0.0701,0.05510,0.37256,0.01033,0.00,3.00,0.00,69.3,177.41,636.46,256.66,SEARCH_Y
26.4819,1.8058,-0.5961,0.3898,0.07210,0.38756,0.00333,0.00,3.00,0.00,69.3,177.45,636.46,256.66,SEARCH_Y
26.4920,1.9358,-0.5161,0.1598,0.05710,0.38956,0.00833,0.00,3.00,0.00,69.3,177.47,636.46,256.66,SEARCH_Y
26.5021,2.1958,-0.3961,-0.0901,0.06910,0.37656,0.00633,0.00,3.00,0.00,69.3,177.51,636.46,256.66,SEARCH_Y
26.5122,2.1458,-0.9561,0.3898,0.07910,0.39356,0.00133,0.00,3.00,0.00,69.4,177.53,636.46,256.66,SEARCH_Y
26.5223,1.8658,-0.4761,0.3698,0.07710,0.39356,0.00733,0.00,3.00,0.00,69.4,177.57,636.46,256.66,SEARCH_Y
26.5324,2.0258,-0.3161,-0.1201,0.04610,0.36556,0.00033,0.00,3.00,0.00,69.4,177.59,636.46,256.67,SEARCH_Y
26.5425,2.0058,-0.2761,-0.0201,0.03110,0.36456,0.00533,0.00,3.00,0.00,69.4,177.63,636.46,256.67,SEARCH_Y
26.5527,2.1858,-0.2561,0.0898,0.05110,0.36056,0.00933,0.00,3.00,0.00,69.5,177.65,636.46,256.67,SEARCH_Y
26.5628,1.9858,-0.2461,-0.1001,0.04210,0.37056,0.00333,0.00,3.00,0.00,69.5,177.69,636.46,256.67,SEARCH_Y
26.5729,1.8658,-0.2761,0.5498,0.03310,0.36756,0.00833,0.00,3.00,0.00,69.5,177.72,636.46,256.67,SEARCH_Y
26.5830,1.9958,-0.2361,-0.0801,0.05110,0.35756,0.00833,0.00,3.00,0.00,69.5,177.75,636.47,256.67,SEARCH_Y
26.5931,1.9358,-0.4961,0.2098,0.05310,0.37256,0.00233,0.00,3.00,0.00,69.6,177.79,636.47,256.67,SEARCH_Y
26.6032,2.1258,-0.5161,0.2098,0.06110,0.38456,0.00833,0.00,3.00,0.00,69.6,177.81,636.47,256.67,SEARCH_Y
26.6133,2.0458,-0.4161,0.2198,0.05810,0.38056,0.01133,0.00,3.00,0.00,69.6,177.85,636.47,256.67,SEARCH_Y
26.6234,2.1758,-0.3061,-0.1301,0.06810,0.37256,0.00533,0.00,3.00,0.00,69.6,177.87,636.47,256.67,SEARCH_Y
26.6335,2.0658,-0.6561,0.3698,0.06210,0.38256,0.00233,0.00,3.00,0.00,69.6,177.91,636.47,256.67,SEARCH_Y
26.6437,1.9158,-0.3961,-0.1301,0.05010,0.37656,0.01033,0.00,3.00,0.00,69.7,177.93,636.47,256.67,SEARCH_Y
26.6538,1.9858,-0.2061,-0.2401,0.05610,0.37756,0.00933,0.00,3.00,0.00,69.7,177.97,636.47,256.67,SEARCH_Y
26.6639,1.8958,-0.1561,-0.2501,0.04910,0.36856,0.01133,0.00,3.00,0.00,69.7,177.99,636.47,256.67,SEARCH_Y
26.6740,1.6458,-0.4461,0.1598,0.05910,0.38656,0.00933,0.00,3.00,0.00,69.7,178.03,636.47,256.67,SEARCH_Y
26.6841,2.0258,-0.3761,0.1398,0.08110,0.38956,0.00633,0.00,3.00,0.00,69.8,178.05,636.47,256.67,SEARCH_Y
26.6943,2.0558,-0.1661,0.2498,0.05710,0.38156,0.00433,0.00,3.00,0.00,69.8,178.09,636.47,256.67,SEARCH_Y
26.7044,1.8058,-0.4761,0.1698,0.05910,0.38356,0.01133,0.00,3.00,0.00,69.8,178.11,636.47,256.67,SEARCH_Y
26.7145,2.1158,-0.6361,0.1798,0.08010,0.38756,-0.00066,0.00,3.00,0.00,69.8,178.15,636.48,256.67,SEARCH_Y
26.7246,2.0558,0.1038,-0.0101,0.03210,0.36656,0.00533,0.00,3.00,0.00,69.8,178.17,636.48,256.67,SEARCH_Y
26.7347,2.0058,-0.1761,-0.0301,0.05110,0.37356,0.01433,0.00,3.00,0.00,69.9,178.21,636.48,256.67,SEARCH_Y
26.7448,1.8858,-0.5961,0.0298,0.04910,0.36456,0.00133,0.00,3.00,0.00,69.9,178.23,636.48,256.67,SEARCH_Y
26.7550,1.8958,-0.3261,0.2298,0.04510,0.37556,0.00633,0.00,3.00,0.00,69.9,178.27,636.48,256.67,SEARCH_Y
26.7651,1.9158,-0.2261,0.0798,0.02410,0.35756,0.01333,0.00,3.00,0.00,69.9,178.31,636.48,256.67,SEARCH_Y
26.7752,1.8658,-0.4261,-0.1801,0.03710,0.35756,0.00433,0.00,3.00,0.00,70.0,178.33,636.48,256.67,SEARCH_Y
26.7853,2.1258,-0.5261,0.0098,0.07210,0.38656,0.00133,0.00,3.00,0.00,70.0,178.37,636.48,256.67,SEARCH_Y
26.7954,1.9958,-0.3661,0.0298,0.04610,0.36656,0.01233,0.00,3.00,0.00,70.0,178.39,636.48,256.67,SEARCH_Y
26.8055,1.9958,-0.6961,0.3198,0.06410,0.38256,0.00233,0.00,3.00,0.00,70.0,178.43,636.48,256.67,SEARCH_Y
26.8156,1.9458,-0.3161,-0.0601,0.04910,0.37456,0.01233,0.00,3.00,0.00,70.1,178.45,636.48,256.67,SEARCH_Y
26.8257,2.0058,-0.3461,-0.2401,0.06910,0.37256,0.01333,0.00,3.00,0.00,70.1,178.49,636.48,256.67,SEARCH_Y
26.8358,1.9658,-0.3561,0.1398,0.05710,0.37856,-0.00166,0.00,3.00,0.00,70.1,178.51,636.49,256.67,SEARCH_Y
26.8459,1.8558,-0.3961,0.0098,0.04210,0.37456,0.00933,0.00,3.00,0.00,70.1,178.55,636.49,256.67,SEARCH_Y
26.8560,2.1158,-0.5261,0.1698,0.06410,0.37356,0.00733,0.00,3.00,0.00,70.1,178.57,636.49,256.67,SEARCH_Y
26.8661,1.9358,-0.0961,-0.1301,0.02610,0.36056,-0.00066,0.00,3.00,0.00,70.2,178.61,636.49,256.67,SEARCH_Y
26.8762,1.9758,-0.2561,0.1998,0.04810,0.37756,0.01133,0.00,3.00,0.00,70.2,178.63,636.49,256.67,SEARCH_Y
26.8864,1.9958,-0.2161,0.0998,0.04810,0.37256,0.00733,0.00,3.00,0.00,70.2,178.67,636.49,256.67,SEARCH_Y
26.8965,2.0358,-0.1961,-0.0301,0.04910,0.36056,0.00533,0.00,3.00,0.00,70.2,178.69,636.49,256.67,SEARCH_Y
26.9066,1.8858,-0.3461,-0.1301,0.05810,0.36656,0.01433,0.00,3.00,0.00,70.3,178.73,636.49,256.67,SEARCH_Y
26.9166,1.7158,-0.1661,0.0598,0.04510,0.37656,0.01033,0.00,3.00,0.00,70.3,178.75,636.49,256.67,SEARCH_Y
26.9268,2.0558,-0.1461,-0.3601,0.06310,0.36156,0.01233,0.00,3.00,0.00,70.3,178.80,636.49,256.67,SEARCH_Y
26.9369,1.7358,-0.1561,-0.1401,0.06310,0.38856,0.00933,0.00,3.00,0.00,70.3,178.81,636.49,256.67,SEARCH_Y
26.9470,2.1658,-0.4261,-0.0101,0.07310,0.37656,0.00533,0.00,3.00,0.00,70.4,178.85,636.49,256.67,SEARCH_Y
26.9571,1.9458,-0.6761,0.1898,0.05210,0.37356,0.01033,0.00,3.00,0.00,70.4,178.88,636.50,256.67,SEARCH_Y
26.9672,2.1158,-0.3561,-0.1501,0.06410,0.37156,0.00833,0.00,3.00,0.00,70.4,178.91,636.50,256.67,SEARCH_Y
26.9773,1.9358,-0.1461,-0.0101,0.06610,0.37256,0.01233,0.00,3.00,0.00,70.4,178.94,636.50,256.67,SEARCH_Y
26.9875,1.8658,-0.4161,-0.1701,0.05710,0.37156,0.01033,0.00,3.00,0.00,70.4,178.97,636.50,256.67,SEARCH_Y
26.9976,2.0158,0.1138,-0.1601,0.04910,0.36556,0.00733,0.00,3.00,0.00,70.5,179.00,636.50,256.67,SEARCH_Y
27.0077,1.5958,-0.1361,0.1098,0.01910,0.37656,0.01133,0.00,3.00,0.00,70.5,179.03,636.50,256.67,SEARCH_Y
27.0178,2.1158,-0.5261,0.0298,0.06110,0.36256,0.01233,0.00,3.00,0.00,70.5,179.06,636.50,256.67,SEARCH_Y
27.0279,2.0858,-0.3061,-0.0301,0.06510,0.36656,0.01033,0.00,3.00,0.00,70.5,179.09,636.50,256.67,SEARCH_Y
27.0380,1.8258,-0.3261,0.1298,0.04310,0.37556,0.00633,0.00,3.00,0.00,70.6,179.13,636.50,256.67,SEARCH_Y
27.0481,1.9658,-0.3661,0.3698,0.04210,0.37356,0.01133,0.00,3.00,0.00,70.6,179.15,636.50,256.67,SEARCH_Y
27.0582,2.0558,-0.4861,0.0498,0.07110,0.37156,0.00833,0.00,3.00,0.00,70.6,179.19,636.50,256.67,SEARCH_Y
27.0683,1.8358,-0.4361,-0.0501,0.05310,0.37356,0.00533,0.00,3.00,0.00,70.6,179.21,636.50,256.67,SEARCH_Y
27.0784,1.9858,-0.1861,-0.1501,0.06410,0.36956,0.01233,0.00,3.00,0.00,70.7,179.25,636.51,256.67,SEARCH_Y
27.0886,1.8958,-0.2361,-0.0701,0.05710,0.38156,0.01133,0.00,3.00,0.00,70.7,179.27,636.51,256.67,SEARCH_Y
27.0986,1.9458,-0.7861,0.2698,0.05410,0.37756,0.00833,0.00,3.00,0.00,70.7,179.31,636.51,256.67,SEARCH_Y
27.1087,1.9458,-0.5461,0.1698,0.07110,0.38856,0.01233,0.00,3.00,0.00,70.7,179.33,636.51,256.67,SEARCH_Y
27.1188,2.0558,-0.8561,0.5398,0.06010,0.38256,0.01033,0.00,3.00,0.00,70.7,179.37,636.51,256.67,SEARCH_Y
27.1290,2.0358,-0.6461,0.3998,0.07910,0.38356,0.00833,0.00,3.00,0.00,70.8,179.39,636.51,256.67,SEARCH_Y
27.1391,1.9258,-0.1561,0.2398,0.04910,0.37456,0.01133,0.00,3.00,0.00,70.8,179.43,636.51,256.67,SEARCH_Y
27.1492,2.0458,-0.2761,-0.0101,0.06910,0.38256,0.00733,0.00,3.00,0.00,70.8,179.46,636.51,256.67,SEARCH_Y
27.1593,1.8758,-0.3061,0.0098,0.04810,0.36656,0.01233,0.00,3.00,0.00,70.8,179.49,636.51,256.67,SEARCH_Y
27.1694,2.0358,-0.6661,0.4798,0.06210,0.37256,0.00533,0.00,3.00,0.00,70.9,179.52,636.51,256.67,SEARCH_Y
27.1795,2.0158,-0.3561,0.2898,0.03710,0.36456,0.00133,0.00,3.00,0.00,70.9,179.55,636.51,256.67,SEARCH_Y
27.1897,1.9358,0.2338,-0.2001,0.03710,0.36156,0.01633,0.00,3.00,0.00,70.9,179.58,636.51,256.67,SEARCH_Y
27.1998,1.9158,-0.3361,-0.0201,0.04110,0.35156,0.00833,0.00,3.00,0.00,70.9,179.61,636.52,256.67,SEARCH_Y
27.2099,1.9158,-0.1061,-0.1801,0.06710,0.37056,0.00933,0.00,3.00,0.00,71.0,179.64,636.52,256.67,SEARCH_Y
27.2200,1.7858,-0.1161,0.1498,0.04410,0.37356,0.01433,0.00,3.00,0.00,71.0,179.67,636.52,256.68,SEARCH_Y
27.2301,1.8058,-0.5661,0.5398,0.04510,0.37756,0.01133,0.00,3.00,0.00,71.0,179.70,636.52,256.68,SEARCH_Y
27.2402,1.8158,-0.3161,-0.0901,0.04110,0.35856,0.00933,0.00,3.00,0.00,71.0,179.73,636.52,256.68,SEARCH_Y
27.2503,2.1258,-0.0961,-0.2501,0.06610,0.36956,0.01333,0.00,3.00,0.00,71.0,179.76,636.52,256.68,SEARCH_Y
27.2605,2.1158,-0.4261,-0.0601,0.05610,0.36756,0.01133,0.00,3.00,0.00,71.1,179.79,636.52,256.68,SEARCH_Y
27.2706,1.8058,-0.1261,-0.2101,0.05110,0.36856,0.01233,0.00,3.00,0.00,71.1,179.82,636.52,256.68,SEARCH_Y
27.2807,1.9058,-0.4461,0.0098,0.07410,0.37656,0.01333,0.00,3.00,0.00,71.1,179.85,636.52,256.68,SEARCH_Y
27.2908,2.2158,-0.2661,-0.2801,0.06610,0.36756,0.00433,0.00,3.00,0.00,71.1,179.88,636.52,256.68,SEARCH_Y
27.3009,1.9558,-0.3561,0.1398,0.05110,0.36456,0.01333,0.00,3.00,0.00,71.2,179.91,636.52,256.68,SEARCH_Y
27.3110,2.0858,-0.6961,0.2998,0.07810,0.37956,0.00533,0.00,3.00,0.00,71.2,179.94,636.52,256.68,SEARCH_Y
27.3212,1.7558,-0.4461,0.2398,0.05610,0.37556,0.00133,0.00,3.00,0.00,71.2,179.98,636.53,256.68,SEARCH_Y
27.3313,1.9258,-0.3961,0.1198,0.04910,0.37056,0.00733,0.00,3.00,0.00,71.2,180.01,636.53,256.68,SEARCH_Y
27.3414,1.9258,-0.5061,0.0398,0.03210,0.35256,0.00733,0.00,3.00,0.00,71.3,180.04,636.53,256.68,SEARCH_Y
27.3515,2.0058,-0.3861,0.1298,0.05610,0.36356,0.00933,0.00,3.00,0.00,71.3,180.07,636.53,256.68,SEARCH_Y
27.3616,2.1458,-0.3261,0.0098,0.06310,0.35756,0.01033,0.00,3.00,0.00,71.3,180.10,636.53,256.68,SEARCH_Y
27.3717,1.8858,-0.6961,0.2498,0.05010,0.36356,0.00833,0.00,3.00,0.00,71.3,180.13,636.53,256.68,SEARCH_Y
27.3818,2.0458,-1.0161,0.4198,0.04610,0.36656,0.00033,0.00,3.00,0.00,71.4,180.16,636.53,256.68,SEARCH_Y
27.3920,1.7758,-0.2161,-0.1501,0.04110,0.37056,0.01033,0.00,3.00,0.00,71.4,180.19,636.53,256.68,SEARCH_Y
27.4021,1.8558,-0.6561,0.2598,0.05910,0.37756,0.00933,0.00,3.00,0.00,71.4,180.22,636.53,256.68,SEARCH_Y
27.4123,1.9758,-0.4461,-0.0301,0.05010,0.37456,0.00533,0.00,3.00,0.00,71.4,180.25,636.53,256.68,SEARCH_Y
27.4224,2.0758,-0.3961,0.0998,0.07110,0.37356,0.01133,0.00,3.00,0.00,71.4,180.28,636.53,256.68,SEARCH_Y
27.4325,1.7158,-0.6361,0.2698,0.06010,0.38856,0.00833,0.00,3.00,0.00,71.5,180.31,636.53,256.68,SEARCH_Y
27.4426,1.7958,-0.6861,0.3398,0.05510,0.37656,0.00633,0.00,3.00,0.00,71.5,180.34,636.54,256.68,SEARCH_Y
27.4528,1.8158,-0.3161,-0.1601,0.06310,0.36456,0.01033,0.00,3.00,0.00,71.5,180.37,636.54,256.68,SEARCH_Y
27.4629,2.0358,-0.2761,-0.0001,0.06510,0.36256,0.01233,0.00,3.00,0.00,71.5,180.40,636.54,256.68,SEARCH_Y
27.4730,1.9658,-0.0661,0.3598,0.03910,0.36556,0.00333,0.00,3.00,0.00,71.6,180.43,636.54,256.68,SEARCH_Y
27.4831,1.8758,-0.0161,0.1098,0.02010,0.35056,0.01933,0.00,3.00,0.00,71.6,180.46,636.54,256.68,SEARCH_Y
27.4933,1.9758,-0.4261,-0.1101,0.05310,0.35256,0.01533,0.00,3.00,0.00,71.6,180.50,636.54,256.68,SEARCH_Y
27.5034,1.9058,-0.0761,-0.1301,0.04510,0.35256,0.00833,0.00,3.00,0.00,71.6,180.52,636.54,256.68,SEARCH_Y
27.5135,1.8258,-0.1161,-0.0801,0.02810,0.35656,0.01733,0.00,3.00,0.00,71.7,180.56,636.54,256.68,SEARCH_Y
27.5236,1.8658,0.0038,-0.3801,0.05910,0.36056,0.01433,0.00,3.00,0.00,71.7,180.58,636.54,256.68,SEARCH_Y
27.5337,2.0658,-0.3261,-0.2101,0.07110,0.36356,0.00433,0.00,3.00,0.00,71.7,180.62,636.54,256.68,SEARCH_Y
27.5438,1.7658,-0.2761,0.0998,0.04610,0.36656,0.01733,0.00,3.00,0.00,71.7,180.64,636.54,256.68,SEARCH_Y
27.5539,1.6558,-0.6161,0.2998,0.04410,0.36656,0.00933,0.00,3.00,0.00,71.7,180.68,636.54,256.68,SEARCH_Y
27.5640,2.1158,-0.3061,-0.1601,0.07110,0.36156,0.00833,0.00,3.00,0.00,71.8,180.70,636.55,256.68,SEARCH_Y
27.5742,2.0758,-0.6561,0.4598,0.06810,0.36856,0.00733,0.00,3.00,0.00,71.8,180.74,636.55,256.68,SEARCH_Y
27.5843,2.2358,-0.5861,0.0798,0.06310,0.36156,0.01033,0.00,3.00,0.00,71.8,180.76,636.55,256.68,SEARCH_Y
27.5945,2.0358,-0.6161,0.0098,0.06510,0.36456,0.00633,0.00,3.00,0.00,71.8,180.80,636.55,256.68,SEARCH_Y
27.6046,1.6558,-0.3861,0.0698,0.06310,0.36856,0.01633,0.00,3.00,0.00,71.9,180.82,636.55,256.68,SEARCH_Y
27.6147,1.9058,-0.2961,0.2698,0.04510,0.36456,0.00833,0.00,3.00,0.00,71.9,180.86,636.55,256.68,SEARCH_Y
27.6249,1.8958,-0.0861,-0.1501,0.02810,0.34556,0.01133,0.00,3.00,0.00,71.9,180.90,636.55,256.68,SEARCH_Y
27.6350,1.9358,-0.3461,0.1098,0.04310,0.35056,0.01133,0.00,3.00,0.00,71.9,180.92,636.55,256.68,SEARCH_Y
27.6451,2.0158,-0.4061,0.0798,0.05010,0.35756,0.00633,0.00,3.00,0.00,72.0,180.95,636.55,256.68,SEARCH_Y
27.6552,1.8358,-0.2961,0.1798,0.05410,0.37156,0.01333,0.00,3.00,0.00,72.0,180.98,636.55,256.68,SEARCH_Y
27.6653,1.6058,-0.1361,0.0998,0.03910,0.36556,0.01833,0.00,3.00,0.00,72.0,181.02,636.55,256.68,SEARCH_Y
27.6754,1.6558,-0.4361,-0.0401,0.03010,0.36456,0.00733,0.00,3.00,0.00,72.0,181.04,636.55,256.68,SEARCH_Y
27.6855,1.8758,-0.4561,0.1998,0.03910,0.35356,0.01233,0.00,3.00,0.00,72.1,181.08,636.56,256.68,SEARCH_Y
27.6956,2.0158,-0.5961,0.2198,0.07610,0.38156,0.00833,0.00,3.00,0.00,72.1,181.10,636.56,256.68,SEARCH_Y
27.7057,1.7358,-0.5961,0.1698,0.05110,0.37356,0.00833,0.00,3.00,0.00,72.1,181.14,636.56,256.68,SEARCH_Y
27.7158,1.9558,-0.3661,0.0598,0.05510,0.36656,0.01633,0.00,3.00,0.00,72.1,181.16,636.56,256.68,SEARCH_Y
27.7259,1.7758,-0.8761,0.4298,0.04210,0.37356,0.00733,0.00,3.00,0.00,72.1,181.20,636.56,256.68,SEARCH_Y
27.7360,1.7958,-0.4061,-0.3201,0.05810,0.36056,0.01433,0.00,3.00,0.00,72.2,181.22,636.56,256.68,SEARCH_Y
27.7461,1.8258,-0.7361,0.2698,0.06110,0.36556,0.00833,0.00,3.00,0.00,72.2,181.26,636.56,256.68,SEARCH_Y
27.7563,1.9458,-0.2361,0.0598,0.07010,0.36756,0.00933,0.00,3.00,0.00,72.2,181.28,636.56,256.68,SEARCH_Y
27.7664,2.1358,-0.5461,0.2298,0.06210,0.35856,0.00333,0.00,3.00,0.00,72.2,181.32,636.56,256.68,SEARCH_Y
27.7765,2.1258,-0.6061,0.4398,0.06310,0.37056,0.00733,0.00,3.00,0.00,72.3,181.34,636.56,256.68,SEARCH_Y
27.7866,1.8858,-0.5261,0.3398,0.06710,0.37856,0.00833,0.00,3.00,0.00,72.3,181.38,636.56,256.68,SEARCH_Y
27.7967,1.9358,0.0038,-0.0901,0.05510,0.36456,0.01333,0.00,3.00,0.00,72.3,181.40,636.56,256.68,SEARCH_Y
27.8068,1.7958,-0.6261,0.3098,0.04610,0.37056,0.01133,0.00,3.00,0.00,72.3,181.44,636.57,256.68,SEARCH_Y
27.8169,1.7358,-0.1461,0.1098,0.03210,0.35256,0.01533,0.00,3.00,0.00,72.4,181.46,636.57,256.68,SEARCH_Y
27.8271,1.9058,0.2138,-0.2101,0.05210,0.35756,0.01533,0.00,3.00,0.00,72.4,181.50,636.57,256.68,SEARCH_Y
27.8372,1.7658,-0.0261,-0.1501,0.04710,0.35656,0.01733,0.00,3.00,0.00,72.4,181.54,636.57,256.68,SEARCH_Y
27.8473,1.9758,-0.3361,0.1798,0.06210,0.37156,0.00833,0.00,3.00,0.00,72.4,181.56,636.57,256.68,SEARCH_Y
27.8574,2.0758,-0.1461,-0.3601,0.05310,0.35356,0.01533,0.00,3.00,0.00,72.5,181.60,636.57,256.68,SEARCH_Y
27.8675,2.0358,-0.5861,0.0198,0.05310,0.36856,0.00733,0.00,3.00,0.00,72.5,181.62,636.57,256.68,SEARCH_Y
27.8776,2.2258,-0.5561,0.3098,0.07010,0.38156,0.01033,0.00,3.00,0.00,72.5,181.66,636.57,256.68,SEARCH_Y
27.8877,1.9958,-0.5261,-0.0001,0.06210,0.36956,0.01033,0.00,3.00,0.00,72.5,181.68,636.57,256.68,SEARCH_Y
27.8978,2.1058,-0.1561,-0.4201,0.05910,0.35656,0.01333,0.00,3.00,0.00,72.5,181.72,636.57,256.68,SEARCH_Y
27.9080,1.8958,-0.3561,-0.1801,0.06810,0.35556,0.01633,0.00,3.00,0.00,72.6,181.74,636.57,256.69,SEARCH_Y
27.9181,1.8058,-0.4461,0.2998,0.06910,0.38256,0.00633,0.00,3.00,0.00,72.6,181.78,636.57,256.69,SEARCH_Y
27.9282,1.8358,-0.4561,0.4498,0.04510,0.37356,0.01033,0.00,3.00,0.00,72.6,181.80,636.57,256.69,SEARCH_Y
27.9383,2.1658,-0.4761,0.1498,0.05510,0.36056,0.01233,0.00,3.00,0.00,72.6,181.84,636.58,256.69,SEARCH_Y
27.9484,2.0558,-0.4861,0.2498,0.05210,0.35956,0.00733,0.00,3.00,0.00,72.7,181.86,636.58,256.69,SEARCH_Y
27.9585,1.8658,-0.1061,0.0198,0.03710,0.35156,0.01233,0.00,3.00,0.00,72.7,181.90,636.58,256.69,SEARCH_Y
27.9686,1.8558,-0.0261,-0.0301,0.03610,0.35256,0.01133,0.00,3.00,0.00,72.7,181.92,636.58,256.69,SEARCH_Y
27.9787,1.8858,-0.2861,0.0298,0.05110,0.35756,0.01233,0.00,3.00,0.00,72.7,181.96,636.58,256.69,SEARCH_Y
27.9888,1.8658,-0.0661,-0.3101,0.04010,0.34556,0.01633,0.00,3.00,0.00,72.8,181.98,636.58,256.69,SEARCH_Y
27.9989,1.9658,-0.5561,0.4298,0.05510,0.36756,0.01033,0.00,3.00,0.00,72.8,182.02,636.58,256.69,SEARCH_Y
28.0091,1.8958,-0.7061,0.0298,0.05110,0.37656,0.00933,0.00,3.00,0.00,72.8,182.04,636.58,256.69,SEARCH_Y
28.0192,1.8258,-0.0061,-0.4001,0.05010,0.36956,0.01533,0.00,3.00,0.00,72.8,182.08,636.58,256.69,SEARCH_Y
28.0293,1.7758,0.0738,-0.1701,0.05110,0.37256,0.01633,0.00,3.00,0.00,72.9,182.11,636.58,256.69,SEARCH_Y
28.0394,1.8758,-0.6961,0.2398,0.04310,0.35956,0.01233,0.00,3.00,0.00,72.9,182.14,636.58,256.69,SEARCH_Y
28.0495,1.7558,-0.1761,-0.3001,0.05110,0.36056,0.01733,0.00,3.00,0.00,72.9,182.17,636.59,256.69,SEARCH_Y
28.0596,1.7658,-0.0361,-0.4601,0.06210,0.35956,0.01033,0.00,3.00,0.00,72.9,182.20,636.59,256.69,SEARCH_Y
28.0697,1.9458,-0.0961,-0.2501,0.02510,0.34956,0.01233,0.00,3.00,0.00,72.9,182.24,636.59,256.69,SEARCH_Y
28.0798,1.9058,0.1438,-0.5401,0.05210,0.34456,0.01833,0.00,3.00,0.00,73.0,182.26,636.59,256.69,SEARCH_Y
28.0900,1.8858,-0.5861,0.2398,0.04810,0.36756,0.00633,0.00,3.00,0.00,73.0,182.30,636.59,256.69,SEARCH_Y
28.1001,2.0258,-0.2661,0.1998,0.03710,0.35656,0.00933,0.00,3.00,0.00,73.0,182.32,636.59,256.69,SEARCH_Y
28.1102,1.8658,-0.2561,0.0098,0.03210,0.36456,0.01133,0.00,3.00,0.00,73.0,182.36,636.59,256.69,SEARCH_Y
28.1203,1.8058,-0.2361,0.0498,0.02010,0.36456,0.01133,0.00,3.00,0.00,73.1,182.38,636.59,256.69,SEARCH_Y
28.1304,1.9258,0.0238,-0.3901,0.03210,0.34556,0.01933,0.00,3.00,0.00,73.1,182.42,636.59,256.69,SEARCH_Y
28.1405,1.8258,-0.4161,0.2498,0.03510,0.37156,0.00833,0.00,3.00,0.00,73.1,182.44,636.59,256.69,SEARCH_Y
28.1506,1.7658,-0.6161,-0.1501,0.04510,0.36356,0.01033,0.00,3.00,0.00,73.1,182.48,636.59,256.69,SEARCH_Y
28.1607,1.8558,-0.2161,0.1598,0.03310,0.35456,0.01133,0.00,3.00,0.00,73.2,182.50,636.59,256.69,SEARCH_Y
28.1708,1.7958,-0.4761,0.2798,0.05310,0.38156,0.01033,0.00,3.00,0.00,73.2,182.54,636.59,256.69,SEARCH_Y
28.1809,1.9058,-0.7761,0.4598,0.06610,0.38056,0.01133,0.00,3.00,0.00,73.2,182.56,636.60,256.69,SEARCH_Y
28.1910,1.8258,-0.3161,0.0398,0.04410,0.36156,0.01833,0.00,3.00,0.00,73.2,182.60,636.60,256.69,SEARCH_Y
28.2011,1.9758,-0.5861,0.3698,0.07610,0.37556,0.01133,0.00,3.00,0.00,73.3,182.63,636.60,256.69,SEARCH_Y
28.2112,2.0358,-0.6661,0.3498,0.06310,0.37456,0.00733,0.00,3.00,0.00,73.3,182.66,636.60,256.69,SEARCH_Y
28.2214,2.0358,-0.5361,0.3598,0.05610,0.36356,0.01233,0.00,3.00,0.00,73.3,182.69,636.60,256.69,SEARCH_Y
28.2314,1.9358,-0.3661,-0.1401,0.04910,0.35556,0.01033,0.00,3.00,0.00,73.3,182.72,636.60,256.69,SEARCH_Y
28.2416,1.7758,-0.4961,0.2998,0.04710,0.37056,0.01433,0.00,3.00,0.00,73.4,182.75,636.60,256.69,SEARCH_Y
28.2517,2.0358,-0.4561,0.0898,0.03810,0.35056,0.01033,0.00,3.00,0.00,73.4,182.78,636.60,256.69,SEARCH_Y
28.2618,2.0858,-0.6661,0.5898,0.05210,0.36756,0.00633,0.00,3.00,0.00,73.4,182.81,636.60,256.69,SEARCH_Y
28.2719,1.8558,-0.0561,-0.2101,0.03910,0.35056,0.01533,0.00,3.00,0.00,73.4,182.84,636.60,256.69,SEARCH_Y
28.2820,1.9158,-0.0861,0.1498,0.05010,0.36856,0.01233,0.00,3.00,0.00,73.4,182.87,636.60,256.69,SEARCH_Y
28.2921,1.8558,-0.2761,-0.2101,0.04810,0.36356,0.01033,0.00,3.00,0.00,73.5,182.90,636.60,256.69,SEARCH_Y
28.3022,1.9058,-0.1061,-0.1401,0.04310,0.35256,0.01533,0.00,3.00,0.00,73.5,182.93,636.61,256.69,SEARCH_Y
28.3124,1.9858,-0.2461,-0.0701,0.05510,0.36356,0.01633,0.00,3.00,0.00,73.5,182.96,636.61,256.69,SEARCH_Y
28.3225,1.9158,-0.4461,-0.2201,0.05410,0.36856,0.01133,0.00,3.00,0.00,73.5,182.99,636.61,256.69,SEARCH_Y
28.3326,1.7358,-0.2061,-0.0901,0.04810,0.36856,0.01733,0.00,3.00,0.00,73.6,183.02,636.61,256.69,SEARCH_Y
28.3427,1.8958,-0.5561,0.0798,0.06710,0.37256,0.01633,0.00,3.00,0.00,73.6,183.05,636.61,256.69,SEARCH_Y
28.3528,1.7558,-0.1961,-0.2201,0.07110,0.37956,0.01133,0.00,3.00,0.00,73.6,183.08,636.61,256.69,SEARCH_Y
28.3629,1.8158,-0.0461,-0.2801,0.06510,0.36456,0.01533,0.00,3.00,0.00,73.6,183.12,636.61,256.69,SEARCH_Y
28.3730,1.8058,-0.5961,0.4598,0.05710,0.37156,0.01033,0.00,3.00,0.00,73.7,183.14,636.61,256.69,SEARCH_Y
28.3831,1.8758,-0.4261,0.0498,0.05210,0.36256,0.00933,0.00,3.00,0.00,73.7,183.18,636.61,256.69,SEARCH_Y
28.3933,1.7558,-0.4161,0.3798,0.04710,0.37256,0.01433,0.00,3.00,0.00,73.7,183.21,636.61,256.69,SEARCH_Y
28.4034,1.8958,-0.1061,-0.2901,0.05210,0.35756,0.01633,0.00,3.00,0.00,73.7,183.24,636.61,256.69,SEARCH_Y
28.4135,1.8758,-0.3361,0.0998,0.03410,0.35156,0.01633,0.00,3.00,0.00,73.8,183.27,636.61,256.69,SEARCH_Y
28.4236,2.0258,-0.3361,0.1198,0.04510,0.36256,0.01633,0.00,3.00,0.00,73.8,183.30,636.62,256.69,SEARCH_Y
28.4338,1.9858,-0.1561,0.0098,0.03610,0.35056,0.01433,0.00,3.00,0.00,73.8,183.33,636.62,256.69,SEARCH_Y
28.4439,1.8858,-0.2661,-0.3201,0.05110,0.34856,0.01833,0.00,3.00,0.00,73.8,183.36,636.62,256.69,SEARCH_Y
28.4540,1.9758,-0.4561,-0.2401,0.05910,0.35856,0.01133,0.00,3.00,0.00,73.8,183.39,636.62,256.69,SEARCH_Y
28.4641,1.7558,-0.3761,0.0798,0.04810,0.36556,0.01833,0.00,3.00,0.00,73.9,183.42,636.62,256.69,SEARCH_Y
28.4742,1.6658,-0.2561,-0.3901,0.04910,0.36156,0.01333,0.00,3.00,0.00,73.9,183.44,636.62,256.69,SEARCH_Y
28.4843,1.9158,-0.3261,-0.3701,0.05510,0.35456,0.01433,0.00,3.00,0.00,73.9,183.48,636.62,256.69,SEARCH_Y
28.4944,1.9858,-0.5361,0.0798,0.05510,0.35556,0.01533,0.00,3.00,0.00,73.9,183.51,636.62,256.69,SEARCH_Y
28.5045,1.8058,-0.7761,-0.0101,0.05210,0.37056,0.01333,0.00,3.00,0.00,74.0,183.54,636.62,256.69,SEARCH_Y
28.5147,1.9758,-0.4161,0.0098,0.05110,0.35256,0.01133,0.00,3.00,0.00,74.0,183.57,636.62,256.69,SEARCH_Y
28.5247,1.8458,-0.0761,-0.1401,0.05710,0.36256,0.01533,0.00,3.00,0.00,74.0,183.60,636.62,256.69,SEARCH_Y
28.5349,1.9858,-0.3961,-0.2801,0.05310,0.34556,0.01733,0.00,3.00,0.00,74.0,183.63,636.62,256.69,SEARCH_Y
28.5450,1.9058,-0.6561,0.1898,0.06710,0.38156,0.00533,0.00,3.00,0.00,74.1,183.66,636.63,256.69,SEARCH_Y
28.5551,1.8658,-0.3861,-0.0301,0.03810,0.35656,0.01733,0.00,3.00,0.00,74.1,183.69,636.63,256.69,SEARCH_Y
28.5653,2.0358,-0.6061,0.1398,0.06610,0.36056,0.00833,0.00,3.00,0.00,74.1,183.73,636.63,256.69,SEARCH_Y
28.5754,1.7658,-0.2161,0.0698,0.05910,0.36256,0.01533,0.00,3.00,0.00,74.1,183.75,636.63,256.69,SEARCH_Y
28.5855,1.7358,-0.1261,-0.1001,0.03410,0.35356,0.01333,0.00,3.00,0.00,74.2,183.79,636.63,256.69,SEARCH_Y
28.5956,1.8558,-0.3361,-0.0001,0.02610,0.36356,0.01333,0.00,3.00,0.00,74.2,183.81,636.63,256.70,SEARCH_Y
28.6057,1.8658,-0.4661,0.2298,0.04510,0.36056,0.01833,0.00,3.00,0.00,74.2,183.85,636.63,256.70,SEARCH_Y
28.6158,1.8858,-0.5061,-0.0401,0.04810,0.35756,0.01133,0.00,3.00,0.00,74.2,183.87,636.63,256.70,SEARCH_Y
28.6259,1.6358,-0.4461,0.1398,0.03210,0.36956,0.01533,0.00,3.00,0.00,74.3,183.91,636.63,256.70,SEARCH_Y
28.6361,1.9758,-0.4761,0.1198,0.04210,0.36056,0.01133,0.00,3.00,0.00,74.3,183.93,636.63,256.70,SEARCH_Y
28.6462,1.9958,-0.3861,0.0798,0.05310,0.36156,0.00933,0.00,3.00,0.00,74.3,183.97,636.63,256.70,SEARCH_Y
28.6563,1.9658,-0.6461,0.3798,0.06810,0.37656,0.01433,0.00,3.00,0.00,74.3,183.99,636.63,256.70,SEARCH_Y
28.6664,1.8458,-0.4061,0.0398,0.05910,0.37456,0.01533,0.00,3.00,0.00,74.3,184.03,636.64,256.70,SEARCH_Y
28.6765,1.9258,-0.6561,0.3098,0.07410,0.37556,0.01033,0.00,3.00,0.00,74.4,184.06,636.64,256.70,SEARCH_Y
28.6866,1.9358,-0.3561,0.0098,0.05310,0.36356,0.01733,0.00,3.00,0.00,74.4,184.09,636.64,256.70,SEARCH_Y
28.6967,2.2258,-0.3461,0.2098,0.06010,0.36056,0.01233,0.00,3.00,0.00,74.4,184.12,636.64,256.70,SEARCH_Y
28.7068,1.9558,0.3338,-0.3101,0.05510,0.35556,0.02333,0.00,3.00,0.00,74.4,184.15,636.64,256.70,SEARCH_Y
28.7169,2.0058,-0.1061,-0.0301,0.04610,0.35656,0.01233,0.00,3.00,0.00,74.5,184.18,636.64,256.70,SEARCH_Y
28.7270,1.9858,-0.2361,-0.0801,0.03810,0.34856,0.01633,0.00,3.00,0.00,74.5,184.21,636.64,256.70,SEARCH_Y
28.7371,1.9458,-0.1461,-0.1201,0.05110,0.36256,0.02233,0.00,3.00,0.00,74.5,184.24,636.64,256.70,SEARCH_Y
28.7472,1.7158,-0.2061,0.2198,0.05010,0.36156,0.01533,0.00,3.00,0.00,74.5,184.27,636.64,256.70,SEARCH_Y
28.7574,1.9158,-0.3061,0.0698,0.06810,0.36756,0.01233,0.00,3.00,0.00,74.6,184.31,636.64,256.70,SEARCH_Y
28.7675,1.9058,-0.3061,-0.2001,0.04310,0.34656,0.02333,0.00,3.00,0.00,74.6,184.33,636.64,256.70,SEARCH_Y
28.7776,1.7758,-0.1961,-0.3001,0.06210,0.36556,0.01633,0.00,3.00,0.00,74.6,184.37,636.64,256.70,SEARCH_Y
28.7877,1.8458,-0.6461,0.1198,0.07110,0.37356,0.01333,0.00,3.00,0.00,74.6,184.39,636.65,256.70,SEARCH_Y
28.7978,1.8558,-0.5661,-0.1201,0.06710,0.37356,0.01733,0.00,3.00,0.00,74.7,184.43,636.65,256.70,SEARCH_Y
28.8079,1.9258,-0.1361,-0.0601,0.05910,0.36156,0.01533,0.00,3.00,0.00,74.7,184.45,636.65,256.70,SEARCH_Y
28.8180,1.9658,-0.4461,0.0398,0.07610,0.35656,0.02133,0.00,3.00,0.00,74.7,184.49,636.65,256.70,SEARCH_Y
28.8282,2.1258,-0.5961,-0.0601,0.08810,0.37156,0.01333,0.00,3.00,0.00,74.7,184.51,636.65,256.70,SEARCH_Y
28.8383,2.0158,-0.1761,-0.4101,0.03810,0.34856,0.01133,0.00,3.00,0.00,74.8,184.55,636.65,256.70,SEARCH_Y
28.8484,1.8758,-0.0361,-0.0501,0.03310,0.35256,0.01633,0.00,3.00,0.00,74.8,184.57,636.65,256.70,SEARCH_Y
28.8585,1.7858,-0.3761,-0.0901,0.04710,0.35956,0.01233,0.00,3.00,0.00,74.8,184.61,636.65,256.70,SEARCH_Y
28.8686,1.8658,-0.3861,0.2098,0.05610,0.37656,0.00433,0.00,3.00,0.00,74.8,184.63,636.65,256.70,SEARCH_Y
28.8787,1.8458,-0.0761,-0.3101,0.03210,0.35456,0.01933,0.00,3.00,0.00,74.9,184.67,636.65,256.70,SEARCH_Y
28.8888,1.6158,-0.1861,0.0998,-0.00389,0.34756,0.01433,0.00,3.00,0.00,74.9,184.69,636.65,256.70,SEARCH_Y
28.8989,1.7958,-0.3361,0.2798,0.03610,0.35656,0.01533,0.00,3.00,0.00,74.9,184.73,636.65,256.70,SEARCH_Y
28.9091,1.8658,-0.0561,0.2098,0.04310,0.35656,0.01833,0.00,3.00,0.00,74.9,184.75,636.65,256.70,SEARCH_Y
28.9192,2.0058,-0.2461,-0.1201,0.06910,0.36856,0.01533,0.00,3.00,0.00,74.9,184.79,636.66,256.70,SEARCH_Y
28.9293,2.0458,-0.5261,0.3698,0.05810,0.37356,0.01233,0.00,3.00,0.00,75.0,184.83,636.66,256.70,SEARCH_Y
28.9394,1.9958,-0.6561,0.2398,0.03810,0.35656,0.01633,0.00,3.00,0.00,75.0,184.85,636.66,256.70,SEARCH_Y
28.9495,1.8658,-0.5261,-0.0901,0.04810,0.36856,0.01533,0.00,3.00,0.00,75.0,184.89,636.66,256.70,SEARCH_Y
28.9597,1.8858,-0.4161,-0.1101,0.05510,0.37056,0.01933,0.00,3.00,0.00,75.0,184.91,636.66,256.70,SEARCH_Y
28.9698,2.1258,-0.8261,0.1598,0.07210,0.36656,0.01633,0.00,3.00,0.00,75.1,184.95,636.66,256.70,SEARCH_Y
28.9799,1.8758,-0.2661,-0.0301,0.06910,0.36256,0.01833,0.00,3.00,0.00,75.1,184.97,636.66,256.70,SEARCH_Y
28.9899,1.8458,-0.5161,0.1598,0.06310,0.35656,0.01233,0.00,3.00,0.00,75.1,185.01,636.66,256.70,SEARCH_Y
29.0001,1.8958,-0.5161,0.2798,0.03310,0.36456,0.01133,0.00,3.00,0.00,75.1,185.03,636.66,256.70,SEARCH_Y
29.0102,2.0158,0.1338,-0.4301,0.05210,0.35056,0.01933,0.00,3.00,0.00,75.2,185.07,636.66,256.70,SEARCH_Y
29.0203,1.9358,-0.4861,-0.0201,0.06510,0.35656,0.01533,0.00,3.00,0.00,75.2,185.09,636.66,256.70,SEARCH_Y
29.0304,1.8858,-0.3961,0.1898,0.03810,0.35056,0.01333,0.00,3.00,0.00,75.2,185.13,636.66,256.70,SEARCH_Y
29.0405,1.8658,0.1138,-0.1801,0.03410,0.35856,0.01933,0.00,3.00,0.00,75.2,185.15,636.67,256.70,SEARCH_Y
29.0506,1.9558,-0.4461,0.2598,0.04610,0.34956,0.02333,0.00,3.00,0.00,75.3,185.19,636.67,256.70,SEARCH_Y
29.0607,1.8258,-0.3761,0.0498,0.05710,0.35656,0.01233,0.00,3.00,0.00,75.3,185.21,636.67,256.70,SEARCH_Y
29.0708,1.9158,0.0438,-0.2001,0.03910,0.34856,0.01833,0.00,3.00,0.00,75.3,185.25,636.67,256.70,SEARCH_Y
29.0809,1.8658,-0.6561,0.0598,0.06210,0.36156,0.02333,0.00,3.00,0.00,75.3,185.27,636.67,256.70,SEARCH_Y
29.0911,1.9558,-0.2061,-0.2801,0.06010,0.36756,0.01133,0.00,3.00,0.00,75.4,185.31,636.67,256.70,SEARCH_Y
29.1012,2.1358,-0.9161,0.3198,0.07410,0.37556,0.01333,0.00,3.00,0.00,75.4,185.35,636.67,256.70,SEARCH_Y
29.1113,1.8458,-0.3261,0.0598,0.05310,0.37156,0.01733,0.00,3.00,0.00,75.4,185.37,636.67,256.70,SEARCH_Y
29.1214,2.0558,-0.3561,-0.1401,0.05410,0.35556,0.00933,0.00,3.00,0.00,75.4,185.41,636.67,256.70,SEARCH_Y
29.1315,2.0658,-0.6861,-0.0501,0.06910,0.35356,0.01633,0.00,3.00,0.00,75.5,185.43,636.67,256.70,SEARCH_Y
29.1416,1.8058,-0.8461,0.3698,0.05210,0.36456,0.01233,0.00,3.00,0.00,75.5,185.47,636.67,256.70,SEARCH_Y
29.1517,1.9458,-0.2961,-0.0001,0.05310,0.35456,0.01333,0.00,3.00,0.00,75.5,185.49,636.67,256.70,SEARCH_Y
29.1619,1.9958,-0.5361,0.5098,0.06810,0.36556,0.01733,0.00,3.00,0.00,75.5,185.53,636.68,256.70,SEARCH_Y
29.1720,1.8658,-0.2961,-0.2201,0.05810,0.35656,0.01433,0.00,3.00,0.00,75.5,185.55,636.68,256.70,SEARCH_Y
29.1821,1.8358,0.0938,-0.2301,0.05210,0.35456,0.01533,0.00,3.00,0.00,75.6,185.59,636.68,256.70,SEARCH_Y
29.1922,1.9758,-0.6361,0.2098,0.05510,0.35856,0.02233,0.00,3.00,0.00,75.6,185.61,636.68,256.70,SEARCH_Y
29.2024,1.7058,-0.6361,0.2898,0.04610,0.36656,0.00933,0.00,3.00,0.00,75.6,185.65,636.68,256.70,SEARCH_Y
29.2125,1.8158,-0.5861,0.1998,0.01910,0.35556,0.01333,0.00,3.00,0.00,75.6,185.67,636.68,256.70,SEARCH_Y
29.2225,1.9658,-0.4061,0.1798,0.06810,0.36356,0.02333,0.00,3.00,0.00,75.7,185.71,636.68,256.70,SEARCH_Y
29.2327,1.9058,-0.7961,0.3198,0.05610,0.36056,0.00733,0.00,3.00,0.00,75.7,185.73,636.68,256.70,SEARCH_Y
29.2428,1.9358,-0.6361,-0.2001,0.05210,0.35656,0.02433,0.00,3.00,0.00,75.7,185.77,636.68,256.70,SEARCH_Y
29.2529,2.0258,-0.1561,-0.0501,0.06610,0.36456,0.02033,0.00,3.00,0.00,75.7,185.79,636.68,256.70,SEARCH_Y
29.2630,1.9358,-0.3661,-0.1501,0.05710,0.35456,0.01433,0.00,3.00,0.00,75.8,185.83,636.68,256.70,SEARCH_Y
29.2732,1.8458,-0.3461,-0.0001,0.07410,0.36656,0.02033,0.00,3.00,0.00,75.8,185.85,636.68,256.70,SEARCH_Y
29.2833,2.0858,-0.5761,-0.0901,0.05810,0.35856,0.01433,0.00,3.00,0.00,75.8,185.89,636.69,256.71,SEARCH_Y
29.2934,1.6558,-0.0961,-0.0801,0.05410,0.35656,0.02233,0.00,3.00,0.00,75.8,185.92,636.69,256.71,SEARCH_Y
29.3035,1.7558,-0.3261,-0.1401,0.05710,0.35356,0.02433,0.00,3.00,0.00,75.9,185.95,636.69,256.71,SEARCH_Y
29.3136,1.8158,-0.3361,-0.0001,0.04010,0.35656,0.00733,0.00,3.00,0.00,75.9,185.98,636.69,256.71,SEARCH_Y
29.3238,2.0158,-0.6461,0.0298,0.06910,0.36656,0.01333,0.00,3.00,0.00,75.9,186.01,636.69,256.71,SEARCH_Y
29.3339,1.6658,-0.4861,0.2198,0.06510,0.37356,0.01833,0.00,3.00,0.00,75.9,186.04,636.69,256.71,SEARCH_Y
29.3440,1.9658,-0.3961,0.2298,0.04710,0.35356,0.01133,0.00,3.00,0.00,76.0,186.07,636.69,256.71,SEARCH_Y
29.3541,1.6258,-0.1761,0.1998,0.02610,0.35756,0.01833,0.00,3.00,0.00,76.0,186.10,636.69,256.71,SEARCH_Y
29.3642,1.6658,-0.2961,0.1798,0.03710,0.35956,0.01633,0.00,3.00,0.00,76.0,186.13,636.69,256.71,SEARCH_Y
29.3743,1.9558,-0.2561,0.1098,0.05310,0.36056,0.01733,0.00,3.00,0.00,76.0,186.16,636.69,256.71,SEARCH_Y
29.3844,1.8658,-0.4061,0.3198,0.03810,0.34656,0.01533,0.00,3.00,0.00,76.1,186.19,636.69,256.71,SEARCH_Y
29.3946,2.0158,-0.6561,0.1898,0.05810,0.35556,0.01233,0.00,3.00,0.00,76.1,186.23,636.69,256.71,SEARCH_Y
29.4047,1.8758,-0.4861,0.1698,0.06710,0.36856,0.01033,0.00,3.00,0.00,76.1,186.25,636.70,256.71,SEARCH_Y
29.4148,1.9358,-0.6161,-0.0801,0.04510,0.35056,0.01533,0.00,3.00,0.00,76.1,186.29,636.70,256.71,SEARCH_Y
29.4249,1.8658,-0.4361,-0.2501,0.04810,0.36056,0.01433,0.00,3.00,0.00,76.2,186.31,636.70,256.71,SEARCH_Y
29.4350,1.8158,-0.4561,0.0298,0.05010,0.36256,0.01733,0.00,3.00,0.00,76.2,186.35,636.70,256.71,SEARCH_Y
29.4451,1.9158,-0.4561,-0.0501,0.06410,0.35756,0.01933,0.00,3.00,0.00,76.2,186.37,636.70,256.71,SEARCH_Y
29.4552,1.8858,-0.6061,0.1598,0.07710,0.36956,0.01333,0.00,3.00,0.00,76.2,186.41,636.70,256.71,SEARCH_Y
29.4653,1.9858,-0.1061,-0.1801,0.05810,0.36056,0.01433,0.00,3.00,0.00,76.3,186.44,636.70,256.71,SEARCH_Y
29.4754,1.8258,-0.1861,0.0098,0.03910,0.35156,0.02133,0.00,3.00,0.00,76.3,186.47,636.70,256.71,SEARCH_Y
29.4855,1.7858,-0.4261,-0.0101,0.04510,0.35656,0.01633,0.00,3.00,0.00,76.3,186.50,636.70,256.71,SEARCH_Y
29.4957,1.8658,-0.1361,-0.1601,0.03310,0.35056,0.01533,0.00,3.00,0.00,76.3,186.53,636.70,256.71,SEARCH_Y
29.5058,1.9058,-0.0161,-0.2801,0.03110,0.33956,0.02133,0.00,3.00,0.00,76.4,186.56,636.70,256.71,SEARCH_Y
29.5159,1.7158,0.0438,-0.1501,0.03910,0.35256,0.02233,0.00,3.00,0.00,76.4,186.59,636.70,256.71,SEARCH_Y
29.5260,1.7858,-0.3261,-0.0101,0.03810,0.36156,0.01333,0.00,3.00,0.00,76.4,186.62,636.71,256.71,SEARCH_Y
29.5361,1.9658,-0.0161,-0.5001,0.04310,0.32956,0.02333,0.00,3.00,0.00,76.4,186.65,636.71,256.71,SEARCH_Y
29.5462,1.9258,-0.3161,-0.1001,0.05210,0.34656,0.01633,0.00,3.00,0.00,76.5,186.68,636.71,256.71,SEARCH_Y
29.5563,1.7958,-0.8261,0.1398,0.04710,0.36156,0.01433,0.00,3.00,0.00,76.5,186.71,636.71,256.71,SEARCH_Y
29.5664,1.7458,-0.4361,0.3298,0.05710,0.37056,0.01733,0.00,3.00,0.00,76.5,186.74,636.71,256.71,SEARCH_Y
29.5765,1.9058,-0.5361,0.0198,0.05910,0.36356,0.01433,0.00,3.00,0.00,76.5,186.77,636.71,256.71,SEARCH_Y
29.5866,1.9358,-0.4861,-0.0201,0.05910,0.36256,0.01333,0.00,3.00,0.00,76.5,186.80,636.71,256.71,SEARCH_Y
29.5968,2.0658,-0.6861,0.1298,0.05810,0.34956,0.01833,0.00,3.00,0.00,76.6,186.83,636.71,256.71,SEARCH_Y
29.6069,1.7558,-0.4761,-0.2201,0.05510,0.34456,0.02133,0.00,3.00,0.00,76.6,186.86,636.71,256.71,SEARCH_Y
29.6170,2.1558,-0.4161,-0.1101,0.05710,0.34956,0.01633,0.00,3.00,0.00,76.6,186.89,636.71,256.71,SEARCH_Y
29.6271,1.9858,-0.4161,0.2398,0.03410,0.34656,0.01733,0.00,3.00,0.00,76.6,186.92,636.71,256.71,SEARCH_Y
29.6372,1.8058,-0.4761,0.2398,0.05110,0.35256,0.01833,0.00,3.00,0.00,76.7,186.96,636.71,256.71,SEARCH_Y
29.6474,1.7758,-0.2361,0.2098,0.04210,0.34856,0.01733,0.00,3.00,0.00,76.7,186.98,636.71,256.71,SEARCH_Y
29.6575,1.8158,-0.5661,0.1598,0.05010,0.36456,0.01333,0.00,3.00,0.00,76.7,187.02,636.72,256.71,SEARCH_Y
29.6676,1.7958,-0.0561,-0.0101,0.04510,0.35456,0.02133,0.00,3.00,0.00,76.7,187.04,636.72,256.71,SEARCH_Y
29.6777,1.8658,-0.7561,0.2498,0.06810,0.35456,0.01433,0.00,3.00,0.00,76.8,187.08,636.72,256.71,SEARCH_Y
29.6878,1.9058,-0.3561,-0.0201,0.05410,0.34356,0.01533,0.00,3.00,0.00,76.8,187.11,636.72,256.71,SEARCH_Y
29.6979,1.8658,-0.2461,-0.0501,0.03810,0.34556,0.02233,0.00,3.00,0.00,76.8,187.14,636.72,256.71,SEARCH_Y
29.7080,1.7858,-0.0661,-0.1501,0.04210,0.34656,0.01833,0.00,3.00,0.00,76.8,187.17,636.72,256.71,SEARCH_Y
29.7181,2.0758,-0.6461,0.0098,0.07310,0.35756,0.01433,0.00,3.00,0.00,76.9,187.20,636.72,256.71,SEARCH_Y
29.7284,1.7958,-0.4361,0.1798,0.06410,0.35556,0.01533,0.00,3.00,0.00,76.9,187.23,636.72,256.71,SEARCH_Y
29.7385,1.7258,-0.1861,-0.3601,0.03310,0.33956,0.01933,0.00,3.00,0.00,76.9,187.26,636.72,256.71,SEARCH_Y
29.7486,1.8858,-0.0561,-0.4901,0.06710,0.35456,0.02633,0.00,3.00,0.00,76.9,187.29,636.72,256.71,SEARCH_Y
29.7587,1.9058,-0.4461,-0.0501,0.05510,0.34956,0.01633,0.00,3.00,0.00,77.0,187.32,636.72,256.71,SEARCH_Y
29.7688,1.8958,-0.3161,-0.3201,0.05310,0.34656,0.01733,0.00,3.00,0.00,77.0,187.35,636.72,256.71,SEARCH_Y
29.7789,1.8358,-0.5661,0.4198,0.03710,0.35456,0.01433,0.00,3.00,0.00,77.0,187.38,636.73,256.71,SEARCH_Y
29.7890,1.9758,-0.1861,0.0498,0.05410,0.34956,0.01533,0.00,3.00,0.00,77.0,187.41,636.73,256.71,SEARCH_Y
29.7991,1.6658,-0.2861,0.0898,0.02310,0.35456,0.02133,0.00,3.00,0.00,77.1,187.44,636.73,256.71,SEARCH_Y
29.8092,1.8458,-0.4061,0.1298,0.03510,0.35156,0.01533,0.00,3.00,0.00,77.1,187.48,636.73,256.71,SEARCH_Y
29.8193,1.9758,-0.2961,0.2498,0.04510,0.35656,0.01533,0.00,3.00,0.00,77.1,187.50,636.73,256.71,SEARCH_Y
29.8295,1.8258,-0.0461,-0.2401,0.05210,0.35356,0.02033,0.00,3.00,0.00,77.1,187.54,636.73,256.71,SEARCH_Y
29.8396,1.9058,-0.3761,0.0998,0.05310,0.34856,0.01833,0.00,3.00,0.00,77.2,187.56,636.73,256.71,SEARCH_Y
29.8497,1.7758,-0.2261,-0.2001,0.04510,0.34856,0.02033,0.00,3.00,0.00,77.2,187.60,636.73,256.71,SEARCH_Y
29.8598,1.7358,-0.4661,0.1298,0.05810,0.36956,0.01733,0.00,3.00,0.00,77.2,187.62,636.73,256.71,SEARCH_Y
29.8700,1.8258,-0.4661,0.2198,0.04710,0.35856,0.01633,0.00,3.00,0.00,77.2,187.66,636.73,256.71,SEARCH_Y
29.8801,1.9958,-0.6061,-0.2201,0.05910,0.34856,0.01533,0.00,3.00,0.00,77.3,187.68,636.73,256.71,SEARCH_Y
29.8902,1.9358,-0.3761,-0.0201,0.06510,0.35656,0.02133,0.00,3.00,0.00,77.3,187.72,636.73,256.71,SEARCH_Y
29.9004,1.9558,-0.3561,-0.2701,0.07210,0.36256,0.02033,0.00,3.00,0.00,77.3,187.74,636.74,256.71,SEARCH_Y
29.9105,1.9958,-0.6161,-0.0601,0.05810,0.35056,0.01833,0.00,3.00,0.00,77.3,187.78,636.74,256.71,SEARCH_Y
29.9206,1.7458,-0.3361,-0.2801,0.05910,0.35056,0.02233,0.00,3.00,0.00,77.3,187.80,636.74,256.71,SEARCH_Y
29.9307,1.6058,-0.2161,-0.3501,0.04010,0.34356,0.02033,0.00,3.00,0.00,77.4,187.84,636.74,256.71,SEARCH_Y
29.9409,1.8758,-0.5461,0.3598,0.05110,0.35456,0.01633,0.00,3.00,0.00,77.4,187.86,636.74,256.71,SEARCH_Y
29.9510,1.7158,-0.2561,-0.1101,0.03510,0.33956,0.01933,0.00,3.00,0.00,77.4,187.90,636.74,256.71,SEARCH_Y
29.9611,1.5958,-0.1261,0.1498,0.03710,0.34956,0.01933,0.00,3.00,0.00,77.5,187.94,636.74,256.72,SEARCH_Y
29.9712,1.8958,-0.4561,-0.0701,0.04610,0.34156,0.01533,0.00,3.00,0.00,77.5,187.96,636.74,256.72,SEARCH_Y
29.9814,1.7758,-0.6261,0.1898,0.03810,0.33956,0.01833,0.00,3.00,0.00,77.5,188.00,636.74,256.72,SEARCH_Y
29.9915,1.9658,-0.5661,0.2698,0.04910,0.33756,0.01433,0.00,3.00,0.00,77.5,188.02,636.74,256.72,SEARCH_Y
30.0016,2.0758,-0.2561,-0.1401,0.05410,0.34856,0.01833,0.00,3.00,0.00,77.6,188.06,636.74,256.72,SEARCH_Y
30.0117,1.9758,-0.3661,0.1298,0.06410,0.36156,0.01733,0.00,3.00,0.00,77.6,188.08,636.74,256.72,SEARCH_Y
30.0218,1.9958,-0.2861,0.1898,0.02910,0.35456,0.01633,0.00,3.00,0.00,77.6,188.12,636.75,256.72,SEARCH_Y
30.0319,1.8358,-0.1561,-0.3401,0.02910,0.33356,0.02233,0.00,3.00,0.00,77.6,188.14,636.75,256.72,SEARCH_Y
30.0420,1.8758,-0.4261,0.0298,0.04210,0.35356,0.01733,0.00,3.00,0.00,77.6,188.18,636.75,256.72,SEARCH_Y
30.0521,1.7758,-0.6161,-0.0301,0.04510,0.35456,0.02033,0.00,3.00,0.00,77.7,188.20,636.75,256.72,SEARCH_Y
30.0622,1.7658,-0.5561,-0.1201,0.04810,0.35056,0.01633,0.00,3.00,0.00,77.7,188.24,636.75,256.72,SEARCH_Y
30.0723,1.9658,-0.3361,-0.1301,0.05010,0.33956,0.02233,0.00,3.00,0.00,77.7,188.26,636.75,256.72,SEARCH_Y
30.0825,1.9958,-0.6761,-0.0601,0.05910,0.33356,0.01333,0.00,3.00,0.00,77.7,188.30,636.75,256.72,SEARCH_Y
30.0927,2.1358,-0.4861,0.1498,0.04710,0.34656,0.01533,0.00,3.00,0.00,77.8,188.32,636.75,256.72,SEARCH_Y
30.1028,1.9058,-0.4761,0.3098,0.04610,0.35156,0.01433,0.00,3.00,0.00,77.8,188.36,636.75,256.72,SEARCH_Y
30.1129,1.8758,-0.2961,0.2098,0.05810,0.35956,0.02033,0.00,3.00,0.00,77.8,188.38,636.75,256.72,SEARCH_Y
30.1230,1.6458,-0.0061,-0.2401,0.02910,0.34356,0.02033,0.00,3.00,0.00,77.8,188.42,636.75,256.72,SEARCH_Y
30.1332,1.8258,-0.4561,0.1198,0.04810,0.35056,0.02033,0.00,3.00,0.00,77.9,188.44,636.75,256.72,SEARCH_Y
30.1433,1.8358,-0.2961,0.2498,0.06510,0.34856,0.02233,0.00,3.00,0.00,77.9,188.48,636.76,256.72,SEARCH_Y
30.1534,1.8558,-0.3661,0.0998,0.03910,0.33356,0.01233,0.00,3.00,0.00,77.9,188.52,636.76,256.72,SEARCH_Y
30.1635,1.8858,-0.1061,-0.3001,0.04810,0.34156,0.02033,0.00,3.00,0.00,77.9,188.54,636.76,256.72,SEARCH_Y
30.1736,1.8658,-0.2161,-0.1801,0.04410,0.33956,0.02433,0.00,3.00,0.00,78.0,188.58,636.76,256.72,SEARCH_Y
30.1837,1.9758,-0.2861,-0.3001,0.04910,0.34056,0.02033,0.00,3.00,0.00,78.0,188.60,636.76,256.72,SEARCH_Y
30.1938,1.9558,-0.6661,-0.0801,0.06710,0.35856,0.01833,0.00,3.00,0.00,78.0,188.64,636.76,256.72,SEARCH_Y
30.2039,1.8058,-0.2861,-0.0001,0.02310,0.33856,0.02033,0.00,3.00,0.00,78.0,188.66,636.76,256.72,SEARCH_Y
30.2140,1.9558,-0.7061,-0.2701,0.06310,0.33956,0.01633,0.00,3.00,0.00,78.1,188.70,636.76,256.72,SEARCH_Y
30.2241,1.7958,-0.0761,-0.3101,0.06210,0.34256,0.02233,0.00,3.00,0.00,78.1,188.72,636.76,256.72,SEARCH_Y
30.2342,1.6358,-0.4661,0.2098,0.05410,0.35656,0.01533,0.00,3.00,0.00,78.1,188.76,636.76,256.72,SEARCH_Y
30.2444,1.7658,-0.3561,-0.0801,0.05110,0.34456,0.01733,0.00,3.00,0.00,78.1,188.78,636.76,256.72,SEARCH_Y
30.2545,1.9158,-0.4461,-0.1501,0.04610,0.32956,0.02133,0.00,3.00,0.00,78.2,188.82,636.76,256.72,SEARCH_Y
30.2646,1.9558,-0.6261,0.1198,0.05210,0.34856,0.00833,0.00,3.00,0.00,78.2,188.84,636.76,256.72,SEARCH_Y
30.2749,1.7958,-0.1961,-0.1001,0.02910,0.33556,0.01833,0.00,3.00,0.00,78.2,188.88,636.77,256.72,SEARCH_Y
30.2850,1.7358,-0.2661,0.0598,0.04710,0.35056,0.02333,0.00,3.00,0.00,78.2,188.90,636.77,256.72,SEARCH_Y
30.2951,1.7458,-0.0261,-0.5001,0.01410,0.31556,0.02033,0.00,3.00,0.00,78.3,188.94,636.77,256.72,SEARCH_Y
30.3052,1.7758,-0.2361,0.2598,0.04410,0.34156,0.01933,0.00,3.00,0.00,78.3,188.97,636.77,256.72,SEARCH_Y
30.3154,1.9058,-0.4161,0.2398,0.03710,0.32756,0.01833,0.00,3.00,0.00,78.3,189.00,636.77,256.72,SEARCH_Y
30.3255,1.9958,-0.3861,-0.1401,0.05410,0.32556,0.02033,0.00,3.00,0.00,78.3,189.03,636.77,256.72,SEARCH_Y
30.3356,1.7158,-0.3761,-0.1101,0.03110,0.34156,0.01833,0.00,3.00,0.00,78.4,189.06,636.77,256.72,SEARCH_Y
30.3457,1.9058,-0.4161,0.0498,0.04810,0.34356,0.01733,0.00,3.00,0.00,78.4,189.09,636.77,256.72,SEARCH_Y
30.3558,1.8858,-0.7061,0.2198,0.06510,0.36256,0.01533,0.00,3.00,0.00,78.4,189.12,636.77,256.72,SEARCH_Y
30.3659,1.7958,-0.3661,-0.3001,0.04710,0.34256,0.01833,0.00,3.00,0.00,78.4,189.15,636.77,256.72,SEARCH_Y
30.3760,2.0058,-0.2161,-0.2901,0.07410,0.34356,0.02133,0.00,3.00,0.00,78.5,189.18,636.77,256.72,SEARCH_Y
30.3861,1.8558,-0.4261,-0.0401,0.05210,0.33856,0.01933,0.00,3.00,0.00,78.5,189.21,636.77,256.72,SEARCH_Y
30.3963,1.9358,-0.2861,-0.2901,0.04410,0.33456,0.01933,0.00,3.00,0.00,78.5,189.24,636.78,256.72,SEARCH_Y
30.4064,1.9258,-0.0461,-0.3601,0.05110,0.33556,0.02233,0.00,3.00,0.00,78.5,189.27,636.78,256.72,SEARCH_Y
30.4165,1.8758,-0.2161,0.0698,0.06010,0.34356,0.01733,0.00,3.00,0.00,78.6,189.30,636.78,256.72,SEARCH_Y
30.4267,1.7758,-0.5161,0.1098,0.02810,0.34256,0.01533,0.00,3.00,0.00,78.6,189.34,636.78,256.72,SEARCH_Y
30.4369,1.7658,-0.4461,0.0798,0.03710,0.35056,0.02233,0.00,3.00,0.00,78.6,189.36,636.78,256.72,SEARCH_Y
30.4470,1.7458,-0.2161,0.0998,0.01910,0.33456,0.02033,0.00,3.00,0.00,78.6,189.40,636.78,256.72,SEARCH_Y
30.4571,2.0058,-0.1161,-0.0201,0.04710,0.34456,0.02033,0.00,3.00,0.00,78.7,189.42,636.78,256.72,SEARCH_Y
30.4673,1.8258,-0.4461,0.1698,0.02810,0.32756,0.01933,0.00,3.00,0.00,78.7,189.46,636.78,256.72,SEARCH_Y
30.4774,1.6058,-0.1761,0.1698,0.03110,0.34356,0.01933,0.00,3.00,0.00,78.7,189.49,636.78,256.72,SEARCH_Y
30.4875,1.9958,-0.6961,0.0198,0.04910,0.34256,0.01933,0.00,3.00,0.00,78.7,189.52,636.78,256.72,SEARCH_Y
30.4976,1.7958,-0.3161,-0.1501,0.05710,0.34556,0.02133,0.00,3.00,0.00,78.8,189.55,636.78,256.72,SEARCH_Y
30.5077,1.8658,-0.4761,-0.0401,0.05810,0.34756,0.01333,0.00,3.00,0.00,78.8,189.58,636.78,256.72,SEARCH_Y
30.5178,1.9058,-0.4661,-0.1801,0.05810,0.34056,0.02333,0.00,3.00,0.00,78.8,189.61,636.79,256.72,SEARCH_Y
30.5279,1.7658,-0.3661,-0.2201,0.06310,0.34656,0.02433,0.00,3.00,0.00,78.8,189.64,636.79,256.72,SEARCH_Y
30.5380,1.7958,-0.4161,-0.0201,0.07010,0.35256,0.01733,0.00,3.00,0.00,78.9,189.67,636.79,256.72,SEARCH_Y
30.5481,1.8558,-0.4861,-0.0801,0.05010,0.34156,0.02033,0.00,3.00,0.00,78.9,189.70,636.79,256.72,SEARCH_Y
30.5582,1.8558,-0.5061,0.0298,0.04110,0.33756,0.02133,0.00,3.00,0.00,78.9,189.73,636.79,256.72,SEARCH_Y
30.5684,1.9558,-0.1761,-0.2201,0.04310,0.33656,0.01533,0.00,3.00,0.00,78.9,189.76,636.79,256.72,SEARCH_Y
30.5785,1.7158,-0.2261,0.1498,0.00110,0.32756,0.01733,0.00,3.00,0.00,79.0,189.79,636.79,256.72,SEARCH_Y
30.5886,1.5258,-0.1361,0.3898,0.03510,0.35756,0.02633,0.00,3.00,0.00,79.0,189.82,636.79,256.72,SEARCH_Y
30.5987,1.8458,-0.1761,-0.0201,0.05310,0.35156,0.01933,0.00,3.00,0.00,79.0,189.85,636.79,256.72,SEARCH_Y
30.6089,1.8558,-0.2461,0.1098,0.03010,0.32956,0.02333,0.00,3.00,0.00,79.0,189.88,636.79,256.72,SEARCH_Y
30.6190,1.6058,-0.0561,0.0698,0.01410,0.33556,0.02133,0.00,3.00,0.00,79.1,189.91,636.79,256.72,SEARCH_Y
30.6291,1.9758,-0.3661,0.2498,0.04210,0.34356,0.01733,0.00,3.00,0.00,79.1,189.95,636.79,256.72,SEARCH_Y
30.6392,1.9458,-0.7161,0.2198,0.06410,0.34956,0.01533,0.00,3.00,0.00,79.1,189.97,636.80,256.72,SEARCH_Y
30.6493,1.8758,-0.5561,0.3198,0.06010,0.35756,0.01933,0.00,3.00,0.00,79.1,190.01,636.80,256.73,SEARCH_Y
30.6594,1.7758,-0.0761,-0.2301,0.03710,0.33956,0.01933,0.00,3.00,0.00,79.2,190.03,636.80,256.73,SEARCH_Y
30.6696,1.7658,-0.0661,-0.6301,0.04210,0.34156,0.02333,0.00,3.00,0.00,79.2,190.07,636.80,256.73,SEARCH_Y
30.6797,1.8758,-0.4061,-0.2701,0.05110,0.34456,0.01933,0.00,3.00,0.00,79.2,190.09,636.80,256.73,SEARCH_Y
30.6898,1.8858,-0.5361,0.3098,0.08310,0.35256,0.02133,0.00,3.00,0.00,79.2,190.13,636.80,256.73,SEARCH_Y
30.6999,1.8858,-0.7261,-0.1501,0.04110,0.33856,0.01933,0.00,3.00,0.00,79.3,190.15,636.80,256.73,SEARCH_Y
30.7100,1.8458,-0.2061,0.0498,0.03310,0.33556,0.02033,0.00,3.00,0.00,79.3,190.19,636.80,256.73,SEARCH_Y
30.7201,1.8558,-0.1961,-0.1901,0.04610,0.33656,0.02033,0.00,3.00,0.00,79.3,190.22,636.80,256.73,SEARCH_Y
30.7303,1.8158,-0.5761,0.1798,0.04410,0.34756,0.01933,0.00,3.00,0.00,79.3,190.25,636.80,256.73,SEARCH_Y
30.7404,1.6958,0.1838,-0.3701,0.03610,0.33456,0.02233,0.00,3.00,0.00,79.3,190.28,636.80,256.73,SEARCH_Y
30.7505,1.7758,-0.1861,-0.0501,0.02610,0.34356,0.01933,0.00,3.00,0.00,79.4,190.31,636.80,256.73,SEARCH_Y
30.7606,1.7158,-0.2661,0.1198,0.03710,0.33656,0.01833,0.00,3.00,0.00,79.4,190.34,636.80,256.73,SEARCH_Y
30.7707,2.0858,-0.1361,-0.2701,0.04910,0.33256,0.01933,0.00,3.00,0.00,79.4,190.37,636.81,256.73,SEARCH_Y
30.7808,1.8558,-0.6461,0.2098,0.05410,0.34856,0.01833,0.00,3.00,0.00,79.4,190.40,636.81,256.73,SEARCH_Y
30.7909,1.8458,-0.2161,-0.1201,0.04710,0.34256,0.02133,0.00,3.00,0.00,79.5,190.43,636.81,256.73,SEARCH_Y
30.8011,1.6858,-0.3761,0.1698,0.03510,0.34656,0.02333,0.00,3.00,0.00,79.5,190.46,636.81,256.73,SEARCH_Y
30.8112,1.9058,-0.1061,-0.0501,0.03910,0.33756,0.02333,0.00,3.00,0.00,79.5,190.49,636.81,256.73,SEARCH_Y
30.8213,1.9358,-0.4561,-0.0401,0.06210,0.33656,0.02633,0.00,3.00,0.00,79.6,190.53,636.81,256.73,SEARCH_Y
30.8314,1.8058,-0.3061,-0.5301,0.05210,0.33156,0.02533,0.00,3.00,0.00,79.6,190.55,636.81,256.73,SEARCH_Y
30.8415,1.7958,-0.4961,0.0598,0.05910,0.34856,0.01933,0.00,3.00,0.00,79.6,190.59,636.81,256.73,SEARCH_Y
30.8517,1.8758,-0.2961,-0.3201,0.04710,0.33156,0.01933,0.00,3.00,0.00,79.6,190.61,636.81,256.73,SEARCH_Y
30.8618,1.8258,-0.3561,0.1298,0.05810,0.35056,0.02133,0.00,3.00,0.00,79.7,190.65,636.81,256.73,SEARCH_Y
30.8719,1.7858,-0.1461,-0.0201,0.04810,0.33856,0.02133,0.00,3.00,0.00,79.7,190.67,636.81,256.73,SEARCH_Y
30.8820,1.8158,-0.3661,0.2498,0.03610,0.33856,0.02033,0.00,3.00,0.00,79.7,190.71,636.81,256.73,SEARCH_Y
30.8921,1.9058,-0.5161,0.1998,0.05210,0.35056,0.01933,0.00,3.00,0.00,79.7,190.73,636.82,256.73,SEARCH_Y
30.9023,1.6158,-0.3061,0.1698,0.04010,0.33956,0.02433,0.00,3.00,0.00,79.8,190.77,636.82,256.73,SEARCH_Y
30.9124,1.9458,-0.1761,-0.1901,0.03210,0.32556,0.02033,0.00,3.00,0.00,79.8,190.79,636.82,256.73,SEARCH_Y
30.9225,1.7758,-0.4061,0.1398,0.04210,0.33656,0.02133,0.00,3.00,0.00,79.8,190.83,636.82,256.73,SEARCH_Y
30.9326,1.8858,-0.1161,-0.0201,0.02310,0.32656,0.02033,0.00,3.00,0.00,79.8,190.85,636.82,256.73,SEARCH_Y
30.9427,1.6758,-0.1961,-0.0701,0.02910,0.33956,0.02133,0.00,3.00,0.00,79.9,190.89,636.82,256.73,SEARCH_Y
30.9528,1.9358,-0.3461,0.0198,0.05910,0.33956,0.01933,0.00,3.00,0.00,79.9,190.91,636.82,256.73,SEARCH_Y
30.9630,2.0958,-0.4161,-0.3601,0.04610,0.32756,0.01833,0.00,3.00,0.00,79.9,190.95,636.82,256.73,SEARCH_Y
30.9731,1.8658,-0.4561,0.1098,0.05510,0.34856,0.01733,0.00,3.00,0.00,79.9,190.97,636.82,256.73,SEARCH_Y
30.9832,1.6458,0.0938,-0.3401,0.02610,0.32756,0.02433,0.00,3.00,0.00,79.9,191.01,636.82,256.73,SEARCH_Y
30.9934,1.6458,-0.2961,0.0198,0.04910,0.34256,0.02733,0.00,3.00,0.00,80.0,191.05,636.82,256.73,SEARCH_Y
31.0035,1.6158,-0.6161,0.2198,0.05510,0.35356,0.02133,0.00,3.00,0.00,80.0,191.07,636.82,256.73,SEARCH_Y
31.0136,1.5758,-0.4861,0.0898,0.02610,0.33056,0.02233,0.00,3.00,0.00,80.0,191.11,636.83,256.73,SEARCH_Y
31.0238,1.7858,-0.2561,-0.1501,0.03110,0.33256,0.02233,0.00,3.00,0.00,80.0,191.13,636.83,256.73,SEARCH_Y
31.0339,1.5758,-0.1361,-0.0901,0.02610,0.34356,0.02433,0.00,3.00,0.00,80.1,191.17,636.83,256.73,SEARCH_Y
31.0440,1.7158,0.2238,-0.3501,0.02110,0.32456,0.02233,0.00,3.00,0.00,80.1,191.19,636.83,256.73,SEARCH_Y
31.0541,1.6958,-0.0361,-0.3801,0.03410,0.33656,0.02633,0.00,3.00,0.00,80.1,191.23,636.83,256.73,SEARCH_Y
31.0642,1.7558,-0.1861,0.0498,0.04610,0.34456,0.02133,0.00,3.00,0.00,80.1,191.25,636.83,256.73,SEARCH_Y
31.0745,1.7258,-0.1961,-0.1301,0.03910,0.33656,0.02533,0.00,3.00,0.00,80.2,191.29,636.83,256.73,SEARCH_Y
31.0846,2.1058,-0.2861,-0.1701,0.05910,0.32856,0.01933,0.00,3.00,0.00,80.2,191.31,636.83,256.73,SEARCH_Y
31.0947,1.6458,-0.4861,0.1498,0.02810,0.33656,0.02433,0.00,3.00,0.00,80.2,191.35,636.83,256.73,SEARCH_Y
31.1048,1.8258,-0.4861,-0.2701,0.05110,0.33556,0.02233,0.00,3.00,0.00,80.2,191.37,636.83,256.73,SEARCH_Y
31.1149,1.8458,-0.4761,0.0998,0.06510,0.35056,0.01933,0.00,3.00,0.00,80.3,191.41,636.83,256.73,SEARCH_Y
31.1251,1.9658,-0.2261,-0.2501,0.03810,0.32856,0.02033,0.00,3.00,0.00,80.3,191.43,636.83,256.73,SEARCH_Y
31.1352,1.8958,-0.4461,-0.2101,0.05010,0.33056,0.02733,0.00,3.00,0.00,80.3,191.47,636.84,256.73,SEARCH_Y
31.1453,1.9158,-0.4461,0.0198,0.03810,0.33156,0.02033,0.00,3.00,0.00,80.4,191.51,636.84,256.73,SEARCH_Y
31.1554,1.7358,-0.3461,-0.1901,0.03310,0.32756,0.02033,0.00,3.00,0.00,80.4,191.53,636.84,256.73,SEARCH_Y
31.1655,1.8358,-0.3761,-0.0101,0.05310,0.34156,0.01833,0.00,3.00,0.00,80.4,191.57,636.84,256.73,SEARCH_Y
31.1756,1.7158,-0.3261,-0.2501,0.03010,0.33256,0.01933,0.00,3.00,0.00,80.4,191.59,636.84,256.73,SEARCH_Y
31.1857,2.0358,-0.2161,0.1498,0.06510,0.33456,0.02133,0.00,3.00,0.00,80.5,191.63,636.84,256.73,SEARCH_Y
31.1958,1.6958,-0.6461,0.2098,0.04610,0.33656,0.01933,0.00,3.00,0.00,80.5,191.65,636.84,256.73,SEARCH_Y
31.2059,1.8458,-0.2561,-0.1301,0.04910,0.33456,0.02233,0.00,3.00,0.00,80.5,191.69,636.84,256.73,SEARCH_Y
31.2160,1.9358,-0.2661,0.1698,0.02910,0.32756,0.02333,0.00,3.00,0.00,80.5,191.71,636.84,256.73,SEARCH_Y
31.2262,1.5858,-0.3161,0.2398,0.01410,0.32356,0.02233,0.00,3.00,0.00,80.6,191.75,636.84,256.73,SEARCH_Y
31.2363,1.7658,-0.2861,-0.1101,0.03610,0.32656,0.02233,0.00,3.00,0.00,80.6,191.77,636.84,256.73,SEARCH_Y
31.2464,1.7558,0.0138,-0.4001,0.02210,0.31756,0.02533,0.00,3.00,0.00,80.6,191.81,636.84,256.73,SEARCH_Y
31.2565,1.8858,-0.4261,-0.0501,0.05010,0.33256,0.02433,0.00,3.00,0.00,80.6,191.83,636.84,256.73,SEARCH_Y
31.2667,1.8958,-0.1861,-0.2201,0.05510,0.33356,0.02133,0.00,3.00,0.00,80.7,191.87,636.85,256.73,SEARCH_Y
31.2767,1.6258,-0.2961,-0.3001,0.04110,0.33856,0.02433,0.00,3.00,0.00,80.7,191.89,636.85,256.73,SEARCH_Y
31.2868,1.9658,-0.5761,-0.0601,0.04810,0.33756,0.02033,0.00,3.00,0.00,80.7,191.93,636.85,256.73,SEARCH_Y
31.2970,1.6858,-0.2761,-0.0301,0.04510,0.32956,0.02333,0.00,3.00,0.00,80.7,191.95,636.85,256.73,SEARCH_Y
31.3071,1.6358,-0.2661,-0.1201,0.05210,0.33056,0.01833,0.00,3.00,0.00,80.8,191.99,636.85,256.73,SEARCH_Y
31.3172,1.7058,-0.5461,0.0798,0.04610,0.34556,0.01933,0.00,3.00,0.00,80.8,192.01,636.85,256.73,SEARCH_Y
31.3273,1.6058,-0.3061,-0.1101,0.02710,0.33156,0.02133,0.00,3.00,0.00,80.8,192.05,636.85,256.74,SEARCH_Y
31.3375,1.7758,-0.2261,-0.0201,0.02410,0.32856,0.02133,0.00,3.00,0.00,80.8,192.08,636.85,256.74,SEARCH_Y
31.3477,1.7558,-0.4061,0.2198,0.02210,0.33856,0.01733,0.00,3.00,0.00,80.8,192.11,636.85,256.74,SEARCH_Y
31.3578,2.0058,0.0738,-0.3601,0.04010,0.31556,0.02033,0.00,3.00,0.00,80.9,192.14,636.85,256.74,SEARCH_Y
31.3679,1.7858,-0.1961,0.2098,0.02710,0.34056,0.02433,0.00,3.00,0.00,80.9,192.17,636.85,256.74,SEARCH_Y
31.3780,1.9958,-0.3861,-0.1501,0.05010,0.32856,0.02233,0.00,3.00,0.00,80.9,192.20,636.85,256.74,SEARCH_Y
31.3881,1.5458,-0.0761,-0.1501,0.03010,0.33356,0.02133,0.00,3.00,0.00,80.9,192.23,636.86,256.74,SEARCH_Y
31.3982,1.9158,-0.0961,-0.3001,0.03410,0.32656,0.02033,0.00,3.00,0.00,81.0,192.26,636.86,256.74,SEARCH_Y
31.4083,1.8658,-0.1961,-0.2201,0.04510,0.32556,0.02533,0.00,3.00,0.00,81.0,192.29,636.86,256.74,SEARCH_Y
31.4185,1.8758,-0.4261,0.0198,0.05110,0.33956,0.02233,0.00,3.00,0.00,81.0,192.32,636.86,256.74,SEARCH_Y
31.4286,1.6558,-0.2061,-0.4201,0.02710,0.33056,0.02433,0.00,3.00,0.00,81.0,192.35,636.86,256.74,SEARCH_Y
31.4387,1.7058,-0.5661,-0.0201,0.04210,0.33956,0.02033,0.00,3.00,0.00,81.1,192.39,636.86,256.74,SEARCH_Y
31.4488,1.8958,-0.5961,0.0098,0.04310,0.33056,0.01833,0.00,3.00,0.00,81.1,192.41,636.86,256.74,SEARCH_Y
31.4590,1.7058,-0.4261,-0.0401,0.03710,0.32756,0.02133,0.00,3.00,0.00,81.1,192.45,636.86,256.74,SEARCH_Y
31.4691,1.6858,-0.5061,0.0698,0.04510,0.34356,0.01833,0.00,3.00,0.00,81.1,192.47,636.86,256.74,SEARCH_Y
31.4792,1.5958,-0.1361,0.3198,0.04010,0.34656,0.02433,0.00,3.00,0.00,81.2,192.51,636.86,256.74,SEARCH_Y
31.4893,1.6858,-0.1261,0.1198,0.02110,0.32556,0.02233,0.00,3.00,0.00,81.2,192.53,636.86,256.74,SEARCH_Y
31.4994,1.8958,-0.5661,0.1998,0.04010,0.32356,0.01633,0.00,3.00,0.00,81.2,192.57,636.86,256.74,SEARCH_Y
31.5095,1.6758,0.0038,0.3598,0.02910,0.33856,0.02133,0.00,3.00,0.00,81.3,192.60,636.87,256.74,SEARCH_Y
31.5196,1.4058,0.0738,-0.3001,-0.00089,0.32056,0.02933,0.00,3.00,0.00,81.3,192.63,636.87,256.74,SEARCH_Y
31.5298,1.5858,0.2538,-0.5301,0.01810,0.32056,0.02633,0.00,3.00,0.00,81.3,192.66,636.87,256.74,SEARCH_Y
31.5399,1.5358,-0.2261,-0.3301,0.00410,0.31356,0.02133,0.00,3.00,0.00,81.3,192.69,636.87,256.74,SEARCH_Y
31.5500,1.7858,-0.0061,0.0398,0.03410,0.32956,0.02133,0.00,3.00,0.00,81.4,192.72,636.87,256.74,SEARCH_Y
31.5602,1.7158,-0.1661,-0.2201,0.03010,0.33256,0.02433,0.00,3.00,0.00,81.4,192.75,636.87,256.74,SEARCH_Y
31.5703,1.8658,-0.2861,-0.0401,0.05610,0.33756,0.02433,0.00,3.00,0.00,81.4,192.78,636.87,256.74,SEARCH_Y
31.5804,1.5458,-0.1861,-0.2001,0.01610,0.31856,0.02333,0.00,3.00,0.00,81.4,192.81,636.87,256.74,SEARCH_Y
31.5905,1.7658,-0.5961,0.5498,0.05010,0.35556,0.01933,0.00,3.00,0.00,81.5,192.84,636.87,256.74,SEARCH_Y
31.6006,1.8658,-0.2061,-0.1501,0.06410,0.32756,0.02433,0.00,3.00,0.00,81.5,192.87,636.87,256.74,SEARCH_Y
31.6107,1.7658,-0.2161,-0.2901,0.05510,0.33456,0.02333,0.00,3.00,0.00,81.5,192.90,636.87,256.74,SEARCH_Y
31.6209,1.8158,-0.5261,0.0798,0.05710,0.32656,0.01933,0.00,3.00,0.00,81.5,192.93,636.87,256.74,SEARCH_Y
31.6310,1.7958,-0.4661,0.3598,0.04710,0.33556,0.02133,0.00,3.00,0.00,81.6,192.96,636.88,256.74,SEARCH_Y
31.6411,1.5458,0.0438,0.1298,0.03110,0.34156,0.02333,0.00,3.00,0.00,81.6,192.99,636.88,256.74,SEARCH_Y
31.6512,1.8258,-0.5561,0.2398,0.02410,0.32956,0.01733,0.00,3.00,0.00,81.6,193.02,636.88,256.74,SEARCH_Y
31.6613,1.8458,-0.0561,-0.1901,0.03410,0.31856,0.02133,0.00,3.00,0.00,81.6,193.06,636.88,256.74,SEARCH_Y
31.6714,1.8358,-0.2461,0.2398,0.02910,0.32956,0.01933,0.00,3.00,0.00,81.7,193.08,636.88,256.74,SEARCH_Y
31.6815,1.6558,-0.1361,0.0698,0.04710,0.33256,0.02533,0.00,3.00,0.00,81.7,193.12,636.88,256.74,SEARCH_Y
31.6916,1.7758,-0.0861,0.1698,0.04610,0.33256,0.02233,0.00,3.00,0.00,81.7,193.14,636.88,256.74,SEARCH_Y
31.7017,1.7858,-0.4461,0.2198,0.04210,0.33056,0.02333,0.00,3.00,0.00,81.7,193.18,636.88,256.74,SEARCH_Y
31.7118,1.9158,0.0038,-0.5301,0.05210,0.32556,0.02333,0.00,3.00,0.00,81.8,193.21,636.88,256.74,SEARCH_Y
31.7219,1.5758,-0.1461,-0.0601,0.03210,0.32956,0.02233,0.00,3.00,0.00,81.8,193.24,636.88,256.74,SEARCH_Y
31.7320,1.6758,-0.1261,-0.1801,0.03210,0.32656,0.02233,0.00,3.00,0.00,81.8,193.27,636.88,256.74,SEARCH_Y
31.7421,1.8558,-0.2461,-0.3301,0.06410,0.32956,0.02333,0.00,3.00,0.00,81.8,193.30,636.88,256.74,SEARCH_Y
31.7523,1.6758,-0.4061,0.0398,0.04710,0.34056,0.01833,0.00,3.00,0.00,81.9,193.33,636.88,256.74,SEARCH_Y
31.7624,1.6758,-0.4961,-0.0401,0.05510,0.32256,0.02633,0.00,3.00,0.00,81.9,193.36,636.89,256.74,SEARCH_Y
31.7725,1.7158,-0.6361,0.0198,0.05110,0.32356,0.01833,0.00,3.00,0.00,81.9,193.39,636.89,256.74,SEARCH_Y
31.7826,1.8758,-0.1261,-0.2901,0.04510,0.31956,0.02333,0.00,3.00,0.00,81.9,193.42,636.89,256.74,SEARCH_Y
31.7927,1.5158,-0.3761,0.1298,0.02410,0.33556,0.02833,0.00,3.00,0.00,82.0,193.45,636.89,256.74,SEARCH_Y
31.8028,1.7758,-0.3661,0.1498,0.05110,0.32656,0.01933,0.00,3.00,0.00,82.0,193.48,636.89,256.74,SEARCH_Y
31.8129,1.8458,-0.0961,-0.0701,0.04210,0.33456,0.01833,0.00,3.00,0.00,82.0,193.51,636.89,256.74,SEARCH_Y
31.8230,1.8458,-0.2361,-0.0501,0.02110,0.31456,0.02333,0.00,3.00,0.00,82.0,193.54,636.89,256.74,SEARCH_Y
31.8331,1.7958,-0.2261,0.2798,0.04210,0.33456,0.02133,0.00,3.00,0.00,82.1,193.57,636.89,256.74,SEARCH_Y
31.8433,1.7758,-0.2661,0.0898,0.04110,0.33256,0.02033,0.00,3.00,0.00,82.1,193.60,636.89,256.74,SEARCH_Y
31.8534,1.7258,0.1638,0.0998,0.03310,0.32456,0.02733,0.00,3.00,0.00,82.1,193.63,636.89,256.74,SEARCH_Y
31.8635,1.6558,-0.1861,-0.1201,0.03510,0.32856,0.02733,0.00,3.00,0.00,82.1,193.66,636.89,256.74,SEARCH_Y
31.8737,1.5058,-0.3261,-0.0001,0.03910,0.33556,0.02233,0.00,3.00,0.00,82.2,193.70,636.89,256.74,SEARCH_Y
31.8838,1.7358,-0.2361,-0.0001,0.02410,0.32356,0.02633,0.00,3.00,0.00,82.2,193.72,636.90,256.74,SEARCH_Y
31.8939,1.7958,0.0138,-0.4001,0.04010,0.32656,0.02533,0.00,3.00,0.00,82.2,193.76,636.90,256.74,SEARCH_Y
31.9040,1.6258,-0.3961,-0.0101,0.03410,0.32656,0.02233,0.00,3.00,0.00,82.2,193.78,636.90,256.74,SEARCH_Y
31.9141,1.6758,-0.4361,0.1298,0.06110,0.33556,0.02633,0.00,3.00,0.00,82.3,193.82,636.90,256.74,SEARCH_Y
31.9242,1.6858,-0.4961,0.0198,0.04310,0.32456,0.02133,0.00,3.00,0.00,82.3,193.84,636.90,256.74,SEARCH_Y
31.9343,1.6558,-0.1561,-0.0701,0.04210,0.32656,0.02733,0.00,3.00,0.00,82.3,193.88,636.90,256.74,SEARCH_Y
31.9445,1.6958,-0.1961,0.0298,0.04110,0.32256,0.02833,0.00,3.00,0.00,82.3,193.90,636.90,256.74,SEARCH_Y
31.9546,1.7758,-0.0161,0.1098,0.04710,0.32956,0.01933,0.00,3.00,0.00,82.4,193.94,636.90,256.74,SEARCH_Y
31.9647,1.7258,-0.2061,-0.1701,0.02810,0.31956,0.02833,0.00,3.00,0.00,82.4,193.96,636.90,256.74,SEARCH_Y
31.9748,1.8158,-0.1161,0.0798,0.03910,0.31956,0.02433,0.00,3.00,0.00,82.4,194.00,636.90,256.74,SEARCH_Y
31.9850,1.8758,-0.4361,0.0298,0.05710,0.32156,0.01833,0.00,3.00,0.00,82.4,194.02,636.90,256.74,SEARCH_Y
31.9951,1.6558,-0.4161,-0.2501,0.04110,0.31756,0.02533,0.00,3.00,0.00,82.5,194.06,636.90,256.74,SEARCH_Y
32.0052,1.6558,-0.3161,0.1098,0.03810,0.32356,0.02833,0.00,3.00,0.00,82.5,194.09,636.91,256.74,SEARCH_Y
32.0152,1.7658,-0.2861,-0.1501,0.04810,0.32756,0.01733,0.00,3.00,0.00,82.5,194.12,636.91,256.75,SEARCH_Y
32.0254,1.8858,-0.3061,-0.1601,0.05110,0.32256,0.02333,0.00,3.00,0.00,82.5,194.15,636.91,256.75,SEARCH_Y
32.0355,1.6558,-0.5961,-0.1401,0.05210,0.32956,0.02333,0.00,3.00,0.00,82.6,194.18,636.91,256.75,SEARCH_Y
32.0456,1.7158,-0.3361,-0.2001,0.04510,0.32656,0.02433,0.00,3.00,0.00,82.6,194.22,636.91,256.75,SEARCH_Y
32.0557,1.7458,-0.6861,0.1498,0.06410,0.33156,0.02333,0.00,3.00,0.00,82.6,194.24,636.91,256.75,SEARCH_Y
32.0659,1.4858,-0.3261,0.1498,0.03310,0.32056,0.02333,0.00,3.00,0.00,82.6,194.28,636.91,256.75,SEARCH_Y
32.0760,1.7658,-0.7361,0.6498,0.06210,0.33256,0.01933,0.00,3.00,0.00,82.7,194.30,636.91,256.75,SEARCH_Y
32.0861,1.7058,-0.3761,0.2098,0.04610,0.32856,0.02333,0.00,3.00,0.00,82.7,194.34,636.91,256.75,SEARCH_Y
32.0963,1.7558,-0.1561,-0.0701,0.05010,0.32256,0.02333,0.00,3.00,0.00,82.7,194.36,636.91,256.75,SEARCH_Y
32.1064,1.6458,-0.3861,0.0098,0.04210,0.32556,0.02133,0.00,3.00,0.00,82.7,194.40,636.91,256.75,SEARCH_Y
32.1165,1.7958,-0.1761,0.2498,0.02310,0.31856,0.02333,0.00,3.00,0.00,82.8,194.42,636.91,256.75,SEARCH_Y
32.1266,1.6558,-0.1261,0.0698,0.02710,0.31856,0.02633,0.00,3.00,0.00,82.8,194.46,636.92,256.75,SEARCH_Y
32.1367,1.5658,-0.3161,-0.0201,0.03510,0.31456,0.02433,0.00,3.00,0.00,82.8,194.48,636.92,256.75,SEARCH_Y
32.1468,1.6358,-0.3661,0.1998,0.04510,0.32356,0.02033,0.00,3.00,0.00,82.8,194.52,636.92,256.75,SEARCH_Y
32.1570,1.7258,-0.2361,-0.2001,0.05310,0.32656,0.02433,0.00,3.00,0.00,82.9,194.54,636.92,256.75,SEARCH_Y
32.1671,1.9058,-0.5461,0.2098,0.05610,0.32556,0.02133,0.00,3.00,0.00,82.9,194.58,636.92,256.75,SEARCH_Y
32.1772,1.5858,-0.3261,-0.1301,0.04810,0.32456,0.02333,0.00,3.00,0.00,82.9,194.60,636.92,256.75,SEARCH_Y
32.1873,1.6858,-0.1761,-0.4701,0.05310,0.31756,0.03033,0.00,3.00,0.00,82.9,194.64,636.92,256.75,SEARCH_Y
32.1974,1.6858,-0.5061,0.1598,0.03810,0.32256,0.02233,0.00,3.00,0.00,83.0,194.68,636.92,256.75,SEARCH_Y
32.2075,1.6058,-0.3561,0.1198,0.04210,0.32256,0.02233,0.00,3.00,0.00,83.0,194.70,636.92,256.75,SEARCH_Y
32.2176,1.7258,-0.5061,0.3198,0.06010,0.32956,0.02233,0.00,3.00,0.00,83.0,194.74,636.92,256.75,SEARCH_Y
32.2277,1.6958,-0.3061,-0.0701,0.03910,0.31256,0.02133,0.00,3.00,0.00,83.0,194.76,636.92,256.75,SEARCH_Y
32.2378,1.8358,-0.1961,-0.2001,0.04810,0.31456,0.02333,0.00,3.00,0.00,83.1,194.80,636.92,256.75,SEARCH_Y
32.2479,1.7958,-0.3661,0.3698,0.04710,0.31656,0.02433,0.00,3.00,0.00,83.1,194.82,636.92,256.75,SEARCH_Y
32.2580,1.5358,-0.3361,0.1198,0.03810,0.31556,0.02433,0.00,3.00,0.00,83.1,194.86,636.93,256.75,SEARCH_Y
32.2682,1.5858,-0.1361,-0.0101,0.01310,0.31356,0.02533,0.00,3.00,0.00,83.1,194.88,636.93,256.75,SEARCH_Y
32.2783,1.6358,0.1038,-0.3101,0.03110,0.31556,0.02933,0.00,3.00,0.00,83.2,194.92,636.93,256.75,SEARCH_Y
32.2884,1.6258,-0.2061,-0.1001,0.04810,0.32256,0.02633,0.00,3.00,0.00,83.2,194.94,636.93,256.75,SEARCH_Y
32.2985,1.5858,-0.3161,-0.0401,0.03210,0.31656,0.02633,0.00,3.00,0.00,83.2,194.98,636.93,256.75,SEARCH_Y
32.3086,1.6658,-0.2561,0.2798,0.05710,0.33456,0.02633,0.00,3.00,0.00,83.2,195.00,636.93,256.75,SEARCH_Y
32.3187,1.7158,-0.2561,-0.3801,0.06010,0.32356,0.02233,0.00,3.00,0.00,83.3,195.04,636.93,256.75,SEARCH_Y
32.3289,1.6158,-0.4661,0.0098,0.04310,0.33156,0.02533,0.00,3.00,0.00,83.3,195.06,636.93,256.75,SEARCH_Y
32.3390,1.6558,-0.0061,-0.3801,0.04110,0.32256,0.02933,0.00,3.00,0.00,83.3,195.10,636.93,256.75,SEARCH_Y
32.3491,1.6458,-0.3761,-0.2801,0.04510,0.31556,0.02433,0.00,3.00,0.00,83.3,195.12,636.93,256.75,SEARCH_Y
32.3592,1.8858,-0.3161,-0.4501,0.07410,0.31656,0.02833,0.00,3.00,0.00,83.4,195.16,636.93,256.75,SEARCH_Y
32.3693,1.7658,-0.5361,-0.0601,0.04710,0.31756,0.02333,0.00,3.00,0.00,83.4,195.18,636.93,256.75,SEARCH_Y
32.3794,1.8358,-0.5161,0.1998,0.04110,0.32756,0.01833,0.00,3.00,0.00,83.4,195.22,636.94,256.75,SEARCH_Y
32.3895,1.6058,-0.1161,0.0198,0.03510,0.31856,0.02633,0.00,3.00,0.00,83.5,195.25,636.94,256.75,SEARCH_Y
32.3996,1.7958,-0.6061,0.4098,0.05710,0.32756,0.01933,0.00,3.00,0.00,83.5,195.28,636.94,256.75,SEARCH_Y
32.4097,1.7158,-0.0861,-0.2801,0.03710,0.30956,0.02333,0.00,3.00,0.00,83.5,195.31,636.94,256.75,SEARCH_Y
32.4198,1.8258,-0.2561,0.1998,0.02610,0.31156,0.02633,0.00,3.00,0.00,83.5,195.34,636.94,256.75,SEARCH_Y
32.4299,1.7258,0.0938,-0.2501,0.02010,0.30456,0.02533,0.00,3.00,0.00,83.6,195.38,636.94,256.75,SEARCH_Y
32.4400,1.6458,0.0338,-0.0501,0.02610,0.30856,0.02733,0.00,3.00,0.00,83.6,195.40,636.94,256.75,SEARCH_Y
32.4502,1.6758,0.1338,-0.5601,0.04510,0.31256,0.03033,0.00,3.00,0.00,83.6,195.44,636.94,256.75,SEARCH_Y
32.4603,1.7258,-0.5561,0.1398,0.04610,0.32856,0.02233,0.00,3.00,0.00,83.6,195.46,636.94,256.75,SEARCH_Y
32.4704,1.6258,-0.0261,-0.6501,0.05010,0.31756,0.02633,0.00,3.00,0.00,83.7,195.50,636.94,256.75,SEARCH_Y
32.4805,1.9158,-0.2161,-0.3501,0.05810,0.32056,0.02633,0.00,3.00,0.00,83.7,195.52,636.94,256.75,SEARCH_Y
32.4906,1.7658,-0.6461,0.4298,0.06110,0.32756,0.02433,0.00,3.00,0.00,83.7,195.56,636.94,256.75,SEARCH_Y
32.5007,1.7958,-0.5561,0.0198,0.04010,0.31656,0.02433,0.00,3.00,0.00,83.7,195.58,636.95,256.75,SEARCH_Y
32.5108,1.6458,-0.5961,-0.0901,0.05610,0.31756,0.02833,0.00,3.00,0.00,83.8,195.62,636.95,256.75,SEARCH_Y
32.5209,1.8358,-0.6261,0.1498,0.06110,0.31556,0.02333,0.00,3.00,0.00,83.8,195.64,636.95,256.75,SEARCH_Y
32.5311,1.6858,-0.5761,-0.0401,0.05310,0.32356,0.02133,0.00,3.00,0.00,83.8,195.68,636.95,256.75,SEARCH_Y
32.5412,1.6158,-0.5161,0.3698,0.06010,0.33356,0.02433,0.00,3.00,0.00,83.8,195.70,636.95,256.75,SEARCH_Y
32.5513,1.8758,-0.5761,0.2398,0.04610,0.31256,0.02233,0.00,3.00,0.00,83.9,195.74,636.95,256.75,SEARCH_Y
32.5614,1.6658,-0.0961,-0.1601,0.04910,0.32156,0.02633,0.00,3.00,0.00,83.9,195.76,636.95,256.75,SEARCH_Y
32.5715,1.7358,-0.0861,-0.0101,0.02810,0.31856,0.02133,0.00,3.00,0.00,83.9,195.80,636.95,256.75,SEARCH_Y
32.5816,1.8058,-0.2961,-0.0001,0.02610,0.31556,0.02333,0.00,3.00,0.00,83.9,195.83,636.95,256.75,SEARCH_Y
32.5917,1.7258,-0.4861,0.1498,0.04810,0.31756,0.02633,0.00,3.00,0.00,84.0,195.86,636.95,256.75,SEARCH_Y
32.6018,1.5258,-0.4761,0.2298,0.04810,0.32656,0.02033,0.00,3.00,0.00,84.0,195.89,636.95,256.75,SEARCH_Y
32.6119,1.6758,-0.3261,0.3798,0.05310,0.32656,0.02833,0.00,3.00,0.00,84.0,195.92,636.95,256.75,SEARCH_Y
32.6221,1.6558,-0.0561,-0.2101,0.03510,0.30956,0.02833,0.00,3.00,0.00,84.0,195.95,636.96,256.75,SEARCH_Y
32.6322,1.7858,-0.1261,-0.4601,0.05310,0.31856,0.02733,0.00,3.00,0.00,84.1,195.98,636.96,256.75,SEARCH_Y
32.6423,1.5558,-0.3161,0.0698,0.03410,0.32356,0.02733,0.00,3.00,0.00,84.1,196.01,636.96,256.75,SEARCH_Y
32.6524,1.6358,-0.3861,0.0998,0.05310,0.32456,0.02533,0.00,3.00,0.00,84.1,196.04,636.96,256.75,SEARCH_Y
32.6625,1.7258,-0.2461,-0.1401,0.05910,0.32856,0.02633,0.00,3.00,0.00,84.1,196.07,636.96,256.75,SEARCH_Y
32.6726,1.6058,-0.7161,0.0098,0.05610,0.31856,0.02633,0.00,3.00,0.00,84.2,196.10,636.96,256.75,SEARCH_Y
32.6827,1.6358,-0.7961,0.2598,0.05910,0.32556,0.01833,0.00,3.00,0.00,84.2,196.13,636.96,256.75,SEARCH_Y
32.6928,1.5658,-0.7361,0.3598,0.04610,0.32256,0.02133,0.00,3.00,0.00,84.2,196.16,636.96,256.76,SEARCH_Y
32.7029,1.4958,-0.2461,0.0998,0.02610,0.30756,0.02933,0.00,3.00,0.00,84.2,196.20,636.96,256.76,SEARCH_Y
32.7131,1.6958,-0.5261,0.1098,0.02210,0.31256,0.02333,0.00,3.00,0.00,84.3,196.22,636.96,256.76,SEARCH_Y
32.7232,1.6558,-0.1061,-0.1001,0.02310,0.30956,0.02333,0.00,3.00,0.00,84.3,196.26,636.96,256.76,SEARCH_Y
32.7333,1.5658,-0.0961,0.0698,0.02810,0.30156,0.03133,0.00,3.00,0.00,84.3,196.28,636.96,256.76,SEARCH_Y
32.7434,1.7158,-0.2061,0.0498,0.03710,0.30256,0.02533,0.00,3.00,0.00,84.3,196.32,636.96,256.76,SEARCH_Y
32.7535,1.6458,-0.4061,0.0598,0.05010,0.32656,0.02433,0.00,3.00,0.00,84.4,196.35,636.97,256.76,SEARCH_Y
32.7637,1.5658,-0.3261,0.2798,0.03610,0.32356,0.02533,0.00,3.00,0.00,84.4,196.38,636.97,256.76,SEARCH_Y
32.7737,1.7358,-0.2561,-0.0201,0.05310,0.30956,0.02533,0.00,3.00,0.00,84.4,196.41,636.97,256.76,SEARCH_Y
32.7839,1.6758,-0.3461,-0.0801,0.04510,0.31056,0.02433,0.00,3.00,0.00,84.4,196.44,636.97,256.76,SEARCH_Y
32.7940,1.6658,-0.2261,-0.1701,0.04210,0.31256,0.02833,0.00,3.00,0.00,84.5,196.47,636.97,256.76,SEARCH_Y
32.8041,1.8158,-0.6461,0.2198,0.06510,0.32556,0.02533,0.00,3.00,0.00,84.5,196.50,636.97,256.76,SEARCH_Y
32.8142,1.7858,-0.5361,-0.0201,0.05910,0.31756,0.02733,0.00,3.00,0.00,84.5,196.53,636.97,256.76,SEARCH_Y
32.8244,1.5958,-0.4661,-0.2101,0.04610,0.30856,0.03133,0.00,3.00,0.00,84.5,196.56,636.97,256.76,SEARCH_Y
32.8345,1.8058,-0.6661,0.1598,0.05910,0.31956,0.02033,0.00,3.00,0.00,84.6,196.59,636.97,256.76,SEARCH_Y
32.8447,1.5758,-0.1961,-0.1101,0.02810,0.30956,0.02633,0.00,3.00,0.00,84.6,196.62,636.97,256.76,SEARCH_Y
32.8548,1.6258,-0.3861,-0.0201,0.03910,0.30656,0.02733,0.00,3.00,0.00,84.6,196.65,636.97,256.76,SEARCH_Y
32.8649,1.8358,-0.5161,0.0398,0.04810,0.32056,0.02033,0.00,3.00,0.00,84.6,196.68,636.97,256.76,SEARCH_Y
32.8751,1.7858,0.1338,-0.1101,0.02710,0.31256,0.02533,0.00,3.00,0.00,84.7,196.71,636.98,256.76,SEARCH_Y
32.8852,1.5358,0.0838,0.0698,0.01510,0.30156,0.02833,0.00,3.00,0.00,84.7,196.74,636.98,256.76,SEARCH_Y
32.8953,1.6458,-0.3561,0.1098,0.04410,0.31556,0.02533,0.00,3.00,0.00,84.7,196.77,636.98,256.76,SEARCH_Y
32.9054,1.6758,-0.5261,0.4598,0.04010,0.31756,0.02533,0.00,3.00,0.00,84.8,196.81,636.98,256.76,SEARCH_Y
32.9156,1.6858,-0.0261,-0.0801,0.04710,0.31356,0.03033,0.00,3.00,0.00,84.8,196.83,636.98,256.76,SEARCH_Y
32.9257,1.9458,-0.5861,0.0498,0.05210,0.31356,0.02033,0.00,3.00,0.00,84.8,196.87,636.98,256.76,SEARCH_Y
32.9358,1.6358,-0.2161,-0.0901,0.04210,0.31256,0.02333,0.00,3.00,0.00,84.8,196.89,636.98,256.76,SEARCH_Y
32.9459,1.7458,-0.2761,0.0698,0.05810,0.33056,0.02733,0.00,3.00,0.00,84.9,196.93,636.98,256.76,SEARCH_Y
32.9560,1.6158,-0.1661,-0.3101,0.05810,0.32856,0.02633,0.00,3.00,0.00,84.9,196.95,636.98,256.76,SEARCH_Y
32.9662,1.5658,-0.2561,-0.0901,0.03510,0.31256,0.02933,0.00,3.00,0.00,84.9,196.99,636.98,256.76,SEARCH_Y
32.9763,1.6958,-0.3761,-0.0201,0.05910,0.32256,0.02533,0.00,3.00,0.00,84.9,197.01,636.98,256.76,SEARCH_Y
32.9864,1.7658,-0.2661,0.0698,0.05110,0.30956,0.02133,0.00,3.00,0.00,85.0,197.05,636.98,256.76,SEARCH_Y
32.9965,1.6258,-0.2961,-0.1001,0.02910,0.30456,0.02733,0.00,3.00,0.00,85.0,197.08,636.98,256.76,SEARCH_Y
33.0066,1.7358,-0.4061,-0.0301,0.04510,0.31856,0.02633,0.00,3.00,0.00,85.0,197.11,636.99,256.76,SEARCH_Y
33.0168,1.7858,-0.2161,0.0798,0.03710,0.31356,0.02333,0.00,3.00,0.00,85.0,197.14,636.99,256.76,SEARCH_Y
33.0269,1.5858,-0.3761,-0.0701,0.03010,0.30556,0.02133,0.00,3.00,0.00,85.1,197.17,636.99,256.76,SEARCH_Y
33.0370,1.5058,0.0238,-0.1801,0.00710,0.30156,0.02533,0.00,3.00,0.00,85.1,197.20,636.99,256.76,SEARCH_Y
33.0471,1.5958,-0.0461,0.1398,0.04310,0.32256,0.02933,0.00,3.00,0.00,85.1,197.23,636.99,256.76,SEARCH_Y
33.0573,1.5658,-0.3261,0.2398,0.04410,0.31456,0.02633,0.00,3.00,0.00,85.1,197.26,636.99,256.76,SEARCH_Y
33.0674,1.5458,-0.1061,-0.0001,0.02210,0.30356,0.02933,0.00,3.00,0.00,85.2,197.29,636.99,256.76,SEARCH_Y
33.0775,1.6058,-0.1161,0.0498,0.02910,0.30556,0.02933,0.00,3.00,0.00,85.2,197.32,636.99,256.76,SEARCH_Y
33.0876,1.2858,-0.6161,0.1698,0.04510,0.32556,0.02633,0.00,3.00,0.00,85.2,197.35,636.99,256.76,SEARCH_Y
33.0978,1.8058,-0.5661,-0.0301,0.04510,0.30956,0.02733,0.00,3.00,0.00,85.2,197.39,636.99,256.76,SEARCH_Y
33.1079,1.6858,-0.2461,-0.0201,0.03810,0.31656,0.02633,0.00,3.00,0.00,85.3,197.41,636.99,256.76,SEARCH_Y
33.1180,1.5958,-0.5461,0.1298,0.03010,0.31656,0.02433,0.00,3.00,0.00,85.3,197.45,636.99,256.76,SEARCH_Y
33.1281,1.5458,-0.5461,-0.0901,0.04410,0.30756,0.02733,0.00,3.00,0.00,85.3,197.47,637.00,256.76,SEARCH_Y
33.1382,1.7758,-0.7961,0.2798,0.06310,0.32656,0.02233,0.00,3.00,0.00,85.3,197.51,637.00,256.76,SEARCH_Y
33.1483,1.4258,0.0838,-0.5101,0.04210,0.31756,0.02833,0.00,3.00,0.00,85.4,197.53,637.00,256.76,SEARCH_Y
33.1585,1.7458,-0.2561,0.2398,0.04310,0.31956,0.02533,0.00,3.00,0.00,85.4,197.57,637.00,256.76,SEARCH_Y
33.1686,1.6758,-0.1461,0.2298,0.03610,0.31556,0.02733,0.00,3.00,0.00,85.4,197.59,637.00,256.76,SEARCH_Y
33.1787,1.4358,-0.6661,0.1198,0.05410,0.32256,0.02333,0.00,3.00,0.00,85.4,197.63,637.00,256.76,SEARCH_Y
33.1888,1.8258,-0.2761,0.1198,0.03610,0.30856,0.02533,0.00,3.00,0.00,85.5,197.65,637.00,256.76,SEARCH_Y
33.1989,1.7158,0.0038,-0.0601,0.03410,0.30556,0.02933,0.00,3.00,0.00,85.5,197.69,637.00,256.76,SEARCH_Y
33.2090,1.5858,0.0238,0.2098,0.02710,0.31356,0.02733,0.00,3.00,0.00,85.5,197.71,637.00,256.76,SEARCH_Y
33.2191,1.5858,-0.6261,0.3298,0.01210,0.30856,0.02133,0.00,3.00,0.00,85.5,197.75,637.00,256.76,SEARCH_Y
33.2293,1.6458,-0.3361,-0.0001,0.02410,0.30156,0.02733,0.00,3.00,0.00,85.6,197.77,637.00,256.76,SEARCH_Y
33.2394,1.7158,-0.4361,0.0898,0.03710,0.31556,0.02833,0.00,3.00,0.00,85.6,197.81,637.00,256.76,SEARCH_Y
33.2495,1.7058,-0.6261,-0.0601,0.04310,0.31256,0.02333,0.00,3.00,0.00,85.6,197.83,637.01,256.76,SEARCH_Y
33.2596,1.6658,-0.4561,-0.1901,0.04510,0.31156,0.03133,0.00,3.00,0.00,85.7,197.87,637.01,256.76,SEARCH_Y
33.2697,1.7958,-0.1461,-0.1101,0.05510,0.31556,0.02933,0.00,3.00,0.00,85.7,197.91,637.01,256.76,SEARCH_Y
33.2798,1.7358,-0.4161,-0.1701,0.05810,0.31156,0.02433,0.00,3.00,0.00,85.7,197.93,637.01,256.76,SEARCH_Y
33.2899,1.6758,-0.5661,-0.0201,0.04410,0.31756,0.02733,0.00,3.00,0.00,85.7,197.97,637.01,256.76,SEARCH_Y
33.3000,1.8558,-0.1561,-0.0401,0.03310,0.29556,0.02433,0.00,3.00,0.00,85.8,197.99,637.01,256.76,SEARCH_Y
33.3101,1.6658,-0.2161,-0.0401,0.03310,0.30556,0.02733,0.00,3.00,0.00,85.8,198.03,637.01,256.76,SEARCH_Y
33.3202,1.5258,-0.3661,0.0098,0.05110,0.31456,0.02633,0.00,3.00,0.00,85.8,198.05,637.01,256.76,SEARCH_Y
33.3304,1.4958,0.1438,-0.5301,0.00010,0.28956,0.02733,0.00,3.00,0.00,85.8,198.09,637.01,256.76,SEARCH_Y
33.3405,1.6458,-0.2261,0.1098,0.02410,0.30156,0.02833,0.00,3.00,0.00,85.9,198.11,637.01,256.76,SEARCH_Y
33.3506,1.5558,-0.2461,0.0398,0.02210,0.29956,0.02833,0.00,3.00,0.00,85.9,198.15,637.01,256.76,SEARCH_Y
33.3607,1.9158,-0.3261,0.1198,0.04510,0.30356,0.02133,0.00,3.00,0.00,85.9,198.17,637.01,256.76,SEARCH_Y
33.3708,1.5058,-0.4061,0.2198,0.01810,0.30656,0.02833,0.00,3.00,0.00,85.9,198.21,637.01,256.77,SEARCH_Y
33.3810,1.7358,-0.6861,0.1898,0.04110,0.30256,0.02833,0.00,3.00,0.00,86.0,198.23,637.02,256.77,SEARCH_Y
33.3910,1.5458,-0.3161,-0.1301,0.03410,0.30656,0.02333,0.00,3.00,0.00,86.0,198.27,637.02,256.77,SEARCH_Y
33.4013,1.6658,-0.3861,0.1298,0.05310,0.31756,0.02533,0.00,3.00,0.00,86.0,198.29,637.02,256.77,SEARCH_Y
33.4114,1.6558,-0.5461,0.1298,0.05010,0.31256,0.02833,0.00,3.00,0.00,86.0,198.33,637.02,256.77,SEARCH_Y
33.4215,1.4858,-0.2761,-0.3301,0.04510,0.31156,0.02733,0.00,3.00,0.00,86.1,198.37,637.02,256.77,SEARCH_Y
33.4317,1.5758,-0.2561,-0.2101,0.04010,0.30656,0.03033,0.00,3.00,0.00,86.1,198.39,637.02,256.77,SEARCH_Y
33.4418,1.5658,-0.0161,-0.1901,0.05110,0.31656,0.02933,0.00,3.00,0.00,86.1,198.43,637.02,256.77,SEARCH_Y
33.4519,1.8158,-0.4961,0.0498,0.04410,0.30356,0.02433,0.00,3.00,0.00,86.1,198.45,637.02,256.77,SEARCH_Y
33.4620,1.6758,-0.3561,0.0398,0.04610,0.30356,0.02733,0.00,3.00,0.00,86.2,198.49,637.02,256.77,SEARCH_Y
33.4721,1.6658,-0.4361,-0.2101,0.03110,0.30656,0.02633,0.00,3.00,0.00,86.2,198.51,637.02,256.77,SEARCH_Y
33.4823,1.9158,-0.2861,0.1098,0.04810,0.30356,0.02133,0.00,3.00,0.00,86.2,198.55,637.02,256.77,SEARCH_Y
33.4924,1.5458,0.1538,-0.2201,0.02510,0.30556,0.03133,0.00,3.00,0.00,86.2,198.57,637.02,256.77,SEARCH_Y
33.5025,1.7158,-0.2361,0.0298,0.03010,0.31056,0.02833,0.00,3.00,0.00,86.3,198.61,637.03,256.77,SEARCH_Y
33.5126,1.6658,-0.3161,0.1098,0.04610,0.31556,0.02933,0.00,3.00,0.00,86.3,198.63,637.03,256.77,SEARCH_Y
33.5227,1.5758,-0.5061,0.3098,0.03510,0.31256,0.02933,0.00,3.00,0.00,86.3,198.67,637.03,256.77,SEARCH_Y
33.5328,1.5358,-0.2261,-0.0201,0.03510,0.30556,0.02833,0.00,3.00,0.00,86.3,198.69,637.03,256.77,SEARCH_Y
33.5429,1.7358,-0.5161,0.3398,0.05910,0.31456,0.02833,0.00,3.00,0.00,86.4,198.73,637.03,256.77,SEARCH_Y
33.5530,1.5858,-0.6861,0.1998,0.03610,0.30856,0.02733,0.00,3.00,0.00,86.4,198.75,637.03,256.77,SEARCH_Y
33.5632,1.7358,-0.4161,-0.0601,0.06710,0.31456,0.02533,0.00,3.00,0.00,86.4,198.79,637.03,256.77,SEARCH_Y
33.5733,1.7158,-0.1861,-0.0401,0.05910,0.31656,0.02733,0.00,3.00,0.00,86.4,198.81,637.03,256.77,SEARCH_Y
33.5834,1.8358,-0.7461,0.2398,0.06710,0.31256,0.03033,0.00,3.00,0.00,86.5,198.85,637.03,256.77,SEARCH_Y
33.5935,1.7858,-0.5461,0.0998,0.06710,0.32256,0.02833,0.00,3.00,0.00,86.5,198.88,637.03,256.77,SEARCH_Y
33.6036,1.5058,-0.6061,0.3398,0.03410,0.31356,0.02733,0.00,3.00,0.00,86.5,198.91,637.03,256.77,SEARCH_Y
33.6137,1.9558,-0.2961,-0.0901,0.05610,0.30556,0.03133,0.00,3.00,0.00,86.6,198.94,637.03,256.77,SEARCH_Y
33.6238,1.6558,-0.1761,-0.1801,0.03710,0.30756,0.02633,0.00,3.00,0.00,86.6,198.97,637.04,256.77,SEARCH_Y
33.6339,1.7258,-0.2361,-0.1201,0.03410,0.30556,0.02633,0.00,3.00,0.00,86.6,199.00,637.04,256.77,SEARCH_Y
33.6440,1.3858,-0.3661,0.2498,0.03310,0.31756,0.02933,0.00,3.00,0.00,86.6,199.03,637.04,256.77,SEARCH_Y
33.6541,1.5158,-0.1661,0.2398,0.02210,0.30556,0.02733,0.00,3.00,0.00,86.7,199.06,637.04,256.77,SEARCH_Y
33.6643,1.6258,-0.2161,-0.0301,0.03010,0.30156,0.02233,0.00,3.00,0.00,86.7,199.09,637.04,256.77,SEARCH_Y
33.6743,1.7358,-0.0561,-0.1401,0.02610,0.30256,0.03033,0.00,3.00,0.00,86.7,199.12,637.04,256.77,SEARCH_Y
33.6845,1.6158,-0.0861,-0.2401,0.03710,0.30156,0.03133,0.00,3.00,0.00,86.7,199.15,637.04,256.77,SEARCH_Y
33.6946,1.3258,-0.4061,0.0098,0.04110,0.31756,0.02633,0.00,3.00,0.00,86.8,199.19,637.04,256.77,SEARCH_Y
33.7047,1.7258,-0.2561,-0.3501,0.04610,0.31656,0.02733,0.00,3.00,0.00,86.8,199.21,637.04,256.77,SEARCH_Y
33.7148,1.6458,-0.0861,0.0598,0.04110,0.31956,0.02933,0.00,3.00,0.00,86.8,199.25,637.04,256.77,SEARCH_Y
33.7250,1.6858,-0.3061,-0.1901,0.02810,0.31156,0.02733,0.00,3.00,0.00,86.8,199.27,637.04,256.77,SEARCH_Y
33.7351,1.4458,-0.3461,0.0698,0.04710,0.31756,0.03333,0.00,3.00,0.00,86.9,199.31,637.04,256.77,SEARCH_Y
33.7452,1.5358,-0.6261,0.1698,0.06810,0.31756,0.02433,0.00,3.00,0.00,86.9,199.33,637.04,256.77,SEARCH_Y
33.7553,1.6558,-0.2061,-0.4201,0.03610,0.28956,0.02933,0.00,3.00,0.00,86.9,199.37,637.05,256.77,SEARCH_Y
33.7654,1.7058,-0.1561,0.0798,0.04210,0.30256,0.02833,0.00,3.00,0.00,86.9,199.39,637.05,256.77,SEARCH_Y
33.7756,1.8558,-0.6061,0.2698,0.06410,0.31256,0.03033,0.00,3.00,0.00,87.0,199.43,637.05,256.77,SEARCH_Y
33.7857,1.5158,-0.2761,-0.1301,0.05010,0.29656,0.03033,0.00,3.00,0.00,87.0,199.46,637.05,256.77,SEARCH_Y
33.7958,1.7158,-0.2361,-0.1801,0.06410,0.31356,0.02733,0.00,3.00,0.00,87.0,199.49,637.05,256.77,SEARCH_Y
33.8059,1.8158,-0.0361,-0.3601,0.03810,0.29856,0.03333,0.00,3.00,0.00,87.0,199.52,637.05,256.77,SEARCH_Y
33.8160,1.7058,-0.5761,0.1998,0.04810,0.30756,0.02833,0.00,3.00,0.00,87.1,199.55,637.05,256.77,SEARCH_Y
33.8261,1.5158,-0.3061,0.0198,0.03310,0.30356,0.02433,0.00,3.00,0.00,87.1,199.58,637.05,256.77,SEARCH_Y
33.8362,1.6058,-0.3261,0.2198,0.02710,0.30156,0.02433,0.00,3.00,0.00,87.1,199.61,637.05,256.77,SEARCH_Y
33.8463,1.6658,-0.2961,0.1298,0.03010,0.30956,0.03133,0.00,3.00,0.00,87.2,199.64,637.05,256.77,SEARCH_Y
33.8565,1.6758,-0.0561,-0.0701,0.04010,0.29456,0.03233,0.00,3.00,0.00,87.2,199.67,637.05,256.77,SEARCH_Y
33.8666,1.6158,0.1238,-0.3201,0.02010,0.29556,0.03033,0.00,3.00,0.00,87.2,199.70,637.05,256.77,SEARCH_Y
33.8767,1.6258,-0.3161,0.3298,0.03910,0.31556,0.03333,0.00,3.00,0.00,87.2,199.73,637.06,256.77,SEARCH_Y
33.8868,1.5258,-0.5361,0.0398,0.04910,0.30456,0.03033,0.00,3.00,0.00,87.3,199.76,637.06,256.77,SEARCH_Y
33.8969,1.7558,-0.0161,-0.0001,0.04810,0.30156,0.03133,0.00,3.00,0.00,87.3,199.79,637.06,256.77,SEARCH_Y
33.9070,1.4758,-0.4461,0.3698,0.02910,0.31156,0.02833,0.00,3.00,0.00,87.3,199.82,637.06,256.77,SEARCH_Y
33.9171,1.5758,-0.5861,0.2398,0.03410,0.30956,0.02233,0.00,3.00,0.00,87.3,199.85,637.06,256.77,SEARCH_Y
33.9273,1.5158,-0.5361,0.0298,0.05410,0.30856,0.03133,0.00,3.00,0.00,87.4,199.88,637.06,256.77,SEARCH_Y
33.9373,1.6758,-0.0161,-0.4001,0.03410,0.29856,0.02833,0.00,3.00,0.00,87.4,199.91,637.06,256.77,SEARCH_Y
33.9474,1.4658,-0.2861,0.1298,0.03110,0.30656,0.02633,0.00,3.00,0.00,87.4,199.94,637.06,256.77,SEARCH_Y
33.9576,1.6558,-0.1861,-0.1501,0.05410,0.31256,0.03133,0.00,3.00,0.00,87.4,199.98,637.06,256.77,SEARCH_Y
33.9677,1.7558,-0.4461,-0.2701,0.04510,0.29556,0.02433,0.00,3.00,0.00,87.5,200.00,637.06,256.77,SEARCH_Y
33.9778,1.5758,-0.1061,0.0198,0.02010,0.30856,0.02933,0.00,3.00,0.00,87.5,200.04,637.06,256.77,SEARCH_Y
33.9879,1.5158,-0.4761,0.1398,0.03010,0.30856,0.02933,0.00,3.00,0.00,87.5,200.07,637.06,256.77,SEARCH_Y
33.9980,1.7758,-0.8161,0.3598,0.07110,0.31456,0.02433,0.00,3.00,0.00,87.5,200.10,637.07,256.77,SEARCH_Y
34.0081,1.6958,-0.3761,0.1298,0.05110,0.30356,0.02733,0.00,3.00,0.00,87.6,200.13,637.07,256.77,SEARCH_Y
34.0182,1.6358,-0.4061,0.0798,0.03410,0.30756,0.02833,0.00,3.00,0.00,87.6,200.16,637.07,256.77,SEARCH_Y
34.0283,1.6458,-0.5361,0.1798,0.04610,0.31156,0.02633,0.00,3.00,0.00,87.6,200.19,637.07,256.77,SEARCH_Y
34.0384,1.4658,-0.6061,-0.0401,0.04610,0.31156,0.02833,0.00,3.00,0.00,87.6,200.22,637.07,256.77,SEARCH_Y
34.0486,1.5958,-0.2361,-0.0601,0.03810,0.30956,0.02833,0.00,3.00,0.00,87.7,200.25,637.07,256.77,SEARCH_Y
34.0587,1.6458,-0.1961,-0.2001,0.02710,0.29556,0.02533,0.00,3.00,0.00,87.7,200.28,637.07,256.78,SEARCH_Y
34.0688,1.5958,-0.6061,0.1998,0.06510,0.31156,0.02833,0.00,3.00,0.00,87.7,200.31,637.07,256.78,SEARCH_Y
34.0789,1.5158,0.1138,-0.3501,0.04710,0.30256,0.02833,0.00,3.00,0.00,87.7,200.34,637.07,256.78,SEARCH_Y
34.0890,1.6658,-0.1561,-0.0701,0.03810,0.30256,0.03133,0.00,3.00,0.00,87.8,200.37,637.07,256.78,SEARCH_Y
34.0992,1.4758,-0.5661,0.2898,0.04710,0.31656,0.02933,0.00,3.00,0.00,87.8,200.40,637.07,256.78,SEARCH_Y
34.1093,1.5158,-0.3561,0.0198,0.03110,0.30556,0.02833,0.00,3.00,0.00,87.8,200.43,637.07,256.78,SEARCH_Y
34.1194,1.6658,-0.3261,0.1098,0.05110,0.31356,0.02633,0.00,3.00,0.00,87.8,200.46,637.07,256.78,SEARCH_Y
34.1295,1.5358,-0.4561,0.1998,0.03210,0.30756,0.03233,0.00,3.00,0.00,87.9,200.49,637.08,256.78,SEARCH_Y
34.1396,1.3858,-0.3861,0.0098,0.03910,0.30256,0.03433,0.00,3.00,0.00,87.9,200.52,637.08,256.78,SEARCH_Y
34.1497,1.6558,-0.1561,-0.1801,0.04810,0.29956,0.02833,0.00,3.00,0.00,87.9,200.56,637.08,256.78,SEARCH_Y
34.1598,1.4258,-0.5161,0.2998,0.04010,0.31056,0.02633,0.00,3.00,0.00,88.0,200.58,637.08,256.78,SEARCH_Y
34.1700,1.5958,-0.3361,0.3198,0.05810,0.31656,0.03433,0.00,3.00,0.00,88.0,200.62,637.08,256.78,SEARCH_Y
34.1801,1.5958,-0.6061,0.4098,0.04610,0.30556,0.03233,0.00,3.00,0.00,88.0,200.64,637.08,256.78,SEARCH_Y
34.1902,1.5858,-0.4561,-0.0301,0.03910,0.29856,0.02933,0.00,3.00,0.00,88.0,200.68,637.08,256.78,SEARCH_Y
34.2003,1.5058,-0.0761,-0.1701,0.02910,0.30556,0.03133,0.00,3.00,0.00,88.1,200.70,637.08,256.78,SEARCH_Y
34.2104,1.7158,-0.2061,0.0298,0.04110,0.30356,0.03033,0.00,3.00,0.00,88.1,200.74,637.08,256.78,SEARCH_Y
34.2205,1.5858,-0.4561,0.1498,0.04310,0.30556,0.02733,0.00,3.00,0.00,88.1,200.76,637.08,256.78,SEARCH_Y
34.2306,1.5158,-0.3161,0.1598,0.04710,0.31256,0.03233,0.00,3.00,0.00,88.1,200.80,637.08,256.78,SEARCH_Y
34.2407,1.4458,-0.3061,0.2398,0.04810,0.32056,0.03033,0.00,3.00,0.00,88.2,200.82,637.08,256.78,SEARCH_Y
34.2509,1.7558,-0.7161,0.0798,0.04610,0.31356,0.02433,0.00,3.00,0.00,88.2,200.86,637.09,256.78,SEARCH_Y
34.2610,1.6058,0.1438,-0.3901,0.03710,0.30056,0.03133,0.00,3.00,0.00,88.2,200.89,637.09,256.78,SEARCH_Y
34.2711,1.5858,-0.4661,0.3198,0.03710,0.31056,0.02633,0.00,3.00,0.00,88.2,200.92,637.09,256.78,SEARCH_Y
34.2812,1.5958,-0.3661,0.1898,0.04610,0.30856,0.03333,0.00,3.00,0.00,88.3,200.95,637.09,256.78,SEARCH_Y
34.2913,1.5458,-0.3861,0.1198,0.03310,0.29956,0.03033,0.00,3.00,0.00,88.3,200.98,637.09,256.78,SEARCH_Y
34.3014,1.5658,-0.0161,-0.1001,0.03010,0.29956,0.02933,0.00,3.00,0.00,88.3,201.01,637.09,256.78,SEARCH_Y
34.3115,1.5758,-0.1461,-0.2901,0.04610,0.30256,0.03333,0.00,3.00,0.00,88.3,201.04,637.09,256.78,SEARCH_Y
34.3216,1.8358,-0.5561,-0.0501,0.06110,0.30056,0.03033,0.00,3.00,0.00,88.4,201.07,637.09,256.78,SEARCH_Y
34.3317,1.7458,-0.1061,-0.2901,0.04810,0.29656,0.02833,0.00,3.00,0.00,88.4,201.10,637.09,256.78,SEARCH_Y
34.3418,1.6458,-0.0561,-0.0501,0.03510,0.30056,0.02833,0.00,3.00,0.00,88.4,201.14,637.09,256.78,SEARCH_Y
34.3519,1.7358,-0.4361,0.1698,0.04710,0.31556,0.03333,0.00,3.00,0.00,88.4,201.16,637.09,256.78,SEARCH_Y
34.3620,1.5958,-0.5261,0.1698,0.05210,0.31756,0.02633,0.00,3.00,0.00,88.5,201.20,637.09,256.78,SEARCH_Y
34.3721,1.5958,0.2138,-0.4001,0.02810,0.28556,0.03333,0.00,3.00,0.00,88.5,201.22,637.09,256.78,SEARCH_Y
34.3823,1.5958,-0.4161,0.0398,0.03010,0.30056,0.02933,0.00,3.00,0.00,88.5,201.26,637.10,256.78,SEARCH_Y
34.3924,1.5858,-0.1561,-0.1301,0.04810,0.31656,0.02833,0.00,3.00,0.00,88.5,201.28,637.10,256.78,SEARCH_Y
34.4025,1.7258,-0.3761,0.0698,0.03110,0.30156,0.02933,0.00,3.00,0.00,88.6,201.32,637.10,256.78,SEARCH_Y
34.4126,1.4558,-0.4261,0.3798,0.03710,0.32556,0.02633,0.00,3.00,0.00,88.6,201.34,637.10,256.78,SEARCH_Y
34.4227,1.6258,-0.2361,-0.1401,0.03210,0.30056,0.02733,0.00,3.00,0.00,88.6,201.38,637.10,256.78,SEARCH_Y
34.4329,1.7258,-0.6161,0.4598,0.04510,0.32156,0.02633,0.00,3.00,0.00,88.7,201.40,637.10,256.78,SEARCH_Y
34.4430,1.6858,-0.5761,0.1198,0.04710,0.30856,0.02833,0.00,3.00,0.00,88.7,201.44,637.10,256.78,SEARCH_Y
34.4531,1.6258,-0.0361,-0.0501,0.03810,0.29656,0.02933,0.00,3.00,0.00,88.7,201.46,637.10,256.78,SEARCH_Y
34.4632,1.6458,-0.2061,0.0798,0.05210,0.30956,0.03333,0.00,3.00,0.00,88.7,201.50,637.10,256.78,SEARCH_Y
34.4733,1.7358,-0.5161,0.2398,0.05810,0.31656,0.03233,0.00,3.00,0.00,88.8,201.52,637.10,256.78,SEARCH_Y
34.4835,1.7458,-0.5861,0.1198,0.05310,0.31056,0.03233,0.00,3.00,0.00,88.8,201.56,637.10,256.78,SEARCH_Y
34.4936,1.5358,0.0838,-0.5901,0.05410,0.30956,0.03533,0.00,3.00,0.00,88.8,201.60,637.10,256.78,SEARCH_Y
34.5037,1.5658,-0.5061,-0.3801,0.05110,0.30456,0.03233,0.00,3.00,0.00,88.8,201.62,637.11,256.78,SEARCH_Y
34.5138,1.8358,-0.5761,0.0098,0.04910,0.29956,0.02733,0.00,3.00,0.00,88.9,201.66,637.11,256.78,SEARCH_Y
34.5239,1.4858,-0.3461,-0.3001,0.03310,0.30256,0.03033,0.00,3.00,0.00,88.9,201.68,637.11,256.78,SEARCH_Y
34.5340,1.6858,-0.3461,-0.0201,0.05710,0.31856,0.02933,0.00,3.00,0.00,88.9,201.72,637.11,256.78,SEARCH_Y
34.5441,1.6158,-0.3761,0.0898,0.05310,0.32256,0.02933,0.00,3.00,0.00,88.9,201.74,637.11,256.78,SEARCH_Y
34.5542,1.5358,-0.2961,0.0998,0.03510,0.30756,0.02833,0.00,3.00,0.00,89.0,201.78,637.11,256.78,SEARCH_Y
34.5644,1.6858,-0.4961,0.1798,0.03910,0.30456,0.02833,0.00,3.00,0.00,89.0,201.80,637.11,256.78,SEARCH_Y
34.5745,1.8858,-0.4461,0.1198,0.02510,0.28856,0.02833,0.00,3.00,0.00,89.0,201.84,637.11,256.78,SEARCH_Y
34.5846,1.4458,-0.4361,0.1098,0.02410,0.30356,0.02933,0.00,3.00,0.00,89.0,201.86,637.11,256.78,SEARCH_Y
34.5947,1.5358,-0.4761,0.2298,0.01510,0.30556,0.03133,0.00,3.00,0.00,89.1,201.90,637.11,256.78,SEARCH_Y
34.6051,1.5258,-0.1661,-0.3401,0.02410,0.29856,0.03233,0.00,3.00,0.00,89.1,201.92,637.11,256.78,SEARCH_Y
34.6152,1.7458,-0.2561,0.1698,0.05710,0.31456,0.03133,0.00,3.00,0.00,89.1,201.96,637.11,256.78,SEARCH_Y
34.6253,1.5858,-0.3861,0.5198,0.04110,0.31956,0.02733,0.00,3.00,0.00,89.1,201.98,637.11,256.78,SEARCH_Y
34.6354,1.5858,-0.2461,-0.0201,0.05810,0.30856,0.03133,0.00,3.00,0.00,89.2,202.02,637.12,256.78,SEARCH_Y
34.6455,1.6858,-0.5361,0.3998,0.03910,0.30856,0.02933,0.00,3.00,0.00,89.2,202.05,637.12,256.78,SEARCH_Y
34.6556,1.7858,-0.3861,-0.0501,0.05310,0.30856,0.03133,0.00,3.00,0.00,89.2,202.08,637.12,256.78,SEARCH_Y
34.6657,1.5158,-0.6761,-0.0001,0.03910,0.31356,0.03033,0.00,3.00,0.00,89.3,202.12,637.12,256.78,SEARCH_Y
34.6759,1.5158,-0.4861,-0.2801,0.05710,0.30856,0.03233,0.00,3.00,0.00,89.3,202.14,637.12,256.78,SEARCH_Y
34.6860,1.7158,-0.5561,0.1398,0.04710,0.29556,0.02933,0.00,3.00,0.00,89.3,202.18,637.12,256.78,SEARCH_Y
34.6961,1.8058,-0.3461,0.1598,0.04110,0.30556,0.02833,0.00,3.00,0.00,89.3,202.20,637.12,256.78,SEARCH_Y
34.7062,1.6458,-0.1361,-0.1801,0.03010,0.29656,0.03433,0.00,3.00,0.00,89.4,202.24,637.12,256.78,SEARCH_Y
34.7163,1.5058,-0.5161,0.1098,0.01810,0.31056,0.02633,0.00,3.00,0.00,89.4,202.26,637.12,256.78,SEARCH_Y
34.7264,1.5258,-0.7161,0.1598,0.04110,0.31356,0.02833,0.00,3.00,0.00,89.4,202.30,637.12,256.79,SEARCH_Y
34.7365,1.6358,0.0638,-0.3501,0.02510,0.29456,0.03433,0.00,3.00,0.00,89.4,202.32,637.12,256.79,SEARCH_Y
34.7466,1.9558,-0.2161,-0.2301,0.04110,0.30056,0.03033,0.00,3.00,0.00,89.5,202.36,637.12,256.79,SEARCH_Y
34.7568,1.6958,-0.1261,0.1598,0.03010,0.30456,0.03133,0.00,3.00,0.00,89.5,202.38,637.13,256.79,SEARCH_Y
34.7669,1.6158,-0.3861,0.1698,0.02310,0.29956,0.03333,0.00,3.00,0.00,89.5,202.42,637.13,256.79,SEARCH_Y
34.7770,1.4558,-0.5261,0.0698,0.03710,0.31756,0.03033,0.00,3.00,0.00,89.5,202.44,637.13,256.79,SEARCH_Y
34.7871,1.5158,-0.1661,-0.1501,0.02410,0.30356,0.02933,0.00,3.00,0.00,89.6,202.48,637.13,256.79,SEARCH_Y
34.7972,1.5758,-0.2961,-0.3301,0.03910,0.30556,0.03133,0.00,3.00,0.00,89.6,202.50,637.13,256.79,SEARCH_Y
34.8074,1.8058,-0.4461,0.0398,0.05210,0.30956,0.03133,0.00,3.00,0.00,89.6,202.54,637.13,256.79,SEARCH_Y
34.8175,1.6558,-0.5761,0.0198,0.04510,0.31056,0.03333,0.00,3.00,0.00,89.6,202.56,637.13,256.79,SEARCH_Y
34.8276,1.6958,-0.4361,0.1198,0.05010,0.30756,0.03633,0.00,3.00,0.00,89.7,202.60,637.13,256.79,SEARCH_Y
34.8377,1.7158,-0.6561,0.1698,0.06410,0.32256,0.02733,0.00,3.00,0.00,89.7,202.63,637.13,256.79,SEARCH_Y
34.8478,1.7658,-0.4361,-0.0801,0.05410,0.31456,0.03233,0.00,3.00,0.00,89.7,202.66,637.13,256.79,SEARCH_Y
34.8579,1.5158,0.0038,-0.0601,0.02310,0.30956,0.03333,0.00,3.00,0.00,89.8,202.69,637.13,256.79,SEARCH_Y
34.8680,1.6558,-0.3261,0.3198,0.04110,0.31056,0.03133,0.00,3.00,0.00,89.8,202.72,637.13,256.79,SEARCH_Y
34.8781,1.7258,-0.1261,-0.0801,0.02310,0.29956,0.03033,0.00,3.00,0.00,89.8,202.75,637.14,256.79,SEARCH_Y
34.8883,1.6758,0.0338,-0.1801,0.03610,0.30556,0.03333,0.00,3.00,0.00,89.8,202.78,637.14,256.79,SEARCH_Y
34.8984,1.7258,-0.2661,0.1398,0.03910,0.30856,0.02933,0.00,3.00,0.00,89.9,202.81,637.14,256.79,SEARCH_Y
34.9085,1.8058,-0.4061,0.0198,0.03310,0.30356,0.03033,0.00,3.00,0.00,89.9,202.84,637.14,256.79,SEARCH_Y
34.9187,1.3758,-0.2861,0.0598,0.01010,0.30756,0.03133,0.00,3.00,0.00,89.9,202.87,637.14,256.79,SEARCH_Y
34.9288,1.6858,-0.0461,-0.2901,0.05110,0.30856,0.03533,0.00,3.00,0.00,89.9,202.90,637.14,256.79,SEARCH_Y
34.9389,1.7858,-0.5461,0.1398,0.02810,0.29756,0.02833,0.00,3.00,0.00,90.0,202.93,637.14,256.79,SEARCH_Y
34.9490,1.8058,-0.0461,-0.1901,0.04910,0.30056,0.03633,0.00,3.00,0.00,90.0,202.96,637.14,256.79,SEARCH_Y
34.9591,1.7358,-0.8861,0.1898,0.04810,0.31256,0.03033,0.00,3.00,0.00,90.0,203.00,637.14,256.79,SEARCH_Y
34.9692,1.6058,-0.6461,0.1798,0.04010,0.31756,0.03333,0.00,3.00,0.00,90.0,203.02,637.14,256.79,SEARCH_Y
34.9793,1.4858,-0.0261,-0.3101,0.04810,0.30956,0.04033,0.00,3.00,0.00,90.1,203.06,637.14,256.79,SEARCH_Y
34.9894,1.6058,-0.5961,0.3498,0.03410,0.31256,0.03033,0.00,3.00,0.00,90.1,203.08,637.14,256.79,SEARCH_Y
34.9996,1.8758,-0.3461,-0.2001,0.05510,0.31356,0.03533,0.00,3.00,0.00,90.1,203.12,637.14,256.79,SEARCH_Y
35.0096,1.7858,-0.2661,-0.0501,0.04710,0.30556,0.03433,0.00,3.00,0.00,90.2,203.15,637.15,256.79,SEARCH_Y
35.0198,1.4258,-0.4361,0.0298,0.02310,0.31456,0.03133,0.00,3.00,0.00,90.2,203.18,637.15,256.79,SEARCH_Y
35.0299,1.5658,-0.2561,0.2698,0.02910,0.32056,0.03133,0.00,3.00,0.00,90.2,203.21,637.15,256.79,SEARCH_Y
35.0400,1.7058,-0.0761,-0.2101,0.04310,0.30456,0.03633,0.00,3.00,0.00,90.2,203.24,637.15,256.79,SEARCH_Y
35.0501,1.5558,-0.1161,-0.0601,0.03210,0.30856,0.03533,0.00,3.00,0.00,90.3,203.27,637.15,256.79,SEARCH_Y
35.0602,1.7258,0.3238,-0.2901,0.03810,0.29856,0.03833,0.00,3.00,0.00,90.3,203.30,637.15,256.79,SEARCH_Y
35.0703,1.7258,-0.2561,-0.2101,0.02810,0.30856,0.03233,0.00,3.00,0.00,90.3,203.33,637.15,256.79,SEARCH_Y
35.0804,1.6258,-0.1461,0.0498,0.05210,0.31956,0.03533,0.00,3.00,0.00,90.3,203.36,637.15,256.79,SEARCH_Y
35.0906,1.6458,-0.3161,0.0198,0.04310,0.31756,0.03333,0.00,3.00,0.00,90.4,203.39,637.15,256.79,SEARCH_Y
35.1007,1.5658,-0.4361,0.1298,0.04010,0.32356,0.03333,0.00,3.00,0.00,90.4,203.42,637.15,256.79,SEARCH_Y
35.1108,1.6658,-0.3661,-0.1301,0.06110,0.32856,0.03133,0.00,3.00,0.00,90.4,203.45,637.15,256.79,SEARCH_Y
35.1209,1.7358,-0.0761,-0.2301,0.04210,0.31156,0.03433,0.00,3.00,0.00,90.4,203.48,637.15,256.79,SEARCH_Y
35.1310,1.5758,-0.2461,0.0598,0.04610,0.31256,0.03633,0.00,3.00,0.00,90.5,203.51,637.16,256.79,SEARCH_Y
35.1411,1.5758,-0.5661,0.3098,0.05610,0.31856,0.03033,0.00,3.00,0.00,90.5,203.54,637.16,256.79,SEARCH_Y
35.1512,1.7058,-0.2761,-0.0601,0.04510,0.31256,0.03233,0.00,3.00,0.00,90.5,203.57,637.16,256.79,SEARCH_Y
35.1614,1.7258,0.0638,-0.3701,0.03710,0.30756,0.03533,0.00,3.00,0.00,90.5,203.60,637.16,256.79,SEARCH_Y
35.1715,1.6258,-0.4061,-0.0601,0.03010,0.30456,0.03233,0.00,3.00,0.00,90.6,203.63,637.16,256.79,SEARCH_Y
35.1816,1.5058,-0.4061,0.0998,0.03210,0.31856,0.03333,0.00,3.00,0.00,90.6,203.67,637.16,256.79,SEARCH_Y
35.1917,1.6558,-0.2361,-0.1101,0.02510,0.30456,0.03333,0.00,3.00,0.00,90.6,203.69,637.16,256.79,SEARCH_Y
35.2018,1.5858,-0.1461,-0.0301,0.02810,0.31156,0.03233,0.00,3.00,0.00,90.6,203.73,637.16,256.79,SEARCH_Y
35.2119,1.6358,-0.4061,0.1398,0.02210,0.30856,0.03333,0.00,3.00,0.00,90.7,203.75,637.16,256.79,SEARCH_Y
35.2220,1.5558,-0.5161,0.1098,0.02110,0.31156,0.03333,0.00,3.00,0.00,90.7,203.79,637.16,256.79,SEARCH_Y
35.2321,1.7358,0.1138,-0.3601,0.02210,0.29856,0.03533,0.00,3.00,0.00,90.7,203.82,637.16,256.79,SEARCH_Y
35.2422,1.6858,-0.2761,0.0998,0.04810,0.32056,0.02933,0.00,3.00,0.00,90.8,203.85,637.16,256.79,SEARCH_Y
35.2524,1.8558,-0.1661,-0.0701,0.05310,0.32456,0.03233,0.00,3.00,0.00,90.8,203.88,637.16,256.79,SEARCH_Y
35.2625,1.6958,-0.2161,-0.1901,0.02310,0.30956,0.03733,0.00,3.00,0.00,90.8,203.91,637.17,256.79,SEARCH_Y
35.2726,1.7858,-0.2361,-0.1201,0.03810,0.31156,0.03533,0.00,3.00,0.00,90.8,203.94,637.17,256.79,SEARCH_Y
35.2827,1.4758,-0.1361,-0.1301,0.02710,0.30456,0.03633,0.00,3.00,0.00,90.9,203.97,637.17,256.79,SEARCH_Y
35.2928,1.5158,-0.3661,0.1098,0.05610,0.32156,0.03533,0.00,3.00,0.00,90.9,204.00,637.17,256.79,SEARCH_Y
35.3029,1.9858,-0.4961,0.1998,0.07010,0.31656,0.03433,0.00,3.00,0.00,90.9,204.03,637.17,256.79,SEARCH_Y
35.3130,1.6058,-0.5861,0.1098,0.04810,0.31856,0.02833,0.00,3.00,0.00,90.9,204.06,637.17,256.79,SEARCH_Y
35.3231,1.7958,-0.2661,-0.0401,0.03610,0.31556,0.03333,0.00,3.00,0.00,91.0,204.09,637.17,256.79,SEARCH_Y
35.3333,1.7158,-0.3361,0.1098,0.04310,0.31456,0.03533,0.00,3.00,0.00,91.0,204.12,637.17,256.79,SEARCH_Y
35.3434,1.7258,-0.1161,-0.3301,0.03710,0.30456,0.03233,0.00,3.00,0.00,91.0,204.15,637.17,256.79,SEARCH_Y
35.3535,1.6258,-0.3861,0.1298,0.01810,0.31456,0.03433,0.00,3.00,0.00,91.0,204.19,637.17,256.79,SEARCH_Y
35.3637,1.5258,0.1938,-0.4101,0.01810,0.29856,0.03833,0.00,3.00,0.00,91.1,204.21,637.17,256.79,SEARCH_Y
35.3738,1.8058,-0.3561,-0.1401,0.03210,0.30656,0.02733,0.00,3.00,0.00,91.1,204.25,637.17,256.79,SEARCH_Y
35.3839,1.5358,0.0438,-0.0601,0.02610,0.31656,0.03333,0.00,3.00,0.00,91.1,204.27,637.18,256.79,SEARCH_Y
35.3940,1.5858,0.0338,-0.4101,0.03010,0.30556,0.04033,0.00,3.00,0.00,91.1,204.31,637.18,256.79,SEARCH_Y
35.4041,1.6258,-0.3961,0.0598,0.02410,0.30956,0.03033,0.00,3.00,0.00,91.2,204.33,637.18,256.79,SEARCH_Y
35.4142,1.6158,-0.3261,-0.0101,0.03210,0.31156,0.03433,0.00,3.00,0.00,91.2,204.37,637.18,256.80,SEARCH_Y
35.4244,1.6358,-0.3961,-0.2401,0.04910,0.31956,0.04033,0.00,3.00,0.00,91.2,204.39,637.18,256.80,SEARCH_Y
35.4345,1.8258,-0.2661,-0.1301,0.05310,0.30856,0.03633,0.00,3.00,0.00,91.3,204.43,637.18,256.80,SEARCH_Y
35.4446,1.9758,-0.6761,0.0798,0.06410,0.31356,0.03533,0.00,3.00,0.00,91.3,204.45,637.18,256.80,SEARCH_Y
35.4547,1.6158,-0.4561,-0.0601,0.04910,0.31056,0.03233,0.00,3.00,0.00,91.3,204.49,637.18,256.80,SEARCH_Y
35.4648,1.5858,-0.3361,-0.0701,0.03010,0.30656,0.04033,0.00,3.00,0.00,91.3,204.51,637.18,256.80,SEARCH_Y
35.4749,1.5958,-0.5261,0.1998,0.03610,0.31756,0.03433,0.00,3.00,0.00,91.4,204.55,637.18,256.80,SEARCH_Y
35.4850,1.7258,-0.2261,-0.0201,0.03810,0.30156,0.03133,0.00,3.00,0.00,91.4,204.57,637.18,256.80,SEARCH_Y
35.4952,1.7158,-0.0261,-0.1601,0.03910,0.30756,0.03433,0.00,3.00,0.00,91.4,204.61,637.18,256.80,SEARCH_Y
35.5053,1.7858,-0.3361,-0.0701,0.03210,0.30156,0.03633,0.00,3.00,0.00,91.4,204.64,637.18,256.80,SEARCH_Y
35.5154,1.5458,-0.3661,0.0398,0.02510,0.31456,0.02933,0.00,3.00,0.00,91.5,204.67,637.19,256.80,SEARCH_Y
35.5255,1.7058,-0.0961,-0.1601,0.03710,0.30356,0.03133,0.00,3.00,0.00,91.5,204.70,637.19,256.80,SEARCH_Y
35.5356,1.7358,-0.4661,-0.1301,0.03810,0.31156,0.03033,0.00,3.00,0.00,91.5,204.73,637.19,256.80,SEARCH_Y
35.5457,1.6758,-0.2961,-0.0501,0.04010,0.30556,0.03333,0.00,3.00,0.00,91.5,204.77,637.19,256.80,SEARCH_Y
35.5559,1.7258,-0.3061,-0.0001,0.04010,0.30756,0.03433,0.00,3.00,0.00,91.6,204.79,637.19,256.80,SEARCH_Y
35.5660,1.6758,-0.8861,0.2198,0.05210,0.32156,0.02933,0.00,3.00,0.00,91.6,204.83,637.19,256.80,SEARCH_Y
35.5761,1.6758,-0.4061,0.0398,0.04710,0.31056,0.03733,0.00,3.00,0.00,91.6,204.85,637.19,256.80,SEARCH_Y
35.5863,1.5458,-0.4261,-0.3001,0.02610,0.30156,0.03633,0.00,3.00,0.00,91.6,204.89,637.19,256.80,SEARCH_Y
35.5964,1.4658,-0.7361,0.2098,0.03210,0.31456,0.03033,0.00,3.00,0.00,91.7,204.91,637.19,256.80,SEARCH_Y
35.6065,1.7058,-0.2561,0.0098,0.04810,0.31156,0.03433,0.00,3.00,0.00,91.7,204.95,637.19,256.80,SEARCH_Y
35.6166,1.5258,-0.6061,0.4998,0.04510,0.32656,0.03333,0.00,3.00,0.00,91.7,204.97,637.19,256.80,SEARCH_Y
35.6267,1.7758,-0.3261,0.0598,0.05010,0.31456,0.03233,0.00,3.00,0.00,91.8,205.01,637.19,256.80,SEARCH_Y
35.6368,1.5558,-0.0361,-0.0401,0.03810,0.31556,0.03533,0.00,3.00,0.00,91.8,205.03,637.20,256.80,SEARCH_Y
35.6469,1.4158,-0.3861,0.2498,0.02310,0.30356,0.03733,0.00,3.00,0.00,91.8,205.07,637.20,256.80,SEARCH_Y
35.6570,1.6958,0.0738,-0.2101,0.03010,0.29956,0.03933,0.00,3.00,0.00,91.8,205.09,637.20,256.80,SEARCH_Y
35.6672,1.7458,-0.4961,0.0798,0.02910,0.30656,0.03033,0.00,3.00,0.00,91.9,205.13,637.20,256.80,SEARCH_Y
35.6773,1.4858,-0.3161,0.1298,0.03010,0.31956,0.03633,0.00,3.00,0.00,91.9,205.15,637.20,256.80,SEARCH_Y
35.6874,1.6558,-0.1161,0.0398,0.03310,0.31156,0.03633,0.00,3.00,0.00,91.9,205.19,637.20,256.80,SEARCH_Y
35.6975,1.6458,-0.1561,0.0698,0.03310,0.31056,0.03933,0.00,3.00,0.00,91.9,205.21,637.20,256.80,SEARCH_Y
35.7076,1.5558,-0.2061,-0.3801,0.03510,0.30856,0.03833,0.00,3.00,0.00,92.0,205.25,637.20,256.80,SEARCH_Y
35.7177,1.6358,-0.4661,-0.1001,0.04210,0.30856,0.03533,0.00,3.00,0.00,92.0,205.29,637.20,256.80,SEARCH_Y
35.7278,1.7058,-0.2561,-0.0701,0.03810,0.31156,0.03433,0.00,3.00,0.00,92.0,205.31,637.20,256.80,SEARCH_Y
35.7379,1.4458,-0.1261,-0.3301,0.02710,0.29856,0.03933,0.00,3.00,0.00,92.0,205.35,637.20,256.80,SEARCH_Y
35.7481,1.7658,-0.3161,-0.1701,0.06210,0.31256,0.03333,0.00,3.00,0.00,92.1,205.37,637.20,256.80,SEARCH_Y
35.7582,1.3658,-0.1261,-0.2301,0.01810,0.30556,0.03533,0.00,3.00,0.00,92.1,205.41,637.21,256.80,SEARCH_Y
35.7683,1.5958,-0.3261,0.2398,0.03810,0.30756,0.03533,0.00,3.00,0.00,92.1,205.43,637.21,256.80,SEARCH_Y
35.7784,1.7058,-0.2861,-0.2101,0.05710,0.31356,0.03333,0.00,3.00,0.00,92.1,205.47,637.21,256.80,SEARCH_Y
35.7885,1.9058,-0.5961,0.3298,0.05210,0.31256,0.03133,0.00,3.00,0.00,92.2,205.49,637.21,256.80,SEARCH_Y
35.7986,1.6858,-0.6261,0.1498,0.03710,0.30956,0.03333,0.00,3.00,0.00,92.2,205.53,637.21,256.80,SEARCH_Y
35.8088,1.6758,-0.2461,-0.0101,0.01610,0.29956,0.03333,0.00,3.00,0.00,92.2,205.55,637.21,256.80,SEARCH_Y
35.8189,1.5158,-0.2761,0.0098,0.02610,0.30756,0.03333,0.00,3.00,0.00,92.3,205.59,637.21,256.80,SEARCH_Y
35.8290,1.7158,-0.2761,0.0998,0.03910,0.31556,0.03133,0.00,3.00,0.00,92.3,205.61,637.21,256.80,SEARCH_Y
35.8391,1.7258,-0.1861,-0.1101,0.03710,0.29256,0.03633,0.00,3.00,0.00,92.3,205.65,637.21,256.80,SEARCH_Y
35.8492,1.6958,-0.1061,-0.1701,0.02510,0.29856,0.03733,0.00,3.00,0.00,92.3,205.67,637.21,256.80,SEARCH_Y
35.8593,1.5258,-0.1561,0.0498,0.02610,0.31056,0.03433,0.00,3.00,0.00,92.4,205.71,637.21,256.80,SEARCH_Y
35.8694,1.6558,-0.0861,0.1898,0.02410,0.30856,0.03733,0.00,3.00,0.00,92.4,205.73,637.21,256.80,SEARCH_Y
35.8795,1.8158,-0.2261,0.0298,0.03410,0.31356,0.03333,0.00,3.00,0.00,92.4,205.77,637.21,256.80,SEARCH_Y
35.8896,1.7058,-0.4161,-0.1501,0.03310,0.30056,0.03333,0.00,3.00,0.00,92.4,205.80,637.22,256.80,SEARCH_Y
35.8999,1.4258,-0.1861,-0.1401,0.03210,0.31556,0.03533,0.00,3.00,0.00,92.5,205.83,637.22,256.80,SEARCH_Y
35.9100,1.5758,0.0338,-0.0901,0.04010,0.30356,0.03833,0.00,3.00,0.00,92.5,205.87,637.22,256.80,SEARCH_Y
35.9201,1.7358,-0.6261,0.0198,0.04810,0.30956,0.03333,0.00,3.00,0.00,92.5,205.89,637.22,256.80,SEARCH_Y
35.9302,1.4758,-0.1561,-0.0501,0.02010,0.30256,0.03933,0.00,3.00,0.00,92.5,205.93,637.22,256.80,SEARCH_Y
35.9404,1.7258,-0.3561,0.1698,0.03210,0.30456,0.03633,0.00,3.00,0.00,92.6,205.95,637.22,256.80,SEARCH_Y
35.9505,1.5858,-0.2261,0.1898,0.03310,0.31056,0.03333,0.00,3.00,0.00,92.6,205.99,637.22,256.80,SEARCH_Y
35.9606,1.6058,-0.0661,0.1798,0.02910,0.30956,0.03733,0.00,3.00,0.00,92.6,206.01,637.22,256.80,SEARCH_Y
35.9708,1.6958,-0.3461,0.2598,0.03910,0.30756,0.03533,0.00,3.00,0.00,92.7,206.05,637.22,256.80,SEARCH_Y
35.9809,1.6358,0.1438,-0.4101,0.01710,0.28556,0.03933,0.00,3.00,0.00,92.7,206.07,637.22,256.80,SEARCH_Y
35.9910,1.5758,-0.0461,0.1398,0.03110,0.30456,0.03833,0.00,3.00,0.00,92.7,206.11,637.22,256.80,SEARCH_Y
36.0011,1.6558,-0.0361,0.0998,0.02910,0.30056,0.03833,0.00,3.00,0.00,92.7,206.13,637.22,256.80,SEARCH_Y
36.0112,1.6158,0.1338,-0.6101,0.03710,0.30456,0.04233,0.00,3.00,0.00,92.8,206.17,637.23,256.80,SEARCH_Y
36.0213,1.6958,-0.2961,0.1098,0.02910,0.29956,0.03733,0.00,3.00,0.00,92.8,206.19,637.23,256.80,SEARCH_Y
36.0314,1.5958,-0.4861,0.1198,0.02310,0.30956,0.03533,0.00,3.00,0.00,92.8,206.23,637.23,256.80,SEARCH_Y
36.0415,1.6158,-0.4861,0.1298,0.03310,0.31056,0.03633,0.00,3.00,0.00,92.8,206.25,637.23,256.80,SEARCH_Y
36.0516,1.5758,-0.6861,-0.0101,0.06210,0.32356,0.03433,0.00,3.00,0.00,92.9,206.29,637.23,256.80,SEARCH_Y
36.0617,1.7358,-0.2561,-0.3601,0.05610,0.29856,0.03633,0.00,3.00,0.00,92.9,206.32,637.23,256.80,SEARCH_Y
36.0719,1.6858,-0.5961,0.0798,0.04610,0.31156,0.03133,0.00,3.00,0.00,92.9,206.35,637.23,256.80,SEARCH_Y
36.0820,1.5958,-0.4961,0.0998,0.04110,0.30656,0.03633,0.00,3.00,0.00,92.9,206.38,637.23,256.80,SEARCH_Y
36.0921,1.6058,-0.3161,0.3098,0.03410,0.30456,0.03733,0.00,3.00,0.00,93.0,206.41,637.23,256.81,SEARCH_Y
36.1023,1.8558,-0.0561,0.1598,0.02910,0.30556,0.03533,0.00,3.00,0.00,93.0,206.44,637.23,256.81,SEARCH_Y
36.1124,1.5358,-0.4161,0.3298,0.02610,0.31356,0.03533,0.00,3.00,0.00,93.0,206.47,637.23,256.81,SEARCH_Y
36.1225,1.4258,-0.0861,0.1598,0.03510,0.31356,0.03633,0.00,3.00,0.00,93.0,206.50,637.23,256.81,SEARCH_Y
36.1326,1.7658,-0.4261,-0.0101,0.03510,0.30756,0.03133,0.00,3.00,0.00,93.1,206.53,637.23,256.81,SEARCH_Y
36.1427,1.6658,-0.2761,-0.2401,0.04010,0.29756,0.03533,0.00,3.00,0.00,93.1,206.56,637.24,256.81,SEARCH_Y
36.1529,1.9058,-0.2861,0.1498,0.05710,0.31056,0.03633,0.00,3.00,0.00,93.1,206.59,637.24,256.81,SEARCH_Y
36.1630,1.6758,-0.5561,0.0298,0.05910,0.30556,0.03133,0.00,3.00,0.00,93.2,206.62,637.24,256.81,SEARCH_Y
36.1731,1.7358,-0.1261,-0.0101,0.03710,0.30156,0.03733,0.00,3.00,0.00,93.2,206.65,637.24,256.81,SEARCH_Y
36.1832,1.4858,-0.3661,-0.0201,0.02810,0.30556,0.03433,0.00,3.00,0.00,93.2,206.69,637.24,256.81,SEARCH_Y
36.1933,1.5958,-0.2961,-0.0701,0.04510,0.31356,0.03733,0.00,3.00,0.00,93.2,206.71,637.24,256.81,SEARCH_Y
36.2034,1.5458,0.0538,-0.1501,0.04610,0.30756,0.03933,0.00,3.00,0.00,93.3,206.75,637.24,256.81,SEARCH_Y
36.2135,1.6058,-0.2761,-0.0601,0.04710,0.30756,0.03533,0.00,3.00,0.00,93.3,206.77,637.24,256.81,SEARCH_Y
36.2236,1.6958,-0.4361,0.1898,0.04010,0.30156,0.03733,0.00,3.00,0.00,93.3,206.81,637.24,256.81,SEARCH_Y
36.2338,1.7858,-0.4761,-0.2201,0.04810,0.30056,0.03233,0.00,3.00,0.00,93.3,206.84,637.24,256.81,SEARCH_Y
36.2439,1.6958,-0.1661,0.1898,0.03610,0.30456,0.03833,0.00,3.00,0.00,93.4,206.87,637.24,256.81,SEARCH_Y
36.2541,1.6758,-0.5961,0.2398,0.03710,0.30356,0.03033,0.00,3.00,0.00,93.4,206.90,637.24,256.81,SEARCH_Y
36.2642,1.6658,0.0238,-0.4701,0.03210,0.29656,0.03633,0.00,3.00,0.00,93.4,206.93,637.25,256.81,SEARCH_Y
36.2743,1.4558,-0.2661,0.2098,0.03310,0.31856,0.03333,0.00,3.00,0.00,93.4,206.96,637.25,256.81,SEARCH_Y
36.2844,1.5958,-0.3261,0.1298,0.04510,0.30556,0.03933,0.00,3.00,0.00,93.5,206.99,637.25,256.81,SEARCH_Y
36.2945,1.6558,-0.0861,0.1398,0.02810,0.30556,0.03833,0.00,3.00,0.00,93.5,207.02,637.25,256.81,SEARCH_Y
36.3046,1.6058,-0.4261,0.2498,0.02810,0.29856,0.03333,0.00,3.00,0.00,93.5,207.05,637.25,256.81,SEARCH_Y
36.3147,1.5058,-0.3761,0.0198,0.03310,0.29856,0.04233,0.00,3.00,0.00,93.6,207.08,637.25,256.81,SEARCH_Y
36.3248,1.6258,-0.0161,-0.3101,0.02710,0.29356,0.03633,0.00,3.00,0.00,93.6,207.11,637.25,256.81,SEARCH_Y
36.3350,1.5558,-0.2661,-0.1501,0.02010,0.29856,0.03333,0.00,3.00,0.00,93.6,207.14,637.25,256.81,SEARCH_Y
36.3451,1.6258,0.0238,-0.4101,0.03510,0.29556,0.04333,0.00,3.00,0.00,93.6,207.17,637.25,256.81,SEARCH_Y
36.3552,1.6258,-0.2861,0.1798,0.04710,0.31756,0.03633,0.00,3.00,0.00,93.7,207.20,637.25,256.81,SEARCH_Y
36.3653,1.5458,-0.2961,-0.0301,0.01610,0.29756,0.03633,0.00,3.00,0.00,93.7,207.23,637.25,256.81,SEARCH_Y
36.3754,1.6858,-0.1761,-0.0301,0.05610,0.30656,0.04033,0.00,3.00,0.00,93.7,207.26,637.25,256.81,SEARCH_Y
36.3856,1.4558,-0.3061,0.1198,0.05810,0.31556,0.04033,0.00,3.00,0.00,93.7,207.30,637.26,256.81,SEARCH_Y
36.3958,1.5658,-0.2661,-0.1201,0.04110,0.30256,0.03533,0.00,3.00,0.00,93.8,207.32,637.26,256.81,SEARCH_Y
36.4059,1.5958,-0.3661,0.1398,0.04410,0.31656,0.03733,0.00,3.00,0.00,93.8,207.36,637.26,256.81,SEARCH_Y
36.4160,1.5458,-0.0461,-0.2801,0.01710,0.29656,0.03533,0.00,3.00,0.00,93.8,207.38,637.26,256.81,SEARCH_Y
36.4261,1.5558,-0.2361,-0.0801,0.02010,0.29656,0.03733,0.00,3.00,0.00,93.8,207.42,637.26,256.81,SEARCH_Y
36.4362,1.5058,-0.3961,0.2598,0.02010,0.30456,0.03633,0.00,3.00,0.00,93.9,207.44,637.26,256.81,SEARCH_Y
36.4463,1.7758,-0.0761,-0.2601,0.03410,0.29356,0.03833,0.00,3.00,0.00,93.9,207.48,637.26,256.81,SEARCH_Y
36.4564,1.7958,-0.2361,0.0498,0.03010,0.29356,0.03433,0.00,3.00,0.00,93.9,207.51,637.26,256.81,SEARCH_Y
36.4665,1.5158,-0.2061,0.0498,0.02610,0.30656,0.03733,0.00,3.00,0.00,94.0,207.54,637.26,256.81,SEARCH_Y
36.4766,1.6358,-0.0561,-0.1601,0.01710,0.28356,0.04133,0.00,3.00,0.00,94.0,207.57,637.26,256.81,SEARCH_Y
36.4867,1.7058,-0.3861,-0.0201,0.04510,0.30056,0.03633,0.00,3.00,0.00,94.0,207.60,637.26,256.81,SEARCH_Y
36.4968,1.6458,-0.2461,-0.1401,0.04610,0.30156,0.03533,0.00,3.00,0.00,94.0,207.63,637.26,256.81,SEARCH_Y
36.5069,1.5358,-0.3661,0.0998,0.04210,0.31056,0.03633,0.00,3.00,0.00,94.1,207.66,637.26,256.81,SEARCH_Y
36.5171,1.4258,-0.2061,-0.1301,0.02710,0.29356,0.03933,0.00,3.00,0.00,94.1,207.69,637.27,256.81,SEARCH_Y
36.5272,1.7558,-0.3961,0.0698,0.04610,0.30356,0.03633,0.00,3.00,0.00,94.1,207.72,637.27,256.81,SEARCH_Y
36.5373,1.6858,-0.2261,-0.2201,0.04610,0.30156,0.03933,0.00,3.00,0.00,94.1,207.75,637.27,256.81,SEARCH_Y
36.5474,1.6758,-0.7361,0.2798,0.05510,0.31756,0.03433,0.00,3.00,0.00,94.2,207.78,637.27,256.81,SEARCH_Y
36.5575,1.6858,-0.0961,0.0498,0.04110,0.30256,0.03833,0.00,3.00,0.00,94.2,207.81,637.27,256.81,SEARCH_Y
36.5677,1.7358,-0.4661,-0.0801,0.04110,0.30156,0.03633,0.00,3.00,0.00,94.2,207.84,637.27,256.81,SEARCH_Y
36.5778,1.5258,-0.4861,0.3098,0.02210,0.30656,0.03633,0.00,3.00,0.00,94.2,207.88,637.27,256.81,SEARCH_Y
36.5879,1.7258,0.0138,-0.4601,0.03210,0.28556,0.03933,0.00,3.00,0.00,94.3,207.90,637.27,256.81,SEARCH_Y
36.5980,1.5958,-0.1061,-0.1901,0.02010,0.28956,0.03933,0.00,3.00,0.00,94.3,207.94,637.27,256.81,SEARCH_Y
36.6081,1.5558,-0.1361,0.0198,0.03610,0.30556,0.03833,0.00,3.00,0.00,94.3,207.96,637.27,256.81,SEARCH_Y
36.6183,1.6058,-0.4561,0.6498,0.03410,0.30956,0.03233,0.00,3.00,0.00,94.4,208.00,637.27,256.81,SEARCH_Y
36.6284,1.8358,-0.2161,-0.0201,0.04710,0.29456,0.03633,0.00,3.00,0.00,94.4,208.02,637.27,256.81,SEARCH_Y
36.6386,1.5758,-0.4661,0.0698,0.03410,0.30156,0.03833,0.00,3.00,0.00,94.4,208.06,637.28,256.81,SEARCH_Y
36.6487,1.7558,-0.4261,-0.0901,0.04110,0.30056,0.03633,0.00,3.00,0.00,94.4,208.08,637.28,256.81,SEARCH_Y
36.6588,1.4258,-0.3761,0.0698,0.02610,0.30256,0.03533,0.00,3.00,0.00,94.5,208.12,637.28,256.81,SEARCH_Y
36.6690,1.5558,-0.3061,-0.1301,0.05310,0.30456,0.03533,0.00,3.00,0.00,94.5,208.14,637.28,256.81,SEARCH_Y
36.6790,1.6258,-0.4261,0.1298,0.04410,0.30356,0.03633,0.00,3.00,0.00,94.5,208.18,637.28,256.81,SEARCH_Y
36.6892,1.5858,-0.2861,0.0598,0.04810,0.31556,0.03533,0.00,3.00,0.00,94.5,208.20,637.28,256.81,SEARCH_Y
36.6993,1.8158,-0.4561,-0.2701,0.05110,0.29756,0.03733,0.00,3.00,0.00,94.6,208.24,637.28,256.81,SEARCH_Y
36.7094,1.7058,-0.4461,0.1698,0.04210,0.30256,0.03633,0.00,3.00,0.00,94.6,208.26,637.28,256.81,SEARCH_Y
36.7195,1.5358,-0.4961,0.2998,0.04210,0.31456,0.03633,0.00,3.00,0.00,94.6,208.30,637.28,256.81,SEARCH_Y
36.7296,1.6658,-0.2361,-0.0101,0.05010,0.29956,0.03733,0.00,3.00,0.00,94.6,208.33,637.28,256.81,SEARCH_Y
36.7397,1.8058,-0.0961,-0.0701,0.02910,0.28556,0.03933,0.00,3.00,0.00,94.7,208.36,637.28,256.81,SEARCH_Y
36.7498,1.5858,0.0238,-0.1701,0.03610,0.29956,0.03633,0.00,3.00,0.00,94.7,208.40,637.28,256.81,SEARCH_Y
36.7599,1.6658,-0.1761,-0.1501,0.02710,0.29456,0.04133,0.00,3.00,0.00,94.7,208.42,637.28,256.81,SEARCH_Y
36.7700,1.5958,0.0238,-0.1501,0.02010,0.28156,0.03733,0.00,3.00,0.00,94.8,208.46,637.29,256.82,SEARCH_Y
36.7801,1.5158,-0.1761,-0.2501,0.04610,0.30556,0.03733,0.00,3.00,0.00,94.8,208.48,637.29,256.82,SEARCH_Y
36.7902,1.4658,-0.0661,0.0298,0.03810,0.30956,0.03933,0.00,3.00,0.00,94.8,208.52,637.29,256.82,SEARCH_Y
36.8004,1.6358,-0.3961,0.1698,0.04310,0.29056,0.04033,0.00,3.00,0.00,94.8,208.54,637.29,256.82,SEARCH_Y
36.8104,1.7758,-0.3761,-0.0501,0.04110,0.29656,0.03633,0.00,3.00,0.00,94.9,208.58,637.29,256.82,SEARCH_Y
36.8205,1.5258,-0.0661,0.0098,0.03210,0.29756,0.04033,0.00,3.00,0.00,94.9,208.60,637.29,256.82,SEARCH_Y
36.8306,1.4658,-0.6461,0.3798,0.03010,0.30756,0.03633,0.00,3.00,0.00,94.9,208.64,637.29,256.82,SEARCH_Y
36.8408,1.6058,-0.4161,0.0698,0.04410,0.30456,0.03833,0.00,3.00,0.00,94.9,208.66,637.29,256.82,SEARCH_Y
36.8509,1.5358,-0.1361,-0.0301,0.03010,0.29556,0.03733,0.00,3.00,0.00,95.0,208.70,637.29,256.82,SEARCH_Y
36.8610,1.4958,-0.3061,-0.4201,0.04310,0.29756,0.03533,0.00,3.00,0.00,95.0,208.72,637.29,256.82,SEARCH_Y
36.8711,1.6458,-0.2361,-0.1601,0.03110,0.28856,0.03633,0.00,3.00,0.00,95.0,208.76,637.29,256.82,SEARCH_Y
36.8812,1.6158,-0.5261,0.3998,0.03710,0.30856,0.03733,0.00,3.00,0.00,95.0,208.78,637.29,256.82,SEARCH_Y
36.8913,1.6858,-0.1361,-0.0801,0.03310,0.29956,0.03933,0.00,3.00,0.00,95.1,208.82,637.29,256.82,SEARCH_Y
36.9015,1.4258,-0.1061,-0.0601,0.01210,0.29256,0.03833,0.00,3.00,0.00,95.1,208.86,637.30,256.82,SEARCH_Y
36.9116,1.5758,-0.1161,-0.3601,0.04410,0.30156,0.04233,0.00,3.00,0.00,95.1,208.88,637.30,256.82,SEARCH_Y
36.9217,1.7458,-0.5061,0.1298,0.05710,0.29856,0.03633,0.00,3.00,0.00,95.2,208.92,637.30,256.82,SEARCH_Y
36.9319,1.7858,-0.2661,-0.2301,0.05710,0.29456,0.03833,0.00,3.00,0.00,95.2,208.94,637.30,256.82,SEARCH_Y
36.9420,1.8058,-0.0361,-0.1101,0.04810,0.29856,0.03733,0.00,3.00,0.00,95.2,208.98,637.30,256.82,SEARCH_Y
36.9521,1.6458,-0.5561,0.0098,0.05210,0.29656,0.03733,0.00,3.00,0.00,95.2,209.00,637.30,256.82,SEARCH_Y
36.9623,1.5758,-0.1861,-0.2301,0.05310,0.29656,0.04333,0.00,3.00,0.00,95.3,209.04,637.30,256.82,SEARCH_Y
36.9724,1.5258,0.0038,-0.0301,0.02810,0.29256,0.04233,0.00,3.00,0.00,95.3,209.06,637.30,256.82,SEARCH_Y
36.9825,1.7358,-0.2261,-0.1001,0.05710,0.30356,0.03533,0.00,3.00,0.00,95.3,209.10,637.30,256.82,SEARCH_Y
36.9926,1.6458,-0.1961,-0.2301,0.03310,0.29456,0.03933,0.00,3.00,0.00,95.3,209.12,637.30,256.82,SEARCH_Y
37.0027,1.5558,-0.3861,-0.0901,0.04110,0.29856,0.04033,0.00,3.00,0.00,95.4,209.16,637.30,256.82,SEARCH_Y
37.0128,1.6058,-0.0761,0.1098,0.03410,0.29856,0.03833,0.00,3.00,0.00,95.4,209.18,637.30,256.82,SEARCH_Y
37.0229,1.5858,-0.1861,0.0498,0.02110,0.29956,0.04033,0.00,3.00,0.00,95.4,209.22,637.31,256.82,SEARCH_Y
37.0331,1.5858,-0.3261,-0.0401,0.03910,0.29456,0.03633,0.00,3.00,0.00,95.4,209.24,637.31,256.82,SEARCH_Y
37.0431,1.5758,-0.4861,0.1598,0.02910,0.29556,0.03533,0.00,3.00,0.00,95.5,209.28,637.31,256.82,SEARCH_Y
37.0533,1.4558,-0.4261,0.1198,0.02810,0.30556,0.03733,0.00,3.00,0.00,95.5,209.30,637.31,256.82,SEARCH_Y
37.0634,1.5758,-0.1161,-0.1201,0.03010,0.30256,0.03533,0.00,3.00,0.00,95.5,209.34,637.31,256.82,SEARCH_Y
37.0735,1.5658,-0.6161,0.0598,0.04210,0.29256,0.03733,0.00,3.00,0.00,95.5,209.36,637.31,256.82,SEARCH_Y
37.0836,1.4958,-0.3861,0.0698,0.04410,0.30256,0.04233,0.00,3.00,0.00,95.6,209.40,637.31,256.82,SEARCH_Y
37.0937,1.5458,-0.4061,0.0798,0.04010,0.30356,0.03533,0.00,3.00,0.00,95.6,209.43,637.31,256.82,SEARCH_Y
37.1038,1.6458,-0.2061,-0.1601,0.03710,0.28456,0.04033,0.00,3.00,0.00,95.6,209.46,637.31,256.82,SEARCH_Y
37.1139,1.6058,-0.7861,0.3898,0.03710,0.30056,0.03333,0.00,3.00,0.00,95.7,209.49,637.31,256.82,SEARCH_Y
37.1241,1.4858,-0.4761,0.2998,0.03710,0.29756,0.03533,0.00,3.00,0.00,95.7,209.52,637.31,256.82,SEARCH_Y
37.1342,1.5558,-0.2361,0.1298,0.04810,0.29556,0.03833,0.00,3.00,0.00,95.7,209.56,637.31,256.82,SEARCH_Y
37.1443,1.4858,-0.3061,0.1998,0.01810,0.28956,0.04033,0.00,3.00,0.00,95.7,209.58,637.31,256.82,SEARCH_Y
37.1545,1.7658,-0.5061,0.3098,0.05110,0.29956,0.03733,0.00,3.00,0.00,95.8,209.62,637.32,256.82,SEARCH_Y
37.1646,1.8058,-0.1461,-0.1301,0.03510,0.28156,0.03833,0.00,3.00,0.00,95.8,209.64,637.32,256.82,SEARCH_Y
37.1747,1.5158,-0.2861,0.2398,0.02210,0.30356,0.03533,0.00,3.00,0.00,95.8,209.68,637.32,256.82,SEARCH_Y
37.1848,1.5558,-0.3761,0.0498,0.01710,0.28856,0.03533,0.00,3.00,0.00,95.8,209.70,637.32,256.82,SEARCH_Y
37.1949,1.6458,-0.2961,0.1198,0.02610,0.30156,0.03633,0.00,3.00,0.00,95.9,209.74,637.32,256.82,SEARCH_Y
37.2051,1.6358,-0.0561,-0.0601,0.03610,0.29056,0.03933,0.00,3.00,0.00,95.9,209.76,637.32,256.82,SEARCH_Y
37.2152,1.4058,0.0538,-0.1801,0.02310,0.29656,0.03933,0.00,3.00,0.00,95.9,209.80,637.32,256.82,SEARCH_Y
37.2252,1.6958,-0.1061,-0.0801,0.03010,0.28356,0.03533,0.00,3.00,0.00,95.9,209.82,637.32,256.82,SEARCH_Y
37.2353,1.5558,-0.3161,-0.2701,0.05310,0.30556,0.03533,0.00,3.00,0.00,96.0,209.86,637.32,256.82,SEARCH_Y
37.2455,1.5658,-0.3261,-0.0301,0.04710,0.30256,0.03633,0.00,3.00,0.00,96.0,209.88,637.32,256.82,SEARCH_Y
37.2556,1.3858,-0.4361,-0.0001,0.04110,0.31256,0.03833,0.00,3.00,0.00,96.0,209.92,637.32,256.82,SEARCH_Y
37.2657,1.2658,-0.0061,-0.1401,0.02110,0.28956,0.04433,0.00,3.00,0.00,96.1,209.95,637.32,256.82,SEARCH_Y
37.2758,1.5658,-0.4161,0.0598,0.02910,0.29356,0.03633,0.00,3.00,0.00,96.1,209.98,637.33,256.82,SEARCH_Y
37.2859,1.3858,-0.5461,0.1898,0.02610,0.29856,0.03633,0.00,3.00,0.00,96.1,210.01,637.33,256.82,SEARCH_Y
37.2960,1.3758,-0.0961,-0.0901,0.01710,0.28756,0.04033,0.00,3.00,0.00,96.1,210.04,637.33,256.82,SEARCH_Y
37.3061,1.6358,-0.1161,-0.2801,0.02010,0.27956,0.03633,0.00,3.00,0.00,96.2,210.07,637.33,256.82,SEARCH_Y
37.3162,1.4858,-0.3661,0.2798,0.03510,0.30356,0.03633,0.00,3.00,0.00,96.2,210.10,637.33,256.82,SEARCH_Y
37.3263,1.6158,-0.1661,-0.0201,0.03510,0.29956,0.04033,0.00,3.00,0.00,96.2,210.13,637.33,256.82,SEARCH_Y
37.3365,1.5358,-0.5461,0.2098,0.03010,0.29356,0.03433,0.00,3.00,0.00,96.2,210.16,637.33,256.82,SEARCH_Y
37.3466,1.6258,-0.2761,-0.0801,0.01510,0.28356,0.04033,0.00,3.00,0.00,96.3,210.19,637.33,256.82,SEARCH_Y
37.3567,1.5058,-0.1461,-0.1801,0.01310,0.28556,0.04133,0.00,3.00,0.00,96.3,210.22,637.33,256.82,SEARCH_Y
37.3668,1.4958,0.0738,-0.2601,0.01810,0.28256,0.04233,0.00,3.00,0.00,96.3,210.25,637.33,256.82,SEARCH_Y
37.3769,1.4658,-0.4461,0.2998,0.04810,0.30456,0.04033,0.00,3.00,0.00,96.3,210.28,637.33,256.82,SEARCH_Y
37.3870,1.4358,-0.5361,0.2798,0.01410,0.29056,0.03733,0.00,3.00,0.00,96.4,210.31,637.33,256.82,SEARCH_Y
37.3971,1.3158,0.0038,-0.2501,0.01910,0.29356,0.04133,0.00,3.00,0.00,96.4,210.34,637.33,256.82,SEARCH_Y
37.4073,1.5358,-0.1861,0.0298,-0.00389,0.28256,0.04233,0.00,3.00,0.00,96.4,210.38,637.34,256.82,SEARCH_Y
37.4174,1.6958,-0.5061,-0.2901,0.04010,0.29156,0.04133,0.00,3.00,0.00,96.5,210.40,637.34,256.82,SEARCH_Y
37.4275,1.5758,-0.0761,-0.3201,0.04110,0.29656,0.03833,0.00,3.00,0.00,96.5,210.44,637.34,256.82,SEARCH_Y
37.4376,1.7058,-0.4661,-0.0801,0.03410,0.29256,0.03733,0.00,3.00,0.00,96.5,210.46,637.34,256.82,SEARCH_Y
37.4477,1.6058,-0.3661,0.1598,0.03510,0.29756,0.04333,0.00,3.00,0.00,96.5,210.50,637.34,256.83,SEARCH_Y
37.4578,1.4758,-0.1361,-0.0801,0.00610,0.28356,0.03633,0.00,3.00,0.00,96.6,210.53,637.34,256.83,SEARCH_Y
37.4680,1.3758,-0.2361,0.0998,0.02810,0.30056,0.04033,0.00,3.00,0.00,96.6,210.56,637.34,256.83,SEARCH_Y
37.4781,1.4058,-0.0461,0.1798,0.02710,0.29656,0.03833,0.00,3.00,0.00,96.6,210.59,637.34,256.83,SEARCH_Y
37.4882,1.5058,-0.4761,-0.0101,0.02910,0.29956,0.03633,0.00,3.00,0.00,96.6,210.62,637.34,256.83,SEARCH_Y
37.4982,1.4358,-0.0461,-0.0801,0.02210,0.29156,0.03933,0.00,3.00,0.00,96.7,210.65,637.34,256.83,SEARCH_Y
37.5084,1.4558,-0.2461,0.0398,0.02710,0.29356,0.03833,0.00,3.00,0.00,96.7,210.68,637.34,256.83,SEARCH_Y
37.5185,1.5858,-0.2661,-0.0501,0.03710,0.28656,0.04033,0.00,3.00,0.00,96.7,210.71,637.34,256.83,SEARCH_Y
37.5286,1.5058,0.0538,0.0398,0.02310,0.28956,0.04633,0.00,3.00,0.00,96.8,210.74,637.35,256.83,SEARCH_Y
37.5387,1.5158,-0.8061,0.4698,0.04010,0.29856,0.03133,0.00,3.00,0.00,96.8,210.77,637.35,256.83,SEARCH_Y
37.5488,1.6158,-0.2661,-0.2601,0.02910,0.28556,0.03733,0.00,3.00,0.00,96.8,210.80,637.35,256.83,SEARCH_Y
37.5589,1.7258,-0.5661,0.1098,0.04210,0.29256,0.03333,0.00,3.00,0.00,96.8,210.83,637.35,256.83,SEARCH_Y
37.5691,1.5858,-0.5661,0.1398,0.04510,0.28856,0.02933,0.00,3.00,0.00,96.9,210.86,637.35,256.83,SEARCH_Y
37.5792,1.3258,-0.3961,0.2898,0.01910,0.29856,0.03733,0.00,3.00,0.00,96.9,210.89,637.35,256.83,SEARCH_Y
37.5893,1.4958,-0.2361,-0.1301,0.02010,0.28356,0.04333,0.00,3.00,0.00,96.9,210.92,637.35,256.83,SEARCH_Y
37.5994,1.6058,-0.2961,-0.0001,0.04110,0.29256,0.03833,0.00,3.00,0.00,96.9,210.95,637.35,256.83,SEARCH_Y
37.6096,1.7358,-0.0561,-0.3001,0.04610,0.28556,0.04333,0.00,3.00,0.00,97.0,210.99,637.35,256.83,SEARCH_Y
37.6197,1.6458,-0.0061,-0.0901,0.03010,0.28956,0.04033,0.00,3.00,0.00,97.0,211.01,637.35,256.83,SEARCH_Y
37.6298,1.6758,-0.3661,-0.0401,0.05110,0.29256,0.03933,0.00,3.00,0.00,97.0,211.05,637.35,256.83,SEARCH_Y
37.6399,1.3758,-0.0661,0.0298,0.02810,0.28556,0.03933,0.00,3.00,0.00,97.0,211.07,637.35,256.83,SEARCH_Y
37.6501,1.6658,-0.0961,-0.3401,0.03510,0.27756,0.04233,0.00,3.00,0.00,97.1,211.11,637.35,256.83,SEARCH_Y
37.6602,1.3258,-0.2661,0.3398,0.02110,0.29256,0.04033,0.00,3.00,0.00,97.1,211.13,637.36,256.83,SEARCH_Y
37.6703,1.5058,-0.2561,0.2998,0.05510,0.29956,0.04033,0.00,3.00,0.00,97.1,211.17,637.36,256.83,SEARCH_Y
37.6804,1.7458,-0.4661,-0.1501,0.04410,0.28056,0.04233,0.00,3.00,0.00,97.2,211.20,637.36,256.83,SEARCH_Y
37.6905,1.6858,-0.3461,0.1998,0.03410,0.28656,0.03733,0.00,3.00,0.00,97.2,211.23,637.36,256.83,SEARCH_Y
37.7006,1.5758,-0.5561,0.3298,0.05110,0.29856,0.04233,0.00,3.00,0.00,97.2,211.26,637.36,256.83,SEARCH_Y
37.7107,1.5058,-0.1161,-0.3201,0.05610,0.29156,0.03733,0.00,3.00,0.00,97.2,211.29,637.36,256.83,SEARCH_Y
37.7209,1.3858,-0.4161,0.2198,0.01510,0.28656,0.03633,0.00,3.00,0.00,97.3,211.32,637.36,256.83,SEARCH_Y
37.7310,1.4658,0.0138,-0.3501,0.04110,0.29256,0.04233,0.00,3.00,0.00,97.3,211.35,637.36,256.83,SEARCH_Y
37.7411,1.7658,-0.4861,0.0998,0.03410,0.28556,0.03633,0.00,3.00,0.00,97.3,211.38,637.36,256.83,SEARCH_Y
37.7512,1.4658,-0.4861,0.0898,0.04610,0.29556,0.03633,0.00,3.00,0.00,97.3,211.41,637.36,256.83,SEARCH_Y
37.7613,1.5158,-0.2161,-0.0801,0.03810,0.29656,0.03933,0.00,3.00,0.00,97.4,211.44,637.36,256.83,SEARCH_Y
37.7714,1.6058,-0.3261,-0.0801,0.04910,0.29356,0.04133,0.00,3.00,0.00,97.4,211.47,637.36,256.83,SEARCH_Y
37.7815,1.5958,-0.2561,0.2798,0.04710,0.29256,0.03633,0.00,3.00,0.00,97.4,211.50,637.36,256.83,SEARCH_Y
37.7916,1.6258,-0.2261,0.1798,0.03610,0.29156,0.03633,0.00,3.00,0.00,97.5,211.53,637.37,256.83,SEARCH_Y
37.8018,1.3358,0.1438,-0.0301,0.02410,0.28356,0.04333,0.00,3.00,0.00,97.5,211.57,637.37,256.83,SEARCH_Y
37.8119,1.5658,-0.3161,-0.1201,0.06110,0.29256,0.04133,0.00,3.00,0.00,97.5,211.59,637.37,256.83,SEARCH_Y
37.8220,1.6658,-0.4261,0.0098,0.03910,0.28656,0.03733,0.00,3.00,0.00,97.5,211.63,637.37,256.83,SEARCH_Y
37.8321,1.4658,-0.2361,0.0798,0.03610,0.29056,0.04033,0.00,3.00,0.00,97.6,211.65,637.37,256.83,SEARCH_Y
37.8422,1.5658,-0.6461,0.1998,0.03110,0.28556,0.03933,0.00,3.00,0.00,97.6,211.69,637.37,256.83,SEARCH_Y
37.8523,1.5758,-0.1461,-0.2101,0.03310,0.27456,0.03933,0.00,3.00,0.00,97.6,211.71,637.37,256.83,SEARCH_Y
37.8624,1.6158,-0.3561,0.0298,0.04610,0.29556,0.04333,0.00,3.00,0.00,97.6,211.75,637.37,256.83,SEARCH_Y
37.8725,1.5758,-0.4661,0.0898,0.03510,0.28756,0.03733,0.00,3.00,0.00,97.7,211.77,637.37,256.83,SEARCH_Y
37.8826,1.4358,-0.2461,0.4498,0.02710,0.29356,0.03633,0.00,3.00,0.00,97.7,211.81,637.37,256.83,SEARCH_Y
37.8927,1.5658,-0.3861,-0.0301,0.02010,0.27456,0.03533,0.00,3.00,0.00,97.7,211.83,637.37,256.83,SEARCH_Y
37.9028,1.5358,-0.5661,0.2498,0.02610,0.28756,0.03633,0.00,3.00,0.00,97.8,211.87,637.37,256.83,SEARCH_Y
37.9130,1.6258,0.0138,-0.1801,0.03310,0.28356,0.04033,0.00,3.00,0.00,97.8,211.89,637.38,256.83,SEARCH_Y
37.9232,1.3458,-0.3761,-0.1201,0.00910,0.28456,0.03833,0.00,3.00,0.00,97.8,211.93,637.38,256.83,SEARCH_Y
37.9333,1.4558,-0.0461,-0.0601,0.02710,0.28456,0.03733,0.00,3.00,0.00,97.8,211.95,637.38,256.83,SEARCH_Y
37.9434,1.5658,-0.1761,0.0998,0.05410,0.28756,0.04033,0.00,3.00,0.00,97.9,211.99,637.38,256.83,SEARCH_Y
37.9535,1.7258,0.0338,-0.0101,0.03810,0.28856,0.03733,0.00,3.00,0.00,97.9,212.02,637.38,256.83,SEARCH_Y
37.9636,1.5858,-0.4261,0.1598,0.03510,0.28556,0.03733,0.00,3.00,0.00,97.9,212.05,637.38,256.83,SEARCH_Y
37.9738,1.5858,-0.4661,0.0598,0.04610,0.28456,0.03733,0.00,3.00,0.00,97.9,212.09,637.38,256.83,SEARCH_Y
37.9839,1.4358,-0.4261,0.0998,0.03810,0.29056,0.03633,0.00,3.00,0.00,98.0,212.11,637.38,256.83,SEARCH_Y
37.9940,1.3458,-0.4661,0.2498,0.02510,0.28356,0.04033,0.00,3.00,0.00,98.0,212.15,637.38,256.83,SEARCH_Y
38.0041,1.2558,-0.2261,0.0098,0.02110,0.29156,0.03933,0.00,3.00,0.00,98.0,212.17,637.38,256.83,SEARCH_Y
38.0142,1.4458,0.0038,-0.2201,0.03110,0.28056,0.03733,0.00,3.00,0.00,98.0,212.21,637.38,256.83,SEARCH_Y
38.0243,1.3958,-0.3661,0.1598,0.03810,0.28956,0.03833,0.00,3.00,0.00,98.1,212.23,637.38,256.83,SEARCH_Y
38.0344,1.4558,-0.5961,0.3398,0.03510,0.29556,0.03433,0.00,3.00,0.00,98.1,212.27,637.39,256.83,SEARCH_Y
38.0446,1.5758,-0.6361,0.1598,0.03610,0.28856,0.03733,0.00,3.00,0.00,98.1,212.29,637.39,256.83,SEARCH_Y
38.0546,1.7258,-0.2661,-0.1001,0.04610,0.28456,0.04033,0.00,3.00,0.00,98.2,212.33,637.39,256.83,SEARCH_Y
38.0647,1.5858,-0.1761,-0.0001,0.03910,0.28756,0.04033,0.00,3.00,0.00,98.2,212.35,637.39,256.83,SEARCH_Y
38.0749,1.4158,-0.2061,0.2098,0.02710,0.28356,0.04033,0.00,3.00,0.00,98.2,212.39,637.39,256.83,SEARCH_Y
38.0850,1.6058,-0.0861,0.0098,0.03510,0.27956,0.04233,0.00,3.00,0.00,98.2,212.41,637.39,256.83,SEARCH_Y
38.0951,1.6658,-0.1661,0.2198,0.04410,0.28756,0.04033,0.00,3.00,0.00,98.3,212.45,637.39,256.83,SEARCH_Y
38.1052,1.3958,-0.1661,0.3598,0.03610,0.29956,0.03833,0.00,3.00,0.00,98.3,212.47,637.39,256.83,SEARCH_Y
38.1154,1.5758,-0.2161,-0.1701,0.03810,0.28056,0.03833,0.00,3.00,0.00,98.3,212.51,637.39,256.84,SEARCH_Y
38.1255,1.4158,-0.3561,0.2198,0.03910,0.29056,0.03933,0.00,3.00,0.00,98.3,212.53,637.39,256.84,SEARCH_Y
38.1356,1.3358,-0.3161,0.1398,0.01410,0.27756,0.04233,0.00,3.00,0.00,98.4,212.57,637.39,256.84,SEARCH_Y
38.1457,1.3958,-0.1961,0.0198,0.02710,0.29156,0.03933,0.00,3.00,0.00,98.4,212.61,637.39,256.84,SEARCH_Y
38.1558,1.5658,-0.0961,-0.0801,0.02610,0.28456,0.04433,0.00,3.00,0.00,98.4,212.63,637.39,256.84,SEARCH_Y
38.1659,1.5758,-0.0761,-0.1701,0.03710,0.27956,0.03633,0.00,3.00,0.00,98.5,212.67,637.40,256.84,SEARCH_Y
38.1760,1.5858,-0.1961,0.2698,0.03010,0.28756,0.03733,0.00,3.00,0.00,98.5,212.69,637.40,256.84,SEARCH_Y
38.1862,1.4758,-0.2661,-0.1201,0.02410,0.28156,0.03933,0.00,3.00,0.00,98.5,212.73,637.40,256.84,SEARCH_Y
38.1963,1.5958,-0.5261,0.1598,0.03610,0.29256,0.03633,0.00,3.00,0.00,98.5,212.75,637.40,256.84,SEARCH_Y
38.2065,1.5658,-0.3461,0.1098,0.04210,0.29056,0.03833,0.00,3.00,0.00,98.6,212.79,637.40,256.84,SEARCH_Y
38.2166,1.4058,-0.1861,0.0498,0.03210,0.28756,0.04133,0.00,3.00,0.00,98.6,212.81,637.40,256.84,SEARCH_Y
38.2267,1.4958,-0.4961,0.3198,0.03210,0.28656,0.03933,0.00,3.00,0.00,98.6,212.85,637.40,256.84,SEARCH_Y
38.2368,1.5758,-0.1361,-0.1501,0.02910,0.27356,0.04133,0.00,3.00,0.00,98.6,212.87,637.40,256.84,SEARCH_Y
38.2469,1.5658,-0.3661,-0.0401,0.02410,0.26956,0.03533,0.00,3.00,0.00,98.7,212.91,637.40,256.84,SEARCH_Y
38.2571,1.4758,0.0638,-0.4601,0.02010,0.26756,0.04333,0.00,3.00,0.00,98.7,212.93,637.40,256.84,SEARCH_Y
38.2672,1.4658,-0.2061,-0.1401,0.03010,0.28356,0.04533,0.00,3.00,0.00,98.7,212.97,637.40,256.84,SEARCH_Y
38.2773,1.5158,-0.1161,-0.1801,0.05010,0.29056,0.04333,0.00,3.00,0.00,98.7,212.99,637.40,256.84,SEARCH_Y
38.2874,1.4358,-0.4061,0.2098,0.04210,0.28556,0.04333,0.00,3.00,0.00,98.8,213.03,637.40,256.84,SEARCH_Y
38.2975,1.6858,-0.2761,-0.0201,0.07210,0.29456,0.03733,0.00,3.00,0.00,98.8,213.05,637.41,256.84,SEARCH_Y
38.3077,1.3158,-0.2561,0.1198,0.02410,0.28856,0.03933,0.00,3.00,0.00,98.8,213.09,637.41,256.84,SEARCH_Y
38.3178,1.4758,-0.7361,0.1998,0.03210,0.28656,0.03433,0.00,3.00,0.00,98.9,213.12,637.41,256.84,SEARCH_Y
38.3279,1.4458,-0.2161,-0.0201,0.03010,0.28056,0.04233,0.00,3.00,0.00,98.9,213.15,637.41,256.84,SEARCH_Y
38.3380,1.3858,-0.0861,-0.0101,0.03010,0.28456,0.04233,0.00,3.00,0.00,98.9,213.18,637.41,256.84,SEARCH_Y
38.3481,1.4758,0.1338,-0.4801,0.03010,0.27756,0.04333,0.00,3.00,0.00,98.9,213.21,637.41,256.84,SEARCH_Y
38.3582,1.4558,-0.0861,0.0498,0.03510,0.28256,0.03933,0.00,3.00,0.00,99.0,213.25,637.41,256.84,SEARCH_Y
38.3684,1.4558,-0.0361,-0.1301,0.02810,0.27956,0.04133,0.00,3.00,0.00,99.0,213.27,637.41,256.84,SEARCH_Y
38.3785,1.5658,-0.1461,0.0998,0.03610,0.28856,0.03633,0.00,3.00,0.00,99.0,213.31,637.41,256.84,SEARCH_Y
38.3886,1.3658,-0.2561,0.1698,0.02710,0.28256,0.03933,0.00,3.00,0.00,99.0,213.33,637.41,256.84,SEARCH_Y
38.3987,1.5358,-0.1161,-0.4301,0.03110,0.27256,0.04433,0.00,3.00,0.00,99.1,213.37,637.41,256.84,SEARCH_Y
38.4088,1.5358,0.0438,-0.1101,0.02210,0.27256,0.04133,0.00,3.00,0.00,99.1,213.39,637.41,256.84,SEARCH_Y
38.4189,1.4758,-0.1861,0.2698,0.03110,0.29256,0.04033,0.00,3.00,0.00,99.1,213.43,637.42,256.84,SEARCH_Y
38.4290,1.5958,-0.0961,-0.2701,0.02710,0.27056,0.03933,0.00,3.00,0.00,99.1,213.45,637.42,256.84,SEARCH_Y
38.4392,1.6658,-0.5461,0.0798,0.05310,0.29456,0.03533,0.00,3.00,0.00,99.2,213.49,637.42,256.84,SEARCH_Y
38.4492,1.4358,-0.1861,-0.1401,0.02710,0.28656,0.04033,0.00,3.00,0.00,99.2,213.51,637.42,256.84,SEARCH_Y
38.4593,1.4058,-0.5161,-0.0501,0.04210,0.28356,0.03533,0.00,3.00,0.00,99.2,213.55,637.42,256.84,SEARCH_Y
38.4695,1.7658,-0.5461,0.0398,0.04310,0.28256,0.03633,0.00,3.00,0.00,99.3,213.58,637.42,256.84,SEARCH_Y
38.4796,1.4858,-0.0361,0.0198,0.03210,0.28256,0.03733,0.00,3.00,0.00,99.3,213.61,637.42,256.84,SEARCH_Y
38.4897,1.5358,-0.2861,0.3098,0.02810,0.27856,0.03833,0.00,3.00,0.00,99.3,213.64,637.42,256.84,SEARCH_Y
38.4999,1.4358,-0.1761,0.2198,0.01510,0.28156,0.03933,0.00,3.00,0.00,99.3,213.67,637.42,256.84,SEARCH_Y
38.5100,1.5358,-0.3161,0.2398,0.04010,0.27856,0.03633,0.00,3.00,0.00,99.4,213.70,637.42,256.84,SEARCH_Y
38.5201,1.4558,-0.2761,0.0098,0.03510,0.28056,0.04033,0.00,3.00,0.00,99.4,213.73,637.42,256.84,SEARCH_Y
38.5303,1.4858,0.2138,-0.1701,0.02110,0.27856,0.04133,0.00,3.00,0.00,99.4,213.76,637.42,256.84,SEARCH_Y
38.5404,1.5458,-0.1161,0.1598,0.04510,0.28856,0.03833,0.00,3.00,0.00,99.4,213.79,637.42,256.84,SEARCH_Y
38.5505,1.4558,-0.3561,0.2598,0.02710,0.27556,0.03833,0.00,3.00,0.00,99.5,213.82,637.43,256.84,SEARCH_Y
38.5606,1.4658,-0.0561,-0.1601,0.03410,0.27956,0.04033,0.00,3.00,0.00,99.5,213.85,637.43,256.84,SEARCH_Y
38.5707,1.4058,-0.4261,0.2998,0.04210,0.28956,0.04133,0.00,3.00,0.00,99.5,213.88,637.43,256.84,SEARCH_Y
38.5808,1.5758,-0.0461,-0.0801,0.02010,0.27156,0.04533,0.00,3.00,0.00,99.6,213.91,637.43,256.84,SEARCH_Y
38.5909,1.6458,0.1038,-0.1701,0.04510,0.27356,0.04133,0.00,3.00,0.00,99.6,213.94,637.43,256.84,SEARCH_Y
38.6011,1.4858,-0.3561,-0.2301,0.05010,0.28356,0.04333,0.00,3.00,0.00,99.6,213.97,637.43,256.84,SEARCH_Y
38.6112,1.5258,-0.2561,-0.0601,0.04010,0.27756,0.03933,0.00,3.00,0.00,99.6,214.00,637.43,256.84,SEARCH_Y
38.6213,1.5658,-0.0861,0.0098,0.03410,0.27456,0.03933,0.00,3.00,0.00,99.7,214.03,637.43,256.84,SEARCH_Y
38.6314,1.4858,-0.1661,-0.3201,0.03510,0.27256,0.04333,0.00,3.00,0.00,99.7,214.07,637.43,256.84,SEARCH_Y
38.6416,1.6658,-0.5461,0.0898,0.03310,0.27856,0.03333,0.00,3.00,0.00,99.7,214.09,637.43,256.84,SEARCH_Y
38.6517,1.1258,-0.2961,0.5098,0.01010,0.28156,0.04133,0.00,3.00,0.00,99.7,214.13,637.43,256.84,SEARCH_Y
38.6618,1.3858,-0.6961,0.6698,0.01410,0.28456,0.03933,0.00,3.00,0.00,99.8,214.16,637.43,256.84,SEARCH_Y
38.6719,1.5158,0.0038,0.0598,0.03310,0.27656,0.04133,0.00,3.00,0.00,99.8,214.19,637.44,256.84,SEARCH_Y
38.6821,1.4858,-0.2261,-0.1301,0.02710,0.27456,0.03633,0.00,3.00,0.00,99.8,214.22,637.44,256.84,SEARCH_Y
38.6922,1.4758,-0.1461,0.0298,0.01710,0.26956,0.04033,0.00,3.00,0.00,99.9,214.25,637.44,256.84,SEARCH_Y
38.7023,1.3358,-0.2461,0.0898,0.03110,0.28556,0.03833,0.00,3.00,0.00,99.9,214.28,637.44,256.84,SEARCH_Y
38.7124,1.4258,-0.1961,-0.0401,0.00410,0.26556,0.03933,0.00,3.00,0.00,99.9,214.31,637.44,256.84,SEARCH_Y
38.7225,1.5058,-0.4461,0.1098,0.03810,0.28556,0.04033,0.00,3.00,0.00,99.9,214.34,637.44,256.84,SEARCH_Y
38.7326,1.5158,-0.1961,-0.1201,0.05310,0.28656,0.04033,0.00,3.00,0.00,100.0,214.37,637.44,256.84,SEARCH_Y
38.7427,1.6958,-0.4761,0.0898,0.05110,0.28756,0.03533,0.00,3.00,0.00,100.0,214.40,637.44,256.84,SEARCH_Y
