time,fx,fy,fz,tx,ty,tz,vx,vy,vz,travel_mm,pos_x,pos_y,pos_z,phase
0.0000,0.0071,-0.0608,-0.1252,-0.00137,0.00285,-0.00038,-5.00,0.00,0.00,0.0,125.58,633.28,302.38,DESCEND
0.0101,-0.2428,0.2691,-0.2752,-0.02837,-0.01514,0.00161,-5.00,0.00,0.00,0.0,125.58,633.28,302.38,DESCEND
0.0202,-0.1528,0.2491,-0.2652,-0.00637,0.00485,0.00461,-5.00,0.00,0.00,0.0,125.58,633.28,302.37,DESCEND
0.0303,-0.3228,0.0491,-0.0952,-0.02737,-0.01314,0.00061,-5.00,0.00,0.00,0.0,125.58,633.28,302.36,DESCEND
0.0404,0.1771,-0.1008,-0.0952,0.00362,-0.00314,-0.00538,-5.00,0.00,0.00,0.0,125.58,633.29,302.35,DESCEND
0.0505,0.0471,0.0391,0.2547,-0.00437,0.00585,-0.00138,-5.00,0.00,0.00,0.0,125.58,633.29,302.33,DESCEND
0.0606,-0.1628,0.1791,-0.2052,-0.02037,-0.00114,-0.00238,-5.00,0.00,0.00,0.1,125.58,633.29,302.31,DESCEND
0.0707,-0.3528,-0.1408,0.0547,-0.02337,0.00285,-0.00038,-5.00,0.00,0.00,0.1,125.58,633.29,302.29,DESCEND
0.0808,-0.1928,0.2091,-0.0352,-0.02737,-0.01214,0.00461,-5.00,0.00,0.00,0.1,125.58,633.29,302.26,DESCEND
0.0910,-0.1028,-0.0108,-0.2352,-0.01437,-0.00514,0.00061,-5.00,0.00,0.00,0.1,125.58,633.29,302.23,DESCEND
0.1011,-0.2128,0.0791,-0.1952,-0.00237,0.00585,-0.00138,-5.00,0.00,0.00,0.2,125.58,633.29,302.19,DESCEND
0.1112,-0.1728,0.1491,-0.1152,-0.00037,-0.00014,0.00161,-5.00,0.00,0.00,0.2,125.58,633.29,302.16,DESCEND
0.1212,-0.1028,0.2091,-0.4252,0.00762,-0.00314,0.00261,-5.00,0.00,0.00,0.3,125.58,633.29,302.11,DESCEND
0.1313,0.0071,0.0591,0.0647,-0.00637,-0.00114,0.00161,-5.00,0.00,0.00,0.3,125.58,633.30,302.07,DESCEND
0.1414,-0.1228,0.0591,-0.0852,-0.02437,-0.00814,0.00161,-5.00,0.00,0.00,0.4,125.58,633.30,302.01,DESCEND
0.1516,0.0171,0.4291,-0.2852,-0.00937,-0.00514,0.00361,-5.00,0.00,0.00,0.4,125.58,633.30,301.97,DESCEND
0.1617,0.0971,-0.3208,0.2247,-0.00237,0.01685,-0.00438,-5.00,0.00,0.00,0.5,125.58,633.30,301.91,DESCEND
0.1718,0.0171,0.2291,-0.4552,-0.00537,0.00485,0.00161,-5.00,0.00,0.00,0.5,125.58,633.30,301.85,DESCEND
0.1819,-0.0028,-0.0208,0.0147,-0.00537,0.00785,0.00161,-5.00,0.00,0.00,0.6,125.58,633.30,301.81,DESCEND
0.1920,-0.0128,-0.1608,0.0747,-0.01037,-0.00414,-0.00138,-5.00,0.00,0.00,0.6,125.58,633.31,301.75,DESCEND
0.2021,-0.2728,0.2391,-0.2852,-0.01737,-0.00914,0.00361,-5.00,0.00,0.00,0.7,125.58,633.31,301.71,DESCEND
0.2122,-0.1128,-0.0308,-0.1352,0.00762,-0.00714,0.00461,-5.00,0.00,0.00,0.7,125.58,633.31,301.65,DESCEND
0.2223,0.0371,-0.1808,0.0847,-0.00037,-0.00914,-0.00238,-5.00,0.00,0.00,0.8,125.58,633.31,301.61,DESCEND
0.2324,-0.2128,-0.1308,0.0047,-0.01237,-0.00514,-0.00338,-5.00,0.00,0.00,0.8,125.58,633.31,301.55,DESCEND
0.2425,-0.1528,-0.1608,0.5147,0.00762,0.01185,-0.00138,-5.00,0.00,0.00,0.9,125.58,633.32,301.51,DESCEND
0.2526,-0.1228,-0.1008,-0.1652,-0.01837,0.00685,0.00061,-5.00,0.00,0.00,0.9,125.58,633.32,301.45,DESCEND
0.2627,-0.2328,0.0991,-0.0052,-0.01737,0.00285,0.00461,-5.00,0.00,0.00,1.0,125.58,633.32,301.41,DESCEND
0.2728,-0.0428,-0.2408,0.0247,-0.01037,-0.00014,0.00161,-5.00,0.00,0.00,1.0,125.58,633.32,301.35,DESCEND
0.2829,-0.1228,0.2191,-0.1052,-0.03837,-0.00814,0.00461,-5.00,0.00,0.00,1.1,125.58,633.32,301.31,DESCEND
0.2930,0.0371,0.1291,-0.1552,-0.00737,0.00485,0.00261,-5.00,0.00,0.00,1.1,125.58,633.33,301.25,DESCEND
0.3031,-0.1428,0.4591,-0.2252,-0.00937,-0.00114,0.00661,-5.00,0.00,0.00,1.2,125.58,633.33,301.21,DESCEND
0.3132,0.0271,0.1391,0.0347,0.00662,0.00485,0.00261,-5.00,0.00,0.00,1.2,125.58,633.33,301.15,DESCEND
0.3233,0.0671,-0.0808,-0.0252,-0.01037,-0.00714,-0.00038,-5.00,0.00,0.00,1.3,125.58,633.33,301.11,DESCEND
0.3334,0.0171,-0.0408,-0.0052,-0.01237,-0.01014,0.00261,-5.00,0.00,0.00,1.3,125.58,633.33,301.05,DESCEND
0.3435,-0.1028,0.1491,-0.1352,-0.00437,-0.00514,0.00061,-5.00,0.00,0.00,1.4,125.58,633.33,301.01,DESCEND
0.3536,-0.2528,0.0091,-0.1552,-0.01537,-0.01214,-0.00138,-5.00,0.00,0.00,1.4,125.58,633.34,300.95,DESCEND
0.3637,-0.0528,0.2691,-0.1752,-0.01137,-0.01514,0.00561,-5.00,0.00,0.00,1.5,125.58,633.34,300.89,DESCEND
0.3738,-0.1228,0.0491,-0.0452,-0.01637,-0.00914,0.00261,-5.00,0.00,0.00,1.5,125.58,633.34,300.85,DESCEND
0.3839,-0.4128,0.4791,-0.3252,-0.01637,0.00185,0.00261,-5.00,0.00,0.00,1.6,125.58,633.34,300.79,DESCEND
0.3940,-0.1828,-0.1908,0.0247,-0.00337,0.00285,-0.00138,-5.00,0.00,0.00,1.6,125.58,633.34,300.76,DESCEND
0.4041,-0.1028,0.2591,-0.0352,-0.00937,-0.00214,0.00261,-5.00,0.00,0.00,1.7,125.58,633.35,300.70,DESCEND
0.4142,-0.1228,0.0791,0.1647,-0.00937,0.00685,0.00061,-5.00,0.00,0.00,1.7,125.58,633.35,300.66,DESCEND
0.4243,-0.0028,0.2391,0.1947,-0.01337,0.00285,-0.00038,-5.00,0.00,0.00,1.8,125.58,633.35,300.60,DESCEND
0.4344,-0.0128,0.0191,-0.1352,0.00962,0.00085,0.00361,-5.00,0.00,0.00,1.8,125.58,633.35,300.56,DESCEND
0.4445,-0.1228,-0.0608,0.0047,-0.01337,-0.00114,-0.00038,-5.00,0.00,0.00,1.9,125.58,633.35,300.50,DESCEND
0.4546,-0.0028,0.0291,-0.0552,-0.00437,-0.00314,0.00261,-5.00,0.00,0.00,1.9,125.58,633.35,300.46,DESCEND
0.4647,-0.0028,-0.1808,0.1047,-0.00337,0.00185,0.00361,-5.00,0.00,0.00,2.0,125.58,633.36,300.40,DESCEND
0.4748,-0.1628,0.2791,-0.2352,-0.00837,0.00085,0.00461,-5.00,0.00,0.00,2.0,125.58,633.36,300.36,DESCEND
0.4849,-0.2528,0.1691,-0.2252,-0.00237,-0.00714,0.00461,-5.00,0.00,0.00,2.1,125.58,633.36,300.30,DESCEND
0.4950,-0.2428,0.1691,-0.3352,-0.01837,-0.01914,0.00661,-5.00,0.00,0.00,2.1,125.58,633.36,300.26,DESCEND
0.5051,-0.1228,0.0791,-0.2252,0.00362,-0.00014,0.00161,-5.00,0.00,0.00,2.2,125.58,633.36,300.20,DESCEND
0.5152,-0.1828,0.0991,0.1947,-0.01637,-0.00614,0.00361,-5.00,0.00,0.00,2.2,125.58,633.37,300.16,DESCEND
0.5253,-0.1128,0.0791,-0.0552,-0.01337,-0.00814,0.00061,-5.00,0.00,0.00,2.3,125.59,633.37,300.10,DESCEND
0.5354,-0.1028,0.2091,-0.0352,-0.01137,-0.00714,0.00261,-5.00,0.00,0.00,2.3,125.59,633.37,300.06,DESCEND
0.5455,-0.2528,0.2391,-0.0952,-0.02737,-0.00114,0.00861,-5.00,0.00,0.00,2.4,125.59,633.37,300.00,DESCEND
0.5556,-0.0328,0.2091,-0.2952,-0.01237,-0.01714,0.00361,-5.00,0.00,0.00,2.4,125.59,633.37,299.96,DESCEND
0.5657,-0.1228,0.1391,-0.1352,-0.00837,-0.00314,0.00061,-5.00,0.00,0.00,2.5,125.59,633.38,299.90,DESCEND
0.5758,-0.2128,0.2491,-0.4452,-0.03337,-0.01514,0.00261,-5.00,0.00,0.00,2.5,125.59,633.38,299.86,DESCEND
0.5859,-0.0128,0.2991,-0.0452,-0.02537,-0.01514,0.00561,-5.00,0.00,0.00,2.6,125.59,633.38,299.80,DESCEND
0.5960,-0.1128,0.1691,-0.0452,-0.00937,-0.00514,0.00561,-5.00,0.00,0.00,2.6,125.59,633.38,299.74,DESCEND
0.6061,-0.1828,0.1191,-0.2752,-0.01837,-0.01914,0.00061,-5.00,0.00,0.00,2.7,125.59,633.38,299.70,DESCEND
0.6162,-0.3328,0.5291,-0.3852,-0.01837,-0.00514,0.00461,-5.00,0.00,0.00,2.7,125.59,633.38,299.64,DESCEND
0.6263,-0.1928,-0.0208,0.1347,-0.00137,0.01085,0.00261,-5.00,0.00,0.00,2.8,125.59,633.39,299.60,DESCEND
0.6365,-0.0428,-0.1408,0.1347,-0.01137,-0.01314,0.00161,-5.00,0.00,0.00,2.8,125.59,633.39,299.54,DESCEND
0.6466,-0.0728,0.0391,-0.0452,-0.00637,-0.00314,0.00261,-5.00,0.00,0.00,2.9,125.59,633.39,299.50,DESCEND
0.6567,-0.0328,0.2591,-0.1752,-0.00237,-0.00014,0.00461,-5.00,0.00,0.00,2.9,125.59,633.39,299.44,DESCEND
0.6669,-0.1928,0.1491,0.1347,-0.02737,0.00585,0.00161,-5.00,0.00,0.00,3.0,125.59,633.39,299.40,DESCEND
0.6770,-0.1528,0.2091,-0.1952,-0.03337,-0.00714,0.00161,-5.00,0.00,0.00,3.0,125.59,633.40,299.34,DESCEND
0.6874,-0.2828,0.4291,-0.0552,-0.02237,0.00285,0.00461,-5.00,0.00,0.00,3.1,125.59,633.40,299.30,DESCEND
0.6977,-0.1128,0.2491,0.1547,-0.02237,0.00385,0.00261,-5.00,0.00,0.00,3.1,125.59,633.40,299.24,DESCEND
0.7081,-0.0028,0.2491,-0.1352,-0.01737,-0.00914,0.00261,-5.00,0.00,0.00,3.2,125.59,633.40,299.18,DESCEND
0.7182,-0.3328,-0.1808,0.2947,-0.01837,0.00585,-0.00438,-5.00,0.00,0.00,3.2,125.59,633.40,299.14,DESCEND
0.7283,-0.1928,0.3391,-0.0752,-0.02837,-0.01814,0.00461,-5.00,0.00,0.00,3.3,125.59,633.41,299.08,DESCEND
0.7385,0.0771,-0.1008,0.2447,0.00262,-0.00214,-0.00038,-5.00,0.00,0.00,3.3,125.59,633.41,299.04,DESCEND
0.7486,-0.1228,0.2091,0.1347,0.00562,-0.00314,0.00261,-5.00,0.00,0.00,3.4,125.59,633.41,298.98,DESCEND
0.7587,-0.2028,0.0691,-0.1252,0.00362,0.00485,0.00661,-5.00,0.00,0.00,3.4,125.59,633.41,298.94,DESCEND
0.7688,-0.2728,0.0891,-0.0352,-0.03237,-0.01814,0.00461,-5.00,0.00,0.00,3.5,125.59,633.41,298.88,DESCEND
0.7790,-0.0928,-0.1108,0.2647,0.00562,0.00485,0.00161,-5.00,0.00,0.00,3.5,125.59,633.41,298.84,DESCEND
0.7890,-0.0928,-0.0608,0.0447,-0.00737,0.00185,0.00261,-5.00,0.00,0.00,3.6,125.59,633.42,298.78,DESCEND
0.7991,-0.2528,0.0091,-0.1652,-0.02037,-0.00614,0.00561,-5.00,0.00,0.00,3.6,125.59,633.42,298.74,DESCEND
0.8092,-0.0228,0.2491,-0.1052,-0.01737,-0.02014,0.00361,-5.00,0.00,0.00,3.7,125.59,633.42,298.68,DESCEND
0.8193,0.0071,0.1291,-0.0452,0.00762,-0.00114,0.00361,-5.00,0.00,0.00,3.7,125.59,633.42,298.64,DESCEND
0.8294,-0.1228,0.4691,-0.1952,-0.00637,-0.00014,0.00561,-5.00,0.00,0.00,3.8,125.59,633.42,298.58,DESCEND
0.8396,-0.1328,-0.1308,0.3347,-0.01137,0.00185,0.00361,-5.00,0.00,0.00,3.8,125.59,633.43,298.54,DESCEND
0.8496,-0.3528,-0.0808,0.1847,-0.02137,-0.00714,0.00161,-5.00,0.00,0.00,3.9,125.59,633.43,298.48,DESCEND
0.8598,0.0371,0.1491,0.0647,0.00162,-0.00114,0.00161,-5.00,0.00,0.00,4.0,125.59,633.43,298.42,DESCEND
0.8699,-0.0828,0.0691,0.1047,-0.01137,-0.00314,0.00461,-5.00,0.00,0.00,4.0,125.59,633.43,298.38,DESCEND
0.8800,-0.1428,0.0691,0.0047,-0.02537,-0.01514,0.00261,-5.00,0.00,0.00,4.1,125.59,633.43,298.32,DESCEND
0.8900,-0.0028,-0.1108,-0.2952,0.00062,-0.01014,0.00161,-5.00,0.00,0.00,4.1,125.59,633.43,298.28,DESCEND
0.9001,-0.1028,-0.2108,0.0647,-0.00037,-0.00114,0.00261,-5.00,0.00,0.00,4.2,125.59,633.44,298.22,DESCEND
0.9103,-0.3028,0.0291,0.0147,-0.01937,-0.00314,0.00261,-5.00,0.00,0.00,4.2,125.59,633.44,298.18,DESCEND
0.9204,-0.1428,0.2791,-0.1952,-0.00437,-0.00514,0.00761,-5.00,0.00,0.00,4.3,125.59,633.44,298.12,DESCEND
0.9305,-0.1328,0.3291,-0.0452,-0.01937,-0.00314,0.00561,-5.00,0.00,0.00,4.3,125.59,633.44,298.08,DESCEND
0.9406,-0.1928,0.2091,0.3247,-0.02537,-0.00114,0.00061,-5.00,0.00,0.00,4.4,125.59,633.44,298.02,DESCEND
0.9507,-0.0428,0.0891,-0.0952,-0.00937,-0.01114,0.00461,-5.00,0.00,0.00,4.4,125.59,633.45,297.98,DESCEND
0.9608,-0.0728,0.1491,-0.1552,-0.01137,0.00185,0.00761,-5.00,0.00,0.00,4.5,125.59,633.45,297.92,DESCEND
0.9709,0.0471,-0.1108,0.0847,0.00262,-0.00414,-0.00238,-5.00,0.00,0.00,4.5,125.59,633.45,297.88,DESCEND
0.9811,-0.0128,0.3791,-0.1552,-0.00137,-0.00314,0.00561,-5.00,0.00,0.00,4.6,125.59,633.45,297.82,DESCEND
0.9912,-0.1628,0.1091,-0.1652,-0.01737,-0.00914,0.00261,-5.00,0.00,0.00,4.6,125.59,633.45,297.78,DESCEND
1.0013,-0.0628,-0.0608,0.2147,-0.02137,-0.00714,-0.00138,-5.00,0.00,0.00,4.7,125.59,633.46,297.72,DESCEND
1.0113,-0.2228,0.0491,0.0547,-0.01437,0.00585,0.00361,-5.00,0.00,0.00,4.7,125.59,633.46,297.68,DESCEND
1.0215,0.0271,-0.2408,0.0847,-0.00537,-0.01014,0.00261,-5.00,0.00,0.00,4.8,125.59,633.46,297.62,DESCEND
1.0316,-0.2028,0.2291,-0.0452,-0.01337,-0.00214,0.00261,-5.00,0.00,0.00,4.8,125.59,633.46,297.58,DESCEND
1.0416,0.0671,0.2691,-0.0152,0.00962,-0.00414,0.00161,-5.00,0.00,0.00,4.9,125.59,633.46,297.52,DESCEND
1.0518,-0.1728,0.1391,0.1847,-0.00937,0.00485,0.00061,-5.00,0.00,0.00,4.9,125.59,633.46,297.46,DESCEND
1.0619,-0.0328,0.0091,0.0347,-0.00237,-0.00414,0.00261,-5.00,0.00,0.00,5.0,125.59,633.47,297.42,DESCEND
1.0720,-0.2928,0.1891,0.0647,-0.00337,0.00285,0.00361,-5.00,0.00,0.00,5.0,125.59,633.47,297.36,DESCEND
1.0821,-0.2028,0.0091,0.0647,-0.01437,-0.00014,0.00161,-5.00,0.00,0.00,5.1,125.59,633.47,297.32,DESCEND
1.0922,-0.0728,0.1991,-0.3752,-0.00037,-0.01314,0.00361,-5.00,0.00,0.00,5.1,125.59,633.47,297.26,DESCEND
1.1023,-0.0128,-0.0608,-0.0052,-0.00637,-0.00514,-0.00038,-5.00,0.00,0.00,5.2,125.59,633.47,297.22,DESCEND
1.1124,-0.0828,0.3991,-0.3952,-0.02337,-0.01814,0.00661,-5.00,0.00,0.00,5.2,125.59,633.48,297.16,DESCEND
1.1225,-0.0228,-0.0508,-0.1552,-0.01637,-0.01614,0.00761,-5.00,0.00,0.00,5.3,125.59,633.48,297.12,DESCEND
1.1326,-0.1728,0.0891,0.4047,-0.01837,-0.00514,0.00261,-5.00,0.00,0.00,5.3,125.60,633.48,297.06,DESCEND
1.1427,-0.0828,0.1191,0.0647,-0.01237,0.00085,0.00161,-5.00,0.00,0.00,5.4,125.60,633.48,297.02,DESCEND
1.1528,-0.3428,-0.2008,0.0547,-0.01037,0.00785,0.00161,-5.00,0.00,0.00,5.4,125.60,633.48,296.96,DESCEND
1.1630,-0.1328,0.2391,-0.2252,-0.02437,-0.01414,0.00361,-5.00,0.00,0.00,5.5,125.60,633.48,296.92,DESCEND
1.1731,-0.2428,0.2991,-0.1452,0.00062,0.00085,0.00561,-5.00,0.00,0.00,5.5,125.60,633.49,296.86,DESCEND
1.1832,-0.1928,0.2191,0.2147,-0.00737,-0.00014,0.00161,-5.00,0.00,0.00,5.6,125.60,633.49,296.82,DESCEND
1.1933,-0.0528,0.3491,-0.2752,-0.00837,-0.00714,0.00461,-5.00,0.00,0.00,5.6,125.60,633.49,296.76,DESCEND
1.2034,-0.3228,0.0391,0.1947,-0.00437,0.00885,0.00361,-5.00,0.00,0.00,5.7,125.60,633.49,296.72,DESCEND
1.2136,-0.0928,-0.0208,-0.0852,0.00662,-0.00514,0.00461,-5.00,0.00,0.00,5.7,125.60,633.49,296.66,DESCEND
1.2237,-0.1428,-0.0708,-0.1252,-0.01837,-0.00514,0.00361,-5.00,0.00,0.00,5.8,125.60,633.50,296.62,DESCEND
1.2338,-0.0628,0.1191,-0.0952,-0.02037,-0.01114,0.00261,-5.00,0.00,0.00,5.8,125.60,633.50,296.56,DESCEND
1.2439,-0.1928,0.3591,-0.2052,-0.00837,-0.00814,0.00961,-5.00,0.00,0.00,5.9,125.60,633.50,296.50,DESCEND
1.2540,0.0971,0.2391,0.0747,0.00562,-0.00414,0.00561,-5.00,0.00,0.00,5.9,125.60,633.50,296.46,DESCEND
1.2641,-0.0928,0.3891,-0.3352,-0.03137,-0.01614,0.00561,-5.00,0.00,0.00,6.0,125.60,633.50,296.40,DESCEND
1.2743,-0.1828,-0.2108,-0.1252,-0.02037,-0.00714,-0.00138,-5.00,0.00,0.00,6.0,125.60,633.51,296.36,DESCEND
1.2844,-0.2328,0.4191,0.0047,-0.00437,-0.00214,0.00761,-5.00,0.00,0.00,6.1,125.60,633.51,296.30,DESCEND
1.2945,-0.2028,0.3791,-0.1352,-0.00937,-0.00214,0.00461,-5.00,0.00,0.00,6.1,125.60,633.51,296.26,DESCEND
1.3046,-0.2428,0.0691,-0.0252,-0.01837,-0.01414,0.00561,-5.00,0.00,0.00,6.2,125.60,633.51,296.20,DESCEND
1.3148,-0.1128,0.0791,-0.0752,-0.00037,-0.00714,0.00361,-5.00,0.00,0.00,6.2,125.60,633.51,296.16,DESCEND
1.3249,-0.1128,0.2191,0.0647,0.00162,-0.00614,0.00461,-5.00,0.00,0.00,6.3,125.60,633.51,296.10,DESCEND
1.3350,-0.2528,0.3391,0.1347,0.00162,0.00585,0.00661,-5.00,0.00,0.00,6.3,125.60,633.52,296.06,DESCEND
1.3451,-0.0228,0.0291,-0.1852,0.01362,0.00185,0.00361,-5.00,0.00,0.00,6.4,125.60,633.52,296.00,DESCEND
1.3552,-0.3228,0.0791,0.1447,-0.02437,-0.00614,0.00361,-5.00,0.00,0.00,6.4,125.60,633.52,295.96,DESCEND
1.3653,-0.2428,0.0891,0.1847,-0.00537,0.00185,0.00361,-5.00,0.00,0.00,6.5,125.60,633.52,295.90,DESCEND
1.3756,-0.1728,-0.0208,-0.1952,-0.02037,-0.00914,0.00361,-5.00,0.00,0.00,6.5,125.60,633.52,295.84,DESCEND
1.3856,-0.0828,0.0991,-0.1552,-0.00537,-0.00014,0.00361,-5.00,0.00,0.00,6.6,125.60,633.53,295.80,DESCEND
1.3958,-0.1928,0.2391,0.0547,-0.01337,-0.00614,0.00561,-5.00,0.00,0.00,6.6,125.60,633.53,295.76,DESCEND
1.4060,-0.1428,-0.1908,0.1947,0.00262,0.01185,0.00461,-5.00,0.00,0.00,6.7,125.60,633.53,295.70,DESCEND
1.4162,-0.2428,-0.0308,0.0247,-0.01837,-0.00214,0.00561,-5.00,0.00,0.00,6.7,125.60,633.53,295.64,DESCEND
1.4263,-0.1828,-0.0608,0.1647,-0.01237,-0.00114,0.00361,-5.00,0.00,0.00,6.8,125.60,633.53,295.60,DESCEND
1.4364,-0.2728,-0.0008,0.2947,-0.00737,0.00685,0.00561,-5.00,0.00,0.00,6.8,125.60,633.54,295.54,DESCEND
1.4466,-0.0828,0.4591,-0.1952,-0.00537,-0.00414,0.00461,-5.00,0.00,0.00,6.9,125.60,633.54,295.50,DESCEND
1.4567,-0.1428,0.3191,-0.1252,-0.01537,-0.00714,0.00661,-5.00,0.00,0.00,6.9,125.60,633.54,295.44,DESCEND
1.4669,-0.1228,0.0091,0.2447,-0.00137,0.00985,0.00161,-5.00,0.00,0.00,7.0,125.60,633.54,295.40,DESCEND
1.4770,-0.0328,-0.0408,-0.1452,-0.00337,-0.01214,0.00461,-5.00,0.00,0.00,7.0,125.60,633.54,295.34,DESCEND
1.4871,0.0171,0.0891,0.0847,-0.01037,-0.00314,0.00461,-5.00,0.00,0.00,7.1,125.60,633.54,295.30,DESCEND
1.4972,-0.1628,0.2791,-0.2752,-0.01637,-0.00814,0.00461,-5.00,0.00,0.00,7.1,125.60,633.55,295.24,DESCEND
1.5073,-0.1428,0.1091,0.1547,-0.00337,0.00485,0.00361,-5.00,0.00,0.00,7.2,125.60,633.55,295.20,DESCEND
1.5175,-0.0728,-0.0008,0.0547,0.00062,-0.00514,0.00161,-5.00,0.00,0.00,7.2,125.60,633.55,295.14,DESCEND
1.5276,0.0771,0.0291,0.1247,0.01862,0.00285,0.00461,-5.00,0.00,0.00,7.3,125.60,633.55,295.10,DESCEND
1.5377,-0.1928,0.0291,0.1347,-0.00237,0.00185,0.00361,-5.00,0.00,0.00,7.3,125.60,633.55,295.04,DESCEND
1.5478,-0.1528,0.1191,0.2347,-0.00837,0.00185,0.00561,-5.00,0.00,0.00,7.4,125.60,633.56,294.98,DESCEND
1.5580,0.0171,0.0791,0.0847,0.00362,0.00185,0.00161,-5.00,0.00,0.00,7.4,125.60,633.56,294.94,DESCEND
1.5681,-0.1828,-0.0108,0.1347,-0.01637,-0.00114,0.00261,-5.00,0.00,0.00,7.5,125.60,633.56,294.88,DESCEND
1.5782,-0.2228,-0.1008,0.2747,-0.00637,-0.00114,0.00561,-5.00,0.00,0.00,7.5,125.60,633.56,294.84,DESCEND
1.5883,-0.1628,-0.1808,0.3147,-0.01137,0.00585,0.00461,-5.00,0.00,0.00,7.6,125.60,633.56,294.78,DESCEND
1.5985,-0.2428,-0.0808,0.0047,-0.01737,-0.00214,-0.00138,-5.00,0.00,0.00,7.6,125.60,633.56,294.74,DESCEND
1.6086,-0.1628,0.2791,-0.1552,0.00262,-0.00514,0.00461,-5.00,0.00,0.00,7.7,125.60,633.57,294.68,DESCEND
1.6187,-0.0728,-0.0708,0.1847,-0.00937,0.00085,0.00561,-5.00,0.00,0.00,7.7,125.60,633.57,294.64,DESCEND
1.6288,-0.1028,0.1391,-0.2952,-0.00737,-0.01014,0.00361,-5.00,0.00,0.00,7.8,125.60,633.57,294.58,DESCEND
1.6390,-0.2328,-0.0708,0.2247,-0.00837,0.00085,0.00361,-5.00,0.00,0.00,7.8,125.60,633.57,294.54,DESCEND
1.6491,-0.0928,0.0191,0.0347,-0.00037,-0.00614,0.00461,-5.00,0.00,0.00,7.9,125.60,633.57,294.48,DESCEND
1.6592,-0.1628,0.1591,-0.2852,-0.01337,-0.00414,0.00761,-5.00,0.00,0.00,7.9,125.60,633.58,294.44,DESCEND
1.6693,-0.1828,0.1291,0.0447,-0.02137,-0.00114,0.00661,-5.00,0.00,0.00,8.0,125.60,633.58,294.38,DESCEND
1.6794,-0.2028,0.2591,-0.0852,-0.01437,0.00185,0.00461,-5.00,0.00,0.00,8.0,125.60,633.58,294.34,DESCEND
1.6895,0.0071,-0.1508,0.3447,-0.00637,0.00185,-0.00038,-5.00,0.00,0.00,8.1,125.60,633.58,294.28,DESCEND
1.6997,0.1071,0.1391,-0.3752,-0.00437,-0.01014,0.00061,-5.00,0.00,0.00,8.2,125.60,633.58,294.22,DESCEND
1.7098,-0.1228,-0.1308,-0.0652,0.00762,-0.00114,-0.00038,-5.00,0.00,0.00,8.2,125.60,633.59,294.18,DESCEND
1.7199,-0.1128,-0.0208,-0.1952,0.01162,-0.00514,0.00861,-5.00,0.00,0.00,8.3,125.60,633.59,294.12,DESCEND
1.7300,-0.2128,0.3091,-0.3752,-0.01437,-0.01014,0.00461,-5.00,0.00,0.00,8.3,125.60,633.59,294.08,DESCEND
1.7401,-0.0928,0.2491,0.0747,-0.00637,-0.00314,0.00561,-5.00,0.00,0.00,8.4,125.60,633.59,294.02,DESCEND
1.7502,-0.1728,0.1191,-0.0052,-0.02137,-0.00814,0.00161,-5.00,0.00,0.00,8.4,125.61,633.59,293.98,DESCEND
1.7604,-0.2628,-0.0908,0.1747,0.00062,0.00485,-0.00038,-5.00,0.00,0.00,8.5,125.61,633.59,293.92,DESCEND
1.7705,-0.2628,-0.0208,-0.0552,-0.01537,-0.00814,0.00461,-5.00,0.00,0.00,8.5,125.61,633.60,293.88,DESCEND
1.7806,-0.2328,-0.2908,0.3647,-0.00237,0.00585,0.00561,-5.00,0.00,0.00,8.6,125.61,633.60,293.82,DESCEND
1.7908,-0.2128,0.3991,-0.0952,0.00162,-0.00214,0.01061,-5.00,0.00,0.00,8.6,125.61,633.60,293.78,DESCEND
1.8008,-0.2228,0.2291,-0.0652,-0.00937,-0.00214,0.00861,-5.00,0.00,0.00,8.7,125.61,633.60,293.72,DESCEND
1.8110,-0.1928,0.6091,-0.2452,-0.03137,-0.02014,0.00761,-5.00,0.00,0.00,8.7,125.61,633.60,293.68,DESCEND
1.8211,0.0071,-0.1508,0.5547,0.00162,0.00185,0.00361,-5.00,0.00,0.00,8.8,125.61,633.61,293.62,DESCEND
1.8312,0.0271,-0.3808,0.4147,0.02662,0.01585,0.00361,-5.00,0.00,0.00,8.8,125.61,633.61,293.58,DESCEND
1.8413,-0.0728,0.0591,0.0847,-0.01737,-0.00714,0.00661,-5.00,0.00,0.00,8.9,125.61,633.61,293.52,DESCEND
1.8514,-0.0728,0.0991,-0.1052,-0.00737,-0.00314,0.00361,-5.00,0.00,0.00,8.9,125.61,633.61,293.48,DESCEND
1.8616,0.0371,-0.1508,0.1347,0.00262,-0.00114,0.00161,-5.00,0.00,0.00,9.0,125.61,633.61,293.42,DESCEND
1.8717,-0.1228,0.5891,0.0447,0.00362,0.00885,0.00561,-5.00,0.00,0.00,9.0,125.61,633.62,293.36,DESCEND
1.8818,0.1271,-0.0908,-0.0952,-0.00037,-0.01114,0.00261,-5.00,0.00,0.00,9.1,125.61,633.62,293.32,DESCEND
1.8920,-0.3428,0.2591,-0.1752,-0.02037,-0.00814,0.00661,-5.00,0.00,0.00,9.1,125.61,633.62,293.26,DESCEND
1.9021,-0.2428,0.0791,0.0047,-0.01837,-0.00914,0.00561,-5.00,0.00,0.00,9.2,125.61,633.62,293.22,DESCEND
1.9123,-0.3028,0.1691,0.0447,-0.03037,-0.01014,0.00561,-5.00,0.00,0.00,9.2,125.61,633.62,293.16,DESCEND
1.9223,-0.1228,0.0891,-0.1452,-0.02637,-0.02614,0.00561,-5.00,0.00,0.00,9.3,125.61,633.62,293.12,DESCEND
1.9325,-0.0028,0.0791,0.2447,0.01362,0.00685,0.00561,-5.00,0.00,0.00,9.3,125.61,633.63,293.06,DESCEND
1.9426,0.0871,0.3591,-0.2552,-0.00637,-0.01414,0.00661,-5.00,0.00,0.00,9.4,125.61,633.63,293.02,DESCEND
1.9527,-0.1228,-0.0508,-0.1852,-0.01537,-0.01314,0.00461,-5.00,0.00,0.00,9.4,125.61,633.63,292.96,DESCEND
1.9628,-0.0428,0.0591,-0.3252,-0.01937,-0.02214,0.00761,-5.00,0.00,0.00,9.5,125.61,633.63,292.92,DESCEND
1.9729,-0.2728,0.1891,0.0547,-0.01437,-0.00214,0.00661,-5.00,0.00,0.00,9.5,125.61,633.63,292.86,DESCEND
1.9830,-0.1028,-0.0608,0.1047,0.01262,0.00585,-0.00038,-5.00,0.00,0.00,9.6,125.61,633.64,292.82,DESCEND
1.9931,0.0071,0.2091,0.0147,-0.00337,-0.01014,0.00861,-5.00,0.00,0.00,9.6,125.61,633.64,292.76,DESCEND
2.0032,-0.0728,-0.0008,-0.0652,-0.00237,-0.00614,0.00761,-5.00,0.00,0.00,9.7,125.61,633.64,292.72,DESCEND
2.0133,-0.1228,0.1291,-0.0752,-0.00337,-0.01114,0.00761,-5.00,0.00,0.00,9.7,125.61,633.64,292.66,DESCEND
2.0234,-0.2628,0.0991,0.1147,-0.02237,-0.01214,0.00561,-5.00,0.00,0.00,9.8,125.61,633.64,292.62,DESCEND
2.0335,-0.2428,0.1491,-0.2152,-0.00437,-0.00314,0.00761,-5.00,0.00,0.00,9.8,125.61,633.64,292.56,DESCEND
2.0436,-0.1828,0.0291,0.3947,-0.00037,0.00685,0.00361,-5.00,0.00,0.00,9.9,125.61,633.65,292.52,DESCEND
2.0537,-0.0128,0.1291,-0.3652,-0.01237,-0.01914,0.00461,-5.00,0.00,0.00,9.9,125.61,633.65,292.46,DESCEND
2.0638,-0.4628,0.1891,0.2647,-0.03237,-0.00614,0.00761,-5.00,0.00,0.00,10.0,125.61,633.65,292.40,DESCEND
2.0740,0.0071,0.2191,0.0347,-0.00937,-0.00514,0.00461,-5.00,0.00,0.00,10.0,125.61,633.65,292.36,DESCEND
2.0841,-0.2428,-0.0208,0.1647,-0.01937,-0.00514,0.00661,-5.00,0.00,0.00,10.1,125.61,633.65,292.30,DESCEND
2.0943,-0.1228,-0.0208,-0.0252,-0.01737,0.00085,0.00261,-5.00,0.00,0.00,10.1,125.61,633.66,292.26,DESCEND
2.1044,-0.0228,0.1291,0.0847,0.00462,-0.00414,0.00261,-5.00,0.00,0.00,10.2,125.61,633.66,292.20,DESCEND
2.1145,-0.0928,0.3091,-0.0952,0.00162,-0.00414,0.00661,-5.00,0.00,0.00,10.2,125.61,633.66,292.16,DESCEND
2.1246,-0.0328,0.3191,-0.1552,-0.01337,-0.00814,0.00561,-5.00,0.00,0.00,10.3,125.61,633.66,292.10,DESCEND
2.1347,0.0771,0.0891,-0.0052,-0.00737,-0.01814,0.00461,-5.00,0.00,0.00,10.3,125.61,633.66,292.06,DESCEND
2.1448,-0.1928,0.1591,0.1947,-0.01937,-0.00614,0.00561,-5.00,0.00,0.00,10.4,125.61,633.67,292.00,DESCEND
2.1549,-0.0828,-0.0608,0.1547,-0.00337,-0.00114,0.00261,-5.00,0.00,0.00,10.4,125.61,633.67,291.96,DESCEND
2.1650,-0.2728,0.3691,-0.0752,-0.00837,-0.00314,0.00761,-5.00,0.00,0.00,10.5,125.61,633.67,291.90,DESCEND
2.1751,0.1471,0.1291,-0.0552,0.00562,-0.00414,0.00261,-5.00,0.00,0.00,10.5,125.61,633.67,291.86,DESCEND
2.1853,0.0071,0.2091,-0.0752,-0.00937,-0.01014,0.00661,-5.00,0.00,0.00,10.6,125.61,633.67,291.80,DESCEND
2.1954,-0.3528,-0.0108,0.0647,-0.03137,-0.01314,0.00361,-5.00,0.00,0.00,10.6,125.61,633.67,291.76,DESCEND
2.2057,-0.2028,0.2991,-0.2252,-0.01637,-0.01214,0.00961,-5.00,0.00,0.00,10.7,125.61,633.68,291.70,DESCEND
2.2157,-0.2928,0.3391,-0.3252,-0.01137,-0.00014,0.00961,-5.00,0.00,0.00,10.7,125.61,633.68,291.64,DESCEND
2.2259,-0.0928,0.0491,0.0947,-0.01437,-0.00614,0.00461,-5.00,0.00,0.00,10.8,125.61,633.68,291.60,DESCEND
2.2359,0.1171,0.4491,-0.1952,0.00662,-0.00714,0.00961,-5.00,0.00,0.00,10.8,125.61,633.68,291.54,DESCEND
2.2460,-0.1928,0.1491,-0.2152,0.01062,0.00085,0.00861,-5.00,0.00,0.00,10.9,125.61,633.68,291.50,DESCEND
2.2561,-0.0028,0.4591,-0.0452,-0.01637,-0.01014,0.00461,-5.00,0.00,0.00,10.9,125.61,633.69,291.44,DESCEND
2.2662,-0.2728,-0.1208,0.0247,-0.01337,-0.00314,0.00461,-5.00,0.00,0.00,11.0,125.61,633.69,291.40,DESCEND
2.2763,-0.2128,0.5091,-0.3152,-0.00637,-0.00814,0.00761,-5.00,0.00,0.00,11.0,125.61,633.69,291.34,DESCEND
2.2864,0.0271,0.0291,0.1047,-0.00137,-0.00314,0.00461,-5.00,0.00,0.00,11.1,125.61,633.69,291.30,DESCEND
2.2965,-0.1028,-0.0008,0.2447,0.01162,0.00585,0.00961,-5.00,0.00,0.00,11.1,125.61,633.69,291.24,DESCEND
2.3066,-0.1628,-0.0008,-0.1652,-0.00437,0.00185,0.00461,-5.00,0.00,0.00,11.2,125.61,633.70,291.20,DESCEND
2.3167,-0.0928,-0.2108,0.1047,-0.00037,-0.00514,0.00461,-5.00,0.00,0.00,11.2,125.61,633.70,291.14,DESCEND
2.3268,-0.0128,-0.0008,-0.1552,-0.00737,-0.00214,0.00161,-5.00,0.00,0.00,11.3,125.61,633.70,291.10,DESCEND
2.3369,-0.1228,0.2291,0.2347,-0.01037,0.00585,0.00761,-5.00,0.00,0.00,11.3,125.61,633.70,291.04,DESCEND
2.3470,-0.0728,0.0591,-0.1752,-0.01437,-0.00714,0.00561,-5.00,0.00,0.00,11.4,125.61,633.70,291.00,DESCEND
2.3571,-0.0828,0.3191,-0.2052,-0.01537,-0.00714,0.00361,-5.00,0.00,0.00,11.4,125.61,633.70,290.94,DESCEND
2.3672,-0.0628,0.0891,-0.0852,-0.00737,-0.01314,0.00661,-5.00,0.00,0.00,11.5,125.61,633.71,290.90,DESCEND
2.3773,-0.1328,0.1191,-0.1252,-0.02937,-0.01514,0.00361,-5.00,0.00,0.00,11.5,125.62,633.71,290.84,DESCEND
2.3874,-0.1628,0.0191,-0.0752,-0.01437,-0.00514,0.00561,-5.00,0.00,0.00,11.6,125.62,633.71,290.80,DESCEND
2.3976,-0.1028,-0.2208,0.1847,-0.00237,0.00485,0.00461,-5.00,0.00,0.00,11.6,125.62,633.71,290.74,DESCEND
2.4076,-0.0628,0.2691,-0.4252,0.00862,-0.01214,0.00761,-5.00,0.00,0.00,11.7,125.62,633.71,290.70,DESCEND
2.4177,-0.1028,0.1591,-0.2852,-0.01637,-0.01114,0.00861,-5.00,0.00,0.00,11.7,125.62,633.72,290.64,DESCEND
2.4279,-0.2928,0.4991,0.1347,-0.02237,-0.00114,0.01061,-5.00,0.00,0.00,11.8,125.62,633.72,290.58,DESCEND
2.4379,-0.1528,0.5091,-0.3352,-0.01537,-0.02114,0.01061,-5.00,0.00,0.00,11.8,125.62,633.72,290.54,DESCEND
2.4481,-0.1728,0.0491,0.2547,0.00162,0.01085,0.00361,-5.00,0.00,0.00,11.9,125.62,633.72,290.49,DESCEND
2.4582,-0.1228,0.3491,-0.2252,-0.00537,-0.00114,0.00861,-5.00,0.00,0.00,11.9,125.62,633.72,290.45,DESCEND
2.4682,-0.2128,0.1391,0.2547,0.00362,0.00585,0.01161,-5.00,0.00,0.00,12.0,125.62,633.73,290.39,DESCEND
2.4783,-0.0828,-0.2308,0.2147,0.00262,0.00085,0.00261,-5.00,0.00,0.00,12.0,125.62,633.73,290.35,DESCEND
2.4884,-0.2528,0.0991,0.3047,-0.02537,-0.00014,0.00361,-5.00,0.00,0.00,12.1,125.62,633.73,290.29,DESCEND
2.4985,-0.0528,0.1591,-0.2052,-0.00837,-0.01114,0.00461,-5.00,0.00,0.00,12.1,125.62,633.73,290.25,DESCEND
2.5086,0.1071,0.0291,-0.1552,0.00862,-0.00914,0.00861,-5.00,0.00,0.00,12.2,125.62,633.73,290.19,DESCEND
2.5187,-0.0828,0.2991,-0.3252,-0.00537,-0.01314,0.00661,-5.00,0.00,0.00,12.2,125.62,633.73,290.15,DESCEND
2.5289,-0.0728,-0.0508,0.4347,-0.00237,0.00185,0.00661,-5.00,0.00,0.00,12.3,125.62,633.74,290.09,DESCEND
2.5390,-0.1328,0.2591,0.0847,-0.00737,-0.00614,0.00861,-5.00,0.00,0.00,12.3,125.62,633.74,290.05,DESCEND
2.5491,-0.0028,0.1691,0.3047,-0.00937,-0.00414,0.00961,-5.00,0.00,0.00,12.4,125.62,633.74,289.99,DESCEND
2.5592,-0.1328,0.4391,-0.0852,-0.01337,-0.01314,0.01061,-5.00,0.00,0.00,12.4,125.62,633.74,289.95,DESCEND
2.5692,-0.1428,0.3691,-0.2452,0.01162,0.00385,0.00861,-5.00,0.00,0.00,12.5,125.62,633.74,289.89,DESCEND
2.5793,-0.1928,-0.1308,0.1847,-0.01037,0.00085,0.00661,-5.00,0.00,0.00,12.5,125.62,633.75,289.85,DESCEND
2.5894,-0.2828,0.2391,0.0147,-0.01137,-0.00014,0.00661,-5.00,0.00,0.00,12.6,125.62,633.75,289.79,DESCEND
2.5995,-0.0828,-0.2808,0.2647,-0.00337,0.00485,0.00561,-5.00,0.00,0.00,12.6,125.62,633.75,289.75,DESCEND
2.6096,-0.0728,0.3291,-0.0352,-0.01037,-0.00714,0.00961,-5.00,0.00,0.00,12.7,125.62,633.75,289.69,DESCEND
2.6197,-0.1728,0.3591,-0.1052,-0.00437,0.00285,0.00761,-5.00,0.00,0.00,12.7,125.62,633.75,289.65,DESCEND
2.6298,-0.1828,0.3091,-0.2752,-0.01337,-0.00914,0.00661,-5.00,0.00,0.00,12.8,125.62,633.75,289.59,DESCEND
2.6399,-0.2528,-0.0508,0.2747,-0.01637,0.00185,0.00561,-5.00,0.00,0.00,12.9,125.62,633.76,289.53,DESCEND
2.6500,-0.2328,0.1691,0.0547,-0.00437,0.00585,0.00761,-5.00,0.00,0.00,12.9,125.62,633.76,289.49,DESCEND
2.6602,-0.0228,0.7291,-0.4152,0.01362,-0.00314,0.01161,-5.00,0.00,0.00,13.0,125.62,633.76,289.43,DESCEND
2.6703,-0.2128,0.0791,0.1147,-0.02037,-0.00914,0.00661,-5.00,0.00,0.00,13.0,125.62,633.76,289.39,DESCEND
2.6804,-0.0828,-0.0708,-0.0652,-0.00637,-0.00914,0.00561,-5.00,0.00,0.00,13.1,125.62,633.76,289.33,DESCEND
2.6905,-0.1028,0.3291,0.0747,-0.00737,-0.01414,0.00761,-5.00,0.00,0.00,13.1,125.62,633.77,289.29,DESCEND
2.7006,-0.0228,0.2391,-0.0352,-0.00537,-0.00414,0.00561,-5.00,0.00,0.00,13.2,125.62,633.77,289.23,DESCEND
2.7107,-0.2828,0.5491,-0.4252,-0.01637,-0.00714,0.01261,-5.00,0.00,0.00,13.2,125.62,633.77,289.19,DESCEND
2.7207,-0.0428,-0.2108,0.1947,0.00062,0.00085,0.00461,-5.00,0.00,0.00,13.3,125.62,633.77,289.13,DESCEND
2.7309,-0.1228,0.4191,-0.1952,-0.00437,-0.00814,0.00961,-5.00,0.00,0.00,13.3,125.62,633.77,289.09,DESCEND
2.7410,-0.0628,0.2391,-0.0752,-0.00137,0.00285,0.00761,-5.00,0.00,0.00,13.4,125.62,633.78,289.03,DESCEND
2.7511,-0.2328,-0.1308,0.0847,-0.00537,-0.00514,0.00561,-5.00,0.00,0.00,13.4,125.62,633.78,288.99,DESCEND
2.7613,-0.3228,0.5991,-0.4552,-0.01737,-0.00814,0.01261,-5.00,0.00,0.00,13.5,125.62,633.78,288.93,DESCEND
2.7714,-0.0828,0.3691,-0.4352,-0.02837,-0.01914,0.00861,-5.00,0.00,0.00,13.5,125.62,633.78,288.89,DESCEND
2.7815,-0.0828,-0.1108,0.0447,-0.00237,-0.01214,0.00361,-5.00,0.00,0.00,13.6,125.62,633.78,288.83,DESCEND
2.7916,-0.2028,0.2991,-0.4152,-0.03037,-0.02114,0.00961,-5.00,0.00,0.00,13.6,125.62,633.78,288.79,DESCEND
2.8016,-0.2428,0.3291,-0.1652,-0.01937,-0.00914,0.00761,-5.00,0.00,0.00,13.7,125.62,633.79,288.73,DESCEND
2.8117,-0.0728,0.3991,-0.1352,-0.00037,-0.01214,0.00861,-5.00,0.00,0.00,13.7,125.62,633.79,288.67,DESCEND
2.8219,-0.2628,0.2891,-0.0052,-0.01437,0.00285,0.00661,-5.00,0.00,0.00,13.8,125.62,633.79,288.63,DESCEND
2.8320,-0.0528,0.1891,-0.4052,-0.00337,-0.01614,0.00661,-5.00,0.00,0.00,13.8,125.62,633.79,288.57,DESCEND
2.8421,-0.2228,0.2791,-0.1452,-0.00637,0.00385,0.00761,-5.00,0.00,0.00,13.9,125.62,633.79,288.53,DESCEND
2.8522,0.0571,0.0791,0.0247,-0.01637,-0.01414,0.00861,-5.00,0.00,0.00,13.9,125.62,633.80,288.47,DESCEND
2.8623,-0.2528,0.2191,-0.1152,-0.02737,-0.00714,0.00861,-5.00,0.00,0.00,14.0,125.62,633.80,288.43,DESCEND
2.8724,-0.2728,0.1191,-0.0152,-0.03037,-0.00614,0.00661,-5.00,0.00,0.00,14.0,125.62,633.80,288.37,DESCEND
2.8825,-0.1428,-0.1608,0.0747,-0.00737,-0.00214,0.00261,-5.00,0.00,0.00,14.1,125.62,633.80,288.33,DESCEND
2.8926,-0.0528,0.3991,0.0747,-0.00237,-0.00614,0.01261,-5.00,0.00,0.00,14.1,125.62,633.80,288.27,DESCEND
2.9027,-0.1328,-0.0308,0.1847,-0.00837,-0.00814,0.00561,-5.00,0.00,0.00,14.2,125.62,633.80,288.23,DESCEND
2.9128,-0.0028,0.2291,-0.1752,0.00162,-0.00614,0.00661,-5.00,0.00,0.00,14.2,125.62,633.81,288.17,DESCEND
2.9229,-0.1228,-0.0408,0.1347,-0.01837,-0.01214,0.00661,-5.00,0.00,0.00,14.3,125.62,633.81,288.13,DESCEND
2.9330,-0.1028,0.2691,0.1747,-0.00337,0.00485,0.00461,-5.00,0.00,0.00,14.3,125.62,633.81,288.07,DESCEND
2.9431,-0.0028,0.1191,-0.3052,-0.02137,-0.01714,0.00761,-5.00,0.00,0.00,14.4,125.62,633.81,288.03,DESCEND
2.9532,0.0071,0.0191,-0.0652,-0.00437,-0.00214,0.00661,-5.00,0.00,0.00,14.4,125.62,633.81,287.97,DESCEND
2.9633,-0.2428,0.0091,0.2747,-0.00737,0.00485,0.00461,-5.00,0.00,0.00,14.5,125.62,633.82,287.93,DESCEND
2.9734,0.1071,0.2391,-0.1152,-0.00737,-0.00914,0.00761,-5.00,0.00,0.00,14.5,125.62,633.82,287.87,DESCEND
2.9835,-0.0628,-0.0008,0.1847,-0.00437,0.00885,0.00661,-5.00,0.00,0.00,14.6,125.62,633.82,287.83,DESCEND
2.9936,-0.0028,0.2291,-0.1552,0.00062,-0.00314,0.00661,-5.00,0.00,0.00,14.6,125.62,633.82,287.77,DESCEND
3.0037,0.0371,0.2991,0.1347,-0.01037,-0.01714,0.00961,-5.00,0.00,0.00,14.7,125.63,633.82,287.71,DESCEND
3.0138,-0.1628,0.1691,-0.0152,-0.01437,-0.01214,0.00761,-5.00,0.00,0.00,14.7,125.63,633.83,287.67,DESCEND
3.0239,-0.1628,0.1291,-0.1052,-0.00637,-0.01214,0.00361,-5.00,0.00,0.00,14.8,125.63,633.83,287.61,DESCEND
3.0340,-0.1228,0.5391,-0.3952,-0.01137,-0.01614,0.01161,-5.00,0.00,0.00,14.8,125.63,633.83,287.57,DESCEND
3.0441,-0.2828,0.5891,-0.1852,-0.00737,-0.00714,0.01061,-5.00,0.00,0.00,14.9,125.63,633.83,287.51,DESCEND
3.0542,-0.1828,0.1591,0.0047,-0.01237,-0.00814,0.01061,-5.00,0.00,0.00,14.9,125.63,633.83,287.47,DESCEND
3.0643,-0.2228,0.3091,-0.1252,-0.01037,-0.00114,0.00561,-5.00,0.00,0.00,15.0,125.63,633.83,287.41,DESCEND
3.0744,-0.1128,0.2091,0.0747,0.00462,0.01285,0.00561,-5.00,0.00,0.00,15.0,125.63,633.84,287.37,DESCEND
3.0845,-0.1228,-0.0908,0.1547,-0.01537,-0.00614,0.00861,-5.00,0.00,0.00,15.1,125.63,633.84,287.31,DESCEND
3.0947,-0.1128,0.2991,-0.3352,0.00162,-0.00214,0.01261,-5.00,0.00,0.00,15.1,125.63,633.84,287.27,DESCEND
3.1048,-0.0528,0.0591,0.1147,0.00162,0.00285,0.00861,-5.00,0.00,0.00,15.2,125.63,633.84,287.21,DESCEND
3.1150,0.1171,0.2191,-0.0652,-0.00837,-0.01014,0.00961,-5.00,0.00,0.00,15.2,125.63,633.84,287.17,DESCEND
3.1251,-0.2828,0.1591,0.1147,-0.03037,-0.01014,0.00761,-5.00,0.00,0.00,15.3,125.63,633.85,287.11,DESCEND
3.1352,0.0971,0.1491,0.0447,-0.00537,-0.00114,0.00461,-5.00,0.00,0.00,15.3,125.63,633.85,287.07,DESCEND
3.1452,-0.0528,-0.0208,0.4047,-0.00037,-0.00414,0.00761,-5.00,0.00,0.00,15.4,125.63,633.85,287.01,DESCEND
3.1553,-0.3228,0.5191,-0.1852,-0.02737,-0.00914,0.01161,-5.00,0.00,0.00,15.4,125.63,633.85,286.97,DESCEND
3.1655,-0.1928,0.2891,0.2747,-0.00137,0.00985,0.00861,-5.00,0.00,0.00,15.5,125.63,633.85,286.91,DESCEND
3.1756,-0.0728,0.0391,0.1547,-0.01537,-0.01614,0.00661,-5.00,0.00,0.00,15.5,125.63,633.85,286.87,DESCEND
3.1857,0.0071,0.3791,-0.0752,0.00362,-0.00314,0.01161,-5.00,0.00,0.00,15.6,125.63,633.86,286.81,DESCEND
3.1958,-0.2128,0.4691,0.0847,-0.02037,-0.00114,0.00961,-5.00,0.00,0.00,15.6,125.63,633.86,286.75,DESCEND
3.2059,-0.1428,0.1291,-0.1052,-0.00437,0.00485,0.00961,-5.00,0.00,0.00,15.7,125.63,633.86,286.71,DESCEND
3.2160,-0.0528,0.2991,-0.2252,-0.00837,-0.01414,0.01061,-5.00,0.00,0.00,15.7,125.63,633.86,286.65,DESCEND
3.2260,0.0171,0.4991,-0.1752,-0.00937,-0.01314,0.01061,-5.00,0.00,0.00,15.8,125.63,633.86,286.61,DESCEND
3.2362,-0.0728,-0.0008,0.1447,-0.01137,-0.00514,0.01161,-5.00,0.00,0.00,15.8,125.63,633.87,286.55,DESCEND
3.2463,-0.1828,0.2891,-0.2652,-0.00937,-0.00414,0.00661,-5.00,0.00,0.00,15.9,125.63,633.87,286.51,DESCEND
3.2564,-0.0228,-0.0508,0.2747,-0.00137,0.00385,0.00561,-5.00,0.00,0.00,15.9,125.63,633.87,286.45,DESCEND
3.2665,-0.1128,0.2291,0.0447,-0.02337,-0.00814,0.00661,-5.00,0.00,0.00,16.0,125.63,633.87,286.41,DESCEND
3.2766,-0.1628,0.4391,-0.1852,-0.01337,-0.01814,0.01161,-5.00,0.00,0.00,16.0,125.63,633.87,286.35,DESCEND
3.2866,-0.1228,0.3691,-0.3052,0.00462,-0.00114,0.00861,-5.00,0.00,0.00,16.1,125.63,633.88,286.31,DESCEND
3.2967,0.0071,0.1391,-0.0052,-0.00137,0.00185,0.00961,-5.00,0.00,0.00,16.1,125.63,633.88,286.25,DESCEND
3.3068,0.0071,0.0091,0.0647,-0.01037,-0.01114,0.00861,-5.00,0.00,0.00,16.2,125.63,633.88,286.21,DESCEND
3.3170,-0.2128,0.4491,0.0347,-0.00937,0.00185,0.00861,-5.00,0.00,0.00,16.2,125.63,633.88,286.15,DESCEND
3.3270,-0.1828,0.1291,0.5647,0.00262,0.02085,0.00961,-5.00,0.00,0.00,16.3,125.63,633.88,286.11,DESCEND
3.3371,-0.2628,0.1391,0.1147,-0.01237,0.00185,0.00861,-5.00,0.00,0.00,16.3,125.63,633.88,286.05,DESCEND
3.3472,-0.1928,0.3491,-0.2652,-0.02637,-0.01614,0.01061,-5.00,0.00,0.00,16.4,125.63,633.89,286.01,DESCEND
3.3573,-0.0928,0.2891,0.0547,-0.00337,-0.01214,0.01061,-5.00,0.00,0.00,16.4,125.63,633.89,285.95,DESCEND
3.3674,-0.0628,-0.1108,0.3547,-0.00237,0.00285,0.00361,-5.00,0.00,0.00,16.5,125.63,633.89,285.91,DESCEND
3.3775,-0.1328,0.1391,0.0947,-0.00637,0.00085,0.00961,-5.00,0.00,0.00,16.5,125.63,633.89,285.85,DESCEND
3.3876,0.0071,0.0991,-0.1052,0.00162,-0.00614,0.00961,-5.00,0.00,0.00,16.6,125.63,633.89,285.79,DESCEND
3.3977,-0.0328,0.2091,0.1347,0.00262,0.00085,0.00661,-5.00,0.00,0.00,16.6,125.63,633.90,285.75,DESCEND
3.4078,-0.1228,0.2891,0.0047,0.00162,-0.00514,0.00961,-5.00,0.00,0.00,16.7,125.63,633.90,285.69,DESCEND
3.4180,-0.0328,0.0991,0.0147,-0.00637,-0.00414,0.00861,-5.00,0.00,0.00,16.7,125.63,633.90,285.65,DESCEND
3.4281,-0.0428,-0.1908,0.0047,-0.00037,0.00185,0.00361,-5.00,0.00,0.00,16.8,125.63,633.90,285.59,DESCEND
3.4382,-0.1128,0.1691,0.0547,-0.01437,-0.00714,0.00861,-5.00,0.00,0.00,16.8,125.63,633.90,285.55,DESCEND
3.4483,-0.0628,0.4991,-0.4252,0.00262,-0.01014,0.01061,-5.00,0.00,0.00,16.9,125.63,633.91,285.49,DESCEND
3.4584,-0.2728,-0.3208,0.1447,-0.02437,-0.00514,0.00861,-5.00,0.00,0.00,16.9,125.63,633.91,285.45,DESCEND
3.4685,-0.0828,0.0791,-0.1052,0.00062,-0.00314,0.00861,-5.00,0.00,0.00,17.0,125.63,633.91,285.39,DESCEND
3.4786,-0.2528,0.0791,0.0047,-0.01337,0.00085,0.01161,-5.00,0.00,0.00,17.0,125.63,633.91,285.35,DESCEND
3.4887,-0.2228,-0.0808,0.2547,-0.00137,0.00385,0.00761,-5.00,0.00,0.00,17.1,125.63,633.91,285.29,DESCEND
3.4988,-0.1028,0.3491,-0.5252,-0.01237,-0.01214,0.01161,-5.00,0.00,0.00,17.1,125.63,633.91,285.25,DESCEND
3.5089,0.0871,0.0391,-0.2352,0.00162,-0.00614,0.00761,-5.00,0.00,0.00,17.2,125.63,633.92,285.19,DESCEND
3.5190,-0.1028,0.0491,0.1447,0.00262,0.00485,0.01061,-5.00,0.00,0.00,17.2,125.63,633.92,285.15,DESCEND
3.5293,-0.1528,0.2291,-0.0352,-0.01237,-0.00214,0.00661,-5.00,0.00,0.00,17.3,125.63,633.92,285.09,DESCEND
3.5393,-0.0128,0.2691,-0.0252,-0.00437,-0.00814,0.00961,-5.00,0.00,0.00,17.3,125.63,633.92,285.05,DESCEND
3.5494,-0.0528,-0.1208,-0.0652,0.01062,0.00285,0.00561,-5.00,0.00,0.00,17.4,125.63,633.92,284.99,DESCEND
3.5595,-0.0528,0.1191,0.2247,-0.00337,0.00385,0.00861,-5.00,0.00,0.00,17.4,125.63,633.93,284.95,DESCEND
3.5696,-0.0428,0.0791,-0.0252,-0.00637,-0.00414,0.00661,-5.00,0.00,0.00,17.5,125.63,633.93,284.89,DESCEND
3.5797,-0.2128,0.3891,-0.0952,-0.00937,-0.00614,0.01261,-5.00,0.00,0.00,17.6,125.63,633.93,284.83,DESCEND
3.5898,0.1471,0.0591,0.0847,0.00162,-0.00014,0.00561,-5.00,0.00,0.00,17.6,125.63,633.93,284.79,DESCEND
3.5999,-0.0928,0.3191,-0.1852,-0.00237,-0.00814,0.00861,-5.00,0.00,0.00,17.7,125.63,633.93,284.73,DESCEND
3.6100,0.1171,0.0491,0.1247,0.00162,-0.00014,0.00661,-5.00,0.00,0.00,17.7,125.63,633.93,284.69,DESCEND
3.6202,-0.2028,0.2591,0.0147,-0.00937,-0.00614,0.01061,-5.00,0.00,0.00,17.8,125.63,633.94,284.63,DESCEND
3.6303,0.0771,0.2591,-0.1552,0.00662,-0.01514,0.01061,-5.00,0.00,0.00,17.8,125.63,633.94,284.59,DESCEND
3.6404,-0.0828,0.2791,-0.4152,0.00062,-0.00514,0.00961,-5.00,0.00,0.00,17.9,125.63,633.94,284.53,DESCEND
3.6505,-0.0328,0.2991,0.0247,0.00262,0.00185,0.01061,-5.00,0.00,0.00,17.9,125.63,633.94,284.49,DESCEND
3.6606,-0.0728,0.3591,-0.6352,0.00662,-0.01214,0.00961,-5.00,0.00,0.00,18.0,125.64,633.94,284.43,DESCEND
3.6707,-0.3128,-0.0408,0.0547,-0.01437,-0.00614,0.00961,-5.00,0.00,0.00,18.0,125.64,633.95,284.39,DESCEND
3.6808,-0.2228,0.1591,-0.2252,-0.01037,0.00285,0.00861,-5.00,0.00,0.00,18.1,125.64,633.95,284.33,DESCEND
3.6909,-0.1228,0.1291,0.1147,0.01062,0.00885,0.00961,-5.00,0.00,0.00,18.1,125.64,633.95,284.29,DESCEND
3.7010,-0.1928,-0.0008,0.2247,-0.00737,0.00585,0.00661,-5.00,0.00,0.00,18.2,125.64,633.95,284.23,DESCEND
3.7111,-0.1328,0.1991,0.1747,0.00062,0.00285,0.00961,-5.00,0.00,0.00,18.2,125.64,633.95,284.19,DESCEND
3.7212,-0.0628,0.1891,0.1347,-0.01137,-0.00814,0.00761,-5.00,0.00,0.00,18.3,125.64,633.96,284.13,DESCEND
3.7313,-0.0528,0.0591,0.0947,-0.00137,0.00285,0.00761,-5.00,0.00,0.00,18.3,125.64,633.96,284.09,DESCEND
3.7414,-0.0128,0.3491,-0.1952,-0.00137,-0.01014,0.01061,-5.00,0.00,0.00,18.4,125.64,633.96,284.03,DESCEND
3.7515,0.0071,0.2691,-0.2052,0.00262,-0.00614,0.00961,-5.00,0.00,0.00,18.4,125.64,633.96,283.99,DESCEND
3.7617,0.0271,0.2691,-0.1352,0.01062,0.00785,0.00861,-5.00,0.00,0.00,18.5,125.64,633.96,283.93,DESCEND
3.7718,-0.0428,0.3491,-0.0452,-0.01837,-0.01014,0.01061,-5.00,0.00,0.00,18.5,125.64,633.97,283.87,DESCEND
3.7819,-0.0728,-0.0308,0.0847,-0.00837,-0.00314,0.00561,-5.00,0.00,0.00,18.6,125.64,633.97,283.83,DESCEND
3.7920,-0.1728,0.1891,-0.3752,-0.01737,-0.00414,0.00661,-5.00,0.00,0.00,18.6,125.64,633.97,283.77,DESCEND
3.8021,-0.2028,0.1191,0.0347,-0.00637,0.00085,0.00961,-5.00,0.00,0.00,18.7,125.64,633.97,283.73,DESCEND
3.8122,-0.1828,0.1591,-0.1352,-0.01337,-0.00214,0.01061,-5.00,0.00,0.00,18.7,125.64,633.97,283.67,DESCEND
3.8223,-0.1528,-0.0808,0.2247,0.00062,0.00585,0.00761,-5.00,0.00,0.00,18.8,125.64,633.97,283.63,DESCEND
3.8324,-0.2928,0.7691,-0.7552,-0.01337,-0.01514,0.01561,-5.00,0.00,0.00,18.8,125.64,633.98,283.57,DESCEND
3.8424,-0.0828,0.1391,-0.0252,-0.01137,-0.01114,0.00561,-5.00,0.00,0.00,18.9,125.64,633.98,283.53,DESCEND
3.8525,-0.1728,0.3191,-0.2152,-0.00637,-0.00514,0.00861,-5.00,0.00,0.00,18.9,125.64,633.98,283.47,DESCEND
3.8627,-0.1728,0.3291,-0.1352,-0.01537,-0.00614,0.01361,-5.00,0.00,0.00,19.0,125.64,633.98,283.43,DESCEND
3.8728,-0.0828,0.3891,-0.0452,-0.01437,-0.01414,0.01061,-5.00,0.00,0.00,19.0,125.64,633.98,283.37,DESCEND
3.8829,-0.2428,0.2491,-0.0152,-0.00337,0.00385,0.00861,-5.00,0.00,0.00,19.1,125.64,633.99,283.33,DESCEND
3.8930,-0.2428,0.3291,-0.0852,-0.02537,-0.01714,0.01261,-5.00,0.00,0.00,19.1,125.64,633.99,283.27,DESCEND
3.9031,-0.1828,0.1291,0.1547,-0.00837,0.00485,0.00861,-5.00,0.00,0.00,19.2,125.64,633.99,283.23,DESCEND
3.9131,-0.0428,0.3391,-0.3452,-0.02137,-0.01314,0.01261,-5.00,0.00,0.00,19.2,125.64,633.99,283.17,DESCEND
3.9232,-0.0628,0.3491,-0.4152,-0.00837,-0.01214,0.01161,-5.00,0.00,0.00,19.3,125.64,633.99,283.13,DESCEND
3.9333,-0.0828,-0.2908,0.0047,-0.00437,-0.00714,0.00961,-5.00,0.00,0.00,19.3,125.64,633.99,283.07,DESCEND
3.9434,-0.1328,0.0791,-0.2752,0.00462,-0.00414,0.00961,-5.00,0.00,0.00,19.4,125.64,634.00,283.03,DESCEND
3.9535,-0.0828,0.4691,-0.3252,-0.01737,-0.01614,0.00461,-5.00,0.00,0.00,19.4,125.64,634.00,282.97,DESCEND
3.9636,-0.0828,0.5391,-0.4952,-0.02437,-0.01614,0.01361,-5.00,0.00,0.00,19.5,125.64,634.00,282.93,DESCEND
3.9737,-0.0828,0.3591,-0.1852,-0.00737,-0.00414,0.01361,-5.00,0.00,0.00,19.5,125.64,634.00,282.87,DESCEND
3.9838,0.1671,0.0491,0.1347,0.00862,-0.01214,0.00761,-5.00,0.00,0.00,19.6,125.64,634.00,282.81,DESCEND
3.9939,-0.1128,0.2791,-0.0452,-0.00037,0.00285,0.01061,-5.00,0.00,0.00,19.6,125.64,634.01,282.77,DESCEND
4.0040,-0.2828,0.2991,-0.0652,-0.00237,0.00585,0.01061,-5.00,0.00,0.00,19.7,125.64,634.01,282.71,DESCEND
4.0141,-0.1028,0.4091,-0.0352,0.00362,0.01185,0.00961,-5.00,0.00,0.00,19.7,125.64,634.01,282.67,DESCEND
4.0242,-0.0928,0.2891,-0.2252,-0.01037,-0.00914,0.01061,-5.00,0.00,0.00,19.8,125.64,634.01,282.61,DESCEND
4.0343,-0.2728,0.1291,-0.0552,-0.01337,-0.00814,0.00761,-5.00,0.00,0.00,19.8,125.64,634.01,282.57,DESCEND
4.0444,-0.2428,-0.0208,0.1147,-0.02137,-0.00414,0.00561,-5.00,0.00,0.00,19.9,125.64,634.02,282.51,DESCEND
4.0545,-0.3028,0.0991,0.0447,-0.02537,-0.00814,0.00961,-5.00,0.00,0.00,19.9,125.64,634.02,282.47,DESCEND
4.0646,-0.0728,0.1091,-0.0652,0.01062,-0.00314,0.01061,-5.00,0.00,0.00,20.0,125.64,634.02,282.41,DESCEND
4.0747,-0.1728,0.6091,-0.2152,-0.00537,-0.00414,0.01561,-5.00,0.00,0.00,20.0,125.64,634.02,282.37,DESCEND
4.0848,-0.2028,0.2991,-0.1652,-0.00037,0.00285,0.01161,-5.00,0.00,0.00,20.1,125.64,634.02,282.31,DESCEND
4.0949,-0.0228,0.2491,-0.1152,0.01062,0.00285,0.00961,-5.00,0.00,0.00,20.1,125.64,634.02,282.27,DESCEND
4.1050,-0.2428,0.1491,0.1647,-0.01537,-0.00414,0.01061,-5.00,0.00,0.00,20.2,125.64,634.03,282.21,DESCEND
4.1151,-0.1328,0.3091,-0.1352,-0.02437,-0.00214,0.01161,-5.00,0.00,0.00,20.2,125.64,634.03,282.17,DESCEND
4.1252,-0.2728,0.1991,-0.0252,-0.02337,-0.00314,0.00961,-5.00,0.00,0.00,20.3,125.64,634.03,282.11,DESCEND
4.1353,-0.0128,-0.2208,0.4347,0.01062,0.01085,0.00661,-5.00,0.00,0.00,20.3,125.64,634.03,282.07,DESCEND
4.1454,0.1571,0.1191,0.0347,0.00362,-0.01014,0.00561,-5.00,0.00,0.00,20.4,125.64,634.03,282.01,DESCEND
4.1555,-0.2628,0.3791,-0.3252,-0.01437,-0.01114,0.01461,-5.00,0.00,0.00,20.4,125.64,634.04,281.97,DESCEND
4.1657,-0.1828,0.2791,-0.1252,-0.01737,-0.00814,0.01161,-5.00,0.00,0.00,20.5,125.64,634.04,281.91,DESCEND
4.1758,-0.3728,0.4491,-0.4552,-0.01837,-0.00814,0.01161,-5.00,0.00,0.00,20.5,125.64,634.04,281.85,DESCEND
4.1859,-0.0128,-0.0508,0.1547,0.00062,0.00185,0.00861,-5.00,0.00,0.00,20.6,125.64,634.04,281.81,DESCEND
4.1960,-0.1828,0.2091,0.1047,-0.00937,-0.00714,0.01161,-5.00,0.00,0.00,20.6,125.64,634.04,281.75,DESCEND
4.2061,0.0671,0.4191,-0.1152,-0.00637,-0.00914,0.01061,-5.00,0.00,0.00,20.7,125.64,634.04,281.71,DESCEND
4.2162,0.0071,-0.0808,0.2647,-0.00637,0.00985,0.00561,-5.00,0.00,0.00,20.7,125.64,634.05,281.65,DESCEND
4.2263,-0.2828,0.5391,-0.4352,-0.01737,-0.00314,0.00961,-5.00,0.00,0.00,20.8,125.64,634.05,281.61,DESCEND
4.2364,-0.2128,0.2591,-0.0552,-0.00037,0.00085,0.01261,-5.00,0.00,0.00,20.8,125.64,634.05,281.55,DESCEND
4.2465,-0.0228,-0.1308,0.1047,-0.00137,-0.00214,0.00761,-5.00,0.00,0.00,20.9,125.64,634.05,281.51,DESCEND
4.2566,-0.1228,0.0991,-0.2852,0.01262,0.00285,0.01061,-5.00,0.00,0.00,20.9,125.64,634.05,281.45,DESCEND
4.2667,-0.1128,0.5591,-0.3352,-0.00437,-0.00014,0.00961,-5.00,0.00,0.00,21.0,125.64,634.06,281.41,DESCEND
4.2768,-0.0228,0.2591,-0.1452,-0.00437,-0.00214,0.01061,-5.00,0.00,0.00,21.0,125.64,634.06,281.35,DESCEND
4.2868,-0.1628,0.3091,-0.0152,0.00462,0.00185,0.00861,-5.00,0.00,0.00,21.1,125.64,634.06,281.31,DESCEND
4.2970,-0.1128,0.1891,-0.1252,-0.01437,-0.00614,0.01461,-5.00,0.00,0.00,21.1,125.64,634.06,281.25,DESCEND
4.3071,-0.0728,0.2991,-0.1852,-0.01137,-0.00714,0.00661,-5.00,0.00,0.00,21.2,125.64,634.06,281.21,DESCEND
4.3172,-0.2728,0.3291,-0.2152,-0.02337,-0.00214,0.01461,-5.00,0.00,0.00,21.2,125.65,634.07,281.15,DESCEND
4.3273,-0.2628,0.5991,-0.4052,-0.02637,-0.01314,0.01361,-5.00,0.00,0.00,21.3,125.65,634.07,281.11,DESCEND
4.3374,-0.0328,0.3191,-0.1752,-0.00837,-0.00814,0.01261,-5.00,0.00,0.00,21.3,125.65,634.07,281.05,DESCEND
4.3475,-0.1328,0.1791,-0.2852,-0.01837,-0.01114,0.01061,-5.00,0.00,0.00,21.4,125.65,634.07,281.01,DESCEND
4.3576,-0.2628,0.2691,-0.2652,-0.01337,-0.00314,0.01061,-5.00,0.00,0.00,21.4,125.65,634.07,280.95,DESCEND
4.3677,0.0171,-0.0008,-0.0252,0.01662,0.00185,0.00961,-5.00,0.00,0.00,21.5,125.65,634.08,280.89,DESCEND
4.3778,0.1371,0.3191,-0.3152,0.00062,-0.01714,0.00961,-5.00,0.00,0.00,21.5,125.65,634.08,280.85,DESCEND
4.3879,0.0871,0.0391,0.0547,-0.01837,-0.01914,0.01061,-5.00,0.00,0.00,21.6,125.65,634.08,280.79,DESCEND
4.3980,-0.2028,0.1391,0.1847,0.00462,0.00685,0.00861,-5.00,0.00,0.00,21.6,125.65,634.08,280.75,DESCEND
4.4081,-0.1228,0.3491,-0.1052,0.00062,-0.00514,0.01361,-5.00,0.00,0.00,21.7,125.65,634.08,280.69,DESCEND
4.4182,0.0171,0.3791,-0.2052,0.00162,-0.01514,0.01261,-5.00,0.00,0.00,21.7,125.65,634.08,280.65,DESCEND
4.4283,-0.1028,0.1891,-0.0252,-0.00137,0.00885,0.00961,-5.00,0.00,0.00,21.8,125.65,634.09,280.59,DESCEND
4.4384,-0.1928,0.3791,-0.0452,-0.02137,-0.00814,0.01261,-5.00,0.00,0.00,21.8,125.65,634.09,280.55,DESCEND
4.4485,-0.0428,-0.0008,0.4247,0.01562,0.00585,0.00761,-5.00,0.00,0.00,21.9,125.65,634.09,280.49,DESCEND
4.4586,-0.1728,0.2191,-0.2552,-0.00837,-0.01614,0.01061,-5.00,0.00,0.00,21.9,125.65,634.09,280.45,DESCEND
4.4687,-0.0428,0.4291,-0.3052,-0.00137,-0.00814,0.01361,-5.00,0.00,0.00,22.0,125.65,634.09,280.39,DESCEND
4.4788,-0.2428,0.1791,0.1147,0.00262,0.01085,0.00961,-5.00,0.00,0.00,22.0,125.65,634.09,280.35,DESCEND
4.4889,-0.1228,-0.0108,-0.1252,0.00662,-0.00714,0.01061,-5.00,0.00,0.00,22.1,125.65,634.10,280.29,DESCEND
4.4990,0.0471,0.3391,-0.3252,-0.00137,-0.01614,0.01161,-5.00,0.00,0.00,22.1,125.65,634.10,280.25,DESCEND
4.5091,-0.2428,0.4891,-0.2952,-0.03337,-0.00314,0.01361,-5.00,0.00,0.00,22.2,125.65,634.10,280.19,DESCEND
4.5192,-0.0128,0.2491,-0.2352,-0.00437,-0.00714,0.01361,-5.00,0.00,0.00,22.2,125.65,634.10,280.15,DESCEND
4.5293,-0.0228,0.1591,-0.0552,0.01662,0.00485,0.00861,-5.00,0.00,0.00,22.3,125.65,634.10,280.09,DESCEND
4.5394,-0.0728,0.1991,-0.2352,-0.01737,-0.01414,0.01261,-5.00,0.00,0.00,22.3,125.65,634.11,280.05,DESCEND
4.5495,-0.1628,0.2491,-0.3252,-0.02537,-0.00814,0.00861,-5.00,0.00,0.00,22.4,125.65,634.11,279.99,DESCEND
4.5596,-0.1928,0.6791,-0.3352,-0.02437,-0.01014,0.01361,-5.00,0.00,0.00,22.4,125.65,634.11,279.95,DESCEND
4.5697,-0.1828,0.2991,-0.1952,-0.02237,-0.01814,0.01261,-5.00,0.00,0.00,22.5,125.65,634.11,279.89,DESCEND
4.5798,-0.2428,0.0191,0.0147,-0.00937,-0.00314,0.00961,-5.00,0.00,0.00,22.6,125.65,634.11,279.83,DESCEND
4.5899,-0.3028,0.2591,-0.1452,-0.00537,0.00085,0.01061,-5.00,0.00,0.00,22.6,125.65,634.12,279.79,DESCEND
4.6000,-0.1028,0.0391,0.1147,-0.00937,-0.00014,0.00761,-5.00,0.00,0.00,22.7,125.65,634.12,279.73,DESCEND
4.6100,0.0071,0.1991,-0.2252,0.00362,-0.01314,0.01061,-5.00,0.00,0.00,22.7,125.65,634.12,279.70,DESCEND
4.6201,-0.2328,0.0091,-0.2152,-0.00437,-0.00114,0.01261,-5.00,0.00,0.00,22.8,125.65,634.12,279.64,DESCEND
4.6303,0.1871,0.2791,-0.4152,0.01562,-0.00414,0.00961,-5.00,0.00,0.00,22.8,125.65,634.12,279.60,DESCEND
4.6404,-0.1028,-0.1708,-0.0952,-0.00137,-0.00114,0.00761,-5.00,0.00,0.00,22.9,125.65,634.13,279.54,DESCEND
4.6505,-0.3528,0.4291,-0.1052,-0.01537,-0.00314,0.01461,-5.00,0.00,0.00,22.9,125.65,634.13,279.50,DESCEND
4.6606,-0.1928,-0.0108,0.0647,-0.01337,0.00185,0.01161,-5.00,0.00,0.00,23.0,125.65,634.13,279.44,DESCEND
4.6707,-0.1828,-0.0608,0.3747,0.00162,0.00985,0.00661,-5.00,0.00,0.00,23.0,125.65,634.13,279.40,DESCEND
4.6808,-0.1528,0.0491,0.3047,-0.00837,0.00585,0.01061,-5.00,0.00,0.00,23.1,125.65,634.13,279.34,DESCEND
4.6909,-0.2228,0.1191,-0.1352,-0.01637,-0.01114,0.01261,-5.00,0.00,0.00,23.1,125.65,634.13,279.30,DESCEND
4.7010,-0.2628,0.1491,-0.4652,-0.02437,-0.02414,0.01061,-5.00,0.00,0.00,23.2,125.65,634.14,279.24,DESCEND
4.7111,-0.0528,0.5391,-0.4952,-0.00437,-0.00914,0.01261,-5.00,0.00,0.00,23.2,125.65,634.14,279.20,DESCEND
4.7212,-0.0528,0.4391,-0.1552,0.00062,-0.01214,0.01261,-5.00,0.00,0.00,23.3,125.65,634.14,279.14,DESCEND
4.7313,-0.1028,0.0091,0.0347,-0.00837,-0.00214,0.00961,-5.00,0.00,0.00,23.3,125.65,634.14,279.10,DESCEND
4.7414,-0.1728,0.3591,-0.4352,-0.02437,-0.00914,0.01061,-5.00,0.00,0.00,23.4,125.65,634.14,279.04,DESCEND
4.7515,0.0871,0.2091,-0.1852,0.00362,-0.00314,0.00861,-5.00,0.00,0.00,23.4,125.65,634.15,279.00,DESCEND
4.7616,-0.0128,0.0291,0.1947,0.01062,0.01185,0.00761,-5.00,0.00,0.00,23.5,125.65,634.15,278.94,DESCEND
4.7717,-0.0428,-0.2408,0.0247,-0.01437,-0.01514,0.00561,-5.00,0.00,0.00,23.5,125.65,634.15,278.90,DESCEND
4.7818,-0.2728,0.4591,-0.2452,-0.01637,-0.01114,0.01761,-5.00,0.00,0.00,23.6,125.65,634.15,278.84,DESCEND
4.7919,-0.0328,0.4591,-0.1752,-0.00037,-0.00614,0.01161,-5.00,0.00,0.00,23.6,125.65,634.15,278.78,DESCEND
4.8020,-0.0228,-0.1408,0.1747,0.00062,0.00185,0.00661,-5.00,0.00,0.00,23.7,125.65,634.15,278.74,DESCEND
4.8120,-0.1628,0.0791,0.0147,-0.00937,-0.00614,0.00761,-5.00,0.00,0.00,23.7,125.65,634.16,278.68,DESCEND
4.8221,-0.3828,0.4691,-0.2452,-0.00837,0.00085,0.01061,-5.00,0.00,0.00,23.8,125.65,634.16,278.64,DESCEND
4.8322,-0.0728,-0.0308,-0.1052,-0.00537,-0.01014,0.00961,-5.00,0.00,0.00,23.8,125.65,634.16,278.58,DESCEND
4.8423,-0.0128,0.0091,-0.0752,-0.01937,-0.01714,0.01161,-5.00,0.00,0.00,23.9,125.65,634.16,278.54,DESCEND
4.8525,-0.1728,0.3291,-0.3952,-0.01037,-0.01214,0.01161,-5.00,0.00,0.00,23.9,125.65,634.16,278.48,DESCEND
4.8626,-0.1728,0.3991,-0.1052,-0.02737,-0.01614,0.01461,-5.00,0.00,0.00,24.0,125.65,634.17,278.44,DESCEND
4.8727,-0.1628,0.2891,-0.0452,-0.01037,-0.00114,0.01461,-5.00,0.00,0.00,24.0,125.65,634.17,278.38,DESCEND
4.8828,-0.2328,0.3291,-0.0352,-0.01937,-0.00014,0.01061,-5.00,0.00,0.00,24.1,125.65,634.17,278.34,DESCEND
4.8929,-0.0928,0.1691,-0.0452,-0.02137,-0.00014,0.01061,-5.00,0.00,0.00,24.1,125.65,634.17,278.28,DESCEND
4.9030,-0.1028,0.3791,-0.0152,-0.00437,-0.00614,0.01161,-5.00,0.00,0.00,24.2,125.65,634.17,278.24,DESCEND
4.9131,0.2371,0.0991,0.1047,0.01062,-0.00814,0.00661,-5.00,0.00,0.00,24.2,125.65,634.18,278.18,DESCEND
4.9232,-0.0328,0.5191,-0.5152,0.01562,-0.00614,0.01161,-5.00,0.00,0.00,24.3,125.65,634.18,278.14,DESCEND
4.9333,-0.1228,0.4991,-0.1852,0.00062,-0.01014,0.01561,-5.00,0.00,0.00,24.3,125.65,634.18,278.08,DESCEND
4.9434,-0.0628,0.1291,0.1847,0.00162,-0.00714,0.00761,-5.00,0.00,0.00,24.4,125.65,634.18,278.04,DESCEND
4.9535,-0.2228,-0.2408,0.1247,-0.00437,-0.00114,0.00961,-5.00,0.00,0.00,24.4,125.65,634.18,277.98,DESCEND
4.9636,-0.0028,0.1391,-0.4152,-0.00637,-0.01914,0.00761,-5.00,0.00,0.00,24.5,125.65,634.18,277.94,DESCEND
4.9737,-0.1928,0.5791,-0.3452,-0.02437,-0.01614,0.01261,-5.00,0.00,0.00,24.5,125.65,634.19,277.88,DESCEND
4.9838,-0.2128,0.4391,-0.6152,-0.01737,-0.01314,0.01261,-5.00,0.00,0.00,24.6,125.65,634.19,277.82,DESCEND
4.9939,-0.1228,0.3091,-0.0152,-0.00837,-0.00714,0.01161,-5.00,0.00,0.00,24.6,125.66,634.19,277.78,DESCEND
5.0039,-0.0828,0.3591,-0.2752,-0.00537,-0.01214,0.01261,-5.00,0.00,0.00,24.7,125.66,634.19,277.72,DESCEND
5.0140,-0.0728,0.3191,-0.3852,-0.01537,-0.02414,0.01361,-5.00,0.00,0.00,24.7,125.66,634.19,277.68,DESCEND
5.0241,-0.1528,0.2691,-0.2752,-0.00337,-0.00514,0.01061,-5.00,0.00,0.00,24.8,125.66,634.20,277.62,DESCEND
5.0343,-0.0728,0.3691,-0.2352,-0.00237,-0.00114,0.01161,-5.00,0.00,0.00,24.8,125.66,634.20,277.58,DESCEND
5.0444,-0.0328,0.4691,-0.6252,-0.01337,-0.01714,0.01061,-5.00,0.00,0.00,24.9,125.66,634.20,277.52,DESCEND
5.0544,-0.0528,0.2691,-0.2752,0.00562,-0.00714,0.01361,-5.00,0.00,0.00,24.9,125.66,634.20,277.48,DESCEND
5.0646,0.1571,0.0991,-0.1152,0.01062,0.00185,0.00761,-5.00,0.00,0.00,25.0,125.66,634.20,277.42,DESCEND
5.0746,-0.1128,0.4591,-0.3752,-0.01337,-0.01114,0.01461,-5.00,0.00,0.00,25.0,125.66,634.20,277.38,DESCEND
5.0847,0.0571,0.0891,-0.1552,0.00462,-0.00514,0.01161,-5.00,0.00,0.00,25.1,125.66,634.21,277.32,DESCEND
5.0948,-0.0328,0.4291,-0.3352,0.00462,-0.00614,0.01161,-5.00,0.00,0.00,25.1,125.66,634.21,277.28,DESCEND
5.1050,-0.1428,0.1491,-0.1052,-0.01037,-0.00814,0.01161,-5.00,0.00,0.00,25.2,125.66,634.21,277.22,DESCEND
5.1150,-0.0128,0.0991,-0.0752,-0.00437,-0.00114,0.01161,-5.00,0.00,0.00,25.2,125.66,634.21,277.18,DESCEND
5.1252,-0.1728,0.5391,-0.5452,-0.01637,-0.02314,0.01461,-5.00,0.00,0.00,25.3,125.66,634.21,277.12,DESCEND
5.1353,-0.0428,0.4691,-0.0752,0.00462,-0.00214,0.01061,-5.00,0.00,0.00,25.3,125.66,634.22,277.08,DESCEND
5.1454,0.0271,0.2391,-0.0452,-0.00437,-0.00814,0.00961,-5.00,0.00,0.00,25.4,125.66,634.22,277.02,DESCEND
5.1555,-0.1228,0.4291,-0.2352,-0.00837,-0.01214,0.01261,-5.00,0.00,0.00,25.4,125.66,634.22,276.98,DESCEND
5.1656,-0.1628,0.4791,-0.3852,-0.02137,-0.00514,0.01361,-5.00,0.00,0.00,25.5,125.66,634.22,276.92,DESCEND
5.1757,-0.3528,0.8191,-0.0752,-0.03437,-0.00814,0.01661,-5.00,0.00,0.00,25.5,125.66,634.22,276.88,DESCEND
5.1858,-0.0128,0.1091,-0.1952,0.01262,0.00085,0.01061,-5.00,0.00,0.00,25.6,125.66,634.23,276.82,DESCEND
5.1959,-0.0828,0.1091,-0.0352,-0.02537,-0.02014,0.00861,-5.00,0.00,0.00,25.6,125.66,634.23,276.76,DESCEND
5.2060,-0.1728,0.5691,-0.2952,-0.00337,-0.01014,0.01161,-5.00,0.00,0.00,25.7,125.66,634.23,276.72,DESCEND
5.2161,-0.1328,0.2091,0.0947,-0.01637,-0.00914,0.01361,-5.00,0.00,0.00,25.7,125.66,634.23,276.66,DESCEND
5.2262,-0.2328,0.7291,-0.6952,-0.01737,-0.01114,0.01761,-5.00,0.00,0.00,25.8,125.66,634.23,276.62,DESCEND
5.2364,-0.3628,0.3191,-0.2952,-0.02237,-0.00214,0.00961,-5.00,0.00,0.00,25.8,125.66,634.24,276.56,DESCEND
5.2465,-0.0228,-0.0408,0.1947,0.00862,0.00485,0.00861,-5.00,0.00,0.00,25.9,125.66,634.24,276.52,DESCEND
5.2566,-0.1328,0.0191,0.1647,-0.02137,-0.00314,0.00561,-5.00,0.00,0.00,25.9,125.66,634.24,276.46,DESCEND
5.2667,-0.0928,0.3991,-0.1352,-0.00437,-0.00314,0.01161,-5.00,0.00,0.00,26.0,125.66,634.24,276.42,DESCEND
5.2768,-0.1128,0.4191,-0.3652,-0.00437,-0.00814,0.01761,-5.00,0.00,0.00,26.0,125.66,634.24,276.36,DESCEND
5.2870,-0.0428,0.1791,0.0547,-0.00837,0.00185,0.01261,-5.00,0.00,0.00,26.1,125.66,634.24,276.32,DESCEND
5.2971,-0.0928,0.5091,-0.5252,-0.01137,-0.00414,0.01361,-5.00,0.00,0.00,26.1,125.66,634.25,276.26,DESCEND
5.3072,0.0271,0.1591,-0.0252,-0.00837,-0.00414,0.00861,-5.00,0.00,0.00,26.2,125.66,634.25,276.22,DESCEND
5.3173,-0.0328,0.0091,0.0247,-0.01337,-0.00414,0.00961,-5.00,0.00,0.00,26.2,125.66,634.25,276.16,DESCEND
5.3274,-0.0328,0.3991,-0.5252,0.01262,-0.00514,0.01261,-5.00,0.00,0.00,26.3,125.66,634.25,276.12,DESCEND
5.3374,-0.2228,0.2391,0.0047,-0.01437,-0.00614,0.00961,-5.00,0.00,0.00,26.3,125.66,634.25,276.06,DESCEND
5.3475,-0.1528,0.1191,0.0447,-0.01037,-0.00514,0.01061,-5.00,0.00,0.00,26.4,125.66,634.25,276.02,DESCEND
5.3576,0.1271,-0.1608,0.2747,-0.00337,0.00285,0.01061,-5.00,0.00,0.00,26.4,125.66,634.26,275.96,DESCEND
5.3678,0.1771,0.2591,0.1747,0.01862,0.01085,0.00961,-5.00,0.00,0.00,26.5,125.66,634.26,275.90,DESCEND
5.3778,0.0871,0.3591,-0.4052,-0.00037,-0.01514,0.01161,-5.00,0.00,0.00,26.5,125.66,634.26,275.86,DESCEND
5.3879,-0.2428,0.1891,-0.3152,-0.01137,-0.00214,0.01061,-5.00,0.00,0.00,26.6,125.66,634.26,275.80,DESCEND
5.3980,0.0571,0.4391,-0.2252,-0.00437,-0.00814,0.01361,-5.00,0.00,0.00,26.6,125.66,634.26,275.76,DESCEND
5.4081,-0.0228,0.0391,-0.1852,-0.00037,-0.00614,0.01061,-5.00,0.00,0.00,26.7,125.66,634.27,275.70,DESCEND
5.4182,-0.0028,0.5791,-0.1252,-0.00637,-0.00814,0.01161,-5.00,0.00,0.00,26.7,125.66,634.27,275.66,DESCEND
5.4283,-0.0528,0.2491,-0.0352,-0.01337,-0.01014,0.01161,-5.00,0.00,0.00,26.8,125.66,634.27,275.60,DESCEND
5.4384,-0.1628,0.0391,-0.1152,-0.02037,-0.02014,0.01161,-5.00,0.00,0.00,26.8,125.66,634.27,275.56,DESCEND
5.4484,-0.1628,0.2891,-0.4052,-0.01437,-0.01514,0.01161,-5.00,0.00,0.00,26.9,125.66,634.27,275.50,DESCEND
5.4585,-0.1328,0.2991,-0.3152,-0.00037,-0.01014,0.01361,-5.00,0.00,0.00,26.9,125.66,634.28,275.46,DESCEND
5.4686,-0.1628,0.0291,-0.0652,-0.00337,-0.00314,0.01061,-5.00,0.00,0.00,27.0,125.66,634.28,275.40,DESCEND
5.4787,-0.1528,0.1791,-0.0752,-0.01437,-0.01114,0.01161,-5.00,0.00,0.00,27.0,125.66,634.28,275.36,DESCEND
5.4888,0.0271,0.3591,-0.2152,0.00662,-0.00614,0.01561,-5.00,0.00,0.00,27.1,125.66,634.28,275.30,DESCEND
5.4990,-0.2028,0.2891,-0.3152,-0.00837,-0.00114,0.01061,-5.00,0.00,0.00,27.1,125.66,634.28,275.26,DESCEND
5.5091,-0.1428,0.2691,-0.1952,-0.01037,-0.00714,0.01261,-5.00,0.00,0.00,27.2,125.66,634.29,275.20,DESCEND
5.5192,-0.0728,0.2591,-0.1652,0.00262,-0.00014,0.01061,-5.00,0.00,0.00,27.2,125.66,634.29,275.16,DESCEND
5.5293,-0.0728,0.4691,-0.4952,-0.00737,-0.01714,0.01561,-5.00,0.00,0.00,27.3,125.66,634.29,275.10,DESCEND
5.5394,-0.1728,-0.0408,0.0347,-0.00837,-0.00414,0.01161,-5.00,0.00,0.00,27.3,125.66,634.29,275.06,DESCEND
5.5495,-0.0028,0.3191,-0.3952,0.00362,0.00285,0.00961,-5.00,0.00,0.00,27.4,125.66,634.29,275.00,DESCEND
5.5596,-0.1228,0.4591,-0.4752,-0.01737,-0.01914,0.01561,-5.00,0.00,0.00,27.4,125.66,634.29,274.96,DESCEND
5.5697,-0.0428,0.0991,-0.0052,-0.00937,-0.00714,0.00961,-5.00,0.00,0.00,27.5,125.66,634.30,274.90,DESCEND
5.5797,-0.1628,0.4091,-0.1952,-0.02437,-0.01214,0.01261,-5.00,0.00,0.00,27.6,125.66,634.30,274.84,DESCEND
5.5898,-0.1528,0.4091,-0.4652,0.01162,0.00585,0.01161,-5.00,0.00,0.00,27.6,125.66,634.30,274.80,DESCEND
5.5999,-0.0128,-0.1008,-0.0152,-0.00237,0.00485,0.00761,-5.00,0.00,0.00,27.7,125.66,634.30,274.74,DESCEND
5.6100,-0.3628,0.2391,-0.1352,-0.04337,-0.00814,0.00961,-5.00,0.00,0.00,27.7,125.66,634.30,274.70,DESCEND
5.6202,-0.0328,0.0991,-0.0952,0.01362,0.01285,0.01261,-5.00,0.00,0.00,27.8,125.66,634.31,274.64,DESCEND
5.6303,-0.0828,0.1991,-0.1752,-0.01137,-0.00714,0.00961,-5.00,0.00,0.00,27.8,125.66,634.31,274.60,DESCEND
5.6404,0.0371,0.2091,-0.1352,-0.01237,-0.01814,0.01361,-5.00,0.00,0.00,27.9,125.66,634.31,274.54,DESCEND
5.6505,-0.1828,0.3291,-0.2952,-0.00937,-0.00514,0.01461,-5.00,0.00,0.00,27.9,125.66,634.31,274.50,DESCEND
5.6606,-0.0628,-0.1308,-0.0452,0.00062,-0.00114,0.00761,-5.00,0.00,0.00,28.0,125.66,634.31,274.44,DESCEND
5.6707,-0.1128,0.0491,0.0447,-0.00137,0.00585,0.00861,-5.00,0.00,0.00,28.0,125.66,634.31,274.40,DESCEND
5.6808,0.0171,0.4591,-0.5552,-0.00337,-0.01014,0.01061,-5.00,0.00,0.00,28.1,125.67,634.32,274.34,DESCEND
5.6909,-0.0628,0.0691,0.1347,-0.00737,-0.00014,0.00761,-5.00,0.00,0.00,28.1,125.67,634.32,274.30,DESCEND
5.7010,0.0671,0.2891,-0.1252,0.01962,0.00485,0.01161,-5.00,0.00,0.00,28.2,125.67,634.32,274.24,DESCEND
5.7111,0.0271,0.0991,0.1647,0.01362,0.00385,0.00761,-5.00,0.00,0.00,28.2,125.67,634.32,274.20,DESCEND
5.7213,-0.1928,0.0191,0.0747,-0.01537,-0.00214,0.00961,-5.00,0.00,0.00,28.3,125.67,634.32,274.14,DESCEND
5.7314,-0.3328,-0.0808,0.1247,-0.01837,-0.00414,0.00761,-5.00,0.00,0.00,28.3,125.67,634.33,274.10,DESCEND
5.7415,-0.2628,-0.0408,0.1447,-0.01237,0.00085,0.01061,-5.00,0.00,0.00,28.4,125.67,634.33,274.04,DESCEND
5.7516,-0.0428,0.2291,-0.3452,-0.00837,-0.01314,0.01261,-5.00,0.00,0.00,28.4,125.67,634.33,274.00,DESCEND
5.7617,-0.1128,0.1991,-0.2952,0.00162,-0.00014,0.01161,-5.00,0.00,0.00,28.5,125.67,634.33,273.94,DESCEND
5.7718,-0.0128,0.4291,-0.2152,-0.00637,-0.00914,0.01261,-5.00,0.00,0.00,28.5,125.67,634.33,273.88,DESCEND
5.7819,-0.0528,0.5391,-0.3052,-0.00937,-0.00714,0.01161,-5.00,0.00,0.00,28.6,125.67,634.34,273.84,DESCEND
5.7920,-0.1828,0.1391,-0.2952,-0.01437,-0.00914,0.01361,-5.00,0.00,0.00,28.6,125.67,634.34,273.78,DESCEND
5.8020,-0.0228,0.1591,-0.0852,0.00462,0.00185,0.00861,-5.00,0.00,0.00,28.7,125.67,634.34,273.74,DESCEND
5.8121,-0.1328,0.2191,0.1447,-0.01337,0.00185,0.00961,-5.00,0.00,0.00,28.7,125.67,634.34,273.68,DESCEND
5.8223,-0.1328,0.2491,-0.1652,0.00462,0.00085,0.01161,-5.00,0.00,0.00,28.8,125.67,634.34,273.64,DESCEND
5.8324,-0.0828,0.0891,-0.0252,0.01162,0.00185,0.01061,-5.00,0.00,0.00,28.8,125.67,634.34,273.58,DESCEND
5.8425,-0.1428,-0.0508,0.1847,0.00762,0.01585,0.00661,-5.00,0.00,0.00,28.9,125.67,634.35,273.54,DESCEND
5.8526,-0.0928,0.0191,0.1447,-0.00037,-0.00314,0.01161,-5.00,0.00,0.00,28.9,125.67,634.35,273.48,DESCEND
5.8627,0.0171,0.0791,0.0147,0.00262,0.00885,0.00961,-5.00,0.00,0.00,29.0,125.67,634.35,273.44,DESCEND
5.8728,-0.1728,0.5091,-0.4352,-0.02937,-0.01914,0.01261,-5.00,0.00,0.00,29.0,125.67,634.35,273.38,DESCEND
5.8829,-0.2328,0.2091,-0.0252,0.00162,0.00485,0.01361,-5.00,0.00,0.00,29.1,125.67,634.35,273.34,DESCEND
5.8930,-0.0828,0.2791,0.0047,-0.01137,-0.00214,0.01161,-5.00,0.00,0.00,29.1,125.67,634.36,273.28,DESCEND
5.9030,-0.0728,0.1891,-0.1452,-0.00537,-0.00314,0.00961,-5.00,0.00,0.00,29.2,125.67,634.36,273.24,DESCEND
5.9131,0.0471,0.3191,-0.1052,0.00562,-0.00214,0.01261,-5.00,0.00,0.00,29.2,125.67,634.36,273.18,DESCEND
5.9232,-0.0328,0.3791,-0.1752,-0.00337,-0.00414,0.01261,-5.00,0.00,0.00,29.3,125.67,634.36,273.14,DESCEND
5.9333,-0.0328,0.1091,-0.0352,-0.00837,-0.01314,0.01161,-5.00,0.00,0.00,29.3,125.67,634.36,273.08,DESCEND
5.9434,-0.0828,0.2191,0.0847,-0.01237,-0.00714,0.00961,-5.00,0.00,0.00,29.4,125.67,634.36,273.04,DESCEND
5.9535,0.0271,0.0191,-0.4552,-0.00637,-0.00914,0.00261,-5.00,0.00,0.00,29.4,125.67,634.37,272.98,DESCEND
5.9637,-0.2228,0.2491,0.0947,-0.02137,-0.00614,0.01261,-5.00,0.00,0.00,29.5,125.67,634.37,272.92,DESCEND
5.9738,0.0371,0.1091,-0.2052,0.00162,-0.00114,0.01261,-5.00,0.00,0.00,29.5,125.67,634.37,272.88,DESCEND
5.9838,-0.2328,0.2791,-0.0352,-0.02337,-0.01414,0.01161,-5.00,0.00,0.00,29.6,125.67,634.37,272.82,DESCEND
5.9939,-0.0528,0.2591,-0.2452,-0.00837,-0.00814,0.01061,-5.00,0.00,0.00,29.6,125.67,634.37,272.78,DESCEND
6.0040,-0.0928,0.2991,-0.1852,-0.00537,-0.00314,0.01161,-5.00,0.00,0.00,29.7,125.67,634.38,272.72,DESCEND
6.0141,0.0571,0.5591,-0.5452,-0.00137,-0.01014,0.01161,-5.00,0.00,0.00,29.7,125.67,634.38,272.68,DESCEND
6.0242,0.1371,0.3091,-0.1252,0.01262,-0.00514,0.01061,-5.00,0.00,0.00,29.8,125.67,634.38,272.62,DESCEND
6.0343,-0.0728,0.2291,-0.3852,-0.00737,-0.01214,0.01161,-5.00,0.00,0.00,29.8,125.67,634.38,272.58,DESCEND
6.0444,0.1571,0.1491,-0.0352,0.00762,-0.00114,0.00861,-5.00,0.00,0.00,29.9,125.67,634.38,272.52,DESCEND
6.0545,-0.1528,0.5991,-0.4252,-0.01037,-0.01014,0.01161,-5.00,0.00,0.00,29.9,125.67,634.39,272.48,DESCEND
6.0646,-0.1328,0.3391,-0.3352,-0.01937,-0.00714,0.00861,-5.00,0.00,0.00,30.0,125.67,634.39,272.42,DESCEND
6.0747,-0.2428,0.2191,0.3647,-0.00837,0.00485,0.01161,-5.00,0.00,0.00,30.0,125.67,634.39,272.38,DESCEND
6.0848,-0.0628,0.3391,-0.0752,-0.00837,-0.01414,0.01261,-5.00,0.00,0.00,30.1,125.67,634.39,272.32,DESCEND
6.0949,0.0471,-0.1708,-0.0052,0.00262,-0.00014,0.00561,-5.00,0.00,0.00,30.1,125.67,634.39,272.28,DESCEND
6.1050,0.1471,0.2191,-0.2052,-0.00337,-0.01514,0.01161,-5.00,0.00,0.00,30.2,125.67,634.40,272.22,DESCEND
6.1151,-0.3528,0.0991,0.0247,-0.01237,-0.00314,0.01161,-5.00,0.00,0.00,30.2,125.67,634.40,272.18,DESCEND
6.1252,-0.1228,0.1491,0.0647,-0.01637,0.00285,0.00661,-5.00,0.00,0.00,30.3,125.67,634.40,272.12,DESCEND
6.1352,-0.1528,0.4491,-0.3952,-0.00737,-0.00214,0.01461,-5.00,0.00,0.00,30.3,125.67,634.40,272.08,DESCEND
6.1453,0.0571,0.4191,-0.3352,0.00962,-0.01114,0.01461,-5.00,0.00,0.00,30.4,125.67,634.40,272.02,DESCEND
6.1555,-0.2528,0.2191,-0.1552,-0.01137,-0.00314,0.01061,-5.00,0.00,0.00,30.4,125.67,634.40,271.98,DESCEND
6.1656,0.0071,0.1391,0.0947,-0.00737,-0.00214,0.00861,-5.00,0.00,0.00,30.5,125.67,634.41,271.92,DESCEND
6.1757,-0.1028,0.1391,0.0647,-0.00837,-0.00414,0.01161,-5.00,0.00,0.00,30.5,125.67,634.41,271.88,DESCEND
6.1858,-0.0928,-0.0408,-0.0352,-0.00837,-0.00714,0.00761,-5.00,0.00,0.00,30.6,125.67,634.41,271.82,DESCEND
6.1959,-0.0128,0.0991,0.1447,0.00062,0.00485,0.01361,-5.00,0.00,0.00,30.6,125.67,634.41,271.76,DESCEND
6.2059,-0.2428,0.4991,-0.1452,-0.01937,-0.00714,0.01261,-5.00,0.00,0.00,30.7,125.67,634.41,271.72,DESCEND
6.2160,-0.2128,0.4291,-0.1552,-0.01637,-0.00114,0.01361,-5.00,0.00,0.00,30.7,125.67,634.42,271.66,DESCEND
6.2261,-0.2628,0.6291,-0.5452,-0.01537,-0.01214,0.01561,-5.00,0.00,0.00,30.8,125.67,634.42,271.62,DESCEND
6.2362,-0.1928,0.1791,-0.2452,-0.00937,-0.00714,0.01061,-5.00,0.00,0.00,30.8,125.67,634.42,271.56,DESCEND
6.2463,-0.1128,0.2091,-0.2152,-0.01437,-0.00814,0.01261,-5.00,0.00,0.00,30.9,125.67,634.42,271.52,DESCEND
6.2564,-0.1828,0.5691,-0.4052,-0.01937,-0.01314,0.01761,-5.00,0.00,0.00,30.9,125.67,634.42,271.46,DESCEND
6.2666,-0.2128,0.1991,-0.0752,-0.01237,-0.00314,0.00961,-5.00,0.00,0.00,31.0,125.67,634.42,271.42,DESCEND
6.2766,-0.1128,0.7791,-0.4452,-0.01337,-0.01414,0.01761,-5.00,0.00,0.00,31.0,125.67,634.43,271.36,DESCEND
6.2867,-0.0328,0.3191,-0.0952,-0.00437,-0.00014,0.01061,-5.00,0.00,0.00,31.1,125.67,634.43,271.32,DESCEND
6.2969,-0.1128,0.2391,-0.1452,-0.02237,-0.02014,0.01061,-5.00,0.00,0.00,31.1,125.67,634.43,271.26,DESCEND
6.3070,-0.0028,0.1591,-0.2552,0.00762,-0.00014,0.01161,-5.00,0.00,0.00,31.2,125.67,634.43,271.22,DESCEND
6.3170,-0.0428,0.0091,0.0147,-0.00137,0.00085,0.01061,-5.00,0.00,0.00,31.2,125.67,634.43,271.16,DESCEND
6.3271,-0.2228,0.2791,-0.0552,-0.00837,-0.00414,0.00961,-5.00,0.00,0.00,31.3,125.67,634.44,271.12,DESCEND
6.3372,-0.0428,0.1291,0.0247,-0.00837,-0.00914,0.01361,-5.00,0.00,0.00,31.3,125.67,634.44,271.06,DESCEND
6.3473,-0.1328,0.6891,-0.4152,-0.00937,-0.00514,0.01561,-5.00,0.00,0.00,31.4,125.67,634.44,271.02,DESCEND
6.3574,-0.0628,0.3691,-0.3752,-0.02037,-0.01214,0.01261,-5.00,0.00,0.00,31.4,125.67,634.44,270.96,DESCEND
6.3675,-0.2228,0.3591,-0.2452,-0.00037,0.00385,0.01461,-5.00,0.00,0.00,31.5,125.67,634.44,270.90,DESCEND
6.3776,-0.3128,0.5891,-0.4452,-0.01737,-0.00314,0.01561,-5.00,0.00,0.00,31.5,125.67,634.45,270.86,DESCEND
6.3877,-0.0228,0.4791,-0.3652,-0.00437,-0.01514,0.01561,-5.00,0.00,0.00,31.6,125.68,634.45,270.80,DESCEND
6.3979,0.0571,0.4091,-0.0652,-0.00437,-0.00414,0.01161,-5.00,0.00,0.00,31.6,125.68,634.45,270.76,DESCEND
6.4080,-0.0528,0.0191,0.1747,0.01262,0.00685,0.01061,-5.00,0.00,0.00,31.7,125.68,634.45,270.70,DESCEND
6.4181,-0.1528,0.4291,-0.3752,0.00862,0.00085,0.01661,-5.00,0.00,0.00,31.7,125.68,634.45,270.66,DESCEND
6.4282,-0.1028,0.0391,0.2347,0.00562,0.00185,0.01061,-5.00,0.00,0.00,31.8,125.68,634.46,270.60,DESCEND
6.4383,-0.1128,0.1091,0.0347,0.00062,0.00085,0.01061,-5.00,0.00,0.00,31.8,125.68,634.46,270.56,DESCEND
6.4484,-0.0328,0.0191,0.0447,-0.01037,-0.00214,0.01261,-5.00,0.00,0.00,31.9,125.68,634.46,270.50,DESCEND
6.4585,0.0771,0.4891,-0.3552,0.00562,-0.00914,0.01361,-5.00,0.00,0.00,31.9,125.68,634.46,270.46,DESCEND
6.4686,-0.3428,0.2291,-0.0152,0.01062,0.01485,0.01361,-5.00,0.00,0.00,32.0,125.68,634.46,270.40,DESCEND
6.4787,-0.0528,0.2191,-0.3752,-0.00137,-0.00414,0.01461,-5.00,0.00,0.00,32.0,125.68,634.46,270.36,DESCEND
6.4888,-0.0628,0.3791,-0.2752,-0.00837,-0.00814,0.01361,-5.00,0.00,0.00,32.1,125.68,634.47,270.30,DESCEND
6.4989,0.0371,0.4191,-0.2952,-0.00837,-0.01314,0.01161,-5.00,0.00,0.00,32.1,125.68,634.47,270.26,DESCEND
6.5090,-0.1028,0.2891,-0.0452,0.00962,-0.00114,0.01461,-5.00,0.00,0.00,32.2,125.68,634.47,270.20,DESCEND
6.5191,-0.1428,0.1691,-0.1652,-0.01137,-0.01014,0.00961,-5.00,0.00,0.00,32.2,125.68,634.47,270.16,DESCEND
6.5292,-0.2628,0.0291,0.0847,-0.00637,0.01085,0.01261,-5.00,0.00,0.00,32.3,125.68,634.47,270.10,DESCEND
6.5392,-0.1128,0.8191,-0.5152,-0.01237,-0.01214,0.01561,-5.00,0.00,0.00,32.3,125.68,634.47,270.06,DESCEND
6.5493,-0.0528,0.0491,0.0047,0.01462,-0.00214,0.01161,-5.00,0.00,0.00,32.4,125.68,634.48,270.00,DESCEND
6.5594,0.0371,0.4091,-0.1852,0.00062,-0.00714,0.01361,-5.00,0.00,0.00,32.4,125.68,634.48,269.96,DESCEND
6.5695,0.0171,0.1891,-0.0752,-0.00237,-0.00714,0.01061,-5.00,0.00,0.00,32.5,125.68,634.48,269.90,DESCEND
6.5796,-0.0928,0.0291,0.2047,0.00462,0.00285,0.01361,-5.00,0.00,0.00,32.5,125.68,634.48,269.86,DESCEND
6.5897,-0.1228,0.1191,-0.2552,0.01962,0.00485,0.01261,-5.00,0.00,0.00,32.6,125.68,634.48,269.80,DESCEND
6.5998,-0.0428,0.0091,0.1047,-0.00137,-0.00014,0.01261,-5.00,0.00,0.00,32.7,125.68,634.49,269.74,DESCEND
6.6099,-0.2828,0.3591,-0.0052,-0.00837,-0.00414,0.01261,-5.00,0.00,0.00,32.7,125.68,634.49,269.70,DESCEND
6.6200,-0.1528,0.2591,-0.1952,-0.00637,-0.00514,0.01161,-5.00,0.00,0.00,32.8,125.68,634.49,269.64,DESCEND
6.6302,-0.0328,0.2891,-0.3452,-0.00737,-0.00714,0.01161,-5.00,0.00,0.00,32.8,125.68,634.49,269.60,DESCEND
6.6402,-0.2128,-0.2308,0.3147,-0.00337,0.00085,0.01161,-5.00,0.00,0.00,32.9,125.68,634.49,269.54,DESCEND
6.6504,-0.0128,0.0891,-0.0152,0.00262,0.00285,0.01061,-5.00,0.00,0.00,32.9,125.68,634.50,269.50,DESCEND
6.6605,-0.1928,-0.0208,0.1047,-0.00037,0.00885,0.01161,-5.00,0.00,0.00,33.0,125.68,634.50,269.44,DESCEND
6.6705,-0.0628,0.0791,-0.1652,-0.01037,-0.00914,0.01261,-5.00,0.00,0.00,33.0,125.68,634.50,269.40,DESCEND
6.6806,-0.2328,0.4291,0.1347,-0.02637,-0.00614,0.01261,-5.00,0.00,0.00,33.1,125.68,634.50,269.34,DESCEND
6.6907,-0.0228,0.0591,-0.1152,0.00762,0.00185,0.01161,-5.00,0.00,0.00,33.1,125.68,634.50,269.30,DESCEND
6.7008,0.0071,0.2491,-0.0152,0.00462,-0.00414,0.01061,-5.00,0.00,0.00,33.2,125.68,634.51,269.24,DESCEND
6.7109,-0.0528,0.0691,-0.1252,0.00762,0.00685,0.01161,-5.00,0.00,0.00,33.2,125.68,634.51,269.20,DESCEND
6.7210,-0.0528,0.3991,-0.0652,-0.01237,-0.00814,0.00961,-5.00,0.00,0.00,33.3,125.68,634.51,269.14,DESCEND
6.7312,-0.1428,0.1691,0.3147,-0.00837,-0.00214,0.00861,-5.00,0.00,0.00,33.3,125.68,634.51,269.10,DESCEND
6.7412,-0.2128,0.3191,-0.2452,0.00262,-0.00014,0.01361,-5.00,0.00,0.00,33.4,125.68,634.51,269.04,DESCEND
6.7513,0.1371,0.3891,-0.1152,0.00062,-0.00314,0.01061,-5.00,0.00,0.00,33.4,125.68,634.51,269.00,DESCEND
6.7614,-0.1328,0.5591,-0.2452,-0.02337,-0.00114,0.01661,-5.00,0.00,0.00,33.5,125.68,634.52,268.94,DESCEND
6.7715,0.0871,0.3391,-0.1152,0.01962,0.00985,0.01061,-5.00,0.00,0.00,33.5,125.68,634.52,268.90,DESCEND
6.7816,-0.2128,0.0891,0.1147,0.00362,0.01385,0.01261,-5.00,0.00,0.00,33.6,125.68,634.52,268.84,DESCEND
6.7917,-0.1428,0.2791,0.0647,-0.01137,-0.00114,0.01261,-5.00,0.00,0.00,33.6,125.68,634.52,268.78,DESCEND
6.8018,-0.3328,0.7291,-0.5252,-0.01337,-0.00314,0.01661,-5.00,0.00,0.00,33.7,125.68,634.52,268.74,DESCEND
6.8119,-0.0328,0.3991,-0.4452,-0.00137,-0.00014,0.00961,-5.00,0.00,0.00,33.7,125.68,634.53,268.68,DESCEND
6.8220,-0.1928,0.0691,0.1647,-0.00737,-0.00114,0.00961,-5.00,0.00,0.00,33.8,125.68,634.53,268.64,DESCEND
6.8322,-0.2528,0.4391,-0.0652,-0.00537,-0.00314,0.01561,-5.00,0.00,0.00,33.8,125.68,634.53,268.58,DESCEND
6.8440,-0.0328,0.1891,-0.2552,-0.00037,-0.00014,0.01361,-5.00,0.00,0.00,33.9,125.68,634.53,268.52,DESCEND
6.8541,-0.1128,0.3691,-0.2052,-0.00237,-0.00814,0.01461,-5.00,0.00,0.00,33.9,125.68,634.53,268.48,DESCEND
6.8642,-0.0728,0.2391,-0.2252,-0.00737,-0.00914,0.01261,-5.00,0.00,0.00,34.0,125.68,634.54,268.42,DESCEND
6.8743,-0.0728,0.3991,-0.2152,0.00362,-0.01014,0.01561,-5.00,0.00,0.00,34.0,125.68,634.54,268.38,DESCEND
6.8844,-0.3128,0.0791,-0.2252,-0.02237,-0.00314,0.01161,-5.00,0.00,0.00,34.1,125.68,634.54,268.32,DESCEND
6.8945,0.0171,0.3991,-0.0652,-0.00537,-0.00414,0.01261,-5.00,0.00,0.00,34.1,125.68,634.54,268.28,DESCEND
6.9046,-0.2028,0.5291,0.0747,-0.01537,-0.00914,0.01561,-5.00,0.00,0.00,34.2,125.68,634.54,268.23,DESCEND
6.9147,0.0371,0.2791,-0.2952,-0.00137,-0.01514,0.00861,-5.00,0.00,0.00,34.2,125.68,634.54,268.19,DESCEND
6.9248,-0.1628,0.4691,-0.3752,-0.01137,-0.01714,0.01961,-5.00,0.00,0.00,34.3,125.68,634.55,268.13,DESCEND
6.9349,-0.2628,0.1391,-0.1152,-0.00637,0.00185,0.01261,-5.00,0.00,0.00,34.3,125.68,634.55,268.09,DESCEND
6.9450,0.0771,0.1391,-0.1752,0.00162,-0.01214,0.01561,-5.00,0.00,0.00,34.4,125.68,634.55,268.03,DESCEND
6.9551,-0.0128,0.2691,-0.1452,0.00162,-0.00414,0.01061,-5.00,0.00,0.00,34.4,125.68,634.55,267.99,DESCEND
6.9653,-0.2428,0.3891,0.1947,-0.02137,-0.00014,0.01261,-5.00,0.00,0.00,34.5,125.68,634.55,267.93,DESCEND
6.9754,-0.0328,0.4191,-0.3852,-0.02437,-0.02214,0.01361,-5.00,0.00,0.00,34.5,125.68,634.56,267.89,DESCEND
6.9855,-0.1928,0.0791,0.1247,0.01062,0.00085,0.01161,-5.00,0.00,0.00,34.6,125.68,634.56,267.83,DESCEND
6.9956,-0.1828,0.1491,-0.0852,0.00262,0.00085,0.01061,-5.00,0.00,0.00,34.6,125.68,634.56,267.79,DESCEND
7.0057,-0.1428,-0.0008,0.1247,-0.00737,0.00385,0.01261,-5.00,0.00,0.00,34.7,125.68,634.56,267.73,DESCEND
7.0158,0.0271,0.2091,-0.2152,0.01662,0.00585,0.01361,-5.00,0.00,0.00,34.7,125.68,634.56,267.67,DESCEND
7.0259,-0.0528,-0.1708,-0.0752,-0.01137,-0.00814,0.00961,-5.00,0.00,0.00,34.8,125.68,634.57,267.63,DESCEND
7.0360,-0.1428,0.0691,0.1147,-0.00337,-0.00314,0.01061,-5.00,0.00,0.00,34.8,125.68,634.57,267.57,DESCEND
7.0461,-0.0528,0.0391,0.0047,0.00562,-0.00314,0.01061,-5.00,0.00,0.00,34.9,125.68,634.57,267.53,DESCEND
7.0562,-0.1128,0.2291,-0.1052,-0.00337,0.00285,0.01061,-5.00,0.00,0.00,34.9,125.68,634.57,267.47,DESCEND
7.0663,-0.0028,0.3091,0.0347,0.00662,-0.00114,0.01161,-5.00,0.00,0.00,35.0,125.68,634.57,267.43,DESCEND
7.0764,-0.0728,0.2791,-0.1152,-0.00637,-0.00414,0.01161,-5.00,0.00,0.00,35.0,125.68,634.57,267.37,DESCEND
7.0865,-0.0128,0.1791,-0.2252,-0.00237,-0.00814,0.01161,-5.00,0.00,0.00,35.1,125.68,634.58,267.33,DESCEND
7.0966,-0.0928,0.1891,-0.0252,-0.00337,0.00485,0.01061,-5.00,0.00,0.00,35.1,125.68,634.58,267.27,DESCEND
7.1067,-0.0828,0.1491,0.0447,0.00562,-0.00114,0.01461,-5.00,0.00,0.00,35.2,125.69,634.58,267.23,DESCEND
7.1168,-0.0628,0.3191,-0.2152,0.00262,-0.00014,0.01461,-5.00,0.00,0.00,35.2,125.69,634.58,267.17,DESCEND
7.1269,-0.1328,0.2791,0.0347,0.00162,0.00085,0.01461,-5.00,0.00,0.00,35.3,125.69,634.58,267.13,DESCEND
7.1370,-0.0528,0.2291,-0.1352,-0.00837,-0.00414,0.01061,-5.00,0.00,0.00,35.3,125.69,634.59,267.07,DESCEND
7.1471,-0.0528,0.7191,-0.3252,-0.00837,-0.01014,0.01461,-5.00,0.00,0.00,35.4,125.69,634.59,267.03,DESCEND
7.1571,0.0871,0.3491,-0.4352,0.01062,-0.00414,0.01061,-5.00,0.00,0.00,35.4,125.69,634.59,266.97,DESCEND
7.1672,-0.0328,-0.0808,-0.0352,-0.00237,-0.00114,0.00761,-5.00,0.00,0.00,35.5,125.69,634.59,266.93,DESCEND
7.1773,0.0371,0.0491,0.2147,0.01162,0.01085,0.00861,-5.00,0.00,0.00,35.5,125.69,634.59,266.87,DESCEND
7.1874,0.1071,0.0891,-0.0652,0.00662,0.00285,0.01561,-5.00,0.00,0.00,35.6,125.69,634.59,266.83,DESCEND
7.1975,-0.1728,-0.0608,0.2447,0.00262,0.00685,0.01261,-5.00,0.00,0.00,35.6,125.69,634.60,266.77,DESCEND
7.2076,-0.2028,-0.0908,0.1247,-0.01437,-0.00214,0.00861,-5.00,0.00,0.00,35.7,125.69,634.60,266.71,DESCEND
7.2177,-0.2728,0.0391,0.3847,-0.01637,0.00185,0.00861,-5.00,0.00,0.00,35.7,125.69,634.60,266.67,DESCEND
7.2278,0.0371,0.2391,-0.0452,-0.00637,-0.00314,0.01361,-5.00,0.00,0.00,35.8,125.69,634.60,266.61,DESCEND
7.2379,-0.0728,0.0991,-0.0452,0.00962,-0.00014,0.01461,-5.00,0.00,0.00,35.8,125.69,634.60,266.57,DESCEND
7.2481,0.0571,-0.1108,-0.0152,0.00362,-0.00714,0.00861,-5.00,0.00,0.00,35.9,125.69,634.61,266.51,DESCEND
7.2581,0.0071,0.1791,-0.1152,-0.00337,-0.00014,0.01261,-5.00,0.00,0.00,35.9,125.69,634.61,266.47,DESCEND
7.2682,0.0071,0.3591,-0.4752,0.00562,-0.00514,0.01561,-5.00,0.00,0.00,36.0,125.69,634.61,266.41,DESCEND
7.2783,-0.3028,0.6691,-0.2552,-0.02637,-0.01714,0.01761,-5.00,0.00,0.00,36.0,125.69,634.61,266.37,DESCEND
7.2884,0.0771,0.2191,0.0447,-0.00837,-0.01414,0.01461,-5.00,0.00,0.00,36.1,125.69,634.61,266.31,DESCEND
7.2985,-0.0428,0.3391,-0.2452,-0.00637,-0.01214,0.01561,-5.00,0.00,0.00,36.1,125.69,634.62,266.27,DESCEND
7.3086,-0.1128,0.3091,0.0847,-0.00637,-0.00014,0.01361,-5.00,0.00,0.00,36.2,125.69,634.62,266.21,DESCEND
7.3187,-0.0128,0.3291,-0.2452,0.02962,0.01385,0.01061,-5.00,0.00,0.00,36.2,125.69,634.62,266.17,DESCEND
7.3288,0.0571,0.0191,-0.0352,0.01962,0.00785,0.01161,-5.00,0.00,0.00,36.3,125.69,634.62,266.11,DESCEND
7.3389,-0.0228,-0.1108,0.1347,0.00062,-0.00214,0.01061,-5.00,0.00,0.00,36.3,125.69,634.62,266.07,DESCEND
7.3490,-0.0128,0.7791,-0.6152,-0.00937,-0.01614,0.01561,-5.00,0.00,0.00,36.4,125.69,634.62,266.01,DESCEND
7.3590,-0.2328,0.0591,0.0747,-0.00037,0.01085,0.01161,-5.00,0.00,0.00,36.4,125.69,634.63,265.97,DESCEND
7.3691,-0.0128,0.2491,-0.2252,-0.00337,-0.01014,0.01261,-5.00,0.00,0.00,36.5,125.69,634.63,265.91,DESCEND
7.3792,-0.1428,0.3691,-0.3852,-0.00037,-0.00414,0.01261,-5.00,0.00,0.00,36.5,125.69,634.63,265.87,DESCEND
7.3893,-0.2228,0.0891,0.0547,-0.00337,0.01085,0.01061,-5.00,0.00,0.00,36.6,125.69,634.63,265.81,DESCEND
7.3994,-0.0828,0.0191,0.0047,-0.01237,-0.00114,0.01161,-5.00,0.00,0.00,36.6,125.69,634.63,265.77,DESCEND
7.4095,0.1471,0.1491,0.1147,0.00462,-0.00514,0.01161,-5.00,0.00,0.00,36.7,125.69,634.64,265.71,DESCEND
7.4196,0.0671,0.3191,-0.0652,0.01162,0.00085,0.01261,-5.00,0.00,0.00,36.7,125.69,634.64,265.67,DESCEND
7.4297,-0.0028,0.0991,-0.3252,0.01162,-0.00514,0.01261,-5.00,0.00,0.00,36.8,125.69,634.64,265.61,DESCEND
7.4398,0.0471,0.3691,-0.2152,-0.00237,-0.01714,0.01661,-5.00,0.00,0.00,36.9,125.69,634.64,265.55,DESCEND
7.4499,-0.0528,0.1691,0.1447,0.00862,0.00185,0.01461,-5.00,0.00,0.00,36.9,125.69,634.64,265.51,DESCEND
7.4600,0.0071,0.1291,-0.2252,0.01362,-0.00214,0.00961,-5.00,0.00,0.00,37.0,125.69,634.65,265.45,DESCEND
7.4701,-0.0428,0.2391,0.2147,0.00262,-0.00114,0.01561,-5.00,0.00,0.00,37.0,125.69,634.65,265.41,DESCEND
7.4801,-0.2328,0.1191,0.1347,-0.00037,0.00185,0.01361,-5.00,0.00,0.00,37.1,125.69,634.65,265.35,DESCEND
7.4902,-0.2928,0.4591,-0.2252,-0.02037,-0.01714,0.01661,-5.00,0.00,0.00,37.1,125.69,634.65,265.31,DESCEND
7.5003,-0.0128,0.3091,-0.0052,-0.01737,-0.01214,0.01061,-5.00,0.00,0.00,37.2,125.69,634.65,265.25,DESCEND
7.5104,-0.0428,0.3091,-0.1952,-0.01037,-0.00314,0.01361,-5.00,0.00,0.00,37.2,125.69,634.65,265.21,DESCEND
7.5205,-0.0428,0.2991,-0.0852,0.01262,0.00585,0.01361,-5.00,0.00,0.00,37.3,125.69,634.66,265.15,DESCEND
7.5307,-0.0428,0.1891,0.1047,-0.01937,-0.00114,0.01061,-5.00,0.00,0.00,37.3,125.69,634.66,265.11,DESCEND
7.5407,-0.1328,0.3991,-0.0452,-0.02737,-0.00914,0.01361,-5.00,0.00,0.00,37.4,125.69,634.66,265.05,DESCEND
7.5508,-0.0728,0.5191,-0.1852,-0.00837,-0.00314,0.01461,-5.00,0.00,0.00,37.4,125.69,634.66,265.01,DESCEND
7.5609,-0.1328,0.3491,-0.1552,-0.00337,-0.00614,0.01361,-5.00,0.00,0.00,37.5,125.69,634.66,264.95,DESCEND
7.5710,-0.0628,0.2091,-0.0352,0.00062,0.00085,0.01461,-5.00,0.00,0.00,37.5,125.69,634.67,264.91,DESCEND
7.5811,-0.1428,0.3191,-0.0052,-0.00337,0.00885,0.01461,-5.00,0.00,0.00,37.6,125.69,634.67,264.85,DESCEND
7.5913,0.1871,0.3991,-0.4052,0.01062,-0.00614,0.00861,-5.00,0.00,0.00,37.6,125.69,634.67,264.81,DESCEND
7.6013,-0.0628,0.2391,-0.1552,0.00562,-0.00814,0.01261,-5.00,0.00,0.00,37.7,125.69,634.67,264.75,DESCEND
7.6114,0.0571,0.1391,-0.1252,0.00662,-0.00714,0.01361,-5.00,0.00,0.00,37.7,125.69,634.67,264.71,DESCEND
7.6215,-0.0828,0.2391,0.1147,-0.00937,0.00085,0.01361,-5.00,0.00,0.00,37.8,125.69,634.68,264.65,DESCEND
7.6318,-0.0528,-0.1008,0.5847,0.00462,0.01185,0.01161,-5.00,0.00,0.00,37.8,125.69,634.68,264.59,DESCEND
7.6418,-0.0428,-0.0208,0.1947,-0.00737,-0.00014,0.01061,-5.00,0.00,0.00,37.9,125.69,634.68,264.55,DESCEND
7.6519,-0.0728,-0.0208,0.3047,-0.00337,0.00285,0.01261,-5.00,0.00,0.00,37.9,125.69,634.68,264.49,DESCEND
7.6621,-0.1728,0.1591,0.2047,-0.00737,-0.00314,0.01561,-5.00,0.00,0.00,38.0,125.69,634.68,264.45,DESCEND
7.6722,-0.2828,0.3591,-0.1352,-0.01237,-0.00614,0.01361,-5.00,0.00,0.00,38.0,125.69,634.68,264.39,DESCEND
7.6823,-0.1628,0.3991,-0.2452,-0.00137,0.00285,0.01361,-5.00,0.00,0.00,38.1,125.69,634.69,264.35,DESCEND
7.6924,-0.2828,0.2791,0.1747,-0.00037,0.01385,0.01561,-5.00,0.00,0.00,38.1,125.69,634.69,264.29,DESCEND
7.7025,-0.2428,0.2191,-0.1152,-0.00937,-0.00014,0.01261,-5.00,0.00,0.00,38.2,125.69,634.69,264.25,DESCEND
7.7126,-0.0728,0.1591,0.1547,-0.00437,-0.00514,0.01261,-5.00,0.00,0.00,38.2,125.69,634.69,264.19,DESCEND
7.7227,-0.0128,0.2791,-0.3352,0.00262,-0.00514,0.01461,-5.00,0.00,0.00,38.3,125.69,634.69,264.15,DESCEND
7.7328,-0.0828,0.0791,0.2947,-0.00237,0.00485,0.01161,-5.00,0.00,0.00,38.3,125.69,634.70,264.09,DESCEND
7.7429,-0.1028,0.0191,0.0947,-0.00837,0.00185,0.01361,-5.00,0.00,0.00,38.4,125.69,634.70,264.05,DESCEND
7.7530,-0.0128,0.2991,-0.2252,0.00962,0.00085,0.01161,-5.00,0.00,0.00,38.4,125.69,634.70,263.99,DESCEND
7.7632,-0.1228,-0.0208,0.1047,-0.01737,-0.00214,0.01361,-5.00,0.00,0.00,38.5,125.69,634.70,263.95,DESCEND
7.7733,-0.0328,-0.2208,0.2647,0.01062,0.01385,0.00961,-5.00,0.00,0.00,38.5,125.69,634.70,263.89,DESCEND
7.7834,0.0171,-0.3508,0.1347,0.00262,-0.00114,0.00961,-5.00,0.00,0.00,38.6,125.69,634.70,263.85,DESCEND
7.7935,-0.0728,0.3991,-0.2252,-0.01337,-0.00614,0.01761,-5.00,0.00,0.00,38.6,125.69,634.71,263.79,DESCEND
7.8036,-0.1928,0.5691,-0.5052,-0.00837,-0.01014,0.01461,-5.00,0.00,0.00,38.7,125.69,634.71,263.75,DESCEND
7.8137,0.0171,0.4891,-0.0352,-0.02037,-0.01814,0.01461,-5.00,0.00,0.00,38.7,125.69,634.71,263.69,DESCEND
7.8239,0.0571,0.3491,-0.1352,0.01362,-0.00514,0.01461,-5.00,0.00,0.00,38.8,125.69,634.71,263.63,DESCEND
7.8340,-0.0328,0.1691,-0.3652,0.00062,-0.01014,0.01561,-5.00,0.00,0.00,38.8,125.69,634.71,263.59,DESCEND
7.8441,-0.2028,0.2391,-0.1652,-0.02037,-0.01414,0.01561,-5.00,0.00,0.00,38.9,125.70,634.72,263.53,DESCEND
7.8542,-0.0128,0.4991,-0.2552,0.00662,-0.00814,0.01661,-5.00,0.00,0.00,38.9,125.70,634.72,263.49,DESCEND
7.8643,0.0171,0.2891,-0.1052,0.01562,0.00285,0.01461,-5.00,0.00,0.00,39.0,125.70,634.72,263.43,DESCEND
7.8744,-0.2028,0.4891,-0.5052,-0.00337,-0.00814,0.01661,-5.00,0.00,0.00,39.0,125.70,634.72,263.39,DESCEND
7.8845,-0.0528,0.3691,-0.0152,0.01662,0.00285,0.01261,-5.00,0.00,0.00,39.1,125.70,634.72,263.33,DESCEND
7.8946,-0.1428,0.0691,0.0847,-0.00437,0.00085,0.01161,-5.00,0.00,0.00,39.1,125.70,634.73,263.29,DESCEND
7.9047,0.0071,0.1391,-0.1552,-0.01137,-0.01314,0.01061,-5.00,0.00,0.00,39.2,125.70,634.73,263.23,DESCEND
7.9148,-0.0428,0.3691,-0.1652,-0.00837,0.00085,0.01361,-5.00,0.00,0.00,39.2,125.70,634.73,263.19,DESCEND
7.9249,-0.0228,0.1791,-0.1952,0.00162,-0.01214,0.01361,-5.00,0.00,0.00,39.3,125.70,634.73,263.13,DESCEND
7.9350,-0.1528,-0.1608,0.2747,-0.01437,-0.00414,0.00961,-5.00,0.00,0.00,39.3,125.70,634.73,263.09,DESCEND
7.9451,0.0571,0.4591,-0.1052,0.00262,0.00285,0.01461,-5.00,0.00,0.00,39.4,125.70,634.74,263.03,DESCEND
7.9552,0.2171,-0.1008,0.0247,0.00462,0.00285,0.01061,-5.00,0.00,0.00,39.4,125.70,634.74,262.99,DESCEND
7.9653,-0.0228,0.2591,-0.1352,-0.00437,-0.00514,0.01361,-5.00,0.00,0.00,39.5,125.70,634.74,262.93,DESCEND
7.9754,-0.0928,0.2191,-0.3252,-0.00537,-0.01814,0.01561,-5.00,0.00,0.00,39.5,125.70,634.74,262.89,DESCEND
7.9855,0.0271,0.2291,0.0147,0.00062,-0.00614,0.01261,-5.00,0.00,0.00,39.6,125.70,634.74,262.83,DESCEND
7.9956,-0.1028,0.2491,0.2047,-0.01537,-0.01014,0.01661,-5.00,0.00,0.00,39.6,125.70,634.74,262.79,DESCEND
8.0057,-0.1528,0.4291,-0.1452,-0.00337,0.00085,0.01561,-5.00,0.00,0.00,39.7,125.70,634.75,262.73,DESCEND
8.0158,-0.0828,0.2191,0.1247,0.01262,0.01485,0.01161,-5.00,0.00,0.00,39.7,125.70,634.75,262.67,DESCEND
8.0259,-0.2528,0.5291,-0.2852,-0.02037,-0.00714,0.01461,-5.00,0.00,0.00,39.8,125.70,634.75,262.63,DESCEND
8.0360,0.0071,0.2891,-0.2652,-0.00037,-0.00014,0.01761,-5.00,0.00,0.00,39.8,125.70,634.75,262.57,DESCEND
8.0461,0.0471,0.3691,-0.1852,-0.00637,-0.01314,0.01361,-5.00,0.00,0.00,39.9,125.70,634.75,262.53,DESCEND
8.0561,-0.1428,0.3591,0.0147,-0.01337,-0.00014,0.01761,-5.00,0.00,0.00,39.9,125.70,634.76,262.47,DESCEND
8.0663,-0.1028,0.2691,0.0447,0.00162,0.00185,0.01761,-5.00,0.00,0.00,40.0,125.70,634.76,262.43,DESCEND
8.0763,-0.0028,0.3391,-0.1352,-0.00837,-0.00514,0.01461,-5.00,0.00,0.00,40.0,125.70,634.76,262.37,DESCEND
8.0864,0.0171,0.5291,-0.3252,0.01362,-0.00114,0.01661,-5.00,0.00,0.00,40.1,125.70,634.76,262.33,DESCEND
8.0965,-0.1228,0.1391,0.0047,-0.01737,-0.00814,0.01461,-5.00,0.00,0.00,40.1,125.70,634.76,262.27,DESCEND
8.1066,0.0971,0.3491,-0.1852,0.00962,-0.00114,0.01461,-5.00,0.00,0.00,40.2,125.70,634.76,262.23,DESCEND
8.1167,-0.1728,0.0791,-0.0052,-0.00137,-0.00314,0.01461,-5.00,0.00,0.00,40.2,125.70,634.77,262.17,DESCEND
8.1268,-0.1028,0.4791,-0.3852,-0.00537,-0.01014,0.01261,-5.00,0.00,0.00,40.3,125.70,634.77,262.13,DESCEND
8.1369,-0.0928,-0.0408,0.3447,-0.00037,0.00485,0.00961,-5.00,0.00,0.00,40.3,125.70,634.77,262.07,DESCEND
8.1470,-0.0728,0.3191,-0.2452,-0.00837,-0.00914,0.01461,-5.00,0.00,0.00,40.4,125.70,634.77,262.03,DESCEND
8.1571,0.0171,0.2591,-0.0452,-0.00137,-0.00214,0.01261,-5.00,0.00,0.00,40.4,125.70,634.77,261.97,DESCEND
8.1672,-0.2528,0.0191,0.2147,-0.00837,0.00685,0.01261,-5.00,0.00,0.00,40.5,125.70,634.78,261.93,DESCEND
8.1772,-0.0228,0.4491,-0.3152,0.00762,-0.00114,0.01361,-5.00,0.00,0.00,40.5,125.70,634.78,261.87,DESCEND
8.1873,0.0071,0.5391,-0.2252,-0.00537,-0.01614,0.01461,-5.00,0.00,0.00,40.6,125.70,634.78,261.83,DESCEND
8.1975,-0.1428,0.3291,0.1047,-0.00137,0.00885,0.01661,-5.00,0.00,0.00,40.6,125.70,634.78,261.77,DESCEND
8.2076,-0.0728,0.2391,-0.2052,0.01362,0.00285,0.01461,-5.00,0.00,0.00,40.7,125.70,634.78,261.73,DESCEND
8.2177,-0.2028,0.4791,-0.3752,-0.00037,-0.00414,0.01561,-5.00,0.00,0.00,40.7,125.70,634.79,261.67,DESCEND
8.2278,0.1071,0.2991,-0.1452,0.00062,-0.00314,0.01161,-5.00,0.00,0.00,40.8,125.70,634.79,261.61,DESCEND
8.2378,-0.1028,0.3191,-0.0652,-0.00337,0.00085,0.01461,-5.00,0.00,0.00,40.8,125.70,634.79,261.57,DESCEND
8.2479,-0.0428,0.3091,-0.4652,0.00162,-0.01714,0.01761,-5.00,0.00,0.00,40.9,125.70,634.79,261.51,DESCEND
8.2580,-0.2428,0.0991,-0.0952,-0.01237,-0.00214,0.01261,-5.00,0.00,0.00,40.9,125.70,634.79,261.47,DESCEND
8.2681,-0.1728,0.3191,-0.3052,-0.01937,-0.00714,0.01561,-5.00,0.00,0.00,41.0,125.70,634.79,261.41,DESCEND
8.2782,-0.1628,0.4891,-0.3652,-0.00337,-0.00114,0.01761,-5.00,0.00,0.00,41.0,125.70,634.80,261.37,DESCEND
8.2883,0.0571,-0.0108,0.0147,0.01062,0.00585,0.00961,-5.00,0.00,0.00,41.1,125.70,634.80,261.31,DESCEND
8.2984,0.0371,0.1891,0.0047,0.00162,-0.00814,0.00861,-5.00,0.00,0.00,41.1,125.70,634.80,261.27,DESCEND
8.3085,-0.2128,0.4891,0.0047,-0.01537,-0.01114,0.01361,-5.00,0.00,0.00,41.2,125.70,634.80,261.21,DESCEND
8.3186,0.1071,0.0991,-0.1152,0.00762,-0.00614,0.01361,-5.00,0.00,0.00,41.2,125.70,634.80,261.17,DESCEND
8.3287,-0.0028,0.1891,0.0747,-0.00037,0.00085,0.01461,-5.00,0.00,0.00,41.3,125.70,634.81,261.11,DESCEND
8.3388,-0.0328,0.4291,-0.1152,-0.00037,-0.00914,0.01161,-5.00,0.00,0.00,41.3,125.70,634.81,261.07,DESCEND
8.3489,-0.0128,0.3491,-0.1852,-0.00237,-0.00714,0.01461,-5.00,0.00,0.00,41.4,125.70,634.81,261.01,DESCEND
8.3590,-0.0228,0.1091,-0.0252,-0.01537,-0.00914,0.01361,-5.00,0.00,0.00,41.4,125.70,634.81,260.97,DESCEND
8.3691,0.0171,0.1591,0.1847,-0.00437,0.01285,0.01261,-5.00,0.00,0.00,41.5,125.70,634.81,260.91,DESCEND
8.3791,-0.1228,0.2891,-0.1352,-0.01137,0.01285,0.01061,-5.00,0.00,0.00,41.5,125.70,634.81,260.87,DESCEND
8.3892,-0.0528,0.2191,0.0247,-0.00237,0.01385,0.00661,-5.00,0.00,0.00,41.6,125.70,634.82,260.81,DESCEND
8.3994,0.0771,0.3091,-0.2552,0.00662,0.01885,0.00961,-5.00,0.00,0.00,41.6,125.70,634.82,260.77,DESCEND
8.4094,0.0971,0.5991,-0.2452,-0.00037,0.02485,0.00861,-5.00,0.00,0.00,41.7,125.70,634.82,260.71,DESCEND
8.4195,0.1971,0.1291,0.0447,0.01562,0.03085,0.00561,-5.00,0.00,0.00,41.7,125.70,634.82,260.67,DESCEND
8.4296,0.1071,0.6491,-0.2452,-0.01137,0.02485,0.00761,-5.00,0.00,0.00,41.8,125.70,634.82,260.61,DESCEND
8.4397,0.1271,0.4691,-0.2652,-0.00837,0.02485,0.00861,-5.00,0.00,0.00,41.9,125.70,634.83,260.55,DESCEND
8.4498,-0.0228,0.1191,0.3547,-0.01637,0.04185,0.00561,-5.00,0.00,0.00,41.9,125.70,634.83,260.51,DESCEND
8.4599,0.2871,0.3191,-0.0352,0.00362,0.02685,0.00561,-5.00,0.00,0.00,42.0,125.70,634.83,260.45,DESCEND
8.4700,0.3471,0.3191,-0.4752,0.00462,0.02385,0.00561,-5.00,0.00,0.00,42.0,125.70,634.83,260.41,DESCEND
8.4801,0.1771,-0.0108,0.1947,-0.00737,0.04985,0.00261,-5.00,0.00,0.00,42.1,125.70,634.83,260.35,DESCEND
8.4902,0.2571,0.3691,-0.3452,0.00962,0.04785,0.00261,-5.00,0.00,0.00,42.1,125.70,634.84,260.31,DESCEND
8.5004,0.1771,0.2991,-0.0552,0.00062,0.05185,0.00461,-5.00,0.00,0.00,42.2,125.70,634.84,260.25,DESCEND
8.5104,0.1571,-0.0108,0.3947,-0.00137,0.05785,0.00561,-5.00,0.00,0.00,42.2,125.70,634.84,260.21,DESCEND
8.5205,0.3271,0.3691,-0.2352,0.00362,0.05285,0.00161,-5.00,0.00,0.00,42.3,125.70,634.84,260.15,DESCEND
8.5307,0.1871,0.5891,-0.0152,-0.00537,0.05585,0.00361,-5.00,0.00,0.00,42.3,125.70,634.84,260.11,DESCEND
8.5407,0.0871,0.0091,0.0147,-0.01537,0.05485,0.00161,-5.00,0.00,0.00,42.4,125.70,634.85,260.05,DESCEND
8.5508,0.3471,0.6191,-0.2552,0.00662,0.05785,0.00161,-5.00,0.00,0.00,42.4,125.70,634.85,260.01,DESCEND
8.5609,0.3971,-0.0608,0.0247,0.00862,0.05785,-0.00338,-5.00,0.00,0.00,42.5,125.70,634.85,259.95,DESCEND
8.5710,0.2971,0.4191,-0.0452,-0.00037,0.06385,0.00161,-5.00,0.00,0.00,42.5,125.70,634.85,259.91,DESCEND
8.5811,0.2771,0.4491,-0.1652,0.00062,0.06385,-0.00038,-5.00,0.00,0.00,42.6,125.70,634.85,259.85,DESCEND
8.5912,0.3071,0.1591,-0.2652,0.00262,0.06285,0.00261,-5.00,0.00,0.00,42.6,125.70,634.85,259.81,DESCEND
8.6013,0.4971,-0.1308,0.3047,0.00562,0.06885,-0.00538,-5.00,0.00,0.00,42.7,125.71,634.86,259.75,DESCEND
8.6114,0.4671,0.0591,0.0147,0.00662,0.06785,-0.00338,-5.00,0.00,0.00,42.7,125.71,634.86,259.71,DESCEND
8.6215,0.6271,-0.1908,0.2647,0.01562,0.07985,-0.00338,-5.00,0.00,0.00,42.8,125.71,634.86,259.65,DESCEND
8.6316,0.4071,0.2291,0.0847,-0.00037,0.08385,-0.00138,-5.00,0.00,0.00,42.8,125.71,634.86,259.59,DESCEND
8.6417,0.6071,0.2691,0.3347,0.00762,0.08085,-0.00538,-5.00,0.00,0.00,42.9,125.71,634.86,259.55,DESCEND
8.6518,0.5471,0.3191,-0.3352,0.01562,0.08585,-0.00338,-5.00,0.00,0.00,42.9,125.71,634.87,259.49,DESCEND
8.6619,0.4071,0.5291,0.1147,0.00862,0.08885,-0.00338,-5.00,0.00,0.00,43.0,125.71,634.87,259.45,DESCEND
8.6720,0.3971,0.3091,0.1847,-0.00637,0.08985,-0.00338,-5.00,0.00,0.00,43.0,125.71,634.87,259.39,DESCEND
8.6822,0.7371,0.1591,-0.1852,0.02262,0.08085,-0.00438,-5.00,0.00,0.00,43.1,125.71,634.87,259.35,DESCEND
8.6923,0.2771,0.3791,-0.3452,-0.01737,0.08185,-0.00538,-5.00,0.00,0.00,43.1,125.71,634.87,259.29,DESCEND
8.7024,0.3071,0.5391,-0.0552,-0.00537,0.09385,-0.00738,-5.00,0.00,0.00,43.2,125.71,634.87,259.25,DESCEND
8.7125,0.5671,0.2291,-0.1252,-0.00037,0.09185,-0.00738,-5.00,0.00,0.00,43.2,125.71,634.88,259.19,DESCEND
8.7226,0.6171,0.1791,0.0947,0.00562,0.09185,-0.00838,-5.00,0.00,0.00,43.3,125.71,634.88,259.15,DESCEND
8.7327,0.3871,0.2591,0.0847,0.00562,0.09985,-0.00738,-5.00,0.00,0.00,43.3,125.71,634.88,259.09,DESCEND
8.7428,0.7271,0.0791,0.3247,0.00362,0.09685,-0.01138,-5.00,0.00,0.00,43.4,125.71,634.88,259.05,DESCEND
8.7529,0.5371,0.0091,0.5047,0.00462,0.11685,-0.00838,-5.00,0.00,0.00,43.4,125.71,634.88,258.99,DESCEND
8.7630,0.7971,0.3391,0.2947,0.01862,0.10985,-0.00938,-5.00,0.00,0.00,43.5,125.71,634.89,258.95,DESCEND
8.7731,0.7071,0.4191,-0.2152,-0.01137,0.09185,-0.00838,-5.00,0.00,0.00,43.5,125.71,634.89,258.89,DESCEND
8.7832,0.4471,0.2291,0.0247,-0.02237,0.10285,-0.00938,-5.00,0.00,0.00,43.6,125.71,634.89,258.85,DESCEND
8.7933,0.7871,0.3591,0.0547,0.00362,0.10385,-0.00738,-5.00,0.00,0.00,43.6,125.71,634.89,258.79,DESCEND
8.8034,0.7771,0.3191,0.1747,0.01162,0.11085,-0.00938,-5.00,0.00,0.00,43.7,125.71,634.89,258.75,DESCEND
8.8135,0.5871,0.5091,-0.1952,-0.00137,0.10585,-0.01238,-5.00,0.00,0.00,43.7,125.71,634.90,258.69,DESCEND
8.8236,0.7471,0.3091,-0.1852,-0.00437,0.11285,-0.01238,-5.00,0.00,0.00,43.8,125.71,634.90,258.65,DESCEND
8.8337,0.6171,0.1891,0.2647,-0.00537,0.11285,-0.01238,-5.00,0.00,0.00,43.8,125.71,634.90,258.59,DESCEND
8.8438,0.6271,0.1991,-0.0952,-0.00837,0.10685,-0.01038,-5.00,0.00,0.00,43.9,125.71,634.90,258.53,DESCEND
8.8539,0.4771,0.6891,-0.0752,-0.02937,0.11085,-0.00738,-5.00,0.00,0.00,43.9,125.71,634.90,258.49,DESCEND
8.8640,0.5971,0.9491,-0.2252,-0.01237,0.11685,-0.01038,-5.00,0.00,0.00,44.0,125.71,634.91,258.43,DESCEND
8.8741,0.6971,0.2891,0.1047,0.01162,0.11785,-0.01138,-5.00,0.00,0.00,44.0,125.71,634.91,258.39,DESCEND
8.8842,0.6571,0.0291,0.2447,0.00362,0.12185,-0.01338,-5.00,0.00,0.00,44.1,125.71,634.91,258.33,DESCEND
8.8943,0.8071,-0.1008,0.2947,0.00662,0.13285,-0.01638,-5.00,0.00,0.00,44.1,125.71,634.91,258.29,DESCEND
8.9044,0.8671,0.4391,0.1347,0.00662,0.12685,-0.01238,-5.00,0.00,0.00,44.2,125.71,634.91,258.23,DESCEND
8.9145,0.7371,0.0091,0.4347,-0.00037,0.13885,-0.01338,-5.00,0.00,0.00,44.2,125.71,634.91,258.19,DESCEND
8.9246,0.9071,-0.1108,0.4647,0.01662,0.13285,-0.01438,-5.00,0.00,0.00,44.3,125.71,634.92,258.13,DESCEND
8.9347,0.6871,0.0991,0.1847,0.01362,0.13585,-0.01238,-5.00,0.00,0.00,44.3,125.71,634.92,258.09,DESCEND
8.9448,0.5771,0.5391,-0.1052,-0.00537,0.12385,-0.01038,-5.00,0.00,0.00,44.4,125.71,634.92,258.03,SEARCH_Y
8.9549,0.7771,0.2391,0.4547,0.00362,0.13385,-0.01738,0.00,-3.00,0.00,44.4,125.71,634.92,257.99,SEARCH_Y
8.9650,0.7071,0.7391,-0.3152,0.00362,0.13485,-0.01238,0.00,-3.00,0.00,44.5,125.71,634.92,257.93,SEARCH_Y
8.9751,0.7771,0.0791,-0.0952,0.01162,0.13685,-0.01638,0.00,-3.00,0.00,44.5,125.71,634.92,257.90,SEARCH_Y
8.9852,0.7071,0.1691,0.1147,-0.00437,0.13785,-0.01838,0.00,-3.00,0.00,44.6,125.70,634.93,257.85,SEARCH_Y
8.9953,0.7971,0.2691,0.0247,-0.01237,0.14485,-0.01538,0.00,-3.00,0.00,44.6,125.70,634.93,257.81,SEARCH_Y
9.0054,0.8171,0.2891,0.0047,-0.00237,0.14885,-0.02138,0.00,-3.00,0.00,44.6,125.69,634.93,257.77,SEARCH_Y
9.0155,0.9371,0.2191,-0.0452,-0.00137,0.15285,-0.02338,0.00,-3.00,0.00,44.7,125.68,634.93,257.74,SEARCH_Y
9.0256,0.8871,0.1491,0.0247,0.00462,0.15485,-0.02638,0.00,-3.00,0.00,44.7,125.67,634.93,257.70,SEARCH_Y
9.0357,1.0571,0.1391,0.1147,0.00662,0.16685,-0.02538,0.00,-3.00,0.00,44.7,125.66,634.93,257.68,SEARCH_Y
9.0458,1.0371,0.3691,-0.1152,-0.00937,0.15385,-0.02438,0.00,-3.00,0.00,44.8,125.64,634.93,257.65,SEARCH_Y
9.0559,0.9971,0.4691,0.0347,0.02362,0.18385,-0.02738,0.00,-3.00,0.00,44.8,125.62,634.93,257.63,SEARCH_Y
9.0660,1.1371,0.3891,0.0547,0.00762,0.17585,-0.03138,0.00,-3.00,0.00,44.8,125.60,634.93,257.62,SEARCH_Y
9.0761,1.0471,0.2591,-0.1052,0.00862,0.17785,-0.02938,0.00,-3.00,0.00,44.8,125.58,634.93,257.60,SEARCH_Y
9.0861,0.9571,0.4291,-0.1052,-0.01237,0.17185,-0.02838,0.00,-3.00,0.00,44.8,125.56,634.93,257.59,SEARCH_Y
9.0963,1.0571,0.2691,0.2647,0.00762,0.18685,-0.03238,0.00,-3.00,0.00,44.8,125.53,634.93,257.58,SEARCH_Y
9.1063,0.9271,0.5091,0.1647,-0.01037,0.18285,-0.03238,0.00,-3.00,0.00,44.8,125.50,634.93,257.58,SEARCH_Y
9.1164,0.9871,0.3391,0.2947,0.00462,0.18885,-0.03338,0.00,-3.00,0.00,44.8,125.47,634.93,257.58,SEARCH_Y
9.1265,1.2371,0.2591,0.2347,0.00962,0.18485,-0.03738,0.00,-3.00,0.00,44.8,125.45,634.93,257.58,SEARCH_Y
9.1367,0.9071,0.1191,0.1047,0.01662,0.18985,-0.03538,0.00,-3.00,0.00,44.8,125.41,634.93,257.58,SEARCH_Y
9.1468,0.9271,0.4691,-0.0452,0.02662,0.20085,-0.03538,0.00,-3.00,0.00,44.8,125.39,634.93,257.58,SEARCH_Y
9.1569,0.8971,0.2991,0.2547,0.01062,0.19285,-0.02938,0.00,-3.00,0.00,44.8,125.35,634.93,257.57,SEARCH_Y
9.1670,0.9471,0.3791,0.0747,0.01262,0.18785,-0.03238,0.00,-3.00,0.00,44.8,125.32,634.93,257.57,SEARCH_Y
9.1771,1.0271,0.2991,0.1847,-0.00237,0.18385,-0.03338,0.00,-3.00,0.00,44.8,125.29,634.92,257.57,SEARCH_Y
9.1872,1.0671,0.1191,0.1847,0.01462,0.18085,-0.03638,0.00,-3.00,0.00,44.8,125.26,634.92,257.57,SEARCH_Y
9.1973,0.9171,0.5391,-0.1952,0.02062,0.19385,-0.03438,0.00,-3.00,0.00,44.8,125.23,634.92,257.57,SEARCH_Y
9.2074,0.8471,0.5191,-0.2152,-0.00537,0.18985,-0.03438,0.00,-3.00,0.00,44.8,125.20,634.92,257.57,SEARCH_Y
9.2175,1.1371,0.4691,0.4747,0.00062,0.18785,-0.04138,0.00,-3.00,0.00,44.8,125.17,634.92,257.57,SEARCH_Y
9.2276,0.9071,0.2991,-0.0652,-0.00737,0.18885,-0.03538,0.00,-3.00,0.00,44.8,125.13,634.92,257.57,SEARCH_Y
9.2378,1.2671,0.3591,0.0547,-0.00737,0.18385,-0.03338,0.00,-3.00,0.00,44.8,125.11,634.92,257.57,SEARCH_Y
9.2479,1.0071,0.1791,0.1247,-0.01237,0.17985,-0.04038,0.00,-3.00,0.00,44.8,125.07,634.92,257.57,SEARCH_Y
9.2580,1.0571,0.5491,-0.1552,-0.00837,0.18785,-0.03838,0.00,-3.00,0.00,44.8,125.05,634.92,257.57,SEARCH_Y
9.2681,1.0071,0.3991,-0.1752,-0.01337,0.18885,-0.03838,0.00,-3.00,0.00,44.8,125.01,634.92,257.57,SEARCH_Y
9.2782,0.8771,-0.0308,0.4547,-0.00237,0.20485,-0.04038,0.00,-3.00,0.00,44.8,124.99,634.92,257.57,SEARCH_Y
9.2882,1.0171,0.4591,0.0647,-0.00437,0.19785,-0.04138,0.00,-3.00,0.00,44.8,124.95,634.91,257.57,SEARCH_Y
9.2984,0.9471,0.6091,-0.1252,-0.02337,0.18285,-0.03638,0.00,-3.00,0.00,44.8,124.93,634.91,257.57,SEARCH_Y
9.3085,1.0971,0.0491,0.1347,-0.00237,0.20285,-0.04438,0.00,-3.00,0.00,44.8,124.89,634.91,257.57,SEARCH_Y
9.3186,1.1171,0.2791,0.0947,-0.00737,0.19585,-0.03838,0.00,-3.00,0.00,44.8,124.87,634.91,257.57,SEARCH_Y
9.3287,1.0671,0.3191,0.0447,-0.01637,0.18885,-0.03938,0.00,-3.00,0.00,44.8,124.83,634.91,257.57,SEARCH_Y
9.3388,1.1171,0.5991,-0.1252,-0.01437,0.18885,-0.03738,0.00,-3.00,0.00,44.8,124.81,634.91,257.57,SEARCH_Y
9.3489,1.1271,-0.0508,0.2047,0.00362,0.19585,-0.04438,0.00,-3.00,0.00,44.8,124.77,634.91,257.57,SEARCH_Y
9.3590,1.2371,0.5191,-0.3952,-0.00237,0.18485,-0.03438,0.00,-3.00,0.00,44.8,124.75,634.91,257.57,SEARCH_Y
9.3691,1.1671,0.4991,-0.0552,-0.00837,0.18885,-0.03938,0.00,-3.00,0.00,44.8,124.71,634.91,257.57,SEARCH_Y
9.3792,1.0971,0.2591,0.2747,0.00562,0.20385,-0.04238,0.00,-3.00,0.00,44.8,124.69,634.91,257.57,SEARCH_Y
9.3893,1.1371,0.3891,-0.0352,-0.00537,0.19585,-0.04038,0.00,-3.00,0.00,44.8,124.65,634.91,257.57,SEARCH_Y
9.3994,1.1171,0.5091,0.1847,-0.01437,0.19885,-0.03538,0.00,-3.00,0.00,44.8,124.63,634.91,257.57,SEARCH_Y
9.4095,1.2371,0.4991,-0.1652,0.00162,0.20085,-0.03738,0.00,-3.00,0.00,44.8,124.59,634.90,257.57,SEARCH_Y
9.4196,0.9971,0.3091,0.1547,-0.02337,0.18885,-0.03938,0.00,-3.00,0.00,44.8,124.57,634.90,257.57,SEARCH_Y
9.4297,1.2371,0.5691,-0.3652,-0.02037,0.17885,-0.04038,0.00,-3.00,0.00,44.8,124.53,634.90,257.57,SEARCH_Y
9.4397,0.8871,0.2191,0.2247,-0.02137,0.19185,-0.04238,0.00,-3.00,0.00,44.8,124.51,634.90,257.57,SEARCH_Y
9.4498,1.1971,0.2991,-0.0352,0.00762,0.20285,-0.03838,0.00,-3.00,0.00,44.8,124.47,634.90,257.57,SEARCH_Y
9.4599,0.9971,0.6991,-0.1552,-0.02937,0.18585,-0.03738,0.00,-3.00,0.00,44.9,124.43,634.90,257.57,SEARCH_Y
9.4701,1.0471,0.3091,0.0447,-0.00537,0.19785,-0.03838,0.00,-3.00,0.00,44.9,124.41,634.90,257.57,SEARCH_Y
9.4802,1.0671,0.3691,0.1047,0.00462,0.19885,-0.03938,0.00,-3.00,0.00,44.9,124.37,634.90,257.57,SEARCH_Y
9.4902,1.1971,0.4591,-0.1552,-0.00737,0.18985,-0.03738,0.00,-3.00,0.00,44.9,124.35,634.90,257.57,SEARCH_Y
9.5004,1.0271,0.3591,0.3247,-0.00037,0.19885,-0.03738,0.00,-3.00,0.00,44.9,124.31,634.90,257.57,SEARCH_Y
9.5105,0.9071,0.5591,-0.2352,-0.01837,0.18985,-0.03238,0.00,-3.00,0.00,44.9,124.29,634.90,257.57,SEARCH_Y
9.5206,1.0771,0.1591,0.0347,-0.00737,0.19485,-0.04038,0.00,-3.00,0.00,44.9,124.25,634.89,257.57,SEARCH_Y
9.5307,1.0871,0.2991,-0.0752,0.00962,0.19585,-0.03738,0.00,-3.00,0.00,44.9,124.23,634.89,257.57,SEARCH_Y
9.5408,1.1571,0.5791,-0.0052,-0.01637,0.17185,-0.03638,0.00,-3.00,0.00,44.9,124.19,634.89,257.57,SEARCH_Y
9.5509,0.9471,0.2291,0.3047,-0.00937,0.19085,-0.04038,0.00,-3.00,0.00,44.9,124.17,634.89,257.57,SEARCH_Y
9.5610,0.9371,0.3091,-0.1852,-0.00037,0.19285,-0.03038,0.00,-3.00,0.00,44.9,124.13,634.89,257.57,SEARCH_Y
9.5711,0.8571,0.1791,0.0347,-0.00437,0.18985,-0.03538,0.00,-3.00,0.00,44.9,124.11,634.89,257.57,SEARCH_Y
9.5811,0.8671,0.2291,0.2247,-0.00837,0.19285,-0.03838,0.00,-3.00,0.00,44.9,124.07,634.89,257.57,SEARCH_Y
9.5913,1.0071,0.4391,-0.0552,-0.01037,0.18085,-0.03338,0.00,-3.00,0.00,44.9,124.05,634.89,257.57,SEARCH_Y
9.6014,1.0771,0.6391,-0.0952,-0.00337,0.18185,-0.03538,0.00,-3.00,0.00,44.9,124.01,634.89,257.57,SEARCH_Y
9.6115,1.0171,0.3491,0.0147,0.00462,0.19585,-0.03338,0.00,-3.00,0.00,44.9,123.99,634.89,257.57,SEARCH_Y
9.6216,0.9471,0.0191,0.1947,-0.00937,0.18385,-0.03538,0.00,-3.00,0.00,44.9,123.95,634.89,257.57,SEARCH_Y
9.6317,0.9971,0.4691,-0.0052,-0.00037,0.18985,-0.03638,0.00,-3.00,0.00,44.9,123.92,634.88,257.57,SEARCH_Y
9.6418,1.0571,0.3691,0.0447,-0.00537,0.18785,-0.03438,0.00,-3.00,0.00,44.9,123.89,634.88,257.57,SEARCH_Y
9.6519,1.0671,0.2691,0.0947,-0.01837,0.17385,-0.03638,0.00,-3.00,0.00,44.9,123.86,634.88,257.57,SEARCH_Y
9.6620,0.9771,0.2491,0.0647,-0.00637,0.17485,-0.03338,0.00,-3.00,0.00,44.9,123.83,634.88,257.57,SEARCH_Y
9.6720,1.0571,0.5091,-0.1852,-0.00637,0.17385,-0.03538,0.00,-3.00,0.00,44.9,123.80,634.88,257.57,SEARCH_Y
9.6821,0.8671,0.1691,0.0047,-0.00437,0.18085,-0.03438,0.00,-3.00,0.00,44.9,123.77,634.88,257.57,SEARCH_Y
9.6922,0.9571,-0.0408,0.2847,-0.02437,0.17685,-0.03838,0.00,-3.00,0.00,44.9,123.74,634.88,257.57,SEARCH_Y
9.7023,1.0771,0.8591,-0.3952,-0.01137,0.16185,-0.02938,0.00,-3.00,0.00,44.9,123.71,634.88,257.57,SEARCH_Y
9.7124,0.9271,0.0291,0.1147,0.00562,0.18885,-0.03838,0.00,-3.00,0.00,44.9,123.68,634.88,257.57,SEARCH_Y
9.7225,0.9871,0.6191,-0.0452,-0.00037,0.17585,-0.03338,0.00,-3.00,0.00,44.9,123.65,634.88,257.57,SEARCH_Y
9.7326,1.1171,0.0891,-0.1652,0.00062,0.18185,-0.03638,0.00,-3.00,0.00,44.9,123.62,634.88,257.57,SEARCH_Y
9.7427,0.9371,0.0791,0.5047,-0.00337,0.19285,-0.03438,0.00,-3.00,0.00,44.9,123.59,634.88,257.57,SEARCH_Y
9.7528,1.0171,0.2591,0.0947,-0.01037,0.17485,-0.03438,0.00,-3.00,0.00,44.9,123.55,634.87,257.57,SEARCH_Y
9.7629,0.8171,0.6091,-0.1652,-0.02237,0.17485,-0.03338,0.00,-3.00,0.00,44.9,123.53,634.87,257.57,SEARCH_Y
9.7730,0.9171,0.3891,-0.2752,-0.01937,0.16685,-0.03238,0.00,-3.00,0.00,44.9,123.49,634.87,257.57,SEARCH_Y
9.7831,0.8571,0.3291,0.1447,0.00162,0.18985,-0.03438,0.00,-3.00,0.00,44.9,123.47,634.87,257.57,SEARCH_Y
9.7932,1.0371,0.0691,0.2547,0.01262,0.19285,-0.03738,0.00,-3.00,0.00,44.9,123.43,634.87,257.57,SEARCH_Y
9.8033,0.9571,0.1691,0.2747,-0.00237,0.18885,-0.03838,0.00,-3.00,0.00,44.9,123.41,634.87,257.57,SEARCH_Y
9.8134,0.9271,0.2291,0.0747,0.01362,0.18885,-0.03238,0.00,-3.00,0.00,44.9,123.37,634.87,257.57,SEARCH_Y
9.8235,1.1771,0.1491,0.0347,0.00862,0.17985,-0.03338,0.00,-3.00,0.00,44.9,123.35,634.87,257.57,SEARCH_Y
9.8336,0.7971,0.0591,0.2347,-0.01037,0.18385,-0.03138,0.00,-3.00,0.00,44.9,123.31,634.87,257.57,SEARCH_Y
9.8437,1.0671,0.3191,0.2847,0.01362,0.18985,-0.03538,0.00,-3.00,0.00,44.9,123.28,634.87,257.56,SEARCH_Y
9.8538,0.9871,0.3091,-0.0452,-0.01037,0.17685,-0.03538,0.00,-3.00,0.00,44.9,123.25,634.87,257.56,SEARCH_Y
9.8639,0.8071,0.3091,-0.3352,-0.02837,0.16185,-0.03338,0.00,-3.00,0.00,44.9,123.22,634.86,257.56,SEARCH_Y
9.8740,0.9771,0.4291,-0.4752,-0.00337,0.16385,-0.03438,0.00,-3.00,0.00,44.9,123.19,634.86,257.56,SEARCH_Y
9.8840,0.9971,0.3691,-0.0352,-0.00537,0.16885,-0.03038,0.00,-3.00,0.00,44.9,123.16,634.86,257.56,SEARCH_Y
9.8941,0.9171,-0.1008,0.2947,0.00462,0.17985,-0.03538,0.00,-3.00,0.00,44.9,123.13,634.86,257.56,SEARCH_Y
9.9043,1.1171,0.3491,-0.3452,-0.00337,0.16085,-0.03638,0.00,-3.00,0.00,44.9,123.10,634.86,257.56,SEARCH_Y
9.9144,0.8971,0.1391,0.4547,-0.00337,0.18585,-0.03638,0.00,-3.00,0.00,44.9,123.07,634.86,257.56,SEARCH_Y
9.9245,1.0871,0.5891,-0.1652,0.00662,0.17085,-0.03038,0.00,-3.00,0.00,44.9,123.04,634.86,257.56,SEARCH_Y
9.9346,0.9171,0.4091,0.0947,-0.01537,0.16985,-0.02938,0.00,-3.00,0.00,44.9,123.01,634.86,257.56,SEARCH_Y
9.9447,0.9371,0.5091,-0.1252,-0.00637,0.17285,-0.03038,0.00,-3.00,0.00,44.9,122.98,634.86,257.56,SEARCH_Y
9.9548,0.9171,0.2791,0.0147,-0.01237,0.16985,-0.03138,0.00,-3.00,0.00,44.9,122.95,634.86,257.56,SEARCH_Y
9.9650,1.0071,0.9091,-0.1652,0.00862,0.16885,-0.02938,0.00,-3.00,0.00,44.9,122.92,634.86,257.56,SEARCH_Y
9.9751,0.9971,0.2991,0.0647,0.00062,0.17385,-0.02938,0.00,-3.00,0.00,44.9,122.89,634.86,257.56,SEARCH_Y
9.9852,0.8771,0.1491,0.2947,-0.00437,0.17885,-0.03438,0.00,-3.00,0.00,44.9,122.86,634.85,257.56,SEARCH_Y
9.9953,0.8971,0.3791,-0.1752,-0.01437,0.15985,-0.03038,0.00,-3.00,0.00,44.9,122.83,634.85,257.56,SEARCH_Y
10.0054,0.9671,0.3291,-0.1652,0.01262,0.17485,-0.03138,0.00,-3.00,0.00,44.9,122.80,634.85,257.56,SEARCH_Y
10.0155,0.9471,0.6291,-0.1852,0.01362,0.17585,-0.03138,0.00,-3.00,0.00,44.9,122.77,634.85,257.56,SEARCH_Y
10.0256,1.0071,-0.0408,0.3347,0.00562,0.17485,-0.03338,0.00,-3.00,0.00,44.9,122.74,634.85,257.56,SEARCH_Y
10.0357,1.0371,0.3691,-0.0252,0.00162,0.16785,-0.03238,0.00,-3.00,0.00,44.9,122.70,634.85,257.56,SEARCH_Y
10.0458,0.8871,0.0291,0.2347,-0.00437,0.17185,-0.03338,0.00,-3.00,0.00,44.9,122.68,634.85,257.56,SEARCH_Y
10.0559,0.7871,0.3891,0.1347,-0.01837,0.17385,-0.03338,0.00,-3.00,0.00,44.9,122.64,634.85,257.56,SEARCH_Y
10.0660,1.0171,0.4291,0.1847,-0.00737,0.16885,-0.03538,0.00,-3.00,0.00,44.9,122.62,634.85,257.56,SEARCH_Y
10.0761,0.9071,0.1991,0.0747,0.01162,0.17485,-0.02738,0.00,-3.00,0.00,44.9,122.58,634.85,257.56,SEARCH_Y
10.0862,0.7271,0.5591,0.1647,-0.02237,0.16885,-0.03138,0.00,-3.00,0.00,44.9,122.56,634.85,257.56,SEARCH_Y
10.0963,0.9071,0.5991,0.1747,-0.00937,0.16585,-0.03038,0.00,-3.00,0.00,44.9,122.52,634.84,257.56,SEARCH_Y
10.1064,0.7771,0.1391,0.2147,0.00762,0.18385,-0.03338,0.00,-3.00,0.00,44.9,122.50,634.84,257.56,SEARCH_Y
10.1165,0.8671,0.5991,0.0847,-0.00637,0.17785,-0.02838,0.00,-3.00,0.00,45.0,122.46,634.84,257.56,SEARCH_Y
10.1266,0.7771,0.6391,0.1647,-0.02737,0.16485,-0.03038,0.00,-3.00,0.00,45.0,122.44,634.84,257.56,SEARCH_Y
10.1367,0.8871,0.5191,-0.0352,0.00162,0.16885,-0.03038,0.00,-3.00,0.00,45.0,122.40,634.84,257.56,SEARCH_Y
10.1468,1.1071,0.0491,0.1747,0.00162,0.16785,-0.03038,0.00,-3.00,0.00,45.0,122.37,634.84,257.56,SEARCH_Y
10.1570,0.8671,0.2391,0.4047,-0.00637,0.17385,-0.03238,0.00,-3.00,0.00,45.0,122.34,634.84,257.56,SEARCH_Y
10.1671,0.8571,0.5691,-0.2352,-0.01537,0.16185,-0.03138,0.00,-3.00,0.00,45.0,122.31,634.84,257.56,SEARCH_Y
10.1772,0.9471,0.1891,0.2247,-0.00437,0.18185,-0.03638,0.00,-3.00,0.00,45.0,122.28,634.84,257.56,SEARCH_Y
10.1873,1.0271,0.5991,-0.1852,0.00062,0.16385,-0.02938,0.00,-3.00,0.00,45.0,122.25,634.84,257.56,SEARCH_Y
10.1974,0.8871,0.2691,0.1547,-0.00637,0.17185,-0.03238,0.00,-3.00,0.00,45.0,122.22,634.84,257.56,SEARCH_Y
10.2075,1.0271,0.2691,0.1147,0.00262,0.16385,-0.03238,0.00,-3.00,0.00,45.0,122.19,634.84,257.56,SEARCH_Y
10.2175,0.6671,0.1891,-0.0552,-0.01337,0.16485,-0.03038,0.00,-3.00,0.00,45.0,122.16,634.83,257.56,SEARCH_Y
10.2277,1.0771,0.2591,-0.0952,0.00362,0.16285,-0.02938,0.00,-3.00,0.00,45.0,122.12,634.83,257.56,SEARCH_Y
10.2378,0.8671,0.6791,-0.0852,-0.01237,0.16685,-0.02938,0.00,-3.00,0.00,45.0,122.10,634.83,257.56,SEARCH_Y
10.2479,0.9171,0.4191,0.1947,0.00362,0.17185,-0.03238,0.00,-3.00,0.00,45.0,122.06,634.83,257.56,SEARCH_Y
10.2580,0.9271,0.2991,-0.0952,-0.01337,0.16185,-0.02838,0.00,-3.00,0.00,45.0,122.04,634.83,257.56,SEARCH_Y
10.2681,0.9971,0.7291,-0.0352,0.01662,0.17285,-0.02838,0.00,-3.00,0.00,45.0,122.00,634.83,257.56,SEARCH_Y
10.2782,0.8671,0.4991,-0.1152,-0.01737,0.15885,-0.02938,0.00,-3.00,0.00,45.0,121.98,634.83,257.56,SEARCH_Y
10.2883,0.7371,0.4591,-0.2052,-0.02937,0.15785,-0.03038,0.00,-3.00,0.00,45.0,121.94,634.83,257.56,SEARCH_Y
10.2984,0.7471,-0.0308,0.1247,-0.01037,0.17085,-0.03338,0.00,-3.00,0.00,45.0,121.92,634.83,257.56,SEARCH_Y
10.3085,0.6971,0.4891,-0.1352,-0.01637,0.16485,-0.03038,0.00,-3.00,0.00,45.0,121.88,634.83,257.56,SEARCH_Y
10.3186,0.9471,0.2891,0.1347,-0.00337,0.15585,-0.03038,0.00,-3.00,0.00,45.0,121.86,634.83,257.56,SEARCH_Y
10.3287,0.6171,0.7191,-0.2252,-0.02237,0.16785,-0.02738,0.00,-3.00,0.00,45.0,121.82,634.82,257.56,SEARCH_Y
10.3387,0.8571,0.4791,0.1447,-0.00337,0.16785,-0.02938,0.00,-3.00,0.00,45.0,121.80,634.82,257.56,SEARCH_Y
10.3488,0.7371,0.5891,-0.1152,-0.02737,0.15585,-0.03038,0.00,-3.00,0.00,45.0,121.76,634.82,257.56,SEARCH_Y
10.3590,0.5571,0.4091,-0.1352,-0.02337,0.16185,-0.02438,0.00,-3.00,0.00,45.0,121.74,634.82,257.56,SEARCH_Y
10.3691,0.9671,0.4291,-0.2252,-0.01037,0.15885,-0.03038,0.00,-3.00,0.00,45.0,121.70,634.82,257.56,SEARCH_Y
10.3792,1.0471,0.3791,-0.2652,-0.00637,0.15685,-0.03238,0.00,-3.00,0.00,45.0,121.68,634.82,257.56,SEARCH_Y
10.3893,0.7571,0.2491,-0.1052,-0.00637,0.16085,-0.03338,0.00,-3.00,0.00,45.0,121.64,634.82,257.56,SEARCH_Y
10.3998,0.8371,0.0891,0.2347,-0.01437,0.16385,-0.03338,0.00,-3.00,0.00,45.0,121.60,634.82,257.56,SEARCH_Y
10.4099,1.0671,0.2491,-0.0152,0.00062,0.15385,-0.02938,0.00,-3.00,0.00,45.0,121.58,634.82,257.56,SEARCH_Y
10.4200,1.2071,0.1991,0.2047,0.01462,0.17285,-0.03338,0.00,-3.00,0.00,45.0,121.54,634.82,257.56,SEARCH_Y
10.4301,0.8771,0.7991,-0.2752,-0.01337,0.16085,-0.02938,0.00,-3.00,0.00,45.0,121.52,634.82,257.56,SEARCH_Y
10.4402,0.7871,0.5791,-0.3252,-0.03337,0.14685,-0.02838,0.00,-3.00,0.00,45.0,121.48,634.82,257.56,SEARCH_Y
10.4503,0.6271,0.5391,-0.2852,-0.02337,0.15685,-0.03038,0.00,-3.00,0.00,45.0,121.46,634.81,257.56,SEARCH_Y
10.4604,0.8171,0.2391,0.2647,-0.00137,0.17185,-0.03038,0.00,-3.00,0.00,45.0,121.42,634.81,257.56,SEARCH_Y
10.4706,0.9971,0.4391,-0.0852,-0.00237,0.16085,-0.02838,0.00,-3.00,0.00,45.0,121.40,634.81,257.56,SEARCH_Y
10.4807,1.0471,0.6191,-0.3952,0.00662,0.15685,-0.02938,0.00,-3.00,0.00,45.0,121.36,634.81,257.56,SEARCH_Y
10.4908,0.9771,0.5191,-0.1852,0.00462,0.16385,-0.02838,0.00,-3.00,0.00,45.0,121.34,634.81,257.56,SEARCH_Y
10.5010,0.7271,0.5591,-0.1052,-0.01637,0.15285,-0.03038,0.00,-3.00,0.00,45.1,121.30,634.81,257.56,SEARCH_Y
10.5111,0.9171,0.1991,0.2147,-0.00937,0.16185,-0.03038,0.00,-3.00,0.00,45.1,121.28,634.81,257.56,SEARCH_Y
10.5212,0.9271,0.2391,0.0647,-0.00137,0.15985,-0.03138,0.00,-3.00,0.00,45.1,121.24,634.81,257.56,SEARCH_Y
10.5313,0.9471,0.0291,0.2047,-0.00937,0.15785,-0.03238,0.00,-3.00,0.00,45.1,121.22,634.81,257.55,SEARCH_Y
10.5414,1.0271,0.4691,-0.2652,-0.00837,0.15085,-0.02938,0.00,-3.00,0.00,45.1,121.18,634.81,257.55,SEARCH_Y
10.5515,0.6171,0.7291,-0.2652,-0.02737,0.15185,-0.02938,0.00,-3.00,0.00,45.1,121.16,634.81,257.55,SEARCH_Y
10.5616,0.8671,0.1491,0.2747,0.00062,0.16585,-0.03038,0.00,-3.00,0.00,45.1,121.12,634.80,257.55,SEARCH_Y
10.5717,0.9671,0.5791,-0.3652,-0.01037,0.14185,-0.03038,0.00,-3.00,0.00,45.1,121.09,634.80,257.55,SEARCH_Y
10.5818,0.9171,0.6991,-0.4552,-0.02037,0.13885,-0.02638,0.00,-3.00,0.00,45.1,121.06,634.80,257.55,SEARCH_Y
10.5919,0.9171,0.5191,0.1747,-0.00237,0.15885,-0.02738,0.00,-3.00,0.00,45.1,121.03,634.80,257.55,SEARCH_Y
10.6020,0.7371,0.3591,0.3847,-0.01137,0.17085,-0.03038,0.00,-3.00,0.00,45.1,121.00,634.80,257.55,SEARCH_Y
10.6121,0.8671,0.3191,-0.2252,0.00762,0.15785,-0.02738,0.00,-3.00,0.00,45.1,120.97,634.80,257.55,SEARCH_Y
10.6222,0.9671,0.1091,0.2647,-0.00837,0.15985,-0.03038,0.00,-3.00,0.00,45.1,120.94,634.80,257.55,SEARCH_Y
10.6323,0.7871,0.2091,0.2947,0.00762,0.17485,-0.02938,0.00,-3.00,0.00,45.1,120.91,634.80,257.55,SEARCH_Y
10.6423,0.8771,0.2391,0.1547,0.00462,0.15985,-0.03238,0.00,-3.00,0.00,45.1,120.88,634.80,257.55,SEARCH_Y
10.6524,0.7571,0.1791,0.0047,-0.01237,0.15885,-0.02838,0.00,-3.00,0.00,45.1,120.85,634.80,257.55,SEARCH_Y
10.6625,0.9971,0.3991,0.1547,-0.00037,0.16385,-0.03038,0.00,-3.00,0.00,45.1,120.82,634.80,257.55,SEARCH_Y
10.6726,0.8371,0.0891,0.4047,-0.00537,0.16385,-0.03238,0.00,-3.00,0.00,45.1,120.79,634.80,257.55,SEARCH_Y
10.6827,0.9771,0.3791,-0.1652,0.00862,0.15585,-0.02938,0.00,-3.00,0.00,45.1,120.76,634.79,257.55,SEARCH_Y
10.6928,0.9471,0.1691,0.2047,0.00362,0.16585,-0.03038,0.00,-3.00,0.00,45.1,120.73,634.79,257.55,SEARCH_Y
10.7029,0.9071,-0.0708,0.1947,0.00462,0.16885,-0.03138,0.00,-3.00,0.00,45.1,120.70,634.79,257.55,SEARCH_Y
10.7130,0.7671,0.4091,-0.1052,-0.00637,0.16085,-0.02938,0.00,-3.00,0.00,45.1,120.67,634.79,257.55,SEARCH_Y
10.7231,0.6971,0.5091,0.2447,-0.01837,0.16085,-0.02738,0.00,-3.00,0.00,45.1,120.64,634.79,257.55,SEARCH_Y
10.7332,0.7971,0.4291,0.0747,-0.00737,0.15785,-0.02738,0.00,-3.00,0.00,45.1,120.60,634.79,257.55,SEARCH_Y
10.7433,0.7571,0.4091,-0.3252,-0.02437,0.14585,-0.02638,0.00,-3.00,0.00,45.1,120.58,634.79,257.55,SEARCH_Y
10.7534,0.8671,0.5491,-0.2652,0.00262,0.15785,-0.02638,0.00,-3.00,0.00,45.1,120.54,634.79,257.55,SEARCH_Y
10.7635,0.8971,-0.0508,-0.0552,0.00562,0.16185,-0.03338,0.00,-3.00,0.00,45.1,120.51,634.79,257.55,SEARCH_Y
10.7736,0.8271,0.5791,-0.2352,-0.01937,0.14985,-0.03038,0.00,-3.00,0.00,45.1,120.48,634.79,257.55,SEARCH_Y
10.7837,0.7871,0.8391,-0.5952,-0.02337,0.14085,-0.02538,0.00,-3.00,0.00,45.1,120.45,634.79,257.55,SEARCH_Y
10.7938,0.7771,0.1891,0.1047,-0.00837,0.15885,-0.03138,0.00,-3.00,0.00,45.1,120.42,634.78,257.55,SEARCH_Y
10.8040,0.6071,0.3391,-0.0352,-0.00337,0.16585,-0.02438,0.00,-3.00,0.00,45.2,120.39,634.78,257.55,SEARCH_Y
10.8141,0.9571,0.3191,0.0647,-0.01137,0.14885,-0.02938,0.00,-3.00,0.00,45.2,120.36,634.78,257.55,SEARCH_Y
10.8242,0.7471,0.1991,-0.1852,-0.00037,0.15285,-0.02838,0.00,-3.00,0.00,45.2,120.33,634.78,257.55,SEARCH_Y
10.8343,0.8671,0.4091,-0.2952,-0.00237,0.15185,-0.02838,0.00,-3.00,0.00,45.2,120.30,634.78,257.55,SEARCH_Y
10.8444,0.7771,0.3891,-0.1252,-0.01137,0.14685,-0.02538,0.00,-3.00,0.00,45.2,120.27,634.78,257.55,SEARCH_Y
10.8545,0.6971,0.3991,-0.1152,-0.02037,0.15785,-0.02838,0.00,-3.00,0.00,45.2,120.24,634.78,257.55,SEARCH_Y
10.8646,0.7971,0.3191,-0.0452,-0.01737,0.14285,-0.02838,0.00,-3.00,0.00,45.2,120.21,634.78,257.55,SEARCH_Y
10.8747,0.7371,0.6391,-0.2452,0.00762,0.15785,-0.02038,0.00,-3.00,0.00,45.2,120.18,634.78,257.55,SEARCH_Y
10.8848,0.7271,0.2491,0.2247,0.01762,0.16985,-0.02438,0.00,-3.00,0.00,45.2,120.15,634.78,257.55,SEARCH_Y
10.8949,0.9771,0.6091,-0.1252,0.00062,0.14685,-0.02838,0.00,-3.00,0.00,45.2,120.12,634.78,257.55,SEARCH_Y
10.9050,0.7771,0.4391,-0.3052,-0.01237,0.15685,-0.02938,0.00,-3.00,0.00,45.2,120.09,634.78,257.55,SEARCH_Y
10.9151,1.0471,0.1491,-0.1852,-0.00037,0.14685,-0.02838,0.00,-3.00,0.00,45.2,120.06,634.77,257.55,SEARCH_Y
10.9252,0.8571,0.4691,-0.3852,-0.00937,0.13985,-0.02438,0.00,-3.00,0.00,45.2,120.03,634.77,257.55,SEARCH_Y
10.9353,0.9771,0.5791,-0.2752,-0.00537,0.14385,-0.02438,0.00,-3.00,0.00,45.2,120.00,634.77,257.55,SEARCH_Y
10.9454,0.8671,0.6891,-0.4852,-0.00137,0.14885,-0.02538,0.00,-3.00,0.00,45.2,119.97,634.77,257.55,SEARCH_Y
10.9555,0.8871,0.2891,0.2147,-0.01737,0.15685,-0.02938,0.00,-3.00,0.00,45.2,119.94,634.77,257.55,SEARCH_Y
10.9656,0.7271,0.0391,0.2147,-0.00637,0.15385,-0.03038,0.00,-3.00,0.00,45.2,119.91,634.77,257.55,SEARCH_Y
10.9757,0.8571,0.4491,-0.2252,0.00062,0.15185,-0.02938,0.00,-3.00,0.00,45.2,119.87,634.77,257.55,SEARCH_Y
10.9858,0.7671,0.2891,0.0147,-0.00437,0.14885,-0.02838,0.00,-3.00,0.00,45.2,119.85,634.77,257.55,SEARCH_Y
10.9959,1.0071,0.3891,0.0047,0.00062,0.15385,-0.02438,0.00,-3.00,0.00,45.2,119.81,634.77,257.55,SEARCH_Y
11.0060,0.8271,0.5091,-0.0552,-0.00237,0.15585,-0.02738,0.00,-3.00,0.00,45.2,119.79,634.77,257.55,SEARCH_Y
11.0161,0.7071,0.5591,-0.3752,-0.01637,0.14085,-0.02438,0.00,-3.00,0.00,45.2,119.75,634.77,257.55,SEARCH_Y
11.0262,0.6871,0.5191,0.0747,-0.00237,0.15385,-0.02538,0.00,-3.00,0.00,45.2,119.73,634.76,257.55,SEARCH_Y
11.0363,0.6071,0.5391,-0.1052,-0.03037,0.15085,-0.02438,0.00,-3.00,0.00,45.2,119.69,634.76,257.55,SEARCH_Y
11.0464,0.8271,0.0791,0.0647,0.00462,0.16385,-0.02838,0.00,-3.00,0.00,45.2,119.67,634.76,257.55,SEARCH_Y
11.0565,0.7971,0.5191,-0.2252,-0.01237,0.14685,-0.02838,0.00,-3.00,0.00,45.2,119.63,634.76,257.55,SEARCH_Y
11.0665,0.6671,0.3591,-0.1252,-0.01137,0.14885,-0.03138,0.00,-3.00,0.00,45.3,119.61,634.76,257.55,SEARCH_Y
11.0766,0.8171,0.3691,-0.0952,0.00162,0.15685,-0.02938,0.00,-3.00,0.00,45.3,119.57,634.76,257.55,SEARCH_Y
11.0867,0.9371,0.1991,0.3747,-0.00537,0.15585,-0.02938,0.00,-3.00,0.00,45.3,119.55,634.76,257.55,SEARCH_Y
11.0968,0.6771,0.4291,-0.0052,-0.02237,0.14385,-0.02838,0.00,-3.00,0.00,45.3,119.51,634.76,257.55,SEARCH_Y
11.1069,0.9571,0.2091,0.1647,0.01162,0.15985,-0.03338,0.00,-3.00,0.00,45.3,119.49,634.76,257.55,SEARCH_Y
11.1170,0.8471,0.6591,-0.2252,-0.01437,0.14585,-0.02638,0.00,-3.00,0.00,45.3,119.45,634.76,257.55,SEARCH_Y
11.1271,0.6471,0.1491,-0.0052,-0.01337,0.14985,-0.02638,0.00,-3.00,0.00,45.3,119.42,634.76,257.55,SEARCH_Y
11.1372,0.7271,0.3591,-0.0152,0.00162,0.15685,-0.03138,0.00,-3.00,0.00,45.3,119.39,634.75,257.55,SEARCH_Y
11.1473,0.8671,0.3391,-0.2052,-0.01937,0.13985,-0.02838,0.00,-3.00,0.00,45.3,119.36,634.75,257.55,SEARCH_Y
11.1574,0.8671,0.2691,0.1447,-0.00237,0.15485,-0.02938,0.00,-3.00,0.00,45.3,119.33,634.75,257.55,SEARCH_Y
11.1676,0.9071,0.2691,-0.0452,-0.01437,0.14085,-0.03038,0.00,-3.00,0.00,45.3,119.29,634.75,257.55,SEARCH_Y
11.1777,0.8771,0.1991,-0.1452,-0.01737,0.14085,-0.02738,0.00,-3.00,0.00,45.3,119.27,634.75,257.55,SEARCH_Y
11.1878,0.7971,0.5691,-0.1452,-0.01637,0.13485,-0.02638,0.00,-3.00,0.00,45.3,119.23,634.75,257.55,SEARCH_Y
11.1979,0.7271,0.1691,0.0547,-0.01737,0.14685,-0.02838,0.00,-3.00,0.00,45.3,119.21,634.75,257.55,SEARCH_Y
11.2080,0.6171,0.2591,0.1347,-0.01537,0.14785,-0.02738,0.00,-3.00,0.00,45.3,119.18,634.75,257.55,SEARCH_Y
11.2181,0.8971,0.0291,0.3147,0.01262,0.15785,-0.02938,0.00,-3.00,0.00,45.3,119.15,634.75,257.54,SEARCH_Y
11.2282,0.8171,0.1491,0.0047,0.00562,0.15485,-0.02738,0.00,-3.00,0.00,45.3,119.11,634.75,257.54,SEARCH_Y
11.2382,0.8271,0.2591,0.1747,-0.00737,0.15485,-0.02638,0.00,-3.00,0.00,45.3,119.09,634.75,257.54,SEARCH_Y
11.2484,0.8071,0.2991,0.5247,-0.00237,0.16885,-0.02838,0.00,-3.00,0.00,45.3,119.05,634.75,257.54,SEARCH_Y
11.2585,0.9171,0.0091,-0.0652,-0.00137,0.14885,-0.02838,0.00,-3.00,0.00,45.3,119.03,634.74,257.54,SEARCH_Y
11.2685,0.7771,0.1491,-0.0252,-0.01337,0.15185,-0.03338,0.00,-3.00,0.00,45.3,118.99,634.74,257.54,SEARCH_Y
11.2786,0.8271,0.3191,-0.2052,-0.02337,0.13085,-0.03038,0.00,-3.00,0.00,45.3,118.97,634.74,257.54,SEARCH_Y
11.2887,0.7471,0.1891,-0.1452,-0.01137,0.14985,-0.03038,0.00,-3.00,0.00,45.3,118.93,634.74,257.54,SEARCH_Y
11.2988,0.8671,0.1791,-0.0252,-0.00137,0.14885,-0.03038,0.00,-3.00,0.00,45.4,118.91,634.74,257.54,SEARCH_Y
11.3089,0.7571,0.3191,-0.0252,-0.00237,0.15285,-0.03038,0.00,-3.00,0.00,45.4,118.87,634.74,257.54,SEARCH_Y
11.3190,0.8771,-0.0708,0.2947,-0.01337,0.15185,-0.03438,0.00,-3.00,0.00,45.4,118.85,634.74,257.54,SEARCH_Y
11.3291,0.9271,0.2991,0.0447,-0.00237,0.14385,-0.02738,0.00,-3.00,0.00,45.4,118.81,634.74,257.54,SEARCH_Y
11.3392,0.9871,0.5691,-0.3052,0.00262,0.14285,-0.02738,0.00,-3.00,0.00,45.4,118.79,634.74,257.54,SEARCH_Y
11.3493,1.0171,0.5591,-0.2852,-0.00737,0.13585,-0.02838,0.00,-3.00,0.00,45.4,118.75,634.74,257.54,SEARCH_Y
11.3594,0.7271,0.1091,-0.1652,-0.01937,0.14585,-0.02938,0.00,-3.00,0.00,45.4,118.73,634.74,257.54,SEARCH_Y
11.3695,0.7671,0.1291,0.3447,-0.01137,0.15285,-0.02938,0.00,-3.00,0.00,45.4,118.69,634.73,257.54,SEARCH_Y
11.3796,0.8971,0.2091,0.0747,0.00862,0.14985,-0.02638,0.00,-3.00,0.00,45.4,118.67,634.73,257.54,SEARCH_Y
11.3897,0.6471,0.3591,-0.1752,-0.02537,0.13885,-0.02538,0.00,-3.00,0.00,45.4,118.63,634.73,257.54,SEARCH_Y
11.3998,0.6371,0.1691,-0.0652,-0.01137,0.15485,-0.02838,0.00,-3.00,0.00,45.4,118.59,634.73,257.54,SEARCH_Y
11.4099,0.7871,0.4391,0.1347,0.00662,0.16285,-0.02638,0.00,-3.00,0.00,45.4,118.57,634.73,257.54,SEARCH_Y
11.4200,0.8371,0.4491,-0.2052,0.00462,0.15485,-0.02938,0.00,-3.00,0.00,45.4,118.53,634.73,257.54,SEARCH_Y
11.4301,1.0371,0.4091,-0.1252,-0.00837,0.12985,-0.02738,0.00,-3.00,0.00,45.4,118.51,634.73,257.54,SEARCH_Y
11.4401,0.7471,-0.0208,0.3647,0.00462,0.15885,-0.02738,0.00,-3.00,0.00,45.4,118.47,634.73,257.54,SEARCH_Y
11.4502,0.9371,0.0991,0.1547,-0.00637,0.14485,-0.02838,0.00,-3.00,0.00,45.4,118.45,634.73,257.54,SEARCH_Y
11.4604,0.8171,0.2891,-0.0352,-0.00437,0.15485,-0.02938,0.00,-3.00,0.00,45.4,118.41,634.73,257.54,SEARCH_Y
11.4705,0.8171,-0.1308,0.1947,0.00062,0.15385,-0.03038,0.00,-3.00,0.00,45.4,118.39,634.73,257.54,SEARCH_Y
11.4805,0.6371,0.5291,0.0047,-0.01437,0.14385,-0.02538,0.00,-3.00,0.00,45.4,118.35,634.73,257.54,SEARCH_Y
11.4906,0.7771,0.4391,-0.1452,-0.01537,0.13885,-0.02738,0.00,-3.00,0.00,45.4,118.33,634.72,257.54,SEARCH_Y
11.5008,0.6071,0.0791,0.2447,-0.01237,0.15585,-0.02538,0.00,-3.00,0.00,45.4,118.29,634.72,257.54,SEARCH_Y
11.5109,0.7371,0.3691,-0.0952,0.00862,0.16085,-0.02738,0.00,-3.00,0.00,45.5,118.27,634.72,257.54,SEARCH_Y
11.5210,0.8271,-0.0608,-0.0752,-0.00337,0.15185,-0.02938,0.00,-3.00,0.00,45.5,118.23,634.72,257.54,SEARCH_Y
11.5311,0.6171,0.2091,0.1847,-0.01737,0.15585,-0.03038,0.00,-3.00,0.00,45.5,118.21,634.72,257.54,SEARCH_Y
11.5412,0.8771,0.3791,-0.0152,0.00762,0.15185,-0.02938,0.00,-3.00,0.00,45.5,118.17,634.72,257.54,SEARCH_Y
11.5513,0.8271,0.2391,-0.1252,-0.00837,0.14485,-0.02838,0.00,-3.00,0.00,45.5,118.15,634.72,257.54,SEARCH_Y
11.5614,0.6271,0.4791,-0.0452,-0.01237,0.14985,-0.02838,0.00,-3.00,0.00,45.5,118.11,634.72,257.54,SEARCH_Y
11.5715,0.7971,0.1491,0.0947,-0.00037,0.15185,-0.02538,0.00,-3.00,0.00,45.5,118.09,634.72,257.54,SEARCH_Y
11.5816,0.6271,0.4991,-0.3652,-0.01837,0.14285,-0.02638,0.00,-3.00,0.00,45.5,118.05,634.72,257.54,SEARCH_Y
11.5917,0.8771,0.4791,-0.1952,-0.00437,0.13885,-0.02438,0.00,-3.00,0.00,45.5,118.03,634.72,257.54,SEARCH_Y
11.6018,1.0971,0.3191,-0.0052,0.01562,0.14085,-0.02738,0.00,-3.00,0.00,45.5,117.99,634.71,257.54,SEARCH_Y
11.6119,0.7371,0.1791,0.2447,-0.00937,0.15685,-0.02838,0.00,-3.00,0.00,45.5,117.96,634.71,257.54,SEARCH_Y
11.6220,0.6471,0.4091,0.0347,-0.02037,0.14485,-0.02538,0.00,-3.00,0.00,45.5,117.93,634.71,257.54,SEARCH_Y
11.6321,0.6271,0.0491,0.4547,0.00962,0.16085,-0.03138,0.00,-3.00,0.00,45.5,117.90,634.71,257.54,SEARCH_Y
11.6422,0.7171,0.4791,0.0347,-0.00637,0.15085,-0.02938,0.00,-3.00,0.00,45.5,117.87,634.71,257.54,SEARCH_Y
11.6523,0.6971,0.4291,-0.1452,-0.00437,0.15085,-0.02738,0.00,-3.00,0.00,45.5,117.84,634.71,257.54,SEARCH_Y
11.6624,0.7571,0.2891,0.1847,0.01062,0.15685,-0.02938,0.00,-3.00,0.00,45.5,117.81,634.71,257.54,SEARCH_Y
11.6725,0.8771,0.4991,-0.5252,-0.02137,0.12285,-0.02538,0.00,-3.00,0.00,45.5,117.78,634.71,257.54,SEARCH_Y
11.6826,0.7571,0.4191,-0.0752,-0.01037,0.14185,-0.02738,0.00,-3.00,0.00,45.5,117.75,634.71,257.54,SEARCH_Y
11.6927,0.7271,0.2191,0.1747,0.00062,0.15385,-0.02538,0.00,-3.00,0.00,45.5,117.72,634.71,257.54,SEARCH_Y
11.7029,0.9171,0.5591,-0.1052,0.00162,0.14185,-0.02838,0.00,-3.00,0.00,45.5,117.69,634.71,257.54,SEARCH_Y
11.7129,0.6571,0.4791,-0.0652,0.00662,0.14985,-0.02638,0.00,-3.00,0.00,45.6,117.65,634.71,257.54,SEARCH_Y
11.7231,0.8471,0.1691,-0.0152,0.02662,0.15285,-0.02638,0.00,-3.00,0.00,45.6,117.63,634.70,257.54,SEARCH_Y
11.7332,0.7671,0.4591,0.1847,-0.00337,0.14685,-0.02538,0.00,-3.00,0.00,45.6,117.59,634.70,257.54,SEARCH_Y
11.7433,0.7071,0.3591,0.2047,-0.02037,0.13585,-0.02638,0.00,-3.00,0.00,45.6,117.57,634.70,257.54,SEARCH_Y
11.7534,0.6571,0.3891,-0.0752,-0.01637,0.14185,-0.02438,0.00,-3.00,0.00,45.6,117.53,634.70,257.54,SEARCH_Y
11.7635,0.5871,0.5291,0.0047,-0.01837,0.14285,-0.02438,0.00,-3.00,0.00,45.6,117.51,634.70,257.54,SEARCH_Y
11.7735,0.6671,0.2491,0.0447,-0.00437,0.15885,-0.02338,0.00,-3.00,0.00,45.6,117.47,634.70,257.54,SEARCH_Y
11.7836,0.8571,0.3791,0.0247,-0.00137,0.15385,-0.02938,0.00,-3.00,0.00,45.6,117.45,634.70,257.54,SEARCH_Y
11.7937,0.9671,0.2091,0.1847,-0.00037,0.14985,-0.02938,0.00,-3.00,0.00,45.6,117.41,634.70,257.54,SEARCH_Y
11.8038,0.8271,0.2691,-0.3752,-0.01737,0.12985,-0.02438,0.00,-3.00,0.00,45.6,117.38,634.70,257.54,SEARCH_Y
11.8139,0.8771,0.7191,-0.4252,-0.02337,0.13585,-0.02638,0.00,-3.00,0.00,45.6,117.35,634.70,257.54,SEARCH_Y
11.8240,0.7771,0.3591,-0.1652,-0.01737,0.13985,-0.02538,0.00,-3.00,0.00,45.6,117.32,634.70,257.54,SEARCH_Y
11.8341,0.8371,-0.1308,0.1947,-0.00637,0.13885,-0.02938,0.00,-3.00,0.00,45.6,117.29,634.69,257.54,SEARCH_Y
11.8442,0.7771,0.1191,-0.1452,-0.00237,0.14385,-0.03238,0.00,-3.00,0.00,45.6,117.26,634.69,257.54,SEARCH_Y
11.8543,0.7571,0.4191,0.0947,0.00562,0.14985,-0.02338,0.00,-3.00,0.00,45.6,117.23,634.69,257.54,SEARCH_Y
11.8644,0.7271,0.2591,-0.0552,-0.00737,0.13385,-0.02338,0.00,-3.00,0.00,45.6,117.20,634.69,257.54,SEARCH_Y
11.8745,0.9771,0.3891,-0.0152,0.02062,0.14885,-0.02638,0.00,-3.00,0.00,45.6,117.17,634.69,257.54,SEARCH_Y
11.8846,0.6671,0.3191,0.0747,0.00062,0.15485,-0.02638,0.00,-3.00,0.00,45.7,117.14,634.69,257.54,SEARCH_Y
11.8947,0.6071,0.4391,0.1647,-0.02337,0.14285,-0.02738,0.00,-3.00,0.00,45.7,117.11,634.69,257.54,SEARCH_Y
11.9048,0.7971,0.5491,-0.2952,-0.00637,0.13985,-0.02238,0.00,-3.00,0.00,45.7,117.08,634.69,257.53,SEARCH_Y
11.9149,0.9571,0.2291,-0.0652,-0.00737,0.13185,-0.02738,0.00,-3.00,0.00,45.7,117.05,634.69,257.53,SEARCH_Y
11.9250,0.8671,0.5291,-0.2552,0.01662,0.15085,-0.02838,0.00,-3.00,0.00,45.7,117.02,634.69,257.53,SEARCH_Y
11.9351,0.6871,0.3791,-0.0052,0.00362,0.15385,-0.02838,0.00,-3.00,0.00,45.7,116.99,634.69,257.53,SEARCH_Y
11.9451,0.7071,0.1191,0.2747,0.00762,0.15485,-0.03138,0.00,-3.00,0.00,45.7,116.96,634.68,257.53,SEARCH_Y
11.9553,0.9171,0.3991,0.0447,0.00162,0.14785,-0.02538,0.00,-3.00,0.00,45.7,116.93,634.68,257.53,SEARCH_Y
11.9653,0.8971,0.4391,-0.0452,-0.02537,0.13585,-0.02938,0.00,-3.00,0.00,45.7,116.90,634.68,257.53,SEARCH_Y
11.9754,0.7071,0.4291,0.2347,-0.04637,0.12885,-0.03038,0.00,-3.00,0.00,45.7,116.87,634.68,257.53,SEARCH_Y
11.9855,0.4871,0.9991,-0.2952,-0.05337,0.13685,-0.02738,0.00,-3.00,0.00,45.7,116.84,634.68,257.53,SEARCH_Y
11.9956,0.5171,0.9091,-0.1552,-0.06337,0.13285,-0.02838,0.00,-3.00,0.00,45.7,116.80,634.68,257.53,SEARCH_Y
12.0057,0.8071,0.6691,-0.1252,-0.04437,0.12985,-0.03138,0.00,-3.00,0.00,45.7,116.78,634.68,257.53,SEARCH_Y
12.0158,0.8871,0.7591,-0.0352,-0.05237,0.13185,-0.03038,0.00,-3.00,0.00,45.7,116.74,634.68,257.53,SEARCH_Y
12.0259,0.7971,0.7791,-0.1952,-0.05537,0.12785,-0.02638,0.00,-3.00,0.00,45.7,116.72,634.68,257.53,SEARCH_Y
12.0361,0.6971,0.5791,0.2447,-0.06137,0.14285,-0.03138,0.00,-3.00,0.00,45.7,116.68,634.68,257.53,SEARCH_Y
12.0461,0.9071,0.7591,0.1547,-0.05637,0.13085,-0.03538,0.00,-3.00,0.00,45.7,116.66,634.68,257.53,SEARCH_Y
12.0563,0.6371,0.5991,0.1047,-0.08037,0.13085,-0.03338,0.00,-3.00,0.00,45.8,116.62,634.68,257.53,SEARCH_Y
12.0663,0.6571,0.6991,0.0347,-0.07837,0.13885,-0.03138,0.00,-3.00,0.00,45.8,116.60,634.67,257.53,SEARCH_Y
12.0764,0.6771,0.8391,0.1347,-0.09937,0.13485,-0.03238,0.00,-3.00,0.00,45.8,116.56,634.67,257.53,SEARCH_Y
12.0865,0.6871,0.6391,0.1547,-0.10437,0.12485,-0.03438,0.00,-3.00,0.00,45.8,116.54,634.67,257.53,SEARCH_Y
12.0966,0.8271,1.0991,-0.3452,-0.08437,0.12885,-0.03338,0.00,-3.00,0.00,45.8,116.50,634.67,257.53,SEARCH_Y
12.1067,0.7371,0.6491,0.2547,-0.09937,0.13585,-0.03638,0.00,-3.00,0.00,45.8,116.48,634.67,257.53,SEARCH_Y
12.1168,0.7971,0.7491,0.2647,-0.08837,0.13585,-0.03038,0.00,-3.00,0.00,45.8,116.44,634.67,257.53,SEARCH_Y
12.1269,0.8371,0.7791,-0.0252,-0.06537,0.14085,-0.03738,0.00,-3.00,0.00,45.8,116.41,634.67,257.53,SEARCH_Y
12.1370,0.8171,0.8291,0.0147,-0.07837,0.13385,-0.03338,0.00,-3.00,0.00,45.8,116.38,634.67,257.53,SEARCH_Y
12.1471,0.7371,0.6991,-0.2452,-0.07437,0.14085,-0.02938,0.00,-3.00,0.00,45.8,116.34,634.67,257.53,SEARCH_Z
12.1572,0.8271,0.8991,0.0647,-0.06937,0.14285,-0.03038,0.00,0.00,3.00,45.8,116.32,634.67,257.53,SEARCH_Z
12.1674,0.6371,0.6691,0.1147,-0.06137,0.14185,-0.03538,0.00,0.00,3.00,45.8,116.30,634.67,257.53,SEARCH_Z
12.1774,0.9171,0.4491,0.0547,-0.02837,0.16285,-0.03238,0.00,0.00,3.00,45.8,116.26,634.67,257.53,SEARCH_Z
12.1875,0.7771,0.6191,-0.2152,-0.02237,0.14885,-0.02838,0.00,0.00,3.00,45.8,116.25,634.68,257.53,SEARCH_Z
12.1976,0.6271,0.2691,0.3147,-0.02237,0.16385,-0.03438,0.00,0.00,3.00,45.8,116.22,634.69,257.53,SEARCH_Z
12.2077,0.7571,0.7191,-0.3852,-0.02137,0.13285,-0.02738,0.00,0.00,3.00,45.8,116.21,634.70,257.53,SEARCH_Z
12.2178,0.8971,0.2691,-0.0352,-0.01537,0.14785,-0.03338,0.00,0.00,3.00,45.8,116.19,634.71,257.53,SEARCH_Z
12.2279,0.8471,0.0391,0.3447,-0.00537,0.15285,-0.03738,0.00,0.00,3.00,45.8,116.17,634.73,257.53,SEARCH_Z
12.2380,0.6271,-0.0108,-0.0452,-0.01737,0.14585,-0.03438,0.00,0.00,3.00,45.8,116.16,634.75,257.53,SEARCH_Z
12.2481,0.9071,0.3591,-0.1152,-0.01837,0.13985,-0.03138,0.00,0.00,3.00,45.8,116.15,634.78,257.53,SEARCH_Z
12.2582,0.8771,0.7091,-0.3952,-0.01137,0.12685,-0.02638,0.00,0.00,3.00,45.8,116.15,634.80,257.54,SEARCH_Z
12.2684,0.8271,0.4691,-0.2252,0.00262,0.14285,-0.02838,0.00,0.00,3.00,45.8,116.15,634.83,257.54,SEARCH_Z
12.2785,1.0371,0.2291,0.2447,0.00662,0.15185,-0.02538,0.00,0.00,3.00,45.8,116.15,634.86,257.54,SEARCH_Z
12.2886,0.9171,0.1291,0.4547,0.00962,0.16385,-0.02938,0.00,0.00,3.00,45.8,116.14,634.89,257.54,SEARCH_Z
12.2987,0.8171,0.7491,-0.1852,-0.02237,0.12885,-0.02338,0.00,0.00,3.00,45.8,116.14,634.92,257.54,SEARCH_Z
12.3088,0.8771,0.2591,0.0347,-0.00137,0.14185,-0.03038,0.00,0.00,3.00,45.8,116.14,634.95,257.54,SEARCH_Z
12.3189,0.7871,0.3491,0.1047,-0.02037,0.13685,-0.02938,0.00,0.00,3.00,45.8,116.14,634.98,257.54,SEARCH_Z
12.3290,0.7971,0.8191,-0.5952,-0.00937,0.12285,-0.02438,0.00,0.00,3.00,45.8,116.14,635.01,257.54,SEARCH_Z
12.3391,0.3971,0.7691,-0.3152,-0.03037,0.11885,-0.02138,0.00,0.00,3.00,45.8,116.14,635.04,257.54,SEARCH_Z
12.3492,0.6171,0.5491,-0.3952,-0.01137,0.11985,-0.01938,0.00,0.00,3.00,45.9,116.14,635.07,257.55,SEARCH_Z
12.3593,0.9171,0.2291,-0.4352,-0.01037,0.11085,-0.01938,0.00,0.00,3.00,45.9,116.14,635.10,257.55,SEARCH_Z
12.3694,0.7371,0.5991,-0.2552,-0.00337,0.10985,-0.01638,0.00,0.00,3.00,45.9,116.14,635.13,257.55,SEARCH_Z
12.3795,0.7471,0.0491,0.1747,0.00762,0.12485,-0.02138,0.00,0.00,3.00,45.9,116.13,635.16,257.55,SEARCH_Z
12.3895,0.6771,-0.0708,0.0847,-0.01637,0.10385,-0.02338,0.00,0.00,3.00,45.9,116.13,635.19,257.55,SEARCH_Z
12.3996,0.6871,-0.0408,0.0047,0.00462,0.12185,-0.02138,0.00,0.00,3.00,45.9,116.13,635.23,257.55,SEARCH_Z
12.4097,0.5671,0.2191,-0.2152,-0.00737,0.11285,-0.01738,0.00,0.00,3.00,45.9,116.13,635.25,257.55,SEARCH_Z
12.4198,0.7271,0.0891,0.0147,0.00962,0.11585,-0.01638,0.00,0.00,3.00,45.9,116.13,635.29,257.55,SEARCH_Z
12.4299,0.7371,0.1591,-0.1052,0.01462,0.12485,-0.02038,0.00,0.00,3.00,45.9,116.13,635.31,257.55,SEARCH_Z
12.4400,0.7071,0.3091,-0.2552,-0.00637,0.12185,-0.02238,0.00,0.00,3.00,45.9,116.13,635.35,257.56,SEARCH_Z
12.4501,0.8471,0.4191,-0.2552,-0.00337,0.11785,-0.02138,0.00,0.00,3.00,45.9,116.13,635.37,257.56,SEARCH_Z
12.4602,0.7571,0.0691,0.0547,0.00462,0.12385,-0.02738,0.00,0.00,3.00,45.9,116.13,635.41,257.56,SEARCH_Z
12.4703,0.6971,0.3091,-0.2452,0.00762,0.12785,-0.02038,0.00,0.00,3.00,45.9,116.12,635.43,257.56,SEARCH_Z
12.4804,0.5871,0.3091,-0.1952,-0.00237,0.12985,-0.02338,0.00,0.00,3.00,45.9,116.12,635.47,257.56,SEARCH_Z
12.4905,0.7971,0.0691,-0.0152,0.00862,0.12785,-0.02238,0.00,0.00,3.00,45.9,116.12,635.49,257.56,SEARCH_Z
12.5006,0.6871,0.1991,0.1747,0.00962,0.13985,-0.02438,0.00,0.00,3.00,45.9,116.12,635.53,257.56,SEARCH_Z
12.5107,0.8171,0.2891,0.0247,-0.00637,0.12885,-0.02138,0.00,0.00,3.00,45.9,116.12,635.55,257.56,SEARCH_Z
12.5208,0.6171,0.0291,-0.0652,-0.02037,0.13285,-0.02038,0.00,0.00,3.00,45.9,116.12,635.59,257.56,SEARCH_Z
12.5309,0.7071,0.0591,0.2047,-0.00537,0.13185,-0.02538,0.00,0.00,3.00,45.9,116.12,635.61,257.56,SEARCH_Z
12.5410,0.7271,0.4891,-0.3852,-0.00337,0.12885,-0.02338,0.00,0.00,3.00,45.9,116.12,635.65,257.57,SEARCH_Z
12.5511,0.6671,0.1591,0.0847,-0.00937,0.13585,-0.02138,0.00,0.00,3.00,45.9,116.12,635.67,257.57,SEARCH_Z
12.5612,0.8071,-0.1808,0.3047,-0.00137,0.13485,-0.03038,0.00,0.00,3.00,45.9,116.11,635.71,257.57,SEARCH_Z
12.5713,0.4771,0.4891,-0.2152,-0.00337,0.13585,-0.01938,0.00,0.00,3.00,45.9,116.11,635.73,257.57,SEARCH_Z
12.5814,0.7071,0.0991,-0.0952,-0.00037,0.13585,-0.02538,0.00,0.00,3.00,45.9,116.11,635.77,257.57,SEARCH_Z
12.5915,0.6871,0.5891,-0.4152,0.00362,0.13385,-0.02138,0.00,0.00,3.00,45.9,116.11,635.79,257.57,SEARCH_Z
12.6016,0.7671,0.5091,-0.0652,0.00962,0.13885,-0.02438,0.00,0.00,3.00,45.9,116.11,635.83,257.57,SEARCH_Z
12.6117,1.0471,0.3691,-0.2152,0.01162,0.13885,-0.02138,0.00,0.00,3.00,45.9,116.11,635.85,257.57,SEARCH_Z
12.6218,0.7471,0.0291,-0.0152,0.00162,0.13785,-0.02738,0.00,0.00,3.00,45.9,116.11,635.89,257.57,SEARCH_Z
12.6320,0.7271,0.4691,0.1347,0.00762,0.14785,-0.02538,0.00,0.00,3.00,45.9,116.11,635.92,257.58,SEARCH_Z
12.6421,0.7471,0.3991,-0.0952,-0.00737,0.12685,-0.02238,0.00,0.00,3.00,45.9,116.10,635.95,257.58,SEARCH_Z
12.6522,0.8471,-0.0008,0.2247,0.01462,0.14585,-0.02638,0.00,0.00,3.00,45.9,116.10,635.98,257.58,SEARCH_Z
12.6623,0.6771,0.0191,0.0347,0.00162,0.12885,-0.02638,0.00,0.00,3.00,45.9,116.10,636.01,257.58,SEARCH_Z
12.6724,0.7171,0.1591,0.0847,-0.00237,0.13885,-0.02738,0.00,0.00,3.00,45.9,116.10,636.04,257.58,SEARCH_Z
12.6824,0.7671,0.3491,-0.1352,-0.00837,0.12485,-0.02338,0.00,0.00,3.00,45.9,116.10,636.07,257.58,SEARCH_Z
12.6925,0.8571,0.0591,0.1947,0.01062,0.14085,-0.02538,0.00,0.00,3.00,45.9,116.10,636.10,257.58,SEARCH_Z
12.7027,0.9071,0.0891,0.1047,0.01062,0.13785,-0.02738,0.00,0.00,3.00,45.9,116.10,636.13,257.58,SEARCH_Z
12.7128,0.9071,0.2591,-0.2052,0.00362,0.12985,-0.02638,0.00,0.00,3.00,45.9,116.10,636.16,257.58,SEARCH_Z
12.7229,0.8671,0.3191,0.0647,0.00962,0.12785,-0.02338,0.00,0.00,3.00,45.9,116.10,636.19,257.59,SEARCH_Z
12.7330,0.5771,0.3191,-0.0252,-0.01737,0.12585,-0.02238,0.00,0.00,3.00,45.9,116.09,636.22,257.59,SEARCH_Z
12.7431,0.6371,0.5591,-0.3852,-0.02037,0.12485,-0.02538,0.00,0.00,3.00,45.9,116.09,636.25,257.59,SEARCH_Z
12.7532,0.8871,0.1591,-0.1052,0.00162,0.12585,-0.02438,0.00,0.00,3.00,45.9,116.09,636.28,257.59,SEARCH_Z
12.7633,0.6971,0.1091,0.0447,0.00262,0.13485,-0.02538,0.00,0.00,3.00,45.9,116.09,636.31,257.59,SEARCH_Z
12.7734,0.8171,0.1891,0.1847,0.00662,0.13585,-0.02538,0.00,0.00,3.00,45.9,116.09,636.34,257.59,SEARCH_Z
12.7835,0.7371,0.0791,-0.2252,0.01362,0.13785,-0.02638,0.00,0.00,3.00,45.9,116.09,636.37,257.59,SEARCH_Z
12.7936,0.6371,0.1991,-0.0652,-0.00337,0.14485,-0.02438,0.00,0.00,3.00,45.9,116.09,636.40,257.59,SEARCH_Z
12.8037,0.8171,0.3991,-0.2852,0.00262,0.12885,-0.02238,0.00,0.00,3.00,45.9,116.09,636.44,257.59,SEARCH_Z
12.8138,0.6271,0.3091,-0.1352,-0.00037,0.14185,-0.01938,0.00,0.00,3.00,45.9,116.09,636.46,257.60,SEARCH_Z
12.8239,0.6471,0.3991,-0.2752,-0.01737,0.11985,-0.02438,0.00,0.00,3.00,45.9,116.08,636.50,257.60,SEARCH_Z
12.8341,0.5771,0.6991,-0.2952,0.01062,0.13785,-0.02038,0.00,0.00,3.00,45.9,116.08,636.52,257.60,SEARCH_Z
12.8442,0.6871,0.3391,-0.0552,0.00362,0.14285,-0.02338,0.00,0.00,3.00,45.9,116.08,636.56,257.60,SEARCH_Z
12.8543,0.6271,0.0391,0.0447,0.00462,0.14485,-0.02538,0.00,0.00,3.00,45.9,116.08,636.58,257.60,SEARCH_Z
12.8644,0.9471,0.0091,0.2247,0.00962,0.13885,-0.02938,0.00,0.00,3.00,45.9,116.08,636.62,257.60,SEARCH_Z
12.8745,0.7471,0.0591,0.0347,0.00862,0.14185,-0.02738,0.00,0.00,3.00,45.9,116.08,636.64,257.60,SEARCH_Z
12.8845,0.7971,0.4291,-0.4352,0.00362,0.12985,-0.01838,0.00,0.00,3.00,45.9,116.08,636.68,257.60,SEARCH_Z
12.8946,0.9871,0.1891,-0.0252,0.01762,0.13885,-0.02538,0.00,0.00,3.00,45.9,116.08,636.70,257.60,SEARCH_Z
12.9047,0.7471,0.1691,-0.0352,-0.00237,0.12285,-0.02338,0.00,0.00,3.00,45.9,116.08,636.74,257.61,SEARCH_Z
12.9148,0.8471,-0.0208,0.1147,-0.00537,0.12985,-0.02738,0.00,0.00,3.00,45.9,116.07,636.76,257.61,SEARCH_Z
12.9249,0.8471,0.1491,0.1147,0.01162,0.13785,-0.02338,0.00,0.00,3.00,45.9,116.07,636.80,257.61,SEARCH_Z
12.9351,0.6171,0.2991,0.1147,0.00162,0.14485,-0.02638,0.00,0.00,3.00,45.9,116.07,636.82,257.61,SEARCH_Z
12.9452,0.6971,0.2791,0.0547,-0.00237,0.13685,-0.02438,0.00,0.00,3.00,45.9,116.07,636.86,257.61,SEARCH_Z
12.9553,0.6271,0.1391,0.0947,0.00062,0.14185,-0.02138,0.00,0.00,3.00,45.9,116.07,636.88,257.61,SEARCH_Z
12.9654,0.7671,0.1491,-0.1852,-0.01137,0.12785,-0.02638,0.00,0.00,3.00,45.9,116.07,636.92,257.61,SEARCH_Z
12.9755,0.8171,0.1191,-0.2352,-0.00137,0.13485,-0.02838,0.00,0.00,3.00,45.9,116.07,636.94,257.61,SEARCH_Z
12.9856,0.6671,0.3091,-0.0152,0.00162,0.13285,-0.02438,0.00,0.00,3.00,45.9,116.07,636.98,257.61,SEARCH_Z
12.9957,0.6571,0.1291,-0.1752,-0.00037,0.13485,-0.02838,0.00,0.00,3.00,45.9,116.06,637.02,257.62,SEARCH_Z
13.0059,0.7371,0.2891,-0.0452,0.00262,0.12985,-0.02438,0.00,0.00,3.00,45.9,116.06,637.04,257.62,SEARCH_Z
13.0160,0.8671,0.2991,-0.1752,0.01162,0.13885,-0.02338,0.00,0.00,3.00,45.9,116.06,637.08,257.62,SEARCH_Z
13.0261,0.9371,0.1091,0.2347,0.02662,0.14785,-0.02438,0.00,0.00,3.00,45.9,116.06,637.10,257.62,SEARCH_Z
13.0362,0.8971,0.2391,-0.3052,0.00862,0.12785,-0.02338,0.00,0.00,3.00,45.9,116.06,637.14,257.62,SEARCH_Z
13.0463,0.5571,0.1891,0.0247,-0.01037,0.14085,-0.02438,0.00,0.00,3.00,45.9,116.06,637.16,257.62,SEARCH_Z
13.0564,0.7271,0.2891,-0.3352,0.00162,0.13385,-0.02138,0.00,0.00,3.00,45.9,116.06,637.20,257.62,SEARCH_Z
13.0664,0.6871,-0.0408,0.2147,0.00362,0.14185,-0.02838,0.00,0.00,3.00,45.9,116.06,637.22,257.62,SEARCH_Z
13.0765,0.7971,-0.3208,0.2447,0.01162,0.14385,-0.02938,0.00,0.00,3.00,45.9,116.06,637.26,257.62,SEARCH_Z
13.0866,0.6971,0.1391,-0.1152,0.00162,0.13885,-0.02638,0.00,0.00,3.00,45.9,116.05,637.28,257.62,SEARCH_Z
13.0967,0.7171,0.0791,-0.0152,-0.00837,0.13585,-0.02838,0.00,0.00,3.00,45.9,116.05,637.32,257.63,SEARCH_Z
13.1069,0.5471,0.2691,-0.1452,-0.00637,0.13685,-0.02738,0.00,0.00,3.00,45.9,116.05,637.34,257.63,SEARCH_Z
13.1170,0.6271,0.2091,-0.0852,-0.00937,0.13185,-0.02538,0.00,0.00,3.00,45.9,116.05,637.38,257.63,SEARCH_Z
13.1271,0.9271,0.3791,-0.2552,0.01562,0.13485,-0.02638,0.00,0.00,3.00,45.9,116.05,637.40,257.63,SEARCH_Z
13.1372,0.7871,0.3391,-0.0752,-0.01137,0.12785,-0.02438,0.00,0.00,3.00,45.9,116.05,637.44,257.63,SEARCH_Z
13.1473,0.7571,0.3191,0.0947,0.00462,0.13885,-0.02638,0.00,0.00,3.00,45.9,116.05,637.46,257.63,SEARCH_Z
13.1574,0.7271,0.2991,-0.1152,-0.01337,0.12885,-0.02738,0.00,0.00,3.00,45.9,116.05,637.50,257.63,SEARCH_Z
13.1675,0.6671,0.4191,-0.4052,-0.01637,0.11985,-0.02238,0.00,0.00,3.00,45.9,116.05,637.53,257.63,SEARCH_Z
13.1776,0.5671,0.6891,-0.3052,-0.01037,0.12885,-0.02138,0.00,0.00,3.00,45.9,116.04,637.56,257.63,SEARCH_Z
13.1877,0.5071,0.4191,-0.4452,-0.00537,0.13085,-0.02338,0.00,0.00,3.00,45.9,116.04,637.59,257.64,SEARCH_Z
13.1978,0.7971,0.2791,-0.1152,0.00462,0.13385,-0.02538,0.00,0.00,3.00,45.9,116.04,637.62,257.64,SEARCH_Z
13.2080,0.5971,0.4591,-0.1952,-0.01337,0.12885,-0.02338,0.00,0.00,3.00,46.0,116.04,637.65,257.64,SEARCH_Z
13.2181,0.9771,0.1091,-0.0852,0.01762,0.13285,-0.02538,0.00,0.00,3.00,46.0,116.04,637.68,257.64,SEARCH_Z
13.2282,0.7871,0.3891,-0.2352,0.01862,0.13585,-0.02338,0.00,0.00,3.00,46.0,116.04,637.71,257.64,SEARCH_Z
13.2383,0.6471,0.2191,0.0847,0.00662,0.13785,-0.02638,0.00,0.00,3.00,46.0,116.04,637.74,257.64,SEARCH_Z
13.2484,0.6171,0.5091,-0.0052,-0.00737,0.13585,-0.02538,0.00,0.00,3.00,46.0,116.04,637.77,257.64,SEARCH_Z
13.2585,0.5971,0.3091,0.0147,0.00262,0.14285,-0.02238,0.00,0.00,3.00,46.0,116.04,637.80,257.64,SEARCH_Z
13.2686,0.7271,0.1191,0.2047,-0.01037,0.12685,-0.02638,0.00,0.00,3.00,46.0,116.03,637.83,257.64,SEARCH_Z
13.2787,0.8671,0.2691,-0.2852,0.01362,0.12885,-0.02638,0.00,0.00,3.00,46.0,116.03,637.86,257.65,SEARCH_Z
13.2888,1.0671,0.4191,-0.2152,0.00462,0.12485,-0.02438,0.00,0.00,3.00,46.0,116.03,637.89,257.65,SEARCH_Z
13.2989,0.9271,0.2291,0.2047,0.01462,0.13785,-0.02638,0.00,0.00,3.00,46.0,116.03,637.92,257.65,SEARCH_Z
13.3090,0.7771,-0.1208,0.3847,0.00662,0.13485,-0.02738,0.00,0.00,3.00,46.0,116.03,637.95,257.65,SEARCH_Z
13.3191,0.6371,0.1691,0.0447,-0.00837,0.13085,-0.02438,0.00,0.00,3.00,46.0,116.03,637.98,257.65,SEARCH_Z
13.3292,0.8071,0.0891,0.1747,0.01062,0.13485,-0.02838,0.00,0.00,3.00,46.0,116.03,638.01,257.65,SEARCH_Z
13.3394,0.6371,0.2091,-0.3052,0.00062,0.13285,-0.02038,0.00,0.00,3.00,46.0,116.03,638.04,257.65,SEARCH_Z
13.3495,0.8371,0.0291,-0.0652,-0.00637,0.11985,-0.02738,0.00,0.00,3.00,46.0,116.02,638.07,257.65,SEARCH_Z
13.3596,0.7171,0.2791,-0.0452,-0.01137,0.12385,-0.02338,0.00,0.00,3.00,46.0,116.02,638.10,257.65,SEARCH_Z
13.3697,0.8371,0.3291,-0.1652,-0.00437,0.12685,-0.02238,0.00,0.00,3.00,46.0,116.02,638.13,257.66,SEARCH_Z
13.3797,0.8271,0.1691,0.0447,0.01762,0.14185,-0.02438,0.00,0.00,3.00,46.0,116.02,638.17,257.66,SEARCH_Z
13.3898,0.6171,0.3291,-0.0252,-0.00237,0.13185,-0.02538,0.00,0.00,3.00,46.0,116.02,638.19,257.66,SEARCH_Z
13.3999,0.4571,0.3391,0.2347,-0.01337,0.13585,-0.02538,0.00,0.00,3.00,46.0,116.02,638.23,257.66,SEARCH_Z
13.4100,0.7571,-0.0208,0.1147,0.00462,0.14085,-0.02838,0.00,0.00,3.00,46.0,116.02,638.25,257.66,SEARCH_Z
13.4202,0.6971,0.4491,-0.1852,-0.01437,0.12585,-0.02238,0.00,0.00,3.00,46.0,116.02,638.29,257.66,SEARCH_Z
13.4303,0.7971,0.4791,-0.3452,0.00662,0.12085,-0.02438,0.00,0.00,3.00,46.0,116.02,638.31,257.66,SEARCH_Z
13.4404,0.5871,0.3191,-0.1552,-0.00437,0.13085,-0.02438,0.00,0.00,3.00,46.0,116.01,638.35,257.66,SEARCH_Z
13.4505,0.8471,0.2491,-0.0952,-0.00637,0.12685,-0.02538,0.00,0.00,3.00,46.0,116.01,638.37,257.66,SEARCH_Z
13.4606,0.8271,0.1091,0.0247,-0.00537,0.13185,-0.02538,0.00,0.00,3.00,46.0,116.01,638.41,257.67,SEARCH_Z
13.4707,0.6971,0.4691,-0.3752,-0.00537,0.12185,-0.02238,0.00,0.00,3.00,46.0,116.01,638.43,257.67,SEARCH_Z
13.4808,0.6871,0.0991,0.0047,0.00262,0.13085,-0.02838,0.00,0.00,3.00,46.0,116.01,638.47,257.67,SEARCH_Z
13.4909,0.5971,0.2491,-0.1352,0.00862,0.13285,-0.02438,0.00,0.00,3.00,46.0,116.01,638.49,257.67,SEARCH_Z
13.5010,0.6571,0.2191,0.0547,0.01262,0.13685,-0.02438,0.00,0.00,3.00,46.0,116.01,638.53,257.67,SEARCH_Z
13.5111,0.5871,0.5391,-0.0352,-0.01237,0.13085,-0.02338,0.00,0.00,3.00,46.0,116.01,638.55,257.67,SEARCH_Z
13.5212,0.6071,0.2891,-0.2152,-0.01137,0.12085,-0.02238,0.00,0.00,3.00,46.0,116.01,638.59,257.67,SEARCH_Z
13.5312,0.7371,0.3391,-0.2152,0.00062,0.12185,-0.02138,0.00,0.00,3.00,46.0,116.00,638.61,257.67,SEARCH_Z
13.5413,0.7971,0.1291,0.0447,0.00962,0.13385,-0.02838,0.00,0.00,3.00,46.0,116.00,638.65,257.67,SEARCH_Z
13.5514,0.5871,0.3191,-0.1852,0.00162,0.13385,-0.02638,0.00,0.00,3.00,46.0,116.00,638.67,257.68,SEARCH_Z
13.5615,0.7271,0.1491,0.0947,-0.00637,0.12585,-0.02138,0.00,0.00,3.00,46.0,116.00,638.71,257.68,SEARCH_Z
13.5716,0.6571,0.1491,-0.2852,-0.00137,0.12885,-0.02838,0.00,0.00,3.00,46.0,116.00,638.73,257.68,SEARCH_Z
13.5817,0.5171,0.2691,-0.1552,-0.00137,0.13685,-0.02438,0.00,0.00,3.00,46.0,116.00,638.77,257.68,SEARCH_Z
13.5918,0.6471,0.2591,0.1247,-0.00137,0.12685,-0.02638,0.00,0.00,3.00,46.0,116.00,638.80,257.68,SEARCH_Z
13.6019,0.8271,0.4691,-0.4452,0.00562,0.11785,-0.02138,0.00,0.00,3.00,46.0,116.00,638.83,257.68,SEARCH_Z
13.6120,0.7471,0.0491,-0.0252,-0.01137,0.11985,-0.02938,0.00,0.00,3.00,46.1,115.99,638.86,257.68,SEARCH_Z
13.6221,0.7971,0.4191,0.0747,0.01162,0.14085,-0.02438,0.00,0.00,3.00,46.1,115.99,638.89,257.68,SEARCH_Z
13.6322,0.7271,0.0791,-0.0352,-0.00437,0.12385,-0.02638,0.00,0.00,3.00,46.1,115.99,638.92,257.68,SEARCH_Z
13.6423,0.5771,-0.0808,0.4847,-0.00837,0.13285,-0.02538,0.00,0.00,3.00,46.1,115.99,638.95,257.69,SEARCH_Z
13.6524,0.6871,0.0891,-0.0352,-0.00237,0.12385,-0.02538,0.00,0.00,3.00,46.1,115.99,638.98,257.69,SEARCH_Z
13.6625,0.6271,0.1291,-0.2452,0.00062,0.11885,-0.02438,0.00,0.00,3.00,46.1,115.99,639.01,257.69,SEARCH_Z
13.6726,0.6471,-0.1408,0.3747,0.02262,0.14185,-0.02538,0.00,0.00,3.00,46.1,115.99,639.04,257.69,SEARCH_Z
13.6827,0.4471,0.2291,-0.0352,-0.02137,0.11685,-0.02238,0.00,0.00,3.00,46.1,115.99,639.07,257.69,SEARCH_Z
13.6928,0.6471,0.2291,-0.0852,0.00062,0.12385,-0.02438,0.00,0.00,3.00,46.1,115.99,639.10,257.69,SEARCH_Z
13.7030,0.8271,0.5191,-0.2752,-0.00437,0.11585,-0.02338,0.00,0.00,3.00,46.1,115.98,639.13,257.69,SEARCH_Z
13.7131,0.8871,0.1391,-0.0652,0.01362,0.12985,-0.02638,0.00,0.00,3.00,46.1,115.98,639.16,257.69,SEARCH_Z
13.7232,0.6971,0.5091,-0.1452,0.00262,0.12885,-0.02138,0.00,0.00,3.00,46.1,115.98,639.19,257.69,SEARCH_Z
13.7333,0.6271,0.4891,-0.4452,0.01862,0.13285,-0.02238,0.00,0.00,3.00,46.1,115.98,639.22,257.70,SEARCH_Z
13.7434,0.6471,0.4291,-0.2152,0.00062,0.12685,-0.02338,0.00,0.00,3.00,46.1,115.98,639.25,257.70,SEARCH_Z
13.7535,0.6671,0.4091,-0.0752,0.00362,0.12985,-0.02438,0.00,0.00,3.00,46.1,115.98,639.28,257.70,SEARCH_Z
13.7636,0.6071,0.3291,-0.1452,-0.00437,0.12885,-0.02238,0.00,0.00,3.00,46.1,115.98,639.32,257.70,SEARCH_Z
13.7737,0.7971,0.2591,-0.4452,0.00862,0.13185,-0.02038,0.00,0.00,3.00,46.1,115.98,639.34,257.70,SEARCH_Z
13.7838,0.6271,0.3191,-0.1252,-0.01137,0.12185,-0.02538,0.00,0.00,3.00,46.1,115.98,639.38,257.70,SEARCH_Z
13.7939,0.7571,0.0491,-0.0852,-0.01237,0.11885,-0.02438,0.00,0.00,3.00,46.1,115.97,639.40,257.70,SEARCH_Z
13.8040,0.6771,0.4391,-0.3452,-0.01137,0.10985,-0.02138,0.00,0.00,3.00,46.1,115.97,639.44,257.70,SEARCH_Z
13.8141,0.7771,0.2191,-0.0052,0.01262,0.13285,-0.02438,0.00,0.00,3.00,46.1,115.97,639.46,257.70,SEARCH_Z
13.8242,0.5571,0.2891,-0.0352,-0.00337,0.13285,-0.02638,0.00,0.00,3.00,46.1,115.97,639.50,257.71,SEARCH_Z
13.8343,0.7271,0.0291,0.1747,0.01462,0.13885,-0.02538,0.00,0.00,3.00,46.1,115.97,639.52,257.71,SEARCH_Z
13.8444,0.7471,0.5991,-0.0552,0.00262,0.12785,-0.02138,0.00,0.00,3.00,46.1,115.97,639.56,257.71,SEARCH_Z
13.8545,0.5571,0.5091,-0.1952,-0.02437,0.11485,-0.02238,0.00,0.00,3.00,46.1,115.97,639.58,257.71,SEARCH_Z
13.8646,0.6971,0.0491,-0.0652,-0.00237,0.12085,-0.02238,0.00,0.00,3.00,46.1,115.97,639.62,257.71,SEARCH_Z
13.8747,0.5171,0.4291,0.0647,-0.01437,0.12985,-0.02238,0.00,0.00,3.00,46.1,115.97,639.64,257.71,SEARCH_Z
13.8847,0.7471,0.3891,-0.3252,0.00162,0.11385,-0.02238,0.00,0.00,3.00,46.1,115.96,639.68,257.71,SEARCH_Z
13.8948,0.6771,-0.3008,0.2447,-0.00237,0.12685,-0.02638,0.00,0.00,3.00,46.1,115.96,639.70,257.71,SEARCH_Z
13.9049,0.6371,0.3391,-0.0252,-0.00637,0.12785,-0.02138,0.00,0.00,3.00,46.1,115.96,639.74,257.71,SEARCH_Z
13.9150,0.5671,0.5291,-0.1952,-0.01437,0.12285,-0.02338,0.00,0.00,3.00,46.1,115.96,639.76,257.71,SEARCH_Z
13.9251,0.6271,0.2991,0.1347,-0.00737,0.12485,-0.02438,0.00,0.00,3.00,46.1,115.96,639.80,257.72,SEARCH_Z
13.9352,0.6771,0.1791,0.1447,0.00562,0.13185,-0.02538,0.00,0.00,3.00,46.2,115.96,639.82,257.72,SEARCH_Z
13.9453,0.7671,0.3791,0.2147,0.00362,0.12885,-0.02238,0.00,0.00,3.00,46.2,115.96,639.86,257.72,SEARCH_Z
13.9554,0.5271,0.1891,0.1347,0.01662,0.14085,-0.02038,0.00,0.00,3.00,46.2,115.96,639.88,257.72,SEARCH_Z
13.9655,0.6571,-0.0908,0.2347,0.00262,0.12885,-0.02638,0.00,0.00,3.00,46.2,115.96,639.92,257.72,SEARCH_Z
13.9756,0.6671,0.1391,-0.0252,-0.00537,0.11885,-0.01938,0.00,0.00,3.00,46.2,115.95,639.94,257.72,SEARCH_Z
13.9857,0.7571,0.0591,-0.1052,0.00662,0.13785,-0.02738,0.00,0.00,3.00,46.2,115.95,639.98,257.72,SEARCH_Z
13.9958,0.6671,0.0891,0.0847,-0.00637,0.12585,-0.02538,0.00,0.00,3.00,46.2,115.95,640.02,257.72,SEARCH_Z
14.0059,0.9371,0.0391,0.0647,0.01962,0.12385,-0.02938,0.00,0.00,3.00,46.2,115.95,640.04,257.72,SEARCH_Z
14.0160,0.6571,0.4091,0.1147,0.00362,0.12485,-0.02138,0.00,0.00,3.00,46.2,115.95,640.08,257.73,SEARCH_Z
14.0261,0.7471,0.2891,0.0647,0.01962,0.13485,-0.02338,0.00,0.00,3.00,46.2,115.95,640.10,257.73,SEARCH_Z
14.0362,0.7371,0.4091,-0.1052,0.01362,0.12185,-0.02138,0.00,0.00,3.00,46.2,115.95,640.14,257.73,SEARCH_Z
14.0463,0.6371,0.0491,-0.0552,0.01762,0.12485,-0.02738,0.00,0.00,3.00,46.2,115.95,640.16,257.73,SEARCH_Z
14.0564,0.6571,0.4191,-0.1252,0.00962,0.11685,-0.01938,0.00,0.00,3.00,46.2,115.94,640.20,257.73,SEARCH_Z
14.0665,0.6771,0.0491,0.1047,0.01762,0.12885,-0.02138,0.00,0.00,3.00,46.2,115.94,640.22,257.73,SEARCH_Z
14.0766,0.7071,0.3491,0.1247,-0.00637,0.11185,-0.01938,0.00,0.00,3.00,46.2,115.94,640.26,257.73,SEARCH_Z
14.0867,0.5071,0.2391,0.0847,-0.00037,0.11585,-0.02338,0.00,0.00,3.00,46.2,115.94,640.28,257.73,SEARCH_Z
14.0968,0.6271,0.1791,0.0647,0.00062,0.11285,-0.02238,0.00,0.00,3.00,46.2,115.94,640.32,257.73,SEARCH_Z
14.1070,0.5671,0.4791,0.0947,0.02262,0.12385,-0.01838,0.00,0.00,3.00,46.2,115.94,640.34,257.74,SEARCH_Z
14.1171,0.5771,0.1691,0.2747,0.01262,0.12085,-0.02138,0.00,0.00,3.00,46.2,115.94,640.38,257.74,SEARCH_Z
14.1272,0.4371,0.1691,0.3047,0.00362,0.12185,-0.02038,0.00,0.00,3.00,46.2,115.94,640.40,257.74,SEARCH_Z
14.1373,0.5671,0.2191,0.1847,0.00662,0.10785,-0.01738,0.00,0.00,3.00,46.2,115.94,640.44,257.74,SEARCH_Z
14.1474,0.7271,0.3991,0.0147,0.02262,0.10185,-0.01538,0.00,0.00,3.00,46.2,115.93,640.46,257.74,SEARCH_Z
14.1575,0.7971,0.0391,0.2647,0.02362,0.10785,-0.01838,0.00,0.00,3.00,46.2,115.93,640.50,257.74,SEARCH_Z
14.1676,0.4671,0.3491,0.0547,0.01762,0.11285,-0.01938,0.00,0.00,3.00,46.2,115.93,640.52,257.74,SEARCH_Z
14.1777,0.6671,0.2091,0.2847,0.03062,0.11085,-0.01838,0.00,0.00,3.00,46.2,115.93,640.56,257.74,SEARCH_Z
14.1878,0.2271,0.4591,0.1547,0.01062,0.11685,-0.01338,0.00,0.00,3.00,46.2,115.93,640.59,257.74,SEARCH_Z
14.1978,0.5071,0.0391,0.4347,0.01762,0.10985,-0.02038,0.00,0.00,3.00,46.2,115.93,640.62,257.75,SEARCH_Z
14.2079,0.3671,-0.0208,0.5447,0.02062,0.11385,-0.01838,0.00,0.00,3.00,46.3,115.93,640.65,257.75,SEARCH_Z
14.2179,0.4571,0.4091,-0.0552,0.01562,0.10185,-0.01538,0.00,0.00,3.00,46.3,115.93,640.68,257.75,SEARCH_Z
14.2281,0.6071,0.0391,0.3547,0.02162,0.10685,-0.01438,0.00,0.00,3.00,46.3,115.93,640.71,257.75,SEARCH_Z
14.2382,0.4771,0.3191,0.2147,0.00762,0.09685,-0.01438,0.00,0.00,3.00,46.3,115.92,640.74,257.75,SEARCH_Z
14.2483,0.6171,0.1691,0.0047,0.02862,0.09985,-0.01238,0.00,0.00,3.00,46.3,115.92,640.77,257.75,SEARCH_Z
14.2584,0.7171,0.2591,-0.3852,0.01162,0.08085,-0.01038,0.00,0.00,3.00,46.3,115.92,640.80,257.75,SEARCH_Z
14.2685,0.6271,0.0991,0.0947,0.01662,0.10185,-0.01838,0.00,0.00,3.00,46.3,115.92,640.83,257.75,SEARCH_Z
14.2786,0.4271,0.4591,0.0947,0.00362,0.09985,-0.01538,0.00,0.00,3.00,46.3,115.92,640.86,257.75,SEARCH_Z
14.2887,0.5171,0.3291,-0.2452,0.01262,0.10785,-0.00938,0.00,0.00,3.00,46.3,115.92,640.89,257.76,SEARCH_Z
14.2988,0.4071,0.5491,-0.2852,-0.01437,0.09185,-0.01038,0.00,0.00,3.00,46.3,115.92,640.92,257.76,SEARCH_Z
14.3089,0.7071,0.5291,-0.3652,0.00962,0.08585,-0.01438,0.00,0.00,3.00,46.3,115.92,640.95,257.76,SEARCH_Z
14.3190,0.4671,0.2691,-0.2152,-0.00037,0.09285,-0.01338,0.00,0.00,3.00,46.3,115.92,640.98,257.76,SEARCH_Z
14.3291,0.7671,-0.1808,0.3547,0.00962,0.09785,-0.01638,0.00,0.00,3.00,46.3,115.91,641.01,257.76,SEARCH_Z
14.3392,0.5071,0.2991,-0.1352,-0.00537,0.10385,-0.01638,0.00,0.00,3.00,46.3,115.91,641.04,257.76,SEARCH_Z
14.3493,0.5471,-0.0408,-0.0452,0.00362,0.10285,-0.01838,0.00,0.00,3.00,46.3,115.91,641.07,257.76,SEARCH_Z
14.3594,0.6071,0.0291,0.0547,-0.00437,0.09285,-0.01738,0.00,0.00,3.00,46.3,115.91,641.10,257.76,SEARCH_Z
14.3697,0.2671,0.6591,-0.1652,-0.01537,0.09485,-0.01238,0.00,0.00,3.00,46.3,115.91,641.13,257.76,SEARCH_Z
14.3797,0.4271,0.0691,0.0647,0.00462,0.10785,-0.01738,0.00,0.00,3.00,46.3,115.91,641.17,257.77,SEARCH_Z
14.3898,0.5271,0.1591,-0.0852,-0.00737,0.08585,-0.01638,0.00,0.00,3.00,46.3,115.91,641.19,257.77,SEARCH_Z
14.4000,0.5771,0.0991,-0.0752,0.00462,0.10085,-0.01538,0.00,0.00,3.00,46.3,115.91,641.23,257.77,SEARCH_Z
14.4101,0.5071,0.5091,-0.3852,-0.01037,0.08885,-0.01438,0.00,0.00,3.00,46.3,115.90,641.25,257.77,SEARCH_Z
14.4202,0.4371,0.4991,-0.4252,-0.01137,0.08785,-0.01238,0.00,0.00,3.00,46.3,115.90,641.29,257.77,SEARCH_Z
14.4303,0.5171,0.2291,0.0547,-0.01037,0.09385,-0.01638,0.00,0.00,3.00,46.3,115.90,641.31,257.77,SEARCH_Z
14.4404,0.2471,0.2291,-0.1352,-0.01437,0.09785,-0.01538,0.00,0.00,3.00,46.3,115.90,641.35,257.77,SEARCH_Z
14.4505,0.5271,0.2691,0.0747,0.00062,0.09885,-0.01638,0.00,0.00,3.00,46.4,115.90,641.37,257.77,SEARCH_Z
14.4606,0.6371,0.5091,-0.2352,0.00762,0.09185,-0.01338,0.00,0.00,3.00,46.4,115.90,641.41,257.77,SEARCH_Z
14.4707,0.5171,-0.1108,-0.0452,-0.00937,0.08385,-0.01638,0.00,0.00,3.00,46.4,115.90,641.43,257.78,SEARCH_Z
14.4808,0.4871,-0.0108,-0.1052,-0.00937,0.08685,-0.01338,0.00,0.00,3.00,46.4,115.90,641.47,257.78,SEARCH_Z
14.4909,0.6471,-0.1108,-0.2552,0.00162,0.09685,-0.01538,0.00,0.00,3.00,46.4,115.90,641.49,257.78,SEARCH_Z
14.5011,0.5071,0.3291,-0.3752,0.00062,0.09685,-0.01438,0.00,0.00,3.00,46.4,115.89,641.53,257.78,SEARCH_Z
14.5111,0.4471,0.0291,-0.0852,0.00262,0.09385,-0.01638,0.00,0.00,3.00,46.4,115.89,641.55,257.78,SEARCH_Z
14.5212,0.4271,0.5191,-0.6852,-0.01337,0.08285,-0.01238,0.00,0.00,3.00,46.4,115.89,641.59,257.78,SEARCH_Z
14.5313,0.3671,0.2791,-0.6152,-0.02137,0.08085,-0.01038,0.00,0.00,3.00,46.4,115.89,641.61,257.78,SEARCH_Z
14.5414,0.3271,0.1191,-0.4252,-0.01537,0.08785,-0.01238,0.00,0.00,3.00,46.4,115.89,641.65,257.78,SEARCH_Z
14.5515,0.4271,0.4091,-0.8052,-0.00637,0.07885,-0.01238,0.00,0.00,3.00,46.4,115.89,641.67,257.78,SEARCH_Z
14.5616,0.4571,0.1691,-0.5552,-0.01837,0.07185,-0.01038,0.00,0.00,3.00,46.4,115.89,641.71,257.79,SEARCH_Z
14.5717,0.4871,-0.1708,-0.5652,-0.01937,0.08085,-0.01238,0.00,0.00,3.00,46.4,115.89,641.74,257.79,SEARCH_Z
14.5818,0.3971,0.2791,-0.6852,-0.01937,0.07585,-0.00938,0.00,0.00,3.00,46.4,115.89,641.77,257.79,SEARCH_Z
14.5919,0.3371,0.2391,-0.8752,-0.01537,0.07185,-0.00938,0.00,0.00,3.00,46.4,115.88,641.80,257.79,SEARCH_Z
14.6021,0.4671,0.1791,-0.9852,-0.01237,0.06685,-0.00838,0.00,0.00,3.00,46.4,115.88,641.83,257.79,SEARCH_Z
