time,fx,fy,fz,tx,ty,tz,vx,vy,vz,travel_mm,pos_x,pos_y,pos_z,phase
0.0000,0.2421,0.0188,-0.2635,-0.00113,-0.01171,0.00005,-5.00,0.00,0.00,0.0,125.56,633.28,302.48,DESCEND
0.0102,-0.0378,-0.1611,0.1464,-0.01313,0.00028,-0.00394,-5.00,0.00,0.00,0.0,125.56,633.28,302.48,DESCEND
0.0203,0.2421,-0.1211,-0.2035,-0.00113,-0.01571,0.00205,-5.00,0.00,0.00,0.0,125.56,633.28,302.48,DESCEND
0.0304,0.2621,-0.1611,0.2064,0.02286,-0.00171,0.00105,-5.00,0.00,0.00,0.0,125.56,633.28,302.47,DESCEND
0.0405,-0.0278,0.0188,-0.0035,0.00986,0.00328,0.00105,-5.00,0.00,0.00,0.0,125.57,633.28,302.45,DESCEND
0.0506,-0.0678,-0.1311,0.0364,-0.01213,-0.00771,0.00205,-5.00,0.00,0.00,0.0,125.57,633.28,302.44,DESCEND
0.0607,0.1721,-0.1511,-0.0135,-0.00113,-0.01171,-0.00094,-5.00,0.00,0.00,0.1,125.57,633.28,302.42,DESCEND
0.0708,0.1421,-0.2211,0.3764,-0.00613,-0.00571,0.00205,-5.00,0.00,0.00,0.1,125.57,633.28,302.40,DESCEND
0.0809,-0.1678,0.0188,-0.2135,-0.00113,0.01228,0.00105,-5.00,0.00,0.00,0.1,125.57,633.28,302.36,DESCEND
0.0911,0.0921,-0.0211,-0.2235,-0.00113,-0.00771,0.00305,-5.00,0.00,0.00,0.1,125.57,633.28,302.34,DESCEND
0.1012,0.0921,-0.1611,-0.1935,-0.00413,-0.01271,0.00005,-5.00,0.00,0.00,0.2,125.57,633.28,302.30,DESCEND
0.1114,0.0521,0.1688,-0.1335,0.00186,-0.00371,0.00005,-5.00,0.00,0.00,0.2,125.57,633.28,302.27,DESCEND
0.1215,0.3521,0.0388,-0.3135,0.02786,-0.00771,0.00105,-5.00,0.00,0.00,0.3,125.57,633.29,302.21,DESCEND
0.1317,-0.0478,-0.2011,0.0364,-0.01413,0.00028,-0.00094,-5.00,0.00,0.00,0.3,125.57,633.29,302.16,DESCEND
0.1418,-0.0378,-0.2611,0.0664,-0.01013,0.00528,-0.00194,-5.00,0.00,0.00,0.4,125.57,633.29,302.12,DESCEND
0.1519,0.1821,-0.2911,0.2464,-0.01513,0.00328,-0.00294,-5.00,0.00,0.00,0.4,125.57,633.29,302.06,DESCEND
0.1620,0.1821,-0.0011,-0.1935,-0.01113,-0.00871,0.00405,-5.00,0.00,0.00,0.5,125.57,633.29,302.02,DESCEND
0.1721,0.0621,0.1688,-0.4035,-0.02313,-0.01471,0.00205,-5.00,0.00,0.00,0.5,125.57,633.30,301.96,DESCEND
0.1823,0.1921,0.0088,-0.2535,-0.01913,-0.01671,0.00105,-5.00,0.00,0.00,0.6,125.57,633.30,301.92,DESCEND
0.1924,-0.1478,0.3088,-0.6035,-0.02813,-0.01771,0.00305,-5.00,0.00,0.00,0.6,125.57,633.30,301.86,DESCEND
0.2025,-0.0278,-0.3311,0.2564,-0.00713,-0.00271,-0.00294,-5.00,0.00,0.00,0.7,125.57,633.30,301.82,DESCEND
0.2126,0.1321,-0.3411,0.1864,0.00186,-0.00571,0.00005,-5.00,0.00,0.00,0.7,125.57,633.30,301.76,DESCEND
0.2227,-0.1378,-0.0011,0.0664,-0.01513,-0.00571,0.00305,-5.00,0.00,0.00,0.8,125.57,633.30,301.72,DESCEND
0.2328,0.2421,-0.1911,-0.4235,-0.00113,-0.02271,0.00005,-5.00,0.00,0.00,0.8,125.57,633.31,301.66,DESCEND
0.2429,-0.0878,-0.4511,0.1764,-0.01413,-0.00971,0.00105,-5.00,0.00,0.00,0.9,125.57,633.31,301.62,DESCEND
0.2530,-0.0178,-0.0711,-0.2135,-0.01713,-0.02071,0.00405,-5.00,0.00,0.00,0.9,125.57,633.31,301.56,DESCEND
0.2631,0.3321,-0.0711,-0.2235,0.00286,-0.02371,0.00205,-5.00,0.00,0.00,1.0,125.57,633.31,301.52,DESCEND
0.2732,-0.0578,0.1688,-0.3135,-0.02413,-0.01871,0.00605,-5.00,0.00,0.00,1.0,125.57,633.31,301.46,DESCEND
0.2833,0.1021,0.0288,-0.0235,-0.01213,-0.00671,0.00105,-5.00,0.00,0.00,1.1,125.57,633.32,301.42,DESCEND
0.2934,-0.0278,0.0188,-0.3535,-0.01913,-0.00671,0.00105,-5.00,0.00,0.00,1.1,125.57,633.32,301.36,DESCEND
0.3035,0.0821,-0.2711,0.3064,-0.00413,0.00028,0.00005,-5.00,0.00,0.00,1.2,125.57,633.32,301.32,DESCEND
0.3136,0.1321,0.0488,-0.0935,-0.00213,-0.01771,0.00205,-5.00,0.00,0.00,1.2,125.57,633.32,301.26,DESCEND
0.3237,-0.0778,-0.2811,-0.0935,-0.01113,-0.01671,0.00105,-5.00,0.00,0.00,1.3,125.57,633.32,301.20,DESCEND
0.3338,0.0921,-0.0911,0.0864,-0.01113,-0.01371,0.00305,-5.00,0.00,0.00,1.3,125.57,633.32,301.16,DESCEND
0.3439,0.0721,-0.0211,0.0964,0.00786,-0.00871,0.00205,-5.00,0.00,0.00,1.4,125.57,633.33,301.10,DESCEND
0.3540,0.0521,0.0488,-0.3135,-0.01113,-0.01671,0.00205,-5.00,0.00,0.00,1.4,125.57,633.33,301.06,DESCEND
0.3641,-0.1178,-0.0311,-0.2635,-0.00713,-0.00471,0.00005,-5.00,0.00,0.00,1.5,125.57,633.33,301.00,DESCEND
0.3743,0.2021,-0.0011,-0.2535,-0.00413,-0.00971,0.00205,-5.00,0.00,0.00,1.5,125.57,633.33,300.96,DESCEND
0.3844,0.2021,0.0388,-0.1535,0.01086,0.00028,0.00305,-5.00,0.00,0.00,1.6,125.57,633.33,300.90,DESCEND
0.3945,-0.0878,0.2688,-0.1735,-0.02113,-0.00471,0.00205,-5.00,0.00,0.00,1.6,125.57,633.34,300.86,DESCEND
0.4046,-0.1178,-0.2211,0.0264,-0.01413,-0.00171,0.00305,-5.00,0.00,0.00,1.7,125.57,633.34,300.80,DESCEND
0.4147,0.0321,0.1288,-0.0235,-0.00013,-0.01271,0.00205,-5.00,0.00,0.00,1.7,125.57,633.34,300.76,DESCEND
0.4249,0.0521,-0.0011,-0.1635,-0.02113,-0.01571,0.00105,-5.00,0.00,0.00,1.8,125.57,633.34,300.70,DESCEND
0.4349,0.0621,-0.2711,0.0364,0.00886,0.00028,-0.00094,-5.00,0.00,0.00,1.8,125.57,633.34,300.66,DESCEND
0.4450,-0.1978,0.1188,-0.1135,-0.02313,-0.01171,0.00405,-5.00,0.00,0.00,1.9,125.57,633.35,300.60,DESCEND
0.4552,-0.0678,0.0788,-0.3235,-0.01413,-0.01971,0.00405,-5.00,0.00,0.00,1.9,125.57,633.35,300.56,DESCEND
0.4653,-0.0978,0.1888,-0.4235,-0.01813,-0.01771,0.00305,-5.00,0.00,0.00,2.0,125.57,633.35,300.50,DESCEND
0.4754,0.0721,-0.0911,-0.4135,-0.01813,-0.01771,0.00305,-5.00,0.00,0.00,2.0,125.57,633.35,300.46,DESCEND
0.4855,0.0621,0.0688,0.1064,-0.01413,-0.00071,0.00005,-5.00,0.00,0.00,2.1,125.57,633.35,300.40,DESCEND
0.4956,0.1621,-0.0911,-0.0235,-0.02013,-0.01871,0.00005,-5.00,0.00,0.00,2.1,125.57,633.36,300.34,DESCEND
0.5057,0.2421,-0.0711,-0.1635,0.00786,-0.01271,0.00405,-5.00,0.00,0.00,2.2,125.57,633.36,300.30,DESCEND
0.5158,0.1321,-0.3511,0.1764,0.01386,0.01028,0.00205,-5.00,0.00,0.00,2.2,125.57,633.36,300.24,DESCEND
0.5259,0.1121,0.1188,-0.2535,-0.00713,-0.01471,0.00405,-5.00,0.00,0.00,2.3,125.57,633.36,300.20,DESCEND
0.5360,-0.1478,-0.2511,0.2064,-0.02013,-0.00471,-0.00194,-5.00,0.00,0.00,2.3,125.57,633.36,300.14,DESCEND
0.5462,0.0821,-0.2411,-0.1535,-0.00513,-0.01071,0.00305,-5.00,0.00,0.00,2.4,125.57,633.36,300.10,DESCEND
0.5563,-0.0478,0.1888,-0.5135,-0.01213,-0.01471,0.00305,-5.00,0.00,0.00,2.4,125.57,633.37,300.04,DESCEND
0.5664,-0.1078,-0.0911,0.0764,-0.00413,-0.00671,0.00105,-5.00,0.00,0.00,2.5,125.57,633.37,300.00,DESCEND
0.5765,0.2321,-0.2011,-0.0535,-0.00313,-0.01971,0.00205,-5.00,0.00,0.00,2.5,125.57,633.37,299.94,DESCEND
0.5866,0.0421,0.0188,-0.0935,-0.00813,-0.00971,0.00405,-5.00,0.00,0.00,2.6,125.57,633.37,299.90,DESCEND
0.5967,0.1021,0.0888,-0.3435,-0.00513,-0.00971,0.00205,-5.00,0.00,0.00,2.6,125.57,633.37,299.84,DESCEND
0.6068,0.2821,-0.1311,-0.0035,-0.01413,-0.01971,0.00405,-5.00,0.00,0.00,2.7,125.57,633.38,299.80,DESCEND
0.6169,0.1221,-0.4111,0.0064,-0.00813,-0.00071,-0.00394,-5.00,0.00,0.00,2.7,125.57,633.38,299.74,DESCEND
0.6270,0.0421,0.1588,-0.0635,-0.00613,-0.01071,0.00105,-5.00,0.00,0.00,2.8,125.57,633.38,299.70,DESCEND
0.6372,0.0921,-0.3011,0.1464,0.00186,0.00528,0.00005,-5.00,0.00,0.00,2.8,125.58,633.38,299.64,DESCEND
0.6473,-0.1278,-0.2411,0.1464,-0.00813,0.00928,0.00005,-5.00,0.00,0.00,2.9,125.58,633.38,299.60,DESCEND
0.6574,0.1221,-0.1211,0.1064,-0.00013,-0.01071,0.00105,-5.00,0.00,0.00,2.9,125.58,633.38,299.54,DESCEND
0.6675,0.0821,-0.0011,0.0764,0.00886,-0.00271,0.00605,-5.00,0.00,0.00,3.0,125.58,633.39,299.50,DESCEND
0.6776,0.0321,-0.0611,0.1564,-0.00813,-0.00371,0.00005,-5.00,0.00,0.00,3.0,125.58,633.39,299.44,DESCEND
0.6877,0.0721,0.0588,-0.1735,-0.00313,-0.00771,0.00305,-5.00,0.00,0.00,3.1,125.58,633.39,299.40,DESCEND
0.6978,0.0121,0.1288,-0.1235,-0.00613,0.00128,0.00405,-5.00,0.00,0.00,3.1,125.58,633.39,299.34,DESCEND
0.7079,-0.0478,-0.0611,0.1464,-0.00413,-0.00271,0.00205,-5.00,0.00,0.00,3.2,125.58,633.39,299.30,DESCEND
0.7180,0.0421,-0.1911,0.0364,-0.00213,-0.00371,0.00105,-5.00,0.00,0.00,3.2,125.58,633.40,299.24,DESCEND
0.7281,0.1521,-0.1811,-0.0335,-0.00813,-0.01071,0.00105,-5.00,0.00,0.00,3.3,125.58,633.40,299.18,DESCEND
0.7382,0.2521,-0.0911,0.2264,0.00786,-0.00471,0.00105,-5.00,0.00,0.00,3.3,125.58,633.40,299.14,DESCEND
0.7483,0.2221,-0.1211,-0.0935,0.00086,-0.00971,0.00105,-5.00,0.00,0.00,3.4,125.58,633.40,299.08,DESCEND
0.7584,0.1921,-0.1011,0.2064,-0.00113,0.00528,-0.00094,-5.00,0.00,0.00,3.4,125.58,633.40,299.04,DESCEND
0.7685,-0.0278,0.1088,-0.3035,-0.01313,-0.00471,0.00805,-5.00,0.00,0.00,3.5,125.58,633.41,298.98,DESCEND
0.7786,0.0021,-0.1111,0.0764,0.00086,-0.00871,0.00105,-5.00,0.00,0.00,3.5,125.58,633.41,298.94,DESCEND
0.7887,0.2921,-0.2311,0.1464,0.00286,-0.00571,0.00105,-5.00,0.00,0.00,3.6,125.58,633.41,298.88,DESCEND
0.7988,0.1721,0.2088,-0.2435,-0.00113,-0.00571,0.00405,-5.00,0.00,0.00,3.6,125.58,633.41,298.84,DESCEND
0.8089,0.0821,-0.2211,-0.0835,0.01186,0.00628,0.00205,-5.00,0.00,0.00,3.7,125.58,633.41,298.78,DESCEND
0.8190,-0.1478,-0.1411,-0.1235,-0.01513,-0.01271,0.00205,-5.00,0.00,0.00,3.7,125.58,633.41,298.74,DESCEND
0.8291,-0.0378,-0.3811,0.1664,-0.00013,0.00028,0.00205,-5.00,0.00,0.00,3.8,125.58,633.42,298.68,DESCEND
0.8392,0.0621,-0.1611,-0.0135,-0.02313,-0.02171,0.00105,-5.00,0.00,0.00,3.8,125.58,633.42,298.64,DESCEND
0.8493,-0.0178,-0.3211,0.1964,0.00286,0.00228,0.00405,-5.00,0.00,0.00,3.9,125.58,633.42,298.58,DESCEND
0.8594,0.1721,-0.1311,0.1364,-0.00213,-0.01071,0.00405,-5.00,0.00,0.00,3.9,125.58,633.42,298.54,DESCEND
0.8695,-0.1878,-0.0111,0.0264,-0.02113,-0.00471,0.00405,-5.00,0.00,0.00,4.0,125.58,633.42,298.48,DESCEND
0.8796,-0.0178,-0.4011,-0.0835,0.00086,0.00128,0.00005,-5.00,0.00,0.00,4.1,125.58,633.43,298.42,DESCEND
0.8897,0.0221,-0.1611,-0.1535,-0.00613,0.00028,0.00305,-5.00,0.00,0.00,4.1,125.58,633.43,298.38,DESCEND
0.8998,-0.0778,-0.2011,0.0164,-0.03113,-0.02071,0.00205,-5.00,0.00,0.00,4.2,125.58,633.43,298.32,DESCEND
0.9099,0.0521,-0.2511,-0.1735,-0.02613,-0.02771,0.00205,-5.00,0.00,0.00,4.2,125.58,633.43,298.28,DESCEND
0.9200,0.0121,-0.0511,0.1664,-0.01813,-0.01271,0.00205,-5.00,0.00,0.00,4.3,125.58,633.43,298.22,DESCEND
0.9301,0.1521,0.1488,-0.4835,0.00086,-0.00771,0.00205,-5.00,0.00,0.00,4.3,125.58,633.44,298.18,DESCEND
0.9402,0.1521,0.1588,-0.1735,0.00186,-0.01871,0.00605,-5.00,0.00,0.00,4.4,125.58,633.44,298.12,DESCEND
0.9503,-0.0478,-0.0711,-0.3235,-0.00213,-0.01271,0.00505,-5.00,0.00,0.00,4.4,125.58,633.44,298.08,DESCEND
0.9604,0.3821,-0.1011,-0.0935,-0.00313,-0.01771,0.00105,-5.00,0.00,0.00,4.5,125.58,633.44,298.02,DESCEND
0.9705,0.2321,-0.0211,-0.2535,0.00186,-0.00671,0.00105,-5.00,0.00,0.00,4.5,125.58,633.44,297.98,DESCEND
0.9806,-0.0078,0.2288,-0.0235,0.00486,0.00128,0.00405,-5.00,0.00,0.00,4.6,125.58,633.44,297.92,DESCEND
0.9907,0.0121,-0.0011,0.1164,-0.00713,-0.01171,0.00305,-5.00,0.00,0.00,4.6,125.58,633.45,297.88,DESCEND
1.0008,-0.0178,0.3288,-0.5535,-0.01513,-0.02071,0.00805,-5.00,0.00,0.00,4.7,125.58,633.45,297.82,DESCEND
1.0109,0.1621,-0.2411,0.0064,-0.00713,-0.00671,0.00605,-5.00,0.00,0.00,4.7,125.58,633.45,297.78,DESCEND
1.0210,0.1221,0.0988,-0.2235,-0.00713,-0.01471,0.00305,-5.00,0.00,0.00,4.8,125.58,633.45,297.72,DESCEND
1.0311,-0.1078,-0.2711,0.1164,-0.01513,-0.00971,0.00005,-5.00,0.00,0.00,4.8,125.58,633.45,297.68,DESCEND
1.0412,0.0921,0.1288,-0.1535,-0.01413,-0.02071,0.00505,-5.00,0.00,0.00,4.9,125.58,633.46,297.62,DESCEND
1.0513,0.1621,0.1588,-0.2335,-0.00713,-0.00771,0.00505,-5.00,0.00,0.00,4.9,125.58,633.46,297.58,DESCEND
1.0614,0.1221,-0.2511,0.0264,-0.00013,-0.00771,0.00405,-5.00,0.00,0.00,5.0,125.58,633.46,297.52,DESCEND
1.0715,0.0321,-0.0411,-0.0535,0.00386,-0.00371,0.00305,-5.00,0.00,0.00,5.0,125.58,633.46,297.48,DESCEND
1.0816,0.2221,0.2088,-0.2935,0.00186,-0.01471,0.00005,-5.00,0.00,0.00,5.1,125.58,633.46,297.42,DESCEND
1.0917,0.0321,-0.1011,0.2464,-0.00713,-0.00271,0.00305,-5.00,0.00,0.00,5.1,125.58,633.47,297.36,DESCEND
1.1018,0.0421,-0.0811,0.0364,0.00186,-0.00471,0.00305,-5.00,0.00,0.00,5.2,125.58,633.47,297.32,DESCEND
1.1119,0.3321,-0.1711,0.2664,0.01186,-0.00071,-0.00194,-5.00,0.00,0.00,5.2,125.58,633.47,297.26,DESCEND
1.1220,0.0121,0.0788,-0.4135,-0.00813,-0.01171,-0.00094,-5.00,0.00,0.00,5.3,125.58,633.47,297.22,DESCEND
1.1321,0.1621,-0.4111,0.2064,0.00786,-0.00271,0.00305,-5.00,0.00,0.00,5.3,125.58,633.47,297.16,DESCEND
1.1422,0.1121,-0.0111,-0.2235,-0.00013,-0.01171,0.00105,-5.00,0.00,0.00,5.4,125.58,633.47,297.12,DESCEND
1.1523,0.1321,0.0188,0.0164,-0.00213,-0.00871,0.00205,-5.00,0.00,0.00,5.4,125.58,633.48,297.06,DESCEND
1.1624,0.0721,-0.1411,-0.0735,-0.00213,-0.00571,0.00205,-5.00,0.00,0.00,5.5,125.58,633.48,297.02,DESCEND
1.1725,-0.0678,-0.1611,-0.0035,-0.00813,0.00228,0.00205,-5.00,0.00,0.00,5.5,125.58,633.48,296.96,DESCEND
1.1826,0.1821,-0.1111,0.1364,-0.00513,-0.01071,-0.00094,-5.00,0.00,0.00,5.6,125.58,633.48,296.92,DESCEND
1.1927,0.1821,-0.2711,-0.0835,-0.00813,-0.01571,0.00505,-5.00,0.00,0.00,5.6,125.58,633.48,296.86,DESCEND
1.2028,0.0021,0.0488,0.1964,-0.00613,-0.00571,0.00305,-5.00,0.00,0.00,5.7,125.58,633.49,296.82,DESCEND
1.2129,-0.0078,0.0388,0.0964,-0.00013,-0.00671,0.00405,-5.00,0.00,0.00,5.7,125.59,633.49,296.76,DESCEND
1.2230,-0.0978,0.0488,-0.2235,-0.01913,-0.01671,0.00505,-5.00,0.00,0.00,5.8,125.59,633.49,296.72,DESCEND
1.2331,-0.0078,0.0088,0.0764,-0.00313,-0.00871,0.00405,-5.00,0.00,0.00,5.8,125.59,633.49,296.66,DESCEND
1.2431,-0.0778,0.3788,-0.3035,-0.00913,-0.00571,0.00205,-5.00,0.00,0.00,5.9,125.59,633.49,296.62,DESCEND
1.2533,-0.1778,-0.0911,0.0164,-0.02113,-0.00971,0.00605,-5.00,0.00,0.00,5.9,125.59,633.49,296.56,DESCEND
1.2634,0.1121,0.1288,-0.0735,-0.00813,-0.01771,0.00405,-5.00,0.00,0.00,6.0,125.59,633.50,296.52,DESCEND
1.2735,0.2521,0.1688,-0.3535,0.00286,-0.01471,0.00605,-5.00,0.00,0.00,6.0,125.59,633.50,296.46,DESCEND
1.2836,0.0721,-0.2911,-0.1035,-0.00513,-0.01071,0.00205,-5.00,0.00,0.00,6.1,125.59,633.50,296.42,DESCEND
1.2937,0.0621,0.1188,-0.1535,-0.01213,-0.01571,0.00605,-5.00,0.00,0.00,6.1,125.59,633.50,296.36,DESCEND
1.3038,0.1521,-0.2211,-0.1935,0.00286,-0.02071,0.00205,-5.00,0.00,0.00,6.2,125.59,633.50,296.30,DESCEND
1.3139,0.0821,0.1288,-0.2535,-0.00313,-0.01471,0.00705,-5.00,0.00,0.00,6.2,125.59,633.51,296.26,DESCEND
1.3240,0.0821,-0.0611,-0.2335,-0.01813,-0.01971,0.00205,-5.00,0.00,0.00,6.3,125.59,633.51,296.20,DESCEND
1.3341,0.2021,-0.0711,-0.2835,-0.01513,-0.01971,0.00505,-5.00,0.00,0.00,6.3,125.59,633.51,296.16,DESCEND
1.3441,0.0121,-0.1411,-0.1235,-0.00813,-0.01571,0.00205,-5.00,0.00,0.00,6.4,125.59,633.51,296.10,DESCEND
1.3542,0.0221,0.1988,-0.2135,-0.00713,-0.01671,0.00705,-5.00,0.00,0.00,6.4,125.59,633.51,296.06,DESCEND
1.3643,0.2621,0.2388,-0.6335,-0.00413,-0.03471,0.00305,-5.00,0.00,0.00,6.5,125.59,633.52,296.00,DESCEND
1.3744,0.1621,0.0188,-0.3935,-0.00413,-0.00871,0.00305,-5.00,0.00,0.00,6.5,125.59,633.52,295.96,DESCEND
1.3846,0.1321,-0.2511,0.0364,-0.00513,-0.00471,0.00305,-5.00,0.00,0.00,6.6,125.59,633.52,295.90,DESCEND
1.3947,-0.0278,0.0888,-0.2235,-0.01113,-0.01071,0.00805,-5.00,0.00,0.00,6.6,125.59,633.52,295.86,DESCEND
1.4048,0.0421,-0.1411,-0.0735,-0.01513,-0.01971,-0.00094,-5.00,0.00,0.00,6.7,125.59,633.52,295.80,DESCEND
1.4149,0.1021,0.1188,-0.3235,-0.01013,-0.01971,0.00705,-5.00,0.00,0.00,6.7,125.59,633.52,295.76,DESCEND
1.4250,-0.0078,-0.0711,-0.1935,0.00986,0.01128,0.00005,-5.00,0.00,0.00,6.8,125.59,633.53,295.70,DESCEND
1.4351,0.0321,-0.1011,0.3164,0.00086,-0.00371,0.00005,-5.00,0.00,0.00,6.8,125.59,633.53,295.66,DESCEND
1.4452,-0.0078,0.0588,-0.1535,-0.02113,-0.01971,0.00605,-5.00,0.00,0.00,6.9,125.59,633.53,295.60,DESCEND
1.4553,-0.0178,0.1888,-0.3435,-0.01013,-0.00771,0.00305,-5.00,0.00,0.00,6.9,125.59,633.53,295.56,DESCEND
1.4654,0.0621,-0.1411,0.1164,-0.01313,-0.00671,0.00205,-5.00,0.00,0.00,7.0,125.59,633.53,295.50,DESCEND
1.4755,0.1121,0.0888,-0.2435,-0.00713,-0.01571,0.00605,-5.00,0.00,0.00,7.0,125.59,633.54,295.46,DESCEND
1.4856,-0.0278,0.1488,-0.4135,-0.01013,-0.01371,0.00505,-5.00,0.00,0.00,7.1,125.59,633.54,295.40,DESCEND
1.4957,0.0821,-0.3211,0.0064,-0.01013,-0.01171,0.00305,-5.00,0.00,0.00,7.1,125.59,633.54,295.34,DESCEND
1.5058,0.0021,0.0288,-0.1835,-0.01613,-0.01771,0.00005,-5.00,0.00,0.00,7.2,125.59,633.54,295.30,DESCEND
1.5159,-0.0878,0.1388,-0.2535,-0.02313,-0.01971,0.00505,-5.00,0.00,0.00,7.2,125.59,633.54,295.24,DESCEND
1.5260,0.1021,0.0388,-0.2135,-0.00013,-0.01571,0.00305,-5.00,0.00,0.00,7.3,125.59,633.55,295.20,DESCEND
1.5361,0.0021,0.1588,-0.2835,-0.01013,-0.02471,0.00605,-5.00,0.00,0.00,7.3,125.59,633.55,295.14,DESCEND
1.5463,0.0521,0.2788,-0.6535,-0.02413,-0.03171,0.00505,-5.00,0.00,0.00,7.4,125.59,633.55,295.10,DESCEND
1.5564,0.1021,-0.0011,-0.3635,-0.00913,-0.01771,0.00705,-5.00,0.00,0.00,7.4,125.59,633.55,295.04,DESCEND
1.5665,0.1221,-0.1111,-0.2735,0.00386,-0.01571,0.00605,-5.00,0.00,0.00,7.5,125.59,633.55,295.00,DESCEND
1.5766,-0.0078,-0.0411,-0.0135,-0.01813,-0.00271,0.00005,-5.00,0.00,0.00,7.5,125.59,633.55,294.94,DESCEND
1.5867,0.0421,-0.0711,0.1964,-0.01413,-0.00871,0.00505,-5.00,0.00,0.00,7.6,125.59,633.56,294.90,DESCEND
1.5968,-0.0978,-0.1411,-0.0035,-0.00813,-0.00071,0.00405,-5.00,0.00,0.00,7.6,125.59,633.56,294.84,DESCEND
1.6069,0.0421,-0.1011,-0.1635,0.01186,-0.00171,0.00105,-5.00,0.00,0.00,7.7,125.59,633.56,294.80,DESCEND
1.6170,0.1821,-0.2511,-0.0835,-0.00313,-0.01971,0.00505,-5.00,0.00,0.00,7.7,125.59,633.56,294.74,DESCEND
1.6271,-0.0878,0.0988,-0.3335,-0.00613,-0.01371,0.00405,-5.00,0.00,0.00,7.8,125.59,633.56,294.70,DESCEND
1.6372,-0.0278,-0.3611,0.1664,0.00686,0.00028,0.00205,-5.00,0.00,0.00,7.8,125.59,633.57,294.64,DESCEND
1.6473,-0.0278,-0.0711,-0.2135,-0.00513,-0.01371,0.00205,-5.00,0.00,0.00,7.9,125.59,633.57,294.60,DESCEND
1.6574,-0.0378,-0.0611,-0.1535,0.00086,-0.01071,0.00305,-5.00,0.00,0.00,7.9,125.59,633.57,294.54,DESCEND
1.6675,-0.0478,0.0788,-0.0735,-0.01113,-0.00571,0.00305,-5.00,0.00,0.00,8.0,125.59,633.57,294.50,DESCEND
1.6776,0.1421,0.2388,-0.4235,0.01086,-0.00671,0.00705,-5.00,0.00,0.00,8.0,125.59,633.57,294.44,DESCEND
1.6877,0.0521,-0.0011,-0.2035,0.00386,0.00128,0.00205,-5.00,0.00,0.00,8.1,125.59,633.58,294.38,DESCEND
1.6978,0.0521,-0.1111,-0.0735,-0.00813,-0.01571,0.00305,-5.00,0.00,0.00,8.1,125.59,633.58,294.34,DESCEND
1.7079,0.2321,-0.1811,0.3364,0.00886,-0.00271,0.00505,-5.00,0.00,0.00,8.2,125.59,633.58,294.30,DESCEND
1.7180,0.0821,-0.0711,0.0164,-0.01513,-0.01971,0.00605,-5.00,0.00,0.00,8.2,125.59,633.58,294.24,DESCEND
1.7281,0.0221,0.0888,0.2564,0.00886,0.00528,0.00505,-5.00,0.00,0.00,8.3,125.59,633.58,294.18,DESCEND
1.7382,0.1621,0.2388,-0.3735,-0.00513,-0.01871,0.00405,-5.00,0.00,0.00,8.3,125.59,633.58,294.14,DESCEND
1.7483,0.0821,-0.1411,-0.1135,0.00486,-0.00771,0.00505,-5.00,0.00,0.00,8.4,125.59,633.59,294.08,DESCEND
1.7584,-0.0878,-0.0511,0.1364,-0.00713,-0.00571,0.00205,-5.00,0.00,0.00,8.4,125.59,633.59,294.04,DESCEND
1.7685,0.1321,-0.0911,-0.1935,0.00386,-0.01171,0.00405,-5.00,0.00,0.00,8.5,125.59,633.59,293.98,DESCEND
1.7786,0.0921,-0.1911,0.0664,0.00586,-0.00471,0.00405,-5.00,0.00,0.00,8.5,125.59,633.59,293.94,DESCEND
1.7887,0.2121,0.0988,-0.2535,-0.00013,-0.01071,0.00505,-5.00,0.00,0.00,8.6,125.59,633.59,293.88,DESCEND
1.7988,0.0621,-0.2511,0.1564,-0.01913,-0.02271,0.00205,-5.00,0.00,0.00,8.6,125.59,633.60,293.84,DESCEND
1.8089,0.0821,0.0288,-0.0235,-0.01213,-0.01071,0.00505,-5.00,0.00,0.00,8.7,125.60,633.60,293.78,DESCEND
1.8190,-0.0478,-0.0311,-0.4135,-0.01113,-0.01771,0.00405,-5.00,0.00,0.00,8.7,125.60,633.60,293.74,DESCEND
1.8291,0.2721,-0.1211,-0.0035,0.00086,-0.01571,0.00805,-5.00,0.00,0.00,8.8,125.60,633.60,293.68,DESCEND
1.8392,-0.0378,0.3588,-0.2335,-0.01413,-0.01571,0.00405,-5.00,0.00,0.00,8.8,125.60,633.60,293.64,DESCEND
1.8493,-0.0178,0.0788,0.0564,-0.00613,-0.00171,0.00505,-5.00,0.00,0.00,8.9,125.60,633.61,293.58,DESCEND
1.8594,-0.0078,0.0888,-0.4635,-0.01113,-0.02171,0.00705,-5.00,0.00,0.00,8.9,125.60,633.61,293.54,DESCEND
1.8695,0.1721,0.3188,-0.3135,-0.01613,-0.02971,0.01005,-5.00,0.00,0.00,9.0,125.60,633.61,293.48,DESCEND
1.8796,0.1121,0.2688,-0.4235,0.00286,-0.01171,0.00505,-5.00,0.00,0.00,9.0,125.60,633.61,293.44,DESCEND
1.8897,-0.0578,-0.1111,-0.1635,-0.00713,-0.02071,0.00805,-5.00,0.00,0.00,9.1,125.60,633.61,293.38,DESCEND
1.8998,0.0621,0.1588,-0.5035,-0.01013,-0.02171,0.00705,-5.00,0.00,0.00,9.1,125.60,633.61,293.34,DESCEND
1.9099,0.0721,-0.0911,-0.2935,-0.00413,-0.01471,0.00505,-5.00,0.00,0.00,9.2,125.60,633.62,293.28,DESCEND
1.9200,-0.1178,0.2788,-0.3235,-0.02713,-0.01871,0.00505,-5.00,0.00,0.00,9.3,125.60,633.62,293.22,DESCEND
1.9301,0.0221,-0.2911,-0.1835,0.00086,-0.00471,0.00305,-5.00,0.00,0.00,9.3,125.60,633.62,293.18,DESCEND
1.9402,0.1221,0.1288,-0.2435,-0.00313,-0.01771,0.00505,-5.00,0.00,0.00,9.4,125.60,633.62,293.12,DESCEND
1.9503,-0.0978,-0.0111,-0.2435,-0.01213,-0.01471,0.00705,-5.00,0.00,0.00,9.4,125.60,633.62,293.08,DESCEND
1.9604,-0.0478,-0.0211,-0.0935,-0.00613,-0.00471,0.00305,-5.00,0.00,0.00,9.5,125.60,633.63,293.03,DESCEND
1.9705,-0.0378,0.1888,-0.4535,-0.01713,-0.01371,0.00505,-5.00,0.00,0.00,9.5,125.60,633.63,292.99,DESCEND
1.9806,0.0521,0.2488,-0.0735,-0.01913,-0.01171,0.00805,-5.00,0.00,0.00,9.6,125.60,633.63,292.93,DESCEND
1.9907,0.0121,-0.1811,-0.0835,-0.02813,-0.02771,-0.00194,-5.00,0.00,0.00,9.6,125.60,633.63,292.89,DESCEND
2.0008,0.2121,-0.2311,0.1164,0.01386,-0.00771,0.00405,-5.00,0.00,0.00,9.7,125.60,633.63,292.83,DESCEND
2.0109,0.1321,0.2988,-0.3535,-0.01313,-0.01171,0.00905,-5.00,0.00,0.00,9.7,125.60,633.64,292.79,DESCEND
2.0210,0.1521,-0.0811,-0.1535,0.00586,-0.00771,0.00605,-5.00,0.00,0.00,9.8,125.60,633.64,292.73,DESCEND
2.0311,-0.0578,-0.0211,-0.0435,-0.01313,-0.00371,0.00405,-5.00,0.00,0.00,9.8,125.60,633.64,292.69,DESCEND
2.0412,0.1321,0.1888,-0.4235,0.00486,-0.01371,0.00805,-5.00,0.00,0.00,9.9,125.60,633.64,292.63,DESCEND
2.0513,-0.0078,-0.1211,0.2664,-0.01213,-0.00371,0.00505,-5.00,0.00,0.00,9.9,125.60,633.64,292.59,DESCEND
2.0614,0.1821,-0.2011,0.0764,0.00986,-0.00071,0.00305,-5.00,0.00,0.00,10.0,125.60,633.64,292.53,DESCEND
2.0715,0.1821,-0.1311,-0.0135,0.00686,-0.00671,0.00305,-5.00,0.00,0.00,10.0,125.60,633.65,292.49,DESCEND
2.0816,0.0421,-0.2511,-0.0335,-0.00613,-0.01171,0.00105,-5.00,0.00,0.00,10.1,125.60,633.65,292.43,DESCEND
2.0917,-0.0778,0.0388,-0.1535,-0.01113,-0.01271,0.00505,-5.00,0.00,0.00,10.1,125.60,633.65,292.37,DESCEND
2.1018,0.2121,0.4088,-0.5835,-0.00313,-0.02271,0.00805,-5.00,0.00,0.00,10.2,125.60,633.65,292.33,DESCEND
2.1119,0.0021,0.3288,-0.6235,-0.00813,-0.00971,0.01005,-5.00,0.00,0.00,10.2,125.60,633.65,292.27,DESCEND
2.1219,0.0121,-0.0911,0.1464,-0.01913,-0.01371,0.00305,-5.00,0.00,0.00,10.3,125.60,633.66,292.23,DESCEND
2.1320,0.0221,0.2088,-0.4135,-0.00213,-0.01371,0.00505,-5.00,0.00,0.00,10.3,125.60,633.66,292.17,DESCEND
2.1421,0.1121,-0.0111,-0.1135,-0.02013,-0.01071,0.00405,-5.00,0.00,0.00,10.4,125.60,633.66,292.13,DESCEND
2.1522,0.1221,-0.0011,-0.3135,0.00086,-0.00871,0.00405,-5.00,0.00,0.00,10.4,125.60,633.66,292.07,DESCEND
2.1623,-0.1078,-0.3811,0.1764,-0.00413,-0.00671,0.00305,-5.00,0.00,0.00,10.5,125.60,633.66,292.03,DESCEND
2.1724,-0.2278,0.0788,-0.2735,-0.00213,-0.00371,0.01005,-5.00,0.00,0.00,10.5,125.60,633.67,291.97,DESCEND
2.1826,0.1021,0.1388,-0.2435,0.01386,0.00628,0.00405,-5.00,0.00,0.00,10.6,125.60,633.67,291.93,DESCEND
2.1927,0.1721,0.0888,-0.2035,-0.00713,-0.01171,0.00405,-5.00,0.00,0.00,10.6,125.60,633.67,291.87,DESCEND
2.2028,-0.0678,0.1488,-0.3435,-0.01913,-0.02371,0.00905,-5.00,0.00,0.00,10.7,125.60,633.67,291.83,DESCEND
2.2129,0.3321,0.1488,-0.3335,0.01286,-0.01171,0.00505,-5.00,0.00,0.00,10.7,125.60,633.67,291.77,DESCEND
2.2230,-0.0178,-0.1211,-0.0335,0.00386,-0.00271,0.00605,-5.00,0.00,0.00,10.8,125.60,633.67,291.73,DESCEND
2.2331,0.1221,-0.1511,0.0664,-0.00213,-0.00571,0.00705,-5.00,0.00,0.00,10.8,125.60,633.68,291.67,DESCEND
2.2432,0.1821,-0.2211,-0.0735,-0.00913,-0.01371,0.00505,-5.00,0.00,0.00,10.9,125.60,633.68,291.63,DESCEND
2.2533,0.2121,-0.0611,0.0264,-0.00013,-0.00971,0.00605,-5.00,0.00,0.00,10.9,125.60,633.68,291.57,DESCEND
2.2634,0.1621,0.1188,-0.3135,-0.00513,-0.01871,0.01005,-5.00,0.00,0.00,11.0,125.60,633.68,291.53,DESCEND
2.2735,-0.0078,0.2688,-0.2035,-0.00913,-0.00771,0.00505,-5.00,0.00,0.00,11.0,125.60,633.68,291.47,DESCEND
2.2836,0.2221,-0.1611,-0.0035,-0.00713,-0.01871,0.00405,-5.00,0.00,0.00,11.1,125.60,633.69,291.41,DESCEND
2.2937,0.1421,0.1888,-0.0135,-0.01113,-0.01171,0.00705,-5.00,0.00,0.00,11.1,125.60,633.69,291.37,DESCEND
2.3038,-0.0278,0.0188,-0.3635,-0.01913,-0.02571,0.00805,-5.00,0.00,0.00,11.2,125.60,633.69,291.31,DESCEND
2.3139,0.0121,-0.0611,-0.0735,-0.01013,-0.01671,0.00405,-5.00,0.00,0.00,11.2,125.60,633.69,291.27,DESCEND
2.3240,0.1521,-0.0411,-0.3135,-0.00013,-0.01371,0.00305,-5.00,0.00,0.00,11.3,125.60,633.69,291.21,DESCEND
2.3341,0.1721,-0.2511,-0.1335,0.00186,-0.01071,0.00205,-5.00,0.00,0.00,11.3,125.60,633.70,291.17,DESCEND
2.3442,0.1421,0.3988,-0.4735,-0.01613,-0.02571,0.00905,-5.00,0.00,0.00,11.4,125.60,633.70,291.11,DESCEND
2.3543,-0.0578,-0.3111,0.1764,-0.02013,-0.00871,0.00405,-5.00,0.00,0.00,11.4,125.60,633.70,291.07,DESCEND
2.3644,0.2621,-0.0111,0.0564,0.01786,0.00128,0.00605,-5.00,0.00,0.00,11.5,125.60,633.70,291.01,DESCEND
2.3745,0.0321,0.2288,-0.3435,-0.00713,-0.01571,0.00905,-5.00,0.00,0.00,11.5,125.60,633.70,290.97,DESCEND
2.3846,0.0621,-0.0311,-0.1435,0.00986,-0.00371,0.00405,-5.00,0.00,0.00,11.6,125.60,633.70,290.91,DESCEND
2.3947,0.0021,-0.1611,-0.3135,0.00086,-0.00971,0.00805,-5.00,0.00,0.00,11.6,125.60,633.71,290.87,DESCEND
2.4048,0.0021,-0.2311,-0.0335,-0.00113,-0.00471,0.00405,-5.00,0.00,0.00,11.7,125.61,633.71,290.81,DESCEND
2.4149,-0.2278,0.4388,-0.4535,-0.00913,-0.01171,0.00805,-5.00,0.00,0.00,11.7,125.61,633.71,290.77,DESCEND
2.4250,0.3121,0.0888,-0.2735,0.01186,-0.01871,0.00605,-5.00,0.00,0.00,11.8,125.61,633.71,290.71,DESCEND
2.4351,-0.0878,-0.0711,0.2064,0.00486,0.00128,0.00705,-5.00,0.00,0.00,11.8,125.61,633.71,290.67,DESCEND
2.4452,0.1921,-0.0111,0.0164,-0.00113,-0.00171,0.00305,-5.00,0.00,0.00,11.9,125.61,633.72,290.61,DESCEND
2.4553,0.1121,-0.0011,-0.2435,-0.01413,-0.01971,0.00705,-5.00,0.00,0.00,11.9,125.61,633.72,290.57,DESCEND
2.4654,0.1921,0.0388,0.1264,-0.01013,-0.01571,0.00405,-5.00,0.00,0.00,12.0,125.61,633.72,290.51,DESCEND
2.4754,0.0821,-0.2811,0.0564,0.01186,0.00728,0.00405,-5.00,0.00,0.00,12.0,125.61,633.72,290.47,DESCEND
2.4856,0.0021,-0.0711,0.1764,-0.00213,-0.00471,0.00805,-5.00,0.00,0.00,12.1,125.61,633.72,290.41,DESCEND
2.4957,0.2121,0.0188,-0.3635,-0.00713,-0.02071,0.00505,-5.00,0.00,0.00,12.1,125.61,633.73,290.35,DESCEND
2.5058,0.1121,0.2688,-0.0835,-0.00513,-0.01671,0.00705,-5.00,0.00,0.00,12.2,125.61,633.73,290.31,DESCEND
2.5159,-0.0878,0.0188,-0.1935,-0.01413,-0.00971,0.00905,-5.00,0.00,0.00,12.2,125.61,633.73,290.25,DESCEND
2.5260,0.2621,0.0988,-0.2535,-0.00513,-0.01671,0.00505,-5.00,0.00,0.00,12.3,125.61,633.73,290.21,DESCEND
2.5361,0.0821,-0.1211,-0.0635,-0.00113,-0.00371,0.00705,-5.00,0.00,0.00,12.3,125.61,633.73,290.15,DESCEND
2.5461,0.1121,-0.3711,0.2564,-0.00513,-0.00571,0.00205,-5.00,0.00,0.00,12.4,125.61,633.73,290.11,DESCEND
2.5562,0.1521,-0.5511,0.2764,0.00386,-0.00471,0.00305,-5.00,0.00,0.00,12.4,125.61,633.74,290.05,DESCEND
2.5663,0.0421,0.0788,-0.1335,-0.01113,-0.01271,0.00505,-5.00,0.00,0.00,12.5,125.61,633.74,290.01,DESCEND
2.5764,0.1821,0.1188,-0.3735,-0.00513,-0.02471,0.01005,-5.00,0.00,0.00,12.5,125.61,633.74,289.95,DESCEND
2.5866,0.0821,-0.0511,0.0764,0.01386,0.00528,0.00705,-5.00,0.00,0.00,12.6,125.61,633.74,289.91,DESCEND
2.5967,0.1321,-0.1011,0.0364,0.00786,0.00228,0.00605,-5.00,0.00,0.00,12.6,125.61,633.74,289.85,DESCEND
2.6068,0.0521,-0.3011,-0.0435,-0.01113,-0.00271,0.00205,-5.00,0.00,0.00,12.7,125.61,633.75,289.81,DESCEND
2.6169,0.2621,0.2088,-0.5135,-0.00013,-0.02671,0.00805,-5.00,0.00,0.00,12.7,125.61,633.75,289.75,DESCEND
2.6270,0.0221,0.1088,-0.0535,-0.00513,-0.00571,0.00505,-5.00,0.00,0.00,12.8,125.61,633.75,289.71,DESCEND
2.6371,-0.0978,0.0988,-0.3235,-0.01813,-0.01271,0.00905,-5.00,0.00,0.00,12.8,125.61,633.75,289.65,DESCEND
2.6472,0.1621,-0.0611,-0.1435,0.00586,-0.01071,0.00505,-5.00,0.00,0.00,12.9,125.61,633.75,289.61,DESCEND
2.6573,0.0621,0.1288,-0.1335,0.01186,0.00128,0.00505,-5.00,0.00,0.00,12.9,125.61,633.76,289.55,DESCEND
2.6673,0.1121,-0.3811,0.1164,-0.00113,0.00328,0.00105,-5.00,0.00,0.00,13.0,125.61,633.76,289.51,DESCEND
2.6774,0.0921,-0.0011,-0.1135,-0.01513,-0.01071,0.00705,-5.00,0.00,0.00,13.0,125.61,633.76,289.45,DESCEND
2.6875,-0.0878,-0.0411,-0.1835,-0.00213,-0.00671,0.00605,-5.00,0.00,0.00,13.1,125.61,633.76,289.41,DESCEND
2.6976,0.0521,0.0488,-0.0835,0.00286,-0.00471,0.00705,-5.00,0.00,0.00,13.1,125.61,633.76,289.35,DESCEND
2.7077,0.1121,-0.0511,0.2464,0.00486,-0.00271,0.00205,-5.00,0.00,0.00,13.2,125.61,633.76,289.29,DESCEND
2.7178,-0.0178,0.0988,-0.2235,0.00086,-0.00971,0.00905,-5.00,0.00,0.00,13.2,125.61,633.77,289.25,DESCEND
2.7279,-0.0078,-0.0011,-0.1935,0.00286,-0.00471,0.00905,-5.00,0.00,0.00,13.3,125.61,633.77,289.19,DESCEND
2.7380,0.1021,0.1888,-0.1435,0.00486,0.00028,0.00905,-5.00,0.00,0.00,13.3,125.61,633.77,289.15,DESCEND
2.7481,0.0821,-0.1111,-0.1435,-0.00613,-0.00971,0.00305,-5.00,0.00,0.00,13.4,125.61,633.77,289.09,DESCEND
2.7582,0.1421,0.1888,-0.5335,-0.00713,-0.01971,0.01005,-5.00,0.00,0.00,13.4,125.61,633.77,289.05,DESCEND
2.7683,0.0421,-0.0211,-0.3535,-0.00413,-0.00971,0.00405,-5.00,0.00,0.00,13.5,125.61,633.78,288.99,DESCEND
2.7784,0.1921,0.0888,-0.4235,0.00086,-0.01771,0.00705,-5.00,0.00,0.00,13.5,125.61,633.78,288.95,DESCEND
2.7885,0.0821,0.1388,-0.1335,-0.01213,-0.01271,0.00905,-5.00,0.00,0.00,13.6,125.61,633.78,288.89,DESCEND
2.7986,0.0421,0.4388,-0.3135,-0.00813,-0.01271,0.00805,-5.00,0.00,0.00,13.6,125.61,633.78,288.85,DESCEND
2.8087,0.1021,0.0588,-0.3835,0.00486,-0.01671,0.00905,-5.00,0.00,0.00,13.7,125.61,633.78,288.79,DESCEND
2.8188,0.1921,-0.2211,0.1664,-0.00813,-0.00371,0.00205,-5.00,0.00,0.00,13.7,125.61,633.78,288.75,DESCEND
2.8290,0.0321,-0.2111,-0.2835,-0.01513,-0.00971,0.00405,-5.00,0.00,0.00,13.8,125.61,633.79,288.69,DESCEND
2.8391,0.1021,-0.2811,0.1764,0.00086,-0.00871,0.00705,-5.00,0.00,0.00,13.8,125.61,633.79,288.65,DESCEND
2.8492,-0.0078,-0.0311,0.2064,-0.01113,0.00128,0.00305,-5.00,0.00,0.00,13.9,125.61,633.79,288.59,DESCEND
2.8593,0.0221,-0.0211,-0.3335,-0.02413,-0.02071,0.00605,-5.00,0.00,0.00,13.9,125.61,633.79,288.55,DESCEND
2.8694,0.1921,0.1788,-0.4135,-0.00113,-0.02071,0.01005,-5.00,0.00,0.00,14.0,125.61,633.79,288.49,DESCEND
2.8795,0.0921,-0.0211,-0.3235,-0.00613,-0.01671,0.00405,-5.00,0.00,0.00,14.0,125.61,633.80,288.45,DESCEND
2.8896,0.0621,-0.2311,0.2164,0.00186,-0.00371,0.00605,-5.00,0.00,0.00,14.1,125.61,633.80,288.39,DESCEND
2.8997,0.1021,-0.2311,0.0364,0.01186,0.00128,0.00705,-5.00,0.00,0.00,14.2,125.61,633.80,288.33,DESCEND
2.9098,-0.0378,0.0988,-0.1935,-0.01013,-0.01571,0.01005,-5.00,0.00,0.00,14.2,125.61,633.80,288.29,DESCEND
2.9199,0.0221,0.0788,-0.3335,-0.01113,-0.01771,0.00905,-5.00,0.00,0.00,14.3,125.61,633.80,288.23,DESCEND
2.9300,0.1321,-0.2211,0.0164,-0.00813,-0.01171,0.00405,-5.00,0.00,0.00,14.3,125.61,633.81,288.19,DESCEND
2.9402,0.1221,0.0188,-0.3535,-0.01013,-0.02071,0.00705,-5.00,0.00,0.00,14.4,125.61,633.81,288.13,DESCEND
2.9503,0.1621,-0.0011,-0.3235,-0.00413,-0.01271,0.00405,-5.00,0.00,0.00,14.4,125.61,633.81,288.09,DESCEND
2.9604,0.1521,0.1888,-0.5135,0.00986,-0.00471,0.00905,-5.00,0.00,0.00,14.5,125.61,633.81,288.03,DESCEND
2.9705,-0.1278,0.0288,-0.1935,-0.02313,-0.01171,0.00905,-5.00,0.00,0.00,14.5,125.61,633.81,287.99,DESCEND
2.9806,0.0621,0.3688,-0.4535,-0.01613,-0.02171,0.01305,-5.00,0.00,0.00,14.6,125.61,633.82,287.93,DESCEND
2.9907,-0.0978,0.1588,-0.4035,-0.01213,-0.00571,0.01005,-5.00,0.00,0.00,14.6,125.61,633.82,287.89,DESCEND
3.0008,0.1921,0.0688,-0.3835,0.00386,-0.00871,0.00405,-5.00,0.00,0.00,14.7,125.61,633.82,287.83,DESCEND
3.0109,0.1021,0.3188,-0.2535,0.00086,-0.00871,0.00905,-5.00,0.00,0.00,14.7,125.61,633.82,287.79,DESCEND
3.0210,0.2121,0.0988,-0.0035,0.01286,-0.00771,0.00705,-5.00,0.00,0.00,14.8,125.62,633.82,287.73,DESCEND
3.0310,0.0921,-0.1411,-0.1235,-0.00013,-0.00571,0.00605,-5.00,0.00,0.00,14.8,125.62,633.82,287.69,DESCEND
3.0411,0.2621,0.2688,-0.2835,0.00386,-0.00671,0.00905,-5.00,0.00,0.00,14.9,125.62,633.83,287.63,DESCEND
3.0512,0.1721,0.0288,-0.0035,0.01686,-0.00171,0.00905,-5.00,0.00,0.00,14.9,125.62,633.83,287.59,DESCEND
3.0613,-0.1178,0.1588,-0.4035,-0.01713,-0.02171,0.00605,-5.00,0.00,0.00,15.0,125.62,633.83,287.53,DESCEND
3.0714,0.0721,0.1188,-0.1235,-0.00113,-0.00471,0.00405,-5.00,0.00,0.00,15.0,125.62,633.83,287.47,DESCEND
3.0816,0.0821,0.4088,-0.4835,-0.00813,-0.01371,0.01005,-5.00,0.00,0.00,15.1,125.62,633.83,287.43,DESCEND
3.0917,-0.0578,0.0788,-0.3235,-0.00813,-0.00771,0.00805,-5.00,0.00,0.00,15.1,125.62,633.84,287.39,DESCEND
3.1018,0.0921,0.2188,-0.4835,-0.00313,-0.02171,0.01005,-5.00,0.00,0.00,15.2,125.62,633.84,287.33,DESCEND
3.1118,-0.1478,0.0288,-0.3035,-0.00113,-0.00171,0.00805,-5.00,0.00,0.00,15.2,125.62,633.84,287.27,DESCEND
3.1219,-0.0578,0.1988,-0.3635,-0.01913,-0.00971,0.00705,-5.00,0.00,0.00,15.3,125.62,633.84,287.23,DESCEND
3.1320,0.0821,-0.2011,-0.0135,0.00886,-0.00171,0.00605,-5.00,0.00,0.00,15.3,125.62,633.84,287.17,DESCEND
3.1421,0.0921,0.1688,-0.2035,-0.01413,-0.02071,0.00805,-5.00,0.00,0.00,15.4,125.62,633.84,287.13,DESCEND
3.1522,-0.0078,0.2088,-0.4935,-0.00813,-0.01771,0.00605,-5.00,0.00,0.00,15.4,125.62,633.85,287.07,DESCEND
3.1624,0.1621,-0.1311,-0.0335,-0.00013,-0.01871,0.00405,-5.00,0.00,0.00,15.5,125.62,633.85,287.03,DESCEND
3.1725,0.0721,0.2688,-0.5235,0.00086,-0.01371,0.00505,-5.00,0.00,0.00,15.5,125.62,633.85,286.97,DESCEND
3.1826,0.0421,-0.0911,-0.0735,0.00486,-0.00771,0.00505,-5.00,0.00,0.00,15.6,125.62,633.85,286.93,DESCEND
3.1927,0.0321,-0.0111,-0.0635,-0.01413,-0.01971,0.00705,-5.00,0.00,0.00,15.6,125.62,633.85,286.87,DESCEND
3.2028,0.1121,0.1888,-0.4235,-0.00713,-0.01871,0.00905,-5.00,0.00,0.00,15.7,125.62,633.86,286.83,DESCEND
3.2129,0.0921,-0.1111,-0.3335,-0.00013,-0.01871,0.00505,-5.00,0.00,0.00,15.7,125.62,633.86,286.77,DESCEND
3.2230,0.0021,0.1488,-0.3335,0.00686,-0.00271,0.00805,-5.00,0.00,0.00,15.8,125.62,633.86,286.73,DESCEND
3.2331,0.1221,-0.0211,-0.1835,0.00786,-0.00371,0.00805,-5.00,0.00,0.00,15.8,125.62,633.86,286.67,DESCEND
3.2432,0.0821,0.2088,-0.1435,-0.00313,-0.01171,0.00905,-5.00,0.00,0.00,15.9,125.62,633.86,286.63,DESCEND
3.2533,0.2021,-0.1611,-0.0535,-0.00713,-0.02071,0.00705,-5.00,0.00,0.00,15.9,125.62,633.87,286.57,DESCEND
3.2634,0.1221,0.2788,-0.4935,-0.00713,-0.01871,0.00805,-5.00,0.00,0.00,16.0,125.62,633.87,286.53,DESCEND
3.2735,0.1121,-0.0011,-0.0335,0.01286,0.00428,0.00805,-5.00,0.00,0.00,16.0,125.62,633.87,286.47,DESCEND
3.2836,-0.0078,-0.3611,0.0064,-0.01213,-0.01471,0.00205,-5.00,0.00,0.00,16.1,125.62,633.87,286.41,DESCEND
3.2937,-0.0278,0.1088,-0.1035,-0.00613,-0.00671,0.00905,-5.00,0.00,0.00,16.1,125.62,633.87,286.37,DESCEND
3.3038,0.1721,0.0588,-0.2435,-0.00713,-0.01671,0.01005,-5.00,0.00,0.00,16.2,125.62,633.88,286.31,DESCEND
3.3138,0.0521,0.0488,0.0264,-0.00213,-0.00971,0.00405,-5.00,0.00,0.00,16.2,125.62,633.88,286.27,DESCEND
3.3239,0.1721,-0.3011,-0.0235,-0.00113,-0.00971,0.00205,-5.00,0.00,0.00,16.3,125.62,633.88,286.21,DESCEND
3.3340,0.0121,0.1788,-0.4635,-0.01513,-0.01171,0.00905,-5.00,0.00,0.00,16.3,125.62,633.88,286.17,DESCEND
3.3441,0.2021,-0.1411,0.2064,0.00886,0.00728,0.00405,-5.00,0.00,0.00,16.4,125.62,633.88,286.11,DESCEND
3.3542,0.1121,0.0788,-0.2035,0.00386,-0.00771,0.00705,-5.00,0.00,0.00,16.4,125.62,633.88,286.07,DESCEND
3.3643,-0.0178,0.1488,-0.1135,-0.00613,-0.00271,0.00905,-5.00,0.00,0.00,16.5,125.62,633.89,286.01,DESCEND
3.3744,-0.1278,0.1188,-0.3435,-0.01813,-0.01671,0.00905,-5.00,0.00,0.00,16.5,125.62,633.89,285.97,DESCEND
3.3846,0.0721,0.0788,-0.1535,0.01186,0.00128,0.00905,-5.00,0.00,0.00,16.6,125.62,633.89,285.91,DESCEND
3.3947,0.2221,-0.1411,-0.1035,0.00886,-0.00871,0.00705,-5.00,0.00,0.00,16.6,125.62,633.89,285.87,DESCEND
3.4048,0.0821,-0.2811,0.0064,0.00386,-0.00471,0.00205,-5.00,0.00,0.00,16.7,125.62,633.89,285.81,DESCEND
3.4149,0.0321,-0.0511,-0.2235,-0.01113,-0.01471,0.00705,-5.00,0.00,0.00,16.7,125.62,633.90,285.77,DESCEND
3.4250,0.0321,-0.3111,-0.1935,0.00386,-0.00171,0.00405,-5.00,0.00,0.00,16.8,125.62,633.90,285.71,DESCEND
3.4351,-0.0178,0.0388,-0.2035,-0.00313,-0.00471,0.00905,-5.00,0.00,0.00,16.8,125.62,633.90,285.67,DESCEND
3.4452,-0.0378,0.0488,-0.2435,-0.00813,-0.01271,0.00905,-5.00,0.00,0.00,16.9,125.62,633.90,285.61,DESCEND
3.4553,-0.0678,0.0488,-0.1235,0.00086,-0.01071,0.01005,-5.00,0.00,0.00,16.9,125.62,633.90,285.57,DESCEND
3.4654,0.2121,0.3588,-0.3435,-0.00413,-0.02071,0.01105,-5.00,0.00,0.00,17.0,125.62,633.90,285.51,DESCEND
3.4755,-0.0678,0.1488,-0.1435,-0.01013,-0.01371,0.00705,-5.00,0.00,0.00,17.0,125.62,633.91,285.47,DESCEND
3.4856,0.1821,0.0588,-0.0835,0.00986,-0.00671,0.00805,-5.00,0.00,0.00,17.1,125.62,633.91,285.41,DESCEND
3.4957,0.0021,0.3488,-0.3535,-0.01313,-0.01971,0.01105,-5.00,0.00,0.00,17.1,125.62,633.91,285.35,DESCEND
3.5058,0.2221,0.1988,-0.3735,0.00486,-0.01371,0.00805,-5.00,0.00,0.00,17.2,125.62,633.91,285.31,DESCEND
3.5159,-0.0378,0.4788,-0.4935,-0.00413,-0.01971,0.01305,-5.00,0.00,0.00,17.2,125.62,633.91,285.25,DESCEND
3.5260,0.1021,0.0188,-0.4735,-0.00413,-0.01471,0.00705,-5.00,0.00,0.00,17.3,125.62,633.92,285.21,DESCEND
3.5361,0.2621,0.1288,-0.1935,0.01986,-0.00771,0.00705,-5.00,0.00,0.00,17.3,125.62,633.92,285.15,DESCEND
3.5462,0.0821,-0.0411,-0.4635,-0.01113,-0.01571,0.01005,-5.00,0.00,0.00,17.4,125.62,633.92,285.11,DESCEND
3.5563,0.1021,0.1188,-0.4435,-0.00013,-0.02071,0.01005,-5.00,0.00,0.00,17.4,125.62,633.92,285.05,DESCEND
3.5664,0.1421,0.0088,-0.0635,0.01286,-0.00171,0.00705,-5.00,0.00,0.00,17.5,125.62,633.92,285.01,DESCEND
3.5765,0.1621,-0.2111,0.1464,0.00586,0.00628,0.00205,-5.00,0.00,0.00,17.5,125.62,633.93,284.95,DESCEND
3.5866,0.1221,0.1388,-0.2235,-0.00413,-0.01971,0.00905,-5.00,0.00,0.00,17.6,125.62,633.93,284.91,DESCEND
3.5967,-0.0278,-0.2111,-0.1835,0.00186,-0.01471,0.00805,-5.00,0.00,0.00,17.6,125.62,633.93,284.85,DESCEND
3.6068,0.0421,-0.1111,-0.1235,-0.00713,-0.01171,0.00805,-5.00,0.00,0.00,17.7,125.62,633.93,284.81,DESCEND
3.6169,0.2121,-0.2211,-0.2735,-0.01113,-0.01571,0.00305,-5.00,0.00,0.00,17.7,125.62,633.93,284.75,DESCEND
3.6270,0.0221,0.1688,-0.3835,-0.00213,-0.00871,0.00905,-5.00,0.00,0.00,17.8,125.62,633.93,284.71,DESCEND
3.6371,0.1821,-0.1111,-0.0335,0.01286,-0.00871,0.00605,-5.00,0.00,0.00,17.8,125.62,633.94,284.65,DESCEND
3.6471,0.1521,0.0488,-0.4435,-0.00213,-0.01471,0.00705,-5.00,0.00,0.00,17.9,125.63,633.94,284.61,DESCEND
3.6572,-0.1278,-0.0911,-0.0535,-0.01013,-0.00971,0.00705,-5.00,0.00,0.00,17.9,125.63,633.94,284.55,DESCEND
3.6673,0.1721,-0.0411,-0.0635,0.00986,-0.00671,0.00605,-5.00,0.00,0.00,18.0,125.63,633.94,284.51,DESCEND
3.6774,0.0721,0.1888,-0.2135,-0.01213,-0.01371,0.00805,-5.00,0.00,0.00,18.0,125.63,633.94,284.45,DESCEND
3.6876,0.0221,0.0988,-0.1235,-0.01113,-0.00271,0.00805,-5.00,0.00,0.00,18.1,125.63,633.95,284.39,DESCEND
3.6977,0.0421,-0.3611,0.1764,-0.01213,-0.00771,0.00505,-5.00,0.00,0.00,18.1,125.63,633.95,284.35,DESCEND
3.7078,-0.0178,0.0088,-0.3035,0.00386,-0.00471,0.01205,-5.00,0.00,0.00,18.2,125.63,633.95,284.29,DESCEND
3.7179,0.0121,0.1188,-0.1435,-0.00413,-0.00271,0.01205,-5.00,0.00,0.00,18.2,125.63,633.95,284.25,DESCEND
3.7280,0.0121,0.1788,-0.1935,-0.01413,-0.01571,0.00705,-5.00,0.00,0.00,18.3,125.63,633.95,284.19,DESCEND
3.7381,0.2321,-0.3311,-0.0535,0.01386,-0.01171,0.00605,-5.00,0.00,0.00,18.3,125.63,633.96,284.15,DESCEND
3.7481,-0.0278,0.1688,-0.2135,-0.00013,-0.00971,0.01205,-5.00,0.00,0.00,18.4,125.63,633.96,284.09,DESCEND
3.7582,0.0921,-0.3311,0.1964,0.00586,-0.00871,0.00805,-5.00,0.00,0.00,18.4,125.63,633.96,284.05,DESCEND
3.7683,0.2921,-0.0111,-0.3035,-0.00613,-0.01971,0.00605,-5.00,0.00,0.00,18.5,125.63,633.96,283.99,DESCEND
3.7784,0.2421,0.0588,-0.5135,-0.00213,-0.01871,0.00705,-5.00,0.00,0.00,18.5,125.63,633.96,283.95,DESCEND
3.7885,0.1121,-0.1511,0.1164,-0.00313,-0.00571,0.00605,-5.00,0.00,0.00,18.6,125.63,633.96,283.89,DESCEND
3.7986,0.0021,-0.1311,-0.1035,-0.01813,-0.01371,0.00905,-5.00,0.00,0.00,18.6,125.63,633.97,283.85,DESCEND
3.8087,0.1221,0.0388,-0.4435,-0.00413,-0.01471,0.00705,-5.00,0.00,0.00,18.7,125.63,633.97,283.79,DESCEND
3.8188,0.1121,0.0788,-0.6035,-0.01313,-0.01771,0.00905,-5.00,0.00,0.00,18.7,125.63,633.97,283.75,DESCEND
3.8289,0.2621,-0.1411,0.1764,-0.00413,-0.00971,0.00405,-5.00,0.00,0.00,18.8,125.63,633.97,283.69,DESCEND
3.8390,0.0921,0.0388,-0.1835,-0.00513,-0.01771,0.01005,-5.00,0.00,0.00,18.8,125.63,633.97,283.65,DESCEND
3.8492,-0.0478,0.0488,-0.1435,-0.02613,-0.01071,0.00805,-5.00,0.00,0.00,18.9,125.63,633.98,283.59,DESCEND
3.8593,0.0521,-0.3011,0.0164,-0.00213,-0.00971,0.00505,-5.00,0.00,0.00,18.9,125.63,633.98,283.55,DESCEND
3.8694,0.1421,0.0788,-0.4635,-0.01013,-0.02071,0.00805,-5.00,0.00,0.00,19.0,125.63,633.98,283.49,DESCEND
3.8795,0.0721,-0.1911,0.0664,0.00486,-0.00471,0.00805,-5.00,0.00,0.00,19.0,125.63,633.98,283.45,DESCEND
3.8896,0.1521,0.0188,-0.0735,-0.02613,-0.01171,0.00705,-5.00,0.00,0.00,19.1,125.63,633.98,283.39,DESCEND
3.8997,-0.0478,0.1088,-0.4435,-0.01013,-0.00871,0.01005,-5.00,0.00,0.00,19.2,125.63,633.99,283.33,DESCEND
3.9098,-0.0278,0.1988,-0.3335,0.00786,-0.00371,0.00905,-5.00,0.00,0.00,19.2,125.63,633.99,283.29,DESCEND
3.9199,0.0821,0.0388,-0.1735,-0.00813,-0.01671,0.01105,-5.00,0.00,0.00,19.3,125.63,633.99,283.23,DESCEND
3.9300,0.1121,-0.1311,0.0764,-0.00513,-0.00871,0.00905,-5.00,0.00,0.00,19.3,125.63,633.99,283.19,DESCEND
3.9401,0.0021,0.1888,-0.5035,-0.00913,-0.01571,0.00905,-5.00,0.00,0.00,19.4,125.63,633.99,283.13,DESCEND
3.9502,0.0421,-0.2011,0.0564,-0.00013,0.00328,0.00605,-5.00,0.00,0.00,19.4,125.63,633.99,283.09,DESCEND
3.9603,0.0821,0.0988,0.0664,-0.00813,-0.00971,0.00705,-5.00,0.00,0.00,19.5,125.63,634.00,283.03,DESCEND
3.9704,0.0721,-0.1211,-0.0935,0.00686,-0.00271,0.00605,-5.00,0.00,0.00,19.5,125.63,634.00,282.99,DESCEND
3.9805,0.1921,0.0388,0.0064,-0.00013,-0.00771,0.00905,-5.00,0.00,0.00,19.6,125.63,634.00,282.93,DESCEND
3.9906,0.1721,-0.2811,0.0264,0.00686,-0.01371,0.00505,-5.00,0.00,0.00,19.6,125.63,634.00,282.89,DESCEND
4.0007,0.1621,0.2988,-0.6135,0.00286,-0.02071,0.00905,-5.00,0.00,0.00,19.7,125.63,634.00,282.83,DESCEND
4.0108,-0.1278,0.0988,-0.2435,-0.02513,-0.01271,0.01205,-5.00,0.00,0.00,19.7,125.63,634.01,282.79,DESCEND
4.0209,0.0121,-0.1011,0.0564,-0.00813,-0.01371,0.00805,-5.00,0.00,0.00,19.8,125.63,634.01,282.73,DESCEND
4.0310,0.1121,-0.1611,-0.3035,-0.00813,-0.01971,0.00705,-5.00,0.00,0.00,19.8,125.63,634.01,282.69,DESCEND
4.0411,0.1721,0.0688,-0.1935,-0.01513,-0.02271,0.01005,-5.00,0.00,0.00,19.9,125.63,634.01,282.63,DESCEND
4.0512,0.0621,0.1988,-0.4135,-0.00213,-0.00671,0.01005,-5.00,0.00,0.00,19.9,125.63,634.01,282.59,DESCEND
4.0612,-0.0078,0.0088,-0.0635,-0.01313,-0.00771,0.00805,-5.00,0.00,0.00,20.0,125.63,634.02,282.53,DESCEND
4.0713,-0.0078,0.3488,-0.5135,0.00286,-0.01571,0.00805,-5.00,0.00,0.00,20.0,125.63,634.02,282.49,DESCEND
4.0814,0.0721,0.1988,-0.3235,-0.01513,-0.02571,0.01005,-5.00,0.00,0.00,20.1,125.63,634.02,282.44,DESCEND
4.0915,-0.0078,-0.1911,-0.0735,0.00286,-0.00571,0.01005,-5.00,0.00,0.00,20.1,125.63,634.02,282.38,DESCEND
4.1016,0.0421,-0.0111,-0.0235,-0.00313,-0.00471,0.00705,-5.00,0.00,0.00,20.2,125.63,634.02,282.34,DESCEND
4.1117,-0.0078,-0.3011,0.0164,-0.00213,0.00128,0.00705,-5.00,0.00,0.00,20.2,125.63,634.02,282.30,DESCEND
4.1218,0.0821,-0.0011,-0.1535,-0.00513,-0.00771,0.00805,-5.00,0.00,0.00,20.3,125.63,634.03,282.24,DESCEND
4.1319,0.1121,-0.4011,0.1864,0.00486,-0.00171,0.00405,-5.00,0.00,0.00,20.3,125.63,634.03,282.18,DESCEND
4.1420,0.3221,0.2588,-0.4835,0.00286,-0.00871,0.01405,-5.00,0.00,0.00,20.4,125.63,634.03,282.14,DESCEND
4.1521,0.0921,0.1388,-0.3035,-0.00613,-0.00971,0.00805,-5.00,0.00,0.00,20.4,125.63,634.03,282.08,DESCEND
4.1622,0.1521,-0.2211,-0.1535,0.00186,-0.00871,0.00705,-5.00,0.00,0.00,20.5,125.63,634.03,282.04,DESCEND
4.1723,0.0521,0.1288,-0.3835,-0.01313,-0.01571,0.01105,-5.00,0.00,0.00,20.5,125.63,634.04,281.98,DESCEND
4.1825,0.3621,0.0388,0.1264,0.01386,-0.00071,0.00605,-5.00,0.00,0.00,20.6,125.63,634.04,281.94,DESCEND
4.1926,-0.1078,-0.1411,0.0964,0.00186,0.00428,0.00705,-5.00,0.00,0.00,20.6,125.63,634.04,281.88,DESCEND
4.2027,0.0621,0.3988,-0.6635,0.00186,-0.01471,0.01105,-5.00,0.00,0.00,20.7,125.63,634.04,281.84,DESCEND
4.2128,0.0021,-0.0511,-0.2735,-0.00813,-0.01171,0.00505,-5.00,0.00,0.00,20.7,125.63,634.04,281.78,DESCEND
4.2229,0.1721,0.4988,-0.2335,0.00286,-0.00971,0.01105,-5.00,0.00,0.00,20.8,125.63,634.05,281.74,DESCEND
4.2330,0.1421,0.0988,-0.2235,-0.00413,-0.00871,0.01105,-5.00,0.00,0.00,20.8,125.63,634.05,281.68,DESCEND
4.2431,0.0821,0.1988,-0.4335,-0.01313,-0.01571,0.00905,-5.00,0.00,0.00,20.9,125.63,634.05,281.64,DESCEND
4.2532,0.2321,0.1188,0.0264,-0.00613,-0.01471,0.00705,-5.00,0.00,0.00,20.9,125.63,634.05,281.58,DESCEND
4.2633,0.1221,-0.0711,-0.2535,-0.01613,-0.01371,0.01105,-5.00,0.00,0.00,21.0,125.63,634.05,281.54,DESCEND
4.2734,-0.1178,0.0288,-0.0335,-0.00413,-0.00371,0.00805,-5.00,0.00,0.00,21.0,125.63,634.05,281.48,DESCEND
4.2835,0.0221,0.0788,-0.2435,0.00686,-0.00571,0.01005,-5.00,0.00,0.00,21.1,125.64,634.06,281.42,DESCEND
4.2936,-0.0078,-0.2611,-0.0235,-0.00013,-0.00671,0.00805,-5.00,0.00,0.00,21.1,125.64,634.06,281.38,DESCEND
4.3037,-0.0478,0.0288,-0.2635,-0.00413,-0.01371,0.01105,-5.00,0.00,0.00,21.2,125.64,634.06,281.34,DESCEND
4.3138,0.1221,-0.0111,-0.1835,-0.00113,-0.00871,0.00805,-5.00,0.00,0.00,21.2,125.64,634.06,281.28,DESCEND
4.3239,0.0721,0.1288,-0.3435,0.00186,-0.00771,0.01105,-5.00,0.00,0.00,21.3,125.64,634.06,281.22,DESCEND
4.3340,0.0821,-0.0411,-0.0035,0.01386,0.00328,0.00905,-5.00,0.00,0.00,21.3,125.64,634.07,281.18,DESCEND
4.3440,0.0321,0.3288,-0.3935,-0.01013,-0.02171,0.01205,-5.00,0.00,0.00,21.4,125.64,634.07,281.12,DESCEND
4.3541,-0.0878,0.0288,-0.1335,-0.00113,-0.00871,0.00805,-5.00,0.00,0.00,21.4,125.64,634.07,281.08,DESCEND
4.3643,-0.1678,0.2588,-0.3735,-0.00913,-0.01171,0.01605,-5.00,0.00,0.00,21.5,125.64,634.07,281.02,DESCEND
4.3743,-0.0778,0.1288,-0.3135,-0.01313,-0.01271,0.01005,-5.00,0.00,0.00,21.5,125.64,634.07,280.98,DESCEND
4.3844,0.1221,0.3188,-0.2535,0.00286,-0.00971,0.01105,-5.00,0.00,0.00,21.6,125.64,634.08,280.92,DESCEND
4.3945,0.0921,0.1688,-0.0435,0.00086,-0.00071,0.00805,-5.00,0.00,0.00,21.6,125.64,634.08,280.88,DESCEND
4.4046,0.1421,0.1188,-0.3235,0.01186,-0.00571,0.00705,-5.00,0.00,0.00,21.7,125.64,634.08,280.82,DESCEND
4.4147,-0.0378,-0.0811,-0.0935,-0.00913,-0.01671,0.00705,-5.00,0.00,0.00,21.7,125.64,634.08,280.78,DESCEND
4.4248,0.0521,-0.2211,-0.0835,-0.00113,-0.00371,0.00805,-5.00,0.00,0.00,21.8,125.64,634.08,280.72,DESCEND
4.4349,-0.0678,0.0388,-0.0635,-0.01513,-0.00371,0.00705,-5.00,0.00,0.00,21.8,125.64,634.08,280.68,DESCEND
4.4450,0.0721,-0.2011,0.0964,0.00386,0.00128,0.00705,-5.00,0.00,0.00,21.9,125.64,634.09,280.62,DESCEND
4.4550,0.0621,0.1288,-0.0235,0.00086,-0.01171,0.01105,-5.00,0.00,0.00,21.9,125.64,634.09,280.58,DESCEND
4.4652,0.1021,-0.1411,-0.2535,0.00886,-0.00571,0.00905,-5.00,0.00,0.00,22.0,125.64,634.09,280.52,DESCEND
4.4753,0.1421,0.0688,-0.3535,0.00786,-0.01371,0.01005,-5.00,0.00,0.00,22.0,125.64,634.09,280.48,DESCEND
4.4854,0.1521,-0.1411,-0.0335,-0.00813,-0.01171,0.00805,-5.00,0.00,0.00,22.1,125.64,634.09,280.42,DESCEND
4.4955,-0.0378,-0.0011,-0.2835,-0.00813,-0.01671,0.01105,-5.00,0.00,0.00,22.1,125.64,634.10,280.38,DESCEND
4.5056,0.0221,0.0388,-0.1835,-0.00713,-0.00971,0.00905,-5.00,0.00,0.00,22.2,125.64,634.10,280.32,DESCEND
4.5157,0.1121,0.2888,-0.5835,0.00286,-0.01371,0.01005,-5.00,0.00,0.00,22.2,125.64,634.10,280.26,DESCEND
4.5258,0.1521,-0.0511,-0.1135,0.00586,-0.01471,0.01005,-5.00,0.00,0.00,22.3,125.64,634.10,280.22,DESCEND
4.5359,0.0721,0.1088,-0.4035,-0.00613,-0.01371,0.00805,-5.00,0.00,0.00,22.3,125.64,634.10,280.16,DESCEND
4.5459,0.2721,-0.0411,0.2064,-0.00313,-0.00671,0.00905,-5.00,0.00,0.00,22.4,125.64,634.11,280.12,DESCEND
4.5561,0.1121,0.0888,-0.1035,-0.00813,0.00028,0.00805,-5.00,0.00,0.00,22.4,125.64,634.11,280.06,DESCEND
4.5662,0.0921,-0.1411,-0.1135,-0.00613,-0.01471,0.00705,-5.00,0.00,0.00,22.5,125.64,634.11,280.02,DESCEND
4.5763,0.0921,0.0488,-0.2535,0.00586,-0.00571,0.00505,-5.00,0.00,0.00,22.5,125.64,634.11,279.96,DESCEND
4.5864,0.1021,-0.2511,-0.0335,0.00986,-0.00371,0.00705,-5.00,0.00,0.00,22.6,125.64,634.11,279.92,DESCEND
4.5965,0.0421,0.3688,-0.2935,-0.01413,-0.01071,0.00905,-5.00,0.00,0.00,22.6,125.64,634.11,279.86,DESCEND
4.6066,0.2021,-0.2411,-0.1135,0.00786,-0.01771,0.00705,-5.00,0.00,0.00,22.7,125.64,634.12,279.82,DESCEND
4.6167,0.1821,0.1288,-0.1735,-0.00113,-0.00771,0.00705,-5.00,0.00,0.00,22.7,125.64,634.12,279.76,DESCEND
4.6268,0.1521,0.2488,-0.2435,0.01086,0.00728,0.00905,-5.00,0.00,0.00,22.8,125.64,634.12,279.72,DESCEND
4.6369,0.1921,-0.3211,-0.0935,-0.01313,-0.00971,0.00705,-5.00,0.00,0.00,22.8,125.64,634.12,279.66,DESCEND
4.6470,0.1421,-0.2611,-0.1335,-0.00213,-0.00571,0.00905,-5.00,0.00,0.00,22.9,125.64,634.12,279.62,DESCEND
4.6571,0.0121,-0.1211,-0.3035,-0.00213,-0.01671,0.00905,-5.00,0.00,0.00,22.9,125.64,634.13,279.56,DESCEND
4.6672,0.0121,-0.0911,0.1664,0.00886,0.01128,0.00705,-5.00,0.00,0.00,23.0,125.64,634.13,279.52,DESCEND
4.6773,0.1221,0.1588,-0.1435,0.00586,-0.00671,0.01205,-5.00,0.00,0.00,23.0,125.64,634.13,279.46,DESCEND
4.6874,0.0121,0.0788,-0.1935,-0.02313,-0.01171,0.00905,-5.00,0.00,0.00,23.1,125.64,634.13,279.42,DESCEND
4.6975,0.1021,-0.0311,-0.0235,-0.00113,-0.01071,0.01205,-5.00,0.00,0.00,23.1,125.64,634.13,279.36,DESCEND
4.7076,0.0021,-0.0011,-0.0435,-0.00813,-0.00471,0.00905,-5.00,0.00,0.00,23.2,125.64,634.14,279.30,DESCEND
4.7177,0.1721,-0.0911,-0.3235,-0.00813,-0.01071,0.01005,-5.00,0.00,0.00,23.2,125.64,634.14,279.26,DESCEND
4.7278,0.1021,0.2588,-0.2835,-0.02013,-0.01471,0.01205,-5.00,0.00,0.00,23.3,125.64,634.14,279.20,DESCEND
4.7379,0.1921,0.0288,-0.0735,0.00586,-0.01471,0.00905,-5.00,0.00,0.00,23.3,125.64,634.14,279.16,DESCEND
4.7479,0.0221,0.0688,-0.2735,-0.00613,-0.00571,0.00505,-5.00,0.00,0.00,23.4,125.64,634.14,279.10,DESCEND
4.7580,0.0321,0.2588,-0.4435,0.01086,-0.00471,0.01305,-5.00,0.00,0.00,23.4,125.64,634.14,279.06,DESCEND
4.7681,0.0221,-0.1711,-0.2435,0.00186,-0.01171,0.01205,-5.00,0.00,0.00,23.5,125.64,634.15,279.00,DESCEND
4.7782,0.3621,-0.0711,-0.1635,0.03186,-0.00671,0.01005,-5.00,0.00,0.00,23.5,125.64,634.15,278.96,DESCEND
4.7883,0.3521,-0.1411,-0.2235,0.00086,-0.00971,0.00705,-5.00,0.00,0.00,23.6,125.64,634.15,278.90,DESCEND
4.7984,-0.1478,0.2988,-0.4135,-0.00713,-0.00771,0.01305,-5.00,0.00,0.00,23.6,125.64,634.15,278.86,DESCEND
4.8085,0.0421,-0.1811,-0.2935,0.00186,-0.00271,0.00705,-5.00,0.00,0.00,23.7,125.64,634.15,278.80,DESCEND
4.8186,0.0921,0.2688,-0.3235,-0.00313,-0.01471,0.01005,-5.00,0.00,0.00,23.7,125.64,634.16,278.76,DESCEND
4.8287,0.1721,0.4288,-0.3435,-0.01413,-0.01671,0.01405,-5.00,0.00,0.00,23.8,125.64,634.16,278.70,DESCEND
4.8388,0.1521,0.2288,-0.3335,0.00186,-0.00471,0.00705,-5.00,0.00,0.00,23.8,125.64,634.16,278.66,DESCEND
4.8489,-0.0278,0.1488,-0.1035,-0.01013,-0.01271,0.01305,-5.00,0.00,0.00,23.9,125.64,634.16,278.60,DESCEND
4.8590,0.1021,0.1888,-0.1835,-0.00013,-0.00371,0.01105,-5.00,0.00,0.00,23.9,125.64,634.16,278.56,DESCEND
4.8691,0.0721,-0.1811,0.0264,-0.02213,-0.00871,0.00705,-5.00,0.00,0.00,24.0,125.64,634.17,278.50,DESCEND
4.8792,0.0021,0.0988,-0.1435,-0.02513,-0.01571,0.01305,-5.00,0.00,0.00,24.0,125.64,634.17,278.46,DESCEND
4.8893,0.2021,0.0288,-0.0135,0.00186,-0.00471,0.00905,-5.00,0.00,0.00,24.1,125.64,634.17,278.40,DESCEND
4.8994,0.0821,0.1088,-0.0435,-0.00613,-0.00971,0.00705,-5.00,0.00,0.00,24.1,125.64,634.17,278.36,DESCEND
4.9095,0.0521,-0.0511,-0.4435,-0.02613,-0.02871,0.01005,-5.00,0.00,0.00,24.2,125.64,634.17,278.30,DESCEND
4.9196,0.1021,-0.4711,-0.0335,-0.00013,-0.01171,0.00805,-5.00,0.00,0.00,24.3,125.65,634.18,278.24,DESCEND
4.9297,0.0521,0.0088,0.0364,0.01686,0.00128,0.00905,-5.00,0.00,0.00,24.3,125.65,634.18,278.20,DESCEND
4.9398,0.1421,0.3088,-0.5635,-0.00313,-0.01671,0.01205,-5.00,0.00,0.00,24.4,125.65,634.18,278.14,DESCEND
4.9499,-0.0078,0.3188,-0.3935,0.00986,-0.00271,0.01205,-5.00,0.00,0.00,24.4,125.65,634.18,278.10,DESCEND
4.9600,0.2021,0.0688,-0.1535,0.00186,-0.00571,0.00705,-5.00,0.00,0.00,24.5,125.65,634.18,278.04,DESCEND
4.9701,0.0721,0.2588,-0.3235,0.00386,-0.00671,0.01305,-5.00,0.00,0.00,24.5,125.65,634.18,278.00,DESCEND
4.9802,0.0421,0.1588,-0.3635,0.00586,-0.00571,0.01005,-5.00,0.00,0.00,24.6,125.65,634.19,277.94,DESCEND
4.9903,-0.0878,0.1988,-0.3735,-0.00513,-0.00271,0.01105,-5.00,0.00,0.00,24.6,125.65,634.19,277.90,DESCEND
5.0004,0.0621,0.1188,-0.3235,-0.00113,-0.00971,0.00705,-5.00,0.00,0.00,24.7,125.65,634.19,277.84,DESCEND
5.0105,0.0221,-0.0511,-0.4535,-0.00613,-0.01671,0.01305,-5.00,0.00,0.00,24.7,125.65,634.19,277.80,DESCEND
5.0206,-0.0378,0.0488,-0.0235,-0.00913,-0.00171,0.00805,-5.00,0.00,0.00,24.8,125.65,634.19,277.74,DESCEND
5.0307,0.1121,0.1888,-0.3135,-0.00213,-0.01671,0.01005,-5.00,0.00,0.00,24.8,125.65,634.20,277.70,DESCEND
5.0408,-0.0978,0.2388,-0.3935,-0.01813,-0.01371,0.00905,-5.00,0.00,0.00,24.9,125.65,634.20,277.64,DESCEND
5.0509,0.2121,0.0988,-0.4035,0.00886,-0.01471,0.01405,-5.00,0.00,0.00,24.9,125.65,634.20,277.60,DESCEND
5.0610,0.1021,0.0988,-0.0635,0.00486,-0.00271,0.00805,-5.00,0.00,0.00,25.0,125.65,634.20,277.54,DESCEND
5.0711,0.0821,0.1088,-0.3335,-0.00513,-0.01171,0.00805,-5.00,0.00,0.00,25.0,125.65,634.20,277.50,DESCEND
5.0812,0.1121,0.0888,-0.2835,0.00186,-0.00371,0.00905,-5.00,0.00,0.00,25.1,125.65,634.20,277.44,DESCEND
5.0913,0.0621,0.1788,-0.2935,0.00386,-0.00171,0.00705,-5.00,0.00,0.00,25.1,125.65,634.21,277.40,DESCEND
5.1014,0.2021,0.0088,-0.2135,0.00486,-0.00471,0.00905,-5.00,0.00,0.00,25.2,125.65,634.21,277.34,DESCEND
5.1115,-0.0878,0.1688,-0.2235,0.00086,-0.00371,0.01405,-5.00,0.00,0.00,25.2,125.65,634.21,277.30,DESCEND
5.1216,0.1721,0.4188,-0.7135,-0.00013,-0.01571,0.00905,-5.00,0.00,0.00,25.3,125.65,634.21,277.24,DESCEND
5.1318,-0.0578,0.2188,-0.3735,-0.00313,-0.00471,0.01205,-5.00,0.00,0.00,25.3,125.65,634.21,277.18,DESCEND
5.1419,0.2221,0.2288,-0.5435,0.00086,-0.01171,0.01405,-5.00,0.00,0.00,25.4,125.65,634.22,277.14,DESCEND
5.1520,0.1021,-0.0011,-0.4735,0.00486,-0.01171,0.01105,-5.00,0.00,0.00,25.4,125.65,634.22,277.08,DESCEND
5.1621,0.1921,0.0588,-0.2535,-0.00413,-0.01971,0.00905,-5.00,0.00,0.00,25.5,125.65,634.22,277.04,DESCEND
5.1721,0.2221,-0.2411,-0.0635,0.01386,-0.01171,0.00705,-5.00,0.00,0.00,25.5,125.65,634.22,276.98,DESCEND
5.1822,0.0421,-0.1011,-0.0435,-0.00413,-0.01271,0.01005,-5.00,0.00,0.00,25.6,125.65,634.22,276.94,DESCEND
5.1923,0.0721,0.0488,-0.3735,-0.01613,-0.01771,0.01005,-5.00,0.00,0.00,25.6,125.65,634.23,276.88,DESCEND
5.2024,-0.0078,-0.0511,-0.0535,0.00286,-0.00271,0.00905,-5.00,0.00,0.00,25.7,125.65,634.23,276.84,DESCEND
5.2125,0.1121,-0.1511,-0.1035,0.00186,-0.01171,0.01005,-5.00,0.00,0.00,25.7,125.65,634.23,276.78,DESCEND
5.2226,-0.0578,0.3188,-0.1535,-0.00813,-0.00171,0.00905,-5.00,0.00,0.00,25.8,125.65,634.23,276.74,DESCEND
5.2327,0.2121,-0.0211,-0.4635,-0.00913,-0.02671,0.01105,-5.00,0.00,0.00,25.8,125.65,634.23,276.68,DESCEND
5.2428,-0.0778,0.2988,-0.2735,-0.01313,-0.00971,0.01105,-5.00,0.00,0.00,25.9,125.65,634.23,276.64,DESCEND
5.2529,-0.0478,0.2788,-0.8735,-0.01613,-0.02071,0.01305,-5.00,0.00,0.00,25.9,125.65,634.24,276.58,DESCEND
5.2630,0.1221,-0.0511,-0.0535,0.00286,0.00228,0.00705,-5.00,0.00,0.00,26.0,125.65,634.24,276.54,DESCEND
5.2731,-0.0278,0.0888,0.0064,-0.01713,-0.01271,0.01105,-5.00,0.00,0.00,26.0,125.65,634.24,276.48,DESCEND
5.2832,0.1821,0.3188,-0.3735,-0.00113,-0.00471,0.01105,-5.00,0.00,0.00,26.1,125.65,634.24,276.44,DESCEND
5.2933,-0.0378,0.1488,-0.2135,-0.02313,-0.01571,0.00905,-5.00,0.00,0.00,26.1,125.65,634.24,276.38,DESCEND
5.3034,0.0421,0.1388,-0.3135,-0.00813,-0.00671,0.01005,-5.00,0.00,0.00,26.2,125.65,634.25,276.34,DESCEND
5.3135,0.0721,-0.1811,-0.0935,0.00186,0.00228,0.00705,-5.00,0.00,0.00,26.2,125.65,634.25,276.26,DESCEND
5.3236,0.0821,0.1188,-0.4735,0.01186,-0.01871,0.01405,-5.00,0.00,0.00,26.3,125.65,634.25,276.22,DESCEND
5.3337,0.1121,-0.2311,0.0264,0.00486,0.00128,0.00805,-5.00,0.00,0.00,26.3,125.65,634.25,276.18,DESCEND
5.3438,-0.1078,0.1488,-0.2235,-0.01113,-0.00871,0.01105,-5.00,0.00,0.00,26.4,125.65,634.25,276.12,DESCEND
5.3539,-0.0078,-0.1511,-0.3035,-0.00913,-0.00871,0.00805,-5.00,0.00,0.00,26.4,125.65,634.26,276.08,DESCEND
5.3640,0.0621,0.3188,-0.1835,-0.00613,-0.00871,0.01105,-5.00,0.00,0.00,26.5,125.65,634.26,276.02,DESCEND
5.3741,0.1621,-0.0211,-0.2035,0.00686,-0.01071,0.00905,-5.00,0.00,0.00,26.5,125.65,634.26,275.98,DESCEND
5.3842,0.2421,0.1388,-0.4035,0.01286,-0.00271,0.00805,-5.00,0.00,0.00,26.6,125.65,634.26,275.92,DESCEND
5.3943,0.0521,-0.2011,-0.1335,-0.00913,-0.00671,0.00705,-5.00,0.00,0.00,26.6,125.65,634.26,275.88,DESCEND
5.4044,0.0421,0.0388,-0.6035,-0.00313,-0.01771,0.01605,-5.00,0.00,0.00,26.7,125.65,634.27,275.82,DESCEND
5.4145,0.1821,0.0188,-0.1435,-0.01113,-0.01471,0.01005,-5.00,0.00,0.00,26.7,125.65,634.27,275.78,DESCEND
5.4246,0.0821,0.0188,-0.2435,-0.00213,-0.00571,0.01005,-5.00,0.00,0.00,26.8,125.65,634.27,275.72,DESCEND
5.4347,-0.1378,0.2188,-0.2835,-0.00913,-0.00271,0.01105,-5.00,0.00,0.00,26.8,125.65,634.27,275.68,DESCEND
5.4448,0.0221,0.0988,-0.3535,-0.00813,-0.01871,0.01005,-5.00,0.00,0.00,26.9,125.65,634.27,275.62,DESCEND
5.4549,0.2421,0.1888,-0.3135,0.01986,-0.00271,0.01005,-5.00,0.00,0.00,26.9,125.65,634.27,275.58,DESCEND
5.4650,0.1721,-0.2011,-0.0835,0.00686,-0.00471,0.00705,-5.00,0.00,0.00,27.0,125.65,634.28,275.52,DESCEND
5.4751,0.1921,-0.0811,-0.3035,0.00586,-0.01171,0.00905,-5.00,0.00,0.00,27.0,125.65,634.28,275.48,DESCEND
5.4852,-0.0678,-0.0211,-0.0835,-0.02313,-0.01671,0.00505,-5.00,0.00,0.00,27.1,125.65,634.28,275.42,DESCEND
5.4953,0.1321,-0.0911,-0.0735,-0.00313,-0.00871,0.00805,-5.00,0.00,0.00,27.1,125.65,634.28,275.38,DESCEND
5.5054,0.3021,0.0488,-0.3635,0.00286,-0.01071,0.00805,-5.00,0.00,0.00,27.2,125.65,634.28,275.32,DESCEND
5.5155,0.3721,0.0388,-0.4335,-0.00213,-0.02071,0.01205,-5.00,0.00,0.00,27.2,125.65,634.29,275.28,DESCEND
5.5255,0.0621,0.1188,-0.4535,-0.01313,-0.01971,0.01105,-5.00,0.00,0.00,27.3,125.65,634.29,275.22,DESCEND
5.5356,0.1121,0.4688,-0.3835,0.00686,-0.00671,0.00805,-5.00,0.00,0.00,27.3,125.65,634.29,275.16,DESCEND
5.5457,0.1621,0.1688,-0.1535,-0.00713,-0.01371,0.01105,-5.00,0.00,0.00,27.4,125.65,634.29,275.12,DESCEND
5.5558,0.1721,0.2288,-0.0335,0.00386,-0.00671,0.01305,-5.00,0.00,0.00,27.4,125.65,634.29,275.06,DESCEND
5.5659,0.1521,-0.0911,0.0064,0.02286,0.00428,0.01105,-5.00,0.00,0.00,27.5,125.65,634.29,275.02,DESCEND
5.5760,0.0521,-0.1211,-0.1135,-0.00313,-0.00471,0.00705,-5.00,0.00,0.00,27.5,125.65,634.30,274.96,DESCEND
5.5861,0.1621,0.1088,-0.1735,-0.00913,-0.01271,0.00905,-5.00,0.00,0.00,27.6,125.66,634.30,274.92,DESCEND
5.5961,-0.0678,0.1488,-0.0435,0.00386,0.00028,0.01105,-5.00,0.00,0.00,27.6,125.66,634.30,274.86,DESCEND
5.6062,0.0621,0.0788,-0.3135,-0.00013,-0.01571,0.01405,-5.00,0.00,0.00,27.7,125.66,634.30,274.82,DESCEND
5.6163,0.2821,-0.0611,0.0964,0.00086,-0.01371,0.00905,-5.00,0.00,0.00,27.7,125.66,634.30,274.76,DESCEND
5.6264,0.1621,0.1888,-0.2935,-0.00813,-0.01471,0.01205,-5.00,0.00,0.00,27.8,125.66,634.31,274.72,DESCEND
5.6365,0.2221,0.0988,-0.2335,0.00386,-0.00571,0.01005,-5.00,0.00,0.00,27.8,125.66,634.31,274.66,DESCEND
5.6466,0.0321,-0.1911,-0.0135,-0.01213,-0.01171,0.00805,-5.00,0.00,0.00,27.9,125.66,634.31,274.62,DESCEND
5.6567,0.2221,0.2188,-0.3135,-0.00313,-0.01571,0.01105,-5.00,0.00,0.00,27.9,125.66,634.31,274.56,DESCEND
5.6668,0.1021,0.3288,-0.7335,-0.00913,-0.02371,0.01205,-5.00,0.00,0.00,28.0,125.66,634.31,274.52,DESCEND
5.6769,-0.0078,-0.0611,-0.0135,-0.01213,-0.00471,0.00805,-5.00,0.00,0.00,28.0,125.66,634.32,274.46,DESCEND
5.6870,0.1821,-0.0311,-0.1835,0.01286,-0.00871,0.00805,-5.00,0.00,0.00,28.1,125.66,634.32,274.42,DESCEND
5.6971,0.0721,-0.0411,-0.0035,-0.00613,-0.00871,0.01105,-5.00,0.00,0.00,28.1,125.66,634.32,274.36,DESCEND
5.7072,0.4521,0.1488,-0.1935,0.03086,0.00628,0.00705,-5.00,0.00,0.00,28.2,125.66,634.32,274.32,DESCEND
5.7173,0.1421,0.2088,-0.3735,0.00686,-0.00371,0.01405,-5.00,0.00,0.00,28.2,125.66,634.32,274.26,DESCEND
5.7274,-0.1778,0.0388,-0.4435,-0.01513,-0.01471,0.01205,-5.00,0.00,0.00,28.3,125.66,634.32,274.22,DESCEND
5.7375,0.1421,-0.1211,-0.1035,0.00086,-0.00271,0.00505,-5.00,0.00,0.00,28.3,125.66,634.33,274.16,DESCEND
5.7476,0.2521,0.2588,-0.1935,0.01186,-0.00371,0.01105,-5.00,0.00,0.00,28.4,125.66,634.33,274.10,DESCEND
5.7577,0.2121,0.2688,-0.6935,-0.00713,-0.01371,0.01205,-5.00,0.00,0.00,28.4,125.66,634.33,274.06,DESCEND
5.7678,0.0121,-0.1311,-0.1135,0.00586,0.00028,0.00805,-5.00,0.00,0.00,28.5,125.66,634.33,274.00,DESCEND
5.7779,-0.0978,-0.2011,0.0564,-0.00813,0.00028,0.00705,-5.00,0.00,0.00,28.5,125.66,634.33,273.96,DESCEND
5.7880,0.3521,-0.0511,-0.3135,0.01686,-0.00371,0.00705,-5.00,0.00,0.00,28.6,125.66,634.34,273.90,DESCEND
5.7981,0.0021,0.0588,-0.2235,-0.00113,-0.01171,0.01005,-5.00,0.00,0.00,28.6,125.66,634.34,273.86,DESCEND
5.8082,0.0721,-0.1611,-0.0435,0.01186,0.00028,0.00905,-5.00,0.00,0.00,28.7,125.66,634.34,273.80,DESCEND
5.8183,0.0721,-0.0411,-0.4235,-0.00113,-0.02571,0.01005,-5.00,0.00,0.00,28.7,125.66,634.34,273.76,DESCEND
5.8284,0.2421,-0.0411,-0.3135,-0.01413,-0.01671,0.00605,-5.00,0.00,0.00,28.8,125.66,634.34,273.70,DESCEND
5.8385,-0.0378,0.3288,-0.3435,0.00186,-0.00671,0.01105,-5.00,0.00,0.00,28.8,125.66,634.35,273.66,DESCEND
5.8486,0.0821,-0.0511,0.0664,0.00886,-0.00171,0.01305,-5.00,0.00,0.00,28.9,125.66,634.35,273.60,DESCEND
5.8587,0.0321,-0.0611,-0.1635,-0.01413,-0.01371,0.01405,-5.00,0.00,0.00,28.9,125.66,634.35,273.56,DESCEND
5.8688,0.0321,0.3288,-0.9635,-0.01513,-0.02571,0.01405,-5.00,0.00,0.00,29.0,125.66,634.35,273.50,DESCEND
5.8789,-0.0978,-0.0811,0.0464,-0.01413,-0.00871,0.00805,-5.00,0.00,0.00,29.0,125.66,634.35,273.46,DESCEND
5.8890,0.0021,0.2288,-0.5035,-0.01113,-0.01571,0.01105,-5.00,0.00,0.00,29.1,125.66,634.35,273.40,DESCEND
5.8990,-0.0478,0.0188,-0.0235,0.00986,0.00128,0.01305,-5.00,0.00,0.00,29.1,125.66,634.36,273.36,DESCEND
5.9091,-0.1078,0.2288,-0.2735,-0.00713,-0.00471,0.01305,-5.00,0.00,0.00,29.2,125.66,634.36,273.30,DESCEND
5.9192,-0.0378,0.2188,-0.3035,-0.01513,-0.01371,0.01205,-5.00,0.00,0.00,29.2,125.66,634.36,273.26,DESCEND
5.9293,0.0121,0.0388,-0.3035,0.00686,0.00028,0.01305,-5.00,0.00,0.00,29.3,125.66,634.36,273.20,DESCEND
5.9394,0.0821,0.2088,-0.3935,-0.00813,-0.01371,0.01005,-5.00,0.00,0.00,29.3,125.66,634.36,273.16,DESCEND
5.9495,0.0621,-0.0611,-0.2535,-0.01413,-0.01871,0.01105,-5.00,0.00,0.00,29.4,125.66,634.37,273.10,DESCEND
5.9596,0.0421,0.0888,-0.1535,-0.00713,-0.00471,0.01205,-5.00,0.00,0.00,29.5,125.66,634.37,273.04,DESCEND
5.9697,0.1421,-0.2611,0.1864,-0.00513,-0.00871,0.00505,-5.00,0.00,0.00,29.5,125.66,634.37,273.00,DESCEND
5.9798,0.1121,-0.1911,0.0264,-0.00613,-0.01271,0.01105,-5.00,0.00,0.00,29.6,125.66,634.37,272.94,DESCEND
5.9899,-0.0678,0.2388,-0.4435,-0.01713,-0.01971,0.01405,-5.00,0.00,0.00,29.6,125.66,634.37,272.90,DESCEND
6.0000,0.1721,0.0688,-0.4635,-0.00513,-0.01771,0.01005,-5.00,0.00,0.00,29.7,125.66,634.38,272.84,DESCEND
6.0101,-0.1078,-0.1011,0.1264,0.01486,0.00928,0.00805,-5.00,0.00,0.00,29.7,125.66,634.38,272.80,DESCEND
6.0202,0.1921,0.1088,-0.1735,0.00286,-0.00971,0.01205,-5.00,0.00,0.00,29.8,125.66,634.38,272.74,DESCEND
6.0303,0.2221,-0.1711,-0.0935,0.01986,0.00128,0.00605,-5.00,0.00,0.00,29.8,125.66,634.38,272.70,DESCEND
6.0404,0.0821,0.1688,-0.4935,-0.00513,-0.01171,0.01005,-5.00,0.00,0.00,29.9,125.66,634.38,272.64,DESCEND
6.0506,0.0321,-0.0411,-0.3235,-0.00813,-0.01171,0.00805,-5.00,0.00,0.00,29.9,125.66,634.38,272.60,DESCEND
6.0607,0.1021,0.2688,-0.5635,-0.01713,-0.02271,0.00905,-5.00,0.00,0.00,30.0,125.66,634.39,272.54,DESCEND
6.0708,0.0821,-0.2511,0.1764,-0.00913,-0.00671,0.01005,-5.00,0.00,0.00,30.0,125.66,634.39,272.50,DESCEND
6.0809,-0.0578,0.4488,-0.5435,-0.00313,-0.01471,0.01405,-5.00,0.00,0.00,30.1,125.66,634.39,272.44,DESCEND
6.0910,0.0221,0.1988,-0.1235,-0.00313,-0.00471,0.00805,-5.00,0.00,0.00,30.1,125.66,634.39,272.40,DESCEND
6.1011,0.0621,-0.0011,-0.2135,0.00086,-0.00771,0.01105,-5.00,0.00,0.00,30.2,125.66,634.39,272.34,DESCEND
6.1112,0.0421,-0.2311,-0.0435,-0.00313,0.00528,0.01105,-5.00,0.00,0.00,30.2,125.66,634.40,272.30,DESCEND
6.1213,-0.1478,-0.1311,-0.3135,-0.01113,-0.00371,0.01005,-5.00,0.00,0.00,30.3,125.66,634.40,272.24,DESCEND
6.1314,0.2121,-0.0911,-0.2235,0.00586,-0.00671,0.00805,-5.00,0.00,0.00,30.3,125.66,634.40,272.20,DESCEND
6.1415,0.2421,-0.0611,-0.2535,-0.00113,-0.01271,0.01105,-5.00,0.00,0.00,30.4,125.66,634.40,272.14,DESCEND
6.1516,0.1021,0.1388,-0.5335,0.00686,-0.00671,0.01205,-5.00,0.00,0.00,30.4,125.66,634.40,272.08,DESCEND
6.1617,0.1621,0.1688,-0.2935,0.01286,-0.00771,0.01305,-5.00,0.00,0.00,30.5,125.66,634.41,272.04,DESCEND
6.1718,0.1621,0.1888,-0.4535,0.01386,-0.00771,0.00805,-5.00,0.00,0.00,30.5,125.66,634.41,271.98,DESCEND
6.1819,0.0321,0.1188,-0.1635,0.00286,-0.00571,0.01205,-5.00,0.00,0.00,30.6,125.66,634.41,271.94,DESCEND
6.1920,0.0721,-0.1311,0.0864,-0.00313,-0.00771,0.00805,-5.00,0.00,0.00,30.6,125.66,634.41,271.88,DESCEND
6.2021,0.0421,0.0488,-0.1135,-0.01913,-0.01971,0.00905,-5.00,0.00,0.00,30.7,125.66,634.41,271.84,DESCEND
6.2121,-0.0178,0.3088,-0.5235,-0.02213,-0.01771,0.01105,-5.00,0.00,0.00,30.7,125.66,634.42,271.78,DESCEND
6.2222,0.1321,0.0988,-0.2135,-0.00613,-0.01371,0.01105,-5.00,0.00,0.00,30.8,125.66,634.42,271.74,DESCEND
6.2323,0.0921,-0.0811,-0.3535,-0.00313,-0.01871,0.01205,-5.00,0.00,0.00,30.8,125.66,634.42,271.68,DESCEND
6.2424,-0.0678,0.1988,-0.2935,-0.02413,-0.01271,0.01005,-5.00,0.00,0.00,30.9,125.66,634.42,271.64,DESCEND
6.2525,0.0321,-0.1411,0.1664,-0.01113,-0.00371,0.00705,-5.00,0.00,0.00,30.9,125.67,634.42,271.58,DESCEND
6.2626,0.0121,-0.1111,0.0764,-0.00713,-0.00271,0.01205,-5.00,0.00,0.00,31.0,125.67,634.42,271.54,DESCEND
6.2727,0.0321,0.4688,-0.2035,0.00286,-0.00571,0.01705,-5.00,0.00,0.00,31.0,125.67,634.43,271.48,DESCEND
6.2828,0.0521,0.3888,-0.4935,-0.01713,-0.02171,0.01505,-5.00,0.00,0.00,31.1,125.67,634.43,271.44,DESCEND
6.2929,-0.0078,0.1588,-0.2035,0.00086,-0.00271,0.01105,-5.00,0.00,0.00,31.1,125.67,634.43,271.38,DESCEND
6.3030,0.1921,-0.2111,0.0964,-0.00913,-0.01471,0.00805,-5.00,0.00,0.00,31.2,125.67,634.43,271.34,DESCEND
6.3131,0.0521,0.1288,-0.2835,-0.00413,-0.00571,0.01105,-5.00,0.00,0.00,31.2,125.67,634.43,271.29,DESCEND
6.3232,0.0221,-0.3411,0.0364,-0.01213,-0.01271,0.01405,-5.00,0.00,0.00,31.3,125.67,634.44,271.25,DESCEND
6.3333,0.1221,-0.2511,-0.1535,-0.00413,-0.01471,0.01005,-5.00,0.00,0.00,31.3,125.67,634.44,271.19,DESCEND
6.3434,-0.0078,-0.0211,-0.3335,-0.01613,-0.00871,0.00805,-5.00,0.00,0.00,31.4,125.67,634.44,271.15,DESCEND
6.3535,0.0521,0.3288,-0.3335,-0.01213,-0.01671,0.01405,-5.00,0.00,0.00,31.4,125.67,634.44,271.09,DESCEND
6.3636,0.0321,0.1988,-0.4735,-0.01313,-0.01371,0.01205,-5.00,0.00,0.00,31.5,125.67,634.44,271.03,DESCEND
6.3738,0.1221,0.2288,-0.4635,0.01586,-0.00571,0.01405,-5.00,0.00,0.00,31.5,125.67,634.45,270.99,DESCEND
6.3839,0.0821,0.2688,-0.3335,0.00286,-0.00271,0.01105,-5.00,0.00,0.00,31.6,125.67,634.45,270.93,DESCEND
6.3940,0.1721,0.3588,-0.3635,0.00486,-0.01071,0.01505,-5.00,0.00,0.00,31.6,125.67,634.45,270.89,DESCEND
6.4041,0.1921,-0.0711,-0.0535,0.01086,-0.00971,0.00805,-5.00,0.00,0.00,31.7,125.67,634.45,270.83,DESCEND
6.4142,0.0321,0.0488,0.0064,0.00086,-0.00971,0.00905,-5.00,0.00,0.00,31.7,125.67,634.45,270.79,DESCEND
6.4243,0.1721,0.1688,-0.3035,-0.00013,-0.00671,0.01405,-5.00,0.00,0.00,31.8,125.67,634.45,270.73,DESCEND
6.4344,0.1421,0.1088,-0.2235,-0.00613,-0.01071,0.01005,-5.00,0.00,0.00,31.8,125.67,634.46,270.69,DESCEND
6.4444,0.0921,-0.0911,-0.1335,0.00186,-0.00271,0.01105,-5.00,0.00,0.00,31.9,125.67,634.46,270.63,DESCEND
6.4546,0.0621,0.2788,-0.1835,-0.00313,-0.01571,0.01505,-5.00,0.00,0.00,31.9,125.67,634.46,270.59,DESCEND
6.4646,-0.0178,-0.0311,-0.2135,-0.01613,-0.01271,0.01305,-5.00,0.00,0.00,32.0,125.67,634.46,270.53,DESCEND
6.4747,0.3021,0.1288,-0.5135,0.00386,-0.01571,0.01005,-5.00,0.00,0.00,32.0,125.67,634.46,270.49,DESCEND
6.4848,0.1821,0.1888,-0.5435,-0.01113,-0.02471,0.01205,-5.00,0.00,0.00,32.1,125.67,634.47,270.43,DESCEND
6.4949,0.0221,0.1488,-0.1535,-0.01413,-0.01071,0.01405,-5.00,0.00,0.00,32.1,125.67,634.47,270.39,DESCEND
6.5050,0.3421,0.2188,-0.2635,-0.00013,-0.01671,0.00805,-5.00,0.00,0.00,32.2,125.67,634.47,270.33,DESCEND
6.5151,-0.0178,-0.3811,0.3164,0.00686,-0.00071,0.00605,-5.00,0.00,0.00,32.2,125.67,634.47,270.29,DESCEND
6.5252,0.1721,-0.2811,0.0164,0.00586,-0.00471,0.00805,-5.00,0.00,0.00,32.3,125.67,634.47,270.23,DESCEND
6.5352,0.0421,0.0788,-0.5435,-0.01513,-0.01871,0.01005,-5.00,0.00,0.00,32.3,125.67,634.47,270.19,DESCEND
6.5453,-0.0478,0.3788,-0.5135,-0.00813,-0.01571,0.01405,-5.00,0.00,0.00,32.4,125.67,634.48,270.13,DESCEND
6.5555,0.2321,-0.1311,-0.2935,0.02086,-0.00171,0.00705,-5.00,0.00,0.00,32.4,125.67,634.48,270.07,DESCEND
6.5656,0.2021,0.1488,-0.2635,0.01286,0.00128,0.01305,-5.00,0.00,0.00,32.5,125.67,634.48,270.03,DESCEND
6.5757,0.0821,0.1488,-0.2435,-0.02113,-0.01771,0.01205,-5.00,0.00,0.00,32.5,125.67,634.48,269.97,DESCEND
6.5858,0.1021,0.2488,-0.4035,0.00186,-0.00971,0.01305,-5.00,0.00,0.00,32.6,125.67,634.48,269.93,DESCEND
6.5959,0.0421,-0.0811,-0.0535,-0.01213,-0.00871,0.01205,-5.00,0.00,0.00,32.6,125.67,634.49,269.87,DESCEND
6.6059,0.1021,-0.1611,-0.1135,0.00086,-0.00871,0.01205,-5.00,0.00,0.00,32.7,125.67,634.49,269.83,DESCEND
6.6160,0.0221,0.1188,-0.0635,-0.00713,-0.00471,0.01605,-5.00,0.00,0.00,32.7,125.67,634.49,269.77,DESCEND
6.6261,0.2521,0.0788,-0.1335,-0.00213,-0.01471,0.01205,-5.00,0.00,0.00,32.8,125.67,634.49,269.73,DESCEND
6.6362,0.0721,0.1988,-0.1835,-0.01213,-0.01971,0.01305,-5.00,0.00,0.00,32.8,125.67,634.49,269.67,DESCEND
6.6463,0.0621,0.2588,-0.4235,-0.00613,-0.01671,0.01405,-5.00,0.00,0.00,32.9,125.67,634.50,269.63,DESCEND
6.6564,0.1821,-0.0611,-0.1435,0.01886,-0.00571,0.01205,-5.00,0.00,0.00,32.9,125.67,634.50,269.57,DESCEND
6.6665,0.0521,-0.1811,0.1364,0.01086,0.00628,0.01505,-5.00,0.00,0.00,33.0,125.67,634.50,269.53,DESCEND
6.6766,0.2921,-0.2411,0.0164,0.01386,-0.01771,0.00705,-5.00,0.00,0.00,33.0,125.67,634.50,269.47,DESCEND
6.6867,-0.0378,0.0488,-0.2235,-0.00013,-0.00771,0.01005,-5.00,0.00,0.00,33.1,125.67,634.50,269.43,DESCEND
6.6968,-0.0078,0.3688,-0.2935,-0.01213,-0.01471,0.01705,-5.00,0.00,0.00,33.1,125.67,634.51,269.37,DESCEND
6.7069,0.0321,0.3188,-0.5135,-0.01113,-0.01471,0.01405,-5.00,0.00,0.00,33.2,125.67,634.51,269.33,DESCEND
6.7170,0.0021,0.1188,-0.0935,-0.01813,-0.01271,0.01305,-5.00,0.00,0.00,33.2,125.67,634.51,269.27,DESCEND
6.7271,0.0921,-0.2411,0.0564,-0.00013,-0.00771,0.01405,-5.00,0.00,0.00,33.3,125.67,634.51,269.23,DESCEND
6.7372,-0.1578,0.2788,-0.1335,-0.01213,-0.01071,0.01305,-5.00,0.00,0.00,33.3,125.67,634.51,269.17,DESCEND
6.7473,-0.0578,-0.0511,-0.0535,-0.00213,0.00228,0.00905,-5.00,0.00,0.00,33.4,125.67,634.51,269.13,DESCEND
6.7574,0.1321,0.0888,0.1364,0.00386,-0.00471,0.01205,-5.00,0.00,0.00,33.4,125.67,634.52,269.07,DESCEND
6.7675,0.2121,-0.1111,-0.2835,-0.00113,-0.01371,0.01005,-5.00,0.00,0.00,33.5,125.67,634.52,269.03,DESCEND
6.7776,0.0921,-0.0711,-0.1035,0.00586,0.00028,0.01105,-5.00,0.00,0.00,33.5,125.67,634.52,268.97,DESCEND
6.7877,0.1221,0.2888,-0.3935,-0.02513,-0.02671,0.01405,-5.00,0.00,0.00,33.6,125.67,634.52,268.91,DESCEND
6.7978,0.3121,0.3288,-0.2935,0.00286,-0.01071,0.01205,-5.00,0.00,0.00,33.6,125.67,634.52,268.87,DESCEND
6.8079,0.0421,0.0588,-0.0335,-0.01613,-0.00471,0.01005,-5.00,0.00,0.00,33.7,125.67,634.53,268.81,DESCEND
6.8180,0.0521,0.1188,-0.3635,-0.00413,-0.00771,0.01205,-5.00,0.00,0.00,33.7,125.67,634.53,268.77,DESCEND
6.8281,0.1521,-0.0011,-0.0235,0.01186,0.00328,0.01305,-5.00,0.00,0.00,33.8,125.67,634.53,268.71,DESCEND
6.8382,-0.0978,0.1188,-0.3235,-0.00313,-0.00171,0.00905,-5.00,0.00,0.00,33.8,125.67,634.53,268.67,DESCEND
6.8483,-0.0478,0.1788,-0.1735,-0.01813,-0.00771,0.01405,-5.00,0.00,0.00,33.9,125.67,634.53,268.61,DESCEND
6.8584,-0.0778,0.1588,-0.3435,-0.00713,-0.00671,0.01205,-5.00,0.00,0.00,33.9,125.67,634.54,268.57,DESCEND
6.8685,-0.0578,0.0088,0.2564,-0.00313,-0.00071,0.00805,-5.00,0.00,0.00,34.0,125.67,634.54,268.51,DESCEND
6.8786,0.0021,-0.0211,-0.2535,-0.00613,-0.01171,0.01405,-5.00,0.00,0.00,34.0,125.67,634.54,268.47,DESCEND
6.8887,-0.0178,-0.0511,-0.1335,-0.01813,-0.01071,0.01405,-5.00,0.00,0.00,34.1,125.67,634.54,268.41,DESCEND
6.8988,-0.1478,0.1388,-0.0435,-0.00713,-0.00271,0.01305,-5.00,0.00,0.00,34.1,125.67,634.54,268.37,DESCEND
6.9089,-0.0078,0.0188,-0.0935,-0.01713,-0.01271,0.00905,-5.00,0.00,0.00,34.2,125.67,634.54,268.31,DESCEND
6.9190,0.0521,0.1088,-0.1635,-0.01113,-0.01771,0.01105,-5.00,0.00,0.00,34.2,125.67,634.55,268.27,DESCEND
6.9291,0.0221,-0.0711,-0.0435,-0.02513,-0.01871,0.00905,-5.00,0.00,0.00,34.3,125.67,634.55,268.21,DESCEND
6.9392,0.0721,-0.1011,-0.1235,0.00586,-0.00071,0.01105,-5.00,0.00,0.00,34.3,125.68,634.55,268.17,DESCEND
6.9493,0.1921,-0.4811,-0.0935,-0.00213,-0.01671,0.00705,-5.00,0.00,0.00,34.4,125.68,634.55,268.11,DESCEND
6.9594,0.0721,-0.1011,0.0864,-0.00313,-0.00971,0.01205,-5.00,0.00,0.00,34.4,125.68,634.55,268.07,DESCEND
6.9694,0.0721,0.2388,0.1264,-0.01213,0.00028,0.01105,-5.00,0.00,0.00,34.5,125.68,634.56,268.01,DESCEND
6.9795,-0.0378,0.3488,-0.4435,-0.00213,-0.00071,0.00905,-5.00,0.00,0.00,34.5,125.68,634.56,267.97,DESCEND
6.9896,0.2321,0.2188,-0.2635,-0.02013,-0.01871,0.01105,-5.00,0.00,0.00,34.6,125.68,634.56,267.91,DESCEND
6.9997,0.0421,0.2288,-0.1835,-0.01413,-0.01971,0.01205,-5.00,0.00,0.00,34.7,125.68,634.56,267.85,DESCEND
7.0098,-0.1778,0.1288,-0.1435,-0.00513,-0.00271,0.01505,-5.00,0.00,0.00,34.7,125.68,634.56,267.81,DESCEND
7.0199,0.1321,-0.1411,-0.2535,0.00386,-0.00471,0.00705,-5.00,0.00,0.00,34.8,125.68,634.57,267.75,DESCEND
7.0300,0.0621,-0.0711,-0.0435,0.00386,-0.00271,0.01405,-5.00,0.00,0.00,34.8,125.68,634.57,267.71,DESCEND
7.0401,0.0521,0.1488,-0.4135,-0.00213,-0.00571,0.01305,-5.00,0.00,0.00,34.9,125.68,634.57,267.65,DESCEND
7.0502,0.1821,0.0488,-0.4935,0.00386,-0.00771,0.01005,-5.00,0.00,0.00,34.9,125.68,634.57,267.61,DESCEND
7.0603,0.3321,0.0688,-0.0535,0.01486,0.00428,0.01205,-5.00,0.00,0.00,35.0,125.68,634.57,267.55,DESCEND
7.0704,0.2921,0.1188,-0.0035,0.02386,0.00328,0.01105,-5.00,0.00,0.00,35.0,125.68,634.57,267.51,DESCEND
7.0805,0.0421,0.2988,-0.2835,-0.00413,-0.00971,0.01005,-5.00,0.00,0.00,35.1,125.68,634.58,267.45,DESCEND
7.0906,-0.0178,0.1288,-0.2435,0.00586,0.00228,0.01205,-5.00,0.00,0.00,35.1,125.68,634.58,267.41,DESCEND
7.1007,0.0021,-0.1411,0.0464,0.01686,0.00328,0.01205,-5.00,0.00,0.00,35.2,125.68,634.58,267.35,DESCEND
7.1108,0.1921,0.3788,-0.4835,0.00586,-0.02071,0.01305,-5.00,0.00,0.00,35.2,125.68,634.58,267.31,DESCEND
7.1209,0.0521,0.3188,-0.1535,-0.01513,-0.02171,0.01205,-5.00,0.00,0.00,35.3,125.68,634.58,267.25,DESCEND
7.1310,-0.0078,0.2588,-0.4335,-0.00913,-0.00871,0.01505,-5.00,0.00,0.00,35.3,125.68,634.59,267.21,DESCEND
7.1411,-0.1578,-0.0011,0.0764,0.00386,0.00028,0.01205,-5.00,0.00,0.00,35.4,125.68,634.59,267.15,DESCEND
7.1512,0.0521,-0.1911,-0.3735,0.01686,-0.00071,0.01105,-5.00,0.00,0.00,35.4,125.68,634.59,267.11,DESCEND
7.1613,0.1221,-0.1411,0.1164,-0.00513,-0.00071,0.00905,-5.00,0.00,0.00,35.5,125.68,634.59,267.05,DESCEND
7.1714,0.3121,-0.2311,0.0064,-0.00213,-0.01171,0.00905,-5.00,0.00,0.00,35.5,125.68,634.59,267.01,DESCEND
7.1815,0.4321,0.0088,-0.0935,0.01586,-0.00471,0.01005,-5.00,0.00,0.00,35.6,125.68,634.60,266.95,DESCEND
7.1916,0.0121,-0.1511,-0.0635,-0.00713,-0.00671,0.01005,-5.00,0.00,0.00,35.6,125.68,634.60,266.89,DESCEND
7.2017,0.1321,-0.1411,-0.1235,-0.00113,-0.00971,0.01205,-5.00,0.00,0.00,35.7,125.68,634.60,266.85,DESCEND
7.2118,0.1321,0.1788,-0.3835,-0.00013,-0.01971,0.01005,-5.00,0.00,0.00,35.7,125.68,634.60,266.79,DESCEND
7.2219,0.1121,0.3988,-0.5435,-0.00513,-0.01871,0.01305,-5.00,0.00,0.00,35.8,125.68,634.60,266.75,DESCEND
7.2319,0.0121,-0.0611,0.1264,0.00686,-0.00271,0.01105,-5.00,0.00,0.00,35.8,125.68,634.60,266.69,DESCEND
7.2420,-0.0378,0.0788,-0.3735,0.00386,-0.01471,0.01205,-5.00,0.00,0.00,35.9,125.68,634.61,266.65,DESCEND
7.2521,0.3121,-0.0211,-0.0535,0.01686,-0.01171,0.01205,-5.00,0.00,0.00,35.9,125.68,634.61,266.59,DESCEND
7.2623,0.1621,-0.0211,-0.2635,0.00886,-0.00571,0.01305,-5.00,0.00,0.00,36.0,125.68,634.61,266.55,DESCEND
7.2724,0.2621,-0.2911,-0.1135,0.00986,-0.00571,0.00705,-5.00,0.00,0.00,36.0,125.68,634.61,266.49,DESCEND
7.2825,0.1221,0.1288,-0.1935,-0.00213,-0.00371,0.01405,-5.00,0.00,0.00,36.1,125.68,634.61,266.45,DESCEND
7.2926,0.3021,-0.2211,-0.0635,0.00986,-0.00371,0.00905,-5.00,0.00,0.00,36.1,125.68,634.62,266.39,DESCEND
7.3026,0.0921,-0.0411,0.0464,-0.01113,-0.01171,0.01005,-5.00,0.00,0.00,36.2,125.68,634.62,266.35,DESCEND
7.3127,-0.0278,0.2288,-0.2935,-0.01713,-0.01471,0.01505,-5.00,0.00,0.00,36.2,125.68,634.62,266.29,DESCEND
7.3228,0.2121,0.4288,-0.3935,-0.00513,-0.01671,0.01205,-5.00,0.00,0.00,36.3,125.68,634.62,266.25,DESCEND
7.3329,0.1421,-0.0411,-0.2435,-0.00013,-0.01571,0.01005,-5.00,0.00,0.00,36.3,125.68,634.62,266.19,DESCEND
7.3430,0.2421,-0.0911,-0.3335,0.02286,-0.00671,0.01005,-5.00,0.00,0.00,36.4,125.68,634.63,266.15,DESCEND
7.3531,0.0521,0.0588,-0.0635,-0.00313,-0.00271,0.01005,-5.00,0.00,0.00,36.4,125.68,634.63,266.09,DESCEND
7.3632,0.2221,0.0288,-0.2135,-0.00013,-0.01271,0.01505,-5.00,0.00,0.00,36.5,125.68,634.63,266.05,DESCEND
7.3733,0.0921,0.0688,0.0564,-0.00813,-0.01271,0.01005,-5.00,0.00,0.00,36.5,125.68,634.63,265.99,DESCEND
7.3834,0.1821,0.1688,-0.4635,-0.01113,-0.01471,0.01505,-5.00,0.00,0.00,36.6,125.68,634.63,265.95,DESCEND
7.3935,0.3121,-0.1011,-0.0735,0.01086,-0.01171,0.01005,-5.00,0.00,0.00,36.6,125.68,634.63,265.89,DESCEND
7.4036,0.1121,0.1788,-0.0435,-0.00913,-0.00571,0.01305,-5.00,0.00,0.00,36.7,125.68,634.64,265.83,DESCEND
7.4136,0.1821,0.2988,-0.2335,-0.00913,-0.02271,0.01505,-5.00,0.00,0.00,36.7,125.68,634.64,265.79,DESCEND
7.4238,0.1721,0.5488,-0.4735,-0.00613,-0.02271,0.01605,-5.00,0.00,0.00,36.8,125.68,634.64,265.73,DESCEND
7.4339,-0.2078,0.0688,-0.5135,-0.03013,-0.01971,0.00905,-5.00,0.00,0.00,36.8,125.68,634.64,265.69,DESCEND
7.4440,0.1921,-0.1311,-0.2935,0.00986,-0.00971,0.01005,-5.00,0.00,0.00,36.9,125.68,634.64,265.63,DESCEND
7.4541,0.0921,0.1988,-0.5735,0.00986,-0.02171,0.01605,-5.00,0.00,0.00,36.9,125.68,634.65,265.59,DESCEND
7.4642,0.0721,0.1888,-0.0835,0.00386,-0.00571,0.01005,-5.00,0.00,0.00,37.0,125.68,634.65,265.53,DESCEND
7.4743,0.0721,0.3088,-0.2635,0.00086,-0.01071,0.01505,-5.00,0.00,0.00,37.0,125.68,634.65,265.49,DESCEND
7.4844,0.1921,0.0388,-0.2635,0.00286,-0.01271,0.01205,-5.00,0.00,0.00,37.1,125.68,634.65,265.43,DESCEND
7.4945,0.0921,0.0088,-0.1035,-0.00613,-0.01671,0.00905,-5.00,0.00,0.00,37.1,125.68,634.65,265.39,DESCEND
7.5046,0.1521,-0.0111,-0.3735,0.01686,-0.00871,0.01305,-5.00,0.00,0.00,37.2,125.68,634.66,265.33,DESCEND
7.5147,0.1221,0.1688,-0.4635,0.00586,-0.00471,0.01305,-5.00,0.00,0.00,37.2,125.68,634.66,265.29,DESCEND
7.5248,0.2321,-0.1411,-0.1935,0.00386,-0.00771,0.01105,-5.00,0.00,0.00,37.3,125.68,634.66,265.23,DESCEND
7.5348,0.2921,0.0388,-0.3335,0.01586,-0.01071,0.00605,-5.00,0.00,0.00,37.3,125.68,634.66,265.19,DESCEND
7.5449,-0.0178,0.0388,-0.3035,0.00386,-0.01171,0.01105,-5.00,0.00,0.00,37.4,125.68,634.66,265.13,DESCEND
7.5550,0.1621,-0.0911,0.0864,0.01186,-0.00571,0.01005,-5.00,0.00,0.00,37.4,125.68,634.66,265.09,DESCEND
7.5651,0.0921,-0.0411,-0.2135,-0.01113,-0.01971,0.01605,-5.00,0.00,0.00,37.5,125.68,634.67,265.03,DESCEND
7.5752,0.2721,-0.0011,-0.0335,0.00886,0.00028,0.01205,-5.00,0.00,0.00,37.5,125.68,634.67,264.99,DESCEND
7.5853,0.1821,-0.3411,0.0164,-0.00013,-0.00771,0.00605,-5.00,0.00,0.00,37.6,125.68,634.67,264.93,DESCEND
7.5954,0.0621,0.1688,-0.1935,0.00186,-0.00971,0.01205,-5.00,0.00,0.00,37.6,125.68,634.67,264.89,DESCEND
7.6055,0.0921,0.4088,-0.2435,0.00286,-0.00971,0.01505,-5.00,0.00,0.00,37.7,125.68,634.67,264.83,DESCEND
7.6156,0.0521,0.0588,-0.1535,0.01386,0.00928,0.01305,-5.00,0.00,0.00,37.7,125.68,634.68,264.77,DESCEND
7.6257,0.1021,0.0288,-0.1935,-0.00113,-0.01571,0.01305,-5.00,0.00,0.00,37.8,125.68,634.68,264.73,DESCEND
7.6358,0.2021,0.1488,-0.1535,0.00286,-0.01771,0.01705,-5.00,0.00,0.00,37.8,125.69,634.68,264.67,DESCEND
7.6459,-0.0078,0.0388,-0.0935,-0.01313,-0.01071,0.01205,-5.00,0.00,0.00,37.9,125.69,634.68,264.63,DESCEND
7.6560,0.1021,0.1588,-0.0035,-0.00513,-0.00471,0.01405,-5.00,0.00,0.00,37.9,125.69,634.68,264.57,DESCEND
7.6661,0.1921,-0.0111,-0.2435,0.00286,-0.01371,0.01305,-5.00,0.00,0.00,38.0,125.69,634.69,264.53,DESCEND
7.6762,0.2421,0.0388,-0.1535,-0.01313,-0.02371,0.01305,-5.00,0.00,0.00,38.0,125.69,634.69,264.47,DESCEND
7.6863,0.2121,0.0288,0.0664,0.01886,0.00328,0.01305,-5.00,0.00,0.00,38.1,125.69,634.69,264.43,DESCEND
7.6964,0.1621,-0.0411,-0.2035,-0.01213,-0.00771,0.01005,-5.00,0.00,0.00,38.1,125.69,634.69,264.37,DESCEND
7.7065,0.0221,-0.3411,0.1264,-0.00213,-0.00071,0.01105,-5.00,0.00,0.00,38.2,125.69,634.69,264.33,DESCEND
7.7166,0.1421,-0.1611,-0.1635,-0.00513,-0.01071,0.01405,-5.00,0.00,0.00,38.2,125.69,634.70,264.27,DESCEND
7.7267,0.2521,-0.3111,-0.2635,-0.00513,-0.01371,0.00605,-5.00,0.00,0.00,38.3,125.69,634.70,264.23,DESCEND
7.7368,0.0521,0.2388,-0.3135,0.00986,0.00828,0.01105,-5.00,0.00,0.00,38.3,125.69,634.70,264.17,DESCEND
7.7469,-0.1478,-0.0311,0.1064,-0.01113,-0.00371,0.01305,-5.00,0.00,0.00,38.4,125.69,634.70,264.13,DESCEND
7.7569,0.1021,0.2988,-0.2435,0.00286,-0.00671,0.01505,-5.00,0.00,0.00,38.4,125.69,634.70,264.07,DESCEND
7.7670,-0.0078,-0.3411,-0.1535,-0.00813,-0.00971,0.01305,-5.00,0.00,0.00,38.5,125.69,634.70,264.03,DESCEND
7.7771,0.1721,-0.2811,0.1064,0.01386,-0.00371,0.00705,-5.00,0.00,0.00,38.5,125.69,634.71,263.97,DESCEND
7.7872,0.2021,0.0388,-0.1535,0.00886,0.00628,0.01105,-5.00,0.00,0.00,38.6,125.69,634.71,263.93,DESCEND
7.7973,0.2221,0.0688,0.0364,-0.00313,-0.00871,0.01205,-5.00,0.00,0.00,38.6,125.69,634.71,263.87,DESCEND
7.8074,0.1521,-0.0511,-0.0035,0.00786,0.00128,0.01005,-5.00,0.00,0.00,38.7,125.69,634.71,263.83,DESCEND
7.8175,0.1921,-0.1311,-0.1735,-0.00713,-0.01171,0.01005,-5.00,0.00,0.00,38.7,125.69,634.71,263.77,DESCEND
7.8276,0.0421,0.1588,-0.4135,0.00386,-0.00771,0.01305,-5.00,0.00,0.00,38.8,125.69,634.72,263.71,DESCEND
7.8377,0.1421,-0.0311,-0.0135,0.00486,-0.00271,0.01105,-5.00,0.00,0.00,38.8,125.69,634.72,263.67,DESCEND
7.8478,0.0821,0.0988,-0.2435,-0.00613,-0.01271,0.01105,-5.00,0.00,0.00,38.9,125.69,634.72,263.61,DESCEND
7.8579,-0.0378,0.0288,-0.2635,-0.00213,-0.00671,0.01405,-5.00,0.00,0.00,38.9,125.69,634.72,263.57,DESCEND
7.8680,0.1121,-0.0011,-0.0935,-0.02013,-0.01571,0.00905,-5.00,0.00,0.00,39.0,125.69,634.72,263.51,DESCEND
7.8781,0.0921,0.0688,-0.2335,0.00486,-0.01071,0.01305,-5.00,0.00,0.00,39.0,125.69,634.72,263.47,DESCEND
7.8882,0.0721,0.1988,-0.2735,0.00586,-0.00271,0.01205,-5.00,0.00,0.00,39.1,125.69,634.73,263.41,DESCEND
7.8983,0.1521,0.1188,-0.1635,0.00786,-0.01171,0.01605,-5.00,0.00,0.00,39.1,125.69,634.73,263.37,DESCEND
7.9084,0.0421,0.2588,-0.0635,-0.00613,-0.01671,0.01305,-5.00,0.00,0.00,39.2,125.69,634.73,263.31,DESCEND
7.9185,0.2721,0.3388,-0.5735,0.01386,-0.01571,0.01505,-5.00,0.00,0.00,39.2,125.69,634.73,263.27,DESCEND
7.9286,0.0321,0.0888,-0.0935,0.00386,0.00228,0.01505,-5.00,0.00,0.00,39.3,125.69,634.73,263.21,DESCEND
7.9387,0.2021,-0.1911,-0.0335,0.00486,-0.00671,0.01205,-5.00,0.00,0.00,39.3,125.69,634.74,263.17,DESCEND
7.9488,0.0221,-0.0211,-0.1835,-0.01313,-0.01271,0.01305,-5.00,0.00,0.00,39.4,125.69,634.74,263.11,DESCEND
7.9589,0.1021,-0.0011,-0.1535,-0.00813,-0.00771,0.01405,-5.00,0.00,0.00,39.4,125.69,634.74,263.07,DESCEND
7.9690,0.1121,0.1888,-0.4835,0.00586,-0.01371,0.01605,-5.00,0.00,0.00,39.5,125.69,634.74,263.01,DESCEND
7.9791,0.0421,0.1888,-0.3235,-0.00213,-0.01371,0.01405,-5.00,0.00,0.00,39.5,125.69,634.74,262.97,DESCEND
7.9892,0.0921,0.2388,-0.3335,0.00286,-0.00471,0.01605,-5.00,0.00,0.00,39.6,125.69,634.75,262.91,DESCEND
7.9994,0.0221,0.0288,-0.0435,-0.00613,-0.00671,0.01005,-5.00,0.00,0.00,39.7,125.69,634.75,262.85,DESCEND
8.0095,0.0721,-0.0211,-0.0435,0.00386,-0.00571,0.01305,-5.00,0.00,0.00,39.7,125.69,634.75,262.81,DESCEND
8.0196,-0.0378,0.3088,-0.5735,-0.01113,-0.01671,0.01405,-5.00,0.00,0.00,39.8,125.69,634.75,262.75,DESCEND
8.0297,-0.0078,0.3188,-0.1035,-0.01213,-0.00971,0.01505,-5.00,0.00,0.00,39.8,125.69,634.75,262.71,DESCEND
8.0398,0.0521,-0.0111,-0.0635,-0.00713,-0.00571,0.01105,-5.00,0.00,0.00,39.9,125.69,634.76,262.65,DESCEND
8.0499,0.1121,0.2588,-0.5135,-0.01313,-0.01571,0.01605,-5.00,0.00,0.00,39.9,125.69,634.76,262.61,DESCEND
8.0600,0.0221,0.0488,-0.1335,0.00086,-0.00171,0.01205,-5.00,0.00,0.00,40.0,125.69,634.76,262.55,DESCEND
8.0701,0.2521,-0.0511,-0.1035,0.00286,-0.01271,0.01305,-5.00,0.00,0.00,40.0,125.69,634.76,262.51,DESCEND
8.0801,0.1121,0.2388,-0.1935,0.00186,-0.00871,0.01505,-5.00,0.00,0.00,40.1,125.69,634.76,262.45,DESCEND
8.0903,0.0621,0.1688,-0.1435,-0.00213,-0.01071,0.01305,-5.00,0.00,0.00,40.1,125.69,634.76,262.41,DESCEND
8.1004,0.2121,-0.0611,0.0064,0.01486,0.00228,0.01005,-5.00,0.00,0.00,40.2,125.69,634.77,262.35,DESCEND
8.1105,0.2221,0.0988,-0.1135,0.00986,-0.01271,0.01405,-5.00,0.00,0.00,40.2,125.69,634.77,262.31,DESCEND
8.1206,0.0821,-0.2211,-0.0735,0.00486,-0.00571,0.01105,-5.00,0.00,0.00,40.3,125.69,634.77,262.25,DESCEND
8.1307,0.1121,0.3788,-0.4735,0.00586,-0.00871,0.01605,-5.00,0.00,0.00,40.3,125.69,634.77,262.21,DESCEND
8.1408,0.2321,0.3788,-0.4935,0.01686,-0.01571,0.01705,-5.00,0.00,0.00,40.4,125.69,634.77,262.15,DESCEND
8.1509,0.0121,0.1088,-0.0435,-0.01013,-0.00371,0.01605,-5.00,0.00,0.00,40.4,125.69,634.78,262.11,DESCEND
8.1610,0.0021,0.2388,-0.5435,-0.00913,-0.01071,0.01305,-5.00,0.00,0.00,40.5,125.69,634.78,262.05,DESCEND
8.1711,0.1721,-0.2911,-0.1935,-0.00713,-0.01771,0.00705,-5.00,0.00,0.00,40.5,125.69,634.78,262.01,DESCEND
8.1812,0.0721,0.0888,-0.4335,0.00286,-0.01071,0.01505,-5.00,0.00,0.00,40.6,125.69,634.78,261.95,DESCEND
8.1914,0.1321,0.0788,-0.2735,-0.00813,-0.00471,0.00905,-5.00,0.00,0.00,40.6,125.69,634.78,261.91,DESCEND
8.2015,0.3321,0.1088,0.1164,0.00386,0.00328,0.01305,-5.00,0.00,0.00,40.7,125.69,634.79,261.85,DESCEND
8.2116,0.1621,0.1488,-0.0435,-0.00313,-0.00871,0.01305,-5.00,0.00,0.00,40.7,125.69,634.79,261.79,DESCEND
8.2217,0.0321,-0.1211,0.1264,0.00186,0.00628,0.01305,-5.00,0.00,0.00,40.8,125.69,634.79,261.75,DESCEND
8.2318,-0.0378,0.2188,0.0164,-0.00013,0.00328,0.01305,-5.00,0.00,0.00,40.8,125.69,634.79,261.69,DESCEND
8.2419,0.1021,-0.0211,-0.2535,0.00986,-0.00171,0.01305,-5.00,0.00,0.00,40.9,125.69,634.79,261.65,DESCEND
8.2521,0.0821,0.1488,-0.2635,-0.00313,-0.00871,0.01205,-5.00,0.00,0.00,40.9,125.69,634.79,261.59,DESCEND
8.2622,0.0921,0.4188,-0.4435,0.00086,-0.01571,0.01405,-5.00,0.00,0.00,41.0,125.69,634.80,261.55,DESCEND
8.2723,0.0321,0.0788,-0.2735,0.01686,0.00828,0.01505,-5.00,0.00,0.00,41.0,125.69,634.80,261.49,DESCEND
8.2823,0.1121,0.0888,-0.0735,0.00686,-0.00571,0.01805,-5.00,0.00,0.00,41.1,125.69,634.80,261.45,DESCEND
8.2924,-0.0378,0.0988,0.0964,0.00186,-0.00271,0.01405,-5.00,0.00,0.00,41.1,125.69,634.80,261.39,DESCEND
8.3025,0.2821,0.2188,-0.2835,-0.00313,-0.01771,0.01105,-5.00,0.00,0.00,41.2,125.69,634.80,261.35,DESCEND
8.3126,0.3121,-0.3111,0.1764,0.01986,0.00228,0.00805,-5.00,0.00,0.00,41.2,125.69,634.81,261.29,DESCEND
8.3227,0.1621,-0.0011,-0.3135,-0.00713,-0.00871,0.01405,-5.00,0.00,0.00,41.3,125.69,634.81,261.25,DESCEND
8.3328,0.1621,0.1288,-0.1335,-0.00113,-0.01271,0.01305,-5.00,0.00,0.00,41.3,125.69,634.81,261.19,DESCEND
8.3429,0.1521,-0.0411,-0.0435,-0.00713,-0.02571,0.01205,-5.00,0.00,0.00,41.4,125.69,634.81,261.15,DESCEND
8.3530,-0.1778,0.1588,-0.1635,0.00086,0.00728,0.01605,-5.00,0.00,0.00,41.4,125.70,634.81,261.09,DESCEND
8.3631,0.2121,-0.1411,-0.0535,0.01586,-0.00371,0.01305,-5.00,0.00,0.00,41.5,125.70,634.82,261.05,DESCEND
8.3732,0.2121,-0.1011,0.0064,0.01086,-0.00271,0.01505,-5.00,0.00,0.00,41.5,125.70,634.82,260.99,DESCEND
8.3833,0.0621,-0.0611,-0.3235,-0.00113,-0.01671,0.01505,-5.00,0.00,0.00,41.6,125.70,634.82,260.95,DESCEND
8.3934,0.0521,-0.1211,-0.1535,-0.00713,-0.00171,0.01105,-5.00,0.00,0.00,41.6,125.70,634.82,260.89,DESCEND
8.4035,-0.0578,0.1588,-0.1735,-0.01113,-0.00071,0.01205,-5.00,0.00,0.00,41.7,125.70,634.82,260.83,DESCEND
8.4136,0.3221,0.1888,-0.0735,-0.00113,0.01028,0.01105,-5.00,0.00,0.00,41.7,125.70,634.82,260.79,DESCEND
8.4237,0.5021,-0.3211,0.0464,0.01986,0.01528,0.00205,-5.00,0.00,0.00,41.8,125.70,634.83,260.73,DESCEND
8.4338,0.3221,0.2288,-0.4435,-0.00313,0.00728,0.01005,-5.00,0.00,0.00,41.8,125.70,634.83,260.69,DESCEND
8.4439,0.1521,-0.0311,-0.1535,0.00086,0.02128,0.00605,-5.00,0.00,0.00,41.9,125.70,634.83,260.63,DESCEND
8.4540,0.3121,0.1788,-0.1135,0.00686,0.02028,0.00805,-5.00,0.00,0.00,41.9,125.70,634.83,260.59,DESCEND
8.4641,0.3521,0.1588,-0.3535,-0.00013,0.02428,0.00905,-5.00,0.00,0.00,42.0,125.70,634.83,260.53,DESCEND
8.4742,0.2821,0.0388,-0.0835,-0.01313,0.01528,0.00605,-5.00,0.00,0.00,42.0,125.70,634.84,260.49,DESCEND
8.4843,0.2121,0.0488,-0.1435,0.00786,0.03328,0.00705,-5.00,0.00,0.00,42.1,125.70,634.84,260.43,DESCEND
8.4944,0.3121,0.2488,-0.4235,-0.00813,0.02528,0.00905,-5.00,0.00,0.00,42.1,125.70,634.84,260.39,DESCEND
8.5045,0.4621,0.1088,-0.1235,0.00286,0.02928,0.00405,-5.00,0.00,0.00,42.2,125.70,634.84,260.33,DESCEND
8.5146,0.6321,-0.0811,-0.0335,0.00686,0.03128,-0.00294,-5.00,0.00,0.00,42.2,125.70,634.84,260.29,DESCEND
8.5247,0.5221,-0.0211,-0.1835,0.01986,0.03828,0.00205,-5.00,0.00,0.00,42.3,125.70,634.85,260.23,DESCEND
8.5348,0.4421,0.1488,-0.2135,0.00486,0.03628,0.00505,-5.00,0.00,0.00,42.3,125.70,634.85,260.19,DESCEND
8.5449,0.6421,-0.1311,0.1364,0.00786,0.04828,0.00005,-5.00,0.00,0.00,42.4,125.70,634.85,260.13,DESCEND
8.5550,0.3821,-0.0511,-0.1335,0.00886,0.04328,0.00205,-5.00,0.00,0.00,42.4,125.70,634.85,260.09,DESCEND
8.5651,0.4321,0.1988,-0.2435,-0.02113,0.03628,0.00005,-5.00,0.00,0.00,42.5,125.70,634.85,260.03,DESCEND
8.5751,0.5221,0.0288,-0.0035,0.00586,0.05228,-0.00194,-5.00,0.00,0.00,42.5,125.70,634.85,259.99,DESCEND
8.5852,0.3921,-0.1311,0.1664,0.01186,0.07528,-0.00294,-5.00,0.00,0.00,42.6,125.70,634.86,259.93,DESCEND
8.5953,0.4221,-0.0611,-0.1035,0.03286,0.07128,-0.00094,-5.00,0.00,0.00,42.6,125.70,634.86,259.89,DESCEND
8.6054,0.4821,0.0588,-0.0335,0.01886,0.07428,-0.00094,-5.00,0.00,0.00,42.7,125.70,634.86,259.83,DESCEND
8.6155,0.5021,0.2888,-0.4735,0.00686,0.06028,0.00305,-5.00,0.00,0.00,42.7,125.70,634.86,259.77,DESCEND
8.6256,0.5421,0.4688,-0.4735,0.01486,0.05728,0.00205,-5.00,0.00,0.00,42.8,125.70,634.86,259.73,DESCEND
8.6357,0.5221,-0.0711,-0.1335,-0.00213,0.06528,-0.00194,-5.00,0.00,0.00,42.8,125.70,634.87,259.67,DESCEND
8.6458,0.6021,-0.0311,-0.0835,0.00086,0.06428,-0.00594,-5.00,0.00,0.00,42.9,125.70,634.87,259.63,DESCEND
8.6559,0.7721,0.3688,-0.2335,0.01586,0.06728,-0.00494,-5.00,0.00,0.00,42.9,125.70,634.87,259.57,DESCEND
8.6660,0.8421,0.0888,-0.1535,0.01586,0.06528,-0.00294,-5.00,0.00,0.00,43.0,125.70,634.87,259.54,DESCEND
8.6761,0.6921,0.1988,-0.1535,0.00386,0.06728,-0.00394,-5.00,0.00,0.00,43.0,125.70,634.87,259.48,DESCEND
8.6862,0.6021,-0.1511,0.0664,0.00886,0.07428,-0.00594,-5.00,0.00,0.00,43.1,125.70,634.88,259.44,DESCEND
8.6963,0.4721,-0.0711,-0.0235,-0.02713,0.06528,-0.00694,-5.00,0.00,0.00,43.1,125.70,634.88,259.38,DESCEND
8.7064,0.6421,-0.0111,-0.1535,0.00386,0.07628,-0.00794,-5.00,0.00,0.00,43.2,125.70,634.88,259.34,DESCEND
8.7164,0.7921,0.2488,-0.1035,0.00586,0.08028,-0.00694,-5.00,0.00,0.00,43.2,125.70,634.88,259.28,DESCEND
8.7265,0.5321,0.2588,-0.4835,-0.01713,0.07828,-0.00194,-5.00,0.00,0.00,43.3,125.70,634.88,259.24,DESCEND
8.7366,0.9421,0.1288,-0.2035,0.02686,0.09428,-0.00994,-5.00,0.00,0.00,43.3,125.70,634.89,259.18,DESCEND
8.7467,0.6121,-0.1111,-0.0935,0.00186,0.08528,-0.00794,-5.00,0.00,0.00,43.4,125.70,634.89,259.14,DESCEND
8.7568,0.7721,0.2088,-0.4335,0.00786,0.08628,-0.00694,-5.00,0.00,0.00,43.4,125.70,634.89,259.08,DESCEND
8.7669,0.8221,0.2088,-0.1035,0.01886,0.09328,-0.00594,-5.00,0.00,0.00,43.5,125.70,634.89,259.04,DESCEND
8.7770,0.8021,0.2888,-0.2735,-0.00313,0.08728,-0.00794,-5.00,0.00,0.00,43.5,125.70,634.89,258.98,DESCEND
8.7871,0.6121,-0.1611,-0.0335,-0.01913,0.08428,-0.00994,-5.00,0.00,0.00,43.6,125.70,634.89,258.94,DESCEND
8.7972,0.7721,0.1488,-0.2835,-0.00013,0.08428,-0.00894,-5.00,0.00,0.00,43.6,125.70,634.90,258.88,DESCEND
8.8073,0.7521,-0.0411,0.0664,-0.00213,0.10028,-0.01194,-5.00,0.00,0.00,43.7,125.70,634.90,258.84,DESCEND
8.8174,0.6521,0.2188,-0.1235,-0.00713,0.09928,-0.01294,-5.00,0.00,0.00,43.7,125.70,634.90,258.78,DESCEND
8.8275,0.6321,0.4488,-0.0535,-0.01913,0.09828,-0.00894,-5.00,0.00,0.00,43.8,125.70,634.90,258.72,DESCEND
8.8376,0.7721,0.1488,-0.1835,0.00686,0.10228,-0.00694,-5.00,0.00,0.00,43.8,125.70,634.90,258.68,DESCEND
8.8477,0.7821,0.3088,0.0664,0.00786,0.11628,-0.01294,-5.00,0.00,0.00,43.9,125.70,634.91,258.62,DESCEND
8.8578,0.8721,0.3288,-0.0535,-0.00113,0.10228,-0.00894,-5.00,0.00,0.00,43.9,125.70,634.91,258.58,DESCEND
8.8679,0.8921,-0.0411,0.0864,0.00386,0.10828,-0.01394,-5.00,0.00,0.00,44.0,125.70,634.91,258.52,SEARCH_Y
8.8780,0.7821,0.1688,0.0064,0.00786,0.12328,-0.00994,0.00,-3.00,0.00,44.0,125.70,634.91,258.48,SEARCH_Y
8.8881,0.9721,-0.0811,-0.0535,0.02886,0.11828,-0.01394,0.00,-3.00,0.00,44.1,125.70,634.91,258.42,SEARCH_Y
8.8982,0.6721,0.2288,-0.0735,-0.00513,0.10828,-0.00894,0.00,-3.00,0.00,44.1,125.70,634.91,258.38,SEARCH_Y
8.9083,1.0021,0.2388,-0.4835,0.00786,0.10728,-0.01094,0.00,-3.00,0.00,44.2,125.70,634.92,258.33,SEARCH_Y
8.9184,0.7421,0.1988,0.0364,0.01286,0.12928,-0.01094,0.00,-3.00,0.00,44.2,125.69,634.92,258.30,SEARCH_Y
8.9285,0.8021,0.2488,-0.1235,-0.00713,0.10928,-0.01294,0.00,-3.00,0.00,44.3,125.68,634.92,258.25,SEARCH_Y
8.9386,1.1021,0.4888,-0.4335,0.02486,0.11128,-0.01294,0.00,-3.00,0.00,44.3,125.67,634.92,258.22,SEARCH_Y
8.9487,0.9821,-0.0411,0.1264,0.00886,0.11528,-0.01294,0.00,-3.00,0.00,44.3,125.66,634.92,258.19,SEARCH_Y
8.9588,0.9521,-0.1611,0.1264,0.00386,0.12228,-0.01394,0.00,-3.00,0.00,44.3,125.65,634.92,258.17,SEARCH_Y
8.9689,0.8121,0.0788,-0.0835,0.00786,0.12528,-0.01394,0.00,-3.00,0.00,44.4,125.63,634.92,258.14,SEARCH_Y
8.9790,1.0821,-0.2511,0.0464,0.02186,0.12128,-0.01594,0.00,-3.00,0.00,44.4,125.62,634.92,258.12,SEARCH_Y
8.9891,0.8621,-0.1011,-0.2435,0.01886,0.12128,-0.01694,0.00,-3.00,0.00,44.4,125.59,634.92,258.10,SEARCH_Y
8.9992,0.9521,0.0788,-0.5035,0.00786,0.11228,-0.01194,0.00,-3.00,0.00,44.4,125.58,634.92,258.08,SEARCH_Y
9.0093,0.9121,-0.2211,0.0064,0.01386,0.11828,-0.01394,0.00,-3.00,0.00,44.4,125.55,634.92,258.07,SEARCH_Y
9.0194,0.8521,-0.1311,-0.0735,0.00986,0.12828,-0.01394,0.00,-3.00,0.00,44.5,125.53,634.92,258.06,SEARCH_Y
9.0295,1.0621,-0.0811,-0.0135,0.01686,0.12028,-0.01694,0.00,-3.00,0.00,44.5,125.50,634.92,258.06,SEARCH_Y
9.0396,0.9121,-0.2811,0.0764,0.01686,0.12828,-0.01794,0.00,-3.00,0.00,44.5,125.46,634.92,258.06,SEARCH_Y
9.0497,0.9121,-0.1811,0.0164,-0.00013,0.11728,-0.01494,0.00,-3.00,0.00,44.5,125.44,634.92,258.06,SEARCH_Y
9.0598,0.9621,-0.0011,-0.1635,-0.00613,0.10428,-0.01294,0.00,-3.00,0.00,44.5,125.40,634.92,258.06,SEARCH_Y
9.0699,0.8621,0.1388,-0.1235,0.00586,0.11728,-0.00994,0.00,-3.00,0.00,44.5,125.38,634.92,258.06,SEARCH_Y
9.0800,1.0021,-0.0811,0.0864,0.02686,0.12528,-0.01494,0.00,-3.00,0.00,44.5,125.34,634.92,258.05,SEARCH_Y
9.0901,0.8921,-0.0411,-0.2835,0.01486,0.11628,-0.01694,0.00,-3.00,0.00,44.5,125.32,634.92,258.05,SEARCH_Y
9.1002,0.7721,0.0588,-0.0735,0.00686,0.11528,-0.01294,0.00,-3.00,0.00,44.5,125.28,634.91,258.05,SEARCH_Y
9.1103,0.8321,-0.1711,0.0064,0.02786,0.12428,-0.01094,0.00,-3.00,0.00,44.5,125.26,634.91,258.05,SEARCH_Y
9.1204,1.0721,-0.1211,0.0364,0.01486,0.11828,-0.00894,0.00,-3.00,0.00,44.5,125.22,634.91,258.05,SEARCH_Y
9.1305,0.7721,0.2988,-0.1235,-0.01413,0.10928,-0.00894,0.00,-3.00,0.00,44.5,125.20,634.91,258.05,SEARCH_Y
9.1406,0.8121,-0.0411,-0.0835,-0.00713,0.11328,-0.01594,0.00,-3.00,0.00,44.5,125.16,634.91,258.05,SEARCH_Y
9.1507,0.7721,0.0388,0.0164,-0.01513,0.12128,-0.01294,0.00,-3.00,0.00,44.5,125.14,634.91,258.05,SEARCH_Y
9.1608,1.1321,-0.0211,0.2464,0.00186,0.11628,-0.01394,0.00,-3.00,0.00,44.5,125.10,634.91,258.05,SEARCH_Y
9.1709,0.8121,0.3188,-0.2235,-0.00313,0.11628,-0.01394,0.00,-3.00,0.00,44.5,125.08,634.91,258.05,SEARCH_Y
9.1810,0.9921,0.3488,-0.3335,-0.00013,0.10528,-0.01094,0.00,-3.00,0.00,44.5,125.04,634.91,258.05,SEARCH_Y
9.1910,0.8921,0.0488,-0.0235,0.00186,0.11828,-0.01294,0.00,-3.00,0.00,44.5,125.02,634.91,258.05,SEARCH_Y
9.2011,0.8421,0.1888,-0.2835,0.01186,0.12428,-0.01494,0.00,-3.00,0.00,44.5,124.98,634.91,258.05,SEARCH_Y
9.2112,0.8221,0.3888,-0.1235,-0.01213,0.11528,-0.01294,0.00,-3.00,0.00,44.5,124.96,634.90,258.05,SEARCH_Y
9.2213,0.7621,-0.0211,-0.1135,-0.01113,0.11528,-0.01094,0.00,-3.00,0.00,44.5,124.92,634.90,258.05,SEARCH_Y
9.2314,0.9021,-0.1111,-0.0635,-0.00413,0.11928,-0.01494,0.00,-3.00,0.00,44.5,124.90,634.90,258.05,SEARCH_Y
9.2415,0.9021,0.2088,0.1164,0.00986,0.12028,-0.01694,0.00,-3.00,0.00,44.5,124.86,634.90,258.05,SEARCH_Y
9.2516,0.6521,0.0188,0.0664,-0.02313,0.12428,-0.01394,0.00,-3.00,0.00,44.5,124.83,634.90,258.05,SEARCH_Y
9.2617,0.9721,0.2688,-0.0935,0.00286,0.12528,-0.01694,0.00,-3.00,0.00,44.5,124.80,634.90,258.05,SEARCH_Y
9.2718,0.8121,0.3488,-0.1835,-0.02013,0.11428,-0.01394,0.00,-3.00,0.00,44.5,124.77,634.90,258.05,SEARCH_Y
9.2819,1.0121,-0.2311,-0.0535,-0.00513,0.12028,-0.02294,0.00,-3.00,0.00,44.5,124.74,634.90,258.05,SEARCH_Y
9.2920,0.9621,0.3088,-0.2235,0.00186,0.13128,-0.01794,0.00,-3.00,0.00,44.5,124.70,634.90,258.05,SEARCH_Y
9.3021,1.0321,0.5588,-0.4935,0.01086,0.12528,-0.02094,0.00,-3.00,0.00,44.5,124.68,634.90,258.05,SEARCH_Y
9.3122,0.9521,0.0088,0.1364,0.00986,0.14328,-0.01994,0.00,-3.00,0.00,44.5,124.64,634.90,258.05,SEARCH_Y
9.3223,0.9621,0.2488,-0.0235,-0.01113,0.12928,-0.02294,0.00,-3.00,0.00,44.5,124.62,634.90,258.05,SEARCH_Y
9.3324,0.9521,0.3488,-0.1235,-0.00713,0.13328,-0.02094,0.00,-3.00,0.00,44.5,124.58,634.89,258.05,SEARCH_Y
9.3425,1.0421,-0.1011,-0.1035,-0.00113,0.13928,-0.02194,0.00,-3.00,0.00,44.5,124.56,634.89,258.05,SEARCH_Y
9.3526,1.0221,0.1188,-0.0435,0.00186,0.13728,-0.02494,0.00,-3.00,0.00,44.5,124.52,634.89,258.05,SEARCH_Y
9.3627,0.8521,0.3088,-0.3235,-0.00813,0.12228,-0.01994,0.00,-3.00,0.00,44.5,124.50,634.89,258.05,SEARCH_Y
9.3728,0.8621,0.5688,-0.6635,-0.00413,0.13628,-0.02194,0.00,-3.00,0.00,44.5,124.46,634.89,258.05,SEARCH_Y
9.3828,0.8621,0.4688,-0.1835,-0.01313,0.13428,-0.01894,0.00,-3.00,0.00,44.5,124.44,634.89,258.05,SEARCH_Y
9.3929,0.7621,-0.0211,0.1164,-0.00113,0.14228,-0.02494,0.00,-3.00,0.00,44.5,124.40,634.89,258.05,SEARCH_Y
9.4030,0.9121,0.2488,0.0064,0.01186,0.14128,-0.02194,0.00,-3.00,0.00,44.5,124.38,634.89,258.05,SEARCH_Y
9.4131,0.7421,0.3188,-0.3135,-0.00513,0.13828,-0.01894,0.00,-3.00,0.00,44.5,124.34,634.89,258.05,SEARCH_Y
9.4232,1.1421,-0.0311,0.0764,0.01586,0.13928,-0.02594,0.00,-3.00,0.00,44.5,124.32,634.89,258.05,SEARCH_Y
9.4333,1.1321,-0.1011,-0.0035,0.00086,0.12728,-0.02494,0.00,-3.00,0.00,44.5,124.28,634.89,258.05,SEARCH_Y
9.4434,0.8921,0.3188,-0.1435,-0.02213,0.12328,-0.01794,0.00,-3.00,0.00,44.5,124.26,634.88,258.05,SEARCH_Y
9.4535,1.0221,-0.2911,-0.0435,0.00986,0.14028,-0.02294,0.00,-3.00,0.00,44.5,124.22,634.88,258.05,SEARCH_Y
9.4636,1.0921,0.1188,0.0664,0.01686,0.13228,-0.02194,0.00,-3.00,0.00,44.5,124.19,634.88,258.05,SEARCH_Y
9.4737,1.0421,0.0188,-0.0935,0.00786,0.12728,-0.02094,0.00,-3.00,0.00,44.5,124.16,634.88,258.05,SEARCH_Y
9.4838,0.7721,0.0788,0.0164,-0.00413,0.13428,-0.01894,0.00,-3.00,0.00,44.5,124.13,634.88,258.05,SEARCH_Y
9.4939,0.9021,0.3588,-0.4435,-0.01813,0.10828,-0.01894,0.00,-3.00,0.00,44.5,124.10,634.88,258.05,SEARCH_Y
9.5040,0.8521,0.3688,-0.3935,-0.01713,0.10828,-0.01694,0.00,-3.00,0.00,44.5,124.07,634.88,258.05,SEARCH_Y
9.5141,1.2421,0.0688,-0.3035,0.00986,0.12328,-0.02394,0.00,-3.00,0.00,44.5,124.04,634.88,258.05,SEARCH_Y
9.5241,0.8421,0.4788,-0.3535,-0.00213,0.12228,-0.01694,0.00,-3.00,0.00,44.5,124.01,634.88,258.05,SEARCH_Y
9.5343,0.7621,0.0388,-0.2135,0.00086,0.12428,-0.01894,0.00,-3.00,0.00,44.5,123.98,634.88,258.05,SEARCH_Y
9.5443,0.8721,0.0988,-0.0635,-0.01213,0.12028,-0.01694,0.00,-3.00,0.00,44.5,123.95,634.88,258.05,SEARCH_Y
9.5544,0.9921,0.0088,0.0364,-0.00313,0.11828,-0.01894,0.00,-3.00,0.00,44.5,123.92,634.88,258.05,SEARCH_Y
9.5645,0.8321,0.0688,0.1064,-0.01613,0.11728,-0.01594,0.00,-3.00,0.00,44.5,123.89,634.87,258.05,SEARCH_Y
9.5746,0.7021,0.2988,0.0464,-0.00013,0.12728,-0.01794,0.00,-3.00,0.00,44.5,123.86,634.87,258.05,SEARCH_Y
9.5847,0.6921,0.0188,-0.1535,-0.00213,0.13328,-0.01894,0.00,-3.00,0.00,44.5,123.83,634.87,258.05,SEARCH_Y
9.5948,0.9921,0.1488,0.0364,-0.00213,0.11928,-0.01894,0.00,-3.00,0.00,44.5,123.80,634.87,258.05,SEARCH_Y
9.6049,0.8621,-0.1511,0.1364,-0.00713,0.12128,-0.02394,0.00,-3.00,0.00,44.5,123.77,634.87,258.05,SEARCH_Y
9.6150,1.1821,-0.1211,0.1364,0.02086,0.12728,-0.01594,0.00,-3.00,0.00,44.5,123.74,634.87,258.05,SEARCH_Y
9.6251,1.0721,-0.2211,0.0864,0.00786,0.12028,-0.02294,0.00,-3.00,0.00,44.5,123.71,634.87,258.05,SEARCH_Y
9.6352,0.9821,0.3288,-0.3935,0.00186,0.11228,-0.01494,0.00,-3.00,0.00,44.5,123.68,634.87,258.05,SEARCH_Y
9.6453,0.9521,0.2788,-0.2935,0.00086,0.12028,-0.02094,0.00,-3.00,0.00,44.5,123.65,634.87,258.05,SEARCH_Y
9.6554,0.9221,-0.2211,-0.0235,0.00386,0.12228,-0.02194,0.00,-3.00,0.00,44.5,123.62,634.87,258.05,SEARCH_Y
9.6655,0.8321,-0.0311,0.0064,-0.00813,0.13128,-0.01994,0.00,-3.00,0.00,44.5,123.58,634.87,258.05,SEARCH_Y
9.6756,0.9021,0.4888,-0.4235,-0.00913,0.10728,-0.01594,0.00,-3.00,0.00,44.5,123.55,634.86,258.05,SEARCH_Y
9.6857,0.7521,-0.0511,0.2164,-0.01913,0.12628,-0.01994,0.00,-3.00,0.00,44.5,123.52,634.86,258.05,SEARCH_Y
9.6958,0.8121,-0.0111,0.2064,0.00286,0.13628,-0.01894,0.00,-3.00,0.00,44.5,123.49,634.86,258.05,SEARCH_Y
9.7059,1.0221,0.0988,-0.1035,-0.00013,0.11328,-0.01794,0.00,-3.00,0.00,44.5,123.46,634.86,258.05,SEARCH_Y
9.7160,0.9021,-0.1311,0.0364,-0.01013,0.11228,-0.01994,0.00,-3.00,0.00,44.5,123.43,634.86,258.05,SEARCH_Y
9.7261,0.7021,0.3888,-0.3535,-0.00813,0.11828,-0.01194,0.00,-3.00,0.00,44.5,123.40,634.86,258.05,SEARCH_Y
9.7362,0.9121,0.2788,-0.0235,-0.02013,0.11828,-0.01894,0.00,-3.00,0.00,44.5,123.37,634.86,258.05,SEARCH_Y
9.7463,0.7621,0.2688,-0.3435,0.00286,0.11628,-0.01594,0.00,-3.00,0.00,44.5,123.34,634.86,258.04,SEARCH_Y
9.7564,0.9621,-0.1711,0.1564,-0.00413,0.11728,-0.02394,0.00,-3.00,0.00,44.5,123.31,634.86,258.04,SEARCH_Y
9.7665,0.8021,0.0688,-0.4435,-0.00613,0.10728,-0.01394,0.00,-3.00,0.00,44.5,123.28,634.86,258.04,SEARCH_Y
9.7766,0.6921,0.2088,-0.1235,-0.00513,0.12528,-0.01994,0.00,-3.00,0.00,44.5,123.25,634.86,258.04,SEARCH_Y
9.7867,0.9521,0.3288,-0.2835,-0.00013,0.12028,-0.01494,0.00,-3.00,0.00,44.5,123.22,634.86,258.04,SEARCH_Y
9.7968,0.7921,0.3088,-0.2735,-0.00713,0.11528,-0.01694,0.00,-3.00,0.00,44.5,123.19,634.85,258.04,SEARCH_Y
9.8069,0.9221,0.2088,0.1064,-0.00913,0.11428,-0.01794,0.00,-3.00,0.00,44.5,123.16,634.85,258.04,SEARCH_Y
9.8170,0.7021,-0.1011,-0.1035,-0.01713,0.12528,-0.01894,0.00,-3.00,0.00,44.5,123.13,634.85,258.04,SEARCH_Y
9.8271,0.8321,0.0988,-0.0535,0.00086,0.12028,-0.02094,0.00,-3.00,0.00,44.5,123.10,634.85,258.04,SEARCH_Y
9.8372,0.9421,0.2088,-0.3635,0.00486,0.11928,-0.01894,0.00,-3.00,0.00,44.5,123.07,634.85,258.04,SEARCH_Y
9.8473,0.6721,0.1788,-0.1235,-0.00413,0.12428,-0.01494,0.00,-3.00,0.00,44.5,123.04,634.85,258.04,SEARCH_Y
9.8574,0.7221,0.1788,-0.0135,-0.01213,0.11928,-0.01494,0.00,-3.00,0.00,44.5,123.01,634.85,258.04,SEARCH_Y
9.8675,0.8021,0.1888,0.0964,-0.02313,0.11028,-0.01694,0.00,-3.00,0.00,44.5,122.97,634.85,258.04,SEARCH_Y
9.8776,0.9721,0.2788,-0.0835,0.02486,0.12328,-0.01494,0.00,-3.00,0.00,44.5,122.95,634.85,258.04,SEARCH_Y
9.8877,0.8321,0.5088,-0.2835,-0.02213,0.10528,-0.01094,0.00,-3.00,0.00,44.5,122.91,634.85,258.04,SEARCH_Y
9.8978,0.7121,0.3588,-0.2635,-0.01113,0.11828,-0.01594,0.00,-3.00,0.00,44.5,122.89,634.85,258.04,SEARCH_Y
9.9079,0.7421,-0.1411,0.1164,-0.02113,0.11828,-0.02194,0.00,-3.00,0.00,44.6,122.85,634.84,258.04,SEARCH_Y
9.9180,0.7821,0.1288,-0.0235,-0.01013,0.11828,-0.01694,0.00,-3.00,0.00,44.6,122.83,634.84,258.04,SEARCH_Y
9.9281,0.7721,0.3288,-0.1535,-0.02213,0.11728,-0.02094,0.00,-3.00,0.00,44.6,122.79,634.84,258.04,SEARCH_Y
9.9381,0.9921,0.0788,0.0464,-0.00713,0.12128,-0.02294,0.00,-3.00,0.00,44.6,122.77,634.84,258.04,SEARCH_Y
9.9482,0.7721,0.0188,-0.1235,-0.00513,0.11828,-0.01694,0.00,-3.00,0.00,44.6,122.73,634.84,258.04,SEARCH_Y
9.9583,0.8821,0.0888,0.3764,0.00886,0.13128,-0.01894,0.00,-3.00,0.00,44.6,122.71,634.84,258.04,SEARCH_Y
9.9684,0.7421,0.0088,-0.1935,0.00586,0.12828,-0.02094,0.00,-3.00,0.00,44.6,122.67,634.84,258.04,SEARCH_Y
9.9785,0.8321,0.1488,0.0964,0.01086,0.12928,-0.01494,0.00,-3.00,0.00,44.6,122.65,634.84,258.04,SEARCH_Y
9.9886,0.9921,-0.0411,0.0164,-0.00213,0.11728,-0.01694,0.00,-3.00,0.00,44.6,122.61,634.84,258.04,SEARCH_Y
9.9987,0.9121,-0.1011,0.1264,-0.02013,0.11228,-0.02394,0.00,-3.00,0.00,44.6,122.59,634.84,258.04,SEARCH_Y
10.0088,0.8521,0.0288,-0.3235,-0.02613,0.09628,-0.01994,0.00,-3.00,0.00,44.6,122.55,634.84,258.04,SEARCH_Y
10.0189,1.0221,0.0488,-0.1535,0.00386,0.11328,-0.01794,0.00,-3.00,0.00,44.6,122.53,634.84,258.04,SEARCH_Y
10.0290,0.8021,0.1988,-0.0635,-0.00613,0.11628,-0.01694,0.00,-3.00,0.00,44.6,122.49,634.83,258.04,SEARCH_Y
10.0391,0.8421,-0.2511,0.2064,0.00286,0.12128,-0.01694,0.00,-3.00,0.00,44.6,122.47,634.83,258.04,SEARCH_Y
10.0492,0.8921,0.0688,-0.0535,-0.01113,0.10228,-0.01694,0.00,-3.00,0.00,44.6,122.43,634.83,258.04,SEARCH_Y
10.0593,0.6721,-0.0111,-0.2435,-0.02113,0.11128,-0.01794,0.00,-3.00,0.00,44.6,122.40,634.83,258.04,SEARCH_Y
10.0694,0.9421,0.1888,-0.0535,-0.01613,0.10728,-0.01594,0.00,-3.00,0.00,44.6,122.37,634.83,258.04,SEARCH_Y
10.0795,0.7121,0.0388,-0.1535,-0.00213,0.11528,-0.02094,0.00,-3.00,0.00,44.6,122.34,634.83,258.04,SEARCH_Y
10.0896,0.8221,0.0488,0.0264,0.01486,0.12128,-0.01994,0.00,-3.00,0.00,44.6,122.31,634.83,258.04,SEARCH_Y
10.0997,0.7721,0.1888,-0.6035,0.01086,0.09928,-0.01794,0.00,-3.00,0.00,44.6,122.27,634.83,258.04,SEARCH_Y
10.1098,0.9421,0.2288,-0.4935,0.00386,0.10528,-0.01894,0.00,-3.00,0.00,44.6,122.25,634.83,258.04,SEARCH_Y
10.1199,0.7521,0.0388,-0.4135,0.01186,0.11428,-0.01694,0.00,-3.00,0.00,44.6,122.21,634.83,258.04,SEARCH_Y
10.1300,0.8621,0.0988,-0.0135,0.01086,0.11828,-0.01994,0.00,-3.00,0.00,44.6,122.19,634.83,258.04,SEARCH_Y
10.1401,0.9821,-0.1011,-0.1135,-0.01013,0.10828,-0.02094,0.00,-3.00,0.00,44.6,122.15,634.82,258.04,SEARCH_Y
10.1502,0.9321,-0.0811,0.2564,-0.01313,0.11128,-0.01794,0.00,-3.00,0.00,44.6,122.13,634.82,258.04,SEARCH_Y
10.1603,0.9021,-0.0711,0.3064,0.01386,0.12028,-0.01994,0.00,-3.00,0.00,44.6,122.09,634.82,258.04,SEARCH_Y
10.1704,0.8721,0.2188,-0.3535,0.00886,0.11428,-0.01594,0.00,-3.00,0.00,44.6,122.07,634.82,258.04,SEARCH_Y
10.1805,0.8121,0.1488,0.0064,-0.00013,0.11228,-0.01394,0.00,-3.00,0.00,44.6,122.03,634.82,258.04,SEARCH_Y
10.1906,0.7421,0.1988,-0.1135,-0.01013,0.11528,-0.01294,0.00,-3.00,0.00,44.6,122.01,634.82,258.04,SEARCH_Y
10.2007,0.7821,0.1788,-0.0735,0.00386,0.11428,-0.01594,0.00,-3.00,0.00,44.6,121.97,634.82,258.04,SEARCH_Y
10.2108,0.8821,0.0688,-0.2735,-0.01413,0.10628,-0.01994,0.00,-3.00,0.00,44.6,121.95,634.82,258.04,SEARCH_Y
10.2209,0.8621,-0.1611,0.2664,-0.01713,0.11228,-0.01994,0.00,-3.00,0.00,44.6,121.91,634.82,258.04,SEARCH_Y
10.2310,0.6921,-0.2211,0.3764,-0.00213,0.12428,-0.02594,0.00,-3.00,0.00,44.6,121.89,634.82,258.04,SEARCH_Y
10.2411,0.7521,0.6488,-0.5235,0.00486,0.11228,-0.01394,0.00,-3.00,0.00,44.6,121.85,634.82,258.04,SEARCH_Y
10.2512,0.8021,0.2588,-0.3035,-0.01013,0.10928,-0.01294,0.00,-3.00,0.00,44.6,121.83,634.82,258.04,SEARCH_Y
10.2613,0.7121,0.1488,-0.1635,-0.02313,0.10728,-0.01894,0.00,-3.00,0.00,44.6,121.79,634.81,258.04,SEARCH_Y
10.2714,0.8221,0.1388,-0.2235,0.00186,0.11528,-0.01794,0.00,-3.00,0.00,44.6,121.77,634.81,258.04,SEARCH_Y
10.2815,0.7521,-0.0211,-0.2635,-0.01013,0.10328,-0.01494,0.00,-3.00,0.00,44.6,121.73,634.81,258.04,SEARCH_Y
10.2916,0.8321,0.1988,-0.1535,-0.00613,0.10228,-0.01494,0.00,-3.00,0.00,44.6,121.71,634.81,258.04,SEARCH_Y
10.3017,0.6621,0.4188,-0.1635,-0.02413,0.10228,-0.01394,0.00,-3.00,0.00,44.6,121.67,634.81,258.04,SEARCH_Y
10.3118,0.7221,0.2088,-0.1835,-0.00113,0.10528,-0.01494,0.00,-3.00,0.00,44.6,121.63,634.81,258.04,SEARCH_Y
10.3219,0.6221,0.2788,-0.3435,-0.01213,0.10828,-0.01594,0.00,-3.00,0.00,44.6,121.61,634.81,258.04,SEARCH_Y
10.3320,0.6621,0.1788,-0.0635,0.00186,0.11428,-0.01294,0.00,-3.00,0.00,44.7,121.57,634.81,258.04,SEARCH_Y
10.3421,0.8921,-0.1511,-0.4135,0.00086,0.10428,-0.01994,0.00,-3.00,0.00,44.7,121.55,634.81,258.04,SEARCH_Y
10.3522,0.7921,0.0288,0.0564,0.00186,0.10728,-0.01594,0.00,-3.00,0.00,44.7,121.51,634.81,258.04,SEARCH_Y
10.3623,0.8521,0.2588,-0.2535,-0.00113,0.10428,-0.01394,0.00,-3.00,0.00,44.7,121.49,634.81,258.04,SEARCH_Y
10.3724,0.7321,0.0488,0.0164,0.00686,0.11928,-0.01694,0.00,-3.00,0.00,44.7,121.45,634.80,258.04,SEARCH_Y
10.3825,0.9221,0.0188,-0.2435,0.01086,0.10428,-0.01494,0.00,-3.00,0.00,44.7,121.43,634.80,258.04,SEARCH_Y
10.3926,0.7521,0.1488,-0.0635,-0.02013,0.10328,-0.01594,0.00,-3.00,0.00,44.7,121.39,634.80,258.04,SEARCH_Y
10.4027,0.8521,0.3288,-0.3435,-0.01913,0.09328,-0.01694,0.00,-3.00,0.00,44.7,121.37,634.80,258.04,SEARCH_Y
10.4128,0.9721,0.0288,-0.1735,0.00686,0.10028,-0.01694,0.00,-3.00,0.00,44.7,121.33,634.80,258.03,SEARCH_Y
10.4229,0.7521,0.2188,-0.4335,-0.02613,0.08128,-0.01194,0.00,-3.00,0.00,44.7,121.31,634.80,258.03,SEARCH_Y
10.4330,0.7621,0.4288,-0.7635,-0.01513,0.08828,-0.01394,0.00,-3.00,0.00,44.7,121.27,634.80,258.03,SEARCH_Y
10.4431,0.8421,0.1288,-0.0935,0.00286,0.11328,-0.01494,0.00,-3.00,0.00,44.7,121.25,634.80,258.03,SEARCH_Y
10.4533,0.8221,-0.0811,0.0364,0.00186,0.11228,-0.01894,0.00,-3.00,0.00,44.7,121.21,634.80,258.03,SEARCH_Y
10.4633,0.6021,0.5388,-0.1835,-0.01413,0.10728,-0.01194,0.00,-3.00,0.00,44.7,121.19,634.80,258.03,SEARCH_Y
10.4734,0.7321,-0.1011,0.0264,-0.01013,0.11128,-0.01894,0.00,-3.00,0.00,44.7,121.15,634.80,258.03,SEARCH_Y
10.4835,0.9621,-0.2011,0.2264,0.02086,0.11928,-0.01594,0.00,-3.00,0.00,44.7,121.12,634.79,258.03,SEARCH_Y
10.4936,0.8821,0.2288,-0.4135,-0.01013,0.08428,-0.01194,0.00,-3.00,0.00,44.7,121.09,634.79,258.03,SEARCH_Y
10.5037,0.8021,0.2188,-0.1435,0.00386,0.10428,-0.01394,0.00,-3.00,0.00,44.7,121.06,634.79,258.03,SEARCH_Y
10.5138,0.6821,0.0288,-0.0035,-0.01313,0.11028,-0.01794,0.00,-3.00,0.00,44.7,121.03,634.79,258.03,SEARCH_Y
10.5239,0.7021,0.3588,-0.1935,-0.01113,0.10528,-0.00994,0.00,-3.00,0.00,44.7,121.00,634.79,258.03,SEARCH_Y
10.5340,0.8221,0.0588,-0.0335,-0.00713,0.10228,-0.01794,0.00,-3.00,0.00,44.7,120.97,634.79,258.03,SEARCH_Y
10.5441,0.7821,0.2988,-0.1335,-0.00113,0.10828,-0.01194,0.00,-3.00,0.00,44.7,120.94,634.79,258.03,SEARCH_Y
10.5542,0.7221,0.0488,-0.0435,0.00086,0.11328,-0.01794,0.00,-3.00,0.00,44.7,120.91,634.79,258.03,SEARCH_Y
10.5643,1.0321,0.2588,-0.0535,0.01986,0.11328,-0.01294,0.00,-3.00,0.00,44.7,120.88,634.79,258.03,SEARCH_Y
10.5744,0.8921,-0.0611,0.0764,0.01586,0.11228,-0.01394,0.00,-3.00,0.00,44.7,120.85,634.79,258.03,SEARCH_Y
10.5845,0.7621,0.4288,-0.4135,-0.00413,0.09928,-0.01094,0.00,-3.00,0.00,44.7,120.82,634.79,258.03,SEARCH_Y
10.5946,0.8721,-0.3711,0.1464,-0.00913,0.10028,-0.01794,0.00,-3.00,0.00,44.7,120.79,634.79,258.03,SEARCH_Y
10.6047,0.7021,-0.3211,0.2064,0.01786,0.12228,-0.01694,0.00,-3.00,0.00,44.7,120.76,634.78,258.03,SEARCH_Y
10.6148,0.9321,-0.3711,0.0364,0.00386,0.10428,-0.01994,0.00,-3.00,0.00,44.7,120.73,634.78,258.03,SEARCH_Y
10.6249,0.7421,-0.0511,0.0664,0.00086,0.11128,-0.01794,0.00,-3.00,0.00,44.7,120.70,634.78,258.03,SEARCH_Y
10.6350,0.8421,-0.2411,0.1264,-0.01013,0.09928,-0.01994,0.00,-3.00,0.00,44.7,120.67,634.78,258.03,SEARCH_Y
10.6451,0.8121,0.1488,-0.0435,-0.00013,0.10428,-0.01494,0.00,-3.00,0.00,44.8,120.63,634.78,258.03,SEARCH_Y
10.6552,0.7321,0.1288,-0.0335,-0.01213,0.10728,-0.01694,0.00,-3.00,0.00,44.8,120.61,634.78,258.03,SEARCH_Y
10.6653,0.9121,0.2388,-0.0735,0.01286,0.11728,-0.01594,0.00,-3.00,0.00,44.8,120.57,634.78,258.03,SEARCH_Y
10.6754,1.0621,0.2588,-0.0935,0.00786,0.09728,-0.01294,0.00,-3.00,0.00,44.8,120.55,634.78,258.03,SEARCH_Y
10.6855,0.7421,0.1888,-0.4335,-0.01213,0.09828,-0.01694,0.00,-3.00,0.00,44.8,120.51,634.78,258.03,SEARCH_Y
10.6956,0.5521,0.4088,-0.3035,-0.01913,0.09828,-0.01494,0.00,-3.00,0.00,44.8,120.48,634.78,258.03,SEARCH_Y
10.7057,0.6921,0.2288,-0.5335,0.00286,0.10228,-0.01694,0.00,-3.00,0.00,44.8,120.45,634.78,258.03,SEARCH_Y
10.7158,0.9721,0.1188,-0.2435,0.00986,0.10428,-0.01694,0.00,-3.00,0.00,44.8,120.42,634.77,258.03,SEARCH_Y
10.7259,0.5721,0.1988,-0.3335,-0.00213,0.10628,-0.01194,0.00,-3.00,0.00,44.8,120.39,634.77,258.03,SEARCH_Y
10.7360,0.7921,-0.0211,-0.2135,-0.02013,0.08628,-0.01394,0.00,-3.00,0.00,44.8,120.36,634.77,258.03,SEARCH_Y
10.7460,0.5921,0.1188,-0.0435,-0.01513,0.10828,-0.01794,0.00,-3.00,0.00,44.8,120.33,634.77,258.03,SEARCH_Y
10.7561,0.5321,0.3188,0.0264,-0.01113,0.10628,-0.01294,0.00,-3.00,0.00,44.8,120.30,634.77,258.03,SEARCH_Y
10.7662,0.9621,0.0388,-0.0335,0.00686,0.11028,-0.01894,0.00,-3.00,0.00,44.8,120.27,634.77,258.03,SEARCH_Y
10.7763,0.9221,0.2888,-0.0835,0.00186,0.11028,-0.01494,0.00,-3.00,0.00,44.8,120.24,634.77,258.03,SEARCH_Y
10.7864,0.8021,0.0288,0.0564,-0.00413,0.10828,-0.01494,0.00,-3.00,0.00,44.8,120.21,634.77,258.03,SEARCH_Y
10.7965,0.5221,0.2488,-0.2435,-0.03013,0.09328,-0.01294,0.00,-3.00,0.00,44.8,120.18,634.77,258.03,SEARCH_Y
10.8066,0.8021,0.2088,-0.0335,-0.00413,0.09928,-0.01594,0.00,-3.00,0.00,44.8,120.15,634.77,258.03,SEARCH_Y
10.8167,0.8321,0.1888,-0.1435,0.00086,0.09828,-0.01394,0.00,-3.00,0.00,44.8,120.12,634.77,258.03,SEARCH_Y
10.8268,0.7121,0.4388,-0.5335,0.01186,0.10828,-0.01194,0.00,-3.00,0.00,44.8,120.09,634.77,258.03,SEARCH_Y
10.8369,0.8021,0.3088,-0.3835,-0.00713,0.09128,-0.01494,0.00,-3.00,0.00,44.8,120.06,634.76,258.03,SEARCH_Y
10.8470,0.6821,0.0288,-0.1135,-0.02213,0.09528,-0.01494,0.00,-3.00,0.00,44.8,120.03,634.76,258.03,SEARCH_Y
10.8571,0.6921,0.3188,-0.2335,-0.01713,0.09528,-0.00994,0.00,-3.00,0.00,44.8,120.00,634.76,258.03,SEARCH_Y
10.8672,0.8821,-0.1011,0.0964,-0.00113,0.09828,-0.01694,0.00,-3.00,0.00,44.8,119.97,634.76,258.03,SEARCH_Y
10.8773,0.8521,-0.0611,0.0664,0.01186,0.10628,-0.01194,0.00,-3.00,0.00,44.8,119.94,634.76,258.03,SEARCH_Y
10.8875,1.0021,0.0088,0.0264,0.02086,0.11828,-0.01894,0.00,-3.00,0.00,44.8,119.90,634.76,258.03,SEARCH_Y
10.8976,0.7821,0.0888,-0.0835,-0.00513,0.09928,-0.01594,0.00,-3.00,0.00,44.8,119.88,634.76,258.03,SEARCH_Y
10.9077,0.7021,0.0588,-0.0435,-0.01113,0.10428,-0.01794,0.00,-3.00,0.00,44.8,119.84,634.76,258.03,SEARCH_Y
10.9177,0.9521,0.1188,-0.2535,0.00786,0.09828,-0.01494,0.00,-3.00,0.00,44.9,119.82,634.76,258.03,SEARCH_Y
10.9278,0.7221,0.3588,-0.3735,-0.00913,0.09828,-0.01194,0.00,-3.00,0.00,44.9,119.78,634.76,258.03,SEARCH_Y
10.9379,0.6521,0.2188,-0.3135,-0.00713,0.09728,-0.01194,0.00,-3.00,0.00,44.9,119.76,634.76,258.03,SEARCH_Y
10.9480,0.7121,-0.0811,-0.0435,0.00686,0.10528,-0.01594,0.00,-3.00,0.00,44.9,119.72,634.75,258.03,SEARCH_Y
10.9581,0.8521,0.1188,-0.3035,0.01486,0.10128,-0.01394,0.00,-3.00,0.00,44.9,119.70,634.75,258.03,SEARCH_Y
10.9683,0.8321,0.1588,-0.0835,0.00286,0.09928,-0.01594,0.00,-3.00,0.00,44.9,119.66,634.75,258.03,SEARCH_Y
10.9784,0.7221,0.5988,-0.5635,0.00686,0.10328,-0.00694,0.00,-3.00,0.00,44.9,119.64,634.75,258.03,SEARCH_Y
10.9885,0.6421,0.1288,-0.1635,-0.00913,0.10628,-0.01294,0.00,-3.00,0.00,44.9,119.60,634.75,258.03,SEARCH_Y
10.9986,0.7321,0.0588,-0.1735,-0.01013,0.09728,-0.01394,0.00,-3.00,0.00,44.9,119.58,634.75,258.03,SEARCH_Y
11.0087,0.7721,-0.1311,-0.1235,-0.00013,0.09828,-0.01594,0.00,-3.00,0.00,44.9,119.54,634.75,258.03,SEARCH_Y
11.0188,0.8121,-0.0011,-0.0535,0.00186,0.10228,-0.00894,0.00,-3.00,0.00,44.9,119.52,634.75,258.03,SEARCH_Y
11.0289,0.7921,-0.0611,-0.2435,-0.00413,0.09728,-0.01594,0.00,-3.00,0.00,44.9,119.48,634.75,258.03,SEARCH_Y
11.0390,0.7721,0.0988,-0.2335,0.00086,0.10028,-0.01294,0.00,-3.00,0.00,44.9,119.45,634.75,258.03,SEARCH_Y
11.0491,0.7021,0.1588,-0.0735,0.00086,0.10228,-0.01194,0.00,-3.00,0.00,44.9,119.42,634.75,258.03,SEARCH_Y
11.0592,0.6521,0.1588,-0.2435,-0.00913,0.09828,-0.01094,0.00,-3.00,0.00,44.9,119.39,634.75,258.03,SEARCH_Y
11.0693,0.7021,0.2688,-0.1835,-0.00613,0.09528,-0.00894,0.00,-3.00,0.00,44.9,119.36,634.74,258.03,SEARCH_Y
11.0794,0.8121,0.1688,-0.1435,-0.00713,0.09528,-0.01394,0.00,-3.00,0.00,44.9,119.33,634.74,258.02,SEARCH_Y
11.0895,0.6221,0.3988,-0.3335,0.00286,0.10228,-0.00894,0.00,-3.00,0.00,44.9,119.30,634.74,258.02,SEARCH_Y
11.0996,0.6621,0.1588,-0.0435,-0.00313,0.10028,-0.01394,0.00,-3.00,0.00,44.9,119.26,634.74,258.02,SEARCH_Y
11.1097,0.8021,-0.2511,0.2464,-0.01313,0.09828,-0.01894,0.00,-3.00,0.00,44.9,119.24,634.74,258.02,SEARCH_Y
11.1198,0.5421,0.1888,-0.0335,-0.01213,0.10528,-0.01294,0.00,-3.00,0.00,44.9,119.20,634.74,258.02,SEARCH_Y
11.1299,0.9121,0.4488,-0.4335,-0.01713,0.07728,-0.01194,0.00,-3.00,0.00,44.9,119.18,634.74,258.02,SEARCH_Y
11.1400,0.6121,0.0488,0.0264,0.00086,0.09828,-0.01394,0.00,-3.00,0.00,44.9,119.14,634.74,258.02,SEARCH_Y
11.1501,0.7021,-0.0611,0.0264,-0.00513,0.10428,-0.01794,0.00,-3.00,0.00,44.9,119.12,634.74,258.02,SEARCH_Y
11.1602,0.7821,-0.1711,0.0164,0.01186,0.10628,-0.01294,0.00,-3.00,0.00,45.0,119.08,634.74,258.02,SEARCH_Y
11.1703,0.9721,0.4288,-0.2435,0.00386,0.09428,-0.01194,0.00,-3.00,0.00,45.0,119.06,634.74,258.02,SEARCH_Y
11.1804,0.9121,0.1488,-0.0635,-0.00113,0.09028,-0.01194,0.00,-3.00,0.00,45.0,119.02,634.73,258.02,SEARCH_Y
11.1905,0.8421,0.1988,-0.3435,0.01486,0.10328,-0.01494,0.00,-3.00,0.00,45.0,119.00,634.73,258.02,SEARCH_Y
11.2006,0.6421,0.2788,-0.2735,-0.01313,0.09728,-0.01494,0.00,-3.00,0.00,45.0,118.96,634.73,258.02,SEARCH_Y
11.2107,0.7121,0.2288,-0.2435,-0.01213,0.10528,-0.01794,0.00,-3.00,0.00,45.0,118.94,634.73,258.02,SEARCH_Y
11.2208,0.9821,0.2888,0.0664,-0.00713,0.09728,-0.01594,0.00,-3.00,0.00,45.0,118.90,634.73,258.02,SEARCH_Y
11.2309,0.5121,0.2088,-0.0035,-0.02013,0.10728,-0.01594,0.00,-3.00,0.00,45.0,118.88,634.73,258.02,SEARCH_Y
11.2411,0.7221,0.3988,-0.0635,-0.01513,0.10128,-0.01294,0.00,-3.00,0.00,45.0,118.84,634.73,258.02,SEARCH_Y
11.2512,0.6321,0.4188,0.1464,-0.04513,0.10128,-0.01494,0.00,-3.00,0.00,45.0,118.82,634.73,258.02,SEARCH_Y
11.2613,0.9121,0.6488,-0.2435,-0.02813,0.09128,-0.01394,0.00,-3.00,0.00,45.0,118.78,634.73,258.02,SEARCH_Y
11.2714,0.6421,0.7988,-0.5035,-0.05013,0.08728,-0.01594,0.00,-3.00,0.00,45.0,118.76,634.73,258.02,SEARCH_Y
11.2815,0.7321,-0.1411,0.3964,-0.03913,0.10628,-0.02194,0.00,-3.00,0.00,45.0,118.72,634.73,258.02,SEARCH_Y
11.2916,0.5021,0.9088,-0.4235,-0.06513,0.09928,-0.01494,0.00,-3.00,0.00,45.0,118.68,634.72,258.02,SEARCH_Y
11.3017,0.9421,0.5588,-0.1635,-0.06413,0.09028,-0.02394,0.00,-3.00,0.00,45.0,118.66,634.72,258.02,SEARCH_Y
11.3118,0.6021,0.8888,-0.2635,-0.07313,0.09828,-0.02494,0.00,-3.00,0.00,45.0,118.62,634.72,258.02,SEARCH_Y
11.3219,0.8321,0.3588,-0.0835,-0.08113,0.09528,-0.03094,0.00,-3.00,0.00,45.0,118.60,634.72,258.02,SEARCH_Y
11.3320,0.7221,0.8188,-0.1635,-0.09413,0.09928,-0.02494,0.00,-3.00,0.00,45.0,118.56,634.72,258.02,SEARCH_Y
11.3421,0.8621,0.5788,-0.2135,-0.06313,0.10528,-0.02694,0.00,-3.00,0.00,45.0,118.54,634.72,258.02,SEARCH_Y
11.3522,0.8321,0.7788,-0.3135,-0.06513,0.10828,-0.02494,0.00,-3.00,0.00,45.0,118.50,634.72,258.02,SEARCH_Y
11.3623,0.9921,0.7788,-0.3035,-0.08813,0.08728,-0.02494,0.00,-3.00,0.00,45.0,118.48,634.72,258.02,SEARCH_Y
11.3724,0.9721,0.5788,-0.3035,-0.06013,0.11028,-0.02294,0.00,-3.00,0.00,45.1,118.44,634.72,258.02,SEARCH_Y
11.3825,0.9521,0.5488,-0.0735,-0.05513,0.11328,-0.03194,0.00,-3.00,0.00,45.1,118.42,634.72,258.02,SEARCH_Y
11.3926,0.8821,0.2088,0.3464,-0.04013,0.12628,-0.03394,0.00,-3.00,0.00,45.1,118.38,634.72,258.02,SEARCH_Y
11.4027,0.9221,0.2388,0.0064,-0.05613,0.12128,-0.02994,0.00,-3.00,0.00,45.1,118.36,634.72,258.02,SEARCH_Y
11.4128,0.7621,0.9588,-0.5435,-0.05413,0.11828,-0.02694,0.00,-3.00,0.00,45.1,118.32,634.71,258.02,SEARCH_Y
11.4230,0.9621,0.2088,-0.1535,-0.02013,0.11828,-0.02694,0.00,-3.00,0.00,45.1,118.30,634.71,258.02,SEARCH_Y
11.4331,1.1921,0.0788,-0.0935,-0.01513,0.11628,-0.03194,0.00,-3.00,0.00,45.1,118.26,634.71,258.02,SEARCH_Y
11.4432,1.0321,0.4788,-0.5735,-0.02113,0.10928,-0.02494,0.00,-3.00,0.00,45.1,118.24,634.71,258.02,SEARCH_Y
11.4533,0.7521,0.3488,-0.3335,-0.02213,0.12328,-0.02194,0.00,-3.00,0.00,45.1,118.20,634.71,258.02,SEARCH_Y
11.4634,1.0121,0.0188,-0.3435,-0.00813,0.11528,-0.03094,0.00,-3.00,0.00,45.1,118.17,634.71,258.02,SEARCH_Y
11.4735,1.0621,0.1388,0.0064,-0.00613,0.12628,-0.02394,0.00,-3.00,0.00,45.1,118.14,634.71,258.02,SEARCH_Y
11.4836,0.9221,-0.0111,0.2764,-0.00113,0.14128,-0.02694,0.00,-3.00,0.00,45.1,118.11,634.71,258.02,SEARCH_Y
11.4937,0.8221,-0.1511,0.0564,-0.01313,0.13028,-0.02594,0.00,-3.00,0.00,45.1,118.08,634.71,258.02,SEARCH_Y
11.5038,0.6321,0.2088,-0.0635,-0.01913,0.12428,-0.02394,0.00,-3.00,0.00,45.1,118.05,634.71,258.02,SEARCH_Y
11.5139,0.7621,0.0288,0.2764,0.00086,0.14828,-0.02494,0.00,-3.00,0.00,45.1,118.02,634.71,258.02,SEARCH_Y
11.5240,0.9521,0.0788,0.0164,0.00686,0.12328,-0.02494,0.00,-3.00,0.00,45.1,117.99,634.70,258.02,SEARCH_Y
11.5341,0.9821,0.1088,-0.0935,0.00286,0.12528,-0.02394,0.00,-3.00,0.00,45.1,117.96,634.70,258.02,SEARCH_Y
11.5442,1.0721,0.0488,-0.2435,0.01286,0.11828,-0.02394,0.00,-3.00,0.00,45.1,117.93,634.70,258.02,SEARCH_Y
11.5543,0.8721,0.1488,-0.0835,-0.01613,0.11628,-0.02894,0.00,-3.00,0.00,45.1,117.90,634.70,258.02,SEARCH_Y
11.5644,0.7721,0.1388,-0.0435,-0.01213,0.11928,-0.02294,0.00,-3.00,0.00,45.2,117.87,634.70,258.02,SEARCH_Y
11.5745,0.7321,0.1888,0.1064,-0.00513,0.12428,-0.01894,0.00,-3.00,0.00,45.2,117.84,634.70,258.02,SEARCH_Y
11.5846,0.8221,0.1788,0.0564,0.01086,0.12928,-0.02394,0.00,-3.00,0.00,45.2,117.81,634.70,258.02,SEARCH_Y
11.5947,0.7421,0.2488,-0.0235,-0.01113,0.12128,-0.02094,0.00,-3.00,0.00,45.2,117.78,634.70,258.02,SEARCH_Y
11.6048,0.7621,-0.0311,0.0564,-0.01113,0.12528,-0.02294,0.00,-3.00,0.00,45.2,117.75,634.70,258.02,SEARCH_Y
11.6149,0.8121,0.2588,-0.2335,-0.00913,0.11528,-0.02594,0.00,-3.00,0.00,45.2,117.72,634.70,258.02,SEARCH_Y
11.6250,0.8621,0.2788,-0.2135,-0.00813,0.11328,-0.01594,0.00,-3.00,0.00,45.2,117.69,634.70,258.02,SEARCH_Y
11.6351,0.8121,0.0688,-0.0135,-0.01813,0.12028,-0.02194,0.00,-3.00,0.00,45.2,117.66,634.70,258.02,SEARCH_Y
11.6452,0.9221,0.1788,-0.1835,-0.00013,0.11328,-0.02194,0.00,-3.00,0.00,45.2,117.62,634.69,258.02,SEARCH_Y
11.6553,1.0021,0.2088,-0.3835,-0.00113,0.11228,-0.02194,0.00,-3.00,0.00,45.2,117.60,634.69,258.02,SEARCH_Y
11.6654,0.7421,0.1988,0.0564,-0.03213,0.11428,-0.02194,0.00,-3.00,0.00,45.2,117.56,634.69,258.02,SEARCH_Y
11.6755,0.8821,0.0888,-0.0635,0.00986,0.12728,-0.02294,0.00,-3.00,0.00,45.2,117.53,634.69,258.02,SEARCH_Y
11.6855,0.7021,-0.0611,-0.0335,-0.00313,0.12428,-0.02494,0.00,-3.00,0.00,45.2,117.50,634.69,258.02,SEARCH_Y
11.6956,0.9321,0.0888,-0.1435,0.00286,0.11428,-0.02594,0.00,-3.00,0.00,45.2,117.47,634.69,258.02,SEARCH_Y
11.7057,1.0121,0.0588,-0.1135,0.02386,0.11528,-0.02294,0.00,-3.00,0.00,45.2,117.44,634.69,258.02,SEARCH_Y
11.7158,0.6621,0.2488,-0.2635,-0.00913,0.11428,-0.02094,0.00,-3.00,0.00,45.2,117.41,634.69,258.02,SEARCH_Y
11.7259,0.8221,0.3888,-0.1935,0.01286,0.11428,-0.01894,0.00,-3.00,0.00,45.2,117.38,634.69,258.02,SEARCH_Y
11.7360,0.8121,0.1388,0.0664,-0.00013,0.12128,-0.02294,0.00,-3.00,0.00,45.2,117.35,634.69,258.02,SEARCH_Y
11.7461,0.8421,0.3688,-0.4235,-0.00013,0.11528,-0.01994,0.00,-3.00,0.00,45.2,117.32,634.69,258.01,SEARCH_Y
11.7562,0.8721,0.1788,-0.1235,0.01386,0.11928,-0.01894,0.00,-3.00,0.00,45.3,117.29,634.68,258.01,SEARCH_Y
11.7663,1.0021,0.1588,-0.2535,0.01786,0.11828,-0.01994,0.00,-3.00,0.00,45.3,117.26,634.68,258.01,SEARCH_Y
11.7764,0.8921,0.1288,-0.1535,0.01386,0.11828,-0.01994,0.00,-3.00,0.00,45.3,117.23,634.68,258.01,SEARCH_Y
11.7865,0.9721,-0.0211,-0.2435,0.00886,0.11428,-0.01794,0.00,-3.00,0.00,45.3,117.20,634.68,258.01,SEARCH_Y
11.7966,0.7421,0.1688,-0.0735,-0.01013,0.11428,-0.01994,0.00,-3.00,0.00,45.3,117.17,634.68,258.01,SEARCH_Y
11.8067,0.9821,0.1588,-0.3735,0.00686,0.10728,-0.01994,0.00,-3.00,0.00,45.3,117.14,634.68,258.01,SEARCH_Y
11.8168,0.9921,0.3088,-0.5535,-0.01813,0.10128,-0.02394,0.00,-3.00,0.00,45.3,117.11,634.68,258.01,SEARCH_Y
11.8269,1.0021,0.1888,-0.2935,0.00486,0.11428,-0.01794,0.00,-3.00,0.00,45.3,117.08,634.68,258.01,SEARCH_Y
11.8370,0.9321,-0.0211,0.0464,0.01386,0.11528,-0.02194,0.00,-3.00,0.00,45.3,117.05,634.68,258.01,SEARCH_Y
11.8471,0.8021,0.1888,-0.5335,-0.00313,0.10528,-0.02194,0.00,-3.00,0.00,45.3,117.02,634.68,258.01,SEARCH_Y
11.8572,1.0621,0.3088,-0.0035,0.02186,0.11128,-0.02294,0.00,-3.00,0.00,45.3,116.99,634.68,258.01,SEARCH_Y
11.8673,0.5421,0.0088,0.0964,-0.02913,0.10728,-0.01894,0.00,-3.00,0.00,45.3,116.96,634.68,258.01,SEARCH_Y
11.8774,0.6321,0.0288,-0.0635,0.00086,0.11928,-0.02094,0.00,-3.00,0.00,45.3,116.93,634.67,258.01,SEARCH_Y
11.8875,0.9321,-0.1411,0.0364,0.00586,0.10828,-0.02694,0.00,-3.00,0.00,45.3,116.90,634.67,258.01,SEARCH_Y
11.8976,1.0521,0.1288,0.0264,0.00986,0.11928,-0.02394,0.00,-3.00,0.00,45.3,116.87,634.67,258.01,SEARCH_Y
11.9077,0.6321,-0.1711,0.2264,0.00386,0.13128,-0.01994,0.00,-3.00,0.00,45.3,116.83,634.67,258.01,SEARCH_Y
11.9178,0.9121,0.1988,-0.3835,0.00486,0.10828,-0.01894,0.00,-3.00,0.00,45.3,116.81,634.67,258.01,SEARCH_Y
11.9279,0.6321,0.6788,-0.6135,0.00286,0.10528,-0.01894,0.00,-3.00,0.00,45.4,116.77,634.67,258.01,SEARCH_Y
11.9380,0.8721,0.0088,-0.1535,0.00786,0.11428,-0.02194,0.00,-3.00,0.00,45.4,116.75,634.67,258.01,SEARCH_Y
11.9481,0.7621,0.4988,-0.4835,-0.00413,0.10728,-0.02094,0.00,-3.00,0.00,45.4,116.71,634.67,258.01,SEARCH_Y
11.9582,0.8321,0.1088,0.0564,0.00386,0.11728,-0.02194,0.00,-3.00,0.00,45.4,116.69,634.67,258.01,SEARCH_Y
11.9683,0.8921,0.1588,-0.4535,0.00686,0.11428,-0.02094,0.00,-3.00,0.00,45.4,116.65,634.67,258.01,SEARCH_Y
11.9784,0.7921,-0.0111,-0.0935,-0.01013,0.11728,-0.02094,0.00,-3.00,0.00,45.4,116.63,634.67,258.01,SEARCH_Y
11.9885,0.6721,-0.1011,0.0664,-0.01213,0.11428,-0.02094,0.00,-3.00,0.00,45.4,116.59,634.66,258.01,SEARCH_Y
11.9986,0.6921,0.0488,-0.1635,-0.00213,0.12128,-0.01794,0.00,-3.00,0.00,45.4,116.57,634.66,258.01,SEARCH_Y
12.0087,0.6621,0.4688,-0.5235,-0.01713,0.10128,-0.01794,0.00,-3.00,0.00,45.4,116.53,634.66,258.01,SEARCH_Y
12.0188,0.7421,0.2088,-0.1235,-0.00313,0.10928,-0.01694,0.00,-3.00,0.00,45.4,116.51,634.66,258.01,SEARCH_Y
12.0290,0.9321,0.4788,-0.6535,-0.01913,0.09728,-0.01694,0.00,-3.00,0.00,45.4,116.47,634.66,258.01,SEARCH_Y
12.0391,0.7821,-0.0411,0.1064,0.02186,0.12328,-0.02394,0.00,-3.00,0.00,45.4,116.43,634.66,258.01,SEARCH_Y
12.0492,0.8521,-0.0211,-0.0135,0.00486,0.11128,-0.02194,0.00,-3.00,0.00,45.4,116.41,634.66,258.01,SEARCH_Y
12.0593,0.9721,0.0188,-0.3035,0.00686,0.10328,-0.01994,0.00,-3.00,0.00,45.4,116.38,634.66,258.01,SEARCH_Y
12.0694,0.8121,0.0288,-0.1635,0.00086,0.11728,-0.02094,0.00,-3.00,0.00,45.4,116.35,634.66,258.01,SEARCH_Y
12.0796,0.7121,0.2188,-0.0935,0.01286,0.12728,-0.02094,0.00,-3.00,0.00,45.4,116.31,634.66,258.01,SEARCH_Y
12.0897,0.8021,0.1888,0.0164,0.00286,0.11728,-0.02194,0.00,-3.00,0.00,45.5,116.29,634.66,258.01,SEARCH_Y
12.0998,0.7921,0.0988,-0.2035,-0.00913,0.10528,-0.01794,0.00,-3.00,0.00,45.5,116.25,634.66,258.01,SEARCH_Y
12.1098,0.9321,0.1288,-0.1135,0.00086,0.11528,-0.02394,0.00,-3.00,0.00,45.5,116.23,634.65,258.01,SEARCH_Y
12.1199,0.7221,0.2888,-0.1335,-0.01913,0.11028,-0.02194,0.00,-3.00,0.00,45.5,116.19,634.65,258.01,SEARCH_Y
12.1300,0.9021,0.0288,-0.1135,0.01186,0.11328,-0.01794,0.00,-3.00,0.00,45.5,116.17,634.65,258.01,SEARCH_Y
12.1401,0.8521,0.1688,-0.1435,-0.00713,0.09828,-0.01894,0.00,-3.00,0.00,45.5,116.13,634.65,258.01,SEARCH_Y
12.1502,0.9421,0.0288,-0.1635,0.01286,0.11228,-0.01794,0.00,-3.00,0.00,45.5,116.11,634.65,258.01,SEARCH_Y
12.1603,0.7321,-0.0111,-0.0935,-0.00913,0.10928,-0.02094,0.00,-3.00,0.00,45.5,116.07,634.65,258.01,SEARCH_Y
12.1704,0.8021,0.2088,-0.1835,0.00486,0.11528,-0.01894,0.00,-3.00,0.00,45.5,116.05,634.65,258.01,SEARCH_Y
12.1805,0.6121,0.4988,-0.2435,-0.01613,0.11828,-0.02094,0.00,-3.00,0.00,45.5,116.01,634.65,258.01,SEARCH_Y
12.1906,0.9321,-0.1211,-0.0935,0.01486,0.11828,-0.02494,0.00,-3.00,0.00,45.5,115.99,634.65,258.01,SEARCH_Y
12.2007,0.8321,0.1788,-0.1135,-0.00113,0.10628,-0.01794,0.00,-3.00,0.00,45.5,115.95,634.65,258.01,SEARCH_Y
12.2108,0.7021,0.5088,-0.3735,-0.01013,0.10428,-0.01794,0.00,-3.00,0.00,45.5,115.93,634.65,258.01,SEARCH_Y
12.2209,0.8221,0.2388,0.0564,0.00386,0.11628,-0.02194,0.00,-3.00,0.00,45.5,115.89,634.64,258.01,SEARCH_Y
12.2310,0.7021,0.4788,-0.4635,-0.01713,0.10428,-0.01994,0.00,-3.00,0.00,45.5,115.87,634.64,258.01,SEARCH_Y
12.2411,0.9621,0.0188,-0.0335,-0.00013,0.10628,-0.02294,0.00,-3.00,0.00,45.5,115.83,634.64,258.01,SEARCH_Y
12.2512,0.8521,0.2688,-0.3635,-0.00513,0.11428,-0.01894,0.00,-3.00,0.00,45.6,115.81,634.64,258.01,SEARCH_Y
12.2613,0.9421,-0.1211,0.1264,0.00286,0.11828,-0.02294,0.00,-3.00,0.00,45.6,115.77,634.64,258.01,SEARCH_Y
12.2714,0.9021,0.1488,0.0164,0.00686,0.10928,-0.02294,0.00,-3.00,0.00,45.6,115.75,634.64,258.01,SEARCH_Y
12.2815,0.7521,0.2288,0.0964,-0.01213,0.11028,-0.01994,0.00,-3.00,0.00,45.6,115.71,634.64,258.01,SEARCH_Y
12.2916,0.7621,0.4588,-0.2935,-0.01213,0.10928,-0.01994,0.00,-3.00,0.00,45.6,115.67,634.64,258.01,SEARCH_Y
12.3017,0.6521,0.2488,-0.2235,0.00586,0.11428,-0.01994,0.00,-3.00,0.00,45.6,115.65,634.64,258.01,SEARCH_Y
12.3119,0.8421,-0.0611,-0.0135,-0.00213,0.10628,-0.02494,0.00,-3.00,0.00,45.6,115.61,634.64,258.01,SEARCH_Y
12.3220,0.8021,-0.3611,0.2264,0.00986,0.11928,-0.02394,0.00,-3.00,0.00,45.6,115.59,634.64,258.01,SEARCH_Y
12.3321,0.8121,-0.2411,0.0064,0.00186,0.11428,-0.01894,0.00,-3.00,0.00,45.6,115.55,634.63,258.01,SEARCH_Y
12.3422,0.7121,-0.0511,-0.2535,-0.00313,0.09928,-0.01994,0.00,-3.00,0.00,45.6,115.53,634.63,258.01,SEARCH_Y
12.3523,0.9421,0.1888,-0.0835,0.01686,0.11128,-0.02394,0.00,-3.00,0.00,45.6,115.49,634.63,258.01,SEARCH_Y
12.3624,0.8821,0.4088,-0.2335,0.01186,0.10928,-0.01594,0.00,-3.00,0.00,45.6,115.47,634.63,258.01,SEARCH_Y
12.3725,0.8421,0.2488,-0.4935,0.00486,0.11328,-0.02194,0.00,-3.00,0.00,45.6,115.43,634.63,258.01,SEARCH_Y
12.3826,0.9821,-0.1111,-0.1035,-0.00113,0.09928,-0.02294,0.00,-3.00,0.00,45.6,115.41,634.63,258.01,SEARCH_Y
12.3927,0.6421,0.0888,-0.3835,-0.01313,0.10328,-0.01794,0.00,-3.00,0.00,45.7,115.37,634.63,258.01,SEARCH_Y
12.4028,0.6721,0.2688,-0.1635,-0.00813,0.11528,-0.01994,0.00,-3.00,0.00,45.7,115.35,634.63,258.01,SEARCH_Y
12.4129,0.8721,0.5188,-0.1935,-0.01013,0.10728,-0.02194,0.00,-3.00,0.00,45.7,115.31,634.63,258.00,SEARCH_Y
12.4230,0.7821,0.3788,-0.1835,-0.02813,0.10428,-0.02394,0.00,-3.00,0.00,45.7,115.29,634.63,258.00,SEARCH_Y
12.4331,0.7421,0.3988,-0.2535,-0.04513,0.10728,-0.02394,0.00,-3.00,0.00,45.7,115.25,634.63,258.00,SEARCH_Y
12.4432,0.9221,0.1988,0.1464,-0.03513,0.10828,-0.02894,0.00,-3.00,0.00,45.7,115.23,634.63,258.00,SEARCH_Y
12.4533,0.6121,0.5188,-0.1435,-0.05613,0.11128,-0.02494,0.00,-3.00,0.00,45.7,115.19,634.62,258.00,SEARCH_Y
12.4634,0.8021,0.4388,0.0164,-0.06313,0.10928,-0.02994,0.00,-3.00,0.00,45.7,115.17,634.62,258.00,SEARCH_Y
12.4735,0.7221,0.8788,-0.3235,-0.10713,0.08328,-0.02294,0.00,-3.00,0.00,45.7,115.13,634.62,258.00,SEARCH_Y
12.4836,0.9821,0.3488,0.2464,-0.08613,0.08828,-0.02694,0.00,-3.00,0.00,45.7,115.10,634.62,258.00,SEARCH_Y
12.4937,0.6621,1.0088,-0.2535,-0.09113,0.09628,-0.02494,0.00,-3.00,0.00,45.7,115.07,634.62,258.00,SEARCH_Y
12.5038,0.8621,1.1288,-0.5535,-0.08713,0.09228,-0.02394,0.00,-3.00,0.00,45.7,115.04,634.62,258.00,SEARCH_Y
12.5139,0.7921,0.7888,0.0464,-0.09813,0.09528,-0.02894,0.00,-3.00,0.00,45.7,115.01,634.62,258.00,SEARCH_Y
12.5240,0.8821,0.5688,-0.0535,-0.11013,0.10028,-0.03294,0.00,-3.00,0.00,45.7,114.98,634.62,258.00,SEARCH_Y
12.5341,0.7421,1.1288,-0.0135,-0.12313,0.09528,-0.02894,0.00,-3.00,0.00,45.7,114.95,634.62,258.00,SEARCH_Y
12.5442,0.7321,1.3088,-0.4935,-0.15913,0.07728,-0.02994,0.00,-3.00,0.00,45.8,114.92,634.62,258.00,SEARCH_Z
12.5544,0.8321,1.1688,-0.2035,-0.14313,0.08528,-0.03194,0.00,0.00,3.00,45.8,114.89,634.62,258.00,SEARCH_Z
12.5645,0.9321,0.8188,0.1764,-0.14313,0.09328,-0.03794,0.00,0.00,3.00,45.8,114.86,634.62,258.00,SEARCH_Z
12.5746,0.4921,1.0688,-0.0735,-0.15013,0.10228,-0.03594,0.00,0.00,3.00,45.8,114.83,634.62,258.00,SEARCH_Z
12.5847,0.7321,0.8888,-0.0435,-0.16113,0.09028,-0.04294,0.00,0.00,3.00,45.8,114.81,634.62,258.00,SEARCH_Z
12.5948,0.6821,1.3488,-0.5835,-0.15113,0.09928,-0.03394,0.00,0.00,3.00,45.8,114.79,634.63,258.00,SEARCH_Z
12.6049,0.9221,1.1688,-0.0435,-0.15713,0.10228,-0.03994,0.00,0.00,3.00,45.8,114.76,634.64,258.00,SEARCH_Z
12.6150,0.8921,1.2588,-0.0235,-0.17213,0.09828,-0.04094,0.00,0.00,3.00,45.8,114.75,634.65,258.00,SEARCH_Z
12.6251,0.8221,1.4388,-0.0635,-0.18413,0.09628,-0.04094,0.00,0.00,3.00,45.8,114.73,634.67,258.00,SEARCH_Z
12.6352,0.9021,1.3988,-0.1035,-0.18913,0.09628,-0.04294,0.00,0.00,3.00,45.8,114.72,634.68,258.00,SEARCH_Z
12.6453,0.9021,1.1988,0.2564,-0.18913,0.10228,-0.04594,0.00,0.00,3.00,45.8,114.71,634.71,258.01,SEARCH_Z
12.6554,0.6821,1.6488,-0.2635,-0.20213,0.10228,-0.03994,0.00,0.00,3.00,45.8,114.71,634.73,258.01,SEARCH_Z
12.6655,0.8721,1.1788,0.0464,-0.19513,0.09928,-0.04494,0.00,0.00,3.00,45.8,114.70,634.76,258.01,SEARCH_Z
12.6756,1.0421,1.1388,-0.0635,-0.19713,0.08128,-0.04594,0.00,0.00,3.00,45.8,114.70,634.80,258.01,SEARCH_Z
12.6857,0.8021,1.5388,-0.0035,-0.20013,0.10628,-0.04394,0.00,0.00,3.00,45.8,114.70,634.82,258.01,SEARCH_Z
12.6958,0.9221,1.4688,-0.2235,-0.21513,0.09028,-0.04594,0.00,0.00,3.00,45.8,114.70,634.86,258.01,SEARCH_Z
12.7059,0.6721,1.3888,0.0164,-0.21613,0.09728,-0.04294,0.00,0.00,3.00,45.8,114.70,634.88,258.01,SEARCH_Z
12.7160,0.7621,1.7888,-0.4035,-0.22313,0.09528,-0.04394,0.00,0.00,3.00,45.8,114.69,634.92,258.01,SEARCH_Z
12.7262,0.9521,1.4288,-0.0635,-0.21113,0.09728,-0.04994,0.00,0.00,3.00,45.8,114.69,634.94,258.01,SEARCH_Z
12.7362,0.7921,1.6788,-0.1535,-0.21013,0.10528,-0.04894,0.00,0.00,3.00,45.8,114.69,634.98,258.02,SEARCH_Z
12.7464,0.5821,1.7388,-0.4235,-0.23813,0.08228,-0.04694,0.00,0.00,3.00,45.8,114.69,635.00,258.02,SEARCH_Z
12.7565,0.7321,1.2188,-0.2235,-0.23313,0.08228,-0.04794,0.00,0.00,3.00,45.8,114.69,635.04,258.02,SEARCH_Z
12.7666,0.6421,1.4688,-0.2335,-0.22613,0.08928,-0.04294,0.00,0.00,3.00,45.8,114.69,635.06,258.02,SEARCH_Z
12.7767,0.5421,1.7088,-0.4335,-0.24713,0.06628,-0.04394,0.00,0.00,3.00,45.8,114.69,635.10,258.02,SEARCH_Z
12.7868,0.7821,1.2688,-0.0635,-0.24313,0.08028,-0.04294,0.00,0.00,3.00,45.8,114.69,635.12,258.02,SEARCH_Z
12.7969,0.6721,1.3588,-0.3235,-0.25113,0.07028,-0.04194,0.00,0.00,3.00,45.8,114.69,635.16,258.02,SEARCH_Z
12.8070,0.7421,1.5888,-0.4935,-0.23413,0.07728,-0.04194,0.00,0.00,3.00,45.8,114.68,635.18,258.02,SEARCH_Z
12.8171,0.7521,1.7088,-0.3135,-0.24313,0.08528,-0.04294,0.00,0.00,3.00,45.8,114.68,635.22,258.02,SEARCH_Z
12.8272,0.7421,1.3788,-0.1035,-0.22913,0.09128,-0.04594,0.00,0.00,3.00,45.8,114.68,635.24,258.02,SEARCH_Z
12.8373,0.7021,1.4988,-0.1435,-0.23013,0.09028,-0.04194,0.00,0.00,3.00,45.8,114.68,635.28,258.03,SEARCH_Z
12.8473,0.7021,2.0288,-0.6035,-0.24013,0.07428,-0.04194,0.00,0.00,3.00,45.8,114.68,635.30,258.03,SEARCH_Z
12.8574,0.6721,1.6488,-0.6735,-0.23813,0.08128,-0.04294,0.00,0.00,3.00,45.8,114.68,635.34,258.03,SEARCH_Z
12.8675,0.7221,1.5488,-0.3335,-0.23413,0.08428,-0.04294,0.00,0.00,3.00,45.8,114.68,635.37,258.03,SEARCH_Z
12.8776,0.7121,1.6188,-0.2035,-0.22413,0.09428,-0.04594,0.00,0.00,3.00,45.8,114.68,635.40,258.03,SEARCH_Z
12.8877,0.7921,1.5088,-0.2835,-0.23513,0.08628,-0.04594,0.00,0.00,3.00,45.8,114.68,635.43,258.03,SEARCH_Z
12.8978,0.8521,1.4888,0.0264,-0.24113,0.09128,-0.04894,0.00,0.00,3.00,45.8,114.67,635.46,258.03,SEARCH_Z
12.9079,0.7921,1.2388,-0.3235,-0.22913,0.09228,-0.04994,0.00,0.00,3.00,45.8,114.67,635.49,258.03,SEARCH_Z
12.9180,0.6721,1.4788,-0.0935,-0.23013,0.09528,-0.04794,0.00,0.00,3.00,45.8,114.67,635.52,258.03,SEARCH_Z
12.9282,0.7721,1.5388,-0.2835,-0.23713,0.09028,-0.05194,0.00,0.00,3.00,45.8,114.67,635.55,258.04,SEARCH_Z
12.9383,0.8221,1.3188,0.0164,-0.23013,0.09528,-0.04894,0.00,0.00,3.00,45.8,114.67,635.58,258.04,SEARCH_Z
12.9484,0.9221,1.2388,-0.0135,-0.23813,0.08528,-0.04994,0.00,0.00,3.00,45.8,114.67,635.61,258.04,SEARCH_Z
12.9585,0.7821,1.7288,-0.5135,-0.20813,0.09228,-0.04694,0.00,0.00,3.00,45.8,114.67,635.64,258.04,SEARCH_Z
12.9686,0.7121,1.8588,-0.2135,-0.22713,0.09928,-0.04294,0.00,0.00,3.00,45.8,114.67,635.67,258.04,SEARCH_Z
12.9787,0.6521,1.7588,-0.4135,-0.23813,0.08028,-0.04594,0.00,0.00,3.00,45.8,114.67,635.70,258.04,SEARCH_Z
12.9888,0.6821,1.3188,-0.1635,-0.22913,0.09328,-0.04694,0.00,0.00,3.00,45.8,114.66,635.73,258.04,SEARCH_Z
12.9990,0.8221,1.4588,-0.1935,-0.23013,0.09928,-0.04794,0.00,0.00,3.00,45.8,114.66,635.76,258.04,SEARCH_Z
13.0090,0.7421,1.4688,-0.1035,-0.22513,0.09628,-0.04894,0.00,0.00,3.00,45.8,114.66,635.79,258.04,SEARCH_Z
13.0191,0.8321,1.3588,-0.0435,-0.23213,0.09228,-0.04994,0.00,0.00,3.00,45.8,114.66,635.82,258.05,SEARCH_Z
13.0292,0.8321,1.5388,-0.2735,-0.22913,0.07528,-0.04794,0.00,0.00,3.00,45.8,114.66,635.85,258.05,SEARCH_Z
13.0393,0.7121,1.6488,-0.2535,-0.24713,0.07828,-0.04494,0.00,0.00,3.00,45.8,114.66,635.88,258.05,SEARCH_Z
13.0494,0.7021,1.3788,-0.2235,-0.24913,0.07628,-0.04594,0.00,0.00,3.00,45.8,114.66,635.91,258.05,SEARCH_Z
13.0595,0.7121,2.0488,-0.5035,-0.24013,0.08828,-0.04394,0.00,0.00,3.00,45.8,114.66,635.95,258.05,SEARCH_Z
13.0696,0.8021,1.7088,-0.5335,-0.23713,0.07628,-0.04694,0.00,0.00,3.00,45.8,114.65,635.97,258.05,SEARCH_Z
13.0797,0.7721,1.3488,-0.0735,-0.23113,0.08728,-0.05094,0.00,0.00,3.00,45.8,114.65,636.01,258.05,SEARCH_Z
13.0898,0.5821,1.6488,-0.1435,-0.24113,0.08828,-0.04694,0.00,0.00,3.00,45.8,114.65,636.03,258.05,SEARCH_Z
13.0999,0.9121,1.5588,-0.2535,-0.23213,0.08228,-0.04394,0.00,0.00,3.00,45.8,114.65,636.07,258.05,SEARCH_Z
13.1100,0.8121,1.7288,-0.1335,-0.24413,0.08028,-0.04594,0.00,0.00,3.00,45.8,114.65,636.09,258.06,SEARCH_Z
13.1201,0.5721,1.5088,-0.0935,-0.24513,0.08428,-0.04494,0.00,0.00,3.00,45.8,114.65,636.13,258.06,SEARCH_Z
13.1302,0.8221,1.5288,-0.2635,-0.23113,0.08628,-0.04794,0.00,0.00,3.00,45.8,114.65,636.15,258.06,SEARCH_Z
13.1403,0.8621,1.8488,-0.3835,-0.21813,0.08528,-0.04494,0.00,0.00,3.00,45.8,114.65,636.19,258.06,SEARCH_Z
13.1504,0.7021,1.5188,0.0364,-0.22713,0.08728,-0.04394,0.00,0.00,3.00,45.8,114.65,636.21,258.06,SEARCH_Z
13.1605,0.7721,1.6188,-0.1235,-0.23313,0.08328,-0.04494,0.00,0.00,3.00,45.8,114.64,636.25,258.06,SEARCH_Z
13.1706,0.8021,1.6288,-0.4035,-0.23113,0.08228,-0.04294,0.00,0.00,3.00,45.8,114.64,636.27,258.06,SEARCH_Z
13.1807,0.7021,1.6688,-0.4435,-0.23313,0.07728,-0.04594,0.00,0.00,3.00,45.8,114.64,636.31,258.06,SEARCH_Z
13.1908,0.7021,1.3188,-0.1435,-0.23513,0.08228,-0.04594,0.00,0.00,3.00,45.8,114.64,636.33,258.06,SEARCH_Z
13.2009,0.7621,1.8588,-0.7035,-0.23013,0.07528,-0.04194,0.00,0.00,3.00,45.8,114.64,636.37,258.07,SEARCH_Z
13.2110,0.6121,1.6988,-0.4135,-0.23713,0.08528,-0.04694,0.00,0.00,3.00,45.8,114.64,636.39,258.07,SEARCH_Z
13.2211,0.6221,1.4388,-0.0135,-0.23613,0.09228,-0.04694,0.00,0.00,3.00,45.8,114.64,636.43,258.07,SEARCH_Z
13.2312,0.7121,1.7888,-0.3035,-0.23813,0.07428,-0.04494,0.00,0.00,3.00,45.9,114.64,636.45,258.07,SEARCH_Z
13.2413,0.6021,1.4988,0.1364,-0.24513,0.08828,-0.04494,0.00,0.00,3.00,45.9,114.64,636.49,258.07,SEARCH_Z
13.2514,0.6721,1.8688,-0.2435,-0.23813,0.08228,-0.04494,0.00,0.00,3.00,45.9,114.63,636.51,258.07,SEARCH_Z
13.2615,0.8321,1.5188,0.1664,-0.23313,0.07728,-0.04694,0.00,0.00,3.00,45.9,114.63,636.55,258.07,SEARCH_Z
13.2716,0.7221,1.3088,-0.0635,-0.22613,0.08528,-0.04694,0.00,0.00,3.00,45.9,114.63,636.58,258.07,SEARCH_Z
13.2817,0.6321,1.3488,0.0664,-0.23713,0.08728,-0.04294,0.00,0.00,3.00,45.9,114.63,636.61,258.07,SEARCH_Z
13.2918,0.6721,1.4688,-0.2935,-0.23613,0.08228,-0.04394,0.00,0.00,3.00,45.9,114.63,636.64,258.08,SEARCH_Z
13.3019,0.7721,1.4488,-0.0335,-0.23313,0.07028,-0.04394,0.00,0.00,3.00,45.9,114.63,636.67,258.08,SEARCH_Z
13.3120,0.6721,1.4788,-0.2435,-0.23713,0.07628,-0.04094,0.00,0.00,3.00,45.9,114.63,636.70,258.08,SEARCH_Z
13.3221,0.6821,1.3788,-0.1935,-0.23613,0.07428,-0.03994,0.00,0.00,3.00,45.9,114.63,636.73,258.08,SEARCH_Z
13.3322,0.8221,1.3788,-0.2235,-0.24413,0.06628,-0.04694,0.00,0.00,3.00,45.9,114.62,636.76,258.08,SEARCH_Z
13.3423,0.6321,1.4888,-0.3535,-0.24813,0.06228,-0.04494,0.00,0.00,3.00,45.9,114.62,636.79,258.08,SEARCH_Z
13.3524,0.5621,1.5988,-0.2535,-0.25113,0.06828,-0.03994,0.00,0.00,3.00,45.9,114.62,636.82,258.08,SEARCH_Z
13.3625,0.6921,1.2688,0.0864,-0.24013,0.07128,-0.04394,0.00,0.00,3.00,45.9,114.62,636.85,258.08,SEARCH_Z
13.3726,0.6521,1.5288,-0.5735,-0.24513,0.06328,-0.04494,0.00,0.00,3.00,45.9,114.62,636.88,258.08,SEARCH_Z
13.3827,0.5421,1.7688,-0.3035,-0.23113,0.07528,-0.04094,0.00,0.00,3.00,45.9,114.62,636.91,258.09,SEARCH_Z
13.3928,0.6321,1.6288,-0.2335,-0.23913,0.07428,-0.04294,0.00,0.00,3.00,45.9,114.62,636.94,258.09,SEARCH_Z
13.4029,0.4321,1.4388,-0.3235,-0.25713,0.06728,-0.03994,0.00,0.00,3.00,45.9,114.62,636.97,258.09,SEARCH_Z
13.4130,0.7721,1.5988,-0.2135,-0.23813,0.05328,-0.03994,0.00,0.00,3.00,45.9,114.62,637.00,258.09,SEARCH_Z
13.4231,0.6221,1.3188,0.0564,-0.24013,0.07728,-0.04494,0.00,0.00,3.00,45.9,114.61,637.03,258.09,SEARCH_Z
13.4332,0.6621,1.5788,-0.4935,-0.23013,0.07428,-0.04394,0.00,0.00,3.00,45.9,114.61,637.06,258.09,SEARCH_Z
13.4433,0.5321,1.3488,-0.1735,-0.21613,0.09328,-0.04294,0.00,0.00,3.00,45.9,114.61,637.09,258.09,SEARCH_Z
13.4534,0.8621,1.5388,-0.2235,-0.22413,0.07828,-0.04494,0.00,0.00,3.00,45.9,114.61,637.12,258.09,SEARCH_Z
13.4635,0.6221,1.3488,-0.0435,-0.22313,0.08028,-0.04194,0.00,0.00,3.00,45.9,114.61,637.16,258.09,SEARCH_Z
13.4736,0.8921,1.5488,-0.3635,-0.23313,0.06128,-0.04194,0.00,0.00,3.00,45.9,114.61,637.18,258.10,SEARCH_Z
13.4837,0.7321,1.6488,-0.2635,-0.23813,0.06528,-0.04194,0.00,0.00,3.00,45.9,114.61,637.22,258.10,SEARCH_Z
13.4938,0.6521,1.6788,-0.4635,-0.23513,0.06428,-0.04194,0.00,0.00,3.00,45.9,114.61,637.24,258.10,SEARCH_Z
13.5039,0.7121,1.5488,-0.3635,-0.24013,0.06228,-0.04194,0.00,0.00,3.00,45.9,114.61,637.28,258.10,SEARCH_Z
13.5140,0.7121,1.4488,-0.0735,-0.23413,0.06728,-0.04594,0.00,0.00,3.00,45.9,114.60,637.30,258.10,SEARCH_Z
13.5241,0.7721,1.6488,-0.3935,-0.22713,0.06528,-0.04194,0.00,0.00,3.00,45.9,114.60,637.34,258.10,SEARCH_Z
13.5342,0.7421,1.5888,-0.3335,-0.22213,0.06628,-0.03994,0.00,0.00,3.00,45.9,114.60,637.36,258.10,SEARCH_Z
13.5443,0.5721,1.2288,0.1864,-0.23313,0.08028,-0.04294,0.00,0.00,3.00,45.9,114.60,637.40,258.10,SEARCH_Z
13.5544,0.5021,1.5688,-0.1835,-0.23713,0.07128,-0.03494,0.00,0.00,3.00,45.9,114.60,637.42,258.10,SEARCH_Z
13.5646,0.6221,1.6688,-0.3835,-0.24713,0.06228,-0.03694,0.00,0.00,3.00,45.9,114.60,637.46,258.11,SEARCH_Z
13.5747,0.6621,1.6588,-0.3635,-0.23813,0.06128,-0.04394,0.00,0.00,3.00,45.9,114.60,637.48,258.11,SEARCH_Z
13.5848,0.7621,1.3988,-0.1435,-0.22113,0.06328,-0.04194,0.00,0.00,3.00,45.9,114.60,637.52,258.11,SEARCH_Z
13.5949,0.7021,1.3888,-0.0535,-0.24013,0.05828,-0.04294,0.00,0.00,3.00,45.9,114.60,637.54,258.11,SEARCH_Z
13.6050,0.7821,1.3988,-0.3935,-0.23113,0.05228,-0.04194,0.00,0.00,3.00,45.9,114.59,637.58,258.11,SEARCH_Z
13.6151,0.5621,1.6788,-0.2435,-0.24213,0.05628,-0.03894,0.00,0.00,3.00,45.9,114.59,637.60,258.11,SEARCH_Z
13.6252,0.6321,1.7988,-0.4535,-0.23813,0.05328,-0.03594,0.00,0.00,3.00,45.9,114.59,637.64,258.11,SEARCH_Z
13.6353,0.5521,1.6788,-0.4935,-0.23113,0.05328,-0.03794,0.00,0.00,3.00,45.9,114.59,637.68,258.11,SEARCH_Z
13.6454,0.4621,1.5188,-0.1635,-0.23913,0.06228,-0.03494,0.00,0.00,3.00,45.9,114.59,637.70,258.11,SEARCH_Z
13.6556,0.6521,1.1888,0.0764,-0.22113,0.07528,-0.03994,0.00,0.00,3.00,45.9,114.59,637.74,258.12,SEARCH_Z
13.6657,0.4921,1.6688,-0.4335,-0.23213,0.05728,-0.03494,0.00,0.00,3.00,45.9,114.59,637.76,258.12,SEARCH_Z
13.6758,0.5421,1.4288,-0.0435,-0.24513,0.06428,-0.04094,0.00,0.00,3.00,45.9,114.59,637.80,258.12,SEARCH_Z
13.6859,0.6821,1.2688,-0.0135,-0.23913,0.05328,-0.03794,0.00,0.00,3.00,45.9,114.59,637.82,258.12,SEARCH_Z
13.6961,0.6121,1.5088,-0.3035,-0.24313,0.04828,-0.03894,0.00,0.00,3.00,45.9,114.58,637.86,258.12,SEARCH_Z
13.7062,0.5921,1.4788,-0.2335,-0.23413,0.05628,-0.04194,0.00,0.00,3.00,45.9,114.58,637.88,258.12,SEARCH_Z
13.7163,0.5521,1.5488,-0.2835,-0.24213,0.04328,-0.04094,0.00,0.00,3.00,45.9,114.58,637.92,258.12,SEARCH_Z
13.7264,0.7021,1.5188,-0.3135,-0.23313,0.05028,-0.03594,0.00,0.00,3.00,45.9,114.58,637.94,258.12,SEARCH_Z
13.7365,0.4721,1.5188,0.1664,-0.24413,0.05828,-0.03494,0.00,0.00,3.00,45.9,114.58,637.98,258.12,SEARCH_Z
13.7466,0.3821,1.6488,-0.1635,-0.24713,0.05428,-0.03794,0.00,0.00,3.00,45.9,114.58,638.00,258.13,SEARCH_Z
13.7567,0.5321,1.5388,-0.4435,-0.23713,0.04728,-0.03494,0.00,0.00,3.00,45.9,114.58,638.04,258.13,SEARCH_Z
13.7668,0.5921,1.4788,-0.4535,-0.22513,0.05628,-0.03594,0.00,0.00,3.00,45.9,114.58,638.06,258.13,SEARCH_Z
13.7769,0.4421,1.6488,-0.3835,-0.22913,0.05628,-0.03294,0.00,0.00,3.00,46.0,114.57,638.10,258.13,SEARCH_Z
13.7870,0.5721,1.8088,-0.6435,-0.23213,0.05728,-0.03194,0.00,0.00,3.00,46.0,114.57,638.12,258.13,SEARCH_Z
13.7971,0.4821,1.4188,-0.0535,-0.23213,0.06828,-0.03994,0.00,0.00,3.00,46.0,114.57,638.16,258.13,SEARCH_Z
13.8072,0.4721,1.7988,-0.4235,-0.23113,0.05328,-0.03594,0.00,0.00,3.00,46.0,114.57,638.18,258.13,SEARCH_Z
13.8173,0.5121,1.6688,-0.2835,-0.22113,0.06628,-0.03694,0.00,0.00,3.00,46.0,114.57,638.22,258.13,SEARCH_Z
13.8274,0.5821,1.7288,-0.5335,-0.23113,0.04728,-0.04194,0.00,0.00,3.00,46.0,114.57,638.24,258.13,SEARCH_Z
13.8375,0.5721,1.5488,-0.0435,-0.21713,0.05828,-0.03894,0.00,0.00,3.00,46.0,114.57,638.28,258.14,SEARCH_Z
13.8476,0.7421,1.4288,-0.4635,-0.23513,0.04428,-0.03894,0.00,0.00,3.00,46.0,114.57,638.31,258.14,SEARCH_Z
13.8577,0.2821,1.4988,0.0264,-0.24313,0.06428,-0.03494,0.00,0.00,3.00,46.0,114.57,638.34,258.14,SEARCH_Z
13.8678,0.3821,1.5588,-0.3235,-0.24713,0.04628,-0.03694,0.00,0.00,3.00,46.0,114.56,638.37,258.14,SEARCH_Z
13.8779,0.6621,1.3188,0.0364,-0.22313,0.06128,-0.03694,0.00,0.00,3.00,46.0,114.56,638.40,258.14,SEARCH_Z
13.8880,0.7121,1.5188,-0.3035,-0.22913,0.05428,-0.03694,0.00,0.00,3.00,46.0,114.56,638.43,258.14,SEARCH_Z
13.8981,0.4321,1.2688,-0.0335,-0.23313,0.05528,-0.03794,0.00,0.00,3.00,46.0,114.56,638.46,258.14,SEARCH_Z
13.9082,0.5621,1.6688,-0.5535,-0.23713,0.04428,-0.03394,0.00,0.00,3.00,46.0,114.56,638.49,258.14,SEARCH_Z
13.9183,0.8021,1.5688,-0.3335,-0.22713,0.04628,-0.03794,0.00,0.00,3.00,46.0,114.56,638.52,258.14,SEARCH_Z
13.9284,0.4621,1.4788,0.1264,-0.23613,0.05428,-0.03294,0.00,0.00,3.00,46.0,114.56,638.55,258.15,SEARCH_Z
13.9385,0.5021,1.5888,-0.4235,-0.23613,0.05228,-0.03394,0.00,0.00,3.00,46.0,114.56,638.58,258.15,SEARCH_Z
13.9486,0.2821,1.5388,-0.2335,-0.23313,0.06728,-0.03694,0.00,0.00,3.00,46.0,114.56,638.61,258.15,SEARCH_Z
13.9587,0.7521,1.4288,-0.2635,-0.23213,0.04228,-0.03894,0.00,0.00,3.00,46.0,114.55,638.64,258.15,SEARCH_Z
13.9688,0.5021,1.4188,-0.1035,-0.23213,0.05528,-0.03494,0.00,0.00,3.00,46.0,114.55,638.67,258.15,SEARCH_Z
13.9788,0.5621,1.7588,-0.4335,-0.24313,0.03528,-0.03694,0.00,0.00,3.00,46.0,114.55,638.70,258.15,SEARCH_Z
13.9889,0.6121,1.7188,-0.7335,-0.23213,0.03828,-0.03294,0.00,0.00,3.00,46.0,114.55,638.73,258.15,SEARCH_Z
13.9990,0.6121,1.6988,-0.4235,-0.23513,0.05228,-0.03694,0.00,0.00,3.00,46.0,114.55,638.76,258.15,SEARCH_Z
14.0091,0.4321,1.4788,-0.1035,-0.23913,0.05328,-0.03294,0.00,0.00,3.00,46.0,114.55,638.79,258.15,SEARCH_Z
14.0192,0.5221,1.0688,0.0364,-0.24913,0.04428,-0.03994,0.00,0.00,3.00,46.0,114.55,638.82,258.16,SEARCH_Z
14.0293,0.5221,1.1788,0.0164,-0.23213,0.06328,-0.03694,0.00,0.00,3.00,46.0,114.55,638.85,258.16,SEARCH_Z
14.0394,0.7121,1.7088,-0.4935,-0.23413,0.04628,-0.03294,0.00,0.00,3.00,46.0,114.54,638.89,258.16,SEARCH_Z
14.0495,0.4321,1.8888,-0.7035,-0.24013,0.04128,-0.03194,0.00,0.00,3.00,46.0,114.54,638.91,258.16,SEARCH_Z
14.0596,0.3821,1.1288,-0.0135,-0.24313,0.05128,-0.03694,0.00,0.00,3.00,46.0,114.54,638.95,258.16,SEARCH_Z
14.0697,0.4421,1.7188,-0.4735,-0.23713,0.04428,-0.03494,0.00,0.00,3.00,46.0,114.54,638.97,258.16,SEARCH_Z
14.0841,0.3521,1.1688,-0.0735,-0.23913,0.06128,-0.03494,0.00,0.00,3.00,46.0,114.54,639.02,258.16,SEARCH_Z
14.0942,0.4021,1.8388,-0.3435,-0.24413,0.03528,-0.03094,0.00,0.00,3.00,46.0,114.54,639.04,258.16,SEARCH_Z
14.1044,0.5821,1.3688,-0.2235,-0.23813,0.04428,-0.03494,0.00,0.00,3.00,46.0,114.54,639.08,258.16,SEARCH_Z
14.1145,0.4021,1.4888,-0.2935,-0.23513,0.05928,-0.03694,0.00,0.00,3.00,46.0,114.54,639.10,258.17,SEARCH_Z
14.1246,0.4521,1.7888,-0.4135,-0.24313,0.04028,-0.03394,0.00,0.00,3.00,46.0,114.54,639.14,258.17,SEARCH_Z
14.1357,0.5221,1.5888,-0.4035,-0.22513,0.06128,-0.03794,0.00,0.00,3.00,46.0,114.53,639.18,258.17,SEARCH_Z
14.1458,0.5021,1.2888,0.0564,-0.24013,0.06028,-0.03494,0.00,0.00,3.00,46.1,114.53,639.20,258.17,SEARCH_Z
14.1559,0.5321,1.2788,-0.3235,-0.23213,0.04028,-0.03694,0.00,0.00,3.00,46.1,114.53,639.24,258.17,SEARCH_Z
14.1660,0.6321,1.6888,-0.3235,-0.23313,0.04328,-0.03294,0.00,0.00,3.00,46.1,114.53,639.26,258.17,SEARCH_Z
14.1761,0.5921,1.3088,-0.1335,-0.21813,0.05328,-0.03494,0.00,0.00,3.00,46.1,114.53,639.30,258.17,SEARCH_Z
14.1862,0.5621,1.8088,-0.6335,-0.24513,0.03528,-0.03494,0.00,0.00,3.00,46.1,114.53,639.32,258.17,SEARCH_Z
14.1963,0.3721,1.5988,-0.1635,-0.25413,0.05528,-0.03794,0.00,0.00,3.00,46.1,114.53,639.36,258.17,SEARCH_Z
14.2064,0.4121,1.2988,0.0364,-0.23613,0.05528,-0.03794,0.00,0.00,3.00,46.1,114.53,639.38,258.18,SEARCH_Z
14.2165,0.4921,1.3088,0.1264,-0.24313,0.04728,-0.03894,0.00,0.00,3.00,46.1,114.52,639.42,258.18,SEARCH_Z
14.2266,0.4121,1.6088,-0.3635,-0.26713,0.03328,-0.03694,0.00,0.00,3.00,46.1,114.52,639.44,258.18,SEARCH_Z
14.2367,0.3521,1.4988,-0.2835,-0.24913,0.04428,-0.03394,0.00,0.00,3.00,46.1,114.52,639.48,258.18,SEARCH_Z
14.2468,0.3721,1.7188,-0.3935,-0.24613,0.04628,-0.03694,0.00,0.00,3.00,46.1,114.52,639.50,258.18,SEARCH_Z
14.2569,0.4221,1.7488,-0.3635,-0.24413,0.05228,-0.03494,0.00,0.00,3.00,46.1,114.52,639.54,258.18,SEARCH_Z
14.2670,0.5921,1.2588,-0.0735,-0.21613,0.06128,-0.03794,0.00,0.00,3.00,46.1,114.52,639.56,258.18,SEARCH_Z
14.2771,0.1821,1.1188,-0.3035,-0.26013,0.04928,-0.03494,0.00,0.00,3.00,46.1,114.52,639.60,258.18,SEARCH_Z
14.2872,0.4921,1.2988,-0.5535,-0.23113,0.05528,-0.03794,0.00,0.00,3.00,46.1,114.52,639.62,258.18,SEARCH_Z
14.2973,0.6321,1.2988,-0.2435,-0.23413,0.04828,-0.03494,0.00,0.00,3.00,46.1,114.52,639.66,258.19,SEARCH_Z
14.3074,0.4021,1.5988,-0.5435,-0.25613,0.03228,-0.03594,0.00,0.00,3.00,46.1,114.51,639.68,258.19,SEARCH_Z
14.3174,0.2521,1.7388,-0.2535,-0.24813,0.04928,-0.03194,0.00,0.00,3.00,46.1,114.51,639.72,258.19,SEARCH_Z
14.3276,0.4521,1.7488,-0.4335,-0.26713,0.03528,-0.03194,0.00,0.00,3.00,46.1,114.51,639.75,258.19,SEARCH_Z
14.3376,0.4621,1.6388,-0.4535,-0.25813,0.04028,-0.03294,0.00,0.00,3.00,46.1,114.51,639.78,258.19,SEARCH_Z
14.3477,0.4721,1.6488,-0.7135,-0.25613,0.03728,-0.03594,0.00,0.00,3.00,46.1,114.51,639.81,258.19,SEARCH_Z
14.3578,0.2821,2.0388,-0.5335,-0.26413,0.03228,-0.03394,0.00,0.00,3.00,46.1,114.51,639.84,258.19,SEARCH_Z
14.3679,0.5421,1.6188,-0.5035,-0.24013,0.03828,-0.03694,0.00,0.00,3.00,46.1,114.51,639.87,258.19,SEARCH_Z
14.3780,0.3521,1.8688,-0.3135,-0.24213,0.04628,-0.03294,0.00,0.00,3.00,46.1,114.51,639.90,258.19,SEARCH_Z
14.3881,0.5221,1.8588,-0.6835,-0.24613,0.03428,-0.03094,0.00,0.00,3.00,46.1,114.51,639.93,258.20,SEARCH_Z
14.3982,0.2021,1.3888,-0.0135,-0.24213,0.06028,-0.03594,0.00,0.00,3.00,46.1,114.50,639.96,258.20,SEARCH_Z
14.4083,0.5921,1.2588,-0.0135,-0.24413,0.04928,-0.03494,0.00,0.00,3.00,46.1,114.50,639.99,258.20,SEARCH_Z
14.4184,0.3621,1.7088,-0.3135,-0.24313,0.04828,-0.03494,0.00,0.00,3.00,46.1,114.50,640.02,258.20,SEARCH_Z
14.4285,0.5121,1.7188,-0.1535,-0.23013,0.05028,-0.03094,0.00,0.00,3.00,46.1,114.50,640.05,258.20,SEARCH_Z
14.4386,0.2121,1.5888,-0.1435,-0.25913,0.05628,-0.03694,0.00,0.00,3.00,46.1,114.50,640.08,258.20,SEARCH_Z
14.4487,0.4721,1.4188,-0.2535,-0.24913,0.03628,-0.03394,0.00,0.00,3.00,46.2,114.50,640.11,258.20,SEARCH_Z
14.4588,0.4221,1.6388,-0.3235,-0.25613,0.04428,-0.03494,0.00,0.00,3.00,46.2,114.50,640.14,258.20,SEARCH_Z
14.4688,0.4421,1.5288,-0.4435,-0.24313,0.04128,-0.03594,0.00,0.00,3.00,46.2,114.50,640.17,258.20,SEARCH_Z
14.4789,0.5221,1.8988,-0.3035,-0.25613,0.02828,-0.03394,0.00,0.00,3.00,46.2,114.50,640.20,258.21,SEARCH_Z
14.4890,0.3221,1.8788,-0.2735,-0.26713,0.03428,-0.03194,0.00,0.00,3.00,46.2,114.49,640.23,258.21,SEARCH_Z
14.4991,0.5921,1.7588,-0.2435,-0.25413,0.03528,-0.03594,0.00,0.00,3.00,46.2,114.49,640.26,258.21,SEARCH_Z
14.5092,0.3021,1.3188,-0.0835,-0.27113,0.03528,-0.03994,0.00,0.00,3.00,46.2,114.49,640.29,258.21,SEARCH_Z
14.5193,0.4321,1.7088,-0.2535,-0.25113,0.03628,-0.03294,0.00,0.00,3.00,46.2,114.49,640.32,258.21,SEARCH_Z
14.5294,0.6721,1.9388,-0.1935,-0.24713,0.04028,-0.03594,0.00,0.00,3.00,46.2,114.49,640.35,258.21,SEARCH_Z
14.5395,0.4921,1.4588,-0.0935,-0.24313,0.04728,-0.03594,0.00,0.00,3.00,46.2,114.49,640.39,258.21,SEARCH_Z
14.5496,0.4021,1.6788,-0.2135,-0.23913,0.04328,-0.03394,0.00,0.00,3.00,46.2,114.49,640.41,258.21,SEARCH_Z
14.5597,0.6321,1.1588,0.3564,-0.23213,0.05328,-0.03994,0.00,0.00,3.00,46.2,114.49,640.45,258.21,SEARCH_Z
14.5698,0.2221,1.7388,-0.1635,-0.26113,0.03528,-0.03294,0.00,0.00,3.00,46.2,114.49,640.47,258.22,SEARCH_Z
14.5799,0.3921,1.4788,-0.2335,-0.24613,0.04728,-0.03494,0.00,0.00,3.00,46.2,114.48,640.51,258.22,SEARCH_Z
14.5901,0.5021,1.5688,-0.2435,-0.25913,0.03328,-0.03794,0.00,0.00,3.00,46.2,114.48,640.53,258.22,SEARCH_Z
14.6002,0.2021,1.4788,0.1664,-0.26113,0.05128,-0.03794,0.00,0.00,3.00,46.2,114.48,640.57,258.22,SEARCH_Z
14.6103,0.4221,1.7988,-0.1435,-0.25513,0.03728,-0.03394,0.00,0.00,3.00,46.2,114.48,640.59,258.22,SEARCH_Z
14.6204,0.3621,1.7588,-0.0535,-0.25113,0.04028,-0.03694,0.00,0.00,3.00,46.2,114.48,640.63,258.22,SEARCH_Z
14.6305,0.7121,1.4488,-0.1435,-0.23713,0.02728,-0.03594,0.00,0.00,3.00,46.2,114.48,640.65,258.22,SEARCH_Z
14.6406,0.3021,1.6188,-0.2335,-0.25113,0.03728,-0.03594,0.00,0.00,3.00,46.2,114.48,640.69,258.22,SEARCH_Z
14.6507,0.2721,1.7588,0.2964,-0.24513,0.04828,-0.03194,0.00,0.00,3.00,46.2,114.48,640.71,258.22,SEARCH_Z
14.6608,0.4521,1.4088,0.1364,-0.24813,0.03428,-0.03394,0.00,0.00,3.00,46.2,114.47,640.75,258.23,SEARCH_Z
14.6709,0.3821,1.7188,-0.1735,-0.24413,0.04028,-0.03294,0.00,0.00,3.00,46.2,114.47,640.77,258.23,SEARCH_Z
14.6809,0.2921,1.7388,0.1864,-0.25313,0.04328,-0.03594,0.00,0.00,3.00,46.2,114.47,640.81,258.23,SEARCH_Z
14.6910,0.1921,1.6388,-0.3135,-0.25813,0.03228,-0.03594,0.00,0.00,3.00,46.2,114.47,640.83,258.23,SEARCH_Z
14.7011,0.3821,1.7388,0.1864,-0.24313,0.03328,-0.02894,0.00,0.00,3.00,46.3,114.47,640.87,258.23,SEARCH_Z
14.7113,0.4521,1.4988,-0.0635,-0.24913,0.02528,-0.03294,0.00,0.00,3.00,46.3,114.47,640.89,258.23,SEARCH_Z
14.7213,0.6521,1.1288,0.5864,-0.22213,0.05428,-0.03594,0.00,0.00,3.00,46.3,114.47,640.93,258.23,SEARCH_Z
14.7314,0.2821,1.3788,0.2564,-0.24013,0.04728,-0.03294,0.00,0.00,3.00,46.3,114.47,640.96,258.23,SEARCH_Z
14.7415,0.4221,1.6688,-0.1235,-0.23813,0.02528,-0.03394,0.00,0.00,3.00,46.3,114.47,640.99,258.23,SEARCH_Z
14.7516,0.4221,1.7288,-0.2835,-0.25913,0.02328,-0.03394,0.00,0.00,3.00,46.3,114.46,641.02,258.24,SEARCH_Z
14.7617,0.3221,1.3488,0.0464,-0.22913,0.04628,-0.03194,0.00,0.00,3.00,46.3,114.46,641.05,258.24,SEARCH_Z
14.7718,0.6121,1.4588,-0.0335,-0.22913,0.03128,-0.03394,0.00,0.00,3.00,46.3,114.46,641.08,258.24,SEARCH_Z
14.7819,0.4721,1.4588,-0.0035,-0.22213,0.03628,-0.03294,0.00,0.00,3.00,46.3,114.46,641.11,258.24,SEARCH_Z
14.7920,0.5521,1.1988,0.2264,-0.21413,0.04728,-0.03494,0.00,0.00,3.00,46.3,114.46,641.14,258.24,SEARCH_Z
14.8021,0.3421,1.8588,0.0864,-0.24513,0.03328,-0.02994,0.00,0.00,3.00,46.3,114.46,641.17,258.24,SEARCH_Z
14.8122,0.6221,1.5788,-0.0435,-0.22913,0.03428,-0.03694,0.00,0.00,3.00,46.3,114.46,641.20,258.24,SEARCH_Z
14.8223,0.2521,1.7788,-0.4035,-0.23213,0.03728,-0.02994,0.00,0.00,3.00,46.3,114.46,641.23,258.24,SEARCH_Z
14.8324,0.6021,1.3488,0.2264,-0.23213,0.03728,-0.03594,0.00,0.00,3.00,46.3,114.46,641.26,258.24,SEARCH_Z
14.8424,0.5821,1.6888,-0.4035,-0.22013,0.03328,-0.03294,0.00,0.00,3.00,46.3,114.45,641.29,258.25,SEARCH_Z
14.8525,0.4521,1.7088,-0.3235,-0.24813,0.02328,-0.03494,0.00,0.00,3.00,46.3,114.45,641.32,258.25,SEARCH_Z
14.8626,0.3521,1.8688,-0.4535,-0.24113,0.01528,-0.02794,0.00,0.00,3.00,46.3,114.45,641.35,258.25,SEARCH_Z
14.8727,0.3521,1.3788,0.0364,-0.21213,0.04228,-0.03294,0.00,0.00,3.00,46.3,114.45,641.38,258.25,SEARCH_Z
14.8828,0.4321,1.3588,-0.0035,-0.21913,0.03728,-0.02994,0.00,0.00,3.00,46.3,114.45,641.41,258.25,SEARCH_Z
14.8929,0.4221,1.6488,-0.2135,-0.22113,0.04228,-0.03294,0.00,0.00,3.00,46.3,114.45,641.44,258.25,SEARCH_Z
14.9030,0.4721,1.3388,0.2464,-0.22813,0.04028,-0.03594,0.00,0.00,3.00,46.3,114.45,641.47,258.25,SEARCH_Z
14.9132,0.5321,1.6688,-0.1135,-0.23813,0.01828,-0.02794,0.00,0.00,3.00,46.3,114.45,641.50,258.25,SEARCH_Z
14.9233,0.4621,1.6988,-0.2635,-0.21913,0.03728,-0.03194,0.00,0.00,3.00,46.3,114.45,641.53,258.25,SEARCH_Z
14.9334,0.4921,1.9588,-0.4535,-0.22713,0.02928,-0.03194,0.00,0.00,3.00,46.4,114.44,641.56,258.26,SEARCH_Z
14.9435,0.5021,0.9588,0.3964,-0.21713,0.04128,-0.03594,0.00,0.00,3.00,46.4,114.44,641.60,258.26,SEARCH_Z
14.9536,0.3721,1.1788,-0.0735,-0.23213,0.03628,-0.03294,0.00,0.00,3.00,46.4,114.44,641.62,258.26,SEARCH_Z
14.9637,0.5221,1.5688,-0.2935,-0.21313,0.03828,-0.03394,0.00,0.00,3.00,46.4,114.44,641.66,258.26,SEARCH_Z
14.9738,0.3821,1.1888,0.0264,-0.21613,0.03628,-0.03194,0.00,0.00,3.00,46.4,114.44,641.68,258.26,SEARCH_Z
14.9839,0.2721,1.5288,-0.1335,-0.21013,0.04428,-0.03194,0.00,0.00,3.00,46.4,114.44,641.72,258.26,SEARCH_Z
14.9940,0.5521,1.3688,-0.0635,-0.21313,0.04228,-0.03394,0.00,0.00,3.00,46.4,114.44,641.74,258.26,SEARCH_Z
15.0041,0.5721,1.4888,-0.2635,-0.21613,0.03528,-0.02794,0.00,0.00,3.00,46.4,114.44,641.78,258.26,SEARCH_Z
15.0142,0.4421,1.3888,-0.0435,-0.21813,0.03828,-0.02894,0.00,0.00,3.00,46.4,114.43,641.80,258.26,SEARCH_Z
15.0243,0.4321,0.9088,0.5964,-0.18913,0.06928,-0.03394,0.00,0.00,3.00,46.4,114.43,641.84,258.27,SEARCH_Z
15.0344,0.3321,1.1888,-0.1635,-0.21613,0.03528,-0.03394,0.00,0.00,3.00,46.4,114.43,641.86,258.27,SEARCH_Z
15.0445,0.2921,1.5488,-0.3035,-0.22913,0.03028,-0.02894,0.00,0.00,3.00,46.4,114.43,641.90,258.27,SEARCH_Z
15.0546,0.2821,1.4688,-0.0935,-0.21513,0.04828,-0.02994,0.00,0.00,3.00,46.4,114.43,641.92,258.27,SEARCH_Z
15.0647,0.3321,1.1988,-0.1335,-0.22413,0.03428,-0.02994,0.00,0.00,3.00,46.4,114.43,641.96,258.27,SEARCH_Z
15.0748,0.4021,1.5088,-0.5935,-0.22213,0.03028,-0.03094,0.00,0.00,3.00,46.4,114.43,641.98,258.27,SEARCH_Z
15.0849,0.4321,1.4188,-0.2435,-0.21313,0.03728,-0.02994,0.00,0.00,3.00,46.4,114.43,642.02,258.27,SEARCH_Z
15.0950,0.1321,0.9788,-0.2435,-0.23813,0.03028,-0.02794,0.00,0.00,3.00,46.4,114.43,642.05,258.27,SEARCH_Z
15.1051,0.4321,1.2088,-0.4635,-0.21113,0.03028,-0.03094,0.00,0.00,3.00,46.4,114.42,642.08,258.27,SEARCH_Z
15.1152,0.4821,1.3688,-0.1835,-0.21513,0.03028,-0.03094,0.00,0.00,3.00,46.4,114.42,642.11,258.28,SEARCH_Z
15.1253,0.3021,1.1488,-0.2835,-0.21913,0.03428,-0.02894,0.00,0.00,3.00,46.4,114.42,642.14,258.28,SEARCH_Z
15.1354,0.2021,0.9988,-0.1635,-0.22713,0.03628,-0.02994,0.00,0.00,3.00,46.4,114.42,642.17,258.28,SEARCH_Z
15.1455,0.4021,1.1688,-0.5635,-0.21713,0.03028,-0.02794,0.00,0.00,3.00,46.5,114.42,642.20,258.28,SEARCH_Z
15.1556,0.3521,1.5188,-0.6435,-0.24213,0.01228,-0.02694,0.00,0.00,3.00,46.5,114.42,642.24,258.28,SEARCH_Z
15.1657,0.3821,1.1288,-0.3735,-0.23013,0.03428,-0.03194,0.00,0.00,3.00,46.5,114.42,642.26,258.28,SEARCH_Z
15.1758,0.3021,1.3888,-0.6335,-0.24813,0.01428,-0.02494,0.00,0.00,3.00,46.5,114.42,642.30,258.28,SEARCH_Z
15.1859,0.2321,1.3188,-0.3335,-0.23713,0.02528,-0.02794,0.00,0.00,3.00,46.5,114.42,642.32,258.28,SEARCH_Z
15.1960,0.5321,1.3688,-0.9735,-0.22513,0.01628,-0.02694,0.00,0.00,3.00,46.5,114.41,642.36,258.28,SEARCH_Z
15.2061,0.3521,1.2288,-0.7135,-0.23213,0.01828,-0.02594,0.00,0.00,3.00,46.5,114.41,642.38,258.29,SEARCH_Z
15.2162,0.2121,1.7388,-0.9135,-0.24413,0.00428,-0.02094,0.00,0.00,3.00,46.5,114.41,642.42,258.29,SEARCH_Z
15.2263,0.2921,1.6988,-0.7135,-0.24313,0.00528,-0.02094,0.00,0.00,3.00,46.5,114.41,642.44,258.29,SEARCH_Z
15.2364,0.1321,1.3688,-0.6435,-0.25013,0.02228,-0.02494,0.00,0.00,3.00,46.5,114.41,642.48,258.29,SEARCH_Z
15.2465,0.6921,1.3788,-0.9435,-0.22313,0.01828,-0.02594,0.00,0.00,3.00,46.5,114.41,642.50,258.29,SEARCH_Z
15.2566,0.2621,1.3988,-0.9235,-0.23313,0.00828,-0.02294,0.00,0.00,3.00,46.5,114.41,642.54,258.29,SEARCH_Z
15.2667,0.4021,0.9488,-0.3335,-0.19613,0.03728,-0.02294,0.00,0.00,3.00,46.5,114.41,642.56,258.29,SEARCH_Z
15.2768,0.3021,1.1588,-0.4435,-0.13513,0.04228,-0.01494,0.00,0.00,3.00,46.5,114.40,642.60,258.29,SEARCH_Z
15.2869,0.4121,1.1788,-0.0635,-0.12013,0.05128,-0.01794,0.00,0.00,3.00,46.5,114.40,642.62,258.29,SEARCH_Z
15.2970,0.4821,0.7688,0.2464,-0.14113,0.04528,-0.02794,0.00,0.00,3.00,46.5,114.40,642.66,258.30,SEARCH_Z
15.3071,0.4721,0.5888,0.4164,-0.12013,0.06328,-0.02094,0.00,0.00,3.00,46.5,114.40,642.68,258.30,SEARCH_Z
15.3172,0.5421,0.6988,0.0864,-0.10313,0.07528,-0.03094,0.00,0.00,3.00,46.5,114.40,642.72,258.30,SEARCH_Z
15.3274,0.5421,0.7888,0.2464,-0.13013,0.06228,-0.02294,0.00,0.00,3.00,46.5,114.40,642.75,258.30,SEARCH_Z
15.3374,0.7121,0.9588,0.1364,-0.10113,0.06228,-0.02194,0.00,0.00,3.00,46.6,114.40,642.78,258.30,SEARCH_Z
15.3476,0.3021,0.7188,0.1664,-0.11213,0.05928,-0.02694,0.00,0.00,3.00,46.6,114.40,642.81,258.30,SEARCH_Z
15.3577,0.2621,0.7288,0.1064,-0.12713,0.04528,-0.02094,0.00,0.00,3.00,46.6,114.40,642.84,258.30,SEARCH_Z
15.3678,0.5121,0.8288,-0.1335,-0.08113,0.06328,-0.01494,0.00,0.00,3.00,46.6,114.39,642.87,258.30,SEARCH_Z
15.3779,0.5421,0.6188,-0.1035,-0.08313,0.05628,-0.01994,0.00,0.00,3.00,46.6,114.39,642.90,258.30,SEARCH_Z
15.3880,0.4721,0.7088,-0.1635,-0.06313,0.05728,-0.01394,0.00,0.00,3.00,46.6,114.39,642.93,258.31,SEARCH_Z
15.3981,0.4521,0.7088,-0.0435,-0.08313,0.04028,-0.00994,0.00,0.00,3.00,46.6,114.39,642.96,258.31,SEARCH_Z
15.4082,0.6221,0.7588,-0.1535,-0.05413,0.04828,-0.01094,0.00,0.00,3.00,46.6,114.39,642.99,258.31,SEARCH_Z
15.4183,0.2821,0.1288,0.4964,-0.06113,0.06628,-0.01894,0.00,0.00,3.00,46.6,114.39,643.02,258.31,SEARCH_Z
15.4284,0.3621,0.3888,0.0364,-0.08013,0.04328,-0.00894,0.00,0.00,3.00,46.6,114.39,643.05,258.31,SEARCH_Z
15.4385,0.3921,0.7188,-0.1935,-0.06613,0.05028,-0.01294,0.00,0.00,3.00,46.6,114.39,643.08,258.31,SEARCH_Z
15.4486,0.6221,0.1288,0.4664,-0.06713,0.04928,-0.01894,0.00,0.00,3.00,46.6,114.39,643.11,258.31,SEARCH_Z
15.4587,0.5221,0.4288,-0.0535,-0.05913,0.05128,-0.01394,0.00,0.00,3.00,46.6,114.38,643.14,258.31,SEARCH_Z
15.4688,0.6221,0.2088,0.0064,-0.04513,0.05628,-0.01794,0.00,0.00,3.00,46.6,114.38,643.17,258.31,SEARCH_Z
15.4789,0.5521,0.4388,-0.1035,-0.06013,0.04228,-0.01194,0.00,0.00,3.00,46.6,114.38,643.20,258.31,SEARCH_Z
15.4889,0.4921,0.2188,0.1064,-0.03913,0.05528,-0.01394,0.00,0.00,3.00,46.6,114.38,643.23,258.32,SEARCH_Z
15.4990,0.4121,0.1188,0.2064,-0.04113,0.05128,-0.01094,0.00,0.00,3.00,46.6,114.38,643.26,258.32,SEARCH_Z
15.5091,0.5421,0.1988,0.0564,-0.02413,0.05028,-0.00694,0.00,0.00,3.00,46.6,114.38,643.29,258.32,SEARCH_Z
15.5192,0.3021,0.7088,-0.3735,-0.07013,0.02928,-0.00194,0.00,0.00,3.00,46.7,114.38,643.32,258.32,SEARCH_Z
15.5293,0.2921,0.2588,0.0364,-0.02813,0.04328,-0.00594,0.00,0.00,3.00,46.7,114.38,643.35,258.32,SEARCH_Z
15.5394,0.2921,0.2288,0.1064,-0.03413,0.04628,-0.00994,0.00,0.00,3.00,46.7,114.38,643.38,258.32,SEARCH_Z
15.5495,0.3021,0.1888,-0.1635,-0.05713,0.03728,-0.00794,0.00,0.00,3.00,46.7,114.37,643.41,258.32,SEARCH_Z
15.5596,0.4021,0.4988,-0.2335,-0.05413,0.03728,-0.00594,0.00,0.00,3.00,46.7,114.37,643.45,258.32,SEARCH_Z
15.5697,0.3221,0.3488,-0.4335,-0.06013,0.02428,-0.00394,0.00,0.00,3.00,46.7,114.37,643.47,258.32,SEARCH_Z
15.5798,0.4721,0.2888,-0.1935,-0.05613,0.02828,-0.01194,0.00,0.00,3.00,46.7,114.37,643.51,258.33,SEARCH_Z
15.5899,0.5521,0.2288,-0.1835,-0.04513,0.03428,-0.00794,0.00,0.00,3.00,46.7,114.37,643.53,258.33,SEARCH_Z
15.6000,0.3921,0.6288,-0.2535,-0.05913,0.02728,-0.00494,0.00,0.00,3.00,46.7,114.37,643.57,258.33,SEARCH_Z
15.6101,0.2621,0.1988,0.1064,-0.04913,0.04128,-0.00894,0.00,0.00,3.00,46.7,114.37,643.59,258.33,SEARCH_Z
15.6202,0.3221,0.3188,-0.1835,-0.04713,0.03228,-0.00494,0.00,0.00,3.00,46.7,114.37,643.63,258.33,SEARCH_Z
15.6303,0.6021,0.3588,0.0464,-0.04013,0.03428,-0.00394,0.00,0.00,3.00,46.7,114.36,643.65,258.33,SEARCH_Z
15.6404,0.2721,0.3988,-0.2835,-0.05613,0.02928,-0.00494,0.00,0.00,3.00,46.7,114.36,643.69,258.33,SEARCH_Z
15.6505,0.3621,0.2988,0.0664,-0.05813,0.02728,-0.00294,0.00,0.00,3.00,46.7,114.36,643.71,258.33,SEARCH_Z
15.6606,0.4221,0.0188,0.0564,-0.03913,0.03728,-0.00794,0.00,0.00,3.00,46.7,114.36,643.75,258.34,SEARCH_Z
15.6707,0.2221,0.4688,-0.2635,-0.06113,0.02428,-0.00394,0.00,0.00,3.00,46.7,114.36,643.77,258.34,SEARCH_Z
15.6808,0.3121,0.3188,0.0964,-0.04413,0.04728,-0.00594,0.00,0.00,3.00,46.7,114.36,643.81,258.34,SEARCH_Z
15.6909,0.3821,0.6288,-0.3635,-0.07513,0.01628,-0.00794,0.00,0.00,3.00,46.8,114.36,643.83,258.34,SEARCH_Z
15.7010,0.4021,0.1988,0.2464,-0.05113,0.04028,-0.00994,0.00,0.00,3.00,46.8,114.36,643.87,258.34,SEARCH_Z
15.7111,0.0921,0.6688,-0.3635,-0.07413,0.02828,-0.00394,0.00,0.00,3.00,46.8,114.36,643.89,258.34,SEARCH_Z
15.7211,0.2421,0.1588,-0.0535,-0.06413,0.03128,-0.00794,0.00,0.00,3.00,46.8,114.35,643.93,258.34,SEARCH_Z
15.7312,0.4121,0.2388,-0.1535,-0.05713,0.02728,-0.00694,0.00,0.00,3.00,46.8,114.35,643.95,258.34,SEARCH_Z
15.7413,0.3021,0.2188,-0.1235,-0.06313,0.02728,-0.00694,0.00,0.00,3.00,46.8,114.35,643.99,258.34,SEARCH_Z
15.7514,0.4421,0.4388,-0.1835,-0.04813,0.02628,-0.00094,0.00,0.00,3.00,46.8,114.35,644.03,258.35,SEARCH_Z
15.7615,0.2921,0.7388,-0.5235,-0.06713,0.01928,0.00005,0.00,0.00,3.00,46.8,114.35,644.05,258.35,SEARCH_Z
15.7716,0.4821,0.5388,-0.4835,-0.05013,0.02528,-0.00494,0.00,0.00,3.00,46.8,114.35,644.09,258.35,SEARCH_Z
15.7817,0.2621,0.2688,-0.2035,-0.06313,0.03828,-0.00694,0.00,0.00,3.00,46.8,114.35,644.11,258.35,SEARCH_Z
15.7918,0.1821,0.4588,-0.2635,-0.06013,0.04228,-0.00794,0.00,0.00,3.00,46.8,114.35,644.15,258.35,SEARCH_Z
15.8019,0.3221,0.6488,-0.1535,-0.06613,0.03528,-0.00794,0.00,0.00,3.00,46.8,114.35,644.17,258.35,SEARCH_Z
15.8120,0.0621,0.5288,-0.1335,-0.08413,0.03728,-0.00894,0.00,0.00,3.00,46.8,114.34,644.21,258.35,SEARCH_Z
15.8221,0.2221,0.3988,-0.3535,-0.07313,0.02328,-0.00794,0.00,0.00,3.00,46.8,114.34,644.23,258.35,SEARCH_Z
15.8322,0.0721,0.6988,-0.4935,-0.07913,0.02628,-0.00394,0.00,0.00,3.00,46.8,114.34,644.27,258.35,SEARCH_Z
15.8423,0.2421,0.3888,-0.0835,-0.05413,0.04228,-0.00894,0.00,0.00,3.00,46.8,114.34,644.29,258.35,SEARCH_Z
15.8524,0.4421,0.1988,-0.1535,-0.05013,0.03728,-0.01194,0.00,0.00,3.00,46.9,114.34,644.33,258.36,SEARCH_Z
15.8625,0.3521,0.6088,-0.1235,-0.05813,0.01628,-0.00594,0.00,0.00,3.00,46.9,114.34,644.35,258.36,SEARCH_Z
15.8726,0.4521,0.7388,-0.4335,-0.06113,0.02128,-0.00494,0.00,0.00,3.00,46.9,114.34,644.39,258.36,SEARCH_Z
15.8827,0.2021,0.5988,-0.3135,-0.06013,0.02328,-0.00494,0.00,0.00,3.00,46.9,114.34,644.41,258.36,SEARCH_Z
15.8928,0.2721,0.2288,0.0964,-0.07413,0.03428,-0.00994,0.00,0.00,3.00,46.9,114.33,644.45,258.36,SEARCH_Z
15.9029,0.2221,0.5188,-0.6835,-0.08413,0.01628,-0.00394,0.00,0.00,3.00,46.9,114.33,644.47,258.36,SEARCH_Z
15.9130,0.5021,0.5488,-0.3935,-0.07413,0.02228,-0.00794,0.00,0.00,3.00,46.9,114.33,644.51,258.36,SEARCH_Z
15.9231,0.4121,0.6188,-0.5235,-0.06813,0.02928,-0.00594,0.00,0.00,3.00,46.9,114.33,644.53,258.36,SEARCH_Z
15.9332,0.3821,0.4388,-0.1035,-0.05313,0.03628,-0.00794,0.00,0.00,3.00,46.9,114.33,644.57,258.36,SEARCH_Z
15.9433,0.1821,0.7288,-0.2435,-0.07513,0.03128,-0.00694,0.00,0.00,3.00,46.9,114.33,644.59,258.37,SEARCH_Z
15.9534,0.4021,0.3188,-0.0235,-0.06513,0.04028,-0.01094,0.00,0.00,3.00,46.9,114.33,644.63,258.37,SEARCH_Z
15.9635,0.2721,0.3088,-0.1235,-0.06013,0.03728,-0.00794,0.00,0.00,3.00,46.9,114.33,644.66,258.37,SEARCH_Z
15.9736,0.2721,0.2888,-0.1135,-0.07013,0.03628,-0.00894,0.00,0.00,3.00,46.9,114.33,644.69,258.37,SEARCH_Z
15.9837,0.2421,0.3788,-0.1435,-0.07813,0.02328,-0.00694,0.00,0.00,3.00,46.9,114.32,644.72,258.37,SEARCH_Z
15.9938,0.2921,0.7688,-0.4935,-0.05413,0.03328,-0.00594,0.00,0.00,3.00,46.9,114.32,644.75,258.37,SEARCH_Z
16.0039,0.4821,0.6788,-0.5335,-0.06613,0.02528,-0.00694,0.00,0.00,3.00,47.0,114.32,644.78,258.37,SEARCH_Z
16.0140,0.3721,0.6688,-0.1135,-0.06513,0.02528,-0.00794,0.00,0.00,3.00,47.0,114.32,644.81,258.37,SEARCH_Z
16.0242,0.2121,0.3388,-0.0935,-0.07413,0.03228,-0.00794,0.00,0.00,3.00,47.0,114.32,644.84,258.37,SEARCH_Z
16.0343,0.3821,0.1388,0.0264,-0.05713,0.03428,-0.00794,0.00,0.00,3.00,47.0,114.32,644.87,258.38,SEARCH_Z
16.0443,0.3721,0.9288,-0.7435,-0.06813,0.02128,-0.00594,0.00,0.00,3.00,47.0,114.32,644.90,258.38,SEARCH_Z
16.0544,0.2821,0.5588,-0.4735,-0.06413,0.02728,-0.00494,0.00,0.00,3.00,47.0,114.32,644.93,258.38,SEARCH_Z
16.0645,0.4121,0.6088,-0.5035,-0.05713,0.02428,-0.00394,0.00,0.00,3.00,47.0,114.32,644.96,258.38,SEARCH_Z
16.0746,0.2621,0.8388,-0.2135,-0.08213,0.02628,-0.00294,0.00,0.00,3.00,47.0,114.31,644.99,258.38,SEARCH_Z
16.0847,0.5521,0.2288,-0.4535,-0.05013,0.02628,-0.00894,0.00,0.00,3.00,47.0,114.31,645.02,258.38,SEARCH_Z
16.0949,0.1521,0.7088,-0.7535,-0.07513,0.03128,-0.00694,0.00,0.00,3.00,47.0,114.31,645.05,258.38,SEARCH_Z
16.1050,0.3621,0.4988,-0.1535,-0.07713,0.02528,-0.00794,0.00,0.00,3.00,47.0,114.31,645.08,258.38,SEARCH_Z
16.1151,0.2821,0.5588,-0.3335,-0.07813,0.02328,-0.00894,0.00,0.00,3.00,47.0,114.31,645.11,258.38,SEARCH_Z
16.1252,0.4721,0.6588,-0.2235,-0.05913,0.02628,-0.00794,0.00,0.00,3.00,47.0,114.31,645.14,258.39,SEARCH_Z
16.1353,0.5521,0.3988,-0.2935,-0.07813,0.02228,-0.00794,0.00,0.00,3.00,47.0,114.31,645.17,258.39,SEARCH_Z
16.1453,0.4921,0.1488,-0.4335,-0.06413,0.02828,-0.00994,0.00,0.00,3.00,47.0,114.31,645.20,258.39,SEARCH_Z
16.1554,0.2721,0.7488,-0.4335,-0.08013,0.01828,-0.00794,0.00,0.00,3.00,47.1,114.30,645.24,258.39,SEARCH_Z
16.1655,0.2221,0.4788,-0.0535,-0.09713,0.01828,-0.00794,0.00,0.00,3.00,47.1,114.30,645.26,258.39,SEARCH_Z
16.1756,0.3021,0.6088,-0.3535,-0.05313,0.03728,-0.00794,0.00,0.00,3.00,47.1,114.30,645.30,258.39,SEARCH_Z
16.1857,0.3621,0.5488,-0.2535,-0.07113,0.02528,-0.00794,0.00,0.00,3.00,47.1,114.30,645.32,258.39,SEARCH_Z
16.1958,0.2521,0.8888,-0.5335,-0.07213,0.02628,-0.00494,0.00,0.00,3.00,47.1,114.30,645.36,258.39,SEARCH_Z
16.2059,0.2421,0.4988,-0.4535,-0.07213,0.02328,-0.00494,0.00,0.00,3.00,47.1,114.30,645.38,258.39,SEARCH_Z
16.2160,0.2321,0.4688,-0.1135,-0.07313,0.03328,-0.00594,0.00,0.00,3.00,47.1,114.30,645.42,258.40,SEARCH_Z
16.2261,0.4221,0.3488,-0.2935,-0.08113,0.01328,-0.00994,0.00,0.00,3.00,47.1,114.30,645.44,258.40,SEARCH_Z
16.2362,0.1921,0.3588,-0.1635,-0.06913,0.03628,-0.00894,0.00,0.00,3.00,47.1,114.30,645.48,258.40,SEARCH_Z
16.2463,0.4521,0.4288,-0.1235,-0.05713,0.03028,-0.00894,0.00,0.00,3.00,47.1,114.29,645.50,258.40,SEARCH_Z
16.2564,0.3521,0.2088,-0.2935,-0.07913,0.02628,-0.00994,0.00,0.00,3.00,47.1,114.29,645.54,258.40,SEARCH_Z
16.2665,0.2821,0.4588,-0.3435,-0.07513,0.03328,-0.01094,0.00,0.00,3.00,47.1,114.29,645.56,258.40,SEARCH_Z
16.2765,0.3421,0.4588,-0.2235,-0.08013,0.02228,-0.00794,0.00,0.00,3.00,47.1,114.29,645.60,258.40,SEARCH_Z
16.2866,0.2721,0.9288,-0.2935,-0.07613,0.02528,-0.00694,0.00,0.00,3.00,47.1,114.29,645.62,258.40,SEARCH_Z
16.2967,0.2221,0.4388,-0.4135,-0.08313,0.03328,-0.00994,0.00,0.00,3.00,47.2,114.29,645.66,258.40,SEARCH_Z
16.3068,0.1921,0.5988,-0.3035,-0.08013,0.02028,-0.00694,0.00,0.00,3.00,47.2,114.29,645.68,258.41,SEARCH_Z
16.3169,0.1821,0.2688,-0.1535,-0.07313,0.03128,-0.01094,0.00,0.00,3.00,47.2,114.29,645.72,258.41,SEARCH_Z
16.3270,0.4921,0.2888,-0.2235,-0.04213,0.03528,-0.01094,0.00,0.00,3.00,47.2,114.29,645.74,258.41,SEARCH_Z
16.3370,0.1321,0.5788,-0.3835,-0.07213,0.03628,-0.00794,0.00,0.00,3.00,47.2,114.28,645.78,258.41,SEARCH_Z
16.3471,0.5021,0.4288,-0.2235,-0.06813,0.02428,-0.00794,0.00,0.00,3.00,47.2,114.28,645.80,258.41,SEARCH_Z
16.3572,0.1821,0.4088,-0.3235,-0.08113,0.02728,-0.00694,0.00,0.00,3.00,47.2,114.28,645.84,258.41,SEARCH_Z
16.3673,0.3421,0.5788,-0.2335,-0.08513,0.02528,-0.00994,0.00,0.00,3.00,47.2,114.28,645.86,258.41,SEARCH_Z
16.3774,0.2421,0.7588,-0.2335,-0.07113,0.03128,-0.00594,0.00,0.00,3.00,47.2,114.28,645.90,258.41,SEARCH_Z
16.3875,0.5221,0.6588,-0.5835,-0.06913,0.02028,-0.00894,0.00,0.00,3.00,47.2,114.28,645.93,258.41,SEARCH_Z
16.3976,0.4421,0.5888,-0.2835,-0.07513,0.02628,-0.00494,0.00,0.00,3.00,47.2,114.28,645.96,258.42,SEARCH_Z
16.4077,0.1121,0.7788,-0.5735,-0.11513,0.01028,-0.00794,0.00,0.00,3.00,47.2,114.28,645.99,258.42,SEARCH_Z
16.4178,0.4721,0.1888,-0.0635,-0.06913,0.03928,-0.01094,0.00,0.00,3.00,47.2,114.28,646.02,258.42,SEARCH_Z
16.4279,0.3921,0.4988,-0.1335,-0.06913,0.03828,-0.00694,0.00,0.00,3.00,47.2,114.27,646.05,258.42,SEARCH_Z
16.4380,0.3021,0.6488,-0.3535,-0.06913,0.02928,-0.00694,0.00,0.00,3.00,47.3,114.27,646.08,258.42,SEARCH_Z
16.4481,0.1921,0.6788,-0.4135,-0.07113,0.02628,-0.00594,0.00,0.00,3.00,47.3,114.27,646.11,258.42,SEARCH_Z
16.4582,0.2521,0.1088,0.0564,-0.06813,0.03528,-0.00894,0.00,0.00,3.00,47.3,114.27,646.14,258.42,SEARCH_Z
16.4683,0.1721,0.4488,-0.4735,-0.07313,0.03328,-0.00794,0.00,0.00,3.00,47.3,114.27,646.17,258.42,SEARCH_Z
16.4784,0.3021,0.2188,0.0564,-0.07113,0.03728,-0.00794,0.00,0.00,3.00,47.3,114.27,646.20,258.42,SEARCH_Z
16.4885,0.3921,0.4788,-0.3435,-0.07913,0.01528,-0.00794,0.00,0.00,3.00,47.3,114.27,646.23,258.43,SEARCH_Z
16.4986,0.3321,0.5388,-0.3335,-0.07613,0.02328,-0.00694,0.00,0.00,3.00,47.3,114.27,646.26,258.43,SEARCH_Z
16.5087,0.1721,0.5488,-0.3635,-0.09413,0.02728,-0.00794,0.00,0.00,3.00,47.3,114.26,646.29,258.43,SEARCH_Z
16.5188,0.4721,0.5488,-0.0035,-0.06513,0.03728,-0.00894,0.00,0.00,3.00,47.3,114.26,646.32,258.43,SEARCH_Z
16.5289,0.3421,0.6988,-0.4935,-0.07113,0.02328,-0.00494,0.00,0.00,3.00,47.3,114.26,646.35,258.43,SEARCH_Z
16.5390,0.3821,0.4788,-0.2835,-0.07213,0.02628,-0.00794,0.00,0.00,3.00,47.3,114.26,646.38,258.43,SEARCH_Z
16.5491,0.1821,0.2988,0.0164,-0.07813,0.03528,-0.00794,0.00,0.00,3.00,47.3,114.26,646.41,258.43,SEARCH_Z
16.5592,0.4321,0.5788,-0.1435,-0.08113,0.02428,-0.00794,0.00,0.00,3.00,47.3,114.26,646.44,258.43,SEARCH_Z
16.5693,0.2221,0.4688,-0.4235,-0.07713,0.02428,-0.00794,0.00,0.00,3.00,47.4,114.26,646.47,258.43,SEARCH_Z
16.5794,0.4221,0.2288,-0.0035,-0.07013,0.03028,-0.00794,0.00,0.00,3.00,47.4,114.26,646.50,258.44,SEARCH_Z
16.5895,0.3921,0.4688,-0.3835,-0.07613,0.02928,-0.00794,0.00,0.00,3.00,47.4,114.26,646.53,258.44,SEARCH_Z
16.5996,0.1821,0.7388,-0.6235,-0.09313,0.02528,-0.00794,0.00,0.00,3.00,47.4,114.25,646.57,258.44,SEARCH_Z
16.6097,0.3821,0.4288,-0.4735,-0.07413,0.02028,-0.00994,0.00,0.00,3.00,47.4,114.25,646.59,258.44,SEARCH_Z
16.6198,0.4421,-0.0211,0.0364,-0.07813,0.02228,-0.00994,0.00,0.00,3.00,47.4,114.25,646.63,258.44,SEARCH_Z
16.6299,0.2421,0.4388,-0.2535,-0.07213,0.03228,-0.00694,0.00,0.00,3.00,47.4,114.25,646.65,258.44,SEARCH_Z
16.6400,0.5221,0.8988,-0.4735,-0.07113,0.02028,-0.00594,0.00,0.00,3.00,47.4,114.25,646.69,258.44,SEARCH_Z
16.6501,0.2821,0.6288,-0.3935,-0.07413,0.02628,-0.00494,0.00,0.00,3.00,47.4,114.25,646.71,258.44,SEARCH_Z
16.6602,0.4521,0.3288,-0.3035,-0.05113,0.03628,-0.00794,0.00,0.00,3.00,47.4,114.25,646.75,258.44,SEARCH_Z
16.6703,0.3421,0.5088,-0.3335,-0.08613,0.02528,-0.00894,0.00,0.00,3.00,47.4,114.25,646.77,258.45,SEARCH_Z
16.6804,0.2421,0.5288,-0.4735,-0.06513,0.03128,-0.00694,0.00,0.00,3.00,47.4,114.25,646.81,258.45,SEARCH_Z
16.6905,0.4421,0.8688,-0.4635,-0.07313,0.01728,-0.00694,0.00,0.00,3.00,47.4,114.24,646.83,258.45,SEARCH_Z
16.7006,0.2021,0.7588,-0.6035,-0.07813,0.01728,-0.00794,0.00,0.00,3.00,47.5,114.24,646.87,258.45,SEARCH_Z
16.7107,0.2721,0.6688,0.0164,-0.05913,0.04428,-0.00694,0.00,0.00,3.00,47.5,114.24,646.91,258.45,SEARCH_Z
16.7208,0.3821,0.5888,-0.5835,-0.08113,0.02528,-0.00894,0.00,0.00,3.00,47.5,114.24,646.93,258.45,SEARCH_Z
16.7309,0.3821,0.6588,-0.4735,-0.05513,0.03328,-0.01294,0.00,0.00,3.00,47.5,114.24,646.95,258.45,SEARCH_Z
16.7410,0.3521,0.7288,-0.6735,-0.07813,0.01628,-0.01094,0.00,0.00,3.00,47.5,114.24,646.99,258.45,SEARCH_Z
16.7511,0.4321,0.6188,-0.4735,-0.07113,0.02428,-0.00694,0.00,0.00,3.00,47.5,114.24,647.01,258.45,SEARCH_Z
16.7612,0.2721,0.4888,-0.1935,-0.08713,0.03228,-0.00794,0.00,0.00,3.00,47.5,114.24,647.05,258.46,SEARCH_Z
16.7713,0.6121,0.5588,-0.4835,-0.06613,0.01828,-0.00894,0.00,0.00,3.00,47.5,114.24,647.07,258.46,SEARCH_Z
16.7814,0.5121,0.5288,-0.4735,-0.07713,0.02428,-0.01094,0.00,0.00,3.00,47.5,114.23,647.11,258.46,SEARCH_Z
16.7916,0.2321,0.5288,-0.3135,-0.07713,0.03028,-0.00694,0.00,0.00,3.00,47.5,114.23,647.15,258.46,SEARCH_Z
16.8016,0.1921,0.2788,-0.0835,-0.07413,0.03128,-0.00794,0.00,0.00,3.00,47.5,114.23,647.17,258.46,SEARCH_Z
16.8118,0.1721,0.6488,-0.0735,-0.06213,0.04128,-0.00794,0.00,0.00,3.00,47.5,114.23,647.21,258.46,SEARCH_Z
16.8218,0.3221,0.5388,-0.4135,-0.07113,0.02628,-0.00794,0.00,0.00,3.00,47.6,114.23,647.23,258.46,SEARCH_Z
16.8319,0.2921,0.3988,-0.0935,-0.07313,0.03428,-0.00594,0.00,0.00,3.00,47.6,114.23,647.27,258.46,SEARCH_Z
16.8421,0.1521,0.5088,-0.4235,-0.07713,0.03628,-0.00494,0.00,0.00,3.00,47.6,114.23,647.29,258.46,SEARCH_Z
16.8522,0.4221,0.1888,-0.0635,-0.07013,0.02728,-0.00794,0.00,0.00,3.00,47.6,114.23,647.33,258.47,SEARCH_Z
16.8623,0.3821,0.4088,-0.4135,-0.06413,0.03128,-0.01094,0.00,0.00,3.00,47.6,114.22,647.35,258.47,SEARCH_Z
16.8724,0.3621,0.4688,-0.5935,-0.08313,0.01928,-0.01094,0.00,0.00,3.00,47.6,114.22,647.39,258.47,SEARCH_Z
16.8825,0.3421,0.6288,-0.1835,-0.07813,0.03128,-0.00794,0.00,0.00,3.00,47.6,114.22,647.41,258.47,SEARCH_Z
16.8926,0.3921,0.1388,-0.0435,-0.06513,0.03628,-0.00994,0.00,0.00,3.00,47.6,114.22,647.45,258.47,SEARCH_Z
16.9027,0.3321,0.8488,-0.4435,-0.06713,0.02728,-0.00394,0.00,0.00,3.00,47.6,114.22,647.47,258.47,SEARCH_Z
16.9128,0.4721,0.8188,-0.4735,-0.07813,0.01628,-0.00594,0.00,0.00,3.00,47.6,114.22,647.51,258.47,SEARCH_Z
16.9229,0.3021,0.4388,-0.1535,-0.06813,0.03528,-0.00994,0.00,0.00,3.00,47.6,114.22,647.53,258.47,SEARCH_Z
16.9330,0.1121,0.3788,0.1064,-0.09613,0.02328,-0.00594,0.00,0.00,3.00,47.6,114.22,647.57,258.47,SEARCH_Z
16.9431,0.5221,0.0788,0.1564,-0.05813,0.04028,-0.01294,0.00,0.00,3.00,47.6,114.22,647.59,258.48,SEARCH_Z
16.9531,0.0421,0.4388,-0.4235,-0.09513,0.02328,-0.00794,0.00,0.00,3.00,47.7,114.21,647.63,258.48,SEARCH_Z
16.9632,0.1621,0.1688,0.0664,-0.06913,0.04528,-0.00994,0.00,0.00,3.00,47.7,114.21,647.65,258.48,SEARCH_Z
16.9733,0.4421,0.4788,-0.4335,-0.08213,0.00628,-0.00794,0.00,0.00,3.00,47.7,114.21,647.69,258.48,SEARCH_Z
16.9834,0.1921,0.6988,-0.5235,-0.08013,0.02528,-0.00794,0.00,0.00,3.00,47.7,114.21,647.72,258.48,SEARCH_Z
16.9935,0.3221,0.6788,-0.2835,-0.06713,0.03328,-0.00394,0.00,0.00,3.00,47.7,114.21,647.75,258.48,SEARCH_Z
17.0036,0.2421,0.5688,-0.2835,-0.07213,0.02628,-0.00294,0.00,0.00,3.00,47.7,114.21,647.78,258.48,SEARCH_Z
17.0137,0.2021,0.7088,-0.2635,-0.09713,0.02628,-0.00594,0.00,0.00,3.00,47.7,114.21,647.81,258.48,SEARCH_Z
17.0238,0.3221,0.5788,-0.1235,-0.06513,0.03128,-0.00794,0.00,0.00,3.00,47.7,114.21,647.84,258.48,SEARCH_Z
17.0339,0.2421,0.5388,-0.4735,-0.08513,0.02728,-0.00794,0.00,0.00,3.00,47.7,114.21,647.87,258.49,SEARCH_Z
17.0440,0.3921,0.5988,-0.0835,-0.07313,0.02728,-0.00594,0.00,0.00,3.00,47.7,114.20,647.90,258.49,SEARCH_Z
17.0541,0.3021,0.4188,-0.4535,-0.08413,0.02028,-0.00794,0.00,0.00,3.00,47.7,114.20,647.93,258.49,SEARCH_Z
17.0642,0.3021,0.2588,0.0664,-0.05913,0.04028,-0.00794,0.00,0.00,3.00,47.8,114.20,647.96,258.49,SEARCH_Z
17.0743,0.4221,0.6388,-0.4635,-0.06813,0.03328,-0.00794,0.00,0.00,3.00,47.8,114.20,647.99,258.49,SEARCH_Z
17.0844,0.1521,0.7888,-0.6035,-0.09113,0.01828,-0.00594,0.00,0.00,3.00,47.8,114.20,648.02,258.49,SEARCH_Z
17.0945,0.1221,0.7588,-0.4035,-0.08213,0.02728,-0.00694,0.00,0.00,3.00,47.8,114.20,648.05,258.49,SEARCH_Z
17.1046,0.2821,0.7288,-0.4235,-0.06413,0.03528,-0.00294,0.00,0.00,3.00,47.8,114.20,648.08,258.49,SEARCH_Z
17.1147,0.3321,0.4888,-0.3335,-0.05213,0.02428,-0.00794,0.00,0.00,3.00,47.8,114.20,648.11,258.49,SEARCH_Z
17.1249,0.3421,0.2888,-0.3435,-0.04513,0.03928,-0.00794,0.00,0.00,3.00,47.8,114.19,648.14,258.50,SEARCH_Z
17.1350,0.2221,0.4188,-0.4735,-0.07113,0.02728,-0.00394,0.00,0.00,3.00,47.8,114.19,648.17,258.50,SEARCH_Z
17.1451,0.3521,0.8688,-0.6235,-0.07113,0.02128,-0.00194,0.00,0.00,3.00,47.8,114.19,648.20,258.50,SEARCH_Z
17.1552,0.5121,0.4488,-0.8135,-0.06513,0.00328,-0.00394,0.00,0.00,3.00,47.8,114.19,648.23,258.50,SEARCH_Z
17.1653,0.3121,0.2488,-0.6435,-0.06713,0.01628,-0.00794,0.00,0.00,3.00,47.8,114.19,648.26,258.50,SEARCH_Z
17.1754,0.2321,0.4788,-0.5935,-0.06313,0.02528,-0.00194,0.00,0.00,3.00,47.9,114.19,648.30,258.50,SEARCH_Z
17.1855,0.3121,0.6488,-0.8635,-0.06613,0.02228,0.00005,0.00,0.00,3.00,47.9,114.19,648.32,258.50,SEARCH_Z
17.1955,0.5821,0.3288,-0.6135,-0.02613,0.03628,0.00005,0.00,0.00,3.00,47.9,114.19,648.36,258.50,SEARCH_Z
17.2056,0.3921,0.4088,-0.5935,-0.03013,0.03628,0.00005,0.00,0.00,3.00,47.9,114.19,648.38,258.50,SEARCH_Z
17.2157,0.3621,0.0488,-0.7135,-0.01913,0.03728,-0.00394,0.00,0.00,3.00,47.9,114.18,648.42,258.51,SEARCH_Z
17.2259,0.4521,-0.0411,-0.3635,-0.02213,0.04328,-0.00094,0.00,0.00,3.00,47.9,114.18,648.44,258.51,SEARCH_Z
17.2360,0.3021,0.2088,-0.6035,-0.02713,0.03928,0.00005,0.00,0.00,3.00,47.9,114.18,648.48,258.51,SEARCH_Z
17.2461,0.3721,0.2188,-0.7035,-0.02713,0.03028,-0.00194,0.00,0.00,3.00,47.9,114.18,648.50,258.51,SEARCH_Z
