time,fx,fy,fz,tx,ty,tz,vx,vy,vz,travel_mm,pos_x,pos_y,pos_z,phase
0.0000,-0.0416,0.3875,-0.4818,-0.00367,-0.00740,0.00188,-5.00,0.00,0.00,0.0,125.54,633.27,302.35,DESCEND
0.0101,0.0783,-0.0224,0.1181,0.01632,0.00059,-0.00111,-5.00,0.00,0.00,0.0,125.54,633.27,302.35,DESCEND
0.0202,0.1083,0.0575,-0.0318,0.00732,0.00159,-0.00211,-5.00,0.00,0.00,0.0,125.54,633.27,302.34,DESCEND
0.0303,-0.1316,-0.0124,0.3081,-0.00667,0.00259,-0.00011,-5.00,0.00,0.00,0.0,125.54,633.27,302.33,DESCEND
0.0404,-0.0716,0.0275,0.2881,-0.01567,-0.00140,0.00088,-5.00,0.00,0.00,0.0,125.54,633.27,302.32,DESCEND
0.0505,-0.2216,0.3374,0.0281,-0.00667,0.00459,-0.00011,-5.00,0.00,0.00,0.0,125.54,633.27,302.30,DESCEND
0.0607,-0.1016,-0.0324,0.4181,0.00732,0.01659,-0.00311,-5.00,0.00,0.00,0.1,125.54,633.27,302.28,DESCEND
0.0707,-0.0216,0.2975,0.0981,0.00632,0.00859,-0.00111,-5.00,0.00,0.00,0.1,125.54,633.27,302.26,DESCEND
0.0809,0.0483,0.1974,-0.2318,0.00932,-0.00240,-0.00211,-5.00,0.00,0.00,0.1,125.54,633.27,302.23,DESCEND
0.0909,-0.0316,-0.2324,0.0581,-0.00267,-0.00140,-0.00511,-5.00,0.00,0.00,0.1,125.54,633.28,302.20,DESCEND
0.1011,0.2083,0.0275,-0.0618,0.01532,0.00459,-0.00211,-5.00,0.00,0.00,0.2,125.54,633.28,302.16,DESCEND
0.1112,-0.2316,0.1875,-0.0118,0.00232,0.01159,0.00088,-5.00,0.00,0.00,0.2,125.54,633.28,302.13,DESCEND
0.1212,0.0983,-0.1424,0.2581,0.01932,0.00959,-0.00211,-5.00,0.00,0.00,0.3,125.54,633.28,302.08,DESCEND
0.1313,-0.1416,-0.0625,0.2081,0.00832,0.00959,0.00088,-5.00,0.00,0.00,0.3,125.54,633.28,302.04,DESCEND
0.1414,0.0883,-0.2625,0.0381,0.01132,-0.00140,-0.00111,-5.00,0.00,0.00,0.4,125.54,633.28,301.98,DESCEND
0.1515,0.0383,0.1175,-0.0718,-0.00667,-0.00340,-0.00011,-5.00,0.00,0.00,0.4,125.54,633.28,301.94,DESCEND
0.1616,0.1283,-0.3825,0.2381,0.00732,0.01659,-0.00511,-5.00,0.00,0.00,0.5,125.54,633.29,301.88,DESCEND
0.1717,0.0383,0.1775,-0.3218,0.00332,0.01259,0.00288,-5.00,0.00,0.00,0.5,125.54,633.29,301.84,DESCEND
0.1818,0.0283,0.2875,-0.1718,-0.01467,-0.00640,-0.00011,-5.00,0.00,0.00,0.6,125.54,633.29,301.78,DESCEND
0.1919,0.1083,-0.2424,0.2681,0.01632,0.00259,-0.00211,-5.00,0.00,0.00,0.6,125.54,633.29,301.74,DESCEND
0.2020,0.0883,0.1075,0.0281,0.00432,-0.00340,-0.00211,-5.00,0.00,0.00,0.7,125.54,633.29,301.68,DESCEND
0.2121,0.0283,0.0174,-0.2018,0.00832,-0.01040,0.00288,-5.00,0.00,0.00,0.7,125.54,633.30,301.64,DESCEND
0.2222,-0.3716,0.0975,0.0481,-0.01467,-0.00740,-0.00011,-5.00,0.00,0.00,0.8,125.54,633.30,301.58,DESCEND
0.2323,-0.1416,-0.1725,0.2781,0.00932,0.00759,-0.00411,-5.00,0.00,0.00,0.8,125.54,633.30,301.54,DESCEND
0.2424,-0.1016,-0.0724,0.0981,0.02432,0.01959,-0.00011,-5.00,0.00,0.00,0.9,125.54,633.30,301.48,DESCEND
0.2525,0.0783,0.0575,0.3081,0.01232,0.01159,-0.00211,-5.00,0.00,0.00,0.9,125.54,633.30,301.42,DESCEND
0.2626,0.0583,0.1775,-0.0818,0.00432,0.00259,-0.00111,-5.00,0.00,0.00,1.0,125.54,633.31,301.38,DESCEND
0.2726,0.0683,0.1575,0.2081,0.01732,0.00959,0.00288,-5.00,0.00,0.00,1.0,125.54,633.31,301.32,DESCEND
0.2828,0.1783,0.0975,-0.1018,0.00932,0.00559,-0.00411,-5.00,0.00,0.00,1.1,125.54,633.31,301.28,DESCEND
0.2928,0.1283,-0.2925,0.2081,0.02532,0.01759,0.00088,-5.00,0.00,0.00,1.1,125.54,633.31,301.22,DESCEND
0.3030,-0.0916,-0.2825,0.1681,-0.00267,0.01359,-0.00011,-5.00,0.00,0.00,1.2,125.54,633.31,301.18,DESCEND
0.3130,0.1283,0.1675,-0.0518,0.01232,0.00359,-0.00511,-5.00,0.00,0.00,1.2,125.54,633.31,301.12,DESCEND
0.3231,-0.0316,0.1474,-0.1018,0.00732,-0.00440,0.00388,-5.00,0.00,0.00,1.3,125.54,633.32,301.08,DESCEND
0.3332,-0.0916,-0.0224,0.1181,-0.00167,-0.00840,0.00088,-5.00,0.00,0.00,1.3,125.54,633.32,301.02,DESCEND
0.3434,-0.1116,-0.0525,0.2481,0.02632,0.00859,-0.00211,-5.00,0.00,0.00,1.4,125.54,633.32,300.98,DESCEND
0.3535,-0.0816,0.0275,0.0081,0.00232,-0.00440,-0.00211,-5.00,0.00,0.00,1.4,125.54,633.32,300.93,DESCEND
0.3636,0.0283,-0.0224,-0.0318,0.00232,-0.00040,0.00088,-5.00,0.00,0.00,1.5,125.54,633.32,300.89,DESCEND
0.3737,0.0083,-0.2124,0.1881,0.01532,0.00559,-0.00211,-5.00,0.00,0.00,1.5,125.55,633.33,300.83,DESCEND
0.3838,0.0583,0.0174,-0.1018,0.02032,0.01459,-0.00011,-5.00,0.00,0.00,1.6,125.55,633.33,300.79,DESCEND
0.3939,-0.0116,-0.0324,-0.2318,0.01132,0.00659,0.00188,-5.00,0.00,0.00,1.6,125.55,633.33,300.73,DESCEND
0.4040,-0.0116,0.0774,0.1081,-0.00567,0.00359,-0.00211,-5.00,0.00,0.00,1.7,125.55,633.33,300.69,DESCEND
0.4141,-0.1216,-0.0824,0.1381,-0.00467,0.00759,-0.00011,-5.00,0.00,0.00,1.7,125.55,633.33,300.63,DESCEND
0.4242,-0.0016,0.1275,-0.1218,0.00632,-0.00240,0.00188,-5.00,0.00,0.00,1.8,125.55,633.33,300.59,DESCEND
0.4343,-0.1216,0.0475,0.3281,0.00932,0.00859,-0.00111,-5.00,0.00,0.00,1.8,125.55,633.34,300.53,DESCEND
0.4444,-0.0916,0.0874,-0.2318,-0.00267,-0.00240,-0.00011,-5.00,0.00,0.00,1.9,125.55,633.34,300.47,DESCEND
0.4545,-0.0616,0.0674,0.2081,-0.00467,0.00459,-0.00011,-5.00,0.00,0.00,1.9,125.55,633.34,300.43,DESCEND
0.4646,0.0483,0.0575,-0.0718,0.01832,0.00559,0.00188,-5.00,0.00,0.00,2.0,125.55,633.34,300.37,DESCEND
0.4747,-0.2016,0.4175,-0.3418,-0.01067,-0.00840,0.00088,-5.00,0.00,0.00,2.0,125.55,633.34,300.33,DESCEND
0.4848,0.1683,0.1275,0.1481,0.02832,0.01859,0.00088,-5.00,0.00,0.00,2.1,125.55,633.35,300.27,DESCEND
0.4949,-0.0716,0.1275,-0.1118,-0.01267,0.00359,-0.00111,-5.00,0.00,0.00,2.1,125.55,633.35,300.23,DESCEND
0.5050,0.2783,-0.0724,0.0981,0.01832,0.00159,0.00088,-5.00,0.00,0.00,2.2,125.55,633.35,300.17,DESCEND
0.5151,0.1383,-0.4125,0.4281,0.02832,0.02259,-0.00411,-5.00,0.00,0.00,2.2,125.55,633.35,300.13,DESCEND
0.5252,-0.0716,-0.1024,0.2181,0.00632,0.01359,-0.00011,-5.00,0.00,0.00,2.3,125.55,633.35,300.07,DESCEND
0.5353,0.0683,0.1675,-0.4618,0.00532,0.00259,0.00088,-5.00,0.00,0.00,2.3,125.55,633.35,300.03,DESCEND
0.5454,0.0283,0.1275,-0.0118,0.01232,0.00159,0.00088,-5.00,0.00,0.00,2.4,125.55,633.36,299.97,DESCEND
0.5555,-0.0216,0.2774,0.0081,0.01032,0.00159,0.00088,-5.00,0.00,0.00,2.4,125.55,633.36,299.93,DESCEND
0.5656,0.0683,0.3274,-0.5918,0.00332,-0.01240,0.00288,-5.00,0.00,0.00,2.5,125.55,633.36,299.87,DESCEND
0.5757,0.0183,0.2774,-0.0618,-0.00067,-0.00640,0.00088,-5.00,0.00,0.00,2.5,125.55,633.36,299.83,DESCEND
0.5858,-0.0516,0.2275,-0.1818,0.00432,-0.00440,-0.00011,-5.00,0.00,0.00,2.6,125.55,633.36,299.77,DESCEND
0.5959,-0.2016,0.1374,-0.2818,-0.00667,-0.00740,0.00288,-5.00,0.00,0.00,2.6,125.55,633.37,299.73,DESCEND
0.6060,-0.1716,0.3674,-0.2718,0.00332,-0.00040,0.00488,-5.00,0.00,0.00,2.7,125.55,633.37,299.67,DESCEND
0.6161,-0.0016,0.1974,-0.1818,0.00332,0.00059,-0.00011,-5.00,0.00,0.00,2.7,125.55,633.37,299.63,DESCEND
0.6262,-0.1516,0.3775,-0.4418,0.00232,0.00159,0.00288,-5.00,0.00,0.00,2.8,125.55,633.37,299.57,DESCEND
0.6364,0.1283,0.3474,-0.2218,0.01332,0.00359,-0.00011,-5.00,0.00,0.00,2.8,125.55,633.37,299.51,DESCEND
0.6465,0.0483,0.2175,-0.3118,0.00632,-0.00240,0.00388,-5.00,0.00,0.00,2.9,125.55,633.38,299.47,DESCEND
0.6566,-0.0316,-0.1324,0.3181,0.00532,0.01959,0.00288,-5.00,0.00,0.00,2.9,125.55,633.38,299.41,DESCEND
0.6667,0.0483,0.1175,0.0881,-0.00167,-0.00340,-0.00011,-5.00,0.00,0.00,3.0,125.55,633.38,299.37,DESCEND
0.6768,-0.0316,0.3975,-0.2418,-0.00567,-0.00940,0.00088,-5.00,0.00,0.00,3.0,125.55,633.38,299.31,DESCEND
0.6869,0.0283,0.0575,0.0981,0.00832,0.00159,-0.00211,-5.00,0.00,0.00,3.1,125.55,633.38,299.27,DESCEND
0.6970,-0.0016,0.0174,0.0181,-0.00167,-0.00840,-0.00011,-5.00,0.00,0.00,3.1,125.55,633.38,299.21,DESCEND
0.7071,0.1783,-0.4724,0.1781,0.01832,0.00359,-0.00411,-5.00,0.00,0.00,3.2,125.55,633.39,299.17,DESCEND
0.7172,0.0183,0.2375,0.1481,-0.01067,-0.00440,0.00588,-5.00,0.00,0.00,3.2,125.55,633.39,299.11,DESCEND
0.7274,0.0283,0.0874,-0.0718,-0.00067,-0.00140,0.00088,-5.00,0.00,0.00,3.3,125.55,633.39,299.07,DESCEND
0.7374,0.0083,0.0774,0.0881,0.02532,0.00959,-0.00111,-5.00,0.00,0.00,3.3,125.55,633.39,299.01,DESCEND
0.7476,0.0883,-0.1524,-0.0318,-0.00567,-0.00940,-0.00211,-5.00,0.00,0.00,3.4,125.55,633.39,298.97,DESCEND
0.7577,-0.1516,0.1474,0.0581,0.00432,0.01159,0.00288,-5.00,0.00,0.00,3.4,125.55,633.40,298.91,DESCEND
0.7678,0.0083,-0.1324,0.0781,0.02232,0.01359,0.00288,-5.00,0.00,0.00,3.5,125.55,633.40,298.87,DESCEND
0.7779,0.0783,-0.1624,-0.1218,0.02132,0.00459,0.00188,-5.00,0.00,0.00,3.5,125.55,633.40,298.81,DESCEND
0.7880,-0.1116,0.2475,-0.0718,0.00532,0.00759,0.00388,-5.00,0.00,0.00,3.6,125.55,633.40,298.77,DESCEND
0.7981,0.0483,-0.2225,0.2481,0.01332,0.01359,-0.00011,-5.00,0.00,0.00,3.6,125.55,633.40,298.71,DESCEND
0.8082,0.2783,0.1275,-0.1818,0.01932,-0.00340,0.00288,-5.00,0.00,0.00,3.7,125.55,633.40,298.67,DESCEND
0.8183,-0.1416,-0.0124,0.0781,-0.00867,0.00459,-0.00111,-5.00,0.00,0.00,3.7,125.55,633.41,298.61,DESCEND
0.8284,-0.0216,0.2475,-0.3018,-0.00767,-0.01140,-0.00011,-5.00,0.00,0.00,3.8,125.55,633.41,298.55,DESCEND
0.8385,-0.1116,0.4475,-0.4818,-0.00667,-0.02240,0.00788,-5.00,0.00,0.00,3.8,125.55,633.41,298.51,DESCEND
0.8486,-0.0916,0.1575,0.0581,-0.00167,0.00659,-0.00011,-5.00,0.00,0.00,3.9,125.55,633.41,298.45,DESCEND
0.8586,-0.1816,-0.1624,0.1881,0.00132,0.00559,-0.00211,-5.00,0.00,0.00,3.9,125.55,633.41,298.41,DESCEND
0.8687,-0.1116,-0.0924,0.0181,-0.00267,0.00259,0.00288,-5.00,0.00,0.00,4.0,125.55,633.42,298.35,DESCEND
0.8788,0.1783,-0.0924,0.1481,0.01332,-0.00040,-0.00111,-5.00,0.00,0.00,4.0,125.55,633.42,298.31,DESCEND
0.8889,0.0083,0.3374,-0.1918,0.00332,-0.00140,0.00288,-5.00,0.00,0.00,4.1,125.55,633.42,298.25,DESCEND
0.8990,-0.2316,0.1474,0.1781,0.00732,0.00859,0.00288,-5.00,0.00,0.00,4.1,125.55,633.42,298.21,DESCEND
0.9091,-0.0516,-0.1424,0.1181,0.00532,0.01059,-0.00211,-5.00,0.00,0.00,4.2,125.55,633.42,298.15,DESCEND
0.9192,-0.1616,0.3474,0.0781,0.00932,0.01059,0.00488,-5.00,0.00,0.00,4.2,125.55,633.43,298.11,DESCEND
0.9293,0.0783,0.0074,0.1881,0.01532,0.01059,-0.00011,-5.00,0.00,0.00,4.3,125.55,633.43,298.05,DESCEND
0.9394,0.0783,0.3374,-0.5418,0.01732,0.00159,-0.00111,-5.00,0.00,0.00,4.3,125.55,633.43,298.01,DESCEND
0.9495,0.1383,0.3875,-0.4318,-0.00467,-0.01940,0.00288,-5.00,0.00,0.00,4.4,125.55,633.43,297.95,DESCEND
0.9596,0.2883,0.0475,-0.0718,0.02132,0.00059,0.00188,-5.00,0.00,0.00,4.4,125.56,633.43,297.91,DESCEND
0.9697,0.0383,0.2475,-0.0218,0.02332,0.00959,0.00088,-5.00,0.00,0.00,4.5,125.56,633.43,297.85,DESCEND
0.9798,0.0683,0.2674,0.1281,0.00332,-0.00140,0.00288,-5.00,0.00,0.00,4.5,125.56,633.44,297.81,DESCEND
0.9899,0.1783,0.3374,-0.6118,0.01732,-0.00440,0.00488,-5.00,0.00,0.00,4.6,125.56,633.44,297.75,DESCEND
1.0000,-0.1116,0.2875,0.0481,0.01032,0.00859,0.00388,-5.00,0.00,0.00,4.6,125.56,633.44,297.71,DESCEND
1.0101,0.0583,-0.1424,0.1181,0.00632,0.00559,0.00088,-5.00,0.00,0.00,4.7,125.56,633.44,297.65,DESCEND
1.0202,-0.0116,0.1474,0.1181,0.01232,0.00159,-0.00011,-5.00,0.00,0.00,4.7,125.56,633.44,297.61,DESCEND
1.0303,-0.0616,0.2074,0.0281,-0.00267,-0.00240,0.00188,-5.00,0.00,0.00,4.8,125.56,633.45,297.55,DESCEND
1.0404,-0.1516,0.1775,0.0181,0.01032,0.00859,0.00288,-5.00,0.00,0.00,4.9,125.56,633.45,297.49,DESCEND
1.0505,0.1283,-0.1524,0.1581,0.00832,-0.00940,-0.00011,-5.00,0.00,0.00,4.9,125.56,633.45,297.45,DESCEND
1.0606,0.0983,-0.1225,0.2681,0.01932,0.01159,0.00088,-5.00,0.00,0.00,5.0,125.56,633.45,297.39,DESCEND
1.0708,0.0983,0.0874,-0.0218,0.02032,-0.00140,0.00188,-5.00,0.00,0.00,5.0,125.56,633.45,297.35,DESCEND
1.0809,-0.1616,-0.0224,0.0481,0.00132,0.00659,-0.00311,-5.00,0.00,0.00,5.1,125.56,633.46,297.29,DESCEND
1.0909,-0.0716,0.1974,-0.4518,0.00432,-0.00240,0.00788,-5.00,0.00,0.00,5.1,125.56,633.46,297.25,DESCEND
1.1010,0.2183,-0.0824,0.2681,0.04332,0.01359,-0.00111,-5.00,0.00,0.00,5.2,125.56,633.46,297.19,DESCEND
1.1112,-0.0416,0.2375,-0.3618,0.01732,-0.00040,0.00288,-5.00,0.00,0.00,5.2,125.56,633.46,297.15,DESCEND
1.1213,0.0383,0.5375,-0.2418,-0.00067,-0.01040,0.00288,-5.00,0.00,0.00,5.3,125.56,633.46,297.09,DESCEND
1.1314,0.1283,0.0174,-0.0218,-0.00067,-0.01140,-0.00211,-5.00,0.00,0.00,5.3,125.56,633.46,297.05,DESCEND
1.1415,-0.1016,0.3875,-0.0718,-0.01767,-0.01340,0.00488,-5.00,0.00,0.00,5.4,125.56,633.47,296.99,DESCEND
1.1516,0.1083,0.2875,-0.1718,0.01832,0.00659,0.00288,-5.00,0.00,0.00,5.4,125.56,633.47,296.95,DESCEND
1.1616,0.0983,0.0774,0.2181,0.02432,0.01659,0.00088,-5.00,0.00,0.00,5.5,125.56,633.47,296.89,DESCEND
1.1717,0.0483,0.4175,-0.2018,0.01632,0.00059,0.00688,-5.00,0.00,0.00,5.5,125.56,633.47,296.85,DESCEND
1.1818,-0.0516,0.1875,-0.2218,0.00132,-0.00340,0.00188,-5.00,0.00,0.00,5.6,125.56,633.47,296.79,DESCEND
1.1919,0.0383,0.1175,-0.0618,0.00232,-0.01040,0.00288,-5.00,0.00,0.00,5.6,125.56,633.48,296.75,DESCEND
1.2020,0.1083,-0.3724,0.4681,0.00732,0.00359,-0.00411,-5.00,0.00,0.00,5.7,125.56,633.48,296.69,DESCEND
1.2121,0.0883,0.0475,0.1181,0.00632,-0.00340,0.00188,-5.00,0.00,0.00,5.7,125.56,633.48,296.65,DESCEND
1.2222,-0.2716,0.4275,0.0581,-0.00667,-0.00140,0.00588,-5.00,0.00,0.00,5.8,125.56,633.48,296.59,DESCEND
1.2323,0.0283,0.3674,-0.1018,0.01932,0.00359,0.00588,-5.00,0.00,0.00,5.8,125.56,633.48,296.55,DESCEND
1.2424,0.1283,0.5075,-0.2118,0.01632,0.00159,0.00388,-5.00,0.00,0.00,5.9,125.56,633.48,296.49,DESCEND
1.2525,-0.1216,-0.1125,0.1481,0.00332,0.00859,0.00088,-5.00,0.00,0.00,5.9,125.56,633.49,296.43,DESCEND
1.2626,-0.0016,0.3775,-0.3818,0.00332,-0.00240,0.00488,-5.00,0.00,0.00,6.0,125.56,633.49,296.39,DESCEND
1.2726,0.0083,-0.0224,-0.1518,0.00032,-0.01040,-0.00011,-5.00,0.00,0.00,6.0,125.56,633.49,296.33,DESCEND
1.2827,0.1683,-0.1024,0.5081,0.00832,0.00659,-0.00411,-5.00,0.00,0.00,6.1,125.56,633.49,296.29,DESCEND
1.2928,-0.1416,0.0975,-0.0018,-0.00467,-0.00240,0.00388,-5.00,0.00,0.00,6.1,125.56,633.49,296.23,DESCEND
1.3029,-0.1716,0.1275,-0.2718,-0.00267,-0.00340,0.00488,-5.00,0.00,0.00,6.2,125.56,633.50,296.19,DESCEND
1.3130,-0.1416,0.0275,-0.0618,0.00632,0.00459,0.00588,-5.00,0.00,0.00,6.2,125.56,633.50,296.13,DESCEND
1.3231,-0.0616,0.2475,0.2581,0.00932,0.01259,0.00288,-5.00,0.00,0.00,6.3,125.56,633.50,296.09,DESCEND
1.3332,0.1883,0.3374,-0.3018,0.00832,-0.00940,0.00388,-5.00,0.00,0.00,6.3,125.56,633.50,296.03,DESCEND
1.3433,0.0583,-0.0124,0.0581,0.00832,0.00159,-0.00111,-5.00,0.00,0.00,6.4,125.56,633.50,295.99,DESCEND
1.3534,-0.0216,-0.1424,-0.0518,0.00932,-0.00440,-0.00011,-5.00,0.00,0.00,6.4,125.56,633.51,295.93,DESCEND
1.3635,-0.0716,0.0774,-0.2018,0.00632,0.00259,0.00288,-5.00,0.00,0.00,6.5,125.56,633.51,295.89,DESCEND
1.3736,-0.0816,0.1374,-0.1618,0.00732,0.00059,0.00188,-5.00,0.00,0.00,6.5,125.56,633.51,295.83,DESCEND
1.3837,-0.1116,0.0174,0.0081,0.01032,0.00959,0.00288,-5.00,0.00,0.00,6.6,125.56,633.51,295.79,DESCEND
1.3938,-0.0216,-0.0724,0.1281,0.00832,0.00459,0.00488,-5.00,0.00,0.00,6.6,125.56,633.51,295.73,DESCEND
1.4039,-0.0616,0.3175,0.0681,0.00832,0.00459,0.00188,-5.00,0.00,0.00,6.7,125.56,633.51,295.69,DESCEND
1.4140,0.0583,-0.2424,0.2981,0.02032,0.00659,0.00088,-5.00,0.00,0.00,6.7,125.56,633.52,295.63,DESCEND
1.4240,-0.2316,0.3175,-0.4118,0.00132,-0.00140,0.00188,-5.00,0.00,0.00,6.8,125.56,633.52,295.59,DESCEND
1.4341,-0.0316,0.3674,-0.0318,-0.00167,-0.00140,0.00588,-5.00,0.00,0.00,6.8,125.56,633.52,295.53,DESCEND
1.4442,0.0483,-0.0724,0.2681,0.00532,0.00759,0.00088,-5.00,0.00,0.00,6.9,125.56,633.52,295.49,DESCEND
1.4543,-0.0016,0.3574,0.1881,-0.00567,-0.00040,0.00588,-5.00,0.00,0.00,6.9,125.56,633.52,295.43,DESCEND
1.4644,0.0683,0.0575,0.3881,0.01732,0.00759,0.00188,-5.00,0.00,0.00,7.0,125.56,633.53,295.37,DESCEND
1.4745,0.2983,-0.1825,-0.0018,0.02432,-0.00140,-0.00311,-5.00,0.00,0.00,7.0,125.56,633.53,295.33,DESCEND
1.4847,-0.0616,0.0074,0.0281,0.01232,0.00459,0.00188,-5.00,0.00,0.00,7.1,125.56,633.53,295.27,DESCEND
1.4948,-0.1316,0.4475,0.0281,0.00132,0.00359,0.00688,-5.00,0.00,0.00,7.1,125.56,633.53,295.23,DESCEND
1.5049,0.1383,-0.2324,0.1981,0.02732,0.00959,0.00188,-5.00,0.00,0.00,7.2,125.56,633.53,295.17,DESCEND
1.5150,0.0783,0.0575,-0.0818,0.00932,0.00059,-0.00011,-5.00,0.00,0.00,7.2,125.56,633.53,295.13,DESCEND
1.5250,0.0083,-0.0124,0.0681,0.00732,0.00259,0.00188,-5.00,0.00,0.00,7.3,125.56,633.54,295.07,DESCEND
1.5351,0.0783,-0.0824,0.0981,0.02932,0.01359,0.00188,-5.00,0.00,0.00,7.3,125.56,633.54,295.03,DESCEND
1.5452,0.0483,0.2175,-0.1518,0.01432,0.00659,0.00288,-5.00,0.00,0.00,7.4,125.56,633.54,294.97,DESCEND
1.5553,-0.0616,0.1075,0.0281,0.00132,0.00159,0.00088,-5.00,0.00,0.00,7.4,125.56,633.54,294.93,DESCEND
1.5654,0.2383,0.0874,-0.0718,0.01832,-0.01040,0.00088,-5.00,0.00,0.00,7.5,125.57,633.54,294.87,DESCEND
1.5755,-0.1216,0.5675,-0.3318,0.00532,-0.00240,0.00888,-5.00,0.00,0.00,7.5,125.57,633.55,294.83,DESCEND
1.5856,-0.0316,0.2774,0.1081,0.02032,0.01259,0.00188,-5.00,0.00,0.00,7.6,125.57,633.55,294.77,DESCEND
1.5957,0.0083,-0.1825,0.1181,0.01532,0.00359,0.00088,-5.00,0.00,0.00,7.6,125.57,633.55,294.73,DESCEND
1.6058,-0.1916,0.2475,0.0181,0.00032,0.00359,0.00288,-5.00,0.00,0.00,7.7,125.57,633.55,294.67,DESCEND
1.6159,-0.0916,-0.1125,0.2581,-0.00667,-0.00740,0.00388,-5.00,0.00,0.00,7.7,125.57,633.55,294.63,DESCEND
1.6260,0.1183,-0.2225,0.6081,0.03332,0.03059,0.00088,-5.00,0.00,0.00,7.8,125.57,633.56,294.57,DESCEND
1.6361,0.1383,-0.1524,0.1881,0.02232,0.01259,-0.00311,-5.00,0.00,0.00,7.8,125.57,633.56,294.53,DESCEND
1.6462,0.0783,0.5175,0.0181,0.00332,-0.00740,0.00288,-5.00,0.00,0.00,7.9,125.57,633.56,294.47,DESCEND
1.6563,-0.1116,-0.0124,0.2181,0.00932,0.00859,0.00388,-5.00,0.00,0.00,7.9,125.57,633.56,294.43,DESCEND
1.6664,0.0583,0.3075,-0.2518,0.01132,0.00859,0.00188,-5.00,0.00,0.00,8.0,125.57,633.56,294.37,DESCEND
1.6765,-0.0316,0.2175,-0.0218,0.00532,-0.00140,0.00588,-5.00,0.00,0.00,8.0,125.57,633.56,294.31,DESCEND
1.6866,-0.1016,0.2175,-0.0818,0.00432,-0.00940,0.00288,-5.00,0.00,0.00,8.1,125.57,633.57,294.27,DESCEND
1.6967,-0.0516,0.2175,0.0181,-0.01467,-0.00040,0.00288,-5.00,0.00,0.00,8.1,125.57,633.57,294.21,DESCEND
1.7068,-0.1716,-0.0224,-0.0518,-0.00167,0.00159,0.00288,-5.00,0.00,0.00,8.2,125.57,633.57,294.17,DESCEND
1.7169,-0.0516,0.0575,-0.1618,0.00232,-0.00940,0.00288,-5.00,0.00,0.00,8.2,125.57,633.57,294.11,DESCEND
1.7270,0.0683,0.2074,-0.1918,0.02232,0.00159,0.00388,-5.00,0.00,0.00,8.3,125.57,633.57,294.07,DESCEND
1.7371,0.0683,0.3574,-0.4018,0.01832,0.00159,0.00388,-5.00,0.00,0.00,8.3,125.57,633.58,294.01,DESCEND
1.7472,-0.0816,-0.1024,0.2381,0.01532,0.01559,-0.00011,-5.00,0.00,0.00,8.4,125.57,633.58,293.97,DESCEND
1.7573,-0.1716,0.2275,0.0581,-0.01267,0.00259,0.00388,-5.00,0.00,0.00,8.4,125.57,633.58,293.91,DESCEND
1.7674,-0.1016,0.2674,-0.3518,0.00932,-0.00840,0.00488,-5.00,0.00,0.00,8.5,125.57,633.58,293.87,DESCEND
1.7775,-0.0816,0.3274,-0.0818,0.02332,0.01659,0.00588,-5.00,0.00,0.00,8.5,125.57,633.58,293.81,DESCEND
1.7876,0.1983,0.2074,0.1781,0.01332,0.00759,0.00388,-5.00,0.00,0.00,8.6,125.57,633.58,293.77,DESCEND
1.7977,0.1183,0.0975,0.0481,0.00532,0.00259,0.00288,-5.00,0.00,0.00,8.6,125.57,633.59,293.71,DESCEND
1.8078,-0.0716,-0.0425,0.4681,0.02932,0.02159,0.00188,-5.00,0.00,0.00,8.7,125.57,633.59,293.67,DESCEND
1.8179,0.1483,0.0575,0.1681,0.02532,0.01159,0.00088,-5.00,0.00,0.00,8.7,125.57,633.59,293.61,DESCEND
1.8281,0.0383,-0.1324,0.0281,0.00132,0.00159,0.00288,-5.00,0.00,0.00,8.8,125.57,633.59,293.57,DESCEND
1.8382,0.0383,-0.0724,-0.0418,-0.00267,-0.00040,0.00488,-5.00,0.00,0.00,8.8,125.57,633.59,293.51,DESCEND
1.8483,0.0583,0.2575,-0.3218,0.00932,-0.00340,0.00388,-5.00,0.00,0.00,8.9,125.57,633.60,293.47,DESCEND
1.8584,0.1783,0.2975,-0.1318,0.01732,0.00059,0.00488,-5.00,0.00,0.00,8.9,125.57,633.60,293.41,DESCEND
1.8685,-0.0516,0.2975,-0.0418,0.00832,-0.00040,0.00988,-5.00,0.00,0.00,9.0,125.57,633.60,293.35,DESCEND
1.8786,-0.1116,0.0774,0.0381,0.00732,0.00659,0.00088,-5.00,0.00,0.00,9.0,125.57,633.60,293.31,DESCEND
1.8887,0.0683,-0.1024,-0.1818,0.00632,-0.00440,0.00188,-5.00,0.00,0.00,9.1,125.57,633.60,293.25,DESCEND
1.8987,-0.0016,-0.1524,0.3181,0.01932,0.00459,0.00388,-5.00,0.00,0.00,9.1,125.57,633.61,293.21,DESCEND
1.9088,-0.0416,-0.1225,0.1381,0.01532,0.01859,-0.00111,-5.00,0.00,0.00,9.2,125.57,633.61,293.15,DESCEND
1.9189,0.2383,-0.3424,0.4681,0.01532,0.00859,-0.00111,-5.00,0.00,0.00,9.2,125.57,633.61,293.11,DESCEND
1.9290,-0.0316,0.4674,-0.2818,0.00332,-0.00640,0.00888,-5.00,0.00,0.00,9.3,125.57,633.61,293.05,DESCEND
1.9391,0.0583,0.3274,-0.2418,-0.00767,-0.00840,0.00288,-5.00,0.00,0.00,9.3,125.57,633.61,293.01,DESCEND
1.9492,-0.0116,-0.0024,0.0181,0.01732,0.01159,-0.00111,-5.00,0.00,0.00,9.4,125.57,633.61,292.95,DESCEND
1.9593,0.0083,0.2275,0.2581,0.00432,0.00759,0.00188,-5.00,0.00,0.00,9.4,125.57,633.62,292.91,DESCEND
1.9694,-0.0016,-0.1324,0.1481,0.01732,0.01559,0.00488,-5.00,0.00,0.00,9.5,125.57,633.62,292.85,DESCEND
1.9795,0.0583,0.0475,0.0581,0.01032,-0.00640,0.00288,-5.00,0.00,0.00,9.5,125.57,633.62,292.81,DESCEND
1.9896,-0.0316,0.3875,-0.3118,0.01232,0.00659,0.00288,-5.00,0.00,0.00,9.6,125.57,633.62,292.75,DESCEND
1.9997,0.1083,0.1974,0.0681,0.02032,0.00959,0.00588,-5.00,0.00,0.00,9.6,125.57,633.62,292.71,DESCEND
2.0098,0.2583,-0.0625,-0.2218,0.01632,0.00159,0.00288,-5.00,0.00,0.00,9.7,125.57,633.63,292.65,DESCEND
2.0199,-0.0116,0.0874,-0.1018,0.00232,-0.00440,0.00288,-5.00,0.00,0.00,9.7,125.57,633.63,292.61,DESCEND
2.0300,0.2483,-0.0324,0.0681,0.02132,0.00459,0.00088,-5.00,0.00,0.00,9.8,125.57,633.63,292.55,DESCEND
2.0401,0.0283,-0.0425,0.1181,0.00732,0.00659,0.00188,-5.00,0.00,0.00,9.8,125.57,633.63,292.51,DESCEND
2.0502,0.0183,0.1875,0.0881,0.02032,0.00259,0.00588,-5.00,0.00,0.00,9.9,125.57,633.63,292.45,DESCEND
2.0603,-0.2016,0.0375,-0.0418,0.00032,0.00859,0.00488,-5.00,0.00,0.00,10.0,125.57,633.64,292.39,DESCEND
2.0704,0.0483,-0.3825,0.2281,0.01132,0.00359,-0.00111,-5.00,0.00,0.00,10.0,125.57,633.64,292.35,DESCEND
2.0805,0.2683,-0.2124,0.1481,0.02332,-0.00640,0.00288,-5.00,0.00,0.00,10.1,125.57,633.64,292.29,DESCEND
2.0906,0.1183,0.4575,-0.0018,0.00032,-0.00140,0.00488,-5.00,0.00,0.00,10.1,125.57,633.64,292.25,DESCEND
2.1007,0.2983,0.3374,0.1081,0.03232,0.01259,0.00188,-5.00,0.00,0.00,10.2,125.57,633.64,292.19,DESCEND
2.1108,0.0683,0.2375,-0.1918,0.00332,-0.00640,0.00588,-5.00,0.00,0.00,10.2,125.57,633.64,292.15,DESCEND
2.1209,-0.0316,0.1275,0.0381,0.00832,0.00559,0.00588,-5.00,0.00,0.00,10.3,125.57,633.65,292.09,DESCEND
2.1310,0.1883,-0.0425,0.2181,0.01332,0.01359,0.00188,-5.00,0.00,0.00,10.3,125.57,633.65,292.05,DESCEND
2.1411,0.1883,0.1075,0.1981,0.01432,0.00859,0.00288,-5.00,0.00,0.00,10.4,125.57,633.65,291.99,DESCEND
2.1512,0.0883,0.1675,-0.0318,0.01232,0.00259,0.00288,-5.00,0.00,0.00,10.4,125.57,633.65,291.95,DESCEND
2.1613,0.0883,0.0375,0.0281,0.01632,-0.00140,0.00388,-5.00,0.00,0.00,10.5,125.57,633.65,291.89,DESCEND
2.1715,-0.3916,0.0375,-0.1618,-0.01667,-0.00040,0.00388,-5.00,0.00,0.00,10.5,125.57,633.66,291.85,DESCEND
2.1815,0.1583,-0.1125,0.0481,0.03032,0.00259,0.00288,-5.00,0.00,0.00,10.6,125.58,633.66,291.79,DESCEND
2.1916,0.0083,-0.0024,-0.2718,0.00732,-0.00140,0.00588,-5.00,0.00,0.00,10.6,125.58,633.66,291.75,DESCEND
2.2017,0.0683,0.2575,-0.5218,0.00532,-0.00540,0.00188,-5.00,0.00,0.00,10.7,125.58,633.66,291.69,DESCEND
2.2119,0.2283,0.1374,-0.1518,0.01932,-0.00240,0.00588,-5.00,0.00,0.00,10.7,125.58,633.66,291.65,DESCEND
2.2220,0.1483,0.5075,-0.4818,0.00132,-0.00040,0.00788,-5.00,0.00,0.00,10.8,125.58,633.66,291.59,DESCEND
2.2321,-0.0316,0.1374,0.1981,0.01332,0.01159,0.00388,-5.00,0.00,0.00,10.8,125.58,633.67,291.55,DESCEND
2.2422,-0.2516,0.0174,0.1381,0.00232,0.01759,0.00388,-5.00,0.00,0.00,10.9,125.58,633.67,291.49,DESCEND
2.2523,0.0483,0.4275,-0.6118,-0.00667,-0.01240,0.00588,-5.00,0.00,0.00,10.9,125.58,633.67,291.43,DESCEND
2.2624,-0.0616,0.2475,-0.0618,0.00132,-0.00340,0.00488,-5.00,0.00,0.00,11.0,125.58,633.67,291.39,DESCEND
2.2725,0.0283,0.1075,0.0881,0.02132,0.00959,0.00688,-5.00,0.00,0.00,11.0,125.58,633.67,291.33,DESCEND
2.2826,0.1083,0.0375,0.0981,0.02432,0.00559,0.00488,-5.00,0.00,0.00,11.1,125.58,633.68,291.29,DESCEND
2.2927,-0.0516,0.1275,-0.3618,0.02732,0.00859,0.00388,-5.00,0.00,0.00,11.1,125.58,633.68,291.23,DESCEND
2.3028,-0.1816,0.0674,-0.3318,-0.00567,-0.01040,0.00288,-5.00,0.00,0.00,11.2,125.58,633.68,291.19,DESCEND
2.3129,0.0083,-0.2625,0.0181,0.00732,0.00059,-0.00011,-5.00,0.00,0.00,11.2,125.58,633.68,291.13,DESCEND
2.3230,0.2883,0.1075,0.0781,0.03132,0.00459,0.00288,-5.00,0.00,0.00,11.3,125.58,633.68,291.09,DESCEND
2.3331,0.0883,-0.0625,0.1581,0.02032,0.01159,0.00188,-5.00,0.00,0.00,11.3,125.58,633.69,291.03,DESCEND
2.3432,0.1883,-0.0224,-0.1818,0.01332,0.00059,-0.00211,-5.00,0.00,0.00,11.4,125.58,633.69,290.99,DESCEND
2.3533,0.2683,0.0674,0.0381,0.02432,0.00159,0.00288,-5.00,0.00,0.00,11.4,125.58,633.69,290.93,DESCEND
2.3634,0.1883,-0.1225,0.0181,0.02532,0.00059,0.00588,-5.00,0.00,0.00,11.5,125.58,633.69,290.89,DESCEND
2.3735,0.1883,0.2975,-0.2718,0.02432,0.00259,0.00488,-5.00,0.00,0.00,11.5,125.58,633.69,290.83,DESCEND
2.3836,-0.1516,-0.2225,0.1681,0.00432,0.00559,-0.00011,-5.00,0.00,0.00,11.6,125.58,633.69,290.79,DESCEND
2.3938,0.0183,0.0475,-0.0318,0.00732,0.00059,0.00288,-5.00,0.00,0.00,11.6,125.58,633.70,290.73,DESCEND
2.4039,0.0883,0.6675,-0.0118,0.02132,0.00859,0.00988,-5.00,0.00,0.00,11.7,125.58,633.70,290.70,DESCEND
2.4140,-0.0016,-0.0425,-0.1818,0.00132,-0.00640,0.00288,-5.00,0.00,0.00,11.7,125.58,633.70,290.64,DESCEND
2.4241,-0.1316,0.1474,0.1281,0.00232,0.01059,0.00388,-5.00,0.00,0.00,11.8,125.58,633.70,290.60,DESCEND
2.4341,-0.0416,0.2074,-0.1018,-0.00267,-0.01040,0.00688,-5.00,0.00,0.00,11.8,125.58,633.70,290.54,DESCEND
2.4443,0.0483,0.1875,0.0381,0.01332,0.00659,0.00488,-5.00,0.00,0.00,11.9,125.58,633.71,290.48,DESCEND
2.4544,0.0683,-0.2124,0.3581,0.00832,0.00559,0.00088,-5.00,0.00,0.00,11.9,125.58,633.71,290.44,DESCEND
2.4645,-0.0616,0.1775,-0.0618,0.00932,0.00359,0.00388,-5.00,0.00,0.00,12.0,125.58,633.71,290.38,DESCEND
2.4746,-0.0416,-0.0425,0.3681,0.01632,0.01559,-0.00011,-5.00,0.00,0.00,12.0,125.58,633.71,290.34,DESCEND
2.4847,0.0883,-0.1925,0.2881,0.02032,0.00459,0.00388,-5.00,0.00,0.00,12.1,125.58,633.71,290.28,DESCEND
2.4948,-0.1016,-0.1125,0.0281,-0.00267,0.00059,0.00488,-5.00,0.00,0.00,12.1,125.58,633.71,290.24,DESCEND
2.5049,0.0883,0.2674,-0.0318,-0.00567,-0.01240,0.00588,-5.00,0.00,0.00,12.2,125.58,633.72,290.18,DESCEND
2.5150,-0.0716,0.0674,0.1881,0.00732,0.00959,0.00288,-5.00,0.00,0.00,12.2,125.58,633.72,290.14,DESCEND
2.5251,0.0283,0.2774,-0.1618,0.00632,-0.00540,0.00688,-5.00,0.00,0.00,12.3,125.58,633.72,290.08,DESCEND
2.5352,-0.1816,0.1575,0.1581,-0.00167,0.00259,0.00788,-5.00,0.00,0.00,12.3,125.58,633.72,290.04,DESCEND
2.5453,0.1283,-0.2124,0.1481,0.01732,0.00359,0.00388,-5.00,0.00,0.00,12.4,125.58,633.72,289.98,DESCEND
2.5554,0.1183,0.0874,-0.1518,0.00432,-0.00440,0.00288,-5.00,0.00,0.00,12.4,125.58,633.73,289.94,DESCEND
2.5655,0.0283,0.1575,-0.0118,0.02632,0.01559,0.00688,-5.00,0.00,0.00,12.5,125.58,633.73,289.88,DESCEND
2.5757,0.1883,0.2175,0.0381,0.01932,0.00059,0.00788,-5.00,0.00,0.00,12.5,125.58,633.73,289.84,DESCEND
2.5857,0.0683,0.1974,-0.3818,0.01832,-0.00440,0.00688,-5.00,0.00,0.00,12.6,125.58,633.73,289.78,DESCEND
2.5959,0.0283,0.0174,-0.0618,0.00732,-0.00140,0.00388,-5.00,0.00,0.00,12.6,125.58,633.73,289.74,DESCEND
2.6060,0.4183,0.0874,0.0181,0.02032,-0.00440,0.00388,-5.00,0.00,0.00,12.7,125.58,633.74,289.68,DESCEND
2.6161,-0.2216,0.1575,0.0081,-0.00367,0.01059,0.00688,-5.00,0.00,0.00,12.7,125.58,633.74,289.64,DESCEND
2.6262,0.0583,-0.2024,0.2281,0.02132,0.00959,0.00388,-5.00,0.00,0.00,12.8,125.58,633.74,289.58,DESCEND
2.6363,-0.1716,-0.0824,0.0081,0.00732,0.01159,0.00288,-5.00,0.00,0.00,12.8,125.58,633.74,289.54,DESCEND
2.6464,0.1283,0.2774,0.0981,0.01432,0.00159,0.00088,-5.00,0.00,0.00,12.9,125.58,633.74,289.48,DESCEND
2.6565,-0.0616,-0.1725,-0.0118,0.01332,0.00659,0.00388,-5.00,0.00,0.00,12.9,125.58,633.74,289.42,DESCEND
2.6666,0.1183,0.1775,-0.2418,0.02032,-0.00040,0.00488,-5.00,0.00,0.00,13.0,125.58,633.75,289.38,DESCEND
2.6767,0.0083,-0.0525,0.3281,-0.00267,0.00159,0.00388,-5.00,0.00,0.00,13.0,125.58,633.75,289.32,DESCEND
2.6867,0.0583,0.1374,-0.2018,0.02732,0.00159,0.00688,-5.00,0.00,0.00,13.1,125.58,633.75,289.28,DESCEND
2.6968,-0.0916,0.3075,-0.0818,0.01132,0.00159,0.00888,-5.00,0.00,0.00,13.1,125.58,633.75,289.22,DESCEND
2.7070,0.2083,0.3474,-0.0818,0.01632,0.00359,0.00588,-5.00,0.00,0.00,13.2,125.58,633.75,289.18,DESCEND
2.7171,0.0783,0.0074,-0.1518,-0.00767,-0.00540,0.00488,-5.00,0.00,0.00,13.2,125.58,633.76,289.12,DESCEND
2.7271,0.1783,0.0375,-0.0118,0.00332,-0.01040,0.00388,-5.00,0.00,0.00,13.3,125.58,633.76,289.08,DESCEND
2.7372,-0.0716,0.0874,0.0281,0.01232,0.01159,0.00488,-5.00,0.00,0.00,13.3,125.58,633.76,289.02,DESCEND
2.7473,0.1583,0.1775,-0.0318,0.03132,0.01359,0.00688,-5.00,0.00,0.00,13.4,125.58,633.76,288.98,DESCEND
2.7574,0.0383,-0.0724,0.1481,0.01432,0.00559,0.00488,-5.00,0.00,0.00,13.4,125.58,633.76,288.92,DESCEND
2.7675,0.0883,0.2275,-0.1918,0.01932,0.00259,0.00388,-5.00,0.00,0.00,13.5,125.58,633.76,288.88,DESCEND
2.7776,0.1483,0.2975,-0.4118,0.01332,-0.01240,0.00688,-5.00,0.00,0.00,13.5,125.58,633.77,288.82,DESCEND
2.7877,-0.1016,-0.0525,0.0981,0.02032,0.01359,0.00188,-5.00,0.00,0.00,13.6,125.58,633.77,288.78,DESCEND
2.7979,0.0483,0.0275,0.2881,0.01632,0.01059,0.00488,-5.00,0.00,0.00,13.6,125.59,633.77,288.72,DESCEND
2.8080,0.0383,-0.1725,0.2581,0.00032,-0.00340,0.00288,-5.00,0.00,0.00,13.7,125.59,633.77,288.68,DESCEND
2.8181,0.1083,0.2275,-0.2418,0.01732,-0.00640,0.00588,-5.00,0.00,0.00,13.7,125.59,633.77,288.62,DESCEND
2.8282,-0.2016,0.2475,-0.3418,0.00032,-0.00140,0.00688,-5.00,0.00,0.00,13.8,125.59,633.78,288.58,DESCEND
2.8383,0.0183,0.0975,0.0981,0.02432,0.01259,0.00488,-5.00,0.00,0.00,13.8,125.59,633.78,288.52,DESCEND
2.8484,-0.0416,-0.0525,0.3281,0.00832,0.01359,0.00788,-5.00,0.00,0.00,13.9,125.59,633.78,288.46,DESCEND
2.8585,0.1283,0.2475,-0.0918,0.00632,-0.00140,0.00388,-5.00,0.00,0.00,13.9,125.59,633.78,288.42,DESCEND
2.8686,0.2183,0.5475,-0.3618,0.01832,-0.00340,0.00788,-5.00,0.00,0.00,14.0,125.59,633.78,288.36,DESCEND
2.8787,0.1283,0.3175,-0.1318,0.01132,-0.00340,0.00188,-5.00,0.00,0.00,14.0,125.59,633.79,288.32,DESCEND
2.8887,0.1083,0.2975,-0.1718,0.02732,0.00759,0.00688,-5.00,0.00,0.00,14.1,125.59,633.79,288.26,DESCEND
2.8988,0.1583,0.3075,-0.0418,0.02232,0.00359,0.00588,-5.00,0.00,0.00,14.1,125.59,633.79,288.22,DESCEND
2.9089,0.0283,0.0674,-0.1418,0.00632,-0.00140,0.00488,-5.00,0.00,0.00,14.2,125.59,633.79,288.16,DESCEND
2.9190,0.0883,-0.2525,0.1281,0.03032,0.00959,0.00188,-5.00,0.00,0.00,14.2,125.59,633.79,288.12,DESCEND
2.9291,-0.0216,0.1275,-0.1318,0.01432,0.00259,0.00788,-5.00,0.00,0.00,14.3,125.59,633.79,288.06,DESCEND
2.9392,0.0883,0.1675,0.0581,0.01532,0.00659,0.00488,-5.00,0.00,0.00,14.3,125.59,633.80,288.02,DESCEND
2.9493,0.1183,0.4774,-0.4318,-0.00367,-0.01540,0.00488,-5.00,0.00,0.00,14.4,125.59,633.80,287.96,DESCEND
2.9595,0.0383,0.3975,-0.2918,0.00232,-0.01240,0.00688,-5.00,0.00,0.00,14.4,125.59,633.80,287.92,DESCEND
2.9696,0.0183,0.1675,0.0681,-0.00167,-0.00040,0.00288,-5.00,0.00,0.00,14.5,125.59,633.80,287.86,DESCEND
2.9797,-0.1416,0.5275,-0.3318,0.00432,0.00159,0.00688,-5.00,0.00,0.00,14.5,125.59,633.80,287.82,DESCEND
2.9898,-0.0116,0.2975,0.1381,0.00232,0.00759,0.00788,-5.00,0.00,0.00,14.6,125.59,633.81,287.76,DESCEND
2.9999,0.2083,-0.2825,0.0781,0.02132,0.00159,0.00088,-5.00,0.00,0.00,14.6,125.59,633.81,287.72,DESCEND
3.0100,0.0783,0.3875,-0.0018,0.01432,0.00659,0.01088,-5.00,0.00,0.00,14.7,125.59,633.81,287.66,DESCEND
3.0201,0.0983,0.0074,0.0881,0.01832,0.01059,0.00488,-5.00,0.00,0.00,14.7,125.59,633.81,287.62,DESCEND
3.0301,-0.0816,0.1374,0.0581,0.01932,0.00659,0.00888,-5.00,0.00,0.00,14.8,125.59,633.81,287.56,DESCEND
3.0402,-0.0116,0.2074,-0.1118,0.00932,-0.00040,0.00488,-5.00,0.00,0.00,14.8,125.59,633.81,287.52,DESCEND
3.0504,0.0083,0.2275,-0.1518,0.00232,-0.00440,0.00788,-5.00,0.00,0.00,14.9,125.59,633.82,287.46,DESCEND
3.0604,-0.1016,-0.0324,0.2181,0.00232,0.00359,0.00588,-5.00,0.00,0.00,15.0,125.59,633.82,287.40,DESCEND
3.0705,0.0683,-0.0124,0.0081,0.02732,0.00359,0.00388,-5.00,0.00,0.00,15.0,125.59,633.82,287.36,DESCEND
3.0807,-0.0516,-0.0824,0.2881,0.00632,0.00859,0.00588,-5.00,0.00,0.00,15.1,125.59,633.82,287.30,DESCEND
3.0908,-0.0016,0.2875,-0.2718,-0.00767,-0.00840,0.00588,-5.00,0.00,0.00,15.1,125.59,633.82,287.26,DESCEND
3.1008,0.1883,0.3274,0.0181,-0.00667,-0.00440,0.00288,-5.00,0.00,0.00,15.2,125.59,633.83,287.20,DESCEND
3.1109,0.1183,0.1575,-0.0118,0.01832,-0.00040,0.00488,-5.00,0.00,0.00,15.2,125.59,633.83,287.16,DESCEND
3.1211,0.2183,0.0074,-0.0718,0.01232,0.00159,0.00388,-5.00,0.00,0.00,15.3,125.59,633.83,287.10,DESCEND
3.1312,0.3383,0.0774,0.1881,0.03232,0.01259,0.00688,-5.00,0.00,0.00,15.3,125.59,633.83,287.06,DESCEND
3.1413,0.0383,-0.1725,0.0181,0.00232,-0.00840,0.00488,-5.00,0.00,0.00,15.4,125.59,633.83,287.00,DESCEND
3.1514,0.0483,0.0774,-0.1418,0.02232,0.00559,0.00488,-5.00,0.00,0.00,15.4,125.59,633.84,286.96,DESCEND
3.1615,-0.0016,-0.1424,0.1381,0.01832,0.01259,0.00288,-5.00,0.00,0.00,15.5,125.59,633.84,286.90,DESCEND
3.1716,0.1183,0.0874,-0.1118,0.00832,0.00159,0.00788,-5.00,0.00,0.00,15.5,125.59,633.84,286.86,DESCEND
3.1817,0.0483,0.0174,0.0881,0.01632,0.00459,0.00688,-5.00,0.00,0.00,15.6,125.59,633.84,286.80,DESCEND
3.1918,0.0483,0.3674,-0.4418,0.01332,-0.00740,0.00988,-5.00,0.00,0.00,15.6,125.59,633.84,286.76,DESCEND
3.2019,0.0683,0.3674,-0.4118,0.00732,-0.00540,0.01088,-5.00,0.00,0.00,15.7,125.59,633.84,286.70,DESCEND
3.2120,-0.0916,0.4475,0.0681,0.00732,0.00659,0.00688,-5.00,0.00,0.00,15.7,125.59,633.85,286.66,DESCEND
3.2221,0.2883,0.6074,-0.3918,0.02632,-0.00840,0.00888,-5.00,0.00,0.00,15.8,125.59,633.85,286.60,DESCEND
3.2322,0.1583,0.0475,-0.2118,0.01732,0.00159,0.00688,-5.00,0.00,0.00,15.8,125.59,633.85,286.56,DESCEND
3.2423,-0.2516,0.1474,0.0681,-0.00767,0.00559,0.00288,-5.00,0.00,0.00,15.9,125.59,633.85,286.50,DESCEND
3.2524,0.0083,0.0475,-0.0918,0.01732,0.00459,0.00488,-5.00,0.00,0.00,15.9,125.59,633.85,286.44,DESCEND
3.2625,0.0883,-0.0625,-0.0818,0.00132,-0.00640,0.00688,-5.00,0.00,0.00,16.0,125.59,633.86,286.40,DESCEND
3.2727,0.0383,0.1875,0.1581,0.02132,0.01159,0.01088,-5.00,0.00,0.00,16.0,125.59,633.86,286.34,DESCEND
3.2827,0.1583,-0.0024,0.5181,0.03032,0.01159,0.00488,-5.00,0.00,0.00,16.1,125.59,633.86,286.30,DESCEND
3.2928,0.1883,-0.0224,-0.1318,0.01632,-0.00840,0.00488,-5.00,0.00,0.00,16.1,125.59,633.86,286.24,DESCEND
3.3029,-0.0516,-0.2525,-0.0718,0.01332,-0.00140,0.00888,-5.00,0.00,0.00,16.2,125.59,633.86,286.20,DESCEND
3.3130,0.0883,-0.2424,0.1281,0.03032,0.01059,0.00388,-5.00,0.00,0.00,16.2,125.59,633.87,286.14,DESCEND
3.3231,0.0483,0.1875,0.0181,0.00932,0.00359,0.00288,-5.00,0.00,0.00,16.3,125.59,633.87,286.10,DESCEND
3.3332,-0.0116,0.2774,-0.2518,0.00332,-0.00340,0.00588,-5.00,0.00,0.00,16.3,125.59,633.87,286.04,DESCEND
3.3433,0.1083,0.3474,-0.0418,0.01432,0.00659,0.00788,-5.00,0.00,0.00,16.4,125.59,633.87,286.00,DESCEND
3.3534,-0.0216,0.3175,-0.2518,-0.01067,-0.00740,0.00288,-5.00,0.00,0.00,16.4,125.59,633.87,285.94,DESCEND
3.3636,0.1783,0.0774,-0.1418,0.03032,0.00359,0.00288,-5.00,0.00,0.00,16.5,125.59,633.87,285.90,DESCEND
3.3737,0.1183,0.2175,-0.3818,-0.00367,-0.01940,0.00788,-5.00,0.00,0.00,16.5,125.59,633.88,285.84,DESCEND
3.3838,0.0683,0.4874,-0.2918,0.01432,0.00259,0.00888,-5.00,0.00,0.00,16.6,125.59,633.88,285.80,DESCEND
3.3938,0.1083,0.1974,0.2381,0.00332,0.00159,0.00588,-5.00,0.00,0.00,16.6,125.59,633.88,285.74,DESCEND
3.4039,0.1283,0.0475,-0.4518,0.00432,-0.01140,0.00388,-5.00,0.00,0.00,16.7,125.59,633.88,285.70,DESCEND
3.4140,0.1583,0.5475,0.1181,0.01432,0.00059,0.01088,-5.00,0.00,0.00,16.7,125.59,633.88,285.64,DESCEND
3.4241,-0.1116,0.0575,0.3681,-0.01267,-0.00040,0.00288,-5.00,0.00,0.00,16.8,125.59,633.89,285.60,DESCEND
3.4342,0.0383,0.1175,0.1781,0.02332,0.00659,0.00688,-5.00,0.00,0.00,16.8,125.60,633.89,285.54,DESCEND
3.4443,0.1783,0.1775,-0.1918,0.01532,-0.01040,0.00688,-5.00,0.00,0.00,16.9,125.60,633.89,285.50,DESCEND
3.4544,0.1383,-0.0024,-0.0918,0.02132,0.00059,0.00288,-5.00,0.00,0.00,16.9,125.60,633.89,285.44,DESCEND
3.4645,-0.2116,0.2375,-0.1718,-0.00367,-0.00140,0.00788,-5.00,0.00,0.00,17.0,125.60,633.89,285.38,DESCEND
3.4746,0.0383,0.0074,0.2281,0.01032,0.01059,0.00488,-5.00,0.00,0.00,17.0,125.60,633.89,285.34,DESCEND
3.4847,-0.1016,0.4575,-0.2418,0.01732,0.00259,0.00688,-5.00,0.00,0.00,17.1,125.60,633.90,285.28,DESCEND
3.4948,0.0583,-0.0024,-0.1518,0.01432,-0.00440,0.00888,-5.00,0.00,0.00,17.1,125.60,633.90,285.24,DESCEND
3.5049,0.0983,0.0275,0.3681,0.01332,0.00959,0.00188,-5.00,0.00,0.00,17.2,125.60,633.90,285.18,DESCEND
3.5150,0.0783,-0.2225,0.1081,0.01432,0.00059,0.00188,-5.00,0.00,0.00,17.2,125.60,633.90,285.14,DESCEND
3.5250,-0.0016,-0.0124,-0.0718,0.01732,-0.00240,0.00488,-5.00,0.00,0.00,17.3,125.60,633.90,285.08,DESCEND
3.5351,0.0783,-0.1725,0.1581,0.01332,0.00059,0.00288,-5.00,0.00,0.00,17.3,125.60,633.91,285.04,DESCEND
3.5452,-0.0416,0.3775,-0.1518,0.00332,-0.00240,0.00688,-5.00,0.00,0.00,17.4,125.60,633.91,284.98,DESCEND
3.5553,-0.1116,0.2275,-0.0718,-0.00067,0.00159,0.00688,-5.00,0.00,0.00,17.4,125.60,633.91,284.94,DESCEND
3.5654,0.1283,0.2875,-0.1418,-0.00267,-0.01340,0.00688,-5.00,0.00,0.00,17.5,125.60,633.91,284.88,DESCEND
3.5755,0.0083,0.1974,-0.1618,0.01632,0.00859,0.00688,-5.00,0.00,0.00,17.5,125.60,633.91,284.84,DESCEND
3.5857,0.0083,0.1175,-0.1018,-0.00667,0.00359,0.00488,-5.00,0.00,0.00,17.6,125.60,633.92,284.78,DESCEND
3.5958,-0.0216,-0.0824,0.0381,0.01332,0.01259,0.00688,-5.00,0.00,0.00,17.6,125.60,633.92,284.74,DESCEND
3.6060,0.0083,0.0975,-0.1818,0.01632,-0.00040,0.00388,-5.00,0.00,0.00,17.7,125.60,633.92,284.68,DESCEND
3.6161,-0.0016,0.0874,-0.1518,0.01332,0.00159,0.00688,-5.00,0.00,0.00,17.7,125.60,633.92,284.64,DESCEND
3.6261,0.1883,-0.0824,0.3881,0.01632,0.00959,0.00488,-5.00,0.00,0.00,17.8,125.60,633.92,284.58,DESCEND
3.6362,0.0483,0.0575,-0.1718,0.00932,0.00459,0.00488,-5.00,0.00,0.00,17.8,125.60,633.92,284.54,DESCEND
3.6463,0.0983,0.3374,-0.0418,0.00832,0.00059,0.00988,-5.00,0.00,0.00,17.9,125.60,633.93,284.48,DESCEND
3.6564,0.2883,0.0575,0.0181,0.02232,0.00059,0.00388,-5.00,0.00,0.00,17.9,125.60,633.93,284.42,DESCEND
3.6665,-0.0516,0.2275,-0.1318,0.01232,-0.00040,0.00588,-5.00,0.00,0.00,18.0,125.60,633.93,284.38,DESCEND
3.6766,0.1283,0.4974,-0.2518,0.00632,-0.01540,0.01088,-5.00,0.00,0.00,18.0,125.60,633.93,284.32,DESCEND
3.6866,0.0683,0.2975,-0.0818,0.01332,0.00459,0.00688,-5.00,0.00,0.00,18.1,125.60,633.93,284.28,DESCEND
3.6968,0.0283,-0.0625,0.3181,-0.00667,0.00059,0.00588,-5.00,0.00,0.00,18.1,125.60,633.94,284.22,DESCEND
3.7069,0.1083,0.5075,-0.0818,0.00232,-0.00740,0.00988,-5.00,0.00,0.00,18.2,125.60,633.94,284.18,DESCEND
3.7170,0.1883,0.1374,-0.2418,0.01332,-0.00040,0.00788,-5.00,0.00,0.00,18.2,125.60,633.94,284.12,DESCEND
3.7271,0.1283,0.3975,-0.1018,0.02032,-0.00040,0.00688,-5.00,0.00,0.00,18.3,125.60,633.94,284.08,DESCEND
3.7372,0.0183,0.1675,-0.0418,0.00432,-0.01240,0.00888,-5.00,0.00,0.00,18.3,125.60,633.94,284.02,DESCEND
3.7473,-0.0316,0.2375,-0.2118,0.01332,0.00359,0.00788,-5.00,0.00,0.00,18.4,125.60,633.94,283.98,DESCEND
3.7574,0.1883,0.7574,-0.1618,0.02032,-0.00040,0.00988,-5.00,0.00,0.00,18.4,125.60,633.95,283.92,DESCEND
3.7675,0.0583,-0.0224,0.0381,0.02732,0.00759,0.00688,-5.00,0.00,0.00,18.5,125.60,633.95,283.88,DESCEND
3.7776,-0.0216,0.1575,-0.2118,0.00832,-0.00540,0.00888,-5.00,0.00,0.00,18.5,125.60,633.95,283.82,DESCEND
3.7876,0.1483,0.4375,-0.3118,0.01532,-0.00940,0.00988,-5.00,0.00,0.00,18.6,125.60,633.95,283.78,DESCEND
3.7977,0.1683,-0.0324,0.2981,0.02332,0.01559,0.00688,-5.00,0.00,0.00,18.6,125.60,633.95,283.72,DESCEND
3.8079,0.1083,-0.3424,0.1381,-0.00267,-0.00140,0.00288,-5.00,0.00,0.00,18.7,125.60,633.96,283.68,DESCEND
3.8180,0.1683,0.3574,0.1781,0.00332,-0.00140,0.00888,-5.00,0.00,0.00,18.7,125.60,633.96,283.62,DESCEND
3.8280,0.1283,0.3374,-0.1218,0.00732,-0.00740,0.00688,-5.00,0.00,0.00,18.8,125.60,633.96,283.58,DESCEND
3.8382,0.1183,0.0975,0.2381,0.02332,0.00459,0.00688,-5.00,0.00,0.00,18.8,125.60,633.96,283.52,DESCEND
3.8483,-0.0116,-0.0824,0.1181,0.03332,0.01359,0.00288,-5.00,0.00,0.00,18.9,125.60,633.96,283.48,DESCEND
3.8584,0.0383,0.1474,-0.1618,0.00032,-0.00440,0.00488,-5.00,0.00,0.00,18.9,125.60,633.97,283.42,DESCEND
3.8685,0.1083,0.5775,-0.0918,0.01232,-0.00740,0.00888,-5.00,0.00,0.00,19.0,125.60,633.97,283.36,DESCEND
3.8785,-0.0416,0.1675,-0.2418,0.00132,0.00459,0.00488,-5.00,0.00,0.00,19.0,125.60,633.97,283.32,DESCEND
3.8886,0.1983,-0.0124,-0.1818,0.02632,-0.00140,0.00488,-5.00,0.00,0.00,19.1,125.60,633.97,283.26,DESCEND
3.8987,0.1083,0.3875,-0.3218,0.01432,-0.00340,0.00888,-5.00,0.00,0.00,19.1,125.60,633.97,283.22,DESCEND
3.9088,0.1083,0.2175,-0.0218,0.01632,0.00259,0.00688,-5.00,0.00,0.00,19.2,125.60,633.97,283.16,DESCEND
3.9189,-0.0516,0.2175,0.3181,0.00532,0.00659,0.00888,-5.00,0.00,0.00,19.2,125.60,633.98,283.12,DESCEND
3.9290,-0.0916,-0.0324,0.1981,0.02132,0.01559,0.00288,-5.00,0.00,0.00,19.3,125.60,633.98,283.06,DESCEND
3.9393,-0.0316,0.3075,-0.0318,-0.00567,-0.00540,0.00988,-5.00,0.00,0.00,19.3,125.60,633.98,283.02,DESCEND
3.9494,0.0383,0.4375,-0.0718,0.00732,-0.00640,0.01188,-5.00,0.00,0.00,19.4,125.60,633.98,282.96,DESCEND
3.9594,-0.0616,0.0975,0.1181,0.01832,0.01059,0.00488,-5.00,0.00,0.00,19.4,125.60,633.98,282.92,DESCEND
3.9695,0.0783,0.3674,-0.1818,0.02532,-0.00440,0.01188,-5.00,0.00,0.00,19.5,125.60,633.99,282.86,DESCEND
3.9796,-0.0116,0.0475,-0.2118,-0.00667,-0.01640,0.00888,-5.00,0.00,0.00,19.5,125.60,633.99,282.82,DESCEND
3.9897,-0.0916,-0.0024,0.2281,0.01332,0.01059,0.00488,-5.00,0.00,0.00,19.6,125.60,633.99,282.76,DESCEND
3.9998,0.1583,-0.1125,-0.0518,0.00232,-0.01040,0.00488,-5.00,0.00,0.00,19.6,125.60,633.99,282.72,DESCEND
4.0099,-0.1016,0.1775,-0.0018,0.01132,0.01359,0.00988,-5.00,0.00,0.00,19.7,125.60,633.99,282.66,DESCEND
4.0200,-0.0916,0.2674,-0.2318,0.00132,-0.01440,0.01088,-5.00,0.00,0.00,19.7,125.60,633.99,282.62,DESCEND
4.0302,0.0283,-0.0024,0.1081,0.00532,0.00059,0.00688,-5.00,0.00,0.00,19.8,125.60,634.00,282.56,DESCEND
4.0402,0.0783,-0.1925,0.1381,0.01532,0.00859,0.00688,-5.00,0.00,0.00,19.8,125.60,634.00,282.52,DESCEND
4.0503,0.0483,-0.4324,0.4281,0.01932,0.01559,0.00188,-5.00,0.00,0.00,19.9,125.60,634.00,282.46,DESCEND
4.0604,-0.1616,0.0774,-0.1218,-0.00567,-0.01040,0.00488,-5.00,0.00,0.00,20.0,125.60,634.00,282.40,DESCEND
4.0705,0.0283,0.0874,0.0781,0.01232,0.00759,0.00988,-5.00,0.00,0.00,20.0,125.60,634.00,282.36,DESCEND
4.0806,-0.1116,0.1775,-0.0718,0.00132,-0.00340,0.00988,-5.00,0.00,0.00,20.1,125.61,634.01,282.30,DESCEND
4.0907,-0.0916,0.3674,-0.3018,-0.00067,-0.00240,0.00988,-5.00,0.00,0.00,20.1,125.61,634.01,282.26,DESCEND
4.1008,0.0083,0.2475,-0.2218,0.00532,-0.01040,0.00688,-5.00,0.00,0.00,20.2,125.61,634.01,282.20,DESCEND
4.1109,-0.0116,0.1075,-0.0118,0.01932,0.01559,0.00788,-5.00,0.00,0.00,20.2,125.61,634.01,282.16,DESCEND
4.1210,0.1683,0.0074,0.0481,0.01232,-0.00040,0.00388,-5.00,0.00,0.00,20.3,125.61,634.01,282.10,DESCEND
4.1311,0.1483,0.3374,-0.3818,0.00632,-0.00640,0.00988,-5.00,0.00,0.00,20.3,125.61,634.02,282.06,DESCEND
4.1412,0.2483,0.1675,0.1181,0.02832,0.01159,0.00488,-5.00,0.00,0.00,20.4,125.61,634.02,282.00,DESCEND
4.1513,0.1083,-0.0924,0.3581,0.02732,0.00959,0.00788,-5.00,0.00,0.00,20.4,125.61,634.02,281.96,DESCEND
4.1614,-0.0016,0.4674,-0.1718,0.01032,-0.00440,0.00688,-5.00,0.00,0.00,20.5,125.61,634.02,281.90,DESCEND
4.1715,0.0683,0.0475,-0.2318,0.01332,-0.00140,0.00788,-5.00,0.00,0.00,20.5,125.61,634.02,281.86,DESCEND
4.1816,-0.0116,-0.0024,0.0181,-0.00567,-0.00540,0.00488,-5.00,0.00,0.00,20.6,125.61,634.02,281.80,DESCEND
4.1917,0.0183,0.2674,-0.2518,0.01332,-0.00340,0.00788,-5.00,0.00,0.00,20.6,125.61,634.03,281.76,DESCEND
4.2018,0.0883,-0.1024,0.5781,0.01232,0.00659,0.00488,-5.00,0.00,0.00,20.7,125.61,634.03,281.70,DESCEND
4.2119,0.0983,0.6975,-0.2618,0.01832,0.00059,0.01388,-5.00,0.00,0.00,20.7,125.61,634.03,281.66,DESCEND
4.2220,0.1683,0.1974,-0.0518,0.02632,0.00159,0.00588,-5.00,0.00,0.00,20.8,125.61,634.03,281.60,DESCEND
4.2321,-0.0816,0.0174,0.1081,0.01532,0.00759,0.00488,-5.00,0.00,0.00,20.8,125.61,634.03,281.56,DESCEND
4.2422,0.2783,0.2175,-0.3618,0.01232,-0.01040,0.00988,-5.00,0.00,0.00,20.9,125.61,634.04,281.50,DESCEND
4.2523,0.0283,0.6775,-0.3418,0.00632,-0.00740,0.01188,-5.00,0.00,0.00,20.9,125.61,634.04,281.46,DESCEND
4.2624,0.2483,0.1675,0.1281,0.00132,-0.00340,0.00688,-5.00,0.00,0.00,21.0,125.61,634.04,281.40,DESCEND
4.2725,0.2483,0.4475,-0.2918,0.01832,-0.00740,0.01088,-5.00,0.00,0.00,21.0,125.61,634.04,281.34,DESCEND
4.2827,0.1283,0.0174,0.1781,0.01732,0.00659,0.00588,-5.00,0.00,0.00,21.1,125.61,634.04,281.30,DESCEND
4.2928,0.0583,0.1875,-0.1718,0.00332,-0.01040,0.01088,-5.00,0.00,0.00,21.1,125.61,634.05,281.24,DESCEND
4.3028,0.1283,0.3075,-0.1818,0.02432,0.00259,0.00888,-5.00,0.00,0.00,21.2,125.61,634.05,281.20,DESCEND
4.3130,-0.0116,-0.1825,0.1781,0.02332,0.00659,0.00488,-5.00,0.00,0.00,21.2,125.61,634.05,281.14,DESCEND
4.3231,0.0483,0.3574,-0.4418,0.00032,-0.00840,0.00888,-5.00,0.00,0.00,21.3,125.61,634.05,281.10,DESCEND
4.3331,-0.3516,0.3574,0.1481,-0.00067,0.01559,0.01088,-5.00,0.00,0.00,21.3,125.61,634.05,281.04,DESCEND
4.3433,-0.1316,0.1775,-0.0418,0.00932,0.00159,0.00688,-5.00,0.00,0.00,21.4,125.61,634.05,281.00,DESCEND
4.3534,0.1683,0.2375,0.0081,0.01732,0.00059,0.00688,-5.00,0.00,0.00,21.4,125.61,634.06,280.94,DESCEND
4.3635,-0.1416,0.2475,-0.2118,0.01132,-0.00040,0.01188,-5.00,0.00,0.00,21.5,125.61,634.06,280.90,DESCEND
4.3736,0.1783,0.1675,0.0181,0.03432,0.00959,0.00588,-5.00,0.00,0.00,21.5,125.61,634.06,280.84,DESCEND
4.3837,0.0983,0.2975,-0.1518,0.02332,-0.00040,0.01088,-5.00,0.00,0.00,21.6,125.61,634.06,280.80,DESCEND
4.3938,0.0283,0.0375,0.3081,0.01032,0.00759,0.00688,-5.00,0.00,0.00,21.6,125.61,634.06,280.74,DESCEND
4.4042,0.0183,0.0074,0.0881,0.01232,0.00059,0.00888,-5.00,0.00,0.00,21.7,125.61,634.07,280.68,DESCEND
4.4143,0.1183,0.3474,-0.4018,0.03332,0.00959,0.00688,-5.00,0.00,0.00,21.7,125.61,634.07,280.64,DESCEND
4.4245,0.1283,-0.1424,-0.0918,0.02532,0.01159,0.00588,-5.00,0.00,0.00,21.8,125.61,634.07,280.58,DESCEND
4.4345,0.0383,0.0174,0.1181,0.02732,0.00859,0.00288,-5.00,0.00,0.00,21.8,125.61,634.07,280.54,DESCEND
4.4446,0.0483,0.4974,-0.2918,0.01132,-0.00740,0.00988,-5.00,0.00,0.00,21.9,125.61,634.07,280.48,DESCEND
4.4547,0.0883,0.1374,-0.2018,0.01032,-0.00940,0.00588,-5.00,0.00,0.00,21.9,125.61,634.07,280.44,DESCEND
4.4648,0.2083,0.1974,-0.1618,0.00332,-0.00940,0.00788,-5.00,0.00,0.00,22.0,125.61,634.08,280.38,DESCEND
4.4749,0.1083,0.0575,0.0881,0.01232,0.00359,0.00588,-5.00,0.00,0.00,22.0,125.61,634.08,280.34,DESCEND
4.4850,0.0483,-0.0525,0.2181,0.02732,0.01759,0.00788,-5.00,0.00,0.00,22.1,125.61,634.08,280.28,DESCEND
4.4951,0.0483,0.1875,0.0781,0.01232,0.01059,0.00888,-5.00,0.00,0.00,22.1,125.61,634.08,280.24,DESCEND
4.5052,0.0583,0.0975,-0.0218,0.01832,0.01759,0.00588,-5.00,0.00,0.00,22.2,125.61,634.08,280.18,DESCEND
4.5153,0.2483,0.0174,-0.0118,0.03032,0.01059,0.00788,-5.00,0.00,0.00,22.2,125.61,634.09,280.14,DESCEND
4.5254,0.0983,0.3574,-0.2918,0.01332,0.00159,0.00988,-5.00,0.00,0.00,22.3,125.61,634.09,280.08,DESCEND
4.5355,-0.1116,0.4874,-0.2818,0.00132,-0.00640,0.01188,-5.00,0.00,0.00,22.3,125.61,634.09,280.04,DESCEND
4.5456,0.0283,0.2074,-0.1718,0.02532,0.00259,0.00988,-5.00,0.00,0.00,22.4,125.61,634.09,279.98,DESCEND
4.5556,-0.2316,0.2875,0.0081,0.00332,0.01059,0.00788,-5.00,0.00,0.00,22.4,125.61,634.09,279.94,DESCEND
4.5657,-0.0216,0.1675,-0.1218,-0.00767,-0.00940,0.00788,-5.00,0.00,0.00,22.5,125.61,634.10,279.89,DESCEND
4.5758,-0.1616,0.5775,-0.4918,-0.02567,-0.03240,0.01388,-5.00,0.00,0.00,22.5,125.61,634.10,279.85,DESCEND
4.5859,-0.0416,0.2074,-0.1118,-0.00167,-0.00040,0.00388,-5.00,0.00,0.00,22.6,125.61,634.10,279.79,DESCEND
4.5961,-0.0716,0.4175,-0.1918,0.01232,0.01459,0.00388,-5.00,0.00,0.00,22.6,125.61,634.10,279.75,DESCEND
4.6061,0.2183,-0.0824,0.1181,0.02132,0.00359,0.00788,-5.00,0.00,0.00,22.7,125.61,634.10,279.69,DESCEND
4.6162,0.2983,0.2875,-0.0618,0.01832,0.00259,0.00788,-5.00,0.00,0.00,22.7,125.61,634.11,279.63,DESCEND
4.6264,0.1583,0.0774,-0.0518,0.00732,-0.00340,0.00788,-5.00,0.00,0.00,22.8,125.61,634.11,279.59,DESCEND
4.6365,-0.0116,-0.0924,0.4081,0.01532,0.00859,0.00688,-5.00,0.00,0.00,22.8,125.61,634.11,279.53,DESCEND
4.6466,0.1483,-0.1624,0.2081,0.00732,-0.00540,0.00288,-5.00,0.00,0.00,22.9,125.61,634.11,279.49,DESCEND
4.6567,-0.0216,0.0575,0.0881,0.01532,0.00359,0.00788,-5.00,0.00,0.00,22.9,125.61,634.11,279.43,DESCEND
4.6670,-0.1916,0.0575,0.0181,-0.00467,-0.00340,0.00988,-5.00,0.00,0.00,23.0,125.61,634.11,279.39,DESCEND
4.6771,-0.0816,-0.0024,0.3581,0.01632,0.01659,0.00588,-5.00,0.00,0.00,23.0,125.61,634.12,279.33,DESCEND
4.6872,0.1783,0.0174,0.0081,0.01432,0.00259,0.00688,-5.00,0.00,0.00,23.1,125.61,634.12,279.29,DESCEND
4.6973,0.2183,0.1775,-0.0418,0.02732,-0.00140,0.00788,-5.00,0.00,0.00,23.1,125.61,634.12,279.23,DESCEND
4.7075,-0.0316,0.1275,-0.0918,0.00632,0.00359,0.00888,-5.00,0.00,0.00,23.2,125.61,634.12,279.19,DESCEND
4.7177,0.0383,0.2275,-0.2318,0.00532,-0.00140,0.00988,-5.00,0.00,0.00,23.2,125.61,634.12,279.13,DESCEND
4.7278,-0.2416,0.1974,0.0881,-0.00267,0.00859,0.00888,-5.00,0.00,0.00,23.3,125.61,634.12,279.09,DESCEND
4.7379,0.0783,0.3474,-0.2318,0.00732,-0.00640,0.00988,-5.00,0.00,0.00,23.3,125.61,634.13,279.03,DESCEND
4.7480,0.1283,0.1374,-0.1618,0.02632,0.00359,0.00688,-5.00,0.00,0.00,23.4,125.62,634.13,278.99,DESCEND
4.7581,0.1283,0.3875,-0.3018,0.00332,-0.01040,0.00688,-5.00,0.00,0.00,23.4,125.62,634.13,278.93,DESCEND
4.7682,-0.1216,0.3775,-0.2918,0.01932,0.00359,0.01088,-5.00,0.00,0.00,23.5,125.62,634.13,278.89,DESCEND
4.7783,0.0183,0.5974,-0.2118,0.00232,-0.00640,0.00988,-5.00,0.00,0.00,23.5,125.62,634.13,278.83,DESCEND
4.7884,0.0983,-0.1324,0.2981,0.03332,0.01759,0.00388,-5.00,0.00,0.00,23.6,125.62,634.14,278.77,DESCEND
4.7985,0.2683,0.5075,-0.3118,0.01432,-0.01240,0.01288,-5.00,0.00,0.00,23.6,125.62,634.14,278.73,DESCEND
4.8086,0.0583,-0.1125,0.1781,0.00332,-0.00240,0.00588,-5.00,0.00,0.00,23.7,125.62,634.14,278.67,DESCEND
4.8187,0.0683,0.3075,-0.4618,0.01632,-0.00940,0.00988,-5.00,0.00,0.00,23.7,125.62,634.14,278.63,DESCEND
4.8288,0.1783,0.0575,0.1181,0.02732,0.01059,0.00688,-5.00,0.00,0.00,23.8,125.62,634.14,278.57,DESCEND
4.8389,0.1483,0.6074,-0.3118,0.00632,-0.00140,0.00988,-5.00,0.00,0.00,23.8,125.62,634.15,278.53,DESCEND
4.8490,0.0783,0.1474,0.1881,0.00732,0.00259,0.00988,-5.00,0.00,0.00,23.9,125.62,634.15,278.47,DESCEND
4.8591,0.1183,0.2575,0.0981,-0.00367,-0.00540,0.00788,-5.00,0.00,0.00,23.9,125.62,634.15,278.43,DESCEND
4.8692,0.1083,0.1175,-0.1618,0.01032,0.00359,0.00888,-5.00,0.00,0.00,24.0,125.62,634.15,278.37,DESCEND
4.8793,-0.0716,0.2074,0.0781,-0.00167,-0.00140,0.00788,-5.00,0.00,0.00,24.0,125.62,634.15,278.33,DESCEND
4.8893,0.1183,0.0674,-0.1118,0.01532,0.00159,0.00688,-5.00,0.00,0.00,24.1,125.62,634.16,278.27,DESCEND
4.8994,-0.0416,0.2674,-0.0718,0.01732,0.00459,0.01188,-5.00,0.00,0.00,24.1,125.62,634.16,278.23,DESCEND
4.9095,0.0683,0.1275,0.2181,0.01732,0.01559,0.00688,-5.00,0.00,0.00,24.2,125.62,634.16,278.17,DESCEND
4.9197,-0.1116,0.4575,-0.2118,-0.00067,-0.00440,0.01088,-5.00,0.00,0.00,24.2,125.62,634.16,278.13,DESCEND
4.9298,-0.0316,0.3175,-0.0918,0.01432,0.00759,0.01088,-5.00,0.00,0.00,24.3,125.62,634.16,278.07,DESCEND
4.9399,-0.0516,-0.0924,0.1281,0.01932,0.01259,0.00288,-5.00,0.00,0.00,24.3,125.62,634.16,278.03,DESCEND
4.9500,0.0483,0.3274,-0.0718,0.01132,-0.00540,0.00988,-5.00,0.00,0.00,24.4,125.62,634.17,277.97,DESCEND
4.9601,0.1983,0.2074,-0.0918,0.02532,0.01059,0.00788,-5.00,0.00,0.00,24.4,125.62,634.17,277.93,DESCEND
4.9702,0.0183,0.0475,0.0681,0.01132,0.00459,0.00988,-5.00,0.00,0.00,24.5,125.62,634.17,277.87,DESCEND
4.9803,-0.0316,0.4375,-0.4018,-0.00267,-0.01740,0.01288,-5.00,0.00,0.00,24.6,125.62,634.17,277.81,DESCEND
4.9904,0.2683,0.2674,-0.2218,0.02632,-0.00140,0.00988,-5.00,0.00,0.00,24.6,125.62,634.17,277.77,DESCEND
5.0005,0.0183,0.2375,-0.0018,0.00932,-0.00140,0.00988,-5.00,0.00,0.00,24.7,125.62,634.18,277.71,DESCEND
5.0106,0.2983,0.1075,0.0281,0.02232,0.00159,0.00488,-5.00,0.00,0.00,24.7,125.62,634.18,277.67,DESCEND
5.0207,0.2283,-0.1624,-0.0618,0.02732,0.00359,0.00988,-5.00,0.00,0.00,24.8,125.62,634.18,277.61,DESCEND
5.0308,0.0483,0.2875,-0.0418,0.02832,0.00659,0.00688,-5.00,0.00,0.00,24.8,125.62,634.18,277.57,DESCEND
5.0409,0.0683,-0.0824,0.2881,0.01132,0.00459,0.00288,-5.00,0.00,0.00,24.9,125.62,634.18,277.51,DESCEND
5.0510,-0.1516,0.3075,0.1981,0.00732,0.00759,0.01088,-5.00,0.00,0.00,24.9,125.62,634.18,277.47,DESCEND
5.0611,0.0083,0.2975,0.2581,0.00632,0.00259,0.00888,-5.00,0.00,0.00,25.0,125.62,634.19,277.41,DESCEND
5.0711,0.0083,0.2875,-0.2718,-0.01067,-0.00740,0.00888,-5.00,0.00,0.00,25.0,125.62,634.19,277.37,DESCEND
5.0812,-0.0616,0.0074,0.1281,0.01332,0.01159,0.00588,-5.00,0.00,0.00,25.1,125.62,634.19,277.31,DESCEND
5.0913,-0.2116,0.2975,-0.1618,0.00032,0.00359,0.00888,-5.00,0.00,0.00,25.1,125.62,634.19,277.27,DESCEND
5.1014,0.0683,0.1474,-0.1918,0.02732,0.01259,0.00588,-5.00,0.00,0.00,25.2,125.62,634.19,277.21,DESCEND
5.1115,0.1083,0.3374,0.0081,0.00632,0.00159,0.00988,-5.00,0.00,0.00,25.2,125.62,634.20,277.17,DESCEND
5.1216,-0.0216,0.3374,0.2581,0.00932,0.01459,0.00788,-5.00,0.00,0.00,25.3,125.62,634.20,277.11,DESCEND
5.1317,0.0183,0.2375,-0.1818,0.01332,-0.01140,0.00888,-5.00,0.00,0.00,25.3,125.62,634.20,277.07,DESCEND
5.1418,-0.0016,0.3075,0.0981,0.00632,0.00259,0.00988,-5.00,0.00,0.00,25.4,125.62,634.20,277.01,DESCEND
5.1519,0.1983,0.2074,-0.0118,0.02932,0.01359,0.00888,-5.00,0.00,0.00,25.4,125.62,634.20,276.97,DESCEND
5.1620,-0.0116,0.2375,-0.1318,0.02232,0.00359,0.00788,-5.00,0.00,0.00,25.5,125.62,634.21,276.91,DESCEND
5.1721,0.0383,-0.0724,0.1581,0.02132,0.01059,0.00788,-5.00,0.00,0.00,25.5,125.62,634.21,276.87,DESCEND
5.1822,0.0983,0.2375,-0.1818,0.03732,0.01059,0.00788,-5.00,0.00,0.00,25.6,125.62,634.21,276.81,DESCEND
5.1923,0.0883,0.4175,-0.2418,-0.00267,-0.01340,0.01188,-5.00,0.00,0.00,25.6,125.62,634.21,276.77,DESCEND
5.2024,-0.0016,0.2475,0.0781,0.01432,0.00259,0.01088,-5.00,0.00,0.00,25.7,125.62,634.21,276.71,DESCEND
5.2125,0.0383,0.0975,-0.1418,0.00332,-0.00540,0.00888,-5.00,0.00,0.00,25.7,125.62,634.21,276.65,DESCEND
5.2226,-0.0216,-0.3324,0.4481,0.00132,0.00759,0.00388,-5.00,0.00,0.00,25.8,125.62,634.22,276.61,DESCEND
5.2327,-0.0816,0.1175,-0.0218,-0.00167,-0.00940,0.01188,-5.00,0.00,0.00,25.8,125.62,634.22,276.55,DESCEND
5.2428,0.2683,0.0975,0.1281,0.01632,-0.00240,0.00788,-5.00,0.00,0.00,25.9,125.62,634.22,276.51,DESCEND
5.2529,0.1283,0.2774,-0.1118,0.02932,0.00759,0.00988,-5.00,0.00,0.00,25.9,125.62,634.22,276.45,DESCEND
5.2630,0.0783,0.4075,-0.2318,0.01532,0.00259,0.00888,-5.00,0.00,0.00,26.0,125.62,634.22,276.41,DESCEND
5.2731,0.0983,0.4175,-0.0818,0.02532,0.00859,0.01388,-5.00,0.00,0.00,26.0,125.62,634.23,276.35,DESCEND
5.2832,-0.0916,0.4075,0.0681,0.02632,0.01559,0.01088,-5.00,0.00,0.00,26.1,125.62,634.23,276.31,DESCEND
5.2932,0.0783,0.0975,-0.1318,0.01232,0.00359,0.01088,-5.00,0.00,0.00,26.1,125.62,634.23,276.25,DESCEND
5.3033,-0.1716,0.5175,-0.2118,-0.00267,-0.00240,0.01088,-5.00,0.00,0.00,26.2,125.62,634.23,276.21,DESCEND
5.3134,0.0483,-0.1125,0.1981,0.02532,0.01159,0.00388,-5.00,0.00,0.00,26.2,125.62,634.23,276.15,DESCEND
5.3235,-0.0216,0.3875,-0.0618,0.01032,-0.00140,0.01188,-5.00,0.00,0.00,26.3,125.62,634.23,276.11,DESCEND
5.3337,0.1283,-0.1624,0.1881,0.02632,0.00859,0.00788,-5.00,0.00,0.00,26.3,125.62,634.24,276.05,DESCEND
5.3438,-0.0816,0.1675,0.0881,-0.00567,0.00059,0.01188,-5.00,0.00,0.00,26.4,125.62,634.24,276.01,DESCEND
5.3538,0.0383,0.2275,-0.0518,0.01032,-0.01040,0.01188,-5.00,0.00,0.00,26.4,125.62,634.24,275.95,DESCEND
5.3640,0.1183,0.0674,0.2781,0.03432,0.01359,0.00888,-5.00,0.00,0.00,26.5,125.62,634.24,275.91,DESCEND
5.3741,-0.0116,0.1275,-0.0718,0.02332,0.01159,0.01188,-5.00,0.00,0.00,26.5,125.62,634.24,275.85,DESCEND
5.3842,0.1583,0.3474,-0.1418,0.01032,-0.00540,0.01088,-5.00,0.00,0.00,26.6,125.62,634.25,275.81,DESCEND
5.3942,-0.0016,0.1575,0.2981,0.00032,-0.00240,0.01088,-5.00,0.00,0.00,26.6,125.62,634.25,275.75,DESCEND
5.4043,0.1683,0.0575,-0.1218,0.01432,-0.00440,0.00988,-5.00,0.00,0.00,26.7,125.62,634.25,275.71,DESCEND
5.4144,-0.0616,0.1275,0.1081,-0.00067,-0.00640,0.00988,-5.00,0.00,0.00,26.7,125.63,634.25,275.65,DESCEND
5.4245,-0.0316,0.4375,-0.0018,0.01032,0.00959,0.01088,-5.00,0.00,0.00,26.8,125.63,634.25,275.59,DESCEND
5.4346,0.1883,0.0975,0.2081,0.00732,0.00259,0.00588,-5.00,0.00,0.00,26.8,125.63,634.26,275.55,DESCEND
5.4447,-0.0216,0.1374,0.0781,0.00732,-0.00540,0.00688,-5.00,0.00,0.00,26.9,125.63,634.26,275.49,DESCEND
5.4548,0.2483,0.2475,0.0081,0.01532,0.00259,0.00588,-5.00,0.00,0.00,26.9,125.63,634.26,275.45,DESCEND
5.4649,0.1583,0.3374,-0.2618,0.01932,-0.00240,0.01188,-5.00,0.00,0.00,27.0,125.63,634.26,275.39,DESCEND
5.4750,-0.0616,-0.0124,0.1581,-0.00167,-0.00040,0.00788,-5.00,0.00,0.00,27.0,125.63,634.26,275.35,DESCEND
5.4851,-0.1116,0.2475,0.0181,0.00832,0.00759,0.00988,-5.00,0.00,0.00,27.1,125.63,634.26,275.29,DESCEND
5.4952,0.1383,0.0375,0.1081,0.02132,0.00859,0.01088,-5.00,0.00,0.00,27.1,125.63,634.27,275.25,DESCEND
5.5052,0.3283,0.2275,-0.0318,0.01332,-0.00640,0.00688,-5.00,0.00,0.00,27.2,125.63,634.27,275.19,DESCEND
5.5153,0.2483,0.0575,0.1081,0.02632,0.00959,0.00688,-5.00,0.00,0.00,27.2,125.63,634.27,275.15,DESCEND
5.5254,-0.0016,0.3674,-0.0718,-0.00167,-0.00440,0.00988,-5.00,0.00,0.00,27.3,125.63,634.27,275.09,DESCEND
5.5355,-0.2116,0.4674,-0.2618,0.00132,0.00359,0.01088,-5.00,0.00,0.00,27.3,125.63,634.27,275.05,DESCEND
5.5456,0.1183,0.2975,-0.1518,0.02632,0.00559,0.00988,-5.00,0.00,0.00,27.4,125.63,634.28,274.99,DESCEND
5.5557,0.0883,0.4974,-0.3918,0.00332,-0.00540,0.01088,-5.00,0.00,0.00,27.4,125.63,634.28,274.95,DESCEND
5.5658,0.0083,0.2475,-0.0618,0.01532,0.00059,0.00788,-5.00,0.00,0.00,27.5,125.63,634.28,274.89,DESCEND
5.5759,-0.1416,0.0575,0.1681,0.00932,0.00859,0.00888,-5.00,0.00,0.00,27.5,125.63,634.28,274.85,DESCEND
5.5860,0.1783,-0.0625,0.1381,0.02632,0.01059,0.00888,-5.00,0.00,0.00,27.6,125.63,634.28,274.79,DESCEND
5.5961,-0.1216,0.3474,-0.0718,0.00132,0.00359,0.01188,-5.00,0.00,0.00,27.6,125.63,634.28,274.75,DESCEND
5.6062,0.0183,0.2175,-0.3318,0.01832,0.00059,0.00888,-5.00,0.00,0.00,27.7,125.63,634.29,274.69,DESCEND
5.6163,-0.1316,0.1675,0.2481,0.02032,0.01659,0.01088,-5.00,0.00,0.00,27.7,125.63,634.29,274.63,DESCEND
5.6264,-0.0216,0.0275,0.1581,0.01732,0.00659,0.00688,-5.00,0.00,0.00,27.8,125.63,634.29,274.59,DESCEND
5.6364,-0.1116,0.0774,0.0281,0.00832,0.00859,0.00988,-5.00,0.00,0.00,27.8,125.63,634.29,274.53,DESCEND
5.6465,0.1183,-0.0224,0.3281,0.02032,0.00359,0.00888,-5.00,0.00,0.00,27.9,125.63,634.29,274.49,DESCEND
5.6566,0.0683,0.2875,0.1081,0.02032,0.01459,0.00888,-5.00,0.00,0.00,27.9,125.63,634.30,274.43,DESCEND
5.6667,0.0883,0.1575,0.2881,0.02132,0.00159,0.00988,-5.00,0.00,0.00,28.0,125.63,634.30,274.39,DESCEND
5.6768,0.1583,0.3075,-0.4818,-0.00067,-0.01240,0.01088,-5.00,0.00,0.00,28.0,125.63,634.30,274.33,DESCEND
5.6869,-0.0016,-0.1524,0.0981,0.02432,0.01359,0.00988,-5.00,0.00,0.00,28.1,125.63,634.30,274.29,DESCEND
5.6971,0.0783,0.1075,0.0381,0.00632,-0.00440,0.00588,-5.00,0.00,0.00,28.1,125.63,634.30,274.23,DESCEND
5.7072,-0.0216,0.3175,-0.1818,0.01832,-0.00140,0.01088,-5.00,0.00,0.00,28.2,125.63,634.31,274.19,DESCEND
5.7173,-0.0016,0.2175,-0.0918,0.00532,-0.01140,0.01088,-5.00,0.00,0.00,28.2,125.63,634.31,274.13,DESCEND
5.7274,-0.0316,0.2774,0.0681,0.02932,0.01859,0.00888,-5.00,0.00,0.00,28.3,125.63,634.31,274.09,DESCEND
5.7374,-0.0016,0.4674,-0.2218,0.01532,0.00459,0.01088,-5.00,0.00,0.00,28.3,125.63,634.31,274.03,DESCEND
5.7476,0.1283,-0.0724,0.2981,0.00932,-0.00140,0.00788,-5.00,0.00,0.00,28.4,125.63,634.31,273.99,DESCEND
5.7576,-0.0116,0.2575,-0.0718,0.01332,0.00159,0.00988,-5.00,0.00,0.00,28.4,125.63,634.32,273.93,DESCEND
5.7677,0.0283,0.1575,0.3081,0.01832,0.00559,0.00888,-5.00,0.00,0.00,28.5,125.63,634.32,273.89,DESCEND
5.7778,0.0383,0.2774,0.1181,0.00832,0.00059,0.01088,-5.00,0.00,0.00,28.5,125.63,634.32,273.83,DESCEND
5.7879,-0.0916,0.3075,-0.0218,0.01032,0.00459,0.01188,-5.00,0.00,0.00,28.6,125.63,634.32,273.79,DESCEND
5.7981,-0.0616,-0.0024,0.1081,-0.00767,-0.00240,0.00788,-5.00,0.00,0.00,28.6,125.63,634.32,273.73,DESCEND
5.8081,0.2383,0.1974,-0.0818,0.03232,0.00359,0.00988,-5.00,0.00,0.00,28.7,125.63,634.32,273.69,DESCEND
5.8182,-0.0016,0.3775,0.0281,0.01632,0.00059,0.01288,-5.00,0.00,0.00,28.7,125.63,634.33,273.63,DESCEND
5.8283,0.0083,0.3775,-0.1118,0.02432,0.00659,0.01288,-5.00,0.00,0.00,28.8,125.63,634.33,273.57,DESCEND
5.8384,-0.0616,0.4075,-0.0718,0.00132,-0.00440,0.01188,-5.00,0.00,0.00,28.8,125.63,634.33,273.53,DESCEND
5.8485,-0.0716,0.6274,-0.5418,0.00232,-0.00640,0.01188,-5.00,0.00,0.00,28.9,125.63,634.33,273.47,DESCEND
5.8586,-0.0316,0.2774,0.0781,-0.00367,-0.00640,0.01188,-5.00,0.00,0.00,28.9,125.63,634.33,273.43,DESCEND
5.8687,0.0983,0.1875,0.0381,0.00332,0.00159,0.00788,-5.00,0.00,0.00,29.0,125.63,634.34,273.37,DESCEND
5.8788,0.2283,0.1474,0.5681,0.04232,0.01859,0.00688,-5.00,0.00,0.00,29.0,125.63,634.34,273.33,DESCEND
5.8889,0.0783,-0.0124,0.0481,0.00532,0.00359,0.00588,-5.00,0.00,0.00,29.1,125.63,634.34,273.27,DESCEND
5.8990,0.0883,0.3674,-0.1918,0.02632,0.00359,0.01488,-5.00,0.00,0.00,29.1,125.63,634.34,273.23,DESCEND
5.9091,0.0283,0.3975,-0.0818,0.02232,0.00359,0.01388,-5.00,0.00,0.00,29.2,125.63,634.34,273.17,DESCEND
5.9192,0.0983,-0.1925,0.3081,0.02232,0.00059,0.00688,-5.00,0.00,0.00,29.2,125.63,634.34,273.13,DESCEND
5.9293,0.1883,0.2674,-0.2118,0.01632,0.00059,0.01088,-5.00,0.00,0.00,29.3,125.63,634.35,273.07,DESCEND
5.9394,0.0083,0.4974,-0.2218,0.02432,0.00159,0.01088,-5.00,0.00,0.00,29.3,125.63,634.35,273.03,DESCEND
5.9495,0.0283,0.3175,-0.2518,0.01032,-0.00240,0.00988,-5.00,0.00,0.00,29.4,125.63,634.35,272.97,DESCEND
5.9596,0.2983,0.4175,-0.2318,0.03232,-0.00140,0.01088,-5.00,0.00,0.00,29.4,125.63,634.35,272.93,DESCEND
5.9697,0.0083,0.1374,0.0281,0.02232,0.00859,0.00888,-5.00,0.00,0.00,29.5,125.63,634.35,272.87,DESCEND
5.9798,-0.1116,-0.0824,-0.0418,0.00932,0.00159,0.00688,-5.00,0.00,0.00,29.5,125.63,634.36,272.83,DESCEND
5.9899,0.1583,0.2674,0.0681,0.02932,0.00259,0.00888,-5.00,0.00,0.00,29.6,125.63,634.36,272.77,DESCEND
6.0000,-0.1816,0.3175,0.0981,0.00032,0.00959,0.00988,-5.00,0.00,0.00,29.6,125.63,634.36,272.73,DESCEND
6.0101,0.1783,0.2375,-0.0818,0.01632,-0.00140,0.00888,-5.00,0.00,0.00,29.7,125.63,634.36,272.67,DESCEND
6.0202,0.0983,0.3175,-0.1118,0.01032,-0.00040,0.01088,-5.00,0.00,0.00,29.7,125.63,634.36,272.63,DESCEND
6.0303,-0.1516,0.2875,-0.0718,-0.00667,0.00059,0.00988,-5.00,0.00,0.00,29.8,125.63,634.37,272.57,DESCEND
6.0404,0.0983,0.2875,0.0781,0.01532,0.00259,0.00788,-5.00,0.00,0.00,29.9,125.63,634.37,272.51,DESCEND
6.0505,0.0783,0.0575,0.5881,0.02332,0.01759,0.01188,-5.00,0.00,0.00,29.9,125.63,634.37,272.47,DESCEND
6.0606,0.1583,-0.2324,0.1481,0.02732,-0.00140,0.00688,-5.00,0.00,0.00,30.0,125.63,634.37,272.41,DESCEND
6.0706,0.0783,0.1175,0.0881,0.02232,0.00759,0.00788,-5.00,0.00,0.00,30.0,125.63,634.37,272.37,DESCEND
6.0808,0.1783,0.2275,-0.2018,0.00432,-0.01840,0.01088,-5.00,0.00,0.00,30.1,125.63,634.37,272.31,DESCEND
6.0909,0.1483,0.1474,0.1481,0.00632,0.00059,0.00788,-5.00,0.00,0.00,30.1,125.63,634.38,272.27,DESCEND
6.1010,-0.0216,0.1974,0.1281,0.00532,-0.00140,0.00888,-5.00,0.00,0.00,30.2,125.64,634.38,272.21,DESCEND
6.1111,0.0183,0.4375,-0.0518,0.00832,-0.00940,0.01588,-5.00,0.00,0.00,30.2,125.64,634.38,272.17,DESCEND
6.1212,0.0583,0.4175,-0.2718,0.01832,0.00159,0.01288,-5.00,0.00,0.00,30.3,125.64,634.38,272.11,DESCEND
6.1313,-0.0516,0.4774,-0.1418,0.01232,-0.00540,0.01288,-5.00,0.00,0.00,30.3,125.64,634.38,272.07,DESCEND
6.1414,0.4083,0.3274,-0.0818,0.01932,-0.00540,0.01188,-5.00,0.00,0.00,30.4,125.64,634.39,272.01,DESCEND
6.1515,0.1383,0.0174,0.1581,0.02432,0.00359,0.01188,-5.00,0.00,0.00,30.4,125.64,634.39,271.97,DESCEND
6.1616,0.0383,0.0975,0.0381,0.01432,0.00959,0.00888,-5.00,0.00,0.00,30.5,125.64,634.39,271.91,DESCEND
6.1717,0.2883,-0.0324,0.1981,0.02432,0.00559,0.01088,-5.00,0.00,0.00,30.5,125.64,634.39,271.87,DESCEND
6.1818,0.1683,0.0674,-0.1218,0.01432,0.00259,0.00588,-5.00,0.00,0.00,30.6,125.64,634.39,271.81,DESCEND
6.1919,-0.1616,-0.1925,0.1981,0.00932,0.00359,0.00588,-5.00,0.00,0.00,30.6,125.64,634.39,271.77,DESCEND
6.2020,0.2183,-0.0024,0.1781,0.03032,0.01159,0.00988,-5.00,0.00,0.00,30.7,125.64,634.40,271.71,DESCEND
6.2121,-0.0016,0.2575,-0.1918,0.00132,-0.01340,0.01088,-5.00,0.00,0.00,30.7,125.64,634.40,271.67,DESCEND
6.2222,0.1383,0.2275,-0.1318,0.03032,0.00659,0.01088,-5.00,0.00,0.00,30.8,125.64,634.40,271.61,DESCEND
6.2323,0.1783,-0.0924,0.1581,0.03332,0.00859,0.00788,-5.00,0.00,0.00,30.8,125.64,634.40,271.55,DESCEND
6.2424,-0.0016,0.1075,0.1081,-0.00167,-0.00440,0.01188,-5.00,0.00,0.00,30.9,125.64,634.40,271.51,DESCEND
6.2526,-0.1916,0.2475,0.0481,0.00332,0.00259,0.01188,-5.00,0.00,0.00,30.9,125.64,634.41,271.45,DESCEND
6.2626,-0.0816,0.2074,-0.1418,0.00632,0.00059,0.00788,-5.00,0.00,0.00,31.0,125.64,634.41,271.41,DESCEND
6.2727,0.1183,0.3975,-0.2818,0.02032,-0.00040,0.00888,-5.00,0.00,0.00,31.0,125.64,634.41,271.35,DESCEND
6.2828,0.1183,0.1675,0.1481,0.03532,0.01559,0.00988,-5.00,0.00,0.00,31.1,125.64,634.41,271.31,DESCEND
6.2929,0.1683,0.2774,-0.1118,0.01632,-0.00140,0.00888,-5.00,0.00,0.00,31.1,125.64,634.41,271.25,DESCEND
6.3030,0.1683,0.3374,-0.2218,0.03132,0.00359,0.01188,-5.00,0.00,0.00,31.2,125.64,634.42,271.21,DESCEND
6.3131,-0.0416,-0.0124,-0.1118,-0.00667,-0.01140,0.01288,-5.00,0.00,0.00,31.2,125.64,634.42,271.15,DESCEND
6.3232,0.0583,0.2375,-0.0918,-0.00567,-0.00440,0.00688,-5.00,0.00,0.00,31.3,125.64,634.42,271.11,DESCEND
6.3333,0.0683,0.2275,0.1181,0.01232,-0.00040,0.01388,-5.00,0.00,0.00,31.3,125.64,634.42,271.05,DESCEND
6.3434,-0.0116,0.4475,-0.0918,0.00532,-0.00440,0.00788,-5.00,0.00,0.00,31.4,125.64,634.42,271.01,DESCEND
6.3535,0.1583,-0.2024,0.2881,0.02332,0.01059,0.00788,-5.00,0.00,0.00,31.4,125.64,634.42,270.95,DESCEND
6.3636,0.0283,0.3674,-0.1218,0.00632,-0.00640,0.01188,-5.00,0.00,0.00,31.5,125.64,634.43,270.91,DESCEND
6.3737,0.1483,0.0074,-0.0818,0.01432,0.00459,0.00788,-5.00,0.00,0.00,31.5,125.64,634.43,270.85,DESCEND
6.3837,0.0783,0.3574,-0.1318,0.00332,-0.01040,0.01388,-5.00,0.00,0.00,31.6,125.64,634.43,270.81,DESCEND
6.3938,-0.1116,0.3274,-0.0518,-0.00167,-0.00640,0.01088,-5.00,0.00,0.00,31.6,125.64,634.43,270.75,DESCEND
6.4039,0.1083,-0.0024,-0.0018,0.00832,-0.01140,0.00588,-5.00,0.00,0.00,31.7,125.64,634.43,270.71,DESCEND
6.4140,-0.0016,0.1575,-0.0218,0.01432,0.01059,0.00788,-5.00,0.00,0.00,31.7,125.64,634.44,270.65,DESCEND
6.4241,0.2383,0.1275,0.2581,0.04532,0.01659,0.00988,-5.00,0.00,0.00,31.8,125.64,634.44,270.61,DESCEND
6.4342,0.0083,0.5175,0.0481,0.01832,0.00759,0.01388,-5.00,0.00,0.00,31.8,125.64,634.44,270.55,DESCEND
6.4443,0.0783,-0.0124,0.3681,0.01132,0.01059,0.00988,-5.00,0.00,0.00,31.9,125.64,634.44,270.49,DESCEND
6.4544,-0.1816,0.3075,-0.2818,-0.00867,-0.00940,0.01088,-5.00,0.00,0.00,31.9,125.64,634.44,270.45,DESCEND
6.4645,0.0183,0.3674,-0.1218,0.01532,-0.00040,0.01288,-5.00,0.00,0.00,32.0,125.64,634.45,270.39,DESCEND
6.4746,-0.0516,0.5675,-0.2918,0.01632,0.00259,0.01388,-5.00,0.00,0.00,32.0,125.64,634.45,270.35,DESCEND
6.4847,-0.0816,0.2475,0.0781,0.00532,0.00259,0.01188,-5.00,0.00,0.00,32.1,125.64,634.45,270.29,DESCEND
6.4948,0.1183,0.2674,-0.2318,0.01832,-0.00240,0.00988,-5.00,0.00,0.00,32.1,125.64,634.45,270.25,DESCEND
6.5049,0.1583,-0.1324,0.3981,0.01632,0.01159,0.00388,-5.00,0.00,0.00,32.2,125.64,634.45,270.19,DESCEND
6.5150,0.1583,0.4475,0.0181,0.02432,0.00459,0.01188,-5.00,0.00,0.00,32.2,125.64,634.45,270.15,DESCEND
6.5251,0.0983,0.3875,-0.6118,0.02432,0.00259,0.01188,-5.00,0.00,0.00,32.3,125.64,634.46,270.09,DESCEND
6.5352,0.1483,0.1974,-0.0518,0.01832,-0.00040,0.01088,-5.00,0.00,0.00,32.3,125.64,634.46,270.05,DESCEND
6.5453,0.0583,0.2975,-0.1918,0.01432,-0.00340,0.00988,-5.00,0.00,0.00,32.4,125.64,634.46,269.99,DESCEND
6.5555,0.0783,0.0074,0.4781,0.01432,0.01159,0.00988,-5.00,0.00,0.00,32.4,125.64,634.46,269.95,DESCEND
6.5655,0.1783,0.2175,-0.1318,0.01432,-0.00640,0.01088,-5.00,0.00,0.00,32.5,125.64,634.46,269.89,DESCEND
6.5756,0.2283,-0.1225,0.2081,0.03132,0.00159,0.00688,-5.00,0.00,0.00,32.5,125.64,634.47,269.85,DESCEND
6.5857,-0.0616,0.7374,-0.4518,0.01132,-0.00640,0.01388,-5.00,0.00,0.00,32.6,125.64,634.47,269.79,DESCEND
6.5958,0.0083,0.3474,-0.3018,0.02332,-0.00440,0.01288,-5.00,0.00,0.00,32.6,125.64,634.47,269.75,DESCEND
6.6059,-0.0116,0.2975,-0.0018,0.00532,-0.00140,0.01088,-5.00,0.00,0.00,32.7,125.64,634.47,269.69,DESCEND
6.6160,-0.0116,0.1374,-0.0118,0.02832,0.01359,0.00888,-5.00,0.00,0.00,32.7,125.64,634.47,269.65,DESCEND
6.6262,-0.0016,0.0375,0.1581,0.00132,-0.00240,0.01188,-5.00,0.00,0.00,32.8,125.64,634.48,269.59,DESCEND
6.6363,0.0883,0.2275,0.0581,0.01132,0.00259,0.01088,-5.00,0.00,0.00,32.8,125.64,634.48,269.55,DESCEND
6.6464,0.0383,0.3175,-0.2318,0.02032,0.00659,0.01188,-5.00,0.00,0.00,32.9,125.64,634.48,269.49,DESCEND
6.6564,0.1883,0.2674,0.2781,0.02732,0.01359,0.01188,-5.00,0.00,0.00,32.9,125.64,634.48,269.43,DESCEND
6.6665,0.2383,-0.2024,0.1881,0.02432,0.00759,0.00288,-5.00,0.00,0.00,33.0,125.64,634.48,269.39,DESCEND
6.6766,0.0283,0.2375,0.2381,0.00532,0.00159,0.01088,-5.00,0.00,0.00,33.0,125.64,634.48,269.33,DESCEND
6.6868,-0.0816,0.3674,-0.1918,0.01832,0.00559,0.00988,-5.00,0.00,0.00,33.1,125.64,634.49,269.29,DESCEND
6.6969,0.2383,0.2475,-0.2318,0.01932,0.00459,0.01088,-5.00,0.00,0.00,33.1,125.64,634.49,269.23,DESCEND
6.7070,0.0483,0.1875,0.1381,0.02632,0.01159,0.00988,-5.00,0.00,0.00,33.2,125.64,634.49,269.19,DESCEND
6.7171,0.1383,0.3274,-0.2218,0.01332,-0.00740,0.00888,-5.00,0.00,0.00,33.2,125.64,634.49,269.13,DESCEND
6.7272,0.0983,0.3775,0.0981,0.01932,0.00559,0.00988,-5.00,0.00,0.00,33.3,125.64,634.49,269.09,DESCEND
6.7373,-0.1216,-0.0924,0.2381,0.00432,0.00559,0.00988,-5.00,0.00,0.00,33.3,125.64,634.50,269.03,DESCEND
6.7473,0.1183,0.0575,0.3381,0.02932,0.01259,0.00888,-5.00,0.00,0.00,33.4,125.64,634.50,268.99,DESCEND
6.7574,0.2283,0.4475,-0.3318,0.01732,-0.01040,0.01688,-5.00,0.00,0.00,33.4,125.64,634.50,268.93,DESCEND
6.7675,-0.1116,0.3975,-0.0218,0.00632,0.00859,0.00988,-5.00,0.00,0.00,33.5,125.64,634.50,268.89,DESCEND
6.7776,-0.1516,0.0375,0.1981,-0.00467,0.00659,0.01188,-5.00,0.00,0.00,33.5,125.64,634.50,268.83,DESCEND
6.7877,0.0383,0.1175,0.2081,0.03232,0.02059,0.00788,-5.00,0.00,0.00,33.6,125.64,634.50,268.79,DESCEND
6.7979,0.1283,0.2475,-0.1918,0.00132,-0.01340,0.01088,-5.00,0.00,0.00,33.6,125.64,634.51,268.73,DESCEND
6.8080,0.0083,-0.0124,0.2781,0.00432,0.00559,0.00788,-5.00,0.00,0.00,33.7,125.65,634.51,268.69,DESCEND
6.8181,0.1083,0.3775,-0.0618,0.01132,-0.00140,0.01188,-5.00,0.00,0.00,33.7,125.65,634.51,268.63,DESCEND
6.8282,0.1683,-0.0625,0.2281,0.01732,0.00459,0.00888,-5.00,0.00,0.00,33.8,125.65,634.51,268.59,DESCEND
6.8383,0.1183,0.0674,0.0881,0.00732,-0.00040,0.00888,-5.00,0.00,0.00,33.8,125.65,634.51,268.53,DESCEND
6.8484,0.0583,0.2175,0.0581,0.01832,0.00459,0.00788,-5.00,0.00,0.00,33.9,125.65,634.52,268.47,DESCEND
6.8585,0.0083,0.3574,-0.3818,-0.00067,-0.00740,0.01188,-5.00,0.00,0.00,33.9,125.65,634.52,268.43,DESCEND
6.8686,0.1383,0.2375,-0.0818,0.01432,-0.00140,0.00888,-5.00,0.00,0.00,34.0,125.65,634.52,268.38,DESCEND
6.8787,0.1383,0.2875,-0.0418,0.01132,0.00259,0.01188,-5.00,0.00,0.00,34.0,125.65,634.52,268.34,DESCEND
6.8888,0.1183,0.0275,-0.1918,0.01032,-0.00440,0.00888,-5.00,0.00,0.00,34.1,125.65,634.52,268.28,DESCEND
6.8989,-0.0416,0.0975,-0.0318,0.00232,-0.00340,0.00988,-5.00,0.00,0.00,34.1,125.65,634.53,268.24,DESCEND
6.9090,0.2583,0.3975,-0.3918,0.01432,-0.00140,0.01288,-5.00,0.00,0.00,34.2,125.65,634.53,268.18,DESCEND
6.9191,0.1083,0.0074,0.5281,0.02532,0.00959,0.01188,-5.00,0.00,0.00,34.2,125.65,634.53,268.14,DESCEND
6.9292,-0.0016,0.2275,-0.1518,0.01632,-0.00140,0.00988,-5.00,0.00,0.00,34.3,125.65,634.53,268.08,DESCEND
6.9393,0.0583,0.2375,-0.1018,0.00232,-0.01240,0.01188,-5.00,0.00,0.00,34.3,125.65,634.53,268.04,DESCEND
6.9494,0.0283,0.1675,-0.1918,0.02932,0.00959,0.00988,-5.00,0.00,0.00,34.4,125.65,634.53,267.98,DESCEND
6.9595,-0.0216,0.1075,-0.0118,0.01932,0.00659,0.01588,-5.00,0.00,0.00,34.4,125.65,634.54,267.94,DESCEND
6.9696,0.0383,0.1075,0.2781,0.01032,0.00359,0.01088,-5.00,0.00,0.00,34.5,125.65,634.54,267.88,DESCEND
6.9796,0.1083,0.3775,-0.1218,0.01632,-0.00040,0.01088,-5.00,0.00,0.00,34.5,125.65,634.54,267.84,DESCEND
6.9897,0.1683,0.1974,0.4081,0.02232,0.01359,0.00788,-5.00,0.00,0.00,34.6,125.65,634.54,267.78,DESCEND
6.9998,0.2683,0.4375,-0.0618,0.04232,0.00759,0.01088,-5.00,0.00,0.00,34.6,125.65,634.54,267.74,DESCEND
7.0099,0.1683,0.1675,-0.0818,0.01632,0.00259,0.00888,-5.00,0.00,0.00,34.7,125.65,634.55,267.68,DESCEND
7.0200,0.3983,0.1575,0.3681,0.02932,0.00859,0.00888,-5.00,0.00,0.00,34.7,125.65,634.55,267.64,DESCEND
7.0301,0.0583,0.5575,-0.1918,0.00732,-0.00640,0.01288,-5.00,0.00,0.00,34.8,125.65,634.55,267.58,DESCEND
7.0402,0.0183,0.2275,0.2081,0.00232,-0.00240,0.00888,-5.00,0.00,0.00,34.8,125.65,634.55,267.54,DESCEND
7.0503,0.0283,0.2774,0.2081,-0.00667,-0.00440,0.01088,-5.00,0.00,0.00,34.9,125.65,634.55,267.48,DESCEND
7.0604,-0.1216,0.4275,-0.0218,-0.00667,-0.00640,0.01588,-5.00,0.00,0.00,35.0,125.65,634.56,267.42,DESCEND
7.0705,-0.0216,0.3775,-0.2718,0.01132,-0.00140,0.01488,-5.00,0.00,0.00,35.0,125.65,634.56,267.38,DESCEND
7.0806,0.0783,0.3075,0.1481,0.02132,0.01059,0.00788,-5.00,0.00,0.00,35.1,125.65,634.56,267.32,DESCEND
7.0906,0.1583,-0.1324,0.1481,0.02132,0.00359,0.01388,-5.00,0.00,0.00,35.1,125.65,634.56,267.28,DESCEND
7.1007,0.0883,-0.0024,0.4681,0.01732,0.01159,0.00788,-5.00,0.00,0.00,35.2,125.65,634.56,267.22,DESCEND
7.1108,0.0683,0.1575,-0.3318,0.01332,-0.00540,0.01188,-5.00,0.00,0.00,35.2,125.65,634.56,267.18,DESCEND
7.1209,-0.0316,0.1675,0.1181,0.01232,0.00459,0.00888,-5.00,0.00,0.00,35.3,125.65,634.57,267.12,DESCEND
7.1310,-0.0016,0.0874,0.1681,0.00932,0.00459,0.01388,-5.00,0.00,0.00,35.3,125.65,634.57,267.08,DESCEND
7.1411,0.0083,-0.1024,0.3981,0.02832,0.01159,0.01088,-5.00,0.00,0.00,35.4,125.65,634.57,267.02,DESCEND
7.1512,-0.0416,-0.0924,0.0081,0.00132,-0.00740,0.01088,-5.00,0.00,0.00,35.4,125.65,634.57,266.98,DESCEND
7.1613,-0.0016,0.4974,-0.4318,0.01332,0.00459,0.01188,-5.00,0.00,0.00,35.5,125.65,634.57,266.92,DESCEND
7.1714,0.1683,0.1675,-0.1318,0.01132,-0.00240,0.00988,-5.00,0.00,0.00,35.5,125.65,634.58,266.88,DESCEND
7.1815,-0.0116,0.8275,-0.5318,0.00532,-0.01040,0.01688,-5.00,0.00,0.00,35.6,125.65,634.58,266.82,DESCEND
7.1916,0.1183,0.4475,-0.0118,0.01332,-0.00240,0.01088,-5.00,0.00,0.00,35.6,125.65,634.58,266.78,DESCEND
7.2018,-0.0116,0.4475,-0.0118,-0.00167,-0.00140,0.01288,-5.00,0.00,0.00,35.7,125.65,634.58,266.72,DESCEND
7.2119,0.0383,0.1275,0.1181,0.02032,0.00159,0.00888,-5.00,0.00,0.00,35.7,125.65,634.58,266.68,DESCEND
7.2219,0.1783,0.0774,0.1281,0.02832,0.01159,0.01088,-5.00,0.00,0.00,35.8,125.65,634.58,266.62,DESCEND
7.2321,0.1383,-0.0425,0.2181,0.02332,0.00259,0.01188,-5.00,0.00,0.00,35.8,125.65,634.59,266.58,DESCEND
7.2421,0.0383,0.5175,-0.0318,0.02932,0.00859,0.01388,-5.00,0.00,0.00,35.9,125.65,634.59,266.52,DESCEND
7.2522,0.0483,0.3775,-0.0418,0.01432,0.00859,0.01388,-5.00,0.00,0.00,35.9,125.65,634.59,266.48,DESCEND
7.2623,-0.1416,0.5275,-0.0018,0.00732,0.00659,0.01688,-5.00,0.00,0.00,36.0,125.65,634.59,266.42,DESCEND
7.2724,0.0983,0.1575,0.1981,0.02132,0.00359,0.00888,-5.00,0.00,0.00,36.0,125.65,634.59,266.36,DESCEND
7.2825,-0.0416,0.1575,0.2481,0.00432,0.00359,0.01088,-5.00,0.00,0.00,36.1,125.65,634.60,266.32,DESCEND
7.2927,-0.0416,0.0774,0.4981,0.01832,0.01859,0.00988,-5.00,0.00,0.00,36.1,125.65,634.60,266.26,DESCEND
7.3028,0.1883,0.1974,-0.0118,0.04232,0.00859,0.01088,-5.00,0.00,0.00,36.2,125.65,634.60,266.22,DESCEND
7.3129,-0.0816,0.5375,-0.0218,0.01032,0.00659,0.01188,-5.00,0.00,0.00,36.2,125.65,634.60,266.16,DESCEND
7.3230,-0.0216,0.2375,0.0781,0.00632,-0.00240,0.00988,-5.00,0.00,0.00,36.3,125.65,634.60,266.12,DESCEND
7.3330,0.1483,0.1075,0.1681,0.01432,0.00659,0.01488,-5.00,0.00,0.00,36.3,125.65,634.61,266.06,DESCEND
7.3431,-0.0116,0.1175,0.0181,-0.00067,-0.00640,0.01288,-5.00,0.00,0.00,36.4,125.65,634.61,266.02,DESCEND
7.3533,-0.0316,0.1974,0.0981,0.01232,0.00159,0.00788,-5.00,0.00,0.00,36.4,125.65,634.61,265.96,DESCEND
7.3633,-0.0116,0.2375,0.1481,0.00532,0.01359,0.01388,-5.00,0.00,0.00,36.5,125.65,634.61,265.92,DESCEND
7.3734,0.1383,0.2175,-0.0818,0.01932,0.00159,0.01288,-5.00,0.00,0.00,36.5,125.65,634.61,265.86,DESCEND
7.3835,0.1883,0.4874,-0.0018,0.02732,0.01059,0.01188,-5.00,0.00,0.00,36.6,125.65,634.61,265.82,DESCEND
7.3936,0.1583,0.0774,0.1881,0.02332,0.00759,0.00488,-5.00,0.00,0.00,36.6,125.65,634.62,265.76,DESCEND
7.4037,-0.0216,0.0674,0.2581,0.01432,0.01159,0.00788,-5.00,0.00,0.00,36.7,125.65,634.62,265.72,DESCEND
7.4139,-0.0116,0.0475,0.2681,0.00632,-0.00040,0.01088,-5.00,0.00,0.00,36.7,125.65,634.62,265.66,DESCEND
7.4240,0.0783,0.6074,-0.3818,0.01432,-0.00640,0.01188,-5.00,0.00,0.00,36.8,125.65,634.62,265.62,DESCEND
7.4341,-0.1816,0.2774,-0.0818,-0.00167,0.00559,0.00888,-5.00,0.00,0.00,36.8,125.65,634.62,265.56,DESCEND
7.4442,0.2083,0.1474,-0.0618,0.03032,-0.00040,0.01488,-5.00,0.00,0.00,36.9,125.65,634.63,265.52,DESCEND
7.4543,0.0583,0.3775,-0.1718,0.01432,-0.01340,0.01188,-5.00,0.00,0.00,36.9,125.65,634.63,265.46,DESCEND
7.4644,0.2283,0.0575,-0.0018,0.03132,0.01359,0.00888,-5.00,0.00,0.00,37.0,125.65,634.63,265.40,DESCEND
7.4745,-0.0616,0.0475,0.1181,0.00532,0.01159,0.01088,-5.00,0.00,0.00,37.0,125.65,634.63,265.36,DESCEND
7.4846,0.1083,0.0874,-0.1418,0.02232,0.00959,0.00888,-5.00,0.00,0.00,37.1,125.65,634.63,265.30,DESCEND
7.4946,0.1183,0.2774,0.1281,0.02432,0.01459,0.00688,-5.00,0.00,0.00,37.1,125.65,634.64,265.26,DESCEND
7.5047,0.1183,-0.1225,0.2881,0.02232,0.00959,0.00988,-5.00,0.00,0.00,37.2,125.65,634.64,265.20,DESCEND
7.5148,0.0983,-0.1024,0.4881,0.02132,0.01059,0.00888,-5.00,0.00,0.00,37.2,125.65,634.64,265.16,DESCEND
7.5249,0.2183,0.1875,0.3581,0.02632,0.01159,0.01288,-5.00,0.00,0.00,37.3,125.66,634.64,265.10,DESCEND
7.5350,0.0783,0.4575,-0.0418,0.01232,0.01359,0.00988,-5.00,0.00,0.00,37.3,125.66,634.64,265.06,DESCEND
7.5451,-0.0316,0.3674,0.0081,0.01032,-0.00040,0.01288,-5.00,0.00,0.00,37.4,125.66,634.64,265.00,DESCEND
7.5552,0.1083,-0.0124,0.2881,0.01532,0.00759,0.01088,-5.00,0.00,0.00,37.4,125.66,634.65,264.96,DESCEND
7.5653,0.2383,-0.3125,0.3681,0.03732,0.02359,0.00488,-5.00,0.00,0.00,37.5,125.66,634.65,264.90,DESCEND
7.5755,0.1183,0.1075,0.2581,0.02132,0.01559,0.00788,-5.00,0.00,0.00,37.5,125.66,634.65,264.86,DESCEND
7.5856,0.1483,0.2575,0.0281,0.00932,-0.01240,0.01388,-5.00,0.00,0.00,37.6,125.66,634.65,264.80,DESCEND
7.5956,0.1883,0.2774,-0.0018,0.02532,0.00759,0.00788,-5.00,0.00,0.00,37.6,125.66,634.65,264.76,DESCEND
7.6057,-0.0016,0.3875,-0.0718,0.00832,0.00759,0.01388,-5.00,0.00,0.00,37.7,125.66,634.66,264.70,DESCEND
7.6159,0.0683,-0.0824,0.0581,0.01832,0.00859,0.01088,-5.00,0.00,0.00,37.7,125.66,634.66,264.66,DESCEND
7.6260,-0.0016,-0.2225,0.3881,0.02832,0.01559,0.00788,-5.00,0.00,0.00,37.8,125.66,634.66,264.60,DESCEND
7.6361,0.0983,0.2875,0.0081,0.03532,0.01659,0.00588,-5.00,0.00,0.00,37.8,125.66,634.66,264.56,DESCEND
7.6462,0.2383,-0.0525,0.3281,0.02132,0.01059,0.00788,-5.00,0.00,0.00,37.9,125.66,634.66,264.50,DESCEND
7.6562,-0.0716,0.2475,0.2181,0.00332,0.01359,0.01488,-5.00,0.00,0.00,37.9,125.66,634.67,264.44,DESCEND
7.6663,0.0083,0.0275,0.2181,0.03432,0.01859,0.01088,-5.00,0.00,0.00,38.0,125.66,634.67,264.40,DESCEND
7.6764,-0.0216,0.2774,-0.2018,-0.00167,-0.00840,0.01088,-5.00,0.00,0.00,38.0,125.66,634.67,264.34,DESCEND
7.6866,0.0283,0.0375,0.1381,0.00332,0.00059,0.00488,-5.00,0.00,0.00,38.1,125.66,634.67,264.30,DESCEND
7.6966,0.0583,0.2575,-0.1418,0.00332,-0.00540,0.01088,-5.00,0.00,0.00,38.1,125.66,634.67,264.24,DESCEND
7.7067,0.1783,0.0074,-0.0118,0.04332,0.01359,0.01088,-5.00,0.00,0.00,38.2,125.66,634.67,264.20,DESCEND
7.7168,0.0283,0.2975,-0.1018,0.01232,0.00159,0.00688,-5.00,0.00,0.00,38.2,125.66,634.68,264.14,DESCEND
7.7269,0.2683,0.3274,0.1781,0.03632,0.01259,0.01088,-5.00,0.00,0.00,38.3,125.66,634.68,264.10,DESCEND
7.7370,0.1583,0.1175,0.1481,0.02532,0.00359,0.00888,-5.00,0.00,0.00,38.3,125.66,634.68,264.04,DESCEND
7.7471,0.1983,0.3574,0.0281,0.01332,0.00159,0.01188,-5.00,0.00,0.00,38.4,125.66,634.68,264.00,DESCEND
7.7572,-0.1416,0.0975,0.0381,-0.00667,-0.01240,0.01088,-5.00,0.00,0.00,38.4,125.66,634.68,263.94,DESCEND
7.7673,0.0583,0.0475,0.0781,0.01432,0.00359,0.01088,-5.00,0.00,0.00,38.5,125.66,634.69,263.90,DESCEND
7.7774,0.0683,0.0774,0.0381,-0.00967,-0.00240,0.01188,-5.00,0.00,0.00,38.5,125.66,634.69,263.84,DESCEND
7.7875,-0.1416,0.3374,-0.0618,0.00032,0.00559,0.01188,-5.00,0.00,0.00,38.6,125.66,634.69,263.80,DESCEND
7.7976,0.0783,-0.0425,0.0681,0.02132,0.00859,0.00988,-5.00,0.00,0.00,38.6,125.66,634.69,263.74,DESCEND
7.8076,0.0583,0.5075,-0.2518,0.01832,-0.00340,0.01288,-5.00,0.00,0.00,38.7,125.66,634.69,263.70,DESCEND
7.8177,0.0983,0.2375,0.2581,0.03032,0.01259,0.01288,-5.00,0.00,0.00,38.7,125.66,634.69,263.64,DESCEND
7.8278,0.1483,0.4275,0.2181,0.02432,0.00559,0.01188,-5.00,0.00,0.00,38.8,125.66,634.70,263.60,DESCEND
7.8379,0.1283,0.4774,-0.0718,0.02532,0.00259,0.01488,-5.00,0.00,0.00,38.8,125.66,634.70,263.54,DESCEND
7.8480,-0.2116,0.4075,-0.0818,0.00632,0.00059,0.01188,-5.00,0.00,0.00,38.9,125.66,634.70,263.50,DESCEND
7.8581,0.3183,0.0475,0.1081,0.04032,-0.00140,0.01288,-5.00,0.00,0.00,38.9,125.66,634.70,263.44,DESCEND
7.8682,0.2083,0.0674,-0.2818,0.01332,-0.00140,0.01088,-5.00,0.00,0.00,39.0,125.66,634.70,263.38,DESCEND
7.8783,-0.0316,0.2275,0.0781,0.00532,0.00259,0.01388,-5.00,0.00,0.00,39.0,125.66,634.71,263.34,DESCEND
7.8884,-0.0116,0.3274,-0.1918,0.00932,0.00159,0.01788,-5.00,0.00,0.00,39.1,125.66,634.71,263.28,DESCEND
7.8985,0.0483,0.4575,-0.0818,0.01532,0.00559,0.01588,-5.00,0.00,0.00,39.1,125.66,634.71,263.24,DESCEND
7.9086,0.0583,0.1775,0.0581,0.01632,0.00559,0.00688,-5.00,0.00,0.00,39.2,125.66,634.71,263.18,DESCEND
7.9187,0.0083,0.3274,0.0981,0.01432,0.00759,0.01088,-5.00,0.00,0.00,39.2,125.66,634.71,263.14,DESCEND
7.9288,0.0283,0.0174,0.1581,-0.00367,-0.00040,0.01088,-5.00,0.00,0.00,39.3,125.66,634.72,263.08,DESCEND
7.9389,-0.0016,0.5275,-0.0918,0.02332,0.00359,0.01188,-5.00,0.00,0.00,39.4,125.66,634.72,263.02,DESCEND
7.9490,-0.0816,0.0774,-0.0618,0.03032,0.00959,0.01088,-5.00,0.00,0.00,39.4,125.66,634.72,262.98,DESCEND
7.9591,0.3983,0.2375,-0.2318,0.03932,0.00159,0.01088,-5.00,0.00,0.00,39.4,125.66,634.72,262.94,DESCEND
7.9692,0.1283,0.0975,0.2081,0.01132,-0.00140,0.01088,-5.00,0.00,0.00,39.5,125.66,634.72,262.88,DESCEND
7.9793,0.1783,0.0575,0.0181,0.02332,0.00059,0.01088,-5.00,0.00,0.00,39.5,125.66,634.72,262.84,DESCEND
7.9894,0.0583,-0.0824,0.3581,0.01432,0.01059,0.00988,-5.00,0.00,0.00,39.6,125.66,634.73,262.78,DESCEND
7.9995,0.1483,0.0575,-0.1518,0.01332,-0.00040,0.01088,-5.00,0.00,0.00,39.6,125.66,634.73,262.74,DESCEND
8.0096,0.1183,0.3574,-0.1918,0.01132,-0.00840,0.01188,-5.00,0.00,0.00,39.7,125.66,634.73,262.68,DESCEND
8.0197,0.2383,0.2175,-0.2718,0.02232,-0.00240,0.00988,-5.00,0.00,0.00,39.7,125.66,634.73,262.64,DESCEND
8.0298,0.0583,0.5575,-0.3218,0.02232,0.00259,0.01688,-5.00,0.00,0.00,39.8,125.66,634.73,262.58,DESCEND
8.0399,-0.0016,0.4175,-0.3718,0.01632,-0.00740,0.01488,-5.00,0.00,0.00,39.8,125.66,634.74,262.54,DESCEND
8.0500,0.2183,0.1075,0.1481,0.02332,0.01059,0.01088,-5.00,0.00,0.00,39.9,125.66,634.74,262.48,DESCEND
8.0601,0.0383,0.0575,-0.1118,0.00132,0.00059,0.00988,-5.00,0.00,0.00,39.9,125.66,634.74,262.44,DESCEND
8.0702,0.0883,0.3474,0.1481,0.00532,0.00459,0.01088,-5.00,0.00,0.00,40.0,125.66,634.74,262.38,DESCEND
8.0803,0.0683,0.0674,0.1881,0.04332,0.02559,0.00688,-5.00,0.00,0.00,40.1,125.66,634.74,262.32,DESCEND
8.0904,0.1383,-0.0324,0.2581,0.01632,0.00459,0.00788,-5.00,0.00,0.00,40.1,125.66,634.75,262.28,DESCEND
8.1005,0.1683,0.2275,-0.1918,0.02132,0.00259,0.01088,-5.00,0.00,0.00,40.2,125.66,634.75,262.22,DESCEND
8.1106,0.0883,0.2674,-0.0718,0.02032,0.00359,0.01688,-5.00,0.00,0.00,40.2,125.66,634.75,262.18,DESCEND
8.1207,0.0683,0.2275,0.0381,0.02732,0.02059,0.00988,-5.00,0.00,0.00,40.3,125.66,634.75,262.12,DESCEND
8.1307,0.0883,0.2575,0.3081,0.01732,0.00259,0.01088,-5.00,0.00,0.00,40.3,125.66,634.75,262.08,DESCEND
8.1408,0.0983,0.1275,0.0881,0.01632,0.00359,0.01488,-5.00,0.00,0.00,40.4,125.66,634.75,262.02,DESCEND
8.1509,-0.0116,0.3674,-0.0118,0.01732,0.00059,0.01788,-5.00,0.00,0.00,40.4,125.66,634.76,261.98,DESCEND
8.1610,-0.0116,0.2875,-0.0418,0.02132,0.00459,0.00888,-5.00,0.00,0.00,40.5,125.66,634.76,261.92,DESCEND
8.1711,0.1483,0.2575,0.0281,0.01732,-0.00140,0.01288,-5.00,0.00,0.00,40.5,125.66,634.76,261.88,DESCEND
8.1812,0.1183,0.4774,-0.1418,0.00732,-0.01040,0.01288,-5.00,0.00,0.00,40.6,125.66,634.76,261.82,DESCEND
8.1913,0.1583,0.2575,0.0781,0.01332,0.00159,0.01288,-5.00,0.00,0.00,40.6,125.66,634.76,261.78,DESCEND
8.2014,-0.0416,0.6575,-0.6218,0.00932,-0.01640,0.01788,-5.00,0.00,0.00,40.7,125.66,634.77,261.72,DESCEND
8.2115,0.1183,0.2575,0.1981,0.01132,-0.00040,0.01288,-5.00,0.00,0.00,40.7,125.66,634.77,261.68,DESCEND
8.2216,0.0383,0.1575,0.2381,0.00432,0.00159,0.00988,-5.00,0.00,0.00,40.8,125.66,634.77,261.62,DESCEND
8.2317,-0.0516,0.3374,-0.2418,0.00332,0.00259,0.01288,-5.00,0.00,0.00,40.8,125.66,634.77,261.58,DESCEND
8.2418,0.1083,0.3574,0.0481,0.00732,-0.00540,0.01488,-5.00,0.00,0.00,40.9,125.66,634.77,261.52,DESCEND
8.2520,-0.1016,0.3674,0.1681,0.01432,0.01759,0.01188,-5.00,0.00,0.00,40.9,125.66,634.77,261.48,DESCEND
8.2620,0.0883,0.2774,0.2181,0.00832,0.01059,0.00988,-5.00,0.00,0.00,41.0,125.67,634.78,261.42,DESCEND
8.2721,0.1183,0.0375,0.1281,0.01832,0.01259,0.01188,-5.00,0.00,0.00,41.0,125.67,634.78,261.38,DESCEND
8.2822,0.2383,0.1575,-0.3018,0.01632,-0.00740,0.01188,-5.00,0.00,0.00,41.1,125.67,634.78,261.32,DESCEND
8.2923,0.3983,0.2375,0.0881,0.02032,-0.00540,0.00788,-5.00,0.00,0.00,41.1,125.67,634.78,261.26,DESCEND
8.3024,-0.0816,0.3274,0.0181,0.00632,0.00059,0.01388,-5.00,0.00,0.00,41.2,125.67,634.78,261.22,DESCEND
8.3125,0.2083,-0.0224,0.1281,0.02732,0.00559,0.01088,-5.00,0.00,0.00,41.2,125.67,634.79,261.16,DESCEND
8.3226,0.0183,0.1075,-0.2918,0.01732,0.00059,0.01388,-5.00,0.00,0.00,41.3,125.67,634.79,261.12,DESCEND
8.3327,-0.1516,0.3274,-0.2018,-0.00467,-0.00240,0.01388,-5.00,0.00,0.00,41.3,125.67,634.79,261.06,DESCEND
8.3428,-0.0916,0.3875,-0.1618,0.00132,-0.00140,0.01388,-5.00,0.00,0.00,41.4,125.67,634.79,261.02,DESCEND
8.3529,0.0783,0.2674,-0.0318,0.02632,0.01459,0.00888,-5.00,0.00,0.00,41.4,125.67,634.79,260.96,DESCEND
8.3630,0.1583,0.1374,0.0581,0.01632,0.01859,0.00988,-5.00,0.00,0.00,41.5,125.67,634.80,260.92,DESCEND
8.3731,0.2783,0.0975,0.2981,0.00932,0.01759,0.00488,-5.00,0.00,0.00,41.5,125.67,634.80,260.86,DESCEND
8.3832,0.1483,0.3075,-0.0018,0.00632,0.02359,0.00988,-5.00,0.00,0.00,41.6,125.67,634.80,260.82,DESCEND
8.3933,0.2483,-0.1524,0.2081,0.01832,0.02459,0.00288,-5.00,0.00,0.00,41.6,125.67,634.80,260.76,DESCEND
8.4034,0.3783,0.4974,-0.2218,0.02032,0.02059,0.00788,-5.00,0.00,0.00,41.7,125.67,634.80,260.72,DESCEND
8.4135,0.5183,-0.0625,0.0181,0.03732,0.04459,0.00388,-5.00,0.00,0.00,41.7,125.67,634.80,260.66,DESCEND
8.4236,-0.0316,0.2674,-0.0018,-0.02267,0.02959,0.00288,-5.00,0.00,0.00,41.8,125.67,634.81,260.62,DESCEND
8.4336,0.5683,0.1675,0.1181,0.01332,0.03259,0.00288,-5.00,0.00,0.00,41.8,125.67,634.81,260.56,DESCEND
8.4437,0.3183,-0.0625,0.3281,0.01732,0.04559,0.00188,-5.00,0.00,0.00,41.9,125.67,634.81,260.52,DESCEND
8.4538,0.3183,0.1275,-0.0718,0.02232,0.05059,0.00288,-5.00,0.00,0.00,41.9,125.67,634.81,260.46,DESCEND
8.4639,0.1983,0.2875,-0.1018,-0.00867,0.03759,0.00188,-5.00,0.00,0.00,42.0,125.67,634.81,260.42,DESCEND
8.4740,0.3983,0.1175,0.1381,0.02732,0.05459,0.00088,-5.00,0.00,0.00,42.0,125.67,634.82,260.36,DESCEND
8.4841,0.2283,-0.3225,0.3281,0.01032,0.06159,-0.00111,-5.00,0.00,0.00,42.1,125.67,634.82,260.32,DESCEND
8.4942,0.4983,0.6775,-0.3118,0.01032,0.04359,-0.00011,-5.00,0.00,0.00,42.1,125.67,634.82,260.26,DESCEND
8.5043,0.4783,0.2674,0.1281,0.03132,0.07059,0.00088,-5.00,0.00,0.00,42.2,125.67,634.82,260.20,DESCEND
8.5144,0.4083,0.5175,-0.2018,0.03632,0.07359,0.00088,-5.00,0.00,0.00,42.2,125.67,634.82,260.16,DESCEND
8.5245,0.4283,0.1175,0.1781,0.02032,0.07359,-0.00011,-5.00,0.00,0.00,42.3,125.67,634.83,260.10,DESCEND
8.5346,0.4283,0.0874,0.2181,0.00632,0.05959,-0.00411,-5.00,0.00,0.00,42.3,125.67,634.83,260.06,DESCEND
8.5447,0.5383,0.3975,-0.0918,0.01132,0.06259,-0.00211,-5.00,0.00,0.00,42.4,125.67,634.83,260.00,DESCEND
8.5548,0.3683,-0.0724,0.3481,0.00832,0.07559,-0.00611,-5.00,0.00,0.00,42.4,125.67,634.83,259.96,DESCEND
8.5649,0.6883,0.0874,-0.1818,0.01932,0.06459,-0.00611,-5.00,0.00,0.00,42.5,125.67,634.83,259.90,DESCEND
8.5750,0.4583,0.0975,0.3481,0.02232,0.08459,-0.00111,-5.00,0.00,0.00,42.5,125.67,634.83,259.86,DESCEND
8.5851,0.5283,0.0074,-0.0018,0.02132,0.07259,-0.00611,-5.00,0.00,0.00,42.6,125.67,634.84,259.80,DESCEND
8.5952,0.6483,0.3474,-0.1818,0.02332,0.07059,-0.00811,-5.00,0.00,0.00,42.6,125.67,634.84,259.76,DESCEND
8.6053,0.6283,0.2575,0.0081,0.00132,0.07459,-0.00611,-5.00,0.00,0.00,42.7,125.67,634.84,259.70,DESCEND
8.6154,0.6483,0.1575,0.1781,0.01432,0.07159,-0.00711,-5.00,0.00,0.00,42.7,125.67,634.84,259.66,DESCEND
8.6255,0.6583,0.6975,-0.4418,0.01332,0.06959,-0.00211,-5.00,0.00,0.00,42.8,125.67,634.84,259.60,DESCEND
8.6356,0.5683,0.3674,-0.0618,0.02532,0.08859,-0.00511,-5.00,0.00,0.00,42.8,125.67,634.85,259.56,DESCEND
8.6456,0.4783,0.2175,0.2681,0.01132,0.08759,-0.00711,-5.00,0.00,0.00,42.9,125.67,634.85,259.50,DESCEND
8.6557,0.8483,0.1175,0.0781,0.03132,0.09459,-0.01111,-5.00,0.00,0.00,42.9,125.67,634.85,259.46,DESCEND
8.6659,0.4683,0.0174,0.1781,-0.00567,0.08859,-0.00911,-5.00,0.00,0.00,43.0,125.67,634.85,259.40,DESCEND
8.6760,0.6383,0.4674,0.1281,0.02132,0.09659,-0.00711,-5.00,0.00,0.00,43.0,125.67,634.85,259.36,DESCEND
8.6861,0.6183,-0.1225,0.0781,0.02032,0.10159,-0.01111,-5.00,0.00,0.00,43.1,125.67,634.86,259.30,DESCEND
8.6961,0.7383,0.1974,0.2081,0.03332,0.11159,-0.00811,-5.00,0.00,0.00,43.1,125.67,634.86,259.26,DESCEND
8.7062,0.7583,0.3274,0.1381,0.02832,0.10159,-0.00711,-5.00,0.00,0.00,43.2,125.67,634.86,259.20,DESCEND
8.7163,0.6383,0.1974,-0.0818,0.02232,0.09859,-0.01011,-5.00,0.00,0.00,43.2,125.67,634.86,259.14,DESCEND
8.7264,0.7583,-0.1324,0.3481,0.03432,0.10659,-0.01111,-5.00,0.00,0.00,43.3,125.67,634.86,259.10,DESCEND
8.7365,0.7983,0.3775,-0.5618,0.03332,0.10259,-0.00911,-5.00,0.00,0.00,43.3,125.67,634.86,259.04,DESCEND
8.7466,0.6383,0.1775,-0.0218,0.00632,0.09759,-0.01011,-5.00,0.00,0.00,43.4,125.67,634.87,259.00,DESCEND
8.7568,0.5783,0.0975,0.0381,0.01732,0.11359,-0.01111,-5.00,0.00,0.00,43.4,125.67,634.87,258.96,DESCEND
8.7669,0.7483,0.1075,0.1981,0.04132,0.12359,-0.01411,-5.00,0.00,0.00,43.5,125.67,634.87,258.90,DESCEND
8.7770,0.5083,0.5375,-0.1018,0.02432,0.11559,-0.00911,-5.00,0.00,0.00,43.5,125.67,634.87,258.84,DESCEND
8.7871,0.8783,0.5775,0.0281,0.02832,0.11459,-0.01411,-5.00,0.00,0.00,43.6,125.67,634.87,258.80,DESCEND
8.7972,0.8283,-0.0124,0.3081,0.02032,0.12559,-0.01411,-5.00,0.00,0.00,43.6,125.67,634.88,258.74,SEARCH_Y
8.8073,0.8583,0.0375,0.3581,0.03932,0.13259,-0.01311,0.00,-3.00,0.00,43.7,125.67,634.88,258.70,SEARCH_Y
8.8174,0.6983,0.5575,0.0781,0.00832,0.11259,-0.01111,0.00,-3.00,0.00,43.7,125.67,634.88,258.64,SEARCH_Y
8.8275,0.6383,0.1675,0.2781,0.00732,0.12359,-0.01511,0.00,-3.00,0.00,43.8,125.67,634.88,258.61,SEARCH_Y
8.8376,0.4983,0.2674,0.1081,-0.01067,0.11759,-0.01311,0.00,-3.00,0.00,43.8,125.67,634.88,258.56,SEARCH_Y
8.8477,0.9683,-0.0525,0.2181,0.03032,0.12159,-0.01711,0.00,-3.00,0.00,43.9,125.66,634.88,258.52,SEARCH_Y
8.8578,1.0683,0.5875,0.0481,0.04132,0.12859,-0.01311,0.00,-3.00,0.00,43.9,125.65,634.88,258.48,SEARCH_Y
8.8679,0.8683,0.2875,0.0281,0.02732,0.13059,-0.01511,0.00,-3.00,0.00,43.9,125.64,634.89,258.45,SEARCH_Y
8.8780,0.5883,0.1575,0.1381,0.00932,0.13759,-0.01411,0.00,-3.00,0.00,44.0,125.63,634.89,258.41,SEARCH_Y
8.8881,0.9083,0.4175,-0.0518,0.02632,0.12359,-0.01511,0.00,-3.00,0.00,44.0,125.62,634.89,258.39,SEARCH_Y
8.8981,0.9783,0.1575,0.0581,0.02032,0.12459,-0.01411,0.00,-3.00,0.00,44.0,125.60,634.89,258.36,SEARCH_Y
8.9082,0.6483,0.1875,0.3181,0.02732,0.14259,-0.01311,0.00,-3.00,0.00,44.0,125.58,634.89,258.34,SEARCH_Y
8.9183,0.7383,-0.0024,0.4381,0.02432,0.13659,-0.01711,0.00,-3.00,0.00,44.1,125.56,634.89,258.32,SEARCH_Y
8.9284,0.9183,0.2074,0.2381,0.04532,0.13659,-0.01311,0.00,-3.00,0.00,44.1,125.54,634.89,258.31,SEARCH_Y
8.9385,0.7783,0.2175,0.1781,0.02832,0.13959,-0.01411,0.00,-3.00,0.00,44.1,125.52,634.89,258.30,SEARCH_Y
8.9486,0.8683,0.1775,0.1681,0.03932,0.13859,-0.01611,0.00,-3.00,0.00,44.1,125.49,634.89,258.29,SEARCH_Y
8.9588,0.9383,-0.0924,0.4581,0.05232,0.13359,-0.01511,0.00,-3.00,0.00,44.1,125.47,634.89,258.29,SEARCH_Y
8.9688,0.8083,0.1575,0.2081,0.02932,0.12759,-0.01311,0.00,-3.00,0.00,44.1,125.43,634.89,258.28,SEARCH_Y
8.9789,0.9983,0.0475,0.0281,0.05332,0.13559,-0.01711,0.00,-3.00,0.00,44.1,125.41,634.88,258.28,SEARCH_Y
8.9890,0.7383,0.0375,0.3081,0.01032,0.12859,-0.01311,0.00,-3.00,0.00,44.1,125.37,634.88,258.28,SEARCH_Y
8.9991,0.7283,0.4075,-0.0218,0.02232,0.12959,-0.01211,0.00,-3.00,0.00,44.1,125.35,634.88,258.28,SEARCH_Y
9.0092,0.7383,0.1474,0.2181,0.03632,0.14159,-0.01711,0.00,-3.00,0.00,44.1,125.31,634.88,258.28,SEARCH_Y
9.0193,0.9583,0.1875,0.2681,0.04632,0.12859,-0.01211,0.00,-3.00,0.00,44.1,125.29,634.88,258.28,SEARCH_Y
9.0294,0.8283,-0.0024,0.4281,0.04632,0.13559,-0.01511,0.00,-3.00,0.00,44.1,125.25,634.88,258.28,SEARCH_Y
9.0395,0.8383,0.4874,0.0181,0.02732,0.12259,-0.01111,0.00,-3.00,0.00,44.1,125.23,634.88,258.28,SEARCH_Y
9.0496,0.8383,0.7374,-0.1518,0.00732,0.11159,-0.01111,0.00,-3.00,0.00,44.1,125.19,634.88,258.28,SEARCH_Y
9.0597,1.0083,0.2875,0.2781,0.02432,0.12259,-0.01311,0.00,-3.00,0.00,44.1,125.17,634.88,258.28,SEARCH_Y
9.0698,0.8483,0.4974,-0.1718,0.00532,0.12059,-0.01411,0.00,-3.00,0.00,44.1,125.13,634.88,258.28,SEARCH_Y
9.0799,0.8783,0.3574,-0.0618,0.01232,0.12159,-0.01411,0.00,-3.00,0.00,44.1,125.11,634.88,258.28,SEARCH_Y
9.0900,0.9683,0.1474,0.3781,0.04232,0.14159,-0.01311,0.00,-3.00,0.00,44.1,125.07,634.87,258.28,SEARCH_Y
9.1001,0.9083,0.3474,0.1581,0.02732,0.13059,-0.01311,0.00,-3.00,0.00,44.1,125.05,634.87,258.28,SEARCH_Y
9.1102,0.8783,0.2375,0.0981,0.01332,0.12459,-0.01311,0.00,-3.00,0.00,44.1,125.01,634.87,258.28,SEARCH_Y
9.1203,0.8683,0.3274,0.0481,0.02232,0.12459,-0.01511,0.00,-3.00,0.00,44.1,124.99,634.87,258.28,SEARCH_Y
9.1304,0.8183,0.4575,0.0181,0.04832,0.14259,-0.01611,0.00,-3.00,0.00,44.1,124.95,634.87,258.28,SEARCH_Y
9.1405,0.9983,0.2975,0.3781,0.02032,0.12659,-0.02011,0.00,-3.00,0.00,44.1,124.92,634.87,258.28,SEARCH_Y
9.1506,0.8583,0.1974,-0.0218,0.01532,0.12959,-0.01711,0.00,-3.00,0.00,44.1,124.89,634.87,258.28,SEARCH_Y
9.1607,0.8583,0.1275,0.3281,0.01032,0.13659,-0.02211,0.00,-3.00,0.00,44.1,124.85,634.87,258.28,SEARCH_Y
9.1708,0.9083,0.5775,-0.3818,0.00132,0.11959,-0.01711,0.00,-3.00,0.00,44.1,124.83,634.87,258.28,SEARCH_Y
9.1810,0.7183,-0.0224,0.0781,0.00432,0.12959,-0.02011,0.00,-3.00,0.00,44.1,124.79,634.87,258.28,SEARCH_Y
9.1910,0.9883,0.4275,-0.0418,0.01832,0.12959,-0.02011,0.00,-3.00,0.00,44.1,124.77,634.87,258.28,SEARCH_Y
9.2011,0.8683,0.2475,-0.0218,0.01032,0.12759,-0.02011,0.00,-3.00,0.00,44.1,124.73,634.87,258.28,SEARCH_Y
9.2112,0.8283,0.0774,0.1181,0.00532,0.14159,-0.02111,0.00,-3.00,0.00,44.1,124.71,634.86,258.28,SEARCH_Y
9.2213,0.7283,0.7075,-0.1718,-0.01567,0.13059,-0.01711,0.00,-3.00,0.00,44.1,124.67,634.86,258.28,SEARCH_Y
9.2314,0.7683,-0.0625,0.5381,0.01032,0.15459,-0.02311,0.00,-3.00,0.00,44.1,124.65,634.86,258.28,SEARCH_Y
9.2415,0.8483,0.6274,-0.2718,0.01732,0.14359,-0.02011,0.00,-3.00,0.00,44.1,124.61,634.86,258.28,SEARCH_Y
9.2516,1.0383,0.2475,-0.0818,0.01632,0.14059,-0.02411,0.00,-3.00,0.00,44.1,124.59,634.86,258.28,SEARCH_Y
9.2617,0.9583,-0.0124,0.2281,0.01432,0.15059,-0.02811,0.00,-3.00,0.00,44.1,124.55,634.86,258.28,SEARCH_Y
9.2718,1.0083,0.1675,-0.1218,0.02932,0.14859,-0.02611,0.00,-3.00,0.00,44.1,124.53,634.86,258.28,SEARCH_Y
9.2819,0.9783,0.1175,0.3281,0.02732,0.15259,-0.02511,0.00,-3.00,0.00,44.1,124.49,634.86,258.28,SEARCH_Y
9.2920,0.9083,0.3175,0.1681,0.00632,0.13959,-0.02111,0.00,-3.00,0.00,44.1,124.47,634.86,258.28,SEARCH_Y
9.3021,0.8683,0.1075,0.2181,0.00232,0.14859,-0.02511,0.00,-3.00,0.00,44.1,124.43,634.86,258.28,SEARCH_Y
9.3122,0.8383,0.1275,0.2581,0.01032,0.14959,-0.02211,0.00,-3.00,0.00,44.1,124.40,634.86,258.28,SEARCH_Y
9.3223,0.8983,0.0375,0.4581,0.01632,0.15659,-0.02611,0.00,-3.00,0.00,44.1,124.37,634.85,258.28,SEARCH_Y
9.3324,0.9983,0.2875,0.1881,0.02832,0.15759,-0.02711,0.00,-3.00,0.00,44.1,124.34,634.85,258.28,SEARCH_Y
9.3426,0.8783,0.4475,-0.2018,-0.00667,0.12359,-0.02111,0.00,-3.00,0.00,44.1,124.31,634.85,258.28,SEARCH_Y
9.3526,0.8483,0.4075,-0.0218,0.00932,0.13759,-0.02111,0.00,-3.00,0.00,44.1,124.28,634.85,258.28,SEARCH_Y
9.3627,0.8983,0.3775,0.1781,0.01032,0.14159,-0.02011,0.00,-3.00,0.00,44.1,124.25,634.85,258.28,SEARCH_Y
9.3728,0.9283,0.2674,-0.0618,0.01332,0.14259,-0.01911,0.00,-3.00,0.00,44.1,124.22,634.85,258.28,SEARCH_Y
9.3829,0.9483,0.2575,0.0981,0.00932,0.14059,-0.02411,0.00,-3.00,0.00,44.1,124.19,634.85,258.28,SEARCH_Y
9.3930,0.8983,0.1075,-0.0118,0.01732,0.14259,-0.02611,0.00,-3.00,0.00,44.1,124.16,634.85,258.28,SEARCH_Y
9.4031,1.1283,0.4774,0.0681,0.00832,0.12859,-0.02011,0.00,-3.00,0.00,44.1,124.13,634.85,258.28,SEARCH_Y
9.4132,0.8083,0.1775,0.1281,0.00832,0.14559,-0.02111,0.00,-3.00,0.00,44.1,124.10,634.85,258.28,SEARCH_Y
9.4233,0.7083,0.3075,0.0681,0.00732,0.14059,-0.01811,0.00,-3.00,0.00,44.1,124.07,634.85,258.28,SEARCH_Y
9.4334,1.0083,0.5575,-0.0818,0.01032,0.13159,-0.02411,0.00,-3.00,0.00,44.1,124.04,634.85,258.28,SEARCH_Y
9.4435,0.8783,0.2674,0.2681,0.00732,0.14559,-0.02511,0.00,-3.00,0.00,44.1,124.01,634.84,258.28,SEARCH_Y
9.4536,1.0783,0.3274,0.1481,0.00932,0.12759,-0.02311,0.00,-3.00,0.00,44.1,123.98,634.84,258.28,SEARCH_Y
9.4637,0.8583,0.2074,0.3581,-0.00167,0.14059,-0.02311,0.00,-3.00,0.00,44.1,123.95,634.84,258.28,SEARCH_Y
9.4738,0.9683,0.1974,0.1481,0.00832,0.12559,-0.02111,0.00,-3.00,0.00,44.1,123.92,634.84,258.28,SEARCH_Y
9.4839,0.7883,0.1775,0.0381,-0.00067,0.13059,-0.02011,0.00,-3.00,0.00,44.1,123.89,634.84,258.28,SEARCH_Y
9.4940,0.8083,0.2175,0.1781,0.00532,0.13859,-0.02111,0.00,-3.00,0.00,44.1,123.86,634.84,258.28,SEARCH_Y
9.5041,0.7783,0.3574,0.0581,0.00532,0.13059,-0.01811,0.00,-3.00,0.00,44.1,123.83,634.84,258.28,SEARCH_Y
9.5142,0.7583,0.1374,0.4881,0.00832,0.14259,-0.02211,0.00,-3.00,0.00,44.1,123.80,634.84,258.28,SEARCH_Y
9.5243,0.8083,0.2575,0.1181,0.00332,0.13559,-0.02111,0.00,-3.00,0.00,44.1,123.77,634.84,258.28,SEARCH_Y
9.5344,0.8483,0.0774,0.3381,0.01932,0.13959,-0.02011,0.00,-3.00,0.00,44.1,123.74,634.84,258.28,SEARCH_Y
9.5445,0.7683,0.6274,-0.0818,0.00532,0.13259,-0.02111,0.00,-3.00,0.00,44.1,123.71,634.84,258.28,SEARCH_Y
9.5546,0.9083,-0.0024,0.3081,0.02232,0.14159,-0.02311,0.00,-3.00,0.00,44.1,123.67,634.83,258.28,SEARCH_Y
9.5646,0.7983,0.3875,-0.0618,0.02332,0.13759,-0.02011,0.00,-3.00,0.00,44.1,123.64,634.83,258.28,SEARCH_Y
9.5747,1.0383,-0.3825,0.4281,0.01532,0.13759,-0.02411,0.00,-3.00,0.00,44.1,123.61,634.83,258.28,SEARCH_Y
9.5848,0.9683,0.1974,0.0981,0.00432,0.12359,-0.02411,0.00,-3.00,0.00,44.1,123.58,634.83,258.27,SEARCH_Y
9.5949,0.9783,0.2975,-0.0018,0.01632,0.13159,-0.02211,0.00,-3.00,0.00,44.1,123.55,634.83,258.27,SEARCH_Y
9.6050,1.0383,0.2575,-0.1018,0.01732,0.13559,-0.02011,0.00,-3.00,0.00,44.1,123.52,634.83,258.27,SEARCH_Y
9.6151,0.9783,0.0874,0.2981,0.00832,0.13159,-0.02111,0.00,-3.00,0.00,44.1,123.49,634.83,258.27,SEARCH_Y
9.6252,0.6783,0.0575,0.5481,0.00632,0.14659,-0.02311,0.00,-3.00,0.00,44.2,123.46,634.83,258.27,SEARCH_Y
9.6353,1.0583,-0.1024,0.3581,0.00932,0.12959,-0.02511,0.00,-3.00,0.00,44.2,123.43,634.83,258.27,SEARCH_Y
9.6454,1.0283,0.2875,-0.0018,0.02332,0.13559,-0.02211,0.00,-3.00,0.00,44.2,123.40,634.83,258.27,SEARCH_Y
9.6555,0.9483,0.2175,0.3381,-0.00067,0.13859,-0.02611,0.00,-3.00,0.00,44.2,123.37,634.83,258.27,SEARCH_Y
9.6656,1.0083,0.2375,-0.1218,0.01632,0.13859,-0.02811,0.00,-3.00,0.00,44.2,123.34,634.83,258.27,SEARCH_Y
9.6756,0.6083,0.1575,0.0181,-0.02067,0.12259,-0.01611,0.00,-3.00,0.00,44.2,123.31,634.82,258.27,SEARCH_Y
9.6857,0.8383,0.4375,0.0081,0.02832,0.14059,-0.02311,0.00,-3.00,0.00,44.2,123.28,634.82,258.27,SEARCH_Y
9.6958,0.8783,0.0475,0.0081,0.00132,0.12059,-0.02111,0.00,-3.00,0.00,44.2,123.25,634.82,258.27,SEARCH_Y
9.7059,1.0683,0.0674,0.1081,0.01432,0.13359,-0.02311,0.00,-3.00,0.00,44.2,123.22,634.82,258.27,SEARCH_Y
9.7160,0.7583,0.5075,0.1281,0.02632,0.13459,-0.02011,0.00,-3.00,0.00,44.2,123.19,634.82,258.27,SEARCH_Y
9.7261,0.8383,0.2375,-0.0618,0.02132,0.13359,-0.02211,0.00,-3.00,0.00,44.2,123.16,634.82,258.27,SEARCH_Y
9.7362,0.8483,0.0275,0.5281,0.02932,0.13859,-0.02511,0.00,-3.00,0.00,44.2,123.13,634.82,258.27,SEARCH_Y
9.7463,0.7983,0.1374,0.1781,-0.01067,0.12159,-0.02011,0.00,-3.00,0.00,44.2,123.10,634.82,258.27,SEARCH_Y
9.7564,0.7083,0.4375,0.1081,0.01532,0.14059,-0.02211,0.00,-3.00,0.00,44.2,123.07,634.82,258.27,SEARCH_Y
9.7665,0.8183,0.0375,0.3381,0.00432,0.12459,-0.02111,0.00,-3.00,0.00,44.2,123.04,634.82,258.27,SEARCH_Y
9.7767,0.7883,0.2975,0.1081,0.01132,0.12759,-0.01911,0.00,-3.00,0.00,44.2,123.00,634.82,258.27,SEARCH_Y
9.7867,0.6183,0.2674,-0.0018,0.00332,0.13059,-0.01911,0.00,-3.00,0.00,44.2,122.98,634.81,258.27,SEARCH_Y
9.7968,0.8683,0.4774,0.0381,0.01532,0.13159,-0.02011,0.00,-3.00,0.00,44.2,122.94,634.81,258.27,SEARCH_Y
9.8069,0.7983,0.5275,-0.2518,0.01732,0.13059,-0.02111,0.00,-3.00,0.00,44.2,122.92,634.81,258.27,SEARCH_Y
9.8170,0.6783,0.1374,0.0481,-0.00067,0.12659,-0.02211,0.00,-3.00,0.00,44.2,122.88,634.81,258.27,SEARCH_Y
9.8271,0.7783,0.4575,-0.0918,0.00432,0.12559,-0.01811,0.00,-3.00,0.00,44.2,122.86,634.81,258.27,SEARCH_Y
9.8372,0.8983,0.2375,0.3881,0.01832,0.13759,-0.02311,0.00,-3.00,0.00,44.2,122.82,634.81,258.27,SEARCH_Y
9.8473,0.6183,0.3574,0.2881,0.01332,0.14659,-0.02111,0.00,-3.00,0.00,44.2,122.80,634.81,258.27,SEARCH_Y
9.8574,0.8583,0.0074,0.4481,0.01932,0.13659,-0.02411,0.00,-3.00,0.00,44.2,122.76,634.81,258.27,SEARCH_Y
9.8676,0.5983,0.4774,0.0081,-0.00367,0.12659,-0.01511,0.00,-3.00,0.00,44.2,122.74,634.81,258.27,SEARCH_Y
9.8777,0.6583,0.1474,0.2381,0.00632,0.12959,-0.02011,0.00,-3.00,0.00,44.2,122.70,634.81,258.27,SEARCH_Y
9.8878,0.6983,0.5775,-0.4218,-0.00167,0.12259,-0.01611,0.00,-3.00,0.00,44.2,122.68,634.81,258.27,SEARCH_Y
9.8979,0.8983,0.5575,-0.1618,0.01032,0.12259,-0.02011,0.00,-3.00,0.00,44.2,122.64,634.81,258.27,SEARCH_Y
9.9080,0.7783,0.1275,0.1581,0.01332,0.12859,-0.02111,0.00,-3.00,0.00,44.2,122.62,634.80,258.27,SEARCH_Y
9.9181,0.7883,0.5375,0.1681,0.00832,0.12759,-0.01611,0.00,-3.00,0.00,44.2,122.58,634.80,258.27,SEARCH_Y
9.9282,0.8883,0.1374,-0.0318,0.01932,0.12059,-0.01911,0.00,-3.00,0.00,44.2,122.55,634.80,258.27,SEARCH_Y
9.9383,0.6883,0.2375,0.2081,-0.00367,0.12459,-0.02111,0.00,-3.00,0.00,44.2,122.52,634.80,258.27,SEARCH_Y
9.9484,0.8383,0.3574,-0.0518,0.01132,0.12959,-0.01611,0.00,-3.00,0.00,44.2,122.48,634.80,258.27,SEARCH_Y
9.9585,0.6783,0.3975,0.4581,0.00632,0.13359,-0.01911,0.00,-3.00,0.00,44.2,122.46,634.80,258.27,SEARCH_Y
9.9686,0.8783,0.1075,0.1581,0.01532,0.12359,-0.01911,0.00,-3.00,0.00,44.2,122.42,634.80,258.27,SEARCH_Y
9.9787,0.7583,0.7675,-0.1918,0.01132,0.13459,-0.01511,0.00,-3.00,0.00,44.2,122.40,634.80,258.27,SEARCH_Y
9.9888,0.8983,0.2774,-0.2518,0.00732,0.12659,-0.02211,0.00,-3.00,0.00,44.2,122.36,634.80,258.27,SEARCH_Y
9.9989,0.8883,0.3674,0.0581,0.01132,0.12259,-0.01911,0.00,-3.00,0.00,44.2,122.34,634.80,258.27,SEARCH_Y
10.0090,0.8183,0.4275,-0.0918,0.01032,0.11959,-0.01711,0.00,-3.00,0.00,44.2,122.30,634.80,258.27,SEARCH_Y
10.0191,0.6083,0.4774,0.1681,0.00132,0.13059,-0.01611,0.00,-3.00,0.00,44.2,122.28,634.79,258.27,SEARCH_Y
10.0292,0.8083,0.2774,0.0581,0.01232,0.12359,-0.01911,0.00,-3.00,0.00,44.2,122.24,634.79,258.27,SEARCH_Y
10.0393,0.7383,0.0774,0.0881,0.01532,0.13159,-0.02511,0.00,-3.00,0.00,44.2,122.22,634.79,258.27,SEARCH_Y
10.0494,0.7583,0.2375,0.0081,0.00732,0.12559,-0.01711,0.00,-3.00,0.00,44.2,122.18,634.79,258.27,SEARCH_Y
10.0595,0.8083,0.1275,0.4281,0.03232,0.14259,-0.02111,0.00,-3.00,0.00,44.2,122.16,634.79,258.27,SEARCH_Y
10.0696,0.7083,0.4275,0.1081,0.00732,0.13059,-0.01811,0.00,-3.00,0.00,44.2,122.12,634.79,258.27,SEARCH_Y
10.0797,0.7083,0.1275,-0.0318,-0.01167,0.11359,-0.01911,0.00,-3.00,0.00,44.2,122.10,634.79,258.27,SEARCH_Y
10.0898,0.8283,0.3574,0.0281,0.02032,0.12759,-0.02011,0.00,-3.00,0.00,44.2,122.06,634.79,258.27,SEARCH_Y
10.0999,0.8083,0.1275,0.1781,0.02832,0.13359,-0.01911,0.00,-3.00,0.00,44.2,122.04,634.79,258.27,SEARCH_Y
10.1100,0.6583,0.6074,-0.1618,-0.00167,0.11459,-0.01311,0.00,-3.00,0.00,44.2,122.00,634.79,258.27,SEARCH_Y
10.1201,0.8683,0.3175,0.0181,0.02132,0.12659,-0.02211,0.00,-3.00,0.00,44.3,121.98,634.79,258.27,SEARCH_Y
10.1302,0.7383,0.4375,0.1581,0.00332,0.12359,-0.01411,0.00,-3.00,0.00,44.3,121.94,634.79,258.27,SEARCH_Y
10.1403,0.7983,0.3075,0.1981,0.00232,0.11859,-0.02011,0.00,-3.00,0.00,44.3,121.90,634.78,258.27,SEARCH_Y
10.1504,0.8683,0.2175,0.1181,0.02532,0.12959,-0.02111,0.00,-3.00,0.00,44.3,121.88,634.78,258.27,SEARCH_Y
10.1604,0.8283,0.1775,0.1281,0.02432,0.13259,-0.01911,0.00,-3.00,0.00,44.3,121.84,634.78,258.27,SEARCH_Y
10.1706,0.8283,0.1875,0.4081,0.02332,0.13359,-0.02111,0.00,-3.00,0.00,44.3,121.82,634.78,258.27,SEARCH_Y
10.1807,0.8183,0.1575,0.0381,0.00032,0.11759,-0.01911,0.00,-3.00,0.00,44.3,121.78,634.78,258.27,SEARCH_Y
10.1908,0.7983,0.2975,-0.0218,-0.00667,0.10959,-0.01911,0.00,-3.00,0.00,44.3,121.76,634.78,258.27,SEARCH_Y
10.2009,0.9383,0.1175,-0.1218,0.02432,0.12159,-0.02011,0.00,-3.00,0.00,44.3,121.72,634.78,258.27,SEARCH_Y
10.2110,0.7783,0.1974,-0.1718,0.00832,0.11559,-0.01811,0.00,-3.00,0.00,44.3,121.70,634.78,258.27,SEARCH_Y
10.2211,0.7283,0.1675,0.1381,0.01232,0.12459,-0.01911,0.00,-3.00,0.00,44.3,121.66,634.78,258.27,SEARCH_Y
10.2312,0.7783,0.3975,-0.1818,0.01332,0.11559,-0.01611,0.00,-3.00,0.00,44.3,121.64,634.78,258.27,SEARCH_Y
10.2413,0.7883,0.5075,-0.4118,0.01932,0.11159,-0.01311,0.00,-3.00,0.00,44.3,121.60,634.78,258.27,SEARCH_Y
10.2514,1.0083,0.3975,0.0581,0.02132,0.11659,-0.02111,0.00,-3.00,0.00,44.3,121.58,634.77,258.27,SEARCH_Y
10.2615,0.8883,0.4375,0.1781,0.02132,0.13459,-0.02211,0.00,-3.00,0.00,44.3,121.54,634.77,258.26,SEARCH_Y
10.2716,0.6183,0.4475,0.0281,-0.00567,0.11459,-0.01611,0.00,-3.00,0.00,44.3,121.52,634.77,258.26,SEARCH_Y
10.2817,0.8783,0.3674,-0.0718,0.00532,0.11959,-0.01911,0.00,-3.00,0.00,44.3,121.48,634.77,258.26,SEARCH_Y
10.2918,0.6983,0.2575,0.1481,-0.00167,0.13059,-0.02111,0.00,-3.00,0.00,44.3,121.46,634.77,258.26,SEARCH_Y
10.3019,0.9283,0.3975,-0.0418,0.02732,0.13259,-0.01711,0.00,-3.00,0.00,44.3,121.42,634.77,258.26,SEARCH_Y
10.3120,0.7783,0.0874,0.2881,0.01232,0.12759,-0.02411,0.00,-3.00,0.00,44.3,121.40,634.77,258.26,SEARCH_Y
10.3221,0.8483,0.2475,0.1181,0.00432,0.11559,-0.02011,0.00,-3.00,0.00,44.3,121.36,634.77,258.26,SEARCH_Y
10.3321,0.6083,0.2875,-0.0018,0.01432,0.12359,-0.01811,0.00,-3.00,0.00,44.3,121.34,634.77,258.26,SEARCH_Y
10.3422,0.5683,0.4075,-0.2218,-0.00067,0.11159,-0.01311,0.00,-3.00,0.00,44.3,121.30,634.77,258.26,SEARCH_Y
10.3523,0.6183,0.2875,-0.2218,0.01032,0.11459,-0.01611,0.00,-3.00,0.00,44.3,121.27,634.77,258.26,SEARCH_Y
10.3624,0.4983,0.4275,0.0881,0.00532,0.12559,-0.01611,0.00,-3.00,0.00,44.3,121.24,634.77,258.26,SEARCH_Y
10.3725,0.7883,0.3574,-0.1718,0.00632,0.11459,-0.01711,0.00,-3.00,0.00,44.3,121.21,634.76,258.26,SEARCH_Y
10.3826,0.9483,0.2875,0.0681,0.02032,0.11359,-0.01811,0.00,-3.00,0.00,44.3,121.18,634.76,258.26,SEARCH_Y
10.3927,1.0283,0.0874,0.2281,0.02932,0.12959,-0.02111,0.00,-3.00,0.00,44.3,121.15,634.76,258.26,SEARCH_Y
10.4028,0.8983,0.4475,0.2081,0.01932,0.12359,-0.01911,0.00,-3.00,0.00,44.3,121.12,634.76,258.26,SEARCH_Y
10.4129,0.7683,0.6775,-0.2318,0.01932,0.12259,-0.01411,0.00,-3.00,0.00,44.3,121.09,634.76,258.26,SEARCH_Y
10.4230,0.5883,0.3374,-0.1718,0.00032,0.12259,-0.02011,0.00,-3.00,0.00,44.3,121.06,634.76,258.26,SEARCH_Y
10.4331,0.5783,0.2975,0.1781,-0.00667,0.12359,-0.01811,0.00,-3.00,0.00,44.3,121.03,634.76,258.26,SEARCH_Y
10.4432,0.7883,0.3274,-0.0718,0.00932,0.12159,-0.01711,0.00,-3.00,0.00,44.3,121.00,634.76,258.26,SEARCH_Y
10.4533,0.6983,0.2375,0.1581,-0.00667,0.10959,-0.01611,0.00,-3.00,0.00,44.3,120.97,634.76,258.26,SEARCH_Y
10.4634,0.7583,-0.0324,0.0581,0.00632,0.12159,-0.02011,0.00,-3.00,0.00,44.3,120.94,634.76,258.26,SEARCH_Y
10.4735,0.7783,0.5075,-0.0318,0.01532,0.11459,-0.01811,0.00,-3.00,0.00,44.4,120.91,634.76,258.26,SEARCH_Y
10.4837,0.8083,0.0275,0.1581,0.02132,0.12259,-0.01611,0.00,-3.00,0.00,44.4,120.88,634.75,258.26,SEARCH_Y
10.4938,0.8083,0.2674,0.2681,0.01432,0.12559,-0.01811,0.00,-3.00,0.00,44.4,120.85,634.75,258.26,SEARCH_Y
10.5039,0.6883,0.3574,0.0181,0.01132,0.10959,-0.01511,0.00,-3.00,0.00,44.4,120.82,634.75,258.26,SEARCH_Y
10.5140,0.7183,0.2975,0.0681,0.01032,0.12159,-0.01511,0.00,-3.00,0.00,44.4,120.78,634.75,258.26,SEARCH_Y
10.5241,0.8283,0.2375,-0.0618,0.01532,0.11859,-0.01611,0.00,-3.00,0.00,44.4,120.76,634.75,258.26,SEARCH_Y
10.5342,0.6183,0.0575,0.3181,0.00732,0.12359,-0.02111,0.00,-3.00,0.00,44.4,120.72,634.75,258.26,SEARCH_Y
10.5443,0.7383,-0.0224,0.0881,0.01332,0.11659,-0.02111,0.00,-3.00,0.00,44.4,120.69,634.75,258.26,SEARCH_Y
10.5545,0.6383,-0.2625,0.5181,-0.00167,0.11659,-0.02011,0.00,-3.00,0.00,44.4,120.66,634.75,258.26,SEARCH_Y
10.5646,0.6783,0.4874,0.1481,0.00632,0.11659,-0.01411,0.00,-3.00,0.00,44.4,120.63,634.75,258.26,SEARCH_Y
10.5747,0.7283,0.9275,-0.3518,0.02432,0.10859,-0.01511,0.00,-3.00,0.00,44.4,120.60,634.75,258.26,SEARCH_Y
10.5848,0.7983,0.2475,-0.0318,0.01732,0.11259,-0.01611,0.00,-3.00,0.00,44.4,120.57,634.75,258.26,SEARCH_Y
10.5948,0.6483,0.4275,-0.2318,0.00732,0.10559,-0.01611,0.00,-3.00,0.00,44.4,120.54,634.75,258.26,SEARCH_Y
10.6049,0.9483,0.2774,0.2081,0.01032,0.11659,-0.02111,0.00,-3.00,0.00,44.4,120.51,634.74,258.26,SEARCH_Y
10.6150,0.6983,0.1675,0.2381,0.01032,0.12359,-0.01911,0.00,-3.00,0.00,44.4,120.48,634.74,258.26,SEARCH_Y
10.6251,0.6283,0.6274,-0.0218,-0.00267,0.11359,-0.01511,0.00,-3.00,0.00,44.4,120.45,634.74,258.26,SEARCH_Y
10.6352,0.9683,-0.2124,0.1681,0.01732,0.10859,-0.01811,0.00,-3.00,0.00,44.4,120.42,634.74,258.26,SEARCH_Y
10.6453,0.9683,0.2975,-0.0018,0.02132,0.11659,-0.01411,0.00,-3.00,0.00,44.4,120.39,634.74,258.26,SEARCH_Y
10.6554,0.7883,0.1575,0.0681,0.01432,0.11659,-0.01411,0.00,-3.00,0.00,44.4,120.36,634.74,258.26,SEARCH_Y
10.6655,0.8083,0.3175,0.0781,0.02332,0.11959,-0.01311,0.00,-3.00,0.00,44.4,120.33,634.74,258.26,SEARCH_Y
10.6757,0.8083,0.4874,-0.3318,0.02432,0.11659,-0.01711,0.00,-3.00,0.00,44.4,120.30,634.74,258.26,SEARCH_Y
10.6858,0.8283,0.3474,-0.0018,0.01032,0.10359,-0.01511,0.00,-3.00,0.00,44.4,120.27,634.74,258.26,SEARCH_Y
10.6959,0.7583,0.0275,0.2681,0.00932,0.10359,-0.01611,0.00,-3.00,0.00,44.4,120.24,634.74,258.26,SEARCH_Y
10.7060,0.8283,0.3374,0.1281,0.01032,0.11559,-0.01611,0.00,-3.00,0.00,44.4,120.21,634.74,258.26,SEARCH_Y
10.7161,0.7883,0.2875,0.0481,0.02132,0.11259,-0.01311,0.00,-3.00,0.00,44.4,120.18,634.73,258.26,SEARCH_Y
10.7262,0.8283,0.0375,0.0981,0.03032,0.11559,-0.01711,0.00,-3.00,0.00,44.4,120.15,634.73,258.26,SEARCH_Y
10.7363,0.7583,0.1374,0.2881,0.00732,0.11159,-0.01511,0.00,-3.00,0.00,44.4,120.11,634.73,258.26,SEARCH_Y
10.7464,0.9283,0.1275,0.3581,0.01732,0.11659,-0.02011,0.00,-3.00,0.00,44.4,120.09,634.73,258.26,SEARCH_Y
10.7566,0.8183,0.0575,0.3181,-0.00467,0.10759,-0.01911,0.00,-3.00,0.00,44.5,120.06,634.73,258.26,SEARCH_Y
10.7667,0.7483,0.2975,0.2281,0.00932,0.11659,-0.01311,0.00,-3.00,0.00,44.5,120.03,634.73,258.26,SEARCH_Y
10.7768,0.7683,0.4674,0.0481,0.01432,0.11759,-0.01411,0.00,-3.00,0.00,44.5,119.99,634.73,258.26,SEARCH_Y
10.7868,0.8183,0.0674,0.2481,0.00632,0.10859,-0.01711,0.00,-3.00,0.00,44.5,119.97,634.73,258.26,SEARCH_Y
10.7969,0.6483,0.4974,0.1081,0.00132,0.11059,-0.01311,0.00,-3.00,0.00,44.5,119.93,634.73,258.26,SEARCH_Y
10.8070,0.8483,-0.0124,0.2181,-0.00067,0.11059,-0.01711,0.00,-3.00,0.00,44.5,119.91,634.73,258.26,SEARCH_Y
10.8171,0.5983,0.3574,-0.0718,0.01532,0.10859,-0.01511,0.00,-3.00,0.00,44.5,119.87,634.73,258.26,SEARCH_Y
10.8272,0.8383,0.1374,0.1881,0.02732,0.11259,-0.01711,0.00,-3.00,0.00,44.5,119.85,634.73,258.26,SEARCH_Y
10.8373,0.6783,0.4674,0.0681,0.01032,0.11359,-0.01711,0.00,-3.00,0.00,44.5,119.81,634.72,258.26,SEARCH_Y
10.8474,0.7983,0.3075,0.2281,0.02032,0.11459,-0.01311,0.00,-3.00,0.00,44.5,119.79,634.72,258.26,SEARCH_Y
10.8575,0.7183,0.2774,0.3081,0.03232,0.13059,-0.01711,0.00,-3.00,0.00,44.5,119.75,634.72,258.26,SEARCH_Y
10.8677,0.6483,0.4375,0.2181,0.00132,0.11659,-0.01511,0.00,-3.00,0.00,44.5,119.73,634.72,258.26,SEARCH_Y
10.8778,0.7283,0.4874,0.0781,0.01532,0.11559,-0.01111,0.00,-3.00,0.00,44.5,119.69,634.72,258.26,SEARCH_Y
10.8879,0.9083,0.2975,0.2281,0.03432,0.12459,-0.01411,0.00,-3.00,0.00,44.5,119.67,634.72,258.26,SEARCH_Y
10.8980,0.7183,0.1974,0.2081,0.02532,0.12159,-0.01311,0.00,-3.00,0.00,44.5,119.63,634.72,258.26,SEARCH_Y
10.9081,0.9383,0.3175,0.1381,0.02332,0.11459,-0.01811,0.00,-3.00,0.00,44.5,119.60,634.72,258.26,SEARCH_Y
10.9182,0.8083,0.3975,-0.0518,0.02232,0.11459,-0.01411,0.00,-3.00,0.00,44.5,119.57,634.72,258.26,SEARCH_Y
10.9283,0.8683,0.1675,0.0581,0.00432,0.10259,-0.01511,0.00,-3.00,0.00,44.5,119.53,634.72,258.26,SEARCH_Y
10.9384,0.6383,0.2074,0.0581,0.00532,0.10259,-0.01211,0.00,-3.00,0.00,44.5,119.51,634.72,258.25,SEARCH_Y
10.9485,0.7483,0.1675,0.3081,0.01432,0.11359,-0.01411,0.00,-3.00,0.00,44.5,119.47,634.71,258.25,SEARCH_Y
10.9586,1.0483,0.6475,-0.1718,0.01932,0.10659,-0.01511,0.00,-3.00,0.00,44.5,119.45,634.71,258.25,SEARCH_Y
10.9687,0.7983,0.4974,-0.1018,0.02232,0.11059,-0.01411,0.00,-3.00,0.00,44.5,119.41,634.71,258.25,SEARCH_Y
10.9788,0.7183,0.3875,0.1181,0.02332,0.11959,-0.01511,0.00,-3.00,0.00,44.5,119.39,634.71,258.25,SEARCH_Y
10.9889,0.6783,0.3175,0.0681,0.00632,0.10059,-0.01511,0.00,-3.00,0.00,44.5,119.35,634.71,258.25,SEARCH_Y
10.9990,0.7783,0.3075,-0.0518,0.01732,0.11359,-0.01411,0.00,-3.00,0.00,44.6,119.33,634.71,258.25,SEARCH_Y
11.0091,0.7883,0.4275,-0.1218,0.02032,0.11459,-0.01311,0.00,-3.00,0.00,44.6,119.29,634.71,258.25,SEARCH_Y
11.0192,0.8083,0.1875,0.1381,0.02632,0.11959,-0.01711,0.00,-3.00,0.00,44.6,119.27,634.71,258.25,SEARCH_Y
11.0293,0.7883,0.1474,0.2581,0.00932,0.11159,-0.01811,0.00,-3.00,0.00,44.6,119.23,634.71,258.25,SEARCH_Y
11.0394,0.6683,0.6575,-0.1818,0.00332,0.10959,-0.00911,0.00,-3.00,0.00,44.6,119.21,634.71,258.25,SEARCH_Y
11.0495,0.9183,0.5175,-0.1918,0.01532,0.10659,-0.01611,0.00,-3.00,0.00,44.6,119.17,634.71,258.25,SEARCH_Y
11.0596,0.6683,0.4175,-0.1218,-0.00067,0.10759,-0.01411,0.00,-3.00,0.00,44.6,119.15,634.71,258.25,SEARCH_Y
11.0696,0.8183,0.6475,-0.3418,0.00332,0.10559,-0.01411,0.00,-3.00,0.00,44.6,119.11,634.70,258.25,SEARCH_Y
11.0797,0.7283,0.1875,0.1481,0.00132,0.10859,-0.01511,0.00,-3.00,0.00,44.6,119.09,634.70,258.25,SEARCH_Y
11.0898,0.5383,0.2774,0.3481,0.00832,0.12459,-0.01711,0.00,-3.00,0.00,44.6,119.05,634.70,258.25,SEARCH_Y
11.0999,0.6083,0.3374,0.3081,-0.03067,0.11659,-0.02411,0.00,-3.00,0.00,44.6,119.03,634.70,258.25,SEARCH_Y
11.1100,0.6983,0.3574,0.0381,-0.02567,0.11259,-0.01611,0.00,-3.00,0.00,44.6,118.99,634.70,258.25,SEARCH_Y
11.1201,0.8783,0.2975,0.5381,-0.01867,0.11259,-0.02511,0.00,-3.00,0.00,44.6,118.97,634.70,258.25,SEARCH_Y
11.1302,0.6383,0.9775,-0.5818,-0.03567,0.09759,-0.02011,0.00,-3.00,0.00,44.6,118.93,634.70,258.25,SEARCH_Y
11.1403,0.9283,0.6975,0.1481,-0.01867,0.11059,-0.01711,0.00,-3.00,0.00,44.6,118.91,634.70,258.25,SEARCH_Y
11.1504,0.5983,0.4974,0.2281,-0.03167,0.11159,-0.02011,0.00,-3.00,0.00,44.6,118.87,634.70,258.25,SEARCH_Y
11.1605,0.6783,0.2275,0.6981,-0.05667,0.10759,-0.02611,0.00,-3.00,0.00,44.6,118.83,634.70,258.25,SEARCH_Y
11.1706,0.8083,0.6074,0.0481,-0.03267,0.11259,-0.02211,0.00,-3.00,0.00,44.6,118.81,634.70,258.25,SEARCH_Y
11.1807,0.4583,0.6074,0.2281,-0.06767,0.10859,-0.02311,0.00,-3.00,0.00,44.6,118.77,634.69,258.25,SEARCH_Y
11.1908,0.7883,0.6975,0.2181,-0.06467,0.11259,-0.02411,0.00,-3.00,0.00,44.6,118.75,634.69,258.25,SEARCH_Y
11.2009,0.5883,1.2175,-0.3018,-0.08367,0.10359,-0.02411,0.00,-3.00,0.00,44.6,118.71,634.69,258.25,SEARCH_Y
11.2111,0.6083,0.9575,-0.1118,-0.07267,0.11959,-0.02811,0.00,-3.00,0.00,44.6,118.69,634.69,258.25,SEARCH_Y
11.2212,0.7283,0.8175,0.0881,-0.07567,0.11659,-0.03211,0.00,-3.00,0.00,44.7,118.65,634.69,258.25,SEARCH_Y
11.2313,0.8383,0.4974,0.3981,-0.06067,0.12259,-0.03311,0.00,-3.00,0.00,44.7,118.63,634.69,258.25,SEARCH_Y
11.2414,0.8783,0.6975,0.1781,-0.06467,0.12759,-0.03411,0.00,-3.00,0.00,44.7,118.59,634.69,258.25,SEARCH_Y
11.2514,0.7383,0.9175,0.1181,-0.06467,0.12159,-0.02911,0.00,-3.00,0.00,44.7,118.57,634.69,258.25,SEARCH_Y
11.2615,0.8583,0.5775,0.2681,-0.05967,0.13159,-0.02911,0.00,-3.00,0.00,44.7,118.53,634.69,258.25,SEARCH_Y
11.2717,1.1183,0.9075,-0.2718,-0.03767,0.12059,-0.02911,0.00,-3.00,0.00,44.7,118.51,634.69,258.25,SEARCH_Y
11.2818,0.8683,0.3574,0.1581,-0.03067,0.13559,-0.03211,0.00,-3.00,0.00,44.7,118.47,634.69,258.25,SEARCH_Y
11.2919,0.9583,0.2875,0.2681,-0.03867,0.14159,-0.03111,0.00,-3.00,0.00,44.7,118.45,634.68,258.25,SEARCH_Y
11.3019,0.9883,0.4874,0.2381,-0.03267,0.13459,-0.02911,0.00,-3.00,0.00,44.7,118.41,634.68,258.25,SEARCH_Y
11.3120,0.8283,0.0475,0.2881,-0.01167,0.14759,-0.03011,0.00,-3.00,0.00,44.7,118.39,634.68,258.25,SEARCH_Y
11.3221,0.8483,0.4075,-0.0018,-0.01167,0.13459,-0.03211,0.00,-3.00,0.00,44.7,118.35,634.68,258.25,SEARCH_Y
11.3322,1.1883,0.1474,0.1281,-0.00667,0.12859,-0.03011,0.00,-3.00,0.00,44.7,118.33,634.68,258.25,SEARCH_Y
11.3423,0.8183,-0.0024,0.3881,-0.00267,0.14659,-0.03011,0.00,-3.00,0.00,44.7,118.29,634.68,258.25,SEARCH_Y
11.3524,0.9383,0.1775,0.2981,0.00932,0.13959,-0.03211,0.00,-3.00,0.00,44.7,118.26,634.68,258.25,SEARCH_Y
11.3625,1.0283,0.2674,-0.0118,0.01832,0.13859,-0.02811,0.00,-3.00,0.00,44.7,118.23,634.68,258.25,SEARCH_Y
11.3726,0.9383,0.4075,-0.0518,0.00532,0.13459,-0.02311,0.00,-3.00,0.00,44.7,118.20,634.68,258.25,SEARCH_Y
11.3827,0.9383,0.2875,0.2181,0.01332,0.14259,-0.03011,0.00,-3.00,0.00,44.7,118.17,634.68,258.25,SEARCH_Y
11.3928,1.0383,0.3474,0.0881,0.01632,0.13259,-0.03111,0.00,-3.00,0.00,44.7,118.14,634.68,258.25,SEARCH_Y
11.4029,0.7083,0.8975,-0.4218,-0.01367,0.12859,-0.01911,0.00,-3.00,0.00,44.7,118.11,634.68,258.25,SEARCH_Y
11.4129,0.8883,0.3574,0.1681,-0.00167,0.13159,-0.02511,0.00,-3.00,0.00,44.7,118.08,634.67,258.25,SEARCH_Y
11.4230,0.8483,-0.1024,0.4181,0.02132,0.14459,-0.03011,0.00,-3.00,0.00,44.8,118.05,634.67,258.25,SEARCH_Y
11.4331,0.9383,0.2175,0.0081,0.01032,0.13259,-0.02411,0.00,-3.00,0.00,44.8,118.02,634.67,258.25,SEARCH_Y
11.4432,0.9083,0.3875,0.2081,0.00832,0.13559,-0.02511,0.00,-3.00,0.00,44.8,117.99,634.67,258.25,SEARCH_Y
11.4533,0.9083,0.1075,0.1281,0.02032,0.13659,-0.02611,0.00,-3.00,0.00,44.8,117.96,634.67,258.25,SEARCH_Y
11.4634,0.9783,0.1374,0.3381,0.01732,0.13159,-0.02611,0.00,-3.00,0.00,44.8,117.93,634.67,258.25,SEARCH_Y
11.4735,0.7483,0.2774,-0.3018,0.01132,0.12359,-0.02311,0.00,-3.00,0.00,44.8,117.90,634.67,258.25,SEARCH_Y
11.4836,0.8883,0.3875,0.0881,0.02032,0.13359,-0.02611,0.00,-3.00,0.00,44.8,117.87,634.67,258.25,SEARCH_Y
11.4937,0.7283,0.2074,0.0581,-0.00667,0.12859,-0.02611,0.00,-3.00,0.00,44.8,117.84,634.67,258.25,SEARCH_Y
11.5038,0.7883,0.0275,0.1481,0.00632,0.13259,-0.02611,0.00,-3.00,0.00,44.8,117.81,634.67,258.25,SEARCH_Y
11.5139,0.7283,0.2674,-0.0718,0.01732,0.12659,-0.02011,0.00,-3.00,0.00,44.8,117.77,634.67,258.25,SEARCH_Y
11.5240,0.8083,0.2975,0.0481,0.02532,0.13959,-0.02811,0.00,-3.00,0.00,44.8,117.75,634.66,258.25,SEARCH_Y
11.5341,0.8583,0.1875,0.4381,0.04032,0.15059,-0.02711,0.00,-3.00,0.00,44.8,117.71,634.66,258.25,SEARCH_Y
11.5442,0.8383,0.1875,0.4281,0.00432,0.13459,-0.02211,0.00,-3.00,0.00,44.8,117.69,634.66,258.25,SEARCH_Y
11.5543,0.9683,0.1075,0.6881,0.01832,0.14759,-0.02511,0.00,-3.00,0.00,44.8,117.65,634.66,258.25,SEARCH_Y
11.5644,0.8783,0.1075,0.2581,0.02432,0.13559,-0.02611,0.00,-3.00,0.00,44.8,117.62,634.66,258.25,SEARCH_Y
11.5745,0.6983,0.2674,0.2381,0.00432,0.13059,-0.02711,0.00,-3.00,0.00,44.8,117.59,634.66,258.25,SEARCH_Y
11.5845,0.7183,0.1175,0.1281,0.00632,0.13459,-0.02611,0.00,-3.00,0.00,44.8,117.56,634.66,258.25,SEARCH_Y
11.5946,0.7183,0.3474,0.1881,0.00332,0.13359,-0.02211,0.00,-3.00,0.00,44.8,117.53,634.66,258.25,SEARCH_Y
11.6047,0.9283,-0.0625,0.0981,0.01632,0.12559,-0.02211,0.00,-3.00,0.00,44.9,117.50,634.66,258.25,SEARCH_Y
11.6148,0.8883,0.4874,-0.0418,0.02032,0.11959,-0.02311,0.00,-3.00,0.00,44.9,117.47,634.66,258.24,SEARCH_Y
11.6249,0.8983,-0.2825,0.0381,0.01732,0.13059,-0.02611,0.00,-3.00,0.00,44.9,117.44,634.66,258.24,SEARCH_Y
11.6350,1.0283,0.1974,0.2981,0.01032,0.13159,-0.02111,0.00,-3.00,0.00,44.9,117.41,634.66,258.24,SEARCH_Y
11.6451,0.8383,0.2375,-0.1018,0.02032,0.12359,-0.02311,0.00,-3.00,0.00,44.9,117.38,634.65,258.24,SEARCH_Y
11.6552,0.7883,0.0975,0.1581,0.02832,0.12959,-0.02611,0.00,-3.00,0.00,44.9,117.35,634.65,258.24,SEARCH_Y
11.6653,0.7983,0.3075,0.1681,0.01232,0.12959,-0.02311,0.00,-3.00,0.00,44.9,117.32,634.65,258.24,SEARCH_Y
11.6754,0.6683,0.3374,0.0281,0.00832,0.13259,-0.01911,0.00,-3.00,0.00,44.9,117.29,634.65,258.24,SEARCH_Y
11.6855,0.7683,-0.0425,0.5381,0.01832,0.13559,-0.02811,0.00,-3.00,0.00,44.9,117.26,634.65,258.24,SEARCH_Y
11.6956,0.7283,0.2074,0.2181,0.02232,0.13259,-0.02111,0.00,-3.00,0.00,44.9,117.23,634.65,258.24,SEARCH_Y
11.7057,0.7483,0.3975,0.1381,-0.00867,0.11459,-0.02211,0.00,-3.00,0.00,44.9,117.20,634.65,258.24,SEARCH_Y
11.7158,0.7983,0.3474,0.2181,0.01832,0.13759,-0.02311,0.00,-3.00,0.00,44.9,117.17,634.65,258.24,SEARCH_Y
11.7259,0.9883,0.0074,0.1981,0.03432,0.12959,-0.02311,0.00,-3.00,0.00,44.9,117.14,634.65,258.24,SEARCH_Y
11.7360,0.9183,0.2275,0.2581,0.02632,0.13259,-0.02211,0.00,-3.00,0.00,44.9,117.11,634.65,258.24,SEARCH_Y
11.7461,0.7483,0.3875,-0.1618,0.01732,0.13759,-0.01911,0.00,-3.00,0.00,44.9,117.08,634.65,258.24,SEARCH_Y
11.7562,0.7783,0.4874,-0.0118,0.00332,0.13259,-0.02211,0.00,-3.00,0.00,44.9,117.04,634.64,258.24,SEARCH_Y
11.7663,1.0183,0.2875,0.2481,0.03432,0.12759,-0.02211,0.00,-3.00,0.00,44.9,117.02,634.64,258.24,SEARCH_Y
11.7764,0.9183,0.2975,0.2781,0.01932,0.12859,-0.01811,0.00,-3.00,0.00,44.9,116.98,634.64,258.24,SEARCH_Y
11.7864,0.7183,0.2774,-0.0218,0.00932,0.12759,-0.02311,0.00,-3.00,0.00,45.0,116.96,634.64,258.24,SEARCH_Y
11.7965,1.0383,0.0575,0.5381,0.04132,0.13559,-0.02511,0.00,-3.00,0.00,45.0,116.92,634.64,258.24,SEARCH_Y
11.8066,1.0283,0.7174,-0.3718,0.01832,0.10859,-0.02011,0.00,-3.00,0.00,45.0,116.90,634.64,258.24,SEARCH_Y
11.8167,0.7583,0.3574,-0.0518,0.01432,0.11759,-0.02211,0.00,-3.00,0.00,45.0,116.86,634.64,258.24,SEARCH_Y
11.8268,0.8483,0.2975,-0.0518,0.03632,0.13259,-0.02211,0.00,-3.00,0.00,45.0,116.84,634.64,258.24,SEARCH_Y
11.8369,0.7683,0.3775,0.0081,0.00932,0.12159,-0.02211,0.00,-3.00,0.00,45.0,116.80,634.64,258.24,SEARCH_Y
11.8470,0.6783,0.4275,0.1981,0.02332,0.14059,-0.02211,0.00,-3.00,0.00,45.0,116.78,634.64,258.24,SEARCH_Y
11.8571,0.6683,0.1275,0.0381,0.00432,0.12859,-0.01811,0.00,-3.00,0.00,45.0,116.74,634.64,258.24,SEARCH_Y
11.8672,0.9683,0.0874,0.1581,0.01332,0.12059,-0.02511,0.00,-3.00,0.00,45.0,116.72,634.64,258.24,SEARCH_Y
11.8773,0.6983,0.4475,0.0681,0.01232,0.12059,-0.02111,0.00,-3.00,0.00,45.0,116.68,634.63,258.24,SEARCH_Y
11.8874,0.8183,0.3775,0.1681,0.00832,0.12259,-0.02011,0.00,-3.00,0.00,45.0,116.66,634.63,258.24,SEARCH_Y
11.8975,0.7283,0.0874,0.5681,0.01032,0.13259,-0.02411,0.00,-3.00,0.00,45.0,116.62,634.63,258.24,SEARCH_Y
11.9077,0.7883,0.4375,-0.3118,0.00132,0.11459,-0.01811,0.00,-3.00,0.00,45.0,116.59,634.63,258.24,SEARCH_Y
11.9178,0.8283,0.3975,0.0281,0.01032,0.12659,-0.02211,0.00,-3.00,0.00,45.0,116.56,634.63,258.24,SEARCH_Y
11.9279,0.8483,0.2275,0.1181,0.01932,0.12859,-0.01911,0.00,-3.00,0.00,45.0,116.53,634.63,258.24,SEARCH_Y
11.9380,0.7383,0.2875,0.1681,0.01332,0.12959,-0.02011,0.00,-3.00,0.00,45.0,116.50,634.63,258.24,SEARCH_Y
11.9481,0.7183,0.4974,0.0881,0.00732,0.12259,-0.02211,0.00,-3.00,0.00,45.1,116.47,634.63,258.24,SEARCH_Y
11.9582,0.7483,0.1175,-0.0918,0.00132,0.11359,-0.02311,0.00,-3.00,0.00,45.1,116.44,634.63,258.24,SEARCH_Y
11.9684,0.7283,0.3975,-0.3718,0.02332,0.11959,-0.02111,0.00,-3.00,0.00,45.1,116.40,634.63,258.24,SEARCH_Y
11.9785,0.8483,0.3175,0.0781,0.02432,0.12759,-0.02011,0.00,-3.00,0.00,45.1,116.38,634.63,258.24,SEARCH_Y
11.9886,0.9283,0.1474,0.0781,0.03332,0.12859,-0.02511,0.00,-3.00,0.00,45.1,116.34,634.62,258.24,SEARCH_Y
11.9987,0.7183,0.3674,0.0381,0.02332,0.13359,-0.01911,0.00,-3.00,0.00,45.1,116.32,634.62,258.24,SEARCH_Y
12.0088,0.6483,0.3075,-0.1218,0.01132,0.12759,-0.02111,0.00,-3.00,0.00,45.1,116.28,634.62,258.24,SEARCH_Y
12.0190,0.8883,0.3975,0.0381,0.02432,0.12259,-0.02311,0.00,-3.00,0.00,45.1,116.26,634.62,258.24,SEARCH_Y
12.0291,0.9283,0.6875,-0.2318,0.01232,0.12159,-0.01911,0.00,-3.00,0.00,45.1,116.22,634.62,258.24,SEARCH_Y
12.0392,0.8983,0.1374,0.2681,0.01632,0.12359,-0.02611,0.00,-3.00,0.00,45.1,116.20,634.62,258.24,SEARCH_Y
12.0493,0.8783,0.4075,0.0181,0.03032,0.12359,-0.02011,0.00,-3.00,0.00,45.1,116.16,634.62,258.24,SEARCH_Y
12.0594,0.9583,-0.0124,0.0781,0.00332,0.11159,-0.02411,0.00,-3.00,0.00,45.1,116.14,634.62,258.24,SEARCH_Y
12.0695,0.8883,0.4475,-0.1918,0.00532,0.10959,-0.02011,0.00,-3.00,0.00,45.1,116.10,634.62,258.24,SEARCH_Y
12.0796,0.7883,0.2575,0.1281,0.01132,0.11759,-0.02211,0.00,-3.00,0.00,45.1,116.08,634.62,258.24,SEARCH_Y
12.0897,0.9983,-0.0324,0.3281,0.02232,0.12359,-0.02611,0.00,-3.00,0.00,45.1,116.04,634.62,258.24,SEARCH_Y
12.0998,0.8783,0.4075,0.1281,0.02532,0.11159,-0.01811,0.00,-3.00,0.00,45.1,116.02,634.62,258.24,SEARCH_Y
12.1099,0.6883,0.2774,0.0781,-0.00167,0.11759,-0.02511,0.00,-3.00,0.00,45.2,115.98,634.61,258.24,SEARCH_Y
12.1200,0.7783,0.5175,-0.1018,0.02232,0.12859,-0.02011,0.00,-3.00,0.00,45.2,115.96,634.61,258.24,SEARCH_Y
12.1302,0.6583,0.5175,-0.0618,0.01432,0.12959,-0.01911,0.00,-3.00,0.00,45.2,115.92,634.61,258.24,SEARCH_Y
12.1403,0.8083,0.1175,0.1681,0.01932,0.12159,-0.02211,0.00,-3.00,0.00,45.2,115.88,634.61,258.24,SEARCH_Y
12.1504,0.7783,0.3674,-0.0618,0.02032,0.12559,-0.02011,0.00,-3.00,0.00,45.2,115.86,634.61,258.24,SEARCH_Y
12.1605,0.7883,0.3474,-0.2018,-0.00167,0.11659,-0.02111,0.00,-3.00,0.00,45.2,115.82,634.61,258.24,SEARCH_Y
12.1706,0.8383,0.3574,-0.0918,0.00132,0.11459,-0.01811,0.00,-3.00,0.00,45.2,115.80,634.61,258.24,SEARCH_Y
12.1807,0.8283,-0.0324,0.1381,0.01932,0.13159,-0.02611,0.00,-3.00,0.00,45.2,115.76,634.61,258.24,SEARCH_Y
12.1907,0.6183,0.1275,0.4681,0.00832,0.13159,-0.02111,0.00,-3.00,0.00,45.2,115.74,634.61,258.24,SEARCH_Y
12.2009,0.7683,0.2275,-0.0918,0.01232,0.12259,-0.02611,0.00,-3.00,0.00,45.2,115.70,634.61,258.24,SEARCH_Y
12.2110,0.7983,0.2074,-0.0918,0.00332,0.11459,-0.02311,0.00,-3.00,0.00,45.2,115.68,634.61,258.24,SEARCH_Y
12.2210,0.6783,0.3274,0.1581,0.01832,0.12859,-0.02311,0.00,-3.00,0.00,45.2,115.64,634.60,258.24,SEARCH_Y
12.2312,0.7783,0.1474,0.2481,0.00132,0.12859,-0.02411,0.00,-3.00,0.00,45.2,115.62,634.60,258.24,SEARCH_Y
12.2413,0.9583,0.2674,0.0481,0.01532,0.11859,-0.02411,0.00,-3.00,0.00,45.2,115.58,634.60,258.24,SEARCH_Y
12.2514,1.0283,0.0575,0.2581,0.03432,0.12359,-0.02611,0.00,-3.00,0.00,45.2,115.56,634.60,258.24,SEARCH_Y
12.2615,0.6483,0.2375,0.2481,0.00132,0.12459,-0.02211,0.00,-3.00,0.00,45.3,115.52,634.60,258.24,SEARCH_Y
12.2716,0.7583,0.5875,-0.1618,-0.00067,0.10659,-0.01511,0.00,-3.00,0.00,45.3,115.50,634.60,258.24,SEARCH_Y
12.2817,0.8283,0.3374,0.0681,0.01832,0.12859,-0.02011,0.00,-3.00,0.00,45.3,115.46,634.60,258.24,SEARCH_Y
12.2918,0.6183,0.3374,0.4881,0.01232,0.13359,-0.02511,0.00,-3.00,0.00,45.3,115.44,634.60,258.24,SEARCH_Y
12.3019,0.7883,0.2674,0.2581,-0.01767,0.12159,-0.02411,0.00,-3.00,0.00,45.3,115.40,634.60,258.23,SEARCH_Y
12.3120,0.6983,0.5375,0.1381,-0.03367,0.11759,-0.02411,0.00,-3.00,0.00,45.3,115.38,634.60,258.23,SEARCH_Y
12.3221,0.6183,0.8175,0.1081,-0.02967,0.11759,-0.02511,0.00,-3.00,0.00,45.3,115.34,634.60,258.23,SEARCH_Y
12.3322,0.6583,0.4575,0.3381,-0.03467,0.11759,-0.02811,0.00,-3.00,0.00,45.3,115.31,634.59,258.23,SEARCH_Y
12.3423,0.9083,0.6975,0.1281,-0.03267,0.12159,-0.02811,0.00,-3.00,0.00,45.3,115.28,634.59,258.23,SEARCH_Y
12.3524,0.6983,0.8075,0.0581,-0.04467,0.12459,-0.02811,0.00,-3.00,0.00,45.3,115.25,634.59,258.23,SEARCH_Y
12.3625,0.8883,0.8375,0.1181,-0.04167,0.10759,-0.02811,0.00,-3.00,0.00,45.3,115.22,634.59,258.23,SEARCH_Y
12.3726,0.7783,0.9475,0.0681,-0.05467,0.11359,-0.02811,0.00,-3.00,0.00,45.3,115.19,634.59,258.23,SEARCH_Y
12.3826,0.7783,0.8375,0.0981,-0.07367,0.11459,-0.03011,0.00,-3.00,0.00,45.3,115.16,634.59,258.23,SEARCH_Y
12.3928,0.6083,0.9075,0.0181,-0.07767,0.12259,-0.03011,0.00,-3.00,0.00,45.3,115.13,634.59,258.23,SEARCH_Y
12.4029,0.7683,0.9675,0.1281,-0.06667,0.11559,-0.03411,0.00,-3.00,0.00,45.4,115.10,634.59,258.23,SEARCH_Y
12.4130,0.8883,0.7075,0.4481,-0.07067,0.12259,-0.03711,0.00,-3.00,0.00,45.4,115.07,634.59,258.23,SEARCH_Z
12.4231,0.8883,0.8075,0.1381,-0.07467,0.13159,-0.03611,0.00,0.00,3.00,45.4,115.04,634.59,258.23,SEARCH_Z
12.4331,0.7183,0.9675,0.3581,-0.10567,0.12359,-0.03711,0.00,0.00,3.00,45.4,115.01,634.59,258.23,SEARCH_Z
12.4432,0.7283,1.1875,-0.1418,-0.11767,0.10559,-0.03611,0.00,0.00,3.00,45.4,114.98,634.59,258.23,SEARCH_Z
12.4533,0.7683,0.9675,0.7181,-0.10567,0.13659,-0.03911,0.00,0.00,3.00,45.4,114.96,634.59,258.23,SEARCH_Z
12.4634,0.8883,1.2775,0.3081,-0.11967,0.12059,-0.03711,0.00,0.00,3.00,45.4,114.94,634.60,258.23,SEARCH_Z
12.4735,0.7783,1.3275,0.2681,-0.11867,0.12659,-0.04511,0.00,0.00,3.00,45.4,114.91,634.61,258.23,SEARCH_Z
12.4836,0.8883,1.0375,0.3081,-0.12267,0.12359,-0.04511,0.00,0.00,3.00,45.4,114.90,634.62,258.23,SEARCH_Z
12.4937,0.6183,1.1875,0.2181,-0.14667,0.12359,-0.04111,0.00,0.00,3.00,45.4,114.88,634.64,258.23,SEARCH_Z
12.5038,0.6683,1.3974,0.3081,-0.15667,0.11959,-0.03911,0.00,0.00,3.00,45.4,114.87,634.66,258.23,SEARCH_Z
12.5139,0.6483,1.2674,0.3181,-0.14167,0.12459,-0.04511,0.00,0.00,3.00,45.4,114.86,634.68,258.24,SEARCH_Z
12.5240,0.7583,1.6075,0.1981,-0.14267,0.11159,-0.04311,0.00,0.00,3.00,45.4,114.86,634.70,258.24,SEARCH_Z
12.5340,0.9683,1.5675,0.0581,-0.15567,0.10659,-0.04211,0.00,0.00,3.00,45.4,114.85,634.73,258.24,SEARCH_Z
12.5441,0.7583,1.7675,-0.2918,-0.16367,0.09759,-0.03911,0.00,0.00,3.00,45.4,114.85,634.75,258.24,SEARCH_Z
12.5543,0.9883,1.4875,0.3381,-0.14367,0.12159,-0.04411,0.00,0.00,3.00,45.4,114.85,634.79,258.24,SEARCH_Z
12.5644,0.8083,1.5175,-0.1518,-0.17867,0.10659,-0.04711,0.00,0.00,3.00,45.4,114.85,634.83,258.24,SEARCH_Z
12.5744,0.6383,1.5175,0.2081,-0.17067,0.12959,-0.04611,0.00,0.00,3.00,45.4,114.84,634.85,258.24,SEARCH_Z
12.5845,0.7983,1.4374,-0.0318,-0.18367,0.10759,-0.04511,0.00,0.00,3.00,45.4,114.84,634.89,258.24,SEARCH_Z
12.5946,0.7883,1.6174,-0.2218,-0.18767,0.09859,-0.04411,0.00,0.00,3.00,45.4,114.84,634.91,258.24,SEARCH_Z
12.6048,0.6983,1.4274,0.2281,-0.17467,0.11259,-0.04811,0.00,0.00,3.00,45.4,114.84,634.95,258.25,SEARCH_Z
12.6149,0.7783,1.5575,-0.2018,-0.17967,0.09059,-0.04211,0.00,0.00,3.00,45.4,114.84,634.97,258.25,SEARCH_Z
12.6250,0.6383,1.3874,0.0781,-0.17967,0.09459,-0.03811,0.00,0.00,3.00,45.4,114.84,635.01,258.25,SEARCH_Z
12.6351,0.7883,1.6774,-0.1418,-0.17567,0.09359,-0.04111,0.00,0.00,3.00,45.4,114.84,635.03,258.25,SEARCH_Z
12.6452,0.7383,1.3974,-0.0418,-0.18067,0.08859,-0.04011,0.00,0.00,3.00,45.4,114.84,635.07,258.25,SEARCH_Z
12.6553,0.7483,1.3075,-0.0418,-0.19267,0.08759,-0.03611,0.00,0.00,3.00,45.4,114.84,635.09,258.25,SEARCH_Z
12.6653,0.5483,1.8075,-0.0618,-0.20467,0.08059,-0.03611,0.00,0.00,3.00,45.4,114.83,635.13,258.25,SEARCH_Z
12.6754,0.5283,1.5775,-0.0018,-0.21067,0.09059,-0.03811,0.00,0.00,3.00,45.4,114.83,635.15,258.25,SEARCH_Z
12.6855,0.5783,1.2875,0.2281,-0.20067,0.09059,-0.03711,0.00,0.00,3.00,45.4,114.83,635.19,258.25,SEARCH_Z
12.6957,0.7183,1.6475,0.0381,-0.20867,0.08759,-0.03711,0.00,0.00,3.00,45.4,114.83,635.21,258.25,SEARCH_Z
12.7058,0.6083,1.4975,0.1981,-0.19667,0.08859,-0.04511,0.00,0.00,3.00,45.4,114.83,635.25,258.26,SEARCH_Z
12.7159,0.6783,1.2075,-0.0418,-0.19467,0.08959,-0.04311,0.00,0.00,3.00,45.4,114.83,635.27,258.26,SEARCH_Z
12.7260,0.7083,1.3375,-0.1618,-0.20767,0.08959,-0.04011,0.00,0.00,3.00,45.4,114.83,635.31,258.26,SEARCH_Z
12.7361,0.4483,1.8075,-0.2918,-0.19867,0.09659,-0.04211,0.00,0.00,3.00,45.4,114.83,635.33,258.26,SEARCH_Z
12.7462,0.4383,1.4775,0.1081,-0.20567,0.09459,-0.04611,0.00,0.00,3.00,45.4,114.83,635.37,258.26,SEARCH_Z
12.7563,0.5483,1.3275,0.3281,-0.18867,0.11559,-0.04511,0.00,0.00,3.00,45.4,114.82,635.40,258.26,SEARCH_Z
12.7663,0.7083,0.9875,0.4881,-0.20267,0.09959,-0.04811,0.00,0.00,3.00,45.4,114.82,635.43,258.26,SEARCH_Z
12.7764,0.5783,1.7775,-0.0918,-0.21167,0.09059,-0.04111,0.00,0.00,3.00,45.4,114.82,635.46,258.26,SEARCH_Z
12.7865,0.7583,1.5475,-0.0618,-0.19967,0.10359,-0.04711,0.00,0.00,3.00,45.4,114.82,635.49,258.26,SEARCH_Z
12.7966,0.7083,1.3375,0.2081,-0.21267,0.10359,-0.04911,0.00,0.00,3.00,45.4,114.82,635.52,258.27,SEARCH_Z
12.8067,0.7683,1.5575,0.0981,-0.19467,0.10559,-0.04711,0.00,0.00,3.00,45.4,114.82,635.55,258.27,SEARCH_Z
12.8168,0.7883,1.7275,-0.2118,-0.19567,0.10259,-0.04711,0.00,0.00,3.00,45.4,114.82,635.58,258.27,SEARCH_Z
12.8269,0.6383,1.5075,0.0281,-0.21167,0.10359,-0.04911,0.00,0.00,3.00,45.4,114.82,635.61,258.27,SEARCH_Z
12.8370,0.7483,1.5375,0.1881,-0.18667,0.11259,-0.04511,0.00,0.00,3.00,45.4,114.82,635.64,258.27,SEARCH_Z
12.8471,0.6683,1.6374,0.0681,-0.18267,0.11359,-0.04811,0.00,0.00,3.00,45.4,114.81,635.67,258.27,SEARCH_Z
12.8572,0.9483,1.3874,0.1681,-0.18167,0.09959,-0.04611,0.00,0.00,3.00,45.4,114.81,635.70,258.27,SEARCH_Z
12.8673,0.8183,1.2674,0.4681,-0.19167,0.10559,-0.04611,0.00,0.00,3.00,45.4,114.81,635.73,258.27,SEARCH_Z
12.8774,0.7783,1.5475,0.1381,-0.19867,0.11059,-0.04311,0.00,0.00,3.00,45.4,114.81,635.76,258.27,SEARCH_Z
12.8875,0.7583,1.3974,0.4381,-0.20667,0.11359,-0.05211,0.00,0.00,3.00,45.4,114.81,635.79,258.28,SEARCH_Z
12.8976,0.7483,1.6774,0.1181,-0.19767,0.10959,-0.04411,0.00,0.00,3.00,45.4,114.81,635.82,258.28,SEARCH_Z
12.9077,0.9083,1.6174,-0.1618,-0.20767,0.09559,-0.05211,0.00,0.00,3.00,45.4,114.81,635.85,258.28,SEARCH_Z
12.9178,0.7983,1.9075,-0.1818,-0.19967,0.10159,-0.04811,0.00,0.00,3.00,45.4,114.81,635.88,258.28,SEARCH_Z
12.9279,0.5983,1.4675,0.0481,-0.21067,0.10859,-0.04611,0.00,0.00,3.00,45.4,114.81,635.91,258.28,SEARCH_Z
12.9380,0.9883,1.4675,0.2881,-0.19067,0.10959,-0.04911,0.00,0.00,3.00,45.4,114.80,635.94,258.28,SEARCH_Z
12.9481,0.4883,1.5775,0.2281,-0.19667,0.12159,-0.04811,0.00,0.00,3.00,45.4,114.80,635.97,258.28,SEARCH_Z
12.9582,1.0883,1.2674,-0.0218,-0.18867,0.09259,-0.04511,0.00,0.00,3.00,45.4,114.80,636.00,258.28,SEARCH_Z
12.9683,0.6583,1.2375,0.3881,-0.20267,0.11059,-0.04911,0.00,0.00,3.00,45.4,114.80,636.04,258.28,SEARCH_Z
12.9784,0.8983,1.0575,0.4881,-0.17967,0.13059,-0.05311,0.00,0.00,3.00,45.4,114.80,636.06,258.29,SEARCH_Z
12.9884,0.7383,1.5875,-0.0018,-0.20567,0.10859,-0.04711,0.00,0.00,3.00,45.4,114.80,636.10,258.29,SEARCH_Z
12.9985,0.6883,1.7675,-0.0318,-0.18167,0.12059,-0.04711,0.00,0.00,3.00,45.4,114.80,636.12,258.29,SEARCH_Z
13.0086,0.7583,1.6674,-0.0618,-0.20967,0.10159,-0.04711,0.00,0.00,3.00,45.4,114.80,636.16,258.29,SEARCH_Z
13.0187,0.7983,1.6874,0.0281,-0.19467,0.10759,-0.04511,0.00,0.00,3.00,45.4,114.79,636.18,258.29,SEARCH_Z
13.0288,0.8883,1.6874,0.1781,-0.19367,0.11059,-0.04811,0.00,0.00,3.00,45.4,114.79,636.22,258.29,SEARCH_Z
13.0389,0.8483,1.5175,0.0581,-0.19367,0.11459,-0.05111,0.00,0.00,3.00,45.4,114.79,636.24,258.29,SEARCH_Z
13.0490,0.8083,1.4474,-0.1418,-0.20167,0.10159,-0.04911,0.00,0.00,3.00,45.4,114.79,636.28,258.29,SEARCH_Z
13.0591,0.6983,1.6475,-0.0118,-0.22267,0.09859,-0.05011,0.00,0.00,3.00,45.4,114.79,636.30,258.29,SEARCH_Z
13.0692,0.7783,1.6374,-0.1018,-0.20867,0.09759,-0.04811,0.00,0.00,3.00,45.4,114.79,636.34,258.30,SEARCH_Z
13.0793,1.0183,1.5475,-0.0118,-0.19367,0.10859,-0.05111,0.00,0.00,3.00,45.4,114.79,636.36,258.30,SEARCH_Z
13.0894,0.6383,1.5875,-0.0518,-0.20367,0.10859,-0.04911,0.00,0.00,3.00,45.5,114.79,636.40,258.30,SEARCH_Z
13.0995,0.5083,1.7174,-0.1018,-0.22567,0.09759,-0.04711,0.00,0.00,3.00,45.5,114.79,636.42,258.30,SEARCH_Z
13.1096,0.6183,1.4975,0.0881,-0.21367,0.10759,-0.04711,0.00,0.00,3.00,45.5,114.78,636.46,258.30,SEARCH_Z
13.1197,0.7583,1.9775,-0.1518,-0.21467,0.09459,-0.04811,0.00,0.00,3.00,45.5,114.78,636.48,258.30,SEARCH_Z
13.1298,0.5283,1.7174,0.1381,-0.20667,0.12259,-0.04811,0.00,0.00,3.00,45.5,114.78,636.52,258.30,SEARCH_Z
13.1399,0.7483,1.7275,-0.1318,-0.20467,0.10959,-0.04811,0.00,0.00,3.00,45.5,114.78,636.54,258.30,SEARCH_Z
13.1500,0.7883,1.7475,0.0181,-0.19067,0.11759,-0.05011,0.00,0.00,3.00,45.5,114.78,636.58,258.30,SEARCH_Z
13.1601,0.9783,1.2075,0.3081,-0.18067,0.11459,-0.05011,0.00,0.00,3.00,45.5,114.78,636.60,258.31,SEARCH_Z
13.1702,0.7683,1.5875,0.1681,-0.19267,0.12059,-0.05211,0.00,0.00,3.00,45.5,114.78,636.64,258.31,SEARCH_Z
13.1803,0.8083,1.7775,0.0981,-0.20767,0.11459,-0.04611,0.00,0.00,3.00,45.5,114.78,636.67,258.31,SEARCH_Z
13.1904,0.7483,1.8975,-0.1018,-0.19467,0.11459,-0.04911,0.00,0.00,3.00,45.5,114.78,636.70,258.31,SEARCH_Z
13.2005,0.7383,1.7475,0.0081,-0.21467,0.10659,-0.04511,0.00,0.00,3.00,45.5,114.77,636.73,258.31,SEARCH_Z
13.2106,0.9983,1.6075,-0.3418,-0.18967,0.10159,-0.04911,0.00,0.00,3.00,45.5,114.77,636.76,258.31,SEARCH_Z
13.2206,0.6483,1.4274,-0.0518,-0.21367,0.10459,-0.05211,0.00,0.00,3.00,45.5,114.77,636.79,258.31,SEARCH_Z
13.2307,0.8683,1.5775,-0.0818,-0.19667,0.10759,-0.04911,0.00,0.00,3.00,45.5,114.77,636.82,258.31,SEARCH_Z
13.2408,0.6183,1.7475,0.0181,-0.20367,0.11559,-0.04911,0.00,0.00,3.00,45.5,114.77,636.85,258.31,SEARCH_Z
13.2509,0.7983,1.5675,0.2881,-0.19367,0.11959,-0.04911,0.00,0.00,3.00,45.5,114.77,636.88,258.32,SEARCH_Z
13.2610,0.8183,1.6075,0.0181,-0.19967,0.10959,-0.05011,0.00,0.00,3.00,45.5,114.77,636.91,258.32,SEARCH_Z
13.2711,0.9983,1.6274,-0.3418,-0.20067,0.10359,-0.05111,0.00,0.00,3.00,45.5,114.77,636.94,258.32,SEARCH_Z
13.2812,0.7383,1.4775,0.2281,-0.19967,0.11359,-0.04711,0.00,0.00,3.00,45.5,114.76,636.97,258.32,SEARCH_Z
13.2913,0.7483,1.9474,-0.4518,-0.20167,0.10259,-0.04911,0.00,0.00,3.00,45.5,114.76,637.00,258.32,SEARCH_Z
13.3014,0.9083,1.3575,-0.1518,-0.19767,0.10859,-0.05411,0.00,0.00,3.00,45.5,114.76,637.03,258.32,SEARCH_Z
13.3115,0.3983,1.2875,-0.0918,-0.21167,0.11659,-0.05011,0.00,0.00,3.00,45.5,114.76,637.06,258.32,SEARCH_Z
13.3216,0.6683,1.4374,0.0581,-0.19367,0.12159,-0.05311,0.00,0.00,3.00,45.5,114.76,637.09,258.32,SEARCH_Z
13.3316,0.5983,1.5775,-0.0718,-0.21367,0.11159,-0.05111,0.00,0.00,3.00,45.5,114.76,637.12,258.32,SEARCH_Z
13.3417,0.4183,1.6974,-0.0518,-0.21067,0.11359,-0.04511,0.00,0.00,3.00,45.5,114.76,637.15,258.33,SEARCH_Z
13.3518,0.7483,1.7275,0.0481,-0.20467,0.11559,-0.05111,0.00,0.00,3.00,45.5,114.76,637.18,258.33,SEARCH_Z
13.3619,0.6283,1.7575,0.1081,-0.22267,0.10859,-0.04811,0.00,0.00,3.00,45.5,114.76,637.21,258.33,SEARCH_Z
13.3720,0.7583,1.6274,-0.2518,-0.22067,0.09559,-0.04911,0.00,0.00,3.00,45.5,114.76,637.24,258.33,SEARCH_Z
13.3821,0.9083,1.5975,-0.1818,-0.18767,0.11059,-0.05311,0.00,0.00,3.00,45.5,114.75,637.27,258.33,SEARCH_Z
13.3922,0.5583,1.7475,0.3381,-0.21667,0.10659,-0.04611,0.00,0.00,3.00,45.5,114.75,637.31,258.33,SEARCH_Z
13.4023,0.9883,1.3774,-0.1518,-0.21067,0.09859,-0.05111,0.00,0.00,3.00,45.5,114.75,637.33,258.33,SEARCH_Z
13.4124,0.8283,1.2975,0.1481,-0.20667,0.10859,-0.04911,0.00,0.00,3.00,45.5,114.75,637.37,258.33,SEARCH_Z
13.4225,0.7583,1.6774,-0.0818,-0.20267,0.11159,-0.04611,0.00,0.00,3.00,45.5,114.75,637.39,258.33,SEARCH_Z
13.4326,0.7083,1.1675,0.2081,-0.20367,0.10259,-0.04811,0.00,0.00,3.00,45.5,114.75,637.43,258.33,SEARCH_Z
13.4427,0.6283,1.5475,-0.0318,-0.19167,0.11959,-0.04811,0.00,0.00,3.00,45.5,114.75,637.45,258.34,SEARCH_Z
13.4528,0.6983,1.6774,-0.1318,-0.20167,0.10859,-0.04811,0.00,0.00,3.00,45.5,114.75,637.49,258.34,SEARCH_Z
13.4629,0.6583,1.8475,0.0581,-0.21267,0.11459,-0.04911,0.00,0.00,3.00,45.5,114.74,637.51,258.34,SEARCH_Z
13.4730,0.9283,1.3275,0.2681,-0.19767,0.11159,-0.05111,0.00,0.00,3.00,45.5,114.74,637.55,258.34,SEARCH_Z
13.4831,0.7883,1.3475,0.4981,-0.20767,0.11759,-0.05511,0.00,0.00,3.00,45.5,114.74,637.57,258.34,SEARCH_Z
13.4932,0.7083,1.5375,0.1481,-0.20967,0.11459,-0.05111,0.00,0.00,3.00,45.5,114.74,637.61,258.34,SEARCH_Z
13.5032,0.7183,1.9174,-0.3618,-0.21367,0.10159,-0.04511,0.00,0.00,3.00,45.5,114.74,637.63,258.34,SEARCH_Z
13.5133,0.6883,1.5075,0.4281,-0.21767,0.11059,-0.05011,0.00,0.00,3.00,45.5,114.74,637.67,258.34,SEARCH_Z
13.5234,0.6583,1.3974,0.0681,-0.21467,0.10759,-0.04911,0.00,0.00,3.00,45.5,114.74,637.69,258.34,SEARCH_Z
13.5335,0.8783,1.5775,0.2181,-0.20467,0.10759,-0.04911,0.00,0.00,3.00,45.5,114.74,637.73,258.35,SEARCH_Z
13.5436,0.8483,1.5375,0.2381,-0.21867,0.09859,-0.05311,0.00,0.00,3.00,45.5,114.74,637.75,258.35,SEARCH_Z
13.5537,0.8583,1.3575,-0.0718,-0.19267,0.11959,-0.05511,0.00,0.00,3.00,45.5,114.73,637.79,258.35,SEARCH_Z
13.5638,0.9483,1.7975,-0.0518,-0.21367,0.09559,-0.05111,0.00,0.00,3.00,45.5,114.73,637.81,258.35,SEARCH_Z
13.5739,0.7683,1.8575,-0.2018,-0.21867,0.09259,-0.04911,0.00,0.00,3.00,45.5,114.73,637.85,258.35,SEARCH_Z
13.5840,0.6683,1.7174,-0.0618,-0.22067,0.09859,-0.04911,0.00,0.00,3.00,45.5,114.73,637.87,258.35,SEARCH_Z
13.5941,0.7383,1.6174,-0.0418,-0.21867,0.09559,-0.05311,0.00,0.00,3.00,45.5,114.73,637.91,258.35,SEARCH_Z
13.6042,0.7483,1.4775,0.2881,-0.20267,0.10759,-0.05211,0.00,0.00,3.00,45.5,114.73,637.95,258.35,SEARCH_Z
13.6143,0.7983,1.6774,0.0381,-0.19467,0.10759,-0.04611,0.00,0.00,3.00,45.5,114.73,637.97,258.35,SEARCH_Z
13.6244,0.6483,1.7174,0.0481,-0.22767,0.09359,-0.04711,0.00,0.00,3.00,45.5,114.73,638.01,258.36,SEARCH_Z
13.6345,0.7683,1.4975,-0.0218,-0.22167,0.09859,-0.04811,0.00,0.00,3.00,45.6,114.73,638.03,258.36,SEARCH_Z
13.6445,0.8783,2.0375,-0.2718,-0.20667,0.09759,-0.04811,0.00,0.00,3.00,45.6,114.72,638.07,258.36,SEARCH_Z
13.6546,0.7383,1.7575,-0.0718,-0.20467,0.10959,-0.05011,0.00,0.00,3.00,45.6,114.72,638.09,258.36,SEARCH_Z
13.6647,0.6783,1.6374,0.1181,-0.21867,0.10159,-0.04711,0.00,0.00,3.00,45.6,114.72,638.13,258.36,SEARCH_Z
13.6748,0.6983,1.5775,0.4381,-0.21967,0.10659,-0.05111,0.00,0.00,3.00,45.6,114.72,638.15,258.36,SEARCH_Z
13.6849,0.7883,1.7775,0.0081,-0.22367,0.09459,-0.05011,0.00,0.00,3.00,45.6,114.72,638.19,258.36,SEARCH_Z
13.6950,0.7083,1.7975,0.0781,-0.22367,0.09259,-0.04711,0.00,0.00,3.00,45.6,114.72,638.21,258.36,SEARCH_Z
13.7051,0.5783,1.8575,0.2681,-0.23067,0.10559,-0.04911,0.00,0.00,3.00,45.6,114.72,638.25,258.36,SEARCH_Z
13.7152,0.9283,1.7174,0.0681,-0.20067,0.09959,-0.04711,0.00,0.00,3.00,45.6,114.72,638.27,258.37,SEARCH_Z
13.7253,0.6283,1.7475,-0.0918,-0.21867,0.10159,-0.04911,0.00,0.00,3.00,45.6,114.71,638.31,258.37,SEARCH_Z
13.7354,0.6483,1.3774,0.0681,-0.22267,0.10159,-0.05111,0.00,0.00,3.00,45.6,114.71,638.33,258.37,SEARCH_Z
13.7455,0.6883,1.4875,0.3581,-0.20167,0.10759,-0.05011,0.00,0.00,3.00,45.6,114.71,638.37,258.37,SEARCH_Z
13.7556,0.7883,1.7375,-0.0518,-0.21467,0.10859,-0.05311,0.00,0.00,3.00,45.6,114.71,638.40,258.37,SEARCH_Z
13.7657,0.8583,1.6475,0.1081,-0.21067,0.10759,-0.05111,0.00,0.00,3.00,45.6,114.71,638.43,258.37,SEARCH_Z
13.7758,0.5283,1.8675,-0.1518,-0.21767,0.11359,-0.05011,0.00,0.00,3.00,45.6,114.71,638.45,258.37,SEARCH_Z
13.7859,0.8983,1.8875,-0.2118,-0.20767,0.10159,-0.05111,0.00,0.00,3.00,45.6,114.71,638.49,258.37,SEARCH_Z
13.7960,0.6783,1.1675,0.3181,-0.22167,0.11359,-0.05811,0.00,0.00,3.00,45.6,114.71,638.51,258.37,SEARCH_Z
13.8061,0.8483,1.7975,0.0381,-0.21567,0.09359,-0.04711,0.00,0.00,3.00,45.6,114.71,638.55,258.38,SEARCH_Z
13.8162,0.8483,1.5875,-0.2318,-0.20767,0.10359,-0.05211,0.00,0.00,3.00,45.6,114.70,638.57,258.38,SEARCH_Z
13.8263,0.8383,1.6974,-0.0418,-0.21767,0.10659,-0.05211,0.00,0.00,3.00,45.6,114.70,638.61,258.38,SEARCH_Z
13.8364,0.8383,1.7174,-0.3518,-0.22367,0.10059,-0.05011,0.00,0.00,3.00,45.6,114.70,638.64,258.38,SEARCH_Z
13.8465,0.6183,1.5275,0.0981,-0.23567,0.09059,-0.05011,0.00,0.00,3.00,45.6,114.70,638.67,258.38,SEARCH_Z
13.8566,0.9383,1.5175,-0.0318,-0.20467,0.09659,-0.05111,0.00,0.00,3.00,45.6,114.70,638.70,258.38,SEARCH_Z
13.8666,0.7983,1.6774,-0.1218,-0.21667,0.09459,-0.05011,0.00,0.00,3.00,45.6,114.70,638.73,258.38,SEARCH_Z
13.8767,0.9483,1.2674,0.1881,-0.19567,0.10959,-0.05611,0.00,0.00,3.00,45.6,114.70,638.76,258.38,SEARCH_Z
13.8868,0.7483,1.5575,-0.0018,-0.21267,0.10759,-0.04711,0.00,0.00,3.00,45.6,114.70,638.79,258.38,SEARCH_Z
13.8969,0.8083,1.8375,0.1281,-0.20967,0.10859,-0.04811,0.00,0.00,3.00,45.6,114.70,638.82,258.39,SEARCH_Z
13.9070,0.7283,1.9374,0.1081,-0.21667,0.10559,-0.05211,0.00,0.00,3.00,45.6,114.69,638.85,258.39,SEARCH_Z
13.9171,0.9283,1.7575,-0.5618,-0.22667,0.07759,-0.04711,0.00,0.00,3.00,45.6,114.69,638.88,258.39,SEARCH_Z
13.9272,0.5783,1.5875,-0.0718,-0.22567,0.09059,-0.05111,0.00,0.00,3.00,45.6,114.69,638.91,258.39,SEARCH_Z
13.9374,0.6483,2.0075,0.1181,-0.23367,0.09559,-0.04811,0.00,0.00,3.00,45.6,114.69,638.94,258.39,SEARCH_Z
13.9474,0.6483,1.9975,-0.4618,-0.20567,0.09559,-0.04811,0.00,0.00,3.00,45.6,114.69,638.97,258.39,SEARCH_Z
13.9575,0.7983,1.7575,-0.0718,-0.20967,0.10059,-0.04911,0.00,0.00,3.00,45.6,114.69,639.00,258.39,SEARCH_Z
13.9676,0.7583,1.4474,0.1781,-0.20667,0.10359,-0.05311,0.00,0.00,3.00,45.6,114.69,639.03,258.39,SEARCH_Z
13.9776,0.6583,1.8875,-0.1018,-0.22967,0.10359,-0.04811,0.00,0.00,3.00,45.6,114.69,639.06,258.39,SEARCH_Z
13.9878,0.6483,1.7575,0.0481,-0.22367,0.10559,-0.05011,0.00,0.00,3.00,45.6,114.69,639.09,258.39,SEARCH_Z
13.9979,0.8283,1.8775,-0.1018,-0.21767,0.10259,-0.05011,0.00,0.00,3.00,45.6,114.68,639.12,258.40,SEARCH_Z
14.0080,0.7083,1.9174,0.1481,-0.21867,0.09559,-0.05011,0.00,0.00,3.00,45.7,114.68,639.15,258.40,SEARCH_Z
14.0181,0.7883,1.6774,0.0681,-0.21467,0.10159,-0.05211,0.00,0.00,3.00,45.7,114.68,639.18,258.40,SEARCH_Z
14.0282,0.5383,1.7275,-0.0918,-0.22767,0.10959,-0.05111,0.00,0.00,3.00,45.7,114.68,639.22,258.40,SEARCH_Z
14.0383,0.7983,1.7475,0.1781,-0.20767,0.11859,-0.05011,0.00,0.00,3.00,45.7,114.68,639.24,258.40,SEARCH_Z
14.0484,0.7083,1.6974,0.2481,-0.22067,0.09959,-0.04811,0.00,0.00,3.00,45.7,114.68,639.28,258.40,SEARCH_Z
14.0585,0.5383,1.6674,0.3181,-0.22567,0.11059,-0.05311,0.00,0.00,3.00,45.7,114.68,639.30,258.40,SEARCH_Z
14.0685,0.7383,1.5875,-0.0118,-0.21767,0.11259,-0.05311,0.00,0.00,3.00,45.7,114.68,639.34,258.40,SEARCH_Z
14.0786,0.9283,1.9274,0.0681,-0.21567,0.10159,-0.04911,0.00,0.00,3.00,45.7,114.67,639.36,258.40,SEARCH_Z
14.0887,0.6983,1.6374,0.0581,-0.23767,0.09559,-0.05111,0.00,0.00,3.00,45.7,114.67,639.40,258.41,SEARCH_Z
14.0988,0.6583,1.7275,-0.1718,-0.22767,0.09659,-0.05111,0.00,0.00,3.00,45.7,114.67,639.42,258.41,SEARCH_Z
14.1089,0.6083,1.8175,0.2981,-0.22567,0.10859,-0.05211,0.00,0.00,3.00,45.7,114.67,639.46,258.41,SEARCH_Z
14.1190,0.4883,1.6874,0.2381,-0.22567,0.10359,-0.05011,0.00,0.00,3.00,45.7,114.67,639.48,258.41,SEARCH_Z
14.1291,0.8283,1.8375,0.2181,-0.22967,0.09659,-0.05211,0.00,0.00,3.00,45.7,114.67,639.52,258.41,SEARCH_Z
14.1392,0.6783,1.8475,-0.0018,-0.23067,0.08459,-0.04711,0.00,0.00,3.00,45.7,114.67,639.54,258.41,SEARCH_Z
14.1493,0.8083,1.5875,0.1381,-0.21867,0.09659,-0.05011,0.00,0.00,3.00,45.7,114.67,639.58,258.41,SEARCH_Z
14.1594,0.5883,1.7975,0.1681,-0.23067,0.09459,-0.04711,0.00,0.00,3.00,45.7,114.67,639.60,258.41,SEARCH_Z
14.1695,0.8283,1.5275,0.4081,-0.21267,0.09859,-0.05011,0.00,0.00,3.00,45.7,114.66,639.64,258.41,SEARCH_Z
14.1796,0.5783,1.8075,0.1781,-0.20967,0.09959,-0.04811,0.00,0.00,3.00,45.7,114.66,639.66,258.42,SEARCH_Z
14.1897,0.7983,1.8175,0.2281,-0.20567,0.10259,-0.04911,0.00,0.00,3.00,45.7,114.66,639.70,258.42,SEARCH_Z
14.1998,0.7583,1.8375,-0.0718,-0.22067,0.08759,-0.04711,0.00,0.00,3.00,45.7,114.66,639.72,258.42,SEARCH_Z
14.2099,0.4983,1.7375,0.4681,-0.22267,0.09859,-0.04711,0.00,0.00,3.00,45.7,114.66,639.76,258.42,SEARCH_Z
14.2201,0.6183,1.5375,0.2181,-0.21267,0.09659,-0.05011,0.00,0.00,3.00,45.7,114.66,639.79,258.42,SEARCH_Z
14.2302,0.5783,1.8875,0.3081,-0.21467,0.10259,-0.04611,0.00,0.00,3.00,45.7,114.66,639.82,258.42,SEARCH_Z
14.2403,0.7483,1.5675,0.1681,-0.21367,0.09259,-0.05311,0.00,0.00,3.00,45.7,114.66,639.85,258.42,SEARCH_Z
14.2504,0.5983,1.5475,0.2781,-0.24267,0.07159,-0.04511,0.00,0.00,3.00,45.7,114.66,639.88,258.42,SEARCH_Z
14.2605,0.4883,1.6774,0.3981,-0.21667,0.09459,-0.04411,0.00,0.00,3.00,45.7,114.65,639.91,258.42,SEARCH_Z
14.2706,0.3283,1.6674,0.3181,-0.21867,0.08759,-0.04511,0.00,0.00,3.00,45.7,114.65,639.94,258.43,SEARCH_Z
14.2807,0.3583,1.5075,0.5581,-0.23067,0.08759,-0.04811,0.00,0.00,3.00,45.7,114.65,639.97,258.43,SEARCH_Z
14.2908,0.5283,1.5575,0.5281,-0.22067,0.09359,-0.04511,0.00,0.00,3.00,45.7,114.65,640.00,258.43,SEARCH_Z
14.3009,0.3583,1.6174,0.2681,-0.22867,0.07959,-0.04111,0.00,0.00,3.00,45.8,114.65,640.03,258.43,SEARCH_Z
14.3110,0.6983,2.1974,-0.1718,-0.22667,0.06959,-0.04111,0.00,0.00,3.00,45.8,114.65,640.06,258.43,SEARCH_Z
14.3211,0.5083,1.3475,0.4881,-0.22367,0.08359,-0.04411,0.00,0.00,3.00,45.8,114.65,640.09,258.43,SEARCH_Z
14.3312,0.5083,1.9474,0.2581,-0.22767,0.08059,-0.04011,0.00,0.00,3.00,45.8,114.65,640.12,258.43,SEARCH_Z
14.3413,0.4783,1.6075,0.0781,-0.22167,0.07759,-0.04311,0.00,0.00,3.00,45.8,114.64,640.15,258.43,SEARCH_Z
14.3514,0.5783,1.8575,0.1181,-0.20967,0.07459,-0.04111,0.00,0.00,3.00,45.8,114.64,640.18,258.43,SEARCH_Z
14.3615,0.5283,1.8575,0.0281,-0.21267,0.07259,-0.04011,0.00,0.00,3.00,45.8,114.64,640.21,258.44,SEARCH_Z
14.3716,0.5583,1.6374,0.0481,-0.20467,0.07659,-0.04211,0.00,0.00,3.00,45.8,114.64,640.24,258.44,SEARCH_Z
14.3816,0.4583,1.6174,0.3481,-0.22567,0.07259,-0.03611,0.00,0.00,3.00,45.8,114.64,640.27,258.44,SEARCH_Z
14.3917,0.3683,1.4174,0.2481,-0.22267,0.07959,-0.04311,0.00,0.00,3.00,45.8,114.64,640.30,258.44,SEARCH_Z
14.4018,0.6683,1.5175,0.2981,-0.20867,0.07359,-0.04311,0.00,0.00,3.00,45.8,114.64,640.33,258.44,SEARCH_Z
14.4119,0.5983,1.7375,0.0381,-0.20367,0.09059,-0.04211,0.00,0.00,3.00,45.8,114.64,640.36,258.44,SEARCH_Z
14.4220,0.6983,1.5675,0.1581,-0.21367,0.07759,-0.04111,0.00,0.00,3.00,45.8,114.64,640.39,258.44,SEARCH_Z
14.4321,0.7583,1.1775,0.4681,-0.20667,0.08159,-0.04711,0.00,0.00,3.00,45.8,114.63,640.43,258.44,SEARCH_Z
14.4422,0.6883,1.6974,0.0781,-0.21867,0.07159,-0.04311,0.00,0.00,3.00,45.8,114.63,640.45,258.44,SEARCH_Z
14.4523,0.6583,1.4775,0.1581,-0.19467,0.07559,-0.04111,0.00,0.00,3.00,45.8,114.63,640.49,258.45,SEARCH_Z
14.4624,0.4583,1.8875,0.0581,-0.21167,0.07359,-0.04311,0.00,0.00,3.00,45.8,114.63,640.51,258.45,SEARCH_Z
14.4725,0.5483,1.4174,0.4681,-0.19767,0.08059,-0.04211,0.00,0.00,3.00,45.8,114.63,640.55,258.45,SEARCH_Z
14.4826,0.5283,1.6874,-0.0818,-0.22167,0.05659,-0.03611,0.00,0.00,3.00,45.8,114.63,640.57,258.45,SEARCH_Z
14.4927,0.4483,1.4775,0.1381,-0.21467,0.07959,-0.03811,0.00,0.00,3.00,45.8,114.63,640.61,258.45,SEARCH_Z
14.5027,0.4583,1.4174,0.2681,-0.20267,0.08559,-0.03911,0.00,0.00,3.00,45.8,114.63,640.64,258.45,SEARCH_Z
14.5128,0.6283,1.7875,0.0081,-0.20967,0.07659,-0.03911,0.00,0.00,3.00,45.8,114.63,640.67,258.45,SEARCH_Z
14.5229,0.5783,1.5075,0.2581,-0.18067,0.09859,-0.03811,0.00,0.00,3.00,45.8,114.62,640.70,258.45,SEARCH_Z
14.5330,0.6483,1.6374,0.0781,-0.19367,0.08659,-0.04011,0.00,0.00,3.00,45.8,114.62,640.73,258.45,SEARCH_Z
14.5431,0.6683,1.5275,0.1381,-0.19667,0.07759,-0.04611,0.00,0.00,3.00,45.8,114.62,640.76,258.46,SEARCH_Z
14.5532,0.4183,1.2975,0.4981,-0.18567,0.09759,-0.04311,0.00,0.00,3.00,45.9,114.62,640.79,258.46,SEARCH_Z
14.5633,0.5383,1.6274,0.3881,-0.18267,0.09359,-0.04111,0.00,0.00,3.00,45.9,114.62,640.82,258.46,SEARCH_Z
14.5734,0.6783,1.3475,0.3981,-0.17567,0.09959,-0.04211,0.00,0.00,3.00,45.9,114.62,640.85,258.46,SEARCH_Z
14.5835,0.5283,1.7074,0.1281,-0.19567,0.08259,-0.04111,0.00,0.00,3.00,45.9,114.62,640.88,258.46,SEARCH_Z
14.5936,0.5583,1.3674,0.4281,-0.16867,0.10159,-0.04111,0.00,0.00,3.00,45.9,114.62,640.91,258.46,SEARCH_Z
14.6037,0.6983,1.3874,0.1881,-0.17067,0.08759,-0.03911,0.00,0.00,3.00,45.9,114.62,640.94,258.46,SEARCH_Z
14.6138,0.5483,1.5875,-0.2418,-0.15567,0.09459,-0.03511,0.00,0.00,3.00,45.9,114.61,640.97,258.46,SEARCH_Z
14.6239,0.6783,1.3175,0.1681,-0.17167,0.07959,-0.04011,0.00,0.00,3.00,45.9,114.61,641.00,258.46,SEARCH_Z
14.6340,0.5283,1.3175,0.3981,-0.18167,0.09759,-0.04211,0.00,0.00,3.00,45.9,114.61,641.03,258.47,SEARCH_Z
14.6440,0.6983,1.5075,0.0581,-0.19567,0.07659,-0.03711,0.00,0.00,3.00,45.9,114.61,641.06,258.47,SEARCH_Z
14.6542,0.6783,1.4074,0.0981,-0.19767,0.08359,-0.04311,0.00,0.00,3.00,45.9,114.61,641.09,258.47,SEARCH_Z
14.6643,0.5683,1.2975,0.0581,-0.18567,0.08959,-0.04011,0.00,0.00,3.00,45.9,114.61,641.13,258.47,SEARCH_Z
14.6744,0.4883,1.5075,-0.3318,-0.19367,0.08259,-0.03711,0.00,0.00,3.00,45.9,114.61,641.15,258.47,SEARCH_Z
14.6845,0.5383,1.6974,-0.3018,-0.19167,0.07359,-0.03611,0.00,0.00,3.00,45.9,114.61,641.19,258.47,SEARCH_Z
14.6946,0.5783,1.3375,-0.2618,-0.18467,0.06959,-0.03511,0.00,0.00,3.00,45.9,114.61,641.21,258.47,SEARCH_Z
14.7046,0.4783,1.5275,-0.1318,-0.18267,0.08159,-0.03211,0.00,0.00,3.00,45.9,114.60,641.25,258.47,SEARCH_Z
14.7148,0.6083,1.5275,-0.6318,-0.19567,0.05759,-0.03611,0.00,0.00,3.00,45.9,114.60,641.27,258.47,SEARCH_Z
14.7248,0.5683,1.6774,-0.5718,-0.18667,0.07459,-0.03711,0.00,0.00,3.00,45.9,114.60,641.31,258.48,SEARCH_Z
14.7349,0.4783,1.1675,-0.2318,-0.19867,0.06559,-0.03711,0.00,0.00,3.00,45.9,114.60,641.33,258.48,SEARCH_Z
14.7450,0.5283,1.3874,-0.4718,-0.21067,0.06759,-0.03811,0.00,0.00,3.00,45.9,114.60,641.37,258.48,SEARCH_Z
14.7552,0.6283,1.4274,-0.2518,-0.20367,0.07259,-0.04111,0.00,0.00,3.00,45.9,114.60,641.39,258.48,SEARCH_Z
14.7652,0.4283,1.4875,-0.2518,-0.21067,0.08459,-0.03911,0.00,0.00,3.00,45.9,114.60,641.43,258.48,SEARCH_Z
14.7753,0.5083,1.3974,-0.9118,-0.21867,0.06559,-0.04111,0.00,0.00,3.00,45.9,114.60,641.45,258.48,SEARCH_Z
14.7854,0.5883,0.9974,-0.5818,-0.21267,0.07159,-0.04011,0.00,0.00,3.00,46.0,114.59,641.49,258.48,SEARCH_Z
14.7955,0.5883,1.3275,-0.5218,-0.20167,0.07259,-0.03811,0.00,0.00,3.00,46.0,114.59,641.51,258.48,SEARCH_Z
14.8056,0.8483,1.3375,-0.6118,-0.18967,0.07359,-0.04211,0.00,0.00,3.00,46.0,114.59,641.55,258.48,SEARCH_Z
