time,fx,fy,fz,tx,ty,tz,vx,vy,vz,travel_mm,pos_x,pos_y,pos_z,phase
0.0000,-0.0457,0.3775,-0.3742,-0.01013,-0.00653,0.00331,-5.00,0.00,0.00,0.0,125.69,633.25,302.52,DESCEND
0.0102,-0.0057,0.2075,0.1257,-0.01713,-0.00253,0.00231,-5.00,0.00,0.00,0.0,125.69,633.25,302.52,DESCEND
0.0203,-0.0657,0.4575,-0.2442,-0.00413,-0.00553,0.00431,-5.00,0.00,0.00,0.0,125.69,633.25,302.51,DESCEND
0.0304,0.2042,0.1675,-0.5142,-0.01913,-0.03053,0.00631,-5.00,0.00,0.00,0.0,125.69,633.26,302.50,DESCEND
0.0405,0.0942,0.1175,0.0557,-0.00513,-0.00553,0.00131,-5.00,0.00,0.00,0.0,125.69,633.26,302.49,DESCEND
0.0506,0.0142,0.1175,-0.2942,-0.01513,-0.01153,-0.00168,-5.00,0.00,0.00,0.0,125.69,633.26,302.48,DESCEND
0.0607,0.1242,0.1075,-0.0042,-0.01113,-0.00953,0.00031,-5.00,0.00,0.00,0.1,125.69,633.26,302.45,DESCEND
0.0708,0.1842,0.1475,-0.2142,0.01086,-0.00053,0.00431,-5.00,0.00,0.00,0.1,125.69,633.26,302.43,DESCEND
0.0809,0.0642,-0.1424,-0.0542,-0.02313,-0.01053,0.00031,-5.00,0.00,0.00,0.1,125.69,633.26,302.40,DESCEND
0.0910,-0.0457,0.3575,-0.4942,-0.01713,-0.01553,0.00631,-5.00,0.00,0.00,0.1,125.69,633.26,302.38,DESCEND
0.1011,-0.0657,0.0475,-0.3142,0.00986,0.00246,0.00331,-5.00,0.00,0.00,0.2,125.69,633.26,302.33,DESCEND
0.1112,-0.0257,0.2475,-0.2342,-0.01013,-0.00853,0.00031,-5.00,0.00,0.00,0.2,125.69,633.26,302.30,DESCEND
0.1213,0.1642,-0.1424,0.2357,-0.00113,0.00646,0.00131,-5.00,0.00,0.00,0.3,125.69,633.26,302.25,DESCEND
0.1314,0.2642,-0.1224,-0.0942,0.00786,-0.00253,0.00031,-5.00,0.00,0.00,0.3,125.69,633.27,302.22,DESCEND
0.1415,0.1142,-0.0424,-0.0642,-0.01413,-0.00653,-0.00068,-5.00,0.00,0.00,0.4,125.69,633.27,302.16,DESCEND
0.1516,-0.3057,0.2375,-0.2342,-0.03013,-0.00553,0.00331,-5.00,0.00,0.00,0.4,125.69,633.27,302.12,DESCEND
0.1617,0.0642,-0.0424,-0.1542,-0.00913,0.00946,0.00431,-5.00,0.00,0.00,0.5,125.69,633.27,302.06,DESCEND
0.1718,0.2342,0.1075,-0.2942,-0.01313,-0.00553,0.00731,-5.00,0.00,0.00,0.5,125.69,633.27,302.02,DESCEND
0.1819,0.1542,0.3375,-0.3942,0.00786,-0.00253,0.00631,-5.00,0.00,0.00,0.6,125.69,633.28,301.96,DESCEND
0.1921,-0.1557,0.6275,-0.3642,-0.02613,-0.01453,0.00431,-5.00,0.00,0.00,0.6,125.69,633.28,301.90,DESCEND
0.2022,0.0642,0.3575,-0.3742,-0.00313,-0.01953,0.00431,-5.00,0.00,0.00,0.7,125.69,633.28,301.86,DESCEND
0.2123,-0.0757,0.0275,-0.1542,-0.01013,-0.01953,0.00231,-5.00,0.00,0.00,0.7,125.69,633.28,301.80,DESCEND
0.2224,-0.0957,0.3875,-0.3742,-0.02413,-0.01953,0.00531,-5.00,0.00,0.00,0.8,125.69,633.28,301.76,DESCEND
0.2325,-0.1757,-0.0224,-0.1242,-0.01913,-0.01653,-0.00168,-5.00,0.00,0.00,0.8,125.69,633.28,301.70,DESCEND
0.2426,-0.0757,0.1175,-0.2142,-0.01113,-0.01553,0.00431,-5.00,0.00,0.00,0.9,125.69,633.29,301.66,DESCEND
0.2527,-0.0257,0.0775,0.0157,-0.00113,0.00246,-0.00468,-5.00,0.00,0.00,0.9,125.69,633.29,301.60,DESCEND
0.2628,0.0242,0.2975,-0.2842,-0.02113,-0.01053,0.00431,-5.00,0.00,0.00,1.0,125.69,633.29,301.56,DESCEND
0.2729,0.1042,0.2175,-0.2742,-0.00713,-0.00153,0.00331,-5.00,0.00,0.00,1.0,125.69,633.29,301.50,DESCEND
0.2830,0.2142,-0.2224,0.1657,0.00286,0.00046,-0.00468,-5.00,0.00,0.00,1.1,125.69,633.29,301.46,DESCEND
0.2930,0.1642,0.0675,-0.2742,-0.00413,-0.00453,0.00131,-5.00,0.00,0.00,1.1,125.69,633.30,301.40,DESCEND
0.3031,-0.0757,0.2175,-0.1742,-0.00913,0.00046,0.00431,-5.00,0.00,0.00,1.2,125.69,633.30,301.36,DESCEND
0.3133,0.0342,0.3175,-0.2242,-0.01113,-0.01353,0.00531,-5.00,0.00,0.00,1.2,125.69,633.30,301.30,DESCEND
0.3234,-0.1257,0.0675,-0.1142,-0.02013,-0.01853,0.00431,-5.00,0.00,0.00,1.3,125.69,633.30,301.26,DESCEND
0.3334,-0.1557,-0.1424,0.3057,-0.01113,-0.00453,0.00031,-5.00,0.00,0.00,1.3,125.69,633.30,301.20,DESCEND
0.3435,0.0342,0.1375,-0.1242,-0.00513,-0.00853,0.00331,-5.00,0.00,0.00,1.4,125.69,633.30,301.16,DESCEND
0.3537,0.1442,-0.1324,-0.0542,-0.00013,-0.01053,0.00131,-5.00,0.00,0.00,1.4,125.69,633.31,301.10,DESCEND
0.3637,0.0442,-0.0224,-0.2942,-0.00913,-0.01153,-0.00168,-5.00,0.00,0.00,1.5,125.69,633.31,301.06,DESCEND
0.3738,-0.1457,0.1375,0.1057,-0.02413,-0.01053,0.00131,-5.00,0.00,0.00,1.5,125.69,633.31,301.00,DESCEND
0.3839,0.0742,-0.4624,0.1257,0.00486,-0.00253,-0.00068,-5.00,0.00,0.00,1.6,125.69,633.31,300.96,DESCEND
0.3940,0.1742,0.2475,-0.1342,-0.00513,-0.00453,0.00231,-5.00,0.00,0.00,1.6,125.69,633.31,300.90,DESCEND
0.4041,-0.2457,0.0475,-0.2942,-0.02713,-0.01153,0.00131,-5.00,0.00,0.00,1.7,125.69,633.32,300.84,DESCEND
0.4142,0.0342,0.4575,-0.3242,-0.01313,-0.01853,0.00331,-5.00,0.00,0.00,1.7,125.69,633.32,300.80,DESCEND
0.4244,0.1242,0.1075,-0.3342,-0.01513,-0.02153,0.00231,-5.00,0.00,0.00,1.8,125.69,633.32,300.74,DESCEND
0.4345,0.0842,0.1675,-0.1842,-0.01113,-0.01553,0.00331,-5.00,0.00,0.00,1.8,125.69,633.32,300.70,DESCEND
0.4446,0.1342,0.2975,-0.1942,-0.00713,-0.01353,0.00331,-5.00,0.00,0.00,1.9,125.69,633.32,300.64,DESCEND
0.4547,0.0042,0.4975,-0.2842,-0.01013,-0.01353,0.00431,-5.00,0.00,0.00,1.9,125.69,633.33,300.60,DESCEND
0.4648,-0.2457,0.1675,-0.3442,-0.01613,-0.00453,0.00531,-5.00,0.00,0.00,2.0,125.69,633.33,300.54,DESCEND
0.4748,-0.1057,0.0875,0.1757,-0.00113,0.00146,0.00231,-5.00,0.00,0.00,2.0,125.69,633.33,300.50,DESCEND
0.4850,0.0242,0.2475,-0.1742,0.00486,-0.00553,0.00031,-5.00,0.00,0.00,2.1,125.69,633.33,300.44,DESCEND
0.4951,0.0542,0.6275,-0.7742,-0.00313,-0.02453,0.01031,-5.00,0.00,0.00,2.1,125.69,633.33,300.40,DESCEND
0.5052,0.0142,0.2175,-0.2342,-0.00113,-0.00753,0.00531,-5.00,0.00,0.00,2.2,125.69,633.33,300.34,DESCEND
0.5153,0.0042,0.1975,0.0957,-0.00213,0.00246,0.00231,-5.00,0.00,0.00,2.2,125.69,633.34,300.30,DESCEND
0.5254,0.2342,0.0275,-0.2542,0.01886,-0.00153,0.00131,-5.00,0.00,0.00,2.3,125.69,633.34,300.24,DESCEND
0.5355,0.1142,0.2175,-0.3642,-0.02113,-0.01353,-0.00068,-5.00,0.00,0.00,2.3,125.69,633.34,300.20,DESCEND
0.5456,0.1142,-0.0524,0.2857,-0.01613,-0.00853,0.00231,-5.00,0.00,0.00,2.4,125.69,633.34,300.14,DESCEND
0.5557,0.0342,0.1875,0.0857,-0.00113,0.01246,0.00131,-5.00,0.00,0.00,2.4,125.69,633.34,300.10,DESCEND
0.5658,-0.0057,0.2075,0.0657,0.00786,-0.00753,0.00331,-5.00,0.00,0.00,2.5,125.70,633.35,300.04,DESCEND
0.5760,-0.1257,0.2375,-0.0942,-0.02213,-0.01853,0.00531,-5.00,0.00,0.00,2.5,125.70,633.35,299.98,DESCEND
0.5861,0.0342,0.1875,0.1257,0.00086,0.00146,0.00131,-5.00,0.00,0.00,2.6,125.70,633.35,299.94,DESCEND
0.5962,-0.1957,0.0875,-0.1542,-0.03313,-0.01353,-0.00068,-5.00,0.00,0.00,2.6,125.70,633.35,299.88,DESCEND
0.6063,-0.0757,0.2875,-0.1042,-0.01613,-0.01453,0.00631,-5.00,0.00,0.00,2.7,125.70,633.35,299.84,DESCEND
0.6164,0.0342,0.2375,-0.2542,-0.00813,-0.01953,0.00231,-5.00,0.00,0.00,2.7,125.70,633.36,299.78,DESCEND
0.6265,-0.0457,-0.1524,0.0357,0.00986,0.00646,0.00131,-5.00,0.00,0.00,2.8,125.70,633.36,299.74,DESCEND
0.6366,0.0142,0.1375,-0.3742,0.00786,-0.00753,0.00631,-5.00,0.00,0.00,2.8,125.70,633.36,299.68,DESCEND
0.6467,-0.0257,-0.0624,-0.2542,-0.00613,-0.00453,0.00231,-5.00,0.00,0.00,2.9,125.70,633.36,299.64,DESCEND
0.6568,0.1342,0.3175,-0.1842,-0.01113,-0.00953,0.00331,-5.00,0.00,0.00,2.9,125.70,633.36,299.58,DESCEND
0.6669,0.0742,0.0975,0.0857,-0.01413,-0.00353,0.00631,-5.00,0.00,0.00,3.0,125.70,633.36,299.54,DESCEND
0.6770,0.0542,0.1775,-0.3642,-0.00413,-0.00753,-0.00068,-5.00,0.00,0.00,3.0,125.70,633.37,299.48,DESCEND
0.6872,-0.0357,0.1275,0.1657,-0.01713,0.00046,0.00231,-5.00,0.00,0.00,3.1,125.70,633.37,299.44,DESCEND
0.6973,0.0342,0.1875,0.1057,-0.02613,-0.01153,0.00231,-5.00,0.00,0.00,3.1,125.70,633.37,299.38,DESCEND
0.7074,-0.0157,0.0175,-0.1842,-0.01413,-0.00853,0.00331,-5.00,0.00,0.00,3.2,125.70,633.37,299.34,DESCEND
0.7175,0.0542,-0.0724,0.1357,0.01086,0.00546,0.00131,-5.00,0.00,0.00,3.2,125.70,633.37,299.28,DESCEND
0.7276,-0.1657,-0.0524,0.0657,-0.00913,-0.00553,0.00131,-5.00,0.00,0.00,3.3,125.70,633.38,299.24,DESCEND
0.7377,-0.0257,0.2575,-0.5042,-0.01713,-0.02453,0.00931,-5.00,0.00,0.00,3.3,125.70,633.38,299.18,DESCEND
0.7478,-0.2557,0.1875,-0.1142,-0.02213,-0.01153,0.00131,-5.00,0.00,0.00,3.4,125.70,633.38,299.14,DESCEND
0.7579,-0.0457,0.2075,-0.0442,-0.00713,-0.00953,0.00131,-5.00,0.00,0.00,3.4,125.70,633.38,299.08,DESCEND
0.7680,-0.1057,0.0175,0.1657,-0.01913,-0.00353,0.00331,-5.00,0.00,0.00,3.5,125.70,633.38,299.02,DESCEND
0.7781,0.1542,0.2475,-0.4342,-0.00513,-0.01853,0.00431,-5.00,0.00,0.00,3.5,125.70,633.39,298.98,DESCEND
0.7882,-0.0457,0.2975,-0.0842,0.00086,-0.00953,0.00431,-5.00,0.00,0.00,3.6,125.70,633.39,298.92,DESCEND
0.7983,0.1542,0.2375,-0.0342,0.00786,-0.00553,0.00131,-5.00,0.00,0.00,3.6,125.70,633.39,298.88,DESCEND
0.8084,0.0442,-0.0124,0.1357,-0.00813,-0.01253,0.00231,-5.00,0.00,0.00,3.7,125.70,633.39,298.82,DESCEND
0.8185,-0.1857,0.4175,-0.1942,-0.02213,-0.00753,0.00631,-5.00,0.00,0.00,3.7,125.70,633.39,298.78,DESCEND
0.8286,-0.1557,0.4275,-0.5142,-0.01113,-0.00653,0.00831,-5.00,0.00,0.00,3.8,125.70,633.39,298.72,DESCEND
0.8387,0.0642,0.3875,-0.5042,-0.00013,-0.00553,0.00331,-5.00,0.00,0.00,3.8,125.70,633.40,298.68,DESCEND
0.8488,0.1842,0.2775,-0.2242,0.00586,-0.00853,0.00431,-5.00,0.00,0.00,3.9,125.70,633.40,298.62,DESCEND
0.8589,-0.0157,0.1575,-0.1042,0.00586,-0.00353,0.00131,-5.00,0.00,0.00,3.9,125.70,633.40,298.58,DESCEND
0.8690,-0.0857,0.0875,0.0157,-0.00413,-0.00353,0.00031,-5.00,0.00,0.00,4.0,125.70,633.40,298.52,DESCEND
0.8791,0.0442,0.0875,-0.1642,0.01386,-0.00753,0.00031,-5.00,0.00,0.00,4.0,125.70,633.40,298.48,DESCEND
0.8892,-0.1157,0.5675,-0.4142,-0.00113,-0.00453,0.00431,-5.00,0.00,0.00,4.1,125.70,633.41,298.42,DESCEND
0.8993,-0.0857,0.3375,-0.1742,-0.01713,-0.02353,0.00731,-5.00,0.00,0.00,4.1,125.70,633.41,298.38,DESCEND
0.9094,0.0042,0.1175,-0.3142,-0.02013,-0.02053,0.00431,-5.00,0.00,0.00,4.2,125.70,633.41,298.32,DESCEND
0.9195,-0.0357,0.1275,-0.0742,-0.01013,-0.00753,0.00031,-5.00,0.00,0.00,4.2,125.70,633.41,298.28,DESCEND
0.9296,0.0442,0.0675,0.1957,0.00486,0.00246,0.00331,-5.00,0.00,0.00,4.3,125.70,633.41,298.22,DESCEND
0.9397,-0.0057,0.3875,-0.3642,-0.00413,-0.01053,0.00531,-5.00,0.00,0.00,4.3,125.70,633.41,298.18,DESCEND
0.9498,0.1042,0.0275,0.0057,-0.00513,-0.00753,0.00331,-5.00,0.00,0.00,4.4,125.70,633.42,298.12,DESCEND
0.9599,0.0842,0.4175,-0.4442,0.00086,-0.01353,0.01131,-5.00,0.00,0.00,4.4,125.70,633.42,298.08,DESCEND
0.9700,-0.1857,0.2275,-0.2442,-0.03713,-0.02353,0.00531,-5.00,0.00,0.00,4.5,125.70,633.42,298.02,DESCEND
0.9800,0.0642,0.0175,0.0657,-0.01013,-0.01053,0.00231,-5.00,0.00,0.00,4.6,125.70,633.42,297.96,DESCEND
0.9902,0.0642,0.1075,0.0357,-0.00513,-0.00953,0.00631,-5.00,0.00,0.00,4.6,125.70,633.42,297.92,DESCEND
1.0003,-0.0757,0.0275,0.1357,-0.00813,0.00046,0.00131,-5.00,0.00,0.00,4.7,125.70,633.43,297.86,DESCEND
1.0104,0.0142,0.2975,-0.3742,0.00786,-0.00153,0.00431,-5.00,0.00,0.00,4.7,125.70,633.43,297.82,DESCEND
1.0205,0.1942,-0.1724,-0.0842,0.02186,-0.00353,0.00031,-5.00,0.00,0.00,4.8,125.70,633.43,297.76,DESCEND
1.0306,-0.0857,0.2175,-0.2142,-0.01113,-0.00853,0.00331,-5.00,0.00,0.00,4.8,125.70,633.43,297.72,DESCEND
1.0407,0.0142,-0.1224,0.2257,-0.01513,-0.01253,-0.00068,-5.00,0.00,0.00,4.9,125.70,633.43,297.66,DESCEND
1.0508,-0.0857,0.1275,-0.2542,-0.00713,-0.00653,0.00231,-5.00,0.00,0.00,4.9,125.70,633.44,297.62,DESCEND
1.0609,-0.0457,0.1075,-0.2842,0.00386,-0.00953,0.00431,-5.00,0.00,0.00,5.0,125.70,633.44,297.56,DESCEND
1.0710,0.1842,0.0575,0.0457,-0.00513,-0.01253,0.00331,-5.00,0.00,0.00,5.0,125.70,633.44,297.52,DESCEND
1.0811,-0.1857,0.0775,-0.0742,-0.01413,-0.01553,0.00431,-5.00,0.00,0.00,5.1,125.70,633.44,297.46,DESCEND
1.0912,0.0142,0.4875,-0.2842,-0.02213,-0.01553,0.00231,-5.00,0.00,0.00,5.1,125.70,633.44,297.42,DESCEND
1.1013,-0.0057,0.3475,-0.2042,-0.00913,-0.00553,0.00631,-5.00,0.00,0.00,5.2,125.70,633.45,297.36,DESCEND
1.1114,-0.0357,0.2275,-0.2242,-0.01113,-0.01853,0.01031,-5.00,0.00,0.00,5.2,125.70,633.45,297.32,DESCEND
1.1215,0.1442,-0.0024,-0.0942,-0.01313,-0.01653,0.00331,-5.00,0.00,0.00,5.3,125.70,633.45,297.26,DESCEND
1.1316,0.0242,-0.0424,0.0757,-0.01913,-0.00853,0.00231,-5.00,0.00,0.00,5.3,125.70,633.45,297.22,DESCEND
1.1417,0.0942,0.1575,-0.2942,0.00286,-0.01253,0.00731,-5.00,0.00,0.00,5.4,125.70,633.45,297.16,DESCEND
1.1518,0.0142,0.2375,-0.2142,-0.00513,-0.01453,0.00131,-5.00,0.00,0.00,5.4,125.70,633.45,297.12,DESCEND
1.1619,0.0442,0.1975,-0.1442,-0.01813,-0.01953,0.00431,-5.00,0.00,0.00,5.5,125.71,633.46,297.06,DESCEND
1.1720,-0.1557,0.4375,-0.3442,-0.02113,-0.01653,0.00731,-5.00,0.00,0.00,5.5,125.71,633.46,297.00,DESCEND
1.1821,-0.1257,0.2975,-0.2742,-0.01813,-0.01053,0.00731,-5.00,0.00,0.00,5.6,125.71,633.46,296.96,DESCEND
1.1922,-0.1857,0.2375,-0.2142,-0.01313,-0.01053,0.00331,-5.00,0.00,0.00,5.6,125.71,633.46,296.90,DESCEND
1.2023,0.2742,-0.1124,-0.2042,-0.00913,-0.02153,0.00531,-5.00,0.00,0.00,5.7,125.71,633.46,296.86,DESCEND
1.2124,0.0842,0.1475,-0.5442,0.00086,-0.01053,0.00731,-5.00,0.00,0.00,5.7,125.71,633.47,296.80,DESCEND
1.2225,0.0042,0.1475,-0.1242,-0.01113,-0.01553,0.00231,-5.00,0.00,0.00,5.8,125.71,633.47,296.76,DESCEND
1.2326,-0.0657,0.1075,-0.0442,-0.01713,-0.00953,0.00331,-5.00,0.00,0.00,5.8,125.71,633.47,296.70,DESCEND
1.2427,-0.1657,0.1875,-0.0142,-0.00513,0.00346,0.00831,-5.00,0.00,0.00,5.9,125.71,633.47,296.66,DESCEND
1.2528,0.0342,0.0875,-0.2242,-0.00813,-0.00453,0.00331,-5.00,0.00,0.00,5.9,125.71,633.47,296.60,DESCEND
1.2629,0.1642,0.2975,-0.3142,0.00686,-0.00953,0.00531,-5.00,0.00,0.00,6.0,125.71,633.47,296.56,DESCEND
1.2729,0.0942,0.2775,-0.2342,-0.00313,-0.01253,0.00631,-5.00,0.00,0.00,6.0,125.71,633.48,296.50,DESCEND
1.2830,0.0642,0.3475,-0.0742,0.00986,-0.00353,0.00531,-5.00,0.00,0.00,6.1,125.71,633.48,296.46,DESCEND
1.2931,0.0442,0.2475,-0.1542,0.00586,-0.00753,0.00631,-5.00,0.00,0.00,6.1,125.71,633.48,296.40,DESCEND
1.3032,0.1242,0.2075,-0.2242,-0.00713,-0.01653,0.00231,-5.00,0.00,0.00,6.2,125.71,633.48,296.36,DESCEND
1.3133,0.1342,0.0975,-0.1142,0.00686,-0.00853,0.00531,-5.00,0.00,0.00,6.2,125.71,633.48,296.30,DESCEND
1.3234,-0.0657,-0.0724,-0.0442,-0.01213,-0.00953,0.00831,-5.00,0.00,0.00,6.3,125.71,633.49,296.26,DESCEND
1.3335,0.1242,-0.0724,0.3457,-0.00113,-0.00853,0.00031,-5.00,0.00,0.00,6.3,125.71,633.49,296.20,DESCEND
1.3436,0.0542,0.3775,0.0357,0.00386,0.00046,0.00331,-5.00,0.00,0.00,6.4,125.71,633.49,296.16,DESCEND
1.3537,0.1442,0.1575,-0.1342,-0.00613,-0.01453,0.00831,-5.00,0.00,0.00,6.4,125.71,633.49,296.10,DESCEND
1.3638,-0.0257,0.2075,-0.2742,-0.01113,-0.01253,0.00631,-5.00,0.00,0.00,6.5,125.71,633.49,296.06,DESCEND
1.3739,0.1742,0.3375,-0.0642,-0.00713,-0.01853,0.00631,-5.00,0.00,0.00,6.5,125.71,633.50,296.00,DESCEND
1.3840,0.0442,-0.1924,-0.1042,-0.00913,-0.00653,0.00331,-5.00,0.00,0.00,6.6,125.71,633.50,295.94,DESCEND
1.3941,0.0542,0.1375,-0.0642,0.00386,-0.00153,0.00131,-5.00,0.00,0.00,6.6,125.71,633.50,295.90,DESCEND
1.4041,-0.1457,0.0375,0.0257,-0.00413,0.00146,0.00531,-5.00,0.00,0.00,6.7,125.71,633.50,295.84,DESCEND
1.4142,-0.1357,0.5075,-0.1942,-0.02513,-0.01353,0.00731,-5.00,0.00,0.00,6.7,125.71,633.50,295.80,DESCEND
1.4243,0.1942,-0.1424,-0.0642,0.00486,-0.01153,0.00131,-5.00,0.00,0.00,6.8,125.71,633.51,295.74,DESCEND
1.4344,0.0942,0.2575,-0.0642,-0.00213,-0.00953,0.00631,-5.00,0.00,0.00,6.8,125.71,633.51,295.70,DESCEND
1.4445,0.0742,0.2175,-0.1842,-0.01813,-0.01753,0.00531,-5.00,0.00,0.00,6.9,125.71,633.51,295.64,DESCEND
1.4546,0.1742,0.1475,-0.1542,-0.00513,-0.01553,0.00331,-5.00,0.00,0.00,6.9,125.71,633.51,295.60,DESCEND
1.4647,0.0442,0.1975,-0.2942,-0.01713,-0.03153,0.00331,-5.00,0.00,0.00,7.0,125.71,633.51,295.54,DESCEND
1.4748,0.2242,0.1575,-0.1742,0.01886,-0.00553,0.00731,-5.00,0.00,0.00,7.0,125.71,633.51,295.50,DESCEND
1.4849,-0.0557,-0.1624,-0.0342,-0.00913,-0.00653,0.00831,-5.00,0.00,0.00,7.1,125.71,633.52,295.44,DESCEND
1.4950,0.0742,0.4275,-0.1142,-0.00113,-0.01453,0.00931,-5.00,0.00,0.00,7.1,125.71,633.52,295.40,DESCEND
1.5051,0.2142,-0.1724,-0.0742,0.00486,-0.00353,0.00231,-5.00,0.00,0.00,7.2,125.71,633.52,295.34,DESCEND
1.5152,-0.0057,0.3775,-0.6942,-0.00513,-0.01653,0.00831,-5.00,0.00,0.00,7.2,125.71,633.52,295.30,DESCEND
1.5253,0.1142,0.2775,0.1957,-0.00913,-0.01053,0.00431,-5.00,0.00,0.00,7.3,125.71,633.52,295.24,DESCEND
1.5354,0.1142,-0.1624,0.0257,-0.00413,-0.01353,0.00531,-5.00,0.00,0.00,7.3,125.71,633.53,295.20,DESCEND
1.5455,0.0142,0.4675,-0.3142,0.00086,-0.00653,0.00831,-5.00,0.00,0.00,7.4,125.71,633.53,295.14,DESCEND
1.5556,0.1542,-0.0824,0.1557,0.00286,-0.00253,0.00431,-5.00,0.00,0.00,7.4,125.71,633.53,295.10,DESCEND
1.5657,0.1742,-0.1224,-0.0542,-0.01113,-0.01253,0.00131,-5.00,0.00,0.00,7.5,125.71,633.53,295.04,DESCEND
1.5758,-0.1357,0.0175,0.1057,-0.00113,0.00646,0.00331,-5.00,0.00,0.00,7.5,125.71,633.53,295.00,DESCEND
1.5859,-0.1057,0.1275,-0.2542,-0.02113,-0.02453,0.00431,-5.00,0.00,0.00,7.6,125.71,633.53,294.94,DESCEND
1.5960,-0.0157,0.3975,-0.2642,-0.00613,-0.01753,0.00631,-5.00,0.00,0.00,7.6,125.71,633.54,294.88,DESCEND
1.6061,0.0542,0.4275,-0.4342,-0.01513,-0.01753,0.00731,-5.00,0.00,0.00,7.7,125.71,633.54,294.84,DESCEND
1.6162,-0.0657,0.0675,0.0757,-0.00213,0.00046,0.00631,-5.00,0.00,0.00,7.7,125.71,633.54,294.78,DESCEND
1.6263,-0.1157,0.4375,-0.1742,-0.03513,-0.02653,0.00731,-5.00,0.00,0.00,7.8,125.71,633.54,294.74,DESCEND
1.6364,0.1242,0.4175,-0.1542,-0.01013,-0.01253,0.00931,-5.00,0.00,0.00,7.8,125.71,633.54,294.68,DESCEND
1.6465,-0.0457,0.3475,-0.2842,-0.01213,-0.00853,0.00631,-5.00,0.00,0.00,7.9,125.71,633.55,294.64,DESCEND
1.6566,0.0942,-0.2024,0.0957,0.01186,-0.00353,0.00231,-5.00,0.00,0.00,7.9,125.71,633.55,294.58,DESCEND
1.6667,-0.0057,-0.0124,0.0057,-0.00413,-0.00453,0.00331,-5.00,0.00,0.00,8.0,125.71,633.55,294.54,DESCEND
1.6768,-0.0957,0.3275,-0.3442,-0.03113,-0.02853,0.00031,-5.00,0.00,0.00,8.0,125.71,633.55,294.48,DESCEND
1.6869,-0.0857,0.4075,-0.1242,-0.00013,-0.00353,0.00831,-5.00,0.00,0.00,8.1,125.71,633.55,294.44,DESCEND
1.6970,-0.0857,0.5975,-0.5742,-0.01113,-0.01753,0.00731,-5.00,0.00,0.00,8.1,125.71,633.56,294.38,DESCEND
1.7071,0.2242,0.2675,-0.1042,0.00986,-0.00853,0.00531,-5.00,0.00,0.00,8.2,125.71,633.56,294.34,DESCEND
1.7172,-0.0757,-0.1424,0.1957,-0.01813,-0.00853,0.00231,-5.00,0.00,0.00,8.2,125.71,633.56,294.28,DESCEND
1.7273,0.0242,0.0075,-0.1542,-0.00513,-0.00053,0.00031,-5.00,0.00,0.00,8.3,125.71,633.56,294.24,DESCEND
1.7374,0.0842,0.2475,-0.2142,0.01986,0.00446,0.00431,-5.00,0.00,0.00,8.3,125.71,633.56,294.18,DESCEND
1.7475,-0.1057,0.3675,-0.0042,-0.00613,-0.00353,0.00931,-5.00,0.00,0.00,8.4,125.71,633.56,294.14,DESCEND
1.7576,-0.0557,0.2075,-0.1442,-0.01313,-0.01253,0.00831,-5.00,0.00,0.00,8.4,125.71,633.57,294.08,DESCEND
1.7677,0.2442,0.0775,-0.1642,-0.00913,-0.02053,0.00831,-5.00,0.00,0.00,8.5,125.71,633.57,294.04,DESCEND
1.7778,0.2242,0.2875,-0.4142,0.01686,0.00246,0.00531,-5.00,0.00,0.00,8.5,125.72,633.57,293.98,DESCEND
1.7879,0.0742,0.1575,0.0557,0.00786,-0.00553,0.00831,-5.00,0.00,0.00,8.6,125.72,633.57,293.92,DESCEND
1.7980,-0.0057,0.1775,-0.1842,-0.01213,-0.01053,0.00931,-5.00,0.00,0.00,8.6,125.72,633.57,293.88,DESCEND
1.8081,0.1042,0.1675,0.0757,0.00986,-0.00153,0.00631,-5.00,0.00,0.00,8.7,125.72,633.58,293.82,DESCEND
1.8182,0.0742,0.2875,-0.5942,-0.00113,-0.01353,0.00631,-5.00,0.00,0.00,8.7,125.72,633.58,293.78,DESCEND
1.8283,-0.1657,0.2675,-0.2242,-0.01713,-0.01353,0.00931,-5.00,0.00,0.00,8.8,125.72,633.58,293.72,DESCEND
1.8384,0.0842,0.1375,-0.2142,-0.00813,-0.02153,0.00431,-5.00,0.00,0.00,8.8,125.72,633.58,293.68,DESCEND
1.8485,0.1142,0.0475,-0.2342,-0.01213,-0.01953,0.00531,-5.00,0.00,0.00,8.9,125.72,633.58,293.62,DESCEND
1.8586,0.0542,0.2375,-0.2142,-0.00913,-0.01353,0.00631,-5.00,0.00,0.00,8.9,125.72,633.59,293.58,DESCEND
1.8687,0.2142,0.4775,-0.5942,-0.00513,-0.02153,0.01031,-5.00,0.00,0.00,9.0,125.72,633.59,293.52,DESCEND
1.8787,0.0742,0.2875,-0.3142,-0.00313,-0.00953,0.00531,-5.00,0.00,0.00,9.0,125.72,633.59,293.48,DESCEND
1.8888,0.0742,0.0375,-0.0442,-0.00513,-0.01653,0.00531,-5.00,0.00,0.00,9.1,125.72,633.59,293.43,DESCEND
1.8989,0.1342,0.2275,-0.2542,-0.00113,-0.01353,0.00531,-5.00,0.00,0.00,9.1,125.72,633.59,293.39,DESCEND
1.9090,0.0742,0.2875,-0.3242,-0.00713,-0.02553,0.01031,-5.00,0.00,0.00,9.2,125.72,633.59,293.33,DESCEND
1.9191,-0.0357,0.2675,-0.3242,-0.03613,-0.02753,0.00831,-5.00,0.00,0.00,9.2,125.72,633.60,293.29,DESCEND
1.9292,0.0342,-0.0024,-0.0242,-0.00213,-0.00153,0.00131,-5.00,0.00,0.00,9.3,125.72,633.60,293.23,DESCEND
1.9393,-0.1457,0.0775,-0.1442,-0.02013,-0.01953,0.00531,-5.00,0.00,0.00,9.3,125.72,633.60,293.19,DESCEND
1.9494,0.2042,0.0875,-0.0742,-0.01513,-0.02153,0.00531,-5.00,0.00,0.00,9.4,125.72,633.60,293.13,DESCEND
1.9595,0.0042,0.2575,-0.2542,0.00086,-0.01153,0.00531,-5.00,0.00,0.00,9.4,125.72,633.60,293.09,DESCEND
1.9696,0.1442,0.0975,-0.0042,-0.00013,0.00146,0.00431,-5.00,0.00,0.00,9.5,125.72,633.61,293.03,DESCEND
1.9797,0.3442,0.3375,-0.3942,0.00486,-0.01553,0.00531,-5.00,0.00,0.00,9.5,125.72,633.61,292.99,DESCEND
1.9898,0.2142,0.4875,-0.0942,-0.00013,-0.01653,0.01231,-5.00,0.00,0.00,9.6,125.72,633.61,292.93,DESCEND
1.9999,0.0842,0.0375,-0.2142,-0.00413,-0.00953,0.00131,-5.00,0.00,0.00,9.7,125.72,633.61,292.87,DESCEND
2.0100,-0.2057,0.4375,-0.1442,-0.02413,-0.01153,0.00831,-5.00,0.00,0.00,9.7,125.72,633.61,292.83,DESCEND
2.0201,0.0342,0.0875,-0.0742,-0.00113,-0.01053,0.00631,-5.00,0.00,0.00,9.8,125.72,633.62,292.77,DESCEND
2.0302,-0.0157,0.1075,-0.3342,-0.02113,-0.02153,0.00631,-5.00,0.00,0.00,9.8,125.72,633.62,292.73,DESCEND
2.0403,0.0042,0.2875,-0.0642,-0.00413,-0.00853,0.00431,-5.00,0.00,0.00,9.9,125.72,633.62,292.67,DESCEND
2.0504,-0.0357,0.1375,-0.2142,-0.01213,-0.01253,0.00431,-5.00,0.00,0.00,9.9,125.72,633.62,292.63,DESCEND
2.0605,0.0742,0.4675,-0.1942,-0.01213,-0.01653,0.00631,-5.00,0.00,0.00,10.0,125.72,633.62,292.57,DESCEND
2.0706,0.1342,0.2675,-0.3042,-0.00813,-0.01753,0.00831,-5.00,0.00,0.00,10.0,125.72,633.62,292.53,DESCEND
2.0807,-0.1657,0.4975,-0.3442,-0.02713,-0.00653,0.01031,-5.00,0.00,0.00,10.1,125.72,633.63,292.47,DESCEND
2.0908,-0.0557,0.2575,-0.0742,-0.00613,-0.00853,0.00631,-5.00,0.00,0.00,10.1,125.72,633.63,292.43,DESCEND
2.1009,0.0242,0.3175,-0.0942,-0.01613,-0.01253,0.00631,-5.00,0.00,0.00,10.2,125.72,633.63,292.37,DESCEND
2.1110,0.0442,0.3075,0.1357,0.00186,-0.00653,0.01031,-5.00,0.00,0.00,10.2,125.72,633.63,292.33,DESCEND
2.1211,0.1742,0.5975,-0.5942,0.00086,-0.01853,0.00731,-5.00,0.00,0.00,10.3,125.72,633.63,292.27,DESCEND
2.1312,0.2242,0.1675,-0.2342,0.01286,-0.01653,0.00831,-5.00,0.00,0.00,10.3,125.72,633.64,292.23,DESCEND
2.1413,0.0142,0.3075,0.0957,-0.01413,-0.00353,0.00331,-5.00,0.00,0.00,10.4,125.72,633.64,292.17,DESCEND
2.1514,0.0542,0.3475,-0.1942,-0.00813,-0.01753,0.00831,-5.00,0.00,0.00,10.4,125.72,633.64,292.13,DESCEND
2.1615,0.0442,0.0675,-0.0442,0.00086,-0.00253,0.00431,-5.00,0.00,0.00,10.5,125.72,633.64,292.07,DESCEND
2.1716,-0.0657,0.0875,0.3257,-0.01013,-0.00953,0.00631,-5.00,0.00,0.00,10.5,125.72,633.64,292.03,DESCEND
2.1817,0.1942,0.2475,-0.1642,-0.00513,-0.01753,0.00531,-5.00,0.00,0.00,10.6,125.72,633.65,291.97,DESCEND
2.1918,0.1042,0.0075,-0.3242,-0.00013,-0.01453,0.00531,-5.00,0.00,0.00,10.6,125.72,633.65,291.93,DESCEND
2.2019,0.0942,0.1875,-0.2342,0.00186,-0.01853,0.00831,-5.00,0.00,0.00,10.7,125.72,633.65,291.87,DESCEND
2.2120,-0.1257,0.3375,-0.1242,-0.02213,-0.01753,0.00731,-5.00,0.00,0.00,10.7,125.72,633.65,291.81,DESCEND
2.2221,0.2542,-0.1024,0.2257,-0.00113,-0.00753,0.00431,-5.00,0.00,0.00,10.8,125.72,633.65,291.77,DESCEND
2.2322,0.0442,0.2875,-0.3642,-0.00713,-0.01053,0.00831,-5.00,0.00,0.00,10.8,125.72,633.65,291.71,DESCEND
2.2423,0.1442,0.2175,-0.1942,-0.01013,-0.01753,0.00331,-5.00,0.00,0.00,10.9,125.72,633.66,291.67,DESCEND
2.2524,0.0942,0.1575,-0.0842,0.00386,-0.00053,0.00531,-5.00,0.00,0.00,10.9,125.72,633.66,291.61,DESCEND
2.2625,0.0642,0.1475,-0.0842,-0.01413,-0.01053,0.00531,-5.00,0.00,0.00,11.0,125.72,633.66,291.57,DESCEND
2.2726,0.0442,0.0875,-0.1742,-0.01013,-0.01053,0.00631,-5.00,0.00,0.00,11.0,125.72,633.66,291.51,DESCEND
2.2827,0.0042,0.2975,-0.0742,-0.01813,-0.02053,0.00631,-5.00,0.00,0.00,11.1,125.72,633.66,291.47,DESCEND
2.2928,0.1242,0.3275,-0.2442,0.00686,-0.00753,0.00531,-5.00,0.00,0.00,11.1,125.72,633.67,291.41,DESCEND
2.3029,-0.0757,0.0675,-0.1542,0.00186,-0.00753,0.00731,-5.00,0.00,0.00,11.2,125.72,633.67,291.37,DESCEND
2.3130,0.0542,0.4675,-0.3342,-0.00513,-0.01253,0.00931,-5.00,0.00,0.00,11.2,125.72,633.67,291.31,DESCEND
2.3231,0.0142,0.2175,-0.0342,0.01386,-0.00653,0.00531,-5.00,0.00,0.00,11.3,125.72,633.67,291.27,DESCEND
2.3332,0.2342,-0.0924,-0.0742,0.01186,-0.01253,0.00631,-5.00,0.00,0.00,11.3,125.72,633.67,291.21,DESCEND
2.3433,0.1542,0.2575,-0.2142,-0.00113,-0.01253,0.00431,-5.00,0.00,0.00,11.4,125.72,633.67,291.17,DESCEND
2.3534,-0.0457,-0.3324,0.3257,0.00286,0.00746,0.00031,-5.00,0.00,0.00,11.4,125.72,633.68,291.11,DESCEND
2.3635,0.1142,0.0875,-0.0442,-0.00413,-0.00653,0.00231,-5.00,0.00,0.00,11.5,125.72,633.68,291.07,DESCEND
2.3736,-0.1557,-0.1224,0.1957,-0.00913,0.00346,0.00831,-5.00,0.00,0.00,11.5,125.72,633.68,291.01,DESCEND
2.3837,0.1342,0.3575,-0.2842,-0.02013,-0.01553,0.00731,-5.00,0.00,0.00,11.6,125.72,633.68,290.97,DESCEND
2.3938,0.1242,0.3575,-0.2342,-0.00613,-0.01353,0.00731,-5.00,0.00,0.00,11.6,125.73,633.68,290.91,DESCEND
2.4039,-0.1057,-0.0224,0.0557,-0.02113,-0.01053,0.00531,-5.00,0.00,0.00,11.7,125.73,633.69,290.87,DESCEND
2.4140,0.0442,0.2075,-0.3242,-0.00613,-0.01653,0.00531,-5.00,0.00,0.00,11.7,125.73,633.69,290.81,DESCEND
2.4241,0.0742,0.4275,-0.1442,-0.00413,-0.00953,0.00531,-5.00,0.00,0.00,11.8,125.73,633.69,290.75,DESCEND
2.4342,-0.0857,0.2675,-0.4542,-0.01813,-0.01853,0.00631,-5.00,0.00,0.00,11.8,125.73,633.69,290.71,DESCEND
2.4443,-0.0257,-0.3824,0.3257,0.00086,-0.00253,0.00131,-5.00,0.00,0.00,11.9,125.73,633.69,290.65,DESCEND
2.4544,-0.0557,0.3675,-0.0642,-0.00413,-0.01653,0.01031,-5.00,0.00,0.00,11.9,125.73,633.70,290.61,DESCEND
2.4645,-0.0257,0.3375,-0.1342,-0.00613,-0.00353,0.00531,-5.00,0.00,0.00,12.0,125.73,633.70,290.55,DESCEND
2.4746,0.1442,0.0375,-0.3642,-0.00313,-0.01053,0.00931,-5.00,0.00,0.00,12.0,125.73,633.70,290.51,DESCEND
2.4847,-0.0257,0.3575,-0.0242,-0.01613,-0.01353,0.00931,-5.00,0.00,0.00,12.1,125.73,633.70,290.45,DESCEND
2.4948,-0.1157,0.2875,-0.1842,-0.01413,-0.01753,0.00431,-5.00,0.00,0.00,12.1,125.73,633.70,290.41,DESCEND
2.5048,0.0742,-0.0824,-0.1642,-0.00413,-0.01053,0.00331,-5.00,0.00,0.00,12.2,125.73,633.71,290.35,DESCEND
2.5150,0.1842,0.2775,-0.4842,-0.01513,-0.02453,0.00931,-5.00,0.00,0.00,12.2,125.73,633.71,290.31,DESCEND
2.5251,0.0342,-0.1124,-0.2942,-0.00313,-0.01953,0.00031,-5.00,0.00,0.00,12.3,125.73,633.71,290.25,DESCEND
2.5352,0.1742,0.1975,-0.0742,0.01186,0.00046,0.00431,-5.00,0.00,0.00,12.3,125.73,633.71,290.21,DESCEND
2.5453,0.1442,-0.1124,0.1557,0.00686,-0.00253,0.00731,-5.00,0.00,0.00,12.4,125.73,633.71,290.15,DESCEND
2.5554,0.1742,0.2575,-0.4442,-0.00113,-0.01853,0.00631,-5.00,0.00,0.00,12.4,125.73,633.71,290.11,DESCEND
2.5655,-0.1857,0.7675,-0.5442,-0.01113,-0.01553,0.01131,-5.00,0.00,0.00,12.5,125.73,633.72,290.05,DESCEND
2.5756,0.0642,-0.1024,0.2057,-0.01213,-0.00653,0.00631,-5.00,0.00,0.00,12.5,125.73,633.72,290.01,DESCEND
2.5857,-0.0257,0.0975,-0.0742,-0.00113,-0.00253,0.01031,-5.00,0.00,0.00,12.6,125.73,633.72,289.95,DESCEND
2.5958,-0.0657,0.1675,-0.0542,-0.00213,0.00446,0.00431,-5.00,0.00,0.00,12.6,125.73,633.72,289.91,DESCEND
2.6059,-0.0157,0.1975,-0.0942,-0.00813,-0.01253,0.00731,-5.00,0.00,0.00,12.7,125.73,633.72,289.85,DESCEND
2.6160,-0.1257,0.1675,0.1257,-0.00213,0.00046,0.00931,-5.00,0.00,0.00,12.7,125.73,633.73,289.79,DESCEND
2.6261,-0.0657,0.0675,-0.1642,-0.01913,-0.00853,0.00831,-5.00,0.00,0.00,12.8,125.73,633.73,289.75,DESCEND
2.6362,0.1142,-0.0024,-0.3642,-0.01313,-0.01853,0.00931,-5.00,0.00,0.00,12.8,125.73,633.73,289.69,DESCEND
2.6463,-0.0057,-0.2024,0.0557,-0.01013,-0.01753,0.00731,-5.00,0.00,0.00,12.9,125.73,633.73,289.65,DESCEND
2.6564,0.1142,0.1775,-0.1742,0.00786,-0.00853,0.00631,-5.00,0.00,0.00,12.9,125.73,633.73,289.59,DESCEND
2.6665,0.3042,0.3775,-0.1342,0.00186,-0.01153,0.00731,-5.00,0.00,0.00,13.0,125.73,633.73,289.55,DESCEND
2.6766,-0.0757,0.3975,-0.3042,0.00486,-0.00253,0.00731,-5.00,0.00,0.00,13.0,125.73,633.74,289.49,DESCEND
2.6867,0.1342,0.0675,-0.1542,-0.00713,-0.01953,0.00531,-5.00,0.00,0.00,13.1,125.73,633.74,289.45,DESCEND
2.6968,-0.1057,0.4475,-0.2542,-0.00513,-0.01053,0.00931,-5.00,0.00,0.00,13.1,125.73,633.74,289.39,DESCEND
2.7069,-0.0857,0.3175,-0.4042,-0.01713,-0.00853,0.01131,-5.00,0.00,0.00,13.2,125.73,633.74,289.35,DESCEND
2.7170,0.0542,0.2175,-0.0542,-0.01413,-0.01353,0.00631,-5.00,0.00,0.00,13.2,125.73,633.74,289.29,DESCEND
2.7271,-0.1257,0.6375,-0.6142,-0.02513,-0.02253,0.01131,-5.00,0.00,0.00,13.3,125.73,633.75,289.25,DESCEND
2.7372,0.0642,0.2375,0.0757,0.00086,-0.00753,0.00731,-5.00,0.00,0.00,13.3,125.73,633.75,289.19,DESCEND
2.7473,0.2742,0.4375,-0.1742,-0.01213,-0.01353,0.00931,-5.00,0.00,0.00,13.4,125.73,633.75,289.15,DESCEND
2.7574,0.0442,0.2575,-0.2642,-0.00113,-0.01853,0.00631,-5.00,0.00,0.00,13.4,125.73,633.75,289.09,DESCEND
2.7675,0.2142,0.1775,-0.3042,-0.00513,-0.01553,0.00631,-5.00,0.00,0.00,13.5,125.73,633.75,289.05,DESCEND
2.7776,0.0142,0.2075,-0.1942,-0.00213,-0.01653,0.00931,-5.00,0.00,0.00,13.5,125.73,633.76,288.99,DESCEND
2.7877,0.0242,0.5775,-0.5742,-0.02313,-0.02553,0.01231,-5.00,0.00,0.00,13.6,125.73,633.76,288.95,DESCEND
2.7978,-0.1857,-0.0524,-0.0442,-0.00813,-0.00453,0.00831,-5.00,0.00,0.00,13.6,125.73,633.76,288.89,DESCEND
2.8079,-0.0657,-0.1524,0.3157,0.00286,0.00546,0.00631,-5.00,0.00,0.00,13.7,125.73,633.76,288.85,DESCEND
2.8180,0.0342,0.2975,-0.6042,-0.00713,-0.01653,0.00731,-5.00,0.00,0.00,13.7,125.73,633.76,288.79,DESCEND
2.8281,0.0542,0.0775,-0.1842,0.00986,0.00746,0.00731,-5.00,0.00,0.00,13.8,125.73,633.77,288.73,DESCEND
2.8382,0.0042,0.6975,-0.5542,-0.00613,-0.00953,0.00831,-5.00,0.00,0.00,13.8,125.73,633.77,288.69,DESCEND
2.8483,0.1942,0.2875,-0.1942,0.00386,-0.00853,0.00531,-5.00,0.00,0.00,13.9,125.73,633.77,288.63,DESCEND
2.8584,0.0042,0.0175,-0.2342,-0.00513,-0.00753,0.00631,-5.00,0.00,0.00,13.9,125.73,633.77,288.59,DESCEND
2.8685,0.3142,0.3675,-0.1642,0.00686,-0.01153,0.00731,-5.00,0.00,0.00,14.0,125.73,633.77,288.53,DESCEND
2.8786,0.1042,0.2875,-0.4242,-0.02213,-0.02053,0.00931,-5.00,0.00,0.00,14.0,125.73,633.77,288.49,DESCEND
2.8887,0.0742,0.0975,-0.0242,-0.00713,-0.01053,0.00731,-5.00,0.00,0.00,14.1,125.73,633.78,288.43,DESCEND
2.8987,-0.1957,0.2275,-0.1442,-0.02013,-0.01253,0.00931,-5.00,0.00,0.00,14.1,125.73,633.78,288.39,DESCEND
2.9088,-0.0957,-0.1524,0.1557,0.00286,0.00246,0.00731,-5.00,0.00,0.00,14.2,125.73,633.78,288.33,DESCEND
2.9189,0.0442,0.2275,-0.1342,-0.00413,-0.01353,0.00831,-5.00,0.00,0.00,14.2,125.73,633.78,288.29,DESCEND
2.9290,-0.0457,-0.0124,-0.1342,-0.01513,-0.01553,0.00931,-5.00,0.00,0.00,14.3,125.73,633.78,288.23,DESCEND
2.9391,0.0242,0.2275,-0.1242,0.00086,-0.00753,0.00831,-5.00,0.00,0.00,14.3,125.73,633.79,288.19,DESCEND
2.9492,0.3142,-0.0624,0.2457,0.01986,0.00046,0.00431,-5.00,0.00,0.00,14.4,125.73,633.79,288.13,DESCEND
2.9594,0.0542,0.0975,-0.0742,-0.00413,-0.01253,0.00731,-5.00,0.00,0.00,14.4,125.73,633.79,288.09,DESCEND
2.9694,0.0942,0.1175,0.0157,-0.01113,-0.00953,0.00731,-5.00,0.00,0.00,14.5,125.73,633.79,288.03,DESCEND
2.9796,-0.0757,0.4575,-0.3442,-0.00313,-0.01253,0.00931,-5.00,0.00,0.00,14.5,125.73,633.79,287.99,DESCEND
2.9897,-0.1357,-0.0824,0.2457,-0.02213,-0.00753,0.00731,-5.00,0.00,0.00,14.6,125.73,633.79,287.93,DESCEND
2.9998,0.2142,-0.2124,-0.0342,-0.00313,-0.01753,0.00731,-5.00,0.00,0.00,14.6,125.73,633.80,287.89,DESCEND
3.0099,-0.0157,0.2375,-0.3342,-0.00013,-0.00453,0.01131,-5.00,0.00,0.00,14.7,125.73,633.80,287.83,DESCEND
3.0200,0.2542,0.1775,-0.2542,0.00486,-0.01953,0.00731,-5.00,0.00,0.00,14.8,125.73,633.80,287.77,DESCEND
3.0301,0.0042,0.2475,0.0157,-0.00213,-0.00253,0.01231,-5.00,0.00,0.00,14.8,125.74,633.80,287.73,DESCEND
3.0402,-0.2057,0.3375,-0.4542,-0.01613,-0.01753,0.01031,-5.00,0.00,0.00,14.9,125.74,633.80,287.67,DESCEND
3.0503,0.2542,0.2475,-0.1042,0.01086,-0.01253,0.00731,-5.00,0.00,0.00,14.9,125.74,633.81,287.63,DESCEND
3.0604,-0.0357,0.3575,-0.1642,-0.01013,-0.01053,0.00931,-5.00,0.00,0.00,15.0,125.74,633.81,287.57,DESCEND
3.0705,0.2042,0.2475,-0.2842,-0.00213,-0.02153,0.00531,-5.00,0.00,0.00,15.0,125.74,633.81,287.53,DESCEND
3.0806,-0.0557,0.3175,-0.3442,-0.01213,-0.01253,0.01031,-5.00,0.00,0.00,15.1,125.74,633.81,287.47,DESCEND
3.0907,0.1942,0.1875,-0.2142,0.00186,-0.01353,0.00931,-5.00,0.00,0.00,15.1,125.74,633.81,287.43,DESCEND
3.1008,0.1442,0.1475,-0.1442,-0.02313,-0.02853,0.00831,-5.00,0.00,0.00,15.2,125.74,633.82,287.37,DESCEND
3.1109,0.0042,-0.0224,-0.1742,0.00786,-0.00153,0.00731,-5.00,0.00,0.00,15.2,125.74,633.82,287.33,DESCEND
3.1210,-0.0257,0.4075,-0.0242,-0.00813,-0.00453,0.01131,-5.00,0.00,0.00,15.3,125.74,633.82,287.27,DESCEND
3.1311,0.1342,0.1475,-0.3442,0.01186,-0.01853,0.00831,-5.00,0.00,0.00,15.3,125.74,633.82,287.23,DESCEND
3.1412,0.0642,0.3675,-0.4442,-0.01513,-0.02553,0.00831,-5.00,0.00,0.00,15.4,125.74,633.82,287.17,DESCEND
3.1513,0.2342,0.4875,-0.0642,0.00286,-0.00453,0.00531,-5.00,0.00,0.00,15.4,125.74,633.82,287.13,DESCEND
3.1614,-0.0957,-0.1224,0.2757,-0.01213,-0.00653,0.00631,-5.00,0.00,0.00,15.5,125.74,633.83,287.07,DESCEND
3.1715,-0.2657,0.1875,-0.4142,-0.02413,-0.01053,0.00831,-5.00,0.00,0.00,15.5,125.74,633.83,287.03,DESCEND
3.1816,0.1142,0.0075,-0.1042,0.00886,-0.00053,0.00531,-5.00,0.00,0.00,15.6,125.74,633.83,286.97,DESCEND
3.1917,0.1342,0.5575,-0.3842,-0.00213,-0.01753,0.00931,-5.00,0.00,0.00,15.6,125.74,633.83,286.93,DESCEND
3.2018,-0.0757,0.5175,-0.1042,-0.01013,-0.01353,0.01031,-5.00,0.00,0.00,15.7,125.74,633.83,286.87,DESCEND
3.2119,-0.1357,0.6075,-0.5142,-0.01213,-0.01553,0.01031,-5.00,0.00,0.00,15.7,125.74,633.84,286.81,DESCEND
3.2220,0.1542,-0.1624,0.1357,-0.00713,-0.00653,0.00631,-5.00,0.00,0.00,15.8,125.74,633.84,286.77,DESCEND
3.2321,0.1442,0.2375,0.0157,0.00086,-0.01153,0.00431,-5.00,0.00,0.00,15.8,125.74,633.84,286.71,DESCEND
3.2422,0.1142,0.1475,-0.1042,0.01086,-0.01353,0.00831,-5.00,0.00,0.00,15.9,125.74,633.84,286.67,DESCEND
3.2523,0.0342,-0.0124,0.0857,-0.01913,-0.02153,0.00731,-5.00,0.00,0.00,15.9,125.74,633.84,286.61,DESCEND
3.2624,0.3142,0.0275,-0.0742,-0.00313,-0.01953,0.00831,-5.00,0.00,0.00,16.0,125.74,633.85,286.57,DESCEND
3.2725,0.1742,0.3075,-0.0042,0.00786,-0.00553,0.01131,-5.00,0.00,0.00,16.0,125.74,633.85,286.51,DESCEND
3.2826,0.0642,0.3975,-0.1742,-0.01413,-0.01953,0.01331,-5.00,0.00,0.00,16.1,125.74,633.85,286.47,DESCEND
3.2927,0.0442,0.2775,-0.3342,-0.00513,-0.01553,0.00931,-5.00,0.00,0.00,16.1,125.74,633.85,286.41,DESCEND
3.3028,0.1842,0.3675,-0.3542,-0.00913,-0.00853,0.01031,-5.00,0.00,0.00,16.2,125.74,633.85,286.37,DESCEND
3.3130,0.0942,0.3875,-0.4742,0.00286,-0.01053,0.00931,-5.00,0.00,0.00,16.2,125.74,633.85,286.31,DESCEND
3.3231,-0.1157,0.3475,-0.2942,-0.01913,-0.01953,0.00731,-5.00,0.00,0.00,16.3,125.74,633.86,286.27,DESCEND
3.3332,0.1942,-0.0224,0.0857,-0.00213,-0.00653,0.00531,-5.00,0.00,0.00,16.3,125.74,633.86,286.21,DESCEND
3.3433,0.1342,0.3275,-0.4242,-0.00713,-0.02053,0.01031,-5.00,0.00,0.00,16.4,125.74,633.86,286.17,DESCEND
3.3534,-0.0057,0.2975,-0.3342,-0.01713,-0.01653,0.00831,-5.00,0.00,0.00,16.4,125.74,633.86,286.11,DESCEND
3.3635,0.0842,0.4675,-0.3342,0.00986,-0.00753,0.00831,-5.00,0.00,0.00,16.5,125.74,633.86,286.07,DESCEND
3.3736,0.0842,0.3475,-0.3142,-0.01113,-0.01653,0.00931,-5.00,0.00,0.00,16.5,125.74,633.87,286.01,DESCEND
3.3837,0.2542,0.1375,-0.1042,-0.01513,-0.02153,0.00731,-5.00,0.00,0.00,16.6,125.74,633.87,285.97,DESCEND
3.3938,0.1942,0.0575,-0.2342,0.01686,-0.00753,0.00931,-5.00,0.00,0.00,16.6,125.74,633.87,285.91,DESCEND
3.4039,0.1842,-0.1324,0.0857,0.00186,-0.00353,0.00731,-5.00,0.00,0.00,16.7,125.74,633.87,285.87,DESCEND
3.4140,0.1442,0.0475,-0.2442,0.00186,-0.01453,0.00731,-5.00,0.00,0.00,16.7,125.74,633.87,285.81,DESCEND
3.4241,0.0142,0.3275,-0.4642,-0.00513,-0.01053,0.01131,-5.00,0.00,0.00,16.8,125.74,633.88,285.75,DESCEND
3.4342,-0.1457,-0.1424,0.2757,-0.01113,-0.01153,0.00631,-5.00,0.00,0.00,16.8,125.74,633.88,285.71,DESCEND
3.4443,0.2342,0.4375,-0.1042,0.01486,-0.00453,0.01031,-5.00,0.00,0.00,16.9,125.74,633.88,285.65,DESCEND
3.4544,0.0942,0.2575,-0.1142,0.00586,-0.00153,0.01031,-5.00,0.00,0.00,16.9,125.74,633.88,285.61,DESCEND
3.4645,-0.1557,0.0775,-0.0642,-0.02013,-0.01653,0.00931,-5.00,0.00,0.00,17.0,125.74,633.88,285.55,DESCEND
3.4746,0.0942,0.3075,-0.2742,-0.01213,-0.02153,0.01231,-5.00,0.00,0.00,17.0,125.74,633.88,285.51,DESCEND
3.4847,0.1342,0.2875,-0.0242,0.00586,-0.00153,0.00931,-5.00,0.00,0.00,17.1,125.74,633.89,285.45,DESCEND
3.4948,-0.0357,0.1675,0.0357,0.00586,-0.00353,0.00531,-5.00,0.00,0.00,17.1,125.74,633.89,285.41,DESCEND
3.5048,0.0642,0.2075,-0.1342,-0.01013,-0.01553,0.00931,-5.00,0.00,0.00,17.2,125.74,633.89,285.35,DESCEND
3.5149,0.1042,0.1275,0.0057,-0.01513,-0.01953,0.00731,-5.00,0.00,0.00,17.2,125.74,633.89,285.31,DESCEND
3.5250,0.1142,0.1675,-0.3742,-0.00613,-0.01353,0.01031,-5.00,0.00,0.00,17.3,125.74,633.89,285.25,DESCEND
3.5351,0.0142,0.3175,-0.2642,-0.00713,-0.01453,0.01031,-5.00,0.00,0.00,17.3,125.74,633.90,285.21,DESCEND
3.5452,0.1442,0.1075,0.0157,-0.00813,-0.01253,0.00631,-5.00,0.00,0.00,17.4,125.74,633.90,285.15,DESCEND
3.5553,0.2242,0.2475,-0.1842,-0.00313,-0.02053,0.00531,-5.00,0.00,0.00,17.4,125.74,633.90,285.11,DESCEND
3.5654,0.0242,0.1975,-0.3042,0.00686,-0.00453,0.00831,-5.00,0.00,0.00,17.5,125.74,633.90,285.05,DESCEND
3.5755,-0.0857,0.1175,0.0257,-0.00613,-0.00553,0.00831,-5.00,0.00,0.00,17.5,125.74,633.90,285.01,DESCEND
3.5856,0.0542,0.1875,-0.0342,-0.01513,-0.01553,0.01231,-5.00,0.00,0.00,17.6,125.74,633.91,284.95,DESCEND
3.5956,0.0042,0.1875,-0.0742,-0.01113,-0.01853,0.00831,-5.00,0.00,0.00,17.6,125.74,633.91,284.91,DESCEND
3.6057,-0.0357,0.0275,0.0857,-0.00713,-0.00053,0.00931,-5.00,0.00,0.00,17.7,125.74,633.91,284.85,DESCEND
3.6159,-0.1057,0.3975,-0.2842,-0.01013,-0.00853,0.01131,-5.00,0.00,0.00,17.7,125.74,633.91,284.81,DESCEND
3.6260,-0.1557,0.2875,-0.0242,-0.01313,-0.00253,0.01131,-5.00,0.00,0.00,17.8,125.74,633.91,284.75,DESCEND
3.6361,0.2242,0.2075,-0.1242,0.00886,-0.00253,0.00531,-5.00,0.00,0.00,17.8,125.74,633.91,284.69,DESCEND
3.6462,0.1842,0.1575,-0.2142,-0.00113,-0.01353,0.01131,-5.00,0.00,0.00,17.9,125.74,633.92,284.65,DESCEND
3.6563,0.2542,0.0075,0.3057,0.00386,-0.00653,0.00431,-5.00,0.00,0.00,17.9,125.74,633.92,284.59,DESCEND
3.6664,0.3042,-0.3724,0.2957,0.01486,-0.00053,0.00631,-5.00,0.00,0.00,18.0,125.74,633.92,284.55,DESCEND
3.6765,0.0342,0.3775,-0.1242,-0.01613,-0.01253,0.00831,-5.00,0.00,0.00,18.0,125.75,633.92,284.49,DESCEND
3.6866,-0.0757,0.1875,0.0457,-0.01813,-0.00853,0.00631,-5.00,0.00,0.00,18.1,125.75,633.92,284.45,DESCEND
3.6967,-0.1957,0.2975,-0.1742,-0.02113,-0.01453,0.01131,-5.00,0.00,0.00,18.1,125.75,633.93,284.39,DESCEND
3.7068,-0.0057,0.5475,-0.3542,-0.01113,-0.01053,0.00831,-5.00,0.00,0.00,18.2,125.75,633.93,284.35,DESCEND
3.7169,0.0142,0.3275,-0.3642,-0.00013,-0.01553,0.00931,-5.00,0.00,0.00,18.2,125.75,633.93,284.29,DESCEND
3.7270,0.0542,0.3375,-0.0142,-0.00513,-0.00853,0.00931,-5.00,0.00,0.00,18.3,125.75,633.93,284.25,DESCEND
3.7371,0.0842,-0.1424,0.0957,0.00186,-0.01653,0.00931,-5.00,0.00,0.00,18.3,125.75,633.93,284.19,DESCEND
3.7472,0.1142,0.4475,-0.1042,-0.01213,-0.01053,0.00831,-5.00,0.00,0.00,18.4,125.75,633.93,284.15,DESCEND
3.7573,0.0742,0.1475,-0.2042,-0.00313,-0.01753,0.00931,-5.00,0.00,0.00,18.4,125.75,633.94,284.09,DESCEND
3.7674,-0.0357,0.2375,-0.4142,-0.02013,-0.01853,0.01031,-5.00,0.00,0.00,18.5,125.75,633.94,284.05,DESCEND
3.7775,0.0542,0.3775,0.0557,-0.02113,-0.01753,0.01131,-5.00,0.00,0.00,18.5,125.75,633.94,283.99,DESCEND
3.7876,0.0042,0.4375,-0.4242,-0.01113,-0.01453,0.00931,-5.00,0.00,0.00,18.6,125.75,633.94,283.95,DESCEND
3.7977,-0.0957,0.3675,-0.2042,-0.00713,-0.00253,0.00931,-5.00,0.00,0.00,18.6,125.75,633.94,283.89,DESCEND
3.8078,0.0742,0.4675,-0.1242,-0.00213,-0.01353,0.01131,-5.00,0.00,0.00,18.7,125.75,633.95,283.85,DESCEND
3.8179,0.0642,0.4175,-0.7242,-0.01313,-0.02853,0.01031,-5.00,0.00,0.00,18.7,125.75,633.95,283.79,DESCEND
3.8280,-0.0357,0.3375,-0.2942,-0.01613,-0.01853,0.01131,-5.00,0.00,0.00,18.8,125.75,633.95,283.73,DESCEND
3.8381,0.0442,0.6075,-0.6942,-0.00713,-0.02553,0.00931,-5.00,0.00,0.00,18.8,125.75,633.95,283.69,DESCEND
3.8482,-0.1757,0.0475,-0.1742,-0.01013,-0.00953,0.00731,-5.00,0.00,0.00,18.9,125.75,633.95,283.63,DESCEND
3.8583,-0.1657,0.0675,-0.1642,-0.02213,-0.01353,0.00731,-5.00,0.00,0.00,18.9,125.75,633.96,283.59,DESCEND
3.8684,0.1442,0.0875,0.0857,-0.00713,-0.01753,0.00831,-5.00,0.00,0.00,19.0,125.75,633.96,283.53,DESCEND
3.8785,0.0542,0.3175,0.1457,-0.01313,-0.01553,0.01131,-5.00,0.00,0.00,19.0,125.75,633.96,283.49,DESCEND
3.8886,-0.0857,0.2675,-0.2442,-0.01313,-0.02053,0.01331,-5.00,0.00,0.00,19.1,125.75,633.96,283.43,DESCEND
3.8987,0.1342,0.1975,0.0857,-0.01513,-0.00753,0.00631,-5.00,0.00,0.00,19.1,125.75,633.96,283.39,DESCEND
3.9088,0.0642,0.1475,-0.0842,0.00686,-0.00053,0.00731,-5.00,0.00,0.00,19.2,125.75,633.97,283.33,DESCEND
3.9189,-0.0057,0.1475,-0.2342,-0.01513,-0.01353,0.01231,-5.00,0.00,0.00,19.2,125.75,633.97,283.29,DESCEND
3.9290,0.0842,0.3475,-0.2442,0.01686,-0.00253,0.01031,-5.00,0.00,0.00,19.3,125.75,633.97,283.23,DESCEND
3.9391,0.0542,0.3875,0.0057,0.01886,0.00446,0.00631,-5.00,0.00,0.00,19.3,125.75,633.97,283.19,DESCEND
3.9492,0.1342,0.3275,-0.3742,0.00286,-0.00853,0.00531,-5.00,0.00,0.00,19.4,125.75,633.97,283.13,DESCEND
3.9593,-0.1957,0.3575,-0.3342,-0.00913,-0.00453,0.01331,-5.00,0.00,0.00,19.4,125.75,633.97,283.09,DESCEND
3.9694,-0.0357,0.3475,-0.1742,-0.00813,-0.01453,0.01031,-5.00,0.00,0.00,19.5,125.75,633.98,283.03,DESCEND
3.9795,0.1342,0.2675,-0.1942,-0.00613,-0.00853,0.00631,-5.00,0.00,0.00,19.5,125.75,633.98,282.99,DESCEND
3.9896,-0.1257,0.2275,0.0457,-0.01713,-0.00553,0.01331,-5.00,0.00,0.00,19.6,125.75,633.98,282.93,DESCEND
3.9997,0.0842,0.5175,-0.2442,-0.02013,-0.01453,0.00931,-5.00,0.00,0.00,19.6,125.75,633.98,282.90,DESCEND
4.0098,0.1142,0.4075,-0.5042,0.00686,-0.00953,0.00931,-5.00,0.00,0.00,19.7,125.75,633.98,282.84,DESCEND
4.0198,0.2142,0.3075,0.1157,-0.00213,-0.00553,0.00831,-5.00,0.00,0.00,19.7,125.75,633.99,282.80,DESCEND
4.0299,0.0142,0.3675,-0.2342,0.00586,-0.00653,0.01031,-5.00,0.00,0.00,19.8,125.75,633.99,282.74,DESCEND
4.0401,-0.0457,0.0375,0.1957,-0.01113,-0.00753,0.00731,-5.00,0.00,0.00,19.9,125.75,633.99,282.68,DESCEND
4.0502,0.3242,0.1775,0.0257,0.00286,-0.01253,0.00731,-5.00,0.00,0.00,19.9,125.75,633.99,282.64,DESCEND
4.0603,0.2442,0.1275,0.0657,0.01286,-0.00153,0.00931,-5.00,0.00,0.00,20.0,125.75,633.99,282.58,DESCEND
4.0704,-0.0657,0.2375,-0.7042,0.00086,-0.01253,0.00831,-5.00,0.00,0.00,20.0,125.75,634.00,282.54,DESCEND
4.0805,0.0542,-0.0624,0.2057,-0.01613,-0.00553,0.00231,-5.00,0.00,0.00,20.1,125.75,634.00,282.48,DESCEND
4.0906,-0.0457,0.4575,-0.3842,-0.01813,-0.01953,0.00931,-5.00,0.00,0.00,20.1,125.75,634.00,282.44,DESCEND
4.1007,-0.0257,0.1375,0.0757,-0.01013,-0.00453,0.01131,-5.00,0.00,0.00,20.2,125.75,634.00,282.38,DESCEND
4.1108,0.0742,0.5975,-0.4242,-0.01113,-0.01953,0.01231,-5.00,0.00,0.00,20.2,125.75,634.00,282.34,DESCEND
4.1209,0.0842,0.0775,-0.1342,-0.02013,-0.01053,0.01031,-5.00,0.00,0.00,20.3,125.75,634.00,282.28,DESCEND
4.1310,0.2042,0.3775,0.1057,0.00886,-0.00253,0.01131,-5.00,0.00,0.00,20.3,125.75,634.01,282.24,DESCEND
4.1411,0.0342,0.2075,-0.0242,-0.00213,-0.00753,0.01031,-5.00,0.00,0.00,20.4,125.75,634.01,282.18,DESCEND
4.1512,0.0342,-0.0724,-0.0942,0.00586,-0.00553,0.00731,-5.00,0.00,0.00,20.4,125.75,634.01,282.14,DESCEND
4.1613,0.0242,0.0775,-0.1442,-0.01013,-0.01053,0.00831,-5.00,0.00,0.00,20.5,125.75,634.01,282.08,DESCEND
4.1714,0.1342,0.3775,-0.3542,-0.00713,-0.01753,0.01331,-5.00,0.00,0.00,20.5,125.75,634.01,282.04,DESCEND
4.1815,0.1042,0.0975,-0.2942,0.00486,-0.01253,0.00731,-5.00,0.00,0.00,20.6,125.75,634.02,281.98,DESCEND
4.1916,0.1442,0.5275,-0.3842,0.00686,-0.00753,0.00831,-5.00,0.00,0.00,20.6,125.75,634.02,281.94,DESCEND
4.2017,0.0342,0.3875,-0.2642,-0.02613,-0.02353,0.01031,-5.00,0.00,0.00,20.7,125.75,634.02,281.88,DESCEND
4.2118,-0.0757,0.4275,-0.1542,-0.00413,-0.00353,0.01031,-5.00,0.00,0.00,20.7,125.75,634.02,281.84,DESCEND
4.2219,0.0642,0.0075,-0.1442,0.00286,-0.00653,0.00831,-5.00,0.00,0.00,20.8,125.75,634.02,281.78,DESCEND
4.2320,0.1342,-0.2424,-0.1142,-0.00113,-0.01353,0.00631,-5.00,0.00,0.00,20.8,125.75,634.03,281.72,DESCEND
4.2421,0.0442,0.3475,-0.3642,-0.00913,-0.02053,0.01031,-5.00,0.00,0.00,20.9,125.75,634.03,281.68,DESCEND
4.2522,-0.1257,0.0475,-0.1842,-0.00913,-0.00853,0.01031,-5.00,0.00,0.00,20.9,125.75,634.03,281.62,DESCEND
4.2623,0.0442,0.2775,-0.2442,-0.01213,-0.01353,0.00731,-5.00,0.00,0.00,21.0,125.75,634.03,281.58,DESCEND
4.2723,-0.0257,0.1275,-0.1042,-0.00813,-0.00953,0.01031,-5.00,0.00,0.00,21.0,125.75,634.03,281.52,DESCEND
4.2824,0.1442,0.3275,-0.4542,-0.00813,-0.02653,0.01031,-5.00,0.00,0.00,21.1,125.75,634.03,281.48,DESCEND
4.2925,0.1642,0.0675,0.1257,-0.00113,-0.01053,0.00831,-5.00,0.00,0.00,21.1,125.75,634.04,281.42,DESCEND
4.3026,0.0442,0.3575,-0.2542,-0.01113,-0.00953,0.01231,-5.00,0.00,0.00,21.2,125.75,634.04,281.38,DESCEND
4.3127,0.1442,-0.0824,-0.1442,0.00886,-0.01053,0.00831,-5.00,0.00,0.00,21.2,125.75,634.04,281.32,DESCEND
4.3228,-0.1457,0.2775,-0.1142,-0.00613,-0.00453,0.01031,-5.00,0.00,0.00,21.3,125.75,634.04,281.28,DESCEND
4.3329,0.0142,0.2775,-0.0642,-0.01113,-0.00953,0.00831,-5.00,0.00,0.00,21.3,125.76,634.04,281.22,DESCEND
4.3430,0.0242,-0.0824,0.0257,-0.00513,-0.00253,0.00931,-5.00,0.00,0.00,21.4,125.76,634.05,281.18,DESCEND
4.3531,-0.0357,0.3875,0.0057,0.00386,-0.00353,0.01131,-5.00,0.00,0.00,21.4,125.76,634.05,281.12,DESCEND
4.3632,-0.1257,0.3575,-0.5042,-0.01113,-0.00953,0.01031,-5.00,0.00,0.00,21.5,125.76,634.05,281.08,DESCEND
4.3733,-0.0757,0.2175,-0.0142,-0.00413,0.00246,0.01331,-5.00,0.00,0.00,21.5,125.76,634.05,281.02,DESCEND
4.3834,-0.0257,0.7875,-0.7342,-0.01613,-0.02053,0.01531,-5.00,0.00,0.00,21.6,125.76,634.05,280.98,DESCEND
4.3935,0.1442,0.0575,0.0157,0.00586,-0.00153,0.00731,-5.00,0.00,0.00,21.6,125.76,634.06,280.92,DESCEND
4.4036,-0.0057,0.0975,-0.0042,-0.01813,-0.01253,0.01031,-5.00,0.00,0.00,21.7,125.76,634.06,280.88,DESCEND
4.4137,0.0842,0.2475,0.0157,-0.00513,-0.00853,0.01131,-5.00,0.00,0.00,21.7,125.76,634.06,280.82,DESCEND
4.4238,-0.0657,0.4575,-0.4542,-0.01413,-0.01353,0.01131,-5.00,0.00,0.00,21.8,125.76,634.06,280.76,DESCEND
4.4339,0.1742,0.1475,0.2057,0.00386,0.00146,0.01131,-5.00,0.00,0.00,21.8,125.76,634.06,280.72,DESCEND
4.4440,-0.0257,0.2675,-0.2442,-0.01213,-0.01553,0.00831,-5.00,0.00,0.00,21.9,125.76,634.06,280.66,DESCEND
4.4541,0.0442,0.1275,-0.1742,-0.00113,-0.02053,0.00731,-5.00,0.00,0.00,21.9,125.76,634.07,280.62,DESCEND
4.4642,0.0242,0.1675,-0.0942,-0.00713,-0.01253,0.01031,-5.00,0.00,0.00,22.0,125.76,634.07,280.56,DESCEND
4.4743,-0.0157,0.1675,-0.0542,-0.03013,-0.02053,0.01231,-5.00,0.00,0.00,22.0,125.76,634.07,280.52,DESCEND
4.4844,-0.0457,0.2475,-0.1442,-0.01213,-0.00053,0.01031,-5.00,0.00,0.00,22.1,125.76,634.07,280.46,DESCEND
4.4945,-0.0057,0.2075,-0.2842,-0.00113,-0.01253,0.01031,-5.00,0.00,0.00,22.1,125.76,634.07,280.42,DESCEND
4.5046,0.0642,0.0875,-0.0742,-0.01613,-0.01553,0.00831,-5.00,0.00,0.00,22.2,125.76,634.08,280.36,DESCEND
4.5147,-0.0257,0.2575,-0.5242,-0.01213,-0.02153,0.01031,-5.00,0.00,0.00,22.2,125.76,634.08,280.32,DESCEND
4.5248,-0.0057,0.1175,0.1957,-0.02313,-0.01353,0.00831,-5.00,0.00,0.00,22.3,125.76,634.08,280.26,DESCEND
4.5349,0.2642,0.0575,0.1657,-0.00013,-0.00353,0.01131,-5.00,0.00,0.00,22.3,125.76,634.08,280.22,DESCEND
4.5450,-0.0057,0.0275,0.0557,-0.02113,-0.00453,0.00631,-5.00,0.00,0.00,22.4,125.76,634.08,280.16,DESCEND
4.5551,0.1042,0.3875,-0.4542,-0.01013,-0.01153,0.01331,-5.00,0.00,0.00,22.4,125.76,634.08,280.12,DESCEND
4.5652,0.0342,0.2975,-0.1842,-0.01113,-0.00553,0.00931,-5.00,0.00,0.00,22.5,125.76,634.09,280.06,DESCEND
4.5753,-0.1157,0.0075,0.3557,-0.00113,0.00246,0.01131,-5.00,0.00,0.00,22.5,125.76,634.09,280.02,DESCEND
4.5854,-0.1257,0.2475,-0.1442,-0.01513,-0.01053,0.01431,-5.00,0.00,0.00,22.6,125.76,634.09,279.96,DESCEND
4.5955,0.1842,-0.1924,-0.0642,-0.00913,-0.01453,0.00731,-5.00,0.00,0.00,22.6,125.76,634.09,279.92,DESCEND
4.6056,-0.1557,0.0675,-0.0942,-0.00713,-0.00353,0.01131,-5.00,0.00,0.00,22.7,125.76,634.09,279.86,DESCEND
4.6157,0.0042,0.4475,-0.3642,-0.01513,-0.01653,0.01231,-5.00,0.00,0.00,22.7,125.76,634.10,279.82,DESCEND
4.6258,0.1342,0.1775,-0.1242,0.00486,-0.00753,0.01031,-5.00,0.00,0.00,22.8,125.76,634.10,279.76,DESCEND
4.6359,0.0742,0.3875,-0.1642,-0.01613,-0.02153,0.01331,-5.00,0.00,0.00,22.8,125.76,634.10,279.70,DESCEND
4.6460,0.0342,0.2275,-0.2842,-0.00813,-0.01053,0.01031,-5.00,0.00,0.00,22.9,125.76,634.10,279.66,DESCEND
4.6561,0.0042,0.2475,0.0457,-0.00713,0.00046,0.00831,-5.00,0.00,0.00,22.9,125.76,634.10,279.60,DESCEND
4.6663,-0.0357,0.2975,-0.0742,-0.01313,-0.00753,0.01031,-5.00,0.00,0.00,23.0,125.76,634.11,279.56,DESCEND
4.6764,-0.0757,0.6075,-0.6042,-0.00513,-0.00953,0.01531,-5.00,0.00,0.00,23.0,125.76,634.11,279.50,DESCEND
4.6865,0.2442,0.1575,-0.1842,0.00286,-0.01653,0.00931,-5.00,0.00,0.00,23.1,125.76,634.11,279.46,DESCEND
4.6966,0.0642,0.1475,0.0557,-0.01913,-0.00253,0.00831,-5.00,0.00,0.00,23.1,125.76,634.11,279.40,DESCEND
4.7067,0.0942,0.1775,-0.1242,-0.01013,-0.01653,0.00831,-5.00,0.00,0.00,23.2,125.76,634.11,279.36,DESCEND
4.7168,0.0242,0.1175,-0.1042,0.00286,-0.00153,0.01131,-5.00,0.00,0.00,23.2,125.76,634.12,279.30,DESCEND
4.7269,0.1242,0.2275,-0.3642,-0.00913,-0.01453,0.00831,-5.00,0.00,0.00,23.3,125.76,634.12,279.26,DESCEND
4.7370,0.0842,0.2675,-0.1442,-0.00413,-0.00853,0.00931,-5.00,0.00,0.00,23.3,125.76,634.12,279.20,DESCEND
4.7471,-0.0557,0.1975,-0.2542,0.00386,-0.00353,0.01131,-5.00,0.00,0.00,23.4,125.76,634.12,279.16,DESCEND
4.7572,-0.1057,0.3475,-0.0442,-0.01113,-0.00253,0.00931,-5.00,0.00,0.00,23.4,125.76,634.12,279.10,DESCEND
4.7673,0.0542,0.4775,-0.3342,-0.01913,-0.02153,0.01131,-5.00,0.00,0.00,23.5,125.76,634.12,279.06,DESCEND
4.7774,0.0642,-0.0924,0.1057,-0.00813,-0.00753,0.01031,-5.00,0.00,0.00,23.5,125.76,634.13,279.00,DESCEND
4.7875,0.2142,0.2775,-0.5542,-0.01213,-0.02753,0.00931,-5.00,0.00,0.00,23.6,125.76,634.13,278.96,DESCEND
4.7976,0.1342,0.0175,0.0057,-0.01113,-0.01553,0.00931,-5.00,0.00,0.00,23.6,125.76,634.13,278.90,DESCEND
4.8077,0.0942,0.1675,0.1157,0.00986,0.00046,0.00931,-5.00,0.00,0.00,23.7,125.76,634.13,278.86,DESCEND
4.8178,-0.3157,0.4175,-0.1342,-0.02813,-0.00153,0.00831,-5.00,0.00,0.00,23.7,125.76,634.13,278.80,DESCEND
4.8278,-0.0257,0.3775,-0.2742,-0.01313,-0.01153,0.01131,-5.00,0.00,0.00,23.8,125.76,634.14,278.76,DESCEND
4.8379,0.0142,0.1975,-0.2042,-0.00813,-0.00853,0.01031,-5.00,0.00,0.00,23.8,125.76,634.14,278.70,DESCEND
4.8480,0.1442,0.5975,-0.5042,-0.00213,-0.01853,0.01331,-5.00,0.00,0.00,23.9,125.76,634.14,278.64,DESCEND
4.8581,0.1442,0.1275,0.0757,0.00086,-0.00653,0.01131,-5.00,0.00,0.00,23.9,125.76,634.14,278.60,DESCEND
4.8682,0.0342,0.2975,0.1057,0.00386,0.00146,0.01231,-5.00,0.00,0.00,24.0,125.76,634.14,278.54,DESCEND
4.8783,0.0642,0.2475,-0.4942,-0.01113,-0.01753,0.01031,-5.00,0.00,0.00,24.0,125.76,634.15,278.50,DESCEND
4.8884,0.0942,-0.0024,-0.0642,-0.00813,-0.01553,0.00831,-5.00,0.00,0.00,24.1,125.76,634.15,278.44,DESCEND
4.8985,0.1042,0.1775,-0.1742,-0.00313,-0.01053,0.01131,-5.00,0.00,0.00,24.1,125.76,634.15,278.40,DESCEND
4.9086,-0.0257,0.2475,-0.2542,0.00186,-0.00253,0.01231,-5.00,0.00,0.00,24.2,125.76,634.15,278.34,DESCEND
4.9187,0.2142,0.4775,-0.0642,-0.00613,-0.01353,0.01231,-5.00,0.00,0.00,24.2,125.76,634.15,278.30,DESCEND
4.9288,0.1042,-0.0024,-0.1142,0.00386,-0.01453,0.01131,-5.00,0.00,0.00,24.3,125.76,634.15,278.24,DESCEND
4.9389,0.1942,0.2275,-0.0742,0.00186,-0.00653,0.00931,-5.00,0.00,0.00,24.3,125.76,634.16,278.20,DESCEND
4.9490,0.1442,0.5175,-0.4442,0.00386,-0.01253,0.01431,-5.00,0.00,0.00,24.4,125.76,634.16,278.14,DESCEND
4.9591,0.1742,0.1375,0.0557,0.00786,-0.00753,0.00831,-5.00,0.00,0.00,24.4,125.76,634.16,278.10,DESCEND
4.9692,0.1642,0.1975,-0.3542,0.00386,-0.01653,0.00931,-5.00,0.00,0.00,24.5,125.76,634.16,278.04,DESCEND
4.9793,0.0742,0.1375,0.1457,-0.00113,-0.00353,0.00931,-5.00,0.00,0.00,24.5,125.76,634.16,278.00,DESCEND
4.9894,0.0242,0.2575,-0.0542,-0.00113,-0.00553,0.01031,-5.00,0.00,0.00,24.6,125.76,634.17,277.94,DESCEND
4.9995,0.0742,0.4375,-0.5742,-0.00813,-0.01453,0.00831,-5.00,0.00,0.00,24.6,125.76,634.17,277.90,DESCEND
5.0096,0.0642,0.3475,-0.4142,-0.01013,-0.01953,0.01131,-5.00,0.00,0.00,24.7,125.77,634.17,277.84,DESCEND
5.0197,0.0342,0.5575,-0.4642,-0.00513,-0.01253,0.01331,-5.00,0.00,0.00,24.7,125.77,634.17,277.80,DESCEND
5.0298,0.0142,0.2175,-0.2442,-0.00113,-0.00053,0.01231,-5.00,0.00,0.00,24.8,125.77,634.17,277.74,DESCEND
5.0399,-0.1057,0.3875,-0.2142,-0.02713,-0.01853,0.01331,-5.00,0.00,0.00,24.9,125.77,634.18,277.68,DESCEND
5.0500,0.0042,0.3475,-0.1942,-0.01413,-0.00853,0.01131,-5.00,0.00,0.00,24.9,125.77,634.18,277.64,DESCEND
5.0601,-0.0257,0.1575,-0.0242,-0.00513,-0.00153,0.01331,-5.00,0.00,0.00,25.0,125.77,634.18,277.58,DESCEND
5.0702,0.2142,0.1375,-0.3242,0.00786,-0.01153,0.00831,-5.00,0.00,0.00,25.0,125.77,634.18,277.54,DESCEND
5.0803,-0.0957,0.2875,-0.5442,-0.01713,-0.01253,0.01031,-5.00,0.00,0.00,25.1,125.77,634.18,277.48,DESCEND
5.0904,0.1342,0.0975,-0.0042,-0.00613,-0.01253,0.00931,-5.00,0.00,0.00,25.1,125.77,634.18,277.44,DESCEND
5.1005,0.1342,-0.1724,0.0157,0.00286,-0.00453,0.00731,-5.00,0.00,0.00,25.2,125.77,634.19,277.38,DESCEND
5.1106,-0.1257,0.3775,-0.3742,-0.02013,-0.01453,0.01131,-5.00,0.00,0.00,25.2,125.77,634.19,277.34,DESCEND
5.1207,0.1942,0.4675,-0.2242,0.00686,-0.01253,0.01231,-5.00,0.00,0.00,25.3,125.77,634.19,277.28,DESCEND
5.1308,-0.0957,0.1775,0.2657,-0.00513,0.00446,0.01331,-5.00,0.00,0.00,25.3,125.77,634.19,277.24,DESCEND
5.1408,-0.0057,0.3175,-0.4642,-0.00213,-0.01653,0.01131,-5.00,0.00,0.00,25.4,125.77,634.19,277.18,DESCEND
5.1510,0.1442,0.2875,-0.0942,0.00586,-0.00953,0.01131,-5.00,0.00,0.00,25.4,125.77,634.20,277.14,DESCEND
5.1610,0.0742,0.3275,-0.3142,-0.02813,-0.03153,0.01231,-5.00,0.00,0.00,25.5,125.77,634.20,277.08,DESCEND
5.1711,0.1542,-0.2124,0.3457,0.00586,0.00046,0.00731,-5.00,0.00,0.00,25.5,125.77,634.20,277.04,DESCEND
5.1813,-0.0957,0.4775,-0.1742,-0.00413,-0.00853,0.01531,-5.00,0.00,0.00,25.6,125.77,634.20,276.98,DESCEND
5.1914,-0.1057,0.4775,-0.3942,0.00686,-0.00253,0.01331,-5.00,0.00,0.00,25.6,125.77,634.20,276.94,DESCEND
5.2015,-0.1457,0.1975,-0.3942,-0.01813,-0.01153,0.01431,-5.00,0.00,0.00,25.7,125.77,634.21,276.88,DESCEND
5.2116,-0.0157,0.1075,-0.2242,-0.00813,-0.01053,0.01331,-5.00,0.00,0.00,25.7,125.77,634.21,276.84,DESCEND
5.2217,0.0242,0.3075,-0.2342,-0.00313,-0.00853,0.01431,-5.00,0.00,0.00,25.8,125.77,634.21,276.78,DESCEND
5.2318,0.0142,-0.2024,0.1657,0.00586,0.00446,0.00731,-5.00,0.00,0.00,25.8,125.77,634.21,276.74,DESCEND
5.2419,-0.1157,0.2675,-0.5142,-0.02013,-0.01553,0.01131,-5.00,0.00,0.00,25.9,125.77,634.21,276.68,DESCEND
5.2520,-0.0157,0.0875,-0.1242,0.00286,-0.00053,0.01131,-5.00,0.00,0.00,25.9,125.77,634.21,276.62,DESCEND
5.2621,-0.0157,0.1175,-0.1142,0.00186,-0.00553,0.01031,-5.00,0.00,0.00,26.0,125.77,634.22,276.58,DESCEND
5.2722,-0.0757,0.1875,-0.1042,-0.02013,-0.00853,0.01031,-5.00,0.00,0.00,26.0,125.77,634.22,276.52,DESCEND
5.2823,0.3442,-0.1324,0.2757,0.01586,-0.00153,0.00831,-5.00,0.00,0.00,26.1,125.77,634.22,276.48,DESCEND
5.2923,0.1842,0.3675,-0.3142,0.01486,-0.00653,0.01131,-5.00,0.00,0.00,26.1,125.77,634.22,276.42,DESCEND
5.3024,-0.0257,0.2975,-0.1942,-0.01913,-0.00853,0.01331,-5.00,0.00,0.00,26.2,125.77,634.22,276.38,DESCEND
5.3125,-0.0757,0.2375,-0.0542,-0.00813,-0.00453,0.01331,-5.00,0.00,0.00,26.2,125.77,634.23,276.32,DESCEND
5.3226,0.0842,0.2375,-0.0242,-0.00513,-0.00353,0.01131,-5.00,0.00,0.00,26.3,125.77,634.23,276.28,DESCEND
5.3327,0.2742,0.1775,-0.3842,-0.00113,-0.01653,0.01031,-5.00,0.00,0.00,26.3,125.77,634.23,276.22,DESCEND
5.3428,0.1142,0.4875,-0.0142,-0.00113,-0.00553,0.01431,-5.00,0.00,0.00,26.4,125.77,634.23,276.18,DESCEND
5.3529,0.0642,0.2875,-0.5942,-0.00513,-0.01753,0.01131,-5.00,0.00,0.00,26.4,125.77,634.23,276.12,DESCEND
5.3630,0.0042,0.5875,-0.5142,-0.01813,-0.01953,0.01431,-5.00,0.00,0.00,26.5,125.77,634.23,276.08,DESCEND
5.3731,-0.1257,0.2975,-0.3142,-0.01113,-0.00653,0.01331,-5.00,0.00,0.00,26.5,125.77,634.24,276.02,DESCEND
5.3832,0.1642,0.4475,-0.3342,-0.00613,-0.02153,0.01531,-5.00,0.00,0.00,26.6,125.77,634.24,275.98,DESCEND
5.3933,0.2042,0.2675,-0.3242,0.00286,-0.01153,0.00831,-5.00,0.00,0.00,26.6,125.77,634.24,275.92,DESCEND
5.4034,-0.0157,0.5175,-0.5142,-0.02113,-0.01153,0.00931,-5.00,0.00,0.00,26.7,125.77,634.24,275.88,DESCEND
5.4135,0.1642,0.2875,-0.3542,-0.01013,-0.01753,0.01131,-5.00,0.00,0.00,26.7,125.77,634.24,275.82,DESCEND
5.4236,-0.0557,0.3475,-0.1542,-0.01213,-0.00553,0.01031,-5.00,0.00,0.00,26.8,125.77,634.25,275.78,DESCEND
5.4337,0.0542,0.2575,-0.1442,-0.00413,-0.00653,0.01131,-5.00,0.00,0.00,26.8,125.77,634.25,275.72,DESCEND
5.4438,-0.1857,0.4575,-0.4642,-0.00913,-0.00653,0.01531,-5.00,0.00,0.00,26.9,125.77,634.25,275.66,DESCEND
5.4539,0.1342,0.1175,0.0157,-0.00413,-0.00553,0.00931,-5.00,0.00,0.00,26.9,125.77,634.25,275.62,DESCEND
5.4640,0.0142,0.2575,-0.3642,-0.01113,-0.01953,0.00831,-5.00,0.00,0.00,27.0,125.77,634.25,275.56,DESCEND
5.4741,0.0342,0.0575,-0.1342,-0.02413,-0.02153,0.00831,-5.00,0.00,0.00,27.0,125.77,634.26,275.52,DESCEND
5.4843,0.0742,0.2875,-0.2742,-0.01313,-0.01753,0.01331,-5.00,0.00,0.00,27.1,125.77,634.26,275.46,DESCEND
5.4944,0.0542,0.4375,-0.3842,-0.01713,-0.00653,0.01231,-5.00,0.00,0.00,27.1,125.77,634.26,275.42,DESCEND
5.5045,-0.1557,0.5275,-0.4742,-0.03113,-0.02253,0.01631,-5.00,0.00,0.00,27.2,125.77,634.26,275.36,DESCEND
5.5146,0.1442,0.4875,-0.2642,-0.00913,-0.02053,0.01431,-5.00,0.00,0.00,27.2,125.77,634.26,275.32,DESCEND
5.5247,0.0442,0.6375,-0.4342,-0.01613,-0.01753,0.01431,-5.00,0.00,0.00,27.3,125.77,634.27,275.26,DESCEND
5.5348,0.0042,0.4075,-0.1742,-0.01913,-0.00853,0.01031,-5.00,0.00,0.00,27.3,125.77,634.27,275.22,DESCEND
5.5449,0.1342,0.1375,-0.2042,-0.00513,-0.00753,0.01031,-5.00,0.00,0.00,27.4,125.77,634.27,275.16,DESCEND
5.5550,-0.0957,0.5175,-0.3842,-0.02913,-0.02253,0.01431,-5.00,0.00,0.00,27.4,125.77,634.27,275.12,DESCEND
5.5651,0.2342,0.0875,0.0557,-0.01113,-0.01853,0.00931,-5.00,0.00,0.00,27.5,125.77,634.27,275.06,DESCEND
5.5753,0.0342,0.1275,-0.0942,-0.00013,-0.00753,0.00831,-5.00,0.00,0.00,27.5,125.77,634.27,275.02,DESCEND
5.5854,0.0342,0.2975,-0.5042,-0.00013,-0.01453,0.01231,-5.00,0.00,0.00,27.6,125.77,634.28,274.96,DESCEND
5.5954,-0.0157,0.4375,-0.3742,-0.01113,-0.00953,0.01631,-5.00,0.00,0.00,27.6,125.77,634.28,274.92,DESCEND
5.6056,0.0242,0.3375,-0.0442,0.00586,0.00246,0.01031,-5.00,0.00,0.00,27.7,125.77,634.28,274.86,DESCEND
5.6157,0.1342,-0.0224,0.2357,0.00886,0.00246,0.00731,-5.00,0.00,0.00,27.7,125.77,634.28,274.82,DESCEND
5.6258,0.0142,0.4075,-0.3042,-0.02113,-0.01253,0.00831,-5.00,0.00,0.00,27.8,125.77,634.28,274.76,DESCEND
5.6358,0.1242,0.5475,-0.5542,-0.01013,-0.02153,0.01431,-5.00,0.00,0.00,27.8,125.77,634.29,274.70,DESCEND
5.6460,0.0642,0.0875,-0.1142,-0.00313,-0.01053,0.01331,-5.00,0.00,0.00,27.9,125.77,634.29,274.66,DESCEND
5.6561,0.0242,0.5875,-0.6042,0.00386,-0.01253,0.01331,-5.00,0.00,0.00,27.9,125.77,634.29,274.60,DESCEND
5.6662,-0.0357,0.3375,-0.1542,0.00986,-0.00153,0.01231,-5.00,0.00,0.00,28.0,125.77,634.29,274.56,DESCEND
5.6763,0.0142,0.3875,-0.0942,-0.00913,-0.01753,0.01131,-5.00,0.00,0.00,28.0,125.77,634.29,274.50,DESCEND
5.6864,-0.0057,0.4675,-0.2242,0.00386,0.00146,0.01431,-5.00,0.00,0.00,28.1,125.78,634.30,274.46,DESCEND
5.6965,-0.0557,0.2375,-0.0742,-0.01413,-0.01253,0.01631,-5.00,0.00,0.00,28.1,125.78,634.30,274.40,DESCEND
5.7066,0.3042,0.5175,-0.3842,-0.00113,-0.01553,0.01331,-5.00,0.00,0.00,28.2,125.78,634.30,274.36,DESCEND
5.7167,0.0642,0.2375,-0.2342,-0.00913,-0.00853,0.01031,-5.00,0.00,0.00,28.2,125.78,634.30,274.30,DESCEND
5.7268,0.1042,0.4375,-0.3042,-0.00513,-0.01453,0.01331,-5.00,0.00,0.00,28.3,125.78,634.30,274.26,DESCEND
5.7369,0.0242,0.2075,-0.1442,0.00186,-0.00353,0.01231,-5.00,0.00,0.00,28.3,125.78,634.30,274.20,DESCEND
5.7470,0.1142,0.3075,-0.4442,-0.00313,-0.02153,0.01531,-5.00,0.00,0.00,28.4,125.78,634.31,274.16,DESCEND
5.7571,-0.1257,0.2175,0.1557,-0.01113,-0.00653,0.01031,-5.00,0.00,0.00,28.4,125.78,634.31,274.10,DESCEND
5.7672,0.1342,0.3375,-0.2242,-0.00113,-0.01953,0.01031,-5.00,0.00,0.00,28.5,125.78,634.31,274.06,DESCEND
5.7773,0.1542,0.2275,-0.1642,0.02286,-0.00253,0.01331,-5.00,0.00,0.00,28.5,125.78,634.31,274.00,DESCEND
5.7874,0.1042,0.5275,-0.3442,-0.01213,-0.01553,0.01331,-5.00,0.00,0.00,28.6,125.78,634.31,273.96,DESCEND
5.7975,0.1742,0.3575,-0.3742,-0.00913,-0.01853,0.01231,-5.00,0.00,0.00,28.6,125.78,634.32,273.90,DESCEND
5.8076,0.0742,0.0875,-0.1342,0.00186,-0.01753,0.01031,-5.00,0.00,0.00,28.7,125.78,634.32,273.86,DESCEND
5.8177,0.0842,0.3775,-0.2042,-0.01613,-0.02053,0.01431,-5.00,0.00,0.00,28.7,125.78,634.32,273.80,DESCEND
5.8278,0.2042,0.3875,-0.1842,0.00086,0.00046,0.00931,-5.00,0.00,0.00,28.8,125.78,634.32,273.76,DESCEND
5.8379,0.0842,0.2675,-0.0242,-0.00613,-0.00353,0.01331,-5.00,0.00,0.00,28.8,125.78,634.32,273.70,DESCEND
5.8480,0.1742,0.2375,-0.0142,-0.00513,-0.01153,0.01031,-5.00,0.00,0.00,28.9,125.78,634.33,273.64,DESCEND
5.8581,0.0542,0.2975,-0.1542,0.00286,-0.00853,0.01031,-5.00,0.00,0.00,28.9,125.78,634.33,273.60,DESCEND
5.8682,0.0042,-0.0024,0.1557,0.00186,-0.00253,0.01031,-5.00,0.00,0.00,29.0,125.78,634.33,273.54,DESCEND
5.8783,0.0642,0.2475,-0.0342,-0.00513,-0.00553,0.01231,-5.00,0.00,0.00,29.0,125.78,634.33,273.50,DESCEND
5.8884,-0.0157,0.3475,-0.3442,-0.00813,-0.01253,0.01031,-5.00,0.00,0.00,29.1,125.78,634.33,273.44,DESCEND
5.8986,0.1242,0.3775,-0.4742,0.00886,-0.01153,0.01231,-5.00,0.00,0.00,29.1,125.78,634.33,273.40,DESCEND
5.9087,-0.0957,0.0875,-0.1842,-0.01013,-0.00653,0.01331,-5.00,0.00,0.00,29.2,125.78,634.34,273.34,DESCEND
5.9187,-0.0057,0.5175,-0.1542,-0.02413,-0.02053,0.01231,-5.00,0.00,0.00,29.2,125.78,634.34,273.30,DESCEND
5.9288,0.0642,0.1075,-0.1542,-0.00813,-0.00553,0.00831,-5.00,0.00,0.00,29.3,125.78,634.34,273.24,DESCEND
5.9389,0.0242,0.3075,-0.1142,-0.00913,-0.01453,0.01331,-5.00,0.00,0.00,29.3,125.78,634.34,273.20,DESCEND
5.9491,0.1142,0.1675,-0.1542,-0.00813,-0.01753,0.00931,-5.00,0.00,0.00,29.4,125.78,634.34,273.14,DESCEND
5.9592,-0.1557,0.3775,-0.5142,-0.01213,-0.01853,0.01431,-5.00,0.00,0.00,29.4,125.78,634.35,273.10,DESCEND
5.9693,0.1342,0.5175,-0.5442,0.00086,-0.01953,0.01331,-5.00,0.00,0.00,29.5,125.78,634.35,273.04,DESCEND
5.9794,0.1542,0.4875,-0.3242,-0.00313,-0.01453,0.01431,-5.00,0.00,0.00,29.5,125.78,634.35,273.00,DESCEND
5.9895,0.3342,0.5375,-0.6442,-0.00513,-0.02753,0.01631,-5.00,0.00,0.00,29.6,125.78,634.35,272.94,DESCEND
5.9996,0.0342,0.3375,-0.4642,-0.00313,-0.01053,0.01331,-5.00,0.00,0.00,29.6,125.78,634.35,272.90,DESCEND
6.0097,0.0042,-0.0624,-0.0042,-0.00913,-0.00353,0.01231,-5.00,0.00,0.00,29.7,125.78,634.36,272.84,DESCEND
6.0198,0.2242,0.3975,-0.4742,-0.00313,-0.01653,0.01231,-5.00,0.00,0.00,29.7,125.78,634.36,272.80,DESCEND
6.0298,0.0442,0.1675,-0.0942,-0.01113,-0.01653,0.01131,-5.00,0.00,0.00,29.8,125.78,634.36,272.74,DESCEND
6.0399,-0.0357,0.3575,-0.0942,-0.00713,-0.00753,0.01131,-5.00,0.00,0.00,29.9,125.78,634.36,272.68,DESCEND
6.0500,-0.1557,0.1075,-0.1842,-0.02313,-0.00753,0.01231,-5.00,0.00,0.00,29.9,125.78,634.36,272.64,DESCEND
6.0601,0.0942,0.4475,-0.2542,-0.01913,-0.02553,0.01631,-5.00,0.00,0.00,30.0,125.78,634.36,272.58,DESCEND
6.0702,0.1442,0.2775,-0.0142,-0.00213,-0.01153,0.01331,-5.00,0.00,0.00,30.0,125.78,634.37,272.54,DESCEND
6.0803,-0.0457,0.1075,0.1157,-0.00913,-0.00153,0.01031,-5.00,0.00,0.00,30.1,125.78,634.37,272.48,DESCEND
6.0904,0.0342,0.0975,-0.2742,-0.01113,-0.01053,0.01431,-5.00,0.00,0.00,30.1,125.78,634.37,272.44,DESCEND
6.1005,0.2142,0.0975,0.1057,0.00486,-0.00753,0.00531,-5.00,0.00,0.00,30.2,125.78,634.37,272.38,DESCEND
6.1106,0.0942,0.3475,-0.2042,-0.00913,-0.01753,0.01431,-5.00,0.00,0.00,30.2,125.78,634.37,272.34,DESCEND
6.1207,0.0942,0.6375,-0.5142,-0.00313,-0.02153,0.01531,-5.00,0.00,0.00,30.3,125.78,634.38,272.28,DESCEND
6.1308,0.2442,0.3475,-0.4342,0.00486,-0.01453,0.00831,-5.00,0.00,0.00,30.3,125.78,634.38,272.24,DESCEND
6.1409,0.1142,-0.0724,0.1357,0.00286,0.00346,0.01131,-5.00,0.00,0.00,30.4,125.78,634.38,272.18,DESCEND
6.1510,0.0642,0.5875,-0.6842,-0.00513,-0.01653,0.01431,-5.00,0.00,0.00,30.4,125.78,634.38,272.14,DESCEND
6.1611,0.1842,-0.0324,-0.0542,0.01186,-0.01153,0.01331,-5.00,0.00,0.00,30.5,125.78,634.38,272.08,DESCEND
6.1712,0.1042,0.0275,0.0057,-0.01413,-0.01153,0.00731,-5.00,0.00,0.00,30.5,125.78,634.39,272.04,DESCEND
6.1813,0.1142,0.2875,-0.1642,0.01086,-0.00253,0.01031,-5.00,0.00,0.00,30.6,125.78,634.39,271.98,DESCEND
6.1914,-0.0157,-0.0224,0.3757,0.00986,0.00746,0.00631,-5.00,0.00,0.00,30.6,125.78,634.39,271.94,DESCEND
6.2015,0.2342,-0.0624,-0.0942,0.00986,-0.00453,0.00931,-5.00,0.00,0.00,30.7,125.78,634.39,271.88,DESCEND
6.2116,0.2542,0.4275,-0.1742,0.00786,-0.01553,0.01631,-5.00,0.00,0.00,30.7,125.78,634.39,271.84,DESCEND
6.2217,-0.0457,0.1175,-0.1142,-0.00413,-0.00453,0.01431,-5.00,0.00,0.00,30.8,125.78,634.39,271.79,DESCEND
6.2319,0.0842,0.4175,-0.3242,-0.00013,-0.00653,0.01631,-5.00,0.00,0.00,30.8,125.78,634.40,271.73,DESCEND
6.2420,0.0442,0.2575,0.0357,-0.00913,-0.00953,0.01331,-5.00,0.00,0.00,30.9,125.78,634.40,271.69,DESCEND
6.2521,0.2442,0.0075,0.0557,0.02686,0.00046,0.01231,-5.00,0.00,0.00,30.9,125.78,634.40,271.63,DESCEND
6.2622,0.0942,-0.0024,0.1657,-0.00413,-0.01153,0.01031,-5.00,0.00,0.00,31.0,125.78,634.40,271.59,DESCEND
6.2722,0.0742,0.6075,-0.5242,-0.01113,-0.02153,0.01431,-5.00,0.00,0.00,31.0,125.78,634.40,271.53,DESCEND
6.2824,0.1742,0.4175,0.0857,0.00386,-0.00253,0.01331,-5.00,0.00,0.00,31.1,125.78,634.41,271.49,DESCEND
6.2925,0.3042,-0.0424,0.1857,0.00386,-0.00453,0.00631,-5.00,0.00,0.00,31.1,125.78,634.41,271.43,DESCEND
6.3026,-0.0057,0.4675,-0.1142,-0.00213,-0.01153,0.01231,-5.00,0.00,0.00,31.2,125.78,634.41,271.39,DESCEND
6.3127,0.1242,0.1275,0.0157,-0.00213,-0.01153,0.01131,-5.00,0.00,0.00,31.2,125.78,634.41,271.33,DESCEND
6.3228,0.0442,0.3775,-0.2242,0.00086,-0.01453,0.01231,-5.00,0.00,0.00,31.3,125.78,634.41,271.29,DESCEND
6.3329,0.2542,-0.0424,-0.0442,0.00386,-0.00853,0.00931,-5.00,0.00,0.00,31.3,125.78,634.42,271.23,DESCEND
6.3430,-0.0557,0.0475,-0.2442,-0.00513,-0.01053,0.01231,-5.00,0.00,0.00,31.4,125.78,634.42,271.19,DESCEND
6.3531,0.2442,0.1875,-0.2342,0.01186,-0.01353,0.01131,-5.00,0.00,0.00,31.4,125.78,634.42,271.13,DESCEND
6.3632,-0.0857,0.6575,-0.5742,-0.01613,-0.01453,0.01631,-5.00,0.00,0.00,31.5,125.78,634.42,271.09,DESCEND
6.3733,0.0742,0.2675,-0.0642,-0.00613,-0.00253,0.01131,-5.00,0.00,0.00,31.5,125.78,634.42,271.03,DESCEND
6.3834,0.0942,0.0675,-0.1442,0.00086,-0.01553,0.01231,-5.00,0.00,0.00,31.6,125.78,634.42,270.99,DESCEND
6.3935,0.2042,0.5175,-0.1442,-0.00413,-0.01153,0.01431,-5.00,0.00,0.00,31.6,125.79,634.43,270.93,DESCEND
6.4036,0.1142,-0.0724,0.0957,0.00286,-0.00053,0.01031,-5.00,0.00,0.00,31.7,125.79,634.43,270.89,DESCEND
6.4137,-0.1957,0.1375,-0.1542,-0.02113,-0.01253,0.01231,-5.00,0.00,0.00,31.7,125.79,634.43,270.83,DESCEND
6.4237,-0.1157,0.1475,-0.0242,-0.00913,-0.00653,0.00931,-5.00,0.00,0.00,31.8,125.79,634.43,270.79,DESCEND
6.4339,0.3342,0.1475,-0.3442,0.00086,-0.01453,0.01531,-5.00,0.00,0.00,31.8,125.79,634.43,270.73,DESCEND
6.4439,-0.0757,0.0275,0.2657,-0.01113,-0.00053,0.01131,-5.00,0.00,0.00,31.9,125.79,634.44,270.67,DESCEND
6.4540,0.1542,0.3875,-0.0742,0.01386,-0.00253,0.01131,-5.00,0.00,0.00,31.9,125.79,634.44,270.63,DESCEND
6.4641,-0.0957,0.3475,-0.3442,-0.01413,-0.01553,0.01331,-5.00,0.00,0.00,32.0,125.79,634.44,270.57,DESCEND
6.4742,0.1042,0.2375,0.0057,-0.00413,-0.00653,0.01131,-5.00,0.00,0.00,32.0,125.79,634.44,270.53,DESCEND
6.4843,-0.0357,0.0975,0.2057,-0.01013,-0.01453,0.01331,-5.00,0.00,0.00,32.1,125.79,634.44,270.47,DESCEND
6.4944,0.0642,0.3875,-0.2442,-0.00813,-0.00753,0.01431,-5.00,0.00,0.00,32.1,125.79,634.45,270.43,DESCEND
6.5045,-0.0157,0.3475,-0.1042,-0.00513,-0.01153,0.01131,-5.00,0.00,0.00,32.2,125.79,634.45,270.37,DESCEND
6.5146,0.0342,0.4075,-0.3242,-0.01013,-0.01253,0.01131,-5.00,0.00,0.00,32.2,125.79,634.45,270.33,DESCEND
6.5247,0.1942,0.3975,-0.4642,-0.01613,-0.02453,0.01531,-5.00,0.00,0.00,32.3,125.79,634.45,270.27,DESCEND
6.5348,0.1842,0.3475,-0.2942,-0.00413,-0.01353,0.01231,-5.00,0.00,0.00,32.3,125.79,634.45,270.23,DESCEND
6.5449,-0.0157,0.3675,-0.4242,-0.01813,-0.01753,0.01531,-5.00,0.00,0.00,32.4,125.79,634.46,270.17,DESCEND
6.5550,0.0042,0.7075,-0.4442,-0.00213,-0.01553,0.01431,-5.00,0.00,0.00,32.4,125.79,634.46,270.13,DESCEND
6.5651,0.1442,0.1875,-0.0442,0.00786,-0.00353,0.01231,-5.00,0.00,0.00,32.5,125.79,634.46,270.07,DESCEND
6.5752,0.1342,0.0575,-0.3042,-0.00713,-0.01653,0.01231,-5.00,0.00,0.00,32.5,125.79,634.46,270.03,DESCEND
6.5853,0.0342,0.5275,-0.3642,-0.00013,-0.00653,0.01831,-5.00,0.00,0.00,32.6,125.79,634.46,269.97,DESCEND
6.5954,0.2542,0.3475,-0.2642,-0.01113,-0.01953,0.01131,-5.00,0.00,0.00,32.6,125.79,634.46,269.93,DESCEND
6.6055,0.1142,0.2275,-0.1142,0.01486,-0.00053,0.01331,-5.00,0.00,0.00,32.7,125.79,634.47,269.87,DESCEND
6.6156,0.0142,0.2575,0.0657,-0.01413,-0.00953,0.00831,-5.00,0.00,0.00,32.7,125.79,634.47,269.83,DESCEND
6.6257,0.1142,0.3075,-0.1442,0.00986,-0.00453,0.01031,-5.00,0.00,0.00,32.8,125.79,634.47,269.77,DESCEND
6.6358,-0.0457,0.3775,-0.1042,-0.01313,-0.01453,0.01731,-5.00,0.00,0.00,32.8,125.79,634.47,269.73,DESCEND
6.6459,0.1442,0.3275,-0.2742,-0.00813,-0.01553,0.01231,-5.00,0.00,0.00,32.9,125.79,634.47,269.67,DESCEND
6.6560,-0.0057,0.5975,-0.3742,-0.00613,-0.00953,0.01231,-5.00,0.00,0.00,32.9,125.79,634.48,269.61,DESCEND
6.6661,0.0642,0.0175,0.1257,0.00286,0.00046,0.00931,-5.00,0.00,0.00,33.0,125.79,634.48,269.57,DESCEND
6.6762,0.2642,-0.1024,-0.3142,0.00686,-0.00553,0.01131,-5.00,0.00,0.00,33.0,125.79,634.48,269.51,DESCEND
6.6863,0.2742,0.2875,-0.0642,0.01186,-0.00553,0.01231,-5.00,0.00,0.00,33.1,125.79,634.48,269.47,DESCEND
6.6964,0.0942,0.1675,-0.1642,0.00686,-0.00353,0.01031,-5.00,0.00,0.00,33.1,125.79,634.48,269.41,DESCEND
6.7065,-0.0157,0.1575,0.0957,-0.00513,-0.00053,0.01331,-5.00,0.00,0.00,33.2,125.79,634.48,269.37,DESCEND
6.7166,0.1142,0.3575,-0.5242,0.00086,-0.01253,0.01031,-5.00,0.00,0.00,33.2,125.79,634.49,269.31,DESCEND
6.7267,0.1742,0.2375,-0.2342,0.01586,-0.01453,0.01031,-5.00,0.00,0.00,33.3,125.79,634.49,269.27,DESCEND
6.7368,0.1642,0.2875,-0.3342,0.00986,-0.00853,0.01031,-5.00,0.00,0.00,33.3,125.79,634.49,269.21,DESCEND
6.7469,-0.0157,0.0275,-0.1042,-0.00713,-0.00853,0.01331,-5.00,0.00,0.00,33.4,125.79,634.49,269.17,DESCEND
6.7570,0.1442,0.0175,-0.0142,0.00686,-0.00553,0.00731,-5.00,0.00,0.00,33.4,125.79,634.49,269.11,DESCEND
6.7671,0.0342,0.1775,-0.1942,-0.01413,-0.01153,0.01031,-5.00,0.00,0.00,33.5,125.79,634.50,269.07,DESCEND
6.7772,0.2242,-0.0224,-0.1442,0.00486,-0.00753,0.01331,-5.00,0.00,0.00,33.5,125.79,634.50,269.01,DESCEND
6.7873,0.3342,0.3075,-0.2642,0.02286,-0.00053,0.01331,-5.00,0.00,0.00,33.6,125.79,634.50,268.97,DESCEND
6.7974,0.1842,0.4975,-0.3142,-0.00313,-0.01553,0.01331,-5.00,0.00,0.00,33.6,125.79,634.50,268.91,DESCEND
6.8075,0.1442,0.2975,-0.2642,-0.00213,-0.01453,0.01431,-5.00,0.00,0.00,33.7,125.79,634.50,268.87,DESCEND
6.8176,0.1142,0.2675,-0.1042,0.00786,-0.00553,0.01431,-5.00,0.00,0.00,33.7,125.79,634.51,268.81,DESCEND
6.8277,0.2542,0.2275,-0.2442,0.01186,0.00046,0.01131,-5.00,0.00,0.00,33.8,125.79,634.51,268.77,DESCEND
6.8377,-0.1257,0.4875,-0.1942,-0.01713,-0.00953,0.01431,-5.00,0.00,0.00,33.8,125.79,634.51,268.71,DESCEND
6.8479,0.1042,0.5575,-0.5342,0.00386,-0.02253,0.01431,-5.00,0.00,0.00,33.9,125.79,634.51,268.65,DESCEND
6.8580,-0.1157,0.1775,-0.1442,-0.00713,-0.00853,0.01531,-5.00,0.00,0.00,33.9,125.79,634.51,268.61,DESCEND
6.8681,-0.0357,0.1575,-0.1842,-0.01313,-0.00453,0.01331,-5.00,0.00,0.00,34.0,125.79,634.52,268.55,DESCEND
6.8782,0.2742,0.3775,-0.2842,-0.00213,-0.01653,0.00631,-5.00,0.00,0.00,34.0,125.79,634.52,268.51,DESCEND
6.8883,0.0342,0.2375,0.0957,0.00886,-0.00253,0.01531,-5.00,0.00,0.00,34.1,125.79,634.52,268.45,DESCEND
6.8984,-0.0257,0.2575,-0.0942,-0.00513,-0.00553,0.01431,-5.00,0.00,0.00,34.1,125.79,634.52,268.41,DESCEND
6.9085,0.1142,-0.1424,0.0257,-0.00213,-0.00753,0.00431,-5.00,0.00,0.00,34.2,125.79,634.52,268.35,DESCEND
6.9186,0.2242,-0.1624,0.2557,0.01186,0.01346,0.00731,-5.00,0.00,0.00,34.2,125.79,634.52,268.31,DESCEND
6.9287,0.2942,0.3175,-0.5642,0.01586,-0.01253,0.01331,-5.00,0.00,0.00,34.3,125.79,634.53,268.25,DESCEND
6.9388,0.0142,0.3975,-0.5042,-0.00913,-0.02253,0.01131,-5.00,0.00,0.00,34.3,125.79,634.53,268.21,DESCEND
6.9489,0.0542,0.3775,-0.2942,0.00986,-0.00353,0.01831,-5.00,0.00,0.00,34.4,125.79,634.53,268.15,DESCEND
6.9590,0.2242,0.5075,-0.4142,-0.00313,-0.02153,0.01531,-5.00,0.00,0.00,34.4,125.79,634.53,268.11,DESCEND
6.9691,0.0042,0.5475,-0.1042,-0.00513,-0.01253,0.01731,-5.00,0.00,0.00,34.5,125.79,634.53,268.05,DESCEND
6.9792,0.1242,0.0575,-0.1742,-0.00713,-0.00853,0.01031,-5.00,0.00,0.00,34.5,125.79,634.54,268.01,DESCEND
6.9893,-0.0957,0.4675,-0.2942,-0.00713,-0.01053,0.01431,-5.00,0.00,0.00,34.6,125.79,634.54,267.95,DESCEND
6.9994,0.0342,0.2475,-0.0642,-0.01413,-0.01653,0.01431,-5.00,0.00,0.00,34.6,125.79,634.54,267.91,DESCEND
7.0095,0.1542,0.6275,-0.1542,-0.00013,-0.01353,0.01431,-5.00,0.00,0.00,34.7,125.79,634.54,267.85,DESCEND
7.0196,0.0442,0.1075,-0.0142,-0.01013,-0.00453,0.00831,-5.00,0.00,0.00,34.7,125.79,634.54,267.81,DESCEND
7.0297,-0.0257,0.4575,-0.3342,-0.00313,-0.01253,0.01431,-5.00,0.00,0.00,34.8,125.79,634.54,267.75,DESCEND
7.0397,0.2042,0.2175,-0.1642,0.01086,-0.00453,0.01231,-5.00,0.00,0.00,34.8,125.79,634.55,267.71,DESCEND
7.0499,0.0642,0.1575,-0.0342,-0.00113,-0.00953,0.01131,-5.00,0.00,0.00,34.9,125.79,634.55,267.65,DESCEND
7.0600,0.1142,0.1675,-0.1042,-0.00113,-0.00853,0.01031,-5.00,0.00,0.00,35.0,125.79,634.55,267.59,DESCEND
7.0701,0.0942,0.4475,-0.1842,0.00686,-0.00253,0.01231,-5.00,0.00,0.00,35.0,125.79,634.55,267.55,DESCEND
7.0802,-0.0357,-0.0524,0.1757,0.00186,0.00446,0.01431,-5.00,0.00,0.00,35.1,125.79,634.55,267.49,DESCEND
7.0903,-0.0657,0.3375,-0.3642,-0.01013,-0.00853,0.01331,-5.00,0.00,0.00,35.1,125.79,634.56,267.45,DESCEND
7.1004,0.4642,0.4175,-0.5842,0.00786,-0.02053,0.01031,-5.00,0.00,0.00,35.2,125.80,634.56,267.39,DESCEND
7.1105,0.0742,0.2575,-0.1942,-0.01013,-0.01753,0.01331,-5.00,0.00,0.00,35.2,125.80,634.56,267.35,DESCEND
7.1206,0.2042,0.1875,-0.3142,0.01686,-0.00753,0.01231,-5.00,0.00,0.00,35.3,125.80,634.56,267.29,DESCEND
7.1307,-0.0157,0.6175,-0.6242,0.00386,-0.00753,0.01531,-5.00,0.00,0.00,35.3,125.80,634.56,267.25,DESCEND
7.1408,0.0742,0.1575,-0.2842,0.01886,0.00346,0.01231,-5.00,0.00,0.00,35.4,125.80,634.57,267.19,DESCEND
7.1508,-0.2857,0.4375,0.2157,-0.01913,-0.00153,0.01431,-5.00,0.00,0.00,35.4,125.80,634.57,267.15,DESCEND
7.1609,-0.0457,-0.2824,0.0557,-0.00713,-0.00553,0.00731,-5.00,0.00,0.00,35.5,125.80,634.57,267.09,DESCEND
7.1710,0.0042,0.4775,-0.5542,-0.02213,-0.01853,0.01631,-5.00,0.00,0.00,35.5,125.80,634.57,267.05,DESCEND
7.1811,0.2442,0.4675,-0.4342,0.00986,-0.01353,0.01531,-5.00,0.00,0.00,35.6,125.80,634.57,266.99,DESCEND
7.1912,-0.0457,0.1375,-0.1042,-0.01413,-0.01553,0.01231,-5.00,0.00,0.00,35.6,125.80,634.57,266.95,DESCEND
7.2013,0.0542,0.2475,-0.1842,-0.00913,-0.01353,0.01231,-5.00,0.00,0.00,35.7,125.80,634.58,266.89,DESCEND
7.2114,0.0842,0.3175,-0.1242,-0.00813,-0.00853,0.01531,-5.00,0.00,0.00,35.7,125.80,634.58,266.85,DESCEND
7.2215,0.2142,0.1375,-0.1342,0.01286,-0.00953,0.01331,-5.00,0.00,0.00,35.8,125.80,634.58,266.79,DESCEND
7.2316,0.0642,0.3275,-0.0842,-0.00713,-0.01153,0.01331,-5.00,0.00,0.00,35.8,125.80,634.58,266.75,DESCEND
7.2417,-0.0557,0.2075,0.0657,-0.02213,-0.01653,0.01231,-5.00,0.00,0.00,35.9,125.80,634.58,266.69,DESCEND
7.2518,0.1242,0.1975,-0.4642,-0.00413,-0.01753,0.01531,-5.00,0.00,0.00,35.9,125.80,634.59,266.65,DESCEND
7.2619,0.0642,0.2275,-0.1042,-0.01513,-0.00253,0.01031,-5.00,0.00,0.00,36.0,125.80,634.59,266.59,DESCEND
7.2720,0.0242,0.4475,-0.4442,-0.00213,-0.01153,0.01431,-5.00,0.00,0.00,36.0,125.80,634.59,266.53,DESCEND
7.2821,0.3042,-0.1124,0.2157,0.00486,-0.01253,0.01331,-5.00,0.00,0.00,36.1,125.80,634.59,266.49,DESCEND
7.2922,-0.1057,0.3975,-0.0742,-0.00213,-0.00053,0.01331,-5.00,0.00,0.00,36.1,125.80,634.59,266.43,DESCEND
7.3023,0.1342,0.4175,-0.2642,-0.00813,-0.00753,0.01431,-5.00,0.00,0.00,36.2,125.80,634.60,266.39,DESCEND
7.3124,0.2042,0.4975,-0.4742,0.01686,-0.00953,0.01531,-5.00,0.00,0.00,36.2,125.80,634.60,266.33,DESCEND
7.3225,0.1242,0.5475,-0.4042,-0.01313,-0.02353,0.01231,-5.00,0.00,0.00,36.3,125.80,634.60,266.29,DESCEND
7.3326,0.1242,0.0775,-0.0042,0.00286,-0.00453,0.01231,-5.00,0.00,0.00,36.3,125.80,634.60,266.23,DESCEND
7.3427,0.1442,0.3975,-0.4042,-0.00013,-0.01253,0.01431,-5.00,0.00,0.00,36.4,125.80,634.60,266.19,DESCEND
7.3528,-0.1057,0.6375,-0.3442,0.00086,-0.00953,0.01331,-5.00,0.00,0.00,36.4,125.80,634.61,266.13,DESCEND
7.3629,-0.0657,-0.0524,0.0557,-0.00813,-0.00453,0.01231,-5.00,0.00,0.00,36.5,125.80,634.61,266.09,DESCEND
7.3730,-0.1357,0.2475,-0.1742,-0.02113,-0.01153,0.01031,-5.00,0.00,0.00,36.5,125.80,634.61,266.03,DESCEND
7.3831,0.0842,0.0075,-0.0842,-0.01013,-0.00753,0.01031,-5.00,0.00,0.00,36.6,125.80,634.61,265.99,DESCEND
7.3932,-0.0357,-0.1024,-0.1342,-0.00513,-0.00053,0.01131,-5.00,0.00,0.00,36.6,125.80,634.61,265.93,DESCEND
7.4033,0.0842,0.1275,-0.0242,0.00886,0.00046,0.01431,-5.00,0.00,0.00,36.7,125.80,634.61,265.89,DESCEND
7.4134,-0.0257,0.1875,-0.2042,-0.00013,-0.00753,0.01331,-5.00,0.00,0.00,36.7,125.80,634.62,265.83,DESCEND
7.4235,0.1342,0.3175,-0.1242,0.00886,0.00346,0.01431,-5.00,0.00,0.00,36.8,125.80,634.62,265.79,DESCEND
7.4336,0.1842,0.0375,-0.1042,-0.00513,-0.02453,0.01131,-5.00,0.00,0.00,36.8,125.80,634.62,265.73,DESCEND
7.4437,0.0942,0.3675,-0.3042,0.00386,-0.01053,0.01431,-5.00,0.00,0.00,36.9,125.80,634.62,265.69,DESCEND
7.4538,0.1642,0.6775,-0.5142,-0.00313,-0.01553,0.01231,-5.00,0.00,0.00,36.9,125.80,634.62,265.63,DESCEND
7.4639,0.0542,0.5375,-0.2942,-0.00713,-0.01953,0.01731,-5.00,0.00,0.00,37.0,125.80,634.63,265.57,DESCEND
7.4740,0.0942,0.1475,-0.1942,-0.00613,-0.01153,0.01131,-5.00,0.00,0.00,37.0,125.80,634.63,265.53,DESCEND
7.4841,-0.1257,0.3275,-0.0042,-0.01713,-0.00653,0.01231,-5.00,0.00,0.00,37.1,125.80,634.63,265.47,DESCEND
7.4942,-0.1157,0.3775,-0.3542,-0.01613,-0.01853,0.01431,-5.00,0.00,0.00,37.1,125.80,634.63,265.43,DESCEND
7.5043,-0.0957,0.1775,-0.1642,-0.02013,-0.01153,0.01331,-5.00,0.00,0.00,37.2,125.80,634.63,265.37,DESCEND
7.5144,0.2142,0.5475,-0.1442,-0.00113,-0.00853,0.01431,-5.00,0.00,0.00,37.2,125.80,634.64,265.33,DESCEND
7.5245,0.1642,0.3575,-0.0542,-0.00213,-0.01653,0.01731,-5.00,0.00,0.00,37.3,125.80,634.64,265.27,DESCEND
7.5346,0.0342,0.0875,-0.1842,-0.00813,-0.01153,0.01331,-5.00,0.00,0.00,37.3,125.80,634.64,265.23,DESCEND
7.5447,0.2742,0.2075,-0.0742,0.01586,-0.00853,0.00831,-5.00,0.00,0.00,37.4,125.80,634.64,265.17,DESCEND
7.5548,0.1642,0.3975,-0.3142,-0.01713,-0.02253,0.01431,-5.00,0.00,0.00,37.4,125.80,634.64,265.13,DESCEND
7.5649,0.0142,0.0575,-0.4242,0.00286,-0.01253,0.01231,-5.00,0.00,0.00,37.5,125.80,634.64,265.07,DESCEND
7.5750,-0.0557,0.2775,-0.2442,-0.02113,-0.01453,0.01431,-5.00,0.00,0.00,37.5,125.80,634.65,265.03,DESCEND
7.5851,0.0342,0.2775,-0.2942,-0.00413,-0.01353,0.01531,-5.00,0.00,0.00,37.6,125.80,634.65,264.97,DESCEND
7.5952,0.1842,0.4275,-0.1342,0.00686,-0.00753,0.01231,-5.00,0.00,0.00,37.6,125.80,634.65,264.93,DESCEND
7.6053,-0.0357,-0.0024,-0.1242,-0.01713,-0.01553,0.01231,-5.00,0.00,0.00,37.7,125.80,634.65,264.87,DESCEND
7.6154,0.0342,0.2075,0.0257,-0.00413,0.00146,0.00831,-5.00,0.00,0.00,37.7,125.80,634.65,264.83,DESCEND
7.6255,0.0842,0.1275,-0.2642,-0.02313,-0.01653,0.01131,-5.00,0.00,0.00,37.8,125.80,634.66,264.77,DESCEND
7.6356,0.2342,-0.0124,0.2957,0.00386,0.00246,0.01031,-5.00,0.00,0.00,37.8,125.80,634.66,264.73,DESCEND
7.6457,0.2042,0.1875,-0.2842,0.00186,-0.01453,0.01031,-5.00,0.00,0.00,37.9,125.80,634.66,264.67,DESCEND
7.6558,-0.0657,0.0975,-0.0542,-0.01113,-0.00153,0.01131,-5.00,0.00,0.00,37.9,125.80,634.66,264.61,DESCEND
7.6659,0.2142,0.3375,-0.4442,-0.00413,-0.02753,0.01831,-5.00,0.00,0.00,38.0,125.80,634.66,264.57,DESCEND
7.6761,0.0842,0.1775,0.1657,-0.01413,-0.00953,0.01231,-5.00,0.00,0.00,38.0,125.80,634.67,264.51,DESCEND
7.6862,0.2642,0.2175,-0.1542,0.00286,-0.00653,0.01131,-5.00,0.00,0.00,38.1,125.80,634.67,264.47,DESCEND
7.6962,-0.1157,0.5475,-0.4942,-0.02313,-0.01253,0.02031,-5.00,0.00,0.00,38.1,125.80,634.67,264.41,DESCEND
7.7064,0.1042,0.6575,-0.5042,-0.00013,-0.01453,0.01331,-5.00,0.00,0.00,38.2,125.80,634.67,264.37,DESCEND
7.7165,0.0942,0.3375,-0.2642,0.00886,-0.00753,0.01031,-5.00,0.00,0.00,38.2,125.80,634.67,264.31,DESCEND
7.7265,-0.2357,0.2275,-0.2942,-0.01413,0.00046,0.01431,-5.00,0.00,0.00,38.3,125.80,634.67,264.27,DESCEND
7.7367,0.1242,0.0775,-0.0442,0.00886,0.00446,0.01531,-5.00,0.00,0.00,38.3,125.80,634.68,264.21,DESCEND
7.7467,0.1042,0.1775,-0.0842,0.01386,0.00346,0.01331,-5.00,0.00,0.00,38.4,125.80,634.68,264.17,DESCEND
7.7568,0.0642,0.1275,-0.2642,0.00286,-0.00453,0.01231,-5.00,0.00,0.00,38.4,125.80,634.68,264.11,DESCEND
7.7669,0.0142,0.2075,-0.4542,0.00186,-0.01053,0.01331,-5.00,0.00,0.00,38.5,125.80,634.68,264.07,DESCEND
7.7770,0.0142,0.3675,-0.3542,-0.00613,-0.00953,0.01431,-5.00,0.00,0.00,38.5,125.80,634.68,264.01,DESCEND
7.7871,0.2142,0.4675,-0.4842,0.00086,-0.02353,0.01531,-5.00,0.00,0.00,38.6,125.80,634.69,263.97,DESCEND
7.7972,0.1342,0.3875,-0.3442,0.00386,-0.00353,0.01431,-5.00,0.00,0.00,38.6,125.80,634.69,263.91,DESCEND
7.8073,-0.0857,0.7575,-0.3242,-0.03013,-0.01953,0.01931,-5.00,0.00,0.00,38.7,125.80,634.69,263.87,DESCEND
7.8174,-0.0157,0.2775,0.0557,0.00586,0.00246,0.01431,-5.00,0.00,0.00,38.7,125.80,634.69,263.81,DESCEND
7.8275,0.1142,0.1275,-0.1442,0.00086,-0.00653,0.01231,-5.00,0.00,0.00,38.8,125.80,634.69,263.77,DESCEND
7.8376,0.0242,0.5875,-0.5442,-0.00413,-0.00853,0.01331,-5.00,0.00,0.00,38.8,125.81,634.70,263.71,DESCEND
7.8477,-0.1857,0.1575,0.0357,-0.01213,-0.00153,0.01231,-5.00,0.00,0.00,38.9,125.81,634.70,263.65,DESCEND
7.8578,0.2342,0.1575,-0.2442,-0.01613,-0.01553,0.01331,-5.00,0.00,0.00,38.9,125.81,634.70,263.61,DESCEND
7.8679,0.1042,0.5075,-0.7342,-0.01113,-0.02253,0.01631,-5.00,0.00,0.00,39.0,125.81,634.70,263.55,DESCEND
7.8780,0.0342,0.4575,-0.4442,-0.00913,-0.01653,0.01631,-5.00,0.00,0.00,39.0,125.81,634.70,263.51,DESCEND
7.8881,0.0042,0.4075,-0.3742,0.00686,-0.00353,0.01631,-5.00,0.00,0.00,39.1,125.81,634.71,263.45,DESCEND
7.8982,-0.0057,0.6075,-0.2042,0.00886,-0.00253,0.01731,-5.00,0.00,0.00,39.1,125.81,634.71,263.41,DESCEND
7.9083,0.0642,0.5275,-0.1742,-0.00913,-0.02053,0.01731,-5.00,0.00,0.00,39.2,125.81,634.71,263.35,DESCEND
7.9184,-0.0457,0.1575,-0.2142,0.00186,-0.00453,0.00931,-5.00,0.00,0.00,39.2,125.81,634.71,263.31,DESCEND
7.9285,0.0642,0.1875,-0.0342,-0.01013,-0.01053,0.01331,-5.00,0.00,0.00,39.3,125.81,634.71,263.25,DESCEND
7.9386,0.1342,0.1075,-0.2742,-0.00913,-0.01853,0.01431,-5.00,0.00,0.00,39.3,125.81,634.71,263.21,DESCEND
7.9487,0.0742,0.4175,-0.0542,-0.00113,-0.00653,0.01331,-5.00,0.00,0.00,39.4,125.81,634.72,263.15,DESCEND
7.9588,-0.0057,0.6175,-0.4542,-0.01313,-0.01653,0.01131,-5.00,0.00,0.00,39.4,125.81,634.72,263.11,DESCEND
7.9689,0.0442,0.3075,-0.2442,-0.01113,-0.01553,0.01531,-5.00,0.00,0.00,39.5,125.81,634.72,263.05,DESCEND
7.9790,0.2142,0.4575,-0.7142,-0.00713,-0.02353,0.01331,-5.00,0.00,0.00,39.5,125.81,634.72,263.01,DESCEND
7.9891,0.0742,0.3575,0.0257,0.00386,-0.00553,0.01631,-5.00,0.00,0.00,39.6,125.81,634.72,262.95,DESCEND
7.9992,0.1642,0.1975,-0.3142,0.00786,-0.00853,0.01231,-5.00,0.00,0.00,39.6,125.81,634.73,262.91,DESCEND
8.0093,0.1842,0.1775,-0.1442,0.00986,-0.00053,0.01231,-5.00,0.00,0.00,39.7,125.81,634.73,262.85,DESCEND
8.0194,0.0542,0.4475,-0.5442,0.00186,-0.01553,0.01631,-5.00,0.00,0.00,39.7,125.81,634.73,262.81,DESCEND
8.0295,0.2142,0.2475,-0.0442,0.00586,-0.00953,0.01031,-5.00,0.00,0.00,39.8,125.81,634.73,262.75,DESCEND
8.0396,0.0642,0.0875,-0.1042,0.00386,-0.00253,0.01131,-5.00,0.00,0.00,39.8,125.81,634.73,262.71,DESCEND
8.0497,0.1842,0.4075,-0.2542,0.00786,-0.01253,0.01731,-5.00,0.00,0.00,39.9,125.81,634.73,262.65,DESCEND
8.0597,0.0742,0.2575,0.0257,0.00186,-0.01053,0.01231,-5.00,0.00,0.00,39.9,125.81,634.74,262.61,DESCEND
8.0698,0.3342,0.2875,-0.0942,0.01386,-0.00653,0.01131,-5.00,0.00,0.00,40.0,125.81,634.74,262.55,DESCEND
8.0799,-0.1457,0.1475,-0.2442,0.00086,-0.00453,0.01531,-5.00,0.00,0.00,40.1,125.81,634.74,262.49,DESCEND
8.0900,0.1842,0.3475,-0.0042,0.00886,0.00346,0.01231,-5.00,0.00,0.00,40.1,125.81,634.74,262.45,DESCEND
8.1001,-0.1557,0.3775,-0.3742,-0.00213,-0.00453,0.01831,-5.00,0.00,0.00,40.2,125.81,634.74,262.39,DESCEND
8.1102,0.2342,0.1175,-0.0242,0.00186,-0.00853,0.01431,-5.00,0.00,0.00,40.2,125.81,634.75,262.35,DESCEND
8.1203,0.1442,0.0875,-0.0342,-0.00813,-0.01453,0.01131,-5.00,0.00,0.00,40.3,125.81,634.75,262.29,DESCEND
8.1304,0.1342,0.2275,0.1057,-0.00013,-0.00753,0.01231,-5.00,0.00,0.00,40.3,125.81,634.75,262.25,DESCEND
8.1405,-0.0957,0.2175,-0.2942,-0.02113,-0.01253,0.01731,-5.00,0.00,0.00,40.3,125.81,634.75,262.21,DESCEND
8.1506,0.0942,0.5375,-0.5542,-0.00513,-0.01353,0.01731,-5.00,0.00,0.00,40.4,125.81,634.75,262.15,DESCEND
8.1607,-0.0157,0.3175,0.0357,-0.00413,-0.01053,0.01531,-5.00,0.00,0.00,40.5,125.81,634.76,262.09,DESCEND
8.1708,0.1442,0.0175,0.1157,0.01986,-0.00153,0.01431,-5.00,0.00,0.00,40.5,125.81,634.76,262.05,DESCEND
8.1809,0.0242,0.2175,-0.2542,-0.01113,-0.02053,0.01631,-5.00,0.00,0.00,40.6,125.81,634.76,261.99,DESCEND
8.1910,0.0642,0.4475,-0.5142,0.01286,-0.00853,0.01531,-5.00,0.00,0.00,40.6,125.81,634.76,261.95,DESCEND
8.2011,0.0542,0.4875,-0.1442,-0.00413,-0.00653,0.01431,-5.00,0.00,0.00,40.7,125.81,634.76,261.89,DESCEND
8.2112,0.1542,0.1375,-0.3442,0.00386,-0.01253,0.01531,-5.00,0.00,0.00,40.7,125.81,634.76,261.85,DESCEND
8.2213,-0.0457,0.3475,-0.0242,-0.01213,0.00046,0.01331,-5.00,0.00,0.00,40.8,125.81,634.77,261.79,DESCEND
8.2314,-0.0057,0.4975,-0.3842,-0.00813,-0.00953,0.02031,-5.00,0.00,0.00,40.8,125.81,634.77,261.75,DESCEND
8.2415,0.1442,0.3275,-0.2942,-0.01013,-0.01453,0.01231,-5.00,0.00,0.00,40.9,125.81,634.77,261.69,DESCEND
8.2516,0.1042,0.2875,-0.2742,0.00586,-0.00953,0.01331,-5.00,0.00,0.00,40.9,125.81,634.77,261.65,DESCEND
8.2617,-0.0157,0.4675,-0.4742,-0.01613,-0.02053,0.01931,-5.00,0.00,0.00,41.0,125.81,634.77,261.59,DESCEND
8.2717,-0.0357,0.2475,-0.0142,-0.00413,-0.00453,0.01331,-5.00,0.00,0.00,41.0,125.81,634.78,261.55,DESCEND
8.2818,0.2442,0.0675,0.0957,0.00086,-0.00853,0.01031,-5.00,0.00,0.00,41.1,125.81,634.78,261.49,DESCEND
8.2919,-0.1057,0.1575,-0.0542,0.00186,0.00346,0.01031,-5.00,0.00,0.00,41.1,125.81,634.78,261.43,DESCEND
8.3020,0.2242,-0.0224,-0.0442,-0.01013,-0.01153,0.01231,-5.00,0.00,0.00,41.2,125.81,634.78,261.39,DESCEND
8.3121,0.0742,0.0675,-0.0942,-0.00513,-0.00553,0.01131,-5.00,0.00,0.00,41.2,125.81,634.78,261.33,DESCEND
8.3222,0.0842,0.1975,-0.1742,0.00986,-0.00153,0.01431,-5.00,0.00,0.00,41.3,125.81,634.79,261.29,DESCEND
8.3323,0.2042,0.6175,-0.2542,-0.00313,-0.01853,0.01531,-5.00,0.00,0.00,41.3,125.81,634.79,261.23,DESCEND
8.3424,0.1542,0.0775,0.0857,0.01186,-0.00553,0.01331,-5.00,0.00,0.00,41.4,125.81,634.79,261.19,DESCEND
8.3525,0.0442,0.3275,-0.3242,-0.00113,-0.01253,0.01331,-5.00,0.00,0.00,41.4,125.81,634.79,261.13,DESCEND
8.3626,0.0542,0.1775,-0.1542,-0.00113,-0.00353,0.01231,-5.00,0.00,0.00,41.5,125.81,634.79,261.09,DESCEND
8.3727,0.0542,0.0475,-0.2342,-0.00013,-0.00353,0.01431,-5.00,0.00,0.00,41.5,125.81,634.80,261.03,DESCEND
8.3828,0.1242,0.2675,-0.2342,0.00386,-0.00353,0.01231,-5.00,0.00,0.00,41.6,125.81,634.80,260.99,DESCEND
8.3929,0.1342,0.1375,-0.2142,-0.01013,-0.00253,0.01131,-5.00,0.00,0.00,41.6,125.81,634.80,260.93,DESCEND
8.4030,0.3142,0.0575,0.0057,0.01986,0.01946,0.00631,-5.00,0.00,0.00,41.7,125.81,634.80,260.89,DESCEND
8.4131,0.2042,0.5575,-0.4642,-0.00213,-0.00353,0.01431,-5.00,0.00,0.00,41.7,125.81,634.80,260.83,DESCEND
8.4232,0.3442,0.3675,-0.4942,-0.00113,0.00546,0.00631,-5.00,0.00,0.00,41.8,125.81,634.80,260.79,DESCEND
8.4333,0.4642,0.4875,-0.3242,0.00786,0.01146,0.00931,-5.00,0.00,0.00,41.8,125.81,634.81,260.73,DESCEND
8.4434,0.2542,1.0075,-0.5442,0.00286,0.02846,0.01131,-5.00,0.00,0.00,41.9,125.81,634.81,260.69,DESCEND
8.4536,0.2642,0.2075,-0.4442,-0.00213,0.01446,0.00831,-5.00,0.00,0.00,41.9,125.81,634.81,260.63,DESCEND
8.4636,0.2842,-0.0024,0.0657,0.00386,0.03246,0.00531,-5.00,0.00,0.00,42.0,125.81,634.81,260.59,DESCEND
8.4737,0.3742,0.1675,-0.0742,-0.00113,0.02546,0.00331,-5.00,0.00,0.00,42.0,125.81,634.81,260.53,DESCEND
8.4838,0.4042,0.0575,0.0357,0.01186,0.04146,0.00431,-5.00,0.00,0.00,42.1,125.81,634.82,260.47,DESCEND
8.4939,0.3342,0.4475,-0.3342,0.00486,0.03146,0.00431,-5.00,0.00,0.00,42.1,125.81,634.82,260.43,DESCEND
8.5040,0.5442,0.4175,-0.1542,-0.00313,0.02146,0.00231,-5.00,0.00,0.00,42.2,125.81,634.82,260.37,DESCEND
8.5141,0.3642,0.6775,-0.4642,0.00486,0.03846,0.00831,-5.00,0.00,0.00,42.2,125.81,634.82,260.33,DESCEND
8.5243,0.5642,0.3375,-0.2542,0.01086,0.04246,0.00331,-5.00,0.00,0.00,42.3,125.81,634.82,260.27,DESCEND
8.5344,0.4242,0.3675,-0.2042,0.00286,0.05046,-0.00068,-5.00,0.00,0.00,42.3,125.81,634.82,260.23,DESCEND
8.5445,0.3342,0.4675,-0.1642,-0.00013,0.04746,0.00331,-5.00,0.00,0.00,42.4,125.81,634.83,260.17,DESCEND
8.5545,0.6042,0.3275,-0.1842,0.01186,0.04546,0.00231,-5.00,0.00,0.00,42.4,125.81,634.83,260.13,DESCEND
8.5646,0.4842,0.6775,-0.4842,0.00886,0.05146,0.00331,-5.00,0.00,0.00,42.5,125.81,634.83,260.07,DESCEND
8.5747,0.4842,0.0575,-0.2042,0.00986,0.06246,-0.00168,-5.00,0.00,0.00,42.5,125.81,634.83,260.04,DESCEND
8.5848,0.5442,0.3975,-0.2442,0.00186,0.05246,0.00331,-5.00,0.00,0.00,42.6,125.82,634.83,259.98,DESCEND
8.5949,0.3242,0.1875,-0.0742,-0.01213,0.06046,-0.00068,-5.00,0.00,0.00,42.6,125.82,634.84,259.94,DESCEND
8.6050,0.5042,0.3575,-0.5442,-0.00613,0.03846,0.00131,-5.00,0.00,0.00,42.7,125.82,634.84,259.88,DESCEND
8.6151,0.5942,-0.0424,-0.0242,0.00986,0.06546,-0.00668,-5.00,0.00,0.00,42.7,125.82,634.84,259.84,DESCEND
8.6252,0.4442,0.2075,-0.2342,-0.01013,0.06146,0.00031,-5.00,0.00,0.00,42.8,125.82,634.84,259.78,DESCEND
8.6353,0.4542,0.1675,-0.1842,0.00386,0.06746,-0.00268,-5.00,0.00,0.00,42.8,125.82,634.84,259.74,DESCEND
8.6454,0.5142,0.3775,-0.1942,0.00786,0.06346,-0.00068,-5.00,0.00,0.00,42.9,125.82,634.85,259.68,DESCEND
8.6555,0.5542,0.2875,-0.3542,-0.02613,0.05046,-0.00468,-5.00,0.00,0.00,42.9,125.82,634.85,259.64,DESCEND
8.6656,0.6642,0.4875,-0.1042,-0.00113,0.07646,-0.00368,-5.00,0.00,0.00,43.0,125.82,634.85,259.58,DESCEND
8.6757,0.5642,0.1575,-0.1242,-0.00313,0.07146,-0.00668,-5.00,0.00,0.00,43.0,125.82,634.85,259.54,DESCEND
8.6857,0.7542,0.2175,-0.3542,0.00486,0.06646,-0.00768,-5.00,0.00,0.00,43.1,125.82,634.85,259.48,DESCEND
8.6958,0.7442,0.3975,-0.3842,0.02086,0.08146,-0.00168,-5.00,0.00,0.00,43.1,125.82,634.86,259.42,DESCEND
8.7059,0.7842,0.4175,-0.0442,0.01786,0.08746,-0.00668,-5.00,0.00,0.00,43.2,125.82,634.86,259.38,DESCEND
8.7160,0.7342,0.6075,-0.2642,-0.00513,0.07046,-0.00568,-5.00,0.00,0.00,43.2,125.82,634.86,259.32,DESCEND
8.7261,0.7642,-0.0624,-0.1342,0.01586,0.09046,-0.00868,-5.00,0.00,0.00,43.3,125.82,634.86,259.28,DESCEND
8.7362,0.7242,0.0875,-0.0242,0.01486,0.09146,-0.00268,-5.00,0.00,0.00,43.3,125.82,634.86,259.22,DESCEND
8.7463,0.8342,0.1675,-0.1242,0.00886,0.08346,-0.00668,-5.00,0.00,0.00,43.4,125.82,634.86,259.18,DESCEND
8.7564,0.8242,0.1575,-0.2442,0.00686,0.08446,-0.00668,-5.00,0.00,0.00,43.4,125.82,634.87,259.12,DESCEND
8.7665,0.7442,0.0375,-0.0942,0.01386,0.10946,-0.01168,-5.00,0.00,0.00,43.5,125.82,634.87,259.08,DESCEND
8.7766,0.7042,0.0475,0.0357,0.01686,0.10946,-0.00968,-5.00,0.00,0.00,43.5,125.82,634.87,259.02,DESCEND
8.7867,0.8642,0.3475,0.0357,0.02386,0.10946,-0.00968,-5.00,0.00,0.00,43.6,125.82,634.87,258.98,DESCEND
8.7968,0.5142,0.4075,-0.4342,-0.01713,0.09546,-0.00968,-5.00,0.00,0.00,43.6,125.82,634.87,258.92,DESCEND
8.8068,0.7042,0.2275,-0.1342,0.01386,0.10546,-0.00968,-5.00,0.00,0.00,43.7,125.82,634.88,258.88,DESCEND
8.8170,0.7342,0.2175,-0.2342,-0.00613,0.10046,-0.00768,-5.00,0.00,0.00,43.7,125.82,634.88,258.82,DESCEND
8.8271,0.9142,0.4275,-0.4042,-0.00013,0.09446,-0.01168,-5.00,0.00,0.00,43.8,125.82,634.88,258.78,DESCEND
8.8372,0.7842,0.2975,-0.0042,-0.00413,0.10646,-0.00868,-5.00,0.00,0.00,43.8,125.82,634.88,258.72,DESCEND
8.8473,0.8242,0.2475,-0.0542,-0.00813,0.10546,-0.01168,-5.00,0.00,0.00,43.9,125.82,634.88,258.68,DESCEND
8.8574,0.7242,0.6575,-0.4742,-0.00313,0.10346,-0.00868,-5.00,0.00,0.00,43.9,125.82,634.89,258.62,DESCEND
8.8675,0.8842,0.2175,0.0657,0.00586,0.11346,-0.01368,-5.00,0.00,0.00,44.0,125.82,634.89,258.58,DESCEND
8.8776,0.8742,0.0775,0.1857,0.00386,0.11546,-0.01668,-5.00,0.00,0.00,44.0,125.82,634.89,258.52,DESCEND
8.8877,0.8842,0.3175,0.2857,0.00486,0.11946,-0.01068,-5.00,0.00,0.00,44.1,125.82,634.89,258.48,DESCEND
8.8978,0.8842,0.3675,-0.2542,0.00286,0.11446,-0.01368,-5.00,0.00,0.00,44.1,125.82,634.89,258.42,DESCEND
8.9079,0.8542,0.2075,-0.2142,0.00986,0.11646,-0.01168,-5.00,0.00,0.00,44.2,125.82,634.89,258.36,DESCEND
8.9180,0.9742,-0.1624,0.2757,0.00086,0.12046,-0.02168,-5.00,0.00,0.00,44.2,125.82,634.90,258.32,DESCEND
8.9281,1.0442,0.3375,0.0457,0.01886,0.12546,-0.01268,-5.00,0.00,0.00,44.3,125.82,634.90,258.26,DESCEND
8.9382,0.9042,0.1775,-0.3842,-0.00713,0.11046,-0.01568,-5.00,0.00,0.00,44.3,125.82,634.90,258.22,DESCEND
8.9483,0.9842,0.4675,-0.1342,-0.00613,0.11546,-0.01268,-5.00,0.00,0.00,44.4,125.82,634.90,258.16,DESCEND
8.9584,0.8142,0.4275,-0.0842,0.00586,0.13246,-0.01468,-5.00,0.00,0.00,44.4,125.82,634.90,258.12,DESCEND
8.9685,0.8942,-0.0024,0.1157,-0.00413,0.12546,-0.02068,-5.00,0.00,0.00,44.5,125.82,634.91,258.06,DESCEND
8.9787,1.0342,0.3675,-0.1742,0.00286,0.12146,-0.01768,-5.00,0.00,0.00,44.5,125.82,634.91,258.02,DESCEND
8.9887,1.0842,0.2275,-0.0042,0.00586,0.12046,-0.01968,-5.00,0.00,0.00,44.6,125.82,634.91,257.96,SEARCH_Y
8.9988,0.8142,0.0775,0.0957,-0.00313,0.13546,-0.01968,0.00,-3.00,0.00,44.6,125.82,634.91,257.92,SEARCH_Y
9.0089,0.9442,-0.0524,0.2057,-0.00813,0.12346,-0.02068,0.00,-3.00,0.00,44.7,125.82,634.91,257.86,SEARCH_Y
9.0190,0.7242,0.3375,-0.1342,-0.02613,0.11946,-0.01168,0.00,-3.00,0.00,44.7,125.82,634.91,257.82,SEARCH_Y
9.0291,0.9942,0.3375,-0.1342,0.00286,0.12746,-0.01668,0.00,-3.00,0.00,44.8,125.81,634.92,257.77,SEARCH_Y
9.0392,1.1342,0.2675,-0.1442,0.00886,0.13646,-0.02368,0.00,-3.00,0.00,44.8,125.81,634.92,257.74,SEARCH_Y
9.0493,1.1842,0.1575,0.1957,0.02586,0.15446,-0.02668,0.00,-3.00,0.00,44.9,125.80,634.92,257.69,SEARCH_Y
9.0594,1.0542,-0.0624,-0.2242,-0.00313,0.14546,-0.02568,0.00,-3.00,0.00,44.9,125.79,634.92,257.66,SEARCH_Y
9.0695,1.0942,0.5075,-0.4542,0.00386,0.14646,-0.02368,0.00,-3.00,0.00,44.9,125.78,634.92,257.63,SEARCH_Y
9.0796,0.8942,-0.0724,0.2557,-0.00713,0.16146,-0.02768,0.00,-3.00,0.00,44.9,125.77,634.92,257.61,SEARCH_Y
9.0897,1.2542,0.6575,-0.3142,0.01086,0.16446,-0.02868,0.00,-3.00,0.00,45.0,125.75,634.92,257.58,SEARCH_Y
9.0998,1.3942,0.3975,-0.3142,0.02086,0.16746,-0.02768,0.00,-3.00,0.00,45.0,125.74,634.92,257.56,SEARCH_Y
9.1099,1.0942,0.5275,-0.3742,0.01286,0.17246,-0.03068,0.00,-3.00,0.00,45.0,125.71,634.92,257.54,SEARCH_Y
9.1201,1.0542,-0.0024,0.3257,0.00786,0.17746,-0.03168,0.00,-3.00,0.00,45.0,125.69,634.92,257.52,SEARCH_Y
9.1302,1.1742,0.1075,-0.0342,0.00786,0.18946,-0.03668,0.00,-3.00,0.00,45.0,125.67,634.92,257.51,SEARCH_Y
9.1403,1.1742,-0.0424,-0.0842,0.01486,0.18246,-0.03368,0.00,-3.00,0.00,45.0,125.65,634.92,257.51,SEARCH_Y
9.1504,1.2142,0.3875,0.0857,0.00286,0.17946,-0.03568,0.00,-3.00,0.00,45.1,125.62,634.92,257.50,SEARCH_Y
9.1605,1.4642,0.3175,-0.0042,0.00786,0.17946,-0.03968,0.00,-3.00,0.00,45.1,125.58,634.92,257.50,SEARCH_Y
9.1706,1.0842,0.2575,-0.1942,-0.00413,0.18546,-0.03468,0.00,-3.00,0.00,45.1,125.56,634.92,257.50,SEARCH_Y
9.1807,1.2042,0.3875,-0.2642,-0.00613,0.16746,-0.03168,0.00,-3.00,0.00,45.1,125.52,634.92,257.50,SEARCH_Y
9.1908,1.1342,0.1775,0.1657,0.00686,0.18246,-0.03668,0.00,-3.00,0.00,45.1,125.50,634.92,257.50,SEARCH_Y
9.2009,1.3142,0.3075,0.1557,-0.00313,0.18346,-0.03568,0.00,-3.00,0.00,45.1,125.46,634.92,257.50,SEARCH_Y
9.2110,1.0642,0.0175,0.2657,0.00886,0.18746,-0.03668,0.00,-3.00,0.00,45.1,125.44,634.92,257.50,SEARCH_Y
9.2211,1.1642,0.5375,-0.1242,-0.00513,0.17446,-0.03468,0.00,-3.00,0.00,45.1,125.40,634.91,257.50,SEARCH_Y
9.2312,1.2142,0.6375,-0.3842,0.01086,0.17946,-0.03168,0.00,-3.00,0.00,45.1,125.38,634.91,257.50,SEARCH_Y
9.2413,1.2442,0.3575,-0.0742,0.01386,0.18146,-0.03368,0.00,-3.00,0.00,45.1,125.34,634.91,257.50,SEARCH_Y
9.2514,1.6142,0.3175,0.0057,0.01486,0.17346,-0.03468,0.00,-3.00,0.00,45.1,125.32,634.91,257.50,SEARCH_Y
9.2615,1.1742,0.6475,-0.2742,-0.00813,0.17146,-0.03268,0.00,-3.00,0.00,45.1,125.28,634.91,257.50,SEARCH_Y
9.2716,1.1442,0.4475,-0.1242,-0.01613,0.17946,-0.03468,0.00,-3.00,0.00,45.1,125.26,634.91,257.50,SEARCH_Y
9.2817,1.6142,0.1775,-0.0742,0.01186,0.18146,-0.04168,0.00,-3.00,0.00,45.1,125.22,634.91,257.50,SEARCH_Y
9.2918,1.1842,0.0575,0.0357,-0.00213,0.17446,-0.04168,0.00,-3.00,0.00,45.1,125.18,634.91,257.50,SEARCH_Y
9.3019,1.2242,0.6275,-0.3042,-0.01813,0.17446,-0.03468,0.00,-3.00,0.00,45.1,125.16,634.91,257.50,SEARCH_Y
9.3120,1.1542,0.2475,-0.4842,-0.00313,0.18146,-0.03668,0.00,-3.00,0.00,45.1,125.12,634.91,257.50,SEARCH_Y
9.3221,1.0742,0.2975,-0.1942,-0.01613,0.18146,-0.04068,0.00,-3.00,0.00,45.1,125.10,634.91,257.50,SEARCH_Y
9.3322,1.3042,0.3475,-0.1442,0.00086,0.18146,-0.03668,0.00,-3.00,0.00,45.1,125.06,634.90,257.50,SEARCH_Y
9.3423,1.1442,0.4075,-0.0442,0.00186,0.19346,-0.03668,0.00,-3.00,0.00,45.1,125.04,634.90,257.49,SEARCH_Y
9.3524,1.1042,0.4875,-0.2642,-0.02313,0.18046,-0.03768,0.00,-3.00,0.00,45.1,125.00,634.90,257.49,SEARCH_Y
9.3625,1.3142,0.2875,0.0257,-0.00713,0.18246,-0.03968,0.00,-3.00,0.00,45.1,124.98,634.90,257.49,SEARCH_Y
9.3726,1.4242,0.5975,-0.3242,-0.00913,0.18146,-0.03868,0.00,-3.00,0.00,45.1,124.94,634.90,257.49,SEARCH_Y
9.3827,1.3042,0.2075,0.0957,0.00386,0.19346,-0.03968,0.00,-3.00,0.00,45.1,124.92,634.90,257.49,SEARCH_Y
9.3928,1.4642,0.5175,-0.1642,0.00786,0.19046,-0.04168,0.00,-3.00,0.00,45.1,124.88,634.90,257.49,SEARCH_Y
9.4029,1.2442,-0.0924,-0.0642,-0.01513,0.19146,-0.04368,0.00,-3.00,0.00,45.1,124.86,634.90,257.49,SEARCH_Y
9.4130,1.3442,0.4875,-0.1542,-0.01013,0.18646,-0.03968,0.00,-3.00,0.00,45.1,124.82,634.90,257.49,SEARCH_Y
9.4231,1.3842,0.2675,-0.0142,0.00786,0.19746,-0.03868,0.00,-3.00,0.00,45.1,124.80,634.90,257.49,SEARCH_Y
9.4332,1.2142,0.3375,-0.4842,0.00186,0.19046,-0.04368,0.00,-3.00,0.00,45.1,124.76,634.90,257.49,SEARCH_Y
9.4433,1.2242,0.1675,0.1757,-0.01413,0.18346,-0.04268,0.00,-3.00,0.00,45.1,124.74,634.90,257.49,SEARCH_Y
9.4534,1.1942,-0.0424,0.0357,0.00586,0.20446,-0.04068,0.00,-3.00,0.00,45.1,124.70,634.89,257.49,SEARCH_Y
9.4635,1.1142,0.2975,0.3957,-0.00713,0.20046,-0.03868,0.00,-3.00,0.00,45.1,124.68,634.89,257.49,SEARCH_Y
9.4736,1.3042,0.2975,-0.2442,-0.01013,0.17946,-0.03868,0.00,-3.00,0.00,45.1,124.64,634.89,257.49,SEARCH_Y
9.4837,1.2242,0.8075,-0.6042,0.00086,0.17546,-0.03268,0.00,-3.00,0.00,45.1,124.62,634.89,257.49,SEARCH_Y
9.4938,1.2942,0.2475,0.0557,0.00286,0.18346,-0.03768,0.00,-3.00,0.00,45.1,124.58,634.89,257.49,SEARCH_Y
9.5039,1.1842,0.3475,-0.0542,-0.01313,0.18046,-0.03868,0.00,-3.00,0.00,45.1,124.55,634.89,257.49,SEARCH_Y
9.5140,1.2342,0.0475,-0.0842,-0.00913,0.17946,-0.04168,0.00,-3.00,0.00,45.1,124.52,634.89,257.49,SEARCH_Y
9.5241,1.2242,0.4275,-0.1442,0.00186,0.18746,-0.03668,0.00,-3.00,0.00,45.1,124.49,634.89,257.49,SEARCH_Y
9.5342,1.0842,-0.0224,0.3257,-0.00713,0.19446,-0.03868,0.00,-3.00,0.00,45.1,124.46,634.89,257.49,SEARCH_Y
9.5443,0.9642,0.3975,-0.1242,-0.01013,0.19046,-0.03768,0.00,-3.00,0.00,45.1,124.42,634.89,257.49,SEARCH_Y
9.5544,1.3542,0.1575,0.1057,-0.00313,0.18746,-0.03768,0.00,-3.00,0.00,45.1,124.40,634.89,257.49,SEARCH_Y
9.5645,1.4042,0.6875,-0.2642,0.00886,0.17746,-0.03768,0.00,-3.00,0.00,45.1,124.36,634.88,257.49,SEARCH_Y
9.5746,1.3242,0.2975,0.0557,0.00286,0.17746,-0.03868,0.00,-3.00,0.00,45.1,124.34,634.88,257.49,SEARCH_Y
9.5847,1.3342,0.5375,-0.4042,0.00386,0.17446,-0.03768,0.00,-3.00,0.00,45.1,124.30,634.88,257.49,SEARCH_Y
9.5948,1.3642,0.4475,-0.1142,0.01686,0.18646,-0.03668,0.00,-3.00,0.00,45.1,124.28,634.88,257.49,SEARCH_Y
9.6049,1.4242,0.0475,-0.0242,0.00886,0.17646,-0.04068,0.00,-3.00,0.00,45.1,124.24,634.88,257.49,SEARCH_Y
9.6150,1.4642,0.4275,-0.2842,0.00286,0.16746,-0.03668,0.00,-3.00,0.00,45.1,124.22,634.88,257.49,SEARCH_Y
9.6251,1.1642,0.2475,-0.1442,0.00286,0.18146,-0.03468,0.00,-3.00,0.00,45.1,124.18,634.88,257.49,SEARCH_Y
9.6352,1.1442,0.5575,-0.4742,-0.00813,0.16246,-0.03568,0.00,-3.00,0.00,45.1,124.16,634.88,257.49,SEARCH_Y
9.6453,1.3942,0.4375,-0.3642,-0.00913,0.16446,-0.03368,0.00,-3.00,0.00,45.1,124.12,634.88,257.49,SEARCH_Y
9.6554,1.2742,0.0875,0.3257,0.00686,0.18446,-0.03768,0.00,-3.00,0.00,45.1,124.10,634.88,257.49,SEARCH_Y
9.6655,1.2042,0.5475,-0.4342,-0.00313,0.17046,-0.03568,0.00,-3.00,0.00,45.1,124.06,634.88,257.49,SEARCH_Y
9.6757,1.1242,0.0675,0.2257,-0.00313,0.17646,-0.03668,0.00,-3.00,0.00,45.1,124.04,634.88,257.49,SEARCH_Y
9.6858,1.2542,0.4375,-0.2242,-0.00513,0.18146,-0.03768,0.00,-3.00,0.00,45.1,124.00,634.87,257.49,SEARCH_Y
9.6959,1.1542,0.1175,-0.0442,0.00786,0.17946,-0.03968,0.00,-3.00,0.00,45.1,123.97,634.87,257.49,SEARCH_Y
9.7060,1.0742,0.4075,-0.0142,0.00286,0.17746,-0.03268,0.00,-3.00,0.00,45.1,123.94,634.87,257.49,SEARCH_Y
9.7161,1.0242,0.3475,0.1957,0.00386,0.19346,-0.03368,0.00,-3.00,0.00,45.1,123.91,634.87,257.49,SEARCH_Y
9.7262,0.9242,0.3275,0.0857,-0.01813,0.17846,-0.03668,0.00,-3.00,0.00,45.1,123.88,634.87,257.49,SEARCH_Y
9.7363,1.1242,0.6275,-0.4642,-0.02413,0.15746,-0.03368,0.00,-3.00,0.00,45.1,123.85,634.87,257.49,SEARCH_Y
9.7464,1.2442,0.4175,-0.2542,-0.00813,0.17046,-0.03568,0.00,-3.00,0.00,45.1,123.82,634.87,257.49,SEARCH_Y
9.7565,1.0642,0.4275,-0.1342,-0.00513,0.17246,-0.03268,0.00,-3.00,0.00,45.1,123.79,634.87,257.49,SEARCH_Y
9.7666,1.4342,0.3675,-0.4042,0.00086,0.15746,-0.03668,0.00,-3.00,0.00,45.1,123.76,634.87,257.49,SEARCH_Y
9.7767,1.4642,0.6175,-0.5442,0.01486,0.17346,-0.03468,0.00,-3.00,0.00,45.1,123.73,634.87,257.49,SEARCH_Y
9.7868,1.2042,0.2675,-0.1442,0.00386,0.17346,-0.03668,0.00,-3.00,0.00,45.1,123.70,634.87,257.49,SEARCH_Y
9.7969,1.1942,0.2675,0.0957,-0.00113,0.17846,-0.03668,0.00,-3.00,0.00,45.1,123.67,634.86,257.49,SEARCH_Y
9.8070,1.1842,0.3775,0.0857,0.00786,0.18146,-0.03868,0.00,-3.00,0.00,45.1,123.64,634.86,257.49,SEARCH_Y
9.8171,1.1142,0.6775,-0.2142,-0.00813,0.17446,-0.03068,0.00,-3.00,0.00,45.1,123.61,634.86,257.49,SEARCH_Y
9.8272,1.1642,0.2975,-0.1842,0.00886,0.18046,-0.03668,0.00,-3.00,0.00,45.1,123.58,634.86,257.49,SEARCH_Y
9.8373,1.0942,0.4875,-0.1942,-0.02613,0.15046,-0.03368,0.00,-3.00,0.00,45.1,123.55,634.86,257.49,SEARCH_Y
9.8474,1.0742,0.4775,-0.3342,-0.00613,0.16446,-0.03468,0.00,-3.00,0.00,45.1,123.52,634.86,257.49,SEARCH_Y
9.8575,1.0042,0.5075,-0.6342,-0.01713,0.15746,-0.03168,0.00,-3.00,0.00,45.1,123.49,634.86,257.49,SEARCH_Y
9.8676,1.2642,0.4475,-0.3442,-0.00013,0.16346,-0.03268,0.00,-3.00,0.00,45.1,123.46,634.86,257.49,SEARCH_Y
9.8777,1.1342,0.2075,-0.1242,0.00686,0.18146,-0.03168,0.00,-3.00,0.00,45.1,123.43,634.86,257.49,SEARCH_Y
9.8878,1.2842,0.2175,-0.0942,0.01386,0.16746,-0.03368,0.00,-3.00,0.00,45.1,123.39,634.86,257.49,SEARCH_Y
9.8979,1.0342,0.4675,-0.1242,-0.01513,0.16146,-0.03068,0.00,-3.00,0.00,45.1,123.37,634.86,257.49,SEARCH_Y
9.9080,0.9642,0.3375,-0.2942,-0.00613,0.17646,-0.03168,0.00,-3.00,0.00,45.1,123.33,634.86,257.49,SEARCH_Y
9.9181,0.9742,0.2975,0.0357,-0.00613,0.17746,-0.03368,0.00,-3.00,0.00,45.1,123.31,634.85,257.49,SEARCH_Y
9.9282,1.2842,0.7075,-0.2042,0.00786,0.17146,-0.03568,0.00,-3.00,0.00,45.1,123.27,634.85,257.49,SEARCH_Y
9.9383,1.1342,0.3675,0.0157,-0.00513,0.17446,-0.03568,0.00,-3.00,0.00,45.1,123.24,634.85,257.49,SEARCH_Y
9.9484,1.1842,0.1775,-0.1142,0.00386,0.17646,-0.03568,0.00,-3.00,0.00,45.1,123.21,634.85,257.49,SEARCH_Y
9.9585,1.3042,0.3375,-0.2642,0.00486,0.16146,-0.03168,0.00,-3.00,0.00,45.1,123.18,634.85,257.49,SEARCH_Y
9.9686,1.0842,0.2275,-0.3242,-0.00413,0.16246,-0.03068,0.00,-3.00,0.00,45.1,123.15,634.85,257.49,SEARCH_Y
9.9787,1.2042,0.4475,-0.2442,0.00186,0.15946,-0.03268,0.00,-3.00,0.00,45.1,123.12,634.85,257.49,SEARCH_Y
9.9888,1.3942,0.2875,-0.2542,-0.01313,0.14646,-0.03268,0.00,-3.00,0.00,45.1,123.09,634.85,257.49,SEARCH_Y
9.9989,0.7942,0.2975,0.1257,-0.01413,0.17746,-0.03768,0.00,-3.00,0.00,45.1,123.06,634.85,257.49,SEARCH_Y
10.0090,1.2442,0.3375,0.1057,-0.00413,0.16246,-0.03168,0.00,-3.00,0.00,45.1,123.03,634.85,257.49,SEARCH_Y
10.0191,1.1442,0.1975,-0.0942,-0.01113,0.16646,-0.03268,0.00,-3.00,0.00,45.1,123.00,634.85,257.49,SEARCH_Y
10.0292,1.1942,0.4275,-0.4142,-0.01213,0.15546,-0.03368,0.00,-3.00,0.00,45.1,122.97,634.85,257.48,SEARCH_Y
10.0393,1.1642,0.3375,-0.1742,-0.00213,0.16046,-0.03368,0.00,-3.00,0.00,45.1,122.94,634.84,257.48,SEARCH_Y
10.0494,0.9042,0.4175,-0.2442,-0.00913,0.16546,-0.03168,0.00,-3.00,0.00,45.1,122.91,634.84,257.48,SEARCH_Y
10.0595,0.9542,0.2375,-0.0142,-0.01513,0.16346,-0.03268,0.00,-3.00,0.00,45.2,122.88,634.84,257.48,SEARCH_Y
10.0696,1.1742,0.5475,0.0257,-0.00513,0.16646,-0.03468,0.00,-3.00,0.00,45.2,122.85,634.84,257.48,SEARCH_Y
10.0796,1.1642,0.2375,-0.0342,-0.01013,0.16246,-0.03468,0.00,-3.00,0.00,45.2,122.82,634.84,257.48,SEARCH_Y
10.0897,1.0442,0.2075,-0.3042,-0.00413,0.16446,-0.03468,0.00,-3.00,0.00,45.2,122.79,634.84,257.48,SEARCH_Y
10.0998,1.0442,0.4275,0.1257,-0.00513,0.16746,-0.03068,0.00,-3.00,0.00,45.2,122.75,634.84,257.48,SEARCH_Y
10.1099,1.2842,0.3175,0.0157,0.00286,0.16246,-0.03068,0.00,-3.00,0.00,45.2,122.73,634.84,257.48,SEARCH_Y
10.1200,1.0942,0.2875,-0.0742,-0.01513,0.15846,-0.03268,0.00,-3.00,0.00,45.2,122.69,634.84,257.48,SEARCH_Y
10.1301,1.1142,0.5375,-0.5342,-0.00813,0.15246,-0.03068,0.00,-3.00,0.00,45.2,122.67,634.84,257.48,SEARCH_Y
10.1402,1.1042,0.2075,-0.1142,-0.00613,0.15846,-0.03268,0.00,-3.00,0.00,45.2,122.63,634.84,257.48,SEARCH_Y
10.1503,1.2642,0.1575,0.0657,-0.00213,0.16146,-0.03468,0.00,-3.00,0.00,45.2,122.61,634.83,257.48,SEARCH_Y
10.1604,0.9742,0.5775,-0.3042,-0.02413,0.14746,-0.02968,0.00,-3.00,0.00,45.2,122.57,634.83,257.48,SEARCH_Y
10.1705,0.9342,0.4575,-0.0342,-0.01213,0.17246,-0.02968,0.00,-3.00,0.00,45.2,122.55,634.83,257.48,SEARCH_Y
10.1806,1.0342,-0.0024,0.0957,-0.00813,0.15646,-0.03268,0.00,-3.00,0.00,45.2,122.51,634.83,257.48,SEARCH_Y
10.1907,0.9442,0.6975,-0.0642,-0.03213,0.15946,-0.02968,0.00,-3.00,0.00,45.2,122.49,634.83,257.48,SEARCH_Y
10.2008,1.2242,0.4275,-0.1542,-0.02013,0.15146,-0.03368,0.00,-3.00,0.00,45.2,122.45,634.83,257.48,SEARCH_Y
10.2109,0.9642,0.6775,-0.1542,-0.01513,0.16546,-0.02868,0.00,-3.00,0.00,45.2,122.43,634.83,257.48,SEARCH_Y
10.2210,1.2142,0.3875,-0.2042,0.00486,0.16046,-0.02968,0.00,-3.00,0.00,45.2,122.39,634.83,257.48,SEARCH_Y
10.2311,1.1042,0.4275,0.0257,-0.01013,0.16146,-0.03368,0.00,-3.00,0.00,45.2,122.37,634.83,257.48,SEARCH_Y
10.2412,1.1842,0.4675,0.0557,-0.01513,0.15346,-0.02868,0.00,-3.00,0.00,45.2,122.33,634.83,257.48,SEARCH_Y
10.2513,1.3042,0.5075,-0.3642,-0.00113,0.15146,-0.03268,0.00,-3.00,0.00,45.2,122.31,634.83,257.48,SEARCH_Y
10.2614,1.0742,0.1975,-0.0042,-0.00513,0.16046,-0.03468,0.00,-3.00,0.00,45.2,122.27,634.83,257.48,SEARCH_Y
10.2715,1.1342,0.2375,-0.0842,-0.01513,0.15246,-0.02968,0.00,-3.00,0.00,45.2,122.25,634.82,257.48,SEARCH_Y
10.2816,1.0542,0.0175,0.1257,0.00886,0.16946,-0.03468,0.00,-3.00,0.00,45.2,122.21,634.82,257.48,SEARCH_Y
10.2917,1.1442,0.3275,-0.1742,-0.00013,0.15346,-0.03168,0.00,-3.00,0.00,45.2,122.19,634.82,257.48,SEARCH_Y
10.3018,1.1242,0.4075,-0.4042,-0.00013,0.15446,-0.03168,0.00,-3.00,0.00,45.2,122.15,634.82,257.48,SEARCH_Y
10.3119,1.2042,0.4775,-0.2642,0.01086,0.16446,-0.03268,0.00,-3.00,0.00,45.2,122.13,634.82,257.48,SEARCH_Y
10.3220,0.9342,0.6975,-0.0342,-0.01213,0.16746,-0.02868,0.00,-3.00,0.00,45.2,122.09,634.82,257.48,SEARCH_Y
10.3321,1.1842,0.3575,0.0457,0.00986,0.16846,-0.03268,0.00,-3.00,0.00,45.2,122.05,634.82,257.48,SEARCH_Y
10.3422,0.9542,0.4075,-0.3042,-0.02013,0.15246,-0.03068,0.00,-3.00,0.00,45.2,122.03,634.82,257.48,SEARCH_Y
10.3523,1.0042,-0.0124,-0.2042,-0.01113,0.15546,-0.03468,0.00,-3.00,0.00,45.2,121.99,634.82,257.48,SEARCH_Y
10.3625,0.8642,-0.0424,-0.0342,-0.01013,0.16346,-0.03568,0.00,-3.00,0.00,45.2,121.97,634.82,257.48,SEARCH_Y
10.3726,1.1542,0.5075,-0.4642,0.00386,0.14946,-0.02768,0.00,-3.00,0.00,45.2,121.93,634.82,257.48,SEARCH_Y
10.3827,1.0942,0.6675,-0.5642,-0.00513,0.15046,-0.02868,0.00,-3.00,0.00,45.2,121.91,634.82,257.48,SEARCH_Y
10.3928,0.9842,0.1875,0.1557,-0.00613,0.15546,-0.03168,0.00,-3.00,0.00,45.2,121.87,634.81,257.48,SEARCH_Y
10.4029,1.0942,0.1775,-0.1142,-0.01213,0.14946,-0.03368,0.00,-3.00,0.00,45.2,121.85,634.81,257.48,SEARCH_Y
10.4130,1.1742,0.2175,-0.3242,-0.00413,0.14446,-0.02868,0.00,-3.00,0.00,45.2,121.81,634.81,257.48,SEARCH_Y
10.4231,1.1242,0.3175,-0.3342,-0.00513,0.15746,-0.03168,0.00,-3.00,0.00,45.2,121.79,634.81,257.48,SEARCH_Y
10.4332,1.0442,0.3775,-0.0642,-0.00513,0.15846,-0.03068,0.00,-3.00,0.00,45.2,121.75,634.81,257.48,SEARCH_Y
10.4433,0.9542,0.1575,0.0657,0.00586,0.16646,-0.03568,0.00,-3.00,0.00,45.2,121.73,634.81,257.48,SEARCH_Y
10.4534,0.8542,0.1175,-0.0042,-0.00613,0.17046,-0.03468,0.00,-3.00,0.00,45.2,121.69,634.81,257.48,SEARCH_Y
10.4635,1.0142,0.4475,-0.0542,-0.00013,0.15646,-0.02768,0.00,-3.00,0.00,45.2,121.67,634.81,257.48,SEARCH_Y
10.4736,1.0342,0.3775,-0.0942,-0.00113,0.16346,-0.02968,0.00,-3.00,0.00,45.3,121.63,634.81,257.48,SEARCH_Y
10.4837,1.1642,0.4275,-0.0642,0.00486,0.14746,-0.03368,0.00,-3.00,0.00,45.3,121.61,634.81,257.48,SEARCH_Y
10.4938,0.9842,0.1775,0.0457,-0.00413,0.16646,-0.03468,0.00,-3.00,0.00,45.3,121.57,634.81,257.48,SEARCH_Y
10.5039,1.2242,0.3175,-0.2042,0.01286,0.15546,-0.02968,0.00,-3.00,0.00,45.3,121.54,634.80,257.48,SEARCH_Y
10.5140,1.0742,0.3275,-0.1442,-0.00713,0.14446,-0.03168,0.00,-3.00,0.00,45.3,121.51,634.80,257.48,SEARCH_Y
10.5241,0.9742,0.5175,-0.1042,-0.00513,0.15846,-0.03168,0.00,-3.00,0.00,45.3,121.47,634.80,257.48,SEARCH_Y
10.5342,0.9542,0.4375,-0.1742,0.00186,0.15946,-0.03168,0.00,-3.00,0.00,45.3,121.45,634.80,257.48,SEARCH_Y
10.5443,1.2542,0.2475,-0.0642,-0.00113,0.14946,-0.03068,0.00,-3.00,0.00,45.3,121.41,634.80,257.48,SEARCH_Y
10.5544,1.0142,0.4975,-0.1742,-0.01213,0.14246,-0.02868,0.00,-3.00,0.00,45.3,121.39,634.80,257.48,SEARCH_Y
10.5645,1.0942,0.5475,-0.0942,-0.01013,0.14746,-0.03268,0.00,-3.00,0.00,45.3,121.35,634.80,257.48,SEARCH_Y
10.5746,0.9642,0.4275,-0.0842,-0.00413,0.15446,-0.02768,0.00,-3.00,0.00,45.3,121.33,634.80,257.48,SEARCH_Y
10.5847,1.1542,0.0975,-0.0642,0.00786,0.15146,-0.03068,0.00,-3.00,0.00,45.3,121.29,634.80,257.48,SEARCH_Y
10.5948,0.9742,0.3475,0.1957,0.00686,0.17246,-0.03268,0.00,-3.00,0.00,45.3,121.27,634.80,257.48,SEARCH_Y
10.6049,1.0242,0.5175,-0.0942,0.00886,0.15746,-0.02768,0.00,-3.00,0.00,45.3,121.23,634.80,257.48,SEARCH_Y
10.6150,1.1142,0.4875,-0.3842,-0.00613,0.15446,-0.02768,0.00,-3.00,0.00,45.3,121.21,634.80,257.48,SEARCH_Y
10.6251,0.9542,0.4375,-0.1942,-0.00513,0.15146,-0.03068,0.00,-3.00,0.00,45.3,121.17,634.79,257.48,SEARCH_Y
10.6353,1.0442,0.3075,-0.4642,0.00186,0.14546,-0.02768,0.00,-3.00,0.00,45.3,121.15,634.79,257.48,SEARCH_Y
10.6454,0.8842,0.2475,-0.0342,-0.01513,0.15646,-0.02968,0.00,-3.00,0.00,45.3,121.11,634.79,257.48,SEARCH_Y
10.6555,0.8742,0.0575,0.2457,0.00286,0.17446,-0.02968,0.00,-3.00,0.00,45.3,121.09,634.79,257.48,SEARCH_Y
10.6656,1.3142,-0.1824,0.2757,0.02486,0.16646,-0.03568,0.00,-3.00,0.00,45.3,121.05,634.79,257.48,SEARCH_Y
10.6757,0.8842,0.5075,-0.2842,-0.00913,0.15346,-0.03068,0.00,-3.00,0.00,45.3,121.03,634.79,257.48,SEARCH_Y
10.6858,0.9442,0.7175,-0.3042,-0.00213,0.14846,-0.02668,0.00,-3.00,0.00,45.3,120.99,634.79,257.48,SEARCH_Y
10.6959,1.0542,0.4275,-0.2442,-0.00813,0.14546,-0.02868,0.00,-3.00,0.00,45.3,120.96,634.79,257.48,SEARCH_Y
10.7059,1.0542,0.5075,-0.1642,-0.01213,0.13946,-0.02968,0.00,-3.00,0.00,45.3,120.93,634.79,257.47,SEARCH_Y
10.7160,1.0842,0.3775,-0.3342,-0.00413,0.14346,-0.02768,0.00,-3.00,0.00,45.3,120.90,634.79,257.47,SEARCH_Y
10.7262,1.0042,0.5075,-0.3642,-0.00813,0.14746,-0.02968,0.00,-3.00,0.00,45.3,120.87,634.79,257.47,SEARCH_Y
10.7363,1.0642,0.0975,0.0057,0.00886,0.15746,-0.03068,0.00,-3.00,0.00,45.3,120.84,634.78,257.47,SEARCH_Y
10.7464,1.0342,0.2875,-0.1442,0.00386,0.15446,-0.03368,0.00,-3.00,0.00,45.3,120.81,634.78,257.47,SEARCH_Y
10.7565,0.9942,0.4475,-0.2542,0.00786,0.15046,-0.02868,0.00,-3.00,0.00,45.3,120.78,634.78,257.47,SEARCH_Y
10.7666,0.9742,0.4275,-0.0942,-0.01613,0.15246,-0.02968,0.00,-3.00,0.00,45.3,120.75,634.78,257.47,SEARCH_Y
10.7767,1.0342,0.4475,-0.3042,-0.02113,0.13946,-0.02968,0.00,-3.00,0.00,45.3,120.72,634.78,257.47,SEARCH_Y
10.7868,1.0742,0.2375,-0.1842,-0.00513,0.14646,-0.03168,0.00,-3.00,0.00,45.3,120.69,634.78,257.47,SEARCH_Y
10.7969,1.0342,0.6075,-0.2742,0.00086,0.15046,-0.02768,0.00,-3.00,0.00,45.4,120.66,634.78,257.47,SEARCH_Y
10.8070,1.0942,0.4075,-0.1242,-0.00313,0.15346,-0.02868,0.00,-3.00,0.00,45.4,120.63,634.78,257.47,SEARCH_Y
10.8171,0.9842,0.1175,-0.0042,0.00686,0.15446,-0.03068,0.00,-3.00,0.00,45.4,120.60,634.78,257.47,SEARCH_Y
10.8273,0.9442,0.2675,-0.1242,-0.00213,0.15446,-0.03168,0.00,-3.00,0.00,45.4,120.57,634.78,257.47,SEARCH_Y
10.8374,1.1942,0.1175,-0.0242,0.00686,0.15446,-0.03268,0.00,-3.00,0.00,45.4,120.54,634.78,257.47,SEARCH_Y
10.8475,0.8942,0.4875,-0.2742,-0.00613,0.14846,-0.02368,0.00,-3.00,0.00,45.4,120.51,634.78,257.47,SEARCH_Y
10.8576,1.1642,0.2175,-0.1142,0.00586,0.15246,-0.03368,0.00,-3.00,0.00,45.4,120.48,634.77,257.47,SEARCH_Y
10.8677,1.1042,0.3675,-0.0742,-0.00113,0.14246,-0.02968,0.00,-3.00,0.00,45.4,120.45,634.77,257.47,SEARCH_Y
10.8778,0.8842,0.3075,0.2157,-0.01913,0.14646,-0.03168,0.00,-3.00,0.00,45.4,120.42,634.77,257.47,SEARCH_Y
10.8879,1.1942,0.6175,-0.2742,0.02686,0.15846,-0.02468,0.00,-3.00,0.00,45.4,120.38,634.77,257.47,SEARCH_Y
10.8980,0.9042,0.2275,-0.3042,0.00086,0.14146,-0.02968,0.00,-3.00,0.00,45.4,120.36,634.77,257.47,SEARCH_Y
10.9081,0.8242,0.1675,-0.2742,-0.00713,0.15146,-0.02968,0.00,-3.00,0.00,45.4,120.32,634.77,257.47,SEARCH_Y
10.9182,0.8242,0.2775,0.1957,-0.01413,0.15446,-0.02968,0.00,-3.00,0.00,45.4,120.29,634.77,257.47,SEARCH_Y
10.9283,1.0242,0.2175,-0.0742,0.00186,0.14746,-0.02968,0.00,-3.00,0.00,45.4,120.26,634.77,257.47,SEARCH_Y
10.9384,0.9842,0.2475,-0.1842,-0.00713,0.14746,-0.03168,0.00,-3.00,0.00,45.4,120.23,634.77,257.47,SEARCH_Y
10.9485,1.0642,0.3375,-0.0342,-0.00313,0.14846,-0.02768,0.00,-3.00,0.00,45.4,120.20,634.77,257.47,SEARCH_Y
10.9586,0.8842,0.1175,-0.0242,-0.00313,0.16046,-0.03068,0.00,-3.00,0.00,45.4,120.17,634.77,257.47,SEARCH_Y
10.9687,0.9842,0.1875,0.0857,-0.00713,0.14546,-0.03068,0.00,-3.00,0.00,45.4,120.14,634.76,257.47,SEARCH_Y
10.9788,0.8942,0.2975,-0.1842,-0.00613,0.14746,-0.02968,0.00,-3.00,0.00,45.4,120.11,634.76,257.47,SEARCH_Y
10.9889,1.1542,0.6275,-0.2742,0.01286,0.15246,-0.02668,0.00,-3.00,0.00,45.4,120.08,634.76,257.47,SEARCH_Y
10.9990,1.0042,0.6175,-0.3042,-0.00513,0.13846,-0.02868,0.00,-3.00,0.00,45.4,120.05,634.76,257.47,SEARCH_Y
11.0091,1.0142,0.3675,-0.0542,-0.01113,0.14646,-0.02868,0.00,-3.00,0.00,45.4,120.02,634.76,257.47,SEARCH_Y
11.0192,0.9242,0.5575,-0.5242,-0.00013,0.14746,-0.02668,0.00,-3.00,0.00,45.4,119.99,634.76,257.47,SEARCH_Y
11.0293,0.9342,0.6775,-0.6042,-0.01913,0.13546,-0.02668,0.00,-3.00,0.00,45.4,119.96,634.76,257.47,SEARCH_Y
11.0394,0.9542,0.1975,0.0257,-0.01013,0.14146,-0.03268,0.00,-3.00,0.00,45.4,119.93,634.76,257.47,SEARCH_Y
11.0495,0.9842,0.5275,-0.3142,-0.00413,0.15146,-0.02768,0.00,-3.00,0.00,45.4,119.90,634.76,257.47,SEARCH_Y
11.0596,1.2142,0.2375,-0.0342,0.02386,0.15446,-0.03168,0.00,-3.00,0.00,45.4,119.87,634.76,257.47,SEARCH_Y
11.0697,0.8842,0.2275,0.1157,0.00186,0.15546,-0.03368,0.00,-3.00,0.00,45.5,119.84,634.76,257.47,SEARCH_Y
11.0798,1.0542,0.5475,-0.3242,0.00886,0.14646,-0.02568,0.00,-3.00,0.00,45.5,119.81,634.76,257.47,SEARCH_Y
11.0899,1.0042,0.2375,-0.0342,0.00986,0.16046,-0.02968,0.00,-3.00,0.00,45.5,119.78,634.75,257.47,SEARCH_Y
11.0999,0.9442,0.2375,-0.2142,-0.02513,0.13546,-0.02868,0.00,-3.00,0.00,45.5,119.74,634.75,257.47,SEARCH_Y
11.1100,1.0442,0.2875,-0.0842,0.00286,0.15046,-0.02768,0.00,-3.00,0.00,45.5,119.72,634.75,257.47,SEARCH_Y
11.1202,0.9942,0.2375,-0.0342,-0.01413,0.14646,-0.02868,0.00,-3.00,0.00,45.5,119.68,634.75,257.47,SEARCH_Y
11.1303,0.9342,0.3475,-0.0042,-0.00113,0.15646,-0.03168,0.00,-3.00,0.00,45.5,119.66,634.75,257.47,SEARCH_Y
11.1404,1.1942,0.5175,-0.2842,0.00486,0.13546,-0.02868,0.00,-3.00,0.00,45.5,119.62,634.75,257.47,SEARCH_Y
11.1505,1.1142,0.0075,0.2457,0.00986,0.15046,-0.03068,0.00,-3.00,0.00,45.5,119.60,634.75,257.47,SEARCH_Y
11.1606,0.9342,0.1175,0.1457,-0.02513,0.13546,-0.02668,0.00,-3.00,0.00,45.5,119.56,634.75,257.47,SEARCH_Y
11.1707,1.0942,0.0375,-0.2042,-0.00213,0.14246,-0.03268,0.00,-3.00,0.00,45.5,119.54,634.75,257.47,SEARCH_Y
11.1808,1.3242,0.1675,0.0557,0.01486,0.14046,-0.03168,0.00,-3.00,0.00,45.5,119.50,634.75,257.47,SEARCH_Y
11.1909,0.9242,0.1375,-0.0242,-0.00013,0.14946,-0.02868,0.00,-3.00,0.00,45.5,119.48,634.75,257.47,SEARCH_Y
11.2010,1.0542,0.2475,-0.1142,0.01086,0.15046,-0.03068,0.00,-3.00,0.00,45.5,119.44,634.74,257.47,SEARCH_Y
11.2111,1.0642,0.7475,-0.2342,0.00086,0.14046,-0.02468,0.00,-3.00,0.00,45.5,119.42,634.74,257.47,SEARCH_Y
11.2212,0.7642,-0.2124,0.3457,-0.00713,0.15346,-0.02868,0.00,-3.00,0.00,45.5,119.38,634.74,257.47,SEARCH_Y
11.2313,0.9942,0.8575,-0.5342,0.00286,0.13646,-0.02368,0.00,-3.00,0.00,45.5,119.36,634.74,257.47,SEARCH_Y
11.2414,0.9142,0.1575,-0.2042,0.00186,0.14046,-0.03168,0.00,-3.00,0.00,45.5,119.32,634.74,257.47,SEARCH_Y
11.2515,0.9542,0.1275,0.1757,0.00586,0.14846,-0.03268,0.00,-3.00,0.00,45.5,119.30,634.74,257.47,SEARCH_Y
11.2616,1.0142,0.4975,-0.2442,-0.00513,0.13946,-0.02768,0.00,-3.00,0.00,45.5,119.26,634.74,257.47,SEARCH_Y
11.2717,0.7042,0.2475,-0.2642,-0.02613,0.14346,-0.02368,0.00,-3.00,0.00,45.5,119.24,634.74,257.47,SEARCH_Y
11.2818,0.8242,0.5375,-0.2642,-0.00913,0.14446,-0.02568,0.00,-3.00,0.00,45.5,119.20,634.74,257.47,SEARCH_Y
11.2919,0.9342,0.2575,-0.0842,-0.00513,0.14346,-0.02868,0.00,-3.00,0.00,45.5,119.16,634.74,257.47,SEARCH_Y
11.3020,0.9242,0.3075,-0.3142,-0.00313,0.14846,-0.02668,0.00,-3.00,0.00,45.6,119.14,634.74,257.47,SEARCH_Y
11.3121,0.9442,0.7175,-0.3642,-0.01513,0.13446,-0.02368,0.00,-3.00,0.00,45.6,119.10,634.74,257.47,SEARCH_Y
11.3222,1.0742,0.4875,-0.2442,0.00386,0.13046,-0.02868,0.00,-3.00,0.00,45.6,119.08,634.73,257.47,SEARCH_Y
11.3323,1.0442,0.1275,-0.1842,-0.00213,0.14246,-0.02968,0.00,-3.00,0.00,45.6,119.04,634.73,257.47,SEARCH_Y
11.3424,0.8942,0.6975,-0.1542,-0.02413,0.13946,-0.03168,0.00,-3.00,0.00,45.6,119.02,634.73,257.47,SEARCH_Y
11.3525,0.9442,0.5575,-0.2142,-0.03513,0.12946,-0.03168,0.00,-3.00,0.00,45.6,118.98,634.73,257.47,SEARCH_Y
11.3626,0.9842,0.3875,-0.0442,-0.02913,0.13646,-0.03568,0.00,-3.00,0.00,45.6,118.96,634.73,257.47,SEARCH_Y
11.3727,0.8342,0.6475,-0.1142,-0.03113,0.14246,-0.03368,0.00,-3.00,0.00,45.6,118.92,634.73,257.47,SEARCH_Y
11.3828,1.0642,0.8675,-0.0742,-0.03613,0.12946,-0.02868,0.00,-3.00,0.00,45.6,118.90,634.73,257.47,SEARCH_Y
11.3929,0.8242,0.5475,0.0357,-0.03213,0.14646,-0.03268,0.00,-3.00,0.00,45.6,118.86,634.73,257.46,SEARCH_Y
11.4030,0.7742,0.8575,-0.1842,-0.05413,0.12846,-0.02468,0.00,-3.00,0.00,45.6,118.84,634.73,257.46,SEARCH_Y
11.4131,0.8442,0.9575,0.0257,-0.06613,0.13046,-0.02868,0.00,-3.00,0.00,45.6,118.80,634.73,257.46,SEARCH_Y
11.4232,1.2042,1.0275,-0.3942,-0.04713,0.13546,-0.03168,0.00,-3.00,0.00,45.6,118.78,634.73,257.46,SEARCH_Y
11.4333,0.7742,0.7275,0.1557,-0.07013,0.13546,-0.03668,0.00,-3.00,0.00,45.6,118.74,634.72,257.46,SEARCH_Y
11.4434,1.2742,0.7275,-0.2442,-0.06613,0.13546,-0.03768,0.00,-3.00,0.00,45.6,118.72,634.72,257.46,SEARCH_Y
11.4535,0.9742,0.6175,0.0057,-0.07213,0.14046,-0.03668,0.00,-3.00,0.00,45.6,118.68,634.72,257.46,SEARCH_Y
11.4636,0.7542,0.8575,-0.1842,-0.08213,0.13746,-0.03168,0.00,-3.00,0.00,45.6,118.66,634.72,257.46,SEARCH_Y
11.4737,1.1542,0.8875,-0.1642,-0.09913,0.12146,-0.04068,0.00,-3.00,0.00,45.6,118.62,634.72,257.46,SEARCH_Z
11.4838,1.0042,0.6675,0.0457,-0.09413,0.13746,-0.03768,0.00,0.00,3.00,45.6,118.59,634.72,257.46,SEARCH_Z
11.4939,0.9942,0.9775,0.0757,-0.09513,0.13646,-0.03668,0.00,0.00,3.00,45.6,118.56,634.72,257.46,SEARCH_Z
11.5040,0.9942,1.0275,-0.5142,-0.09913,0.12746,-0.03768,0.00,0.00,3.00,45.6,118.53,634.72,257.46,SEARCH_Z
11.5141,0.9742,1.0575,-0.0342,-0.10213,0.13646,-0.03768,0.00,0.00,3.00,45.6,118.51,634.73,257.46,SEARCH_Z
11.5242,0.9642,0.9375,-0.0242,-0.08913,0.13846,-0.03568,0.00,0.00,3.00,45.7,118.49,634.74,257.46,SEARCH_Z
11.5343,0.8742,1.2075,-0.2842,-0.10113,0.13846,-0.04068,0.00,0.00,3.00,45.7,118.47,634.75,257.46,SEARCH_Z
11.5444,1.0142,0.9175,-0.1442,-0.07413,0.14246,-0.03468,0.00,0.00,3.00,45.7,118.45,634.76,257.46,SEARCH_Z
11.5545,1.0042,0.8475,-0.5242,-0.06313,0.13846,-0.03668,0.00,0.00,3.00,45.7,118.44,634.78,257.46,SEARCH_Z
11.5646,1.3042,1.0175,-0.5242,-0.05713,0.13846,-0.04268,0.00,0.00,3.00,45.7,118.43,634.80,257.47,SEARCH_Z
11.5747,1.1842,0.5375,-0.0242,-0.05913,0.14946,-0.03968,0.00,0.00,3.00,45.7,118.42,634.82,257.47,SEARCH_Z
11.5848,1.2042,0.4575,0.0657,-0.02813,0.14646,-0.03668,0.00,0.00,3.00,45.7,118.41,634.85,257.47,SEARCH_Z
11.5949,1.0142,0.2675,-0.1342,-0.02013,0.14846,-0.03868,0.00,0.00,3.00,45.7,118.41,634.87,257.47,SEARCH_Z
11.6050,0.9442,0.4475,-0.0942,-0.04113,0.13346,-0.03868,0.00,0.00,3.00,45.7,118.41,634.90,257.47,SEARCH_Z
11.6151,1.0442,0.5775,-0.2742,-0.02513,0.14746,-0.03068,0.00,0.00,3.00,45.7,118.41,634.93,257.47,SEARCH_Z
11.6252,1.0942,0.1575,0.1457,-0.01713,0.15146,-0.03568,0.00,0.00,3.00,45.7,118.41,634.96,257.47,SEARCH_Z
11.6353,0.9742,0.5075,0.0057,-0.00713,0.15046,-0.03268,0.00,0.00,3.00,45.7,118.40,634.99,257.47,SEARCH_Z
11.6454,1.0142,0.3275,-0.1342,-0.01013,0.14046,-0.02768,0.00,0.00,3.00,45.7,118.40,635.02,257.47,SEARCH_Z
11.6555,1.2142,0.2875,-0.2842,-0.00313,0.14146,-0.02868,0.00,0.00,3.00,45.7,118.40,635.05,257.47,SEARCH_Z
11.6656,0.9042,-0.0624,0.2257,-0.00813,0.14246,-0.03168,0.00,0.00,3.00,45.7,118.40,635.08,257.48,SEARCH_Z
11.6757,1.0642,0.2675,-0.1142,0.02186,0.13146,-0.02268,0.00,0.00,3.00,45.7,118.40,635.11,257.48,SEARCH_Z
11.6858,0.7842,0.3575,-0.1142,-0.01113,0.13246,-0.02468,0.00,0.00,3.00,45.7,118.40,635.14,257.48,SEARCH_Z
11.6959,1.0042,0.4875,-0.4942,-0.01513,0.10946,-0.02268,0.00,0.00,3.00,45.7,118.40,635.18,257.48,SEARCH_Z
11.7060,1.0342,0.3275,-0.1442,-0.00713,0.12346,-0.01968,0.00,0.00,3.00,45.7,118.40,635.20,257.48,SEARCH_Z
11.7161,0.9642,0.5475,-0.5242,-0.01013,0.10946,-0.01868,0.00,0.00,3.00,45.7,118.40,635.24,257.48,SEARCH_Z
11.7262,0.7142,0.4775,-0.1842,-0.02513,0.11146,-0.02368,0.00,0.00,3.00,45.7,118.39,635.26,257.48,SEARCH_Z
11.7363,1.0342,0.3275,-0.0042,0.00686,0.13146,-0.02068,0.00,0.00,3.00,45.7,118.39,635.30,257.48,SEARCH_Z
11.7464,0.9142,0.5475,-0.5842,0.00186,0.11246,-0.01868,0.00,0.00,3.00,45.7,118.39,635.32,257.48,SEARCH_Z
11.7565,0.8742,0.1775,-0.2042,0.00886,0.12646,-0.02568,0.00,0.00,3.00,45.7,118.39,635.36,257.49,SEARCH_Z
11.7666,0.9742,-0.0924,-0.0742,0.00186,0.12246,-0.02768,0.00,0.00,3.00,45.7,118.39,635.38,257.49,SEARCH_Z
11.7767,0.9442,0.0275,0.0457,-0.00013,0.14246,-0.02868,0.00,0.00,3.00,45.7,118.39,635.42,257.49,SEARCH_Z
11.7868,0.9942,0.5575,-0.5242,0.01086,0.12346,-0.02568,0.00,0.00,3.00,45.7,118.39,635.44,257.49,SEARCH_Z
11.7969,0.9742,0.2775,-0.3842,0.01186,0.12146,-0.02368,0.00,0.00,3.00,45.7,118.39,635.48,257.49,SEARCH_Z
11.8070,0.7842,0.5575,-0.1842,0.00686,0.14846,-0.02368,0.00,0.00,3.00,45.7,118.39,635.50,257.49,SEARCH_Z
11.8171,1.2042,0.3575,-0.2542,0.01886,0.12946,-0.02368,0.00,0.00,3.00,45.7,118.38,635.54,257.49,SEARCH_Z
11.8272,0.9242,0.1175,-0.0142,0.00086,0.13446,-0.02568,0.00,0.00,3.00,45.7,118.38,635.56,257.49,SEARCH_Z
11.8373,1.2842,0.4475,-0.2142,0.00986,0.12746,-0.02468,0.00,0.00,3.00,45.7,118.38,635.60,257.49,SEARCH_Z
11.8474,1.0042,0.5075,-0.2042,-0.00413,0.13546,-0.02768,0.00,0.00,3.00,45.7,118.38,635.62,257.50,SEARCH_Z
11.8575,0.9042,0.4675,-0.5842,-0.00513,0.13046,-0.02968,0.00,0.00,3.00,45.7,118.38,635.66,257.50,SEARCH_Z
11.8676,1.0342,0.4075,-0.5242,-0.00913,0.13146,-0.02568,0.00,0.00,3.00,45.7,118.38,635.68,257.50,SEARCH_Z
11.8777,0.9742,0.5675,-0.4542,-0.00313,0.14146,-0.02868,0.00,0.00,3.00,45.7,118.38,635.72,257.50,SEARCH_Z
11.8877,1.0242,0.0375,-0.2142,0.01186,0.14446,-0.02968,0.00,0.00,3.00,45.7,118.38,635.74,257.50,SEARCH_Z
11.8978,1.0642,-0.0824,0.1957,0.00586,0.14846,-0.02968,0.00,0.00,3.00,45.7,118.38,635.78,257.50,SEARCH_Z
11.9079,1.0442,0.2175,-0.2442,0.00586,0.13746,-0.02968,0.00,0.00,3.00,45.7,118.37,635.82,257.50,SEARCH_Z
11.9180,0.8142,0.5775,-0.4542,-0.01013,0.13646,-0.02668,0.00,0.00,3.00,45.7,118.37,635.84,257.50,SEARCH_Z
11.9281,0.9942,0.3975,-0.2942,0.00386,0.13446,-0.02468,0.00,0.00,3.00,45.7,118.37,635.88,257.50,SEARCH_Z
11.9382,1.0742,-0.0024,-0.0242,0.00786,0.14946,-0.03168,0.00,0.00,3.00,45.7,118.37,635.90,257.51,SEARCH_Z
11.9484,1.1442,0.2575,-0.2042,0.01486,0.13646,-0.02868,0.00,0.00,3.00,45.7,118.37,635.94,257.51,SEARCH_Z
11.9584,0.8942,0.0875,-0.1642,0.00486,0.13646,-0.02668,0.00,0.00,3.00,45.7,118.37,635.96,257.51,SEARCH_Z
11.9685,1.0042,0.4175,-0.2242,-0.00813,0.13346,-0.02568,0.00,0.00,3.00,45.7,118.37,636.00,257.51,SEARCH_Z
11.9787,1.1842,0.1575,-0.1842,0.02986,0.14646,-0.02968,0.00,0.00,3.00,45.7,118.37,636.02,257.51,SEARCH_Z
11.9887,0.9642,0.4075,-0.2442,0.01986,0.14646,-0.02768,0.00,0.00,3.00,45.7,118.36,636.06,257.51,SEARCH_Z
11.9988,0.9042,0.3175,-0.4642,0.00686,0.13746,-0.02668,0.00,0.00,3.00,45.7,118.36,636.08,257.51,SEARCH_Z
12.0089,0.8542,0.3575,-0.3542,-0.02313,0.13246,-0.02768,0.00,0.00,3.00,45.7,118.36,636.12,257.51,SEARCH_Z
12.0190,0.9642,0.3475,-0.3042,0.00186,0.13846,-0.02868,0.00,0.00,3.00,45.7,118.36,636.14,257.51,SEARCH_Z
12.0291,0.8042,0.3575,-0.5742,-0.01613,0.13246,-0.02768,0.00,0.00,3.00,45.7,118.36,636.18,257.52,SEARCH_Z
12.0392,1.0042,0.5975,-0.5142,-0.00413,0.12746,-0.02868,0.00,0.00,3.00,45.7,118.36,636.20,257.52,SEARCH_Z
12.0493,1.0242,0.0175,0.0157,0.00686,0.14946,-0.03168,0.00,0.00,3.00,45.7,118.36,636.24,257.52,SEARCH_Z
12.0594,0.9742,0.4275,-0.2942,-0.00313,0.13646,-0.02868,0.00,0.00,3.00,45.7,118.36,636.26,257.52,SEARCH_Z
12.0695,1.1242,0.0075,0.0657,0.01286,0.14546,-0.03168,0.00,0.00,3.00,45.7,118.36,636.30,257.52,SEARCH_Z
12.0796,1.0242,0.0575,-0.0342,-0.00713,0.13646,-0.03268,0.00,0.00,3.00,45.7,118.36,636.32,257.52,SEARCH_Z
12.0897,0.9342,0.1875,-0.0742,0.00186,0.13646,-0.03168,0.00,0.00,3.00,45.7,118.35,636.36,257.52,SEARCH_Z
12.0998,0.9942,0.0975,0.0157,-0.00513,0.14646,-0.03068,0.00,0.00,3.00,45.7,118.35,636.39,257.52,SEARCH_Z
12.1099,0.9642,0.1875,-0.4242,0.00686,0.14346,-0.02768,0.00,0.00,3.00,45.7,118.35,636.42,257.52,SEARCH_Z
12.1200,0.9742,0.1575,0.0557,0.00686,0.14946,-0.02968,0.00,0.00,3.00,45.7,118.35,636.45,257.53,SEARCH_Z
12.1301,1.0642,0.5675,-0.3642,-0.00213,0.12746,-0.02768,0.00,0.00,3.00,45.7,118.35,636.48,257.53,SEARCH_Z
12.1402,1.0442,0.2075,0.0357,0.00886,0.14746,-0.03268,0.00,0.00,3.00,45.7,118.35,636.51,257.53,SEARCH_Z
12.1503,1.1342,0.5975,-0.2042,0.00286,0.14046,-0.02768,0.00,0.00,3.00,45.7,118.35,636.54,257.53,SEARCH_Z
12.1604,1.0342,0.1775,0.0757,0.00686,0.14846,-0.03368,0.00,0.00,3.00,45.7,118.35,636.57,257.53,SEARCH_Z
12.1705,0.7942,-0.0124,0.1657,0.00386,0.15146,-0.02868,0.00,0.00,3.00,45.7,118.34,636.60,257.53,SEARCH_Z
12.1806,0.9742,0.3875,-0.2542,-0.00613,0.13246,-0.02868,0.00,0.00,3.00,45.7,118.34,636.63,257.53,SEARCH_Z
12.1907,1.0742,0.2475,-0.3942,0.00986,0.14146,-0.03068,0.00,0.00,3.00,45.7,118.34,636.66,257.53,SEARCH_Z
12.2008,1.0542,0.1675,-0.1642,-0.00013,0.13846,-0.03368,0.00,0.00,3.00,45.7,118.34,636.69,257.53,SEARCH_Z
12.2109,0.8742,0.3475,-0.0642,-0.00513,0.14546,-0.02868,0.00,0.00,3.00,45.7,118.34,636.72,257.54,SEARCH_Z
12.2210,1.0042,0.1575,-0.2542,-0.00013,0.14346,-0.02968,0.00,0.00,3.00,45.7,118.34,636.75,257.54,SEARCH_Z
12.2311,0.7442,0.5275,-0.2542,-0.02613,0.12646,-0.02368,0.00,0.00,3.00,45.7,118.34,636.78,257.54,SEARCH_Z
12.2412,0.9242,0.2375,-0.1942,-0.00213,0.14346,-0.02868,0.00,0.00,3.00,45.7,118.34,636.81,257.54,SEARCH_Z
12.2513,1.0442,0.2275,-0.1842,0.01386,0.14946,-0.02668,0.00,0.00,3.00,45.7,118.34,636.84,257.54,SEARCH_Z
12.2614,0.6842,0.4875,-0.3842,-0.01313,0.13246,-0.02468,0.00,0.00,3.00,45.7,118.33,636.87,257.54,SEARCH_Z
12.2715,1.1242,0.1175,-0.2042,0.01986,0.13846,-0.03168,0.00,0.00,3.00,45.7,118.33,636.90,257.54,SEARCH_Z
12.2816,0.9042,0.6875,-0.4342,0.00186,0.14246,-0.02368,0.00,0.00,3.00,45.7,118.33,636.93,257.54,SEARCH_Z
12.2917,0.7942,0.2775,0.0357,0.00186,0.14446,-0.02468,0.00,0.00,3.00,45.7,118.33,636.96,257.54,SEARCH_Z
12.3018,0.7142,0.5575,-0.4642,-0.01313,0.12746,-0.02668,0.00,0.00,3.00,45.7,118.33,636.99,257.55,SEARCH_Z
12.3119,1.0342,0.4275,-0.2742,0.00786,0.13846,-0.02868,0.00,0.00,3.00,45.7,118.33,637.03,257.55,SEARCH_Z
12.3221,0.9542,0.5975,-0.5942,0.00386,0.13346,-0.02568,0.00,0.00,3.00,45.7,118.33,637.05,257.55,SEARCH_Z
12.3322,0.9242,0.4075,-0.5042,0.00886,0.14746,-0.02468,0.00,0.00,3.00,45.7,118.33,637.09,257.55,SEARCH_Z
12.3423,0.9342,0.1975,-0.0942,0.00586,0.14146,-0.02668,0.00,0.00,3.00,45.7,118.33,637.11,257.55,SEARCH_Z
12.3525,0.9642,0.2475,0.0857,0.00486,0.14346,-0.03368,0.00,0.00,3.00,45.7,118.32,637.15,257.55,SEARCH_Z
12.3626,0.7142,0.4275,-0.2642,-0.01613,0.13246,-0.02768,0.00,0.00,3.00,45.7,118.32,637.17,257.55,SEARCH_Z
12.3727,1.1242,0.0675,0.2457,0.02686,0.15146,-0.03268,0.00,0.00,3.00,45.7,118.32,637.21,257.55,SEARCH_Z
12.3828,0.7342,0.3475,-0.5642,-0.00313,0.13746,-0.02568,0.00,0.00,3.00,45.7,118.32,637.23,257.55,SEARCH_Z
12.3929,0.8242,0.2575,-0.4242,0.00886,0.14346,-0.02768,0.00,0.00,3.00,45.7,118.32,637.27,257.56,SEARCH_Z
12.4030,0.7742,0.4975,-0.4142,-0.00513,0.13546,-0.02568,0.00,0.00,3.00,45.7,118.32,637.29,257.56,SEARCH_Z
12.4131,0.7442,0.2475,-0.3042,0.00386,0.13946,-0.02668,0.00,0.00,3.00,45.7,118.32,637.33,257.56,SEARCH_Z
12.4232,0.9942,0.3375,-0.4742,0.00086,0.12446,-0.02568,0.00,0.00,3.00,45.7,118.32,637.35,257.56,SEARCH_Z
12.4333,0.7842,0.4175,-0.3542,-0.00913,0.13546,-0.02768,0.00,0.00,3.00,45.7,118.32,637.39,257.56,SEARCH_Z
12.4434,1.0442,-0.1324,0.0257,0.00586,0.14146,-0.03168,0.00,0.00,3.00,45.7,118.31,637.41,257.56,SEARCH_Z
12.4535,0.9642,0.3975,-0.0242,-0.02213,0.12346,-0.02668,0.00,0.00,3.00,45.8,118.31,637.45,257.56,SEARCH_Z
12.4636,1.1142,0.5175,-0.3242,0.01186,0.13546,-0.02668,0.00,0.00,3.00,45.8,118.31,637.47,257.56,SEARCH_Z
12.4736,1.0542,0.2275,-0.1542,0.00686,0.13646,-0.02868,0.00,0.00,3.00,45.8,118.31,637.51,257.56,SEARCH_Z
12.4837,1.0142,0.3675,-0.2542,0.00886,0.13946,-0.02868,0.00,0.00,3.00,45.8,118.31,637.54,257.57,SEARCH_Z
12.4938,0.9042,0.4975,-0.1742,0.00886,0.14246,-0.02568,0.00,0.00,3.00,45.8,118.31,637.57,257.57,SEARCH_Z
12.5039,1.0742,0.1775,0.0257,0.01586,0.14746,-0.02868,0.00,0.00,3.00,45.8,118.31,637.60,257.57,SEARCH_Z
12.5140,0.6942,0.4075,-0.2542,-0.02913,0.12346,-0.02968,0.00,0.00,3.00,45.8,118.31,637.63,257.57,SEARCH_Z
12.5241,0.9742,0.0275,-0.2242,0.02186,0.14146,-0.03268,0.00,0.00,3.00,45.8,118.30,637.66,257.57,SEARCH_Z
12.5342,1.0642,0.0875,-0.2742,0.00086,0.13346,-0.03068,0.00,0.00,3.00,45.8,118.30,637.69,257.57,SEARCH_Z
12.5443,0.9942,0.2875,-0.2442,0.01186,0.13546,-0.02768,0.00,0.00,3.00,45.8,118.30,637.72,257.57,SEARCH_Z
12.5544,0.9142,-0.0724,-0.2142,0.01686,0.13746,-0.02868,0.00,0.00,3.00,45.8,118.30,637.75,257.57,SEARCH_Z
12.5645,1.0742,-0.0324,-0.0142,0.00086,0.13446,-0.03368,0.00,0.00,3.00,45.8,118.30,637.78,257.57,SEARCH_Z
12.5746,1.1642,0.0175,-0.2342,0.01386,0.13046,-0.02868,0.00,0.00,3.00,45.8,118.30,637.81,257.58,SEARCH_Z
12.5847,1.0842,0.3075,0.0157,0.00886,0.13846,-0.02668,0.00,0.00,3.00,45.8,118.30,637.84,257.58,SEARCH_Z
12.5948,0.8442,0.2375,-0.3342,-0.00413,0.12146,-0.02868,0.00,0.00,3.00,45.8,118.30,637.87,257.58,SEARCH_Z
12.6049,0.9542,0.3175,-0.2942,0.00686,0.13246,-0.02868,0.00,0.00,3.00,45.8,118.30,637.91,257.58,SEARCH_Z
12.6150,1.0442,0.2675,0.0557,0.00086,0.13146,-0.02868,0.00,0.00,3.00,45.8,118.29,637.93,257.58,SEARCH_Z
12.6251,1.2242,0.2875,-0.1642,0.00786,0.13446,-0.02968,0.00,0.00,3.00,45.8,118.29,637.97,257.58,SEARCH_Z
12.6352,0.8442,0.0775,0.0057,-0.00213,0.13546,-0.02868,0.00,0.00,3.00,45.8,118.29,637.99,257.58,SEARCH_Z
12.6453,1.1842,0.0275,-0.0142,-0.00113,0.12546,-0.02968,0.00,0.00,3.00,45.8,118.29,638.03,257.58,SEARCH_Z
12.6554,0.8942,0.3475,-0.1642,-0.01413,0.13246,-0.02768,0.00,0.00,3.00,45.8,118.29,638.05,257.58,SEARCH_Z
12.6655,1.0042,0.2375,-0.4442,0.00686,0.13046,-0.02968,0.00,0.00,3.00,45.8,118.29,638.09,257.59,SEARCH_Z
12.6756,0.8242,0.3675,-0.1342,0.00186,0.13946,-0.02368,0.00,0.00,3.00,45.8,118.29,638.11,257.59,SEARCH_Z
12.6857,0.7242,0.2475,-0.2642,0.00186,0.14146,-0.02668,0.00,0.00,3.00,45.8,118.29,638.15,257.59,SEARCH_Z
12.6958,1.0042,0.1775,-0.0642,0.01386,0.14446,-0.02768,0.00,0.00,3.00,45.8,118.29,638.17,257.59,SEARCH_Z
12.7059,0.8342,0.2775,-0.4142,0.00586,0.12146,-0.02468,0.00,0.00,3.00,45.8,118.28,638.21,257.59,SEARCH_Z
12.7160,0.7842,0.0175,-0.0042,-0.02213,0.11946,-0.02868,0.00,0.00,3.00,45.8,118.28,638.24,257.59,SEARCH_Z
12.7261,0.8442,0.3275,-0.1842,0.00986,0.13246,-0.02468,0.00,0.00,3.00,45.8,118.28,638.27,257.59,SEARCH_Z
12.7362,0.9642,0.2375,-0.1042,0.01986,0.14046,-0.03068,0.00,0.00,3.00,45.8,118.28,638.30,257.59,SEARCH_Z
12.7463,0.9142,0.2675,-0.3942,0.00386,0.12046,-0.02468,0.00,0.00,3.00,45.8,118.28,638.33,257.59,SEARCH_Z
12.7564,1.0242,0.2975,-0.5642,0.01786,0.12446,-0.02668,0.00,0.00,3.00,45.8,118.28,638.36,257.60,SEARCH_Z
12.7665,0.8242,0.4675,-0.4542,-0.00313,0.12246,-0.02068,0.00,0.00,3.00,45.8,118.28,638.39,257.60,SEARCH_Z
12.7766,0.7942,0.5575,-0.3742,-0.00313,0.12146,-0.02568,0.00,0.00,3.00,45.8,118.28,638.42,257.60,SEARCH_Z
12.7867,0.8242,0.1875,-0.1342,0.00386,0.13446,-0.02568,0.00,0.00,3.00,45.8,118.28,638.45,257.60,SEARCH_Z
12.7968,0.7842,0.3475,-0.1942,-0.00813,0.12846,-0.02868,0.00,0.00,3.00,45.8,118.27,638.48,257.60,SEARCH_Z
12.8069,1.0842,0.1875,-0.0542,0.01186,0.13146,-0.02868,0.00,0.00,3.00,45.8,118.27,638.51,257.60,SEARCH_Z
12.8171,1.0142,0.1475,0.0357,0.01586,0.13246,-0.02568,0.00,0.00,3.00,45.8,118.27,638.54,257.60,SEARCH_Z
12.8271,0.7042,0.1375,0.0457,-0.00813,0.13046,-0.02268,0.00,0.00,3.00,45.8,118.27,638.57,257.60,SEARCH_Z
12.8372,1.0842,0.4475,-0.2142,-0.00013,0.11246,-0.02568,0.00,0.00,3.00,45.8,118.27,638.60,257.60,SEARCH_Z
12.8473,0.8342,0.0775,-0.0342,-0.00713,0.12946,-0.02968,0.00,0.00,3.00,45.8,118.27,638.63,257.60,SEARCH_Z
12.8574,0.9642,0.5575,-0.3642,-0.00913,0.11546,-0.02568,0.00,0.00,3.00,45.8,118.27,638.66,257.61,SEARCH_Z
12.8675,0.8342,0.2175,-0.0742,-0.01613,0.12146,-0.02568,0.00,0.00,3.00,45.8,118.27,638.69,257.61,SEARCH_Z
12.8776,0.8442,0.0775,-0.0142,0.00286,0.12946,-0.02668,0.00,0.00,3.00,45.8,118.27,638.72,257.61,SEARCH_Z
12.8877,0.8942,0.3375,-0.1042,-0.01713,0.11946,-0.02868,0.00,0.00,3.00,45.9,118.26,638.76,257.61,SEARCH_Z
12.8978,1.1642,0.2075,-0.1442,0.01586,0.11846,-0.02668,0.00,0.00,3.00,45.9,118.26,638.78,257.61,SEARCH_Z
12.9079,0.9042,0.1775,-0.4042,-0.01013,0.11146,-0.02968,0.00,0.00,3.00,45.9,118.26,638.82,257.61,SEARCH_Z
12.9180,0.7942,0.1875,0.1057,0.01986,0.14146,-0.02368,0.00,0.00,3.00,45.9,118.26,638.84,257.61,SEARCH_Z
12.9281,0.9042,0.3575,-0.0342,-0.01313,0.11646,-0.02668,0.00,0.00,3.00,45.9,118.26,638.88,257.61,SEARCH_Z
12.9382,0.9742,0.2275,-0.4642,-0.00413,0.10746,-0.02168,0.00,0.00,3.00,45.9,118.26,638.90,257.61,SEARCH_Z
12.9483,1.1242,0.6775,-0.7442,0.00386,0.12146,-0.02568,0.00,0.00,3.00,45.9,118.26,638.94,257.62,SEARCH_Z
12.9584,0.8942,-0.0124,-0.1142,0.00986,0.12946,-0.02968,0.00,0.00,3.00,45.9,118.26,638.96,257.62,SEARCH_Z
12.9685,0.8742,0.2475,-0.1342,0.01286,0.14246,-0.03068,0.00,0.00,3.00,45.9,118.25,639.00,257.62,SEARCH_Z
12.9786,1.0042,0.1675,-0.1842,0.01286,0.13146,-0.02768,0.00,0.00,3.00,45.9,118.25,639.02,257.62,SEARCH_Z
12.9887,0.9442,0.0975,-0.0242,0.03386,0.14346,-0.02868,0.00,0.00,3.00,45.9,118.25,639.06,257.62,SEARCH_Z
12.9988,0.7942,0.2575,-0.2442,0.00786,0.12746,-0.02368,0.00,0.00,3.00,45.9,118.25,639.08,257.62,SEARCH_Z
13.0089,0.9142,-0.2124,0.0457,0.02686,0.13946,-0.02868,0.00,0.00,3.00,45.9,118.25,639.12,257.62,SEARCH_Z
13.0190,0.9442,0.2475,-0.2842,0.01486,0.13746,-0.02468,0.00,0.00,3.00,45.9,118.25,639.14,257.62,SEARCH_Z
13.0291,0.7242,-0.1624,0.2657,0.00986,0.13746,-0.02768,0.00,0.00,3.00,45.9,118.25,639.18,257.62,SEARCH_Z
13.0392,1.1842,0.1775,-0.1942,0.02186,0.12546,-0.03068,0.00,0.00,3.00,45.9,118.25,639.20,257.63,SEARCH_Z
13.0492,0.9942,0.2675,-0.3442,0.00286,0.11846,-0.02568,0.00,0.00,3.00,45.9,118.25,639.24,257.63,SEARCH_Z
13.0594,0.8642,0.2175,-0.3142,-0.01313,0.11346,-0.03068,0.00,0.00,3.00,45.9,118.24,639.26,257.63,SEARCH_Z
13.0695,0.9342,0.1875,0.0657,0.01286,0.13246,-0.02868,0.00,0.00,3.00,45.9,118.24,639.30,257.63,SEARCH_Z
13.0796,0.9442,0.2975,-0.1842,0.00986,0.13246,-0.02668,0.00,0.00,3.00,45.9,118.24,639.32,257.63,SEARCH_Z
13.0897,0.9642,0.1875,-0.3142,0.00886,0.11846,-0.02168,0.00,0.00,3.00,45.9,118.24,639.36,257.63,SEARCH_Z
13.0998,0.8842,0.3575,-0.1242,0.01086,0.13246,-0.03068,0.00,0.00,3.00,45.9,118.24,639.39,257.63,SEARCH_Z
13.1099,0.8142,0.3475,0.0057,0.01086,0.13846,-0.02568,0.00,0.00,3.00,45.9,118.24,639.42,257.63,SEARCH_Z
13.1200,0.8142,0.1175,0.0157,0.00286,0.13646,-0.02668,0.00,0.00,3.00,45.9,118.24,639.45,257.64,SEARCH_Z
13.1301,0.9342,0.1875,0.0857,0.01686,0.12746,-0.02668,0.00,0.00,3.00,45.9,118.24,639.48,257.64,SEARCH_Z
13.1401,0.8542,0.3875,-0.2742,0.00586,0.12146,-0.02468,0.00,0.00,3.00,45.9,118.24,639.50,257.64,SEARCH_Z
13.1503,0.9642,0.0675,0.2657,0.01186,0.12446,-0.02468,0.00,0.00,3.00,45.9,118.23,639.54,257.64,SEARCH_Z
13.1604,0.6842,0.5575,-0.1142,0.00986,0.13446,-0.02368,0.00,0.00,3.00,45.9,118.23,639.57,257.64,SEARCH_Z
13.1705,0.7742,0.2675,-0.0242,-0.00013,0.12646,-0.02368,0.00,0.00,3.00,45.9,118.23,639.60,257.64,SEARCH_Z
13.1807,0.8742,0.3975,-0.1842,0.01586,0.11846,-0.02168,0.00,0.00,3.00,45.9,118.23,639.63,257.64,SEARCH_Z
13.1908,0.9942,0.2675,-0.2942,0.01886,0.12246,-0.02368,0.00,0.00,3.00,45.9,118.23,639.66,257.64,SEARCH_Z
13.2009,0.9142,0.2175,-0.0642,0.00286,0.11646,-0.02468,0.00,0.00,3.00,45.9,118.23,639.69,257.64,SEARCH_Z
13.2110,0.7942,0.1775,-0.0342,0.01886,0.12046,-0.02568,0.00,0.00,3.00,45.9,118.23,639.72,257.64,SEARCH_Z
13.2211,1.0742,0.1275,-0.0842,0.03586,0.11746,-0.02468,0.00,0.00,3.00,46.0,118.23,639.75,257.65,SEARCH_Z
13.2311,0.7742,0.1975,0.1357,0.01686,0.11846,-0.02268,0.00,0.00,3.00,46.0,118.23,639.78,257.65,SEARCH_Z
13.2412,0.7242,0.3575,0.1857,0.02186,0.11946,-0.02068,0.00,0.00,3.00,46.0,118.22,639.81,257.65,SEARCH_Z
13.2514,0.8842,0.0875,0.1457,0.01986,0.12046,-0.02368,0.00,0.00,3.00,46.0,118.22,639.84,257.65,SEARCH_Z
13.2614,0.8642,0.2775,0.1057,0.03686,0.12646,-0.02068,0.00,0.00,3.00,46.0,118.22,639.87,257.65,SEARCH_Z
13.2716,0.7942,0.2075,0.0457,0.02786,0.11046,-0.01968,0.00,0.00,3.00,46.0,118.22,639.90,257.65,SEARCH_Z
13.2817,0.6942,0.1875,0.2457,0.02586,0.11446,-0.01868,0.00,0.00,3.00,46.0,118.22,639.93,257.65,SEARCH_Z
13.2918,0.8542,0.4675,-0.0242,0.02086,0.10646,-0.02068,0.00,0.00,3.00,46.0,118.22,639.97,257.65,SEARCH_Z
13.3019,0.9042,0.0975,-0.0442,0.02886,0.09746,-0.01868,0.00,0.00,3.00,46.0,118.22,639.99,257.65,SEARCH_Z
13.3119,0.9142,0.0675,0.0057,0.02786,0.09546,-0.01968,0.00,0.00,3.00,46.0,118.22,640.03,257.66,SEARCH_Z
13.3220,0.7642,0.3375,-0.0442,0.00186,0.10746,-0.02168,0.00,0.00,3.00,46.0,118.22,640.05,257.66,SEARCH_Z
13.3321,0.5142,0.5375,-0.0842,-0.01013,0.10046,-0.01468,0.00,0.00,3.00,46.0,118.21,640.09,257.66,SEARCH_Z
13.3424,0.7042,-0.0024,-0.3542,0.02186,0.09846,-0.02068,0.00,0.00,3.00,46.0,118.21,640.11,257.66,SEARCH_Z
13.3525,0.5942,0.3075,-0.2542,0.00086,0.09546,-0.01468,0.00,0.00,3.00,46.0,118.21,640.15,257.66,SEARCH_Z
13.3626,0.9242,0.0175,-0.1842,0.01286,0.10046,-0.01868,0.00,0.00,3.00,46.0,118.21,640.17,257.66,SEARCH_Z
13.3727,0.7142,0.3375,-0.1642,-0.00913,0.09146,-0.01568,0.00,0.00,3.00,46.0,118.21,640.21,257.66,SEARCH_Z
13.3827,0.6942,0.1175,-0.1242,0.00186,0.08846,-0.02268,0.00,0.00,3.00,46.0,118.21,640.23,257.66,SEARCH_Z
13.3928,0.9642,0.3175,-0.4142,0.03186,0.11046,-0.01768,0.00,0.00,3.00,46.0,118.21,640.27,257.66,SEARCH_Z
13.4029,0.6242,0.3975,0.0057,-0.00313,0.10446,-0.01768,0.00,0.00,3.00,46.0,118.21,640.29,257.67,SEARCH_Z
13.4131,0.6742,0.2675,-0.0642,-0.00413,0.10346,-0.02168,0.00,0.00,3.00,46.0,118.20,640.33,257.67,SEARCH_Z
13.4231,0.7042,0.5775,-0.6642,-0.00613,0.08746,-0.01668,0.00,0.00,3.00,46.0,118.20,640.35,257.67,SEARCH_Z
13.4332,0.6942,-0.1624,0.0957,0.00586,0.10546,-0.02168,0.00,0.00,3.00,46.0,118.20,640.39,257.67,SEARCH_Z
13.4433,0.4542,0.3275,-0.1842,-0.00613,0.10046,-0.01868,0.00,0.00,3.00,46.0,118.20,640.41,257.67,SEARCH_Z
13.4534,0.5142,0.2875,0.1957,-0.00013,0.11146,-0.01768,0.00,0.00,3.00,46.0,118.20,640.45,257.67,SEARCH_Z
13.4635,0.7342,0.0975,-0.4942,0.01686,0.10446,-0.01868,0.00,0.00,3.00,46.0,118.20,640.47,257.67,SEARCH_Z
13.4736,0.8242,0.0475,-0.2742,0.01586,0.10746,-0.01968,0.00,0.00,3.00,46.0,118.20,640.51,257.67,SEARCH_Z
13.4837,0.7142,0.2175,-0.1942,-0.00913,0.08546,-0.01668,0.00,0.00,3.00,46.0,118.20,640.55,257.67,SEARCH_Z
13.4938,0.8742,0.4575,-0.6142,-0.00013,0.09046,-0.01468,0.00,0.00,3.00,46.1,118.20,640.57,257.68,SEARCH_Z
13.5039,0.8942,0.2175,-0.2142,-0.00913,0.08546,-0.01868,0.00,0.00,3.00,46.1,118.19,640.61,257.68,SEARCH_Z
13.5140,0.6442,0.5475,-0.3642,-0.00513,0.09746,-0.01568,0.00,0.00,3.00,46.1,118.19,640.63,257.68,SEARCH_Z
13.5241,0.9142,0.1475,-0.0142,0.00586,0.09846,-0.01968,0.00,0.00,3.00,46.1,118.19,640.67,257.68,SEARCH_Z
13.5342,0.8442,0.2875,-0.1242,0.01186,0.10446,-0.01868,0.00,0.00,3.00,46.1,118.19,640.69,257.68,SEARCH_Z
13.5443,0.5442,0.2275,-0.2942,-0.00413,0.09546,-0.01468,0.00,0.00,3.00,46.1,118.19,640.73,257.68,SEARCH_Z
13.5544,0.7942,0.4675,-0.5442,0.00386,0.08946,-0.01268,0.00,0.00,3.00,46.1,118.19,640.75,257.68,SEARCH_Z
13.5645,0.7842,0.0675,-0.3742,-0.00313,0.09246,-0.01568,0.00,0.00,3.00,46.1,118.19,640.79,257.68,SEARCH_Z
13.5746,0.6342,0.1875,-0.2942,-0.00413,0.09646,-0.01268,0.00,0.00,3.00,46.1,118.19,640.81,257.68,SEARCH_Z
13.5847,0.5242,0.3475,-0.4442,-0.00313,0.08746,-0.01268,0.00,0.00,3.00,46.1,118.19,640.85,257.69,SEARCH_Z
13.5948,0.5442,0.2475,-0.1042,-0.01313,0.09046,-0.01568,0.00,0.00,3.00,46.1,118.18,640.87,257.69,SEARCH_Z
13.6049,0.6842,0.0275,-0.4242,-0.00213,0.08846,-0.01568,0.00,0.00,3.00,46.1,118.18,640.91,257.69,SEARCH_Z
13.6150,0.7242,-0.1024,-0.0742,0.00086,0.10046,-0.01868,0.00,0.00,3.00,46.1,118.18,640.93,257.69,SEARCH_Z
13.6251,0.4042,0.4175,-0.6542,-0.03513,0.07846,-0.01468,0.00,0.00,3.00,46.1,118.18,640.97,257.69,SEARCH_Z
13.6351,0.5342,0.0675,-0.5142,-0.00213,0.09046,-0.01768,0.00,0.00,3.00,46.1,118.18,640.99,257.69,SEARCH_Z
13.6452,0.6542,0.5975,-0.8342,-0.01213,0.07946,-0.01068,0.00,0.00,3.00,46.1,118.18,641.03,257.69,SEARCH_Z
13.6554,0.4942,0.3475,-0.8842,-0.02313,0.07546,-0.01368,0.00,0.00,3.00,46.1,118.18,641.05,257.69,SEARCH_Z
13.6655,0.5842,0.2675,-0.9842,-0.00513,0.07846,-0.01468,0.00,0.00,3.00,46.1,118.18,641.09,257.69,SEARCH_Z
13.6755,0.5642,0.0175,-0.6442,-0.01513,0.08346,-0.01568,0.00,0.00,3.00,46.1,118.18,641.11,257.70,SEARCH_Z
13.6857,0.7742,0.0075,-0.9742,-0.01113,0.07646,-0.01468,0.00,0.00,3.00,46.1,118.17,641.15,257.70,SEARCH_Z
13.6958,0.6042,0.0675,-0.6942,-0.01113,0.08446,-0.01168,0.00,0.00,3.00,46.1,118.17,641.18,257.70,SEARCH_Z
13.7059,0.7442,-0.2624,-0.8742,-0.01113,0.06746,-0.01568,0.00,0.00,3.00,46.1,118.17,641.21,257.70,SEARCH_Z
13.7160,0.8042,0.1675,-0.7942,-0.01613,0.06846,-0.01268,0.00,0.00,3.00,46.1,118.17,641.24,257.70,SEARCH_Z
13.7261,0.5842,0.3075,-0.9142,-0.02013,0.06946,-0.01068,0.00,0.00,3.00,46.1,118.17,641.27,257.70,SEARCH_Z
13.7362,0.5542,0.4275,-0.8142,-0.02213,0.06846,-0.00868,0.00,0.00,3.00,46.2,118.17,641.30,257.70,SEARCH_Z
