time,fx,fy,fz,tx,ty,tz,vx,vy,vz,travel_mm,pos_x,pos_y,pos_z,phase
0.0000,0.1785,-0.3201,0.2425,-0.00372,-0.00640,-0.00389,-5.00,0.00,0.00,0.0,125.55,633.31,302.47,DESCEND
0.0102,0.0485,-0.0501,0.2425,0.00527,0.01259,0.00210,-5.00,0.00,0.00,0.0,125.55,633.31,302.47,DESCEND
0.0203,0.2185,-0.0701,0.1425,0.00127,-0.00140,-0.00189,-5.00,0.00,0.00,0.0,125.55,633.31,302.46,DESCEND
0.0304,0.1085,0.2198,-0.1974,0.00727,0.00259,0.00310,-5.00,0.00,0.00,0.0,125.55,633.31,302.45,DESCEND
0.0405,-0.0214,-0.1901,0.3925,0.00727,0.01159,0.00010,-5.00,0.00,0.00,0.0,125.55,633.31,302.45,DESCEND
0.0506,-0.1614,-0.1901,0.1925,-0.00572,-0.00040,0.00010,-5.00,0.00,0.00,0.0,125.55,633.31,302.43,DESCEND
0.0607,0.1485,-0.1401,0.0325,0.01527,0.00859,-0.00189,-5.00,0.00,0.00,0.1,125.55,633.31,302.41,DESCEND
0.0708,-0.0514,0.1498,0.1225,-0.01972,-0.00840,0.00310,-5.00,0.00,0.00,0.1,125.55,633.31,302.39,DESCEND
0.0810,0.0785,0.0498,0.0925,-0.00072,0.00159,0.00010,-5.00,0.00,0.00,0.1,125.55,633.31,302.37,DESCEND
0.0911,0.0385,-0.0901,0.0625,0.00427,0.00859,0.00110,-5.00,0.00,0.00,0.1,125.55,633.31,302.33,DESCEND
0.1012,0.0885,0.1198,-0.1074,0.00327,0.00059,-0.00189,-5.00,0.00,0.00,0.2,125.55,633.31,302.30,DESCEND
0.1114,-0.2914,-0.1101,0.1425,0.00927,0.01359,0.00110,-5.00,0.00,0.00,0.2,125.55,633.31,302.26,DESCEND
0.1215,0.1285,-0.0001,0.0025,0.01127,0.00759,-0.00189,-5.00,0.00,0.00,0.2,125.55,633.32,302.23,DESCEND
0.1316,0.2385,-0.0701,-0.3174,0.02127,0.00559,-0.00189,-5.00,0.00,0.00,0.3,125.55,633.32,302.17,DESCEND
0.1418,-0.0114,0.0298,-0.0274,-0.00972,-0.00140,0.00010,-5.00,0.00,0.00,0.3,125.55,633.32,302.13,DESCEND
0.1519,0.2285,-0.0301,-0.0174,0.01727,0.01159,-0.00389,-5.00,0.00,0.00,0.4,125.55,633.32,302.07,DESCEND
0.1620,-0.0114,-0.2101,0.0525,-0.00672,0.01259,0.00210,-5.00,0.00,0.00,0.5,125.55,633.32,302.01,DESCEND
0.1721,-0.0014,-0.1301,0.5025,-0.01172,0.02259,0.00210,-5.00,0.00,0.00,0.5,125.55,633.33,301.97,DESCEND
0.1823,0.1585,-0.1301,-0.2274,-0.00172,0.01459,0.00110,-5.00,0.00,0.00,0.6,125.55,633.33,301.91,DESCEND
0.1924,0.2685,-0.2001,0.0025,0.00527,0.00359,-0.00189,-5.00,0.00,0.00,0.6,125.55,633.33,301.87,DESCEND
0.2025,-0.0114,0.1898,-0.2674,0.01227,-0.00440,0.00510,-5.00,0.00,0.00,0.7,125.55,633.33,301.81,DESCEND
0.2126,0.0985,-0.0301,0.0225,0.03227,0.01659,-0.00089,-5.00,0.00,0.00,0.7,125.55,633.33,301.77,DESCEND
0.2227,0.2085,-0.0001,0.0325,0.00827,-0.00940,0.00210,-5.00,0.00,0.00,0.8,125.55,633.33,301.71,DESCEND
0.2329,-0.0014,-0.0701,-0.0174,0.01427,-0.00240,-0.00289,-5.00,0.00,0.00,0.8,125.55,633.34,301.67,DESCEND
0.2430,0.0985,-0.2701,0.2925,0.01127,-0.00040,-0.00089,-5.00,0.00,0.00,0.9,125.55,633.34,301.61,DESCEND
0.2531,-0.1614,-0.1101,0.2425,-0.00372,0.01759,-0.00189,-5.00,0.00,0.00,0.9,125.55,633.34,301.57,DESCEND
0.2633,-0.0214,0.1498,-0.0374,-0.01372,0.00359,0.00110,-5.00,0.00,0.00,1.0,125.55,633.34,301.51,DESCEND
0.2734,0.0985,0.0798,0.0225,-0.00472,-0.00140,0.00410,-5.00,0.00,0.00,1.0,125.55,633.34,301.47,DESCEND
0.2835,-0.0314,0.1498,0.2425,-0.02172,0.00859,-0.00089,-5.00,0.00,0.00,1.1,125.55,633.35,301.41,DESCEND
0.2936,0.1985,0.0498,-0.3974,0.00527,0.00559,-0.00089,-5.00,0.00,0.00,1.1,125.55,633.35,301.37,DESCEND
0.3037,0.0185,0.3198,-0.2274,-0.00372,0.00959,0.00510,-5.00,0.00,0.00,1.2,125.55,633.35,301.31,DESCEND
0.3138,-0.0214,0.0798,-0.2674,0.00027,-0.00540,-0.00189,-5.00,0.00,0.00,1.2,125.55,633.35,301.27,DESCEND
0.3240,-0.1214,0.0998,0.2125,-0.02072,-0.00540,0.00010,-5.00,0.00,0.00,1.3,125.55,633.35,301.21,DESCEND
0.3341,0.1485,-0.0101,-0.0974,0.00927,-0.00640,0.00210,-5.00,0.00,0.00,1.3,125.55,633.36,301.15,DESCEND
0.3442,-0.0514,-0.0101,0.0825,0.00527,0.00459,0.00310,-5.00,0.00,0.00,1.4,125.55,633.36,301.11,DESCEND
0.3543,-0.1514,0.0898,0.2425,0.01127,0.00559,0.00310,-5.00,0.00,0.00,1.4,125.55,633.36,301.05,DESCEND
0.3644,0.2485,0.2898,-0.2074,0.01427,-0.00740,0.00010,-5.00,0.00,0.00,1.5,125.55,633.36,301.01,DESCEND
0.3745,0.0985,0.0198,0.0725,0.01027,0.00059,0.00010,-5.00,0.00,0.00,1.5,125.55,633.36,300.95,DESCEND
0.3847,0.2385,-0.3601,0.2425,0.01427,-0.00140,-0.00489,-5.00,0.00,0.00,1.6,125.55,633.36,300.91,DESCEND
0.3948,0.2485,0.3898,-0.3174,0.00327,-0.00140,-0.00089,-5.00,0.00,0.00,1.6,125.55,633.37,300.85,DESCEND
0.4049,0.0185,-0.1301,0.1525,-0.00172,-0.00040,0.00410,-5.00,0.00,0.00,1.7,125.55,633.37,300.81,DESCEND
0.4150,0.0185,-0.2201,0.0825,-0.00172,0.00059,-0.00189,-5.00,0.00,0.00,1.7,125.55,633.37,300.75,DESCEND
0.4251,0.0485,-0.1001,0.2825,-0.01372,-0.00040,-0.00089,-5.00,0.00,0.00,1.8,125.55,633.37,300.71,DESCEND
0.4352,0.1085,0.2298,-0.3474,-0.00872,-0.01340,0.00510,-5.00,0.00,0.00,1.8,125.55,633.37,300.65,DESCEND
0.4453,-0.1614,0.2898,0.2025,-0.00472,0.00059,0.00610,-5.00,0.00,0.00,1.9,125.55,633.38,300.61,DESCEND
0.4555,0.0785,-0.2901,0.1925,-0.00272,-0.00640,-0.00189,-5.00,0.00,0.00,1.9,125.55,633.38,300.55,DESCEND
0.4656,-0.1314,-0.0201,0.2125,-0.02772,-0.01040,0.00210,-5.00,0.00,0.00,2.0,125.55,633.38,300.51,DESCEND
0.4756,-0.0914,-0.1301,0.0425,-0.01172,0.00159,-0.00189,-5.00,0.00,0.00,2.0,125.55,633.38,300.45,DESCEND
0.4857,0.2885,-0.1701,0.2525,0.01227,0.01159,0.00010,-5.00,0.00,0.00,2.1,125.55,633.38,300.41,DESCEND
0.4958,0.2685,-0.1201,-0.0774,0.01227,-0.00240,0.00110,-5.00,0.00,0.00,2.1,125.55,633.39,300.35,DESCEND
0.5059,0.1685,-0.0601,0.1425,0.00627,0.00359,-0.00089,-5.00,0.00,0.00,2.2,125.55,633.39,300.31,DESCEND
0.5160,0.0485,-0.3501,0.2525,0.00627,-0.00540,-0.00089,-5.00,0.00,0.00,2.2,125.55,633.39,300.25,DESCEND
0.5262,0.2385,-0.0101,0.0625,0.02527,0.00959,-0.00289,-5.00,0.00,0.00,2.3,125.55,633.39,300.19,DESCEND
0.5363,-0.0314,-0.0001,0.1325,0.00027,0.00059,0.00010,-5.00,0.00,0.00,2.3,125.55,633.39,300.15,DESCEND
0.5464,0.1185,0.0398,-0.0674,0.00727,-0.00440,0.00210,-5.00,0.00,0.00,2.4,125.55,633.39,300.10,DESCEND
0.5565,-0.0014,0.0498,-0.1074,0.00527,0.00459,0.00210,-5.00,0.00,0.00,2.4,125.55,633.40,300.06,DESCEND
0.5666,-0.0514,-0.3201,0.0725,0.00027,0.00759,0.00010,-5.00,0.00,0.00,2.5,125.55,633.40,300.00,DESCEND
0.5767,0.1285,0.3498,-0.4674,0.00527,0.00159,0.00410,-5.00,0.00,0.00,2.5,125.55,633.40,299.96,DESCEND
0.5869,-0.0014,0.2498,-0.2374,-0.00072,0.00359,0.00310,-5.00,0.00,0.00,2.6,125.55,633.40,299.90,DESCEND
0.5970,0.1485,0.1598,-0.2974,0.00227,-0.00440,0.00110,-5.00,0.00,0.00,2.6,125.55,633.40,299.86,DESCEND
0.6071,-0.0814,-0.0401,0.0925,-0.00472,0.00559,0.00010,-5.00,0.00,0.00,2.7,125.55,633.41,299.80,DESCEND
0.6172,-0.0514,0.0998,-0.0274,-0.00272,0.00759,0.00210,-5.00,0.00,0.00,2.7,125.56,633.41,299.76,DESCEND
0.6273,0.0585,-0.0401,-0.0174,0.01227,0.00359,0.00010,-5.00,0.00,0.00,2.8,125.56,633.41,299.70,DESCEND
0.6374,-0.0314,-0.1401,0.1325,-0.00172,-0.00240,0.00210,-5.00,0.00,0.00,2.8,125.56,633.41,299.64,DESCEND
0.6475,-0.1414,-0.0901,0.1825,0.00327,0.00959,0.00010,-5.00,0.00,0.00,2.9,125.56,633.41,299.60,DESCEND
0.6577,0.1985,-0.4201,0.3925,0.00827,0.00559,0.00010,-5.00,0.00,0.00,2.9,125.56,633.42,299.54,DESCEND
0.6678,0.1085,-0.0201,-0.0374,0.00927,0.00659,0.00010,-5.00,0.00,0.00,3.0,125.56,633.42,299.50,DESCEND
0.6779,0.1185,0.0498,0.0325,0.00427,0.00659,-0.00289,-5.00,0.00,0.00,3.0,125.56,633.42,299.44,DESCEND
0.6881,0.2485,-0.0801,0.1325,-0.00372,-0.00840,0.00410,-5.00,0.00,0.00,3.1,125.56,633.42,299.40,DESCEND
0.6982,0.0985,0.0798,0.0725,0.00427,-0.00040,0.00510,-5.00,0.00,0.00,3.1,125.56,633.42,299.34,DESCEND
0.7083,0.0385,0.3098,0.0025,0.00427,0.00459,0.00710,-5.00,0.00,0.00,3.2,125.56,633.42,299.30,DESCEND
0.7184,0.1585,-0.1201,0.0225,0.00227,-0.00040,-0.00189,-5.00,0.00,0.00,3.2,125.56,633.43,299.24,DESCEND
0.7285,0.0585,0.1598,-0.2974,0.01027,0.00259,0.00210,-5.00,0.00,0.00,3.3,125.56,633.43,299.20,DESCEND
0.7386,0.2085,-0.1601,0.0625,-0.00172,-0.00640,0.00010,-5.00,0.00,0.00,3.3,125.56,633.43,299.14,DESCEND
0.7488,0.0385,-0.3101,0.3825,0.00627,-0.00040,-0.00089,-5.00,0.00,0.00,3.4,125.56,633.43,299.10,DESCEND
0.7589,0.1085,0.1898,-0.0874,0.00427,0.00059,0.00210,-5.00,0.00,0.00,3.4,125.56,633.43,299.04,DESCEND
0.7691,0.0885,-0.1701,0.4625,0.00327,0.01159,0.00010,-5.00,0.00,0.00,3.5,125.56,633.44,299.00,DESCEND
0.7792,-0.0414,-0.1401,0.1925,0.02327,0.01859,-0.00289,-5.00,0.00,0.00,3.5,125.56,633.44,298.94,DESCEND
0.7893,0.0785,-0.1701,0.2025,0.00527,0.00359,-0.00089,-5.00,0.00,0.00,3.6,125.56,633.44,298.90,DESCEND
0.7994,0.1085,0.0398,0.0625,0.00027,0.00459,0.00010,-5.00,0.00,0.00,3.6,125.56,633.44,298.84,DESCEND
0.8095,-0.0314,-0.0901,-0.0774,-0.00372,-0.00040,0.00210,-5.00,0.00,0.00,3.7,125.56,633.44,298.80,DESCEND
0.8196,0.0885,-0.0901,-0.1474,-0.00372,-0.00040,-0.00089,-5.00,0.00,0.00,3.7,125.56,633.44,298.74,DESCEND
0.8297,-0.0014,0.0698,0.1225,0.00327,0.01359,0.00210,-5.00,0.00,0.00,3.8,125.56,633.45,298.70,DESCEND
0.8399,0.1185,-0.0501,0.1525,0.01827,0.01159,-0.00089,-5.00,0.00,0.00,3.8,125.56,633.45,298.64,DESCEND
0.8500,0.1185,-0.0101,0.1125,0.00327,0.00859,-0.00189,-5.00,0.00,0.00,3.9,125.56,633.45,298.58,DESCEND
0.8601,0.1685,0.1198,-0.1174,0.01027,0.00459,0.00110,-5.00,0.00,0.00,3.9,125.56,633.45,298.54,DESCEND
0.8702,-0.0514,-0.2201,0.1925,-0.00472,0.00559,0.00010,-5.00,0.00,0.00,4.0,125.56,633.45,298.48,DESCEND
0.8803,0.1885,0.1098,-0.0174,0.00527,-0.00240,0.00310,-5.00,0.00,0.00,4.0,125.56,633.46,298.44,DESCEND
0.8904,-0.1014,0.0398,-0.1674,-0.01072,-0.00640,0.00210,-5.00,0.00,0.00,4.1,125.56,633.46,298.38,DESCEND
0.9005,-0.0114,-0.0101,-0.0274,0.01327,0.00559,0.00110,-5.00,0.00,0.00,4.1,125.56,633.46,298.34,DESCEND
0.9106,-0.0814,0.2398,-0.2174,-0.00472,-0.00240,0.00510,-5.00,0.00,0.00,4.2,125.56,633.46,298.28,DESCEND
0.9207,-0.0614,-0.0201,-0.0574,-0.00472,0.00159,0.00010,-5.00,0.00,0.00,4.2,125.56,633.46,298.24,DESCEND
0.9308,0.0885,-0.0901,0.0225,0.00327,0.00159,-0.00089,-5.00,0.00,0.00,4.3,125.56,633.47,298.18,DESCEND
0.9409,0.1585,0.0598,-0.0474,0.00027,-0.00740,0.00210,-5.00,0.00,0.00,4.3,125.56,633.47,298.14,DESCEND
0.9510,-0.0614,0.0998,0.0625,0.00127,0.00959,0.00210,-5.00,0.00,0.00,4.4,125.56,633.47,298.08,DESCEND
0.9612,0.1185,-0.0001,0.2925,0.00727,0.00259,0.00610,-5.00,0.00,0.00,4.4,125.56,633.47,298.04,DESCEND
0.9712,-0.0714,0.0998,-0.1474,0.00027,0.00059,0.00410,-5.00,0.00,0.00,4.5,125.56,633.47,297.98,DESCEND
0.9813,0.1185,-0.2401,0.0125,-0.00372,-0.00540,0.00010,-5.00,0.00,0.00,4.5,125.56,633.47,297.94,DESCEND
0.9915,-0.0214,0.2098,0.0825,-0.00372,0.00259,0.00410,-5.00,0.00,0.00,4.6,125.56,633.48,297.88,DESCEND
1.0016,0.1685,-0.2101,0.1025,0.00227,-0.00040,0.00110,-5.00,0.00,0.00,4.6,125.56,633.48,297.84,DESCEND
1.0117,-0.0114,-0.1001,-0.0674,-0.01472,0.00059,0.00510,-5.00,0.00,0.00,4.7,125.56,633.48,297.78,DESCEND
1.0218,0.1885,-0.1601,0.2525,0.01027,0.00659,-0.00189,-5.00,0.00,0.00,4.7,125.56,633.48,297.74,DESCEND
1.0319,-0.0014,-0.3501,0.1425,-0.00172,0.00359,0.00210,-5.00,0.00,0.00,4.8,125.56,633.48,297.68,DESCEND
1.0420,0.1085,0.0798,0.2925,0.01227,0.01559,0.00010,-5.00,0.00,0.00,4.9,125.56,633.49,297.62,DESCEND
1.0521,0.0285,0.0698,-0.0774,-0.01172,-0.01040,0.00310,-5.00,0.00,0.00,4.9,125.56,633.49,297.58,DESCEND
1.0623,0.0285,-0.2101,0.6525,0.00827,0.02059,0.00010,-5.00,0.00,0.00,5.0,125.56,633.49,297.52,DESCEND
1.0724,-0.1114,-0.1501,0.1425,0.00627,0.01259,0.00310,-5.00,0.00,0.00,5.0,125.56,633.49,297.48,DESCEND
1.0825,0.1285,-0.6301,0.7025,0.02027,0.01459,-0.00189,-5.00,0.00,0.00,5.1,125.56,633.49,297.42,DESCEND
1.0926,0.0785,0.1198,0.0025,0.02027,0.00859,0.00210,-5.00,0.00,0.00,5.1,125.56,633.50,297.38,DESCEND
1.1027,0.1585,0.1998,-0.0974,0.00827,0.00259,0.00510,-5.00,0.00,0.00,5.2,125.56,633.50,297.32,DESCEND
1.1128,0.2085,-0.4001,0.3425,0.00227,0.00659,-0.00489,-5.00,0.00,0.00,5.2,125.56,633.50,297.28,DESCEND
1.1229,-0.0814,0.2298,-0.2574,-0.00172,-0.00140,0.00510,-5.00,0.00,0.00,5.3,125.56,633.50,297.22,DESCEND
1.1330,0.0185,0.0198,0.0025,-0.00272,0.00259,0.00210,-5.00,0.00,0.00,5.3,125.56,633.50,297.18,DESCEND
1.1431,-0.1614,0.0298,-0.1274,-0.01772,-0.00240,0.00510,-5.00,0.00,0.00,5.4,125.56,633.50,297.12,DESCEND
1.1533,0.0385,0.1998,-0.0774,-0.00072,-0.00840,0.00310,-5.00,0.00,0.00,5.4,125.56,633.51,297.08,DESCEND
1.1634,0.2485,-0.0601,-0.1174,0.01127,-0.01140,0.00110,-5.00,0.00,0.00,5.5,125.56,633.51,297.02,DESCEND
1.1735,0.0785,-0.0201,0.0225,0.00227,0.00359,0.00210,-5.00,0.00,0.00,5.5,125.56,633.51,296.98,DESCEND
1.1836,0.0885,-0.2801,0.3325,-0.00372,-0.00340,0.00110,-5.00,0.00,0.00,5.6,125.56,633.51,296.92,DESCEND
1.1938,0.1085,-0.1001,-0.0074,0.00727,0.00259,0.00110,-5.00,0.00,0.00,5.6,125.56,633.51,296.88,DESCEND
1.2039,-0.1414,-0.0701,0.1825,-0.01772,-0.00540,0.00710,-5.00,0.00,0.00,5.7,125.56,633.52,296.82,DESCEND
1.2142,0.0085,-0.2801,0.3025,0.00127,-0.00140,0.00110,-5.00,0.00,0.00,5.7,125.57,633.52,296.76,DESCEND
1.2243,0.0785,-0.2301,0.1325,0.00127,0.00159,0.00110,-5.00,0.00,0.00,5.8,125.57,633.52,296.72,DESCEND
1.2345,-0.1014,0.0298,0.1325,-0.00272,0.00559,0.00210,-5.00,0.00,0.00,5.8,125.57,633.52,296.66,DESCEND
1.2446,0.2685,0.0398,-0.2074,0.01227,-0.00540,0.00310,-5.00,0.00,0.00,5.9,125.57,633.52,296.62,DESCEND
1.2547,0.0385,-0.0701,-0.2474,0.00527,-0.00340,0.00310,-5.00,0.00,0.00,5.9,125.57,633.53,296.56,DESCEND
1.2649,0.2285,0.1498,-0.1674,0.00027,-0.00540,0.00210,-5.00,0.00,0.00,6.0,125.57,633.53,296.52,DESCEND
1.2750,0.1985,-0.0501,0.5825,0.01727,0.02259,0.00010,-5.00,0.00,0.00,6.0,125.57,633.53,296.46,DESCEND
1.2851,0.0285,0.2098,0.0925,-0.00672,0.00559,0.00410,-5.00,0.00,0.00,6.1,125.57,633.53,296.42,DESCEND
1.2953,-0.0514,0.0898,-0.0874,-0.00472,-0.00440,0.00310,-5.00,0.00,0.00,6.1,125.57,633.53,296.36,DESCEND
1.3054,0.1385,-0.4201,0.4425,0.01427,0.01159,0.00210,-5.00,0.00,0.00,6.2,125.57,633.53,296.32,DESCEND
1.3155,0.1385,-0.1201,0.1025,-0.00572,-0.00640,0.00110,-5.00,0.00,0.00,6.2,125.57,633.54,296.26,DESCEND
1.3257,0.1185,0.0198,0.2225,-0.00472,-0.00240,0.00210,-5.00,0.00,0.00,6.3,125.57,633.54,296.22,DESCEND
1.3358,-0.0114,0.1598,0.0625,0.02127,0.01059,0.00510,-5.00,0.00,0.00,6.3,125.57,633.54,296.16,DESCEND
1.3459,0.2385,-0.0801,-0.1874,0.00927,-0.00840,0.00010,-5.00,0.00,0.00,6.4,125.57,633.54,296.12,DESCEND
1.3560,0.2785,0.1098,-0.0474,-0.00372,-0.00440,-0.00289,-5.00,0.00,0.00,6.4,125.57,633.54,296.06,DESCEND
1.3661,0.0885,0.1398,-0.1874,0.01327,-0.00340,0.00310,-5.00,0.00,0.00,6.5,125.57,633.55,296.00,DESCEND
1.3763,0.0985,0.0798,0.0025,0.01427,-0.00040,0.00110,-5.00,0.00,0.00,6.5,125.57,633.55,295.96,DESCEND
1.3864,0.0085,0.0798,0.0125,-0.00972,0.00359,0.00310,-5.00,0.00,0.00,6.6,125.57,633.55,295.90,DESCEND
1.3965,-0.0414,0.0198,0.1125,0.00627,0.00459,0.00310,-5.00,0.00,0.00,6.6,125.57,633.55,295.86,DESCEND
1.4067,-0.0114,-0.1301,0.1125,0.00027,0.00059,0.00110,-5.00,0.00,0.00,6.7,125.57,633.55,295.80,DESCEND
1.4168,0.1285,0.2798,0.0325,0.00127,0.00559,0.00510,-5.00,0.00,0.00,6.7,125.57,633.55,295.76,DESCEND
1.4269,0.0785,-0.3701,0.3825,0.02827,0.01559,0.00110,-5.00,0.00,0.00,6.8,125.57,633.56,295.70,DESCEND
1.4370,-0.0914,-0.0401,0.1625,-0.01172,-0.00140,0.00310,-5.00,0.00,0.00,6.8,125.57,633.56,295.66,DESCEND
1.4471,-0.0214,-0.1301,0.5925,0.00227,0.01759,-0.00089,-5.00,0.00,0.00,6.9,125.57,633.56,295.60,DESCEND
1.4572,0.0585,0.2698,-0.1774,0.00927,0.00559,0.00510,-5.00,0.00,0.00,6.9,125.57,633.56,295.56,DESCEND
1.4673,-0.0814,-0.3201,0.0825,0.01327,0.01359,0.00310,-5.00,0.00,0.00,7.0,125.57,633.56,295.50,DESCEND
1.4775,0.0185,-0.2101,0.2925,0.00727,0.00059,0.00110,-5.00,0.00,0.00,7.0,125.57,633.57,295.46,DESCEND
1.4877,-0.0614,0.1498,-0.0874,0.00127,0.00659,0.00210,-5.00,0.00,0.00,7.1,125.57,633.57,295.40,DESCEND
1.4978,0.2085,-0.1601,0.1625,0.01227,0.00759,0.00010,-5.00,0.00,0.00,7.1,125.57,633.57,295.36,DESCEND
1.5079,0.0385,-0.4701,0.4225,0.02127,0.01459,0.00110,-5.00,0.00,0.00,7.2,125.57,633.57,295.30,DESCEND
1.5181,0.0085,0.1398,0.1725,0.00727,0.00759,0.00310,-5.00,0.00,0.00,7.2,125.57,633.57,295.24,DESCEND
1.5282,0.2485,-0.0601,0.0525,0.00427,-0.00440,0.00210,-5.00,0.00,0.00,7.3,125.57,633.58,295.20,DESCEND
1.5383,0.0285,-0.4001,0.4125,0.02727,0.02059,0.00110,-5.00,0.00,0.00,7.3,125.57,633.58,295.14,DESCEND
1.5484,0.0085,-0.1201,0.4625,0.00027,0.00459,0.00110,-5.00,0.00,0.00,7.4,125.57,633.58,295.10,DESCEND
1.5585,-0.1214,0.1698,0.1925,0.00127,0.01259,0.00310,-5.00,0.00,0.00,7.4,125.57,633.58,295.04,DESCEND
1.5686,0.1985,-0.0701,0.3525,0.02127,0.01259,0.00010,-5.00,0.00,0.00,7.5,125.57,633.58,295.00,DESCEND
1.5787,0.1685,0.0598,0.0625,0.01327,0.00859,0.00310,-5.00,0.00,0.00,7.5,125.57,633.59,294.94,DESCEND
1.5889,0.1585,-0.1501,0.1625,0.01627,0.00359,0.00210,-5.00,0.00,0.00,7.6,125.57,633.59,294.90,DESCEND
1.5991,0.1885,-0.2701,0.0425,0.00927,0.01259,-0.00089,-5.00,0.00,0.00,7.6,125.57,633.59,294.84,DESCEND
1.6092,-0.1914,0.1498,0.3825,0.00027,0.01159,0.00310,-5.00,0.00,0.00,7.7,125.57,633.59,294.80,DESCEND
1.6194,0.1785,0.0598,0.2225,0.00227,0.00059,0.00310,-5.00,0.00,0.00,7.7,125.57,633.59,294.74,DESCEND
1.6295,-0.1614,0.1198,0.2325,-0.01072,0.00759,0.00410,-5.00,0.00,0.00,7.8,125.57,633.59,294.70,DESCEND
1.6396,-0.0514,0.3198,-0.0474,0.00727,0.00459,0.00310,-5.00,0.00,0.00,7.8,125.57,633.60,294.64,DESCEND
1.6497,-0.0014,0.1698,0.0025,0.00427,0.00959,0.00310,-5.00,0.00,0.00,7.9,125.57,633.60,294.60,DESCEND
1.6598,0.2385,-0.0001,0.2925,0.02127,0.00659,0.00010,-5.00,0.00,0.00,7.9,125.57,633.60,294.54,DESCEND
1.6700,0.0985,-0.0401,0.1425,-0.00672,-0.00040,0.00210,-5.00,0.00,0.00,8.0,125.57,633.60,294.48,DESCEND
1.6801,0.2785,-0.2301,0.2325,0.01327,-0.01040,0.00410,-5.00,0.00,0.00,8.0,125.57,633.60,294.44,DESCEND
1.6904,0.0685,-0.1401,0.2825,0.02527,0.01459,0.00210,-5.00,0.00,0.00,8.1,125.57,633.61,294.38,DESCEND
1.7005,-0.1514,-0.4501,0.2925,-0.01472,-0.00340,0.00510,-5.00,0.00,0.00,8.1,125.57,633.61,294.34,DESCEND
1.7106,0.0185,-0.1301,0.1125,-0.01172,-0.00440,0.00110,-5.00,0.00,0.00,8.2,125.57,633.61,294.28,DESCEND
1.7207,0.0185,-0.1201,-0.0674,0.00627,0.00059,0.00310,-5.00,0.00,0.00,8.2,125.57,633.61,294.24,DESCEND
1.7309,0.0985,-0.0101,0.2625,0.01127,0.00959,0.00210,-5.00,0.00,0.00,8.3,125.57,633.61,294.18,DESCEND
1.7410,0.1385,0.0598,0.1725,0.02627,0.01559,0.00110,-5.00,0.00,0.00,8.3,125.57,633.61,294.14,DESCEND
1.7511,0.2185,-0.4701,0.2225,0.04027,0.02459,0.00010,-5.00,0.00,0.00,8.4,125.57,633.62,294.08,DESCEND
1.7613,0.2285,-0.0501,0.2425,0.00127,0.00359,0.00310,-5.00,0.00,0.00,8.4,125.57,633.62,294.04,DESCEND
1.7715,0.1885,-0.3001,0.0825,0.00227,-0.00940,0.00010,-5.00,0.00,0.00,8.5,125.57,633.62,293.98,DESCEND
1.7816,0.1285,-0.3601,0.2125,-0.00172,-0.00640,0.00110,-5.00,0.00,0.00,8.5,125.57,633.62,293.94,DESCEND
1.7918,0.0685,-0.4301,0.2925,0.00127,0.00559,-0.00089,-5.00,0.00,0.00,8.6,125.57,633.62,293.88,DESCEND
1.8019,0.0485,0.2398,0.2625,0.00727,0.00159,0.00610,-5.00,0.00,0.00,8.7,125.57,633.63,293.82,DESCEND
1.8120,0.2185,-0.1801,-0.0074,0.02427,0.00159,-0.00089,-5.00,0.00,0.00,8.7,125.57,633.63,293.78,DESCEND
1.8221,0.3985,-0.4601,0.3625,0.02627,0.01359,-0.00089,-5.00,0.00,0.00,8.8,125.58,633.63,293.72,DESCEND
1.8322,0.0685,0.2098,-0.1874,0.00127,0.00559,0.00410,-5.00,0.00,0.00,8.8,125.58,633.63,293.68,DESCEND
1.8423,0.0385,-0.2301,0.3425,0.01927,0.01859,0.00210,-5.00,0.00,0.00,8.9,125.58,633.63,293.62,DESCEND
1.8524,0.0585,0.0698,0.0225,0.00627,0.00059,0.00110,-5.00,0.00,0.00,8.9,125.58,633.64,293.58,DESCEND
1.8626,-0.1114,-0.1501,0.3725,0.00727,0.02059,0.00410,-5.00,0.00,0.00,9.0,125.58,633.64,293.52,DESCEND
1.8727,-0.1214,-0.2801,-0.0274,-0.00972,0.00059,0.00310,-5.00,0.00,0.00,9.0,125.58,633.64,293.48,DESCEND
1.8829,0.1985,-0.2001,0.2025,0.00227,0.00159,0.00110,-5.00,0.00,0.00,9.1,125.58,633.64,293.42,DESCEND
1.8931,-0.0014,-0.1201,0.2625,0.00727,0.00459,0.00310,-5.00,0.00,0.00,9.1,125.58,633.64,293.38,DESCEND
1.9032,0.2085,-0.3401,0.2525,0.02127,0.00359,0.00010,-5.00,0.00,0.00,9.2,125.58,633.64,293.32,DESCEND
1.9133,0.1285,-0.1901,0.3625,0.01627,0.00959,0.00210,-5.00,0.00,0.00,9.2,125.58,633.65,293.28,DESCEND
1.9235,-0.0114,0.0498,0.0425,0.01527,0.01159,0.00110,-5.00,0.00,0.00,9.3,125.58,633.65,293.22,DESCEND
1.9336,-0.0014,0.3298,-0.2474,-0.00572,-0.00440,0.00510,-5.00,0.00,0.00,9.3,125.58,633.65,293.18,DESCEND
1.9438,0.0585,-0.0901,0.0925,0.00527,0.00259,0.00410,-5.00,0.00,0.00,9.4,125.58,633.65,293.12,DESCEND
1.9539,-0.0214,0.1598,0.0125,0.00427,0.00359,0.00310,-5.00,0.00,0.00,9.4,125.58,633.65,293.06,DESCEND
1.9640,0.0685,-0.1301,-0.0474,-0.01472,0.00659,0.00210,-5.00,0.00,0.00,9.5,125.58,633.66,293.02,DESCEND
1.9742,0.1185,0.0498,0.1925,0.01027,0.01559,0.00310,-5.00,0.00,0.00,9.5,125.58,633.66,292.96,DESCEND
1.9844,-0.0114,0.0698,0.1625,0.00927,0.00859,0.00210,-5.00,0.00,0.00,9.6,125.58,633.66,292.92,DESCEND
1.9945,0.0885,0.0398,0.0425,0.00027,0.00559,0.00410,-5.00,0.00,0.00,9.6,125.58,633.66,292.86,DESCEND
2.0046,0.0185,-0.1901,0.1225,0.00527,0.00259,0.00010,-5.00,0.00,0.00,9.7,125.58,633.66,292.82,DESCEND
2.0147,0.0285,0.5198,-0.2374,0.00927,0.00159,-0.00089,-5.00,0.00,0.00,9.7,125.58,633.67,292.76,DESCEND
2.0248,0.1085,-0.3001,-0.0474,0.01327,-0.00240,0.00210,-5.00,0.00,0.00,9.8,125.58,633.67,292.72,DESCEND
2.0350,0.2985,-0.3401,0.3225,0.02127,0.00859,-0.00289,-5.00,0.00,0.00,9.8,125.58,633.67,292.66,DESCEND
2.0451,0.0085,0.3798,-0.0974,0.01127,0.00759,0.00610,-5.00,0.00,0.00,9.9,125.58,633.67,292.62,DESCEND
2.0552,0.1185,0.0398,0.1825,0.00127,0.00359,0.00510,-5.00,0.00,0.00,9.9,125.58,633.67,292.56,DESCEND
2.0653,-0.0814,0.0598,-0.2474,-0.00972,-0.00840,0.00510,-5.00,0.00,0.00,10.0,125.58,633.67,292.52,DESCEND
2.0754,0.1585,0.1298,0.1425,0.01727,0.01159,0.00310,-5.00,0.00,0.00,10.0,125.58,633.68,292.46,DESCEND
2.0855,0.0585,-0.2401,0.2225,0.00627,0.00459,0.00310,-5.00,0.00,0.00,10.1,125.58,633.68,292.42,DESCEND
2.0956,-0.0214,0.2398,-0.1174,-0.00572,-0.00140,0.00510,-5.00,0.00,0.00,10.1,125.58,633.68,292.36,DESCEND
2.1057,0.1685,0.0198,-0.3274,0.00327,-0.00440,0.00510,-5.00,0.00,0.00,10.2,125.58,633.68,292.32,DESCEND
2.1159,0.1485,0.0598,0.1725,0.01627,0.00459,0.00510,-5.00,0.00,0.00,10.2,125.58,633.68,292.26,DESCEND
2.1260,0.1185,0.1198,-0.0174,0.00527,0.00059,0.00510,-5.00,0.00,0.00,10.3,125.58,633.69,292.20,DESCEND
2.1361,0.1085,-0.0401,0.0925,0.00627,0.00359,0.00510,-5.00,0.00,0.00,10.3,125.58,633.69,292.16,DESCEND
2.1463,-0.0614,-0.0701,0.0625,0.01027,0.00659,0.00410,-5.00,0.00,0.00,10.4,125.58,633.69,292.10,DESCEND
2.1564,0.1085,-0.4001,0.0325,0.01327,0.01259,-0.00389,-5.00,0.00,0.00,10.4,125.58,633.69,292.06,DESCEND
2.1665,-0.0414,0.1598,-0.1474,0.01827,0.00459,0.00410,-5.00,0.00,0.00,10.5,125.58,633.69,292.00,DESCEND
2.1767,0.1685,-0.3101,0.1525,0.00227,0.00559,0.00210,-5.00,0.00,0.00,10.5,125.58,633.70,291.96,DESCEND
2.1868,0.1885,-0.3201,0.0525,0.01027,0.00059,0.00210,-5.00,0.00,0.00,10.6,125.58,633.70,291.90,DESCEND
2.1969,0.2685,-0.5701,0.2225,0.02727,0.01459,-0.00089,-5.00,0.00,0.00,10.6,125.58,633.70,291.86,DESCEND
2.2070,-0.0214,0.2298,0.1125,-0.00372,0.00659,0.00510,-5.00,0.00,0.00,10.7,125.58,633.70,291.80,DESCEND
2.2171,0.0085,-0.1601,0.2325,0.01127,0.01059,0.00310,-5.00,0.00,0.00,10.7,125.58,633.70,291.76,DESCEND
2.2272,-0.0014,-0.1801,0.3425,0.01127,0.01459,-0.00089,-5.00,0.00,0.00,10.8,125.58,633.70,291.70,DESCEND
2.2374,0.0385,-0.1901,0.4625,0.00027,0.00359,0.00610,-5.00,0.00,0.00,10.8,125.58,633.71,291.66,DESCEND
2.2475,-0.0014,0.3398,-0.4174,0.00027,0.00159,0.00110,-5.00,0.00,0.00,10.9,125.58,633.71,291.60,DESCEND
2.2576,0.1085,-0.3101,0.1625,0.02127,0.01359,-0.00089,-5.00,0.00,0.00,10.9,125.58,633.71,291.56,DESCEND
2.2677,0.0985,-0.2201,0.2025,0.00827,0.01359,-0.00189,-5.00,0.00,0.00,11.0,125.58,633.71,291.50,DESCEND
2.2779,-0.0114,-0.0701,0.2725,-0.00572,0.00459,0.00210,-5.00,0.00,0.00,11.0,125.58,633.71,291.44,DESCEND
2.2880,0.1285,0.0998,-0.1274,0.01027,-0.00140,0.00510,-5.00,0.00,0.00,11.1,125.58,633.72,291.40,DESCEND
2.2981,0.1385,0.0198,-0.0374,0.01327,0.00159,0.00110,-5.00,0.00,0.00,11.1,125.58,633.72,291.34,DESCEND
2.3083,-0.0514,0.3198,-0.4374,-0.01572,-0.00940,0.00710,-5.00,0.00,0.00,11.2,125.58,633.72,291.30,DESCEND
2.3184,-0.1114,-0.0001,0.2525,0.00227,0.00959,0.00410,-5.00,0.00,0.00,11.2,125.58,633.72,291.24,DESCEND
2.3285,0.2185,0.2998,0.1125,0.03227,0.00659,0.00510,-5.00,0.00,0.00,11.3,125.58,633.72,291.20,DESCEND
2.3386,-0.0214,-0.0701,-0.0674,0.00427,0.00459,0.00410,-5.00,0.00,0.00,11.3,125.58,633.73,291.14,DESCEND
2.3487,0.0985,-0.1601,0.0225,-0.01072,-0.00740,0.00210,-5.00,0.00,0.00,11.4,125.58,633.73,291.10,DESCEND
2.3588,0.0185,-0.1501,0.0825,0.01127,0.00759,0.00510,-5.00,0.00,0.00,11.4,125.58,633.73,291.04,DESCEND
2.3689,0.0185,-0.3101,0.0425,0.00327,0.00359,0.00510,-5.00,0.00,0.00,11.5,125.58,633.73,291.00,DESCEND
2.3791,-0.0514,-0.0601,0.0725,0.00527,0.01159,0.00210,-5.00,0.00,0.00,11.5,125.58,633.73,290.94,DESCEND
2.3892,-0.0114,-0.0101,0.1225,0.01327,0.00259,0.00810,-5.00,0.00,0.00,11.6,125.58,633.73,290.90,DESCEND
2.3993,0.0885,-0.2901,0.5125,0.00927,0.01359,0.00110,-5.00,0.00,0.00,11.6,125.58,633.74,290.84,DESCEND
2.4094,-0.0314,0.0898,0.0725,-0.00672,0.00059,0.00110,-5.00,0.00,0.00,11.7,125.58,633.74,290.80,DESCEND
2.4195,0.1085,-0.0901,0.0125,0.01627,0.00159,0.00410,-5.00,0.00,0.00,11.7,125.58,633.74,290.74,DESCEND
2.4296,0.1785,-0.1701,0.2225,0.00627,0.00259,0.00310,-5.00,0.00,0.00,11.8,125.58,633.74,290.70,DESCEND
2.4397,0.1385,-0.3501,-0.0174,0.02027,0.00959,0.00010,-5.00,0.00,0.00,11.8,125.58,633.74,290.64,DESCEND
2.4498,-0.0614,0.0198,0.3625,-0.01372,-0.00440,0.00510,-5.00,0.00,0.00,11.9,125.59,633.75,290.60,DESCEND
2.4600,0.1185,0.2198,-0.2374,0.00327,-0.00440,0.00410,-5.00,0.00,0.00,11.9,125.59,633.75,290.54,DESCEND
2.4701,0.0385,-0.2201,0.1825,0.01027,0.01559,0.00510,-5.00,0.00,0.00,12.0,125.59,633.75,290.48,DESCEND
2.4802,0.1085,0.2298,0.0025,0.01127,0.00259,0.00110,-5.00,0.00,0.00,12.0,125.59,633.75,290.44,DESCEND
2.4904,0.0485,-0.1201,0.0425,0.00127,-0.00440,0.00410,-5.00,0.00,0.00,12.1,125.59,633.75,290.38,DESCEND
2.5006,-0.0714,-0.0501,0.3125,0.00727,0.01459,0.00210,-5.00,0.00,0.00,12.1,125.59,633.76,290.34,DESCEND
2.5106,0.1985,0.0898,0.1025,0.02227,0.00859,0.00210,-5.00,0.00,0.00,12.2,125.59,633.76,290.28,DESCEND
2.5207,-0.0514,-0.0101,-0.1574,0.02827,0.01259,0.00710,-5.00,0.00,0.00,12.2,125.59,633.76,290.24,DESCEND
2.5308,0.0485,-0.0701,0.2425,0.00727,0.01059,0.00110,-5.00,0.00,0.00,12.3,125.59,633.76,290.18,DESCEND
2.5409,-0.1614,-0.1001,0.1725,-0.01172,-0.00240,0.00110,-5.00,0.00,0.00,12.3,125.59,633.76,290.14,DESCEND
2.5511,0.0085,0.2398,-0.1574,-0.00272,0.00459,0.00810,-5.00,0.00,0.00,12.4,125.59,633.76,290.08,DESCEND
2.5613,0.2385,-0.1401,0.1625,0.01627,0.00359,0.00310,-5.00,0.00,0.00,12.4,125.59,633.77,290.04,DESCEND
2.5714,0.0485,0.1598,-0.2674,0.00827,0.00359,0.00510,-5.00,0.00,0.00,12.5,125.59,633.77,289.98,DESCEND
2.5815,0.2285,-0.3001,0.2125,-0.00272,-0.00140,0.00310,-5.00,0.00,0.00,12.5,125.59,633.77,289.94,DESCEND
2.5916,0.2085,0.0898,-0.0274,0.00727,0.00759,0.00110,-5.00,0.00,0.00,12.6,125.59,633.77,289.88,DESCEND
2.6018,0.0385,0.0398,-0.0274,-0.01872,-0.00440,0.00310,-5.00,0.00,0.00,12.6,125.59,633.77,289.85,DESCEND
2.6119,0.1485,-0.0101,0.1825,0.00027,-0.00040,0.00310,-5.00,0.00,0.00,12.7,125.59,633.78,289.79,DESCEND
2.6220,0.1285,0.3098,0.1025,0.01027,0.01259,0.00610,-5.00,0.00,0.00,12.8,125.59,633.78,289.73,DESCEND
2.6321,0.1285,-0.0501,0.2625,-0.00972,0.00259,0.00310,-5.00,0.00,0.00,12.8,125.59,633.78,289.69,DESCEND
2.6422,0.1885,0.0598,0.2025,0.00827,0.00559,0.00710,-5.00,0.00,0.00,12.9,125.59,633.78,289.63,DESCEND
2.6523,0.1985,-0.0601,0.0325,0.02127,0.00959,0.00210,-5.00,0.00,0.00,12.9,125.59,633.78,289.59,DESCEND
2.6624,-0.0014,0.2098,0.0125,0.02027,0.00759,0.00710,-5.00,0.00,0.00,13.0,125.59,633.79,289.53,DESCEND
2.6725,0.1585,-0.1401,0.1225,0.00927,0.00259,0.00310,-5.00,0.00,0.00,13.0,125.59,633.79,289.49,DESCEND
2.6827,0.0685,0.2498,-0.0174,0.00527,-0.00040,0.00410,-5.00,0.00,0.00,13.1,125.59,633.79,289.43,DESCEND
2.6928,0.1585,-0.3001,0.2725,0.00427,0.01559,0.00210,-5.00,0.00,0.00,13.1,125.59,633.79,289.39,DESCEND
2.7029,0.0785,-0.0301,0.2125,-0.00172,0.00959,0.00310,-5.00,0.00,0.00,13.2,125.59,633.79,289.33,DESCEND
2.7130,0.1185,0.4198,-0.0674,0.00727,-0.00040,0.00610,-5.00,0.00,0.00,13.2,125.59,633.79,289.29,DESCEND
2.7231,0.1885,-0.1901,0.1225,0.01327,-0.00640,0.00210,-5.00,0.00,0.00,13.3,125.59,633.80,289.23,DESCEND
2.7332,0.0185,-0.2201,0.1725,0.01327,0.00959,0.00310,-5.00,0.00,0.00,13.3,125.59,633.80,289.19,DESCEND
2.7433,-0.0414,0.2998,-0.1874,0.01027,0.00659,0.00710,-5.00,0.00,0.00,13.4,125.59,633.80,289.13,DESCEND
2.7535,0.0985,-0.0101,0.4425,0.01127,0.01759,0.00310,-5.00,0.00,0.00,13.4,125.59,633.80,289.09,DESCEND
2.7636,0.0585,0.1898,-0.0674,0.01127,0.00859,0.00510,-5.00,0.00,0.00,13.5,125.59,633.80,289.03,DESCEND
2.7737,0.1285,0.0598,-0.0774,0.00327,0.00459,0.00610,-5.00,0.00,0.00,13.5,125.59,633.81,288.99,DESCEND
2.7839,0.0785,-0.2101,0.1925,0.02827,0.02559,0.00410,-5.00,0.00,0.00,13.6,125.59,633.81,288.93,DESCEND
2.7940,-0.0614,0.2498,-0.0974,0.00027,0.00359,0.00410,-5.00,0.00,0.00,13.6,125.59,633.81,288.87,DESCEND
2.8041,0.0085,0.1298,-0.0474,-0.00072,-0.00340,0.00710,-5.00,0.00,0.00,13.7,125.59,633.81,288.83,DESCEND
2.8142,0.0385,0.1098,0.1725,-0.00072,0.00659,0.00510,-5.00,0.00,0.00,13.7,125.59,633.81,288.77,DESCEND
2.8244,0.0885,0.3298,-0.2474,-0.00972,-0.01440,0.00210,-5.00,0.00,0.00,13.8,125.59,633.81,288.73,DESCEND
2.8345,0.0685,-0.0801,0.3825,0.01727,0.01859,0.00510,-5.00,0.00,0.00,13.8,125.59,633.82,288.67,DESCEND
2.8446,0.1185,-0.0501,0.0925,-0.00172,-0.01040,0.00810,-5.00,0.00,0.00,13.9,125.59,633.82,288.63,DESCEND
2.8547,0.2485,0.0598,0.2325,0.01327,0.00759,0.00010,-5.00,0.00,0.00,13.9,125.59,633.82,288.57,DESCEND
2.8649,0.2185,0.3098,-0.1174,-0.00872,-0.00940,0.00410,-5.00,0.00,0.00,14.0,125.59,633.82,288.53,DESCEND
2.8750,0.1885,0.2198,-0.2874,0.01627,-0.00240,0.00710,-5.00,0.00,0.00,14.0,125.59,633.82,288.47,DESCEND
2.8851,0.0485,-0.0001,-0.1574,-0.00572,0.00359,0.00510,-5.00,0.00,0.00,14.1,125.59,633.83,288.43,DESCEND
2.8952,-0.0514,0.3298,-0.6074,0.00627,-0.00440,0.00910,-5.00,0.00,0.00,14.1,125.59,633.83,288.37,DESCEND
2.9053,0.0885,-0.1401,0.1625,0.00927,0.00159,0.00210,-5.00,0.00,0.00,14.2,125.59,633.83,288.33,DESCEND
2.9154,-0.0514,-0.0801,0.3925,0.00527,0.00659,0.00510,-5.00,0.00,0.00,14.2,125.59,633.83,288.27,DESCEND
2.9255,0.2685,0.4298,0.0025,0.02127,0.00659,0.00610,-5.00,0.00,0.00,14.3,125.59,633.83,288.23,DESCEND
2.9356,0.0785,0.0098,-0.1274,-0.00072,-0.00140,0.00410,-5.00,0.00,0.00,14.3,125.59,633.84,288.17,DESCEND
2.9457,0.0485,0.1898,-0.4574,-0.00072,-0.00840,0.00910,-5.00,0.00,0.00,14.4,125.59,633.84,288.13,DESCEND
2.9558,0.0685,0.0098,-0.0474,0.00227,0.00159,0.00310,-5.00,0.00,0.00,14.4,125.59,633.84,288.07,DESCEND
2.9659,0.1785,-0.4001,0.2025,0.00927,0.00759,-0.00089,-5.00,0.00,0.00,14.5,125.59,633.84,288.01,DESCEND
2.9760,0.1085,0.0998,0.1025,0.01127,0.00759,0.00610,-5.00,0.00,0.00,14.5,125.59,633.84,287.97,DESCEND
2.9861,0.3585,-0.2701,0.0725,0.03627,0.01459,0.00210,-5.00,0.00,0.00,14.6,125.59,633.85,287.91,DESCEND
2.9962,0.0085,-0.3201,0.0725,0.00127,0.01259,0.00310,-5.00,0.00,0.00,14.6,125.59,633.85,287.87,DESCEND
3.0063,0.1685,-0.2301,0.5425,0.02427,0.02059,0.00410,-5.00,0.00,0.00,14.7,125.59,633.85,287.81,DESCEND
3.0164,0.2385,-0.4201,-0.0674,0.00727,-0.00840,0.00510,-5.00,0.00,0.00,14.7,125.59,633.85,287.77,DESCEND
3.0265,0.2085,-0.0901,0.1325,0.01127,0.00559,0.00710,-5.00,0.00,0.00,14.8,125.59,633.85,287.71,DESCEND
3.0366,0.1785,-0.2601,0.1625,0.01127,0.00959,0.00210,-5.00,0.00,0.00,14.8,125.59,633.85,287.67,DESCEND
3.0467,0.0185,-0.0701,-0.0174,-0.00372,-0.00240,0.00510,-5.00,0.00,0.00,14.9,125.59,633.86,287.61,DESCEND
3.0568,0.3085,-0.1501,0.0725,0.01127,-0.00040,0.00510,-5.00,0.00,0.00,14.9,125.59,633.86,287.57,DESCEND
3.0670,0.1485,0.1898,0.0625,0.01727,0.00259,0.00910,-5.00,0.00,0.00,15.0,125.59,633.86,287.51,DESCEND
3.0771,0.0985,0.0098,-0.0474,0.01927,0.00559,0.00510,-5.00,0.00,0.00,15.0,125.59,633.86,287.47,DESCEND
3.0872,0.1785,0.1198,-0.0874,0.01027,0.00259,0.00510,-5.00,0.00,0.00,15.1,125.60,633.86,287.41,DESCEND
3.0973,0.0985,0.1998,-0.1274,0.01027,-0.00040,0.00310,-5.00,0.00,0.00,15.1,125.60,633.87,287.37,DESCEND
3.1074,0.0785,-0.2201,0.1325,0.00327,0.00859,0.00210,-5.00,0.00,0.00,15.2,125.60,633.87,287.31,DESCEND
3.1176,-0.0914,0.0798,0.0625,-0.00272,0.00259,0.00510,-5.00,0.00,0.00,15.2,125.60,633.87,287.27,DESCEND
3.1277,-0.2814,0.0298,-0.1474,-0.01872,0.00359,0.00510,-5.00,0.00,0.00,15.3,125.60,633.87,287.21,DESCEND
3.1378,0.2085,0.1898,-0.0674,0.01527,0.00659,0.00310,-5.00,0.00,0.00,15.3,125.60,633.87,287.15,DESCEND
3.1479,-0.0214,0.0298,-0.0174,0.00327,0.00259,0.00610,-5.00,0.00,0.00,15.4,125.60,633.87,287.11,DESCEND
3.1580,0.1485,0.0098,0.0725,0.00327,0.00359,0.00710,-5.00,0.00,0.00,15.4,125.60,633.88,287.05,DESCEND
3.1682,-0.0214,0.1298,0.0825,0.00627,0.00559,0.00310,-5.00,0.00,0.00,15.5,125.60,633.88,287.01,DESCEND
3.1783,-0.0414,0.2398,-0.0874,0.01327,0.00159,0.00710,-5.00,0.00,0.00,15.5,125.60,633.88,286.95,DESCEND
3.1884,-0.0314,0.0398,-0.3074,-0.00272,0.00059,0.00910,-5.00,0.00,0.00,15.6,125.60,633.88,286.91,DESCEND
3.1985,0.3185,-0.2301,0.5125,0.01927,0.01959,0.00610,-5.00,0.00,0.00,15.6,125.60,633.88,286.85,DESCEND
3.2086,0.0485,0.2298,-0.0774,-0.00072,-0.00140,0.00710,-5.00,0.00,0.00,15.7,125.60,633.89,286.81,DESCEND
3.2187,0.1585,-0.3301,0.3425,-0.00472,-0.00240,0.00210,-5.00,0.00,0.00,15.7,125.60,633.89,286.75,DESCEND
3.2289,0.0385,-0.2201,0.5325,0.00027,0.01059,0.00410,-5.00,0.00,0.00,15.8,125.60,633.89,286.71,DESCEND
3.2390,-0.0514,0.0698,0.3325,0.01027,0.01559,0.00710,-5.00,0.00,0.00,15.8,125.60,633.89,286.65,DESCEND
3.2491,0.0985,-0.2101,0.2125,-0.01372,-0.00540,0.00510,-5.00,0.00,0.00,15.9,125.60,633.89,286.61,DESCEND
3.2592,0.2285,-0.3001,0.0325,0.01227,0.00159,0.00210,-5.00,0.00,0.00,15.9,125.60,633.90,286.55,DESCEND
3.2693,0.0585,0.0198,0.0225,0.00927,0.01259,0.00410,-5.00,0.00,0.00,16.0,125.60,633.90,286.51,DESCEND
3.2794,0.1185,-0.1901,0.2625,0.01227,0.00659,0.00510,-5.00,0.00,0.00,16.0,125.60,633.90,286.45,DESCEND
3.2895,-0.0614,0.2798,0.0325,0.01427,0.01059,0.00910,-5.00,0.00,0.00,16.1,125.60,633.90,286.41,DESCEND
3.2996,-0.0814,-0.1801,0.2125,0.00927,0.00359,0.00510,-5.00,0.00,0.00,16.1,125.60,633.90,286.35,DESCEND
3.3097,0.3285,0.0098,0.1125,0.00827,-0.00140,0.00410,-5.00,0.00,0.00,16.2,125.60,633.90,286.31,DESCEND
3.3198,0.1385,-0.1801,0.4925,-0.00472,0.00559,0.00610,-5.00,0.00,0.00,16.2,125.60,633.91,286.25,DESCEND
3.3300,0.1685,-0.0001,0.2225,0.02427,0.00659,0.00110,-5.00,0.00,0.00,16.3,125.60,633.91,286.19,DESCEND
3.3401,-0.0014,-0.1701,0.0025,0.00227,0.00359,0.00310,-5.00,0.00,0.00,16.3,125.60,633.91,286.15,DESCEND
3.3502,0.0485,-0.0201,-0.0274,0.01227,0.01059,0.00510,-5.00,0.00,0.00,16.4,125.60,633.91,286.09,DESCEND
3.3604,0.1485,0.1098,0.3025,0.02227,0.00859,0.00310,-5.00,0.00,0.00,16.4,125.60,633.91,286.05,DESCEND
3.3705,0.1385,0.1298,0.0925,0.01527,0.00459,0.00810,-5.00,0.00,0.00,16.5,125.60,633.92,285.99,DESCEND
3.3806,0.0485,-0.2401,0.0825,0.01127,0.01159,0.00410,-5.00,0.00,0.00,16.5,125.60,633.92,285.95,DESCEND
3.3907,0.0285,0.0798,-0.0674,-0.00872,-0.00140,0.00610,-5.00,0.00,0.00,16.6,125.60,633.92,285.89,DESCEND
3.4008,0.0585,0.2298,-0.2174,0.00627,0.00559,0.00310,-5.00,0.00,0.00,16.6,125.60,633.92,285.85,DESCEND
3.4110,0.1785,0.1798,0.0225,0.00927,0.00559,0.00410,-5.00,0.00,0.00,16.7,125.60,633.92,285.79,DESCEND
3.4211,0.0585,0.1398,-0.1274,0.00927,0.00459,0.00910,-5.00,0.00,0.00,16.7,125.60,633.93,285.75,DESCEND
3.4312,0.1885,0.2398,0.0925,0.01427,0.00259,0.00410,-5.00,0.00,0.00,16.8,125.60,633.93,285.69,DESCEND
3.4413,0.2785,-0.0601,0.2325,0.02727,0.00859,0.00510,-5.00,0.00,0.00,16.8,125.60,633.93,285.65,DESCEND
3.4515,0.0085,-0.0801,-0.0074,-0.00772,0.00059,0.00710,-5.00,0.00,0.00,16.9,125.60,633.93,285.59,DESCEND
3.4617,0.0585,-0.0301,0.2725,-0.00172,0.01059,0.00510,-5.00,0.00,0.00,17.0,125.60,633.93,285.53,DESCEND
3.4718,0.0785,-0.3001,0.3325,0.00027,0.00359,0.00610,-5.00,0.00,0.00,17.0,125.60,633.93,285.49,DESCEND
3.4819,0.2085,0.1398,-0.1374,0.02327,-0.00040,0.00710,-5.00,0.00,0.00,17.1,125.60,633.94,285.43,DESCEND
3.4920,0.0585,0.0898,0.2225,-0.00172,0.00359,0.00510,-5.00,0.00,0.00,17.1,125.60,633.94,285.39,DESCEND
3.5021,0.0785,-0.1501,0.2125,0.00927,0.01059,0.00210,-5.00,0.00,0.00,17.2,125.60,633.94,285.33,DESCEND
3.5122,0.1885,-0.0301,0.2125,0.01627,0.00459,0.00510,-5.00,0.00,0.00,17.2,125.60,633.94,285.29,DESCEND
3.5223,0.0985,-0.0801,0.0625,0.00927,0.00859,0.00510,-5.00,0.00,0.00,17.3,125.60,633.94,285.23,DESCEND
3.5324,0.0585,0.1098,0.0225,0.00127,0.00259,0.00810,-5.00,0.00,0.00,17.3,125.60,633.95,285.19,DESCEND
3.5425,0.0785,0.1098,-0.1474,0.00427,-0.00640,0.00810,-5.00,0.00,0.00,17.4,125.60,633.95,285.13,DESCEND
3.5526,0.1085,-0.1501,-0.0274,0.01827,0.00359,0.00710,-5.00,0.00,0.00,17.4,125.60,633.95,285.09,DESCEND
3.5627,0.0885,0.2398,-0.3074,-0.00072,-0.00440,0.00710,-5.00,0.00,0.00,17.5,125.60,633.95,285.03,DESCEND
3.5728,0.0785,-0.2501,0.2325,0.01527,0.00959,0.00210,-5.00,0.00,0.00,17.5,125.60,633.95,284.99,DESCEND
3.5829,0.0685,0.0398,-0.1174,-0.00172,0.00059,0.00410,-5.00,0.00,0.00,17.6,125.60,633.96,284.93,DESCEND
3.5930,0.1885,-0.0901,0.1525,0.00727,-0.00040,0.00610,-5.00,0.00,0.00,17.6,125.60,633.96,284.89,DESCEND
3.6032,0.0385,-0.0501,0.3225,0.02627,0.01559,0.00810,-5.00,0.00,0.00,17.7,125.60,633.96,284.83,DESCEND
3.6133,0.1285,-0.2701,0.2125,0.02227,0.00959,0.00310,-5.00,0.00,0.00,17.7,125.60,633.96,284.79,DESCEND
3.6234,0.2485,-0.0701,0.0325,0.01127,-0.00240,0.00510,-5.00,0.00,0.00,17.8,125.60,633.96,284.73,DESCEND
3.6335,0.1485,0.1598,-0.0774,0.02927,0.00159,0.00710,-5.00,0.00,0.00,17.8,125.60,633.96,284.69,DESCEND
3.6436,-0.1614,0.1698,0.0925,0.00627,0.01459,0.00410,-5.00,0.00,0.00,17.9,125.60,633.97,284.63,DESCEND
3.6537,0.1085,0.1498,0.1025,0.01127,0.00959,0.00810,-5.00,0.00,0.00,17.9,125.60,633.97,284.59,DESCEND
3.6638,-0.0914,0.1298,-0.0874,0.00927,0.00859,0.00710,-5.00,0.00,0.00,18.0,125.60,633.97,284.53,DESCEND
3.6739,0.2585,0.1198,-0.0174,0.02627,0.00159,0.00410,-5.00,0.00,0.00,18.0,125.60,633.97,284.47,DESCEND
3.6840,-0.0314,-0.2101,0.3125,0.00627,0.01859,0.00510,-5.00,0.00,0.00,18.1,125.60,633.97,284.43,DESCEND
3.6942,0.0485,0.3498,-0.4574,0.00427,-0.00140,0.00410,-5.00,0.00,0.00,18.1,125.60,633.98,284.37,DESCEND
3.7043,0.1685,0.0098,0.0425,-0.00072,-0.00340,0.00310,-5.00,0.00,0.00,18.2,125.60,633.98,284.33,DESCEND
3.7144,0.2285,-0.4201,0.4325,0.01427,0.01359,0.00410,-5.00,0.00,0.00,18.2,125.60,633.98,284.27,DESCEND
3.7245,0.2985,-0.2101,0.1225,0.01427,-0.00040,0.00310,-5.00,0.00,0.00,18.3,125.61,633.98,284.23,DESCEND
3.7346,0.0385,0.0098,0.0325,0.01127,0.00759,0.00510,-5.00,0.00,0.00,18.3,125.61,633.98,284.17,DESCEND
3.7447,-0.0014,-0.3701,0.4225,-0.00572,0.00559,0.00510,-5.00,0.00,0.00,18.4,125.61,633.98,284.13,DESCEND
3.7548,0.0985,0.1198,-0.2074,0.00327,-0.00440,0.00310,-5.00,0.00,0.00,18.4,125.61,633.99,284.07,DESCEND
3.7650,0.0185,-0.0201,0.3825,0.00927,0.02159,0.00910,-5.00,0.00,0.00,18.5,125.61,633.99,284.03,DESCEND
3.7751,0.2085,-0.2601,0.3725,0.02027,0.01659,0.00410,-5.00,0.00,0.00,18.5,125.61,633.99,283.97,DESCEND
3.7852,0.0785,-0.0301,0.0825,0.01227,0.00459,0.00710,-5.00,0.00,0.00,18.6,125.61,633.99,283.93,DESCEND
3.7953,0.0485,-0.1101,0.4525,0.01327,0.01659,0.00510,-5.00,0.00,0.00,18.6,125.61,633.99,283.87,DESCEND
3.8054,-0.2614,-0.1901,-0.0774,-0.01372,0.00559,0.00710,-5.00,0.00,0.00,18.7,125.61,634.00,283.83,DESCEND
3.8155,0.1285,0.4098,-0.0174,0.02927,0.00359,0.00710,-5.00,0.00,0.00,18.7,125.61,634.00,283.77,DESCEND
3.8256,0.0885,-0.0701,0.1625,0.02527,0.00759,0.00410,-5.00,0.00,0.00,18.8,125.61,634.00,283.73,DESCEND
3.8357,0.3085,0.1398,-0.1074,0.00927,-0.00440,0.00610,-5.00,0.00,0.00,18.8,125.61,634.00,283.67,DESCEND
3.8458,0.0785,-0.1601,0.1525,0.00127,0.00559,0.00310,-5.00,0.00,0.00,18.9,125.61,634.00,283.61,DESCEND
3.8560,0.1685,-0.0801,0.1725,0.02427,0.00659,0.00310,-5.00,0.00,0.00,18.9,125.61,634.01,283.57,DESCEND
3.8661,0.0685,-0.0801,0.1225,-0.00872,-0.00240,0.00710,-5.00,0.00,0.00,19.0,125.61,634.01,283.53,DESCEND
3.8762,0.1085,-0.0601,0.3425,0.00627,0.01459,0.00710,-5.00,0.00,0.00,19.0,125.61,634.01,283.47,DESCEND
3.8863,0.0985,0.2998,-0.3874,0.00627,-0.00140,0.01010,-5.00,0.00,0.00,19.1,125.61,634.01,283.41,DESCEND
3.8964,0.1685,-0.1301,0.1825,0.02827,0.01159,0.00710,-5.00,0.00,0.00,19.1,125.61,634.01,283.37,DESCEND
3.9065,-0.0814,0.0598,0.2725,0.00327,0.00659,0.00710,-5.00,0.00,0.00,19.2,125.61,634.02,283.31,DESCEND
3.9166,0.0385,-0.2401,0.0125,0.01227,0.01859,0.00410,-5.00,0.00,0.00,19.2,125.61,634.02,283.27,DESCEND
3.9267,-0.0614,-0.1301,0.0925,0.01127,0.00759,0.01010,-5.00,0.00,0.00,19.3,125.61,634.02,283.21,DESCEND
3.9368,0.0985,-0.0801,0.1725,0.01527,0.00459,0.00610,-5.00,0.00,0.00,19.3,125.61,634.02,283.17,DESCEND
3.9469,0.0285,0.2098,-0.1874,0.02827,0.01259,0.00810,-5.00,0.00,0.00,19.4,125.61,634.02,283.11,DESCEND
3.9571,0.0285,-0.1601,0.4025,0.00027,0.00559,0.00910,-5.00,0.00,0.00,19.4,125.61,634.02,283.07,DESCEND
3.9672,-0.0914,0.0098,0.1325,0.01227,0.00559,0.00710,-5.00,0.00,0.00,19.5,125.61,634.03,283.01,DESCEND
3.9773,0.3285,0.0398,0.1125,0.01727,0.00459,0.00510,-5.00,0.00,0.00,19.5,125.61,634.03,282.97,DESCEND
3.9874,0.2085,-0.1501,0.0925,0.01727,0.00059,0.00610,-5.00,0.00,0.00,19.6,125.61,634.03,282.91,DESCEND
3.9976,0.0685,0.2298,-0.1874,0.00527,-0.00040,0.00710,-5.00,0.00,0.00,19.6,125.61,634.03,282.87,DESCEND
4.0076,0.1585,-0.0601,0.3825,0.01327,0.00759,0.00510,-5.00,0.00,0.00,19.7,125.61,634.03,282.81,DESCEND
4.0177,-0.1114,0.0298,0.1525,-0.01372,-0.00040,0.00810,-5.00,0.00,0.00,19.7,125.61,634.04,282.77,DESCEND
4.0278,-0.0814,0.1698,0.0025,0.00227,0.00759,0.00910,-5.00,0.00,0.00,19.8,125.61,634.04,282.71,DESCEND
4.0379,0.0085,0.2898,-0.0174,0.01227,-0.00440,0.00810,-5.00,0.00,0.00,19.8,125.61,634.04,282.65,DESCEND
4.0480,0.0785,0.1098,-0.1774,0.00927,-0.00140,0.00710,-5.00,0.00,0.00,19.9,125.61,634.04,282.61,DESCEND
4.0582,0.2785,0.0398,-0.0374,0.00727,-0.00340,0.00610,-5.00,0.00,0.00,19.9,125.61,634.04,282.55,DESCEND
4.0683,0.1285,-0.1001,0.3425,-0.00172,0.00859,0.00310,-5.00,0.00,0.00,20.0,125.61,634.04,282.51,DESCEND
4.0784,0.0185,0.1298,-0.2574,-0.00172,-0.00840,0.00810,-5.00,0.00,0.00,20.0,125.61,634.05,282.45,DESCEND
4.0885,-0.0014,-0.3101,0.5525,0.00427,0.01559,0.00310,-5.00,0.00,0.00,20.1,125.61,634.05,282.41,DESCEND
4.0986,0.1485,0.2098,-0.0974,0.01027,-0.00240,0.00610,-5.00,0.00,0.00,20.1,125.61,634.05,282.35,DESCEND
4.1087,0.0885,0.0198,-0.0674,-0.00072,-0.00640,0.00910,-5.00,0.00,0.00,20.2,125.61,634.05,282.31,DESCEND
4.1188,0.0685,0.0498,0.2725,0.01227,0.01659,0.00310,-5.00,0.00,0.00,20.2,125.61,634.05,282.25,DESCEND
4.1290,0.1785,-0.1001,0.2925,0.00827,0.00559,0.00210,-5.00,0.00,0.00,20.3,125.61,634.06,282.21,DESCEND
4.1391,0.0385,-0.1701,0.7025,0.00827,0.01159,0.00410,-5.00,0.00,0.00,20.3,125.61,634.06,282.15,DESCEND
4.1492,0.0485,0.1098,-0.0774,0.00927,0.00959,0.00510,-5.00,0.00,0.00,20.4,125.61,634.06,282.11,DESCEND
4.1593,0.0985,0.1898,-0.0674,0.00227,-0.00740,0.00710,-5.00,0.00,0.00,20.4,125.61,634.06,282.05,DESCEND
4.1695,0.0685,-0.0201,0.0825,0.02027,0.02159,0.00710,-5.00,0.00,0.00,20.5,125.61,634.06,282.01,DESCEND
4.1796,0.0385,-0.0901,0.0025,0.00927,0.00759,0.00810,-5.00,0.00,0.00,20.5,125.61,634.07,281.95,DESCEND
4.1897,0.0385,-0.1201,0.1325,-0.00272,-0.00540,0.00610,-5.00,0.00,0.00,20.6,125.61,634.07,281.91,DESCEND
4.1998,0.0385,0.0298,0.0725,0.01527,0.01459,0.00710,-5.00,0.00,0.00,20.6,125.61,634.07,281.85,DESCEND
4.2099,0.1585,0.2598,-0.4374,0.00427,-0.01240,0.01110,-5.00,0.00,0.00,20.7,125.61,634.07,281.79,DESCEND
4.2200,0.0185,0.1798,-0.0074,0.00227,0.00359,0.00610,-5.00,0.00,0.00,20.7,125.61,634.07,281.75,DESCEND
4.2301,0.0385,-0.2101,0.2125,-0.00472,0.00559,0.00910,-5.00,0.00,0.00,20.8,125.61,634.08,281.69,DESCEND
4.2402,0.1285,0.2198,-0.0674,0.00727,0.00459,0.00710,-5.00,0.00,0.00,20.8,125.61,634.08,281.65,DESCEND
4.2504,0.0385,0.1898,0.0425,0.00327,-0.00040,0.00810,-5.00,0.00,0.00,20.9,125.61,634.08,281.59,DESCEND
4.2605,0.2185,-0.0001,0.2525,0.00727,0.00659,0.00910,-5.00,0.00,0.00,20.9,125.61,634.08,281.55,DESCEND
4.2706,0.0685,0.1098,0.3625,0.00527,0.01259,0.00510,-5.00,0.00,0.00,21.0,125.61,634.08,281.49,DESCEND
4.2807,0.0785,0.0098,0.0525,0.00527,0.00359,0.00510,-5.00,0.00,0.00,21.0,125.61,634.08,281.45,DESCEND
4.2908,0.2085,-0.1501,0.2425,0.00027,0.00259,0.00710,-5.00,0.00,0.00,21.1,125.61,634.09,281.39,DESCEND
4.3009,0.2085,0.0198,-0.0174,0.01527,0.00359,0.00510,-5.00,0.00,0.00,21.1,125.61,634.09,281.35,DESCEND
4.3110,0.0085,0.1698,0.0025,-0.01172,-0.00740,0.00710,-5.00,0.00,0.00,21.2,125.61,634.09,281.29,DESCEND
4.3211,0.0585,-0.0301,-0.0374,0.00627,-0.00140,0.00810,-5.00,0.00,0.00,21.2,125.61,634.09,281.25,DESCEND
4.3313,0.1885,-0.4101,0.5825,0.01627,0.01159,0.00310,-5.00,0.00,0.00,21.3,125.61,634.09,281.19,DESCEND
4.3414,0.1285,-0.0001,0.0925,0.00127,0.00259,0.00610,-5.00,0.00,0.00,21.3,125.61,634.10,281.15,DESCEND
4.3515,-0.0614,-0.1301,0.0625,0.00727,0.00959,0.00510,-5.00,0.00,0.00,21.4,125.61,634.10,281.09,DESCEND
4.3616,0.1085,-0.0501,0.0425,0.01627,0.01259,0.00510,-5.00,0.00,0.00,21.5,125.61,634.10,281.03,DESCEND
4.3717,0.1585,-0.2301,0.1425,0.01727,0.01359,0.00710,-5.00,0.00,0.00,21.5,125.61,634.10,280.99,DESCEND
4.3819,-0.1414,0.1198,-0.0074,0.00627,0.00659,0.00710,-5.00,0.00,0.00,21.6,125.62,634.10,280.93,DESCEND
4.3920,0.1785,-0.1201,0.2625,0.01127,0.00359,0.00610,-5.00,0.00,0.00,21.6,125.62,634.10,280.89,DESCEND
4.4021,0.0385,-0.3501,0.1925,0.00827,0.00659,0.00610,-5.00,0.00,0.00,21.7,125.62,634.11,280.83,DESCEND
4.4122,0.1885,-0.1301,0.0925,0.02327,0.01659,0.00610,-5.00,0.00,0.00,21.7,125.62,634.11,280.79,DESCEND
4.4223,0.1185,-0.2201,0.0525,-0.00172,-0.00240,0.00510,-5.00,0.00,0.00,21.8,125.62,634.11,280.73,DESCEND
4.4324,-0.0714,0.0198,0.3625,0.01127,0.01659,0.00410,-5.00,0.00,0.00,21.8,125.62,634.11,280.69,DESCEND
4.4425,-0.1014,0.0998,0.1525,-0.01372,-0.00440,0.01010,-5.00,0.00,0.00,21.9,125.62,634.11,280.63,DESCEND
4.4526,0.1585,-0.3901,0.3925,0.01727,0.01459,0.00110,-5.00,0.00,0.00,21.9,125.62,634.12,280.59,DESCEND
4.4627,-0.0814,0.4098,-0.3274,0.00627,-0.00140,0.00710,-5.00,0.00,0.00,22.0,125.62,634.12,280.53,DESCEND
4.4728,0.0485,-0.1901,0.1425,0.01527,0.01159,0.00610,-5.00,0.00,0.00,22.0,125.62,634.12,280.49,DESCEND
4.4829,0.0785,-0.1701,0.2025,0.02327,0.01459,0.00510,-5.00,0.00,0.00,22.1,125.62,634.12,280.43,DESCEND
4.4930,0.1585,-0.1001,0.1925,0.02527,0.01559,0.00910,-5.00,0.00,0.00,22.1,125.62,634.12,280.39,DESCEND
4.5031,0.2685,-0.1001,0.0225,0.01327,0.00559,0.00510,-5.00,0.00,0.00,22.1,125.62,634.13,280.33,DESCEND
4.5132,0.1185,0.1398,-0.3474,0.01827,0.00059,0.00710,-5.00,0.00,0.00,22.2,125.62,634.13,280.29,DESCEND
4.5234,0.2085,-0.1201,-0.0474,0.02027,0.00659,0.00810,-5.00,0.00,0.00,22.2,125.62,634.13,280.23,DESCEND
4.5335,-0.1114,0.0798,0.3025,0.00127,0.01259,0.00610,-5.00,0.00,0.00,22.3,125.62,634.13,280.19,DESCEND
4.5436,-0.0414,-0.1001,0.2525,-0.01072,0.00759,0.00810,-5.00,0.00,0.00,22.3,125.62,634.13,280.13,DESCEND
4.5537,0.2285,0.3898,-0.1674,0.01227,-0.00140,0.00910,-5.00,0.00,0.00,22.4,125.62,634.14,280.07,DESCEND
4.5638,0.0385,0.0898,0.0825,0.01727,0.01459,0.00910,-5.00,0.00,0.00,22.4,125.62,634.14,280.03,DESCEND
4.5739,0.0085,-0.1401,0.2825,0.00527,0.01059,0.00410,-5.00,0.00,0.00,22.5,125.62,634.14,279.97,DESCEND
4.5841,0.1885,0.0098,-0.2174,0.01727,-0.00140,0.00510,-5.00,0.00,0.00,22.5,125.62,634.14,279.93,DESCEND
4.5942,0.1485,-0.2201,0.2025,0.00927,0.00459,0.00310,-5.00,0.00,0.00,22.6,125.62,634.14,279.87,DESCEND
4.6043,0.0985,0.0198,0.2125,0.03127,0.01459,0.00710,-5.00,0.00,0.00,22.6,125.62,634.14,279.83,DESCEND
4.6144,0.2585,0.0598,0.0925,0.02327,0.01459,0.00310,-5.00,0.00,0.00,22.7,125.62,634.15,279.77,DESCEND
4.6245,0.0285,-0.0101,0.0925,0.00227,0.00559,0.00610,-5.00,0.00,0.00,22.7,125.62,634.15,279.73,DESCEND
4.6347,0.0885,0.2098,0.1425,-0.01072,0.00159,0.00810,-5.00,0.00,0.00,22.8,125.62,634.15,279.67,DESCEND
4.6448,0.0985,0.2798,0.0825,0.00227,0.00159,0.00710,-5.00,0.00,0.00,22.8,125.62,634.15,279.63,DESCEND
4.6549,0.0985,0.1098,-0.0374,0.01227,0.01259,0.00710,-5.00,0.00,0.00,22.9,125.62,634.15,279.57,DESCEND
4.6650,0.1185,-0.3701,0.1625,0.03127,0.01959,0.00510,-5.00,0.00,0.00,22.9,125.62,634.16,279.53,DESCEND
4.6751,0.2685,0.2498,0.0725,0.01127,0.00659,0.00810,-5.00,0.00,0.00,23.0,125.62,634.16,279.47,DESCEND
4.6852,0.1485,0.1998,-0.2074,0.00127,-0.00740,0.01210,-5.00,0.00,0.00,23.0,125.62,634.16,279.43,DESCEND
4.6954,-0.0314,0.2198,-0.1474,0.00327,-0.00440,0.01110,-5.00,0.00,0.00,23.1,125.62,634.16,279.37,DESCEND
4.7055,0.1585,0.1398,-0.0274,0.00327,0.00059,0.00710,-5.00,0.00,0.00,23.1,125.62,634.16,279.33,DESCEND
4.7156,0.0385,0.0298,0.0725,0.01027,0.00759,0.00510,-5.00,0.00,0.00,23.2,125.62,634.16,279.27,DESCEND
4.7258,0.1685,0.0098,0.2525,-0.00072,0.00759,0.00710,-5.00,0.00,0.00,23.3,125.62,634.17,279.21,DESCEND
4.7359,0.0785,0.1498,0.0525,0.01027,-0.00240,0.00810,-5.00,0.00,0.00,23.3,125.62,634.17,279.17,DESCEND
4.7460,0.2285,0.0898,0.1625,0.02527,0.00959,0.00510,-5.00,0.00,0.00,23.4,125.62,634.17,279.11,DESCEND
4.7562,0.1785,0.2298,-0.0874,0.02327,0.01359,0.00610,-5.00,0.00,0.00,23.4,125.62,634.17,279.07,DESCEND
4.7663,0.1685,-0.0201,-0.0874,0.01627,0.00659,0.00410,-5.00,0.00,0.00,23.5,125.62,634.17,279.02,DESCEND
4.7764,-0.0214,-0.0501,0.4925,0.00627,0.01559,0.00610,-5.00,0.00,0.00,23.5,125.62,634.18,278.98,DESCEND
4.7866,0.1685,-0.3601,0.3825,-0.00472,0.00659,0.00410,-5.00,0.00,0.00,23.6,125.62,634.18,278.92,DESCEND
4.7967,0.2085,0.0198,-0.0474,0.03127,0.01459,0.01010,-5.00,0.00,0.00,23.6,125.62,634.18,278.88,DESCEND
4.8068,0.0585,0.0898,-0.0374,0.00927,0.00359,0.00710,-5.00,0.00,0.00,23.7,125.62,634.18,278.82,DESCEND
4.8169,0.0185,-0.2001,0.5925,-0.00172,0.00659,0.00610,-5.00,0.00,0.00,23.7,125.62,634.18,278.78,DESCEND
4.8270,0.1185,0.1498,0.0225,0.00327,0.00759,0.00410,-5.00,0.00,0.00,23.8,125.62,634.19,278.72,DESCEND
4.8371,0.1885,-0.0401,-0.0674,0.01627,0.00359,0.00810,-5.00,0.00,0.00,23.8,125.62,634.19,278.68,DESCEND
4.8472,0.0985,-0.0401,0.1625,0.01727,0.00859,0.00410,-5.00,0.00,0.00,23.9,125.62,634.19,278.62,DESCEND
4.8573,0.1485,-0.1501,0.3425,0.02127,0.00359,0.00710,-5.00,0.00,0.00,23.9,125.62,634.19,278.58,DESCEND
4.8675,0.0785,-0.0101,0.1825,0.00427,0.00359,0.01010,-5.00,0.00,0.00,24.0,125.62,634.19,278.52,DESCEND
4.8776,-0.0214,0.1198,0.2725,0.00627,0.01659,0.00710,-5.00,0.00,0.00,24.0,125.62,634.19,278.48,DESCEND
4.8876,0.0185,-0.0901,0.3025,0.01527,0.01459,0.00310,-5.00,0.00,0.00,24.1,125.62,634.20,278.42,DESCEND
4.8978,0.4285,-0.0201,0.1725,0.03627,0.00759,0.00610,-5.00,0.00,0.00,24.1,125.62,634.20,278.36,DESCEND
4.9079,0.0685,0.0498,-0.0074,0.02227,0.01059,0.01110,-5.00,0.00,0.00,24.2,125.62,634.20,278.32,DESCEND
4.9180,0.2385,-0.0501,0.0825,0.01927,0.00359,0.00510,-5.00,0.00,0.00,24.2,125.62,634.20,278.26,DESCEND
4.9282,0.0885,0.0098,0.0425,0.01427,0.00659,0.00510,-5.00,0.00,0.00,24.3,125.62,634.20,278.22,DESCEND
4.9383,0.2085,-0.2501,0.2125,0.01127,-0.00340,0.00210,-5.00,0.00,0.00,24.3,125.62,634.21,278.16,DESCEND
4.9484,-0.0414,0.0198,0.0325,0.00927,0.00859,0.00610,-5.00,0.00,0.00,24.4,125.62,634.21,278.12,DESCEND
4.9585,-0.1514,0.2198,-0.0674,-0.00172,0.00559,0.00910,-5.00,0.00,0.00,24.4,125.62,634.21,278.06,DESCEND
4.9686,0.2085,0.1698,-0.1874,0.01427,-0.00840,0.00710,-5.00,0.00,0.00,24.5,125.62,634.21,278.02,DESCEND
4.9787,0.1985,-0.3201,0.4225,0.02327,0.01659,0.00210,-5.00,0.00,0.00,24.5,125.62,634.21,277.96,DESCEND
4.9888,0.0185,0.0598,0.0125,-0.00672,-0.00240,0.00910,-5.00,0.00,0.00,24.6,125.62,634.22,277.92,DESCEND
4.9989,0.1085,-0.2501,0.5125,0.02527,0.01359,0.00710,-5.00,0.00,0.00,24.6,125.62,634.22,277.86,DESCEND
5.0090,0.1385,0.3598,0.0425,0.02027,0.01359,0.01110,-5.00,0.00,0.00,24.7,125.62,634.22,277.82,DESCEND
5.0191,0.1685,0.2298,-0.1874,0.02427,-0.00240,0.01310,-5.00,0.00,0.00,24.7,125.62,634.22,277.76,DESCEND
5.0293,0.2485,0.0898,-0.1574,0.01427,-0.00240,0.01010,-5.00,0.00,0.00,24.8,125.62,634.22,277.72,DESCEND
5.0394,-0.1114,-0.0201,0.0025,0.00827,0.00459,0.00710,-5.00,0.00,0.00,24.8,125.62,634.22,277.66,DESCEND
5.0495,0.1285,-0.2901,0.7125,-0.00072,0.00859,0.00510,-5.00,0.00,0.00,24.9,125.62,634.23,277.62,DESCEND
5.0596,0.1485,-0.0701,0.0625,0.00227,-0.00240,0.00510,-5.00,0.00,0.00,24.9,125.63,634.23,277.56,DESCEND
5.0697,0.1385,-0.0501,0.2425,0.02027,0.01059,0.00710,-5.00,0.00,0.00,25.0,125.63,634.23,277.50,DESCEND
5.0799,0.1185,-0.0601,0.1925,0.01327,0.00859,0.00710,-5.00,0.00,0.00,25.0,125.63,634.23,277.46,DESCEND
5.0900,0.1785,0.1998,-0.1574,0.01527,-0.00440,0.01010,-5.00,0.00,0.00,25.1,125.63,634.23,277.40,DESCEND
5.1001,0.0885,0.0298,0.4325,0.01127,0.01959,0.00310,-5.00,0.00,0.00,25.1,125.63,634.24,277.36,DESCEND
5.1102,0.1685,0.0198,0.1325,0.01127,0.00059,0.01210,-5.00,0.00,0.00,25.2,125.63,634.24,277.30,DESCEND
5.1204,-0.0914,0.1798,-0.0774,-0.00472,0.00159,0.00910,-5.00,0.00,0.00,25.2,125.63,634.24,277.26,DESCEND
5.1305,-0.0114,-0.2101,0.0825,-0.00872,-0.00640,0.00710,-5.00,0.00,0.00,25.3,125.63,634.24,277.20,DESCEND
5.1406,-0.0614,0.3298,0.1325,0.00727,0.00659,0.00910,-5.00,0.00,0.00,25.3,125.63,634.24,277.16,DESCEND
5.1507,0.1485,0.0098,0.0625,0.00427,0.00259,0.00510,-5.00,0.00,0.00,25.4,125.63,634.25,277.10,DESCEND
5.1608,0.0185,-0.0101,-0.0974,0.02127,0.01059,0.00810,-5.00,0.00,0.00,25.4,125.63,634.25,277.06,DESCEND
5.1709,0.0885,-0.0601,0.1625,0.02527,0.01059,0.00710,-5.00,0.00,0.00,25.5,125.63,634.25,277.00,DESCEND
5.1810,-0.0414,0.3898,-0.5174,0.00627,-0.00340,0.00910,-5.00,0.00,0.00,25.5,125.63,634.25,276.96,DESCEND
5.1911,0.1885,0.0598,0.2025,0.01327,0.00859,0.00510,-5.00,0.00,0.00,25.6,125.63,634.25,276.90,DESCEND
5.2013,0.0985,-0.3101,0.6025,0.00127,0.01259,0.00810,-5.00,0.00,0.00,25.6,125.63,634.25,276.86,DESCEND
5.2114,0.1885,0.3198,-0.1574,0.02527,0.00659,0.00710,-5.00,0.00,0.00,25.7,125.63,634.26,276.80,DESCEND
5.2215,-0.0414,0.0698,0.1625,-0.02072,-0.00640,0.00910,-5.00,0.00,0.00,25.7,125.63,634.26,276.76,DESCEND
5.2316,0.0985,0.1398,-0.1974,0.01427,-0.00040,0.00810,-5.00,0.00,0.00,25.8,125.63,634.26,276.70,DESCEND
5.2418,0.0685,0.0098,0.1525,0.02227,0.00959,0.00710,-5.00,0.00,0.00,25.8,125.63,634.26,276.64,DESCEND
5.2519,0.1185,-0.1401,0.0925,0.02127,0.00759,0.00610,-5.00,0.00,0.00,25.9,125.63,634.26,276.60,DESCEND
5.2620,0.2385,-0.1801,0.4025,0.00827,0.00559,0.00910,-5.00,0.00,0.00,25.9,125.63,634.27,276.54,DESCEND
5.2721,0.0585,0.3098,0.1025,0.00327,-0.00340,0.01110,-5.00,0.00,0.00,26.0,125.63,634.27,276.50,DESCEND
5.2822,0.0085,-0.2201,0.1025,-0.00672,-0.01040,0.00610,-5.00,0.00,0.00,26.0,125.63,634.27,276.44,DESCEND
5.2923,0.1785,0.1198,-0.0174,0.01327,0.00559,0.00710,-5.00,0.00,0.00,26.1,125.63,634.27,276.40,DESCEND
5.3025,0.1285,0.0298,-0.0174,0.00927,0.00659,0.00610,-5.00,0.00,0.00,26.1,125.63,634.27,276.34,DESCEND
5.3125,-0.0714,0.3398,-0.2174,-0.01472,-0.00940,0.01210,-5.00,0.00,0.00,26.2,125.63,634.28,276.30,DESCEND
5.3227,0.0785,0.1298,-0.0074,0.00527,0.00059,0.00910,-5.00,0.00,0.00,26.2,125.63,634.28,276.24,DESCEND
5.3328,-0.0114,0.2698,-0.0574,0.00727,0.00359,0.01210,-5.00,0.00,0.00,26.3,125.63,634.28,276.20,DESCEND
5.3429,0.0685,0.1198,0.0225,0.02327,0.00859,0.01010,-5.00,0.00,0.00,26.3,125.63,634.28,276.14,DESCEND
5.3530,0.1885,0.0898,0.0725,0.02127,0.00659,0.00710,-5.00,0.00,0.00,26.4,125.63,634.28,276.10,DESCEND
5.3631,0.3385,0.0498,0.1225,0.01227,0.00159,0.00410,-5.00,0.00,0.00,26.4,125.63,634.28,276.04,DESCEND
5.3733,0.0085,0.0698,0.1525,0.01027,0.00459,0.00810,-5.00,0.00,0.00,26.5,125.63,634.29,276.00,DESCEND
5.3834,0.2285,0.0898,0.0625,0.00127,-0.00540,0.00710,-5.00,0.00,0.00,26.5,125.63,634.29,275.94,DESCEND
5.3935,0.0385,0.0398,0.3025,0.01827,0.01559,0.00910,-5.00,0.00,0.00,26.6,125.63,634.29,275.90,DESCEND
5.4036,0.0185,0.1398,0.0525,0.00427,0.00359,0.01110,-5.00,0.00,0.00,26.6,125.63,634.29,275.84,DESCEND
5.4137,0.2085,0.0798,0.2325,0.01427,0.01059,0.00610,-5.00,0.00,0.00,26.7,125.63,634.29,275.78,DESCEND
5.4238,0.0585,-0.1101,0.3225,0.01327,0.00859,0.00410,-5.00,0.00,0.00,26.7,125.63,634.30,275.74,DESCEND
5.4340,0.1385,-0.0801,0.0525,0.00727,0.00159,0.00510,-5.00,0.00,0.00,26.8,125.63,634.30,275.68,DESCEND
5.4441,0.1085,0.1898,0.1625,0.01227,0.00359,0.01110,-5.00,0.00,0.00,26.8,125.63,634.30,275.64,DESCEND
5.4542,0.2885,0.1998,-0.0174,0.02127,0.00059,0.00910,-5.00,0.00,0.00,26.9,125.63,634.30,275.58,DESCEND
5.4643,0.1085,0.1498,0.2225,-0.00172,0.00059,0.00810,-5.00,0.00,0.00,26.9,125.63,634.30,275.54,DESCEND
5.4745,-0.1314,-0.0701,0.1925,0.01127,0.01959,0.00710,-5.00,0.00,0.00,27.0,125.63,634.31,275.48,DESCEND
5.4846,-0.0214,-0.1501,0.3125,0.00227,0.00759,0.00710,-5.00,0.00,0.00,27.0,125.63,634.31,275.44,DESCEND
5.4947,0.2885,-0.0401,-0.0274,0.01727,-0.00940,0.00910,-5.00,0.00,0.00,27.1,125.63,634.31,275.38,DESCEND
5.5048,0.1085,-0.0301,0.3425,-0.00072,0.00359,0.00610,-5.00,0.00,0.00,27.1,125.63,634.31,275.34,DESCEND
5.5149,0.2585,0.3598,0.1025,0.02227,0.00559,0.01010,-5.00,0.00,0.00,27.2,125.63,634.31,275.28,DESCEND
5.5250,0.1885,0.0898,-0.1974,-0.00472,-0.01340,0.00710,-5.00,0.00,0.00,27.2,125.63,634.31,275.24,DESCEND
5.5351,0.1685,-0.3501,0.2125,0.02427,0.00959,0.00410,-5.00,0.00,0.00,27.3,125.63,634.32,275.18,DESCEND
5.5452,0.0685,-0.2901,0.2925,0.01527,0.01359,0.00710,-5.00,0.00,0.00,27.3,125.63,634.32,275.14,DESCEND
5.5554,0.1685,0.2998,-0.1474,0.00927,-0.00940,0.01210,-5.00,0.00,0.00,27.4,125.63,634.32,275.08,DESCEND
5.5655,0.1485,0.1198,-0.0574,-0.00572,-0.01040,0.00710,-5.00,0.00,0.00,27.4,125.63,634.32,275.04,DESCEND
5.5756,-0.0914,0.2298,0.0425,-0.01072,-0.00140,0.01210,-5.00,0.00,0.00,27.5,125.63,634.32,274.98,DESCEND
5.5857,0.2685,-0.0501,0.0325,0.01527,0.00059,0.00810,-5.00,0.00,0.00,27.6,125.63,634.33,274.92,DESCEND
5.5958,0.1585,-0.1601,0.2725,0.00827,0.00159,0.00610,-5.00,0.00,0.00,27.6,125.63,634.33,274.88,DESCEND
5.6059,0.0785,0.0698,-0.1274,0.01427,-0.00140,0.00810,-5.00,0.00,0.00,27.7,125.63,634.33,274.82,DESCEND
5.6160,-0.0714,-0.0301,0.1225,-0.00072,0.00759,0.00910,-5.00,0.00,0.00,27.7,125.63,634.33,274.78,DESCEND
5.6261,0.1685,-0.2001,0.2525,0.01127,0.00959,0.00610,-5.00,0.00,0.00,27.8,125.63,634.33,274.72,DESCEND
5.6362,0.1185,-0.2101,0.2025,0.00627,0.00359,0.00410,-5.00,0.00,0.00,27.8,125.63,634.34,274.68,DESCEND
5.6464,0.1685,0.0298,-0.1074,0.02427,0.00559,0.00710,-5.00,0.00,0.00,27.9,125.63,634.34,274.62,DESCEND
5.6565,0.2285,-0.0701,-0.1874,0.02327,0.00159,0.00410,-5.00,0.00,0.00,27.9,125.63,634.34,274.58,DESCEND
5.6668,0.2385,-0.2601,-0.0874,0.01627,-0.00340,0.00610,-5.00,0.00,0.00,28.0,125.63,634.34,274.52,DESCEND
5.6770,0.0785,-0.2001,0.4725,0.02227,0.01859,0.00610,-5.00,0.00,0.00,28.0,125.63,634.34,274.48,DESCEND
5.6871,0.3685,0.3598,0.1225,0.01627,0.00359,0.00710,-5.00,0.00,0.00,28.1,125.63,634.34,274.42,DESCEND
5.6972,0.1385,0.0698,-0.0074,0.02727,0.01159,0.01310,-5.00,0.00,0.00,28.1,125.63,634.35,274.38,DESCEND
5.7073,0.2185,0.0798,-0.0474,0.02227,0.00659,0.00710,-5.00,0.00,0.00,28.2,125.63,634.35,274.32,DESCEND
5.7174,0.2085,0.0098,0.0725,0.02727,0.01159,0.00510,-5.00,0.00,0.00,28.2,125.63,634.35,274.28,DESCEND
5.7275,0.0585,0.0198,0.2425,0.01627,0.00559,0.00610,-5.00,0.00,0.00,28.3,125.63,634.35,274.22,DESCEND
5.7377,0.0785,0.2098,-0.2174,0.00227,-0.00240,0.00710,-5.00,0.00,0.00,28.3,125.64,634.35,274.16,DESCEND
5.7478,-0.0214,-0.0901,0.0825,0.01427,0.00859,0.00410,-5.00,0.00,0.00,28.4,125.64,634.36,274.12,DESCEND
5.7579,0.0685,-0.1201,0.1825,0.02427,0.01259,0.00610,-5.00,0.00,0.00,28.4,125.64,634.36,274.06,DESCEND
5.7680,0.3185,-0.0601,0.3225,0.02627,0.00759,0.00910,-5.00,0.00,0.00,28.5,125.64,634.36,274.02,DESCEND
5.7781,0.1385,0.1798,0.0925,0.00727,0.00859,0.00910,-5.00,0.00,0.00,28.5,125.64,634.36,273.96,DESCEND
5.7883,0.2085,0.0898,0.1925,0.02427,0.01159,0.00810,-5.00,0.00,0.00,28.6,125.64,634.36,273.92,DESCEND
5.7984,0.2985,0.1698,0.0725,0.03227,0.00559,0.00810,-5.00,0.00,0.00,28.6,125.64,634.37,273.86,DESCEND
5.8085,0.0285,0.1698,-0.2074,0.02427,0.00759,0.01110,-5.00,0.00,0.00,28.7,125.64,634.37,273.82,DESCEND
5.8186,0.0485,-0.0201,0.4125,0.00427,0.00959,0.00510,-5.00,0.00,0.00,28.7,125.64,634.37,273.76,DESCEND
5.8287,0.0285,0.0998,0.1825,0.01527,0.01459,0.00610,-5.00,0.00,0.00,28.8,125.64,634.37,273.72,DESCEND
5.8389,0.1885,-0.0001,0.0125,0.01927,0.00759,0.00610,-5.00,0.00,0.00,28.8,125.64,634.37,273.66,DESCEND
5.8490,-0.1514,0.2398,-0.0374,0.00027,0.00559,0.01010,-5.00,0.00,0.00,28.9,125.64,634.37,273.62,DESCEND
5.8591,0.1285,0.1098,-0.0374,0.01327,-0.00240,0.00810,-5.00,0.00,0.00,28.9,125.64,634.38,273.56,DESCEND
5.8692,0.0985,-0.2901,0.2125,0.00427,0.01059,0.00610,-5.00,0.00,0.00,29.0,125.64,634.38,273.52,DESCEND
5.8793,0.1385,0.0598,0.0625,0.00627,-0.00040,0.00710,-5.00,0.00,0.00,29.0,125.64,634.38,273.46,DESCEND
5.8894,0.0085,0.0498,0.5025,0.01227,0.00859,0.00810,-5.00,0.00,0.00,29.1,125.64,634.38,273.42,DESCEND
5.8995,0.4085,0.1198,-0.1974,0.02627,-0.00140,0.01010,-5.00,0.00,0.00,29.1,125.64,634.38,273.36,DESCEND
5.9096,0.1885,-0.4001,0.2725,0.02127,0.00359,0.00610,-5.00,0.00,0.00,29.2,125.64,634.39,273.30,DESCEND
5.9197,0.1585,-0.0401,0.1925,0.03727,0.02159,0.00610,-5.00,0.00,0.00,29.2,125.64,634.39,273.26,DESCEND
5.9299,0.0085,0.0498,-0.1874,0.00227,-0.00040,0.00610,-5.00,0.00,0.00,29.3,125.64,634.39,273.20,DESCEND
5.9400,-0.0914,0.0698,0.0825,-0.00172,-0.00240,0.01410,-5.00,0.00,0.00,29.3,125.64,634.39,273.16,DESCEND
5.9501,-0.1114,0.1898,0.2425,0.00327,0.01759,0.00710,-5.00,0.00,0.00,29.4,125.64,634.39,273.10,DESCEND
5.9603,0.3185,-0.0001,-0.0674,0.00827,-0.01040,0.00910,-5.00,0.00,0.00,29.4,125.64,634.40,273.06,DESCEND
5.9704,0.1385,-0.0301,-0.0274,0.01127,-0.00340,0.00810,-5.00,0.00,0.00,29.5,125.64,634.40,273.00,DESCEND
5.9805,0.0885,0.1498,-0.0674,0.02227,0.00659,0.01010,-5.00,0.00,0.00,29.5,125.64,634.40,272.96,DESCEND
5.9906,-0.0314,-0.0901,0.2025,-0.00472,0.00959,0.00910,-5.00,0.00,0.00,29.6,125.64,634.40,272.90,DESCEND
6.0007,0.0985,0.0098,0.0225,0.01727,0.01159,0.00810,-5.00,0.00,0.00,29.6,125.64,634.40,272.86,DESCEND
6.0108,0.1985,0.0898,0.1225,0.01727,0.00659,0.00610,-5.00,0.00,0.00,29.7,125.64,634.40,272.80,DESCEND
6.0210,0.1385,0.2298,-0.1274,0.00327,-0.00440,0.00910,-5.00,0.00,0.00,29.7,125.64,634.41,272.76,DESCEND
6.0311,0.2185,-0.2001,0.2125,0.02527,0.01059,0.00710,-5.00,0.00,0.00,29.8,125.64,634.41,272.70,DESCEND
6.0412,0.0285,-0.0301,-0.0874,0.00427,0.01159,0.00610,-5.00,0.00,0.00,29.8,125.64,634.41,272.66,DESCEND
6.0513,-0.0514,0.4598,-0.3474,-0.00272,-0.01340,0.01310,-5.00,0.00,0.00,29.9,125.64,634.41,272.60,DESCEND
6.0614,0.2685,-0.2701,0.1525,0.01927,0.00059,0.00610,-5.00,0.00,0.00,29.9,125.64,634.41,272.56,DESCEND
6.0715,-0.0314,0.2798,-0.0074,0.01427,0.01059,0.01010,-5.00,0.00,0.00,30.0,125.64,634.42,272.50,DESCEND
6.0816,0.2285,0.1198,-0.0474,0.02027,0.00759,0.01110,-5.00,0.00,0.00,30.0,125.64,634.42,272.44,DESCEND
6.0917,0.3385,0.0498,0.2825,0.01227,0.00159,0.00410,-5.00,0.00,0.00,30.1,125.64,634.42,272.40,DESCEND
6.1019,-0.0114,-0.1301,0.2325,0.01327,0.00759,0.01010,-5.00,0.00,0.00,30.1,125.64,634.42,272.34,DESCEND
6.1120,0.2285,0.0698,-0.0874,0.01727,-0.00340,0.01110,-5.00,0.00,0.00,30.2,125.64,634.42,272.30,DESCEND
6.1221,-0.1714,-0.1801,0.3025,0.00427,0.01659,0.00610,-5.00,0.00,0.00,30.2,125.64,634.43,272.24,DESCEND
6.1322,0.1885,0.0198,0.1525,0.00527,0.00059,0.00510,-5.00,0.00,0.00,30.3,125.64,634.43,272.20,DESCEND
6.1423,0.0985,-0.0801,0.1725,0.01027,0.01159,0.00710,-5.00,0.00,0.00,30.3,125.64,634.43,272.14,DESCEND
6.1525,0.0885,-0.2401,0.3025,0.01427,0.01359,0.00610,-5.00,0.00,0.00,30.4,125.64,634.43,272.10,DESCEND
6.1626,0.1385,0.0598,-0.0774,0.01127,-0.00040,0.00910,-5.00,0.00,0.00,30.4,125.64,634.43,272.04,DESCEND
6.1727,0.2485,0.0898,-0.1874,0.01127,-0.00640,0.00910,-5.00,0.00,0.00,30.5,125.64,634.43,272.00,DESCEND
6.1828,0.1585,0.2198,0.0025,0.01127,0.00659,0.00910,-5.00,0.00,0.00,30.5,125.64,634.44,271.94,DESCEND
6.1929,0.0585,-0.4001,0.3825,0.00027,0.00059,0.00610,-5.00,0.00,0.00,30.6,125.64,634.44,271.90,DESCEND
6.2030,0.0885,-0.1701,0.2325,0.00827,0.00959,0.00810,-5.00,0.00,0.00,30.6,125.64,634.44,271.84,DESCEND
6.2131,0.2285,-0.0901,0.3125,0.00927,0.00859,0.00710,-5.00,0.00,0.00,30.7,125.64,634.44,271.80,DESCEND
6.2233,0.1085,0.0598,0.2025,0.00227,0.00359,0.00610,-5.00,0.00,0.00,30.7,125.64,634.44,271.74,DESCEND
6.2334,0.1185,-0.2101,0.4025,0.01027,0.01459,0.00510,-5.00,0.00,0.00,30.8,125.64,634.45,271.70,DESCEND
6.2435,-0.0814,-0.2101,0.1825,-0.01472,0.00359,0.00710,-5.00,0.00,0.00,30.8,125.64,634.45,271.64,DESCEND
6.2536,0.2385,0.1198,0.2125,0.00927,0.00059,0.01010,-5.00,0.00,0.00,30.9,125.64,634.45,271.58,DESCEND
6.2638,-0.1014,-0.3601,0.6225,0.01627,0.01959,0.00510,-5.00,0.00,0.00,30.9,125.64,634.45,271.54,DESCEND
6.2739,-0.1014,-0.0701,0.1825,-0.00472,0.00059,0.01010,-5.00,0.00,0.00,31.0,125.64,634.45,271.48,DESCEND
6.2840,0.1785,-0.1601,0.1325,0.01227,0.00459,0.00810,-5.00,0.00,0.00,31.0,125.64,634.46,271.44,DESCEND
6.2941,-0.0014,0.3698,-0.2574,-0.01272,-0.01440,0.01210,-5.00,0.00,0.00,31.1,125.64,634.46,271.38,DESCEND
6.3042,-0.0614,-0.1501,0.2825,0.00227,0.01459,0.00810,-5.00,0.00,0.00,31.1,125.64,634.46,271.34,DESCEND
6.3143,0.0085,-0.2101,0.0525,0.01027,0.01359,0.00610,-5.00,0.00,0.00,31.2,125.64,634.46,271.28,DESCEND
6.3244,0.0785,0.0098,0.0625,-0.00072,0.00659,0.00710,-5.00,0.00,0.00,31.2,125.64,634.46,271.24,DESCEND
6.3345,0.1385,0.0598,0.3725,0.02127,0.01659,0.00710,-5.00,0.00,0.00,31.3,125.64,634.46,271.18,DESCEND
6.3447,0.1185,0.3998,-0.1774,0.01127,-0.00540,0.00810,-5.00,0.00,0.00,31.3,125.64,634.47,271.14,DESCEND
6.3548,0.1985,0.1098,-0.1774,0.00727,-0.00440,0.00610,-5.00,0.00,0.00,31.4,125.64,634.47,271.08,DESCEND
6.3649,0.0985,-0.0601,-0.1874,0.02527,0.00859,0.00610,-5.00,0.00,0.00,31.4,125.64,634.47,271.04,DESCEND
6.3750,0.2785,-0.0901,-0.0074,0.00927,-0.00040,0.00710,-5.00,0.00,0.00,31.5,125.64,634.47,270.98,DESCEND
6.3851,0.2685,-0.0701,0.0825,0.01727,0.00259,0.00410,-5.00,0.00,0.00,31.5,125.64,634.47,270.94,DESCEND
6.3952,0.0985,0.0698,0.1725,0.00527,0.00459,0.00810,-5.00,0.00,0.00,31.6,125.64,634.48,270.88,DESCEND
6.4053,0.0885,0.0998,0.0225,0.01327,0.00459,0.00810,-5.00,0.00,0.00,31.6,125.64,634.48,270.84,DESCEND
6.4155,0.0885,0.1198,0.3525,0.01127,0.00859,0.01010,-5.00,0.00,0.00,31.7,125.64,634.48,270.78,DESCEND
6.4256,0.0385,-0.0101,0.3225,0.00227,0.00559,0.01110,-5.00,0.00,0.00,31.8,125.64,634.48,270.72,DESCEND
6.4357,0.2485,-0.0301,-0.0574,0.02327,0.01059,0.00910,-5.00,0.00,0.00,31.8,125.65,634.48,270.68,DESCEND
6.4458,0.0585,0.1198,0.1625,0.01827,0.01559,0.00510,-5.00,0.00,0.00,31.9,125.65,634.49,270.62,DESCEND
6.4559,0.1085,-0.0901,0.0925,0.02227,0.00059,0.00610,-5.00,0.00,0.00,31.9,125.65,634.49,270.58,DESCEND
6.4662,0.0985,-0.2501,0.2425,0.01127,0.00859,0.00810,-5.00,0.00,0.00,32.0,125.65,634.49,270.52,DESCEND
6.4763,0.1085,0.0898,0.1025,0.01127,0.00859,0.01010,-5.00,0.00,0.00,32.0,125.65,634.49,270.48,DESCEND
6.4864,0.1485,0.0998,-0.1374,0.00127,-0.00440,0.00610,-5.00,0.00,0.00,32.1,125.65,634.49,270.42,DESCEND
6.4965,0.2585,-0.2501,0.0625,0.03127,0.00959,0.00810,-5.00,0.00,0.00,32.1,125.65,634.49,270.38,DESCEND
6.5066,0.1385,0.1398,-0.0774,0.01627,0.00759,0.00810,-5.00,0.00,0.00,32.2,125.65,634.50,270.32,DESCEND
6.5167,0.1685,0.1298,-0.1374,0.01727,0.00459,0.01010,-5.00,0.00,0.00,32.2,125.65,634.50,270.28,DESCEND
6.5269,0.3185,0.1198,-0.2274,0.01727,-0.00440,0.01010,-5.00,0.00,0.00,32.3,125.65,634.50,270.22,DESCEND
6.5370,0.0885,-0.0601,0.3125,0.01927,0.01559,0.00810,-5.00,0.00,0.00,32.3,125.65,634.50,270.18,DESCEND
6.5471,0.0785,-0.1401,0.4625,0.01727,0.01459,0.00810,-5.00,0.00,0.00,32.4,125.65,634.50,270.12,DESCEND
6.5572,0.1085,-0.0701,0.2325,-0.00472,-0.00440,0.00710,-5.00,0.00,0.00,32.4,125.65,634.51,270.08,DESCEND
6.5673,0.0585,-0.0101,0.0525,0.01127,0.00559,0.00910,-5.00,0.00,0.00,32.5,125.65,634.51,270.02,DESCEND
6.5774,0.2385,-0.0001,0.1725,0.00727,0.00159,0.01010,-5.00,0.00,0.00,32.5,125.65,634.51,269.98,DESCEND
6.5875,0.2985,-0.0601,0.0925,0.00827,-0.00340,0.00910,-5.00,0.00,0.00,32.6,125.65,634.51,269.92,DESCEND
6.5976,0.0885,-0.2401,0.3625,0.02727,0.01159,0.00810,-5.00,0.00,0.00,32.6,125.65,634.51,269.86,DESCEND
6.6077,0.0385,0.1798,0.0625,0.02327,0.01059,0.01010,-5.00,0.00,0.00,32.7,125.65,634.52,269.82,DESCEND
6.6179,0.4185,-0.0001,-0.1874,0.03127,-0.00240,0.00610,-5.00,0.00,0.00,32.7,125.65,634.52,269.76,DESCEND
6.6280,0.0485,0.3198,-0.0874,0.02227,0.00759,0.01210,-5.00,0.00,0.00,32.8,125.65,634.52,269.72,DESCEND
6.6381,0.1485,-0.3201,0.3925,0.00727,0.00659,0.00610,-5.00,0.00,0.00,32.8,125.65,634.52,269.66,DESCEND
6.6482,0.1685,-0.4601,0.1225,0.00927,0.00259,0.00110,-5.00,0.00,0.00,32.9,125.65,634.52,269.62,DESCEND
6.6584,0.2285,0.0198,0.1825,0.01827,0.00959,0.00910,-5.00,0.00,0.00,32.9,125.65,634.53,269.56,DESCEND
6.6685,0.0785,-0.1201,0.1625,0.01827,0.01359,0.00810,-5.00,0.00,0.00,33.0,125.65,634.53,269.52,DESCEND
6.6786,0.2685,-0.1301,0.0425,0.01227,-0.00840,0.00610,-5.00,0.00,0.00,33.0,125.65,634.53,269.46,DESCEND
6.6887,0.2385,0.0898,-0.1774,0.02127,0.00459,0.01010,-5.00,0.00,0.00,33.1,125.65,634.53,269.42,DESCEND
6.6988,0.1685,-0.1201,0.1125,0.00827,0.00359,0.00610,-5.00,0.00,0.00,33.1,125.65,634.53,269.36,DESCEND
6.7090,0.1185,0.1598,0.1025,0.02527,0.01259,0.00910,-5.00,0.00,0.00,33.2,125.65,634.53,269.32,DESCEND
6.7191,0.1985,0.0798,0.4525,0.01027,0.00959,0.00710,-5.00,0.00,0.00,33.2,125.65,634.54,269.26,DESCEND
6.7292,0.1185,0.2598,-0.2374,0.00427,-0.00840,0.00810,-5.00,0.00,0.00,33.3,125.65,634.54,269.22,DESCEND
6.7393,-0.0114,0.2298,0.3525,0.01627,0.01559,0.01010,-5.00,0.00,0.00,33.3,125.65,634.54,269.16,DESCEND
6.7494,0.4285,-0.1801,0.0025,0.01827,-0.00240,0.00610,-5.00,0.00,0.00,33.4,125.65,634.54,269.12,DESCEND
6.7595,0.1185,-0.1701,0.4625,0.00527,0.00759,0.00910,-5.00,0.00,0.00,33.4,125.65,634.54,269.06,DESCEND
6.7696,0.0685,-0.1501,0.2625,0.01927,0.01059,0.00710,-5.00,0.00,0.00,33.5,125.65,634.55,269.00,DESCEND
6.7797,-0.0014,-0.3601,0.0225,0.01527,0.01359,0.00810,-5.00,0.00,0.00,33.5,125.65,634.55,268.96,DESCEND
6.7899,0.2485,-0.0201,0.3325,0.01727,0.01059,0.00910,-5.00,0.00,0.00,33.6,125.65,634.55,268.90,DESCEND
6.8000,0.1785,-0.2001,0.3125,0.00927,0.00159,0.00710,-5.00,0.00,0.00,33.6,125.65,634.55,268.86,DESCEND
6.8101,0.3185,-0.3101,0.0625,0.02527,0.01159,0.00310,-5.00,0.00,0.00,33.7,125.65,634.55,268.80,DESCEND
6.8202,0.0985,0.0898,-0.1274,0.00427,-0.00040,0.00910,-5.00,0.00,0.00,33.7,125.65,634.55,268.76,DESCEND
6.8304,0.0485,0.0098,-0.0374,0.01427,-0.00140,0.01110,-5.00,0.00,0.00,33.8,125.65,634.56,268.70,DESCEND
6.8405,0.1985,0.1298,0.1525,0.02327,0.00959,0.01010,-5.00,0.00,0.00,33.8,125.65,634.56,268.66,DESCEND
6.8506,0.0785,0.0898,0.1025,0.02927,0.01059,0.00710,-5.00,0.00,0.00,33.9,125.65,634.56,268.60,DESCEND
6.8607,0.0785,-0.0401,0.1825,0.02627,0.01359,0.00910,-5.00,0.00,0.00,33.9,125.65,634.56,268.56,DESCEND
6.8708,0.2285,0.0498,0.0025,0.00827,0.00559,0.00710,-5.00,0.00,0.00,34.0,125.65,634.56,268.50,DESCEND
6.8809,0.0985,-0.1201,0.3225,0.02127,0.01359,0.00810,-5.00,0.00,0.00,34.0,125.65,634.57,268.46,DESCEND
6.8910,0.0085,0.0298,-0.0174,0.01327,0.00959,0.01010,-5.00,0.00,0.00,34.1,125.65,634.57,268.40,DESCEND
6.9012,0.2485,-0.0101,-0.0174,0.02527,0.00759,0.01110,-5.00,0.00,0.00,34.1,125.65,634.57,268.36,DESCEND
6.9113,-0.0114,0.2698,-0.2374,-0.01472,-0.00540,0.01010,-5.00,0.00,0.00,34.2,125.65,634.57,268.30,DESCEND
6.9214,0.3785,0.0298,-0.0374,0.02427,0.00459,0.00410,-5.00,0.00,0.00,34.2,125.65,634.57,268.26,DESCEND
6.9315,0.1285,-0.0201,0.0525,0.02227,0.00459,0.00910,-5.00,0.00,0.00,34.3,125.65,634.58,268.20,DESCEND
6.9417,-0.1214,0.2298,0.1525,-0.00272,0.00759,0.01110,-5.00,0.00,0.00,34.3,125.65,634.58,268.14,DESCEND
6.9518,0.1585,0.1598,0.0425,0.00427,0.00559,0.01010,-5.00,0.00,0.00,34.4,125.65,634.58,268.10,DESCEND
6.9619,0.1085,0.3298,-0.1474,0.00627,0.00159,0.00810,-5.00,0.00,0.00,34.4,125.65,634.58,268.04,DESCEND
6.9720,0.0085,0.0198,0.2525,0.01227,0.00759,0.01010,-5.00,0.00,0.00,34.5,125.65,634.58,268.00,DESCEND
6.9821,0.0385,0.0398,0.2325,0.00327,0.00859,0.01210,-5.00,0.00,0.00,34.5,125.65,634.59,267.94,DESCEND
6.9922,0.1385,-0.2201,0.3425,0.01827,0.01759,0.00610,-5.00,0.00,0.00,34.6,125.65,634.59,267.90,DESCEND
7.0024,0.0585,-0.0501,0.4725,0.01527,0.01059,0.00610,-5.00,0.00,0.00,34.6,125.65,634.59,267.84,DESCEND
7.0125,-0.0414,0.2598,-0.1174,0.00627,-0.00040,0.01110,-5.00,0.00,0.00,34.7,125.65,634.59,267.80,DESCEND
7.0226,0.1285,0.0298,0.0525,0.00527,-0.00740,0.00810,-5.00,0.00,0.00,34.7,125.65,634.59,267.74,DESCEND
7.0327,0.1985,-0.0401,0.0625,0.01627,0.00659,0.00810,-5.00,0.00,0.00,34.8,125.65,634.59,267.70,DESCEND
7.0428,-0.0214,-0.0801,0.1525,0.00127,0.00159,0.00610,-5.00,0.00,0.00,34.8,125.65,634.60,267.65,DESCEND
7.0529,-0.1814,0.4298,-0.2074,0.00527,0.01259,0.00710,-5.00,0.00,0.00,34.9,125.65,634.60,267.61,DESCEND
7.0630,0.1185,0.3998,-0.1274,0.00727,-0.00540,0.01110,-5.00,0.00,0.00,34.9,125.65,634.60,267.55,DESCEND
7.0731,0.0185,0.3898,0.0425,-0.00872,-0.00240,0.00910,-5.00,0.00,0.00,35.0,125.65,634.60,267.51,DESCEND
7.0833,0.1985,-0.0801,0.2325,0.01627,0.00859,0.00910,-5.00,0.00,0.00,35.0,125.65,634.60,267.45,DESCEND
7.0934,0.2385,-0.2801,0.1725,0.02627,0.00859,0.00610,-5.00,0.00,0.00,35.1,125.65,634.61,267.41,DESCEND
7.1035,0.2185,-0.0201,-0.0074,0.02827,0.00459,0.01110,-5.00,0.00,0.00,35.1,125.65,634.61,267.35,DESCEND
7.1136,0.2285,-0.1401,0.3425,0.01927,0.00559,0.01110,-5.00,0.00,0.00,35.2,125.65,634.61,267.29,DESCEND
7.1237,0.2085,0.1398,-0.1474,0.00827,-0.00440,0.01110,-5.00,0.00,0.00,35.2,125.65,634.61,267.25,DESCEND
7.1338,0.1285,0.2298,-0.0074,0.01527,0.00359,0.01210,-5.00,0.00,0.00,35.3,125.65,634.61,267.19,DESCEND
7.1439,0.0485,-0.4301,0.0025,0.01927,0.00859,0.00810,-5.00,0.00,0.00,35.3,125.65,634.61,267.15,DESCEND
7.1540,0.1685,0.0698,0.2925,0.01327,0.00659,0.00810,-5.00,0.00,0.00,35.4,125.66,634.62,267.09,DESCEND
7.1642,0.0685,0.3098,0.0825,0.00027,0.00359,0.01110,-5.00,0.00,0.00,35.4,125.66,634.62,267.05,DESCEND
7.1743,0.1685,-0.1901,-0.1074,0.00227,-0.00540,0.01010,-5.00,0.00,0.00,35.5,125.66,634.62,266.99,DESCEND
7.1845,0.1485,0.0598,0.1125,0.01527,0.00559,0.01110,-5.00,0.00,0.00,35.5,125.66,634.62,266.95,DESCEND
7.1946,-0.0214,0.2798,-0.1974,0.00227,-0.00140,0.00910,-5.00,0.00,0.00,35.6,125.66,634.62,266.89,DESCEND
7.2047,0.1985,-0.0401,0.0525,0.00427,0.00759,0.00810,-5.00,0.00,0.00,35.6,125.66,634.63,266.85,DESCEND
7.2148,0.1485,-0.0101,0.1425,0.01827,0.00959,0.00610,-5.00,0.00,0.00,35.7,125.66,634.63,266.79,DESCEND
7.2249,0.0285,0.2298,-0.1174,-0.00172,-0.00940,0.01110,-5.00,0.00,0.00,35.7,125.66,634.63,266.75,DESCEND
7.2351,0.2985,-0.1601,0.0025,0.01227,-0.00240,0.00910,-5.00,0.00,0.00,35.8,125.66,634.63,266.69,DESCEND
7.2451,0.1985,0.1598,-0.0174,0.01027,0.00459,0.00910,-5.00,0.00,0.00,35.8,125.66,634.63,266.65,DESCEND
7.2552,0.1985,-0.2501,0.4125,0.00327,0.00659,0.00910,-5.00,0.00,0.00,35.9,125.66,634.64,266.59,DESCEND
7.2653,-0.0714,0.1098,0.0325,0.01627,0.00659,0.01010,-5.00,0.00,0.00,35.9,125.66,634.64,266.55,DESCEND
7.2754,-0.1614,-0.2601,0.1225,0.00027,0.00859,0.00710,-5.00,0.00,0.00,36.0,125.66,634.64,266.49,DESCEND
7.2856,0.3885,-0.1501,0.3225,0.02827,0.00659,0.01110,-5.00,0.00,0.00,36.1,125.66,634.64,266.43,DESCEND
7.2957,-0.0014,0.1798,0.0825,-0.00872,-0.00740,0.00910,-5.00,0.00,0.00,36.1,125.66,634.64,266.39,DESCEND
7.3058,0.0185,0.2798,-0.0874,0.00427,-0.00440,0.00810,-5.00,0.00,0.00,36.2,125.66,634.65,266.33,DESCEND
7.3159,0.1485,-0.1101,0.0125,0.00127,-0.00240,0.00810,-5.00,0.00,0.00,36.2,125.66,634.65,266.29,DESCEND
7.3260,0.1085,0.0798,0.0925,0.01527,0.00359,0.01110,-5.00,0.00,0.00,36.3,125.66,634.65,266.23,DESCEND
7.3361,0.2085,-0.1501,-0.0074,0.02027,0.00159,0.01010,-5.00,0.00,0.00,36.3,125.66,634.65,266.19,DESCEND
7.3462,0.0785,-0.0501,0.3525,0.00627,0.00559,0.00710,-5.00,0.00,0.00,36.4,125.66,634.65,266.13,DESCEND
7.3563,0.0885,0.1198,-0.1674,0.01727,-0.01040,0.01110,-5.00,0.00,0.00,36.4,125.66,634.65,266.09,DESCEND
7.3664,0.0785,0.1898,-0.0474,0.00127,-0.00240,0.00910,-5.00,0.00,0.00,36.5,125.66,634.66,266.03,DESCEND
7.3765,0.0885,-0.0601,0.5325,0.00727,0.01059,0.00710,-5.00,0.00,0.00,36.5,125.66,634.66,265.99,DESCEND
7.3866,0.1685,0.2098,-0.0274,0.03127,0.00259,0.01310,-5.00,0.00,0.00,36.6,125.66,634.66,265.93,DESCEND
7.3968,-0.0014,-0.0201,-0.1574,0.00827,0.00759,0.00610,-5.00,0.00,0.00,36.6,125.66,634.66,265.89,DESCEND
7.4069,0.0385,-0.1701,0.0625,0.01427,0.01459,0.00910,-5.00,0.00,0.00,36.7,125.66,634.66,265.83,DESCEND
7.4170,0.0285,0.1098,0.3425,-0.00472,0.00059,0.00810,-5.00,0.00,0.00,36.7,125.66,634.67,265.79,DESCEND
7.4271,0.0585,0.4498,-0.0974,0.01827,0.00059,0.01110,-5.00,0.00,0.00,36.8,125.66,634.67,265.73,DESCEND
7.4372,0.0585,0.0698,0.2225,0.00627,0.01159,0.00710,-5.00,0.00,0.00,36.8,125.66,634.67,265.69,DESCEND
7.4473,0.1385,0.2798,-0.0874,0.01627,-0.00240,0.01310,-5.00,0.00,0.00,36.9,125.66,634.67,265.63,DESCEND
7.4574,0.2285,-0.0401,0.1025,0.01627,-0.00440,0.00710,-5.00,0.00,0.00,36.9,125.66,634.67,265.59,DESCEND
7.4675,-0.0514,0.3098,-0.0174,-0.00072,0.00059,0.01110,-5.00,0.00,0.00,37.0,125.66,634.67,265.53,DESCEND
7.4776,-0.0914,-0.0601,-0.1174,-0.00072,0.00359,0.00710,-5.00,0.00,0.00,37.0,125.66,634.68,265.47,DESCEND
7.4877,-0.0914,-0.1901,0.2425,0.00827,0.01059,0.01010,-5.00,0.00,0.00,37.1,125.66,634.68,265.43,DESCEND
7.4980,0.0185,-0.1301,0.4925,0.00827,0.02059,0.00810,-5.00,0.00,0.00,37.1,125.66,634.68,265.37,DESCEND
7.5081,0.1285,0.0698,0.0825,0.00227,0.00159,0.00910,-5.00,0.00,0.00,37.2,125.66,634.68,265.33,DESCEND
7.5182,0.2685,-0.0801,0.1925,0.02727,0.01059,0.00910,-5.00,0.00,0.00,37.2,125.66,634.68,265.27,DESCEND
7.5283,0.0585,-0.0701,0.2325,0.01127,0.00659,0.00810,-5.00,0.00,0.00,37.3,125.66,634.69,265.23,DESCEND
7.5384,0.3085,-0.2101,0.2025,0.03027,0.00759,0.00810,-5.00,0.00,0.00,37.3,125.66,634.69,265.17,DESCEND
7.5485,0.0685,0.2498,-0.2874,0.00927,-0.00040,0.01210,-5.00,0.00,0.00,37.4,125.66,634.69,265.13,DESCEND
7.5586,0.0885,-0.3401,0.6725,0.02627,0.01659,0.00510,-5.00,0.00,0.00,37.4,125.66,634.69,265.07,DESCEND
7.5687,-0.0714,0.0998,-0.0974,-0.00372,0.00159,0.01010,-5.00,0.00,0.00,37.5,125.66,634.69,265.03,DESCEND
7.5788,0.1485,0.0998,-0.2474,0.00227,-0.00340,0.01210,-5.00,0.00,0.00,37.5,125.66,634.70,264.97,DESCEND
7.5890,-0.0214,0.4198,-0.1674,0.00327,-0.00140,0.01210,-5.00,0.00,0.00,37.6,125.66,634.70,264.93,DESCEND
7.5991,-0.0014,-0.0001,-0.0874,0.02727,0.00859,0.01210,-5.00,0.00,0.00,37.6,125.66,634.70,264.87,DESCEND
7.6092,0.0885,0.3898,-0.0574,0.00927,-0.00040,0.01110,-5.00,0.00,0.00,37.7,125.66,634.70,264.83,DESCEND
7.6193,0.2385,-0.0001,-0.0874,0.01827,0.00559,0.00810,-5.00,0.00,0.00,37.7,125.66,634.70,264.77,DESCEND
7.6294,0.2285,0.2698,-0.0074,0.00927,-0.00240,0.01110,-5.00,0.00,0.00,37.8,125.66,634.70,264.73,DESCEND
7.6395,0.2585,0.1098,-0.1874,0.00927,-0.00040,0.00910,-5.00,0.00,0.00,37.8,125.66,634.71,264.67,DESCEND
7.6496,0.2885,0.1198,0.0525,0.03927,0.00959,0.00810,-5.00,0.00,0.00,37.9,125.66,634.71,264.61,DESCEND
7.6598,0.0585,0.0298,-0.1874,0.00027,0.00059,0.01010,-5.00,0.00,0.00,37.9,125.66,634.71,264.57,DESCEND
7.6699,0.2285,-0.2001,0.4325,0.02627,0.01059,0.00810,-5.00,0.00,0.00,38.0,125.66,634.71,264.51,DESCEND
7.6800,0.1385,0.2998,-0.0974,0.01727,0.00559,0.01010,-5.00,0.00,0.00,38.0,125.66,634.71,264.47,DESCEND
7.6901,0.1585,0.1098,-0.1874,0.02127,0.00759,0.00510,-5.00,0.00,0.00,38.1,125.66,634.72,264.41,DESCEND
7.7002,0.3485,-0.1101,0.3225,0.03527,0.00759,0.00710,-5.00,0.00,0.00,38.1,125.66,634.72,264.37,DESCEND
7.7103,-0.0514,-0.0301,0.4625,-0.00272,0.00359,0.00910,-5.00,0.00,0.00,38.2,125.66,634.72,264.31,DESCEND
7.7204,0.1885,-0.3801,0.1325,0.02327,0.01159,0.00410,-5.00,0.00,0.00,38.2,125.66,634.72,264.27,DESCEND
7.7306,0.2085,0.0298,-0.0774,0.00027,-0.01140,0.01410,-5.00,0.00,0.00,38.3,125.66,634.72,264.21,DESCEND
7.7407,0.0585,0.0098,0.0525,0.01227,0.01259,0.00910,-5.00,0.00,0.00,38.3,125.66,634.73,264.17,DESCEND
7.7508,0.4085,0.2798,-0.0174,0.02327,0.00459,0.00810,-5.00,0.00,0.00,38.4,125.66,634.73,264.11,DESCEND
7.7609,0.1585,0.0398,-0.1974,0.00327,-0.01040,0.01210,-5.00,0.00,0.00,38.4,125.66,634.73,264.07,DESCEND
7.7710,0.1885,0.1198,0.0925,0.02127,0.00859,0.00810,-5.00,0.00,0.00,38.5,125.66,634.73,264.01,DESCEND
7.7811,-0.0214,-0.3701,0.4825,0.00927,0.01359,0.00710,-5.00,0.00,0.00,38.5,125.66,634.73,263.97,DESCEND
7.7912,0.1585,-0.1801,0.1925,0.02127,0.00859,0.00710,-5.00,0.00,0.00,38.6,125.66,634.74,263.91,DESCEND
7.8014,0.2185,-0.0201,-0.0074,0.01227,0.00459,0.01210,-5.00,0.00,0.00,38.6,125.66,634.74,263.87,DESCEND
7.8115,0.3685,-0.0301,-0.0474,0.02427,0.00559,0.00710,-5.00,0.00,0.00,38.7,125.66,634.74,263.81,DESCEND
7.8216,0.1585,-0.3701,0.0125,0.02127,0.00759,0.00610,-5.00,0.00,0.00,38.7,125.66,634.74,263.75,DESCEND
7.8317,0.2385,-0.1901,0.3025,0.02427,0.00559,0.00910,-5.00,0.00,0.00,38.8,125.66,634.74,263.71,DESCEND
7.8418,0.3185,0.0398,0.0725,0.02127,0.00359,0.00910,-5.00,0.00,0.00,38.8,125.66,634.74,263.65,DESCEND
7.8519,0.1785,0.2398,-0.2574,0.01827,-0.00040,0.01410,-5.00,0.00,0.00,38.9,125.66,634.75,263.61,DESCEND
7.8620,0.3485,-0.0201,0.1525,0.03627,0.01659,0.00610,-5.00,0.00,0.00,38.9,125.66,634.75,263.55,DESCEND
7.8721,0.1885,-0.0001,0.2525,0.03227,0.01059,0.00910,-5.00,0.00,0.00,39.0,125.66,634.75,263.51,DESCEND
7.8822,0.1385,0.2998,-0.1274,-0.00672,-0.01340,0.01110,-5.00,0.00,0.00,39.0,125.67,634.75,263.45,DESCEND
7.8923,0.4285,-0.2301,0.0725,0.02827,0.00059,0.00810,-5.00,0.00,0.00,39.1,125.67,634.75,263.41,DESCEND
7.9025,0.2685,0.3698,0.0125,0.01627,0.00659,0.01110,-5.00,0.00,0.00,39.1,125.67,634.76,263.35,DESCEND
7.9126,0.1785,-0.0001,-0.0774,0.00727,0.00159,0.00810,-5.00,0.00,0.00,39.2,125.67,634.76,263.31,DESCEND
7.9227,-0.0314,-0.0301,0.2125,-0.00572,0.00259,0.00910,-5.00,0.00,0.00,39.2,125.67,634.76,263.25,DESCEND
7.9329,0.0585,-0.1401,0.4225,0.01627,0.01159,0.00910,-5.00,0.00,0.00,39.3,125.67,634.76,263.21,DESCEND
7.9430,0.1985,0.1298,0.1025,0.01527,0.00759,0.01210,-5.00,0.00,0.00,39.3,125.67,634.76,263.15,DESCEND
7.9531,0.0985,-0.0501,0.0525,0.01027,0.00359,0.01010,-5.00,0.00,0.00,39.4,125.67,634.76,263.11,DESCEND
7.9632,-0.0414,0.0298,0.1425,0.00127,0.00559,0.01110,-5.00,0.00,0.00,39.4,125.67,634.77,263.05,DESCEND
7.9733,0.0085,0.2098,-0.4074,-0.00672,-0.01540,0.01110,-5.00,0.00,0.00,39.5,125.67,634.77,263.01,DESCEND
7.9834,0.1385,0.0098,0.2225,0.03627,0.01859,0.01110,-5.00,0.00,0.00,39.5,125.67,634.77,262.95,DESCEND
7.9936,-0.1514,0.4498,-0.1274,-0.01172,-0.01240,0.01210,-5.00,0.00,0.00,39.6,125.67,634.77,262.89,DESCEND
8.0036,0.2185,-0.0501,0.1725,0.01627,0.00859,0.00910,-5.00,0.00,0.00,39.6,125.67,634.77,262.85,DESCEND
8.0137,-0.0214,0.3098,0.1125,0.00827,-0.00140,0.01610,-5.00,0.00,0.00,39.7,125.67,634.78,262.79,DESCEND
8.0238,0.1885,0.1298,-0.2874,0.01727,-0.00140,0.01110,-5.00,0.00,0.00,39.7,125.67,634.78,262.75,DESCEND
8.0340,0.1085,0.0698,0.2125,0.01027,0.00259,0.01010,-5.00,0.00,0.00,39.8,125.67,634.78,262.69,DESCEND
8.0441,-0.0014,0.2898,-0.2174,0.00927,-0.00140,0.01110,-5.00,0.00,0.00,39.8,125.67,634.78,262.65,DESCEND
8.0542,0.1085,0.0598,-0.0574,0.00727,0.00159,0.01110,-5.00,0.00,0.00,39.9,125.67,634.78,262.59,DESCEND
8.0643,0.1985,-0.1201,0.2925,0.01327,0.00659,0.00810,-5.00,0.00,0.00,39.9,125.67,634.79,262.55,DESCEND
8.0744,0.0785,0.0198,0.3225,0.02227,0.01259,0.01310,-5.00,0.00,0.00,40.0,125.67,634.79,262.49,DESCEND
8.0846,0.0685,-0.1501,0.3025,0.02427,0.01159,0.00910,-5.00,0.00,0.00,40.0,125.67,634.79,262.45,DESCEND
8.0946,-0.0214,-0.1001,0.2225,0.01327,0.00859,0.01310,-5.00,0.00,0.00,40.1,125.67,634.79,262.39,DESCEND
8.1047,0.0985,-0.3201,0.5625,0.01627,0.01659,0.00510,-5.00,0.00,0.00,40.1,125.67,634.79,262.35,DESCEND
8.1149,0.1185,0.1498,-0.1374,0.01027,0.00059,0.01210,-5.00,0.00,0.00,40.2,125.67,634.80,262.29,DESCEND
8.1250,-0.0914,-0.2501,0.4125,0.00627,0.01459,0.00910,-5.00,0.00,0.00,40.2,125.67,634.80,262.25,DESCEND
8.1351,0.0585,-0.2701,0.4225,-0.00372,0.00459,0.01010,-5.00,0.00,0.00,40.3,125.67,634.80,262.19,DESCEND
8.1452,0.0385,0.0498,0.2325,-0.00072,0.00159,0.01010,-5.00,0.00,0.00,40.3,125.67,634.80,262.15,DESCEND
8.1553,0.1085,0.3598,-0.0474,0.00227,-0.00840,0.01210,-5.00,0.00,0.00,40.4,125.67,634.80,262.09,DESCEND
8.1654,0.1985,-0.1801,0.2825,0.02127,0.01359,0.00610,-5.00,0.00,0.00,40.5,125.67,634.80,262.03,DESCEND
8.1755,0.1585,-0.0201,0.1825,0.01327,0.00459,0.00710,-5.00,0.00,0.00,40.5,125.67,634.81,261.99,DESCEND
8.1856,-0.0414,-0.1101,0.1725,-0.01572,-0.01240,0.00910,-5.00,0.00,0.00,40.6,125.67,634.81,261.93,DESCEND
8.1957,0.0085,0.3298,0.1125,-0.00272,0.00159,0.01310,-5.00,0.00,0.00,40.6,125.67,634.81,261.89,DESCEND
8.2058,0.0785,0.0998,0.0925,0.00127,-0.00040,0.01010,-5.00,0.00,0.00,40.7,125.67,634.81,261.83,DESCEND
8.2160,-0.0514,0.3398,0.1125,0.01427,0.01259,0.01310,-5.00,0.00,0.00,40.7,125.67,634.81,261.79,DESCEND
8.2261,0.0185,-0.1101,0.4725,-0.00072,0.00959,0.00610,-5.00,0.00,0.00,40.8,125.67,634.82,261.73,DESCEND
8.2362,0.1085,0.0998,0.2525,0.00927,0.00659,0.00910,-5.00,0.00,0.00,40.8,125.67,634.82,261.69,DESCEND
8.2463,0.2285,0.1198,0.0725,0.01727,0.00359,0.00810,-5.00,0.00,0.00,40.9,125.67,634.82,261.63,DESCEND
8.2564,0.1585,0.1598,0.0825,0.00927,-0.00440,0.00910,-5.00,0.00,0.00,40.9,125.67,634.82,261.59,DESCEND
8.2665,0.1485,-0.3301,0.7125,0.03427,0.02359,0.00410,-5.00,0.00,0.00,41.0,125.67,634.82,261.53,DESCEND
8.2766,-0.0414,0.0498,-0.2174,0.00827,-0.00040,0.01010,-5.00,0.00,0.00,41.0,125.67,634.82,261.49,DESCEND
8.2867,0.0385,0.0898,-0.0874,0.00627,0.00659,0.01310,-5.00,0.00,0.00,41.1,125.67,634.83,261.43,DESCEND
8.2969,0.2285,-0.0801,0.5025,0.02127,0.01459,0.00810,-5.00,0.00,0.00,41.1,125.67,634.83,261.39,DESCEND
8.3070,0.1785,0.0198,0.0125,0.00727,-0.00040,0.00910,-5.00,0.00,0.00,41.2,125.67,634.83,261.33,DESCEND
8.3171,0.0685,0.0998,0.0325,-0.00772,-0.00740,0.00710,-5.00,0.00,0.00,41.2,125.67,634.83,261.29,DESCEND
8.3272,0.4785,-0.0501,0.2525,0.04827,0.01459,0.01010,-5.00,0.00,0.00,41.3,125.67,634.83,261.23,DESCEND
8.3373,0.0085,0.2698,0.0925,0.00127,-0.00140,0.00710,-5.00,0.00,0.00,41.3,125.67,634.84,261.19,DESCEND
8.3474,0.0085,0.2698,-0.0374,0.01127,0.00459,0.00910,-5.00,0.00,0.00,41.4,125.67,634.84,261.13,DESCEND
8.3575,0.3185,0.0398,-0.0174,0.02027,-0.00040,0.00910,-5.00,0.00,0.00,41.4,125.67,634.84,261.07,DESCEND
8.3676,0.0285,0.3298,-0.4274,0.01127,-0.00340,0.01510,-5.00,0.00,0.00,41.5,125.67,634.84,261.03,DESCEND
8.3777,0.1585,-0.2101,0.5925,0.00527,0.01259,0.00610,-5.00,0.00,0.00,41.5,125.67,634.84,260.97,DESCEND
8.3879,0.2185,0.1798,0.4625,0.01427,0.00659,0.00710,-5.00,0.00,0.00,41.6,125.67,634.85,260.93,DESCEND
8.3980,0.1385,0.2698,-0.0374,0.01327,0.00259,0.01210,-5.00,0.00,0.00,41.6,125.67,634.85,260.87,DESCEND
8.4081,0.2085,0.2198,0.1025,0.02927,0.01959,0.00710,-5.00,0.00,0.00,41.7,125.67,634.85,260.83,DESCEND
8.4183,0.0585,0.1198,0.2225,-0.00072,0.01959,0.00610,-5.00,0.00,0.00,41.7,125.67,634.85,260.77,DESCEND
8.4284,0.2785,0.1698,-0.0074,0.00127,0.00259,0.00710,-5.00,0.00,0.00,41.8,125.67,634.85,260.73,DESCEND
8.4385,0.2585,0.0298,0.1225,0.02027,0.02959,0.00810,-5.00,0.00,0.00,41.8,125.67,634.86,260.67,DESCEND
8.4486,0.3585,0.2398,0.0325,0.02127,0.02659,0.00610,-5.00,0.00,0.00,41.9,125.67,634.86,260.63,DESCEND
8.4587,0.3685,0.0798,0.1825,0.00927,0.03259,0.00310,-5.00,0.00,0.00,41.9,125.67,634.86,260.57,DESCEND
8.4688,0.2885,0.0898,0.1125,0.01427,0.02859,0.00710,-5.00,0.00,0.00,42.0,125.67,634.86,260.53,DESCEND
8.4790,0.2585,0.2698,0.2225,0.01627,0.04459,0.01010,-5.00,0.00,0.00,42.0,125.67,634.86,260.47,DESCEND
8.4891,0.2385,0.0198,0.3225,0.00527,0.04759,0.00310,-5.00,0.00,0.00,42.1,125.67,634.86,260.43,DESCEND
8.4992,0.2185,-0.0501,0.6825,0.00827,0.05659,0.00110,-5.00,0.00,0.00,42.1,125.67,634.87,260.37,DESCEND
8.5093,0.5385,0.0498,0.4725,0.03727,0.05859,0.00010,-5.00,0.00,0.00,42.2,125.67,634.87,260.33,DESCEND
8.5194,0.5785,-0.1301,0.3725,0.02227,0.05259,-0.00189,-5.00,0.00,0.00,42.2,125.67,634.87,260.27,DESCEND
8.5295,0.2785,0.1798,0.2825,0.00927,0.05959,0.00010,-5.00,0.00,0.00,42.3,125.67,634.87,260.21,DESCEND
8.5396,0.6185,-0.0601,0.2025,0.02027,0.04659,-0.00489,-5.00,0.00,0.00,42.3,125.67,634.87,260.17,DESCEND
8.5498,0.4885,-0.0301,0.3225,0.02627,0.05659,0.00210,-5.00,0.00,0.00,42.4,125.67,634.88,260.11,DESCEND
8.5599,0.3085,-0.0301,0.2025,0.02427,0.07059,-0.00189,-5.00,0.00,0.00,42.4,125.67,634.88,260.07,DESCEND
8.5700,0.5185,-0.1301,0.4025,0.02827,0.07359,-0.00189,-5.00,0.00,0.00,42.5,125.67,634.88,260.01,DESCEND
8.5801,0.6385,0.2098,0.1125,0.02627,0.06759,-0.00089,-5.00,0.00,0.00,42.5,125.67,634.88,259.97,DESCEND
8.5902,0.5585,0.1798,0.0125,0.03527,0.07159,-0.00089,-5.00,0.00,0.00,42.6,125.67,634.88,259.91,DESCEND
8.6003,0.3685,0.1298,0.1325,0.01227,0.07259,0.00010,-5.00,0.00,0.00,42.6,125.67,634.89,259.87,DESCEND
8.6104,0.7685,-0.3001,0.6625,0.04127,0.07959,-0.00589,-5.00,0.00,0.00,42.7,125.67,634.89,259.81,DESCEND
8.6205,0.5685,-0.4301,0.3625,0.03527,0.08359,-0.00989,-5.00,0.00,0.00,42.7,125.67,634.89,259.77,DESCEND
8.6306,0.6285,-0.0001,0.2825,0.01827,0.07859,-0.00389,-5.00,0.00,0.00,42.8,125.68,634.89,259.71,DESCEND
8.6407,0.6985,-0.3301,0.2325,0.02627,0.07459,-0.00889,-5.00,0.00,0.00,42.8,125.68,634.89,259.67,DESCEND
8.6509,0.8285,-0.1801,0.6225,0.02927,0.08559,-0.00489,-5.00,0.00,0.00,42.9,125.68,634.89,259.61,DESCEND
8.6610,0.6885,-0.0201,0.5325,0.02227,0.09059,-0.00789,-5.00,0.00,0.00,42.9,125.68,634.90,259.57,DESCEND
8.6711,0.5185,0.0398,0.4125,0.01527,0.09059,-0.00589,-5.00,0.00,0.00,43.0,125.68,634.90,259.51,DESCEND
8.6812,0.6885,-0.1401,0.5125,0.02827,0.09859,-0.00689,-5.00,0.00,0.00,43.0,125.68,634.90,259.47,DESCEND
8.6913,0.6085,0.1098,0.1225,0.00627,0.07759,-0.00889,-5.00,0.00,0.00,43.1,125.68,634.90,259.41,DESCEND
8.7014,0.7085,0.1398,0.1225,0.01727,0.09159,-0.00489,-5.00,0.00,0.00,43.1,125.68,634.90,259.37,DESCEND
8.7115,0.5785,-0.0501,0.4925,0.01127,0.10459,-0.00889,-5.00,0.00,0.00,43.2,125.68,634.91,259.31,DESCEND
8.7216,0.5785,0.1798,0.4025,0.01327,0.10259,-0.00789,-5.00,0.00,0.00,43.2,125.68,634.91,259.25,DESCEND
8.7318,0.8985,0.1198,-0.0274,0.01827,0.08259,-0.00889,-5.00,0.00,0.00,43.3,125.68,634.91,259.21,DESCEND
8.7419,0.5885,-0.1001,0.4225,0.01027,0.10259,-0.00889,-5.00,0.00,0.00,43.3,125.68,634.91,259.15,DESCEND
8.7520,0.8885,0.0398,0.0325,0.02527,0.10159,-0.01089,-5.00,0.00,0.00,43.4,125.68,634.91,259.11,DESCEND
8.7622,0.6585,-0.2201,0.5725,0.00627,0.11059,-0.01389,-5.00,0.00,0.00,43.4,125.68,634.92,259.05,DESCEND
8.7723,0.7685,-0.3501,0.5925,0.01227,0.10959,-0.01489,-5.00,0.00,0.00,43.5,125.68,634.92,259.01,DESCEND
8.7824,0.7685,-0.1801,0.2925,0.01827,0.11059,-0.01289,-5.00,0.00,0.00,43.5,125.68,634.92,258.95,DESCEND
8.7925,0.7385,-0.1501,0.3025,0.01027,0.10959,-0.01489,-5.00,0.00,0.00,43.6,125.68,634.92,258.91,DESCEND
8.8026,0.9385,-0.3901,0.5225,0.03727,0.11459,-0.01389,-5.00,0.00,0.00,43.6,125.68,634.92,258.85,SEARCH_Y
8.8127,0.8285,-0.0201,0.0225,0.02227,0.11159,-0.01489,0.00,-3.00,0.00,43.7,125.68,634.92,258.81,SEARCH_Y
8.8228,0.9185,0.0598,0.0825,0.02727,0.11059,-0.01489,0.00,-3.00,0.00,43.7,125.68,634.93,258.75,SEARCH_Y
8.8329,0.8885,-0.1601,0.3525,0.01627,0.12359,-0.01589,0.00,-3.00,0.00,43.8,125.68,634.93,258.72,SEARCH_Y
8.8431,0.9385,0.2298,0.2425,0.01527,0.12059,-0.01389,0.00,-3.00,0.00,43.8,125.67,634.93,258.66,SEARCH_Y
8.8532,0.8885,0.2798,0.5425,0.01627,0.12659,-0.01389,0.00,-3.00,0.00,43.9,125.67,634.93,258.63,SEARCH_Y
8.8633,0.9785,-0.0601,0.7525,0.02627,0.13759,-0.01689,0.00,-3.00,0.00,43.9,125.66,634.93,258.59,SEARCH_Y
8.8734,1.1985,0.1898,0.0525,0.03027,0.11959,-0.01389,0.00,-3.00,0.00,43.9,125.64,634.93,258.55,SEARCH_Y
8.8835,0.8685,-0.0101,0.4525,0.02327,0.13859,-0.01389,0.00,-3.00,0.00,44.0,125.63,634.93,258.52,SEARCH_Y
8.8937,0.7985,-0.2501,0.4825,0.02127,0.12659,-0.01689,0.00,-3.00,0.00,44.0,125.62,634.93,258.49,SEARCH_Y
8.9038,0.6085,0.1698,-0.0274,-0.00472,0.10759,-0.01189,0.00,-3.00,0.00,44.0,125.61,634.93,258.47,SEARCH_Y
8.9139,0.7685,0.2298,0.1525,0.02127,0.13159,-0.01489,0.00,-3.00,0.00,44.0,125.58,634.93,258.45,SEARCH_Y
8.9240,0.9885,-0.0501,0.4225,0.03227,0.12059,-0.01289,0.00,-3.00,0.00,44.1,125.57,634.93,258.44,SEARCH_Y
8.9341,0.7385,0.3498,0.2125,0.01627,0.12959,-0.01289,0.00,-3.00,0.00,44.1,125.54,634.93,258.42,SEARCH_Y
8.9442,0.7285,-0.0401,0.7025,0.01427,0.13559,-0.01589,0.00,-3.00,0.00,44.1,125.52,634.93,258.41,SEARCH_Y
8.9543,0.8685,0.0798,0.3225,0.03627,0.13359,-0.01589,0.00,-3.00,0.00,44.1,125.49,634.93,258.40,SEARCH_Y
8.9644,0.6685,0.1398,0.4325,0.01127,0.12659,-0.01589,0.00,-3.00,0.00,44.1,125.47,634.93,258.40,SEARCH_Y
8.9745,0.9485,-0.4601,0.5225,0.05527,0.13859,-0.01489,0.00,-3.00,0.00,44.1,125.44,634.93,258.40,SEARCH_Y
8.9846,0.6785,0.0598,0.2625,-0.00072,0.12259,-0.01689,0.00,-3.00,0.00,44.1,125.41,634.93,258.40,SEARCH_Y
8.9947,0.9485,-0.0501,0.3825,0.01827,0.12959,-0.01989,0.00,-3.00,0.00,44.1,125.38,634.93,258.40,SEARCH_Y
9.0049,0.8485,-0.1501,0.3825,0.03127,0.13959,-0.01689,0.00,-3.00,0.00,44.1,125.35,634.93,258.40,SEARCH_Y
9.0150,0.9385,0.1898,0.0825,0.01327,0.11859,-0.01489,0.00,-3.00,0.00,44.1,125.32,634.93,258.39,SEARCH_Y
9.0251,0.8485,0.2098,0.3025,0.01727,0.12759,-0.01489,0.00,-3.00,0.00,44.1,125.29,634.93,258.39,SEARCH_Y
9.0352,0.9785,-0.2201,0.5125,0.04327,0.14759,-0.01989,0.00,-3.00,0.00,44.1,125.26,634.93,258.39,SEARCH_Y
9.0453,0.8385,0.0098,0.5825,0.03627,0.14159,-0.01889,0.00,-3.00,0.00,44.1,125.23,634.93,258.39,SEARCH_Y
9.0554,0.7285,0.1998,0.2525,0.00827,0.13259,-0.01689,0.00,-3.00,0.00,44.1,125.20,634.93,258.39,SEARCH_Y
9.0656,0.8485,0.1098,0.4225,-0.00972,0.12459,-0.01989,0.00,-3.00,0.00,44.1,125.16,634.92,258.39,SEARCH_Y
9.0756,0.7585,0.2698,0.2725,-0.02072,0.12059,-0.01889,0.00,-3.00,0.00,44.1,125.14,634.92,258.39,SEARCH_Y
9.0857,0.9385,0.3398,0.0825,-0.00072,0.11759,-0.01589,0.00,-3.00,0.00,44.1,125.10,634.92,258.39,SEARCH_Y
9.0958,0.7985,0.0598,0.1525,0.00327,0.11859,-0.01789,0.00,-3.00,0.00,44.1,125.08,634.92,258.39,SEARCH_Y
9.1059,0.6785,0.5698,0.1725,-0.00072,0.12459,-0.01689,0.00,-3.00,0.00,44.1,125.04,634.92,258.39,SEARCH_Y
9.1161,1.0985,0.2698,0.0825,0.00727,0.11459,-0.01689,0.00,-3.00,0.00,44.1,125.02,634.92,258.39,SEARCH_Y
9.1262,0.9885,0.4598,0.2825,-0.00372,0.10859,-0.01489,0.00,-3.00,0.00,44.1,124.98,634.92,258.39,SEARCH_Y
9.1363,1.0085,0.5198,0.0625,0.00027,0.11859,-0.01589,0.00,-3.00,0.00,44.1,124.95,634.92,258.39,SEARCH_Y
9.1464,0.9085,0.1098,0.1825,-0.00672,0.11959,-0.01689,0.00,-3.00,0.00,44.1,124.92,634.92,258.39,SEARCH_Y
9.1565,0.8685,0.1898,0.1025,-0.00272,0.12459,-0.01989,0.00,-3.00,0.00,44.1,124.89,634.92,258.39,SEARCH_Y
9.1666,0.9785,0.2898,0.1525,0.01127,0.12959,-0.02189,0.00,-3.00,0.00,44.1,124.86,634.92,258.39,SEARCH_Y
9.1767,0.7685,0.4398,-0.0674,-0.00072,0.12759,-0.01889,0.00,-3.00,0.00,44.1,124.83,634.92,258.39,SEARCH_Y
9.1868,0.8585,-0.0101,0.3525,0.00627,0.14159,-0.02089,0.00,-3.00,0.00,44.1,124.80,634.91,258.39,SEARCH_Y
9.1970,1.0885,0.3698,0.1325,0.00927,0.12759,-0.02189,0.00,-3.00,0.00,44.1,124.77,634.91,258.39,SEARCH_Y
9.2071,1.0885,0.0698,0.3125,0.00527,0.13859,-0.02389,0.00,-3.00,0.00,44.1,124.74,634.91,258.39,SEARCH_Y
9.2172,1.0185,0.0398,0.4525,0.01327,0.14259,-0.02389,0.00,-3.00,0.00,44.1,124.71,634.91,258.39,SEARCH_Y
9.2274,1.0485,0.0698,0.4825,0.01927,0.14259,-0.02389,0.00,-3.00,0.00,44.1,124.68,634.91,258.39,SEARCH_Y
9.2375,0.6485,-0.1001,0.5225,-0.01572,0.13759,-0.02489,0.00,-3.00,0.00,44.1,124.64,634.91,258.39,SEARCH_Y
9.2476,0.9185,0.1998,0.0925,0.01827,0.15359,-0.02689,0.00,-3.00,0.00,44.1,124.62,634.91,258.39,SEARCH_Y
9.2577,1.1385,0.1298,0.4925,0.01827,0.15459,-0.02689,0.00,-3.00,0.00,44.1,124.58,634.91,258.39,SEARCH_Y
9.2679,0.9485,0.1798,0.3825,0.00827,0.14659,-0.02489,0.00,-3.00,0.00,44.1,124.56,634.91,258.39,SEARCH_Y
9.2780,1.1285,0.3798,0.0525,0.00627,0.13959,-0.01989,0.00,-3.00,0.00,44.1,124.52,634.91,258.39,SEARCH_Y
9.2881,0.8785,0.3198,0.1325,-0.00672,0.13859,-0.02289,0.00,-3.00,0.00,44.1,124.50,634.91,258.39,SEARCH_Y
9.2983,1.0285,0.1098,0.3025,0.00527,0.14459,-0.02789,0.00,-3.00,0.00,44.1,124.46,634.90,258.39,SEARCH_Y
9.3084,1.0485,0.1198,0.0825,0.00227,0.14259,-0.02389,0.00,-3.00,0.00,44.1,124.44,634.90,258.39,SEARCH_Y
9.3185,0.9185,0.4998,-0.2474,0.00627,0.13759,-0.02389,0.00,-3.00,0.00,44.1,124.40,634.90,258.39,SEARCH_Y
9.3286,1.0085,0.2498,0.0325,0.00027,0.13359,-0.02189,0.00,-3.00,0.00,44.1,124.38,634.90,258.39,SEARCH_Y
9.3387,0.8085,-0.1901,0.7025,0.01127,0.15359,-0.02789,0.00,-3.00,0.00,44.1,124.34,634.90,258.39,SEARCH_Y
9.3488,0.9485,0.1998,0.1525,0.00627,0.13759,-0.02189,0.00,-3.00,0.00,44.1,124.32,634.90,258.39,SEARCH_Y
9.3589,1.0085,0.1298,0.3125,0.00827,0.13159,-0.01889,0.00,-3.00,0.00,44.1,124.28,634.90,258.39,SEARCH_Y
9.3691,0.8985,-0.1101,0.5525,0.01427,0.14759,-0.02289,0.00,-3.00,0.00,44.1,124.26,634.90,258.39,SEARCH_Y
9.3791,0.9185,0.2398,0.1625,-0.00472,0.13059,-0.01789,0.00,-3.00,0.00,44.1,124.22,634.90,258.39,SEARCH_Y
9.3893,1.1985,0.0898,0.1325,0.00727,0.12459,-0.02289,0.00,-3.00,0.00,44.1,124.20,634.90,258.39,SEARCH_Y
9.3994,0.9485,0.0798,0.3025,0.00127,0.13659,-0.02489,0.00,-3.00,0.00,44.1,124.16,634.90,258.39,SEARCH_Y
9.4095,0.7585,0.1298,0.0725,-0.00772,0.13559,-0.02389,0.00,-3.00,0.00,44.1,124.12,634.89,258.39,SEARCH_Y
9.4196,1.0985,0.3698,-0.0474,0.00227,0.12759,-0.02189,0.00,-3.00,0.00,44.1,124.10,634.89,258.39,SEARCH_Y
9.4297,0.9985,0.1998,0.2225,0.01127,0.13759,-0.02289,0.00,-3.00,0.00,44.1,124.06,634.89,258.39,SEARCH_Y
9.4398,0.6785,0.4598,0.2825,0.00227,0.14559,-0.01989,0.00,-3.00,0.00,44.1,124.04,634.89,258.39,SEARCH_Y
9.4499,0.8585,0.3098,0.3425,0.00727,0.13459,-0.02089,0.00,-3.00,0.00,44.1,124.00,634.89,258.39,SEARCH_Y
9.4600,0.7185,0.3598,0.3625,-0.00872,0.12159,-0.01989,0.00,-3.00,0.00,44.1,123.98,634.89,258.39,SEARCH_Y
9.4702,0.8085,-0.2401,0.5825,-0.00072,0.13759,-0.02289,0.00,-3.00,0.00,44.1,123.94,634.89,258.39,SEARCH_Y
9.4803,0.9485,0.4298,0.2625,0.00627,0.12159,-0.01789,0.00,-3.00,0.00,44.1,123.92,634.89,258.39,SEARCH_Y
9.4904,0.7885,0.4598,0.1325,0.00627,0.12859,-0.01689,0.00,-3.00,0.00,44.1,123.88,634.89,258.39,SEARCH_Y
9.5005,1.0185,0.0898,0.2525,0.00827,0.12159,-0.02389,0.00,-3.00,0.00,44.1,123.86,634.89,258.39,SEARCH_Y
9.5106,0.7785,0.0698,0.3225,-0.01472,0.12959,-0.02089,0.00,-3.00,0.00,44.1,123.82,634.89,258.39,SEARCH_Y
9.5207,0.9585,0.1898,0.1725,0.00527,0.12659,-0.02289,0.00,-3.00,0.00,44.1,123.80,634.89,258.39,SEARCH_Y
9.5309,0.9785,-0.3501,0.5425,-0.00372,0.12659,-0.02489,0.00,-3.00,0.00,44.1,123.76,634.88,258.39,SEARCH_Y
9.5409,0.9285,-0.2501,0.3525,-0.00372,0.12159,-0.02089,0.00,-3.00,0.00,44.1,123.74,634.88,258.39,SEARCH_Y
9.5510,0.6685,-0.0301,0.4525,-0.00572,0.13859,-0.02089,0.00,-3.00,0.00,44.1,123.70,634.88,258.39,SEARCH_Y
9.5612,0.9985,0.2298,-0.1274,0.01527,0.11359,-0.01989,0.00,-3.00,0.00,44.1,123.68,634.88,258.39,SEARCH_Y
9.5713,0.9085,-0.0101,0.1625,0.01927,0.13259,-0.02289,0.00,-3.00,0.00,44.2,123.64,634.88,258.39,SEARCH_Y
9.5814,0.7485,0.5198,-0.1274,-0.00572,0.11959,-0.01689,0.00,-3.00,0.00,44.2,123.61,634.88,258.39,SEARCH_Y
9.5915,0.9385,-0.0401,0.0725,0.01027,0.11159,-0.01989,0.00,-3.00,0.00,44.2,123.58,634.88,258.39,SEARCH_Y
9.6017,0.7485,0.3798,0.1025,0.01627,0.12959,-0.01889,0.00,-3.00,0.00,44.2,123.55,634.88,258.39,SEARCH_Y
9.6118,0.9885,0.4898,-0.0274,0.01427,0.12159,-0.01489,0.00,-3.00,0.00,44.2,123.52,634.88,258.39,SEARCH_Y
9.6219,0.9085,0.2598,0.3625,0.01227,0.12659,-0.02089,0.00,-3.00,0.00,44.2,123.49,634.88,258.39,SEARCH_Y
9.6320,0.9285,0.5298,-0.3374,0.01427,0.11459,-0.01689,0.00,-3.00,0.00,44.2,123.46,634.88,258.39,SEARCH_Y
9.6422,0.7685,-0.0601,0.3425,-0.01372,0.12159,-0.02389,0.00,-3.00,0.00,44.2,123.43,634.87,258.39,SEARCH_Y
9.6523,0.8885,0.0998,0.2125,-0.00572,0.12059,-0.02189,0.00,-3.00,0.00,44.2,123.40,634.87,258.39,SEARCH_Y
9.6624,0.8085,0.6198,0.0825,-0.00972,0.11659,-0.01489,0.00,-3.00,0.00,44.2,123.37,634.87,258.39,SEARCH_Y
9.6726,0.8185,0.0498,0.2425,0.01427,0.12659,-0.01689,0.00,-3.00,0.00,44.2,123.34,634.87,258.39,SEARCH_Y
9.6827,0.9085,-0.1901,0.4025,0.01627,0.12659,-0.01889,0.00,-3.00,0.00,44.2,123.31,634.87,258.39,SEARCH_Y
9.6929,0.8785,0.1798,-0.0674,0.00227,0.11059,-0.01689,0.00,-3.00,0.00,44.2,123.28,634.87,258.39,SEARCH_Y
9.7030,0.8485,0.2898,-0.0674,0.01327,0.11659,-0.01889,0.00,-3.00,0.00,44.2,123.25,634.87,258.38,SEARCH_Y
9.7131,0.7185,0.2198,0.2925,-0.00272,0.12659,-0.01989,0.00,-3.00,0.00,44.2,123.22,634.87,258.38,SEARCH_Y
9.7232,0.7685,0.3298,0.1425,-0.00172,0.12059,-0.01789,0.00,-3.00,0.00,44.2,123.18,634.87,258.38,SEARCH_Y
9.7334,0.9585,-0.1301,0.2725,0.01327,0.11859,-0.01889,0.00,-3.00,0.00,44.2,123.15,634.87,258.38,SEARCH_Y
9.7435,0.8485,0.0998,0.2925,0.01127,0.12759,-0.02389,0.00,-3.00,0.00,44.2,123.12,634.87,258.38,SEARCH_Y
9.7536,0.7685,0.1998,0.0125,0.01327,0.11759,-0.01789,0.00,-3.00,0.00,44.2,123.09,634.86,258.38,SEARCH_Y
9.7637,0.8485,0.3998,0.1725,0.01027,0.12559,-0.01689,0.00,-3.00,0.00,44.2,123.06,634.86,258.38,SEARCH_Y
9.7738,1.1485,0.3798,-0.2874,0.01227,0.11059,-0.01689,0.00,-3.00,0.00,44.2,123.03,634.86,258.38,SEARCH_Y
9.7840,0.9385,0.0498,0.2925,-0.00172,0.11959,-0.02189,0.00,-3.00,0.00,44.2,123.00,634.86,258.38,SEARCH_Y
9.7941,0.9385,-0.0001,0.4825,-0.00072,0.11859,-0.01989,0.00,-3.00,0.00,44.2,122.97,634.86,258.38,SEARCH_Y
9.8042,0.7385,0.0198,0.2825,0.01227,0.13059,-0.01889,0.00,-3.00,0.00,44.2,122.94,634.86,258.38,SEARCH_Y
9.8143,0.7485,0.2698,0.3725,-0.00572,0.12159,-0.02189,0.00,-3.00,0.00,44.2,122.91,634.86,258.38,SEARCH_Y
9.8244,0.9185,0.2598,0.2425,0.01427,0.12459,-0.01489,0.00,-3.00,0.00,44.2,122.88,634.86,258.38,SEARCH_Y
9.8345,0.9085,0.4698,-0.0974,-0.01872,0.10759,-0.01789,0.00,-3.00,0.00,44.2,122.85,634.86,258.38,SEARCH_Y
9.8446,1.0385,0.0998,0.2025,0.01727,0.11359,-0.01889,0.00,-3.00,0.00,44.2,122.82,634.86,258.38,SEARCH_Y
9.8547,0.8085,0.0398,0.4625,-0.00772,0.12459,-0.01889,0.00,-3.00,0.00,44.2,122.79,634.86,258.38,SEARCH_Y
9.8648,0.8885,0.1298,0.0625,0.00427,0.11659,-0.01889,0.00,-3.00,0.00,44.2,122.76,634.86,258.38,SEARCH_Y
9.8749,0.7585,0.1798,0.2025,0.01427,0.12359,-0.01989,0.00,-3.00,0.00,44.2,122.73,634.85,258.38,SEARCH_Y
9.8850,0.9385,0.0998,0.4525,0.01327,0.11859,-0.02189,0.00,-3.00,0.00,44.2,122.70,634.85,258.38,SEARCH_Y
9.8952,0.7685,0.2998,0.1625,0.00327,0.11959,-0.01989,0.00,-3.00,0.00,44.2,122.67,634.85,258.38,SEARCH_Y
9.9053,0.6985,0.2698,-0.0774,-0.00872,0.10659,-0.01589,0.00,-3.00,0.00,44.2,122.64,634.85,258.38,SEARCH_Y
9.9154,1.0685,0.2298,0.0625,0.01027,0.11159,-0.02289,0.00,-3.00,0.00,44.2,122.61,634.85,258.38,SEARCH_Y
9.9255,0.5785,-0.0801,0.6425,-0.01072,0.12159,-0.01889,0.00,-3.00,0.00,44.2,122.57,634.85,258.38,SEARCH_Y
9.9356,0.9385,0.4298,0.2425,-0.00272,0.11159,-0.01789,0.00,-3.00,0.00,44.2,122.55,634.85,258.38,SEARCH_Y
9.9457,0.7885,-0.0401,0.5125,0.01027,0.13459,-0.02089,0.00,-3.00,0.00,44.2,122.51,634.85,258.38,SEARCH_Y
9.9558,0.7185,0.0198,0.5025,0.00827,0.12359,-0.01589,0.00,-3.00,0.00,44.2,122.49,634.85,258.38,SEARCH_Y
9.9660,0.7385,0.1698,0.1525,0.00027,0.11959,-0.01589,0.00,-3.00,0.00,44.2,122.45,634.85,258.38,SEARCH_Y
9.9761,0.9685,0.0598,0.0225,0.01227,0.11359,-0.02089,0.00,-3.00,0.00,44.2,122.43,634.85,258.38,SEARCH_Y
9.9862,0.8985,-0.1001,0.4425,0.00527,0.12259,-0.02489,0.00,-3.00,0.00,44.2,122.39,634.84,258.38,SEARCH_Y
9.9964,0.7785,-0.0701,0.4625,0.00627,0.12759,-0.01889,0.00,-3.00,0.00,44.2,122.37,634.84,258.38,SEARCH_Y
10.0065,1.0585,-0.0101,0.1925,0.01427,0.11559,-0.02289,0.00,-3.00,0.00,44.2,122.33,634.84,258.38,SEARCH_Y
10.0166,0.8685,0.1198,0.1725,0.01127,0.12359,-0.02089,0.00,-3.00,0.00,44.2,122.31,634.84,258.38,SEARCH_Y
10.0267,0.8085,-0.0401,0.5225,0.00727,0.11959,-0.02189,0.00,-3.00,0.00,44.2,122.27,634.84,258.38,SEARCH_Y
10.0368,1.0285,0.2598,0.4525,0.01927,0.12359,-0.01689,0.00,-3.00,0.00,44.2,122.25,634.84,258.38,SEARCH_Y
10.0469,0.8085,-0.0001,0.3025,0.00627,0.13259,-0.02089,0.00,-3.00,0.00,44.2,122.21,634.84,258.38,SEARCH_Y
10.0570,0.8485,-0.0001,0.3525,0.00427,0.12259,-0.02089,0.00,-3.00,0.00,44.2,122.19,634.84,258.38,SEARCH_Y
10.0671,0.8585,0.0298,0.1825,0.01527,0.12159,-0.01689,0.00,-3.00,0.00,44.2,122.15,634.84,258.38,SEARCH_Y
10.0773,0.7185,0.4098,0.2125,-0.01272,0.11259,-0.02089,0.00,-3.00,0.00,44.2,122.13,634.84,258.38,SEARCH_Y
10.0874,0.8085,0.4298,0.0825,0.00027,0.11559,-0.01689,0.00,-3.00,0.00,44.3,122.09,634.84,258.38,SEARCH_Y
10.0975,1.1285,-0.1801,0.2325,0.02627,0.11559,-0.02289,0.00,-3.00,0.00,44.3,122.05,634.84,258.38,SEARCH_Y
10.1076,0.8885,0.1698,0.2725,0.00027,0.11159,-0.01989,0.00,-3.00,0.00,44.3,122.03,634.83,258.38,SEARCH_Y
10.1177,0.6385,0.4698,-0.0774,0.00227,0.11859,-0.01789,0.00,-3.00,0.00,44.3,121.99,634.83,258.38,SEARCH_Y
10.1278,0.8985,0.4298,-0.0574,-0.00372,0.09959,-0.01889,0.00,-3.00,0.00,44.3,121.97,634.83,258.38,SEARCH_Y
10.1380,0.9485,0.4098,-0.0074,0.00227,0.11459,-0.01789,0.00,-3.00,0.00,44.3,121.93,634.83,258.38,SEARCH_Y
10.1481,0.7985,0.0198,0.1025,-0.00372,0.10759,-0.01989,0.00,-3.00,0.00,44.3,121.91,634.83,258.38,SEARCH_Y
10.1582,0.7985,0.0298,0.2525,0.01427,0.12459,-0.02189,0.00,-3.00,0.00,44.3,121.87,634.83,258.38,SEARCH_Y
10.1683,0.7885,0.2898,0.0925,0.00327,0.11959,-0.01689,0.00,-3.00,0.00,44.3,121.85,634.83,258.38,SEARCH_Y
10.1784,0.7585,0.3298,0.3925,0.00427,0.12959,-0.01589,0.00,-3.00,0.00,44.3,121.81,634.83,258.38,SEARCH_Y
10.1885,0.9585,-0.0801,0.2425,0.02127,0.12759,-0.02089,0.00,-3.00,0.00,44.3,121.79,634.83,258.38,SEARCH_Y
10.1986,0.9385,0.3898,-0.1574,0.00427,0.10859,-0.01689,0.00,-3.00,0.00,44.3,121.75,634.83,258.38,SEARCH_Y
10.2087,0.6485,0.1198,0.4025,-0.00372,0.11959,-0.01989,0.00,-3.00,0.00,44.3,121.73,634.83,258.38,SEARCH_Y
10.2189,0.8285,0.1398,0.2125,0.00827,0.12359,-0.01989,0.00,-3.00,0.00,44.3,121.69,634.82,258.38,SEARCH_Y
10.2290,0.8785,-0.0801,0.4625,0.01627,0.13159,-0.02389,0.00,-3.00,0.00,44.3,121.67,634.82,258.38,SEARCH_Y
10.2391,0.6685,-0.1101,0.1925,0.00727,0.12259,-0.02089,0.00,-3.00,0.00,44.3,121.63,634.82,258.38,SEARCH_Y
10.2492,0.7985,0.2298,0.0325,0.00427,0.11459,-0.01889,0.00,-3.00,0.00,44.3,121.61,634.82,258.38,SEARCH_Y
10.2593,0.8985,0.1198,0.3625,0.01327,0.11959,-0.01689,0.00,-3.00,0.00,44.3,121.57,634.82,258.38,SEARCH_Y
10.2694,0.9685,0.0698,0.1025,0.01327,0.11059,-0.01889,0.00,-3.00,0.00,44.3,121.55,634.82,258.38,SEARCH_Y
10.2795,0.7185,-0.1601,0.2025,-0.00272,0.12259,-0.02289,0.00,-3.00,0.00,44.3,121.51,634.82,258.38,SEARCH_Y
10.2896,0.7885,0.4698,-0.2574,-0.00172,0.10859,-0.01489,0.00,-3.00,0.00,44.3,121.47,634.82,258.38,SEARCH_Y
10.2998,0.5585,0.2398,0.0625,-0.00072,0.12659,-0.01989,0.00,-3.00,0.00,44.3,121.45,634.82,258.38,SEARCH_Y
10.3099,0.7285,0.4298,-0.0274,0.00127,0.11859,-0.01689,0.00,-3.00,0.00,44.3,121.41,634.82,258.38,SEARCH_Y
10.3200,0.8785,0.2298,0.0525,0.01927,0.11959,-0.02089,0.00,-3.00,0.00,44.3,121.39,634.82,258.38,SEARCH_Y
10.3301,0.9185,-0.0001,0.2525,0.01327,0.11759,-0.01689,0.00,-3.00,0.00,44.3,121.35,634.82,258.38,SEARCH_Y
10.3403,0.9585,-0.1201,0.2925,0.02727,0.12959,-0.01989,0.00,-3.00,0.00,44.3,121.33,634.81,258.38,SEARCH_Y
10.3504,0.5585,0.0498,0.4925,-0.01072,0.11759,-0.02189,0.00,-3.00,0.00,44.3,121.29,634.81,258.38,SEARCH_Y
10.3605,0.8885,-0.0401,0.1025,0.02527,0.12059,-0.01989,0.00,-3.00,0.00,44.3,121.27,634.81,258.38,SEARCH_Y
10.3707,1.0185,-0.2001,0.4525,0.00627,0.10859,-0.01889,0.00,-3.00,0.00,44.3,121.23,634.81,258.38,SEARCH_Y
10.3808,0.8785,0.1098,-0.1074,-0.00172,0.10559,-0.01989,0.00,-3.00,0.00,44.3,121.21,634.81,258.37,SEARCH_Y
10.3909,0.9585,0.3198,0.2125,0.01427,0.11359,-0.01689,0.00,-3.00,0.00,44.3,121.17,634.81,258.37,SEARCH_Y
10.4010,0.8285,0.2798,0.2625,0.00727,0.12259,-0.02089,0.00,-3.00,0.00,44.3,121.15,634.81,258.37,SEARCH_Y
10.4111,0.8185,0.5398,-0.1474,0.00027,0.10959,-0.01789,0.00,-3.00,0.00,44.3,121.11,634.81,258.37,SEARCH_Y
10.4212,0.6585,0.1598,0.4625,-0.01772,0.11459,-0.01789,0.00,-3.00,0.00,44.3,121.09,634.81,258.37,SEARCH_Y
10.4313,0.8785,0.0498,0.6525,0.00727,0.12659,-0.02089,0.00,-3.00,0.00,44.3,121.05,634.81,258.37,SEARCH_Y
10.4415,0.8485,0.1698,0.0125,-0.00372,0.11059,-0.01689,0.00,-3.00,0.00,44.4,121.02,634.81,258.37,SEARCH_Y
10.4516,0.9285,0.2098,0.2925,0.00627,0.11159,-0.01789,0.00,-3.00,0.00,44.4,120.99,634.80,258.37,SEARCH_Y
10.4617,0.7985,0.0898,0.4525,-0.00072,0.12059,-0.02289,0.00,-3.00,0.00,44.4,120.96,634.80,258.37,SEARCH_Y
10.4718,0.8285,0.1898,0.1325,0.01627,0.11959,-0.01889,0.00,-3.00,0.00,44.4,120.93,634.80,258.37,SEARCH_Y
10.4819,0.6385,-0.0401,0.2525,-0.01072,0.11259,-0.01689,0.00,-3.00,0.00,44.4,120.90,634.80,258.37,SEARCH_Y
10.4920,0.9085,0.0798,0.3025,0.01427,0.12459,-0.01889,0.00,-3.00,0.00,44.4,120.87,634.80,258.37,SEARCH_Y
10.5022,0.5285,-0.0701,0.3925,-0.01072,0.12059,-0.01989,0.00,-3.00,0.00,44.4,120.84,634.80,258.37,SEARCH_Y
10.5123,0.9785,0.0098,0.1525,0.00027,0.10559,-0.01989,0.00,-3.00,0.00,44.4,120.81,634.80,258.37,SEARCH_Y
10.5224,0.7285,-0.1501,0.5125,-0.00072,0.12059,-0.02189,0.00,-3.00,0.00,44.4,120.78,634.80,258.37,SEARCH_Y
10.5325,0.8985,0.0398,0.4125,0.00027,0.11459,-0.01789,0.00,-3.00,0.00,44.4,120.75,634.80,258.37,SEARCH_Y
10.5426,0.7685,0.1398,0.3525,-0.00372,0.11659,-0.02089,0.00,-3.00,0.00,44.4,120.72,634.80,258.37,SEARCH_Y
10.5527,1.0185,0.0098,0.3025,0.00627,0.11659,-0.02089,0.00,-3.00,0.00,44.4,120.69,634.80,258.37,SEARCH_Y
10.5628,0.9485,-0.0101,0.1925,0.00527,0.11259,-0.02189,0.00,-3.00,0.00,44.4,120.66,634.80,258.37,SEARCH_Y
10.5730,0.7385,0.0898,0.2825,-0.01072,0.11059,-0.01689,0.00,-3.00,0.00,44.4,120.63,634.79,258.37,SEARCH_Y
10.5831,0.8685,0.3298,0.3025,0.01527,0.12959,-0.01989,0.00,-3.00,0.00,44.4,120.60,634.79,258.37,SEARCH_Y
10.5932,0.6585,0.1898,-0.0974,0.00827,0.11959,-0.01789,0.00,-3.00,0.00,44.4,120.57,634.79,258.37,SEARCH_Y
10.6033,0.7985,-0.0001,0.4225,0.01027,0.12259,-0.01689,0.00,-3.00,0.00,44.4,120.54,634.79,258.37,SEARCH_Y
10.6134,0.7585,0.0198,0.3725,-0.00272,0.11359,-0.01889,0.00,-3.00,0.00,44.4,120.50,634.79,258.37,SEARCH_Y
10.6235,0.8385,0.0698,0.5425,0.01327,0.11859,-0.01989,0.00,-3.00,0.00,44.4,120.48,634.79,258.37,SEARCH_Y
10.6337,0.5785,-0.0601,0.5125,-0.00572,0.12759,-0.02289,0.00,-3.00,0.00,44.4,120.44,634.79,258.37,SEARCH_Y
10.6438,0.7185,0.2498,0.2025,0.00327,0.11959,-0.01589,0.00,-3.00,0.00,44.4,120.42,634.79,258.37,SEARCH_Y
10.6539,0.7885,-0.2301,0.6525,-0.01472,0.11259,-0.02489,0.00,-3.00,0.00,44.4,120.38,634.79,258.37,SEARCH_Y
10.6640,1.0085,-0.0401,0.1925,0.01327,0.11059,-0.01989,0.00,-3.00,0.00,44.4,120.36,634.79,258.37,SEARCH_Y
10.6741,0.6685,-0.0101,0.1125,-0.00672,0.11759,-0.01889,0.00,-3.00,0.00,44.4,120.32,634.79,258.37,SEARCH_Y
10.6842,0.8485,0.3998,-0.2674,0.00927,0.10959,-0.01489,0.00,-3.00,0.00,44.4,120.30,634.78,258.37,SEARCH_Y
10.6943,0.8485,0.0198,0.2325,-0.00072,0.10759,-0.01689,0.00,-3.00,0.00,44.4,120.26,634.78,258.37,SEARCH_Y
10.7044,0.9285,0.0598,0.0625,0.01127,0.10959,-0.01789,0.00,-3.00,0.00,44.4,120.23,634.78,258.37,SEARCH_Y
10.7145,0.7685,-0.0401,0.5425,-0.00272,0.12059,-0.02289,0.00,-3.00,0.00,44.4,120.20,634.78,258.37,SEARCH_Y
10.7247,0.8385,0.0498,0.1625,0.00327,0.11059,-0.01689,0.00,-3.00,0.00,44.4,120.17,634.78,258.37,SEARCH_Y
10.7348,0.6185,0.0798,0.4125,0.00127,0.12159,-0.01989,0.00,-3.00,0.00,44.5,120.14,634.78,258.37,SEARCH_Y
10.7449,0.6785,0.3198,-0.1074,0.01027,0.11559,-0.01789,0.00,-3.00,0.00,44.5,120.11,634.78,258.37,SEARCH_Y
10.7550,0.9485,0.2298,0.1125,0.01127,0.11859,-0.01989,0.00,-3.00,0.00,44.5,120.08,634.78,258.37,SEARCH_Y
10.7651,0.6485,0.4998,0.3425,0.00227,0.11859,-0.01689,0.00,-3.00,0.00,44.5,120.05,634.78,258.37,SEARCH_Y
10.7752,0.8285,0.4998,-0.1374,-0.00072,0.10359,-0.01589,0.00,-3.00,0.00,44.5,120.02,634.78,258.37,SEARCH_Y
10.7854,0.8185,0.1798,0.4425,0.01827,0.12659,-0.01889,0.00,-3.00,0.00,44.5,119.98,634.78,258.37,SEARCH_Y
10.7955,0.4485,0.1898,0.1525,-0.02272,0.11759,-0.01589,0.00,-3.00,0.00,44.5,119.96,634.78,258.37,SEARCH_Y
10.8056,0.8485,0.4098,-0.0074,0.00427,0.10959,-0.01589,0.00,-3.00,0.00,44.5,119.92,634.77,258.37,SEARCH_Y
10.8157,0.8985,0.1798,0.0125,0.01327,0.11059,-0.01589,0.00,-3.00,0.00,44.5,119.90,634.77,258.37,SEARCH_Y
10.8258,0.8585,0.2698,0.0325,-0.00372,0.10559,-0.01989,0.00,-3.00,0.00,44.5,119.86,634.77,258.37,SEARCH_Y
10.8359,0.7785,-0.0301,0.1825,0.01227,0.11859,-0.01689,0.00,-3.00,0.00,44.5,119.84,634.77,258.37,SEARCH_Y
10.8460,0.6485,0.0598,0.4625,0.00127,0.11659,-0.01889,0.00,-3.00,0.00,44.5,119.80,634.77,258.37,SEARCH_Y
10.8561,0.7785,0.4398,0.1125,0.01027,0.11159,-0.01689,0.00,-3.00,0.00,44.5,119.78,634.77,258.37,SEARCH_Y
10.8663,0.9385,0.3398,0.1325,0.01027,0.11159,-0.01589,0.00,-3.00,0.00,44.5,119.74,634.77,258.37,SEARCH_Y
10.8764,0.7585,-0.0001,0.2025,0.01427,0.12359,-0.02089,0.00,-3.00,0.00,44.5,119.72,634.77,258.37,SEARCH_Y
10.8865,0.8985,0.0198,0.1525,0.00927,0.10659,-0.01989,0.00,-3.00,0.00,44.5,119.68,634.77,258.37,SEARCH_Y
10.8966,0.5185,0.3098,0.4225,-0.00372,0.11959,-0.01489,0.00,-3.00,0.00,44.5,119.66,634.77,258.37,SEARCH_Y
10.9067,0.9185,0.2698,0.1925,0.02227,0.11559,-0.01689,0.00,-3.00,0.00,44.5,119.62,634.77,258.37,SEARCH_Y
10.9168,0.7985,0.1698,0.2025,0.00127,0.10859,-0.01789,0.00,-3.00,0.00,44.5,119.60,634.76,258.37,SEARCH_Y
10.9269,0.8185,0.2898,0.0625,0.00927,0.10759,-0.01789,0.00,-3.00,0.00,44.5,119.56,634.76,258.37,SEARCH_Y
10.9370,0.7785,0.0298,0.5225,0.00727,0.12259,-0.01889,0.00,-3.00,0.00,44.5,119.54,634.76,258.37,SEARCH_Y
10.9472,0.7785,0.0398,0.5325,0.00727,0.12259,-0.01989,0.00,-3.00,0.00,44.5,119.50,634.76,258.37,SEARCH_Y
10.9573,0.5985,0.1298,-0.1374,-0.01372,0.09659,-0.01889,0.00,-3.00,0.00,44.5,119.48,634.76,258.37,SEARCH_Y
10.9674,0.9285,0.1398,0.2625,0.01027,0.10659,-0.02089,0.00,-3.00,0.00,44.5,119.44,634.76,258.37,SEARCH_Y
10.9775,0.8485,0.2198,0.4525,0.01927,0.12559,-0.01889,0.00,-3.00,0.00,44.6,119.40,634.76,258.37,SEARCH_Y
10.9876,0.7285,0.3298,0.2025,0.01127,0.11759,-0.01489,0.00,-3.00,0.00,44.6,119.38,634.76,258.37,SEARCH_Y
10.9978,0.7485,0.0898,0.1225,-0.01072,0.09759,-0.01889,0.00,-3.00,0.00,44.6,119.34,634.76,258.37,SEARCH_Y
11.0079,0.8285,0.1798,0.1325,0.00827,0.11659,-0.01889,0.00,-3.00,0.00,44.6,119.32,634.76,258.37,SEARCH_Y
11.0180,0.5585,0.2498,0.2325,-0.00672,0.11359,-0.01389,0.00,-3.00,0.00,44.6,119.28,634.76,258.37,SEARCH_Y
11.0281,0.6485,-0.1201,0.4025,0.00727,0.12059,-0.01789,0.00,-3.00,0.00,44.6,119.26,634.76,258.37,SEARCH_Y
11.0382,0.7785,0.1298,0.1525,0.00727,0.11359,-0.01889,0.00,-3.00,0.00,44.6,119.22,634.75,258.37,SEARCH_Y
11.0483,0.6185,0.0598,0.4725,-0.01072,0.11659,-0.01789,0.00,-3.00,0.00,44.6,119.20,634.75,258.37,SEARCH_Y
11.0584,0.8585,0.1998,0.2625,0.01427,0.11559,-0.01589,0.00,-3.00,0.00,44.6,119.16,634.75,258.36,SEARCH_Y
11.0685,0.8185,0.2498,0.3225,0.01527,0.11859,-0.01889,0.00,-3.00,0.00,44.6,119.14,634.75,258.36,SEARCH_Y
11.0786,0.7985,0.0798,0.1225,0.00827,0.11059,-0.01589,0.00,-3.00,0.00,44.6,119.10,634.75,258.36,SEARCH_Y
11.0887,0.6285,0.3098,0.5225,0.00427,0.11459,-0.01489,0.00,-3.00,0.00,44.6,119.08,634.75,258.36,SEARCH_Y
11.0989,0.8185,0.4498,0.2325,0.02427,0.11959,-0.01289,0.00,-3.00,0.00,44.6,119.04,634.75,258.36,SEARCH_Y
11.1090,0.6985,0.4298,0.1125,-0.00272,0.11259,-0.01489,0.00,-3.00,0.00,44.6,119.02,634.75,258.36,SEARCH_Y
11.1191,0.6685,0.1398,0.0525,0.00627,0.11559,-0.01489,0.00,-3.00,0.00,44.6,118.98,634.75,258.36,SEARCH_Y
11.1292,0.5685,0.0498,0.2725,-0.00572,0.11659,-0.01689,0.00,-3.00,0.00,44.6,118.96,634.75,258.36,SEARCH_Y
11.1393,0.6785,0.3598,0.2425,0.00327,0.11159,-0.01789,0.00,-3.00,0.00,44.6,118.92,634.75,258.36,SEARCH_Y
11.1494,0.4385,0.2398,-0.0674,-0.00172,0.11759,-0.01289,0.00,-3.00,0.00,44.6,118.89,634.74,258.36,SEARCH_Y
11.1595,0.8385,0.0798,0.2225,0.00727,0.11459,-0.01789,0.00,-3.00,0.00,44.6,118.86,634.74,258.36,SEARCH_Y
11.1696,0.8585,-0.1201,0.1025,-0.00272,0.09759,-0.01889,0.00,-3.00,0.00,44.6,118.83,634.74,258.36,SEARCH_Y
11.1797,0.7685,0.2998,-0.1974,0.00927,0.10759,-0.01289,0.00,-3.00,0.00,44.6,118.80,634.74,258.36,SEARCH_Y
11.1898,0.8885,0.0398,0.2025,0.02527,0.12059,-0.01589,0.00,-3.00,0.00,44.6,118.77,634.74,258.36,SEARCH_Y
11.2000,0.6885,0.1898,0.2025,0.01127,0.10559,-0.01189,0.00,-3.00,0.00,44.7,118.74,634.74,258.36,SEARCH_Y
11.2101,0.8585,0.0798,0.1725,0.02127,0.11159,-0.01889,0.00,-3.00,0.00,44.7,118.71,634.74,258.36,SEARCH_Y
11.2202,0.8985,0.2898,0.1725,0.01727,0.11359,-0.02089,0.00,-3.00,0.00,44.7,118.68,634.74,258.36,SEARCH_Y
11.2303,0.7285,0.0198,0.2825,0.00427,0.11059,-0.01989,0.00,-3.00,0.00,44.7,118.65,634.74,258.36,SEARCH_Y
11.2404,0.8885,-0.0901,0.0825,0.02027,0.11459,-0.01689,0.00,-3.00,0.00,44.7,118.62,634.74,258.36,SEARCH_Y
11.2505,0.8885,0.2798,0.2425,0.02127,0.10959,-0.01589,0.00,-3.00,0.00,44.7,118.59,634.74,258.36,SEARCH_Y
11.2607,0.9785,0.1798,0.1225,0.02527,0.10759,-0.01589,0.00,-3.00,0.00,44.7,118.56,634.73,258.36,SEARCH_Y
11.2708,0.8085,0.4198,0.0525,-0.00072,0.10459,-0.01589,0.00,-3.00,0.00,44.7,118.53,634.73,258.36,SEARCH_Y
11.2809,1.0785,0.0798,0.3025,0.00927,0.10459,-0.01989,0.00,-3.00,0.00,44.7,118.50,634.73,258.36,SEARCH_Y
11.2910,0.8085,0.0398,0.4025,0.02727,0.11759,-0.01689,0.00,-3.00,0.00,44.7,118.46,634.73,258.36,SEARCH_Y
11.3011,0.8285,0.0598,0.4625,0.00427,0.10559,-0.01389,0.00,-3.00,0.00,44.7,118.44,634.73,258.36,SEARCH_Y
11.3112,0.7185,0.1998,-0.0174,0.00227,0.11059,-0.01789,0.00,-3.00,0.00,44.7,118.40,634.73,258.36,SEARCH_Y
11.3214,0.5985,0.2698,0.3625,0.00327,0.11559,-0.01789,0.00,-3.00,0.00,44.7,118.37,634.73,258.36,SEARCH_Y
11.3315,0.8285,0.4498,0.2925,0.00427,0.11359,-0.01489,0.00,-3.00,0.00,44.7,118.34,634.73,258.36,SEARCH_Y
11.3416,0.7885,-0.0001,0.2625,0.00227,0.09359,-0.01489,0.00,-3.00,0.00,44.7,118.31,634.73,258.36,SEARCH_Y
11.3517,0.7185,0.4098,0.0225,-0.01672,0.09159,-0.01389,0.00,-3.00,0.00,44.7,118.28,634.73,258.36,SEARCH_Y
11.3618,0.9785,0.2598,0.2225,0.01227,0.10159,-0.01489,0.00,-3.00,0.00,44.7,118.25,634.73,258.36,SEARCH_Y
11.3719,0.7685,0.6198,-0.1474,-0.01272,0.09459,-0.01389,0.00,-3.00,0.00,44.7,118.22,634.73,258.36,SEARCH_Y
11.3820,0.9885,-0.0801,0.3425,0.01227,0.10259,-0.01989,0.00,-3.00,0.00,44.7,118.19,634.72,258.36,SEARCH_Y
11.3922,0.7285,0.2398,0.4225,-0.00172,0.10759,-0.01489,0.00,-3.00,0.00,44.7,118.16,634.72,258.36,SEARCH_Y
11.4023,0.7685,-0.2801,0.4625,0.01227,0.11659,-0.02189,0.00,-3.00,0.00,44.8,118.13,634.72,258.36,SEARCH_Y
11.4124,0.6785,0.2698,0.1125,-0.01272,0.10259,-0.01589,0.00,-3.00,0.00,44.8,118.10,634.72,258.36,SEARCH_Y
11.4225,0.7285,0.4298,0.0325,-0.00072,0.10359,-0.01289,0.00,-3.00,0.00,44.8,118.07,634.72,258.36,SEARCH_Y
11.4327,0.8385,0.0298,0.2325,0.00427,0.10459,-0.01689,0.00,-3.00,0.00,44.8,118.04,634.72,258.36,SEARCH_Y
11.4428,0.9385,-0.2601,0.4225,0.02127,0.11659,-0.01989,0.00,-3.00,0.00,44.8,118.01,634.72,258.36,SEARCH_Y
11.4529,0.7085,0.0798,0.3825,0.00327,0.10959,-0.01489,0.00,-3.00,0.00,44.8,117.98,634.72,258.36,SEARCH_Y
11.4630,0.7985,0.1798,0.0625,0.01227,0.10559,-0.01789,0.00,-3.00,0.00,44.8,117.95,634.72,258.36,SEARCH_Y
11.4731,0.6785,0.1498,0.4125,0.00927,0.11359,-0.01589,0.00,-3.00,0.00,44.8,117.92,634.72,258.36,SEARCH_Y
11.4832,0.6885,0.1598,-0.1274,0.01627,0.10859,-0.01489,0.00,-3.00,0.00,44.8,117.89,634.72,258.36,SEARCH_Y
11.4933,0.8885,0.3498,-0.1474,0.00227,0.09959,-0.01689,0.00,-3.00,0.00,44.8,117.86,634.71,258.36,SEARCH_Y
11.5034,0.7685,-0.0701,0.1225,0.01327,0.10559,-0.01789,0.00,-3.00,0.00,44.8,117.83,634.71,258.36,SEARCH_Y
11.5136,0.9685,0.4798,-0.1574,0.00827,0.09459,-0.01489,0.00,-3.00,0.00,44.8,117.79,634.71,258.36,SEARCH_Y
11.5236,0.7985,-0.1901,0.4725,0.00527,0.10459,-0.01589,0.00,-3.00,0.00,44.8,117.77,634.71,258.36,SEARCH_Y
11.5338,0.7285,-0.1601,0.4025,0.00227,0.11159,-0.01989,0.00,-3.00,0.00,44.8,117.73,634.71,258.36,SEARCH_Y
11.5439,0.7785,0.3098,0.1825,0.01027,0.10559,-0.01589,0.00,-3.00,0.00,44.8,117.71,634.71,258.36,SEARCH_Y
11.5540,0.7585,-0.0501,0.3925,0.00727,0.11259,-0.01889,0.00,-3.00,0.00,44.8,117.67,634.71,258.36,SEARCH_Y
11.5641,0.7485,-0.1401,0.4525,0.03027,0.12959,-0.01589,0.00,-3.00,0.00,44.8,117.65,634.71,258.36,SEARCH_Y
11.5742,0.6985,0.2898,0.1425,0.00227,0.10059,-0.01689,0.00,-3.00,0.00,44.8,117.61,634.71,258.36,SEARCH_Y
11.5843,0.8285,0.2498,-0.1074,0.01327,0.11059,-0.01689,0.00,-3.00,0.00,44.8,117.59,634.71,258.36,SEARCH_Y
11.5945,0.6885,0.1998,0.1025,-0.00672,0.10059,-0.01489,0.00,-3.00,0.00,44.9,117.55,634.71,258.36,SEARCH_Y
11.6046,0.8585,0.0598,-0.0674,0.00127,0.09659,-0.02089,0.00,-3.00,0.00,44.9,117.53,634.71,258.36,SEARCH_Y
11.6147,0.7285,0.1998,0.2025,0.00027,0.10159,-0.01489,0.00,-3.00,0.00,44.9,117.49,634.70,258.36,SEARCH_Y
11.6248,0.7185,0.3498,-0.0374,-0.01172,0.09459,-0.01389,0.00,-3.00,0.00,44.9,117.47,634.70,258.36,SEARCH_Y
11.6349,0.5385,0.0898,0.3525,-0.01772,0.10159,-0.01689,0.00,-3.00,0.00,44.9,117.43,634.70,258.36,SEARCH_Y
11.6450,1.0085,-0.1201,0.3925,0.01427,0.10759,-0.01689,0.00,-3.00,0.00,44.9,117.41,634.70,258.36,SEARCH_Y
11.6551,0.6585,0.2998,-0.1074,0.00427,0.10559,-0.01389,0.00,-3.00,0.00,44.9,117.37,634.70,258.36,SEARCH_Y
11.6653,0.8285,0.1398,0.2025,-0.00072,0.09459,-0.01489,0.00,-3.00,0.00,44.9,117.33,634.70,258.36,SEARCH_Y
11.6754,0.6185,0.3498,0.2825,-0.00072,0.10759,-0.01789,0.00,-3.00,0.00,44.9,117.31,634.70,258.36,SEARCH_Y
11.6855,0.7785,-0.0401,0.3725,0.00727,0.10959,-0.01789,0.00,-3.00,0.00,44.9,117.27,634.70,258.36,SEARCH_Y
11.6956,0.8985,-0.0001,0.1925,-0.00372,0.09359,-0.01789,0.00,-3.00,0.00,44.9,117.25,634.70,258.36,SEARCH_Y
11.7057,0.7385,0.2898,0.5625,0.00027,0.10959,-0.01589,0.00,-3.00,0.00,44.9,117.21,634.70,258.36,SEARCH_Y
11.7158,0.6585,0.0898,0.1425,0.01127,0.10559,-0.01689,0.00,-3.00,0.00,44.9,117.19,634.70,258.36,SEARCH_Y
11.7259,0.7985,-0.0501,0.1325,0.01127,0.10959,-0.01689,0.00,-3.00,0.00,44.9,117.15,634.69,258.36,SEARCH_Y
11.7610,0.8685,-0.2101,0.5025,0.02327,0.12459,-0.01789,0.00,-3.00,0.00,44.9,117.06,634.69,258.35,SEARCH_Y
11.7711,1.0185,0.1498,0.3925,0.02327,0.11159,-0.02289,0.00,-3.00,0.00,45.0,117.02,634.69,258.35,SEARCH_Y
11.7812,0.8185,0.0598,0.4125,-0.00372,0.10459,-0.01989,0.00,-3.00,0.00,45.0,116.98,634.69,258.35,SEARCH_Y
11.7913,0.7985,0.3498,0.0425,0.00427,0.09659,-0.01289,0.00,-3.00,0.00,45.0,116.96,634.69,258.35,SEARCH_Y
11.8014,0.7985,0.0998,0.2525,0.01627,0.11259,-0.01989,0.00,-3.00,0.00,45.0,116.92,634.69,258.35,SEARCH_Y
11.8115,0.8085,0.2498,0.0325,0.01827,0.10959,-0.01889,0.00,-3.00,0.00,45.0,116.90,634.69,258.35,SEARCH_Y
11.8217,0.8785,0.1198,0.4425,0.02027,0.11459,-0.01689,0.00,-3.00,0.00,45.0,116.86,634.69,258.35,SEARCH_Y
11.8318,0.6885,0.0598,0.3525,0.00327,0.11559,-0.01589,0.00,-3.00,0.00,45.0,116.84,634.69,258.35,SEARCH_Y
11.8419,0.5585,0.2898,-0.0974,-0.00872,0.08959,-0.01589,0.00,-3.00,0.00,45.0,116.80,634.68,258.35,SEARCH_Y
11.8520,0.7285,0.1398,0.3225,-0.00072,0.09659,-0.01489,0.00,-3.00,0.00,45.0,116.78,634.68,258.35,SEARCH_Y
11.8622,0.7285,0.3498,0.1025,-0.00072,0.10559,-0.01589,0.00,-3.00,0.00,45.0,116.74,634.68,258.35,SEARCH_Y
11.8723,0.8585,0.0898,0.4825,0.00927,0.09759,-0.01789,0.00,-3.00,0.00,45.0,116.72,634.68,258.35,SEARCH_Y
11.8824,0.7185,-0.0601,0.0725,-0.00172,0.08759,-0.01789,0.00,-3.00,0.00,45.0,116.68,634.68,258.35,SEARCH_Y
11.8925,0.6285,0.2398,0.1325,-0.00272,0.10059,-0.01489,0.00,-3.00,0.00,45.0,116.66,634.68,258.35,SEARCH_Y
11.9026,0.6485,0.0398,0.3425,-0.01172,0.10359,-0.01889,0.00,-3.00,0.00,45.0,116.62,634.68,258.35,SEARCH_Y
11.9127,0.8285,-0.0001,0.1725,0.01927,0.11059,-0.01889,0.00,-3.00,0.00,45.0,116.60,634.68,258.35,SEARCH_Y
11.9229,0.6385,0.2898,-0.0974,0.00427,0.09759,-0.01689,0.00,-3.00,0.00,45.0,116.56,634.68,258.35,SEARCH_Y
11.9330,0.6285,-0.1301,0.4025,-0.01072,0.10659,-0.01689,0.00,-3.00,0.00,45.0,116.54,634.68,258.35,SEARCH_Y
11.9431,0.7185,0.3098,0.1625,0.00727,0.11659,-0.01689,0.00,-3.00,0.00,45.1,116.50,634.68,258.35,SEARCH_Y
11.9532,0.6885,0.1398,0.3225,0.00827,0.10959,-0.01389,0.00,-3.00,0.00,45.1,116.48,634.67,258.35,SEARCH_Y
11.9633,0.5785,-0.0001,0.4625,0.00327,0.11059,-0.01789,0.00,-3.00,0.00,45.1,116.44,634.67,258.35,SEARCH_Y
11.9734,0.6285,0.1098,0.4225,0.00427,0.10159,-0.01489,0.00,-3.00,0.00,45.1,116.41,634.67,258.35,SEARCH_Y
11.9836,0.7185,0.2698,0.0525,-0.00872,0.09359,-0.01489,0.00,-3.00,0.00,45.1,116.38,634.67,258.35,SEARCH_Y
11.9938,0.7485,0.1698,0.2425,0.00427,0.10159,-0.01489,0.00,-3.00,0.00,45.1,116.35,634.67,258.35,SEARCH_Y
12.0039,0.6885,0.3998,0.2525,-0.01772,0.09859,-0.01989,0.00,-3.00,0.00,45.1,116.32,634.67,258.35,SEARCH_Y
12.0140,0.6885,0.1798,0.3825,-0.01872,0.09959,-0.01589,0.00,-3.00,0.00,45.1,116.29,634.67,258.35,SEARCH_Y
12.0241,0.6985,0.1398,0.3925,-0.01972,0.10359,-0.02189,0.00,-3.00,0.00,45.1,116.26,634.67,258.35,SEARCH_Y
12.0342,0.7685,0.4998,0.1425,-0.00572,0.10459,-0.01689,0.00,-3.00,0.00,45.1,116.23,634.67,258.35,SEARCH_Y
12.0443,0.8885,0.3998,0.0225,-0.02672,0.08459,-0.01889,0.00,-3.00,0.00,45.1,116.20,634.67,258.35,SEARCH_Y
12.0544,0.5685,0.3498,0.2725,-0.04372,0.09959,-0.01589,0.00,-3.00,0.00,45.1,116.17,634.67,258.35,SEARCH_Y
12.0645,0.7185,0.5898,0.3525,-0.03872,0.10359,-0.01889,0.00,-3.00,0.00,45.1,116.14,634.67,258.35,SEARCH_Y
12.0747,0.7385,0.2998,0.6025,-0.05772,0.09559,-0.02389,0.00,-3.00,0.00,45.1,116.11,634.66,258.35,SEARCH_Y
12.0848,0.6585,0.5298,0.1225,-0.04372,0.09959,-0.02089,0.00,-3.00,0.00,45.1,116.08,634.66,258.35,SEARCH_Y
12.0949,0.8585,0.5298,0.2225,-0.05172,0.10559,-0.02489,0.00,-3.00,0.00,45.2,116.04,634.66,258.35,SEARCH_Y
12.1050,0.7085,0.7198,0.3425,-0.09372,0.08459,-0.02389,0.00,-3.00,0.00,45.2,116.02,634.66,258.35,SEARCH_Y
12.1152,0.6385,0.6598,0.2725,-0.08372,0.10259,-0.02389,0.00,-3.00,0.00,45.2,115.98,634.66,258.35,SEARCH_Y
12.1253,0.6585,0.7398,-0.2274,-0.07372,0.09659,-0.02589,0.00,-3.00,0.00,45.2,115.95,634.66,258.35,SEARCH_Y
12.1354,0.7885,0.7098,0.2225,-0.07972,0.10859,-0.02589,0.00,-3.00,0.00,45.2,115.92,634.66,258.35,SEARCH_Y
12.1455,0.9085,0.6198,0.1125,-0.05972,0.11159,-0.02689,0.00,-3.00,0.00,45.2,115.89,634.66,258.35,SEARCH_Y
12.1556,0.7385,0.8598,-0.2774,-0.07172,0.09559,-0.02589,0.00,-3.00,0.00,45.2,115.86,634.66,258.35,SEARCH_Y
12.1658,0.7885,0.3998,0.4125,-0.03672,0.12859,-0.02889,0.00,-3.00,0.00,45.2,115.83,634.66,258.35,SEARCH_Y
12.1759,0.8085,0.6098,0.0525,-0.04672,0.11759,-0.02489,0.00,-3.00,0.00,45.2,115.80,634.66,258.35,SEARCH_Y
12.1860,0.8585,0.5198,-0.0974,-0.03372,0.11759,-0.02789,0.00,-3.00,0.00,45.2,115.77,634.65,258.35,SEARCH_Y
12.1961,0.7085,0.4998,0.0725,-0.04672,0.12859,-0.02889,0.00,-3.00,0.00,45.2,115.74,634.65,258.35,SEARCH_Y
12.2062,1.2285,-0.1001,0.4625,-0.01672,0.13359,-0.03289,0.00,-3.00,0.00,45.2,115.71,634.65,258.35,SEARCH_Y
12.2163,0.7485,0.3698,0.4125,-0.03072,0.12859,-0.02889,0.00,-3.00,0.00,45.2,115.68,634.65,258.35,SEARCH_Y
12.2264,0.9685,0.1698,0.4325,-0.00272,0.13859,-0.03189,0.00,-3.00,0.00,45.2,115.65,634.65,258.35,SEARCH_Y
12.2365,1.0085,0.1798,0.2725,-0.01072,0.11759,-0.02689,0.00,-3.00,0.00,45.2,115.62,634.65,258.35,SEARCH_Y
12.2466,0.9085,-0.1001,0.3625,-0.00372,0.12559,-0.02589,0.00,-3.00,0.00,45.3,115.59,634.65,258.35,SEARCH_Y
12.2567,0.6885,0.3898,0.3025,-0.02272,0.12559,-0.02289,0.00,-3.00,0.00,45.3,115.56,634.65,258.35,SEARCH_Y
12.2669,0.6985,0.4698,0.1725,-0.00372,0.13159,-0.02489,0.00,-3.00,0.00,45.3,115.53,634.65,258.35,SEARCH_Y
12.2770,0.8885,0.5298,0.3425,-0.00972,0.11559,-0.02289,0.00,-3.00,0.00,45.3,115.50,634.65,258.35,SEARCH_Y
12.2871,0.7885,-0.1001,0.3625,-0.01772,0.12159,-0.02289,0.00,-3.00,0.00,45.3,115.47,634.65,258.35,SEARCH_Y
12.2972,1.0585,0.0698,0.2725,0.00527,0.11859,-0.02589,0.00,-3.00,0.00,45.3,115.43,634.64,258.35,SEARCH_Y
12.3074,0.7585,0.5598,0.1725,0.00727,0.13059,-0.01989,0.00,-3.00,0.00,45.3,115.41,634.64,258.35,SEARCH_Y
12.3174,0.7185,0.0398,0.2925,0.00427,0.13159,-0.02589,0.00,-3.00,0.00,45.3,115.37,634.64,258.35,SEARCH_Y
12.3276,0.8985,0.1498,0.2225,-0.00472,0.11659,-0.02689,0.00,-3.00,0.00,45.3,115.35,634.64,258.35,SEARCH_Y
12.3376,0.9485,0.2698,-0.1374,0.02127,0.12059,-0.02089,0.00,-3.00,0.00,45.3,115.31,634.64,258.35,SEARCH_Y
12.3477,0.9085,0.1798,0.2025,0.01027,0.12759,-0.02589,0.00,-3.00,0.00,45.3,115.29,634.64,258.35,SEARCH_Y
12.3578,0.7285,0.2898,0.3025,-0.00272,0.12459,-0.02089,0.00,-3.00,0.00,45.3,115.25,634.64,258.35,SEARCH_Y
12.3680,0.6185,0.0698,0.2025,-0.00072,0.12259,-0.01989,0.00,-3.00,0.00,45.3,115.23,634.64,258.35,SEARCH_Y
12.3781,0.8685,0.3698,-0.0374,0.00727,0.11759,-0.02189,0.00,-3.00,0.00,45.3,115.19,634.64,258.35,SEARCH_Y
12.3882,0.8585,0.1798,0.1125,0.01727,0.12459,-0.02389,0.00,-3.00,0.00,45.3,115.17,634.64,258.35,SEARCH_Y
12.3983,0.9185,0.0098,0.4625,0.01327,0.13059,-0.02189,0.00,-3.00,0.00,45.4,115.13,634.64,258.35,SEARCH_Y
12.4084,0.9685,-0.1001,0.3225,0.03227,0.12959,-0.02789,0.00,-3.00,0.00,45.4,115.11,634.64,258.35,SEARCH_Y
12.4185,0.9585,0.1198,-0.1074,0.03027,0.11959,-0.02489,0.00,-3.00,0.00,45.4,115.07,634.63,258.34,SEARCH_Y
12.4287,0.7085,0.1998,0.1425,-0.00772,0.11559,-0.01889,0.00,-3.00,0.00,45.4,115.05,634.63,258.34,SEARCH_Y
12.4388,0.9185,0.1198,0.2725,0.01527,0.12159,-0.01889,0.00,-3.00,0.00,45.4,115.01,634.63,258.34,SEARCH_Y
12.4489,0.6885,0.1198,0.1625,0.00127,0.12359,-0.02089,0.00,-3.00,0.00,45.4,114.99,634.63,258.34,SEARCH_Y
12.4590,0.7085,0.1198,0.5825,0.00627,0.13159,-0.02389,0.00,-3.00,0.00,45.4,114.95,634.63,258.34,SEARCH_Y
12.4691,0.8385,0.1298,0.2925,0.00727,0.12259,-0.02289,0.00,-3.00,0.00,45.4,114.93,634.63,258.34,SEARCH_Y
12.4792,0.9585,0.1098,0.5625,0.02027,0.11659,-0.02089,0.00,-3.00,0.00,45.4,114.89,634.63,258.34,SEARCH_Y
12.4893,0.9385,0.2598,0.0625,0.02527,0.12459,-0.02089,0.00,-3.00,0.00,45.4,114.85,634.63,258.34,SEARCH_Y
12.4995,0.7685,0.2798,0.1325,-0.00172,0.10759,-0.02289,0.00,-3.00,0.00,45.4,114.83,634.63,258.34,SEARCH_Y
12.5096,0.8685,0.2698,-0.1174,0.01527,0.11159,-0.02089,0.00,-3.00,0.00,45.4,114.79,634.63,258.34,SEARCH_Y
12.5197,0.6785,0.6698,-0.1474,0.00127,0.10959,-0.01589,0.00,-3.00,0.00,45.4,114.77,634.63,258.34,SEARCH_Y
12.5298,0.8385,0.2898,0.0825,0.00427,0.11759,-0.02089,0.00,-3.00,0.00,45.4,114.73,634.62,258.34,SEARCH_Y
12.5399,0.8785,-0.1301,0.3525,0.02427,0.11659,-0.02389,0.00,-3.00,0.00,45.5,114.71,634.62,258.34,SEARCH_Y
12.5500,0.9485,0.4198,0.1425,0.01427,0.10959,-0.01889,0.00,-3.00,0.00,45.5,114.67,634.62,258.34,SEARCH_Y
12.5602,0.7285,0.2998,0.1825,-0.00272,0.11459,-0.01889,0.00,-3.00,0.00,45.5,114.65,634.62,258.34,SEARCH_Y
12.5703,0.9285,0.2798,0.2625,0.02327,0.11959,-0.01589,0.00,-3.00,0.00,45.5,114.61,634.62,258.34,SEARCH_Y
12.5804,0.7585,0.0398,0.3625,0.00827,0.11359,-0.02289,0.00,-3.00,0.00,45.5,114.59,634.62,258.34,SEARCH_Y
12.5905,0.7885,0.3898,-0.0474,-0.00072,0.11359,-0.01989,0.00,-3.00,0.00,45.5,114.55,634.62,258.34,SEARCH_Y
12.6007,0.8085,0.0998,0.3925,0.01427,0.12759,-0.02089,0.00,-3.00,0.00,45.5,114.53,634.62,258.34,SEARCH_Y
12.6108,0.8685,0.2898,0.2425,0.02527,0.11959,-0.01989,0.00,-3.00,0.00,45.5,114.49,634.62,258.34,SEARCH_Y
12.6209,0.8985,0.0798,0.3325,0.02127,0.12259,-0.02289,0.00,-3.00,0.00,45.5,114.47,634.62,258.34,SEARCH_Y
12.6310,0.8085,0.4798,-0.3274,-0.00972,0.10059,-0.01689,0.00,-3.00,0.00,45.5,114.43,634.62,258.34,SEARCH_Y
12.6411,0.6685,0.0798,-0.0474,-0.00672,0.10959,-0.01789,0.00,-3.00,0.00,45.5,114.40,634.61,258.34,SEARCH_Y
12.6512,0.7285,0.0098,0.1825,0.00427,0.11659,-0.02089,0.00,-3.00,0.00,45.5,114.37,634.61,258.34,SEARCH_Y
12.6613,0.8085,0.3298,0.1825,0.01427,0.11259,-0.01989,0.00,-3.00,0.00,45.5,114.34,634.61,258.34,SEARCH_Y
12.6714,0.9385,-0.2001,0.6125,0.00527,0.11859,-0.01789,0.00,-3.00,0.00,45.6,114.31,634.61,258.34,SEARCH_Y
12.6816,0.9185,-0.0501,0.3025,0.01427,0.11959,-0.01889,0.00,-3.00,0.00,45.6,114.28,634.61,258.34,SEARCH_Y
12.6918,0.6785,0.3298,-0.0674,0.00327,0.11759,-0.02189,0.00,-3.00,0.00,45.6,114.25,634.61,258.34,SEARCH_Y
12.7019,0.8585,-0.0701,0.3625,0.00327,0.11259,-0.01989,0.00,-3.00,0.00,45.6,114.21,634.61,258.34,SEARCH_Y
12.7120,0.8985,0.1698,0.1325,0.00427,0.10759,-0.02089,0.00,-3.00,0.00,45.6,114.19,634.61,258.34,SEARCH_Y
12.7222,0.7985,0.0398,0.2725,0.00327,0.11359,-0.02189,0.00,-3.00,0.00,45.6,114.15,634.61,258.34,SEARCH_Y
12.7323,0.6285,0.2098,0.0625,-0.00472,0.11659,-0.02289,0.00,-3.00,0.00,45.6,114.13,634.61,258.34,SEARCH_Y
12.7424,0.6485,-0.3001,0.6125,0.01627,0.13059,-0.02389,0.00,-3.00,0.00,45.6,114.09,634.61,258.34,SEARCH_Y
12.7525,0.8385,0.0398,0.1925,0.01127,0.11459,-0.01589,0.00,-3.00,0.00,45.6,114.07,634.61,258.34,SEARCH_Y
12.7627,0.9785,0.4598,0.1625,-0.00872,0.10759,-0.01889,0.00,-3.00,0.00,45.6,114.03,634.60,258.34,SEARCH_Y
12.7728,1.2485,0.2098,0.0425,0.01527,0.10559,-0.01889,0.00,-3.00,0.00,45.6,114.01,634.60,258.34,SEARCH_Y
12.7829,0.6985,0.0798,-0.0474,0.00927,0.10859,-0.01689,0.00,-3.00,0.00,45.6,113.97,634.60,258.34,SEARCH_Y
12.7930,0.7685,0.0298,0.2825,0.02727,0.12459,-0.02289,0.00,-3.00,0.00,45.6,113.95,634.60,258.34,SEARCH_Y
12.8031,0.6785,0.3798,-0.1074,0.01927,0.11559,-0.01989,0.00,-3.00,0.00,45.7,113.91,634.60,258.34,SEARCH_Y
12.8132,0.7085,0.3398,0.2225,0.00327,0.11759,-0.02089,0.00,-3.00,0.00,45.7,113.89,634.60,258.34,SEARCH_Y
12.8233,0.8285,0.2398,0.2025,0.01227,0.12359,-0.02089,0.00,-3.00,0.00,45.7,113.85,634.60,258.34,SEARCH_Y
12.8334,0.6885,0.0398,0.5725,-0.00272,0.11059,-0.02289,0.00,-3.00,0.00,45.7,113.82,634.60,258.34,SEARCH_Y
12.8436,0.8285,0.0898,0.0425,0.01827,0.11959,-0.01689,0.00,-3.00,0.00,45.7,113.79,634.60,258.34,SEARCH_Y
12.8537,0.6285,-0.1101,0.4625,0.01527,0.11959,-0.01889,0.00,-3.00,0.00,45.7,113.76,634.60,258.34,SEARCH_Y
12.8638,0.8085,0.3098,0.0825,0.00327,0.10759,-0.01489,0.00,-3.00,0.00,45.7,113.73,634.60,258.34,SEARCH_Y
12.8739,0.8885,0.3498,-0.0474,0.01527,0.10459,-0.01489,0.00,-3.00,0.00,45.7,113.70,634.59,258.34,SEARCH_Y
12.8840,0.9885,0.3898,-0.0174,0.00127,0.10159,-0.01689,0.00,-3.00,0.00,45.7,113.67,634.59,258.34,SEARCH_Y
12.8942,0.9085,0.1598,0.2225,0.00127,0.10559,-0.01989,0.00,-3.00,0.00,45.7,113.64,634.59,258.34,SEARCH_Y
12.9043,0.9085,0.0498,0.3325,0.00927,0.11959,-0.02489,0.00,-3.00,0.00,45.7,113.61,634.59,258.34,SEARCH_Y
12.9144,0.7585,0.3598,-0.0574,0.00327,0.10859,-0.01989,0.00,-3.00,0.00,45.7,113.58,634.59,258.34,SEARCH_Y
12.9245,1.0885,-0.0501,0.1925,0.01527,0.10959,-0.02089,0.00,-3.00,0.00,45.7,113.55,634.59,258.34,SEARCH_Y
12.9347,0.7685,0.2098,0.3025,0.02827,0.13559,-0.01789,0.00,-3.00,0.00,45.8,113.52,634.59,258.34,SEARCH_Y
12.9448,0.4985,0.4398,0.2325,-0.00572,0.11359,-0.01589,0.00,-3.00,0.00,45.8,113.49,634.59,258.34,SEARCH_Y
12.9549,0.7885,0.3398,-0.3574,0.00727,0.10859,-0.01689,0.00,-3.00,0.00,45.8,113.46,634.59,258.34,SEARCH_Y
12.9650,0.8785,0.0498,0.3225,0.00927,0.11459,-0.01989,0.00,-3.00,0.00,45.8,113.43,634.59,258.34,SEARCH_Y
12.9751,0.8385,0.2298,0.0525,-0.00172,0.10059,-0.01789,0.00,-3.00,0.00,45.8,113.40,634.59,258.34,SEARCH_Y
12.9852,0.7885,0.1998,0.0125,-0.00172,0.09959,-0.01989,0.00,-3.00,0.00,45.8,113.36,634.58,258.34,SEARCH_Y
12.9953,0.8685,0.2998,0.1525,0.00327,0.11459,-0.01789,0.00,-3.00,0.00,45.8,113.34,634.58,258.34,SEARCH_Y
13.0055,0.9685,0.1898,0.3325,0.03027,0.12259,-0.01689,0.00,-3.00,0.00,45.8,113.30,634.58,258.34,SEARCH_Y
13.0155,0.9185,0.1698,-0.0174,0.02827,0.10759,-0.02189,0.00,-3.00,0.00,45.8,113.28,634.58,258.34,SEARCH_Y
13.0256,0.5285,-0.0601,0.2525,-0.00272,0.11559,-0.02289,0.00,-3.00,0.00,45.8,113.24,634.58,258.34,SEARCH_Y
13.0357,0.9085,-0.1101,0.3225,0.01427,0.11759,-0.01689,0.00,-3.00,0.00,45.8,113.22,634.58,258.34,SEARCH_Y
13.0459,0.9785,-0.0201,0.1025,0.02927,0.10959,-0.01989,0.00,-3.00,0.00,45.9,113.18,634.58,258.34,SEARCH_Y
13.0560,0.7085,-0.2201,0.3125,0.03627,0.11459,-0.02589,0.00,-3.00,0.00,45.9,113.16,634.58,258.34,SEARCH_Y
13.0661,0.8185,0.2798,0.0425,-0.00072,0.11459,-0.01489,0.00,-3.00,0.00,45.9,113.12,634.58,258.34,SEARCH_Y
13.0762,0.6385,0.1298,0.4625,-0.00172,0.12259,-0.01789,0.00,-3.00,0.00,45.9,113.10,634.58,258.34,SEARCH_Y
13.0863,0.7885,0.3998,-0.0174,0.01227,0.11759,-0.01789,0.00,-3.00,0.00,45.9,113.06,634.58,258.34,SEARCH_Y
13.0965,0.7285,0.0998,0.5825,0.00027,0.11159,-0.02289,0.00,-3.00,0.00,45.9,113.04,634.58,258.33,SEARCH_Y
13.1066,0.7785,0.1398,0.2725,-0.01572,0.10959,-0.01989,0.00,-3.00,0.00,45.9,113.00,634.57,258.33,SEARCH_Y
13.1167,0.8885,0.3198,0.3425,0.01327,0.12859,-0.02089,0.00,-3.00,0.00,45.9,112.97,634.57,258.33,SEARCH_Y
13.1268,0.6285,0.1098,0.4325,0.00527,0.12959,-0.02489,0.00,-3.00,0.00,45.9,112.94,634.57,258.33,SEARCH_Y
13.1370,0.7785,0.1698,0.4125,0.02227,0.12759,-0.02389,0.00,-3.00,0.00,45.9,112.91,634.57,258.33,SEARCH_Y
13.1471,0.7285,0.5498,-0.1774,-0.00872,0.10259,-0.01689,0.00,-3.00,0.00,45.9,112.88,634.57,258.33,SEARCH_Y
13.1572,0.8285,0.0798,0.0725,0.00227,0.11859,-0.01989,0.00,-3.00,0.00,45.9,112.84,634.57,258.33,SEARCH_Y
13.1673,0.8885,0.1598,0.3125,0.02127,0.12559,-0.02189,0.00,-3.00,0.00,46.0,112.82,634.57,258.33,SEARCH_Y
13.1774,0.6085,0.5498,0.1425,-0.02372,0.10359,-0.02589,0.00,-3.00,0.00,46.0,112.78,634.57,258.33,SEARCH_Y
13.1875,0.7985,0.4898,0.3725,0.00027,0.12659,-0.02089,0.00,-3.00,0.00,46.0,112.76,634.57,258.33,SEARCH_Y
13.1977,0.8685,0.5898,0.0025,-0.00672,0.10459,-0.01789,0.00,-3.00,0.00,46.0,112.72,634.57,258.33,SEARCH_Y
13.2078,0.8785,0.6198,0.0225,-0.00272,0.11459,-0.02089,0.00,-3.00,0.00,46.0,112.70,634.57,258.33,SEARCH_Y
13.2179,0.9285,0.2198,0.2725,-0.00772,0.10959,-0.02189,0.00,-3.00,0.00,46.0,112.66,634.56,258.33,SEARCH_Y
13.2280,0.8885,0.4398,0.1725,-0.01772,0.11259,-0.02189,0.00,-3.00,0.00,46.0,112.64,634.56,258.33,SEARCH_Y
13.2381,0.7785,0.4998,0.1625,-0.01872,0.11859,-0.02489,0.00,-3.00,0.00,46.0,112.60,634.56,258.33,SEARCH_Y
13.2482,0.8285,0.4598,0.1825,-0.03472,0.11659,-0.02889,0.00,-3.00,0.00,46.0,112.58,634.56,258.33,SEARCH_Y
13.2583,0.8185,0.5098,0.3725,-0.04472,0.12059,-0.02789,0.00,-3.00,0.00,46.0,112.54,634.56,258.33,SEARCH_Y
13.2685,0.7185,0.6598,0.4225,-0.05072,0.11559,-0.02789,0.00,-3.00,0.00,46.0,112.52,634.56,258.33,SEARCH_Y
13.2786,0.7485,0.6598,0.3525,-0.07872,0.11259,-0.03489,0.00,-3.00,0.00,46.0,112.48,634.56,258.33,SEARCH_Y
13.2886,0.9785,0.5598,0.1725,-0.06172,0.11259,-0.03389,0.00,-3.00,0.00,46.1,112.46,634.56,258.33,SEARCH_Y
13.2987,0.7785,0.6398,0.3725,-0.07172,0.11559,-0.03689,0.00,-3.00,0.00,46.1,112.42,634.56,258.33,SEARCH_Y
13.3089,0.6985,0.9498,0.2525,-0.06772,0.12259,-0.02989,0.00,-3.00,0.00,46.1,112.40,634.56,258.33,SEARCH_Y
13.3190,0.6885,0.8198,0.4225,-0.09272,0.12259,-0.03189,0.00,-3.00,0.00,46.1,112.36,634.56,258.33,SEARCH_Y
13.3291,0.9085,1.3398,-0.1374,-0.10272,0.10159,-0.03289,0.00,-3.00,0.00,46.1,112.34,634.56,258.33,SEARCH_Y
13.3392,0.9785,0.9798,0.2525,-0.09972,0.11359,-0.03789,0.00,-3.00,0.00,46.1,112.30,634.55,258.33,SEARCH_Y
13.3493,1.1585,0.7698,0.2525,-0.08572,0.11159,-0.03889,0.00,-3.00,0.00,46.1,112.26,634.55,258.33,SEARCH_Y
13.3594,0.7085,0.9298,0.4925,-0.11372,0.12459,-0.03889,0.00,-3.00,0.00,46.1,112.23,634.55,258.33,SEARCH_Z
13.3696,0.7485,1.0798,0.6325,-0.12472,0.12059,-0.04089,0.00,0.00,3.00,46.1,112.20,634.55,258.33,SEARCH_Z
13.3797,0.8485,0.9398,0.4425,-0.13772,0.11059,-0.04189,0.00,0.00,3.00,46.1,112.18,634.55,258.33,SEARCH_Z
13.3898,0.6285,1.3698,0.5825,-0.16672,0.10759,-0.04189,0.00,0.00,3.00,46.1,112.15,634.56,258.33,SEARCH_Z
13.3999,0.8485,1.4098,0.2425,-0.15072,0.11859,-0.03789,0.00,0.00,3.00,46.1,112.13,634.56,258.33,SEARCH_Z
13.4101,0.7885,1.0698,0.7425,-0.15472,0.11959,-0.04289,0.00,0.00,3.00,46.2,112.11,634.57,258.33,SEARCH_Z
13.4202,0.8885,1.2298,0.4425,-0.16672,0.10959,-0.04089,0.00,0.00,3.00,46.2,112.09,634.58,258.33,SEARCH_Z
13.4303,0.7885,1.2898,0.4325,-0.15772,0.11659,-0.04589,0.00,0.00,3.00,46.2,112.07,634.60,258.33,SEARCH_Z
13.4405,0.4985,1.3398,0.6125,-0.18872,0.11859,-0.04289,0.00,0.00,3.00,46.2,112.06,634.61,258.33,SEARCH_Z
13.4506,0.8085,1.4098,0.3325,-0.17472,0.10559,-0.04089,0.00,0.00,3.00,46.2,112.05,634.63,258.33,SEARCH_Z
13.4607,0.4485,1.4098,0.3825,-0.18872,0.12159,-0.04189,0.00,0.00,3.00,46.2,112.04,634.65,258.33,SEARCH_Z
13.4708,0.7585,1.7198,0.0825,-0.20672,0.09859,-0.04489,0.00,0.00,3.00,46.2,112.03,634.68,258.33,SEARCH_Z
13.4809,0.6385,1.5398,0.2325,-0.20972,0.10059,-0.04789,0.00,0.00,3.00,46.2,112.03,634.70,258.34,SEARCH_Z
13.4910,0.9085,1.6698,0.4825,-0.19972,0.10559,-0.04789,0.00,0.00,3.00,46.2,112.03,634.74,258.34,SEARCH_Z
13.5012,0.8885,1.7298,0.0125,-0.20772,0.09459,-0.04589,0.00,0.00,3.00,46.2,112.03,634.77,258.34,SEARCH_Z
13.5113,0.9585,1.6498,-0.0074,-0.20172,0.09559,-0.04689,0.00,0.00,3.00,46.2,112.03,634.80,258.34,SEARCH_Z
13.5214,0.6085,1.5298,0.3425,-0.22272,0.10259,-0.04689,0.00,0.00,3.00,46.2,112.02,634.83,258.34,SEARCH_Z
13.5315,1.0185,1.2698,0.3825,-0.20572,0.10559,-0.05389,0.00,0.00,3.00,46.2,112.02,634.86,258.34,SEARCH_Z
13.5417,0.7585,1.5298,-0.0474,-0.22472,0.08859,-0.04789,0.00,0.00,3.00,46.2,112.02,634.89,258.34,SEARCH_Z
13.5518,0.7285,1.6598,0.0925,-0.21872,0.08359,-0.04489,0.00,0.00,3.00,46.2,112.02,634.92,258.34,SEARCH_Z
13.5619,0.7485,1.7698,-0.4174,-0.23672,0.07459,-0.04489,0.00,0.00,3.00,46.2,112.02,634.95,258.34,SEARCH_Z
13.5720,0.6185,1.2098,0.4525,-0.23572,0.08159,-0.04889,0.00,0.00,3.00,46.2,112.02,634.98,258.35,SEARCH_Z
13.5821,0.5885,1.3298,0.1425,-0.23572,0.08459,-0.04489,0.00,0.00,3.00,46.2,112.02,635.01,258.35,SEARCH_Z
13.5922,0.5985,1.4998,0.2825,-0.24372,0.08259,-0.03989,0.00,0.00,3.00,46.2,112.02,635.04,258.35,SEARCH_Z
13.6024,0.8085,1.6298,0.3325,-0.23772,0.06859,-0.04189,0.00,0.00,3.00,46.2,112.02,635.07,258.35,SEARCH_Z
13.6125,0.7685,1.8698,0.2525,-0.24472,0.06659,-0.04289,0.00,0.00,3.00,46.2,112.01,635.10,258.35,SEARCH_Z
13.6226,0.6585,1.7098,0.1225,-0.22872,0.07959,-0.03989,0.00,0.00,3.00,46.2,112.01,635.13,258.35,SEARCH_Z
13.6327,0.6385,1.5298,-0.0674,-0.24072,0.07359,-0.04489,0.00,0.00,3.00,46.2,112.01,635.16,258.35,SEARCH_Z
13.6428,0.8785,1.4398,0.3825,-0.22372,0.08659,-0.04689,0.00,0.00,3.00,46.2,112.01,635.19,258.35,SEARCH_Z
13.6529,0.5485,1.7198,0.0925,-0.22472,0.09359,-0.04289,0.00,0.00,3.00,46.2,112.01,635.22,258.35,SEARCH_Z
13.6631,0.6785,1.2098,0.4225,-0.22472,0.09559,-0.04889,0.00,0.00,3.00,46.2,112.01,635.25,258.36,SEARCH_Z
13.6732,0.7685,1.7998,0.2425,-0.22872,0.08759,-0.04389,0.00,0.00,3.00,46.2,112.01,635.29,258.36,SEARCH_Z
13.6833,0.6885,1.5098,0.5925,-0.23372,0.10159,-0.04789,0.00,0.00,3.00,46.2,112.01,635.31,258.36,SEARCH_Z
13.6934,0.6385,1.6098,0.0525,-0.23972,0.08059,-0.04889,0.00,0.00,3.00,46.2,112.01,635.35,258.36,SEARCH_Z
13.7035,0.7485,1.2798,0.4725,-0.24272,0.08859,-0.05189,0.00,0.00,3.00,46.2,112.00,635.37,258.36,SEARCH_Z
13.7136,0.7785,1.7998,0.0125,-0.23772,0.08859,-0.04689,0.00,0.00,3.00,46.2,112.00,635.41,258.36,SEARCH_Z
13.7237,0.7985,1.5698,0.3225,-0.23172,0.09459,-0.04789,0.00,0.00,3.00,46.2,112.00,635.43,258.36,SEARCH_Z
13.7339,0.7485,1.5798,0.1225,-0.25072,0.07959,-0.04689,0.00,0.00,3.00,46.2,112.00,635.47,258.36,SEARCH_Z
13.7440,0.7085,1.5598,0.1725,-0.22272,0.09859,-0.04589,0.00,0.00,3.00,46.2,112.00,635.49,258.36,SEARCH_Z
13.7541,0.8085,1.7098,-0.2074,-0.23272,0.08059,-0.04689,0.00,0.00,3.00,46.2,112.00,635.53,258.37,SEARCH_Z
13.7642,0.8285,1.6198,0.0925,-0.21172,0.09659,-0.04589,0.00,0.00,3.00,46.2,112.00,635.55,258.37,SEARCH_Z
13.7743,0.6285,1.7698,-0.0674,-0.23172,0.08459,-0.04489,0.00,0.00,3.00,46.2,112.00,635.59,258.37,SEARCH_Z
13.7844,0.8185,1.6298,-0.1374,-0.23172,0.08959,-0.04689,0.00,0.00,3.00,46.2,112.00,635.61,258.37,SEARCH_Z
13.7945,0.7785,1.4398,0.0925,-0.22772,0.09859,-0.05289,0.00,0.00,3.00,46.2,111.99,635.65,258.37,SEARCH_Z
13.8046,0.7285,1.7498,0.1325,-0.24672,0.08659,-0.04989,0.00,0.00,3.00,46.2,111.99,635.67,258.37,SEARCH_Z
13.8147,0.8585,1.6798,0.1925,-0.23072,0.09459,-0.04589,0.00,0.00,3.00,46.2,111.99,635.71,258.37,SEARCH_Z
13.8249,0.6985,1.8098,0.1425,-0.24672,0.09559,-0.04989,0.00,0.00,3.00,46.2,111.99,635.73,258.37,SEARCH_Z
13.8350,0.8985,1.7498,-0.0774,-0.22172,0.08959,-0.04989,0.00,0.00,3.00,46.2,111.99,635.77,258.37,SEARCH_Z
13.8451,0.9085,1.7698,0.0425,-0.23572,0.09359,-0.04889,0.00,0.00,3.00,46.2,111.99,635.79,258.38,SEARCH_Z
13.8552,0.9585,1.3098,0.3025,-0.21972,0.09959,-0.05089,0.00,0.00,3.00,46.2,111.99,635.83,258.38,SEARCH_Z
13.8653,0.7885,1.7798,0.2825,-0.24972,0.09059,-0.05089,0.00,0.00,3.00,46.2,111.99,635.86,258.38,SEARCH_Z
13.8754,0.7185,1.3798,0.3625,-0.22572,0.10559,-0.04889,0.00,0.00,3.00,46.2,111.98,635.89,258.38,SEARCH_Z
13.8855,0.7485,1.4498,0.2925,-0.23472,0.09959,-0.04989,0.00,0.00,3.00,46.2,111.98,635.92,258.38,SEARCH_Z
13.8956,0.7985,1.6098,-0.1574,-0.22972,0.10259,-0.04989,0.00,0.00,3.00,46.2,111.98,635.95,258.38,SEARCH_Z
13.9058,0.5785,1.8498,0.1425,-0.24472,0.09259,-0.04989,0.00,0.00,3.00,46.2,111.98,635.98,258.38,SEARCH_Z
13.9159,0.7285,1.6798,0.1725,-0.23972,0.09359,-0.05089,0.00,0.00,3.00,46.2,111.98,636.01,258.38,SEARCH_Z
13.9260,0.8385,1.7298,0.1425,-0.23572,0.09759,-0.05189,0.00,0.00,3.00,46.2,111.98,636.04,258.38,SEARCH_Z
13.9361,0.7685,1.6698,0.3225,-0.24172,0.09359,-0.05289,0.00,0.00,3.00,46.2,111.98,636.07,258.39,SEARCH_Z
13.9462,0.8285,1.6898,0.2425,-0.24072,0.09259,-0.04789,0.00,0.00,3.00,46.2,111.98,636.10,258.39,SEARCH_Z
13.9563,0.7285,1.8898,0.0125,-0.24672,0.08059,-0.04989,0.00,0.00,3.00,46.2,111.98,636.13,258.39,SEARCH_Z
13.9664,0.6285,1.8298,-0.0174,-0.24972,0.09459,-0.04689,0.00,0.00,3.00,46.2,111.97,636.16,258.39,SEARCH_Z
13.9765,0.7885,1.5398,0.1725,-0.24372,0.09259,-0.04989,0.00,0.00,3.00,46.2,111.97,636.19,258.39,SEARCH_Z
13.9866,0.4885,1.6798,0.0325,-0.24872,0.10059,-0.04689,0.00,0.00,3.00,46.2,111.97,636.22,258.39,SEARCH_Z
13.9967,0.7385,1.5098,0.2325,-0.23572,0.09859,-0.05089,0.00,0.00,3.00,46.2,111.97,636.25,258.39,SEARCH_Z
14.0068,0.9885,1.4898,0.3325,-0.22272,0.09959,-0.05389,0.00,0.00,3.00,46.2,111.97,636.28,258.39,SEARCH_Z
14.0170,0.7485,1.7398,0.0125,-0.22572,0.09559,-0.04689,0.00,0.00,3.00,46.2,111.97,636.31,258.39,SEARCH_Z
14.0271,0.6385,1.4798,0.0825,-0.23572,0.10659,-0.05289,0.00,0.00,3.00,46.2,111.97,636.34,258.40,SEARCH_Z
14.0372,0.6385,1.6298,-0.0274,-0.24472,0.09059,-0.04989,0.00,0.00,3.00,46.2,111.97,636.38,258.40,SEARCH_Z
14.0473,0.7885,1.4298,0.1125,-0.23072,0.09559,-0.05089,0.00,0.00,3.00,46.2,111.97,636.40,258.40,SEARCH_Z
14.0574,0.7985,1.3598,0.2225,-0.23872,0.09859,-0.04889,0.00,0.00,3.00,46.2,111.96,636.44,258.40,SEARCH_Z
14.0676,0.7385,1.5898,0.2625,-0.24272,0.10859,-0.05289,0.00,0.00,3.00,46.2,111.96,636.46,258.40,SEARCH_Z
14.0776,0.7085,1.8098,-0.1174,-0.24772,0.09159,-0.05089,0.00,0.00,3.00,46.2,111.96,636.50,258.40,SEARCH_Z
14.0877,0.8385,1.3398,0.4625,-0.22872,0.09459,-0.05389,0.00,0.00,3.00,46.2,111.96,636.52,258.40,SEARCH_Z
14.0978,0.8685,1.3798,0.1325,-0.23172,0.09359,-0.05089,0.00,0.00,3.00,46.2,111.96,636.56,258.40,SEARCH_Z
14.1079,0.8285,1.7998,-0.0774,-0.24672,0.08759,-0.04989,0.00,0.00,3.00,46.2,111.96,636.58,258.40,SEARCH_Z
14.1180,0.7485,1.8198,-0.1074,-0.24772,0.08759,-0.04889,0.00,0.00,3.00,46.2,111.96,636.62,258.41,SEARCH_Z
14.1281,0.9085,1.6398,-0.0074,-0.25172,0.09159,-0.05489,0.00,0.00,3.00,46.2,111.96,636.64,258.41,SEARCH_Z
14.1382,0.9285,1.6698,-0.0774,-0.23372,0.09459,-0.05189,0.00,0.00,3.00,46.2,111.95,636.68,258.41,SEARCH_Z
14.1483,0.9485,2.0598,-0.1574,-0.24172,0.08659,-0.04989,0.00,0.00,3.00,46.2,111.95,636.70,258.41,SEARCH_Z
14.1585,0.6785,1.6298,0.1725,-0.24072,0.10459,-0.05189,0.00,0.00,3.00,46.2,111.95,636.74,258.41,SEARCH_Z
14.1686,0.6885,1.9298,-0.0874,-0.25172,0.09759,-0.05389,0.00,0.00,3.00,46.2,111.95,636.76,258.41,SEARCH_Z
14.1787,1.0785,1.5098,0.1625,-0.22272,0.10059,-0.05289,0.00,0.00,3.00,46.2,111.95,636.80,258.41,SEARCH_Z
14.1888,0.7285,1.8898,-0.1174,-0.24172,0.09359,-0.04689,0.00,0.00,3.00,46.2,111.95,636.82,258.41,SEARCH_Z
14.1989,0.7185,1.8998,-0.0274,-0.24672,0.09159,-0.04989,0.00,0.00,3.00,46.2,111.95,636.86,258.41,SEARCH_Z
14.2091,0.7185,1.5798,0.3925,-0.21672,0.11959,-0.05189,0.00,0.00,3.00,46.2,111.95,636.88,258.42,SEARCH_Z
14.2192,0.5585,1.9398,-0.2174,-0.26472,0.08859,-0.05089,0.00,0.00,3.00,46.2,111.95,636.92,258.42,SEARCH_Z
14.2293,0.8085,1.8798,-0.2274,-0.24172,0.08859,-0.04989,0.00,0.00,3.00,46.2,111.94,636.96,258.42,SEARCH_Z
14.2394,0.7785,1.5098,0.3125,-0.22872,0.11359,-0.05089,0.00,0.00,3.00,46.2,111.94,636.98,258.42,SEARCH_Z
14.2495,0.8885,1.6998,0.3125,-0.22972,0.10859,-0.04989,0.00,0.00,3.00,46.3,111.94,637.02,258.42,SEARCH_Z
14.2596,0.7185,1.5998,0.3425,-0.23372,0.10759,-0.05389,0.00,0.00,3.00,46.3,111.94,637.04,258.42,SEARCH_Z
14.2698,0.9285,1.6498,0.4025,-0.22672,0.10659,-0.05389,0.00,0.00,3.00,46.3,111.94,637.08,258.42,SEARCH_Z
14.2799,0.8085,1.4398,0.1125,-0.24572,0.09159,-0.05289,0.00,0.00,3.00,46.3,111.94,637.10,258.42,SEARCH_Z
14.2900,0.7285,1.5498,0.5325,-0.24972,0.10559,-0.05289,0.00,0.00,3.00,46.3,111.94,637.14,258.42,SEARCH_Z
14.3001,0.7785,1.4798,0.2925,-0.23772,0.09959,-0.05489,0.00,0.00,3.00,46.3,111.94,637.16,258.43,SEARCH_Z
14.3102,0.8285,1.7798,0.1525,-0.25872,0.08759,-0.05289,0.00,0.00,3.00,46.3,111.94,637.20,258.43,SEARCH_Z
14.3203,0.8185,1.5498,0.2225,-0.22772,0.11159,-0.05189,0.00,0.00,3.00,46.3,111.93,637.22,258.43,SEARCH_Z
14.3305,0.5485,1.6198,0.4025,-0.26372,0.10259,-0.05089,0.00,0.00,3.00,46.3,111.93,637.26,258.43,SEARCH_Z
14.3406,0.9285,1.5598,0.3525,-0.24772,0.09059,-0.05289,0.00,0.00,3.00,46.3,111.93,637.28,258.43,SEARCH_Z
14.3507,0.7385,1.6498,0.2125,-0.24372,0.10159,-0.05289,0.00,0.00,3.00,46.3,111.93,637.32,258.43,SEARCH_Z
14.3608,0.7085,1.8398,-0.3074,-0.25872,0.07759,-0.04889,0.00,0.00,3.00,46.3,111.93,637.34,258.43,SEARCH_Z
14.3709,0.8485,1.7798,0.1225,-0.24572,0.09559,-0.05189,0.00,0.00,3.00,46.3,111.93,637.38,258.43,SEARCH_Z
14.3810,0.7685,1.8398,-0.0074,-0.24072,0.10159,-0.05289,0.00,0.00,3.00,46.3,111.93,637.40,258.43,SEARCH_Z
14.3911,0.7685,1.6998,0.1025,-0.26372,0.08659,-0.05389,0.00,0.00,3.00,46.3,111.93,637.44,258.44,SEARCH_Z
14.4013,1.0685,1.7098,-0.0274,-0.22272,0.09859,-0.05189,0.00,0.00,3.00,46.3,111.92,637.47,258.44,SEARCH_Z
14.4114,0.7685,1.5198,0.2825,-0.24572,0.09059,-0.05389,0.00,0.00,3.00,46.3,111.92,637.50,258.44,SEARCH_Z
14.4215,0.8785,1.6898,0.0825,-0.22872,0.10259,-0.05389,0.00,0.00,3.00,46.3,111.92,637.53,258.44,SEARCH_Z
14.4316,0.9885,1.2898,0.5225,-0.23572,0.10259,-0.05589,0.00,0.00,3.00,46.3,111.92,637.56,258.44,SEARCH_Z
14.4417,0.8385,1.7998,-0.2274,-0.23372,0.09459,-0.04989,0.00,0.00,3.00,46.3,111.92,637.59,258.44,SEARCH_Z
14.4518,0.8485,1.5498,0.1325,-0.24172,0.09959,-0.05489,0.00,0.00,3.00,46.3,111.92,637.62,258.44,SEARCH_Z
14.4619,0.7785,1.7298,0.1725,-0.24772,0.09759,-0.05289,0.00,0.00,3.00,46.3,111.92,637.65,258.44,SEARCH_Z
14.4720,0.7885,1.8798,-0.0474,-0.24672,0.10159,-0.04989,0.00,0.00,3.00,46.3,111.92,637.68,258.44,SEARCH_Z
14.4821,0.7385,1.5798,0.0925,-0.25572,0.08759,-0.05289,0.00,0.00,3.00,46.3,111.92,637.71,258.45,SEARCH_Z
14.4923,0.7485,1.7798,-0.0074,-0.25272,0.09359,-0.05589,0.00,0.00,3.00,46.3,111.91,637.74,258.45,SEARCH_Z
14.5024,0.7685,1.9098,0.0825,-0.24872,0.08659,-0.05089,0.00,0.00,3.00,46.3,111.91,637.77,258.45,SEARCH_Z
14.5125,0.8785,1.9098,0.0825,-0.24072,0.09259,-0.05089,0.00,0.00,3.00,46.3,111.91,637.80,258.45,SEARCH_Z
14.5226,0.8585,1.6498,0.1825,-0.22372,0.10659,-0.05489,0.00,0.00,3.00,46.3,111.91,637.83,258.45,SEARCH_Z
14.5327,0.8285,1.8998,-0.2674,-0.24672,0.08259,-0.04889,0.00,0.00,3.00,46.3,111.91,637.86,258.45,SEARCH_Z
14.5428,0.6985,1.6198,0.4625,-0.25172,0.08959,-0.05289,0.00,0.00,3.00,46.3,111.91,637.89,258.45,SEARCH_Z
14.5529,0.6785,1.6598,-0.0774,-0.25772,0.08759,-0.05389,0.00,0.00,3.00,46.3,111.91,637.92,258.45,SEARCH_Z
14.5630,0.9385,1.6698,0.1225,-0.24172,0.09559,-0.05289,0.00,0.00,3.00,46.3,111.91,637.95,258.45,SEARCH_Z
14.5732,0.8385,1.7998,0.1225,-0.23972,0.09559,-0.05289,0.00,0.00,3.00,46.3,111.91,637.99,258.46,SEARCH_Z
14.5833,0.9585,1.4998,0.2425,-0.22872,0.10059,-0.05089,0.00,0.00,3.00,46.3,111.90,638.01,258.46,SEARCH_Z
14.5934,0.9185,1.7398,0.0525,-0.24572,0.08559,-0.05089,0.00,0.00,3.00,46.3,111.90,638.05,258.46,SEARCH_Z
14.6035,0.7585,1.5998,-0.0774,-0.25472,0.08959,-0.05389,0.00,0.00,3.00,46.3,111.90,638.07,258.46,SEARCH_Z
14.6136,0.6385,2.0498,0.1325,-0.25772,0.09459,-0.05089,0.00,0.00,3.00,46.3,111.90,638.11,258.46,SEARCH_Z
14.6237,0.6685,1.6698,0.2825,-0.24472,0.10859,-0.05289,0.00,0.00,3.00,46.3,111.90,638.13,258.46,SEARCH_Z
14.6338,0.7685,1.6098,0.2525,-0.24372,0.10259,-0.05389,0.00,0.00,3.00,46.3,111.90,638.17,258.46,SEARCH_Z
14.6439,0.7285,2.0198,0.0325,-0.24372,0.10159,-0.05389,0.00,0.00,3.00,46.3,111.90,638.19,258.46,SEARCH_Z
14.6540,0.6885,1.5298,0.1425,-0.26272,0.09959,-0.05289,0.00,0.00,3.00,46.3,111.90,638.23,258.46,SEARCH_Z
14.6642,0.6985,1.5398,0.0425,-0.24572,0.10359,-0.05489,0.00,0.00,3.00,46.3,111.90,638.25,258.46,SEARCH_Z
14.6743,0.6585,1.5098,0.3325,-0.23972,0.10759,-0.05489,0.00,0.00,3.00,46.3,111.89,638.29,258.47,SEARCH_Z
14.6844,0.8285,1.8998,-0.0574,-0.23672,0.09059,-0.05289,0.00,0.00,3.00,46.3,111.89,638.31,258.47,SEARCH_Z
14.6945,0.8685,1.5198,0.0925,-0.24672,0.10059,-0.05489,0.00,0.00,3.00,46.3,111.89,638.35,258.47,SEARCH_Z
14.7047,0.6685,1.3498,0.3625,-0.25372,0.10059,-0.04989,0.00,0.00,3.00,46.3,111.89,638.37,258.47,SEARCH_Z
14.7148,0.7985,1.4998,-0.1374,-0.24772,0.08959,-0.05389,0.00,0.00,3.00,46.4,111.89,638.41,258.47,SEARCH_Z
14.7249,0.7885,1.9798,-0.1874,-0.25772,0.09559,-0.05189,0.00,0.00,3.00,46.4,111.89,638.43,258.47,SEARCH_Z
14.7350,0.8785,1.6898,-0.0374,-0.25472,0.08459,-0.05189,0.00,0.00,3.00,46.4,111.89,638.47,258.47,SEARCH_Z
14.7452,0.6585,1.6698,0.1225,-0.24772,0.09959,-0.05089,0.00,0.00,3.00,46.4,111.89,638.51,258.47,SEARCH_Z
14.7553,0.5485,1.6298,0.3625,-0.26672,0.09859,-0.05389,0.00,0.00,3.00,46.4,111.89,638.53,258.47,SEARCH_Z
14.7654,0.8285,1.5498,0.2525,-0.24472,0.11459,-0.05689,0.00,0.00,3.00,46.4,111.88,638.57,258.48,SEARCH_Z
14.7755,0.7685,1.7698,0.2225,-0.26672,0.09059,-0.05189,0.00,0.00,3.00,46.4,111.88,638.59,258.48,SEARCH_Z
14.7856,0.4985,1.7998,0.0525,-0.26272,0.10259,-0.05389,0.00,0.00,3.00,46.4,111.88,638.63,258.48,SEARCH_Z
14.7957,0.7285,1.4198,0.2425,-0.26072,0.09959,-0.05589,0.00,0.00,3.00,46.4,111.88,638.65,258.48,SEARCH_Z
14.8058,0.4485,1.8698,-0.3574,-0.28872,0.08259,-0.05489,0.00,0.00,3.00,46.4,111.88,638.69,258.48,SEARCH_Z
14.8160,0.8785,1.6098,-0.0874,-0.24872,0.07759,-0.05089,0.00,0.00,3.00,46.4,111.88,638.71,258.48,SEARCH_Z
14.8261,0.7485,1.2598,0.5925,-0.24472,0.10259,-0.05489,0.00,0.00,3.00,46.4,111.88,638.75,258.48,SEARCH_Z
14.8362,0.8485,1.5698,0.2325,-0.25572,0.09059,-0.05289,0.00,0.00,3.00,46.4,111.88,638.77,258.48,SEARCH_Z
14.8463,0.7585,1.7898,-0.0474,-0.25272,0.09759,-0.05189,0.00,0.00,3.00,46.4,111.87,638.81,258.49,SEARCH_Z
14.8564,0.6985,1.6598,0.0425,-0.26072,0.08459,-0.05289,0.00,0.00,3.00,46.4,111.87,638.83,258.49,SEARCH_Z
14.8665,0.6385,1.1998,0.6125,-0.25572,0.10559,-0.05889,0.00,0.00,3.00,46.4,111.87,638.87,258.49,SEARCH_Z
14.8766,0.8685,1.8998,0.0125,-0.26172,0.08359,-0.05189,0.00,0.00,3.00,46.4,111.87,638.89,258.49,SEARCH_Z
14.8868,0.7585,2.0398,0.2825,-0.26672,0.08359,-0.05189,0.00,0.00,3.00,46.4,111.87,638.93,258.49,SEARCH_Z
14.8969,0.8985,1.6998,0.2025,-0.26172,0.09359,-0.05589,0.00,0.00,3.00,46.4,111.87,638.95,258.49,SEARCH_Z
14.9071,0.8585,1.6698,0.1325,-0.23272,0.09759,-0.05389,0.00,0.00,3.00,46.4,111.87,638.99,258.49,SEARCH_Z
14.9172,0.7085,1.7298,0.5225,-0.24272,0.10659,-0.05589,0.00,0.00,3.00,46.4,111.87,639.01,258.49,SEARCH_Z
14.9273,0.7385,1.5498,0.3925,-0.26972,0.09059,-0.05689,0.00,0.00,3.00,46.4,111.87,639.05,258.49,SEARCH_Z
14.9374,0.5485,2.0098,-0.0174,-0.27572,0.09159,-0.05189,0.00,0.00,3.00,46.4,111.86,639.08,258.50,SEARCH_Z
14.9475,0.6685,1.5598,0.3825,-0.26272,0.09359,-0.05689,0.00,0.00,3.00,46.4,111.86,639.11,258.50,SEARCH_Z
14.9576,0.9385,2.0098,-0.1874,-0.24472,0.07759,-0.05189,0.00,0.00,3.00,46.4,111.86,639.14,258.50,SEARCH_Z
14.9677,0.7485,1.7198,0.3225,-0.26472,0.09759,-0.05289,0.00,0.00,3.00,46.4,111.86,639.17,258.50,SEARCH_Z
14.9778,0.9185,2.1898,-0.1574,-0.24772,0.08259,-0.05189,0.00,0.00,3.00,46.4,111.86,639.20,258.50,SEARCH_Z
14.9879,0.9085,1.6898,0.0825,-0.26372,0.08859,-0.05689,0.00,0.00,3.00,46.4,111.86,639.23,258.50,SEARCH_Z
14.9980,0.6585,1.9798,0.1725,-0.25072,0.09559,-0.04989,0.00,0.00,3.00,46.4,111.86,639.26,258.50,SEARCH_Z
15.0082,0.8385,2.1098,-0.0274,-0.26372,0.08759,-0.05189,0.00,0.00,3.00,46.4,111.86,639.29,258.50,SEARCH_Z
15.0183,0.8385,1.8898,0.1025,-0.24972,0.09159,-0.05089,0.00,0.00,3.00,46.4,111.86,639.32,258.50,SEARCH_Z
15.0284,0.7185,1.4798,0.2325,-0.24372,0.10159,-0.05289,0.00,0.00,3.00,46.4,111.85,639.35,258.50,SEARCH_Z
15.0386,0.6785,2.1598,0.0425,-0.25572,0.09659,-0.05389,0.00,0.00,3.00,46.4,111.85,639.38,258.51,SEARCH_Z
15.0487,0.8485,1.2798,0.4525,-0.23772,0.10459,-0.05989,0.00,0.00,3.00,46.4,111.85,639.41,258.51,SEARCH_Z
15.0588,0.5485,1.4398,0.6125,-0.25572,0.10859,-0.05489,0.00,0.00,3.00,46.5,111.85,639.44,258.51,SEARCH_Z
15.0690,0.6385,2.1198,0.1425,-0.26472,0.08659,-0.05389,0.00,0.00,3.00,46.5,111.85,639.47,258.51,SEARCH_Z
15.0791,0.7085,1.7698,0.2625,-0.25172,0.09759,-0.05389,0.00,0.00,3.00,46.5,111.85,639.50,258.51,SEARCH_Z
15.0892,0.6485,2.1298,0.0325,-0.26872,0.08059,-0.04989,0.00,0.00,3.00,46.5,111.85,639.53,258.51,SEARCH_Z
15.0993,0.7585,1.8898,-0.1874,-0.26272,0.07759,-0.05289,0.00,0.00,3.00,46.5,111.85,639.56,258.51,SEARCH_Z
15.1094,0.7985,1.6998,0.2725,-0.24272,0.09259,-0.05289,0.00,0.00,3.00,46.5,111.84,639.60,258.51,SEARCH_Z
15.1195,0.5385,1.7698,0.1425,-0.27072,0.08659,-0.05289,0.00,0.00,3.00,46.5,111.84,639.62,258.51,SEARCH_Z
15.1296,0.5985,1.6098,0.6325,-0.25172,0.08859,-0.04989,0.00,0.00,3.00,46.5,111.84,639.66,258.52,SEARCH_Z
15.1397,0.5385,1.5098,0.4925,-0.25772,0.09659,-0.05189,0.00,0.00,3.00,46.5,111.84,639.68,258.52,SEARCH_Z
15.1499,0.8385,1.8398,0.0925,-0.23972,0.08459,-0.05389,0.00,0.00,3.00,46.5,111.84,639.72,258.52,SEARCH_Z
15.1600,0.5385,1.7298,0.3825,-0.25172,0.08459,-0.04789,0.00,0.00,3.00,46.5,111.84,639.74,258.52,SEARCH_Z
15.1701,0.8185,1.7498,0.5225,-0.23772,0.08959,-0.05089,0.00,0.00,3.00,46.5,111.84,639.78,258.52,SEARCH_Z
15.1802,0.5885,1.4398,0.5025,-0.25472,0.09359,-0.05189,0.00,0.00,3.00,46.5,111.84,639.80,258.52,SEARCH_Z
15.1903,0.6985,1.5598,0.8025,-0.24472,0.08059,-0.05189,0.00,0.00,3.00,46.5,111.84,639.84,258.52,SEARCH_Z
