time,fx,fy,fz,tx,ty,tz,vx,vy,vz,travel_mm,pos_x,pos_y,pos_z,phase
0.0000,-0.1601,0.1662,-0.0015,-0.01125,0.00279,0.00448,-5.00,0.00,0.00,0.0,125.61,633.28,302.47,DESCEND
0.0101,0.0298,0.1362,-0.0715,0.00474,-0.00020,0.00048,-5.00,0.00,0.00,0.0,125.61,633.28,302.46,DESCEND
0.0203,-0.3001,0.1262,0.0684,-0.00825,0.00979,0.00048,-5.00,0.00,0.00,0.0,125.61,633.28,302.46,DESCEND
0.0304,-0.1101,0.0662,0.3784,0.00274,0.01379,-0.00051,-5.00,0.00,0.00,0.0,125.61,633.28,302.45,DESCEND
0.0405,0.0598,-0.1937,0.3384,0.01374,0.01679,-0.00251,-5.00,0.00,0.00,0.0,125.61,633.28,302.43,DESCEND
0.0506,-0.1801,0.1062,-0.1015,-0.01825,-0.00920,0.00148,-5.00,0.00,0.00,0.0,125.61,633.29,302.42,DESCEND
0.0607,-0.0101,-0.0137,-0.0415,0.01674,0.01079,-0.00251,-5.00,0.00,0.00,0.1,125.61,633.29,302.40,DESCEND
0.0708,0.0598,0.3262,0.1384,0.00874,-0.00020,0.00048,-5.00,0.00,0.00,0.1,125.61,633.29,302.38,DESCEND
0.0809,-0.0001,-0.0337,-0.2415,0.00574,-0.00520,0.00048,-5.00,0.00,0.00,0.1,125.61,633.29,302.34,DESCEND
0.0910,-0.0201,-0.0637,0.1184,0.00374,0.00079,0.00248,-5.00,0.00,0.00,0.2,125.61,633.29,302.30,DESCEND
0.1011,-0.0101,0.1762,-0.1515,0.00074,-0.00220,-0.00051,-5.00,0.00,0.00,0.2,125.61,633.29,302.28,DESCEND
0.1112,0.0298,0.5662,0.0884,-0.00825,-0.00620,0.00048,-5.00,0.00,0.00,0.2,125.61,633.29,302.23,DESCEND
0.1213,0.1498,0.0662,0.1684,0.01474,0.00979,-0.00251,-5.00,0.00,0.00,0.3,125.61,633.29,302.19,DESCEND
0.1315,0.1898,0.3362,0.1584,0.00274,0.00079,0.00348,-5.00,0.00,0.00,0.3,125.61,633.30,302.14,DESCEND
0.1416,-0.1501,-0.0037,0.2384,0.00574,0.02279,0.00048,-5.00,0.00,0.00,0.4,125.61,633.30,302.10,DESCEND
0.1517,0.3198,0.0262,-0.1115,0.01374,0.00379,-0.00151,-5.00,0.00,0.00,0.4,125.61,633.30,302.04,DESCEND
0.1618,0.1598,-0.1937,0.2584,0.00174,0.01279,-0.00051,-5.00,0.00,0.00,0.5,125.61,633.30,302.00,DESCEND
0.1719,-0.0701,0.1262,0.0084,-0.00525,0.00579,-0.00151,-5.00,0.00,0.00,0.5,125.61,633.30,301.94,DESCEND
0.1820,-0.1901,0.1862,-0.2415,-0.01925,-0.00320,0.00348,-5.00,0.00,0.00,0.6,125.61,633.30,301.90,DESCEND
0.1922,-0.2101,0.0962,0.0684,-0.00525,-0.00120,-0.00051,-5.00,0.00,0.00,0.6,125.61,633.31,301.84,DESCEND
0.2023,-0.1201,-0.1337,0.0984,-0.01225,-0.00520,-0.00251,-5.00,0.00,0.00,0.7,125.61,633.31,301.80,DESCEND
0.2125,-0.1001,0.2262,0.1184,0.01574,0.00979,0.00148,-5.00,0.00,0.00,0.7,125.61,633.31,301.74,DESCEND
0.2226,-0.1701,0.1662,0.0184,0.00974,0.00579,-0.00051,-5.00,0.00,0.00,0.8,125.61,633.31,301.70,DESCEND
0.2327,0.0598,0.1362,-0.2415,0.01274,-0.00320,0.00248,-5.00,0.00,0.00,0.8,125.61,633.31,301.64,DESCEND
0.2428,-0.1601,-0.1137,0.2384,0.00674,0.00679,0.00248,-5.00,0.00,0.00,0.9,125.61,633.32,301.60,DESCEND
0.2529,-0.0201,0.1562,0.0784,0.01774,0.00379,0.00048,-5.00,0.00,0.00,0.9,125.61,633.32,301.54,DESCEND
0.2630,-0.2601,0.2062,-0.2615,-0.02025,-0.00820,0.00348,-5.00,0.00,0.00,1.0,125.61,633.32,301.48,DESCEND
0.2731,0.0398,0.0962,0.0284,0.00974,0.00379,0.00148,-5.00,0.00,0.00,1.0,125.61,633.32,301.44,DESCEND
0.2832,0.1398,-0.1037,0.1984,0.02774,0.01879,0.00148,-5.00,0.00,0.00,1.1,125.61,633.32,301.38,DESCEND
0.2934,0.1098,-0.1437,0.1184,-0.00025,0.00179,0.00048,-5.00,0.00,0.00,1.1,125.61,633.33,301.34,DESCEND
0.3035,-0.0501,0.2362,-0.1115,0.00274,-0.00820,0.00348,-5.00,0.00,0.00,1.2,125.61,633.33,301.28,DESCEND
0.3136,0.0598,0.0562,-0.2715,0.00474,-0.01520,0.00148,-5.00,0.00,0.00,1.2,125.61,633.33,301.24,DESCEND
0.3237,-0.3701,-0.0137,-0.0315,-0.00725,-0.00120,0.00148,-5.00,0.00,0.00,1.3,125.61,633.33,301.18,DESCEND
0.3338,-0.1101,0.0162,-0.1415,-0.00525,-0.00320,-0.00051,-5.00,0.00,0.00,1.3,125.61,633.33,301.14,DESCEND
0.3439,-0.3801,-0.0137,0.1484,-0.01625,0.00179,-0.00251,-5.00,0.00,0.00,1.4,125.61,633.33,301.08,DESCEND
0.3540,-0.1501,0.0262,-0.0015,0.01074,0.00879,-0.00051,-5.00,0.00,0.00,1.4,125.61,633.34,301.04,DESCEND
0.3642,-0.0301,0.5462,-0.0715,-0.00025,0.00479,0.00348,-5.00,0.00,0.00,1.5,125.61,633.34,300.98,DESCEND
0.3743,-0.0901,0.2162,0.2284,0.01174,0.01879,0.00248,-5.00,0.00,0.00,1.5,125.61,633.34,300.94,DESCEND
0.3844,0.0998,0.2562,-0.3315,-0.01125,-0.00920,0.00048,-5.00,0.00,0.00,1.6,125.61,633.34,300.88,DESCEND
0.3945,-0.0301,-0.0337,0.2884,0.01474,0.01279,0.00148,-5.00,0.00,0.00,1.6,125.61,633.34,300.84,DESCEND
0.4046,0.1398,-0.0037,0.1884,0.01574,0.01779,0.00048,-5.00,0.00,0.00,1.7,125.61,633.35,300.78,DESCEND
0.4147,-0.0001,0.1662,0.0584,-0.00225,-0.00520,0.00548,-5.00,0.00,0.00,1.7,125.61,633.35,300.74,DESCEND
0.4248,-0.0201,-0.0337,0.0584,0.00574,-0.00320,0.00248,-5.00,0.00,0.00,1.8,125.61,633.35,300.68,DESCEND
0.4348,0.0298,-0.1637,-0.0215,0.00274,-0.00620,0.00048,-5.00,0.00,0.00,1.8,125.61,633.35,300.64,DESCEND
0.4449,-0.1701,0.1962,-0.0115,0.00374,-0.00020,0.00448,-5.00,0.00,0.00,1.9,125.61,633.35,300.58,DESCEND
0.4550,-0.0801,-0.0237,0.3684,0.00174,0.00679,0.00048,-5.00,0.00,0.00,2.0,125.61,633.36,300.52,DESCEND
0.4651,-0.3001,0.0562,0.0884,0.00074,-0.00520,0.00248,-5.00,0.00,0.00,2.0,125.61,633.36,300.48,DESCEND
0.4752,-0.2301,0.0762,-0.0315,0.00974,0.00979,0.00048,-5.00,0.00,0.00,2.1,125.62,633.36,300.42,DESCEND
0.4853,-0.1101,-0.0837,0.5584,0.00674,0.02279,-0.00051,-5.00,0.00,0.00,2.1,125.62,633.36,300.38,DESCEND
0.4954,0.0398,0.3062,-0.1715,0.00674,-0.00620,-0.00051,-5.00,0.00,0.00,2.2,125.62,633.36,300.32,DESCEND
0.5055,-0.1501,-0.2537,0.0784,-0.01625,-0.00720,-0.00251,-5.00,0.00,0.00,2.2,125.62,633.36,300.28,DESCEND
0.5156,0.1298,0.0862,-0.0815,0.01674,0.00479,0.00148,-5.00,0.00,0.00,2.3,125.62,633.37,300.22,DESCEND
0.5257,-0.1901,0.1462,0.1084,-0.00325,0.00779,0.00148,-5.00,0.00,0.00,2.3,125.62,633.37,300.18,DESCEND
0.5358,0.0198,-0.0637,0.2284,0.01274,0.01479,0.00248,-5.00,0.00,0.00,2.4,125.62,633.37,300.12,DESCEND
0.5459,0.1198,0.0662,0.5084,0.02374,0.01179,0.00248,-5.00,0.00,0.00,2.4,125.62,633.37,300.08,DESCEND
0.5560,0.0798,0.2362,-0.4415,-0.00625,-0.01820,0.00348,-5.00,0.00,0.00,2.5,125.62,633.37,300.02,DESCEND
0.5661,-0.0601,0.1862,-0.2015,-0.00125,-0.00020,0.00548,-5.00,0.00,0.00,2.5,125.62,633.38,299.98,DESCEND
0.5762,0.0298,0.3262,-0.1515,-0.00425,-0.01420,0.00248,-5.00,0.00,0.00,2.6,125.62,633.38,299.92,DESCEND
0.5863,-0.2801,0.0062,0.0984,-0.01825,-0.00220,-0.00151,-5.00,0.00,0.00,2.6,125.62,633.38,299.88,DESCEND
0.5965,-0.2201,-0.2037,0.2984,0.01674,0.01179,0.00048,-5.00,0.00,0.00,2.7,125.62,633.38,299.82,DESCEND
0.6065,-0.1301,0.2562,-0.2315,0.00174,-0.00320,0.00248,-5.00,0.00,0.00,2.7,125.62,633.38,299.78,DESCEND
0.6166,-0.0601,-0.1037,0.0084,0.01174,0.00679,-0.00351,-5.00,0.00,0.00,2.8,125.62,633.38,299.72,DESCEND
0.6267,0.1398,0.1962,-0.0515,0.00374,-0.00620,0.00248,-5.00,0.00,0.00,2.8,125.62,633.39,299.68,DESCEND
0.6369,0.1398,-0.2437,0.0684,0.01274,-0.00120,-0.00051,-5.00,0.00,0.00,2.9,125.62,633.39,299.62,DESCEND
0.6469,0.1498,0.1062,-0.0615,0.00774,-0.00020,-0.00051,-5.00,0.00,0.00,2.9,125.62,633.39,299.58,DESCEND
0.6570,-0.1901,-0.2737,0.3784,0.01774,0.02779,0.00248,-5.00,0.00,0.00,3.0,125.62,633.39,299.52,DESCEND
0.6671,0.0898,0.3962,-0.2115,-0.00525,-0.01220,0.00648,-5.00,0.00,0.00,3.0,125.62,633.39,299.46,DESCEND
0.6772,0.0798,0.3262,-0.2715,0.01074,-0.00420,0.00648,-5.00,0.00,0.00,3.1,125.62,633.40,299.42,DESCEND
0.6873,-0.0501,0.0362,-0.0315,-0.00725,-0.00320,0.00248,-5.00,0.00,0.00,3.1,125.62,633.40,299.36,DESCEND
0.6975,-0.0201,-0.1437,0.4284,0.00474,0.01179,-0.00251,-5.00,0.00,0.00,3.2,125.62,633.40,299.32,DESCEND
0.7076,-0.0701,0.3562,-0.0115,0.00574,-0.00120,0.00848,-5.00,0.00,0.00,3.2,125.62,633.40,299.26,DESCEND
0.7177,-0.1101,0.3462,-0.0615,-0.00125,0.00379,0.00548,-5.00,0.00,0.00,3.3,125.62,633.40,299.22,DESCEND
0.7278,-0.0101,0.2662,-0.0115,0.00174,-0.00020,0.00448,-5.00,0.00,0.00,3.3,125.62,633.41,299.16,DESCEND
0.7379,-0.0901,-0.0637,-0.0515,-0.01225,-0.00520,0.00048,-5.00,0.00,0.00,3.4,125.62,633.41,299.12,DESCEND
0.7480,-0.1401,0.0762,0.0984,-0.00525,-0.00420,0.00048,-5.00,0.00,0.00,3.4,125.62,633.41,299.06,DESCEND
0.7582,0.0598,0.4262,-0.0415,0.00274,-0.00720,0.00748,-5.00,0.00,0.00,3.5,125.62,633.41,299.02,DESCEND
0.7683,-0.0501,0.0162,0.4384,0.01674,0.01979,0.00148,-5.00,0.00,0.00,3.5,125.62,633.41,298.96,DESCEND
0.7784,-0.0501,0.0862,-0.1915,0.00074,-0.00220,0.00348,-5.00,0.00,0.00,3.6,125.62,633.41,298.92,DESCEND
0.7885,-0.2801,0.3862,-0.0815,-0.01425,-0.00220,0.00948,-5.00,0.00,0.00,3.6,125.62,633.42,298.86,DESCEND
0.7986,-0.3601,0.5862,0.1184,-0.00925,0.00979,0.00848,-5.00,0.00,0.00,3.7,125.62,633.42,298.82,DESCEND
0.8087,0.1098,0.0762,0.1184,0.01474,0.00179,0.00148,-5.00,0.00,0.00,3.7,125.62,633.42,298.76,DESCEND
0.8188,-0.0001,0.2562,-0.1015,-0.00625,-0.01020,-0.00051,-5.00,0.00,0.00,3.8,125.62,633.42,298.72,DESCEND
0.8289,-0.1801,-0.0837,0.1284,-0.00725,0.00479,0.00048,-5.00,0.00,0.00,3.8,125.62,633.42,298.66,DESCEND
0.8390,-0.1401,0.0862,0.2884,-0.00325,-0.00020,0.00548,-5.00,0.00,0.00,3.9,125.62,633.43,298.60,DESCEND
0.8491,-0.0401,-0.1437,0.0784,-0.00125,-0.00820,0.00048,-5.00,0.00,0.00,3.9,125.62,633.43,298.56,DESCEND
0.8592,0.0298,-0.0637,0.0084,0.00774,0.00579,0.00148,-5.00,0.00,0.00,4.0,125.62,633.43,298.50,DESCEND
0.8693,0.0698,-0.2737,-0.0315,-0.00825,0.00379,0.00048,-5.00,0.00,0.00,4.0,125.62,633.43,298.46,DESCEND
0.8794,0.0398,0.3362,-0.1915,0.00674,-0.00620,0.00348,-5.00,0.00,0.00,4.1,125.62,633.43,298.40,DESCEND
0.8895,-0.1001,0.1162,0.2184,-0.00725,0.00379,0.00548,-5.00,0.00,0.00,4.1,125.62,633.43,298.36,DESCEND
0.9003,0.0598,0.4462,-0.5015,0.00674,-0.00520,0.00548,-5.00,0.00,0.00,4.2,125.62,633.44,298.30,DESCEND
0.9104,-0.2801,0.1762,0.1284,0.00174,0.01179,0.00248,-5.00,0.00,0.00,4.2,125.62,633.44,298.26,DESCEND
0.9206,0.0098,0.3462,-0.0415,-0.00625,-0.00120,0.00748,-5.00,0.00,0.00,4.3,125.62,633.44,298.20,DESCEND
0.9307,-0.1801,0.3762,-0.1315,0.00074,0.00079,0.00348,-5.00,0.00,0.00,4.3,125.62,633.44,298.16,DESCEND
0.9408,-0.2401,0.5962,-0.3615,0.00874,0.01379,0.00548,-5.00,0.00,0.00,4.4,125.62,633.44,298.10,DESCEND
0.9509,-0.1601,0.0062,0.0884,0.00874,0.00879,0.00148,-5.00,0.00,0.00,4.4,125.62,633.45,298.06,DESCEND
0.9611,-0.0801,0.2262,-0.4715,0.01974,-0.00020,0.00548,-5.00,0.00,0.00,4.5,125.62,633.45,298.00,DESCEND
0.9712,-0.0101,-0.1137,0.2684,0.01674,0.00679,0.00048,-5.00,0.00,0.00,4.5,125.62,633.45,297.94,DESCEND
0.9813,0.2498,0.2562,-0.2515,0.00574,-0.00620,0.00648,-5.00,0.00,0.00,4.6,125.62,633.45,297.90,DESCEND
0.9914,-0.1301,-0.0137,-0.2215,-0.00625,0.00279,0.00348,-5.00,0.00,0.00,4.6,125.62,633.45,297.84,DESCEND
1.0015,0.0398,-0.0037,0.2184,-0.00025,-0.00020,0.00048,-5.00,0.00,0.00,4.7,125.62,633.46,297.80,DESCEND
1.0116,-0.0001,0.3062,0.0784,0.02174,0.00079,0.00548,-5.00,0.00,0.00,4.7,125.62,633.46,297.74,DESCEND
1.0217,-0.0601,0.4362,-0.2015,-0.00725,-0.00120,0.00348,-5.00,0.00,0.00,4.8,125.62,633.46,297.70,DESCEND
1.0318,-0.0101,0.2862,-0.1915,-0.01925,-0.01320,0.00448,-5.00,0.00,0.00,4.8,125.62,633.46,297.64,DESCEND
1.0420,-0.1001,-0.0037,0.2884,-0.00025,0.01079,0.00248,-5.00,0.00,0.00,4.9,125.62,633.46,297.60,DESCEND
1.0520,-0.0901,0.3262,0.1784,0.01774,0.01079,0.00848,-5.00,0.00,0.00,4.9,125.62,633.47,297.54,DESCEND
1.0621,-0.1701,0.4262,-0.2215,-0.00725,-0.00320,0.00548,-5.00,0.00,0.00,5.0,125.62,633.47,297.50,DESCEND
1.0722,0.0298,0.2562,-0.2015,0.01874,0.00079,0.00648,-5.00,0.00,0.00,5.0,125.62,633.47,297.44,DESCEND
1.0823,0.0398,0.2162,-0.0115,0.00874,0.00179,0.00648,-5.00,0.00,0.00,5.1,125.62,633.47,297.40,DESCEND
1.0924,-0.0401,0.1062,-0.2115,-0.00925,-0.00820,0.00548,-5.00,0.00,0.00,5.1,125.63,633.47,297.34,DESCEND
1.1025,0.0798,-0.0037,0.1384,0.00174,-0.00620,-0.00151,-5.00,0.00,0.00,5.2,125.63,633.47,297.30,DESCEND
1.1126,-0.1801,0.4062,-0.1515,-0.01525,-0.01820,0.00948,-5.00,0.00,0.00,5.2,125.63,633.48,297.24,DESCEND
1.1227,0.2498,0.2862,-0.1515,0.03074,-0.00420,0.00448,-5.00,0.00,0.00,5.3,125.63,633.48,297.20,DESCEND
1.1328,-0.1501,-0.0637,0.2784,0.00674,0.00879,0.00248,-5.00,0.00,0.00,5.3,125.63,633.48,297.14,DESCEND
1.1429,0.0298,0.1362,0.1684,0.02274,0.01279,0.00048,-5.00,0.00,0.00,5.4,125.63,633.48,297.08,DESCEND
1.1530,-0.0901,0.1562,0.1684,0.00274,-0.00020,0.00248,-5.00,0.00,0.00,5.4,125.63,633.48,297.04,DESCEND
1.1631,0.0298,0.1162,-0.1015,0.01474,0.00579,0.00448,-5.00,0.00,0.00,5.5,125.63,633.49,296.98,DESCEND
1.1732,0.0098,0.4962,-0.0715,-0.00425,-0.00020,0.00448,-5.00,0.00,0.00,5.5,125.63,633.49,296.94,DESCEND
1.1833,0.1298,-0.0537,0.2184,0.02974,0.01379,0.00048,-5.00,0.00,0.00,5.6,125.63,633.49,296.88,DESCEND
1.1934,-0.1901,0.2562,-0.0115,0.01174,0.01379,0.00448,-5.00,0.00,0.00,5.6,125.63,633.49,296.84,DESCEND
1.2035,-0.0301,0.1662,-0.0315,0.00074,0.00179,0.00248,-5.00,0.00,0.00,5.7,125.63,633.49,296.78,DESCEND
1.2136,-0.0701,0.0862,0.0084,-0.01125,-0.00920,-0.00051,-5.00,0.00,0.00,5.7,125.63,633.49,296.74,DESCEND
1.2237,-0.3701,0.2962,0.0784,0.01374,0.01779,0.00848,-5.00,0.00,0.00,5.8,125.63,633.50,296.68,DESCEND
1.2338,-0.1501,-0.0437,0.0184,0.00574,0.00479,0.00548,-5.00,0.00,0.00,5.8,125.63,633.50,296.64,DESCEND
1.2439,-0.1501,0.1362,0.1784,-0.00425,0.00579,0.00148,-5.00,0.00,0.00,5.9,125.63,633.50,296.58,DESCEND
1.2540,-0.2301,0.3362,-0.2215,-0.02425,-0.00220,0.00348,-5.00,0.00,0.00,5.9,125.63,633.50,296.54,DESCEND
1.2643,-0.1601,0.1162,0.1384,0.00074,-0.00120,0.00548,-5.00,0.00,0.00,6.0,125.63,633.50,296.48,DESCEND
1.2744,-0.0101,0.2462,-0.0115,-0.00325,0.00279,0.00548,-5.00,0.00,0.00,6.0,125.63,633.51,296.44,DESCEND
1.2845,0.0498,-0.1437,0.1584,0.01174,0.00679,0.00148,-5.00,0.00,0.00,6.1,125.63,633.51,296.38,DESCEND
1.2946,0.1198,0.0362,0.3784,0.00974,-0.00220,0.00248,-5.00,0.00,0.00,6.1,125.63,633.51,296.34,DESCEND
1.3046,-0.0401,0.0362,0.0884,0.00774,0.00779,0.00148,-5.00,0.00,0.00,6.2,125.63,633.51,296.28,DESCEND
1.3147,-0.2201,0.1562,0.1784,-0.00025,0.00879,0.00648,-5.00,0.00,0.00,6.2,125.63,633.51,296.24,DESCEND
1.3248,0.1098,0.0762,0.3084,0.01474,0.00979,0.00248,-5.00,0.00,0.00,6.3,125.63,633.52,296.18,DESCEND
1.3349,-0.0501,0.1262,0.0284,0.00874,0.00379,0.00048,-5.00,0.00,0.00,6.3,125.63,633.52,296.14,DESCEND
1.3450,-0.0701,0.2762,-0.2915,-0.00225,-0.00520,0.00148,-5.00,0.00,0.00,6.4,125.63,633.52,296.08,DESCEND
1.3551,0.0098,0.0362,0.2184,0.01274,0.00179,0.00248,-5.00,0.00,0.00,6.4,125.63,633.52,296.02,DESCEND
1.3652,-0.0801,0.1162,0.2784,0.00974,0.00979,0.00448,-5.00,0.00,0.00,6.5,125.63,633.52,295.98,DESCEND
1.3753,-0.2201,0.1562,0.0784,0.00174,0.01179,0.00048,-5.00,0.00,0.00,6.5,125.63,633.53,295.92,DESCEND
1.3854,-0.1801,0.1662,0.2184,0.01074,0.01679,0.00448,-5.00,0.00,0.00,6.6,125.63,633.53,295.88,DESCEND
1.3955,-0.1701,0.3062,-0.3115,0.01474,0.00279,0.00748,-5.00,0.00,0.00,6.6,125.63,633.53,295.82,DESCEND
1.4056,0.0298,-0.0937,0.2784,0.00474,0.00779,-0.00251,-5.00,0.00,0.00,6.7,125.63,633.53,295.78,DESCEND
1.4157,-0.0901,0.2062,0.1884,-0.00325,0.00079,0.00948,-5.00,0.00,0.00,6.7,125.63,633.53,295.72,DESCEND
1.4258,0.0598,0.3462,-0.2615,0.01374,-0.00020,0.00248,-5.00,0.00,0.00,6.8,125.63,633.53,295.68,DESCEND
1.4359,0.0198,-0.0537,0.2484,0.01174,-0.00020,0.00248,-5.00,0.00,0.00,6.8,125.63,633.54,295.62,DESCEND
1.4460,-0.1301,0.1362,0.0484,-0.00725,-0.00620,-0.00051,-5.00,0.00,0.00,6.9,125.63,633.54,295.58,DESCEND
1.4561,-0.1801,0.0962,0.2184,0.00774,0.01079,0.00548,-5.00,0.00,0.00,6.9,125.63,633.54,295.52,DESCEND
1.4662,-0.0801,-0.0337,0.3684,-0.00025,0.00479,0.00348,-5.00,0.00,0.00,7.0,125.63,633.54,295.48,DESCEND
1.4763,0.0098,0.1662,0.0184,0.00574,-0.00420,0.00348,-5.00,0.00,0.00,7.0,125.63,633.54,295.42,DESCEND
1.4864,-0.0001,0.0462,0.3784,0.01674,0.01079,-0.00051,-5.00,0.00,0.00,7.1,125.63,633.54,295.38,DESCEND
1.4966,-0.0801,0.1762,-0.2115,0.00274,-0.00120,0.00848,-5.00,0.00,0.00,7.1,125.63,633.55,295.32,DESCEND
1.5067,-0.0201,0.2762,0.1584,0.01374,0.00579,0.00548,-5.00,0.00,0.00,7.2,125.63,633.55,295.28,DESCEND
1.5168,-0.2501,0.2762,0.1184,0.00274,0.00879,0.00448,-5.00,0.00,0.00,7.2,125.63,633.55,295.22,DESCEND
1.5269,-0.0901,0.2862,0.0684,-0.00725,-0.00520,0.00548,-5.00,0.00,0.00,7.3,125.63,633.55,295.18,DESCEND
1.5370,-0.0001,0.1162,0.1084,0.00674,0.00679,0.00548,-5.00,0.00,0.00,7.3,125.63,633.55,295.12,DESCEND
1.5471,0.0398,-0.3037,0.3584,0.01074,0.00179,0.00348,-5.00,0.00,0.00,7.4,125.63,633.56,295.06,DESCEND
1.5572,0.1498,0.0762,0.0684,0.02174,0.00179,0.00348,-5.00,0.00,0.00,7.4,125.63,633.56,295.02,DESCEND
1.5673,0.2098,0.1562,0.0084,0.01874,0.00279,0.00148,-5.00,0.00,0.00,7.5,125.63,633.56,294.96,DESCEND
1.5774,0.1398,0.2762,0.0684,0.01774,0.00979,0.00548,-5.00,0.00,0.00,7.5,125.63,633.56,294.92,DESCEND
1.5875,-0.0301,0.1162,0.2284,0.01374,0.00579,0.00048,-5.00,0.00,0.00,7.6,125.63,633.56,294.86,DESCEND
1.5976,-0.1401,-0.0337,0.3484,0.01474,0.00879,0.00648,-5.00,0.00,0.00,7.6,125.63,633.57,294.82,DESCEND
1.6077,-0.1901,-0.0937,0.2684,-0.00425,0.01179,0.00348,-5.00,0.00,0.00,7.7,125.63,633.57,294.76,DESCEND
1.6178,0.0298,0.1862,-0.0115,0.01874,-0.00220,0.00448,-5.00,0.00,0.00,7.7,125.63,633.57,294.72,DESCEND
1.6279,-0.1301,0.1962,-0.1615,0.00474,-0.00020,0.00848,-5.00,0.00,0.00,7.8,125.63,633.57,294.66,DESCEND
1.6380,-0.0501,0.3162,0.1084,-0.00825,-0.00920,0.00448,-5.00,0.00,0.00,7.8,125.63,633.57,294.62,DESCEND
1.6480,-0.0301,0.1862,0.0184,0.00174,0.00479,0.00448,-5.00,0.00,0.00,7.9,125.63,633.58,294.56,DESCEND
1.6581,-0.0601,0.0462,0.0484,-0.00525,0.00479,0.00448,-5.00,0.00,0.00,7.9,125.63,633.58,294.52,DESCEND
1.6682,0.0898,-0.1237,0.2584,0.02174,0.01379,-0.00151,-5.00,0.00,0.00,8.0,125.63,633.58,294.46,DESCEND
1.6783,-0.0401,0.5262,-0.1715,0.02174,0.01079,0.00748,-5.00,0.00,0.00,8.0,125.63,633.58,294.42,DESCEND
1.6884,0.0498,0.1762,0.1084,0.02074,0.00379,0.00048,-5.00,0.00,0.00,8.1,125.63,633.58,294.36,DESCEND
1.6985,0.0998,0.0062,0.2684,0.01974,0.01279,0.00448,-5.00,0.00,0.00,8.1,125.63,633.58,294.32,DESCEND
1.7086,-0.0401,0.1262,0.1284,0.00074,-0.00320,0.00448,-5.00,0.00,0.00,8.2,125.63,633.59,294.26,DESCEND
1.7187,-0.1201,-0.0537,0.3484,-0.00625,0.00079,0.00148,-5.00,0.00,0.00,8.2,125.64,633.59,294.22,DESCEND
1.7288,0.0498,-0.1137,0.0884,0.02174,0.00879,0.00148,-5.00,0.00,0.00,8.3,125.64,633.59,294.16,DESCEND
1.7389,0.0098,0.1062,0.2184,-0.00525,0.00279,0.00648,-5.00,0.00,0.00,8.3,125.64,633.59,294.12,DESCEND
1.7490,-0.1301,0.1062,0.0384,0.00974,0.00479,0.00948,-5.00,0.00,0.00,8.4,125.64,633.59,294.06,DESCEND
1.7591,-0.1101,0.2462,0.0784,-0.00725,-0.00420,0.00548,-5.00,0.00,0.00,8.5,125.64,633.60,294.00,DESCEND
1.7692,-0.0501,0.0862,-0.0215,0.00374,-0.00320,0.00348,-5.00,0.00,0.00,8.5,125.64,633.60,293.96,DESCEND
1.7793,-0.0901,0.3662,-0.0615,-0.00625,-0.00420,0.00448,-5.00,0.00,0.00,8.6,125.64,633.60,293.90,DESCEND
1.7894,0.0598,0.2362,-0.2315,0.01374,-0.00420,0.00648,-5.00,0.00,0.00,8.6,125.64,633.60,293.86,DESCEND
1.7995,-0.1101,0.5262,-0.2615,-0.00525,-0.00120,0.00648,-5.00,0.00,0.00,8.7,125.64,633.60,293.80,DESCEND
1.8096,-0.0001,0.1962,0.1984,0.00174,0.00579,0.00348,-5.00,0.00,0.00,8.7,125.64,633.60,293.76,DESCEND
1.8197,-0.1401,0.5462,-0.4515,0.00674,-0.01020,0.00948,-5.00,0.00,0.00,8.8,125.64,633.61,293.70,DESCEND
1.8297,-0.0401,0.0262,0.3684,0.01274,0.00979,0.00748,-5.00,0.00,0.00,8.8,125.64,633.61,293.66,DESCEND
1.8398,-0.1301,-0.1037,0.2784,-0.00025,0.00979,0.00048,-5.00,0.00,0.00,8.9,125.64,633.61,293.60,DESCEND
1.8499,0.0798,-0.0037,0.1784,0.01474,0.00479,0.00248,-5.00,0.00,0.00,8.9,125.64,633.61,293.56,DESCEND
1.8600,-0.0701,0.0662,-0.0315,0.01774,0.01279,0.00448,-5.00,0.00,0.00,9.0,125.64,633.61,293.50,DESCEND
1.8701,-0.0801,0.2462,0.0684,0.02074,0.01679,0.00548,-5.00,0.00,0.00,9.0,125.64,633.62,293.46,DESCEND
1.8802,0.0198,0.3562,-0.2415,0.00574,-0.00720,0.00548,-5.00,0.00,0.00,9.1,125.64,633.62,293.40,DESCEND
1.8903,0.0198,0.3662,-0.0115,-0.00125,-0.00220,0.00748,-5.00,0.00,0.00,9.1,125.64,633.62,293.36,DESCEND
1.9004,-0.1201,-0.1137,0.1784,0.00574,0.00579,0.00448,-5.00,0.00,0.00,9.2,125.64,633.62,293.30,DESCEND
1.9105,-0.0501,0.2462,-0.0515,-0.00925,-0.01020,0.00348,-5.00,0.00,0.00,9.2,125.64,633.62,293.26,DESCEND
1.9206,-0.0101,0.0862,-0.1215,0.00674,-0.00120,0.00248,-5.00,0.00,0.00,9.3,125.64,633.63,293.20,DESCEND
1.9307,0.0798,-0.0637,0.0984,0.01374,0.00079,0.00448,-5.00,0.00,0.00,9.3,125.64,633.63,293.16,DESCEND
1.9409,0.0498,-0.1337,0.0684,0.01574,0.00879,0.00248,-5.00,0.00,0.00,9.4,125.64,633.63,293.10,DESCEND
1.9510,-0.0301,-0.1337,0.2684,0.00074,0.00179,0.00448,-5.00,0.00,0.00,9.4,125.64,633.63,293.04,DESCEND
1.9611,-0.0101,0.0262,0.3684,-0.00425,-0.00220,0.00048,-5.00,0.00,0.00,9.5,125.64,633.63,293.00,DESCEND
1.9712,-0.1001,0.2262,-0.3215,0.02174,0.00879,0.00548,-5.00,0.00,0.00,9.5,125.64,633.63,292.94,DESCEND
1.9812,-0.1701,0.1162,0.0384,0.01574,0.01279,0.00348,-5.00,0.00,0.00,9.6,125.64,633.64,292.90,DESCEND
1.9913,0.0298,-0.2637,0.4384,0.00574,0.00579,0.00348,-5.00,0.00,0.00,9.6,125.64,633.64,292.84,DESCEND
2.0014,0.0998,-0.1037,0.2384,0.02174,0.00379,0.00348,-5.00,0.00,0.00,9.7,125.64,633.64,292.80,DESCEND
2.0115,-0.1201,0.1962,0.0784,0.00774,0.00979,0.00348,-5.00,0.00,0.00,9.7,125.64,633.64,292.74,DESCEND
2.0216,-0.1701,0.0362,0.0784,0.00974,0.00979,0.00648,-5.00,0.00,0.00,9.8,125.64,633.64,292.70,DESCEND
2.0317,-0.0201,0.3762,-0.1315,0.00674,-0.00120,0.00448,-5.00,0.00,0.00,9.8,125.64,633.65,292.64,DESCEND
2.0418,0.0098,0.0962,0.2184,0.00074,0.00279,0.00748,-5.00,0.00,0.00,9.9,125.64,633.65,292.60,DESCEND
2.0519,-0.1201,0.2962,0.0684,-0.01225,-0.01620,0.00548,-5.00,0.00,0.00,9.9,125.64,633.65,292.54,DESCEND
2.0621,-0.0501,0.1062,0.0484,-0.00825,-0.00420,0.00148,-5.00,0.00,0.00,10.0,125.64,633.65,292.50,DESCEND
2.0721,-0.0501,0.1462,0.1784,0.00874,0.00679,0.00648,-5.00,0.00,0.00,10.0,125.64,633.65,292.44,DESCEND
2.0823,0.0498,0.4262,-0.3915,0.00074,-0.01220,0.00748,-5.00,0.00,0.00,10.1,125.64,633.65,292.40,DESCEND
2.0924,0.2198,0.6462,-0.3515,0.02274,-0.00520,0.00748,-5.00,0.00,0.00,10.1,125.64,633.66,292.34,DESCEND
2.1025,-0.0401,0.0262,0.2084,0.01374,0.00979,0.00348,-5.00,0.00,0.00,10.2,125.64,633.66,292.30,DESCEND
2.1126,0.0698,-0.0337,0.1484,0.02174,0.01279,0.00048,-5.00,0.00,0.00,10.2,125.64,633.66,292.24,DESCEND
2.1227,0.0398,-0.0237,0.0484,-0.00425,-0.00820,0.00548,-5.00,0.00,0.00,10.3,125.64,633.66,292.20,DESCEND
2.1328,-0.1201,-0.0237,0.1284,0.01074,0.01179,0.00548,-5.00,0.00,0.00,10.3,125.64,633.66,292.14,DESCEND
2.1429,-0.0901,0.2262,-0.1315,0.00674,0.01179,0.00848,-5.00,0.00,0.00,10.4,125.64,633.67,292.11,DESCEND
2.1530,-0.0701,-0.0637,0.1584,0.01374,0.00379,0.00248,-5.00,0.00,0.00,10.4,125.64,633.67,292.05,DESCEND
2.1630,-0.0601,-0.0737,0.1284,-0.00125,0.00179,0.00348,-5.00,0.00,0.00,10.5,125.64,633.67,291.99,DESCEND
2.1731,-0.0601,0.3462,-0.0415,0.00474,-0.00820,0.00848,-5.00,0.00,0.00,10.5,125.64,633.67,291.95,DESCEND
2.1833,0.0198,0.1362,-0.0415,0.00274,0.00079,0.00948,-5.00,0.00,0.00,10.6,125.64,633.67,291.89,DESCEND
2.1934,-0.0201,0.4762,-0.2815,0.00474,-0.00720,0.00948,-5.00,0.00,0.00,10.6,125.64,633.68,291.85,DESCEND
2.2035,-0.1001,0.2862,0.0384,0.00974,0.00479,0.00648,-5.00,0.00,0.00,10.7,125.64,633.68,291.79,DESCEND
2.2136,-0.0301,0.3562,-0.2015,-0.00525,-0.01020,0.00648,-5.00,0.00,0.00,10.7,125.64,633.68,291.75,DESCEND
2.2237,-0.0801,0.2262,-0.3715,-0.01225,-0.00320,0.00748,-5.00,0.00,0.00,10.8,125.64,633.68,291.69,DESCEND
2.2338,-0.1201,0.6062,-0.3615,-0.01025,-0.00620,0.00948,-5.00,0.00,0.00,10.8,125.64,633.68,291.65,DESCEND
2.2439,-0.1301,0.0662,0.2584,-0.00025,0.00479,0.00648,-5.00,0.00,0.00,10.9,125.64,633.69,291.59,DESCEND
2.2539,0.1398,0.3862,0.1184,0.01674,0.00879,0.00648,-5.00,0.00,0.00,10.9,125.64,633.69,291.55,DESCEND
2.2640,0.1998,0.0562,0.1984,0.02274,0.01379,0.00348,-5.00,0.00,0.00,11.0,125.64,633.69,291.49,DESCEND
2.2742,-0.0501,0.0062,-0.0115,0.00674,0.00579,0.00448,-5.00,0.00,0.00,11.0,125.64,633.69,291.45,DESCEND
2.2843,-0.0701,0.4662,-0.3215,0.01174,0.00379,0.00548,-5.00,0.00,0.00,11.1,125.64,633.69,291.39,DESCEND
2.2944,-0.2901,-0.0037,-0.0515,-0.01425,0.00279,0.00848,-5.00,0.00,0.00,11.1,125.64,633.69,291.35,DESCEND
2.3045,-0.0201,0.0762,-0.0015,0.01274,0.00579,0.00648,-5.00,0.00,0.00,11.2,125.64,633.70,291.29,DESCEND
2.3146,0.0098,0.1062,0.0884,0.01874,0.00379,0.00448,-5.00,0.00,0.00,11.2,125.64,633.70,291.25,DESCEND
2.3247,-0.0801,0.1262,0.3384,0.01074,0.00879,0.00348,-5.00,0.00,0.00,11.3,125.64,633.70,291.19,DESCEND
2.3348,-0.2201,0.3962,-0.3615,-0.00625,-0.00520,0.01148,-5.00,0.00,0.00,11.3,125.64,633.70,291.15,DESCEND
2.3449,0.0998,0.2062,-0.1715,0.00474,-0.00820,0.00748,-5.00,0.00,0.00,11.4,125.64,633.70,291.09,DESCEND
2.3550,0.0898,0.0062,-0.0515,0.02874,0.00579,0.00448,-5.00,0.00,0.00,11.4,125.64,633.71,291.05,DESCEND
2.3651,-0.2101,0.4062,-0.1815,-0.01125,-0.00020,0.00948,-5.00,0.00,0.00,11.5,125.65,633.71,290.99,DESCEND
2.3752,0.0198,0.3062,-0.1915,-0.00325,-0.00720,0.00848,-5.00,0.00,0.00,11.5,125.65,633.71,290.93,DESCEND
2.3853,-0.0101,0.3662,0.0984,0.01274,0.01379,0.00648,-5.00,0.00,0.00,11.6,125.65,633.71,290.89,DESCEND
2.3954,-0.1201,0.3262,-0.1315,-0.00125,0.00279,0.00848,-5.00,0.00,0.00,11.6,125.65,633.71,290.83,DESCEND
2.4055,-0.0201,0.4862,-0.4015,0.00074,-0.00620,0.00848,-5.00,0.00,0.00,11.7,125.65,633.71,290.79,DESCEND
2.4156,-0.0601,0.0562,0.1884,0.00174,0.00579,0.00248,-5.00,0.00,0.00,11.7,125.65,633.72,290.73,DESCEND
2.4257,-0.1001,0.1362,-0.1715,-0.00325,-0.00220,0.00448,-5.00,0.00,0.00,11.8,125.65,633.72,290.69,DESCEND
2.4359,0.0098,0.2762,-0.0515,0.00874,0.00379,0.00648,-5.00,0.00,0.00,11.8,125.65,633.72,290.63,DESCEND
2.4459,-0.0201,0.1162,0.1784,0.00174,0.00079,0.00548,-5.00,0.00,0.00,11.9,125.65,633.72,290.59,DESCEND
2.4560,-0.0501,0.1962,0.1784,0.00874,0.00779,0.00548,-5.00,0.00,0.00,11.9,125.65,633.72,290.53,DESCEND
2.4661,-0.1301,0.0762,-0.0115,-0.01025,-0.00320,0.00648,-5.00,0.00,0.00,12.0,125.65,633.73,290.49,DESCEND
2.4762,0.0998,0.1762,-0.0615,0.00174,-0.00920,0.00348,-5.00,0.00,0.00,12.0,125.65,633.73,290.43,DESCEND
2.4863,-0.0701,0.3562,-0.2915,0.00374,-0.00720,0.00448,-5.00,0.00,0.00,12.1,125.65,633.73,290.39,DESCEND
2.4964,-0.1201,0.4362,0.1584,0.00874,0.00679,0.00848,-5.00,0.00,0.00,12.1,125.65,633.73,290.33,DESCEND
2.5065,-0.0101,0.2162,0.1084,-0.00625,-0.00420,0.00848,-5.00,0.00,0.00,12.2,125.65,633.73,290.29,DESCEND
2.5166,-0.0601,0.0562,0.4784,0.00874,0.01379,0.00348,-5.00,0.00,0.00,12.2,125.65,633.74,290.23,DESCEND
2.5267,0.0998,-0.0337,-0.0715,0.01074,-0.00420,0.00648,-5.00,0.00,0.00,12.3,125.65,633.74,290.19,DESCEND
2.5368,0.1098,0.2462,0.0884,0.01774,0.00979,0.00748,-5.00,0.00,0.00,12.3,125.65,633.74,290.13,DESCEND
2.5469,0.0798,0.0562,0.4084,0.01874,0.01079,0.00248,-5.00,0.00,0.00,12.4,125.65,633.74,290.09,DESCEND
2.5570,0.0498,0.1962,0.0384,0.01174,0.00279,0.00648,-5.00,0.00,0.00,12.4,125.65,633.74,290.03,DESCEND
2.5672,0.1098,0.0762,0.2784,0.02374,0.00979,0.00448,-5.00,0.00,0.00,12.5,125.65,633.74,289.97,DESCEND
2.5773,-0.1201,0.2062,0.1084,0.02174,0.01279,0.01048,-5.00,0.00,0.00,12.5,125.65,633.75,289.93,DESCEND
2.5874,0.0398,0.2062,-0.0715,0.00774,-0.00020,0.00748,-5.00,0.00,0.00,12.6,125.65,633.75,289.87,DESCEND
2.5975,-0.1801,0.1262,0.1884,0.00774,0.00879,0.00348,-5.00,0.00,0.00,12.6,125.65,633.75,289.83,DESCEND
2.6076,-0.0301,0.0162,0.1984,-0.00425,0.00479,0.00448,-5.00,0.00,0.00,12.7,125.65,633.75,289.77,DESCEND
2.6177,0.1298,0.1562,0.0284,0.01074,0.00379,0.00448,-5.00,0.00,0.00,12.7,125.65,633.75,289.73,DESCEND
2.6278,0.0298,0.0962,-0.2415,0.00274,0.00179,0.00748,-5.00,0.00,0.00,12.8,125.65,633.76,289.67,DESCEND
2.6379,-0.1701,-0.0137,0.0484,0.00274,0.00279,0.00748,-5.00,0.00,0.00,12.8,125.65,633.76,289.63,DESCEND
2.6480,0.1298,0.3262,-0.0215,0.01674,0.00579,0.00548,-5.00,0.00,0.00,12.9,125.65,633.76,289.57,DESCEND
2.6581,0.0198,0.2362,-0.1615,-0.01425,-0.00520,0.00648,-5.00,0.00,0.00,12.9,125.65,633.76,289.53,DESCEND
2.6682,-0.0401,0.3462,-0.1315,-0.01825,-0.00820,0.00748,-5.00,0.00,0.00,13.0,125.65,633.76,289.47,DESCEND
2.6783,-0.2701,0.2562,0.0284,-0.00725,0.00079,0.00448,-5.00,0.00,0.00,13.0,125.65,633.76,289.43,DESCEND
2.6884,-0.0801,0.1062,-0.0615,0.01174,0.00179,0.00748,-5.00,0.00,0.00,13.1,125.65,633.77,289.37,DESCEND
2.6986,-0.1201,-0.0337,0.2284,0.00374,0.01479,0.00548,-5.00,0.00,0.00,13.1,125.65,633.77,289.33,DESCEND
2.7086,0.0398,0.4462,-0.3115,0.00374,-0.00820,0.00748,-5.00,0.00,0.00,13.2,125.65,633.77,289.27,DESCEND
2.7188,0.0198,0.0962,-0.2315,0.00974,-0.00120,0.00648,-5.00,0.00,0.00,13.2,125.65,633.77,289.23,DESCEND
2.7289,0.1698,-0.1037,0.2184,0.02174,0.00979,0.00348,-5.00,0.00,0.00,13.3,125.65,633.77,289.17,DESCEND
2.7389,0.1198,0.1262,-0.1415,0.02074,-0.00220,0.00448,-5.00,0.00,0.00,13.3,125.65,633.78,289.13,DESCEND
2.7490,-0.1001,0.4062,-0.4915,0.00074,-0.00120,0.00948,-5.00,0.00,0.00,13.4,125.65,633.78,289.07,DESCEND
2.7591,-0.1301,0.0762,-0.2615,0.00174,0.00079,0.00748,-5.00,0.00,0.00,13.5,125.65,633.78,289.01,DESCEND
2.7692,0.0098,-0.0537,-0.2015,0.02374,0.00479,0.00548,-5.00,0.00,0.00,13.5,125.65,633.78,288.97,DESCEND
2.7793,-0.0601,0.0562,0.1884,-0.00825,0.00179,0.00548,-5.00,0.00,0.00,13.6,125.65,633.78,288.91,DESCEND
2.7894,0.0298,-0.0137,-0.1115,0.01374,0.00279,0.00848,-5.00,0.00,0.00,13.6,125.65,633.79,288.87,DESCEND
2.7995,-0.1801,-0.1137,0.1984,-0.00225,0.00279,0.00848,-5.00,0.00,0.00,13.7,125.65,633.79,288.81,DESCEND
2.8095,-0.1901,0.0662,-0.1015,-0.00425,-0.00220,0.00948,-5.00,0.00,0.00,13.7,125.65,633.79,288.77,DESCEND
2.8197,-0.2501,0.2462,0.0184,0.00074,0.00379,0.00848,-5.00,0.00,0.00,13.8,125.65,633.79,288.71,DESCEND
2.8298,-0.1201,-0.0737,0.1584,0.00374,0.00179,0.00648,-5.00,0.00,0.00,13.8,125.65,633.79,288.67,DESCEND
2.8398,-0.1401,0.3462,-0.0815,0.00374,0.00279,0.00648,-5.00,0.00,0.00,13.9,125.65,633.80,288.61,DESCEND
2.8499,-0.1201,0.3162,0.1384,0.00074,0.00179,0.00448,-5.00,0.00,0.00,13.9,125.65,633.80,288.57,DESCEND
2.8600,0.1598,0.2662,-0.3015,-0.00025,-0.01420,0.00748,-5.00,0.00,0.00,14.0,125.65,633.80,288.51,DESCEND
2.8701,0.0198,0.3862,0.1084,0.00674,0.00679,0.00748,-5.00,0.00,0.00,14.0,125.65,633.80,288.47,DESCEND
2.8802,0.0698,0.1362,-0.2215,0.02574,0.00479,0.00548,-5.00,0.00,0.00,14.1,125.65,633.80,288.41,DESCEND
2.8903,0.1798,-0.1237,0.0984,0.02274,0.00179,0.00648,-5.00,0.00,0.00,14.1,125.65,633.80,288.37,DESCEND
2.9004,-0.1101,0.3362,-0.0615,-0.01025,-0.01120,0.01148,-5.00,0.00,0.00,14.2,125.65,633.81,288.31,DESCEND
2.9105,-0.0201,0.6462,-0.4415,-0.00125,-0.01020,0.00948,-5.00,0.00,0.00,14.2,125.65,633.81,288.27,DESCEND
2.9206,-0.0401,-0.0037,-0.1515,0.01274,-0.00720,0.00848,-5.00,0.00,0.00,14.3,125.65,633.81,288.21,DESCEND
2.9308,-0.0101,-0.0437,0.1684,0.02674,0.01079,0.00248,-5.00,0.00,0.00,14.3,125.65,633.81,288.17,DESCEND
2.9409,-0.0201,0.0762,-0.0415,0.01074,0.00279,0.00548,-5.00,0.00,0.00,14.4,125.65,633.81,288.11,DESCEND
2.9510,-0.1201,0.0762,-0.0315,0.01874,0.00979,0.00748,-5.00,0.00,0.00,14.4,125.65,633.82,288.07,DESCEND
2.9611,0.0298,0.3062,-0.2215,0.00874,-0.00720,0.01148,-5.00,0.00,0.00,14.5,125.65,633.82,288.01,DESCEND
2.9712,-0.0601,-0.0837,0.2984,0.00174,0.00679,0.00648,-5.00,0.00,0.00,14.5,125.65,633.82,287.95,DESCEND
2.9813,-0.0801,0.4462,-0.0715,-0.00925,-0.00120,0.00748,-5.00,0.00,0.00,14.6,125.65,633.82,287.91,DESCEND
2.9914,0.2498,0.1862,-0.0615,0.02074,0.00079,0.00548,-5.00,0.00,0.00,14.6,125.65,633.82,287.85,DESCEND
3.0015,0.1898,0.0262,0.0484,0.01874,0.00579,0.00448,-5.00,0.00,0.00,14.7,125.65,633.82,287.81,DESCEND
3.0116,-0.2301,0.6162,-0.5515,-0.01925,-0.01220,0.01348,-5.00,0.00,0.00,14.7,125.66,633.83,287.75,DESCEND
3.0217,-0.1101,0.2062,0.0184,0.00674,-0.00020,0.00448,-5.00,0.00,0.00,14.8,125.66,633.83,287.71,DESCEND
3.0319,-0.1601,0.1762,0.1784,-0.00825,0.00279,0.00648,-5.00,0.00,0.00,14.8,125.66,633.83,287.65,DESCEND
3.0420,0.0598,0.1962,-0.0315,0.00774,-0.00620,0.00748,-5.00,0.00,0.00,14.9,125.66,633.83,287.61,DESCEND
3.0521,0.0498,0.0362,0.1084,0.01274,-0.00120,0.00548,-5.00,0.00,0.00,14.9,125.66,633.83,287.55,DESCEND
3.0622,-0.0601,0.4462,-0.1915,-0.00825,-0.01020,0.00748,-5.00,0.00,0.00,15.0,125.66,633.84,287.51,DESCEND
3.0723,-0.1301,-0.0137,0.1684,-0.00225,0.00079,0.00448,-5.00,0.00,0.00,15.0,125.66,633.84,287.45,DESCEND
3.0824,-0.1401,0.0262,0.1284,0.00674,-0.00020,0.00648,-5.00,0.00,0.00,15.1,125.66,633.84,287.41,DESCEND
3.0925,0.0198,0.0762,0.0884,0.01674,0.00879,0.00748,-5.00,0.00,0.00,15.1,125.66,633.84,287.35,DESCEND
3.1026,0.2998,0.2262,0.0184,0.01374,-0.00420,0.00748,-5.00,0.00,0.00,15.2,125.66,633.84,287.31,DESCEND
3.1127,-0.1101,0.2862,-0.2415,0.00174,-0.00720,0.01148,-5.00,0.00,0.00,15.2,125.66,633.85,287.25,DESCEND
3.1227,0.0698,0.0762,0.3884,0.01374,0.00679,0.00648,-5.00,0.00,0.00,15.3,125.66,633.85,287.21,DESCEND
3.1328,0.1398,0.3662,-0.0915,0.01374,-0.00820,0.00848,-5.00,0.00,0.00,15.3,125.66,633.85,287.15,DESCEND
3.1429,-0.0901,0.1262,0.1084,0.01174,0.00479,0.00948,-5.00,0.00,0.00,15.4,125.66,633.85,287.11,DESCEND
3.1530,-0.0801,0.4262,-0.2815,0.00274,-0.00920,0.00448,-5.00,0.00,0.00,15.4,125.66,633.85,287.05,DESCEND
3.1631,0.1398,0.0062,0.3484,0.00074,-0.00320,0.00348,-5.00,0.00,0.00,15.5,125.66,633.86,286.99,DESCEND
3.1732,-0.0101,0.2862,0.0984,0.01574,0.00379,0.00948,-5.00,0.00,0.00,15.5,125.66,633.86,286.95,DESCEND
3.1833,-0.0901,0.1862,-0.0515,0.01374,-0.00320,0.00648,-5.00,0.00,0.00,15.6,125.66,633.86,286.89,DESCEND
3.1934,-0.0601,0.2862,-0.0915,-0.00425,-0.00520,0.00648,-5.00,0.00,0.00,15.6,125.66,633.86,286.85,DESCEND
3.2035,0.0398,0.3162,-0.0915,0.00674,0.00179,0.00748,-5.00,0.00,0.00,15.7,125.66,633.86,286.79,DESCEND
3.2136,-0.0001,0.4662,0.0584,0.01674,0.00779,0.00848,-5.00,0.00,0.00,15.7,125.66,633.86,286.75,DESCEND
3.2237,0.0798,-0.0037,-0.1115,0.01274,0.00979,0.00748,-5.00,0.00,0.00,15.8,125.66,633.87,286.69,DESCEND
3.2338,-0.1201,0.0662,0.1384,-0.00325,0.00579,0.00448,-5.00,0.00,0.00,15.8,125.66,633.87,286.65,DESCEND
3.2439,0.0198,-0.0137,0.1184,0.01674,0.00079,0.00548,-5.00,0.00,0.00,15.9,125.66,633.87,286.59,DESCEND
3.2540,0.0598,0.3762,-0.2415,0.01174,-0.00820,0.00948,-5.00,0.00,0.00,15.9,125.66,633.87,286.55,DESCEND
3.2641,0.1698,0.1062,0.1684,0.01574,-0.00120,0.00348,-5.00,0.00,0.00,16.0,125.66,633.87,286.49,DESCEND
3.2742,-0.0501,0.2562,-0.0115,-0.00725,-0.00020,0.00548,-5.00,0.00,0.00,16.0,125.66,633.88,286.45,DESCEND
3.2843,0.0198,-0.0837,0.1084,0.00874,-0.00220,0.00748,-5.00,0.00,0.00,16.1,125.66,633.88,286.39,DESCEND
3.2944,0.0898,0.0962,-0.1315,0.00674,-0.00320,0.00648,-5.00,0.00,0.00,16.1,125.66,633.88,286.35,DESCEND
3.3045,-0.0501,0.1562,0.1284,0.01274,0.00579,0.00848,-5.00,0.00,0.00,16.2,125.66,633.88,286.29,DESCEND
3.3146,-0.0501,0.0462,-0.0415,0.00174,-0.00320,0.00848,-5.00,0.00,0.00,16.2,125.66,633.88,286.25,DESCEND
3.3247,-0.0501,0.4162,-0.1115,0.02174,0.00779,0.00848,-5.00,0.00,0.00,16.3,125.66,633.88,286.19,DESCEND
3.3347,0.0998,0.0762,0.2284,0.00374,-0.00120,0.00748,-5.00,0.00,0.00,16.3,125.66,633.89,286.15,DESCEND
3.3448,-0.0301,0.0662,-0.0015,0.00574,0.00079,0.00948,-5.00,0.00,0.00,16.4,125.66,633.89,286.09,DESCEND
3.3549,-0.0401,0.1662,0.4084,0.00974,0.01379,0.00748,-5.00,0.00,0.00,16.4,125.66,633.89,286.05,DESCEND
3.3650,-0.0401,0.1562,-0.0215,0.01374,-0.00320,0.00348,-5.00,0.00,0.00,16.5,125.66,633.89,285.99,DESCEND
3.3751,0.0498,0.2062,-0.1615,-0.00125,-0.00420,0.00848,-5.00,0.00,0.00,16.5,125.66,633.89,285.93,DESCEND
3.3852,-0.0901,0.3862,-0.3215,0.02174,0.01079,0.00748,-5.00,0.00,0.00,16.6,125.66,633.90,285.89,DESCEND
3.3953,0.0498,-0.0137,0.1584,0.00274,0.00679,0.00548,-5.00,0.00,0.00,16.6,125.66,633.90,285.83,DESCEND
3.4054,-0.0901,0.1162,0.0484,0.00574,-0.00020,0.00448,-5.00,0.00,0.00,16.7,125.66,633.90,285.79,DESCEND
3.4155,0.1098,0.2262,0.2584,0.01574,0.01379,0.00648,-5.00,0.00,0.00,16.7,125.66,633.90,285.73,DESCEND
3.4255,-0.0301,0.3462,-0.1315,0.01474,0.00779,0.00748,-5.00,0.00,0.00,16.8,125.66,633.90,285.69,DESCEND
3.4356,-0.1701,0.2762,-0.1215,-0.00225,0.00379,0.00848,-5.00,0.00,0.00,16.8,125.66,633.91,285.63,DESCEND
3.4457,0.1698,0.2462,-0.3715,0.00674,-0.01720,0.00848,-5.00,0.00,0.00,16.9,125.66,633.91,285.59,DESCEND
3.4558,0.1698,-0.0037,0.2084,0.01674,0.00779,0.00848,-5.00,0.00,0.00,16.9,125.66,633.91,285.53,DESCEND
3.4660,0.0498,0.0662,0.1084,-0.00625,-0.00320,0.00448,-5.00,0.00,0.00,17.0,125.66,633.91,285.49,DESCEND
3.4761,0.0698,0.1862,0.0884,0.00774,0.00379,0.00448,-5.00,0.00,0.00,17.0,125.66,633.91,285.43,DESCEND
3.4862,-0.2601,0.5362,-0.2615,-0.00325,-0.00620,0.00948,-5.00,0.00,0.00,17.1,125.66,633.91,285.39,DESCEND
3.4963,0.1798,-0.1437,0.2784,0.01674,0.01079,0.00448,-5.00,0.00,0.00,17.1,125.66,633.92,285.33,DESCEND
3.5063,-0.0201,0.3762,-0.0515,0.00674,0.00979,0.00848,-5.00,0.00,0.00,17.2,125.66,633.92,285.29,DESCEND
3.5164,0.0298,0.1162,0.3884,0.00674,0.00479,0.00148,-5.00,0.00,0.00,17.2,125.66,633.92,285.23,DESCEND
3.5265,-0.0601,0.0962,-0.1115,-0.01125,-0.01120,0.00848,-5.00,0.00,0.00,17.3,125.66,633.92,285.19,DESCEND
3.5366,0.0798,0.0262,0.0484,0.01374,0.00779,0.00848,-5.00,0.00,0.00,17.3,125.66,633.92,285.13,DESCEND
3.5467,0.1198,0.4562,-0.1615,0.01374,0.00479,0.00848,-5.00,0.00,0.00,17.4,125.66,633.93,285.09,DESCEND
3.5568,-0.0301,0.4462,-0.2715,0.02674,0.00979,0.01248,-5.00,0.00,0.00,17.4,125.66,633.93,285.03,DESCEND
3.5669,0.0298,0.5062,-0.0715,0.00774,-0.00320,0.01148,-5.00,0.00,0.00,17.5,125.66,633.93,284.99,DESCEND
3.5770,0.0698,-0.1237,0.3384,0.01274,0.00279,0.00648,-5.00,0.00,0.00,17.5,125.66,633.93,284.93,DESCEND
3.5871,-0.2301,0.0962,0.1784,-0.00425,0.00279,0.00448,-5.00,0.00,0.00,17.6,125.66,633.93,284.87,DESCEND
3.5972,-0.0701,0.1162,-0.0315,0.01574,0.00379,0.00448,-5.00,0.00,0.00,17.6,125.66,633.93,284.83,DESCEND
3.6073,0.1198,0.2662,-0.1115,-0.00325,-0.01120,0.00748,-5.00,0.00,0.00,17.7,125.66,633.94,284.77,DESCEND
3.6174,-0.2201,0.3762,-0.2815,-0.00825,0.00279,0.00548,-5.00,0.00,0.00,17.7,125.66,633.94,284.73,DESCEND
3.6275,-0.0401,0.0862,0.2884,0.00474,0.00479,0.00648,-5.00,0.00,0.00,17.8,125.66,633.94,284.67,DESCEND
3.6376,-0.1301,0.5962,-0.2415,-0.00325,-0.01220,0.01448,-5.00,0.00,0.00,17.8,125.66,633.94,284.63,DESCEND
3.6477,0.0498,-0.1337,0.4384,0.01274,-0.00420,0.00848,-5.00,0.00,0.00,17.9,125.66,633.94,284.57,DESCEND
3.6578,-0.1101,0.5462,0.0284,0.00074,0.00979,0.01348,-5.00,0.00,0.00,17.9,125.66,633.95,284.53,DESCEND
3.6679,0.0498,0.4162,0.1084,0.00974,-0.00020,0.00548,-5.00,0.00,0.00,18.0,125.66,633.95,284.47,DESCEND
3.6779,0.0798,0.0162,0.2784,0.00974,0.00479,0.00648,-5.00,0.00,0.00,18.0,125.67,633.95,284.43,DESCEND
3.6880,0.1098,0.2262,-0.0815,0.01074,0.00379,0.00848,-5.00,0.00,0.00,18.1,125.67,633.95,284.37,DESCEND
3.6981,0.1098,-0.2337,0.4484,0.00674,0.00579,0.00548,-5.00,0.00,0.00,18.1,125.67,633.95,284.33,DESCEND
3.7083,0.0598,0.4662,-0.0515,0.01174,-0.00220,0.00948,-5.00,0.00,0.00,18.2,125.67,633.96,284.27,DESCEND
3.7184,-0.0101,0.5262,-0.1515,0.01074,-0.00220,0.01048,-5.00,0.00,0.00,18.2,125.67,633.96,284.23,DESCEND
3.7284,0.1398,0.2662,-0.2415,-0.00525,-0.01420,0.00648,-5.00,0.00,0.00,18.3,125.67,633.96,284.17,DESCEND
3.7385,0.0398,0.4162,-0.1015,0.00074,-0.01120,0.01048,-5.00,0.00,0.00,18.3,125.67,633.96,284.13,DESCEND
3.7486,-0.0301,0.1962,0.0784,0.00274,-0.00720,0.00748,-5.00,0.00,0.00,18.4,125.67,633.96,284.07,DESCEND
3.7587,0.0398,0.2662,-0.0515,0.00374,0.00679,0.00648,-5.00,0.00,0.00,18.4,125.67,633.96,284.03,DESCEND
3.7688,0.0298,0.3062,-0.2015,0.00774,0.00479,0.00548,-5.00,0.00,0.00,18.5,125.67,633.97,283.97,DESCEND
3.7789,-0.1401,0.1962,-0.0115,0.00974,0.01179,0.00348,-5.00,0.00,0.00,18.6,125.67,633.97,283.91,DESCEND
3.7891,0.2198,0.4462,-0.3615,-0.00425,-0.01720,0.00748,-5.00,0.00,0.00,18.6,125.67,633.97,283.87,DESCEND
3.7992,0.0398,0.4162,0.0784,0.00674,0.00679,0.01148,-5.00,0.00,0.00,18.7,125.67,633.97,283.81,DESCEND
3.8093,-0.1001,-0.0237,0.3884,0.00274,0.00779,0.00648,-5.00,0.00,0.00,18.7,125.67,633.97,283.77,DESCEND
3.8194,0.0398,0.1462,-0.1215,0.02274,0.00079,0.01048,-5.00,0.00,0.00,18.8,125.67,633.98,283.71,DESCEND
3.8295,-0.2001,0.4662,-0.0715,-0.01625,-0.00520,0.00748,-5.00,0.00,0.00,18.8,125.67,633.98,283.67,DESCEND
3.8396,-0.0601,0.4462,-0.3215,0.01674,-0.00220,0.01248,-5.00,0.00,0.00,18.9,125.67,633.98,283.61,DESCEND
3.8497,0.0998,0.3462,0.1284,0.02174,0.01479,0.00548,-5.00,0.00,0.00,18.9,125.67,633.98,283.57,DESCEND
3.8598,-0.0301,0.5662,-0.5015,-0.00825,-0.00820,0.01148,-5.00,0.00,0.00,19.0,125.67,633.98,283.51,DESCEND
3.8699,0.2498,0.1562,-0.1115,0.01574,-0.00420,0.00948,-5.00,0.00,0.00,19.0,125.67,633.99,283.47,DESCEND
3.8800,-0.1501,0.1262,-0.0015,0.00774,-0.00120,0.00948,-5.00,0.00,0.00,19.1,125.67,633.99,283.41,DESCEND
3.8901,0.0098,0.0662,0.2984,0.01474,0.01179,0.01048,-5.00,0.00,0.00,19.1,125.67,633.99,283.37,DESCEND
3.9002,0.0398,-0.0137,0.2984,0.00574,0.00679,0.00548,-5.00,0.00,0.00,19.2,125.67,633.99,283.31,DESCEND
3.9103,-0.1101,0.0462,0.0484,0.00574,0.00279,0.00848,-5.00,0.00,0.00,19.2,125.67,633.99,283.27,DESCEND
3.9204,0.0198,-0.1637,0.4384,0.01174,0.00279,0.00848,-5.00,0.00,0.00,19.3,125.67,633.99,283.21,DESCEND
3.9305,-0.0401,0.5562,-0.1515,0.00774,-0.00620,0.01148,-5.00,0.00,0.00,19.3,125.67,634.00,283.17,DESCEND
3.9406,0.0398,0.2062,-0.0215,0.01574,0.00579,0.00948,-5.00,0.00,0.00,19.4,125.67,634.00,283.11,DESCEND
3.9507,0.0898,0.0262,0.3284,0.00274,-0.00120,0.00748,-5.00,0.00,0.00,19.4,125.67,634.00,283.07,DESCEND
3.9608,0.0898,0.1862,0.0184,0.00674,-0.00620,0.00648,-5.00,0.00,0.00,19.5,125.67,634.00,283.01,DESCEND
3.9709,0.1198,0.2262,-0.1015,0.00774,-0.00920,0.01048,-5.00,0.00,0.00,19.5,125.67,634.00,282.97,DESCEND
3.9810,-0.2701,0.5862,-0.2315,-0.00025,0.00079,0.01148,-5.00,0.00,0.00,19.6,125.67,634.01,282.91,DESCEND
3.9911,-0.0701,0.0862,0.3084,0.01274,0.01179,0.00748,-5.00,0.00,0.00,19.6,125.67,634.01,282.85,DESCEND
4.0012,0.0798,0.2462,-0.3015,0.00274,-0.00920,0.01048,-5.00,0.00,0.00,19.7,125.67,634.01,282.81,DESCEND
4.0113,0.0198,-0.0737,0.0384,-0.00225,-0.00820,0.00648,-5.00,0.00,0.00,19.7,125.67,634.01,282.75,DESCEND
4.0214,-0.0601,0.1262,0.2784,-0.00725,0.00079,0.00848,-5.00,0.00,0.00,19.8,125.67,634.01,282.71,DESCEND
4.0315,-0.0201,0.3262,0.0884,0.00474,-0.00220,0.00848,-5.00,0.00,0.00,19.8,125.67,634.02,282.65,DESCEND
4.0416,0.0498,0.2962,-0.2715,0.01374,-0.00620,0.00948,-5.00,0.00,0.00,19.9,125.67,634.02,282.61,DESCEND
4.0517,0.1598,0.1062,-0.0015,0.01374,0.00079,0.00648,-5.00,0.00,0.00,19.9,125.67,634.02,282.55,DESCEND
4.0618,0.0398,0.2262,0.0384,0.01674,0.00579,0.00848,-5.00,0.00,0.00,20.0,125.67,634.02,282.51,DESCEND
4.0719,-0.3901,0.2262,0.1184,0.00874,0.01579,0.00448,-5.00,0.00,0.00,20.0,125.67,634.02,282.45,DESCEND
4.0820,0.2198,-0.0537,0.3484,0.02574,0.00979,0.00848,-5.00,0.00,0.00,20.1,125.67,634.02,282.41,DESCEND
4.0921,0.0198,0.1062,0.1884,0.02074,0.00879,0.00848,-5.00,0.00,0.00,20.1,125.67,634.03,282.35,DESCEND
4.1022,-0.0401,0.2762,0.1084,0.00674,0.00179,0.01248,-5.00,0.00,0.00,20.2,125.67,634.03,282.31,DESCEND
4.1123,0.1798,0.1562,-0.1515,0.02274,-0.01120,0.00748,-5.00,0.00,0.00,20.2,125.67,634.03,282.25,DESCEND
4.1224,0.0098,0.4062,-0.3915,0.01174,-0.00320,0.01048,-5.00,0.00,0.00,20.3,125.67,634.03,282.21,DESCEND
4.1325,0.1598,0.1462,-0.0815,0.01974,0.00779,0.00748,-5.00,0.00,0.00,20.3,125.67,634.03,282.15,DESCEND
4.1426,0.1998,0.0462,-0.0815,-0.00425,-0.00620,0.00648,-5.00,0.00,0.00,20.4,125.67,634.04,282.11,DESCEND
4.1528,0.0198,-0.0837,0.0984,0.01274,0.00579,0.00448,-5.00,0.00,0.00,20.4,125.67,634.04,282.05,DESCEND
4.1629,-0.0501,-0.1337,0.3784,-0.01525,-0.01120,0.00848,-5.00,0.00,0.00,20.5,125.67,634.04,282.01,DESCEND
4.1730,0.0498,0.0662,-0.2215,0.01474,0.00179,0.00948,-5.00,0.00,0.00,20.5,125.67,634.04,281.95,DESCEND
4.1831,0.0598,0.2162,0.1184,0.01674,0.01079,0.00548,-5.00,0.00,0.00,20.6,125.67,634.04,281.89,DESCEND
4.1932,-0.1301,0.1062,0.3084,-0.00725,-0.00120,0.00848,-5.00,0.00,0.00,20.6,125.67,634.05,281.85,DESCEND
4.2033,0.0598,0.2262,-0.1015,0.00074,-0.00720,0.00948,-5.00,0.00,0.00,20.7,125.67,634.05,281.79,DESCEND
4.2134,0.1698,0.3662,-0.0015,-0.00625,-0.01320,0.01048,-5.00,0.00,0.00,20.7,125.67,634.05,281.75,DESCEND
4.2235,-0.0701,0.3662,-0.1115,0.00074,0.00479,0.01048,-5.00,0.00,0.00,20.8,125.67,634.05,281.69,DESCEND
4.2337,0.0498,-0.1937,0.2584,0.00974,-0.00020,0.00748,-5.00,0.00,0.00,20.8,125.67,634.05,281.65,DESCEND
4.2437,-0.1201,0.4662,-0.1515,-0.00625,-0.01820,0.01048,-5.00,0.00,0.00,20.9,125.67,634.05,281.59,DESCEND
4.2539,-0.0401,0.1662,0.1884,-0.00325,0.00079,0.00748,-5.00,0.00,0.00,20.9,125.67,634.06,281.55,DESCEND
4.2639,0.1798,0.0162,-0.0515,0.01174,-0.00120,0.00748,-5.00,0.00,0.00,21.0,125.67,634.06,281.49,DESCEND
4.2740,0.0298,0.0662,0.0384,0.01074,0.00579,0.00548,-5.00,0.00,0.00,21.0,125.67,634.06,281.45,DESCEND
4.2841,0.0398,0.2262,0.0584,0.01374,0.00479,0.00648,-5.00,0.00,0.00,21.1,125.67,634.06,281.40,DESCEND
4.2942,-0.1401,0.3062,-0.0515,-0.00125,-0.00520,0.01048,-5.00,0.00,0.00,21.1,125.67,634.06,281.36,DESCEND
4.3043,-0.0901,0.4262,0.0684,-0.00025,0.00479,0.01148,-5.00,0.00,0.00,21.2,125.67,634.07,281.30,DESCEND
4.3144,-0.0601,0.4162,-0.1215,0.00174,-0.00420,0.01048,-5.00,0.00,0.00,21.2,125.67,634.07,281.26,DESCEND
4.3245,-0.2001,0.2562,0.0184,-0.01225,-0.00320,0.00948,-5.00,0.00,0.00,21.3,125.67,634.07,281.20,DESCEND
4.3346,-0.0601,0.1862,0.2784,-0.00725,-0.00220,0.00848,-5.00,0.00,0.00,21.3,125.67,634.07,281.16,DESCEND
4.3447,0.0998,0.1662,0.3384,0.02574,0.01479,0.01048,-5.00,0.00,0.00,21.4,125.67,634.07,281.10,DESCEND
4.3548,0.2998,0.0562,0.0884,-0.00025,-0.00720,0.00648,-5.00,0.00,0.00,21.4,125.67,634.07,281.06,DESCEND
4.3649,0.0298,0.0962,0.3584,0.01974,0.02379,0.00848,-5.00,0.00,0.00,21.5,125.68,634.08,281.00,DESCEND
4.3750,-0.0901,0.2862,0.1384,0.01374,0.00679,0.00748,-5.00,0.00,0.00,21.5,125.68,634.08,280.96,DESCEND
4.3851,-0.1001,0.3062,-0.1515,0.00174,-0.00920,0.00948,-5.00,0.00,0.00,21.6,125.68,634.08,280.90,DESCEND
4.3952,-0.0101,0.0862,0.0484,0.01174,0.00679,0.00748,-5.00,0.00,0.00,21.6,125.68,634.08,280.84,DESCEND
4.4053,-0.0401,0.0362,0.0384,0.01474,0.00379,0.00948,-5.00,0.00,0.00,21.7,125.68,634.08,280.80,DESCEND
4.4154,0.1398,-0.0737,0.0284,0.01274,-0.00520,0.00748,-5.00,0.00,0.00,21.7,125.68,634.09,280.74,DESCEND
4.4255,-0.0401,0.2662,0.1384,0.02074,0.00279,0.01048,-5.00,0.00,0.00,21.8,125.68,634.09,280.70,DESCEND
4.4356,-0.0301,0.0762,-0.0815,0.00574,-0.00020,0.00548,-5.00,0.00,0.00,21.8,125.68,634.09,280.64,DESCEND
4.4457,0.0098,0.4062,-0.3715,0.00174,-0.00720,0.01048,-5.00,0.00,0.00,21.9,125.68,634.09,280.60,DESCEND
4.4558,-0.0101,0.0962,0.0084,0.00574,-0.00620,0.01248,-5.00,0.00,0.00,21.9,125.68,634.09,280.54,DESCEND
4.4659,-0.0001,0.2362,0.4384,0.00874,0.00479,0.00748,-5.00,0.00,0.00,22.0,125.68,634.10,280.50,DESCEND
4.4760,0.0298,0.2562,-0.0215,0.01174,-0.00020,0.00648,-5.00,0.00,0.00,22.0,125.68,634.10,280.44,DESCEND
4.4861,-0.0401,0.3862,0.0784,0.00274,-0.00020,0.01148,-5.00,0.00,0.00,22.1,125.68,634.10,280.40,DESCEND
4.4962,-0.0201,0.1462,-0.0315,0.01374,0.00179,0.00748,-5.00,0.00,0.00,22.1,125.68,634.10,280.34,DESCEND
4.5063,0.1098,0.2262,-0.1215,0.01974,-0.00120,0.00748,-5.00,0.00,0.00,22.2,125.68,634.10,280.30,DESCEND
4.5163,-0.0201,0.5162,-0.1915,0.01074,0.00079,0.01048,-5.00,0.00,0.00,22.2,125.68,634.11,280.24,DESCEND
4.5264,-0.0601,0.1562,0.3384,0.01074,0.01079,0.01048,-5.00,0.00,0.00,22.3,125.68,634.11,280.20,DESCEND
4.5366,-0.1301,0.5262,0.0684,0.00974,0.01079,0.01448,-5.00,0.00,0.00,22.3,125.68,634.11,280.14,DESCEND
4.5467,-0.0301,-0.2537,0.3784,0.00574,-0.00020,0.00648,-5.00,0.00,0.00,22.4,125.68,634.11,280.10,DESCEND
4.5568,-0.0301,0.0262,-0.1115,0.01474,0.01179,0.00748,-5.00,0.00,0.00,22.4,125.68,634.11,280.04,DESCEND
4.5668,-0.1701,0.4662,-0.1415,0.00374,-0.00520,0.01048,-5.00,0.00,0.00,22.5,125.68,634.11,280.00,DESCEND
4.5770,-0.1701,0.6562,-0.4615,0.00174,-0.01320,0.01448,-5.00,0.00,0.00,22.5,125.68,634.12,279.94,DESCEND
4.5871,-0.1101,0.2562,0.1584,0.00674,-0.00220,0.01248,-5.00,0.00,0.00,22.6,125.68,634.12,279.88,DESCEND
4.5971,0.0498,0.2862,0.0484,0.00774,-0.00820,0.00948,-5.00,0.00,0.00,22.6,125.68,634.12,279.84,DESCEND
4.6072,-0.1001,0.2962,0.0584,0.00674,-0.00320,0.01248,-5.00,0.00,0.00,22.7,125.68,634.12,279.80,DESCEND
4.6173,0.1898,0.2562,-0.0515,0.02674,0.01279,0.00748,-5.00,0.00,0.00,22.7,125.68,634.12,279.74,DESCEND
4.6274,0.1498,0.3862,-0.0715,0.02174,0.00379,0.01248,-5.00,0.00,0.00,22.8,125.68,634.13,279.68,DESCEND
4.6375,0.0498,0.1562,-0.0115,0.00774,0.00779,0.00948,-5.00,0.00,0.00,22.8,125.68,634.13,279.64,DESCEND
4.6476,-0.0501,0.3362,-0.1515,0.00174,-0.00020,0.00848,-5.00,0.00,0.00,22.9,125.68,634.13,279.58,DESCEND
4.6577,0.0798,0.4462,-0.2615,0.01174,-0.00120,0.01048,-5.00,0.00,0.00,22.9,125.68,634.13,279.54,DESCEND
4.6678,0.0798,0.1462,0.1484,0.01974,-0.00220,0.01148,-5.00,0.00,0.00,23.0,125.68,634.13,279.48,DESCEND
4.6779,-0.0001,0.2062,0.0384,-0.00225,-0.00720,0.00748,-5.00,0.00,0.00,23.0,125.68,634.13,279.44,DESCEND
4.6880,0.0398,-0.0937,0.4284,0.01774,0.00879,0.00948,-5.00,0.00,0.00,23.1,125.68,634.14,279.38,DESCEND
4.6981,-0.2401,0.4962,0.0984,-0.01025,0.00679,0.01348,-5.00,0.00,0.00,23.1,125.68,634.14,279.34,DESCEND
4.7082,0.0798,0.4162,0.1984,0.00474,-0.00520,0.01048,-5.00,0.00,0.00,23.2,125.68,634.14,279.28,DESCEND
4.7183,0.0598,0.0462,0.0884,0.00674,-0.00020,0.00648,-5.00,0.00,0.00,23.2,125.68,634.14,279.24,DESCEND
4.7284,-0.1401,0.3362,0.4584,0.00174,0.00879,0.00848,-5.00,0.00,0.00,23.3,125.68,634.14,279.18,DESCEND
4.7385,-0.1201,0.0462,0.1884,0.01174,0.00879,0.01148,-5.00,0.00,0.00,23.3,125.68,634.15,279.14,DESCEND
4.7486,-0.0801,0.4362,-0.3515,0.00074,-0.00120,0.01148,-5.00,0.00,0.00,23.4,125.68,634.15,279.08,DESCEND
4.7587,-0.0501,0.2462,0.1284,-0.00025,-0.00420,0.00648,-5.00,0.00,0.00,23.4,125.68,634.15,279.04,DESCEND
4.7688,-0.1001,0.2262,0.4084,-0.00125,0.00879,0.01048,-5.00,0.00,0.00,23.5,125.68,634.15,278.98,DESCEND
4.7789,0.1798,-0.0437,0.3184,0.04274,0.00379,0.00648,-5.00,0.00,0.00,23.5,125.68,634.15,278.94,DESCEND
4.7890,0.1398,0.5462,-0.1915,0.02574,-0.00620,0.00948,-5.00,0.00,0.00,23.6,125.68,634.16,278.88,DESCEND
4.7991,0.1198,0.1262,-0.2415,-0.00725,-0.01020,0.00848,-5.00,0.00,0.00,23.7,125.68,634.16,278.82,DESCEND
4.8092,0.1098,0.2362,-0.1315,0.01774,0.00479,0.00848,-5.00,0.00,0.00,23.7,125.68,634.16,278.78,DESCEND
4.8193,-0.0001,0.3162,-0.3515,0.01974,-0.00820,0.01148,-5.00,0.00,0.00,23.8,125.68,634.16,278.72,DESCEND
4.8294,-0.2101,0.4362,-0.0015,0.01474,0.01379,0.00948,-5.00,0.00,0.00,23.8,125.68,634.16,278.68,DESCEND
4.8395,0.0998,0.0662,-0.0515,0.00974,-0.00320,0.00948,-5.00,0.00,0.00,23.9,125.68,634.17,278.62,DESCEND
4.8496,0.0898,0.0162,0.2984,0.02574,0.01479,0.00748,-5.00,0.00,0.00,23.9,125.68,634.17,278.58,DESCEND
4.8597,-0.1101,0.2662,0.0484,-0.00325,-0.00320,0.00748,-5.00,0.00,0.00,24.0,125.68,634.17,278.52,DESCEND
4.8698,0.0098,0.1662,-0.0415,0.00474,-0.00220,0.00448,-5.00,0.00,0.00,24.0,125.68,634.17,278.48,DESCEND
4.8799,0.1398,0.1262,0.2784,0.03374,0.01079,0.01348,-5.00,0.00,0.00,24.1,125.68,634.17,278.42,DESCEND
4.8900,-0.0801,0.0162,-0.0215,0.01774,0.00779,0.00748,-5.00,0.00,0.00,24.1,125.68,634.17,278.38,DESCEND
4.9001,0.1698,0.0962,0.2284,0.00874,-0.00220,0.00548,-5.00,0.00,0.00,24.2,125.68,634.18,278.32,DESCEND
4.9102,0.2498,-0.0037,0.2284,0.01774,0.00179,0.00848,-5.00,0.00,0.00,24.2,125.68,634.18,278.28,DESCEND
4.9203,-0.0501,0.1962,0.1184,0.00574,0.01079,0.00848,-5.00,0.00,0.00,24.3,125.68,634.18,278.22,DESCEND
4.9304,-0.0601,0.0462,0.0084,0.00774,0.00379,0.00548,-5.00,0.00,0.00,24.3,125.68,634.18,278.18,DESCEND
4.9405,-0.0401,0.1162,-0.0515,0.00374,-0.00220,0.01148,-5.00,0.00,0.00,24.4,125.68,634.18,278.12,DESCEND
4.9506,0.1598,0.2462,-0.0315,0.00974,-0.00620,0.00948,-5.00,0.00,0.00,24.4,125.68,634.19,278.08,DESCEND
4.9607,0.0598,0.4362,-0.1715,0.01274,0.00479,0.01048,-5.00,0.00,0.00,24.5,125.68,634.19,278.02,DESCEND
4.9708,-0.0201,0.0362,-0.0415,0.00774,0.00179,0.00748,-5.00,0.00,0.00,24.5,125.68,634.19,277.98,DESCEND
4.9809,0.1498,0.1562,0.1984,0.01074,0.00779,0.00848,-5.00,0.00,0.00,24.6,125.68,634.19,277.92,DESCEND
4.9910,-0.0901,0.2762,-0.0715,0.00374,-0.00120,0.01048,-5.00,0.00,0.00,24.6,125.68,634.19,277.86,DESCEND
5.0011,0.0798,0.5262,-0.0615,0.00974,0.00079,0.01448,-5.00,0.00,0.00,24.7,125.68,634.19,277.82,DESCEND
5.0113,0.0298,0.2262,0.0584,0.01274,0.00079,0.01148,-5.00,0.00,0.00,24.7,125.68,634.20,277.76,DESCEND
5.0214,0.0998,0.0662,0.3284,0.01074,0.00379,0.00648,-5.00,0.00,0.00,24.8,125.68,634.20,277.72,DESCEND
5.0314,-0.1101,-0.0737,0.2584,0.00374,0.00079,0.00848,-5.00,0.00,0.00,24.8,125.68,634.20,277.66,DESCEND
5.0415,-0.0701,0.5962,-0.1915,-0.00725,-0.01320,0.01148,-5.00,0.00,0.00,24.9,125.68,634.20,277.62,DESCEND
5.0517,0.0298,0.2862,-0.0415,0.01374,-0.00420,0.00848,-5.00,0.00,0.00,24.9,125.69,634.20,277.56,DESCEND
5.0618,0.1298,-0.0237,0.2184,0.02074,0.00879,0.00848,-5.00,0.00,0.00,25.0,125.69,634.21,277.52,DESCEND
5.0719,-0.0401,0.2962,-0.0515,0.00774,-0.00420,0.01248,-5.00,0.00,0.00,25.0,125.69,634.21,277.46,DESCEND
5.0820,-0.1101,-0.1037,0.2684,-0.00025,0.00379,0.01048,-5.00,0.00,0.00,25.1,125.69,634.21,277.42,DESCEND
5.0921,-0.1001,-0.0037,0.3684,-0.00125,0.00879,0.00948,-5.00,0.00,0.00,25.1,125.69,634.21,277.36,DESCEND
5.1022,-0.0101,-0.0237,0.0184,0.00874,0.00979,0.00748,-5.00,0.00,0.00,25.2,125.69,634.21,277.32,DESCEND
5.1123,-0.0801,0.2562,0.0484,0.00674,0.00479,0.01048,-5.00,0.00,0.00,25.2,125.69,634.22,277.26,DESCEND
5.1224,-0.0301,0.3062,0.0384,0.00874,-0.00220,0.01048,-5.00,0.00,0.00,25.3,125.69,634.22,277.22,DESCEND
5.1325,-0.0101,0.3862,0.0284,-0.01225,-0.00820,0.01048,-5.00,0.00,0.00,25.3,125.69,634.22,277.16,DESCEND
5.1425,-0.0301,0.2762,-0.0815,0.00574,-0.00220,0.00948,-5.00,0.00,0.00,25.4,125.69,634.22,277.12,DESCEND
5.1526,-0.0701,0.1962,-0.0015,-0.00025,0.00379,0.00748,-5.00,0.00,0.00,25.4,125.69,634.22,277.06,DESCEND
5.1627,0.1798,0.3662,-0.0015,0.00574,-0.00720,0.00948,-5.00,0.00,0.00,25.5,125.69,634.22,277.02,DESCEND
5.1728,0.0398,0.2662,-0.0515,-0.00925,-0.01320,0.01048,-5.00,0.00,0.00,25.5,125.69,634.23,276.96,DESCEND
5.1829,-0.0001,0.0262,0.0884,0.01074,0.00579,0.00848,-5.00,0.00,0.00,25.6,125.69,634.23,276.92,DESCEND
5.1930,-0.0001,0.2362,0.0384,0.02974,0.01979,0.00548,-5.00,0.00,0.00,25.6,125.69,634.23,276.86,DESCEND
5.2031,0.1098,0.3262,-0.1115,0.02074,-0.00020,0.01248,-5.00,0.00,0.00,25.7,125.69,634.23,276.80,DESCEND
5.2133,0.0098,0.2762,-0.0315,0.00574,-0.00520,0.01148,-5.00,0.00,0.00,25.7,125.69,634.23,276.76,DESCEND
5.2234,0.3898,-0.0637,0.3684,0.02374,0.00479,0.00348,-5.00,0.00,0.00,25.8,125.69,634.24,276.70,DESCEND
5.2335,0.0598,-0.0037,0.0684,0.02174,0.00379,0.01148,-5.00,0.00,0.00,25.8,125.69,634.24,276.66,DESCEND
5.2436,-0.2101,0.2862,0.1584,-0.00625,0.00379,0.00848,-5.00,0.00,0.00,25.9,125.69,634.24,276.60,DESCEND
5.2537,0.0198,0.2962,-0.1015,0.01374,0.00879,0.00948,-5.00,0.00,0.00,25.9,125.69,634.24,276.56,DESCEND
5.2638,-0.0501,0.1362,0.2384,0.01374,0.01279,0.01548,-5.00,0.00,0.00,26.0,125.69,634.24,276.50,DESCEND
5.2739,0.0898,0.1062,0.0684,0.00174,-0.00720,0.00848,-5.00,0.00,0.00,26.0,125.69,634.25,276.46,DESCEND
5.2840,0.0398,0.5262,-0.0915,-0.00825,-0.01420,0.00948,-5.00,0.00,0.00,26.1,125.69,634.25,276.40,DESCEND
5.2941,-0.1101,0.1962,0.2884,-0.00325,0.01279,0.01248,-5.00,0.00,0.00,26.1,125.69,634.25,276.36,DESCEND
5.3042,0.3198,0.1062,0.0584,0.03874,0.00679,0.00548,-5.00,0.00,0.00,26.2,125.69,634.25,276.30,DESCEND
5.3143,-0.0301,0.3762,-0.0315,0.01074,0.00379,0.01148,-5.00,0.00,0.00,26.2,125.69,634.25,276.26,DESCEND
5.3244,0.1698,0.2962,0.2484,0.01374,0.00179,0.01248,-5.00,0.00,0.00,26.3,125.69,634.25,276.20,DESCEND
5.3345,-0.0201,0.2062,-0.1415,0.00574,0.00579,0.01348,-5.00,0.00,0.00,26.3,125.69,634.26,276.16,DESCEND
5.3446,-0.0201,0.6362,-0.0215,-0.00125,-0.01520,0.01248,-5.00,0.00,0.00,26.4,125.69,634.26,276.10,DESCEND
5.3547,0.0998,-0.0437,0.2984,0.02974,0.01079,0.00748,-5.00,0.00,0.00,26.4,125.69,634.26,276.06,DESCEND
5.3648,0.0098,0.1362,-0.0915,0.00174,0.00179,0.01048,-5.00,0.00,0.00,26.5,125.69,634.26,276.00,DESCEND
5.3749,-0.0801,-0.1237,0.5584,0.00374,0.00679,0.01148,-5.00,0.00,0.00,26.5,125.69,634.26,275.96,DESCEND
5.3850,0.0698,0.1562,0.0884,0.00574,-0.00020,0.00748,-5.00,0.00,0.00,26.6,125.69,634.27,275.90,DESCEND
5.3951,0.0298,0.3662,0.0384,-0.00125,-0.00820,0.01548,-5.00,0.00,0.00,26.6,125.69,634.27,275.84,DESCEND
5.4052,-0.0901,0.2762,0.1484,0.00774,0.00879,0.01148,-5.00,0.00,0.00,26.7,125.69,634.27,275.80,DESCEND
5.4153,0.0498,0.2562,0.1484,0.03274,0.01979,0.00848,-5.00,0.00,0.00,26.7,125.69,634.27,275.74,DESCEND
5.4254,-0.0001,0.1062,0.2784,-0.00325,0.00579,0.00848,-5.00,0.00,0.00,26.8,125.69,634.27,275.70,DESCEND
5.4355,-0.0501,0.2562,0.2484,-0.00025,0.00979,0.00948,-5.00,0.00,0.00,26.8,125.69,634.28,275.64,DESCEND
5.4456,0.0798,0.2162,0.0984,0.01274,-0.00120,0.00948,-5.00,0.00,0.00,26.9,125.69,634.28,275.60,DESCEND
5.4557,0.1598,0.0562,0.1384,0.01874,-0.00120,0.00848,-5.00,0.00,0.00,26.9,125.69,634.28,275.54,DESCEND
5.4658,0.0498,0.4062,-0.1815,-0.00525,-0.00920,0.00848,-5.00,0.00,0.00,27.0,125.69,634.28,275.50,DESCEND
5.4759,-0.0501,0.1462,-0.0415,0.02474,0.01379,0.01148,-5.00,0.00,0.00,27.0,125.69,634.28,275.44,DESCEND
5.4860,-0.0601,0.1962,0.1584,0.01874,0.00279,0.01148,-5.00,0.00,0.00,27.1,125.69,634.28,275.40,DESCEND
5.4961,0.2698,-0.0137,0.2784,0.02774,0.00579,0.00548,-5.00,0.00,0.00,27.1,125.69,634.29,275.34,DESCEND
5.5062,0.0598,0.3162,0.0884,0.01374,-0.00120,0.01148,-5.00,0.00,0.00,27.2,125.69,634.29,275.30,DESCEND
5.5163,0.0498,0.1062,-0.0315,0.02174,0.00879,0.00948,-5.00,0.00,0.00,27.2,125.69,634.29,275.24,DESCEND
5.5264,0.0998,0.2562,0.1384,0.01574,0.00379,0.01248,-5.00,0.00,0.00,27.3,125.69,634.29,275.20,DESCEND
5.5365,-0.0701,0.2862,0.3784,0.00074,-0.00820,0.01448,-5.00,0.00,0.00,27.3,125.69,634.29,275.14,DESCEND
5.5466,-0.0501,0.1662,0.2284,0.00074,0.00479,0.00848,-5.00,0.00,0.00,27.4,125.69,634.30,275.10,DESCEND
5.5567,0.0798,0.4062,0.0984,0.01674,0.00879,0.01348,-5.00,0.00,0.00,27.4,125.69,634.30,275.04,DESCEND
5.5668,0.0998,0.1962,0.1784,0.01874,0.00579,0.01148,-5.00,0.00,0.00,27.5,125.69,634.30,274.98,DESCEND
5.5769,0.0698,0.1762,0.0984,0.00674,-0.00020,0.00948,-5.00,0.00,0.00,27.5,125.69,634.30,274.94,DESCEND
5.5870,-0.0001,0.3462,0.0084,0.01174,-0.00120,0.01148,-5.00,0.00,0.00,27.6,125.69,634.30,274.88,DESCEND
5.5971,-0.0601,0.7862,-0.2815,-0.00425,-0.01420,0.01548,-5.00,0.00,0.00,27.6,125.69,634.31,274.84,DESCEND
5.6072,-0.0101,0.0362,0.3084,0.00574,0.00779,0.01148,-5.00,0.00,0.00,27.7,125.69,634.31,274.78,DESCEND
5.6173,0.0798,0.0562,0.0484,-0.00325,0.00279,0.01048,-5.00,0.00,0.00,27.7,125.69,634.31,274.74,DESCEND
5.6274,0.2298,0.1662,0.1984,0.02774,0.00979,0.00548,-5.00,0.00,0.00,27.8,125.69,634.31,274.68,DESCEND
5.6375,-0.0001,0.2762,0.0484,0.01474,0.00379,0.01148,-5.00,0.00,0.00,27.8,125.69,634.31,274.64,DESCEND
5.6476,0.0098,0.5562,-0.1315,0.01274,-0.01320,0.01648,-5.00,0.00,0.00,27.9,125.69,634.31,274.58,DESCEND
5.6578,-0.1201,0.3362,0.0584,-0.00125,-0.01020,0.01048,-5.00,0.00,0.00,27.9,125.69,634.32,274.54,DESCEND
5.6679,-0.2001,0.3862,-0.1115,-0.00325,-0.00720,0.01148,-5.00,0.00,0.00,28.0,125.69,634.32,274.48,DESCEND
5.6779,0.0498,0.2062,0.2684,0.00174,0.00079,0.00848,-5.00,0.00,0.00,28.0,125.69,634.32,274.44,DESCEND
5.6881,-0.0401,-0.0337,0.1184,-0.01325,-0.00620,0.00648,-5.00,0.00,0.00,28.1,125.69,634.32,274.38,DESCEND
5.6981,0.0898,0.2162,0.2584,0.00874,0.00179,0.01448,-5.00,0.00,0.00,28.1,125.69,634.32,274.34,DESCEND
5.7082,0.0798,0.3462,-0.0215,0.01174,-0.00420,0.01148,-5.00,0.00,0.00,28.2,125.69,634.33,274.28,DESCEND
5.7183,0.0598,0.3762,0.0784,0.01074,0.00379,0.01248,-5.00,0.00,0.00,28.2,125.69,634.33,274.24,DESCEND
5.7284,-0.0401,-0.0337,0.1784,0.02074,-0.00120,0.00948,-5.00,0.00,0.00,28.3,125.69,634.33,274.18,DESCEND
5.7385,-0.0201,0.2462,0.2784,-0.00325,0.00079,0.00848,-5.00,0.00,0.00,28.3,125.69,634.33,274.14,DESCEND
5.7486,-0.0501,0.4962,-0.1715,0.01074,-0.00620,0.01248,-5.00,0.00,0.00,28.4,125.69,634.33,274.08,DESCEND
5.7587,-0.0101,-0.0037,0.1584,0.01374,0.00379,0.00848,-5.00,0.00,0.00,28.4,125.69,634.33,274.04,DESCEND
5.7688,-0.2201,0.5362,-0.3215,-0.00725,-0.00720,0.01248,-5.00,0.00,0.00,28.5,125.70,634.34,273.98,DESCEND
5.7789,0.1898,0.0862,0.2184,0.01374,0.00279,0.01148,-5.00,0.00,0.00,28.5,125.70,634.34,273.94,DESCEND
5.7890,-0.0901,0.2762,-0.0515,0.01374,0.00079,0.01348,-5.00,0.00,0.00,28.6,125.70,634.34,273.88,DESCEND
5.7991,0.0498,-0.0337,-0.1515,-0.00025,-0.01420,0.00948,-5.00,0.00,0.00,28.7,125.70,634.34,273.82,DESCEND
5.8091,0.0098,0.8562,-0.3315,-0.00825,-0.01420,0.01148,-5.00,0.00,0.00,28.7,125.70,634.34,273.78,DESCEND
5.8192,-0.0801,0.1362,0.2184,0.00274,0.00379,0.00948,-5.00,0.00,0.00,28.8,125.70,634.35,273.72,DESCEND
5.8293,0.0098,0.0762,0.3284,0.02274,0.00879,0.01148,-5.00,0.00,0.00,28.8,125.70,634.35,273.68,DESCEND
5.8394,0.0698,0.0762,0.0584,0.01374,-0.00120,0.00748,-5.00,0.00,0.00,28.9,125.70,634.35,273.62,DESCEND
5.8495,-0.1201,0.2062,-0.0515,-0.00325,-0.00220,0.01148,-5.00,0.00,0.00,28.9,125.70,634.35,273.58,DESCEND
5.8596,-0.2001,0.6262,-0.2315,-0.01025,-0.00920,0.01548,-5.00,0.00,0.00,29.0,125.70,634.35,273.52,DESCEND
5.8697,-0.0901,0.1962,0.3584,0.00774,0.00579,0.01148,-5.00,0.00,0.00,29.0,125.70,634.36,273.48,DESCEND
5.8798,0.0698,0.0662,0.2384,0.01774,0.00679,0.01048,-5.00,0.00,0.00,29.1,125.70,634.36,273.42,DESCEND
5.8899,0.0998,0.4362,0.0084,0.00974,0.00079,0.01048,-5.00,0.00,0.00,29.1,125.70,634.36,273.38,DESCEND
5.9000,0.1698,0.0762,-0.0715,0.02874,-0.00020,0.00948,-5.00,0.00,0.00,29.2,125.70,634.36,273.32,DESCEND
5.9101,-0.0201,0.3362,-0.0115,0.00574,0.00579,0.00948,-5.00,0.00,0.00,29.2,125.70,634.36,273.28,DESCEND
5.9202,0.0498,0.5162,-0.2815,0.00674,-0.01020,0.01048,-5.00,0.00,0.00,29.3,125.70,634.37,273.22,DESCEND
5.9303,-0.0101,0.3462,0.0184,0.00174,-0.00720,0.00748,-5.00,0.00,0.00,29.3,125.70,634.37,273.18,DESCEND
5.9404,-0.1301,0.2762,0.2884,0.00674,0.00279,0.00948,-5.00,0.00,0.00,29.4,125.70,634.37,273.12,DESCEND
5.9505,-0.0301,0.2562,-0.0915,0.02974,-0.00020,0.00948,-5.00,0.00,0.00,29.4,125.70,634.37,273.08,DESCEND
5.9606,0.0098,0.0462,0.1584,0.00874,0.00479,0.00748,-5.00,0.00,0.00,29.5,125.70,634.37,273.02,DESCEND
5.9707,-0.1301,-0.0937,0.3284,0.01174,0.00979,0.00648,-5.00,0.00,0.00,29.5,125.70,634.37,272.98,DESCEND
5.9808,-0.0201,0.1762,0.0684,0.01774,-0.00120,0.01248,-5.00,0.00,0.00,29.6,125.70,634.38,272.92,DESCEND
5.9909,0.0798,0.1562,-0.0215,-0.00425,-0.00520,0.00748,-5.00,0.00,0.00,29.6,125.70,634.38,272.88,DESCEND
6.0011,0.1998,-0.0537,0.3184,0.02774,0.00979,0.01048,-5.00,0.00,0.00,29.7,125.70,634.38,272.82,DESCEND
6.0112,-0.1101,0.3762,-0.1615,0.00174,-0.00320,0.01448,-5.00,0.00,0.00,29.7,125.70,634.38,272.76,DESCEND
6.0213,-0.2001,0.3062,-0.0915,-0.00925,-0.00220,0.01048,-5.00,0.00,0.00,29.8,125.70,634.38,272.72,DESCEND
6.0314,-0.0301,0.5262,-0.1615,0.00574,-0.00820,0.01448,-5.00,0.00,0.00,29.8,125.70,634.39,272.66,DESCEND
6.0415,-0.0001,0.2762,-0.1215,0.01074,0.00179,0.01348,-5.00,0.00,0.00,29.9,125.70,634.39,272.62,DESCEND
6.0516,0.1398,0.8062,-0.0715,0.02674,0.00479,0.01648,-5.00,0.00,0.00,29.9,125.70,634.39,272.56,DESCEND
6.0617,0.2598,0.2762,-0.1115,0.02274,-0.01020,0.01348,-5.00,0.00,0.00,30.0,125.70,634.39,272.52,DESCEND
6.0718,-0.2501,0.4162,0.2484,0.01374,0.01179,0.01048,-5.00,0.00,0.00,30.0,125.70,634.39,272.46,DESCEND
6.0819,0.1598,0.1962,0.1184,0.01774,0.01179,0.00848,-5.00,0.00,0.00,30.1,125.70,634.39,272.42,DESCEND
6.0920,-0.0101,0.3762,0.1284,-0.01425,-0.01020,0.01248,-5.00,0.00,0.00,30.1,125.70,634.40,272.36,DESCEND
6.1021,-0.0401,0.0762,0.1384,0.00874,0.00079,0.00648,-5.00,0.00,0.00,30.2,125.70,634.40,272.32,DESCEND
6.1122,0.0898,-0.1337,0.2184,-0.00725,-0.01620,0.01248,-5.00,0.00,0.00,30.2,125.70,634.40,272.26,DESCEND
6.1223,-0.1001,-0.0137,0.2784,0.00674,-0.00120,0.01448,-5.00,0.00,0.00,30.3,125.70,634.40,272.22,DESCEND
6.1325,-0.0701,0.1162,0.0884,-0.01025,-0.00120,0.01148,-5.00,0.00,0.00,30.3,125.70,634.40,272.16,DESCEND
6.1426,-0.1601,0.5562,0.1884,0.00874,0.01179,0.01448,-5.00,0.00,0.00,30.4,125.70,634.41,272.12,DESCEND
6.1527,-0.1201,0.3062,0.2884,-0.00925,-0.00120,0.00948,-5.00,0.00,0.00,30.4,125.70,634.41,272.06,DESCEND
6.1628,-0.1201,0.5862,-0.0515,-0.00325,0.00379,0.01348,-5.00,0.00,0.00,30.5,125.70,634.41,272.02,DESCEND
6.1729,0.0898,0.2062,0.2484,-0.00925,0.00079,0.01048,-5.00,0.00,0.00,30.5,125.70,634.41,271.96,DESCEND
6.1830,0.0298,0.1262,0.0384,0.00174,-0.00020,0.01148,-5.00,0.00,0.00,30.6,125.70,634.41,271.90,DESCEND
6.1931,-0.1201,0.1162,0.1184,0.00774,0.00079,0.01148,-5.00,0.00,0.00,30.6,125.70,634.42,271.86,DESCEND
6.2032,0.2398,0.3962,0.0984,0.02674,0.00179,0.01048,-5.00,0.00,0.00,30.7,125.70,634.42,271.80,DESCEND
6.2133,-0.0501,0.3662,0.0384,0.00374,-0.00420,0.01148,-5.00,0.00,0.00,30.7,125.70,634.42,271.76,DESCEND
6.2234,0.0298,0.0262,0.0984,0.01774,-0.00120,0.00648,-5.00,0.00,0.00,30.8,125.70,634.42,271.70,DESCEND
6.2336,-0.0301,0.1462,0.0184,-0.00825,-0.01320,0.01248,-5.00,0.00,0.00,30.8,125.70,634.42,271.66,DESCEND
6.2436,-0.0501,0.0962,0.2684,0.01674,0.00179,0.01148,-5.00,0.00,0.00,30.9,125.70,634.43,271.60,DESCEND
6.2537,-0.1001,0.1062,-0.0615,-0.00125,-0.00220,0.00948,-5.00,0.00,0.00,30.9,125.70,634.43,271.56,DESCEND
6.2638,0.1298,0.1862,0.0184,0.01474,-0.00020,0.01448,-5.00,0.00,0.00,31.0,125.70,634.43,271.50,DESCEND
6.2739,0.0798,0.3362,-0.1415,0.01674,-0.00420,0.00848,-5.00,0.00,0.00,31.0,125.70,634.43,271.46,DESCEND
6.2840,0.1098,-0.0037,0.1884,0.00774,0.00179,0.00848,-5.00,0.00,0.00,31.1,125.70,634.43,271.40,DESCEND
6.2941,0.1298,0.0862,0.0484,0.01274,-0.00720,0.01448,-5.00,0.00,0.00,31.1,125.70,634.43,271.36,DESCEND
6.3042,-0.1601,0.4762,-0.0815,0.00674,0.00679,0.01348,-5.00,0.00,0.00,31.2,125.70,634.44,271.30,DESCEND
6.3143,-0.0501,0.4062,-0.1515,0.00974,0.00179,0.01148,-5.00,0.00,0.00,31.2,125.70,634.44,271.26,DESCEND
6.3244,0.0598,0.2662,0.1684,0.02874,0.00679,0.01048,-5.00,0.00,0.00,31.3,125.70,634.44,271.20,DESCEND
6.3346,0.0598,0.3762,-0.1315,0.01174,-0.00720,0.01448,-5.00,0.00,0.00,31.3,125.70,634.44,271.16,DESCEND
6.3447,0.1798,0.1762,0.2884,0.03074,0.00579,0.00648,-5.00,0.00,0.00,31.4,125.70,634.44,271.10,DESCEND
6.3548,-0.1501,0.2262,0.1084,0.00174,-0.00720,0.01148,-5.00,0.00,0.00,31.4,125.70,634.45,271.06,DESCEND
6.3649,0.0998,0.1762,0.1284,0.02774,0.01079,0.01148,-5.00,0.00,0.00,31.5,125.70,634.45,271.00,DESCEND
6.3750,-0.0601,0.5162,0.0384,-0.00525,-0.00520,0.01348,-5.00,0.00,0.00,31.5,125.70,634.45,270.94,DESCEND
6.3851,0.1298,0.4662,-0.3215,0.01474,-0.00620,0.01048,-5.00,0.00,0.00,31.6,125.70,634.45,270.90,DESCEND
6.3952,0.1998,0.2562,-0.0915,0.02274,-0.00220,0.00948,-5.00,0.00,0.00,31.6,125.70,634.45,270.84,DESCEND
6.4053,-0.2501,0.2262,0.0184,0.00974,0.01579,0.01148,-5.00,0.00,0.00,31.7,125.70,634.45,270.80,DESCEND
6.4153,0.1398,0.6062,-0.2415,0.02374,0.00479,0.01048,-5.00,0.00,0.00,31.7,125.70,634.46,270.74,DESCEND
6.4254,-0.0801,0.0562,0.1784,-0.00125,0.00679,0.00948,-5.00,0.00,0.00,31.8,125.70,634.46,270.70,DESCEND
6.4355,0.0998,0.0862,0.0284,0.00774,-0.00720,0.00848,-5.00,0.00,0.00,31.8,125.70,634.46,270.64,DESCEND
6.4456,-0.2001,0.3162,-0.0915,-0.00625,-0.00120,0.01248,-5.00,0.00,0.00,31.9,125.70,634.46,270.60,DESCEND
6.4557,0.0998,0.2962,-0.3115,0.02774,-0.00320,0.00948,-5.00,0.00,0.00,31.9,125.70,634.46,270.54,DESCEND
6.4658,0.0198,0.2962,0.2384,0.00574,0.00079,0.01148,-5.00,0.00,0.00,32.0,125.70,634.47,270.50,DESCEND
6.4759,0.1098,0.5462,-0.0615,0.01874,0.00579,0.01248,-5.00,0.00,0.00,32.0,125.70,634.47,270.44,DESCEND
6.4860,-0.1701,0.4062,-0.1015,-0.00025,0.00779,0.01448,-5.00,0.00,0.00,32.1,125.70,634.47,270.40,DESCEND
6.4961,0.2598,0.2962,-0.0315,0.02474,-0.00020,0.00948,-5.00,0.00,0.00,32.1,125.71,634.47,270.34,DESCEND
6.5062,0.0198,0.3862,-0.0315,0.00274,-0.01120,0.01248,-5.00,0.00,0.00,32.2,125.71,634.47,270.30,DESCEND
6.5163,0.1898,0.0362,0.0484,0.02574,-0.00020,0.00848,-5.00,0.00,0.00,32.2,125.71,634.48,270.24,DESCEND
6.5264,-0.0601,0.1262,-0.2915,0.01674,0.00879,0.01248,-5.00,0.00,0.00,32.3,125.71,634.48,270.20,DESCEND
6.5365,0.0298,0.3662,0.0084,0.01874,0.00079,0.00948,-5.00,0.00,0.00,32.3,125.71,634.48,270.14,DESCEND
6.5466,0.0598,0.3262,-0.3915,0.00974,-0.01120,0.01048,-5.00,0.00,0.00,32.4,125.71,634.48,270.11,DESCEND
6.5567,-0.0701,0.0762,0.0584,0.01274,0.00079,0.00648,-5.00,0.00,0.00,32.4,125.71,634.48,270.05,DESCEND
6.5668,-0.0601,0.1562,-0.0815,-0.00125,-0.00820,0.01048,-5.00,0.00,0.00,32.5,125.71,634.48,270.01,DESCEND
6.5769,-0.0001,0.0262,0.3184,-0.00225,-0.00220,0.00848,-5.00,0.00,0.00,32.5,125.71,634.49,269.95,DESCEND
6.5870,-0.0901,-0.0337,0.2884,0.00874,0.00079,0.01048,-5.00,0.00,0.00,32.6,125.71,634.49,269.89,DESCEND
6.5971,-0.0401,0.1262,-0.0015,0.00274,-0.00420,0.01148,-5.00,0.00,0.00,32.6,125.71,634.49,269.85,DESCEND
6.6072,0.1098,0.0962,0.1584,0.00574,-0.00720,0.01048,-5.00,0.00,0.00,32.7,125.71,634.49,269.79,DESCEND
6.6173,0.0698,0.3262,0.0284,0.00374,-0.01020,0.00948,-5.00,0.00,0.00,32.7,125.71,634.49,269.75,DESCEND
6.6274,0.0198,0.1962,-0.0315,0.00174,-0.00220,0.01148,-5.00,0.00,0.00,32.8,125.71,634.50,269.69,DESCEND
6.6375,-0.1401,0.2362,0.1184,0.00574,-0.00320,0.01148,-5.00,0.00,0.00,32.8,125.71,634.50,269.65,DESCEND
6.6476,-0.0001,0.4462,-0.3515,0.00674,-0.01020,0.01448,-5.00,0.00,0.00,32.9,125.71,634.50,269.59,DESCEND
6.6577,0.0998,0.2762,-0.2015,0.03274,0.00379,0.01148,-5.00,0.00,0.00,32.9,125.71,634.50,269.55,DESCEND
6.6678,-0.0301,0.2662,-0.1515,-0.00025,-0.00220,0.01148,-5.00,0.00,0.00,33.0,125.71,634.50,269.49,DESCEND
6.6779,-0.0201,0.2362,-0.0215,0.01274,0.00679,0.01048,-5.00,0.00,0.00,33.0,125.71,634.51,269.45,DESCEND
6.6879,0.0698,0.3062,0.0184,0.02674,0.00979,0.00848,-5.00,0.00,0.00,33.1,125.71,634.51,269.39,DESCEND
6.6980,0.1198,0.4862,-0.0315,0.01974,0.00579,0.01448,-5.00,0.00,0.00,33.1,125.71,634.51,269.35,DESCEND
6.7081,-0.0601,0.0962,0.1084,-0.00125,-0.00120,0.01048,-5.00,0.00,0.00,33.2,125.71,634.51,269.29,DESCEND
6.7182,-0.0501,0.2462,-0.0515,0.00374,-0.00620,0.00948,-5.00,0.00,0.00,33.2,125.71,634.51,269.25,DESCEND
6.7283,-0.0001,0.1062,0.4284,0.02174,0.00979,0.00948,-5.00,0.00,0.00,33.3,125.71,634.51,269.19,DESCEND
6.7384,0.1898,0.2162,0.0984,0.02174,0.00279,0.00848,-5.00,0.00,0.00,33.3,125.71,634.52,269.15,DESCEND
6.7485,0.0298,0.0862,0.2984,0.01874,0.01379,0.00948,-5.00,0.00,0.00,33.4,125.71,634.52,269.09,DESCEND
6.7586,0.0198,0.6862,-0.3615,-0.00525,-0.01420,0.01348,-5.00,0.00,0.00,33.4,125.71,634.52,269.05,DESCEND
6.7687,-0.0001,0.3362,0.0584,0.02174,0.00379,0.01248,-5.00,0.00,0.00,33.5,125.71,634.52,268.99,DESCEND
6.7788,0.2598,0.3462,0.2884,0.02974,0.01279,0.01248,-5.00,0.00,0.00,33.5,125.71,634.52,268.95,DESCEND
6.7889,0.0998,0.3462,-0.0315,0.01674,-0.00320,0.01248,-5.00,0.00,0.00,33.6,125.71,634.53,268.89,DESCEND
6.7990,-0.1201,0.3262,0.2784,0.00474,0.00279,0.01048,-5.00,0.00,0.00,33.7,125.71,634.53,268.83,DESCEND
6.8091,0.0498,0.0762,0.3284,0.01974,0.01079,0.00848,-5.00,0.00,0.00,33.7,125.71,634.53,268.79,DESCEND
6.8192,0.0798,0.1262,0.0384,0.01574,0.00179,0.01048,-5.00,0.00,0.00,33.8,125.71,634.53,268.73,DESCEND
6.8293,0.1998,0.0762,0.1084,0.03174,0.01279,0.00848,-5.00,0.00,0.00,33.8,125.71,634.53,268.69,DESCEND
6.8395,-0.0901,0.5462,-0.3015,-0.00225,-0.01020,0.01348,-5.00,0.00,0.00,33.9,125.71,634.54,268.63,DESCEND
6.8496,0.1498,0.1062,0.1084,0.04474,0.01079,0.01048,-5.00,0.00,0.00,33.9,125.71,634.54,268.59,DESCEND
6.8597,-0.0901,0.4062,0.1084,0.00474,-0.00120,0.01448,-5.00,0.00,0.00,34.0,125.71,634.54,268.53,DESCEND
6.8698,-0.2301,0.3662,0.0984,-0.00225,0.00579,0.01448,-5.00,0.00,0.00,34.0,125.71,634.54,268.49,DESCEND
6.8799,0.2598,0.1162,0.2484,0.02674,0.01879,0.00948,-5.00,0.00,0.00,34.1,125.71,634.54,268.43,DESCEND
6.8900,-0.0501,0.8062,-0.0415,0.00974,0.00079,0.01748,-5.00,0.00,0.00,34.1,125.71,634.54,268.39,DESCEND
6.9001,0.0098,0.2362,0.0084,0.02074,0.00379,0.01148,-5.00,0.00,0.00,34.2,125.71,634.55,268.33,DESCEND
6.9102,-0.0101,0.1462,0.6184,0.01674,0.00779,0.01148,-5.00,0.00,0.00,34.2,125.71,634.55,268.29,DESCEND
6.9203,0.0398,0.1262,0.2084,0.01274,0.01279,0.01048,-5.00,0.00,0.00,34.3,125.71,634.55,268.23,DESCEND
6.9304,-0.0801,0.2462,-0.1115,0.00374,-0.00320,0.01248,-5.00,0.00,0.00,34.3,125.71,634.55,268.19,DESCEND
6.9405,-0.0701,0.0462,0.2684,-0.00425,0.00179,0.00748,-5.00,0.00,0.00,34.4,125.71,634.55,268.13,DESCEND
6.9506,0.0698,0.1462,0.1784,0.01174,0.00679,0.00748,-5.00,0.00,0.00,34.4,125.71,634.56,268.09,DESCEND
6.9608,-0.0101,0.1262,-0.0115,0.01074,-0.00020,0.00948,-5.00,0.00,0.00,34.5,125.71,634.56,268.03,DESCEND
6.9709,0.0498,-0.1337,0.2784,0.01374,0.00879,0.00948,-5.00,0.00,0.00,34.5,125.71,634.56,267.99,DESCEND
6.9809,0.0498,0.1062,0.0484,0.02174,0.00479,0.01148,-5.00,0.00,0.00,34.6,125.71,634.56,267.93,DESCEND
6.9910,-0.2101,0.2662,0.2884,0.01574,0.01079,0.01348,-5.00,0.00,0.00,34.6,125.71,634.56,267.87,DESCEND
7.0013,-0.1401,0.0962,0.0884,0.00974,0.00579,0.01348,-5.00,0.00,0.00,34.7,125.71,634.57,267.83,DESCEND
7.0114,0.1898,0.3362,0.3284,0.03274,0.01679,0.00948,-5.00,0.00,0.00,34.7,125.71,634.57,267.77,DESCEND
7.0215,0.0298,0.4562,-0.0915,-0.00125,-0.00820,0.01148,-5.00,0.00,0.00,34.8,125.71,634.57,267.73,DESCEND
7.0316,0.1098,0.2462,-0.0015,0.01874,0.00179,0.01148,-5.00,0.00,0.00,34.8,125.71,634.57,267.67,DESCEND
7.0416,-0.0401,-0.0537,0.2684,0.01174,0.01279,0.01148,-5.00,0.00,0.00,34.9,125.71,634.57,267.63,DESCEND
7.0518,0.1998,0.5862,-0.4315,0.01074,-0.00720,0.01348,-5.00,0.00,0.00,34.9,125.71,634.57,267.57,DESCEND
7.0619,-0.0501,0.0562,0.1684,0.00974,0.00579,0.01248,-5.00,0.00,0.00,35.0,125.71,634.58,267.53,DESCEND
7.0720,0.1898,-0.0637,0.3584,0.01474,-0.00520,0.00848,-5.00,0.00,0.00,35.0,125.71,634.58,267.47,DESCEND
7.0821,0.0398,0.0862,0.1384,0.01074,0.00579,0.00948,-5.00,0.00,0.00,35.1,125.71,634.58,267.43,DESCEND
7.0921,0.0098,0.4462,-0.1715,0.00674,-0.00420,0.01048,-5.00,0.00,0.00,35.1,125.71,634.58,267.37,DESCEND
7.1023,0.0698,0.4462,-0.1915,0.01974,0.00079,0.01348,-5.00,0.00,0.00,35.2,125.71,634.58,267.33,DESCEND
7.1123,0.0398,0.0762,0.1884,0.02374,-0.00120,0.01248,-5.00,0.00,0.00,35.2,125.71,634.59,267.27,DESCEND
7.1225,-0.2001,0.2762,-0.0615,0.00074,-0.00020,0.01448,-5.00,0.00,0.00,35.3,125.71,634.59,267.23,DESCEND
7.1326,-0.1101,0.5262,0.1084,0.00974,0.00179,0.01548,-5.00,0.00,0.00,35.3,125.71,634.59,267.17,DESCEND
7.1427,-0.1101,0.7462,-0.2715,-0.00225,-0.00120,0.01248,-5.00,0.00,0.00,35.4,125.71,634.59,267.13,DESCEND
7.1528,0.1298,0.0362,0.1284,0.01574,0.00779,0.00948,-5.00,0.00,0.00,35.4,125.71,634.59,267.07,DESCEND
7.1629,-0.0801,0.1562,0.0784,0.00474,0.00879,0.00948,-5.00,0.00,0.00,35.5,125.71,634.59,267.03,DESCEND
7.1730,-0.1601,0.2262,0.1684,-0.00025,0.00479,0.01348,-5.00,0.00,0.00,35.5,125.71,634.60,266.97,DESCEND
7.1831,0.0498,0.0062,0.3584,0.02174,0.00979,0.01248,-5.00,0.00,0.00,35.6,125.71,634.60,266.91,DESCEND
7.1932,-0.0201,-0.0137,0.1484,0.01974,0.00779,0.01248,-5.00,0.00,0.00,35.6,125.71,634.60,266.87,DESCEND
7.2033,-0.1401,0.0962,0.3484,0.00174,0.00279,0.01248,-5.00,0.00,0.00,35.7,125.71,634.60,266.81,DESCEND
7.2133,0.2198,0.4362,-0.0115,0.02574,0.00779,0.01448,-5.00,0.00,0.00,35.7,125.71,634.60,266.77,DESCEND
7.2235,-0.0101,0.3462,0.0884,0.00874,-0.00020,0.01548,-5.00,0.00,0.00,35.8,125.71,634.61,266.71,DESCEND
7.2336,0.0798,0.3562,-0.0415,0.00974,-0.00020,0.00948,-5.00,0.00,0.00,35.8,125.72,634.61,266.67,DESCEND
7.2437,-0.0301,0.2762,0.0784,0.01574,0.00779,0.01148,-5.00,0.00,0.00,35.9,125.72,634.61,266.61,DESCEND
7.2538,0.0798,0.3662,-0.2315,0.00774,-0.01420,0.01448,-5.00,0.00,0.00,35.9,125.72,634.61,266.57,DESCEND
7.2639,0.1998,0.3362,-0.2515,0.02474,0.00079,0.01048,-5.00,0.00,0.00,36.0,125.72,634.61,266.51,DESCEND
7.2740,0.0598,0.3062,-0.0215,0.01474,0.00179,0.01148,-5.00,0.00,0.00,36.0,125.72,634.62,266.47,DESCEND
7.2841,-0.1901,0.2362,0.2184,0.00374,0.00779,0.00948,-5.00,0.00,0.00,36.1,125.72,634.62,266.39,DESCEND
7.2942,0.0398,-0.1537,0.3984,0.03174,0.01879,0.01348,-5.00,0.00,0.00,36.1,125.72,634.62,266.37,DESCEND
7.3043,0.1398,0.2062,0.1284,0.01074,0.00279,0.01348,-5.00,0.00,0.00,36.2,125.72,634.62,266.31,DESCEND
7.3144,0.0498,-0.2037,0.6084,0.00574,0.00879,0.01048,-5.00,0.00,0.00,36.2,125.72,634.62,266.27,DESCEND
7.3244,-0.0701,0.2662,0.0684,0.00274,0.00879,0.01348,-5.00,0.00,0.00,36.3,125.72,634.63,266.21,DESCEND
7.3345,0.0498,0.1462,0.1184,0.01774,0.00879,0.01248,-5.00,0.00,0.00,36.3,125.72,634.63,266.17,DESCEND
7.3446,-0.1101,0.4362,-0.0915,0.00174,-0.00620,0.01248,-5.00,0.00,0.00,36.4,125.72,634.63,266.11,DESCEND
7.3547,0.0798,0.4462,-0.1415,0.01574,-0.00020,0.01048,-5.00,0.00,0.00,36.4,125.72,634.63,266.07,DESCEND
7.3649,0.1698,0.2362,-0.2515,0.02374,-0.00420,0.01248,-5.00,0.00,0.00,36.5,125.72,634.63,266.01,DESCEND
7.3750,-0.1901,0.2862,0.0284,0.00774,0.00779,0.01048,-5.00,0.00,0.00,36.5,125.72,634.63,265.97,DESCEND
7.3851,0.1398,0.1962,0.1684,0.02574,0.00179,0.01148,-5.00,0.00,0.00,36.6,125.72,634.64,265.91,DESCEND
7.3952,0.0398,0.2162,0.1684,0.01174,0.00779,0.00948,-5.00,0.00,0.00,36.6,125.72,634.64,265.85,DESCEND
7.4053,-0.0001,0.4262,-0.0115,0.00974,0.00279,0.01048,-5.00,0.00,0.00,36.7,125.72,634.64,265.81,DESCEND
7.4154,-0.0301,0.0862,0.1684,0.01174,0.00679,0.01548,-5.00,0.00,0.00,36.7,125.72,634.64,265.75,DESCEND
7.4255,0.3398,0.4162,-0.1115,0.02474,-0.00220,0.01048,-5.00,0.00,0.00,36.8,125.72,634.64,265.71,DESCEND
7.4356,0.0598,0.3462,0.0084,0.01974,0.00679,0.01248,-5.00,0.00,0.00,36.8,125.72,634.65,265.65,DESCEND
7.4457,-0.1001,0.0962,0.1484,0.00574,0.00279,0.01548,-5.00,0.00,0.00,36.9,125.72,634.65,265.61,DESCEND
7.4558,0.0198,0.3262,-0.0615,0.00374,-0.00920,0.01048,-5.00,0.00,0.00,36.9,125.72,634.65,265.55,DESCEND
7.4659,-0.1601,0.5162,-0.2215,0.02474,0.00379,0.01648,-5.00,0.00,0.00,37.0,125.72,634.65,265.51,DESCEND
7.4760,0.1398,-0.0937,0.2284,0.00774,-0.00620,0.00848,-5.00,0.00,0.00,37.0,125.72,634.65,265.45,DESCEND
7.4861,-0.0101,0.2762,0.0084,0.02574,0.00079,0.01348,-5.00,0.00,0.00,37.1,125.72,634.66,265.41,DESCEND
7.4963,-0.2901,0.4762,-0.0615,-0.00225,0.00079,0.01648,-5.00,0.00,0.00,37.1,125.72,634.66,265.35,DESCEND
7.5064,0.1498,0.1862,0.3584,0.03374,0.01079,0.01148,-5.00,0.00,0.00,37.2,125.72,634.66,265.31,DESCEND
7.5165,-0.1201,0.1962,-0.2215,-0.01925,-0.00820,0.01048,-5.00,0.00,0.00,37.2,125.72,634.66,265.25,DESCEND
7.5266,-0.0901,0.3062,0.1284,-0.00425,-0.00820,0.01248,-5.00,0.00,0.00,37.3,125.72,634.66,265.21,DESCEND
7.5367,-0.0401,0.3162,0.1584,0.00074,-0.00720,0.00848,-5.00,0.00,0.00,37.3,125.72,634.66,265.15,DESCEND
7.5468,-0.0501,0.1262,0.0484,0.00474,-0.00120,0.01248,-5.00,0.00,0.00,37.4,125.72,634.67,265.11,DESCEND
7.5569,0.0498,0.4762,-0.1415,0.01274,-0.00120,0.01648,-5.00,0.00,0.00,37.4,125.72,634.67,265.05,DESCEND
7.5670,0.0398,0.3262,-0.1315,0.01474,-0.00020,0.01248,-5.00,0.00,0.00,37.5,125.72,634.67,264.99,DESCEND
7.5771,0.1398,-0.1437,0.3284,0.03074,0.01279,0.00748,-5.00,0.00,0.00,37.5,125.72,634.67,264.95,DESCEND
7.5872,0.0098,0.1762,0.1984,0.00974,-0.00420,0.01248,-5.00,0.00,0.00,37.6,125.72,634.67,264.89,DESCEND
7.5973,-0.1901,0.3462,-0.0215,-0.02125,-0.00920,0.01448,-5.00,0.00,0.00,37.6,125.72,634.68,264.85,DESCEND
7.6074,-0.0901,0.6862,-0.3715,0.00474,-0.00720,0.01348,-5.00,0.00,0.00,37.7,125.72,634.68,264.79,DESCEND
7.6175,0.1998,0.3362,0.0684,0.01774,0.00179,0.01348,-5.00,0.00,0.00,37.7,125.72,634.68,264.75,DESCEND
7.6276,-0.0201,0.3562,-0.0015,0.01474,0.00179,0.01248,-5.00,0.00,0.00,37.8,125.72,634.68,264.69,DESCEND
7.6377,0.0998,0.4062,0.1484,0.00274,0.00379,0.01348,-5.00,0.00,0.00,37.8,125.72,634.68,264.65,DESCEND
7.6478,-0.0101,-0.1937,0.3384,0.00874,0.00979,0.01048,-5.00,0.00,0.00,37.9,125.72,634.69,264.59,DESCEND
7.6579,0.0498,0.3262,0.0884,0.01274,0.00079,0.01248,-5.00,0.00,0.00,37.9,125.72,634.69,264.55,DESCEND
7.6680,-0.1401,0.1262,0.0884,0.00774,0.00079,0.01248,-5.00,0.00,0.00,38.0,125.72,634.69,264.49,DESCEND
7.6781,0.0898,0.1862,0.1384,0.03274,0.00779,0.01148,-5.00,0.00,0.00,38.0,125.72,634.69,264.45,DESCEND
7.6882,-0.2101,0.3162,-0.2515,-0.00725,0.00279,0.01348,-5.00,0.00,0.00,38.1,125.72,634.69,264.39,DESCEND
7.6983,-0.0701,0.4862,0.1384,0.00474,-0.00220,0.01548,-5.00,0.00,0.00,38.1,125.72,634.69,264.35,DESCEND
7.7084,0.0398,0.4062,-0.1115,0.00574,-0.00220,0.01448,-5.00,0.00,0.00,38.2,125.72,634.70,264.29,DESCEND
7.7185,0.0598,0.1062,-0.0615,0.01874,0.00479,0.00948,-5.00,0.00,0.00,38.2,125.72,634.70,264.25,DESCEND
7.7286,0.0098,0.2262,0.0184,0.02574,0.01579,0.00948,-5.00,0.00,0.00,38.3,125.72,634.70,264.19,DESCEND
7.7387,0.1498,0.5262,-0.2515,0.02574,0.00379,0.01548,-5.00,0.00,0.00,38.3,125.72,634.70,264.15,DESCEND
7.7488,0.3098,0.5062,-0.2315,0.01374,-0.00820,0.00948,-5.00,0.00,0.00,38.4,125.72,634.70,264.09,DESCEND
7.7589,-0.1801,0.5562,0.0384,-0.00025,0.00279,0.01348,-5.00,0.00,0.00,38.4,125.72,634.71,264.05,DESCEND
7.7690,0.0598,0.3762,0.0084,0.00174,-0.00620,0.01348,-5.00,0.00,0.00,38.5,125.72,634.71,263.99,DESCEND
7.7791,0.0098,0.3762,0.0684,0.02074,0.00379,0.01248,-5.00,0.00,0.00,38.6,125.72,634.71,263.93,DESCEND
7.7892,0.0698,0.1262,0.1684,0.01074,0.00179,0.00948,-5.00,0.00,0.00,38.6,125.72,634.71,263.89,DESCEND
7.7993,0.1998,0.5262,-0.0815,0.02374,-0.00120,0.01348,-5.00,0.00,0.00,38.7,125.72,634.71,263.83,DESCEND
7.8094,0.0998,0.3562,0.0784,0.00674,-0.00420,0.01548,-5.00,0.00,0.00,38.7,125.72,634.72,263.79,DESCEND
7.8195,0.0298,0.1362,-0.0815,0.00974,-0.00320,0.00948,-5.00,0.00,0.00,38.8,125.72,634.72,263.73,DESCEND
7.8296,0.1398,0.3262,-0.1515,0.02174,-0.00120,0.01148,-5.00,0.00,0.00,38.8,125.72,634.72,263.69,DESCEND
7.8397,0.0498,-0.3237,0.2284,0.01374,0.00379,0.00948,-5.00,0.00,0.00,38.9,125.72,634.72,263.63,DESCEND
7.8498,0.2498,0.0562,0.0784,0.02674,0.00679,0.00648,-5.00,0.00,0.00,38.9,125.72,634.72,263.59,DESCEND
7.8599,-0.0701,0.4562,0.0184,0.00974,0.00379,0.01348,-5.00,0.00,0.00,39.0,125.72,634.72,263.53,DESCEND
7.8700,0.1198,0.2562,-0.1515,0.01174,-0.00720,0.01348,-5.00,0.00,0.00,39.0,125.72,634.73,263.49,DESCEND
7.8801,0.0298,0.2062,0.0784,0.02974,0.00579,0.01348,-5.00,0.00,0.00,39.1,125.72,634.73,263.43,DESCEND
7.8902,-0.1101,0.3862,0.0784,-0.00125,0.00479,0.01348,-5.00,0.00,0.00,39.1,125.72,634.73,263.39,DESCEND
7.9003,-0.0301,0.2662,0.0584,-0.00925,-0.01320,0.01348,-5.00,0.00,0.00,39.2,125.72,634.73,263.33,DESCEND
7.9104,-0.0101,0.3662,-0.2015,0.02174,0.00279,0.01548,-5.00,0.00,0.00,39.2,125.72,634.73,263.29,DESCEND
7.9205,-0.0101,0.2062,0.1584,0.01374,0.00879,0.01348,-5.00,0.00,0.00,39.3,125.72,634.74,263.23,DESCEND
7.9306,0.1598,0.7562,-0.4615,0.01074,-0.01320,0.01648,-5.00,0.00,0.00,39.3,125.72,634.74,263.19,DESCEND
7.9407,0.0098,0.3262,-0.2915,0.01674,0.00579,0.01748,-5.00,0.00,0.00,39.4,125.72,634.74,263.13,DESCEND
7.9508,-0.0801,0.3462,-0.0315,0.00274,-0.00220,0.01248,-5.00,0.00,0.00,39.4,125.72,634.74,263.09,DESCEND
7.9609,-0.1501,0.1762,-0.0115,0.00274,0.00079,0.01248,-5.00,0.00,0.00,39.5,125.72,634.74,263.03,DESCEND
7.9710,0.0398,0.4762,-0.2915,0.01374,0.00179,0.01348,-5.00,0.00,0.00,39.5,125.72,634.75,262.97,DESCEND
7.9811,0.0798,0.2462,0.0984,0.01274,-0.00220,0.01448,-5.00,0.00,0.00,39.6,125.72,634.75,262.93,DESCEND
7.9912,-0.0101,0.1662,-0.1415,0.01474,-0.00120,0.00948,-5.00,0.00,0.00,39.6,125.73,634.75,262.87,DESCEND
8.0013,0.1098,0.0062,0.0284,0.01874,-0.00420,0.00948,-5.00,0.00,0.00,39.7,125.73,634.75,262.83,DESCEND
8.0114,-0.0201,0.3762,0.2284,0.00474,0.00079,0.01248,-5.00,0.00,0.00,39.7,125.73,634.75,262.77,DESCEND
8.0215,0.1798,0.3062,0.2584,0.02474,0.00779,0.01148,-5.00,0.00,0.00,39.8,125.73,634.75,262.73,DESCEND
8.0316,0.0298,0.3162,-0.0815,0.02474,0.01179,0.01348,-5.00,0.00,0.00,39.8,125.73,634.76,262.67,DESCEND
8.0417,0.0398,0.4462,-0.0315,0.01674,0.00479,0.01548,-5.00,0.00,0.00,39.9,125.73,634.76,262.63,DESCEND
8.0518,0.1098,0.5762,-0.2715,0.01674,-0.00820,0.01448,-5.00,0.00,0.00,39.9,125.73,634.76,262.57,DESCEND
8.0618,0.0398,0.2862,-0.1915,0.00474,-0.01320,0.01048,-5.00,0.00,0.00,40.0,125.73,634.76,262.53,DESCEND
8.0719,0.0998,0.2762,-0.0115,0.01074,-0.00020,0.01148,-5.00,0.00,0.00,40.0,125.73,634.76,262.47,DESCEND
8.0820,0.0998,0.2462,-0.2215,0.01974,-0.00720,0.01248,-5.00,0.00,0.00,40.1,125.73,634.77,262.43,DESCEND
8.0921,-0.0801,0.3262,-0.0315,0.00374,-0.00420,0.01448,-5.00,0.00,0.00,40.1,125.73,634.77,262.37,DESCEND
8.1023,-0.0001,0.0462,0.0484,0.01474,-0.00020,0.01048,-5.00,0.00,0.00,40.2,125.73,634.77,262.33,DESCEND
8.1123,0.1498,0.1862,0.0084,0.01574,-0.00620,0.01248,-5.00,0.00,0.00,40.2,125.73,634.77,262.27,DESCEND
8.1225,-0.1601,0.3662,-0.1415,-0.00125,-0.00320,0.01448,-5.00,0.00,0.00,40.3,125.73,634.77,262.23,DESCEND
8.1326,-0.2501,0.2662,-0.0015,-0.00425,0.00279,0.01448,-5.00,0.00,0.00,40.3,125.73,634.78,262.17,DESCEND
8.1426,-0.1201,0.2262,0.0984,0.00374,0.00579,0.01348,-5.00,0.00,0.00,40.4,125.73,634.78,262.13,DESCEND
8.1528,0.0198,0.3662,-0.1015,0.00574,-0.00120,0.01148,-5.00,0.00,0.00,40.4,125.73,634.78,262.07,DESCEND
8.1629,-0.0301,0.0562,0.4784,0.02274,0.01379,0.01148,-5.00,0.00,0.00,40.5,125.73,634.78,262.03,DESCEND
8.1730,0.1598,0.0562,-0.0415,0.02074,-0.00120,0.01348,-5.00,0.00,0.00,40.5,125.73,634.78,261.97,DESCEND
8.1831,-0.2601,0.3062,0.0784,-0.00125,0.00079,0.01348,-5.00,0.00,0.00,40.6,125.73,634.78,261.91,DESCEND
8.1932,0.0898,0.3062,-0.0015,0.02274,-0.00020,0.01548,-5.00,0.00,0.00,40.6,125.73,634.79,261.87,DESCEND
8.2033,0.1398,0.4262,-0.3315,0.01674,-0.00520,0.01548,-5.00,0.00,0.00,40.7,125.73,634.79,261.81,DESCEND
8.2134,0.1398,0.0062,0.2084,0.01474,0.00779,0.00748,-5.00,0.00,0.00,40.7,125.73,634.79,261.77,DESCEND
8.2235,-0.0001,0.1762,0.0684,0.01774,0.00179,0.01448,-5.00,0.00,0.00,40.8,125.73,634.79,261.71,DESCEND
8.2336,0.1698,-0.0137,-0.0315,0.00874,-0.01020,0.01148,-5.00,0.00,0.00,40.8,125.73,634.79,261.67,DESCEND
8.2437,-0.0001,0.8362,-0.2515,-0.00225,-0.01820,0.01948,-5.00,0.00,0.00,40.9,125.73,634.80,261.61,DESCEND
8.2538,0.1998,0.6762,-0.1715,0.02174,-0.00320,0.01448,-5.00,0.00,0.00,40.9,125.73,634.80,261.57,DESCEND
8.2639,0.0098,0.4562,-0.0515,0.01874,0.00379,0.01348,-5.00,0.00,0.00,41.0,125.73,634.80,261.51,DESCEND
8.2740,0.0798,0.0362,0.2684,0.02074,0.00979,0.01248,-5.00,0.00,0.00,41.0,125.73,634.80,261.47,DESCEND
8.2841,0.0098,0.0562,0.2084,0.00774,-0.00020,0.01348,-5.00,0.00,0.00,41.1,125.73,634.80,261.41,DESCEND
8.2942,0.0398,0.7062,-0.3415,0.01074,-0.00520,0.01848,-5.00,0.00,0.00,41.1,125.73,634.80,261.37,DESCEND
8.3044,-0.0301,0.7662,-0.0315,0.01174,0.00479,0.01548,-5.00,0.00,0.00,41.2,125.73,634.81,261.31,DESCEND
8.3145,0.0098,0.2162,0.3184,0.02074,0.01079,0.01148,-5.00,0.00,0.00,41.2,125.73,634.81,261.27,DESCEND
8.3246,-0.1101,-0.1637,0.1784,0.00174,-0.00320,0.01248,-5.00,0.00,0.00,41.3,125.73,634.81,261.21,DESCEND
8.3347,-0.1001,0.4262,0.1584,0.00274,0.00279,0.01248,-5.00,0.00,0.00,41.3,125.73,634.81,261.17,DESCEND
8.3448,0.1298,0.5462,-0.1315,0.01474,-0.00920,0.01648,-5.00,0.00,0.00,41.4,125.73,634.81,261.11,DESCEND
8.3549,0.0998,-0.0037,-0.0415,0.02374,0.00179,0.01448,-5.00,0.00,0.00,41.4,125.73,634.82,261.05,DESCEND
8.3650,0.1298,0.1062,-0.2915,0.01074,-0.00220,0.01148,-5.00,0.00,0.00,41.5,125.73,634.82,261.01,DESCEND
8.3750,-0.0201,0.3162,0.1884,0.01074,0.00379,0.01548,-5.00,0.00,0.00,41.5,125.73,634.82,260.95,DESCEND
8.3851,0.0498,0.3462,0.0184,0.00774,-0.00320,0.01348,-5.00,0.00,0.00,41.6,125.73,634.82,260.91,DESCEND
8.3952,-0.1601,0.2762,0.3084,0.01274,0.00879,0.01548,-5.00,0.00,0.00,41.6,125.73,634.82,260.85,DESCEND
8.4053,-0.0001,0.4962,-0.2815,0.01274,0.00179,0.01248,-5.00,0.00,0.00,41.7,125.73,634.83,260.81,DESCEND
8.4154,0.0098,0.2362,-0.0115,0.00774,0.01179,0.00548,-5.00,0.00,0.00,41.7,125.73,634.83,260.75,DESCEND
8.4255,0.1098,0.0362,0.0284,0.02174,0.01979,0.00948,-5.00,0.00,0.00,41.8,125.73,634.83,260.71,DESCEND
8.4357,-0.0401,0.2762,0.1584,-0.00125,0.02079,0.00548,-5.00,0.00,0.00,41.8,125.73,634.83,260.65,DESCEND
8.4458,0.2198,0.6262,-0.5115,0.02374,0.01279,0.01048,-5.00,0.00,0.00,41.9,125.73,634.83,260.61,DESCEND
8.4559,0.2198,0.2162,0.0184,0.01374,0.02979,0.00648,-5.00,0.00,0.00,41.9,125.73,634.84,260.55,DESCEND
8.4660,0.2798,0.1762,-0.0615,0.00174,0.01379,0.00548,-5.00,0.00,0.00,42.0,125.73,634.84,260.51,DESCEND
8.4761,0.1198,0.2462,-0.0715,0.01074,0.03079,0.00748,-5.00,0.00,0.00,42.0,125.73,634.84,260.45,DESCEND
8.4862,0.2498,0.3462,0.1384,0.00474,0.02979,0.00348,-5.00,0.00,0.00,42.1,125.73,634.84,260.41,DESCEND
8.4963,0.1598,0.2562,0.4184,0.02474,0.05479,0.00348,-5.00,0.00,0.00,42.1,125.73,634.84,260.35,DESCEND
8.5064,0.0098,0.2962,-0.1015,0.00374,0.04279,0.00548,-5.00,0.00,0.00,42.2,125.73,634.84,260.31,DESCEND
8.5165,0.3898,-0.0137,0.0684,0.01274,0.03979,-0.00151,-5.00,0.00,0.00,42.2,125.73,634.85,260.25,DESCEND
8.5266,0.2098,0.6362,-0.4015,-0.00625,0.03479,0.00548,-5.00,0.00,0.00,42.3,125.73,634.85,260.21,DESCEND
8.5367,0.3498,0.1162,0.1884,0.01174,0.05579,0.00048,-5.00,0.00,0.00,42.3,125.73,634.85,260.15,DESCEND
8.5468,0.3898,0.4362,-0.0615,0.01274,0.05179,0.00148,-5.00,0.00,0.00,42.4,125.73,634.85,260.11,DESCEND
8.5569,0.1398,0.2262,0.2184,0.00774,0.05679,0.00148,-5.00,0.00,0.00,42.4,125.73,634.85,260.05,DESCEND
8.5670,0.3698,-0.0437,0.5684,0.00974,0.06179,-0.00451,-5.00,0.00,0.00,42.5,125.73,634.86,259.99,DESCEND
8.5771,0.0998,0.2062,0.4884,0.00674,0.07279,0.00048,-5.00,0.00,0.00,42.5,125.73,634.86,259.95,DESCEND
8.5872,0.3998,0.2262,0.1084,0.01174,0.06379,0.00048,-5.00,0.00,0.00,42.6,125.73,634.86,259.89,DESCEND
8.5973,0.4098,0.3362,-0.0215,0.00474,0.05879,-0.00151,-5.00,0.00,0.00,42.6,125.73,634.86,259.85,DESCEND
8.6074,0.2498,0.1862,0.0784,0.01474,0.07479,-0.00251,-5.00,0.00,0.00,42.7,125.73,634.86,259.79,DESCEND
8.6175,0.3798,0.1362,0.1784,0.01474,0.06979,-0.00151,-5.00,0.00,0.00,42.7,125.73,634.87,259.75,DESCEND
8.6276,0.4998,0.4062,0.1384,0.01374,0.07079,-0.00251,-5.00,0.00,0.00,42.8,125.73,634.87,259.69,DESCEND
8.6377,0.4598,0.2662,0.1684,0.02274,0.08379,-0.00251,-5.00,0.00,0.00,42.8,125.73,634.87,259.65,DESCEND
8.6478,0.2998,0.2762,0.1284,-0.00225,0.07479,-0.00051,-5.00,0.00,0.00,42.9,125.73,634.87,259.59,DESCEND
8.6579,0.6698,0.1162,0.0984,0.00674,0.07379,-0.00351,-5.00,0.00,0.00,42.9,125.73,634.87,259.55,DESCEND
8.6680,0.7098,0.2362,-0.0315,0.03174,0.07679,-0.00551,-5.00,0.00,0.00,43.0,125.73,634.87,259.49,DESCEND
8.6781,0.5898,0.3062,-0.0915,0.01974,0.07479,-0.00551,-5.00,0.00,0.00,43.0,125.73,634.88,259.45,DESCEND
8.6882,0.5098,0.4062,0.0284,0.00474,0.08179,-0.00551,-5.00,0.00,0.00,43.1,125.73,634.88,259.39,DESCEND
8.6983,0.5698,0.4262,0.3284,0.00874,0.09379,-0.00951,-5.00,0.00,0.00,43.1,125.73,634.88,259.35,DESCEND
8.7084,0.6898,0.3062,0.1684,0.02674,0.09579,-0.00551,-5.00,0.00,0.00,43.2,125.73,634.88,259.29,DESCEND
8.7185,0.4498,0.4162,0.0984,0.01474,0.09579,-0.00751,-5.00,0.00,0.00,43.2,125.73,634.88,259.25,DESCEND
8.7286,0.6598,0.2162,0.2684,0.00974,0.09279,-0.00951,-5.00,0.00,0.00,43.3,125.73,634.89,259.19,DESCEND
8.7387,0.5298,0.0562,0.2484,0.00874,0.09779,-0.00951,-5.00,0.00,0.00,43.3,125.73,634.89,259.15,DESCEND
8.7488,0.5898,0.0762,0.3984,0.00474,0.09879,-0.00951,-5.00,0.00,0.00,43.4,125.73,634.89,259.09,DESCEND
8.7589,0.5598,0.1862,0.3484,-0.00025,0.09879,-0.00951,-5.00,0.00,0.00,43.5,125.73,634.89,259.03,DESCEND
8.7690,0.6298,0.0862,-0.0515,-0.00125,0.07979,-0.00951,-5.00,0.00,0.00,43.5,125.73,634.89,258.99,DESCEND
8.7791,0.5198,0.6762,0.0984,0.01574,0.10579,-0.00751,-5.00,0.00,0.00,43.6,125.74,634.90,258.93,DESCEND
8.7892,0.5598,0.1862,0.3784,0.00374,0.11479,-0.01051,-5.00,0.00,0.00,43.6,125.74,634.90,258.89,DESCEND
8.7993,0.6698,0.1462,0.4484,0.01274,0.11279,-0.01051,-5.00,0.00,0.00,43.7,125.74,634.90,258.83,DESCEND
8.8094,0.5598,0.3462,-0.0915,0.02274,0.10579,-0.00951,-5.00,0.00,0.00,43.7,125.74,634.90,258.79,DESCEND
8.8195,0.5698,0.4562,0.1484,0.01574,0.11479,-0.00751,-5.00,0.00,0.00,43.8,125.74,634.90,258.73,DESCEND
8.8296,0.6698,0.2562,0.0284,0.00974,0.10879,-0.00851,-5.00,0.00,0.00,43.8,125.74,634.90,258.69,DESCEND
8.8397,0.7998,0.1162,0.1084,0.01874,0.10379,-0.00951,-5.00,0.00,0.00,43.9,125.74,634.91,258.63,DESCEND
8.8498,0.7498,0.0262,0.3684,0.03774,0.13079,-0.01251,-5.00,0.00,0.00,43.9,125.74,634.91,258.59,DESCEND
8.8599,0.8198,0.3162,-0.0715,0.01474,0.10279,-0.00951,-5.00,0.00,0.00,44.0,125.74,634.91,258.53,DESCEND
8.8700,0.6298,0.0762,0.3384,0.01374,0.12079,-0.01451,-5.00,0.00,0.00,44.0,125.74,634.91,258.49,DESCEND
8.8801,0.5698,0.4962,-0.0215,0.00374,0.12079,-0.01151,-5.00,0.00,0.00,44.1,125.74,634.91,258.43,DESCEND
8.8902,0.6998,0.4962,-0.0215,0.00474,0.12379,-0.01451,-5.00,0.00,0.00,44.1,125.74,634.92,258.39,DESCEND
8.9003,0.9198,0.3462,-0.4315,0.00674,0.10379,-0.01151,-5.00,0.00,0.00,44.2,125.74,634.92,258.33,DESCEND
8.9104,0.8598,0.5162,0.1884,0.02474,0.12379,-0.01051,-5.00,0.00,0.00,44.2,125.74,634.92,258.29,DESCEND
8.9205,0.6398,0.6362,0.1084,0.00674,0.12879,-0.01151,-5.00,0.00,0.00,44.3,125.74,634.92,258.23,DESCEND
8.9306,0.9498,0.1262,0.2484,0.01674,0.13279,-0.01851,-5.00,0.00,0.00,44.3,125.74,634.92,258.20,DESCEND
8.9407,0.9398,0.3662,-0.1015,0.01274,0.11679,-0.01151,-5.00,0.00,0.00,44.4,125.74,634.93,258.14,DESCEND
8.9508,0.8998,0.2562,0.1484,0.03074,0.12679,-0.01551,-5.00,0.00,0.00,44.4,125.74,634.93,258.10,DESCEND
8.9609,0.7598,-0.0037,0.4684,0.01674,0.12879,-0.01951,-5.00,0.00,0.00,44.5,125.74,634.93,258.04,DESCEND
8.9710,0.7498,0.1862,0.3884,0.01674,0.13379,-0.01251,-5.00,0.00,0.00,44.5,125.74,634.93,257.98,DESCEND
8.9811,0.7498,0.5462,-0.0615,0.01774,0.12579,-0.01051,-5.00,0.00,0.00,44.6,125.74,634.93,257.94,DESCEND
8.9913,0.8298,0.2962,0.2284,0.02174,0.13579,-0.01751,-5.00,0.00,0.00,44.6,125.74,634.93,257.88,DESCEND
9.0014,0.8198,0.6062,0.0484,0.01474,0.13279,-0.01351,-5.00,0.00,0.00,44.7,125.74,634.94,257.84,DESCEND
9.0114,0.7298,0.5462,0.1784,0.00874,0.13879,-0.01151,-5.00,0.00,0.00,44.7,125.74,634.94,257.78,DESCEND
9.0215,0.9898,0.1462,0.2884,0.03274,0.13879,-0.01751,-5.00,0.00,0.00,44.8,125.74,634.94,257.74,DESCEND
9.0316,0.9998,0.4062,-0.0915,0.02374,0.13179,-0.01651,-5.00,0.00,0.00,44.8,125.74,634.94,257.68,SEARCH_Y
9.0417,0.8598,0.2362,0.3884,0.00874,0.14879,-0.01851,0.00,-3.00,0.00,44.9,125.74,634.94,257.64,SEARCH_Y
9.0518,0.8598,0.2962,0.2884,0.01174,0.14579,-0.01651,0.00,-3.00,0.00,44.9,125.74,634.95,257.58,SEARCH_Y
9.0619,0.8498,0.0462,0.6084,0.01974,0.14979,-0.02351,0.00,-3.00,0.00,45.0,125.74,634.95,257.54,SEARCH_Y
9.0720,1.1398,0.0062,0.2584,0.03174,0.14279,-0.01751,0.00,-3.00,0.00,45.0,125.73,634.95,257.49,SEARCH_Y
9.0821,0.9298,0.1662,0.2384,0.02974,0.15179,-0.02051,0.00,-3.00,0.00,45.0,125.73,634.95,257.45,SEARCH_Y
9.0923,0.8398,0.2862,0.2284,0.03074,0.16179,-0.02151,0.00,-3.00,0.00,45.1,125.72,634.95,257.41,SEARCH_Y
9.1024,1.0798,-0.0037,0.6984,0.03274,0.16779,-0.02851,0.00,-3.00,0.00,45.1,125.71,634.95,257.38,SEARCH_Y
9.1125,1.1398,0.0762,0.4184,0.01674,0.15979,-0.02751,0.00,-3.00,0.00,45.2,125.70,634.95,257.35,SEARCH_Y
9.1226,0.7798,0.4662,0.3584,0.03074,0.17679,-0.02351,0.00,-3.00,0.00,45.2,125.69,634.95,257.32,SEARCH_Y
9.1327,1.0898,0.3062,0.0784,0.01174,0.16079,-0.02751,0.00,-3.00,0.00,45.2,125.67,634.95,257.30,SEARCH_Y
9.1428,0.8798,0.0162,0.5484,0.00874,0.17979,-0.03051,0.00,-3.00,0.00,45.2,125.65,634.95,257.28,SEARCH_Y
9.1529,1.0898,0.3562,0.4284,0.02774,0.17979,-0.03051,0.00,-3.00,0.00,45.2,125.63,634.95,257.26,SEARCH_Y
9.1630,0.9198,0.4962,0.1184,0.00574,0.17679,-0.03051,0.00,-3.00,0.00,45.3,125.61,634.95,257.24,SEARCH_Y
9.1731,1.2198,0.1062,0.3384,0.03274,0.18479,-0.03251,0.00,-3.00,0.00,45.3,125.59,634.95,257.23,SEARCH_Y
9.1832,1.1798,0.0962,0.1984,0.01774,0.18379,-0.03351,0.00,-3.00,0.00,45.3,125.56,634.95,257.22,SEARCH_Y
9.1933,1.1498,0.4662,0.0684,0.02174,0.18879,-0.03351,0.00,-3.00,0.00,45.3,125.53,634.95,257.22,SEARCH_Y
9.2035,1.2398,0.3162,0.1784,0.02574,0.17479,-0.03251,0.00,-3.00,0.00,45.3,125.50,634.95,257.22,SEARCH_Y
9.2136,1.2798,0.4262,0.3484,0.03874,0.19279,-0.03351,0.00,-3.00,0.00,45.3,125.48,634.95,257.22,SEARCH_Y
9.2236,1.1398,0.3462,0.2484,0.04674,0.19779,-0.03651,0.00,-3.00,0.00,45.3,125.44,634.95,257.21,SEARCH_Y
9.2337,1.2098,0.4262,-0.0815,0.03474,0.18679,-0.03851,0.00,-3.00,0.00,45.3,125.42,634.95,257.21,SEARCH_Y
9.2438,1.2498,0.7262,-0.1715,0.03874,0.18379,-0.03351,0.00,-3.00,0.00,45.3,125.38,634.95,257.21,SEARCH_Y
9.2539,1.2198,0.1762,0.3784,0.03574,0.19679,-0.03951,0.00,-3.00,0.00,45.3,125.35,634.95,257.21,SEARCH_Y
9.2640,1.2098,0.0862,0.3084,0.04974,0.19979,-0.03751,0.00,-3.00,0.00,45.3,125.32,634.95,257.21,SEARCH_Y
9.2741,1.0398,-0.0537,0.7184,0.02574,0.18679,-0.03551,0.00,-3.00,0.00,45.3,125.29,634.95,257.21,SEARCH_Y
9.2842,1.0598,0.6662,-0.0315,0.01574,0.17379,-0.03051,0.00,-3.00,0.00,45.3,125.26,634.94,257.21,SEARCH_Y
9.2943,1.0098,0.3162,0.2184,0.02074,0.19079,-0.03351,0.00,-3.00,0.00,45.3,125.23,634.94,257.21,SEARCH_Y
9.3044,1.1098,0.2562,0.1384,0.00174,0.18379,-0.04051,0.00,-3.00,0.00,45.3,125.20,634.94,257.21,SEARCH_Y
9.3145,0.9898,0.4162,0.2584,-0.00225,0.19379,-0.03851,0.00,-3.00,0.00,45.3,125.17,634.94,257.21,SEARCH_Y
9.3246,1.1798,0.2362,0.2884,0.00974,0.18679,-0.03651,0.00,-3.00,0.00,45.3,125.14,634.94,257.21,SEARCH_Y
9.3346,1.1198,0.3662,0.2584,0.00074,0.18679,-0.03751,0.00,-3.00,0.00,45.3,125.11,634.94,257.21,SEARCH_Y
9.3447,1.1798,0.4362,0.1784,0.01574,0.19379,-0.04151,0.00,-3.00,0.00,45.3,125.08,634.94,257.21,SEARCH_Y
9.3548,0.9998,0.6062,0.2184,-0.00325,0.18979,-0.03551,0.00,-3.00,0.00,45.3,125.05,634.94,257.21,SEARCH_Y
9.3649,1.0898,0.4762,0.1184,0.00274,0.18779,-0.03951,0.00,-3.00,0.00,45.3,125.02,634.94,257.21,SEARCH_Y
9.3750,1.2298,0.3462,0.3784,0.01374,0.19179,-0.03751,0.00,-3.00,0.00,45.3,124.98,634.94,257.21,SEARCH_Y
9.3851,0.8998,0.4662,0.3684,-0.00825,0.19579,-0.03551,0.00,-3.00,0.00,45.3,124.96,634.94,257.21,SEARCH_Y
9.3952,1.2598,0.4162,0.1984,0.01174,0.19679,-0.03951,0.00,-3.00,0.00,45.3,124.92,634.94,257.21,SEARCH_Y
9.4053,1.2898,0.5562,-0.0415,0.02774,0.19079,-0.03951,0.00,-3.00,0.00,45.3,124.90,634.93,257.21,SEARCH_Y
9.4154,1.2098,0.8762,-0.0015,0.00774,0.19479,-0.04051,0.00,-3.00,0.00,45.3,124.86,634.93,257.21,SEARCH_Y
9.4255,1.1498,0.0262,0.5984,-0.00125,0.20079,-0.04451,0.00,-3.00,0.00,45.3,124.84,634.93,257.21,SEARCH_Y
9.4356,1.0398,0.7362,-0.1215,-0.00825,0.19579,-0.03951,0.00,-3.00,0.00,45.3,124.80,634.93,257.21,SEARCH_Y
9.4457,1.2298,0.4062,0.1184,0.00374,0.20179,-0.04151,0.00,-3.00,0.00,45.3,124.78,634.93,257.21,SEARCH_Y
9.4558,1.1598,0.6062,0.2684,-0.00325,0.19979,-0.04451,0.00,-3.00,0.00,45.3,124.74,634.93,257.21,SEARCH_Y
9.4659,1.2198,0.1662,0.4384,0.02274,0.21079,-0.04551,0.00,-3.00,0.00,45.3,124.72,634.93,257.21,SEARCH_Y
9.4760,1.4598,0.2562,0.4684,0.03874,0.21579,-0.04851,0.00,-3.00,0.00,45.3,124.68,634.93,257.21,SEARCH_Y
9.4861,1.1598,0.3262,0.2584,0.01174,0.20279,-0.04551,0.00,-3.00,0.00,45.3,124.66,634.93,257.21,SEARCH_Y
9.4962,1.4598,0.3662,0.1684,0.03974,0.21379,-0.04851,0.00,-3.00,0.00,45.3,124.62,634.93,257.21,SEARCH_Y
9.5062,1.2998,0.1362,0.6384,0.02774,0.21479,-0.04551,0.00,-3.00,0.00,45.3,124.60,634.93,257.21,SEARCH_Y
9.5163,1.3098,0.3862,0.2184,0.00974,0.18679,-0.04151,0.00,-3.00,0.00,45.3,124.56,634.93,257.21,SEARCH_Y
9.5264,1.2398,0.4562,0.1284,0.00774,0.19379,-0.04251,0.00,-3.00,0.00,45.3,124.54,634.92,257.21,SEARCH_Y
9.5365,1.2798,0.1362,0.2584,0.00374,0.18779,-0.04251,0.00,-3.00,0.00,45.3,124.50,634.92,257.21,SEARCH_Y
9.5466,0.9598,0.2162,0.4884,0.00474,0.20679,-0.03851,0.00,-3.00,0.00,45.3,124.48,634.92,257.21,SEARCH_Y
9.5567,1.3398,0.5762,-0.0015,0.01974,0.18779,-0.04351,0.00,-3.00,0.00,45.3,124.44,634.92,257.21,SEARCH_Y
9.5668,1.1298,0.3362,0.4184,0.01174,0.20279,-0.04151,0.00,-3.00,0.00,45.3,124.42,634.92,257.21,SEARCH_Y
9.5769,1.1998,0.4162,0.4784,0.01074,0.19879,-0.04151,0.00,-3.00,0.00,45.3,124.38,634.92,257.21,SEARCH_Y
9.5870,1.3698,0.0662,0.2984,0.01074,0.18579,-0.04251,0.00,-3.00,0.00,45.3,124.34,634.92,257.21,SEARCH_Y
9.5971,1.2498,0.5262,0.1584,0.01874,0.19579,-0.03951,0.00,-3.00,0.00,45.3,124.32,634.92,257.21,SEARCH_Y
9.6072,1.1198,0.0362,0.3784,-0.00025,0.19079,-0.04051,0.00,-3.00,0.00,45.3,124.28,634.92,257.21,SEARCH_Y
9.6173,1.2198,0.1862,0.4184,-0.00025,0.19179,-0.04551,0.00,-3.00,0.00,45.3,124.26,634.92,257.21,SEARCH_Y
9.6274,1.1298,0.4962,-0.0215,0.01074,0.18579,-0.04051,0.00,-3.00,0.00,45.3,124.22,634.92,257.21,SEARCH_Y
9.6375,1.1198,0.6462,0.1384,0.00974,0.18979,-0.03851,0.00,-3.00,0.00,45.3,124.20,634.91,257.21,SEARCH_Y
9.6476,1.1598,0.3762,0.1184,0.00774,0.18579,-0.03851,0.00,-3.00,0.00,45.3,124.16,634.91,257.21,SEARCH_Y
9.6577,1.1198,0.4562,-0.2015,-0.00425,0.17679,-0.03751,0.00,-3.00,0.00,45.3,124.14,634.91,257.21,SEARCH_Y
9.6677,1.2298,0.1362,0.3984,0.03674,0.20379,-0.04051,0.00,-3.00,0.00,45.3,124.10,634.91,257.21,SEARCH_Y
9.6778,1.0198,0.2362,0.2584,0.01074,0.18779,-0.03951,0.00,-3.00,0.00,45.3,124.08,634.91,257.21,SEARCH_Y
9.6879,1.1898,0.2562,0.1984,0.00874,0.18679,-0.03751,0.00,-3.00,0.00,45.3,124.04,634.91,257.21,SEARCH_Y
9.6980,1.3498,0.3862,0.3784,0.03574,0.19179,-0.04051,0.00,-3.00,0.00,45.3,124.02,634.91,257.21,SEARCH_Y
9.7081,1.2998,0.4462,-0.0015,0.00874,0.17979,-0.04151,0.00,-3.00,0.00,45.3,123.98,634.91,257.21,SEARCH_Y
9.7182,1.3798,0.4462,0.4584,0.02574,0.18979,-0.03951,0.00,-3.00,0.00,45.3,123.96,634.91,257.21,SEARCH_Y
9.7283,1.0098,0.3062,0.3384,0.01874,0.19979,-0.04151,0.00,-3.00,0.00,45.3,123.92,634.91,257.21,SEARCH_Y
9.7384,1.1498,0.3262,0.2584,0.01174,0.18879,-0.03551,0.00,-3.00,0.00,45.3,123.90,634.91,257.21,SEARCH_Y
9.7485,1.2298,0.1462,0.3784,0.01574,0.18079,-0.03851,0.00,-3.00,0.00,45.3,123.86,634.91,257.21,SEARCH_Y
9.7586,1.0198,0.7562,0.1384,0.00074,0.18679,-0.03451,0.00,-3.00,0.00,45.3,123.84,634.90,257.21,SEARCH_Y
9.7687,1.2598,0.3162,0.2684,0.02474,0.19479,-0.03951,0.00,-3.00,0.00,45.3,123.80,634.90,257.21,SEARCH_Y
9.7788,1.2198,0.2562,0.4884,0.01874,0.19079,-0.04051,0.00,-3.00,0.00,45.3,123.78,634.90,257.21,SEARCH_Y
9.7889,1.1198,0.3862,0.0884,0.00674,0.17779,-0.03851,0.00,-3.00,0.00,45.3,123.74,634.90,257.21,SEARCH_Y
9.7990,1.2498,0.1162,0.0184,0.00774,0.18179,-0.04151,0.00,-3.00,0.00,45.3,123.71,634.90,257.21,SEARCH_Y
9.8091,1.1598,0.4762,0.1884,0.01974,0.18579,-0.03651,0.00,-3.00,0.00,45.3,123.68,634.90,257.21,SEARCH_Y
9.8192,1.1698,0.1762,0.2984,0.00674,0.18079,-0.03951,0.00,-3.00,0.00,45.3,123.65,634.90,257.21,SEARCH_Y
9.8293,1.0598,0.3562,0.2884,0.00574,0.18279,-0.03651,0.00,-3.00,0.00,45.3,123.62,634.90,257.21,SEARCH_Y
9.8394,1.1098,0.3962,0.3584,0.00874,0.18579,-0.03751,0.00,-3.00,0.00,45.3,123.58,634.90,257.21,SEARCH_Y
9.8495,1.1298,0.1962,0.2084,0.02074,0.17979,-0.03951,0.00,-3.00,0.00,45.3,123.56,634.90,257.21,SEARCH_Y
9.8596,1.0998,0.3262,0.3684,0.01174,0.18379,-0.03651,0.00,-3.00,0.00,45.3,123.52,634.90,257.21,SEARCH_Y
9.8697,1.0898,0.5762,0.0284,0.02374,0.19179,-0.03351,0.00,-3.00,0.00,45.3,123.50,634.89,257.21,SEARCH_Y
9.8798,1.2398,0.0862,0.2184,0.02274,0.18879,-0.03651,0.00,-3.00,0.00,45.3,123.46,634.89,257.21,SEARCH_Y
9.8899,0.9398,0.5862,-0.1315,-0.02025,0.16579,-0.03151,0.00,-3.00,0.00,45.3,123.44,634.89,257.21,SEARCH_Y
9.9000,1.1298,0.4262,0.2884,0.00874,0.17679,-0.03651,0.00,-3.00,0.00,45.3,123.40,634.89,257.21,SEARCH_Y
9.9101,1.1498,0.3962,0.0884,0.02674,0.18879,-0.04051,0.00,-3.00,0.00,45.3,123.38,634.89,257.21,SEARCH_Y
9.9202,1.1098,0.5262,0.0484,0.03174,0.17279,-0.03551,0.00,-3.00,0.00,45.3,123.34,634.89,257.20,SEARCH_Y
9.9303,1.0098,0.1662,0.3184,0.00574,0.17579,-0.03851,0.00,-3.00,0.00,45.3,123.32,634.89,257.20,SEARCH_Y
9.9404,1.1798,0.4262,0.2184,0.01574,0.17779,-0.03551,0.00,-3.00,0.00,45.3,123.28,634.89,257.20,SEARCH_Y
9.9504,1.0898,0.0762,0.5384,0.00474,0.17479,-0.03951,0.00,-3.00,0.00,45.4,123.26,634.89,257.20,SEARCH_Y
9.9605,0.8998,0.3462,0.1084,0.00174,0.17179,-0.03551,0.00,-3.00,0.00,45.4,123.22,634.89,257.20,SEARCH_Y
9.9706,0.9698,0.2962,0.1184,-0.00025,0.17079,-0.03251,0.00,-3.00,0.00,45.4,123.20,634.89,257.20,SEARCH_Y
9.9807,1.1998,0.4762,0.0184,0.00774,0.16379,-0.03251,0.00,-3.00,0.00,45.4,123.16,634.89,257.20,SEARCH_Y
9.9908,0.9998,0.6462,-0.0415,0.01274,0.17579,-0.03351,0.00,-3.00,0.00,45.4,123.14,634.88,257.20,SEARCH_Y
10.0009,1.0498,0.3562,0.3984,0.00074,0.17379,-0.03651,0.00,-3.00,0.00,45.4,123.10,634.88,257.20,SEARCH_Y
10.0110,1.1898,0.3462,0.3484,0.01474,0.16779,-0.03551,0.00,-3.00,0.00,45.4,123.07,634.88,257.20,SEARCH_Y
10.0211,1.4198,0.0662,0.5184,0.03674,0.18479,-0.03751,0.00,-3.00,0.00,45.4,123.04,634.88,257.20,SEARCH_Y
10.0312,1.0898,0.3162,0.2584,0.00874,0.17579,-0.03451,0.00,-3.00,0.00,45.4,123.01,634.88,257.20,SEARCH_Y
10.0413,1.1398,0.2962,0.3184,0.01874,0.17979,-0.03451,0.00,-3.00,0.00,45.4,122.98,634.88,257.20,SEARCH_Y
10.0514,1.0698,0.3462,0.2184,0.00074,0.16979,-0.03551,0.00,-3.00,0.00,45.4,122.95,634.88,257.20,SEARCH_Y
10.0615,1.1398,0.1962,0.1484,0.01574,0.17379,-0.03651,0.00,-3.00,0.00,45.4,122.92,634.88,257.20,SEARCH_Y
10.0716,1.1398,0.4062,0.1684,0.02474,0.16879,-0.03251,0.00,-3.00,0.00,45.4,122.89,634.88,257.20,SEARCH_Y
10.0817,0.9298,0.4362,0.1384,0.00574,0.17079,-0.03251,0.00,-3.00,0.00,45.4,122.86,634.88,257.20,SEARCH_Y
10.0917,1.1398,0.0662,0.4984,0.01074,0.17379,-0.04051,0.00,-3.00,0.00,45.4,122.83,634.88,257.20,SEARCH_Y
10.1018,1.2198,0.3162,0.0884,0.03074,0.16979,-0.03651,0.00,-3.00,0.00,45.4,122.80,634.88,257.20,SEARCH_Y
10.1119,1.0298,0.4062,0.2284,0.00774,0.16579,-0.03551,0.00,-3.00,0.00,45.4,122.77,634.87,257.20,SEARCH_Y
10.1220,1.2098,0.3062,0.2484,0.01774,0.17479,-0.03551,0.00,-3.00,0.00,45.4,122.74,634.87,257.20,SEARCH_Y
10.1321,1.1598,-0.2737,0.7384,0.02374,0.18579,-0.03951,0.00,-3.00,0.00,45.4,122.71,634.87,257.20,SEARCH_Y
10.1422,1.0598,0.5462,-0.0815,0.01874,0.16979,-0.03451,0.00,-3.00,0.00,45.4,122.68,634.87,257.20,SEARCH_Y
10.1523,1.0398,0.3362,0.1584,0.01574,0.17879,-0.03151,0.00,-3.00,0.00,45.4,122.65,634.87,257.20,SEARCH_Y
10.1624,0.9998,0.0662,0.4884,0.01674,0.18479,-0.03951,0.00,-3.00,0.00,45.4,122.62,634.87,257.20,SEARCH_Y
10.1725,1.1298,0.2762,0.3884,0.02274,0.18379,-0.03651,0.00,-3.00,0.00,45.4,122.59,634.87,257.20,SEARCH_Y
10.1826,1.0798,0.4862,-0.0115,0.01274,0.17579,-0.03251,0.00,-3.00,0.00,45.4,122.56,634.87,257.20,SEARCH_Y
10.1927,0.8898,0.7262,-0.0715,-0.00725,0.16579,-0.03151,0.00,-3.00,0.00,45.4,122.53,634.87,257.20,SEARCH_Y
10.2028,0.9598,0.7862,-0.1915,0.00974,0.15879,-0.02951,0.00,-3.00,0.00,45.4,122.49,634.87,257.20,SEARCH_Y
10.2129,1.0998,0.3462,0.1984,0.01774,0.16179,-0.03351,0.00,-3.00,0.00,45.4,122.47,634.87,257.20,SEARCH_Y
10.2231,0.7598,0.2962,0.2284,-0.00125,0.17879,-0.03551,0.00,-3.00,0.00,45.4,122.43,634.86,257.20,SEARCH_Y
10.2332,1.0998,0.3162,0.1884,0.00174,0.16279,-0.03551,0.00,-3.00,0.00,45.4,122.40,634.86,257.20,SEARCH_Y
10.2433,1.0398,0.2962,0.2584,0.01574,0.17279,-0.03551,0.00,-3.00,0.00,45.4,122.37,634.86,257.20,SEARCH_Y
10.2534,1.3098,0.2462,0.3384,0.01674,0.16279,-0.03551,0.00,-3.00,0.00,45.4,122.34,634.86,257.20,SEARCH_Y
10.2635,0.9998,0.1562,0.2884,0.00474,0.16679,-0.03351,0.00,-3.00,0.00,45.4,122.31,634.86,257.20,SEARCH_Y
10.2736,0.9198,0.5862,0.0484,0.01274,0.17779,-0.03551,0.00,-3.00,0.00,45.4,122.28,634.86,257.20,SEARCH_Y
10.2837,1.1698,0.4762,0.1484,0.01174,0.16379,-0.03251,0.00,-3.00,0.00,45.4,122.25,634.86,257.20,SEARCH_Y
10.2938,1.1198,0.3662,0.2784,0.01674,0.17379,-0.03551,0.00,-3.00,0.00,45.4,122.22,634.86,257.20,SEARCH_Y
10.3039,0.9798,0.4662,0.0984,0.00674,0.17479,-0.03251,0.00,-3.00,0.00,45.4,122.19,634.86,257.20,SEARCH_Y
10.3140,1.0598,0.2762,0.3284,0.01074,0.17579,-0.03651,0.00,-3.00,0.00,45.4,122.16,634.86,257.20,SEARCH_Y
10.3241,0.9298,0.3562,0.4284,0.00974,0.16679,-0.03551,0.00,-3.00,0.00,45.4,122.13,634.86,257.20,SEARCH_Y
10.3342,1.0298,0.3362,0.2484,0.01574,0.16879,-0.03351,0.00,-3.00,0.00,45.4,122.10,634.86,257.20,SEARCH_Y
10.3443,1.0698,0.2562,0.2384,0.00974,0.16579,-0.03451,0.00,-3.00,0.00,45.4,122.07,634.85,257.20,SEARCH_Y
10.3544,0.9198,0.5162,0.1884,-0.00625,0.16779,-0.03451,0.00,-3.00,0.00,45.4,122.04,634.85,257.20,SEARCH_Y
10.3645,1.0598,0.3762,0.0184,0.03074,0.17979,-0.03351,0.00,-3.00,0.00,45.4,122.01,634.85,257.20,SEARCH_Y
10.3746,0.9998,0.3062,0.0384,-0.00025,0.15979,-0.03351,0.00,-3.00,0.00,45.4,121.98,634.85,257.20,SEARCH_Y
10.3847,0.9598,0.4062,0.1684,0.01174,0.17379,-0.03151,0.00,-3.00,0.00,45.4,121.95,634.85,257.20,SEARCH_Y
10.3948,0.9998,0.3462,-0.0215,0.02274,0.17279,-0.03151,0.00,-3.00,0.00,45.4,121.92,634.85,257.20,SEARCH_Y
10.4049,1.0898,0.4362,-0.1115,0.02574,0.16279,-0.03151,0.00,-3.00,0.00,45.4,121.89,634.85,257.20,SEARCH_Y
10.4150,1.0798,0.0762,0.3484,-0.00625,0.15479,-0.03851,0.00,-3.00,0.00,45.4,121.86,634.85,257.20,SEARCH_Y
10.4251,0.9898,0.4362,-0.1215,0.01974,0.17379,-0.03051,0.00,-3.00,0.00,45.5,121.83,634.85,257.20,SEARCH_Y
10.4352,1.1398,0.6862,-0.1015,0.02574,0.16879,-0.03251,0.00,-3.00,0.00,45.5,121.79,634.85,257.20,SEARCH_Y
10.4453,1.0998,0.2262,0.0784,0.01774,0.15879,-0.03651,0.00,-3.00,0.00,45.5,121.77,634.85,257.20,SEARCH_Y
10.4554,0.9398,0.3162,0.1984,-0.00425,0.16479,-0.03251,0.00,-3.00,0.00,45.5,121.73,634.84,257.20,SEARCH_Y
10.4655,1.0598,0.5262,0.0084,0.02474,0.17279,-0.03051,0.00,-3.00,0.00,45.5,121.71,634.84,257.20,SEARCH_Y
10.4756,1.1098,0.4362,0.1984,0.02274,0.17279,-0.03751,0.00,-3.00,0.00,45.5,121.67,634.84,257.20,SEARCH_Y
10.4857,1.0198,0.4562,-0.0215,0.00874,0.16279,-0.03251,0.00,-3.00,0.00,45.5,121.65,634.84,257.20,SEARCH_Y
10.4958,1.0898,0.1762,0.4884,0.02074,0.17379,-0.03551,0.00,-3.00,0.00,45.5,121.61,634.84,257.20,SEARCH_Y
10.5059,0.9598,0.5062,0.0584,0.00974,0.16979,-0.03351,0.00,-3.00,0.00,45.5,121.59,634.84,257.20,SEARCH_Y
10.5160,0.9998,0.5062,-0.0415,-0.00025,0.15479,-0.03351,0.00,-3.00,0.00,45.5,121.55,634.84,257.20,SEARCH_Y
10.5261,0.8098,0.5062,-0.0415,-0.00225,0.15679,-0.02851,0.00,-3.00,0.00,45.5,121.53,634.84,257.20,SEARCH_Y
10.5362,1.0098,0.6662,-0.1315,0.01174,0.16179,-0.02951,0.00,-3.00,0.00,45.5,121.49,634.84,257.20,SEARCH_Y
10.5463,0.9798,0.1462,0.1784,0.01574,0.16179,-0.03351,0.00,-3.00,0.00,45.5,121.47,634.84,257.20,SEARCH_Y
10.5564,1.0898,0.3862,0.1184,0.02774,0.16479,-0.03351,0.00,-3.00,0.00,45.5,121.43,634.84,257.20,SEARCH_Y
10.5665,0.9598,0.2162,0.3484,0.02374,0.17679,-0.03351,0.00,-3.00,0.00,45.5,121.41,634.84,257.20,SEARCH_Y
10.5766,0.9698,0.6562,-0.1915,-0.00525,0.15279,-0.03151,0.00,-3.00,0.00,45.5,121.37,634.83,257.20,SEARCH_Y
10.5867,0.9498,0.5762,0.0484,0.02374,0.17079,-0.03151,0.00,-3.00,0.00,45.5,121.35,634.83,257.20,SEARCH_Y
10.5968,1.0398,0.2462,0.0184,0.03574,0.16779,-0.03351,0.00,-3.00,0.00,45.5,121.31,634.83,257.20,SEARCH_Y
10.6070,0.9798,0.3062,0.2984,0.01574,0.16679,-0.03251,0.00,-3.00,0.00,45.5,121.28,634.83,257.20,SEARCH_Y
10.6171,1.2098,0.4562,0.0284,0.01174,0.15479,-0.03051,0.00,-3.00,0.00,45.5,121.25,634.83,257.19,SEARCH_Y
10.6272,0.8598,0.2862,0.3784,0.01074,0.16979,-0.03251,0.00,-3.00,0.00,45.5,121.21,634.83,257.19,SEARCH_Y
10.6373,0.9598,0.7662,-0.2115,0.00374,0.15479,-0.03151,0.00,-3.00,0.00,45.5,121.19,634.83,257.19,SEARCH_Y
10.6474,1.0398,0.4262,-0.2715,0.02474,0.16379,-0.03051,0.00,-3.00,0.00,45.5,121.15,634.83,257.19,SEARCH_Y
10.6575,0.9898,0.2562,0.3584,0.00674,0.16679,-0.03051,0.00,-3.00,0.00,45.5,121.13,634.83,257.19,SEARCH_Y
10.6677,1.1498,0.6162,-0.0615,0.01474,0.15879,-0.02951,0.00,-3.00,0.00,45.5,121.09,634.83,257.19,SEARCH_Y
10.6777,0.9498,0.5762,0.2984,-0.00025,0.15979,-0.02951,0.00,-3.00,0.00,45.5,121.07,634.83,257.19,SEARCH_Y
10.6879,0.9898,0.2562,0.3084,0.00174,0.15779,-0.03151,0.00,-3.00,0.00,45.5,121.03,634.82,257.19,SEARCH_Y
10.6980,1.0198,0.3862,0.2184,0.01774,0.16579,-0.03451,0.00,-3.00,0.00,45.5,121.01,634.82,257.19,SEARCH_Y
10.7081,1.1898,0.1862,0.1684,0.01974,0.15579,-0.03551,0.00,-3.00,0.00,45.5,120.97,634.82,257.19,SEARCH_Y
10.7182,0.9298,0.3162,0.0584,0.00074,0.14679,-0.03151,0.00,-3.00,0.00,45.5,120.95,634.82,257.19,SEARCH_Y
10.7283,0.9798,0.5562,0.0384,0.02674,0.16479,-0.02851,0.00,-3.00,0.00,45.5,120.91,634.82,257.19,SEARCH_Y
10.7384,1.0198,0.0762,0.2484,0.00874,0.16079,-0.03051,0.00,-3.00,0.00,45.5,120.89,634.82,257.19,SEARCH_Y
10.7485,0.9298,0.1962,0.4684,0.01174,0.15879,-0.03451,0.00,-3.00,0.00,45.5,120.85,634.82,257.19,SEARCH_Y
10.7586,0.9998,0.6462,0.0684,0.00674,0.15079,-0.02951,0.00,-3.00,0.00,45.6,120.83,634.82,257.19,SEARCH_Y
10.7687,1.0598,0.3662,0.3284,0.00774,0.16279,-0.03151,0.00,-3.00,0.00,45.6,120.79,634.82,257.19,SEARCH_Y
10.7788,0.9798,0.2862,0.3384,0.01074,0.16379,-0.03451,0.00,-3.00,0.00,45.6,120.76,634.82,257.19,SEARCH_Y
10.7889,0.9998,0.6062,-0.0815,0.01974,0.16079,-0.02851,0.00,-3.00,0.00,45.6,120.73,634.82,257.19,SEARCH_Y
10.7990,0.9298,0.1262,0.2284,0.00174,0.15879,-0.03351,0.00,-3.00,0.00,45.6,120.69,634.81,257.19,SEARCH_Y
10.8091,0.8698,0.6662,0.1984,0.01274,0.16479,-0.02751,0.00,-3.00,0.00,45.6,120.67,634.81,257.19,SEARCH_Y
10.8192,0.9898,0.4462,0.1084,0.00374,0.14979,-0.03051,0.00,-3.00,0.00,45.6,120.63,634.81,257.19,SEARCH_Y
10.8293,1.0398,0.5862,0.0184,0.01374,0.16079,-0.02751,0.00,-3.00,0.00,45.6,120.61,634.81,257.19,SEARCH_Y
10.8394,0.6998,0.2362,0.2984,0.00374,0.16279,-0.03351,0.00,-3.00,0.00,45.6,120.57,634.81,257.19,SEARCH_Y
10.8495,0.8998,0.6662,0.1684,0.01074,0.16579,-0.02951,0.00,-3.00,0.00,45.6,120.55,634.81,257.19,SEARCH_Y
10.8596,1.0398,0.3962,-0.0515,0.01374,0.15679,-0.03151,0.00,-3.00,0.00,45.6,120.51,634.81,257.19,SEARCH_Y
10.8697,1.0298,0.3362,0.0484,0.01474,0.15079,-0.03251,0.00,-3.00,0.00,45.6,120.49,634.81,257.19,SEARCH_Y
10.8798,0.8398,0.2262,0.3384,0.00374,0.16379,-0.03251,0.00,-3.00,0.00,45.6,120.45,634.81,257.19,SEARCH_Y
10.8899,1.0098,0.5462,0.1184,0.00274,0.15279,-0.03251,0.00,-3.00,0.00,45.6,120.43,634.81,257.19,SEARCH_Y
10.9000,1.0298,0.0862,0.3184,0.00474,0.16479,-0.03551,0.00,-3.00,0.00,45.6,120.39,634.81,257.19,SEARCH_Y
10.9101,0.6498,0.6062,0.0484,-0.03625,0.14579,-0.03451,0.00,-3.00,0.00,45.6,120.37,634.81,257.19,SEARCH_Y
10.9202,0.9598,0.7062,0.1184,-0.00025,0.14779,-0.03151,0.00,-3.00,0.00,45.6,120.33,634.80,257.19,SEARCH_Y
10.9303,0.9198,0.7062,0.1884,-0.02325,0.14779,-0.03051,0.00,-3.00,0.00,45.6,120.31,634.80,257.19,SEARCH_Y
10.9404,0.7698,0.5162,0.0084,-0.00225,0.16179,-0.03051,0.00,-3.00,0.00,45.6,120.27,634.80,257.19,SEARCH_Y
10.9505,0.8698,0.5962,0.1184,-0.02925,0.14479,-0.03351,0.00,-3.00,0.00,45.6,120.25,634.80,257.19,SEARCH_Y
10.9606,0.9998,0.3462,0.5184,-0.01925,0.15879,-0.04151,0.00,-3.00,0.00,45.6,120.21,634.80,257.19,SEARCH_Y
10.9707,1.0898,0.6162,0.3484,-0.00925,0.16279,-0.03751,0.00,-3.00,0.00,45.6,120.18,634.80,257.19,SEARCH_Y
10.9808,1.0598,0.7662,0.0884,-0.04425,0.14379,-0.03551,0.00,-3.00,0.00,45.6,120.15,634.80,257.19,SEARCH_Y
10.9909,0.8198,0.7062,0.2284,-0.06925,0.14079,-0.03751,0.00,-3.00,0.00,45.6,120.12,634.80,257.19,SEARCH_Y
11.0010,0.9398,0.5162,0.4884,-0.04725,0.15679,-0.04051,0.00,-3.00,0.00,45.6,120.09,634.80,257.19,SEARCH_Y
11.0111,0.9698,1.0262,0.3384,-0.06225,0.14679,-0.03651,0.00,-3.00,0.00,45.6,120.06,634.80,257.19,SEARCH_Y
11.0212,0.7898,0.9662,-0.1115,-0.07925,0.14179,-0.03751,0.00,-3.00,0.00,45.6,120.03,634.80,257.19,SEARCH_Z
11.0313,0.7498,1.2462,-0.1215,-0.08625,0.14579,-0.03651,0.00,0.00,3.00,45.6,120.00,634.79,257.19,SEARCH_Z
11.0414,0.9798,1.0462,0.0484,-0.08525,0.13679,-0.03551,0.00,0.00,3.00,45.7,119.97,634.80,257.19,SEARCH_Z
11.0515,1.0898,0.8062,0.0684,-0.06325,0.14779,-0.04451,0.00,0.00,3.00,45.7,119.94,634.80,257.19,SEARCH_Z
11.0616,0.9398,0.9062,0.2884,-0.05925,0.14479,-0.03651,0.00,0.00,3.00,45.7,119.92,634.80,257.19,SEARCH_Z
11.0718,1.2098,0.5462,0.1884,-0.04225,0.14579,-0.04151,0.00,0.00,3.00,45.7,119.90,634.81,257.19,SEARCH_Z
11.0819,1.0598,0.7862,0.3584,-0.06025,0.15379,-0.04351,0.00,0.00,3.00,45.7,119.88,634.82,257.19,SEARCH_Z
11.0920,0.8898,1.0262,0.0584,-0.04625,0.15579,-0.03551,0.00,0.00,3.00,45.7,119.86,634.84,257.19,SEARCH_Z
11.1021,1.0498,0.3562,0.3984,-0.03425,0.16279,-0.03851,0.00,0.00,3.00,45.7,119.85,634.85,257.19,SEARCH_Z
11.1122,1.0498,0.6762,0.2384,-0.03725,0.16279,-0.03751,0.00,0.00,3.00,45.7,119.84,634.88,257.19,SEARCH_Z
11.1223,1.0998,0.7262,-0.0215,-0.03325,0.14279,-0.03451,0.00,0.00,3.00,45.7,119.83,634.89,257.19,SEARCH_Z
11.1324,1.2098,0.4962,0.1784,0.00374,0.15579,-0.03851,0.00,0.00,3.00,45.7,119.82,634.92,257.19,SEARCH_Z
11.1426,0.9598,0.8162,0.2184,0.00174,0.16879,-0.03451,0.00,0.00,3.00,45.7,119.82,634.94,257.19,SEARCH_Z
11.1527,0.9098,0.4262,0.2584,-0.00925,0.15579,-0.03751,0.00,0.00,3.00,45.7,119.82,634.98,257.19,SEARCH_Z
11.1628,0.9798,0.3862,0.1684,0.01074,0.16179,-0.03351,0.00,0.00,3.00,45.7,119.82,635.00,257.20,SEARCH_Z
11.1730,0.8798,0.2062,0.1784,-0.00425,0.15479,-0.03951,0.00,0.00,3.00,45.7,119.82,635.04,257.20,SEARCH_Z
11.1831,0.9598,0.3862,0.1384,-0.00725,0.14779,-0.03551,0.00,0.00,3.00,45.7,119.82,635.08,257.20,SEARCH_Z
11.1932,0.9098,0.5462,-0.1915,-0.00525,0.14579,-0.03351,0.00,0.00,3.00,45.7,119.82,635.10,257.20,SEARCH_Z
11.2033,1.0498,0.4262,-0.1015,0.01774,0.14779,-0.02851,0.00,0.00,3.00,45.7,119.81,635.14,257.20,SEARCH_Z
11.2134,0.9698,0.5562,0.1384,0.00574,0.13979,-0.02451,0.00,0.00,3.00,45.7,119.81,635.16,257.20,SEARCH_Z
11.2235,0.8898,0.4662,-0.2715,0.00174,0.13079,-0.02651,0.00,0.00,3.00,45.7,119.81,635.20,257.20,SEARCH_Z
11.2336,0.8598,0.2062,0.0284,-0.00525,0.13379,-0.02751,0.00,0.00,3.00,45.7,119.81,635.22,257.20,SEARCH_Z
11.2437,1.0198,-0.2037,0.5684,-0.00225,0.13279,-0.03151,0.00,0.00,3.00,45.7,119.81,635.26,257.20,SEARCH_Z
11.2538,0.8098,0.4962,0.1584,0.00574,0.13079,-0.02251,0.00,0.00,3.00,45.7,119.81,635.28,257.21,SEARCH_Z
11.2639,0.8198,0.4462,0.1284,-0.00425,0.11479,-0.01751,0.00,0.00,3.00,45.7,119.81,635.32,257.21,SEARCH_Z
11.2739,0.9298,0.3762,0.2384,0.01774,0.13379,-0.02251,0.00,0.00,3.00,45.7,119.81,635.34,257.21,SEARCH_Z
11.2840,0.9498,0.0662,0.3284,0.01274,0.13779,-0.02451,0.00,0.00,3.00,45.7,119.80,635.38,257.21,SEARCH_Z
11.2941,0.7898,0.2662,0.1284,0.01774,0.14479,-0.02251,0.00,0.00,3.00,45.7,119.80,635.40,257.21,SEARCH_Z
11.3043,0.6498,0.4362,-0.1715,0.00074,0.14079,-0.02551,0.00,0.00,3.00,45.7,119.80,635.44,257.21,SEARCH_Z
11.3144,0.7898,0.4462,-0.0215,0.00674,0.13679,-0.02651,0.00,0.00,3.00,45.7,119.80,635.46,257.21,SEARCH_Z
11.3245,0.7198,0.3462,-0.1915,0.01774,0.14379,-0.03051,0.00,0.00,3.00,45.7,119.80,635.50,257.21,SEARCH_Z
11.3346,0.7698,0.4062,-0.0615,0.03574,0.14379,-0.02351,0.00,0.00,3.00,45.7,119.80,635.52,257.21,SEARCH_Z
11.3447,0.8798,0.2462,0.2784,0.01374,0.13879,-0.03151,0.00,0.00,3.00,45.7,119.80,635.56,257.22,SEARCH_Z
11.3548,0.8198,0.2562,-0.1115,-0.00625,0.13079,-0.02851,0.00,0.00,3.00,45.7,119.80,635.59,257.22,SEARCH_Z
11.3649,1.1298,0.2562,0.3484,0.02174,0.14279,-0.02851,0.00,0.00,3.00,45.7,119.80,635.62,257.22,SEARCH_Z
11.3750,0.8998,0.1462,0.1584,0.01874,0.15079,-0.02851,0.00,0.00,3.00,45.7,119.79,635.65,257.22,SEARCH_Z
11.3851,0.8598,0.3862,-0.2115,0.01174,0.13279,-0.02251,0.00,0.00,3.00,45.7,119.79,635.68,257.22,SEARCH_Z
11.3952,0.8598,0.4362,-0.1215,0.00274,0.13779,-0.02651,0.00,0.00,3.00,45.7,119.79,635.71,257.22,SEARCH_Z
11.4054,0.8898,0.4262,-0.1115,-0.00725,0.12779,-0.03051,0.00,0.00,3.00,45.7,119.79,635.74,257.22,SEARCH_Z
11.4155,0.8398,0.1462,-0.0515,0.01674,0.14779,-0.02851,0.00,0.00,3.00,45.7,119.79,635.76,257.22,SEARCH_Z
11.4256,0.7998,0.2262,0.3084,0.01074,0.15379,-0.02851,0.00,0.00,3.00,45.7,119.79,635.80,257.22,SEARCH_Z
11.4357,0.7998,0.0762,0.0284,0.00974,0.15379,-0.02851,0.00,0.00,3.00,45.7,119.79,635.83,257.23,SEARCH_Z
11.4458,0.8098,0.1762,-0.0915,0.02674,0.15679,-0.03251,0.00,0.00,3.00,45.7,119.79,635.86,257.23,SEARCH_Z
11.4559,0.8598,0.2762,0.3184,0.02474,0.16079,-0.02951,0.00,0.00,3.00,45.7,119.79,635.89,257.23,SEARCH_Z
11.4660,0.9498,0.0562,-0.0415,0.02174,0.13679,-0.02751,0.00,0.00,3.00,45.7,119.78,635.92,257.23,SEARCH_Z
11.4761,0.8698,0.2562,-0.0415,0.01174,0.13379,-0.02951,0.00,0.00,3.00,45.7,119.78,635.95,257.23,SEARCH_Z
11.4862,0.8598,0.4562,0.0284,0.02074,0.14479,-0.02751,0.00,0.00,3.00,45.7,119.78,635.98,257.23,SEARCH_Z
11.4963,0.9598,0.5162,-0.4015,-0.00725,0.12379,-0.02751,0.00,0.00,3.00,45.7,119.78,636.01,257.23,SEARCH_Z
11.5064,0.6798,0.5462,0.2684,0.00174,0.15479,-0.02751,0.00,0.00,3.00,45.7,119.78,636.04,257.23,SEARCH_Z
11.5165,0.9298,0.4162,0.2284,0.01374,0.14979,-0.02951,0.00,0.00,3.00,45.7,119.78,636.07,257.23,SEARCH_Z
11.5266,0.9698,0.4662,-0.0515,0.00774,0.14479,-0.03051,0.00,0.00,3.00,45.7,119.78,636.10,257.24,SEARCH_Z
11.5367,0.8298,0.0162,0.6484,0.01374,0.16279,-0.03451,0.00,0.00,3.00,45.7,119.78,636.13,257.24,SEARCH_Z
11.5468,0.7998,0.7462,-0.4115,0.00774,0.14679,-0.02651,0.00,0.00,3.00,45.7,119.78,636.17,257.24,SEARCH_Z
11.5569,0.9698,0.3862,0.1884,0.00574,0.13879,-0.03451,0.00,0.00,3.00,45.7,119.77,636.19,257.24,SEARCH_Z
11.5670,0.8698,0.5762,0.2484,0.01174,0.15279,-0.02951,0.00,0.00,3.00,45.7,119.77,636.23,257.24,SEARCH_Z
11.5771,0.9598,0.3662,0.3184,-0.00425,0.13279,-0.03051,0.00,0.00,3.00,45.7,119.77,636.25,257.24,SEARCH_Z
11.5872,0.7498,0.4162,0.0784,-0.00425,0.14279,-0.03051,0.00,0.00,3.00,45.7,119.77,636.29,257.24,SEARCH_Z
11.5973,0.9298,0.2262,0.3584,0.00474,0.14879,-0.03151,0.00,0.00,3.00,45.7,119.77,636.31,257.24,SEARCH_Z
11.6074,0.9198,0.0862,-0.0015,0.02574,0.15879,-0.02651,0.00,0.00,3.00,45.7,119.77,636.35,257.24,SEARCH_Z
11.6174,0.8898,0.4362,-0.0515,-0.00025,0.14579,-0.02651,0.00,0.00,3.00,45.7,119.77,636.37,257.25,SEARCH_Z
11.6275,0.9798,0.1062,0.2184,0.01674,0.15279,-0.03051,0.00,0.00,3.00,45.7,119.77,636.41,257.25,SEARCH_Z
11.6376,1.0198,0.1962,-0.0615,0.00774,0.14279,-0.03351,0.00,0.00,3.00,45.7,119.77,636.43,257.25,SEARCH_Z
11.6477,0.7898,0.4862,-0.1515,0.00874,0.14479,-0.02851,0.00,0.00,3.00,45.7,119.76,636.47,257.25,SEARCH_Z
11.6578,1.0598,-0.0037,0.6084,0.02874,0.15879,-0.03351,0.00,0.00,3.00,45.7,119.76,636.49,257.25,SEARCH_Z
11.6679,0.8698,0.2662,0.1484,0.01474,0.14079,-0.02651,0.00,0.00,3.00,45.7,119.76,636.53,257.25,SEARCH_Z
11.6780,0.9298,0.2962,0.0984,0.01874,0.15179,-0.03151,0.00,0.00,3.00,45.7,119.76,636.55,257.25,SEARCH_Z
11.6881,0.7798,0.3362,-0.0115,0.00574,0.14379,-0.02851,0.00,0.00,3.00,45.7,119.76,636.59,257.25,SEARCH_Z
11.6982,0.9198,0.1162,0.1184,-0.00125,0.12979,-0.03151,0.00,0.00,3.00,45.7,119.76,636.61,257.25,SEARCH_Z
11.7083,0.9498,0.3862,0.1284,0.01774,0.14079,-0.02851,0.00,0.00,3.00,45.7,119.76,636.65,257.26,SEARCH_Z
11.7184,0.7498,0.3762,0.1884,0.00774,0.13879,-0.02651,0.00,0.00,3.00,45.7,119.76,636.67,257.26,SEARCH_Z
11.7286,1.0498,0.3962,-0.0015,0.03374,0.15179,-0.02951,0.00,0.00,3.00,45.7,119.75,636.71,257.26,SEARCH_Z
11.7387,0.7298,0.3162,0.0784,0.02074,0.15479,-0.02951,0.00,0.00,3.00,45.7,119.75,636.73,257.26,SEARCH_Z
11.7488,0.7898,0.4162,-0.1615,0.00274,0.14279,-0.02651,0.00,0.00,3.00,45.7,119.75,636.77,257.26,SEARCH_Z
11.7589,0.9598,0.4062,-0.0015,0.01674,0.14779,-0.03051,0.00,0.00,3.00,45.7,119.75,636.80,257.26,SEARCH_Z
11.7690,1.0898,0.0762,0.2284,0.03374,0.15379,-0.03251,0.00,0.00,3.00,45.7,119.75,636.83,257.26,SEARCH_Z
11.7791,0.7698,0.6862,-0.1515,0.00774,0.14779,-0.02851,0.00,0.00,3.00,45.7,119.75,636.86,257.26,SEARCH_Z
11.7892,0.9498,0.4262,-0.2015,0.01974,0.13579,-0.03051,0.00,0.00,3.00,45.7,119.75,636.89,257.26,SEARCH_Z
11.7993,0.8498,0.3962,-0.0415,0.00474,0.13979,-0.02851,0.00,0.00,3.00,45.7,119.75,636.92,257.27,SEARCH_Z
11.8094,0.9898,0.4162,-0.1515,0.02674,0.13979,-0.02651,0.00,0.00,3.00,45.7,119.75,636.95,257.27,SEARCH_Z
11.8195,0.6698,0.2962,0.1084,0.01274,0.15279,-0.02751,0.00,0.00,3.00,45.7,119.74,636.98,257.27,SEARCH_Z
11.8296,0.8698,-0.0637,0.3784,0.01974,0.14679,-0.02851,0.00,0.00,3.00,45.7,119.74,637.01,257.27,SEARCH_Z
11.8397,0.8998,0.3162,0.0984,0.02374,0.14379,-0.02751,0.00,0.00,3.00,45.7,119.74,637.04,257.27,SEARCH_Z
11.8498,0.6998,0.2462,0.1484,0.01074,0.14879,-0.03051,0.00,0.00,3.00,45.7,119.74,637.07,257.27,SEARCH_Z
11.8599,0.9098,0.2162,0.2184,0.00974,0.14479,-0.03151,0.00,0.00,3.00,45.7,119.74,637.10,257.27,SEARCH_Z
11.8700,1.0098,0.5362,-0.0815,0.01974,0.13779,-0.02951,0.00,0.00,3.00,45.7,119.74,637.13,257.27,SEARCH_Z
11.8801,0.9298,0.2662,0.1284,0.01974,0.14579,-0.02951,0.00,0.00,3.00,45.7,119.74,637.16,257.27,SEARCH_Z
11.8902,0.7298,0.1762,0.2784,-0.00325,0.14379,-0.02751,0.00,0.00,3.00,45.7,119.74,637.19,257.28,SEARCH_Z
11.9003,1.0098,0.3262,0.0884,0.02474,0.14579,-0.03051,0.00,0.00,3.00,45.7,119.74,637.22,257.28,SEARCH_Z
11.9104,0.7798,0.2662,0.0384,0.00874,0.14779,-0.02951,0.00,0.00,3.00,45.7,119.73,637.25,257.28,SEARCH_Z
11.9205,1.0298,0.4762,-0.1015,0.02274,0.14379,-0.02751,0.00,0.00,3.00,45.7,119.73,637.28,257.28,SEARCH_Z
11.9306,0.9098,0.0662,0.0884,0.03874,0.15979,-0.03051,0.00,0.00,3.00,45.7,119.73,637.31,257.28,SEARCH_Z
11.9407,0.8998,0.3462,-0.2115,0.02474,0.13579,-0.02651,0.00,0.00,3.00,45.7,119.73,637.34,257.28,SEARCH_Z
11.9507,0.8298,0.3362,0.1084,0.01674,0.14879,-0.03051,0.00,0.00,3.00,45.7,119.73,637.37,257.28,SEARCH_Z
11.9608,0.9898,0.1262,0.2784,0.03874,0.15179,-0.02851,0.00,0.00,3.00,45.8,119.73,637.40,257.28,SEARCH_Z
11.9709,1.0398,0.2362,0.2984,0.02574,0.14879,-0.03051,0.00,0.00,3.00,45.8,119.73,637.44,257.28,SEARCH_Z
11.9810,0.7198,0.3862,0.0084,0.00374,0.14179,-0.02551,0.00,0.00,3.00,45.8,119.73,637.46,257.29,SEARCH_Z
11.9911,0.7898,0.3062,-0.0615,0.01874,0.15079,-0.02651,0.00,0.00,3.00,45.8,119.73,637.50,257.29,SEARCH_Z
12.0012,0.9298,0.1862,0.3684,0.01574,0.14479,-0.03051,0.00,0.00,3.00,45.8,119.72,637.52,257.29,SEARCH_Z
12.0113,0.7998,0.1762,0.3584,0.01774,0.14979,-0.03151,0.00,0.00,3.00,45.8,119.72,637.56,257.29,SEARCH_Z
12.0214,1.0298,0.1462,0.0584,0.02474,0.13379,-0.02851,0.00,0.00,3.00,45.8,119.72,637.58,257.29,SEARCH_Z
12.0315,0.9498,0.3462,0.0184,0.02674,0.14479,-0.02851,0.00,0.00,3.00,45.8,119.72,637.62,257.29,SEARCH_Z
12.0416,0.9198,0.1962,0.2184,0.02074,0.14779,-0.03151,0.00,0.00,3.00,45.8,119.72,637.64,257.29,SEARCH_Z
12.0517,0.9398,0.2062,0.1684,0.01074,0.13779,-0.02851,0.00,0.00,3.00,45.8,119.72,637.68,257.29,SEARCH_Z
12.0617,0.8498,0.1162,0.1884,0.01474,0.14579,-0.02951,0.00,0.00,3.00,45.8,119.72,637.70,257.29,SEARCH_Z
12.0719,1.2098,0.2462,0.3284,0.01774,0.13379,-0.02951,0.00,0.00,3.00,45.8,119.72,637.74,257.30,SEARCH_Z
12.0820,0.9498,0.0962,0.1784,0.01774,0.13679,-0.03251,0.00,0.00,3.00,45.8,119.72,637.76,257.30,SEARCH_Z
12.0921,0.8898,0.0962,0.3184,0.02274,0.15079,-0.02951,0.00,0.00,3.00,45.8,119.71,637.80,257.30,SEARCH_Z
12.1022,0.8198,0.0262,0.2984,0.02474,0.15379,-0.03151,0.00,0.00,3.00,45.8,119.71,637.82,257.30,SEARCH_Z
12.1123,0.8198,0.6162,-0.0215,0.03074,0.14379,-0.02451,0.00,0.00,3.00,45.8,119.71,637.86,257.30,SEARCH_Z
12.1224,0.9398,0.5662,0.0984,0.01174,0.13079,-0.02651,0.00,0.00,3.00,45.8,119.71,637.88,257.30,SEARCH_Z
12.1325,0.9498,0.1862,0.2284,0.03274,0.15779,-0.02951,0.00,0.00,3.00,45.8,119.71,637.92,257.30,SEARCH_Z
12.1426,0.8698,0.2262,0.3984,0.01374,0.15479,-0.02951,0.00,0.00,3.00,45.8,119.71,637.94,257.30,SEARCH_Z
12.1527,0.7498,0.4362,-0.0815,0.00574,0.12979,-0.02851,0.00,0.00,3.00,45.8,119.71,637.98,257.30,SEARCH_Z
12.1628,0.5798,0.0962,0.4484,0.01874,0.15479,-0.02751,0.00,0.00,3.00,45.8,119.71,638.00,257.30,SEARCH_Z
12.1729,0.7998,0.2662,-0.0315,0.01474,0.12979,-0.02351,0.00,0.00,3.00,45.8,119.70,638.04,257.31,SEARCH_Z
12.1830,0.7398,0.3262,0.2984,0.02974,0.15379,-0.03051,0.00,0.00,3.00,45.8,119.70,638.08,257.31,SEARCH_Z
12.1931,0.9898,0.2662,-0.1415,0.02274,0.13579,-0.02751,0.00,0.00,3.00,45.8,119.70,638.10,257.31,SEARCH_Z
12.2032,0.8698,-0.1337,0.4284,0.01774,0.14279,-0.03451,0.00,0.00,3.00,45.8,119.70,638.14,257.31,SEARCH_Z
12.2133,0.7898,0.8562,-0.1415,0.01474,0.14179,-0.02251,0.00,0.00,3.00,45.8,119.70,638.16,257.31,SEARCH_Z
12.2234,0.9198,0.1962,0.1784,0.03674,0.14779,-0.03051,0.00,0.00,3.00,45.8,119.70,638.20,257.31,SEARCH_Z
12.2335,0.9198,0.0462,0.1384,0.02474,0.14479,-0.02851,0.00,0.00,3.00,45.8,119.70,638.22,257.31,SEARCH_Z
12.2436,0.8198,0.1062,0.2384,0.01074,0.13879,-0.02851,0.00,0.00,3.00,45.8,119.70,638.26,257.31,SEARCH_Z
12.2537,0.7198,0.3262,-0.2515,0.01774,0.14579,-0.02751,0.00,0.00,3.00,45.8,119.70,638.28,257.31,SEARCH_Z
12.2638,0.8998,0.2762,0.1484,0.00474,0.13479,-0.02751,0.00,0.00,3.00,45.8,119.69,638.32,257.32,SEARCH_Z
12.2739,0.7698,0.7162,-0.2215,-0.00125,0.12879,-0.02551,0.00,0.00,3.00,45.8,119.69,638.34,257.32,SEARCH_Z
12.2840,0.8698,-0.0737,0.5984,0.02674,0.14979,-0.03451,0.00,0.00,3.00,45.8,119.69,638.38,257.32,SEARCH_Z
12.2941,0.8998,0.0862,0.3084,0.01674,0.13779,-0.02851,0.00,0.00,3.00,45.8,119.69,638.40,257.32,SEARCH_Z
12.3043,0.7598,0.5362,-0.1915,0.02374,0.13979,-0.02351,0.00,0.00,3.00,45.8,119.69,638.44,257.32,SEARCH_Z
12.3144,0.8798,0.4462,-0.0515,0.01574,0.12979,-0.02251,0.00,0.00,3.00,45.8,119.69,638.46,257.32,SEARCH_Z
12.3245,0.8898,0.7062,-0.4215,0.00174,0.11779,-0.02251,0.00,0.00,3.00,45.8,119.69,638.50,257.32,SEARCH_Z
12.3346,0.9398,0.4262,-0.0115,0.02274,0.13679,-0.03051,0.00,0.00,3.00,45.8,119.69,638.52,257.32,SEARCH_Z
12.3446,0.9698,0.5162,-0.1715,0.02974,0.13179,-0.02451,0.00,0.00,3.00,45.8,119.69,638.56,257.32,SEARCH_Z
12.3548,0.7998,0.3262,0.0684,0.00474,0.12679,-0.02951,0.00,0.00,3.00,45.8,119.68,638.58,257.33,SEARCH_Z
12.3648,0.7998,0.3862,0.1684,0.02674,0.14579,-0.02651,0.00,0.00,3.00,45.8,119.68,638.62,257.33,SEARCH_Z
12.3749,0.8598,0.4162,-0.3415,0.02374,0.12879,-0.02751,0.00,0.00,3.00,45.8,119.68,638.65,257.33,SEARCH_Z
12.3850,0.9898,0.2162,0.2884,0.02774,0.14479,-0.03051,0.00,0.00,3.00,45.8,119.68,638.68,257.33,SEARCH_Z
12.3951,0.8998,0.5062,0.1584,0.00574,0.13679,-0.03051,0.00,0.00,3.00,45.8,119.68,638.71,257.33,SEARCH_Z
12.4052,0.8198,0.2262,0.2884,0.01874,0.13979,-0.02451,0.00,0.00,3.00,45.8,119.68,638.74,257.33,SEARCH_Z
12.4153,0.7998,0.3462,0.0284,0.00874,0.13579,-0.02751,0.00,0.00,3.00,45.9,119.68,638.76,257.33,SEARCH_Z
12.4254,0.6998,0.4762,-0.1715,0.01174,0.13079,-0.03151,0.00,0.00,3.00,45.9,119.68,638.80,257.33,SEARCH_Z
12.4355,0.7198,0.2462,0.2484,0.01074,0.13479,-0.02551,0.00,0.00,3.00,45.9,119.68,638.83,257.33,SEARCH_Z
12.4456,0.8398,0.2662,-0.0515,0.00074,0.12879,-0.02851,0.00,0.00,3.00,45.9,119.67,638.86,257.34,SEARCH_Z
12.4557,0.8698,0.3962,0.0984,0.02274,0.14679,-0.02751,0.00,0.00,3.00,45.9,119.67,638.89,257.34,SEARCH_Z
12.4658,0.8998,0.1962,0.1384,0.02374,0.14579,-0.02651,0.00,0.00,3.00,45.9,119.67,638.92,257.34,SEARCH_Z
12.4759,0.8198,0.3762,-0.1115,0.00474,0.13579,-0.02651,0.00,0.00,3.00,45.9,119.67,638.95,257.34,SEARCH_Z
12.4861,0.8698,0.0162,0.1484,0.00674,0.13379,-0.02951,0.00,0.00,3.00,45.9,119.67,638.98,257.34,SEARCH_Z
12.4961,0.9798,-0.0937,0.3184,0.02274,0.14179,-0.03251,0.00,0.00,3.00,45.9,119.67,639.01,257.34,SEARCH_Z
12.5063,0.8198,0.4762,0.1684,0.01874,0.14579,-0.02851,0.00,0.00,3.00,45.9,119.67,639.04,257.34,SEARCH_Z
12.5164,0.5798,-0.0237,0.4784,0.00974,0.15179,-0.02951,0.00,0.00,3.00,45.9,119.67,639.07,257.34,SEARCH_Z
12.5265,0.7298,0.0462,0.2584,0.02074,0.14979,-0.02751,0.00,0.00,3.00,45.9,119.67,639.10,257.34,SEARCH_Z
12.5366,0.7598,0.1862,0.1084,0.00574,0.12579,-0.02751,0.00,0.00,3.00,45.9,119.66,639.13,257.35,SEARCH_Z
12.5467,0.9598,-0.3837,0.4984,0.02974,0.14779,-0.03451,0.00,0.00,3.00,45.9,119.66,639.16,257.35,SEARCH_Z
12.5568,0.9798,0.4562,-0.1015,0.01874,0.12679,-0.02751,0.00,0.00,3.00,45.9,119.66,639.19,257.35,SEARCH_Z
12.5669,0.8698,0.2562,0.4284,0.01874,0.15279,-0.03051,0.00,0.00,3.00,45.9,119.66,639.23,257.35,SEARCH_Z
12.5770,0.9298,0.0062,0.6084,0.01974,0.13879,-0.03051,0.00,0.00,3.00,45.9,119.66,639.25,257.35,SEARCH_Z
12.5871,0.7498,0.5062,-0.1215,0.00774,0.12879,-0.02651,0.00,0.00,3.00,45.9,119.66,639.29,257.35,SEARCH_Z
12.5972,0.8598,0.3362,0.0484,0.02174,0.13979,-0.02551,0.00,0.00,3.00,45.9,119.66,639.31,257.35,SEARCH_Z
12.6073,0.8498,0.0762,0.0184,0.01474,0.13379,-0.02951,0.00,0.00,3.00,45.9,119.66,639.35,257.35,SEARCH_Z
12.6174,0.7298,0.3262,0.0484,0.00374,0.14079,-0.02751,0.00,0.00,3.00,45.9,119.65,639.37,257.35,SEARCH_Z
12.6275,0.8598,0.2262,0.3684,0.03474,0.15179,-0.02751,0.00,0.00,3.00,45.9,119.65,639.41,257.36,SEARCH_Z
12.6376,0.9298,0.3762,-0.0515,0.01274,0.12679,-0.03051,0.00,0.00,3.00,45.9,119.65,639.43,257.36,SEARCH_Z
12.6477,0.9498,0.2762,0.4684,0.02074,0.14179,-0.02951,0.00,0.00,3.00,45.9,119.65,639.47,257.36,SEARCH_Z
12.6578,0.6798,0.3762,-0.0015,0.00374,0.13179,-0.02551,0.00,0.00,3.00,45.9,119.65,639.49,257.36,SEARCH_Z
12.6679,0.6798,0.3062,0.2684,0.01474,0.14679,-0.02651,0.00,0.00,3.00,45.9,119.65,639.53,257.36,SEARCH_Z
12.6780,0.6498,0.2462,0.4884,0.00774,0.14579,-0.02651,0.00,0.00,3.00,45.9,119.65,639.55,257.36,SEARCH_Z
12.6881,0.8198,0.2162,0.1784,0.00274,0.12879,-0.02951,0.00,0.00,3.00,45.9,119.65,639.59,257.36,SEARCH_Z
12.6982,0.8398,0.1962,0.1384,0.02174,0.13879,-0.02651,0.00,0.00,3.00,45.9,119.65,639.61,257.36,SEARCH_Z
12.7083,0.6498,0.1262,0.0284,0.01474,0.13679,-0.02751,0.00,0.00,3.00,45.9,119.64,639.65,257.36,SEARCH_Z
12.7184,0.7898,0.1262,-0.0515,0.02474,0.13679,-0.03051,0.00,0.00,3.00,45.9,119.64,639.67,257.37,SEARCH_Z
12.7285,0.8998,0.3362,0.1584,0.02274,0.13579,-0.02751,0.00,0.00,3.00,45.9,119.64,639.71,257.37,SEARCH_Z
12.7386,0.8698,0.1062,0.3884,0.03774,0.15179,-0.02751,0.00,0.00,3.00,45.9,119.64,639.73,257.37,SEARCH_Z
12.7487,1.0398,0.4262,-0.0815,0.03774,0.13379,-0.02851,0.00,0.00,3.00,46.0,119.64,639.77,257.37,SEARCH_Z
12.7589,0.9398,0.4062,-0.0615,0.02274,0.13679,-0.02751,0.00,0.00,3.00,46.0,119.64,639.80,257.37,SEARCH_Z
12.7689,0.9598,-0.0537,0.3884,0.04574,0.14279,-0.02951,0.00,0.00,3.00,46.0,119.64,639.83,257.37,SEARCH_Z
12.7790,0.8698,0.2562,0.3284,0.01774,0.13679,-0.02551,0.00,0.00,3.00,46.0,119.64,639.86,257.37,SEARCH_Z
12.7891,0.6898,0.5562,0.1484,0.00774,0.12779,-0.02451,0.00,0.00,3.00,46.0,119.64,639.89,257.37,SEARCH_Z
12.7992,0.9098,0.1962,0.1084,0.00774,0.13079,-0.02651,0.00,0.00,3.00,46.0,119.63,639.92,257.37,SEARCH_Z
12.8093,0.6998,0.0462,0.4984,0.00774,0.13879,-0.02851,0.00,0.00,3.00,46.0,119.63,639.95,257.38,SEARCH_Z
12.8194,0.7798,0.2662,0.3384,0.01374,0.13579,-0.02851,0.00,0.00,3.00,46.0,119.63,639.98,257.38,SEARCH_Z
12.8295,0.8498,0.5862,-0.4915,0.02374,0.12479,-0.02851,0.00,0.00,3.00,46.0,119.63,640.01,257.38,SEARCH_Z
12.8397,0.7198,0.5062,-0.0615,0.00574,0.12879,-0.02551,0.00,0.00,3.00,46.0,119.63,640.04,257.38,SEARCH_Z
12.8498,0.9698,0.3362,0.0584,0.03574,0.14279,-0.02851,0.00,0.00,3.00,46.0,119.63,640.07,257.38,SEARCH_Z
12.8600,0.7898,0.2462,0.2684,0.00674,0.13579,-0.02851,0.00,0.00,3.00,46.0,119.63,640.10,257.38,SEARCH_Z
12.8701,0.8698,0.3762,0.0284,0.03074,0.12979,-0.02451,0.00,0.00,3.00,46.0,119.63,640.13,257.38,SEARCH_Z
12.8802,0.8198,0.3962,-0.0815,0.02774,0.13679,-0.02551,0.00,0.00,3.00,46.0,119.63,640.16,257.38,SEARCH_Z
12.8903,0.8398,0.1162,0.3284,0.03074,0.13879,-0.02851,0.00,0.00,3.00,46.0,119.62,640.19,257.38,SEARCH_Z
12.9004,0.6498,0.2462,0.1684,0.03474,0.14479,-0.02251,0.00,0.00,3.00,46.0,119.62,640.22,257.39,SEARCH_Z
12.9105,0.8198,0.4662,0.0284,0.02674,0.12479,-0.02551,0.00,0.00,3.00,46.0,119.62,640.25,257.39,SEARCH_Z
12.9206,0.8598,0.0362,0.3484,0.01474,0.12779,-0.02951,0.00,0.00,3.00,46.0,119.62,640.28,257.39,SEARCH_Z
12.9307,0.8698,0.2462,0.2184,0.01474,0.12179,-0.02851,0.00,0.00,3.00,46.0,119.62,640.31,257.39,SEARCH_Z
12.9408,0.9098,0.4062,0.0384,0.03474,0.13779,-0.02651,0.00,0.00,3.00,46.0,119.62,640.34,257.39,SEARCH_Z
12.9509,0.6298,0.0862,0.2284,0.01074,0.12179,-0.02751,0.00,0.00,3.00,46.0,119.62,640.38,257.39,SEARCH_Z
12.9611,0.7098,0.6062,0.0184,0.02974,0.13479,-0.02151,0.00,0.00,3.00,46.0,119.62,640.40,257.39,SEARCH_Z
12.9712,0.5098,0.4162,0.3084,0.00774,0.13079,-0.02351,0.00,0.00,3.00,46.0,119.61,640.44,257.39,SEARCH_Z
12.9813,0.7298,0.1762,0.4084,0.03674,0.13579,-0.02451,0.00,0.00,3.00,46.0,119.61,640.46,257.39,SEARCH_Z
12.9914,0.8298,0.1862,0.3584,0.04074,0.13379,-0.02851,0.00,0.00,3.00,46.0,119.61,640.50,257.40,SEARCH_Z
13.0015,0.7798,0.3062,0.1184,0.02974,0.12479,-0.02451,0.00,0.00,3.00,46.0,119.61,640.52,257.40,SEARCH_Z
13.0116,0.8498,0.1262,0.1284,0.01774,0.12479,-0.02551,0.00,0.00,3.00,46.0,119.61,640.56,257.40,SEARCH_Z
13.0217,0.6898,0.6062,0.1384,0.03574,0.12679,-0.01951,0.00,0.00,3.00,46.0,119.61,640.58,257.40,SEARCH_Z
13.0318,0.8198,0.4062,0.1684,0.02274,0.11579,-0.02151,0.00,0.00,3.00,46.1,119.61,640.62,257.40,SEARCH_Z
13.0419,0.5898,0.4862,0.0384,0.02774,0.11479,-0.01751,0.00,0.00,3.00,46.1,119.61,640.64,257.40,SEARCH_Z
13.0520,0.7998,0.2662,0.2084,0.03274,0.11979,-0.02251,0.00,0.00,3.00,46.1,119.61,640.68,257.40,SEARCH_Z
13.0622,0.7598,0.1662,0.3484,0.02874,0.11479,-0.02251,0.00,0.00,3.00,46.1,119.60,640.70,257.40,SEARCH_Z
13.0723,0.7498,0.5462,0.2284,0.03974,0.12779,-0.01951,0.00,0.00,3.00,46.1,119.60,640.74,257.40,SEARCH_Z
13.0824,0.6498,0.4462,0.2084,0.03074,0.12079,-0.01751,0.00,0.00,3.00,46.1,119.60,640.76,257.40,SEARCH_Z
13.0925,0.4098,0.3462,0.4484,0.01974,0.12479,-0.01551,0.00,0.00,3.00,46.1,119.60,640.80,257.41,SEARCH_Z
13.1026,0.6398,0.2462,0.4384,0.01174,0.11779,-0.02051,0.00,0.00,3.00,46.1,119.60,640.82,257.41,SEARCH_Z
13.1127,0.5698,0.0562,0.2984,0.02574,0.11879,-0.01951,0.00,0.00,3.00,46.1,119.60,640.86,257.41,SEARCH_Z
13.1228,0.5898,0.4662,0.3384,0.03674,0.11079,-0.01651,0.00,0.00,3.00,46.1,119.60,640.90,257.41,SEARCH_Z
13.1329,0.6198,0.4062,0.4484,0.03574,0.10779,-0.02051,0.00,0.00,3.00,46.1,119.60,640.92,257.41,SEARCH_Z
13.1430,0.3798,0.1262,0.3884,0.01574,0.10479,-0.01751,0.00,0.00,3.00,46.1,119.60,640.96,257.41,SEARCH_Z
13.1531,0.5098,0.3562,0.2284,0.01974,0.10779,-0.01551,0.00,0.00,3.00,46.1,119.59,640.98,257.41,SEARCH_Z
13.1632,0.6898,0.0262,0.3184,0.01674,0.09379,-0.01451,0.00,0.00,3.00,46.1,119.59,641.02,257.41,SEARCH_Z
13.1734,0.5998,0.6162,-0.2115,0.03474,0.10079,-0.01551,0.00,0.00,3.00,46.1,119.59,641.04,257.41,SEARCH_Z
13.1835,0.6098,0.0662,0.0584,0.02374,0.09879,-0.01751,0.00,0.00,3.00,46.1,119.59,641.08,257.42,SEARCH_Z
13.1936,0.7098,0.5662,-0.0715,0.00974,0.09779,-0.01551,0.00,0.00,3.00,46.1,119.59,641.10,257.42,SEARCH_Z
13.2037,0.5098,0.2962,-0.1415,0.02774,0.10479,-0.01851,0.00,0.00,3.00,46.1,119.59,641.14,257.42,SEARCH_Z
13.2138,0.6698,0.3862,-0.1915,0.01574,0.09579,-0.01851,0.00,0.00,3.00,46.1,119.59,641.16,257.42,SEARCH_Z
13.2239,0.7198,0.6062,-0.1015,0.00774,0.07979,-0.01551,0.00,0.00,3.00,46.1,119.59,641.20,257.42,SEARCH_Z
13.2340,0.5298,0.4562,-0.2215,0.00474,0.09979,-0.01351,0.00,0.00,3.00,46.1,119.59,641.22,257.42,SEARCH_Z
13.2441,0.6998,0.3562,0.0484,0.03274,0.10279,-0.01751,0.00,0.00,3.00,46.1,119.58,641.26,257.42,SEARCH_Z
13.2542,0.4898,0.2562,0.1584,0.00374,0.11079,-0.01751,0.00,0.00,3.00,46.1,119.58,641.28,257.42,SEARCH_Z
13.2643,0.6098,0.0662,0.5084,0.03174,0.11979,-0.01851,0.00,0.00,3.00,46.1,119.58,641.32,257.42,SEARCH_Z
13.2744,0.5798,0.3062,0.1484,0.01174,0.10679,-0.01751,0.00,0.00,3.00,46.2,119.58,641.34,257.43,SEARCH_Z
13.2845,0.7298,0.3062,0.1484,0.02874,0.11979,-0.01951,0.00,0.00,3.00,46.2,119.58,641.38,257.43,SEARCH_Z
13.2946,0.5698,0.2062,0.1084,-0.00125,0.09979,-0.01751,0.00,0.00,3.00,46.2,119.58,641.40,257.43,SEARCH_Z
13.3047,0.6098,0.1862,0.1584,0.02874,0.10479,-0.02051,0.00,0.00,3.00,46.2,119.58,641.44,257.43,SEARCH_Z
13.3148,0.6498,0.3462,0.0284,0.02074,0.10179,-0.01651,0.00,0.00,3.00,46.2,119.58,641.46,257.43,SEARCH_Z
13.3249,0.5598,0.3462,-0.1515,-0.00025,0.09379,-0.01651,0.00,0.00,3.00,46.2,119.57,641.50,257.43,SEARCH_Z
13.3350,0.3698,0.1562,0.1884,0.00274,0.10879,-0.02151,0.00,0.00,3.00,46.2,119.57,641.53,257.43,SEARCH_Z
13.3451,0.7798,0.2462,0.0084,0.01574,0.09279,-0.01951,0.00,0.00,3.00,46.2,119.57,641.56,257.43,SEARCH_Z
13.3552,0.5098,0.1762,-0.0415,0.01274,0.09979,-0.01551,0.00,0.00,3.00,46.2,119.57,641.59,257.43,SEARCH_Z
13.3653,0.6798,0.1562,-0.2515,0.00974,0.09179,-0.01751,0.00,0.00,3.00,46.2,119.57,641.62,257.44,SEARCH_Z
13.3754,0.4898,0.5062,-0.2615,-0.00425,0.08779,-0.00951,0.00,0.00,3.00,46.2,119.57,641.65,257.44,SEARCH_Z
13.3855,0.6498,0.0362,0.2984,0.02974,0.10979,-0.01551,0.00,0.00,3.00,46.2,119.57,641.68,257.44,SEARCH_Z
13.3956,0.7498,0.3562,-0.0715,0.01874,0.08879,-0.01351,0.00,0.00,3.00,46.2,119.57,641.71,257.44,SEARCH_Z
13.4058,0.4598,0.2162,-0.1915,-0.00425,0.08679,-0.01351,0.00,0.00,3.00,46.2,119.57,641.74,257.44,SEARCH_Z
13.4159,0.4898,0.4862,-0.1715,0.01874,0.09379,-0.01251,0.00,0.00,3.00,46.2,119.56,641.77,257.44,SEARCH_Z
13.4260,0.5598,0.0762,0.0784,0.00974,0.09179,-0.01651,0.00,0.00,3.00,46.2,119.56,641.80,257.44,SEARCH_Z
13.4361,0.4998,-0.0837,0.0284,-0.00125,0.09479,-0.01751,0.00,0.00,3.00,46.2,119.56,641.83,257.44,SEARCH_Z
13.4462,0.4298,-0.0137,-0.0415,-0.01225,0.08579,-0.01551,0.00,0.00,3.00,46.2,119.56,641.86,257.44,SEARCH_Z
13.4563,0.6598,0.3662,-0.2515,0.00174,0.08379,-0.01451,0.00,0.00,3.00,46.2,119.56,641.89,257.45,SEARCH_Z
13.4664,0.3998,0.5162,-0.3415,-0.01025,0.08679,-0.00951,0.00,0.00,3.00,46.2,119.56,641.92,257.45,SEARCH_Z
13.4765,0.5098,0.1962,-0.5915,0.01474,0.09179,-0.01351,0.00,0.00,3.00,46.2,119.56,641.95,257.45,SEARCH_Z
13.4866,0.7298,0.2062,-0.3915,0.00774,0.07979,-0.01451,0.00,0.00,3.00,46.2,119.56,641.98,257.45,SEARCH_Z
13.4966,0.4998,0.0362,-0.3815,-0.00325,0.08779,-0.01551,0.00,0.00,3.00,46.3,119.56,642.01,257.45,SEARCH_Z
13.5068,0.5198,0.4362,-0.8115,-0.00225,0.08379,-0.01051,0.00,0.00,3.00,46.3,119.55,642.05,257.45,SEARCH_Z
13.5169,0.4898,0.2662,-0.5915,-0.01525,0.07679,-0.01051,0.00,0.00,3.00,46.3,119.55,642.07,257.45,SEARCH_Z
13.5270,0.5998,0.1962,-0.5415,-0.00125,0.07179,-0.01451,0.00,0.00,3.00,46.3,119.55,642.11,257.45,SEARCH_Z
13.5371,0.4598,0.0462,-0.7715,0.00174,0.07979,-0.01251,0.00,0.00,3.00,46.3,119.55,642.13,257.45,SEARCH_Z
13.5472,0.4898,0.0762,-0.3115,-0.00325,0.08079,-0.01151,0.00,0.00,3.00,46.3,119.55,642.17,257.46,SEARCH_Z
