time,fx,fy,fz,tx,ty,tz,vx,vy,vz,travel_mm,pos_x,pos_y,pos_z,phase
0.0000,0.0914,0.1688,-0.1812,0.01189,0.00234,0.00474,-5.00,0.00,0.00,0.0,125.54,633.29,302.46,DESCEND
0.0102,-0.0485,0.2888,-0.0312,-0.00410,0.00134,0.00474,-5.00,0.00,0.00,0.0,125.54,633.29,302.46,DESCEND
0.0203,0.0214,0.0488,-0.3212,-0.00310,0.00434,0.00574,-5.00,0.00,0.00,0.0,125.54,633.29,302.45,DESCEND
0.0304,0.0914,-0.1111,0.1487,0.02889,0.01634,0.00174,-5.00,0.00,0.00,0.0,125.54,633.29,302.44,DESCEND
0.0406,-0.0185,0.2488,-0.1212,0.00789,0.00834,0.00374,-5.00,0.00,0.00,0.0,125.54,633.29,302.43,DESCEND
0.0507,0.1414,-0.0811,-0.2612,0.00889,0.00034,0.00474,-5.00,0.00,0.00,0.0,125.54,633.29,302.41,DESCEND
0.0610,0.0314,0.3288,-0.3412,0.01389,-0.00565,0.00474,-5.00,0.00,0.00,0.1,125.54,633.29,302.39,DESCEND
0.0711,0.0814,0.1988,-0.3612,0.00089,-0.00565,0.00474,-5.00,0.00,0.00,0.1,125.54,633.30,302.37,DESCEND
0.0812,-0.0485,-0.0011,0.0187,-0.00210,0.00434,0.00374,-5.00,0.00,0.00,0.1,125.54,633.30,302.34,DESCEND
0.0913,0.2114,-0.2411,0.0887,0.00289,0.00034,0.00174,-5.00,0.00,0.00,0.1,125.54,633.30,302.31,DESCEND
0.1014,0.0614,-0.2111,0.3187,0.00789,0.01334,0.00274,-5.00,0.00,0.00,0.2,125.54,633.30,302.27,DESCEND
0.1117,-0.0885,0.1788,0.0187,0.00589,0.01134,0.00574,-5.00,0.00,0.00,0.2,125.54,633.30,302.24,DESCEND
0.1218,-0.0885,0.3188,-0.0512,-0.01010,-0.00065,0.00574,-5.00,0.00,0.00,0.3,125.54,633.30,302.19,DESCEND
0.1319,0.0414,0.0188,-0.0712,0.00989,0.00434,0.00574,-5.00,0.00,0.00,0.3,125.54,633.30,302.15,DESCEND
0.1420,0.0914,-0.2011,-0.0112,0.00789,0.01134,0.00274,-5.00,0.00,0.00,0.4,125.54,633.31,302.09,DESCEND
0.1521,0.2714,-0.1811,0.1287,0.00889,0.00534,0.00174,-5.00,0.00,0.00,0.4,125.54,633.31,302.05,DESCEND
0.1622,0.1814,-0.3611,0.3487,0.01189,0.02834,0.00074,-5.00,0.00,0.00,0.5,125.54,633.31,301.99,DESCEND
0.1724,0.1114,-0.1211,-0.1412,0.02689,0.01534,0.00174,-5.00,0.00,0.00,0.5,125.54,633.31,301.93,DESCEND
0.1825,0.1214,-0.1011,0.1587,0.00589,0.00234,0.00274,-5.00,0.00,0.00,0.6,125.54,633.31,301.89,DESCEND
0.1926,-0.0385,0.0788,-0.1012,-0.00310,-0.01065,0.00574,-5.00,0.00,0.00,0.6,125.55,633.31,301.83,DESCEND
0.2027,0.0314,-0.0011,-0.0912,0.01289,0.00234,0.00274,-5.00,0.00,0.00,0.7,125.55,633.32,301.79,DESCEND
0.2128,-0.0485,-0.3311,0.4387,0.00889,0.01134,0.00074,-5.00,0.00,0.00,0.7,125.55,633.32,301.73,DESCEND
0.2229,0.2414,-0.0811,-0.1212,0.02189,-0.00665,0.00274,-5.00,0.00,0.00,0.8,125.55,633.32,301.69,DESCEND
0.2330,-0.0185,-0.1111,-0.0112,0.00589,0.00034,0.00274,-5.00,0.00,0.00,0.8,125.55,633.32,301.63,DESCEND
0.2431,0.0514,-0.0311,0.0087,0.01589,0.00734,0.00674,-5.00,0.00,0.00,0.9,125.55,633.32,301.59,DESCEND
0.2532,0.1914,-0.0311,0.1287,0.01789,0.01234,0.00074,-5.00,0.00,0.00,0.9,125.55,633.33,301.53,DESCEND
0.2633,0.0114,-0.2911,-0.0812,0.00189,0.00134,0.00374,-5.00,0.00,0.00,1.0,125.55,633.33,301.49,DESCEND
0.2735,0.0814,0.3688,-0.0612,-0.00410,0.00034,0.00574,-5.00,0.00,0.00,1.0,125.55,633.33,301.43,DESCEND
0.2836,-0.0085,-0.1311,0.2287,0.00089,0.00834,0.00274,-5.00,0.00,0.00,1.1,125.55,633.33,301.39,DESCEND
0.2938,0.1414,-0.3511,-0.0912,0.02089,0.00634,0.00074,-5.00,0.00,0.00,1.1,125.55,633.33,301.33,DESCEND
0.3039,-0.0685,0.3588,-0.1812,0.00389,0.00534,0.00474,-5.00,0.00,0.00,1.2,125.55,633.33,301.29,DESCEND
0.3140,0.2314,-0.1811,0.0887,0.01989,0.00134,-0.00125,-5.00,0.00,0.00,1.2,125.55,633.34,301.23,DESCEND
0.3241,0.2114,-0.3511,-0.0612,-0.00110,-0.00665,-0.00025,-5.00,0.00,0.00,1.3,125.55,633.34,301.17,DESCEND
0.3342,0.1114,-0.2211,0.1387,0.01489,0.00034,0.00274,-5.00,0.00,0.00,1.3,125.55,633.34,301.13,DESCEND
0.3444,-0.2885,0.3288,-0.3112,0.01289,-0.00165,0.00974,-5.00,0.00,0.00,1.4,125.55,633.34,301.07,DESCEND
0.3544,-0.0085,-0.0611,-0.0012,0.01689,-0.00365,0.00374,-5.00,0.00,0.00,1.4,125.55,633.34,301.03,DESCEND
0.3645,-0.0485,0.0388,-0.1612,0.00989,0.00334,0.00474,-5.00,0.00,0.00,1.5,125.55,633.35,300.97,DESCEND
0.3746,-0.0485,-0.0211,0.1787,-0.00610,0.01134,0.00174,-5.00,0.00,0.00,1.5,125.55,633.35,300.93,DESCEND
0.3847,0.0014,0.1388,-0.2112,-0.00210,-0.00465,0.00474,-5.00,0.00,0.00,1.6,125.55,633.35,300.87,DESCEND
0.3948,0.1514,-0.2211,0.1287,0.00889,0.00234,-0.00025,-5.00,0.00,0.00,1.6,125.55,633.35,300.83,DESCEND
0.4050,0.0214,0.1488,-0.0712,0.00389,0.00834,0.00674,-5.00,0.00,0.00,1.7,125.55,633.35,300.77,DESCEND
0.4151,-0.0285,-0.0011,-0.1012,-0.00410,0.00234,0.00174,-5.00,0.00,0.00,1.7,125.55,633.36,300.73,DESCEND
0.4252,0.1114,0.0188,-0.0812,0.00389,-0.00265,0.00274,-5.00,0.00,0.00,1.8,125.55,633.36,300.67,DESCEND
0.4353,0.1914,0.2088,-0.4212,0.01589,0.00634,0.00674,-5.00,0.00,0.00,1.8,125.55,633.36,300.63,DESCEND
0.4454,0.0814,-0.3411,0.3387,0.02089,0.01534,0.00474,-5.00,0.00,0.00,1.9,125.55,633.36,300.57,DESCEND
0.4555,-0.0285,-0.0211,-0.0312,0.01189,0.00134,0.00174,-5.00,0.00,0.00,1.9,125.55,633.36,300.53,DESCEND
0.4656,0.1814,0.2288,-0.1012,0.01489,0.00334,0.00674,-5.00,0.00,0.00,2.0,125.55,633.37,300.47,DESCEND
0.4758,0.0714,-0.0411,-0.3912,0.01089,-0.00565,0.00274,-5.00,0.00,0.00,2.0,125.55,633.37,300.43,DESCEND
0.4859,0.1414,0.0088,-0.0312,0.00389,-0.00265,0.00074,-5.00,0.00,0.00,2.1,125.55,633.37,300.37,DESCEND
0.4960,-0.0085,0.0188,-0.1612,0.00989,0.00634,0.00574,-5.00,0.00,0.00,2.1,125.55,633.37,300.33,DESCEND
0.5061,0.0814,-0.1411,0.1387,0.02489,0.01834,-0.00125,-5.00,0.00,0.00,2.2,125.55,633.37,300.27,DESCEND
0.5162,0.0614,0.1688,-0.2112,-0.01310,-0.01565,0.00274,-5.00,0.00,0.00,2.2,125.55,633.37,300.21,DESCEND
0.5264,0.1514,-0.0611,0.1387,0.02489,0.01034,0.00674,-5.00,0.00,0.00,2.3,125.55,633.38,300.17,DESCEND
0.5364,0.2214,0.1288,-0.1412,0.01389,0.00634,0.00474,-5.00,0.00,0.00,2.3,125.55,633.38,300.11,DESCEND
0.5466,0.1914,-0.0111,-0.0412,0.02489,0.00734,0.00074,-5.00,0.00,0.00,2.4,125.55,633.38,300.07,DESCEND
0.5567,0.0514,-0.0711,-0.0512,-0.00610,-0.01065,0.00574,-5.00,0.00,0.00,2.4,125.55,633.38,300.01,DESCEND
0.5668,-0.0685,0.1888,-0.0612,-0.00910,0.00734,0.00274,-5.00,0.00,0.00,2.5,125.55,633.38,299.97,DESCEND
0.5769,0.0214,0.0888,-0.0412,0.00989,0.00734,0.00274,-5.00,0.00,0.00,2.5,125.55,633.39,299.91,DESCEND
0.5870,0.0314,-0.1811,0.0787,0.01589,0.00734,0.00074,-5.00,0.00,0.00,2.6,125.55,633.39,299.87,DESCEND
0.5972,0.1014,-0.3611,0.2587,0.00089,-0.00165,0.00074,-5.00,0.00,0.00,2.6,125.55,633.39,299.81,DESCEND
0.6073,-0.0885,-0.1411,0.1187,-0.00310,0.00734,-0.00025,-5.00,0.00,0.00,2.7,125.55,633.39,299.77,DESCEND
0.6174,-0.0185,0.0388,-0.0312,-0.00710,-0.00665,0.00474,-5.00,0.00,0.00,2.7,125.55,633.39,299.71,DESCEND
0.6275,0.1914,-0.4311,0.1587,0.02489,0.00934,0.00074,-5.00,0.00,0.00,2.8,125.55,633.39,299.67,DESCEND
0.6376,0.0714,-0.3211,0.0287,0.00889,0.00534,0.00174,-5.00,0.00,0.00,2.8,125.55,633.40,299.61,DESCEND
0.6477,0.0014,0.1188,-0.2312,0.01689,0.00334,0.00374,-5.00,0.00,0.00,2.9,125.55,633.40,299.57,DESCEND
0.6578,0.0814,-0.1511,-0.2612,0.02489,0.00634,0.00074,-5.00,0.00,0.00,2.9,125.55,633.40,299.51,DESCEND
0.6678,0.2014,-0.1011,-0.2112,0.00689,-0.00265,0.00474,-5.00,0.00,0.00,3.0,125.55,633.40,299.47,DESCEND
0.6780,0.0514,-0.1811,0.4087,0.00989,0.00934,0.00374,-5.00,0.00,0.00,3.0,125.55,633.40,299.41,DESCEND
0.6881,0.0314,-0.0011,-0.1212,-0.00010,0.00134,0.00574,-5.00,0.00,0.00,3.1,125.55,633.41,299.35,DESCEND
0.6983,0.0214,0.0288,-0.1012,-0.00510,0.00334,0.00274,-5.00,0.00,0.00,3.1,125.55,633.41,299.31,DESCEND
0.7084,0.0514,0.0288,0.1187,0.00989,0.00234,0.00874,-5.00,0.00,0.00,3.2,125.55,633.41,299.25,DESCEND
0.7185,0.1014,-0.1211,0.0587,0.02289,0.00534,-0.00125,-5.00,0.00,0.00,3.2,125.55,633.41,299.21,DESCEND
0.7287,0.0314,-0.0811,0.0587,-0.01310,-0.00565,0.00274,-5.00,0.00,0.00,3.3,125.55,633.41,299.15,DESCEND
0.7388,0.2314,-0.3111,0.0487,0.02689,0.01134,-0.00025,-5.00,0.00,0.00,3.3,125.55,633.42,299.11,DESCEND
0.7489,-0.0185,-0.1611,0.0587,0.01489,0.01434,0.00174,-5.00,0.00,0.00,3.4,125.55,633.42,299.05,DESCEND
0.7591,0.1314,-0.2311,0.0887,0.01589,0.00434,0.00574,-5.00,0.00,0.00,3.4,125.55,633.42,299.01,DESCEND
0.7693,-0.1485,0.1388,-0.3012,-0.00410,-0.00865,0.00574,-5.00,0.00,0.00,3.5,125.55,633.42,298.95,DESCEND
0.7794,-0.1785,-0.2411,0.4587,-0.01010,0.00834,-0.00025,-5.00,0.00,0.00,3.5,125.55,633.42,298.91,DESCEND
0.7895,0.1414,0.2088,-0.0912,0.01089,-0.00665,0.00274,-5.00,0.00,0.00,3.6,125.56,633.42,298.85,DESCEND
0.7996,0.1414,-0.1311,-0.0412,0.00689,-0.00265,0.00274,-5.00,0.00,0.00,3.6,125.56,633.43,298.81,DESCEND
0.8097,0.0814,0.3588,-0.0212,0.01589,0.00734,0.00674,-5.00,0.00,0.00,3.7,125.56,633.43,298.76,DESCEND
0.8198,0.0014,-0.3011,0.0487,0.00789,0.00434,-0.00125,-5.00,0.00,0.00,3.7,125.56,633.43,298.72,DESCEND
0.8299,-0.3785,0.0888,0.1087,0.01389,0.01434,0.00774,-5.00,0.00,0.00,3.8,125.56,633.43,298.66,DESCEND
0.8400,0.0514,0.0488,-0.0512,-0.00710,-0.01065,0.00374,-5.00,0.00,0.00,3.8,125.56,633.43,298.62,DESCEND
0.8502,0.1514,-0.2011,0.2587,0.01189,0.00634,0.00374,-5.00,0.00,0.00,3.9,125.56,633.44,298.56,DESCEND
0.8603,-0.0185,-0.0111,0.4187,0.00989,0.01434,0.00174,-5.00,0.00,0.00,4.0,125.56,633.44,298.50,DESCEND
0.8704,0.2714,-0.2411,0.0187,0.02689,0.01534,-0.00125,-5.00,0.00,0.00,4.0,125.56,633.44,298.46,DESCEND
0.8805,-0.0785,-0.0611,0.0487,-0.00010,0.00134,0.00374,-5.00,0.00,0.00,4.1,125.56,633.44,298.40,DESCEND
0.8906,-0.1585,-0.0511,0.2987,0.00889,0.01034,0.00774,-5.00,0.00,0.00,4.1,125.56,633.44,298.36,DESCEND
0.9007,0.0414,0.0888,-0.2712,-0.00510,-0.00865,0.00374,-5.00,0.00,0.00,4.2,125.56,633.45,298.30,DESCEND
0.9108,0.1314,-0.1011,0.2787,0.01589,0.01134,0.00174,-5.00,0.00,0.00,4.2,125.56,633.45,298.26,DESCEND
0.9209,0.1014,-0.2511,0.0087,0.00889,-0.00065,0.00374,-5.00,0.00,0.00,4.3,125.56,633.45,298.20,DESCEND
0.9311,0.2914,0.1388,-0.1812,0.01389,-0.00065,0.00474,-5.00,0.00,0.00,4.3,125.56,633.45,298.16,DESCEND
0.9412,0.2714,0.0388,0.1487,0.01589,-0.00165,0.00374,-5.00,0.00,0.00,4.4,125.56,633.45,298.10,DESCEND
0.9513,0.0714,-0.0611,-0.2112,0.01989,0.00534,0.00274,-5.00,0.00,0.00,4.4,125.56,633.45,298.06,DESCEND
0.9614,0.2214,-0.0911,-0.0512,0.01189,-0.00165,-0.00025,-5.00,0.00,0.00,4.5,125.56,633.46,298.00,DESCEND
0.9716,-0.1885,0.0888,-0.2512,0.00489,0.00034,0.00474,-5.00,0.00,0.00,4.5,125.56,633.46,297.96,DESCEND
0.9817,-0.0985,0.1088,-0.1512,-0.00010,-0.00065,0.00474,-5.00,0.00,0.00,4.6,125.56,633.46,297.90,DESCEND
0.9918,0.0014,-0.0111,-0.1912,0.01289,0.00334,0.00274,-5.00,0.00,0.00,4.6,125.56,633.46,297.86,DESCEND
1.0019,-0.0485,-0.2111,0.0187,0.00689,0.00434,0.00474,-5.00,0.00,0.00,4.7,125.56,633.46,297.80,DESCEND
1.0121,0.0714,-0.3411,0.2587,0.00289,0.00634,0.00274,-5.00,0.00,0.00,4.7,125.56,633.47,297.74,DESCEND
1.0222,-0.0285,0.0388,0.0687,-0.00010,-0.00265,0.00674,-5.00,0.00,0.00,4.8,125.56,633.47,297.70,DESCEND
1.0323,-0.1385,0.1488,-0.0612,-0.01210,-0.00965,0.00674,-5.00,0.00,0.00,4.8,125.56,633.47,297.64,DESCEND
1.0424,0.1014,-0.1111,-0.0412,-0.00410,-0.01565,0.00974,-5.00,0.00,0.00,4.9,125.56,633.47,297.60,DESCEND
1.0525,-0.1585,0.1588,0.2487,0.00389,0.00934,0.00374,-5.00,0.00,0.00,4.9,125.56,633.47,297.54,DESCEND
1.0626,0.0814,-0.1311,-0.0712,0.00289,0.00034,0.00474,-5.00,0.00,0.00,5.0,125.56,633.47,297.50,DESCEND
1.0727,0.0914,0.2588,-0.6112,0.00189,-0.01565,0.00774,-5.00,0.00,0.00,5.0,125.56,633.48,297.44,DESCEND
1.0828,-0.2485,-0.0411,0.0987,-0.00610,0.01134,0.00374,-5.00,0.00,0.00,5.1,125.56,633.48,297.40,DESCEND
1.0930,0.0314,-0.1211,-0.1612,0.00289,-0.00265,0.00874,-5.00,0.00,0.00,5.1,125.56,633.48,297.34,DESCEND
1.1031,0.1814,-0.2611,0.1887,0.02489,0.01234,0.00574,-5.00,0.00,0.00,5.2,125.56,633.48,297.30,DESCEND
1.1132,0.0314,-0.1611,-0.0312,-0.00610,-0.01365,0.00274,-5.00,0.00,0.00,5.2,125.56,633.48,297.24,DESCEND
1.1234,0.2314,-0.2911,-0.0112,0.02889,-0.00065,-0.00125,-5.00,0.00,0.00,5.3,125.56,633.49,297.20,DESCEND
1.1335,0.0314,-0.0911,-0.1412,0.00589,-0.00265,0.00274,-5.00,0.00,0.00,5.3,125.56,633.49,297.14,DESCEND
1.1436,0.0114,-0.0711,0.0787,0.00589,-0.00365,0.00774,-5.00,0.00,0.00,5.4,125.56,633.49,297.10,DESCEND
1.1537,-0.1085,-0.1211,0.0387,0.00689,0.00434,0.00874,-5.00,0.00,0.00,5.4,125.56,633.49,297.04,DESCEND
1.1638,0.0714,0.0188,-0.1512,0.00189,-0.01265,0.00574,-5.00,0.00,0.00,5.5,125.56,633.49,297.00,DESCEND
1.1739,-0.1085,-0.2511,0.1187,0.00789,0.01334,0.00574,-5.00,0.00,0.00,5.5,125.56,633.50,296.94,DESCEND
1.1841,0.0814,-0.2311,-0.0312,0.01689,0.01034,-0.00025,-5.00,0.00,0.00,5.6,125.56,633.50,296.90,DESCEND
1.1942,0.2214,-0.2111,0.0887,0.00789,-0.00165,0.00474,-5.00,0.00,0.00,5.6,125.56,633.50,296.84,DESCEND
1.2043,0.0814,-0.0211,0.1287,0.01989,0.00934,0.00374,-5.00,0.00,0.00,5.7,125.56,633.50,296.78,DESCEND
1.2144,-0.1085,0.1788,-0.2612,0.00889,0.00134,0.01174,-5.00,0.00,0.00,5.7,125.56,633.50,296.74,DESCEND
1.2245,0.0414,-0.0911,-0.1412,0.00889,0.00434,0.00174,-5.00,0.00,0.00,5.8,125.56,633.51,296.68,DESCEND
1.2346,0.0914,-0.4411,0.3587,-0.00010,0.00234,0.00374,-5.00,0.00,0.00,5.8,125.56,633.51,296.64,DESCEND
1.2448,0.0214,0.1288,0.2987,-0.00310,-0.00665,0.00774,-5.00,0.00,0.00,5.9,125.56,633.51,296.58,DESCEND
1.2548,0.3114,-0.1711,-0.0512,0.03589,0.00334,0.00074,-5.00,0.00,0.00,5.9,125.56,633.51,296.54,DESCEND
1.2650,0.0214,-0.0711,0.0187,0.02489,0.01734,0.00374,-5.00,0.00,0.00,6.0,125.56,633.51,296.48,DESCEND
1.2751,0.1114,0.1488,-0.3012,-0.00510,-0.01065,0.00474,-5.00,0.00,0.00,6.0,125.56,633.51,296.44,DESCEND
1.2852,0.2114,-0.1211,-0.0012,0.03389,0.00934,0.00474,-5.00,0.00,0.00,6.1,125.56,633.52,296.38,DESCEND
1.2954,0.0514,-0.0111,0.0487,-0.00910,-0.01365,-0.00025,-5.00,0.00,0.00,6.1,125.56,633.52,296.34,DESCEND
1.3055,-0.0585,0.0388,-0.2512,-0.00810,-0.00665,0.00574,-5.00,0.00,0.00,6.2,125.56,633.52,296.28,DESCEND
1.3156,0.1714,0.0888,-0.1212,0.00989,-0.00665,0.00674,-5.00,0.00,0.00,6.2,125.56,633.52,296.24,DESCEND
1.3257,-0.0185,-0.1111,0.2287,0.00589,0.00234,0.00574,-5.00,0.00,0.00,6.3,125.56,633.52,296.18,DESCEND
1.3358,0.0014,-0.1511,-0.0712,0.00289,-0.00265,0.00274,-5.00,0.00,0.00,6.3,125.56,633.53,296.14,DESCEND
1.3460,0.0214,0.1688,-0.0212,0.01089,0.00334,0.00674,-5.00,0.00,0.00,6.4,125.56,633.53,296.08,DESCEND
1.3561,0.1914,0.3488,-0.3712,0.01589,0.00334,0.00774,-5.00,0.00,0.00,6.4,125.56,633.53,296.04,DESCEND
1.3662,-0.0485,-0.5511,0.1587,0.01389,0.00534,0.00274,-5.00,0.00,0.00,6.5,125.56,633.53,295.98,DESCEND
1.3763,0.1014,-0.0511,-0.0212,0.00689,-0.00065,0.00674,-5.00,0.00,0.00,6.5,125.57,633.53,295.92,DESCEND
1.3864,0.1514,0.0488,-0.1812,0.01689,-0.00565,0.00074,-5.00,0.00,0.00,6.6,125.57,633.53,295.88,DESCEND
1.3966,0.0114,0.0388,0.0287,0.00489,0.00434,0.00374,-5.00,0.00,0.00,6.6,125.57,633.54,295.82,DESCEND
1.4067,0.0414,-0.3311,0.3287,-0.00010,-0.00665,0.00274,-5.00,0.00,0.00,6.7,125.57,633.54,295.78,DESCEND
1.4168,0.1114,0.1588,0.0687,0.01689,0.00334,0.00774,-5.00,0.00,0.00,6.7,125.57,633.54,295.72,DESCEND
1.4269,0.2414,-0.2411,0.1087,0.02989,0.00734,0.00074,-5.00,0.00,0.00,6.8,125.57,633.54,295.68,DESCEND
1.4370,0.1214,-0.1611,0.1887,0.02189,0.00334,0.00474,-5.00,0.00,0.00,6.8,125.57,633.54,295.62,DESCEND
1.4472,0.0414,0.0588,-0.1112,0.00989,-0.00465,0.01274,-5.00,0.00,0.00,6.9,125.57,633.55,295.58,DESCEND
1.4573,0.2214,-0.5011,0.2987,0.00989,0.00434,0.00274,-5.00,0.00,0.00,6.9,125.57,633.55,295.52,DESCEND
1.4674,-0.1485,0.3988,-0.3112,-0.00610,-0.00765,0.00874,-5.00,0.00,0.00,7.0,125.57,633.55,295.50,DESCEND
1.4775,0.2014,-0.1611,0.3087,0.00589,-0.00365,0.00374,-5.00,0.00,0.00,7.0,125.57,633.55,295.42,DESCEND
1.4877,0.2514,0.0188,0.0687,0.02289,0.00934,0.00474,-5.00,0.00,0.00,7.1,125.57,633.55,295.38,DESCEND
1.4978,0.1014,-0.0511,-0.1212,0.00589,-0.01165,0.00574,-5.00,0.00,0.00,7.1,125.57,633.56,295.32,DESCEND
1.5079,0.0314,-0.1511,-0.3512,0.00689,-0.00465,0.00174,-5.00,0.00,0.00,7.2,125.57,633.56,295.28,DESCEND
1.5180,0.1214,-0.3311,0.2887,0.01989,0.00034,0.00474,-5.00,0.00,0.00,7.2,125.57,633.56,295.22,DESCEND
1.5281,0.1514,-0.1111,0.0187,0.00489,-0.00565,0.00874,-5.00,0.00,0.00,7.3,125.57,633.56,295.18,DESCEND
1.5383,0.1314,-0.0411,0.0587,0.01889,-0.00465,0.00574,-5.00,0.00,0.00,7.3,125.57,633.56,295.12,DESCEND
1.5484,-0.0485,-0.1711,0.3987,0.01189,0.00434,0.00674,-5.00,0.00,0.00,7.4,125.57,633.57,295.06,DESCEND
1.5585,0.0814,-0.2311,-0.0112,0.00589,-0.00465,0.00674,-5.00,0.00,0.00,7.4,125.57,633.57,295.02,DESCEND
1.5686,0.1014,-0.0711,-0.3212,0.00389,-0.00465,0.00274,-5.00,0.00,0.00,7.5,125.57,633.57,294.96,DESCEND
1.5788,-0.1085,0.1888,-0.1412,-0.00010,0.00134,0.00974,-5.00,0.00,0.00,7.5,125.57,633.57,294.92,DESCEND
1.5888,0.1914,-0.2911,0.0687,0.01489,0.00134,0.00474,-5.00,0.00,0.00,7.6,125.57,633.57,294.86,DESCEND
1.5990,0.1514,-0.0411,-0.3412,0.01489,-0.00165,0.00874,-5.00,0.00,0.00,7.6,125.57,633.57,294.82,DESCEND
1.6091,0.0214,0.0488,-0.1812,0.00589,-0.00165,0.00474,-5.00,0.00,0.00,7.7,125.57,633.58,294.76,DESCEND
1.6192,-0.0285,-0.2111,0.1887,0.00589,0.00234,0.00374,-5.00,0.00,0.00,7.7,125.57,633.58,294.72,DESCEND
1.6293,0.1014,-0.2211,0.1287,0.00289,-0.00165,0.00674,-5.00,0.00,0.00,7.8,125.57,633.58,294.66,DESCEND
1.6394,0.1514,0.1288,-0.0612,0.00989,-0.00165,0.00374,-5.00,0.00,0.00,7.8,125.57,633.58,294.62,DESCEND
1.6496,0.1214,0.1788,-0.2112,0.00289,-0.00265,0.00874,-5.00,0.00,0.00,7.9,125.57,633.58,294.56,DESCEND
1.6597,0.0914,0.1688,-0.2412,0.00789,-0.00765,0.00674,-5.00,0.00,0.00,7.9,125.57,633.58,294.52,DESCEND
1.6698,0.0214,0.4888,-0.0412,-0.00910,-0.01465,0.00574,-5.00,0.00,0.00,8.0,125.57,633.59,294.46,DESCEND
1.6799,0.0114,-0.2311,0.3987,-0.00610,-0.00265,0.00774,-5.00,0.00,0.00,8.0,125.57,633.59,294.42,DESCEND
1.6901,0.1314,-0.2711,-0.0112,-0.00210,-0.00965,0.00474,-5.00,0.00,0.00,8.1,125.57,633.59,294.36,DESCEND
1.7003,0.0814,-0.2011,0.0787,0.02489,0.00934,0.00474,-5.00,0.00,0.00,8.2,125.57,633.59,294.30,DESCEND
1.7104,-0.0885,0.0688,0.0887,0.01389,0.00734,0.00974,-5.00,0.00,0.00,8.2,125.57,633.59,294.26,DESCEND
1.7205,0.0714,-0.2111,0.1387,0.03089,0.01634,0.00674,-5.00,0.00,0.00,8.3,125.57,633.60,294.20,DESCEND
1.7306,0.2614,-0.1211,0.3287,0.04889,0.01534,0.00574,-5.00,0.00,0.00,8.3,125.57,633.60,294.16,DESCEND
1.7408,-0.1285,-0.1511,0.1287,0.00289,0.00734,0.00674,-5.00,0.00,0.00,8.4,125.57,633.60,294.10,DESCEND
1.7510,0.1914,-0.2211,0.1787,0.03089,0.01034,0.00374,-5.00,0.00,0.00,8.4,125.57,633.60,294.06,DESCEND
1.7611,0.1114,-0.0411,0.0187,0.01989,0.00334,0.00374,-5.00,0.00,0.00,8.5,125.57,633.60,294.00,DESCEND
1.7712,-0.0985,0.1988,-0.2812,0.00489,0.00234,0.00974,-5.00,0.00,0.00,8.5,125.57,633.61,293.96,DESCEND
1.7814,0.0214,-0.1911,0.3687,0.01289,0.01134,0.00474,-5.00,0.00,0.00,8.6,125.57,633.61,293.90,DESCEND
1.7916,0.1014,-0.0411,-0.0712,0.00589,-0.00265,0.00674,-5.00,0.00,0.00,8.6,125.57,633.61,293.86,DESCEND
1.8017,-0.1585,-0.2011,0.2887,-0.00010,0.00034,0.00274,-5.00,0.00,0.00,8.7,125.57,633.61,293.80,DESCEND
1.8118,-0.1585,-0.2711,0.0887,-0.00810,-0.00365,0.00674,-5.00,0.00,0.00,8.7,125.57,633.61,293.76,DESCEND
1.8220,-0.0885,-0.0511,0.2887,-0.00110,0.00634,0.00674,-5.00,0.00,0.00,8.8,125.57,633.62,293.70,DESCEND
1.8321,0.1414,0.1088,-0.0512,0.02589,0.00034,0.00574,-5.00,0.00,0.00,8.8,125.57,633.62,293.66,DESCEND
1.8422,0.0314,-0.0211,0.2387,0.00489,0.00534,0.00574,-5.00,0.00,0.00,8.9,125.57,633.62,293.60,DESCEND
1.8523,0.0614,-0.1711,0.1087,0.02489,0.00834,0.00674,-5.00,0.00,0.00,8.9,125.57,633.62,293.54,DESCEND
1.8625,0.2114,-0.1611,0.0687,0.03389,0.00934,0.00474,-5.00,0.00,0.00,9.0,125.57,633.62,293.50,DESCEND
1.8726,0.1414,0.0088,0.0887,0.01989,0.00734,0.00874,-5.00,0.00,0.00,9.0,125.57,633.62,293.44,DESCEND
1.8827,0.1914,-0.2211,0.1287,0.01889,0.00134,0.00374,-5.00,0.00,0.00,9.1,125.57,633.63,293.40,DESCEND
1.8928,0.0014,0.0588,-0.0312,0.01389,0.01434,0.00874,-5.00,0.00,0.00,9.1,125.57,633.63,293.34,DESCEND
1.9030,0.0614,0.0588,-0.0512,0.01689,-0.00165,0.00574,-5.00,0.00,0.00,9.2,125.57,633.63,293.30,DESCEND
1.9131,-0.0885,0.0088,0.2187,0.01589,0.01534,0.00874,-5.00,0.00,0.00,9.2,125.57,633.63,293.24,DESCEND
1.9232,-0.0185,0.3288,0.0187,0.00389,0.00134,0.00574,-5.00,0.00,0.00,9.3,125.57,633.63,293.20,DESCEND
1.9333,0.2114,-0.0211,0.1087,0.02689,0.00634,0.00774,-5.00,0.00,0.00,9.3,125.57,633.64,293.14,DESCEND
1.9434,0.3014,0.1088,-0.3412,0.02689,0.00434,0.00674,-5.00,0.00,0.00,9.4,125.57,633.64,293.10,DESCEND
1.9535,0.1914,0.1888,-0.0312,0.01589,0.00134,0.00574,-5.00,0.00,0.00,9.4,125.57,633.64,293.04,DESCEND
1.9637,0.0814,0.0588,-0.2412,0.01389,-0.00765,0.00774,-5.00,0.00,0.00,9.5,125.57,633.64,293.00,DESCEND
1.9738,0.0014,-0.0311,0.2387,0.02489,0.01134,0.00574,-5.00,0.00,0.00,9.5,125.57,633.64,292.94,DESCEND
1.9839,-0.1085,-0.0511,-0.0412,0.01889,0.01334,0.00574,-5.00,0.00,0.00,9.6,125.58,633.64,292.90,DESCEND
1.9940,0.2114,-0.4311,0.1287,0.01289,-0.00265,0.00274,-5.00,0.00,0.00,9.6,125.58,633.65,292.84,DESCEND
2.0041,0.2314,-0.1611,-0.0112,0.00789,-0.00965,0.00574,-5.00,0.00,0.00,9.7,125.58,633.65,292.80,DESCEND
2.0142,0.0614,-0.1211,-0.1512,0.01089,-0.00365,0.00674,-5.00,0.00,0.00,9.7,125.58,633.65,292.74,DESCEND
2.0243,0.1014,0.0188,-0.1912,0.00889,-0.00165,0.00674,-5.00,0.00,0.00,9.8,125.58,633.65,292.68,DESCEND
2.0345,0.0314,-0.2811,0.0487,0.01089,0.00634,0.00674,-5.00,0.00,0.00,9.8,125.58,633.65,292.64,DESCEND
2.0446,0.1814,0.0288,-0.0912,0.00489,-0.00065,0.00874,-5.00,0.00,0.00,9.9,125.58,633.66,292.58,DESCEND
2.0547,-0.0085,0.1688,-0.1312,0.02089,0.00834,0.00974,-5.00,0.00,0.00,9.9,125.58,633.66,292.54,DESCEND
2.0648,0.0414,0.0588,0.2087,0.02489,0.00934,0.00774,-5.00,0.00,0.00,10.0,125.58,633.66,292.48,DESCEND
2.0750,0.0614,-0.1611,-0.1112,0.00889,-0.00565,0.00474,-5.00,0.00,0.00,10.0,125.58,633.66,292.44,DESCEND
2.0851,0.1214,-0.1311,-0.1012,0.00189,-0.00265,0.00474,-5.00,0.00,0.00,10.1,125.58,633.66,292.38,DESCEND
2.0953,-0.0285,0.0688,-0.2112,0.01689,0.00834,0.00674,-5.00,0.00,0.00,10.1,125.58,633.67,292.34,DESCEND
2.1054,0.0614,0.4088,-0.2912,0.02189,0.00134,0.00874,-5.00,0.00,0.00,10.2,125.58,633.67,292.28,DESCEND
2.1156,0.2014,0.0788,-0.1012,0.00489,-0.01165,0.00874,-5.00,0.00,0.00,10.2,125.58,633.67,292.24,DESCEND
2.1257,-0.0085,0.2288,-0.2812,0.00589,-0.00465,0.01074,-5.00,0.00,0.00,10.3,125.58,633.67,292.18,DESCEND
2.1358,0.0714,-0.1311,-0.2412,-0.00710,-0.00965,0.00674,-5.00,0.00,0.00,10.3,125.58,633.67,292.14,DESCEND
2.1459,0.0414,0.1888,-0.4212,0.00189,-0.00665,0.00574,-5.00,0.00,0.00,10.4,125.58,633.68,292.08,DESCEND
2.1560,-0.0585,-0.2011,0.2587,0.02289,0.01034,0.00574,-5.00,0.00,0.00,10.4,125.58,633.68,292.04,DESCEND
2.1661,-0.1085,0.0588,-0.1012,0.00089,0.00134,0.00874,-5.00,0.00,0.00,10.5,125.58,633.68,291.98,DESCEND
2.1762,0.0414,0.1088,-0.2312,0.01789,0.00334,0.00974,-5.00,0.00,0.00,10.5,125.58,633.68,291.92,DESCEND
2.1863,-0.0885,0.1788,-0.3312,0.00989,0.00534,0.00774,-5.00,0.00,0.00,10.6,125.58,633.68,291.88,DESCEND
2.1965,-0.1385,0.0988,0.0287,0.01289,-0.00365,0.00674,-5.00,0.00,0.00,10.6,125.58,633.68,291.82,DESCEND
2.2066,-0.0085,0.0288,0.1487,0.01589,0.00334,0.00974,-5.00,0.00,0.00,10.7,125.58,633.69,291.78,DESCEND
2.2167,0.1014,-0.0711,-0.0512,0.01589,0.00634,0.00774,-5.00,0.00,0.00,10.7,125.58,633.69,291.72,DESCEND
2.2268,0.4014,-0.0811,-0.3912,0.01789,-0.00565,0.00474,-5.00,0.00,0.00,10.8,125.58,633.69,291.68,DESCEND
2.2369,0.0014,0.0288,-0.2112,-0.00110,-0.00565,0.00574,-5.00,0.00,0.00,10.8,125.58,633.69,291.62,DESCEND
2.2471,0.1614,-0.1311,0.2787,0.01289,0.00234,0.00374,-5.00,0.00,0.00,10.9,125.58,633.69,291.58,DESCEND
2.2573,0.0914,-0.3111,0.3487,0.01689,0.01634,0.00574,-5.00,0.00,0.00,10.9,125.58,633.70,291.52,DESCEND
2.2674,0.1114,0.4788,-0.6212,0.01689,-0.00965,0.01274,-5.00,0.00,0.00,11.0,125.58,633.70,291.48,DESCEND
2.2775,0.1114,-0.1711,-0.0612,0.00389,-0.00465,0.00274,-5.00,0.00,0.00,11.0,125.58,633.70,291.42,DESCEND
2.2876,0.1014,0.2888,-0.3412,0.00889,-0.00665,0.00674,-5.00,0.00,0.00,11.1,125.58,633.70,291.38,DESCEND
2.2977,0.1514,-0.0411,0.1387,0.02889,0.00334,0.00974,-5.00,0.00,0.00,11.1,125.58,633.70,291.32,DESCEND
2.3078,0.0914,-0.0211,-0.1112,-0.00710,-0.01165,0.00674,-5.00,0.00,0.00,11.2,125.58,633.70,291.28,DESCEND
2.3180,0.2114,-0.1411,-0.0612,0.03589,0.01634,0.00374,-5.00,0.00,0.00,11.2,125.58,633.71,291.22,DESCEND
2.3281,0.1214,-0.1411,-0.3012,-0.00210,-0.00565,0.00874,-5.00,0.00,0.00,11.3,125.58,633.71,291.18,DESCEND
2.3382,-0.0285,0.0788,-0.3712,0.01089,-0.00465,0.00674,-5.00,0.00,0.00,11.3,125.58,633.71,291.12,DESCEND
2.3483,-0.0985,0.1088,-0.0912,-0.00310,0.00734,0.00674,-5.00,0.00,0.00,11.4,125.58,633.71,291.06,DESCEND
2.3585,-0.0185,0.1988,-0.1612,-0.00410,-0.00265,0.00974,-5.00,0.00,0.00,11.4,125.58,633.71,291.02,DESCEND
2.3686,0.1014,-0.3111,0.2887,0.00689,0.00034,0.01174,-5.00,0.00,0.00,11.5,125.58,633.72,290.96,DESCEND
2.3787,0.2714,-0.3311,0.0687,0.02389,-0.00265,0.00374,-5.00,0.00,0.00,11.5,125.58,633.72,290.92,DESCEND
2.3888,-0.0185,0.1988,-0.1212,0.01489,0.00934,0.00874,-5.00,0.00,0.00,11.6,125.58,633.72,290.86,DESCEND
2.3989,0.0814,0.1888,-0.0912,0.01489,0.00234,0.00874,-5.00,0.00,0.00,11.6,125.58,633.72,290.82,DESCEND
2.4091,-0.0285,0.0288,-0.2812,0.01289,-0.00365,0.00774,-5.00,0.00,0.00,11.7,125.58,633.72,290.76,DESCEND
2.4192,0.1614,0.1788,-0.3712,-0.00010,-0.01265,0.00874,-5.00,0.00,0.00,11.7,125.58,633.73,290.72,DESCEND
2.4293,0.3114,0.1388,-0.2012,0.02489,-0.00065,0.00774,-5.00,0.00,0.00,11.8,125.58,633.73,290.66,DESCEND
2.4394,0.0314,0.2388,-0.1912,0.00689,0.00034,0.00874,-5.00,0.00,0.00,11.8,125.58,633.73,290.62,DESCEND
2.4495,-0.0885,0.1188,-0.4312,-0.00310,-0.01065,0.00574,-5.00,0.00,0.00,11.9,125.58,633.73,290.56,DESCEND
2.4596,0.0814,0.2488,0.1687,0.00789,-0.00065,0.00674,-5.00,0.00,0.00,11.9,125.58,633.73,290.52,DESCEND
2.4697,0.0414,0.0588,-0.1012,0.01889,0.00834,0.00774,-5.00,0.00,0.00,12.0,125.58,633.73,290.46,DESCEND
2.4799,0.0014,-0.0111,0.0087,0.00389,0.00234,0.00874,-5.00,0.00,0.00,12.0,125.58,633.74,290.42,DESCEND
2.4900,0.0914,-0.2111,-0.0712,0.01389,0.00934,0.00474,-5.00,0.00,0.00,12.1,125.58,633.74,290.36,DESCEND
2.5001,0.0714,-0.0011,-0.1212,0.00189,-0.00865,0.00974,-5.00,0.00,0.00,12.1,125.58,633.74,290.32,DESCEND
2.5102,-0.0285,0.0288,-0.1712,0.00789,-0.00565,0.01074,-5.00,0.00,0.00,12.2,125.58,633.74,290.26,DESCEND
2.5203,-0.0185,-0.2111,0.0087,0.01189,0.00734,0.00274,-5.00,0.00,0.00,12.3,125.58,633.74,290.20,DESCEND
2.5305,0.0714,-0.1311,-0.0112,0.01189,-0.00065,0.00674,-5.00,0.00,0.00,12.3,125.58,633.75,290.16,DESCEND
2.5406,0.0014,-0.0911,-0.0212,0.00389,-0.00265,0.00774,-5.00,0.00,0.00,12.4,125.58,633.75,290.10,DESCEND
2.5507,-0.0085,-0.2711,0.1387,0.02489,0.01634,0.00374,-5.00,0.00,0.00,12.4,125.58,633.75,290.06,DESCEND
2.5608,-0.0085,-0.1711,-0.1112,0.00189,-0.01265,0.00774,-5.00,0.00,0.00,12.5,125.58,633.75,290.00,DESCEND
2.5709,0.1014,0.1788,-0.1912,0.00289,-0.00965,0.00674,-5.00,0.00,0.00,12.5,125.58,633.75,289.96,DESCEND
2.5810,0.0114,0.1488,-0.3412,0.01589,0.00034,0.01174,-5.00,0.00,0.00,12.6,125.58,633.76,289.90,DESCEND
2.5911,0.0614,0.3988,-0.3012,0.00389,-0.00765,0.00874,-5.00,0.00,0.00,12.6,125.58,633.76,289.86,DESCEND
2.6013,0.0614,-0.5011,0.1687,0.00889,0.00734,0.00474,-5.00,0.00,0.00,12.7,125.59,633.76,289.80,DESCEND
2.6114,0.2114,-0.0111,-0.2212,0.02389,-0.00165,0.00574,-5.00,0.00,0.00,12.7,125.59,633.76,289.76,DESCEND
2.6215,0.1414,-0.1511,0.0687,0.02589,0.01334,0.00474,-5.00,0.00,0.00,12.8,125.59,633.76,289.70,DESCEND
2.6316,0.2114,-0.2511,0.1287,0.01989,-0.00165,0.00374,-5.00,0.00,0.00,12.8,125.59,633.77,289.64,DESCEND
2.6417,0.1514,0.0988,-0.1212,0.00889,-0.00965,0.00674,-5.00,0.00,0.00,12.9,125.59,633.77,289.60,DESCEND
2.6518,0.2714,0.0488,-0.0812,0.03189,0.00634,0.00874,-5.00,0.00,0.00,12.9,125.59,633.77,289.56,DESCEND
2.6619,0.0214,-0.3511,0.1087,-0.01110,-0.00965,0.00574,-5.00,0.00,0.00,13.0,125.59,633.77,289.50,DESCEND
2.6721,0.2714,-0.4811,0.1787,0.02789,0.00434,0.00474,-5.00,0.00,0.00,13.0,125.59,633.77,289.46,DESCEND
2.6822,0.0814,0.2288,-0.2712,0.01589,0.00234,0.00874,-5.00,0.00,0.00,13.1,125.59,633.77,289.40,DESCEND
2.6923,0.0714,-0.1511,0.0887,0.00189,-0.00665,0.00674,-5.00,0.00,0.00,13.1,125.59,633.78,289.34,DESCEND
2.7024,0.1314,0.2388,0.0587,0.02889,0.01234,0.00774,-5.00,0.00,0.00,13.2,125.59,633.78,289.30,DESCEND
2.7125,0.0714,-0.2211,-0.0012,0.02789,0.01334,0.00374,-5.00,0.00,0.00,13.2,125.59,633.78,289.24,DESCEND
2.7226,-0.1285,0.1088,-0.1512,-0.00410,0.00334,0.00874,-5.00,0.00,0.00,13.3,125.59,633.78,289.20,DESCEND
2.7328,0.3614,0.1388,0.0787,0.02289,-0.00265,0.00874,-5.00,0.00,0.00,13.3,125.59,633.78,289.14,DESCEND
2.7429,0.3114,-0.0711,-0.1712,0.01489,-0.00365,0.00674,-5.00,0.00,0.00,13.4,125.59,633.79,289.10,DESCEND
2.7530,0.4314,0.1988,-0.1612,0.02989,-0.00165,0.00874,-5.00,0.00,0.00,13.4,125.59,633.79,289.04,DESCEND
2.7631,-0.0585,0.0988,-0.1312,-0.00910,-0.00765,0.00774,-5.00,0.00,0.00,13.5,125.59,633.79,289.00,DESCEND
2.7732,-0.0485,-0.1511,0.0487,0.01289,0.00434,0.00674,-5.00,0.00,0.00,13.5,125.59,633.79,288.94,DESCEND
2.7833,0.0514,0.0088,-0.0312,0.00489,0.00534,0.00674,-5.00,0.00,0.00,13.6,125.59,633.79,288.90,DESCEND
2.7934,0.0414,-0.0711,0.1687,0.02089,0.01134,0.00874,-5.00,0.00,0.00,13.6,125.59,633.79,288.84,DESCEND
2.8036,0.1414,0.3188,-0.2712,0.00689,-0.01665,0.01274,-5.00,0.00,0.00,13.7,125.59,633.80,288.80,DESCEND
2.8137,-0.0585,0.0088,-0.0212,0.01289,0.00234,0.00774,-5.00,0.00,0.00,13.7,125.59,633.80,288.74,DESCEND
2.8239,0.1314,0.1988,-0.4012,0.01089,-0.00365,0.00774,-5.00,0.00,0.00,13.8,125.59,633.80,288.70,DESCEND
2.8340,0.1314,0.0888,-0.1312,0.02089,0.00934,0.00674,-5.00,0.00,0.00,13.8,125.59,633.80,288.64,DESCEND
2.8441,0.3214,0.0388,0.0287,0.01989,-0.00465,0.00774,-5.00,0.00,0.00,13.9,125.59,633.80,288.60,DESCEND
2.8542,0.0414,0.1288,0.2187,0.01589,0.00834,0.00774,-5.00,0.00,0.00,13.9,125.59,633.81,288.54,DESCEND
2.8643,0.1414,-0.0011,-0.3212,0.00989,-0.00465,0.00674,-5.00,0.00,0.00,14.0,125.59,633.81,288.50,DESCEND
2.8744,0.1214,0.2488,-0.1812,0.01689,-0.00665,0.00974,-5.00,0.00,0.00,14.0,125.59,633.81,288.45,DESCEND
2.8845,-0.0585,0.1188,-0.0212,0.00189,-0.00065,0.01274,-5.00,0.00,0.00,14.1,125.59,633.81,288.39,DESCEND
2.8946,0.0214,-0.1711,0.2887,0.01989,0.01134,0.00774,-5.00,0.00,0.00,14.1,125.59,633.81,288.35,DESCEND
2.9048,0.0014,-0.2011,0.0687,0.02189,0.00534,0.00374,-5.00,0.00,0.00,14.2,125.59,633.82,288.29,DESCEND
2.9149,-0.1385,0.1588,-0.5812,0.00089,-0.00665,0.01174,-5.00,0.00,0.00,14.2,125.59,633.82,288.25,DESCEND
2.9250,0.0314,-0.0111,0.1087,0.03489,0.01234,0.00774,-5.00,0.00,0.00,14.3,125.59,633.82,288.19,DESCEND
2.9351,-0.0285,0.0188,0.2387,0.01389,0.00234,0.01174,-5.00,0.00,0.00,14.3,125.59,633.82,288.15,DESCEND
2.9452,0.0914,0.1488,0.3187,0.00189,0.00734,0.00774,-5.00,0.00,0.00,14.4,125.59,633.82,288.09,DESCEND
2.9553,-0.1185,0.2988,-0.4512,0.00189,-0.00365,0.01074,-5.00,0.00,0.00,14.4,125.59,633.82,288.05,DESCEND
2.9654,0.0914,0.0988,-0.4912,-0.01210,-0.01865,0.00874,-5.00,0.00,0.00,14.5,125.59,633.83,287.99,DESCEND
2.9755,0.0714,0.2788,-0.1412,0.01089,0.00234,0.01274,-5.00,0.00,0.00,14.5,125.59,633.83,287.95,DESCEND
2.9856,0.1114,-0.0511,0.0887,0.02189,0.00034,0.00774,-5.00,0.00,0.00,14.6,125.59,633.83,287.89,DESCEND
2.9958,0.1314,0.1288,-0.3912,0.01089,-0.01365,0.00974,-5.00,0.00,0.00,14.6,125.59,633.83,287.85,DESCEND
3.0059,-0.0385,0.0388,0.2487,0.02089,0.00234,0.01174,-5.00,0.00,0.00,14.7,125.59,633.83,287.79,DESCEND
3.0160,-0.1285,-0.0311,0.1787,-0.00310,0.00134,0.00874,-5.00,0.00,0.00,14.7,125.59,633.84,287.75,DESCEND
3.0261,0.1614,0.1288,-0.0312,0.01189,-0.00665,0.00874,-5.00,0.00,0.00,14.8,125.59,633.84,287.69,DESCEND
3.0362,0.1914,-0.5811,0.2787,0.02289,0.00634,0.00274,-5.00,0.00,0.00,14.8,125.59,633.84,287.65,DESCEND
3.0463,-0.0185,0.2888,-0.5312,-0.00010,-0.01265,0.01274,-5.00,0.00,0.00,14.9,125.59,633.84,287.59,DESCEND
3.0565,0.0014,0.1188,0.2587,0.00289,-0.00665,0.00974,-5.00,0.00,0.00,14.9,125.59,633.84,287.53,DESCEND
3.0666,0.0514,0.0588,0.1687,0.00789,0.00034,0.01174,-5.00,0.00,0.00,15.0,125.59,633.85,287.49,DESCEND
3.0767,0.0314,0.1988,-0.2112,-0.00010,-0.00965,0.01074,-5.00,0.00,0.00,15.0,125.59,633.85,287.43,DESCEND
3.0868,-0.0085,-0.1211,-0.0512,0.00989,0.00934,0.00974,-5.00,0.00,0.00,15.1,125.59,633.85,287.39,DESCEND
3.0970,0.1514,0.2388,-0.2312,0.01789,0.00534,0.00774,-5.00,0.00,0.00,15.1,125.59,633.85,287.33,DESCEND
3.1071,-0.0185,0.0088,-0.1512,0.00589,0.00034,0.00974,-5.00,0.00,0.00,15.2,125.59,633.85,287.29,DESCEND
3.1172,0.2914,-0.0111,-0.3812,0.02289,0.00134,0.00874,-5.00,0.00,0.00,15.2,125.59,633.85,287.23,DESCEND
3.1273,-0.0085,0.2788,-0.3012,0.01289,0.00434,0.01074,-5.00,0.00,0.00,15.3,125.59,633.86,287.19,DESCEND
3.1375,0.1414,-0.0411,-0.1512,0.02089,0.00834,0.00574,-5.00,0.00,0.00,15.3,125.59,633.86,287.13,DESCEND
3.1476,0.0014,-0.0411,0.2287,0.01589,0.00834,0.00874,-5.00,0.00,0.00,15.4,125.59,633.86,287.09,DESCEND
3.1577,0.2214,0.0588,-0.1712,0.00489,-0.01165,0.00974,-5.00,0.00,0.00,15.4,125.59,633.86,287.03,DESCEND
3.1679,0.2114,-0.0211,0.0987,0.01289,0.00134,0.00874,-5.00,0.00,0.00,15.5,125.59,633.86,286.99,DESCEND
3.1780,0.0314,0.2688,-0.3712,-0.00110,-0.00865,0.01074,-5.00,0.00,0.00,15.5,125.59,633.87,286.93,DESCEND
3.1881,0.0314,0.0688,-0.2412,0.00789,-0.00565,0.01074,-5.00,0.00,0.00,15.6,125.59,633.87,286.89,DESCEND
3.1982,-0.0385,0.2188,-0.0512,-0.00310,-0.00765,0.01274,-5.00,0.00,0.00,15.6,125.59,633.87,286.83,DESCEND
3.2083,0.4114,-0.2311,0.1987,0.03689,0.01134,0.00474,-5.00,0.00,0.00,15.7,125.59,633.87,286.77,DESCEND
3.2185,0.0814,0.0088,-0.0012,0.02489,0.01434,0.00674,-5.00,0.00,0.00,15.7,125.59,633.87,286.73,DESCEND
3.2286,0.0714,-0.2311,0.3787,0.00589,0.00334,0.00774,-5.00,0.00,0.00,15.8,125.60,633.88,286.67,DESCEND
3.2388,0.1714,0.1488,0.0187,0.01789,0.00634,0.00874,-5.00,0.00,0.00,15.8,125.60,633.88,286.63,DESCEND
3.2489,0.1614,-0.0911,0.0587,0.00789,0.00034,0.00874,-5.00,0.00,0.00,15.9,125.60,633.88,286.57,DESCEND
3.2590,0.1814,-0.1611,-0.1012,0.00789,-0.00065,0.00674,-5.00,0.00,0.00,15.9,125.60,633.88,286.53,DESCEND
3.2691,0.0414,0.0388,0.1187,0.01289,0.00434,0.00774,-5.00,0.00,0.00,16.0,125.60,633.88,286.47,DESCEND
3.2792,0.1814,0.0788,-0.0612,0.01789,0.00234,0.01074,-5.00,0.00,0.00,16.0,125.60,633.88,286.43,DESCEND
3.2893,-0.0985,0.0688,0.1387,0.00489,0.01234,0.00774,-5.00,0.00,0.00,16.1,125.60,633.89,286.37,DESCEND
3.2995,-0.0285,0.1588,-0.3312,0.00489,0.00234,0.01374,-5.00,0.00,0.00,16.1,125.60,633.89,286.33,DESCEND
3.3096,-0.0185,0.3588,-0.3012,0.00889,-0.00465,0.01174,-5.00,0.00,0.00,16.2,125.60,633.89,286.27,DESCEND
3.3197,-0.0185,0.2888,-0.0512,0.02089,0.01034,0.01074,-5.00,0.00,0.00,16.2,125.60,633.89,286.23,DESCEND
3.3298,0.0214,0.3388,-0.0012,0.01289,0.00334,0.01074,-5.00,0.00,0.00,16.3,125.60,633.89,286.17,DESCEND
3.3399,0.1114,0.0788,0.0187,0.02489,0.01634,0.01374,-5.00,0.00,0.00,16.3,125.60,633.90,286.13,DESCEND
3.3501,0.2914,-0.0111,-0.1412,0.01589,0.00034,0.00874,-5.00,0.00,0.00,16.4,125.60,633.90,286.07,DESCEND
3.3602,-0.0285,0.1988,-0.3212,0.00789,-0.00565,0.01074,-5.00,0.00,0.00,16.4,125.60,633.90,286.03,DESCEND
3.3703,0.0814,0.0588,-0.3712,0.00389,-0.00865,0.01074,-5.00,0.00,0.00,16.5,125.60,633.90,285.97,DESCEND
3.3804,-0.0185,0.0188,-0.0212,0.01889,0.00334,0.00774,-5.00,0.00,0.00,16.5,125.60,633.90,285.93,DESCEND
3.3905,0.0514,0.1888,0.0987,0.00689,-0.00365,0.01074,-5.00,0.00,0.00,16.6,125.60,633.90,285.87,DESCEND
3.4006,0.0714,0.2388,-0.3612,0.00489,-0.01065,0.01274,-5.00,0.00,0.00,16.7,125.60,633.91,285.81,DESCEND
3.4107,-0.0185,-0.0811,-0.0512,-0.00210,0.00534,0.00974,-5.00,0.00,0.00,16.7,125.60,633.91,285.77,DESCEND
3.4208,0.2514,0.3288,-0.0912,0.03389,0.00634,0.01074,-5.00,0.00,0.00,16.8,125.60,633.91,285.71,DESCEND
3.4309,0.0114,-0.1411,0.0887,0.00189,0.00034,0.00674,-5.00,0.00,0.00,16.8,125.60,633.91,285.67,DESCEND
3.4410,0.1114,-0.3011,0.1087,0.02389,0.00934,0.00674,-5.00,0.00,0.00,16.9,125.60,633.91,285.61,DESCEND
3.4511,0.1114,0.0188,0.0287,0.00889,-0.00365,0.01174,-5.00,0.00,0.00,16.9,125.60,633.92,285.57,DESCEND
3.4613,0.1514,0.0988,-0.0012,0.01989,0.00234,0.00874,-5.00,0.00,0.00,17.0,125.60,633.92,285.51,DESCEND
3.4714,0.0814,-0.3011,0.0687,0.01089,0.01034,0.00774,-5.00,0.00,0.00,17.0,125.60,633.92,285.47,DESCEND
3.4815,0.1314,-0.0411,0.0387,0.01389,-0.00065,0.00674,-5.00,0.00,0.00,17.1,125.60,633.92,285.41,DESCEND
3.4916,-0.0585,0.0688,-0.1012,-0.00510,-0.00565,0.00974,-5.00,0.00,0.00,17.1,125.60,633.92,285.37,DESCEND
3.5018,0.1014,-0.0111,0.0087,0.01889,-0.00165,0.00874,-5.00,0.00,0.00,17.2,125.60,633.93,285.31,DESCEND
3.5118,0.0714,0.0788,-0.1912,0.00389,-0.00365,0.00874,-5.00,0.00,0.00,17.2,125.60,633.93,285.27,DESCEND
3.5219,-0.0885,-0.2011,0.3387,-0.00110,0.00834,0.00674,-5.00,0.00,0.00,17.3,125.60,633.93,285.21,DESCEND
3.5321,0.0814,0.1788,-0.0812,0.02689,0.00534,0.00974,-5.00,0.00,0.00,17.3,125.60,633.93,285.17,DESCEND
3.5422,0.0214,0.3388,-0.3412,0.00489,0.00234,0.01074,-5.00,0.00,0.00,17.4,125.60,633.93,285.11,DESCEND
3.5523,0.0114,-0.0811,0.3287,0.01089,0.01134,0.00974,-5.00,0.00,0.00,17.4,125.60,633.93,285.07,DESCEND
3.5624,0.0214,-0.0411,0.0287,0.01189,0.00234,0.00974,-5.00,0.00,0.00,17.5,125.60,633.94,285.01,DESCEND
3.5725,0.1514,-0.0311,0.1287,0.01589,0.00434,0.00574,-5.00,0.00,0.00,17.5,125.60,633.94,284.95,DESCEND
3.5827,0.0814,-0.3011,0.2887,0.00089,0.00634,0.00574,-5.00,0.00,0.00,17.6,125.60,633.94,284.91,DESCEND
3.5928,0.1714,0.1088,-0.1912,0.03189,0.00734,0.00874,-5.00,0.00,0.00,17.6,125.60,633.94,284.85,DESCEND
3.6029,0.1114,0.0788,-0.0512,0.02189,0.00734,0.00574,-5.00,0.00,0.00,17.7,125.60,633.94,284.81,DESCEND
3.6130,0.1914,-0.0011,-0.1812,0.00989,-0.01265,0.00974,-5.00,0.00,0.00,17.7,125.60,633.95,284.75,DESCEND
3.6231,-0.1685,0.2888,-0.1412,-0.00010,-0.00265,0.01074,-5.00,0.00,0.00,17.8,125.60,633.95,284.71,DESCEND
3.6332,0.3214,-0.1411,0.1787,0.02889,0.00234,0.00674,-5.00,0.00,0.00,17.8,125.60,633.95,284.65,DESCEND
3.6434,0.0914,0.2588,-0.0812,0.00089,-0.00665,0.01074,-5.00,0.00,0.00,17.9,125.60,633.95,284.61,DESCEND
3.6535,0.1914,0.1088,-0.1912,0.00389,-0.01565,0.01274,-5.00,0.00,0.00,17.9,125.60,633.95,284.55,DESCEND
3.6636,0.0814,0.1488,-0.4412,0.00389,-0.01065,0.00974,-5.00,0.00,0.00,18.0,125.60,633.96,284.51,DESCEND
3.6737,0.1114,0.0388,0.2087,0.02189,0.00634,0.00874,-5.00,0.00,0.00,18.0,125.60,633.96,284.45,DESCEND
3.6839,-0.0085,0.1388,-0.2712,0.01189,0.00134,0.01274,-5.00,0.00,0.00,18.1,125.60,633.96,284.41,DESCEND
3.6940,0.0514,0.1288,-0.2212,0.01989,-0.00365,0.00974,-5.00,0.00,0.00,18.1,125.60,633.96,284.35,DESCEND
3.7042,-0.0485,0.0288,0.0187,0.02689,0.00434,0.00774,-5.00,0.00,0.00,18.2,125.60,633.96,284.31,DESCEND
3.7143,0.1514,0.0688,-0.0412,0.01789,0.00234,0.00874,-5.00,0.00,0.00,18.2,125.60,633.96,284.25,DESCEND
3.7245,0.3014,0.1388,-0.2212,0.02189,-0.00165,0.00974,-5.00,0.00,0.00,18.3,125.60,633.97,284.19,DESCEND
3.7598,0.4114,-0.3111,0.1687,0.03589,0.01334,0.00474,-5.00,0.00,0.00,18.4,125.60,633.97,284.03,DESCEND
3.7700,0.1014,0.0288,-0.0212,0.00789,-0.00065,0.01174,-5.00,0.00,0.00,18.5,125.60,633.98,283.97,DESCEND
3.7801,0.2614,-0.0311,-0.1412,0.03489,0.00734,0.00974,-5.00,0.00,0.00,18.5,125.60,633.98,283.93,DESCEND
3.7902,0.1814,0.1388,-0.3512,0.02189,-0.00665,0.00874,-5.00,0.00,0.00,18.6,125.60,633.98,283.87,DESCEND
3.8003,0.2914,-0.1611,0.2287,0.02789,0.00434,0.00774,-5.00,0.00,0.00,18.6,125.60,633.98,283.83,DESCEND
3.8105,0.1814,-0.4511,0.2287,0.03689,0.01634,0.00674,-5.00,0.00,0.00,18.7,125.60,633.98,283.77,DESCEND
3.8206,0.1714,-0.2011,-0.0912,0.02389,-0.00165,0.00774,-5.00,0.00,0.00,18.8,125.60,633.98,283.71,DESCEND
3.8307,0.0814,0.2888,-0.4612,0.01989,0.00234,0.01174,-5.00,0.00,0.00,18.8,125.60,633.99,283.67,DESCEND
3.8408,0.1014,0.0188,-0.0912,0.00889,-0.00465,0.00674,-5.00,0.00,0.00,18.9,125.60,633.99,283.61,DESCEND
3.8509,0.0714,0.1288,-0.1812,0.02089,0.00934,0.00874,-5.00,0.00,0.00,18.9,125.60,633.99,283.57,DESCEND
3.8610,0.0814,0.1688,-0.0112,0.01389,-0.00065,0.00874,-5.00,0.00,0.00,19.0,125.61,633.99,283.51,DESCEND
3.8711,-0.0885,0.1388,-0.0812,-0.00410,0.00234,0.00974,-5.00,0.00,0.00,19.0,125.61,633.99,283.47,DESCEND
3.8813,-0.0585,0.1888,-0.0712,-0.00310,-0.00165,0.00974,-5.00,0.00,0.00,19.1,125.61,634.00,283.41,DESCEND
3.8914,0.1314,0.0388,0.0187,0.00689,0.00134,0.01174,-5.00,0.00,0.00,19.1,125.61,634.00,283.37,DESCEND
3.9014,0.1614,0.1088,-0.2312,0.00989,0.00334,0.00974,-5.00,0.00,0.00,19.2,125.61,634.00,283.31,DESCEND
3.9116,0.2314,0.3688,-0.4512,0.03089,-0.00165,0.01374,-5.00,0.00,0.00,19.2,125.61,634.00,283.27,DESCEND
3.9217,-0.0785,-0.0211,0.2787,-0.00310,0.00234,0.01074,-5.00,0.00,0.00,19.3,125.61,634.00,283.21,DESCEND
3.9319,-0.0385,-0.0211,0.0987,-0.00010,0.00334,0.00674,-5.00,0.00,0.00,19.3,125.61,634.00,283.17,DESCEND
3.9420,0.1814,-0.0911,-0.1212,0.02489,0.00234,0.01074,-5.00,0.00,0.00,19.4,125.61,634.01,283.11,DESCEND
3.9521,-0.0385,0.1888,-0.3012,-0.00110,-0.00465,0.00774,-5.00,0.00,0.00,19.4,125.61,634.01,283.07,DESCEND
3.9622,0.0814,0.0088,-0.2112,0.01189,0.00134,0.00874,-5.00,0.00,0.00,19.5,125.61,634.01,283.01,DESCEND
3.9724,0.0514,-0.1411,-0.0012,0.00489,0.00234,0.00774,-5.00,0.00,0.00,19.5,125.61,634.01,282.97,DESCEND
3.9825,0.2414,0.2588,-0.2412,0.02089,-0.00765,0.01174,-5.00,0.00,0.00,19.6,125.61,634.01,282.91,DESCEND
3.9926,0.0114,-0.0311,-0.0312,0.00289,0.00134,0.01374,-5.00,0.00,0.00,19.6,125.61,634.02,282.85,DESCEND
4.0027,0.1314,0.1888,-0.0312,0.00589,-0.00265,0.01174,-5.00,0.00,0.00,19.7,125.61,634.02,282.81,DESCEND
4.0128,0.0014,-0.1811,0.1887,0.01089,0.01234,0.01074,-5.00,0.00,0.00,19.7,125.61,634.02,282.75,DESCEND
4.0229,0.1114,-0.0511,0.3387,0.00889,0.01034,0.01074,-5.00,0.00,0.00,19.8,125.61,634.02,282.71,DESCEND
4.0331,0.2014,-0.1811,0.2287,0.01489,0.00434,0.00774,-5.00,0.00,0.00,19.8,125.61,634.02,282.65,DESCEND
4.0432,0.2614,-0.1111,-0.0612,0.01889,-0.00665,0.00774,-5.00,0.00,0.00,19.9,125.61,634.03,282.61,DESCEND
4.0533,0.1114,-0.3911,0.2087,0.02789,0.01534,0.00974,-5.00,0.00,0.00,19.9,125.61,634.03,282.55,DESCEND
4.0634,-0.0585,0.3188,-0.2112,0.02289,0.01334,0.01074,-5.00,0.00,0.00,20.0,125.61,634.03,282.51,DESCEND
4.0736,0.0114,-0.0911,-0.0412,0.00189,0.00034,0.00674,-5.00,0.00,0.00,20.0,125.61,634.03,282.45,DESCEND
4.0837,0.2014,-0.0611,-0.3412,0.02989,0.00034,0.00874,-5.00,0.00,0.00,20.1,125.61,634.03,282.41,DESCEND
4.0938,0.1314,0.0988,-0.0312,0.00989,-0.00465,0.00974,-5.00,0.00,0.00,20.1,125.61,634.04,282.35,DESCEND
4.1039,0.1214,0.0288,-0.0812,0.00189,-0.00265,0.00774,-5.00,0.00,0.00,20.2,125.61,634.04,282.31,DESCEND
4.1140,0.2114,0.0888,0.0887,0.01689,0.00734,0.01274,-5.00,0.00,0.00,20.2,125.61,634.04,282.25,DESCEND
4.1241,0.0014,0.0088,-0.2212,0.01289,0.00534,0.00974,-5.00,0.00,0.00,20.3,125.61,634.04,282.21,DESCEND
4.1342,0.2314,0.0888,-0.1412,0.00789,-0.00965,0.01274,-5.00,0.00,0.00,20.3,125.61,634.04,282.15,DESCEND
4.1443,0.0514,0.0488,-0.1612,0.02589,0.00834,0.00974,-5.00,0.00,0.00,20.4,125.61,634.04,282.11,DESCEND
4.1545,0.1814,0.1488,-0.1612,0.00889,0.00134,0.01174,-5.00,0.00,0.00,20.4,125.61,634.05,282.05,DESCEND
4.1646,0.2214,-0.0611,0.0587,0.02589,0.00934,0.00674,-5.00,0.00,0.00,20.5,125.61,634.05,281.99,DESCEND
4.1747,0.3814,0.0788,0.2187,0.02989,0.00234,0.01074,-5.00,0.00,0.00,20.5,125.61,634.05,281.95,DESCEND
4.1848,0.0314,0.0588,-0.0512,0.00789,0.00234,0.01074,-5.00,0.00,0.00,20.6,125.61,634.05,281.89,DESCEND
4.1949,0.3114,-0.1911,0.0287,0.02289,0.00734,0.00774,-5.00,0.00,0.00,20.6,125.61,634.05,281.85,DESCEND
4.2051,0.2414,-0.0611,-0.0412,0.02389,0.00234,0.00974,-5.00,0.00,0.00,20.7,125.61,634.06,281.79,DESCEND
4.2152,0.0314,0.2288,-0.0012,0.00989,-0.00065,0.00774,-5.00,0.00,0.00,20.7,125.61,634.06,281.75,DESCEND
4.2253,0.0414,-0.0211,-0.0612,0.00189,-0.00365,0.00574,-5.00,0.00,0.00,20.8,125.61,634.06,281.69,DESCEND
4.2354,0.0014,0.3488,-0.4312,-0.00010,-0.00465,0.01574,-5.00,0.00,0.00,20.8,125.61,634.06,281.65,DESCEND
4.2455,0.1314,0.4488,-0.3312,0.01989,0.00634,0.01174,-5.00,0.00,0.00,20.9,125.61,634.06,281.59,DESCEND
4.2557,0.0014,0.2388,-0.2912,0.00989,0.00534,0.01374,-5.00,0.00,0.00,20.9,125.61,634.06,281.55,DESCEND
4.2658,0.1414,-0.3011,0.3087,0.03189,0.02034,0.00874,-5.00,0.00,0.00,21.0,125.61,634.07,281.49,DESCEND
4.2760,0.2014,-0.1011,-0.2212,0.03089,0.00434,0.00674,-5.00,0.00,0.00,21.0,125.61,634.07,281.45,DESCEND
4.2861,0.1114,0.1088,-0.2112,0.01089,-0.00265,0.01274,-5.00,0.00,0.00,21.1,125.61,634.07,281.39,DESCEND
4.2962,0.0614,-0.4611,0.3187,0.02989,0.02134,0.00574,-5.00,0.00,0.00,21.1,125.61,634.07,281.35,DESCEND
4.3063,0.1014,-0.0611,-0.1412,0.01289,-0.01565,0.01174,-5.00,0.00,0.00,21.2,125.61,634.07,281.29,DESCEND
4.3164,0.0214,0.0388,-0.0012,0.02889,0.01034,0.00874,-5.00,0.00,0.00,21.2,125.61,634.08,281.25,DESCEND
4.3265,0.1014,-0.1811,0.2987,0.01989,0.01334,0.00474,-5.00,0.00,0.00,21.3,125.61,634.08,281.19,DESCEND
4.3367,-0.0385,-0.0111,-0.1412,0.00489,0.00834,0.00974,-5.00,0.00,0.00,21.3,125.61,634.08,281.15,DESCEND
4.3468,0.0314,0.2388,-0.1312,-0.00010,-0.00065,0.01374,-5.00,0.00,0.00,21.4,125.61,634.08,281.09,DESCEND
4.3569,0.0414,-0.0111,0.1087,0.01589,0.01434,0.00674,-5.00,0.00,0.00,21.4,125.61,634.08,281.03,DESCEND
4.3671,0.0914,0.1288,-0.2912,0.01389,-0.00465,0.01474,-5.00,0.00,0.00,21.5,125.61,634.09,280.99,DESCEND
4.3772,-0.0585,0.3188,0.0287,0.00789,-0.00365,0.01574,-5.00,0.00,0.00,21.5,125.61,634.09,280.93,DESCEND
4.3873,-0.0385,0.0988,-0.0312,0.00089,0.00034,0.00774,-5.00,0.00,0.00,21.6,125.61,634.09,280.89,DESCEND
4.3974,0.0014,-0.3411,0.3387,0.00789,0.00334,0.01074,-5.00,0.00,0.00,21.6,125.61,634.09,280.83,DESCEND
4.4075,0.1514,0.1288,-0.4712,0.01489,-0.01165,0.01074,-5.00,0.00,0.00,21.7,125.61,634.09,280.79,DESCEND
4.4176,0.1314,0.0688,0.2487,0.01089,0.01234,0.00874,-5.00,0.00,0.00,21.7,125.61,634.10,280.73,DESCEND
4.4277,-0.0685,0.0488,0.0787,0.01289,0.01034,0.00974,-5.00,0.00,0.00,21.8,125.61,634.10,280.69,DESCEND
4.4378,0.1314,-0.0811,-0.0112,0.02089,0.00234,0.00774,-5.00,0.00,0.00,21.8,125.61,634.10,280.63,DESCEND
4.4479,0.0814,0.1988,-0.1112,0.01389,0.00034,0.01274,-5.00,0.00,0.00,21.9,125.61,634.10,280.59,DESCEND
4.4580,0.1714,0.1188,0.1387,0.00589,-0.00065,0.01074,-5.00,0.00,0.00,21.9,125.61,634.10,280.53,DESCEND
4.4681,0.2014,-0.1011,0.4387,0.02789,0.01734,0.00674,-5.00,0.00,0.00,22.0,125.61,634.10,280.49,DESCEND
4.4783,0.1814,-0.1011,-0.1012,0.00289,-0.00965,0.00974,-5.00,0.00,0.00,22.0,125.61,634.11,280.43,DESCEND
4.4884,0.0114,-0.0611,-0.2712,0.00289,-0.00065,0.01074,-5.00,0.00,0.00,22.1,125.61,634.11,280.39,DESCEND
4.4985,0.0514,-0.0011,0.0187,0.00589,0.00034,0.00974,-5.00,0.00,0.00,22.1,125.61,634.11,280.33,DESCEND
4.5086,-0.0385,-0.0111,-0.2312,0.01089,0.00334,0.01174,-5.00,0.00,0.00,22.2,125.61,634.11,280.29,DESCEND
4.5187,0.1814,0.2088,-0.1912,0.03189,0.00834,0.01274,-5.00,0.00,0.00,22.2,125.62,634.11,280.23,DESCEND
4.5289,0.0614,0.1388,0.0487,0.01889,0.00534,0.01074,-5.00,0.00,0.00,22.3,125.62,634.12,280.17,DESCEND
4.5390,0.0814,0.2088,-0.1712,0.00989,-0.00465,0.01374,-5.00,0.00,0.00,22.3,125.62,634.12,280.13,DESCEND
4.5491,0.0314,-0.1511,0.1787,0.01889,0.00234,0.00974,-5.00,0.00,0.00,22.4,125.62,634.12,280.07,DESCEND
4.5592,0.0414,0.1488,-0.2812,-0.00610,-0.01365,0.01074,-5.00,0.00,0.00,22.4,125.62,634.12,280.03,DESCEND
4.5693,0.0414,0.4888,-0.2512,0.00589,-0.00865,0.01374,-5.00,0.00,0.00,22.5,125.62,634.12,279.97,DESCEND
4.5794,0.0714,-0.0911,0.1587,0.02589,0.01234,0.00974,-5.00,0.00,0.00,22.5,125.62,634.12,279.93,DESCEND
4.5895,0.0914,0.1288,0.3087,0.01989,0.01334,0.01074,-5.00,0.00,0.00,22.6,125.62,634.13,279.87,DESCEND
4.5996,0.0314,-0.1911,0.2287,0.00789,0.00434,0.00874,-5.00,0.00,0.00,22.6,125.62,634.13,279.83,DESCEND
4.6097,0.1214,-0.3411,0.1487,0.04089,0.02334,0.00474,-5.00,0.00,0.00,22.7,125.62,634.13,279.77,DESCEND
4.6198,0.1814,-0.1311,-0.0312,0.01489,0.00034,0.00774,-5.00,0.00,0.00,22.7,125.62,634.13,279.73,DESCEND
4.6300,0.4314,-0.0211,-0.1712,0.04189,0.00134,0.01174,-5.00,0.00,0.00,22.8,125.62,634.13,279.67,DESCEND
4.6401,-0.0585,0.0888,0.1087,0.00289,0.01034,0.01074,-5.00,0.00,0.00,22.8,125.62,634.14,279.63,DESCEND
4.6502,0.0814,0.0088,0.0287,0.00489,-0.00265,0.01174,-5.00,0.00,0.00,22.9,125.62,634.14,279.57,DESCEND
4.6603,-0.0685,-0.1911,0.3187,0.01389,0.00834,0.00974,-5.00,0.00,0.00,22.9,125.62,634.14,279.53,DESCEND
4.6704,0.0714,-0.1011,-0.1712,0.00389,-0.01365,0.00974,-5.00,0.00,0.00,23.0,125.62,634.14,279.47,DESCEND
4.6805,-0.1785,0.2688,-0.1312,-0.00610,-0.00565,0.01274,-5.00,0.00,0.00,23.1,125.62,634.14,279.41,DESCEND
4.6906,0.3414,-0.2311,0.1987,0.02989,0.00634,0.00974,-5.00,0.00,0.00,23.1,125.62,634.15,279.37,DESCEND
4.7008,-0.0285,0.1488,-0.1312,0.00589,0.00234,0.00974,-5.00,0.00,0.00,23.2,125.62,634.15,279.31,DESCEND
4.7108,0.1614,-0.1211,0.1287,0.02089,0.00634,0.01074,-5.00,0.00,0.00,23.2,125.62,634.15,279.27,DESCEND
4.7209,0.0714,-0.1411,0.1087,0.02789,0.00834,0.01274,-5.00,0.00,0.00,23.3,125.62,634.15,279.21,DESCEND
4.7311,0.2614,-0.3311,0.0887,0.02289,0.00134,0.00774,-5.00,0.00,0.00,23.3,125.62,634.15,279.17,DESCEND
4.7412,0.1514,0.0688,-0.1812,0.02889,-0.00265,0.01174,-5.00,0.00,0.00,23.4,125.62,634.16,279.11,DESCEND
4.7513,-0.1185,0.0888,-0.2512,-0.01410,-0.01365,0.01074,-5.00,0.00,0.00,23.4,125.62,634.16,279.07,DESCEND
4.7614,-0.0185,-0.1111,0.3087,0.01189,0.01734,0.00674,-5.00,0.00,0.00,23.5,125.62,634.16,279.01,DESCEND
4.7716,0.1014,0.0688,-0.2612,0.00589,-0.00365,0.01174,-5.00,0.00,0.00,23.5,125.62,634.16,278.97,DESCEND
4.7817,0.3214,0.2888,-0.0112,0.01789,-0.00765,0.01174,-5.00,0.00,0.00,23.6,125.62,634.16,278.91,DESCEND
4.7918,0.0214,-0.0511,0.0487,-0.00710,-0.00565,0.00974,-5.00,0.00,0.00,23.6,125.62,634.16,278.87,DESCEND
4.8019,0.0314,-0.2011,0.0887,-0.00210,-0.00565,0.01074,-5.00,0.00,0.00,23.7,125.62,634.17,278.81,DESCEND
4.8120,0.3214,-0.0011,0.0687,0.02589,-0.00065,0.01274,-5.00,0.00,0.00,23.7,125.62,634.17,278.77,DESCEND
4.8221,0.0014,-0.2511,-0.0712,0.01289,0.00134,0.01074,-5.00,0.00,0.00,23.8,125.62,634.17,278.71,DESCEND
4.8322,0.1914,0.1988,0.0387,0.00589,-0.00665,0.01174,-5.00,0.00,0.00,23.8,125.62,634.17,278.67,DESCEND
4.8423,0.1914,0.0788,0.0087,0.01389,0.00134,0.00974,-5.00,0.00,0.00,23.9,125.62,634.17,278.61,DESCEND
4.8525,0.1214,-0.0311,0.1387,0.00189,0.00034,0.00874,-5.00,0.00,0.00,23.9,125.62,634.18,278.55,DESCEND
4.8626,-0.0285,-0.1311,-0.2912,-0.00310,-0.00965,0.01174,-5.00,0.00,0.00,24.0,125.62,634.18,278.51,DESCEND
4.8727,0.2514,0.3988,-0.2612,0.01389,-0.00365,0.01174,-5.00,0.00,0.00,24.0,125.62,634.18,278.45,DESCEND
4.8829,0.0414,-0.0311,0.2787,0.01389,0.01134,0.01274,-5.00,0.00,0.00,24.1,125.62,634.18,278.41,DESCEND
4.8930,0.0714,0.0488,-0.2212,0.00989,0.00634,0.00774,-5.00,0.00,0.00,24.1,125.62,634.18,278.35,DESCEND
4.9031,0.2014,0.1888,-0.1012,0.02389,0.00434,0.01274,-5.00,0.00,0.00,24.2,125.62,634.18,278.31,DESCEND
4.9132,-0.1085,-0.2311,-0.0512,0.00789,0.00634,0.01074,-5.00,0.00,0.00,24.2,125.62,634.19,278.25,DESCEND
4.9234,0.0314,0.2188,-0.2212,0.00089,-0.00465,0.01574,-5.00,0.00,0.00,24.3,125.62,634.19,278.21,DESCEND
4.9335,0.1414,0.3588,-0.4512,0.02089,-0.00365,0.01374,-5.00,0.00,0.00,24.3,125.62,634.19,278.15,DESCEND
4.9436,0.0414,0.1388,-0.2212,0.01389,-0.00365,0.01074,-5.00,0.00,0.00,24.4,125.62,634.19,278.11,DESCEND
4.9537,0.0314,-0.2411,0.3487,0.01489,0.01134,0.00974,-5.00,0.00,0.00,24.4,125.62,634.19,278.05,DESCEND
4.9638,0.0214,-0.0711,-0.0712,0.01689,-0.00265,0.00974,-5.00,0.00,0.00,24.5,125.62,634.20,278.01,DESCEND
4.9739,0.2614,0.2388,-0.1712,0.01289,-0.00465,0.01374,-5.00,0.00,0.00,24.5,125.62,634.20,277.95,DESCEND
4.9840,0.0414,-0.0111,-0.0412,0.02589,0.01034,0.00974,-5.00,0.00,0.00,24.6,125.62,634.20,277.91,DESCEND
4.9941,0.3714,0.0088,-0.3112,0.03289,0.00134,0.00574,-5.00,0.00,0.00,24.6,125.62,634.20,277.85,DESCEND
5.0042,0.0214,0.1688,-0.0912,0.01389,-0.00465,0.01074,-5.00,0.00,0.00,24.7,125.62,634.20,277.81,DESCEND
5.0144,0.1814,-0.0011,-0.4812,0.00489,-0.01365,0.01074,-5.00,0.00,0.00,24.7,125.62,634.21,277.75,DESCEND
5.0245,-0.0685,0.0188,0.0287,-0.00510,0.00334,0.01274,-5.00,0.00,0.00,24.8,125.62,634.21,277.71,DESCEND
5.0346,0.0314,-0.1611,0.4187,0.01889,0.01434,0.00974,-5.00,0.00,0.00,24.8,125.62,634.21,277.65,DESCEND
5.0448,0.3414,0.0888,-0.0312,0.00989,-0.00265,0.00574,-5.00,0.00,0.00,24.9,125.62,634.21,277.60,DESCEND
5.0550,0.1814,0.1988,-0.0412,0.00489,-0.00965,0.01274,-5.00,0.00,0.00,24.9,125.62,634.21,277.56,DESCEND
5.0651,0.0214,0.0888,-0.1912,0.00789,-0.00565,0.01174,-5.00,0.00,0.00,25.0,125.62,634.22,277.50,DESCEND
5.0753,0.1714,0.1288,-0.2312,0.01189,-0.00465,0.01174,-5.00,0.00,0.00,25.0,125.62,634.22,277.46,DESCEND
5.0854,0.1614,-0.0611,-0.0112,0.02089,0.00134,0.01274,-5.00,0.00,0.00,25.1,125.62,634.22,277.40,DESCEND
5.0955,0.1814,-0.0511,0.1587,0.01889,0.00434,0.00574,-5.00,0.00,0.00,25.1,125.62,634.22,277.36,DESCEND
5.1056,0.0714,0.0588,-0.0312,0.01389,-0.00565,0.01074,-5.00,0.00,0.00,25.2,125.62,634.22,277.30,DESCEND
5.1158,0.1914,-0.4311,0.2687,0.01389,0.00434,0.00874,-5.00,0.00,0.00,25.2,125.62,634.22,277.26,DESCEND
5.1259,0.2114,-0.1511,0.1887,0.02589,0.00834,0.00974,-5.00,0.00,0.00,25.3,125.62,634.23,277.20,DESCEND
5.1361,0.1314,-0.2011,0.0887,0.00389,-0.00065,0.01274,-5.00,0.00,0.00,25.3,125.62,634.23,277.16,DESCEND
5.1462,0.1714,0.0888,-0.2212,0.02889,0.00034,0.01174,-5.00,0.00,0.00,25.4,125.62,634.23,277.10,DESCEND
5.1564,0.1914,-0.2711,0.0687,0.02189,0.00434,0.00774,-5.00,0.00,0.00,25.4,125.62,634.23,277.06,DESCEND
5.1665,0.1814,-0.0211,-0.1012,0.01389,-0.00565,0.01274,-5.00,0.00,0.00,25.5,125.62,634.23,277.00,DESCEND
5.1766,0.0214,-0.1311,-0.0712,0.00789,0.01334,0.00774,-5.00,0.00,0.00,25.5,125.63,634.24,276.96,DESCEND
5.1867,0.1314,-0.1411,0.2687,0.00289,0.00834,0.00674,-5.00,0.00,0.00,25.6,125.63,634.24,276.90,DESCEND
5.1969,0.0514,0.3388,-0.2212,0.01889,-0.00265,0.01574,-5.00,0.00,0.00,25.6,125.63,634.24,276.84,DESCEND
5.2070,0.2114,-0.0911,-0.1712,0.02189,-0.00165,0.00674,-5.00,0.00,0.00,25.7,125.63,634.24,276.80,DESCEND
5.2172,0.2314,0.0288,-0.1912,0.01989,-0.00265,0.01274,-5.00,0.00,0.00,25.7,125.63,634.24,276.74,DESCEND
5.2273,0.2014,0.1088,-0.2812,0.01089,-0.00665,0.01074,-5.00,0.00,0.00,25.8,125.63,634.24,276.70,DESCEND
5.2374,0.2414,-0.0411,-0.1712,0.02089,-0.00865,0.00874,-5.00,0.00,0.00,25.8,125.63,634.25,276.64,DESCEND
5.2475,0.0614,-0.1111,0.0287,0.03089,0.01434,0.00974,-5.00,0.00,0.00,25.9,125.63,634.25,276.60,DESCEND
5.2576,0.3714,0.1688,0.0587,0.03089,0.00234,0.00974,-5.00,0.00,0.00,25.9,125.63,634.25,276.54,DESCEND
5.2678,0.2414,-0.0811,-0.1612,0.00489,-0.01065,0.01174,-5.00,0.00,0.00,26.0,125.63,634.25,276.50,DESCEND
5.2778,0.2514,0.2188,-0.3112,0.01489,-0.01165,0.01374,-5.00,0.00,0.00,26.0,125.63,634.25,276.44,DESCEND
5.2879,0.0414,-0.0411,-0.3112,0.01789,0.01134,0.01074,-5.00,0.00,0.00,26.1,125.63,634.26,276.40,DESCEND
5.2980,0.0014,0.3088,-0.2512,0.01789,0.00134,0.01374,-5.00,0.00,0.00,26.1,125.63,634.26,276.34,DESCEND
5.3082,0.2814,-0.0211,-0.3212,0.01089,-0.01865,0.01274,-5.00,0.00,0.00,26.2,125.63,634.26,276.30,DESCEND
5.3183,0.0514,0.5588,-0.6312,0.00689,-0.01565,0.01374,-5.00,0.00,0.00,26.2,125.63,634.26,276.24,DESCEND
5.3284,0.1814,0.0788,-0.1512,0.01789,-0.00065,0.01074,-5.00,0.00,0.00,26.3,125.63,634.26,276.20,DESCEND
5.3385,0.3214,0.0188,0.1287,0.02389,0.00534,0.00874,-5.00,0.00,0.00,26.3,125.63,634.27,276.14,DESCEND
5.3487,0.2614,-0.1111,0.0587,0.03889,0.00934,0.00874,-5.00,0.00,0.00,26.4,125.63,634.27,276.10,DESCEND
5.3588,0.2114,-0.2311,-0.2612,0.01789,0.00634,0.00874,-5.00,0.00,0.00,26.4,125.63,634.27,276.04,DESCEND
5.3688,0.1914,0.3188,-0.4812,0.02389,0.00034,0.01374,-5.00,0.00,0.00,26.5,125.63,634.27,275.98,DESCEND
5.3789,0.0414,-0.2011,0.3387,0.01889,0.01034,0.00874,-5.00,0.00,0.00,26.5,125.63,634.27,275.94,DESCEND
5.3891,0.2414,-0.1511,-0.2012,0.02689,-0.00165,0.00574,-5.00,0.00,0.00,26.6,125.63,634.28,275.88,DESCEND
5.3992,0.1214,0.0388,-0.0012,0.01689,0.00634,0.01274,-5.00,0.00,0.00,26.6,125.63,634.28,275.84,DESCEND
5.4093,0.2214,0.1588,-0.1712,0.00589,-0.01165,0.01374,-5.00,0.00,0.00,26.7,125.63,634.28,275.78,DESCEND
5.4194,0.2014,-0.1311,0.0487,0.02289,0.00034,0.00774,-5.00,0.00,0.00,26.7,125.63,634.28,275.74,DESCEND
5.4295,0.2014,-0.0511,-0.2212,0.01289,-0.01165,0.00774,-5.00,0.00,0.00,26.8,125.63,634.28,275.68,DESCEND
5.4397,0.2414,-0.2111,-0.2712,0.02289,-0.00365,0.00774,-5.00,0.00,0.00,26.8,125.63,634.28,275.64,DESCEND
5.4499,0.1414,0.0788,-0.0812,0.01889,0.00134,0.01174,-5.00,0.00,0.00,26.9,125.63,634.29,275.58,DESCEND
5.4600,0.3314,-0.1711,0.0287,0.03089,0.00434,0.00674,-5.00,0.00,0.00,26.9,125.63,634.29,275.54,DESCEND
5.4702,0.0314,-0.1311,0.0187,0.01789,0.00834,0.01074,-5.00,0.00,0.00,27.0,125.63,634.29,275.48,DESCEND
5.4803,0.1514,0.0588,-0.0112,0.02489,0.00434,0.01074,-5.00,0.00,0.00,27.0,125.63,634.29,275.44,DESCEND
5.4904,0.0214,-0.2311,0.3087,0.01789,0.01034,0.00874,-5.00,0.00,0.00,27.1,125.63,634.29,275.38,DESCEND
5.5006,0.0814,0.0388,-0.0612,-0.00010,-0.00665,0.00974,-5.00,0.00,0.00,27.1,125.63,634.30,275.34,DESCEND
5.5107,0.1214,0.2788,-0.1712,0.00189,-0.00765,0.01474,-5.00,0.00,0.00,27.2,125.63,634.30,275.28,DESCEND
5.5208,0.0814,0.0788,0.0287,0.02189,0.00134,0.01174,-5.00,0.00,0.00,27.2,125.63,634.30,275.24,DESCEND
5.5310,0.3114,-0.1411,0.0287,0.00289,-0.00965,0.00774,-5.00,0.00,0.00,27.3,125.63,634.30,275.18,DESCEND
5.5411,0.1314,0.0388,-0.2312,0.00989,-0.00465,0.01174,-5.00,0.00,0.00,27.4,125.63,634.30,275.12,DESCEND
5.5512,0.1414,0.3288,-0.3012,-0.00110,-0.01265,0.01774,-5.00,0.00,0.00,27.4,125.63,634.30,275.08,DESCEND
5.5613,0.1314,0.0888,-0.0612,0.01989,-0.00265,0.01074,-5.00,0.00,0.00,27.5,125.63,634.31,275.02,DESCEND
5.5714,0.0714,0.4788,-0.2912,0.00589,-0.00565,0.01274,-5.00,0.00,0.00,27.5,125.63,634.31,274.98,DESCEND
5.5815,-0.0285,0.0188,0.1887,-0.01110,0.00034,0.01074,-5.00,0.00,0.00,27.6,125.63,634.31,274.92,DESCEND
5.5916,-0.0685,0.1288,-0.2712,0.02289,0.01234,0.01274,-5.00,0.00,0.00,27.6,125.63,634.31,274.88,DESCEND
5.6017,0.2414,-0.0311,-0.0612,0.02689,0.00034,0.00974,-5.00,0.00,0.00,27.7,125.63,634.31,274.82,DESCEND
5.6118,0.1814,-0.1711,0.0287,0.00489,-0.00565,0.00674,-5.00,0.00,0.00,27.7,125.63,634.32,274.78,DESCEND
5.6219,0.0614,-0.2311,-0.0712,0.00289,-0.01065,0.00974,-5.00,0.00,0.00,27.8,125.63,634.32,274.72,DESCEND
5.6320,0.1014,-0.1711,0.0487,0.02489,0.00634,0.01074,-5.00,0.00,0.00,27.8,125.63,634.32,274.68,DESCEND
5.6421,-0.0185,-0.1611,-0.2912,0.01789,0.00734,0.00874,-5.00,0.00,0.00,27.9,125.63,634.32,274.62,DESCEND
5.6523,0.1114,-0.0211,-0.0912,0.01589,-0.00065,0.00974,-5.00,0.00,0.00,27.9,125.63,634.32,274.58,DESCEND
5.6624,0.1414,0.0588,0.0687,0.00689,-0.00365,0.01274,-5.00,0.00,0.00,28.0,125.63,634.33,274.52,DESCEND
5.6725,0.1814,-0.1911,0.0687,0.00789,0.00034,0.01174,-5.00,0.00,0.00,28.0,125.63,634.33,274.48,DESCEND
5.6826,0.2914,-0.1011,0.0487,0.02389,0.00834,0.00674,-5.00,0.00,0.00,28.1,125.63,634.33,274.42,DESCEND
5.6928,0.1114,0.3688,-0.5612,0.02189,-0.00465,0.01474,-5.00,0.00,0.00,28.1,125.63,634.33,274.36,DESCEND
5.7029,-0.0185,-0.3611,0.1587,0.02089,0.01334,0.00874,-5.00,0.00,0.00,28.2,125.63,634.33,274.32,DESCEND
5.7130,0.3214,-0.0611,0.0087,0.02389,0.00434,0.00774,-5.00,0.00,0.00,28.2,125.63,634.34,274.26,DESCEND
5.7231,0.1914,0.1588,-0.2412,0.01689,-0.00265,0.01674,-5.00,0.00,0.00,28.3,125.63,634.34,274.22,DESCEND
5.7332,-0.0085,0.0988,-0.0412,0.01089,-0.00065,0.00974,-5.00,0.00,0.00,28.3,125.63,634.34,274.16,DESCEND
5.7433,0.1914,0.2288,-0.1712,0.01489,0.00434,0.00774,-5.00,0.00,0.00,28.4,125.63,634.34,274.12,DESCEND
5.7534,0.0914,0.2488,-0.1412,0.00889,-0.00265,0.01674,-5.00,0.00,0.00,28.4,125.63,634.34,274.06,DESCEND
5.7636,0.0614,-0.1311,-0.2212,0.01689,0.00234,0.01074,-5.00,0.00,0.00,28.5,125.63,634.34,274.02,DESCEND
5.7737,0.2914,-0.0511,0.0987,0.01889,-0.00965,0.00474,-5.00,0.00,0.00,28.5,125.63,634.35,273.96,DESCEND
5.7838,-0.0185,-0.0211,0.0487,0.00589,-0.00265,0.01374,-5.00,0.00,0.00,28.6,125.63,634.35,273.92,DESCEND
5.7942,0.1214,0.1888,0.0687,0.00489,0.00234,0.01474,-5.00,0.00,0.00,28.6,125.63,634.35,273.86,DESCEND
5.8043,0.1314,-0.0511,-0.3312,0.01089,-0.00365,0.01074,-5.00,0.00,0.00,28.7,125.63,634.35,273.82,DESCEND
5.8144,0.2514,-0.0211,0.1787,0.01989,0.00134,0.00874,-5.00,0.00,0.00,28.7,125.63,634.35,273.76,DESCEND
5.8245,0.3214,0.1588,-0.1012,0.02189,-0.00465,0.00974,-5.00,0.00,0.00,28.8,125.63,634.36,273.72,DESCEND
5.8346,-0.0185,-0.0511,0.2987,0.00889,0.01034,0.00974,-5.00,0.00,0.00,28.8,125.63,634.36,273.66,DESCEND
5.8448,0.3614,-0.1011,-0.1612,0.00689,-0.00765,0.01074,-5.00,0.00,0.00,28.9,125.63,634.36,273.60,DESCEND
5.8548,-0.0385,-0.3211,0.1887,0.01289,0.01034,0.00574,-5.00,0.00,0.00,28.9,125.64,634.36,273.56,DESCEND
5.8649,0.1814,0.1188,-0.1312,0.03689,0.00634,0.01474,-5.00,0.00,0.00,29.0,125.64,634.36,273.50,DESCEND
5.8750,-0.0485,-0.1411,0.2987,0.01089,0.00634,0.00974,-5.00,0.00,0.00,29.0,125.64,634.36,273.46,DESCEND
5.8851,0.2014,-0.0311,0.0887,0.00889,0.00034,0.00874,-5.00,0.00,0.00,29.1,125.64,634.37,273.40,DESCEND
5.8953,0.0314,-0.1411,0.2387,-0.00310,0.00534,0.01174,-5.00,0.00,0.00,29.1,125.64,634.37,273.36,DESCEND
5.9054,0.0314,-0.0111,-0.2612,0.01589,0.00034,0.00974,-5.00,0.00,0.00,29.2,125.64,634.37,273.30,DESCEND
5.9155,0.0914,-0.2011,0.1987,0.01889,0.00434,0.00974,-5.00,0.00,0.00,29.2,125.64,634.37,273.26,DESCEND
5.9256,0.1714,0.3188,-0.4012,0.00789,-0.01165,0.01574,-5.00,0.00,0.00,29.3,125.64,634.37,273.20,DESCEND
5.9357,0.0514,0.0988,-0.2912,0.01989,0.00234,0.01374,-5.00,0.00,0.00,29.3,125.64,634.38,273.16,DESCEND
5.9459,0.2014,-0.0611,-0.0112,0.01089,-0.00065,0.00874,-5.00,0.00,0.00,29.4,125.64,634.38,273.10,DESCEND
5.9559,0.1314,-0.0411,0.1787,0.02489,0.01234,0.00874,-5.00,0.00,0.00,29.4,125.64,634.38,273.06,DESCEND
5.9661,0.0414,0.0688,-0.2312,0.00089,-0.00365,0.01374,-5.00,0.00,0.00,29.5,125.64,634.38,273.00,DESCEND
5.9762,0.0614,0.2988,-0.5412,-0.00010,-0.02065,0.00974,-5.00,0.00,0.00,29.5,125.64,634.38,272.96,DESCEND
5.9863,-0.0685,-0.0011,0.0787,-0.00710,-0.01665,0.01274,-5.00,0.00,0.00,29.6,125.64,634.39,272.90,DESCEND
5.9964,0.3914,0.2188,-0.1612,0.02589,0.00434,0.00974,-5.00,0.00,0.00,29.6,125.64,634.39,272.86,DESCEND
6.0065,0.1914,0.0388,-0.1812,0.01689,-0.00065,0.01174,-5.00,0.00,0.00,29.7,125.64,634.39,272.80,DESCEND
6.0167,0.1314,-0.0511,0.0387,0.02189,0.00234,0.01374,-5.00,0.00,0.00,29.7,125.64,634.39,272.76,DESCEND
6.0268,0.1414,-0.0711,-0.0212,0.00989,0.00834,0.01074,-5.00,0.00,0.00,29.8,125.64,634.39,272.70,DESCEND
6.0368,0.0314,-0.3511,0.0087,0.00589,0.00634,0.01074,-5.00,0.00,0.00,29.8,125.64,634.40,272.64,DESCEND
6.0469,0.1814,0.1888,-0.2912,0.01989,0.00334,0.01074,-5.00,0.00,0.00,29.9,125.64,634.40,272.60,DESCEND
6.0571,0.1514,0.2388,-0.3712,0.02589,0.00334,0.01174,-5.00,0.00,0.00,29.9,125.64,634.40,272.54,DESCEND
6.0672,0.2014,-0.1511,0.2187,0.02689,0.00234,0.01174,-5.00,0.00,0.00,30.0,125.64,634.40,272.50,DESCEND
6.0773,0.0214,-0.0911,0.0687,0.00289,0.00534,0.00874,-5.00,0.00,0.00,30.0,125.64,634.40,272.44,DESCEND
6.0874,0.0414,0.2388,-0.3212,0.01389,0.00034,0.01474,-5.00,0.00,0.00,30.1,125.64,634.40,272.40,DESCEND
6.0975,0.0914,0.4688,-0.2012,0.00189,-0.00565,0.01574,-5.00,0.00,0.00,30.1,125.64,634.41,272.34,DESCEND
6.1076,0.2214,0.1088,-0.4412,0.00289,-0.01465,0.01274,-5.00,0.00,0.00,30.2,125.64,634.41,272.30,DESCEND
6.1177,0.1914,0.1188,0.1987,0.01989,0.00534,0.01474,-5.00,0.00,0.00,30.2,125.64,634.41,272.24,DESCEND
6.1278,0.1014,-0.2011,0.3687,0.02789,0.02434,0.01174,-5.00,0.00,0.00,30.3,125.64,634.41,272.20,DESCEND
6.1380,0.1714,0.0588,0.1787,0.00589,-0.00465,0.01174,-5.00,0.00,0.00,30.3,125.64,634.41,272.14,DESCEND
6.1481,0.0614,-0.1011,0.0287,0.01689,0.00234,0.01674,-5.00,0.00,0.00,30.4,125.64,634.42,272.10,DESCEND
6.1582,0.0714,-0.0411,0.0687,0.01389,-0.00265,0.01174,-5.00,0.00,0.00,30.4,125.64,634.42,272.04,DESCEND
6.1683,0.1314,-0.0111,-0.0912,0.01589,0.00334,0.00974,-5.00,0.00,0.00,30.5,125.64,634.42,272.00,DESCEND
6.1784,-0.0885,-0.0311,-0.0812,0.01789,-0.00465,0.01274,-5.00,0.00,0.00,30.5,125.64,634.42,271.94,DESCEND
6.1886,-0.0485,-0.1911,0.3387,0.01689,0.01134,0.00874,-5.00,0.00,0.00,30.6,125.64,634.42,271.90,DESCEND
6.1987,0.2614,-0.3411,0.1087,0.02189,0.00834,0.00674,-5.00,0.00,0.00,30.6,125.64,634.42,271.84,DESCEND
6.2088,0.0714,0.0388,0.0287,0.01389,0.01134,0.01074,-5.00,0.00,0.00,30.7,125.64,634.43,271.78,DESCEND
6.2189,0.1314,-0.1611,0.2687,0.01889,0.00734,0.01074,-5.00,0.00,0.00,30.7,125.64,634.43,271.74,DESCEND
6.2291,0.1114,0.3088,-0.3012,0.02689,0.00634,0.01474,-5.00,0.00,0.00,30.8,125.64,634.43,271.68,DESCEND
6.2392,0.2414,-0.3111,0.0087,0.03689,0.01434,0.00574,-5.00,0.00,0.00,30.8,125.64,634.43,271.64,DESCEND
6.2493,0.3614,0.1888,-0.2512,0.01989,-0.00065,0.01074,-5.00,0.00,0.00,30.9,125.64,634.43,271.58,DESCEND
6.2594,0.1414,-0.1111,0.0887,0.00789,-0.00065,0.00874,-5.00,0.00,0.00,30.9,125.64,634.44,271.54,DESCEND
6.2695,0.0414,-0.0411,-0.1712,0.00789,0.00234,0.01374,-5.00,0.00,0.00,31.0,125.64,634.44,271.48,DESCEND
6.2796,0.1514,-0.0711,-0.0812,0.01889,0.00934,0.01474,-5.00,0.00,0.00,31.0,125.64,634.44,271.44,DESCEND
6.2897,0.2414,-0.0511,0.1487,0.01189,0.00034,0.00974,-5.00,0.00,0.00,31.1,125.64,634.44,271.38,DESCEND
6.2999,-0.0285,0.0088,-0.1512,-0.00810,-0.01865,0.00974,-5.00,0.00,0.00,31.1,125.64,634.44,271.34,DESCEND
6.3100,0.0814,0.0288,-0.3212,0.01989,-0.00665,0.01574,-5.00,0.00,0.00,31.2,125.64,634.45,271.28,DESCEND
6.3201,0.2914,-0.1411,-0.0612,0.01989,-0.00565,0.00874,-5.00,0.00,0.00,31.2,125.64,634.45,271.24,DESCEND
6.3302,0.1714,0.1488,0.2487,0.00689,-0.00065,0.01174,-5.00,0.00,0.00,31.3,125.64,634.45,271.18,DESCEND
6.3403,0.1514,-0.0111,-0.0212,0.02789,0.00634,0.00974,-5.00,0.00,0.00,31.3,125.64,634.45,271.14,DESCEND
6.3505,0.2214,-0.3311,0.1187,0.02089,0.00234,0.00874,-5.00,0.00,0.00,31.4,125.64,634.45,271.08,DESCEND
6.3606,0.1514,0.0188,-0.2812,0.00089,-0.00965,0.01474,-5.00,0.00,0.00,31.4,125.64,634.45,271.04,DESCEND
6.3707,0.0914,0.0188,-0.0412,0.01389,0.00234,0.01574,-5.00,0.00,0.00,31.5,125.64,634.46,270.98,DESCEND
6.3808,-0.0885,0.4988,-0.1012,0.01389,0.00034,0.01574,-5.00,0.00,0.00,31.5,125.64,634.46,270.94,DESCEND
6.3909,0.0614,0.1288,-0.0012,0.00489,0.00034,0.01374,-5.00,0.00,0.00,31.6,125.64,634.46,270.88,DESCEND
6.4010,0.1614,0.1388,-0.2612,0.01889,0.01034,0.01174,-5.00,0.00,0.00,31.7,125.64,634.46,270.82,DESCEND
6.4111,0.2314,-0.2411,0.2087,0.01989,0.00234,0.01174,-5.00,0.00,0.00,31.7,125.64,634.46,270.78,DESCEND
6.4213,-0.0285,-0.1311,0.0387,-0.00410,-0.00365,0.01174,-5.00,0.00,0.00,31.8,125.64,634.47,270.72,DESCEND
6.4314,0.2014,-0.0811,-0.1912,0.03089,0.00534,0.01074,-5.00,0.00,0.00,31.8,125.64,634.47,270.68,DESCEND
6.4415,-0.0685,0.3188,-0.4512,0.00289,-0.00465,0.01374,-5.00,0.00,0.00,31.9,125.64,634.47,270.62,DESCEND
6.4516,0.1414,0.1188,-0.2112,0.00989,-0.01065,0.01174,-5.00,0.00,0.00,31.9,125.64,634.47,270.58,DESCEND
6.4617,0.1614,0.1088,-0.0712,0.01789,0.00034,0.00874,-5.00,0.00,0.00,32.0,125.64,634.47,270.52,DESCEND
6.4718,0.0614,0.3088,-0.3412,0.01289,-0.00465,0.01374,-5.00,0.00,0.00,32.0,125.64,634.48,270.48,DESCEND
6.4819,0.3814,0.0788,-0.5112,0.01889,-0.00965,0.01274,-5.00,0.00,0.00,32.1,125.64,634.48,270.42,DESCEND
6.4920,0.3214,0.0588,-0.4412,0.02389,0.00034,0.01174,-5.00,0.00,0.00,32.1,125.64,634.48,270.38,DESCEND
6.5021,0.2314,-0.1911,0.4787,0.02689,0.01134,0.01174,-5.00,0.00,0.00,32.2,125.64,634.48,270.32,DESCEND
6.5122,-0.0585,0.2688,-0.1112,-0.00410,-0.00465,0.01474,-5.00,0.00,0.00,32.2,125.64,634.48,270.28,DESCEND
6.5223,0.0414,-0.0411,0.2887,0.01289,0.01234,0.01174,-5.00,0.00,0.00,32.3,125.64,634.48,270.22,DESCEND
6.5324,-0.0185,-0.0911,0.1187,0.01289,0.01134,0.01174,-5.00,0.00,0.00,32.3,125.64,634.49,270.18,DESCEND
6.5425,0.1514,0.0788,0.0087,0.01289,0.00634,0.01274,-5.00,0.00,0.00,32.4,125.65,634.49,270.12,DESCEND
6.5527,0.0314,-0.1411,-0.0212,0.01189,-0.00465,0.00874,-5.00,0.00,0.00,32.4,125.65,634.49,270.08,DESCEND
6.5628,0.2114,0.1988,-0.2812,0.03089,-0.00565,0.01474,-5.00,0.00,0.00,32.5,125.65,634.49,270.02,DESCEND
6.5729,0.0014,0.0388,0.2887,0.01989,0.01634,0.01374,-5.00,0.00,0.00,32.5,125.65,634.49,269.96,DESCEND
6.5830,0.0014,-0.1511,0.2187,0.00889,0.00734,0.01174,-5.00,0.00,0.00,32.6,125.65,634.50,269.92,DESCEND
6.5931,0.0514,0.0988,-0.3612,0.01689,-0.00765,0.01374,-5.00,0.00,0.00,32.6,125.65,634.50,269.86,DESCEND
6.6032,0.1714,-0.1811,0.0187,0.02189,0.00434,0.00874,-5.00,0.00,0.00,32.7,125.65,634.50,269.82,DESCEND
6.6133,0.0214,-0.3511,0.2187,0.00489,0.00734,0.01074,-5.00,0.00,0.00,32.7,125.65,634.50,269.76,DESCEND
6.6234,0.1314,0.0588,-0.1312,0.01789,-0.00165,0.01274,-5.00,0.00,0.00,32.8,125.65,634.50,269.72,DESCEND
6.6335,0.2714,-0.0511,-0.0612,0.02089,-0.00065,0.00874,-5.00,0.00,0.00,32.8,125.65,634.51,269.66,DESCEND
6.6436,0.2014,-0.0611,0.2587,0.02589,0.02134,0.00874,-5.00,0.00,0.00,32.9,125.65,634.51,269.62,DESCEND
6.6538,0.2214,-0.4111,0.0887,0.01989,0.00434,0.00774,-5.00,0.00,0.00,32.9,125.65,634.51,269.56,DESCEND
6.6639,0.1514,0.2288,-0.1812,0.01389,-0.00665,0.01474,-5.00,0.00,0.00,33.0,125.65,634.51,269.52,DESCEND
6.6740,0.1314,0.0788,-0.1812,0.00289,-0.00865,0.01374,-5.00,0.00,0.00,33.0,125.65,634.51,269.46,DESCEND
6.6842,0.1414,-0.0911,-0.2112,0.01789,-0.00265,0.01474,-5.00,0.00,0.00,33.1,125.65,634.51,269.42,DESCEND
6.6943,0.0814,-0.0611,-0.0212,0.01389,0.00334,0.00974,-5.00,0.00,0.00,33.1,125.65,634.52,269.36,DESCEND
6.7044,0.2214,0.2088,-0.2812,0.00889,-0.00765,0.01474,-5.00,0.00,0.00,33.2,125.65,634.52,269.32,DESCEND
6.7145,-0.0985,-0.0111,0.0087,0.00589,-0.00165,0.00874,-5.00,0.00,0.00,33.2,125.65,634.52,269.26,DESCEND
6.7246,0.2114,-0.0311,-0.1012,0.02689,0.00534,0.00874,-5.00,0.00,0.00,33.3,125.65,634.52,269.22,DESCEND
6.7347,0.1914,-0.2311,0.1887,0.01689,0.00334,0.00974,-5.00,0.00,0.00,33.3,125.65,634.52,269.16,DESCEND
6.7448,0.1314,-0.1711,0.0687,0.02389,0.00434,0.01074,-5.00,0.00,0.00,33.4,125.65,634.53,269.12,DESCEND
6.7549,-0.0385,0.0188,-0.2012,0.00589,-0.00965,0.01374,-5.00,0.00,0.00,33.4,125.65,634.53,269.06,DESCEND
6.7651,0.0014,-0.0311,-0.0212,0.00289,-0.00165,0.01274,-5.00,0.00,0.00,33.5,125.65,634.53,269.00,DESCEND
6.7752,0.0114,0.2788,-0.1612,-0.00510,0.00334,0.01274,-5.00,0.00,0.00,33.5,125.65,634.53,268.96,DESCEND
6.7853,0.2514,-0.0711,-0.2412,0.02589,-0.00265,0.01374,-5.00,0.00,0.00,33.6,125.65,634.53,268.90,DESCEND
6.7954,0.1014,0.0788,-0.1412,0.01389,-0.00465,0.01174,-5.00,0.00,0.00,33.6,125.65,634.54,268.86,DESCEND
6.8055,0.2114,-0.0511,0.1687,0.01189,0.00234,0.01574,-5.00,0.00,0.00,33.7,125.65,634.54,268.80,DESCEND
6.8156,0.3714,-0.0411,-0.0712,0.02189,-0.00365,0.00974,-5.00,0.00,0.00,33.7,125.65,634.54,268.76,DESCEND
6.8257,0.0914,0.3688,-0.1612,0.01389,-0.00165,0.01674,-5.00,0.00,0.00,33.8,125.65,634.54,268.70,DESCEND
6.8358,0.1814,-0.0211,-0.0612,0.01689,-0.00765,0.01374,-5.00,0.00,0.00,33.8,125.65,634.54,268.66,DESCEND
6.8459,0.1714,-0.0811,0.1387,0.02189,-0.00365,0.01374,-5.00,0.00,0.00,33.9,125.65,634.54,268.60,DESCEND
6.8560,0.2014,0.0488,-0.2212,0.03289,0.01134,0.00974,-5.00,0.00,0.00,33.9,125.65,634.55,268.56,DESCEND
6.8661,-0.0185,0.4388,-0.3912,0.01789,-0.01065,0.01474,-5.00,0.00,0.00,34.0,125.65,634.55,268.50,DESCEND
6.8763,0.0914,-0.1411,0.1987,0.02989,0.00834,0.01374,-5.00,0.00,0.00,34.0,125.65,634.55,268.46,DESCEND
6.8864,0.2114,0.0988,-0.1812,0.01789,-0.00765,0.01074,-5.00,0.00,0.00,34.1,125.65,634.55,268.40,DESCEND
6.8965,0.0114,-0.1911,0.2787,0.01189,0.00234,0.01274,-5.00,0.00,0.00,34.1,125.65,634.55,268.36,DESCEND
6.9066,0.1714,0.3288,-0.0412,0.02889,0.00234,0.01174,-5.00,0.00,0.00,34.2,125.65,634.56,268.30,DESCEND
6.9167,0.1914,0.2588,-0.0712,0.02589,0.00034,0.01274,-5.00,0.00,0.00,34.2,125.65,634.56,268.26,DESCEND
6.9268,0.1314,0.0988,-0.1112,0.02089,0.00034,0.01274,-5.00,0.00,0.00,34.3,125.65,634.56,268.20,DESCEND
6.9369,0.0714,0.0988,-0.0212,0.00189,-0.00165,0.01074,-5.00,0.00,0.00,34.3,125.65,634.56,268.14,DESCEND
6.9470,0.2514,0.0588,-0.0412,0.01989,0.00334,0.01074,-5.00,0.00,0.00,34.4,125.65,634.56,268.10,DESCEND
6.9571,-0.0685,-0.0411,0.0287,-0.00110,0.00034,0.01074,-5.00,0.00,0.00,34.4,125.65,634.57,268.04,DESCEND
6.9673,0.1314,0.0888,-0.0612,0.03189,0.00634,0.01374,-5.00,0.00,0.00,34.5,125.65,634.57,268.00,DESCEND
6.9774,0.1014,0.0588,-0.0912,0.02589,0.01134,0.01174,-5.00,0.00,0.00,34.5,125.65,634.57,267.94,DESCEND
6.9875,0.1714,0.0388,-0.2112,0.01289,-0.00065,0.01074,-5.00,0.00,0.00,34.6,125.65,634.57,267.90,DESCEND
6.9976,0.1314,0.2188,0.0887,0.01689,-0.00565,0.01374,-5.00,0.00,0.00,34.6,125.65,634.57,267.84,DESCEND
7.0077,0.0314,-0.3411,-0.0612,0.01289,-0.00265,0.01274,-5.00,0.00,0.00,34.7,125.65,634.57,267.80,DESCEND
7.0178,0.2014,-0.0611,-0.1012,0.01489,-0.00065,0.01374,-5.00,0.00,0.00,34.7,125.65,634.58,267.74,DESCEND
7.0279,0.1514,0.1288,-0.0612,0.01789,0.00534,0.01174,-5.00,0.00,0.00,34.8,125.65,634.58,267.70,DESCEND
7.0380,0.1914,-0.3911,0.5487,0.03289,0.01034,0.00874,-5.00,0.00,0.00,34.8,125.65,634.58,267.64,DESCEND
7.0481,0.1414,0.0988,-0.1912,0.03289,0.00434,0.01474,-5.00,0.00,0.00,34.9,125.65,634.58,267.60,DESCEND
7.0582,0.2714,0.0388,0.0687,0.03689,0.01234,0.00874,-5.00,0.00,0.00,34.9,125.65,634.58,267.54,DESCEND
7.0683,0.2114,0.0688,-0.2612,0.02189,0.00134,0.00974,-5.00,0.00,0.00,35.0,125.65,634.59,267.50,DESCEND
7.0784,0.0314,0.1488,0.1287,0.01289,0.00734,0.01174,-5.00,0.00,0.00,35.0,125.65,634.59,267.44,DESCEND
7.0885,0.1514,-0.2211,0.2887,0.01889,0.00234,0.00974,-5.00,0.00,0.00,35.1,125.65,634.59,267.40,DESCEND
7.0987,0.2314,0.0588,-0.2212,0.01789,-0.00465,0.01074,-5.00,0.00,0.00,35.1,125.65,634.59,267.34,DESCEND
7.1088,0.0514,-0.1911,0.1387,-0.00010,-0.00665,0.01274,-5.00,0.00,0.00,35.2,125.65,634.59,267.30,DESCEND
7.1190,0.1914,0.0388,0.0087,0.01889,0.00234,0.01274,-5.00,0.00,0.00,35.2,125.65,634.60,267.24,DESCEND
7.1291,0.0014,0.0488,0.1087,0.01289,0.00434,0.01174,-5.00,0.00,0.00,35.3,125.65,634.60,267.18,DESCEND
7.1392,0.1914,-0.0511,0.2287,0.03089,0.00934,0.00874,-5.00,0.00,0.00,35.3,125.65,634.60,267.14,DESCEND
7.1493,0.0114,0.1888,0.0487,0.00789,-0.00065,0.01474,-5.00,0.00,0.00,35.4,125.65,634.60,267.08,DESCEND
7.1594,0.2114,-0.1811,0.3987,0.02289,0.01434,0.00874,-5.00,0.00,0.00,35.4,125.65,634.60,267.04,DESCEND
7.1695,0.3414,-0.1011,0.0287,0.03189,0.00534,0.01174,-5.00,0.00,0.00,35.5,125.65,634.61,266.98,DESCEND
7.1797,0.4014,-0.5211,0.3187,0.03489,0.00434,0.00874,-5.00,0.00,0.00,35.5,125.65,634.61,266.94,DESCEND
7.1898,-0.0085,-0.0711,0.1087,0.01489,0.00634,0.01074,-5.00,0.00,0.00,35.6,125.65,634.61,266.88,DESCEND
7.2000,0.0414,-0.0611,0.2587,0.03689,0.01534,0.01174,-5.00,0.00,0.00,35.6,125.65,634.61,266.84,DESCEND
7.2101,0.0314,0.2488,-0.2612,0.01489,-0.00065,0.01874,-5.00,0.00,0.00,35.7,125.65,634.61,266.78,DESCEND
7.2202,0.0114,-0.2511,0.5087,0.00289,0.00534,0.01074,-5.00,0.00,0.00,35.7,125.65,634.61,266.74,DESCEND
7.2303,0.0714,0.1588,-0.3312,0.02289,-0.00165,0.01374,-5.00,0.00,0.00,35.8,125.65,634.62,266.68,DESCEND
7.2405,0.0214,0.0788,-0.1312,0.01689,0.00034,0.01374,-5.00,0.00,0.00,35.8,125.65,634.62,266.64,DESCEND
7.2506,0.1014,-0.1111,-0.0112,0.01089,0.00034,0.01274,-5.00,0.00,0.00,35.9,125.66,634.62,266.58,DESCEND
7.2607,-0.0385,-0.0911,-0.0412,0.01189,-0.00365,0.01474,-5.00,0.00,0.00,35.9,125.66,634.62,266.54,DESCEND
7.2709,0.0114,-0.0411,0.0687,0.00889,-0.00165,0.01474,-5.00,0.00,0.00,36.0,125.66,634.62,266.48,DESCEND
7.2810,-0.0085,0.6188,-0.3212,0.00689,-0.00565,0.01974,-5.00,0.00,0.00,36.1,125.66,634.63,266.42,DESCEND
7.2911,0.2314,0.0288,-0.1712,0.02989,0.00234,0.01174,-5.00,0.00,0.00,36.1,125.66,634.63,266.38,DESCEND
7.3012,0.1514,0.0388,0.1687,0.03189,0.01634,0.01274,-5.00,0.00,0.00,36.2,125.66,634.63,266.32,DESCEND
7.3113,0.1414,0.2588,-0.2212,0.01989,0.00434,0.01474,-5.00,0.00,0.00,36.2,125.66,634.63,266.28,DESCEND
7.3214,0.0614,0.4888,-0.3112,0.02689,0.00734,0.01274,-5.00,0.00,0.00,36.3,125.66,634.63,266.22,DESCEND
7.3315,0.2514,0.2088,-0.1412,0.01789,-0.01165,0.01474,-5.00,0.00,0.00,36.3,125.66,634.63,266.18,DESCEND
7.3416,0.1714,-0.3811,0.1187,0.03289,0.00334,0.00974,-5.00,0.00,0.00,36.4,125.66,634.64,266.12,DESCEND
7.3518,0.1214,0.0188,-0.1612,0.00189,-0.01465,0.01174,-5.00,0.00,0.00,36.4,125.66,634.64,266.09,DESCEND
7.3619,0.1514,0.3188,-0.1012,0.01789,-0.00965,0.01574,-5.00,0.00,0.00,36.5,125.66,634.64,266.03,DESCEND
7.3720,-0.0185,0.2288,-0.0612,0.00489,-0.00765,0.01574,-5.00,0.00,0.00,36.5,125.66,634.64,265.99,DESCEND
7.3821,-0.0285,-0.0411,0.0387,0.00989,0.00534,0.01674,-5.00,0.00,0.00,36.6,125.66,634.64,265.93,DESCEND
7.3922,0.2014,0.1688,-0.0212,0.03789,0.00534,0.01274,-5.00,0.00,0.00,36.6,125.66,634.65,265.89,DESCEND
7.4023,0.3114,0.3288,-0.2112,0.02889,0.00434,0.01374,-5.00,0.00,0.00,36.7,125.66,634.65,265.83,DESCEND
7.4125,0.0314,0.2088,-0.2212,-0.00610,-0.01165,0.01474,-5.00,0.00,0.00,36.7,125.66,634.65,265.79,DESCEND
7.4226,0.1014,0.0188,0.0187,0.00689,-0.00665,0.01274,-5.00,0.00,0.00,36.8,125.66,634.65,265.73,DESCEND
7.4327,-0.0285,0.2388,-0.1012,0.01789,0.00134,0.01674,-5.00,0.00,0.00,36.8,125.66,634.65,265.69,DESCEND
7.4428,0.1214,-0.1111,0.0087,0.02489,0.00534,0.01274,-5.00,0.00,0.00,36.9,125.66,634.66,265.63,DESCEND
7.4529,0.0814,-0.0311,0.0087,0.00989,-0.00265,0.01274,-5.00,0.00,0.00,36.9,125.66,634.66,265.57,DESCEND
7.4630,0.0914,0.3788,-0.3812,0.01689,-0.00465,0.01674,-5.00,0.00,0.00,37.0,125.66,634.66,265.53,DESCEND
7.4732,-0.0485,-0.1511,0.0187,0.00589,-0.00365,0.01174,-5.00,0.00,0.00,37.0,125.66,634.66,265.47,DESCEND
7.4833,-0.0685,0.0488,-0.1012,0.00389,-0.00265,0.01274,-5.00,0.00,0.00,37.1,125.66,634.66,265.43,DESCEND
7.4934,0.2914,-0.3011,0.2987,0.03489,0.00834,0.00874,-5.00,0.00,0.00,37.1,125.66,634.67,265.37,DESCEND
7.5035,0.0614,0.2088,-0.2012,0.00789,-0.00565,0.01674,-5.00,0.00,0.00,37.2,125.66,634.67,265.33,DESCEND
7.5137,0.0914,0.0088,-0.2012,0.00989,-0.00065,0.01174,-5.00,0.00,0.00,37.2,125.66,634.67,265.27,DESCEND
7.5238,0.0414,-0.2011,-0.1712,0.02289,0.00734,0.01074,-5.00,0.00,0.00,37.3,125.66,634.67,265.23,DESCEND
7.5338,0.1414,0.3188,0.0487,0.01589,-0.00265,0.01474,-5.00,0.00,0.00,37.3,125.66,634.67,265.17,DESCEND
7.5439,0.1714,0.2688,-0.2112,0.02189,-0.00165,0.00974,-5.00,0.00,0.00,37.4,125.66,634.67,265.13,DESCEND
7.5540,-0.0485,-0.0811,-0.0912,0.01589,0.00334,0.01474,-5.00,0.00,0.00,37.4,125.66,634.68,265.07,DESCEND
7.5641,0.0414,0.5788,-0.3012,0.00889,-0.00665,0.01374,-5.00,0.00,0.00,37.5,125.66,634.68,265.03,DESCEND
7.5743,0.1614,-0.1411,0.2587,0.03089,0.01634,0.01074,-5.00,0.00,0.00,37.5,125.66,634.68,264.97,DESCEND
7.5844,0.2914,-0.2911,0.2587,0.03489,0.00734,0.00974,-5.00,0.00,0.00,37.6,125.66,634.68,264.93,DESCEND
7.5946,0.0414,0.1888,-0.3812,-0.00310,-0.01065,0.01474,-5.00,0.00,0.00,37.6,125.66,634.68,264.87,DESCEND
7.6047,-0.0085,0.2188,0.1887,0.02589,0.00834,0.01574,-5.00,0.00,0.00,37.7,125.66,634.69,264.83,DESCEND
7.6148,0.1614,0.2088,-0.5012,0.01689,-0.00565,0.01674,-5.00,0.00,0.00,37.7,125.66,634.69,264.77,DESCEND
7.6248,0.1214,0.2788,-0.1312,0.01489,-0.00865,0.01574,-5.00,0.00,0.00,37.8,125.66,634.69,264.73,DESCEND
7.6350,0.0814,0.1388,-0.2512,0.02889,0.00234,0.01374,-5.00,0.00,0.00,37.8,125.66,634.69,264.67,DESCEND
7.6451,0.1014,0.0788,0.1687,0.01589,0.00634,0.01274,-5.00,0.00,0.00,37.9,125.66,634.69,264.61,DESCEND
7.6552,0.3014,-0.0211,0.1187,0.03389,0.00534,0.00974,-5.00,0.00,0.00,37.9,125.66,634.69,264.57,DESCEND
7.6653,0.0414,0.0088,0.1387,0.02889,0.01034,0.01474,-5.00,0.00,0.00,38.0,125.66,634.70,264.51,DESCEND
7.6754,0.2014,0.0288,0.1287,0.02489,0.00634,0.01174,-5.00,0.00,0.00,38.0,125.66,634.70,264.47,DESCEND
7.6856,0.1314,-0.2711,-0.0012,0.01589,-0.00765,0.01174,-5.00,0.00,0.00,38.1,125.66,634.70,264.41,DESCEND
7.6957,0.0814,0.3888,-0.2512,0.02189,0.00434,0.01374,-5.00,0.00,0.00,38.1,125.66,634.70,264.37,DESCEND
7.7058,0.1514,-0.0311,-0.0412,0.01589,-0.00065,0.00974,-5.00,0.00,0.00,38.2,125.66,634.70,264.31,DESCEND
7.7160,0.0714,0.0088,-0.1612,0.00189,-0.00765,0.01374,-5.00,0.00,0.00,38.2,125.66,634.71,264.27,DESCEND
7.7261,0.2514,-0.0511,0.1787,0.02289,0.00234,0.01674,-5.00,0.00,0.00,38.3,125.66,634.71,264.21,DESCEND
7.7362,0.0514,0.1488,-0.2612,-0.00010,-0.01065,0.01374,-5.00,0.00,0.00,38.3,125.66,634.71,264.17,DESCEND
7.7463,0.0714,0.0788,0.1387,0.02289,0.01234,0.01474,-5.00,0.00,0.00,38.4,125.66,634.71,264.11,DESCEND
7.7564,-0.1485,-0.1511,0.1187,0.00889,0.01034,0.01474,-5.00,0.00,0.00,38.4,125.66,634.71,264.07,DESCEND
7.7666,0.0514,0.2888,-0.1712,-0.00210,-0.00465,0.01574,-5.00,0.00,0.00,38.5,125.66,634.72,264.01,DESCEND
7.7767,0.1814,0.2188,0.0487,0.01889,-0.00465,0.01174,-5.00,0.00,0.00,38.5,125.66,634.72,263.97,DESCEND
7.7868,0.1914,0.2088,-0.1412,0.01289,-0.00565,0.01274,-5.00,0.00,0.00,38.6,125.66,634.72,263.91,DESCEND
7.7970,0.2314,-0.0211,0.3087,0.02089,0.00234,0.01474,-5.00,0.00,0.00,38.6,125.66,634.72,263.85,DESCEND
7.8071,0.2014,0.1588,-0.1412,0.00989,-0.00865,0.01174,-5.00,0.00,0.00,38.7,125.66,634.72,263.81,DESCEND
7.8172,-0.0285,0.1988,-0.1212,0.00389,-0.00165,0.01674,-5.00,0.00,0.00,38.7,125.66,634.73,263.75,DESCEND
7.8273,0.1314,-0.1311,0.1587,0.01489,-0.00065,0.01374,-5.00,0.00,0.00,38.8,125.66,634.73,263.71,DESCEND
7.8375,0.0814,0.0388,-0.0312,0.01889,-0.00065,0.01474,-5.00,0.00,0.00,38.8,125.66,634.73,263.65,DESCEND
7.8477,0.1814,0.0188,-0.1012,0.01989,0.00034,0.01174,-5.00,0.00,0.00,38.9,125.66,634.73,263.61,DESCEND
7.8578,0.1914,0.0588,-0.0512,0.02789,0.00834,0.00974,-5.00,0.00,0.00,38.9,125.66,634.73,263.55,DESCEND
7.8679,0.1314,0.0988,-0.2112,0.01289,-0.00965,0.01474,-5.00,0.00,0.00,39.0,125.66,634.73,263.51,DESCEND
7.8780,0.1414,0.3688,-0.2312,-0.00310,-0.01865,0.01574,-5.00,0.00,0.00,39.0,125.66,634.74,263.45,DESCEND
7.8882,0.0614,0.3988,-0.2412,0.00489,-0.00565,0.01574,-5.00,0.00,0.00,39.1,125.66,634.74,263.41,DESCEND
7.8983,0.1314,-0.2911,0.2187,0.00189,-0.00365,0.01174,-5.00,0.00,0.00,39.1,125.66,634.74,263.35,DESCEND
7.9084,-0.0185,0.1088,-0.1112,0.00989,0.00034,0.01574,-5.00,0.00,0.00,39.2,125.66,634.74,263.31,DESCEND
7.9186,0.1414,0.0288,-0.0012,0.02989,0.00834,0.01274,-5.00,0.00,0.00,39.2,125.66,634.74,263.25,DESCEND
7.9287,-0.0085,0.0288,-0.0212,0.01289,0.00334,0.01374,-5.00,0.00,0.00,39.3,125.66,634.75,263.21,DESCEND
7.9388,0.0314,0.1388,-0.1212,0.01089,-0.00165,0.01774,-5.00,0.00,0.00,39.3,125.66,634.75,263.15,DESCEND
7.9489,0.0714,0.0688,-0.0212,0.01889,0.01134,0.01674,-5.00,0.00,0.00,39.4,125.66,634.75,263.11,DESCEND
7.9590,0.0214,-0.0211,0.1987,0.00089,0.00134,0.01074,-5.00,0.00,0.00,39.4,125.66,634.75,263.05,DESCEND
7.9691,0.1414,-0.1211,-0.1112,0.00589,-0.00865,0.01274,-5.00,0.00,0.00,39.5,125.67,634.75,262.99,DESCEND
7.9793,-0.0185,0.0388,-0.0012,0.01089,-0.00465,0.01274,-5.00,0.00,0.00,39.5,125.67,634.75,262.95,DESCEND
7.9894,0.0514,-0.4311,0.2587,0.00689,-0.00465,0.00974,-5.00,0.00,0.00,39.6,125.67,634.76,262.89,DESCEND
7.9995,0.0414,-0.1411,0.1087,0.00589,-0.00365,0.01074,-5.00,0.00,0.00,39.6,125.67,634.76,262.85,DESCEND
8.0096,0.1814,0.0388,-0.0912,0.02089,-0.00365,0.01174,-5.00,0.00,0.00,39.7,125.67,634.76,262.79,DESCEND
8.0197,0.2514,0.2588,-0.0912,0.02089,-0.00665,0.01674,-5.00,0.00,0.00,39.7,125.67,634.76,262.75,DESCEND
8.0298,0.1314,0.0588,-0.2212,0.00689,-0.00665,0.01274,-5.00,0.00,0.00,39.8,125.67,634.76,262.69,DESCEND
8.0400,-0.0985,0.1988,-0.0712,0.00089,-0.00265,0.01574,-5.00,0.00,0.00,39.8,125.67,634.77,262.65,DESCEND
8.0501,0.2014,-0.0211,-0.2312,0.03289,-0.00265,0.01374,-5.00,0.00,0.00,39.9,125.67,634.77,262.59,DESCEND
8.0602,0.0114,-0.1411,-0.1112,0.01189,0.00934,0.01274,-5.00,0.00,0.00,39.9,125.67,634.77,262.55,DESCEND
8.0704,0.0914,0.1788,-0.2512,0.00489,-0.00565,0.01374,-5.00,0.00,0.00,40.0,125.67,634.77,262.49,DESCEND
8.0805,0.1314,0.0588,-0.0612,0.03189,0.00534,0.01474,-5.00,0.00,0.00,40.0,125.67,634.77,262.45,DESCEND
8.0906,0.1314,-0.1511,0.1687,0.01289,-0.00665,0.01074,-5.00,0.00,0.00,40.1,125.67,634.78,262.39,DESCEND
8.1007,0.2214,-0.1311,0.1587,0.03189,0.00534,0.01174,-5.00,0.00,0.00,40.1,125.67,634.78,262.35,DESCEND
8.1109,0.2214,0.2988,-0.0412,0.02889,0.00534,0.01274,-5.00,0.00,0.00,40.2,125.67,634.78,262.29,DESCEND
8.1210,0.3614,-0.2311,0.0987,0.03289,0.00134,0.01574,-5.00,0.00,0.00,40.2,125.67,634.78,262.25,DESCEND
8.1311,-0.0185,0.0288,-0.2212,0.01589,0.00534,0.01274,-5.00,0.00,0.00,40.3,125.67,634.78,262.19,DESCEND
8.1412,0.3514,0.5088,-0.4812,0.01489,-0.00865,0.01774,-5.00,0.00,0.00,40.4,125.67,634.79,262.13,DESCEND
8.1513,0.1414,0.1788,0.0087,0.01089,-0.01065,0.01474,-5.00,0.00,0.00,40.4,125.67,634.79,262.09,DESCEND
8.1614,-0.0485,-0.0711,0.0787,0.01789,0.01134,0.01274,-5.00,0.00,0.00,40.5,125.67,634.79,262.03,DESCEND
8.1715,0.2214,-0.0911,-0.0612,0.03589,-0.00065,0.00974,-5.00,0.00,0.00,40.5,125.67,634.79,261.99,DESCEND
8.1817,0.0514,0.3188,-0.1012,0.02089,0.00234,0.01774,-5.00,0.00,0.00,40.6,125.67,634.79,261.93,DESCEND
8.1918,0.0514,0.1088,-0.1012,0.02289,0.00734,0.01274,-5.00,0.00,0.00,40.6,125.67,634.79,261.89,DESCEND
8.2019,0.1314,-0.0511,0.2687,0.02389,0.00434,0.01174,-5.00,0.00,0.00,40.7,125.67,634.80,261.83,DESCEND
8.2120,0.0214,-0.1111,0.0087,0.00989,-0.00165,0.01074,-5.00,0.00,0.00,40.7,125.67,634.80,261.79,DESCEND
8.2221,0.0714,-0.1111,0.2787,0.03089,0.02134,0.01474,-5.00,0.00,0.00,40.8,125.67,634.80,261.73,DESCEND
8.2322,0.1314,-0.0311,-0.2912,0.01789,0.00334,0.01474,-5.00,0.00,0.00,40.8,125.67,634.80,261.69,DESCEND
8.2423,0.2814,0.2888,-0.3312,0.02389,-0.00465,0.01474,-5.00,0.00,0.00,40.9,125.67,634.80,261.63,DESCEND
8.2525,-0.0785,0.4288,-0.3312,0.00889,-0.00165,0.01774,-5.00,0.00,0.00,40.9,125.67,634.81,261.59,DESCEND
8.2626,0.1014,0.1488,-0.1612,0.01989,-0.00265,0.01474,-5.00,0.00,0.00,41.0,125.67,634.81,261.53,DESCEND
8.2727,-0.0285,0.0188,-0.1512,0.01689,0.00234,0.01374,-5.00,0.00,0.00,41.0,125.67,634.81,261.49,DESCEND
8.2828,0.2614,0.1688,-0.3212,0.01689,-0.00665,0.01474,-5.00,0.00,0.00,41.1,125.67,634.81,261.43,DESCEND
8.2929,0.2814,0.4088,-0.1512,0.02589,0.00634,0.01574,-5.00,0.00,0.00,41.1,125.67,634.81,261.39,DESCEND
8.3031,0.0314,0.3488,-0.1312,0.00789,-0.01265,0.01374,-5.00,0.00,0.00,41.2,125.67,634.82,261.33,DESCEND
8.3132,0.0614,0.1188,-0.0012,0.00989,-0.00365,0.01374,-5.00,0.00,0.00,41.2,125.67,634.82,261.27,DESCEND
8.3233,0.3914,-0.1111,0.1387,0.03589,0.00034,0.01174,-5.00,0.00,0.00,41.3,125.67,634.82,261.23,DESCEND
8.3334,0.3614,0.0288,-0.1512,0.02889,0.00134,0.01074,-5.00,0.00,0.00,41.3,125.67,634.82,261.17,DESCEND
8.3435,0.3714,-0.2911,0.3087,0.03389,0.00134,0.01474,-5.00,0.00,0.00,41.4,125.67,634.82,261.13,DESCEND
8.3536,0.2114,0.0588,0.0687,0.03389,0.01034,0.00974,-5.00,0.00,0.00,41.4,125.67,634.82,261.07,DESCEND
8.3637,-0.0085,0.3788,-0.3712,0.00389,-0.00665,0.01674,-5.00,0.00,0.00,41.5,125.67,634.83,261.03,DESCEND
8.3738,0.0414,0.0188,-0.0912,0.01889,0.01034,0.01474,-5.00,0.00,0.00,41.5,125.67,634.83,260.97,DESCEND
8.3840,0.3014,-0.0111,0.2187,0.03389,0.01234,0.00974,-5.00,0.00,0.00,41.6,125.67,634.83,260.93,DESCEND
8.3941,0.1314,0.1188,-0.0612,0.02989,0.00834,0.01374,-5.00,0.00,0.00,41.6,125.67,634.83,260.87,DESCEND
8.4042,-0.0185,0.0088,-0.1612,0.00289,0.01834,0.00974,-5.00,0.00,0.00,41.7,125.67,634.83,260.83,DESCEND
8.4143,0.2914,-0.0411,0.2187,0.02489,0.02234,0.00874,-5.00,0.00,0.00,41.7,125.67,634.84,260.77,DESCEND
8.4244,0.2814,0.2488,-0.0812,-0.00210,0.00034,0.01274,-5.00,0.00,0.00,41.8,125.67,634.84,260.73,DESCEND
8.4345,0.1114,-0.1211,0.0787,0.01689,0.02834,0.00974,-5.00,0.00,0.00,41.8,125.67,634.84,260.67,DESCEND
8.4446,0.4014,0.1888,-0.1312,0.01189,0.01734,0.00974,-5.00,0.00,0.00,41.9,125.67,634.84,260.63,DESCEND
8.4548,0.2314,0.2788,0.0687,0.02089,0.03534,0.00774,-5.00,0.00,0.00,41.9,125.67,634.84,260.57,DESCEND
8.4648,0.4414,0.1488,-0.1212,0.00989,0.02834,0.00674,-5.00,0.00,0.00,42.0,125.67,634.84,260.53,DESCEND
8.4749,0.3414,0.2888,0.0787,0.02389,0.03634,0.00874,-5.00,0.00,0.00,42.0,125.67,634.85,260.47,DESCEND
8.4851,0.3914,0.5288,-0.3312,0.02289,0.03534,0.01174,-5.00,0.00,0.00,42.1,125.67,634.85,260.41,DESCEND
8.4952,0.6314,0.0188,-0.2412,0.01889,0.03434,0.00174,-5.00,0.00,0.00,42.1,125.67,634.85,260.37,DESCEND
8.5054,0.3714,0.1388,0.3487,0.00789,0.04334,0.00274,-5.00,0.00,0.00,42.2,125.67,634.85,260.31,DESCEND
8.5155,0.5114,-0.2411,-0.1012,0.01589,0.03934,0.00474,-5.00,0.00,0.00,42.2,125.67,634.85,260.27,DESCEND
8.5257,0.3114,0.0788,0.0587,0.02589,0.05634,0.00474,-5.00,0.00,0.00,42.3,125.67,634.86,260.21,DESCEND
8.5358,0.3714,-0.1011,0.0987,0.02989,0.06534,0.00274,-5.00,0.00,0.00,42.3,125.67,634.86,260.17,DESCEND
8.5459,0.2614,0.2688,-0.1812,0.01389,0.05634,0.00274,-5.00,0.00,0.00,42.4,125.67,634.86,260.11,DESCEND
8.5560,0.5614,-0.3811,0.2487,0.02489,0.06134,0.00274,-5.00,0.00,0.00,42.4,125.67,634.86,260.07,DESCEND
8.5661,0.5314,-0.3311,0.0887,0.01489,0.05334,-0.00525,-5.00,0.00,0.00,42.5,125.67,634.86,260.01,DESCEND
8.5762,0.6514,0.1988,-0.0112,0.03189,0.05934,0.00174,-5.00,0.00,0.00,42.5,125.67,634.87,259.97,DESCEND
8.5863,0.5314,0.0788,-0.0812,0.01689,0.06034,-0.00025,-5.00,0.00,0.00,42.6,125.67,634.87,259.91,DESCEND
8.5964,0.4214,-0.0611,0.0187,0.02489,0.06734,-0.00225,-5.00,0.00,0.00,42.6,125.67,634.87,259.87,DESCEND
8.6066,0.3114,0.1588,0.1287,0.01989,0.06934,0.00374,-5.00,0.00,0.00,42.7,125.67,634.87,259.81,DESCEND
8.6167,0.3114,0.2488,0.1787,0.00689,0.07234,-0.00425,-5.00,0.00,0.00,42.7,125.67,634.87,259.77,DESCEND
8.6268,0.5314,-0.1311,0.4287,0.02289,0.08634,-0.00325,-5.00,0.00,0.00,42.8,125.67,634.88,259.71,DESCEND
8.6369,0.7414,-0.0111,0.0987,0.03189,0.07334,-0.00625,-5.00,0.00,0.00,42.8,125.67,634.88,259.67,DESCEND
8.6471,0.7214,-0.0011,0.2987,0.02489,0.08834,-0.00425,-5.00,0.00,0.00,42.9,125.67,634.88,259.61,DESCEND
8.6571,0.9114,-0.1411,0.1787,0.03089,0.08234,-0.00525,-5.00,0.00,0.00,42.9,125.67,634.88,259.55,DESCEND
8.6673,0.7814,-0.0511,0.1887,0.04089,0.09034,-0.00625,-5.00,0.00,0.00,43.0,125.67,634.88,259.51,DESCEND
8.6774,0.7214,-0.2811,0.2287,0.04689,0.10234,-0.00725,-5.00,0.00,0.00,43.0,125.67,634.88,259.45,DESCEND
8.6875,0.6014,0.1788,0.0587,0.02789,0.09434,-0.00125,-5.00,0.00,0.00,43.1,125.67,634.89,259.41,DESCEND
8.6976,0.6814,-0.1211,0.0287,0.02889,0.10034,-0.00725,-5.00,0.00,0.00,43.1,125.68,634.89,259.35,DESCEND
8.7077,0.6714,-0.1111,0.4387,0.03589,0.10134,-0.00325,-5.00,0.00,0.00,43.2,125.68,634.89,259.31,DESCEND
8.7179,0.6814,0.0288,-0.1612,0.02289,0.09534,-0.00625,-5.00,0.00,0.00,43.2,125.68,634.89,259.25,DESCEND
8.7280,1.0214,-0.1311,-0.2312,0.03389,0.09234,-0.00825,-5.00,0.00,0.00,43.3,125.68,634.89,259.21,DESCEND
8.7381,0.5214,0.0188,0.0687,0.01189,0.09834,-0.00625,-5.00,0.00,0.00,43.3,125.68,634.90,259.15,DESCEND
8.7730,0.7714,0.0088,-0.0012,0.02689,0.10634,-0.00925,-5.00,0.00,0.00,43.5,125.68,634.90,258.99,DESCEND
8.7831,0.7814,-0.0211,0.2387,0.01189,0.10834,-0.00625,-5.00,0.00,0.00,43.6,125.68,634.90,258.93,DESCEND
8.7933,0.8014,-0.2711,0.4487,0.03889,0.12034,-0.01225,-5.00,0.00,0.00,43.6,125.68,634.91,258.87,DESCEND
8.8034,0.8514,-0.3311,0.3087,0.02789,0.11634,-0.01225,-5.00,0.00,0.00,43.7,125.68,634.91,258.81,SEARCH_Y
8.8135,0.7614,0.0888,-0.0012,0.03389,0.11734,-0.00925,0.00,-3.00,0.00,43.7,125.68,634.91,258.77,SEARCH_Y
8.8236,0.6814,0.1688,-0.2712,0.00489,0.10834,-0.00925,0.00,-3.00,0.00,43.8,125.68,634.91,258.73,SEARCH_Y
8.8338,0.8514,-0.1011,0.1787,0.00789,0.11534,-0.01325,0.00,-3.00,0.00,43.8,125.67,634.91,258.68,SEARCH_Y
8.8438,0.8914,-0.0511,-0.1612,0.03089,0.10634,-0.01325,0.00,-3.00,0.00,43.8,125.67,634.91,258.64,SEARCH_Y
8.8540,0.7314,-0.0011,0.4387,0.01289,0.13134,-0.01125,0.00,-3.00,0.00,43.9,125.66,634.92,258.60,SEARCH_Y
8.8641,1.0714,-0.0911,0.0787,0.04289,0.12634,-0.01025,0.00,-3.00,0.00,43.9,125.65,634.92,258.57,SEARCH_Y
8.8742,0.9714,-0.1911,0.4387,0.01489,0.11334,-0.01225,0.00,-3.00,0.00,44.0,125.64,634.92,258.53,SEARCH_Y
8.8843,0.7814,-0.0611,0.3287,0.00789,0.11834,-0.01525,0.00,-3.00,0.00,44.0,125.63,634.92,258.51,SEARCH_Y
8.8944,0.8214,-0.1211,0.3687,0.01689,0.12734,-0.01225,0.00,-3.00,0.00,44.0,125.62,634.92,258.47,SEARCH_Y
8.9045,1.0914,0.2488,0.1887,0.04189,0.13534,-0.01025,0.00,-3.00,0.00,44.0,125.60,634.92,258.46,SEARCH_Y
8.9146,1.0014,0.1688,0.2087,0.03289,0.11534,-0.00825,0.00,-3.00,0.00,44.1,125.58,634.92,258.43,SEARCH_Y
8.9247,0.7914,0.1788,0.2887,0.01389,0.13134,-0.01225,0.00,-3.00,0.00,44.1,125.57,634.92,258.42,SEARCH_Y
8.9349,0.8214,0.2788,-0.2712,0.01689,0.11034,-0.01025,0.00,-3.00,0.00,44.1,125.54,634.92,258.40,SEARCH_Y
8.9449,0.8714,-0.1811,0.3587,0.02589,0.13034,-0.01325,0.00,-3.00,0.00,44.1,125.52,634.92,258.39,SEARCH_Y
8.9551,0.9114,-0.3211,0.4487,0.02889,0.13234,-0.01625,0.00,-3.00,0.00,44.1,125.49,634.92,258.38,SEARCH_Y
8.9652,0.6614,-0.0411,0.4287,0.03189,0.13834,-0.01225,0.00,-3.00,0.00,44.1,125.46,634.92,258.38,SEARCH_Y
8.9753,0.8714,0.3588,-0.1212,0.02689,0.12234,-0.01025,0.00,-3.00,0.00,44.1,125.43,634.92,258.38,SEARCH_Y
8.9855,0.8814,-0.0411,0.1687,0.03789,0.13234,-0.01125,0.00,-3.00,0.00,44.1,125.40,634.92,258.38,SEARCH_Y
8.9956,0.9214,0.1588,-0.1312,0.02389,0.12434,-0.01525,0.00,-3.00,0.00,44.1,125.37,634.92,258.38,SEARCH_Y
9.0057,0.9714,-0.0011,0.2787,0.04189,0.14634,-0.01425,0.00,-3.00,0.00,44.1,125.34,634.91,258.38,SEARCH_Y
9.0158,0.9414,-0.1611,0.4487,0.04089,0.13734,-0.01525,0.00,-3.00,0.00,44.1,125.31,634.91,258.38,SEARCH_Y
9.0259,0.8414,0.1888,0.1287,0.03089,0.12734,-0.01025,0.00,-3.00,0.00,44.1,125.28,634.91,258.38,SEARCH_Y
9.0360,1.0214,0.1488,0.1087,0.04589,0.12934,-0.01525,0.00,-3.00,0.00,44.1,125.25,634.91,258.38,SEARCH_Y
9.0461,0.7014,-0.0511,0.4387,0.03189,0.14334,-0.01425,0.00,-3.00,0.00,44.1,125.22,634.91,258.38,SEARCH_Y
9.0562,0.9814,0.1188,0.4187,0.01189,0.12534,-0.01225,0.00,-3.00,0.00,44.1,125.19,634.91,258.38,SEARCH_Y
9.0663,0.8014,0.1488,0.0187,0.01889,0.12834,-0.01025,0.00,-3.00,0.00,44.1,125.16,634.91,258.38,SEARCH_Y
9.0765,0.7114,0.2488,-0.0412,-0.00610,0.12734,-0.01325,0.00,-3.00,0.00,44.1,125.13,634.91,258.38,SEARCH_Y
9.0866,0.8014,0.4188,-0.1912,-0.00410,0.12534,-0.01125,0.00,-3.00,0.00,44.1,125.10,634.91,258.38,SEARCH_Y
9.0967,0.9814,0.1088,-0.3412,0.00189,0.11134,-0.01725,0.00,-3.00,0.00,44.1,125.07,634.91,258.38,SEARCH_Y
9.1068,0.9914,-0.3611,0.3287,0.01889,0.12834,-0.02025,0.00,-3.00,0.00,44.1,125.04,634.91,258.38,SEARCH_Y
9.1169,0.7414,0.2388,0.1087,0.01289,0.13134,-0.01225,0.00,-3.00,0.00,44.1,125.01,634.90,258.38,SEARCH_Y
9.1271,0.7814,0.1788,-0.0612,-0.01110,0.12034,-0.01625,0.00,-3.00,0.00,44.1,124.98,634.90,258.38,SEARCH_Y
9.1372,0.9514,0.2888,-0.1812,0.01789,0.12934,-0.01425,0.00,-3.00,0.00,44.1,124.95,634.90,258.38,SEARCH_Y
9.1473,0.9214,0.5688,-0.2812,-0.00110,0.10934,-0.01325,0.00,-3.00,0.00,44.1,124.92,634.90,258.38,SEARCH_Y
9.1574,0.8314,0.0088,0.4087,-0.00110,0.13834,-0.01825,0.00,-3.00,0.00,44.1,124.88,634.90,258.37,SEARCH_Y
9.1675,1.0314,-0.0711,0.1387,0.01289,0.13234,-0.02025,0.00,-3.00,0.00,44.1,124.86,634.90,258.37,SEARCH_Y
9.1776,1.0814,-0.1111,0.0487,0.01089,0.12634,-0.02225,0.00,-3.00,0.00,44.1,124.82,634.90,258.37,SEARCH_Y
9.1877,1.0714,0.2388,-0.2112,0.01289,0.13134,-0.02025,0.00,-3.00,0.00,44.1,124.80,634.90,258.37,SEARCH_Y
9.1978,1.1614,0.0888,-0.0812,0.03189,0.14434,-0.02325,0.00,-3.00,0.00,44.1,124.76,634.90,258.37,SEARCH_Y
9.2080,0.8114,0.2288,0.0587,-0.00110,0.13434,-0.02025,0.00,-3.00,0.00,44.1,124.74,634.90,258.37,SEARCH_Y
9.2181,0.8914,0.2988,0.2887,0.00489,0.14434,-0.01825,0.00,-3.00,0.00,44.1,124.70,634.90,258.37,SEARCH_Y
9.2282,0.8914,0.3088,-0.1312,-0.00110,0.13834,-0.02125,0.00,-3.00,0.00,44.1,124.67,634.90,258.37,SEARCH_Y
9.2383,1.1114,0.0588,0.1587,0.01389,0.13734,-0.02325,0.00,-3.00,0.00,44.1,124.64,634.89,258.37,SEARCH_Y
9.2484,0.7714,0.4488,-0.0112,0.01189,0.14134,-0.01725,0.00,-3.00,0.00,44.1,124.61,634.89,258.37,SEARCH_Y
9.2585,0.8114,0.4388,-0.1812,0.00789,0.14334,-0.01725,0.00,-3.00,0.00,44.1,124.58,634.89,258.37,SEARCH_Y
9.2687,0.7914,0.3588,0.0587,0.00189,0.14534,-0.02225,0.00,-3.00,0.00,44.1,124.55,634.89,258.37,SEARCH_Y
9.2788,1.0014,0.0588,-0.0512,0.00689,0.14634,-0.02525,0.00,-3.00,0.00,44.1,124.52,634.89,258.37,SEARCH_Y
9.2888,0.9514,0.1188,-0.0112,0.01689,0.14534,-0.02125,0.00,-3.00,0.00,44.1,124.49,634.89,258.37,SEARCH_Y
9.2989,0.9214,0.1988,-0.0112,-0.00010,0.14034,-0.02225,0.00,-3.00,0.00,44.1,124.46,634.89,258.37,SEARCH_Y
9.3091,0.9114,0.3088,0.0287,0.02689,0.15334,-0.02225,0.00,-3.00,0.00,44.1,124.43,634.89,258.37,SEARCH_Y
9.3192,0.9614,0.5388,-0.5812,-0.00110,0.12734,-0.01725,0.00,-3.00,0.00,44.1,124.40,634.89,258.37,SEARCH_Y
9.3293,1.0414,0.0688,0.0187,0.01089,0.13634,-0.02125,0.00,-3.00,0.00,44.1,124.36,634.89,258.37,SEARCH_Y
9.3395,1.1114,-0.0111,0.2287,0.00589,0.13534,-0.02425,0.00,-3.00,0.00,44.1,124.34,634.89,258.37,SEARCH_Y
9.3496,1.1014,0.1588,-0.0812,0.01289,0.13734,-0.02025,0.00,-3.00,0.00,44.1,124.30,634.88,258.37,SEARCH_Y
9.3597,0.9514,0.1788,0.1587,0.00289,0.13634,-0.02125,0.00,-3.00,0.00,44.1,124.28,634.88,258.37,SEARCH_Y
9.3698,1.0514,-0.1211,0.1387,0.00189,0.13934,-0.02325,0.00,-3.00,0.00,44.1,124.24,634.88,258.37,SEARCH_Y
9.3799,1.1514,0.0588,0.0587,0.03289,0.14234,-0.02025,0.00,-3.00,0.00,44.1,124.22,634.88,258.37,SEARCH_Y
9.3900,0.8014,0.1788,-0.1012,0.00389,0.13934,-0.02125,0.00,-3.00,0.00,44.1,124.18,634.88,258.37,SEARCH_Y
9.4002,0.9414,0.0788,0.1787,0.02489,0.14434,-0.01825,0.00,-3.00,0.00,44.1,124.16,634.88,258.37,SEARCH_Y
9.4103,1.0214,0.0388,-0.1412,0.01289,0.13934,-0.02125,0.00,-3.00,0.00,44.1,124.12,634.88,258.37,SEARCH_Y
9.4204,0.8914,0.2488,-0.0112,-0.00110,0.13034,-0.02025,0.00,-3.00,0.00,44.1,124.10,634.88,258.37,SEARCH_Y
9.4305,0.9014,0.0988,0.1887,0.01389,0.13334,-0.01425,0.00,-3.00,0.00,44.1,124.06,634.88,258.37,SEARCH_Y
9.4406,0.8514,0.1288,0.0087,0.01389,0.13734,-0.01825,0.00,-3.00,0.00,44.1,124.04,634.88,258.37,SEARCH_Y
9.4507,0.7114,0.1088,0.0087,-0.00410,0.13134,-0.01825,0.00,-3.00,0.00,44.1,124.00,634.88,258.37,SEARCH_Y
9.4609,1.0214,0.3488,0.1987,0.01889,0.13634,-0.01925,0.00,-3.00,0.00,44.1,123.98,634.88,258.37,SEARCH_Y
9.4710,0.9914,0.2488,-0.0012,0.02189,0.13334,-0.01625,0.00,-3.00,0.00,44.1,123.94,634.87,258.37,SEARCH_Y
9.4811,0.9614,-0.1011,0.3387,0.01989,0.14034,-0.02125,0.00,-3.00,0.00,44.1,123.92,634.87,258.37,SEARCH_Y
9.4912,0.9014,0.1188,0.2987,0.01089,0.13834,-0.02025,0.00,-3.00,0.00,44.1,123.88,634.87,258.37,SEARCH_Y
9.5013,1.0714,0.1588,-0.0012,0.01289,0.11834,-0.01725,0.00,-3.00,0.00,44.1,123.84,634.87,258.37,SEARCH_Y
9.5114,0.7814,0.4988,-0.2612,0.01089,0.12934,-0.01825,0.00,-3.00,0.00,44.2,123.82,634.87,258.37,SEARCH_Y
9.5215,0.8814,0.2488,-0.0712,0.01389,0.13334,-0.01925,0.00,-3.00,0.00,44.2,123.78,634.87,258.37,SEARCH_Y
9.5316,1.1114,0.2788,-0.0212,0.01289,0.12834,-0.01625,0.00,-3.00,0.00,44.2,123.76,634.87,258.37,SEARCH_Y
9.5417,0.8514,0.0388,0.1587,-0.00410,0.12234,-0.01825,0.00,-3.00,0.00,44.2,123.72,634.87,258.37,SEARCH_Y
9.5519,0.8714,0.0588,0.1487,0.00689,0.12434,-0.01625,0.00,-3.00,0.00,44.2,123.70,634.87,258.37,SEARCH_Y
9.5619,0.9214,0.1388,-0.1112,0.01189,0.12934,-0.01825,0.00,-3.00,0.00,44.2,123.66,634.87,258.37,SEARCH_Y
9.5721,0.8514,0.0488,0.2387,0.00189,0.13034,-0.01925,0.00,-3.00,0.00,44.2,123.64,634.87,258.37,SEARCH_Y
9.5822,0.9414,-0.0211,0.2787,0.00689,0.12634,-0.02125,0.00,-3.00,0.00,44.2,123.60,634.86,258.37,SEARCH_Y
9.5923,0.9514,0.0888,0.3787,0.02389,0.13534,-0.01825,0.00,-3.00,0.00,44.2,123.58,634.86,258.37,SEARCH_Y
9.6024,0.9714,0.1488,0.2887,0.01589,0.13034,-0.01825,0.00,-3.00,0.00,44.2,123.54,634.86,258.37,SEARCH_Y
9.6125,0.8814,0.0188,-0.0012,0.01289,0.12334,-0.01725,0.00,-3.00,0.00,44.2,123.52,634.86,258.37,SEARCH_Y
9.6226,0.9514,0.0288,-0.0412,0.00889,0.12434,-0.02025,0.00,-3.00,0.00,44.2,123.48,634.86,258.37,SEARCH_Y
9.6327,0.8714,0.2588,-0.2512,0.00189,0.10934,-0.01425,0.00,-3.00,0.00,44.2,123.46,634.86,258.37,SEARCH_Y
9.6428,1.1114,0.0788,0.1287,0.02789,0.12334,-0.01725,0.00,-3.00,0.00,44.2,123.42,634.86,258.37,SEARCH_Y
9.6530,0.9314,0.2588,-0.3112,0.02089,0.11934,-0.01825,0.00,-3.00,0.00,44.2,123.40,634.86,258.37,SEARCH_Y
9.6631,0.8214,0.3388,-0.2212,0.01389,0.11934,-0.01325,0.00,-3.00,0.00,44.2,123.36,634.86,258.37,SEARCH_Y
9.6732,0.7614,0.6188,-0.7712,0.00789,0.11834,-0.01325,0.00,-3.00,0.00,44.2,123.34,634.86,258.37,SEARCH_Y
9.6833,0.7114,0.2288,0.0987,-0.00010,0.12134,-0.01225,0.00,-3.00,0.00,44.2,123.30,634.86,258.37,SEARCH_Y
9.6934,0.9214,0.0888,-0.3112,0.01389,0.11734,-0.01425,0.00,-3.00,0.00,44.2,123.27,634.85,258.37,SEARCH_Y
9.7035,0.8814,0.1888,0.2387,0.01489,0.13234,-0.01825,0.00,-3.00,0.00,44.2,123.24,634.85,258.37,SEARCH_Y
9.7136,0.8314,0.1688,-0.0512,0.00689,0.12034,-0.01725,0.00,-3.00,0.00,44.2,123.21,634.85,258.37,SEARCH_Y
9.7237,0.8414,-0.0111,0.4087,0.00789,0.12134,-0.01925,0.00,-3.00,0.00,44.2,123.18,634.85,258.37,SEARCH_Y
9.7338,0.7014,0.3588,-0.1312,0.00389,0.12534,-0.01425,0.00,-3.00,0.00,44.2,123.15,634.85,258.37,SEARCH_Y
9.7440,0.7914,0.0188,0.1887,0.00689,0.11934,-0.01625,0.00,-3.00,0.00,44.2,123.12,634.85,258.37,SEARCH_Y
9.7542,0.9314,0.1788,0.0187,0.00089,0.11434,-0.01625,0.00,-3.00,0.00,44.2,123.09,634.85,258.37,SEARCH_Y
9.7643,0.8614,-0.1911,0.1987,0.01589,0.12534,-0.01725,0.00,-3.00,0.00,44.2,123.06,634.85,258.37,SEARCH_Y
9.7744,0.7514,0.2888,-0.4512,0.00489,0.10934,-0.01325,0.00,-3.00,0.00,44.2,123.03,634.85,258.37,SEARCH_Y
9.7845,0.8914,-0.2311,0.0687,0.02389,0.13134,-0.01725,0.00,-3.00,0.00,44.2,123.00,634.85,258.37,SEARCH_Y
9.7946,0.8414,0.0888,0.3687,0.01889,0.12934,-0.01425,0.00,-3.00,0.00,44.2,122.97,634.85,258.37,SEARCH_Y
9.8047,0.7914,0.2188,0.0787,0.01689,0.12434,-0.01525,0.00,-3.00,0.00,44.2,122.94,634.85,258.37,SEARCH_Y
9.8148,0.7514,0.2388,-0.0012,0.01489,0.13134,-0.01325,0.00,-3.00,0.00,44.2,122.90,634.84,258.37,SEARCH_Y
9.8249,0.8714,0.0388,0.3487,0.01689,0.13634,-0.01825,0.00,-3.00,0.00,44.2,122.88,634.84,258.37,SEARCH_Y
9.8350,0.8914,0.1588,-0.0212,0.00889,0.11834,-0.01525,0.00,-3.00,0.00,44.2,122.84,634.84,258.36,SEARCH_Y
9.8451,0.9114,0.4588,-0.2212,0.00989,0.11634,-0.01025,0.00,-3.00,0.00,44.2,122.82,634.84,258.36,SEARCH_Y
9.8553,0.9514,0.1488,-0.0012,0.01789,0.13134,-0.01725,0.00,-3.00,0.00,44.2,122.78,634.84,258.36,SEARCH_Y
9.8654,0.8514,0.0988,0.1787,0.00889,0.12434,-0.01625,0.00,-3.00,0.00,44.2,122.75,634.84,258.36,SEARCH_Y
9.8755,0.8314,0.0088,0.0987,-0.00210,0.11734,-0.01625,0.00,-3.00,0.00,44.2,122.72,634.84,258.36,SEARCH_Y
9.8856,0.8214,0.5988,-0.5112,-0.00010,0.10734,-0.01625,0.00,-3.00,0.00,44.2,122.69,634.84,258.36,SEARCH_Y
9.8957,1.0214,0.1488,-0.2412,0.00489,0.10034,-0.01425,0.00,-3.00,0.00,44.2,122.66,634.84,258.36,SEARCH_Y
9.9058,0.8714,0.3388,-0.0912,0.01689,0.12234,-0.01325,0.00,-3.00,0.00,44.2,122.63,634.84,258.36,SEARCH_Y
9.9160,0.8014,0.0088,0.0687,0.00589,0.12034,-0.01525,0.00,-3.00,0.00,44.2,122.60,634.84,258.36,SEARCH_Y
9.9261,0.8914,-0.2611,0.4487,0.03189,0.13734,-0.01525,0.00,-3.00,0.00,44.2,122.57,634.83,258.36,SEARCH_Y
9.9362,0.9414,0.2888,-0.1112,0.00289,0.11834,-0.01725,0.00,-3.00,0.00,44.2,122.54,634.83,258.36,SEARCH_Y
9.9464,0.8914,0.3988,0.1487,0.01189,0.12834,-0.01225,0.00,-3.00,0.00,44.2,122.51,634.83,258.36,SEARCH_Y
9.9565,0.6814,0.5188,-0.1812,-0.02210,0.10734,-0.01425,0.00,-3.00,0.00,44.2,122.48,634.83,258.36,SEARCH_Y
9.9666,0.8014,-0.0311,0.2987,0.00889,0.12434,-0.01725,0.00,-3.00,0.00,44.2,122.45,634.83,258.36,SEARCH_Y
9.9767,0.8014,0.2688,-0.0112,0.00689,0.11634,-0.01425,0.00,-3.00,0.00,44.2,122.42,634.83,258.36,SEARCH_Y
9.9868,0.7914,-0.0411,0.0387,0.02289,0.13034,-0.01525,0.00,-3.00,0.00,44.2,122.39,634.83,258.36,SEARCH_Y
9.9970,0.9814,0.3388,-0.1712,0.01189,0.11634,-0.01125,0.00,-3.00,0.00,44.2,122.36,634.83,258.36,SEARCH_Y
10.0071,1.0314,0.2688,-0.0312,0.02289,0.11834,-0.01625,0.00,-3.00,0.00,44.2,122.33,634.83,258.36,SEARCH_Y
10.0172,0.7714,0.0888,0.0587,-0.00210,0.12534,-0.01725,0.00,-3.00,0.00,44.2,122.30,634.83,258.36,SEARCH_Y
10.0273,0.7614,0.1088,0.0387,0.00889,0.12834,-0.01625,0.00,-3.00,0.00,44.2,122.27,634.83,258.36,SEARCH_Y
10.0374,1.0214,0.2488,-0.1612,0.03289,0.13434,-0.01625,0.00,-3.00,0.00,44.2,122.23,634.83,258.36,SEARCH_Y
10.0476,0.9214,0.2388,-0.2412,0.02389,0.11034,-0.01425,0.00,-3.00,0.00,44.2,122.21,634.82,258.36,SEARCH_Y
10.0577,0.8014,0.1188,0.0487,0.01689,0.12534,-0.01525,0.00,-3.00,0.00,44.3,122.17,634.82,258.36,SEARCH_Y
10.0678,0.8114,0.2488,-0.0112,-0.00110,0.12034,-0.02125,0.00,-3.00,0.00,44.3,122.15,634.82,258.36,SEARCH_Y
10.0779,0.9214,0.0988,0.0487,0.01589,0.12234,-0.01325,0.00,-3.00,0.00,44.3,122.11,634.82,258.36,SEARCH_Y
10.0880,0.9614,-0.1011,0.0587,0.00789,0.11334,-0.01725,0.00,-3.00,0.00,44.3,122.09,634.82,258.36,SEARCH_Y
10.0981,1.0114,0.2888,-0.0612,0.01489,0.11534,-0.01625,0.00,-3.00,0.00,44.3,122.05,634.82,258.36,SEARCH_Y
10.1083,0.9414,0.1788,-0.3912,0.00389,0.11034,-0.01325,0.00,-3.00,0.00,44.3,122.03,634.82,258.36,SEARCH_Y
10.1184,0.7114,0.4588,-0.0212,0.00989,0.12534,-0.01025,0.00,-3.00,0.00,44.3,121.99,634.82,258.36,SEARCH_Y
10.1285,0.8614,0.1088,0.1587,0.01489,0.12534,-0.01625,0.00,-3.00,0.00,44.3,121.97,634.82,258.36,SEARCH_Y
10.1386,0.9514,-0.1111,0.0787,0.00389,0.11634,-0.01725,0.00,-3.00,0.00,44.3,121.93,634.82,258.36,SEARCH_Y
10.1487,0.7314,0.3588,0.0087,0.01789,0.11934,-0.01825,0.00,-3.00,0.00,44.3,121.91,634.82,258.36,SEARCH_Y
10.1588,0.6914,0.1688,-0.2312,-0.01510,0.10334,-0.01425,0.00,-3.00,0.00,44.3,121.87,634.81,258.36,SEARCH_Y
10.1689,0.6814,0.2288,0.0287,0.01189,0.12634,-0.01025,0.00,-3.00,0.00,44.3,121.85,634.81,258.36,SEARCH_Y
10.1790,0.8714,0.2788,-0.0512,0.01189,0.11634,-0.01625,0.00,-3.00,0.00,44.3,121.81,634.81,258.36,SEARCH_Y
10.1891,0.8114,0.3988,-0.2712,0.00989,0.11234,-0.01225,0.00,-3.00,0.00,44.3,121.79,634.81,258.36,SEARCH_Y
10.1993,0.7614,0.2888,-0.0812,-0.00910,0.10334,-0.01225,0.00,-3.00,0.00,44.3,121.75,634.81,258.36,SEARCH_Y
10.2094,0.7814,0.4588,-0.0512,0.00789,0.11234,-0.01125,0.00,-3.00,0.00,44.3,121.71,634.81,258.36,SEARCH_Y
10.2195,1.0214,0.1288,-0.0012,0.02589,0.11734,-0.01625,0.00,-3.00,0.00,44.3,121.69,634.81,258.36,SEARCH_Y
10.2296,0.9314,0.1888,-0.0712,0.02889,0.12234,-0.01325,0.00,-3.00,0.00,44.3,121.65,634.81,258.36,SEARCH_Y
10.2397,0.8314,0.1788,-0.1712,0.01789,0.11534,-0.01325,0.00,-3.00,0.00,44.3,121.63,634.81,258.36,SEARCH_Y
10.2498,0.7114,0.2988,-0.0212,0.00889,0.11534,-0.01325,0.00,-3.00,0.00,44.3,121.59,634.81,258.36,SEARCH_Y
10.2599,0.9614,0.0488,-0.1612,0.01989,0.12334,-0.01725,0.00,-3.00,0.00,44.3,121.57,634.81,258.36,SEARCH_Y
10.2701,0.9314,0.2388,-0.4712,0.00989,0.11034,-0.01025,0.00,-3.00,0.00,44.3,121.54,634.81,258.36,SEARCH_Y
10.2802,0.8214,0.0988,-0.1112,0.00789,0.11434,-0.01525,0.00,-3.00,0.00,44.3,121.51,634.80,258.36,SEARCH_Y
10.2903,0.8414,0.1388,0.0687,0.01189,0.11634,-0.01625,0.00,-3.00,0.00,44.3,121.47,634.80,258.36,SEARCH_Y
10.3004,0.9014,0.3588,-0.3512,0.01189,0.10434,-0.01025,0.00,-3.00,0.00,44.3,121.45,634.80,258.36,SEARCH_Y
10.3105,0.7814,0.1988,-0.1212,0.00589,0.10334,-0.01025,0.00,-3.00,0.00,44.3,121.41,634.80,258.36,SEARCH_Y
10.3206,0.9314,-0.1111,0.0387,0.02089,0.12134,-0.01625,0.00,-3.00,0.00,44.3,121.39,634.80,258.36,SEARCH_Y
10.3308,0.8314,0.1988,0.0487,0.00989,0.11934,-0.01325,0.00,-3.00,0.00,44.3,121.35,634.80,258.36,SEARCH_Y
10.3408,0.8514,-0.0011,-0.1612,0.01489,0.11634,-0.01425,0.00,-3.00,0.00,44.3,121.33,634.80,258.36,SEARCH_Y
10.3509,0.7614,-0.0511,0.2487,0.01289,0.11734,-0.01425,0.00,-3.00,0.00,44.3,121.29,634.80,258.36,SEARCH_Y
10.3610,0.6414,0.5588,-0.1112,0.01289,0.12234,-0.01725,0.00,-3.00,0.00,44.3,121.27,634.80,258.36,SEARCH_Y
10.3711,0.6214,0.0988,-0.0312,-0.02010,0.10534,-0.01425,0.00,-3.00,0.00,44.3,121.23,634.80,258.36,SEARCH_Y
10.3812,0.9014,0.3288,-0.0912,0.00889,0.10634,-0.01625,0.00,-3.00,0.00,44.3,121.21,634.80,258.36,SEARCH_Y
10.3913,0.9814,0.3188,-0.3212,0.02689,0.10334,-0.01025,0.00,-3.00,0.00,44.3,121.17,634.79,258.36,SEARCH_Y
10.4015,0.9514,0.1788,-0.0412,0.01189,0.11034,-0.01425,0.00,-3.00,0.00,44.3,121.13,634.79,258.36,SEARCH_Y
10.4116,0.9014,0.2788,-0.0212,0.03489,0.12834,-0.01425,0.00,-3.00,0.00,44.3,121.11,634.79,258.36,SEARCH_Y
10.4217,1.0714,0.0488,-0.0912,0.02789,0.11434,-0.01725,0.00,-3.00,0.00,44.4,121.07,634.79,258.36,SEARCH_Y
10.4318,0.8514,0.1288,-0.2212,0.01989,0.11134,-0.01225,0.00,-3.00,0.00,44.4,121.05,634.79,258.36,SEARCH_Y
10.4419,0.7214,0.2988,-0.0212,0.01989,0.11934,-0.01325,0.00,-3.00,0.00,44.4,121.01,634.79,258.36,SEARCH_Y
10.4520,0.8514,0.2188,-0.0312,0.01489,0.11734,-0.00925,0.00,-3.00,0.00,44.4,120.99,634.79,258.36,SEARCH_Y
10.4621,0.8414,0.2588,0.0587,0.01389,0.11934,-0.01925,0.00,-3.00,0.00,44.4,120.95,634.79,258.36,SEARCH_Y
10.4722,0.7414,0.3088,-0.0812,0.01589,0.11234,-0.01225,0.00,-3.00,0.00,44.4,120.93,634.79,258.36,SEARCH_Y
10.4824,0.8414,0.2788,0.0387,0.00889,0.10934,-0.01525,0.00,-3.00,0.00,44.4,120.89,634.79,258.36,SEARCH_Y
10.4925,0.6114,0.2288,0.1787,0.00689,0.12234,-0.01525,0.00,-3.00,0.00,44.4,120.87,634.79,258.36,SEARCH_Y
10.5026,0.7714,0.1688,-0.1412,-0.00210,0.10134,-0.01325,0.00,-3.00,0.00,44.4,120.83,634.78,258.36,SEARCH_Y
10.5127,0.6914,0.2988,-0.2612,0.01389,0.11734,-0.01325,0.00,-3.00,0.00,44.4,120.81,634.78,258.35,SEARCH_Y
10.5228,0.7914,0.0688,0.2987,0.01089,0.12234,-0.01425,0.00,-3.00,0.00,44.4,120.77,634.78,258.35,SEARCH_Y
10.5330,0.9614,0.3388,-0.0312,-0.00610,0.10134,-0.01425,0.00,-3.00,0.00,44.4,120.75,634.78,258.35,SEARCH_Y
10.5431,0.8014,-0.0011,0.1587,0.00889,0.11734,-0.01425,0.00,-3.00,0.00,44.4,120.71,634.78,258.35,SEARCH_Y
10.5532,1.0114,0.2388,-0.1512,0.02089,0.10534,-0.01425,0.00,-3.00,0.00,44.4,120.69,634.78,258.35,SEARCH_Y
10.5633,0.8014,0.3188,0.1187,0.00089,0.10634,-0.01325,0.00,-3.00,0.00,44.4,120.65,634.78,258.35,SEARCH_Y
10.5735,0.9914,0.1788,-0.1312,0.01589,0.10934,-0.01525,0.00,-3.00,0.00,44.4,120.62,634.78,258.35,SEARCH_Y
10.5836,0.7614,-0.0811,0.0787,-0.00310,0.11334,-0.01525,0.00,-3.00,0.00,44.4,120.59,634.78,258.35,SEARCH_Y
10.5937,0.7714,0.5188,-0.5212,0.00889,0.10334,-0.01125,0.00,-3.00,0.00,44.4,120.56,634.78,258.35,SEARCH_Y
10.6039,0.6914,0.0788,0.1087,0.00889,0.11734,-0.01325,0.00,-3.00,0.00,44.4,120.53,634.78,258.35,SEARCH_Y
10.6140,0.9314,0.4888,-0.1712,0.00989,0.10234,-0.01025,0.00,-3.00,0.00,44.4,120.50,634.78,258.35,SEARCH_Y
10.6241,0.8714,-0.0711,0.2587,0.01989,0.11334,-0.01925,0.00,-3.00,0.00,44.4,120.47,634.77,258.35,SEARCH_Y
10.6342,0.7914,0.1188,0.0787,0.01189,0.11834,-0.01325,0.00,-3.00,0.00,44.4,120.44,634.77,258.35,SEARCH_Y
10.6443,0.5814,0.3588,0.0187,0.00589,0.10634,-0.01025,0.00,-3.00,0.00,44.4,120.41,634.77,258.35,SEARCH_Y
10.6544,0.7314,0.3388,0.2387,0.00689,0.11734,-0.01025,0.00,-3.00,0.00,44.4,120.38,634.77,258.35,SEARCH_Y
10.6646,0.7414,0.0688,0.1187,-0.00210,0.09934,-0.01325,0.00,-3.00,0.00,44.4,120.35,634.77,258.35,SEARCH_Y
10.6747,0.7814,0.1988,-0.0612,-0.00310,0.10134,-0.01625,0.00,-3.00,0.00,44.4,120.32,634.77,258.35,SEARCH_Y
10.6848,0.5114,0.2888,0.2687,0.00589,0.11834,-0.01025,0.00,-3.00,0.00,44.4,120.29,634.77,258.35,SEARCH_Y
10.6949,0.6914,-0.0311,0.1087,0.01389,0.11834,-0.01125,0.00,-3.00,0.00,44.4,120.26,634.77,258.35,SEARCH_Y
10.7050,0.9914,-0.0911,0.2187,0.02289,0.11434,-0.01925,0.00,-3.00,0.00,44.4,120.23,634.77,258.35,SEARCH_Y
10.7151,0.6514,-0.0411,0.0487,0.01489,0.11534,-0.01325,0.00,-3.00,0.00,44.5,120.20,634.77,258.35,SEARCH_Y
10.7252,1.0014,0.4088,-0.2312,0.00789,0.09934,-0.01125,0.00,-3.00,0.00,44.5,120.17,634.77,258.35,SEARCH_Y
10.7354,0.9314,0.2188,-0.2312,0.01689,0.10734,-0.01425,0.00,-3.00,0.00,44.5,120.14,634.76,258.35,SEARCH_Y
10.7455,0.8714,0.6088,-0.0812,0.01789,0.10834,-0.01225,0.00,-3.00,0.00,44.5,120.10,634.76,258.35,SEARCH_Y
10.7556,0.8414,0.1988,-0.0312,0.02289,0.10934,-0.01325,0.00,-3.00,0.00,44.5,120.08,634.76,258.35,SEARCH_Y
10.7657,0.9414,0.1788,-0.1212,0.00389,0.10034,-0.01125,0.00,-3.00,0.00,44.5,120.04,634.76,258.35,SEARCH_Y
10.7758,0.7014,0.4988,-0.4412,0.00989,0.10134,-0.00925,0.00,-3.00,0.00,44.5,120.02,634.76,258.35,SEARCH_Y
10.7860,0.9614,0.6388,-0.4712,0.00989,0.09234,-0.01025,0.00,-3.00,0.00,44.5,119.98,634.76,258.35,SEARCH_Y
10.7961,0.8414,-0.0911,0.0087,0.00189,0.10334,-0.01725,0.00,-3.00,0.00,44.5,119.95,634.76,258.35,SEARCH_Y
10.8062,0.7714,-0.0511,0.3587,0.01189,0.11134,-0.01425,0.00,-3.00,0.00,44.5,119.92,634.76,258.35,SEARCH_Y
10.8163,0.7414,0.1888,-0.0112,0.00389,0.10234,-0.01225,0.00,-3.00,0.00,44.5,119.89,634.76,258.35,SEARCH_Y
10.8264,0.6414,0.0288,0.1787,-0.00010,0.10234,-0.01425,0.00,-3.00,0.00,44.5,119.86,634.76,258.35,SEARCH_Y
10.8366,0.8814,0.1788,-0.0112,0.02189,0.10834,-0.01425,0.00,-3.00,0.00,44.5,119.83,634.76,258.35,SEARCH_Y
10.8467,0.6114,0.4488,-0.1712,0.01089,0.10534,-0.01025,0.00,-3.00,0.00,44.5,119.80,634.76,258.35,SEARCH_Y
10.8567,0.9914,0.0888,0.0987,0.02089,0.11134,-0.01325,0.00,-3.00,0.00,44.5,119.77,634.75,258.35,SEARCH_Y
10.8668,0.7614,0.0988,0.1087,0.01189,0.11234,-0.01025,0.00,-3.00,0.00,44.5,119.74,634.75,258.35,SEARCH_Y
10.8769,0.7214,0.3388,-0.2412,0.01089,0.10334,-0.01025,0.00,-3.00,0.00,44.5,119.71,634.75,258.35,SEARCH_Y
10.8871,0.9514,0.3988,0.0087,0.01389,0.10434,-0.01225,0.00,-3.00,0.00,44.5,119.68,634.75,258.35,SEARCH_Y
10.8972,0.7314,0.1988,0.0487,0.00989,0.10234,-0.01225,0.00,-3.00,0.00,44.5,119.65,634.75,258.35,SEARCH_Y
10.9073,0.8514,-0.2711,0.1887,0.01189,0.10534,-0.01925,0.00,-3.00,0.00,44.5,119.62,634.75,258.35,SEARCH_Y
10.9174,0.7214,-0.1011,0.2987,0.01789,0.11534,-0.01425,0.00,-3.00,0.00,44.5,119.58,634.75,258.35,SEARCH_Y
10.9275,0.8014,0.2188,0.0787,0.01689,0.11134,-0.01525,0.00,-3.00,0.00,44.5,119.56,634.75,258.35,SEARCH_Y
10.9376,1.0414,0.3088,-0.0812,0.03789,0.10534,-0.01325,0.00,-3.00,0.00,44.5,119.52,634.75,258.35,SEARCH_Y
10.9478,0.8114,0.5388,-0.2612,0.01489,0.09834,-0.01325,0.00,-3.00,0.00,44.5,119.50,634.75,258.35,SEARCH_Y
10.9579,0.9514,0.1188,0.1487,0.01289,0.11034,-0.01625,0.00,-3.00,0.00,44.6,119.46,634.75,258.35,SEARCH_Y
10.9681,0.8214,0.2488,-0.0312,0.02089,0.11434,-0.01425,0.00,-3.00,0.00,44.6,119.44,634.74,258.35,SEARCH_Y
10.9782,0.7214,0.1288,-0.2812,-0.00010,0.10134,-0.01525,0.00,-3.00,0.00,44.6,119.40,634.74,258.35,SEARCH_Y
10.9883,0.8414,0.0488,-0.2912,-0.00510,0.09234,-0.01525,0.00,-3.00,0.00,44.6,119.38,634.74,258.35,SEARCH_Y
10.9984,0.8514,0.3388,-0.3512,0.01089,0.10534,-0.01025,0.00,-3.00,0.00,44.6,119.34,634.74,258.35,SEARCH_Y
11.0085,0.8214,0.0988,0.5087,0.01589,0.10934,-0.01325,0.00,-3.00,0.00,44.6,119.32,634.74,258.35,SEARCH_Y
11.0186,0.7914,0.0488,0.3387,0.01689,0.11134,-0.01625,0.00,-3.00,0.00,44.6,119.28,634.74,258.35,SEARCH_Y
11.0287,0.8414,0.2788,0.1987,0.01289,0.11534,-0.01025,0.00,-3.00,0.00,44.6,119.26,634.74,258.35,SEARCH_Y
11.0389,0.7614,0.3688,-0.2612,0.00789,0.10134,-0.01025,0.00,-3.00,0.00,44.6,119.22,634.74,258.35,SEARCH_Y
11.0490,0.8214,0.0088,0.1087,0.01089,0.10034,-0.01325,0.00,-3.00,0.00,44.6,119.20,634.74,258.35,SEARCH_Y
11.0591,0.9514,0.3088,0.0087,0.00489,0.10534,-0.01725,0.00,-3.00,0.00,44.6,119.16,634.74,258.35,SEARCH_Y
11.0692,0.7114,0.1888,0.0687,0.00789,0.11234,-0.01425,0.00,-3.00,0.00,44.6,119.14,634.74,258.35,SEARCH_Y
11.0793,0.8114,-0.3211,0.3487,0.01089,0.11434,-0.01825,0.00,-3.00,0.00,44.6,119.10,634.73,258.35,SEARCH_Y
11.0894,0.9414,0.4588,-0.1312,0.00689,0.09434,-0.01225,0.00,-3.00,0.00,44.6,119.06,634.73,258.35,SEARCH_Y
11.0995,0.7414,0.0888,0.3187,-0.00310,0.10534,-0.01225,0.00,-3.00,0.00,44.6,119.04,634.73,258.35,SEARCH_Y
11.1097,0.9814,0.1488,-0.1512,0.02589,0.10334,-0.01225,0.00,-3.00,0.00,44.6,119.00,634.73,258.35,SEARCH_Y
11.1198,0.7214,0.0188,0.1887,0.00289,0.10634,-0.01025,0.00,-3.00,0.00,44.6,118.98,634.73,258.35,SEARCH_Y
11.1299,0.7414,0.1388,0.1887,0.01489,0.10834,-0.01525,0.00,-3.00,0.00,44.6,118.94,634.73,258.35,SEARCH_Y
11.1400,0.7614,0.1988,-0.2712,0.00589,0.09434,-0.01025,0.00,-3.00,0.00,44.6,118.92,634.73,258.35,SEARCH_Y
11.1501,0.6914,0.1288,0.0087,0.00789,0.11134,-0.00925,0.00,-3.00,0.00,44.6,118.88,634.73,258.35,SEARCH_Y
11.1602,0.8414,0.0688,-0.0512,0.01889,0.10834,-0.01525,0.00,-3.00,0.00,44.6,118.86,634.73,258.35,SEARCH_Y
11.1703,0.9114,0.0988,-0.2512,0.01989,0.11234,-0.01625,0.00,-3.00,0.00,44.6,118.82,634.73,258.35,SEARCH_Y
11.1804,0.8014,0.1888,-0.1612,0.01789,0.10634,-0.01425,0.00,-3.00,0.00,44.6,118.80,634.73,258.34,SEARCH_Y
11.1905,0.8814,0.2988,-0.2912,0.01389,0.10234,-0.01225,0.00,-3.00,0.00,44.7,118.76,634.73,258.34,SEARCH_Y
11.2007,0.7714,0.0088,0.1287,0.00389,0.10834,-0.01625,0.00,-3.00,0.00,44.7,118.74,634.72,258.34,SEARCH_Y
11.2108,0.8214,0.2188,0.0387,0.00989,0.10234,-0.01125,0.00,-3.00,0.00,44.7,118.70,634.72,258.34,SEARCH_Y
11.2209,0.8214,0.1888,-0.1912,0.01089,0.09934,-0.01025,0.00,-3.00,0.00,44.7,118.68,634.72,258.34,SEARCH_Y
11.2310,0.6914,0.1088,-0.1012,0.02189,0.10634,-0.01225,0.00,-3.00,0.00,44.7,118.64,634.72,258.34,SEARCH_Y
11.2412,0.7614,-0.2811,0.2187,0.01889,0.11234,-0.01425,0.00,-3.00,0.00,44.7,118.62,634.72,258.34,SEARCH_Y
11.2513,0.8414,-0.0211,0.1287,0.01989,0.10534,-0.01325,0.00,-3.00,0.00,44.7,118.58,634.72,258.34,SEARCH_Y
11.2614,0.7514,0.2988,-0.1912,0.01089,0.10334,-0.01025,0.00,-3.00,0.00,44.7,118.55,634.72,258.34,SEARCH_Y
11.2715,0.8514,0.1288,0.2187,0.01189,0.10434,-0.01225,0.00,-3.00,0.00,44.7,118.52,634.72,258.34,SEARCH_Y
11.2816,0.6914,0.1688,-0.3212,-0.00110,0.10134,-0.01025,0.00,-3.00,0.00,44.7,118.49,634.72,258.34,SEARCH_Y
11.2917,0.8714,0.1988,0.1787,0.02889,0.11534,-0.01725,0.00,-3.00,0.00,44.7,118.46,634.72,258.34,SEARCH_Y
11.3018,0.7014,0.1288,-0.1412,0.00089,0.09534,-0.00525,0.00,-3.00,0.00,44.7,118.43,634.72,258.34,SEARCH_Y
11.3120,0.7514,0.0588,-0.2212,0.03189,0.10934,-0.01025,0.00,-3.00,0.00,44.7,118.40,634.71,258.34,SEARCH_Y
11.3221,0.6314,0.4088,-0.0512,0.00889,0.09034,-0.01825,0.00,-3.00,0.00,44.7,118.37,634.71,258.34,SEARCH_Y
11.3322,0.8514,-0.0511,-0.0412,0.01989,0.10634,-0.01325,0.00,-3.00,0.00,44.7,118.34,634.71,258.34,SEARCH_Y
11.3423,0.9414,-0.0411,-0.0512,0.02689,0.11734,-0.01125,0.00,-3.00,0.00,44.7,118.31,634.71,258.34,SEARCH_Y
11.3524,0.7614,-0.1011,0.0887,0.03089,0.10034,-0.01925,0.00,-3.00,0.00,44.7,118.28,634.71,258.34,SEARCH_Y
11.3626,0.6214,0.2688,-0.0412,0.00989,0.09634,-0.01825,0.00,-3.00,0.00,44.7,118.25,634.71,258.34,SEARCH_Y
11.3727,0.9914,0.1188,-0.1212,0.04389,0.12034,-0.01025,0.00,-3.00,0.00,44.7,118.22,634.71,258.34,SEARCH_Y
11.3828,0.6114,0.1188,0.2587,0.00689,0.11434,-0.01125,0.00,-3.00,0.00,44.7,118.18,634.71,258.34,SEARCH_Y
11.3929,0.7114,0.2088,-0.1212,0.02589,0.09934,-0.01225,0.00,-3.00,0.00,44.8,118.16,634.71,258.34,SEARCH_Y
11.4030,0.6514,0.4788,-0.4412,0.00389,0.10434,-0.01125,0.00,-3.00,0.00,44.8,118.12,634.71,258.34,SEARCH_Y
11.4132,0.6814,0.4488,0.1287,-0.00710,0.11234,-0.01025,0.00,-3.00,0.00,44.8,118.10,634.71,258.34,SEARCH_Y
11.4235,0.7614,0.1488,0.1987,0.01289,0.10234,-0.01125,0.00,-3.00,0.00,44.8,118.06,634.71,258.34,SEARCH_Y
11.4336,0.7414,-0.2511,0.2587,0.00589,0.10334,-0.01625,0.00,-3.00,0.00,44.8,118.03,634.70,258.34,SEARCH_Y
11.4437,0.5914,0.1488,0.1787,0.00489,0.11334,-0.01725,0.00,-3.00,0.00,44.8,118.00,634.70,258.34,SEARCH_Y
11.4539,0.7614,0.1388,-0.1312,0.01389,0.11634,-0.01325,0.00,-3.00,0.00,44.8,117.97,634.70,258.34,SEARCH_Y
11.4640,0.9414,-0.1211,0.1187,0.03289,0.11734,-0.01425,0.00,-3.00,0.00,44.8,117.94,634.70,258.34,SEARCH_Y
11.4741,0.7914,-0.0311,-0.0212,0.02589,0.11034,-0.01725,0.00,-3.00,0.00,44.8,117.91,634.70,258.34,SEARCH_Y
11.4842,0.7614,-0.0411,-0.0512,0.01489,0.10934,-0.01625,0.00,-3.00,0.00,44.8,117.88,634.70,258.34,SEARCH_Y
11.4944,0.9114,0.0788,0.1387,0.02489,0.11734,-0.01525,0.00,-3.00,0.00,44.8,117.85,634.70,258.34,SEARCH_Y
11.5045,0.8114,0.2888,-0.3112,0.00789,0.08734,-0.01225,0.00,-3.00,0.00,44.8,117.82,634.70,258.34,SEARCH_Y
11.5146,0.7414,0.2888,-0.0412,0.00689,0.10134,-0.01125,0.00,-3.00,0.00,44.8,117.79,634.70,258.34,SEARCH_Y
11.5247,0.7014,-0.0411,0.1887,0.01089,0.10834,-0.01325,0.00,-3.00,0.00,44.8,117.76,634.70,258.34,SEARCH_Y
11.5348,0.9614,0.2788,0.1687,0.01689,0.10634,-0.01425,0.00,-3.00,0.00,44.8,117.73,634.70,258.34,SEARCH_Y
11.5449,0.8814,0.4788,-0.1512,0.01389,0.10534,-0.01125,0.00,-3.00,0.00,44.8,117.70,634.69,258.34,SEARCH_Y
11.5551,0.7614,0.2488,-0.0912,0.03089,0.11634,-0.01025,0.00,-3.00,0.00,44.8,117.67,634.69,258.34,SEARCH_Y
11.5652,0.8414,-0.2411,0.0287,0.02389,0.11334,-0.01525,0.00,-3.00,0.00,44.8,117.64,634.69,258.34,SEARCH_Y
11.5753,0.7814,0.0888,0.2887,0.01489,0.11234,-0.01525,0.00,-3.00,0.00,44.8,117.61,634.69,258.34,SEARCH_Y
11.5855,0.7314,0.3588,-0.0912,0.01189,0.10834,-0.01025,0.00,-3.00,0.00,44.9,117.57,634.69,258.34,SEARCH_Y
11.5955,0.7714,0.2188,-0.0612,0.00289,0.09634,-0.01525,0.00,-3.00,0.00,44.9,117.55,634.69,258.34,SEARCH_Y
11.6056,0.8414,0.0288,0.0987,0.02089,0.10834,-0.01525,0.00,-3.00,0.00,44.9,117.51,634.69,258.34,SEARCH_Y
11.6158,0.8414,-0.0511,-0.0612,0.00489,0.10234,-0.01325,0.00,-3.00,0.00,44.9,117.49,634.69,258.34,SEARCH_Y
11.6258,0.7414,0.2888,-0.3212,0.01089,0.09234,-0.01025,0.00,-3.00,0.00,44.9,117.45,634.69,258.34,SEARCH_Y
11.6360,0.7614,0.5288,-0.4612,0.00689,0.09634,-0.01025,0.00,-3.00,0.00,44.9,117.43,634.69,258.34,SEARCH_Y
11.6461,0.6714,0.3588,-0.2112,0.00089,0.09634,-0.01425,0.00,-3.00,0.00,44.9,117.39,634.69,258.34,SEARCH_Y
11.6562,0.7514,0.5388,-0.2012,0.01689,0.10234,-0.01025,0.00,-3.00,0.00,44.9,117.37,634.68,258.34,SEARCH_Y
11.6663,0.6614,0.0988,0.0487,0.02189,0.11334,-0.01525,0.00,-3.00,0.00,44.9,117.33,634.68,258.34,SEARCH_Y
11.6764,0.7514,0.4488,-0.0012,0.00589,0.10034,-0.01025,0.00,-3.00,0.00,44.9,117.31,634.68,258.34,SEARCH_Y
11.6865,0.6214,0.3388,-0.0112,-0.00010,0.10634,-0.01125,0.00,-3.00,0.00,44.9,117.27,634.68,258.34,SEARCH_Y
11.6966,0.6614,0.1288,0.0487,0.02389,0.11834,-0.01325,0.00,-3.00,0.00,44.9,117.25,634.68,258.34,SEARCH_Y
11.7067,0.9214,0.4588,-0.3112,0.03789,0.10534,-0.01225,0.00,-3.00,0.00,44.9,117.21,634.68,258.34,SEARCH_Y
11.7168,0.7714,0.1888,0.2187,0.01189,0.11534,-0.01325,0.00,-3.00,0.00,44.9,117.19,634.68,258.34,SEARCH_Y
11.7269,0.8914,-0.0611,-0.0512,0.01889,0.10534,-0.01425,0.00,-3.00,0.00,44.9,117.15,634.68,258.34,SEARCH_Y
11.7370,0.9914,-0.0311,-0.0412,0.03589,0.11234,-0.01525,0.00,-3.00,0.00,44.9,117.13,634.68,258.34,SEARCH_Y
11.7472,0.7814,0.1988,0.0187,0.01889,0.10834,-0.01225,0.00,-3.00,0.00,44.9,117.09,634.68,258.34,SEARCH_Y
11.7573,0.7914,0.2988,0.0087,0.01589,0.09834,-0.01225,0.00,-3.00,0.00,45.0,117.07,634.68,258.34,SEARCH_Y
11.7674,0.8214,-0.0011,0.1087,0.00389,0.09934,-0.01225,0.00,-3.00,0.00,45.0,117.03,634.68,258.34,SEARCH_Y
11.7775,0.6414,0.3688,-0.2312,0.00489,0.10534,-0.01125,0.00,-3.00,0.00,45.0,116.99,634.67,258.34,SEARCH_Y
11.7876,0.7814,0.5088,-0.2012,0.01389,0.10834,-0.01225,0.00,-3.00,0.00,45.0,116.97,634.67,258.34,SEARCH_Y
11.7977,0.7014,0.1088,0.0287,0.02389,0.10634,-0.01225,0.00,-3.00,0.00,45.0,116.93,634.67,258.34,SEARCH_Y
11.8079,0.6114,0.3188,-0.2712,-0.01410,0.09434,-0.01225,0.00,-3.00,0.00,45.0,116.91,634.67,258.34,SEARCH_Y
11.8180,0.6414,0.2788,-0.1812,0.00589,0.10634,-0.01025,0.00,-3.00,0.00,45.0,116.87,634.67,258.34,SEARCH_Y
11.8281,0.8414,0.2988,-0.0512,0.02189,0.10834,-0.01225,0.00,-3.00,0.00,45.0,116.85,634.67,258.34,SEARCH_Y
11.8382,0.9014,0.1288,-0.3712,0.01189,0.09234,-0.01125,0.00,-3.00,0.00,45.0,116.81,634.67,258.34,SEARCH_Y
11.8483,0.8814,-0.1711,0.1687,0.01989,0.10434,-0.01625,0.00,-3.00,0.00,45.0,116.79,634.67,258.34,SEARCH_Y
11.8584,0.9814,0.3488,-0.1512,0.03189,0.10534,-0.01525,0.00,-3.00,0.00,45.0,116.75,634.67,258.33,SEARCH_Y
11.8685,0.6314,0.1488,-0.2212,0.00689,0.10634,-0.01125,0.00,-3.00,0.00,45.0,116.73,634.67,258.33,SEARCH_Y
11.8786,0.8514,0.4788,0.0987,0.01089,0.09934,-0.01125,0.00,-3.00,0.00,45.0,116.69,634.67,258.33,SEARCH_Y
11.8888,0.7014,0.2388,-0.2712,0.02189,0.09534,-0.00825,0.00,-3.00,0.00,45.0,116.67,634.66,258.33,SEARCH_Y
11.8988,0.6514,0.3488,-0.0812,0.00289,0.09034,-0.01025,0.00,-3.00,0.00,45.0,116.63,634.66,258.33,SEARCH_Y
11.9089,0.8014,0.1588,-0.0512,0.00789,0.09734,-0.01125,0.00,-3.00,0.00,45.0,116.61,634.66,258.33,SEARCH_Y
11.9191,0.7714,0.0388,0.0887,0.00789,0.10534,-0.01525,0.00,-3.00,0.00,45.0,116.57,634.66,258.33,SEARCH_Y
11.9292,0.6214,0.2488,-0.1812,0.00789,0.10434,-0.00925,0.00,-3.00,0.00,45.1,116.55,634.66,258.33,SEARCH_Y
11.9393,0.6614,0.2988,-0.1412,0.01089,0.10434,-0.01025,0.00,-3.00,0.00,45.1,116.51,634.66,258.33,SEARCH_Y
11.9494,0.7014,-0.0611,0.1787,0.00789,0.11234,-0.01225,0.00,-3.00,0.00,45.1,116.49,634.66,258.33,SEARCH_Y
11.9595,0.6514,-0.3411,0.4987,0.01789,0.11534,-0.01725,0.00,-3.00,0.00,45.1,116.45,634.66,258.33,SEARCH_Y
11.9697,0.7214,0.0788,-0.0812,0.01889,0.10934,-0.01125,0.00,-3.00,0.00,45.1,116.42,634.66,258.33,SEARCH_Y
11.9798,0.6614,-0.0011,0.0887,0.00589,0.10134,-0.01225,0.00,-3.00,0.00,45.1,116.39,634.66,258.33,SEARCH_Y
11.9899,0.6714,0.2488,0.1087,0.00589,0.09934,-0.01125,0.00,-3.00,0.00,45.1,116.35,634.66,258.33,SEARCH_Y
12.0000,0.6814,0.1488,-0.0612,0.00489,0.09334,-0.01325,0.00,-3.00,0.00,45.1,116.33,634.66,258.33,SEARCH_Y
12.0102,0.6714,0.0488,0.1787,0.00389,0.10334,-0.01425,0.00,-3.00,0.00,45.1,116.29,634.65,258.33,SEARCH_Y
12.0203,0.6514,0.1788,0.0287,0.01589,0.11534,-0.01025,0.00,-3.00,0.00,45.1,116.27,634.65,258.33,SEARCH_Y
12.0304,0.7214,0.5388,-0.2112,0.00489,0.09434,-0.01025,0.00,-3.00,0.00,45.1,116.23,634.65,258.33,SEARCH_Y
12.0405,0.5314,0.1988,0.0787,-0.00310,0.09434,-0.01025,0.00,-3.00,0.00,45.1,116.21,634.65,258.33,SEARCH_Y
12.0506,0.8214,0.2388,-0.0912,0.00989,0.10034,-0.01225,0.00,-3.00,0.00,45.1,116.17,634.65,258.33,SEARCH_Y
12.0607,0.5414,0.0888,0.0387,0.00989,0.10734,-0.01225,0.00,-3.00,0.00,45.1,116.15,634.65,258.33,SEARCH_Y
12.0711,0.8114,0.1888,0.0387,0.00989,0.09634,-0.01225,0.00,-3.00,0.00,45.1,116.11,634.65,258.33,SEARCH_Y
12.0813,0.8014,0.2288,0.1487,0.00789,0.10734,-0.01125,0.00,-3.00,0.00,45.1,116.09,634.65,258.33,SEARCH_Y
12.0914,0.8214,0.5488,0.0887,-0.00610,0.09734,-0.01225,0.00,-3.00,0.00,45.2,116.05,634.65,258.33,SEARCH_Y
12.1015,0.8614,-0.0111,-0.0312,0.00789,0.10934,-0.01825,0.00,-3.00,0.00,45.2,116.02,634.65,258.33,SEARCH_Y
12.1116,0.9514,0.2988,0.0987,-0.00510,0.09234,-0.01525,0.00,-3.00,0.00,45.2,115.99,634.65,258.33,SEARCH_Y
12.1219,0.7014,0.1788,0.3787,-0.01410,0.11434,-0.01725,0.00,-3.00,0.00,45.2,115.96,634.64,258.33,SEARCH_Y
12.1320,0.8114,0.5288,-0.0212,-0.01410,0.09834,-0.01625,0.00,-3.00,0.00,45.2,115.93,634.64,258.33,SEARCH_Y
12.1421,0.7314,0.6288,-0.0912,-0.01610,0.10634,-0.01725,0.00,-3.00,0.00,45.2,115.90,634.64,258.33,SEARCH_Y
12.1522,0.8514,0.4688,0.2887,-0.03010,0.10234,-0.02125,0.00,-3.00,0.00,45.2,115.87,634.64,258.33,SEARCH_Y
12.1624,0.9214,0.4688,0.3887,-0.02810,0.10834,-0.01825,0.00,-3.00,0.00,45.2,115.84,634.64,258.33,SEARCH_Y
12.1725,0.8214,0.7288,-0.2112,-0.05910,0.08134,-0.01825,0.00,-3.00,0.00,45.2,115.81,634.64,258.33,SEARCH_Y
12.1826,0.7814,0.3988,0.2987,-0.05810,0.10234,-0.02225,0.00,-3.00,0.00,45.2,115.78,634.64,258.33,SEARCH_Y
12.1927,0.8014,0.9488,0.0387,-0.05610,0.09634,-0.02325,0.00,-3.00,0.00,45.2,115.75,634.64,258.33,SEARCH_Y
12.2029,0.7214,0.8588,-0.1212,-0.07210,0.09534,-0.02025,0.00,-3.00,0.00,45.2,115.72,634.64,258.33,SEARCH_Y
12.2130,0.7514,0.3588,0.1487,-0.05910,0.10934,-0.02525,0.00,-3.00,0.00,45.2,115.69,634.64,258.33,SEARCH_Y
12.2231,0.9214,0.6188,0.1187,-0.03710,0.11534,-0.02525,0.00,-3.00,0.00,45.2,115.66,634.64,258.33,SEARCH_Y
12.2332,0.6714,0.9388,0.1787,-0.06510,0.11334,-0.01625,0.00,-3.00,0.00,45.2,115.63,634.63,258.33,SEARCH_Y
12.2433,0.8314,0.7188,-0.3012,-0.04510,0.11134,-0.02425,0.00,-3.00,0.00,45.3,115.60,634.63,258.33,SEARCH_Y
12.2534,0.7914,0.3988,0.1787,-0.04010,0.12434,-0.02725,0.00,-3.00,0.00,45.3,115.57,634.63,258.33,SEARCH_Y
12.2635,1.0014,0.4488,-0.0612,-0.01810,0.11634,-0.02425,0.00,-3.00,0.00,45.3,115.54,634.63,258.33,SEARCH_Y
12.2737,1.0014,0.4488,0.1287,-0.01910,0.12634,-0.02425,0.00,-3.00,0.00,45.3,115.50,634.63,258.33,SEARCH_Y
12.2838,0.7614,0.6488,0.2087,-0.02610,0.12534,-0.02225,0.00,-3.00,0.00,45.3,115.48,634.63,258.33,SEARCH_Y
12.2939,0.7714,0.2488,0.1487,-0.02410,0.13034,-0.02625,0.00,-3.00,0.00,45.3,115.44,634.63,258.33,SEARCH_Y
12.3041,1.1814,0.2488,0.4187,-0.00710,0.13834,-0.03025,0.00,-3.00,0.00,45.3,115.42,634.63,258.33,SEARCH_Y
12.3142,0.8714,0.1588,0.0587,-0.01610,0.12534,-0.02625,0.00,-3.00,0.00,45.3,115.38,634.63,258.33,SEARCH_Y
12.3243,1.1814,0.1688,0.2387,0.01089,0.13534,-0.02225,0.00,-3.00,0.00,45.3,115.36,634.63,258.33,SEARCH_Y
12.3344,0.9414,0.3688,-0.0412,0.00789,0.12734,-0.02325,0.00,-3.00,0.00,45.3,115.32,634.63,258.33,SEARCH_Y
12.3445,0.7314,0.3088,-0.0012,-0.00810,0.11434,-0.02025,0.00,-3.00,0.00,45.3,115.30,634.63,258.33,SEARCH_Y
12.3546,0.8414,0.2088,-0.0612,-0.01110,0.12134,-0.02125,0.00,-3.00,0.00,45.3,115.26,634.62,258.33,SEARCH_Y
12.3648,0.9814,0.4388,0.0087,0.01089,0.12534,-0.01925,0.00,-3.00,0.00,45.3,115.24,634.62,258.33,SEARCH_Y
12.3748,0.7614,0.2088,0.1187,0.00289,0.12234,-0.02125,0.00,-3.00,0.00,45.3,115.20,634.62,258.33,SEARCH_Y
12.3849,0.9614,0.3188,-0.0512,0.01589,0.12034,-0.02125,0.00,-3.00,0.00,45.4,115.18,634.62,258.33,SEARCH_Y
12.3950,0.9714,-0.0911,0.0687,-0.00210,0.12234,-0.02125,0.00,-3.00,0.00,45.4,115.14,634.62,258.33,SEARCH_Y
12.4052,1.0314,0.2888,-0.2912,0.02189,0.11634,-0.01925,0.00,-3.00,0.00,45.4,115.11,634.62,258.33,SEARCH_Y
12.4153,1.0214,-0.0111,-0.0312,0.02189,0.11834,-0.02225,0.00,-3.00,0.00,45.4,115.08,634.62,258.33,SEARCH_Y
12.4254,1.0414,0.0888,0.1887,0.01489,0.12434,-0.01625,0.00,-3.00,0.00,45.4,115.05,634.62,258.33,SEARCH_Y
12.4356,0.8114,-0.2611,0.2087,0.01089,0.13034,-0.02025,0.00,-3.00,0.00,45.4,115.02,634.62,258.33,SEARCH_Y
12.4457,0.9714,0.1388,-0.1312,0.00289,0.10534,-0.02025,0.00,-3.00,0.00,45.4,114.98,634.62,258.33,SEARCH_Y
12.4558,0.7314,0.2088,-0.1512,0.00489,0.11734,-0.01925,0.00,-3.00,0.00,45.4,114.96,634.62,258.33,SEARCH_Y
12.4660,0.9314,0.1788,-0.0112,0.01589,0.12134,-0.01725,0.00,-3.00,0.00,45.4,114.92,634.61,258.33,SEARCH_Y
12.4761,0.7914,0.3488,-0.1212,0.00989,0.11534,-0.01125,0.00,-3.00,0.00,45.4,114.90,634.61,258.33,SEARCH_Y
12.4862,0.8214,0.2188,0.2587,0.01189,0.12034,-0.01925,0.00,-3.00,0.00,45.4,114.86,634.61,258.33,SEARCH_Y
12.4963,0.8814,0.1488,-0.1912,0.00289,0.09934,-0.01625,0.00,-3.00,0.00,45.4,114.84,634.61,258.33,SEARCH_Y
12.5064,0.9514,0.1688,-0.0612,0.01389,0.11334,-0.01625,0.00,-3.00,0.00,45.4,114.80,634.61,258.33,SEARCH_Y
12.5165,0.6614,0.0488,0.0787,-0.00410,0.10834,-0.01525,0.00,-3.00,0.00,45.4,114.78,634.61,258.33,SEARCH_Y
12.5266,0.6014,0.3688,-0.1812,-0.00310,0.11234,-0.01625,0.00,-3.00,0.00,45.5,114.74,634.61,258.32,SEARCH_Y
12.5367,1.0414,-0.0911,-0.0012,0.01589,0.11734,-0.02025,0.00,-3.00,0.00,45.5,114.72,634.61,258.32,SEARCH_Y
12.5468,0.7714,0.4188,-0.0212,-0.00310,0.11234,-0.01425,0.00,-3.00,0.00,45.5,114.68,634.61,258.32,SEARCH_Y
12.5569,0.9414,0.3888,-0.3112,0.02689,0.11334,-0.01525,0.00,-3.00,0.00,45.5,114.66,634.61,258.32,SEARCH_Y
12.5670,0.6714,0.2488,-0.1812,0.00689,0.11734,-0.01725,0.00,-3.00,0.00,45.5,114.62,634.61,258.32,SEARCH_Y
12.5771,0.9814,-0.0311,0.2787,0.01089,0.11334,-0.01925,0.00,-3.00,0.00,45.5,114.60,634.60,258.32,SEARCH_Y
12.5873,0.9214,0.4688,0.0387,0.00589,0.11034,-0.01525,0.00,-3.00,0.00,45.5,114.56,634.60,258.32,SEARCH_Y
12.5974,0.7614,-0.2611,0.0287,0.01889,0.12434,-0.01525,0.00,-3.00,0.00,45.5,114.54,634.60,258.32,SEARCH_Y
12.6074,0.7314,0.3088,0.1787,0.01289,0.12034,-0.01725,0.00,-3.00,0.00,45.5,114.50,634.60,258.32,SEARCH_Y
12.6175,0.8514,0.3488,-0.1112,0.02989,0.12434,-0.01625,0.00,-3.00,0.00,45.5,114.46,634.60,258.32,SEARCH_Y
12.6277,0.8914,0.3188,-0.1312,0.01389,0.10834,-0.01425,0.00,-3.00,0.00,45.5,114.44,634.60,258.32,SEARCH_Y
12.6378,1.1614,0.2188,-0.1112,0.03689,0.11634,-0.01825,0.00,-3.00,0.00,45.5,114.40,634.60,258.32,SEARCH_Y
12.6479,0.8714,0.4688,-0.4012,0.00889,0.10134,-0.01325,0.00,-3.00,0.00,45.5,114.38,634.60,258.32,SEARCH_Y
12.6580,1.1414,0.2488,-0.0912,0.02589,0.10534,-0.01625,0.00,-3.00,0.00,45.6,114.34,634.60,258.32,SEARCH_Y
12.6681,1.0914,-0.2411,0.1987,0.03789,0.13034,-0.02225,0.00,-3.00,0.00,45.6,114.32,634.60,258.32,SEARCH_Y
12.6782,0.8614,0.3388,0.0387,0.00589,0.11434,-0.01525,0.00,-3.00,0.00,45.6,114.28,634.60,258.32,SEARCH_Y
12.6885,0.7914,0.2788,-0.1512,0.00589,0.11134,-0.01225,0.00,-3.00,0.00,45.6,114.26,634.60,258.32,SEARCH_Y
12.6986,1.1214,-0.2011,0.1887,0.04189,0.12734,-0.02025,0.00,-3.00,0.00,45.6,114.22,634.59,258.32,SEARCH_Y
12.7087,0.9014,-0.1011,0.2687,0.02189,0.11334,-0.02125,0.00,-3.00,0.00,45.6,114.20,634.59,258.32,SEARCH_Y
12.7188,0.6514,0.4388,-0.1512,-0.00910,0.10534,-0.01325,0.00,-3.00,0.00,45.6,114.16,634.59,258.32,SEARCH_Y
12.7290,0.9414,-0.0111,0.2087,0.02689,0.12734,-0.01525,0.00,-3.00,0.00,45.6,114.14,634.59,258.32,SEARCH_Y
12.7391,1.0014,0.2188,0.1487,0.01989,0.10634,-0.01425,0.00,-3.00,0.00,45.6,114.10,634.59,258.32,SEARCH_Y
12.7492,1.0014,0.6088,-0.3912,0.03289,0.11334,-0.01025,0.00,-3.00,0.00,45.6,114.08,634.59,258.32,SEARCH_Y
12.7593,0.7614,0.1388,-0.0812,0.00589,0.11034,-0.01625,0.00,-3.00,0.00,45.6,114.04,634.59,258.32,SEARCH_Y
12.7694,0.8614,0.2588,-0.0412,0.00989,0.11034,-0.01725,0.00,-3.00,0.00,45.6,114.02,634.59,258.32,SEARCH_Y
12.7795,0.9414,0.4488,-0.2312,0.01089,0.10234,-0.01625,0.00,-3.00,0.00,45.6,113.98,634.59,258.32,SEARCH_Y
12.7896,0.9114,0.2088,-0.1912,0.01189,0.11034,-0.01425,0.00,-3.00,0.00,45.7,113.95,634.59,258.32,SEARCH_Y
12.7997,0.8114,-0.1011,0.4587,0.02689,0.12934,-0.01725,0.00,-3.00,0.00,45.7,113.92,634.59,258.32,SEARCH_Y
12.8098,0.8514,0.2388,-0.0612,0.00989,0.10634,-0.01825,0.00,-3.00,0.00,45.7,113.89,634.58,258.32,SEARCH_Y
12.8199,0.7814,0.3488,0.0587,0.00589,0.10934,-0.01625,0.00,-3.00,0.00,45.7,113.86,634.58,258.32,SEARCH_Y
12.8300,0.7114,0.2988,-0.1712,0.00889,0.11534,-0.01625,0.00,-3.00,0.00,45.7,113.83,634.58,258.32,SEARCH_Y
12.8401,0.9914,0.2888,-0.0712,0.02289,0.10334,-0.01625,0.00,-3.00,0.00,45.7,113.80,634.58,258.32,SEARCH_Y
12.8503,0.7714,0.2588,-0.2312,0.01089,0.10834,-0.01525,0.00,-3.00,0.00,45.7,113.77,634.58,258.32,SEARCH_Y
12.8604,0.8514,0.1288,-0.0512,0.01689,0.10534,-0.01425,0.00,-3.00,0.00,45.7,113.73,634.58,258.32,SEARCH_Y
12.8705,0.8714,0.3188,0.1087,0.03089,0.12534,-0.01425,0.00,-3.00,0.00,45.7,113.71,634.58,258.32,SEARCH_Y
12.8806,0.6714,0.2988,-0.1412,0.01189,0.10634,-0.01325,0.00,-3.00,0.00,45.7,113.68,634.58,258.32,SEARCH_Y
12.8907,0.9214,0.0788,0.0087,0.02589,0.10334,-0.01525,0.00,-3.00,0.00,45.7,113.65,634.58,258.32,SEARCH_Y
12.9008,0.8714,0.3688,-0.1312,-0.00310,0.09734,-0.01425,0.00,-3.00,0.00,45.7,113.62,634.58,258.32,SEARCH_Y
12.9110,1.0314,0.2988,-0.0212,0.02689,0.10434,-0.01325,0.00,-3.00,0.00,45.7,113.59,634.58,258.32,SEARCH_Y
12.9211,0.7714,-0.2911,0.2387,0.00989,0.10534,-0.01725,0.00,-3.00,0.00,45.8,113.56,634.57,258.32,SEARCH_Y
12.9312,0.8614,0.0788,0.1287,0.02189,0.11534,-0.01425,0.00,-3.00,0.00,45.8,113.53,634.57,258.32,SEARCH_Y
12.9413,0.7514,0.4488,-0.2312,-0.00110,0.09934,-0.01125,0.00,-3.00,0.00,45.8,113.50,634.57,258.32,SEARCH_Y
12.9514,0.8214,-0.1411,0.3587,0.00689,0.10734,-0.01625,0.00,-3.00,0.00,45.8,113.47,634.57,258.32,SEARCH_Y
12.9615,0.6914,0.1988,0.1787,0.00189,0.11334,-0.01525,0.00,-3.00,0.00,45.8,113.44,634.57,258.32,SEARCH_Y
12.9717,0.8314,0.1888,-0.2812,0.01189,0.10034,-0.01225,0.00,-3.00,0.00,45.8,113.41,634.57,258.32,SEARCH_Y
12.9818,0.9614,0.2388,-0.3012,0.02089,0.10834,-0.01525,0.00,-3.00,0.00,45.8,113.37,634.57,258.32,SEARCH_Y
12.9919,0.7014,0.1488,-0.1712,-0.00510,0.10034,-0.01625,0.00,-3.00,0.00,45.8,113.35,634.57,258.32,SEARCH_Y
13.0020,0.8114,0.1888,0.1887,0.03289,0.13034,-0.01625,0.00,-3.00,0.00,45.8,113.31,634.57,258.32,SEARCH_Y
13.0121,0.9314,0.3588,-0.0212,0.02589,0.10634,-0.01425,0.00,-3.00,0.00,45.8,113.28,634.57,258.32,SEARCH_Y
13.0223,0.8414,-0.2111,0.1087,0.02789,0.11634,-0.01925,0.00,-3.00,0.00,45.8,113.25,634.57,258.32,SEARCH_Y
13.0324,0.7914,-0.2111,0.2687,0.01489,0.11734,-0.02325,0.00,-3.00,0.00,45.8,113.22,634.57,258.32,SEARCH_Y
13.0425,0.8214,0.3588,-0.0012,0.00889,0.10634,-0.01725,0.00,-3.00,0.00,45.9,113.19,634.56,258.32,SEARCH_Y
13.0526,0.8814,0.3188,-0.1212,0.01489,0.09934,-0.01525,0.00,-3.00,0.00,45.9,113.16,634.56,258.32,SEARCH_Y
13.0627,0.8114,0.0088,0.2787,0.02889,0.11534,-0.01425,0.00,-3.00,0.00,45.9,113.13,634.56,258.32,SEARCH_Y
13.0728,0.8814,0.0288,0.1187,0.01789,0.10234,-0.01425,0.00,-3.00,0.00,45.9,113.10,634.56,258.32,SEARCH_Y
13.0829,0.9014,-0.0311,0.0887,0.02589,0.10934,-0.01325,0.00,-3.00,0.00,45.9,113.07,634.56,258.32,SEARCH_Y
13.0931,0.7614,0.0588,0.1987,0.00689,0.11234,-0.01625,0.00,-3.00,0.00,45.9,113.04,634.56,258.32,SEARCH_Y
13.1032,0.9614,0.1888,-0.1112,0.00989,0.10834,-0.01525,0.00,-3.00,0.00,45.9,113.01,634.56,258.32,SEARCH_Y
13.1133,0.8314,0.1588,0.1587,0.01189,0.11334,-0.02025,0.00,-3.00,0.00,45.9,112.98,634.56,258.32,SEARCH_Y
13.1234,1.0114,0.1488,-0.0812,0.04489,0.11534,-0.01725,0.00,-3.00,0.00,45.9,112.95,634.56,258.32,SEARCH_Y
13.1335,0.8814,0.5488,-0.4612,0.00889,0.09934,-0.01225,0.00,-3.00,0.00,45.9,112.92,634.56,258.32,SEARCH_Y
13.1436,0.7514,0.2288,0.0987,0.00189,0.11334,-0.01425,0.00,-3.00,0.00,45.9,112.89,634.56,258.32,SEARCH_Y
13.1537,1.0614,0.2088,-0.1612,0.02889,0.11434,-0.01525,0.00,-3.00,0.00,45.9,112.85,634.55,258.32,SEARCH_Y
13.1638,0.8014,0.1588,0.0487,0.02989,0.11634,-0.01725,0.00,-3.00,0.00,46.0,112.83,634.55,258.32,SEARCH_Y
13.1740,0.7614,0.2388,0.2287,0.01889,0.11634,-0.01325,0.00,-3.00,0.00,46.0,112.79,634.55,258.32,SEARCH_Y
13.1841,0.9614,0.3588,0.0187,0.02689,0.11534,-0.01325,0.00,-3.00,0.00,46.0,112.77,634.55,258.32,SEARCH_Y
13.1942,0.8714,0.1688,-0.2012,0.01589,0.10834,-0.01625,0.00,-3.00,0.00,46.0,112.73,634.55,258.32,SEARCH_Y
13.2043,0.7414,0.4288,-0.1412,0.01189,0.10634,-0.01425,0.00,-3.00,0.00,46.0,112.71,634.55,258.31,SEARCH_Y
13.2145,0.7414,-0.0011,0.1987,0.00889,0.11334,-0.01725,0.00,-3.00,0.00,46.0,112.67,634.55,258.31,SEARCH_Y
13.2246,0.7714,0.1588,-0.1612,0.01489,0.10634,-0.01325,0.00,-3.00,0.00,46.0,112.65,634.55,258.31,SEARCH_Y
13.2347,0.7614,0.4388,-0.0612,0.00589,0.11934,-0.01725,0.00,-3.00,0.00,46.0,112.61,634.55,258.31,SEARCH_Y
13.2448,0.8114,0.3088,0.2387,0.00989,0.10534,-0.01325,0.00,-3.00,0.00,46.0,112.59,634.55,258.31,SEARCH_Y
13.2549,0.8014,0.0588,0.2187,0.02389,0.11834,-0.01925,0.00,-3.00,0.00,46.0,112.55,634.55,258.31,SEARCH_Y
13.2650,0.7514,-0.1811,0.0187,0.02589,0.12134,-0.01725,0.00,-3.00,0.00,46.0,112.53,634.54,258.31,SEARCH_Y
13.2751,0.9114,0.2788,-0.0912,-0.00710,0.10134,-0.01725,0.00,-3.00,0.00,46.1,112.49,634.54,258.31,SEARCH_Y
13.2852,0.8514,0.1088,-0.0812,0.02589,0.10934,-0.01325,0.00,-3.00,0.00,46.1,112.47,634.54,258.31,SEARCH_Y
13.2954,0.7114,0.2688,0.0487,-0.00710,0.10634,-0.02025,0.00,-3.00,0.00,46.1,112.43,634.54,258.31,SEARCH_Y
13.3055,0.8214,0.2788,-0.0912,-0.02510,0.10234,-0.01825,0.00,-3.00,0.00,46.1,112.41,634.54,258.31,SEARCH_Y
13.3156,0.6914,0.6488,0.0387,-0.02710,0.10534,-0.02225,0.00,-3.00,0.00,46.1,112.37,634.54,258.31,SEARCH_Y
13.3258,0.8814,0.7188,-0.1512,-0.02710,0.09834,-0.01925,0.00,-3.00,0.00,46.1,112.33,634.54,258.31,SEARCH_Y
13.3359,0.9014,0.1988,0.5087,-0.02710,0.11934,-0.02525,0.00,-3.00,0.00,46.1,112.31,634.54,258.31,SEARCH_Y
13.3460,0.8214,0.3888,0.1187,-0.03410,0.11034,-0.02125,0.00,-3.00,0.00,46.1,112.27,634.54,258.31,SEARCH_Y
13.3561,0.7914,0.4988,0.0987,-0.04010,0.10734,-0.02325,0.00,-3.00,0.00,46.1,112.25,634.54,258.31,SEARCH_Y
13.3662,0.8214,0.7888,0.1587,-0.05210,0.11034,-0.02425,0.00,-3.00,0.00,46.1,112.21,634.54,258.31,SEARCH_Y
13.3763,0.8714,0.8688,-0.0412,-0.05910,0.09634,-0.02125,0.00,-3.00,0.00,46.1,112.19,634.54,258.31,SEARCH_Y
13.3864,0.8914,0.8588,0.0287,-0.03910,0.10234,-0.02325,0.00,-3.00,0.00,46.1,112.15,634.53,258.31,SEARCH_Y
13.3965,0.7214,0.6688,0.4187,-0.06310,0.12034,-0.02725,0.00,-3.00,0.00,46.2,112.13,634.53,258.31,SEARCH_Y
13.4067,0.8414,0.6888,0.5487,-0.08110,0.10834,-0.02925,0.00,-3.00,0.00,46.2,112.09,634.53,258.31,SEARCH_Z
13.4168,0.7614,0.6688,0.5287,-0.08410,0.11834,-0.03425,0.00,0.00,3.00,46.2,112.07,634.53,258.31,SEARCH_Z
13.4269,0.7714,1.0388,-0.1112,-0.10610,0.09334,-0.02825,0.00,0.00,3.00,46.2,112.03,634.53,258.31,SEARCH_Z
13.4370,0.7314,0.7588,0.2887,-0.11910,0.10534,-0.02925,0.00,0.00,3.00,46.2,112.01,634.53,258.31,SEARCH_Z
13.4471,0.8514,1.1488,0.1187,-0.11510,0.10334,-0.03425,0.00,0.00,3.00,46.2,111.98,634.54,258.31,SEARCH_Z
13.4573,0.9714,0.8988,0.3487,-0.11810,0.10034,-0.03325,0.00,0.00,3.00,46.2,111.96,634.54,258.31,SEARCH_Z
13.4674,0.7614,0.8788,0.4487,-0.11810,0.11434,-0.03425,0.00,0.00,3.00,46.2,111.94,634.56,258.31,SEARCH_Z
13.4775,1.0214,0.6388,0.4087,-0.11610,0.10634,-0.03825,0.00,0.00,3.00,46.2,111.93,634.57,258.31,SEARCH_Z
13.4877,0.7714,1.4388,-0.0412,-0.12310,0.10834,-0.03325,0.00,0.00,3.00,46.2,111.91,634.59,258.31,SEARCH_Z
13.4978,1.0114,1.3288,-0.0012,-0.13410,0.10434,-0.03325,0.00,0.00,3.00,46.2,111.90,634.61,258.31,SEARCH_Z
13.5079,0.9614,1.2588,0.1187,-0.14010,0.10534,-0.03825,0.00,0.00,3.00,46.2,111.89,634.63,258.31,SEARCH_Z
13.5180,0.8414,0.8888,0.2787,-0.13510,0.11334,-0.04325,0.00,0.00,3.00,46.2,111.88,634.66,258.32,SEARCH_Z
13.5281,0.8314,1.2288,0.0987,-0.15010,0.10534,-0.03725,0.00,0.00,3.00,46.2,111.88,634.68,258.32,SEARCH_Z
13.5382,0.8314,1.3088,-0.2612,-0.16610,0.09534,-0.04125,0.00,0.00,3.00,46.2,111.88,634.71,258.32,SEARCH_Z
13.5483,0.7514,1.2488,0.0187,-0.16010,0.11434,-0.04025,0.00,0.00,3.00,46.2,111.88,634.74,258.32,SEARCH_Z
13.5584,0.6714,1.4688,-0.0912,-0.18310,0.09334,-0.03825,0.00,0.00,3.00,46.2,111.87,634.77,258.32,SEARCH_Z
13.5686,0.7114,1.2088,0.2487,-0.17410,0.11234,-0.03925,0.00,0.00,3.00,46.2,111.87,634.80,258.32,SEARCH_Z
13.5787,0.7414,1.0288,0.0887,-0.16610,0.10834,-0.03825,0.00,0.00,3.00,46.2,111.87,634.83,258.32,SEARCH_Z
13.5888,0.6314,1.2988,0.1487,-0.17810,0.10034,-0.04325,0.00,0.00,3.00,46.2,111.87,634.86,258.32,SEARCH_Z
13.5989,0.8114,1.5688,-0.2512,-0.17610,0.07534,-0.03525,0.00,0.00,3.00,46.2,111.87,634.89,258.32,SEARCH_Z
13.6090,0.5614,1.4988,-0.5112,-0.17310,0.08234,-0.03725,0.00,0.00,3.00,46.2,111.87,634.92,258.32,SEARCH_Z
13.6191,0.8114,1.0888,-0.0312,-0.17910,0.07834,-0.03725,0.00,0.00,3.00,46.2,111.87,634.95,258.33,SEARCH_Z
13.6293,0.5914,1.6388,-0.1912,-0.20110,0.07834,-0.03125,0.00,0.00,3.00,46.2,111.87,634.98,258.33,SEARCH_Z
13.6394,0.6514,1.2688,0.0387,-0.21610,0.07534,-0.03725,0.00,0.00,3.00,46.2,111.87,635.01,258.33,SEARCH_Z
13.6495,0.7314,1.4188,-0.0612,-0.22810,0.05234,-0.03725,0.00,0.00,3.00,46.2,111.86,635.04,258.33,SEARCH_Z
13.6596,0.6914,1.2888,0.3387,-0.20510,0.07834,-0.03525,0.00,0.00,3.00,46.2,111.86,635.07,258.33,SEARCH_Z
13.6697,0.7114,1.3988,0.3187,-0.19510,0.08534,-0.03525,0.00,0.00,3.00,46.2,111.86,635.11,258.33,SEARCH_Z
13.6799,0.9514,1.2788,-0.0712,-0.17810,0.08134,-0.03625,0.00,0.00,3.00,46.2,111.86,635.13,258.33,SEARCH_Z
13.6900,0.6214,1.2888,0.0987,-0.20110,0.08034,-0.03925,0.00,0.00,3.00,46.2,111.86,635.17,258.33,SEARCH_Z
13.7001,0.6214,1.0788,0.2687,-0.18810,0.08134,-0.03925,0.00,0.00,3.00,46.2,111.86,635.19,258.33,SEARCH_Z
13.7103,0.8314,1.4988,-0.5012,-0.19910,0.06834,-0.03425,0.00,0.00,3.00,46.2,111.86,635.23,258.34,SEARCH_Z
13.7204,0.9714,1.1488,0.5587,-0.16710,0.09734,-0.03925,0.00,0.00,3.00,46.2,111.86,635.25,258.34,SEARCH_Z
13.7305,0.6414,1.4388,-0.0512,-0.18510,0.08934,-0.03625,0.00,0.00,3.00,46.2,111.86,635.29,258.34,SEARCH_Z
13.7406,0.7014,1.9488,-0.4912,-0.19210,0.07734,-0.03325,0.00,0.00,3.00,46.2,111.85,635.31,258.34,SEARCH_Z
13.7507,0.8614,1.4788,0.0087,-0.20210,0.07934,-0.03825,0.00,0.00,3.00,46.2,111.85,635.35,258.34,SEARCH_Z
13.7608,0.6714,1.5988,-0.1312,-0.21310,0.08534,-0.03525,0.00,0.00,3.00,46.2,111.85,635.37,258.34,SEARCH_Z
13.7708,0.6514,1.7288,0.0287,-0.20610,0.08934,-0.04025,0.00,0.00,3.00,46.2,111.85,635.41,258.34,SEARCH_Z
13.7810,0.8514,1.4988,0.0887,-0.20410,0.08434,-0.04425,0.00,0.00,3.00,46.2,111.85,635.43,258.34,SEARCH_Z
13.7911,0.5314,1.6988,0.0387,-0.21710,0.09234,-0.03525,0.00,0.00,3.00,46.2,111.85,635.47,258.35,SEARCH_Z
13.8012,0.6814,1.4988,-0.0912,-0.21210,0.08534,-0.03825,0.00,0.00,3.00,46.2,111.85,635.49,258.35,SEARCH_Z
13.8113,0.7614,1.4788,-0.0312,-0.19110,0.08334,-0.03925,0.00,0.00,3.00,46.2,111.85,635.53,258.35,SEARCH_Z
13.8214,0.7814,1.6388,-0.0412,-0.19010,0.08834,-0.03625,0.00,0.00,3.00,46.2,111.85,635.55,258.35,SEARCH_Z
13.8315,0.8414,1.2388,0.1687,-0.18310,0.09634,-0.04025,0.00,0.00,3.00,46.2,111.84,635.59,258.35,SEARCH_Z
13.8416,0.9114,1.1588,0.4087,-0.16310,0.10534,-0.04325,0.00,0.00,3.00,46.2,111.84,635.61,258.35,SEARCH_Z
13.8518,0.8514,1.3988,-0.1312,-0.19010,0.08934,-0.04025,0.00,0.00,3.00,46.2,111.84,635.65,258.35,SEARCH_Z
13.8619,0.5614,1.5188,-0.0812,-0.19010,0.10134,-0.03825,0.00,0.00,3.00,46.2,111.84,635.68,258.35,SEARCH_Z
13.8720,0.9314,1.3488,0.1187,-0.19710,0.09334,-0.04425,0.00,0.00,3.00,46.2,111.84,635.71,258.35,SEARCH_Z
13.8822,0.7614,1.4088,-0.0512,-0.20310,0.09134,-0.04325,0.00,0.00,3.00,46.2,111.84,635.74,258.36,SEARCH_Z
13.8923,0.7414,1.5388,-0.0212,-0.22610,0.08234,-0.03925,0.00,0.00,3.00,46.2,111.84,635.77,258.36,SEARCH_Z
13.9024,0.9214,1.5888,-0.3312,-0.21810,0.07934,-0.04025,0.00,0.00,3.00,46.3,111.84,635.80,258.36,SEARCH_Z
13.9126,0.9614,1.1488,-0.0512,-0.18210,0.09734,-0.04725,0.00,0.00,3.00,46.3,111.83,635.83,258.36,SEARCH_Z
13.9227,0.8414,1.5488,-0.0212,-0.20010,0.09034,-0.04225,0.00,0.00,3.00,46.3,111.83,635.86,258.36,SEARCH_Z
13.9327,1.0414,1.6488,-0.1612,-0.20710,0.08434,-0.04325,0.00,0.00,3.00,46.3,111.83,635.89,258.36,SEARCH_Z
13.9428,0.7714,1.4088,-0.0512,-0.18510,0.10234,-0.04025,0.00,0.00,3.00,46.3,111.83,635.92,258.36,SEARCH_Z
13.9529,0.7814,1.5288,-0.0012,-0.19910,0.08934,-0.04525,0.00,0.00,3.00,46.3,111.83,635.95,258.36,SEARCH_Z
13.9631,0.6714,1.6988,-0.1112,-0.18710,0.10134,-0.04125,0.00,0.00,3.00,46.3,111.83,635.98,258.36,SEARCH_Z
13.9732,0.6914,1.3188,0.0887,-0.20010,0.10134,-0.04225,0.00,0.00,3.00,46.3,111.83,636.01,258.36,SEARCH_Z
13.9833,0.8214,1.2088,0.1487,-0.19210,0.10034,-0.04525,0.00,0.00,3.00,46.3,111.83,636.04,258.37,SEARCH_Z
13.9935,0.9014,1.6388,-0.2112,-0.20110,0.08634,-0.04425,0.00,0.00,3.00,46.3,111.83,636.07,258.37,SEARCH_Z
14.0036,0.9114,1.4188,-0.0212,-0.18110,0.10534,-0.04325,0.00,0.00,3.00,46.3,111.82,636.10,258.37,SEARCH_Z
14.0137,0.8514,1.2688,0.2887,-0.18810,0.10234,-0.04125,0.00,0.00,3.00,46.3,111.82,636.13,258.37,SEARCH_Z
14.0238,0.8014,1.5788,-0.1112,-0.21410,0.09034,-0.04325,0.00,0.00,3.00,46.3,111.82,636.16,258.37,SEARCH_Z
14.0339,0.9614,1.8388,-0.2712,-0.20510,0.08634,-0.03925,0.00,0.00,3.00,46.3,111.82,636.20,258.37,SEARCH_Z
14.0441,0.8614,1.5988,-0.1612,-0.21210,0.08534,-0.04225,0.00,0.00,3.00,46.3,111.82,636.22,258.37,SEARCH_Z
14.0542,0.8814,1.6888,-0.2212,-0.19010,0.10334,-0.03825,0.00,0.00,3.00,46.3,111.82,636.26,258.37,SEARCH_Z
14.0643,1.1214,1.4988,-0.0212,-0.17310,0.10534,-0.04525,0.00,0.00,3.00,46.3,111.82,636.28,258.37,SEARCH_Z
14.0744,0.7814,1.6688,-0.2612,-0.19310,0.08534,-0.04225,0.00,0.00,3.00,46.3,111.82,636.32,258.38,SEARCH_Z
14.0845,0.7514,1.5488,-0.0812,-0.18510,0.09834,-0.04025,0.00,0.00,3.00,46.3,111.82,636.34,258.38,SEARCH_Z
14.0946,0.8514,0.7988,0.4987,-0.18810,0.11634,-0.04625,0.00,0.00,3.00,46.3,111.81,636.38,258.38,SEARCH_Z
14.1047,0.8014,1.5188,0.0187,-0.20110,0.09834,-0.04425,0.00,0.00,3.00,46.3,111.81,636.40,258.38,SEARCH_Z
14.1148,0.6814,1.8488,-0.2612,-0.21010,0.08734,-0.04325,0.00,0.00,3.00,46.3,111.81,636.44,258.38,SEARCH_Z
14.1249,0.7914,1.7888,0.0387,-0.20410,0.09734,-0.04025,0.00,0.00,3.00,46.3,111.81,636.46,258.38,SEARCH_Z
14.1351,0.5214,1.4388,0.0987,-0.22110,0.10634,-0.04425,0.00,0.00,3.00,46.3,111.81,636.50,258.38,SEARCH_Z
14.1452,0.7014,1.4988,0.0487,-0.21310,0.10034,-0.04625,0.00,0.00,3.00,46.3,111.81,636.52,258.38,SEARCH_Z
14.1553,0.7014,1.7088,-0.0112,-0.20810,0.09034,-0.04225,0.00,0.00,3.00,46.3,111.81,636.56,258.38,SEARCH_Z
14.1654,0.7414,1.5688,0.1187,-0.21110,0.09634,-0.04225,0.00,0.00,3.00,46.3,111.81,636.58,258.39,SEARCH_Z
14.1756,0.7514,1.2988,-0.1612,-0.22110,0.08834,-0.04425,0.00,0.00,3.00,46.3,111.80,636.62,258.39,SEARCH_Z
14.1857,0.5914,1.4088,0.1987,-0.20910,0.09934,-0.04425,0.00,0.00,3.00,46.3,111.80,636.64,258.39,SEARCH_Z
14.1958,0.8214,1.7888,-0.2612,-0.20510,0.08434,-0.04125,0.00,0.00,3.00,46.3,111.80,636.68,258.39,SEARCH_Z
14.2059,0.7914,1.4588,0.0387,-0.19010,0.10034,-0.04125,0.00,0.00,3.00,46.3,111.80,636.72,258.39,SEARCH_Z
14.2160,0.8014,1.4088,-0.2812,-0.18710,0.10634,-0.04325,0.00,0.00,3.00,46.3,111.80,636.74,258.39,SEARCH_Z
14.2261,0.8114,1.4388,0.3387,-0.19510,0.10234,-0.04625,0.00,0.00,3.00,46.3,111.80,636.78,258.39,SEARCH_Z
14.2362,0.8114,1.4888,0.1987,-0.20110,0.10034,-0.04225,0.00,0.00,3.00,46.3,111.80,636.80,258.39,SEARCH_Z
14.2463,0.9414,1.4488,0.1787,-0.21610,0.10234,-0.04725,0.00,0.00,3.00,46.3,111.80,636.84,258.39,SEARCH_Z
14.2565,0.8614,1.2888,0.1587,-0.21410,0.09634,-0.04825,0.00,0.00,3.00,46.3,111.80,636.86,258.40,SEARCH_Z
14.2667,0.7214,1.8088,-0.0812,-0.22610,0.08334,-0.04425,0.00,0.00,3.00,46.3,111.79,636.90,258.40,SEARCH_Z
14.2768,0.7714,1.4488,0.1587,-0.21310,0.09534,-0.04525,0.00,0.00,3.00,46.3,111.79,636.92,258.40,SEARCH_Z
14.2868,0.8914,1.2288,0.1087,-0.18310,0.11034,-0.04625,0.00,0.00,3.00,46.3,111.79,636.96,258.40,SEARCH_Z
14.2970,0.6614,1.4688,0.0687,-0.19310,0.10734,-0.04725,0.00,0.00,3.00,46.3,111.79,636.98,258.40,SEARCH_Z
14.3071,0.9114,1.3588,0.1087,-0.20310,0.08934,-0.04425,0.00,0.00,3.00,46.3,111.79,637.02,258.40,SEARCH_Z
14.3172,0.8514,1.5288,0.2787,-0.19410,0.10034,-0.04125,0.00,0.00,3.00,46.3,111.79,637.04,258.40,SEARCH_Z
14.3273,1.0614,1.3888,0.0787,-0.20010,0.09334,-0.04425,0.00,0.00,3.00,46.3,111.79,637.08,258.40,SEARCH_Z
14.3374,0.7714,1.8488,-0.1412,-0.20310,0.09634,-0.03925,0.00,0.00,3.00,46.3,111.79,637.10,258.40,SEARCH_Z
14.3475,0.7714,1.2988,0.4187,-0.19610,0.10534,-0.04625,0.00,0.00,3.00,46.3,111.79,637.14,258.41,SEARCH_Z
14.3577,0.7214,1.7288,0.1287,-0.20810,0.10934,-0.04825,0.00,0.00,3.00,46.3,111.78,637.16,258.41,SEARCH_Z
14.3678,0.8714,1.3888,0.0887,-0.22110,0.09234,-0.04825,0.00,0.00,3.00,46.3,111.78,637.20,258.41,SEARCH_Z
14.3780,0.9214,1.3588,0.0887,-0.20710,0.08934,-0.04725,0.00,0.00,3.00,46.3,111.78,637.23,258.41,SEARCH_Z
14.3881,0.6414,1.3588,0.2987,-0.23610,0.09634,-0.04725,0.00,0.00,3.00,46.3,111.78,637.26,258.41,SEARCH_Z
14.3982,0.8114,1.4688,-0.0112,-0.22310,0.10034,-0.04525,0.00,0.00,3.00,46.3,111.78,637.29,258.41,SEARCH_Z
14.4083,0.6914,1.3288,0.3387,-0.20910,0.10234,-0.04525,0.00,0.00,3.00,46.3,111.78,637.32,258.41,SEARCH_Z
14.4184,0.7814,1.2288,0.1487,-0.20310,0.10134,-0.04825,0.00,0.00,3.00,46.3,111.78,637.35,258.41,SEARCH_Z
14.4285,0.9114,1.2588,-0.1512,-0.20910,0.08734,-0.04225,0.00,0.00,3.00,46.3,111.78,637.38,258.41,SEARCH_Z
14.4387,0.6014,1.4688,-0.0812,-0.22110,0.09634,-0.04225,0.00,0.00,3.00,46.3,111.77,637.41,258.42,SEARCH_Z
14.4488,0.7914,1.2788,0.0187,-0.20510,0.09734,-0.04325,0.00,0.00,3.00,46.3,111.77,637.44,258.42,SEARCH_Z
14.4589,0.5914,1.6188,0.1887,-0.20510,0.10234,-0.04725,0.00,0.00,3.00,46.3,111.77,637.47,258.42,SEARCH_Z
14.4690,0.8814,1.6488,0.0687,-0.20210,0.09634,-0.04325,0.00,0.00,3.00,46.3,111.77,637.50,258.42,SEARCH_Z
14.4791,0.9114,1.4388,-0.0412,-0.22410,0.08934,-0.04825,0.00,0.00,3.00,46.3,111.77,637.53,258.42,SEARCH_Z
14.4892,0.8114,1.7388,-0.0812,-0.22410,0.08734,-0.04325,0.00,0.00,3.00,46.3,111.77,637.56,258.42,SEARCH_Z
14.4993,0.9614,1.3088,0.2587,-0.19510,0.10934,-0.05125,0.00,0.00,3.00,46.3,111.77,637.59,258.42,SEARCH_Z
14.5095,0.9214,1.5188,-0.1912,-0.20910,0.09934,-0.04425,0.00,0.00,3.00,46.3,111.77,637.62,258.42,SEARCH_Z
14.5196,0.6214,1.6088,-0.2112,-0.21510,0.09834,-0.04625,0.00,0.00,3.00,46.3,111.77,637.65,258.42,SEARCH_Z
14.5297,0.8514,1.2888,0.4587,-0.19410,0.10634,-0.04925,0.00,0.00,3.00,46.3,111.76,637.68,258.43,SEARCH_Z
14.5398,0.7714,1.4488,-0.0912,-0.21110,0.09634,-0.04825,0.00,0.00,3.00,46.3,111.76,637.71,258.43,SEARCH_Z
14.5499,0.7714,1.3188,-0.0212,-0.21710,0.08734,-0.04125,0.00,0.00,3.00,46.4,111.76,637.75,258.43,SEARCH_Z
14.5600,0.8514,1.6188,-0.0612,-0.20310,0.09534,-0.04825,0.00,0.00,3.00,46.4,111.76,637.77,258.43,SEARCH_Z
14.5701,0.7814,1.2988,0.0587,-0.20210,0.10534,-0.04425,0.00,0.00,3.00,46.4,111.76,637.81,258.43,SEARCH_Z
14.5802,0.6614,1.2588,0.2587,-0.22310,0.10434,-0.04825,0.00,0.00,3.00,46.4,111.76,637.83,258.43,SEARCH_Z
14.5904,0.6214,1.5688,-0.0212,-0.22510,0.09534,-0.04225,0.00,0.00,3.00,46.4,111.76,637.87,258.43,SEARCH_Z
14.6005,0.8514,1.5988,0.2187,-0.20710,0.10234,-0.04625,0.00,0.00,3.00,46.4,111.76,637.89,258.43,SEARCH_Z
14.6106,0.8814,1.3088,0.4787,-0.21510,0.09234,-0.04725,0.00,0.00,3.00,46.4,111.76,637.93,258.43,SEARCH_Z
14.6207,0.7414,1.5088,-0.0212,-0.22410,0.09934,-0.04725,0.00,0.00,3.00,46.4,111.75,637.95,258.44,SEARCH_Z
14.6308,0.7714,1.2688,0.1787,-0.21510,0.09334,-0.04725,0.00,0.00,3.00,46.4,111.75,637.99,258.44,SEARCH_Z
14.6410,0.9714,1.5088,0.0087,-0.19510,0.09634,-0.04625,0.00,0.00,3.00,46.4,111.75,638.01,258.44,SEARCH_Z
14.6511,0.6714,1.5088,-0.1012,-0.21510,0.10234,-0.04425,0.00,0.00,3.00,46.4,111.75,638.05,258.44,SEARCH_Z
14.6612,0.7714,1.2988,0.2287,-0.21010,0.09734,-0.04525,0.00,0.00,3.00,46.4,111.75,638.07,258.44,SEARCH_Z
14.6716,0.8214,1.4988,0.2087,-0.20510,0.09934,-0.04825,0.00,0.00,3.00,46.4,111.75,638.11,258.44,SEARCH_Z
14.6817,0.7114,1.7788,-0.1812,-0.21710,0.08434,-0.04225,0.00,0.00,3.00,46.4,111.75,638.13,258.44,SEARCH_Z
14.6918,0.8214,1.5188,0.1387,-0.22110,0.09634,-0.04525,0.00,0.00,3.00,46.4,111.75,638.17,258.44,SEARCH_Z
14.7019,0.6814,1.3088,0.1787,-0.21310,0.10034,-0.04825,0.00,0.00,3.00,46.4,111.74,638.21,258.44,SEARCH_Z
14.7121,0.8814,1.6488,-0.2212,-0.21010,0.09134,-0.04825,0.00,0.00,3.00,46.4,111.74,638.23,258.45,SEARCH_Z
14.7222,0.7314,1.5488,0.0687,-0.22810,0.09734,-0.04925,0.00,0.00,3.00,46.4,111.74,638.27,258.45,SEARCH_Z
14.7323,0.7414,1.5088,0.3787,-0.21910,0.10034,-0.04525,0.00,0.00,3.00,46.4,111.74,638.29,258.45,SEARCH_Z
14.7424,0.7214,1.6088,0.0287,-0.22210,0.09834,-0.04425,0.00,0.00,3.00,46.4,111.74,638.33,258.45,SEARCH_Z
14.7525,0.8814,1.3788,0.2687,-0.20610,0.09634,-0.04925,0.00,0.00,3.00,46.4,111.74,638.35,258.45,SEARCH_Z
14.7626,0.7114,1.4188,-0.2212,-0.20610,0.09734,-0.04725,0.00,0.00,3.00,46.4,111.74,638.39,258.45,SEARCH_Z
14.7727,0.9514,1.5088,0.2587,-0.20910,0.09234,-0.04425,0.00,0.00,3.00,46.4,111.74,638.41,258.45,SEARCH_Z
14.7828,0.8014,1.2688,0.2987,-0.21010,0.10334,-0.05125,0.00,0.00,3.00,46.4,111.74,638.45,258.45,SEARCH_Z
14.7929,0.7114,1.2988,0.1587,-0.21810,0.09934,-0.04925,0.00,0.00,3.00,46.4,111.73,638.47,258.45,SEARCH_Z
14.8030,0.6114,1.3988,0.3687,-0.22710,0.10234,-0.04425,0.00,0.00,3.00,46.4,111.73,638.51,258.46,SEARCH_Z
14.8131,0.7714,1.7488,-0.2612,-0.23110,0.08834,-0.04825,0.00,0.00,3.00,46.4,111.73,638.53,258.46,SEARCH_Z
14.8232,0.5814,1.4388,0.0487,-0.24310,0.09934,-0.04825,0.00,0.00,3.00,46.4,111.73,638.57,258.46,SEARCH_Z
14.8334,0.6314,1.5288,-0.2012,-0.23310,0.09134,-0.04725,0.00,0.00,3.00,46.4,111.73,638.59,258.46,SEARCH_Z
14.8435,0.9414,1.7888,-0.6312,-0.21610,0.09034,-0.04525,0.00,0.00,3.00,46.4,111.73,638.63,258.46,SEARCH_Z
14.8536,0.7714,1.7888,-0.2412,-0.22410,0.09134,-0.04525,0.00,0.00,3.00,46.4,111.73,638.65,258.46,SEARCH_Z
14.8637,0.6414,1.4488,0.1587,-0.22610,0.09334,-0.04625,0.00,0.00,3.00,46.4,111.73,638.69,258.46,SEARCH_Z
14.8738,0.8414,1.3988,-0.0412,-0.20610,0.09734,-0.04625,0.00,0.00,3.00,46.4,111.73,638.71,258.46,SEARCH_Z
14.8840,0.8014,1.5588,0.0087,-0.21410,0.09134,-0.04725,0.00,0.00,3.00,46.4,111.72,638.75,258.46,SEARCH_Z
14.8941,0.7414,1.4188,0.1487,-0.21210,0.09734,-0.04425,0.00,0.00,3.00,46.4,111.72,638.78,258.47,SEARCH_Z
14.9043,0.6714,1.4788,-0.0112,-0.23310,0.08534,-0.04525,0.00,0.00,3.00,46.4,111.72,638.81,258.47,SEARCH_Z
14.9144,0.6214,1.4488,0.1687,-0.23310,0.09534,-0.04325,0.00,0.00,3.00,46.4,111.72,638.84,258.47,SEARCH_Z
14.9245,0.7914,1.3288,0.1087,-0.22110,0.10434,-0.04825,0.00,0.00,3.00,46.4,111.72,638.87,258.47,SEARCH_Z
14.9346,0.7614,1.6888,0.0887,-0.24010,0.09134,-0.04625,0.00,0.00,3.00,46.4,111.72,638.90,258.47,SEARCH_Z
14.9447,0.6514,1.4688,0.0687,-0.21510,0.10134,-0.04525,0.00,0.00,3.00,46.5,111.72,638.93,258.47,SEARCH_Z
14.9548,0.6214,1.6788,-0.0512,-0.23710,0.09234,-0.04525,0.00,0.00,3.00,46.5,111.72,638.96,258.47,SEARCH_Z
14.9649,0.4814,1.5688,0.1787,-0.22510,0.10734,-0.04325,0.00,0.00,3.00,46.5,111.72,638.99,258.47,SEARCH_Z
14.9750,0.8214,1.1288,0.2287,-0.21810,0.09034,-0.04825,0.00,0.00,3.00,46.5,111.71,639.02,258.47,SEARCH_Z
14.9852,0.8214,1.5988,0.0787,-0.20510,0.09334,-0.04425,0.00,0.00,3.00,46.5,111.71,639.05,258.48,SEARCH_Z
14.9952,0.7414,1.5588,0.1687,-0.21510,0.10334,-0.04625,0.00,0.00,3.00,46.5,111.71,639.08,258.48,SEARCH_Z
15.0054,0.8814,1.7588,-0.0912,-0.22610,0.08234,-0.04625,0.00,0.00,3.00,46.5,111.71,639.11,258.48,SEARCH_Z
15.0155,0.8514,1.5188,0.1287,-0.21710,0.09634,-0.04725,0.00,0.00,3.00,46.5,111.71,639.14,258.48,SEARCH_Z
15.0256,0.7514,1.4788,0.1787,-0.21910,0.10734,-0.04825,0.00,0.00,3.00,46.5,111.71,639.17,258.48,SEARCH_Z
15.0357,0.6514,1.7888,-0.1112,-0.24110,0.08334,-0.04725,0.00,0.00,3.00,46.5,111.71,639.20,258.48,SEARCH_Z
15.0458,0.3714,1.7788,-0.1312,-0.24210,0.09634,-0.04525,0.00,0.00,3.00,46.5,111.71,639.24,258.48,SEARCH_Z
15.0560,0.7914,1.5488,0.2987,-0.23310,0.09034,-0.05125,0.00,0.00,3.00,46.5,111.70,639.26,258.48,SEARCH_Z
15.0661,0.8514,1.1088,0.2187,-0.22110,0.08834,-0.04725,0.00,0.00,3.00,46.5,111.70,639.30,258.48,SEARCH_Z
15.0762,0.9014,1.7888,0.0187,-0.22810,0.08234,-0.04825,0.00,0.00,3.00,46.5,111.70,639.32,258.49,SEARCH_Z
15.0863,0.5714,1.9088,-0.4712,-0.23510,0.07934,-0.04325,0.00,0.00,3.00,46.5,111.70,639.36,258.49,SEARCH_Z
15.0964,0.6914,1.5888,-0.2012,-0.21910,0.09434,-0.04725,0.00,0.00,3.00,46.5,111.70,639.38,258.49,SEARCH_Z
15.1065,0.7514,1.5488,0.0687,-0.22810,0.08634,-0.04725,0.00,0.00,3.00,46.5,111.70,639.42,258.49,SEARCH_Z
15.1166,0.6514,1.5888,0.0487,-0.21310,0.09934,-0.04825,0.00,0.00,3.00,46.5,111.70,639.44,258.49,SEARCH_Z
15.1267,0.7914,1.7388,-0.2012,-0.22110,0.08834,-0.04325,0.00,0.00,3.00,46.5,111.70,639.48,258.49,SEARCH_Z
15.1368,0.7714,1.6988,-0.3012,-0.21310,0.08334,-0.04525,0.00,0.00,3.00,46.5,111.70,639.50,258.49,SEARCH_Z
15.1469,0.9414,1.4588,0.1687,-0.22310,0.09334,-0.04825,0.00,0.00,3.00,46.5,111.69,639.54,258.49,SEARCH_Z
15.1570,0.6514,1.6488,-0.0412,-0.22510,0.08934,-0.04525,0.00,0.00,3.00,46.5,111.69,639.56,258.49,SEARCH_Z
15.1671,0.7714,1.7688,-0.1912,-0.24810,0.07334,-0.04625,0.00,0.00,3.00,46.5,111.69,639.60,258.50,SEARCH_Z
15.1772,0.7414,1.5188,0.1687,-0.22210,0.09234,-0.04825,0.00,0.00,3.00,46.5,111.69,639.62,258.50,SEARCH_Z
15.1873,0.6814,1.4788,0.0887,-0.23910,0.09234,-0.04825,0.00,0.00,3.00,46.5,111.69,639.66,258.50,SEARCH_Z
15.1974,0.7514,1.4388,0.2987,-0.21610,0.09634,-0.04825,0.00,0.00,3.00,46.5,111.69,639.68,258.50,SEARCH_Z
15.2075,0.7914,1.8388,-0.1212,-0.22110,0.08234,-0.04825,0.00,0.00,3.00,46.5,111.69,639.72,258.50,SEARCH_Z
15.2176,0.7814,1.4688,0.1887,-0.21610,0.09834,-0.04325,0.00,0.00,3.00,46.5,111.69,639.74,258.50,SEARCH_Z
15.2277,0.6814,1.6988,0.0787,-0.23710,0.08334,-0.04625,0.00,0.00,3.00,46.5,111.69,639.78,258.50,SEARCH_Z
15.2378,0.7814,1.6888,-0.2412,-0.21810,0.08834,-0.04425,0.00,0.00,3.00,46.5,111.68,639.81,258.50,SEARCH_Z
15.2480,0.6214,1.5888,0.3687,-0.22410,0.09834,-0.04925,0.00,0.00,3.00,46.6,111.68,639.84,258.50,SEARCH_Z
15.2581,0.7514,1.5988,0.1487,-0.22210,0.09934,-0.04625,0.00,0.00,3.00,46.6,111.68,639.87,258.51,SEARCH_Z
15.2682,0.8514,1.5788,0.0587,-0.22510,0.09134,-0.05025,0.00,0.00,3.00,46.6,111.68,639.90,258.51,SEARCH_Z
15.2783,0.7014,1.6788,0.0787,-0.24110,0.07934,-0.04725,0.00,0.00,3.00,46.6,111.68,639.93,258.51,SEARCH_Z
15.2884,0.8114,1.5488,0.3587,-0.20610,0.10734,-0.04725,0.00,0.00,3.00,46.6,111.68,639.96,258.51,SEARCH_Z
15.2986,0.6214,1.4488,0.1787,-0.23210,0.09234,-0.04425,0.00,0.00,3.00,46.6,111.68,639.99,258.51,SEARCH_Z
15.3087,0.6314,1.3188,0.2287,-0.21310,0.10134,-0.04825,0.00,0.00,3.00,46.6,111.68,640.02,258.51,SEARCH_Z
15.3188,0.5614,1.8788,-0.1112,-0.22610,0.08234,-0.04225,0.00,0.00,3.00,46.6,111.67,640.05,258.51,SEARCH_Z
15.3289,0.7414,1.5288,0.1887,-0.21710,0.08834,-0.04525,0.00,0.00,3.00,46.6,111.67,640.08,258.51,SEARCH_Z
15.3390,0.8614,1.4788,0.0687,-0.21810,0.08334,-0.04625,0.00,0.00,3.00,46.6,111.67,640.11,258.51,SEARCH_Z
15.3491,0.4914,1.7688,0.1387,-0.23410,0.07834,-0.04025,0.00,0.00,3.00,46.6,111.67,640.14,258.52,SEARCH_Z
15.3592,0.7414,1.6488,0.1687,-0.24010,0.06634,-0.04425,0.00,0.00,3.00,46.6,111.67,640.17,258.52,SEARCH_Z
15.3694,0.4614,1.6488,0.3787,-0.23010,0.09134,-0.04125,0.00,0.00,3.00,46.6,111.67,640.20,258.52,SEARCH_Z
15.3795,0.5414,1.7788,0.0187,-0.24610,0.06434,-0.04525,0.00,0.00,3.00,46.6,111.67,640.23,258.52,SEARCH_Z
15.3896,0.7214,1.4588,0.1987,-0.19410,0.08534,-0.04525,0.00,0.00,3.00,46.6,111.67,640.26,258.52,SEARCH_Z
15.3997,0.6014,1.6088,0.2187,-0.22010,0.07134,-0.04325,0.00,0.00,3.00,46.6,111.67,640.29,258.52,SEARCH_Z
15.4098,0.7214,1.4188,0.3987,-0.20310,0.08734,-0.03825,0.00,0.00,3.00,46.6,111.66,640.33,258.52,SEARCH_Z
15.4200,0.5914,1.4588,0.5187,-0.23010,0.06834,-0.04125,0.00,0.00,3.00,46.6,111.66,640.35,258.52,SEARCH_Z
15.4301,0.5114,1.4988,0.1387,-0.21410,0.07834,-0.04025,0.00,0.00,3.00,46.6,111.66,640.39,258.52,SEARCH_Z
15.4402,0.5514,1.5088,0.2587,-0.21710,0.07034,-0.04125,0.00,0.00,3.00,46.6,111.66,640.41,258.53,SEARCH_Z
15.4503,0.7614,1.4288,0.1687,-0.20810,0.07334,-0.03825,0.00,0.00,3.00,46.6,111.66,640.45,258.53,SEARCH_Z
15.4605,0.7714,1.3288,0.4787,-0.22410,0.06034,-0.04125,0.00,0.00,3.00,46.6,111.66,640.47,258.53,SEARCH_Z
15.4706,0.4314,1.8788,-0.0712,-0.22610,0.06634,-0.03825,0.00,0.00,3.00,46.6,111.66,640.51,258.53,SEARCH_Z
15.4807,0.4914,1.6488,-0.0012,-0.22410,0.06734,-0.03725,0.00,0.00,3.00,46.6,111.66,640.53,258.53,SEARCH_Z
15.4908,0.7514,2.0788,-0.4312,-0.20510,0.06534,-0.03625,0.00,0.00,3.00,46.6,111.66,640.57,258.53,SEARCH_Z
15.5009,0.7414,1.0688,0.3187,-0.20010,0.08734,-0.04525,0.00,0.00,3.00,46.6,111.65,640.59,258.53,SEARCH_Z
15.5110,0.6114,1.6188,0.1487,-0.22510,0.07234,-0.03925,0.00,0.00,3.00,46.6,111.65,640.63,258.53,SEARCH_Z
15.5211,0.5114,1.7888,0.0187,-0.23010,0.07534,-0.03925,0.00,0.00,3.00,46.7,111.65,640.65,258.53,SEARCH_Z
15.5312,0.8014,1.8288,0.0787,-0.22610,0.06734,-0.03825,0.00,0.00,3.00,46.7,111.65,640.69,258.54,SEARCH_Z
15.5413,0.6214,1.6688,-0.3412,-0.23610,0.06234,-0.03725,0.00,0.00,3.00,46.7,111.65,640.71,258.54,SEARCH_Z
15.5515,0.7614,1.3088,0.1087,-0.22010,0.07234,-0.04125,0.00,0.00,3.00,46.7,111.65,640.75,258.54,SEARCH_Z
15.5616,0.5114,1.5188,-0.0912,-0.23410,0.06934,-0.03725,0.00,0.00,3.00,46.7,111.65,640.77,258.54,SEARCH_Z
15.5717,0.6514,1.5088,-0.0812,-0.21910,0.06534,-0.03425,0.00,0.00,3.00,46.7,111.65,640.81,258.54,SEARCH_Z
15.5818,0.6714,1.8088,-0.0912,-0.22110,0.04434,-0.03925,0.00,0.00,3.00,46.7,111.65,640.83,258.54,SEARCH_Z
15.5918,0.2514,1.5788,0.0787,-0.22410,0.07034,-0.03625,0.00,0.00,3.00,46.7,111.64,640.87,258.54,SEARCH_Z
15.6019,0.7214,1.5688,0.0687,-0.20710,0.06534,-0.03625,0.00,0.00,3.00,46.7,111.64,640.91,258.54,SEARCH_Z
15.6120,0.5014,1.6088,0.0387,-0.20710,0.07334,-0.03825,0.00,0.00,3.00,46.7,111.64,640.93,258.54,SEARCH_Z
15.6221,0.5214,1.5188,0.2787,-0.20910,0.07934,-0.04025,0.00,0.00,3.00,46.7,111.64,640.97,258.55,SEARCH_Z
15.6322,0.6814,1.3288,0.3387,-0.21110,0.07434,-0.04125,0.00,0.00,3.00,46.7,111.64,640.99,258.55,SEARCH_Z
15.6423,0.7714,1.4888,0.2087,-0.20310,0.07434,-0.03925,0.00,0.00,3.00,46.7,111.64,641.03,258.55,SEARCH_Z
15.6525,0.8114,1.6788,-0.0512,-0.19910,0.06834,-0.03825,0.00,0.00,3.00,46.7,111.64,641.05,258.55,SEARCH_Z
15.6626,0.7714,1.3588,0.5287,-0.19110,0.08734,-0.03925,0.00,0.00,3.00,46.7,111.64,641.09,258.55,SEARCH_Z
15.6727,0.6614,1.5588,-0.0412,-0.20010,0.07134,-0.03625,0.00,0.00,3.00,46.7,111.63,641.11,258.55,SEARCH_Z
15.6828,0.5314,1.4288,0.3587,-0.19610,0.07134,-0.03325,0.00,0.00,3.00,46.7,111.63,641.15,258.55,SEARCH_Z
15.6929,0.5814,1.6588,-0.0412,-0.17810,0.08034,-0.03325,0.00,0.00,3.00,46.7,111.63,641.17,258.55,SEARCH_Z
15.7030,0.6614,1.3088,0.4487,-0.19010,0.07934,-0.03625,0.00,0.00,3.00,46.7,111.63,641.21,258.55,SEARCH_Z
15.7132,0.7814,1.4788,0.2487,-0.17210,0.08034,-0.03425,0.00,0.00,3.00,46.7,111.63,641.23,258.55,SEARCH_Z
15.7233,0.5214,1.3888,0.1587,-0.19210,0.07434,-0.03425,0.00,0.00,3.00,46.7,111.63,641.27,258.56,SEARCH_Z
15.7334,0.7014,0.9688,0.7787,-0.16810,0.09434,-0.03825,0.00,0.00,3.00,46.7,111.63,641.29,258.56,SEARCH_Z
15.7435,0.7714,1.5188,-0.1212,-0.19810,0.06534,-0.04125,0.00,0.00,3.00,46.7,111.63,641.33,258.56,SEARCH_Z
15.7536,0.6914,1.3188,0.1087,-0.18110,0.08334,-0.03725,0.00,0.00,3.00,46.8,111.63,641.35,258.56,SEARCH_Z
15.7637,0.7314,1.1988,0.1887,-0.18110,0.08434,-0.03625,0.00,0.00,3.00,46.8,111.62,641.39,258.56,SEARCH_Z
15.7738,0.7214,1.5688,0.0287,-0.18210,0.06934,-0.03725,0.00,0.00,3.00,46.8,111.62,641.41,258.56,SEARCH_Z
15.7840,0.8314,1.2588,-0.1512,-0.17910,0.07234,-0.03525,0.00,0.00,3.00,46.8,111.62,641.45,258.56,SEARCH_Z
15.7941,0.6514,1.4088,-0.2612,-0.19410,0.06634,-0.03225,0.00,0.00,3.00,46.8,111.62,641.48,258.56,SEARCH_Z
15.8042,0.4114,1.2688,-0.2812,-0.20610,0.07034,-0.03325,0.00,0.00,3.00,46.8,111.62,641.51,258.56,SEARCH_Z
15.8143,0.4014,1.2388,-0.2112,-0.20810,0.06734,-0.03825,0.00,0.00,3.00,46.8,111.62,641.54,258.57,SEARCH_Z
15.8245,0.5414,1.5888,-0.5712,-0.22610,0.04734,-0.03425,0.00,0.00,3.00,46.8,111.62,641.57,258.57,SEARCH_Z
15.8346,0.5814,1.2788,-0.2212,-0.20010,0.07134,-0.03225,0.00,0.00,3.00,46.8,111.62,641.60,258.57,SEARCH_Z
15.8447,0.5914,1.5088,-0.6612,-0.21610,0.05334,-0.03325,0.00,0.00,3.00,46.8,111.62,641.63,258.57,SEARCH_Z
15.8548,0.4614,1.5288,-0.5912,-0.22010,0.06034,-0.03525,0.00,0.00,3.00,46.8,111.61,641.66,258.57,SEARCH_Z
15.8649,0.7114,1.4688,-0.2812,-0.20810,0.06234,-0.03425,0.00,0.00,3.00,46.8,111.61,641.69,258.57,SEARCH_Z
15.8750,0.6114,1.2288,-0.3212,-0.20510,0.07034,-0.03625,0.00,0.00,3.00,46.8,111.61,641.72,258.57,SEARCH_Z
15.8852,0.7514,1.2188,-0.5412,-0.20910,0.05034,-0.03625,0.00,0.00,3.00,46.8,111.61,641.75,258.57,SEARCH_Z
15.8953,0.4814,1.3988,-0.4912,-0.21910,0.05834,-0.03525,0.00,0.00,3.00,46.8,111.61,641.78,258.57,SEARCH_Z
15.9054,0.7414,1.5688,-0.7212,-0.20810,0.06734,-0.03625,0.00,0.00,3.00,46.8,111.61,641.81,258.58,SEARCH_Z
15.9155,0.5214,1.5288,-0.8212,-0.21810,0.06334,-0.03125,0.00,0.00,3.00,46.8,111.61,641.84,258.58,SEARCH_Z
15.9256,0.4714,1.5688,-0.8312,-0.22910,0.04934,-0.02825,0.00,0.00,3.00,46.8,111.61,641.87,258.58,SEARCH_Z
15.9357,0.4514,1.3088,-0.6212,-0.21710,0.06434,-0.03125,0.00,0.00,3.00,46.8,111.60,641.90,258.58,SEARCH_Z
15.9458,0.6114,1.3088,-0.8112,-0.20810,0.05934,-0.03225,0.00,0.00,3.00,46.8,111.60,641.93,258.58,SEARCH_Z
15.9560,0.7514,1.4088,-0.8212,-0.22310,0.04134,-0.03225,0.00,0.00,3.00,46.8,111.60,641.96,258.58,SEARCH_Z
15.9661,0.6714,1.6588,-1.3212,-0.22710,0.03734,-0.03625,0.00,0.00,3.00,46.9,111.60,642.00,258.58,SEARCH_Z
