time,fx,fy,fz,tx,ty,tz,vx,vy,vz,travel_mm,pos_x,pos_y,pos_z,phase
0.0000,-0.1676,-0.1775,0.2584,-0.00640,0.00323,-0.00112,-5.00,0.00,0.00,0.0,125.51,633.27,302.47,DESCEND
0.0101,-0.1076,0.1124,-0.3115,-0.02540,-0.01476,0.00087,-5.00,0.00,0.00,0.0,125.51,633.27,302.47,DESCEND
0.0202,-0.1376,-0.2675,0.3784,-0.00940,0.00423,-0.00512,-5.00,0.00,0.00,0.0,125.51,633.27,302.46,DESCEND
0.0304,0.0823,-0.1675,0.2484,-0.00440,-0.00576,-0.00112,-5.00,0.00,0.00,0.0,125.51,633.27,302.46,DESCEND
0.0405,-0.0376,-0.1175,0.4584,-0.00940,-0.00176,-0.00212,-5.00,0.00,0.00,0.0,125.51,633.27,302.44,DESCEND
0.0506,0.0323,-0.0975,0.0184,-0.01440,-0.00676,-0.00012,-5.00,0.00,0.00,0.0,125.51,633.27,302.43,DESCEND
0.0607,-0.0176,-0.2475,0.3984,-0.00840,-0.00276,-0.00212,-5.00,0.00,0.00,0.1,125.51,633.27,302.40,DESCEND
0.0708,-0.3176,-0.2275,0.5784,-0.02140,0.00623,-0.00512,-5.00,0.00,0.00,0.1,125.51,633.27,302.38,DESCEND
0.0809,-0.0176,-0.4575,0.6084,0.00859,0.01223,-0.00412,-5.00,0.00,0.00,0.1,125.51,633.27,302.35,DESCEND
0.0910,-0.0676,-0.4775,0.3284,0.00359,0.00423,-0.00412,-5.00,0.00,0.00,0.1,125.51,633.28,302.33,DESCEND
0.1011,0.0323,0.0024,0.1984,0.00159,0.00523,-0.00012,-5.00,0.00,0.00,0.2,125.51,633.28,302.28,DESCEND
0.1112,-0.0376,-0.3975,0.1684,-0.00140,0.00223,-0.00412,-5.00,0.00,0.00,0.2,125.51,633.28,302.25,DESCEND
0.1213,-0.0176,-0.0975,0.0184,-0.02540,-0.01776,-0.00112,-5.00,0.00,0.00,0.3,125.51,633.28,302.20,DESCEND
0.1314,-0.1476,0.0224,-0.0915,-0.01740,-0.01176,0.00187,-5.00,0.00,0.00,0.3,125.51,633.28,302.17,DESCEND
0.1415,0.2823,-0.1475,-0.1815,0.01859,-0.00576,0.00087,-5.00,0.00,0.00,0.4,125.51,633.28,302.11,DESCEND
0.1516,0.1423,0.1724,0.0984,0.00159,0.00423,0.00087,-5.00,0.00,0.00,0.4,125.51,633.29,302.05,DESCEND
0.1617,0.2123,-0.0775,0.1084,-0.01140,0.00123,-0.00012,-5.00,0.00,0.00,0.5,125.51,633.29,302.01,DESCEND
0.1718,0.2123,0.0824,0.0684,-0.00540,0.00523,-0.00212,-5.00,0.00,0.00,0.5,125.51,633.29,301.95,DESCEND
0.1819,0.1423,0.1824,-0.2815,-0.01040,-0.00476,0.00087,-5.00,0.00,0.00,0.6,125.51,633.29,301.91,DESCEND
0.1920,0.0123,-0.1075,0.1784,-0.01740,-0.01776,-0.00312,-5.00,0.00,0.00,0.6,125.51,633.29,301.85,DESCEND
0.2022,-0.0576,-0.0575,0.0384,-0.02740,-0.02176,0.00087,-5.00,0.00,0.00,0.7,125.51,633.29,301.81,DESCEND
0.2122,0.0523,0.0924,-0.1315,-0.00540,-0.00876,0.00087,-5.00,0.00,0.00,0.7,125.51,633.30,301.75,DESCEND
0.2223,-0.2876,0.1824,0.1084,-0.02640,-0.01476,0.00287,-5.00,0.00,0.00,0.8,125.51,633.30,301.71,DESCEND
0.2324,0.0023,0.1724,-0.2115,-0.00840,-0.01476,-0.00312,-5.00,0.00,0.00,0.8,125.51,633.30,301.65,DESCEND
0.2425,-0.1576,-0.4075,0.1184,-0.02240,-0.00876,-0.00012,-5.00,0.00,0.00,0.9,125.51,633.30,301.61,DESCEND
0.2526,0.1723,-0.1875,0.4084,0.00759,0.00423,-0.00412,-5.00,0.00,0.00,0.9,125.51,633.30,301.55,DESCEND
0.2628,0.0323,-0.2675,0.3284,-0.00940,-0.00676,0.00087,-5.00,0.00,0.00,1.0,125.52,633.31,301.51,DESCEND
0.2729,-0.1276,-0.2375,0.6684,-0.01340,0.00023,-0.00312,-5.00,0.00,0.00,1.0,125.52,633.31,301.45,DESCEND
0.2830,-0.1776,0.0524,-0.0215,-0.01340,0.00923,-0.00112,-5.00,0.00,0.00,1.1,125.52,633.31,301.41,DESCEND
0.2931,-0.0076,-0.0775,0.0184,-0.01140,0.00423,0.00087,-5.00,0.00,0.00,1.1,125.52,633.31,301.35,DESCEND
0.3032,-0.0676,0.5324,-0.3315,-0.02140,-0.00776,0.00587,-5.00,0.00,0.00,1.2,125.52,633.31,301.31,DESCEND
0.3133,-0.0676,0.0624,0.0584,-0.02540,-0.01576,-0.00212,-5.00,0.00,0.00,1.2,125.52,633.32,301.25,DESCEND
0.3234,-0.0176,0.1924,-0.1215,-0.01740,-0.01776,0.00487,-5.00,0.00,0.00,1.3,125.52,633.32,301.21,DESCEND
0.3335,-0.0076,0.0624,0.0184,0.00259,0.00323,0.00287,-5.00,0.00,0.00,1.3,125.52,633.32,301.15,DESCEND
0.3436,-0.3276,-0.1275,0.2184,-0.00940,-0.00276,-0.00012,-5.00,0.00,0.00,1.4,125.52,633.32,301.09,DESCEND
0.3537,-0.1476,-0.3975,0.5384,-0.01040,0.00023,-0.00412,-5.00,0.00,0.00,1.4,125.52,633.32,301.05,DESCEND
0.3638,-0.0176,-0.0275,0.0084,-0.02440,-0.01476,-0.00012,-5.00,0.00,0.00,1.5,125.52,633.32,300.99,DESCEND
0.3739,-0.0476,-0.4275,0.0384,-0.00940,-0.00676,-0.00212,-5.00,0.00,0.00,1.5,125.52,633.33,300.95,DESCEND
0.3840,0.3823,-0.2675,-0.0215,0.00859,-0.01076,0.00187,-5.00,0.00,0.00,1.6,125.52,633.33,300.89,DESCEND
0.3941,-0.2276,0.0724,0.0284,-0.02740,0.00223,0.00087,-5.00,0.00,0.00,1.6,125.52,633.33,300.85,DESCEND
0.4042,-0.1776,0.1824,-0.1215,-0.01140,-0.00176,0.00187,-5.00,0.00,0.00,1.7,125.52,633.33,300.79,DESCEND
0.4142,0.2123,-0.0675,-0.1115,0.01559,-0.00876,-0.00212,-5.00,0.00,0.00,1.7,125.52,633.33,300.75,DESCEND
0.4243,0.2123,-0.2175,0.2584,0.01359,0.00123,-0.00212,-5.00,0.00,0.00,1.8,125.52,633.34,300.69,DESCEND
0.4344,0.1023,-0.0475,-0.1015,0.00359,-0.00976,0.00487,-5.00,0.00,0.00,1.8,125.52,633.34,300.65,DESCEND
0.4445,-0.1776,0.1724,-0.2415,-0.00840,-0.01176,-0.00012,-5.00,0.00,0.00,1.9,125.52,633.34,300.59,DESCEND
0.4546,0.0023,-0.0475,0.3184,-0.01140,-0.01976,-0.00112,-5.00,0.00,0.00,1.9,125.52,633.34,300.55,DESCEND
0.4647,0.0123,0.1024,-0.0715,-0.00440,-0.00876,0.00187,-5.00,0.00,0.00,2.0,125.52,633.34,300.49,DESCEND
0.4748,-0.0076,0.2624,-0.2315,-0.01140,-0.02576,0.00487,-5.00,0.00,0.00,2.0,125.52,633.34,300.45,DESCEND
0.4849,0.2223,-0.1075,-0.0415,0.01959,-0.00276,0.00187,-5.00,0.00,0.00,2.1,125.52,633.35,300.39,DESCEND
0.4950,-0.1276,0.1724,-0.1215,-0.00940,-0.00476,-0.00012,-5.00,0.00,0.00,2.1,125.52,633.35,300.35,DESCEND
0.5051,0.0823,-0.1075,0.0784,-0.00240,-0.00076,-0.00212,-5.00,0.00,0.00,2.2,125.52,633.35,300.29,DESCEND
0.5152,-0.0576,-0.0175,0.4984,-0.01840,0.00223,0.00187,-5.00,0.00,0.00,2.2,125.52,633.35,300.25,DESCEND
0.5253,0.0723,0.3824,-0.0515,0.00959,-0.00476,0.00287,-5.00,0.00,0.00,2.3,125.52,633.35,300.19,DESCEND
0.5354,0.0723,-0.2975,0.3384,0.00759,0.00123,-0.00412,-5.00,0.00,0.00,2.3,125.52,633.36,300.15,DESCEND
0.5455,0.1223,-0.1675,0.1884,-0.00040,-0.00476,-0.00012,-5.00,0.00,0.00,2.4,125.52,633.36,300.09,DESCEND
0.5556,-0.0776,-0.0175,0.0584,-0.02340,-0.02376,0.00087,-5.00,0.00,0.00,2.4,125.52,633.36,300.05,DESCEND
0.5657,-0.1076,0.0124,-0.0015,0.00059,0.00623,-0.00112,-5.00,0.00,0.00,2.5,125.52,633.36,299.99,DESCEND
0.5758,-0.0576,-0.0475,0.0684,-0.00940,-0.00476,0.00287,-5.00,0.00,0.00,2.5,125.52,633.36,299.93,DESCEND
0.5859,0.0823,0.0024,-0.1115,-0.00040,-0.01576,0.00287,-5.00,0.00,0.00,2.6,125.52,633.37,299.89,DESCEND
0.5960,-0.1176,-0.1475,0.2384,-0.01340,-0.00276,-0.00212,-5.00,0.00,0.00,2.6,125.52,633.37,299.83,DESCEND
0.6061,0.0123,-0.0475,0.1284,-0.00840,-0.00676,0.00187,-5.00,0.00,0.00,2.7,125.52,633.37,299.79,DESCEND
0.6162,0.0823,-0.3075,0.1484,-0.00340,-0.00476,-0.00112,-5.00,0.00,0.00,2.7,125.52,633.37,299.73,DESCEND
0.6263,-0.1376,0.1624,0.1584,-0.01940,0.00523,0.00487,-5.00,0.00,0.00,2.8,125.52,633.37,299.69,DESCEND
0.6364,-0.0376,-0.0375,0.0384,-0.00340,0.00023,0.00287,-5.00,0.00,0.00,2.8,125.52,633.37,299.63,DESCEND
0.6465,-0.2276,-0.1275,0.5784,-0.01740,0.00323,-0.00112,-5.00,0.00,0.00,2.9,125.52,633.38,299.59,DESCEND
0.6566,-0.0176,-0.0775,0.0584,-0.00440,-0.00776,0.00287,-5.00,0.00,0.00,2.9,125.52,633.38,299.53,DESCEND
0.6668,0.0523,-0.2075,0.2384,0.00659,0.00223,0.00087,-5.00,0.00,0.00,3.0,125.52,633.38,299.49,DESCEND
0.6769,0.1223,-0.2575,0.1184,-0.00940,-0.01476,-0.00212,-5.00,0.00,0.00,3.0,125.52,633.38,299.43,DESCEND
0.6870,-0.0976,-0.1975,0.1984,-0.01040,-0.00476,-0.00012,-5.00,0.00,0.00,3.1,125.52,633.38,299.39,DESCEND
0.6971,-0.0876,0.0324,0.2384,-0.00040,0.00623,0.00287,-5.00,0.00,0.00,3.1,125.52,633.39,299.33,DESCEND
0.7072,-0.0676,-0.0075,0.0984,-0.00440,0.00623,-0.00112,-5.00,0.00,0.00,3.2,125.52,633.39,299.27,DESCEND
0.7174,0.0623,-0.3975,0.3284,0.00559,-0.00376,-0.00312,-5.00,0.00,0.00,3.2,125.52,633.39,299.23,DESCEND
0.7275,-0.0776,0.1224,0.4084,-0.00940,0.00123,-0.00012,-5.00,0.00,0.00,3.3,125.52,633.39,299.19,DESCEND
0.7376,0.1623,0.1624,-0.0215,-0.01540,-0.01476,0.00287,-5.00,0.00,0.00,3.3,125.52,633.39,299.13,DESCEND
0.7477,0.1223,0.0124,0.0484,-0.00440,-0.01376,0.00187,-5.00,0.00,0.00,3.4,125.52,633.40,299.07,DESCEND
0.7578,-0.0776,0.1624,0.0984,-0.00340,-0.00576,-0.00212,-5.00,0.00,0.00,3.4,125.52,633.40,299.03,DESCEND
0.7679,-0.0376,-0.2875,0.1684,-0.01840,-0.00876,0.00087,-5.00,0.00,0.00,3.5,125.52,633.40,298.97,DESCEND
0.7780,-0.0176,0.2724,0.0084,-0.00540,-0.00276,0.00287,-5.00,0.00,0.00,3.5,125.52,633.40,298.93,DESCEND
0.7881,-0.1576,0.0024,0.2484,0.00759,0.00823,-0.00412,-5.00,0.00,0.00,3.6,125.52,633.40,298.87,DESCEND
0.7982,0.1023,-0.3075,0.0784,0.01359,-0.00876,-0.00112,-5.00,0.00,0.00,3.6,125.52,633.40,298.83,DESCEND
0.8083,-0.0276,-0.1075,0.2484,-0.00640,0.00123,-0.00012,-5.00,0.00,0.00,3.7,125.52,633.41,298.77,DESCEND
0.8184,0.1723,-0.0575,0.2584,0.01359,0.00123,-0.00012,-5.00,0.00,0.00,3.7,125.52,633.41,298.73,DESCEND
0.8285,0.0623,-0.2575,0.1784,0.00159,-0.00176,-0.00112,-5.00,0.00,0.00,3.8,125.52,633.41,298.67,DESCEND
0.8386,-0.1876,-0.2275,0.2284,0.00159,0.00923,-0.00412,-5.00,0.00,0.00,3.8,125.52,633.41,298.63,DESCEND
0.8487,0.2023,0.0724,0.2184,0.01859,-0.00076,0.00187,-5.00,0.00,0.00,3.9,125.52,633.41,298.57,DESCEND
0.8588,-0.0176,-0.0175,0.1384,-0.00740,-0.00976,0.00187,-5.00,0.00,0.00,3.9,125.52,633.42,298.53,DESCEND
0.8689,-0.0276,-0.0175,0.0484,-0.00740,-0.01176,0.00287,-5.00,0.00,0.00,4.0,125.53,633.42,298.47,DESCEND
0.8790,0.0123,0.2224,-0.0615,-0.02240,-0.00776,0.00387,-5.00,0.00,0.00,4.0,125.53,633.42,298.43,DESCEND
0.8891,0.0123,-0.1675,0.0784,-0.00340,-0.00576,-0.00012,-5.00,0.00,0.00,4.1,125.53,633.42,298.37,DESCEND
0.8992,-0.0476,-0.2175,0.2484,-0.00240,-0.00176,-0.00112,-5.00,0.00,0.00,4.1,125.53,633.42,298.33,DESCEND
0.9093,-0.0576,-0.2175,-0.0815,-0.02640,-0.01976,0.00187,-5.00,0.00,0.00,4.2,125.53,633.43,298.27,DESCEND
0.9194,-0.0076,-0.4475,0.3484,0.00259,0.00423,-0.00112,-5.00,0.00,0.00,4.2,125.53,633.43,298.23,DESCEND
0.9295,-0.1276,-0.3675,0.2884,-0.00540,0.00423,-0.00312,-5.00,0.00,0.00,4.3,125.53,633.43,298.17,DESCEND
0.9396,-0.0976,-0.1875,0.0784,-0.01440,-0.00076,-0.00112,-5.00,0.00,0.00,4.3,125.53,633.43,298.13,DESCEND
0.9497,0.1123,-0.3375,0.3284,0.01159,-0.00176,-0.00112,-5.00,0.00,0.00,4.4,125.53,633.43,298.07,DESCEND
0.9598,-0.1076,-0.0575,0.2084,-0.00640,-0.00276,0.00387,-5.00,0.00,0.00,4.5,125.53,633.43,298.01,DESCEND
0.9699,-0.0076,0.1124,0.1984,-0.00240,-0.00776,0.00187,-5.00,0.00,0.00,4.5,125.53,633.44,297.97,DESCEND
0.9800,-0.0476,0.0824,0.0184,-0.02240,-0.01876,0.00287,-5.00,0.00,0.00,4.6,125.53,633.44,297.91,DESCEND
0.9901,0.0323,0.1524,-0.1915,0.01459,0.00423,0.00187,-5.00,0.00,0.00,4.6,125.53,633.44,297.87,DESCEND
1.0002,0.0323,-0.1675,0.4084,0.01359,0.00823,-0.00012,-5.00,0.00,0.00,4.7,125.53,633.44,297.81,DESCEND
1.0103,-0.0176,0.2524,-0.1615,-0.00840,-0.00876,0.00587,-5.00,0.00,0.00,4.7,125.53,633.44,297.77,DESCEND
1.0204,0.1023,-0.0875,0.2884,-0.00040,-0.00176,-0.00112,-5.00,0.00,0.00,4.8,125.53,633.45,297.71,DESCEND
1.0305,0.1823,-0.0575,0.2284,-0.00240,-0.00576,-0.00112,-5.00,0.00,0.00,4.8,125.53,633.45,297.67,DESCEND
1.0406,0.1023,-0.0575,0.3084,-0.00240,0.00223,0.00187,-5.00,0.00,0.00,4.9,125.53,633.45,297.61,DESCEND
1.0507,-0.1076,0.0424,0.0184,-0.00540,-0.00176,0.00087,-5.00,0.00,0.00,4.9,125.53,633.45,297.57,DESCEND
1.0608,-0.0376,0.0824,-0.0215,0.01159,-0.00076,0.00487,-5.00,0.00,0.00,5.0,125.53,633.45,297.51,DESCEND
1.0709,0.0023,-0.0675,0.3584,0.00159,0.01223,0.00187,-5.00,0.00,0.00,5.0,125.53,633.45,297.47,DESCEND
1.0810,-0.0476,-0.0775,0.4184,-0.01940,-0.00276,-0.00012,-5.00,0.00,0.00,5.1,125.53,633.46,297.41,DESCEND
1.0911,-0.1576,-0.2175,0.1284,0.01659,0.00723,0.00087,-5.00,0.00,0.00,5.1,125.53,633.46,297.37,DESCEND
1.1012,0.0723,0.2424,-0.1715,-0.00740,-0.01276,0.00387,-5.00,0.00,0.00,5.2,125.53,633.46,297.31,DESCEND
1.1113,-0.0576,0.0024,-0.1715,-0.02040,-0.00976,0.00387,-5.00,0.00,0.00,5.2,125.53,633.46,297.27,DESCEND
1.1214,0.0023,0.2124,-0.1015,-0.00340,-0.00976,0.00487,-5.00,0.00,0.00,5.3,125.53,633.46,297.21,DESCEND
1.1315,0.1123,-0.0275,0.0984,0.00859,-0.00476,0.00087,-5.00,0.00,0.00,5.3,125.53,633.47,297.17,DESCEND
1.1416,0.1723,-0.3875,0.1384,0.00659,-0.00276,-0.00112,-5.00,0.00,0.00,5.4,125.53,633.47,297.11,DESCEND
1.1517,-0.0476,-0.3175,0.1884,-0.00740,-0.00576,0.00087,-5.00,0.00,0.00,5.4,125.53,633.47,297.05,DESCEND
1.1618,0.1423,-0.0275,-0.0815,0.00159,-0.01476,0.00287,-5.00,0.00,0.00,5.5,125.53,633.47,297.01,DESCEND
1.1719,0.4323,0.0124,0.4084,0.02659,0.01123,0.00087,-5.00,0.00,0.00,5.5,125.53,633.47,296.95,DESCEND
1.1820,0.1523,-0.2675,-0.1815,-0.01040,-0.01376,-0.00012,-5.00,0.00,0.00,5.6,125.53,633.48,296.91,DESCEND
1.1921,0.0423,-0.0275,-0.0115,-0.00640,-0.01076,0.00087,-5.00,0.00,0.00,5.6,125.53,633.48,296.85,DESCEND
1.2022,-0.0376,-0.3575,0.2884,0.01259,0.01823,-0.00212,-5.00,0.00,0.00,5.7,125.53,633.48,296.81,DESCEND
1.2123,-0.3276,0.3424,0.0184,-0.01940,-0.00176,0.00587,-5.00,0.00,0.00,5.7,125.53,633.48,296.75,DESCEND
1.2224,0.0523,-0.1675,0.3584,0.01959,0.00323,-0.00012,-5.00,0.00,0.00,5.8,125.53,633.48,296.71,DESCEND
1.2325,-0.1776,0.0924,-0.1015,-0.01640,-0.01776,0.00187,-5.00,0.00,0.00,5.8,125.53,633.49,296.65,DESCEND
1.2426,-0.0276,0.1024,0.0784,-0.00740,-0.01276,0.00287,-5.00,0.00,0.00,5.9,125.53,633.49,296.61,DESCEND
1.2527,0.0923,-0.0975,0.2084,0.00559,-0.00476,0.00187,-5.00,0.00,0.00,5.9,125.53,633.49,296.55,DESCEND
1.2628,-0.0076,0.2224,-0.1315,-0.00940,-0.00176,0.00287,-5.00,0.00,0.00,6.0,125.53,633.49,296.51,DESCEND
1.2729,-0.1576,0.1624,0.0284,-0.00440,-0.00276,0.00287,-5.00,0.00,0.00,6.0,125.53,633.49,296.45,DESCEND
1.2830,0.0723,0.0124,-0.0715,-0.00740,-0.00976,0.00587,-5.00,0.00,0.00,6.1,125.53,633.49,296.41,DESCEND
1.2931,0.0323,-0.0575,0.3084,0.01059,0.00423,0.00087,-5.00,0.00,0.00,6.1,125.53,633.50,296.35,DESCEND
1.3032,-0.0876,0.2924,0.1284,0.00259,-0.00576,0.00587,-5.00,0.00,0.00,6.2,125.53,633.50,296.31,DESCEND
1.3133,-0.1676,-0.0975,0.2284,-0.01940,-0.00676,0.00187,-5.00,0.00,0.00,6.2,125.53,633.50,296.25,DESCEND
1.3234,0.0723,0.0124,0.1484,0.00759,0.00623,0.00087,-5.00,0.00,0.00,6.3,125.53,633.50,296.21,DESCEND
1.3336,-0.0376,0.0724,0.1284,-0.00440,-0.00876,0.00387,-5.00,0.00,0.00,6.3,125.53,633.50,296.15,DESCEND
1.3436,0.0023,-0.2175,0.1384,0.00859,-0.00076,0.00087,-5.00,0.00,0.00,6.4,125.53,633.51,296.09,DESCEND
1.3537,-0.0076,-0.2275,0.2384,0.00559,0.00823,0.00187,-5.00,0.00,0.00,6.4,125.53,633.51,296.05,DESCEND
1.3638,0.1323,0.0224,0.3184,0.00659,0.00223,0.00087,-5.00,0.00,0.00,6.5,125.53,633.51,295.99,DESCEND
1.3739,-0.0176,-0.1275,0.4684,0.00559,0.00423,0.00087,-5.00,0.00,0.00,6.5,125.53,633.51,295.95,DESCEND
1.3840,0.1223,0.1224,-0.0615,-0.00540,-0.00876,0.00687,-5.00,0.00,0.00,6.6,125.53,633.51,295.89,DESCEND
1.3941,0.0423,-0.0875,-0.0415,0.01159,0.00023,0.00387,-5.00,0.00,0.00,6.6,125.53,633.51,295.85,DESCEND
1.4043,-0.0276,0.1824,-0.4415,-0.01040,-0.01376,0.00287,-5.00,0.00,0.00,6.7,125.53,633.52,295.79,DESCEND
1.4143,-0.0976,0.0924,0.0284,-0.00940,0.00423,0.00287,-5.00,0.00,0.00,6.7,125.53,633.52,295.75,DESCEND
1.4244,0.2823,-0.0075,0.1484,0.00159,-0.01076,0.00287,-5.00,0.00,0.00,6.8,125.53,633.52,295.69,DESCEND
1.4345,-0.0376,0.0924,0.0784,-0.00940,0.00123,0.00387,-5.00,0.00,0.00,6.8,125.53,633.52,295.65,DESCEND
1.4446,-0.0176,0.1524,0.0284,0.00359,-0.00176,0.00587,-5.00,0.00,0.00,6.9,125.53,633.52,295.59,DESCEND
1.4547,-0.0976,0.2224,-0.1115,-0.02340,-0.00976,0.00287,-5.00,0.00,0.00,6.9,125.53,633.53,295.55,DESCEND
1.4648,-0.0376,0.0024,0.0884,-0.02640,-0.01376,0.00487,-5.00,0.00,0.00,7.0,125.53,633.53,295.49,DESCEND
1.4749,-0.0276,-0.1575,0.2984,-0.01240,-0.00176,-0.00112,-5.00,0.00,0.00,7.0,125.53,633.53,295.45,DESCEND
1.4850,0.0323,-0.2375,0.0484,0.00059,-0.00376,0.00187,-5.00,0.00,0.00,7.1,125.54,633.53,295.39,DESCEND
1.4951,0.1823,-0.1775,0.0184,0.01459,-0.00376,0.00387,-5.00,0.00,0.00,7.1,125.54,633.53,295.35,DESCEND
1.5052,0.1123,-0.2975,0.2384,0.01159,-0.00276,0.00287,-5.00,0.00,0.00,7.2,125.54,633.54,295.29,DESCEND
1.5153,0.0623,-0.1375,0.0084,0.00359,-0.00676,0.00087,-5.00,0.00,0.00,7.2,125.54,633.54,295.25,DESCEND
1.5254,0.0423,-0.1175,0.3984,0.00359,0.00123,0.00187,-5.00,0.00,0.00,7.3,125.54,633.54,295.19,DESCEND
1.5355,-0.0476,0.2024,0.0784,-0.00240,0.00023,0.00287,-5.00,0.00,0.00,7.3,125.54,633.54,295.15,DESCEND
1.5456,0.0223,-0.1775,0.0284,0.00159,0.00323,0.00287,-5.00,0.00,0.00,7.4,125.54,633.54,295.09,DESCEND
1.5557,0.0723,-0.2775,0.1384,0.01259,0.00523,-0.00012,-5.00,0.00,0.00,7.4,125.54,633.54,295.03,DESCEND
1.5658,0.2123,-0.3175,0.2684,0.00059,-0.00376,-0.00012,-5.00,0.00,0.00,7.5,125.54,633.55,294.99,DESCEND
1.5759,-0.1676,0.0624,0.1984,-0.00940,-0.00376,0.00287,-5.00,0.00,0.00,7.5,125.54,633.55,294.93,DESCEND
1.5860,0.0023,-0.0875,0.0384,-0.00540,-0.01076,0.00387,-5.00,0.00,0.00,7.6,125.54,633.55,294.89,DESCEND
1.5961,-0.0176,-0.1975,0.0284,-0.00140,-0.00676,0.00187,-5.00,0.00,0.00,7.6,125.54,633.55,294.83,DESCEND
1.6062,-0.0476,-0.0975,0.1584,0.00959,0.00523,-0.00012,-5.00,0.00,0.00,7.7,125.54,633.55,294.79,DESCEND
1.6163,0.1123,-0.1775,0.2784,0.01259,0.00123,0.00187,-5.00,0.00,0.00,7.7,125.54,633.56,294.73,DESCEND
1.6265,-0.0176,-0.0375,0.4184,-0.00640,0.01323,0.00087,-5.00,0.00,0.00,7.8,125.54,633.56,294.69,DESCEND
1.6365,0.0623,-0.0775,-0.0615,0.01859,0.00523,0.00087,-5.00,0.00,0.00,7.8,125.54,633.56,294.63,DESCEND
1.6466,0.0723,-0.1975,0.1884,0.01559,0.01123,0.00287,-5.00,0.00,0.00,7.9,125.54,633.56,294.59,DESCEND
1.6567,-0.0476,-0.2975,0.4184,0.00659,0.00323,0.00187,-5.00,0.00,0.00,7.9,125.54,633.56,294.53,DESCEND
1.6668,0.1123,-0.2175,0.3184,-0.00240,-0.00176,-0.00012,-5.00,0.00,0.00,8.0,125.54,633.56,294.49,DESCEND
1.6769,0.1723,-0.1675,0.0284,0.01659,0.00523,0.00087,-5.00,0.00,0.00,8.0,125.54,633.57,294.43,DESCEND
1.6870,-0.0576,0.0524,0.2484,-0.00540,-0.00176,0.00487,-5.00,0.00,0.00,8.1,125.54,633.57,294.39,DESCEND
1.6971,0.0423,0.2324,-0.0215,0.00559,0.00023,0.00387,-5.00,0.00,0.00,8.1,125.54,633.57,294.33,DESCEND
1.7072,0.1923,-0.1475,-0.0015,0.00859,-0.00176,0.00087,-5.00,0.00,0.00,8.2,125.54,633.57,294.29,DESCEND
1.7173,0.1023,-0.0675,-0.1815,-0.00640,-0.00876,0.00287,-5.00,0.00,0.00,8.2,125.54,633.57,294.23,DESCEND
1.7274,-0.2476,-0.1075,0.4784,-0.02140,0.00523,0.00387,-5.00,0.00,0.00,8.3,125.54,633.58,294.19,DESCEND
1.7375,0.1023,-0.0475,-0.1215,0.01659,-0.00176,0.00187,-5.00,0.00,0.00,8.3,125.54,633.58,294.13,DESCEND
1.7475,-0.0176,-0.5175,0.6584,-0.00440,0.00223,-0.00112,-5.00,0.00,0.00,8.4,125.54,633.58,294.07,DESCEND
1.7576,-0.0276,-0.1075,-0.1215,0.00259,-0.00476,0.00287,-5.00,0.00,0.00,8.4,125.54,633.58,294.03,DESCEND
1.7677,-0.1176,0.0724,0.1684,-0.00840,-0.00376,0.00287,-5.00,0.00,0.00,8.5,125.54,633.58,293.97,DESCEND
1.7778,-0.2176,0.1724,-0.1415,-0.01340,-0.01376,0.00487,-5.00,0.00,0.00,8.5,125.54,633.59,293.93,DESCEND
1.7879,0.0323,0.2024,-0.3015,-0.00740,-0.00976,0.00587,-5.00,0.00,0.00,8.6,125.54,633.59,293.87,DESCEND
1.7980,0.0623,0.2124,-0.0815,-0.00140,-0.00976,0.00787,-5.00,0.00,0.00,8.6,125.54,633.59,293.83,DESCEND
1.8081,-0.1076,-0.4075,0.1284,-0.01840,-0.00676,0.00087,-5.00,0.00,0.00,8.7,125.54,633.59,293.77,DESCEND
1.8182,0.1223,-0.0075,-0.1215,-0.00940,-0.01876,0.00387,-5.00,0.00,0.00,8.7,125.54,633.59,293.73,DESCEND
1.8283,0.0623,0.2224,0.1684,-0.00640,-0.00376,0.00387,-5.00,0.00,0.00,8.8,125.54,633.60,293.67,DESCEND
1.8384,0.1623,-0.0975,0.2884,0.00959,0.00323,0.00287,-5.00,0.00,0.00,8.8,125.54,633.60,293.63,DESCEND
1.8485,0.0323,0.2324,-0.2015,-0.01340,-0.00876,0.00287,-5.00,0.00,0.00,8.9,125.54,633.60,293.57,DESCEND
1.8586,0.0323,-0.0275,0.0084,0.00159,-0.00376,0.00387,-5.00,0.00,0.00,8.9,125.54,633.60,293.53,DESCEND
1.8686,-0.0476,-0.2775,0.2284,-0.00140,0.00423,0.00287,-5.00,0.00,0.00,9.0,125.54,633.60,293.47,DESCEND
1.8787,-0.1076,0.0824,0.1684,-0.01740,-0.00576,0.00487,-5.00,0.00,0.00,9.0,125.54,633.60,293.43,DESCEND
1.8888,0.0323,-0.1575,0.2184,-0.00340,-0.00676,0.00387,-5.00,0.00,0.00,9.1,125.54,633.61,293.37,DESCEND
1.8990,0.0023,-0.0075,-0.1915,-0.00840,-0.00976,0.00287,-5.00,0.00,0.00,9.1,125.54,633.61,293.33,DESCEND
1.9090,0.1023,0.0724,-0.1515,-0.00940,-0.01076,0.00387,-5.00,0.00,0.00,9.2,125.54,633.61,293.27,DESCEND
1.9191,-0.0876,0.1724,0.3084,-0.00040,0.00123,0.00387,-5.00,0.00,0.00,9.2,125.54,633.61,293.23,DESCEND
1.9292,0.1323,0.1524,0.0384,0.01459,0.00823,0.00287,-5.00,0.00,0.00,9.3,125.54,633.61,293.17,DESCEND
1.9394,0.0423,0.0124,0.0784,-0.00140,0.00523,0.00287,-5.00,0.00,0.00,9.3,125.54,633.62,293.13,DESCEND
1.9495,-0.0076,-0.1475,0.4784,0.00659,0.00523,0.00287,-5.00,0.00,0.00,9.4,125.54,633.62,293.07,DESCEND
1.9596,-0.0976,-0.1475,0.1784,-0.00440,0.00523,0.00287,-5.00,0.00,0.00,9.5,125.54,633.62,293.01,DESCEND
1.9697,0.1623,0.0424,-0.1215,-0.00240,-0.00776,-0.00012,-5.00,0.00,0.00,9.5,125.54,633.62,292.97,DESCEND
1.9797,0.1023,0.1124,-0.0615,-0.00640,-0.01176,0.00287,-5.00,0.00,0.00,9.6,125.54,633.62,292.91,DESCEND
1.9898,0.0623,-0.1975,0.3084,-0.00140,0.00223,0.00187,-5.00,0.00,0.00,9.6,125.54,633.62,292.87,DESCEND
1.9999,-0.0576,-0.1475,0.0184,-0.00640,-0.00876,0.00487,-5.00,0.00,0.00,9.7,125.54,633.63,292.81,DESCEND
2.0100,0.1223,0.0024,-0.1715,-0.00140,-0.00976,0.00387,-5.00,0.00,0.00,9.7,125.54,633.63,292.77,DESCEND
2.0201,0.2223,0.1324,0.2084,0.01859,0.00023,0.00487,-5.00,0.00,0.00,9.8,125.54,633.63,292.71,DESCEND
2.0302,0.1823,0.2224,-0.1315,0.01259,-0.00576,0.00587,-5.00,0.00,0.00,9.8,125.54,633.63,292.67,DESCEND
2.0403,0.4123,-0.2575,0.5584,0.00959,0.00023,-0.00212,-5.00,0.00,0.00,9.9,125.54,633.63,292.62,DESCEND
2.0504,0.1123,-0.3775,0.2984,0.01659,0.00423,-0.00012,-5.00,0.00,0.00,9.9,125.54,633.64,292.58,DESCEND
2.0605,0.0123,0.1224,0.2584,0.00459,0.00223,0.00487,-5.00,0.00,0.00,10.0,125.54,633.64,292.52,DESCEND
2.0706,-0.0476,-0.1875,0.3084,0.00759,0.01023,0.00187,-5.00,0.00,0.00,10.0,125.54,633.64,292.48,DESCEND
2.0807,0.1023,0.0724,0.0384,0.00159,0.00123,0.00187,-5.00,0.00,0.00,10.1,125.54,633.64,292.42,DESCEND
2.0908,-0.0476,0.1224,0.2184,-0.00640,0.00223,0.00287,-5.00,0.00,0.00,10.1,125.54,633.64,292.38,DESCEND
2.1009,0.0823,-0.3775,0.2784,0.00159,0.00323,0.00287,-5.00,0.00,0.00,10.2,125.54,633.65,292.32,DESCEND
2.1110,0.1323,0.3324,-0.1415,0.01859,-0.00376,0.00487,-5.00,0.00,0.00,10.2,125.55,633.65,292.28,DESCEND
2.1211,0.1023,0.2224,0.1484,-0.00240,-0.00176,0.00687,-5.00,0.00,0.00,10.3,125.55,633.65,292.22,DESCEND
2.1312,0.0023,0.2024,-0.0715,-0.00640,-0.00476,0.00487,-5.00,0.00,0.00,10.3,125.55,633.65,292.18,DESCEND
2.1413,0.1123,-0.1175,-0.0515,-0.01240,-0.01776,0.00587,-5.00,0.00,0.00,10.4,125.55,633.65,292.12,DESCEND
2.1514,0.2223,-0.2375,0.4284,0.00559,-0.00076,0.00287,-5.00,0.00,0.00,10.4,125.55,633.65,292.08,DESCEND
2.1615,0.1323,-0.1575,-0.1115,-0.00040,-0.02176,0.00287,-5.00,0.00,0.00,10.5,125.55,633.66,292.02,DESCEND
2.1716,0.2623,0.0924,-0.2915,0.00259,-0.01976,0.00387,-5.00,0.00,0.00,10.5,125.55,633.66,291.96,DESCEND
2.1817,0.1323,0.3324,0.0284,-0.00640,-0.01176,0.00687,-5.00,0.00,0.00,10.6,125.55,633.66,291.92,DESCEND
2.1918,-0.1276,-0.0875,0.3884,0.00359,0.00923,0.00487,-5.00,0.00,0.00,10.6,125.55,633.66,291.86,DESCEND
2.2019,0.2823,-0.0875,0.2384,0.01459,-0.00376,0.00187,-5.00,0.00,0.00,10.7,125.55,633.66,291.82,DESCEND
2.2120,0.0923,-0.3075,0.3184,-0.00740,-0.00276,0.00287,-5.00,0.00,0.00,10.7,125.55,633.67,291.76,DESCEND
2.2221,0.0223,-0.0775,0.1784,-0.00340,-0.00376,0.00487,-5.00,0.00,0.00,10.8,125.55,633.67,291.72,DESCEND
2.2322,0.1123,0.0824,-0.0715,-0.01140,-0.01376,0.00487,-5.00,0.00,0.00,10.8,125.55,633.67,291.66,DESCEND
2.2423,0.1723,0.0124,0.1884,0.01359,0.00323,0.00487,-5.00,0.00,0.00,10.9,125.55,633.67,291.62,DESCEND
2.2524,0.0723,-0.1075,0.2884,-0.00140,0.00123,0.00287,-5.00,0.00,0.00,10.9,125.55,633.67,291.56,DESCEND
2.2625,0.0823,-0.0175,-0.0015,-0.00540,-0.01176,0.00587,-5.00,0.00,0.00,11.0,125.55,633.68,291.52,DESCEND
2.2726,-0.0676,0.2924,-0.2415,-0.01240,-0.00576,0.00487,-5.00,0.00,0.00,11.0,125.55,633.68,291.46,DESCEND
2.2827,0.2023,0.0524,0.2284,0.01659,0.00023,0.00287,-5.00,0.00,0.00,11.1,125.55,633.68,291.42,DESCEND
2.2928,-0.0376,-0.0375,0.1984,0.00959,0.00523,0.00487,-5.00,0.00,0.00,11.1,125.55,633.68,291.36,DESCEND
2.3030,-0.0376,0.0624,-0.0815,-0.00040,0.00023,0.00387,-5.00,0.00,0.00,11.2,125.55,633.68,291.32,DESCEND
2.3131,0.0523,-0.2175,0.1184,-0.00840,-0.01476,0.00387,-5.00,0.00,0.00,11.2,125.55,633.68,291.26,DESCEND
2.3232,0.0023,-0.1575,0.0584,0.00059,-0.00276,0.00487,-5.00,0.00,0.00,11.3,125.55,633.69,291.22,DESCEND
2.3333,-0.1376,0.2324,0.0284,-0.00840,-0.00976,0.00687,-5.00,0.00,0.00,11.3,125.55,633.69,291.16,DESCEND
2.3434,0.2023,0.0624,-0.2515,0.00459,-0.00576,0.00187,-5.00,0.00,0.00,11.4,125.55,633.69,291.12,DESCEND
2.3535,0.1223,0.3124,-0.3315,0.00159,-0.01176,0.00887,-5.00,0.00,0.00,11.4,125.55,633.69,291.06,DESCEND
2.3636,0.2323,-0.1975,0.0584,0.00159,-0.01576,0.00287,-5.00,0.00,0.00,11.5,125.55,633.69,291.00,DESCEND
2.3737,0.0223,-0.1275,0.3684,-0.00240,-0.00076,0.00587,-5.00,0.00,0.00,11.5,125.55,633.70,290.96,DESCEND
2.3839,0.0523,-0.0575,-0.0115,-0.00740,-0.00276,0.00387,-5.00,0.00,0.00,11.6,125.55,633.70,290.90,DESCEND
2.3940,-0.1876,0.0124,0.3584,-0.01240,0.00023,0.00487,-5.00,0.00,0.00,11.6,125.55,633.70,290.86,DESCEND
2.4041,0.1223,-0.1475,0.0284,0.00459,-0.00976,0.00287,-5.00,0.00,0.00,11.7,125.55,633.70,290.80,DESCEND
2.4142,0.0523,-0.1075,-0.1115,0.00459,-0.00276,0.00487,-5.00,0.00,0.00,11.7,125.55,633.70,290.76,DESCEND
2.4242,-0.1476,0.1324,-0.1615,-0.00940,-0.00976,0.00687,-5.00,0.00,0.00,11.8,125.55,633.71,290.70,DESCEND
2.4344,0.0323,0.1224,-0.1215,-0.00740,-0.00976,0.00487,-5.00,0.00,0.00,11.8,125.55,633.71,290.66,DESCEND
2.4445,0.0123,0.0024,0.4384,0.00559,0.00523,-0.00012,-5.00,0.00,0.00,11.9,125.55,633.71,290.60,DESCEND
2.4546,0.0423,-0.0975,0.2184,0.00859,-0.00076,0.00487,-5.00,0.00,0.00,11.9,125.55,633.71,290.56,DESCEND
2.4646,-0.0976,0.3224,0.0284,-0.00840,-0.00176,0.00287,-5.00,0.00,0.00,12.0,125.55,633.71,290.50,DESCEND
2.4747,0.0823,-0.2575,0.5084,-0.00540,-0.00076,0.00287,-5.00,0.00,0.00,12.0,125.55,633.71,290.46,DESCEND
2.4848,0.0623,-0.2775,0.3884,0.01159,0.01323,-0.00012,-5.00,0.00,0.00,12.1,125.55,633.72,290.40,DESCEND
2.4949,0.0423,-0.0175,-0.0415,-0.01140,-0.01276,0.00487,-5.00,0.00,0.00,12.1,125.55,633.72,290.36,DESCEND
2.5050,-0.1676,0.0524,0.0784,-0.01140,-0.00776,0.00387,-5.00,0.00,0.00,12.2,125.55,633.72,290.30,DESCEND
2.5151,0.0823,0.0724,-0.1415,0.01259,-0.00476,0.00487,-5.00,0.00,0.00,12.2,125.55,633.72,290.26,DESCEND
2.5252,0.0823,0.0824,0.1484,0.01759,-0.00076,0.00587,-5.00,0.00,0.00,12.3,125.55,633.72,290.20,DESCEND
2.5353,-0.0576,-0.2675,0.4384,0.00659,0.00623,0.00287,-5.00,0.00,0.00,12.3,125.55,633.73,290.16,DESCEND
2.5454,-0.0776,0.2524,0.1284,-0.01140,-0.00676,0.00887,-5.00,0.00,0.00,12.4,125.55,633.73,290.10,DESCEND
2.5555,-0.1276,0.1024,-0.0215,-0.00640,-0.00776,0.00587,-5.00,0.00,0.00,12.4,125.55,633.73,290.04,DESCEND
2.5656,0.1523,-0.2875,0.2884,-0.00740,-0.01276,-0.00112,-5.00,0.00,0.00,12.5,125.55,633.73,290.00,DESCEND
2.5757,-0.0476,0.1024,-0.3115,-0.00940,-0.00776,0.00487,-5.00,0.00,0.00,12.5,125.55,633.73,289.94,DESCEND
2.5858,-0.0176,0.1124,0.2184,0.00959,0.01223,0.00687,-5.00,0.00,0.00,12.6,125.55,633.74,289.90,DESCEND
2.5959,-0.0476,0.2224,0.1784,-0.01140,-0.00376,0.00787,-5.00,0.00,0.00,12.6,125.55,633.74,289.84,DESCEND
2.6060,0.0523,-0.2175,0.1684,-0.00040,-0.00476,0.00087,-5.00,0.00,0.00,12.7,125.55,633.74,289.80,DESCEND
2.6161,0.0023,0.0724,0.1284,-0.00440,-0.00476,0.00387,-5.00,0.00,0.00,12.7,125.55,633.74,289.74,DESCEND
2.6262,0.0823,-0.1375,0.0984,-0.01140,-0.01076,0.00587,-5.00,0.00,0.00,12.8,125.55,633.74,289.70,DESCEND
2.6363,-0.1076,-0.1975,0.2984,-0.00440,0.00223,0.00387,-5.00,0.00,0.00,12.8,125.55,633.74,289.64,DESCEND
2.6464,0.0923,-0.1975,0.2184,0.01159,0.00723,0.00287,-5.00,0.00,0.00,12.9,125.55,633.75,289.60,DESCEND
2.6565,-0.0076,0.1624,-0.1915,-0.00640,-0.00976,0.00487,-5.00,0.00,0.00,12.9,125.55,633.75,289.54,DESCEND
2.6666,-0.1076,-0.1475,0.2084,-0.00740,-0.00376,0.00587,-5.00,0.00,0.00,13.0,125.55,633.75,289.50,DESCEND
2.6767,0.1123,0.1924,0.1884,0.01159,-0.00476,0.00687,-5.00,0.00,0.00,13.0,125.55,633.75,289.44,DESCEND
2.6868,0.2723,0.1324,0.2884,0.01859,-0.00176,0.00687,-5.00,0.00,0.00,13.1,125.55,633.75,289.40,DESCEND
2.6969,0.0423,-0.2675,0.2784,-0.00140,-0.00176,0.00287,-5.00,0.00,0.00,13.1,125.55,633.76,289.34,DESCEND
2.7070,0.2023,0.2624,-0.0015,0.00659,-0.00776,0.00487,-5.00,0.00,0.00,13.2,125.55,633.76,289.30,DESCEND
2.7172,0.0923,-0.0575,0.5584,-0.00140,0.00523,-0.00012,-5.00,0.00,0.00,13.2,125.55,633.76,289.24,DESCEND
2.7273,0.0723,0.0624,0.1584,0.00259,-0.00276,0.00587,-5.00,0.00,0.00,13.3,125.55,633.76,289.20,DESCEND
2.7374,0.0523,-0.0775,0.3384,-0.00540,0.00223,0.00287,-5.00,0.00,0.00,13.3,125.55,633.76,289.14,DESCEND
2.7475,-0.0376,0.3124,-0.1715,-0.01740,-0.01976,0.00587,-5.00,0.00,0.00,13.4,125.55,633.76,289.10,DESCEND
2.7576,0.1723,0.0324,0.1784,-0.01140,-0.01276,0.00387,-5.00,0.00,0.00,13.4,125.56,633.77,289.04,DESCEND
2.7677,-0.0076,-0.0075,-0.0915,-0.01240,-0.01476,0.00587,-5.00,0.00,0.00,13.5,125.56,633.77,288.98,DESCEND
2.7778,0.2023,0.0424,0.1784,0.00459,0.00023,0.00387,-5.00,0.00,0.00,13.5,125.56,633.77,288.94,DESCEND
2.7879,0.0823,-0.2875,0.0384,-0.00340,-0.01176,0.00087,-5.00,0.00,0.00,13.6,125.56,633.77,288.88,DESCEND
2.7980,0.0723,0.1224,0.1184,-0.01040,-0.00976,0.00787,-5.00,0.00,0.00,13.6,125.56,633.77,288.84,DESCEND
2.8081,0.1323,-0.1675,-0.0415,0.01959,-0.00176,0.00387,-5.00,0.00,0.00,13.7,125.56,633.78,288.78,DESCEND
2.8182,0.0123,-0.0575,-0.1415,-0.00640,-0.00276,0.00487,-5.00,0.00,0.00,13.7,125.56,633.78,288.74,DESCEND
2.8283,0.0023,0.5624,-0.3915,-0.00840,-0.01476,0.00987,-5.00,0.00,0.00,13.8,125.56,633.78,288.68,DESCEND
2.8384,0.1623,-0.0475,0.2284,0.00259,-0.00176,0.00587,-5.00,0.00,0.00,13.8,125.56,633.78,288.64,DESCEND
2.8485,-0.0576,-0.1475,0.3684,-0.00840,0.00123,0.00187,-5.00,0.00,0.00,13.9,125.56,633.78,288.58,DESCEND
2.8586,0.2023,0.0424,0.1184,0.01159,-0.00376,0.00487,-5.00,0.00,0.00,13.9,125.56,633.79,288.54,DESCEND
2.8687,0.0623,0.1424,-0.0315,-0.00440,-0.01176,0.00587,-5.00,0.00,0.00,14.0,125.56,633.79,288.48,DESCEND
2.8788,0.2223,-0.0675,0.2384,0.00059,-0.00376,0.00487,-5.00,0.00,0.00,14.0,125.56,633.79,288.44,DESCEND
2.8889,0.2623,-0.0775,0.0284,0.01059,-0.00276,0.00387,-5.00,0.00,0.00,14.1,125.56,633.79,288.38,DESCEND
2.8990,0.1523,-0.0775,0.1784,-0.00640,-0.00476,0.00187,-5.00,0.00,0.00,14.1,125.56,633.79,288.34,DESCEND
2.9091,-0.0676,0.2124,-0.1215,-0.01540,-0.00976,0.00687,-5.00,0.00,0.00,14.2,125.56,633.80,288.28,DESCEND
2.9192,-0.0276,-0.2275,0.3184,0.00759,0.01623,0.00587,-5.00,0.00,0.00,14.2,125.56,633.80,288.24,DESCEND
2.9293,0.0723,0.0624,0.1884,0.00859,0.00323,0.00287,-5.00,0.00,0.00,14.3,125.56,633.80,288.18,DESCEND
2.9394,-0.1376,0.1624,-0.1715,-0.01540,-0.00976,0.00887,-5.00,0.00,0.00,14.3,125.56,633.80,288.14,DESCEND
2.9495,0.1623,0.1524,-0.0415,-0.00140,-0.00676,0.00687,-5.00,0.00,0.00,14.4,125.56,633.80,288.08,DESCEND
2.9596,0.1223,-0.1175,0.1284,0.00159,-0.01076,0.00287,-5.00,0.00,0.00,14.5,125.56,633.80,288.02,DESCEND
2.9697,0.1923,0.0924,0.0784,-0.00040,-0.01176,0.00887,-5.00,0.00,0.00,14.5,125.56,633.81,287.98,DESCEND
2.9797,0.0923,0.0724,0.0684,-0.00640,-0.00876,0.00387,-5.00,0.00,0.00,14.6,125.56,633.81,287.92,DESCEND
2.9898,-0.0576,0.0824,0.0884,0.01159,0.00023,0.00587,-5.00,0.00,0.00,14.6,125.56,633.81,287.88,DESCEND
3.0000,0.0823,-0.1675,0.4384,-0.01540,-0.00976,0.00487,-5.00,0.00,0.00,14.7,125.56,633.81,287.82,DESCEND
3.0101,0.0423,-0.0375,0.1984,0.00559,0.00723,0.00087,-5.00,0.00,0.00,14.7,125.56,633.81,287.78,DESCEND
3.0202,0.1323,-0.2875,0.4984,-0.01340,-0.00876,-0.00012,-5.00,0.00,0.00,14.8,125.56,633.82,287.72,DESCEND
3.0303,-0.0476,0.2824,0.0684,-0.01640,-0.00976,0.00587,-5.00,0.00,0.00,14.8,125.56,633.82,287.68,DESCEND
3.0404,0.1323,-0.0275,0.2484,0.01559,0.00223,0.00787,-5.00,0.00,0.00,14.9,125.56,633.82,287.62,DESCEND
3.0505,0.0623,0.0624,0.0484,-0.01040,-0.00676,0.00587,-5.00,0.00,0.00,14.9,125.56,633.82,287.58,DESCEND
3.0606,0.2023,-0.4775,0.3584,0.00059,-0.00976,0.00587,-5.00,0.00,0.00,15.0,125.56,633.82,287.52,DESCEND
3.0708,-0.1076,0.0824,0.2184,-0.01440,-0.01376,0.00487,-5.00,0.00,0.00,15.0,125.56,633.82,287.48,DESCEND
3.0808,0.2023,-0.1175,-0.0115,-0.00140,-0.01076,0.00087,-5.00,0.00,0.00,15.1,125.56,633.83,287.42,DESCEND
3.0909,0.1323,0.2324,0.0284,-0.00040,-0.00476,0.00687,-5.00,0.00,0.00,15.1,125.56,633.83,287.38,DESCEND
3.1010,0.0523,0.2324,-0.1415,-0.02140,-0.01576,0.00687,-5.00,0.00,0.00,15.2,125.56,633.83,287.32,DESCEND
3.1110,0.0123,0.1024,-0.1615,0.00059,-0.01176,0.00387,-5.00,0.00,0.00,15.2,125.56,633.83,287.28,DESCEND
3.1211,0.1423,0.0624,0.2884,0.01259,0.00523,0.01187,-5.00,0.00,0.00,15.3,125.56,633.83,287.22,DESCEND
3.1312,0.0923,-0.0475,0.0084,-0.02240,-0.00776,0.00687,-5.00,0.00,0.00,15.3,125.56,633.84,287.18,DESCEND
3.1413,0.1523,0.2124,0.1384,-0.00240,-0.01376,0.00787,-5.00,0.00,0.00,15.4,125.56,633.84,287.12,DESCEND
3.1514,0.1223,-0.0875,0.0684,0.00359,-0.01576,0.00287,-5.00,0.00,0.00,15.4,125.56,633.84,287.08,DESCEND
3.1615,0.2023,0.2124,-0.1515,-0.00940,-0.02476,0.00787,-5.00,0.00,0.00,15.5,125.56,633.84,287.02,DESCEND
3.1716,0.0623,-0.3375,0.4484,0.00559,0.00423,0.00287,-5.00,0.00,0.00,15.5,125.56,633.84,286.96,DESCEND
3.1817,0.0823,0.1624,0.1584,-0.02040,-0.01576,0.00587,-5.00,0.00,0.00,15.6,125.56,633.85,286.92,DESCEND
3.1918,0.2023,0.1124,0.2684,0.00659,-0.00876,0.00587,-5.00,0.00,0.00,15.6,125.56,633.85,286.86,DESCEND
3.2019,-0.0676,0.2824,0.0384,-0.00540,-0.00576,0.00687,-5.00,0.00,0.00,15.7,125.56,633.85,286.82,DESCEND
3.2120,0.2323,-0.0975,0.5284,0.00659,0.00623,0.00187,-5.00,0.00,0.00,15.7,125.56,633.85,286.76,DESCEND
3.2221,0.1623,0.2124,0.0084,0.00459,0.01023,0.00487,-5.00,0.00,0.00,15.8,125.56,633.85,286.72,DESCEND
3.2322,0.2923,-0.2475,0.4384,0.00359,0.00023,0.00187,-5.00,0.00,0.00,15.8,125.56,633.86,286.66,DESCEND
3.2423,0.1223,-0.0775,0.2284,0.01959,0.00623,0.00587,-5.00,0.00,0.00,15.9,125.56,633.86,286.62,DESCEND
3.2524,-0.1176,-0.1575,0.2784,-0.00840,0.00523,0.00387,-5.00,0.00,0.00,15.9,125.56,633.86,286.56,DESCEND
3.2625,-0.0576,0.0124,0.1384,-0.01140,-0.00376,0.00587,-5.00,0.00,0.00,16.0,125.56,633.86,286.52,DESCEND
3.2726,0.1123,0.0124,0.1984,0.00459,0.00023,0.00287,-5.00,0.00,0.00,16.0,125.56,633.86,286.46,DESCEND
3.2827,0.0223,0.2224,0.1184,-0.00340,-0.00176,0.00587,-5.00,0.00,0.00,16.1,125.56,633.86,286.42,DESCEND
3.2928,0.1423,0.2324,0.2784,-0.00140,-0.00276,0.00787,-5.00,0.00,0.00,16.1,125.56,633.87,286.36,DESCEND
3.3029,0.0123,-0.1175,0.2984,-0.00040,0.00123,0.00187,-5.00,0.00,0.00,16.2,125.56,633.87,286.32,DESCEND
3.3130,-0.0276,0.4824,-0.1415,-0.00240,-0.00176,0.01087,-5.00,0.00,0.00,16.2,125.56,633.87,286.26,DESCEND
3.3231,-0.0176,0.0524,0.1484,-0.00640,-0.00976,0.00487,-5.00,0.00,0.00,16.3,125.56,633.87,286.22,DESCEND
3.3332,0.1223,0.1424,0.0684,-0.00240,-0.01076,0.01087,-5.00,0.00,0.00,16.3,125.56,633.87,286.16,DESCEND
3.3433,-0.0276,0.1324,-0.0415,-0.01040,-0.00376,0.00687,-5.00,0.00,0.00,16.4,125.56,633.88,286.12,DESCEND
3.3534,0.3323,0.2524,0.2484,0.00359,-0.00476,0.00487,-5.00,0.00,0.00,16.4,125.56,633.88,286.06,DESCEND
3.3636,-0.0976,-0.1675,0.3384,-0.02040,-0.01576,0.00487,-5.00,0.00,0.00,16.5,125.56,633.88,286.00,DESCEND
3.3737,0.1323,-0.0675,0.2784,0.00359,-0.00676,0.00487,-5.00,0.00,0.00,16.5,125.56,633.88,285.96,DESCEND
3.3838,-0.0076,0.0224,0.1684,0.00759,0.00123,0.00987,-5.00,0.00,0.00,16.6,125.56,633.88,285.90,DESCEND
3.3939,-0.0076,0.1224,-0.0115,0.00959,-0.00076,0.00787,-5.00,0.00,0.00,16.6,125.56,633.88,285.86,DESCEND
3.4040,-0.0976,0.3824,-0.1515,-0.01240,-0.01176,0.00587,-5.00,0.00,0.00,16.7,125.57,633.89,285.80,DESCEND
3.4141,0.1823,0.1024,-0.0315,-0.00040,-0.00876,0.00587,-5.00,0.00,0.00,16.7,125.57,633.89,285.76,DESCEND
3.4241,-0.0676,0.0324,0.2884,-0.00140,0.00323,0.00787,-5.00,0.00,0.00,16.8,125.57,633.89,285.70,DESCEND
3.4343,0.1323,0.0824,0.1884,-0.01340,-0.01476,0.00287,-5.00,0.00,0.00,16.8,125.57,633.89,285.66,DESCEND
3.4444,0.0623,0.0624,0.4684,0.00459,0.00023,0.00287,-5.00,0.00,0.00,16.9,125.57,633.89,285.60,DESCEND
3.4545,-0.0076,0.3524,0.0884,-0.00540,-0.00676,0.00987,-5.00,0.00,0.00,16.9,125.57,633.90,285.56,DESCEND
3.4646,-0.0976,-0.1975,0.2584,-0.01040,-0.00076,0.00387,-5.00,0.00,0.00,17.0,125.57,633.90,285.50,DESCEND
3.4747,-0.0676,0.1224,0.2284,-0.00040,0.00323,0.00787,-5.00,0.00,0.00,17.0,125.57,633.90,285.46,DESCEND
3.4849,-0.0576,-0.0575,0.2684,0.00059,0.00823,0.00087,-5.00,0.00,0.00,17.1,125.57,633.90,285.40,DESCEND
3.4950,0.1123,0.1324,0.0884,0.00759,-0.00476,0.00487,-5.00,0.00,0.00,17.1,125.57,633.90,285.36,DESCEND
3.5051,0.1423,-0.1875,0.3984,0.01659,0.00623,0.00587,-5.00,0.00,0.00,17.2,125.57,633.91,285.30,DESCEND
3.5152,0.1223,0.1724,0.0784,0.00659,-0.00276,0.00787,-5.00,0.00,0.00,17.2,125.57,633.91,285.26,DESCEND
3.5253,-0.0876,-0.1075,0.2384,-0.01440,-0.00376,0.00387,-5.00,0.00,0.00,17.3,125.57,633.91,285.20,DESCEND
3.5354,0.1523,-0.3975,0.3284,0.00059,-0.00876,0.00287,-5.00,0.00,0.00,17.3,125.57,633.91,285.16,DESCEND
3.5455,0.2423,-0.1575,0.3184,0.01359,0.00223,0.00487,-5.00,0.00,0.00,17.4,125.57,633.91,285.10,DESCEND
3.5556,0.1223,-0.1475,0.0484,-0.00840,-0.00976,0.00687,-5.00,0.00,0.00,17.4,125.57,633.92,285.04,DESCEND
3.5657,0.1223,-0.0375,0.1184,0.00559,0.00123,0.00687,-5.00,0.00,0.00,17.5,125.57,633.92,285.00,DESCEND
3.5758,-0.0076,0.4024,0.1784,-0.00040,-0.00076,0.00987,-5.00,0.00,0.00,17.5,125.57,633.92,284.94,DESCEND
3.5859,-0.0076,0.4524,-0.0915,-0.00540,-0.01476,0.00787,-5.00,0.00,0.00,17.6,125.57,633.92,284.90,DESCEND
3.5960,-0.1176,-0.0975,0.0084,-0.00140,-0.00076,0.00887,-5.00,0.00,0.00,17.6,125.57,633.92,284.84,DESCEND
3.6061,0.1323,-0.1175,0.1784,-0.01840,-0.01676,0.00387,-5.00,0.00,0.00,17.7,125.57,633.92,284.80,DESCEND
3.6162,0.0723,-0.0475,0.0684,0.00559,-0.00476,0.00787,-5.00,0.00,0.00,17.7,125.57,633.93,284.74,DESCEND
3.6263,0.0423,-0.0975,0.1184,-0.01340,-0.01276,0.00387,-5.00,0.00,0.00,17.8,125.57,633.93,284.70,DESCEND
3.6364,-0.0476,0.2724,0.3584,0.00559,0.00423,0.00487,-5.00,0.00,0.00,17.8,125.57,633.93,284.64,DESCEND
3.6465,0.0223,0.0624,0.0884,-0.00740,-0.01176,0.00787,-5.00,0.00,0.00,17.9,125.57,633.93,284.60,DESCEND
3.6566,0.0623,-0.4175,0.0384,-0.00140,-0.00576,0.00387,-5.00,0.00,0.00,17.9,125.57,633.93,284.54,DESCEND
3.6667,0.1423,-0.1875,0.2884,-0.01040,-0.00776,0.00387,-5.00,0.00,0.00,18.0,125.57,633.94,284.50,DESCEND
3.6768,-0.0676,0.2724,0.1684,-0.01240,-0.01176,0.00687,-5.00,0.00,0.00,18.0,125.57,633.94,284.44,DESCEND
3.6869,0.0323,-0.0275,0.2584,0.00159,-0.00176,0.00687,-5.00,0.00,0.00,18.1,125.57,633.94,284.40,DESCEND
3.6970,-0.0176,0.2124,0.0384,0.00859,0.00023,0.00787,-5.00,0.00,0.00,18.1,125.57,633.94,284.34,DESCEND
3.7071,0.0323,0.1524,0.1484,-0.01540,0.00123,0.00587,-5.00,0.00,0.00,18.2,125.57,633.94,284.30,DESCEND
3.7172,0.0723,-0.1075,0.0684,0.01559,0.00523,0.00587,-5.00,0.00,0.00,18.2,125.57,633.94,284.24,DESCEND
3.7273,0.0823,0.2824,-0.0415,0.00559,-0.00076,0.00787,-5.00,0.00,0.00,18.3,125.57,633.95,284.20,DESCEND
3.7374,0.0023,0.0724,-0.1015,-0.01540,-0.01176,0.00887,-5.00,0.00,0.00,18.3,125.57,633.95,284.14,DESCEND
3.7475,0.0423,0.0824,0.1184,-0.00040,-0.00676,0.00687,-5.00,0.00,0.00,18.4,125.57,633.95,284.08,DESCEND
3.7576,-0.0776,-0.1375,0.4284,-0.00640,0.00023,0.00587,-5.00,0.00,0.00,18.4,125.57,633.95,284.04,DESCEND
3.7677,0.2023,-0.1575,0.0084,0.00959,-0.00676,0.00687,-5.00,0.00,0.00,18.5,125.57,633.95,283.98,DESCEND
3.7778,0.0123,0.1224,0.0884,-0.00240,-0.00376,0.00987,-5.00,0.00,0.00,18.5,125.57,633.96,283.94,DESCEND
3.7879,0.1923,-0.1175,0.3884,0.01159,0.00423,0.00387,-5.00,0.00,0.00,18.6,125.57,633.96,283.88,DESCEND
3.7980,0.0023,-0.0175,0.4984,-0.01740,0.00123,0.00587,-5.00,0.00,0.00,18.6,125.57,633.96,283.84,DESCEND
3.8081,0.0923,-0.0275,0.2784,0.00759,0.00123,0.00287,-5.00,0.00,0.00,18.7,125.57,633.96,283.78,DESCEND
3.8183,0.0023,-0.0075,0.1384,-0.00840,-0.00476,0.00587,-5.00,0.00,0.00,18.7,125.57,633.96,283.74,DESCEND
3.8284,-0.0276,-0.0975,-0.1215,-0.00440,-0.00376,0.00387,-5.00,0.00,0.00,18.8,125.57,633.97,283.68,DESCEND
3.8385,0.0023,0.1524,-0.1315,-0.01140,-0.00576,0.00787,-5.00,0.00,0.00,18.8,125.57,633.97,283.64,DESCEND
3.8486,0.1123,0.2224,-0.2015,0.00059,-0.01876,0.00687,-5.00,0.00,0.00,18.9,125.57,633.97,283.58,DESCEND
3.8587,-0.0476,0.1224,-0.2315,-0.00040,-0.00276,0.00687,-5.00,0.00,0.00,18.9,125.57,633.97,283.54,DESCEND
3.8688,0.0723,0.0024,0.4584,-0.00140,-0.00076,0.00387,-5.00,0.00,0.00,19.0,125.57,633.97,283.48,DESCEND
3.8789,0.0823,0.2224,0.0084,-0.00140,-0.00776,0.00587,-5.00,0.00,0.00,19.0,125.57,633.97,283.44,DESCEND
3.8890,0.0023,0.0224,0.3884,0.00759,0.01123,0.00787,-5.00,0.00,0.00,19.1,125.57,633.98,283.38,DESCEND
3.8991,-0.0076,0.0624,-0.0015,-0.01740,-0.00676,0.00387,-5.00,0.00,0.00,19.1,125.57,633.98,283.34,DESCEND
3.9092,0.2223,-0.2675,0.3084,0.01759,0.00223,0.00287,-5.00,0.00,0.00,19.2,125.57,633.98,283.28,DESCEND
3.9193,-0.1576,0.4424,-0.2215,-0.00840,-0.00976,0.00987,-5.00,0.00,0.00,19.2,125.57,633.98,283.24,DESCEND
3.9294,0.0123,0.1824,0.0584,-0.00440,0.00323,0.00487,-5.00,0.00,0.00,19.3,125.57,633.98,283.18,DESCEND
3.9395,0.0723,0.2224,0.0984,0.00659,-0.00276,0.00887,-5.00,0.00,0.00,19.3,125.57,633.99,283.14,DESCEND
3.9496,0.3323,-0.4175,0.0884,0.01459,-0.00276,0.00287,-5.00,0.00,0.00,19.4,125.57,633.99,283.08,DESCEND
3.9597,0.0623,0.0124,0.2084,0.00859,-0.00076,0.00587,-5.00,0.00,0.00,19.5,125.57,633.99,283.02,DESCEND
3.9698,-0.0776,0.1624,0.0884,-0.01440,-0.00576,0.00887,-5.00,0.00,0.00,19.5,125.57,633.99,282.98,DESCEND
3.9799,0.1523,-0.0175,0.3384,0.01159,0.00323,0.00687,-5.00,0.00,0.00,19.6,125.57,633.99,282.92,DESCEND
3.9900,-0.0276,0.2124,-0.0515,-0.00340,-0.01076,0.00887,-5.00,0.00,0.00,19.6,125.57,634.00,282.88,DESCEND
4.0001,-0.0776,-0.2775,0.1684,-0.01140,-0.00576,0.00487,-5.00,0.00,0.00,19.7,125.57,634.00,282.82,DESCEND
4.0101,0.0323,-0.0275,-0.2715,0.01359,-0.00176,0.00987,-5.00,0.00,0.00,19.7,125.57,634.00,282.78,DESCEND
4.0202,0.0523,-0.1475,-0.1415,0.01859,-0.00076,0.00887,-5.00,0.00,0.00,19.8,125.57,634.00,282.72,DESCEND
4.0304,0.2523,-0.0275,0.3584,0.02059,0.00723,0.00887,-5.00,0.00,0.00,19.8,125.57,634.00,282.68,DESCEND
4.0404,0.1323,0.1024,0.2684,0.00559,-0.00476,0.00587,-5.00,0.00,0.00,19.9,125.57,634.00,282.62,DESCEND
4.0506,0.2323,0.2224,-0.2015,-0.00340,-0.01676,0.00787,-5.00,0.00,0.00,19.9,125.57,634.01,282.58,DESCEND
4.0607,0.0923,0.0824,0.2084,0.00959,0.00523,0.00387,-5.00,0.00,0.00,20.0,125.57,634.01,282.52,DESCEND
4.0708,0.0923,-0.1575,0.1584,-0.00840,-0.02076,0.00587,-5.00,0.00,0.00,20.0,125.58,634.01,282.48,DESCEND
4.0809,0.0023,0.1924,0.0284,-0.00040,-0.00476,0.00787,-5.00,0.00,0.00,20.1,125.58,634.01,282.42,DESCEND
4.0910,0.0023,0.2224,-0.2415,-0.01940,-0.01776,0.00587,-5.00,0.00,0.00,20.1,125.58,634.01,282.38,DESCEND
4.1011,0.1423,0.1824,-0.0515,-0.00440,-0.00976,0.00687,-5.00,0.00,0.00,20.2,125.58,634.02,282.32,DESCEND
4.1112,0.0123,0.3124,0.1084,-0.00040,-0.00276,0.00787,-5.00,0.00,0.00,20.2,125.58,634.02,282.28,DESCEND
4.1213,0.0923,0.3224,-0.0815,-0.00740,-0.00676,0.00987,-5.00,0.00,0.00,20.3,125.58,634.02,282.22,DESCEND
4.1314,-0.0576,0.0724,0.0284,-0.00940,-0.00476,0.00987,-5.00,0.00,0.00,20.3,125.58,634.02,282.18,DESCEND
4.1415,0.1023,0.0624,-0.1315,-0.00640,-0.00876,0.00687,-5.00,0.00,0.00,20.4,125.58,634.02,282.12,DESCEND
4.1516,0.2923,-0.0275,0.3784,0.02059,0.00923,-0.00012,-5.00,0.00,0.00,20.4,125.58,634.03,282.06,DESCEND
4.1617,-0.0076,0.0724,0.1684,-0.00640,-0.00876,0.00887,-5.00,0.00,0.00,20.5,125.58,634.03,282.02,DESCEND
4.1719,-0.0176,-0.2975,0.5184,0.00959,0.01023,0.00387,-5.00,0.00,0.00,20.5,125.58,634.03,281.97,DESCEND
4.1819,0.1523,-0.2275,-0.0815,0.01559,-0.00376,0.00187,-5.00,0.00,0.00,20.6,125.58,634.03,281.93,DESCEND
4.1920,-0.0576,-0.0575,0.1884,-0.00340,-0.00276,0.00387,-5.00,0.00,0.00,20.6,125.58,634.03,281.87,DESCEND
4.2021,-0.0676,-0.0675,0.2584,-0.01040,-0.00576,0.00587,-5.00,0.00,0.00,20.7,125.58,634.03,281.83,DESCEND
4.2122,0.0123,-0.1775,0.2284,-0.01640,-0.01576,0.00387,-5.00,0.00,0.00,20.7,125.58,634.04,281.77,DESCEND
4.2223,-0.0676,0.0524,0.1884,0.00959,0.00223,0.00887,-5.00,0.00,0.00,20.8,125.58,634.04,281.73,DESCEND
4.2324,0.0623,0.2424,0.0784,0.00759,0.00323,0.00687,-5.00,0.00,0.00,20.8,125.58,634.04,281.67,DESCEND
4.2424,0.0023,-0.0475,0.2584,-0.01040,-0.00176,0.00587,-5.00,0.00,0.00,20.9,125.58,634.04,281.63,DESCEND
4.2526,0.0423,0.2224,-0.1115,-0.00340,-0.01176,0.00787,-5.00,0.00,0.00,20.9,125.58,634.04,281.57,DESCEND
4.2626,0.1123,0.2824,0.0584,-0.01140,-0.01476,0.00887,-5.00,0.00,0.00,21.0,125.58,634.05,281.53,DESCEND
4.2728,0.1623,0.1024,0.0984,0.00659,0.00023,0.00687,-5.00,0.00,0.00,21.0,125.58,634.05,281.47,DESCEND
4.2829,0.1623,0.1924,0.0484,-0.00040,-0.01576,0.00787,-5.00,0.00,0.00,21.1,125.58,634.05,281.43,DESCEND
4.2930,-0.0676,0.1124,0.0784,-0.00940,-0.00676,0.00687,-5.00,0.00,0.00,21.1,125.58,634.05,281.37,DESCEND
4.3031,0.2723,-0.4775,0.3184,0.02559,0.00223,0.00087,-5.00,0.00,0.00,21.2,125.58,634.05,281.33,DESCEND
4.3132,0.1323,0.2724,0.1184,-0.00240,-0.00276,0.00387,-5.00,0.00,0.00,21.2,125.58,634.06,281.27,DESCEND
4.3232,0.2223,-0.0075,0.4384,0.00659,-0.00176,0.00487,-5.00,0.00,0.00,21.3,125.58,634.06,281.23,DESCEND
4.3334,0.0323,-0.0775,0.1884,-0.00140,-0.00476,0.00587,-5.00,0.00,0.00,21.3,125.58,634.06,281.17,DESCEND
4.3435,0.0323,0.1024,0.0384,-0.00140,-0.00876,0.00487,-5.00,0.00,0.00,21.4,125.58,634.06,281.11,DESCEND
4.3536,0.3323,0.1724,-0.0415,0.00459,-0.01376,0.00687,-5.00,0.00,0.00,21.4,125.58,634.06,281.07,DESCEND
4.3637,-0.2076,-0.0575,0.3384,-0.01040,0.00823,0.00487,-5.00,0.00,0.00,21.5,125.58,634.06,281.01,DESCEND
4.3738,0.2823,0.0624,0.0884,0.02259,0.00323,0.00787,-5.00,0.00,0.00,21.5,125.58,634.07,280.97,DESCEND
4.3839,0.0523,-0.0775,0.2584,-0.01140,-0.01176,0.00687,-5.00,0.00,0.00,21.6,125.58,634.07,280.91,DESCEND
4.3940,0.0623,-0.1275,-0.0315,-0.00140,-0.00376,0.00487,-5.00,0.00,0.00,21.6,125.58,634.07,280.87,DESCEND
4.4041,-0.0376,0.0824,0.0284,-0.00840,-0.00176,0.01087,-5.00,0.00,0.00,21.7,125.58,634.07,280.81,DESCEND
4.4142,0.1223,-0.4175,0.2184,-0.00340,-0.00076,0.00087,-5.00,0.00,0.00,21.7,125.58,634.07,280.77,DESCEND
4.4243,0.0323,0.1224,0.0684,0.00459,0.00723,0.00887,-5.00,0.00,0.00,21.8,125.58,634.08,280.71,DESCEND
4.4344,0.0223,0.0824,-0.0615,-0.01540,-0.01176,0.00787,-5.00,0.00,0.00,21.8,125.58,634.08,280.67,DESCEND
4.4445,0.1823,0.1124,0.2884,-0.00140,-0.00576,0.00587,-5.00,0.00,0.00,21.9,125.58,634.08,280.61,DESCEND
4.4546,-0.0276,0.0124,0.0684,-0.00240,-0.00876,0.01087,-5.00,0.00,0.00,21.9,125.58,634.08,280.57,DESCEND
4.4647,0.2123,0.1524,0.1084,-0.00740,-0.01776,0.00587,-5.00,0.00,0.00,22.0,125.58,634.08,280.51,DESCEND
4.4748,0.0623,-0.0875,0.2484,-0.00140,-0.00176,0.00387,-5.00,0.00,0.00,22.0,125.58,634.08,280.47,DESCEND
4.4849,0.2523,-0.1675,-0.0115,0.01059,-0.00876,0.00487,-5.00,0.00,0.00,22.1,125.58,634.09,280.41,DESCEND
4.4950,0.0623,0.3124,0.0984,-0.00340,-0.01276,0.00987,-5.00,0.00,0.00,22.1,125.58,634.09,280.37,DESCEND
4.5051,-0.0276,-0.1175,0.3684,-0.01240,-0.00476,0.00587,-5.00,0.00,0.00,22.2,125.58,634.09,280.31,DESCEND
4.5152,0.0023,0.0524,0.0884,-0.01040,-0.00176,0.00587,-5.00,0.00,0.00,22.2,125.58,634.09,280.27,DESCEND
4.5253,0.0323,0.0924,-0.2815,-0.00240,-0.00976,0.00587,-5.00,0.00,0.00,22.3,125.58,634.09,280.21,DESCEND
4.5354,0.0823,0.1024,0.2984,0.00059,-0.00076,0.00787,-5.00,0.00,0.00,22.3,125.58,634.10,280.17,DESCEND
4.5455,0.3023,0.1724,-0.0015,0.00059,-0.00676,0.00987,-5.00,0.00,0.00,22.4,125.58,634.10,280.11,DESCEND
4.5556,0.0323,0.0824,-0.1815,-0.01240,-0.01376,0.00887,-5.00,0.00,0.00,22.4,125.58,634.10,280.05,DESCEND
4.5657,0.0623,0.2324,-0.0915,-0.00040,-0.00476,0.01187,-5.00,0.00,0.00,22.5,125.58,634.10,280.01,DESCEND
4.5758,-0.0176,-0.0775,0.3384,-0.00940,-0.00176,0.00587,-5.00,0.00,0.00,22.5,125.58,634.10,279.95,DESCEND
4.5859,0.0523,0.2224,-0.0215,-0.01140,-0.01376,0.00787,-5.00,0.00,0.00,22.6,125.58,634.11,279.91,DESCEND
4.5960,-0.1276,-0.2675,0.1684,0.00359,0.00423,0.00587,-5.00,0.00,0.00,22.6,125.58,634.11,279.85,DESCEND
4.6061,-0.0576,0.2024,-0.3815,0.00059,-0.01576,0.00687,-5.00,0.00,0.00,22.7,125.58,634.11,279.81,DESCEND
4.6162,0.1523,0.0924,0.1084,0.01159,0.00323,0.00687,-5.00,0.00,0.00,22.7,125.58,634.11,279.75,DESCEND
4.6263,-0.1076,-0.1175,0.2084,-0.01140,-0.00476,0.00787,-5.00,0.00,0.00,22.8,125.58,634.11,279.71,DESCEND
4.6364,0.0223,-0.3475,0.7784,-0.00140,0.01123,0.00387,-5.00,0.00,0.00,22.8,125.58,634.12,279.65,DESCEND
4.6465,0.1323,-0.0475,0.1884,0.01259,0.00023,0.00687,-5.00,0.00,0.00,22.9,125.58,634.12,279.61,DESCEND
4.6566,0.1723,-0.0975,0.1884,0.01559,0.00623,0.00687,-5.00,0.00,0.00,22.9,125.58,634.12,279.55,DESCEND
4.6667,0.0723,-0.1275,0.1684,0.00159,-0.00776,0.00887,-5.00,0.00,0.00,23.0,125.58,634.12,279.51,DESCEND
4.6768,0.0423,0.0024,-0.0415,0.00759,-0.00276,0.00587,-5.00,0.00,0.00,23.0,125.58,634.12,279.45,DESCEND
4.6869,-0.0576,-0.2375,0.1384,0.01059,0.01123,0.00587,-5.00,0.00,0.00,23.1,125.58,634.12,279.41,DESCEND
4.6970,0.1223,-0.1775,0.1384,-0.02340,-0.01576,0.00687,-5.00,0.00,0.00,23.1,125.58,634.13,279.35,DESCEND
4.7071,0.0423,-0.1075,0.3584,0.00559,0.00423,0.00487,-5.00,0.00,0.00,23.2,125.58,634.13,279.31,DESCEND
4.7172,-0.0676,-0.0975,0.2184,-0.01540,-0.00376,0.00687,-5.00,0.00,0.00,23.2,125.58,634.13,279.25,DESCEND
4.7273,0.0023,-0.1475,0.0984,-0.01240,-0.00776,0.00387,-5.00,0.00,0.00,23.3,125.58,634.13,279.21,DESCEND
4.7374,0.0223,0.2624,-0.0815,0.00859,0.00023,0.01087,-5.00,0.00,0.00,23.3,125.58,634.13,279.15,DESCEND
4.7475,-0.1576,0.2124,0.0384,-0.01040,0.00123,0.01187,-5.00,0.00,0.00,23.4,125.59,634.14,279.09,DESCEND
4.7576,-0.1676,-0.2275,0.1284,-0.01740,-0.00576,0.00687,-5.00,0.00,0.00,23.4,125.59,634.14,279.05,DESCEND
4.7677,-0.0176,0.0224,0.0784,-0.01940,-0.00476,0.00787,-5.00,0.00,0.00,23.5,125.59,634.14,278.99,DESCEND
4.7778,0.1023,0.0124,0.2284,0.01659,0.00923,0.00787,-5.00,0.00,0.00,23.5,125.59,634.14,278.95,DESCEND
4.7879,0.2023,0.6024,-0.3115,0.00059,-0.01476,0.01087,-5.00,0.00,0.00,23.6,125.59,634.14,278.89,DESCEND
4.7980,0.0223,-0.0375,0.2184,0.00659,0.00523,0.00687,-5.00,0.00,0.00,23.6,125.59,634.14,278.85,DESCEND
4.8081,0.2423,-0.1275,0.0784,0.01059,-0.00576,0.00987,-5.00,0.00,0.00,23.7,125.59,634.15,278.79,DESCEND
4.8182,0.1123,-0.2575,0.4184,-0.00440,-0.00576,0.00587,-5.00,0.00,0.00,23.7,125.59,634.15,278.75,DESCEND
4.8283,0.0623,0.4424,0.0084,-0.01840,-0.01176,0.01087,-5.00,0.00,0.00,23.8,125.59,634.15,278.69,DESCEND
4.8384,-0.0476,0.4324,-0.2015,-0.00640,-0.00976,0.01487,-5.00,0.00,0.00,23.8,125.59,634.15,278.65,DESCEND
4.8485,0.0523,0.4924,-0.1815,-0.00940,-0.01576,0.01587,-5.00,0.00,0.00,23.9,125.59,634.15,278.59,DESCEND
4.8586,0.0423,-0.1575,-0.0115,0.00259,-0.00476,0.00387,-5.00,0.00,0.00,23.9,125.59,634.16,278.55,DESCEND
4.8687,0.1123,0.0024,0.0684,0.00859,-0.00276,0.00887,-5.00,0.00,0.00,24.0,125.59,634.16,278.49,DESCEND
4.8788,-0.0576,-0.3175,0.0784,-0.00240,-0.00776,0.00687,-5.00,0.00,0.00,24.0,125.59,634.16,278.45,DESCEND
4.8889,-0.0976,-0.0675,0.1384,-0.01240,-0.01276,0.01087,-5.00,0.00,0.00,24.1,125.59,634.16,278.39,DESCEND
4.8990,0.0823,-0.0475,0.3384,0.00559,0.00023,0.00787,-5.00,0.00,0.00,24.1,125.59,634.16,278.35,DESCEND
4.9091,0.2423,0.3924,0.1884,0.00459,-0.00876,0.01487,-5.00,0.00,0.00,24.2,125.59,634.17,278.29,DESCEND
4.9192,-0.0776,0.1424,0.0784,-0.01240,-0.00476,0.00987,-5.00,0.00,0.00,24.2,125.59,634.17,278.25,DESCEND
4.9294,0.2723,0.0524,0.0984,0.01559,0.00023,0.00687,-5.00,0.00,0.00,24.3,125.59,634.17,278.19,DESCEND
4.9395,0.0023,-0.0875,0.2384,-0.00340,-0.00076,0.00887,-5.00,0.00,0.00,24.3,125.59,634.17,278.15,DESCEND
4.9496,0.1323,0.3624,-0.2515,0.01259,-0.00476,0.01287,-5.00,0.00,0.00,24.4,125.59,634.17,278.09,DESCEND
4.9597,-0.1576,-0.0175,0.4484,-0.00940,0.00423,0.00687,-5.00,0.00,0.00,24.5,125.59,634.18,278.03,DESCEND
4.9698,-0.0376,-0.0475,-0.0415,-0.00740,-0.00876,0.01087,-5.00,0.00,0.00,24.5,125.59,634.18,277.99,DESCEND
4.9799,0.1623,0.0024,0.2984,0.01859,0.00223,0.00487,-5.00,0.00,0.00,24.6,125.59,634.18,277.93,DESCEND
4.9900,-0.0376,-0.0675,0.1484,-0.00240,-0.00576,0.01187,-5.00,0.00,0.00,24.6,125.59,634.18,277.89,DESCEND
5.0001,-0.0076,0.1924,-0.1115,0.00159,0.00323,0.00687,-5.00,0.00,0.00,24.7,125.59,634.18,277.83,DESCEND
5.0102,0.0423,0.1124,-0.0515,-0.00440,-0.00576,0.00487,-5.00,0.00,0.00,24.7,125.59,634.18,277.79,DESCEND
5.0203,-0.1176,0.2624,-0.1215,-0.02740,-0.01476,0.00787,-5.00,0.00,0.00,24.8,125.59,634.19,277.73,DESCEND
5.0304,0.0423,0.0324,0.1784,-0.01340,-0.00776,0.00587,-5.00,0.00,0.00,24.8,125.59,634.19,277.69,DESCEND
5.0405,-0.0076,-0.3775,0.2584,0.00659,0.00423,0.00687,-5.00,0.00,0.00,24.9,125.59,634.19,277.63,DESCEND
5.0506,0.0923,-0.2175,0.2784,-0.01040,-0.00576,0.00587,-5.00,0.00,0.00,24.9,125.59,634.19,277.59,DESCEND
5.0607,-0.0276,0.1124,-0.1115,-0.02240,-0.01676,0.01287,-5.00,0.00,0.00,25.0,125.59,634.19,277.53,DESCEND
5.0708,-0.1276,0.0524,-0.0215,-0.01040,-0.00676,0.01087,-5.00,0.00,0.00,25.0,125.59,634.20,277.49,DESCEND
5.0809,-0.0776,0.2524,-0.1015,-0.02440,-0.01476,0.00987,-5.00,0.00,0.00,25.1,125.59,634.20,277.43,DESCEND
5.0910,-0.0176,0.0024,-0.0315,-0.00640,-0.01076,0.01087,-5.00,0.00,0.00,25.1,125.59,634.20,277.39,DESCEND
5.1011,0.1223,-0.1675,0.2984,0.02159,0.00023,0.00787,-5.00,0.00,0.00,25.2,125.59,634.20,277.33,DESCEND
5.1112,0.2023,0.2024,0.0784,0.01059,-0.00676,0.00687,-5.00,0.00,0.00,25.2,125.59,634.20,277.29,DESCEND
5.1213,0.0623,0.4324,-0.3215,0.00359,-0.01376,0.00987,-5.00,0.00,0.00,25.3,125.59,634.21,277.23,DESCEND
5.1314,0.1723,0.0724,-0.1015,-0.00040,-0.00376,0.00887,-5.00,0.00,0.00,25.3,125.59,634.21,277.19,DESCEND
5.1415,0.0423,0.4424,0.1984,0.00559,-0.00276,0.01287,-5.00,0.00,0.00,25.4,125.59,634.21,277.13,DESCEND
5.1516,-0.0076,-0.2775,0.4784,0.01259,0.01523,0.00487,-5.00,0.00,0.00,25.4,125.59,634.21,277.07,DESCEND
5.1617,-0.2076,0.2624,0.0684,-0.01340,-0.00376,0.01087,-5.00,0.00,0.00,25.5,125.59,634.21,277.03,DESCEND
5.1719,0.1423,-0.2375,0.4884,0.00059,-0.00276,0.00987,-5.00,0.00,0.00,25.5,125.59,634.21,276.97,DESCEND
5.1820,-0.0476,0.0124,0.0384,-0.00140,-0.00276,0.00887,-5.00,0.00,0.00,25.6,125.59,634.22,276.93,DESCEND
5.1921,-0.0176,0.0524,0.3284,0.00159,0.00723,0.00787,-5.00,0.00,0.00,25.6,125.59,634.22,276.87,DESCEND
5.2021,0.0323,-0.1975,0.3184,0.01059,0.00423,0.00887,-5.00,0.00,0.00,25.7,125.59,634.22,276.83,DESCEND
5.2123,0.0723,0.1924,0.0184,-0.02240,-0.01176,0.00687,-5.00,0.00,0.00,25.7,125.59,634.22,276.77,DESCEND
5.2224,0.0823,0.1624,-0.3815,-0.00440,-0.01876,0.00987,-5.00,0.00,0.00,25.8,125.59,634.22,276.73,DESCEND
5.2325,0.1023,-0.1275,0.2884,0.00559,0.00723,0.00987,-5.00,0.00,0.00,25.8,125.59,634.23,276.67,DESCEND
5.2426,-0.0376,0.1624,-0.1015,-0.01540,-0.00776,0.00987,-5.00,0.00,0.00,25.9,125.59,634.23,276.63,DESCEND
5.2527,0.1223,-0.1375,0.2984,-0.00140,-0.00076,0.00587,-5.00,0.00,0.00,25.9,125.59,634.23,276.57,DESCEND
5.2628,0.0123,0.0924,-0.0215,0.00059,0.00023,0.00787,-5.00,0.00,0.00,26.0,125.59,634.23,276.53,DESCEND
5.2728,0.1523,0.0624,-0.1615,0.01259,-0.00276,0.00787,-5.00,0.00,0.00,26.0,125.59,634.23,276.47,DESCEND
5.2829,0.0723,0.1824,0.1184,0.00159,0.00723,0.00787,-5.00,0.00,0.00,26.1,125.59,634.23,276.43,DESCEND
5.2930,-0.1076,-0.0975,0.4784,-0.02140,-0.00176,0.00787,-5.00,0.00,0.00,26.1,125.59,634.24,276.37,DESCEND
5.3032,0.0423,-0.1375,0.2384,0.01159,0.00423,0.00587,-5.00,0.00,0.00,26.2,125.59,634.24,276.33,DESCEND
5.3132,-0.0676,-0.1575,0.0384,-0.00940,-0.00676,0.00787,-5.00,0.00,0.00,26.2,125.59,634.24,276.27,DESCEND
5.3233,0.1323,-0.1175,0.1084,0.01059,-0.00276,0.00787,-5.00,0.00,0.00,26.3,125.59,634.24,276.23,DESCEND
5.3335,-0.0176,-0.3975,0.3084,0.00359,0.00823,0.00587,-5.00,0.00,0.00,26.3,125.59,634.24,276.17,DESCEND
5.3435,0.1123,0.0624,0.0684,-0.00440,-0.00876,0.00787,-5.00,0.00,0.00,26.4,125.59,634.25,276.11,DESCEND
5.3536,0.0623,0.2224,-0.1415,-0.00340,-0.00476,0.00787,-5.00,0.00,0.00,26.4,125.59,634.25,276.07,DESCEND
5.3638,0.0623,-0.0475,-0.0615,0.00559,0.00223,0.00987,-5.00,0.00,0.00,26.5,125.59,634.25,276.01,DESCEND
5.3739,0.2523,0.1124,0.1484,0.01059,-0.00276,0.00387,-5.00,0.00,0.00,26.5,125.59,634.25,275.97,DESCEND
5.3840,0.1823,0.2224,0.0884,-0.00240,-0.00276,0.00587,-5.00,0.00,0.00,26.6,125.59,634.25,275.91,DESCEND
5.3941,0.0723,-0.2875,0.0184,-0.02440,-0.01676,0.00787,-5.00,0.00,0.00,26.6,125.59,634.26,275.87,DESCEND
5.4042,0.0823,0.2024,-0.2115,-0.00240,-0.00376,0.01187,-5.00,0.00,0.00,26.7,125.59,634.26,275.81,DESCEND
5.4142,0.0223,0.1124,-0.1115,-0.00440,0.00123,0.00587,-5.00,0.00,0.00,26.7,125.59,634.26,275.77,DESCEND
5.4243,-0.1076,-0.1375,0.3384,-0.00940,0.00423,0.00887,-5.00,0.00,0.00,26.8,125.59,634.26,275.71,DESCEND
5.4344,-0.1176,0.3824,0.0784,-0.00840,-0.00376,0.00887,-5.00,0.00,0.00,26.8,125.59,634.26,275.67,DESCEND
5.4445,0.2723,0.1624,-0.0415,0.01659,-0.00376,0.01087,-5.00,0.00,0.00,26.9,125.60,634.27,275.61,DESCEND
5.4546,0.4523,0.1624,0.0384,0.01659,-0.00776,0.01087,-5.00,0.00,0.00,26.9,125.60,634.27,275.57,DESCEND
5.4648,-0.0676,0.3524,0.0284,-0.01040,0.00123,0.00987,-5.00,0.00,0.00,27.0,125.60,634.27,275.51,DESCEND
5.4749,0.1523,-0.1975,0.2284,0.00359,0.00023,0.00687,-5.00,0.00,0.00,27.0,125.60,634.27,275.47,DESCEND
5.4850,0.0923,-0.2475,0.3284,0.00759,-0.00076,0.00787,-5.00,0.00,0.00,27.1,125.60,634.27,275.41,DESCEND
5.4951,0.1723,0.4124,-0.1615,-0.00040,-0.00976,0.01087,-5.00,0.00,0.00,27.1,125.60,634.27,275.37,DESCEND
5.5052,-0.0476,0.0924,0.0084,-0.00140,0.00123,0.00787,-5.00,0.00,0.00,27.2,125.60,634.28,275.31,DESCEND
5.5153,-0.0276,-0.0375,0.2584,-0.01240,-0.00176,0.00787,-5.00,0.00,0.00,27.2,125.60,634.28,275.27,DESCEND
5.5254,0.1323,0.1024,-0.0015,0.00059,-0.00676,0.00487,-5.00,0.00,0.00,27.3,125.60,634.28,275.21,DESCEND
5.5355,0.0723,-0.1075,0.2084,0.00759,-0.00176,0.00887,-5.00,0.00,0.00,27.3,125.60,634.28,275.17,DESCEND
5.5456,-0.1576,0.2224,0.0384,-0.00540,-0.00176,0.00787,-5.00,0.00,0.00,27.4,125.60,634.28,275.11,DESCEND
5.5557,0.0523,-0.0375,0.0284,-0.01240,-0.01176,0.01087,-5.00,0.00,0.00,27.4,125.60,634.29,275.05,DESCEND
5.5658,0.0523,0.0424,0.2084,-0.00840,-0.00676,0.00687,-5.00,0.00,0.00,27.5,125.60,634.29,275.01,DESCEND
5.5759,0.1623,0.0224,-0.0915,0.01559,0.00123,0.00787,-5.00,0.00,0.00,27.5,125.60,634.29,274.95,DESCEND
5.5860,0.1523,-0.3075,0.2084,0.01359,0.00323,0.00487,-5.00,0.00,0.00,27.6,125.60,634.29,274.91,DESCEND
5.5961,-0.0776,0.2524,0.0084,-0.02140,-0.01376,0.01287,-5.00,0.00,0.00,27.6,125.60,634.29,274.85,DESCEND
5.6062,0.0823,0.1624,0.1084,-0.01040,-0.01676,0.01187,-5.00,0.00,0.00,27.7,125.60,634.29,274.81,DESCEND
5.6163,-0.0076,0.0324,0.1084,-0.00240,-0.00376,0.00487,-5.00,0.00,0.00,27.7,125.60,634.30,274.75,DESCEND
5.6264,0.2023,-0.0775,0.3084,0.01959,0.00523,0.00587,-5.00,0.00,0.00,27.8,125.60,634.30,274.71,DESCEND
5.6365,0.0123,0.2024,-0.1115,-0.00540,-0.00276,0.00987,-5.00,0.00,0.00,27.8,125.60,634.30,274.65,DESCEND
5.6466,0.0223,0.3624,-0.0515,-0.00040,-0.00376,0.00987,-5.00,0.00,0.00,27.9,125.60,634.30,274.61,DESCEND
5.6567,-0.0876,0.0524,0.0684,-0.00640,0.00723,0.01087,-5.00,0.00,0.00,27.9,125.60,634.30,274.55,DESCEND
5.6668,0.1923,-0.3475,0.4884,0.01059,-0.00176,0.00587,-5.00,0.00,0.00,28.0,125.60,634.31,274.51,DESCEND
5.6769,0.0023,0.0024,0.1584,-0.01240,0.00723,0.00987,-5.00,0.00,0.00,28.0,125.60,634.31,274.45,DESCEND
5.6870,-0.0176,0.0724,-0.2315,-0.01140,-0.00876,0.00987,-5.00,0.00,0.00,28.1,125.60,634.31,274.41,DESCEND
5.6971,-0.1076,0.0324,-0.0115,-0.01240,-0.00276,0.00587,-5.00,0.00,0.00,28.1,125.60,634.31,274.35,DESCEND
5.7072,0.1323,-0.3075,-0.0215,0.00559,-0.00076,0.00587,-5.00,0.00,0.00,28.2,125.60,634.31,274.31,DESCEND
5.7173,0.1923,-0.0775,-0.0615,0.00659,-0.00776,0.00987,-5.00,0.00,0.00,28.2,125.60,634.32,274.25,DESCEND
5.7274,0.1423,0.3024,-0.1915,0.00259,-0.00076,0.01087,-5.00,0.00,0.00,28.3,125.60,634.32,274.21,DESCEND
5.7375,0.0623,-0.1775,0.2484,-0.00440,-0.01276,0.00887,-5.00,0.00,0.00,28.3,125.60,634.32,274.15,DESCEND
5.7476,0.1123,-0.1275,-0.0515,0.00859,0.00323,0.00487,-5.00,0.00,0.00,28.4,125.60,634.32,274.09,DESCEND
5.7577,0.1123,0.0324,-0.0415,0.00159,-0.01076,0.00987,-5.00,0.00,0.00,28.4,125.60,634.32,274.05,DESCEND
5.7678,-0.0376,0.0824,-0.2215,-0.01140,-0.00976,0.01187,-5.00,0.00,0.00,28.5,125.60,634.33,273.99,DESCEND
5.7779,0.1623,0.5124,-0.1815,-0.00240,-0.00476,0.00987,-5.00,0.00,0.00,28.5,125.60,634.33,273.95,DESCEND
5.7880,-0.0076,-0.0175,0.3284,0.00359,0.00623,0.00587,-5.00,0.00,0.00,28.6,125.60,634.33,273.89,DESCEND
5.7981,0.0523,0.2724,-0.0415,-0.00040,-0.00776,0.01487,-5.00,0.00,0.00,28.6,125.60,634.33,273.85,DESCEND
5.8082,0.3223,0.0024,-0.1715,0.01059,-0.00376,0.00387,-5.00,0.00,0.00,28.7,125.60,634.33,273.79,DESCEND
5.8183,-0.0976,0.2824,-0.0215,-0.02340,-0.00776,0.00887,-5.00,0.00,0.00,28.7,125.60,634.33,273.75,DESCEND
5.8284,0.1223,0.2324,-0.0315,-0.00640,-0.01276,0.01087,-5.00,0.00,0.00,28.8,125.60,634.34,273.69,DESCEND
5.8385,0.0523,0.1624,0.0184,0.00659,-0.00276,0.01087,-5.00,0.00,0.00,28.8,125.60,634.34,273.65,DESCEND
5.8486,0.2323,0.0224,-0.1215,0.02059,-0.00476,0.00587,-5.00,0.00,0.00,28.9,125.60,634.34,273.59,DESCEND
5.8587,-0.0076,-0.1675,0.4884,0.00759,0.01623,0.00687,-5.00,0.00,0.00,28.9,125.60,634.34,273.55,DESCEND
5.8688,0.0923,-0.2075,0.2484,0.01559,0.00623,0.01287,-5.00,0.00,0.00,29.0,125.60,634.34,273.49,DESCEND
5.8789,0.0723,-0.1675,0.1484,0.00359,0.00123,0.00787,-5.00,0.00,0.00,29.0,125.60,634.35,273.45,DESCEND
5.8890,-0.0276,0.2724,0.0584,-0.01040,-0.00776,0.00987,-5.00,0.00,0.00,29.1,125.60,634.35,273.39,DESCEND
5.8991,-0.1376,0.0924,0.1184,0.00559,0.01023,0.01387,-5.00,0.00,0.00,29.1,125.60,634.35,273.35,DESCEND
5.9092,-0.0776,0.1524,-0.0415,-0.01240,-0.00776,0.00987,-5.00,0.00,0.00,29.2,125.60,634.35,273.29,DESCEND
5.9193,0.2523,0.0624,-0.1915,0.01959,-0.00476,0.00887,-5.00,0.00,0.00,29.3,125.60,634.35,273.23,DESCEND
5.9294,-0.1076,0.1424,0.1184,-0.00540,0.00423,0.01487,-5.00,0.00,0.00,29.3,125.60,634.35,273.19,DESCEND
5.9395,0.2623,0.1924,-0.3015,0.01659,-0.01076,0.00887,-5.00,0.00,0.00,29.3,125.60,634.36,273.15,DESCEND
5.9496,0.2723,-0.1875,0.4284,0.01559,0.00523,0.00487,-5.00,0.00,0.00,29.4,125.60,634.36,273.09,DESCEND
5.9597,-0.0576,0.2724,-0.1615,0.00459,-0.00776,0.00987,-5.00,0.00,0.00,29.5,125.60,634.36,273.03,DESCEND
5.9698,0.1223,0.1224,0.1184,0.00159,-0.00976,0.01187,-5.00,0.00,0.00,29.5,125.60,634.36,272.99,DESCEND
5.9799,0.1123,-0.0075,-0.0215,0.01159,0.00023,0.00887,-5.00,0.00,0.00,29.6,125.60,634.36,272.93,DESCEND
5.9900,0.0723,0.0024,0.2584,-0.00840,-0.00676,0.01087,-5.00,0.00,0.00,29.6,125.60,634.37,272.89,DESCEND
6.0001,0.0223,0.3124,-0.3315,-0.00840,-0.01676,0.01087,-5.00,0.00,0.00,29.7,125.60,634.37,272.83,DESCEND
6.0102,0.0223,0.0324,0.1384,-0.00240,-0.00476,0.00987,-5.00,0.00,0.00,29.7,125.60,634.37,272.79,DESCEND
6.0203,0.0723,0.0524,-0.1215,0.00459,-0.00076,0.00787,-5.00,0.00,0.00,29.8,125.60,634.37,272.73,DESCEND
6.0304,0.0623,0.0324,0.0784,-0.00640,-0.00476,0.00487,-5.00,0.00,0.00,29.8,125.60,634.37,272.69,DESCEND
6.0405,0.0323,-0.2075,0.5584,0.00459,0.00023,0.00587,-5.00,0.00,0.00,29.9,125.60,634.38,272.63,DESCEND
6.0506,0.0723,-0.1375,0.2584,0.00459,0.00723,0.00587,-5.00,0.00,0.00,29.9,125.60,634.38,272.59,DESCEND
6.0607,0.0923,0.2024,0.1484,0.00859,0.00523,0.00687,-5.00,0.00,0.00,30.0,125.60,634.38,272.53,DESCEND
6.0709,0.1723,-0.1375,0.5384,0.00859,0.00923,0.00687,-5.00,0.00,0.00,30.0,125.60,634.38,272.49,DESCEND
6.0810,0.1623,0.1024,0.0384,-0.00940,-0.01376,0.01087,-5.00,0.00,0.00,30.1,125.60,634.38,272.43,DESCEND
6.0911,0.0623,0.0824,-0.0815,-0.00140,-0.00676,0.00687,-5.00,0.00,0.00,30.1,125.60,634.38,272.39,DESCEND
6.1012,-0.0676,0.0924,0.0784,-0.00140,0.00023,0.01087,-5.00,0.00,0.00,30.2,125.60,634.39,272.33,DESCEND
6.1113,0.1023,0.0724,0.2084,0.02059,0.01223,0.00987,-5.00,0.00,0.00,30.2,125.60,634.39,272.29,DESCEND
6.1214,0.0423,-0.0075,0.0684,-0.00140,0.00023,0.00687,-5.00,0.00,0.00,30.3,125.60,634.39,272.23,DESCEND
6.1315,0.1023,-0.1075,0.2284,0.00959,0.00123,0.01087,-5.00,0.00,0.00,30.3,125.60,634.39,272.17,DESCEND
6.1416,-0.0376,0.1324,-0.2215,0.00159,-0.01076,0.01087,-5.00,0.00,0.00,30.4,125.60,634.39,272.13,DESCEND
6.1517,0.1123,0.0524,0.1784,0.01059,-0.00076,0.00887,-5.00,0.00,0.00,30.4,125.61,634.40,272.07,DESCEND
6.1618,0.0223,0.0924,0.1084,-0.01440,-0.01076,0.01187,-5.00,0.00,0.00,30.5,125.61,634.40,272.03,DESCEND
6.1719,0.0523,0.0924,0.2684,-0.00340,-0.00176,0.01187,-5.00,0.00,0.00,30.5,125.61,634.40,271.97,DESCEND
6.1820,0.0323,0.1024,-0.2315,-0.00540,-0.00976,0.01287,-5.00,0.00,0.00,30.6,125.61,634.40,271.93,DESCEND
6.1921,-0.1676,0.1224,0.0184,0.00259,-0.00376,0.01187,-5.00,0.00,0.00,30.6,125.61,634.40,271.87,DESCEND
6.2022,0.2223,-0.1975,0.1084,0.01659,-0.00676,0.00787,-5.00,0.00,0.00,30.7,125.61,634.41,271.83,DESCEND
6.2123,0.1423,-0.2375,0.1684,0.01259,0.00523,0.00587,-5.00,0.00,0.00,30.7,125.61,634.41,271.77,DESCEND
6.2224,0.1323,0.5524,-0.3715,-0.00840,-0.01776,0.01187,-5.00,0.00,0.00,30.8,125.61,634.41,271.73,DESCEND
6.2325,0.1123,0.0524,-0.0215,-0.00940,-0.00876,0.01087,-5.00,0.00,0.00,30.8,125.61,634.41,271.67,DESCEND
6.2426,0.1923,0.0724,0.1484,0.00259,-0.00776,0.00987,-5.00,0.00,0.00,30.9,125.61,634.41,271.63,DESCEND
6.2527,0.1623,-0.1175,-0.1515,-0.00240,-0.00676,0.00887,-5.00,0.00,0.00,30.9,125.61,634.42,271.57,DESCEND
6.2628,0.1523,0.3224,-0.0515,0.00159,-0.01476,0.01287,-5.00,0.00,0.00,31.0,125.61,634.42,271.53,DESCEND
6.2729,-0.1676,-0.0175,-0.1015,-0.00040,-0.00176,0.01087,-5.00,0.00,0.00,31.0,125.61,634.42,271.47,DESCEND
6.2830,-0.0176,0.2624,-0.3515,0.00359,-0.00576,0.00987,-5.00,0.00,0.00,31.1,125.61,634.42,271.43,DESCEND
6.2931,0.1523,-0.1875,0.3884,0.00959,0.00123,0.00787,-5.00,0.00,0.00,31.1,125.61,634.42,271.37,DESCEND
6.3032,0.0223,0.1324,0.0584,-0.00540,-0.01176,0.01087,-5.00,0.00,0.00,31.2,125.61,634.42,271.33,DESCEND
6.3133,0.1323,0.2124,-0.3215,-0.00340,-0.02376,0.00987,-5.00,0.00,0.00,31.2,125.61,634.43,271.27,DESCEND
6.3234,0.0423,-0.2375,0.2884,0.00959,0.01123,0.00987,-5.00,0.00,0.00,31.3,125.61,634.43,271.21,DESCEND
6.3335,0.0523,0.0224,0.2984,-0.01340,-0.00876,0.00887,-5.00,0.00,0.00,31.3,125.61,634.43,271.17,DESCEND
6.3436,0.0123,-0.1075,0.3484,-0.01140,-0.00576,0.00687,-5.00,0.00,0.00,31.4,125.61,634.43,271.11,DESCEND
6.3537,0.0923,-0.0475,0.0484,0.00559,0.00023,0.00887,-5.00,0.00,0.00,31.4,125.61,634.43,271.07,DESCEND
6.3638,0.0723,-0.1175,0.2284,0.01659,0.00523,0.00787,-5.00,0.00,0.00,31.5,125.61,634.44,271.01,DESCEND
6.3739,0.1923,0.0024,0.1684,0.00659,-0.00676,0.01187,-5.00,0.00,0.00,31.5,125.61,634.44,270.97,DESCEND
6.3840,-0.0276,-0.0275,-0.2115,-0.01740,-0.00576,0.00587,-5.00,0.00,0.00,31.6,125.61,634.44,270.91,DESCEND
6.3941,0.0223,0.1024,0.1084,-0.00440,-0.00476,0.01087,-5.00,0.00,0.00,31.6,125.61,634.44,270.87,DESCEND
6.4042,0.1023,-0.3475,0.5384,-0.00340,0.00223,0.00787,-5.00,0.00,0.00,31.7,125.61,634.44,270.82,DESCEND
6.4143,-0.0376,0.4724,-0.4615,-0.00440,-0.00676,0.01187,-5.00,0.00,0.00,31.7,125.61,634.44,270.78,DESCEND
6.4244,0.0623,-0.0075,0.0184,-0.00240,-0.01176,0.00587,-5.00,0.00,0.00,31.8,125.61,634.45,270.72,DESCEND
6.4345,-0.0176,0.1124,-0.1315,0.00859,0.00623,0.00887,-5.00,0.00,0.00,31.8,125.61,634.45,270.68,DESCEND
6.4446,0.1423,-0.3275,0.4884,-0.00540,-0.00476,0.01087,-5.00,0.00,0.00,31.9,125.61,634.45,270.62,DESCEND
6.4547,0.3323,-0.0175,-0.1115,0.00659,-0.00776,0.00787,-5.00,0.00,0.00,31.9,125.61,634.45,270.58,DESCEND
6.4647,-0.0076,0.1724,-0.1115,0.00059,-0.00576,0.01387,-5.00,0.00,0.00,32.0,125.61,634.45,270.52,DESCEND
6.4749,0.0123,-0.0075,0.5484,-0.00440,0.01123,0.01087,-5.00,0.00,0.00,32.0,125.61,634.46,270.48,DESCEND
6.4850,0.1723,0.1124,-0.0515,-0.00040,-0.01376,0.01087,-5.00,0.00,0.00,32.1,125.61,634.46,270.42,DESCEND
6.4950,0.1323,-0.0375,0.1484,0.01459,0.00623,0.00887,-5.00,0.00,0.00,32.1,125.61,634.46,270.38,DESCEND
6.5051,-0.0276,0.2124,0.1884,0.00459,0.00623,0.01487,-5.00,0.00,0.00,32.2,125.61,634.46,270.32,DESCEND
6.5152,-0.0676,0.4524,-0.1815,-0.02540,-0.01976,0.01287,-5.00,0.00,0.00,32.2,125.61,634.46,270.28,DESCEND
6.5253,0.0423,0.3024,-0.0815,0.00459,-0.00976,0.01087,-5.00,0.00,0.00,32.3,125.61,634.47,270.22,DESCEND
6.5354,0.0523,-0.2175,0.3884,-0.00440,0.00323,0.00587,-5.00,0.00,0.00,32.3,125.61,634.47,270.16,DESCEND
6.5455,0.0823,-0.0675,0.0584,-0.00740,-0.00776,0.01287,-5.00,0.00,0.00,32.4,125.61,634.47,270.12,DESCEND
6.5556,0.3123,0.1524,0.2584,0.01659,0.00623,0.00987,-5.00,0.00,0.00,32.4,125.61,634.47,270.06,DESCEND
6.5657,0.3223,-0.2075,0.5084,0.00259,-0.00576,0.00987,-5.00,0.00,0.00,32.5,125.61,634.47,270.02,DESCEND
6.5758,0.0623,0.2524,-0.0615,-0.02740,-0.02276,0.01287,-5.00,0.00,0.00,32.5,125.61,634.48,269.96,DESCEND
6.5859,-0.0176,0.2024,-0.1415,-0.00740,-0.00276,0.00787,-5.00,0.00,0.00,32.6,125.61,634.48,269.92,DESCEND
6.5960,-0.0076,0.2124,-0.2015,-0.01240,-0.00776,0.01187,-5.00,0.00,0.00,32.6,125.61,634.48,269.86,DESCEND
6.6061,-0.2776,0.0024,0.4184,-0.00740,0.01323,0.00987,-5.00,0.00,0.00,32.7,125.61,634.48,269.82,DESCEND
6.6162,0.1623,0.2024,-0.1315,0.01859,0.00123,0.01087,-5.00,0.00,0.00,32.7,125.61,634.48,269.76,DESCEND
6.6263,0.2323,0.3124,-0.2715,0.02059,-0.00076,0.00987,-5.00,0.00,0.00,32.8,125.61,634.48,269.72,DESCEND
6.6364,-0.0876,-0.0175,0.1284,0.01259,0.01023,0.00987,-5.00,0.00,0.00,32.8,125.61,634.49,269.66,DESCEND
6.6465,-0.1276,-0.0275,0.0084,-0.00440,-0.00376,0.01087,-5.00,0.00,0.00,32.9,125.61,634.49,269.62,DESCEND
6.6566,-0.1376,-0.0175,-0.1315,-0.01240,-0.02076,0.01087,-5.00,0.00,0.00,32.9,125.61,634.49,269.56,DESCEND
6.6667,0.0423,0.3724,-0.0615,-0.02740,-0.01376,0.01387,-5.00,0.00,0.00,33.0,125.61,634.49,269.52,DESCEND
6.6768,-0.1676,0.0824,-0.2215,-0.00440,-0.00276,0.01687,-5.00,0.00,0.00,33.0,125.61,634.49,269.46,DESCEND
6.6869,0.0123,-0.0575,0.1184,-0.01040,-0.00076,0.00787,-5.00,0.00,0.00,33.1,125.61,634.50,269.42,DESCEND
6.6970,-0.0176,0.1124,-0.1015,0.00359,-0.00276,0.00687,-5.00,0.00,0.00,33.1,125.61,634.50,269.36,DESCEND
6.7071,-0.0376,0.1324,0.0484,-0.00540,0.00823,0.00887,-5.00,0.00,0.00,33.2,125.61,634.50,269.32,DESCEND
6.7172,0.1323,-0.1375,0.2484,0.00259,-0.00776,0.00787,-5.00,0.00,0.00,33.2,125.61,634.50,269.26,DESCEND
6.7273,0.0523,0.3924,-0.2415,0.01059,-0.00876,0.01487,-5.00,0.00,0.00,33.3,125.61,634.50,269.22,DESCEND
6.7374,-0.0076,-0.1375,0.3184,-0.00640,-0.00276,0.01087,-5.00,0.00,0.00,33.3,125.61,634.51,269.16,DESCEND
6.7475,0.3223,-0.0375,0.4084,0.00459,-0.01076,0.00587,-5.00,0.00,0.00,33.4,125.61,634.51,269.10,DESCEND
6.7576,0.0423,-0.0875,-0.0915,0.00459,-0.00276,0.00887,-5.00,0.00,0.00,33.4,125.61,634.51,269.06,DESCEND
6.7677,0.2123,0.3624,-0.3915,-0.00440,-0.01176,0.01087,-5.00,0.00,0.00,33.5,125.61,634.51,269.00,DESCEND
6.7778,0.0423,0.2624,-0.1615,-0.00140,-0.01176,0.01087,-5.00,0.00,0.00,33.5,125.61,634.51,268.96,DESCEND
6.7879,-0.0176,0.1424,0.0184,0.00659,0.00123,0.01287,-5.00,0.00,0.00,33.6,125.61,634.51,268.90,DESCEND
6.7980,-0.0776,0.2524,0.0684,-0.01740,-0.00376,0.00987,-5.00,0.00,0.00,33.6,125.61,634.52,268.86,DESCEND
6.8081,0.1923,0.1824,0.0984,0.03659,0.01323,0.01087,-5.00,0.00,0.00,33.7,125.61,634.52,268.80,DESCEND
6.8182,0.1723,0.1124,0.0284,0.00359,-0.00276,0.01387,-5.00,0.00,0.00,33.7,125.61,634.52,268.76,DESCEND
6.8283,-0.1176,0.2624,-0.2115,0.00559,-0.00476,0.01287,-5.00,0.00,0.00,33.8,125.61,634.52,268.70,DESCEND
6.8384,0.1223,-0.3975,0.4584,0.01459,0.00123,0.00687,-5.00,0.00,0.00,33.8,125.61,634.52,268.66,DESCEND
6.8485,0.1723,0.5224,-0.1215,0.01459,0.00023,0.01287,-5.00,0.00,0.00,33.9,125.61,634.53,268.60,DESCEND
6.8586,0.0923,-0.3475,0.3784,-0.00340,0.00023,0.00487,-5.00,0.00,0.00,33.9,125.61,634.53,268.56,DESCEND
6.8687,0.1723,0.2724,-0.0415,0.00459,-0.01176,0.01187,-5.00,0.00,0.00,34.0,125.61,634.53,268.50,DESCEND
6.8788,-0.1676,0.5224,-0.1615,-0.02340,-0.00876,0.01387,-5.00,0.00,0.00,34.0,125.62,634.53,268.46,DESCEND
6.8889,0.0823,0.2724,-0.1715,0.00259,0.00223,0.00887,-5.00,0.00,0.00,34.1,125.62,634.53,268.40,DESCEND
6.8990,0.2323,0.1724,0.2184,0.01159,0.00523,0.01187,-5.00,0.00,0.00,34.1,125.62,634.53,268.36,DESCEND
6.9091,0.1623,0.2524,-0.2815,-0.00240,-0.01376,0.00887,-5.00,0.00,0.00,34.2,125.62,634.54,268.30,DESCEND
6.9192,0.1723,0.2624,0.0184,0.00159,-0.01076,0.00887,-5.00,0.00,0.00,34.2,125.62,634.54,268.26,DESCEND
6.9293,0.1023,-0.1075,0.0784,0.01159,0.00323,0.01087,-5.00,0.00,0.00,34.3,125.62,634.54,268.20,DESCEND
6.9394,0.0523,-0.3275,0.3084,0.01259,0.00923,0.00787,-5.00,0.00,0.00,34.3,125.62,634.54,268.16,DESCEND
6.9495,-0.0076,0.1924,0.0184,-0.00340,-0.00476,0.01087,-5.00,0.00,0.00,34.4,125.62,634.54,268.10,DESCEND
6.9596,-0.0176,-0.0175,0.2484,0.00159,0.00223,0.01187,-5.00,0.00,0.00,34.5,125.62,634.55,268.04,DESCEND
6.9697,0.0123,-0.1175,0.0684,-0.00540,-0.00676,0.00787,-5.00,0.00,0.00,34.5,125.62,634.55,268.00,DESCEND
6.9798,-0.0776,0.1824,-0.0215,-0.00340,0.00423,0.01287,-5.00,0.00,0.00,34.6,125.62,634.55,267.94,DESCEND
6.9899,0.1523,0.0724,0.1584,-0.00540,-0.00376,0.00987,-5.00,0.00,0.00,34.6,125.62,634.55,267.90,DESCEND
7.0000,0.0723,0.3224,-0.0715,-0.00740,-0.01576,0.01187,-5.00,0.00,0.00,34.7,125.62,634.55,267.84,DESCEND
7.0101,0.2223,0.0424,-0.0515,0.00959,-0.01576,0.00987,-5.00,0.00,0.00,34.7,125.62,634.56,267.80,DESCEND
7.0202,0.1923,0.0024,-0.0515,-0.01040,-0.00976,0.01087,-5.00,0.00,0.00,34.8,125.62,634.56,267.74,DESCEND
7.0303,0.0223,0.4024,-0.1015,-0.00440,-0.00976,0.01187,-5.00,0.00,0.00,34.8,125.62,634.56,267.70,DESCEND
7.0405,-0.0276,-0.0475,0.0484,-0.01140,-0.00976,0.01087,-5.00,0.00,0.00,34.9,125.62,634.56,267.64,DESCEND
7.0506,-0.0476,0.0924,0.1284,-0.03140,-0.01576,0.00987,-5.00,0.00,0.00,34.9,125.62,634.56,267.60,DESCEND
7.0607,0.2123,-0.0975,0.1584,0.01759,0.00923,0.00587,-5.00,0.00,0.00,35.0,125.62,634.57,267.54,DESCEND
7.0708,0.1723,0.1724,-0.1415,0.00759,-0.00476,0.01087,-5.00,0.00,0.00,35.0,125.62,634.57,267.50,DESCEND
7.0809,0.1423,-0.0575,0.1884,0.02359,0.00923,0.00987,-5.00,0.00,0.00,35.1,125.62,634.57,267.44,DESCEND
7.0910,-0.0176,-0.1775,0.0184,-0.00140,-0.00176,0.00887,-5.00,0.00,0.00,35.1,125.62,634.57,267.40,DESCEND
7.1011,0.1423,-0.0175,0.1084,0.02359,0.01023,0.00987,-5.00,0.00,0.00,35.2,125.62,634.57,267.34,DESCEND
7.1112,0.1123,-0.1075,0.1684,-0.00340,-0.00476,0.00787,-5.00,0.00,0.00,35.2,125.62,634.57,267.30,DESCEND
7.1213,0.1323,0.3224,-0.1515,0.00159,-0.01076,0.01187,-5.00,0.00,0.00,35.3,125.62,634.58,267.24,DESCEND
7.1314,0.1023,0.1824,0.2084,0.00459,-0.00276,0.01087,-5.00,0.00,0.00,35.3,125.62,634.58,267.20,DESCEND
7.1415,-0.0676,-0.2175,0.2684,0.00759,0.00723,0.00787,-5.00,0.00,0.00,35.4,125.62,634.58,267.14,DESCEND
7.1516,0.2023,-0.5075,0.2884,0.01759,0.00623,0.01087,-5.00,0.00,0.00,35.4,125.62,634.58,267.08,DESCEND
7.1617,0.1023,0.4424,-0.5115,-0.00840,-0.01876,0.01387,-5.00,0.00,0.00,35.5,125.62,634.58,267.04,DESCEND
7.1718,0.2223,0.0024,-0.0015,0.00159,-0.00576,0.00787,-5.00,0.00,0.00,35.5,125.62,634.59,266.98,DESCEND
7.1819,0.3523,-0.2975,0.4484,0.00659,-0.00476,0.00987,-5.00,0.00,0.00,35.6,125.62,634.59,266.94,DESCEND
7.1920,0.0123,0.1524,0.2384,-0.00740,-0.00076,0.00787,-5.00,0.00,0.00,35.6,125.62,634.59,266.88,DESCEND
7.2021,-0.0376,0.3524,-0.3215,-0.01840,-0.02076,0.01587,-5.00,0.00,0.00,35.7,125.62,634.59,266.84,DESCEND
7.2122,0.0423,0.1824,-0.1715,0.00559,-0.01276,0.00887,-5.00,0.00,0.00,35.7,125.62,634.59,266.78,DESCEND
7.2223,0.1723,-0.1075,0.0884,0.01159,0.00223,0.00787,-5.00,0.00,0.00,35.8,125.62,634.59,266.74,DESCEND
7.2324,0.2623,0.2624,-0.4515,0.01459,-0.01976,0.01287,-5.00,0.00,0.00,35.8,125.62,634.60,266.68,DESCEND
7.2425,0.0223,-0.2775,0.1784,0.01859,0.00823,0.00587,-5.00,0.00,0.00,35.9,125.62,634.60,266.64,DESCEND
7.2526,0.1123,0.3024,-0.0815,-0.00040,-0.00676,0.00987,-5.00,0.00,0.00,35.9,125.62,634.60,266.58,DESCEND
7.2626,0.2123,0.0124,0.0984,0.02759,0.01323,0.00987,-5.00,0.00,0.00,36.0,125.62,634.60,266.54,DESCEND
7.2727,-0.0676,0.2724,-0.0315,-0.00940,0.00223,0.01287,-5.00,0.00,0.00,36.0,125.62,634.60,266.48,DESCEND
7.2828,0.1423,-0.1675,0.1384,0.01159,0.00623,0.00587,-5.00,0.00,0.00,36.1,125.62,634.61,266.44,DESCEND
7.2929,0.0323,-0.0775,0.1484,-0.01140,-0.00976,0.01087,-5.00,0.00,0.00,36.1,125.62,634.61,266.38,DESCEND
7.3030,0.2823,-0.2275,0.3184,0.00859,-0.00976,0.00587,-5.00,0.00,0.00,36.2,125.62,634.61,266.34,DESCEND
7.3131,-0.0076,0.3924,-0.0815,-0.01240,-0.01376,0.01587,-5.00,0.00,0.00,36.2,125.62,634.61,266.28,DESCEND
7.3232,0.0123,0.0424,0.0284,-0.00240,-0.00676,0.01087,-5.00,0.00,0.00,36.3,125.62,634.61,266.24,DESCEND
7.3333,-0.0376,0.0324,-0.0515,0.00159,0.00123,0.00987,-5.00,0.00,0.00,36.3,125.62,634.62,266.18,DESCEND
7.3434,0.1323,0.0424,-0.0415,0.01159,0.00023,0.01187,-5.00,0.00,0.00,36.4,125.62,634.62,266.12,DESCEND
7.3535,0.0323,0.1424,-0.2315,0.00459,-0.01376,0.01187,-5.00,0.00,0.00,36.4,125.62,634.62,266.08,DESCEND
7.3636,0.0323,0.1024,0.1184,0.00859,0.00123,0.00987,-5.00,0.00,0.00,36.5,125.62,634.62,266.02,DESCEND
7.3737,0.1823,-0.1275,0.1284,-0.00440,-0.00476,0.00887,-5.00,0.00,0.00,36.5,125.62,634.62,265.98,DESCEND
7.3838,0.0623,-0.0075,0.1184,0.00459,0.00223,0.01287,-5.00,0.00,0.00,36.6,125.62,634.63,265.92,DESCEND
7.3939,0.1923,0.1524,-0.1715,0.00159,-0.01076,0.01087,-5.00,0.00,0.00,36.6,125.62,634.63,265.88,DESCEND
7.4040,0.1023,0.3524,-0.0215,0.01559,0.00123,0.01287,-5.00,0.00,0.00,36.7,125.62,634.63,265.82,DESCEND
7.4141,-0.0776,0.1224,-0.0015,0.01259,0.01423,0.01287,-5.00,0.00,0.00,36.7,125.62,634.63,265.78,DESCEND
7.4242,-0.1176,0.4224,-0.1615,-0.01740,-0.01276,0.01787,-5.00,0.00,0.00,36.8,125.62,634.63,265.72,DESCEND
7.4343,-0.0476,0.1124,0.0084,-0.00340,0.00323,0.00787,-5.00,0.00,0.00,36.8,125.62,634.63,265.68,DESCEND
7.4444,-0.0276,0.2024,0.1784,-0.01040,-0.00276,0.01287,-5.00,0.00,0.00,36.9,125.62,634.64,265.62,DESCEND
7.4545,0.0023,0.4224,-0.1815,-0.00340,-0.01376,0.01087,-5.00,0.00,0.00,36.9,125.62,634.64,265.58,DESCEND
7.4646,0.0323,-0.0275,0.0884,-0.00640,-0.01476,0.01187,-5.00,0.00,0.00,37.0,125.62,634.64,265.52,DESCEND
7.4747,-0.0076,-0.1775,0.1684,-0.00640,-0.00576,0.00787,-5.00,0.00,0.00,37.0,125.62,634.64,265.48,DESCEND
7.4848,0.0423,-0.1575,0.0684,-0.00040,-0.00376,0.01187,-5.00,0.00,0.00,37.1,125.62,634.64,265.42,DESCEND
7.4948,0.0523,0.2024,-0.1015,-0.01840,-0.01576,0.01087,-5.00,0.00,0.00,37.1,125.62,634.65,265.38,DESCEND
7.5049,0.0723,0.0524,0.0384,0.00259,-0.00276,0.01087,-5.00,0.00,0.00,37.2,125.62,634.65,265.32,DESCEND
7.5150,0.1423,0.2924,-0.3415,-0.00040,-0.01176,0.01487,-5.00,0.00,0.00,37.2,125.62,634.65,265.28,DESCEND
7.5251,0.1923,-0.1675,0.4184,0.01959,0.00623,0.00887,-5.00,0.00,0.00,37.3,125.62,634.65,265.22,DESCEND
7.5352,-0.0176,0.2624,-0.1015,-0.00140,-0.00676,0.01387,-5.00,0.00,0.00,37.3,125.62,634.65,265.18,DESCEND
7.5453,-0.0076,-0.2375,0.4284,-0.00640,0.00623,0.00987,-5.00,0.00,0.00,37.4,125.62,634.66,265.12,DESCEND
7.5554,0.1823,-0.1175,0.2084,0.01559,-0.00876,0.00887,-5.00,0.00,0.00,37.4,125.62,634.66,265.08,DESCEND
7.5655,0.1523,-0.1975,0.0484,0.01659,0.00823,0.00987,-5.00,0.00,0.00,37.5,125.62,634.66,265.02,DESCEND
7.5756,0.1723,-0.1975,0.3284,0.00759,-0.00176,0.00487,-5.00,0.00,0.00,37.5,125.62,634.66,264.96,DESCEND
7.5856,0.1223,-0.0275,0.0184,0.00359,-0.00276,0.00887,-5.00,0.00,0.00,37.6,125.62,634.66,264.92,DESCEND
7.5957,-0.1376,0.0024,0.0884,-0.01340,-0.00576,0.01387,-5.00,0.00,0.00,37.6,125.62,634.66,264.86,DESCEND
7.6059,0.1323,0.1924,-0.3515,-0.00940,-0.01476,0.01087,-5.00,0.00,0.00,37.7,125.62,634.67,264.82,DESCEND
7.6160,-0.0176,0.3124,-0.2715,-0.00840,-0.01276,0.01487,-5.00,0.00,0.00,37.7,125.63,634.67,264.76,DESCEND
7.6261,-0.2076,0.5624,-0.3215,-0.02640,-0.01576,0.01587,-5.00,0.00,0.00,37.8,125.63,634.67,264.72,DESCEND
7.6362,0.1123,0.1724,-0.3315,0.01359,-0.01076,0.01187,-5.00,0.00,0.00,37.8,125.63,634.67,264.66,DESCEND
7.6463,0.1523,0.1224,-0.1715,-0.00840,-0.01776,0.00687,-5.00,0.00,0.00,37.9,125.63,634.67,264.62,DESCEND
7.6564,-0.0176,-0.0575,-0.0315,-0.01140,-0.00476,0.00987,-5.00,0.00,0.00,37.9,125.63,634.68,264.56,DESCEND
7.6665,-0.0376,-0.0675,0.1284,-0.00540,-0.00176,0.01187,-5.00,0.00,0.00,38.0,125.63,634.68,264.52,DESCEND
7.6766,-0.1176,0.0924,0.0484,-0.01440,-0.00476,0.01087,-5.00,0.00,0.00,38.0,125.63,634.68,264.46,DESCEND
7.6867,-0.1176,0.3824,-0.5215,-0.00440,-0.00576,0.01387,-5.00,0.00,0.00,38.1,125.63,634.68,264.42,DESCEND
7.6968,0.0723,0.1924,0.0184,0.00059,-0.00376,0.01587,-5.00,0.00,0.00,38.1,125.63,634.68,264.36,DESCEND
7.7069,0.0823,0.2824,-0.0315,-0.00040,-0.00476,0.01487,-5.00,0.00,0.00,38.2,125.63,634.68,264.32,DESCEND
7.7170,-0.0476,0.0124,-0.1915,0.00059,-0.00976,0.01087,-5.00,0.00,0.00,38.2,125.63,634.69,264.26,DESCEND
7.7271,0.0923,0.3624,-0.0415,0.00859,-0.00376,0.01287,-5.00,0.00,0.00,38.3,125.63,634.69,264.22,DESCEND
7.7372,-0.0476,0.0924,-0.1715,-0.02440,-0.02076,0.01387,-5.00,0.00,0.00,38.3,125.63,634.69,264.16,DESCEND
7.7473,-0.0376,-0.1275,0.0584,-0.00340,-0.00776,0.01287,-5.00,0.00,0.00,38.4,125.63,634.69,264.12,DESCEND
7.7574,0.0223,0.1824,-0.3215,0.00359,-0.00776,0.01287,-5.00,0.00,0.00,38.4,125.63,634.69,264.06,DESCEND
7.7675,0.1823,-0.4275,0.7284,0.02059,0.01723,0.00587,-5.00,0.00,0.00,38.5,125.63,634.70,264.00,DESCEND
7.7776,0.1023,0.2324,-0.1415,0.00959,-0.00676,0.01287,-5.00,0.00,0.00,38.5,125.63,634.70,263.96,DESCEND
7.7877,0.0123,-0.2875,0.2284,-0.00040,-0.00076,0.01087,-5.00,0.00,0.00,38.6,125.63,634.70,263.90,DESCEND
7.7979,0.0823,0.5924,-0.5515,-0.00840,-0.01476,0.01687,-5.00,0.00,0.00,38.6,125.63,634.70,263.86,DESCEND
7.8080,0.0223,-0.1375,-0.0915,-0.00140,0.00123,0.00887,-5.00,0.00,0.00,38.7,125.63,634.70,263.80,DESCEND
7.8181,0.1023,0.0624,-0.1515,0.00459,-0.00576,0.01387,-5.00,0.00,0.00,38.7,125.63,634.71,263.76,DESCEND
7.8282,0.2723,-0.0575,0.1184,0.02159,0.00423,0.00987,-5.00,0.00,0.00,38.8,125.63,634.71,263.70,DESCEND
7.8383,0.1223,0.1424,-0.0015,-0.00040,-0.00976,0.01187,-5.00,0.00,0.00,38.8,125.63,634.71,263.66,DESCEND
7.8484,0.1023,0.2924,-0.2915,-0.00640,-0.02076,0.01387,-5.00,0.00,0.00,38.9,125.63,634.71,263.60,DESCEND
7.8585,0.2523,0.1324,-0.1015,0.00059,-0.01976,0.01087,-5.00,0.00,0.00,38.9,125.63,634.71,263.56,DESCEND
7.8686,0.1523,0.1324,0.1584,0.00359,-0.00376,0.01187,-5.00,0.00,0.00,39.0,125.63,634.72,263.50,DESCEND
7.8787,0.1923,-0.0475,0.0884,0.01559,-0.00476,0.01187,-5.00,0.00,0.00,39.0,125.63,634.72,263.46,DESCEND
7.8888,0.1523,0.0324,-0.0515,-0.00140,-0.00176,0.01087,-5.00,0.00,0.00,39.1,125.63,634.72,263.40,DESCEND
7.8989,0.0923,0.2024,0.0284,-0.00440,-0.01076,0.01287,-5.00,0.00,0.00,39.1,125.63,634.72,263.36,DESCEND
7.9090,0.1923,0.1924,0.0384,0.01359,0.00023,0.01187,-5.00,0.00,0.00,39.2,125.63,634.72,263.30,DESCEND
7.9191,0.1823,0.1524,-0.2115,0.01959,-0.00376,0.01387,-5.00,0.00,0.00,39.2,125.63,634.72,263.26,DESCEND
7.9292,0.1323,0.4124,-0.0715,-0.00940,-0.01476,0.01587,-5.00,0.00,0.00,39.3,125.63,634.73,263.20,DESCEND
7.9393,-0.0376,0.3124,-0.0015,-0.01340,-0.00676,0.01587,-5.00,0.00,0.00,39.4,125.63,634.73,263.14,DESCEND
7.9494,0.1723,0.0524,0.2984,-0.00540,0.00023,0.00687,-5.00,0.00,0.00,39.4,125.63,634.73,263.10,DESCEND
7.9595,-0.0976,0.0824,-0.2515,-0.00740,-0.00476,0.01387,-5.00,0.00,0.00,39.4,125.63,634.73,263.06,DESCEND
7.9696,0.0623,0.2424,-0.1515,0.00159,-0.01576,0.01387,-5.00,0.00,0.00,39.5,125.63,634.73,263.00,DESCEND
7.9797,0.2623,0.0624,0.0184,0.02059,-0.00276,0.01187,-5.00,0.00,0.00,39.6,125.63,634.74,262.94,DESCEND
7.9898,0.1823,0.1424,-0.0715,0.01259,-0.00076,0.00787,-5.00,0.00,0.00,39.6,125.63,634.74,262.90,DESCEND
7.9999,0.2323,-0.2675,0.2984,0.01759,0.00023,0.00987,-5.00,0.00,0.00,39.7,125.63,634.74,262.84,DESCEND
8.0100,0.1223,0.2924,-0.0015,-0.00940,-0.00876,0.01187,-5.00,0.00,0.00,39.7,125.63,634.74,262.80,DESCEND
8.0201,-0.1476,0.1224,-0.0415,0.00159,0.01023,0.01087,-5.00,0.00,0.00,39.8,125.63,634.74,262.74,DESCEND
8.0302,0.1323,0.1624,0.1884,0.01359,0.00323,0.01087,-5.00,0.00,0.00,39.8,125.63,634.75,262.70,DESCEND
8.0403,0.1223,-0.0075,0.0984,0.01259,0.00323,0.01387,-5.00,0.00,0.00,39.9,125.63,634.75,262.64,DESCEND
8.0504,0.1223,0.1424,-0.0615,-0.00340,-0.01776,0.00787,-5.00,0.00,0.00,39.9,125.63,634.75,262.60,DESCEND
8.0605,0.1823,-0.1575,-0.0515,0.00559,-0.01076,0.01187,-5.00,0.00,0.00,40.0,125.63,634.75,262.54,DESCEND
8.0706,0.0223,0.3124,-0.3615,-0.00740,-0.01476,0.01087,-5.00,0.00,0.00,40.0,125.63,634.75,262.50,DESCEND
8.0807,-0.0576,0.1224,-0.0315,-0.00540,-0.00576,0.01587,-5.00,0.00,0.00,40.1,125.63,634.75,262.44,DESCEND
8.0908,0.2623,0.3924,0.0084,0.00259,-0.00776,0.01487,-5.00,0.00,0.00,40.1,125.63,634.76,262.40,DESCEND
8.1009,-0.0176,0.0224,-0.0015,0.00059,-0.00376,0.01187,-5.00,0.00,0.00,40.2,125.63,634.76,262.34,DESCEND
8.1110,0.0823,0.2224,-0.1715,-0.00540,-0.00676,0.01087,-5.00,0.00,0.00,40.2,125.63,634.76,262.30,DESCEND
8.1212,-0.1076,0.3124,0.1584,-0.00140,0.00623,0.01187,-5.00,0.00,0.00,40.3,125.63,634.76,262.24,DESCEND
8.1313,-0.0976,0.0124,-0.1115,0.00259,-0.00076,0.01287,-5.00,0.00,0.00,40.3,125.63,634.76,262.20,DESCEND
8.1414,0.1423,0.1524,0.0684,0.01259,0.00423,0.01087,-5.00,0.00,0.00,40.4,125.63,634.77,262.14,DESCEND
8.1515,0.0123,0.0824,0.2084,-0.01540,-0.01176,0.00987,-5.00,0.00,0.00,40.4,125.63,634.77,262.08,DESCEND
8.1616,0.0123,-0.0075,0.2084,-0.00440,-0.00376,0.00987,-5.00,0.00,0.00,40.5,125.63,634.77,262.04,DESCEND
8.1717,0.2923,0.0524,-0.1315,-0.00140,-0.01776,0.00987,-5.00,0.00,0.00,40.5,125.63,634.77,261.98,DESCEND
8.1817,-0.1676,-0.0575,0.2184,-0.00740,0.00623,0.00987,-5.00,0.00,0.00,40.6,125.63,634.77,261.94,DESCEND
8.1918,0.0823,-0.2875,0.1084,0.01659,0.00023,0.00687,-5.00,0.00,0.00,40.6,125.63,634.78,261.88,DESCEND
8.2019,-0.0276,-0.0375,0.0384,-0.00240,-0.00076,0.00987,-5.00,0.00,0.00,40.7,125.63,634.78,261.84,DESCEND
8.2120,0.2923,0.2024,-0.0715,-0.00140,-0.01476,0.01287,-5.00,0.00,0.00,40.7,125.63,634.78,261.78,DESCEND
8.2221,0.1723,0.4224,-0.0215,0.00059,-0.01276,0.01287,-5.00,0.00,0.00,40.8,125.63,634.78,261.74,DESCEND
8.2322,0.2123,0.1524,-0.0315,0.01559,0.00823,0.00887,-5.00,0.00,0.00,40.8,125.63,634.78,261.68,DESCEND
8.2423,-0.1576,0.3824,-0.2315,0.00059,0.00523,0.01187,-5.00,0.00,0.00,40.9,125.63,634.78,261.64,DESCEND
8.2524,0.1723,0.0724,0.1084,0.01059,0.00123,0.00987,-5.00,0.00,0.00,40.9,125.63,634.79,261.58,DESCEND
8.2625,-0.0076,0.2224,-0.2115,0.00659,-0.00876,0.01087,-5.00,0.00,0.00,41.0,125.63,634.79,261.54,DESCEND
8.2726,-0.0276,0.3724,-0.2915,-0.01340,-0.01776,0.01287,-5.00,0.00,0.00,41.0,125.63,634.79,261.48,DESCEND
8.2827,0.0523,0.3124,-0.3015,0.00059,-0.01476,0.01187,-5.00,0.00,0.00,41.1,125.63,634.79,261.44,DESCEND
8.2927,-0.2176,0.3024,-0.1915,-0.02840,-0.01076,0.01587,-5.00,0.00,0.00,41.1,125.63,634.79,261.38,DESCEND
8.3029,0.0623,0.1724,0.0784,0.01159,0.00223,0.01187,-5.00,0.00,0.00,41.2,125.63,634.80,261.34,DESCEND
8.3130,-0.0776,0.3724,-0.1215,-0.00340,0.00123,0.01387,-5.00,0.00,0.00,41.2,125.63,634.80,261.28,DESCEND
8.3231,0.1123,0.1324,0.1684,-0.00640,-0.00576,0.01187,-5.00,0.00,0.00,41.3,125.63,634.80,261.24,DESCEND
8.3333,0.0023,0.1224,0.0484,-0.00240,-0.00876,0.01187,-5.00,0.00,0.00,41.3,125.63,634.80,261.18,DESCEND
8.3434,0.1223,-0.1675,-0.0315,0.01059,0.00123,0.01087,-5.00,0.00,0.00,41.4,125.63,634.80,261.14,DESCEND
8.3535,0.2923,0.2924,-0.0215,0.01959,0.00123,0.01187,-5.00,0.00,0.00,41.4,125.63,634.81,261.08,DESCEND
8.3636,0.1423,-0.2175,0.1484,-0.00140,-0.01176,0.01187,-5.00,0.00,0.00,41.5,125.63,634.81,261.02,DESCEND
8.3737,0.0623,-0.0575,0.0084,0.00459,-0.00876,0.01187,-5.00,0.00,0.00,41.5,125.63,634.81,260.98,DESCEND
8.3837,0.1823,-0.0775,0.1484,0.00459,-0.01076,0.01087,-5.00,0.00,0.00,41.6,125.64,634.81,260.92,DESCEND
8.3939,-0.0076,0.1924,0.1484,0.00359,0.01023,0.01187,-5.00,0.00,0.00,41.6,125.64,634.81,260.88,DESCEND
8.4040,-0.0176,0.2624,-0.0915,-0.01540,0.01123,0.00987,-5.00,0.00,0.00,41.7,125.64,634.82,260.82,DESCEND
8.4141,0.2023,0.0324,0.0484,0.01759,0.02423,0.00787,-5.00,0.00,0.00,41.7,125.64,634.82,260.78,DESCEND
8.4242,-0.0076,0.0424,0.1184,-0.01440,0.01823,0.00787,-5.00,0.00,0.00,41.8,125.64,634.82,260.72,DESCEND
8.4343,0.1523,-0.0375,-0.0815,-0.00840,0.01423,0.00587,-5.00,0.00,0.00,41.8,125.64,634.82,260.68,DESCEND
8.4444,0.2523,0.1724,-0.2515,-0.00240,0.02523,0.00687,-5.00,0.00,0.00,41.9,125.64,634.82,260.62,DESCEND
8.4546,0.2523,0.1624,-0.1815,0.01459,0.03523,0.00787,-5.00,0.00,0.00,41.9,125.64,634.82,260.58,DESCEND
8.4647,0.1623,0.0024,0.0284,0.00259,0.03123,0.00587,-5.00,0.00,0.00,42.0,125.64,634.83,260.52,DESCEND
8.4748,0.2323,-0.2075,-0.2315,0.00359,0.03923,0.00287,-5.00,0.00,0.00,42.0,125.64,634.83,260.48,DESCEND
8.4848,0.4923,0.1124,0.1684,0.01859,0.04223,-0.00012,-5.00,0.00,0.00,42.1,125.64,634.83,260.42,DESCEND
8.4949,0.3423,0.4024,-0.1615,0.00059,0.03823,0.00387,-5.00,0.00,0.00,42.1,125.64,634.83,260.38,DESCEND
8.5050,0.3023,-0.2075,-0.0715,0.00259,0.04123,0.00287,-5.00,0.00,0.00,42.2,125.64,634.83,260.32,DESCEND
8.5151,0.2823,0.2024,-0.0115,-0.00540,0.03723,0.00087,-5.00,0.00,0.00,42.2,125.64,634.84,260.28,DESCEND
8.5252,0.3523,0.1324,0.0584,-0.02140,0.04123,-0.00112,-5.00,0.00,0.00,42.3,125.64,634.84,260.22,DESCEND
8.5353,0.2923,-0.0675,0.0284,-0.01440,0.03823,-0.00412,-5.00,0.00,0.00,42.3,125.64,634.84,260.18,DESCEND
8.5454,0.5523,-0.2475,0.3084,0.01859,0.07023,-0.00412,-5.00,0.00,0.00,42.4,125.64,634.84,260.12,DESCEND
8.5555,0.4523,0.2424,-0.1115,0.00759,0.05323,0.00087,-5.00,0.00,0.00,42.4,125.64,634.84,260.06,DESCEND
8.5656,0.3123,0.3624,-0.2715,-0.00140,0.04823,-0.00112,-5.00,0.00,0.00,42.5,125.64,634.84,260.02,DESCEND
8.5757,0.5623,-0.2875,0.3184,0.02459,0.07123,-0.00612,-5.00,0.00,0.00,42.5,125.64,634.85,259.96,DESCEND
8.5858,0.4423,0.0424,-0.1015,0.00759,0.06523,-0.00012,-5.00,0.00,0.00,42.6,125.64,634.85,259.92,DESCEND
8.5959,0.6223,0.3924,-0.1915,0.00859,0.05623,-0.00512,-5.00,0.00,0.00,42.6,125.64,634.85,259.86,DESCEND
8.6060,0.5223,0.2024,0.0084,0.01459,0.06123,-0.00212,-5.00,0.00,0.00,42.7,125.64,634.85,259.82,DESCEND
8.6161,0.4823,0.1124,0.2884,-0.01040,0.06423,-0.00412,-5.00,0.00,0.00,42.7,125.64,634.85,259.76,DESCEND
8.6262,0.6523,0.1024,-0.1715,0.01159,0.06123,-0.00412,-5.00,0.00,0.00,42.8,125.64,634.86,259.72,DESCEND
8.6363,0.3723,0.1924,-0.2315,-0.00440,0.07423,-0.00612,-5.00,0.00,0.00,42.8,125.64,634.86,259.66,DESCEND
8.6464,0.4323,0.1224,-0.2715,-0.01240,0.06423,-0.00512,-5.00,0.00,0.00,42.9,125.64,634.86,259.62,DESCEND
8.6565,0.7123,0.2624,0.2984,0.01759,0.08423,-0.00612,-5.00,0.00,0.00,42.9,125.64,634.86,259.56,DESCEND
8.6666,0.5023,0.1524,-0.0315,0.00959,0.08123,-0.00912,-5.00,0.00,0.00,43.0,125.64,634.86,259.52,DESCEND
8.6767,0.5623,0.2024,0.1784,-0.00040,0.08523,-0.00512,-5.00,0.00,0.00,43.0,125.64,634.87,259.46,DESCEND
8.6868,0.6123,-0.0175,0.0684,0.00859,0.08123,-0.00912,-5.00,0.00,0.00,43.1,125.64,634.87,259.42,DESCEND
8.6969,0.6723,-0.0575,0.4084,0.00159,0.08023,-0.00612,-5.00,0.00,0.00,43.1,125.64,634.87,259.36,DESCEND
8.7070,0.6723,-0.1675,0.2584,0.00359,0.08623,-0.01012,-5.00,0.00,0.00,43.2,125.64,634.87,259.32,DESCEND
8.7171,0.8423,0.1124,0.0984,0.00359,0.07423,-0.01012,-5.00,0.00,0.00,43.2,125.64,634.87,259.26,DESCEND
8.7272,0.6923,0.1624,0.0884,-0.00340,0.08823,-0.01012,-5.00,0.00,0.00,43.3,125.64,634.87,259.22,DESCEND
8.7373,0.7723,0.3224,-0.1015,0.02559,0.09523,-0.01012,-5.00,0.00,0.00,43.3,125.64,634.88,259.16,DESCEND
8.7474,0.7023,0.1324,0.0984,0.00759,0.09023,-0.00912,-5.00,0.00,0.00,43.4,125.64,634.88,259.10,DESCEND
8.7575,0.5423,-0.2175,0.3284,0.00459,0.10123,-0.01112,-5.00,0.00,0.00,43.4,125.64,634.88,259.06,DESCEND
8.7676,0.6423,-0.1575,0.2884,0.02059,0.11423,-0.01112,-5.00,0.00,0.00,43.5,125.64,634.88,259.00,DESCEND
8.7777,0.8023,-0.0175,0.3384,0.01459,0.11023,-0.01212,-5.00,0.00,0.00,43.5,125.64,634.88,258.96,DESCEND
8.7877,0.6823,-0.0375,0.4884,-0.00640,0.09723,-0.01012,-5.00,0.00,0.00,43.6,125.64,634.89,258.91,DESCEND
8.7979,0.7723,0.3424,0.0384,-0.00340,0.09723,-0.01212,-5.00,0.00,0.00,43.6,125.64,634.89,258.87,DESCEND
8.8080,0.7223,0.2324,-0.1815,-0.00040,0.10423,-0.01012,-5.00,0.00,0.00,43.7,125.64,634.89,258.81,DESCEND
8.8180,0.7023,0.2424,0.0284,-0.00740,0.10223,-0.01112,-5.00,0.00,0.00,43.7,125.64,634.89,258.77,DESCEND
8.8281,0.8623,-0.0075,0.3584,-0.00340,0.10923,-0.01612,-5.00,0.00,0.00,43.8,125.64,634.89,258.71,DESCEND
8.8382,0.9023,0.1624,0.2784,-0.00240,0.10123,-0.01012,-5.00,0.00,0.00,43.8,125.64,634.90,258.67,DESCEND
8.8483,0.8623,0.2024,0.1684,0.01159,0.10423,-0.01512,-5.00,0.00,0.00,43.9,125.64,634.90,258.61,DESCEND
8.8584,0.8423,0.3624,-0.1315,0.00459,0.10823,-0.01012,-5.00,0.00,0.00,43.9,125.64,634.90,258.57,DESCEND
8.8685,0.6623,0.2424,0.0984,0.00959,0.11923,-0.01312,-5.00,0.00,0.00,44.0,125.64,634.90,258.51,DESCEND
8.8786,0.6123,0.0024,0.2584,-0.00340,0.11823,-0.01112,-5.00,0.00,0.00,44.0,125.64,634.90,258.47,DESCEND
8.8887,0.9123,0.1024,0.1084,0.00859,0.11623,-0.01512,-5.00,0.00,0.00,44.1,125.64,634.91,258.41,DESCEND
8.8988,0.8323,0.4024,0.0884,0.02159,0.12123,-0.01012,-5.00,0.00,0.00,44.1,125.64,634.91,258.37,DESCEND
8.9089,0.8423,0.3324,0.0384,0.00459,0.11823,-0.01112,-5.00,0.00,0.00,44.2,125.64,634.91,258.31,DESCEND
8.9190,0.8123,-0.0375,0.4284,-0.00340,0.12123,-0.01712,-5.00,0.00,0.00,44.2,125.64,634.91,258.27,DESCEND
8.9291,0.8823,-0.2575,0.2484,0.01359,0.12723,-0.01512,-5.00,0.00,0.00,44.3,125.64,634.91,258.21,DESCEND
8.9392,0.8323,0.1424,0.2984,0.02059,0.13323,-0.01512,-5.00,0.00,0.00,44.3,125.64,634.91,258.17,DESCEND
8.9493,0.9323,-0.0975,0.3184,0.01359,0.12423,-0.01812,-5.00,0.00,0.00,44.4,125.64,634.92,258.11,SEARCH_Y
8.9594,1.0423,-0.0375,0.1484,0.03159,0.13323,-0.01512,0.00,-3.00,0.00,44.5,125.64,634.92,258.05,SEARCH_Y
8.9695,0.7723,-0.2475,0.4884,-0.01140,0.12923,-0.01612,0.00,-3.00,0.00,44.5,125.64,634.92,258.01,SEARCH_Y
8.9797,1.1123,-0.4875,0.5784,0.02859,0.13523,-0.02212,0.00,-3.00,0.00,44.6,125.64,634.92,257.95,SEARCH_Y
8.9898,1.0423,-0.0375,0.2684,0.02959,0.14223,-0.01812,0.00,-3.00,0.00,44.6,125.64,634.92,257.92,SEARCH_Y
8.9999,0.9523,0.2024,0.2784,0.01359,0.13423,-0.01212,0.00,-3.00,0.00,44.6,125.63,634.92,257.87,SEARCH_Y
9.0100,0.9323,-0.1975,0.4084,0.01459,0.14223,-0.02112,0.00,-3.00,0.00,44.7,125.62,634.93,257.84,SEARCH_Y
9.0200,0.8523,-0.1275,0.3284,0.02059,0.14823,-0.01912,0.00,-3.00,0.00,44.7,125.61,634.93,257.80,SEARCH_Y
9.0302,0.8223,0.1124,0.2184,0.00159,0.13423,-0.01712,0.00,-3.00,0.00,44.7,125.60,634.93,257.78,SEARCH_Y
9.0404,0.9823,-0.4775,0.5784,0.03259,0.15123,-0.02312,0.00,-3.00,0.00,44.8,125.58,634.93,257.75,SEARCH_Y
9.0505,0.7623,0.2224,0.1584,0.01059,0.14323,-0.01712,0.00,-3.00,0.00,44.8,125.57,634.93,257.73,SEARCH_Y
9.0606,1.0123,0.4224,-0.0415,0.01259,0.13923,-0.02012,0.00,-3.00,0.00,44.8,125.55,634.93,257.71,SEARCH_Y
9.0707,1.1323,-0.2075,0.3784,0.02459,0.14723,-0.02912,0.00,-3.00,0.00,44.8,125.53,634.93,257.69,SEARCH_Y
9.0809,1.2023,0.1124,0.1684,0.01759,0.14123,-0.02212,0.00,-3.00,0.00,44.8,125.51,634.93,257.68,SEARCH_Y
9.0909,1.0523,-0.1275,0.1784,0.01759,0.15023,-0.02512,0.00,-3.00,0.00,44.8,125.49,634.93,257.67,SEARCH_Y
9.1010,0.9423,0.0724,0.1284,0.01659,0.15623,-0.02712,0.00,-3.00,0.00,44.8,125.46,634.93,257.66,SEARCH_Y
9.1111,0.9123,-0.0475,0.4884,-0.00140,0.15423,-0.02612,0.00,-3.00,0.00,44.9,125.44,634.93,257.65,SEARCH_Y
9.1212,0.9823,-0.3375,0.2284,0.02359,0.16323,-0.02912,0.00,-3.00,0.00,44.9,125.40,634.93,257.65,SEARCH_Y
9.1313,1.0123,-0.2675,0.5184,0.01759,0.16823,-0.02612,0.00,-3.00,0.00,44.9,125.38,634.92,257.65,SEARCH_Y
9.1414,1.0523,-0.1275,0.4584,0.03259,0.16723,-0.02712,0.00,-3.00,0.00,44.9,125.34,634.92,257.65,SEARCH_Y
9.1515,1.1623,-0.0475,0.1984,0.03259,0.16323,-0.02812,0.00,-3.00,0.00,44.9,125.30,634.92,257.65,SEARCH_Y
9.1616,1.2623,-0.1275,0.3884,0.03459,0.17123,-0.02912,0.00,-3.00,0.00,44.9,125.28,634.92,257.65,SEARCH_Y
9.1717,1.0423,-0.1175,0.4984,0.04159,0.17223,-0.02812,0.00,-3.00,0.00,44.9,125.24,634.92,257.65,SEARCH_Y
9.1818,1.1023,0.3224,0.1984,0.03459,0.16223,-0.02412,0.00,-3.00,0.00,44.9,125.22,634.92,257.65,SEARCH_Y
9.1919,1.1223,0.4124,0.1184,0.01159,0.14623,-0.02312,0.00,-3.00,0.00,44.9,125.18,634.92,257.65,SEARCH_Y
9.2020,1.2023,-0.1275,0.2984,0.03059,0.16823,-0.02812,0.00,-3.00,0.00,44.9,125.16,634.92,257.65,SEARCH_Y
9.2121,1.0223,0.0924,0.2584,0.01059,0.15523,-0.02412,0.00,-3.00,0.00,44.9,125.12,634.92,257.65,SEARCH_Y
9.2221,1.0823,0.3924,0.0784,0.00859,0.15623,-0.02512,0.00,-3.00,0.00,44.9,125.10,634.92,257.65,SEARCH_Y
9.2323,0.9323,0.1724,0.0984,-0.01740,0.16023,-0.03012,0.00,-3.00,0.00,44.9,125.06,634.92,257.65,SEARCH_Y
9.2424,1.0123,0.0124,0.2784,-0.00440,0.16723,-0.03212,0.00,-3.00,0.00,44.9,125.04,634.92,257.65,SEARCH_Y
9.2525,1.0823,0.0624,0.1584,-0.00940,0.15423,-0.03212,0.00,-3.00,0.00,44.9,125.00,634.91,257.65,SEARCH_Y
9.2626,0.9723,0.6924,0.0684,-0.00440,0.17423,-0.02812,0.00,-3.00,0.00,44.9,124.98,634.91,257.65,SEARCH_Y
9.2727,1.1023,-0.0175,0.3884,-0.01040,0.16523,-0.03212,0.00,-3.00,0.00,44.9,124.94,634.91,257.65,SEARCH_Y
9.2828,1.0523,0.3424,0.3084,-0.00140,0.16423,-0.03012,0.00,-3.00,0.00,44.9,124.92,634.91,257.65,SEARCH_Y
9.2929,1.2723,-0.1475,0.3184,0.00159,0.16623,-0.03512,0.00,-3.00,0.00,44.9,124.88,634.91,257.65,SEARCH_Y
9.3030,1.0323,-0.0375,0.4384,-0.00540,0.17523,-0.03612,0.00,-3.00,0.00,44.9,124.86,634.91,257.65,SEARCH_Y
9.3131,0.9323,0.3024,0.3684,-0.00140,0.17623,-0.03412,0.00,-3.00,0.00,44.9,124.82,634.91,257.65,SEARCH_Y
9.3232,1.0923,0.3124,0.1384,-0.01540,0.16823,-0.03312,0.00,-3.00,0.00,44.9,124.80,634.91,257.65,SEARCH_Y
9.3333,1.2123,0.1324,0.2884,0.00659,0.18123,-0.03512,0.00,-3.00,0.00,44.9,124.76,634.91,257.65,SEARCH_Y
9.3434,0.9823,0.2624,0.1584,-0.00440,0.17923,-0.03712,0.00,-3.00,0.00,44.9,124.73,634.91,257.65,SEARCH_Y
9.3535,1.1923,0.2124,0.1184,0.00259,0.17723,-0.03712,0.00,-3.00,0.00,44.9,124.70,634.91,257.65,SEARCH_Y
9.3636,1.0723,0.1924,0.2784,-0.01240,0.17323,-0.03312,0.00,-3.00,0.00,44.9,124.67,634.90,257.65,SEARCH_Y
9.3737,1.0623,0.2924,0.0884,-0.01440,0.16923,-0.03512,0.00,-3.00,0.00,44.9,124.64,634.90,257.65,SEARCH_Y
9.3838,1.1123,-0.0675,0.3884,-0.00740,0.18723,-0.04112,0.00,-3.00,0.00,44.9,124.61,634.90,257.65,SEARCH_Y
9.3939,1.2323,-0.1375,0.2784,0.00659,0.17823,-0.03812,0.00,-3.00,0.00,44.9,124.58,634.90,257.65,SEARCH_Y
9.4040,1.0823,0.1724,0.4884,-0.01640,0.17823,-0.03812,0.00,-3.00,0.00,44.9,124.55,634.90,257.65,SEARCH_Y
9.4141,1.0923,-0.1175,0.2784,-0.00140,0.17923,-0.03512,0.00,-3.00,0.00,44.9,124.52,634.90,257.65,SEARCH_Y
9.4242,1.0723,0.0524,0.3884,0.01759,0.20023,-0.03712,0.00,-3.00,0.00,44.9,124.48,634.90,257.65,SEARCH_Y
9.4342,1.2323,0.2924,0.1984,0.01659,0.18323,-0.03612,0.00,-3.00,0.00,44.9,124.46,634.90,257.65,SEARCH_Y
9.4443,1.1823,-0.1875,0.4684,0.00059,0.18423,-0.04112,0.00,-3.00,0.00,44.9,124.42,634.90,257.65,SEARCH_Y
9.4545,1.2323,0.3724,-0.0015,0.00159,0.17323,-0.03512,0.00,-3.00,0.00,44.9,124.40,634.90,257.65,SEARCH_Y
9.4646,1.0623,-0.0275,0.2384,-0.00540,0.18523,-0.03912,0.00,-3.00,0.00,44.9,124.36,634.90,257.65,SEARCH_Y
9.4747,1.0723,0.1024,0.5384,-0.00240,0.18423,-0.03812,0.00,-3.00,0.00,44.9,124.34,634.90,257.65,SEARCH_Y
9.4848,1.2123,-0.1475,0.4884,0.01859,0.18923,-0.04012,0.00,-3.00,0.00,44.9,124.30,634.89,257.65,SEARCH_Y
9.4949,1.1123,0.1224,0.0384,-0.00240,0.17723,-0.03512,0.00,-3.00,0.00,44.9,124.28,634.89,257.65,SEARCH_Y
9.5050,1.1623,0.2424,-0.0915,-0.02840,0.15923,-0.04012,0.00,-3.00,0.00,44.9,124.24,634.89,257.65,SEARCH_Y
9.5151,1.1723,-0.2175,0.2884,-0.00140,0.17523,-0.03912,0.00,-3.00,0.00,44.9,124.22,634.89,257.65,SEARCH_Y
9.5252,1.0923,0.5024,0.0784,-0.00340,0.17623,-0.03612,0.00,-3.00,0.00,44.9,124.18,634.89,257.65,SEARCH_Y
9.5353,1.0723,-0.0775,0.5384,-0.00340,0.17923,-0.03912,0.00,-3.00,0.00,44.9,124.15,634.89,257.65,SEARCH_Y
9.5454,1.1323,0.4224,0.0884,-0.00040,0.17123,-0.03412,0.00,-3.00,0.00,44.9,124.12,634.89,257.65,SEARCH_Y
9.5555,1.0823,0.4324,-0.0115,-0.01040,0.16723,-0.03612,0.00,-3.00,0.00,44.9,124.09,634.89,257.64,SEARCH_Y
9.5656,1.1223,0.1424,0.1884,0.00159,0.17323,-0.03712,0.00,-3.00,0.00,44.9,124.06,634.89,257.64,SEARCH_Y
9.5757,1.0623,-0.0775,0.4984,0.00359,0.18223,-0.03812,0.00,-3.00,0.00,44.9,124.03,634.89,257.64,SEARCH_Y
9.5858,1.2323,0.0324,0.4884,-0.00440,0.15923,-0.03312,0.00,-3.00,0.00,44.9,124.00,634.89,257.64,SEARCH_Y
9.5959,1.5123,0.1324,-0.0515,0.00959,0.16223,-0.03712,0.00,-3.00,0.00,44.9,123.97,634.88,257.64,SEARCH_Y
9.6060,1.1223,0.3924,0.1384,0.00559,0.16723,-0.03312,0.00,-3.00,0.00,44.9,123.94,634.88,257.64,SEARCH_Y
9.6161,1.1123,0.2724,0.1484,-0.01640,0.15523,-0.03512,0.00,-3.00,0.00,44.9,123.91,634.88,257.64,SEARCH_Y
9.6262,0.9923,0.2424,0.2084,0.00459,0.17623,-0.03212,0.00,-3.00,0.00,44.9,123.88,634.88,257.64,SEARCH_Y
9.6363,1.1723,0.1024,0.1484,0.00359,0.16723,-0.03612,0.00,-3.00,0.00,44.9,123.85,634.88,257.64,SEARCH_Y
9.6464,1.3023,0.1724,0.3984,0.02259,0.18123,-0.03412,0.00,-3.00,0.00,44.9,123.82,634.88,257.64,SEARCH_Y
9.6565,0.9623,0.3524,-0.0415,-0.00340,0.16723,-0.03512,0.00,-3.00,0.00,44.9,123.79,634.88,257.64,SEARCH_Y
9.6666,1.2023,0.3424,0.1984,-0.00040,0.17223,-0.03812,0.00,-3.00,0.00,44.9,123.76,634.88,257.64,SEARCH_Y
9.6767,0.9623,-0.1575,0.5584,-0.01240,0.18123,-0.03512,0.00,-3.00,0.00,44.9,123.73,634.88,257.64,SEARCH_Y
9.6868,1.1323,-0.1075,0.1484,0.00359,0.16723,-0.03512,0.00,-3.00,0.00,44.9,123.70,634.88,257.64,SEARCH_Y
9.6969,1.0523,0.3324,0.1884,-0.00540,0.17723,-0.03612,0.00,-3.00,0.00,44.9,123.67,634.88,257.64,SEARCH_Y
9.7070,0.9823,0.3924,0.0284,-0.01040,0.16923,-0.03112,0.00,-3.00,0.00,44.9,123.64,634.87,257.64,SEARCH_Y
9.7171,1.0423,0.0924,0.4084,0.00059,0.17523,-0.03912,0.00,-3.00,0.00,44.9,123.61,634.87,257.64,SEARCH_Y
9.7272,1.0423,-0.0775,-0.0315,-0.00440,0.16723,-0.03612,0.00,-3.00,0.00,44.9,123.58,634.87,257.64,SEARCH_Y
9.7373,1.0323,-0.1075,0.3484,-0.00640,0.17623,-0.03412,0.00,-3.00,0.00,44.9,123.55,634.87,257.64,SEARCH_Y
9.7474,1.2423,0.2424,-0.1915,-0.00040,0.15123,-0.03512,0.00,-3.00,0.00,44.9,123.51,634.87,257.64,SEARCH_Y
9.7575,1.2523,0.5124,-0.1715,0.01459,0.16323,-0.03312,0.00,-3.00,0.00,44.9,123.49,634.87,257.64,SEARCH_Y
9.7676,0.9123,0.2724,-0.0815,-0.01440,0.16223,-0.03212,0.00,-3.00,0.00,44.9,123.45,634.87,257.64,SEARCH_Y
9.7777,1.1923,-0.1475,0.2384,0.00459,0.16223,-0.03312,0.00,-3.00,0.00,44.9,123.43,634.87,257.64,SEARCH_Y
9.7878,1.0123,0.2424,0.0084,-0.00540,0.15923,-0.03212,0.00,-3.00,0.00,44.9,123.39,634.87,257.64,SEARCH_Y
9.7979,1.2023,0.3224,-0.2715,0.01159,0.15923,-0.03112,0.00,-3.00,0.00,44.9,123.37,634.87,257.64,SEARCH_Y
9.8080,0.9423,0.5524,-0.3115,-0.01840,0.15123,-0.03012,0.00,-3.00,0.00,44.9,123.33,634.87,257.64,SEARCH_Y
9.8181,1.1723,0.0624,0.3184,-0.00440,0.16123,-0.03512,0.00,-3.00,0.00,44.9,123.30,634.87,257.64,SEARCH_Y
9.8282,1.2223,0.1024,-0.0215,-0.00140,0.16223,-0.03212,0.00,-3.00,0.00,44.9,123.27,634.86,257.64,SEARCH_Y
9.8383,0.8323,0.0324,0.0984,-0.02840,0.15423,-0.03212,0.00,-3.00,0.00,44.9,123.24,634.86,257.64,SEARCH_Y
9.8484,0.9323,0.1124,-0.0515,0.00359,0.17423,-0.03512,0.00,-3.00,0.00,44.9,123.21,634.86,257.64,SEARCH_Y
9.8585,1.0823,0.3124,0.1284,-0.01040,0.16523,-0.03212,0.00,-3.00,0.00,44.9,123.18,634.86,257.64,SEARCH_Y
9.8686,1.1423,0.1124,-0.0815,-0.01040,0.14923,-0.03412,0.00,-3.00,0.00,44.9,123.15,634.86,257.64,SEARCH_Y
9.8787,1.0923,0.1224,0.0584,-0.02340,0.13623,-0.03512,0.00,-3.00,0.00,44.9,123.12,634.86,257.64,SEARCH_Y
9.8888,0.9423,-0.1775,0.4084,-0.00540,0.16323,-0.03312,0.00,-3.00,0.00,44.9,123.09,634.86,257.64,SEARCH_Y
9.8989,1.0923,-0.1775,0.3184,0.02159,0.17723,-0.03812,0.00,-3.00,0.00,44.9,123.06,634.86,257.64,SEARCH_Y
9.9090,1.0023,0.1624,0.1984,0.00259,0.17023,-0.03312,0.00,-3.00,0.00,44.9,123.03,634.86,257.64,SEARCH_Y
9.9191,0.8223,-0.0375,0.2384,-0.01640,0.15923,-0.03312,0.00,-3.00,0.00,44.9,123.00,634.86,257.64,SEARCH_Y
9.9292,1.1023,-0.0675,0.4084,0.00159,0.16823,-0.03612,0.00,-3.00,0.00,44.9,122.97,634.86,257.64,SEARCH_Y
9.9393,1.1623,0.2524,0.3284,0.00659,0.16223,-0.03212,0.00,-3.00,0.00,44.9,122.94,634.85,257.64,SEARCH_Y
9.9494,1.1023,0.0924,0.3584,0.00059,0.15723,-0.03112,0.00,-3.00,0.00,44.9,122.91,634.85,257.64,SEARCH_Y
9.9595,1.1523,-0.0175,0.4684,-0.00340,0.16623,-0.03512,0.00,-3.00,0.00,44.9,122.87,634.85,257.64,SEARCH_Y
9.9696,0.7823,0.1624,-0.0315,-0.00840,0.16423,-0.02912,0.00,-3.00,0.00,44.9,122.85,634.85,257.64,SEARCH_Y
9.9797,0.9623,0.1624,0.0884,-0.00240,0.15723,-0.03212,0.00,-3.00,0.00,44.9,122.81,634.85,257.64,SEARCH_Y
9.9898,1.0623,0.1924,0.3084,0.01359,0.16823,-0.03412,0.00,-3.00,0.00,44.9,122.79,634.85,257.64,SEARCH_Y
9.9999,1.3123,0.2324,0.1284,0.01059,0.16023,-0.03312,0.00,-3.00,0.00,44.9,122.75,634.85,257.64,SEARCH_Y
10.0100,1.0623,0.0424,0.3084,-0.00640,0.15823,-0.03212,0.00,-3.00,0.00,44.9,122.73,634.85,257.64,SEARCH_Y
10.0201,1.2023,0.1224,-0.0415,0.01359,0.15023,-0.03312,0.00,-3.00,0.00,45.0,122.69,634.85,257.64,SEARCH_Y
10.0302,1.0823,0.4124,-0.2415,-0.00340,0.14223,-0.02912,0.00,-3.00,0.00,45.0,122.67,634.85,257.64,SEARCH_Y
10.0403,1.0423,0.3724,-0.2115,0.00359,0.15423,-0.03012,0.00,-3.00,0.00,45.0,122.63,634.85,257.64,SEARCH_Y
10.0504,0.9223,-0.0575,0.5184,-0.00140,0.17223,-0.03312,0.00,-3.00,0.00,45.0,122.61,634.85,257.64,SEARCH_Y
10.0605,1.1123,0.2324,0.1084,0.00059,0.16023,-0.03212,0.00,-3.00,0.00,45.0,122.57,634.84,257.64,SEARCH_Y
10.0706,0.8523,0.2524,0.2184,-0.01040,0.15223,-0.03112,0.00,-3.00,0.00,45.0,122.55,634.84,257.64,SEARCH_Y
10.0807,1.1423,0.1424,0.2384,0.01059,0.16323,-0.03412,0.00,-3.00,0.00,45.0,122.51,634.84,257.64,SEARCH_Y
10.0908,1.0523,0.0524,0.2884,0.00859,0.15523,-0.02912,0.00,-3.00,0.00,45.0,122.49,634.84,257.64,SEARCH_Y
10.1009,1.1023,0.0124,0.2684,0.00859,0.15523,-0.03212,0.00,-3.00,0.00,45.0,122.45,634.84,257.64,SEARCH_Y
10.1110,0.9823,0.3724,-0.1415,-0.00140,0.15723,-0.02812,0.00,-3.00,0.00,45.0,122.43,634.84,257.64,SEARCH_Y
10.1211,0.9423,0.3424,-0.1015,-0.01740,0.15123,-0.02812,0.00,-3.00,0.00,45.0,122.39,634.84,257.64,SEARCH_Y
10.1312,1.0723,-0.1475,0.5184,-0.00240,0.15623,-0.03512,0.00,-3.00,0.00,45.0,122.37,634.84,257.64,SEARCH_Y
10.1413,0.8823,-0.0375,0.4984,-0.01740,0.15923,-0.03212,0.00,-3.00,0.00,45.0,122.33,634.84,257.64,SEARCH_Y
10.1514,0.9623,0.2024,-0.2115,-0.01040,0.14323,-0.02812,0.00,-3.00,0.00,45.0,122.29,634.84,257.64,SEARCH_Y
10.1615,1.1523,0.3424,0.1984,-0.01340,0.14523,-0.02812,0.00,-3.00,0.00,45.0,122.27,634.84,257.64,SEARCH_Y
10.1716,0.7623,0.4524,-0.2315,-0.02340,0.14623,-0.02912,0.00,-3.00,0.00,45.0,122.23,634.83,257.64,SEARCH_Y
10.1817,1.0023,0.0224,0.3284,-0.00040,0.16323,-0.03112,0.00,-3.00,0.00,45.0,122.21,634.83,257.64,SEARCH_Y
10.1918,1.2423,0.2324,0.3084,0.01359,0.15923,-0.03212,0.00,-3.00,0.00,45.0,122.17,634.83,257.64,SEARCH_Y
10.2019,1.0023,0.3224,-0.2515,-0.00940,0.14523,-0.03012,0.00,-3.00,0.00,45.0,122.15,634.83,257.64,SEARCH_Y
10.2120,0.9923,0.0224,0.0284,-0.00040,0.15623,-0.03312,0.00,-3.00,0.00,45.0,122.11,634.83,257.64,SEARCH_Y
10.2221,1.0623,0.0424,0.1984,0.01059,0.15323,-0.02612,0.00,-3.00,0.00,45.0,122.09,634.83,257.64,SEARCH_Y
10.2322,0.8423,0.2424,0.0184,-0.01140,0.14923,-0.02912,0.00,-3.00,0.00,45.0,122.05,634.83,257.64,SEARCH_Y
10.2423,0.9023,-0.0575,0.3884,0.00259,0.16023,-0.03412,0.00,-3.00,0.00,45.0,122.03,634.83,257.63,SEARCH_Y
10.2524,1.0623,0.0324,0.0884,-0.00140,0.15323,-0.03212,0.00,-3.00,0.00,45.0,121.99,634.83,257.63,SEARCH_Y
10.2625,1.0723,-0.0075,0.3384,0.00959,0.16123,-0.03012,0.00,-3.00,0.00,45.0,121.97,634.83,257.63,SEARCH_Y
10.2726,0.8323,0.1924,0.0884,0.00159,0.15923,-0.03212,0.00,-3.00,0.00,45.0,121.93,634.83,257.63,SEARCH_Y
10.2827,0.9423,0.1624,0.2684,-0.00540,0.16723,-0.03212,0.00,-3.00,0.00,45.0,121.91,634.83,257.63,SEARCH_Y
10.2928,1.0323,0.1424,0.1484,0.01359,0.15823,-0.03212,0.00,-3.00,0.00,45.0,121.87,634.82,257.63,SEARCH_Y
10.3029,0.9623,0.1324,0.0284,-0.00040,0.15723,-0.02912,0.00,-3.00,0.00,45.0,121.85,634.82,257.63,SEARCH_Y
10.3130,0.9223,0.2224,0.0284,-0.00240,0.15323,-0.02912,0.00,-3.00,0.00,45.0,121.81,634.82,257.63,SEARCH_Y
10.3231,1.0123,0.1224,-0.0015,-0.00140,0.16223,-0.03312,0.00,-3.00,0.00,45.0,121.79,634.82,257.63,SEARCH_Y
10.3332,0.8123,0.0424,0.3884,-0.00340,0.15023,-0.02712,0.00,-3.00,0.00,45.0,121.75,634.82,257.63,SEARCH_Y
10.3433,1.1823,0.0224,0.2884,0.01659,0.15523,-0.03012,0.00,-3.00,0.00,45.0,121.72,634.82,257.63,SEARCH_Y
10.3534,0.9223,0.1324,0.0684,0.01159,0.16223,-0.02812,0.00,-3.00,0.00,45.0,121.69,634.82,257.63,SEARCH_Y
10.3635,0.9623,0.1024,0.0784,0.00959,0.15623,-0.03112,0.00,-3.00,0.00,45.0,121.66,634.82,257.63,SEARCH_Y
10.3736,0.9523,0.1324,0.1284,-0.00640,0.14223,-0.02912,0.00,-3.00,0.00,45.0,121.63,634.82,257.63,SEARCH_Y
10.3837,1.1523,0.0624,0.1884,0.02159,0.15923,-0.02912,0.00,-3.00,0.00,45.0,121.60,634.82,257.63,SEARCH_Y
10.3939,0.9723,0.2524,-0.1515,0.01259,0.15623,-0.03112,0.00,-3.00,0.00,45.0,121.57,634.82,257.63,SEARCH_Y
10.4040,1.0723,0.1124,0.1284,0.00659,0.15023,-0.02812,0.00,-3.00,0.00,45.0,121.53,634.81,257.63,SEARCH_Y
10.4141,0.8523,0.5124,-0.2015,-0.01340,0.15123,-0.02812,0.00,-3.00,0.00,45.0,121.51,634.81,257.63,SEARCH_Y
10.4242,1.0223,0.2224,-0.1415,-0.00640,0.15123,-0.03012,0.00,-3.00,0.00,45.0,121.47,634.81,257.63,SEARCH_Y
10.4343,1.0023,0.2024,-0.2815,0.00059,0.14523,-0.03012,0.00,-3.00,0.00,45.1,121.45,634.81,257.63,SEARCH_Y
10.4444,1.1223,0.3724,-0.0715,0.01059,0.15123,-0.03012,0.00,-3.00,0.00,45.1,121.41,634.81,257.63,SEARCH_Y
10.4545,0.9423,0.0224,-0.1215,0.00159,0.14823,-0.02812,0.00,-3.00,0.00,45.1,121.39,634.81,257.63,SEARCH_Y
10.4646,1.0523,0.0324,0.0384,-0.00140,0.14823,-0.03212,0.00,-3.00,0.00,45.1,121.35,634.81,257.63,SEARCH_Y
10.4747,0.8023,0.3824,0.3484,-0.01240,0.15423,-0.02912,0.00,-3.00,0.00,45.1,121.33,634.81,257.63,SEARCH_Y
10.4848,0.8423,-0.0275,0.0184,-0.01240,0.14823,-0.02812,0.00,-3.00,0.00,45.1,121.29,634.81,257.63,SEARCH_Y
10.4948,1.0123,-0.0975,0.1684,0.00259,0.15123,-0.03212,0.00,-3.00,0.00,45.1,121.27,634.81,257.63,SEARCH_Y
10.5049,0.9223,0.1324,0.0684,0.01159,0.15723,-0.03312,0.00,-3.00,0.00,45.1,121.23,634.81,257.63,SEARCH_Y
10.5150,0.9323,0.1924,0.1284,-0.00340,0.14623,-0.03012,0.00,-3.00,0.00,45.1,121.21,634.80,257.63,SEARCH_Y
10.5251,0.8623,0.2524,0.1884,-0.00740,0.15423,-0.03012,0.00,-3.00,0.00,45.1,121.17,634.80,257.63,SEARCH_Y
10.5351,1.0123,0.2124,-0.0515,0.01459,0.14723,-0.02712,0.00,-3.00,0.00,45.1,121.15,634.80,257.63,SEARCH_Y
10.5452,0.9423,0.1024,-0.0615,-0.00840,0.14723,-0.03112,0.00,-3.00,0.00,45.1,121.11,634.80,257.63,SEARCH_Y
10.5553,0.8223,0.2824,-0.1015,-0.01140,0.14723,-0.02612,0.00,-3.00,0.00,45.1,121.08,634.80,257.63,SEARCH_Y
10.5654,0.9923,0.1524,0.0584,-0.00940,0.14423,-0.03012,0.00,-3.00,0.00,45.1,121.05,634.80,257.63,SEARCH_Y
10.5756,1.0723,-0.0675,0.3284,0.01059,0.15523,-0.03012,0.00,-3.00,0.00,45.1,121.02,634.80,257.63,SEARCH_Y
10.5857,0.9523,0.1724,-0.0515,0.00059,0.14423,-0.02512,0.00,-3.00,0.00,45.1,120.99,634.80,257.63,SEARCH_Y
10.5958,1.0323,0.0524,0.1684,0.00959,0.15123,-0.02812,0.00,-3.00,0.00,45.1,120.96,634.80,257.63,SEARCH_Y
10.6059,0.9923,0.0924,0.0684,0.00459,0.14723,-0.03012,0.00,-3.00,0.00,45.1,120.93,634.80,257.63,SEARCH_Y
10.6160,0.7123,0.1524,0.1684,-0.02540,0.15123,-0.02912,0.00,-3.00,0.00,45.1,120.90,634.80,257.63,SEARCH_Y
10.6261,0.9823,0.1224,-0.1515,-0.00940,0.13923,-0.03112,0.00,-3.00,0.00,45.1,120.87,634.80,257.63,SEARCH_Y
10.6362,0.9623,0.3624,0.0384,0.00259,0.14923,-0.02912,0.00,-3.00,0.00,45.1,120.84,634.79,257.63,SEARCH_Y
10.6463,1.1023,0.2924,0.0184,0.01859,0.14623,-0.02912,0.00,-3.00,0.00,45.1,120.81,634.79,257.63,SEARCH_Y
10.6564,1.0823,0.0524,0.3484,0.00459,0.15123,-0.03012,0.00,-3.00,0.00,45.1,120.78,634.79,257.63,SEARCH_Y
10.6665,1.0523,-0.2075,0.2584,0.00659,0.15023,-0.03112,0.00,-3.00,0.00,45.1,120.75,634.79,257.63,SEARCH_Y
10.6766,1.0923,0.3124,0.0484,0.00459,0.14623,-0.02512,0.00,-3.00,0.00,45.1,120.72,634.79,257.63,SEARCH_Y
10.6867,0.8523,0.5224,-0.1315,-0.00340,0.14223,-0.02112,0.00,-3.00,0.00,45.1,120.69,634.79,257.63,SEARCH_Y
10.6968,1.0223,-0.1275,0.2284,0.01559,0.16023,-0.03412,0.00,-3.00,0.00,45.1,120.66,634.79,257.63,SEARCH_Y
10.7069,0.9523,0.2124,0.2084,-0.00040,0.14323,-0.02512,0.00,-3.00,0.00,45.1,120.63,634.79,257.63,SEARCH_Y
10.7170,0.8023,-0.0975,0.1284,-0.02040,0.13923,-0.03112,0.00,-3.00,0.00,45.1,120.60,634.79,257.63,SEARCH_Y
10.7271,1.0123,0.2024,0.0484,0.02059,0.14823,-0.02912,0.00,-3.00,0.00,45.1,120.57,634.79,257.63,SEARCH_Y
10.7372,0.8923,0.3324,0.0184,0.01759,0.16223,-0.02912,0.00,-3.00,0.00,45.1,120.54,634.79,257.63,SEARCH_Y
10.7473,0.8523,0.3624,0.0984,-0.00340,0.15123,-0.03012,0.00,-3.00,0.00,45.1,120.51,634.78,257.63,SEARCH_Y
10.7573,1.1423,-0.0875,0.3584,0.01959,0.15223,-0.03112,0.00,-3.00,0.00,45.2,120.48,634.78,257.63,SEARCH_Y
10.7674,0.8423,0.3324,-0.0615,0.00559,0.15123,-0.02912,0.00,-3.00,0.00,45.2,120.44,634.78,257.63,SEARCH_Y
10.7776,0.8623,0.2124,0.4684,-0.00840,0.14923,-0.02812,0.00,-3.00,0.00,45.2,120.42,634.78,257.63,SEARCH_Y
10.7877,0.9523,-0.0575,0.3684,0.01059,0.15723,-0.02912,0.00,-3.00,0.00,45.2,120.38,634.78,257.63,SEARCH_Y
10.7978,0.6423,0.0724,0.3284,-0.02140,0.14223,-0.02712,0.00,-3.00,0.00,45.2,120.35,634.78,257.63,SEARCH_Y
10.8079,0.8623,0.0424,0.1684,0.00659,0.15323,-0.02812,0.00,-3.00,0.00,45.2,120.32,634.78,257.63,SEARCH_Y
10.8180,1.0223,0.7324,-0.2715,0.00459,0.14623,-0.02312,0.00,-3.00,0.00,45.2,120.29,634.78,257.63,SEARCH_Y
10.8281,0.9423,0.2024,0.0184,-0.01140,0.14123,-0.02612,0.00,-3.00,0.00,45.2,120.26,634.78,257.63,SEARCH_Y
10.8382,0.7323,-0.1275,0.3684,-0.00440,0.14523,-0.02912,0.00,-3.00,0.00,45.2,120.23,634.78,257.63,SEARCH_Y
10.8483,1.0123,-0.0075,0.0684,0.01459,0.14023,-0.02812,0.00,-3.00,0.00,45.2,120.20,634.78,257.63,SEARCH_Y
10.8584,0.9823,0.2824,-0.1515,-0.00040,0.13523,-0.02712,0.00,-3.00,0.00,45.2,120.17,634.78,257.63,SEARCH_Y
10.8685,1.0923,-0.1375,0.1084,0.02159,0.14823,-0.02812,0.00,-3.00,0.00,45.2,120.14,634.77,257.63,SEARCH_Y
10.8786,0.9623,0.0224,0.4384,0.00059,0.15023,-0.02712,0.00,-3.00,0.00,45.2,120.11,634.77,257.63,SEARCH_Y
10.8887,1.0223,0.1324,-0.1015,0.01559,0.14023,-0.02512,0.00,-3.00,0.00,45.2,120.08,634.77,257.63,SEARCH_Y
10.8988,0.8523,-0.2075,0.3084,0.00159,0.15323,-0.03012,0.00,-3.00,0.00,45.2,120.05,634.77,257.63,SEARCH_Y
10.9089,0.9523,0.3724,-0.1615,-0.00140,0.13923,-0.02712,0.00,-3.00,0.00,45.2,120.02,634.77,257.63,SEARCH_Y
10.9190,1.0623,0.3724,0.0984,0.00359,0.14223,-0.02912,0.00,-3.00,0.00,45.2,119.99,634.77,257.63,SEARCH_Y
10.9291,0.9823,0.2724,-0.1815,0.00559,0.13223,-0.02712,0.00,-3.00,0.00,45.2,119.96,634.77,257.62,SEARCH_Y
10.9392,1.0123,0.3524,-0.0615,0.01159,0.14023,-0.02812,0.00,-3.00,0.00,45.2,119.92,634.77,257.62,SEARCH_Y
10.9493,0.8723,0.2824,0.0284,0.01059,0.14323,-0.02712,0.00,-3.00,0.00,45.2,119.90,634.77,257.62,SEARCH_Y
10.9594,0.8723,0.4124,-0.1315,0.00059,0.14123,-0.02712,0.00,-3.00,0.00,45.2,119.86,634.77,257.62,SEARCH_Y
10.9695,0.9123,0.2924,-0.1115,0.01559,0.15023,-0.02812,0.00,-3.00,0.00,45.2,119.84,634.77,257.62,SEARCH_Y
10.9796,0.8423,-0.1875,0.3784,0.00259,0.14523,-0.03012,0.00,-3.00,0.00,45.2,119.80,634.76,257.62,SEARCH_Y
10.9898,0.8023,0.1824,0.1584,-0.00540,0.14223,-0.02612,0.00,-3.00,0.00,45.2,119.78,634.76,257.62,SEARCH_Y
10.9999,0.8623,0.6224,-0.2915,-0.00540,0.13223,-0.02212,0.00,-3.00,0.00,45.2,119.74,634.76,257.62,SEARCH_Y
11.0100,0.7923,-0.1075,0.5184,0.00259,0.15423,-0.03012,0.00,-3.00,0.00,45.2,119.72,634.76,257.62,SEARCH_Y
11.0201,1.1323,0.3224,-0.2315,0.00259,0.13923,-0.02512,0.00,-3.00,0.00,45.3,119.68,634.76,257.62,SEARCH_Y
11.0302,0.9623,0.1624,0.1784,-0.01840,0.13023,-0.02612,0.00,-3.00,0.00,45.3,119.66,634.76,257.62,SEARCH_Y
11.0403,0.9723,-0.0775,0.2884,0.00859,0.14823,-0.03112,0.00,-3.00,0.00,45.3,119.62,634.76,257.62,SEARCH_Y
11.0504,0.9923,0.0924,-0.1815,0.01959,0.15023,-0.02912,0.00,-3.00,0.00,45.3,119.60,634.76,257.62,SEARCH_Y
11.0605,0.9223,-0.0575,0.1884,0.00759,0.15223,-0.03112,0.00,-3.00,0.00,45.3,119.56,634.76,257.62,SEARCH_Y
11.0706,0.9123,0.1024,0.0784,0.00759,0.14823,-0.02712,0.00,-3.00,0.00,45.3,119.54,634.76,257.62,SEARCH_Y
11.0807,0.8123,0.2324,0.1784,-0.00440,0.14323,-0.02712,0.00,-3.00,0.00,45.3,119.50,634.76,257.62,SEARCH_Y
11.0908,0.9423,0.1724,0.0184,-0.01640,0.13123,-0.02612,0.00,-3.00,0.00,45.3,119.48,634.76,257.62,SEARCH_Y
11.1009,0.9223,0.0724,0.0584,0.00059,0.14523,-0.02712,0.00,-3.00,0.00,45.3,119.44,634.75,257.62,SEARCH_Y
11.1110,0.8823,0.1824,-0.0315,0.01759,0.14923,-0.02512,0.00,-3.00,0.00,45.3,119.42,634.75,257.62,SEARCH_Y
11.1211,0.8223,0.0224,0.0084,-0.01540,0.13723,-0.02712,0.00,-3.00,0.00,45.3,119.38,634.75,257.62,SEARCH_Y
11.1312,0.7223,0.1324,0.0084,-0.01540,0.13523,-0.02612,0.00,-3.00,0.00,45.3,119.36,634.75,257.62,SEARCH_Y
11.1412,0.8823,0.1224,0.1884,0.00859,0.14523,-0.03012,0.00,-3.00,0.00,45.3,119.32,634.75,257.62,SEARCH_Y
11.1514,0.9823,0.0024,0.3284,0.01359,0.15023,-0.02612,0.00,-3.00,0.00,45.3,119.28,634.75,257.62,SEARCH_Y
11.1614,0.9723,0.3224,0.1084,0.01559,0.14823,-0.02812,0.00,-3.00,0.00,45.3,119.26,634.75,257.62,SEARCH_Y
11.1715,1.0023,0.0024,0.1284,0.00759,0.13423,-0.02612,0.00,-3.00,0.00,45.3,119.22,634.75,257.62,SEARCH_Y
11.1816,0.9023,0.3724,-0.0815,0.01259,0.14023,-0.02312,0.00,-3.00,0.00,45.3,119.20,634.75,257.62,SEARCH_Y
11.1917,0.8223,-0.0775,0.3784,-0.00640,0.14023,-0.02912,0.00,-3.00,0.00,45.3,119.16,634.75,257.62,SEARCH_Y
11.2019,0.8323,0.2624,-0.0715,-0.01340,0.12823,-0.02812,0.00,-3.00,0.00,45.3,119.14,634.75,257.62,SEARCH_Y
11.2119,1.0323,0.2124,0.0184,0.01659,0.14023,-0.02912,0.00,-3.00,0.00,45.3,119.10,634.74,257.62,SEARCH_Y
11.2220,0.8823,0.5224,0.0184,-0.01240,0.13223,-0.02412,0.00,-3.00,0.00,45.3,119.08,634.74,257.62,SEARCH_Y
11.2321,1.1523,-0.0575,0.1984,0.01659,0.14223,-0.02912,0.00,-3.00,0.00,45.3,119.04,634.74,257.62,SEARCH_Y
11.2422,1.0123,0.3624,-0.0015,-0.00640,0.14323,-0.03312,0.00,-3.00,0.00,45.3,119.02,634.74,257.62,SEARCH_Y
11.2523,0.9023,0.1624,0.2884,-0.02040,0.14123,-0.02812,0.00,-3.00,0.00,45.3,118.98,634.74,257.62,SEARCH_Y
11.2624,0.9523,-0.0075,0.2284,-0.00340,0.15323,-0.03212,0.00,-3.00,0.00,45.4,118.96,634.74,257.62,SEARCH_Y
11.2725,0.8023,0.3224,0.3484,-0.03040,0.14323,-0.03212,0.00,-3.00,0.00,45.4,118.92,634.74,257.62,SEARCH_Y
11.2826,0.8023,0.6124,-0.1415,-0.02640,0.13423,-0.02612,0.00,-3.00,0.00,45.4,118.90,634.74,257.62,SEARCH_Y
11.2926,0.7023,0.4224,0.2284,-0.03440,0.13523,-0.03012,0.00,-3.00,0.00,45.4,118.86,634.74,257.62,SEARCH_Y
11.3028,0.9223,0.6224,-0.1715,-0.04840,0.12123,-0.03012,0.00,-3.00,0.00,45.4,118.84,634.74,257.62,SEARCH_Y
11.3129,0.7823,0.4924,0.1484,-0.05940,0.12623,-0.03012,0.00,-3.00,0.00,45.4,118.80,634.74,257.62,SEARCH_Y
11.3230,0.9023,0.3624,0.2284,-0.05640,0.12923,-0.03612,0.00,-3.00,0.00,45.4,118.78,634.73,257.62,SEARCH_Y
11.3331,0.7423,0.7024,-0.0615,-0.06940,0.12823,-0.03012,0.00,-3.00,0.00,45.4,118.74,634.73,257.62,SEARCH_Y
11.3432,0.9223,0.8824,-0.2315,-0.06340,0.12323,-0.03512,0.00,-3.00,0.00,45.4,118.72,634.73,257.62,SEARCH_Y
11.3533,1.0323,0.5524,0.2684,-0.07040,0.12823,-0.03912,0.00,-3.00,0.00,45.4,118.68,634.73,257.62,SEARCH_Y
11.3634,0.7623,0.7324,0.2084,-0.10740,0.11323,-0.03612,0.00,-3.00,0.00,45.4,118.65,634.73,257.62,SEARCH_Y
11.3735,0.8223,0.8624,0.0684,-0.08440,0.12623,-0.03312,0.00,-3.00,0.00,45.4,118.61,634.73,257.62,SEARCH_Z
11.3836,0.8023,0.8124,0.0084,-0.08640,0.13423,-0.03312,0.00,0.00,3.00,45.4,118.58,634.73,257.62,SEARCH_Z
11.3937,1.1423,0.2824,0.1284,-0.06540,0.12623,-0.03912,0.00,0.00,3.00,45.4,118.56,634.73,257.62,SEARCH_Z
11.4038,0.9023,0.7624,-0.0015,-0.06340,0.13623,-0.03312,0.00,0.00,3.00,45.4,118.53,634.73,257.62,SEARCH_Z
11.4139,0.9923,0.5924,-0.0315,-0.05740,0.13223,-0.03712,0.00,0.00,3.00,45.4,118.51,634.74,257.62,SEARCH_Z
11.4240,1.0923,0.1624,0.2184,-0.03140,0.14723,-0.03912,0.00,0.00,3.00,45.4,118.49,634.75,257.62,SEARCH_Z
11.4341,0.9923,0.5424,0.0084,-0.05940,0.12823,-0.03512,0.00,0.00,3.00,45.4,118.47,634.76,257.62,SEARCH_Z
11.4442,0.8723,0.2724,-0.0315,-0.04540,0.14023,-0.03412,0.00,0.00,3.00,45.4,118.45,634.77,257.62,SEARCH_Z
11.4543,1.0223,0.3524,-0.0315,-0.02740,0.14323,-0.03512,0.00,0.00,3.00,45.4,118.44,634.79,257.62,SEARCH_Z
11.4644,0.9123,0.1324,0.2084,-0.02340,0.14423,-0.03412,0.00,0.00,3.00,45.4,118.43,634.81,257.62,SEARCH_Z
11.4745,1.1823,0.1924,0.2084,-0.00340,0.14623,-0.03412,0.00,0.00,3.00,45.4,118.42,634.83,257.62,SEARCH_Z
11.4846,0.8823,-0.0175,0.2384,-0.03340,0.14023,-0.03112,0.00,0.00,3.00,45.4,118.41,634.86,257.62,SEARCH_Z
11.4947,0.9823,0.0824,0.1784,0.00059,0.14023,-0.03212,0.00,0.00,3.00,45.4,118.41,634.88,257.62,SEARCH_Z
11.5048,1.1123,0.5424,-0.2415,0.00159,0.13323,-0.03112,0.00,0.00,3.00,45.4,118.41,634.91,257.62,SEARCH_Z
11.5149,0.9623,0.2124,0.2984,-0.00540,0.14923,-0.03012,0.00,0.00,3.00,45.4,118.41,634.94,257.63,SEARCH_Z
11.5250,0.9723,-0.2875,0.3884,0.00059,0.14923,-0.03612,0.00,0.00,3.00,45.4,118.41,634.97,257.63,SEARCH_Z
11.5351,0.8123,0.1024,0.4184,-0.01640,0.14523,-0.03012,0.00,0.00,3.00,45.4,118.40,635.00,257.63,SEARCH_Z
11.5452,1.0723,0.3924,-0.2215,-0.02040,0.13023,-0.02812,0.00,0.00,3.00,45.4,118.40,635.03,257.63,SEARCH_Z
11.5553,0.9923,0.4924,-0.1215,-0.00640,0.13623,-0.02812,0.00,0.00,3.00,45.4,118.40,635.06,257.63,SEARCH_Z
11.5654,1.0023,0.2924,-0.3215,0.00959,0.13623,-0.03012,0.00,0.00,3.00,45.4,118.40,635.09,257.63,SEARCH_Z
11.5755,0.7223,0.2724,0.0484,-0.02540,0.11723,-0.02312,0.00,0.00,3.00,45.4,118.40,635.13,257.63,SEARCH_Z
11.5856,1.0323,0.2624,0.0984,0.00659,0.12223,-0.02512,0.00,0.00,3.00,45.4,118.40,635.15,257.63,SEARCH_Z
11.5957,0.8823,0.4324,-0.1915,0.00059,0.10723,-0.01512,0.00,0.00,3.00,45.4,118.40,635.19,257.63,SEARCH_Z
11.6058,0.7923,0.2824,-0.0615,-0.00340,0.10923,-0.01712,0.00,0.00,3.00,45.4,118.40,635.21,257.64,SEARCH_Z
11.6159,0.9023,-0.1475,0.2684,0.00859,0.12123,-0.01712,0.00,0.00,3.00,45.4,118.40,635.25,257.64,SEARCH_Z
11.6260,0.6623,0.3924,-0.1115,-0.00640,0.10423,-0.01912,0.00,0.00,3.00,45.4,118.39,635.27,257.64,SEARCH_Z
11.6361,0.8723,-0.0575,-0.2515,0.00759,0.10723,-0.02012,0.00,0.00,3.00,45.4,118.39,635.31,257.64,SEARCH_Z
11.6463,0.8223,0.1824,0.0584,0.00759,0.12223,-0.02012,0.00,0.00,3.00,45.4,118.39,635.33,257.64,SEARCH_Z
11.6564,0.8323,0.0524,-0.0615,0.02259,0.11723,-0.02212,0.00,0.00,3.00,45.4,118.39,635.37,257.64,SEARCH_Z
11.6665,0.8923,0.0824,-0.3015,0.00859,0.10823,-0.01912,0.00,0.00,3.00,45.4,118.39,635.39,257.64,SEARCH_Z
11.6766,0.8823,-0.1575,-0.0515,0.02159,0.11323,-0.02412,0.00,0.00,3.00,45.4,118.39,635.43,257.64,SEARCH_Z
11.6867,0.6723,0.0124,0.0584,0.02359,0.14123,-0.02012,0.00,0.00,3.00,45.4,118.39,635.45,257.64,SEARCH_Z
11.6968,0.9223,0.2824,-0.0915,0.01759,0.12523,-0.01912,0.00,0.00,3.00,45.4,118.39,635.49,257.65,SEARCH_Z
11.7069,0.9423,0.0624,0.1084,0.01659,0.12123,-0.02612,0.00,0.00,3.00,45.4,118.39,635.51,257.65,SEARCH_Z
11.7170,0.7323,-0.0675,0.3784,-0.00840,0.12723,-0.02412,0.00,0.00,3.00,45.4,118.38,635.55,257.65,SEARCH_Z
11.7271,0.8523,0.2624,-0.0515,-0.00040,0.12923,-0.02112,0.00,0.00,3.00,45.4,118.38,635.57,257.65,SEARCH_Z
11.7372,0.8723,0.0624,-0.0615,-0.00140,0.11723,-0.02412,0.00,0.00,3.00,45.4,118.38,635.61,257.65,SEARCH_Z
11.7473,0.8523,0.4724,-0.2415,-0.00140,0.11823,-0.02112,0.00,0.00,3.00,45.4,118.38,635.65,257.65,SEARCH_Z
11.7574,0.9823,0.5024,-0.1515,0.00359,0.11923,-0.02012,0.00,0.00,3.00,45.4,118.38,635.67,257.65,SEARCH_Z
11.7675,0.8123,0.0424,0.2184,0.00359,0.13723,-0.02512,0.00,0.00,3.00,45.4,118.38,635.71,257.65,SEARCH_Z
11.7776,1.0223,-0.2675,0.2184,0.00759,0.12223,-0.02812,0.00,0.00,3.00,45.4,118.38,635.73,257.65,SEARCH_Z
11.7877,0.7123,0.1324,-0.1215,-0.01140,0.11523,-0.02712,0.00,0.00,3.00,45.5,118.38,635.77,257.66,SEARCH_Z
11.7978,1.0623,0.1724,-0.0215,0.02759,0.13223,-0.02512,0.00,0.00,3.00,45.5,118.37,635.79,257.66,SEARCH_Z
11.8079,0.7823,0.3524,-0.1915,0.01359,0.14323,-0.02312,0.00,0.00,3.00,45.5,118.37,635.83,257.66,SEARCH_Z
11.8180,0.9123,-0.1775,0.2284,0.00659,0.13223,-0.02812,0.00,0.00,3.00,45.5,118.37,635.85,257.66,SEARCH_Z
11.8281,0.6823,-0.0275,0.1884,0.00359,0.12823,-0.02812,0.00,0.00,3.00,45.5,118.37,635.89,257.66,SEARCH_Z
11.8382,0.9323,-0.2975,0.3784,0.03859,0.14223,-0.02812,0.00,0.00,3.00,45.5,118.37,635.91,257.66,SEARCH_Z
11.8483,0.9323,0.3124,-0.3415,0.01459,0.12623,-0.02512,0.00,0.00,3.00,45.5,118.37,635.95,257.66,SEARCH_Z
11.8584,0.7323,0.1624,0.1584,0.00259,0.13923,-0.02712,0.00,0.00,3.00,45.5,118.37,635.97,257.66,SEARCH_Z
11.8685,0.6323,-0.0675,0.1284,-0.00140,0.13923,-0.02912,0.00,0.00,3.00,45.5,118.37,636.01,257.66,SEARCH_Z
11.8786,0.8823,-0.0275,0.0484,0.00759,0.13523,-0.02612,0.00,0.00,3.00,45.5,118.37,636.03,257.66,SEARCH_Z
11.8887,0.9023,0.0124,0.2884,-0.01640,0.12523,-0.02612,0.00,0.00,3.00,45.5,118.36,636.07,257.67,SEARCH_Z
11.8988,0.8223,0.3024,-0.1215,-0.00040,0.12223,-0.02512,0.00,0.00,3.00,45.5,118.36,636.09,257.67,SEARCH_Z
11.9089,0.9023,-0.0375,0.2484,0.01859,0.14423,-0.02712,0.00,0.00,3.00,45.5,118.36,636.13,257.67,SEARCH_Z
11.9190,0.8123,0.3824,-0.1715,0.00659,0.13023,-0.02612,0.00,0.00,3.00,45.5,118.36,636.15,257.67,SEARCH_Z
11.9291,1.0223,-0.0275,-0.0015,0.03359,0.13923,-0.02812,0.00,0.00,3.00,45.5,118.36,636.19,257.67,SEARCH_Z
11.9392,0.8723,0.0224,0.0684,0.00559,0.13023,-0.03112,0.00,0.00,3.00,45.5,118.36,636.22,257.67,SEARCH_Z
11.9493,1.0023,0.1824,-0.1615,0.01859,0.12823,-0.02612,0.00,0.00,3.00,45.5,118.36,636.25,257.67,SEARCH_Z
11.9594,0.9723,0.4824,-0.0515,0.01859,0.13323,-0.02512,0.00,0.00,3.00,45.5,118.36,636.28,257.67,SEARCH_Z
11.9695,0.9023,0.4224,-0.2415,0.00659,0.12423,-0.02412,0.00,0.00,3.00,45.5,118.36,636.31,257.67,SEARCH_Z
11.9796,1.1423,-0.3575,0.0184,0.01759,0.12623,-0.02612,0.00,0.00,3.00,45.5,118.35,636.34,257.68,SEARCH_Z
11.9897,1.0023,0.3424,-0.3615,0.00059,0.11823,-0.02512,0.00,0.00,3.00,45.5,118.35,636.37,257.68,SEARCH_Z
11.9998,0.8423,-0.0975,0.1384,0.00159,0.12623,-0.02712,0.00,0.00,3.00,45.5,118.35,636.40,257.68,SEARCH_Z
12.0099,0.6623,0.1724,-0.0915,-0.02140,0.12623,-0.02512,0.00,0.00,3.00,45.5,118.35,636.43,257.68,SEARCH_Z
12.0200,0.8623,0.0224,0.0384,0.02259,0.14423,-0.02512,0.00,0.00,3.00,45.5,118.35,636.46,257.68,SEARCH_Z
12.0301,0.7323,-0.2875,0.3184,0.00459,0.14723,-0.03112,0.00,0.00,3.00,45.5,118.35,636.49,257.68,SEARCH_Z
12.0402,1.3023,0.0024,-0.0615,0.01659,0.12623,-0.02512,0.00,0.00,3.00,45.5,118.35,636.52,257.68,SEARCH_Z
12.0503,0.8623,-0.0175,0.2884,0.00659,0.13423,-0.02612,0.00,0.00,3.00,45.5,118.35,636.55,257.68,SEARCH_Z
12.0604,0.9323,0.2224,0.0684,0.01359,0.13723,-0.02712,0.00,0.00,3.00,45.5,118.34,636.58,257.68,SEARCH_Z
12.0705,1.0023,-0.2575,0.2584,0.01259,0.13723,-0.02812,0.00,0.00,3.00,45.5,118.34,636.61,257.69,SEARCH_Z
12.0806,0.9523,-0.0775,0.2284,0.01559,0.14023,-0.03112,0.00,0.00,3.00,45.5,118.34,636.64,257.69,SEARCH_Z
12.0907,0.8923,0.2324,0.1484,0.00159,0.13423,-0.02612,0.00,0.00,3.00,45.5,118.34,636.67,257.69,SEARCH_Z
12.1008,1.0823,0.1324,0.0184,0.00859,0.12723,-0.02712,0.00,0.00,3.00,45.5,118.34,636.70,257.69,SEARCH_Z
12.1109,0.8523,-0.0775,0.2184,-0.01040,0.12523,-0.03012,0.00,0.00,3.00,45.5,118.34,636.73,257.69,SEARCH_Z
12.1210,0.8723,0.3524,-0.1715,0.01859,0.13423,-0.03012,0.00,0.00,3.00,45.5,118.34,636.76,257.69,SEARCH_Z
12.1311,1.0323,-0.0875,0.1284,-0.00140,0.12723,-0.02912,0.00,0.00,3.00,45.5,118.34,636.79,257.69,SEARCH_Z
12.1413,0.8723,0.3624,-0.5315,0.01859,0.12923,-0.02412,0.00,0.00,3.00,45.5,118.34,636.82,257.69,SEARCH_Z
12.1514,0.9423,0.2124,0.0784,-0.00840,0.12023,-0.02312,0.00,0.00,3.00,45.5,118.33,636.86,257.70,SEARCH_Z
12.1614,1.0423,-0.0375,0.0684,0.01159,0.12923,-0.02612,0.00,0.00,3.00,45.5,118.33,636.88,257.70,SEARCH_Z
12.1715,0.7423,0.1024,0.0784,-0.00040,0.14123,-0.02512,0.00,0.00,3.00,45.5,118.33,636.92,257.70,SEARCH_Z
12.1817,1.1223,0.0424,0.1984,0.02359,0.13423,-0.03012,0.00,0.00,3.00,45.5,118.33,636.94,257.70,SEARCH_Z
12.1918,0.6823,-0.0675,0.1584,-0.00940,0.13723,-0.02912,0.00,0.00,3.00,45.5,118.33,636.98,257.70,SEARCH_Z
12.2019,0.8823,-0.2775,0.2884,0.02259,0.14523,-0.02912,0.00,0.00,3.00,45.5,118.33,637.00,257.70,SEARCH_Z
12.2120,0.9323,0.1324,0.0384,0.00959,0.13523,-0.02712,0.00,0.00,3.00,45.5,118.33,637.04,257.70,SEARCH_Z
12.2221,0.8623,-0.2475,0.1384,0.00459,0.13023,-0.03012,0.00,0.00,3.00,45.5,118.33,637.06,257.70,SEARCH_Z
12.2321,0.8823,-0.2775,0.2084,0.00859,0.13723,-0.03012,0.00,0.00,3.00,45.5,118.33,637.10,257.70,SEARCH_Z
12.2423,0.5923,0.2124,0.2484,0.00059,0.14123,-0.02612,0.00,0.00,3.00,45.5,118.32,637.12,257.70,SEARCH_Z
12.2524,0.8523,0.2124,-0.0715,0.00559,0.12323,-0.02512,0.00,0.00,3.00,45.5,118.32,637.16,257.71,SEARCH_Z
12.2625,0.9523,0.3724,-0.2315,0.02359,0.13023,-0.02512,0.00,0.00,3.00,45.5,118.32,637.18,257.71,SEARCH_Z
12.2726,0.8223,-0.1975,0.2184,-0.00140,0.12323,-0.02612,0.00,0.00,3.00,45.5,118.32,637.22,257.71,SEARCH_Z
12.2827,0.9323,0.3324,-0.1515,0.01159,0.12523,-0.02412,0.00,0.00,3.00,45.5,118.32,637.24,257.71,SEARCH_Z
12.2928,0.8123,0.3824,-0.2515,0.01259,0.12923,-0.02612,0.00,0.00,3.00,45.5,118.32,637.28,257.71,SEARCH_Z
12.3029,0.9123,0.2824,0.1084,0.00059,0.12523,-0.02512,0.00,0.00,3.00,45.5,118.32,637.31,257.71,SEARCH_Z
12.3130,0.9023,-0.1875,0.4684,0.02559,0.14523,-0.03112,0.00,0.00,3.00,45.5,118.32,637.34,257.71,SEARCH_Z
12.3231,0.9123,0.2424,-0.1615,0.01259,0.12823,-0.03312,0.00,0.00,3.00,45.5,118.32,637.36,257.71,SEARCH_Z
12.3332,0.8323,0.1424,0.0784,0.01159,0.13023,-0.02612,0.00,0.00,3.00,45.5,118.31,637.40,257.71,SEARCH_Z
12.3433,0.9523,0.4724,0.0084,-0.00140,0.12523,-0.02112,0.00,0.00,3.00,45.5,118.31,637.42,257.72,SEARCH_Z
12.3533,0.7923,0.2424,-0.0015,0.00959,0.12823,-0.02312,0.00,0.00,3.00,45.5,118.31,637.46,257.72,SEARCH_Z
12.3634,0.9923,0.2324,0.0384,0.01159,0.13023,-0.02312,0.00,0.00,3.00,45.5,118.31,637.49,257.72,SEARCH_Z
12.3735,0.8223,0.3024,-0.1315,0.00659,0.12623,-0.02312,0.00,0.00,3.00,45.5,118.31,637.52,257.72,SEARCH_Z
12.3836,0.8923,-0.0375,0.1684,0.01059,0.13323,-0.03012,0.00,0.00,3.00,45.5,118.31,637.55,257.72,SEARCH_Z
12.3937,0.8923,0.3124,-0.3115,0.01559,0.12023,-0.02412,0.00,0.00,3.00,45.5,118.31,637.58,257.72,SEARCH_Z
12.4038,0.8223,-0.2975,0.1184,-0.00240,0.13323,-0.03012,0.00,0.00,3.00,45.5,118.31,637.61,257.72,SEARCH_Z
12.4139,0.7623,0.2324,0.0084,0.00359,0.13023,-0.02712,0.00,0.00,3.00,45.5,118.30,637.64,257.72,SEARCH_Z
12.4240,0.9723,-0.4275,0.2684,0.01559,0.12923,-0.02612,0.00,0.00,3.00,45.5,118.30,637.67,257.72,SEARCH_Z
12.4342,1.0423,-0.0375,0.3484,0.01159,0.12723,-0.02812,0.00,0.00,3.00,45.5,118.30,637.70,257.73,SEARCH_Z
12.4443,0.9323,0.4324,-0.2815,-0.01240,0.11423,-0.02512,0.00,0.00,3.00,45.5,118.30,637.73,257.73,SEARCH_Z
12.4544,0.8523,0.2524,-0.1215,0.00059,0.11923,-0.02512,0.00,0.00,3.00,45.5,118.30,637.76,257.73,SEARCH_Z
12.4645,0.8423,0.3724,-0.1415,-0.00440,0.12223,-0.02312,0.00,0.00,3.00,45.5,118.30,637.79,257.73,SEARCH_Z
12.4746,0.7723,0.1124,-0.1515,-0.00440,0.13223,-0.02412,0.00,0.00,3.00,45.5,118.30,637.82,257.73,SEARCH_Z
12.4847,1.0823,-0.3775,0.4784,0.01159,0.13123,-0.02612,0.00,0.00,3.00,45.6,118.30,637.85,257.73,SEARCH_Z
12.4948,0.7923,-0.1175,0.0684,-0.00540,0.12623,-0.02712,0.00,0.00,3.00,45.6,118.30,637.88,257.73,SEARCH_Z
12.5049,0.8523,0.1324,-0.0415,0.00559,0.13023,-0.02312,0.00,0.00,3.00,45.6,118.29,637.91,257.73,SEARCH_Z
12.5150,0.8423,0.2524,-0.4815,0.00359,0.11923,-0.02312,0.00,0.00,3.00,45.6,118.29,637.94,257.73,SEARCH_Z
12.5251,0.8923,0.0524,-0.0515,0.02059,0.12723,-0.02712,0.00,0.00,3.00,45.6,118.29,637.97,257.74,SEARCH_Z
12.5352,0.9123,-0.0175,0.0384,0.01459,0.12123,-0.02512,0.00,0.00,3.00,45.6,118.29,638.00,257.74,SEARCH_Z
12.5453,0.9223,-0.1475,0.0884,0.02959,0.13923,-0.02612,0.00,0.00,3.00,45.6,118.29,638.03,257.74,SEARCH_Z
12.5554,0.8723,-0.3075,0.2884,0.01759,0.13523,-0.02412,0.00,0.00,3.00,45.6,118.29,638.07,257.74,SEARCH_Z
12.5655,0.8123,-0.1875,-0.0115,-0.01140,0.12323,-0.02812,0.00,0.00,3.00,45.6,118.29,638.09,257.74,SEARCH_Z
12.5756,1.1023,-0.1375,-0.0415,0.00659,0.11223,-0.02712,0.00,0.00,3.00,45.6,118.29,638.13,257.74,SEARCH_Z
12.5857,0.6123,0.2224,-0.0015,-0.00840,0.12023,-0.02112,0.00,0.00,3.00,45.6,118.29,638.15,257.74,SEARCH_Z
12.5958,0.8423,-0.2575,0.0984,0.01459,0.12623,-0.02712,0.00,0.00,3.00,45.6,118.28,638.19,257.74,SEARCH_Z
12.6059,0.8723,0.2124,0.0584,-0.00040,0.12223,-0.02312,0.00,0.00,3.00,45.6,118.28,638.21,257.74,SEARCH_Z
12.6160,0.8023,0.0424,-0.0015,-0.00540,0.11923,-0.02512,0.00,0.00,3.00,45.6,118.28,638.25,257.75,SEARCH_Z
12.6261,1.0023,-0.0875,0.3784,0.02359,0.13023,-0.02512,0.00,0.00,3.00,45.6,118.28,638.27,257.75,SEARCH_Z
12.6362,0.9323,0.1324,0.0584,0.02459,0.13123,-0.02812,0.00,0.00,3.00,45.6,118.28,638.31,257.75,SEARCH_Z
12.6463,0.8323,0.0724,0.1384,0.00859,0.12323,-0.02812,0.00,0.00,3.00,45.6,118.28,638.33,257.75,SEARCH_Z
12.6564,0.7623,0.1124,0.2984,0.00459,0.12423,-0.02312,0.00,0.00,3.00,45.6,118.28,638.37,257.75,SEARCH_Z
12.6665,0.6323,0.2524,-0.1715,-0.00840,0.13123,-0.02412,0.00,0.00,3.00,45.6,118.28,638.39,257.75,SEARCH_Z
12.6766,0.9323,0.2524,-0.0415,0.02159,0.11623,-0.02312,0.00,0.00,3.00,45.6,118.28,638.43,257.75,SEARCH_Z
12.6867,0.7023,-0.1275,0.4584,0.00459,0.12723,-0.02512,0.00,0.00,3.00,45.6,118.27,638.45,257.75,SEARCH_Z
12.6968,0.6423,-0.1775,0.2684,0.01559,0.13023,-0.02512,0.00,0.00,3.00,45.6,118.27,638.49,257.75,SEARCH_Z
12.7069,0.8523,-0.1675,0.3384,0.01959,0.13923,-0.02812,0.00,0.00,3.00,45.6,118.27,638.51,257.76,SEARCH_Z
12.7170,0.9923,0.1124,-0.3715,0.01959,0.11823,-0.02312,0.00,0.00,3.00,45.6,118.27,638.55,257.76,SEARCH_Z
12.7271,0.8823,0.1324,-0.0515,0.01559,0.12623,-0.02312,0.00,0.00,3.00,45.6,118.27,638.57,257.76,SEARCH_Z
12.7372,0.7223,-0.0675,0.1784,0.01859,0.13623,-0.02512,0.00,0.00,3.00,45.6,118.27,638.61,257.76,SEARCH_Z
12.7473,0.8523,-0.0375,0.3584,0.01459,0.13423,-0.02912,0.00,0.00,3.00,45.6,118.27,638.63,257.76,SEARCH_Z
12.7574,0.7323,0.3024,0.0084,0.00259,0.12623,-0.02212,0.00,0.00,3.00,45.6,118.27,638.67,257.76,SEARCH_Z
12.7675,0.8623,0.1224,0.0884,0.01559,0.13423,-0.02412,0.00,0.00,3.00,45.6,118.26,638.71,257.76,SEARCH_Z
12.7776,0.8123,0.0124,0.1484,0.02159,0.12823,-0.02612,0.00,0.00,3.00,45.6,118.26,638.73,257.76,SEARCH_Z
12.7877,0.8523,0.5324,-0.5615,0.01159,0.12023,-0.02112,0.00,0.00,3.00,45.6,118.26,638.77,257.76,SEARCH_Z
12.7978,0.9123,0.1024,-0.1615,0.00859,0.12123,-0.02412,0.00,0.00,3.00,45.6,118.26,638.79,257.77,SEARCH_Z
12.8079,0.8523,0.1424,-0.1015,0.01059,0.11523,-0.02512,0.00,0.00,3.00,45.6,118.26,638.83,257.77,SEARCH_Z
12.8180,0.9323,0.0424,-0.3315,0.01959,0.12123,-0.02512,0.00,0.00,3.00,45.6,118.26,638.85,257.77,SEARCH_Z
12.8281,0.9323,0.1524,0.2184,0.00959,0.13023,-0.02412,0.00,0.00,3.00,45.6,118.26,638.89,257.77,SEARCH_Z
12.8382,0.8023,-0.0075,0.2584,0.01459,0.12723,-0.02712,0.00,0.00,3.00,45.6,118.26,638.91,257.77,SEARCH_Z
12.8483,0.7723,0.1924,-0.1515,-0.01440,0.11323,-0.02612,0.00,0.00,3.00,45.6,118.26,638.95,257.77,SEARCH_Z
12.8584,0.8023,0.4224,-0.2815,0.00759,0.12123,-0.02012,0.00,0.00,3.00,45.6,118.25,638.97,257.77,SEARCH_Z
12.8685,0.6923,0.3424,-0.2815,-0.00240,0.11723,-0.02212,0.00,0.00,3.00,45.6,118.25,639.01,257.77,SEARCH_Z
12.8786,0.8523,0.0224,-0.0015,0.00659,0.12823,-0.02412,0.00,0.00,3.00,45.6,118.25,639.03,257.77,SEARCH_Z
12.8887,0.9823,-0.3875,0.4984,0.02259,0.14223,-0.02712,0.00,0.00,3.00,45.7,118.25,639.07,257.78,SEARCH_Z
12.8988,0.8123,-0.0675,0.2684,-0.00040,0.12723,-0.02712,0.00,0.00,3.00,45.7,118.25,639.09,257.78,SEARCH_Z
12.9089,0.9623,-0.0075,0.1784,-0.00140,0.12323,-0.02612,0.00,0.00,3.00,45.7,118.25,639.13,257.78,SEARCH_Z
12.9190,0.6523,-0.0675,0.1984,0.00259,0.13623,-0.02512,0.00,0.00,3.00,45.7,118.25,639.15,257.78,SEARCH_Z
12.9291,0.8423,0.4424,-0.2815,0.01059,0.11623,-0.02412,0.00,0.00,3.00,45.7,118.25,639.19,257.78,SEARCH_Z
12.9392,1.0623,-0.3075,0.1184,0.00859,0.12323,-0.02812,0.00,0.00,3.00,45.7,118.25,639.21,257.78,SEARCH_Z
12.9493,0.9323,-0.1275,0.2484,0.00859,0.11323,-0.02512,0.00,0.00,3.00,45.7,118.24,639.25,257.78,SEARCH_Z
12.9594,0.6123,0.1124,0.1884,-0.00040,0.12723,-0.02712,0.00,0.00,3.00,45.7,118.24,639.28,257.78,SEARCH_Z
12.9695,0.6423,0.0224,0.1084,0.00259,0.12623,-0.02412,0.00,0.00,3.00,45.7,118.24,639.31,257.78,SEARCH_Z
12.9796,1.0123,-0.0075,-0.0315,0.02159,0.12223,-0.02812,0.00,0.00,3.00,45.7,118.24,639.34,257.79,SEARCH_Z
12.9897,0.7523,-0.0075,0.0884,0.00859,0.13223,-0.02512,0.00,0.00,3.00,45.7,118.24,639.37,257.79,SEARCH_Z
12.9998,1.0623,0.0824,0.1184,0.02059,0.12023,-0.02712,0.00,0.00,3.00,45.7,118.24,639.40,257.79,SEARCH_Z
13.0099,0.8723,0.2224,-0.2515,0.00559,0.11423,-0.02112,0.00,0.00,3.00,45.7,118.24,639.43,257.79,SEARCH_Z
13.0200,0.7823,0.2724,0.2684,0.01859,0.13923,-0.02312,0.00,0.00,3.00,45.7,118.24,639.46,257.79,SEARCH_Z
13.0301,0.9523,-0.1675,0.3584,-0.00040,0.11823,-0.02812,0.00,0.00,3.00,45.7,118.24,639.49,257.79,SEARCH_Z
13.0403,0.9823,-0.2875,0.2484,0.01959,0.11623,-0.02712,0.00,0.00,3.00,45.7,118.23,639.52,257.79,SEARCH_Z
13.0504,0.6823,-0.2075,0.2784,0.01659,0.13723,-0.02912,0.00,0.00,3.00,45.7,118.23,639.55,257.79,SEARCH_Z
13.0605,0.7823,0.1124,0.1484,0.00259,0.12623,-0.02812,0.00,0.00,3.00,45.7,118.23,639.58,257.79,SEARCH_Z
13.0706,0.9423,0.2124,-0.3915,0.00759,0.11323,-0.02512,0.00,0.00,3.00,45.7,118.23,639.61,257.79,SEARCH_Z
13.0807,0.8123,0.0124,0.0384,0.01359,0.12023,-0.02512,0.00,0.00,3.00,45.7,118.23,639.64,257.80,SEARCH_Z
13.0908,1.0823,0.1524,-0.2815,0.02059,0.11623,-0.02212,0.00,0.00,3.00,45.7,118.23,639.67,257.80,SEARCH_Z
13.1009,0.7523,0.1424,0.0484,0.00859,0.13223,-0.02812,0.00,0.00,3.00,45.7,118.23,639.70,257.80,SEARCH_Z
13.1110,0.7823,-0.0675,0.0984,0.01659,0.12723,-0.02212,0.00,0.00,3.00,45.7,118.23,639.73,257.80,SEARCH_Z
13.1211,0.9123,0.2124,0.0884,0.03059,0.13123,-0.02512,0.00,0.00,3.00,45.7,118.22,639.76,257.80,SEARCH_Z
13.1312,0.9423,0.1224,-0.0915,0.01359,0.12823,-0.02612,0.00,0.00,3.00,45.7,118.22,639.79,257.80,SEARCH_Z
13.1415,0.8523,0.0924,0.2284,0.00459,0.12523,-0.02612,0.00,0.00,3.00,45.7,118.22,639.82,257.80,SEARCH_Z
13.1516,0.8423,-0.2575,0.2184,0.03059,0.13623,-0.02412,0.00,0.00,3.00,45.7,118.22,639.86,257.80,SEARCH_Z
13.1617,0.8523,0.0524,0.1684,0.01459,0.12423,-0.02812,0.00,0.00,3.00,45.7,118.22,639.88,257.80,SEARCH_Z
13.1718,0.9223,-0.0375,-0.1615,0.01459,0.11923,-0.02512,0.00,0.00,3.00,45.7,118.22,639.92,257.81,SEARCH_Z
13.1819,0.8223,0.1624,0.0184,0.00359,0.11123,-0.02112,0.00,0.00,3.00,45.7,118.22,639.94,257.81,SEARCH_Z
13.1920,0.9523,-0.0675,-0.0115,0.02359,0.12323,-0.02512,0.00,0.00,3.00,45.8,118.22,639.98,257.81,SEARCH_Z
13.2021,0.9423,-0.1075,0.1684,0.00859,0.12023,-0.02712,0.00,0.00,3.00,45.8,118.22,640.00,257.81,SEARCH_Z
13.2122,0.6823,0.0124,0.0284,0.00259,0.12023,-0.02612,0.00,0.00,3.00,45.8,118.21,640.04,257.81,SEARCH_Z
13.2223,0.7523,0.1124,-0.0315,0.01859,0.12123,-0.02712,0.00,0.00,3.00,45.8,118.21,640.06,257.81,SEARCH_Z
13.2324,0.6623,0.1124,0.2384,-0.00640,0.12023,-0.02212,0.00,0.00,3.00,45.8,118.21,640.10,257.81,SEARCH_Z
13.2425,0.9523,0.2724,-0.0315,0.00459,0.10323,-0.02112,0.00,0.00,3.00,45.8,118.21,640.12,257.81,SEARCH_Z
13.2526,0.7223,0.2624,0.0684,0.01059,0.12323,-0.02512,0.00,0.00,3.00,45.8,118.21,640.16,257.81,SEARCH_Z
13.2627,0.7523,0.2124,0.2384,0.00259,0.12423,-0.02512,0.00,0.00,3.00,45.8,118.21,640.18,257.82,SEARCH_Z
13.2728,1.0023,0.0724,0.1184,0.02759,0.11723,-0.02212,0.00,0.00,3.00,45.8,118.21,640.22,257.82,SEARCH_Z
13.2829,0.8723,-0.0175,0.1684,0.01459,0.12223,-0.02512,0.00,0.00,3.00,45.8,118.21,640.24,257.82,SEARCH_Z
13.2930,0.7723,0.0124,0.0884,0.00959,0.11123,-0.02012,0.00,0.00,3.00,45.8,118.21,640.28,257.82,SEARCH_Z
13.3031,0.8523,0.0124,0.0384,0.02059,0.11223,-0.02312,0.00,0.00,3.00,45.8,118.20,640.30,257.82,SEARCH_Z
13.3132,0.6623,0.1424,0.1884,0.00759,0.11823,-0.02212,0.00,0.00,3.00,45.8,118.20,640.34,257.82,SEARCH_Z
13.3233,0.6723,0.2024,0.0984,0.00459,0.11823,-0.02412,0.00,0.00,3.00,45.8,118.20,640.36,257.82,SEARCH_Z
13.3334,1.0623,-0.2075,0.1884,0.04659,0.12723,-0.02712,0.00,0.00,3.00,45.8,118.20,640.40,257.82,SEARCH_Z
13.3435,0.6423,-0.1075,0.1184,0.02059,0.12423,-0.02412,0.00,0.00,3.00,45.8,118.20,640.43,257.83,SEARCH_Z
13.3536,0.7023,0.2324,0.2984,0.02259,0.13223,-0.02412,0.00,0.00,3.00,45.8,118.20,640.46,257.83,SEARCH_Z
13.3637,0.8923,-0.0375,0.1284,0.02159,0.12623,-0.02312,0.00,0.00,3.00,45.8,118.20,640.49,257.83,SEARCH_Z
13.3738,0.7723,0.1524,0.2284,0.01959,0.12023,-0.02512,0.00,0.00,3.00,45.8,118.20,640.52,257.83,SEARCH_Z
13.3839,0.8823,0.1824,-0.0115,0.01959,0.11123,-0.02312,0.00,0.00,3.00,45.8,118.19,640.55,257.83,SEARCH_Z
13.3940,0.8423,-0.1075,0.3484,0.01559,0.12223,-0.02612,0.00,0.00,3.00,45.8,118.19,640.58,257.83,SEARCH_Z
13.4041,0.9323,0.1024,0.1084,0.01259,0.10723,-0.02212,0.00,0.00,3.00,45.8,118.19,640.61,257.83,SEARCH_Z
13.4142,0.6923,0.2024,0.0184,0.01459,0.11823,-0.01812,0.00,0.00,3.00,45.8,118.19,640.64,257.83,SEARCH_Z
13.4243,0.6723,0.2424,0.3284,0.00559,0.11723,-0.02012,0.00,0.00,3.00,45.8,118.19,640.67,257.83,SEARCH_Z
13.4344,0.7823,-0.0275,0.3184,0.01559,0.11823,-0.02312,0.00,0.00,3.00,45.8,118.19,640.70,257.83,SEARCH_Z
13.4445,0.7523,-0.2775,0.3884,0.01859,0.12123,-0.02512,0.00,0.00,3.00,45.8,118.19,640.73,257.84,SEARCH_Z
13.4546,0.5823,-0.2275,0.2184,0.02659,0.11223,-0.02112,0.00,0.00,3.00,45.8,118.19,640.76,257.84,SEARCH_Z
13.4647,0.6323,0.1124,0.1384,0.02959,0.11523,-0.02112,0.00,0.00,3.00,45.9,118.19,640.79,257.84,SEARCH_Z
13.4748,0.7723,-0.1575,0.2084,0.02859,0.10723,-0.01912,0.00,0.00,3.00,45.9,118.18,640.82,257.84,SEARCH_Z
13.4849,0.8223,0.2424,0.3584,0.04059,0.11823,-0.01812,0.00,0.00,3.00,45.9,118.18,640.85,257.84,SEARCH_Z
13.4950,0.7223,0.1424,0.0684,0.03359,0.10523,-0.01612,0.00,0.00,3.00,45.9,118.18,640.88,257.84,SEARCH_Z
13.5051,0.6323,0.3124,0.2684,0.01759,0.10223,-0.01712,0.00,0.00,3.00,45.9,118.18,640.91,257.84,SEARCH_Z
13.5152,0.6423,-0.0475,0.3784,0.02359,0.10323,-0.01612,0.00,0.00,3.00,45.9,118.18,640.94,257.84,SEARCH_Z
13.5254,0.3823,0.3824,0.3584,0.02559,0.11023,-0.01612,0.00,0.00,3.00,45.9,118.18,640.97,257.84,SEARCH_Z
13.5355,0.9123,0.0224,0.3284,0.04059,0.10023,-0.01612,0.00,0.00,3.00,45.9,118.18,641.01,257.85,SEARCH_Z
13.5456,0.6523,0.0424,-0.0215,0.01559,0.09823,-0.01912,0.00,0.00,3.00,45.9,118.18,641.03,257.85,SEARCH_Z
13.5557,0.4923,-0.1275,0.2684,0.01859,0.10023,-0.01812,0.00,0.00,3.00,45.9,118.18,641.07,257.85,SEARCH_Z
13.5658,1.0023,0.2724,-0.0515,0.03359,0.08823,-0.01812,0.00,0.00,3.00,45.9,118.17,641.09,257.85,SEARCH_Z
13.5759,0.5723,-0.1675,0.0484,0.01159,0.09123,-0.01512,0.00,0.00,3.00,45.9,118.17,641.13,257.85,SEARCH_Z
13.5860,0.8323,0.1324,-0.1715,0.02859,0.09523,-0.01712,0.00,0.00,3.00,45.9,118.17,641.15,257.85,SEARCH_Z
13.5961,0.4323,0.2324,0.0984,0.01659,0.10323,-0.01512,0.00,0.00,3.00,45.9,118.17,641.19,257.85,SEARCH_Z
13.6062,0.6923,-0.1575,0.0084,0.00259,0.08723,-0.01812,0.00,0.00,3.00,45.9,118.17,641.21,257.85,SEARCH_Z
13.6163,0.7523,0.1924,-0.1415,0.01259,0.08723,-0.01712,0.00,0.00,3.00,45.9,118.17,641.25,257.85,SEARCH_Z
13.6264,0.6723,-0.2375,0.3684,-0.00440,0.09223,-0.01812,0.00,0.00,3.00,45.9,118.17,641.27,257.86,SEARCH_Z
13.6365,0.4523,0.3824,-0.1015,-0.00340,0.09723,-0.01312,0.00,0.00,3.00,45.9,118.17,641.31,257.86,SEARCH_Z
13.6466,0.6423,0.1624,0.1284,0.00259,0.09823,-0.01412,0.00,0.00,3.00,45.9,118.17,641.33,257.86,SEARCH_Z
13.6566,0.7523,-0.0775,0.1784,0.00859,0.08823,-0.01612,0.00,0.00,3.00,45.9,118.16,641.37,257.86,SEARCH_Z
13.6667,0.6523,-0.0475,0.3584,0.00159,0.08523,-0.01512,0.00,0.00,3.00,45.9,118.16,641.39,257.86,SEARCH_Z
13.6769,0.7223,-0.2575,0.3284,0.01659,0.08023,-0.01912,0.00,0.00,3.00,45.9,118.16,641.43,257.86,SEARCH_Z
13.6869,0.7123,0.4024,-0.1515,0.01459,0.09123,-0.01212,0.00,0.00,3.00,45.9,118.16,641.45,257.86,SEARCH_Z
13.6970,0.6123,-0.0775,0.0384,0.00659,0.09123,-0.01812,0.00,0.00,3.00,46.0,118.16,641.49,257.86,SEARCH_Z
13.7071,0.5623,0.0124,-0.1215,-0.00040,0.08423,-0.01712,0.00,0.00,3.00,46.0,118.16,641.51,257.86,SEARCH_Z
13.7172,0.5223,-0.1875,0.1384,0.00759,0.09023,-0.01612,0.00,0.00,3.00,46.0,118.16,641.55,257.87,SEARCH_Z
13.7273,0.5523,-0.0675,0.0084,0.00659,0.09223,-0.01412,0.00,0.00,3.00,46.0,118.16,641.59,257.87,SEARCH_Z
13.7374,0.6623,-0.3375,-0.1515,0.00959,0.07923,-0.01312,0.00,0.00,3.00,46.0,118.15,641.61,257.87,SEARCH_Z
13.7475,0.5523,-0.1275,-0.0915,-0.01640,0.06723,-0.01312,0.00,0.00,3.00,46.0,118.15,641.65,257.87,SEARCH_Z
13.7576,0.4623,0.1624,0.1484,-0.00240,0.08323,-0.00612,0.00,0.00,3.00,46.0,118.15,641.67,257.87,SEARCH_Z
13.7677,0.5823,0.3124,-0.1715,-0.01440,0.07423,-0.00912,0.00,0.00,3.00,46.0,118.15,641.71,257.87,SEARCH_Z
13.7778,0.6723,0.0324,-0.3415,0.01659,0.07423,-0.00812,0.00,0.00,3.00,46.0,118.15,641.73,257.87,SEARCH_Z
13.7879,0.5723,0.2624,-0.5915,-0.00540,0.06423,-0.00912,0.00,0.00,3.00,46.0,118.15,641.77,257.87,SEARCH_Z
13.7980,0.4823,0.2124,-0.2815,-0.00640,0.06123,-0.00912,0.00,0.00,3.00,46.0,118.15,641.79,257.87,SEARCH_Z
13.8081,0.4023,0.0424,-0.2015,-0.00540,0.06723,-0.00612,0.00,0.00,3.00,46.0,118.15,641.83,257.88,SEARCH_Z
13.8182,0.7023,-0.0475,-0.0115,-0.00040,0.07023,-0.01112,0.00,0.00,3.00,46.0,118.15,641.85,257.88,SEARCH_Z
13.8283,0.5923,0.2024,-0.1515,-0.00040,0.06623,-0.00812,0.00,0.00,3.00,46.0,118.14,641.89,257.88,SEARCH_Z
13.8384,0.3423,0.0824,-0.1915,-0.00840,0.06523,-0.00512,0.00,0.00,3.00,46.0,118.14,641.91,257.88,SEARCH_Z
13.8485,0.5723,0.1924,-0.2315,-0.00040,0.07123,-0.00412,0.00,0.00,3.00,46.0,118.14,641.95,257.88,SEARCH_Z
13.8586,0.7423,-0.1975,-0.0515,-0.00540,0.06323,-0.01012,0.00,0.00,3.00,46.0,118.14,641.97,257.88,SEARCH_Z
13.8688,0.6523,-0.1575,-0.3815,-0.00940,0.06023,-0.01012,0.00,0.00,3.00,46.0,118.14,642.01,257.88,SEARCH_Z
13.8789,0.6223,0.2024,-0.5915,-0.02040,0.05823,-0.01212,0.00,0.00,3.00,46.0,118.14,642.03,257.88,SEARCH_Z
13.8890,0.5923,-0.1675,-0.5415,0.01359,0.07023,-0.01012,0.00,0.00,3.00,46.0,118.14,642.07,257.88,SEARCH_Z
13.8991,0.4623,-0.1775,-0.4715,-0.00240,0.08023,-0.01112,0.00,0.00,3.00,46.0,118.14,642.09,257.89,SEARCH_Z
13.9092,0.3523,0.4024,-0.7515,-0.02240,0.06023,-0.00612,0.00,0.00,3.00,46.1,118.14,642.13,257.89,SEARCH_Z
13.9193,0.4923,0.4124,-0.9115,-0.02140,0.05823,-0.01012,0.00,0.00,3.00,46.1,118.13,642.15,257.89,SEARCH_Z
13.9294,0.5623,-0.1775,-0.2615,-0.01740,0.06223,-0.01012,0.00,0.00,3.00,46.1,118.13,642.19,257.89,SEARCH_Z
13.9395,0.5723,-0.0575,-0.2515,-0.00840,0.07623,-0.01012,0.00,0.00,3.00,46.1,118.13,642.22,257.89,SEARCH_Z
13.9496,0.6723,0.1024,-0.7715,-0.01640,0.05523,-0.01212,0.00,0.00,3.00,46.1,118.13,642.25,257.89,SEARCH_Z
13.9597,0.6123,-0.1375,-0.6015,-0.01840,0.06323,-0.01112,0.00,0.00,3.00,46.1,118.13,642.28,257.89,SEARCH_Z
13.9698,0.5623,0.0024,-1.2215,-0.02840,0.03323,-0.00712,0.00,0.00,3.00,46.1,118.13,642.31,257.89,SEARCH_Z
13.9799,0.6823,0.0124,-0.6415,0.00059,0.06423,-0.01212,0.00,0.00,3.00,46.1,118.13,642.34,257.89,SEARCH_Z
13.9900,0.3223,-0.2375,-0.9115,-0.02940,0.05723,-0.00912,0.00,0.00,3.00,46.1,118.13,642.37,257.90,SEARCH_Z
14.0001,0.5523,-0.0075,-0.7515,-0.01940,0.06223,-0.01012,0.00,0.00,3.00,46.1,118.12,642.40,257.90,SEARCH_Z
14.0102,0.6123,-0.2475,-0.8415,0.00359,0.05823,-0.00612,0.00,0.00,3.00,46.1,118.12,642.43,257.90,SEARCH_Z
