time,fx,fy,fz,tx,ty,tz,vx,vy,vz,travel_mm,pos_x,pos_y,pos_z,phase
0.0000,-0.1343,-0.1283,-0.0871,0.00516,0.00596,0.00011,-5.00,0.00,0.00,0.0,102.88,650.30,302.33,DESCEND
0.0102,-0.2243,0.3016,-0.2771,0.00616,0.00496,0.00111,-5.00,0.00,0.00,0.0,102.88,650.30,302.33,DESCEND
0.0203,-0.1243,0.0616,-0.2971,-0.01483,-0.00503,0.00111,-5.00,0.00,0.00,0.0,102.88,650.30,302.33,DESCEND
0.0304,0.0156,0.2416,-0.2671,-0.01783,-0.00703,-0.00088,-5.00,0.00,0.00,0.0,102.88,650.30,302.32,DESCEND
0.0405,-0.0243,0.1616,-0.0371,0.00216,0.00796,-0.00088,-5.00,0.00,0.00,0.0,102.88,650.30,302.31,DESCEND
0.0506,-0.1443,0.2316,-0.2671,0.00116,0.00196,0.00211,-5.00,0.00,0.00,0.0,102.88,650.30,302.29,DESCEND
0.0607,0.0356,0.0516,-0.0271,-0.01283,0.00096,-0.00488,-5.00,0.00,0.00,0.1,102.88,650.30,302.27,DESCEND
0.0708,0.0556,0.1016,0.0828,0.00816,0.00196,0.00011,-5.00,0.00,0.00,0.1,102.88,650.31,302.25,DESCEND
0.0810,0.0356,0.2016,-0.1271,-0.00483,-0.00003,0.00311,-5.00,0.00,0.00,0.1,102.88,650.31,302.23,DESCEND
0.0912,-0.0843,0.0616,0.1728,-0.00683,0.00196,0.00211,-5.00,0.00,0.00,0.1,102.88,650.31,302.19,DESCEND
0.1013,-0.0043,0.1716,0.0128,-0.01083,-0.00303,0.00111,-5.00,0.00,0.00,0.2,102.88,650.31,302.16,DESCEND
0.1115,-0.1343,-0.1283,0.2728,-0.00883,0.00296,-0.00088,-5.00,0.00,0.00,0.2,102.88,650.31,302.12,DESCEND
0.1216,-0.0143,-0.1483,0.3228,0.00116,0.00796,0.00011,-5.00,0.00,0.00,0.2,102.88,650.31,302.09,DESCEND
0.1317,-0.0843,-0.0983,0.1928,0.01016,0.01496,-0.00288,-5.00,0.00,0.00,0.3,102.88,650.31,302.03,DESCEND
0.1420,0.0156,0.1816,-0.3671,-0.01383,-0.00603,0.00011,-5.00,0.00,0.00,0.4,102.88,650.32,301.97,DESCEND
0.1521,0.0156,0.1916,0.0028,0.01016,0.01396,0.00111,-5.00,0.00,0.00,0.4,102.88,650.32,301.93,DESCEND
0.1623,0.1656,0.1216,0.0328,0.00916,0.00896,-0.00088,-5.00,0.00,0.00,0.5,102.88,650.32,301.87,DESCEND
0.1724,-0.0943,0.0316,0.1628,-0.00683,0.01896,0.00211,-5.00,0.00,0.00,0.5,102.88,650.32,301.83,DESCEND
0.1825,0.0956,0.1816,-0.4771,0.00316,0.00796,0.00511,-5.00,0.00,0.00,0.6,102.88,650.32,301.77,DESCEND
0.1926,0.0456,-0.0983,0.1428,0.00416,0.01696,0.00011,-5.00,0.00,0.00,0.6,102.88,650.32,301.73,DESCEND
0.2027,-0.3943,0.2516,-0.2571,-0.02083,-0.00403,0.00411,-5.00,0.00,0.00,0.7,102.88,650.33,301.67,DESCEND
0.2128,-0.2743,0.0416,-0.0671,-0.01683,-0.00803,0.00111,-5.00,0.00,0.00,0.7,102.88,650.33,301.63,DESCEND
0.2230,-0.1143,-0.0183,-0.1871,-0.00483,-0.00303,0.00011,-5.00,0.00,0.00,0.8,102.88,650.33,301.57,DESCEND
0.2331,-0.0843,-0.1783,0.5328,0.01716,0.01296,-0.00288,-5.00,0.00,0.00,0.8,102.88,650.33,301.53,DESCEND
0.2432,-0.0143,-0.1683,0.2228,0.00216,0.00396,-0.00288,-5.00,0.00,0.00,0.9,102.88,650.33,301.47,DESCEND
0.2533,-0.1843,0.1016,-0.0671,-0.00683,0.00396,0.00111,-5.00,0.00,0.00,0.9,102.88,650.34,301.43,DESCEND
0.2634,0.0156,-0.0883,-0.1171,0.00416,0.00496,0.00111,-5.00,0.00,0.00,1.0,102.88,650.34,301.37,DESCEND
0.2736,0.0656,-0.1083,-0.0071,0.00816,0.00996,-0.00188,-5.00,0.00,0.00,1.0,102.88,650.34,301.33,DESCEND
0.2837,0.0556,0.1016,0.0928,0.00316,0.00796,0.00011,-5.00,0.00,0.00,1.1,102.88,650.34,301.27,DESCEND
0.2938,-0.1543,0.0816,0.3128,-0.00683,0.00896,0.00111,-5.00,0.00,0.00,1.1,102.88,650.34,301.23,DESCEND
0.3039,0.1856,-0.0083,0.1828,0.01816,0.01296,0.00111,-5.00,0.00,0.00,1.2,102.88,650.35,301.17,DESCEND
0.3141,0.1856,0.1716,0.1328,0.00216,-0.00003,0.00211,-5.00,0.00,0.00,1.2,102.88,650.35,301.11,DESCEND
0.3242,0.2456,0.0616,-0.1771,0.01116,0.00196,0.00011,-5.00,0.00,0.00,1.3,102.88,650.35,301.07,DESCEND
0.3344,-0.2043,0.2716,-0.2771,-0.00283,0.00096,0.00411,-5.00,0.00,0.00,1.3,102.88,650.35,301.01,DESCEND
0.3445,-0.0243,0.2716,-0.0771,0.00116,-0.00303,-0.00088,-5.00,0.00,0.00,1.4,102.88,650.35,300.97,DESCEND
0.3547,-0.1243,-0.0483,0.3128,-0.01283,0.00096,0.00111,-5.00,0.00,0.00,1.4,102.88,650.36,300.91,DESCEND
0.3648,-0.0543,0.0216,0.0328,0.00216,0.00696,0.00011,-5.00,0.00,0.00,1.5,102.88,650.36,300.87,DESCEND
0.3749,-0.1043,-0.2083,0.1328,0.00716,0.00896,-0.00088,-5.00,0.00,0.00,1.5,102.88,650.36,300.81,DESCEND
0.3850,-0.0743,0.0716,-0.1871,-0.00883,-0.01003,0.00311,-5.00,0.00,0.00,1.6,102.88,650.36,300.77,DESCEND
0.3952,-0.1043,-0.0083,0.1828,0.00716,0.00396,0.00211,-5.00,0.00,0.00,1.6,102.89,650.36,300.71,DESCEND
0.4053,-0.0743,-0.0483,0.0628,0.00216,-0.00003,0.00011,-5.00,0.00,0.00,1.7,102.89,650.36,300.67,DESCEND
0.4155,-0.0043,-0.2383,0.1528,-0.02283,-0.00403,-0.00088,-5.00,0.00,0.00,1.7,102.89,650.37,300.61,DESCEND
0.4256,-0.2343,-0.1083,0.0928,-0.00883,0.01696,0.00411,-5.00,0.00,0.00,1.8,102.89,650.37,300.57,DESCEND
0.4358,-0.1943,0.4516,-0.7071,-0.01683,-0.00703,0.00711,-5.00,0.00,0.00,1.8,102.89,650.37,300.51,DESCEND
0.4459,0.0656,-0.2083,0.1128,-0.02083,-0.00403,-0.00088,-5.00,0.00,0.00,1.9,102.89,650.37,300.45,DESCEND
0.4560,-0.1643,0.2516,-0.2071,-0.00183,0.00296,0.00511,-5.00,0.00,0.00,1.9,102.89,650.37,300.42,DESCEND
0.4661,-0.1443,0.0416,-0.0671,-0.01483,-0.00703,0.00211,-5.00,0.00,0.00,2.0,102.89,650.38,300.36,DESCEND
0.4762,0.0956,0.0916,0.0428,-0.00283,-0.00003,-0.00088,-5.00,0.00,0.00,2.0,102.89,650.38,300.32,DESCEND
0.4863,-0.1643,0.0716,0.1628,-0.01483,-0.00203,0.00211,-5.00,0.00,0.00,2.1,102.89,650.38,300.26,DESCEND
0.4964,0.1856,-0.0783,0.0628,0.01516,-0.01003,0.00011,-5.00,0.00,0.00,2.1,102.89,650.38,300.22,DESCEND
0.5065,-0.2643,-0.0283,0.0528,-0.01783,-0.00003,0.00211,-5.00,0.00,0.00,2.2,102.89,650.38,300.16,DESCEND
0.5167,-0.1543,0.0316,0.0928,-0.00383,-0.00303,0.00411,-5.00,0.00,0.00,2.2,102.89,650.39,300.12,DESCEND
0.5269,-0.0143,0.0216,-0.2471,0.02216,0.00196,0.00411,-5.00,0.00,0.00,2.3,102.89,650.39,300.06,DESCEND
0.5369,-0.0343,-0.0583,0.0728,0.00616,0.00196,0.00011,-5.00,0.00,0.00,2.3,102.89,650.39,300.02,DESCEND
0.5471,0.0156,-0.0583,0.1428,0.00016,0.00996,0.00211,-5.00,0.00,0.00,2.4,102.89,650.39,299.96,DESCEND
0.5572,-0.0243,0.4116,-0.3671,-0.01683,-0.01003,0.00611,-5.00,0.00,0.00,2.4,102.89,650.39,299.92,DESCEND
0.5673,-0.1643,0.1816,-0.0771,-0.00183,0.00596,0.00411,-5.00,0.00,0.00,2.5,102.89,650.39,299.86,DESCEND
0.5774,0.0156,0.0116,-0.0771,0.00016,-0.00103,-0.00188,-5.00,0.00,0.00,2.5,102.89,650.40,299.82,DESCEND
0.5875,0.0656,-0.3683,0.2528,-0.01083,-0.00403,-0.00288,-5.00,0.00,0.00,2.6,102.89,650.40,299.76,DESCEND
0.5976,-0.1343,-0.0383,0.0128,-0.00083,-0.00103,-0.00088,-5.00,0.00,0.00,2.6,102.89,650.40,299.72,DESCEND
0.6078,-0.1843,-0.1583,0.1928,-0.00683,-0.00203,0.00111,-5.00,0.00,0.00,2.7,102.89,650.40,299.66,DESCEND
0.6179,-0.0343,0.0016,0.0328,0.00016,-0.00603,0.00011,-5.00,0.00,0.00,2.7,102.89,650.40,299.62,DESCEND
0.6280,-0.1243,-0.1383,0.2328,0.00716,0.00996,0.00211,-5.00,0.00,0.00,2.8,102.89,650.41,299.56,DESCEND
0.6381,-0.0043,0.2216,-0.0471,0.00616,-0.00203,0.00411,-5.00,0.00,0.00,2.8,102.89,650.41,299.50,DESCEND
0.6482,-0.0243,0.3616,-0.2071,-0.01683,-0.01103,0.00311,-5.00,0.00,0.00,2.9,102.89,650.41,299.46,DESCEND
0.6584,-0.1243,0.0316,-0.0871,0.00016,0.00096,0.00511,-5.00,0.00,0.00,2.9,102.89,650.41,299.40,DESCEND
0.6685,-0.0443,0.2316,-0.0471,0.00016,-0.00203,0.00111,-5.00,0.00,0.00,3.0,102.89,650.41,299.36,DESCEND
0.6786,-0.1743,0.1416,0.0428,-0.01683,0.00296,0.00611,-5.00,0.00,0.00,3.0,102.89,650.42,299.30,DESCEND
0.6887,0.0256,-0.0883,0.1628,-0.00583,-0.00803,0.00511,-5.00,0.00,0.00,3.1,102.89,650.42,299.26,DESCEND
0.6988,-0.2243,0.0016,-0.3471,-0.01383,-0.00503,0.00211,-5.00,0.00,0.00,3.1,102.89,650.42,299.20,DESCEND
0.7089,-0.1543,-0.2283,0.3528,0.00716,0.01496,0.00311,-5.00,0.00,0.00,3.2,102.89,650.42,299.16,DESCEND
0.7191,-0.0343,0.0216,0.1928,0.00916,0.01396,0.00211,-5.00,0.00,0.00,3.2,102.89,650.42,299.10,DESCEND
0.7292,-0.0443,0.1616,-0.0471,-0.00883,-0.00703,0.00311,-5.00,0.00,0.00,3.3,102.89,650.42,299.06,DESCEND
0.7393,-0.0943,-0.2483,0.3228,0.00016,0.00896,-0.00088,-5.00,0.00,0.00,3.3,102.89,650.43,299.00,DESCEND
0.7494,0.0256,0.1216,-0.0271,0.01216,0.00296,0.00311,-5.00,0.00,0.00,3.4,102.89,650.43,298.96,DESCEND
0.7595,-0.2043,0.2916,-0.0971,-0.00883,-0.00203,0.00311,-5.00,0.00,0.00,3.4,102.89,650.43,298.90,DESCEND
0.7696,-0.0843,0.0416,0.1728,-0.00883,-0.00103,-0.00188,-5.00,0.00,0.00,3.5,102.89,650.43,298.86,DESCEND
0.7798,-0.0943,0.4016,0.0128,-0.00783,-0.00303,0.00411,-5.00,0.00,0.00,3.5,102.89,650.43,298.80,DESCEND
0.7899,-0.0743,0.1316,-0.2271,-0.00783,-0.00103,0.00111,-5.00,0.00,0.00,3.6,102.89,650.44,298.76,DESCEND
0.8000,-0.1643,-0.1283,0.3328,-0.01083,0.00496,0.00211,-5.00,0.00,0.00,3.6,102.89,650.44,298.70,DESCEND
0.8101,-0.0043,0.2916,-0.0271,0.00216,-0.00203,0.00511,-5.00,0.00,0.00,3.7,102.89,650.44,298.64,DESCEND
0.8203,0.0656,-0.0783,0.0228,0.00116,0.00296,0.00111,-5.00,0.00,0.00,3.7,102.89,650.44,298.60,DESCEND
0.8304,-0.1443,0.0516,0.2328,-0.01183,0.00596,0.00611,-5.00,0.00,0.00,3.8,102.89,650.44,298.54,DESCEND
0.8405,-0.1143,0.1116,-0.0571,-0.00883,-0.00403,0.00011,-5.00,0.00,0.00,3.8,102.89,650.45,298.50,DESCEND
0.8506,-0.0643,-0.1083,0.2828,0.00316,-0.00103,0.00311,-5.00,0.00,0.00,3.9,102.89,650.45,298.44,DESCEND
0.8607,0.0956,-0.0883,0.2228,0.01816,0.00796,0.00011,-5.00,0.00,0.00,3.9,102.89,650.45,298.40,DESCEND
0.8709,0.1456,0.6816,-0.5171,-0.00383,-0.01603,0.00611,-5.00,0.00,0.00,4.0,102.89,650.45,298.34,DESCEND
0.8809,0.0056,0.0416,-0.0671,0.01416,0.00796,0.00211,-5.00,0.00,0.00,4.0,102.89,650.45,298.30,DESCEND
0.8911,-0.1643,0.2216,-0.0971,-0.00383,0.01196,0.00411,-5.00,0.00,0.00,4.1,102.89,650.46,298.24,DESCEND
0.9012,0.1756,0.0316,0.0228,0.01916,-0.00003,0.00411,-5.00,0.00,0.00,4.1,102.89,650.46,298.20,DESCEND
0.9113,-0.0043,0.0116,-0.1571,0.01416,0.00396,0.00111,-5.00,0.00,0.00,4.2,102.89,650.46,298.14,DESCEND
0.9214,0.0456,0.1416,-0.0071,-0.01083,-0.00803,0.00511,-5.00,0.00,0.00,4.2,102.90,650.46,298.10,DESCEND
0.9315,0.0156,0.1216,-0.0971,-0.00583,-0.00303,0.00211,-5.00,0.00,0.00,4.3,102.90,650.46,298.04,DESCEND
0.9417,-0.1143,-0.1083,-0.1971,-0.00683,-0.01603,0.00911,-5.00,0.00,0.00,4.4,102.90,650.47,297.98,DESCEND
0.9518,-0.0343,-0.1383,0.1928,0.01116,0.01496,-0.00088,-5.00,0.00,0.00,4.4,102.90,650.47,297.94,DESCEND
0.9619,0.1156,0.0216,0.0428,0.01016,0.00196,0.00311,-5.00,0.00,0.00,4.4,102.90,650.47,297.90,DESCEND
0.9720,0.0956,-0.0283,0.1228,0.00416,0.00796,0.00211,-5.00,0.00,0.00,4.5,102.90,650.47,297.84,DESCEND
0.9821,-0.0443,0.0216,-0.3771,-0.00683,-0.00103,0.00111,-5.00,0.00,0.00,4.6,102.90,650.47,297.78,DESCEND
0.9922,0.1156,-0.0383,0.3628,0.00116,-0.00003,0.00111,-5.00,0.00,0.00,4.6,102.90,650.47,297.74,DESCEND
1.0023,0.1856,0.1016,0.0628,0.01116,0.00296,0.00511,-5.00,0.00,0.00,4.7,102.90,650.48,297.68,DESCEND
1.0124,-0.0043,0.2116,0.1528,0.00816,0.00296,0.00411,-5.00,0.00,0.00,4.7,102.90,650.48,297.64,DESCEND
1.0225,-0.1743,0.0716,-0.0671,0.00016,0.00096,0.00211,-5.00,0.00,0.00,4.8,102.90,650.48,297.58,DESCEND
1.0327,-0.1243,-0.2583,0.1528,0.00916,0.01096,0.00011,-5.00,0.00,0.00,4.8,102.90,650.48,297.54,DESCEND
1.0428,-0.0243,0.4416,-0.1571,-0.01383,-0.00503,0.00211,-5.00,0.00,0.00,4.9,102.90,650.48,297.48,DESCEND
1.0529,0.0656,0.0816,0.0828,0.00116,-0.00203,-0.00188,-5.00,0.00,0.00,4.9,102.90,650.49,297.44,DESCEND
1.0630,-0.1343,0.0516,-0.1671,-0.00283,-0.00703,0.00511,-5.00,0.00,0.00,5.0,102.90,650.49,297.38,DESCEND
1.0731,0.0856,0.2216,-0.2571,0.01116,0.01396,0.00211,-5.00,0.00,0.00,5.0,102.90,650.49,297.34,DESCEND
1.0832,-0.0743,0.0016,0.0428,-0.00083,0.00496,0.00211,-5.00,0.00,0.00,5.1,102.90,650.49,297.28,DESCEND
1.0933,-0.1343,0.0316,-0.0771,0.00316,0.00396,0.00911,-5.00,0.00,0.00,5.1,102.90,650.49,297.24,DESCEND
1.1035,0.0056,0.0616,-0.1771,0.01016,-0.00103,0.00211,-5.00,0.00,0.00,5.2,102.90,650.50,297.18,DESCEND
1.1136,-0.0943,0.3216,-0.3571,-0.00783,-0.01303,0.00411,-5.00,0.00,0.00,5.2,102.90,650.50,297.14,DESCEND
1.1237,-0.0843,-0.0383,0.0328,-0.01283,-0.00903,0.00411,-5.00,0.00,0.00,5.3,102.90,650.50,297.08,DESCEND
1.1338,-0.0443,0.2816,-0.0771,0.01316,0.00996,0.00511,-5.00,0.00,0.00,5.3,102.90,650.50,297.04,DESCEND
1.1440,0.0556,-0.2883,0.2928,-0.00283,-0.00103,-0.00088,-5.00,0.00,0.00,5.4,102.90,650.50,296.98,DESCEND
1.1541,-0.2043,0.1616,0.2328,0.01316,0.01796,0.00211,-5.00,0.00,0.00,5.4,102.90,650.50,296.92,DESCEND
1.1642,-0.0243,0.2116,-0.4771,-0.00183,-0.00803,0.00711,-5.00,0.00,0.00,5.5,102.90,650.51,296.88,DESCEND
1.1743,0.0356,0.0216,-0.3471,-0.00583,-0.00603,0.00411,-5.00,0.00,0.00,5.5,102.90,650.51,296.82,DESCEND
1.1845,-0.0243,0.2816,-0.1671,0.00116,-0.00203,0.00611,-5.00,0.00,0.00,5.6,102.90,650.51,296.78,DESCEND
1.1946,0.0756,-0.0383,0.1228,0.02016,0.00696,0.00411,-5.00,0.00,0.00,5.6,102.90,650.51,296.72,DESCEND
1.2047,-0.0243,0.0316,0.1628,0.00016,-0.00103,0.00111,-5.00,0.00,0.00,5.7,102.90,650.51,296.68,DESCEND
1.2148,0.0456,0.3816,-0.2671,0.01016,-0.00203,0.00711,-5.00,0.00,0.00,5.7,102.90,650.52,296.62,DESCEND
1.2250,-0.1043,-0.1983,0.1928,-0.00083,0.00196,0.00211,-5.00,0.00,0.00,5.8,102.90,650.52,296.58,DESCEND
1.2351,-0.2143,-0.0583,0.1728,0.00016,0.00496,0.00411,-5.00,0.00,0.00,5.8,102.90,650.52,296.52,DESCEND
1.2452,0.1356,0.1916,-0.1071,-0.00083,-0.00403,0.00611,-5.00,0.00,0.00,5.9,102.90,650.52,296.48,DESCEND
1.2553,-0.0143,0.0516,0.0128,0.00616,0.00496,0.00211,-5.00,0.00,0.00,5.9,102.90,650.52,296.42,DESCEND
1.2655,0.0356,0.1816,-0.0271,0.01016,-0.00303,0.00211,-5.00,0.00,0.00,6.0,102.90,650.52,296.38,DESCEND
1.2756,-0.2143,-0.1083,-0.0571,0.00516,0.00996,0.00211,-5.00,0.00,0.00,6.0,102.90,650.53,296.32,DESCEND
1.2857,-0.0643,0.1416,-0.1671,0.00816,-0.00203,0.00511,-5.00,0.00,0.00,6.1,102.90,650.53,296.28,DESCEND
1.2958,0.0256,0.1816,-0.0471,0.01216,0.01196,0.00311,-5.00,0.00,0.00,6.1,102.90,650.53,296.22,DESCEND
1.3060,0.0056,0.4316,-0.2871,0.00416,-0.00503,0.00811,-5.00,0.00,0.00,6.2,102.90,650.53,296.18,DESCEND
1.3161,-0.0143,-0.0183,0.0028,0.00016,-0.00503,0.00211,-5.00,0.00,0.00,6.2,102.90,650.53,296.12,DESCEND
1.3262,0.0156,0.1216,0.1628,-0.00383,0.00096,0.00511,-5.00,0.00,0.00,6.3,102.90,650.54,296.06,DESCEND
1.3363,-0.0543,0.0716,-0.1371,-0.00683,-0.00503,0.00611,-5.00,0.00,0.00,6.3,102.90,650.54,296.02,DESCEND
1.3464,-0.0543,0.1016,-0.2471,-0.01883,-0.01803,0.00711,-5.00,0.00,0.00,6.4,102.90,650.54,295.96,DESCEND
1.3566,-0.0743,0.2916,-0.2371,-0.00583,-0.01203,0.00711,-5.00,0.00,0.00,6.4,102.90,650.54,295.92,DESCEND
1.3667,-0.0443,0.0416,0.0128,-0.00483,0.00296,0.00211,-5.00,0.00,0.00,6.5,102.90,650.54,295.86,DESCEND
1.3768,-0.0143,-0.0383,0.1528,0.01216,0.00896,0.00111,-5.00,0.00,0.00,6.5,102.90,650.55,295.82,DESCEND
1.3869,-0.0943,0.3016,-0.3371,-0.01083,-0.00703,0.00511,-5.00,0.00,0.00,6.6,102.90,650.55,295.76,DESCEND
1.3971,0.0156,-0.2983,0.3728,0.02616,0.01696,0.00111,-5.00,0.00,0.00,6.6,102.90,650.55,295.72,DESCEND
1.4072,-0.0643,0.1216,0.0728,0.00816,0.00396,0.00511,-5.00,0.00,0.00,6.7,102.90,650.55,295.66,DESCEND
1.4173,0.2256,0.0016,0.0828,0.01816,0.00896,0.00411,-5.00,0.00,0.00,6.7,102.90,650.55,295.62,DESCEND
1.4275,-0.0943,-0.2883,0.3428,0.00716,0.01196,0.00011,-5.00,0.00,0.00,6.8,102.90,650.56,295.56,DESCEND
1.4376,-0.2643,-0.1183,-0.0971,-0.00683,-0.00003,0.00411,-5.00,0.00,0.00,6.8,102.90,650.56,295.52,DESCEND
1.4477,-0.1843,0.2116,-0.0271,-0.00483,0.00496,0.00411,-5.00,0.00,0.00,6.9,102.90,650.56,295.46,DESCEND
1.4578,-0.2243,0.2016,-0.2471,-0.00383,0.00896,0.00711,-5.00,0.00,0.00,6.9,102.90,650.56,295.42,DESCEND
1.4679,0.0456,0.0916,0.2928,0.01816,0.01696,0.00311,-5.00,0.00,0.00,7.0,102.91,650.56,295.36,DESCEND
1.4781,-0.1943,0.3116,-0.1971,-0.00583,0.00696,0.00211,-5.00,0.00,0.00,7.0,102.91,650.57,295.30,DESCEND
1.4882,-0.1343,-0.1683,0.1128,0.00816,0.00896,0.00211,-5.00,0.00,0.00,7.1,102.91,650.57,295.26,DESCEND
1.4983,-0.1543,0.2216,-0.0171,-0.00683,-0.00203,0.00011,-5.00,0.00,0.00,7.1,102.91,650.57,295.20,DESCEND
1.5084,0.0056,-0.1083,-0.0971,-0.00483,-0.01003,0.00311,-5.00,0.00,0.00,7.2,102.91,650.57,295.16,DESCEND
1.5185,0.0156,0.2116,-0.0071,0.00016,-0.00503,0.00311,-5.00,0.00,0.00,7.2,102.91,650.57,295.10,DESCEND
1.5287,0.0056,0.2016,0.1328,-0.00183,-0.00203,0.00311,-5.00,0.00,0.00,7.3,102.91,650.57,295.06,DESCEND
1.5388,-0.1343,-0.2083,0.5528,-0.00083,0.01296,0.00111,-5.00,0.00,0.00,7.3,102.91,650.58,295.00,DESCEND
1.5490,-0.0343,0.0116,0.2328,-0.00983,-0.00403,0.00511,-5.00,0.00,0.00,7.4,102.91,650.58,294.96,DESCEND
1.5591,-0.1443,0.1916,0.2628,-0.02083,-0.00103,0.00411,-5.00,0.00,0.00,7.4,102.91,650.58,294.90,DESCEND
1.5692,-0.1343,0.0216,-0.0271,-0.00083,0.00096,0.00311,-5.00,0.00,0.00,7.5,102.91,650.58,294.86,DESCEND
1.5793,0.0256,-0.0683,-0.0071,-0.00483,-0.00703,0.00311,-5.00,0.00,0.00,7.5,102.91,650.58,294.80,DESCEND
1.5894,-0.0043,-0.0783,0.1928,0.01316,0.00596,0.00311,-5.00,0.00,0.00,7.6,102.91,650.59,294.76,DESCEND
1.5995,-0.1943,0.1616,-0.0471,-0.00983,-0.00903,0.00511,-5.00,0.00,0.00,7.6,102.91,650.59,294.70,DESCEND
1.6097,0.0056,0.2316,-0.0071,-0.00283,-0.00403,0.00311,-5.00,0.00,0.00,7.7,102.91,650.59,294.66,DESCEND
1.6198,0.0456,-0.0283,-0.1271,0.00616,0.00096,0.00211,-5.00,0.00,0.00,7.7,102.91,650.59,294.60,DESCEND
1.6299,-0.2043,0.3116,-0.0471,-0.03083,-0.01203,0.00411,-5.00,0.00,0.00,7.8,102.91,650.59,294.56,DESCEND
1.6401,-0.0943,0.1416,0.1028,0.00216,0.00096,0.00511,-5.00,0.00,0.00,7.8,102.91,650.60,294.50,DESCEND
1.6502,-0.1643,0.4016,0.0028,0.00516,-0.00003,0.00611,-5.00,0.00,0.00,7.9,102.91,650.60,294.44,DESCEND
1.6603,-0.0443,0.4416,-0.2771,-0.00783,-0.00803,0.00811,-5.00,0.00,0.00,7.9,102.91,650.60,294.40,DESCEND
1.6704,0.0456,0.1816,0.0728,0.01416,0.00796,0.00411,-5.00,0.00,0.00,8.0,102.91,650.60,294.34,DESCEND
1.6806,0.1356,-0.2483,0.2428,0.01016,0.00796,-0.00088,-5.00,0.00,0.00,8.0,102.91,650.60,294.30,DESCEND
1.6907,-0.0743,0.1016,-0.2371,-0.01683,-0.00703,0.00411,-5.00,0.00,0.00,8.1,102.91,650.61,294.24,DESCEND
1.7008,-0.0343,-0.0383,0.2528,0.01516,0.00996,0.00511,-5.00,0.00,0.00,8.1,102.91,650.61,294.20,DESCEND
1.7109,-0.1043,-0.0883,0.1828,0.00116,-0.00203,0.00411,-5.00,0.00,0.00,8.2,102.91,650.61,294.14,DESCEND
1.7210,-0.2143,0.2516,-0.2871,0.00316,-0.00203,0.01011,-5.00,0.00,0.00,8.2,102.91,650.61,294.10,DESCEND
1.7312,-0.3143,0.1016,0.1128,-0.00883,0.00696,0.00411,-5.00,0.00,0.00,8.3,102.91,650.61,294.04,DESCEND
1.7413,-0.0043,0.2316,-0.0871,0.00216,-0.00303,0.00411,-5.00,0.00,0.00,8.3,102.91,650.61,294.00,DESCEND
1.7514,-0.1743,0.2116,-0.1271,-0.00883,-0.00303,0.00711,-5.00,0.00,0.00,8.4,102.91,650.62,293.94,DESCEND
1.7615,-0.0843,0.5916,-0.5771,-0.01183,-0.01603,0.01111,-5.00,0.00,0.00,8.4,102.91,650.62,293.90,DESCEND
1.7716,-0.1043,0.1016,-0.0071,-0.00683,-0.00303,0.00211,-5.00,0.00,0.00,8.5,102.91,650.62,293.84,DESCEND
1.7817,-0.1343,0.5516,-0.3371,-0.01483,-0.00503,0.01211,-5.00,0.00,0.00,8.5,102.91,650.62,293.80,DESCEND
1.7918,0.0856,-0.0483,0.0728,0.00316,-0.00403,0.00411,-5.00,0.00,0.00,8.6,102.91,650.62,293.74,DESCEND
1.8019,-0.0743,0.1716,-0.0471,-0.00383,-0.00203,0.00711,-5.00,0.00,0.00,8.6,102.91,650.63,293.70,DESCEND
1.8120,-0.1943,0.2616,0.0128,-0.00683,-0.00003,0.00611,-5.00,0.00,0.00,8.7,102.91,650.63,293.64,DESCEND
1.8222,0.0056,0.3416,-0.2271,0.00616,0.00296,0.00711,-5.00,0.00,0.00,8.7,102.91,650.63,293.60,DESCEND
1.8323,-0.0543,0.3016,-0.3171,0.00516,-0.00103,0.00611,-5.00,0.00,0.00,8.8,102.91,650.63,293.54,DESCEND
1.8424,0.0556,0.0516,-0.0071,-0.00483,-0.00603,0.00211,-5.00,0.00,0.00,8.9,102.91,650.63,293.48,DESCEND
1.8525,-0.0843,-0.0383,-0.1571,0.00316,-0.00803,0.00211,-5.00,0.00,0.00,8.9,102.91,650.63,293.44,DESCEND
1.8626,-0.2143,0.3216,-0.1971,-0.01883,-0.00403,0.00511,-5.00,0.00,0.00,9.0,102.91,650.64,293.38,DESCEND
1.8728,-0.1043,-0.0683,0.2928,0.01016,0.00596,0.00511,-5.00,0.00,0.00,9.0,102.91,650.64,293.34,DESCEND
1.8829,-0.0243,0.1716,0.1228,0.00916,0.00796,0.00511,-5.00,0.00,0.00,9.1,102.91,650.64,293.28,DESCEND
1.8930,0.0156,0.2416,-0.0171,0.00216,-0.00803,0.00411,-5.00,0.00,0.00,9.1,102.91,650.64,293.24,DESCEND
1.9031,-0.1043,0.3716,-0.3771,0.00716,0.00696,0.00711,-5.00,0.00,0.00,9.2,102.91,650.64,293.18,DESCEND
1.9132,-0.2243,0.4316,0.0528,-0.00983,0.00896,0.00511,-5.00,0.00,0.00,9.2,102.91,650.65,293.14,DESCEND
1.9233,0.0156,0.2216,-0.0671,0.02016,0.01196,0.00311,-5.00,0.00,0.00,9.3,102.91,650.65,293.08,DESCEND
1.9335,-0.1343,0.1716,-0.1771,-0.01183,-0.00903,0.00411,-5.00,0.00,0.00,9.3,102.91,650.65,293.04,DESCEND
1.9436,-0.1443,0.2216,-0.1571,-0.00183,-0.00503,0.00811,-5.00,0.00,0.00,9.4,102.91,650.65,292.98,DESCEND
1.9537,0.0256,0.3216,0.0028,0.00416,-0.00103,0.00411,-5.00,0.00,0.00,9.4,102.91,650.65,292.94,DESCEND
1.9638,0.0856,0.1416,0.2028,0.02716,0.00496,0.00411,-5.00,0.00,0.00,9.5,102.91,650.66,292.88,DESCEND
1.9740,0.0556,-0.0883,-0.0771,0.00616,-0.00303,0.00111,-5.00,0.00,0.00,9.5,102.91,650.66,292.84,DESCEND
1.9841,-0.0843,0.2916,0.1028,-0.00783,-0.00303,0.00511,-5.00,0.00,0.00,9.6,102.91,650.66,292.78,DESCEND
1.9942,0.0256,0.0716,0.0328,-0.01483,-0.00803,0.00211,-5.00,0.00,0.00,9.6,102.91,650.66,292.74,DESCEND
2.0043,-0.2143,-0.0483,0.1328,0.00316,0.00496,0.00311,-5.00,0.00,0.00,9.7,102.92,650.66,292.68,DESCEND
2.0144,0.0756,-0.2483,0.0328,0.01616,-0.00103,0.00311,-5.00,0.00,0.00,9.7,102.92,650.67,292.62,DESCEND
2.0245,-0.0343,-0.0483,-0.0871,0.01616,0.00696,0.00311,-5.00,0.00,0.00,9.8,102.92,650.67,292.58,DESCEND
2.0347,-0.2343,0.3616,-0.0271,0.00116,0.01796,0.00711,-5.00,0.00,0.00,9.8,102.92,650.67,292.52,DESCEND
2.0448,-0.2143,-0.1383,0.2428,-0.02483,0.00196,0.00311,-5.00,0.00,0.00,9.9,102.92,650.67,292.48,DESCEND
2.0549,0.0356,0.1316,-0.0971,-0.00083,-0.00703,0.00511,-5.00,0.00,0.00,9.9,102.92,650.67,292.42,DESCEND
2.0650,-0.2443,0.4116,-0.2271,-0.02583,-0.01103,0.00611,-5.00,0.00,0.00,10.0,102.92,650.67,292.38,DESCEND
2.0751,-0.2043,0.1316,0.1928,-0.02083,0.00596,0.00411,-5.00,0.00,0.00,10.0,102.92,650.68,292.32,DESCEND
2.0852,0.0656,0.0916,-0.1371,0.01016,0.00396,0.00211,-5.00,0.00,0.00,10.1,102.92,650.68,292.28,DESCEND
2.0953,-0.1643,0.2416,-0.5671,-0.00883,-0.01303,0.00911,-5.00,0.00,0.00,10.1,102.92,650.68,292.22,DESCEND
2.1054,-0.1643,0.2816,-0.3671,0.01616,0.00896,0.00611,-5.00,0.00,0.00,10.2,102.92,650.68,292.18,DESCEND
2.1156,-0.1943,0.0116,0.0028,-0.02583,-0.00503,0.00611,-5.00,0.00,0.00,10.2,102.92,650.68,292.12,DESCEND
2.1257,0.1556,-0.1983,0.1328,0.01416,0.00296,0.00411,-5.00,0.00,0.00,10.3,102.92,650.69,292.08,DESCEND
2.1363,-0.0443,0.1816,-0.2371,-0.02183,-0.01903,0.00411,-5.00,0.00,0.00,10.3,102.92,650.69,292.02,DESCEND
2.1464,0.0456,0.0516,0.1628,0.00916,0.00196,0.00211,-5.00,0.00,0.00,10.4,102.92,650.69,291.96,DESCEND
2.1565,-0.0543,0.2516,0.0228,-0.00483,-0.00203,0.00411,-5.00,0.00,0.00,10.4,102.92,650.69,291.92,DESCEND
2.1667,-0.1743,0.1216,0.0828,-0.00383,0.00596,0.00611,-5.00,0.00,0.00,10.5,102.92,650.69,291.86,DESCEND
2.1768,0.0456,0.3316,-0.0571,-0.00483,-0.01403,0.00611,-5.00,0.00,0.00,10.5,102.92,650.70,291.82,DESCEND
2.1869,-0.0243,0.2416,-0.1971,0.01116,0.00596,0.00711,-5.00,0.00,0.00,10.6,102.92,650.70,291.76,DESCEND
2.1973,0.0256,-0.0883,0.0228,0.00816,0.00296,0.00111,-5.00,0.00,0.00,10.6,102.92,650.70,291.72,DESCEND
2.2075,-0.2343,0.1016,-0.0971,-0.00883,-0.01203,0.00611,-5.00,0.00,0.00,10.7,102.92,650.70,291.66,DESCEND
2.2176,-0.0343,0.3116,-0.1671,-0.00083,-0.00003,0.00411,-5.00,0.00,0.00,10.7,102.92,650.70,291.62,DESCEND
2.2277,0.0056,0.3616,-0.3871,0.02316,-0.00203,0.00711,-5.00,0.00,0.00,10.8,102.92,650.71,291.56,DESCEND
2.2378,-0.0043,-0.0583,-0.0971,0.01616,0.00796,0.00611,-5.00,0.00,0.00,10.8,102.92,650.71,291.52,DESCEND
2.2479,-0.1143,0.0116,-0.1171,0.00716,-0.00003,0.00611,-5.00,0.00,0.00,10.9,102.92,650.71,291.46,DESCEND
2.2581,-0.0643,0.2116,0.2528,0.00316,0.01096,0.00711,-5.00,0.00,0.00,10.9,102.92,650.71,291.40,DESCEND
2.2682,-0.1343,-0.1083,0.0828,-0.00583,0.00096,0.00311,-5.00,0.00,0.00,11.0,102.92,650.71,291.36,DESCEND
2.2784,-0.0943,0.2516,-0.0371,0.00216,0.00296,0.00611,-5.00,0.00,0.00,11.0,102.92,650.72,291.30,DESCEND
2.2885,-0.0943,0.6016,-0.5371,-0.00483,-0.01403,0.01111,-5.00,0.00,0.00,11.1,102.92,650.72,291.26,DESCEND
2.2986,-0.0643,0.2016,-0.2471,-0.01783,-0.01303,0.00611,-5.00,0.00,0.00,11.1,102.92,650.72,291.20,DESCEND
2.3087,-0.1043,-0.1383,0.3528,-0.00583,0.00096,0.00511,-5.00,0.00,0.00,11.2,102.92,650.72,291.16,DESCEND
2.3189,-0.0943,-0.2083,0.3628,0.00516,0.00896,0.00611,-5.00,0.00,0.00,11.2,102.92,650.72,291.10,DESCEND
2.3290,-0.0943,0.2216,-0.1971,-0.00583,-0.01703,0.00611,-5.00,0.00,0.00,11.3,102.92,650.72,291.06,DESCEND
2.3392,-0.0543,0.1616,-0.2371,-0.01683,-0.01603,0.00311,-5.00,0.00,0.00,11.3,102.92,650.73,291.00,DESCEND
2.3493,-0.0843,0.0416,-0.2271,-0.01283,-0.00803,0.00211,-5.00,0.00,0.00,11.4,102.92,650.73,290.96,DESCEND
2.3594,-0.1043,0.0816,0.2028,0.00216,0.00396,0.00411,-5.00,0.00,0.00,11.4,102.92,650.73,290.90,DESCEND
2.3695,-0.2043,-0.1283,0.1628,-0.01183,-0.00003,0.00111,-5.00,0.00,0.00,11.5,102.92,650.73,290.86,DESCEND
2.3796,0.0056,0.1816,-0.0471,0.02416,0.01396,0.00611,-5.00,0.00,0.00,11.5,102.92,650.73,290.80,DESCEND
2.3898,-0.0143,0.3816,0.0028,0.01216,-0.00103,0.00911,-5.00,0.00,0.00,11.6,102.92,650.74,290.76,DESCEND
2.3999,-0.0443,0.4416,0.0028,-0.00083,0.00896,0.00411,-5.00,0.00,0.00,11.6,102.92,650.74,290.70,DESCEND
2.4100,-0.2143,-0.1483,-0.0171,-0.00483,0.00096,0.00811,-5.00,0.00,0.00,11.7,102.92,650.74,290.66,DESCEND
2.4201,0.1956,0.2916,-0.3271,0.01216,-0.00403,0.00111,-5.00,0.00,0.00,11.7,102.92,650.74,290.60,DESCEND
2.4302,0.0756,-0.1083,0.0928,0.01316,0.00596,0.00311,-5.00,0.00,0.00,11.8,102.92,650.74,290.57,DESCEND
2.4403,-0.0943,0.0916,0.1128,0.00416,0.00396,0.00911,-5.00,0.00,0.00,11.8,102.92,650.74,290.51,DESCEND
2.4504,-0.1343,-0.1483,0.0428,0.00916,0.01196,0.00311,-5.00,0.00,0.00,11.9,102.92,650.75,290.45,DESCEND
2.4605,-0.1443,-0.1283,0.5628,-0.00183,0.00896,0.00311,-5.00,0.00,0.00,11.9,102.92,650.75,290.41,DESCEND
2.4707,-0.2743,0.0616,0.2928,-0.01683,-0.00503,0.00911,-5.00,0.00,0.00,12.0,102.92,650.75,290.35,DESCEND
2.4808,-0.2143,0.2216,-0.0771,0.00716,0.00596,0.00511,-5.00,0.00,0.00,12.0,102.92,650.75,290.31,DESCEND
2.4909,-0.0543,-0.0283,0.0428,0.00216,0.00796,0.00711,-5.00,0.00,0.00,12.1,102.92,650.75,290.25,DESCEND
2.5010,-0.0543,0.3016,-0.1371,0.01516,0.00196,0.00711,-5.00,0.00,0.00,12.1,102.92,650.76,290.21,DESCEND
2.5111,-0.1443,0.1116,-0.1171,-0.01183,-0.01203,0.00711,-5.00,0.00,0.00,12.2,102.92,650.76,290.15,DESCEND
2.5212,-0.1543,0.1716,0.2428,-0.01183,-0.00703,0.00611,-5.00,0.00,0.00,12.2,102.92,650.76,290.11,DESCEND
2.5314,-0.1543,0.3316,-0.2171,-0.00083,-0.00103,0.00711,-5.00,0.00,0.00,12.3,102.92,650.76,290.05,DESCEND
2.5415,0.0356,0.0416,0.2928,0.01616,0.00796,0.00511,-5.00,0.00,0.00,12.3,102.92,650.76,290.01,DESCEND
2.5516,0.0456,0.1616,0.1828,0.00616,0.00296,0.00511,-5.00,0.00,0.00,12.4,102.93,650.77,289.95,DESCEND
2.5617,-0.1243,-0.0983,0.0228,0.00316,0.00296,0.00511,-5.00,0.00,0.00,12.4,102.93,650.77,289.91,DESCEND
2.5718,0.0256,0.1116,0.1428,-0.00483,-0.00603,0.00411,-5.00,0.00,0.00,12.5,102.93,650.77,289.85,DESCEND
2.5820,0.0356,0.0416,0.2628,0.00516,0.00396,0.00511,-5.00,0.00,0.00,12.5,102.93,650.77,289.81,DESCEND
2.5921,-0.0643,0.2916,-0.3871,-0.00483,-0.01403,0.00511,-5.00,0.00,0.00,12.6,102.93,650.77,289.75,DESCEND
2.6022,0.0956,0.0816,0.1128,0.01916,0.01496,0.00611,-5.00,0.00,0.00,12.6,102.93,650.77,289.71,DESCEND
2.6124,0.1956,0.2716,-0.3371,0.01216,-0.00603,0.00711,-5.00,0.00,0.00,12.7,102.93,650.78,289.65,DESCEND
2.6225,-0.1643,0.2616,-0.0571,-0.00983,-0.00903,0.00711,-5.00,0.00,0.00,12.8,102.93,650.78,289.59,DESCEND
2.6326,-0.1943,0.4716,0.0228,-0.00983,-0.00103,0.00711,-5.00,0.00,0.00,12.8,102.93,650.78,289.55,DESCEND
2.6427,-0.0843,0.2516,0.0828,-0.00483,-0.00703,0.00711,-5.00,0.00,0.00,12.9,102.93,650.78,289.49,DESCEND
2.6528,-0.0243,-0.0683,0.0928,0.00216,0.00396,0.00511,-5.00,0.00,0.00,12.9,102.93,650.78,289.45,DESCEND
2.6629,-0.0243,0.0416,0.3628,0.00316,0.00396,0.00211,-5.00,0.00,0.00,13.0,102.93,650.79,289.39,DESCEND
2.6731,-0.0143,-0.0083,0.1028,0.00316,0.00396,0.00211,-5.00,0.00,0.00,13.0,102.93,650.79,289.35,DESCEND
2.6832,-0.0843,0.2016,-0.2471,-0.02083,-0.01303,0.01011,-5.00,0.00,0.00,13.1,102.93,650.79,289.29,DESCEND
2.6933,0.2456,-0.0083,0.0628,0.00616,-0.00703,0.00211,-5.00,0.00,0.00,13.1,102.93,650.79,289.25,DESCEND
2.7034,-0.0743,0.0216,-0.0371,0.00216,0.00196,0.00211,-5.00,0.00,0.00,13.2,102.93,650.79,289.19,DESCEND
2.7135,-0.0143,-0.1383,0.3628,0.01416,0.01796,0.00311,-5.00,0.00,0.00,13.2,102.93,650.80,289.15,DESCEND
2.7236,-0.0043,0.2916,-0.1771,0.00416,-0.01003,0.00611,-5.00,0.00,0.00,13.3,102.93,650.80,289.09,DESCEND
2.7337,0.0956,0.3116,-0.2571,-0.00483,-0.00903,0.00611,-5.00,0.00,0.00,13.3,102.93,650.80,289.05,DESCEND
2.7438,-0.0043,0.0016,0.1228,0.00716,-0.00103,0.00411,-5.00,0.00,0.00,13.4,102.93,650.80,288.99,DESCEND
2.7539,0.0856,0.0616,-0.1571,0.00516,-0.01303,0.00611,-5.00,0.00,0.00,13.4,102.93,650.80,288.95,DESCEND
2.7640,-0.1343,0.3216,-0.1271,0.00516,0.00396,0.00511,-5.00,0.00,0.00,13.5,102.93,650.81,288.89,DESCEND
2.7741,-0.0843,0.1516,0.1928,-0.00283,0.00596,0.00511,-5.00,0.00,0.00,13.5,102.93,650.81,288.85,DESCEND
2.7843,0.0656,0.0916,-0.0371,0.00016,0.00296,0.00611,-5.00,0.00,0.00,13.6,102.93,650.81,288.79,DESCEND
2.7944,0.0556,0.3816,-0.1971,0.00816,-0.00003,0.00411,-5.00,0.00,0.00,13.6,102.93,650.81,288.75,DESCEND
2.8045,-0.0643,0.0816,-0.0771,-0.00983,-0.00903,0.00611,-5.00,0.00,0.00,13.7,102.93,650.81,288.69,DESCEND
2.8146,0.0756,0.0716,0.1928,-0.00683,-0.00403,0.00711,-5.00,0.00,0.00,13.7,102.93,650.82,288.63,DESCEND
2.8247,-0.1043,0.1616,-0.1971,0.00216,-0.00103,0.00711,-5.00,0.00,0.00,13.8,102.93,650.82,288.59,DESCEND
2.8348,0.0256,-0.2183,0.0828,0.00816,-0.00103,0.00611,-5.00,0.00,0.00,13.8,102.93,650.82,288.53,DESCEND
2.8449,-0.0443,-0.0483,-0.2671,0.01416,-0.00203,0.00011,-5.00,0.00,0.00,13.9,102.93,650.82,288.49,DESCEND
2.8551,-0.1843,0.0816,0.1928,0.01116,0.01196,0.00311,-5.00,0.00,0.00,13.9,102.93,650.82,288.43,DESCEND
2.8652,0.0156,-0.2783,0.6728,0.00816,0.00696,0.00411,-5.00,0.00,0.00,14.0,102.93,650.82,288.39,DESCEND
2.8753,-0.1443,-0.1783,0.2428,-0.00683,-0.00703,0.00111,-5.00,0.00,0.00,14.0,102.93,650.83,288.33,DESCEND
2.8854,0.0756,0.1616,0.1828,0.02516,0.00796,0.00411,-5.00,0.00,0.00,14.1,102.93,650.83,288.29,DESCEND
2.8955,-0.2443,-0.0683,0.2428,0.00616,0.01896,0.00711,-5.00,0.00,0.00,14.1,102.93,650.83,288.23,DESCEND
2.9056,-0.2043,0.1716,-0.1071,0.00316,0.00196,0.00811,-5.00,0.00,0.00,14.2,102.93,650.83,288.19,DESCEND
2.9157,0.0556,0.0816,0.0428,0.00016,-0.00303,0.00511,-5.00,0.00,0.00,14.2,102.93,650.83,288.13,DESCEND
2.9259,-0.2043,0.2316,-0.0571,0.00216,0.00696,0.00711,-5.00,0.00,0.00,14.3,102.93,650.84,288.09,DESCEND
2.9360,-0.0143,0.3316,-0.0271,-0.00483,-0.00703,0.00711,-5.00,0.00,0.00,14.3,102.93,650.84,288.03,DESCEND
2.9461,-0.2343,0.0816,0.2128,-0.01083,-0.00303,0.00611,-5.00,0.00,0.00,14.4,102.93,650.84,287.99,DESCEND
2.9562,-0.0343,0.1916,-0.2171,-0.00283,-0.01203,0.00911,-5.00,0.00,0.00,14.4,102.93,650.84,287.93,DESCEND
2.9663,-0.1543,0.2516,-0.1471,0.00516,-0.00203,0.00611,-5.00,0.00,0.00,14.5,102.93,650.84,287.89,DESCEND
2.9764,0.1256,-0.2483,0.0028,0.01416,-0.01103,-0.00188,-5.00,0.00,0.00,14.5,102.93,650.85,287.83,DESCEND
2.9865,-0.2143,0.4916,0.1528,-0.00383,0.00696,0.01111,-5.00,0.00,0.00,14.6,102.93,650.85,287.77,DESCEND
2.9967,0.0656,0.2816,-0.3171,0.01516,-0.00503,0.00811,-5.00,0.00,0.00,14.6,102.93,650.85,287.73,DESCEND
3.0068,0.0256,-0.2283,-0.0671,-0.00283,-0.00303,0.00011,-5.00,0.00,0.00,14.7,102.93,650.85,287.67,DESCEND
3.0169,-0.1943,0.0516,0.2228,-0.00583,-0.00003,0.00611,-5.00,0.00,0.00,14.7,102.93,650.85,287.63,DESCEND
3.0270,-0.0143,0.1316,0.0528,-0.00783,0.00296,0.00611,-5.00,0.00,0.00,14.8,102.93,650.86,287.57,DESCEND
3.0371,0.0256,0.4516,-0.4771,-0.00383,-0.01103,0.00711,-5.00,0.00,0.00,14.8,102.93,650.86,287.53,DESCEND
3.0473,-0.0743,0.1216,-0.2671,0.00516,-0.00403,0.00811,-5.00,0.00,0.00,14.9,102.93,650.86,287.47,DESCEND
3.0574,-0.1143,-0.0583,0.1928,0.00116,0.00696,0.00411,-5.00,0.00,0.00,14.9,102.93,650.86,287.43,DESCEND
3.0675,0.1056,-0.3383,0.3728,0.01916,0.00496,-0.00188,-5.00,0.00,0.00,15.0,102.93,650.86,287.37,DESCEND
3.0776,-0.0043,0.1516,0.0428,0.00216,0.00296,0.00711,-5.00,0.00,0.00,15.0,102.93,650.86,287.33,DESCEND
3.0877,-0.1043,0.2716,-0.0371,-0.01283,-0.01203,0.00911,-5.00,0.00,0.00,15.1,102.93,650.87,287.27,DESCEND
3.0978,-0.0643,0.1616,0.0828,0.00216,0.00596,0.00411,-5.00,0.00,0.00,15.1,102.93,650.87,287.23,DESCEND
3.1080,0.0756,0.1816,-0.1271,0.00716,-0.00503,0.00711,-5.00,0.00,0.00,15.2,102.93,650.87,287.17,DESCEND
3.1181,-0.0543,-0.1683,0.1328,0.00816,-0.00003,0.00511,-5.00,0.00,0.00,15.2,102.94,650.87,287.13,DESCEND
3.1282,-0.0043,0.2216,-0.2671,-0.00283,-0.01103,0.00711,-5.00,0.00,0.00,15.3,102.94,650.87,287.07,DESCEND
3.1383,-0.0643,0.1916,-0.2171,-0.01083,-0.01303,0.01011,-5.00,0.00,0.00,15.3,102.94,650.88,287.03,DESCEND
3.1484,0.0756,0.1516,0.0128,-0.00483,-0.01103,0.01011,-5.00,0.00,0.00,15.4,102.94,650.88,286.97,DESCEND
3.1585,-0.0043,0.3716,-0.5971,-0.01383,-0.01803,0.01211,-5.00,0.00,0.00,15.4,102.94,650.88,286.91,DESCEND
3.1687,0.0556,0.1316,-0.0471,-0.00483,-0.01203,0.00711,-5.00,0.00,0.00,15.5,102.94,650.88,286.87,DESCEND
3.1788,-0.1543,0.1116,0.3028,0.00616,0.01296,0.00511,-5.00,0.00,0.00,15.5,102.94,650.88,286.81,DESCEND
3.1889,-0.0443,0.3616,-0.1371,0.00916,-0.00203,0.00811,-5.00,0.00,0.00,15.6,102.94,650.89,286.77,DESCEND
3.1990,-0.2043,0.2016,-0.1071,-0.01883,-0.00703,0.00811,-5.00,0.00,0.00,15.6,102.94,650.89,286.71,DESCEND
3.2091,-0.0843,0.0016,0.1728,0.01016,0.00596,0.00211,-5.00,0.00,0.00,15.7,102.94,650.89,286.67,DESCEND
3.2192,-0.2343,0.4316,-0.2071,-0.00283,-0.00803,0.01111,-5.00,0.00,0.00,15.7,102.94,650.89,286.61,DESCEND
3.2293,0.1156,0.0616,0.0428,0.01116,-0.00903,0.00711,-5.00,0.00,0.00,15.8,102.94,650.89,286.57,DESCEND
3.2394,-0.3343,0.2016,0.0828,-0.01683,-0.00003,0.00811,-5.00,0.00,0.00,15.8,102.94,650.89,286.51,DESCEND
3.2495,-0.1743,0.3716,-0.0871,-0.00983,-0.00203,0.00711,-5.00,0.00,0.00,15.9,102.94,650.90,286.47,DESCEND
3.2596,-0.0743,0.1416,-0.1471,-0.01183,-0.00003,0.01011,-5.00,0.00,0.00,15.9,102.94,650.90,286.41,DESCEND
3.2698,0.0056,0.1316,-0.1371,0.01016,-0.00203,0.00711,-5.00,0.00,0.00,16.0,102.94,650.90,286.37,DESCEND
3.2800,0.1156,0.0916,0.0428,0.01216,0.00096,0.00311,-5.00,0.00,0.00,16.0,102.94,650.90,286.31,DESCEND
3.2901,-0.2643,0.0916,0.1328,-0.00083,0.00696,0.00711,-5.00,0.00,0.00,16.1,102.94,650.90,286.27,DESCEND
3.3002,-0.0943,-0.1783,0.2828,0.00416,0.00596,0.00611,-5.00,0.00,0.00,16.1,102.94,650.91,286.21,DESCEND
3.3103,0.0656,0.1716,-0.0871,0.01316,-0.00403,0.00511,-5.00,0.00,0.00,16.2,102.94,650.91,286.17,DESCEND
3.3204,0.0156,-0.3783,0.1328,0.01116,0.00296,0.00211,-5.00,0.00,0.00,16.2,102.94,650.91,286.11,DESCEND
3.3306,0.0056,-0.0783,0.2628,0.00016,-0.00203,0.00511,-5.00,0.00,0.00,16.3,102.94,650.91,286.05,DESCEND
3.3407,-0.0243,-0.2183,0.1228,0.00516,-0.00203,0.00411,-5.00,0.00,0.00,16.3,102.94,650.91,286.01,DESCEND
3.3508,0.0756,0.2416,-0.0971,0.01616,-0.00003,0.00811,-5.00,0.00,0.00,16.4,102.94,650.92,285.95,DESCEND
3.3609,-0.0043,0.2816,0.0428,0.00216,0.00196,0.00511,-5.00,0.00,0.00,16.4,102.94,650.92,285.91,DESCEND
3.3710,-0.1043,0.0116,-0.0571,-0.00883,-0.01103,0.00411,-5.00,0.00,0.00,16.5,102.94,650.92,285.85,DESCEND
3.3812,-0.1643,0.4616,-0.2671,0.00316,0.00096,0.01011,-5.00,0.00,0.00,16.5,102.94,650.92,285.81,DESCEND
3.3913,0.0256,0.1716,-0.1571,0.01816,0.00096,0.01111,-5.00,0.00,0.00,16.6,102.94,650.92,285.75,DESCEND
3.4014,-0.0643,0.2216,0.0028,0.00016,0.00096,0.00611,-5.00,0.00,0.00,16.6,102.94,650.92,285.71,DESCEND
3.4115,-0.0643,-0.1083,0.0828,0.00216,-0.01003,0.00711,-5.00,0.00,0.00,16.7,102.94,650.93,285.65,DESCEND
3.4216,-0.0643,0.2816,-0.0371,0.00516,-0.00003,0.00611,-5.00,0.00,0.00,16.7,102.94,650.93,285.61,DESCEND
3.4317,-0.2143,0.2916,0.1528,-0.01183,-0.00003,0.00911,-5.00,0.00,0.00,16.8,102.94,650.93,285.55,DESCEND
3.4418,-0.0443,0.1216,0.0128,0.00616,-0.00303,0.01011,-5.00,0.00,0.00,16.8,102.94,650.93,285.51,DESCEND
3.4520,-0.0443,-0.0183,0.1628,0.01116,-0.00103,0.00811,-5.00,0.00,0.00,16.9,102.94,650.93,285.45,DESCEND
3.4621,-0.0643,0.3016,-0.2871,0.01116,0.00196,0.00711,-5.00,0.00,0.00,16.9,102.94,650.94,285.41,DESCEND
3.4722,0.1056,0.3916,-0.2171,0.01716,-0.00603,0.00811,-5.00,0.00,0.00,17.0,102.94,650.94,285.35,DESCEND
3.4823,-0.0443,0.1316,-0.0671,0.01616,0.00196,0.00611,-5.00,0.00,0.00,17.0,102.94,650.94,285.31,DESCEND
3.4924,-0.1443,0.1316,0.0328,0.00216,-0.00203,0.00811,-5.00,0.00,0.00,17.1,102.94,650.94,285.25,DESCEND
3.5025,-0.1443,0.0416,0.1228,-0.00083,-0.00303,0.00911,-5.00,0.00,0.00,17.1,102.94,650.94,285.21,DESCEND
3.5126,-0.3443,0.3916,0.1928,-0.01283,-0.00003,0.00611,-5.00,0.00,0.00,17.2,102.94,650.95,285.15,DESCEND
3.5228,-0.3543,0.2416,0.0028,-0.01683,-0.00203,0.00911,-5.00,0.00,0.00,17.3,102.94,650.95,285.09,DESCEND
3.5329,-0.0443,0.0716,0.0728,0.02216,0.00496,0.00711,-5.00,0.00,0.00,17.3,102.94,650.95,285.05,DESCEND
3.5430,-0.0043,-0.0283,0.3728,-0.00683,0.00796,0.00511,-5.00,0.00,0.00,17.4,102.94,650.95,284.99,DESCEND
3.5531,-0.2243,0.2716,0.1228,-0.00083,-0.00003,0.00811,-5.00,0.00,0.00,17.4,102.94,650.95,284.95,DESCEND
3.5632,0.0356,-0.0583,0.0928,-0.00183,-0.00203,0.00311,-5.00,0.00,0.00,17.5,102.94,650.96,284.89,DESCEND
3.5733,-0.0443,0.0816,-0.0171,0.00816,-0.00003,0.00511,-5.00,0.00,0.00,17.5,102.94,650.96,284.85,DESCEND
3.5835,-0.0543,0.3716,-0.0071,-0.01183,-0.00903,0.01211,-5.00,0.00,0.00,17.6,102.94,650.96,284.79,DESCEND
3.5936,-0.0543,-0.1083,-0.0771,-0.00983,-0.00903,0.00411,-5.00,0.00,0.00,17.6,102.94,650.96,284.75,DESCEND
3.6037,0.0256,0.2416,0.1028,0.00716,-0.00503,0.00811,-5.00,0.00,0.00,17.7,102.94,650.96,284.69,DESCEND
3.6138,-0.2043,0.4316,-0.2971,-0.01083,-0.00503,0.00911,-5.00,0.00,0.00,17.7,102.94,650.96,284.65,DESCEND
3.6239,-0.0843,0.0616,0.1428,-0.01183,-0.00303,0.00711,-5.00,0.00,0.00,17.8,102.94,650.97,284.59,DESCEND
3.6340,-0.0743,0.0316,0.1128,0.01216,0.00896,0.01011,-5.00,0.00,0.00,17.8,102.94,650.97,284.55,DESCEND
3.6441,-0.1643,0.5016,-0.3971,-0.01983,-0.01503,0.00811,-5.00,0.00,0.00,17.9,102.94,650.97,284.49,DESCEND
3.6543,-0.1743,0.4816,-0.2371,0.00216,-0.00103,0.01211,-5.00,0.00,0.00,17.9,102.94,650.97,284.45,DESCEND
3.6644,-0.1843,0.1816,0.1028,0.00016,0.00396,0.00711,-5.00,0.00,0.00,18.0,102.94,650.97,284.39,DESCEND
3.6745,0.0756,-0.0183,0.1528,0.02316,0.00296,0.00711,-5.00,0.00,0.00,18.0,102.94,650.98,284.33,DESCEND
3.6846,-0.1243,0.1116,0.0428,0.00816,-0.00103,0.00911,-5.00,0.00,0.00,18.1,102.95,650.98,284.29,DESCEND
3.6948,0.0056,0.0216,0.1428,0.01316,0.00096,0.00911,-5.00,0.00,0.00,18.1,102.95,650.98,284.23,DESCEND
3.7049,-0.0543,0.2516,-0.0271,0.00216,-0.00303,0.00811,-5.00,0.00,0.00,18.2,102.95,650.98,284.19,DESCEND
3.7150,0.0056,0.2816,-0.0571,0.00416,-0.00403,0.01011,-5.00,0.00,0.00,18.2,102.95,650.98,284.13,DESCEND
3.7251,-0.1643,0.1216,0.1828,0.00616,0.00796,0.00811,-5.00,0.00,0.00,18.3,102.95,650.99,284.09,DESCEND
3.7352,-0.0443,0.3816,-0.2471,-0.00383,-0.01303,0.00811,-5.00,0.00,0.00,18.3,102.95,650.99,284.03,DESCEND
3.7453,0.0456,-0.1383,0.3428,0.00616,0.00596,0.00511,-5.00,0.00,0.00,18.4,102.95,650.99,283.99,DESCEND
3.7554,0.0556,-0.0183,0.4328,-0.00783,-0.00303,0.00311,-5.00,0.00,0.00,18.4,102.95,650.99,283.93,DESCEND
3.7655,-0.1943,0.2316,-0.0771,0.01216,0.00296,0.01111,-5.00,0.00,0.00,18.5,102.95,650.99,283.89,DESCEND
3.7756,-0.0343,0.3816,-0.2271,-0.00583,-0.01603,0.01011,-5.00,0.00,0.00,18.5,102.95,651.00,283.83,DESCEND
3.7857,-0.2143,0.4516,-0.3871,0.00116,-0.00903,0.00911,-5.00,0.00,0.00,18.6,102.95,651.00,283.79,DESCEND
3.7958,-0.0643,-0.1183,0.2828,0.00616,0.00696,0.00911,-5.00,0.00,0.00,18.6,102.95,651.00,283.73,DESCEND
3.8060,-0.0043,0.3816,-0.1971,0.00316,-0.01303,0.01011,-5.00,0.00,0.00,18.7,102.95,651.00,283.69,DESCEND
3.8161,-0.0743,0.0616,0.4428,0.02416,0.01596,0.00911,-5.00,0.00,0.00,18.7,102.95,651.00,283.63,DESCEND
3.8262,-0.0843,-0.1383,0.1028,0.00016,0.00096,0.00711,-5.00,0.00,0.00,18.8,102.95,651.00,283.59,DESCEND
3.8363,-0.2143,0.5816,-0.1371,-0.00483,-0.00003,0.01011,-5.00,0.00,0.00,18.8,102.95,651.01,283.53,DESCEND
3.8464,-0.1943,0.0216,0.1128,-0.01783,-0.01203,0.01011,-5.00,0.00,0.00,18.9,102.95,651.01,283.47,DESCEND
3.8565,-0.0843,0.1516,-0.0071,0.01916,0.00596,0.01211,-5.00,0.00,0.00,18.9,102.95,651.01,283.43,DESCEND
3.8666,-0.1143,-0.1383,0.2128,0.00416,0.00596,0.00611,-5.00,0.00,0.00,19.0,102.95,651.01,283.39,DESCEND
3.8767,-0.2443,0.4816,-0.2871,-0.02183,-0.01303,0.01011,-5.00,0.00,0.00,19.0,102.95,651.01,283.33,DESCEND
3.8868,-0.0343,0.3916,-0.2871,0.00216,-0.00803,0.01411,-5.00,0.00,0.00,19.1,102.95,651.02,283.27,DESCEND
3.8969,-0.0043,-0.0083,0.1728,0.00816,0.00796,0.01011,-5.00,0.00,0.00,19.1,102.95,651.02,283.23,DESCEND
3.9070,-0.0643,0.0916,0.2328,0.01916,0.00996,0.00711,-5.00,0.00,0.00,19.2,102.95,651.02,283.17,DESCEND
3.9172,-0.2243,-0.0783,0.2928,-0.00083,0.00996,0.00611,-5.00,0.00,0.00,19.2,102.95,651.02,283.13,DESCEND
3.9273,-0.1443,0.3616,-0.4071,0.00016,-0.01403,0.00811,-5.00,0.00,0.00,19.3,102.95,651.02,283.07,DESCEND
3.9374,-0.2443,0.4716,-0.2871,-0.00683,-0.01103,0.01211,-5.00,0.00,0.00,19.3,102.95,651.03,283.03,DESCEND
3.9475,-0.1043,0.5716,-0.3171,-0.00583,-0.00703,0.01111,-5.00,0.00,0.00,19.4,102.95,651.03,282.97,DESCEND
3.9576,0.0456,-0.1283,0.0828,0.00816,0.00696,0.00711,-5.00,0.00,0.00,19.4,102.95,651.03,282.93,DESCEND
3.9677,0.0556,0.1016,0.3628,0.00716,0.00496,0.00911,-5.00,0.00,0.00,19.5,102.95,651.03,282.87,DESCEND
3.9779,-0.0043,0.0116,0.0528,0.00616,0.00096,0.00611,-5.00,0.00,0.00,19.5,102.95,651.03,282.83,DESCEND
3.9880,-0.0343,0.0816,0.0528,0.00016,0.00596,0.00811,-5.00,0.00,0.00,19.6,102.95,651.03,282.77,DESCEND
3.9981,-0.2143,0.5616,0.0328,-0.00883,-0.00603,0.01611,-5.00,0.00,0.00,19.6,102.95,651.04,282.73,DESCEND
4.0082,-0.1143,0.1616,0.0928,0.01416,0.00096,0.00811,-5.00,0.00,0.00,19.7,102.95,651.04,282.67,DESCEND
4.0183,0.0756,0.0216,-0.0571,0.00716,-0.00803,0.00711,-5.00,0.00,0.00,19.7,102.95,651.04,282.63,DESCEND
4.0284,0.0856,0.2916,-0.2271,0.00616,-0.01503,0.00511,-5.00,0.00,0.00,19.8,102.95,651.04,282.57,DESCEND
4.0385,-0.2143,0.2616,0.1428,-0.00883,-0.00903,0.00711,-5.00,0.00,0.00,19.8,102.95,651.04,282.53,DESCEND
4.0487,-0.0943,0.3916,0.0028,0.00516,-0.00903,0.01411,-5.00,0.00,0.00,19.9,102.95,651.05,282.47,DESCEND
4.0588,-0.1043,0.2816,-0.0671,-0.00683,-0.00603,0.00711,-5.00,0.00,0.00,19.9,102.95,651.05,282.41,DESCEND
4.0689,0.0456,0.2916,0.0228,0.01116,0.00096,0.01111,-5.00,0.00,0.00,20.0,102.95,651.05,282.37,DESCEND
4.0790,-0.0243,-0.0683,0.1928,0.00516,0.00296,0.00711,-5.00,0.00,0.00,20.0,102.95,651.05,282.31,DESCEND
4.0891,0.0256,0.1916,0.0028,0.00916,-0.00303,0.01011,-5.00,0.00,0.00,20.1,102.95,651.05,282.27,DESCEND
4.0992,-0.0643,0.0316,0.2528,-0.00183,0.00496,0.00911,-5.00,0.00,0.00,20.1,102.95,651.06,282.21,DESCEND
4.1093,0.0056,-0.0583,0.0328,0.00216,0.00196,0.00611,-5.00,0.00,0.00,20.2,102.95,651.06,282.17,DESCEND
4.1194,-0.1043,-0.0083,0.1928,-0.00683,-0.00303,0.00811,-5.00,0.00,0.00,20.2,102.95,651.06,282.11,DESCEND
4.1295,-0.1343,0.0716,0.2028,-0.00183,0.00296,0.00511,-5.00,0.00,0.00,20.3,102.95,651.06,282.07,DESCEND
4.1396,-0.1843,0.0916,0.1628,0.00616,0.00896,0.00611,-5.00,0.00,0.00,20.3,102.95,651.06,282.01,DESCEND
4.1497,0.0556,-0.2083,0.2028,0.00616,-0.00903,0.00611,-5.00,0.00,0.00,20.4,102.95,651.06,281.97,DESCEND
4.1598,-0.0143,0.3816,-0.1771,0.01116,0.00096,0.00611,-5.00,0.00,0.00,20.4,102.95,651.07,281.91,DESCEND
4.1700,0.0456,0.5716,-0.5171,0.01316,-0.00903,0.01211,-5.00,0.00,0.00,20.5,102.95,651.07,281.87,DESCEND
4.1801,-0.0443,-0.1283,0.0228,0.00116,-0.00703,0.00711,-5.00,0.00,0.00,20.5,102.95,651.07,281.81,DESCEND
4.1902,-0.0743,0.1916,-0.2771,-0.00083,-0.01003,0.00911,-5.00,0.00,0.00,20.6,102.95,651.07,281.77,DESCEND
4.2003,-0.1943,0.3416,0.0128,-0.00783,-0.00103,0.01011,-5.00,0.00,0.00,20.6,102.95,651.07,281.71,DESCEND
4.2105,0.0056,-0.0283,0.2628,-0.00183,0.00296,0.00711,-5.00,0.00,0.00,20.7,102.95,651.08,281.67,DESCEND
4.2205,0.1956,0.3616,-0.0371,0.01416,0.00096,0.00811,-5.00,0.00,0.00,20.7,102.95,651.08,281.61,DESCEND
4.2306,-0.2443,-0.0483,0.1128,-0.00283,0.00096,0.00811,-5.00,0.00,0.00,20.8,102.95,651.08,281.57,DESCEND
4.2407,-0.0543,0.3316,-0.4071,0.00216,-0.00503,0.00611,-5.00,0.00,0.00,20.8,102.95,651.08,281.51,DESCEND
4.2509,0.0756,0.3216,-0.1371,0.01316,-0.00803,0.01311,-5.00,0.00,0.00,20.9,102.95,651.08,281.45,DESCEND
4.2609,0.1356,0.0816,0.1028,0.01416,-0.00003,0.01111,-5.00,0.00,0.00,20.9,102.96,651.09,281.41,DESCEND
4.2710,0.2056,0.0916,0.0328,0.01916,-0.00203,0.00411,-5.00,0.00,0.00,21.0,102.96,651.09,281.35,DESCEND
4.2811,-0.0743,0.0416,0.2028,0.01216,0.00396,0.01011,-5.00,0.00,0.00,21.0,102.96,651.09,281.31,DESCEND
4.2913,0.0056,0.1716,-0.1671,0.01016,-0.00303,0.00911,-5.00,0.00,0.00,21.1,102.96,651.09,281.25,DESCEND
4.3014,-0.2343,-0.1583,0.3228,-0.00883,0.00396,0.00611,-5.00,0.00,0.00,21.1,102.96,651.09,281.21,DESCEND
4.3115,-0.3443,0.2616,0.1628,-0.00883,0.00096,0.01011,-5.00,0.00,0.00,21.2,102.96,651.10,281.15,DESCEND
4.3216,-0.0943,-0.0283,-0.1871,-0.00583,-0.01503,0.00911,-5.00,0.00,0.00,21.2,102.96,651.10,281.11,DESCEND
4.3317,0.0456,0.2116,-0.1071,0.01216,-0.00503,0.01011,-5.00,0.00,0.00,21.3,102.96,651.10,281.05,DESCEND
4.3418,-0.2543,0.3516,-0.0571,-0.02083,-0.00603,0.00911,-5.00,0.00,0.00,21.3,102.96,651.10,281.01,DESCEND
4.3520,0.0356,0.3816,-0.1371,-0.00883,-0.01303,0.00911,-5.00,0.00,0.00,21.4,102.96,651.10,280.95,DESCEND
4.3620,-0.0443,0.0216,-0.1671,0.00416,-0.00203,0.00911,-5.00,0.00,0.00,21.4,102.96,651.10,280.91,DESCEND
4.3721,-0.0843,-0.2183,0.1328,-0.00883,-0.00003,0.00711,-5.00,0.00,0.00,21.5,102.96,651.11,280.85,DESCEND
4.3823,-0.0043,0.1516,0.2028,0.01216,0.01296,0.01011,-5.00,0.00,0.00,21.5,102.96,651.11,280.81,DESCEND
4.3924,-0.2243,0.2516,0.0328,-0.00983,-0.00703,0.01211,-5.00,0.00,0.00,21.6,102.96,651.11,280.75,DESCEND
4.4025,-0.1443,0.2416,0.0228,0.00116,-0.00403,0.00911,-5.00,0.00,0.00,21.6,102.96,651.11,280.71,DESCEND
4.4126,-0.0843,0.0616,0.0028,-0.00283,-0.01003,0.01011,-5.00,0.00,0.00,21.7,102.96,651.11,280.65,DESCEND
4.4228,-0.1643,0.1716,0.2528,0.00316,0.00296,0.00711,-5.00,0.00,0.00,21.8,102.96,651.12,280.59,DESCEND
4.4329,0.0456,0.2216,-0.0771,0.00716,-0.00303,0.00711,-5.00,0.00,0.00,21.8,102.96,651.12,280.55,DESCEND
4.4429,-0.2643,0.3916,0.0528,-0.01583,-0.00303,0.01211,-5.00,0.00,0.00,21.9,102.96,651.12,280.49,DESCEND
4.4530,-0.2643,0.2216,0.2628,-0.01183,-0.00503,0.00911,-5.00,0.00,0.00,21.9,102.96,651.12,280.45,DESCEND
4.4632,-0.1843,-0.0683,0.3328,-0.00983,-0.00003,0.00811,-5.00,0.00,0.00,22.0,102.96,651.12,280.39,DESCEND
4.4733,0.0756,0.0716,-0.1871,0.01916,-0.00603,0.01011,-5.00,0.00,0.00,22.0,102.96,651.13,280.35,DESCEND
4.4834,-0.2743,0.1816,0.0328,-0.00683,0.00296,0.00911,-5.00,0.00,0.00,22.1,102.96,651.13,280.30,DESCEND
4.4935,-0.1343,0.2016,-0.2071,0.00416,-0.00803,0.00911,-5.00,0.00,0.00,22.1,102.96,651.13,280.26,DESCEND
4.5036,-0.2643,0.3716,0.0228,-0.00083,0.00296,0.01211,-5.00,0.00,0.00,22.2,102.96,651.13,280.20,DESCEND
4.5137,0.0256,-0.0483,-0.0071,0.00816,-0.00403,0.00911,-5.00,0.00,0.00,22.2,102.96,651.13,280.16,DESCEND
4.5238,0.0656,0.2816,-0.0971,0.00916,-0.00403,0.01011,-5.00,0.00,0.00,22.3,102.96,651.14,280.10,DESCEND
4.5339,-0.0843,0.0616,-0.0571,0.00516,0.00096,0.00811,-5.00,0.00,0.00,22.3,102.96,651.14,280.06,DESCEND
4.5440,-0.2343,0.3116,-0.0171,-0.00883,-0.01103,0.01411,-5.00,0.00,0.00,22.4,102.96,651.14,280.00,DESCEND
4.5541,-0.0843,0.2216,-0.0271,0.00716,0.00096,0.00811,-5.00,0.00,0.00,22.4,102.96,651.14,279.96,DESCEND
4.5642,-0.1143,-0.0883,-0.0171,-0.00083,-0.00503,0.01011,-5.00,0.00,0.00,22.5,102.96,651.14,279.90,DESCEND
4.5744,-0.0543,0.3016,-0.0271,0.00816,-0.00103,0.01311,-5.00,0.00,0.00,22.5,102.96,651.14,279.86,DESCEND
4.5845,-0.1243,0.2616,0.1828,0.00516,-0.00203,0.01211,-5.00,0.00,0.00,22.6,102.96,651.15,279.80,DESCEND
4.5946,-0.1143,0.2916,-0.1871,0.02116,0.00196,0.01011,-5.00,0.00,0.00,22.6,102.96,651.15,279.76,DESCEND
4.6047,0.1456,0.1616,0.1628,0.01816,0.00496,0.00711,-5.00,0.00,0.00,22.7,102.96,651.15,279.70,DESCEND
4.6149,0.1356,0.2516,-0.3271,0.01416,-0.01003,0.00911,-5.00,0.00,0.00,22.7,102.96,651.15,279.64,DESCEND
4.6250,-0.0943,-0.0383,0.0728,0.00416,0.00796,0.01011,-5.00,0.00,0.00,22.8,102.96,651.15,279.60,DESCEND
4.6351,0.0756,-0.0283,0.2128,0.01416,0.00196,0.00711,-5.00,0.00,0.00,22.8,102.96,651.16,279.54,DESCEND
4.6452,0.0056,0.1816,0.2328,-0.00383,-0.00703,0.01211,-5.00,0.00,0.00,22.9,102.96,651.16,279.50,DESCEND
4.6553,-0.0443,0.3116,0.0028,-0.00883,-0.01703,0.01111,-5.00,0.00,0.00,22.9,102.96,651.16,279.44,DESCEND
4.6655,-0.0043,-0.1083,0.3628,0.00416,-0.00403,0.00311,-5.00,0.00,0.00,23.0,102.96,651.16,279.40,DESCEND
4.6756,-0.1743,0.1916,-0.0071,-0.00983,-0.00503,0.01011,-5.00,0.00,0.00,23.0,102.96,651.16,279.34,DESCEND
4.6857,0.0956,0.2916,-0.3271,0.01116,-0.01303,0.00811,-5.00,0.00,0.00,23.1,102.96,651.17,279.30,DESCEND
4.6958,0.0156,0.0416,-0.1771,0.01716,-0.00503,0.01211,-5.00,0.00,0.00,23.1,102.96,651.17,279.24,DESCEND
4.7059,-0.0643,0.1216,-0.2271,0.00816,-0.00003,0.01011,-5.00,0.00,0.00,23.2,102.96,651.17,279.20,DESCEND
4.7161,-0.1543,0.2116,-0.0771,-0.00483,-0.00703,0.01211,-5.00,0.00,0.00,23.2,102.96,651.17,279.14,DESCEND
4.7262,-0.0743,0.1816,-0.0271,-0.00883,-0.01203,0.01111,-5.00,0.00,0.00,23.3,102.96,651.17,279.10,DESCEND
4.7363,-0.1443,-0.1583,0.4328,-0.00283,0.00796,0.00811,-5.00,0.00,0.00,23.3,102.96,651.18,279.04,DESCEND
4.7465,-0.1843,0.6216,-0.2271,-0.00583,-0.00803,0.01111,-5.00,0.00,0.00,23.4,102.96,651.18,279.00,DESCEND
4.7566,-0.0043,0.1516,0.1528,0.00916,-0.00103,0.01111,-5.00,0.00,0.00,23.4,102.96,651.18,278.94,DESCEND
4.7667,-0.1443,-0.2183,0.4328,0.00216,0.00096,0.00811,-5.00,0.00,0.00,23.5,102.96,651.18,278.90,DESCEND
4.7768,-0.0943,-0.2983,0.0128,0.00416,-0.00903,0.01011,-5.00,0.00,0.00,23.5,102.96,651.18,278.84,DESCEND
4.7869,-0.1543,0.3016,-0.0171,0.00016,-0.00103,0.00811,-5.00,0.00,0.00,23.6,102.96,651.18,278.78,DESCEND
4.7970,0.0656,0.0116,0.1128,-0.00983,-0.01403,0.01111,-5.00,0.00,0.00,23.6,102.96,651.19,278.74,DESCEND
4.8071,-0.2943,-0.2183,0.3828,-0.00083,0.01296,0.00711,-5.00,0.00,0.00,23.7,102.96,651.19,278.68,DESCEND
4.8173,0.0656,0.1216,0.4428,0.01616,0.00796,0.00611,-5.00,0.00,0.00,23.7,102.96,651.19,278.64,DESCEND
4.8274,-0.0043,0.0016,0.1528,-0.00183,-0.00803,0.01111,-5.00,0.00,0.00,23.8,102.96,651.19,278.58,DESCEND
4.8375,-0.2443,-0.1183,0.2928,0.01116,0.01096,0.00811,-5.00,0.00,0.00,23.8,102.96,651.19,278.54,DESCEND
4.8476,-0.0643,0.0316,-0.0871,0.00316,-0.00503,0.01011,-5.00,0.00,0.00,23.9,102.97,651.20,278.48,DESCEND
4.8577,-0.2943,-0.1383,0.2528,-0.00183,-0.00003,0.01211,-5.00,0.00,0.00,23.9,102.97,651.20,278.44,DESCEND
4.8679,0.0856,0.1516,0.0328,0.00516,-0.01003,0.01211,-5.00,0.00,0.00,24.0,102.97,651.20,278.38,DESCEND
4.8780,-0.0643,0.0916,0.0828,0.00916,-0.00403,0.01411,-5.00,0.00,0.00,24.0,102.97,651.20,278.34,DESCEND
4.8881,0.0156,0.1516,-0.1471,0.00516,-0.01003,0.01311,-5.00,0.00,0.00,24.1,102.97,651.20,278.28,DESCEND
4.8982,-0.0743,0.1916,-0.1371,-0.00283,-0.00103,0.00711,-5.00,0.00,0.00,24.1,102.97,651.21,278.24,DESCEND
4.9083,-0.1443,0.5216,-0.1271,0.00416,-0.01403,0.01311,-5.00,0.00,0.00,24.2,102.97,651.21,278.18,DESCEND
4.9185,0.1856,0.1016,-0.1471,0.00716,-0.00203,0.00811,-5.00,0.00,0.00,24.2,102.97,651.21,278.14,DESCEND
4.9286,-0.1043,-0.1283,0.2628,0.01516,0.00396,0.00611,-5.00,0.00,0.00,24.3,102.97,651.21,278.08,DESCEND
4.9387,0.1256,0.0716,0.1928,-0.00383,-0.01403,0.01011,-5.00,0.00,0.00,24.3,102.97,651.21,278.04,DESCEND
4.9488,0.1156,-0.0283,0.1428,0.01716,-0.00503,0.00711,-5.00,0.00,0.00,24.4,102.97,651.21,277.98,DESCEND
4.9589,-0.0643,-0.1983,0.3628,0.01416,0.00496,0.00711,-5.00,0.00,0.00,24.4,102.97,651.22,277.92,DESCEND
4.9690,0.0756,0.4016,-0.1571,0.01616,-0.00503,0.01511,-5.00,0.00,0.00,24.5,102.97,651.22,277.88,DESCEND
4.9791,-0.1343,0.0216,-0.0971,0.01416,-0.00103,0.00811,-5.00,0.00,0.00,24.5,102.97,651.22,277.82,DESCEND
4.9892,0.0156,0.1516,0.1028,0.02816,0.00396,0.01011,-5.00,0.00,0.00,24.6,102.97,651.22,277.78,DESCEND
4.9993,0.1556,0.0916,0.1228,0.02716,0.00196,0.00911,-5.00,0.00,0.00,24.6,102.97,651.22,277.72,DESCEND
5.0095,0.0256,0.0216,0.0628,0.01516,0.00096,0.01011,-5.00,0.00,0.00,24.7,102.97,651.23,277.68,DESCEND
5.0196,0.0356,0.1816,-0.2071,-0.00083,-0.00903,0.01211,-5.00,0.00,0.00,24.7,102.97,651.23,277.62,DESCEND
5.0297,0.0256,-0.0183,0.2028,0.00416,-0.00703,0.00611,-5.00,0.00,0.00,24.8,102.97,651.23,277.58,DESCEND
5.0398,-0.0243,0.2516,-0.1571,-0.00583,-0.00603,0.01211,-5.00,0.00,0.00,24.8,102.97,651.23,277.52,DESCEND
5.0499,0.0056,0.1716,-0.0471,-0.01283,-0.01403,0.01511,-5.00,0.00,0.00,24.9,102.97,651.23,277.48,DESCEND
5.0601,-0.0143,0.2416,0.0128,0.01916,-0.00303,0.00811,-5.00,0.00,0.00,24.9,102.97,651.24,277.42,DESCEND
5.0702,-0.0743,0.7016,-0.5371,-0.02383,-0.02503,0.01211,-5.00,0.00,0.00,25.0,102.97,651.24,277.38,DESCEND
5.0803,-0.0943,-0.1083,0.4828,-0.00083,-0.00403,0.00911,-5.00,0.00,0.00,25.0,102.97,651.24,277.32,DESCEND
5.0904,-0.0243,-0.0383,0.3328,0.01616,0.00996,0.00511,-5.00,0.00,0.00,25.1,102.97,651.24,277.28,DESCEND
5.1005,-0.1243,0.1016,-0.3171,-0.00083,-0.01103,0.01211,-5.00,0.00,0.00,25.1,102.97,651.24,277.22,DESCEND
5.1107,-0.1043,0.3316,0.0028,0.00716,-0.00503,0.01011,-5.00,0.00,0.00,25.2,102.97,651.24,277.18,DESCEND
5.1208,-0.0743,-0.1483,0.1528,0.01116,-0.00203,0.01111,-5.00,0.00,0.00,25.2,102.97,651.25,277.12,DESCEND
5.1309,-0.0143,0.1916,0.0428,0.02116,-0.00403,0.01111,-5.00,0.00,0.00,25.3,102.97,651.25,277.08,DESCEND
5.1410,0.1356,0.2016,0.0328,0.00316,-0.00703,0.01111,-5.00,0.00,0.00,25.3,102.97,651.25,277.02,DESCEND
5.1511,0.0356,0.2216,0.0328,-0.00083,-0.00603,0.01111,-5.00,0.00,0.00,25.4,102.97,651.25,276.96,DESCEND
5.1612,-0.2443,0.2516,-0.1371,0.00016,0.00096,0.01511,-5.00,0.00,0.00,25.4,102.97,651.25,276.92,DESCEND
5.1713,0.0656,-0.0083,0.1328,-0.00583,-0.00603,0.00611,-5.00,0.00,0.00,25.5,102.97,651.26,276.86,DESCEND
5.1814,-0.0343,0.1716,-0.1471,0.00216,-0.00203,0.01311,-5.00,0.00,0.00,25.5,102.97,651.26,276.82,DESCEND
5.1916,-0.1643,0.1816,0.1628,0.01516,0.00196,0.00911,-5.00,0.00,0.00,25.6,102.97,651.26,276.76,DESCEND
5.2017,-0.2443,0.3116,0.0528,0.01416,0.00796,0.01211,-5.00,0.00,0.00,25.6,102.97,651.26,276.72,DESCEND
5.2118,-0.0243,0.1416,-0.2171,0.00016,-0.00403,0.00811,-5.00,0.00,0.00,25.7,102.97,651.26,276.66,DESCEND
5.2219,-0.1543,0.3116,-0.1371,-0.00783,-0.00803,0.01511,-5.00,0.00,0.00,25.7,102.97,651.27,276.62,DESCEND
5.2320,-0.0343,0.3316,-0.3071,0.00416,-0.01103,0.01611,-5.00,0.00,0.00,25.8,102.97,651.27,276.56,DESCEND
5.2421,-0.0843,0.0216,-0.0371,0.01516,0.00496,0.01211,-5.00,0.00,0.00,25.8,102.97,651.27,276.52,DESCEND
5.2522,0.1656,0.0416,0.1128,0.01116,-0.00503,0.01111,-5.00,0.00,0.00,25.9,102.97,651.27,276.46,DESCEND
5.2623,-0.0443,0.1116,-0.1971,0.01316,-0.00703,0.01111,-5.00,0.00,0.00,25.9,102.97,651.27,276.42,DESCEND
5.2724,-0.0543,0.0216,0.3428,0.02316,-0.00003,0.01311,-5.00,0.00,0.00,26.0,102.97,651.28,276.36,DESCEND
5.2825,-0.2343,0.3816,-0.0471,-0.00983,-0.00603,0.01111,-5.00,0.00,0.00,26.0,102.97,651.28,276.32,DESCEND
5.2927,0.0756,-0.0583,0.1228,0.02216,-0.00003,0.01211,-5.00,0.00,0.00,26.1,102.97,651.28,276.26,DESCEND
5.3028,-0.0943,-0.0983,0.3428,0.01016,0.00296,0.01011,-5.00,0.00,0.00,26.1,102.97,651.28,276.22,DESCEND
5.3129,-0.3243,0.2916,0.0228,-0.02883,-0.01203,0.01611,-5.00,0.00,0.00,26.2,102.97,651.28,276.16,DESCEND
5.3229,-0.0043,-0.1083,0.3128,0.01816,0.01096,0.00911,-5.00,0.00,0.00,26.2,102.97,651.29,276.10,DESCEND
5.3331,-0.0043,0.2316,-0.1871,0.00916,-0.00503,0.01111,-5.00,0.00,0.00,26.3,102.97,651.29,276.06,DESCEND
5.3432,-0.1043,-0.1083,0.4228,0.00016,0.00296,0.00711,-5.00,0.00,0.00,26.3,102.97,651.29,276.00,DESCEND
5.3533,-0.3043,0.2316,0.3728,-0.00383,0.00496,0.01011,-5.00,0.00,0.00,26.4,102.97,651.29,275.96,DESCEND
5.3634,0.0356,-0.2183,0.1928,0.00116,-0.00303,0.00711,-5.00,0.00,0.00,26.4,102.97,651.29,275.90,DESCEND
5.3735,0.1556,0.1116,0.3328,0.02416,0.00696,0.01211,-5.00,0.00,0.00,26.5,102.97,651.29,275.86,DESCEND
5.3836,-0.1043,0.0816,0.1128,0.01516,0.00796,0.01211,-5.00,0.00,0.00,26.5,102.97,651.30,275.80,DESCEND
5.3937,-0.2343,0.3216,-0.2771,0.00216,-0.01103,0.01311,-5.00,0.00,0.00,26.6,102.97,651.30,275.76,DESCEND
5.4038,-0.0643,0.3816,0.0828,0.01116,0.01396,0.01111,-5.00,0.00,0.00,26.6,102.97,651.30,275.70,DESCEND
5.4140,-0.3443,0.2216,0.1928,-0.01883,-0.00403,0.01011,-5.00,0.00,0.00,26.7,102.97,651.30,275.66,DESCEND
5.4241,-0.0943,-0.1583,0.4728,0.01016,0.00696,0.01111,-5.00,0.00,0.00,26.7,102.97,651.30,275.60,DESCEND
5.4342,-0.0443,0.2316,0.1328,-0.00783,-0.00703,0.01111,-5.00,0.00,0.00,26.8,102.97,651.31,275.56,DESCEND
5.4443,-0.0643,0.0416,0.3928,0.00816,-0.00203,0.01211,-5.00,0.00,0.00,26.8,102.98,651.31,275.50,DESCEND
5.4545,-0.1343,0.0916,0.2228,0.01816,0.00696,0.00911,-5.00,0.00,0.00,26.9,102.98,651.31,275.46,DESCEND
5.4646,-0.0443,0.1216,0.2028,0.01416,0.00796,0.00911,-5.00,0.00,0.00,26.9,102.98,651.31,275.40,DESCEND
5.4747,-0.1443,0.2616,0.0028,0.01016,0.00896,0.01411,-5.00,0.00,0.00,27.0,102.98,651.31,275.36,DESCEND
5.4849,-0.0543,0.2816,-0.2171,-0.00083,-0.01103,0.01111,-5.00,0.00,0.00,27.0,102.98,651.32,275.30,DESCEND
5.4950,-0.1743,0.0716,-0.2171,-0.00983,-0.01403,0.01011,-5.00,0.00,0.00,27.1,102.98,651.32,275.26,DESCEND
5.5051,0.0956,0.1716,0.1228,0.02716,0.00296,0.01011,-5.00,0.00,0.00,27.1,102.98,651.32,275.20,DESCEND
5.5152,0.1156,-0.0183,-0.0371,0.01616,-0.01103,0.00911,-5.00,0.00,0.00,27.2,102.98,651.32,275.14,DESCEND
5.5253,-0.1843,0.0316,0.2828,0.01316,0.00296,0.01111,-5.00,0.00,0.00,27.2,102.98,651.32,275.10,DESCEND
5.5354,-0.0543,0.7116,-0.2971,0.00516,-0.01303,0.01511,-5.00,0.00,0.00,27.3,102.98,651.33,275.04,DESCEND
5.5457,-0.0343,0.2516,-0.0571,0.00116,-0.01503,0.00811,-5.00,0.00,0.00,27.3,102.98,651.33,275.00,DESCEND
5.5559,0.0356,-0.0883,-0.0171,0.00716,0.00496,0.01011,-5.00,0.00,0.00,27.4,102.98,651.33,274.94,DESCEND
5.5660,-0.1043,0.4316,0.1028,-0.00483,-0.00203,0.01211,-5.00,0.00,0.00,27.4,102.98,651.33,274.90,DESCEND
5.5761,-0.0543,-0.1283,0.2728,-0.00383,-0.01003,0.00911,-5.00,0.00,0.00,27.5,102.98,651.33,274.84,DESCEND
5.5863,0.1056,0.0216,0.2528,0.00116,-0.00303,0.00811,-5.00,0.00,0.00,27.5,102.98,651.33,274.80,DESCEND
5.5964,-0.1043,0.2316,0.1128,-0.00683,-0.00903,0.01511,-5.00,0.00,0.00,27.6,102.98,651.34,274.74,DESCEND
5.6065,0.0356,0.2416,0.2628,0.00016,-0.00903,0.01111,-5.00,0.00,0.00,27.6,102.98,651.34,274.70,DESCEND
5.6166,-0.0443,0.4216,-0.0971,0.00116,-0.00803,0.01411,-5.00,0.00,0.00,27.7,102.98,651.34,274.64,DESCEND
5.6267,-0.0243,-0.0483,0.1528,0.02416,0.00396,0.01111,-5.00,0.00,0.00,27.7,102.98,651.34,274.60,DESCEND
5.6368,-0.0343,0.4416,-0.1671,-0.00983,-0.02203,0.01511,-5.00,0.00,0.00,27.8,102.98,651.34,274.54,DESCEND
5.6470,-0.1443,0.2716,-0.1171,0.00716,-0.00603,0.01111,-5.00,0.00,0.00,27.9,102.98,651.35,274.48,DESCEND
5.6571,-0.1943,0.3516,0.0728,0.00516,-0.00003,0.01411,-5.00,0.00,0.00,27.9,102.98,651.35,274.44,DESCEND
5.6672,-0.0743,-0.1783,0.5828,0.00016,0.00396,0.01211,-5.00,0.00,0.00,28.0,102.98,651.35,274.38,DESCEND
5.6773,-0.2143,0.3616,0.0928,-0.00883,-0.01103,0.01311,-5.00,0.00,0.00,28.0,102.98,651.35,274.34,DESCEND
5.6874,0.1256,0.2816,-0.2071,0.01716,-0.00803,0.00911,-5.00,0.00,0.00,28.1,102.98,651.35,274.28,DESCEND
5.6975,-0.1243,0.4416,-0.2671,0.00016,-0.00303,0.01211,-5.00,0.00,0.00,28.1,102.98,651.36,274.24,DESCEND
5.7076,-0.1643,0.0316,0.0228,-0.00183,-0.00703,0.00811,-5.00,0.00,0.00,28.2,102.98,651.36,274.18,DESCEND
5.7177,-0.0143,-0.0683,-0.0371,-0.00383,-0.01203,0.01011,-5.00,0.00,0.00,28.2,102.98,651.36,274.14,DESCEND
5.7278,-0.1343,0.3516,0.1128,-0.00683,-0.00503,0.01311,-5.00,0.00,0.00,28.3,102.98,651.36,274.08,DESCEND
5.7379,-0.1143,0.0016,0.3128,0.01216,0.00896,0.00911,-5.00,0.00,0.00,28.3,102.98,651.36,274.04,DESCEND
5.7481,-0.2543,-0.1583,0.2328,0.00616,0.00496,0.01211,-5.00,0.00,0.00,28.4,102.98,651.37,273.98,DESCEND
5.7582,-0.0743,-0.2383,0.1428,-0.00883,-0.00903,0.00511,-5.00,0.00,0.00,28.4,102.98,651.37,273.94,DESCEND
5.7683,-0.1143,0.1816,0.0928,-0.00883,-0.01103,0.01211,-5.00,0.00,0.00,28.5,102.98,651.37,273.88,DESCEND
5.7784,-0.0743,0.2216,-0.1871,0.00216,-0.02003,0.01111,-5.00,0.00,0.00,28.5,102.98,651.37,273.84,DESCEND
5.7885,-0.2043,0.2116,0.0728,0.00716,0.01096,0.00911,-5.00,0.00,0.00,28.6,102.98,651.37,273.78,DESCEND
5.7986,-0.0043,0.2616,-0.3071,0.00516,-0.00803,0.01411,-5.00,0.00,0.00,28.6,102.98,651.37,273.74,DESCEND
5.8087,0.0156,0.2916,0.0528,0.01116,0.00596,0.01211,-5.00,0.00,0.00,28.7,102.98,651.38,273.68,DESCEND
5.8188,-0.0143,0.1716,0.0528,0.00916,-0.00203,0.01311,-5.00,0.00,0.00,28.7,102.98,651.38,273.64,DESCEND
5.8289,-0.2143,0.3616,-0.0371,-0.01383,-0.00403,0.01811,-5.00,0.00,0.00,28.8,102.98,651.38,273.58,DESCEND
5.8390,-0.0043,0.3316,-0.1971,-0.00383,-0.01403,0.01311,-5.00,0.00,0.00,28.8,102.98,651.38,273.52,DESCEND
5.8492,0.1456,-0.0083,0.1428,0.00916,-0.01203,0.01111,-5.00,0.00,0.00,28.9,102.98,651.38,273.48,DESCEND
5.8593,0.0156,-0.1683,0.1428,0.00716,-0.00603,0.00911,-5.00,0.00,0.00,28.9,102.98,651.39,273.42,DESCEND
5.8694,-0.0943,-0.2083,0.4028,0.01016,0.00296,0.00911,-5.00,0.00,0.00,29.0,102.98,651.39,273.38,DESCEND
5.8795,-0.0243,0.3316,-0.5371,0.00816,-0.01403,0.00911,-5.00,0.00,0.00,29.0,102.98,651.39,273.32,DESCEND
5.8896,-0.0843,0.0916,0.0428,0.00516,-0.00303,0.01311,-5.00,0.00,0.00,29.1,102.98,651.39,273.28,DESCEND
5.8998,-0.2543,0.0616,0.0228,-0.01583,-0.00303,0.01211,-5.00,0.00,0.00,29.1,102.98,651.39,273.22,DESCEND
5.9099,-0.0943,0.5916,-0.2971,0.00116,-0.00903,0.01711,-5.00,0.00,0.00,29.2,102.98,651.40,273.18,DESCEND
5.9200,-0.1643,0.2716,-0.0371,0.00716,0.00596,0.01111,-5.00,0.00,0.00,29.2,102.98,651.40,273.12,DESCEND
5.9301,-0.1843,0.0216,-0.0071,0.00616,-0.00303,0.00911,-5.00,0.00,0.00,29.3,102.98,651.40,273.08,DESCEND
5.9402,-0.1843,0.4816,-0.3771,0.00716,-0.01103,0.01611,-5.00,0.00,0.00,29.3,102.98,651.40,273.02,DESCEND
5.9503,0.0556,0.1016,0.1328,0.00416,-0.00803,0.01011,-5.00,0.00,0.00,29.4,102.98,651.40,272.98,DESCEND
5.9604,-0.2243,0.4316,0.0528,-0.00283,-0.00303,0.01311,-5.00,0.00,0.00,29.4,102.98,651.40,272.92,DESCEND
5.9705,0.0156,0.1416,-0.1371,-0.00883,-0.01803,0.01111,-5.00,0.00,0.00,29.5,102.98,651.41,272.88,DESCEND
5.9806,-0.0043,0.4116,0.0428,-0.00783,-0.01203,0.00811,-5.00,0.00,0.00,29.5,102.98,651.41,272.82,DESCEND
5.9907,0.0256,0.3416,-0.2971,0.00116,-0.01903,0.01311,-5.00,0.00,0.00,29.6,102.98,651.41,272.78,DESCEND
6.0008,0.1456,-0.1183,0.1728,0.01016,-0.01403,0.01411,-5.00,0.00,0.00,29.6,102.98,651.41,272.72,DESCEND
6.0109,-0.1543,0.0316,-0.0371,-0.00183,-0.01003,0.00811,-5.00,0.00,0.00,29.7,102.98,651.41,272.68,DESCEND
6.0210,0.0456,0.0016,0.1128,0.02216,-0.00403,0.01411,-5.00,0.00,0.00,29.7,102.98,651.42,272.62,DESCEND
6.0311,-0.1743,0.4816,-0.4471,0.00016,-0.01203,0.01211,-5.00,0.00,0.00,29.8,102.98,651.42,272.56,DESCEND
6.0412,-0.1443,0.2016,0.0028,0.00516,-0.00603,0.01211,-5.00,0.00,0.00,29.8,102.98,651.42,272.52,DESCEND
6.0514,-0.0543,-0.1483,0.2228,0.00916,-0.00003,0.00911,-5.00,0.00,0.00,29.9,102.99,651.42,272.46,DESCEND
6.0615,-0.2143,0.2116,0.0328,0.01016,0.00196,0.01311,-5.00,0.00,0.00,29.9,102.99,651.42,272.42,DESCEND
6.0716,0.0356,0.2716,-0.1571,0.01316,-0.00603,0.01011,-5.00,0.00,0.00,30.0,102.99,651.43,272.36,DESCEND
6.0817,0.0056,0.1516,-0.1671,-0.00183,-0.01103,0.01311,-5.00,0.00,0.00,30.0,102.99,651.43,272.32,DESCEND
6.0918,-0.0243,0.2816,0.1328,0.00916,-0.00203,0.00911,-5.00,0.00,0.00,30.1,102.99,651.43,272.26,DESCEND
6.1020,-0.0843,-0.1683,-0.0771,-0.00883,-0.00803,0.01311,-5.00,0.00,0.00,30.1,102.99,651.43,272.22,DESCEND
6.1121,0.0256,0.0916,0.0128,0.01216,-0.00203,0.01011,-5.00,0.00,0.00,30.2,102.99,651.43,272.16,DESCEND
6.1222,0.0456,0.1216,-0.1071,0.01016,-0.00803,0.01311,-5.00,0.00,0.00,30.2,102.99,651.43,272.12,DESCEND
6.1323,-0.0743,0.3016,-0.1171,-0.00983,-0.01903,0.01311,-5.00,0.00,0.00,30.3,102.99,651.44,272.06,DESCEND
6.1424,-0.0943,0.2316,0.0328,0.01216,-0.00103,0.01011,-5.00,0.00,0.00,30.3,102.99,651.44,272.02,DESCEND
6.1525,-0.1243,0.3216,0.2228,0.02016,0.00296,0.01511,-5.00,0.00,0.00,30.4,102.99,651.44,271.96,DESCEND
6.1627,-0.3843,0.6316,-0.1471,0.00516,0.00196,0.01711,-5.00,0.00,0.00,30.4,102.99,651.44,271.92,DESCEND
6.1728,-0.1243,0.0016,0.3528,-0.00083,0.00096,0.01111,-5.00,0.00,0.00,30.5,102.99,651.44,271.86,DESCEND
6.1829,-0.2543,0.4316,-0.0071,-0.00183,-0.01003,0.01611,-5.00,0.00,0.00,30.5,102.99,651.45,271.82,DESCEND
6.1930,0.2056,0.0916,0.0028,0.02216,-0.01103,0.01411,-5.00,0.00,0.00,30.6,102.99,651.45,271.76,DESCEND
6.2031,-0.1543,0.2516,0.0028,0.00916,0.00396,0.01311,-5.00,0.00,0.00,30.6,102.99,651.45,271.72,DESCEND
6.2133,0.1156,0.1316,-0.3971,0.02216,-0.00403,0.01411,-5.00,0.00,0.00,30.7,102.99,651.45,271.66,DESCEND
6.2234,-0.1443,0.3316,-0.0371,-0.00083,-0.00803,0.01111,-5.00,0.00,0.00,30.7,102.99,651.45,271.60,DESCEND
6.2335,0.0756,-0.0883,0.4028,0.02916,0.00696,0.00711,-5.00,0.00,0.00,30.8,102.99,651.46,271.56,DESCEND
6.2436,-0.0543,0.1716,-0.2271,0.00616,-0.00603,0.01311,-5.00,0.00,0.00,30.8,102.99,651.46,271.50,DESCEND
6.2538,0.0656,0.0616,0.1028,0.00516,-0.00803,0.00811,-5.00,0.00,0.00,30.9,102.99,651.46,271.46,DESCEND
6.2639,-0.1043,0.3416,-0.3571,0.02116,-0.00203,0.01411,-5.00,0.00,0.00,30.9,102.99,651.46,271.40,DESCEND
6.2740,-0.0743,0.2516,-0.0071,0.00316,-0.00503,0.01511,-5.00,0.00,0.00,31.0,102.99,651.46,271.36,DESCEND
6.2841,-0.1143,0.3216,-0.1171,0.00416,-0.00403,0.01411,-5.00,0.00,0.00,31.0,102.99,651.47,271.30,DESCEND
6.2942,0.1856,-0.1483,0.1928,0.00216,-0.00903,0.01211,-5.00,0.00,0.00,31.1,102.99,651.47,271.26,DESCEND
6.3043,0.0356,-0.0183,0.2528,0.01916,0.00696,0.01211,-5.00,0.00,0.00,31.1,102.99,651.47,271.20,DESCEND
6.3144,-0.1243,0.3316,-0.0471,0.01516,-0.00503,0.01311,-5.00,0.00,0.00,31.2,102.99,651.47,271.16,DESCEND
6.3245,-0.2243,0.0416,0.0828,0.00616,-0.00703,0.01411,-5.00,0.00,0.00,31.2,102.99,651.47,271.10,DESCEND
6.3346,-0.0643,0.2316,0.1828,0.01416,0.00096,0.01511,-5.00,0.00,0.00,31.3,102.99,651.47,271.06,DESCEND
6.3448,0.0256,-0.0383,-0.1471,0.00116,-0.00503,0.01111,-5.00,0.00,0.00,31.3,102.99,651.48,271.00,DESCEND
6.3550,0.0056,0.3016,0.1328,0.01316,-0.00003,0.01211,-5.00,0.00,0.00,31.4,102.99,651.48,270.96,DESCEND
6.3651,0.0456,0.2816,0.0928,0.00116,-0.01303,0.01311,-5.00,0.00,0.00,31.4,102.99,651.48,270.90,DESCEND
6.3752,-0.0343,0.0516,0.0128,0.00616,-0.00003,0.00911,-5.00,0.00,0.00,31.5,102.99,651.48,270.84,DESCEND
6.3854,-0.0743,0.1116,0.0528,0.00716,-0.00503,0.01311,-5.00,0.00,0.00,31.5,102.99,651.48,270.80,DESCEND
6.3955,-0.0343,-0.0883,0.0828,0.02516,0.00296,0.00911,-5.00,0.00,0.00,31.6,102.99,651.49,270.74,DESCEND
6.4056,-0.0643,0.1816,0.0928,-0.01683,-0.01703,0.01311,-5.00,0.00,0.00,31.6,102.99,651.49,270.70,DESCEND
6.4157,-0.1643,0.0816,0.2928,0.00416,0.00596,0.01311,-5.00,0.00,0.00,31.7,102.99,651.49,270.64,DESCEND
6.4259,0.1156,0.2716,0.2628,0.01416,0.00396,0.01211,-5.00,0.00,0.00,31.7,102.99,651.49,270.60,DESCEND
6.4359,-0.2043,0.1116,0.1028,0.00816,-0.00103,0.01111,-5.00,0.00,0.00,31.8,102.99,651.49,270.54,DESCEND
6.4461,-0.1043,-0.1183,0.2728,0.01616,0.00596,0.01211,-5.00,0.00,0.00,31.8,102.99,651.50,270.50,DESCEND
6.4562,0.0856,0.0616,-0.0171,0.01316,-0.00303,0.00811,-5.00,0.00,0.00,31.9,102.99,651.50,270.44,DESCEND
6.4663,-0.2343,-0.0283,0.0528,0.00916,-0.00003,0.01611,-5.00,0.00,0.00,31.9,102.99,651.50,270.40,DESCEND
6.4764,-0.0243,0.3516,0.1628,0.00916,-0.00703,0.01311,-5.00,0.00,0.00,32.0,102.99,651.50,270.34,DESCEND
6.4865,0.0056,0.1316,-0.0071,0.00116,-0.01403,0.01111,-5.00,0.00,0.00,32.0,102.99,651.50,270.30,DESCEND
6.4966,0.0556,0.1016,0.2328,0.01416,-0.00203,0.01511,-5.00,0.00,0.00,32.1,102.99,651.51,270.24,DESCEND
6.5067,-0.1543,0.2216,-0.2671,0.00216,-0.00803,0.01211,-5.00,0.00,0.00,32.1,102.99,651.51,270.20,DESCEND
6.5168,0.0256,0.4416,-0.1471,0.01816,-0.00403,0.01411,-5.00,0.00,0.00,32.2,102.99,651.51,270.14,DESCEND
6.5270,-0.2043,0.1716,0.2528,-0.00583,-0.00203,0.01211,-5.00,0.00,0.00,32.2,102.99,651.51,270.10,DESCEND
6.5371,-0.1143,0.0516,0.3928,0.01816,0.00696,0.01011,-5.00,0.00,0.00,32.3,102.99,651.51,270.04,DESCEND
6.5471,0.0156,0.5416,-0.2271,-0.00683,-0.02703,0.01611,-5.00,0.00,0.00,32.3,102.99,651.51,270.00,DESCEND
6.5572,0.0656,-0.1983,0.4328,0.01216,-0.00203,0.01111,-5.00,0.00,0.00,32.4,102.99,651.52,269.94,DESCEND
6.5674,-0.0343,0.1716,0.0228,0.01316,-0.00603,0.01111,-5.00,0.00,0.00,32.5,102.99,651.52,269.88,DESCEND
6.5775,-0.1143,0.3616,-0.2871,0.01216,-0.01203,0.01311,-5.00,0.00,0.00,32.5,102.99,651.52,269.84,DESCEND
6.5876,0.0856,0.1316,0.0828,0.02116,-0.00003,0.01111,-5.00,0.00,0.00,32.6,102.99,651.52,269.78,DESCEND
6.5977,-0.1743,0.4416,-0.3171,-0.00483,-0.00503,0.01511,-5.00,0.00,0.00,32.6,102.99,651.52,269.74,DESCEND
6.6078,-0.0443,-0.1383,-0.0571,-0.00083,-0.01803,0.01411,-5.00,0.00,0.00,32.7,102.99,651.53,269.68,DESCEND
6.6179,-0.0743,0.2816,-0.1971,0.00416,-0.00603,0.01211,-5.00,0.00,0.00,32.7,102.99,651.53,269.64,DESCEND
6.6281,-0.0643,0.2616,-0.1071,0.02116,0.00496,0.01511,-5.00,0.00,0.00,32.8,102.99,651.53,269.59,DESCEND
6.6381,-0.0543,-0.0983,-0.1071,-0.00483,-0.01503,0.01111,-5.00,0.00,0.00,32.8,102.99,651.53,269.55,DESCEND
6.6483,-0.0643,0.3116,-0.1771,0.01916,-0.00703,0.01211,-5.00,0.00,0.00,32.9,102.99,651.53,269.49,DESCEND
6.6584,-0.0443,-0.0683,0.2028,0.01216,0.00596,0.01611,-5.00,0.00,0.00,32.9,102.99,651.54,269.45,DESCEND
6.6685,-0.1943,0.3716,-0.1471,-0.01283,-0.01403,0.01511,-5.00,0.00,0.00,33.0,103.00,651.54,269.39,DESCEND
6.6786,0.0956,0.3216,0.0828,0.00516,-0.01503,0.01111,-5.00,0.00,0.00,33.0,103.00,651.54,269.35,DESCEND
6.6887,0.1256,0.3316,-0.1671,0.01316,-0.01303,0.01711,-5.00,0.00,0.00,33.1,103.00,651.54,269.29,DESCEND
6.6988,-0.1943,0.0916,0.1428,0.00316,0.00296,0.01011,-5.00,0.00,0.00,33.1,103.00,651.54,269.25,DESCEND
6.7089,-0.1043,0.2116,0.2728,0.01116,-0.00003,0.01411,-5.00,0.00,0.00,33.2,103.00,651.55,269.19,DESCEND
6.7191,-0.1443,0.3416,-0.1671,0.00116,-0.01203,0.01711,-5.00,0.00,0.00,33.2,103.00,651.55,269.13,DESCEND
6.7292,0.0256,0.3116,-0.1171,0.01016,0.00396,0.00811,-5.00,0.00,0.00,33.3,103.00,651.55,269.09,DESCEND
6.7393,-0.1843,0.6216,-0.2171,-0.00083,-0.00703,0.01811,-5.00,0.00,0.00,33.3,103.00,651.55,269.05,DESCEND
6.7494,-0.0143,0.1516,-0.0771,0.02116,-0.00303,0.00911,-5.00,0.00,0.00,33.4,103.00,651.55,268.99,DESCEND
6.7595,0.1156,0.2416,-0.1371,0.00916,-0.01003,0.00911,-5.00,0.00,0.00,33.4,103.00,651.56,268.93,DESCEND
6.7696,-0.0143,0.2116,-0.2771,0.01216,-0.00403,0.01511,-5.00,0.00,0.00,33.5,103.00,651.56,268.89,DESCEND
6.7797,-0.0443,0.0916,0.2528,-0.01083,-0.01003,0.01411,-5.00,0.00,0.00,33.5,103.00,651.56,268.83,DESCEND
6.7899,-0.1343,0.0716,0.0428,0.01016,-0.00603,0.01511,-5.00,0.00,0.00,33.6,103.00,651.56,268.79,DESCEND
6.8000,-0.1543,0.4116,0.2228,0.00816,0.00796,0.01211,-5.00,0.00,0.00,33.6,103.00,651.56,268.73,DESCEND
6.8101,-0.0943,0.4016,0.0928,0.00616,-0.00703,0.01311,-5.00,0.00,0.00,33.7,103.00,651.56,268.69,DESCEND
6.8202,-0.0843,0.4716,-0.0971,0.00216,-0.01403,0.01511,-5.00,0.00,0.00,33.7,103.00,651.57,268.63,DESCEND
6.8304,-0.0943,0.1816,0.0828,0.02716,-0.00403,0.01511,-5.00,0.00,0.00,33.8,103.00,651.57,268.59,DESCEND
6.8405,-0.0243,0.1716,0.1128,-0.00083,-0.00603,0.01311,-5.00,0.00,0.00,33.8,103.00,651.57,268.53,DESCEND
6.8506,0.0656,0.0916,-0.0771,0.00616,-0.01403,0.01311,-5.00,0.00,0.00,33.9,103.00,651.57,268.49,DESCEND
6.8607,-0.1143,0.4116,-0.1971,0.00916,-0.01003,0.01811,-5.00,0.00,0.00,33.9,103.00,651.57,268.43,DESCEND
6.8708,-0.0843,0.0116,0.1528,-0.00183,-0.00803,0.00911,-5.00,0.00,0.00,34.0,103.00,651.58,268.39,DESCEND
6.8809,0.1356,0.1016,0.1028,0.00816,-0.00703,0.01411,-5.00,0.00,0.00,34.0,103.00,651.58,268.33,DESCEND
6.8910,-0.0043,0.1816,0.0728,0.00416,-0.00503,0.01211,-5.00,0.00,0.00,34.1,103.00,651.58,268.29,DESCEND
6.9011,0.0656,0.2116,-0.0671,0.01416,-0.01303,0.01611,-5.00,0.00,0.00,34.1,103.00,651.58,268.23,DESCEND
6.9112,-0.1843,0.1916,0.0828,-0.00083,-0.01203,0.01411,-5.00,0.00,0.00,34.2,103.00,651.58,268.19,DESCEND
6.9214,0.0056,0.1616,0.3128,0.01116,0.00596,0.01211,-5.00,0.00,0.00,34.2,103.00,651.59,268.13,DESCEND
6.9315,-0.0243,0.1916,-0.1071,0.00216,-0.01503,0.02011,-5.00,0.00,0.00,34.3,103.00,651.59,268.07,DESCEND
6.9416,-0.0843,0.1916,-0.0971,0.00316,-0.00503,0.01711,-5.00,0.00,0.00,34.3,103.00,651.59,268.03,DESCEND
6.9517,0.0556,0.0016,0.2528,0.00716,0.00696,0.01011,-5.00,0.00,0.00,34.4,103.00,651.59,267.97,DESCEND
6.9618,-0.2343,0.3016,0.0328,0.00316,-0.00503,0.01811,-5.00,0.00,0.00,34.4,103.00,651.59,267.93,DESCEND
6.9719,0.0456,0.1316,-0.0971,0.01916,-0.00903,0.01111,-5.00,0.00,0.00,34.5,103.00,651.59,267.87,DESCEND
6.9821,-0.1643,-0.1183,-0.0071,-0.00383,-0.00603,0.01511,-5.00,0.00,0.00,34.5,103.00,651.60,267.83,DESCEND
6.9922,-0.1243,0.2616,-0.0071,0.01916,0.01196,0.01211,-5.00,0.00,0.00,34.6,103.00,651.60,267.77,DESCEND
7.0023,-0.0343,-0.0883,0.0528,0.00116,-0.00803,0.01411,-5.00,0.00,0.00,34.6,103.00,651.60,267.73,DESCEND
7.0124,-0.0743,0.0616,-0.0571,0.00216,-0.00503,0.01011,-5.00,0.00,0.00,34.7,103.00,651.60,267.67,DESCEND
7.0225,-0.1143,0.1116,0.2628,0.00116,-0.00003,0.01511,-5.00,0.00,0.00,34.7,103.00,651.60,267.63,DESCEND
7.0326,-0.0843,0.1016,-0.0871,0.00516,-0.00903,0.01311,-5.00,0.00,0.00,34.8,103.00,651.61,267.57,DESCEND
7.0427,0.0056,0.1416,-0.1471,0.00316,-0.00203,0.01311,-5.00,0.00,0.00,34.8,103.00,651.61,267.53,DESCEND
7.0528,-0.0443,0.3416,0.0828,0.00516,-0.00303,0.01511,-5.00,0.00,0.00,34.9,103.00,651.61,267.47,DESCEND
7.0630,-0.0843,0.2216,-0.0371,-0.00383,-0.01103,0.01511,-5.00,0.00,0.00,34.9,103.00,651.61,267.43,DESCEND
7.0731,-0.1943,0.1616,0.2028,-0.00283,-0.00203,0.01311,-5.00,0.00,0.00,35.0,103.00,651.61,267.37,DESCEND
7.0832,0.1956,0.1516,-0.1271,0.01216,-0.00803,0.01211,-5.00,0.00,0.00,35.0,103.00,651.62,267.33,DESCEND
7.0933,-0.0243,0.0516,-0.0671,0.01216,-0.00903,0.01511,-5.00,0.00,0.00,35.1,103.00,651.62,267.27,DESCEND
7.1034,-0.0443,-0.1083,0.0028,0.00916,-0.00703,0.00911,-5.00,0.00,0.00,35.1,103.00,651.62,267.21,DESCEND
7.1135,-0.0843,0.3116,-0.4771,0.01416,-0.01003,0.01111,-5.00,0.00,0.00,35.2,103.00,651.62,267.17,DESCEND
7.1236,-0.2043,0.3516,-0.1771,0.00516,-0.00403,0.01511,-5.00,0.00,0.00,35.2,103.00,651.62,267.11,DESCEND
7.1337,-0.1643,0.2716,0.1028,0.01216,0.00696,0.01411,-5.00,0.00,0.00,35.3,103.00,651.62,267.07,DESCEND
7.1439,0.0256,0.1416,-0.0671,0.02016,-0.00303,0.01511,-5.00,0.00,0.00,35.3,103.00,651.63,267.01,DESCEND
7.1540,-0.0143,0.3016,-0.1371,0.02616,-0.00103,0.01311,-5.00,0.00,0.00,35.4,103.00,651.63,266.97,DESCEND
7.1641,-0.1743,0.3216,-0.2171,-0.00283,-0.00503,0.00811,-5.00,0.00,0.00,35.4,103.00,651.63,266.91,DESCEND
7.1743,0.0256,-0.0483,0.0428,-0.00183,-0.00203,0.01111,-5.00,0.00,0.00,35.5,103.00,651.63,266.87,DESCEND
7.1844,-0.1843,0.0716,0.1428,0.01116,0.00696,0.00911,-5.00,0.00,0.00,35.5,103.00,651.63,266.81,DESCEND
7.1945,0.1056,-0.0683,0.0528,0.02716,-0.00103,0.01211,-5.00,0.00,0.00,35.6,103.00,651.64,266.77,DESCEND
7.2046,-0.1643,0.2916,0.0728,-0.00183,-0.00103,0.01111,-5.00,0.00,0.00,35.6,103.00,651.64,266.71,DESCEND
7.2148,-0.2043,0.1316,-0.2071,-0.01483,-0.01503,0.00811,-5.00,0.00,0.00,35.7,103.00,651.64,266.67,DESCEND
7.2249,0.0856,0.3216,-0.3171,0.01216,-0.01403,0.01311,-5.00,0.00,0.00,35.7,103.00,651.64,266.61,DESCEND
7.2350,-0.1143,0.1416,0.0928,-0.00883,-0.00903,0.01311,-5.00,0.00,0.00,35.8,103.00,651.64,266.57,DESCEND
7.2450,-0.1843,0.1716,0.0928,0.00716,0.00196,0.01511,-5.00,0.00,0.00,35.8,103.00,651.65,266.51,DESCEND
7.2552,0.0856,0.4116,-0.1971,0.01116,-0.00803,0.01111,-5.00,0.00,0.00,35.9,103.00,651.65,266.47,DESCEND
7.2653,0.0256,0.2816,-0.1171,0.02016,-0.00203,0.01111,-5.00,0.00,0.00,35.9,103.00,651.65,266.41,DESCEND
7.2754,-0.0943,0.0716,-0.3071,-0.00183,-0.01703,0.01111,-5.00,0.00,0.00,36.0,103.00,651.65,266.35,DESCEND
7.2855,0.0656,-0.3783,0.1028,0.02916,0.00196,0.01111,-5.00,0.00,0.00,36.0,103.01,651.65,266.31,DESCEND
7.2956,0.0356,0.2816,-0.1271,0.01716,-0.00103,0.01211,-5.00,0.00,0.00,36.1,103.01,651.66,266.25,DESCEND
7.3057,-0.1243,0.2816,-0.0271,-0.01083,-0.01303,0.01911,-5.00,0.00,0.00,36.1,103.01,651.66,266.21,DESCEND
7.3158,-0.2543,0.5116,-0.0571,-0.00783,-0.00403,0.01311,-5.00,0.00,0.00,36.2,103.01,651.66,266.15,DESCEND
7.3259,-0.1343,0.2316,-0.0071,0.00316,-0.00403,0.01011,-5.00,0.00,0.00,36.2,103.01,651.66,266.11,DESCEND
7.3360,0.0256,0.2416,-0.1071,0.01616,-0.00203,0.01411,-5.00,0.00,0.00,36.3,103.01,651.66,266.05,DESCEND
7.3461,-0.1643,0.0916,0.3228,0.00316,-0.00103,0.01311,-5.00,0.00,0.00,36.3,103.01,651.66,266.01,DESCEND
7.3562,0.1556,0.1616,-0.1071,-0.00183,-0.01503,0.01111,-5.00,0.00,0.00,36.4,103.01,651.67,265.95,DESCEND
7.3663,-0.0143,0.0616,0.4428,0.00716,-0.00403,0.01011,-5.00,0.00,0.00,36.4,103.01,651.67,265.91,DESCEND
7.3764,-0.1443,0.2516,0.1528,-0.00883,-0.00703,0.01811,-5.00,0.00,0.00,36.5,103.01,651.67,265.85,DESCEND
7.3866,0.0456,0.1316,0.1328,0.01616,0.00196,0.01411,-5.00,0.00,0.00,36.5,103.01,651.67,265.81,DESCEND
7.3967,-0.0743,0.1116,0.0928,0.00616,-0.00403,0.01411,-5.00,0.00,0.00,36.6,103.01,651.67,265.75,DESCEND
7.4068,-0.2343,0.0116,-0.0771,-0.01383,-0.00303,0.00811,-5.00,0.00,0.00,36.6,103.01,651.68,265.71,DESCEND
7.4170,-0.0843,0.1216,0.2828,0.00816,-0.00103,0.01511,-5.00,0.00,0.00,36.7,103.01,651.68,265.65,DESCEND
7.4271,-0.0343,0.2016,-0.0371,0.01116,-0.00103,0.02011,-5.00,0.00,0.00,36.7,103.01,651.68,265.61,DESCEND
7.4372,-0.3743,0.1216,-0.0571,-0.01283,-0.00103,0.01211,-5.00,0.00,0.00,36.8,103.01,651.68,265.55,DESCEND
7.4473,-0.0843,0.3516,-0.3171,-0.00083,-0.01303,0.01411,-5.00,0.00,0.00,36.9,103.01,651.68,265.49,DESCEND
7.4574,-0.0743,0.1416,0.1028,-0.00383,-0.01203,0.01411,-5.00,0.00,0.00,36.9,103.01,651.69,265.45,DESCEND
7.4675,-0.2843,0.1016,0.1328,0.00516,-0.00203,0.01411,-5.00,0.00,0.00,37.0,103.01,651.69,265.39,DESCEND
7.4777,-0.0843,0.3216,-0.1971,-0.00383,-0.01403,0.01711,-5.00,0.00,0.00,37.0,103.01,651.69,265.35,DESCEND
7.4878,0.0056,0.1316,-0.0671,0.00616,-0.00303,0.01511,-5.00,0.00,0.00,37.1,103.01,651.69,265.29,DESCEND
7.4979,-0.1843,0.3316,-0.1971,-0.00783,-0.01603,0.01511,-5.00,0.00,0.00,37.1,103.01,651.69,265.25,DESCEND
7.5080,-0.0943,0.1016,0.1428,0.00616,-0.00703,0.01911,-5.00,0.00,0.00,37.2,103.01,651.70,265.19,DESCEND
7.5181,-0.1543,-0.0383,0.0128,0.00116,-0.00303,0.01011,-5.00,0.00,0.00,37.2,103.01,651.70,265.15,DESCEND
7.5282,-0.1243,0.0016,0.1628,0.00016,-0.00303,0.01011,-5.00,0.00,0.00,37.3,103.01,651.70,265.09,DESCEND
7.5383,-0.1443,-0.1883,0.1928,0.01116,0.00296,0.01211,-5.00,0.00,0.00,37.3,103.01,651.70,265.05,DESCEND
7.5484,0.0156,0.4016,-0.3471,0.01916,-0.00403,0.01611,-5.00,0.00,0.00,37.4,103.01,651.70,264.99,DESCEND
7.5585,-0.1343,-0.1883,0.2328,0.01016,0.00696,0.00811,-5.00,0.00,0.00,37.4,103.01,651.70,264.95,DESCEND
7.5686,-0.0443,0.6116,-0.2471,0.01616,-0.00303,0.01611,-5.00,0.00,0.00,37.5,103.01,651.71,264.89,DESCEND
7.5788,0.0756,0.2716,-0.4771,0.00716,-0.01603,0.01711,-5.00,0.00,0.00,37.5,103.01,651.71,264.85,DESCEND
7.5889,-0.1643,0.0316,0.0628,0.00016,-0.00503,0.01211,-5.00,0.00,0.00,37.6,103.01,651.71,264.79,DESCEND
7.5990,-0.0443,0.1416,0.0428,0.01016,-0.00003,0.01311,-5.00,0.00,0.00,37.6,103.01,651.71,264.75,DESCEND
7.6091,0.0856,-0.0483,0.5228,0.00316,-0.01303,0.01311,-5.00,0.00,0.00,37.7,103.01,651.71,264.69,DESCEND
7.6192,-0.1043,0.0016,0.0828,-0.00083,-0.01003,0.01111,-5.00,0.00,0.00,37.7,103.01,651.72,264.65,DESCEND
7.6294,-0.0043,0.4016,-0.1571,0.01116,-0.00803,0.01811,-5.00,0.00,0.00,37.8,103.01,651.72,264.59,DESCEND
7.6395,-0.0443,0.2916,-0.0271,0.00516,-0.01203,0.01511,-5.00,0.00,0.00,37.8,103.01,651.72,264.53,DESCEND
7.6496,-0.1443,0.3416,-0.0271,-0.01883,-0.01503,0.01311,-5.00,0.00,0.00,37.9,103.01,651.72,264.49,DESCEND
7.6597,-0.1043,0.2516,0.0528,0.01216,0.00196,0.01611,-5.00,0.00,0.00,37.9,103.01,651.72,264.45,DESCEND
7.6698,-0.0843,-0.1783,0.4128,0.00616,-0.00003,0.01111,-5.00,0.00,0.00,38.0,103.01,651.73,264.39,DESCEND
7.6800,-0.0043,-0.0983,0.1928,0.01916,0.00296,0.01211,-5.00,0.00,0.00,38.0,103.01,651.73,264.33,DESCEND
7.6901,-0.0443,0.3616,-0.2171,-0.00083,-0.00703,0.01711,-5.00,0.00,0.00,38.1,103.01,651.73,264.29,DESCEND
7.7002,-0.1943,0.2216,0.1928,-0.00083,-0.00703,0.01811,-5.00,0.00,0.00,38.1,103.01,651.73,264.23,DESCEND
7.7103,-0.0943,0.1316,-0.0471,-0.00383,-0.01603,0.01311,-5.00,0.00,0.00,38.2,103.01,651.73,264.19,DESCEND
7.7204,0.0156,0.0616,0.2428,0.01416,-0.00203,0.01011,-5.00,0.00,0.00,38.2,103.01,651.74,264.13,DESCEND
7.7305,0.0656,0.1816,-0.2071,-0.00783,-0.01903,0.01311,-5.00,0.00,0.00,38.3,103.01,651.74,264.09,DESCEND
7.7407,-0.0043,0.2616,-0.1871,0.00616,-0.01803,0.01911,-5.00,0.00,0.00,38.3,103.01,651.74,264.03,DESCEND
7.7508,-0.0843,0.2916,0.0228,-0.00283,-0.01803,0.01511,-5.00,0.00,0.00,38.4,103.01,651.74,263.99,DESCEND
7.7609,0.0056,0.1916,0.0428,0.00616,-0.00703,0.01211,-5.00,0.00,0.00,38.4,103.01,651.74,263.93,DESCEND
7.7709,-0.1643,0.0716,0.0528,0.00716,-0.00803,0.01411,-5.00,0.00,0.00,38.5,103.01,651.74,263.89,DESCEND
7.7811,-0.1443,0.2816,0.0228,0.00316,-0.00703,0.01211,-5.00,0.00,0.00,38.5,103.01,651.75,263.83,DESCEND
7.7912,-0.1443,0.4616,-0.2271,0.00216,-0.00903,0.01711,-5.00,0.00,0.00,38.6,103.01,651.75,263.79,DESCEND
7.8013,-0.1143,0.0916,-0.1971,0.00816,-0.00803,0.01311,-5.00,0.00,0.00,38.6,103.01,651.75,263.73,DESCEND
7.8114,-0.0443,0.6816,-0.3471,-0.01983,-0.03003,0.01811,-5.00,0.00,0.00,38.7,103.01,651.75,263.67,DESCEND
7.8216,-0.1643,0.4916,-0.2371,0.00216,-0.00903,0.02111,-5.00,0.00,0.00,38.7,103.01,651.75,263.63,DESCEND
7.8317,-0.0943,0.4016,-0.0971,0.01116,-0.00903,0.01511,-5.00,0.00,0.00,38.8,103.01,651.76,263.57,DESCEND
7.8418,-0.1043,0.3916,-0.0271,-0.01183,-0.02703,0.01611,-5.00,0.00,0.00,38.8,103.01,651.76,263.53,DESCEND
7.8520,-0.0243,0.0216,0.2128,-0.00083,-0.00903,0.01211,-5.00,0.00,0.00,38.9,103.01,651.76,263.47,DESCEND
7.8620,-0.1143,0.0016,0.0328,0.00316,-0.00903,0.00911,-5.00,0.00,0.00,38.9,103.01,651.76,263.43,DESCEND
7.8722,-0.1143,0.1816,-0.3871,-0.00283,-0.02303,0.01011,-5.00,0.00,0.00,39.0,103.01,651.76,263.37,DESCEND
7.8823,0.0856,0.1516,-0.1371,0.02216,-0.00603,0.01411,-5.00,0.00,0.00,39.0,103.01,651.77,263.33,DESCEND
7.8924,-0.2343,0.4316,-0.1671,0.01816,-0.00203,0.01811,-5.00,0.00,0.00,39.1,103.01,651.77,263.27,DESCEND
7.9025,-0.1443,0.0416,-0.0171,-0.01483,-0.01903,0.01111,-5.00,0.00,0.00,39.1,103.01,651.77,263.23,DESCEND
7.9126,0.0356,-0.1183,0.3228,0.00516,-0.01403,0.01311,-5.00,0.00,0.00,39.2,103.01,651.77,263.17,DESCEND
7.9227,-0.1343,0.3316,0.0428,-0.01183,-0.01403,0.01211,-5.00,0.00,0.00,39.2,103.02,651.77,263.13,DESCEND
7.9328,-0.0643,0.1216,0.1528,0.01716,-0.00403,0.01711,-5.00,0.00,0.00,39.3,103.02,651.78,263.07,DESCEND
7.9429,-0.0143,-0.0183,0.2128,0.01516,-0.00203,0.01311,-5.00,0.00,0.00,39.3,103.02,651.78,263.03,DESCEND
7.9530,-0.1043,0.0516,0.0728,0.00316,-0.01703,0.01611,-5.00,0.00,0.00,39.4,103.02,651.78,262.97,DESCEND
7.9630,-0.0843,-0.0583,0.1228,0.00116,-0.00203,0.01411,-5.00,0.00,0.00,39.4,103.02,651.78,262.93,DESCEND
7.9731,-0.3343,0.2916,-0.1571,-0.01083,-0.01203,0.01511,-5.00,0.00,0.00,39.5,103.02,651.78,262.87,DESCEND
7.9833,-0.0643,0.1716,-0.1071,-0.00683,-0.02503,0.01611,-5.00,0.00,0.00,39.5,103.02,651.79,262.81,DESCEND
7.9934,-0.0543,0.0716,0.0428,0.02416,-0.00403,0.01511,-5.00,0.00,0.00,39.6,103.02,651.79,262.77,DESCEND
8.0035,-0.1043,-0.1183,-0.0171,0.00516,-0.01203,0.01011,-5.00,0.00,0.00,39.6,103.02,651.79,262.71,DESCEND
8.0136,0.0256,0.2216,-0.0571,0.00616,-0.00603,0.02111,-5.00,0.00,0.00,39.7,103.02,651.79,262.67,DESCEND
8.0237,0.1156,0.2016,0.0028,0.00416,0.00296,0.01711,-5.00,0.00,0.00,39.7,103.02,651.79,262.61,DESCEND
8.0338,0.1156,-0.1183,0.1428,0.01416,0.00296,0.01811,-5.00,0.00,0.00,39.8,103.02,651.79,262.57,DESCEND
8.0439,-0.1643,0.0116,0.1728,-0.00783,0.00296,0.02311,-5.00,0.00,0.00,39.8,103.02,651.80,262.51,DESCEND
8.0541,-0.0043,0.2516,0.0628,-0.00583,0.00996,0.02311,-5.00,0.00,0.00,39.9,103.02,651.80,262.47,DESCEND
8.0642,-0.0043,0.0316,0.2628,0.00516,0.01996,0.02011,-5.00,0.00,0.00,39.9,103.02,651.80,262.41,DESCEND
8.0743,0.1356,0.1516,0.1028,0.01016,0.02396,0.02211,-5.00,0.00,0.00,40.0,103.02,651.80,262.37,DESCEND
8.0844,-0.0043,0.4916,0.1128,0.00116,0.02596,0.02311,-5.00,0.00,0.00,40.0,103.02,651.80,262.31,DESCEND
8.0945,0.1756,0.1516,0.0928,-0.00283,0.02296,0.02311,-5.00,0.00,0.00,40.1,103.02,651.81,262.27,DESCEND
8.1047,0.1556,0.3816,-0.0471,0.00716,0.02196,0.02611,-5.00,0.00,0.00,40.1,103.02,651.81,262.21,DESCEND
8.1148,0.1756,0.1516,0.0628,0.00616,0.03096,0.02211,-5.00,0.00,0.00,40.2,103.02,651.81,262.17,DESCEND
8.1249,0.1456,0.1716,-0.2271,-0.00183,0.02196,0.02611,-5.00,0.00,0.00,40.2,103.02,651.81,262.11,DESCEND
8.1350,0.2356,0.1216,0.2228,0.00816,0.02896,0.03011,-5.00,0.00,0.00,40.3,103.02,651.81,262.07,DESCEND
8.1451,0.1756,0.4716,0.0028,0.00216,0.03396,0.03411,-5.00,0.00,0.00,40.3,103.02,651.82,262.01,DESCEND
8.1552,0.2956,0.3616,-0.1871,0.00416,0.03596,0.03111,-5.00,0.00,0.00,40.4,103.02,651.82,261.97,DESCEND
8.1653,0.3856,0.2516,0.0028,0.01316,0.03396,0.03111,-5.00,0.00,0.00,40.4,103.02,651.82,261.91,DESCEND
8.1754,0.3356,0.1016,0.0828,0.00116,0.02696,0.03111,-5.00,0.00,0.00,40.5,103.02,651.82,261.85,DESCEND
8.1856,0.1556,0.0416,0.5328,0.00016,0.04996,0.03111,-5.00,0.00,0.00,40.5,103.02,651.82,261.81,DESCEND
8.1956,0.0656,0.1416,0.2728,-0.00483,0.05196,0.03211,-5.00,0.00,0.00,40.6,103.02,651.82,261.75,DESCEND
8.2058,0.2556,0.0816,-0.0171,0.00116,0.04296,0.03611,-5.00,0.00,0.00,40.6,103.02,651.83,261.71,DESCEND
8.2159,0.1456,0.3916,-0.5271,-0.00783,0.03796,0.03711,-5.00,0.00,0.00,40.7,103.02,651.83,261.65,DESCEND
8.2260,0.1156,0.6016,-0.2871,-0.00583,0.03896,0.03811,-5.00,0.00,0.00,40.7,103.02,651.83,261.61,DESCEND
8.2361,0.3056,0.0116,0.4128,0.00316,0.05596,0.03311,-5.00,0.00,0.00,40.8,103.02,651.83,261.55,DESCEND
8.2462,0.3256,0.4816,0.0128,-0.01383,0.03696,0.03511,-5.00,0.00,0.00,40.8,103.02,651.83,261.51,DESCEND
8.2563,0.2756,0.0016,0.0528,0.00916,0.06096,0.03311,-5.00,0.00,0.00,40.9,103.02,651.84,261.45,DESCEND
8.2664,0.4256,0.3016,-0.2171,0.02216,0.05696,0.03811,-5.00,0.00,0.00,40.9,103.02,651.84,261.41,DESCEND
8.2765,0.3556,0.0716,0.3628,0.00516,0.05596,0.03711,-5.00,0.00,0.00,41.0,103.02,651.84,261.35,DESCEND
8.2867,0.2556,0.2516,-0.0371,0.00616,0.06496,0.03911,-5.00,0.00,0.00,41.0,103.02,651.84,261.31,DESCEND
8.2968,0.5556,0.3916,-0.0771,0.01716,0.06396,0.04011,-5.00,0.00,0.00,41.1,103.02,651.84,261.25,DESCEND
8.3069,0.1056,0.2816,0.2328,-0.01783,0.06596,0.04011,-5.00,0.00,0.00,41.1,103.02,651.85,261.21,DESCEND
8.3170,0.2156,0.0216,0.2828,0.00516,0.07096,0.03711,-5.00,0.00,0.00,41.2,103.02,651.85,261.15,DESCEND
8.3271,0.2956,0.3016,0.0128,0.00616,0.07296,0.03911,-5.00,0.00,0.00,41.2,103.02,651.85,261.11,DESCEND
8.3372,0.2256,0.5116,0.0128,-0.00283,0.06796,0.04711,-5.00,0.00,0.00,41.3,103.02,651.85,261.05,DESCEND
8.3473,0.2856,0.0216,0.2828,0.01516,0.08696,0.04311,-5.00,0.00,0.00,41.4,103.02,651.85,260.99,DESCEND
8.3574,0.1956,0.1616,0.0828,0.00616,0.08296,0.03911,-5.00,0.00,0.00,41.4,103.02,651.85,260.95,DESCEND
8.3675,0.3456,0.1816,0.3328,0.00516,0.07596,0.04211,-5.00,0.00,0.00,41.5,103.02,651.86,260.89,DESCEND
8.3776,0.4056,0.1916,0.2028,0.00616,0.07796,0.04211,-5.00,0.00,0.00,41.5,103.02,651.86,260.85,DESCEND
8.3878,0.4856,-0.3583,0.8428,-0.00283,0.07996,0.03611,-5.00,0.00,0.00,41.6,103.02,651.86,260.79,DESCEND
8.3979,0.3056,0.2216,0.0628,-0.01783,0.07096,0.04811,-5.00,0.00,0.00,41.6,103.02,651.86,260.75,DESCEND
8.4079,0.5056,0.0916,0.2428,0.01616,0.08996,0.04411,-5.00,0.00,0.00,41.7,103.02,651.86,260.69,DESCEND
8.4181,0.3256,0.0316,0.1728,0.00016,0.08596,0.04511,-5.00,0.00,0.00,41.7,103.02,651.87,260.65,DESCEND
8.4282,0.4556,-0.1283,0.3628,0.00716,0.08596,0.04311,-5.00,0.00,0.00,41.8,103.02,651.87,260.59,DESCEND
8.4383,0.4756,0.1516,0.2428,0.00816,0.08496,0.04711,-5.00,0.00,0.00,41.8,103.02,651.87,260.55,DESCEND
8.4484,0.5556,-0.0183,0.1928,0.02116,0.09396,0.04511,-5.00,0.00,0.00,41.9,103.02,651.87,260.49,DESCEND
8.4585,0.3056,0.0516,0.1428,-0.01783,0.07696,0.04511,-5.00,0.00,0.00,41.9,103.02,651.87,260.45,DESCEND
8.4687,0.3456,-0.0083,0.3428,-0.00083,0.08796,0.04611,-5.00,0.00,0.00,42.0,103.02,651.88,260.39,DESCEND
8.4787,0.4156,0.1716,0.3128,-0.02783,0.06996,0.04811,-5.00,0.00,0.00,42.0,103.02,651.88,260.35,DESCEND
8.4889,0.3956,-0.0283,-0.1571,-0.01383,0.08396,0.04911,-5.00,0.00,0.00,42.1,103.02,651.88,260.29,DESCEND
8.4990,0.4456,0.4516,0.1728,-0.00083,0.08696,0.04911,-5.00,0.00,0.00,42.1,103.02,651.88,260.25,DESCEND
8.5091,0.6256,0.0216,0.3328,0.01316,0.09996,0.04811,-5.00,0.00,0.00,42.2,103.02,651.88,260.19,DESCEND
8.5192,0.3656,0.3716,-0.0571,0.00516,0.09396,0.05111,-5.00,0.00,0.00,42.2,103.02,651.89,260.15,DESCEND
8.5293,0.4556,0.1916,0.2028,0.00716,0.09996,0.05011,-5.00,0.00,0.00,42.3,103.02,651.89,260.09,DESCEND
8.5394,0.5956,0.1316,0.1428,0.00616,0.11696,0.04711,-5.00,0.00,0.00,42.3,103.02,651.89,260.05,DESCEND
8.5496,0.4956,0.2316,-0.1771,0.00316,0.11896,0.04511,-5.00,0.00,0.00,42.4,103.02,651.89,259.99,DESCEND
8.5597,0.7156,0.0916,0.1628,0.03116,0.13896,0.04611,-5.00,0.00,0.00,42.4,103.02,651.89,259.93,DESCEND
8.5698,0.6656,0.0816,-0.0871,0.01316,0.13296,0.04711,-5.00,0.00,0.00,42.5,103.03,651.89,259.89,DESCEND
8.5799,0.7556,0.2416,0.0128,0.00516,0.13896,0.04811,-5.00,0.00,0.00,42.5,103.03,651.90,259.83,DESCEND
8.5901,0.6956,0.4016,-0.2671,0.00216,0.14696,0.04911,-5.00,0.00,0.00,42.6,103.03,651.90,259.79,DESCEND
8.6002,1.0356,0.1116,0.0628,0.02316,0.16696,0.04511,-5.00,0.00,0.00,42.6,103.03,651.90,259.73,DESCEND
8.6103,0.7356,0.2016,-0.0771,-0.00583,0.15696,0.04611,-5.00,0.00,0.00,42.7,103.03,651.90,259.69,DESCEND
8.6204,0.9156,0.4016,-0.1571,0.00716,0.17696,0.04511,-5.00,0.00,0.00,42.7,103.03,651.90,259.63,DESCEND
8.6305,1.1756,0.3516,-0.1071,0.03316,0.18596,0.04611,-5.00,0.00,0.00,42.8,103.03,651.91,259.59,DESCEND
8.6406,0.9756,0.1716,-0.1871,-0.00483,0.18296,0.04311,-5.00,0.00,0.00,42.8,103.03,651.91,259.53,DESCEND
8.6508,1.1256,0.1016,-0.0871,0.00916,0.19096,0.04411,-5.00,0.00,0.00,42.9,103.03,651.91,259.49,DESCEND
8.6609,1.2156,0.1616,-0.0171,0.01416,0.19896,0.04111,-5.00,0.00,0.00,42.9,103.03,651.91,259.43,DESCEND
8.6710,1.1056,0.0316,0.1228,0.00116,0.20796,0.04411,-5.00,0.00,0.00,43.0,103.03,651.91,259.39,DESCEND
8.6810,1.3856,0.3016,0.0628,0.03316,0.22096,0.04111,-5.00,0.00,0.00,43.0,103.03,651.92,259.33,DESCEND
8.6911,1.1756,0.6616,-0.3671,0.00216,0.21296,0.04711,-5.00,0.00,0.00,43.1,103.03,651.92,259.29,DESCEND
8.7012,1.2956,0.3816,-0.1871,0.01516,0.22096,0.04511,-5.00,0.00,0.00,43.1,103.03,651.92,259.23,DESCEND
8.7114,1.4156,0.0216,-0.2171,0.02616,0.22696,0.04111,-5.00,0.00,0.00,43.2,103.03,651.92,259.19,DESCEND
8.7215,1.4456,0.0716,-0.1271,0.02716,0.23596,0.04111,-5.00,0.00,0.00,43.2,103.03,651.92,259.13,DESCEND
8.7317,1.2556,0.2516,0.0228,-0.00683,0.22896,0.04811,-5.00,0.00,0.00,43.3,103.03,651.93,259.07,DESCEND
8.7418,1.2856,0.2116,0.0428,-0.00683,0.23896,0.04511,-5.00,0.00,0.00,43.3,103.03,651.93,259.03,DESCEND
8.7519,1.2556,0.0416,0.3428,0.00616,0.26096,0.04111,-5.00,0.00,0.00,43.4,103.03,651.93,258.97,DESCEND
8.7620,1.3856,0.1216,-0.0171,-0.00483,0.24096,0.04611,-5.00,0.00,0.00,43.4,103.03,651.93,258.93,DESCEND
8.7721,1.4656,0.1116,-0.1371,-0.00383,0.24896,0.04511,-5.00,0.00,0.00,43.5,103.03,651.93,258.87,DESCEND
8.7822,1.1956,0.5216,-0.1471,0.00016,0.26596,0.04811,-5.00,0.00,0.00,43.5,103.03,651.93,258.83,DESCEND
8.7923,1.3156,-0.0083,0.1528,0.00816,0.26496,0.04511,-5.00,0.00,0.00,43.6,103.03,651.94,258.77,DESCEND
8.8024,1.4456,0.1516,0.2028,0.01116,0.28796,0.04411,-5.00,0.00,0.00,43.6,103.03,651.94,258.73,DESCEND
8.8126,1.4956,0.2616,-0.0571,0.00616,0.26996,0.04511,-5.00,0.00,0.00,43.7,103.03,651.94,258.67,DESCEND
8.8227,1.4456,0.1116,0.4328,0.00916,0.28896,0.04611,-5.00,0.00,0.00,43.7,103.03,651.94,258.63,DESCEND
8.8328,1.4356,-0.2783,0.1328,-0.00083,0.28296,0.04111,-5.00,0.00,0.00,43.8,103.03,651.94,258.57,DESCEND
8.8429,1.3756,0.1016,0.2828,-0.01983,0.28296,0.04411,-5.00,0.00,0.00,43.8,103.03,651.95,258.53,DESCEND
8.8530,1.3056,0.4016,-0.0671,-0.00583,0.28996,0.05011,-5.00,0.00,0.00,43.9,103.03,651.95,258.47,DESCEND
8.8632,1.4756,0.2816,-0.2671,-0.00783,0.28496,0.04611,-5.00,0.00,0.00,43.9,103.03,651.95,258.43,DESCEND
8.8733,1.6556,0.2416,0.2328,0.02816,0.31696,0.04011,-5.00,0.00,0.00,44.0,103.03,651.95,258.38,DESCEND
8.8834,1.7556,0.4016,-0.1471,0.01016,0.30696,0.04511,-5.00,0.00,0.00,44.0,103.03,651.95,258.32,DESCEND
8.8935,1.6656,0.0516,0.3828,0.01616,0.32096,0.04411,-5.00,0.00,0.00,44.1,103.03,651.96,258.28,DESCEND
8.9036,1.7256,-0.0583,0.0228,0.02816,0.32396,0.04011,-5.00,0.00,0.00,44.1,103.03,651.96,258.22,DESCEND
8.9138,1.6456,0.4616,0.0328,0.00316,0.32596,0.04511,-5.00,0.00,0.00,44.2,103.03,651.96,258.18,DESCEND
8.9239,1.7656,0.1216,0.0328,0.00616,0.32896,0.04411,-5.00,0.00,0.00,44.2,103.03,651.96,258.12,DESCEND
8.9340,1.9156,0.2916,-0.1671,0.02016,0.33596,0.04111,-5.00,0.00,0.00,44.3,103.03,651.96,258.08,DESCEND
8.9441,1.7456,0.1716,0.1428,-0.00383,0.33396,0.04411,-5.00,0.00,0.00,44.3,103.03,651.97,258.02,DESCEND
8.9542,1.8756,0.2216,-0.1771,0.00116,0.33496,0.04411,-5.00,0.00,0.00,44.4,103.03,651.97,257.98,DESCEND
8.9643,1.8756,0.2516,0.0028,0.01516,0.34796,0.04411,-5.00,0.00,0.00,44.4,103.03,651.97,257.92,DESCEND
8.9744,1.8456,0.1916,0.0128,0.00516,0.34996,0.04211,-1.00,4.00,0.00,44.5,103.03,651.97,257.86,SPIRAL
8.9847,2.0456,0.2516,-0.1171,0.00816,0.35496,0.04611,-1.00,3.90,1.02,44.5,103.03,651.97,257.82,SPIRAL
8.9948,1.8956,0.0016,-0.0171,-0.00383,0.34896,0.04211,-1.00,3.61,2.00,44.6,103.03,651.97,257.78,SPIRAL
9.0049,2.0556,0.4816,0.1528,0.02516,0.36896,0.04711,-1.00,3.14,2.91,44.6,103.04,651.98,257.73,SPIRAL
9.0150,2.1456,0.1416,-0.0571,0.02116,0.36796,0.04311,-1.00,2.50,3.73,44.7,103.05,651.98,257.69,SPIRAL
9.0251,2.1156,0.0816,0.1328,0.01616,0.37896,0.04111,-1.00,1.70,4.42,44.7,103.06,651.99,257.64,SPIRAL
9.0352,2.0456,0.2616,0.0228,0.00816,0.38196,0.04211,-1.00,0.78,4.97,44.7,103.07,652.00,257.61,SPIRAL
9.0453,2.1356,0.0316,0.3028,0.01216,0.38496,0.04211,-1.00,-0.25,5.35,44.8,103.08,652.01,257.57,SPIRAL
9.0554,1.8856,0.2016,-0.0371,0.00916,0.37696,0.04211,-1.00,-1.36,5.54,44.8,103.09,652.03,257.55,SPIRAL
9.0655,2.0256,0.0616,-0.0271,0.00116,0.38196,0.04611,-1.00,-2.52,5.53,44.9,103.10,652.05,257.51,SPIRAL
9.0756,2.0256,0.2916,0.1428,0.00416,0.37796,0.04111,-1.00,-3.68,5.32,44.9,103.10,652.07,257.48,SPIRAL
9.0857,1.9356,0.3716,-0.1771,0.02016,0.38596,0.04811,-1.00,-4.83,4.90,44.9,103.11,652.09,257.46,SPIRAL
9.0959,1.9856,0.4616,-0.2671,0.01216,0.37696,0.05111,-1.00,-5.92,4.27,44.9,103.11,652.12,257.42,SPIRAL
9.1060,2.0156,0.1416,-0.0671,0.00416,0.38096,0.04711,-1.00,-6.92,3.44,45.0,103.10,652.15,257.40,SPIRAL
9.1161,2.0756,0.1516,-0.0471,0.01916,0.37996,0.04611,-1.00,-7.80,2.43,45.0,103.10,652.18,257.38,SPIRAL
9.1262,2.1256,-0.0383,0.1628,0.01316,0.38896,0.04711,-1.00,-8.52,1.26,45.0,103.09,652.20,257.36,SPIRAL
9.1363,1.9856,-0.0483,0.2328,0.01716,0.39296,0.04411,-1.00,-9.07,-0.06,45.0,103.07,652.23,257.33,SPIRAL
9.1465,2.0356,0.1616,0.1828,0.01616,0.39296,0.04611,-1.00,-9.41,-1.51,45.1,103.06,652.25,257.31,SPIRAL
9.1567,2.1256,0.0916,-0.2771,0.03516,0.39796,0.04711,-1.00,-9.53,-3.02,45.1,103.04,652.28,257.29,SPIRAL
9.1668,2.1356,0.2616,-0.1071,0.02216,0.39796,0.04811,-1.00,-9.40,-4.59,45.1,103.02,652.30,257.27,SPIRAL
9.1769,2.1156,0.3116,-0.3271,0.01616,0.39496,0.05111,-1.00,-9.03,-6.16,45.1,102.99,652.33,257.24,SPIRAL
9.1870,2.2756,0.4716,-0.5071,0.03616,0.39296,0.04511,-1.00,-8.41,-7.71,45.1,102.97,652.34,257.23,SPIRAL
9.1971,2.1156,0.1616,0.1428,0.03016,0.41096,0.04611,-1.00,-7.53,-9.19,45.2,102.93,652.36,257.20,SPIRAL
9.2072,2.1056,-0.2583,0.0728,0.02116,0.39996,0.04611,-1.00,-6.42,-10.57,45.2,102.90,652.37,257.19,SPIRAL
9.2174,2.2656,0.2916,-0.3471,0.04616,0.40796,0.05211,-1.00,-5.06,-11.81,45.2,102.87,652.38,257.16,SPIRAL
9.2275,2.0456,0.1716,0.0028,0.02216,0.41396,0.04711,-1.00,-3.51,-12.87,45.2,102.82,652.38,257.14,SPIRAL
9.2376,2.4856,-0.0783,0.3028,0.04416,0.41396,0.04711,-1.00,-1.76,-13.71,45.3,102.80,652.38,257.13,SPIRAL
9.2477,2.2756,0.2516,0.2428,0.02316,0.41496,0.04811,-1.00,0.14,-14.31,45.3,102.76,652.38,257.10,SPIRAL
9.2579,2.2056,0.3016,0.2328,0.02216,0.42396,0.05211,-1.00,2.16,-14.64,45.3,102.73,652.37,257.09,SPIRAL
9.2679,2.1456,0.3016,0.0628,0.00016,0.42396,0.04711,-1.00,4.26,-14.68,45.3,102.69,652.36,257.06,SPIRAL
9.2781,2.3556,0.3116,0.0728,0.00516,0.41796,0.04211,-1.00,6.40,-14.42,45.3,102.67,652.34,257.05,SPIRAL
9.2882,2.2956,0.7416,-0.2971,-0.00983,0.42196,0.04711,-1.00,8.55,-13.85,45.3,102.63,652.32,257.03,SPIRAL
9.2983,2.2556,0.5216,0.0928,-0.02483,0.43696,0.04511,-1.00,10.64,-12.95,45.4,102.61,652.31,257.01,SPIRAL
9.3084,2.4256,0.1516,0.4428,-0.00383,0.44796,0.04311,-1.00,12.64,-11.75,45.4,102.59,652.28,256.99,SPIRAL
9.3185,2.1656,0.7716,-0.0171,-0.02583,0.42996,0.04311,-1.00,14.50,-10.25,45.4,102.57,652.26,256.97,SPIRAL
9.3286,2.2356,0.3316,0.4428,-0.01883,0.43896,0.04611,-1.00,16.17,-8.46,45.4,102.55,652.23,256.95,SPIRAL
9.3387,2.4256,0.2716,0.0428,-0.00783,0.42796,0.04511,-1.00,17.61,-6.42,45.4,102.54,652.21,256.94,SPIRAL
9.3488,2.2756,0.4416,0.2628,-0.01083,0.44396,0.03911,-1.00,18.79,-4.14,45.5,102.53,652.17,256.92,SPIRAL
9.3590,2.2956,0.3216,0.1928,-0.01683,0.42496,0.03911,-1.00,19.67,-1.66,45.5,102.52,652.15,256.90,SPIRAL
9.3691,2.2656,0.7016,-0.0171,-0.01383,0.41996,0.04811,-1.00,20.21,0.97,45.5,102.52,652.11,256.88,SPIRAL
9.3792,2.3756,0.3716,0.3128,-0.02983,0.41696,0.04211,-1.00,20.40,3.71,45.5,102.52,652.09,256.87,SPIRAL
9.3893,2.3656,0.4416,0.2228,-0.00683,0.42296,0.04611,-1.00,20.21,6.52,45.5,102.52,652.06,256.84,SPIRAL
9.3995,2.0256,0.3416,0.6128,-0.01083,0.44796,0.04311,-1.00,19.63,9.33,45.5,102.54,652.03,256.82,SPIRAL
9.4096,2.2056,0.3216,0.6228,-0.02083,0.44496,0.04211,-1.00,18.66,12.10,45.6,102.55,652.01,256.81,SPIRAL
9.4197,2.2356,0.2816,0.2128,-0.02583,0.43496,0.04311,-1.00,17.30,14.76,45.6,102.56,651.98,256.79,SPIRAL
9.4298,2.3456,0.5116,0.1828,-0.02383,0.42796,0.04111,-1.00,15.56,17.26,45.6,102.58,651.97,256.78,SPIRAL
9.4399,2.3356,0.6116,0.0028,-0.01383,0.42996,0.04611,-1.00,13.46,19.55,45.6,102.60,651.95,256.76,SPIRAL
9.4500,2.2456,0.4416,0.3228,-0.02183,0.44296,0.04211,-1.00,11.02,21.59,45.6,102.62,651.94,256.74,SPIRAL
9.4601,2.3456,0.3016,0.2928,-0.01183,0.44696,0.04411,-1.00,8.29,23.31,45.6,102.65,651.92,256.72,SPIRAL
9.4702,2.2456,0.2916,0.2528,-0.00283,0.44996,0.04411,-1.00,5.30,24.68,45.6,102.67,651.92,256.71,SPIRAL
9.4804,2.4456,0.1516,0.2728,0.00516,0.44596,0.04311,-1.00,2.09,25.66,45.7,102.70,651.91,256.69,SPIRAL
9.4905,2.2656,0.3416,0.1128,-0.00183,0.45396,0.04411,-1.00,-1.28,26.22,45.7,102.72,651.91,256.68,SPIRAL
9.5006,2.2856,0.1616,0.6828,0.00716,0.46496,0.04511,-1.00,-4.76,26.32,45.7,102.75,651.92,256.66,SPIRAL
9.5107,2.1756,0.3516,0.3728,-0.02283,0.44496,0.04711,-1.00,-8.28,25.96,45.7,102.76,651.93,256.65,SPIRAL
9.5208,2.3456,0.3616,0.5328,0.00216,0.46096,0.04311,-1.00,-11.78,25.13,45.7,102.79,651.94,256.63,SPIRAL
9.5309,2.2956,0.3116,0.3728,-0.00983,0.46096,0.04111,-1.00,-15.20,23.82,45.7,102.81,651.95,256.62,SPIRAL
9.5410,2.4656,0.1416,0.2928,-0.00883,0.44296,0.04111,-1.00,-18.47,22.04,45.8,102.83,651.97,256.60,SPIRAL
9.5511,2.5256,0.3816,0.4428,-0.01483,0.44496,0.04211,-1.00,-21.54,19.81,45.8,102.84,651.99,256.59,SPIRAL
9.5613,2.3456,0.0216,0.6928,-0.01383,0.45296,0.04311,-1.00,-24.32,17.16,45.8,102.86,652.02,256.57,SPIRAL
9.5714,2.5956,-0.0783,0.7128,0.01316,0.46796,0.04311,-1.00,-26.78,14.12,45.8,102.87,652.04,256.56,SPIRAL
9.5815,2.5256,-0.1383,0.8628,0.01516,0.48496,0.04111,-1.00,-28.84,10.73,45.8,102.88,652.07,256.55,SPIRAL
9.5916,2.6656,0.3516,0.4128,0.02316,0.46696,0.04911,-1.00,-30.48,7.04,45.8,102.88,652.10,256.53,SPIRAL
9.6017,2.7356,0.3316,0.3728,0.03816,0.48796,0.04611,-1.00,-31.63,3.10,45.8,102.88,652.12,256.52,SPIRAL
9.6118,2.5556,0.1116,0.4928,0.03216,0.48996,0.04711,-1.00,-32.27,-1.00,45.9,102.88,652.16,256.50,SPIRAL
9.6219,2.5656,-0.1783,0.6228,0.04216,0.48796,0.04311,-1.00,-32.37,-5.24,45.9,102.87,652.18,256.49,SPIRAL
9.6320,2.3356,-0.1283,0.2728,0.03616,0.50396,0.04611,-1.00,-31.91,-9.50,45.9,102.86,652.21,256.47,SPIRAL
9.6421,2.5256,0.0016,0.3428,0.03016,0.48596,0.04711,-1.00,-30.89,-13.72,45.9,102.84,652.24,256.46,SPIRAL
9.6522,2.6256,0.1616,0.0528,0.03916,0.48196,0.04111,-1.00,-29.30,-17.84,45.9,102.82,652.27,256.45,SPIRAL
9.6623,2.5356,0.0716,0.3928,0.04016,0.48796,0.04511,-1.00,-27.16,-21.77,45.9,102.81,652.28,256.44,SPIRAL
9.6725,2.5056,0.2316,0.1628,0.03116,0.48096,0.04711,-1.00,-24.49,-25.44,46.0,102.78,652.31,256.42,SPIRAL
9.6826,2.3556,-0.0083,0.4728,0.01216,0.47696,0.04911,-1.00,-21.32,-28.79,46.0,102.76,652.32,256.41,SPIRAL
9.6927,2.5356,-0.0383,0.2228,0.04316,0.49196,0.04411,-1.00,-17.69,-31.73,46.0,102.72,652.34,256.39,SPIRAL
9.7028,2.7856,-0.3583,0.5128,0.03416,0.48596,0.04011,-1.00,-13.66,-34.20,46.0,102.70,652.35,256.38,SPIRAL
9.7130,2.6456,0.1816,0.1228,0.02816,0.47396,0.04111,-1.00,-9.29,-36.16,46.0,102.66,652.36,256.36,SPIRAL
9.7230,2.5556,-0.2383,0.4728,0.05116,0.50396,0.04311,-1.00,-4.66,-37.55,46.0,102.63,652.36,256.35,SPIRAL
9.7331,2.7456,0.0116,0.1828,0.04716,0.48396,0.04511,-1.00,0.20,-38.35,46.0,102.60,652.37,256.33,SPIRAL
9.7433,2.4056,-0.1183,0.2928,0.01816,0.48196,0.04311,-1.00,5.18,-38.51,46.1,102.57,652.36,256.32,SPIRAL
9.7534,2.6656,0.0816,0.1728,0.03916,0.48996,0.04611,-1.00,10.21,-38.01,46.1,102.53,652.36,256.31,SPIRAL
9.7635,2.6556,0.0416,0.3328,0.02716,0.48196,0.04111,-1.00,15.18,-36.86,46.1,102.51,652.35,256.29,SPIRAL
9.7736,2.5356,0.2816,0.1728,0.03216,0.50096,0.04411,-1.00,20.03,-35.05,46.1,102.47,652.33,256.28,SPIRAL
9.7837,2.5756,0.2016,0.5328,0.00716,0.49696,0.03811,-1.00,24.65,-32.61,46.1,102.44,652.31,256.26,SPIRAL
9.7938,2.5956,0.3216,0.1728,0.00816,0.49896,0.04011,-1.00,28.97,-29.55,46.1,102.42,652.30,256.25,SPIRAL
9.8040,2.7356,-0.0783,0.1228,0.01416,0.50596,0.03711,-1.00,32.92,-25.91,46.1,102.39,652.27,256.23,SPIRAL
9.8141,2.4856,-0.2383,0.6328,-0.02483,0.50596,0.03411,-1.00,36.39,-21.75,46.2,102.38,652.25,256.22,SPIRAL
9.8242,2.7356,0.4816,-0.1271,-0.00683,0.49596,0.04211,-1.00,39.33,-17.13,46.2,102.36,652.22,256.20,SPIRAL
9.8343,2.7556,0.4716,0.2128,0.00316,0.50796,0.03711,-1.00,41.69,-12.10,46.2,102.35,652.19,256.19,SPIRAL
9.8444,2.5756,0.4916,0.0228,-0.03283,0.49296,0.03811,-1.00,48.90,-6.74,46.2,102.34,652.16,256.17,SPIRAL
9.8545,2.6956,0.3516,0.5428,-0.02283,0.49796,0.04011,-1.00,44.40,-1.16,46.2,102.33,652.13,256.16,SPIRAL
9.8646,2.8256,0.4416,0.5128,-0.00583,0.49796,0.03811,-1.00,44.69,4.56,46.2,102.33,652.10,256.14,SPIRAL
9.8747,2.5956,0.3616,0.2428,-0.01783,0.49596,0.03811,-1.00,44.24,10.35,46.2,102.33,652.08,256.13,SPIRAL
9.8849,2.7056,0.4116,0.2228,-0.01083,0.48896,0.03911,-1.00,43.01,16.13,46.3,102.34,652.04,256.11,SPIRAL
9.8951,2.6156,0.6516,0.1628,-0.00583,0.48896,0.04411,-1.00,41.04,21.75,46.3,102.35,652.02,256.10,SPIRAL
9.9052,2.5856,0.2416,0.6628,-0.02583,0.49396,0.03911,-1.00,38.35,27.10,46.3,102.36,651.99,256.08,SPIRAL
9.9153,2.5656,0.4416,0.4528,-0.02483,0.50096,0.04411,-1.00,34.95,32.12,46.3,102.38,651.97,256.07,SPIRAL
9.9254,2.5656,0.2816,0.8028,-0.02283,0.51096,0.04011,-1.00,30.88,36.70,46.3,102.40,651.95,256.05,SPIRAL
9.9355,2.7256,0.4216,0.4228,-0.00883,0.50496,0.04311,-1.00,26.21,40.78,46.3,102.41,651.93,256.04,SPIRAL
9.9457,2.4556,0.6316,0.1928,-0.01683,0.50596,0.04211,-1.00,21.00,44.25,46.3,102.44,651.91,256.02,SPIRAL
9.9558,2.8156,0.0816,0.5028,-0.00383,0.50796,0.04011,-1.00,15.34,47.05,46.4,102.47,651.90,256.01,SPIRAL
9.9659,2.7656,0.2916,0.4028,-0.00383,0.49796,0.04211,-1.00,9.30,49.12,46.4,102.49,651.90,256.00,SPIRAL
9.9760,2.5856,0.1516,0.4728,-0.00183,0.50996,0.04611,-0.99,2.97,49.90,46.4,102.52,651.89,255.98,SPIRAL
9.9861,2.3656,0.4716,0.3428,-0.01683,0.50496,0.04711,-0.98,-3.42,49.87,46.4,102.54,651.89,255.97,SPIRAL
9.9962,2.8056,0.4816,0.3528,0.00316,0.50596,0.04511,-0.97,-9.73,49.03,46.4,102.57,651.89,255.95,SPIRAL
10.0063,2.5656,0.3616,0.4628,-0.00583,0.50896,0.04211,-0.96,-15.88,47.40,46.4,102.59,651.90,255.94,SPIRAL
10.0164,2.7356,0.3916,0.5628,-0.00483,0.49596,0.04511,-0.95,-21.79,44.99,46.4,102.62,651.91,255.93,SPIRAL
10.0265,2.4956,0.2316,0.7428,-0.01483,0.50196,0.04411,-0.94,-27.34,41.85,46.4,102.64,651.92,255.92,SPIRAL
10.0366,2.8456,0.4816,-0.0671,0.01516,0.48896,0.04411,-0.93,-32.46,38.02,46.5,102.67,651.94,255.90,SPIRAL
10.0467,2.6956,0.3116,0.3728,0.01616,0.50596,0.04211,-0.92,-37.05,33.56,46.5,102.68,651.96,255.89,SPIRAL
10.0569,2.5456,0.4116,0.3228,0.00316,0.49796,0.04211,-0.92,-41.03,28.56,46.5,102.70,651.99,255.88,SPIRAL
10.0670,2.5456,0.3316,0.4028,0.01816,0.49296,0.04711,-0.91,-44.33,23.12,46.5,102.71,652.00,255.87,SPIRAL
10.0770,2.5656,0.1516,0.3228,0.01616,0.49496,0.04911,-0.90,-46.91,17.29,46.5,102.72,652.04,255.85,SPIRAL
10.0872,2.5556,0.3416,0.3528,0.03016,0.49996,0.04811,-0.89,-48.73,11.18,46.5,102.73,652.06,255.84,SPIRAL
10.0973,2.8056,0.1516,0.4128,0.04716,0.51796,0.04911,-0.88,-49.75,4.88,46.5,102.73,652.09,255.83,SPIRAL
10.1074,2.7356,0.3616,0.1828,0.03316,0.51296,0.04911,-0.88,-49.97,-1.50,46.5,102.73,652.11,255.82,SPIRAL
10.1175,2.8756,-0.0683,0.4428,0.04216,0.52296,0.04611,-0.87,-49.37,-7.85,46.6,102.72,652.15,255.81,SPIRAL
10.1276,2.9156,0.0916,0.1128,0.08116,0.54496,0.04611,-0.86,-47.97,-14.08,46.6,102.71,652.17,255.80,SPIRAL
10.1378,2.8056,-0.1483,0.4828,0.04816,0.53496,0.04511,-0.85,-45.78,-20.08,46.6,102.70,652.20,255.78,SPIRAL
10.1479,2.5656,0.2316,0.0328,0.01116,0.50396,0.04911,-0.85,-42.85,-25.75,46.6,102.68,652.23,255.77,SPIRAL
10.1580,2.8256,0.2916,0.2328,0.04516,0.52696,0.04511,-0.84,-39.23,-30.99,46.6,102.66,652.25,255.76,SPIRAL
10.1681,2.7956,0.1816,0.3128,0.04016,0.52596,0.04711,-0.83,-34.97,-35.73,46.6,102.64,652.27,255.74,SPIRAL
10.1782,2.9156,0.2416,-0.0071,0.04616,0.52296,0.04611,-0.82,-30.14,-39.89,46.6,102.62,652.29,255.73,SPIRAL
10.1883,2.5856,0.4116,0.1228,0.01716,0.52996,0.05011,-0.82,-24.81,-43.40,46.7,102.58,652.31,255.72,SPIRAL
10.1984,2.5956,0.1316,0.1328,0.02016,0.52696,0.04811,-0.81,-19.08,-46.21,46.7,102.56,652.32,255.71,SPIRAL
10.2086,2.8856,0.0816,0.0128,0.04116,0.52096,0.04711,-0.80,-13.04,-48.26,46.7,102.52,652.33,255.69,SPIRAL
10.2187,2.6356,0.3616,-0.0371,0.02516,0.52896,0.04611,-0.80,-6.78,-49.53,46.7,102.50,652.33,255.68,SPIRAL
10.2288,2.8256,0.1416,0.3328,0.01916,0.53596,0.04411,-0.79,-0.43,-49.99,46.7,102.46,652.33,255.67,SPIRAL
10.2389,2.9256,-0.1383,0.4428,0.03416,0.54096,0.03611,-0.79,5.92,-49.64,46.7,102.44,652.33,255.66,SPIRAL
10.2490,3.0056,0.1816,-0.0871,0.03716,0.53096,0.04011,-0.78,12.17,-48.49,46.7,102.40,652.32,255.64,SPIRAL
10.2591,2.7256,0.4716,-0.1171,0.00316,0.52596,0.04411,-0.77,18.24,-46.55,46.7,102.37,652.32,255.63,SPIRAL
10.2692,2.6156,0.4216,-0.1471,0.01416,0.53396,0.04511,-0.77,24.00,-43.86,46.8,102.34,652.30,255.62,SPIRAL
10.2793,2.8156,0.2816,-0.0071,0.02316,0.53296,0.04611,-0.76,29.38,-40.45,46.8,102.32,652.29,255.61,SPIRAL
10.2894,2.6956,0.5516,0.0928,0.01516,0.54496,0.04411,-0.76,34.29,-36.38,46.8,102.29,652.27,255.59,SPIRAL
10.2995,2.7956,0.3316,0.5328,0.01816,0.55396,0.04011,-0.75,38.64,-31.73,46.8,102.27,652.25,255.58,SPIRAL
10.3096,2.9056,0.5016,0.2728,0.00116,0.53996,0.03811,-0.74,42.37,-26.54,46.8,102.25,652.22,255.56,SPIRAL
10.3197,3.0656,0.2916,0.0128,0.00416,0.54696,0.03611,-0.74,45.40,-20.93,46.8,102.23,652.20,255.55,SPIRAL
10.3298,2.9856,0.3516,0.2228,-0.00483,0.55496,0.03511,-0.73,47.69,-15.00,46.8,102.22,652.16,255.54,SPIRAL
10.3400,2.8856,0.2416,0.5028,-0.01283,0.55896,0.03411,-0.73,49.21,-8.81,46.9,102.21,652.13,255.52,SPIRAL
10.3501,2.9456,0.5316,0.0328,-0.00683,0.54996,0.03811,-0.72,49.93,-2.48,46.9,102.20,652.10,255.51,SPIRAL
10.3602,2.7356,0.6016,0.2328,-0.02283,0.55696,0.03911,-0.72,49.84,3.90,46.9,102.20,652.07,255.49,SPIRAL
10.3703,2.9056,0.2716,0.4528,-0.02383,0.55396,0.03611,-0.71,48.94,10.21,46.9,102.20,652.04,255.48,SPIRAL
10.3804,3.0256,0.3816,0.4028,-0.01583,0.55596,0.03911,-0.71,47.24,16.36,46.9,102.21,652.01,255.47,SPIRAL
10.3906,3.0656,0.3316,0.5228,-0.01583,0.55496,0.03711,-0.70,44.78,22.23,46.9,102.22,651.99,255.46,SPIRAL
10.4007,2.9656,0.5216,0.4228,-0.00383,0.57096,0.03811,-0.70,41.59,27.75,46.9,102.23,651.96,255.44,SPIRAL
10.4108,2.9256,0.0916,0.8628,-0.01783,0.56496,0.03811,-0.69,37.72,32.81,46.9,102.25,651.94,255.43,SPIRAL
10.4209,2.8756,0.3916,0.5228,-0.02183,0.56896,0.04311,-0.69,33.23,37.35,46.9,102.27,651.91,255.42,SPIRAL
10.4310,2.8356,0.0816,0.8728,-0.02783,0.56796,0.04011,-0.68,28.22,41.27,47.0,102.28,651.90,255.40,SPIRAL
10.4412,3.0656,0.7616,-0.1871,-0.02183,0.56096,0.04311,-0.68,22.74,44.52,47.0,102.31,651.88,255.39,SPIRAL
10.4513,2.8756,0.5016,0.3028,-0.02583,0.57796,0.03911,-0.67,16.88,47.06,47.0,102.33,651.87,255.38,SPIRAL
10.4614,2.8556,0.4116,0.5528,-0.02783,0.56796,0.03711,-0.67,10.75,48.83,47.0,102.36,651.86,255.37,SPIRAL
10.4715,2.8856,0.4616,0.2928,-0.00583,0.57196,0.04411,-0.66,4.46,49.80,47.0,102.38,651.85,255.36,SPIRAL
10.4817,3.0456,0.3516,0.4728,-0.00783,0.57296,0.04211,-0.66,-1.90,49.96,47.0,102.41,651.85,255.34,SPIRAL
10.4918,3.2256,0.1916,0.7228,-0.00783,0.57196,0.04011,-0.65,-8.25,49.31,47.0,102.45,651.85,255.33,SPIRAL
10.5019,2.7656,0.3316,0.8828,-0.01083,0.58496,0.04111,-0.65,-14.46,47.86,47.0,102.47,651.86,255.32,SPIRAL
10.5120,2.9156,0.2216,0.3928,-0.00383,0.56496,0.04511,-0.65,-20.41,45.64,47.1,102.50,651.87,255.31,SPIRAL
10.5222,2.9356,0.3216,0.3928,0.01216,0.57396,0.04311,-0.64,-26.07,42.66,47.1,102.52,651.88,255.30,SPIRAL
10.5323,2.9356,0.6416,0.3428,-0.01483,0.55496,0.04211,-0.64,-31.28,39.00,47.1,102.54,651.90,255.28,SPIRAL
10.5424,2.9756,0.5716,0.3728,0.00916,0.56796,0.03911,-0.63,-35.98,34.71,47.1,102.56,651.92,255.28,SPIRAL
10.5526,2.8156,0.3016,0.3328,-0.01283,0.55796,0.04511,-0.63,-40.13,29.81,47.1,102.58,651.94,255.26,SPIRAL
10.5627,2.7256,0.4016,0.5728,-0.02183,0.56096,0.03911,-0.63,-43.60,24.46,47.1,102.59,651.96,255.25,SPIRAL
10.5728,2.8256,0.2116,0.3228,0.01016,0.55396,0.04411,-0.62,-46.35,18.74,47.1,102.60,651.99,255.24,SPIRAL
10.5829,2.8256,0.0116,0.5328,0.01916,0.55796,0.04311,-0.62,-48.36,12.70,47.1,102.61,652.01,255.23,SPIRAL
10.5931,2.8856,0.0716,0.2228,0.04816,0.56296,0.04611,-0.61,-49.58,6.43,47.1,102.61,652.05,255.22,SPIRAL
10.6032,2.7756,0.1216,0.4528,0.03216,0.56196,0.05011,-0.61,-50.00,0.07,47.2,102.61,652.07,255.21,SPIRAL
10.6133,2.7256,0.2416,-0.0071,0.03416,0.56896,0.05411,-0.61,-49.60,-6.28,47.2,102.61,652.10,255.20,SPIRAL
10.6234,3.2156,0.0616,0.3328,0.05116,0.56896,0.04311,-0.60,-48.40,-12.52,47.2,102.60,652.13,255.19,SPIRAL
10.6335,3.0256,0.0116,0.1928,0.04616,0.58496,0.04311,-0.60,-46.42,-18.56,47.2,102.59,652.16,255.18,SPIRAL
10.6436,2.9556,0.2416,0.1428,0.04016,0.58596,0.04611,-0.60,-43.69,-24.31,47.2,102.57,652.18,255.17,SPIRAL
10.6538,2.9256,0.1416,0.1728,0.03416,0.57896,0.04411,-0.59,-40.23,-29.69,47.2,102.55,652.21,255.16,SPIRAL
10.6639,3.0056,0.1416,0.1328,0.04316,0.59196,0.04311,-0.59,-36.13,-34.56,47.2,102.53,652.23,255.15,SPIRAL
10.6740,3.3156,0.1316,0.1528,0.04416,0.57296,0.04511,-0.58,-31.45,-38.87,47.2,102.51,652.25,255.14,SPIRAL
10.6841,3.0556,0.3716,0.1128,0.04416,0.58496,0.04511,-0.58,-26.26,-42.54,47.2,102.48,652.27,255.13,SPIRAL
10.6942,2.8656,0.4216,-0.0571,0.02116,0.57196,0.04611,-0.58,-20.63,-45.54,47.3,102.45,652.28,255.12,SPIRAL
10.7043,3.2356,0.1416,0.2628,0.04016,0.58196,0.04311,-0.57,-14.69,-47.79,47.3,102.42,652.29,255.11,SPIRAL
10.7145,3.1656,0.2116,0.1428,0.03616,0.58396,0.04611,-0.57,-8.49,-49.27,47.3,102.39,652.29,255.10,SPIRAL
10.7246,3.2356,0.3316,0.0428,0.03616,0.58096,0.03911,-0.57,-2.16,-49.95,47.3,102.36,652.30,255.08,SPIRAL
10.7347,3.0656,0.0816,-0.0271,0.05416,0.60496,0.04211,-0.56,4.21,-49.82,47.3,102.33,652.29,255.07,SPIRAL
10.7448,2.9956,0.1916,0.0728,0.01616,0.59496,0.03911,-0.56,10.50,-48.88,47.3,102.29,652.29,255.06,SPIRAL
10.7549,3.1156,-0.0083,0.4328,0.04216,0.60296,0.04011,-0.56,16.62,-47.15,47.3,102.27,652.28,255.05,SPIRAL
10.7651,3.2456,0.0916,0.0528,0.03216,0.59096,0.03811,-0.55,22.47,-44.66,47.3,102.24,652.27,255.04,SPIRAL
10.7752,3.2256,0.2216,0.2128,0.02716,0.58996,0.04211,-0.55,27.97,-41.44,47.3,102.21,652.26,255.03,SPIRAL
10.7853,3.1256,0.4716,-0.0971,0.01516,0.59896,0.04011,-0.55,33.02,-37.54,47.4,102.18,652.23,255.02,SPIRAL
10.7954,3.0856,0.2416,0.3528,0.02516,0.60396,0.04011,-0.55,37.52,-33.05,47.4,102.17,652.22,255.01,SPIRAL
10.8055,3.1656,0.3016,0.0528,0.02216,0.60796,0.03811,-0.54,41.41,-28.02,47.4,102.14,652.19,254.99,SPIRAL
10.8157,3.1656,0.4616,0.2928,0.01616,0.61096,0.04311,-0.54,44.64,-22.52,47.4,102.12,652.16,254.98,SPIRAL
10.8258,3.1356,0.5616,0.1128,-0.00883,0.59496,0.03911,-0.54,47.13,-16.68,47.4,102.11,652.13,254.97,SPIRAL
10.8359,3.1756,0.3216,0.4928,-0.00383,0.62096,0.03311,-0.53,48.87,-10.54,47.4,102.10,652.10,254.96,SPIRAL
10.8460,3.0656,0.6516,-0.1871,-0.02483,0.59996,0.03511,-0.53,49.82,-4.25,47.4,102.10,652.08,254.95,SPIRAL
10.8562,3.3556,0.2116,0.2528,-0.00683,0.61596,0.03211,-0.53,49.95,2.12,47.4,102.10,652.04,254.93,SPIRAL
10.8663,3.0756,0.6116,0.4428,-0.04983,0.59296,0.03711,-0.53,49.28,8.45,47.4,102.10,652.01,254.92,SPIRAL
10.8764,3.2656,0.6616,0.2528,-0.02083,0.60496,0.03711,-0.52,47.81,14.62,47.5,102.10,651.98,254.91,SPIRAL
10.8865,3.4056,0.6316,0.0628,-0.02083,0.59796,0.03911,-0.50,45.99,19.62,47.5,102.11,651.96,254.90,SPIRAL
10.8966,3.1056,0.4916,0.3928,-0.00983,0.62796,0.03911,-0.52,42.58,26.20,47.5,102.12,651.93,254.89,SPIRAL
10.9067,3.3456,0.1616,0.5828,-0.00683,0.62596,0.03911,-0.51,38.90,31.40,47.5,102.14,651.91,254.88,SPIRAL
10.9168,3.3056,0.3116,0.3428,-0.02383,0.61296,0.04111,-0.51,34.61,36.08,47.5,102.16,651.88,254.87,SPIRAL
10.9270,3.1756,0.4316,0.4928,-0.01383,0.63496,0.04111,-0.51,29.75,40.19,47.5,102.17,651.86,254.86,SPIRAL
10.9371,3.4056,0.4716,0.2228,-0.00983,0.62096,0.03711,-0.51,24.40,43.64,47.5,102.20,651.84,254.85,SPIRAL
10.9472,3.4656,0.2816,0.2828,-0.00283,0.62896,0.03911,-0.50,18.67,46.38,47.5,102.22,651.83,254.84,SPIRAL
10.9573,3.2956,0.0216,0.6128,0.00916,0.63996,0.03711,-0.50,12.63,48.38,47.5,102.25,651.82,254.82,SPIRAL
10.9674,3.1156,0.4016,0.5028,-0.01683,0.63596,0.03911,-0.50,6.39,49.59,47.5,102.27,651.81,254.82,SPIRAL
10.9775,3.1956,0.1116,0.5228,-0.01283,0.62296,0.03811,-0.50,0.04,50.00,47.6,102.30,651.81,254.81,SPIRAL
10.9876,3.3856,0.3116,0.4928,0.01116,0.63196,0.04811,-0.49,-6.31,49.60,47.6,102.32,651.81,254.80,SPIRAL
10.9978,3.2056,-0.0683,1.0328,0.00416,0.63096,0.04011,-0.49,-12.56,48.39,47.6,102.36,651.81,254.79,SPIRAL
11.0079,3.3656,0.2916,0.6428,-0.00383,0.62296,0.04111,-0.49,-18.60,46.41,47.6,102.39,651.83,254.77,SPIRAL
11.0180,3.3656,0.3016,0.3728,0.00616,0.61496,0.04111,-0.49,-24.32,43.68,47.6,102.40,651.84,254.77,SPIRAL
11.0281,3.2056,0.2716,0.5628,-0.01583,0.61496,0.04311,-0.48,-29.67,40.24,47.6,102.43,651.85,254.76,SPIRAL
11.0382,3.2556,0.5916,0.1028,-0.01083,0.60496,0.04111,-0.48,-34.54,36.15,47.6,102.45,651.87,254.75,SPIRAL
11.0483,3.3556,0.4716,0.4028,0.00316,0.61396,0.03911,-0.48,-38.85,31.47,47.6,102.47,651.89,254.74,SPIRAL
11.0584,3.1256,0.2016,0.4328,-0.00783,0.61396,0.03711,-0.48,-42.53,26.28,47.6,102.48,651.91,254.73,SPIRAL
11.0685,3.3856,0.1316,0.6528,0.00416,0.61096,0.04111,-0.47,-45.52,20.67,47.6,102.49,651.94,254.72,SPIRAL
11.0786,3.1756,0.4516,0.0328,0.02416,0.60296,0.04511,-0.47,-47.78,14.74,47.6,102.50,651.96,254.71,SPIRAL
11.0887,3.0656,0.0616,0.4428,0.01916,0.60996,0.04211,-0.47,-49.26,8.55,47.7,102.51,652.00,254.70,SPIRAL
11.0989,3.2456,-0.0083,0.6828,0.02516,0.60496,0.04511,-0.47,-49.95,2.21,47.7,102.51,652.02,254.70,SPIRAL
11.1090,3.0856,0.2316,0.2928,0.04416,0.60396,0.04911,-0.47,-49.83,-4.14,47.7,102.50,652.05,254.69,SPIRAL
11.1191,3.1756,0.1016,0.3728,0.04816,0.60196,0.04611,-0.46,-48.90,-10.43,47.7,102.50,652.08,254.68,SPIRAL
11.1292,3.2256,0.1416,0.3128,0.05416,0.60496,0.04811,-0.46,-47.18,-16.55,47.7,102.49,652.11,254.67,SPIRAL
11.1393,3.3356,-0.0083,0.3828,0.06916,0.61796,0.04211,-0.46,-44.70,-22.40,47.7,102.48,652.13,254.66,SPIRAL
11.1494,3.3556,-0.2083,0.3728,0.06016,0.60896,0.03911,-0.46,-41.50,-27.88,47.7,102.46,652.16,254.65,SPIRAL
11.1595,3.0956,0.2916,0.1328,0.04216,0.61396,0.04711,-0.45,-37.63,-32.92,47.7,102.44,652.18,254.65,SPIRAL
11.1696,3.1556,0.1816,0.3928,0.04916,0.62896,0.04511,-0.45,-33.15,-37.43,47.7,102.42,652.20,254.64,SPIRAL
11.1797,3.3856,0.1216,0.1628,0.04016,0.61096,0.03911,-0.45,-28.15,-41.32,47.7,102.40,652.21,254.63,SPIRAL
11.1898,3.2656,0.0216,0.2328,0.03616,0.61896,0.04011,-0.45,-22.68,-44.56,47.8,102.36,652.23,254.62,SPIRAL
11.2000,3.4156,-0.0383,0.3928,0.03616,0.61696,0.03911,-0.45,-16.83,-47.08,47.8,102.33,652.24,254.61,SPIRAL
11.2101,3.3956,0.3916,0.0628,0.06016,0.62696,0.04311,-0.44,-10.72,-48.84,47.8,102.31,652.25,254.60,SPIRAL
11.2202,3.3456,-0.0183,0.3028,0.04916,0.63096,0.04211,-0.44,-4.42,-49.80,47.8,102.27,652.25,254.59,SPIRAL
11.2303,3.3856,0.2416,0.1228,0.03316,0.62096,0.04511,-0.44,1.93,-49.96,47.8,102.24,652.25,254.58,SPIRAL
11.2404,3.3056,-0.1183,0.2328,0.05016,0.63996,0.04311,-0.44,8.25,-49.31,47.8,102.21,652.25,254.57,SPIRAL
11.2505,3.3456,0.2916,0.1928,0.03616,0.63496,0.04111,-0.44,14.44,-47.87,47.8,102.18,652.24,254.56,SPIRAL
11.2606,3.3856,0.5316,0.0628,0.03916,0.63896,0.04211,-0.43,20.40,-45.65,47.8,102.15,652.23,254.55,SPIRAL
11.2708,3.4456,-0.0083,0.1528,0.03816,0.64096,0.04111,-0.43,26.03,-42.69,47.8,102.12,652.22,254.55,SPIRAL
11.2809,3.2956,0.0616,0.7228,0.04216,0.65396,0.03611,-0.43,31.24,-39.03,47.8,102.09,652.19,254.53,SPIRAL
11.2910,3.6256,0.3616,-0.0271,0.02616,0.62396,0.03811,-0.43,35.94,-34.76,47.8,102.08,652.18,254.53,SPIRAL
11.3011,3.5056,0.0216,0.5128,0.01416,0.64196,0.03811,-0.43,40.06,-29.91,47.9,102.05,652.15,254.52,SPIRAL
11.3112,3.4756,0.1016,0.1928,0.03416,0.64896,0.03611,-0.43,43.53,-24.59,47.9,102.04,652.13,254.51,SPIRAL
11.3213,3.4356,0.0916,0.3728,0.01016,0.65796,0.03511,-0.42,46.30,-18.87,47.9,102.02,652.10,254.50,SPIRAL
11.3314,3.3856,0.2616,0.2728,-0.00183,0.64796,0.03511,-0.42,48.32,-12.84,47.9,102.01,652.08,254.49,SPIRAL
11.3416,3.3756,0.4216,0.2128,0.00616,0.64796,0.04111,-0.42,49.56,-6.60,47.9,102.00,652.04,254.48,SPIRAL
11.3517,3.6156,0.2216,0.4128,0.00816,0.65296,0.03311,-0.42,50.00,-0.27,47.9,102.00,652.02,254.47,SPIRAL
11.3618,3.4256,0.4016,0.6128,-0.00183,0.65296,0.03711,-0.42,49.63,6.08,47.9,102.00,651.98,254.46,SPIRAL
11.3719,3.4556,0.4916,0.5228,-0.00383,0.66096,0.03511,-0.41,48.46,12.32,47.9,102.00,651.95,254.45,SPIRAL
11.3820,3.5056,0.6316,0.5128,-0.02083,0.64996,0.04111,-0.41,46.51,18.36,47.9,102.01,651.92,254.44,SPIRAL
11.3921,3.7056,0.4816,0.5428,-0.01783,0.64996,0.03911,-0.41,43.79,24.12,47.9,102.02,651.89,254.43,SPIRAL
11.4022,3.4656,0.4516,0.5228,-0.02883,0.65596,0.03911,-0.41,40.38,29.48,47.9,102.04,651.87,254.42,SPIRAL
11.4124,3.5856,0.2316,0.8128,-0.02383,0.66396,0.04011,-0.41,36.30,34.38,48.0,102.06,651.84,254.41,SPIRAL
11.4225,3.5856,0.3816,0.4628,-0.01983,0.65796,0.03911,-0.41,31.64,38.72,48.0,102.07,651.83,254.40,SPIRAL
11.4326,3.5056,0.3316,0.3628,-0.01183,0.66696,0.04011,-0.40,26.47,42.41,48.0,102.10,651.81,254.39,SPIRAL
11.4427,3.5456,0.4316,0.5728,0.01016,0.68696,0.03711,-0.40,20.89,45.43,48.0,102.12,651.80,254.38,SPIRAL
11.4528,3.5956,0.1216,0.9928,0.00916,0.69496,0.03611,-0.40,14.96,47.71,48.0,102.15,651.78,254.37,SPIRAL
11.4629,3.6256,0.0416,0.8228,-0.00083,0.67296,0.03911,-0.40,8.78,49.22,48.0,102.17,651.78,254.37,SPIRAL
11.4730,3.6056,0.5316,0.4128,0.00216,0.66896,0.04211,-0.40,2.47,49.94,48.0,102.20,651.77,254.36,SPIRAL
11.4831,3.4456,0.3416,0.6628,-0.00783,0.67696,0.04411,-0.40,-5.46,49.70,48.0,102.23,651.77,254.35,SPIRAL
11.4932,3.5156,0.1716,0.4728,-0.02283,0.65696,0.04111,-0.40,-11.71,48.61,48.0,102.26,651.77,254.34,SPIRAL
11.5033,3.3156,0.5016,0.4228,-0.01383,0.65896,0.04311,-0.40,-17.77,46.74,48.0,102.28,651.78,254.33,SPIRAL
11.5134,3.5056,0.4716,0.5728,-0.00483,0.66596,0.04511,-0.40,-23.54,44.11,48.0,102.31,651.79,254.32,SPIRAL
11.5236,3.3356,0.5716,0.6928,-0.01683,0.65896,0.04211,-0.40,-28.96,40.76,48.0,102.33,651.80,254.32,SPIRAL
11.5337,3.5756,0.3416,0.4328,0.00416,0.65496,0.03911,-0.40,-33.90,36.75,48.0,102.35,651.82,254.31,SPIRAL
11.5438,3.5356,-0.0283,0.7328,0.00716,0.66896,0.04211,-0.40,-38.28,32.17,48.1,102.37,651.84,254.30,SPIRAL
11.5540,3.3556,0.4816,0.4528,-0.00883,0.65396,0.04311,-0.40,-42.08,27.01,48.1,102.39,651.86,254.30,SPIRAL
11.5641,3.5656,0.2516,0.8728,0.01316,0.66596,0.04311,-0.40,-45.16,21.46,48.1,102.40,651.89,254.29,SPIRAL
11.5742,3.3756,0.0616,0.6228,0.03016,0.65896,0.04511,-0.40,-47.51,15.58,48.1,102.41,651.91,254.28,SPIRAL
11.5844,3.1456,0.2616,0.4528,0.01816,0.65796,0.05011,-0.40,-49.11,9.41,48.1,102.41,651.94,254.27,SPIRAL
11.5945,3.5256,0.0316,0.6928,0.04216,0.65696,0.04511,-0.40,-49.90,3.09,48.1,102.42,651.97,254.27,SPIRAL
11.6046,3.5356,0.0916,0.5328,0.06116,0.65496,0.04411,-0.40,-49.89,-3.26,48.1,102.41,652.00,254.26,SPIRAL
11.6147,3.1456,-0.1083,0.1928,0.03916,0.65096,0.04811,-0.40,-49.08,-9.56,48.1,102.41,652.02,254.25,SPIRAL
11.6248,3.4956,0.0016,0.4228,0.05116,0.64596,0.04411,-0.40,-47.47,-15.70,48.1,102.40,652.05,254.25,SPIRAL
11.6350,3.3256,0.0916,0.1528,0.04216,0.63396,0.04411,-0.40,-45.10,-21.59,48.1,102.39,652.07,254.24,SPIRAL
11.6451,3.3256,0.1116,0.4928,0.05016,0.66196,0.04211,-0.40,-42.00,-27.13,48.1,102.37,652.10,254.23,SPIRAL
11.6552,3.4656,0.3716,0.0028,0.05516,0.63896,0.04211,-0.40,-38.22,-32.24,48.1,102.35,652.12,254.23,SPIRAL
11.6653,3.4856,0.0916,0.2728,0.03816,0.63296,0.04411,-0.40,-33.83,-36.82,48.2,102.33,652.14,254.22,SPIRAL
11.6754,3.3356,0.2916,0.2928,0.03416,0.64696,0.04511,-0.40,-28.88,-40.81,48.2,102.31,652.16,254.21,SPIRAL
11.6855,3.2856,0.3716,-0.0371,0.04416,0.65996,0.04611,-0.40,-23.47,-44.15,48.2,102.28,652.17,254.20,SPIRAL
11.6956,3.4156,0.2516,0.1228,0.03916,0.66196,0.04311,-0.40,-17.69,-46.76,48.2,102.25,652.18,254.20,SPIRAL
11.7057,3.4956,0.3616,0.1228,0.03016,0.65296,0.04211,-0.40,-11.63,-48.63,48.2,102.22,652.19,254.19,SPIRAL
11.7159,3.5356,0.1016,0.1828,0.03116,0.66596,0.04011,-0.40,-5.37,-49.71,48.2,102.18,652.19,254.18,SPIRAL
11.7260,3.4256,0.2716,0.0428,0.03016,0.66096,0.03911,-0.40,0.97,-49.99,48.2,102.16,652.19,254.17,SPIRAL
11.7360,3.5556,0.2516,0.4028,0.04316,0.67296,0.04011,-0.40,7.28,-49.47,48.2,102.12,652.19,254.16,SPIRAL
11.7462,3.5956,0.3816,0.1228,0.03616,0.66296,0.04211,-0.40,13.49,-48.15,48.2,102.09,652.18,254.16,SPIRAL
11.7563,3.6856,0.3816,0.2528,0.02816,0.66896,0.04111,-0.40,19.48,-46.05,48.2,102.06,652.17,254.15,SPIRAL
11.7664,3.4656,0.2816,0.3328,0.02116,0.67396,0.04211,-0.40,25.18,-43.20,48.2,102.04,652.16,254.14,SPIRAL
11.7765,3.5456,0.1416,0.2228,0.02016,0.67796,0.04111,-0.40,30.45,-39.66,48.2,102.00,652.13,254.13,SPIRAL
11.7868,3.7956,0.1816,-0.0671,0.04516,0.68496,0.04011,-0.40,35.28,-35.43,48.2,101.99,652.12,254.13,SPIRAL
11.7969,3.6756,0.2416,0.3428,0.03116,0.68096,0.03411,-0.40,39.48,-30.67,48.3,101.96,652.09,254.12,SPIRAL
11.8070,3.6856,0.4516,0.1528,0.02216,0.69396,0.03911,-0.40,43.05,-25.42,48.3,101.95,652.07,254.11,SPIRAL
11.8171,3.5756,0.7216,-0.0971,0.00516,0.67496,0.04211,-0.40,45.93,-19.76,48.3,101.93,652.03,254.10,SPIRAL
11.8272,3.7656,0.3016,0.4128,0.01216,0.69296,0.03711,-0.40,48.06,-13.78,48.3,101.92,652.01,254.09,SPIRAL
11.8373,3.7056,0.3016,0.5228,-0.00183,0.69596,0.03711,-0.40,49.42,-7.58,48.3,101.91,651.98,254.08,SPIRAL
11.8474,3.5556,0.6116,0.5628,-0.00883,0.68896,0.03811,-0.40,49.98,-1.27,48.3,101.90,651.95,254.08,SPIRAL
11.8575,3.6356,0.2216,0.2428,-0.01983,0.68696,0.03511,-0.40,49.74,5.08,48.3,101.90,651.91,254.07,SPIRAL
11.8676,3.5856,0.8716,0.4528,-0.01983,0.69896,0.04111,-0.40,48.69,11.34,48.3,101.91,651.89,254.06,SPIRAL
11.8778,3.6456,0.5316,0.6128,-0.02383,0.70396,0.03811,-0.40,46.86,17.43,48.3,101.92,651.86,254.05,SPIRAL
11.8879,3.3856,0.6116,0.5928,-0.03783,0.69896,0.03811,-0.40,44.27,23.23,48.3,101.93,651.82,254.04,SPIRAL
11.8980,3.7056,0.5516,0.6528,-0.02483,0.70596,0.03711,-0.40,40.98,28.65,48.3,101.94,651.80,254.03,SPIRAL
11.9081,3.6156,0.4616,0.7928,-0.01383,0.71496,0.03911,-0.40,37.00,33.63,48.3,101.96,651.77,254.02,SPIRAL
11.9182,3.7856,0.7116,0.2328,-0.03083,0.70696,0.03711,-0.40,32.44,38.04,48.3,101.98,651.75,254.02,SPIRAL
11.9284,3.6056,0.0516,1.1428,-0.00783,0.73196,0.03511,-0.40,27.35,41.86,48.4,102.00,651.73,254.01,SPIRAL
11.9385,3.7756,0.5916,0.5128,0.00516,0.72596,0.03711,-0.40,21.83,44.98,48.4,102.02,651.72,254.00,SPIRAL
11.9486,3.6756,0.3216,0.6728,-0.00983,0.71796,0.03811,-0.40,15.94,47.39,48.4,102.05,651.70,253.99,SPIRAL
11.9587,3.7356,0.4116,0.5328,0.00016,0.71996,0.03711,-0.40,9.80,49.03,48.4,102.07,651.70,253.99,SPIRAL
11.9689,3.5456,0.3216,0.4828,-0.01483,0.70696,0.04011,-0.40,3.50,49.88,48.4,102.11,651.69,253.98,SPIRAL
11.9790,3.7256,0.2816,0.5728,-0.00083,0.70496,0.04011,-0.40,-2.86,49.92,48.4,102.13,651.69,253.97,SPIRAL
11.9891,3.5456,0.2916,0.5428,-0.00183,0.70996,0.04011,-0.40,-9.17,49.15,48.4,102.16,651.69,253.97,SPIRAL
11.9992,3.6456,0.4016,0.6128,-0.01083,0.69596,0.04211,-0.40,-15.33,47.59,48.4,102.18,651.69,253.96,SPIRAL
12.0093,3.6456,0.2916,1.0028,0.01016,0.69996,0.04311,-0.40,-21.25,45.26,48.4,102.21,651.70,253.95,SPIRAL
12.0195,3.5956,0.4816,0.3528,0.01416,0.69696,0.04211,-0.40,-26.82,42.20,48.4,102.23,651.71,253.95,SPIRAL
12.0296,3.6856,0.2316,0.9428,0.00716,0.71196,0.04311,-0.40,-31.94,38.46,48.4,102.26,651.73,253.94,SPIRAL
12.0397,3.7256,0.3016,0.5928,0.00016,0.69896,0.04111,-0.40,-36.56,34.11,48.4,102.27,651.75,253.94,SPIRAL
12.0498,3.7756,0.2016,0.6428,0.01516,0.70396,0.04111,-0.40,-40.58,29.21,48.4,102.29,651.77,253.93,SPIRAL
12.0599,3.4356,0.3916,0.7628,0.01816,0.70896,0.04211,-0.40,-43.96,23.82,48.4,102.31,651.80,253.92,SPIRAL
12.0699,3.6456,0.1216,0.6128,0.01416,0.67896,0.04411,-0.40,-46.61,18.10,48.4,102.32,651.82,253.92,SPIRAL
12.0801,3.6456,0.0816,0.5628,0.02916,0.68196,0.04611,-0.40,-48.53,12.05,48.4,102.33,651.85,253.91,SPIRAL
12.0902,3.6856,0.2416,0.3228,0.03916,0.68596,0.04511,-0.40,-49.66,5.79,48.5,102.33,651.87,253.91,SPIRAL
12.1003,3.5956,0.2116,0.4628,0.02916,0.68196,0.04311,-0.40,-50.00,-0.54,48.5,102.33,651.91,253.90,SPIRAL
12.1104,3.4956,0.0716,0.2428,0.04716,0.67896,0.04811,-0.40,-49.52,-6.87,48.5,102.32,651.93,253.89,SPIRAL
12.1206,3.6756,-0.2783,0.8428,0.07216,0.69296,0.04511,-0.40,-48.24,-13.14,48.5,102.31,651.96,253.89,SPIRAL
12.1307,3.6756,0.0916,0.3528,0.07316,0.68296,0.04311,-0.40,-46.18,-19.16,48.5,102.30,651.98,253.88,SPIRAL
12.1408,3.7756,0.1516,0.3828,0.08016,0.69396,0.04211,-0.40,-43.38,-24.85,48.5,102.29,652.01,253.88,SPIRAL
12.1509,3.5556,0.0316,0.2428,0.05816,0.67596,0.04511,-0.40,-39.88,-30.15,48.5,102.27,652.03,253.87,SPIRAL
12.1610,3.3856,0.3616,0.1228,0.04816,0.67596,0.04311,-0.40,-35.74,-34.96,48.5,102.25,652.05,253.86,SPIRAL
12.1711,3.6556,-0.0483,0.3428,0.05416,0.68096,0.04111,-0.40,-31.03,-39.20,48.5,102.23,652.07,253.86,SPIRAL
12.1813,3.5156,0.1916,0.5228,0.04316,0.68296,0.04611,-0.40,-25.81,-42.82,48.5,102.20,652.09,253.85,SPIRAL
12.1914,3.6356,0.2416,0.1528,0.04816,0.68996,0.04211,-0.40,-20.18,-45.75,48.5,102.18,652.10,253.85,SPIRAL
12.2015,3.4856,0.0116,0.4628,0.03716,0.68796,0.04011,-0.40,-14.21,-47.94,48.5,102.14,652.11,253.84,SPIRAL
12.2116,3.6256,0.1316,0.3528,0.04616,0.69496,0.04211,-0.40,-8.02,-49.35,48.5,102.12,652.11,253.84,SPIRAL
12.2217,3.6856,0.3516,-0.0371,0.04216,0.68496,0.04211,-0.40,-1.69,-49.97,48.5,102.08,652.11,253.83,SPIRAL
12.2318,3.9956,0.1916,0.3128,0.05516,0.69496,0.03811,-0.40,4.65,-49.78,48.6,102.04,652.11,253.82,SPIRAL
12.2420,3.9056,0.0816,0.2728,0.03516,0.69696,0.03311,-0.40,10.93,-48.79,48.6,102.02,652.11,253.81,SPIRAL
12.2520,3.6156,0.4416,0.2228,0.03016,0.71296,0.04311,-0.40,17.01,-47.02,48.6,101.98,652.09,253.81,SPIRAL
12.2621,3.3756,0.4016,0.3328,0.02616,0.71796,0.04011,-0.40,22.82,-44.48,48.6,101.96,652.08,253.80,SPIRAL
12.2723,3.7756,-0.0183,0.4428,0.04216,0.71396,0.03811,-0.40,28.28,-41.23,48.6,101.93,652.06,253.79,SPIRAL
12.2824,3.7256,0.1116,0.2728,0.04916,0.71396,0.04111,-0.40,33.29,-37.31,48.6,101.91,652.05,253.79,SPIRAL
12.2925,3.8856,0.2716,0.2728,0.03916,0.71496,0.03911,-0.40,37.76,-32.78,48.6,101.88,652.02,253.78,SPIRAL
12.3026,3.7956,0.0916,0.6028,0.05216,0.73396,0.03311,-0.40,41.60,-27.73,48.6,101.87,652.00,253.77,SPIRAL
12.3127,3.7856,0.4716,0.3228,0.01716,0.72196,0.03511,-0.40,44.78,-22.24,48.6,101.85,651.97,253.76,SPIRAL
12.3229,3.6256,0.3716,0.4328,0.01316,0.73096,0.03711,-0.40,47.24,-16.37,48.6,101.84,651.94,253.76,SPIRAL
12.3329,3.7456,0.2516,0.2928,0.00316,0.71896,0.03311,-0.40,48.93,-10.28,48.6,101.83,651.91,253.75,SPIRAL
12.3431,3.8656,0.6016,0.0928,0.01416,0.71996,0.03611,-0.40,49.84,-3.99,48.6,101.82,651.88,253.74,SPIRAL
12.3532,3.7856,0.4116,0.4528,0.00116,0.72996,0.03411,-0.40,49.94,2.40,48.6,101.82,651.85,253.73,SPIRAL
12.3634,3.6656,0.8116,0.2328,-0.02783,0.71596,0.03711,-0.40,49.23,8.72,48.6,101.82,651.82,253.73,SPIRAL
12.3735,3.6156,0.9116,0.5228,-0.03483,0.71796,0.04311,-0.40,47.73,14.88,48.6,101.83,651.79,253.72,SPIRAL
12.3836,3.7556,0.4816,0.5628,-0.02783,0.72896,0.03911,-0.40,45.46,20.81,48.7,101.84,651.76,253.71,SPIRAL
12.3937,3.7956,0.4316,0.5028,-0.01583,0.74196,0.03611,-0.40,42.45,26.41,48.7,101.85,651.73,253.70,SPIRAL
12.4038,3.8356,0.4716,0.5628,-0.01883,0.75196,0.03511,-0.40,38.77,31.57,48.7,101.86,651.71,253.70,SPIRAL
12.4139,4.0156,0.1816,0.9928,-0.01283,0.75596,0.03411,-0.40,34.45,36.24,48.7,101.89,651.68,253.69,SPIRAL
12.4241,4.0156,0.4916,0.5928,-0.01883,0.74596,0.03511,-0.40,29.58,40.31,48.7,101.91,651.66,253.68,SPIRAL
12.4342,3.9256,0.3416,0.6128,-0.00883,0.75096,0.03711,-0.40,24.22,43.74,48.7,101.93,651.65,253.68,SPIRAL
12.4443,3.8256,0.3216,0.5928,-0.01283,0.74696,0.04011,-0.40,18.48,46.46,48.7,101.96,651.63,253.67,SPIRAL
12.4544,3.8656,0.6616,0.4728,-0.00883,0.75296,0.04111,-0.40,12.43,48.43,48.7,101.98,651.62,253.66,SPIRAL
12.4645,3.8156,0.5616,0.5628,-0.01483,0.73896,0.04211,-0.40,6.19,49.61,48.7,102.01,651.61,253.66,SPIRAL
12.4747,3.7856,0.1116,0.8428,-0.01083,0.75596,0.03711,-0.40,-0.15,50.00,48.7,102.04,651.61,253.65,SPIRAL
12.4849,3.9256,0.5516,0.3628,-0.01583,0.72196,0.04411,-0.40,-6.55,49.57,48.7,102.07,651.61,253.65,SPIRAL
12.4950,3.8556,0.3516,0.5228,-0.00583,0.73596,0.04111,-0.40,-12.76,48.34,48.7,102.09,651.61,253.64,SPIRAL
12.5051,3.9956,0.2516,0.9228,-0.00183,0.72696,0.04011,-0.40,-18.78,46.34,48.7,102.12,651.62,253.63,SPIRAL
12.5152,3.7956,0.4116,0.5228,0.01516,0.74096,0.04511,-0.40,-24.51,43.58,48.7,102.14,651.63,253.63,SPIRAL
12.5253,4.0056,0.1816,0.5828,0.01016,0.73496,0.04011,-0.40,-29.84,40.12,48.7,102.17,651.65,253.62,SPIRAL
12.5354,3.6956,0.2916,0.8428,0.01116,0.74996,0.04111,-0.40,-34.69,36.00,48.7,102.19,651.66,253.62,SPIRAL
12.5456,3.8256,0.1416,0.6728,0.00016,0.73696,0.04011,-0.40,-38.98,31.31,48.7,102.21,651.69,253.61,SPIRAL
12.5557,3.7956,0.2916,0.8228,0.01116,0.74196,0.03711,-0.40,-42.63,26.13,48.7,102.22,651.70,253.61,SPIRAL
12.5658,3.7256,0.6016,0.3328,-0.00383,0.71896,0.04411,-0.40,-45.60,20.51,48.8,102.24,651.73,253.60,SPIRAL
12.5759,4.0956,0.1616,0.7328,0.04416,0.73296,0.04411,-0.40,-47.83,14.56,48.8,102.24,651.75,253.60,SPIRAL
12.5860,3.7556,0.2016,0.5028,0.04616,0.73196,0.04311,-0.40,-49.29,8.38,48.8,102.25,651.79,253.59,SPIRAL
12.5961,3.6456,0.2116,0.6328,0.03416,0.72896,0.04211,-0.40,-49.96,2.07,48.8,102.25,651.82,253.59,SPIRAL
12.6062,3.6856,0.0116,0.6428,0.05816,0.72996,0.04211,-0.40,-49.81,-4.28,48.8,102.25,651.84,253.58,SPIRAL
12.6164,3.7656,-0.0483,0.4428,0.06416,0.71896,0.04711,-0.40,-48.87,-10.56,48.8,102.24,651.88,253.58,SPIRAL
12.6265,3.7156,0.1716,0.2028,0.06916,0.71896,0.04811,-0.40,-47.14,-16.67,48.8,102.23,651.90,253.57,SPIRAL
12.6366,3.5056,0.1616,0.3128,0.04316,0.71496,0.04411,-0.40,-44.64,-22.51,48.8,102.22,651.93,253.57,SPIRAL
12.6467,3.7556,0.0216,0.1328,0.06216,0.71196,0.04111,-0.40,-41.42,-28.00,48.8,102.20,651.95,253.56,SPIRAL
12.6569,3.7056,-0.0483,0.4428,0.06516,0.71596,0.04011,-0.40,-37.53,-33.04,48.8,102.18,651.97,253.56,SPIRAL
12.6671,3.7856,0.3716,0.2828,0.04916,0.70496,0.04511,-0.40,-33.00,-37.56,48.8,102.16,651.99,253.55,SPIRAL
12.6772,3.7056,0.4116,0.2328,0.03916,0.71196,0.04411,-0.40,-27.97,-41.44,48.8,102.13,652.01,253.55,SPIRAL
12.6873,3.5856,0.3016,0.4028,0.04116,0.71996,0.04511,-0.40,-22.48,-44.66,48.8,102.11,652.02,253.54,SPIRAL
12.6974,3.6956,0.1316,0.3028,0.03716,0.71796,0.04411,-0.40,-16.64,-47.15,48.8,102.08,652.03,253.54,SPIRAL
12.7076,3.7256,-0.0883,0.7228,0.03916,0.73196,0.03811,-0.40,-10.52,-48.88,48.8,102.06,652.04,253.53,SPIRAL
12.7177,3.5356,0.2516,0.4028,0.04016,0.73796,0.04011,-0.40,-4.24,-49.82,48.8,102.02,652.04,253.53,SPIRAL
12.7278,3.8356,0.2016,0.2828,0.04416,0.73096,0.04211,-0.40,2.11,-49.95,48.8,101.99,652.04,253.52,SPIRAL
12.7379,3.9356,0.3416,0.1328,0.04116,0.73996,0.04011,-0.40,8.44,-49.28,48.9,101.96,652.04,253.51,SPIRAL
12.7480,3.8856,0.3116,0.3028,0.04716,0.74596,0.03711,-0.40,14.62,-47.81,48.9,101.93,652.03,253.51,SPIRAL
12.7582,3.6056,0.1316,0.3128,0.02616,0.74696,0.03811,-0.40,20.56,-45.57,48.9,101.90,652.02,253.50,SPIRAL
12.7683,4.1556,0.0316,0.5228,0.07816,0.75996,0.03411,-0.40,26.19,-42.59,48.9,101.87,652.00,253.49,SPIRAL
12.7784,4.0456,0.1316,0.0828,0.04416,0.74396,0.03311,-0.40,31.37,-38.93,48.9,101.85,651.98,253.49,SPIRAL
12.7885,3.9156,-0.0183,0.5428,0.05416,0.75596,0.03511,-0.40,36.06,-34.64,48.9,101.82,651.96,253.48,SPIRAL
12.7986,3.8056,0.1416,0.5128,0.02016,0.74696,0.03711,-0.40,40.15,-29.80,48.9,101.81,651.94,253.48,SPIRAL
12.8087,3.7456,0.1816,0.3628,0.02816,0.76396,0.03711,-0.40,43.60,-24.47,48.9,101.79,651.91,253.47,SPIRAL
12.8188,3.8156,0.6316,0.1328,-0.00683,0.73296,0.03911,-0.40,46.35,-18.76,48.9,101.77,651.88,253.46,SPIRAL
12.8290,3.9656,0.5016,0.1328,0.01216,0.74596,0.03411,-0.40,48.36,-12.70,48.9,101.76,651.85,253.46,SPIRAL
12.8390,4.0956,0.5216,0.2628,0.01316,0.74796,0.03611,-0.40,49.57,-6.50,48.9,101.76,651.83,253.45,SPIRAL
12.8491,3.9656,0.4816,0.3328,0.00216,0.75196,0.03611,-0.40,50.00,-0.17,48.9,101.75,651.79,253.44,SPIRAL
12.8593,4.0556,0.3516,0.3228,-0.00883,0.74896,0.03311,-0.40,49.62,6.17,48.9,101.75,651.76,253.44,SPIRAL
12.8694,4.0056,0.8716,0.4928,-0.00883,0.76196,0.04011,-0.40,48.44,12.40,48.9,101.76,651.73,253.43,SPIRAL
12.8795,3.8956,0.2616,0.7828,-0.00683,0.76896,0.03611,-0.39,45.77,20.12,48.9,101.77,651.71,253.42,SPIRAL
12.8896,4.1556,0.4516,0.6228,-0.00283,0.77396,0.03611,-0.40,43.77,24.17,48.9,101.78,651.67,253.42,SPIRAL
12.8997,3.7256,0.4816,0.6428,-0.04483,0.76996,0.03811,-0.40,40.35,29.53,49.0,101.79,651.65,253.41,SPIRAL
12.9098,3.9856,0.7816,0.2328,-0.02683,0.76796,0.04011,-0.39,35.12,35.59,49.0,101.81,651.62,253.40,SPIRAL
12.9199,4.0056,0.4116,0.7428,-0.02483,0.78096,0.03511,-0.40,31.62,38.73,49.0,101.84,651.60,253.40,SPIRAL
12.9301,4.2356,0.7116,0.3728,-0.01683,0.77696,0.03511,-0.40,26.43,42.44,49.0,101.86,651.58,253.39,SPIRAL
12.9402,3.8556,0.2316,0.5728,-0.02583,0.77796,0.03711,-0.40,20.85,45.44,49.0,101.89,651.57,253.38,SPIRAL
12.9504,4.0556,0.4316,0.5228,-0.02783,0.77996,0.03411,-0.40,14.85,47.74,49.0,101.91,651.56,253.38,SPIRAL
12.9605,4.0956,0.4416,0.2328,-0.01583,0.76696,0.04111,-0.40,8.67,49.24,49.0,101.94,651.55,253.37,SPIRAL
12.9706,3.8556,0.4816,0.6828,-0.00783,0.78596,0.04011,-0.40,2.37,49.94,49.0,101.96,651.55,253.37,SPIRAL
12.9808,3.9456,0.4616,0.9128,0.01416,0.78996,0.04111,-0.40,-3.98,49.84,49.0,102.00,651.54,253.36,SPIRAL
12.9909,3.9356,0.2816,0.9528,-0.01283,0.76396,0.04211,-0.40,-10.26,48.93,49.0,102.02,651.55,253.36,SPIRAL
13.0010,4.0056,0.4116,0.6728,0.01016,0.77296,0.03811,-0.40,-16.37,47.24,49.0,102.05,651.56,253.35,SPIRAL
13.0111,4.1756,0.5816,0.6528,0.01516,0.76896,0.04211,-0.40,-22.24,44.78,49.0,102.07,651.56,253.35,SPIRAL
13.0213,3.8556,0.4816,0.4128,-0.01883,0.76696,0.04011,-0.40,-27.79,41.56,49.0,102.10,651.58,253.34,SPIRAL
13.0314,3.9156,0.2016,1.0228,0.00516,0.78596,0.03711,-0.40,-32.83,37.71,49.0,102.12,651.59,253.34,SPIRAL
13.0415,4.0056,-0.0083,0.8928,0.00016,0.76896,0.03711,-0.40,-37.34,33.25,49.0,102.14,651.62,253.33,SPIRAL
13.0516,3.8456,0.4916,0.4628,-0.00683,0.76096,0.04811,-0.40,-41.25,28.26,49.0,102.16,651.63,253.33,SPIRAL
13.0617,4.0056,0.3316,0.6428,0.01116,0.76396,0.03911,-0.39,-43.66,24.36,49.0,102.17,651.66,253.32,SPIRAL
13.0718,3.7756,0.1516,0.7028,0.02616,0.77296,0.04411,-0.40,-47.02,16.99,49.0,102.18,651.68,253.32,SPIRAL
13.0820,3.9656,0.1116,0.7828,0.03216,0.76096,0.04411,-0.40,-48.80,10.88,49.0,102.19,651.71,253.32,SPIRAL
13.0921,3.9756,0.0916,0.6528,0.05716,0.76696,0.04311,-0.40,-49.79,4.59,49.0,102.19,651.75,253.31,SPIRAL
13.1022,3.8756,0.0916,0.6428,0.04616,0.76296,0.04411,-0.40,-49.97,-1.75,49.0,102.19,651.77,253.31,SPIRAL
13.1123,4.0556,-0.0083,0.7228,0.06516,0.76296,0.04611,-0.40,-49.34,-8.06,49.1,102.19,651.80,253.30,SPIRAL
13.1224,3.8356,0.0716,0.5528,0.04916,0.75196,0.04311,-0.40,-47.92,-14.25,49.1,102.18,651.82,253.30,SPIRAL
13.1325,4.1156,-0.1283,0.3328,0.06416,0.72996,0.04511,-0.40,-45.74,-20.20,49.1,102.16,651.86,253.29,SPIRAL
13.1426,4.1956,-0.2183,0.3528,0.09016,0.75096,0.04211,-0.40,-42.81,-25.83,49.1,102.15,651.88,253.29,SPIRAL
13.1527,3.9956,-0.0983,0.3028,0.06916,0.73696,0.03711,-0.40,-39.19,-31.05,49.1,102.13,651.90,253.28,SPIRAL
13.1628,3.8656,-0.0783,0.2428,0.06416,0.74496,0.03811,-0.40,-34.94,-35.76,49.1,102.11,651.92,253.28,SPIRAL
13.1730,3.9756,-0.0083,0.3028,0.06416,0.73796,0.03911,-0.40,-30.13,-39.90,49.1,102.09,651.94,253.28,SPIRAL
13.1831,3.8456,0.1816,0.0728,0.05516,0.73596,0.04311,-0.40,-24.82,-43.40,49.1,102.07,651.95,253.27,SPIRAL
13.1932,3.7056,0.0216,0.1928,0.04516,0.73996,0.04011,-0.40,-19.12,-46.20,49.1,102.03,651.97,253.27,SPIRAL
13.2033,4.0256,-0.1083,0.4228,0.03916,0.73796,0.03711,-0.40,-13.12,-48.25,49.1,102.01,651.97,253.26,SPIRAL
13.2134,3.9556,0.1016,0.6928,0.03716,0.75196,0.04111,-0.40,-6.88,-49.52,49.1,101.97,651.98,253.26,SPIRAL
13.2236,3.7056,0.1416,0.3528,0.04616,0.76696,0.03911,-0.40,-0.50,-50.00,49.1,101.95,651.98,253.25,SPIRAL
13.2337,3.8156,0.2416,0.5328,0.03816,0.76496,0.04011,-0.40,5.83,-49.66,49.1,101.91,651.98,253.25,SPIRAL
13.2438,4.1356,0.2016,0.1528,0.03716,0.76096,0.03611,-0.40,12.08,-48.52,49.1,101.89,651.97,253.24,SPIRAL
13.2540,3.9756,0.1716,0.4728,0.03416,0.76496,0.03511,-0.40,18.16,-46.58,49.1,101.86,651.96,253.23,SPIRAL
13.2641,3.9656,0.4116,0.3028,0.03216,0.77896,0.03811,-0.40,23.92,-43.91,49.1,101.82,651.94,253.23,SPIRAL
13.2742,3.9656,0.4916,0.3128,0.02716,0.75696,0.04111,-0.40,29.29,-40.52,49.1,101.80,651.93,253.22,SPIRAL
13.2844,4.0856,0.1116,0.5128,0.03116,0.77496,0.03911,-0.40,34.20,-36.47,49.2,101.78,651.91,253.22,SPIRAL
13.2945,4.1056,0.4016,-0.0171,0.02816,0.77396,0.03911,-0.40,38.55,-31.84,49.2,101.76,651.89,253.21,SPIRAL
13.3046,3.9056,0.2316,0.5128,0.01416,0.78796,0.03711,-0.40,42.27,-26.70,49.2,101.74,651.86,253.20,SPIRAL
13.3147,3.9856,0.3016,0.3928,0.02716,0.79696,0.03311,-0.40,45.32,-21.12,49.2,101.72,651.84,253.20,SPIRAL
13.3248,4.1356,-0.1083,0.7828,0.01116,0.79196,0.02911,-0.40,47.63,-15.20,49.2,101.71,651.80,253.19,SPIRAL
13.3350,3.9956,0.2916,0.4228,-0.00783,0.78796,0.03611,-0.40,49.17,-9.04,49.2,101.70,651.78,253.19,SPIRAL
13.3451,4.1256,0.5016,0.2128,0.00516,0.78396,0.03111,-0.40,49.92,-2.72,49.2,101.70,651.74,253.18,SPIRAL
13.3553,4.3256,0.2916,0.5828,0.01016,0.79796,0.03211,-0.40,49.86,3.66,49.2,101.70,651.72,253.17,SPIRAL
13.3654,4.0056,0.8516,0.2828,-0.02083,0.78296,0.04011,-0.40,49.00,9.95,49.2,101.70,651.68,253.17,SPIRAL
13.3755,4.0656,0.8116,0.3228,-0.03283,0.77996,0.04011,-0.40,47.34,16.08,49.2,101.71,651.66,253.16,SPIRAL
13.3856,4.1056,0.5216,0.6328,-0.02383,0.78996,0.03511,-0.40,44.93,21.94,49.2,101.72,651.63,253.15,SPIRAL
13.3957,4.2356,0.6216,0.7828,-0.00883,0.80896,0.03811,-0.40,41.78,27.46,49.2,101.73,651.60,253.15,SPIRAL
13.4058,4.2556,0.5716,0.7128,-0.02683,0.80496,0.04011,-0.40,37.96,32.54,49.2,101.75,651.58,253.14,SPIRAL
13.4159,4.1556,0.9416,0.2328,-0.01983,0.80796,0.04411,-0.40,33.53,37.09,49.2,101.76,651.56,253.14,SPIRAL
13.4261,4.2456,0.7816,0.5728,-0.01883,0.81196,0.03711,-0.40,28.54,41.05,49.2,101.79,651.53,253.13,SPIRAL
13.4362,4.3856,0.7016,0.6928,-0.01683,0.81096,0.03411,-0.40,23.11,44.34,49.2,101.82,651.52,253.12,SPIRAL
13.4463,4.2256,0.2916,0.6128,-0.01383,0.81496,0.03411,-0.40,17.30,46.91,49.2,101.84,651.51,253.12,SPIRAL
13.4564,4.2556,0.1916,0.6028,-0.00083,0.81396,0.03811,-0.40,11.21,48.72,49.2,101.87,651.50,253.11,SPIRAL
13.4665,4.3456,0.1516,0.9228,0.01516,0.81996,0.03711,-0.38,4.73,49.77,49.2,101.90,651.49,253.11,SPIRAL
13.4766,4.1956,0.1816,1.0428,-0.01683,0.79596,0.04011,-0.40,-1.39,49.98,49.2,101.93,651.49,253.10,SPIRAL
13.4867,4.3056,0.0516,0.7228,-0.00783,0.79496,0.03711,-0.40,-7.71,49.40,49.3,101.95,651.49,253.10,SPIRAL
13.4969,4.2456,0.2816,0.8528,0.00616,0.79396,0.03811,-0.40,-13.91,48.02,49.3,101.99,651.50,253.10,SPIRAL
13.5070,4.1356,0.1416,0.7528,-0.00683,0.78596,0.03911,-0.40,-19.88,45.88,49.3,102.01,651.50,253.09,SPIRAL
13.5170,4.1956,0.4916,0.5928,-0.00983,0.78396,0.04011,-0.40,-25.52,43.00,49.3,102.04,651.52,253.09,SPIRAL
13.5272,4.3556,0.0916,0.9628,0.01116,0.80196,0.03411,-0.40,-30.76,39.41,49.3,102.05,651.53,253.08,SPIRAL
13.5373,4.0956,0.2216,0.7428,-0.02483,0.78196,0.03811,-0.40,-35.51,35.19,49.3,102.08,651.55,253.08,SPIRAL
13.5474,4.0756,0.0316,1.0028,-0.01183,0.79096,0.03711,-0.40,-39.69,30.41,49.3,102.09,651.57,253.07,SPIRAL
13.5575,3.8956,0.3716,0.9428,0.00216,0.79896,0.03911,-0.40,-43.22,25.13,49.3,102.11,651.60,253.07,SPIRAL
13.5676,4.0056,0.4216,0.3728,0.00916,0.76996,0.04311,-0.40,-46.06,19.46,49.3,102.12,651.62,253.07,SPIRAL
13.5777,4.0656,0.4316,0.5828,0.02016,0.77796,0.04311,-0.40,-48.15,13.46,49.3,102.13,651.65,253.06,SPIRAL
13.5878,4.0056,0.4316,0.3728,0.02116,0.77296,0.04711,-0.40,-49.47,7.25,49.3,102.14,651.68,253.06,SPIRAL
13.5980,3.9456,0.4616,0.5428,0.04316,0.77896,0.04411,-0.40,-49.99,0.91,49.3,102.14,651.70,253.05,SPIRAL
13.6081,4.1156,0.1616,0.9628,0.05816,0.78996,0.04411,-0.40,-49.70,-5.42,49.3,102.13,651.74,253.05,SPIRAL
13.6182,3.9956,0.4516,-0.0471,0.06316,0.78096,0.05111,-0.40,-48.62,-11.67,49.3,102.13,651.76,253.05,SPIRAL
13.6283,4.0356,-0.2683,0.4828,0.07416,0.77996,0.04011,-0.40,-46.75,-17.73,49.3,102.12,651.79,253.04,SPIRAL
13.6384,3.9456,0.1716,0.2828,0.05416,0.76896,0.04511,-0.40,-44.11,-23.54,49.3,102.11,651.81,253.04,SPIRAL
13.6485,3.9956,-0.2183,0.6528,0.07116,0.78296,0.03611,-0.40,-40.77,-28.94,49.3,102.09,651.84,253.03,SPIRAL
13.6587,3.9556,-0.0583,0.3428,0.06816,0.77496,0.04111,-0.40,-36.78,-33.87,49.3,102.07,651.86,253.03,SPIRAL
13.6687,4.1556,0.0316,0.6828,0.07116,0.78096,0.03911,-0.40,-32.20,-38.25,49.3,102.04,651.88,253.03,SPIRAL
13.6788,3.8656,0.0216,0.3528,0.05516,0.78396,0.04411,-0.40,-27.10,-42.02,49.3,102.02,651.89,253.02,SPIRAL
13.6890,4.0856,0.0916,0.2828,0.05216,0.77496,0.03811,-0.40,-21.53,-45.13,49.3,101.99,651.91,253.02,SPIRAL
13.6991,4.0356,0.2916,0.1228,0.03416,0.76496,0.04011,-0.40,-15.64,-47.49,49.4,101.97,651.92,253.01,SPIRAL
13.7092,3.9556,0.1516,0.5528,0.05016,0.79496,0.03911,-0.40,-9.50,-49.09,49.4,101.93,651.92,253.01,SPIRAL
13.7193,3.8556,0.3016,0.1328,0.03216,0.78196,0.03911,-0.40,-3.22,-49.89,49.4,101.91,651.93,253.00,SPIRAL
13.7294,4.1656,0.0916,0.5228,0.03116,0.78296,0.03911,-0.40,3.15,-49.90,49.4,101.87,651.92,253.00,SPIRAL
13.7395,4.3456,0.1516,0.2228,0.05516,0.80496,0.03811,-0.40,9.44,-49.10,49.4,101.85,651.92,252.99,SPIRAL
13.7497,4.0056,-0.0483,0.5928,0.01816,0.79496,0.03911,-0.40,15.59,-47.51,49.4,101.81,651.91,252.99,SPIRAL
13.7598,4.2856,0.4616,-0.0771,0.05416,0.80096,0.04011,-0.40,21.49,-45.14,49.4,101.79,651.90,252.98,SPIRAL
13.7699,4.2056,0.3916,0.2928,0.04616,0.80696,0.03811,-0.40,27.05,-42.05,49.4,101.76,651.89,252.98,SPIRAL
13.7800,4.2456,0.0916,0.3728,0.04116,0.80696,0.03711,-0.40,32.14,-38.30,49.4,101.74,651.87,252.97,SPIRAL
13.7901,4.2056,0.0216,0.5728,0.04416,0.81296,0.03511,-0.40,36.74,-33.92,49.4,101.71,651.84,252.97,SPIRAL
13.8002,4.2856,0.2216,0.3928,0.04716,0.81496,0.03811,-0.40,40.74,-28.99,49.4,101.69,651.82,252.96,SPIRAL
13.8103,4.3756,0.1516,0.1228,0.04416,0.81596,0.03411,-0.40,44.08,-23.59,49.4,101.68,651.79,252.95,SPIRAL
13.8204,4.0956,0.2416,0.6828,0.03016,0.83296,0.03211,-0.40,46.72,-17.82,49.4,101.66,651.76,252.95,SPIRAL
13.8306,4.0356,0.4016,0.5628,0.00316,0.82096,0.03911,-0.40,48.60,-11.73,49.4,101.66,651.74,252.94,SPIRAL
13.8407,4.1256,0.4216,0.4428,-0.00783,0.81796,0.03411,-0.40,49.70,-5.48,49.4,101.65,651.70,252.94,SPIRAL
13.8508,4.0956,0.2516,0.6028,-0.00283,0.82596,0.03311,-0.40,49.99,0.87,49.4,101.65,651.68,252.93,SPIRAL
13.8610,4.2456,0.4616,0.3428,-0.01083,0.81196,0.03311,-0.40,49.47,7.23,49.4,101.65,651.64,252.92,SPIRAL
13.8711,4.2256,0.4316,0.5128,-0.01383,0.82296,0.03611,-0.40,48.16,13.43,49.4,101.66,651.62,252.92,SPIRAL
13.8812,3.8556,0.4716,0.6628,-0.04083,0.82296,0.03811,-0.40,46.07,19.43,49.4,101.67,651.58,252.91,SPIRAL
13.8913,4.2756,0.7616,0.0528,-0.03483,0.81796,0.03711,-0.40,43.23,25.11,49.5,101.68,651.56,252.91,SPIRAL
13.9014,4.4756,0.3716,0.8028,-0.00383,0.85096,0.03511,-0.40,39.70,30.39,49.5,101.69,651.53,252.90,SPIRAL
13.9115,4.3956,0.2916,0.6528,-0.02883,0.82796,0.03711,-0.40,35.53,35.18,49.5,101.71,651.51,252.90,SPIRAL
13.9217,4.3256,0.2216,0.4328,-0.02583,0.82496,0.03111,-0.40,30.75,39.42,49.5,101.73,651.49,252.89,SPIRAL
13.9319,4.4756,0.4816,0.6028,-0.01483,0.83396,0.03111,-0.40,25.49,43.01,49.5,101.75,651.47,252.89,SPIRAL
13.9420,4.1156,0.3516,0.6928,-0.02683,0.84096,0.03711,-0.40,19.84,45.90,49.5,101.78,651.46,252.88,SPIRAL
13.9521,4.1756,0.3716,0.8328,-0.00683,0.84596,0.03511,-0.40,13.85,48.04,49.5,101.80,651.45,252.88,SPIRAL
13.9622,4.3356,0.0716,0.8328,-0.01183,0.83796,0.03411,-0.40,7.64,49.41,49.5,101.84,651.44,252.87,SPIRAL
13.9723,4.3256,0.3916,0.6228,0.00416,0.83096,0.03611,-0.40,1.33,49.98,49.5,101.87,651.43,252.87,SPIRAL
13.9824,4.3156,0.1716,0.6228,-0.01783,0.81596,0.03811,-0.40,-5.01,49.75,49.5,101.89,651.43,252.86,SPIRAL
13.9926,4.1956,0.1116,0.7928,-0.00383,0.83396,0.03511,-0.40,-11.29,48.71,49.5,101.93,651.44,252.86,SPIRAL
14.0027,4.1556,0.2516,0.8628,0.00016,0.82396,0.04211,-0.40,-17.38,46.88,49.5,101.95,651.44,252.85,SPIRAL
14.0128,4.2256,0.2316,0.7728,-0.00983,0.82296,0.03711,-0.40,-23.18,44.30,49.5,101.98,651.46,252.85,SPIRAL
14.0229,4.2856,0.5716,0.8028,-0.00083,0.82196,0.03811,-0.40,-28.61,41.00,49.5,102.00,651.47,252.84,SPIRAL
14.0330,4.1956,0.2116,0.4728,-0.00683,0.81896,0.03411,-0.40,-33.58,37.04,49.5,102.03,651.49,252.84,SPIRAL
14.0432,4.4656,0.0916,1.0528,-0.00983,0.81196,0.03411,-0.40,-38.01,32.48,49.5,102.04,651.51,252.84,SPIRAL
14.0533,4.3456,0.3616,0.6928,0.00316,0.81296,0.03811,-0.40,-41.82,27.40,49.5,102.06,651.53,252.83,SPIRAL
14.0634,4.2556,0.2016,0.5628,0.02416,0.81396,0.03711,-0.40,-44.96,21.87,49.5,102.08,651.55,252.83,SPIRAL
14.0735,4.2256,0.2516,0.3128,0.03916,0.81696,0.04611,-0.39,-46.62,18.05,49.5,102.09,651.58,252.82,SPIRAL
14.0836,4.3556,0.2816,0.4328,0.02516,0.79596,0.04111,-0.40,-49.01,9.89,49.5,102.09,651.60,252.82,SPIRAL
14.0937,4.2256,0.1116,0.7428,0.02716,0.80296,0.04211,-0.40,-49.87,3.60,49.5,102.10,651.64,252.82,SPIRAL
14.1038,4.3056,-0.4183,0.7728,0.05916,0.81896,0.03911,-0.40,-49.92,-2.75,49.5,102.10,651.66,252.82,SPIRAL
14.1140,4.1156,0.2516,0.4728,0.02916,0.80396,0.04411,-0.40,-49.17,-9.09,49.5,102.09,651.69,252.81,SPIRAL
14.1240,4.0756,-0.0483,0.4728,0.05916,0.80796,0.04411,-0.40,-47.62,-15.23,49.5,102.09,651.72,252.81,SPIRAL
14.1341,4.4456,-0.1383,0.4428,0.08216,0.79896,0.03911,-0.40,-45.31,-21.13,49.6,102.07,651.75,252.80,SPIRAL
14.1443,4.3756,-0.0883,0.3628,0.06816,0.78796,0.03511,-0.40,-42.27,-26.70,49.6,102.05,651.78,252.80,SPIRAL
14.1544,4.2456,-0.0483,0.5328,0.06516,0.80096,0.03911,-0.40,-38.54,-31.85,49.6,102.04,651.80,252.80,SPIRAL
14.1645,4.1056,0.2416,0.3928,0.06116,0.79896,0.04411,-0.40,-34.20,-36.47,49.6,102.01,651.82,252.79,SPIRAL
14.1746,4.2956,0.4016,0.0028,0.06016,0.78496,0.04511,-0.40,-29.30,-40.51,49.6,102.00,651.84,252.79,SPIRAL
14.1847,4.3356,0.1916,0.4628,0.06316,0.80396,0.03911,-0.40,-23.93,-43.90,49.6,101.96,651.85,252.78,SPIRAL
14.1948,4.1756,0.1116,0.3828,0.07116,0.82096,0.04211,-0.40,-18.18,-46.58,49.6,101.94,651.86,252.78,SPIRAL
14.2049,4.1556,-0.0583,0.4228,0.04716,0.80796,0.03711,-0.40,-12.12,-48.51,49.6,101.91,651.87,252.77,SPIRAL
14.2151,4.0456,0.0516,0.4128,0.04516,0.81796,0.03711,-0.40,-5.87,-49.65,49.6,101.88,651.88,252.77,SPIRAL
14.2252,4.4156,0.2716,0.3228,0.05416,0.81896,0.03811,-0.40,0.48,-50.00,49.6,101.85,651.88,252.77,SPIRAL
14.2353,4.2256,0.0616,0.5128,0.04016,0.81596,0.04111,-0.40,6.82,-49.53,49.6,101.83,651.88,252.76,SPIRAL
14.2454,4.1356,0.2216,0.1228,0.03816,0.82496,0.04011,-0.40,13.03,-48.27,49.6,101.79,651.87,252.76,SPIRAL
14.2556,4.1456,0.5416,0.3328,0.02116,0.82496,0.03911,-0.40,19.06,-46.22,49.6,101.77,651.86,252.75,SPIRAL
14.2656,4.4456,0.1416,0.2228,0.04016,0.82196,0.03811,-0.40,24.76,-43.44,49.6,101.74,651.85,252.75,SPIRAL
14.2758,4.2856,-0.1183,0.3828,0.03716,0.83396,0.03511,-0.40,30.06,-39.95,49.6,101.72,651.83,252.74,SPIRAL
14.2859,4.3756,0.0516,0.3228,0.04116,0.83496,0.03611,-0.40,34.88,-35.82,49.6,101.69,651.81,252.74,SPIRAL
14.2960,4.3256,0.0716,0.3428,0.03516,0.84196,0.03411,-0.40,39.13,-31.12,49.6,101.67,651.79,252.73,SPIRAL
14.3061,4.1856,0.5016,0.0628,0.02716,0.83796,0.03711,-0.40,42.77,-25.90,49.6,101.65,651.76,252.72,SPIRAL
14.3162,4.2856,0.1316,0.5128,0.02216,0.83596,0.03411,-0.40,45.70,-20.28,49.6,101.64,651.73,252.72,SPIRAL
14.3263,4.4656,0.4216,0.4228,0.02116,0.83896,0.03211,-0.40,47.91,-14.31,49.7,101.63,651.71,252.71,SPIRAL
14.3364,4.3956,0.1416,0.6128,0.00916,0.84496,0.03211,-0.40,49.33,-8.13,49.7,101.62,651.67,252.71,SPIRAL
14.3465,4.3556,0.2216,0.6428,0.00816,0.83896,0.03011,-0.40,49.97,-1.81,49.7,101.62,651.65,252.70,SPIRAL
14.3567,4.5156,0.5216,0.2828,0.00216,0.83396,0.03511,-0.40,49.79,4.58,49.7,101.62,651.61,252.70,SPIRAL
14.3668,4.5456,0.2816,0.7928,0.00716,0.84196,0.03411,-0.40,48.81,10.86,49.7,101.62,651.59,252.69,SPIRAL
14.3769,4.4656,0.9116,0.2528,-0.00383,0.84796,0.04111,-0.40,47.04,16.95,49.7,101.63,651.55,252.68,SPIRAL
14.3871,4.2556,0.5216,0.7128,-0.01183,0.85396,0.03611,-0.40,44.51,22.78,49.7,101.64,651.53,252.68,SPIRAL
14.3972,4.3056,0.4516,0.8028,-0.02983,0.85696,0.03711,-0.40,41.26,28.25,49.7,101.66,651.50,252.67,SPIRAL
14.4073,4.4056,0.4316,0.6228,-0.03183,0.84596,0.03611,-0.40,37.35,33.24,49.7,101.67,651.48,252.67,SPIRAL
14.4174,4.5056,0.3616,0.8228,-0.03083,0.85596,0.03711,-0.40,32.83,37.71,49.7,101.70,651.46,252.66,SPIRAL
14.4275,4.3156,0.7316,0.6028,-0.02683,0.86396,0.03711,-0.40,27.78,41.57,49.7,101.72,651.44,252.66,SPIRAL
14.4376,4.7256,0.2516,0.8628,-0.00583,0.86196,0.03511,-0.40,22.29,44.75,49.7,101.75,651.42,252.65,SPIRAL
14.4477,4.3956,0.6216,0.7728,-0.01883,0.85996,0.03311,-0.40,16.45,47.22,49.7,101.77,651.41,252.65,SPIRAL
14.4579,4.4456,0.2816,0.8228,-0.00783,0.86396,0.03511,-0.40,10.33,48.92,49.7,101.80,651.40,252.64,SPIRAL
14.4680,4.3156,0.3416,0.7828,-0.03383,0.84496,0.03611,-0.40,4.06,49.83,49.7,101.82,651.40,252.64,SPIRAL
14.4781,4.3656,0.2116,0.9528,-0.01083,0.85096,0.03811,-0.40,-2.30,49.95,49.7,101.86,651.40,252.63,SPIRAL
14.4882,4.4356,0.4716,0.4128,0.00216,0.83796,0.03711,-0.40,-8.62,49.25,49.7,101.89,651.40,252.63,SPIRAL
14.4983,4.4856,0.2216,0.9328,0.00616,0.85796,0.04011,-0.40,-14.80,47.76,49.7,101.91,651.41,252.63,SPIRAL
14.5084,4.5456,0.1016,0.7228,0.00116,0.84396,0.03511,-0.40,-20.73,45.50,49.7,101.94,651.42,252.62,SPIRAL
14.5186,4.2456,0.1516,0.7828,-0.01483,0.84396,0.03711,-0.38,-25.35,43.10,49.7,101.96,651.43,252.62,SPIRAL
14.5287,4.3856,0.1616,0.5728,-0.00983,0.84196,0.03311,-0.40,-31.52,38.81,49.7,101.99,651.45,252.61,SPIRAL
14.5388,4.3556,0.4816,0.4328,-0.01483,0.83696,0.03711,-0.40,-36.18,34.51,49.7,102.01,651.47,252.61,SPIRAL
14.5491,4.1956,0.4516,0.5828,-0.00283,0.84296,0.03711,-0.40,-40.31,29.57,49.7,102.02,651.48,252.61,SPIRAL
14.5592,4.1556,0.3116,0.6828,-0.02383,0.82296,0.03711,-0.39,-42.89,25.70,49.7,102.04,651.51,252.60,SPIRAL
14.5693,4.2556,0.3416,0.4828,0.03016,0.84696,0.03611,-0.40,-46.46,18.48,49.8,102.06,651.54,252.60,SPIRAL
14.5794,4.2556,0.1216,0.5728,0.01716,0.83296,0.04311,-0.40,-48.42,12.45,49.8,102.06,651.57,252.60,SPIRAL
14.5895,4.3856,0.2816,0.3428,0.04016,0.82696,0.04211,-0.40,-49.29,8.37,49.8,102.07,651.60,252.59,SPIRAL
14.5996,4.2456,0.0816,0.3328,0.03316,0.83196,0.04311,-0.40,-50.00,-0.13,49.8,102.07,651.62,252.59,SPIRAL
14.6097,4.1556,0.0616,0.4428,0.03416,0.82196,0.04311,-0.40,-49.58,-6.47,49.8,102.07,651.66,252.59,SPIRAL
14.6198,4.4756,0.0816,0.4528,0.07216,0.83396,0.04611,-0.40,-48.36,-12.69,49.8,102.07,651.68,252.58,SPIRAL
14.6299,4.3556,0.1716,0.3028,0.06916,0.82696,0.03911,-0.40,-46.36,-18.71,49.8,102.05,651.71,252.58,SPIRAL
14.6401,4.2756,0.0116,0.3128,0.06916,0.83096,0.03911,-0.40,-43.62,-24.44,49.8,102.04,651.73,252.58,SPIRAL
14.6502,4.2656,0.3416,-0.0171,0.07416,0.81996,0.04311,-0.40,-40.17,-29.77,49.8,102.02,651.76,252.57,SPIRAL
14.6603,4.4456,0.2816,0.3128,0.06916,0.82196,0.03911,-0.40,-36.05,-34.64,49.8,102.00,651.79,252.57,SPIRAL
14.6704,3.8356,0.2116,0.1528,0.03516,0.82796,0.04411,-0.40,-31.37,-38.93,49.8,101.98,651.80,252.57,SPIRAL
14.6806,4.2956,0.2416,0.3228,0.05116,0.82996,0.04211,-0.40,-26.18,-42.60,49.8,101.95,651.82,252.56,SPIRAL
14.6907,4.1656,0.2116,0.2128,0.02916,0.82296,0.04211,-0.40,-20.57,-45.57,49.8,101.93,651.83,252.56,SPIRAL
14.7008,4.3156,0.2116,0.3628,0.04216,0.82196,0.04211,-0.40,-14.62,-47.81,49.8,101.90,651.85,252.55,SPIRAL
14.7109,4.3856,0.3616,0.2428,0.05416,0.83296,0.04111,-0.40,-8.44,-49.28,49.8,101.88,651.85,252.55,SPIRAL
14.7210,4.1756,0.0016,0.6828,0.04616,0.85696,0.03911,-0.40,-2.13,-49.95,49.8,101.84,651.85,252.54,SPIRAL
14.7311,4.3356,0.0216,0.3328,0.04316,0.83996,0.04011,-0.40,4.22,-49.82,49.8,101.82,651.85,252.54,SPIRAL
14.7413,4.5856,-0.0783,0.5428,0.04316,0.85296,0.03711,-0.40,10.50,-48.88,49.8,101.78,651.85,252.54,SPIRAL
14.7514,4.3756,0.0016,0.3828,0.03416,0.83896,0.04011,-0.40,16.62,-47.16,49.8,101.76,651.84,252.53,SPIRAL
14.7615,4.4456,0.0816,0.3828,0.03616,0.85296,0.03711,-0.40,22.48,-44.66,49.8,101.72,651.83,252.53,SPIRAL
14.7716,4.2656,0.0716,0.5128,0.04016,0.86496,0.03711,-0.40,27.96,-41.45,49.8,101.70,651.82,252.52,SPIRAL
14.7817,4.3556,0.0916,0.7728,0.04416,0.87296,0.03711,-0.40,32.98,-37.58,49.9,101.68,651.80,252.52,SPIRAL
14.7919,4.3156,-0.0983,0.4228,0.03816,0.86296,0.03611,-0.40,37.47,-33.10,49.9,101.66,651.78,252.51,SPIRAL
14.8020,4.5156,0.3316,0.0328,0.02516,0.85496,0.03811,-0.40,41.37,-28.09,49.9,101.64,651.75,252.50,SPIRAL
14.8121,4.5256,0.1816,0.4928,0.03516,0.86796,0.03511,-0.40,44.59,-22.61,49.9,101.63,651.73,252.50,SPIRAL
14.8222,4.3256,0.4616,0.4028,0.02016,0.87196,0.03311,-0.40,47.10,-16.77,49.9,101.61,651.70,252.49,SPIRAL
14.8323,4.4956,-0.2283,0.9628,0.01416,0.86996,0.03311,-0.40,48.85,-10.67,49.9,101.60,651.67,252.49,SPIRAL
14.8424,4.7056,0.6016,0.4528,0.01016,0.86096,0.03411,-0.40,49.81,-4.38,49.9,101.60,651.64,252.48,SPIRAL
14.8526,4.4856,0.5416,0.3828,0.00516,0.86796,0.03511,-0.40,49.96,1.96,49.9,101.60,651.61,252.48,SPIRAL
14.8627,4.4656,0.4216,0.1828,0.00116,0.86296,0.03411,-0.40,49.31,8.27,49.9,101.60,651.58,252.47,SPIRAL
14.8728,4.4656,0.2916,0.4028,0.00216,0.87996,0.03211,-0.40,47.86,14.46,49.9,101.61,651.55,252.47,SPIRAL
14.8829,4.6756,0.5116,0.5728,-0.01483,0.87796,0.03411,-0.40,45.64,20.41,49.9,101.62,651.53,252.46,SPIRAL
14.8930,4.4056,0.6216,0.5828,-0.02183,0.88096,0.03811,-0.39,41.74,27.52,49.9,101.64,651.50,252.46,SPIRAL
14.9031,4.7056,0.6416,0.6228,-0.01783,0.87596,0.03711,-0.40,39.06,31.21,49.9,101.65,651.48,252.45,SPIRAL
14.9132,4.3956,0.5516,0.5828,-0.04883,0.87396,0.03311,-0.40,34.78,35.92,49.9,101.67,651.45,252.45,SPIRAL
14.9233,4.5756,0.0316,0.8728,-0.02683,0.88696,0.03211,-0.40,29.93,40.05,49.9,101.69,651.43,252.44,SPIRAL
14.9335,4.6156,0.5516,0.4328,-0.02983,0.87996,0.03211,-0.40,24.61,43.52,49.9,101.72,651.42,252.44,SPIRAL
14.9436,4.7156,0.4416,0.4828,-0.00783,0.88696,0.03511,-0.40,18.88,46.30,49.9,101.74,651.40,252.43,SPIRAL
14.9537,4.6456,0.1916,0.9328,-0.00883,0.88896,0.03511,-0.40,12.85,48.32,49.9,101.77,651.39,252.43,SPIRAL
14.9638,4.4956,0.1316,1.0028,-0.01183,0.88496,0.03211,-0.40,6.63,49.56,49.9,101.79,651.39,252.42,SPIRAL
14.9740,4.2956,0.6716,0.5528,-0.03483,0.86896,0.04011,-0.40,0.28,50.00,49.9,101.83,651.39,252.42,SPIRAL
14.9841,4.5056,0.3116,1.0228,0.00116,0.88296,0.03411,-0.40,-6.04,49.63,49.9,101.85,651.39,252.41,SPIRAL
14.9942,4.3856,0.3116,0.8828,-0.00583,0.87496,0.03911,-0.40,-12.29,48.47,49.9,101.88,651.39,252.41,SPIRAL
15.0043,4.2656,0.6316,0.5028,-0.02583,0.86396,0.04211,-0.40,-18.33,46.52,49.9,101.92,651.40,252.41,SPIRAL
15.0144,4.4956,0.2816,0.5628,-0.00283,0.87996,0.03511,-0.40,-24.07,43.82,49.9,101.94,651.41,252.40,SPIRAL
15.0245,4.3556,0.2816,0.8728,-0.00683,0.87596,0.03611,-0.40,-29.43,40.42,50.0,101.97,651.43,252.40,SPIRAL
15.0346,4.3956,0.2816,0.7128,0.00916,0.88096,0.03711,-0.40,-34.32,36.36,50.0,101.98,651.45,252.40,SPIRAL
15.0447,4.4856,0.2416,0.7228,-0.01283,0.85796,0.03311,-0.39,-37.67,32.88,50.0,102.01,651.48,252.39,SPIRAL
15.0549,4.4756,0.4116,0.4728,-0.01283,0.85796,0.03811,-0.40,-42.38,26.52,50.0,102.02,651.49,252.39,SPIRAL
15.0651,4.4556,0.4016,0.6628,-0.00683,0.84896,0.04111,-0.40,-45.41,20.92,50.0,102.04,651.53,252.38,SPIRAL
15.0752,4.3556,0.3816,0.6128,-0.00483,0.85396,0.03711,-0.40,-47.69,15.00,50.0,102.04,651.55,252.38,SPIRAL
15.0853,4.6256,0.1716,0.6328,0.03716,0.85296,0.04211,-0.40,-49.21,8.85,50.0,102.05,651.58,252.38,SPIRAL
15.0954,4.2556,0.0716,0.4128,0.01716,0.85796,0.04011,-0.40,-49.93,2.54,50.0,102.06,651.61,252.38,SPIRAL
15.1055,4.4556,0.0116,0.5428,0.02516,0.83896,0.03711,-0.40,-49.85,-3.81,50.0,102.05,651.64,252.37,SPIRAL
15.1156,4.2956,0.0916,0.1828,0.03616,0.84196,0.04411,-0.40,-48.97,-10.10,50.0,102.05,651.66,252.37,SPIRAL
15.1257,4.3156,0.0616,0.2428,0.04116,0.84596,0.04111,-0.40,-47.29,-16.23,50.0,102.04,651.70,252.37,SPIRAL
15.1358,4.2856,-0.1683,0.3028,0.05916,0.84396,0.04011,-0.40,-44.85,-22.09,50.0,102.03,651.72,252.36,SPIRAL
15.1460,4.3556,-0.1883,0.4228,0.06216,0.84396,0.03811,-0.40,-41.69,-27.60,50.0,102.01,651.75,252.36,SPIRAL
15.1562,4.5056,0.0816,0.3828,0.05716,0.84596,0.03811,-0.40,-37.80,-32.72,50.0,101.99,651.78,252.35,SPIRAL
15.1663,4.2556,0.1516,0.3828,0.04916,0.85196,0.04011,-0.40,-33.36,-37.25,50.0,101.97,651.79,252.35,SPIRAL
15.1764,4.3956,0.2316,0.1528,0.05516,0.83696,0.04011,-0.40,-28.37,-41.17,50.0,101.95,651.82,252.35,SPIRAL
15.1865,4.2756,0.6116,-0.0171,0.04616,0.83996,0.04611,-0.40,-22.93,-44.43,50.0,101.93,651.83,252.34,SPIRAL
15.1966,4.4456,0.0516,0.7628,0.06716,0.86496,0.03311,-0.40,-17.12,-46.98,50.0,101.89,651.84,252.34,SPIRAL
15.2067,4.4056,0.1416,0.6528,0.04116,0.85496,0.03911,-0.40,-11.03,-48.77,50.0,101.87,651.85,252.34,SPIRAL
15.2168,4.4556,0.2016,0.2728,0.04016,0.85296,0.03611,-0.40,-4.76,-49.77,50.0,101.83,651.85,252.33,SPIRAL
15.2270,4.3756,0.0316,0.3128,0.04616,0.86496,0.03711,-0.40,1.60,-49.97,50.0,101.81,651.86,252.33,SPIRAL
15.2371,4.3956,0.5416,-0.0071,0.04516,0.86496,0.03711,-0.40,7.92,-49.37,50.0,101.78,651.85,252.32,SPIRAL
15.2472,4.5456,0.3116,0.4728,0.04316,0.86996,0.03711,-0.40,14.13,-47.96,50.0,101.75,651.85,252.32,SPIRAL
15.2574,4.2656,0.3116,0.4528,0.03316,0.87896,0.04011,-0.40,20.11,-45.78,50.1,101.72,651.84,252.31,SPIRAL
15.2675,4.2556,0.3816,0.2728,0.02716,0.87796,0.03811,-0.40,25.74,-42.87,50.1,101.70,651.83,252.31,SPIRAL
15.2776,4.3856,-0.0983,0.3028,0.03716,0.87596,0.03711,-0.40,30.96,-39.26,50.1,101.67,651.81,252.30,SPIRAL
15.2877,4.5256,0.5216,-0.1371,0.01916,0.86496,0.04011,-0.40,35.69,-35.02,50.1,101.65,651.79,252.30,SPIRAL
15.2978,4.5256,0.2616,-0.0971,0.04716,0.87896,0.03911,-0.40,39.83,-30.22,50.1,101.63,651.77,252.29,SPIRAL
15.3079,4.5056,0.4116,0.2728,0.03016,0.88496,0.03711,-0.40,43.35,-24.92,50.1,101.61,651.75,252.29,SPIRAL
15.3180,4.4756,-0.1083,0.6928,0.03716,0.90596,0.03311,-0.40,46.15,-19.23,50.1,101.60,651.72,252.28,SPIRAL
15.3282,4.5356,0.5116,0.0628,0.01216,0.88496,0.03611,-0.40,48.23,-13.20,50.1,101.59,651.68,252.28,SPIRAL
15.3383,4.9456,0.2516,0.3828,0.03416,0.89296,0.02811,-0.40,49.51,-6.99,50.1,101.58,651.66,252.27,SPIRAL
15.3484,4.2456,0.2316,0.8528,-0.00283,0.90796,0.03111,-0.40,49.99,-0.66,50.1,101.58,651.64,252.27,SPIRAL
15.3585,4.4956,0.5216,0.5228,0.01116,0.89696,0.03111,-0.40,49.67,5.70,50.1,101.58,651.60,252.26,SPIRAL
15.3686,4.3556,0.3616,0.5928,-0.00283,0.90996,0.03111,-0.40,48.55,11.94,50.1,101.59,651.57,252.26,SPIRAL
15.3787,4.7356,0.4916,0.4428,-0.00683,0.88996,0.03511,-0.40,46.65,17.99,50.1,101.60,651.55,252.25,SPIRAL
15.3888,4.6156,0.6516,0.4428,-0.01283,0.90296,0.03411,-0.40,43.99,23.76,50.1,101.61,651.52,252.24,SPIRAL
15.3990,4.6356,0.9316,0.7628,-0.01683,0.90896,0.03411,-0.40,40.62,29.15,50.1,101.62,651.50,252.24,SPIRAL
15.4091,4.5656,0.2516,0.8428,-0.02483,0.90896,0.03311,-0.40,36.59,34.07,50.1,101.65,651.47,252.23,SPIRAL
15.4192,4.5956,0.4516,0.7728,-0.04983,0.89996,0.03511,-0.38,30.64,39.51,50.1,101.66,651.45,252.23,SPIRAL
15.4293,4.5156,0.5116,0.8428,-0.04483,0.90696,0.03711,-0.40,26.84,42.18,50.1,101.69,651.43,252.23,SPIRAL
15.4394,4.5756,0.6916,0.4328,-0.03483,0.90596,0.03611,-0.40,21.28,45.24,50.1,101.71,651.42,252.22,SPIRAL
15.4496,4.5256,0.5516,0.6528,-0.02083,0.91196,0.03511,-0.40,15.36,47.58,50.1,101.74,651.41,252.22,SPIRAL
15.4597,4.8356,0.3916,0.5628,-0.01583,0.90396,0.03211,-0.38,8.82,49.21,50.1,101.76,651.40,252.21,SPIRAL
15.4698,4.7256,0.4316,0.8328,-0.03083,0.90096,0.03611,-0.40,2.88,49.92,50.1,101.80,651.40,252.21,SPIRAL
15.4799,4.7556,0.6616,0.2528,-0.02083,0.88796,0.03711,-0.40,-3.44,49.88,50.1,101.82,651.40,252.20,SPIRAL
15.4901,4.5756,0.5616,0.6128,-0.00983,0.89696,0.03411,-0.40,-9.76,49.04,50.2,101.86,651.41,252.20,SPIRAL
15.5002,4.7556,0.2516,0.6128,-0.01383,0.88196,0.03711,-0.40,-15.89,47.41,50.2,101.89,651.42,252.20,SPIRAL
15.5103,4.7356,0.2816,0.8228,0.00816,0.89996,0.03711,-0.40,-21.76,45.01,50.2,101.91,651.43,252.19,SPIRAL
15.5204,4.5356,0.3216,0.7728,-0.01183,0.89496,0.03611,-0.38,-26.31,42.52,50.2,101.94,651.44,252.19,SPIRAL
15.5305,4.4656,0.4516,0.6228,-0.01983,0.88096,0.03911,-0.40,-32.39,38.09,50.2,101.96,651.46,252.19,SPIRAL
15.5406,4.6156,0.2916,0.8228,-0.00183,0.89096,0.03011,-0.40,-36.95,33.68,50.2,101.98,651.48,252.18,SPIRAL
15.5507,4.6056,-0.1383,1.0028,-0.01083,0.88696,0.03411,-0.40,-40.92,28.73,50.2,102.00,651.50,252.18,SPIRAL
15.5609,4.6856,0.2816,0.6228,0.01616,0.88996,0.03811,-0.40,-44.26,23.27,50.2,102.01,651.53,252.17,SPIRAL
15.5710,4.6156,0.5816,0.3928,0.02516,0.88296,0.03911,-0.40,-46.84,17.48,50.2,102.02,651.56,252.17,SPIRAL
15.5811,4.4556,-0.0083,0.9828,0.03016,0.88796,0.03511,-0.40,-48.68,11.40,50.2,102.03,651.59,252.17,SPIRAL
15.5912,4.6456,0.3816,0.6728,0.03316,0.88396,0.04211,-0.40,-49.73,5.13,50.2,102.04,651.61,252.17,SPIRAL
15.6014,4.2256,0.3916,0.4828,0.01316,0.87496,0.03811,-0.40,-49.98,-1.21,50.2,102.04,651.65,252.16,SPIRAL
15.6115,4.5856,0.1416,0.7128,0.03216,0.87396,0.03611,-0.40,-49.43,-7.53,50.2,102.03,651.67,252.16,SPIRAL
15.6216,4.2956,0.1516,0.1628,0.04416,0.86996,0.04011,-0.40,-48.08,-13.73,50.2,102.03,651.71,252.16,SPIRAL
15.6317,4.4656,-0.1283,0.6428,0.05916,0.88296,0.03911,-0.40,-45.95,-19.71,50.2,102.02,651.73,252.15,SPIRAL
15.6418,4.6856,-0.0483,0.6628,0.07216,0.87196,0.03711,-0.40,-43.08,-25.37,50.2,102.00,651.76,252.15,SPIRAL
15.6519,4.5456,0.1016,0.5728,0.05916,0.86996,0.04011,-0.40,-39.53,-30.62,50.2,101.99,651.78,252.15,SPIRAL
15.6619,4.5556,0.0216,0.4828,0.06416,0.87396,0.04111,-0.40,-35.34,-35.36,50.2,101.97,651.81,252.14,SPIRAL
15.6720,4.2856,0.1616,0.2228,0.05216,0.87396,0.03911,-0.40,-30.59,-39.55,50.2,101.95,651.83,252.14,SPIRAL
15.6822,4.3056,-0.0283,0.7528,0.03816,0.88396,0.04011,-0.40,-25.30,-43.12,50.2,101.92,651.85,252.14,SPIRAL
15.6923,4.4456,0.1216,0.4228,0.04416,0.86496,0.04211,-0.40,-19.63,-45.98,50.2,101.89,651.86,252.13,SPIRAL
15.7025,4.5556,0.3116,0.2328,0.03716,0.87496,0.03811,-0.40,-13.61,-48.11,50.2,101.87,651.87,252.13,SPIRAL
15.7126,4.6056,0.1816,0.4928,0.04816,0.88296,0.04111,-0.40,-7.40,-49.45,50.2,101.83,651.88,252.12,SPIRAL
15.7227,4.4656,0.2116,0.2528,0.05116,0.88296,0.03611,-0.40,-1.07,-49.99,50.2,101.81,651.88,252.12,SPIRAL
15.7328,4.3556,0.3316,0.2428,0.02916,0.88896,0.03711,-0.40,5.26,-49.72,50.3,101.77,651.88,252.11,SPIRAL
15.7429,4.6056,0.1716,0.5228,0.03816,0.89196,0.03611,-0.40,11.53,-48.65,50.3,101.75,651.88,252.11,SPIRAL
15.7531,4.6956,0.3116,0.5128,0.03816,0.90796,0.03411,-0.40,17.60,-46.80,50.3,101.71,651.87,252.11,SPIRAL
15.7632,4.4956,0.4116,0.3028,0.03616,0.91096,0.03811,-0.40,23.39,-44.19,50.3,101.69,651.86,252.10,SPIRAL
15.7733,4.6056,-0.0883,0.4728,0.04416,0.91196,0.03411,-0.40,28.82,-40.86,50.3,101.66,651.84,252.10,SPIRAL
15.7834,4.4556,0.0616,0.7928,0.03516,0.91396,0.03811,-0.40,33.76,-36.88,50.3,101.64,651.83,252.09,SPIRAL
15.7935,4.8256,0.5216,0.4928,0.05416,0.91796,0.03711,-0.40,38.17,-32.29,50.3,101.62,651.80,252.09,SPIRAL
15.8037,4.6856,-0.0483,0.3928,0.04516,0.92096,0.03411,-0.40,41.95,-27.20,50.3,101.61,651.78,252.08,SPIRAL
15.8137,4.8156,0.3816,0.2528,0.04116,0.91496,0.03411,-0.40,45.06,-21.67,50.3,101.59,651.75,252.08,SPIRAL
15.8239,4.6056,0.9916,0.2728,0.00116,0.90596,0.03911,-0.40,47.44,-15.78,50.3,101.58,651.73,252.07,SPIRAL
15.8340,4.7356,0.1616,0.5128,0.01416,0.92096,0.03211,-0.40,49.06,-9.64,50.3,101.57,651.70,252.07,SPIRAL
15.8441,4.8356,0.4416,0.5328,0.00816,0.92296,0.03011,-0.40,49.89,-3.34,50.3,101.57,651.68,252.06,SPIRAL
15.8542,4.7656,0.1916,0.8928,0.00316,0.92196,0.02711,-0.40,49.91,3.01,50.3,101.57,651.64,252.06,SPIRAL
15.8643,4.8156,0.4016,0.4928,0.00116,0.92096,0.03211,-0.40,49.12,9.31,50.3,101.57,651.61,252.05,SPIRAL
15.8744,4.7456,0.4316,0.6728,-0.01383,0.91996,0.03311,-0.40,47.55,15.46,50.3,101.58,651.59,252.05,SPIRAL
15.8846,4.6856,0.4716,0.6128,-0.02683,0.91496,0.03511,-0.39,44.25,23.28,50.3,101.59,651.56,252.04,SPIRAL
15.8947,4.9356,0.4816,0.8228,-0.00683,0.93396,0.03411,-0.40,42.12,26.94,50.3,101.60,651.54,252.04,SPIRAL
15.9048,4.6956,0.5916,0.6728,-0.03583,0.92696,0.03811,-0.40,38.37,32.06,50.3,101.63,651.51,252.03,SPIRAL
15.9149,4.8756,0.6616,0.7528,-0.03883,0.91996,0.03411,-0.40,33.99,36.67,50.3,101.64,651.49,252.03,SPIRAL
15.9250,4.7756,0.6116,0.6528,-0.03883,0.92696,0.03511,-0.40,29.07,40.68,50.3,101.67,651.47,252.02,SPIRAL
15.9351,4.8456,0.4616,0.6228,-0.03383,0.92996,0.03011,-0.40,23.69,44.03,50.3,101.69,651.46,252.02,SPIRAL
15.9453,4.7056,0.4816,0.6428,-0.02583,0.92996,0.03411,-0.40,17.92,46.68,50.3,101.72,651.44,252.01,SPIRAL
15.9554,4.8356,0.5516,0.7528,-0.00983,0.93996,0.03311,-0.40,11.86,48.57,50.3,101.74,651.44,252.01,SPIRAL
15.9655,4.8456,0.3716,0.7928,-0.02883,0.92596,0.03311,-0.40,5.60,49.68,50.4,101.78,651.43,252.00,SPIRAL
15.9756,4.7856,0.5316,0.6128,0.00116,0.93396,0.03411,-0.40,-0.74,49.99,50.4,101.80,651.43,252.00,SPIRAL
15.9857,4.7256,0.4016,0.7328,-0.01183,0.92596,0.03311,-0.40,-7.07,49.50,50.4,101.83,651.43,251.99,SPIRAL
15.9958,4.3856,0.2516,0.8328,-0.02383,0.92996,0.03811,-0.40,-13.29,48.20,50.4,101.86,651.44,251.99,SPIRAL
16.0059,4.6256,0.1916,0.9428,-0.02583,0.91696,0.03511,-0.40,-19.29,46.13,50.4,101.89,651.45,251.99,SPIRAL
16.0161,4.7456,0.1416,0.9328,-0.01383,0.92096,0.03311,-0.40,-24.99,43.30,50.4,101.91,651.46,251.98,SPIRAL
16.0262,4.6156,0.2816,1.0928,-0.01083,0.92996,0.03311,-0.40,-30.28,39.79,50.4,101.94,651.48,251.98,SPIRAL
16.0363,4.8756,0.3416,0.7628,-0.01483,0.90796,0.03311,-0.40,-35.08,35.63,50.4,101.96,651.51,251.98,SPIRAL
16.0464,4.5656,-0.0183,1.0628,-0.01383,0.92896,0.03611,-0.40,-39.31,30.89,50.4,101.98,651.52,251.97,SPIRAL
16.0566,4.5156,0.3716,0.4628,0.00116,0.91296,0.03911,-0.40,-42.92,25.64,50.4,102.00,651.55,251.97,SPIRAL
16.0667,4.6956,0.2916,0.7828,0.00816,0.90996,0.03611,-0.39,-44.94,21.92,50.4,102.01,651.57,251.97,SPIRAL
16.0768,4.7456,0.1516,0.7728,0.02316,0.91296,0.03911,-0.40,-47.99,14.01,50.4,102.02,651.61,251.96,SPIRAL
16.0870,4.7456,0.1316,0.5128,0.03616,0.90996,0.04211,-0.40,-49.39,7.80,50.4,102.02,651.63,251.96,SPIRAL
16.0971,4.7556,-0.1383,0.7428,0.03116,0.90296,0.03611,-0.40,-49.98,1.48,50.4,102.02,651.67,251.96,SPIRAL
16.1072,4.6556,0.0516,0.3328,0.04416,0.90296,0.03711,-0.40,-49.76,-4.88,50.4,102.02,651.69,251.96,SPIRAL
16.1173,4.7156,0.2016,0.2728,0.04516,0.90296,0.03811,-0.40,-48.74,-11.15,50.4,102.02,651.73,251.95,SPIRAL
16.1275,4.6356,-0.0183,0.6328,0.05716,0.90696,0.03811,-0.40,-46.92,-17.26,50.4,102.01,651.75,251.95,SPIRAL
16.1376,4.4856,0.0616,0.2428,0.04816,0.89596,0.03711,-0.40,-44.36,-23.06,50.4,101.99,651.78,251.95,SPIRAL
16.1477,4.6556,0.2316,0.5828,0.06016,0.89896,0.04311,-0.40,-41.08,-28.50,50.4,101.98,651.80,251.94,SPIRAL
16.1578,4.7856,-0.0583,0.1728,0.07116,0.89796,0.03511,-0.40,-37.14,-33.47,50.4,101.96,651.83,251.94,SPIRAL
16.1679,4.5456,0.0416,0.5328,0.05116,0.90296,0.03711,-0.40,-32.60,-37.91,50.4,101.94,651.85,251.94,SPIRAL
16.1780,4.4556,0.0716,0.6528,0.03316,0.88796,0.03911,-0.40,-27.54,-41.73,50.4,101.91,651.87,251.93,SPIRAL
16.1881,4.4456,-0.0183,0.4728,0.04016,0.90396,0.03911,-0.40,-22.01,-44.89,50.4,101.88,651.89,251.93,SPIRAL
16.1983,4.7356,0.0516,0.1728,0.04816,0.89796,0.03611,-0.40,-16.15,-47.32,50.4,101.86,651.90,251.92,SPIRAL
16.2084,4.5056,0.2316,0.4728,0.03716,0.90696,0.04011,-0.40,-10.02,-48.98,50.4,101.83,651.91,251.92,SPIRAL
16.2185,4.6556,0.0416,0.5028,0.04516,0.90796,0.03611,-0.40,-3.73,-49.86,50.5,101.80,651.91,251.92,SPIRAL
16.2286,4.8456,0.1616,0.3428,0.04816,0.92196,0.03611,-0.40,2.62,-49.93,50.5,101.77,651.91,251.91,SPIRAL
16.2387,4.6756,-0.0183,0.5428,0.03516,0.92296,0.03211,-0.40,8.92,-49.20,50.5,101.74,651.91,251.91,SPIRAL
16.2488,4.7056,0.1316,0.4728,0.04316,0.93496,0.03511,-0.40,15.08,-47.67,50.5,101.71,651.90,251.90,SPIRAL
16.2591,4.6756,0.5616,0.1928,0.03816,0.92896,0.03811,-0.40,21.08,-45.34,50.5,101.68,651.89,251.90,SPIRAL
16.2692,4.8156,-0.1183,0.8728,0.04916,0.94496,0.03211,-0.40,26.65,-42.30,50.5,101.65,651.88,251.89,SPIRAL
16.2793,4.7556,0.5616,0.2428,0.03516,0.93096,0.04111,-0.40,31.79,-38.59,50.5,101.63,651.87,251.89,SPIRAL
16.2895,4.7256,0.6216,0.0828,0.02416,0.92396,0.04011,-0.40,36.46,-34.21,50.5,101.61,651.84,251.88,SPIRAL
16.2996,4.9656,0.5416,0.1528,0.04316,0.93396,0.03411,-0.40,40.51,-29.31,50.5,101.59,651.82,251.88,SPIRAL
16.3097,4.9656,-0.2183,1.0028,0.05316,0.95996,0.03111,-0.40,43.89,-23.94,50.5,101.57,651.80,251.87,SPIRAL
16.3198,4.8656,0.3516,0.4628,0.01616,0.94296,0.03311,-0.40,46.58,-18.18,50.5,101.56,651.77,251.87,SPIRAL
16.3299,5.0856,0.5316,0.2228,0.01916,0.94096,0.03411,-0.40,48.51,-12.12,50.5,101.55,651.74,251.86,SPIRAL
16.3400,4.8356,0.3816,0.4228,0.01116,0.94496,0.03211,-0.40,49.65,-5.88,50.5,101.55,651.72,251.86,SPIRAL
16.3502,4.7956,0.3116,0.5128,-0.00583,0.93096,0.02911,-0.40,50.00,0.49,50.5,101.54,651.69,251.85,SPIRAL
16.3603,4.6056,0.3016,0.7628,-0.01083,0.95296,0.03311,-0.40,49.53,6.82,50.5,101.55,651.65,251.85,SPIRAL
16.3704,4.9056,0.5416,0.7928,0.00316,0.95096,0.03411,-0.40,48.27,13.05,50.5,101.55,651.63,251.84,SPIRAL
16.3805,4.8856,0.6416,0.4628,-0.01683,0.93696,0.03411,-0.40,46.23,19.05,50.5,101.56,651.60,251.84,SPIRAL
16.3908,4.6356,0.9216,0.6928,-0.02783,0.95496,0.03711,-0.40,43.40,24.82,50.5,101.57,651.58,251.83,SPIRAL
16.4009,4.9156,0.3216,0.9328,-0.03183,0.95096,0.03411,-0.40,39.91,30.11,50.5,101.59,651.55,251.83,SPIRAL
16.4110,4.8056,0.8816,0.5328,-0.04383,0.94496,0.03411,-0.39,34.80,35.90,50.5,101.60,651.53,251.82,SPIRAL
16.4211,5.0256,0.5816,0.3528,-0.03183,0.95596,0.03511,-0.40,31.07,39.17,50.5,101.63,651.51,251.82,SPIRAL
16.4312,4.8556,0.5516,0.6328,-0.04183,0.96396,0.03311,-0.40,25.86,42.79,50.5,101.65,651.49,251.81,SPIRAL
16.4413,5.0156,0.5216,0.5328,-0.01583,0.96296,0.03011,-0.38,19.39,46.08,50.6,101.68,651.48,251.81,SPIRAL
16.4514,4.9956,0.1516,0.9128,-0.00683,0.97596,0.02811,-0.40,14.26,47.92,50.6,101.70,651.47,251.80,SPIRAL
16.4615,5.0056,0.4116,0.8228,-0.01683,0.95996,0.03111,-0.40,8.07,49.34,50.6,101.73,651.46,251.80,SPIRAL
16.4716,4.9456,0.2716,0.6128,0.00816,0.95696,0.03611,-0.40,1.75,49.97,50.6,101.75,651.46,251.80,SPIRAL
16.4818,4.7756,0.7116,0.5928,-0.02783,0.93896,0.03811,-0.38,-4.40,49.80,50.6,101.79,651.46,251.79,SPIRAL
16.4919,4.8356,0.1216,0.9728,-0.01883,0.93696,0.03511,-0.40,-10.87,48.80,50.6,101.81,651.46,251.79,SPIRAL
16.5020,4.8756,0.4616,0.8328,0.00816,0.95796,0.03711,-0.40,-16.96,47.03,50.6,101.84,651.47,251.78,SPIRAL
16.5121,4.6756,0.3916,0.9128,-0.00583,0.94896,0.03811,-0.38,-21.92,44.94,50.6,101.86,651.48,251.78,SPIRAL
16.5222,4.7256,0.2816,0.6928,-0.01783,0.94696,0.03511,-0.40,-28.23,41.26,50.6,101.89,651.50,251.78,SPIRAL
16.5323,4.9756,0.3016,0.9628,-0.01383,0.94396,0.03511,-0.40,-33.24,37.35,50.6,101.92,651.52,251.77,SPIRAL
16.5424,4.6156,0.6816,0.5728,-0.01683,0.94896,0.03611,-0.40,-37.71,32.83,50.6,101.93,651.54,251.77,SPIRAL
16.5525,4.9156,0.4716,0.7828,-0.01883,0.93296,0.03411,-0.40,-41.56,27.80,50.6,101.95,651.57,251.77,SPIRAL
16.5626,4.8156,0.4116,0.8128,-0.00783,0.93796,0.03211,-0.40,-44.75,22.31,50.6,101.96,651.59,251.76,SPIRAL
16.5727,4.6956,0.0516,0.6928,0.00916,0.95196,0.03411,-0.40,-47.21,16.46,50.6,101.97,651.62,251.76,SPIRAL
16.5828,4.8156,0.3916,0.6028,0.02216,0.93796,0.03811,-0.39,-48.48,12.24,50.6,101.98,651.65,251.76,SPIRAL
16.5929,4.9056,0.2616,0.6628,0.03616,0.94496,0.03811,-0.40,-49.83,4.07,50.6,101.98,651.68,251.75,SPIRAL
16.6030,4.6156,0.1416,0.4828,0.03716,0.93696,0.03811,-0.40,-49.95,-2.27,50.6,101.98,651.71,251.75,SPIRAL
16.6131,4.6956,0.1716,0.5728,0.03816,0.92696,0.04011,-0.40,-49.26,-8.58,50.6,101.98,651.74,251.75,SPIRAL
16.6233,4.7556,0.0816,0.5128,0.04016,0.92496,0.04011,-0.40,-47.77,-14.78,50.6,101.97,651.76,251.75,SPIRAL
16.6334,4.7756,0.1316,0.4928,0.04116,0.91096,0.03811,-0.40,-45.51,-20.71,50.6,101.96,651.80,251.74,SPIRAL
16.6435,4.7556,-0.4583,0.7128,0.05316,0.92096,0.03511,-0.40,-42.52,-26.31,50.6,101.94,651.82,251.74,SPIRAL
16.6536,4.6356,0.0016,0.7328,0.04616,0.92296,0.03811,-0.40,-38.85,-31.48,50.6,101.92,651.85,251.74,SPIRAL
16.6637,4.7856,0.6616,-0.0371,0.03816,0.90396,0.04011,-0.40,-34.54,-36.15,50.6,101.91,651.87,251.73,SPIRAL
16.6738,4.6956,0.7016,-0.1071,0.03416,0.90796,0.04211,-0.40,-29.68,-40.24,50.6,101.88,651.89,251.73,SPIRAL
16.6839,4.6456,0.2316,0.4328,0.04316,0.92296,0.03711,-0.40,-24.35,-43.67,50.6,101.86,651.90,251.73,SPIRAL
16.6941,4.7356,0.0416,0.6328,0.04216,0.92296,0.03411,-0.40,-18.62,-46.40,50.6,101.83,651.92,251.72,SPIRAL
16.7042,4.8656,0.2316,0.3728,0.05716,0.93296,0.04111,-0.40,-12.59,-48.39,50.6,101.80,651.93,251.72,SPIRAL
16.7143,4.8356,0.3116,0.2728,0.03416,0.92696,0.03811,-0.40,-6.35,-49.59,50.7,101.77,651.93,251.71,SPIRAL
16.7245,4.7456,-0.1683,0.5828,0.05716,0.94696,0.03511,-0.40,0.03,-50.00,50.7,101.73,651.94,251.71,SPIRAL
16.7346,4.9756,0.4016,0.1728,0.05916,0.94196,0.03711,-0.40,6.37,-49.59,50.7,101.71,651.93,251.71,SPIRAL
16.7447,4.8856,0.1116,0.4728,0.04816,0.94296,0.03711,-0.40,12.60,-48.38,50.7,101.67,651.93,251.70,SPIRAL
16.7548,4.8956,0.1916,0.1628,0.04716,0.94696,0.03611,-0.40,18.64,-46.39,50.7,101.65,651.92,251.70,SPIRAL
16.7650,4.7756,-0.0183,0.4028,0.04516,0.95696,0.03711,-0.40,24.39,-43.65,50.7,101.62,651.91,251.69,SPIRAL
16.7751,5.1156,0.2916,0.3328,0.06716,0.96096,0.03711,-0.40,29.74,-40.20,50.7,101.60,651.89,251.69,SPIRAL
16.7852,4.8756,0.3416,0.1828,0.04316,0.95296,0.04011,-0.40,34.60,-36.10,50.7,101.57,651.87,251.68,SPIRAL
16.7954,4.8256,0.2816,0.5728,0.03416,0.96796,0.03611,-0.40,38.90,-31.41,50.7,101.55,651.85,251.68,SPIRAL
16.8055,4.9956,0.5816,0.0928,0.02916,0.95296,0.03711,-0.40,42.56,-26.23,50.7,101.53,651.83,251.67,SPIRAL
16.8156,5.0256,0.5816,0.5028,0.02316,0.96396,0.03311,-0.40,45.55,-20.63,50.7,101.52,651.81,251.67,SPIRAL
16.8257,4.9556,-0.1183,0.8928,0.01816,0.96996,0.03211,-0.40,47.80,-14.67,50.7,101.51,651.77,251.66,SPIRAL
16.8358,4.8956,0.1516,0.5828,0.01116,0.97796,0.03011,-0.40,49.27,-8.49,50.7,101.50,651.75,251.66,SPIRAL
16.8460,4.8656,0.3516,0.5528,-0.00183,0.96396,0.03111,-0.40,49.95,-2.18,50.7,101.49,651.72,251.65,SPIRAL
16.8561,5.0856,0.4016,0.3928,0.00816,0.96096,0.02911,-0.40,49.82,4.19,50.7,101.49,651.69,251.65,SPIRAL
16.8662,5.0256,0.5116,0.6028,0.00716,0.97796,0.03311,-0.40,48.89,10.48,50.7,101.50,651.66,251.64,SPIRAL
16.8763,5.1656,0.6016,0.8028,-0.00883,0.96996,0.03311,-0.40,47.16,16.60,50.7,101.51,651.63,251.64,SPIRAL
16.8865,4.9656,0.5716,0.8028,-0.00883,0.98096,0.03211,-0.40,44.68,22.44,50.7,101.52,651.61,251.63,SPIRAL
16.8966,5.0456,0.5216,0.9628,0.00016,0.98696,0.03411,-0.38,42.08,27.00,50.7,101.53,651.58,251.63,SPIRAL
16.9067,4.9756,0.7416,0.6628,-0.04383,0.96196,0.04111,-0.40,37.60,32.95,50.7,101.55,651.56,251.62,SPIRAL
16.9168,5.0656,0.6116,0.9328,-0.03983,0.97396,0.03111,-0.40,33.13,37.44,50.7,101.57,651.54,251.62,SPIRAL
16.9269,4.9656,0.8416,0.6628,-0.04183,0.97496,0.03711,-0.40,28.09,41.36,50.7,101.59,651.52,251.61,SPIRAL
16.9371,4.9456,0.7116,0.7028,-0.04483,0.98396,0.03211,-0.40,22.62,44.59,50.8,101.62,651.50,251.61,SPIRAL
16.9472,5.2056,0.7816,0.4528,-0.01183,0.97596,0.03411,-0.40,16.79,47.10,50.8,101.64,651.50,251.60,SPIRAL
16.9573,5.0456,0.1416,0.7328,-0.01983,0.98396,0.03111,-0.40,10.66,48.85,50.8,101.67,651.49,251.60,SPIRAL
16.9674,4.9756,0.3016,0.9128,-0.00883,0.98796,0.03511,-0.40,4.39,49.81,50.8,101.70,651.48,251.60,SPIRAL
16.9775,5.0156,0.3816,0.8328,-0.01183,0.97596,0.03611,-0.40,-1.96,49.96,50.8,101.73,651.48,251.59,SPIRAL
16.9877,4.9356,0.0316,0.8828,-0.00783,0.97196,0.03411,-0.40,-8.30,49.30,50.8,101.75,651.48,251.59,SPIRAL
16.9978,4.9056,0.0616,1.1728,-0.02183,0.97296,0.03011,-0.40,-14.47,47.86,50.8,101.79,651.49,251.58,SPIRAL
17.0079,4.9356,0.1116,1.3828,-0.01083,0.97996,0.03611,-0.40,-20.41,45.64,50.8,101.81,651.50,251.58,SPIRAL
17.0180,4.7456,0.4216,0.8228,-0.00983,0.97796,0.03311,-0.40,-26.02,42.69,50.8,101.84,651.52,251.58,SPIRAL
17.0281,5.1456,0.4816,0.5428,-0.00383,0.96496,0.03411,-0.40,-31.21,39.06,50.8,101.85,651.53,251.57,SPIRAL
17.0382,4.9456,0.9416,0.5728,-0.01283,0.95996,0.03711,-0.40,-35.90,34.80,50.8,101.88,651.56,251.57,SPIRAL
17.0483,4.9956,0.5316,0.8428,-0.01383,0.95896,0.03511,-0.40,-40.03,29.95,50.8,101.90,651.58,251.57,SPIRAL
17.0585,5.0556,0.4716,0.6928,0.00816,0.95696,0.03811,-0.40,-43.52,24.62,50.8,101.91,651.60,251.56,SPIRAL
17.0685,4.9356,0.2216,0.2228,0.01416,0.94996,0.03511,-0.40,-46.28,18.92,50.8,101.93,651.64,251.56,SPIRAL
17.0786,4.7756,0.7316,0.2528,0.01016,0.95396,0.04311,-0.39,-47.74,14.85,50.8,101.93,651.66,251.56,SPIRAL
17.0888,4.7256,-0.0083,0.9828,0.00816,0.96696,0.03611,-0.40,-49.55,6.68,50.8,101.94,651.69,251.55,SPIRAL
17.0989,4.8356,0.2816,0.4828,0.02416,0.94496,0.04311,-0.40,-50.00,0.35,50.8,101.94,651.72,251.55,SPIRAL
17.1090,4.9556,-0.1583,0.8828,0.01216,0.94196,0.03611,-0.40,-49.64,-5.98,50.8,101.94,651.75,251.55,SPIRAL
17.1191,4.7956,0.2516,0.2528,0.04516,0.95396,0.03911,-0.40,-48.48,-12.22,50.8,101.93,651.78,251.55,SPIRAL
17.1292,4.6356,0.2416,0.1928,0.04016,0.94796,0.03911,-0.40,-46.53,-18.29,50.8,101.92,651.81,251.54,SPIRAL
17.1393,4.8956,-0.3183,0.8428,0.04716,0.95096,0.03911,-0.40,-43.84,-24.04,50.8,101.91,651.83,251.54,SPIRAL
17.1495,4.6356,0.1816,0.3828,0.04116,0.93396,0.04111,-0.40,-40.43,-29.41,50.8,101.89,651.86,251.54,SPIRAL
17.1596,4.6756,0.0216,0.4028,0.04116,0.94296,0.03411,-0.40,-36.38,-34.29,50.8,101.87,651.88,251.53,SPIRAL
17.1697,4.9856,0.0616,0.5428,0.06316,0.94896,0.03711,-0.40,-31.74,-38.63,50.8,101.85,651.91,251.53,SPIRAL
17.1798,4.8656,0.0416,0.7028,0.05216,0.95696,0.03811,-0.40,-26.60,-42.34,50.8,101.83,651.92,251.53,SPIRAL
17.1899,4.8456,0.1616,0.8528,0.06716,0.95896,0.03911,-0.40,-21.02,-45.36,50.8,101.80,651.94,251.52,SPIRAL
17.2000,4.8856,0.0916,0.2728,0.04216,0.94096,0.03811,-0.40,-15.13,-47.65,50.8,101.77,651.95,251.52,SPIRAL
17.2101,4.7256,0.2216,0.3828,0.04016,0.95796,0.03811,-0.40,-8.97,-49.19,50.9,101.74,651.96,251.51,SPIRAL
17.2202,5.0256,0.1516,0.2628,0.05016,0.95396,0.03511,-0.40,-2.65,-49.93,50.9,101.72,651.96,251.51,SPIRAL
17.2303,5.0656,0.0316,0.6128,0.05516,0.96996,0.03711,-0.40,3.71,-49.86,50.9,101.68,651.96,251.51,SPIRAL
17.2405,5.0056,0.0916,0.4528,0.05016,0.98396,0.03511,-0.40,10.01,-48.99,50.9,101.64,651.96,251.50,SPIRAL
17.2506,4.9456,0.2216,0.3628,0.02416,0.96296,0.03311,-0.40,16.13,-47.33,50.9,101.62,651.95,251.50,SPIRAL
17.2607,5.1956,0.0716,0.3328,0.05916,0.97996,0.03311,-0.40,21.99,-44.90,50.9,101.59,651.94,251.49,SPIRAL
17.2708,5.0656,0.0416,0.8528,0.04716,0.99196,0.02911,-0.40,27.50,-41.75,50.9,101.57,651.93,251.49,SPIRAL
17.2809,4.8156,0.3516,0.4728,0.02716,0.97996,0.03611,-0.40,32.58,-37.92,50.9,101.54,651.91,251.48,SPIRAL
17.2910,4.9056,0.1616,0.5128,0.02816,0.98296,0.03311,-0.40,37.12,-33.49,50.9,101.52,651.89,251.48,SPIRAL
17.3011,5.1956,0.2116,0.6828,0.05516,0.99296,0.03311,-0.40,41.07,-28.52,50.9,101.50,651.86,251.47,SPIRAL
17.3112,4.9556,0.0616,0.5328,0.03816,0.99396,0.03411,-0.40,44.35,-23.09,50.9,101.49,651.84,251.47,SPIRAL
17.3213,5.2056,0.3116,0.2728,0.02616,0.98096,0.03211,-0.40,46.92,-17.28,50.9,101.47,651.81,251.46,SPIRAL
17.3315,5.1256,0.0516,0.9728,0.04116,1.00796,0.03111,-0.40,48.73,-11.19,50.9,101.46,651.79,251.46,SPIRAL
17.3416,5.1956,-0.0083,0.6028,0.05016,1.00696,0.03211,-0.40,49.76,-4.90,50.9,101.46,651.76,251.45,SPIRAL
17.3517,5.0356,0.2716,0.5028,0.01116,0.99496,0.03111,-0.40,49.98,1.44,50.9,101.46,651.73,251.45,SPIRAL
17.3618,5.0656,0.0316,0.9128,0.00216,0.99796,0.02911,-0.40,49.39,7.77,50.9,101.46,651.70,251.44,SPIRAL
17.3720,5.2356,0.3916,0.6028,0.00716,0.98496,0.03011,-0.40,48.01,13.97,50.9,101.46,651.68,251.44,SPIRAL
17.3821,5.3656,0.5616,0.5828,0.02016,0.99996,0.03211,-0.40,45.85,19.93,50.9,101.47,651.65,251.43,SPIRAL
17.3922,5.0856,0.5116,0.6928,-0.01983,0.99696,0.03111,-0.40,42.96,25.58,50.9,101.48,651.63,251.43,SPIRAL
17.4023,5.1656,0.2516,0.9028,-0.02383,0.99396,0.03611,-0.40,39.37,30.82,50.9,101.50,651.60,251.42,SPIRAL
17.4124,4.8756,0.2916,1.0328,-0.02683,1.01696,0.03211,-0.40,35.15,35.56,50.9,101.53,651.57,251.42,SPIRAL
17.4225,5.1456,0.7716,0.7228,-0.03383,1.00896,0.03411,-0.39,29.39,40.45,50.9,101.54,651.56,251.41,SPIRAL
17.4326,5.0356,0.6516,0.9328,-0.03783,1.01896,0.03511,-0.40,25.06,43.27,51.0,101.57,651.54,251.41,SPIRAL
17.4428,5.2256,0.7916,0.9428,-0.02783,1.01096,0.03111,-0.40,19.37,46.09,51.0,101.59,651.53,251.40,SPIRAL
17.4529,5.2756,0.6216,0.8828,-0.02083,1.00696,0.03511,-0.38,12.85,48.32,51.0,101.62,651.52,251.40,SPIRAL
17.4630,5.2556,0.4216,0.7528,-0.01183,1.00296,0.03111,-0.40,7.18,49.48,51.0,101.65,651.52,251.40,SPIRAL
17.4731,5.0856,0.6816,0.7928,-0.01783,0.99896,0.03711,-0.40,0.85,49.99,51.0,101.68,651.51,251.39,SPIRAL
17.4832,5.1356,0.4216,0.8528,-0.01083,1.00796,0.03311,-0.40,-5.49,49.70,51.0,101.70,651.52,251.39,SPIRAL
17.4933,5.0256,0.5816,0.9928,-0.02783,0.99696,0.03611,-0.40,-11.76,48.60,51.0,101.74,651.52,251.38,SPIRAL
17.5036,4.8956,0.3816,0.9228,-0.03083,0.98596,0.03511,-0.40,-17.90,46.68,51.0,101.76,651.53,251.38,SPIRAL
17.5137,4.9856,0.3016,1.0228,-0.01283,0.99996,0.03511,-0.40,-23.68,44.04,51.0,101.79,651.55,251.38,SPIRAL
17.5238,5.1256,0.3416,0.6128,-0.01283,0.98596,0.03311,-0.40,-29.07,40.68,51.0,101.81,651.56,251.37,SPIRAL
17.5339,5.2956,0.1716,1.2628,-0.00183,0.99896,0.03311,-0.40,-34.00,36.66,51.0,101.84,651.58,251.37,SPIRAL
17.5440,5.0856,0.8516,0.8128,-0.02283,0.99096,0.03411,-0.40,-38.37,32.06,51.0,101.85,651.60,251.37,SPIRAL
17.5541,5.0056,0.6016,0.5628,-0.01783,0.98196,0.03611,-0.40,-42.12,26.94,51.0,101.87,651.63,251.36,SPIRAL
17.5643,5.2856,-0.1083,0.6728,0.00016,0.97496,0.03011,-0.40,-45.20,21.37,51.0,101.88,651.65,251.36,SPIRAL
17.5744,5.0956,0.4016,0.5328,-0.00183,0.97396,0.03811,-0.40,-47.54,15.47,51.0,101.89,651.68,251.36,SPIRAL
17.5845,4.9056,0.0616,1.1628,-0.00583,0.98496,0.03711,-0.40,-49.12,9.32,51.0,101.90,651.71,251.35,SPIRAL
17.5946,5.1256,-0.1283,0.9328,0.03016,0.97896,0.03211,-0.40,-49.91,3.00,51.0,101.90,651.74,251.35,SPIRAL
17.6048,4.9456,0.3416,0.1928,0.00916,0.95996,0.03911,-0.40,-49.88,-3.37,51.0,101.90,651.77,251.35,SPIRAL
17.6149,4.8556,0.3316,0.4028,0.02416,0.96996,0.03811,-0.40,-49.41,-7.67,51.0,101.90,651.80,251.35,SPIRAL
17.6251,4.9856,0.3216,0.5828,0.03616,0.97196,0.03711,-0.40,-47.41,-15.88,51.0,101.88,651.83,251.34,SPIRAL
17.6352,4.9756,0.0716,0.5828,0.05216,0.98096,0.03511,-0.40,-45.02,-21.75,51.0,101.87,651.85,251.34,SPIRAL
17.6454,4.9156,0.0816,0.7428,0.05616,0.97496,0.03511,-0.40,-41.90,-27.28,51.0,101.86,651.88,251.34,SPIRAL
17.6555,4.7856,0.1416,0.6828,0.06116,0.97796,0.03711,-0.40,-38.11,-32.37,51.0,101.84,651.90,251.33,SPIRAL
17.6656,5.0656,0.1316,0.2328,0.07416,0.96996,0.03511,-0.40,-33.67,-36.96,51.0,101.82,651.93,251.33,SPIRAL
17.6757,5.1156,-0.1483,0.8028,0.06116,0.96996,0.03611,-0.40,-28.72,-40.92,51.0,101.80,651.95,251.33,SPIRAL
17.6859,5.2356,-0.2683,0.7328,0.07916,0.99596,0.03211,-0.40,-23.29,-44.24,51.0,101.77,651.96,251.32,SPIRAL
17.6960,4.8556,-0.2083,0.9228,0.06016,0.98896,0.03211,-0.40,-17.46,-46.85,51.0,101.74,651.98,251.32,SPIRAL
17.7061,5.0156,-0.0183,0.6228,0.06116,0.98696,0.03711,-0.40,-11.39,-48.68,51.1,101.71,651.99,251.32,SPIRAL
17.7162,5.0856,-0.0583,0.8828,0.06316,0.99196,0.03711,-0.40,-5.14,-49.73,51.1,101.69,651.99,251.31,SPIRAL
17.7264,5.0956,0.2316,0.5328,0.06016,0.99096,0.03811,-0.40,1.21,-49.98,51.1,101.65,651.99,251.31,SPIRAL
17.7364,5.1256,0.2116,0.5028,0.05016,0.98796,0.03711,-0.40,7.53,-49.43,51.1,101.61,651.99,251.30,SPIRAL
17.7466,5.0756,0.1616,0.5728,0.04716,0.98796,0.03711,-0.40,13.73,-48.08,51.1,101.59,651.98,251.30,SPIRAL
17.7567,4.8056,0.0316,0.6028,0.04616,1.00996,0.03711,-0.40,19.72,-45.95,51.1,101.56,651.97,251.29,SPIRAL
17.7668,5.0456,-0.0083,0.5728,0.04916,1.00196,0.03611,-0.40,25.38,-43.08,51.1,101.53,651.96,251.29,SPIRAL
17.7769,5.1356,0.3216,0.3928,0.05616,1.01096,0.03311,-0.40,30.64,-39.51,51.1,101.50,651.94,251.28,SPIRAL
17.7870,5.1656,0.1116,0.4728,0.04616,1.01196,0.03411,-0.40,35.40,-35.31,51.1,101.49,651.93,251.28,SPIRAL
17.7971,5.2556,0.4616,-0.0971,0.04516,1.01296,0.03311,-0.40,39.59,-30.54,51.1,101.46,651.90,251.27,SPIRAL
17.8072,5.3456,0.1716,0.4528,0.05516,1.01896,0.03211,-0.40,43.13,-25.29,51.1,101.45,651.88,251.27,SPIRAL
17.8173,5.0856,0.4216,0.7028,0.02516,1.02096,0.03411,-0.40,45.99,-19.61,51.1,101.43,651.85,251.26,SPIRAL
17.8275,5.2356,0.2616,0.8428,0.04516,1.02796,0.03111,-0.40,48.11,-13.63,51.1,101.42,651.83,251.26,SPIRAL
17.8376,5.2456,0.3516,0.5228,0.03116,1.02796,0.03211,-0.40,49.44,-7.43,51.1,101.41,651.79,251.25,SPIRAL
17.8476,5.1156,0.6116,0.3228,0.00216,1.01096,0.03211,-0.40,49.99,-1.12,51.1,101.41,651.77,251.25,SPIRAL
17.8578,5.2156,0.3116,0.7728,0.01216,1.02796,0.03011,-0.40,49.72,5.23,51.1,101.41,651.74,251.24,SPIRAL
17.8679,5.1856,0.2416,1.0528,0.02216,1.03696,0.03011,-0.40,48.66,11.48,51.1,101.41,651.71,251.24,SPIRAL
17.8780,5.3556,0.4116,0.6028,0.00116,1.01996,0.03511,-0.40,46.82,17.55,51.1,101.42,651.68,251.23,SPIRAL
17.8881,5.3656,0.8416,0.4228,-0.02183,1.01496,0.03411,-0.40,44.22,23.34,51.1,101.43,651.66,251.23,SPIRAL
17.8982,5.2956,0.5916,0.6928,-0.00483,1.02896,0.03311,-0.40,40.90,28.75,51.1,101.45,651.63,251.22,SPIRAL
17.9083,5.1356,0.6016,0.7228,-0.04383,1.01996,0.03511,-0.39,35.88,34.82,51.1,101.46,651.61,251.22,SPIRAL
17.9184,5.4256,0.4616,1.2728,-0.00683,1.03896,0.03211,-0.38,31.31,38.98,51.2,101.48,651.59,251.22,SPIRAL
17.9286,5.3156,0.3916,1.1928,-0.02583,1.03996,0.03111,-0.40,27.25,41.92,51.2,101.51,651.57,251.21,SPIRAL
17.9387,5.2356,0.3216,1.3628,-0.03183,1.03996,0.03111,-0.40,21.71,45.04,51.2,101.53,651.56,251.21,SPIRAL
17.9488,5.3956,0.3216,1.0528,-0.01783,1.03196,0.03211,-0.40,15.83,47.43,51.2,101.56,651.55,251.20,SPIRAL
17.9590,5.2456,0.7216,0.7728,-0.02583,1.02196,0.03411,-0.40,9.66,49.06,51.2,101.58,651.54,251.20,SPIRAL
17.9690,5.2956,0.5716,1.0228,-0.03583,1.01296,0.03411,-0.40,3.38,49.88,51.2,101.62,651.54,251.19,SPIRAL
17.9791,5.0756,0.4116,0.9828,-0.02183,1.03096,0.03411,-0.40,-2.96,49.91,51.2,101.64,651.54,251.19,SPIRAL
17.9893,5.3156,0.5916,0.9528,-0.01383,1.01696,0.03611,-0.38,-8.90,49.20,51.2,101.67,651.55,251.19,SPIRAL
17.9994,5.1956,0.7716,0.7728,-0.01483,1.01696,0.03511,-0.40,-15.43,47.56,51.2,101.69,651.55,251.18,SPIRAL
18.0095,5.1756,0.5116,0.8828,-0.02283,1.00696,0.03711,-0.38,-20.55,45.58,51.2,101.72,651.57,251.18,SPIRAL
18.0196,5.2356,0.3116,0.9128,-0.03683,1.00096,0.03011,-0.40,-26.90,42.15,51.2,101.74,651.58,251.18,SPIRAL
18.0298,5.0256,0.4616,0.9728,-0.03883,1.01196,0.03211,-0.40,-32.04,38.39,51.2,101.77,651.60,251.17,SPIRAL
18.0399,5.2856,0.9416,0.5328,-0.02483,1.00196,0.03311,-0.40,-36.63,34.03,51.2,101.79,651.62,251.17,SPIRAL
18.0499,4.7856,0.3316,1.1628,-0.03083,1.01896,0.03611,-0.40,-40.64,29.12,51.2,101.81,651.64,251.17,SPIRAL
18.0601,5.2756,0.2816,1.0828,0.00716,1.01796,0.03311,-0.39,-43.03,25.46,51.2,101.82,651.66,251.16,SPIRAL
18.0702,5.1656,0.2116,0.9728,0.01116,1.01596,0.03411,-0.40,-46.66,17.98,51.2,101.83,651.70,251.16,SPIRAL
18.0803,5.1356,0.4016,0.8528,0.00216,1.00196,0.03611,-0.39,-47.93,14.23,51.2,101.84,651.73,251.16,SPIRAL
18.0904,5.2056,0.2716,0.9828,-0.00783,0.98596,0.03911,-0.40,-49.37,7.90,51.2,101.84,651.76,251.15,SPIRAL
18.1005,5.2056,0.1016,1.0228,0.04216,1.01296,0.03611,-0.40,-49.99,-0.68,51.2,101.84,651.79,251.15,SPIRAL
18.1106,4.9656,0.0616,1.0828,0.02116,1.01296,0.03311,-0.40,-49.51,-7.00,51.2,101.84,651.82,251.15,SPIRAL
18.1207,5.2756,-0.0883,0.7128,0.04916,1.00196,0.03611,-0.40,-48.22,-13.22,51.2,101.83,651.85,251.14,SPIRAL
18.1308,5.1656,0.4016,0.2028,0.04516,0.99496,0.03611,-0.40,-46.15,-19.23,51.2,101.82,651.88,251.14,SPIRAL
18.1409,5.0456,0.1616,0.2328,0.03716,0.97796,0.03611,-0.40,-43.35,-24.92,51.2,101.80,651.91,251.14,SPIRAL
18.1510,5.2656,0.5516,0.0828,0.05716,0.97996,0.04011,-0.40,-39.84,-30.20,51.2,101.79,651.93,251.14,SPIRAL
18.1612,5.1556,-0.1983,0.7928,0.06416,1.00096,0.03411,-0.40,-35.69,-35.02,51.2,101.76,651.96,251.13,SPIRAL
18.1713,5.2556,0.1716,0.4328,0.07816,1.00596,0.03711,-0.40,-30.96,-39.26,51.2,101.74,651.98,251.13,SPIRAL
18.1814,4.9656,0.3116,0.5728,0.06316,1.00896,0.03811,-0.40,-25.74,-42.86,51.2,101.71,652.00,251.13,SPIRAL
18.1915,5.1956,0.1016,0.4428,0.05316,1.00196,0.03711,-0.40,-20.09,-45.78,51.2,101.69,652.01,251.12,SPIRAL
18.2017,5.1656,0.0116,0.6228,0.05916,1.00496,0.03411,-0.40,-14.10,-47.97,51.3,101.66,652.02,251.12,SPIRAL
18.2118,5.1856,-0.2183,0.5728,0.07216,1.01596,0.03511,-0.40,-7.91,-49.37,51.3,101.63,652.03,251.12,SPIRAL
18.2219,5.0956,-0.3083,0.9128,0.08016,1.03696,0.03311,-0.40,-1.59,-49.97,51.3,101.60,652.04,251.11,SPIRAL
18.2320,5.3756,-0.0283,0.5528,0.07916,1.02496,0.03411,-0.40,4.73,-49.77,51.3,101.57,652.04,251.11,SPIRAL
18.2421,5.1756,0.1716,0.3528,0.06016,1.02496,0.03811,-0.40,10.99,-48.77,51.3,101.54,652.03,251.10,SPIRAL
18.2522,5.0656,0.1316,0.5528,0.03616,1.01796,0.03311,-0.40,17.08,-46.99,51.3,101.52,652.03,251.10,SPIRAL
18.2623,5.4356,0.2516,0.5328,0.05716,1.02496,0.03611,-0.40,22.91,-44.44,51.3,101.48,652.02,251.09,SPIRAL
18.2724,5.2056,0.1616,0.2928,0.06816,1.03596,0.03911,-0.40,28.37,-41.17,51.3,101.45,652.00,251.09,SPIRAL
18.2826,5.2956,0.1216,0.7628,0.06816,1.04296,0.03611,-0.40,33.37,-37.23,51.3,101.43,651.99,251.08,SPIRAL
18.2927,5.3656,0.0016,0.5228,0.04716,1.02996,0.03011,-0.40,37.83,-32.70,51.3,101.41,651.96,251.08,SPIRAL
18.3028,5.3256,0.3416,0.3928,0.02816,1.02596,0.03411,-0.40,41.67,-27.64,51.3,101.39,651.94,251.07,SPIRAL
18.3130,5.1756,0.0216,0.8828,0.03716,1.04996,0.03211,-0.40,44.85,-22.10,51.3,101.38,651.92,251.07,SPIRAL
18.3231,5.2556,0.2416,0.5928,0.02116,1.04696,0.03111,-0.40,47.29,-16.24,51.3,101.37,651.90,251.06,SPIRAL
18.3332,5.2256,0.2116,0.8028,0.01516,1.04596,0.03311,-0.40,48.96,-10.11,51.3,101.36,651.86,251.06,SPIRAL
18.3433,5.3256,0.0816,0.7628,0.03616,1.04896,0.02911,-0.40,49.85,-3.84,51.3,101.35,651.84,251.05,SPIRAL
18.3534,5.4056,0.3316,0.5228,0.02216,1.04596,0.03011,-0.40,49.94,2.51,51.3,101.35,651.81,251.05,SPIRAL
18.3635,5.3056,0.3416,0.5528,0.01316,1.04896,0.02811,-0.40,49.21,8.82,51.3,101.35,651.78,251.04,SPIRAL
18.3736,5.4356,0.5116,0.7128,0.01016,1.04496,0.03411,-0.40,47.70,14.98,51.3,101.36,651.75,251.04,SPIRAL
18.3838,5.5356,0.7516,0.6528,0.01116,1.05096,0.03111,-0.39,44.64,22.52,51.3,101.37,651.73,251.03,SPIRAL
18.3939,5.4156,0.5416,1.1628,0.00716,1.06796,0.03611,-0.40,42.39,26.52,51.3,101.38,651.70,251.03,SPIRAL
18.4040,5.4856,0.2516,1.3928,-0.00383,1.06896,0.03111,-0.39,37.65,32.90,51.3,101.40,651.68,251.02,SPIRAL
18.4141,5.3656,0.8016,0.6328,-0.04083,1.04396,0.03511,-0.40,34.36,36.32,51.3,101.42,651.66,251.02,SPIRAL
18.4243,5.2356,0.5616,0.6528,-0.03183,1.05996,0.03111,-0.38,28.47,41.10,51.4,101.45,651.64,251.01,SPIRAL
18.4344,5.3956,0.5116,1.1828,-0.02683,1.06296,0.03311,-0.38,23.16,44.31,51.4,101.47,651.63,251.01,SPIRAL
18.4446,5.5956,0.8016,0.6528,-0.00483,1.06196,0.03111,-0.38,17.63,46.79,51.4,101.50,651.62,251.01,SPIRAL
18.4547,5.1156,0.6216,1.0428,-0.00983,1.07296,0.03311,-0.40,12.27,48.47,51.4,101.52,651.61,251.00,SPIRAL
18.4649,5.5356,0.3716,0.7928,-0.02383,1.05096,0.03111,-0.40,6.00,49.64,51.4,101.55,651.61,251.00,SPIRAL
18.4750,5.3256,0.7316,0.8028,-0.02483,1.05196,0.03211,-0.40,-0.34,50.00,51.4,101.58,651.61,250.99,SPIRAL
18.4850,5.2656,0.5716,0.7928,-0.02283,1.04996,0.03411,-0.38,-6.40,49.59,51.4,101.61,651.61,250.99,SPIRAL
18.4952,5.3056,0.6116,0.8728,-0.02183,1.04096,0.03811,-0.38,-12.36,48.45,51.4,101.63,651.62,250.99,SPIRAL
18.5053,5.2856,0.3316,1.6228,-0.02483,1.04996,0.03411,-0.38,-17.90,46.68,51.4,101.67,651.63,250.98,SPIRAL
18.5154,5.3556,0.4916,1.0428,-0.02483,1.04096,0.03311,-0.40,-24.61,43.52,51.4,101.69,651.64,250.98,SPIRAL
18.5255,5.3156,0.6116,0.9928,-0.03283,1.04296,0.03411,-0.38,-28.97,40.75,51.4,101.71,651.66,250.98,SPIRAL
18.5356,5.2556,0.5916,1.2028,-0.02683,1.04696,0.03211,-0.41,-33.66,36.97,51.4,101.73,651.68,250.97,SPIRAL
18.5457,5.4156,0.2116,1.1828,-0.01783,1.04496,0.03011,-0.39,-38.06,32.42,51.4,101.75,651.71,250.97,SPIRAL
18.5558,5.3456,0.5316,0.9328,-0.01183,1.03196,0.03411,-0.39,-41.74,27.53,51.4,101.77,651.73,250.97,SPIRAL
18.5659,5.2756,0.3516,0.8728,-0.01283,1.03796,0.03311,-0.40,-45.64,20.42,51.4,101.78,651.76,250.96,SPIRAL
18.5760,5.3056,-0.0483,1.0428,-0.00383,1.02596,0.03411,-0.40,-47.86,14.48,51.4,101.79,651.78,250.96,SPIRAL
18.5862,5.3656,0.2316,1.0228,0.01916,1.03596,0.03611,-0.39,-48.82,10.78,51.4,101.80,651.82,250.96,SPIRAL
18.5963,5.2556,0.1216,1.1028,0.00816,1.02096,0.03511,-0.40,-49.96,1.98,51.4,101.80,651.85,250.96,SPIRAL
18.6064,5.2056,0.0216,0.8128,0.00916,1.02196,0.03711,-0.40,-49.81,-4.36,51.4,101.80,651.88,250.95,SPIRAL
18.6165,5.1456,0.1416,0.7528,0.01616,1.02796,0.03311,-0.40,-48.86,-10.63,51.4,101.79,651.92,250.95,SPIRAL
18.6266,5.1756,-0.1283,0.8328,0.02416,1.01896,0.03611,-0.40,-47.11,-16.75,51.4,101.79,651.94,250.95,SPIRAL
18.6367,5.2356,-0.0583,0.7928,0.04716,1.02096,0.03311,-0.40,-44.60,-22.59,51.4,101.77,651.98,250.94,SPIRAL
18.6469,5.4556,0.0316,0.2428,0.05916,1.00496,0.03611,-0.40,-41.37,-28.08,51.4,101.76,652.00,250.94,SPIRAL
18.6570,5.4256,0.1516,0.4828,0.06716,1.01996,0.03911,-0.40,-37.49,-33.09,51.4,101.73,652.03,250.94,SPIRAL
18.6671,5.3056,-0.2383,0.7628,0.07216,1.03496,0.03011,-0.40,-32.97,-37.59,51.4,101.72,652.05,250.93,SPIRAL
18.6772,5.2256,-0.1583,0.6628,0.05616,1.02396,0.03211,-0.40,-27.94,-41.46,51.4,101.69,652.07,250.93,SPIRAL
18.6873,5.1256,0.0016,0.7228,0.06516,1.02596,0.03611,-0.40,-22.46,-44.67,51.4,101.67,652.09,250.93,SPIRAL
18.6974,5.2056,-0.0883,0.5728,0.07216,1.04096,0.03311,-0.40,-16.64,-47.15,51.5,101.64,652.10,250.92,SPIRAL
18.7075,5.4656,-0.2183,0.7528,0.08316,1.04896,0.03611,-0.40,-10.54,-48.88,51.5,101.61,652.11,250.92,SPIRAL
18.7176,5.4656,0.3716,0.2928,0.07616,1.04396,0.03511,-0.40,-4.26,-49.82,51.5,101.58,652.12,250.92,SPIRAL
18.7278,5.2956,0.2116,0.4628,0.07316,1.05396,0.03511,-0.40,2.10,-49.95,51.5,101.56,652.12,250.91,SPIRAL
18.7379,5.2756,0.2516,0.5628,0.05416,1.05596,0.03311,-0.42,8.78,-49.22,51.5,101.52,652.12,250.91,SPIRAL
18.7480,5.4656,0.2016,0.3128,0.06416,1.04496,0.03611,-0.40,14.58,-47.83,51.5,101.49,652.11,250.90,SPIRAL
18.7581,5.3756,0.2416,0.2028,0.06516,1.05296,0.04011,-0.40,20.53,-45.59,51.5,101.46,652.11,250.90,SPIRAL
18.7682,5.2356,0.0716,0.8728,0.06516,1.06696,0.03411,-0.40,26.16,-42.61,51.5,101.43,652.09,250.89,SPIRAL
18.7784,5.3156,0.2016,0.8128,0.05616,1.06796,0.03711,-0.40,31.36,-38.94,51.5,101.41,652.08,250.89,SPIRAL
18.7885,5.4356,0.0916,0.5228,0.06516,1.05896,0.03111,-0.40,36.04,-34.65,51.5,101.39,652.06,250.88,SPIRAL
18.7986,5.3356,-0.0883,0.8228,0.06016,1.08396,0.03411,-0.41,41.28,-28.21,51.5,101.37,652.04,250.88,SPIRAL
18.8087,5.4456,0.3616,0.7628,0.05216,1.07696,0.03211,-0.40,43.61,-24.46,51.5,101.36,652.01,250.87,SPIRAL
18.8189,5.6656,0.3116,0.7428,0.04616,1.07596,0.03311,-0.40,46.36,-18.72,51.5,101.35,651.99,250.87,SPIRAL
18.8290,5.5056,0.1316,0.5228,0.02316,1.06096,0.03311,-0.40,48.36,-12.69,51.5,101.34,651.96,250.86,SPIRAL
18.8391,5.5856,-0.0083,0.6628,0.03316,1.07196,0.02811,-0.40,49.58,-6.47,51.5,101.33,651.94,250.86,SPIRAL
18.8492,5.6156,0.2316,0.8528,0.02716,1.08096,0.02911,-0.40,50.00,-0.13,51.5,101.33,651.91,250.85,SPIRAL
18.8593,5.4656,0.1216,0.8528,0.02316,1.07596,0.03011,-0.40,49.32,8.21,51.5,101.33,651.89,250.85,SPIRAL
18.8694,5.6956,0.2416,1.1428,0.02716,1.07896,0.02911,-0.40,48.43,12.44,51.5,101.34,651.85,250.84,SPIRAL
18.8795,5.3756,0.1616,0.8128,0.01216,1.07796,0.03211,-0.40,46.46,18.47,51.5,101.34,651.83,250.84,SPIRAL
18.8897,5.5556,0.2216,1.3328,0.01116,1.08496,0.03311,-0.40,43.74,24.22,51.5,101.36,651.80,250.83,SPIRAL
18.8998,5.5756,0.4116,1.0828,0.00216,1.08896,0.03111,-0.40,40.32,29.57,51.5,101.37,651.78,250.83,SPIRAL
18.9099,5.6556,0.4016,1.1028,-0.00683,1.09096,0.03011,-0.40,36.25,34.44,51.5,101.39,651.76,250.82,SPIRAL
18.9200,5.7256,0.1616,1.6028,0.00016,1.09896,0.02611,-0.39,30.58,39.55,51.6,101.41,651.74,250.82,SPIRAL
18.9301,5.4556,0.9116,0.9028,-0.03683,1.07796,0.03311,-0.40,26.44,42.43,51.6,101.44,651.73,250.82,SPIRAL
18.9402,5.5256,0.5316,0.8528,-0.03183,1.07896,0.03211,-0.40,20.86,45.44,51.6,101.46,651.72,250.81,SPIRAL
18.9506,5.4856,0.3916,1.1228,-0.02383,1.08796,0.03111,-0.40,14.72,47.78,51.6,101.49,651.71,250.81,SPIRAL
18.9608,5.4656,0.6916,0.8528,-0.00783,1.08496,0.03211,-0.40,8.54,49.26,51.6,101.52,651.70,250.80,SPIRAL
18.9709,5.6956,0.5916,0.8728,-0.01783,1.08496,0.02811,-0.40,4.89,49.76,51.6,101.55,651.70,250.80,SPIRAL
18.9810,5.5056,0.2316,1.0228,-0.01383,1.08196,0.03111,-0.40,-4.11,49.83,51.6,101.58,651.71,250.80,SPIRAL
18.9911,5.1556,0.6616,1.1028,-0.04083,1.08196,0.03311,-0.38,-9.89,49.01,51.6,101.60,651.71,250.79,SPIRAL
19.0012,5.5556,0.5216,1.1528,-0.03783,1.06496,0.03211,-0.38,-15.89,47.41,51.6,101.64,651.72,250.79,SPIRAL
19.0113,5.3756,0.8016,0.6928,-0.02183,1.08196,0.03511,-0.38,-21.58,45.10,51.6,101.66,651.73,250.79,SPIRAL
19.0214,5.5656,0.5216,1.1528,-0.03283,1.08196,0.02711,-0.38,-26.94,42.12,51.6,101.69,651.75,250.78,SPIRAL
19.0315,5.4256,0.2816,1.0628,-0.02783,1.08096,0.02811,-0.40,-32.88,37.66,51.6,101.71,651.77,250.78,SPIRAL
19.0417,5.5156,0.5816,0.8428,-0.02383,1.08596,0.02911,-0.40,-37.39,33.19,51.6,101.73,651.80,250.78,SPIRAL
19.0518,5.7256,0.6616,0.8428,-0.01883,1.06996,0.03211,-0.40,-41.30,28.18,51.6,101.75,651.82,250.77,SPIRAL
19.0619,5.4756,0.5916,0.7828,-0.01383,1.07396,0.03011,-0.40,-44.54,22.71,51.6,101.76,651.85,250.77,SPIRAL
19.0720,5.5056,0.5916,0.6328,-0.01483,1.06196,0.03711,-0.40,-47.06,16.89,51.6,101.77,651.87,250.77,SPIRAL
19.0821,5.6856,0.2116,0.9528,0.01716,1.06996,0.03211,-0.40,-48.82,10.79,51.6,101.78,651.91,250.76,SPIRAL
19.0922,5.3056,0.6616,0.6828,-0.00283,1.07296,0.03111,-0.40,-49.80,4.50,51.6,101.79,651.94,250.76,SPIRAL
19.1024,5.6656,0.1616,0.7528,0.01416,1.06696,0.03011,-0.40,-49.96,-1.86,51.6,101.79,651.97,250.76,SPIRAL
19.1125,5.3356,0.1916,0.5828,0.00316,1.05896,0.03011,-0.40,-49.33,-8.18,51.6,101.78,652.01,250.75,SPIRAL
19.1226,5.7156,0.2516,0.7228,0.04516,1.07396,0.02811,-0.40,-47.89,-14.36,51.6,101.78,652.03,250.75,SPIRAL
19.1327,5.5656,0.5316,0.1728,0.03116,1.04596,0.03011,-0.40,-45.69,-20.31,51.6,101.76,652.07,250.75,SPIRAL
19.1428,5.3256,0.4216,0.5428,0.05216,1.07696,0.03211,-0.40,-42.76,-25.91,51.6,101.75,652.09,250.75,SPIRAL
19.1529,5.4656,-0.1783,0.7128,0.05116,1.06296,0.03011,-0.40,-39.13,-31.12,51.6,101.73,652.12,250.74,SPIRAL
19.1630,5.7356,-0.1283,0.6728,0.08016,1.07196,0.03311,-0.40,-34.89,-35.81,51.6,101.72,652.14,250.74,SPIRAL
19.1730,5.5456,0.1916,0.4228,0.06116,1.06096,0.03311,-0.40,-30.08,-39.94,51.6,101.69,652.16,250.74,SPIRAL
19.1832,5.5556,0.0716,0.7228,0.06216,1.06796,0.03411,-0.40,-24.78,-43.42,51.6,101.67,652.18,250.73,SPIRAL
19.1933,5.7256,0.0516,0.6428,0.08716,1.07796,0.03111,-0.40,-19.07,-46.22,51.7,101.64,652.19,250.73,SPIRAL
19.2034,5.5656,0.4216,0.2028,0.05816,1.05696,0.03811,-0.40,-13.05,-48.26,51.7,101.62,652.20,250.73,SPIRAL
19.2135,5.5856,0.2316,0.0628,0.07916,1.08296,0.03611,-0.40,-6.84,-49.53,51.7,101.58,652.21,250.72,SPIRAL
19.2236,5.4356,0.2116,0.4828,0.05816,1.08896,0.03611,-0.40,-0.51,-50.00,51.7,101.56,652.22,250.72,SPIRAL
19.2337,5.8256,-0.1283,0.7228,0.08116,1.09796,0.03311,-0.40,5.83,-49.66,51.7,101.52,652.22,250.71,SPIRAL
19.2438,5.6156,0.0116,0.6228,0.07316,1.09796,0.03211,-0.40,12.06,-48.52,51.7,101.50,652.21,250.71,SPIRAL
19.2539,5.8356,0.1816,0.6428,0.08916,1.10396,0.03311,-0.40,18.11,-46.60,51.7,101.47,652.21,250.70,SPIRAL
19.2640,5.7156,0.2216,0.7528,0.06916,1.10196,0.03611,-0.40,23.87,-43.93,51.7,101.44,652.20,250.70,SPIRAL
19.2741,5.6156,0.2316,0.5328,0.06616,1.11096,0.03511,-0.40,29.25,-40.55,51.7,101.42,652.18,250.70,SPIRAL
19.2843,5.5056,0.3516,0.3928,0.05116,1.09896,0.03511,-0.40,34.15,-36.52,51.7,101.40,652.17,250.69,SPIRAL
19.2944,5.6656,0.1416,0.5628,0.05516,1.10996,0.03211,-0.40,38.51,-31.89,51.7,101.37,652.15,250.69,SPIRAL
19.3045,5.7956,0.1316,0.5928,0.04516,1.10496,0.03011,-0.40,42.24,-26.76,51.7,101.35,652.12,250.68,SPIRAL
19.3146,5.8356,0.0816,0.5728,0.05816,1.10996,0.03111,-0.40,45.29,-21.19,51.7,101.34,652.10,250.68,SPIRAL
19.3247,5.7456,0.3816,0.4728,0.04116,1.10896,0.02911,-0.40,47.61,-15.28,51.7,101.33,652.07,250.67,SPIRAL
19.3349,5.6856,0.2916,0.6828,0.04516,1.12896,0.03011,-0.40,49.16,-9.10,51.7,101.33,652.05,250.67,SPIRAL
19.3450,5.6856,0.3016,0.5928,0.04616,1.12096,0.03111,-0.40,49.92,-2.79,51.7,101.32,652.01,250.66,SPIRAL
19.3551,5.8356,0.0016,0.9328,0.04516,1.12596,0.02811,-0.40,49.87,3.57,51.7,101.32,651.99,250.66,SPIRAL
19.3653,5.6856,0.1916,0.8928,0.00516,1.11896,0.02811,-0.40,49.01,9.88,51.7,101.33,651.96,250.65,SPIRAL
19.3753,5.9756,0.1816,0.9128,0.03416,1.12596,0.02811,-0.40,47.37,15.99,51.7,101.33,651.94,250.65,SPIRAL
19.3855,5.7656,0.6016,0.8328,0.02116,1.13796,0.03111,-0.40,44.96,21.87,51.7,101.35,651.91,250.64,SPIRAL
19.3956,5.7056,0.5216,0.8528,-0.00483,1.12596,0.03211,-0.40,41.82,27.41,51.7,101.36,651.89,250.64,SPIRAL
19.4057,5.9156,0.7416,0.6728,-0.00283,1.12196,0.03411,-0.40,38.01,32.48,51.7,101.38,651.86,250.63,SPIRAL
19.4158,5.8656,0.6016,0.9628,-0.01383,1.12096,0.03011,-0.40,33.60,37.03,51.7,101.40,651.85,250.63,SPIRAL
19.4259,5.8256,0.4916,1.1728,-0.01683,1.13296,0.03011,-0.40,28.61,41.00,51.8,101.42,651.83,250.62,SPIRAL
19.4361,5.6556,1.1116,0.9828,-0.04383,1.12596,0.03111,-0.38,22.03,44.88,51.8,101.44,651.81,250.62,SPIRAL
19.4462,5.6756,0.3116,1.5728,-0.00883,1.15896,0.02711,-0.38,16.53,47.19,51.8,101.47,651.80,250.61,SPIRAL
19.4563,5.8056,0.6316,0.8328,-0.02483,1.13196,0.03211,-0.38,10.74,48.83,51.8,101.50,651.80,250.61,SPIRAL
19.4664,5.7156,0.4216,1.1728,-0.02683,1.13696,0.03111,-0.38,4.78,49.77,51.8,101.53,651.79,250.61,SPIRAL
19.4765,5.7356,0.6116,1.0628,-0.04083,1.10596,0.03011,-0.38,-1.26,49.98,51.8,101.56,651.79,250.60,SPIRAL
19.4866,5.9156,0.4816,1.2628,-0.01283,1.12596,0.03011,-0.37,-7.18,49.48,51.8,101.59,651.80,250.60,SPIRAL
19.4967,5.8256,0.3816,1.0328,-0.02383,1.11596,0.03211,-0.40,-13.84,48.05,51.8,101.62,651.81,250.59,SPIRAL
19.5068,5.9356,0.7916,0.9028,-0.02883,1.10896,0.03211,-0.38,-18.93,46.28,51.8,101.64,651.82,250.59,SPIRAL
19.5170,5.5556,0.7616,0.9628,-0.03983,1.10696,0.03411,-0.40,-25.48,43.02,51.8,101.67,651.84,250.59,SPIRAL
19.5271,5.7556,0.8216,0.8228,-0.02683,1.10196,0.03211,-0.38,-29.64,40.27,51.8,101.69,651.85,250.58,SPIRAL
19.5372,5.8356,0.3616,1.1028,-0.02483,1.10996,0.02611,-0.40,-35.47,35.24,51.8,101.72,651.88,250.58,SPIRAL
19.5473,5.7656,0.4816,1.0728,-0.02483,1.11896,0.03011,-0.38,-38.20,32.26,51.8,101.73,651.90,250.58,SPIRAL
19.5574,5.6256,0.3916,1.0028,-0.02183,1.10396,0.03211,-0.39,-42.16,26.88,51.8,101.75,651.93,250.57,SPIRAL
19.5675,5.5256,1.0016,1.0628,-0.02283,1.11496,0.03711,-0.40,-46.02,19.54,51.8,101.76,651.95,250.57,SPIRAL
19.5776,5.6956,0.4016,0.8628,-0.01683,1.09296,0.03511,-0.39,-47.31,16.17,51.8,101.77,651.99,250.57,SPIRAL
19.5877,5.8356,0.2816,0.9828,0.00416,1.10096,0.03211,-0.39,-48.94,10.25,51.8,101.78,652.01,250.57,SPIRAL
19.5978,5.7156,0.6816,0.7028,0.00116,1.09796,0.03211,-0.40,-49.99,1.01,51.8,101.78,652.05,250.56,SPIRAL
19.6079,5.4256,0.2216,0.7928,-0.00483,1.09996,0.03411,-0.40,-49.89,-3.27,51.8,101.78,652.07,250.56,SPIRAL
19.6181,5.6556,0.1916,0.9528,0.02916,1.09896,0.03211,-0.40,-48.63,-11.60,51.8,101.77,652.11,250.56,SPIRAL
19.6282,5.5056,0.3116,0.6128,0.01616,1.08796,0.03411,-0.40,-46.77,-17.67,51.8,101.77,652.13,250.56,SPIRAL
19.6383,5.5056,-0.0083,0.7028,0.02516,1.08996,0.03011,-0.40,-44.16,-23.45,51.8,101.75,652.17,250.55,SPIRAL
19.6484,5.5956,0.7816,0.1628,0.02416,1.07096,0.03311,-0.40,-40.82,-28.87,51.8,101.73,652.20,250.55,SPIRAL
19.6585,5.4356,0.3816,0.3628,0.04116,1.09196,0.03511,-0.40,-36.82,-33.82,51.8,101.72,652.22,250.55,SPIRAL
19.6686,5.5156,0.0916,0.3628,0.05516,1.09796,0.03311,-0.40,-32.24,-38.21,51.8,101.69,652.25,250.54,SPIRAL
19.6787,5.6356,0.1416,0.4928,0.06416,1.10896,0.03211,-0.40,-27.15,-41.98,51.8,101.67,652.26,250.54,SPIRAL
19.6889,5.6956,-0.1283,0.8528,0.05016,1.10496,0.03311,-0.40,-21.61,-45.09,51.8,101.64,652.28,250.54,SPIRAL
19.6990,5.7156,0.2616,0.3628,0.06616,1.11296,0.03511,-0.40,-15.73,-47.46,51.9,101.62,652.29,250.53,SPIRAL
19.7091,5.5256,0.0016,0.6528,0.05416,1.12096,0.03111,-0.40,-9.59,-49.07,51.9,101.58,652.30,250.53,SPIRAL
19.7192,5.7756,0.2916,0.5028,0.06516,1.11596,0.03411,-0.40,-3.31,-49.89,51.9,101.56,652.31,250.52,SPIRAL
19.7293,5.7056,0.1916,0.8528,0.06216,1.12296,0.03211,-0.40,3.04,-49.91,51.9,101.52,652.31,250.52,SPIRAL
19.7394,5.6056,-0.0183,0.6828,0.06516,1.13096,0.03111,-0.42,9.76,-49.04,51.9,101.50,652.31,250.52,SPIRAL
19.7495,5.7756,0.1216,0.7128,0.08216,1.13396,0.03411,-0.40,15.50,-47.54,51.9,101.47,652.31,250.51,SPIRAL
19.7596,5.8956,-0.2883,0.7528,0.07816,1.12796,0.03211,-0.40,21.41,-45.18,51.9,101.45,652.30,250.51,SPIRAL
19.7697,5.9056,0.2716,0.4328,0.07516,1.12696,0.03511,-0.40,26.96,-42.10,51.9,101.41,652.28,250.50,SPIRAL
19.7799,5.8156,0.0916,0.9228,0.07916,1.14196,0.03311,-0.40,32.08,-38.35,51.9,101.39,652.27,250.50,SPIRAL
19.7900,5.8356,0.0316,0.6228,0.06316,1.13896,0.02911,-0.40,36.68,-33.98,51.9,101.37,652.25,250.49,SPIRAL
19.8001,5.8556,0.3516,0.5928,0.06716,1.14596,0.03111,-0.40,40.70,-29.05,51.9,101.35,652.24,250.49,SPIRAL
19.8102,5.8056,0.0716,0.6828,0.04116,1.13996,0.02711,-0.40,44.05,-23.65,51.9,101.33,652.21,250.48,SPIRAL
19.8203,5.8856,0.4016,0.2928,0.03516,1.12696,0.03011,-0.40,47.36,-16.04,51.9,101.33,652.19,250.48,SPIRAL
19.8304,5.8956,0.2916,0.5828,0.03616,1.14096,0.02911,-0.40,48.58,-11.81,51.9,101.31,652.16,250.47,SPIRAL
19.8405,5.9456,0.1516,0.7628,0.04716,1.15896,0.02711,-0.40,49.69,-5.57,51.9,101.31,652.13,250.47,SPIRAL
19.8507,5.7656,-0.0583,0.7928,0.02916,1.15396,0.02611,-0.40,49.99,0.78,51.9,101.31,652.10,250.46,SPIRAL
19.8609,5.8256,-0.0383,0.9628,0.02416,1.14496,0.02311,-0.40,49.48,7.16,51.9,101.31,652.07,250.46,SPIRAL
19.8710,5.8556,0.5016,0.7028,0.02316,1.14696,0.03111,-0.39,47.62,15.23,51.9,101.32,652.05,250.45,SPIRAL
19.8811,5.9156,0.5416,0.6428,0.02016,1.14196,0.03111,-0.40,46.09,19.38,51.9,101.33,652.02,250.45,SPIRAL
19.8912,5.8356,0.7416,0.6128,-0.00183,1.14196,0.03211,-0.40,43.25,25.08,51.9,101.34,652.00,250.44,SPIRAL
19.9013,5.9256,0.3816,1.0728,0.00316,1.15996,0.02411,-0.39,38.57,31.82,51.9,101.36,651.98,250.44,SPIRAL
19.9114,5.9156,0.6916,0.8228,-0.02083,1.14896,0.03211,-0.40,35.57,35.13,51.9,101.37,651.96,250.43,SPIRAL
19.9215,5.9256,0.3616,1.3028,-0.03783,1.15496,0.02711,-0.38,29.79,40.16,51.9,101.40,651.94,250.43,SPIRAL
19.9316,5.7056,0.4716,1.2928,-0.03783,1.16896,0.02511,-0.40,25.60,42.94,52.0,101.42,651.93,250.43,SPIRAL
19.9417,5.9256,0.7916,0.4228,-0.01683,1.15296,0.02711,-0.38,19.10,46.21,52.0,101.45,651.91,250.42,SPIRAL
19.9518,5.9456,0.8616,0.8028,-0.03283,1.14896,0.03111,-0.38,13.35,48.18,52.0,101.47,651.91,250.42,SPIRAL
19.9620,5.8856,0.7816,0.8228,-0.02583,1.15696,0.02811,-0.40,7.80,49.39,52.0,101.50,651.90,250.41,SPIRAL
19.9721,5.9056,0.7616,1.0528,-0.03783,1.14496,0.02811,-0.38,1.42,49.98,52.0,101.52,651.90,250.41,SPIRAL
19.9822,5.8956,0.5516,1.0428,-0.04283,1.14296,0.02811,-0.40,-4.86,49.76,52.0,101.56,651.91,250.40,SPIRAL
19.9923,5.8556,0.4616,1.3428,-0.02883,1.15296,0.03411,-0.38,-10.59,48.87,52.0,101.58,651.91,250.40,SPIRAL
20.0024,5.8656,0.4516,1.1528,-0.02583,1.14596,0.02911,-0.40,-17.24,46.93,52.0,101.61,651.92,250.40,SPIRAL
20.0126,5.8556,0.7416,0.8428,-0.02783,1.14096,0.03111,-0.38,-22.21,44.80,52.0,101.64,651.94,250.39,SPIRAL
20.0227,5.7756,0.6516,0.9728,-0.04583,1.13996,0.03111,-0.40,-28.49,41.09,52.0,101.66,651.96,250.39,SPIRAL
20.0328,5.5856,0.2016,1.3428,-0.05683,1.13696,0.03011,-0.40,-33.47,37.15,52.0,101.69,651.98,250.39,SPIRAL
20.0429,5.7256,0.5416,1.1728,-0.02083,1.15396,0.02811,-0.38,-36.57,34.09,52.0,101.70,652.00,250.39,SPIRAL
20.0530,5.6356,0.6016,0.8228,-0.04283,1.13896,0.03011,-0.39,-40.74,28.99,52.0,101.72,652.03,250.38,SPIRAL
20.0631,5.8256,0.2416,1.0628,-0.02783,1.12396,0.03011,-0.39,-43.97,23.79,52.0,101.73,652.05,250.38,SPIRAL
20.0732,5.9556,0.1216,1.3528,0.00516,1.14896,0.02611,-0.40,-47.31,16.16,52.0,101.75,652.09,250.38,SPIRAL
20.0833,6.0556,0.5616,0.5528,-0.00883,1.11096,0.03211,-0.40,-48.98,10.04,52.0,101.75,652.11,250.37,SPIRAL
20.0935,5.9656,0.5216,0.9328,-0.00883,1.11996,0.03211,-0.40,-49.65,5.90,52.0,101.75,652.15,250.37,SPIRAL
20.1036,5.7956,0.5416,0.4428,-0.00183,1.11596,0.03111,-0.40,-49.93,-2.62,52.0,101.75,652.18,250.37,SPIRAL
20.1137,5.9156,0.3116,0.5128,0.02616,1.11996,0.03011,-0.40,-49.54,-6.77,52.0,101.75,652.22,250.36,SPIRAL
20.1238,5.9156,0.3316,0.4728,0.03716,1.12196,0.03211,-0.40,-47.67,-15.07,52.0,101.74,652.24,250.36,SPIRAL
20.1339,5.5456,0.3216,0.3628,0.02216,1.12296,0.03111,-0.40,-45.37,-21.01,52.0,101.73,652.28,250.36,SPIRAL
20.1441,5.8156,0.1916,0.3028,0.04816,1.11796,0.03211,-0.40,-42.33,-26.60,52.0,101.72,652.30,250.36,SPIRAL
20.1542,5.7856,-0.0683,0.8828,0.04516,1.12496,0.03211,-0.40,-38.61,-31.76,52.0,101.70,652.33,250.35,SPIRAL
20.1643,5.5956,0.4516,0.3028,0.03416,1.12396,0.03311,-0.40,-34.27,-36.40,52.0,101.68,652.35,250.35,SPIRAL
20.1745,5.7256,0.4216,0.2728,0.04216,1.12496,0.03311,-0.40,-29.37,-40.46,52.0,101.65,652.38,250.35,SPIRAL
20.1846,5.8456,0.1116,0.5428,0.06016,1.13496,0.03011,-0.40,-24.01,-43.85,52.0,101.63,652.40,250.34,SPIRAL
20.1947,5.8956,0.0016,0.7028,0.06216,1.13896,0.02911,-0.40,-18.25,-46.55,52.0,101.60,652.41,250.34,SPIRAL
20.2048,5.8556,0.0416,0.6628,0.06016,1.14096,0.03011,-0.40,-12.22,-48.48,52.1,101.57,652.43,250.34,SPIRAL
20.2149,5.8856,0.0716,0.6628,0.05616,1.13796,0.03211,-0.40,-5.98,-49.64,52.1,101.54,652.43,250.33,SPIRAL
20.2250,5.8356,0.5116,0.4228,0.06416,1.14696,0.03311,-0.40,0.34,-50.00,52.1,101.51,652.44,250.33,SPIRAL
20.2351,5.9556,-0.0283,0.6628,0.06316,1.15796,0.02911,-0.40,6.68,-49.55,52.1,101.48,652.44,250.32,SPIRAL
20.2452,5.8856,0.1616,0.6328,0.06016,1.15296,0.02911,-0.40,12.90,-48.30,52.1,101.45,652.44,250.32,SPIRAL
20.2553,5.9356,0.1116,0.9028,0.04816,1.15896,0.02911,-0.40,18.93,-46.28,52.1,101.43,652.43,250.32,SPIRAL
20.2655,5.9456,0.1916,0.7428,0.07316,1.16696,0.03011,-0.40,24.69,-43.48,52.1,101.39,652.42,250.31,SPIRAL
20.2756,5.8656,0.3316,0.7428,0.06516,1.16396,0.03211,-0.40,30.00,-40.00,52.1,101.37,652.41,250.31,SPIRAL
20.2858,6.2856,0.1516,0.8028,0.06816,1.15696,0.03011,-0.40,34.83,-35.87,52.1,101.35,652.39,250.30,SPIRAL
20.2959,5.9456,0.3416,0.5028,0.03716,1.16096,0.03011,-0.41,40.12,-29.84,52.1,101.33,652.37,250.30,SPIRAL
20.3060,6.1056,0.2116,0.2528,0.04416,1.16196,0.02811,-0.40,42.72,-25.97,52.1,101.31,652.35,250.29,SPIRAL
20.3161,6.1556,0.4516,0.3528,0.04616,1.17896,0.02811,-0.40,45.67,-20.35,52.1,101.30,652.33,250.29,SPIRAL
20.3262,5.9956,0.2816,0.4828,0.04916,1.18396,0.03011,-0.40,47.89,-14.38,52.1,101.28,652.30,250.28,SPIRAL
20.3363,5.9856,0.4516,0.7028,0.04116,1.17996,0.03011,-0.40,49.62,-6.14,52.1,101.28,652.28,250.28,SPIRAL
20.3464,6.0656,0.1216,0.8528,0.02916,1.17896,0.02711,-0.40,49.96,-1.89,52.1,101.28,652.25,250.27,SPIRAL
20.3565,6.0656,0.1916,1.0028,0.02116,1.18096,0.02511,-0.40,49.80,4.47,52.1,101.28,652.22,250.27,SPIRAL
20.3667,6.1156,0.1016,1.0328,0.01216,1.17796,0.02511,-0.39,48.34,12.78,52.1,101.28,652.20,250.26,SPIRAL
20.3768,6.2256,0.3816,1.0428,-0.00283,1.16396,0.02711,-0.40,47.08,16.84,52.1,101.29,652.17,250.26,SPIRAL
20.3869,6.1056,0.3116,0.8328,-0.00083,1.17696,0.02711,-0.39,43.43,24.78,52.1,101.30,652.15,250.25,SPIRAL
20.3970,6.1156,0.7516,0.9528,-0.01183,1.17696,0.03111,-0.40,41.32,28.16,52.1,101.32,652.12,250.25,SPIRAL
20.4071,5.9256,0.7516,1.0828,-0.03183,1.18996,0.02811,-0.40,37.41,33.17,52.1,101.33,652.11,250.24,SPIRAL
20.4173,6.2656,0.6116,0.9628,-0.01683,1.18496,0.02711,-0.38,31.57,38.77,52.1,101.36,652.09,250.24,SPIRAL
20.4274,6.1856,0.6816,1.0428,-0.03183,1.19096,0.02811,-0.38,26.72,42.26,52.1,101.37,652.07,250.23,SPIRAL
20.4375,6.3256,0.4516,1.3428,-0.01983,1.19096,0.02511,-0.38,21.47,45.15,52.2,101.40,652.06,250.23,SPIRAL
20.4476,6.3456,0.8216,1.0528,-0.02483,1.18696,0.03111,-0.40,16.51,47.19,52.2,101.43,652.05,250.23,SPIRAL
20.4578,6.0256,0.5516,1.0828,-0.02283,1.20096,0.02811,-0.40,10.40,48.91,52.2,101.46,652.05,250.22,SPIRAL
20.4678,6.0956,0.9016,1.0828,-0.03183,1.19396,0.03011,-0.40,4.13,49.83,52.2,101.48,652.04,250.22,SPIRAL
20.4779,6.1756,0.5316,0.8228,-0.03583,1.17296,0.02811,-0.38,-2.13,49.95,52.2,101.51,652.05,250.21,SPIRAL
20.4881,6.1056,0.5616,1.0628,-0.03483,1.17896,0.02711,-0.38,-8.16,49.33,52.2,101.54,652.05,250.21,SPIRAL
20.4982,6.0656,0.3716,1.5528,-0.01783,1.19196,0.02911,-0.38,-14.07,47.98,52.2,101.57,652.06,250.21,SPIRAL
20.5083,6.2756,0.1016,1.2528,-0.02383,1.17696,0.02911,-0.38,-19.65,45.98,52.2,101.59,652.07,250.20,SPIRAL
20.5184,6.1056,0.3316,1.3628,-0.02583,1.17696,0.02911,-0.38,-25.37,43.08,52.2,101.62,652.09,250.20,SPIRAL
20.5286,5.9256,0.5216,1.3328,-0.02483,1.18196,0.02911,-0.40,-31.46,38.86,52.2,101.65,652.12,250.20,SPIRAL
20.5387,6.1256,0.2416,1.0528,-0.02783,1.16796,0.02711,-0.38,-34.93,35.77,52.2,101.66,652.14,250.19,SPIRAL
20.5488,5.8756,0.3616,1.1828,-0.02983,1.17296,0.03111,-0.39,-39.21,31.02,52.2,101.69,652.17,250.19,SPIRAL
20.5589,6.0756,0.5016,1.0828,-0.02083,1.16996,0.02711,-0.39,-42.41,26.48,52.2,101.70,652.19,250.19,SPIRAL
20.5690,5.8756,0.5816,1.1928,-0.02883,1.16896,0.02911,-0.39,-45.60,20.52,52.2,101.71,652.23,250.18,SPIRAL
20.5791,6.0256,0.1016,1.5928,-0.01683,1.16596,0.02911,-0.39,-47.81,14.65,52.2,101.72,652.25,250.18,SPIRAL
20.5892,5.9256,0.2216,1.1328,-0.00783,1.16896,0.02811,-0.40,-49.26,8.56,52.2,101.72,652.29,250.18,SPIRAL
20.5993,6.0556,0.4316,0.8128,0.01116,1.15296,0.03011,-0.40,-50.00,0.06,52.2,101.73,652.32,250.18,SPIRAL
20.6094,6.0056,0.2116,0.9928,0.02316,1.16696,0.03011,-0.40,-49.60,-6.28,52.2,101.72,652.36,250.17,SPIRAL
20.6196,6.0956,0.2116,0.6628,0.03916,1.15096,0.02911,-0.40,-48.41,-12.52,52.2,101.72,652.39,250.17,SPIRAL
20.6297,5.8656,0.1616,0.6928,0.03616,1.15596,0.03111,-0.40,-46.43,-18.56,52.2,101.71,652.42,250.17,SPIRAL
20.6398,5.9856,0.0916,0.5628,0.04316,1.15496,0.03011,-0.40,-43.70,-24.29,52.2,101.70,652.45,250.17,SPIRAL
20.6499,6.0756,0.2816,0.3828,0.05016,1.14796,0.03011,-0.40,-40.27,-29.64,52.2,101.68,652.48,250.16,SPIRAL
20.6600,5.9956,0.1716,0.8228,0.03916,1.15996,0.03211,-0.40,-36.19,-34.50,52.2,101.66,652.50,250.16,SPIRAL
20.6701,5.8356,0.2916,0.5228,0.05816,1.17496,0.03511,-0.40,-31.53,-38.81,52.2,101.64,652.53,250.16,SPIRAL
20.6802,6.0556,0.4916,0.2028,0.05816,1.16696,0.03811,-0.40,-26.35,-42.49,52.2,101.62,652.55,250.15,SPIRAL
20.6903,5.9256,0.1116,0.7328,0.04416,1.16296,0.03711,-0.40,-20.77,-45.48,52.2,101.59,652.57,250.15,SPIRAL
20.7004,6.2656,0.1716,0.3728,0.07516,1.16096,0.04011,-0.40,-14.84,-47.75,52.3,101.57,652.58,250.15,SPIRAL
20.7106,6.0156,0.2816,0.4528,0.05916,1.16996,0.04411,-0.40,-8.67,-49.24,52.3,101.53,652.59,250.14,SPIRAL
20.7207,5.9856,0.1516,1.0028,0.06816,1.19196,0.04611,-0.40,-2.36,-49.94,52.3,101.50,652.60,250.14,SPIRAL
20.7308,5.9656,-0.0483,0.9628,0.05516,1.19496,0.04211,-0.40,3.98,-49.84,52.3,101.47,652.60,250.13,SPIRAL
20.7409,6.1056,0.2116,0.5428,0.05516,1.17096,0.04411,-0.40,10.26,-48.93,52.3,101.44,652.60,250.13,SPIRAL
20.7510,6.0456,-0.0783,0.9628,0.06816,1.19996,0.04211,-0.40,16.39,-47.24,52.3,101.42,652.60,250.13,SPIRAL
20.7612,6.1956,0.3716,0.5328,0.07216,1.19496,0.04411,-0.40,22.27,-44.76,52.3,101.38,652.59,250.12,SPIRAL
20.7713,6.2056,0.0116,0.7028,0.05716,1.19296,0.04211,-0.40,27.76,-41.58,52.3,101.36,652.58,250.12,SPIRAL
20.7814,6.0556,0.0616,0.8628,0.04316,1.20096,0.04111,-0.40,32.80,-37.73,52.3,101.33,652.56,250.11,SPIRAL
20.7915,6.0056,0.2716,0.4528,0.04016,1.19196,0.04711,-0.40,37.31,-33.28,52.3,101.32,652.55,250.11,SPIRAL
20.8016,6.0456,0.1116,0.7928,0.04116,1.20896,0.04311,-0.40,41.23,-28.28,52.3,101.30,652.53,250.10,SPIRAL
20.8117,6.2556,0.2616,0.5728,0.04616,1.20796,0.04611,-0.40,44.49,-22.81,52.3,101.28,652.51,250.10,SPIRAL
20.8218,6.1856,0.3116,0.6428,0.04016,1.20396,0.04211,-0.40,47.02,-16.99,52.3,101.27,652.48,250.09,SPIRAL
20.8320,5.9556,0.4616,0.6828,0.02416,1.20696,0.04211,-0.40,49.21,-8.87,52.3,101.26,652.46,250.09,SPIRAL
20.8421,6.1356,0.2116,0.7728,0.04116,1.22196,0.04211,-0.40,49.96,-2.04,52.3,101.26,652.43,250.08,SPIRAL
20.8522,6.1656,0.1616,0.6128,0.01316,1.20096,0.04511,-0.40,49.85,3.79,52.3,101.26,652.41,250.08,SPIRAL
20.8623,6.3156,0.3316,0.5228,0.02516,1.20596,0.04411,-0.40,49.34,8.06,52.3,101.26,652.38,250.07,SPIRAL
20.8724,6.2656,0.4516,0.8228,0.01816,1.21196,0.04611,-0.40,47.92,14.26,52.3,101.26,652.36,250.07,SPIRAL
20.8825,5.9956,0.5316,0.8128,-0.00183,1.21096,0.05011,-0.40,45.73,20.21,52.3,101.28,652.34,250.06,SPIRAL
20.8927,6.0556,0.8116,0.8228,-0.00783,1.21496,0.04911,-0.40,42.80,25.85,52.3,101.29,652.31,250.06,SPIRAL
20.9028,6.2456,0.5516,0.5728,0.01116,1.21596,0.05111,-0.39,38.16,32.31,52.3,101.31,652.29,250.05,SPIRAL
20.9129,6.1156,0.8316,0.8428,-0.02383,1.23096,0.05411,-0.40,34.92,35.79,52.3,101.33,652.27,250.05,SPIRAL
20.9230,6.3656,0.8716,0.8228,-0.02283,1.22596,0.05511,-0.40,30.10,39.92,52.3,101.35,652.26,250.04,SPIRAL
20.9332,6.0656,0.2416,1.6428,-0.02883,1.23496,0.05111,-0.38,23.81,43.97,52.3,101.38,652.25,250.04,SPIRAL
20.9433,6.0556,0.4116,1.4528,-0.04383,1.22596,0.04811,-0.40,19.07,46.22,52.4,101.40,652.24,250.04,SPIRAL
20.9534,6.2356,0.3716,1.1928,-0.01983,1.22696,0.05211,-0.38,12.58,48.39,52.4,101.43,652.23,250.03,SPIRAL
20.9635,6.0456,0.2416,1.4128,-0.01883,1.23396,0.05011,-0.38,6.55,49.57,52.4,101.46,652.23,250.03,SPIRAL
20.9736,6.1556,0.3516,1.1028,-0.03083,1.21696,0.05311,-0.40,0.50,50.00,52.4,101.49,652.23,250.02,SPIRAL
20.9837,6.0256,0.4316,1.6428,-0.02983,1.23096,0.04811,-0.38,-5.56,49.69,52.4,101.51,652.24,250.02,SPIRAL
20.9939,6.3156,0.5116,1.3328,-0.02483,1.21396,0.04811,-0.38,-11.65,48.62,52.4,101.55,652.25,250.02,SPIRAL
21.0040,6.1156,0.4916,1.3328,-0.04583,1.19696,0.04811,-0.38,-17.25,46.93,52.4,101.57,652.26,250.01,SPIRAL
21.0141,6.2356,0.4716,1.2528,-0.02083,1.21196,0.04511,-0.38,-22.84,44.48,52.4,101.60,652.28,250.01,SPIRAL
21.0242,6.0856,0.5916,0.9728,-0.03283,1.19396,0.03411,-0.38,-27.93,41.47,52.4,101.62,652.29,250.01,SPIRAL
21.0343,5.8856,0.2816,1.6528,-0.02583,1.21496,0.02911,-0.38,-32.57,37.94,52.4,101.65,652.32,250.00,SPIRAL
21.0444,6.1156,0.7516,1.0128,-0.02383,1.20396,0.03511,-0.39,-37.42,33.16,52.4,101.66,652.34,250.00,SPIRAL
21.0546,6.2156,0.4616,1.2528,-0.02383,1.19196,0.03111,-0.39,-41.36,28.10,52.4,101.68,652.37,250.00,SPIRAL
21.0647,6.3556,0.2116,1.1828,0.00416,1.19496,0.03211,-0.39,-44.37,23.05,52.4,101.70,652.41,249.99,SPIRAL
21.0748,6.1156,0.3716,0.8728,-0.01183,1.18596,0.03311,-0.39,-46.92,17.27,52.4,101.71,652.44,249.99,SPIRAL
21.0849,6.2856,0.1716,1.2128,0.01516,1.19796,0.02911,-0.40,-49.17,9.06,52.4,101.72,652.48,249.99,SPIRAL
21.0951,6.0256,0.3416,1.0028,0.01016,1.18996,0.03211,-0.40,-49.72,5.24,52.4,101.72,652.50,249.99,SPIRAL
21.1052,6.2756,0.0816,1.1828,0.02116,1.18996,0.02811,-0.40,-49.87,-3.60,52.4,101.72,652.54,249.98,SPIRAL
21.1153,6.1456,0.0516,0.9128,0.02716,1.18396,0.02811,-0.40,-49.45,-7.37,52.4,101.71,652.57,249.98,SPIRAL
21.1254,6.2856,0.1816,0.6628,0.05016,1.17296,0.03111,-0.40,-47.36,-16.03,52.4,101.70,652.61,249.98,SPIRAL
21.1355,6.0256,0.0016,0.9328,0.06516,1.19096,0.03611,-0.40,-44.94,-21.91,52.4,101.70,652.64,249.98,SPIRAL
21.1456,6.2356,0.1916,0.5528,0.05116,1.17196,0.03111,-0.40,-41.80,-27.43,52.4,101.68,652.67,249.97,SPIRAL
21.1558,6.0556,0.0116,0.8728,0.06216,1.19396,0.03111,-0.40,-37.99,-32.51,52.4,101.66,652.69,249.97,SPIRAL
21.1659,6.0056,0.1916,0.5128,0.04316,1.18696,0.03411,-0.40,-33.56,-37.07,52.4,101.64,652.73,249.97,SPIRAL
21.1760,6.0356,0.2816,0.5528,0.03416,1.18496,0.02911,-0.40,-28.61,-41.01,52.4,101.62,652.74,249.96,SPIRAL
21.1861,6.1056,0.2916,0.4628,0.05416,1.20396,0.02911,-0.40,-23.17,-44.30,52.4,101.59,652.77,249.96,SPIRAL
21.1962,5.8356,-0.0283,0.8328,0.06616,1.21296,0.02911,-0.40,-17.37,-46.88,52.4,101.57,652.78,249.96,SPIRAL
21.2063,6.1656,0.2316,0.8128,0.05216,1.20996,0.03311,-0.40,-11.30,-48.70,52.5,101.54,652.80,249.95,SPIRAL
21.2164,6.2556,-0.0783,0.7728,0.06116,1.20696,0.02611,-0.40,-5.02,-49.75,52.5,101.52,652.81,249.95,SPIRAL
21.2265,6.3456,0.0316,0.7028,0.07116,1.22296,0.02811,-0.40,1.33,-49.98,52.5,101.48,652.81,249.95,SPIRAL
21.2366,6.2956,0.3416,0.3828,0.07116,1.21196,0.02811,-0.40,7.65,-49.41,52.5,101.45,652.81,249.94,SPIRAL
21.2468,6.3556,0.0816,0.3828,0.06416,1.20996,0.02811,-0.40,13.85,-48.04,52.5,101.43,652.81,249.94,SPIRAL
21.2569,6.6356,0.0016,0.6728,0.07516,1.22496,0.02711,-0.40,19.82,-45.90,52.5,101.39,652.81,249.93,SPIRAL
21.2671,6.1856,0.0016,1.0528,0.05416,1.23496,0.02511,-0.40,25.52,-42.99,52.5,101.37,652.80,249.93,SPIRAL
21.2772,6.2156,-0.2283,0.9928,0.05216,1.23296,0.02511,-0.40,30.76,-39.41,52.5,101.35,652.78,249.92,SPIRAL
21.2873,6.3156,0.0016,0.7528,0.04716,1.22196,0.02711,-0.40,35.51,-35.20,52.5,101.33,652.77,249.92,SPIRAL
21.2974,6.4056,0.1716,1.0728,0.06216,1.24596,0.02411,-0.40,39.69,-30.41,52.5,101.31,652.75,249.91,SPIRAL
21.3075,6.4956,0.2616,0.6228,0.05916,1.23996,0.02411,-0.40,43.22,-25.14,52.5,101.29,652.74,249.91,SPIRAL
21.3176,6.0656,0.1716,0.7728,0.03516,1.24596,0.02711,-0.40,46.06,-19.46,52.5,101.28,652.71,249.90,SPIRAL
21.3277,6.2856,0.2316,0.8228,0.04316,1.24896,0.01911,-0.40,48.15,-13.47,52.5,101.27,652.69,249.90,SPIRAL
21.3378,6.3556,0.6516,0.3928,0.04416,1.23996,0.02311,-0.40,49.47,-7.26,52.5,101.27,652.66,249.89,SPIRAL
21.3479,6.3056,0.3516,0.8828,0.01116,1.24196,0.02211,-0.40,49.99,-0.93,52.5,101.26,652.64,249.89,SPIRAL
21.3581,6.5356,0.1416,0.8528,0.03316,1.23996,0.02211,-0.40,49.70,5.42,52.5,101.27,652.61,249.88,SPIRAL
21.3682,6.2256,0.3416,1.0328,0.01616,1.24696,0.02411,-0.40,48.62,11.67,52.5,101.27,652.59,249.88,SPIRAL
21.3783,6.4456,0.4816,0.6128,0.01516,1.23796,0.02411,-0.40,46.74,17.76,52.5,101.28,652.56,249.88,SPIRAL
21.3884,6.3356,0.4516,0.8628,0.00316,1.24496,0.02311,-0.40,44.11,23.54,52.5,101.29,652.55,249.87,SPIRAL
21.3986,6.3456,0.7416,0.7128,0.01616,1.24296,0.02411,-0.39,39.71,30.38,52.5,101.31,652.52,249.87,SPIRAL
21.4087,6.3056,0.3816,1.4028,-0.03283,1.24796,0.02011,-0.38,35.41,35.29,52.5,101.33,652.50,249.86,SPIRAL
21.4188,6.4556,0.2116,1.1228,-0.02283,1.23796,0.02511,-0.38,31.09,39.16,52.5,101.35,652.49,249.86,SPIRAL
21.4290,6.2756,1.0716,0.7328,-0.05083,1.23396,0.02511,-0.38,26.05,42.68,52.5,101.38,652.47,249.85,SPIRAL
21.4391,6.4956,0.2816,1.4628,-0.02483,1.24996,0.02311,-0.38,20.68,45.52,52.5,101.40,652.46,249.85,SPIRAL
21.4492,6.1756,0.5216,1.1728,-0.04883,1.23396,0.02711,-0.38,14.86,47.74,52.6,101.43,652.46,249.84,SPIRAL
21.4593,6.4256,0.6316,1.2328,-0.03783,1.23796,0.02611,-0.40,9.44,49.10,52.6,101.46,652.45,249.84,SPIRAL
21.4694,6.3956,0.4416,1.5928,-0.03583,1.24196,0.02611,-0.40,5.16,49.73,52.6,101.49,652.46,249.84,SPIRAL
21.4795,6.5256,0.4116,1.1028,-0.01783,1.23696,0.02411,-0.38,-3.08,49.90,52.6,101.52,652.46,249.83,SPIRAL
21.4896,6.1756,0.4216,1.5628,-0.02983,1.23796,0.02811,-0.38,-9.05,49.17,52.6,101.55,652.47,249.83,SPIRAL
21.4998,6.0356,0.8016,0.9628,-0.04783,1.23496,0.02611,-0.38,-14.96,47.71,52.6,101.57,652.48,249.83,SPIRAL
21.5099,6.2256,0.5516,1.3828,-0.04683,1.23196,0.02711,-0.38,-20.78,45.48,52.6,101.61,652.50,249.82,SPIRAL
21.5199,6.2456,0.7216,0.8628,-0.05183,1.21796,0.02811,-0.38,-25.85,42.80,52.6,101.63,652.51,249.82,SPIRAL
21.5301,6.3956,0.6416,0.9928,-0.02783,1.23096,0.02411,-0.39,-31.20,39.07,52.6,101.66,652.54,249.82,SPIRAL
21.5402,6.1756,0.4716,1.0328,-0.05483,1.20596,0.02811,-0.38,-35.13,35.57,52.6,101.67,652.56,249.81,SPIRAL
21.5503,6.1956,0.6116,1.1828,-0.03083,1.22996,0.02711,-0.39,-39.75,30.33,52.6,101.70,652.59,249.81,SPIRAL
21.5604,6.0856,0.4416,1.2128,-0.04183,1.21896,0.02811,-0.40,-44.11,23.54,52.6,101.71,652.61,249.81,SPIRAL
21.5705,5.9756,0.4716,1.0028,-0.03083,1.22296,0.02611,-0.40,-46.74,17.75,52.6,101.72,652.65,249.80,SPIRAL
21.5807,5.9856,0.2716,1.0728,-0.02083,1.22496,0.02911,-0.39,-48.05,13.83,52.6,101.73,652.69,249.80,SPIRAL
21.5908,5.9956,0.5316,0.6628,-0.02083,1.20196,0.02811,-0.40,-49.70,5.42,52.6,101.74,652.72,249.80,SPIRAL
21.6009,6.2656,0.3516,1.0928,-0.00083,1.21396,0.02811,-0.40,-49.99,-0.94,52.6,101.74,652.76,249.80,SPIRAL
21.6110,6.0156,-0.3383,1.3128,0.01116,1.21596,0.02611,-0.40,-49.47,-7.26,52.6,101.74,652.79,249.79,SPIRAL
21.6211,6.1556,0.2116,0.9628,0.04916,1.21396,0.02411,-0.40,-48.15,-13.47,52.6,101.73,652.83,249.79,SPIRAL
21.6313,6.1456,0.2416,0.9428,0.04916,1.21996,0.02311,-0.40,-46.05,-19.47,52.6,101.72,652.85,249.79,SPIRAL
21.6414,6.2656,0.2516,0.8628,0.05316,1.21096,0.02711,-0.40,-43.21,-25.15,52.6,101.71,652.89,249.78,SPIRAL
21.6515,5.9556,0.2916,0.7028,0.05016,1.21896,0.02611,-0.40,-39.68,-30.42,52.6,101.70,652.91,249.78,SPIRAL
21.6616,6.1556,0.0016,0.6728,0.06516,1.22196,0.02311,-0.40,-35.48,-35.23,52.6,101.67,652.94,249.78,SPIRAL
21.6718,6.2856,0.1416,0.6128,0.06016,1.21796,0.03011,-0.40,-30.72,-39.45,52.6,101.66,652.96,249.78,SPIRAL
21.6819,6.1356,0.2616,0.7528,0.06816,1.22096,0.02911,-0.41,-26.53,-42.38,52.6,101.63,652.99,249.77,SPIRAL
21.6919,6.3456,-0.0583,0.7728,0.07316,1.22796,0.02911,-0.40,-19.84,-45.89,52.6,101.61,653.01,249.77,SPIRAL
21.7021,6.5956,0.0116,0.6528,0.08016,1.22396,0.03011,-0.40,-13.86,-48.04,52.7,101.58,653.02,249.77,SPIRAL
21.7122,6.2356,0.1816,0.8928,0.06316,1.23796,0.03011,-0.40,-7.67,-49.41,52.7,101.55,653.03,249.76,SPIRAL
21.7223,6.4956,0.1616,0.8028,0.06816,1.23596,0.02611,-0.40,-1.35,-49.98,52.7,101.52,653.04,249.76,SPIRAL
21.7324,6.3956,0.1016,0.6928,0.06416,1.23796,0.03011,-0.40,5.01,-49.75,52.7,101.50,653.05,249.75,SPIRAL
21.7425,6.2856,-0.0083,0.9028,0.06916,1.25496,0.02711,-0.40,11.27,-48.71,52.7,101.46,653.05,249.75,SPIRAL
21.7526,6.2856,0.0016,0.8728,0.06716,1.25496,0.02411,-0.40,17.35,-46.89,52.7,101.43,653.04,249.74,SPIRAL
21.7628,6.4556,0.2616,0.6128,0.08116,1.25296,0.03211,-0.40,23.19,-44.29,52.7,101.41,653.04,249.74,SPIRAL
21.7729,6.3956,0.0816,0.9028,0.09016,1.27496,0.02911,-0.40,28.62,-41.00,52.7,101.38,653.02,249.74,SPIRAL
21.7830,6.3356,-0.1883,0.9928,0.07316,1.26796,0.02611,-0.40,33.59,-37.04,52.7,101.37,653.01,249.73,SPIRAL
21.7932,6.2556,0.0716,0.8828,0.06816,1.26396,0.02611,-0.40,38.02,-32.47,52.7,101.34,652.99,249.73,SPIRAL
21.8033,6.3656,0.2216,0.8528,0.07916,1.28596,0.02611,-0.41,42.87,-25.73,52.7,101.33,652.98,249.72,SPIRAL
21.8134,6.5256,0.1116,0.6228,0.06516,1.26496,0.02611,-0.40,44.97,-21.85,52.7,101.31,652.95,249.72,SPIRAL
21.8235,6.5056,0.2016,0.7028,0.06616,1.26896,0.02611,-0.40,47.38,-15.98,52.7,101.30,652.93,249.71,SPIRAL
21.8337,6.6056,0.3516,0.4428,0.05316,1.25896,0.02811,-0.40,49.02,-9.83,52.7,101.30,652.90,249.71,SPIRAL
21.8438,6.4556,0.4316,0.4428,0.05116,1.26196,0.02711,-0.40,49.87,-3.54,52.7,101.29,652.89,249.70,SPIRAL
21.8539,6.2256,0.2316,0.5728,0.03616,1.27396,0.02511,-0.40,49.92,2.80,52.7,101.30,652.86,249.70,SPIRAL
21.8640,6.4456,0.3316,0.8728,0.04316,1.27896,0.02211,-0.40,49.17,9.09,52.7,101.30,652.84,249.69,SPIRAL
21.8741,6.3156,0.3016,0.4728,0.03716,1.26396,0.02411,-0.40,47.61,15.28,52.7,101.31,652.81,249.69,SPIRAL
21.8843,6.4356,0.1816,1.3028,0.03116,1.26896,0.02411,-0.40,45.28,21.19,52.7,101.32,652.79,249.68,SPIRAL
21.8944,6.4556,0.3916,1.0728,0.03716,1.27396,0.02711,-0.40,42.22,26.78,52.7,101.34,652.76,249.68,SPIRAL
21.9045,6.4556,0.3716,1.2228,0.02216,1.26596,0.02611,-0.40,38.48,31.93,52.7,101.35,652.75,249.68,SPIRAL
21.9146,6.3156,0.5016,1.0528,-0.01683,1.26696,0.02611,-0.40,34.12,36.54,52.7,101.38,652.73,249.67,SPIRAL
21.9248,6.5356,0.5716,1.1428,-0.02383,1.26596,0.02511,-0.38,27.90,41.49,52.7,101.41,652.71,249.66,SPIRAL
21.9349,6.4456,0.7716,0.9028,-0.02383,1.27596,0.02711,-0.38,22.93,44.43,52.7,101.43,652.70,249.66,SPIRAL
21.9449,6.4756,0.3816,1.3228,-0.01283,1.27096,0.02311,-0.38,17.32,46.90,52.7,101.46,652.69,249.66,SPIRAL
21.9551,6.5756,0.6016,1.0828,-0.01483,1.26896,0.02611,-0.40,12.04,48.53,52.7,101.48,652.69,249.65,SPIRAL
21.9652,6.3356,0.7816,0.8828,-0.01383,1.26096,0.03011,-0.40,5.79,49.66,52.8,101.52,652.69,249.65,SPIRAL
21.9753,6.3756,0.6416,1.3128,-0.01183,1.27096,0.02711,-0.38,-0.51,50.00,52.8,101.54,652.69,249.65,SPIRAL
21.9854,6.4156,0.7716,1.0628,-0.02183,1.25696,0.03011,-0.38,-6.58,49.56,52.8,101.58,652.70,249.64,SPIRAL
21.9956,6.5156,0.7716,1.1728,-0.01083,1.24796,0.03111,-0.38,-12.59,48.39,52.8,101.60,652.71,249.64,SPIRAL
22.0057,6.4256,0.8216,0.8528,-0.03483,1.24396,0.02611,-0.40,-19.12,46.20,52.8,101.64,652.72,249.63,SPIRAL
22.0158,6.5256,0.4616,1.2828,-0.01283,1.25796,0.02911,-0.38,-23.67,44.04,52.8,101.66,652.74,249.63,SPIRAL
22.0259,6.4156,0.5016,1.2928,-0.00983,1.26696,0.02511,-0.38,-28.97,40.75,52.8,101.69,652.76,249.63,SPIRAL
22.0361,6.4656,0.1616,1.5728,-0.03783,1.25596,0.02111,-0.38,-33.75,36.88,52.8,101.71,652.78,249.63,SPIRAL
22.0462,6.4456,0.8116,1.1428,-0.03183,1.25596,0.02311,-0.39,-38.09,32.39,52.8,101.73,652.81,249.62,SPIRAL
22.0563,6.5256,0.1616,1.4628,-0.01283,1.25296,0.02311,-0.38,-41.24,28.26,52.8,101.75,652.83,249.62,SPIRAL
22.0664,6.2856,0.6416,0.9028,-0.03083,1.23496,0.03111,-0.40,-45.77,20.13,52.8,101.76,652.87,249.62,SPIRAL
22.0765,6.4056,0.5216,0.9028,0.01116,1.24196,0.03011,-0.39,-47.32,16.16,52.8,101.77,652.89,249.61,SPIRAL
22.0866,6.4756,0.6316,0.6828,0.01816,1.22996,0.03011,-0.39,-48.94,10.23,52.8,101.78,652.93,249.61,SPIRAL
22.0967,6.2656,0.0716,1.0628,0.01916,1.22796,0.02611,-0.40,-49.85,3.79,52.8,101.78,652.98,249.61,SPIRAL
22.1069,6.4056,0.1916,0.6928,0.04716,1.21796,0.03211,-0.40,-49.78,-4.66,52.8,101.78,653.00,249.61,SPIRAL
22.1170,6.4356,0.1816,0.7528,0.04716,1.22396,0.03311,-0.40,-48.79,-10.94,52.8,101.78,653.04,249.60,SPIRAL
22.1271,6.3656,0.3016,0.6928,0.05116,1.22096,0.03111,-0.40,-47.00,-17.06,52.8,101.77,653.07,249.60,SPIRAL
22.1372,6.4356,-0.4183,1.2228,0.06116,1.24296,0.02411,-0.40,-44.46,-22.87,52.8,101.76,653.11,249.60,SPIRAL
22.1473,6.4456,0.0716,0.6028,0.05216,1.23196,0.02611,-0.40,-41.21,-28.31,52.8,101.75,653.13,249.59,SPIRAL
22.1574,6.4656,-0.0283,0.7328,0.06916,1.24696,0.02311,-0.40,-37.29,-33.30,52.8,101.73,653.17,249.59,SPIRAL
22.1675,6.2856,-0.2283,0.8428,0.05916,1.24696,0.02611,-0.40,-32.77,-37.76,52.8,101.71,653.19,249.59,SPIRAL
22.1777,6.2556,0.4516,0.6128,0.07016,1.25996,0.02811,-0.40,-27.72,-41.61,52.8,101.68,653.21,249.58,SPIRAL
22.1878,6.4456,0.0916,0.4428,0.08416,1.23996,0.02911,-0.40,-22.22,-44.79,52.8,101.67,653.23,249.58,SPIRAL
22.1979,6.3856,0.2516,0.2228,0.07616,1.23596,0.02911,-0.40,-16.37,-47.24,52.8,101.63,653.25,249.58,SPIRAL
22.2080,6.5056,0.1316,0.4028,0.09716,1.25096,0.03011,-0.40,-10.27,-48.93,52.9,101.61,653.26,249.58,SPIRAL
22.2181,6.5456,0.1216,0.8128,0.10416,1.25796,0.03011,-0.40,-3.98,-49.84,52.9,101.58,653.27,249.57,SPIRAL
22.2282,6.5056,-0.0583,0.9028,0.08216,1.26496,0.02611,-0.42,2.47,-49.94,52.9,101.56,653.28,249.57,SPIRAL
22.2383,6.3856,0.0416,0.7128,0.09216,1.27996,0.02911,-0.40,8.68,-49.24,52.9,101.53,653.28,249.56,SPIRAL
22.2484,6.5856,-0.1183,0.7228,0.08616,1.27496,0.02611,-0.40,14.85,-47.74,52.9,101.50,653.28,249.56,SPIRAL
22.2586,6.5756,0.0316,0.8528,0.07516,1.27396,0.02711,-0.40,20.81,-45.46,52.9,101.47,653.27,249.55,SPIRAL
22.2687,6.3756,0.2016,0.5328,0.07716,1.28796,0.02811,-0.40,26.40,-42.46,52.9,101.45,653.26,249.55,SPIRAL
22.2788,6.5156,0.2616,0.7428,0.07416,1.28996,0.02511,-0.41,32.74,-37.79,52.9,101.43,653.25,249.55,SPIRAL
22.2889,6.5656,0.1316,0.7728,0.06216,1.28796,0.02711,-0.41,37.24,-33.36,52.9,101.40,653.23,249.54,SPIRAL
22.2990,6.4656,0.3716,0.8628,0.05116,1.28396,0.02711,-0.41,41.32,-28.15,52.9,101.39,653.22,249.54,SPIRAL
22.3092,6.4856,0.1516,0.6028,0.05116,1.27496,0.02711,-0.40,43.74,-24.22,52.9,101.37,653.19,249.53,SPIRAL
22.3193,6.4556,0.2416,0.8728,0.05516,1.29596,0.02611,-0.40,47.16,-16.61,52.9,101.36,653.18,249.53,SPIRAL
22.3295,6.6956,0.0216,1.0728,0.06616,1.29396,0.02311,-0.40,48.44,-12.40,52.9,101.35,653.15,249.52,SPIRAL
22.3396,6.5556,-0.0483,0.7528,0.04616,1.29196,0.02111,-0.40,49.88,-3.38,52.9,101.35,653.13,249.52,SPIRAL
22.3497,6.4956,0.0016,1.0828,0.03916,1.29396,0.02311,-0.40,50.00,0.18,52.9,101.35,653.10,249.51,SPIRAL
22.3598,6.5056,0.2516,0.8428,0.02716,1.28596,0.02411,-0.40,49.57,6.51,52.9,101.35,653.08,249.51,SPIRAL
22.3699,6.5856,0.0016,1.1428,0.01916,1.28796,0.02111,-0.39,47.81,14.64,52.9,101.36,653.05,249.50,SPIRAL
22.3800,6.6156,0.1016,0.8828,0.03216,1.29296,0.02311,-0.39,45.27,21.22,52.9,101.37,653.03,249.50,SPIRAL
22.3902,6.6156,0.4616,0.9228,0.00116,1.27296,0.02411,-0.39,42.63,26.13,52.9,101.38,653.01,249.49,SPIRAL
22.4003,6.4156,0.2716,1.1828,0.02516,1.30596,0.02411,-0.40,40.12,29.84,52.9,101.40,652.99,249.49,SPIRAL
22.4105,6.3856,0.4716,1.0928,-0.02083,1.28296,0.02811,-0.40,36.00,34.70,52.9,101.42,652.97,249.48,SPIRAL
22.4206,6.4456,0.5616,1.2828,-0.00983,1.29996,0.02511,-0.38,30.08,39.94,52.9,101.44,652.96,249.48,SPIRAL
22.4307,6.6756,0.2916,1.5128,-0.01383,1.29696,0.02411,-0.38,25.01,43.29,52.9,101.47,652.95,249.47,SPIRAL
22.4408,6.5056,0.3516,1.6928,-0.02383,1.29996,0.02411,-0.38,19.74,45.93,52.9,101.50,652.94,249.47,SPIRAL
22.4509,6.6556,0.4816,1.2728,-0.00983,1.29996,0.02511,-0.38,13.83,48.05,52.9,101.53,652.94,249.47,SPIRAL
22.4610,6.5956,0.5816,1.4728,-0.02583,1.28896,0.02411,-0.40,8.37,49.29,53.0,101.56,652.93,249.46,SPIRAL
22.4711,6.5356,0.5916,1.5228,-0.03283,1.29496,0.02411,-0.37,1.94,49.96,53.0,101.59,652.94,249.46,SPIRAL
22.4812,6.3456,0.4116,1.1128,-0.02383,1.29596,0.02311,-0.38,-4.07,49.83,53.0,101.62,652.94,249.45,SPIRAL
22.4914,6.4756,0.4916,1.3228,-0.02983,1.28196,0.02611,-0.38,-10.02,48.98,53.0,101.65,652.95,249.45,SPIRAL
22.5015,6.4556,0.8816,1.2928,-0.03983,1.28896,0.02711,-0.38,-15.83,47.43,53.0,101.68,652.97,249.45,SPIRAL
22.5116,6.4456,0.4516,1.0028,-0.01983,1.28596,0.02611,-0.38,-21.55,45.12,53.0,101.70,652.98,249.45,SPIRAL
22.5217,6.5556,0.7016,1.1828,-0.02383,1.29296,0.02411,-0.38,-27.03,42.06,53.0,101.74,653.01,249.44,SPIRAL
22.5318,6.6256,0.6416,1.1528,-0.03083,1.27396,0.02311,-0.38,-31.75,38.63,53.0,101.76,653.02,249.44,SPIRAL
22.5419,6.5956,0.2116,1.3928,-0.01983,1.27496,0.02411,-0.39,-36.33,34.35,53.0,101.78,653.05,249.44,SPIRAL
22.5520,6.4356,0.7116,0.9828,-0.01383,1.27596,0.02711,-0.39,-40.37,29.50,53.0,101.80,653.09,249.43,SPIRAL
22.5622,6.5456,0.1716,1.4328,-0.00083,1.29196,0.02311,-0.39,-43.56,24.54,53.0,101.82,653.11,249.43,SPIRAL
22.5723,6.4656,0.3016,1.4328,-0.00883,1.28196,0.02511,-0.39,-46.23,19.06,53.0,101.83,653.14,249.43,SPIRAL
22.5824,6.5556,0.4216,1.2528,-0.01183,1.26696,0.02611,-0.39,-48.39,12.59,53.0,101.84,653.18,249.42,SPIRAL
22.5926,6.4156,0.1216,1.0728,0.02416,1.27296,0.02611,-0.40,-49.56,6.57,53.0,101.84,653.22,249.42,SPIRAL
22.6027,6.6056,0.3916,0.6728,0.02916,1.26596,0.02511,-0.40,-49.96,-2.04,53.0,101.84,653.25,249.42,SPIRAL
22.6128,6.3756,-0.0083,1.4128,0.02216,1.27296,0.02411,-0.40,-49.30,-8.34,53.0,101.84,653.29,249.42,SPIRAL
22.6229,6.4456,-0.0683,1.0528,0.04916,1.27196,0.02311,-0.40,-47.84,-14.53,53.0,101.84,653.32,249.41,SPIRAL
22.6330,6.4756,0.2516,0.7028,0.04116,1.26196,0.02511,-0.40,-45.62,-20.46,53.0,101.82,653.36,249.41,SPIRAL
22.6431,6.4056,0.1216,0.8528,0.04316,1.26396,0.02811,-0.40,-42.66,-26.07,53.0,101.81,653.39,249.41,SPIRAL
22.6532,6.4256,0.1516,0.7428,0.07116,1.27596,0.02911,-0.40,-39.01,-31.28,53.0,101.79,653.42,249.41,SPIRAL
22.6634,6.5956,0.3516,0.9128,0.06516,1.26996,0.02611,-0.40,-34.69,-36.00,53.0,101.78,653.45,249.40,SPIRAL
22.6735,6.6856,0.1316,0.4928,0.05816,1.26896,0.02911,-0.41,-30.87,-39.33,53.0,101.75,653.48,249.40,SPIRAL
22.6836,6.4156,0.0116,1.1728,0.07916,1.29896,0.02911,-0.41,-25.53,-42.99,53.0,101.74,653.49,249.40,SPIRAL
22.6937,6.5156,0.1016,0.8128,0.06216,1.28396,0.02911,-0.40,-18.81,-46.33,53.0,101.71,653.52,249.39,SPIRAL
22.7039,6.4956,0.1116,0.8928,0.06716,1.29296,0.02911,-0.40,-12.78,-48.34,53.1,101.69,653.53,249.39,SPIRAL
22.7140,6.5556,0.1316,1.0928,0.07216,1.30396,0.02711,-0.40,-6.55,-49.57,53.1,101.65,653.54,249.39,SPIRAL
22.7241,6.6756,0.0516,1.1528,0.05716,1.29596,0.02811,-0.40,-0.22,-50.00,53.1,101.63,653.55,249.38,SPIRAL
22.7342,6.5256,0.2216,0.6528,0.04416,1.29196,0.02611,-0.42,6.42,-49.58,53.1,101.60,653.56,249.38,SPIRAL
22.7443,6.6056,0.1016,0.9428,0.04316,1.29896,0.02511,-0.40,12.35,-48.45,53.1,101.58,653.56,249.37,SPIRAL
22.7544,6.5456,0.4416,0.6328,0.03516,1.28696,0.02811,-0.40,18.38,-46.50,53.1,101.54,653.56,249.37,SPIRAL
22.7645,6.7056,0.2316,0.8328,0.05216,1.29696,0.02611,-0.42,25.23,-43.17,53.1,101.52,653.55,249.37,SPIRAL
22.7746,6.4956,0.2116,0.9628,0.03416,1.29096,0.02511,-0.40,29.48,-40.38,53.1,101.50,653.54,249.36,SPIRAL
22.7847,6.6756,0.2816,0.9228,0.02616,1.28796,0.02511,-0.41,35.51,-35.20,53.1,101.47,653.53,249.36,SPIRAL
22.7948,6.5556,0.0416,1.2328,0.02916,1.30696,0.02011,-0.41,39.67,-30.43,53.1,101.46,653.51,249.35,SPIRAL
22.8049,6.7056,0.4616,0.9028,0.01316,1.29296,0.02411,-0.40,42.39,-26.52,53.1,101.44,653.49,249.35,SPIRAL
22.8150,6.5156,0.3516,1.0628,-0.00483,1.30096,0.02511,-0.40,45.40,-20.93,53.1,101.43,653.48,249.34,SPIRAL
22.8252,6.7756,0.2716,0.8828,0.02616,1.31096,0.01911,-0.40,48.33,-12.82,53.1,101.42,653.45,249.34,SPIRAL
22.8353,6.5956,0.0216,1.1028,0.00416,1.31196,0.02011,-0.40,49.60,-6.30,53.1,101.42,653.43,249.33,SPIRAL
22.8454,6.7156,0.6516,0.8928,0.01316,1.30496,0.02211,-0.40,50.00,-0.44,53.1,101.42,653.41,249.33,SPIRAL
22.8555,6.6656,0.4716,0.8328,0.00416,1.30096,0.01811,-0.40,49.85,3.82,53.1,101.42,653.39,249.32,SPIRAL
22.8656,6.6256,0.3016,1.0928,0.00916,1.32196,0.01911,-0.40,48.97,10.10,53.1,101.43,653.36,249.32,SPIRAL
22.8757,6.5656,0.7416,1.0228,-0.01583,1.30696,0.01911,-0.39,46.54,18.28,53.1,101.43,653.35,249.31,SPIRAL
22.8858,6.7156,0.5716,1.0428,-0.03683,1.29796,0.01911,-0.40,44.87,22.05,53.1,101.45,653.32,249.31,SPIRAL
22.8959,6.5456,0.6016,0.9328,-0.02183,1.30596,0.02111,-0.40,41.69,27.59,53.1,101.46,653.31,249.30,SPIRAL
22.9060,6.6356,0.7416,1.0028,-0.02083,1.32096,0.02111,-0.38,36.63,34.03,53.1,101.49,653.29,249.30,SPIRAL
22.9161,6.7456,0.4416,1.1828,-0.02983,1.30796,0.02211,-0.38,32.26,38.20,53.1,101.50,653.27,249.30,SPIRAL
22.9263,6.5956,0.5816,1.3928,-0.04583,1.30396,0.01911,-0.38,27.41,41.81,53.1,101.53,653.26,249.29,SPIRAL
22.9364,6.7256,0.6016,1.3628,-0.04983,1.31196,0.01711,-0.38,21.85,44.97,53.1,101.55,653.26,249.29,SPIRAL
22.9465,6.5756,0.8916,1.0628,-0.07583,1.29796,0.02411,-0.38,16.33,47.26,53.1,101.59,653.25,249.28,SPIRAL
22.9566,6.6656,0.3716,1.5128,-0.05483,1.31496,0.01911,-0.38,10.63,48.85,53.1,101.61,653.25,249.28,SPIRAL
22.9667,6.4656,0.5816,1.5328,-0.06483,1.31196,0.02011,-0.38,4.60,49.79,53.2,101.65,653.25,249.28,SPIRAL
22.9768,6.8356,0.4616,1.4528,-0.05383,1.30196,0.02311,-0.38,-1.44,49.98,53.2,101.68,653.26,249.27,SPIRAL
22.9870,6.8556,0.6216,1.5528,-0.04283,1.30796,0.01811,-0.38,-7.44,49.44,53.2,101.71,653.27,249.27,SPIRAL
22.9971,6.6556,0.9316,1.1428,-0.06183,1.29996,0.02511,-0.38,-13.32,48.19,53.2,101.74,653.28,249.26,SPIRAL
23.0072,6.8056,0.6916,1.4128,-0.06683,1.30096,0.02011,-0.38,-18.91,46.28,53.2,101.77,653.30,249.26,SPIRAL
23.0173,6.6256,0.9416,1.2328,-0.06683,1.29596,0.02211,-0.38,-24.37,43.65,53.2,101.80,653.32,249.26,SPIRAL
23.0274,6.4856,0.9716,1.1928,-0.07183,1.29496,0.02511,-0.38,-29.73,40.20,53.2,101.82,653.34,249.26,SPIRAL
23.0375,6.6856,0.6916,1.2928,-0.03883,1.30996,0.02011,-0.38,-34.34,36.34,53.2,101.85,653.37,249.25,SPIRAL
23.0476,6.4656,0.2716,1.7028,-0.05383,1.30496,0.02111,-0.38,-38.41,32.01,53.2,101.87,653.40,249.25,SPIRAL
23.0577,6.5356,0.7216,1.0728,-0.05483,1.29296,0.02511,-0.39,-42.22,26.78,53.2,101.89,653.43,249.25,SPIRAL
23.0678,6.6256,0.5716,0.9228,-0.05083,1.29096,0.02311,-0.39,-45.09,21.61,53.2,101.90,653.46,249.24,SPIRAL
23.0780,6.6956,0.2916,1.3728,-0.02983,1.29296,0.02211,-0.39,-47.49,15.65,53.2,101.91,653.50,249.24,SPIRAL
23.0881,6.3256,0.4116,1.2128,-0.03683,1.29396,0.02311,-0.39,-48.99,9.99,53.2,101.92,653.53,249.24,SPIRAL
23.0982,6.6456,0.3916,0.8928,-0.01083,1.28096,0.02111,-0.40,-49.91,2.94,53.2,101.92,653.57,249.24,SPIRAL
23.1083,6.7056,0.2716,1.2028,0.00316,1.27996,0.02411,-0.40,-49.69,-5.56,53.2,101.93,653.60,249.23,SPIRAL
23.1184,6.4456,0.1916,1.0128,0.01916,1.28696,0.02511,-0.40,-49.01,-9.90,53.2,101.92,653.65,249.23,SPIRAL
23.1286,6.6256,0.2316,0.9728,0.03516,1.28896,0.02411,-0.40,-46.68,-17.92,53.2,101.91,653.69,249.23,SPIRAL
23.1387,6.6156,0.1116,1.2528,0.04816,1.28896,0.02211,-0.41,-45.02,-21.75,53.2,101.90,653.72,249.23,SPIRAL
23.1488,6.4456,0.1916,0.6728,0.03716,1.29396,0.02411,-0.40,-40.68,-29.07,53.2,101.89,653.76,249.22,SPIRAL
23.1589,6.4856,0.0016,1.1028,0.03916,1.29996,0.02511,-0.40,-36.66,-34.00,53.2,101.87,653.78,249.22,SPIRAL
23.1691,6.5556,-0.0683,1.1828,0.05516,1.31696,0.02111,-0.40,-32.05,-38.38,53.2,101.85,653.81,249.22,SPIRAL
23.1791,6.5556,0.0416,0.8628,0.04216,1.29996,0.02211,-0.40,-26.94,-42.12,53.2,101.83,653.83,249.21,SPIRAL
23.1893,6.4856,0.2416,0.8328,0.04616,1.29696,0.02711,-0.40,-21.37,-45.20,53.3,101.80,653.86,249.21,SPIRAL
23.1994,6.7756,0.1616,1.0928,0.06116,1.30896,0.02811,-0.42,-16.15,-47.32,53.3,101.78,653.87,249.21,SPIRAL
23.2095,6.7756,0.0316,0.7528,0.06016,1.31096,0.02511,-0.40,-9.30,-49.13,53.3,101.75,653.89,249.20,SPIRAL
23.2197,6.7156,-0.0283,1.2528,0.04416,1.30796,0.02411,-0.42,-3.12,-49.90,53.3,101.73,653.90,249.20,SPIRAL
23.2298,6.4756,0.5516,0.9728,0.02216,1.30196,0.02611,-0.41,3.51,-49.87,53.3,101.70,653.91,249.20,SPIRAL
23.2399,6.5556,0.3816,1.0428,0.01416,1.30196,0.02711,-0.42,10.11,-48.97,53.3,101.67,653.91,249.19,SPIRAL
23.2500,6.6056,0.2916,1.1128,0.01516,1.29696,0.02111,-0.42,16.72,-47.12,53.3,101.64,653.91,249.19,SPIRAL
23.2601,6.5656,0.0316,1.5928,0.01616,1.29796,0.02611,-0.42,23.15,-44.32,53.3,101.62,653.91,249.18,SPIRAL
23.2702,6.4556,0.2716,1.5928,-0.00883,1.29496,0.02911,-0.42,28.63,-40.99,53.3,101.59,653.90,249.18,SPIRAL
23.2803,6.7256,0.3416,1.9528,-0.01583,1.29796,0.02611,-0.42,34.19,-36.48,53.3,101.58,653.90,249.18,SPIRAL
23.2905,6.5156,0.3916,2.1028,-0.04083,1.28996,0.03411,-0.40,38.91,-31.40,53.3,101.55,653.88,249.17,SPIRAL
23.3006,6.5656,0.3216,1.7428,-0.04383,1.29996,0.02411,-0.41,42.33,-26.60,53.3,101.54,653.86,249.16,SPIRAL
23.3107,6.4356,0.8416,1.7328,-0.06183,1.28696,0.02411,-0.41,45.41,-20.93,53.3,101.53,653.85,249.16,SPIRAL
23.3208,6.4956,0.5916,1.4528,-0.07383,1.28296,0.03311,-0.41,48.10,-13.65,53.3,101.52,653.83,249.16,SPIRAL
23.3310,6.5056,0.6216,1.8628,-0.07683,1.28496,0.02511,-0.40,49.35,-8.02,53.3,101.51,653.81,249.15,SPIRAL
23.3411,6.5956,0.4516,2.1228,-0.06683,1.29496,0.02111,-0.40,49.96,-1.84,53.3,101.51,653.79,249.15,SPIRAL
23.3512,6.3156,0.5916,2.1028,-0.09483,1.28296,0.03111,-0.40,49.66,5.79,53.3,101.51,653.77,249.14,SPIRAL
23.3613,6.2856,0.6716,3.7928,-0.24083,1.20196,0.01511,-0.37,48.46,12.30,53.3,101.52,653.75,249.14,SPIRAL
23.3714,4.8256,2.3416,4.4528,-0.42183,0.99696,-0.00988,-0.35,45.88,19.87,53.3,101.52,653.73,249.13,SPIRAL
23.3815,4.4856,2.2116,4.4928,-0.42983,0.97696,0.00911,-0.34,42.68,26.04,53.3,101.54,653.71,249.13,SPIRAL
23.3917,5.0156,2.0316,4.0228,-0.41083,1.03596,0.00411,-0.34,40.35,29.53,53.3,101.55,653.70,249.12,SPIRAL
23.4018,4.0056,1.9416,4.6028,-0.44483,0.94796,0.00811,-0.34,37.05,33.57,53.3,101.57,653.68,249.12,SPIRAL
23.4119,4.9356,2.1216,4.4028,-0.43983,0.98296,0.01911,-0.33,32.42,38.06,53.3,101.59,653.67,249.11,SPIRAL
23.4220,4.8156,1.6516,4.4228,-0.44383,0.98296,-0.00188,-0.34,29.46,40.40,53.3,101.62,653.66,249.11,SPIRAL
23.4322,4.2456,2.2916,3.7328,-0.46983,0.94396,0.00611,-0.34,24.84,43.39,53.3,101.64,653.66,249.11,SPIRAL
23.4423,4.8256,2.0116,4.2428,-0.47883,0.97096,0.02511,-0.34,20.34,45.67,53.3,101.67,653.65,249.10,SPIRAL
23.4523,4.4756,2.1116,4.3828,-0.47183,0.96396,0.00311,-0.33,14.74,47.78,53.3,101.69,653.65,249.10,SPIRAL
23.4625,4.4656,2.1816,4.0028,-0.46983,0.95496,0.00811,-0.34,9.78,49.03,53.4,101.73,653.66,249.09,SPIRAL
23.4726,4.6356,2.3016,3.9628,-0.46383,0.96196,0.02511,-0.34,3.85,49.85,53.4,101.75,653.67,249.09,SPIRAL
23.4827,4.4256,2.0716,4.2728,-0.45483,0.94596,0.01311,-0.33,-1.50,49.98,53.4,101.79,653.68,249.09,SPIRAL
23.4929,4.9356,1.9616,4.3628,-0.44383,0.95196,0.00911,-0.35,-5.63,49.68,53.4,101.83,653.70,249.08,SPIRAL
23.5030,4.5756,1.8616,4.1728,-0.47783,0.94596,0.01611,-0.35,-12.18,48.49,53.4,101.85,653.71,249.08,SPIRAL
23.5131,4.7056,1.6616,4.3028,-0.47383,0.93596,0.00911,-0.35,-17.56,46.81,53.4,101.88,653.74,249.08,SPIRAL
23.5232,4.6156,1.8916,4.1728,-0.44883,0.95296,0.01411,-0.36,-22.71,44.54,53.4,101.91,653.76,249.08,SPIRAL
23.5333,4.5256,2.3116,3.9428,-0.45683,0.93896,0.02111,-0.37,-27.32,41.88,53.4,101.94,653.80,249.07,SPIRAL
23.5434,4.5356,2.0116,4.2028,-0.43283,0.93196,0.02111,-0.38,-32.02,38.40,53.4,101.96,653.83,249.07,SPIRAL
23.5535,4.5456,2.2216,3.7828,-0.44383,0.91996,0.01411,-0.38,-36.27,34.41,53.4,101.98,653.87,249.07,SPIRAL
23.5637,4.4956,1.8416,3.8228,-0.43383,0.91396,0.01611,-0.39,-40.57,29.22,53.4,102.00,653.90,249.07,SPIRAL
23.5738,4.5356,1.5716,4.3328,-0.42683,0.91996,0.01911,-0.40,-44.01,23.73,53.4,102.02,653.95,249.06,SPIRAL
23.5839,4.5756,1.6216,4.1428,-0.41283,0.91796,0.02311,-0.41,-46.63,18.03,53.4,102.03,653.98,249.06,SPIRAL
23.5940,4.4556,1.7616,3.5528,-0.41983,0.89696,0.01511,-0.42,-48.61,11.70,53.4,102.04,654.03,249.06,SPIRAL
23.6041,4.3056,1.7216,4.1328,-0.41783,0.89096,0.01911,-0.43,-49.73,5.17,53.4,102.04,654.07,249.06,SPIRAL
23.6143,4.1656,1.7416,4.0528,-0.39883,0.89396,0.01611,-0.43,-49.97,-1.59,53.4,102.04,654.12,249.05,SPIRAL
23.6244,4.1556,1.4516,4.4128,-0.38883,0.89396,0.01811,-0.45,-49.12,-9.31,53.4,102.04,654.16,249.05,SPIRAL
23.6345,4.1156,1.8516,3.8228,-0.38583,0.87096,0.02111,-0.46,-47.31,-16.18,53.4,102.04,654.21,249.05,SPIRAL
23.6446,4.3456,1.4616,4.0528,-0.40083,0.85496,0.01911,-0.46,-44.93,-21.94,53.4,102.03,654.24,249.05,SPIRAL
23.6547,4.1856,1.7116,3.4928,-0.39783,0.86096,0.01611,-0.47,-41.16,-28.39,53.4,102.01,654.29,249.04,SPIRAL
23.6648,4.2956,1.6916,3.5228,-0.37883,0.85696,0.01711,-0.46,-37.16,-33.45,53.4,101.99,654.34,249.04,SPIRAL
23.6749,4.1356,1.8916,3.6028,-0.37183,0.86296,0.02111,-0.47,-31.13,-39.12,53.5,101.98,654.37,249.04,SPIRAL
23.6850,4.2456,1.5816,3.6228,-0.38383,0.84496,0.01811,-0.48,-25.35,-43.09,53.5,101.95,654.40,249.04,SPIRAL
23.6951,4.0156,1.6916,3.8328,-0.36983,0.85396,0.01511,-0.47,-17.13,-46.97,53.5,101.93,654.43,249.03,SPIRAL
23.7053,4.0056,1.6116,3.4628,-0.38483,0.82996,0.01811,-0.48,-11.37,-48.69,53.5,101.90,654.46,249.03,SPIRAL
23.7154,3.9956,1.3816,4.0728,-0.35983,0.84996,0.01611,-0.46,-3.19,-49.90,53.5,101.88,654.48,249.03,SPIRAL
23.7255,3.9356,1.5216,3.9228,-0.35883,0.84696,0.01611,-0.46,4.52,-49.79,53.5,101.85,654.50,249.02,SPIRAL
23.7356,3.8856,1.4016,3.3228,-0.36183,0.83296,0.01511,-0.46,11.35,-48.69,53.5,101.83,654.51,249.02,SPIRAL
23.7457,3.9256,1.2416,3.4328,-0.37083,0.82996,0.01211,-0.44,18.85,-46.31,53.5,101.80,654.53,249.02,SPIRAL
23.7558,3.9256,1.5316,3.3928,-0.35983,0.82896,0.01111,-0.44,24.75,-43.44,53.5,101.79,654.53,249.01,SPIRAL
23.7660,3.6956,1.7416,3.3828,-0.36383,0.83196,0.01511,-0.44,30.59,-39.55,53.5,101.76,654.54,249.01,SPIRAL
23.7761,3.9556,1.5316,3.4928,-0.37583,0.82096,0.01111,-0.42,35.73,-34.97,53.5,101.75,654.54,249.01,SPIRAL
23.7862,3.8356,1.6316,3.6028,-0.37883,0.83196,0.01011,-0.42,39.89,-30.15,53.5,101.73,654.54,249.00,SPIRAL
23.7964,4.0556,1.6616,3.3928,-0.37483,0.81696,0.01311,-0.41,43.66,-24.36,53.5,101.71,654.54,249.00,SPIRAL
23.8065,3.7656,1.3916,3.5128,-0.37183,0.82196,0.00911,-0.40,46.42,-18.56,53.5,101.70,654.53,248.99,SPIRAL
23.8166,4.1256,1.7716,3.3628,-0.35183,0.81596,0.01511,-0.39,48.34,-12.79,53.5,101.69,654.53,248.99,SPIRAL
23.8267,3.9256,1.8016,3.4628,-0.35883,0.83096,0.01711,-0.39,49.53,-6.81,53.5,101.69,654.52,248.98,SPIRAL
23.8368,3.9956,1.8016,3.4828,-0.37883,0.81896,0.01211,-0.38,49.99,-0.78,53.5,101.69,654.51,248.98,SPIRAL
23.8470,3.9156,1.9616,3.3628,-0.39583,0.80196,0.01411,-0.38,49.67,5.74,53.5,101.70,654.50,248.97,SPIRAL
23.8570,3.9756,1.9016,3.3428,-0.37683,0.81796,0.01311,-0.37,48.79,10.92,53.5,101.71,654.49,248.97,SPIRAL
23.8672,3.8556,1.8616,3.2728,-0.39883,0.81996,0.01111,-0.36,47.39,15.95,53.5,101.71,654.49,248.97,SPIRAL
23.8773,4.0956,1.4216,3.5528,-0.37683,0.81696,0.00711,-0.36,44.95,21.89,53.5,101.73,654.48,248.96,SPIRAL
23.8875,3.7856,1.4516,3.6828,-0.40383,0.81896,0.00711,-0.35,42.33,26.61,53.5,101.75,654.48,248.96,SPIRAL
23.8976,3.9256,1.9816,3.2828,-0.40783,0.79396,0.01211,-0.35,39.44,30.72,53.6,101.77,654.47,248.95,SPIRAL
23.9077,3.7556,1.7516,3.4228,-0.39483,0.80396,0.00911,-0.35,35.28,35.43,53.6,101.79,654.47,248.95,SPIRAL
23.9178,3.7856,1.7816,3.3328,-0.39983,0.79096,0.00911,-0.35,31.44,38.88,53.6,101.83,654.47,248.95,SPIRAL
23.9279,3.8656,1.8216,3.4928,-0.39783,0.79496,0.01111,-0.34,26.70,42.27,53.6,101.85,654.48,248.94,SPIRAL
23.9380,3.9256,1.6316,3.8028,-0.38383,0.80996,0.01211,-0.34,21.95,44.92,53.6,101.89,654.49,248.94,SPIRAL
23.9482,3.9756,1.7816,3.3328,-0.39783,0.79296,0.01211,-0.35,17.23,46.94,53.6,101.91,654.50,248.94,SPIRAL
23.9583,4.2356,1.6016,3.6328,-0.38483,0.79696,0.00911,-0.35,11.85,48.57,53.6,101.95,654.51,248.93,SPIRAL
23.9684,3.7756,1.6716,3.2628,-0.39283,0.80596,0.01311,-0.35,6.69,49.55,53.6,101.98,654.53,248.93,SPIRAL
23.9786,3.8856,2.1916,2.8428,-0.39683,0.79096,0.01511,-0.35,0.83,49.99,53.6,102.02,654.55,248.93,SPIRAL
23.9887,3.7256,1.6016,3.5528,-0.39283,0.81196,0.00911,-0.36,-4.69,49.78,53.6,102.07,654.59,248.92,SPIRAL
23.9989,3.7956,1.4316,3.6828,-0.39583,0.80396,0.00911,-0.36,-10.63,48.86,53.6,102.09,654.61,248.92,SPIRAL
24.0090,4.0056,1.7116,3.7028,-0.39383,0.79296,0.00911,-0.36,-15.94,47.39,53.6,102.13,654.65,248.92,SPIRAL
24.0191,3.9156,1.6716,3.2528,-0.37983,0.80296,0.00811,-0.36,-21.49,45.14,53.6,102.16,654.68,248.92,SPIRAL
24.0293,3.8256,1.8716,3.3028,-0.38983,0.79796,0.01311,-0.37,-26.77,42.23,53.6,102.20,654.73,248.91,SPIRAL
24.0394,3.8556,1.4716,3.6728,-0.36783,0.80596,0.00811,-0.37,-31.49,38.84,53.6,102.22,654.76,248.91,SPIRAL
24.0495,3.8056,1.6916,3.4128,-0.36783,0.79196,0.00811,-0.38,-35.77,34.94,53.6,102.25,654.82,248.91,SPIRAL
24.0596,3.8556,1.6016,3.1528,-0.37083,0.78196,0.00611,-0.39,-39.75,30.33,53.6,102.27,654.86,248.91,SPIRAL
24.0697,3.7356,1.5116,3.3928,-0.35683,0.77596,0.00911,-0.40,-43.58,24.50,53.6,102.30,654.92,248.90,SPIRAL
24.0798,3.4756,1.6216,2.9528,-0.36283,0.76796,0.01211,-0.41,-46.15,19.23,53.6,102.31,654.96,248.90,SPIRAL
24.0900,3.6356,1.3316,3.0028,-0.34283,0.76296,0.00511,-0.41,-48.33,12.82,53.6,102.33,655.02,248.90,SPIRAL
24.1001,3.6256,1.3116,3.4628,-0.32783,0.75996,0.00611,-0.42,-49.72,5.29,53.6,102.34,655.07,248.90,SPIRAL
24.1102,3.9256,1.5816,2.7028,-0.31583,0.75796,0.00811,-0.42,-50.00,-0.48,53.7,102.35,655.13,248.90,SPIRAL
24.1203,3.6456,1.5916,2.7928,-0.33583,0.72696,0.00711,-0.44,-49.43,-7.50,53.7,102.35,655.17,248.89,SPIRAL
24.1305,3.4156,1.3616,3.2028,-0.34183,0.72196,0.00411,-0.44,-47.74,-14.85,53.7,102.35,655.24,248.89,SPIRAL
24.1406,3.5056,1.4416,2.7428,-0.32083,0.72596,0.00311,-0.44,-45.70,-20.29,53.7,102.34,655.28,248.89,SPIRAL
24.1507,3.5856,1.5216,2.7928,-0.30883,0.71996,0.00311,-0.45,-41.94,-27.21,53.7,102.34,655.34,248.89,SPIRAL
24.1608,3.2556,1.2616,2.8028,-0.31683,0.70996,0.00111,-0.45,-37.56,-33.01,53.7,102.32,655.40,248.89,SPIRAL
24.1709,3.5056,1.4516,2.6828,-0.31383,0.70196,0.00011,-0.45,-31.55,-38.78,53.7,102.31,655.43,248.88,SPIRAL
24.1810,3.3356,1.2816,2.6228,-0.30083,0.69696,0.00111,-0.45,-26.99,-42.09,53.7,102.29,655.48,248.88,SPIRAL
24.1912,3.3056,1.3216,2.6528,-0.28983,0.69696,-0.00288,-0.45,-20.66,-45.53,53.7,102.28,655.52,248.88,SPIRAL
24.2013,3.1656,1.1916,2.7628,-0.29283,0.69396,-0.00088,-0.45,-13.83,-48.05,53.7,102.25,655.56,248.88,SPIRAL
24.2114,3.1856,1.5816,2.4528,-0.27383,0.69696,0.00111,-0.44,-6.01,-49.64,53.7,102.24,655.59,248.87,SPIRAL
24.2215,3.4056,0.9016,2.8628,-0.24983,0.70496,-0.00488,-0.44,0.94,-49.99,53.7,102.21,655.62,248.87,SPIRAL
24.2316,3.2856,1.1516,2.4328,-0.27583,0.67996,-0.00288,-0.45,7.47,-49.44,53.7,102.19,655.64,248.87,SPIRAL
24.2417,3.2856,1.0216,2.7828,-0.26483,0.67996,-0.00688,-0.44,14.53,-47.84,53.7,102.17,655.67,248.86,SPIRAL
24.2519,3.2656,1.3216,2.3828,-0.26983,0.66396,-0.00288,-0.43,20.95,-45.40,53.7,102.15,655.68,248.86,SPIRAL
24.2620,3.0556,1.2316,2.5128,-0.26683,0.65796,-0.00588,-0.42,27.18,-41.97,53.8,102.13,655.70,248.86,SPIRAL
24.2721,3.0756,1.1916,2.6828,-0.25583,0.67096,-0.00288,-0.42,32.43,-38.06,53.8,102.12,655.71,248.85,SPIRAL
24.2822,3.1056,0.9116,2.9428,-0.26083,0.67896,-0.00588,-0.41,36.85,-33.79,53.8,102.10,655.72,248.85,SPIRAL
24.2923,2.9756,1.3516,2.4428,-0.27983,0.66396,-0.00588,-0.40,40.88,-28.79,53.8,102.09,655.73,248.85,SPIRAL
24.3024,3.0556,1.2216,2.4528,-0.27283,0.65196,-0.00688,-0.41,44.55,-22.69,53.8,102.08,655.73,248.84,SPIRAL
24.3125,3.0356,1.1916,2.5328,-0.26683,0.66296,-0.00788,-0.40,46.86,-17.44,53.8,102.08,655.73,248.84,SPIRAL
24.3227,3.0156,1.2816,2.5228,-0.27983,0.64796,-0.00688,-0.38,48.70,-11.32,53.8,102.07,655.73,248.83,SPIRAL
24.3328,3.0556,0.9716,2.7928,-0.27883,0.66396,-0.00988,-0.38,49.72,-5.23,53.8,102.08,655.73,248.83,SPIRAL
24.3429,3.3156,1.0716,3.0028,-0.27883,0.65696,-0.00688,-0.38,49.99,0.68,53.8,102.08,655.73,248.82,SPIRAL
24.3530,3.1256,1.1216,2.5228,-0.29083,0.64196,-0.00988,-0.37,49.63,6.04,53.8,102.09,655.73,248.82,SPIRAL
24.3631,3.1956,1.1716,2.2728,-0.27783,0.64896,-0.01088,-0.37,48.37,12.66,53.8,102.11,655.73,248.82,SPIRAL
24.3732,2.9856,1.3516,2.7328,-0.28683,0.64996,-0.00888,-0.37,46.52,18.33,53.8,102.13,655.73,248.81,SPIRAL
24.3833,3.1556,1.3816,2.5528,-0.28583,0.64696,-0.00588,-0.36,43.87,23.98,53.8,102.15,655.73,248.81,SPIRAL
24.3934,3.0756,0.9216,2.8028,-0.28583,0.64596,-0.00988,-0.36,40.94,28.70,53.8,102.18,655.73,248.81,SPIRAL
24.4035,3.1756,1.0816,2.7828,-0.27383,0.66396,-0.00688,-0.36,37.80,32.73,53.8,102.20,655.73,248.80,SPIRAL
24.4136,2.9256,1.5616,2.1128,-0.28083,0.64796,-0.00688,-0.37,31.97,38.44,53.8,102.24,655.74,248.80,SPIRAL
24.4237,3.0156,1.1416,2.5428,-0.28383,0.66896,-0.00988,-0.36,28.87,40.82,53.8,102.26,655.75,248.80,SPIRAL
24.4338,3.0256,1.4516,2.4428,-0.27483,0.66096,-0.00988,-0.36,24.15,43.78,53.8,102.30,655.76,248.79,SPIRAL
24.4439,3.0256,1.4516,2.3228,-0.30383,0.64496,-0.00788,-0.36,18.91,46.29,53.8,102.33,655.77,248.79,SPIRAL
24.4540,3.0056,1.3516,2.3628,-0.29683,0.64896,-0.00788,-0.36,13.57,48.12,53.8,102.38,655.79,248.78,SPIRAL
24.4642,3.0756,1.2016,2.4128,-0.29483,0.64396,-0.01488,-0.36,8.29,49.31,53.8,102.41,655.81,248.78,SPIRAL
24.4743,3.1656,1.0516,2.2428,-0.28983,0.64596,-0.00988,-0.36,2.55,49.93,53.8,102.46,655.84,248.78,SPIRAL
24.4844,3.0556,1.3016,2.1028,-0.29183,0.64296,-0.01288,-0.37,-2.94,49.91,53.8,102.49,655.87,248.78,SPIRAL
24.4945,3.1456,1.1716,2.6028,-0.27383,0.64996,-0.01488,-0.37,-8.86,49.21,53.9,102.54,655.91,248.77,SPIRAL
24.5047,3.0256,1.1516,2.3828,-0.29483,0.63996,-0.01888,-0.37,-14.92,47.72,53.9,102.58,655.95,248.77,SPIRAL
24.5148,3.1256,1.2416,2.4028,-0.28183,0.64396,-0.01888,-0.37,-20.75,45.49,53.9,102.61,655.99,248.77,SPIRAL
24.5249,3.2456,1.0716,2.4828,-0.26183,0.64596,-0.02288,-0.38,-26.03,42.69,53.9,102.66,656.04,248.77,SPIRAL
24.5350,3.0556,1.1916,2.3028,-0.25283,0.65296,-0.02188,-0.37,-32.12,38.32,53.9,102.68,656.08,248.76,SPIRAL
24.5451,3.1256,1.1016,2.2928,-0.23083,0.65496,-0.01688,-0.39,-35.52,35.18,53.9,102.72,656.14,248.76,SPIRAL
24.5552,3.3656,0.9916,2.3428,-0.23983,0.65296,-0.02388,-0.39,-39.78,30.29,53.9,102.74,656.18,248.76,SPIRAL
24.5654,2.9856,1.1316,2.1228,-0.23883,0.63596,-0.02088,-0.40,-43.27,25.06,53.9,102.77,656.25,248.76,SPIRAL
24.5755,2.9056,1.1816,2.2928,-0.20883,0.64996,-0.02488,-0.40,-46.22,19.07,53.9,102.79,656.29,248.76,SPIRAL
24.5856,3.1456,0.8316,2.1328,-0.20583,0.63996,-0.02988,-0.39,-48.32,12.85,53.9,102.81,656.36,248.76,SPIRAL
24.5958,2.9056,0.9916,2.3128,-0.22083,0.64196,-0.03088,-0.39,-49.49,7.10,53.9,102.83,656.41,248.75,SPIRAL
24.6059,3.1256,0.8016,2.2328,-0.18883,0.64596,-0.03988,-0.40,-50.00,-0.17,53.9,102.84,656.48,248.75,SPIRAL
24.6160,3.0256,0.6916,2.1128,-0.19183,0.63296,-0.04488,-0.40,-49.59,-6.41,53.9,102.85,656.52,248.75,SPIRAL
24.6261,3.1956,0.6816,2.0728,-0.16183,0.63096,-0.04088,-0.41,-48.27,-13.02,53.9,102.85,656.59,248.75,SPIRAL
24.6362,2.8756,0.6916,1.9128,-0.17783,0.63296,-0.04788,-0.41,-46.26,-18.96,54.0,102.85,656.64,248.75,SPIRAL
24.6463,3.0556,0.8016,1.7728,-0.17083,0.61296,-0.05288,-0.43,-42.11,-26.96,54.0,102.85,656.70,248.74,SPIRAL
24.6564,2.9456,1.0916,1.3228,-0.16383,0.61996,-0.05488,-0.41,-39.26,-30.96,54.0,102.84,656.74,248.74,SPIRAL
24.6667,2.9356,0.6416,1.5128,-0.15483,0.62196,-0.06688,-0.42,-35.01,-35.70,54.0,102.83,656.81,248.74,SPIRAL
24.6768,2.9156,0.8316,1.3728,-0.14283,0.62396,-0.06488,-0.42,-29.61,-40.29,54.0,102.82,656.86,248.74,SPIRAL
24.6869,2.9056,0.8616,1.2028,-0.14483,0.61596,-0.06788,-0.41,-23.60,-44.08,54.0,102.81,656.90,248.74,SPIRAL
24.6971,2.9856,0.9016,1.2028,-0.12583,0.62996,-0.06788,-0.42,-17.81,-46.72,54.0,102.79,656.95,248.73,SPIRAL
24.7072,2.8856,0.4916,1.3828,-0.12183,0.63096,-0.06988,-0.40,-10.75,-48.83,54.0,102.77,656.98,248.73,SPIRAL
24.7173,3.1656,0.2216,1.2628,-0.09583,0.62796,-0.07188,-0.42,-4.71,-49.78,54.0,102.75,657.02,248.73,SPIRAL
24.7274,3.2956,0.8816,1.0128,-0.08683,0.62196,-0.06688,-0.42,1.96,-49.96,54.0,102.74,657.04,248.73,SPIRAL
24.7375,2.9456,0.5216,0.9828,-0.08283,0.62696,-0.06988,-0.42,8.57,-49.26,54.0,102.72,657.07,248.72,SPIRAL
24.7476,3.2056,0.5516,0.7528,-0.07183,0.63296,-0.06988,-0.42,15.05,-47.68,54.0,102.70,657.09,248.72,SPIRAL
24.7577,2.8856,0.6216,0.9228,-0.07483,0.62796,-0.07388,-0.41,21.11,-45.32,54.0,102.68,657.12,248.72,SPIRAL
24.7678,3.0356,0.3916,1.2828,-0.05883,0.63596,-0.07488,-0.41,26.83,-42.19,54.1,102.67,657.13,248.71,SPIRAL
24.7779,3.0056,0.3616,0.9628,-0.06083,0.63096,-0.07688,-0.40,31.14,-39.12,54.1,102.65,657.14,248.71,SPIRAL
24.7880,2.7756,0.4916,1.0728,-0.06283,0.63696,-0.07188,-0.41,36.94,-33.70,54.1,102.64,657.15,248.71,SPIRAL
24.7982,3.2356,0.5016,0.7328,-0.04183,0.63296,-0.07988,-0.41,41.18,-28.35,54.1,102.63,657.16,248.70,SPIRAL
24.8083,3.0256,0.5916,0.9128,-0.06383,0.61496,-0.07988,-0.40,43.46,-24.73,54.1,102.63,657.17,248.70,SPIRAL
24.8184,3.0156,0.3816,0.5628,-0.04283,0.62996,-0.08088,-0.40,46.96,-17.17,54.1,102.63,657.17,248.69,SPIRAL
24.8285,2.7756,0.7216,0.6828,-0.05883,0.63196,-0.07988,-0.40,48.27,-13.02,54.1,102.63,657.17,248.69,SPIRAL
24.8386,3.1256,0.6616,0.5328,-0.06783,0.62296,-0.08388,-0.40,49.53,-6.80,54.1,102.63,657.17,248.69,SPIRAL
24.8487,3.0856,0.6316,0.7128,-0.07283,0.62196,-0.08488,-0.40,50.00,-0.47,54.1,102.64,657.17,248.68,SPIRAL
24.8588,3.0756,0.8316,0.5428,-0.07583,0.60996,-0.08288,-0.40,49.36,7.95,54.1,102.65,657.17,248.68,SPIRAL
24.8689,3.1356,0.5916,0.8928,-0.04683,0.63296,-0.08588,-0.40,48.50,12.13,54.1,102.67,657.17,248.67,SPIRAL
24.8790,2.8456,0.3816,0.9028,-0.05283,0.64396,-0.08588,-0.39,45.74,20.19,54.1,102.69,657.17,248.67,SPIRAL
24.8892,3.0256,0.5316,0.8628,-0.06183,0.63496,-0.08688,-0.40,43.89,23.96,54.1,102.71,657.17,248.67,SPIRAL
24.8993,3.1456,0.4916,0.9428,-0.04983,0.64296,-0.08688,-0.39,39.41,30.77,54.1,102.74,657.17,248.66,SPIRAL
24.9094,3.0256,0.4216,0.7928,-0.06383,0.62696,-0.08488,-0.39,35.35,35.36,54.1,102.77,657.18,248.66,SPIRAL
24.9195,3.1656,0.3616,0.8628,-0.06183,0.62896,-0.08588,-0.40,31.84,38.55,54.1,102.80,657.19,248.65,SPIRAL
24.9296,3.1356,0.7216,0.7728,-0.05683,0.63796,-0.08288,-0.40,26.70,42.27,54.1,102.84,657.20,248.65,SPIRAL
24.9397,2.9756,0.4416,0.9128,-0.06383,0.64396,-0.08088,-0.40,21.13,45.31,54.1,102.86,657.21,248.65,SPIRAL
24.9498,3.0956,0.4916,0.6928,-0.04883,0.64896,-0.08088,-0.40,15.21,47.63,54.1,102.91,657.23,248.64,SPIRAL
24.9600,3.1456,0.4716,0.7828,-0.04383,0.64596,-0.08088,-0.40,9.04,49.17,54.1,102.94,657.25,248.64,SPIRAL
24.9701,3.1456,-0.1083,1.2228,-0.02883,0.66296,-0.07988,-0.40,2.73,49.92,54.1,102.99,657.28,248.64,SPIRAL
24.9802,3.2956,0.3216,0.3628,-0.05283,0.63196,-0.08188,-0.40,-3.63,49.87,54.1,103.02,657.30,248.64,SPIRAL
24.9903,3.2556,0.4616,0.3828,-0.02083,0.64696,-0.07888,-0.40,-9.92,49.00,54.2,103.07,657.34,248.63,SPIRAL
25.0004,3.1256,0.3416,0.4628,-0.05683,0.63996,-0.07988,-0.40,-16.06,47.35,54.2,103.10,657.37,248.63,SPIRAL
25.0105,3.2656,0.7816,0.1628,-0.04783,0.63596,-0.07888,-0.40,-21.92,44.94,54.2,103.14,657.41,248.63,SPIRAL
25.0207,3.2856,0.1416,0.3328,-0.02483,0.64696,-0.08188,-0.40,-27.44,41.79,54.2,103.17,657.45,248.63,SPIRAL
25.0308,3.2056,0.4216,0.4228,-0.01083,0.65796,-0.07588,-0.40,-32.52,37.98,54.2,103.21,657.50,248.62,SPIRAL
25.0409,3.2256,0.1716,0.4328,-0.00883,0.65696,-0.07888,-0.40,-37.07,33.55,54.2,103.24,657.56,248.62,SPIRAL
25.0509,3.0756,0.4016,0.1028,0.00916,0.65896,-0.07588,-0.40,-41.01,28.61,54.2,103.27,657.60,248.62,SPIRAL
25.0611,3.2656,-0.3283,0.3528,0.01716,0.66396,-0.07888,-0.40,-44.30,23.18,54.2,103.30,657.66,248.62,SPIRAL
25.0712,3.2856,0.0316,0.3528,0.03616,0.67196,-0.07788,-0.40,-46.88,17.38,54.2,103.31,657.70,248.62,SPIRAL
25.0813,2.9756,-0.0983,0.4928,0.02216,0.66696,-0.07488,-0.40,-48.70,11.30,54.2,103.33,657.77,248.61,SPIRAL
25.0914,3.1956,0.3316,-0.1171,0.02816,0.65796,-0.06988,-0.40,-49.74,5.04,54.2,103.34,657.81,248.61,SPIRAL
25.1015,3.1256,-0.3383,0.2628,0.05216,0.67796,-0.07188,-0.40,-49.98,-1.32,54.3,103.36,657.88,248.61,SPIRAL
25.1116,3.2156,0.1116,0.0328,0.06316,0.66496,-0.07288,-0.40,-49.41,-7.64,54.3,103.36,657.93,248.61,SPIRAL
25.1217,3.1956,-0.2383,0.1928,0.07316,0.66896,-0.06988,-0.40,-48.04,-13.84,54.3,103.36,657.99,248.61,SPIRAL
25.1319,3.1656,-0.0083,-0.2071,0.05616,0.66996,-0.07188,-0.40,-45.90,-19.83,54.3,103.36,658.03,248.60,SPIRAL
25.1420,3.3056,-0.1083,-0.0271,0.07416,0.67696,-0.07288,-0.40,-43.02,-25.48,54.3,103.36,658.10,248.60,SPIRAL
25.1523,3.4056,-0.2583,0.1728,0.08016,0.67696,-0.07088,-0.40,-39.37,-30.82,54.3,103.35,658.14,248.60,SPIRAL
25.1624,3.4056,-0.2783,0.1228,0.08716,0.69296,-0.06888,-0.40,-35.14,-35.57,54.3,103.34,658.19,248.60,SPIRAL
25.1725,3.3156,-0.0283,-0.2471,0.09116,0.68196,-0.06688,-0.40,-30.36,-39.73,54.3,103.33,658.23,248.60,SPIRAL
25.1826,3.3056,-0.1583,-0.2171,0.08216,0.68096,-0.06688,-0.40,-25.09,-43.25,54.3,103.31,658.28,248.59,SPIRAL
25.1927,3.2956,-0.2783,0.1728,0.10516,0.69496,-0.06788,-0.40,-19.40,-46.08,54.3,103.29,658.32,248.59,SPIRAL
25.2029,3.3156,-0.5483,0.4328,0.12216,0.70596,-0.06888,-0.40,-13.38,-48.18,54.3,103.28,658.35,248.59,SPIRAL
25.2130,3.3356,-0.0683,-0.2271,0.10216,0.68996,-0.06188,-0.40,-7.18,-49.48,54.4,103.26,658.39,248.58,SPIRAL
25.2231,3.2356,-0.3383,0.3528,0.09316,0.70096,-0.06188,-0.40,-0.85,-49.99,54.4,103.24,658.41,248.58,SPIRAL
25.2332,3.4656,-0.5783,0.0828,0.12316,0.70096,-0.06888,-0.40,5.49,-49.70,54.4,103.22,658.44,248.58,SPIRAL
25.2433,3.4856,-0.5083,-0.0171,0.11716,0.70696,-0.06688,-0.40,11.75,-48.60,54.4,103.20,658.46,248.58,SPIRAL
25.2534,3.3856,-0.2183,0.2128,0.09616,0.68896,-0.06288,-0.40,17.80,-46.72,54.4,103.18,658.48,248.57,SPIRAL
25.2635,3.5856,-0.2883,-0.1871,0.12216,0.70096,-0.06488,-0.40,23.58,-44.09,54.4,103.16,658.49,248.57,SPIRAL
25.2736,3.7056,-0.2783,-0.2671,0.13416,0.71396,-0.06088,-0.40,28.98,-40.74,54.4,103.14,658.50,248.56,SPIRAL
25.2837,3.4656,-0.0983,-0.1671,0.12116,0.71096,-0.05688,-0.40,33.91,-36.74,54.4,103.13,658.50,248.56,SPIRAL
25.2939,3.5656,-0.5483,-0.1671,0.10816,0.70596,-0.06288,-0.40,38.30,-32.14,54.4,103.12,658.51,248.56,SPIRAL
25.3040,3.5456,-0.2483,-0.2571,0.11416,0.71696,-0.06188,-0.40,42.07,-27.03,54.4,103.11,658.51,248.55,SPIRAL
25.3141,3.5956,-0.1783,0.0228,0.09116,0.70496,-0.06088,-0.40,45.15,-21.48,54.4,103.10,658.51,248.55,SPIRAL
25.3242,3.4656,-0.0883,-0.3271,0.07216,0.68996,-0.05988,-0.40,47.51,-15.58,54.4,103.10,658.51,248.54,SPIRAL
25.3344,3.3656,0.0216,-0.2171,0.08016,0.70696,-0.06188,-0.40,49.12,-9.35,54.4,103.10,658.50,248.54,SPIRAL
25.3446,3.4856,-0.2083,-0.3571,0.08516,0.71096,-0.06388,-0.40,49.91,-3.05,54.4,103.11,658.50,248.54,SPIRAL
25.3547,3.3756,-0.2983,0.0828,0.07916,0.71996,-0.05988,-0.40,49.89,3.31,54.4,103.12,658.49,248.53,SPIRAL
25.3649,3.5956,-0.1883,-0.0171,0.08016,0.72196,-0.06288,-0.40,49.06,9.64,54.4,103.13,658.49,248.53,SPIRAL
25.3750,3.6156,-0.0183,-0.3271,0.07416,0.70796,-0.06088,-0.40,47.44,15.78,54.4,103.14,658.48,248.52,SPIRAL
25.3851,3.5256,-0.0683,-0.4171,0.06916,0.70896,-0.05988,-0.40,45.05,21.68,54.4,103.17,658.48,248.52,SPIRAL
25.3952,3.7256,-0.2483,0.1028,0.09716,0.73296,-0.06188,-0.40,41.94,27.22,54.4,103.19,658.48,248.52,SPIRAL
25.4054,3.5056,0.0416,-0.3071,0.07216,0.72696,-0.06288,-0.40,38.14,32.33,54.4,103.22,658.48,248.51,SPIRAL
25.4155,3.4556,-0.3083,-0.1471,0.06316,0.72496,-0.06088,-0.40,33.74,36.90,54.4,103.24,658.48,248.51,SPIRAL
25.4256,3.3756,0.0516,0.1428,0.05316,0.73196,-0.06388,-0.40,28.77,40.89,54.4,103.28,658.49,248.50,SPIRAL
25.4358,3.5156,0.0416,-0.0971,0.07016,0.73796,-0.05988,-0.40,23.34,44.21,54.5,103.30,658.49,248.50,SPIRAL
25.4459,3.7356,-0.2283,0.3428,0.08716,0.74196,-0.05888,-0.40,17.55,46.82,54.5,103.35,658.51,248.50,SPIRAL
25.4560,3.2656,-0.2983,0.2628,0.05216,0.73696,-0.06088,-0.40,11.50,48.66,54.5,103.38,658.52,248.49,SPIRAL
25.4661,3.8756,0.1816,-0.6871,0.08216,0.72696,-0.06088,-0.40,5.24,49.72,54.5,103.42,658.54,248.49,SPIRAL
25.4762,3.7456,-0.3283,-0.0871,0.07016,0.72796,-0.06188,-0.40,-1.10,49.99,54.5,103.45,658.56,248.49,SPIRAL
25.4863,3.6356,0.0416,-0.2871,0.08416,0.73396,-0.05988,-0.40,-7.44,49.44,54.5,103.50,658.59,248.48,SPIRAL
25.4965,3.6156,-0.4383,0.3028,0.07616,0.74396,-0.06688,-0.40,-13.67,48.09,54.5,103.52,658.61,248.48,SPIRAL
25.5066,3.7456,-0.4983,0.1328,0.08416,0.73496,-0.06488,-0.40,-19.66,45.97,54.5,103.57,658.65,248.48,SPIRAL
25.5167,3.5756,0.0816,-0.6271,0.08816,0.72696,-0.05888,-0.40,-25.32,43.11,54.5,103.60,658.68,248.48,SPIRAL
25.5268,3.7756,-0.1483,-0.0971,0.10816,0.74096,-0.05988,-0.40,-30.59,39.55,54.5,103.63,658.73,248.47,SPIRAL
25.5369,3.6156,0.0016,-0.0671,0.08716,0.72296,-0.05688,-0.40,-35.36,35.35,54.5,103.67,658.78,248.47,SPIRAL
25.5470,3.6056,-0.0583,-0.3471,0.09416,0.72396,-0.05788,-0.40,-39.55,30.59,54.5,103.69,658.81,248.47,SPIRAL
25.5572,3.5156,-0.2083,-0.0371,0.08416,0.72496,-0.05788,-0.40,-43.11,25.32,54.5,103.72,658.87,248.47,SPIRAL
25.5673,3.5456,-0.0483,-0.4771,0.08716,0.71996,-0.05388,-0.40,-45.98,19.65,54.6,103.74,658.91,248.46,SPIRAL
25.5774,3.7856,-0.4683,0.2928,0.11916,0.74296,-0.05888,-0.40,-48.09,13.67,54.6,103.76,658.97,248.46,SPIRAL
25.5875,3.7056,-0.1683,-0.4771,0.12116,0.73796,-0.05588,-0.40,-49.44,7.46,54.6,103.77,659.01,248.46,SPIRAL
25.5976,3.5656,-0.3483,0.0128,0.13016,0.75196,-0.05388,-0.40,-49.99,1.12,54.6,103.78,659.07,248.46,SPIRAL
25.6077,3.8456,-0.4383,-0.3871,0.13916,0.74396,-0.05588,-0.40,-49.73,-5.22,54.6,103.79,659.11,248.46,SPIRAL
25.6179,3.5556,-0.6883,0.1928,0.14216,0.76596,-0.05288,-0.40,-48.66,-11.49,54.6,103.79,659.17,248.45,SPIRAL
25.6279,3.7356,-0.5283,-0.1371,0.13316,0.74896,-0.05188,-0.40,-46.82,-17.54,54.6,103.79,659.21,248.45,SPIRAL
25.6380,3.7156,-0.3483,-0.3771,0.13416,0.74796,-0.04988,-0.40,-44.22,-23.32,54.6,103.78,659.27,248.45,SPIRAL
25.6482,3.8856,-0.6783,-0.1171,0.15916,0.75996,-0.05588,-0.40,-40.91,-28.75,54.6,103.78,659.31,248.45,SPIRAL
25.6583,4.0056,-0.6383,-0.1171,0.16616,0.75396,-0.05288,-0.40,-36.93,-33.71,54.6,103.77,659.36,248.45,SPIRAL
25.6684,3.9856,-0.1683,-0.5271,0.15216,0.74396,-0.04888,-0.40,-32.35,-38.12,54.7,103.75,659.39,248.44,SPIRAL
25.6786,3.8156,-0.6983,-0.0871,0.17416,0.76696,-0.05388,-0.40,-27.23,-41.93,54.7,103.74,659.44,248.44,SPIRAL
25.6887,3.4156,-0.1283,-0.1471,0.15016,0.76496,-0.04588,-0.40,-21.70,-45.04,54.7,103.71,659.48,248.44,SPIRAL
25.6988,3.8356,-0.4483,-0.3271,0.16816,0.76096,-0.04788,-0.40,-15.82,-47.43,54.7,103.70,659.51,248.43,SPIRAL
25.7089,3.7456,-0.5583,-0.1371,0.16816,0.77696,-0.05288,-0.40,-9.68,-49.05,54.7,103.67,659.54,248.43,SPIRAL
25.7190,3.9156,-0.6283,0.1028,0.18416,0.78296,-0.04788,-0.40,-3.38,-49.88,54.7,103.66,659.56,248.43,SPIRAL
25.7292,3.8656,-0.6283,-0.0671,0.17416,0.78496,-0.04588,-0.40,2.97,-49.91,54.7,103.63,659.59,248.42,SPIRAL
25.7393,4.0156,-0.7783,-0.2871,0.18616,0.76796,-0.04788,-0.40,9.27,-49.13,54.7,103.61,659.60,248.42,SPIRAL
25.7494,3.9556,-0.6083,-0.0671,0.18616,0.78496,-0.04888,-0.40,15.43,-47.56,54.7,103.59,659.62,248.42,SPIRAL
25.7595,3.7156,-0.6783,-0.1871,0.16216,0.78196,-0.04688,-0.40,21.34,-45.22,54.7,103.57,659.63,248.41,SPIRAL
25.7696,3.9356,-0.6383,-0.3571,0.19516,0.79596,-0.04588,-0.40,26.90,-42.14,54.7,103.55,659.63,248.41,SPIRAL
25.7797,3.7956,-0.2583,-0.0171,0.16416,0.78996,-0.04388,-0.40,32.02,-38.40,54.7,103.54,659.64,248.41,SPIRAL
25.7898,3.8256,-0.4583,-0.3071,0.15716,0.78696,-0.04788,-0.40,36.62,-34.04,54.7,103.52,659.64,248.40,SPIRAL
25.8000,3.9456,-0.5883,-0.1271,0.17416,0.80296,-0.04788,-0.40,40.66,-29.10,54.7,103.51,659.64,248.40,SPIRAL
25.8101,4.0756,-0.6883,-0.0271,0.17116,0.80096,-0.04588,-0.40,44.02,-23.70,54.7,103.50,659.63,248.39,SPIRAL
25.8202,3.7956,-0.7083,0.1328,0.17116,0.80796,-0.04688,-0.40,46.67,-17.94,54.7,103.50,659.63,248.39,SPIRAL
25.8303,3.8256,-0.4683,-0.1471,0.14616,0.79396,-0.04688,-0.40,48.57,-11.88,54.7,103.49,659.62,248.39,SPIRAL
25.8404,3.7856,0.0416,-0.5171,0.13216,0.78296,-0.03988,-0.40,49.68,-5.63,54.7,103.49,659.61,248.38,SPIRAL
25.8506,3.9956,-0.5183,-0.1871,0.15016,0.79896,-0.04688,-0.40,49.99,0.72,54.8,103.50,659.60,248.38,SPIRAL
25.8607,3.7256,-0.2483,-0.2471,0.12816,0.80396,-0.04788,-0.40,49.50,7.04,54.8,103.51,659.60,248.37,SPIRAL
25.8708,3.8156,0.0016,-0.0271,0.12216,0.80596,-0.04588,-0.40,48.20,13.27,54.8,103.52,659.59,248.37,SPIRAL
25.8809,4.0856,-0.2383,0.0228,0.13416,0.81396,-0.04888,-0.40,46.13,19.28,54.8,103.54,659.58,248.36,SPIRAL
25.8910,3.8956,-0.0783,-0.2071,0.12916,0.80096,-0.04488,-0.40,43.32,24.96,54.8,103.56,659.57,248.36,SPIRAL
25.9011,3.9056,-0.5283,0.1128,0.13016,0.81496,-0.04788,-0.40,39.82,30.23,54.8,103.59,659.56,248.36,SPIRAL
25.9112,4.0056,-0.4383,0.0128,0.12016,0.78896,-0.04988,-0.40,35.66,35.05,54.8,103.61,659.56,248.35,SPIRAL
25.9213,3.7356,-0.4183,-0.0171,0.13616,0.81596,-0.04688,-0.40,30.94,39.28,54.8,103.64,659.56,248.35,SPIRAL
25.9315,4.0056,-0.2283,-0.0071,0.13016,0.80196,-0.04988,-0.40,25.69,42.90,54.8,103.67,659.56,248.34,SPIRAL
25.9416,3.8556,-0.2283,-0.0771,0.11616,0.81296,-0.04888,-0.40,20.05,45.80,54.8,103.71,659.57,248.34,SPIRAL
25.9517,3.7656,-0.0283,-0.2471,0.12416,0.81196,-0.04588,-0.40,14.08,47.97,54.8,103.74,659.58,248.34,SPIRAL
25.9618,4.0256,-0.4983,0.1228,0.12916,0.82196,-0.05388,-0.40,7.88,49.37,54.8,103.78,659.59,248.33,SPIRAL
25.9719,4.1256,0.0116,-0.5371,0.13716,0.79796,-0.04888,-0.40,1.56,49.97,54.8,103.81,659.61,248.33,SPIRAL
25.9821,3.9756,-0.5183,-0.1071,0.12716,0.82096,-0.04888,-0.40,-4.79,49.77,54.8,103.85,659.63,248.33,SPIRAL
25.9922,3.9156,-0.5483,0.0828,0.13216,0.81196,-0.04788,-0.40,-11.06,48.76,54.8,103.88,659.65,248.32,SPIRAL
26.0023,4.1056,-0.2183,-0.1771,0.12716,0.81296,-0.04688,-0.40,-17.15,46.96,54.8,103.92,659.68,248.32,SPIRAL
26.0124,4.1656,-0.6483,-0.1471,0.14716,0.82196,-0.05088,-0.40,-22.97,44.41,54.8,103.95,659.71,248.32,SPIRAL
26.0225,4.0656,-0.2383,-0.3471,0.13816,0.81096,-0.04488,-0.40,-28.41,41.14,54.8,103.98,659.75,248.32,SPIRAL
26.0326,4.0756,-0.5883,0.0328,0.15416,0.82496,-0.05088,-0.40,-33.40,37.21,54.9,104.02,659.79,248.31,SPIRAL
26.0427,3.8556,-0.4183,-0.1771,0.16516,0.82696,-0.04588,-0.40,-37.84,32.68,54.9,104.04,659.83,248.31,SPIRAL
26.0529,3.9556,-0.4383,-0.4471,0.17816,0.81896,-0.04388,-0.40,-41.68,27.62,54.9,104.07,659.88,248.31,SPIRAL
26.0629,3.9756,-0.5983,-0.3171,0.18816,0.82196,-0.04888,-0.40,-44.84,22.12,54.9,104.09,659.91,248.31,SPIRAL
26.0731,3.9656,-0.5883,-0.2771,0.18116,0.82296,-0.04388,-0.40,-47.28,16.26,54.9,104.11,659.97,248.30,SPIRAL
26.0832,4.0556,-0.6183,-0.5471,0.17916,0.80896,-0.04588,-0.40,-48.96,10.14,54.9,104.12,660.01,248.30,SPIRAL
26.0933,4.0756,-0.4283,-0.1771,0.18116,0.80896,-0.04188,-0.40,-49.85,3.86,54.9,104.13,660.06,248.30,SPIRAL
26.1034,3.9856,-0.7283,-0.2171,0.17316,0.81396,-0.04388,-0.40,-49.94,-2.51,54.9,104.14,660.10,248.30,SPIRAL
26.1135,3.8756,-0.6683,-0.2071,0.17116,0.81596,-0.04488,-0.40,-49.21,-8.82,54.9,104.14,660.16,248.30,SPIRAL
26.1237,4.1256,-0.7983,-0.1971,0.20116,0.82496,-0.03888,-0.40,-47.70,-14.99,54.9,104.14,660.19,248.29,SPIRAL
26.1338,4.3056,-0.5183,-0.4071,0.19616,0.81796,-0.04188,-0.38,-45.76,-20.16,55.0,104.13,660.25,248.29,SPIRAL
26.1439,4.0956,-0.7583,-0.1371,0.20716,0.83396,-0.04288,-0.40,-42.40,-26.50,55.0,104.13,660.28,248.29,SPIRAL
26.1539,4.1656,-0.7383,-0.3071,0.22516,0.84196,-0.04788,-0.40,-38.72,-31.64,55.0,104.11,660.33,248.29,SPIRAL
26.1641,4.2556,-0.6783,-0.2171,0.19716,0.82396,-0.03988,-0.40,-34.39,-36.29,55.0,104.10,660.37,248.28,SPIRAL
26.1742,4.1056,-0.6583,-0.5371,0.19516,0.82096,-0.03588,-0.40,-29.52,-40.35,55.0,104.08,660.41,248.28,SPIRAL
26.1843,4.1656,-0.5283,-0.3271,0.21216,0.82796,-0.03788,-0.40,-24.17,-43.77,55.0,104.07,660.44,248.28,SPIRAL
26.1944,4.3056,-0.7783,-0.2671,0.21616,0.83396,-0.03488,-0.40,-18.42,-46.48,55.0,104.05,660.47,248.28,SPIRAL
26.2045,4.0656,-0.7683,-0.2171,0.20616,0.84196,-0.03388,-0.40,-12.38,-48.44,55.0,104.03,660.49,248.27,SPIRAL
26.2146,4.1256,-0.7083,-0.6071,0.20116,0.83396,-0.03988,-0.40,-6.15,-49.62,55.0,104.00,660.52,248.27,SPIRAL
26.2247,4.1556,-1.1083,-0.1471,0.21316,0.85196,-0.04388,-0.40,0.19,-50.00,55.0,103.98,660.55,248.26,SPIRAL
26.2348,4.2456,-0.8983,-0.2471,0.19016,0.83196,-0.03688,-0.40,6.51,-49.57,55.0,103.96,660.56,248.26,SPIRAL
26.2449,4.2056,-0.5883,-0.3271,0.19216,0.83596,-0.03588,-0.40,12.74,-48.35,55.0,103.93,660.57,248.26,SPIRAL
26.2551,4.2456,-1.0183,0.2828,0.20416,0.85196,-0.03988,-0.40,18.77,-46.34,55.1,103.91,660.58,248.25,SPIRAL
26.2652,4.2956,-1.0283,-0.2271,0.20116,0.83696,-0.03788,-0.40,24.52,-43.57,55.1,103.89,660.58,248.25,SPIRAL
26.2753,4.0956,-0.9683,0.0828,0.19516,0.84096,-0.03988,-0.40,29.85,-40.11,55.1,103.88,660.59,248.25,SPIRAL
26.2854,4.2056,-0.4083,-0.4071,0.18516,0.84296,-0.03788,-0.40,34.69,-36.01,55.1,103.86,660.58,248.24,SPIRAL
26.2955,4.0356,-0.4683,-0.2471,0.18416,0.84796,-0.03288,-0.40,38.97,-31.32,55.1,103.85,660.58,248.24,SPIRAL
26.3057,4.0556,-0.5083,-0.2071,0.15016,0.83796,-0.03688,-0.40,42.62,-26.14,55.1,103.83,660.57,248.23,SPIRAL
26.3158,4.0556,-0.3983,-0.0271,0.15916,0.86096,-0.03488,-0.40,45.59,-20.53,55.1,103.83,660.57,248.23,SPIRAL
26.3259,4.1456,-0.2183,-0.5171,0.16216,0.85996,-0.03588,-0.40,47.83,-14.57,55.1,103.82,660.55,248.22,SPIRAL
26.3360,4.3056,-0.3483,-0.2271,0.16516,0.86596,-0.03588,-0.40,49.29,-8.42,55.1,103.82,660.54,248.22,SPIRAL
26.3461,4.2756,0.0316,-0.6571,0.15816,0.85396,-0.03388,-0.40,49.95,-2.11,55.1,103.82,660.53,248.22,SPIRAL
26.3562,4.2756,0.0016,-0.9171,0.14816,0.84696,-0.03488,-0.40,49.82,4.24,55.1,103.83,660.52,248.21,SPIRAL
26.3663,4.0156,-0.1583,-0.2971,0.14216,0.84996,-0.03688,-0.40,48.87,10.55,55.1,103.84,660.51,248.21,SPIRAL
26.3764,4.2656,-0.5983,0.0628,0.14716,0.86096,-0.04088,-0.40,47.14,16.65,55.1,103.85,660.50,248.20,SPIRAL
26.3866,4.2556,-0.1883,-0.5571,0.13116,0.84396,-0.03688,-0.40,44.65,22.50,55.1,103.87,660.48,248.20,SPIRAL
26.3967,4.1656,-0.4283,-0.4171,0.12416,0.85396,-0.03988,-0.40,41.44,27.97,55.1,103.89,660.47,248.19,SPIRAL
26.4068,4.4456,-0.4183,-0.4471,0.12616,0.84296,-0.03888,-0.40,37.57,32.99,55.1,103.91,660.47,248.19,SPIRAL
26.4169,4.2156,-0.2083,-0.4171,0.13516,0.86296,-0.04088,-0.40,33.08,37.49,55.1,103.95,660.46,248.19,SPIRAL
26.4269,4.3356,-0.5083,0.0328,0.13316,0.86196,-0.04088,-0.40,28.09,41.36,55.1,103.97,660.46,248.18,SPIRAL
26.4371,4.3156,0.0116,-0.3571,0.13816,0.85896,-0.03988,-0.40,22.62,44.59,55.1,104.01,660.46,248.18,SPIRAL
26.4472,4.3456,-0.4283,-0.4471,0.14816,0.85696,-0.04288,-0.40,16.79,47.10,55.1,104.03,660.47,248.18,SPIRAL
26.4573,4.1956,-0.2583,-0.2971,0.13316,0.86096,-0.03988,-0.40,10.69,48.84,55.1,104.08,660.48,248.17,SPIRAL
26.4674,4.2256,-0.3183,-0.4771,0.13116,0.85596,-0.03788,-0.40,4.41,49.80,55.1,104.10,660.49,248.17,SPIRAL
26.4775,4.2556,-0.5083,-0.2071,0.13016,0.85796,-0.04088,-0.40,-1.94,49.96,55.1,104.15,660.51,248.16,SPIRAL
26.4876,4.3456,-0.5283,0.0728,0.13216,0.85696,-0.04088,-0.40,-8.25,49.31,55.1,104.17,660.52,248.16,SPIRAL
26.4977,4.2156,-0.1783,-0.3971,0.11916,0.85196,-0.03788,-0.40,-14.43,47.87,55.1,104.21,660.55,248.16,SPIRAL
26.5078,4.2056,-0.2683,-0.2071,0.11816,0.86596,-0.03788,-0.40,-20.38,45.66,55.2,104.24,660.57,248.16,SPIRAL
26.5179,4.1156,-0.2983,-0.2371,0.11316,0.85996,-0.04088,-0.40,-26.00,42.71,55.2,104.28,660.60,248.15,SPIRAL
26.5280,4.1956,-0.3983,-0.2071,0.12316,0.87596,-0.04188,-0.40,-31.20,39.07,55.2,104.30,660.63,248.15,SPIRAL
26.5381,4.4956,-0.4883,-0.2871,0.15116,0.87596,-0.04188,-0.40,-35.89,34.81,55.2,104.33,660.67,248.15,SPIRAL
26.5482,4.2956,-1.0883,-0.2371,0.14516,0.88096,-0.04488,-0.40,-40.01,29.98,55.2,104.35,660.70,248.14,SPIRAL
26.5584,4.3456,-0.7283,-0.2071,0.17116,0.87996,-0.03888,-0.40,-43.49,24.67,55.2,104.38,660.75,248.14,SPIRAL
26.5684,4.5356,-0.2883,-0.6871,0.17216,0.85496,-0.03888,-0.40,-46.26,18.98,55.2,104.40,660.78,248.14,SPIRAL
26.5786,4.1556,-0.7583,0.2528,0.18716,0.87496,-0.03788,-0.40,-48.29,12.95,55.2,104.41,660.83,248.14,SPIRAL
26.5887,4.4356,-0.9283,0.0528,0.21016,0.87296,-0.04088,-0.40,-49.54,6.73,55.2,104.42,660.87,248.14,SPIRAL
26.5989,4.3356,-0.5083,-0.1271,0.19116,0.85996,-0.03488,-0.40,-50.00,0.35,55.2,104.43,660.92,248.13,SPIRAL
26.6090,4.1656,-0.3783,-0.2671,0.19616,0.86896,-0.03688,-0.40,-49.64,-5.97,55.3,104.43,660.97,248.13,SPIRAL
26.6191,4.3456,-0.9283,0.2828,0.19516,0.87696,-0.03888,-0.40,-48.48,-12.22,55.3,104.43,661.01,248.13,SPIRAL
26.6292,4.2656,-1.1483,0.4828,0.18816,0.87196,-0.04188,-0.40,-46.55,-18.26,55.3,104.43,661.06,248.13,SPIRAL
26.6393,4.2556,-0.6583,0.2728,0.17516,0.86596,-0.03888,-0.40,-43.86,-24.00,55.3,104.42,661.09,248.12,SPIRAL
26.6494,4.0856,-0.6083,0.1728,0.17716,0.84996,-0.03888,-0.40,-40.46,-29.37,55.3,104.41,661.14,248.12,SPIRAL
26.6595,4.1556,-0.6883,0.1428,0.17816,0.87196,-0.03588,-0.40,-36.42,-34.26,55.3,104.40,661.17,248.12,SPIRAL
26.6696,4.4156,-0.5783,-0.4971,0.21316,0.85996,-0.03788,-0.40,-31.78,-38.60,55.3,104.38,661.21,248.11,SPIRAL
26.6797,4.3556,-0.7783,-0.1371,0.18716,0.86596,-0.03388,-0.40,-26.63,-42.31,55.3,104.36,661.24,248.11,SPIRAL
26.6898,4.3656,-0.7883,0.0428,0.19516,0.87896,-0.03588,-0.40,-21.07,-45.34,55.3,104.34,661.27,248.11,SPIRAL
26.6999,4.0956,-0.4283,-0.0271,0.17416,0.87796,-0.03388,-0.40,-15.15,-47.65,55.3,104.32,661.29,248.11,SPIRAL
26.7100,4.2756,-0.4083,-0.1771,0.18316,0.87296,-0.03288,-0.40,-9.00,-49.18,55.4,104.29,661.32,248.10,SPIRAL
26.7202,4.2956,-0.7383,-0.1271,0.18516,0.88296,-0.03888,-0.40,-2.68,-49.93,55.4,104.27,661.33,248.10,SPIRAL
26.7303,4.3456,-0.6283,-0.2471,0.18516,0.88996,-0.03488,-0.40,3.66,-49.86,55.4,104.25,661.35,248.10,SPIRAL
26.7404,4.3956,-0.6783,-0.2571,0.19216,0.88096,-0.03288,-0.40,9.95,-49.00,55.4,104.23,661.36,248.09,SPIRAL
26.7505,4.4956,-0.5183,-0.1971,0.18716,0.87996,-0.03588,-0.40,16.06,-47.35,55.4,104.20,661.37,248.09,SPIRAL
26.7605,4.4156,-0.6783,-0.3471,0.18816,0.88196,-0.03188,-0.40,21.92,-44.94,55.4,104.18,661.37,248.08,SPIRAL
26.7707,4.4256,-0.3983,-0.3271,0.17016,0.87996,-0.03288,-0.40,27.46,-41.78,55.4,104.16,661.37,248.08,SPIRAL
26.7808,4.4556,-0.3283,-0.1971,0.16916,0.87696,-0.03288,-0.40,32.54,-37.96,55.4,104.14,661.36,248.07,SPIRAL
26.7909,4.3756,-0.8783,0.1528,0.16516,0.89196,-0.03888,-0.40,37.08,-33.54,55.4,104.12,661.36,248.07,SPIRAL
26.8010,4.4556,-0.6383,0.0628,0.18016,0.90496,-0.03688,-0.40,41.04,-28.56,55.4,104.11,661.35,248.07,SPIRAL
26.8111,4.6356,-0.4183,-0.3171,0.18216,0.88996,-0.03588,-0.40,44.32,-23.14,55.4,104.10,661.34,248.06,SPIRAL
26.8212,4.4156,-0.4883,-0.1071,0.17316,0.89996,-0.03588,-0.40,46.90,-17.34,55.4,104.09,661.32,248.06,SPIRAL
26.8314,4.5856,-0.5883,0.0128,0.17716,0.90496,-0.03688,-0.40,48.72,-11.25,55.4,104.09,661.31,248.05,SPIRAL
26.8415,4.6356,-0.4183,-0.1771,0.18316,0.90696,-0.03888,-0.40,49.75,-4.99,55.4,104.09,661.29,248.05,SPIRAL
26.8516,4.2756,-0.4183,-0.3971,0.15016,0.89796,-0.03388,-0.40,49.98,1.35,55.4,104.09,661.28,248.04,SPIRAL
26.8617,4.3256,-0.3883,-0.0971,0.14516,0.90796,-0.03588,-0.40,49.41,7.66,55.4,104.10,661.26,248.04,SPIRAL
26.8718,4.6356,-0.3383,-0.2271,0.15916,0.90196,-0.03788,-0.40,48.03,13.89,55.4,104.11,661.25,248.04,SPIRAL
26.8819,4.3256,-0.2983,-0.5171,0.11716,0.89096,-0.03888,-0.40,45.88,19.87,55.4,104.12,661.23,248.03,SPIRAL
26.8921,4.4756,-0.4583,-0.0071,0.13116,0.89496,-0.03788,-0.40,42.99,25.53,55.4,104.14,661.22,248.03,SPIRAL
26.9022,4.3856,-0.4983,-0.4371,0.12916,0.89196,-0.04088,-0.40,39.39,30.80,55.4,104.16,661.21,248.02,SPIRAL
26.9123,4.5756,-0.0483,-0.2771,0.14116,0.89996,-0.03688,-0.40,35.17,35.54,55.4,104.18,661.20,248.02,SPIRAL
26.9225,4.2356,-0.1183,-0.2171,0.12616,0.90596,-0.03388,-0.40,30.38,39.71,55.4,104.21,661.19,248.01,SPIRAL
26.9327,4.4556,-0.4983,-0.2271,0.13516,0.90096,-0.03988,-0.40,25.05,43.27,55.4,104.25,661.19,248.01,SPIRAL
26.9428,4.4756,-0.4783,0.0128,0.13116,0.90896,-0.03888,-0.40,19.37,46.09,55.4,104.27,661.19,248.01,SPIRAL
26.9529,4.5056,-0.2883,0.2728,0.14016,0.91396,-0.03988,-0.40,13.37,48.18,55.4,104.31,661.20,248.00,SPIRAL
26.9629,4.4156,-0.6883,0.1328,0.12716,0.91596,-0.04288,-0.40,7.19,49.48,55.4,104.34,661.20,248.00,SPIRAL
26.9731,4.4756,-0.2583,-0.0171,0.13316,0.91296,-0.03888,-0.40,0.85,49.99,55.4,104.38,661.22,247.99,SPIRAL
26.9832,4.4656,-0.6083,-0.3371,0.14716,0.91296,-0.03888,-0.40,-5.49,49.70,55.4,104.41,661.23,247.99,SPIRAL
26.9933,4.3656,-0.6883,0.2728,0.13216,0.91396,-0.03988,-0.40,-11.75,48.60,55.5,104.45,661.25,247.99,SPIRAL
27.0034,4.4756,-0.6183,0.0128,0.12016,0.90596,-0.04288,-0.40,-17.81,46.72,55.5,104.47,661.27,247.99,SPIRAL
27.0135,4.4556,-0.5783,0.2528,0.11616,0.90896,-0.04088,-0.40,-23.58,44.09,55.5,104.51,661.30,247.98,SPIRAL
27.0236,4.5656,-0.0183,-0.2071,0.12316,0.90596,-0.03588,-0.40,-28.97,40.75,55.5,104.53,661.32,247.98,SPIRAL
27.0338,4.3056,-0.0783,-0.3671,0.11216,0.91096,-0.04088,-0.40,-33.93,36.73,55.5,104.57,661.36,247.98,SPIRAL
27.0439,4.4556,-0.5883,-0.2071,0.13016,0.90496,-0.03988,-0.40,-38.31,32.13,55.5,104.59,661.38,247.97,SPIRAL
27.0540,4.6456,-0.6783,-0.0671,0.12316,0.90696,-0.03888,-0.40,-42.06,27.04,55.5,104.61,661.43,247.97,SPIRAL
27.0641,4.5356,-0.5483,-0.4671,0.13716,0.90696,-0.03888,-0.40,-45.16,21.45,55.5,104.63,661.46,247.97,SPIRAL
27.0742,4.6156,-0.4583,-0.3271,0.13216,0.91896,-0.03988,-0.40,-47.52,15.56,55.5,104.64,661.50,247.97,SPIRAL
27.0843,4.5156,-0.6883,-0.2171,0.16116,0.93196,-0.03788,-0.40,-49.10,9.44,55.5,104.65,661.54,247.96,SPIRAL
27.0944,4.4656,-0.5983,-0.3171,0.17216,0.92496,-0.03388,-0.40,-49.90,3.13,55.6,104.66,661.58,247.96,SPIRAL
27.1045,4.8256,-0.8383,-0.3071,0.20016,0.91696,-0.03388,-0.40,-49.89,-3.22,55.6,104.67,661.62,247.96,SPIRAL
27.1147,4.4556,-0.8983,-0.2271,0.19216,0.91396,-0.03388,-0.40,-49.08,-9.52,55.6,104.67,661.67,247.96,SPIRAL
27.1248,4.4356,-0.4183,-0.4671,0.19916,0.90696,-0.03288,-0.40,-47.48,-15.66,55.6,104.66,661.70,247.95,SPIRAL
27.1349,4.3856,-0.7483,-0.4871,0.21716,0.92096,-0.03488,-0.40,-45.12,-21.55,55.6,104.66,661.75,247.95,SPIRAL
27.1450,4.4556,-0.8683,-0.2771,0.22116,0.91496,-0.03288,-0.40,-42.02,-27.09,55.6,104.64,661.79,247.95,SPIRAL
27.1551,4.3556,-0.9783,-0.3171,0.20316,0.90196,-0.03688,-0.40,-38.26,-32.19,55.6,104.63,661.82,247.95,SPIRAL
27.1653,4.4756,-0.7483,-0.2471,0.20516,0.89896,-0.03488,-0.38,-35.14,-35.56,55.6,104.61,661.86,247.94,SPIRAL
27.1754,4.4256,-0.8983,-0.1971,0.22416,0.89996,-0.03688,-0.40,-28.89,-40.81,55.6,104.60,661.88,247.94,SPIRAL
27.1855,4.4556,-1.0283,-0.2971,0.22716,0.90196,-0.03988,-0.40,-23.48,-44.14,55.6,104.57,661.92,247.94,SPIRAL
27.1956,4.5856,-0.9983,-0.1171,0.25016,0.90696,-0.03688,-0.40,-17.70,-46.76,55.7,104.55,661.93,247.93,SPIRAL
27.2057,4.5456,-1.0283,-0.0171,0.23716,0.91596,-0.03888,-0.40,-11.63,-48.63,55.7,104.53,661.96,247.93,SPIRAL
27.2158,4.4856,-0.8283,-0.4971,0.25816,0.91896,-0.03188,-0.40,-7.60,-49.42,55.7,104.51,661.97,247.93,SPIRAL
27.2259,4.8356,-0.8183,-0.4271,0.26416,0.92196,-0.04088,-0.40,0.96,-49.99,55.7,104.48,661.99,247.92,SPIRAL
27.2361,4.6056,-0.7083,-0.3871,0.24816,0.92296,-0.03388,-0.40,5.18,-49.73,55.7,104.46,662.00,247.92,SPIRAL
27.2462,4.7156,-0.7183,-0.4771,0.26816,0.92196,-0.03488,-0.40,11.27,-48.71,55.7,104.43,662.00,247.92,SPIRAL
27.2563,4.7656,-0.8683,-0.4471,0.26616,0.91696,-0.03988,-0.40,19.49,-46.05,55.7,104.41,662.01,247.91,SPIRAL
27.2664,4.4556,-1.1783,-0.1871,0.24116,0.92696,-0.03788,-0.40,25.16,-43.20,55.7,104.38,662.01,247.91,SPIRAL
27.2765,4.7356,-0.9883,-0.5371,0.26216,0.92396,-0.03388,-0.41,29.01,-40.72,55.7,104.36,662.00,247.90,SPIRAL
27.2866,4.4956,-0.8183,-0.0871,0.23316,0.92596,-0.03288,-0.40,35.23,-35.48,55.7,104.34,661.99,247.90,SPIRAL
27.2968,4.7156,-1.0683,-0.1371,0.25316,0.93396,-0.03988,-0.41,38.63,-31.75,55.7,104.32,661.98,247.89,SPIRAL
27.3069,4.5956,-0.8883,-0.0971,0.23516,0.94096,-0.03688,-0.40,43.02,-25.48,55.7,104.31,661.97,247.89,SPIRAL
27.3169,4.6156,-0.8283,-0.2671,0.23116,0.93696,-0.03688,-0.40,45.89,-19.84,55.7,104.30,661.95,247.88,SPIRAL
27.3271,4.3856,-0.6283,-0.1771,0.22216,0.94196,-0.04088,-0.42,47.86,-14.45,55.7,104.30,661.94,247.88,SPIRAL
27.3372,4.5256,-0.9283,0.0428,0.21816,0.93496,-0.03788,-0.40,49.41,-7.65,55.7,104.29,661.92,247.88,SPIRAL
27.3473,4.7656,-0.7583,-0.1971,0.19916,0.91796,-0.03688,-0.40,49.98,-1.33,55.7,104.29,661.90,247.87,SPIRAL
27.3574,4.6156,-0.4083,-0.2171,0.20216,0.92096,-0.03688,-0.40,49.75,5.01,55.7,104.30,661.88,247.87,SPIRAL
27.3675,4.5756,-0.9683,0.1328,0.22616,0.94296,-0.03888,-0.40,48.71,11.27,55.7,104.30,661.87,247.86,SPIRAL
27.3776,4.4056,-0.8983,-0.0771,0.20616,0.94196,-0.03988,-0.40,46.89,17.35,55.7,104.32,661.84,247.86,SPIRAL
27.3877,4.7956,-0.5583,-0.2471,0.20816,0.93396,-0.03688,-0.40,44.32,23.14,55.7,104.33,661.83,247.85,SPIRAL
27.3979,4.6656,-0.6983,-0.4471,0.19716,0.91796,-0.03888,-0.40,41.02,28.59,55.7,104.35,661.81,247.85,SPIRAL
27.4080,4.6156,-0.7483,-0.1671,0.21016,0.93796,-0.04188,-0.40,37.07,33.55,55.7,104.37,661.80,247.84,SPIRAL
27.4181,4.6956,-0.2283,-0.1671,0.20216,0.92896,-0.03688,-0.40,32.51,37.99,55.7,104.40,661.79,247.84,SPIRAL
27.4282,4.8056,-0.8083,0.0428,0.19316,0.93296,-0.04388,-0.40,27.43,41.80,55.7,104.42,661.79,247.84,SPIRAL
27.4383,4.6556,-0.7783,0.2328,0.19116,0.94296,-0.04488,-0.40,21.91,44.94,55.7,104.45,661.78,247.83,SPIRAL
27.4484,4.5156,-0.8283,0.3728,0.17616,0.94196,-0.04088,-0.40,16.04,47.35,55.7,104.48,661.78,247.83,SPIRAL
27.4585,4.6556,-0.6283,-0.1071,0.17816,0.93896,-0.04188,-0.40,9.92,49.01,55.7,104.51,661.78,247.82,SPIRAL
27.4686,5.0356,-0.6083,0.2828,0.19816,0.94096,-0.04588,-0.40,3.62,49.87,55.7,104.54,661.79,247.82,SPIRAL
27.4788,4.5556,-0.1383,0.0628,0.15916,0.93996,-0.03988,-0.40,-2.72,49.92,55.7,104.58,661.80,247.82,SPIRAL
27.4889,4.7856,-0.4983,0.1028,0.17616,0.94196,-0.04388,-0.40,-9.04,49.18,55.7,104.62,661.82,247.81,SPIRAL
27.4990,4.8356,-0.3783,-0.0271,0.16616,0.92196,-0.04188,-0.40,-15.19,47.64,55.8,104.64,661.83,247.81,SPIRAL
27.5091,4.6556,-0.4883,0.1828,0.15316,0.92496,-0.04388,-0.40,-21.10,45.33,55.8,104.68,661.86,247.81,SPIRAL
27.5192,4.6756,-0.3583,0.3128,0.16216,0.93596,-0.04188,-0.40,-26.68,42.29,55.8,104.70,661.88,247.80,SPIRAL
27.5293,4.5156,-0.4783,0.4028,0.15916,0.93096,-0.03788,-0.40,-31.82,38.56,55.8,104.73,661.91,247.80,SPIRAL
27.5394,4.5056,-0.7883,0.3328,0.18416,0.94696,-0.04188,-0.40,-36.45,34.22,55.8,104.75,661.94,247.80,SPIRAL
27.5495,4.7256,-0.4483,-0.2471,0.17916,0.92796,-0.03688,-0.38,-41.18,28.35,55.8,104.78,661.98,247.79,SPIRAL
27.5596,4.6656,-0.5783,0.0428,0.19316,0.93896,-0.04488,-0.38,-44.33,23.13,55.8,104.79,662.00,247.79,SPIRAL
27.5698,4.7856,-0.7783,-0.0871,0.19916,0.93096,-0.04088,-0.40,-46.57,18.19,55.8,104.81,662.05,247.79,SPIRAL
27.5799,4.6056,-0.8983,-0.0171,0.19016,0.93796,-0.03888,-0.40,-48.50,12.15,55.8,104.82,662.08,247.79,SPIRAL
27.5900,4.7656,-0.9783,-0.2371,0.22916,0.94096,-0.03888,-0.40,-49.65,5.93,55.8,104.83,662.12,247.78,SPIRAL
27.6001,4.6356,-0.8083,-0.3171,0.22616,0.94296,-0.03388,-0.40,-50.00,-0.45,55.9,104.84,662.15,247.78,SPIRAL
27.6102,4.7456,-0.8483,-0.1971,0.22516,0.93296,-0.03988,-0.40,-49.54,-6.78,55.9,104.84,662.20,247.78,SPIRAL
27.6204,4.6556,-0.5883,-0.4771,0.24716,0.94396,-0.03488,-0.38,-48.43,-12.42,55.9,104.83,662.23,247.78,SPIRAL
27.6305,4.6656,-0.7383,-0.2371,0.25216,0.94596,-0.03488,-0.40,-46.24,-19.01,55.9,104.83,662.28,247.77,SPIRAL
27.6406,4.6156,-0.8983,-0.1971,0.25016,0.94496,-0.03588,-0.40,-43.45,-24.73,55.9,104.82,662.30,247.77,SPIRAL
27.6507,4.9356,-0.9083,-0.3871,0.27816,0.94596,-0.03388,-0.38,-40.71,-29.02,55.9,104.80,662.35,247.77,SPIRAL
27.6608,4.6856,-1.4083,-0.3371,0.27916,0.95696,-0.03588,-0.40,-35.83,-34.87,55.9,104.78,662.38,247.77,SPIRAL
27.6710,4.6256,-0.9983,-0.3971,0.29016,0.96896,-0.03388,-0.40,-31.10,-39.15,55.9,104.77,662.41,247.76,SPIRAL
27.6811,4.7456,-1.1283,-0.2771,0.27316,0.96096,-0.03688,-0.38,-28.18,-41.30,55.9,104.74,662.44,247.76,SPIRAL
27.6912,4.7856,-0.8083,-0.4071,0.28316,0.94696,-0.03288,-0.39,-22.16,-44.82,55.9,104.72,662.46,247.76,SPIRAL
27.7014,4.8456,-1.2083,-0.3071,0.30016,0.95296,-0.04088,-0.39,-16.58,-47.17,55.9,104.69,662.48,247.75,SPIRAL
27.7115,4.6556,-1.0483,-0.2671,0.26616,0.93696,-0.03988,-0.40,-8.07,-49.34,56.0,104.67,662.49,247.75,SPIRAL
27.7216,4.6956,-1.1583,-0.2771,0.26916,0.93696,-0.03888,-0.40,-4.49,-49.80,56.0,104.64,662.51,247.75,SPIRAL
27.7318,4.8656,-1.0683,-0.2571,0.29616,0.94496,-0.03688,-0.40,4.62,-49.78,56.0,104.62,662.51,247.74,SPIRAL
27.7419,4.7256,-1.0383,-0.1571,0.28016,0.94296,-0.03688,-0.40,7.66,-49.41,56.0,104.58,662.52,247.74,SPIRAL
27.7520,4.5356,-1.1283,-0.4071,0.29216,0.95096,-0.03388,-0.40,14.78,-47.76,56.0,104.56,662.52,247.73,SPIRAL
27.7621,4.8856,-1.1683,0.0928,0.28616,0.95896,-0.03888,-0.41,20.94,-45.40,56.0,104.53,662.52,247.73,SPIRAL
27.7723,4.9056,-1.3383,0.1028,0.30416,0.98596,-0.04388,-0.41,26.69,-42.28,56.0,104.51,662.52,247.73,SPIRAL
27.7824,4.8456,-0.9383,-0.2271,0.30416,0.97396,-0.03788,-0.40,33.27,-37.32,56.0,104.49,662.51,247.72,SPIRAL
27.7925,4.9756,-1.0583,-0.3971,0.29416,0.96496,-0.03788,-0.41,36.75,-33.90,56.0,104.47,662.50,247.72,SPIRAL
27.8027,4.7756,-1.1383,-0.3071,0.29316,0.97596,-0.04088,-0.41,40.86,-28.81,56.0,104.45,662.48,247.71,SPIRAL
27.8128,4.7956,-1.3283,-0.1271,0.29816,0.97396,-0.03788,-0.41,44.31,-23.16,56.0,104.44,662.46,247.71,SPIRAL
27.8229,4.8756,-0.8883,-0.3671,0.28516,0.96296,-0.03988,-0.40,47.24,-16.37,56.0,104.43,662.45,247.70,SPIRAL
27.8330,5.0856,-0.8783,-0.3771,0.25516,0.95296,-0.04288,-0.40,48.94,-10.25,56.0,104.42,662.42,247.70,SPIRAL
27.8431,4.7256,-0.8683,-0.4071,0.25316,0.97096,-0.04188,-0.42,49.83,-4.15,56.0,104.42,662.41,247.69,SPIRAL
27.8532,4.7756,-1.0183,-0.1171,0.23816,0.95596,-0.04288,-0.40,49.94,2.36,56.0,104.42,662.38,247.69,SPIRAL
27.8633,4.6356,-0.5583,-0.2571,0.24116,0.96896,-0.03688,-0.40,49.24,8.68,56.0,104.43,662.36,247.68,SPIRAL
27.8734,4.7956,-0.6883,-0.4371,0.25016,0.95396,-0.03988,-0.40,47.74,14.85,56.0,104.44,662.34,247.68,SPIRAL
27.8835,4.8756,-0.9683,-0.2971,0.24916,0.96196,-0.03888,-0.40,45.48,20.78,56.0,104.45,662.33,247.67,SPIRAL
27.8936,4.7356,-0.5883,-0.3471,0.21616,0.95796,-0.03888,-0.40,42.48,26.37,56.0,104.46,662.30,247.67,SPIRAL
27.9038,4.7956,-1.0283,0.0528,0.24616,0.97096,-0.04188,-0.40,38.79,31.55,56.0,104.48,662.29,247.67,SPIRAL
27.9139,5.0456,-0.4983,-0.4671,0.23416,0.95496,-0.03688,-0.40,34.46,36.22,56.0,104.50,662.28,247.66,SPIRAL
27.9239,4.8256,-0.7283,-0.0671,0.23116,0.97296,-0.04088,-0.40,29.63,40.27,56.0,104.52,662.27,247.66,SPIRAL
27.9341,4.7556,-0.7783,0.1028,0.21316,0.97996,-0.04188,-0.40,24.28,43.71,56.0,104.55,662.26,247.65,SPIRAL
27.9442,4.8156,-0.6983,0.3728,0.20216,0.97896,-0.04588,-0.40,18.55,46.43,56.0,104.57,662.25,247.65,SPIRAL
27.9543,4.7756,-0.6083,0.0528,0.20816,0.97396,-0.04188,-0.40,12.52,48.41,56.0,104.61,662.25,247.64,SPIRAL
27.9644,4.9556,-0.8383,0.5128,0.21416,0.97796,-0.04288,-0.40,6.28,49.60,56.0,104.63,662.26,247.64,SPIRAL
27.9745,4.8656,-0.3183,-0.1171,0.19416,0.97296,-0.03988,-0.40,-0.05,50.00,56.0,104.67,662.26,247.64,SPIRAL
27.9846,4.8856,-0.7783,0.4928,0.20616,0.98096,-0.04588,-0.40,-6.40,49.59,56.0,104.69,662.27,247.63,SPIRAL
27.9948,4.8656,-0.6383,0.5128,0.19116,0.96496,-0.04188,-0.40,-12.65,48.37,56.0,104.73,662.29,247.63,SPIRAL
28.0049,4.8256,-0.9083,0.4628,0.19416,0.97496,-0.04388,-0.40,-18.67,46.38,56.0,104.76,662.31,247.63,SPIRAL
28.0150,4.8956,-0.6883,0.2028,0.19816,0.96296,-0.04288,-0.40,-24.39,43.65,56.0,104.79,662.33,247.62,SPIRAL
28.0251,5.0356,-0.6883,0.2028,0.19916,0.96396,-0.04188,-0.40,-29.71,40.21,56.1,104.82,662.36,247.62,SPIRAL
28.0352,4.7956,-1.1483,0.7228,0.20216,0.97796,-0.04788,-0.40,-34.57,36.12,56.1,104.84,662.38,247.62,SPIRAL
28.0453,4.7356,-0.4583,0.2328,0.19816,0.96696,-0.04088,-0.40,-38.86,31.46,56.1,104.86,662.42,247.61,SPIRAL
28.0554,4.4956,-0.3383,-0.2071,0.18416,0.95696,-0.03488,-0.40,-42.53,26.28,56.1,104.87,662.44,247.61,SPIRAL
28.0655,4.8056,-0.9083,0.2828,0.20016,0.96696,-0.04588,-0.40,-45.53,20.67,56.1,104.89,662.48,247.61,SPIRAL
28.0756,4.6756,-1.1183,0.0828,0.20916,0.95996,-0.04388,-0.40,-47.78,14.73,56.1,104.90,662.51,247.61,SPIRAL
28.0857,4.8856,-0.7083,-0.1871,0.22816,0.95296,-0.03988,-0.40,-49.26,8.56,56.1,104.91,662.55,247.60,SPIRAL
28.0958,4.8056,-0.7183,-0.2871,0.23116,0.94796,-0.03788,-0.40,-49.95,2.25,56.1,104.91,662.58,247.60,SPIRAL
28.1059,4.8756,-1.0483,-0.4671,0.25816,0.94996,-0.03788,-0.40,-49.83,-4.10,56.1,104.91,662.63,247.60,SPIRAL
28.1160,4.7256,-0.8883,-0.0071,0.26416,0.97196,-0.03788,-0.38,-49.01,-9.91,56.1,104.91,662.66,247.60,SPIRAL
28.1262,4.8356,-0.9783,-0.3671,0.28616,0.95996,-0.03688,-0.40,-47.20,-16.49,56.2,104.90,662.70,247.59,SPIRAL
28.1363,4.9856,-1.0383,-0.3071,0.28816,0.96996,-0.04088,-0.38,-45.16,-21.47,56.2,104.90,662.73,247.59,SPIRAL
28.1464,4.8256,-1.0183,-0.5171,0.27516,0.95996,-0.03788,-0.38,-42.20,-26.81,56.2,104.88,662.77,247.59,SPIRAL
28.1565,5.1056,-1.1183,-0.3871,0.29216,0.96296,-0.03988,-0.38,-38.59,-31.79,56.2,104.87,662.79,247.59,SPIRAL
28.1667,5.1056,-1.4683,0.2528,0.31216,0.98596,-0.04288,-0.40,-33.16,-37.42,56.2,104.85,662.83,247.58,SPIRAL
28.1768,4.9756,-1.2383,-0.2771,0.32316,0.98796,-0.03888,-0.39,-29.64,-40.27,56.2,104.82,662.86,247.58,SPIRAL
28.1869,5.0656,-1.4183,-0.4971,0.31616,0.97496,-0.03788,-0.39,-24.58,-43.54,56.2,104.80,662.88,247.58,SPIRAL
28.1971,5.0456,-0.8683,-0.5871,0.30816,0.96196,-0.03288,-0.39,-19.05,-46.23,56.2,104.77,662.90,247.57,SPIRAL
28.2072,4.9056,-1.4283,-0.2071,0.31316,0.97796,-0.03888,-0.40,-10.75,-48.83,56.2,104.75,662.91,247.57,SPIRAL
28.2173,4.9256,-1.1683,-0.4071,0.30316,0.96896,-0.03788,-0.40,-6.94,-49.51,56.2,104.71,662.92,247.56,SPIRAL
28.2274,4.9556,-1.4383,-0.0271,0.32316,0.98696,-0.04388,-0.40,-0.51,-50.00,56.2,104.69,662.93,247.56,SPIRAL
28.2376,4.6156,-1.2383,-0.0171,0.29116,0.97596,-0.04088,-0.40,5.36,-49.71,56.2,104.66,662.94,247.56,SPIRAL
28.2477,4.8256,-1.4083,-0.0771,0.31316,0.98096,-0.04288,-0.40,11.67,-48.62,56.2,104.63,662.94,247.55,SPIRAL
28.2578,4.9656,-1.2783,-0.1071,0.32316,0.99296,-0.04688,-0.41,18.24,-46.55,56.2,104.60,662.93,247.55,SPIRAL
28.2679,5.0856,-0.9783,-0.4171,0.30616,0.97896,-0.04088,-0.41,24.42,-43.63,56.2,104.58,662.93,247.54,SPIRAL
28.2779,5.2756,-1.0783,-0.4771,0.33016,0.98096,-0.04288,-0.41,29.72,-40.21,56.2,104.55,662.92,247.54,SPIRAL
28.2881,5.0356,-1.0683,-0.6371,0.32616,0.99896,-0.04188,-0.41,34.64,-36.05,56.3,104.53,662.91,247.54,SPIRAL
28.2982,5.0356,-1.1083,-0.1671,0.31416,0.99596,-0.04688,-0.40,39.98,-30.03,56.3,104.51,662.89,247.53,SPIRAL
28.3083,5.0156,-1.2083,-0.1271,0.30416,0.98296,-0.04388,-0.41,42.90,-25.69,56.3,104.50,662.88,247.53,SPIRAL
28.3184,4.7756,-1.2283,-0.2771,0.30216,0.99296,-0.04188,-0.42,45.78,-20.10,56.3,104.48,662.85,247.52,SPIRAL
28.3285,4.8956,-1.1683,-0.3871,0.30816,1.00396,-0.04288,-0.40,48.28,-13.00,56.3,104.47,662.84,247.52,SPIRAL
28.3386,5.2256,-0.9283,-0.3971,0.30016,1.00196,-0.04688,-0.42,49.49,-7.08,56.3,104.46,662.81,247.51,SPIRAL
28.3488,4.9956,-1.4683,0.3028,0.27716,1.00196,-0.04988,-0.40,50.00,-0.42,56.3,104.46,662.79,247.51,SPIRAL
28.3589,4.6556,-1.2083,-0.1971,0.25616,0.99596,-0.04788,-0.40,49.65,5.92,56.3,104.46,662.77,247.50,SPIRAL
28.3690,4.8256,-0.7083,-0.3671,0.26516,0.99896,-0.04488,-0.42,48.36,12.71,56.3,104.47,662.74,247.50,SPIRAL
28.3791,4.9956,-0.9383,-0.2071,0.25916,0.99396,-0.05088,-0.40,46.57,18.21,56.3,104.48,662.72,247.49,SPIRAL
28.3892,4.8556,-0.6383,-0.2871,0.24916,0.99296,-0.04888,-0.40,43.88,23.96,56.3,104.49,662.70,247.49,SPIRAL
28.3994,4.7756,-0.5583,-0.3871,0.24916,0.99496,-0.04488,-0.40,40.47,29.36,56.3,104.50,662.69,247.48,SPIRAL
28.4095,4.9756,-0.5683,-0.2071,0.25216,0.99296,-0.04388,-0.40,36.42,34.25,56.3,104.52,662.67,247.48,SPIRAL
28.4196,5.0256,-0.7083,-0.2671,0.24016,0.98896,-0.04588,-0.41,30.49,39.63,56.3,104.54,662.66,247.47,SPIRAL
28.4297,5.1256,-0.6283,-0.1271,0.23816,0.99096,-0.04888,-0.40,26.64,42.31,56.3,104.57,662.64,247.47,SPIRAL
28.4398,4.9856,-0.5983,0.0028,0.21516,1.00396,-0.04688,-0.40,21.05,45.35,56.3,104.59,662.64,247.47,SPIRAL
28.4500,4.8456,-0.8683,0.2928,0.22116,1.00696,-0.04988,-0.40,15.13,47.66,56.3,104.62,662.63,247.46,SPIRAL
28.4601,4.9956,-0.3583,0.1128,0.21716,1.00596,-0.04788,-0.40,8.95,49.19,56.3,104.64,662.63,247.46,SPIRAL
28.4702,4.8156,-0.7083,0.3828,0.20216,0.99696,-0.04688,-0.40,2.64,49.93,56.3,104.68,662.63,247.45,SPIRAL
28.4803,5.0056,-0.8583,0.6328,0.21516,1.00696,-0.05088,-0.40,-3.72,49.86,56.3,104.70,662.64,247.45,SPIRAL
28.4904,4.8756,-0.3783,0.1528,0.17816,0.98096,-0.04388,-0.40,-10.00,48.99,56.3,104.73,662.65,247.45,SPIRAL
28.5006,4.7256,-0.4283,0.2028,0.17616,0.99496,-0.04188,-0.40,-16.15,47.32,56.3,104.77,662.67,247.44,SPIRAL
28.5107,4.7856,-0.7083,0.3328,0.19316,0.99996,-0.04488,-0.40,-22.01,44.89,56.3,104.79,662.68,247.44,SPIRAL
28.5209,4.8156,-0.6283,0.9728,0.19116,1.00896,-0.05188,-0.40,-27.55,41.72,56.3,104.82,662.71,247.44,SPIRAL
28.5310,4.8656,-0.2683,-0.0871,0.18516,0.97696,-0.04188,-0.40,-32.63,37.88,56.3,104.83,662.73,247.43,SPIRAL
28.5411,4.7056,-0.3083,0.0328,0.18716,0.98496,-0.04988,-0.40,-37.17,33.44,56.3,104.86,662.76,247.43,SPIRAL
28.5512,4.9456,-0.2583,0.1128,0.20216,0.98796,-0.04288,-0.40,-41.11,28.46,56.3,104.87,662.79,247.43,SPIRAL
28.5614,4.9956,-1.0083,0.2328,0.20916,0.99096,-0.04988,-0.40,-44.39,23.01,56.4,104.89,662.82,247.42,SPIRAL
28.5715,4.9756,-0.8383,0.5328,0.20916,0.99196,-0.04588,-0.40,-46.95,17.18,56.4,104.90,662.85,247.42,SPIRAL
28.5816,4.7756,-0.7583,0.0628,0.21416,0.97696,-0.04488,-0.40,-48.75,11.09,56.4,104.91,662.89,247.42,SPIRAL
28.5917,4.7556,-0.6283,-0.0071,0.23116,0.98796,-0.04288,-0.40,-49.76,4.83,56.4,104.91,662.92,247.42,SPIRAL
28.6018,4.8856,-0.7183,-0.0671,0.24416,0.98196,-0.04688,-0.40,-49.98,-1.52,56.4,104.91,662.96,247.41,SPIRAL
28.6120,4.9256,-0.8483,-0.1571,0.24816,0.97896,-0.04188,-0.40,-49.37,-7.87,56.4,104.91,662.99,247.41,SPIRAL
28.6221,4.8756,-0.5783,-0.5871,0.24716,0.97596,-0.04188,-0.38,-48.18,-13.37,56.4,104.90,663.03,247.41,SPIRAL
28.6323,4.9556,-0.8383,-0.6271,0.26016,0.97396,-0.04088,-0.40,-45.80,-20.06,56.4,104.89,663.06,247.41,SPIRAL
28.6424,4.8956,-1.0483,-0.2071,0.26816,0.97696,-0.04388,-0.38,-43.42,-24.79,56.4,104.87,663.10,247.40,SPIRAL
28.6525,5.0456,-1.3183,-0.2471,0.30516,0.99996,-0.04288,-0.38,-40.12,-29.83,56.4,104.86,663.12,247.40,SPIRAL
28.6626,4.8556,-1.1883,-0.4371,0.28116,0.99496,-0.04088,-0.40,-35.06,-35.65,56.5,104.84,663.16,247.40,SPIRAL
28.6727,5.1656,-1.4283,0.1328,0.30816,1.01196,-0.04288,-0.38,-32.07,-38.36,56.5,104.81,663.19,247.39,SPIRAL
28.6828,5.0056,-1.1783,-0.2571,0.31516,1.01796,-0.04088,-0.40,-24.96,-43.32,56.5,104.79,663.20,247.39,SPIRAL
28.6930,4.9456,-1.2983,-0.5071,0.32116,1.01196,-0.04288,-0.39,-21.61,-45.09,56.5,104.75,663.22,247.39,SPIRAL
28.7032,5.0956,-1.1383,-0.6271,0.32216,1.00996,-0.03688,-0.39,-15.24,-47.62,56.5,104.73,663.24,247.38,SPIRAL
28.7133,5.0956,-1.0083,-0.7671,0.33316,1.00996,-0.03788,-0.40,-9.11,-49.16,56.5,104.69,663.25,247.38,SPIRAL
28.7234,5.2656,-0.9883,-0.2471,0.31416,1.00796,-0.03588,-0.40,-3.40,-49.88,56.5,104.67,663.26,247.38,SPIRAL
28.7335,5.0456,-1.2383,-0.4871,0.30616,1.01096,-0.03988,-0.40,3.04,-49.91,56.5,104.63,663.26,247.37,SPIRAL
28.7437,5.2256,-1.0083,-0.3671,0.32816,1.01296,-0.04188,-0.40,11.99,-48.54,56.5,104.61,663.26,247.37,SPIRAL
28.7538,5.2356,-1.2483,-0.2471,0.31116,1.00596,-0.03888,-0.41,15.18,-47.64,56.5,104.57,663.26,247.36,SPIRAL
28.7639,5.0156,-1.2183,-0.0271,0.29616,1.00296,-0.04088,-0.41,22.02,-44.89,56.5,104.55,663.26,247.36,SPIRAL
28.7740,5.2156,-1.1383,-0.2171,0.31316,1.01196,-0.04088,-0.41,27.60,-41.69,56.5,104.52,663.25,247.35,SPIRAL
28.7841,5.1056,-1.1183,-0.4171,0.32316,1.02596,-0.03788,-0.41,32.78,-37.75,56.5,104.50,663.24,247.35,SPIRAL
28.7942,5.0056,-1.2083,-0.0671,0.30516,1.03396,-0.03988,-0.40,38.43,-31.98,56.5,104.47,663.22,247.34,SPIRAL
28.8043,4.9056,-0.9483,-0.5971,0.29916,1.03396,-0.04188,-0.40,42.18,-26.85,56.5,104.46,663.20,247.34,SPIRAL
28.8144,5.1556,-1.4583,0.2628,0.31316,1.04696,-0.04288,-0.42,44.79,-22.22,56.5,104.44,663.18,247.33,SPIRAL
28.8245,5.1956,-1.0783,-0.3971,0.29516,1.02496,-0.04288,-0.42,47.33,-16.12,56.5,104.42,663.16,247.33,SPIRAL
28.8346,5.0956,-1.0383,-0.1171,0.29416,1.03396,-0.04088,-0.40,49.14,-9.23,56.5,104.41,663.14,247.33,SPIRAL
28.8447,5.1556,-1.1083,0.0128,0.28716,1.03796,-0.04288,-0.40,49.91,-2.93,56.5,104.41,663.12,247.32,SPIRAL
28.8549,5.0956,-1.0583,-0.0271,0.27916,1.02896,-0.04288,-0.40,49.88,3.41,56.5,104.41,663.09,247.32,SPIRAL
28.8650,5.1056,-0.9883,-0.4171,0.26516,1.02596,-0.03988,-0.40,49.05,9.72,56.5,104.41,663.06,247.31,SPIRAL
28.8751,5.1656,-1.1783,0.0828,0.27116,1.03796,-0.04388,-0.40,47.42,15.84,56.5,104.41,663.04,247.31,SPIRAL
28.8852,5.0556,-0.9483,-0.0471,0.25316,1.03996,-0.04788,-0.40,45.04,21.71,56.5,104.42,663.02,247.30,SPIRAL
28.8953,5.0556,-0.8383,0.2628,0.25016,1.04196,-0.04188,-0.40,41.92,27.25,56.5,104.43,663.00,247.30,SPIRAL
28.9054,5.1156,-0.6883,-0.2371,0.23216,1.02296,-0.04188,-0.40,38.12,32.36,56.5,104.45,662.98,247.29,SPIRAL
28.9155,5.3556,-0.6683,-0.2371,0.25016,1.03196,-0.04588,-0.40,33.71,36.92,56.5,104.47,662.97,247.29,SPIRAL
28.9256,5.1256,-0.6783,-0.0271,0.24016,1.04896,-0.04188,-0.40,28.79,40.88,56.5,104.49,662.95,247.28,SPIRAL
28.9357,5.2056,-0.4283,0.0828,0.22216,1.04196,-0.04288,-0.40,23.37,44.20,56.5,104.51,662.94,247.28,SPIRAL
28.9458,5.1756,-1.0283,0.6628,0.22216,1.04796,-0.04788,-0.40,15.64,47.49,56.5,104.54,662.94,247.27,SPIRAL
28.9560,5.2956,-0.4883,0.2728,0.20216,1.03296,-0.04588,-0.40,11.50,48.66,56.5,104.56,662.93,247.27,SPIRAL
28.9661,5.0956,-0.5283,0.5428,0.20816,1.03696,-0.04788,-0.40,5.23,49.72,56.5,104.59,662.93,247.27,SPIRAL
28.9762,5.2456,-0.3183,0.2528,0.19816,1.03296,-0.04688,-0.40,-1.10,49.99,56.5,104.61,662.94,247.26,SPIRAL
28.9863,4.9256,-0.2283,0.4928,0.19616,1.04096,-0.04488,-0.40,-7.43,49.44,56.5,104.65,662.95,247.26,SPIRAL
28.9964,5.1156,-0.6983,0.5328,0.19316,1.03196,-0.04788,-0.40,-13.66,48.10,56.5,104.67,662.96,247.26,SPIRAL
29.0066,5.1756,-0.7883,0.4928,0.19216,1.02296,-0.04788,-0.40,-19.64,45.98,56.5,104.70,662.97,247.25,SPIRAL
29.0167,5.3456,-0.4883,0.4928,0.21316,1.02996,-0.04588,-0.40,-25.30,43.12,56.6,104.72,662.99,247.25,SPIRAL
29.0267,5.2856,-0.5383,0.7328,0.17716,1.01696,-0.04988,-0.40,-30.56,39.58,56.6,104.74,663.01,247.25,SPIRAL
29.0369,5.1356,-0.5383,0.1728,0.19116,1.01796,-0.04788,-0.40,-35.32,35.38,56.6,104.77,663.04,247.24,SPIRAL
29.0470,5.2856,-0.4983,0.0628,0.21116,1.02396,-0.04888,-0.40,-39.52,30.63,56.6,104.78,663.07,247.24,SPIRAL
29.0571,5.0856,-0.6683,0.5428,0.19716,1.02496,-0.04388,-0.40,-43.09,25.37,56.6,104.80,663.10,247.24,SPIRAL
29.0672,5.2756,-0.6083,0.4728,0.22916,1.02996,-0.04688,-0.40,-45.97,19.67,56.6,104.81,663.13,247.23,SPIRAL
29.0773,5.2256,-0.5783,0.2728,0.20916,1.02396,-0.04688,-0.40,-48.09,13.69,56.6,104.81,663.17,247.23,SPIRAL
29.0874,5.2656,-0.9183,0.4328,0.22416,1.02096,-0.04488,-0.40,-49.43,7.50,56.6,104.82,663.19,247.23,SPIRAL
29.0975,5.1956,-0.5883,0.1628,0.21616,1.00796,-0.04388,-0.40,-49.98,1.18,56.6,104.82,663.24,247.23,SPIRAL
29.1077,5.1556,-0.7583,0.2528,0.24716,1.01896,-0.04488,-0.40,-49.73,-5.16,56.6,104.81,663.26,247.22,SPIRAL
29.1178,5.2056,-0.8683,0.1628,0.25416,1.01496,-0.04188,-0.38,-48.78,-10.98,56.7,104.81,663.30,247.22,SPIRAL
29.1279,5.0456,-0.7383,-0.0071,0.24816,1.00396,-0.03988,-0.40,-46.84,-17.49,56.7,104.80,663.33,247.22,SPIRAL
29.1380,5.2356,-0.8983,-0.0771,0.26916,1.00696,-0.03888,-0.38,-44.71,-22.39,56.7,104.78,663.37,247.21,SPIRAL
29.1481,5.0456,-0.5383,-0.6771,0.26416,1.01496,-0.03588,-0.40,-40.93,-28.72,56.7,104.77,663.39,247.21,SPIRAL
29.1582,5.1856,-1.1283,-0.2771,0.28416,1.03296,-0.04188,-0.40,-36.96,-33.67,56.7,104.74,663.43,247.21,SPIRAL
29.1683,5.3956,-1.1183,-0.2871,0.29516,1.02896,-0.04188,-0.40,-32.40,-38.08,56.7,104.72,663.45,247.21,SPIRAL
29.1784,5.4656,-1.2183,-0.2371,0.31116,1.03796,-0.04488,-0.40,-27.32,-41.88,56.7,104.69,663.48,247.20,SPIRAL
29.1885,5.3056,-1.2683,-0.1571,0.30316,1.04396,-0.04188,-0.39,-23.47,-44.15,56.7,104.67,663.49,247.20,SPIRAL
29.1986,5.3156,-1.2183,-0.0571,0.31416,1.04596,-0.03888,-0.39,-18.11,-46.60,56.7,104.64,663.51,247.20,SPIRAL
29.2087,5.2156,-0.9383,-0.2871,0.30416,1.04396,-0.03388,-0.40,-9.79,-49.03,56.7,104.61,663.52,247.19,SPIRAL
29.2188,5.4256,-1.3983,-0.1571,0.33316,1.05496,-0.04188,-0.40,-3.50,-49.88,56.7,104.58,663.53,247.19,SPIRAL
29.2290,5.0656,-1.0683,-0.3971,0.30316,1.05296,-0.03888,-0.40,2.86,-49.92,56.7,104.54,663.54,247.18,SPIRAL
29.2391,5.3856,-1.0983,-0.3771,0.30816,1.05196,-0.03888,-0.40,9.16,-49.15,56.7,104.51,663.54,247.18,SPIRAL
29.2492,5.2656,-1.0183,-0.4171,0.30816,1.04596,-0.03588,-0.40,12.92,-48.30,56.7,104.48,663.53,247.17,SPIRAL
29.2593,5.2456,-1.0783,-0.3471,0.29516,1.03896,-0.04388,-0.41,19.36,-46.10,56.7,104.45,663.53,247.17,SPIRAL
29.2694,5.1856,-1.0183,-0.3971,0.28316,1.03996,-0.03988,-0.40,26.80,-42.21,56.7,104.42,663.52,247.17,SPIRAL
29.2795,5.1456,-0.9783,-0.0371,0.28016,1.04896,-0.03988,-0.40,31.93,-38.47,56.7,104.40,663.51,247.16,SPIRAL
29.2897,5.1856,-1.0483,-0.2471,0.28216,1.04796,-0.04188,-0.40,36.55,-34.12,56.7,104.37,663.49,247.16,SPIRAL
29.2998,5.3056,-1.1783,-0.1971,0.28316,1.05696,-0.04388,-0.40,40.59,-29.19,56.7,104.36,663.48,247.15,SPIRAL
29.3099,5.2256,-0.7483,-0.1371,0.26716,1.05496,-0.03888,-0.40,43.96,-23.82,56.7,104.34,663.45,247.15,SPIRAL
29.3200,5.3156,-0.9783,-0.2471,0.26616,1.05896,-0.04588,-0.40,46.63,-18.05,56.7,104.32,663.44,247.14,SPIRAL
29.3301,5.2156,-0.6483,-0.4071,0.25316,1.04896,-0.04188,-0.40,48.54,-12.00,56.7,104.31,663.41,247.14,SPIRAL
29.3402,5.2456,-0.7183,0.0228,0.23816,1.05496,-0.03788,-0.40,49.67,-5.76,56.7,104.30,663.39,247.13,SPIRAL
29.3504,5.3756,-0.6083,-0.1171,0.27316,1.06396,-0.04088,-0.42,49.99,0.62,56.7,104.30,663.36,247.13,SPIRAL
29.3605,5.2956,-0.8983,0.0628,0.25216,1.06296,-0.04188,-0.40,49.52,6.91,56.7,104.30,663.34,247.12,SPIRAL
29.3706,5.3456,-0.6883,-0.1071,0.25716,1.05596,-0.03888,-0.40,48.24,13.14,56.7,104.30,663.31,247.12,SPIRAL
29.3807,5.1856,-0.4983,-0.3571,0.23916,1.05896,-0.03788,-0.40,46.19,19.14,56.7,104.31,663.28,247.11,SPIRAL
29.3908,5.1956,-0.6583,-0.0971,0.22016,1.05996,-0.04188,-0.40,43.39,24.84,56.7,104.32,663.27,247.11,SPIRAL
29.4010,5.1856,-0.4183,-0.0471,0.22016,1.07296,-0.04188,-0.40,39.87,30.17,56.7,104.34,663.24,247.10,SPIRAL
29.4111,5.5156,-0.5783,-0.1271,0.20316,1.06196,-0.04288,-0.40,35.72,34.99,56.7,104.35,663.23,247.10,SPIRAL
29.4212,5.1556,-0.4483,0.3628,0.19716,1.07496,-0.04188,-0.40,30.99,39.24,56.7,104.38,663.21,247.09,SPIRAL
29.4313,5.3756,-0.7383,0.7328,0.20916,1.08296,-0.04688,-0.40,25.77,42.84,56.7,104.39,663.20,247.09,SPIRAL
29.4414,5.2356,-0.6283,0.6128,0.18616,1.07596,-0.04488,-0.40,20.13,45.77,56.7,104.42,663.19,247.09,SPIRAL
29.4515,5.2656,-0.5283,0.4428,0.18116,1.07296,-0.04688,-0.40,14.17,47.95,56.8,104.44,663.19,247.08,SPIRAL
29.4617,5.4156,-0.4083,0.5028,0.18716,1.07696,-0.04488,-0.40,7.98,49.36,56.8,104.47,663.19,247.08,SPIRAL
29.4718,5.3256,-0.1783,0.3728,0.16516,1.05496,-0.04288,-0.40,1.66,49.97,56.8,104.50,663.19,247.07,SPIRAL
29.4819,5.3056,-0.2183,0.3628,0.16416,1.05496,-0.04488,-0.40,-4.69,49.78,56.8,104.53,663.19,247.07,SPIRAL
29.4920,5.2156,-0.4583,0.4928,0.15216,1.05496,-0.04788,-0.40,-10.96,48.78,56.8,104.55,663.20,247.07,SPIRAL
29.5021,4.9356,-0.5983,1.1328,0.14916,1.06596,-0.04488,-0.40,-17.07,47.00,56.8,104.58,663.22,247.06,SPIRAL
29.5122,5.1756,-0.0683,0.6128,0.15216,1.07096,-0.04488,-0.40,-22.88,44.46,56.8,104.60,663.23,247.06,SPIRAL
29.5224,5.2656,-0.2783,0.5128,0.17116,1.06296,-0.04788,-0.40,-28.33,41.20,56.8,104.63,663.25,247.06,SPIRAL
29.5325,5.4156,-0.3583,0.3928,0.16816,1.06096,-0.04388,-0.40,-33.33,37.27,56.8,104.65,663.27,247.05,SPIRAL
29.5426,5.2756,-0.2583,0.4028,0.16516,1.04996,-0.04688,-0.40,-37.79,32.74,56.8,104.67,663.30,247.05,SPIRAL
29.5527,5.2656,-0.4683,0.6328,0.18416,1.05996,-0.04688,-0.40,-41.63,27.69,56.8,104.68,663.32,247.05,SPIRAL
29.5628,5.2856,-0.7883,0.9428,0.17216,1.05396,-0.04988,-0.40,-44.80,22.20,56.8,104.69,663.36,247.04,SPIRAL
29.5730,5.2756,-0.3583,0.2228,0.16816,1.03396,-0.04488,-0.40,-47.27,16.30,56.8,104.70,663.39,247.04,SPIRAL
29.5831,5.2556,-0.5083,0.5528,0.17516,1.04896,-0.04388,-0.40,-48.95,10.18,56.9,104.71,663.42,247.04,SPIRAL
29.5932,5.1956,-1.0383,0.4728,0.19016,1.04396,-0.04588,-0.40,-49.85,3.90,56.9,104.71,663.46,247.04,SPIRAL
29.6034,5.3156,-0.8483,0.6028,0.20316,1.05096,-0.05088,-0.40,-49.94,-2.47,56.9,104.71,663.49,247.03,SPIRAL
29.6135,5.1756,-0.7583,0.2928,0.20216,1.03996,-0.04188,-0.40,-49.22,-8.78,56.9,104.70,663.53,247.03,SPIRAL
29.6236,5.3756,-0.7483,-0.0071,0.22116,1.04196,-0.04288,-0.38,-47.90,-14.34,56.9,104.69,663.55,247.03,SPIRAL
29.6337,5.0356,-0.7883,-0.1571,0.22516,1.04496,-0.04088,-0.40,-45.43,-20.89,56.9,104.68,663.59,247.02,SPIRAL
29.6438,5.4756,-0.8883,-0.7371,0.25116,1.02896,-0.03788,-0.40,-42.42,-26.47,56.9,104.66,663.62,247.02,SPIRAL
29.6539,5.1656,-0.6283,-0.5771,0.22416,1.02196,-0.03788,-0.40,-38.72,-31.64,56.9,104.64,663.65,247.02,SPIRAL
29.6641,5.3656,-0.8583,-0.6071,0.26116,1.05396,-0.04288,-0.40,-34.40,-36.29,56.9,104.62,663.67,247.02,SPIRAL
29.6742,5.3856,-0.7483,-0.7771,0.24816,1.04096,-0.04088,-0.40,-29.52,-40.36,56.9,104.59,663.70,247.01,SPIRAL
29.6843,5.3956,-0.8783,-0.3071,0.25716,1.06196,-0.03988,-0.40,-24.18,-43.76,56.9,104.57,663.72,247.01,SPIRAL
29.6944,5.2356,-0.9383,-0.6071,0.25116,1.05896,-0.03888,-0.39,-20.25,-45.71,57.0,104.54,663.74,247.01,SPIRAL
29.7045,5.4656,-1.0483,-0.3271,0.28616,1.07796,-0.03888,-0.39,-14.93,-47.72,57.0,104.50,663.75,247.00,SPIRAL
29.7147,5.4556,-1.3083,0.1128,0.28316,1.07996,-0.04188,-0.40,-8.10,-49.34,57.0,104.48,663.76,247.00,SPIRAL
29.7248,5.4856,-0.8083,-0.2571,0.29316,1.08196,-0.03388,-0.40,0.21,-50.00,57.0,104.44,663.76,246.99,SPIRAL
29.7349,5.2556,-0.8983,-0.3871,0.28516,1.09296,-0.03488,-0.40,3.88,-49.85,57.0,104.41,663.77,246.99,SPIRAL
29.7450,5.6156,-0.8183,-0.4671,0.32116,1.09796,-0.03588,-0.40,10.83,-48.81,57.0,104.38,663.76,246.99,SPIRAL
29.7551,5.3556,-1.0883,-0.3871,0.30116,1.09796,-0.03588,-0.40,16.64,-47.15,57.0,104.35,663.76,246.98,SPIRAL
29.7652,5.3956,-0.8783,-0.2971,0.30316,1.10196,-0.03588,-0.40,24.53,-43.57,57.0,104.32,663.75,246.98,SPIRAL
29.7754,5.2156,-0.9183,-0.2271,0.26416,1.08896,-0.03988,-0.41,28.48,-41.09,57.0,104.30,663.74,246.97,SPIRAL
29.7855,5.4356,-0.8583,-0.0471,0.27916,1.09496,-0.04088,-0.40,34.69,-36.00,57.0,104.27,663.72,246.97,SPIRAL
29.7956,5.3556,-0.5983,-0.5371,0.23116,1.06696,-0.03788,-0.41,38.10,-32.38,57.0,104.25,663.71,246.96,SPIRAL
29.8057,5.4556,-0.6983,0.0728,0.23516,1.07896,-0.04388,-0.40,42.63,-26.13,57.0,104.22,663.68,246.96,SPIRAL
29.8158,5.6156,-0.7783,-0.1471,0.24516,1.07696,-0.04388,-0.40,45.59,-20.52,57.0,104.21,663.66,246.95,SPIRAL
29.8259,5.2856,-0.8583,0.1828,0.23216,1.09396,-0.04088,-0.40,47.83,-14.57,57.0,104.19,663.64,246.95,SPIRAL
29.8360,5.5056,-0.6383,-0.3871,0.22616,1.07596,-0.04188,-0.40,49.29,-8.41,57.0,104.19,663.62,246.94,SPIRAL
29.8461,5.3756,-0.6383,-0.2071,0.23516,1.09696,-0.04288,-0.40,49.95,-2.11,57.0,104.18,663.59,246.94,SPIRAL
29.8562,5.6356,-1.0683,-0.0871,0.24216,1.08996,-0.04788,-0.40,49.82,4.24,57.0,104.18,663.57,246.93,SPIRAL
29.8664,5.4556,-0.8483,0.4128,0.23216,1.09896,-0.04588,-0.40,48.87,10.56,57.0,104.18,663.54,246.93,SPIRAL
29.8765,5.4456,-0.3083,-0.1171,0.21416,1.09196,-0.04188,-0.40,47.14,16.67,57.0,104.18,663.52,246.92,SPIRAL
29.8866,5.4156,-0.6283,0.5028,0.21316,1.10396,-0.04488,-0.40,44.65,22.50,57.0,104.19,663.49,246.92,SPIRAL
29.8967,5.4456,-0.4483,-0.0671,0.18216,1.08696,-0.04388,-0.40,41.43,27.99,57.0,104.21,663.46,246.91,SPIRAL
29.9068,5.5556,-0.8483,0.7828,0.18716,1.10596,-0.04688,-0.40,37.55,33.01,57.0,104.22,663.45,246.91,SPIRAL
29.9169,5.5356,-0.1883,0.0728,0.18516,1.10296,-0.04788,-0.40,33.06,37.51,57.0,104.24,663.43,246.90,SPIRAL
29.9270,5.4856,-0.0683,-0.1371,0.15816,1.09096,-0.04388,-0.40,28.04,41.39,57.0,104.26,663.42,246.90,SPIRAL
29.9372,5.4956,0.0416,0.1428,0.14416,1.09396,-0.04288,-0.40,22.57,44.62,57.0,104.29,663.40,246.90,SPIRAL
29.9473,5.2556,-0.3183,0.4828,0.15516,1.10596,-0.04588,-0.40,16.74,47.11,57.0,104.30,663.40,246.89,SPIRAL
29.9574,5.6056,-0.2283,0.4928,0.15116,1.08396,-0.04388,-0.40,10.62,48.86,57.0,104.34,663.39,246.89,SPIRAL
29.9676,5.4756,0.2116,0.4128,0.15016,1.09696,-0.04588,-0.40,4.31,49.81,57.0,104.36,663.39,246.88,SPIRAL
29.9777,5.3756,0.0316,0.6328,0.13216,1.08596,-0.04188,-0.40,-2.03,49.96,57.0,104.39,663.40,246.88,SPIRAL
29.9878,5.3356,-0.4183,0.8328,0.13416,1.09096,-0.04688,-0.40,-8.35,49.30,57.0,104.41,663.40,246.88,SPIRAL
29.9979,5.3456,0.0616,0.5628,0.12916,1.08196,-0.04288,-0.40,-14.53,47.84,57.0,104.44,663.41,246.87,SPIRAL
30.0080,5.4256,-0.0383,0.2728,0.11716,1.07296,-0.04688,-0.40,-20.45,45.62,57.0,104.46,663.42,246.87,SPIRAL
30.0181,5.3056,-0.3883,0.9128,0.12416,1.08896,-0.04588,-0.40,-26.08,42.66,57.0,104.49,663.44,246.87,SPIRAL
30.0282,5.3556,-0.5983,0.9028,0.13416,1.08996,-0.05188,-0.40,-31.27,39.01,57.0,104.50,663.46,246.86,SPIRAL
30.0383,5.3556,-0.1383,0.7228,0.12616,1.08996,-0.04688,-0.40,-35.97,34.73,57.0,104.53,663.49,246.86,SPIRAL
30.0484,5.2956,-0.4583,0.5828,0.12016,1.07596,-0.04688,-0.40,-40.07,29.90,57.0,104.54,663.51,246.86,SPIRAL
30.0585,5.4956,-0.3883,0.5728,0.13216,1.07396,-0.04888,-0.40,-43.54,24.59,57.1,104.56,663.54,246.85,SPIRAL
30.0686,5.3756,-0.1983,0.2228,0.13816,1.06796,-0.04588,-0.40,-46.30,18.87,57.1,104.56,663.56,246.85,SPIRAL
30.0787,5.5756,-0.7083,0.5728,0.16016,1.07796,-0.04788,-0.40,-48.32,12.85,57.1,104.57,663.60,246.85,SPIRAL
30.0888,5.3156,-0.4483,0.6528,0.13616,1.07596,-0.04788,-0.40,-49.56,6.63,57.1,104.57,663.64,246.84,SPIRAL
30.0989,5.4456,-0.7183,0.4828,0.17316,1.08496,-0.05088,-0.40,-50.00,0.31,57.1,104.57,663.67,246.84,SPIRAL
30.1090,5.2656,-0.5583,0.5028,0.16216,1.07896,-0.04488,-0.40,-49.63,-6.03,57.1,104.57,663.70,246.84,SPIRAL
30.1191,5.3256,-0.4283,0.1028,0.17116,1.05896,-0.04088,-0.40,-48.47,-12.27,57.1,104.56,663.73,246.84,SPIRAL
30.1293,5.3056,-0.4683,-0.1971,0.17916,1.06096,-0.03988,-0.40,-46.53,-18.31,57.1,104.54,663.77,246.83,SPIRAL
30.1394,5.5056,-0.4083,-0.2771,0.20616,1.06396,-0.04088,-0.40,-43.83,-24.05,57.1,104.53,663.79,246.83,SPIRAL
30.1495,5.4356,-0.8683,0.2328,0.20416,1.07496,-0.04388,-0.40,-40.43,-29.42,57.2,104.51,663.83,246.83,SPIRAL
30.1596,5.5656,-0.5083,-0.5871,0.21216,1.06196,-0.04088,-0.40,-36.38,-34.30,57.2,104.49,663.85,246.82,SPIRAL
30.1698,5.3756,-0.8183,-0.1171,0.21916,1.08796,-0.04488,-0.40,-31.71,-38.66,57.2,104.46,663.87,246.82,SPIRAL
30.1799,5.3556,-0.6883,-0.4171,0.21116,1.07696,-0.04188,-0.40,-26.56,-42.36,57.2,104.44,663.89,246.82,SPIRAL
30.1900,5.5856,-1.0383,-0.2171,0.23616,1.10096,-0.04388,-0.40,-20.98,-45.38,57.2,104.41,663.91,246.81,SPIRAL
30.2001,5.4256,-0.9483,-0.3471,0.23116,1.09896,-0.04088,-0.40,-15.05,-47.68,57.2,104.38,663.92,246.81,SPIRAL
30.2102,5.4656,-0.5383,-0.5671,0.22916,1.09496,-0.03388,-0.40,-8.89,-49.20,57.2,104.35,663.94,246.81,SPIRAL
30.2203,5.5256,-0.7883,-0.1171,0.24616,1.10596,-0.03788,-0.40,-4.70,-49.78,57.2,104.32,663.94,246.80,SPIRAL
30.2304,5.6756,-0.8383,-0.2771,0.25616,1.11396,-0.03988,-0.40,3.76,-49.86,57.2,104.28,663.94,246.80,SPIRAL
30.2405,5.8156,-1.0883,0.0728,0.25716,1.10896,-0.04288,-0.40,10.05,-48.98,57.2,104.26,663.95,246.80,SPIRAL
30.2507,5.6356,-0.6983,-0.2471,0.26216,1.10896,-0.03788,-0.40,16.18,-47.31,57.2,104.22,663.94,246.79,SPIRAL
30.2608,5.6256,-0.8483,-0.5071,0.24716,1.10796,-0.03588,-0.41,20.03,-45.81,57.2,104.19,663.93,246.79,SPIRAL
30.2709,5.5356,-0.8883,-0.1471,0.26216,1.12996,-0.03988,-0.40,27.55,-41.72,57.2,104.16,663.92,246.78,SPIRAL
30.2809,5.8156,-1.1083,-0.4371,0.27516,1.12796,-0.03888,-0.40,32.60,-37.91,57.2,104.13,663.90,246.78,SPIRAL
30.2911,5.6356,-0.8183,-0.1571,0.23816,1.12496,-0.03988,-0.40,37.14,-33.47,57.2,104.11,663.89,246.77,SPIRAL
30.3012,5.6156,-0.8083,-0.4371,0.23016,1.13096,-0.03988,-0.40,41.11,-28.46,57.2,104.09,663.86,246.77,SPIRAL
30.3113,5.5956,-0.7383,-0.2171,0.22916,1.13996,-0.04088,-0.40,44.38,-23.03,57.2,104.08,663.85,246.76,SPIRAL
30.3214,5.6656,-0.6683,-0.4271,0.22716,1.13596,-0.04188,-0.40,46.94,-17.22,57.2,104.06,663.82,246.76,SPIRAL
30.3315,5.6256,-0.5783,-0.3871,0.21016,1.12396,-0.04688,-0.40,48.74,-11.14,57.2,104.05,663.80,246.75,SPIRAL
30.3417,5.7356,-0.6483,-0.1271,0.23416,1.13696,-0.04388,-0.40,49.76,-4.87,57.2,104.04,663.77,246.75,SPIRAL
30.3518,5.6556,-0.6983,-0.0971,0.20816,1.13096,-0.04488,-0.40,49.98,1.47,57.2,104.04,663.74,246.74,SPIRAL
30.3619,5.6256,-0.2783,-0.2671,0.18916,1.11896,-0.03988,-0.40,49.39,7.79,57.2,104.04,663.71,246.74,SPIRAL
30.3720,5.6456,-0.5683,0.0228,0.19216,1.12696,-0.04588,-0.40,48.00,13.98,57.2,104.04,663.69,246.73,SPIRAL
30.3821,5.5756,-0.5183,0.1028,0.19616,1.14996,-0.04488,-0.40,45.85,19.95,57.2,104.05,663.66,246.73,SPIRAL
30.3922,5.4856,-0.3883,0.2128,0.17016,1.14196,-0.04188,-0.40,42.95,25.60,57.2,104.06,663.64,246.72,SPIRAL
30.4023,5.7156,-0.2983,0.2028,0.16216,1.14396,-0.04488,-0.40,39.35,30.85,57.2,104.08,663.62,246.72,SPIRAL
30.4125,5.5556,-0.3183,0.4428,0.14316,1.14296,-0.04088,-0.40,35.12,35.59,57.2,104.09,663.60,246.71,SPIRAL
30.4226,5.7556,-0.2283,0.2028,0.13416,1.13096,-0.04988,-0.40,30.33,39.75,57.2,104.11,663.58,246.71,SPIRAL
30.4327,5.5056,-0.4283,0.7328,0.11616,1.13896,-0.04588,-0.40,25.05,43.27,57.2,104.14,663.57,246.70,SPIRAL
30.4428,5.5156,-0.1583,0.4928,0.11716,1.12896,-0.04388,-0.40,19.36,46.10,57.2,104.16,663.56,246.70,SPIRAL
30.4529,5.5656,0.0916,0.4328,0.11416,1.12796,-0.04488,-0.40,13.37,48.18,57.2,104.19,663.55,246.70,SPIRAL
30.4630,5.6156,-0.2483,0.4028,0.11616,1.12796,-0.04988,-0.40,7.18,49.48,57.2,104.21,663.55,246.69,SPIRAL
30.4731,5.4456,0.1716,0.4528,0.09316,1.11696,-0.04488,-0.40,0.82,49.99,57.2,104.24,663.55,246.69,SPIRAL
30.4832,5.4256,-0.2983,0.9128,0.11516,1.13096,-0.04788,-0.40,-5.51,49.69,57.2,104.27,663.56,246.68,SPIRAL
30.4933,5.5056,0.0516,0.5128,0.09216,1.12096,-0.04788,-0.40,-11.77,48.59,57.2,104.30,663.57,246.68,SPIRAL
30.5035,5.7356,0.0516,0.5028,0.09816,1.11096,-0.04588,-0.40,-17.86,46.70,57.2,104.32,663.57,246.68,SPIRAL
30.5136,5.4456,-0.0583,0.7628,0.08716,1.12196,-0.04988,-0.40,-23.64,44.06,57.2,104.35,663.59,246.67,SPIRAL
30.5237,5.4756,-0.3083,0.8028,0.09416,1.12196,-0.05088,-0.40,-29.03,40.71,57.2,104.37,663.61,246.67,SPIRAL
30.5338,5.7656,0.0616,0.4828,0.10416,1.11396,-0.04788,-0.40,-33.96,36.70,57.3,104.39,663.63,246.67,SPIRAL
30.5440,5.5856,0.2516,0.2728,0.09616,1.10396,-0.04688,-0.40,-38.34,32.10,57.3,104.40,663.65,246.66,SPIRAL
30.5541,5.4356,-0.1383,0.5328,0.09016,1.10096,-0.04588,-0.40,-42.09,26.98,57.3,104.42,663.68,246.66,SPIRAL
30.5642,5.7856,-0.1683,0.5828,0.12416,1.10996,-0.04888,-0.40,-45.17,21.43,57.3,104.43,663.70,246.66,SPIRAL
30.5743,5.6456,0.1216,0.4628,0.11316,1.10196,-0.04388,-0.40,-47.53,15.53,57.3,104.44,663.74,246.65,SPIRAL
30.5844,5.4856,-0.0883,0.4628,0.10016,1.10396,-0.04788,-0.40,-49.11,9.38,57.3,104.45,663.76,246.65,SPIRAL
30.5945,5.6756,-0.2483,0.2428,0.12716,1.10296,-0.04588,-0.40,-49.90,3.08,57.3,104.45,663.80,246.65,SPIRAL
30.6047,5.6556,-0.5283,0.4128,0.12916,1.09996,-0.05088,-0.40,-49.89,-3.29,57.3,104.44,663.84,246.65,SPIRAL
30.6148,5.5156,-0.1583,0.0028,0.12516,1.09196,-0.04388,-0.40,-49.07,-9.58,57.3,104.44,663.86,246.64,SPIRAL
30.6249,5.8256,-0.4083,0.1528,0.15216,1.09396,-0.04788,-0.40,-47.46,-15.72,57.3,104.43,663.90,246.64,SPIRAL
30.6351,5.6556,-0.5883,-0.1071,0.17116,1.09396,-0.04588,-0.40,-45.07,-21.65,57.4,104.42,663.93,246.64,SPIRAL
30.6452,5.7156,-0.2883,-0.1271,0.18316,1.09896,-0.04288,-0.40,-41.96,-27.18,57.4,104.39,663.96,246.63,SPIRAL
30.6553,5.6056,-0.4283,-0.2571,0.18216,1.09496,-0.03988,-0.40,-38.18,-32.28,57.4,104.38,663.98,246.63,SPIRAL
30.6654,5.5656,-0.9383,0.0628,0.20816,1.12396,-0.04488,-0.40,-33.78,-36.86,57.4,104.35,664.01,246.63,SPIRAL
30.6755,5.4556,-0.5583,-0.2971,0.19816,1.12196,-0.04188,-0.40,-28.84,-40.84,57.4,104.33,664.02,246.63,SPIRAL
30.6856,5.4356,-0.5183,-0.3871,0.19716,1.12596,-0.04588,-0.40,-23.43,-44.17,57.4,104.30,664.05,246.62,SPIRAL
30.6957,5.6956,-0.7683,0.0828,0.20816,1.13296,-0.04588,-0.40,-17.63,-46.79,57.4,104.27,664.06,246.62,SPIRAL
30.7059,5.6756,-0.5183,-0.2671,0.21016,1.12796,-0.04188,-0.40,-11.55,-48.65,57.4,104.24,664.07,246.61,SPIRAL
30.7160,5.7056,-0.7583,-0.1371,0.20716,1.12696,-0.03888,-0.40,-5.31,-49.72,57.4,104.21,664.08,246.61,SPIRAL
30.7261,5.5456,-0.7083,0.0528,0.21716,1.14396,-0.03888,-0.40,1.05,-49.99,57.4,104.18,664.08,246.61,SPIRAL
30.7362,5.6356,-0.4783,-0.1271,0.22416,1.14596,-0.03888,-0.40,7.38,-49.45,57.4,104.15,664.08,246.60,SPIRAL
30.7463,5.5156,-0.4983,-0.0171,0.21216,1.14296,-0.03588,-0.40,13.58,-48.12,57.4,104.11,664.08,246.60,SPIRAL
30.7564,5.7156,-0.5283,-0.5171,0.22116,1.14496,-0.03888,-0.40,19.57,-46.01,57.4,104.09,664.07,246.59,SPIRAL
30.7665,5.9656,-0.6383,-0.2771,0.23816,1.14996,-0.04188,-0.40,25.24,-43.16,57.4,104.06,664.06,246.59,SPIRAL
30.7766,5.8256,-0.4183,-0.3971,0.22216,1.14896,-0.04088,-0.40,30.49,-39.62,57.4,104.04,664.05,246.59,SPIRAL
30.7867,5.8956,-0.3483,-0.4971,0.22516,1.14596,-0.03988,-0.40,35.27,-35.44,57.4,104.01,664.03,246.58,SPIRAL
30.7969,5.6156,-0.6883,-0.1471,0.22216,1.15696,-0.03788,-0.40,39.48,-30.67,57.4,103.98,664.00,246.57,SPIRAL
30.8070,5.7656,-0.5383,-0.3871,0.20716,1.14996,-0.03688,-0.40,43.05,-25.43,57.4,103.97,663.99,246.57,SPIRAL
30.8171,6.0356,-0.6283,-0.1171,0.21716,1.15896,-0.04088,-0.40,45.92,-19.77,57.4,103.95,663.96,246.56,SPIRAL
30.8272,5.7156,-0.7283,0.1528,0.20216,1.16996,-0.04188,-0.40,48.06,-13.79,57.4,103.94,663.94,246.56,SPIRAL
30.8373,5.7356,-0.6483,0.0328,0.19416,1.17096,-0.04288,-0.40,49.42,-7.59,57.4,103.93,663.91,246.55,SPIRAL
30.8474,5.8556,-0.5683,0.1228,0.19116,1.15796,-0.04588,-0.40,49.98,-1.26,57.4,103.93,663.88,246.55,SPIRAL
30.8575,5.7956,-0.6183,-0.0971,0.17716,1.15996,-0.04588,-0.40,49.74,5.08,57.4,103.93,663.85,246.54,SPIRAL
30.8677,5.7456,-0.3083,-0.1171,0.17616,1.16496,-0.04188,-0.40,48.69,11.36,57.4,103.93,663.83,246.54,SPIRAL
30.8778,5.6956,-0.6083,0.3828,0.16616,1.17396,-0.04788,-0.40,46.86,17.43,57.4,103.94,663.80,246.53,SPIRAL
30.8879,6.0056,-0.2883,0.4628,0.16916,1.17196,-0.04488,-0.40,44.28,23.22,57.4,103.95,663.78,246.53,SPIRAL
30.8980,5.7656,-0.2883,0.5128,0.13816,1.17496,-0.04688,-0.40,40.98,28.64,57.4,103.96,663.75,246.52,SPIRAL
30.9081,6.1056,-0.3983,0.6528,0.16416,1.18696,-0.04788,-0.40,37.02,33.60,57.4,103.98,663.74,246.52,SPIRAL
30.9182,5.6156,-0.1083,0.5328,0.12616,1.18696,-0.04288,-0.40,32.47,38.02,57.4,104.00,663.71,246.52,SPIRAL
30.9283,5.7256,-0.2383,0.7228,0.11416,1.18296,-0.04388,-0.40,27.40,41.82,57.4,104.01,663.70,246.51,SPIRAL
30.9384,5.8656,0.1016,0.1428,0.10816,1.15996,-0.04488,-0.40,21.89,44.95,57.4,104.04,663.69,246.51,SPIRAL
30.9485,5.7656,-0.1683,0.6328,0.09416,1.16196,-0.04888,-0.40,16.01,47.37,57.4,104.06,663.68,246.50,SPIRAL
30.9586,5.9556,0.1116,0.4928,0.09316,1.15196,-0.04588,-0.40,9.88,49.01,57.4,104.09,663.67,246.50,SPIRAL
30.9688,5.7956,0.1116,0.6628,0.08216,1.15096,-0.04688,-0.40,3.55,49.87,57.4,104.13,663.67,246.49,SPIRAL
30.9789,5.7256,-0.2083,0.8428,0.10916,1.17796,-0.04888,-0.40,-2.82,49.92,57.4,104.15,663.67,246.49,SPIRAL
30.9890,5.7656,-0.0683,0.7328,0.08816,1.15696,-0.04688,-0.40,-9.12,49.16,57.4,104.18,663.68,246.49,SPIRAL
30.9991,5.9156,0.1916,0.7628,0.08116,1.14096,-0.04488,-0.40,-15.28,47.61,57.4,104.20,663.69,246.48,SPIRAL
31.0092,5.6656,-0.0283,0.8228,0.07516,1.15796,-0.05288,-0.40,-21.18,45.29,57.5,104.23,663.70,246.48,SPIRAL
31.0193,5.6656,-0.1183,1.1728,0.07616,1.16596,-0.05388,-0.40,-26.75,42.24,57.5,104.25,663.72,246.48,SPIRAL
31.0294,5.8256,-0.0683,0.6128,0.06916,1.14196,-0.05188,-0.38,-30.73,39.44,57.5,104.28,663.74,246.47,SPIRAL
31.0396,5.6756,0.0216,0.9628,0.07216,1.14296,-0.04888,-0.40,-36.50,34.17,57.5,104.29,663.76,246.47,SPIRAL
31.0497,5.8956,-0.1783,1.0928,0.09316,1.15496,-0.05488,-0.40,-40.54,29.26,57.5,104.31,663.79,246.47,SPIRAL
31.0598,5.8356,-0.1583,0.8828,0.10616,1.15496,-0.04788,-0.40,-43.92,23.89,57.5,104.32,663.81,246.46,SPIRAL
31.0699,5.7656,-0.2583,0.8428,0.09116,1.14496,-0.04788,-0.40,-46.60,18.12,57.5,104.34,663.84,246.46,SPIRAL
31.0800,5.7856,0.2316,0.4928,0.10716,1.14396,-0.04388,-0.40,-48.52,12.06,57.5,104.34,663.87,246.46,SPIRAL
31.0902,5.7956,0.0116,0.5128,0.08816,1.13396,-0.04788,-0.40,-49.66,5.81,57.5,104.35,663.91,246.46,SPIRAL
31.1003,5.6456,0.1816,0.6228,0.10116,1.13296,-0.04788,-0.40,-50.00,-0.53,57.5,104.35,663.93,246.45,SPIRAL
31.1104,5.9156,-0.0583,0.1128,0.12316,1.12096,-0.04488,-0.40,-49.52,-6.87,57.5,104.34,663.97,246.45,SPIRAL
31.1205,5.6856,0.1016,0.0428,0.11416,1.11796,-0.04488,-0.40,-48.25,-13.09,57.6,104.34,663.99,246.45,SPIRAL
31.1306,5.7756,-0.1783,0.0028,0.14216,1.12996,-0.04388,-0.40,-46.20,-19.11,57.6,104.32,664.03,246.44,SPIRAL
31.1408,5.6556,-0.4383,0.2328,0.15416,1.13996,-0.04488,-0.40,-43.40,-24.82,57.6,104.30,664.06,246.44,SPIRAL
31.1509,5.7256,-0.3183,-0.0071,0.15916,1.14096,-0.04288,-0.40,-39.91,-30.12,57.6,104.29,664.08,246.44,SPIRAL
31.1610,5.5556,-0.1883,-0.3171,0.14516,1.14196,-0.04188,-0.40,-35.78,-34.93,57.6,104.26,664.11,246.43,SPIRAL
31.1711,5.6656,-0.4883,-0.1471,0.17816,1.15196,-0.03988,-0.40,-31.06,-39.18,57.6,104.25,664.13,246.43,SPIRAL
31.1812,5.6856,-0.2883,-0.2471,0.17316,1.15096,-0.04188,-0.40,-25.85,-42.79,57.6,104.21,664.15,246.43,SPIRAL
31.1913,5.7956,-0.5183,-0.3271,0.18416,1.15796,-0.04088,-0.40,-20.22,-45.73,57.6,104.19,664.16,246.42,SPIRAL
31.2014,5.8156,-0.6083,-0.1671,0.18616,1.15696,-0.04388,-0.40,-14.24,-47.93,57.6,104.16,664.18,246.42,SPIRAL
31.2116,5.8156,-0.7283,-0.0071,0.18716,1.17296,-0.04288,-0.40,-8.05,-49.35,57.6,104.13,664.19,246.42,SPIRAL
31.2217,6.0856,-0.7483,0.0428,0.19116,1.15896,-0.04388,-0.40,-1.73,-49.97,57.6,104.10,664.19,246.41,SPIRAL
31.2318,5.8656,-0.5583,0.0028,0.20316,1.17896,-0.04388,-0.40,4.61,-49.79,57.6,104.07,664.19,246.41,SPIRAL
31.2419,5.9956,-0.7383,-0.0271,0.20116,1.18096,-0.04188,-0.40,10.91,-48.79,57.6,104.03,664.19,246.40,SPIRAL
31.2520,6.0456,-0.5083,0.0128,0.21516,1.18996,-0.04288,-0.40,17.00,-47.02,57.6,104.01,664.19,246.40,SPIRAL
31.2622,5.8956,-0.6883,0.0628,0.20316,1.18196,-0.04088,-0.40,22.83,-44.48,57.6,103.98,664.17,246.40,SPIRAL
31.2723,6.0456,-0.4283,-0.0471,0.20716,1.18696,-0.03888,-0.40,28.30,-41.22,57.6,103.96,664.16,246.39,SPIRAL
31.2824,5.9656,-0.6183,0.1228,0.20716,1.20596,-0.03988,-0.40,33.28,-37.31,57.6,103.93,664.15,246.39,SPIRAL
31.2925,6.0756,-0.3683,-0.1871,0.20616,1.19596,-0.04088,-0.40,37.74,-32.79,57.6,103.91,664.13,246.38,SPIRAL
31.3026,6.0456,-0.5783,0.0728,0.19716,1.20596,-0.03988,-0.40,41.60,-27.73,57.6,103.89,664.11,246.38,SPIRAL
31.3127,6.0956,-0.3683,-0.1871,0.19316,1.20896,-0.04388,-0.40,44.78,-22.24,57.6,103.87,664.08,246.37,SPIRAL
31.3228,6.0656,-0.4983,-0.1971,0.17116,1.20196,-0.04288,-0.40,47.24,-16.39,57.6,103.86,664.06,246.37,SPIRAL
31.3330,5.8756,-0.2583,-0.1171,0.17416,1.20696,-0.04088,-0.40,48.94,-10.25,57.6,103.85,664.03,246.36,SPIRAL
31.3431,5.8956,-0.1383,-0.1671,0.14816,1.19296,-0.04288,-0.40,49.84,-3.97,57.6,103.84,664.01,246.36,SPIRAL
31.3532,5.9156,-0.3783,-0.0471,0.16216,1.19596,-0.04088,-0.40,49.94,2.35,57.6,103.84,663.98,246.35,SPIRAL
31.3633,6.0556,-0.1083,-0.0871,0.14216,1.18596,-0.04488,-0.40,49.24,8.66,57.6,103.84,663.95,246.35,SPIRAL
31.3734,6.0256,0.1716,0.0328,0.15016,1.19296,-0.04288,-0.40,47.75,14.84,57.6,103.85,663.92,246.34,SPIRAL
31.3835,5.9756,-0.0283,0.1128,0.11316,1.18896,-0.04188,-0.40,45.48,20.76,57.6,103.86,663.90,246.34,SPIRAL
31.3936,5.8656,0.2016,0.1328,0.11116,1.20496,-0.04288,-0.40,42.48,26.36,57.6,103.87,663.87,246.33,SPIRAL
31.4038,5.9956,-0.0283,0.3128,0.08516,1.20096,-0.04588,-0.40,38.79,31.55,57.6,103.89,663.85,246.33,SPIRAL
31.4139,6.0056,0.3016,0.1428,0.07116,1.19596,-0.04388,-0.40,34.48,36.21,57.6,103.91,663.83,246.32,SPIRAL
31.4240,6.0156,0.2516,0.6928,0.07816,1.20096,-0.04588,-0.40,29.62,40.28,57.6,103.92,663.82,246.32,SPIRAL
31.4341,5.9656,0.4516,0.4128,0.06916,1.20296,-0.04488,-0.40,24.26,43.72,57.6,103.95,663.80,246.31,SPIRAL
31.4442,6.0556,0.2716,0.3728,0.06416,1.19896,-0.04488,-0.40,18.54,46.44,57.6,103.97,663.79,246.31,SPIRAL
31.4543,6.2456,0.2716,0.9428,0.05616,1.18396,-0.04888,-0.40,12.50,48.41,57.6,104.00,663.78,246.30,SPIRAL
31.4644,5.9556,0.0816,0.7928,0.05516,1.18596,-0.04588,-0.40,6.27,49.60,57.6,104.03,663.78,246.30,SPIRAL
31.4746,5.9056,-0.0983,1.2628,0.06316,1.19596,-0.04388,-0.40,-0.08,50.00,57.6,104.06,663.78,246.30,SPIRAL
31.4847,5.8156,0.2416,0.7528,0.06216,1.19096,-0.04488,-0.40,-6.42,49.58,57.7,104.09,663.79,246.29,SPIRAL
31.4948,5.8956,0.0316,1.1128,0.03516,1.17196,-0.04688,-0.40,-12.66,48.37,57.7,104.12,663.79,246.29,SPIRAL
31.5050,6.1556,0.3916,0.4928,0.04516,1.16696,-0.04588,-0.40,-18.72,46.36,57.7,104.15,663.81,246.29,SPIRAL
31.5151,5.9656,0.4216,0.7928,0.04016,1.18296,-0.04688,-0.40,-24.44,43.62,57.7,104.17,663.82,246.28,SPIRAL
31.5252,6.0956,0.0716,0.9228,0.04116,1.17796,-0.04988,-0.40,-29.77,40.17,57.7,104.19,663.84,246.28,SPIRAL
31.5353,5.8356,0.0816,0.6728,0.03416,1.17996,-0.04788,-0.39,-33.63,36.99,57.7,104.21,663.86,246.28,SPIRAL
31.5454,5.9756,0.1716,1.0328,0.03616,1.18196,-0.05088,-0.39,-37.86,32.65,57.7,104.23,663.89,246.27,SPIRAL
31.5555,5.9056,0.2716,0.5728,0.03316,1.16296,-0.04888,-0.40,-42.58,26.20,57.7,104.25,663.91,246.27,SPIRAL
31.5656,6.0056,0.4616,0.4928,0.04916,1.15896,-0.04688,-0.40,-45.56,20.60,57.7,104.26,663.94,246.27,SPIRAL
31.5757,5.8156,0.2416,0.9628,0.04816,1.15496,-0.04688,-0.39,-47.19,16.53,57.7,104.27,663.96,246.26,SPIRAL
31.5859,5.8456,-0.0983,0.6328,0.07616,1.16896,-0.04388,-0.40,-49.27,8.48,57.7,104.28,664.00,246.26,SPIRAL
31.5960,5.7656,0.2616,0.1828,0.07116,1.16496,-0.04388,-0.40,-49.95,2.17,57.7,104.28,664.03,246.26,SPIRAL
31.6061,5.9256,-0.0983,0.3928,0.10116,1.17396,-0.04988,-0.40,-49.82,-4.19,57.8,104.28,664.06,246.26,SPIRAL
31.6162,5.9456,-0.2283,0.7628,0.09716,1.17096,-0.04588,-0.40,-48.89,-10.46,57.8,104.27,664.09,246.25,SPIRAL
31.6263,5.8856,-0.1283,0.1828,0.10716,1.17296,-0.04588,-0.40,-47.17,-16.58,57.8,104.26,664.13,246.25,SPIRAL
31.6364,5.8356,0.0616,-0.0871,0.10216,1.15396,-0.04288,-0.40,-44.69,-22.43,57.8,104.25,664.15,246.25,SPIRAL
31.6466,6.0356,-0.0083,0.0028,0.11716,1.16296,-0.04288,-0.40,-41.48,-27.91,57.8,104.23,664.18,246.24,SPIRAL
31.6567,5.7656,-0.3383,0.0228,0.10916,1.16896,-0.04488,-0.40,-37.61,-32.94,57.8,104.22,664.20,246.24,SPIRAL
31.6668,5.6856,-0.3183,-0.0371,0.12116,1.17196,-0.04188,-0.40,-33.13,-37.44,57.8,104.19,664.23,246.24,SPIRAL
31.6769,5.8356,-0.4183,-0.0571,0.15916,1.19696,-0.04288,-0.40,-28.13,-41.33,57.8,104.16,664.25,246.23,SPIRAL
31.6870,5.9556,-0.1383,-0.3571,0.14816,1.17496,-0.04288,-0.40,-22.65,-44.57,57.8,104.14,664.27,246.23,SPIRAL
31.6971,5.6156,-0.5383,0.1928,0.14716,1.19596,-0.03988,-0.40,-16.81,-47.09,57.8,104.11,664.28,246.23,SPIRAL
31.7072,6.1256,-0.4983,-0.0171,0.16116,1.19196,-0.04488,-0.40,-10.71,-48.84,57.8,104.08,664.29,246.22,SPIRAL
31.7174,5.8856,-0.2783,-0.2671,0.15216,1.19596,-0.04288,-0.40,-4.43,-49.80,57.8,104.05,664.30,246.22,SPIRAL
31.7275,5.8556,-0.3183,0.2028,0.16116,1.21496,-0.03788,-0.40,1.91,-49.96,57.8,104.02,664.30,246.22,SPIRAL
31.7376,6.2256,-0.6283,-0.2471,0.17216,1.20396,-0.04188,-0.40,8.23,-49.32,57.8,103.99,664.30,246.21,SPIRAL
31.7477,6.0456,-0.4383,-0.1271,0.17016,1.21196,-0.04388,-0.40,14.42,-47.87,57.9,103.96,664.30,246.21,SPIRAL
31.7578,6.0056,-0.7183,0.5328,0.16216,1.22496,-0.04288,-0.40,20.37,-45.66,57.9,103.93,664.29,246.20,SPIRAL
31.7679,5.7956,-0.3483,-0.0571,0.16816,1.22496,-0.04088,-0.40,26.00,-42.71,57.9,103.91,664.28,246.20,SPIRAL
31.7781,5.9256,-0.3583,0.0828,0.16516,1.22396,-0.03688,-0.40,31.21,-39.06,57.9,103.88,664.26,246.19,SPIRAL
31.7882,6.1056,-0.9183,0.6328,0.17616,1.23796,-0.04688,-0.40,35.92,-34.78,57.9,103.86,664.25,246.19,SPIRAL
31.7983,6.1456,-0.1383,-0.4671,0.18016,1.22096,-0.04088,-0.40,40.04,-29.95,57.9,103.83,664.22,246.18,SPIRAL
31.8084,6.1356,-0.5383,0.0728,0.15916,1.22596,-0.04488,-0.40,43.51,-24.64,57.9,103.82,664.21,246.18,SPIRAL
31.8185,6.0856,-0.4983,0.2928,0.15116,1.22996,-0.04288,-0.40,46.28,-18.93,57.9,103.80,664.18,246.17,SPIRAL
31.8286,6.0556,-0.1783,-0.0271,0.15116,1.22996,-0.04388,-0.40,48.30,-12.91,57.9,103.80,664.16,246.17,SPIRAL
31.8388,5.9756,-0.3583,0.1928,0.13416,1.22796,-0.04388,-0.40,49.55,-6.69,57.9,103.79,664.13,246.16,SPIRAL
31.8489,6.1856,-0.2383,0.0928,0.16516,1.24196,-0.04588,-0.40,50.00,-0.35,57.8,103.79,664.09,246.16,SPIRAL
31.8590,6.1556,-0.2283,0.1828,0.13316,1.22396,-0.04188,-0.40,49.64,5.98,57.8,103.79,664.07,246.15,SPIRAL
31.8691,5.9256,-0.0683,0.3728,0.12816,1.24596,-0.04288,-0.40,48.48,12.23,57.8,103.79,664.04,246.15,SPIRAL
31.8792,6.2456,-0.2183,0.1228,0.12816,1.22396,-0.04588,-0.40,46.54,18.28,57.8,103.80,664.02,246.14,SPIRAL
31.8893,6.2456,-0.1783,0.2728,0.14416,1.24596,-0.04588,-0.40,43.85,24.03,57.8,103.81,663.99,246.14,SPIRAL
31.8994,6.2856,-0.3683,0.7428,0.10216,1.23696,-0.05088,-0.40,40.44,29.40,57.8,103.83,663.97,246.13,SPIRAL
31.9096,6.2456,0.1216,0.4728,0.10516,1.23696,-0.04788,-0.40,36.39,34.29,57.8,103.85,663.95,246.13,SPIRAL
31.9197,6.3156,-0.3583,0.6928,0.10516,1.24396,-0.04688,-0.40,31.74,38.63,57.8,103.86,663.93,246.12,SPIRAL
31.9298,6.0956,-0.0983,0.6928,0.07716,1.24596,-0.04788,-0.40,26.58,42.35,57.8,103.89,663.92,246.12,SPIRAL
31.9400,6.1956,-0.0483,0.5328,0.06816,1.23496,-0.04588,-0.40,20.98,45.38,57.8,103.91,663.91,246.12,SPIRAL
31.9502,6.1156,0.3016,0.5528,0.06616,1.22696,-0.04688,-0.40,14.97,47.70,57.8,103.94,663.90,246.11,SPIRAL
31.9603,6.2356,0.6216,0.2728,0.06916,1.21896,-0.04288,-0.40,8.81,49.22,57.9,103.97,663.89,246.11,SPIRAL
31.9705,6.1156,0.5016,0.7928,0.05316,1.22196,-0.04688,-0.40,2.49,49.94,57.9,104.00,663.89,246.10,SPIRAL
31.9806,6.0256,-0.1083,0.9128,0.05916,1.21396,-0.04988,-0.38,-3.71,49.86,57.9,104.02,663.89,246.10,SPIRAL
31.9907,6.2356,0.1816,0.9128,0.08116,1.22996,-0.04988,-0.40,-10.14,48.96,57.9,104.06,663.90,246.10,SPIRAL
32.0008,6.1356,0.2216,0.5828,0.05916,1.21396,-0.04688,-0.40,-16.26,47.28,57.9,104.09,663.91,246.09,SPIRAL
32.0109,6.0256,0.4416,0.7828,0.05516,1.21496,-0.04588,-0.40,-22.13,44.84,57.9,104.11,663.92,246.09,SPIRAL
32.0210,6.0456,0.2416,0.8028,0.05116,1.21796,-0.04588,-0.40,-27.63,41.67,57.9,104.14,663.95,246.09,SPIRAL
32.0311,5.9756,-0.0583,1.0228,0.04316,1.21696,-0.04688,-0.39,-31.66,38.69,57.9,104.16,663.96,246.08,SPIRAL
32.0412,5.9256,0.3816,0.5728,0.03116,1.20296,-0.04388,-0.40,-37.21,33.39,57.9,104.18,663.99,246.08,SPIRAL
32.0513,6.1956,-0.0783,0.8428,0.06116,1.20696,-0.04888,-0.39,-40.12,29.84,57.9,104.20,664.01,246.08,SPIRAL
32.0614,5.8656,0.0516,0.9528,0.06316,1.22196,-0.04588,-0.40,-44.41,22.97,57.9,104.21,664.04,246.07,SPIRAL
32.0716,6.0056,-0.3283,0.8628,0.07716,1.20596,-0.04588,-0.40,-46.97,17.14,57.9,104.22,664.07,246.07,SPIRAL
32.0817,6.0356,0.1116,0.8028,0.09716,1.20896,-0.04288,-0.40,-48.76,11.04,57.9,104.23,664.10,246.07,SPIRAL
32.0918,5.8056,0.0316,0.7528,0.08516,1.21596,-0.04588,-0.40,-49.77,4.78,58.0,104.24,664.13,246.07,SPIRAL
32.1020,6.1456,-0.0883,0.8728,0.08616,1.19696,-0.04488,-0.40,-49.97,-1.59,58.0,104.24,664.16,246.06,SPIRAL
32.1121,6.1256,0.0516,0.1528,0.07416,1.18796,-0.04388,-0.40,-49.37,-7.90,58.0,104.24,664.19,246.06,SPIRAL
32.1222,5.9356,-0.2983,0.4828,0.10416,1.20496,-0.04488,-0.40,-47.97,-14.10,58.0,104.23,664.23,246.06,SPIRAL
32.1323,5.9456,-0.2583,0.5228,0.11816,1.20196,-0.04588,-0.40,-45.80,-20.07,58.0,104.22,664.25,246.05,SPIRAL
32.1424,6.1156,-0.0183,0.1328,0.13916,1.20296,-0.04288,-0.40,-42.88,-25.71,58.0,104.20,664.28,246.05,SPIRAL
32.1525,5.7056,-0.4883,0.1428,0.12816,1.21796,-0.04388,-0.40,-39.28,-30.93,58.0,104.19,664.30,246.05,SPIRAL
32.1626,6.0256,-0.2683,0.0228,0.15416,1.21596,-0.04388,-0.40,-35.05,-35.66,58.0,104.17,664.33,246.04,SPIRAL
32.1727,5.9656,-0.3983,0.0328,0.14916,1.21696,-0.04288,-0.40,-30.25,-39.81,58.0,104.14,664.36,246.04,SPIRAL
32.1828,6.2056,-0.4283,0.0928,0.16616,1.21996,-0.04488,-0.40,-24.96,-43.33,58.0,104.12,664.37,246.04,SPIRAL
32.1929,6.2556,-0.9383,-0.0271,0.18916,1.22696,-0.04388,-0.40,-19.26,-46.14,58.0,104.09,664.39,246.03,SPIRAL
32.2031,6.0656,-0.2283,-0.3471,0.16916,1.22696,-0.03688,-0.40,-13.26,-48.21,58.1,104.06,664.40,246.03,SPIRAL
32.2132,6.0556,-0.6483,0.2428,0.18316,1.24096,-0.04288,-0.40,-7.01,-49.50,58.1,104.03,664.41,246.03,SPIRAL
32.2234,6.1756,-0.4483,0.0028,0.17316,1.23796,-0.04188,-0.40,-0.67,-49.99,58.1,104.00,664.41,246.02,SPIRAL
32.2335,6.3456,-0.3983,0.0828,0.18616,1.24996,-0.04288,-0.40,5.68,-49.67,58.1,103.97,664.41,246.02,SPIRAL
32.2437,6.2256,-0.4783,-0.0171,0.18416,1.25496,-0.04188,-0.40,11.98,-48.54,58.1,103.95,664.41,246.01,SPIRAL
32.2538,6.2156,-0.4683,-0.5071,0.19316,1.25096,-0.04188,-0.40,18.03,-46.64,58.1,103.91,664.40,246.01,SPIRAL
32.2639,6.1056,-0.6983,-0.1871,0.19016,1.25796,-0.04288,-0.40,23.80,-43.97,58.1,103.89,664.39,246.01,SPIRAL
32.2741,6.1756,-0.5083,0.0128,0.20116,1.26796,-0.04488,-0.40,29.21,-40.58,58.1,103.86,664.38,246.00,SPIRAL
32.2842,6.3256,-0.6683,0.2528,0.21516,1.27296,-0.04288,-0.40,34.11,-36.55,58.1,103.84,664.36,246.00,SPIRAL
32.2943,6.2456,-0.6583,0.4428,0.18616,1.27196,-0.04588,-0.40,38.47,-31.94,58.1,103.82,664.34,245.99,SPIRAL
32.3044,6.2156,-0.5983,-0.1371,0.17716,1.26796,-0.04488,-0.40,42.21,-26.80,58.1,103.80,664.32,245.99,SPIRAL
32.3145,6.4256,-0.2883,-0.0471,0.18616,1.27196,-0.04288,-0.40,45.26,-21.24,58.1,103.79,664.30,245.98,SPIRAL
32.3246,6.4756,-0.4183,-0.0671,0.17216,1.26196,-0.04588,-0.40,47.59,-15.34,58.1,103.77,664.26,245.97,SPIRAL
32.3347,6.4456,-0.4083,0.1128,0.14916,1.25696,-0.04388,-0.40,49.15,-9.18,58.1,103.77,664.24,245.97,SPIRAL
32.3448,6.2756,-0.5283,0.4828,0.15416,1.27196,-0.04188,-0.40,49.92,-2.88,58.1,103.77,664.21,245.96,SPIRAL
32.3550,6.3356,0.0516,-0.5071,0.15916,1.26196,-0.03988,-0.40,49.88,3.48,58.1,103.77,664.19,245.96,SPIRAL
32.3651,6.3456,0.2016,-0.5871,0.14916,1.25396,-0.03988,-0.40,49.03,9.77,58.1,103.77,664.16,245.95,SPIRAL
32.3752,6.3156,-0.1683,-0.1371,0.15816,1.26696,-0.04388,-0.40,47.40,15.91,58.1,103.78,664.13,245.95,SPIRAL
32.3853,6.3456,-0.3783,0.4528,0.15016,1.28296,-0.04388,-0.40,45.00,21.80,58.1,103.79,664.10,245.94,SPIRAL
32.3954,6.4156,-0.5083,0.6028,0.13816,1.28296,-0.04588,-0.40,41.87,27.32,58.1,103.80,664.08,245.94,SPIRAL
32.4055,6.5656,0.2716,0.1728,0.11916,1.26696,-0.04288,-0.40,38.07,32.41,58.1,103.82,664.06,245.94,SPIRAL
32.4156,6.6856,-0.1483,0.2728,0.13616,1.27096,-0.04588,-0.40,33.66,36.97,58.1,103.84,664.04,245.93,SPIRAL
32.4258,6.3056,-0.2283,0.8328,0.09616,1.28196,-0.04688,-0.40,28.70,40.94,58.1,103.87,664.02,245.93,SPIRAL
32.4360,6.2056,-0.0283,0.6028,0.06716,1.25896,-0.04288,-0.40,23.21,44.29,58.1,103.88,664.01,245.92,SPIRAL
32.4461,6.2256,0.0716,0.6128,0.06716,1.26396,-0.04688,-0.40,17.41,46.87,58.1,103.92,664.00,245.92,SPIRAL
32.4562,6.2756,0.0916,0.6828,0.07916,1.26196,-0.04388,-0.40,11.33,48.70,58.1,103.94,663.99,245.91,SPIRAL
32.4664,6.3156,-0.1283,1.0328,0.07516,1.26996,-0.04988,-0.38,4.84,49.76,58.1,103.97,663.99,245.91,SPIRAL
32.4765,6.3256,-0.1583,1.2928,0.06616,1.25696,-0.04988,-0.38,-1.22,49.98,58.1,103.99,663.99,245.91,SPIRAL
32.4866,6.1756,0.1416,0.7828,0.05216,1.24996,-0.04688,-0.38,-7.28,49.47,58.1,104.03,663.99,245.90,SPIRAL
32.4967,6.3256,0.2416,1.1028,0.05116,1.24696,-0.04788,-0.40,-13.81,48.05,58.1,104.06,664.00,245.90,SPIRAL
32.5068,6.1356,0.0716,1.2628,0.04516,1.26096,-0.04988,-0.40,-19.78,45.92,58.1,104.08,664.01,245.89,SPIRAL
32.5169,6.2356,-0.0083,0.7628,0.04216,1.23896,-0.04788,-0.38,-24.47,43.60,58.1,104.11,664.03,245.89,SPIRAL
32.5270,6.1956,0.3816,0.8028,0.05216,1.25696,-0.04688,-0.40,-30.69,39.47,58.1,104.13,664.05,245.89,SPIRAL
32.5372,6.0456,0.1416,0.8928,0.02516,1.23596,-0.04288,-0.39,-34.41,36.28,58.1,104.16,664.07,245.88,SPIRAL
32.5473,6.3656,-0.0583,1.2628,0.04616,1.24396,-0.04888,-0.40,-39.64,30.47,58.1,104.17,664.09,245.88,SPIRAL
32.5574,6.2256,0.5216,0.5028,0.05516,1.22596,-0.04188,-0.40,-43.18,25.21,58.1,104.19,664.12,245.88,SPIRAL
32.5675,6.2756,0.3016,1.1328,0.08116,1.25696,-0.04688,-0.40,-46.03,19.53,58.1,104.20,664.15,245.88,SPIRAL
32.5776,6.1856,0.1916,1.0828,0.06416,1.23596,-0.04288,-0.40,-48.13,13.54,58.2,104.22,664.18,245.87,SPIRAL
32.5877,5.9956,0.1316,0.6528,0.06016,1.22696,-0.04488,-0.40,-49.46,7.33,58.2,104.22,664.21,245.87,SPIRAL
32.5978,6.4056,0.2816,0.5528,0.08416,1.22696,-0.04388,-0.40,-49.99,1.00,58.2,104.22,664.24,245.87,SPIRAL
32.6080,6.2456,0.1016,0.4928,0.07416,1.22596,-0.04488,-0.40,-49.71,-5.37,58.2,104.22,664.27,245.87,SPIRAL
32.6182,6.1056,0.1016,0.4628,0.08116,1.22696,-0.04588,-0.40,-48.61,-11.72,58.2,104.22,664.30,245.86,SPIRAL
32.6283,6.0856,0.0316,0.5128,0.07916,1.22996,-0.04388,-0.40,-46.73,-17.77,58.2,104.21,664.33,245.86,SPIRAL
32.6384,6.1056,-0.1483,0.6628,0.10316,1.23496,-0.04388,-0.40,-44.11,-23.55,58.2,104.20,664.36,245.86,SPIRAL
32.6485,6.2956,-0.1883,0.6528,0.10416,1.22796,-0.04088,-0.40,-40.77,-28.94,58.2,104.18,664.38,245.85,SPIRAL
32.6587,6.2156,-0.0483,0.3228,0.12016,1.23696,-0.04488,-0.40,-36.77,-33.88,58.2,104.16,664.41,245.85,SPIRAL
32.6688,6.3056,-0.4183,0.1628,0.12616,1.23096,-0.04788,-0.40,-32.17,-38.27,58.2,104.13,664.44,245.85,SPIRAL
32.6789,6.0856,-0.0383,-0.0571,0.11816,1.24096,-0.04088,-0.40,-27.06,-42.05,58.2,104.12,664.45,245.84,SPIRAL
32.6890,6.1156,-0.2383,0.1428,0.12016,1.24396,-0.04588,-0.40,-21.52,-45.13,58.3,104.08,664.47,245.84,SPIRAL
32.6991,6.2456,-0.2683,-0.0471,0.13116,1.25096,-0.04488,-0.40,-15.62,-47.50,58.3,104.06,664.48,245.84,SPIRAL
32.7093,6.3956,-0.5483,0.1028,0.15416,1.26096,-0.04588,-0.40,-9.46,-49.10,58.3,104.03,664.49,245.83,SPIRAL
32.7194,6.3156,-0.3683,0.0228,0.14216,1.26096,-0.04488,-0.40,-3.16,-49.90,58.3,104.00,664.50,245.83,SPIRAL
32.7295,6.3256,-0.2383,-0.0271,0.13616,1.26896,-0.04588,-0.40,3.18,-49.90,58.3,103.97,664.50,245.82,SPIRAL
32.7396,6.5056,-0.0583,-0.2571,0.14616,1.27196,-0.03988,-0.40,9.48,-49.09,58.3,103.95,664.50,245.82,SPIRAL
32.7497,6.3956,-0.5983,0.0328,0.14916,1.28096,-0.04688,-0.40,15.62,-47.50,58.3,103.91,664.49,245.81,SPIRAL
32.7598,6.4656,-0.3183,-0.2271,0.14316,1.27796,-0.04288,-0.40,21.51,-45.13,58.3,103.89,664.48,245.81,SPIRAL
32.7700,6.4756,-0.2683,0.1628,0.13516,1.28096,-0.04288,-0.40,27.08,-42.03,58.3,103.86,664.47,245.81,SPIRAL
32.7801,6.5056,0.0016,-0.9371,0.14216,1.27196,-0.03988,-0.40,32.21,-38.24,58.3,103.84,664.46,245.80,SPIRAL
32.7902,6.3156,-0.3083,0.3628,0.14416,1.29796,-0.03988,-0.40,36.80,-33.85,58.3,103.81,664.43,245.80,SPIRAL
32.8004,6.3756,-0.0783,-0.1471,0.13816,1.29496,-0.04388,-0.40,40.79,-28.91,58.3,103.80,664.42,245.79,SPIRAL
32.8105,6.3856,-0.1783,0.1028,0.13816,1.30696,-0.04488,-0.40,44.13,-23.50,58.3,103.78,664.39,245.79,SPIRAL
32.8206,6.6156,-0.0983,-0.1171,0.11416,1.28996,-0.04388,-0.40,46.75,-17.72,58.3,103.77,664.37,245.78,SPIRAL
32.8307,6.4256,-0.3983,0.4328,0.11416,1.30996,-0.04688,-0.40,48.62,-11.65,58.3,103.76,664.34,245.78,SPIRAL
32.8408,6.5356,-0.1083,0.2528,0.09916,1.29196,-0.04588,-0.40,49.71,-5.40,58.3,103.75,664.31,245.77,SPIRAL
32.8509,6.6156,0.0916,0.1228,0.09916,1.29296,-0.04388,-0.40,49.99,0.95,58.3,103.75,664.28,245.77,SPIRAL
32.8611,6.4556,-0.0083,0.2028,0.08616,1.28996,-0.04588,-0.40,49.46,7.29,58.3,103.76,664.25,245.76,SPIRAL
32.8712,6.5056,0.0716,0.1428,0.08216,1.28696,-0.04588,-0.40,48.13,13.53,58.3,103.76,664.23,245.76,SPIRAL
32.8813,6.4556,0.1016,0.3828,0.07616,1.29396,-0.04888,-0.40,46.03,19.51,58.3,103.77,664.20,245.75,SPIRAL
32.8914,6.4956,0.3316,0.1628,0.05616,1.29496,-0.04488,-0.40,43.19,25.19,58.3,103.78,664.18,245.75,SPIRAL
32.9016,6.4956,0.6316,0.1728,0.06116,1.29596,-0.04588,-0.40,39.63,30.49,58.3,103.80,664.15,245.74,SPIRAL
32.9117,6.4656,0.1216,0.4028,0.03516,1.30496,-0.04888,-0.40,35.45,35.26,58.3,103.82,664.13,245.74,SPIRAL
32.9218,6.4256,0.3916,0.7028,0.03616,1.30696,-0.04488,-0.40,30.70,39.47,58.3,103.84,664.11,245.73,SPIRAL
32.9320,6.7856,0.2116,0.8728,0.02916,1.29796,-0.05088,-0.40,25.42,43.05,58.3,103.86,664.10,245.73,SPIRAL
32.9421,6.4556,0.1116,0.9628,0.00016,1.29496,-0.05088,-0.40,19.77,45.93,58.3,103.89,664.09,245.72,SPIRAL
32.9522,6.4756,0.2716,0.5828,0.01216,1.30096,-0.04988,-0.40,13.79,48.06,58.3,103.92,664.08,245.72,SPIRAL
32.9623,6.6656,0.7116,0.4028,0.02116,1.29196,-0.04988,-0.40,7.57,49.42,58.3,103.95,664.07,245.72,SPIRAL
32.9724,6.3656,0.5516,0.8028,0.00416,1.28896,-0.04888,-0.40,1.25,49.98,58.3,103.97,664.07,245.71,SPIRAL
32.9825,6.3056,0.8516,0.8528,-0.01083,1.28496,-0.04788,-0.40,-5.09,49.74,58.3,104.01,664.07,245.71,SPIRAL
32.9927,6.5356,0.4016,1.0928,-0.00283,1.28496,-0.04788,-0.40,-11.36,48.69,58.3,104.04,664.08,245.70,SPIRAL
33.0028,6.3156,0.2816,0.9328,-0.02383,1.26896,-0.04888,-0.40,-17.46,46.85,58.3,104.06,664.09,245.70,SPIRAL
33.0129,6.3156,0.6216,0.8128,-0.03283,1.26896,-0.05088,-0.38,-22.39,44.70,58.3,104.10,664.11,245.70,SPIRAL
33.0230,6.2756,0.8216,0.8928,-0.02583,1.28296,-0.05088,-0.38,-27.39,41.83,58.3,104.11,664.12,245.69,SPIRAL
33.0332,6.2856,0.2716,1.1028,-0.02383,1.27396,-0.05488,-0.40,-33.64,36.99,58.3,104.14,664.15,245.69,SPIRAL
33.0433,6.2856,0.9216,0.6028,-0.02083,1.27196,-0.04788,-0.40,-38.06,32.43,58.3,104.16,664.16,245.69,SPIRAL
33.0534,6.3756,0.7916,0.6628,-0.01083,1.26796,-0.04988,-0.40,-41.86,27.34,58.3,104.18,664.19,245.68,SPIRAL
33.0635,6.2056,0.7716,0.5328,-0.00083,1.27096,-0.04588,-0.40,-45.00,21.79,58.3,104.19,664.22,245.68,SPIRAL
33.0737,6.4956,0.0916,0.9028,0.00816,1.26796,-0.05488,-0.40,-47.40,15.90,58.4,104.20,664.25,245.68,SPIRAL
33.0838,6.1856,0.2216,0.7228,-0.01083,1.25896,-0.04888,-0.39,-48.60,11.76,58.4,104.21,664.27,245.68,SPIRAL
33.0939,6.4656,0.3016,0.7728,0.02016,1.26896,-0.04988,-0.40,-49.88,3.46,58.4,104.21,664.31,245.67,SPIRAL
33.1040,6.1856,0.7916,0.4128,0.01216,1.26596,-0.04688,-0.40,-49.91,-2.89,58.4,104.21,664.34,245.67,SPIRAL
33.1141,6.5156,-0.1083,0.7728,0.04616,1.26496,-0.05288,-0.40,-49.14,-9.20,58.4,104.21,664.37,245.67,SPIRAL
33.1243,6.4556,0.0416,0.7128,0.04516,1.26896,-0.05488,-0.40,-47.58,-15.35,58.4,104.20,664.40,245.66,SPIRAL
33.1344,6.3656,-0.0983,0.4328,0.03616,1.25196,-0.05088,-0.40,-45.25,-21.26,58.4,104.19,664.43,245.66,SPIRAL
33.1445,6.3256,0.4516,-0.1371,0.05216,1.25196,-0.04388,-0.40,-42.19,-26.83,58.4,104.18,664.45,245.66,SPIRAL
33.1546,6.2456,-0.0283,0.4228,0.05916,1.26596,-0.04788,-0.40,-38.45,-31.96,58.4,104.16,664.48,245.65,SPIRAL
33.1647,6.2056,-0.0583,0.1628,0.06916,1.26196,-0.04888,-0.40,-34.09,-36.58,58.4,104.14,664.51,245.65,SPIRAL
33.1748,6.3156,-0.0283,-0.1071,0.06916,1.27196,-0.04588,-0.40,-29.18,-40.60,58.5,104.12,664.53,245.65,SPIRAL
33.1850,6.4656,-0.2883,-0.0171,0.09416,1.27496,-0.04888,-0.40,-23.80,-43.97,58.5,104.09,664.55,245.64,SPIRAL
33.1951,6.2756,-0.3783,0.2928,0.10716,1.28796,-0.04588,-0.40,-18.03,-46.63,58.5,104.07,664.56,245.64,SPIRAL
33.2052,6.2756,-0.0683,0.0528,0.10416,1.29796,-0.04788,-0.40,-11.98,-48.54,58.5,104.03,664.57,245.64,SPIRAL
33.2153,6.3656,0.3316,-0.4971,0.11216,1.30496,-0.04388,-0.40,-5.72,-49.67,58.5,104.01,664.57,245.63,SPIRAL
33.2254,6.3756,-0.0083,-0.1871,0.09516,1.30296,-0.04788,-0.40,0.63,-49.99,58.5,103.97,664.58,245.63,SPIRAL
33.2356,6.6656,-0.3383,0.0728,0.10216,1.30496,-0.05188,-0.40,6.98,-49.51,58.5,103.95,664.58,245.63,SPIRAL
33.2457,6.7156,-0.3983,-0.0371,0.12716,1.30396,-0.04588,-0.40,13.22,-48.22,58.5,103.92,664.57,245.62,SPIRAL
33.2559,6.5756,-0.0883,-0.4171,0.11116,1.30196,-0.04688,-0.40,19.24,-46.15,58.5,103.89,664.56,245.62,SPIRAL
33.2660,6.6656,-0.1483,-0.2171,0.12916,1.30596,-0.04588,-0.40,24.94,-43.34,58.5,103.86,664.55,245.61,SPIRAL
33.2761,6.5256,-0.2383,-0.0871,0.11216,1.31096,-0.04688,-0.40,30.22,-39.83,58.5,103.84,664.54,245.61,SPIRAL
33.2862,6.6956,-0.1083,-0.1071,0.12716,1.31196,-0.04788,-0.40,35.02,-35.68,58.5,103.82,664.52,245.60,SPIRAL
33.2963,6.5756,-0.3283,-0.0171,0.14016,1.34196,-0.04688,-0.40,39.26,-30.96,58.5,103.80,664.50,245.60,SPIRAL
33.3064,6.7156,-0.2483,0.1428,0.12516,1.33596,-0.05088,-0.40,42.87,-25.74,58.5,103.78,664.48,245.59,SPIRAL
33.3165,6.7156,-0.2883,0.1728,0.11816,1.33096,-0.04988,-0.40,45.79,-20.08,58.5,103.77,664.46,245.59,SPIRAL
33.3267,6.5156,-0.2283,0.0728,0.09216,1.33496,-0.04888,-0.40,47.97,-14.11,58.5,103.76,664.42,245.58,SPIRAL
33.3369,6.6156,-0.2583,0.2228,0.09216,1.33296,-0.04588,-0.40,49.38,-7.82,58.5,103.75,664.39,245.58,SPIRAL
33.3471,6.9356,-0.1383,0.1028,0.11416,1.33796,-0.05488,-0.40,49.98,-1.46,58.5,103.75,664.37,245.57,SPIRAL
33.3572,6.9056,-0.1083,-0.1171,0.10316,1.32296,-0.04988,-0.40,49.76,4.87,58.5,103.76,664.34,245.57,SPIRAL
33.3673,6.6056,0.0516,0.3628,0.08516,1.33596,-0.04888,-0.40,48.74,11.14,58.5,103.76,664.31,245.56,SPIRAL
33.3774,6.5456,0.2016,0.3028,0.06216,1.32396,-0.04488,-0.40,46.94,17.23,58.5,103.77,664.28,245.56,SPIRAL
33.3875,6.5856,0.5116,-0.1271,0.05716,1.32896,-0.04688,-0.40,44.38,23.03,58.5,103.78,664.26,245.55,SPIRAL
33.3976,6.5556,0.0416,0.2328,0.04816,1.33796,-0.04788,-0.40,41.10,28.47,58.5,103.80,664.23,245.55,SPIRAL
33.4078,6.7056,0.4516,0.0428,0.05416,1.33696,-0.04588,-0.40,37.16,33.46,58.5,103.81,664.21,245.54,SPIRAL
33.4179,6.6656,0.2816,0.4328,0.03816,1.34096,-0.04888,-0.40,32.62,37.90,58.5,103.84,664.19,245.54,SPIRAL
33.4280,6.8256,0.6616,-0.1271,0.02416,1.31696,-0.04488,-0.40,27.56,41.72,58.5,103.86,664.18,245.53,SPIRAL
33.4381,6.6456,0.3916,0.6728,0.03216,1.34696,-0.04888,-0.40,22.05,44.87,58.5,103.89,664.16,245.53,SPIRAL
33.4482,6.5056,0.3716,0.7528,0.00116,1.32896,-0.04888,-0.40,16.20,47.30,58.5,103.91,664.15,245.53,SPIRAL
33.4583,6.5256,0.7216,0.4728,0.01616,1.32496,-0.04488,-0.40,10.06,48.98,58.5,103.94,664.15,245.52,SPIRAL
33.4707,6.6556,0.5516,0.8228,0.00116,1.31196,-0.04888,-0.40,2.36,49.94,58.5,103.98,664.14,245.52,SPIRAL
33.4808,6.6356,0.4216,0.5728,0.00016,1.31396,-0.04988,-0.40,-3.99,49.84,58.5,104.01,664.15,245.51,SPIRAL
33.4909,6.4956,0.7916,0.5828,0.00416,1.31596,-0.04988,-0.38,-9.89,49.01,58.5,104.04,664.15,245.51,SPIRAL
33.5010,6.5556,0.6516,0.7928,-0.00683,1.31196,-0.04988,-0.40,-16.37,47.24,58.5,104.07,664.17,245.50,SPIRAL
33.5111,6.7456,0.7616,0.9328,-0.01383,1.31496,-0.05388,-0.40,-22.25,44.78,58.5,104.09,664.18,245.50,SPIRAL
33.5212,6.4656,0.6316,0.6528,-0.02383,1.30596,-0.04788,-0.38,-26.49,42.40,58.5,104.12,664.20,245.50,SPIRAL
33.5313,6.6056,0.8016,0.8228,-0.02383,1.29396,-0.05288,-0.40,-32.79,37.75,58.5,104.14,664.21,245.50,SPIRAL
33.5415,6.4156,0.9816,0.5728,-0.02583,1.29496,-0.04688,-0.39,-36.33,34.35,58.5,104.17,664.24,245.49,SPIRAL
33.5516,6.3656,0.9016,0.8028,-0.03083,1.29896,-0.04588,-0.40,-41.23,28.29,58.5,104.18,664.26,245.49,SPIRAL
33.5617,6.5456,0.4016,0.6028,-0.01083,1.29196,-0.05188,-0.40,-44.48,22.84,58.6,104.20,664.29,245.49,SPIRAL
33.5718,6.3156,0.4216,0.8628,-0.01083,1.29896,-0.04988,-0.40,-47.02,17.00,58.6,104.21,664.32,245.48,SPIRAL
33.5819,6.5256,0.3816,0.7828,0.01516,1.30196,-0.04888,-0.39,-48.33,12.81,58.6,104.22,664.35,245.48,SPIRAL
33.5920,6.4356,0.1316,0.7828,0.01716,1.30196,-0.05088,-0.40,-49.78,4.63,58.6,104.23,664.38,245.48,SPIRAL
33.6022,6.6056,0.2916,0.5728,0.01216,1.29596,-0.04288,-0.40,-49.97,-1.74,58.6,104.23,664.41,245.47,SPIRAL
33.6123,6.7056,0.5716,0.3528,0.03616,1.28996,-0.04988,-0.40,-49.34,-8.07,58.6,104.23,664.44,245.47,SPIRAL
33.6224,6.3456,0.4616,0.2528,0.00916,1.28096,-0.04888,-0.40,-47.92,-14.26,58.6,104.22,664.48,245.47,SPIRAL
33.6326,6.3856,0.2316,0.2228,0.04216,1.29096,-0.04388,-0.40,-45.73,-20.22,58.6,104.21,664.51,245.47,SPIRAL
33.6427,6.6256,0.3216,0.1028,0.04716,1.27796,-0.04988,-0.40,-42.79,-25.86,58.6,104.20,664.53,245.46,SPIRAL
33.6528,6.5956,0.1916,0.0728,0.06416,1.29196,-0.04788,-0.40,-39.18,-31.06,58.6,104.18,664.57,245.46,SPIRAL
33.6629,6.5456,0.2816,-0.2571,0.06916,1.28996,-0.04388,-0.40,-34.94,-35.77,58.7,104.16,664.59,245.46,SPIRAL
33.6730,6.6056,-0.1983,0.0128,0.08216,1.30196,-0.04688,-0.40,-30.12,-39.91,58.7,104.13,664.61,245.45,SPIRAL
33.6831,6.5956,-0.0083,0.0428,0.09216,1.31696,-0.04588,-0.40,-24.83,-43.40,58.7,104.11,664.63,245.45,SPIRAL
33.6932,6.6156,-0.1583,0.0128,0.08616,1.30596,-0.04988,-0.40,-19.12,-46.20,58.7,104.08,664.64,245.45,SPIRAL
33.7033,6.6056,0.1116,-0.2871,0.08616,1.31896,-0.04388,-0.40,-13.11,-48.25,58.7,104.06,664.65,245.44,SPIRAL
33.7134,6.8256,-0.1983,0.1328,0.11916,1.33596,-0.04888,-0.40,-6.89,-49.52,58.7,104.03,664.66,245.44,SPIRAL
33.7235,6.8156,-0.4283,0.1628,0.12316,1.33396,-0.04688,-0.40,-0.56,-50.00,58.7,104.01,664.67,245.44,SPIRAL
33.7336,6.7056,0.0716,-0.1471,0.09816,1.32496,-0.04588,-0.40,5.78,-49.66,58.7,103.97,664.67,245.43,SPIRAL
33.7437,6.7456,-0.1683,0.0128,0.10316,1.33596,-0.04688,-0.40,12.02,-48.53,58.7,103.95,664.67,245.43,SPIRAL
