time,fx,fy,fz,tx,ty,tz,vx,vy,vz,travel_mm,pos_x,pos_y,pos_z,phase
0.0000,0.0563,-0.3884,0.2466,0.00927,-0.00016,-0.00388,-5.00,0.00,0.00,0.0,125.50,633.26,302.42,DESCEND
0.0101,-0.0836,0.1215,-0.1133,0.00627,0.00183,0.00411,-5.00,0.00,0.00,0.0,125.50,633.26,302.42,DESCEND
0.0202,0.0263,-0.3384,0.3866,0.02727,0.01383,-0.00088,-5.00,0.00,0.00,0.0,125.50,633.26,302.41,DESCEND
0.0303,-0.0936,0.2815,-0.3433,-0.01272,-0.01016,0.00611,-5.00,0.00,0.00,0.0,125.50,633.26,302.41,DESCEND
0.0405,-0.0336,0.3215,-0.1233,-0.00772,-0.00516,0.00511,-5.00,0.00,0.00,0.0,125.50,633.26,302.39,DESCEND
0.0506,-0.0036,0.1015,0.1566,-0.01472,0.00183,0.00611,-5.00,0.00,0.00,0.0,125.50,633.26,302.38,DESCEND
0.0607,-0.0336,0.2515,-0.2033,-0.00072,-0.00316,0.00111,-5.00,0.00,0.00,0.1,125.50,633.26,302.35,DESCEND
0.0708,0.0263,-0.1684,0.1966,-0.00672,-0.00116,-0.00188,-5.00,0.00,0.00,0.1,125.50,633.27,302.34,DESCEND
0.0810,-0.0836,0.2615,-0.3033,0.00427,0.00183,0.00311,-5.00,0.00,0.00,0.1,125.50,633.27,302.30,DESCEND
0.0911,0.0863,0.2915,-0.2233,0.00427,-0.00016,0.00311,-5.00,0.00,0.00,0.1,125.50,633.27,302.28,DESCEND
0.1012,-0.0536,-0.1884,0.2366,0.00927,0.00683,0.00211,-5.00,0.00,0.00,0.2,125.50,633.27,302.24,DESCEND
0.1114,-0.0236,-0.2484,-0.1133,0.00927,-0.00016,0.00011,-5.00,0.00,0.00,0.2,125.50,633.27,302.19,DESCEND
0.1215,0.1563,-0.2484,0.1366,0.02727,0.00383,0.00211,-5.00,0.00,0.00,0.3,125.50,633.27,302.15,DESCEND
0.1317,-0.1336,-0.1184,0.1166,-0.00772,-0.00116,0.00211,-5.00,0.00,0.00,0.3,125.50,633.27,302.10,DESCEND
0.1418,-0.1736,-0.0584,0.4666,-0.00872,0.01483,-0.00088,-5.00,0.00,0.00,0.4,125.50,633.28,302.06,DESCEND
0.1519,0.1363,0.0615,0.1266,0.00827,0.01183,0.00211,-5.00,0.00,0.00,0.4,125.50,633.28,301.99,DESCEND
0.1620,0.2363,-0.0684,0.0266,0.00327,0.00383,0.00311,-5.00,0.00,0.00,0.5,125.50,633.28,301.95,DESCEND
0.1721,0.1463,0.1415,-0.0333,-0.00372,0.00583,0.00411,-5.00,0.00,0.00,0.5,125.50,633.28,301.89,DESCEND
0.1823,0.2263,-0.4684,0.2566,0.00827,0.00983,0.00111,-5.00,0.00,0.00,0.6,125.50,633.28,301.85,DESCEND
0.1924,-0.2036,0.3515,-0.3933,-0.00472,0.00083,0.00311,-5.00,0.00,0.00,0.6,125.50,633.29,301.79,DESCEND
0.2025,-0.0436,0.0215,-0.2333,0.00727,-0.00016,0.00311,-5.00,0.00,0.00,0.7,125.50,633.29,301.75,DESCEND
0.2126,-0.0836,0.1015,0.0166,0.01127,-0.00516,0.00711,-5.00,0.00,0.00,0.7,125.50,633.29,301.69,DESCEND
0.2227,-0.2736,0.1515,0.0666,-0.00672,-0.00416,0.00411,-5.00,0.00,0.00,0.8,125.50,633.29,301.65,DESCEND
0.2329,0.0263,-0.2284,0.1666,0.01327,0.00183,0.00111,-5.00,0.00,0.00,0.8,125.50,633.29,301.60,DESCEND
0.2431,-0.0936,-0.4184,0.2966,0.01027,0.01183,0.00211,-5.00,0.00,0.00,0.9,125.50,633.29,301.56,DESCEND
0.2532,0.0163,-0.3984,0.5066,0.01027,0.01183,0.00011,-5.00,0.00,0.00,0.9,125.50,633.30,301.50,DESCEND
0.2633,-0.0536,0.1615,-0.1733,0.01527,0.00483,0.00711,-5.00,0.00,0.00,1.0,125.50,633.30,301.46,DESCEND
0.2734,-0.0336,-0.0884,0.2666,0.00327,0.01283,0.00311,-5.00,0.00,0.00,1.0,125.50,633.30,301.40,DESCEND
0.2835,0.2763,0.1615,0.3566,0.01127,0.01583,0.00211,-5.00,0.00,0.00,1.1,125.50,633.30,301.34,DESCEND
0.2937,0.0763,-0.0784,-0.0133,0.00527,0.01483,0.00211,-5.00,0.00,0.00,1.1,125.50,633.30,301.30,DESCEND
0.3038,0.1663,-0.0084,-0.0433,0.00927,0.00183,0.00111,-5.00,0.00,0.00,1.2,125.50,633.31,301.24,DESCEND
0.3139,-0.0236,-0.2384,0.2966,-0.00472,0.00383,-0.00188,-5.00,0.00,0.00,1.2,125.50,633.31,301.20,DESCEND
0.3240,-0.0536,0.1815,-0.0333,-0.00572,-0.00516,0.00311,-5.00,0.00,0.00,1.3,125.50,633.31,301.14,DESCEND
0.3342,-0.1436,0.1715,0.0566,-0.00172,0.00083,0.00011,-5.00,0.00,0.00,1.3,125.50,633.31,301.10,DESCEND
0.3443,0.0863,-0.2184,0.1366,0.01727,-0.00316,-0.00088,-5.00,0.00,0.00,1.4,125.50,633.31,301.04,DESCEND
0.3544,-0.1636,0.1015,-0.0833,0.01127,-0.00016,0.00411,-5.00,0.00,0.00,1.4,125.50,633.32,301.00,DESCEND
0.3645,0.0763,-0.1084,0.0966,0.00927,-0.00016,-0.00288,-5.00,0.00,0.00,1.5,125.50,633.32,300.94,DESCEND
0.3746,0.2063,0.2015,-0.1233,0.01527,0.00883,0.00111,-5.00,0.00,0.00,1.5,125.50,633.32,300.90,DESCEND
0.3847,0.0663,-0.1284,0.1166,0.00527,0.00483,0.00411,-5.00,0.00,0.00,1.6,125.50,633.32,300.84,DESCEND
0.3948,-0.0336,0.2815,-0.2133,0.00627,0.00283,0.00311,-5.00,0.00,0.00,1.6,125.50,633.32,300.80,DESCEND
0.4049,-0.0036,-0.0384,0.2466,0.00627,0.00883,0.00511,-5.00,0.00,0.00,1.7,125.50,633.32,300.74,DESCEND
0.4150,-0.0636,-0.0184,0.0366,0.00927,0.00383,0.00311,-5.00,0.00,0.00,1.7,125.50,633.33,300.70,DESCEND
0.4251,0.0163,0.2915,-0.1133,-0.00772,-0.00416,0.00311,-5.00,0.00,0.00,1.8,125.50,633.33,300.64,DESCEND
0.4352,-0.0236,0.1415,0.3866,0.00627,0.00483,0.00311,-5.00,0.00,0.00,1.8,125.50,633.33,300.60,DESCEND
0.4453,0.0663,-0.0084,0.1866,-0.00672,-0.01216,0.00411,-5.00,0.00,0.00,1.9,125.50,633.33,300.54,DESCEND
0.4555,-0.2036,0.2915,0.0266,0.00027,0.00483,0.00611,-5.00,0.00,0.00,1.9,125.50,633.33,300.48,DESCEND
0.4656,-0.0236,-0.1484,0.0866,0.00227,0.00483,0.00311,-5.00,0.00,0.00,2.0,125.50,633.34,300.44,DESCEND
0.4757,-0.1236,-0.0384,-0.0433,0.01127,0.00583,0.00211,-5.00,0.00,0.00,2.0,125.50,633.34,300.38,DESCEND
0.4858,0.1163,-0.1584,0.3466,0.01027,0.00883,0.00111,-5.00,0.00,0.00,2.1,125.50,633.34,300.34,DESCEND
0.4959,0.0863,0.0815,0.2566,0.00527,0.00183,0.00411,-5.00,0.00,0.00,2.1,125.50,633.34,300.28,DESCEND
0.5061,0.0963,-0.0184,0.1566,0.00527,0.00283,0.00211,-5.00,0.00,0.00,2.2,125.50,633.34,300.24,DESCEND
0.5162,-0.1236,0.1115,0.3366,-0.01072,-0.00016,0.00711,-5.00,0.00,0.00,2.2,125.50,633.35,300.18,DESCEND
0.5263,0.3263,-0.2284,0.3166,0.03027,0.00783,0.00011,-5.00,0.00,0.00,2.3,125.50,633.35,300.14,DESCEND
0.5364,0.1463,0.0515,0.1066,0.01527,0.00883,0.00311,-5.00,0.00,0.00,2.3,125.51,633.35,300.08,DESCEND
0.5465,0.2963,0.0415,-0.2033,0.02627,-0.00516,0.00511,-5.00,0.00,0.00,2.4,125.51,633.35,300.04,DESCEND
0.5566,0.0063,-0.0284,0.1366,0.00827,0.00283,-0.00088,-5.00,0.00,0.00,2.4,125.51,633.35,299.98,DESCEND
0.5667,0.0763,0.1615,-0.0733,0.00727,-0.00116,0.00311,-5.00,0.00,0.00,2.5,125.51,633.35,299.94,DESCEND
0.5768,-0.1636,0.0615,0.0566,-0.00472,0.00383,0.00011,-5.00,0.00,0.00,2.5,125.51,633.36,299.88,DESCEND
0.5869,0.0963,-0.0184,0.2266,0.01627,0.01783,0.00211,-5.00,0.00,0.00,2.6,125.51,633.36,299.84,DESCEND
0.5971,-0.1936,0.2815,-0.0133,-0.00072,0.00483,0.00611,-5.00,0.00,0.00,2.6,125.51,633.36,299.78,DESCEND
0.6073,0.0563,-0.3484,0.4766,0.01027,0.00883,-0.00388,-5.00,0.00,0.00,2.7,125.51,633.36,299.74,DESCEND
0.6174,-0.0636,-0.1084,0.1066,0.00327,0.00583,0.00311,-5.00,0.00,0.00,2.7,125.51,633.36,299.68,DESCEND
0.6275,0.0063,0.0315,0.1666,0.00227,-0.00216,0.00611,-5.00,0.00,0.00,2.8,125.51,633.37,299.62,DESCEND
0.6377,-0.0036,0.2715,0.0066,0.01027,0.00383,0.00211,-5.00,0.00,0.00,2.8,125.51,633.37,299.58,DESCEND
0.6478,-0.0436,-0.2984,0.5766,0.01527,0.01183,0.00311,-5.00,0.00,0.00,2.9,125.51,633.37,299.52,DESCEND
0.6579,0.1663,0.1215,-0.0833,0.01127,-0.00516,0.00011,-5.00,0.00,0.00,2.9,125.51,633.37,299.48,DESCEND
0.6680,-0.0136,-0.2184,0.1766,0.01827,0.00983,-0.00188,-5.00,0.00,0.00,3.0,125.51,633.37,299.42,DESCEND
0.6781,-0.0736,0.0115,0.1566,0.00827,0.00983,0.00211,-5.00,0.00,0.00,3.0,125.51,633.37,299.38,DESCEND
0.6883,-0.1036,-0.2184,0.2266,0.01127,0.00983,0.00011,-5.00,0.00,0.00,3.1,125.51,633.38,299.32,DESCEND
0.6984,0.1563,0.1315,-0.0533,0.00927,0.00283,0.00511,-5.00,0.00,0.00,3.1,125.51,633.38,299.28,DESCEND
0.7085,0.0563,0.1815,-0.1933,-0.00872,-0.01016,0.00411,-5.00,0.00,0.00,3.2,125.51,633.38,299.22,DESCEND
0.7187,0.0963,0.0915,-0.0133,0.01227,-0.00416,0.00411,-5.00,0.00,0.00,3.2,125.51,633.38,299.18,DESCEND
0.7288,0.1163,0.0515,-0.2733,0.01927,-0.00216,0.00511,-5.00,0.00,0.00,3.3,125.51,633.38,299.12,DESCEND
0.7389,-0.0936,0.2615,-0.0833,-0.01472,-0.00516,0.00511,-5.00,0.00,0.00,3.3,125.51,633.39,299.08,DESCEND
0.7490,-0.0236,-0.1884,0.0666,0.01727,0.00883,0.00211,-5.00,0.00,0.00,3.4,125.51,633.39,299.02,DESCEND
0.7591,-0.0236,-0.2584,0.3266,-0.00272,-0.00216,-0.00088,-5.00,0.00,0.00,3.4,125.51,633.39,298.98,DESCEND
0.7693,-0.0536,-0.2284,0.2766,-0.00572,0.00383,0.00211,-5.00,0.00,0.00,3.5,125.51,633.39,298.92,DESCEND
0.7794,-0.0136,0.3815,-0.2533,-0.00272,-0.00216,0.00411,-5.00,0.00,0.00,3.6,125.51,633.39,298.86,DESCEND
0.7895,-0.1036,0.0615,-0.2033,-0.00372,-0.00716,0.00811,-5.00,0.00,0.00,3.6,125.51,633.40,298.82,DESCEND
0.7996,0.0863,-0.1784,0.2866,0.02527,0.01583,0.00211,-5.00,0.00,0.00,3.7,125.51,633.40,298.76,DESCEND
0.8097,0.0663,-0.0284,-0.1533,-0.00272,-0.00416,0.00411,-5.00,0.00,0.00,3.7,125.51,633.40,298.72,DESCEND
0.8199,0.0263,0.1615,-0.1633,0.02027,0.00483,-0.00088,-5.00,0.00,0.00,3.8,125.51,633.40,298.66,DESCEND
0.8300,-0.0136,0.2215,-0.0133,-0.00372,-0.00316,0.00511,-5.00,0.00,0.00,3.8,125.51,633.40,298.62,DESCEND
0.8401,0.0363,-0.2584,0.0966,0.01727,0.00483,0.00311,-5.00,0.00,0.00,3.9,125.51,633.40,298.56,DESCEND
0.8501,0.0463,0.0915,0.2066,0.00827,0.00283,0.00111,-5.00,0.00,0.00,3.9,125.51,633.41,298.52,DESCEND
0.8603,-0.0636,0.0315,0.1866,-0.00972,-0.00816,0.00311,-5.00,0.00,0.00,4.0,125.51,633.41,298.46,DESCEND
0.8704,0.0063,0.0615,0.0366,0.01527,0.00583,0.00211,-5.00,0.00,0.00,4.0,125.51,633.41,298.42,DESCEND
0.8805,0.1063,0.3015,-0.1333,0.02927,0.00083,0.00511,-5.00,0.00,0.00,4.1,125.51,633.41,298.36,DESCEND
0.8906,-0.0136,-0.0884,0.1766,-0.00072,0.00283,0.00411,-5.00,0.00,0.00,4.1,125.51,633.41,298.32,DESCEND
0.9008,-0.0436,0.0915,0.1266,0.00027,0.00483,0.00811,-5.00,0.00,0.00,4.2,125.51,633.42,298.26,DESCEND
0.9109,0.0363,-0.1284,0.3366,0.02827,0.01383,0.00311,-5.00,0.00,0.00,4.2,125.51,633.42,298.22,DESCEND
0.9210,0.1063,0.0015,0.1766,0.02127,0.01183,0.00711,-5.00,0.00,0.00,4.3,125.51,633.42,298.16,DESCEND
0.9311,-0.1936,0.2015,-0.1633,-0.00672,0.00383,0.00711,-5.00,0.00,0.00,4.3,125.51,633.42,298.12,DESCEND
0.9412,-0.0836,-0.0884,0.2066,0.00027,0.00883,0.00011,-5.00,0.00,0.00,4.4,125.51,633.42,298.06,DESCEND
0.9513,-0.1236,0.0715,0.2466,-0.00372,-0.00016,0.00411,-5.00,0.00,0.00,4.4,125.51,633.42,298.02,DESCEND
0.9614,0.0363,-0.0384,0.2766,0.01727,0.00983,0.00311,-5.00,0.00,0.00,4.5,125.51,633.43,297.96,DESCEND
0.9715,-0.1536,-0.0784,-0.0033,-0.00472,-0.00516,0.00211,-5.00,0.00,0.00,4.5,125.51,633.43,297.90,DESCEND
0.9816,0.0163,0.1215,0.0266,-0.01472,-0.01416,0.00211,-5.00,0.00,0.00,4.6,125.51,633.43,297.86,DESCEND
0.9918,0.1163,0.1615,-0.0833,0.00927,-0.00816,0.00611,-5.00,0.00,0.00,4.6,125.51,633.43,297.80,DESCEND
1.0019,-0.0836,0.0715,0.1466,0.00127,0.00383,0.00511,-5.00,0.00,0.00,4.7,125.51,633.43,297.76,DESCEND
1.0120,0.1463,0.1015,0.0866,0.00227,-0.00016,0.00411,-5.00,0.00,0.00,4.7,125.51,633.44,297.70,DESCEND
1.0221,-0.1736,0.1415,0.3766,0.01127,0.01783,0.00411,-5.00,0.00,0.00,4.8,125.51,633.44,297.66,DESCEND
1.0322,0.0963,0.0115,-0.2533,0.00327,-0.00616,0.00211,-5.00,0.00,0.00,4.8,125.51,633.44,297.60,DESCEND
1.0423,-0.1336,0.2015,-0.0633,0.00227,0.00083,0.00411,-5.00,0.00,0.00,4.9,125.51,633.44,297.56,DESCEND
1.0525,0.2163,-0.2584,0.4566,0.02827,0.01183,-0.00188,-5.00,0.00,0.00,4.9,125.51,633.44,297.50,DESCEND
1.0626,0.0463,-0.1484,0.0566,0.00527,0.00783,0.00511,-5.00,0.00,0.00,5.0,125.51,633.45,297.46,DESCEND
1.0727,0.0463,-0.0284,-0.0833,0.00227,-0.01316,0.00611,-5.00,0.00,0.00,5.0,125.51,633.45,297.40,DESCEND
1.0828,0.0163,-0.1584,0.4166,0.00627,0.00883,-0.00088,-5.00,0.00,0.00,5.1,125.51,633.45,297.36,DESCEND
1.0929,-0.0436,-0.0084,-0.0333,0.00027,-0.00316,0.00711,-5.00,0.00,0.00,5.1,125.51,633.45,297.30,DESCEND
1.1031,0.1763,0.4515,-0.3233,0.02427,0.00283,0.00811,-5.00,0.00,0.00,5.2,125.51,633.45,297.26,DESCEND
1.1132,0.2163,-0.1484,0.1566,0.02927,0.00583,0.00011,-5.00,0.00,0.00,5.2,125.51,633.45,297.20,DESCEND
1.1233,0.0463,-0.0984,-0.1633,0.01427,0.00483,0.00211,-5.00,0.00,0.00,5.3,125.52,633.46,297.16,DESCEND
1.1334,0.0663,0.0315,-0.0833,-0.01072,-0.00716,0.00311,-5.00,0.00,0.00,5.3,125.52,633.46,297.10,DESCEND
1.1435,-0.0736,0.0015,0.0266,0.00927,0.00783,0.00511,-5.00,0.00,0.00,5.4,125.52,633.46,297.04,DESCEND
1.1537,0.0063,0.0415,-0.2033,0.00927,-0.00316,0.00211,-5.00,0.00,0.00,5.4,125.52,633.46,297.00,DESCEND
1.1638,0.0963,-0.2684,0.3166,0.01327,0.00683,0.00111,-5.00,0.00,0.00,5.5,125.52,633.46,296.94,DESCEND
1.1740,0.0363,0.0415,0.0166,0.00527,0.00483,0.00611,-5.00,0.00,0.00,5.5,125.52,633.47,296.90,DESCEND
1.1841,-0.0636,-0.4084,0.2666,0.00627,0.00183,0.00011,-5.00,0.00,0.00,5.6,125.52,633.47,296.84,DESCEND
1.1942,-0.1536,-0.1084,0.1966,0.01427,0.00683,0.00311,-5.00,0.00,0.00,5.6,125.52,633.47,296.80,DESCEND
1.2044,-0.0936,-0.1684,0.3066,0.01027,0.01083,0.00111,-5.00,0.00,0.00,5.7,125.52,633.47,296.74,DESCEND
1.2145,-0.0036,-0.0784,0.0366,0.01927,0.00383,0.00411,-5.00,0.00,0.00,5.7,125.52,633.47,296.70,DESCEND
1.2246,0.0263,-0.0084,0.0266,0.00627,0.00083,0.00411,-5.00,0.00,0.00,5.8,125.52,633.48,296.64,DESCEND
1.2347,0.0763,-0.2884,0.4366,0.00627,0.00883,-0.00088,-5.00,0.00,0.00,5.8,125.52,633.48,296.60,DESCEND
1.2449,-0.0136,-0.2084,0.1266,0.00327,0.00383,0.00411,-5.00,0.00,0.00,5.9,125.52,633.48,296.54,DESCEND
1.2550,0.2163,0.2115,0.0066,0.02027,0.00783,0.00211,-5.00,0.00,0.00,5.9,125.52,633.48,296.50,DESCEND
1.2651,0.0763,0.3615,-0.0333,0.01127,0.00783,0.00311,-5.00,0.00,0.00,6.0,125.52,633.48,296.44,DESCEND
1.2752,-0.0636,0.2515,0.1366,-0.00272,0.00083,0.00411,-5.00,0.00,0.00,6.0,125.52,633.48,296.40,DESCEND
1.2854,-0.0336,0.4815,-0.3533,-0.01372,-0.01616,0.01011,-5.00,0.00,0.00,6.1,125.52,633.49,296.34,DESCEND
1.2955,0.0363,0.2515,0.0966,-0.00672,-0.00616,0.00511,-5.00,0.00,0.00,6.1,125.52,633.49,296.28,DESCEND
1.3056,-0.0836,0.1315,-0.0133,-0.00172,-0.00416,0.00711,-5.00,0.00,0.00,6.2,125.52,633.49,296.24,DESCEND
1.3158,0.0963,-0.2284,0.2366,0.02327,0.00483,0.00211,-5.00,0.00,0.00,6.2,125.52,633.49,296.18,DESCEND
1.3259,-0.0236,-0.3384,0.1466,0.00727,0.01683,0.00111,-5.00,0.00,0.00,6.3,125.52,633.49,296.14,DESCEND
1.3361,0.1363,-0.1184,-0.0933,-0.01672,-0.01216,-0.00088,-5.00,0.00,0.00,6.3,125.52,633.50,296.08,DESCEND
1.3462,0.1363,0.0815,0.0366,0.01627,0.00683,0.00311,-5.00,0.00,0.00,6.4,125.52,633.50,296.04,DESCEND
1.3563,0.0663,0.0215,-0.1033,0.01727,-0.00416,0.00311,-5.00,0.00,0.00,6.4,125.52,633.50,295.98,DESCEND
1.3664,-0.1236,0.1415,0.0466,0.00227,-0.00016,0.00611,-5.00,0.00,0.00,6.5,125.52,633.50,295.94,DESCEND
1.3766,0.0863,0.0415,0.0666,0.01027,0.00683,0.00411,-5.00,0.00,0.00,6.5,125.52,633.50,295.88,DESCEND
1.3867,-0.0436,0.1415,-0.1933,0.00727,-0.00216,0.00811,-5.00,0.00,0.00,6.6,125.52,633.50,295.84,DESCEND
1.3968,0.0563,0.0815,0.1966,-0.00572,-0.00816,0.00011,-5.00,0.00,0.00,6.6,125.52,633.51,295.78,DESCEND
1.4070,-0.0236,0.1515,0.1366,0.00027,-0.00416,0.00411,-5.00,0.00,0.00,6.7,125.52,633.51,295.74,DESCEND
1.4171,-0.0036,0.0315,-0.1533,0.01227,0.00183,0.00611,-5.00,0.00,0.00,6.7,125.52,633.51,295.68,DESCEND
1.4272,0.1163,0.2615,-0.0133,-0.00472,-0.00716,0.00511,-5.00,0.00,0.00,6.8,125.52,633.51,295.64,DESCEND
1.4373,0.0563,0.0915,0.1066,0.01227,0.00283,0.00411,-5.00,0.00,0.00,6.8,125.52,633.51,295.58,DESCEND
1.4474,0.0063,0.1215,-0.1933,0.01227,0.00383,0.00311,-5.00,0.00,0.00,6.9,125.52,633.52,295.52,DESCEND
1.4575,0.2463,-0.2084,0.2166,0.03027,0.00583,0.00111,-5.00,0.00,0.00,6.9,125.52,633.52,295.48,DESCEND
1.4677,0.0363,0.1215,0.0966,0.01627,0.01183,0.00511,-5.00,0.00,0.00,7.0,125.52,633.52,295.42,DESCEND
1.4778,0.0663,0.0315,-0.1133,0.01127,-0.00216,0.00411,-5.00,0.00,0.00,7.0,125.52,633.52,295.38,DESCEND
1.4879,-0.0636,-0.0884,0.1266,0.01627,0.00883,0.00411,-5.00,0.00,0.00,7.1,125.52,633.52,295.32,DESCEND
1.4980,-0.0236,0.0215,0.0866,0.01327,0.00783,0.00611,-5.00,0.00,0.00,7.1,125.52,633.53,295.28,DESCEND
1.5081,0.0763,0.1715,-0.0233,0.01827,0.00383,0.00711,-5.00,0.00,0.00,7.2,125.52,633.53,295.22,DESCEND
1.5182,-0.1536,0.1915,0.1866,0.00027,0.00683,0.00511,-5.00,0.00,0.00,7.2,125.52,633.53,295.18,DESCEND
1.5284,-0.0836,0.1015,0.1966,0.01227,-0.00116,0.00711,-5.00,0.00,0.00,7.3,125.52,633.53,295.12,DESCEND
1.5385,-0.1636,0.2315,-0.1333,-0.02172,-0.00816,0.00611,-5.00,0.00,0.00,7.3,125.52,633.53,295.08,DESCEND
1.5486,0.0763,0.1715,-0.1533,-0.00072,-0.00716,0.00511,-5.00,0.00,0.00,7.4,125.52,633.54,295.02,DESCEND
1.5587,-0.0736,-0.1384,0.3666,-0.00272,0.01583,-0.00188,-5.00,0.00,0.00,7.4,125.52,633.54,294.98,DESCEND
1.5688,-0.0136,-0.0084,-0.0533,-0.00672,0.00083,0.00711,-5.00,0.00,0.00,7.5,125.52,633.54,294.92,DESCEND
1.5789,0.0163,0.2815,-0.2033,0.00427,-0.00516,0.00911,-5.00,0.00,0.00,7.5,125.52,633.54,294.88,DESCEND
1.5891,0.0263,0.1815,0.0166,0.00427,-0.00816,0.00811,-5.00,0.00,0.00,7.6,125.52,633.54,294.82,DESCEND
1.5992,-0.1736,0.2115,-0.0833,0.00627,0.00683,0.00811,-5.00,0.00,0.00,7.6,125.52,633.54,294.78,DESCEND
1.6093,-0.0636,-0.3184,0.1766,-0.00172,-0.00916,0.00411,-5.00,0.00,0.00,7.7,125.52,633.55,294.72,DESCEND
1.6194,0.2063,-0.2084,0.3066,0.01827,-0.00716,0.00011,-5.00,0.00,0.00,7.8,125.52,633.55,294.66,DESCEND
1.6296,0.0363,-0.3084,0.1166,0.01627,0.01183,0.00211,-5.00,0.00,0.00,7.8,125.52,633.55,294.62,DESCEND
1.6397,-0.0336,-0.0584,0.0266,0.02227,0.01983,0.00311,-5.00,0.00,0.00,7.9,125.52,633.55,294.56,DESCEND
1.6498,0.2263,0.0815,-0.0233,0.00127,-0.01516,0.00711,-5.00,0.00,0.00,7.9,125.52,633.55,294.52,DESCEND
1.6600,0.0663,-0.2584,0.1466,0.02027,0.00783,0.00211,-5.00,0.00,0.00,8.0,125.52,633.56,294.46,DESCEND
1.6701,-0.1236,0.0415,-0.1033,0.00827,0.00583,0.00211,-5.00,0.00,0.00,8.0,125.52,633.56,294.42,DESCEND
1.6802,-0.1536,0.2615,0.1066,-0.00572,-0.00016,0.01111,-5.00,0.00,0.00,8.1,125.52,633.56,294.36,DESCEND
1.6903,-0.1636,0.0715,0.2266,-0.00072,0.00383,0.00411,-5.00,0.00,0.00,8.1,125.52,633.56,294.32,DESCEND
1.7004,-0.0836,-0.1384,0.3066,0.00127,0.00283,0.00411,-5.00,0.00,0.00,8.2,125.52,633.56,294.26,DESCEND
1.7105,-0.2036,-0.2984,0.1266,-0.00672,0.01083,0.00411,-5.00,0.00,0.00,8.2,125.53,633.56,294.22,DESCEND
1.7207,-0.1836,-0.0684,0.3666,0.00127,0.00383,0.00511,-5.00,0.00,0.00,8.3,125.53,633.57,294.16,DESCEND
1.7308,-0.1036,-0.1384,0.0866,0.00727,0.00183,0.00011,-5.00,0.00,0.00,8.3,125.53,633.57,294.12,DESCEND
1.7409,-0.0136,0.0115,0.2666,-0.00272,-0.00116,0.00111,-5.00,0.00,0.00,8.4,125.53,633.57,294.06,DESCEND
1.7511,0.0663,0.0015,0.0966,0.01127,0.00883,0.00411,-5.00,0.00,0.00,8.4,125.53,633.57,294.02,DESCEND
1.7612,0.0663,0.0015,0.1866,0.02127,0.00683,0.00311,-5.00,0.00,0.00,8.5,125.53,633.57,293.96,DESCEND
1.7714,0.1963,-0.0284,0.3366,0.00727,0.00683,0.00311,-5.00,0.00,0.00,8.5,125.53,633.58,293.92,DESCEND
1.7815,0.0463,-0.1984,0.5166,0.00927,0.00983,-0.00088,-5.00,0.00,0.00,8.6,125.53,633.58,293.86,DESCEND
1.7916,-0.0936,-0.0184,0.0666,0.00427,0.00183,0.00511,-5.00,0.00,0.00,8.6,125.53,633.58,293.80,DESCEND
1.8017,0.0163,0.3215,-0.0233,0.01027,0.01083,0.00911,-5.00,0.00,0.00,8.7,125.53,633.58,293.76,DESCEND
1.8119,0.1863,-0.0384,-0.0333,0.01227,-0.00516,0.00411,-5.00,0.00,0.00,8.7,125.53,633.58,293.70,DESCEND
1.8220,-0.0736,-0.0684,-0.0633,0.00327,0.00383,0.00411,-5.00,0.00,0.00,8.8,125.53,633.59,293.66,DESCEND
1.8321,0.2263,-0.1284,0.2366,0.02227,0.01083,0.00411,-5.00,0.00,0.00,8.8,125.53,633.59,293.60,DESCEND
1.8422,0.0163,0.1715,0.0866,0.00627,0.00483,0.00711,-5.00,0.00,0.00,8.9,125.53,633.59,293.56,DESCEND
1.8523,0.0763,0.0615,0.0866,0.01427,0.00483,0.00511,-5.00,0.00,0.00,8.9,125.53,633.59,293.50,DESCEND
1.8624,-0.0636,-0.0884,0.3266,0.01427,0.02083,0.00811,-5.00,0.00,0.00,9.0,125.53,633.59,293.46,DESCEND
1.8726,-0.0436,0.2015,0.0166,0.01127,0.00383,0.00611,-5.00,0.00,0.00,9.0,125.53,633.59,293.40,DESCEND
1.8828,0.0463,0.1015,-0.0833,0.03127,0.00483,0.01111,-5.00,0.00,0.00,9.1,125.53,633.60,293.36,DESCEND
1.8929,0.1063,0.0115,0.2566,-0.00472,-0.00716,0.00511,-5.00,0.00,0.00,9.1,125.53,633.60,293.30,DESCEND
1.9030,-0.1136,0.1515,0.2266,0.00627,0.01283,0.00411,-5.00,0.00,0.00,9.2,125.53,633.60,293.26,DESCEND
1.9131,-0.0236,0.0315,0.2566,0.00527,0.00683,0.00911,-5.00,0.00,0.00,9.2,125.53,633.60,293.20,DESCEND
1.9232,0.0763,0.1315,-0.2133,0.01927,0.00483,0.00611,-5.00,0.00,0.00,9.3,125.53,633.60,293.16,DESCEND
1.9334,0.0763,0.0015,-0.2433,0.01227,-0.00116,0.00511,-5.00,0.00,0.00,9.3,125.53,633.61,293.10,DESCEND
1.9435,0.0263,-0.2484,0.2166,0.00727,0.01183,0.00111,-5.00,0.00,0.00,9.4,125.53,633.61,293.04,DESCEND
1.9536,0.0063,0.1915,-0.1833,0.01227,0.00683,0.01011,-5.00,0.00,0.00,9.4,125.53,633.61,293.00,DESCEND
1.9637,0.0463,-0.0884,0.1066,0.01227,0.00583,0.00511,-5.00,0.00,0.00,9.5,125.53,633.61,292.94,DESCEND
1.9738,-0.0436,0.1715,0.1066,0.00327,-0.00016,0.00611,-5.00,0.00,0.00,9.5,125.53,633.61,292.90,DESCEND
1.9839,0.0863,-0.2284,0.2666,0.01827,0.00783,0.00411,-5.00,0.00,0.00,9.6,125.53,633.62,292.84,DESCEND
1.9941,-0.1636,-0.1284,0.2466,0.00327,0.00883,0.00311,-5.00,0.00,0.00,9.6,125.53,633.62,292.80,DESCEND
2.0042,-0.0436,0.0515,-0.0433,0.00927,-0.00516,0.00411,-5.00,0.00,0.00,9.7,125.53,633.62,292.74,DESCEND
2.0143,0.0963,-0.1584,0.2166,0.02327,0.00883,0.00511,-5.00,0.00,0.00,9.7,125.53,633.62,292.70,DESCEND
2.0244,0.0163,0.2115,0.0366,0.00127,0.00383,0.00611,-5.00,0.00,0.00,9.8,125.53,633.62,292.64,DESCEND
2.0346,-0.0036,-0.3484,0.4966,0.02027,0.01983,0.00111,-5.00,0.00,0.00,9.8,125.53,633.62,292.60,DESCEND
2.0447,-0.0136,0.0215,0.1666,-0.00372,0.00483,0.00711,-5.00,0.00,0.00,9.9,125.53,633.63,292.54,DESCEND
2.0548,-0.0436,0.1015,-0.1633,-0.00272,-0.00516,0.00711,-5.00,0.00,0.00,9.9,125.53,633.63,292.50,DESCEND
2.0649,0.0763,0.2015,0.0566,0.00427,-0.00116,0.00611,-5.00,0.00,0.00,10.0,125.53,633.63,292.44,DESCEND
2.0750,0.2563,-0.0884,-0.2633,0.01327,-0.00616,0.00511,-5.00,0.00,0.00,10.0,125.53,633.63,292.40,DESCEND
2.0851,-0.0636,-0.2784,0.3766,0.01627,0.00783,0.00311,-5.00,0.00,0.00,10.1,125.53,633.63,292.34,DESCEND
2.0952,0.0663,-0.0284,0.0166,0.01427,0.00083,0.00411,-5.00,0.00,0.00,10.1,125.53,633.64,292.30,DESCEND
2.1054,0.0563,-0.0984,0.0366,0.00527,-0.00016,0.00711,-5.00,0.00,0.00,10.2,125.53,633.64,292.24,DESCEND
2.1155,-0.0136,-0.0284,0.2166,0.00427,0.00483,0.00711,-5.00,0.00,0.00,10.2,125.53,633.64,292.18,DESCEND
2.1256,0.1463,-0.0284,0.0766,0.01427,0.00083,0.00411,-5.00,0.00,0.00,10.3,125.53,633.64,292.14,DESCEND
2.1357,-0.0836,-0.2384,0.4266,-0.00272,0.01483,0.00511,-5.00,0.00,0.00,10.3,125.53,633.64,292.08,DESCEND
2.1458,-0.0136,-0.0384,0.0266,0.00327,0.00283,0.00511,-5.00,0.00,0.00,10.4,125.53,633.64,292.04,DESCEND
2.1560,-0.0236,-0.0584,0.3266,0.01527,0.00883,0.00811,-5.00,0.00,0.00,10.4,125.53,633.65,291.98,DESCEND
2.1661,0.0463,0.0315,0.0266,-0.00672,-0.00716,0.00511,-5.00,0.00,0.00,10.5,125.53,633.65,291.94,DESCEND
2.1762,0.0063,-0.1084,-0.0033,0.02127,0.01183,0.00411,-5.00,0.00,0.00,10.5,125.53,633.65,291.88,DESCEND
2.1863,-0.1636,0.4015,-0.1533,-0.02372,-0.01316,0.01211,-5.00,0.00,0.00,10.6,125.53,633.65,291.84,DESCEND
2.1964,0.2963,-0.0084,-0.0633,0.01927,-0.00416,0.00311,-5.00,0.00,0.00,10.6,125.53,633.65,291.78,DESCEND
2.2066,0.0463,-0.4484,0.3466,0.01427,0.00083,0.00211,-5.00,0.00,0.00,10.7,125.53,633.66,291.74,DESCEND
2.2167,0.1963,-0.1884,0.4366,0.00827,0.00283,0.00511,-5.00,0.00,0.00,10.7,125.53,633.66,291.68,DESCEND
2.2268,0.0163,0.1215,0.0566,0.00227,0.00083,0.00811,-5.00,0.00,0.00,10.8,125.53,633.66,291.64,DESCEND
2.2369,-0.0736,0.1915,-0.2133,-0.00472,-0.00816,0.00611,-5.00,0.00,0.00,10.8,125.53,633.66,291.58,DESCEND
2.2471,0.1263,0.0715,0.0666,0.00827,-0.00016,0.00911,-5.00,0.00,0.00,10.9,125.53,633.66,291.54,DESCEND
2.2572,0.0663,0.3115,-0.2733,0.02827,0.01483,0.00811,-5.00,0.00,0.00,10.9,125.53,633.67,291.48,DESCEND
2.2673,0.0563,0.3315,0.0566,0.00127,0.00383,0.00911,-5.00,0.00,0.00,11.0,125.53,633.67,291.44,DESCEND
2.2774,-0.1736,0.0015,-0.3033,-0.00672,-0.00216,0.00811,-5.00,0.00,0.00,11.0,125.53,633.67,291.39,DESCEND
2.2875,-0.1036,0.0415,0.0966,0.00327,0.00083,0.00411,-5.00,0.00,0.00,11.1,125.53,633.67,291.33,DESCEND
2.2976,-0.0836,0.1215,0.1566,-0.00672,0.00083,0.00811,-5.00,0.00,0.00,11.1,125.53,633.67,291.29,DESCEND
2.3077,0.0863,0.4315,-0.2433,0.02427,0.00183,0.00611,-5.00,0.00,0.00,11.2,125.54,633.67,291.23,DESCEND
2.3178,0.1363,0.2515,0.0666,0.01227,-0.00416,0.01111,-5.00,0.00,0.00,11.2,125.54,633.68,291.19,DESCEND
2.3279,0.1463,0.0615,-0.1333,0.01027,-0.00316,0.00511,-5.00,0.00,0.00,11.3,125.54,633.68,291.13,DESCEND
2.3381,-0.0536,0.2915,-0.2133,0.00727,0.00983,0.00811,-5.00,0.00,0.00,11.3,125.54,633.68,291.09,DESCEND
2.3482,-0.0036,-0.2384,0.3166,0.00227,0.01083,0.00311,-5.00,0.00,0.00,11.4,125.54,633.68,291.03,DESCEND
2.3583,0.0263,0.2315,-0.2433,0.01027,-0.00316,0.00911,-5.00,0.00,0.00,11.4,125.54,633.68,290.99,DESCEND
2.3684,0.0463,-0.0184,0.0566,0.01427,-0.00116,0.00711,-5.00,0.00,0.00,11.5,125.54,633.69,290.93,DESCEND
2.3785,0.0263,0.1415,-0.0533,0.00527,0.00383,0.00411,-5.00,0.00,0.00,11.5,125.54,633.69,290.89,DESCEND
2.3887,0.2963,0.1615,0.0166,0.01827,-0.00216,0.00811,-5.00,0.00,0.00,11.6,125.54,633.69,290.83,DESCEND
2.3988,0.0963,-0.1084,0.0566,-0.00272,-0.00716,0.00511,-5.00,0.00,0.00,11.6,125.54,633.69,290.79,DESCEND
2.4089,-0.0736,0.2115,0.0966,-0.00272,0.00183,0.00511,-5.00,0.00,0.00,11.7,125.54,633.69,290.73,DESCEND
2.4190,-0.0736,0.2315,-0.1133,0.01127,0.00083,0.00711,-5.00,0.00,0.00,11.7,125.54,633.69,290.69,DESCEND
2.4291,0.0563,-0.1084,-0.0033,0.02427,0.00683,0.00511,-5.00,0.00,0.00,11.8,125.54,633.70,290.63,DESCEND
2.4392,0.0763,0.0115,0.2266,0.01827,0.00483,0.00711,-5.00,0.00,0.00,11.8,125.54,633.70,290.59,DESCEND
2.4494,-0.0636,0.3115,-0.3133,0.01327,-0.01016,0.01111,-5.00,0.00,0.00,11.9,125.54,633.70,290.53,DESCEND
2.4595,-0.0536,0.2015,-0.0433,0.00127,0.00183,0.00511,-5.00,0.00,0.00,12.0,125.54,633.70,290.47,DESCEND
2.4696,0.0663,0.0815,0.0766,0.01827,0.00883,-0.00088,-5.00,0.00,0.00,12.0,125.54,633.70,290.43,DESCEND
2.4798,0.0063,0.0015,-0.0333,0.00327,-0.00316,0.00611,-5.00,0.00,0.00,12.1,125.54,633.71,290.37,DESCEND
2.4899,0.0763,-0.0784,-0.0133,-0.00072,-0.00716,0.00711,-5.00,0.00,0.00,12.1,125.54,633.71,290.33,DESCEND
2.5000,0.0763,0.3015,-0.1933,0.01127,-0.00516,0.01211,-5.00,0.00,0.00,12.2,125.54,633.71,290.27,DESCEND
2.5101,-0.0436,0.1315,-0.2533,0.00227,-0.00316,0.00911,-5.00,0.00,0.00,12.2,125.54,633.71,290.23,DESCEND
2.5202,-0.0036,0.3015,-0.3133,0.01027,0.00183,0.00911,-5.00,0.00,0.00,12.3,125.54,633.71,290.17,DESCEND
2.5303,-0.1536,0.2315,0.0366,-0.01072,0.00283,0.00711,-5.00,0.00,0.00,12.3,125.54,633.72,290.13,DESCEND
2.5404,0.2363,-0.1984,0.2166,0.01327,-0.00116,0.00511,-5.00,0.00,0.00,12.4,125.54,633.72,290.07,DESCEND
2.5505,-0.1036,0.0515,0.1266,-0.00572,0.00383,0.00711,-5.00,0.00,0.00,12.4,125.54,633.72,290.03,DESCEND
2.5606,0.0663,0.1715,-0.2233,0.00627,-0.00716,0.00911,-5.00,0.00,0.00,12.5,125.54,633.72,289.97,DESCEND
2.5707,-0.1536,0.3615,-0.2833,-0.01172,-0.00716,0.01211,-5.00,0.00,0.00,12.5,125.54,633.72,289.93,DESCEND
2.5808,-0.0636,0.4215,-0.1133,-0.00372,-0.00716,0.01111,-5.00,0.00,0.00,12.6,125.54,633.73,289.87,DESCEND
2.5909,-0.0136,0.2615,-0.1133,-0.00572,-0.00316,0.00911,-5.00,0.00,0.00,12.6,125.54,633.73,289.83,DESCEND
2.6011,-0.1336,-0.0984,0.2266,0.00027,0.00583,0.00911,-5.00,0.00,0.00,12.7,125.54,633.73,289.77,DESCEND
2.6112,0.0263,-0.0384,0.1566,0.00827,0.00083,0.00511,-5.00,0.00,0.00,12.7,125.54,633.73,289.73,DESCEND
2.6213,-0.1136,-0.1784,-0.0633,-0.00172,0.00583,0.00511,-5.00,0.00,0.00,12.8,125.54,633.73,289.67,DESCEND
2.6314,0.0563,0.4415,-0.3433,0.01127,-0.00016,0.01011,-5.00,0.00,0.00,12.8,125.54,633.73,289.63,DESCEND
2.6415,-0.0136,-0.0784,0.1166,0.01527,0.00983,0.00911,-5.00,0.00,0.00,12.9,125.54,633.74,289.57,DESCEND
2.6516,0.0463,0.2815,-0.2533,0.00627,0.00183,0.00811,-5.00,0.00,0.00,12.9,125.54,633.74,289.51,DESCEND
2.6617,0.0263,0.1015,-0.0733,-0.00272,-0.00816,0.00611,-5.00,0.00,0.00,13.0,125.54,633.74,289.47,DESCEND
2.6719,-0.0036,0.1315,0.0466,-0.00872,0.00183,0.00611,-5.00,0.00,0.00,13.0,125.54,633.74,289.41,DESCEND
2.6820,-0.0236,0.0215,0.0366,0.01227,0.00483,0.01011,-5.00,0.00,0.00,13.1,125.54,633.74,289.37,DESCEND
2.6921,0.0263,0.4315,-0.3933,0.01927,-0.00516,0.01011,-5.00,0.00,0.00,13.1,125.54,633.75,289.31,DESCEND
2.7022,0.0263,0.1315,-0.0333,0.00627,0.00383,0.00911,-5.00,0.00,0.00,13.2,125.54,633.75,289.27,DESCEND
2.7123,0.1563,0.3815,-0.1533,0.01227,0.00283,0.00711,-5.00,0.00,0.00,13.2,125.54,633.75,289.21,DESCEND
2.7224,0.0463,0.2415,-0.0233,0.00627,-0.00216,0.00611,-5.00,0.00,0.00,13.3,125.54,633.75,289.17,DESCEND
2.7325,0.1263,0.0315,0.0166,0.00627,-0.00516,0.00611,-5.00,0.00,0.00,13.3,125.54,633.75,289.11,DESCEND
2.7426,-0.0236,-0.1484,0.3266,0.00227,0.00583,0.00711,-5.00,0.00,0.00,13.4,125.54,633.75,289.07,DESCEND
2.7528,-0.3936,0.5115,-0.3433,0.00227,0.00583,0.01111,-5.00,0.00,0.00,13.4,125.54,633.76,289.01,DESCEND
2.7629,-0.1436,0.0515,0.4366,0.00627,0.01983,0.01111,-5.00,0.00,0.00,13.5,125.54,633.76,288.97,DESCEND
2.7730,0.0163,-0.1184,0.0666,0.01027,0.00583,0.00511,-5.00,0.00,0.00,13.5,125.54,633.76,288.91,DESCEND
2.7831,-0.0736,0.2915,0.0966,0.00727,0.00483,0.00711,-5.00,0.00,0.00,13.6,125.54,633.76,288.87,DESCEND
2.7932,0.0663,-0.1084,0.1966,0.00727,0.00383,0.00411,-5.00,0.00,0.00,13.6,125.54,633.76,288.81,DESCEND
2.8033,0.0763,0.2015,0.3166,0.01627,0.00983,0.00811,-5.00,0.00,0.00,13.7,125.54,633.77,288.77,DESCEND
2.8134,0.0463,-0.1484,0.0366,0.00927,-0.00516,0.01111,-5.00,0.00,0.00,13.7,125.54,633.77,288.71,DESCEND
2.8236,0.1363,0.1115,-0.1133,0.01727,0.00483,0.00711,-5.00,0.00,0.00,13.8,125.54,633.77,288.65,DESCEND
2.8337,-0.0836,0.4215,-0.5933,-0.00572,-0.01216,0.01111,-5.00,0.00,0.00,13.8,125.54,633.77,288.61,DESCEND
2.8438,0.0163,-0.0284,0.0666,-0.00472,-0.00916,0.00511,-5.00,0.00,0.00,13.9,125.54,633.77,288.55,DESCEND
2.8539,0.0263,-0.2584,0.4166,0.01427,0.00483,0.00511,-5.00,0.00,0.00,13.9,125.54,633.78,288.51,DESCEND
2.8640,-0.0136,0.1315,0.0966,-0.01072,0.00183,0.00511,-5.00,0.00,0.00,14.0,125.54,633.78,288.45,DESCEND
2.8741,-0.0336,0.0315,0.0566,0.00927,0.01483,0.00711,-5.00,0.00,0.00,14.0,125.54,633.78,288.41,DESCEND
2.8842,-0.0436,0.1115,-0.0533,0.01327,-0.00616,0.01011,-5.00,0.00,0.00,14.1,125.54,633.78,288.35,DESCEND
2.8943,0.2063,-0.0184,0.1566,0.01127,0.00983,0.00511,-5.00,0.00,0.00,14.1,125.54,633.78,288.31,DESCEND
2.9044,0.1463,0.1015,0.0766,0.01227,0.00783,0.00611,-5.00,0.00,0.00,14.2,125.54,633.78,288.25,DESCEND
2.9145,0.0863,-0.2184,0.2066,0.01727,0.00683,0.00411,-5.00,0.00,0.00,14.2,125.54,633.79,288.21,DESCEND
2.9247,-0.0236,-0.2184,0.2466,0.01227,0.00083,0.00511,-5.00,0.00,0.00,14.3,125.55,633.79,288.15,DESCEND
2.9348,0.1963,-0.0384,0.4666,0.02527,0.01183,0.00711,-5.00,0.00,0.00,14.3,125.55,633.79,288.11,DESCEND
2.9449,0.1563,-0.1284,-0.0933,0.02227,0.00883,0.00611,-5.00,0.00,0.00,14.4,125.55,633.79,288.05,DESCEND
2.9550,0.0963,-0.0984,0.1066,0.01327,0.00283,0.00411,-5.00,0.00,0.00,14.4,125.55,633.79,288.01,DESCEND
2.9651,0.0963,0.3015,-0.1933,0.00127,-0.00216,0.00811,-5.00,0.00,0.00,14.5,125.55,633.80,287.95,DESCEND
2.9752,0.1763,0.0715,-0.0333,0.02327,0.00683,0.00911,-5.00,0.00,0.00,14.5,125.55,633.80,287.91,DESCEND
2.9854,0.1163,0.1015,0.0166,0.01227,0.00183,0.00711,-5.00,0.00,0.00,14.6,125.55,633.80,287.85,DESCEND
2.9955,-0.0036,0.1515,0.0066,0.00927,0.00883,0.00611,-5.00,0.00,0.00,14.6,125.55,633.80,287.79,DESCEND
3.0056,-0.0836,0.1115,0.1066,0.00627,0.00283,0.01111,-5.00,0.00,0.00,14.7,125.55,633.80,287.75,DESCEND
3.0157,0.1663,0.1715,0.2266,0.01127,0.00283,0.01211,-5.00,0.00,0.00,14.7,125.55,633.81,287.69,DESCEND
3.0258,0.0463,-0.1884,0.1066,0.01227,0.00383,0.00211,-5.00,0.00,0.00,14.8,125.55,633.81,287.65,DESCEND
3.0359,-0.0536,-0.0084,0.1966,0.01727,0.01383,0.00711,-5.00,0.00,0.00,14.8,125.55,633.81,287.59,DESCEND
3.0460,-0.0136,0.0215,0.0766,0.00227,-0.00416,0.00311,-5.00,0.00,0.00,14.9,125.55,633.81,287.55,DESCEND
3.0561,0.0663,0.4015,-0.1533,0.00827,0.00283,0.00911,-5.00,0.00,0.00,14.9,125.55,633.81,287.49,DESCEND
3.0662,0.1163,-0.1584,-0.1133,0.01527,0.00283,0.00611,-5.00,0.00,0.00,15.0,125.55,633.81,287.45,DESCEND
3.0763,-0.2936,-0.1584,0.3566,0.01427,0.02383,0.00411,-5.00,0.00,0.00,15.0,125.55,633.82,287.39,DESCEND
3.0864,-0.1736,0.5015,-0.1333,-0.00672,-0.00716,0.01111,-5.00,0.00,0.00,15.1,125.55,633.82,287.35,DESCEND
3.0965,0.0063,0.1815,0.0366,0.00727,-0.00016,0.00511,-5.00,0.00,0.00,15.1,125.55,633.82,287.29,DESCEND
3.1067,0.0663,-0.0984,0.0966,0.01427,0.01083,0.00711,-5.00,0.00,0.00,15.2,125.55,633.82,287.25,DESCEND
3.1168,0.1563,-0.0484,0.3066,0.01227,0.00483,0.00811,-5.00,0.00,0.00,15.2,125.55,633.82,287.19,DESCEND
3.1269,0.0863,0.1515,-0.1933,0.00327,0.00483,0.00811,-5.00,0.00,0.00,15.3,125.55,633.83,287.15,DESCEND
3.1371,0.0563,0.0415,-0.1333,0.00427,0.00283,0.00611,-5.00,0.00,0.00,15.3,125.55,633.83,287.09,DESCEND
3.1472,0.0463,-0.2584,0.2066,0.00027,-0.00016,0.00511,-5.00,0.00,0.00,15.4,125.55,633.83,287.05,DESCEND
3.1574,-0.0936,-0.0484,0.1166,0.00227,0.00283,0.00711,-5.00,0.00,0.00,15.4,125.55,633.83,286.99,DESCEND
3.1675,-0.1336,0.1215,0.0466,0.00027,0.00183,0.01011,-5.00,0.00,0.00,15.5,125.55,633.83,286.93,DESCEND
3.1776,-0.1436,0.0515,-0.1433,-0.01672,-0.00716,0.00611,-5.00,0.00,0.00,15.5,125.55,633.83,286.89,DESCEND
3.1878,0.0063,0.0115,0.2666,0.00927,0.00583,0.00611,-5.00,0.00,0.00,15.6,125.55,633.84,286.83,DESCEND
3.1979,-0.1236,-0.0884,-0.0133,0.00727,0.00483,0.00711,-5.00,0.00,0.00,15.6,125.55,633.84,286.79,DESCEND
3.2080,0.1163,-0.1484,-0.2033,0.02227,0.00383,0.00811,-5.00,0.00,0.00,15.7,125.55,633.84,286.73,DESCEND
3.2181,0.1463,-0.0384,0.1966,0.00827,0.01283,0.01011,-5.00,0.00,0.00,15.7,125.55,633.84,286.69,DESCEND
3.2282,0.0863,-0.0584,0.4666,0.01327,0.00483,0.00911,-5.00,0.00,0.00,15.8,125.55,633.84,286.63,DESCEND
3.2383,-0.0836,0.3015,-0.0233,-0.00572,0.00183,0.00811,-5.00,0.00,0.00,15.8,125.55,633.85,286.59,DESCEND
3.2485,0.1163,0.1815,0.0466,0.01427,0.00583,0.00711,-5.00,0.00,0.00,15.9,125.55,633.85,286.53,DESCEND
3.2586,0.1363,0.0415,0.2866,0.00627,0.00683,0.00811,-5.00,0.00,0.00,15.9,125.55,633.85,286.49,DESCEND
3.2687,0.0363,0.2215,0.0066,0.01627,0.00583,0.01211,-5.00,0.00,0.00,16.0,125.55,633.85,286.43,DESCEND
3.2788,-0.2636,0.0315,0.1866,-0.01372,0.00283,0.00711,-5.00,0.00,0.00,16.0,125.55,633.85,286.39,DESCEND
3.2889,0.0663,-0.0384,-0.1433,0.00327,-0.00616,0.00611,-5.00,0.00,0.00,16.1,125.55,633.86,286.33,DESCEND
3.2991,0.1063,-0.2584,0.2666,0.01327,0.00883,0.00611,-5.00,0.00,0.00,16.1,125.55,633.86,286.29,DESCEND
3.3092,-0.0336,0.4415,0.0866,0.01727,0.00383,0.01011,-5.00,0.00,0.00,16.2,125.55,633.86,286.23,DESCEND
3.3193,0.1263,-0.0484,0.2166,0.00727,0.01083,0.00711,-5.00,0.00,0.00,16.2,125.55,633.86,286.19,DESCEND
3.3294,-0.0936,0.2515,0.2166,0.00427,0.00883,0.00811,-5.00,0.00,0.00,16.3,125.55,633.86,286.13,DESCEND
3.3395,-0.1536,-0.0184,0.3166,-0.01672,-0.00316,0.00911,-5.00,0.00,0.00,16.4,125.55,633.87,286.07,DESCEND
3.3497,0.0963,-0.0384,0.3066,0.00327,0.01383,0.01011,-5.00,0.00,0.00,16.4,125.55,633.87,286.03,DESCEND
3.3598,0.1363,0.1415,-0.1733,0.01827,0.00483,0.00511,-5.00,0.00,0.00,16.5,125.55,633.87,285.97,DESCEND
3.3699,0.0663,-0.0584,0.2566,0.02227,0.01183,0.00711,-5.00,0.00,0.00,16.5,125.55,633.87,285.93,DESCEND
3.3800,-0.0336,0.0915,0.1166,-0.00172,0.00683,0.00811,-5.00,0.00,0.00,16.6,125.55,633.87,285.87,DESCEND
3.3901,0.2063,-0.0684,0.2766,0.01527,-0.00216,0.00511,-5.00,0.00,0.00,16.6,125.55,633.87,285.83,DESCEND
3.4002,-0.0236,0.3115,0.0966,0.00627,0.01483,0.00911,-5.00,0.00,0.00,16.7,125.55,633.88,285.77,DESCEND
3.4104,0.0563,0.0715,0.1366,0.01027,0.00583,0.00411,-5.00,0.00,0.00,16.7,125.55,633.88,285.73,DESCEND
3.4205,-0.0436,0.1015,-0.1233,0.01327,0.00083,0.00711,-5.00,0.00,0.00,16.8,125.55,633.88,285.67,DESCEND
3.4306,0.0763,0.1515,0.2066,0.00927,0.00483,0.01011,-5.00,0.00,0.00,16.8,125.55,633.88,285.63,DESCEND
3.4407,0.1963,-0.1884,0.0966,0.01327,-0.00316,0.00611,-5.00,0.00,0.00,16.9,125.55,633.88,285.57,DESCEND
3.4508,0.0063,0.1215,-0.1333,0.00127,-0.00616,0.00911,-5.00,0.00,0.00,16.9,125.55,633.89,285.53,DESCEND
3.4609,-0.0236,0.2815,0.0466,0.00727,0.00383,0.00811,-5.00,0.00,0.00,17.0,125.55,633.89,285.47,DESCEND
3.4710,0.3263,0.1415,0.1566,0.01527,0.00683,0.00511,-5.00,0.00,0.00,17.0,125.55,633.89,285.43,DESCEND
3.4811,0.0763,-0.0684,0.3566,0.00627,0.01683,0.00511,-5.00,0.00,0.00,17.1,125.55,633.89,285.37,DESCEND
3.4912,0.1463,0.2215,0.1066,0.02227,0.00783,0.00811,-5.00,0.00,0.00,17.1,125.55,633.89,285.33,DESCEND
3.5014,0.0263,-0.1684,-0.0733,0.00927,0.00183,0.00611,-5.00,0.00,0.00,17.2,125.55,633.89,285.27,DESCEND
3.5115,0.0663,0.0415,0.2366,0.01127,0.00483,0.00411,-5.00,0.00,0.00,17.2,125.55,633.90,285.21,DESCEND
3.5216,-0.0736,0.0715,-0.2333,-0.00672,-0.01116,0.01011,-5.00,0.00,0.00,17.3,125.55,633.90,285.17,DESCEND
3.5317,0.2763,-0.3684,-0.1733,0.01027,-0.01516,0.00811,-5.00,0.00,0.00,17.3,125.55,633.90,285.11,DESCEND
3.5418,-0.2536,0.0315,-0.0933,-0.01572,-0.00416,0.00611,-5.00,0.00,0.00,17.4,125.56,633.90,285.07,DESCEND
3.5519,0.1963,0.2915,-0.1133,0.01627,-0.00316,0.01311,-5.00,0.00,0.00,17.4,125.56,633.90,285.01,DESCEND
3.5620,-0.0736,-0.1984,-0.0633,-0.00772,-0.00116,0.00611,-5.00,0.00,0.00,17.5,125.56,633.91,284.97,DESCEND
3.5721,0.0563,-0.1684,0.3166,0.00327,0.00583,0.00811,-5.00,0.00,0.00,17.5,125.56,633.91,284.91,DESCEND
3.5823,0.1963,0.2115,-0.2033,0.01427,-0.00816,0.01111,-5.00,0.00,0.00,17.6,125.56,633.91,284.87,DESCEND
3.5924,0.0063,0.2615,-0.0533,0.00827,0.00283,0.01111,-5.00,0.00,0.00,17.6,125.56,633.91,284.81,DESCEND
3.6025,0.1063,0.0015,0.1566,0.00827,0.00183,0.00911,-5.00,0.00,0.00,17.7,125.56,633.91,284.77,DESCEND
3.6126,0.1563,0.0715,0.2666,0.01927,0.00783,0.00911,-5.00,0.00,0.00,17.7,125.56,633.92,284.71,DESCEND
3.6227,-0.0436,0.2115,-0.0433,0.00027,0.00283,0.00711,-5.00,0.00,0.00,17.8,125.56,633.92,284.67,DESCEND
3.6328,0.2263,0.1615,-0.0333,0.01227,-0.00016,0.01011,-5.00,0.00,0.00,17.8,125.56,633.92,284.61,DESCEND
3.6429,-0.0836,0.2915,-0.0833,0.02027,0.00683,0.00911,-5.00,0.00,0.00,17.9,125.56,633.92,284.57,DESCEND
3.6531,-0.0036,0.2315,0.2066,-0.00272,0.00683,0.00911,-5.00,0.00,0.00,17.9,125.56,633.92,284.51,DESCEND
3.6632,-0.0536,0.2115,-0.1333,0.01127,0.00083,0.01111,-5.00,0.00,0.00,18.0,125.56,633.92,284.47,DESCEND
3.6733,0.1163,-0.2684,0.3966,0.01527,0.00583,0.00611,-5.00,0.00,0.00,18.0,125.56,633.93,284.41,DESCEND
3.6834,0.0963,-0.2284,0.3666,0.01327,0.01283,0.00411,-5.00,0.00,0.00,18.1,125.56,633.93,284.35,DESCEND
3.6935,0.1163,-0.0284,0.0566,0.00927,-0.00116,0.00911,-5.00,0.00,0.00,18.1,125.56,633.93,284.31,DESCEND
3.7037,-0.0136,0.2015,0.3566,0.00927,0.00383,0.00911,-5.00,0.00,0.00,18.2,125.56,633.93,284.25,DESCEND
3.7138,0.2063,-0.0784,0.3366,0.02027,0.00683,0.00511,-5.00,0.00,0.00,18.2,125.56,633.93,284.21,DESCEND
3.7239,0.3463,-0.1584,-0.1733,0.02727,0.00283,0.00511,-5.00,0.00,0.00,18.3,125.56,633.94,284.15,DESCEND
3.7340,0.1863,0.2615,-0.1733,0.01027,-0.00316,0.00711,-5.00,0.00,0.00,18.3,125.56,633.94,284.11,DESCEND
3.7441,-0.1036,0.0715,-0.2633,-0.00072,-0.00616,0.01211,-5.00,0.00,0.00,18.4,125.56,633.94,284.05,DESCEND
3.7542,0.0363,0.1515,-0.0033,-0.00272,-0.00016,0.01011,-5.00,0.00,0.00,18.4,125.56,633.94,284.01,DESCEND
3.7643,-0.0036,-0.2084,0.4066,-0.00872,-0.00016,0.01011,-5.00,0.00,0.00,18.5,125.56,633.94,283.95,DESCEND
3.7745,0.0363,-0.0984,0.5666,0.00727,0.01183,0.00811,-5.00,0.00,0.00,18.5,125.56,633.94,283.91,DESCEND
3.7846,0.1163,-0.0284,0.1166,0.02027,0.00683,0.01011,-5.00,0.00,0.00,18.6,125.56,633.95,283.85,DESCEND
3.7947,0.0763,0.2615,0.0566,0.00627,-0.00116,0.00811,-5.00,0.00,0.00,18.6,125.56,633.95,283.81,DESCEND
3.8048,0.1163,-0.1684,0.0666,0.02027,0.00683,0.00711,-5.00,0.00,0.00,18.7,125.56,633.95,283.75,DESCEND
3.8150,-0.0136,-0.0984,0.2366,0.00827,0.00283,0.00811,-5.00,0.00,0.00,18.7,125.56,633.95,283.71,DESCEND
3.8251,-0.0036,-0.0884,-0.1033,0.01027,-0.00816,0.00611,-5.00,0.00,0.00,18.8,125.56,633.95,283.65,DESCEND
3.8352,0.0863,0.1415,-0.0433,0.00027,-0.00216,0.00611,-5.00,0.00,0.00,18.8,125.56,633.96,283.61,DESCEND
3.8453,0.0863,0.1815,0.0866,0.02427,0.01183,0.01411,-5.00,0.00,0.00,18.9,125.56,633.96,283.55,DESCEND
3.8554,0.0563,0.0315,0.0166,0.01627,0.00683,0.01011,-5.00,0.00,0.00,18.9,125.56,633.96,283.51,DESCEND
3.8655,-0.1236,0.0015,-0.0533,0.02227,0.01383,0.00911,-5.00,0.00,0.00,19.0,125.56,633.96,283.45,DESCEND
3.8756,0.0263,0.2815,-0.3733,-0.00772,-0.01616,0.01311,-5.00,0.00,0.00,19.0,125.56,633.96,283.39,DESCEND
3.8858,0.0663,0.3115,-0.1433,0.00827,-0.00216,0.00711,-5.00,0.00,0.00,19.1,125.56,633.97,283.35,DESCEND
3.8959,0.2663,-0.2284,0.4966,0.02827,0.01383,0.00511,-5.00,0.00,0.00,19.1,125.56,633.97,283.29,DESCEND
3.9060,-0.0036,0.1215,0.1366,0.00927,0.00383,0.00911,-5.00,0.00,0.00,19.2,125.56,633.97,283.25,DESCEND
3.9161,0.0463,0.0515,0.0066,0.02327,0.00783,0.00811,-5.00,0.00,0.00,19.2,125.56,633.97,283.19,DESCEND
3.9262,0.2763,-0.1784,0.2266,0.03527,0.00983,0.00711,-5.00,0.00,0.00,19.3,125.56,633.97,283.15,DESCEND
3.9363,0.1063,-0.0084,0.3966,0.02027,0.01883,0.00911,-5.00,0.00,0.00,19.3,125.56,633.98,283.09,DESCEND
3.9465,0.1663,0.1615,-0.1633,0.01327,-0.00416,0.01411,-5.00,0.00,0.00,19.4,125.56,633.98,283.05,DESCEND
3.9566,-0.1836,0.2715,0.0466,-0.00372,0.00283,0.00711,-5.00,0.00,0.00,19.4,125.56,633.98,282.99,DESCEND
3.9667,-0.0736,-0.1084,0.1966,0.01227,0.00383,0.01011,-5.00,0.00,0.00,19.5,125.56,633.98,282.95,DESCEND
3.9768,-0.0336,0.3115,0.0666,0.02027,0.01783,0.01011,-5.00,0.00,0.00,19.5,125.56,633.98,282.89,DESCEND
3.9869,-0.0236,-0.2384,0.4166,-0.00272,0.00583,0.00611,-5.00,0.00,0.00,19.6,125.56,633.98,282.85,DESCEND
3.9970,-0.2336,-0.0284,0.3966,0.01827,0.01383,0.00911,-5.00,0.00,0.00,19.6,125.56,633.99,282.79,DESCEND
4.0071,-0.0436,0.0415,0.2366,0.00827,0.00783,0.00911,-5.00,0.00,0.00,19.7,125.56,633.99,282.75,DESCEND
4.0173,-0.1536,0.1815,0.0266,0.00127,0.00483,0.01111,-5.00,0.00,0.00,19.7,125.56,633.99,282.69,DESCEND
4.0274,0.3263,0.2015,-0.0233,0.02827,-0.00016,0.00511,-5.00,0.00,0.00,19.8,125.56,633.99,282.65,DESCEND
4.0375,0.1063,-0.1784,0.4066,0.02227,0.01683,0.00511,-5.00,0.00,0.00,19.8,125.56,633.99,282.59,DESCEND
4.0476,0.0763,0.0715,0.0866,0.01927,0.00883,0.01011,-5.00,0.00,0.00,19.9,125.56,634.00,282.53,DESCEND
4.0577,-0.0836,-0.2084,0.3566,0.01127,0.01483,0.00711,-5.00,0.00,0.00,19.9,125.56,634.00,282.49,DESCEND
4.0678,0.0763,0.1215,0.0066,0.00927,-0.00716,0.01111,-5.00,0.00,0.00,20.0,125.56,634.00,282.43,DESCEND
4.0780,-0.0436,0.0515,0.1766,-0.01372,-0.00616,0.01311,-5.00,0.00,0.00,20.0,125.56,634.00,282.39,DESCEND
4.0881,0.1563,0.0715,-0.0233,0.01227,-0.00116,0.00711,-5.00,0.00,0.00,20.1,125.56,634.00,282.33,DESCEND
4.0982,0.0363,-0.0384,0.1866,0.00827,0.00083,0.01311,-5.00,0.00,0.00,20.1,125.56,634.00,282.29,DESCEND
4.1083,0.0763,0.2315,0.0766,0.01427,-0.00116,0.01311,-5.00,0.00,0.00,20.2,125.56,634.01,282.23,DESCEND
4.1184,-0.0036,-0.0484,0.1366,0.01527,0.01283,0.01211,-5.00,0.00,0.00,20.2,125.56,634.01,282.19,DESCEND
4.1285,0.1163,-0.2184,0.6166,0.00827,0.01383,0.00311,-5.00,0.00,0.00,20.3,125.56,634.01,282.13,DESCEND
4.1386,0.0563,0.5615,-0.1533,0.01327,0.00083,0.01111,-5.00,0.00,0.00,20.3,125.56,634.01,282.09,DESCEND
4.1488,0.1863,0.2715,-0.1933,0.01827,0.00283,0.00911,-5.00,0.00,0.00,20.4,125.56,634.01,282.03,DESCEND
4.1589,0.1663,-0.0784,0.0366,0.03227,0.01683,0.00811,-5.00,0.00,0.00,20.4,125.56,634.02,281.99,DESCEND
4.1690,0.0863,-0.0384,0.0366,0.01127,0.00283,0.00811,-5.00,0.00,0.00,20.5,125.56,634.02,281.93,DESCEND
4.1791,-0.0136,0.2015,0.0166,-0.00072,0.00383,0.01111,-5.00,0.00,0.00,20.5,125.57,634.02,281.89,DESCEND
4.1892,-0.0836,0.0315,0.2466,0.01427,0.01383,0.00811,-5.00,0.00,0.00,20.6,125.57,634.02,281.83,DESCEND
4.1993,0.0863,-0.0084,-0.0633,0.01527,-0.00516,0.00911,-5.00,0.00,0.00,20.6,125.57,634.02,281.79,DESCEND
4.2094,0.2663,0.2515,0.0466,0.02527,-0.00116,0.00811,-5.00,0.00,0.00,20.7,125.57,634.03,281.73,DESCEND
4.2196,0.1663,-0.0184,0.1566,0.01127,0.00183,0.01011,-5.00,0.00,0.00,20.8,125.57,634.03,281.67,DESCEND
4.2297,-0.1636,0.1315,0.1666,-0.01172,0.00183,0.01211,-5.00,0.00,0.00,20.8,125.57,634.03,281.63,DESCEND
4.2398,-0.0136,0.1115,0.1366,0.00627,0.00283,0.00911,-5.00,0.00,0.00,20.9,125.57,634.03,281.57,DESCEND
4.2500,0.1363,0.1315,-0.1633,0.02527,0.01483,0.00911,-5.00,0.00,0.00,20.9,125.57,634.03,281.53,DESCEND
4.2601,0.0863,0.2415,0.3066,0.00427,0.00883,0.01111,-5.00,0.00,0.00,21.0,125.57,634.03,281.47,DESCEND
4.2702,-0.0636,0.2815,0.1666,0.02227,0.00683,0.01311,-5.00,0.00,0.00,21.0,125.57,634.04,281.43,DESCEND
4.2803,0.1063,-0.0184,0.1366,0.01527,0.00383,0.00811,-5.00,0.00,0.00,21.1,125.57,634.04,281.37,DESCEND
4.2904,0.0363,-0.0684,0.3266,0.01027,0.00183,0.00911,-5.00,0.00,0.00,21.1,125.57,634.04,281.33,DESCEND
4.3005,0.0863,0.0615,0.0966,-0.00072,-0.00616,0.01111,-5.00,0.00,0.00,21.2,125.57,634.04,281.27,DESCEND
4.3107,-0.0436,0.2315,-0.0833,0.01727,-0.00216,0.01411,-5.00,0.00,0.00,21.2,125.57,634.04,281.23,DESCEND
4.3208,0.3163,0.1015,0.3166,0.01827,-0.00516,0.00911,-5.00,0.00,0.00,21.3,125.57,634.05,281.17,DESCEND
4.3309,-0.0036,0.2115,0.3866,0.01227,0.00383,0.01011,-5.00,0.00,0.00,21.3,125.57,634.05,281.13,DESCEND
4.3410,0.0263,0.1315,0.1566,0.01327,0.00283,0.01111,-5.00,0.00,0.00,21.4,125.57,634.05,281.07,DESCEND
4.3512,0.0963,-0.2084,0.5266,0.02527,0.01583,0.00511,-5.00,0.00,0.00,21.4,125.57,634.05,281.03,DESCEND
4.3613,0.0763,-0.2384,0.2066,0.01527,0.00883,0.00711,-5.00,0.00,0.00,21.5,125.57,634.05,280.97,DESCEND
4.3714,-0.0636,0.3515,0.0766,-0.00072,0.00283,0.00911,-5.00,0.00,0.00,21.5,125.57,634.05,280.93,DESCEND
4.3815,0.1063,-0.0684,0.3766,0.01427,0.01383,0.00711,-5.00,0.00,0.00,21.6,125.57,634.06,280.87,DESCEND
4.3916,0.0463,0.5115,-0.3333,-0.00372,-0.01416,0.01211,-5.00,0.00,0.00,21.6,125.57,634.06,280.81,DESCEND
4.4017,-0.0136,0.3215,-0.2333,-0.01272,-0.00816,0.01011,-5.00,0.00,0.00,21.7,125.57,634.06,280.77,DESCEND
4.4118,0.0263,0.2915,0.0966,0.02227,0.00983,0.01211,-5.00,0.00,0.00,21.7,125.57,634.06,280.71,DESCEND
4.4219,0.0863,-0.1284,-0.0233,-0.00272,-0.00716,0.00811,-5.00,0.00,0.00,21.8,125.57,634.06,280.68,DESCEND
4.4320,-0.0136,-0.1484,0.5366,0.00027,0.00283,0.00611,-5.00,0.00,0.00,21.8,125.57,634.07,280.62,DESCEND
4.4421,0.0363,0.0315,0.1866,0.02027,0.00383,0.01311,-5.00,0.00,0.00,21.9,125.57,634.07,280.58,DESCEND
4.4522,0.0663,0.1415,-0.0833,0.01727,-0.00216,0.01011,-5.00,0.00,0.00,21.9,125.57,634.07,280.52,DESCEND
4.4623,0.0463,0.2115,-0.1433,0.00427,-0.00116,0.01011,-5.00,0.00,0.00,22.0,125.57,634.07,280.48,DESCEND
4.4725,0.1463,-0.0584,0.3466,0.01627,0.00183,0.01111,-5.00,0.00,0.00,22.0,125.57,634.07,280.42,DESCEND
4.4826,0.0563,0.1815,-0.0133,0.01927,0.00683,0.01111,-5.00,0.00,0.00,22.1,125.57,634.08,280.38,DESCEND
4.4927,-0.0336,0.1215,0.0766,0.00427,0.00083,0.00911,-5.00,0.00,0.00,22.1,125.57,634.08,280.32,DESCEND
4.5028,-0.0736,-0.0284,0.0266,0.01227,0.00783,0.01111,-5.00,0.00,0.00,22.2,125.57,634.08,280.28,DESCEND
4.5129,0.1063,0.1915,0.1166,0.01527,0.00783,0.00811,-5.00,0.00,0.00,22.2,125.57,634.08,280.22,DESCEND
4.5231,0.0163,0.1115,-0.0433,-0.01272,-0.00916,0.01111,-5.00,0.00,0.00,22.3,125.57,634.08,280.18,DESCEND
4.5332,0.1963,0.0215,0.1566,0.02427,0.00183,0.01411,-5.00,0.00,0.00,22.3,125.57,634.09,280.12,DESCEND
4.5433,0.0163,0.1615,0.0266,0.01027,0.00783,0.00611,-5.00,0.00,0.00,22.4,125.57,634.09,280.08,DESCEND
4.5534,0.1063,0.2215,-0.0733,0.02327,0.00883,0.01011,-5.00,0.00,0.00,22.4,125.57,634.09,280.02,DESCEND
4.5635,0.0363,0.1915,-0.2433,0.00527,-0.00616,0.01311,-5.00,0.00,0.00,22.5,125.57,634.09,279.96,DESCEND
4.5736,-0.0436,0.0715,0.1466,0.01127,0.00283,0.00711,-5.00,0.00,0.00,22.5,125.57,634.09,279.92,DESCEND
4.5837,0.0963,-0.1684,0.0066,0.02227,0.00283,0.00511,-5.00,0.00,0.00,22.6,125.57,634.09,279.86,DESCEND
4.5939,-0.0936,-0.0184,0.1166,0.00627,0.00383,0.00911,-5.00,0.00,0.00,22.6,125.57,634.10,279.82,DESCEND
4.6040,0.1363,-0.0284,0.1366,0.02427,0.00683,0.00611,-5.00,0.00,0.00,22.7,125.57,634.10,279.76,DESCEND
4.6141,0.0363,-0.0384,-0.0133,0.00527,0.00083,0.01011,-5.00,0.00,0.00,22.7,125.57,634.10,279.72,DESCEND
4.6242,0.0763,0.1215,-0.1233,0.01927,0.00383,0.00611,-5.00,0.00,0.00,22.8,125.57,634.10,279.66,DESCEND
4.6343,0.0963,0.2115,0.0766,0.01227,0.00383,0.00911,-5.00,0.00,0.00,22.8,125.57,634.10,279.62,DESCEND
4.6444,0.3263,0.2215,-0.0333,0.02027,0.00083,0.00911,-5.00,0.00,0.00,22.9,125.57,634.11,279.56,DESCEND
4.6545,0.0463,0.3515,-0.0933,0.01327,0.00383,0.01011,-5.00,0.00,0.00,22.9,125.57,634.11,279.52,DESCEND
4.6646,0.2263,0.2015,0.0366,0.01927,-0.00016,0.00611,-5.00,0.00,0.00,23.0,125.57,634.11,279.46,DESCEND
4.6747,-0.1036,0.2215,-0.1533,0.00227,-0.00416,0.01311,-5.00,0.00,0.00,23.0,125.57,634.11,279.42,DESCEND
4.6848,0.0663,0.2015,0.3166,-0.00072,-0.00316,0.01111,-5.00,0.00,0.00,23.1,125.57,634.11,279.36,DESCEND
4.6949,0.2063,0.1915,0.0766,0.02027,0.00083,0.01011,-5.00,0.00,0.00,23.1,125.57,634.11,279.32,DESCEND
4.7051,0.0163,0.1215,0.0866,0.01227,0.00183,0.01311,-5.00,0.00,0.00,23.2,125.57,634.12,279.26,DESCEND
4.7152,0.2263,0.0715,-0.0433,0.00427,-0.00316,0.00711,-5.00,0.00,0.00,23.2,125.57,634.12,279.22,DESCEND
4.7253,-0.0836,0.0815,0.2066,0.00027,0.00183,0.00911,-5.00,0.00,0.00,23.3,125.57,634.12,279.16,DESCEND
4.7354,-0.0336,0.2215,0.0566,0.01527,0.01783,0.00911,-5.00,0.00,0.00,23.3,125.57,634.12,279.10,DESCEND
4.7455,0.1263,0.3015,-0.0533,0.01827,0.00183,0.01211,-5.00,0.00,0.00,23.4,125.57,634.12,279.06,DESCEND
4.7556,-0.0536,0.2215,0.0766,0.00227,0.00383,0.01111,-5.00,0.00,0.00,23.4,125.57,634.13,279.00,DESCEND
4.7657,-0.1036,0.0915,0.0666,0.00327,0.00183,0.01111,-5.00,0.00,0.00,23.5,125.57,634.13,278.96,DESCEND
4.7758,0.0663,-0.1184,0.3966,0.02027,0.01283,0.00711,-5.00,0.00,0.00,23.5,125.57,634.13,278.90,DESCEND
4.7860,0.0163,0.1715,-0.2133,0.01027,-0.00816,0.00911,-5.00,0.00,0.00,23.6,125.57,634.13,278.86,DESCEND
4.7961,0.0263,-0.0084,0.1166,0.01127,-0.00316,0.01011,-5.00,0.00,0.00,23.6,125.57,634.13,278.80,DESCEND
4.8062,0.0363,0.0615,-0.3833,0.00627,-0.00716,0.00911,-5.00,0.00,0.00,23.7,125.57,634.14,278.76,DESCEND
4.8163,-0.0936,-0.0084,0.1466,0.01127,0.00583,0.01111,-5.00,0.00,0.00,23.7,125.58,634.14,278.70,DESCEND
4.8264,0.1563,0.0015,0.1866,0.02127,0.00383,0.01011,-5.00,0.00,0.00,23.8,125.58,634.14,278.66,DESCEND
4.8365,0.0663,0.1215,0.1766,0.00227,-0.00316,0.01311,-5.00,0.00,0.00,23.8,125.58,634.14,278.60,DESCEND
4.8467,-0.1536,-0.0084,0.2866,-0.00472,-0.00016,0.00711,-5.00,0.00,0.00,23.9,125.58,634.14,278.56,DESCEND
4.8568,-0.0036,0.4115,-0.1433,0.00727,-0.00216,0.01511,-5.00,0.00,0.00,23.9,125.58,634.15,278.50,DESCEND
4.8669,0.0463,-0.1284,0.3766,0.01027,0.00683,0.01011,-5.00,0.00,0.00,24.0,125.58,634.15,278.46,DESCEND
4.8770,0.1063,0.0215,0.1166,0.02627,0.01383,0.00811,-5.00,0.00,0.00,24.0,125.58,634.15,278.40,DESCEND
4.8871,0.1963,-0.0784,0.3566,0.02927,0.01083,0.00811,-5.00,0.00,0.00,24.1,125.58,634.15,278.36,DESCEND
4.8972,0.2863,0.2015,-0.1133,0.00927,0.00683,0.00711,-5.00,0.00,0.00,24.1,125.58,634.15,278.30,DESCEND
4.9073,0.1163,0.0815,0.1366,0.02627,0.00883,0.01011,-5.00,0.00,0.00,24.2,125.58,634.15,278.26,DESCEND
4.9175,-0.0636,0.1515,0.2566,0.00827,0.00483,0.01211,-5.00,0.00,0.00,24.2,125.58,634.16,278.20,DESCEND
4.9276,0.0563,-0.2484,0.1266,0.01227,0.00583,0.00611,-5.00,0.00,0.00,24.3,125.58,634.16,278.14,DESCEND
4.9377,0.0363,0.0715,-0.0233,0.00627,-0.00016,0.01011,-5.00,0.00,0.00,24.3,125.58,634.16,278.10,DESCEND
4.9478,0.1263,0.0315,0.0966,0.02627,0.00983,0.01011,-5.00,0.00,0.00,24.4,125.58,634.16,278.04,DESCEND
4.9579,-0.1036,0.2015,-0.0533,0.00427,0.00083,0.00811,-5.00,0.00,0.00,24.4,125.58,634.16,278.00,DESCEND
4.9681,0.0463,-0.0784,-0.0133,-0.00272,-0.00816,0.00911,-5.00,0.00,0.00,24.5,125.58,634.17,277.94,DESCEND
4.9782,0.0663,0.1615,0.0866,0.01327,-0.00016,0.01111,-5.00,0.00,0.00,24.5,125.58,634.17,277.90,DESCEND
4.9883,-0.0636,0.1815,-0.0033,-0.00772,-0.00516,0.00811,-5.00,0.00,0.00,24.6,125.58,634.17,277.84,DESCEND
4.9984,0.1563,0.2015,-0.1033,0.00527,-0.00616,0.00911,-5.00,0.00,0.00,24.6,125.58,634.17,277.80,DESCEND
5.0085,0.0863,0.0115,0.0766,0.02627,0.00983,0.01211,-5.00,0.00,0.00,24.7,125.58,634.17,277.74,DESCEND
5.0186,-0.0536,0.1515,0.0366,0.00827,0.00183,0.01011,-5.00,0.00,0.00,24.7,125.58,634.17,277.70,DESCEND
5.0288,0.0563,0.0815,-0.0033,0.00727,-0.00016,0.01011,-5.00,0.00,0.00,24.8,125.58,634.18,277.64,DESCEND
5.0389,0.0563,-0.2384,0.3266,0.02127,0.01483,0.00511,-5.00,0.00,0.00,24.8,125.58,634.18,277.60,DESCEND
5.0490,-0.0636,0.1215,0.0966,0.01927,0.00383,0.01011,-5.00,0.00,0.00,24.9,125.58,634.18,277.54,DESCEND
5.0592,0.0263,-0.0784,0.1266,0.02027,0.00583,0.01211,-5.00,0.00,0.00,24.9,125.58,634.18,277.50,DESCEND
5.0692,-0.0636,0.1615,0.0766,0.01227,-0.00016,0.01211,-5.00,0.00,0.00,25.0,125.58,634.18,277.44,DESCEND
5.0794,0.1563,0.0715,-0.0733,0.01927,0.00183,0.00911,-5.00,0.00,0.00,25.0,125.58,634.19,277.40,DESCEND
5.0895,0.0363,0.3715,-0.1433,0.01527,0.00783,0.01011,-5.00,0.00,0.00,25.1,125.58,634.19,277.34,DESCEND
5.0996,0.2063,-0.2684,0.0366,0.00827,-0.00516,0.00811,-5.00,0.00,0.00,25.2,125.58,634.19,277.28,DESCEND
5.1097,0.2563,-0.1584,0.3366,0.02327,0.00883,0.00911,-5.00,0.00,0.00,25.2,125.58,634.19,277.24,DESCEND
5.1198,-0.0036,0.0215,0.0066,0.02027,0.00883,0.00911,-5.00,0.00,0.00,25.3,125.58,634.19,277.18,DESCEND
5.1299,0.0663,-0.2684,0.1066,0.02527,0.00983,0.01011,-5.00,0.00,0.00,25.3,125.58,634.20,277.14,DESCEND
5.1400,0.0863,-0.1284,0.3266,0.01927,0.01083,0.00611,-5.00,0.00,0.00,25.4,125.58,634.20,277.08,DESCEND
5.1502,0.0063,-0.2084,0.0866,0.00627,-0.00416,0.00911,-5.00,0.00,0.00,25.4,125.58,634.20,277.04,DESCEND
5.1603,0.0963,0.1115,0.0966,0.02327,0.00683,0.01111,-5.00,0.00,0.00,25.5,125.58,634.20,276.98,DESCEND
5.1704,0.1663,0.1915,0.2266,0.02527,0.00183,0.01011,-5.00,0.00,0.00,25.5,125.58,634.20,276.94,DESCEND
5.1805,0.0363,-0.1184,0.1066,0.00327,0.00183,0.01011,-5.00,0.00,0.00,25.6,125.58,634.20,276.88,DESCEND
5.1906,-0.0336,0.0015,0.3266,0.00227,0.00283,0.01011,-5.00,0.00,0.00,25.6,125.58,634.21,276.84,DESCEND
5.2007,0.0763,-0.0084,0.2666,0.01827,0.00983,0.01111,-5.00,0.00,0.00,25.7,125.58,634.21,276.78,DESCEND
5.2108,-0.0136,0.0715,0.0166,0.00127,-0.00416,0.01211,-5.00,0.00,0.00,25.7,125.58,634.21,276.74,DESCEND
5.2209,0.0663,0.1915,-0.0033,0.00827,0.00183,0.01111,-5.00,0.00,0.00,25.8,125.58,634.21,276.68,DESCEND
5.2311,0.2063,0.0815,0.0666,0.01727,0.00083,0.00911,-5.00,0.00,0.00,25.8,125.58,634.21,276.64,DESCEND
5.2412,0.1263,0.3715,-0.2233,0.01727,-0.00316,0.01411,-5.00,0.00,0.00,25.9,125.58,634.22,276.58,DESCEND
5.2513,0.0563,0.3115,0.0366,0.01927,0.00183,0.00911,-5.00,0.00,0.00,25.9,125.58,634.22,276.54,DESCEND
5.2614,0.1363,0.0615,0.1666,0.02727,0.00783,0.00811,-5.00,0.00,0.00,26.0,125.58,634.22,276.48,DESCEND
5.2715,0.1063,-0.2384,-0.0233,0.02527,0.00283,0.00811,-5.00,0.00,0.00,26.0,125.58,634.22,276.42,DESCEND
5.2816,-0.0836,-0.1284,0.5266,0.01827,0.01883,0.00711,-5.00,0.00,0.00,26.1,125.58,634.22,276.38,DESCEND
5.2918,0.0263,-0.0284,0.0966,0.01127,0.01183,0.01011,-5.00,0.00,0.00,26.1,125.58,634.23,276.32,DESCEND
5.3019,0.2263,0.0915,-0.0333,0.03127,0.01083,0.00811,-5.00,0.00,0.00,26.2,125.58,634.23,276.28,DESCEND
5.3120,0.0663,-0.2384,0.3666,0.02027,0.00883,0.00811,-5.00,0.00,0.00,26.2,125.58,634.23,276.22,DESCEND
5.3221,0.1263,-0.0784,0.2366,0.01227,0.00783,0.00711,-5.00,0.00,0.00,26.3,125.58,634.23,276.18,DESCEND
5.3322,0.0763,0.0715,-0.0533,0.00627,-0.01316,0.01111,-5.00,0.00,0.00,26.3,125.58,634.23,276.12,DESCEND
5.3423,0.0563,0.1015,0.1766,0.01727,0.00983,0.01211,-5.00,0.00,0.00,26.4,125.58,634.23,276.08,DESCEND
5.3525,0.1363,-0.0684,0.3066,0.02627,0.01083,0.01111,-5.00,0.00,0.00,26.4,125.58,634.24,276.02,DESCEND
5.3626,-0.0836,0.1515,0.0166,0.02227,0.01083,0.01111,-5.00,0.00,0.00,26.5,125.58,634.24,275.98,DESCEND
5.3727,-0.0736,0.5515,-0.0533,0.02427,0.01183,0.01511,-5.00,0.00,0.00,26.5,125.58,634.24,275.92,DESCEND
5.3828,0.0863,-0.1284,0.1666,0.02827,0.01383,0.01011,-5.00,0.00,0.00,26.6,125.58,634.24,275.88,DESCEND
5.3929,0.0063,0.3715,-0.2333,0.01727,0.00683,0.01111,-5.00,0.00,0.00,26.6,125.58,634.24,275.82,DESCEND
5.4031,0.0663,-0.1184,0.2366,0.00827,0.00383,0.01011,-5.00,0.00,0.00,26.7,125.58,634.25,275.78,DESCEND
5.4132,0.0663,-0.1584,0.1566,0.02127,0.00883,0.01211,-5.00,0.00,0.00,26.7,125.58,634.25,275.72,DESCEND
5.4233,-0.0036,0.0015,-0.1033,0.00227,-0.01316,0.00911,-5.00,0.00,0.00,26.8,125.58,634.25,275.66,DESCEND
5.4334,-0.0036,-0.1284,0.1466,0.01127,0.00183,0.01011,-5.00,0.00,0.00,26.8,125.58,634.25,275.62,DESCEND
5.4435,0.1063,0.1315,0.2266,0.01127,0.00983,0.00711,-5.00,0.00,0.00,26.9,125.58,634.25,275.56,DESCEND
5.4536,0.1663,0.1315,-0.0733,0.03427,0.00683,0.01111,-5.00,0.00,0.00,26.9,125.58,634.26,275.52,DESCEND
5.4637,-0.0036,-0.0784,0.1466,0.03127,0.00883,0.01011,-5.00,0.00,0.00,27.0,125.58,634.26,275.46,DESCEND
5.4738,-0.0036,0.0615,0.2566,0.00627,-0.00016,0.00911,-5.00,0.00,0.00,27.0,125.58,634.26,275.42,DESCEND
5.4840,0.1663,0.2415,0.0466,0.01927,0.00283,0.01111,-5.00,0.00,0.00,27.1,125.59,634.26,275.36,DESCEND
5.4941,-0.0436,0.0115,0.2266,0.01827,0.00783,0.00711,-5.00,0.00,0.00,27.1,125.59,634.26,275.32,DESCEND
5.5042,0.0763,0.4015,-0.0833,0.02027,0.00183,0.01311,-5.00,0.00,0.00,27.2,125.59,634.26,275.26,DESCEND
5.5143,0.0463,0.2215,0.0966,0.01727,-0.00016,0.01011,-5.00,0.00,0.00,27.2,125.59,634.27,275.22,DESCEND
5.5244,-0.1836,0.0715,0.1366,0.00827,0.01283,0.00811,-5.00,0.00,0.00,27.3,125.59,634.27,275.16,DESCEND
5.5345,0.0763,0.1615,-0.0233,0.00227,0.00383,0.00811,-5.00,0.00,0.00,27.3,125.59,634.27,275.12,DESCEND
5.5447,0.1163,0.3115,-0.4333,0.00527,-0.00716,0.01211,-5.00,0.00,0.00,27.4,125.59,634.27,275.06,DESCEND
5.5548,0.1363,0.0615,0.3766,0.01727,0.01083,0.00711,-5.00,0.00,0.00,27.4,125.59,634.27,275.02,DESCEND
5.5649,0.0963,0.1515,-0.0733,0.00927,-0.00316,0.01211,-5.00,0.00,0.00,27.5,125.59,634.28,274.96,DESCEND
5.5750,0.0763,0.2215,0.1666,0.02227,0.00683,0.01111,-5.00,0.00,0.00,27.5,125.59,634.28,274.92,DESCEND
5.5851,-0.0636,0.3115,-0.2533,-0.00472,-0.00316,0.01311,-5.00,0.00,0.00,27.6,125.59,634.28,274.86,DESCEND
5.5952,0.2263,0.2715,-0.1633,0.02627,0.00183,0.01311,-5.00,0.00,0.00,27.6,125.59,634.28,274.82,DESCEND
5.6054,0.0963,-0.1184,0.3266,0.01527,-0.00316,0.00911,-5.00,0.00,0.00,27.7,125.59,634.28,274.76,DESCEND
5.6155,0.1563,0.0215,0.1866,0.02127,0.00383,0.01011,-5.00,0.00,0.00,27.7,125.59,634.29,274.70,DESCEND
5.6256,0.1663,0.3215,-0.1833,0.02527,-0.00116,0.01011,-5.00,0.00,0.00,27.8,125.59,634.29,274.66,DESCEND
5.6357,-0.1136,0.1615,0.1866,0.01127,0.01583,0.00511,-5.00,0.00,0.00,27.8,125.59,634.29,274.60,DESCEND
5.6459,0.0663,-0.0484,0.2166,0.01227,0.00483,0.01011,-5.00,0.00,0.00,27.9,125.59,634.29,274.56,DESCEND
5.6560,0.0963,0.1615,0.0166,0.01727,0.00783,0.00711,-5.00,0.00,0.00,27.9,125.59,634.29,274.50,DESCEND
5.6662,0.1263,-0.1284,0.2366,0.01427,0.01083,0.00811,-5.00,0.00,0.00,28.0,125.59,634.29,274.46,DESCEND
5.6763,0.0863,0.2815,-0.0833,0.00327,-0.01016,0.00611,-5.00,0.00,0.00,28.0,125.59,634.30,274.40,DESCEND
5.6864,-0.0936,0.1415,-0.0133,0.00627,0.00483,0.01211,-5.00,0.00,0.00,28.1,125.59,634.30,274.36,DESCEND
5.6965,0.0563,0.0415,0.2666,0.01427,-0.00216,0.01111,-5.00,0.00,0.00,28.1,125.59,634.30,274.30,DESCEND
5.7066,-0.0736,-0.1784,0.2666,0.01427,0.01083,0.00711,-5.00,0.00,0.00,28.2,125.59,634.30,274.26,DESCEND
5.7167,-0.0136,0.2015,-0.1233,0.01427,0.00083,0.00911,-5.00,0.00,0.00,28.2,125.59,634.30,274.20,DESCEND
5.7268,0.0963,0.1515,0.3266,0.01327,0.00183,0.01011,-5.00,0.00,0.00,28.3,125.59,634.31,274.16,DESCEND
5.7369,-0.0936,0.2515,-0.2233,0.00727,-0.00316,0.01711,-5.00,0.00,0.00,28.3,125.59,634.31,274.10,DESCEND
5.7471,0.0563,0.1615,0.0766,0.01827,0.00983,0.00911,-5.00,0.00,0.00,28.4,125.59,634.31,274.06,DESCEND
5.7572,-0.1036,0.4115,0.0466,0.00627,0.00983,0.01211,-5.00,0.00,0.00,28.4,125.59,634.31,274.00,DESCEND
5.7673,-0.1636,0.1715,-0.2933,0.00627,-0.00116,0.01611,-5.00,0.00,0.00,28.5,125.59,634.31,273.96,DESCEND
5.7774,-0.0536,0.6015,-0.4533,0.00127,-0.01516,0.01611,-5.00,0.00,0.00,28.5,125.59,634.32,273.90,DESCEND
5.7875,-0.2036,0.2515,-0.1633,-0.01372,-0.00216,0.01211,-5.00,0.00,0.00,28.6,125.59,634.32,273.84,DESCEND
5.7976,0.0963,0.0815,-0.0233,0.01327,0.00283,0.01211,-5.00,0.00,0.00,28.6,125.59,634.32,273.80,DESCEND
5.8077,0.1163,0.0215,0.0866,0.01327,-0.00216,0.01111,-5.00,0.00,0.00,28.7,125.59,634.32,273.74,DESCEND
5.8179,0.1863,-0.0984,0.0666,0.02627,0.00083,0.00911,-5.00,0.00,0.00,28.7,125.59,634.32,273.70,DESCEND
5.8280,-0.0536,0.1015,0.0166,0.00327,0.00683,0.01411,-5.00,0.00,0.00,28.8,125.59,634.32,273.64,DESCEND
5.8381,0.1163,0.0215,0.3266,0.01427,0.00083,0.00811,-5.00,0.00,0.00,28.8,125.59,634.33,273.60,DESCEND
5.8482,-0.0036,-0.0984,0.1666,0.01427,0.00283,0.00611,-5.00,0.00,0.00,28.9,125.59,634.33,273.54,DESCEND
5.8584,-0.0736,0.1715,-0.0533,-0.00172,0.00083,0.01011,-5.00,0.00,0.00,28.9,125.59,634.33,273.50,DESCEND
5.8685,0.0863,0.2115,0.1166,0.02927,0.01183,0.01511,-5.00,0.00,0.00,29.0,125.59,634.33,273.44,DESCEND
5.8786,-0.0436,0.4415,-0.2833,0.01727,-0.00416,0.01511,-5.00,0.00,0.00,29.0,125.59,634.33,273.40,DESCEND
5.8887,-0.1136,-0.0284,0.3366,0.02027,0.01283,0.00911,-5.00,0.00,0.00,29.1,125.59,634.34,273.34,DESCEND
5.8988,0.0163,-0.0084,0.0666,-0.00972,-0.00816,0.01211,-5.00,0.00,0.00,29.1,125.59,634.34,273.30,DESCEND
5.9089,0.1463,-0.1784,0.1766,0.01727,0.00283,0.00911,-5.00,0.00,0.00,29.2,125.59,634.34,273.24,DESCEND
5.9191,0.0563,-0.2484,0.5066,0.02527,0.01683,0.01111,-5.00,0.00,0.00,29.2,125.59,634.34,273.20,DESCEND
5.9292,0.1063,-0.1684,0.1466,0.02427,0.00283,0.00711,-5.00,0.00,0.00,29.3,125.59,634.34,273.14,DESCEND
5.9393,-0.1136,0.2615,0.1766,0.01227,0.01383,0.01011,-5.00,0.00,0.00,29.3,125.59,634.34,273.10,DESCEND
5.9494,0.2663,-0.0484,0.0466,0.02027,0.00283,0.00811,-5.00,0.00,0.00,29.4,125.59,634.35,273.04,DESCEND
5.9595,0.0663,0.1215,0.1066,0.01427,0.00283,0.00911,-5.00,0.00,0.00,29.5,125.59,634.35,272.98,DESCEND
5.9696,-0.0036,0.0515,0.1566,0.01627,-0.00016,0.01311,-5.00,0.00,0.00,29.5,125.59,634.35,272.94,DESCEND
5.9797,0.1663,-0.3084,0.4066,0.02027,0.00583,0.00911,-5.00,0.00,0.00,29.6,125.59,634.35,272.88,DESCEND
5.9899,-0.0036,0.0915,0.1266,0.02027,0.00183,0.01211,-5.00,0.00,0.00,29.6,125.59,634.35,272.84,DESCEND
6.0000,-0.0636,0.1315,0.0266,0.00527,0.00383,0.01011,-5.00,0.00,0.00,29.7,125.59,634.36,272.78,DESCEND
6.0101,-0.1536,-0.0984,0.4066,0.00627,0.01183,0.01111,-5.00,0.00,0.00,29.7,125.59,634.36,272.74,DESCEND
6.0202,0.1063,-0.0784,0.1566,0.01427,0.00783,0.01011,-5.00,0.00,0.00,29.8,125.59,634.36,272.68,DESCEND
6.0304,0.0663,0.1715,0.3666,0.00627,0.00683,0.00911,-5.00,0.00,0.00,29.8,125.59,634.36,272.64,DESCEND
6.0405,-0.0336,0.2915,-0.2333,0.01527,-0.00016,0.01111,-5.00,0.00,0.00,29.9,125.59,634.36,272.58,DESCEND
6.0506,-0.0236,-0.1984,0.4366,0.01827,0.01083,0.01011,-5.00,0.00,0.00,29.9,125.59,634.37,272.54,DESCEND
6.0607,0.0363,0.0515,-0.0033,0.00127,0.00183,0.01011,-5.00,0.00,0.00,30.0,125.59,634.37,272.48,DESCEND
6.0708,-0.1336,0.0015,-0.1033,-0.01472,-0.01116,0.00711,-5.00,0.00,0.00,30.0,125.59,634.37,272.44,DESCEND
6.0809,0.0463,0.1215,0.1066,0.02527,-0.00116,0.01211,-5.00,0.00,0.00,30.1,125.59,634.37,272.38,DESCEND
6.0911,0.0363,0.1015,-0.0633,0.01327,-0.00016,0.00611,-5.00,0.00,0.00,30.1,125.59,634.37,272.34,DESCEND
6.1012,-0.0336,-0.0284,0.0566,0.02227,0.00683,0.00711,-5.00,0.00,0.00,30.2,125.59,634.37,272.28,DESCEND
6.1113,0.1863,-0.0284,0.1766,0.00027,-0.00516,0.01411,-5.00,0.00,0.00,30.2,125.59,634.38,272.24,DESCEND
6.1214,0.1863,-0.0584,0.2266,0.02727,0.00183,0.00711,-5.00,0.00,0.00,30.3,125.59,634.38,272.18,DESCEND
6.1315,-0.0036,0.0215,0.2866,0.01027,0.00483,0.00311,-5.00,0.00,0.00,30.3,125.59,634.38,272.12,DESCEND
6.1416,0.1863,0.0615,0.0666,0.02827,0.00983,0.01011,-5.00,0.00,0.00,30.4,125.59,634.38,272.08,DESCEND
6.1518,0.0263,-0.0384,-0.1633,0.01527,-0.00316,0.01211,-5.00,0.00,0.00,30.4,125.60,634.38,272.02,DESCEND
6.1619,-0.0436,-0.2184,0.4366,0.00427,-0.00216,0.01011,-5.00,0.00,0.00,30.5,125.60,634.39,271.98,DESCEND
6.1720,0.1163,-0.0784,0.2266,0.00627,0.00283,0.01211,-5.00,0.00,0.00,30.5,125.60,634.39,271.92,DESCEND
6.1821,0.0863,-0.3284,0.3166,0.02927,0.01583,0.00711,-5.00,0.00,0.00,30.6,125.60,634.39,271.88,DESCEND
6.1922,-0.1036,-0.0484,0.1866,0.00527,0.00783,0.01011,-5.00,0.00,0.00,30.6,125.60,634.39,271.82,DESCEND
6.2023,0.1863,0.0315,0.0966,0.02127,-0.00616,0.01011,-5.00,0.00,0.00,30.7,125.60,634.39,271.78,DESCEND
6.2124,0.0363,0.0115,-0.0733,0.01727,0.00283,0.01011,-5.00,0.00,0.00,30.7,125.60,634.40,271.72,DESCEND
6.2226,0.2263,-0.2584,0.2266,0.03027,0.00483,0.00811,-5.00,0.00,0.00,30.8,125.60,634.40,271.68,DESCEND
6.2327,-0.0036,0.2815,-0.0933,0.01227,0.00383,0.01211,-5.00,0.00,0.00,30.8,125.60,634.40,271.62,DESCEND
6.2428,0.3063,0.1415,0.1166,0.01327,0.00083,0.01311,-5.00,0.00,0.00,30.9,125.60,634.40,271.58,DESCEND
6.2529,-0.1036,0.3115,-0.0833,0.02127,0.01683,0.01111,-5.00,0.00,0.00,30.9,125.60,634.40,271.52,DESCEND
6.2630,0.2263,-0.1284,0.0666,0.04327,0.00983,0.01111,-5.00,0.00,0.00,31.0,125.60,634.40,271.48,DESCEND
6.2731,0.0863,-0.4184,0.4466,0.02027,0.01883,0.00511,-5.00,0.00,0.00,31.0,125.60,634.41,271.42,DESCEND
6.2833,0.1963,0.0515,0.2466,0.02427,0.01083,0.01111,-5.00,0.00,0.00,31.1,125.60,634.41,271.38,DESCEND
6.2934,0.0463,-0.0184,-0.1633,0.01427,0.00683,0.01111,-5.00,0.00,0.00,31.1,125.60,634.41,271.32,DESCEND
6.3035,0.1163,0.3015,0.0666,0.01327,0.00183,0.01211,-5.00,0.00,0.00,31.2,125.60,634.41,271.28,DESCEND
6.3136,-0.1236,0.3115,-0.1333,0.01727,0.00883,0.01211,-5.00,0.00,0.00,31.2,125.60,634.41,271.22,DESCEND
6.3237,0.0863,0.1215,0.2766,0.02027,0.00783,0.01411,-5.00,0.00,0.00,31.3,125.60,634.42,271.16,DESCEND
6.3338,-0.0236,-0.1484,0.2166,0.00227,-0.00516,0.00911,-5.00,0.00,0.00,31.3,125.60,634.42,271.12,DESCEND
6.3439,0.1563,0.3915,-0.0333,0.02827,0.01183,0.01011,-5.00,0.00,0.00,31.4,125.60,634.42,271.06,DESCEND
6.3540,-0.0636,-0.0084,0.3766,0.01427,0.00983,0.01511,-5.00,0.00,0.00,31.4,125.60,634.42,271.02,DESCEND
6.3641,-0.1536,-0.0684,0.3166,-0.00072,0.00883,0.00811,-5.00,0.00,0.00,31.5,125.60,634.42,270.96,DESCEND
6.3742,0.0063,-0.0084,-0.0133,0.00427,0.00383,0.01011,-5.00,0.00,0.00,31.5,125.60,634.43,270.92,DESCEND
6.3844,0.0563,0.1315,0.0966,0.01527,0.00783,0.01511,-5.00,0.00,0.00,31.6,125.60,634.43,270.86,DESCEND
6.3945,0.0963,0.1215,-0.0033,0.03427,0.01183,0.01111,-5.00,0.00,0.00,31.6,125.60,634.43,270.82,DESCEND
6.4046,0.1963,0.1315,-0.2033,0.01727,-0.00416,0.01211,-5.00,0.00,0.00,31.7,125.60,634.43,270.76,DESCEND
6.4147,-0.0036,-0.1884,0.2966,0.01927,0.01283,0.00911,-5.00,0.00,0.00,31.7,125.60,634.43,270.72,DESCEND
6.4248,-0.1736,0.1415,0.2766,0.00927,0.01883,0.00911,-5.00,0.00,0.00,31.8,125.60,634.43,270.66,DESCEND
6.4349,0.1363,0.1915,0.0366,0.00927,-0.00516,0.01211,-5.00,0.00,0.00,31.8,125.60,634.44,270.62,DESCEND
6.4451,-0.1136,0.0115,0.3366,0.00627,0.00383,0.01011,-5.00,0.00,0.00,31.9,125.60,634.44,270.56,DESCEND
6.4552,-0.1936,0.1615,0.1866,-0.00472,0.00183,0.01011,-5.00,0.00,0.00,31.9,125.60,634.44,270.52,DESCEND
6.4653,0.0363,0.0915,-0.0833,0.00827,-0.00916,0.01211,-5.00,0.00,0.00,32.0,125.60,634.44,270.46,DESCEND
6.4754,0.0763,0.2415,0.0366,0.02627,0.00183,0.01211,-5.00,0.00,0.00,32.0,125.60,634.44,270.42,DESCEND
6.4856,0.3163,0.2615,-0.1833,0.02127,-0.00216,0.01311,-5.00,0.00,0.00,32.1,125.60,634.45,270.36,DESCEND
6.4957,-0.0136,0.2615,0.0466,0.01627,0.00883,0.01111,-5.00,0.00,0.00,32.1,125.60,634.45,270.30,DESCEND
6.5058,0.0863,-0.1384,0.2366,0.01527,0.01483,0.00811,-5.00,0.00,0.00,32.2,125.60,634.45,270.26,DESCEND
6.5159,-0.0536,0.4315,-0.0333,0.01627,0.00483,0.01611,-5.00,0.00,0.00,32.2,125.60,634.45,270.20,DESCEND
6.5260,-0.1436,0.2315,-0.0433,0.00127,0.00583,0.00911,-5.00,0.00,0.00,32.3,125.60,634.45,270.16,DESCEND
6.5361,0.0163,0.3715,0.3466,0.01227,0.01083,0.01611,-5.00,0.00,0.00,32.3,125.60,634.46,270.10,DESCEND
6.5462,0.1463,-0.1084,0.4766,0.02427,0.00783,0.01011,-5.00,0.00,0.00,32.4,125.60,634.46,270.06,DESCEND
6.5563,0.0563,-0.0684,0.3866,0.01427,0.00383,0.01011,-5.00,0.00,0.00,32.4,125.60,634.46,270.00,DESCEND
6.5664,0.0363,0.2215,0.1966,0.02527,-0.00216,0.01211,-5.00,0.00,0.00,32.5,125.60,634.46,269.96,DESCEND
6.5765,0.0563,-0.1784,0.1366,0.00227,-0.00116,0.00911,-5.00,0.00,0.00,32.5,125.60,634.46,269.90,DESCEND
6.5866,0.0463,0.0115,0.3766,0.02827,0.01683,0.01211,-5.00,0.00,0.00,32.6,125.60,634.46,269.86,DESCEND
6.5967,0.0763,-0.0584,0.1566,0.01227,0.00083,0.01011,-5.00,0.00,0.00,32.6,125.60,634.47,269.80,DESCEND
6.6069,0.0763,0.2015,-0.0733,0.02027,-0.00216,0.01111,-5.00,0.00,0.00,32.7,125.60,634.47,269.76,DESCEND
6.6170,0.1163,-0.2984,0.4166,0.02227,0.00783,0.01111,-5.00,0.00,0.00,32.7,125.60,634.47,269.70,DESCEND
6.6271,0.0863,0.1615,0.2066,0.01027,0.00883,0.01111,-5.00,0.00,0.00,32.8,125.60,634.47,269.66,DESCEND
6.6372,0.0863,-0.0284,0.3866,0.01527,0.01183,0.01111,-5.00,0.00,0.00,32.8,125.60,634.47,269.60,DESCEND
6.6472,0.0963,-0.2084,0.3566,0.01627,0.00383,0.01011,-5.00,0.00,0.00,32.9,125.60,634.48,269.56,DESCEND
6.6574,0.0263,0.0215,-0.0533,0.02127,-0.00116,0.01011,-5.00,0.00,0.00,32.9,125.60,634.48,269.50,DESCEND
6.6675,0.1763,-0.2084,0.3666,0.03627,0.01083,0.01011,-5.00,0.00,0.00,33.0,125.60,634.48,269.44,DESCEND
6.6776,0.0063,-0.1284,0.3066,0.02027,0.01483,0.01011,-5.00,0.00,0.00,33.0,125.60,634.48,269.40,DESCEND
6.6877,-0.0836,0.1315,0.1766,0.01027,-0.00316,0.01411,-5.00,0.00,0.00,33.1,125.60,634.48,269.35,DESCEND
6.6978,-0.0036,-0.0884,0.1566,0.01327,0.01183,0.01211,-5.00,0.00,0.00,33.1,125.60,634.49,269.31,DESCEND
6.7079,0.0363,-0.3384,0.5566,0.02627,0.01383,0.01111,-5.00,0.00,0.00,33.2,125.60,634.49,269.25,DESCEND
6.7180,0.2463,-0.0984,0.2166,0.03227,0.00583,0.00811,-5.00,0.00,0.00,33.2,125.60,634.49,269.21,DESCEND
6.7281,0.1263,-0.1284,0.2666,0.03127,0.01083,0.00811,-5.00,0.00,0.00,33.3,125.60,634.49,269.15,DESCEND
6.7382,0.1263,-0.0284,0.3666,0.00727,-0.00016,0.01011,-5.00,0.00,0.00,33.3,125.60,634.49,269.11,DESCEND
6.7483,-0.0436,0.0415,0.2066,0.01027,0.01183,0.01411,-5.00,0.00,0.00,33.4,125.60,634.49,269.05,DESCEND
6.7585,-0.0536,-0.0384,0.2066,0.00327,0.00283,0.01111,-5.00,0.00,0.00,33.4,125.60,634.50,269.01,DESCEND
6.7686,-0.0836,0.2715,0.1466,0.02227,0.00883,0.01211,-5.00,0.00,0.00,33.5,125.60,634.50,268.95,DESCEND
6.7787,0.1763,-0.1684,0.1066,0.01527,-0.00816,0.00911,-5.00,0.00,0.00,33.5,125.60,634.50,268.91,DESCEND
6.7888,0.1863,-0.0784,0.1566,0.01827,0.00483,0.00811,-5.00,0.00,0.00,33.6,125.60,634.50,268.85,DESCEND
6.7989,-0.0636,0.2715,-0.1233,0.00327,-0.00416,0.01511,-5.00,0.00,0.00,33.6,125.60,634.50,268.81,DESCEND
6.8091,0.0863,0.1715,-0.0533,0.01427,0.00083,0.01311,-5.00,0.00,0.00,33.7,125.60,634.51,268.75,DESCEND
6.8192,-0.0436,-0.1184,0.5266,0.01527,0.01683,0.01011,-5.00,0.00,0.00,33.7,125.60,634.51,268.71,DESCEND
6.8293,0.1163,0.3015,0.1166,0.03127,0.01183,0.01011,-5.00,0.00,0.00,33.8,125.61,634.51,268.65,DESCEND
6.8395,-0.1436,0.2515,-0.0433,0.01427,0.00683,0.01111,-5.00,0.00,0.00,33.9,125.61,634.51,268.59,DESCEND
6.8496,-0.0236,0.0415,0.1666,0.00827,0.00083,0.01111,-5.00,0.00,0.00,33.9,125.61,634.51,268.55,DESCEND
6.8597,-0.1236,-0.2584,0.3366,0.01627,0.01083,0.00911,-5.00,0.00,0.00,34.0,125.61,634.52,268.49,DESCEND
6.8698,0.1163,0.3515,-0.0733,0.02427,0.00283,0.01311,-5.00,0.00,0.00,34.0,125.61,634.52,268.45,DESCEND
6.8800,-0.0636,0.5715,-0.1733,-0.00072,-0.00816,0.01611,-5.00,0.00,0.00,34.1,125.61,634.52,268.39,DESCEND
6.8901,-0.0036,-0.0384,0.2166,0.01127,0.01083,0.00911,-5.00,0.00,0.00,34.1,125.61,634.52,268.35,DESCEND
6.9002,-0.0836,-0.2384,0.2566,0.00527,0.00183,0.00611,-5.00,0.00,0.00,34.2,125.61,634.52,268.29,DESCEND
6.9103,0.3163,-0.1884,0.2866,0.02427,0.00683,0.00911,-5.00,0.00,0.00,34.2,125.61,634.52,268.25,DESCEND
6.9205,0.1463,0.4115,0.1166,0.00227,0.00083,0.00811,-5.00,0.00,0.00,34.3,125.61,634.53,268.19,DESCEND
6.9306,0.0063,0.2715,0.0566,0.01527,0.00083,0.01511,-5.00,0.00,0.00,34.3,125.61,634.53,268.15,DESCEND
6.9407,-0.0736,-0.0984,0.1566,0.02127,0.01783,0.00711,-5.00,0.00,0.00,34.4,125.61,634.53,268.09,DESCEND
6.9508,0.1063,0.2315,0.1366,0.00727,0.00383,0.01111,-5.00,0.00,0.00,34.4,125.61,634.53,268.05,DESCEND
6.9609,0.0663,0.1715,-0.0133,0.02427,0.00183,0.01111,-5.00,0.00,0.00,34.5,125.61,634.53,267.99,DESCEND
6.9710,-0.0436,0.2815,-0.0833,-0.00072,0.00083,0.01311,-5.00,0.00,0.00,34.5,125.61,634.54,267.93,DESCEND
6.9811,0.0363,0.0215,0.1866,0.00227,-0.00316,0.00811,-5.00,0.00,0.00,34.6,125.61,634.54,267.89,DESCEND
6.9912,-0.0436,-0.0184,0.1966,0.00727,0.00683,0.01211,-5.00,0.00,0.00,34.6,125.61,634.54,267.85,DESCEND
7.0013,-0.0036,-0.0684,0.1566,0.01227,0.00783,0.01011,-5.00,0.00,0.00,34.7,125.61,634.54,267.79,DESCEND
7.0115,0.1463,-0.0284,0.1366,0.03127,0.00883,0.01211,-5.00,0.00,0.00,34.7,125.61,634.54,267.75,DESCEND
7.0216,-0.1036,0.1415,-0.4233,0.00627,0.00583,0.00911,-5.00,0.00,0.00,34.8,125.61,634.55,267.69,DESCEND
7.0317,0.0963,0.0215,0.0066,0.02227,0.00583,0.01111,-5.00,0.00,0.00,34.8,125.61,634.55,267.63,DESCEND
7.0418,-0.0036,0.2015,-0.0133,0.00627,-0.00116,0.01211,-5.00,0.00,0.00,34.9,125.61,634.55,267.59,DESCEND
7.0519,-0.0136,0.3115,-0.1433,-0.00172,-0.00516,0.01211,-5.00,0.00,0.00,34.9,125.61,634.55,267.53,DESCEND
7.0620,0.3163,-0.1984,0.1166,0.03727,0.01083,0.01011,-5.00,0.00,0.00,35.0,125.61,634.55,267.49,DESCEND
7.0721,0.2063,0.1615,0.0066,0.02027,0.00583,0.01011,-5.00,0.00,0.00,35.0,125.61,634.55,267.43,DESCEND
7.0822,0.1163,0.3115,-0.2233,0.01427,0.00083,0.01111,-5.00,0.00,0.00,35.1,125.61,634.56,267.39,DESCEND
7.0923,0.2263,-0.1284,0.2366,0.04327,0.01583,0.01111,-5.00,0.00,0.00,35.1,125.61,634.56,267.33,DESCEND
7.1025,0.1863,0.2715,0.0766,0.02027,-0.00116,0.01011,-5.00,0.00,0.00,35.2,125.61,634.56,267.29,DESCEND
7.1126,-0.0236,0.6115,-0.1833,0.00227,-0.00416,0.01611,-5.00,0.00,0.00,35.2,125.61,634.56,267.23,DESCEND
7.1227,-0.0236,0.4215,-0.0733,0.01227,0.00583,0.01311,-5.00,0.00,0.00,35.3,125.61,634.56,267.19,DESCEND
7.1328,0.2263,-0.0284,0.3066,0.02427,0.00383,0.01011,-5.00,0.00,0.00,35.3,125.61,634.57,267.13,DESCEND
7.1429,-0.0036,0.0215,-0.0833,0.00527,-0.00516,0.01311,-5.00,0.00,0.00,35.4,125.61,634.57,267.09,DESCEND
7.1531,0.0563,0.0315,0.1766,0.01927,0.00983,0.01011,-5.00,0.00,0.00,35.4,125.61,634.57,267.03,DESCEND
7.1632,-0.0136,0.1715,-0.1333,0.01027,0.00783,0.01111,-5.00,0.00,0.00,35.5,125.61,634.57,266.99,DESCEND
7.1733,-0.1736,0.2515,-0.0033,-0.00672,0.00283,0.01611,-5.00,0.00,0.00,35.5,125.61,634.57,266.93,DESCEND
7.1835,0.2463,0.0515,0.1966,0.03527,0.01183,0.00811,-5.00,0.00,0.00,35.6,125.61,634.58,266.87,DESCEND
7.1936,-0.0436,-0.1284,0.1166,0.00627,-0.00116,0.01111,-5.00,0.00,0.00,35.6,125.61,634.58,266.83,DESCEND
7.2037,-0.0436,0.2115,0.1066,0.01127,0.00683,0.01211,-5.00,0.00,0.00,35.7,125.61,634.58,266.77,DESCEND
7.2138,0.2063,0.0615,0.1766,0.01027,-0.00816,0.01211,-5.00,0.00,0.00,35.7,125.61,634.58,266.73,DESCEND
7.2239,-0.0236,0.1215,0.0966,0.00427,-0.00116,0.01111,-5.00,0.00,0.00,35.8,125.61,634.58,266.67,DESCEND
7.2340,0.1163,-0.1784,0.3266,0.03127,0.01683,0.00711,-5.00,0.00,0.00,35.8,125.61,634.58,266.63,DESCEND
7.2441,-0.1936,0.3815,-0.0933,0.00727,0.00083,0.01511,-5.00,0.00,0.00,35.9,125.61,634.59,266.57,DESCEND
7.2542,0.1263,-0.0184,0.1466,0.02727,0.00983,0.01011,-5.00,0.00,0.00,35.9,125.61,634.59,266.53,DESCEND
7.2644,-0.0236,-0.2084,0.4166,0.01427,0.01583,0.00911,-5.00,0.00,0.00,36.0,125.61,634.59,266.47,DESCEND
7.2745,0.2063,0.0215,0.3466,0.02527,0.00683,0.01511,-5.00,0.00,0.00,36.0,125.61,634.59,266.43,DESCEND
7.2846,-0.0936,-0.3484,0.3966,0.00627,0.01183,0.00811,-5.00,0.00,0.00,36.1,125.61,634.59,266.37,DESCEND
7.2947,-0.0136,0.1815,0.0566,0.01127,-0.00316,0.01111,-5.00,0.00,0.00,36.1,125.61,634.60,266.33,DESCEND
7.3048,0.0463,0.2315,-0.1833,-0.00072,-0.01416,0.01311,-5.00,0.00,0.00,36.2,125.61,634.60,266.27,DESCEND
7.3149,0.1163,-0.3284,0.5266,0.03927,0.02283,0.01111,-5.00,0.00,0.00,36.2,125.61,634.60,266.23,DESCEND
7.3251,0.0163,-0.1884,-0.0433,0.00827,-0.00016,0.01011,-5.00,0.00,0.00,36.3,125.61,634.60,266.17,DESCEND
7.3352,0.0463,-0.0184,0.1166,0.02427,0.01683,0.00911,-5.00,0.00,0.00,36.3,125.61,634.60,266.13,DESCEND
7.3453,0.1863,0.0115,-0.0133,0.02427,0.00883,0.00811,-5.00,0.00,0.00,36.4,125.61,634.60,266.07,DESCEND
7.3554,-0.0536,-0.0884,0.2866,0.02527,0.01683,0.01711,-5.00,0.00,0.00,36.4,125.61,634.61,266.01,DESCEND
7.3655,0.0963,-0.2084,0.3066,0.01627,0.01083,0.00711,-5.00,0.00,0.00,36.5,125.61,634.61,265.97,DESCEND
7.3756,-0.0136,0.4015,0.1566,0.02827,0.01883,0.01011,-5.00,0.00,0.00,36.5,125.61,634.61,265.91,DESCEND
7.3858,-0.0636,0.1615,-0.1433,0.01327,0.00983,0.00911,-5.00,0.00,0.00,36.6,125.61,634.61,265.87,DESCEND
7.3958,-0.0836,-0.0484,0.1966,0.02027,0.01083,0.01311,-5.00,0.00,0.00,36.6,125.61,634.61,265.81,DESCEND
7.4059,-0.0236,-0.1984,0.0966,0.00927,0.00883,0.00911,-5.00,0.00,0.00,36.7,125.61,634.62,265.77,DESCEND
7.4161,0.3363,-0.0484,0.2166,0.02027,-0.00316,0.01211,-5.00,0.00,0.00,36.7,125.61,634.62,265.71,DESCEND
7.4262,-0.1236,-0.1484,0.4566,0.00927,0.00483,0.01411,-5.00,0.00,0.00,36.8,125.61,634.62,265.67,DESCEND
7.4363,0.2363,-0.2184,0.1966,0.03127,0.00283,0.01311,-5.00,0.00,0.00,36.8,125.61,634.62,265.61,DESCEND
7.4464,0.1563,0.1815,0.0466,0.00627,0.00083,0.01011,-5.00,0.00,0.00,36.9,125.61,634.62,265.57,DESCEND
7.4566,0.1763,0.0115,0.0666,0.01027,-0.00116,0.01011,-5.00,0.00,0.00,36.9,125.61,634.63,265.51,DESCEND
7.4667,0.1163,0.1315,0.0766,0.03927,0.00583,0.01211,-5.00,0.00,0.00,37.0,125.61,634.63,265.47,DESCEND
7.4768,0.0263,0.1015,0.0166,0.02727,0.01183,0.01111,-5.00,0.00,0.00,37.0,125.61,634.63,265.41,DESCEND
7.4870,0.1063,0.0215,-0.0733,0.02927,0.00583,0.01211,-5.00,0.00,0.00,37.1,125.61,634.63,265.37,DESCEND
7.4971,0.1863,0.2015,0.2066,0.02227,0.00383,0.00811,-5.00,0.00,0.00,37.1,125.61,634.63,265.31,DESCEND
7.5072,0.1363,0.2015,-0.0833,0.01127,-0.00416,0.01011,-5.00,0.00,0.00,37.2,125.61,634.63,265.27,DESCEND
7.5173,-0.0236,0.1615,0.0066,0.00527,-0.00116,0.00911,-5.00,0.00,0.00,37.2,125.61,634.64,265.21,DESCEND
7.5274,0.1863,-0.0484,0.2266,0.00627,-0.00416,0.00911,-5.00,0.00,0.00,37.3,125.62,634.64,265.15,DESCEND
7.5375,-0.0136,-0.0784,0.5566,0.00127,0.00383,0.01011,-5.00,0.00,0.00,37.3,125.62,634.64,265.11,DESCEND
7.5476,0.1263,-0.1184,0.0666,0.01427,0.00183,0.00811,-5.00,0.00,0.00,37.4,125.62,634.64,265.05,DESCEND
7.5578,0.0963,0.0215,-0.0333,0.01627,0.00183,0.00911,-5.00,0.00,0.00,37.4,125.62,634.64,265.01,DESCEND
7.5679,0.0963,-0.1784,0.2466,0.01927,0.00983,0.00711,-5.00,0.00,0.00,37.5,125.62,634.65,264.95,DESCEND
7.5780,-0.0036,0.2315,0.0266,0.00827,0.00883,0.00911,-5.00,0.00,0.00,37.5,125.62,634.65,264.91,DESCEND
7.5881,0.0663,0.2315,0.0066,0.00527,-0.00516,0.01311,-5.00,0.00,0.00,37.6,125.62,634.65,264.85,DESCEND
7.5982,0.2263,0.0815,-0.0333,0.02127,-0.01316,0.01511,-5.00,0.00,0.00,37.6,125.62,634.65,264.81,DESCEND
7.6083,-0.0336,-0.0084,0.2366,-0.00072,-0.00616,0.01011,-5.00,0.00,0.00,37.7,125.62,634.65,264.75,DESCEND
7.6185,0.1363,-0.0084,-0.0533,0.03127,-0.00116,0.01411,-5.00,0.00,0.00,37.7,125.62,634.66,264.71,DESCEND
7.6286,-0.0736,0.1715,-0.1233,0.02027,0.00583,0.01211,-5.00,0.00,0.00,37.8,125.62,634.66,264.65,DESCEND
7.6387,0.1363,-0.0084,0.2766,0.02027,-0.00116,0.00911,-5.00,0.00,0.00,37.8,125.62,634.66,264.61,DESCEND
7.6488,-0.0236,-0.0784,0.1866,0.00527,0.00683,0.01311,-5.00,0.00,0.00,37.9,125.62,634.66,264.55,DESCEND
7.6589,0.0663,0.1915,0.2266,0.02227,0.01383,0.01511,-5.00,0.00,0.00,37.9,125.62,634.66,264.51,DESCEND
7.6690,0.0163,-0.0084,0.0666,0.02027,0.00583,0.01311,-5.00,0.00,0.00,38.0,125.62,634.66,264.45,DESCEND
7.6792,0.0863,-0.0984,0.4266,0.01827,0.01083,0.00711,-5.00,0.00,0.00,38.0,125.62,634.67,264.41,DESCEND
7.6893,0.1163,-0.1684,0.1666,0.02627,0.00583,0.00911,-5.00,0.00,0.00,38.1,125.62,634.67,264.35,DESCEND
7.6994,0.1263,0.0115,-0.1733,0.01027,-0.00816,0.01211,-5.00,0.00,0.00,38.1,125.62,634.67,264.31,DESCEND
7.7095,0.0263,0.3615,0.2366,0.01327,0.00783,0.01011,-5.00,0.00,0.00,38.2,125.62,634.67,264.25,DESCEND
7.7196,0.0763,0.1715,0.1866,0.02027,-0.00216,0.01711,-5.00,0.00,0.00,38.3,125.62,634.67,264.19,DESCEND
7.7297,-0.0636,-0.1384,0.2266,0.00027,-0.00116,0.01011,-5.00,0.00,0.00,38.3,125.62,634.68,264.15,DESCEND
7.7398,0.0563,0.1815,-0.0033,0.01527,0.00083,0.01111,-5.00,0.00,0.00,38.4,125.62,634.68,264.09,DESCEND
7.7499,0.0063,0.0515,-0.1833,-0.00472,-0.00516,0.01311,-5.00,0.00,0.00,38.4,125.62,634.68,264.05,DESCEND
7.7601,-0.0536,0.0515,0.2966,0.00327,0.00383,0.01211,-5.00,0.00,0.00,38.5,125.62,634.68,263.99,DESCEND
7.7702,0.1463,0.4315,-0.3033,0.02327,0.00383,0.01211,-5.00,0.00,0.00,38.5,125.62,634.68,263.95,DESCEND
7.7803,0.1963,-0.1684,0.1566,0.02927,-0.00016,0.00911,-5.00,0.00,0.00,38.6,125.62,634.69,263.89,DESCEND
7.7904,0.1863,-0.1784,0.1766,0.03327,0.01383,0.01111,-5.00,0.00,0.00,38.6,125.62,634.69,263.85,DESCEND
7.8005,-0.0736,0.2915,0.2066,0.00727,0.00783,0.01211,-5.00,0.00,0.00,38.7,125.62,634.69,263.79,DESCEND
7.8106,0.0963,-0.0484,-0.0033,0.02227,0.00383,0.00911,-5.00,0.00,0.00,38.7,125.62,634.69,263.75,DESCEND
7.8207,0.0863,-0.0384,0.0266,0.02527,-0.00116,0.01111,-5.00,0.00,0.00,38.8,125.62,634.69,263.69,DESCEND
7.8308,-0.0336,-0.1384,0.3466,-0.00372,0.01183,0.00911,-5.00,0.00,0.00,38.8,125.62,634.69,263.65,DESCEND
7.8409,0.0263,0.0815,0.0966,0.00927,0.00083,0.01111,-5.00,0.00,0.00,38.9,125.62,634.70,263.59,DESCEND
7.8510,0.0763,-0.0284,0.2566,0.03227,0.01283,0.00911,-5.00,0.00,0.00,38.9,125.62,634.70,263.55,DESCEND
7.8611,0.0463,0.2015,-0.1733,0.00827,-0.00016,0.01211,-5.00,0.00,0.00,39.0,125.62,634.70,263.49,DESCEND
7.8712,-0.1436,0.2115,0.0366,-0.00272,0.00383,0.01011,-5.00,0.00,0.00,39.0,125.62,634.70,263.45,DESCEND
7.8813,0.0663,0.1715,0.1566,0.01627,0.00383,0.00911,-5.00,0.00,0.00,39.1,125.62,634.70,263.39,DESCEND
7.8914,0.1363,-0.2284,0.4966,0.01527,0.00783,0.01011,-5.00,0.00,0.00,39.1,125.62,634.71,263.35,DESCEND
7.9015,0.0263,0.2015,0.2066,0.01327,0.00483,0.01511,-5.00,0.00,0.00,39.2,125.62,634.71,263.29,DESCEND
7.9117,0.1763,0.1215,0.0666,0.03227,0.00583,0.01011,-5.00,0.00,0.00,39.2,125.62,634.71,263.23,DESCEND
7.9218,-0.1036,0.2815,0.0366,0.01827,0.01083,0.01211,-5.00,0.00,0.00,39.3,125.62,634.71,263.19,DESCEND
7.9319,0.1963,0.0715,0.3666,0.02827,0.01083,0.01211,-5.00,0.00,0.00,39.3,125.62,634.71,263.13,DESCEND
7.9420,0.2263,-0.4484,0.6466,0.02527,0.01583,0.01111,-5.00,0.00,0.00,39.4,125.62,634.72,263.09,DESCEND
7.9521,0.0663,0.0315,0.1866,0.02427,0.00783,0.00911,-5.00,0.00,0.00,39.4,125.62,634.72,263.03,DESCEND
7.9622,0.0763,0.1615,-0.0033,-0.00172,-0.00216,0.00911,-5.00,0.00,0.00,39.5,125.62,634.72,262.99,DESCEND
7.9723,0.0263,-0.0484,0.1266,0.01927,0.00583,0.01211,-5.00,0.00,0.00,39.5,125.62,634.72,262.93,DESCEND
7.9825,0.1163,0.0815,0.0366,0.00927,-0.00816,0.01211,-5.00,0.00,0.00,39.6,125.62,634.72,262.89,DESCEND
7.9927,-0.0036,-0.1184,0.0966,0.02527,0.00983,0.00811,-5.00,0.00,0.00,39.6,125.62,634.72,262.83,DESCEND
8.0028,-0.1036,0.1015,0.2166,0.01027,0.01483,0.01411,-5.00,0.00,0.00,39.7,125.62,634.73,262.79,DESCEND
8.0129,0.1463,0.1115,-0.1633,0.01927,-0.00216,0.00911,-5.00,0.00,0.00,39.7,125.62,634.73,262.73,DESCEND
8.0230,0.1763,0.2915,-0.0333,0.01527,-0.00216,0.01211,-5.00,0.00,0.00,39.8,125.62,634.73,262.69,DESCEND
8.0331,0.1063,-0.3184,0.4566,0.01527,0.00983,0.00711,-5.00,0.00,0.00,39.8,125.62,634.73,262.63,DESCEND
8.0432,0.0563,0.2215,0.0366,0.02427,0.00283,0.01411,-5.00,0.00,0.00,39.9,125.62,634.73,262.59,DESCEND
8.0534,0.2063,0.3515,-0.0933,0.01927,-0.00416,0.01411,-5.00,0.00,0.00,39.9,125.62,634.74,262.53,DESCEND
8.0635,0.0563,0.0215,-0.0133,0.02927,0.00483,0.01211,-5.00,0.00,0.00,40.0,125.62,634.74,262.47,DESCEND
8.0736,-0.0536,-0.1684,0.2066,0.01627,0.01483,0.01011,-5.00,0.00,0.00,40.0,125.62,634.74,262.43,DESCEND
8.0837,-0.0536,0.2815,0.0366,0.00827,0.00183,0.01211,-5.00,0.00,0.00,40.1,125.62,634.74,262.37,DESCEND
8.0939,0.1563,-0.3984,0.6766,0.02327,0.01483,0.00611,-5.00,0.00,0.00,40.1,125.62,634.74,262.33,DESCEND
8.1040,0.2063,-0.2184,0.2766,0.03727,0.01983,0.00711,-5.00,0.00,0.00,40.2,125.62,634.75,262.27,DESCEND
8.1141,0.1963,0.1915,-0.0233,0.01727,-0.00416,0.01711,-5.00,0.00,0.00,40.2,125.62,634.75,262.23,DESCEND
8.1242,0.2463,-0.2184,0.3766,0.00727,-0.00516,0.00911,-5.00,0.00,0.00,40.3,125.62,634.75,262.17,DESCEND
8.1343,0.0463,-0.1584,0.0066,0.01527,-0.00616,0.01111,-5.00,0.00,0.00,40.3,125.62,634.75,262.13,DESCEND
8.1444,0.1263,0.0215,0.1166,0.01927,-0.00316,0.01411,-5.00,0.00,0.00,40.4,125.62,634.75,262.07,DESCEND
8.1546,-0.1636,0.0615,0.3066,-0.00772,0.00083,0.01211,-5.00,0.00,0.00,40.4,125.62,634.75,262.03,DESCEND
8.1647,0.0263,0.0515,0.0166,0.01327,0.00683,0.01111,-5.00,0.00,0.00,40.5,125.62,634.76,261.97,DESCEND
8.1748,0.1363,-0.0284,0.3266,0.03127,0.01983,0.01211,-5.00,0.00,0.00,40.5,125.62,634.76,261.93,DESCEND
8.1849,0.0363,-0.1084,0.3366,0.01327,0.00683,0.01011,-5.00,0.00,0.00,40.6,125.62,634.76,261.87,DESCEND
8.1951,0.0463,0.3515,-0.0333,0.01627,-0.00316,0.01211,-5.00,0.00,0.00,40.6,125.62,634.76,261.83,DESCEND
8.2052,0.0863,0.2915,-0.0733,0.00627,-0.00316,0.01411,-5.00,0.00,0.00,40.7,125.62,634.76,261.77,DESCEND
8.2153,0.1863,-0.0484,0.3666,0.04327,0.01083,0.01111,-5.00,0.00,0.00,40.7,125.62,634.77,261.73,DESCEND
8.2254,0.1963,0.1415,0.2966,0.01527,0.00583,0.01211,-5.00,0.00,0.00,40.8,125.62,634.77,261.67,DESCEND
8.2355,0.2063,0.1615,0.0366,0.02727,-0.00016,0.01411,-5.00,0.00,0.00,40.8,125.63,634.77,261.61,DESCEND
8.2457,0.0363,0.3715,0.1366,0.01327,0.00483,0.01611,-5.00,0.00,0.00,40.9,125.63,634.77,261.57,DESCEND
8.2558,0.0163,0.3215,-0.1333,0.00527,-0.00816,0.01811,-5.00,0.00,0.00,40.9,125.63,634.77,261.51,DESCEND
8.2659,0.0363,0.0515,-0.0133,-0.00072,-0.00716,0.01311,-5.00,0.00,0.00,41.0,125.63,634.78,261.47,DESCEND
8.2760,0.0363,0.0115,0.5066,0.02227,0.01383,0.01211,-5.00,0.00,0.00,41.0,125.63,634.78,261.41,DESCEND
8.2862,0.0663,0.1215,-0.1733,0.02027,0.00983,0.01011,-5.00,0.00,0.00,41.1,125.63,634.78,261.37,DESCEND
8.2963,-0.1836,0.4515,-0.0433,-0.00372,-0.00416,0.01811,-5.00,0.00,0.00,41.1,125.63,634.78,261.31,DESCEND
8.3064,0.0463,-0.0284,0.1166,0.02027,0.00483,0.01411,-5.00,0.00,0.00,41.2,125.63,634.78,261.27,DESCEND
8.3165,0.0963,0.3115,0.0566,0.02827,0.01383,0.01211,-5.00,0.00,0.00,41.2,125.63,634.78,261.21,DESCEND
8.3266,-0.0036,-0.0784,-0.2033,0.02027,-0.00216,0.01111,-5.00,0.00,0.00,41.3,125.63,634.79,261.17,DESCEND
8.3367,0.1163,0.1415,-0.0433,0.00827,-0.00516,0.00811,-5.00,0.00,0.00,41.3,125.63,634.79,261.11,DESCEND
8.3468,0.0163,-0.0484,0.2266,0.00527,0.00083,0.01211,-5.00,0.00,0.00,41.4,125.63,634.79,261.07,DESCEND
8.3570,0.2163,-0.0984,0.2066,0.01427,0.00183,0.01211,-5.00,0.00,0.00,41.4,125.63,634.79,261.01,DESCEND
8.3671,0.0563,0.0915,-0.0133,0.03227,0.00783,0.01111,-5.00,0.00,0.00,41.5,125.63,634.79,260.97,DESCEND
8.3772,0.1063,-0.2584,0.2066,0.02627,0.01583,0.00611,-5.00,0.00,0.00,41.5,125.63,634.80,260.91,DESCEND
8.3873,-0.0236,0.1615,0.2266,0.02927,0.03683,0.01311,-5.00,0.00,0.00,41.6,125.63,634.80,260.85,DESCEND
8.3974,0.1063,0.2815,0.0466,0.00827,0.01383,0.01211,-5.00,0.00,0.00,41.6,125.63,634.80,260.81,DESCEND
8.4075,0.1563,0.0715,0.0366,0.02127,0.02383,0.00211,-5.00,0.00,0.00,41.7,125.63,634.80,260.75,DESCEND
8.4176,0.0063,0.2215,0.2066,0.01727,0.02883,0.00611,-5.00,0.00,0.00,41.7,125.63,634.80,260.71,DESCEND
8.4278,-0.0136,0.3315,0.0966,0.00927,0.03183,0.00911,-5.00,0.00,0.00,41.8,125.63,634.81,260.65,DESCEND
8.4379,0.0863,-0.0484,0.1666,0.00527,0.02883,0.00511,-5.00,0.00,0.00,41.8,125.63,634.81,260.61,DESCEND
8.4480,0.5763,-0.0484,0.0566,0.04827,0.03983,0.00311,-5.00,0.00,0.00,41.9,125.63,634.81,260.55,DESCEND
8.4581,0.1763,0.1915,0.2466,0.00327,0.03083,0.00611,-5.00,0.00,0.00,41.9,125.63,634.81,260.51,DESCEND
8.4682,0.2763,-0.1084,0.2166,0.01227,0.03983,0.00311,-5.00,0.00,0.00,42.0,125.63,634.81,260.45,DESCEND
8.4783,0.3463,0.2215,0.0466,0.02427,0.04083,0.00411,-5.00,0.00,0.00,42.0,125.63,634.81,260.41,DESCEND
8.4884,0.3863,-0.0384,0.1266,0.01527,0.05083,0.00011,-5.00,0.00,0.00,42.1,125.63,634.82,260.35,DESCEND
8.4985,0.2663,0.1715,0.3466,0.01927,0.06683,0.00111,-5.00,0.00,0.00,42.1,125.63,634.82,260.31,DESCEND
8.5086,0.2563,0.2915,0.0466,0.01227,0.05883,0.00111,-5.00,0.00,0.00,42.2,125.63,634.82,260.25,DESCEND
8.5188,0.3663,-0.0484,0.3266,0.01827,0.05783,-0.00088,-5.00,0.00,0.00,42.2,125.63,634.82,260.21,DESCEND
8.5289,0.3963,0.0115,0.2966,0.02327,0.06283,0.00011,-5.00,0.00,0.00,42.3,125.63,634.82,260.15,DESCEND
8.5390,0.6763,-0.0084,0.1066,0.02127,0.05783,-0.00188,-5.00,0.00,0.00,42.3,125.63,634.83,260.11,DESCEND
8.5491,0.4863,-0.2284,0.3666,0.04827,0.07483,-0.00288,-5.00,0.00,0.00,42.4,125.63,634.83,260.05,DESCEND
8.5592,0.3463,0.1315,0.2266,0.01427,0.07283,-0.00288,-5.00,0.00,0.00,42.4,125.63,634.83,260.01,DESCEND
8.5693,0.4863,0.4515,-0.0733,0.01527,0.06083,0.00511,-5.00,0.00,0.00,42.5,125.63,634.83,259.95,DESCEND
8.5795,0.4563,0.1915,0.2366,0.02527,0.07583,-0.00088,-5.00,0.00,0.00,42.6,125.63,634.83,259.89,DESCEND
8.5896,0.5463,-0.1184,0.3066,0.02827,0.08083,-0.00388,-5.00,0.00,0.00,42.6,125.63,634.84,259.85,DESCEND
8.5997,0.6063,-0.1284,0.4966,0.01327,0.07183,-0.00688,-5.00,0.00,0.00,42.7,125.63,634.84,259.79,DESCEND
8.6098,0.4163,0.3715,-0.0633,0.00927,0.07283,0.00011,-5.00,0.00,0.00,42.7,125.63,634.84,259.75,DESCEND
8.6199,0.5363,-0.0884,0.2366,0.03027,0.08283,-0.00388,-5.00,0.00,0.00,42.8,125.63,634.84,259.69,DESCEND
8.6301,0.5063,0.0315,0.0966,0.01527,0.07283,-0.00388,-5.00,0.00,0.00,42.8,125.63,634.84,259.65,DESCEND
8.6402,0.6963,0.2115,0.0266,0.02727,0.08183,-0.00388,-5.00,0.00,0.00,42.9,125.63,634.84,259.59,DESCEND
8.6503,0.7763,0.2015,0.0066,0.01227,0.07883,-0.00588,-5.00,0.00,0.00,42.9,125.63,634.85,259.55,DESCEND
8.6605,0.5963,0.3715,-0.1733,0.00927,0.07783,-0.00588,-5.00,0.00,0.00,43.0,125.63,634.85,259.49,DESCEND
8.6706,0.6663,0.2215,0.2766,0.02727,0.09183,-0.00688,-5.00,0.00,0.00,43.0,125.63,634.85,259.45,DESCEND
8.6807,0.3663,0.1315,0.4066,-0.00072,0.09483,-0.00588,-5.00,0.00,0.00,43.1,125.63,634.85,259.39,DESCEND
8.6908,0.6763,-0.2084,0.0566,0.01927,0.08183,-0.01088,-5.00,0.00,0.00,43.1,125.63,634.85,259.35,DESCEND
8.7010,0.6663,-0.0684,0.5466,0.02827,0.10783,-0.00988,-5.00,0.00,0.00,43.2,125.63,634.86,259.29,DESCEND
8.7111,0.5863,0.1715,0.2266,0.02327,0.10083,-0.00588,-5.00,0.00,0.00,43.2,125.63,634.86,259.25,DESCEND
8.7212,0.7063,-0.1084,0.5066,0.02427,0.10083,-0.00888,-5.00,0.00,0.00,43.3,125.63,634.86,259.19,DESCEND
8.7313,0.6563,0.5415,-0.1133,0.00827,0.08883,-0.00388,-5.00,0.00,0.00,43.3,125.63,634.86,259.15,DESCEND
8.7414,0.6163,0.0015,0.5266,0.00827,0.10583,-0.00588,-5.00,0.00,0.00,43.4,125.63,634.86,259.09,DESCEND
8.7516,0.5863,0.2415,0.1866,0.00627,0.10483,-0.01188,-5.00,0.00,0.00,43.4,125.63,634.87,259.03,DESCEND
8.7617,0.8763,0.0915,0.0566,0.02527,0.13183,-0.01188,-5.00,0.00,0.00,43.5,125.63,634.87,258.99,DESCEND
8.7718,0.7463,0.0515,0.2166,0.00927,0.13283,-0.01388,-5.00,0.00,0.00,43.5,125.63,634.87,258.93,DESCEND
8.7819,1.1263,-0.0984,0.1266,0.02027,0.14183,-0.02088,-5.00,0.00,0.00,43.6,125.63,634.87,258.89,DESCEND
8.7920,0.8663,0.1515,0.0166,0.00527,0.14383,-0.01588,-5.00,0.00,0.00,43.6,125.63,634.87,258.83,SEARCH_Y
8.8021,0.9763,0.0715,0.1766,0.01827,0.15683,-0.01988,0.00,-3.00,0.00,43.7,125.63,634.87,258.79,SEARCH_Y
8.8122,0.9063,0.0315,-0.0733,0.01227,0.16183,-0.01888,0.00,-3.00,0.00,43.7,125.63,634.88,258.73,SEARCH_Y
8.8223,1.1263,-0.1184,0.1366,0.02927,0.17583,-0.02288,0.00,-3.00,0.00,43.8,125.63,634.88,258.70,SEARCH_Y
8.8325,1.1763,-0.1184,0.1366,0.03427,0.17983,-0.02288,0.00,-3.00,0.00,43.8,125.63,634.88,258.65,SEARCH_Y
8.8426,1.1563,0.2615,-0.3233,0.02127,0.18483,-0.02688,0.00,-3.00,0.00,43.8,125.62,634.88,258.61,SEARCH_Y
8.8527,1.0863,-0.0684,0.0566,0.02427,0.20983,-0.02588,0.00,-3.00,0.00,43.9,125.61,634.88,258.57,SEARCH_Y
8.8628,1.0563,0.4715,-0.1633,0.00627,0.19083,-0.02388,0.00,-3.00,0.00,43.9,125.60,634.88,258.54,SEARCH_Y
8.8729,1.2663,0.1415,-0.0833,0.01927,0.19583,-0.02888,0.00,-3.00,0.00,43.9,125.59,634.88,258.51,SEARCH_Y
8.8830,1.2363,0.2315,-0.4133,0.01827,0.21183,-0.02888,0.00,-3.00,0.00,44.0,125.58,634.88,258.48,SEARCH_Y
8.8932,1.4463,-0.0084,-0.0533,0.03927,0.22183,-0.03088,0.00,-3.00,0.00,44.0,125.56,634.88,258.45,SEARCH_Y
8.9033,0.9863,0.2215,-0.0833,0.01827,0.23183,-0.03388,0.00,-3.00,0.00,44.0,125.55,634.89,258.44,SEARCH_Y
8.9134,1.5563,0.0915,-0.2133,0.03127,0.22583,-0.03388,0.00,-3.00,0.00,44.0,125.52,634.89,258.42,SEARCH_Y
8.9235,1.2263,-0.1284,0.3266,0.03827,0.24683,-0.03488,0.00,-3.00,0.00,44.1,125.50,634.88,258.40,SEARCH_Y
8.9337,1.2363,0.5915,-0.2833,-0.01072,0.21183,-0.03288,0.00,-3.00,0.00,44.1,125.48,634.88,258.39,SEARCH_Y
8.9438,1.5463,-0.0784,0.1166,0.03027,0.24183,-0.03988,0.00,-3.00,0.00,44.1,125.45,634.88,258.38,SEARCH_Y
8.9539,1.4663,0.0515,-0.0033,0.02127,0.23383,-0.03388,0.00,-3.00,0.00,44.1,125.43,634.88,258.38,SEARCH_Y
8.9641,1.2163,-0.1584,0.1766,0.02427,0.24483,-0.03888,0.00,-3.00,0.00,44.1,125.39,634.88,258.38,SEARCH_Y
8.9742,1.5063,0.1815,-0.1333,0.04127,0.24783,-0.03288,0.00,-3.00,0.00,44.1,125.37,634.88,258.38,SEARCH_Y
8.9843,1.4063,0.0315,0.1966,0.01227,0.23283,-0.03688,0.00,-3.00,0.00,44.1,125.33,634.88,258.38,SEARCH_Y
8.9944,1.4563,0.0315,0.1066,0.03227,0.23783,-0.03888,0.00,-3.00,0.00,44.1,125.31,634.88,258.38,SEARCH_Y
9.0045,1.2663,0.1515,0.1366,0.02527,0.24383,-0.03488,0.00,-3.00,0.00,44.1,125.27,634.88,258.38,SEARCH_Y
9.0146,1.3563,0.3015,-0.1233,0.04227,0.24083,-0.03188,0.00,-3.00,0.00,44.1,125.25,634.88,258.38,SEARCH_Y
9.0248,1.3163,-0.2684,0.3366,0.02527,0.24383,-0.03788,0.00,-3.00,0.00,44.1,125.21,634.88,258.37,SEARCH_Y
9.0349,1.4163,0.0515,-0.0033,0.02827,0.22283,-0.03388,0.00,-3.00,0.00,44.1,125.19,634.88,258.37,SEARCH_Y
9.0450,1.1863,0.3515,-0.0033,0.01427,0.23583,-0.03388,0.00,-3.00,0.00,44.1,125.15,634.88,258.37,SEARCH_Y
9.0551,1.4063,-0.0684,0.2066,0.03027,0.24083,-0.03388,0.00,-3.00,0.00,44.1,125.13,634.87,258.37,SEARCH_Y
9.0652,1.4363,0.4915,-0.1633,-0.01172,0.21983,-0.03688,0.00,-3.00,0.00,44.1,125.09,634.87,258.37,SEARCH_Y
9.0753,1.1363,0.1415,-0.0033,-0.00772,0.22883,-0.03888,0.00,-3.00,0.00,44.1,125.07,634.87,258.37,SEARCH_Y
9.0854,1.4763,0.6115,-0.0433,-0.00972,0.21383,-0.03488,0.00,-3.00,0.00,44.1,125.03,634.87,258.37,SEARCH_Y
9.0956,1.4863,0.2315,-0.0533,-0.01072,0.22283,-0.03888,0.00,-3.00,0.00,44.1,125.01,634.87,258.37,SEARCH_Y
9.1057,1.2363,0.0315,0.4766,-0.01872,0.23683,-0.03688,0.00,-3.00,0.00,44.1,124.97,634.87,258.37,SEARCH_Y
9.1158,1.5763,-0.1384,0.1266,0.02227,0.24483,-0.03988,0.00,-3.00,0.00,44.1,124.94,634.87,258.37,SEARCH_Y
9.1260,1.4063,0.1415,0.3466,-0.00072,0.23083,-0.03988,0.00,-3.00,0.00,44.1,124.91,634.87,258.37,SEARCH_Y
9.1361,1.3363,-0.0184,0.3566,0.00027,0.24183,-0.03888,0.00,-3.00,0.00,44.1,124.87,634.87,258.37,SEARCH_Y
9.1462,1.6463,0.2815,0.0866,-0.00072,0.22983,-0.03588,0.00,-3.00,0.00,44.1,124.85,634.87,258.37,SEARCH_Y
9.1563,1.3963,0.1315,-0.0233,-0.00272,0.23883,-0.03988,0.00,-3.00,0.00,44.1,124.81,634.87,258.37,SEARCH_Y
9.1664,1.4063,0.3815,-0.0333,0.00627,0.24483,-0.03788,0.00,-3.00,0.00,44.1,124.79,634.87,258.37,SEARCH_Y
9.1766,1.4263,0.2215,0.0766,-0.01472,0.23883,-0.03588,0.00,-3.00,0.00,44.1,124.75,634.86,258.37,SEARCH_Y
9.1867,1.6563,0.2815,0.0566,0.00727,0.23583,-0.04088,0.00,-3.00,0.00,44.1,124.73,634.86,258.37,SEARCH_Y
9.1968,1.4763,0.4715,-0.2133,-0.00572,0.24083,-0.03988,0.00,-3.00,0.00,44.1,124.69,634.86,258.37,SEARCH_Y
9.2069,1.3263,0.1915,0.0666,-0.02272,0.24683,-0.04288,0.00,-3.00,0.00,44.1,124.67,634.86,258.37,SEARCH_Y
9.2170,1.3863,0.0015,0.2566,0.00827,0.25783,-0.04388,0.00,-3.00,0.00,44.1,124.63,634.86,258.37,SEARCH_Y
9.2271,1.4363,0.3315,0.0466,-0.01272,0.24983,-0.03688,0.00,-3.00,0.00,44.1,124.61,634.86,258.37,SEARCH_Y
9.2372,1.5763,0.2115,0.2066,0.00027,0.24583,-0.04288,0.00,-3.00,0.00,44.1,124.57,634.86,258.37,SEARCH_Y
9.2473,1.1963,0.1115,0.1966,-0.01872,0.25383,-0.04388,0.00,-3.00,0.00,44.1,124.54,634.86,258.37,SEARCH_Y
9.2574,1.5763,0.2715,-0.0433,0.00227,0.24683,-0.03988,0.00,-3.00,0.00,44.1,124.51,634.86,258.37,SEARCH_Y
9.2675,1.2963,0.0015,0.0566,-0.02272,0.24883,-0.04288,0.00,-3.00,0.00,44.1,124.48,634.86,258.37,SEARCH_Y
9.2776,1.5563,0.3915,0.1166,0.00427,0.25483,-0.04388,0.00,-3.00,0.00,44.1,124.45,634.86,258.37,SEARCH_Y
9.2878,1.4063,0.5015,-0.0433,-0.00472,0.24883,-0.03988,0.00,-3.00,0.00,44.1,124.42,634.85,258.37,SEARCH_Y
9.2979,1.4463,-0.0084,0.2966,-0.00072,0.25683,-0.04788,0.00,-3.00,0.00,44.1,124.39,634.85,258.37,SEARCH_Y
9.3080,1.5963,0.5215,0.1366,0.00627,0.24883,-0.03788,0.00,-3.00,0.00,44.1,124.36,634.85,258.37,SEARCH_Y
9.3181,1.6963,-0.0284,0.1566,0.01227,0.25183,-0.04288,0.00,-3.00,0.00,44.1,124.33,634.85,258.37,SEARCH_Y
9.3282,1.5263,0.5415,-0.1533,-0.01772,0.23683,-0.04188,0.00,-3.00,0.00,44.1,124.30,634.85,258.37,SEARCH_Y
9.3383,1.4563,0.2315,0.2066,0.00227,0.25383,-0.04188,0.00,-3.00,0.00,44.1,124.27,634.85,258.37,SEARCH_Y
9.3484,1.5063,0.0515,-0.1033,-0.02072,0.23383,-0.04388,0.00,-3.00,0.00,44.1,124.24,634.85,258.37,SEARCH_Y
9.3585,1.4263,0.5015,-0.2033,-0.00472,0.24583,-0.03788,0.00,-3.00,0.00,44.1,124.21,634.85,258.37,SEARCH_Y
9.3686,1.5863,0.4215,-0.1233,-0.00172,0.23783,-0.04088,0.00,-3.00,0.00,44.1,124.18,634.85,258.37,SEARCH_Y
9.3787,1.4663,0.4715,0.1066,-0.01872,0.23783,-0.04088,0.00,-3.00,0.00,44.1,124.15,634.85,258.37,SEARCH_Y
9.3888,1.3063,0.1815,-0.2833,-0.00972,0.24083,-0.03888,0.00,-3.00,0.00,44.1,124.12,634.85,258.37,SEARCH_Y
9.3989,1.4863,0.5615,-0.4233,-0.00672,0.23283,-0.03688,0.00,-3.00,0.00,44.1,124.09,634.85,258.37,SEARCH_Y
9.4090,1.3963,-0.0284,0.2966,-0.01172,0.23883,-0.03888,0.00,-3.00,0.00,44.1,124.06,634.84,258.37,SEARCH_Y
9.4191,1.6063,0.2115,-0.3533,0.01227,0.23683,-0.03888,0.00,-3.00,0.00,44.1,124.03,634.84,258.37,SEARCH_Y
9.4292,1.3363,0.3115,0.3466,0.00427,0.24783,-0.04188,0.00,-3.00,0.00,44.1,124.00,634.84,258.37,SEARCH_Y
9.4393,1.2663,0.1015,0.0466,-0.01572,0.23683,-0.03888,0.00,-3.00,0.00,44.1,123.96,634.84,258.37,SEARCH_Y
9.4494,1.4263,0.3315,0.0266,-0.00172,0.24583,-0.04188,0.00,-3.00,0.00,44.1,123.94,634.84,258.37,SEARCH_Y
9.4595,1.2063,0.4415,-0.0033,-0.00972,0.23783,-0.03788,0.00,-3.00,0.00,44.1,123.90,634.84,258.37,SEARCH_Y
9.4697,1.2563,0.1615,-0.0133,0.00327,0.24183,-0.04188,0.00,-3.00,0.00,44.1,123.88,634.84,258.37,SEARCH_Y
9.4798,1.4763,0.1315,0.0966,-0.00672,0.22283,-0.03488,0.00,-3.00,0.00,44.1,123.84,634.84,258.37,SEARCH_Y
9.4899,1.2663,0.1615,0.2866,-0.01172,0.23383,-0.04088,0.00,-3.00,0.00,44.1,123.82,634.84,258.37,SEARCH_Y
9.5000,1.3063,0.1115,0.1566,-0.00972,0.23183,-0.03488,0.00,-3.00,0.00,44.1,123.78,634.84,258.37,SEARCH_Y
9.5101,1.4663,0.1015,0.1466,-0.00072,0.23083,-0.04088,0.00,-3.00,0.00,44.1,123.75,634.84,258.37,SEARCH_Y
9.5203,1.2563,0.2515,0.0166,-0.02272,0.22683,-0.03988,0.00,-3.00,0.00,44.1,123.72,634.83,258.37,SEARCH_Y
9.5304,1.3763,0.4715,-0.1833,-0.02672,0.22483,-0.03788,0.00,-3.00,0.00,44.1,123.69,634.83,258.37,SEARCH_Y
9.5405,1.3763,0.3915,-0.2733,-0.01072,0.22783,-0.03588,0.00,-3.00,0.00,44.1,123.66,634.83,258.37,SEARCH_Y
9.5507,1.3763,0.3715,0.0366,-0.02872,0.21983,-0.03788,0.00,-3.00,0.00,44.1,123.63,634.83,258.37,SEARCH_Y
9.5608,1.2963,0.3115,0.4466,-0.00972,0.24083,-0.03688,0.00,-3.00,0.00,44.1,123.60,634.83,258.37,SEARCH_Y
9.5709,1.2963,0.3915,-0.0033,-0.02872,0.21983,-0.03488,0.00,-3.00,0.00,44.1,123.57,634.83,258.37,SEARCH_Y
9.5810,1.2563,0.1215,0.0866,-0.02972,0.22483,-0.03788,0.00,-3.00,0.00,44.1,123.54,634.83,258.37,SEARCH_Y
9.5911,1.2763,0.5715,-0.4233,-0.01972,0.21783,-0.03388,0.00,-3.00,0.00,44.1,123.51,634.83,258.37,SEARCH_Y
9.6012,1.1663,0.1215,0.1766,-0.00272,0.23683,-0.04088,0.00,-3.00,0.00,44.1,123.48,634.83,258.37,SEARCH_Y
9.6114,1.4063,0.3915,-0.0733,-0.01672,0.22483,-0.03688,0.00,-3.00,0.00,44.1,123.44,634.83,258.37,SEARCH_Y
9.6215,1.4263,-0.0884,0.0966,-0.00572,0.23083,-0.03588,0.00,-3.00,0.00,44.1,123.42,634.83,258.37,SEARCH_Y
9.6316,1.1363,0.0515,0.1466,-0.02072,0.24183,-0.04088,0.00,-3.00,0.00,44.1,123.38,634.82,258.37,SEARCH_Y
9.6417,1.4563,0.2815,0.1166,-0.01272,0.22783,-0.03788,0.00,-3.00,0.00,44.1,123.36,634.82,258.37,SEARCH_Y
9.6518,1.4463,0.4915,-0.3233,-0.00072,0.22983,-0.03488,0.00,-3.00,0.00,44.1,123.32,634.82,258.37,SEARCH_Y
9.6619,1.3263,0.0615,0.1566,0.00027,0.24083,-0.03888,0.00,-3.00,0.00,44.1,123.30,634.82,258.37,SEARCH_Y
9.6721,1.2963,0.0615,-0.2533,-0.01972,0.21383,-0.03988,0.00,-3.00,0.00,44.1,123.26,634.82,258.37,SEARCH_Y
9.6822,1.4163,0.2915,-0.1733,-0.01072,0.22083,-0.03388,0.00,-3.00,0.00,44.1,123.24,634.82,258.37,SEARCH_Y
9.6923,1.4363,0.2715,-0.0833,-0.01872,0.22283,-0.03988,0.00,-3.00,0.00,44.1,123.20,634.82,258.36,SEARCH_Y
9.7024,1.3463,0.1415,-0.0633,-0.01772,0.22083,-0.03788,0.00,-3.00,0.00,44.1,123.18,634.82,258.36,SEARCH_Y
9.7126,1.4663,0.2915,-0.1733,-0.01672,0.21683,-0.03788,0.00,-3.00,0.00,44.1,123.14,634.82,258.36,SEARCH_Y
9.7227,1.3263,0.2715,-0.4133,-0.01572,0.21183,-0.03588,0.00,-3.00,0.00,44.1,123.12,634.82,258.36,SEARCH_Y
9.7328,1.2263,0.0815,0.2666,-0.01372,0.23383,-0.03788,0.00,-3.00,0.00,44.2,123.08,634.82,258.36,SEARCH_Y
9.7429,1.5463,0.1715,0.0066,0.00127,0.22083,-0.03688,0.00,-3.00,0.00,44.2,123.06,634.82,258.36,SEARCH_Y
9.7531,1.3663,0.0815,-0.2633,-0.00172,0.22283,-0.03588,0.00,-3.00,0.00,44.2,123.02,634.81,258.36,SEARCH_Y
9.7632,1.4463,0.3815,-0.2433,0.01227,0.22883,-0.03588,0.00,-3.00,0.00,44.2,123.00,634.81,258.36,SEARCH_Y
9.7733,1.4963,0.0415,0.0566,-0.00872,0.22683,-0.03788,0.00,-3.00,0.00,44.2,122.96,634.81,258.36,SEARCH_Y
9.7834,1.2563,0.2915,-0.3233,-0.02372,0.21683,-0.03588,0.00,-3.00,0.00,44.2,122.94,634.81,258.36,SEARCH_Y
9.7935,1.3163,-0.0384,-0.2433,-0.02572,0.20783,-0.03688,0.00,-3.00,0.00,44.2,122.90,634.81,258.36,SEARCH_Y
9.8036,1.2463,0.1315,-0.1933,-0.00872,0.21983,-0.03388,0.00,-3.00,0.00,44.2,122.86,634.81,258.36,SEARCH_Y
9.8138,1.2863,0.1015,-0.0133,-0.00872,0.22083,-0.03988,0.00,-3.00,0.00,44.2,122.84,634.81,258.36,SEARCH_Y
9.8239,1.2763,-0.0084,-0.1833,-0.01972,0.21883,-0.03588,0.00,-3.00,0.00,44.2,122.80,634.81,258.36,SEARCH_Y
9.8340,1.0463,0.3015,-0.3533,-0.02572,0.22283,-0.03588,0.00,-3.00,0.00,44.2,122.78,634.81,258.36,SEARCH_Y
9.8441,1.1963,0.2315,-0.3033,-0.02072,0.21383,-0.03388,0.00,-3.00,0.00,44.2,122.74,634.81,258.36,SEARCH_Y
9.8542,1.1763,0.0415,0.3066,-0.02472,0.22683,-0.03788,0.00,-3.00,0.00,44.2,122.72,634.81,258.36,SEARCH_Y
9.8644,1.2763,0.2315,-0.0333,-0.01872,0.21983,-0.03388,0.00,-3.00,0.00,44.2,122.68,634.80,258.36,SEARCH_Y
9.8745,1.3563,0.2215,-0.0733,-0.00672,0.21983,-0.03588,0.00,-3.00,0.00,44.2,122.66,634.80,258.36,SEARCH_Y
9.8846,1.0063,0.4415,-0.1133,-0.03372,0.22283,-0.03288,0.00,-3.00,0.00,44.2,122.62,634.80,258.36,SEARCH_Y
9.8947,1.4963,0.1115,-0.2933,-0.01372,0.20683,-0.03888,0.00,-3.00,0.00,44.2,122.60,634.80,258.36,SEARCH_Y
9.9048,1.4663,-0.0384,-0.0333,-0.00072,0.21583,-0.03888,0.00,-3.00,0.00,44.2,122.56,634.80,258.36,SEARCH_Y
9.9149,1.2063,0.2615,-0.2133,-0.03172,0.20483,-0.03488,0.00,-3.00,0.00,44.2,122.54,634.80,258.36,SEARCH_Y
9.9250,1.1963,0.2515,-0.1433,-0.02872,0.21583,-0.03588,0.00,-3.00,0.00,44.2,122.50,634.80,258.36,SEARCH_Y
9.9351,1.3063,-0.3084,0.1466,-0.01172,0.22283,-0.03688,0.00,-3.00,0.00,44.2,122.48,634.80,258.36,SEARCH_Y
9.9452,1.2063,0.3215,-0.2933,-0.03172,0.20583,-0.03288,0.00,-3.00,0.00,44.2,122.44,634.80,258.36,SEARCH_Y
9.9554,1.2663,0.0115,-0.1833,-0.02672,0.20383,-0.03788,0.00,-3.00,0.00,44.2,122.41,634.80,258.36,SEARCH_Y
9.9655,1.2163,0.0715,-0.2433,-0.00972,0.21083,-0.03388,0.00,-3.00,0.00,44.2,122.38,634.80,258.36,SEARCH_Y
9.9756,1.2263,0.1915,-0.1933,-0.01272,0.21283,-0.03388,0.00,-3.00,0.00,44.2,122.35,634.79,258.36,SEARCH_Y
9.9857,1.2563,-0.1384,0.0666,-0.02072,0.20683,-0.03388,0.00,-3.00,0.00,44.2,122.32,634.79,258.36,SEARCH_Y
9.9959,1.2563,0.5415,-0.6233,-0.02472,0.19583,-0.02788,0.00,-3.00,0.00,44.2,122.29,634.79,258.36,SEARCH_Y
10.0060,1.2963,0.3315,-0.3133,-0.00472,0.21183,-0.03088,0.00,-3.00,0.00,44.2,122.26,634.79,258.36,SEARCH_Y
10.0161,1.3763,0.0915,-0.1233,-0.01372,0.20683,-0.03888,0.00,-3.00,0.00,44.2,122.23,634.79,258.36,SEARCH_Y
10.0262,1.3663,0.0815,-0.1933,-0.04072,0.19383,-0.03988,0.00,-3.00,0.00,44.2,122.20,634.79,258.36,SEARCH_Y
10.0363,1.3963,0.0415,-0.2633,-0.01772,0.20183,-0.03388,0.00,-3.00,0.00,44.2,122.17,634.79,258.36,SEARCH_Y
10.0465,1.3863,0.2915,-0.6833,-0.02772,0.18583,-0.03188,0.00,-3.00,0.00,44.2,122.14,634.79,258.36,SEARCH_Y
10.0566,1.0463,0.2415,-0.1633,-0.03772,0.20183,-0.02988,0.00,-3.00,0.00,44.2,122.11,634.79,258.36,SEARCH_Y
10.0667,0.9763,0.2015,-0.3033,-0.02172,0.20683,-0.02988,0.00,-3.00,0.00,44.2,122.08,634.79,258.36,SEARCH_Y
10.0768,1.2563,0.3015,-0.1733,-0.00972,0.20483,-0.03288,0.00,-3.00,0.00,44.2,122.05,634.79,258.36,SEARCH_Y
10.0869,1.3563,0.4315,-0.5933,-0.01172,0.20483,-0.03288,0.00,-3.00,0.00,44.2,122.02,634.79,258.36,SEARCH_Y
10.0971,1.3663,-0.1584,0.1166,-0.01672,0.20283,-0.03488,0.00,-3.00,0.00,44.2,121.98,634.78,258.36,SEARCH_Y
10.1072,1.0163,0.0515,-0.2433,-0.03472,0.19883,-0.03388,0.00,-3.00,0.00,44.2,121.96,634.78,258.36,SEARCH_Y
10.1173,1.3563,-0.0784,-0.1733,0.00127,0.20683,-0.03288,0.00,-3.00,0.00,44.2,121.92,634.78,258.36,SEARCH_Y
10.1275,1.3263,-0.0184,-0.2333,-0.00772,0.20583,-0.03488,0.00,-3.00,0.00,44.2,121.89,634.78,258.36,SEARCH_Y
10.1375,1.2963,0.3315,-0.4233,-0.02072,0.19583,-0.03088,0.00,-3.00,0.00,44.2,121.86,634.78,258.36,SEARCH_Y
10.1476,1.2263,0.2715,-0.3533,-0.02272,0.19883,-0.03588,0.00,-3.00,0.00,44.2,121.83,634.78,258.36,SEARCH_Y
10.1578,1.4363,0.2015,-0.5833,-0.01772,0.18583,-0.03088,0.00,-3.00,0.00,44.2,121.80,634.78,258.36,SEARCH_Y
10.1679,1.1563,0.0615,-0.0033,-0.01772,0.20983,-0.03588,0.00,-3.00,0.00,44.2,121.77,634.78,258.36,SEARCH_Y
10.1780,1.1563,0.1315,-0.0233,-0.01972,0.20183,-0.03488,0.00,-3.00,0.00,44.3,121.74,634.78,258.36,SEARCH_Y
10.1881,1.1563,0.0115,-0.2833,-0.00572,0.20683,-0.03588,0.00,-3.00,0.00,44.3,121.71,634.78,258.36,SEARCH_Y
10.1983,1.0163,0.0215,-0.1033,-0.01872,0.20883,-0.03388,0.00,-3.00,0.00,44.3,121.68,634.78,258.36,SEARCH_Y
10.2084,1.2663,0.1115,-0.1033,-0.00872,0.20083,-0.03188,0.00,-3.00,0.00,44.3,121.65,634.77,258.36,SEARCH_Y
10.2185,1.1563,0.1915,-0.3733,-0.03472,0.19483,-0.03388,0.00,-3.00,0.00,44.3,121.62,634.77,258.36,SEARCH_Y
10.2286,1.0963,0.4215,-0.2533,-0.01972,0.19783,-0.03288,0.00,-3.00,0.00,44.3,121.59,634.77,258.36,SEARCH_Y
10.2387,1.1663,0.2115,-0.6833,-0.03472,0.18583,-0.03388,0.00,-3.00,0.00,44.3,121.56,634.77,258.36,SEARCH_Y
10.2488,0.9463,0.2415,-0.4933,-0.04172,0.19183,-0.03088,0.00,-3.00,0.00,44.3,121.53,634.77,258.36,SEARCH_Y
10.2589,1.0963,0.4115,-0.2833,-0.02272,0.19883,-0.03488,0.00,-3.00,0.00,44.3,121.50,634.77,258.36,SEARCH_Y
10.2691,1.2563,0.1915,-0.3133,-0.03572,0.18783,-0.03288,0.00,-3.00,0.00,44.3,121.47,634.77,258.36,SEARCH_Y
10.2792,1.2263,0.2115,-0.0533,-0.01172,0.19883,-0.03288,0.00,-3.00,0.00,44.3,121.44,634.77,258.36,SEARCH_Y
10.2893,0.9663,0.1815,-0.2233,-0.02272,0.19783,-0.03088,0.00,-3.00,0.00,44.3,121.41,634.77,258.36,SEARCH_Y
10.2994,1.2663,0.2915,-0.1833,-0.01272,0.19883,-0.03188,0.00,-3.00,0.00,44.3,121.37,634.77,258.36,SEARCH_Y
10.3095,1.1263,0.1015,-0.2933,-0.01772,0.19483,-0.03188,0.00,-3.00,0.00,44.3,121.35,634.77,258.36,SEARCH_Y
10.3196,1.2963,-0.0784,-0.4533,-0.01472,0.19583,-0.03588,0.00,-3.00,0.00,44.3,121.31,634.77,258.36,SEARCH_Y
10.3297,1.2063,0.0115,-0.3233,-0.00872,0.19983,-0.03488,0.00,-3.00,0.00,44.3,121.29,634.76,258.36,SEARCH_Y
10.3398,1.1363,-0.0484,-0.1933,-0.01572,0.20183,-0.03588,0.00,-3.00,0.00,44.3,121.25,634.76,258.36,SEARCH_Y
10.3500,0.9963,0.5715,-0.7233,-0.03272,0.18683,-0.03088,0.00,-3.00,0.00,44.3,121.23,634.76,258.36,SEARCH_Y
10.3601,1.2063,0.4115,-0.5733,-0.01972,0.18483,-0.03288,0.00,-3.00,0.00,44.3,121.19,634.76,258.35,SEARCH_Y
10.3702,1.1263,0.0815,-0.3533,-0.00872,0.19983,-0.03288,0.00,-3.00,0.00,44.3,121.17,634.76,258.35,SEARCH_Y
10.3803,1.2563,-0.0684,-0.3733,-0.03172,0.17883,-0.03488,0.00,-3.00,0.00,44.3,121.13,634.76,258.35,SEARCH_Y
10.3904,1.3363,0.5815,-0.4133,-0.01672,0.18383,-0.03188,0.00,-3.00,0.00,44.3,121.11,634.76,258.35,SEARCH_Y
10.4005,1.3963,0.3915,-0.3533,-0.01672,0.18983,-0.03588,0.00,-3.00,0.00,44.3,121.07,634.76,258.35,SEARCH_Y
10.4107,1.2463,0.3615,-0.3533,-0.02072,0.18583,-0.03188,0.00,-3.00,0.00,44.3,121.05,634.76,258.35,SEARCH_Y
10.4208,1.0763,0.0415,-0.3433,-0.01972,0.18983,-0.03188,0.00,-3.00,0.00,44.3,121.01,634.76,258.35,SEARCH_Y
10.4309,1.2063,0.2715,-0.2033,-0.00772,0.20083,-0.03288,0.00,-3.00,0.00,44.3,120.99,634.76,258.35,SEARCH_Y
10.4411,1.1863,0.2215,-0.2933,-0.01572,0.18883,-0.03188,0.00,-3.00,0.00,44.3,120.95,634.75,258.35,SEARCH_Y
10.4512,1.1963,0.3415,-0.5333,-0.04272,0.17383,-0.03288,0.00,-3.00,0.00,44.3,120.93,634.75,258.35,SEARCH_Y
10.4613,1.0563,0.3015,0.0966,-0.02972,0.19783,-0.03188,0.00,-3.00,0.00,44.3,120.89,634.75,258.35,SEARCH_Y
10.4714,1.1663,0.1115,-0.1233,-0.02272,0.18783,-0.03288,0.00,-3.00,0.00,44.3,120.85,634.75,258.35,SEARCH_Y
10.4815,0.8663,-0.0384,-0.1733,-0.03372,0.19583,-0.03188,0.00,-3.00,0.00,44.3,120.83,634.75,258.35,SEARCH_Y
10.4916,1.0363,0.0215,-0.1033,-0.03772,0.19183,-0.03188,0.00,-3.00,0.00,44.3,120.79,634.75,258.35,SEARCH_Y
10.5018,1.2263,0.2015,-0.3533,-0.03072,0.17983,-0.03588,0.00,-3.00,0.00,44.3,120.77,634.75,258.35,SEARCH_Y
10.5119,1.1563,-0.0784,-0.1833,-0.01972,0.18883,-0.03288,0.00,-3.00,0.00,44.4,120.73,634.75,258.35,SEARCH_Y
10.5220,1.1563,0.5615,-0.3433,-0.00972,0.18983,-0.03188,0.00,-3.00,0.00,44.4,120.71,634.75,258.35,SEARCH_Y
10.5321,1.0763,0.0015,-0.1733,-0.00972,0.19383,-0.03188,0.00,-3.00,0.00,44.4,120.67,634.75,258.35,SEARCH_Y
10.5422,1.1763,0.3815,-0.3033,-0.02172,0.18883,-0.03288,0.00,-3.00,0.00,44.4,120.65,634.75,258.35,SEARCH_Y
10.5524,1.2063,0.4915,-0.4633,-0.01372,0.19683,-0.03188,0.00,-3.00,0.00,44.4,120.61,634.75,258.35,SEARCH_Y
10.5625,1.2063,0.1215,-0.3433,-0.00972,0.19283,-0.03188,0.00,-3.00,0.00,44.4,120.59,634.74,258.35,SEARCH_Y
10.5726,1.1363,0.4815,-0.3933,-0.03772,0.17183,-0.02788,0.00,-3.00,0.00,44.4,120.55,634.74,258.35,SEARCH_Y
10.5827,1.1263,0.7015,-0.6433,-0.02472,0.17783,-0.02888,0.00,-3.00,0.00,44.4,120.53,634.74,258.35,SEARCH_Y
10.5929,1.3563,0.1515,-0.0833,-0.00372,0.18983,-0.03388,0.00,-3.00,0.00,44.4,120.49,634.74,258.35,SEARCH_Y
10.6030,0.9563,0.1115,-0.3233,-0.02372,0.18383,-0.03188,0.00,-3.00,0.00,44.4,120.47,634.74,258.35,SEARCH_Y
10.6131,1.1663,0.1315,-0.1233,-0.00672,0.18683,-0.03088,0.00,-3.00,0.00,44.4,120.43,634.74,258.35,SEARCH_Y
10.6232,1.1163,0.5115,-0.5633,-0.04572,0.16783,-0.03188,0.00,-3.00,0.00,44.4,120.41,634.74,258.35,SEARCH_Y
10.6333,1.0963,0.3415,-0.0533,-0.02572,0.18683,-0.02988,0.00,-3.00,0.00,44.4,120.37,634.74,258.35,SEARCH_Y
10.6434,0.9863,-0.0684,-0.1933,-0.02272,0.19083,-0.03288,0.00,-3.00,0.00,44.4,120.34,634.74,258.35,SEARCH_Y
10.6535,1.0663,0.4615,-0.4833,-0.03172,0.17983,-0.02888,0.00,-3.00,0.00,44.4,120.31,634.74,258.35,SEARCH_Y
10.6636,1.0463,0.4215,-0.3833,-0.02272,0.19183,-0.02888,0.00,-3.00,0.00,44.4,120.28,634.74,258.35,SEARCH_Y
10.6737,0.8763,0.5115,-0.2933,-0.04872,0.19283,-0.02488,0.00,-3.00,0.00,44.4,120.25,634.73,258.35,SEARCH_Y
10.6838,1.1563,0.1815,-0.1533,-0.04572,0.18083,-0.03188,0.00,-3.00,0.00,44.4,120.21,634.73,258.35,SEARCH_Y
10.6939,1.2063,0.9115,-0.7633,-0.06372,0.16883,-0.02588,0.00,-3.00,0.00,44.4,120.19,634.73,258.35,SEARCH_Y
10.7041,1.1463,0.2615,-0.2133,-0.04172,0.18383,-0.02588,0.00,-3.00,0.00,44.4,120.15,634.73,258.35,SEARCH_Y
10.7142,1.0363,0.3415,-0.1733,-0.05072,0.18783,-0.03088,0.00,-3.00,0.00,44.4,120.13,634.73,258.35,SEARCH_Y
10.7243,0.9963,0.5415,-0.3533,-0.07572,0.16783,-0.02488,0.00,-3.00,0.00,44.4,120.09,634.73,258.35,SEARCH_Y
10.7344,1.0963,0.7415,-0.2733,-0.07572,0.17383,-0.02188,0.00,-3.00,0.00,44.4,120.07,634.73,258.35,SEARCH_Y
10.7445,1.0763,0.6615,-0.3533,-0.06872,0.17783,-0.02288,0.00,-3.00,0.00,44.4,120.03,634.73,258.35,SEARCH_Y
10.7547,1.2163,0.3515,0.1266,-0.08072,0.18483,-0.02788,0.00,-3.00,0.00,44.4,120.01,634.73,258.35,SEARCH_Y
10.7648,1.1263,0.6315,-0.1333,-0.08172,0.18983,-0.02188,0.00,-3.00,0.00,44.4,119.97,634.73,258.35,SEARCH_Y
10.7749,1.1663,0.7615,-0.1233,-0.08372,0.19083,-0.02588,0.00,-3.00,0.00,44.4,119.95,634.73,258.35,SEARCH_Y
10.7850,1.1663,0.8115,-0.0633,-0.09972,0.18683,-0.02288,0.00,-3.00,0.00,44.5,119.91,634.73,258.35,SEARCH_Y
10.7951,1.1363,1.0315,-0.3533,-0.10972,0.19283,-0.01888,0.00,-3.00,0.00,44.5,119.89,634.72,258.35,SEARCH_Y
10.8052,1.3263,0.7115,-0.1133,-0.09472,0.20083,-0.01988,0.00,-3.00,0.00,44.5,119.85,634.72,258.35,SEARCH_Y
10.8153,1.1563,0.8115,-0.1833,-0.11672,0.18683,-0.01888,0.00,-3.00,0.00,44.5,119.83,634.72,258.35,SEARCH_Y
10.8254,1.1563,0.8715,-0.4833,-0.14172,0.17583,-0.01688,0.00,-3.00,0.00,44.5,119.79,634.72,258.35,SEARCH_Y
10.8355,1.4063,0.8915,-0.3733,-0.12472,0.16983,-0.01288,0.00,-3.00,0.00,44.5,119.76,634.72,258.35,SEARCH_Y
10.8457,1.0363,1.0515,-0.0733,-0.14172,0.19183,-0.01288,0.00,-3.00,0.00,44.5,119.73,634.72,258.35,SEARCH_Y
10.8558,1.0363,1.0715,-0.3033,-0.16072,0.18083,-0.01288,0.00,-3.00,0.00,44.5,119.70,634.72,258.35,SEARCH_Z
10.8659,1.1863,1.0915,-0.2133,-0.14972,0.19283,-0.01688,0.00,0.00,3.00,44.5,119.67,634.72,258.35,SEARCH_Z
10.8761,1.1563,0.9515,0.0366,-0.14772,0.19183,-0.01588,0.00,0.00,3.00,44.5,119.64,634.72,258.35,SEARCH_Z
10.8862,1.1163,1.0515,0.0066,-0.15072,0.20283,-0.01288,0.00,0.00,3.00,44.5,119.62,634.72,258.35,SEARCH_Z
10.8963,1.0863,1.1215,-0.2633,-0.16272,0.19483,-0.01088,0.00,0.00,3.00,44.5,119.59,634.73,258.35,SEARCH_Z
10.9064,1.2763,1.1315,-0.1533,-0.16072,0.18883,-0.01088,0.00,0.00,3.00,44.5,119.57,634.73,258.35,SEARCH_Z
10.9165,1.0563,1.2615,-0.3033,-0.17772,0.19683,-0.01088,0.00,0.00,3.00,44.5,119.55,634.74,258.35,SEARCH_Z
10.9267,1.1663,1.0715,0.0466,-0.18572,0.19883,-0.01088,0.00,0.00,3.00,44.5,119.53,634.75,258.35,SEARCH_Z
10.9368,1.0963,1.4015,0.0066,-0.19272,0.19883,-0.01188,0.00,0.00,3.00,44.5,119.51,634.77,258.35,SEARCH_Z
10.9469,1.1663,1.0315,-0.2233,-0.19072,0.20083,-0.01288,0.00,0.00,3.00,44.5,119.50,634.79,258.35,SEARCH_Z
10.9570,1.1963,1.4315,-0.5333,-0.18672,0.18683,-0.00788,0.00,0.00,3.00,44.5,119.49,634.81,258.35,SEARCH_Z
10.9671,1.1163,1.0515,0.1066,-0.20572,0.21183,-0.01188,0.00,0.00,3.00,44.5,119.49,634.83,258.35,SEARCH_Z
10.9772,1.0363,1.6015,-0.4933,-0.21672,0.19483,-0.00488,0.00,0.00,3.00,44.5,119.48,634.86,258.35,SEARCH_Z
10.9873,1.3163,1.3915,-0.5633,-0.20572,0.18583,-0.00988,0.00,0.00,3.00,44.5,119.48,634.90,258.35,SEARCH_Z
10.9974,1.1863,1.2515,-0.3633,-0.22972,0.19283,-0.00988,0.00,0.00,3.00,44.5,119.48,634.92,258.35,SEARCH_Z
11.0075,1.2163,1.3415,-0.2433,-0.21972,0.20383,-0.00988,0.00,0.00,3.00,44.5,119.48,634.96,258.36,SEARCH_Z
11.0176,1.3563,1.1815,-0.1733,-0.19772,0.19983,-0.00888,0.00,0.00,3.00,44.5,119.48,634.98,258.36,SEARCH_Z
11.0277,1.1763,1.2015,-0.3033,-0.23172,0.19483,-0.00888,0.00,0.00,3.00,44.5,119.47,635.02,258.36,SEARCH_Z
11.0379,1.1263,1.5015,-0.5133,-0.22172,0.20483,-0.00788,0.00,0.00,3.00,44.5,119.47,635.04,258.36,SEARCH_Z
11.0480,1.3463,1.4415,-0.1033,-0.20972,0.20283,-0.00688,0.00,0.00,3.00,44.5,119.47,635.08,258.36,SEARCH_Z
11.0581,1.0963,1.5715,-0.5833,-0.21472,0.19983,-0.00488,0.00,0.00,3.00,44.5,119.47,635.10,258.36,SEARCH_Z
11.0682,1.2463,1.5315,-0.7933,-0.20972,0.17683,0.00011,0.00,0.00,3.00,44.5,119.47,635.14,258.36,SEARCH_Z
11.0783,1.1463,1.2815,-0.7833,-0.21972,0.17683,-0.00388,0.00,0.00,3.00,44.5,119.47,635.16,258.36,SEARCH_Z
11.0885,1.3763,1.1215,-0.3333,-0.20272,0.18683,-0.00188,0.00,0.00,3.00,44.5,119.47,635.20,258.36,SEARCH_Z
11.0986,1.4063,1.4715,-0.8533,-0.19572,0.19183,-0.00188,0.00,0.00,3.00,44.5,119.47,635.22,258.36,SEARCH_Z
11.1087,1.1663,1.7015,-0.7333,-0.22372,0.18783,-0.00188,0.00,0.00,3.00,44.5,119.47,635.26,258.37,SEARCH_Z
11.1188,1.2563,1.6215,-0.4433,-0.19972,0.20783,0.00211,0.00,0.00,3.00,44.5,119.46,635.28,258.37,SEARCH_Z
11.1290,1.1163,1.5615,-0.2733,-0.19272,0.21583,0.00411,0.00,0.00,3.00,44.5,119.46,635.32,258.37,SEARCH_Z
11.1391,1.5763,1.0415,0.3066,-0.17772,0.22283,-0.00188,0.00,0.00,3.00,44.5,119.46,635.34,258.37,SEARCH_Z
11.1492,1.3563,1.0415,-0.0133,-0.17572,0.24283,0.00311,0.00,0.00,3.00,44.5,119.46,635.38,258.37,SEARCH_Z
11.1593,1.5363,1.6115,-0.1633,-0.17372,0.22683,0.00511,0.00,0.00,3.00,44.5,119.46,635.40,258.37,SEARCH_Z
11.1694,1.3463,1.3915,-0.0533,-0.18272,0.23683,0.00511,0.00,0.00,3.00,44.5,119.46,635.44,258.37,SEARCH_Z
11.1795,1.3463,1.4715,-0.1133,-0.18672,0.23683,0.00711,0.00,0.00,3.00,44.5,119.46,635.47,258.37,SEARCH_Z
11.1896,1.2263,1.3815,-0.1833,-0.17172,0.24183,0.00711,0.00,0.00,3.00,44.5,119.46,635.50,258.37,SEARCH_Z
11.1998,1.4063,1.3315,-0.0433,-0.16172,0.24883,0.00411,0.00,0.00,3.00,44.5,119.46,635.53,258.38,SEARCH_Z
11.2099,1.3663,1.0615,-0.0233,-0.18872,0.23283,0.00411,0.00,0.00,3.00,44.5,119.45,635.56,258.38,SEARCH_Z
11.2200,1.6363,1.2315,0.1066,-0.16172,0.24583,0.00211,0.00,0.00,3.00,44.5,119.45,635.59,258.38,SEARCH_Z
11.2302,1.3463,1.4315,-0.0133,-0.17372,0.24783,0.00411,0.00,0.00,3.00,44.5,119.45,635.62,258.38,SEARCH_Z
11.2403,1.1363,1.4515,-0.0433,-0.20672,0.23183,0.00011,0.00,0.00,3.00,44.5,119.45,635.65,258.38,SEARCH_Z
11.2504,1.4263,1.5315,-0.1633,-0.19372,0.24383,-0.00288,0.00,0.00,3.00,44.5,119.45,635.68,258.38,SEARCH_Z
11.2606,1.5863,1.3115,0.4366,-0.18372,0.24883,-0.00288,0.00,0.00,3.00,44.5,119.45,635.71,258.38,SEARCH_Z
11.2707,1.4763,1.3815,0.2266,-0.18972,0.24483,-0.00588,0.00,0.00,3.00,44.5,119.45,635.74,258.38,SEARCH_Z
11.2808,1.5263,1.5215,-0.1233,-0.18572,0.24183,-0.00088,0.00,0.00,3.00,44.5,119.45,635.77,258.38,SEARCH_Z
11.2909,1.5563,1.3115,-0.1233,-0.18572,0.23183,-0.00188,0.00,0.00,3.00,44.5,119.45,635.80,258.39,SEARCH_Z
11.3010,1.4163,1.6515,-0.1133,-0.18772,0.24483,0.00111,0.00,0.00,3.00,44.5,119.44,635.83,258.39,SEARCH_Z
11.3111,1.6263,1.2315,0.1266,-0.14672,0.26683,-0.00488,0.00,0.00,3.00,44.5,119.44,635.86,258.39,SEARCH_Z
11.3212,1.6463,1.3915,0.0666,-0.16172,0.25683,-0.00388,0.00,0.00,3.00,44.5,119.44,635.89,258.39,SEARCH_Z
11.3313,1.3963,1.1115,0.0466,-0.17872,0.25883,-0.00588,0.00,0.00,3.00,44.5,119.44,635.93,258.39,SEARCH_Z
11.3414,1.5563,0.8315,0.3366,-0.17572,0.25583,-0.00588,0.00,0.00,3.00,44.5,119.44,635.95,258.39,SEARCH_Z
11.3515,1.4063,1.3715,0.0066,-0.17672,0.26083,-0.00688,0.00,0.00,3.00,44.5,119.44,635.99,258.39,SEARCH_Z
11.3617,1.3763,1.5915,-0.2733,-0.19272,0.24283,-0.00088,0.00,0.00,3.00,44.5,119.44,636.01,258.39,SEARCH_Z
11.3718,1.3963,1.3315,0.0966,-0.18872,0.25383,-0.00688,0.00,0.00,3.00,44.5,119.44,636.05,258.39,SEARCH_Z
11.3819,1.3763,1.2315,0.2466,-0.16472,0.27183,-0.00788,0.00,0.00,3.00,44.5,119.44,636.07,258.40,SEARCH_Z
11.3920,1.4563,1.2815,-0.0633,-0.18472,0.24683,-0.00188,0.00,0.00,3.00,44.5,119.43,636.11,258.40,SEARCH_Z
11.4021,1.4263,1.4715,0.1266,-0.17872,0.26083,-0.00488,0.00,0.00,3.00,44.5,119.43,636.13,258.40,SEARCH_Z
11.4122,1.5463,1.2815,0.1066,-0.16572,0.26383,-0.00688,0.00,0.00,3.00,44.5,119.43,636.17,258.40,SEARCH_Z
11.4224,1.5263,1.2315,0.2866,-0.16172,0.26583,-0.00688,0.00,0.00,3.00,44.5,119.43,636.19,258.40,SEARCH_Z
11.4325,1.3463,0.9315,0.2166,-0.16872,0.26583,-0.00888,0.00,0.00,3.00,44.5,119.43,636.23,258.40,SEARCH_Z
11.4426,1.5363,1.5015,0.1466,-0.17372,0.26183,-0.00888,0.00,0.00,3.00,44.5,119.43,636.25,258.40,SEARCH_Z
11.4527,1.5363,1.1315,0.3266,-0.16472,0.25783,-0.00688,0.00,0.00,3.00,44.5,119.43,636.29,258.40,SEARCH_Z
11.4628,1.3363,1.2815,0.2566,-0.17472,0.26483,-0.00588,0.00,0.00,3.00,44.5,119.43,636.31,258.40,SEARCH_Z
11.4729,1.3663,1.1615,0.1866,-0.17972,0.25183,-0.00688,0.00,0.00,3.00,44.5,119.42,636.35,258.41,SEARCH_Z
11.4830,1.4263,1.4515,-0.0733,-0.18172,0.24783,-0.00588,0.00,0.00,3.00,44.5,119.42,636.37,258.41,SEARCH_Z
11.4931,1.3663,1.3415,0.1366,-0.18472,0.24783,-0.00788,0.00,0.00,3.00,44.5,119.42,636.41,258.41,SEARCH_Z
11.5032,1.3863,1.2715,0.4466,-0.16772,0.26883,-0.00788,0.00,0.00,3.00,44.5,119.42,636.43,258.41,SEARCH_Z
11.5134,1.5863,1.2415,0.0566,-0.18472,0.24483,-0.00488,0.00,0.00,3.00,44.5,119.42,636.47,258.41,SEARCH_Z
11.5235,1.4563,1.1215,0.0866,-0.17872,0.24983,-0.00888,0.00,0.00,3.00,44.5,119.42,636.49,258.41,SEARCH_Z
11.5336,1.7063,0.8615,0.4666,-0.15772,0.26283,-0.01188,0.00,0.00,3.00,44.5,119.42,636.53,258.41,SEARCH_Z
11.5437,1.4763,1.3815,0.2266,-0.18472,0.24483,-0.00488,0.00,0.00,3.00,44.6,119.42,636.57,258.41,SEARCH_Z
11.5538,1.4163,1.1515,0.1966,-0.16972,0.26083,-0.00888,0.00,0.00,3.00,44.6,119.42,636.59,258.41,SEARCH_Z
11.5640,1.3663,1.1815,-0.0833,-0.18772,0.25183,-0.00788,0.00,0.00,3.00,44.6,119.41,636.63,258.42,SEARCH_Z
11.5742,1.4163,1.2715,-0.1533,-0.18272,0.25483,-0.00888,0.00,0.00,3.00,44.6,119.41,636.65,258.42,SEARCH_Z
11.5843,1.3963,1.5015,0.1766,-0.17772,0.26183,-0.00588,0.00,0.00,3.00,44.6,119.41,636.69,258.42,SEARCH_Z
11.5945,1.2963,1.4115,0.1566,-0.20472,0.24783,-0.00988,0.00,0.00,3.00,44.6,119.41,636.71,258.42,SEARCH_Z
11.6046,1.3963,1.1915,0.2266,-0.17072,0.25983,-0.00688,0.00,0.00,3.00,44.6,119.41,636.75,258.42,SEARCH_Z
11.6147,1.4063,1.4215,-0.0133,-0.16672,0.25183,-0.00388,0.00,0.00,3.00,44.6,119.41,636.77,258.42,SEARCH_Z
11.6249,1.0563,1.6415,0.0666,-0.20072,0.24483,-0.00488,0.00,0.00,3.00,44.6,119.41,636.81,258.42,SEARCH_Z
11.6350,1.3963,1.4615,-0.2833,-0.16372,0.25383,-0.00988,0.00,0.00,3.00,44.6,119.41,636.83,258.42,SEARCH_Z
11.6451,1.3563,1.2815,0.1266,-0.18072,0.24383,-0.00488,0.00,0.00,3.00,44.6,119.41,636.87,258.42,SEARCH_Z
11.6552,1.4363,1.1615,0.3266,-0.16672,0.25783,-0.01088,0.00,0.00,3.00,44.6,119.40,636.89,258.42,SEARCH_Z
11.6653,1.4163,1.2915,0.0266,-0.17972,0.24983,-0.00588,0.00,0.00,3.00,44.6,119.40,636.93,258.43,SEARCH_Z
11.6754,1.4463,1.2515,0.5266,-0.17572,0.25283,-0.00788,0.00,0.00,3.00,44.6,119.40,636.96,258.43,SEARCH_Z
11.6855,1.3463,1.8215,-0.2933,-0.17772,0.24383,-0.00288,0.00,0.00,3.00,44.6,119.40,636.99,258.43,SEARCH_Z
11.6957,1.2663,1.8015,-0.1233,-0.18372,0.23683,-0.00688,0.00,0.00,3.00,44.6,119.40,637.02,258.43,SEARCH_Z
11.7058,1.4163,1.4815,-0.0233,-0.18872,0.23183,-0.00588,0.00,0.00,3.00,44.6,119.40,637.05,258.43,SEARCH_Z
11.7159,1.5563,1.3815,-0.0533,-0.17872,0.23683,-0.00788,0.00,0.00,3.00,44.6,119.40,637.08,258.43,SEARCH_Z
11.7260,1.4063,1.4015,0.1366,-0.17272,0.25183,-0.00588,0.00,0.00,3.00,44.6,119.40,637.11,258.43,SEARCH_Z
11.7361,1.3463,1.2615,0.1866,-0.17272,0.25783,-0.00988,0.00,0.00,3.00,44.6,119.39,637.14,258.43,SEARCH_Z
11.7462,1.5463,1.1615,0.0066,-0.15372,0.24983,-0.00788,0.00,0.00,3.00,44.6,119.39,637.17,258.43,SEARCH_Z
11.7563,1.4463,1.1815,0.3666,-0.17772,0.25483,-0.00688,0.00,0.00,3.00,44.6,119.39,637.20,258.44,SEARCH_Z
11.7664,1.4563,1.4115,-0.1033,-0.16672,0.24683,-0.00888,0.00,0.00,3.00,44.6,119.39,637.23,258.44,SEARCH_Z
11.7766,1.4763,1.3715,0.1666,-0.16572,0.25283,-0.00788,0.00,0.00,3.00,44.6,119.39,637.26,258.44,SEARCH_Z
11.7867,1.5863,1.0315,0.2766,-0.17172,0.24483,-0.00888,0.00,0.00,3.00,44.6,119.39,637.29,258.44,SEARCH_Z
11.7968,1.2663,1.2015,0.2566,-0.19772,0.24683,-0.00888,0.00,0.00,3.00,44.6,119.39,637.32,258.44,SEARCH_Z
11.8069,1.2063,1.4415,-0.0133,-0.17472,0.25083,-0.00488,0.00,0.00,3.00,44.6,119.39,637.35,258.44,SEARCH_Z
11.8170,1.2963,1.4415,-0.3333,-0.18072,0.24383,-0.00588,0.00,0.00,3.00,44.6,119.39,637.38,258.44,SEARCH_Z
11.8271,1.5763,1.5315,-0.1333,-0.16372,0.24783,-0.00688,0.00,0.00,3.00,44.6,119.38,637.41,258.44,SEARCH_Z
11.8372,1.6063,1.2315,0.1466,-0.16572,0.24983,-0.01088,0.00,0.00,3.00,44.6,119.38,637.44,258.44,SEARCH_Z
11.8474,1.3163,1.4315,0.1066,-0.17572,0.25283,-0.00688,0.00,0.00,3.00,44.6,119.38,637.47,258.45,SEARCH_Z
11.8575,1.4763,1.3315,0.1666,-0.17072,0.25283,-0.00588,0.00,0.00,3.00,44.6,119.38,637.50,258.45,SEARCH_Z
11.8676,1.3063,1.2515,0.1266,-0.17672,0.24883,-0.01088,0.00,0.00,3.00,44.6,119.38,637.54,258.45,SEARCH_Z
11.8777,1.4763,1.2015,0.4166,-0.17272,0.25183,-0.01088,0.00,0.00,3.00,44.6,119.38,637.56,258.45,SEARCH_Z
11.8878,1.6563,1.1015,0.5866,-0.16672,0.25083,-0.00988,0.00,0.00,3.00,44.6,119.38,637.60,258.45,SEARCH_Z
11.8980,1.5463,1.1415,0.0566,-0.14972,0.25183,-0.00788,0.00,0.00,3.00,44.6,119.38,637.62,258.45,SEARCH_Z
11.9081,1.5763,1.2615,-0.1133,-0.17072,0.24483,-0.01088,0.00,0.00,3.00,44.6,119.38,637.66,258.45,SEARCH_Z
11.9182,1.5463,1.2715,0.0966,-0.16672,0.24883,-0.00788,0.00,0.00,3.00,44.6,119.37,637.68,258.45,SEARCH_Z
11.9283,1.2463,1.8115,-0.2633,-0.19672,0.23783,-0.00588,0.00,0.00,3.00,44.6,119.37,637.72,258.45,SEARCH_Z
11.9384,1.3363,1.7715,-0.1633,-0.18072,0.24783,-0.00688,0.00,0.00,3.00,44.6,119.37,637.74,258.46,SEARCH_Z
11.9485,1.4263,1.3915,0.0966,-0.16872,0.25683,-0.00888,0.00,0.00,3.00,44.6,119.37,637.78,258.46,SEARCH_Z
11.9586,1.3363,1.8215,-0.3133,-0.16872,0.24783,-0.00388,0.00,0.00,3.00,44.6,119.37,637.80,258.46,SEARCH_Z
11.9687,1.3463,1.0215,0.1166,-0.17172,0.25583,-0.00688,0.00,0.00,3.00,44.6,119.37,637.84,258.46,SEARCH_Z
11.9788,1.4763,0.9015,0.3766,-0.16072,0.25883,-0.00988,0.00,0.00,3.00,44.6,119.37,637.86,258.46,SEARCH_Z
11.9890,1.4763,1.3415,0.1166,-0.17672,0.23583,-0.00688,0.00,0.00,3.00,44.6,119.37,637.90,258.46,SEARCH_Z
11.9991,1.5763,1.3015,0.2866,-0.14972,0.27783,-0.00988,0.00,0.00,3.00,44.6,119.37,637.92,258.46,SEARCH_Z
12.0092,1.2363,1.5015,0.0766,-0.17872,0.25883,-0.00488,0.00,0.00,3.00,44.6,119.36,637.96,258.46,SEARCH_Z
12.0193,1.5063,1.2015,0.0566,-0.16772,0.25483,-0.01088,0.00,0.00,3.00,44.6,119.36,637.98,258.46,SEARCH_Z
12.0295,1.3763,1.3015,-0.0333,-0.15672,0.25183,-0.00588,0.00,0.00,3.00,44.6,119.36,638.02,258.47,SEARCH_Z
12.0396,1.3763,1.2915,-0.1533,-0.17072,0.24783,-0.00788,0.00,0.00,3.00,44.6,119.36,638.05,258.47,SEARCH_Z
12.0497,1.4263,1.6315,-0.1733,-0.17572,0.24683,-0.00688,0.00,0.00,3.00,44.6,119.36,638.08,258.47,SEARCH_Z
12.0598,1.3263,1.5415,-0.0833,-0.16772,0.25883,-0.00788,0.00,0.00,3.00,44.6,119.36,638.11,258.47,SEARCH_Z
12.0699,1.3663,1.3215,0.1966,-0.16572,0.25383,-0.00688,0.00,0.00,3.00,44.6,119.36,638.14,258.47,SEARCH_Z
12.0800,1.3763,1.4115,-0.0133,-0.17572,0.24283,-0.00288,0.00,0.00,3.00,44.6,119.36,638.17,258.47,SEARCH_Z
12.0901,1.4363,1.0615,0.1366,-0.16572,0.25283,-0.00788,0.00,0.00,3.00,44.7,119.35,638.20,258.47,SEARCH_Z
12.1002,1.4163,1.6615,0.1766,-0.16172,0.25983,-0.00488,0.00,0.00,3.00,44.7,119.35,638.23,258.47,SEARCH_Z
12.1103,1.3463,1.5615,-0.1033,-0.17572,0.24383,-0.00488,0.00,0.00,3.00,44.7,119.35,638.26,258.47,SEARCH_Z
12.1204,1.4863,1.2415,-0.0433,-0.15972,0.24983,-0.00588,0.00,0.00,3.00,44.7,119.35,638.29,258.48,SEARCH_Z
12.1305,1.5363,1.5015,0.0266,-0.17272,0.24583,-0.00888,0.00,0.00,3.00,44.7,119.35,638.32,258.48,SEARCH_Z
12.1406,1.4463,1.1215,0.4666,-0.17872,0.24383,-0.01088,0.00,0.00,3.00,44.7,119.35,638.35,258.48,SEARCH_Z
12.1508,1.3063,1.3515,-0.1133,-0.17672,0.24183,-0.00788,0.00,0.00,3.00,44.7,119.35,638.38,258.48,SEARCH_Z
12.1609,1.4263,1.6715,-0.1733,-0.16572,0.24583,-0.00388,0.00,0.00,3.00,44.7,119.35,638.41,258.48,SEARCH_Z
12.1710,1.2763,1.3315,0.3066,-0.18172,0.25183,-0.00888,0.00,0.00,3.00,44.7,119.35,638.44,258.48,SEARCH_Z
12.1811,1.4763,1.2115,0.0066,-0.17372,0.23783,-0.01188,0.00,0.00,3.00,44.7,119.34,638.47,258.48,SEARCH_Z
12.1912,1.4863,1.2415,0.0866,-0.16172,0.24383,-0.00688,0.00,0.00,3.00,44.7,119.34,638.52,258.48,SEARCH_Z
12.2013,1.6763,1.0815,0.6566,-0.14572,0.26383,-0.00988,0.00,0.00,3.00,44.7,119.34,638.53,258.48,SEARCH_Z
12.2114,1.4563,1.3715,-0.1533,-0.15672,0.24683,-0.00688,0.00,0.00,3.00,44.7,119.34,638.56,258.49,SEARCH_Z
12.2216,1.3163,1.1315,0.1966,-0.16872,0.24783,-0.01088,0.00,0.00,3.00,44.7,119.34,638.59,258.49,SEARCH_Z
12.2317,1.2163,1.3115,0.1266,-0.17972,0.23983,-0.00988,0.00,0.00,3.00,44.7,119.34,638.63,258.49,SEARCH_Z
12.2418,1.2463,1.2515,0.3466,-0.16672,0.25583,-0.00888,0.00,0.00,3.00,44.7,119.34,638.65,258.49,SEARCH_Z
12.2519,1.3263,1.0815,-0.0933,-0.17872,0.24383,-0.00688,0.00,0.00,3.00,44.7,119.34,638.69,258.49,SEARCH_Z
12.2620,1.4763,1.1615,0.2166,-0.15972,0.24883,-0.00888,0.00,0.00,3.00,44.7,119.34,638.71,258.49,SEARCH_Z
12.2721,1.2063,1.4215,-0.0133,-0.18672,0.24383,-0.00988,0.00,0.00,3.00,44.7,119.33,638.75,258.49,SEARCH_Z
12.2822,1.4763,1.5015,0.1566,-0.16972,0.24483,-0.00788,0.00,0.00,3.00,44.7,119.33,638.77,258.49,SEARCH_Z
12.2923,1.6463,1.3115,0.2766,-0.15072,0.24283,-0.00988,0.00,0.00,3.00,44.7,119.33,638.81,258.49,SEARCH_Z
12.3024,1.4363,1.0415,0.1266,-0.15372,0.24583,-0.00688,0.00,0.00,3.00,44.7,119.33,638.83,258.50,SEARCH_Z
12.3126,1.4463,1.0515,0.1066,-0.16672,0.24083,-0.00688,0.00,0.00,3.00,44.7,119.33,638.87,258.50,SEARCH_Z
12.3227,1.3063,1.2715,0.0966,-0.17672,0.23583,-0.00688,0.00,0.00,3.00,44.7,119.33,638.89,258.50,SEARCH_Z
12.3328,1.4163,1.1115,0.1766,-0.14972,0.25283,-0.00988,0.00,0.00,3.00,44.7,119.33,638.93,258.50,SEARCH_Z
12.3429,1.3163,1.2815,-0.1033,-0.17072,0.24183,-0.00788,0.00,0.00,3.00,44.7,119.33,638.95,258.50,SEARCH_Z
12.3531,1.4463,1.5215,-0.2333,-0.17572,0.23683,-0.00488,0.00,0.00,3.00,44.7,119.33,638.99,258.50,SEARCH_Z
12.3632,1.4563,1.3015,-0.1033,-0.16172,0.23583,-0.00688,0.00,0.00,3.00,44.7,119.32,639.01,258.50,SEARCH_Z
12.3733,1.2763,0.9315,0.2066,-0.16172,0.24983,-0.00988,0.00,0.00,3.00,44.7,119.32,639.05,258.50,SEARCH_Z
12.3834,1.3063,1.3115,0.1266,-0.16672,0.24583,-0.00688,0.00,0.00,3.00,44.7,119.32,639.09,258.50,SEARCH_Z
12.3935,1.3463,1.3715,0.1266,-0.16772,0.23883,-0.00988,0.00,0.00,3.00,44.7,119.32,639.11,258.51,SEARCH_Z
12.4036,1.3863,1.1815,-0.0333,-0.16772,0.23883,-0.00788,0.00,0.00,3.00,44.7,119.32,639.15,258.51,SEARCH_Z
12.4137,1.3963,0.8615,0.1066,-0.15072,0.26183,-0.01088,0.00,0.00,3.00,44.7,119.32,639.17,258.51,SEARCH_Z
12.4238,1.3863,1.4615,-0.2433,-0.15772,0.24183,-0.00588,0.00,0.00,3.00,44.7,119.32,639.21,258.51,SEARCH_Z
12.4340,1.4163,1.4915,-0.1033,-0.17072,0.23383,-0.00388,0.00,0.00,3.00,44.7,119.32,639.23,258.51,SEARCH_Z
12.4441,1.3663,0.8815,0.5166,-0.17072,0.25483,-0.00788,0.00,0.00,3.00,44.7,119.31,639.27,258.51,SEARCH_Z
12.4542,1.5863,1.3215,0.4066,-0.15472,0.24083,-0.00588,0.00,0.00,3.00,44.8,119.31,639.29,258.51,SEARCH_Z
12.4643,1.3363,1.3415,-0.0933,-0.17972,0.22783,-0.00688,0.00,0.00,3.00,44.8,119.31,639.33,258.51,SEARCH_Z
12.4744,1.4363,1.4015,0.1666,-0.15372,0.24383,-0.00488,0.00,0.00,3.00,44.8,119.31,639.35,258.51,SEARCH_Z
12.4845,1.2963,1.5415,-0.0233,-0.18872,0.22283,-0.00488,0.00,0.00,3.00,44.8,119.31,639.39,258.52,SEARCH_Z
12.4947,1.2763,1.5515,0.1166,-0.17272,0.23583,-0.00588,0.00,0.00,3.00,44.8,119.31,639.41,258.52,SEARCH_Z
12.5048,1.2463,1.4615,-0.1233,-0.17472,0.22883,-0.00488,0.00,0.00,3.00,44.8,119.31,639.45,258.52,SEARCH_Z
12.5149,1.2063,1.3015,0.0866,-0.17272,0.24583,-0.00588,0.00,0.00,3.00,44.8,119.31,639.47,258.52,SEARCH_Z
12.5250,1.3063,1.2515,0.2966,-0.17172,0.23483,-0.00688,0.00,0.00,3.00,44.8,119.31,639.51,258.52,SEARCH_Z
12.5351,1.4063,1.3315,-0.0333,-0.17172,0.23683,-0.00788,0.00,0.00,3.00,44.8,119.30,639.53,258.52,SEARCH_Z
12.5452,1.5263,1.0815,0.3966,-0.14472,0.25583,-0.00788,0.00,0.00,3.00,44.8,119.30,639.57,258.52,SEARCH_Z
12.5553,1.5563,1.3815,-0.0333,-0.17672,0.22183,-0.00488,0.00,0.00,3.00,44.8,119.30,639.59,258.52,SEARCH_Z
12.5655,1.3163,1.1115,0.0566,-0.17272,0.22783,-0.00688,0.00,0.00,3.00,44.8,119.30,639.63,258.52,SEARCH_Z
12.5756,1.3963,1.5215,0.0966,-0.17272,0.23283,-0.00688,0.00,0.00,3.00,44.8,119.30,639.66,258.53,SEARCH_Z
12.5857,1.1063,1.4315,0.1266,-0.18272,0.22983,-0.00488,0.00,0.00,3.00,44.8,119.30,639.69,258.53,SEARCH_Z
12.5958,1.3263,1.1415,0.3666,-0.16772,0.23783,-0.00688,0.00,0.00,3.00,44.8,119.30,639.72,258.53,SEARCH_Z
12.6059,1.3563,1.3615,-0.1733,-0.17072,0.23083,-0.00588,0.00,0.00,3.00,44.8,119.30,639.75,258.53,SEARCH_Z
12.6160,1.3963,1.1415,0.1066,-0.16072,0.24183,-0.00988,0.00,0.00,3.00,44.8,119.30,639.78,258.53,SEARCH_Z
12.6261,1.2563,1.2915,0.3466,-0.16172,0.24283,-0.00688,0.00,0.00,3.00,44.8,119.29,639.81,258.53,SEARCH_Z
12.6362,1.3763,1.1015,0.2366,-0.15972,0.24583,-0.00888,0.00,0.00,3.00,44.8,119.29,639.84,258.53,SEARCH_Z
12.6463,1.3263,1.4615,-0.1233,-0.18472,0.21983,-0.00788,0.00,0.00,3.00,44.8,119.29,639.87,258.53,SEARCH_Z
12.6565,1.2163,1.3615,-0.1533,-0.16372,0.23483,-0.00588,0.00,0.00,3.00,44.8,119.29,639.90,258.53,SEARCH_Z
12.6665,1.5363,1.4815,-0.1633,-0.15972,0.22583,-0.00588,0.00,0.00,3.00,44.8,119.29,639.93,258.53,SEARCH_Z
12.6766,1.4863,0.9815,0.4766,-0.13772,0.25883,-0.00988,0.00,0.00,3.00,44.8,119.29,639.96,258.54,SEARCH_Z
12.6867,1.1663,1.1915,0.0466,-0.17372,0.23483,-0.00788,0.00,0.00,3.00,44.8,119.29,639.99,258.54,SEARCH_Z
12.6969,1.0963,1.3415,-0.0133,-0.18972,0.22783,-0.00588,0.00,0.00,3.00,44.8,119.29,640.02,258.54,SEARCH_Z
12.7070,1.3363,1.1015,0.3866,-0.15972,0.24583,-0.00588,0.00,0.00,3.00,44.8,119.29,640.05,258.54,SEARCH_Z
12.7171,1.2863,1.2215,0.1266,-0.14872,0.24683,-0.00288,0.00,0.00,3.00,44.8,119.28,640.08,258.54,SEARCH_Z
12.7272,1.3963,1.2615,-0.2233,-0.17472,0.22783,-0.00788,0.00,0.00,3.00,44.8,119.28,640.11,258.54,SEARCH_Z
12.7373,1.4063,1.2515,0.2066,-0.15772,0.24583,-0.00688,0.00,0.00,3.00,44.8,119.28,640.14,258.54,SEARCH_Z
12.7474,1.3863,0.9315,0.6266,-0.16172,0.24483,-0.00688,0.00,0.00,3.00,44.9,119.28,640.18,258.54,SEARCH_Z
12.7576,1.3263,1.2515,0.1766,-0.16372,0.23683,-0.00388,0.00,0.00,3.00,44.9,119.28,640.20,258.54,SEARCH_Z
12.7677,1.4363,1.2115,0.1966,-0.16472,0.23283,-0.00688,0.00,0.00,3.00,44.9,119.28,640.24,258.55,SEARCH_Z
12.7778,1.3963,1.2315,0.3966,-0.16172,0.23683,-0.00788,0.00,0.00,3.00,44.9,119.28,640.26,258.55,SEARCH_Z
12.7879,1.2863,1.4115,0.1966,-0.16672,0.23783,-0.00688,0.00,0.00,3.00,44.9,119.28,640.30,258.55,SEARCH_Z
12.7981,1.2363,1.1315,0.2266,-0.16372,0.24683,-0.00588,0.00,0.00,3.00,44.9,119.27,640.32,258.55,SEARCH_Z
12.8083,1.3963,1.0515,0.1066,-0.15172,0.24683,-0.01088,0.00,0.00,3.00,44.9,119.27,640.36,258.55,SEARCH_Z
12.8184,1.7463,1.0015,0.1766,-0.14672,0.24183,-0.01188,0.00,0.00,3.00,44.9,119.27,640.38,258.55,SEARCH_Z
12.8285,1.6163,1.1615,0.1866,-0.14072,0.25283,-0.01488,0.00,0.00,3.00,44.9,119.27,640.42,258.55,SEARCH_Z
12.8386,1.3963,1.2815,-0.3733,-0.16472,0.23583,-0.01088,0.00,0.00,3.00,44.9,119.27,640.44,258.55,SEARCH_Z
12.8487,1.4763,0.9515,0.3066,-0.15372,0.25383,-0.01688,0.00,0.00,3.00,44.9,119.27,640.48,258.55,SEARCH_Z
12.8589,1.6263,1.2315,-0.0833,-0.14672,0.23983,-0.01688,0.00,0.00,3.00,44.9,119.27,640.50,258.56,SEARCH_Z
12.8690,1.3963,0.9615,0.2366,-0.17672,0.23983,-0.01788,0.00,0.00,3.00,44.9,119.27,640.54,258.56,SEARCH_Z
12.8791,1.3663,1.1215,-0.0433,-0.17672,0.23183,-0.01588,0.00,0.00,3.00,44.9,119.27,640.56,258.56,SEARCH_Z
12.8892,1.5063,1.4015,0.0866,-0.15772,0.25683,-0.01388,0.00,0.00,3.00,44.9,119.26,640.60,258.56,SEARCH_Z
12.8993,1.5663,1.4315,-0.0633,-0.16772,0.25383,-0.01388,0.00,0.00,3.00,44.9,119.26,640.62,258.56,SEARCH_Z
12.9094,1.4463,1.2015,-0.1433,-0.17372,0.24883,-0.01788,0.00,0.00,3.00,44.9,119.26,640.66,258.56,SEARCH_Z
12.9196,1.4863,1.3315,-0.3933,-0.16872,0.24983,-0.01388,0.00,0.00,3.00,44.9,119.26,640.69,258.56,SEARCH_Z
12.9297,1.8163,1.0815,-0.5533,-0.15272,0.25383,-0.01888,0.00,0.00,3.00,44.9,119.26,640.72,258.56,SEARCH_Z
12.9398,1.6263,1.0915,-0.4333,-0.15572,0.26083,-0.01788,0.00,0.00,3.00,44.9,119.26,640.75,258.56,SEARCH_Z
12.9499,1.4963,1.2015,-0.4033,-0.16972,0.25683,-0.01488,0.00,0.00,3.00,44.9,119.26,640.78,258.57,SEARCH_Z
12.9601,1.7263,1.0715,-0.5333,-0.15172,0.26183,-0.01988,0.00,0.00,3.00,44.9,119.26,640.81,258.57,SEARCH_Z
12.9702,1.6463,1.1515,-0.5333,-0.16972,0.25083,-0.02188,0.00,0.00,3.00,44.9,119.26,640.84,258.57,SEARCH_Z
12.9803,1.4763,1.1715,-0.5833,-0.17772,0.25983,-0.02188,0.00,0.00,3.00,44.9,119.25,640.87,258.57,SEARCH_Z
12.9905,1.5163,1.2815,-0.8833,-0.19072,0.24983,-0.01788,0.00,0.00,3.00,44.9,119.25,640.90,258.57,SEARCH_Z
13.0006,1.2663,0.8415,-0.2933,-0.19372,0.26983,-0.01988,0.00,0.00,3.00,45.0,119.25,640.93,258.57,SEARCH_Z
13.0107,1.7863,1.1215,-0.7133,-0.16472,0.27183,-0.02388,0.00,0.00,3.00,45.0,119.25,640.96,258.57,SEARCH_Z
13.0208,1.5363,0.9315,-0.9833,-0.18072,0.26383,-0.02088,0.00,0.00,3.00,45.0,119.25,640.99,258.57,SEARCH_Z
