[0.139s] DEBUG:colcon:Command line arguments: ['/usr/bin/colcon', 'build', '--symlink-install']
[0.139s] DEBUG:colcon:Parsed command line arguments: Namespace(log_base=None, log_level=None, verb_name='build', build_base='build', install_base='install', merge_install=False, symlink_install=True, test_result_base=None, continue_on_error=False, executor='parallel', parallel_workers=16, event_handlers=None, ignore_user_meta=False, metas=['./colcon.meta'], base_paths=['.'], packages_ignore=None, packages_ignore_regex=None, paths=None, packages_up_to=None, packages_up_to_regex=None, packages_above=None, packages_above_and_dependencies=None, packages_above_depth=None, packages_select_by_dep=None, packages_skip_by_dep=None, packages_skip_up_to=None, packages_select_build_failed=False, packages_skip_build_finished=False, packages_select_test_failures=False, packages_skip_test_passed=False, packages_select=None, packages_skip=None, packages_select_regex=None, packages_skip_regex=None, packages_start=None, packages_end=None, allow_overriding=[], cmake_args=None, cmake_target=None, cmake_target_skip_unavailable=False, cmake_clean_cache=False, cmake_clean_first=False, cmake_force_configure=False, ament_cmake_args=None, catkin_cmake_args=None, catkin_skip_building_tests=False, mixin_files=None, mixin=None, verb_parser=<colcon_mixin.mixin.mixin_argument.MixinArgumentDecorator object at 0x7c94c025df60>, verb_extension=<colcon_core.verb.build.BuildVerb object at 0x7c94c025d9c0>, main=<bound method BuildVerb.main of <colcon_core.verb.build.BuildVerb object at 0x7c94c025d9c0>>, mixin_verb=('build',))
[0.353s] Level 1:colcon.colcon_core.package_discovery:discover_packages(colcon_meta) check parameters
[0.353s] Level 1:colcon.colcon_core.package_discovery:discover_packages(recursive) check parameters
[0.353s] Level 1:colcon.colcon_core.package_discovery:discover_packages(ignore) check parameters
[0.353s] Level 1:colcon.colcon_core.package_discovery:discover_packages(path) check parameters
[0.353s] Level 1:colcon.colcon_core.package_discovery:discover_packages(colcon_meta) discover
[0.353s] Level 1:colcon.colcon_core.package_discovery:discover_packages(recursive) discover
[0.353s] INFO:colcon.colcon_core.package_discovery:Crawling recursively for packages in '/home/aman/catalyst-manipulation'
[0.353s] Level 1:colcon.colcon_core.package_identification:_identify(.) by extensions ['ignore', 'ignore_ament_install']
[0.354s] Level 1:colcon.colcon_core.package_identification:_identify(.) by extension 'ignore'
[0.354s] Level 1:colcon.colcon_core.package_identification:_identify(.) by extension 'ignore_ament_install'
[0.354s] Level 1:colcon.colcon_core.package_identification:_identify(.) by extensions ['colcon_pkg']
[0.354s] Level 1:colcon.colcon_core.package_identification:_identify(.) by extension 'colcon_pkg'
[0.354s] Level 1:colcon.colcon_core.package_identification:_identify(.) by extensions ['colcon_meta']
[0.354s] Level 1:colcon.colcon_core.package_identification:_identify(.) by extension 'colcon_meta'
[0.354s] Level 1:colcon.colcon_core.package_identification:_identify(.) by extensions ['ros']
[0.354s] Level 1:colcon.colcon_core.package_identification:_identify(.) by extension 'ros'
[0.367s] Level 1:colcon.colcon_core.package_identification:_identify(.) by extensions ['cmake', 'python']
[0.367s] Level 1:colcon.colcon_core.package_identification:_identify(.) by extension 'cmake'
[0.367s] Level 1:colcon.colcon_core.package_identification:_identify(.) by extension 'python'
[0.367s] Level 1:colcon.colcon_core.package_identification:_identify(.) by extensions ['python_setup_py']
[0.367s] Level 1:colcon.colcon_core.package_identification:_identify(.) by extension 'python_setup_py'
[0.367s] Level 1:colcon.colcon_core.package_identification:_identify(build) by extensions ['ignore', 'ignore_ament_install']
[0.367s] Level 1:colcon.colcon_core.package_identification:_identify(build) by extension 'ignore'
[0.367s] Level 1:colcon.colcon_core.package_identification:_identify(build) ignored
[0.367s] Level 1:colcon.colcon_core.package_identification:_identify(install) by extensions ['ignore', 'ignore_ament_install']
[0.367s] Level 1:colcon.colcon_core.package_identification:_identify(install) by extension 'ignore'
[0.367s] Level 1:colcon.colcon_core.package_identification:_identify(install) ignored
[0.368s] Level 1:colcon.colcon_core.package_identification:_identify(log) by extensions ['ignore', 'ignore_ament_install']
[0.368s] Level 1:colcon.colcon_core.package_identification:_identify(log) by extension 'ignore'
[0.368s] Level 1:colcon.colcon_core.package_identification:_identify(log) ignored
[0.368s] Level 1:colcon.colcon_core.package_identification:_identify(ros2_ws) by extensions ['ignore', 'ignore_ament_install']
[0.368s] Level 1:colcon.colcon_core.package_identification:_identify(ros2_ws) by extension 'ignore'
[0.368s] Level 1:colcon.colcon_core.package_identification:_identify(ros2_ws) by extension 'ignore_ament_install'
[0.368s] Level 1:colcon.colcon_core.package_identification:_identify(ros2_ws) by extensions ['colcon_pkg']
[0.368s] Level 1:colcon.colcon_core.package_identification:_identify(ros2_ws) by extension 'colcon_pkg'
[0.368s] Level 1:colcon.colcon_core.package_identification:_identify(ros2_ws) by extensions ['colcon_meta']
[0.368s] Level 1:colcon.colcon_core.package_identification:_identify(ros2_ws) by extension 'colcon_meta'
[0.368s] Level 1:colcon.colcon_core.package_identification:_identify(ros2_ws) by extensions ['ros']
[0.368s] Level 1:colcon.colcon_core.package_identification:_identify(ros2_ws) by extension 'ros'
[0.368s] Level 1:colcon.colcon_core.package_identification:_identify(ros2_ws) by extensions ['cmake', 'python']
[0.368s] Level 1:colcon.colcon_core.package_identification:_identify(ros2_ws) by extension 'cmake'
[0.368s] Level 1:colcon.colcon_core.package_identification:_identify(ros2_ws) by extension 'python'
[0.368s] Level 1:colcon.colcon_core.package_identification:_identify(ros2_ws) by extensions ['python_setup_py']
[0.368s] Level 1:colcon.colcon_core.package_identification:_identify(ros2_ws) by extension 'python_setup_py'
[0.369s] Level 1:colcon.colcon_core.package_identification:_identify(ros2_ws/build) by extensions ['ignore', 'ignore_ament_install']
[0.369s] Level 1:colcon.colcon_core.package_identification:_identify(ros2_ws/build) by extension 'ignore'
[0.369s] Level 1:colcon.colcon_core.package_identification:_identify(ros2_ws/build) ignored
[0.369s] Level 1:colcon.colcon_core.package_identification:_identify(ros2_ws/install) by extensions ['ignore', 'ignore_ament_install']
[0.369s] Level 1:colcon.colcon_core.package_identification:_identify(ros2_ws/install) by extension 'ignore'
[0.369s] Level 1:colcon.colcon_core.package_identification:_identify(ros2_ws/install) ignored
[0.369s] Level 1:colcon.colcon_core.package_identification:_identify(ros2_ws/log) by extensions ['ignore', 'ignore_ament_install']
[0.369s] Level 1:colcon.colcon_core.package_identification:_identify(ros2_ws/log) by extension 'ignore'
[0.369s] Level 1:colcon.colcon_core.package_identification:_identify(ros2_ws/log) ignored
[0.369s] Level 1:colcon.colcon_core.package_identification:_identify(ros2_ws/src) by extensions ['ignore', 'ignore_ament_install']
[0.369s] Level 1:colcon.colcon_core.package_identification:_identify(ros2_ws/src) by extension 'ignore'
[0.369s] Level 1:colcon.colcon_core.package_identification:_identify(ros2_ws/src) by extension 'ignore_ament_install'
[0.370s] Level 1:colcon.colcon_core.package_identification:_identify(ros2_ws/src) by extensions ['colcon_pkg']
[0.370s] Level 1:colcon.colcon_core.package_identification:_identify(ros2_ws/src) by extension 'colcon_pkg'
[0.370s] Level 1:colcon.colcon_core.package_identification:_identify(ros2_ws/src) by extensions ['colcon_meta']
[0.370s] Level 1:colcon.colcon_core.package_identification:_identify(ros2_ws/src) by extension 'colcon_meta'
[0.370s] Level 1:colcon.colcon_core.package_identification:_identify(ros2_ws/src) by extensions ['ros']
[0.370s] Level 1:colcon.colcon_core.package_identification:_identify(ros2_ws/src) by extension 'ros'
[0.370s] Level 1:colcon.colcon_core.package_identification:_identify(ros2_ws/src) by extensions ['cmake', 'python']
[0.370s] Level 1:colcon.colcon_core.package_identification:_identify(ros2_ws/src) by extension 'cmake'
[0.370s] Level 1:colcon.colcon_core.package_identification:_identify(ros2_ws/src) by extension 'python'
[0.370s] Level 1:colcon.colcon_core.package_identification:_identify(ros2_ws/src) by extensions ['python_setup_py']
[0.370s] Level 1:colcon.colcon_core.package_identification:_identify(ros2_ws/src) by extension 'python_setup_py'
[0.370s] Level 1:colcon.colcon_core.package_identification:_identify(ros2_ws/src/catalyst_bringup) by extensions ['ignore', 'ignore_ament_install']
[0.370s] Level 1:colcon.colcon_core.package_identification:_identify(ros2_ws/src/catalyst_bringup) by extension 'ignore'
[0.370s] Level 1:colcon.colcon_core.package_identification:_identify(ros2_ws/src/catalyst_bringup) by extension 'ignore_ament_install'
[0.370s] Level 1:colcon.colcon_core.package_identification:_identify(ros2_ws/src/catalyst_bringup) by extensions ['colcon_pkg']
[0.370s] Level 1:colcon.colcon_core.package_identification:_identify(ros2_ws/src/catalyst_bringup) by extension 'colcon_pkg'
[0.370s] Level 1:colcon.colcon_core.package_identification:_identify(ros2_ws/src/catalyst_bringup) by extensions ['colcon_meta']
[0.370s] Level 1:colcon.colcon_core.package_identification:_identify(ros2_ws/src/catalyst_bringup) by extension 'colcon_meta'
[0.371s] Level 1:colcon.colcon_core.package_identification:_identify(ros2_ws/src/catalyst_bringup) by extensions ['ros']
[0.371s] Level 1:colcon.colcon_core.package_identification:_identify(ros2_ws/src/catalyst_bringup) by extension 'ros'
[0.374s] DEBUG:colcon.colcon_core.package_identification:Package 'ros2_ws/src/catalyst_bringup' with type 'ros.ament_cmake' and name 'catalyst_bringup'
[0.374s] Level 1:colcon.colcon_core.package_identification:_identify(ros2_ws/src/catalyst_gazebo) by extensions ['ignore', 'ignore_ament_install']
[0.374s] Level 1:colcon.colcon_core.package_identification:_identify(ros2_ws/src/catalyst_gazebo) by extension 'ignore'
[0.374s] Level 1:colcon.colcon_core.package_identification:_identify(ros2_ws/src/catalyst_gazebo) by extension 'ignore_ament_install'
[0.374s] Level 1:colcon.colcon_core.package_identification:_identify(ros2_ws/src/catalyst_gazebo) by extensions ['colcon_pkg']
[0.374s] Level 1:colcon.colcon_core.package_identification:_identify(ros2_ws/src/catalyst_gazebo) by extension 'colcon_pkg'
[0.374s] Level 1:colcon.colcon_core.package_identification:_identify(ros2_ws/src/catalyst_gazebo) by extensions ['colcon_meta']
[0.374s] Level 1:colcon.colcon_core.package_identification:_identify(ros2_ws/src/catalyst_gazebo) by extension 'colcon_meta'
[0.374s] Level 1:colcon.colcon_core.package_identification:_identify(ros2_ws/src/catalyst_gazebo) by extensions ['ros']
[0.374s] Level 1:colcon.colcon_core.package_identification:_identify(ros2_ws/src/catalyst_gazebo) by extension 'ros'
[0.375s] DEBUG:colcon.colcon_core.package_identification:Package 'ros2_ws/src/catalyst_gazebo' with type 'ros.ament_cmake' and name 'catalyst_gazebo'
[0.375s] Level 1:colcon.colcon_core.package_identification:_identify(ros2_ws/src/catalyst_gripper) by extensions ['ignore', 'ignore_ament_install']
[0.375s] Level 1:colcon.colcon_core.package_identification:_identify(ros2_ws/src/catalyst_gripper) by extension 'ignore'
[0.375s] Level 1:colcon.colcon_core.package_identification:_identify(ros2_ws/src/catalyst_gripper) by extension 'ignore_ament_install'
[0.375s] Level 1:colcon.colcon_core.package_identification:_identify(ros2_ws/src/catalyst_gripper) by extensions ['colcon_pkg']
[0.375s] Level 1:colcon.colcon_core.package_identification:_identify(ros2_ws/src/catalyst_gripper) by extension 'colcon_pkg'
[0.376s] Level 1:colcon.colcon_core.package_identification:_identify(ros2_ws/src/catalyst_gripper) by extensions ['colcon_meta']
[0.376s] Level 1:colcon.colcon_core.package_identification:_identify(ros2_ws/src/catalyst_gripper) by extension 'colcon_meta'
[0.376s] Level 1:colcon.colcon_core.package_identification:_identify(ros2_ws/src/catalyst_gripper) by extensions ['ros']
[0.376s] Level 1:colcon.colcon_core.package_identification:_identify(ros2_ws/src/catalyst_gripper) by extension 'ros'
[0.376s] DEBUG:colcon.colcon_core.package_identification:Package 'ros2_ws/src/catalyst_gripper' with type 'ros.ament_python' and name 'catalyst_gripper'
[0.376s] Level 1:colcon.colcon_core.package_identification:_identify(ros2_ws/src/catalyst_interfaces) by extensions ['ignore', 'ignore_ament_install']
[0.377s] Level 1:colcon.colcon_core.package_identification:_identify(ros2_ws/src/catalyst_interfaces) by extension 'ignore'
[0.377s] Level 1:colcon.colcon_core.package_identification:_identify(ros2_ws/src/catalyst_interfaces) by extension 'ignore_ament_install'
[0.377s] Level 1:colcon.colcon_core.package_identification:_identify(ros2_ws/src/catalyst_interfaces) by extensions ['colcon_pkg']
[0.377s] Level 1:colcon.colcon_core.package_identification:_identify(ros2_ws/src/catalyst_interfaces) by extension 'colcon_pkg'
[0.377s] Level 1:colcon.colcon_core.package_identification:_identify(ros2_ws/src/catalyst_interfaces) by extensions ['colcon_meta']
[0.377s] Level 1:colcon.colcon_core.package_identification:_identify(ros2_ws/src/catalyst_interfaces) by extension 'colcon_meta'
[0.377s] Level 1:colcon.colcon_core.package_identification:_identify(ros2_ws/src/catalyst_interfaces) by extensions ['ros']
[0.377s] Level 1:colcon.colcon_core.package_identification:_identify(ros2_ws/src/catalyst_interfaces) by extension 'ros'
[0.377s] DEBUG:colcon.colcon_core.package_identification:Package 'ros2_ws/src/catalyst_interfaces' with type 'ros.ament_cmake' and name 'catalyst_interfaces'
[0.378s] Level 1:colcon.colcon_core.package_identification:_identify(ros2_ws/src/catalyst_move) by extensions ['ignore', 'ignore_ament_install']
[0.378s] Level 1:colcon.colcon_core.package_identification:_identify(ros2_ws/src/catalyst_move) by extension 'ignore'
[0.378s] Level 1:colcon.colcon_core.package_identification:_identify(ros2_ws/src/catalyst_move) by extension 'ignore_ament_install'
[0.378s] Level 1:colcon.colcon_core.package_identification:_identify(ros2_ws/src/catalyst_move) by extensions ['colcon_pkg']
[0.378s] Level 1:colcon.colcon_core.package_identification:_identify(ros2_ws/src/catalyst_move) by extension 'colcon_pkg'
[0.378s] Level 1:colcon.colcon_core.package_identification:_identify(ros2_ws/src/catalyst_move) by extensions ['colcon_meta']
[0.378s] Level 1:colcon.colcon_core.package_identification:_identify(ros2_ws/src/catalyst_move) by extension 'colcon_meta'
[0.378s] Level 1:colcon.colcon_core.package_identification:_identify(ros2_ws/src/catalyst_move) by extensions ['ros']
[0.378s] Level 1:colcon.colcon_core.package_identification:_identify(ros2_ws/src/catalyst_move) by extension 'ros'
[0.379s] DEBUG:colcon.colcon_core.package_identification:Package 'ros2_ws/src/catalyst_move' with type 'ros.ament_python' and name 'catalyst_move'
[0.379s] Level 1:colcon.colcon_core.package_identification:_identify(ros2_ws/src/description) by extensions ['ignore', 'ignore_ament_install']
[0.379s] Level 1:colcon.colcon_core.package_identification:_identify(ros2_ws/src/description) by extension 'ignore'
[0.379s] Level 1:colcon.colcon_core.package_identification:_identify(ros2_ws/src/description) by extension 'ignore_ament_install'
[0.379s] Level 1:colcon.colcon_core.package_identification:_identify(ros2_ws/src/description) by extensions ['colcon_pkg']
[0.379s] Level 1:colcon.colcon_core.package_identification:_identify(ros2_ws/src/description) by extension 'colcon_pkg'
[0.379s] Level 1:colcon.colcon_core.package_identification:_identify(ros2_ws/src/description) by extensions ['colcon_meta']
[0.379s] Level 1:colcon.colcon_core.package_identification:_identify(ros2_ws/src/description) by extension 'colcon_meta'
[0.379s] Level 1:colcon.colcon_core.package_identification:_identify(ros2_ws/src/description) by extensions ['ros']
[0.379s] Level 1:colcon.colcon_core.package_identification:_identify(ros2_ws/src/description) by extension 'ros'
[0.380s] DEBUG:colcon.colcon_core.package_identification:Package 'ros2_ws/src/description' with type 'ros.ament_cmake' and name 'description'
[0.380s] Level 1:colcon.colcon_core.package_identification:_identify(ros2_ws/src/external) by extensions ['ignore', 'ignore_ament_install']
[0.380s] Level 1:colcon.colcon_core.package_identification:_identify(ros2_ws/src/external) by extension 'ignore'
[0.380s] Level 1:colcon.colcon_core.package_identification:_identify(ros2_ws/src/external) by extension 'ignore_ament_install'
[0.380s] Level 1:colcon.colcon_core.package_identification:_identify(ros2_ws/src/external) by extensions ['colcon_pkg']
[0.380s] Level 1:colcon.colcon_core.package_identification:_identify(ros2_ws/src/external) by extension 'colcon_pkg'
[0.380s] Level 1:colcon.colcon_core.package_identification:_identify(ros2_ws/src/external) by extensions ['colcon_meta']
[0.380s] Level 1:colcon.colcon_core.package_identification:_identify(ros2_ws/src/external) by extension 'colcon_meta'
[0.380s] Level 1:colcon.colcon_core.package_identification:_identify(ros2_ws/src/external) by extensions ['ros']
[0.380s] Level 1:colcon.colcon_core.package_identification:_identify(ros2_ws/src/external) by extension 'ros'
[0.381s] Level 1:colcon.colcon_core.package_identification:_identify(ros2_ws/src/external) by extensions ['cmake', 'python']
[0.381s] Level 1:colcon.colcon_core.package_identification:_identify(ros2_ws/src/external) by extension 'cmake'
[0.381s] Level 1:colcon.colcon_core.package_identification:_identify(ros2_ws/src/external) by extension 'python'
[0.381s] Level 1:colcon.colcon_core.package_identification:_identify(ros2_ws/src/external) by extensions ['python_setup_py']
[0.381s] Level 1:colcon.colcon_core.package_identification:_identify(ros2_ws/src/external) by extension 'python_setup_py'
[0.381s] Level 1:colcon.colcon_core.package_identification:_identify(ros2_ws/src/external/realsense-ros) by extensions ['ignore', 'ignore_ament_install']
[0.381s] Level 1:colcon.colcon_core.package_identification:_identify(ros2_ws/src/external/realsense-ros) by extension 'ignore'
[0.381s] Level 1:colcon.colcon_core.package_identification:_identify(ros2_ws/src/external/realsense-ros) by extension 'ignore_ament_install'
[0.381s] Level 1:colcon.colcon_core.package_identification:_identify(ros2_ws/src/external/realsense-ros) by extensions ['colcon_pkg']
[0.381s] Level 1:colcon.colcon_core.package_identification:_identify(ros2_ws/src/external/realsense-ros) by extension 'colcon_pkg'
[0.381s] Level 1:colcon.colcon_core.package_identification:_identify(ros2_ws/src/external/realsense-ros) by extensions ['colcon_meta']
[0.381s] Level 1:colcon.colcon_core.package_identification:_identify(ros2_ws/src/external/realsense-ros) by extension 'colcon_meta'
[0.381s] Level 1:colcon.colcon_core.package_identification:_identify(ros2_ws/src/external/realsense-ros) by extensions ['ros']
[0.381s] Level 1:colcon.colcon_core.package_identification:_identify(ros2_ws/src/external/realsense-ros) by extension 'ros'
[0.381s] Level 1:colcon.colcon_core.package_identification:_identify(ros2_ws/src/external/realsense-ros) by extensions ['cmake', 'python']
[0.381s] Level 1:colcon.colcon_core.package_identification:_identify(ros2_ws/src/external/realsense-ros) by extension 'cmake'
[0.381s] Level 1:colcon.colcon_core.package_identification:_identify(ros2_ws/src/external/realsense-ros) by extension 'python'
[0.381s] Level 1:colcon.colcon_core.package_identification:_identify(ros2_ws/src/external/realsense-ros) by extensions ['python_setup_py']
[0.382s] Level 1:colcon.colcon_core.package_identification:_identify(ros2_ws/src/external/realsense-ros) by extension 'python_setup_py'
[0.382s] Level 1:colcon.colcon_core.package_identification:_identify(ros2_ws/src/external/realsense-ros/realsense2_camera) by extensions ['ignore', 'ignore_ament_install']
[0.382s] Level 1:colcon.colcon_core.package_identification:_identify(ros2_ws/src/external/realsense-ros/realsense2_camera) by extension 'ignore'
[0.382s] Level 1:colcon.colcon_core.package_identification:_identify(ros2_ws/src/external/realsense-ros/realsense2_camera) by extension 'ignore_ament_install'
[0.382s] Level 1:colcon.colcon_core.package_identification:_identify(ros2_ws/src/external/realsense-ros/realsense2_camera) by extensions ['colcon_pkg']
[0.382s] Level 1:colcon.colcon_core.package_identification:_identify(ros2_ws/src/external/realsense-ros/realsense2_camera) by extension 'colcon_pkg'
[0.382s] Level 1:colcon.colcon_core.package_identification:_identify(ros2_ws/src/external/realsense-ros/realsense2_camera) by extensions ['colcon_meta']
[0.382s] Level 1:colcon.colcon_core.package_identification:_identify(ros2_ws/src/external/realsense-ros/realsense2_camera) by extension 'colcon_meta'
[0.382s] Level 1:colcon.colcon_core.package_identification:_identify(ros2_ws/src/external/realsense-ros/realsense2_camera) by extensions ['ros']
[0.382s] Level 1:colcon.colcon_core.package_identification:_identify(ros2_ws/src/external/realsense-ros/realsense2_camera) by extension 'ros'
[0.402s] DEBUG:colcon.colcon_core.package_identification:Package 'ros2_ws/src/external/realsense-ros/realsense2_camera' with type 'ros.ament_cmake' and name 'realsense2_camera'
[0.403s] Level 1:colcon.colcon_core.package_identification:_identify(ros2_ws/src/external/realsense-ros/realsense2_camera_msgs) by extensions ['ignore', 'ignore_ament_install']
[0.403s] Level 1:colcon.colcon_core.package_identification:_identify(ros2_ws/src/external/realsense-ros/realsense2_camera_msgs) by extension 'ignore'
[0.403s] Level 1:colcon.colcon_core.package_identification:_identify(ros2_ws/src/external/realsense-ros/realsense2_camera_msgs) by extension 'ignore_ament_install'
[0.403s] Level 1:colcon.colcon_core.package_identification:_identify(ros2_ws/src/external/realsense-ros/realsense2_camera_msgs) by extensions ['colcon_pkg']
[0.403s] Level 1:colcon.colcon_core.package_identification:_identify(ros2_ws/src/external/realsense-ros/realsense2_camera_msgs) by extension 'colcon_pkg'
[0.403s] Level 1:colcon.colcon_core.package_identification:_identify(ros2_ws/src/external/realsense-ros/realsense2_camera_msgs) by extensions ['colcon_meta']
[0.403s] Level 1:colcon.colcon_core.package_identification:_identify(ros2_ws/src/external/realsense-ros/realsense2_camera_msgs) by extension 'colcon_meta'
[0.403s] Level 1:colcon.colcon_core.package_identification:_identify(ros2_ws/src/external/realsense-ros/realsense2_camera_msgs) by extensions ['ros']
[0.403s] Level 1:colcon.colcon_core.package_identification:_identify(ros2_ws/src/external/realsense-ros/realsense2_camera_msgs) by extension 'ros'
[0.404s] DEBUG:colcon.colcon_core.package_identification:Package 'ros2_ws/src/external/realsense-ros/realsense2_camera_msgs' with type 'ros.ament_cmake' and name 'realsense2_camera_msgs'
[0.404s] Level 1:colcon.colcon_core.package_identification:_identify(ros2_ws/src/external/realsense-ros/realsense2_description) by extensions ['ignore', 'ignore_ament_install']
[0.404s] Level 1:colcon.colcon_core.package_identification:_identify(ros2_ws/src/external/realsense-ros/realsense2_description) by extension 'ignore'
[0.404s] Level 1:colcon.colcon_core.package_identification:_identify(ros2_ws/src/external/realsense-ros/realsense2_description) by extension 'ignore_ament_install'
[0.404s] Level 1:colcon.colcon_core.package_identification:_identify(ros2_ws/src/external/realsense-ros/realsense2_description) by extensions ['colcon_pkg']
[0.404s] Level 1:colcon.colcon_core.package_identification:_identify(ros2_ws/src/external/realsense-ros/realsense2_description) by extension 'colcon_pkg'
[0.404s] Level 1:colcon.colcon_core.package_identification:_identify(ros2_ws/src/external/realsense-ros/realsense2_description) by extensions ['colcon_meta']
[0.404s] Level 1:colcon.colcon_core.package_identification:_identify(ros2_ws/src/external/realsense-ros/realsense2_description) by extension 'colcon_meta'
[0.404s] Level 1:colcon.colcon_core.package_identification:_identify(ros2_ws/src/external/realsense-ros/realsense2_description) by extensions ['ros']
[0.405s] Level 1:colcon.colcon_core.package_identification:_identify(ros2_ws/src/external/realsense-ros/realsense2_description) by extension 'ros'
[0.405s] DEBUG:colcon.colcon_core.package_identification:Package 'ros2_ws/src/external/realsense-ros/realsense2_description' with type 'ros.ament_cmake' and name 'realsense2_description'
[0.405s] Level 1:colcon.colcon_core.package_identification:_identify(ros2_ws/src/external/realsense-ros/scripts) by extensions ['ignore', 'ignore_ament_install']
[0.406s] Level 1:colcon.colcon_core.package_identification:_identify(ros2_ws/src/external/realsense-ros/scripts) by extension 'ignore'
[0.406s] Level 1:colcon.colcon_core.package_identification:_identify(ros2_ws/src/external/realsense-ros/scripts) by extension 'ignore_ament_install'
[0.406s] Level 1:colcon.colcon_core.package_identification:_identify(ros2_ws/src/external/realsense-ros/scripts) by extensions ['colcon_pkg']
[0.406s] Level 1:colcon.colcon_core.package_identification:_identify(ros2_ws/src/external/realsense-ros/scripts) by extension 'colcon_pkg'
[0.406s] Level 1:colcon.colcon_core.package_identification:_identify(ros2_ws/src/external/realsense-ros/scripts) by extensions ['colcon_meta']
[0.406s] Level 1:colcon.colcon_core.package_identification:_identify(ros2_ws/src/external/realsense-ros/scripts) by extension 'colcon_meta'
[0.406s] Level 1:colcon.colcon_core.package_identification:_identify(ros2_ws/src/external/realsense-ros/scripts) by extensions ['ros']
[0.406s] Level 1:colcon.colcon_core.package_identification:_identify(ros2_ws/src/external/realsense-ros/scripts) by extension 'ros'
[0.406s] Level 1:colcon.colcon_core.package_identification:_identify(ros2_ws/src/external/realsense-ros/scripts) by extensions ['cmake', 'python']
[0.406s] Level 1:colcon.colcon_core.package_identification:_identify(ros2_ws/src/external/realsense-ros/scripts) by extension 'cmake'
[0.406s] Level 1:colcon.colcon_core.package_identification:_identify(ros2_ws/src/external/realsense-ros/scripts) by extension 'python'
[0.406s] Level 1:colcon.colcon_core.package_identification:_identify(ros2_ws/src/external/realsense-ros/scripts) by extensions ['python_setup_py']
[0.406s] Level 1:colcon.colcon_core.package_identification:_identify(ros2_ws/src/external/realsense-ros/scripts) by extension 'python_setup_py'
[0.406s] Level 1:colcon.colcon_core.package_identification:_identify(ros2_ws/src/external/xarm_ros2) by extensions ['ignore', 'ignore_ament_install']
[0.407s] Level 1:colcon.colcon_core.package_identification:_identify(ros2_ws/src/external/xarm_ros2) by extension 'ignore'
[0.407s] Level 1:colcon.colcon_core.package_identification:_identify(ros2_ws/src/external/xarm_ros2) by extension 'ignore_ament_install'
[0.407s] Level 1:colcon.colcon_core.package_identification:_identify(ros2_ws/src/external/xarm_ros2) by extensions ['colcon_pkg']
[0.407s] Level 1:colcon.colcon_core.package_identification:_identify(ros2_ws/src/external/xarm_ros2) by extension 'colcon_pkg'
[0.407s] Level 1:colcon.colcon_core.package_identification:_identify(ros2_ws/src/external/xarm_ros2) by extensions ['colcon_meta']
[0.407s] Level 1:colcon.colcon_core.package_identification:_identify(ros2_ws/src/external/xarm_ros2) by extension 'colcon_meta'
[0.407s] Level 1:colcon.colcon_core.package_identification:_identify(ros2_ws/src/external/xarm_ros2) by extensions ['ros']
[0.407s] Level 1:colcon.colcon_core.package_identification:_identify(ros2_ws/src/external/xarm_ros2) by extension 'ros'
[0.407s] Level 1:colcon.colcon_core.package_identification:_identify(ros2_ws/src/external/xarm_ros2) by extensions ['cmake', 'python']
[0.407s] Level 1:colcon.colcon_core.package_identification:_identify(ros2_ws/src/external/xarm_ros2) by extension 'cmake'
[0.407s] Level 1:colcon.colcon_core.package_identification:_identify(ros2_ws/src/external/xarm_ros2) by extension 'python'
[0.407s] Level 1:colcon.colcon_core.package_identification:_identify(ros2_ws/src/external/xarm_ros2) by extensions ['python_setup_py']
[0.407s] Level 1:colcon.colcon_core.package_identification:_identify(ros2_ws/src/external/xarm_ros2) by extension 'python_setup_py'
[0.407s] Level 1:colcon.colcon_core.package_identification:_identify(ros2_ws/src/external/xarm_ros2/demo) by extensions ['ignore', 'ignore_ament_install']
[0.407s] Level 1:colcon.colcon_core.package_identification:_identify(ros2_ws/src/external/xarm_ros2/demo) by extension 'ignore'
[0.407s] Level 1:colcon.colcon_core.package_identification:_identify(ros2_ws/src/external/xarm_ros2/demo) by extension 'ignore_ament_install'
[0.408s] Level 1:colcon.colcon_core.package_identification:_identify(ros2_ws/src/external/xarm_ros2/demo) by extensions ['colcon_pkg']
[0.408s] Level 1:colcon.colcon_core.package_identification:_identify(ros2_ws/src/external/xarm_ros2/demo) by extension 'colcon_pkg'
[0.408s] Level 1:colcon.colcon_core.package_identification:_identify(ros2_ws/src/external/xarm_ros2/demo) by extensions ['colcon_meta']
[0.408s] Level 1:colcon.colcon_core.package_identification:_identify(ros2_ws/src/external/xarm_ros2/demo) by extension 'colcon_meta'
[0.408s] Level 1:colcon.colcon_core.package_identification:_identify(ros2_ws/src/external/xarm_ros2/demo) by extensions ['ros']
[0.408s] Level 1:colcon.colcon_core.package_identification:_identify(ros2_ws/src/external/xarm_ros2/demo) by extension 'ros'
[0.408s] Level 1:colcon.colcon_core.package_identification:_identify(ros2_ws/src/external/xarm_ros2/demo) by extensions ['cmake', 'python']
[0.408s] Level 1:colcon.colcon_core.package_identification:_identify(ros2_ws/src/external/xarm_ros2/demo) by extension 'cmake'
[0.408s] Level 1:colcon.colcon_core.package_identification:_identify(ros2_ws/src/external/xarm_ros2/demo) by extension 'python'
[0.408s] Level 1:colcon.colcon_core.package_identification:_identify(ros2_ws/src/external/xarm_ros2/demo) by extensions ['python_setup_py']
[0.408s] Level 1:colcon.colcon_core.package_identification:_identify(ros2_ws/src/external/xarm_ros2/demo) by extension 'python_setup_py'
[0.408s] Level 1:colcon.colcon_core.package_identification:_identify(ros2_ws/src/external/xarm_ros2/demo/mbot_demo) by extensions ['ignore', 'ignore_ament_install']
[0.408s] Level 1:colcon.colcon_core.package_identification:_identify(ros2_ws/src/external/xarm_ros2/demo/mbot_demo) by extension 'ignore'
[0.408s] Level 1:colcon.colcon_core.package_identification:_identify(ros2_ws/src/external/xarm_ros2/demo/mbot_demo) by extension 'ignore_ament_install'
[0.409s] Level 1:colcon.colcon_core.package_identification:_identify(ros2_ws/src/external/xarm_ros2/demo/mbot_demo) by extensions ['colcon_pkg']
[0.409s] Level 1:colcon.colcon_core.package_identification:_identify(ros2_ws/src/external/xarm_ros2/demo/mbot_demo) by extension 'colcon_pkg'
[0.409s] Level 1:colcon.colcon_core.package_identification:_identify(ros2_ws/src/external/xarm_ros2/demo/mbot_demo) by extensions ['colcon_meta']
[0.409s] Level 1:colcon.colcon_core.package_identification:_identify(ros2_ws/src/external/xarm_ros2/demo/mbot_demo) by extension 'colcon_meta'
[0.409s] Level 1:colcon.colcon_core.package_identification:_identify(ros2_ws/src/external/xarm_ros2/demo/mbot_demo) by extensions ['ros']
[0.409s] Level 1:colcon.colcon_core.package_identification:_identify(ros2_ws/src/external/xarm_ros2/demo/mbot_demo) by extension 'ros'
[0.409s] DEBUG:colcon.colcon_core.package_identification:Package 'ros2_ws/src/external/xarm_ros2/demo/mbot_demo' with type 'ros.ament_cmake' and name 'mbot_demo'
[0.410s] Level 1:colcon.colcon_core.package_identification:_identify(ros2_ws/src/external/xarm_ros2/thirdparty) by extensions ['ignore', 'ignore_ament_install']
[0.410s] Level 1:colcon.colcon_core.package_identification:_identify(ros2_ws/src/external/xarm_ros2/thirdparty) by extension 'ignore'
[0.410s] Level 1:colcon.colcon_core.package_identification:_identify(ros2_ws/src/external/xarm_ros2/thirdparty) by extension 'ignore_ament_install'
[0.410s] Level 1:colcon.colcon_core.package_identification:_identify(ros2_ws/src/external/xarm_ros2/thirdparty) by extensions ['colcon_pkg']
[0.410s] Level 1:colcon.colcon_core.package_identification:_identify(ros2_ws/src/external/xarm_ros2/thirdparty) by extension 'colcon_pkg'
[0.410s] Level 1:colcon.colcon_core.package_identification:_identify(ros2_ws/src/external/xarm_ros2/thirdparty) by extensions ['colcon_meta']
[0.410s] Level 1:colcon.colcon_core.package_identification:_identify(ros2_ws/src/external/xarm_ros2/thirdparty) by extension 'colcon_meta'
[0.410s] Level 1:colcon.colcon_core.package_identification:_identify(ros2_ws/src/external/xarm_ros2/thirdparty) by extensions ['ros']
[0.410s] Level 1:colcon.colcon_core.package_identification:_identify(ros2_ws/src/external/xarm_ros2/thirdparty) by extension 'ros'
[0.410s] Level 1:colcon.colcon_core.package_identification:_identify(ros2_ws/src/external/xarm_ros2/thirdparty) by extensions ['cmake', 'python']
[0.410s] Level 1:colcon.colcon_core.package_identification:_identify(ros2_ws/src/external/xarm_ros2/thirdparty) by extension 'cmake'
[0.410s] Level 1:colcon.colcon_core.package_identification:_identify(ros2_ws/src/external/xarm_ros2/thirdparty) by extension 'python'
[0.410s] Level 1:colcon.colcon_core.package_identification:_identify(ros2_ws/src/external/xarm_ros2/thirdparty) by extensions ['python_setup_py']
[0.410s] Level 1:colcon.colcon_core.package_identification:_identify(ros2_ws/src/external/xarm_ros2/thirdparty) by extension 'python_setup_py'
[0.410s] Level 1:colcon.colcon_core.package_identification:_identify(ros2_ws/src/external/xarm_ros2/thirdparty/realsense_gazebo_plugin) by extensions ['ignore', 'ignore_ament_install']
[0.411s] Level 1:colcon.colcon_core.package_identification:_identify(ros2_ws/src/external/xarm_ros2/thirdparty/realsense_gazebo_plugin) by extension 'ignore'
[0.411s] Level 1:colcon.colcon_core.package_identification:_identify(ros2_ws/src/external/xarm_ros2/thirdparty/realsense_gazebo_plugin) by extension 'ignore_ament_install'
[0.411s] Level 1:colcon.colcon_core.package_identification:_identify(ros2_ws/src/external/xarm_ros2/thirdparty/realsense_gazebo_plugin) by extensions ['colcon_pkg']
[0.411s] Level 1:colcon.colcon_core.package_identification:_identify(ros2_ws/src/external/xarm_ros2/thirdparty/realsense_gazebo_plugin) by extension 'colcon_pkg'
[0.411s] Level 1:colcon.colcon_core.package_identification:_identify(ros2_ws/src/external/xarm_ros2/thirdparty/realsense_gazebo_plugin) by extensions ['colcon_meta']
[0.411s] Level 1:colcon.colcon_core.package_identification:_identify(ros2_ws/src/external/xarm_ros2/thirdparty/realsense_gazebo_plugin) by extension 'colcon_meta'
[0.411s] Level 1:colcon.colcon_core.package_identification:_identify(ros2_ws/src/external/xarm_ros2/thirdparty/realsense_gazebo_plugin) by extensions ['ros']
[0.411s] Level 1:colcon.colcon_core.package_identification:_identify(ros2_ws/src/external/xarm_ros2/thirdparty/realsense_gazebo_plugin) by extension 'ros'
[0.412s] DEBUG:colcon.colcon_core.package_identification:Package 'ros2_ws/src/external/xarm_ros2/thirdparty/realsense_gazebo_plugin' with type 'ros.ament_cmake' and name 'realsense_gazebo_plugin'
[0.412s] Level 1:colcon.colcon_core.package_identification:_identify(ros2_ws/src/external/xarm_ros2/uf_ros_lib) by extensions ['ignore', 'ignore_ament_install']
[0.412s] Level 1:colcon.colcon_core.package_identification:_identify(ros2_ws/src/external/xarm_ros2/uf_ros_lib) by extension 'ignore'
[0.412s] Level 1:colcon.colcon_core.package_identification:_identify(ros2_ws/src/external/xarm_ros2/uf_ros_lib) by extension 'ignore_ament_install'
[0.412s] Level 1:colcon.colcon_core.package_identification:_identify(ros2_ws/src/external/xarm_ros2/uf_ros_lib) by extensions ['colcon_pkg']
[0.412s] Level 1:colcon.colcon_core.package_identification:_identify(ros2_ws/src/external/xarm_ros2/uf_ros_lib) by extension 'colcon_pkg'
[0.413s] Level 1:colcon.colcon_core.package_identification:_identify(ros2_ws/src/external/xarm_ros2/uf_ros_lib) by extensions ['colcon_meta']
[0.413s] Level 1:colcon.colcon_core.package_identification:_identify(ros2_ws/src/external/xarm_ros2/uf_ros_lib) by extension 'colcon_meta'
[0.413s] Level 1:colcon.colcon_core.package_identification:_identify(ros2_ws/src/external/xarm_ros2/uf_ros_lib) by extensions ['ros']
[0.413s] Level 1:colcon.colcon_core.package_identification:_identify(ros2_ws/src/external/xarm_ros2/uf_ros_lib) by extension 'ros'
[0.413s] DEBUG:colcon.colcon_core.package_identification:Package 'ros2_ws/src/external/xarm_ros2/uf_ros_lib' with type 'ros.ament_python' and name 'uf_ros_lib'
[0.414s] Level 1:colcon.colcon_core.package_identification:_identify(ros2_ws/src/external/xarm_ros2/xarm_api) by extensions ['ignore', 'ignore_ament_install']
[0.414s] Level 1:colcon.colcon_core.package_identification:_identify(ros2_ws/src/external/xarm_ros2/xarm_api) by extension 'ignore'
[0.414s] Level 1:colcon.colcon_core.package_identification:_identify(ros2_ws/src/external/xarm_ros2/xarm_api) by extension 'ignore_ament_install'
[0.414s] Level 1:colcon.colcon_core.package_identification:_identify(ros2_ws/src/external/xarm_ros2/xarm_api) by extensions ['colcon_pkg']
[0.414s] Level 1:colcon.colcon_core.package_identification:_identify(ros2_ws/src/external/xarm_ros2/xarm_api) by extension 'colcon_pkg'
[0.414s] Level 1:colcon.colcon_core.package_identification:_identify(ros2_ws/src/external/xarm_ros2/xarm_api) by extensions ['colcon_meta']
[0.414s] Level 1:colcon.colcon_core.package_identification:_identify(ros2_ws/src/external/xarm_ros2/xarm_api) by extension 'colcon_meta'
[0.414s] Level 1:colcon.colcon_core.package_identification:_identify(ros2_ws/src/external/xarm_ros2/xarm_api) by extensions ['ros']
[0.414s] Level 1:colcon.colcon_core.package_identification:_identify(ros2_ws/src/external/xarm_ros2/xarm_api) by extension 'ros'
[0.415s] DEBUG:colcon.colcon_core.package_identification:Package 'ros2_ws/src/external/xarm_ros2/xarm_api' with type 'ros.ament_cmake' and name 'xarm_api'
[0.415s] Level 1:colcon.colcon_core.package_identification:_identify(ros2_ws/src/external/xarm_ros2/xarm_controller) by extensions ['ignore', 'ignore_ament_install']
[0.416s] Level 1:colcon.colcon_core.package_identification:_identify(ros2_ws/src/external/xarm_ros2/xarm_controller) by extension 'ignore'
[0.416s] Level 1:colcon.colcon_core.package_identification:_identify(ros2_ws/src/external/xarm_ros2/xarm_controller) by extension 'ignore_ament_install'
[0.416s] Level 1:colcon.colcon_core.package_identification:_identify(ros2_ws/src/external/xarm_ros2/xarm_controller) by extensions ['colcon_pkg']
[0.416s] Level 1:colcon.colcon_core.package_identification:_identify(ros2_ws/src/external/xarm_ros2/xarm_controller) by extension 'colcon_pkg'
[0.416s] Level 1:colcon.colcon_core.package_identification:_identify(ros2_ws/src/external/xarm_ros2/xarm_controller) by extensions ['colcon_meta']
[0.416s] Level 1:colcon.colcon_core.package_identification:_identify(ros2_ws/src/external/xarm_ros2/xarm_controller) by extension 'colcon_meta'
[0.416s] Level 1:colcon.colcon_core.package_identification:_identify(ros2_ws/src/external/xarm_ros2/xarm_controller) by extensions ['ros']
[0.416s] Level 1:colcon.colcon_core.package_identification:_identify(ros2_ws/src/external/xarm_ros2/xarm_controller) by extension 'ros'
[0.417s] DEBUG:colcon.colcon_core.package_identification:Package 'ros2_ws/src/external/xarm_ros2/xarm_controller' with type 'ros.ament_cmake' and name 'xarm_controller'
[0.417s] Level 1:colcon.colcon_core.package_identification:_identify(ros2_ws/src/external/xarm_ros2/xarm_description) by extensions ['ignore', 'ignore_ament_install']
[0.418s] Level 1:colcon.colcon_core.package_identification:_identify(ros2_ws/src/external/xarm_ros2/xarm_description) by extension 'ignore'
[0.418s] Level 1:colcon.colcon_core.package_identification:_identify(ros2_ws/src/external/xarm_ros2/xarm_description) by extension 'ignore_ament_install'
[0.418s] Level 1:colcon.colcon_core.package_identification:_identify(ros2_ws/src/external/xarm_ros2/xarm_description) by extensions ['colcon_pkg']
[0.418s] Level 1:colcon.colcon_core.package_identification:_identify(ros2_ws/src/external/xarm_ros2/xarm_description) by extension 'colcon_pkg'
[0.418s] Level 1:colcon.colcon_core.package_identification:_identify(ros2_ws/src/external/xarm_ros2/xarm_description) by extensions ['colcon_meta']
[0.418s] Level 1:colcon.colcon_core.package_identification:_identify(ros2_ws/src/external/xarm_ros2/xarm_description) by extension 'colcon_meta'
[0.418s] Level 1:colcon.colcon_core.package_identification:_identify(ros2_ws/src/external/xarm_ros2/xarm_description) by extensions ['ros']
[0.418s] Level 1:colcon.colcon_core.package_identification:_identify(ros2_ws/src/external/xarm_ros2/xarm_description) by extension 'ros'
[0.419s] DEBUG:colcon.colcon_core.package_identification:Package 'ros2_ws/src/external/xarm_ros2/xarm_description' with type 'ros.ament_cmake' and name 'xarm_description'
[0.419s] Level 1:colcon.colcon_core.package_identification:_identify(ros2_ws/src/external/xarm_ros2/xarm_gazebo) by extensions ['ignore', 'ignore_ament_install']
[0.419s] Level 1:colcon.colcon_core.package_identification:_identify(ros2_ws/src/external/xarm_ros2/xarm_gazebo) by extension 'ignore'
[0.419s] Level 1:colcon.colcon_core.package_identification:_identify(ros2_ws/src/external/xarm_ros2/xarm_gazebo) by extension 'ignore_ament_install'
[0.419s] Level 1:colcon.colcon_core.package_identification:_identify(ros2_ws/src/external/xarm_ros2/xarm_gazebo) by extensions ['colcon_pkg']
[0.419s] Level 1:colcon.colcon_core.package_identification:_identify(ros2_ws/src/external/xarm_ros2/xarm_gazebo) by extension 'colcon_pkg'
[0.419s] Level 1:colcon.colcon_core.package_identification:_identify(ros2_ws/src/external/xarm_ros2/xarm_gazebo) by extensions ['colcon_meta']
[0.419s] Level 1:colcon.colcon_core.package_identification:_identify(ros2_ws/src/external/xarm_ros2/xarm_gazebo) by extension 'colcon_meta'
[0.419s] Level 1:colcon.colcon_core.package_identification:_identify(ros2_ws/src/external/xarm_ros2/xarm_gazebo) by extensions ['ros']
[0.419s] Level 1:colcon.colcon_core.package_identification:_identify(ros2_ws/src/external/xarm_ros2/xarm_gazebo) by extension 'ros'
[0.420s] DEBUG:colcon.colcon_core.package_identification:Package 'ros2_ws/src/external/xarm_ros2/xarm_gazebo' with type 'ros.ament_cmake' and name 'xarm_gazebo'
[0.421s] Level 1:colcon.colcon_core.package_identification:_identify(ros2_ws/src/external/xarm_ros2/xarm_moveit_config) by extensions ['ignore', 'ignore_ament_install']
[0.421s] Level 1:colcon.colcon_core.package_identification:_identify(ros2_ws/src/external/xarm_ros2/xarm_moveit_config) by extension 'ignore'
[0.421s] Level 1:colcon.colcon_core.package_identification:_identify(ros2_ws/src/external/xarm_ros2/xarm_moveit_config) by extension 'ignore_ament_install'
[0.421s] Level 1:colcon.colcon_core.package_identification:_identify(ros2_ws/src/external/xarm_ros2/xarm_moveit_config) by extensions ['colcon_pkg']
[0.421s] Level 1:colcon.colcon_core.package_identification:_identify(ros2_ws/src/external/xarm_ros2/xarm_moveit_config) by extension 'colcon_pkg'
[0.421s] Level 1:colcon.colcon_core.package_identification:_identify(ros2_ws/src/external/xarm_ros2/xarm_moveit_config) by extensions ['colcon_meta']
[0.421s] Level 1:colcon.colcon_core.package_identification:_identify(ros2_ws/src/external/xarm_ros2/xarm_moveit_config) by extension 'colcon_meta'
[0.421s] Level 1:colcon.colcon_core.package_identification:_identify(ros2_ws/src/external/xarm_ros2/xarm_moveit_config) by extensions ['ros']
[0.421s] Level 1:colcon.colcon_core.package_identification:_identify(ros2_ws/src/external/xarm_ros2/xarm_moveit_config) by extension 'ros'
[0.422s] DEBUG:colcon.colcon_core.package_identification:Package 'ros2_ws/src/external/xarm_ros2/xarm_moveit_config' with type 'ros.ament_cmake' and name 'xarm_moveit_config'
[0.422s] Level 1:colcon.colcon_core.package_identification:_identify(ros2_ws/src/external/xarm_ros2/xarm_moveit_servo) by extensions ['ignore', 'ignore_ament_install']
[0.422s] Level 1:colcon.colcon_core.package_identification:_identify(ros2_ws/src/external/xarm_ros2/xarm_moveit_servo) by extension 'ignore'
[0.423s] Level 1:colcon.colcon_core.package_identification:_identify(ros2_ws/src/external/xarm_ros2/xarm_moveit_servo) by extension 'ignore_ament_install'
[0.423s] Level 1:colcon.colcon_core.package_identification:_identify(ros2_ws/src/external/xarm_ros2/xarm_moveit_servo) by extensions ['colcon_pkg']
[0.423s] Level 1:colcon.colcon_core.package_identification:_identify(ros2_ws/src/external/xarm_ros2/xarm_moveit_servo) by extension 'colcon_pkg'
[0.423s] Level 1:colcon.colcon_core.package_identification:_identify(ros2_ws/src/external/xarm_ros2/xarm_moveit_servo) by extensions ['colcon_meta']
[0.423s] Level 1:colcon.colcon_core.package_identification:_identify(ros2_ws/src/external/xarm_ros2/xarm_moveit_servo) by extension 'colcon_meta'
[0.423s] Level 1:colcon.colcon_core.package_identification:_identify(ros2_ws/src/external/xarm_ros2/xarm_moveit_servo) by extensions ['ros']
[0.423s] Level 1:colcon.colcon_core.package_identification:_identify(ros2_ws/src/external/xarm_ros2/xarm_moveit_servo) by extension 'ros'
[0.424s] DEBUG:colcon.colcon_core.package_identification:Package 'ros2_ws/src/external/xarm_ros2/xarm_moveit_servo' with type 'ros.ament_cmake' and name 'xarm_moveit_servo'
[0.424s] Level 1:colcon.colcon_core.package_identification:_identify(ros2_ws/src/external/xarm_ros2/xarm_msgs) by extensions ['ignore', 'ignore_ament_install']
[0.425s] Level 1:colcon.colcon_core.package_identification:_identify(ros2_ws/src/external/xarm_ros2/xarm_msgs) by extension 'ignore'
[0.425s] Level 1:colcon.colcon_core.package_identification:_identify(ros2_ws/src/external/xarm_ros2/xarm_msgs) by extension 'ignore_ament_install'
[0.425s] Level 1:colcon.colcon_core.package_identification:_identify(ros2_ws/src/external/xarm_ros2/xarm_msgs) by extensions ['colcon_pkg']
[0.425s] Level 1:colcon.colcon_core.package_identification:_identify(ros2_ws/src/external/xarm_ros2/xarm_msgs) by extension 'colcon_pkg'
[0.425s] Level 1:colcon.colcon_core.package_identification:_identify(ros2_ws/src/external/xarm_ros2/xarm_msgs) by extensions ['colcon_meta']
[0.425s] Level 1:colcon.colcon_core.package_identification:_identify(ros2_ws/src/external/xarm_ros2/xarm_msgs) by extension 'colcon_meta'
[0.425s] Level 1:colcon.colcon_core.package_identification:_identify(ros2_ws/src/external/xarm_ros2/xarm_msgs) by extensions ['ros']
[0.425s] Level 1:colcon.colcon_core.package_identification:_identify(ros2_ws/src/external/xarm_ros2/xarm_msgs) by extension 'ros'
[0.426s] DEBUG:colcon.colcon_core.package_identification:Package 'ros2_ws/src/external/xarm_ros2/xarm_msgs' with type 'ros.ament_cmake' and name 'xarm_msgs'
[0.426s] Level 1:colcon.colcon_core.package_identification:_identify(ros2_ws/src/external/xarm_ros2/xarm_planner) by extensions ['ignore', 'ignore_ament_install']
[0.426s] Level 1:colcon.colcon_core.package_identification:_identify(ros2_ws/src/external/xarm_ros2/xarm_planner) by extension 'ignore'
[0.426s] Level 1:colcon.colcon_core.package_identification:_identify(ros2_ws/src/external/xarm_ros2/xarm_planner) by extension 'ignore_ament_install'
[0.426s] Level 1:colcon.colcon_core.package_identification:_identify(ros2_ws/src/external/xarm_ros2/xarm_planner) by extensions ['colcon_pkg']
[0.426s] Level 1:colcon.colcon_core.package_identification:_identify(ros2_ws/src/external/xarm_ros2/xarm_planner) by extension 'colcon_pkg'
[0.426s] Level 1:colcon.colcon_core.package_identification:_identify(ros2_ws/src/external/xarm_ros2/xarm_planner) by extensions ['colcon_meta']
[0.426s] Level 1:colcon.colcon_core.package_identification:_identify(ros2_ws/src/external/xarm_ros2/xarm_planner) by extension 'colcon_meta'
[0.426s] Level 1:colcon.colcon_core.package_identification:_identify(ros2_ws/src/external/xarm_ros2/xarm_planner) by extensions ['ros']
[0.426s] Level 1:colcon.colcon_core.package_identification:_identify(ros2_ws/src/external/xarm_ros2/xarm_planner) by extension 'ros'
[0.428s] DEBUG:colcon.colcon_core.package_identification:Package 'ros2_ws/src/external/xarm_ros2/xarm_planner' with type 'ros.ament_cmake' and name 'xarm_planner'
[0.428s] Level 1:colcon.colcon_core.package_identification:_identify(ros2_ws/src/external/xarm_ros2/xarm_sdk) by extensions ['ignore', 'ignore_ament_install']
[0.428s] Level 1:colcon.colcon_core.package_identification:_identify(ros2_ws/src/external/xarm_ros2/xarm_sdk) by extension 'ignore'
[0.428s] Level 1:colcon.colcon_core.package_identification:_identify(ros2_ws/src/external/xarm_ros2/xarm_sdk) by extension 'ignore_ament_install'
[0.428s] Level 1:colcon.colcon_core.package_identification:_identify(ros2_ws/src/external/xarm_ros2/xarm_sdk) by extensions ['colcon_pkg']
[0.428s] Level 1:colcon.colcon_core.package_identification:_identify(ros2_ws/src/external/xarm_ros2/xarm_sdk) by extension 'colcon_pkg'
[0.428s] Level 1:colcon.colcon_core.package_identification:_identify(ros2_ws/src/external/xarm_ros2/xarm_sdk) by extensions ['colcon_meta']
[0.428s] Level 1:colcon.colcon_core.package_identification:_identify(ros2_ws/src/external/xarm_ros2/xarm_sdk) by extension 'colcon_meta'
[0.428s] Level 1:colcon.colcon_core.package_identification:_identify(ros2_ws/src/external/xarm_ros2/xarm_sdk) by extensions ['ros']
[0.428s] Level 1:colcon.colcon_core.package_identification:_identify(ros2_ws/src/external/xarm_ros2/xarm_sdk) by extension 'ros'
[0.429s] DEBUG:colcon.colcon_core.package_identification:Package 'ros2_ws/src/external/xarm_ros2/xarm_sdk' with type 'ros.ament_cmake' and name 'xarm_sdk'
[0.429s] Level 1:colcon.colcon_core.package_identification:_identify(ros2_ws/src/external/xarm_ros2/xarm_vision) by extensions ['ignore', 'ignore_ament_install']
[0.429s] Level 1:colcon.colcon_core.package_identification:_identify(ros2_ws/src/external/xarm_ros2/xarm_vision) by extension 'ignore'
[0.429s] Level 1:colcon.colcon_core.package_identification:_identify(ros2_ws/src/external/xarm_ros2/xarm_vision) by extension 'ignore_ament_install'
[0.429s] Level 1:colcon.colcon_core.package_identification:_identify(ros2_ws/src/external/xarm_ros2/xarm_vision) by extensions ['colcon_pkg']
[0.429s] Level 1:colcon.colcon_core.package_identification:_identify(ros2_ws/src/external/xarm_ros2/xarm_vision) by extension 'colcon_pkg'
[0.429s] Level 1:colcon.colcon_core.package_identification:_identify(ros2_ws/src/external/xarm_ros2/xarm_vision) by extensions ['colcon_meta']
[0.429s] Level 1:colcon.colcon_core.package_identification:_identify(ros2_ws/src/external/xarm_ros2/xarm_vision) by extension 'colcon_meta'
[0.429s] Level 1:colcon.colcon_core.package_identification:_identify(ros2_ws/src/external/xarm_ros2/xarm_vision) by extensions ['ros']
[0.429s] Level 1:colcon.colcon_core.package_identification:_identify(ros2_ws/src/external/xarm_ros2/xarm_vision) by extension 'ros'
[0.429s] Level 1:colcon.colcon_core.package_identification:_identify(ros2_ws/src/external/xarm_ros2/xarm_vision) by extensions ['cmake', 'python']
[0.429s] Level 1:colcon.colcon_core.package_identification:_identify(ros2_ws/src/external/xarm_ros2/xarm_vision) by extension 'cmake'
[0.430s] Level 1:colcon.colcon_core.package_identification:_identify(ros2_ws/src/external/xarm_ros2/xarm_vision) by extension 'python'
[0.430s] Level 1:colcon.colcon_core.package_identification:_identify(ros2_ws/src/external/xarm_ros2/xarm_vision) by extensions ['python_setup_py']
[0.430s] Level 1:colcon.colcon_core.package_identification:_identify(ros2_ws/src/external/xarm_ros2/xarm_vision) by extension 'python_setup_py'
[0.430s] Level 1:colcon.colcon_core.package_identification:_identify(ros2_ws/src/external/xarm_ros2/xarm_vision/d435i_xarm_setup) by extensions ['ignore', 'ignore_ament_install']
[0.430s] Level 1:colcon.colcon_core.package_identification:_identify(ros2_ws/src/external/xarm_ros2/xarm_vision/d435i_xarm_setup) by extension 'ignore'
[0.430s] Level 1:colcon.colcon_core.package_identification:_identify(ros2_ws/src/external/xarm_ros2/xarm_vision/d435i_xarm_setup) by extension 'ignore_ament_install'
[0.430s] Level 1:colcon.colcon_core.package_identification:_identify(ros2_ws/src/external/xarm_ros2/xarm_vision/d435i_xarm_setup) by extensions ['colcon_pkg']
[0.430s] Level 1:colcon.colcon_core.package_identification:_identify(ros2_ws/src/external/xarm_ros2/xarm_vision/d435i_xarm_setup) by extension 'colcon_pkg'
[0.430s] Level 1:colcon.colcon_core.package_identification:_identify(ros2_ws/src/external/xarm_ros2/xarm_vision/d435i_xarm_setup) by extensions ['colcon_meta']
[0.430s] Level 1:colcon.colcon_core.package_identification:_identify(ros2_ws/src/external/xarm_ros2/xarm_vision/d435i_xarm_setup) by extension 'colcon_meta'
[0.430s] Level 1:colcon.colcon_core.package_identification:_identify(ros2_ws/src/external/xarm_ros2/xarm_vision/d435i_xarm_setup) by extensions ['ros']
[0.430s] Level 1:colcon.colcon_core.package_identification:_identify(ros2_ws/src/external/xarm_ros2/xarm_vision/d435i_xarm_setup) by extension 'ros'
[0.431s] DEBUG:colcon.colcon_core.package_identification:Package 'ros2_ws/src/external/xarm_ros2/xarm_vision/d435i_xarm_setup' with type 'ros.ament_cmake' and name 'd435i_xarm_setup'
[0.432s] Level 1:colcon.colcon_core.package_identification:_identify(ros2_ws/src/moveit_config) by extensions ['ignore', 'ignore_ament_install']
[0.432s] Level 1:colcon.colcon_core.package_identification:_identify(ros2_ws/src/moveit_config) by extension 'ignore'
[0.432s] Level 1:colcon.colcon_core.package_identification:_identify(ros2_ws/src/moveit_config) by extension 'ignore_ament_install'
[0.432s] Level 1:colcon.colcon_core.package_identification:_identify(ros2_ws/src/moveit_config) by extensions ['colcon_pkg']
[0.432s] Level 1:colcon.colcon_core.package_identification:_identify(ros2_ws/src/moveit_config) by extension 'colcon_pkg'
[0.432s] Level 1:colcon.colcon_core.package_identification:_identify(ros2_ws/src/moveit_config) by extensions ['colcon_meta']
[0.432s] Level 1:colcon.colcon_core.package_identification:_identify(ros2_ws/src/moveit_config) by extension 'colcon_meta'
[0.432s] Level 1:colcon.colcon_core.package_identification:_identify(ros2_ws/src/moveit_config) by extensions ['ros']
[0.432s] Level 1:colcon.colcon_core.package_identification:_identify(ros2_ws/src/moveit_config) by extension 'ros'
[0.433s] DEBUG:colcon.colcon_core.package_identification:Package 'ros2_ws/src/moveit_config' with type 'ros.ament_cmake' and name 'moveit_config'
[0.433s] Level 1:colcon.colcon_core.package_discovery:discover_packages(recursive) using defaults
[0.433s] Level 1:colcon.colcon_core.package_discovery:discover_packages(ignore) discover
[0.433s] Level 1:colcon.colcon_core.package_discovery:discover_packages(ignore) using defaults
[0.433s] Level 1:colcon.colcon_core.package_discovery:discover_packages(path) discover
[0.433s] Level 1:colcon.colcon_core.package_discovery:discover_packages(path) using defaults
[0.465s] Level 1:colcon.colcon_core.package_discovery:discover_packages(prefix_path) check parameters
[0.465s] Level 1:colcon.colcon_core.package_discovery:discover_packages(prefix_path) discover
[0.468s] DEBUG:colcon.colcon_installed_package_information.package_discovery:Found 377 installed packages in /opt/ros/humble
[0.470s] Level 1:colcon.colcon_core.package_discovery:discover_packages(prefix_path) using defaults
[0.525s] Level 5:colcon.colcon_core.verb:set package 'catalyst_interfaces' build argument 'cmake_args' from command line to 'None'
[0.525s] Level 5:colcon.colcon_core.verb:set package 'catalyst_interfaces' build argument 'cmake_target' from command line to 'None'
[0.526s] Level 5:colcon.colcon_core.verb:set package 'catalyst_interfaces' build argument 'cmake_target_skip_unavailable' from command line to 'False'
[0.526s] Level 5:colcon.colcon_core.verb:set package 'catalyst_interfaces' build argument 'cmake_clean_cache' from command line to 'False'
[0.526s] Level 5:colcon.colcon_core.verb:set package 'catalyst_interfaces' build argument 'cmake_clean_first' from command line to 'False'
[0.526s] Level 5:colcon.colcon_core.verb:set package 'catalyst_interfaces' build argument 'cmake_force_configure' from command line to 'False'
[0.526s] Level 5:colcon.colcon_core.verb:set package 'catalyst_interfaces' build argument 'ament_cmake_args' from command line to 'None'
[0.526s] Level 5:colcon.colcon_core.verb:set package 'catalyst_interfaces' build argument 'catkin_cmake_args' from command line to 'None'
[0.526s] Level 5:colcon.colcon_core.verb:set package 'catalyst_interfaces' build argument 'catkin_skip_building_tests' from command line to 'False'
[0.526s] DEBUG:colcon.colcon_core.verb:Building package 'catalyst_interfaces' with the following arguments: {'ament_cmake_args': None, 'build_base': '/home/aman/catalyst-manipulation/build/catalyst_interfaces', 'catkin_cmake_args': None, 'catkin_skip_building_tests': False, 'cmake_args': None, 'cmake_clean_cache': False, 'cmake_clean_first': False, 'cmake_force_configure': False, 'cmake_target': None, 'cmake_target_skip_unavailable': False, 'install_base': '/home/aman/catalyst-manipulation/install/catalyst_interfaces', 'merge_install': False, 'path': '/home/aman/catalyst-manipulation/ros2_ws/src/catalyst_interfaces', 'symlink_install': True, 'test_result_base': None}
[0.526s] Level 5:colcon.colcon_core.verb:set package 'description' build argument 'cmake_args' from command line to 'None'
[0.526s] Level 5:colcon.colcon_core.verb:set package 'description' build argument 'cmake_target' from command line to 'None'
[0.526s] Level 5:colcon.colcon_core.verb:set package 'description' build argument 'cmake_target_skip_unavailable' from command line to 'False'
[0.526s] Level 5:colcon.colcon_core.verb:set package 'description' build argument 'cmake_clean_cache' from command line to 'False'
[0.526s] Level 5:colcon.colcon_core.verb:set package 'description' build argument 'cmake_clean_first' from command line to 'False'
[0.526s] Level 5:colcon.colcon_core.verb:set package 'description' build argument 'cmake_force_configure' from command line to 'False'
[0.526s] Level 5:colcon.colcon_core.verb:set package 'description' build argument 'ament_cmake_args' from command line to 'None'
[0.526s] Level 5:colcon.colcon_core.verb:set package 'description' build argument 'catkin_cmake_args' from command line to 'None'
[0.526s] Level 5:colcon.colcon_core.verb:set package 'description' build argument 'catkin_skip_building_tests' from command line to 'False'
[0.526s] DEBUG:colcon.colcon_core.verb:Building package 'description' with the following arguments: {'ament_cmake_args': None, 'build_base': '/home/aman/catalyst-manipulation/build/description', 'catkin_cmake_args': None, 'catkin_skip_building_tests': False, 'cmake_args': None, 'cmake_clean_cache': False, 'cmake_clean_first': False, 'cmake_force_configure': False, 'cmake_target': None, 'cmake_target_skip_unavailable': False, 'install_base': '/home/aman/catalyst-manipulation/install/description', 'merge_install': False, 'path': '/home/aman/catalyst-manipulation/ros2_ws/src/description', 'symlink_install': True, 'test_result_base': None}
[0.527s] Level 5:colcon.colcon_core.verb:set package 'mbot_demo' build argument 'cmake_args' from command line to 'None'
[0.527s] Level 5:colcon.colcon_core.verb:set package 'mbot_demo' build argument 'cmake_target' from command line to 'None'
[0.527s] Level 5:colcon.colcon_core.verb:set package 'mbot_demo' build argument 'cmake_target_skip_unavailable' from command line to 'False'
[0.527s] Level 5:colcon.colcon_core.verb:set package 'mbot_demo' build argument 'cmake_clean_cache' from command line to 'False'
[0.527s] Level 5:colcon.colcon_core.verb:set package 'mbot_demo' build argument 'cmake_clean_first' from command line to 'False'
[0.527s] Level 5:colcon.colcon_core.verb:set package 'mbot_demo' build argument 'cmake_force_configure' from command line to 'False'
[0.527s] Level 5:colcon.colcon_core.verb:set package 'mbot_demo' build argument 'ament_cmake_args' from command line to 'None'
[0.527s] Level 5:colcon.colcon_core.verb:set package 'mbot_demo' build argument 'catkin_cmake_args' from command line to 'None'
[0.527s] Level 5:colcon.colcon_core.verb:set package 'mbot_demo' build argument 'catkin_skip_building_tests' from command line to 'False'
[0.527s] DEBUG:colcon.colcon_core.verb:Building package 'mbot_demo' with the following arguments: {'ament_cmake_args': None, 'build_base': '/home/aman/catalyst-manipulation/build/mbot_demo', 'catkin_cmake_args': None, 'catkin_skip_building_tests': False, 'cmake_args': None, 'cmake_clean_cache': False, 'cmake_clean_first': False, 'cmake_force_configure': False, 'cmake_target': None, 'cmake_target_skip_unavailable': False, 'install_base': '/home/aman/catalyst-manipulation/install/mbot_demo', 'merge_install': False, 'path': '/home/aman/catalyst-manipulation/ros2_ws/src/external/xarm_ros2/demo/mbot_demo', 'symlink_install': True, 'test_result_base': None}
[0.528s] Level 5:colcon.colcon_core.verb:set package 'realsense2_camera_msgs' build argument 'cmake_args' from command line to 'None'
[0.528s] Level 5:colcon.colcon_core.verb:set package 'realsense2_camera_msgs' build argument 'cmake_target' from command line to 'None'
[0.528s] Level 5:colcon.colcon_core.verb:set package 'realsense2_camera_msgs' build argument 'cmake_target_skip_unavailable' from command line to 'False'
[0.528s] Level 5:colcon.colcon_core.verb:set package 'realsense2_camera_msgs' build argument 'cmake_clean_cache' from command line to 'False'
[0.528s] Level 5:colcon.colcon_core.verb:set package 'realsense2_camera_msgs' build argument 'cmake_clean_first' from command line to 'False'
[0.528s] Level 5:colcon.colcon_core.verb:set package 'realsense2_camera_msgs' build argument 'cmake_force_configure' from command line to 'False'
[0.528s] Level 5:colcon.colcon_core.verb:set package 'realsense2_camera_msgs' build argument 'ament_cmake_args' from command line to 'None'
[0.528s] Level 5:colcon.colcon_core.verb:set package 'realsense2_camera_msgs' build argument 'catkin_cmake_args' from command line to 'None'
[0.528s] Level 5:colcon.colcon_core.verb:set package 'realsense2_camera_msgs' build argument 'catkin_skip_building_tests' from command line to 'False'
[0.528s] DEBUG:colcon.colcon_core.verb:Building package 'realsense2_camera_msgs' with the following arguments: {'ament_cmake_args': None, 'build_base': '/home/aman/catalyst-manipulation/build/realsense2_camera_msgs', 'catkin_cmake_args': None, 'catkin_skip_building_tests': False, 'cmake_args': None, 'cmake_clean_cache': False, 'cmake_clean_first': False, 'cmake_force_configure': False, 'cmake_target': None, 'cmake_target_skip_unavailable': False, 'install_base': '/home/aman/catalyst-manipulation/install/realsense2_camera_msgs', 'merge_install': False, 'path': '/home/aman/catalyst-manipulation/ros2_ws/src/external/realsense-ros/realsense2_camera_msgs', 'symlink_install': True, 'test_result_base': None}
[0.528s] Level 5:colcon.colcon_core.verb:set package 'realsense_gazebo_plugin' build argument 'cmake_args' from command line to 'None'
[0.528s] Level 5:colcon.colcon_core.verb:set package 'realsense_gazebo_plugin' build argument 'cmake_target' from command line to 'None'
[0.528s] Level 5:colcon.colcon_core.verb:set package 'realsense_gazebo_plugin' build argument 'cmake_target_skip_unavailable' from command line to 'False'
[0.528s] Level 5:colcon.colcon_core.verb:set package 'realsense_gazebo_plugin' build argument 'cmake_clean_cache' from command line to 'False'
[0.528s] Level 5:colcon.colcon_core.verb:set package 'realsense_gazebo_plugin' build argument 'cmake_clean_first' from command line to 'False'
[0.528s] Level 5:colcon.colcon_core.verb:set package 'realsense_gazebo_plugin' build argument 'cmake_force_configure' from command line to 'False'
[0.528s] Level 5:colcon.colcon_core.verb:set package 'realsense_gazebo_plugin' build argument 'ament_cmake_args' from command line to 'None'
[0.528s] Level 5:colcon.colcon_core.verb:set package 'realsense_gazebo_plugin' build argument 'catkin_cmake_args' from command line to 'None'
[0.528s] Level 5:colcon.colcon_core.verb:set package 'realsense_gazebo_plugin' build argument 'catkin_skip_building_tests' from command line to 'False'
[0.528s] DEBUG:colcon.colcon_core.verb:Building package 'realsense_gazebo_plugin' with the following arguments: {'ament_cmake_args': None, 'build_base': '/home/aman/catalyst-manipulation/build/realsense_gazebo_plugin', 'catkin_cmake_args': None, 'catkin_skip_building_tests': False, 'cmake_args': None, 'cmake_clean_cache': False, 'cmake_clean_first': False, 'cmake_force_configure': False, 'cmake_target': None, 'cmake_target_skip_unavailable': False, 'install_base': '/home/aman/catalyst-manipulation/install/realsense_gazebo_plugin', 'merge_install': False, 'path': '/home/aman/catalyst-manipulation/ros2_ws/src/external/xarm_ros2/thirdparty/realsense_gazebo_plugin', 'symlink_install': True, 'test_result_base': None}
[0.529s] Level 5:colcon.colcon_core.verb:set package 'uf_ros_lib' build argument 'cmake_args' from command line to 'None'
[0.529s] Level 5:colcon.colcon_core.verb:set package 'uf_ros_lib' build argument 'cmake_target' from command line to 'None'
[0.529s] Level 5:colcon.colcon_core.verb:set package 'uf_ros_lib' build argument 'cmake_target_skip_unavailable' from command line to 'False'
[0.529s] Level 5:colcon.colcon_core.verb:set package 'uf_ros_lib' build argument 'cmake_clean_cache' from command line to 'False'
[0.529s] Level 5:colcon.colcon_core.verb:set package 'uf_ros_lib' build argument 'cmake_clean_first' from command line to 'False'
[0.529s] Level 5:colcon.colcon_core.verb:set package 'uf_ros_lib' build argument 'cmake_force_configure' from command line to 'False'
[0.529s] Level 5:colcon.colcon_core.verb:set package 'uf_ros_lib' build argument 'ament_cmake_args' from command line to 'None'
[0.529s] Level 5:colcon.colcon_core.verb:set package 'uf_ros_lib' build argument 'catkin_cmake_args' from command line to 'None'
[0.529s] Level 5:colcon.colcon_core.verb:set package 'uf_ros_lib' build argument 'catkin_skip_building_tests' from command line to 'False'
[0.529s] DEBUG:colcon.colcon_core.verb:Building package 'uf_ros_lib' with the following arguments: {'ament_cmake_args': None, 'build_base': '/home/aman/catalyst-manipulation/build/uf_ros_lib', 'catkin_cmake_args': None, 'catkin_skip_building_tests': False, 'cmake_args': None, 'cmake_clean_cache': False, 'cmake_clean_first': False, 'cmake_force_configure': False, 'cmake_target': None, 'cmake_target_skip_unavailable': False, 'install_base': '/home/aman/catalyst-manipulation/install/uf_ros_lib', 'merge_install': False, 'path': '/home/aman/catalyst-manipulation/ros2_ws/src/external/xarm_ros2/uf_ros_lib', 'symlink_install': True, 'test_result_base': None}
[0.529s] Level 5:colcon.colcon_core.verb:set package 'xarm_description' build argument 'cmake_args' from command line to 'None'
[0.530s] Level 5:colcon.colcon_core.verb:set package 'xarm_description' build argument 'cmake_target' from command line to 'None'
[0.530s] Level 5:colcon.colcon_core.verb:set package 'xarm_description' build argument 'cmake_target_skip_unavailable' from command line to 'False'
[0.530s] Level 5:colcon.colcon_core.verb:set package 'xarm_description' build argument 'cmake_clean_cache' from command line to 'False'
[0.530s] Level 5:colcon.colcon_core.verb:set package 'xarm_description' build argument 'cmake_clean_first' from command line to 'False'
[0.530s] Level 5:colcon.colcon_core.verb:set package 'xarm_description' build argument 'cmake_force_configure' from command line to 'False'
[0.530s] Level 5:colcon.colcon_core.verb:set package 'xarm_description' build argument 'ament_cmake_args' from command line to 'None'
[0.530s] Level 5:colcon.colcon_core.verb:set package 'xarm_description' build argument 'catkin_cmake_args' from command line to 'None'
[0.530s] Level 5:colcon.colcon_core.verb:set package 'xarm_description' build argument 'catkin_skip_building_tests' from command line to 'False'
[0.530s] DEBUG:colcon.colcon_core.verb:Building package 'xarm_description' with the following arguments: {'ament_cmake_args': None, 'build_base': '/home/aman/catalyst-manipulation/build/xarm_description', 'catkin_cmake_args': None, 'catkin_skip_building_tests': False, 'cmake_args': None, 'cmake_clean_cache': False, 'cmake_clean_first': False, 'cmake_force_configure': False, 'cmake_target': None, 'cmake_target_skip_unavailable': False, 'install_base': '/home/aman/catalyst-manipulation/install/xarm_description', 'merge_install': False, 'path': '/home/aman/catalyst-manipulation/ros2_ws/src/external/xarm_ros2/xarm_description', 'symlink_install': True, 'test_result_base': None}
[0.530s] Level 5:colcon.colcon_core.verb:set package 'xarm_msgs' build argument 'cmake_args' from command line to 'None'
[0.530s] Level 5:colcon.colcon_core.verb:set package 'xarm_msgs' build argument 'cmake_target' from command line to 'None'
[0.530s] Level 5:colcon.colcon_core.verb:set package 'xarm_msgs' build argument 'cmake_target_skip_unavailable' from command line to 'False'
[0.530s] Level 5:colcon.colcon_core.verb:set package 'xarm_msgs' build argument 'cmake_clean_cache' from command line to 'False'
[0.530s] Level 5:colcon.colcon_core.verb:set package 'xarm_msgs' build argument 'cmake_clean_first' from command line to 'False'
[0.530s] Level 5:colcon.colcon_core.verb:set package 'xarm_msgs' build argument 'cmake_force_configure' from command line to 'False'
[0.530s] Level 5:colcon.colcon_core.verb:set package 'xarm_msgs' build argument 'ament_cmake_args' from command line to 'None'
[0.530s] Level 5:colcon.colcon_core.verb:set package 'xarm_msgs' build argument 'catkin_cmake_args' from command line to 'None'
[0.530s] Level 5:colcon.colcon_core.verb:set package 'xarm_msgs' build argument 'catkin_skip_building_tests' from command line to 'False'
[0.531s] DEBUG:colcon.colcon_core.verb:Building package 'xarm_msgs' with the following arguments: {'ament_cmake_args': None, 'build_base': '/home/aman/catalyst-manipulation/build/xarm_msgs', 'catkin_cmake_args': None, 'catkin_skip_building_tests': False, 'cmake_args': None, 'cmake_clean_cache': False, 'cmake_clean_first': False, 'cmake_force_configure': False, 'cmake_target': None, 'cmake_target_skip_unavailable': False, 'install_base': '/home/aman/catalyst-manipulation/install/xarm_msgs', 'merge_install': False, 'path': '/home/aman/catalyst-manipulation/ros2_ws/src/external/xarm_ros2/xarm_msgs', 'symlink_install': True, 'test_result_base': None}
[0.531s] Level 5:colcon.colcon_core.verb:set package 'xarm_sdk' build argument 'cmake_args' from command line to 'None'
[0.531s] Level 5:colcon.colcon_core.verb:set package 'xarm_sdk' build argument 'cmake_target' from command line to 'None'
[0.531s] Level 5:colcon.colcon_core.verb:set package 'xarm_sdk' build argument 'cmake_target_skip_unavailable' from command line to 'False'
[0.531s] Level 5:colcon.colcon_core.verb:set package 'xarm_sdk' build argument 'cmake_clean_cache' from command line to 'False'
[0.531s] Level 5:colcon.colcon_core.verb:set package 'xarm_sdk' build argument 'cmake_clean_first' from command line to 'False'
[0.531s] Level 5:colcon.colcon_core.verb:set package 'xarm_sdk' build argument 'cmake_force_configure' from command line to 'False'
[0.531s] Level 5:colcon.colcon_core.verb:set package 'xarm_sdk' build argument 'ament_cmake_args' from command line to 'None'
[0.531s] Level 5:colcon.colcon_core.verb:set package 'xarm_sdk' build argument 'catkin_cmake_args' from command line to 'None'
[0.531s] Level 5:colcon.colcon_core.verb:set package 'xarm_sdk' build argument 'catkin_skip_building_tests' from command line to 'False'
[0.531s] DEBUG:colcon.colcon_core.verb:Building package 'xarm_sdk' with the following arguments: {'ament_cmake_args': None, 'build_base': '/home/aman/catalyst-manipulation/build/xarm_sdk', 'catkin_cmake_args': None, 'catkin_skip_building_tests': False, 'cmake_args': None, 'cmake_clean_cache': False, 'cmake_clean_first': False, 'cmake_force_configure': False, 'cmake_target': None, 'cmake_target_skip_unavailable': False, 'install_base': '/home/aman/catalyst-manipulation/install/xarm_sdk', 'merge_install': False, 'path': '/home/aman/catalyst-manipulation/ros2_ws/src/external/xarm_ros2/xarm_sdk', 'symlink_install': True, 'test_result_base': None}
[0.532s] Level 5:colcon.colcon_core.verb:set package 'catalyst_gripper' build argument 'cmake_args' from command line to 'None'
[0.532s] Level 5:colcon.colcon_core.verb:set package 'catalyst_gripper' build argument 'cmake_target' from command line to 'None'
[0.532s] Level 5:colcon.colcon_core.verb:set package 'catalyst_gripper' build argument 'cmake_target_skip_unavailable' from command line to 'False'
[0.532s] Level 5:colcon.colcon_core.verb:set package 'catalyst_gripper' build argument 'cmake_clean_cache' from command line to 'False'
[0.532s] Level 5:colcon.colcon_core.verb:set package 'catalyst_gripper' build argument 'cmake_clean_first' from command line to 'False'
[0.532s] Level 5:colcon.colcon_core.verb:set package 'catalyst_gripper' build argument 'cmake_force_configure' from command line to 'False'
[0.532s] Level 5:colcon.colcon_core.verb:set package 'catalyst_gripper' build argument 'ament_cmake_args' from command line to 'None'
[0.532s] Level 5:colcon.colcon_core.verb:set package 'catalyst_gripper' build argument 'catkin_cmake_args' from command line to 'None'
[0.532s] Level 5:colcon.colcon_core.verb:set package 'catalyst_gripper' build argument 'catkin_skip_building_tests' from command line to 'False'
[0.532s] DEBUG:colcon.colcon_core.verb:Building package 'catalyst_gripper' with the following arguments: {'ament_cmake_args': None, 'build_base': '/home/aman/catalyst-manipulation/build/catalyst_gripper', 'catkin_cmake_args': None, 'catkin_skip_building_tests': False, 'cmake_args': None, 'cmake_clean_cache': False, 'cmake_clean_first': False, 'cmake_force_configure': False, 'cmake_target': None, 'cmake_target_skip_unavailable': False, 'install_base': '/home/aman/catalyst-manipulation/install/catalyst_gripper', 'merge_install': False, 'path': '/home/aman/catalyst-manipulation/ros2_ws/src/catalyst_gripper', 'symlink_install': True, 'test_result_base': None}
[0.532s] Level 5:colcon.colcon_core.verb:set package 'catalyst_move' build argument 'cmake_args' from command line to 'None'
[0.532s] Level 5:colcon.colcon_core.verb:set package 'catalyst_move' build argument 'cmake_target' from command line to 'None'
[0.532s] Level 5:colcon.colcon_core.verb:set package 'catalyst_move' build argument 'cmake_target_skip_unavailable' from command line to 'False'
[0.532s] Level 5:colcon.colcon_core.verb:set package 'catalyst_move' build argument 'cmake_clean_cache' from command line to 'False'
[0.532s] Level 5:colcon.colcon_core.verb:set package 'catalyst_move' build argument 'cmake_clean_first' from command line to 'False'
[0.532s] Level 5:colcon.colcon_core.verb:set package 'catalyst_move' build argument 'cmake_force_configure' from command line to 'False'
[0.532s] Level 5:colcon.colcon_core.verb:set package 'catalyst_move' build argument 'ament_cmake_args' from command line to 'None'
[0.532s] Level 5:colcon.colcon_core.verb:set package 'catalyst_move' build argument 'catkin_cmake_args' from command line to 'None'
[0.532s] Level 5:colcon.colcon_core.verb:set package 'catalyst_move' build argument 'catkin_skip_building_tests' from command line to 'False'
[0.532s] DEBUG:colcon.colcon_core.verb:Building package 'catalyst_move' with the following arguments: {'ament_cmake_args': None, 'build_base': '/home/aman/catalyst-manipulation/build/catalyst_move', 'catkin_cmake_args': None, 'catkin_skip_building_tests': False, 'cmake_args': None, 'cmake_clean_cache': False, 'cmake_clean_first': False, 'cmake_force_configure': False, 'cmake_target': None, 'cmake_target_skip_unavailable': False, 'install_base': '/home/aman/catalyst-manipulation/install/catalyst_move', 'merge_install': False, 'path': '/home/aman/catalyst-manipulation/ros2_ws/src/catalyst_move', 'symlink_install': True, 'test_result_base': None}
[0.533s] Level 5:colcon.colcon_core.verb:set package 'moveit_config' build argument 'cmake_args' from command line to 'None'
[0.533s] Level 5:colcon.colcon_core.verb:set package 'moveit_config' build argument 'cmake_target' from command line to 'None'
[0.533s] Level 5:colcon.colcon_core.verb:set package 'moveit_config' build argument 'cmake_target_skip_unavailable' from command line to 'False'
[0.533s] Level 5:colcon.colcon_core.verb:set package 'moveit_config' build argument 'cmake_clean_cache' from command line to 'False'
[0.533s] Level 5:colcon.colcon_core.verb:set package 'moveit_config' build argument 'cmake_clean_first' from command line to 'False'
[0.533s] Level 5:colcon.colcon_core.verb:set package 'moveit_config' build argument 'cmake_force_configure' from command line to 'False'
[0.533s] Level 5:colcon.colcon_core.verb:set package 'moveit_config' build argument 'ament_cmake_args' from command line to 'None'
[0.533s] Level 5:colcon.colcon_core.verb:set package 'moveit_config' build argument 'catkin_cmake_args' from command line to 'None'
[0.533s] Level 5:colcon.colcon_core.verb:set package 'moveit_config' build argument 'catkin_skip_building_tests' from command line to 'False'
[0.533s] DEBUG:colcon.colcon_core.verb:Building package 'moveit_config' with the following arguments: {'ament_cmake_args': None, 'build_base': '/home/aman/catalyst-manipulation/build/moveit_config', 'catkin_cmake_args': None, 'catkin_skip_building_tests': False, 'cmake_args': None, 'cmake_clean_cache': False, 'cmake_clean_first': False, 'cmake_force_configure': False, 'cmake_target': None, 'cmake_target_skip_unavailable': False, 'install_base': '/home/aman/catalyst-manipulation/install/moveit_config', 'merge_install': False, 'path': '/home/aman/catalyst-manipulation/ros2_ws/src/moveit_config', 'symlink_install': True, 'test_result_base': None}
[0.533s] Level 5:colcon.colcon_core.verb:set package 'realsense2_camera' build argument 'cmake_args' from command line to 'None'
[0.534s] Level 5:colcon.colcon_core.verb:set package 'realsense2_camera' build argument 'cmake_target' from command line to 'None'
[0.534s] Level 5:colcon.colcon_core.verb:set package 'realsense2_camera' build argument 'cmake_target_skip_unavailable' from command line to 'False'
[0.534s] Level 5:colcon.colcon_core.verb:set package 'realsense2_camera' build argument 'cmake_clean_cache' from command line to 'False'
[0.534s] Level 5:colcon.colcon_core.verb:set package 'realsense2_camera' build argument 'cmake_clean_first' from command line to 'False'
[0.534s] Level 5:colcon.colcon_core.verb:set package 'realsense2_camera' build argument 'cmake_force_configure' from command line to 'False'
[0.534s] Level 5:colcon.colcon_core.verb:set package 'realsense2_camera' build argument 'ament_cmake_args' from command line to 'None'
[0.534s] Level 5:colcon.colcon_core.verb:set package 'realsense2_camera' build argument 'catkin_cmake_args' from command line to 'None'
[0.534s] Level 5:colcon.colcon_core.verb:set package 'realsense2_camera' build argument 'catkin_skip_building_tests' from command line to 'False'
[0.534s] DEBUG:colcon.colcon_core.verb:Building package 'realsense2_camera' with the following arguments: {'ament_cmake_args': None, 'build_base': '/home/aman/catalyst-manipulation/build/realsense2_camera', 'catkin_cmake_args': None, 'catkin_skip_building_tests': False, 'cmake_args': None, 'cmake_clean_cache': False, 'cmake_clean_first': False, 'cmake_force_configure': False, 'cmake_target': None, 'cmake_target_skip_unavailable': False, 'install_base': '/home/aman/catalyst-manipulation/install/realsense2_camera', 'merge_install': False, 'path': '/home/aman/catalyst-manipulation/ros2_ws/src/external/realsense-ros/realsense2_camera', 'symlink_install': True, 'test_result_base': None}
[0.534s] Level 5:colcon.colcon_core.verb:set package 'realsense2_description' build argument 'cmake_args' from command line to 'None'
[0.534s] Level 5:colcon.colcon_core.verb:set package 'realsense2_description' build argument 'cmake_target' from command line to 'None'
[0.534s] Level 5:colcon.colcon_core.verb:set package 'realsense2_description' build argument 'cmake_target_skip_unavailable' from command line to 'False'
[0.534s] Level 5:colcon.colcon_core.verb:set package 'realsense2_description' build argument 'cmake_clean_cache' from command line to 'False'
[0.534s] Level 5:colcon.colcon_core.verb:set package 'realsense2_description' build argument 'cmake_clean_first' from command line to 'False'
[0.534s] Level 5:colcon.colcon_core.verb:set package 'realsense2_description' build argument 'cmake_force_configure' from command line to 'False'
[0.534s] Level 5:colcon.colcon_core.verb:set package 'realsense2_description' build argument 'ament_cmake_args' from command line to 'None'
[0.534s] Level 5:colcon.colcon_core.verb:set package 'realsense2_description' build argument 'catkin_cmake_args' from command line to 'None'
[0.534s] Level 5:colcon.colcon_core.verb:set package 'realsense2_description' build argument 'catkin_skip_building_tests' from command line to 'False'
[0.534s] DEBUG:colcon.colcon_core.verb:Building package 'realsense2_description' with the following arguments: {'ament_cmake_args': None, 'build_base': '/home/aman/catalyst-manipulation/build/realsense2_description', 'catkin_cmake_args': None, 'catkin_skip_building_tests': False, 'cmake_args': None, 'cmake_clean_cache': False, 'cmake_clean_first': False, 'cmake_force_configure': False, 'cmake_target': None, 'cmake_target_skip_unavailable': False, 'install_base': '/home/aman/catalyst-manipulation/install/realsense2_description', 'merge_install': False, 'path': '/home/aman/catalyst-manipulation/ros2_ws/src/external/realsense-ros/realsense2_description', 'symlink_install': True, 'test_result_base': None}
[0.535s] Level 5:colcon.colcon_core.verb:set package 'xarm_api' build argument 'cmake_args' from command line to 'None'
[0.535s] Level 5:colcon.colcon_core.verb:set package 'xarm_api' build argument 'cmake_target' from command line to 'None'
[0.535s] Level 5:colcon.colcon_core.verb:set package 'xarm_api' build argument 'cmake_target_skip_unavailable' from command line to 'False'
[0.535s] Level 5:colcon.colcon_core.verb:set package 'xarm_api' build argument 'cmake_clean_cache' from command line to 'False'
[0.535s] Level 5:colcon.colcon_core.verb:set package 'xarm_api' build argument 'cmake_clean_first' from command line to 'False'
[0.535s] Level 5:colcon.colcon_core.verb:set package 'xarm_api' build argument 'cmake_force_configure' from command line to 'False'
[0.535s] Level 5:colcon.colcon_core.verb:set package 'xarm_api' build argument 'ament_cmake_args' from command line to 'None'
[0.535s] Level 5:colcon.colcon_core.verb:set package 'xarm_api' build argument 'catkin_cmake_args' from command line to 'None'
[0.535s] Level 5:colcon.colcon_core.verb:set package 'xarm_api' build argument 'catkin_skip_building_tests' from command line to 'False'
[0.535s] DEBUG:colcon.colcon_core.verb:Building package 'xarm_api' with the following arguments: {'ament_cmake_args': None, 'build_base': '/home/aman/catalyst-manipulation/build/xarm_api', 'catkin_cmake_args': None, 'catkin_skip_building_tests': False, 'cmake_args': None, 'cmake_clean_cache': False, 'cmake_clean_first': False, 'cmake_force_configure': False, 'cmake_target': None, 'cmake_target_skip_unavailable': False, 'install_base': '/home/aman/catalyst-manipulation/install/xarm_api', 'merge_install': False, 'path': '/home/aman/catalyst-manipulation/ros2_ws/src/external/xarm_ros2/xarm_api', 'symlink_install': True, 'test_result_base': None}
[0.536s] Level 5:colcon.colcon_core.verb:set package 'd435i_xarm_setup' build argument 'cmake_args' from command line to 'None'
[0.536s] Level 5:colcon.colcon_core.verb:set package 'd435i_xarm_setup' build argument 'cmake_target' from command line to 'None'
[0.536s] Level 5:colcon.colcon_core.verb:set package 'd435i_xarm_setup' build argument 'cmake_target_skip_unavailable' from command line to 'False'
[0.536s] Level 5:colcon.colcon_core.verb:set package 'd435i_xarm_setup' build argument 'cmake_clean_cache' from command line to 'False'
[0.536s] Level 5:colcon.colcon_core.verb:set package 'd435i_xarm_setup' build argument 'cmake_clean_first' from command line to 'False'
[0.536s] Level 5:colcon.colcon_core.verb:set package 'd435i_xarm_setup' build argument 'cmake_force_configure' from command line to 'False'
[0.536s] Level 5:colcon.colcon_core.verb:set package 'd435i_xarm_setup' build argument 'ament_cmake_args' from command line to 'None'
[0.536s] Level 5:colcon.colcon_core.verb:set package 'd435i_xarm_setup' build argument 'catkin_cmake_args' from command line to 'None'
[0.536s] Level 5:colcon.colcon_core.verb:set package 'd435i_xarm_setup' build argument 'catkin_skip_building_tests' from command line to 'False'
[0.536s] DEBUG:colcon.colcon_core.verb:Building package 'd435i_xarm_setup' with the following arguments: {'ament_cmake_args': None, 'build_base': '/home/aman/catalyst-manipulation/build/d435i_xarm_setup', 'catkin_cmake_args': None, 'catkin_skip_building_tests': False, 'cmake_args': None, 'cmake_clean_cache': False, 'cmake_clean_first': False, 'cmake_force_configure': False, 'cmake_target': None, 'cmake_target_skip_unavailable': False, 'install_base': '/home/aman/catalyst-manipulation/install/d435i_xarm_setup', 'merge_install': False, 'path': '/home/aman/catalyst-manipulation/ros2_ws/src/external/xarm_ros2/xarm_vision/d435i_xarm_setup', 'symlink_install': True, 'test_result_base': None}
[0.536s] Level 5:colcon.colcon_core.verb:set package 'xarm_controller' build argument 'cmake_args' from command line to 'None'
[0.536s] Level 5:colcon.colcon_core.verb:set package 'xarm_controller' build argument 'cmake_target' from command line to 'None'
[0.536s] Level 5:colcon.colcon_core.verb:set package 'xarm_controller' build argument 'cmake_target_skip_unavailable' from command line to 'False'
[0.536s] Level 5:colcon.colcon_core.verb:set package 'xarm_controller' build argument 'cmake_clean_cache' from command line to 'False'
[0.536s] Level 5:colcon.colcon_core.verb:set package 'xarm_controller' build argument 'cmake_clean_first' from command line to 'False'
[0.536s] Level 5:colcon.colcon_core.verb:set package 'xarm_controller' build argument 'cmake_force_configure' from command line to 'False'
[0.536s] Level 5:colcon.colcon_core.verb:set package 'xarm_controller' build argument 'ament_cmake_args' from command line to 'None'
[0.536s] Level 5:colcon.colcon_core.verb:set package 'xarm_controller' build argument 'catkin_cmake_args' from command line to 'None'
[0.536s] Level 5:colcon.colcon_core.verb:set package 'xarm_controller' build argument 'catkin_skip_building_tests' from command line to 'False'
[0.536s] DEBUG:colcon.colcon_core.verb:Building package 'xarm_controller' with the following arguments: {'ament_cmake_args': None, 'build_base': '/home/aman/catalyst-manipulation/build/xarm_controller', 'catkin_cmake_args': None, 'catkin_skip_building_tests': False, 'cmake_args': None, 'cmake_clean_cache': False, 'cmake_clean_first': False, 'cmake_force_configure': False, 'cmake_target': None, 'cmake_target_skip_unavailable': False, 'install_base': '/home/aman/catalyst-manipulation/install/xarm_controller', 'merge_install': False, 'path': '/home/aman/catalyst-manipulation/ros2_ws/src/external/xarm_ros2/xarm_controller', 'symlink_install': True, 'test_result_base': None}
[0.537s] Level 5:colcon.colcon_core.verb:set package 'catalyst_bringup' build argument 'cmake_args' from command line to 'None'
[0.537s] Level 5:colcon.colcon_core.verb:set package 'catalyst_bringup' build argument 'cmake_target' from command line to 'None'
[0.537s] Level 5:colcon.colcon_core.verb:set package 'catalyst_bringup' build argument 'cmake_target_skip_unavailable' from command line to 'False'
[0.537s] Level 5:colcon.colcon_core.verb:set package 'catalyst_bringup' build argument 'cmake_clean_cache' from command line to 'False'
[0.537s] Level 5:colcon.colcon_core.verb:set package 'catalyst_bringup' build argument 'cmake_clean_first' from command line to 'False'
[0.537s] Level 5:colcon.colcon_core.verb:set package 'catalyst_bringup' build argument 'cmake_force_configure' from command line to 'False'
[0.537s] Level 5:colcon.colcon_core.verb:set package 'catalyst_bringup' build argument 'ament_cmake_args' from command line to 'None'
[0.537s] Level 5:colcon.colcon_core.verb:set package 'catalyst_bringup' build argument 'catkin_cmake_args' from command line to 'None'
[0.537s] Level 5:colcon.colcon_core.verb:set package 'catalyst_bringup' build argument 'catkin_skip_building_tests' from command line to 'False'
[0.537s] DEBUG:colcon.colcon_core.verb:Building package 'catalyst_bringup' with the following arguments: {'ament_cmake_args': None, 'build_base': '/home/aman/catalyst-manipulation/build/catalyst_bringup', 'catkin_cmake_args': None, 'catkin_skip_building_tests': False, 'cmake_args': None, 'cmake_clean_cache': False, 'cmake_clean_first': False, 'cmake_force_configure': False, 'cmake_target': None, 'cmake_target_skip_unavailable': False, 'install_base': '/home/aman/catalyst-manipulation/install/catalyst_bringup', 'merge_install': False, 'path': '/home/aman/catalyst-manipulation/ros2_ws/src/catalyst_bringup', 'symlink_install': True, 'test_result_base': None}
[0.537s] Level 5:colcon.colcon_core.verb:set package 'xarm_gazebo' build argument 'cmake_args' from command line to 'None'
[0.537s] Level 5:colcon.colcon_core.verb:set package 'xarm_gazebo' build argument 'cmake_target' from command line to 'None'
[0.537s] Level 5:colcon.colcon_core.verb:set package 'xarm_gazebo' build argument 'cmake_target_skip_unavailable' from command line to 'False'
[0.537s] Level 5:colcon.colcon_core.verb:set package 'xarm_gazebo' build argument 'cmake_clean_cache' from command line to 'False'
[0.538s] Level 5:colcon.colcon_core.verb:set package 'xarm_gazebo' build argument 'cmake_clean_first' from command line to 'False'
[0.538s] Level 5:colcon.colcon_core.verb:set package 'xarm_gazebo' build argument 'cmake_force_configure' from command line to 'False'
[0.538s] Level 5:colcon.colcon_core.verb:set package 'xarm_gazebo' build argument 'ament_cmake_args' from command line to 'None'
[0.538s] Level 5:colcon.colcon_core.verb:set package 'xarm_gazebo' build argument 'catkin_cmake_args' from command line to 'None'
[0.538s] Level 5:colcon.colcon_core.verb:set package 'xarm_gazebo' build argument 'catkin_skip_building_tests' from command line to 'False'
[0.538s] DEBUG:colcon.colcon_core.verb:Building package 'xarm_gazebo' with the following arguments: {'ament_cmake_args': None, 'build_base': '/home/aman/catalyst-manipulation/build/xarm_gazebo', 'catkin_cmake_args': None, 'catkin_skip_building_tests': False, 'cmake_args': None, 'cmake_clean_cache': False, 'cmake_clean_first': False, 'cmake_force_configure': False, 'cmake_target': None, 'cmake_target_skip_unavailable': False, 'install_base': '/home/aman/catalyst-manipulation/install/xarm_gazebo', 'merge_install': False, 'path': '/home/aman/catalyst-manipulation/ros2_ws/src/external/xarm_ros2/xarm_gazebo', 'symlink_install': True, 'test_result_base': None}
[0.538s] Level 5:colcon.colcon_core.verb:set package 'catalyst_gazebo' build argument 'cmake_args' from command line to 'None'
[0.538s] Level 5:colcon.colcon_core.verb:set package 'catalyst_gazebo' build argument 'cmake_target' from command line to 'None'
[0.538s] Level 5:colcon.colcon_core.verb:set package 'catalyst_gazebo' build argument 'cmake_target_skip_unavailable' from command line to 'False'
[0.538s] Level 5:colcon.colcon_core.verb:set package 'catalyst_gazebo' build argument 'cmake_clean_cache' from command line to 'False'
[0.538s] Level 5:colcon.colcon_core.verb:set package 'catalyst_gazebo' build argument 'cmake_clean_first' from command line to 'False'
[0.538s] Level 5:colcon.colcon_core.verb:set package 'catalyst_gazebo' build argument 'cmake_force_configure' from command line to 'False'
[0.538s] Level 5:colcon.colcon_core.verb:set package 'catalyst_gazebo' build argument 'ament_cmake_args' from command line to 'None'
[0.538s] Level 5:colcon.colcon_core.verb:set package 'catalyst_gazebo' build argument 'catkin_cmake_args' from command line to 'None'
[0.538s] Level 5:colcon.colcon_core.verb:set package 'catalyst_gazebo' build argument 'catkin_skip_building_tests' from command line to 'False'
[0.538s] DEBUG:colcon.colcon_core.verb:Building package 'catalyst_gazebo' with the following arguments: {'ament_cmake_args': None, 'build_base': '/home/aman/catalyst-manipulation/build/catalyst_gazebo', 'catkin_cmake_args': None, 'catkin_skip_building_tests': False, 'cmake_args': None, 'cmake_clean_cache': False, 'cmake_clean_first': False, 'cmake_force_configure': False, 'cmake_target': None, 'cmake_target_skip_unavailable': False, 'install_base': '/home/aman/catalyst-manipulation/install/catalyst_gazebo', 'merge_install': False, 'path': '/home/aman/catalyst-manipulation/ros2_ws/src/catalyst_gazebo', 'symlink_install': True, 'test_result_base': None}
[0.539s] Level 5:colcon.colcon_core.verb:set package 'xarm_moveit_config' build argument 'cmake_args' from command line to 'None'
[0.539s] Level 5:colcon.colcon_core.verb:set package 'xarm_moveit_config' build argument 'cmake_target' from command line to 'None'
[0.539s] Level 5:colcon.colcon_core.verb:set package 'xarm_moveit_config' build argument 'cmake_target_skip_unavailable' from command line to 'False'
[0.539s] Level 5:colcon.colcon_core.verb:set package 'xarm_moveit_config' build argument 'cmake_clean_cache' from command line to 'False'
[0.539s] Level 5:colcon.colcon_core.verb:set package 'xarm_moveit_config' build argument 'cmake_clean_first' from command line to 'False'
[0.539s] Level 5:colcon.colcon_core.verb:set package 'xarm_moveit_config' build argument 'cmake_force_configure' from command line to 'False'
[0.539s] Level 5:colcon.colcon_core.verb:set package 'xarm_moveit_config' build argument 'ament_cmake_args' from command line to 'None'
[0.539s] Level 5:colcon.colcon_core.verb:set package 'xarm_moveit_config' build argument 'catkin_cmake_args' from command line to 'None'
[0.539s] Level 5:colcon.colcon_core.verb:set package 'xarm_moveit_config' build argument 'catkin_skip_building_tests' from command line to 'False'
[0.539s] DEBUG:colcon.colcon_core.verb:Building package 'xarm_moveit_config' with the following arguments: {'ament_cmake_args': None, 'build_base': '/home/aman/catalyst-manipulation/build/xarm_moveit_config', 'catkin_cmake_args': None, 'catkin_skip_building_tests': False, 'cmake_args': None, 'cmake_clean_cache': False, 'cmake_clean_first': False, 'cmake_force_configure': False, 'cmake_target': None, 'cmake_target_skip_unavailable': False, 'install_base': '/home/aman/catalyst-manipulation/install/xarm_moveit_config', 'merge_install': False, 'path': '/home/aman/catalyst-manipulation/ros2_ws/src/external/xarm_ros2/xarm_moveit_config', 'symlink_install': True, 'test_result_base': None}
[0.539s] Level 5:colcon.colcon_core.verb:set package 'xarm_moveit_servo' build argument 'cmake_args' from command line to 'None'
[0.539s] Level 5:colcon.colcon_core.verb:set package 'xarm_moveit_servo' build argument 'cmake_target' from command line to 'None'
[0.539s] Level 5:colcon.colcon_core.verb:set package 'xarm_moveit_servo' build argument 'cmake_target_skip_unavailable' from command line to 'False'
[0.539s] Level 5:colcon.colcon_core.verb:set package 'xarm_moveit_servo' build argument 'cmake_clean_cache' from command line to 'False'
[0.539s] Level 5:colcon.colcon_core.verb:set package 'xarm_moveit_servo' build argument 'cmake_clean_first' from command line to 'False'
[0.539s] Level 5:colcon.colcon_core.verb:set package 'xarm_moveit_servo' build argument 'cmake_force_configure' from command line to 'False'
[0.539s] Level 5:colcon.colcon_core.verb:set package 'xarm_moveit_servo' build argument 'ament_cmake_args' from command line to 'None'
[0.539s] Level 5:colcon.colcon_core.verb:set package 'xarm_moveit_servo' build argument 'catkin_cmake_args' from command line to 'None'
[0.539s] Level 5:colcon.colcon_core.verb:set package 'xarm_moveit_servo' build argument 'catkin_skip_building_tests' from command line to 'False'
[0.540s] DEBUG:colcon.colcon_core.verb:Building package 'xarm_moveit_servo' with the following arguments: {'ament_cmake_args': None, 'build_base': '/home/aman/catalyst-manipulation/build/xarm_moveit_servo', 'catkin_cmake_args': None, 'catkin_skip_building_tests': False, 'cmake_args': None, 'cmake_clean_cache': False, 'cmake_clean_first': False, 'cmake_force_configure': False, 'cmake_target': None, 'cmake_target_skip_unavailable': False, 'install_base': '/home/aman/catalyst-manipulation/install/xarm_moveit_servo', 'merge_install': False, 'path': '/home/aman/catalyst-manipulation/ros2_ws/src/external/xarm_ros2/xarm_moveit_servo', 'symlink_install': True, 'test_result_base': None}
[0.540s] Level 5:colcon.colcon_core.verb:set package 'xarm_planner' build argument 'cmake_args' from command line to 'None'
[0.540s] Level 5:colcon.colcon_core.verb:set package 'xarm_planner' build argument 'cmake_target' from command line to 'None'
[0.540s] Level 5:colcon.colcon_core.verb:set package 'xarm_planner' build argument 'cmake_target_skip_unavailable' from command line to 'False'
[0.540s] Level 5:colcon.colcon_core.verb:set package 'xarm_planner' build argument 'cmake_clean_cache' from command line to 'False'
[0.540s] Level 5:colcon.colcon_core.verb:set package 'xarm_planner' build argument 'cmake_clean_first' from command line to 'False'
[0.540s] Level 5:colcon.colcon_core.verb:set package 'xarm_planner' build argument 'cmake_force_configure' from command line to 'False'
[0.540s] Level 5:colcon.colcon_core.verb:set package 'xarm_planner' build argument 'ament_cmake_args' from command line to 'None'
[0.540s] Level 5:colcon.colcon_core.verb:set package 'xarm_planner' build argument 'catkin_cmake_args' from command line to 'None'
[0.540s] Level 5:colcon.colcon_core.verb:set package 'xarm_planner' build argument 'catkin_skip_building_tests' from command line to 'False'
[0.540s] DEBUG:colcon.colcon_core.verb:Building package 'xarm_planner' with the following arguments: {'ament_cmake_args': None, 'build_base': '/home/aman/catalyst-manipulation/build/xarm_planner', 'catkin_cmake_args': None, 'catkin_skip_building_tests': False, 'cmake_args': None, 'cmake_clean_cache': False, 'cmake_clean_first': False, 'cmake_force_configure': False, 'cmake_target': None, 'cmake_target_skip_unavailable': False, 'install_base': '/home/aman/catalyst-manipulation/install/xarm_planner', 'merge_install': False, 'path': '/home/aman/catalyst-manipulation/ros2_ws/src/external/xarm_ros2/xarm_planner', 'symlink_install': True, 'test_result_base': None}
[0.540s] INFO:colcon.colcon_core.executor:Executing jobs using 'parallel' executor
[0.542s] DEBUG:colcon.colcon_parallel_executor.executor.parallel:run_until_complete
[0.542s] INFO:colcon.colcon_ros.task.ament_cmake.build:Building ROS package in '/home/aman/catalyst-manipulation/ros2_ws/src/external/xarm_ros2/xarm_description' with build type 'ament_cmake'
[0.542s] INFO:colcon.colcon_cmake.task.cmake.build:Building CMake package in '/home/aman/catalyst-manipulation/ros2_ws/src/external/xarm_ros2/xarm_description'
[0.545s] INFO:colcon.colcon_core.plugin_system:Skipping extension 'colcon_core.shell.bat': Not used on non-Windows systems
[0.546s] INFO:colcon.colcon_core.shell:Skip shell extension 'powershell' for command environment: Not usable outside of PowerShell
[0.546s] DEBUG:colcon.colcon_core.shell:Skip shell extension 'dsv' for command environment
[0.550s] INFO:colcon.colcon_ros.task.ament_cmake.build:Building ROS package in '/home/aman/catalyst-manipulation/ros2_ws/src/external/xarm_ros2/xarm_msgs' with build type 'ament_cmake'
[0.550s] INFO:colcon.colcon_cmake.task.cmake.build:Building CMake package in '/home/aman/catalyst-manipulation/ros2_ws/src/external/xarm_ros2/xarm_msgs'
[0.550s] INFO:colcon.colcon_core.shell:Skip shell extension 'powershell' for command environment: Not usable outside of PowerShell
[0.550s] DEBUG:colcon.colcon_core.shell:Skip shell extension 'dsv' for command environment
[0.554s] INFO:colcon.colcon_ros.task.ament_cmake.build:Building ROS package in '/home/aman/catalyst-manipulation/ros2_ws/src/external/xarm_ros2/xarm_sdk' with build type 'ament_cmake'
[0.554s] INFO:colcon.colcon_cmake.task.cmake.build:Building CMake package in '/home/aman/catalyst-manipulation/ros2_ws/src/external/xarm_ros2/xarm_sdk'
[0.554s] INFO:colcon.colcon_core.shell:Skip shell extension 'powershell' for command environment: Not usable outside of PowerShell
[0.554s] DEBUG:colcon.colcon_core.shell:Skip shell extension 'dsv' for command environment
[0.558s] INFO:colcon.colcon_ros.task.ament_cmake.build:Building ROS package in '/home/aman/catalyst-manipulation/ros2_ws/src/catalyst_interfaces' with build type 'ament_cmake'
[0.558s] INFO:colcon.colcon_cmake.task.cmake.build:Building CMake package in '/home/aman/catalyst-manipulation/ros2_ws/src/catalyst_interfaces'
[0.559s] INFO:colcon.colcon_core.shell:Skip shell extension 'powershell' for command environment: Not usable outside of PowerShell
[0.559s] DEBUG:colcon.colcon_core.shell:Skip shell extension 'dsv' for command environment
[0.562s] INFO:colcon.colcon_ros.task.ament_python.build:Building ROS package in '/home/aman/catalyst-manipulation/ros2_ws/src/external/xarm_ros2/uf_ros_lib' with build type 'ament_python'
[0.562s] Level 1:colcon.colcon_core.shell:create_environment_hook('uf_ros_lib', 'ament_prefix_path')
[0.563s] INFO:colcon.colcon_core.shell:Creating environment hook '/home/aman/catalyst-manipulation/install/uf_ros_lib/share/uf_ros_lib/hook/ament_prefix_path.ps1'
[0.564s] INFO:colcon.colcon_core.shell:Creating environment descriptor '/home/aman/catalyst-manipulation/install/uf_ros_lib/share/uf_ros_lib/hook/ament_prefix_path.dsv'
[0.564s] INFO:colcon.colcon_core.shell:Creating environment hook '/home/aman/catalyst-manipulation/install/uf_ros_lib/share/uf_ros_lib/hook/ament_prefix_path.sh'
[0.565s] INFO:colcon.colcon_core.shell:Skip shell extension 'powershell' for command environment: Not usable outside of PowerShell
[0.565s] DEBUG:colcon.colcon_core.shell:Skip shell extension 'dsv' for command environment
[0.569s] INFO:colcon.colcon_ros.task.ament_cmake.build:Building ROS package in '/home/aman/catalyst-manipulation/ros2_ws/src/description' with build type 'ament_cmake'
[0.569s] INFO:colcon.colcon_cmake.task.cmake.build:Building CMake package in '/home/aman/catalyst-manipulation/ros2_ws/src/description'
[0.569s] INFO:colcon.colcon_core.shell:Skip shell extension 'powershell' for command environment: Not usable outside of PowerShell
[0.569s] DEBUG:colcon.colcon_core.shell:Skip shell extension 'dsv' for command environment
[0.573s] INFO:colcon.colcon_ros.task.ament_cmake.build:Building ROS package in '/home/aman/catalyst-manipulation/ros2_ws/src/external/realsense-ros/realsense2_camera_msgs' with build type 'ament_cmake'
[0.573s] INFO:colcon.colcon_cmake.task.cmake.build:Building CMake package in '/home/aman/catalyst-manipulation/ros2_ws/src/external/realsense-ros/realsense2_camera_msgs'
[0.573s] INFO:colcon.colcon_core.shell:Skip shell extension 'powershell' for command environment: Not usable outside of PowerShell
[0.573s] DEBUG:colcon.colcon_core.shell:Skip shell extension 'dsv' for command environment
[0.577s] INFO:colcon.colcon_ros.task.ament_cmake.build:Building ROS package in '/home/aman/catalyst-manipulation/ros2_ws/src/external/xarm_ros2/demo/mbot_demo' with build type 'ament_cmake'
[0.577s] INFO:colcon.colcon_cmake.task.cmake.build:Building CMake package in '/home/aman/catalyst-manipulation/ros2_ws/src/external/xarm_ros2/demo/mbot_demo'
[0.578s] INFO:colcon.colcon_core.shell:Skip shell extension 'powershell' for command environment: Not usable outside of PowerShell
[0.578s] DEBUG:colcon.colcon_core.shell:Skip shell extension 'dsv' for command environment
[0.582s] INFO:colcon.colcon_ros.task.ament_cmake.build:Building ROS package in '/home/aman/catalyst-manipulation/ros2_ws/src/external/xarm_ros2/thirdparty/realsense_gazebo_plugin' with build type 'ament_cmake'
[0.582s] INFO:colcon.colcon_cmake.task.cmake.build:Building CMake package in '/home/aman/catalyst-manipulation/ros2_ws/src/external/xarm_ros2/thirdparty/realsense_gazebo_plugin'
[0.582s] INFO:colcon.colcon_core.shell:Skip shell extension 'powershell' for command environment: Not usable outside of PowerShell
[0.582s] DEBUG:colcon.colcon_core.shell:Skip shell extension 'dsv' for command environment
[0.593s] DEBUG:colcon.colcon_core.event_handler.log_command:Invoking command in '/home/aman/catalyst-manipulation/build/xarm_description': CMAKE_PREFIX_PATH=/opt/ros/humble /usr/bin/cmake /home/aman/catalyst-manipulation/ros2_ws/src/external/xarm_ros2/xarm_description -DAMENT_CMAKE_SYMLINK_INSTALL=1 -DCMAKE_INSTALL_PREFIX=/home/aman/catalyst-manipulation/install/xarm_description
[0.596s] DEBUG:colcon.colcon_core.event_handler.log_command:Invoking command in '/home/aman/catalyst-manipulation/build/xarm_msgs': CMAKE_PREFIX_PATH=/opt/ros/humble /usr/bin/cmake /home/aman/catalyst-manipulation/ros2_ws/src/external/xarm_ros2/xarm_msgs -DAMENT_CMAKE_SYMLINK_INSTALL=1 -DCMAKE_INSTALL_PREFIX=/home/aman/catalyst-manipulation/install/xarm_msgs
[0.598s] DEBUG:colcon.colcon_core.event_handler.log_command:Invoking command in '/home/aman/catalyst-manipulation/build/xarm_sdk': CMAKE_PREFIX_PATH=/opt/ros/humble /usr/bin/cmake /home/aman/catalyst-manipulation/ros2_ws/src/external/xarm_ros2/xarm_sdk -DAMENT_CMAKE_SYMLINK_INSTALL=1 -DCMAKE_INSTALL_PREFIX=/home/aman/catalyst-manipulation/install/xarm_sdk
[0.601s] DEBUG:colcon.colcon_core.event_handler.log_command:Invoking command in '/home/aman/catalyst-manipulation/build/catalyst_interfaces': CMAKE_PREFIX_PATH=/opt/ros/humble /usr/bin/cmake /home/aman/catalyst-manipulation/ros2_ws/src/catalyst_interfaces -DAMENT_CMAKE_SYMLINK_INSTALL=1 -DCMAKE_INSTALL_PREFIX=/home/aman/catalyst-manipulation/install/catalyst_interfaces
[0.959s] INFO:colcon.colcon_core.task.python.build:Building Python package in '/home/aman/catalyst-manipulation/ros2_ws/src/external/xarm_ros2/uf_ros_lib'
[0.960s] INFO:colcon.colcon_core.shell:Skip shell extension 'powershell' for command environment: Not usable outside of PowerShell
[0.960s] DEBUG:colcon.colcon_core.shell:Skip shell extension 'dsv' for command environment
[0.967s] DEBUG:colcon.colcon_core.event_handler.log_command:Invoking command in '/home/aman/catalyst-manipulation/build/description': CMAKE_PREFIX_PATH=/opt/ros/humble /usr/bin/cmake /home/aman/catalyst-manipulation/ros2_ws/src/description -DAMENT_CMAKE_SYMLINK_INSTALL=1 -DCMAKE_INSTALL_PREFIX=/home/aman/catalyst-manipulation/install/description
[0.970s] DEBUG:colcon.colcon_core.event_handler.log_command:Invoking command in '/home/aman/catalyst-manipulation/build/realsense2_camera_msgs': CMAKE_PREFIX_PATH=/opt/ros/humble /usr/bin/cmake /home/aman/catalyst-manipulation/ros2_ws/src/external/realsense-ros/realsense2_camera_msgs -DAMENT_CMAKE_SYMLINK_INSTALL=1 -DCMAKE_INSTALL_PREFIX=/home/aman/catalyst-manipulation/install/realsense2_camera_msgs
[0.976s] DEBUG:colcon.colcon_core.event_handler.log_command:Invoking command in '/home/aman/catalyst-manipulation/build/mbot_demo': CMAKE_PREFIX_PATH=/opt/ros/humble /usr/bin/cmake /home/aman/catalyst-manipulation/ros2_ws/src/external/xarm_ros2/demo/mbot_demo -DAMENT_CMAKE_SYMLINK_INSTALL=1 -DCMAKE_INSTALL_PREFIX=/home/aman/catalyst-manipulation/install/mbot_demo
[0.990s] DEBUG:colcon.colcon_core.event_handler.log_command:Invoking command in '/home/aman/catalyst-manipulation/build/realsense_gazebo_plugin': CMAKE_PREFIX_PATH=/opt/ros/humble /usr/bin/cmake /home/aman/catalyst-manipulation/ros2_ws/src/external/xarm_ros2/thirdparty/realsense_gazebo_plugin -DAMENT_CMAKE_SYMLINK_INSTALL=1 -DCMAKE_INSTALL_PREFIX=/home/aman/catalyst-manipulation/install/realsense_gazebo_plugin
[1.540s] DEBUG:colcon.colcon_core.event_handler.log_command:Invoking command in '/home/aman/catalyst-manipulation/build/uf_ros_lib': PYTHONPATH=/home/aman/catalyst-manipulation/build/uf_ros_lib/prefix_override:/usr/lib/python3/dist-packages/colcon_core/task/python/colcon_distutils_commands:/home/aman/catalyst-manipulation/install/uf_ros_lib/lib/python3.10/site-packages:${PYTHONPATH} /usr/bin/python3 -W ignore:setup.py install is deprecated -W ignore:easy_install command is deprecated setup.py develop --editable --build-directory /home/aman/catalyst-manipulation/build/uf_ros_lib/build --no-deps symlink_data
[1.551s] DEBUG:colcon.colcon_core.event_handler.log_command:Invoked command in '/home/aman/catalyst-manipulation/build/xarm_description' returned '0': CMAKE_PREFIX_PATH=/opt/ros/humble /usr/bin/cmake /home/aman/catalyst-manipulation/ros2_ws/src/external/xarm_ros2/xarm_description -DAMENT_CMAKE_SYMLINK_INSTALL=1 -DCMAKE_INSTALL_PREFIX=/home/aman/catalyst-manipulation/install/xarm_description
[1.555s] DEBUG:colcon.colcon_core.event_handler.log_command:Invoking command in '/home/aman/catalyst-manipulation/build/xarm_description': CMAKE_PREFIX_PATH=/opt/ros/humble /usr/bin/cmake --build /home/aman/catalyst-manipulation/build/xarm_description -- -j16 -l16
[1.574s] DEBUG:colcon.colcon_core.event_handler.log_command:Invoked command in '/home/aman/catalyst-manipulation/build/xarm_sdk' returned '0': CMAKE_PREFIX_PATH=/opt/ros/humble /usr/bin/cmake /home/aman/catalyst-manipulation/ros2_ws/src/external/xarm_ros2/xarm_sdk -DAMENT_CMAKE_SYMLINK_INSTALL=1 -DCMAKE_INSTALL_PREFIX=/home/aman/catalyst-manipulation/install/xarm_sdk
[1.578s] DEBUG:colcon.colcon_core.event_handler.log_command:Invoking command in '/home/aman/catalyst-manipulation/build/xarm_sdk': CMAKE_PREFIX_PATH=/opt/ros/humble /usr/bin/cmake --build /home/aman/catalyst-manipulation/build/xarm_sdk -- -j16 -l16
[1.612s] DEBUG:colcon.colcon_core.event_handler.log_command:Invoked command in '/home/aman/catalyst-manipulation/build/xarm_description' returned '0': CMAKE_PREFIX_PATH=/opt/ros/humble /usr/bin/cmake --build /home/aman/catalyst-manipulation/build/xarm_description -- -j16 -l16
[1.631s] DEBUG:colcon.colcon_core.event_handler.log_command:Invoking command in '/home/aman/catalyst-manipulation/build/xarm_description': CMAKE_PREFIX_PATH=/opt/ros/humble /usr/bin/cmake --install /home/aman/catalyst-manipulation/build/xarm_description
[2.105s] DEBUG:colcon.colcon_core.event_handler.log_command:Invoked command in '/home/aman/catalyst-manipulation/build/description' returned '0': CMAKE_PREFIX_PATH=/opt/ros/humble /usr/bin/cmake /home/aman/catalyst-manipulation/ros2_ws/src/description -DAMENT_CMAKE_SYMLINK_INSTALL=1 -DCMAKE_INSTALL_PREFIX=/home/aman/catalyst-manipulation/install/description
[2.106s] DEBUG:colcon.colcon_core.event_handler.log_command:Invoking command in '/home/aman/catalyst-manipulation/build/description': CMAKE_PREFIX_PATH=/opt/ros/humble /usr/bin/cmake --build /home/aman/catalyst-manipulation/build/description -- -j16 -l16
[2.186s] DEBUG:colcon.colcon_core.event_handler.log_command:Invoked command in '/home/aman/catalyst-manipulation/build/mbot_demo' returned '0': CMAKE_PREFIX_PATH=/opt/ros/humble /usr/bin/cmake /home/aman/catalyst-manipulation/ros2_ws/src/external/xarm_ros2/demo/mbot_demo -DAMENT_CMAKE_SYMLINK_INSTALL=1 -DCMAKE_INSTALL_PREFIX=/home/aman/catalyst-manipulation/install/mbot_demo
[2.189s] DEBUG:colcon.colcon_core.event_handler.log_command:Invoking command in '/home/aman/catalyst-manipulation/build/mbot_demo': CMAKE_PREFIX_PATH=/opt/ros/humble /usr/bin/cmake --build /home/aman/catalyst-manipulation/build/mbot_demo -- -j16 -l16
[2.263s] DEBUG:colcon.colcon_core.event_handler.log_command:Invoked command in '/home/aman/catalyst-manipulation/build/description' returned '0': CMAKE_PREFIX_PATH=/opt/ros/humble /usr/bin/cmake --build /home/aman/catalyst-manipulation/build/description -- -j16 -l16
[2.264s] DEBUG:colcon.colcon_core.event_handler.log_command:Invoking command in '/home/aman/catalyst-manipulation/build/description': CMAKE_PREFIX_PATH=/opt/ros/humble /usr/bin/cmake --install /home/aman/catalyst-manipulation/build/description
[2.382s] DEBUG:colcon.colcon_core.event_handler.log_command:Invoked command in '/home/aman/catalyst-manipulation/build/mbot_demo' returned '0': CMAKE_PREFIX_PATH=/opt/ros/humble /usr/bin/cmake --build /home/aman/catalyst-manipulation/build/mbot_demo -- -j16 -l16
[2.384s] DEBUG:colcon.colcon_core.event_handler.log_command:Invoking command in '/home/aman/catalyst-manipulation/build/mbot_demo': CMAKE_PREFIX_PATH=/opt/ros/humble /usr/bin/cmake --install /home/aman/catalyst-manipulation/build/mbot_demo
[3.216s] Level 1:colcon.colcon_core.shell:create_environment_hook('uf_ros_lib', 'pythonpath_develop')
[3.217s] INFO:colcon.colcon_core.shell:Creating environment hook '/home/aman/catalyst-manipulation/build/uf_ros_lib/share/uf_ros_lib/hook/pythonpath_develop.ps1'
[3.218s] INFO:colcon.colcon_core.shell:Creating environment descriptor '/home/aman/catalyst-manipulation/build/uf_ros_lib/share/uf_ros_lib/hook/pythonpath_develop.dsv'
[3.219s] INFO:colcon.colcon_core.shell:Creating environment hook '/home/aman/catalyst-manipulation/build/uf_ros_lib/share/uf_ros_lib/hook/pythonpath_develop.sh'
[3.217s] DEBUG:colcon.colcon_core.event_handler.log_command:Invoked command in '/home/aman/catalyst-manipulation/build/uf_ros_lib' returned '0': PYTHONPATH=/home/aman/catalyst-manipulation/build/uf_ros_lib/prefix_override:/usr/lib/python3/dist-packages/colcon_core/task/python/colcon_distutils_commands:/home/aman/catalyst-manipulation/install/uf_ros_lib/lib/python3.10/site-packages:${PYTHONPATH} /usr/bin/python3 -W ignore:setup.py install is deprecated -W ignore:easy_install command is deprecated setup.py develop --editable --build-directory /home/aman/catalyst-manipulation/build/uf_ros_lib/build --no-deps symlink_data
[3.232s] Level 1:colcon.colcon_core.environment:checking '/home/aman/catalyst-manipulation/install/uf_ros_lib' for CMake module files
[3.233s] Level 1:colcon.colcon_core.environment:checking '/home/aman/catalyst-manipulation/install/uf_ros_lib' for CMake config files
[3.239s] Level 1:colcon.colcon_core.environment:checking '/home/aman/catalyst-manipulation/install/uf_ros_lib/lib'
[3.239s] Level 1:colcon.colcon_core.environment:checking '/home/aman/catalyst-manipulation/install/uf_ros_lib/bin'
[3.239s] Level 1:colcon.colcon_core.environment:checking '/home/aman/catalyst-manipulation/install/uf_ros_lib/lib/pkgconfig/uf_ros_lib.pc'
[3.240s] Level 1:colcon.colcon_core.environment:checking '/home/aman/catalyst-manipulation/install/uf_ros_lib/lib/python3.10/site-packages'
[3.240s] Level 1:colcon.colcon_core.shell:create_environment_hook('uf_ros_lib', 'pythonpath')
[3.240s] INFO:colcon.colcon_core.shell:Creating environment hook '/home/aman/catalyst-manipulation/install/uf_ros_lib/share/uf_ros_lib/hook/pythonpath.ps1'
[3.249s] INFO:colcon.colcon_core.shell:Creating environment descriptor '/home/aman/catalyst-manipulation/install/uf_ros_lib/share/uf_ros_lib/hook/pythonpath.dsv'
[3.250s] INFO:colcon.colcon_core.shell:Creating environment hook '/home/aman/catalyst-manipulation/install/uf_ros_lib/share/uf_ros_lib/hook/pythonpath.sh'
[3.252s] Level 1:colcon.colcon_core.environment:checking '/home/aman/catalyst-manipulation/install/uf_ros_lib/bin'
[3.252s] Level 1:colcon.colcon_core.environment:create_environment_scripts_only(uf_ros_lib)
[3.253s] INFO:colcon.colcon_core.shell:Creating package script '/home/aman/catalyst-manipulation/install/uf_ros_lib/share/uf_ros_lib/package.ps1'
[3.257s] INFO:colcon.colcon_core.shell:Creating package descriptor '/home/aman/catalyst-manipulation/install/uf_ros_lib/share/uf_ros_lib/package.dsv'
[3.259s] INFO:colcon.colcon_core.shell:Creating package script '/home/aman/catalyst-manipulation/install/uf_ros_lib/share/uf_ros_lib/package.sh'
[3.264s] INFO:colcon.colcon_core.shell:Creating package script '/home/aman/catalyst-manipulation/install/uf_ros_lib/share/uf_ros_lib/package.bash'
[3.266s] INFO:colcon.colcon_core.shell:Creating package script '/home/aman/catalyst-manipulation/install/uf_ros_lib/share/uf_ros_lib/package.zsh'
[3.275s] Level 1:colcon.colcon_core.environment:create_file_with_runtime_dependencies(/home/aman/catalyst-manipulation/install/uf_ros_lib/share/colcon-core/packages/uf_ros_lib)
[3.365s] Level 1:colcon.colcon_core.environment:create_environment_scripts_only(description)
[3.366s] Level 1:colcon.colcon_core.environment:checking '/home/aman/catalyst-manipulation/install/description' for CMake module files
[3.367s] Level 1:colcon.colcon_core.environment:checking '/home/aman/catalyst-manipulation/install/description' for CMake config files
[3.367s] Level 1:colcon.colcon_core.shell:create_environment_hook('description', 'cmake_prefix_path')
[3.368s] INFO:colcon.colcon_core.shell:Creating environment hook '/home/aman/catalyst-manipulation/install/description/share/description/hook/cmake_prefix_path.ps1'
[3.377s] DEBUG:colcon.colcon_core.event_handler.log_command:Invoked command in '/home/aman/catalyst-manipulation/build/description' returned '0': CMAKE_PREFIX_PATH=/opt/ros/humble /usr/bin/cmake --install /home/aman/catalyst-manipulation/build/description
[3.379s] INFO:colcon.colcon_core.shell:Creating environment descriptor '/home/aman/catalyst-manipulation/install/description/share/description/hook/cmake_prefix_path.dsv'
[3.380s] INFO:colcon.colcon_core.shell:Creating environment hook '/home/aman/catalyst-manipulation/install/description/share/description/hook/cmake_prefix_path.sh'
[3.390s] Level 1:colcon.colcon_core.environment:checking '/home/aman/catalyst-manipulation/install/description/bin'
[3.390s] Level 1:colcon.colcon_core.environment:checking '/home/aman/catalyst-manipulation/install/description/lib/pkgconfig/description.pc'
[3.390s] Level 1:colcon.colcon_core.environment:checking '/home/aman/catalyst-manipulation/install/description/lib/python3.10/site-packages'
[3.391s] Level 1:colcon.colcon_core.environment:checking '/home/aman/catalyst-manipulation/install/description/bin'
[3.392s] INFO:colcon.colcon_core.shell:Creating package script '/home/aman/catalyst-manipulation/install/description/share/description/package.ps1'
[3.393s] INFO:colcon.colcon_core.shell:Creating package descriptor '/home/aman/catalyst-manipulation/install/description/share/description/package.dsv'
[3.400s] INFO:colcon.colcon_core.shell:Creating package script '/home/aman/catalyst-manipulation/install/description/share/description/package.sh'
[3.405s] INFO:colcon.colcon_core.shell:Creating package script '/home/aman/catalyst-manipulation/install/description/share/description/package.bash'
[3.406s] INFO:colcon.colcon_core.shell:Creating package script '/home/aman/catalyst-manipulation/install/description/share/description/package.zsh'
[3.407s] Level 1:colcon.colcon_core.environment:create_file_with_runtime_dependencies(/home/aman/catalyst-manipulation/install/description/share/colcon-core/packages/description)
[3.412s] Level 1:colcon.colcon_core.environment:create_environment_scripts_only(description)
[3.414s] Level 1:colcon.colcon_core.environment:checking '/home/aman/catalyst-manipulation/install/description' for CMake module files
[3.416s] Level 1:colcon.colcon_core.environment:checking '/home/aman/catalyst-manipulation/install/description' for CMake config files
[3.417s] Level 1:colcon.colcon_core.shell:create_environment_hook('description', 'cmake_prefix_path')
[3.423s] INFO:colcon.colcon_core.shell:Creating environment hook '/home/aman/catalyst-manipulation/install/description/share/description/hook/cmake_prefix_path.ps1'
[3.429s] INFO:colcon.colcon_core.shell:Creating environment descriptor '/home/aman/catalyst-manipulation/install/description/share/description/hook/cmake_prefix_path.dsv'
[3.433s] INFO:colcon.colcon_core.shell:Creating environment hook '/home/aman/catalyst-manipulation/install/description/share/description/hook/cmake_prefix_path.sh'
[3.434s] Level 1:colcon.colcon_core.environment:checking '/home/aman/catalyst-manipulation/install/description/bin'
[3.434s] Level 1:colcon.colcon_core.environment:checking '/home/aman/catalyst-manipulation/install/description/lib/pkgconfig/description.pc'
[3.435s] Level 1:colcon.colcon_core.environment:checking '/home/aman/catalyst-manipulation/install/description/lib/python3.10/site-packages'
[3.442s] Level 1:colcon.colcon_core.environment:checking '/home/aman/catalyst-manipulation/install/description/bin'
[3.444s] INFO:colcon.colcon_core.shell:Creating package script '/home/aman/catalyst-manipulation/install/description/share/description/package.ps1'
[3.445s] INFO:colcon.colcon_core.shell:Creating package descriptor '/home/aman/catalyst-manipulation/install/description/share/description/package.dsv'
[3.456s] INFO:colcon.colcon_core.shell:Creating package script '/home/aman/catalyst-manipulation/install/description/share/description/package.sh'
[3.467s] INFO:colcon.colcon_core.shell:Creating package script '/home/aman/catalyst-manipulation/install/description/share/description/package.bash'
[3.468s] INFO:colcon.colcon_core.shell:Creating package script '/home/aman/catalyst-manipulation/install/description/share/description/package.zsh'
[3.469s] Level 1:colcon.colcon_core.environment:create_file_with_runtime_dependencies(/home/aman/catalyst-manipulation/install/description/share/colcon-core/packages/description)
[3.472s] INFO:colcon.colcon_ros.task.ament_cmake.build:Building ROS package in '/home/aman/catalyst-manipulation/ros2_ws/src/moveit_config' with build type 'ament_cmake'
[3.472s] INFO:colcon.colcon_cmake.task.cmake.build:Building CMake package in '/home/aman/catalyst-manipulation/ros2_ws/src/moveit_config'
[3.474s] INFO:colcon.colcon_core.shell:Skip shell extension 'powershell' for command environment: Not usable outside of PowerShell
[3.475s] DEBUG:colcon.colcon_core.shell:Skip shell extension 'dsv' for command environment
[3.505s] DEBUG:colcon.colcon_core.event_handler.log_command:Invoking command in '/home/aman/catalyst-manipulation/build/moveit_config': AMENT_PREFIX_PATH=/home/aman/catalyst-manipulation/install/description:${AMENT_PREFIX_PATH} CMAKE_PREFIX_PATH=/home/aman/catalyst-manipulation/install/description:/opt/ros/humble /usr/bin/cmake /home/aman/catalyst-manipulation/ros2_ws/src/moveit_config -DAMENT_CMAKE_SYMLINK_INSTALL=1 -DCMAKE_INSTALL_PREFIX=/home/aman/catalyst-manipulation/install/moveit_config
[3.763s] Level 1:colcon.colcon_core.environment:create_environment_scripts_only(mbot_demo)
[3.764s] Level 1:colcon.colcon_core.environment:checking '/home/aman/catalyst-manipulation/install/mbot_demo' for CMake module files
[3.768s] DEBUG:colcon.colcon_core.event_handler.log_command:Invoked command in '/home/aman/catalyst-manipulation/build/mbot_demo' returned '0': CMAKE_PREFIX_PATH=/opt/ros/humble /usr/bin/cmake --install /home/aman/catalyst-manipulation/build/mbot_demo
[3.769s] Level 1:colcon.colcon_core.environment:checking '/home/aman/catalyst-manipulation/install/mbot_demo' for CMake config files
[3.769s] Level 1:colcon.colcon_core.shell:create_environment_hook('mbot_demo', 'cmake_prefix_path')
[3.770s] INFO:colcon.colcon_core.shell:Creating environment hook '/home/aman/catalyst-manipulation/install/mbot_demo/share/mbot_demo/hook/cmake_prefix_path.ps1'
[3.771s] INFO:colcon.colcon_core.shell:Creating environment descriptor '/home/aman/catalyst-manipulation/install/mbot_demo/share/mbot_demo/hook/cmake_prefix_path.dsv'
[3.772s] INFO:colcon.colcon_core.shell:Creating environment hook '/home/aman/catalyst-manipulation/install/mbot_demo/share/mbot_demo/hook/cmake_prefix_path.sh'
[3.773s] Level 1:colcon.colcon_core.environment:checking '/home/aman/catalyst-manipulation/install/mbot_demo/bin'
[3.774s] Level 1:colcon.colcon_core.environment:checking '/home/aman/catalyst-manipulation/install/mbot_demo/lib/pkgconfig/mbot_demo.pc'
[3.774s] Level 1:colcon.colcon_core.environment:checking '/home/aman/catalyst-manipulation/install/mbot_demo/lib/python3.10/site-packages'
[3.775s] Level 1:colcon.colcon_core.environment:checking '/home/aman/catalyst-manipulation/install/mbot_demo/bin'
[3.777s] INFO:colcon.colcon_core.shell:Creating package script '/home/aman/catalyst-manipulation/install/mbot_demo/share/mbot_demo/package.ps1'
[3.780s] INFO:colcon.colcon_core.shell:Creating package descriptor '/home/aman/catalyst-manipulation/install/mbot_demo/share/mbot_demo/package.dsv'
[3.783s] INFO:colcon.colcon_core.shell:Creating package script '/home/aman/catalyst-manipulation/install/mbot_demo/share/mbot_demo/package.sh'
[3.784s] INFO:colcon.colcon_core.shell:Creating package script '/home/aman/catalyst-manipulation/install/mbot_demo/share/mbot_demo/package.bash'
[3.786s] INFO:colcon.colcon_core.shell:Creating package script '/home/aman/catalyst-manipulation/install/mbot_demo/share/mbot_demo/package.zsh'
[3.787s] Level 1:colcon.colcon_core.environment:create_file_with_runtime_dependencies(/home/aman/catalyst-manipulation/install/mbot_demo/share/colcon-core/packages/mbot_demo)
[3.796s] Level 1:colcon.colcon_core.environment:create_environment_scripts_only(mbot_demo)
[3.796s] Level 1:colcon.colcon_core.environment:checking '/home/aman/catalyst-manipulation/install/mbot_demo' for CMake module files
[3.800s] Level 1:colcon.colcon_core.environment:checking '/home/aman/catalyst-manipulation/install/mbot_demo' for CMake config files
[3.801s] Level 1:colcon.colcon_core.shell:create_environment_hook('mbot_demo', 'cmake_prefix_path')
[3.801s] INFO:colcon.colcon_core.shell:Creating environment hook '/home/aman/catalyst-manipulation/install/mbot_demo/share/mbot_demo/hook/cmake_prefix_path.ps1'
[3.806s] INFO:colcon.colcon_core.shell:Creating environment descriptor '/home/aman/catalyst-manipulation/install/mbot_demo/share/mbot_demo/hook/cmake_prefix_path.dsv'
[3.807s] INFO:colcon.colcon_core.shell:Creating environment hook '/home/aman/catalyst-manipulation/install/mbot_demo/share/mbot_demo/hook/cmake_prefix_path.sh'
[3.810s] Level 1:colcon.colcon_core.environment:checking '/home/aman/catalyst-manipulation/install/mbot_demo/bin'
[3.811s] Level 1:colcon.colcon_core.environment:checking '/home/aman/catalyst-manipulation/install/mbot_demo/lib/pkgconfig/mbot_demo.pc'
[3.812s] Level 1:colcon.colcon_core.environment:checking '/home/aman/catalyst-manipulation/install/mbot_demo/lib/python3.10/site-packages'
[3.814s] Level 1:colcon.colcon_core.environment:checking '/home/aman/catalyst-manipulation/install/mbot_demo/bin'
[3.816s] INFO:colcon.colcon_core.shell:Creating package script '/home/aman/catalyst-manipulation/install/mbot_demo/share/mbot_demo/package.ps1'
[3.819s] INFO:colcon.colcon_core.shell:Creating package descriptor '/home/aman/catalyst-manipulation/install/mbot_demo/share/mbot_demo/package.dsv'
[3.822s] INFO:colcon.colcon_core.shell:Creating package script '/home/aman/catalyst-manipulation/install/mbot_demo/share/mbot_demo/package.sh'
[3.823s] INFO:colcon.colcon_core.shell:Creating package script '/home/aman/catalyst-manipulation/install/mbot_demo/share/mbot_demo/package.bash'
[3.823s] INFO:colcon.colcon_core.shell:Creating package script '/home/aman/catalyst-manipulation/install/mbot_demo/share/mbot_demo/package.zsh'
[3.824s] Level 1:colcon.colcon_core.environment:create_file_with_runtime_dependencies(/home/aman/catalyst-manipulation/install/mbot_demo/share/colcon-core/packages/mbot_demo)
[5.037s] DEBUG:colcon.colcon_core.event_handler.log_command:Invoked command in '/home/aman/catalyst-manipulation/build/catalyst_interfaces' returned '0': CMAKE_PREFIX_PATH=/opt/ros/humble /usr/bin/cmake /home/aman/catalyst-manipulation/ros2_ws/src/catalyst_interfaces -DAMENT_CMAKE_SYMLINK_INSTALL=1 -DCMAKE_INSTALL_PREFIX=/home/aman/catalyst-manipulation/install/catalyst_interfaces
[5.040s] DEBUG:colcon.colcon_core.event_handler.log_command:Invoking command in '/home/aman/catalyst-manipulation/build/catalyst_interfaces': CMAKE_PREFIX_PATH=/opt/ros/humble /usr/bin/cmake --build /home/aman/catalyst-manipulation/build/catalyst_interfaces -- -j16 -l16
[6.315s] DEBUG:colcon.colcon_core.event_handler.log_command:Invoked command in '/home/aman/catalyst-manipulation/build/moveit_config' returned '0': AMENT_PREFIX_PATH=/home/aman/catalyst-manipulation/install/description:${AMENT_PREFIX_PATH} CMAKE_PREFIX_PATH=/home/aman/catalyst-manipulation/install/description:/opt/ros/humble /usr/bin/cmake /home/aman/catalyst-manipulation/ros2_ws/src/moveit_config -DAMENT_CMAKE_SYMLINK_INSTALL=1 -DCMAKE_INSTALL_PREFIX=/home/aman/catalyst-manipulation/install/moveit_config
[6.320s] DEBUG:colcon.colcon_core.event_handler.log_command:Invoking command in '/home/aman/catalyst-manipulation/build/moveit_config': AMENT_PREFIX_PATH=/home/aman/catalyst-manipulation/install/description:${AMENT_PREFIX_PATH} CMAKE_PREFIX_PATH=/home/aman/catalyst-manipulation/install/description:/opt/ros/humble /usr/bin/cmake --build /home/aman/catalyst-manipulation/build/moveit_config -- -j16 -l16
[6.406s] DEBUG:colcon.colcon_core.event_handler.log_command:Invoked command in '/home/aman/catalyst-manipulation/build/moveit_config' returned '0': AMENT_PREFIX_PATH=/home/aman/catalyst-manipulation/install/description:${AMENT_PREFIX_PATH} CMAKE_PREFIX_PATH=/home/aman/catalyst-manipulation/install/description:/opt/ros/humble /usr/bin/cmake --build /home/aman/catalyst-manipulation/build/moveit_config -- -j16 -l16
[6.407s] DEBUG:colcon.colcon_core.event_handler.log_command:Invoking command in '/home/aman/catalyst-manipulation/build/moveit_config': AMENT_PREFIX_PATH=/home/aman/catalyst-manipulation/install/description:${AMENT_PREFIX_PATH} CMAKE_PREFIX_PATH=/home/aman/catalyst-manipulation/install/description:/opt/ros/humble /usr/bin/cmake --install /home/aman/catalyst-manipulation/build/moveit_config
[6.970s] Level 1:colcon.colcon_core.environment:create_environment_scripts_only(moveit_config)
[6.971s] Level 1:colcon.colcon_core.environment:checking '/home/aman/catalyst-manipulation/install/moveit_config' for CMake module files
[6.975s] DEBUG:colcon.colcon_core.event_handler.log_command:Invoked command in '/home/aman/catalyst-manipulation/build/moveit_config' returned '0': AMENT_PREFIX_PATH=/home/aman/catalyst-manipulation/install/description:${AMENT_PREFIX_PATH} CMAKE_PREFIX_PATH=/home/aman/catalyst-manipulation/install/description:/opt/ros/humble /usr/bin/cmake --install /home/aman/catalyst-manipulation/build/moveit_config
[6.975s] Level 1:colcon.colcon_core.environment:checking '/home/aman/catalyst-manipulation/install/moveit_config' for CMake config files
[6.976s] Level 1:colcon.colcon_core.shell:create_environment_hook('moveit_config', 'cmake_prefix_path')
[6.978s] INFO:colcon.colcon_core.shell:Creating environment hook '/home/aman/catalyst-manipulation/install/moveit_config/share/moveit_config/hook/cmake_prefix_path.ps1'
[6.980s] INFO:colcon.colcon_core.shell:Creating environment descriptor '/home/aman/catalyst-manipulation/install/moveit_config/share/moveit_config/hook/cmake_prefix_path.dsv'
[6.980s] INFO:colcon.colcon_core.shell:Creating environment hook '/home/aman/catalyst-manipulation/install/moveit_config/share/moveit_config/hook/cmake_prefix_path.sh'
[6.985s] Level 1:colcon.colcon_core.environment:checking '/home/aman/catalyst-manipulation/install/moveit_config/bin'
[6.985s] Level 1:colcon.colcon_core.environment:checking '/home/aman/catalyst-manipulation/install/moveit_config/lib/pkgconfig/moveit_config.pc'
[6.985s] Level 1:colcon.colcon_core.environment:checking '/home/aman/catalyst-manipulation/install/moveit_config/lib/python3.10/site-packages'
[6.986s] Level 1:colcon.colcon_core.environment:checking '/home/aman/catalyst-manipulation/install/moveit_config/bin'
[6.987s] INFO:colcon.colcon_core.shell:Creating package script '/home/aman/catalyst-manipulation/install/moveit_config/share/moveit_config/package.ps1'
[6.988s] INFO:colcon.colcon_core.shell:Creating package descriptor '/home/aman/catalyst-manipulation/install/moveit_config/share/moveit_config/package.dsv'
[6.991s] INFO:colcon.colcon_core.shell:Creating package script '/home/aman/catalyst-manipulation/install/moveit_config/share/moveit_config/package.sh'
[6.992s] INFO:colcon.colcon_core.shell:Creating package script '/home/aman/catalyst-manipulation/install/moveit_config/share/moveit_config/package.bash'
[6.993s] INFO:colcon.colcon_core.shell:Creating package script '/home/aman/catalyst-manipulation/install/moveit_config/share/moveit_config/package.zsh'
[6.993s] Level 1:colcon.colcon_core.environment:create_file_with_runtime_dependencies(/home/aman/catalyst-manipulation/install/moveit_config/share/colcon-core/packages/moveit_config)
[6.998s] Level 1:colcon.colcon_core.environment:create_environment_scripts_only(moveit_config)
[6.998s] Level 1:colcon.colcon_core.environment:checking '/home/aman/catalyst-manipulation/install/moveit_config' for CMake module files
[7.002s] Level 1:colcon.colcon_core.environment:checking '/home/aman/catalyst-manipulation/install/moveit_config' for CMake config files
[7.004s] Level 1:colcon.colcon_core.shell:create_environment_hook('moveit_config', 'cmake_prefix_path')
[7.005s] INFO:colcon.colcon_core.shell:Creating environment hook '/home/aman/catalyst-manipulation/install/moveit_config/share/moveit_config/hook/cmake_prefix_path.ps1'
[7.008s] INFO:colcon.colcon_core.shell:Creating environment descriptor '/home/aman/catalyst-manipulation/install/moveit_config/share/moveit_config/hook/cmake_prefix_path.dsv'
[7.010s] INFO:colcon.colcon_core.shell:Creating environment hook '/home/aman/catalyst-manipulation/install/moveit_config/share/moveit_config/hook/cmake_prefix_path.sh'
[7.012s] Level 1:colcon.colcon_core.environment:checking '/home/aman/catalyst-manipulation/install/moveit_config/bin'
[7.012s] Level 1:colcon.colcon_core.environment:checking '/home/aman/catalyst-manipulation/install/moveit_config/lib/pkgconfig/moveit_config.pc'
[7.013s] Level 1:colcon.colcon_core.environment:checking '/home/aman/catalyst-manipulation/install/moveit_config/lib/python3.10/site-packages'
[7.016s] Level 1:colcon.colcon_core.environment:checking '/home/aman/catalyst-manipulation/install/moveit_config/bin'
[7.018s] INFO:colcon.colcon_core.shell:Creating package script '/home/aman/catalyst-manipulation/install/moveit_config/share/moveit_config/package.ps1'
[7.019s] INFO:colcon.colcon_core.shell:Creating package descriptor '/home/aman/catalyst-manipulation/install/moveit_config/share/moveit_config/package.dsv'
[7.020s] INFO:colcon.colcon_core.shell:Creating package script '/home/aman/catalyst-manipulation/install/moveit_config/share/moveit_config/package.sh'
[7.025s] INFO:colcon.colcon_core.shell:Creating package script '/home/aman/catalyst-manipulation/install/moveit_config/share/moveit_config/package.bash'
[7.026s] INFO:colcon.colcon_core.shell:Creating package script '/home/aman/catalyst-manipulation/install/moveit_config/share/moveit_config/package.zsh'
[7.029s] Level 1:colcon.colcon_core.environment:create_file_with_runtime_dependencies(/home/aman/catalyst-manipulation/install/moveit_config/share/colcon-core/packages/moveit_config)
[7.313s] DEBUG:colcon.colcon_core.event_handler.log_command:Invoked command in '/home/aman/catalyst-manipulation/build/xarm_msgs' returned '0': CMAKE_PREFIX_PATH=/opt/ros/humble /usr/bin/cmake /home/aman/catalyst-manipulation/ros2_ws/src/external/xarm_ros2/xarm_msgs -DAMENT_CMAKE_SYMLINK_INSTALL=1 -DCMAKE_INSTALL_PREFIX=/home/aman/catalyst-manipulation/install/xarm_msgs
[7.317s] DEBUG:colcon.colcon_core.event_handler.log_command:Invoking command in '/home/aman/catalyst-manipulation/build/xarm_msgs': CMAKE_PREFIX_PATH=/opt/ros/humble /usr/bin/cmake --build /home/aman/catalyst-manipulation/build/xarm_msgs -- -j16 -l16
[7.547s] DEBUG:colcon.colcon_core.event_handler.log_command:Invoked command in '/home/aman/catalyst-manipulation/build/realsense2_camera_msgs' returned '0': CMAKE_PREFIX_PATH=/opt/ros/humble /usr/bin/cmake /home/aman/catalyst-manipulation/ros2_ws/src/external/realsense-ros/realsense2_camera_msgs -DAMENT_CMAKE_SYMLINK_INSTALL=1 -DCMAKE_INSTALL_PREFIX=/home/aman/catalyst-manipulation/install/realsense2_camera_msgs
[7.551s] DEBUG:colcon.colcon_core.event_handler.log_command:Invoking command in '/home/aman/catalyst-manipulation/build/realsense2_camera_msgs': CMAKE_PREFIX_PATH=/opt/ros/humble /usr/bin/cmake --build /home/aman/catalyst-manipulation/build/realsense2_camera_msgs -- -j16 -l16
[8.461s] DEBUG:colcon.colcon_core.event_handler.log_command:Invoked command in '/home/aman/catalyst-manipulation/build/realsense_gazebo_plugin' returned '0': CMAKE_PREFIX_PATH=/opt/ros/humble /usr/bin/cmake /home/aman/catalyst-manipulation/ros2_ws/src/external/xarm_ros2/thirdparty/realsense_gazebo_plugin -DAMENT_CMAKE_SYMLINK_INSTALL=1 -DCMAKE_INSTALL_PREFIX=/home/aman/catalyst-manipulation/install/realsense_gazebo_plugin
[8.468s] DEBUG:colcon.colcon_core.event_handler.log_command:Invoking command in '/home/aman/catalyst-manipulation/build/realsense_gazebo_plugin': CMAKE_PREFIX_PATH=/opt/ros/humble /usr/bin/cmake --build /home/aman/catalyst-manipulation/build/realsense_gazebo_plugin -- -j16 -l16
[8.670s] Level 1:colcon.colcon_core.environment:create_environment_scripts_only(xarm_description)
[8.670s] Level 1:colcon.colcon_core.environment:checking '/home/aman/catalyst-manipulation/install/xarm_description' for CMake module files
[8.671s] Level 1:colcon.colcon_core.environment:checking '/home/aman/catalyst-manipulation/install/xarm_description' for CMake config files
[8.674s] DEBUG:colcon.colcon_core.event_handler.log_command:Invoked command in '/home/aman/catalyst-manipulation/build/xarm_description' returned '0': CMAKE_PREFIX_PATH=/opt/ros/humble /usr/bin/cmake --install /home/aman/catalyst-manipulation/build/xarm_description
[8.674s] Level 1:colcon.colcon_core.shell:create_environment_hook('xarm_description', 'cmake_prefix_path')
[8.674s] INFO:colcon.colcon_core.shell:Creating environment hook '/home/aman/catalyst-manipulation/install/xarm_description/share/xarm_description/hook/cmake_prefix_path.ps1'
[8.675s] INFO:colcon.colcon_core.shell:Creating environment descriptor '/home/aman/catalyst-manipulation/install/xarm_description/share/xarm_description/hook/cmake_prefix_path.dsv'
[8.676s] INFO:colcon.colcon_core.shell:Creating environment hook '/home/aman/catalyst-manipulation/install/xarm_description/share/xarm_description/hook/cmake_prefix_path.sh'
[8.677s] Level 1:colcon.colcon_core.environment:checking '/home/aman/catalyst-manipulation/install/xarm_description/bin'
[8.677s] Level 1:colcon.colcon_core.environment:checking '/home/aman/catalyst-manipulation/install/xarm_description/lib/pkgconfig/xarm_description.pc'
[8.677s] Level 1:colcon.colcon_core.environment:checking '/home/aman/catalyst-manipulation/install/xarm_description/lib/python3.10/site-packages'
[8.678s] Level 1:colcon.colcon_core.environment:checking '/home/aman/catalyst-manipulation/install/xarm_description/bin'
[8.678s] INFO:colcon.colcon_core.shell:Creating package script '/home/aman/catalyst-manipulation/install/xarm_description/share/xarm_description/package.ps1'
[8.679s] INFO:colcon.colcon_core.shell:Creating package descriptor '/home/aman/catalyst-manipulation/install/xarm_description/share/xarm_description/package.dsv'
[8.680s] INFO:colcon.colcon_core.shell:Creating package script '/home/aman/catalyst-manipulation/install/xarm_description/share/xarm_description/package.sh'
[8.680s] INFO:colcon.colcon_core.shell:Creating package script '/home/aman/catalyst-manipulation/install/xarm_description/share/xarm_description/package.bash'
[8.681s] INFO:colcon.colcon_core.shell:Creating package script '/home/aman/catalyst-manipulation/install/xarm_description/share/xarm_description/package.zsh'
[8.681s] Level 1:colcon.colcon_core.environment:create_file_with_runtime_dependencies(/home/aman/catalyst-manipulation/install/xarm_description/share/colcon-core/packages/xarm_description)
[8.682s] Level 1:colcon.colcon_core.environment:create_environment_scripts_only(xarm_description)
[8.683s] Level 1:colcon.colcon_core.environment:checking '/home/aman/catalyst-manipulation/install/xarm_description' for CMake module files
[8.684s] Level 1:colcon.colcon_core.environment:checking '/home/aman/catalyst-manipulation/install/xarm_description' for CMake config files
[8.685s] Level 1:colcon.colcon_core.shell:create_environment_hook('xarm_description', 'cmake_prefix_path')
[8.686s] INFO:colcon.colcon_core.shell:Creating environment hook '/home/aman/catalyst-manipulation/install/xarm_description/share/xarm_description/hook/cmake_prefix_path.ps1'
[8.687s] INFO:colcon.colcon_core.shell:Creating environment descriptor '/home/aman/catalyst-manipulation/install/xarm_description/share/xarm_description/hook/cmake_prefix_path.dsv'
[8.687s] INFO:colcon.colcon_core.shell:Creating environment hook '/home/aman/catalyst-manipulation/install/xarm_description/share/xarm_description/hook/cmake_prefix_path.sh'
[8.688s] Level 1:colcon.colcon_core.environment:checking '/home/aman/catalyst-manipulation/install/xarm_description/bin'
[8.688s] Level 1:colcon.colcon_core.environment:checking '/home/aman/catalyst-manipulation/install/xarm_description/lib/pkgconfig/xarm_description.pc'
[8.689s] Level 1:colcon.colcon_core.environment:checking '/home/aman/catalyst-manipulation/install/xarm_description/lib/python3.10/site-packages'
[8.689s] Level 1:colcon.colcon_core.environment:checking '/home/aman/catalyst-manipulation/install/xarm_description/bin'
[8.690s] INFO:colcon.colcon_core.shell:Creating package script '/home/aman/catalyst-manipulation/install/xarm_description/share/xarm_description/package.ps1'
[8.692s] INFO:colcon.colcon_core.shell:Creating package descriptor '/home/aman/catalyst-manipulation/install/xarm_description/share/xarm_description/package.dsv'
[8.692s] INFO:colcon.colcon_core.shell:Creating package script '/home/aman/catalyst-manipulation/install/xarm_description/share/xarm_description/package.sh'
[8.693s] INFO:colcon.colcon_core.shell:Creating package script '/home/aman/catalyst-manipulation/install/xarm_description/share/xarm_description/package.bash'
[8.694s] INFO:colcon.colcon_core.shell:Creating package script '/home/aman/catalyst-manipulation/install/xarm_description/share/xarm_description/package.zsh'
[8.694s] Level 1:colcon.colcon_core.environment:create_file_with_runtime_dependencies(/home/aman/catalyst-manipulation/install/xarm_description/share/colcon-core/packages/xarm_description)
[9.579s] DEBUG:colcon.colcon_core.event_handler.log_command:Invoked command in '/home/aman/catalyst-manipulation/build/catalyst_interfaces' returned '0': CMAKE_PREFIX_PATH=/opt/ros/humble /usr/bin/cmake --build /home/aman/catalyst-manipulation/build/catalyst_interfaces -- -j16 -l16
[9.581s] DEBUG:colcon.colcon_core.event_handler.log_command:Invoking command in '/home/aman/catalyst-manipulation/build/catalyst_interfaces': CMAKE_PREFIX_PATH=/opt/ros/humble /usr/bin/cmake --install /home/aman/catalyst-manipulation/build/catalyst_interfaces
[10.257s] DEBUG:colcon.colcon_core.event_handler.log_command:Invoked command in '/home/aman/catalyst-manipulation/build/xarm_sdk' returned '0': CMAKE_PREFIX_PATH=/opt/ros/humble /usr/bin/cmake --build /home/aman/catalyst-manipulation/build/xarm_sdk -- -j16 -l16
[10.262s] DEBUG:colcon.colcon_core.event_handler.log_command:Invoking command in '/home/aman/catalyst-manipulation/build/xarm_sdk': CMAKE_PREFIX_PATH=/opt/ros/humble /usr/bin/cmake --install /home/aman/catalyst-manipulation/build/xarm_sdk
[11.394s] Level 1:colcon.colcon_core.environment:create_environment_scripts_only(catalyst_interfaces)
[11.395s] Level 1:colcon.colcon_core.environment:checking '/home/aman/catalyst-manipulation/install/catalyst_interfaces' for CMake module files
[11.396s] Level 1:colcon.colcon_core.environment:checking '/home/aman/catalyst-manipulation/install/catalyst_interfaces' for CMake config files
[11.397s] Level 1:colcon.colcon_core.shell:create_environment_hook('catalyst_interfaces', 'cmake_prefix_path')
[11.404s] INFO:colcon.colcon_core.shell:Creating environment hook '/home/aman/catalyst-manipulation/install/catalyst_interfaces/share/catalyst_interfaces/hook/cmake_prefix_path.ps1'
[11.405s] INFO:colcon.colcon_core.shell:Creating environment descriptor '/home/aman/catalyst-manipulation/install/catalyst_interfaces/share/catalyst_interfaces/hook/cmake_prefix_path.dsv'
[11.405s] INFO:colcon.colcon_core.shell:Creating environment hook '/home/aman/catalyst-manipulation/install/catalyst_interfaces/share/catalyst_interfaces/hook/cmake_prefix_path.sh'
[11.407s] Level 1:colcon.colcon_core.environment:checking '/home/aman/catalyst-manipulation/install/catalyst_interfaces/lib'
[11.407s] Level 1:colcon.colcon_core.shell:create_environment_hook('catalyst_interfaces', 'ld_library_path_lib')
[11.412s] INFO:colcon.colcon_core.shell:Creating environment hook '/home/aman/catalyst-manipulation/install/catalyst_interfaces/share/catalyst_interfaces/hook/ld_library_path_lib.ps1'
[11.413s] INFO:colcon.colcon_core.shell:Creating environment descriptor '/home/aman/catalyst-manipulation/install/catalyst_interfaces/share/catalyst_interfaces/hook/ld_library_path_lib.dsv'
[11.413s] INFO:colcon.colcon_core.shell:Creating environment hook '/home/aman/catalyst-manipulation/install/catalyst_interfaces/share/catalyst_interfaces/hook/ld_library_path_lib.sh'
[11.414s] Level 1:colcon.colcon_core.environment:checking '/home/aman/catalyst-manipulation/install/catalyst_interfaces/bin'
[11.415s] DEBUG:colcon.colcon_core.event_handler.log_command:Invoked command in '/home/aman/catalyst-manipulation/build/catalyst_interfaces' returned '0': CMAKE_PREFIX_PATH=/opt/ros/humble /usr/bin/cmake --install /home/aman/catalyst-manipulation/build/catalyst_interfaces
[11.415s] Level 1:colcon.colcon_core.environment:checking '/home/aman/catalyst-manipulation/install/catalyst_interfaces/lib/pkgconfig/catalyst_interfaces.pc'
[11.416s] Level 1:colcon.colcon_core.environment:checking '/home/aman/catalyst-manipulation/install/catalyst_interfaces/lib/python3.10/site-packages'
[11.417s] Level 1:colcon.colcon_core.environment:checking '/home/aman/catalyst-manipulation/install/catalyst_interfaces/bin'
[11.419s] INFO:colcon.colcon_core.shell:Creating package script '/home/aman/catalyst-manipulation/install/catalyst_interfaces/share/catalyst_interfaces/package.ps1'
[11.421s] INFO:colcon.colcon_core.shell:Creating package descriptor '/home/aman/catalyst-manipulation/install/catalyst_interfaces/share/catalyst_interfaces/package.dsv'
[11.422s] INFO:colcon.colcon_core.shell:Creating package script '/home/aman/catalyst-manipulation/install/catalyst_interfaces/share/catalyst_interfaces/package.sh'
[11.425s] INFO:colcon.colcon_core.shell:Creating package script '/home/aman/catalyst-manipulation/install/catalyst_interfaces/share/catalyst_interfaces/package.bash'
[11.426s] INFO:colcon.colcon_core.shell:Creating package script '/home/aman/catalyst-manipulation/install/catalyst_interfaces/share/catalyst_interfaces/package.zsh'
[11.426s] Level 1:colcon.colcon_core.environment:create_file_with_runtime_dependencies(/home/aman/catalyst-manipulation/install/catalyst_interfaces/share/colcon-core/packages/catalyst_interfaces)
[11.428s] Level 1:colcon.colcon_core.environment:create_environment_scripts_only(catalyst_interfaces)
[11.429s] Level 1:colcon.colcon_core.environment:checking '/home/aman/catalyst-manipulation/install/catalyst_interfaces' for CMake module files
[11.430s] Level 1:colcon.colcon_core.environment:checking '/home/aman/catalyst-manipulation/install/catalyst_interfaces' for CMake config files
[11.431s] Level 1:colcon.colcon_core.shell:create_environment_hook('catalyst_interfaces', 'cmake_prefix_path')
[11.431s] INFO:colcon.colcon_core.shell:Creating environment hook '/home/aman/catalyst-manipulation/install/catalyst_interfaces/share/catalyst_interfaces/hook/cmake_prefix_path.ps1'
[11.432s] INFO:colcon.colcon_core.shell:Creating environment descriptor '/home/aman/catalyst-manipulation/install/catalyst_interfaces/share/catalyst_interfaces/hook/cmake_prefix_path.dsv'
[11.435s] INFO:colcon.colcon_core.shell:Creating environment hook '/home/aman/catalyst-manipulation/install/catalyst_interfaces/share/catalyst_interfaces/hook/cmake_prefix_path.sh'
[11.440s] Level 1:colcon.colcon_core.environment:checking '/home/aman/catalyst-manipulation/install/catalyst_interfaces/lib'
[11.440s] Level 1:colcon.colcon_core.shell:create_environment_hook('catalyst_interfaces', 'ld_library_path_lib')
[11.441s] INFO:colcon.colcon_core.shell:Creating environment hook '/home/aman/catalyst-manipulation/install/catalyst_interfaces/share/catalyst_interfaces/hook/ld_library_path_lib.ps1'
[11.442s] INFO:colcon.colcon_core.shell:Creating environment descriptor '/home/aman/catalyst-manipulation/install/catalyst_interfaces/share/catalyst_interfaces/hook/ld_library_path_lib.dsv'
[11.442s] INFO:colcon.colcon_core.shell:Creating environment hook '/home/aman/catalyst-manipulation/install/catalyst_interfaces/share/catalyst_interfaces/hook/ld_library_path_lib.sh'
[11.443s] Level 1:colcon.colcon_core.environment:checking '/home/aman/catalyst-manipulation/install/catalyst_interfaces/bin'
[11.444s] Level 1:colcon.colcon_core.environment:checking '/home/aman/catalyst-manipulation/install/catalyst_interfaces/lib/pkgconfig/catalyst_interfaces.pc'
[11.444s] Level 1:colcon.colcon_core.environment:checking '/home/aman/catalyst-manipulation/install/catalyst_interfaces/lib/python3.10/site-packages'
[11.444s] Level 1:colcon.colcon_core.environment:checking '/home/aman/catalyst-manipulation/install/catalyst_interfaces/bin'
[11.445s] INFO:colcon.colcon_core.shell:Creating package script '/home/aman/catalyst-manipulation/install/catalyst_interfaces/share/catalyst_interfaces/package.ps1'
[11.450s] INFO:colcon.colcon_core.shell:Creating package descriptor '/home/aman/catalyst-manipulation/install/catalyst_interfaces/share/catalyst_interfaces/package.dsv'
[11.451s] INFO:colcon.colcon_core.shell:Creating package script '/home/aman/catalyst-manipulation/install/catalyst_interfaces/share/catalyst_interfaces/package.sh'
[11.452s] INFO:colcon.colcon_core.shell:Creating package script '/home/aman/catalyst-manipulation/install/catalyst_interfaces/share/catalyst_interfaces/package.bash'
[11.453s] INFO:colcon.colcon_core.shell:Creating package script '/home/aman/catalyst-manipulation/install/catalyst_interfaces/share/catalyst_interfaces/package.zsh'
[11.459s] Level 1:colcon.colcon_core.environment:create_file_with_runtime_dependencies(/home/aman/catalyst-manipulation/install/catalyst_interfaces/share/colcon-core/packages/catalyst_interfaces)
[11.460s] INFO:colcon.colcon_ros.task.ament_python.build:Building ROS package in '/home/aman/catalyst-manipulation/ros2_ws/src/catalyst_gripper' with build type 'ament_python'
[11.461s] Level 1:colcon.colcon_core.shell:create_environment_hook('catalyst_gripper', 'ament_prefix_path')
[11.462s] INFO:colcon.colcon_core.shell:Creating environment hook '/home/aman/catalyst-manipulation/install/catalyst_gripper/share/catalyst_gripper/hook/ament_prefix_path.ps1'
[11.463s] INFO:colcon.colcon_core.shell:Creating environment descriptor '/home/aman/catalyst-manipulation/install/catalyst_gripper/share/catalyst_gripper/hook/ament_prefix_path.dsv'
[11.464s] INFO:colcon.colcon_core.shell:Creating environment hook '/home/aman/catalyst-manipulation/install/catalyst_gripper/share/catalyst_gripper/hook/ament_prefix_path.sh'
[11.466s] INFO:colcon.colcon_core.shell:Skip shell extension 'powershell' for command environment: Not usable outside of PowerShell
[11.466s] DEBUG:colcon.colcon_core.shell:Skip shell extension 'dsv' for command environment
[11.475s] INFO:colcon.colcon_ros.task.ament_python.build:Building ROS package in '/home/aman/catalyst-manipulation/ros2_ws/src/catalyst_move' with build type 'ament_python'
[11.475s] Level 1:colcon.colcon_core.shell:create_environment_hook('catalyst_move', 'ament_prefix_path')
[11.476s] INFO:colcon.colcon_core.shell:Creating environment hook '/home/aman/catalyst-manipulation/install/catalyst_move/share/catalyst_move/hook/ament_prefix_path.ps1'
[11.480s] INFO:colcon.colcon_core.shell:Creating environment descriptor '/home/aman/catalyst-manipulation/install/catalyst_move/share/catalyst_move/hook/ament_prefix_path.dsv'
[11.481s] INFO:colcon.colcon_core.shell:Creating environment hook '/home/aman/catalyst-manipulation/install/catalyst_move/share/catalyst_move/hook/ament_prefix_path.sh'
[11.482s] INFO:colcon.colcon_core.shell:Skip shell extension 'powershell' for command environment: Not usable outside of PowerShell
[11.482s] DEBUG:colcon.colcon_core.shell:Skip shell extension 'dsv' for command environment
[13.079s] INFO:colcon.colcon_core.task.python.build:Building Python package in '/home/aman/catalyst-manipulation/ros2_ws/src/catalyst_gripper'
[13.080s] INFO:colcon.colcon_core.shell:Skip shell extension 'powershell' for command environment: Not usable outside of PowerShell
[13.080s] DEBUG:colcon.colcon_core.shell:Skip shell extension 'dsv' for command environment
[13.703s] INFO:colcon.colcon_core.task.python.build:Building Python package in '/home/aman/catalyst-manipulation/ros2_ws/src/catalyst_move'
[13.704s] INFO:colcon.colcon_core.shell:Skip shell extension 'powershell' for command environment: Not usable outside of PowerShell
[13.704s] DEBUG:colcon.colcon_core.shell:Skip shell extension 'dsv' for command environment
[13.711s] Level 1:colcon.colcon_core.environment:create_environment_scripts_only(xarm_sdk)
[13.712s] Level 1:colcon.colcon_core.environment:checking '/home/aman/catalyst-manipulation/install/xarm_sdk' for CMake module files
[13.713s] Level 1:colcon.colcon_core.environment:checking '/home/aman/catalyst-manipulation/install/xarm_sdk' for CMake config files
[13.713s] Level 1:colcon.colcon_core.shell:create_environment_hook('xarm_sdk', 'cmake_prefix_path')
[13.714s] INFO:colcon.colcon_core.shell:Creating environment hook '/home/aman/catalyst-manipulation/install/xarm_sdk/share/xarm_sdk/hook/cmake_prefix_path.ps1'
[13.715s] INFO:colcon.colcon_core.shell:Creating environment descriptor '/home/aman/catalyst-manipulation/install/xarm_sdk/share/xarm_sdk/hook/cmake_prefix_path.dsv'
[13.716s] DEBUG:colcon.colcon_core.event_handler.log_command:Invoked command in '/home/aman/catalyst-manipulation/build/xarm_sdk' returned '0': CMAKE_PREFIX_PATH=/opt/ros/humble /usr/bin/cmake --install /home/aman/catalyst-manipulation/build/xarm_sdk
[13.721s] INFO:colcon.colcon_core.shell:Creating environment hook '/home/aman/catalyst-manipulation/install/xarm_sdk/share/xarm_sdk/hook/cmake_prefix_path.sh'
[13.722s] Level 1:colcon.colcon_core.environment:checking '/home/aman/catalyst-manipulation/install/xarm_sdk/lib'
[13.722s] Level 1:colcon.colcon_core.shell:create_environment_hook('xarm_sdk', 'ld_library_path_lib')
[13.723s] INFO:colcon.colcon_core.shell:Creating environment hook '/home/aman/catalyst-manipulation/install/xarm_sdk/share/xarm_sdk/hook/ld_library_path_lib.ps1'
[13.723s] INFO:colcon.colcon_core.shell:Creating environment descriptor '/home/aman/catalyst-manipulation/install/xarm_sdk/share/xarm_sdk/hook/ld_library_path_lib.dsv'
[13.724s] INFO:colcon.colcon_core.shell:Creating environment hook '/home/aman/catalyst-manipulation/install/xarm_sdk/share/xarm_sdk/hook/ld_library_path_lib.sh'
[13.725s] Level 1:colcon.colcon_core.environment:checking '/home/aman/catalyst-manipulation/install/xarm_sdk/bin'
[13.725s] Level 1:colcon.colcon_core.environment:checking '/home/aman/catalyst-manipulation/install/xarm_sdk/lib/pkgconfig/xarm_sdk.pc'
[13.725s] Level 1:colcon.colcon_core.environment:checking '/home/aman/catalyst-manipulation/install/xarm_sdk/lib/python3.10/site-packages'
[13.726s] Level 1:colcon.colcon_core.environment:checking '/home/aman/catalyst-manipulation/install/xarm_sdk/bin'
[13.727s] INFO:colcon.colcon_core.shell:Creating package script '/home/aman/catalyst-manipulation/install/xarm_sdk/share/xarm_sdk/package.ps1'
[13.728s] INFO:colcon.colcon_core.shell:Creating package descriptor '/home/aman/catalyst-manipulation/install/xarm_sdk/share/xarm_sdk/package.dsv'
[13.729s] INFO:colcon.colcon_core.shell:Creating package script '/home/aman/catalyst-manipulation/install/xarm_sdk/share/xarm_sdk/package.sh'
[13.729s] INFO:colcon.colcon_core.shell:Creating package script '/home/aman/catalyst-manipulation/install/xarm_sdk/share/xarm_sdk/package.bash'
[13.730s] INFO:colcon.colcon_core.shell:Creating package script '/home/aman/catalyst-manipulation/install/xarm_sdk/share/xarm_sdk/package.zsh'
[13.731s] Level 1:colcon.colcon_core.environment:create_file_with_runtime_dependencies(/home/aman/catalyst-manipulation/install/xarm_sdk/share/colcon-core/packages/xarm_sdk)
[13.732s] Level 1:colcon.colcon_core.environment:create_environment_scripts_only(xarm_sdk)
[13.732s] Level 1:colcon.colcon_core.environment:checking '/home/aman/catalyst-manipulation/install/xarm_sdk' for CMake module files
[13.733s] Level 1:colcon.colcon_core.environment:checking '/home/aman/catalyst-manipulation/install/xarm_sdk' for CMake config files
[13.734s] Level 1:colcon.colcon_core.shell:create_environment_hook('xarm_sdk', 'cmake_prefix_path')
[13.734s] INFO:colcon.colcon_core.shell:Creating environment hook '/home/aman/catalyst-manipulation/install/xarm_sdk/share/xarm_sdk/hook/cmake_prefix_path.ps1'
[13.735s] INFO:colcon.colcon_core.shell:Creating environment descriptor '/home/aman/catalyst-manipulation/install/xarm_sdk/share/xarm_sdk/hook/cmake_prefix_path.dsv'
[13.736s] INFO:colcon.colcon_core.shell:Creating environment hook '/home/aman/catalyst-manipulation/install/xarm_sdk/share/xarm_sdk/hook/cmake_prefix_path.sh'
[13.736s] Level 1:colcon.colcon_core.environment:checking '/home/aman/catalyst-manipulation/install/xarm_sdk/lib'
[13.737s] Level 1:colcon.colcon_core.shell:create_environment_hook('xarm_sdk', 'ld_library_path_lib')
[13.737s] INFO:colcon.colcon_core.shell:Creating environment hook '/home/aman/catalyst-manipulation/install/xarm_sdk/share/xarm_sdk/hook/ld_library_path_lib.ps1'
[13.738s] INFO:colcon.colcon_core.shell:Creating environment descriptor '/home/aman/catalyst-manipulation/install/xarm_sdk/share/xarm_sdk/hook/ld_library_path_lib.dsv'
[13.738s] INFO:colcon.colcon_core.shell:Creating environment hook '/home/aman/catalyst-manipulation/install/xarm_sdk/share/xarm_sdk/hook/ld_library_path_lib.sh'
[13.739s] Level 1:colcon.colcon_core.environment:checking '/home/aman/catalyst-manipulation/install/xarm_sdk/bin'
[13.739s] Level 1:colcon.colcon_core.environment:checking '/home/aman/catalyst-manipulation/install/xarm_sdk/lib/pkgconfig/xarm_sdk.pc'
[13.739s] Level 1:colcon.colcon_core.environment:checking '/home/aman/catalyst-manipulation/install/xarm_sdk/lib/python3.10/site-packages'
[13.740s] Level 1:colcon.colcon_core.environment:checking '/home/aman/catalyst-manipulation/install/xarm_sdk/bin'
[13.740s] INFO:colcon.colcon_core.shell:Creating package script '/home/aman/catalyst-manipulation/install/xarm_sdk/share/xarm_sdk/package.ps1'
[13.741s] INFO:colcon.colcon_core.shell:Creating package descriptor '/home/aman/catalyst-manipulation/install/xarm_sdk/share/xarm_sdk/package.dsv'
[13.742s] INFO:colcon.colcon_core.shell:Creating package script '/home/aman/catalyst-manipulation/install/xarm_sdk/share/xarm_sdk/package.sh'
[13.743s] INFO:colcon.colcon_core.shell:Creating package script '/home/aman/catalyst-manipulation/install/xarm_sdk/share/xarm_sdk/package.bash'
[13.743s] INFO:colcon.colcon_core.shell:Creating package script '/home/aman/catalyst-manipulation/install/xarm_sdk/share/xarm_sdk/package.zsh'
[13.744s] Level 1:colcon.colcon_core.environment:create_file_with_runtime_dependencies(/home/aman/catalyst-manipulation/install/xarm_sdk/share/colcon-core/packages/xarm_sdk)
[14.299s] DEBUG:colcon.colcon_core.event_handler.log_command:Invoking command in '/home/aman/catalyst-manipulation/build/catalyst_move': AMENT_PREFIX_PATH=/home/aman/catalyst-manipulation/install/catalyst_interfaces:${AMENT_PREFIX_PATH} CMAKE_PREFIX_PATH=/home/aman/catalyst-manipulation/install/catalyst_interfaces LD_LIBRARY_PATH=/home/aman/catalyst-manipulation/install/catalyst_interfaces/lib:${LD_LIBRARY_PATH} PYTHONPATH=/home/aman/catalyst-manipulation/build/catalyst_move/prefix_override:/usr/lib/python3/dist-packages/colcon_core/task/python/colcon_distutils_commands:/home/aman/catalyst-manipulation/install/catalyst_move/lib/python3.10/site-packages:/home/aman/catalyst-manipulation/install/catalyst_interfaces/local/lib/python3.10/dist-packages:${PYTHONPATH} /usr/bin/python3 -W ignore:setup.py install is deprecated -W ignore:easy_install command is deprecated setup.py develop --editable --build-directory /home/aman/catalyst-manipulation/build/catalyst_move/build --no-deps symlink_data
[14.322s] DEBUG:colcon.colcon_core.event_handler.log_command:Invoking command in '/home/aman/catalyst-manipulation/build/catalyst_gripper': AMENT_PREFIX_PATH=/home/aman/catalyst-manipulation/install/catalyst_interfaces:${AMENT_PREFIX_PATH} CMAKE_PREFIX_PATH=/home/aman/catalyst-manipulation/install/catalyst_interfaces LD_LIBRARY_PATH=/home/aman/catalyst-manipulation/install/catalyst_interfaces/lib:${LD_LIBRARY_PATH} PYTHONPATH=/home/aman/catalyst-manipulation/build/catalyst_gripper/prefix_override:/usr/lib/python3/dist-packages/colcon_core/task/python/colcon_distutils_commands:/home/aman/catalyst-manipulation/install/catalyst_gripper/lib/python3.10/site-packages:/home/aman/catalyst-manipulation/install/catalyst_interfaces/local/lib/python3.10/dist-packages:${PYTHONPATH} /usr/bin/python3 -W ignore:setup.py install is deprecated -W ignore:easy_install command is deprecated setup.py develop --editable --build-directory /home/aman/catalyst-manipulation/build/catalyst_gripper/build --no-deps symlink_data
[14.927s] Level 1:colcon.colcon_core.shell:create_environment_hook('catalyst_gripper', 'pythonpath_develop')
[14.928s] INFO:colcon.colcon_core.shell:Creating environment hook '/home/aman/catalyst-manipulation/build/catalyst_gripper/share/catalyst_gripper/hook/pythonpath_develop.ps1'
[14.930s] INFO:colcon.colcon_core.shell:Creating environment descriptor '/home/aman/catalyst-manipulation/build/catalyst_gripper/share/catalyst_gripper/hook/pythonpath_develop.dsv'
[14.930s] DEBUG:colcon.colcon_core.event_handler.log_command:Invoked command in '/home/aman/catalyst-manipulation/build/catalyst_gripper' returned '0': AMENT_PREFIX_PATH=/home/aman/catalyst-manipulation/install/catalyst_interfaces:${AMENT_PREFIX_PATH} CMAKE_PREFIX_PATH=/home/aman/catalyst-manipulation/install/catalyst_interfaces LD_LIBRARY_PATH=/home/aman/catalyst-manipulation/install/catalyst_interfaces/lib:${LD_LIBRARY_PATH} PYTHONPATH=/home/aman/catalyst-manipulation/build/catalyst_gripper/prefix_override:/usr/lib/python3/dist-packages/colcon_core/task/python/colcon_distutils_commands:/home/aman/catalyst-manipulation/install/catalyst_gripper/lib/python3.10/site-packages:/home/aman/catalyst-manipulation/install/catalyst_interfaces/local/lib/python3.10/dist-packages:${PYTHONPATH} /usr/bin/python3 -W ignore:setup.py install is deprecated -W ignore:easy_install command is deprecated setup.py develop --editable --build-directory /home/aman/catalyst-manipulation/build/catalyst_gripper/build --no-deps symlink_data
[14.931s] INFO:colcon.colcon_core.shell:Creating environment hook '/home/aman/catalyst-manipulation/build/catalyst_gripper/share/catalyst_gripper/hook/pythonpath_develop.sh'
[14.932s] Level 1:colcon.colcon_core.environment:checking '/home/aman/catalyst-manipulation/install/catalyst_gripper' for CMake module files
[14.932s] Level 1:colcon.colcon_core.environment:checking '/home/aman/catalyst-manipulation/install/catalyst_gripper' for CMake config files
[14.933s] Level 1:colcon.colcon_core.environment:checking '/home/aman/catalyst-manipulation/install/catalyst_gripper/lib'
[14.933s] Level 1:colcon.colcon_core.environment:checking '/home/aman/catalyst-manipulation/install/catalyst_gripper/bin'
[14.933s] Level 1:colcon.colcon_core.environment:checking '/home/aman/catalyst-manipulation/install/catalyst_gripper/lib/pkgconfig/catalyst_gripper.pc'
[14.934s] Level 1:colcon.colcon_core.environment:checking '/home/aman/catalyst-manipulation/install/catalyst_gripper/lib/python3.10/site-packages'
[14.934s] Level 1:colcon.colcon_core.shell:create_environment_hook('catalyst_gripper', 'pythonpath')
[14.934s] INFO:colcon.colcon_core.shell:Creating environment hook '/home/aman/catalyst-manipulation/install/catalyst_gripper/share/catalyst_gripper/hook/pythonpath.ps1'
[14.935s] INFO:colcon.colcon_core.shell:Creating environment descriptor '/home/aman/catalyst-manipulation/install/catalyst_gripper/share/catalyst_gripper/hook/pythonpath.dsv'
[14.935s] INFO:colcon.colcon_core.shell:Creating environment hook '/home/aman/catalyst-manipulation/install/catalyst_gripper/share/catalyst_gripper/hook/pythonpath.sh'
[14.936s] Level 1:colcon.colcon_core.environment:checking '/home/aman/catalyst-manipulation/install/catalyst_gripper/bin'
[14.937s] Level 1:colcon.colcon_core.environment:create_environment_scripts_only(catalyst_gripper)
[14.937s] INFO:colcon.colcon_core.shell:Creating package script '/home/aman/catalyst-manipulation/install/catalyst_gripper/share/catalyst_gripper/package.ps1'
[14.938s] INFO:colcon.colcon_core.shell:Creating package descriptor '/home/aman/catalyst-manipulation/install/catalyst_gripper/share/catalyst_gripper/package.dsv'
[14.939s] INFO:colcon.colcon_core.shell:Creating package script '/home/aman/catalyst-manipulation/install/catalyst_gripper/share/catalyst_gripper/package.sh'
[14.939s] INFO:colcon.colcon_core.shell:Creating package script '/home/aman/catalyst-manipulation/install/catalyst_gripper/share/catalyst_gripper/package.bash'
[14.940s] INFO:colcon.colcon_core.shell:Creating package script '/home/aman/catalyst-manipulation/install/catalyst_gripper/share/catalyst_gripper/package.zsh'
[14.940s] Level 1:colcon.colcon_core.environment:create_file_with_runtime_dependencies(/home/aman/catalyst-manipulation/install/catalyst_gripper/share/colcon-core/packages/catalyst_gripper)
[14.954s] Level 1:colcon.colcon_core.shell:create_environment_hook('catalyst_move', 'pythonpath_develop')
[14.954s] INFO:colcon.colcon_core.shell:Creating environment hook '/home/aman/catalyst-manipulation/build/catalyst_move/share/catalyst_move/hook/pythonpath_develop.ps1'
[14.955s] DEBUG:colcon.colcon_core.event_handler.log_command:Invoked command in '/home/aman/catalyst-manipulation/build/catalyst_move' returned '0': AMENT_PREFIX_PATH=/home/aman/catalyst-manipulation/install/catalyst_interfaces:${AMENT_PREFIX_PATH} CMAKE_PREFIX_PATH=/home/aman/catalyst-manipulation/install/catalyst_interfaces LD_LIBRARY_PATH=/home/aman/catalyst-manipulation/install/catalyst_interfaces/lib:${LD_LIBRARY_PATH} PYTHONPATH=/home/aman/catalyst-manipulation/build/catalyst_move/prefix_override:/usr/lib/python3/dist-packages/colcon_core/task/python/colcon_distutils_commands:/home/aman/catalyst-manipulation/install/catalyst_move/lib/python3.10/site-packages:/home/aman/catalyst-manipulation/install/catalyst_interfaces/local/lib/python3.10/dist-packages:${PYTHONPATH} /usr/bin/python3 -W ignore:setup.py install is deprecated -W ignore:easy_install command is deprecated setup.py develop --editable --build-directory /home/aman/catalyst-manipulation/build/catalyst_move/build --no-deps symlink_data
[14.956s] INFO:colcon.colcon_core.shell:Creating environment descriptor '/home/aman/catalyst-manipulation/build/catalyst_move/share/catalyst_move/hook/pythonpath_develop.dsv'
[14.956s] INFO:colcon.colcon_core.shell:Creating environment hook '/home/aman/catalyst-manipulation/build/catalyst_move/share/catalyst_move/hook/pythonpath_develop.sh'
[14.957s] Level 1:colcon.colcon_core.environment:checking '/home/aman/catalyst-manipulation/install/catalyst_move' for CMake module files
[14.957s] Level 1:colcon.colcon_core.environment:checking '/home/aman/catalyst-manipulation/install/catalyst_move' for CMake config files
[14.958s] Level 1:colcon.colcon_core.environment:checking '/home/aman/catalyst-manipulation/install/catalyst_move/lib'
[14.958s] Level 1:colcon.colcon_core.environment:checking '/home/aman/catalyst-manipulation/install/catalyst_move/bin'
[14.958s] Level 1:colcon.colcon_core.environment:checking '/home/aman/catalyst-manipulation/install/catalyst_move/lib/pkgconfig/catalyst_move.pc'
[14.959s] Level 1:colcon.colcon_core.environment:checking '/home/aman/catalyst-manipulation/install/catalyst_move/lib/python3.10/site-packages'
[14.959s] Level 1:colcon.colcon_core.shell:create_environment_hook('catalyst_move', 'pythonpath')
[14.959s] INFO:colcon.colcon_core.shell:Creating environment hook '/home/aman/catalyst-manipulation/install/catalyst_move/share/catalyst_move/hook/pythonpath.ps1'
[14.959s] INFO:colcon.colcon_core.shell:Creating environment descriptor '/home/aman/catalyst-manipulation/install/catalyst_move/share/catalyst_move/hook/pythonpath.dsv'
[14.960s] INFO:colcon.colcon_core.shell:Creating environment hook '/home/aman/catalyst-manipulation/install/catalyst_move/share/catalyst_move/hook/pythonpath.sh'
[14.961s] Level 1:colcon.colcon_core.environment:checking '/home/aman/catalyst-manipulation/install/catalyst_move/bin'
[14.961s] Level 1:colcon.colcon_core.environment:create_environment_scripts_only(catalyst_move)
[14.961s] INFO:colcon.colcon_core.shell:Creating package script '/home/aman/catalyst-manipulation/install/catalyst_move/share/catalyst_move/package.ps1'
[14.962s] INFO:colcon.colcon_core.shell:Creating package descriptor '/home/aman/catalyst-manipulation/install/catalyst_move/share/catalyst_move/package.dsv'
[14.963s] INFO:colcon.colcon_core.shell:Creating package script '/home/aman/catalyst-manipulation/install/catalyst_move/share/catalyst_move/package.sh'
[14.963s] INFO:colcon.colcon_core.shell:Creating package script '/home/aman/catalyst-manipulation/install/catalyst_move/share/catalyst_move/package.bash'
[14.964s] INFO:colcon.colcon_core.shell:Creating package script '/home/aman/catalyst-manipulation/install/catalyst_move/share/catalyst_move/package.zsh'
[14.964s] Level 1:colcon.colcon_core.environment:create_file_with_runtime_dependencies(/home/aman/catalyst-manipulation/install/catalyst_move/share/colcon-core/packages/catalyst_move)
[16.571s] DEBUG:colcon.colcon_core.event_handler.log_command:Invoked command in '/home/aman/catalyst-manipulation/build/realsense2_camera_msgs' returned '0': CMAKE_PREFIX_PATH=/opt/ros/humble /usr/bin/cmake --build /home/aman/catalyst-manipulation/build/realsense2_camera_msgs -- -j16 -l16
[16.573s] DEBUG:colcon.colcon_core.event_handler.log_command:Invoking command in '/home/aman/catalyst-manipulation/build/realsense2_camera_msgs': CMAKE_PREFIX_PATH=/opt/ros/humble /usr/bin/cmake --install /home/aman/catalyst-manipulation/build/realsense2_camera_msgs
[19.921s] Level 1:colcon.colcon_core.environment:create_environment_scripts_only(realsense2_camera_msgs)
[19.922s] DEBUG:colcon.colcon_core.event_handler.log_command:Invoked command in '/home/aman/catalyst-manipulation/build/realsense2_camera_msgs' returned '0': CMAKE_PREFIX_PATH=/opt/ros/humble /usr/bin/cmake --install /home/aman/catalyst-manipulation/build/realsense2_camera_msgs
[19.923s] Level 1:colcon.colcon_core.environment:checking '/home/aman/catalyst-manipulation/install/realsense2_camera_msgs' for CMake module files
[19.924s] Level 1:colcon.colcon_core.environment:checking '/home/aman/catalyst-manipulation/install/realsense2_camera_msgs' for CMake config files
[19.926s] Level 1:colcon.colcon_core.shell:create_environment_hook('realsense2_camera_msgs', 'cmake_prefix_path')
[19.926s] INFO:colcon.colcon_core.shell:Creating environment hook '/home/aman/catalyst-manipulation/install/realsense2_camera_msgs/share/realsense2_camera_msgs/hook/cmake_prefix_path.ps1'
[19.927s] INFO:colcon.colcon_core.shell:Creating environment descriptor '/home/aman/catalyst-manipulation/install/realsense2_camera_msgs/share/realsense2_camera_msgs/hook/cmake_prefix_path.dsv'
[19.928s] INFO:colcon.colcon_core.shell:Creating environment hook '/home/aman/catalyst-manipulation/install/realsense2_camera_msgs/share/realsense2_camera_msgs/hook/cmake_prefix_path.sh'
[19.928s] Level 1:colcon.colcon_core.environment:checking '/home/aman/catalyst-manipulation/install/realsense2_camera_msgs/lib'
[19.929s] Level 1:colcon.colcon_core.shell:create_environment_hook('realsense2_camera_msgs', 'ld_library_path_lib')
[19.929s] INFO:colcon.colcon_core.shell:Creating environment hook '/home/aman/catalyst-manipulation/install/realsense2_camera_msgs/share/realsense2_camera_msgs/hook/ld_library_path_lib.ps1'
[19.929s] INFO:colcon.colcon_core.shell:Creating environment descriptor '/home/aman/catalyst-manipulation/install/realsense2_camera_msgs/share/realsense2_camera_msgs/hook/ld_library_path_lib.dsv'
[19.930s] INFO:colcon.colcon_core.shell:Creating environment hook '/home/aman/catalyst-manipulation/install/realsense2_camera_msgs/share/realsense2_camera_msgs/hook/ld_library_path_lib.sh'
[19.930s] Level 1:colcon.colcon_core.environment:checking '/home/aman/catalyst-manipulation/install/realsense2_camera_msgs/bin'
[19.931s] Level 1:colcon.colcon_core.environment:checking '/home/aman/catalyst-manipulation/install/realsense2_camera_msgs/lib/pkgconfig/realsense2_camera_msgs.pc'
[19.931s] Level 1:colcon.colcon_core.environment:checking '/home/aman/catalyst-manipulation/install/realsense2_camera_msgs/lib/python3.10/site-packages'
[19.932s] Level 1:colcon.colcon_core.environment:checking '/home/aman/catalyst-manipulation/install/realsense2_camera_msgs/bin'
[19.932s] INFO:colcon.colcon_core.shell:Creating package script '/home/aman/catalyst-manipulation/install/realsense2_camera_msgs/share/realsense2_camera_msgs/package.ps1'
[19.933s] INFO:colcon.colcon_core.shell:Creating package descriptor '/home/aman/catalyst-manipulation/install/realsense2_camera_msgs/share/realsense2_camera_msgs/package.dsv'
[19.933s] INFO:colcon.colcon_core.shell:Creating package script '/home/aman/catalyst-manipulation/install/realsense2_camera_msgs/share/realsense2_camera_msgs/package.sh'
[19.934s] INFO:colcon.colcon_core.shell:Creating package script '/home/aman/catalyst-manipulation/install/realsense2_camera_msgs/share/realsense2_camera_msgs/package.bash'
[19.934s] INFO:colcon.colcon_core.shell:Creating package script '/home/aman/catalyst-manipulation/install/realsense2_camera_msgs/share/realsense2_camera_msgs/package.zsh'
[19.935s] Level 1:colcon.colcon_core.environment:create_file_with_runtime_dependencies(/home/aman/catalyst-manipulation/install/realsense2_camera_msgs/share/colcon-core/packages/realsense2_camera_msgs)
[19.936s] Level 1:colcon.colcon_core.environment:create_environment_scripts_only(realsense2_camera_msgs)
[19.936s] Level 1:colcon.colcon_core.environment:checking '/home/aman/catalyst-manipulation/install/realsense2_camera_msgs' for CMake module files
[19.937s] Level 1:colcon.colcon_core.environment:checking '/home/aman/catalyst-manipulation/install/realsense2_camera_msgs' for CMake config files
[19.939s] Level 1:colcon.colcon_core.shell:create_environment_hook('realsense2_camera_msgs', 'cmake_prefix_path')
[19.939s] INFO:colcon.colcon_core.shell:Creating environment hook '/home/aman/catalyst-manipulation/install/realsense2_camera_msgs/share/realsense2_camera_msgs/hook/cmake_prefix_path.ps1'
[19.940s] INFO:colcon.colcon_core.shell:Creating environment descriptor '/home/aman/catalyst-manipulation/install/realsense2_camera_msgs/share/realsense2_camera_msgs/hook/cmake_prefix_path.dsv'
[19.941s] INFO:colcon.colcon_core.shell:Creating environment hook '/home/aman/catalyst-manipulation/install/realsense2_camera_msgs/share/realsense2_camera_msgs/hook/cmake_prefix_path.sh'
[19.942s] Level 1:colcon.colcon_core.environment:checking '/home/aman/catalyst-manipulation/install/realsense2_camera_msgs/lib'
[19.942s] Level 1:colcon.colcon_core.shell:create_environment_hook('realsense2_camera_msgs', 'ld_library_path_lib')
[19.943s] INFO:colcon.colcon_core.shell:Creating environment hook '/home/aman/catalyst-manipulation/install/realsense2_camera_msgs/share/realsense2_camera_msgs/hook/ld_library_path_lib.ps1'
[19.943s] INFO:colcon.colcon_core.shell:Creating environment descriptor '/home/aman/catalyst-manipulation/install/realsense2_camera_msgs/share/realsense2_camera_msgs/hook/ld_library_path_lib.dsv'
[19.944s] INFO:colcon.colcon_core.shell:Creating environment hook '/home/aman/catalyst-manipulation/install/realsense2_camera_msgs/share/realsense2_camera_msgs/hook/ld_library_path_lib.sh'
[19.944s] Level 1:colcon.colcon_core.environment:checking '/home/aman/catalyst-manipulation/install/realsense2_camera_msgs/bin'
[19.945s] Level 1:colcon.colcon_core.environment:checking '/home/aman/catalyst-manipulation/install/realsense2_camera_msgs/lib/pkgconfig/realsense2_camera_msgs.pc'
[19.945s] Level 1:colcon.colcon_core.environment:checking '/home/aman/catalyst-manipulation/install/realsense2_camera_msgs/lib/python3.10/site-packages'
[19.945s] Level 1:colcon.colcon_core.environment:checking '/home/aman/catalyst-manipulation/install/realsense2_camera_msgs/bin'
[19.946s] INFO:colcon.colcon_core.shell:Creating package script '/home/aman/catalyst-manipulation/install/realsense2_camera_msgs/share/realsense2_camera_msgs/package.ps1'
[19.947s] INFO:colcon.colcon_core.shell:Creating package descriptor '/home/aman/catalyst-manipulation/install/realsense2_camera_msgs/share/realsense2_camera_msgs/package.dsv'
[19.948s] INFO:colcon.colcon_core.shell:Creating package script '/home/aman/catalyst-manipulation/install/realsense2_camera_msgs/share/realsense2_camera_msgs/package.sh'
[19.951s] INFO:colcon.colcon_core.shell:Creating package script '/home/aman/catalyst-manipulation/install/realsense2_camera_msgs/share/realsense2_camera_msgs/package.bash'
[19.952s] INFO:colcon.colcon_core.shell:Creating package script '/home/aman/catalyst-manipulation/install/realsense2_camera_msgs/share/realsense2_camera_msgs/package.zsh'
[19.953s] Level 1:colcon.colcon_core.environment:create_file_with_runtime_dependencies(/home/aman/catalyst-manipulation/install/realsense2_camera_msgs/share/colcon-core/packages/realsense2_camera_msgs)
[19.954s] INFO:colcon.colcon_ros.task.ament_cmake.build:Building ROS package in '/home/aman/catalyst-manipulation/ros2_ws/src/external/realsense-ros/realsense2_camera' with build type 'ament_cmake'
[19.954s] INFO:colcon.colcon_cmake.task.cmake.build:Building CMake package in '/home/aman/catalyst-manipulation/ros2_ws/src/external/realsense-ros/realsense2_camera'
[19.955s] INFO:colcon.colcon_core.shell:Skip shell extension 'powershell' for command environment: Not usable outside of PowerShell
[19.955s] DEBUG:colcon.colcon_core.shell:Skip shell extension 'dsv' for command environment
[19.961s] INFO:colcon.colcon_ros.task.ament_cmake.build:Building ROS package in '/home/aman/catalyst-manipulation/ros2_ws/src/external/realsense-ros/realsense2_description' with build type 'ament_cmake'
[19.962s] INFO:colcon.colcon_cmake.task.cmake.build:Building CMake package in '/home/aman/catalyst-manipulation/ros2_ws/src/external/realsense-ros/realsense2_description'
[19.962s] INFO:colcon.colcon_core.shell:Skip shell extension 'powershell' for command environment: Not usable outside of PowerShell
[19.962s] DEBUG:colcon.colcon_core.shell:Skip shell extension 'dsv' for command environment
[19.973s] DEBUG:colcon.colcon_core.event_handler.log_command:Invoking command in '/home/aman/catalyst-manipulation/build/realsense2_camera': AMENT_PREFIX_PATH=/home/aman/catalyst-manipulation/install/realsense2_camera_msgs:${AMENT_PREFIX_PATH} CMAKE_PREFIX_PATH=/home/aman/catalyst-manipulation/install/realsense2_camera_msgs:/opt/ros/humble LD_LIBRARY_PATH=/home/aman/catalyst-manipulation/install/realsense2_camera_msgs/lib:${LD_LIBRARY_PATH} PYTHONPATH=/home/aman/catalyst-manipulation/install/realsense2_camera_msgs/local/lib/python3.10/dist-packages:${PYTHONPATH} /usr/bin/cmake /home/aman/catalyst-manipulation/ros2_ws/src/external/realsense-ros/realsense2_camera -DAMENT_CMAKE_SYMLINK_INSTALL=1 -DCMAKE_INSTALL_PREFIX=/home/aman/catalyst-manipulation/install/realsense2_camera
[19.980s] DEBUG:colcon.colcon_core.event_handler.log_command:Invoking command in '/home/aman/catalyst-manipulation/build/realsense2_description': AMENT_PREFIX_PATH=/home/aman/catalyst-manipulation/install/realsense2_camera_msgs:${AMENT_PREFIX_PATH} CMAKE_PREFIX_PATH=/home/aman/catalyst-manipulation/install/realsense2_camera_msgs:/opt/ros/humble LD_LIBRARY_PATH=/home/aman/catalyst-manipulation/install/realsense2_camera_msgs/lib:${LD_LIBRARY_PATH} PYTHONPATH=/home/aman/catalyst-manipulation/install/realsense2_camera_msgs/local/lib/python3.10/dist-packages:${PYTHONPATH} /usr/bin/cmake /home/aman/catalyst-manipulation/ros2_ws/src/external/realsense-ros/realsense2_description -DAMENT_CMAKE_SYMLINK_INSTALL=1 -DCMAKE_INSTALL_PREFIX=/home/aman/catalyst-manipulation/install/realsense2_description
[20.992s] DEBUG:colcon.colcon_core.event_handler.log_command:Invoked command in '/home/aman/catalyst-manipulation/build/realsense2_description' returned '0': AMENT_PREFIX_PATH=/home/aman/catalyst-manipulation/install/realsense2_camera_msgs:${AMENT_PREFIX_PATH} CMAKE_PREFIX_PATH=/home/aman/catalyst-manipulation/install/realsense2_camera_msgs:/opt/ros/humble LD_LIBRARY_PATH=/home/aman/catalyst-manipulation/install/realsense2_camera_msgs/lib:${LD_LIBRARY_PATH} PYTHONPATH=/home/aman/catalyst-manipulation/install/realsense2_camera_msgs/local/lib/python3.10/dist-packages:${PYTHONPATH} /usr/bin/cmake /home/aman/catalyst-manipulation/ros2_ws/src/external/realsense-ros/realsense2_description -DAMENT_CMAKE_SYMLINK_INSTALL=1 -DCMAKE_INSTALL_PREFIX=/home/aman/catalyst-manipulation/install/realsense2_description
[20.993s] DEBUG:colcon.colcon_core.event_handler.log_command:Invoking command in '/home/aman/catalyst-manipulation/build/realsense2_description': AMENT_PREFIX_PATH=/home/aman/catalyst-manipulation/install/realsense2_camera_msgs:${AMENT_PREFIX_PATH} CMAKE_PREFIX_PATH=/home/aman/catalyst-manipulation/install/realsense2_camera_msgs:/opt/ros/humble LD_LIBRARY_PATH=/home/aman/catalyst-manipulation/install/realsense2_camera_msgs/lib:${LD_LIBRARY_PATH} PYTHONPATH=/home/aman/catalyst-manipulation/install/realsense2_camera_msgs/local/lib/python3.10/dist-packages:${PYTHONPATH} /usr/bin/cmake --build /home/aman/catalyst-manipulation/build/realsense2_description -- -j16 -l16
[21.060s] DEBUG:colcon.colcon_core.event_handler.log_command:Invoked command in '/home/aman/catalyst-manipulation/build/realsense2_description' returned '0': AMENT_PREFIX_PATH=/home/aman/catalyst-manipulation/install/realsense2_camera_msgs:${AMENT_PREFIX_PATH} CMAKE_PREFIX_PATH=/home/aman/catalyst-manipulation/install/realsense2_camera_msgs:/opt/ros/humble LD_LIBRARY_PATH=/home/aman/catalyst-manipulation/install/realsense2_camera_msgs/lib:${LD_LIBRARY_PATH} PYTHONPATH=/home/aman/catalyst-manipulation/install/realsense2_camera_msgs/local/lib/python3.10/dist-packages:${PYTHONPATH} /usr/bin/cmake --build /home/aman/catalyst-manipulation/build/realsense2_description -- -j16 -l16
[21.062s] DEBUG:colcon.colcon_core.event_handler.log_command:Invoking command in '/home/aman/catalyst-manipulation/build/realsense2_description': AMENT_PREFIX_PATH=/home/aman/catalyst-manipulation/install/realsense2_camera_msgs:${AMENT_PREFIX_PATH} CMAKE_PREFIX_PATH=/home/aman/catalyst-manipulation/install/realsense2_camera_msgs:/opt/ros/humble LD_LIBRARY_PATH=/home/aman/catalyst-manipulation/install/realsense2_camera_msgs/lib:${LD_LIBRARY_PATH} PYTHONPATH=/home/aman/catalyst-manipulation/install/realsense2_camera_msgs/local/lib/python3.10/dist-packages:${PYTHONPATH} /usr/bin/cmake --install /home/aman/catalyst-manipulation/build/realsense2_description
[21.734s] Level 1:colcon.colcon_core.environment:create_environment_scripts_only(realsense2_description)
[21.734s] Level 1:colcon.colcon_core.environment:checking '/home/aman/catalyst-manipulation/install/realsense2_description' for CMake module files
[21.736s] DEBUG:colcon.colcon_core.event_handler.log_command:Invoked command in '/home/aman/catalyst-manipulation/build/realsense2_description' returned '0': AMENT_PREFIX_PATH=/home/aman/catalyst-manipulation/install/realsense2_camera_msgs:${AMENT_PREFIX_PATH} CMAKE_PREFIX_PATH=/home/aman/catalyst-manipulation/install/realsense2_camera_msgs:/opt/ros/humble LD_LIBRARY_PATH=/home/aman/catalyst-manipulation/install/realsense2_camera_msgs/lib:${LD_LIBRARY_PATH} PYTHONPATH=/home/aman/catalyst-manipulation/install/realsense2_camera_msgs/local/lib/python3.10/dist-packages:${PYTHONPATH} /usr/bin/cmake --install /home/aman/catalyst-manipulation/build/realsense2_description
[21.736s] Level 1:colcon.colcon_core.environment:checking '/home/aman/catalyst-manipulation/install/realsense2_description' for CMake config files
[21.737s] Level 1:colcon.colcon_core.shell:create_environment_hook('realsense2_description', 'cmake_prefix_path')
[21.737s] INFO:colcon.colcon_core.shell:Creating environment hook '/home/aman/catalyst-manipulation/install/realsense2_description/share/realsense2_description/hook/cmake_prefix_path.ps1'
[21.738s] INFO:colcon.colcon_core.shell:Creating environment descriptor '/home/aman/catalyst-manipulation/install/realsense2_description/share/realsense2_description/hook/cmake_prefix_path.dsv'
[21.738s] INFO:colcon.colcon_core.shell:Creating environment hook '/home/aman/catalyst-manipulation/install/realsense2_description/share/realsense2_description/hook/cmake_prefix_path.sh'
[21.739s] Level 1:colcon.colcon_core.environment:checking '/home/aman/catalyst-manipulation/install/realsense2_description/bin'
[21.739s] Level 1:colcon.colcon_core.environment:checking '/home/aman/catalyst-manipulation/install/realsense2_description/lib/pkgconfig/realsense2_description.pc'
[21.739s] Level 1:colcon.colcon_core.environment:checking '/home/aman/catalyst-manipulation/install/realsense2_description/lib/python3.10/site-packages'
[21.740s] Level 1:colcon.colcon_core.environment:checking '/home/aman/catalyst-manipulation/install/realsense2_description/bin'
[21.740s] INFO:colcon.colcon_core.shell:Creating package script '/home/aman/catalyst-manipulation/install/realsense2_description/share/realsense2_description/package.ps1'
[21.741s] INFO:colcon.colcon_core.shell:Creating package descriptor '/home/aman/catalyst-manipulation/install/realsense2_description/share/realsense2_description/package.dsv'
[21.742s] INFO:colcon.colcon_core.shell:Creating package script '/home/aman/catalyst-manipulation/install/realsense2_description/share/realsense2_description/package.sh'
[21.742s] INFO:colcon.colcon_core.shell:Creating package script '/home/aman/catalyst-manipulation/install/realsense2_description/share/realsense2_description/package.bash'
[21.743s] INFO:colcon.colcon_core.shell:Creating package script '/home/aman/catalyst-manipulation/install/realsense2_description/share/realsense2_description/package.zsh'
[21.743s] Level 1:colcon.colcon_core.environment:create_file_with_runtime_dependencies(/home/aman/catalyst-manipulation/install/realsense2_description/share/colcon-core/packages/realsense2_description)
[21.744s] Level 1:colcon.colcon_core.environment:create_environment_scripts_only(realsense2_description)
[21.745s] Level 1:colcon.colcon_core.environment:checking '/home/aman/catalyst-manipulation/install/realsense2_description' for CMake module files
[21.746s] Level 1:colcon.colcon_core.environment:checking '/home/aman/catalyst-manipulation/install/realsense2_description' for CMake config files
[21.746s] Level 1:colcon.colcon_core.shell:create_environment_hook('realsense2_description', 'cmake_prefix_path')
[21.746s] INFO:colcon.colcon_core.shell:Creating environment hook '/home/aman/catalyst-manipulation/install/realsense2_description/share/realsense2_description/hook/cmake_prefix_path.ps1'
[21.747s] INFO:colcon.colcon_core.shell:Creating environment descriptor '/home/aman/catalyst-manipulation/install/realsense2_description/share/realsense2_description/hook/cmake_prefix_path.dsv'
[21.748s] INFO:colcon.colcon_core.shell:Creating environment hook '/home/aman/catalyst-manipulation/install/realsense2_description/share/realsense2_description/hook/cmake_prefix_path.sh'
[21.749s] Level 1:colcon.colcon_core.environment:checking '/home/aman/catalyst-manipulation/install/realsense2_description/bin'
[21.749s] Level 1:colcon.colcon_core.environment:checking '/home/aman/catalyst-manipulation/install/realsense2_description/lib/pkgconfig/realsense2_description.pc'
[21.749s] Level 1:colcon.colcon_core.environment:checking '/home/aman/catalyst-manipulation/install/realsense2_description/lib/python3.10/site-packages'
[21.750s] Level 1:colcon.colcon_core.environment:checking '/home/aman/catalyst-manipulation/install/realsense2_description/bin'
[21.750s] INFO:colcon.colcon_core.shell:Creating package script '/home/aman/catalyst-manipulation/install/realsense2_description/share/realsense2_description/package.ps1'
[21.751s] INFO:colcon.colcon_core.shell:Creating package descriptor '/home/aman/catalyst-manipulation/install/realsense2_description/share/realsense2_description/package.dsv'
[21.753s] INFO:colcon.colcon_core.shell:Creating package script '/home/aman/catalyst-manipulation/install/realsense2_description/share/realsense2_description/package.sh'
[21.754s] INFO:colcon.colcon_core.shell:Creating package script '/home/aman/catalyst-manipulation/install/realsense2_description/share/realsense2_description/package.bash'
[21.755s] INFO:colcon.colcon_core.shell:Creating package script '/home/aman/catalyst-manipulation/install/realsense2_description/share/realsense2_description/package.zsh'
[21.755s] Level 1:colcon.colcon_core.environment:create_file_with_runtime_dependencies(/home/aman/catalyst-manipulation/install/realsense2_description/share/colcon-core/packages/realsense2_description)
